parada_id,equipo_id,fecha,hora_inicio_aprox,duracion_horas,tipo_parada,causa,costo_estimado_soles
PAR-001518,PN-EQ-05,2024-07-21,01:00:00,8.5,Preventiva,Mantenimiento programado (plan anual),8271.0
PAR-001890,PN-EQ-05,2027-11-29,15:00:00,4.7,Preventiva,Mantenimiento programado (plan anual),8733.0
PAR-000180,PN-EQ-01,2025-12-07,14:00:00,8.5,Preventiva,Mantenimiento programado (plan anual),18203.0
PAR-000501,PN-EQ-02,2025-07-20,18:00:00,0.9,Operativa,Corte de energía externo,444.0
PAR-000025,PN-EQ-01,2024-04-04,15:00:00,4.6,Correctiva,Falla mecánica - desgaste de componente,5492.0
PAR-003252,PN-EQ-10,2024-05-16,00:00:00,20.0,Correctiva,Rotura de faja/correa,32202.0
PAR-000394,PN-EQ-02,2024-06-14,06:00:00,6.4,Preventiva,Mantenimiento programado (plan anual),5658.0
PAR-003531,PN-EQ-10,2026-08-05,03:00:00,5.8,Correctiva,Falla eléctrica - motor/tablero,6663.0
PAR-000546,PN-EQ-02,2026-01-06,01:00:00,2.3,Operativa,Condiciones climáticas adversas,1318.0
PAR-002747,PN-EQ-08,2026-03-19,16:00:00,2.5,Operativa,Indeterminado,1019.0
PAR-002983,PN-EQ-09,2024-11-07,05:00:00,4.3,Preventiva,Mantenimiento programado (plan anual),9062.0
PAR-001156,PN-EQ-04,2025-03-30,06:00:00,9.3,Correctiva,Falla eléctrica - motor/tablero,12550.0
PAR-002302,PN-EQ-07,2024-07-15,03:00:00,1.5,Correctiva,Falla eléctrica - motor/tablero,2277.0
PAR-002039,PN-EQ-06,2025-07-13,05:00:00,2.0,Operativa,Espera de insumos (reactivos/bolas de molienda),
PAR-003666,PN-EQ-10,2027-10-22,02:00:00,1.5,Operativa,Falta de mineral en cancha,899.0
PAR-001222,PN-EQ-04,2025-10-11,15:00:00,1.6,Correctiva,Falla mecánica - desgaste de componente,2212.0
PAR-003078,PN-EQ-09,2026-03-16,07:00:00,2.0,Operativa,Corte de energía externo,530.0
PAR-001887,PN-EQ-05,2027-11-09,13:00:00,8.6,Preventiva,Mantenimiento programado (plan anual),9209.0
PAR-001142,PN-EQ-04,2025-03-04,07:00:00,2.0,Operativa,Falta de mineral en cancha,572.0
PAR-002275,PN-EQ-07,2024-02-20,11:00:00,7.8,Correctiva,Falla mecánica - desgaste de componente,
PAR-000152,PN-EQ-01,2025-08-18,13:00:00,6.2,Correctiva,Atoro de mineral / obstrucción,12440.0
PAR-003509,PN-EQ-10,2026-06-09,13:00:00,2.0,Operativa,Condiciones climáticas adversas,816.0
PAR-003216,PN-EQ-10,2024-01-09,04:00:00,1.3,Operativa,Falta de mineral en cancha,
PAR-001632,PN-EQ-05,2025-08-03,11:00:00,4.7,Preventiva,Indeterminado,9678.0
PAR-001153,PN-EQ-04,2025-03-28,17:00:00,4.2,Preventiva,Mantenimiento programado (plan anual),4708.0
PAR-000115,PN-EQ-01,2025-03-10,22:00:00,0.5,Correctiva,Falla eléctrica - motor/tablero,464.0
PAR-001963,PN-EQ-06,2024-09-17,17:00:00,4.1,Preventiva,Mantenimiento programado (plan anual),8760.0
PAR-002927,PN-EQ-09,2024-02-20,07:00:00,6.7,Preventiva,Mantenimiento programado (plan anual),10190.0
PAR-002138,PN-EQ-06,2026-07-28,13:00:00,7.3,Correctiva,Falla eléctrica - motor/tablero,7659.0
PAR-000854,PN-EQ-03,2026-01-02,11:00:00,6.8,Correctiva,Atoro de mineral / obstrucción,9388.0
PAR-000121,PN-EQ-01,2025-03-30,07:00:00,8.9,Correctiva,Atoro de mineral / obstrucción,14775.0
PAR-000486,PN-EQ-02,2025-05-28,03:00:00,12.9,Correctiva,Falla mecánica - desgaste de componente,11224.0
PAR-003300,PN-EQ-10,2024-10-01,02:00:00,20.0,Correctiva,Falla eléctrica - motor/tablero,41685.0
PAR-002929,PN-EQ-09,2024-03-03,08:00:00,10.4,Correctiva,Rotura de faja/correa,19323.0
PAR-000266,PN-EQ-01,2027-01-03,00:00:00,7.5,Preventiva,Mantenimiento programado (plan anual),7291.0
PAR-001853,PN-EQ-05,2027-08-27,09:00:00,13.1,Correctiva,Rotura de faja/correa,28279.0
PAR-001378,PN-EQ-04,2027-04-08,09:00:00,4.4,Preventiva,Mantenimiento programado (plan anual),8712.0
PAR-000693,PN-EQ-02,2027-09-06,02:00:00,8.8,Preventiva,Mantenimiento programado (plan anual),19357.0
PAR-001539,PN-EQ-05,2024-10-04,13:00:00,4.4,Preventiva,Mantenimiento programado (plan anual),7303.0
PAR-001187,PN-EQ-04,2025-07-20,01:00:00,19.2,Correctiva,Falla mecánica - desgaste de componente,31152.0
PAR-002292,PN-EQ-07,2024-05-14,11:00:00,1.9,Operativa,Corte de energía externo,442.0
PAR-001464,PN-EQ-05,2024-01-10,01:00:00,20.0,Correctiva,Falla eléctrica - motor/tablero,28856.0
PAR-000234,PN-EQ-01,2026-07-13,06:00:00,10.1,Correctiva,Indeterminado,19426.0
PAR-002003,PN-EQ-06,2025-02-20,13:00:00,1.6,Correctiva,Falla eléctrica - motor/tablero,1536.0
PAR-001707,PN-EQ-05,2026-04-26,01:00:00,20.0,Correctiva,Indeterminado,38342.0
PAR-002035,PN-EQ-06,2025-06-16,11:00:00,2.5,Operativa,Corte de energía externo,1078.0
PAR-001575,PN-EQ-05,2025-02-16,09:00:00,0.7,Correctiva,Atoro de mineral / obstrucción,1225.0
PAR-002460,PN-EQ-07,2026-10-14,00:00:00,0.5,Operativa,Espera de insumos (reactivos/bolas de molienda),231.0
PAR-000104,PN-EQ-01,2025-01-30,10:00:00,1.0,Correctiva,Rotura de faja/correa,961.0
PAR-001345,PN-EQ-04,2026-12-14,06:00:00,1.3,Operativa,Corte de energía externo,365.0
PAR-001915,PN-EQ-06,2024-03-17,00:00:00,6.1,Correctiva,Falla mecánica - desgaste de componente,6952.0
PAR-001691,PN-EQ-05,2026-03-17,00:00:00,8.6,Correctiva,Falla mecánica - desgaste de componente,14967.0
PAR-003591,PN-EQ-10,2027-01-31,15:00:00,1.9,Operativa,Espera de insumos (reactivos/bolas de molienda),761.0
PAR-002542,PN-EQ-07,2027-11-18,16:00:00,2.1,Operativa,Falta de mineral en cancha,850.0
PAR-001184,PN-EQ-04,2025-07-03,03:00:00,5.8,Correctiva,Falla mecánica - desgaste de componente,8571.0
PAR-002376,PN-EQ-07,2025-08-25,18:00:00,2.1,Operativa,Falta de mineral en cancha,1026.0
PAR-003176,PN-EQ-09,2027-06-29,04:00:00,1.7,Operativa,Condiciones climáticas adversas,485.0
PAR-002082,PN-EQ-06,2026-01-13,15:00:00,4.0,Correctiva,Rotura de faja/correa,3350.0
PAR-000810,PN-EQ-03,2025-05-01,18:00:00,2.7,Operativa,Falta de mineral en cancha,
PAR-002790,PN-EQ-08,2026-08-26,13:00:00,2.3,Correctiva,Falla de lubricación,3306.0
PAR-003397,PN-EQ-10,2025-07-11,04:00:00,16.9,Correctiva,Atoro de mineral / obstrucción,15767.0
PAR-000945,PN-EQ-03,2027-02-14,07:00:00,5.4,Correctiva,Falla eléctrica - motor/tablero,7754.0
PAR-001105,PN-EQ-04,2024-11-22,00:00:00,20.0,Correctiva,Falla eléctrica - motor/tablero,17640.0
PAR-001717,PN-EQ-05,2026-05-27,12:00:00,2.3,Operativa,Condiciones climáticas adversas,767.0
PAR-002386,PN-EQ-07,2025-10-21,16:00:00,1.4,Operativa,Espera de insumos (reactivos/bolas de molienda),559.0
PAR-001168,PN-EQ-04,2025-05-06,01:00:00,5.3,Correctiva,Rotura de faja/correa,8351.0
PAR-000596,PN-EQ-02,2026-07-29,14:00:00,0.7,Correctiva,Indeterminado,1160.0
PAR-001623,PN-EQ-05,2025-07-07,07:00:00,3.8,Correctiva,Rotura de faja/correa,5873.0
PAR-001554,PN-EQ-05,2024-11-14,14:00:00,8.9,Preventiva,Mantenimiento programado (plan anual),9746.0
PAR-000928,PN-EQ-03,2026-11-19,07:00:00,2.4,Operativa,Indeterminado,686.0
PAR-001237,PN-EQ-04,2025-12-07,06:00:00,8.2,Correctiva,Falla eléctrica - motor/tablero,7320.0
PAR-002393,PN-EQ-07,2025-12-14,12:00:00,1.3,Operativa,Condiciones climáticas adversas,577.0
PAR-002752,PN-EQ-08,2026-04-06,02:00:00,0.5,Correctiva,Indeterminado,561.0
PAR-000133,PN-EQ-01,2025-05-28,05:00:00,2.0,Correctiva,Falla eléctrica - motor/tablero,2885.0
PAR-001966,PN-EQ-06,2024-09-27,01:00:00,10.1,Correctiva,Falla eléctrica - motor/tablero,8541.0
PAR-000812,PN-EQ-03,2025-05-09,18:00:00,3.1,Correctiva,Indeterminado,6270.0
PAR-000295,PN-EQ-01,2027-05-16,04:00:00,10.3,Correctiva,Falla mecánica - desgaste de componente,14908.0
PAR-003183,PN-EQ-09,2027-07-21,02:00:00,2.5,Operativa,Espera de insumos (reactivos/bolas de molienda),1445.0
PAR-000883,PN-EQ-03,2026-05-18,09:00:00,7.8,Preventiva,Mantenimiento programado (plan anual),10539.0
PAR-002100,PN-EQ-06,2026-03-17,14:00:00,5.5,Correctiva,Falla eléctrica - motor/tablero,5545.0
PAR-001994,PN-EQ-06,2025-01-02,09:00:00,2.8,Operativa,Falta de mineral en cancha,642.0
PAR-002307,PN-EQ-07,2024-07-26,07:00:00,1.3,Operativa,Condiciones climáticas adversas,654.0
PAR-002592,PN-EQ-08,2024-07-13,01:00:00,20.0,Correctiva,Atoro de mineral / obstrucción,30644.0
PAR-000754,PN-EQ-03,2024-06-23,05:00:00,10.3,Correctiva,Falla mecánica - desgaste de componente,22354.0
PAR-002905,PN-EQ-08,2027-12-01,06:00:00,1.0,Operativa,Espera de insumos (reactivos/bolas de molienda),321.0
PAR-002687,PN-EQ-08,2025-08-18,09:00:00,1.8,Correctiva,Falla eléctrica - motor/tablero,3323.0
PAR-000084,PN-EQ-01,2024-12-01,14:00:00,8.8,Preventiva,Mantenimiento programado (plan anual),15651.0
PAR-003556,PN-EQ-10,2026-10-20,15:00:00,4.1,Correctiva,Atoro de mineral / obstrucción,6009.0
PAR-000926,PN-EQ-03,2026-11-16,03:00:00,6.0,Preventiva,Mantenimiento programado (plan anual),9080.0
PAR-000338,PN-EQ-01,2027-10-21,17:00:00,2.7,Operativa,Condiciones climáticas adversas,1377.0
PAR-003516,PN-EQ-10,2026-06-16,04:00:00,4.2,Correctiva,Falla mecánica - desgaste de componente,7350.0
PAR-003411,PN-EQ-10,2025-08-26,04:00:00,6.7,Preventiva,Mantenimiento programado (plan anual),10172.0
PAR-002208,PN-EQ-06,2027-04-10,01:00:00,7.3,Preventiva,Mantenimiento programado (plan anual),8707.0
PAR-003431,PN-EQ-10,2025-11-09,01:00:00,17.5,Correctiva,Rotura de faja/correa,25717.0
PAR-002182,PN-EQ-06,2026-12-22,02:00:00,6.5,Preventiva,Mantenimiento programado (plan anual),9247.0
PAR-002104,PN-EQ-06,2026-03-28,12:00:00,0.5,Correctiva,Atoro de mineral / obstrucción,949.0
PAR-001602,PN-EQ-05,2025-05-03,09:00:00,0.9,Operativa,Falta de mineral en cancha,376.0
PAR-001460,PN-EQ-04,2027-12-20,06:00:00,1.1,Operativa,Condiciones climáticas adversas,473.0
PAR-000610,PN-EQ-02,2026-10-04,10:00:00,7.5,Preventiva,Mantenimiento programado (plan anual),14417.0
PAR-001365,PN-EQ-04,2027-02-15,03:00:00,7.8,Correctiva,Atoro de mineral / obstrucción,6588.0
PAR-003629,PN-EQ-10,2027-06-26,03:00:00,18.5,Correctiva,Falla eléctrica - motor/tablero,31039.0
PAR-003655,PN-EQ-10,2027-09-10,17:00:00,2.7,Operativa,Falta de mineral en cancha,
PAR-000179,PN-EQ-01,2025-12-05,19:00:00,3.6,Correctiva,Falla mecánica - desgaste de componente,3987.0
PAR-000923,PN-EQ-03,2026-11-02,11:00:00,5.6,Preventiva,Mantenimiento programado (plan anual),6874.0
PAR-001987,PN-EQ-06,2024-12-18,01:00:00,0.7,Operativa,Corte de energía externo,284.0
PAR-003142,PN-EQ-09,2027-01-26,15:00:00,6.2,Correctiva,Rotura de faja/correa,8351.0
PAR-001482,PN-EQ-05,2024-02-26,09:00:00,0.5,Correctiva,Rotura de faja/correa,426.0
PAR-000606,PN-EQ-02,2026-09-12,11:00:00,3.3,Correctiva,Falla eléctrica - motor/tablero,5812.0
PAR-003144,PN-EQ-09,2027-02-09,12:00:00,7.0,Correctiva,Falla mecánica - desgaste de componente,10968.0
PAR-000684,PN-EQ-02,2027-07-29,11:00:00,8.9,Preventiva,Mantenimiento programado (plan anual),10442.0
PAR-002636,PN-EQ-08,2025-01-19,09:00:00,8.6,Preventiva,Mantenimiento programado (plan anual),16790.0
PAR-000691,PN-EQ-02,2027-08-19,05:00:00,1.8,Operativa,Falta de mineral en cancha,695.0
PAR-001607,PN-EQ-05,2025-05-20,04:00:00,8.4,Correctiva,Falla de lubricación,7491.0
PAR-000292,PN-EQ-01,2027-05-11,06:00:00,3.7,Correctiva,Falla eléctrica - motor/tablero,7590.0
PAR-002824,PN-EQ-08,2027-01-12,11:00:00,5.3,Preventiva,Mantenimiento programado (plan anual),11368.0
PAR-002730,PN-EQ-08,2026-01-27,15:00:00,1.4,Operativa,Condiciones climáticas adversas,656.0
PAR-003590,PN-EQ-10,2027-01-31,03:00:00,8.9,Preventiva,Mantenimiento programado (plan anual),15062.0
PAR-002518,PN-EQ-07,2027-07-30,03:00:00,2.4,Operativa,Falta de mineral en cancha,982.0
PAR-002894,PN-EQ-08,2027-11-04,10:00:00,2.4,Correctiva,Falla de lubricación,3345.0
PAR-000893,PN-EQ-03,2026-06-22,07:00:00,4.9,Preventiva,Indeterminado,6890.0
PAR-002093,PN-EQ-06,2026-02-23,04:00:00,10.9,Correctiva,Falla de lubricación,14551.0
PAR-001082,PN-EQ-04,2024-09-21,08:00:00,4.5,Correctiva,Atoro de mineral / obstrucción,7084.0
PAR-001908,PN-EQ-06,2024-02-21,17:00:00,1.7,Correctiva,Falla eléctrica - motor/tablero,1601.0
PAR-003489,PN-EQ-10,2026-04-04,00:00:00,5.7,Correctiva,Atoro de mineral / obstrucción,7470.0
PAR-002411,PN-EQ-07,2026-03-09,16:00:00,6.2,Correctiva,Falla de lubricación,5130.0
PAR-000495,PN-EQ-02,2025-07-03,04:00:00,8.4,Preventiva,Mantenimiento programado (plan anual),18407.0
PAR-000697,PN-EQ-02,2027-09-25,06:00:00,12.9,Correctiva,Rotura de faja/correa,27667.0
PAR-001398,PN-EQ-04,2027-06-10,06:00:00,6.9,Correctiva,Rotura de faja/correa,8291.0
PAR-003653,PN-EQ-10,2027-09-07,01:00:00,10.2,Correctiva,Falla eléctrica - motor/tablero,16023.0
PAR-002872,PN-EQ-08,2027-08-09,21:00:00,1.2,Correctiva,Rotura de faja/correa,1974.0
PAR-002270,PN-EQ-07,2024-01-14,03:00:00,5.4,Preventiva,Mantenimiento programado (plan anual),5221.0
PAR-000175,PN-EQ-01,2025-11-16,03:00:00,20.0,Correctiva,Rotura de faja/correa,28635.0
PAR-003024,PN-EQ-09,2025-06-09,02:00:00,0.8,Operativa,Condiciones climáticas adversas,336.0
PAR-003315,PN-EQ-10,2024-11-15,06:00:00,1.1,Operativa,Espera de insumos (reactivos/bolas de molienda),304.0
PAR-003240,PN-EQ-10,2024-04-09,00:00:00,20.0,Correctiva,Falla mecánica - desgaste de componente,29440.0
PAR-000664,PN-EQ-02,2027-03-30,10:00:00,8.8,Preventiva,Mantenimiento programado (plan anual),15763.0
PAR-002724,PN-EQ-08,2025-12-31,12:00:00,2.8,Operativa,Espera de insumos (reactivos/bolas de molienda),1108.0
PAR-000376,PN-EQ-02,2024-04-13,07:00:00,7.8,Preventiva,Mantenimiento programado (plan anual),8593.0
PAR-002387,PN-EQ-07,2025-10-31,10:00:00,5.4,Preventiva,Mantenimiento programado (plan anual),4557.0
PAR-002204,PN-EQ-06,2027-03-28,18:00:00,2.8,Operativa,Falta de mineral en cancha,1309.0
PAR-002823,PN-EQ-08,2027-01-11,12:00:00,5.2,Correctiva,Falla de lubricación,5816.0
PAR-001144,PN-EQ-04,2025-03-07,17:00:00,0.7,Correctiva,Falla de lubricación,1430.0
PAR-000706,PN-EQ-02,2027-10-29,17:00:00,1.1,Correctiva,Falla eléctrica - motor/tablero,2262.0
PAR-000013,PN-EQ-01,2024-03-10,08:00:00,5.7,Correctiva,Atoro de mineral / obstrucción,5102.0
PAR-001379,PN-EQ-04,2027-04-11,00:00:00,13.5,Correctiva,Falla mecánica - desgaste de componente,26035.0
PAR-002868,PN-EQ-08,2027-08-04,15:00:00,4.1,Preventiva,Mantenimiento programado (plan anual),5782.0
PAR-000582,PN-EQ-02,2026-06-12,09:00:00,1.2,Correctiva,Indeterminado,1274.0
PAR-001078,PN-EQ-04,2024-09-08,08:00:00,2.8,Correctiva,Falla eléctrica - motor/tablero,2857.0
PAR-003220,PN-EQ-10,2024-01-25,09:00:00,11.0,Correctiva,Falla mecánica - desgaste de componente,20765.0
PAR-003614,PN-EQ-10,2027-05-03,09:00:00,4.9,Preventiva,Mantenimiento programado (plan anual),10034.0
PAR-000047,PN-EQ-01,2024-07-08,10:00:00,8.0,Preventiva,Mantenimiento programado (plan anual),8409.0
PAR-003492,PN-EQ-10,2026-04-17,17:00:00,5.0,Correctiva,Falla mecánica - desgaste de componente,6883.0
PAR-003438,PN-EQ-10,2025-11-25,13:00:00,4.0,Correctiva,Falla eléctrica - motor/tablero,7257.0
PAR-001195,PN-EQ-04,2025-08-10,20:00:00,1.9,Operativa,Falta de mineral en cancha,574.0
PAR-001949,PN-EQ-06,2024-07-30,04:00:00,13.4,Correctiva,Falla mecánica - desgaste de componente,24716.0
PAR-003588,PN-EQ-10,2027-01-18,13:00:00,2.4,Operativa,Corte de energía externo,975.0
PAR-003405,PN-EQ-10,2025-08-03,06:00:00,11.2,Correctiva,Atoro de mineral / obstrucción,16582.0
PAR-003595,PN-EQ-10,2027-02-22,01:00:00,8.8,Correctiva,Atoro de mineral / obstrucción,11232.0
PAR-002701,PN-EQ-08,2025-10-01,03:00:00,2.6,Operativa,Espera de insumos (reactivos/bolas de molienda),1310.0
PAR-002137,PN-EQ-06,2026-07-21,09:00:00,3.0,Operativa,Espera de insumos (reactivos/bolas de molienda),1525.0
PAR-001466,PN-EQ-05,2024-01-14,03:00:00,20.0,Correctiva,Falla eléctrica - motor/tablero,22284.0
PAR-000498,PN-EQ-02,2025-07-18,11:00:00,4.1,Preventiva,Indeterminado,5992.0
PAR-002384,PN-EQ-07,2025-10-17,00:00:00,7.7,Preventiva,Mantenimiento programado (plan anual),13191.0
PAR-000808,PN-EQ-03,2025-04-28,00:00:00,6.0,Preventiva,Mantenimiento programado (plan anual),7038.0
PAR-000003,PN-EQ-01,2024-01-19,05:00:00,3.9,Correctiva,Falla eléctrica - motor/tablero,8025.0
PAR-000488,PN-EQ-02,2025-06-05,06:00:00,1.7,Operativa,Corte de energía externo,960.0
PAR-002451,PN-EQ-07,2026-09-04,09:00:00,2.6,Operativa,Corte de energía externo,1001.0
PAR-000077,PN-EQ-01,2024-11-05,16:00:00,2.6,Operativa,Condiciones climáticas adversas,1138.0
PAR-003450,PN-EQ-10,2025-12-29,18:00:00,1.2,Operativa,Espera de insumos (reactivos/bolas de molienda),571.0
PAR-000603,PN-EQ-02,2026-08-30,05:00:00,4.9,Preventiva,Mantenimiento programado (plan anual),9891.0
PAR-001261,PN-EQ-04,2026-02-22,05:00:00,4.6,Correctiva,Falla eléctrica - motor/tablero,3766.0
PAR-002766,PN-EQ-08,2026-05-29,00:00:00,2.1,Operativa,Falta de mineral en cancha,1046.0
PAR-002135,PN-EQ-06,2026-07-11,05:00:00,9.6,Correctiva,Rotura de faja/correa,16793.0
PAR-002466,PN-EQ-07,2026-11-15,10:00:00,0.5,Correctiva,Rotura de faja/correa,680.0
PAR-002381,PN-EQ-07,2025-09-28,12:00:00,3.4,Correctiva,Falla mecánica - desgaste de componente,3316.0
PAR-000929,PN-EQ-03,2026-11-28,19:00:00,0.5,Correctiva,Atoro de mineral / obstrucción,942.0
PAR-003640,PN-EQ-10,2027-07-22,01:00:00,18.1,Correctiva,Falla de lubricación,36092.0
PAR-002618,PN-EQ-08,2024-11-01,02:00:00,7.4,Preventiva,Mantenimiento programado (plan anual),9638.0
PAR-003598,PN-EQ-10,2027-03-09,02:00:00,20.0,Correctiva,Falla de lubricación,38936.0
PAR-002954,PN-EQ-09,2024-06-09,09:00:00,0.5,Correctiva,Falla eléctrica - motor/tablero,750.0
PAR-000289,PN-EQ-01,2027-04-16,00:00:00,1.4,Operativa,Corte de energía externo,683.0
PAR-003115,PN-EQ-09,2026-10-03,04:00:00,1.0,Operativa,Falta de mineral en cancha,522.0
PAR-001888,PN-EQ-05,2027-11-13,14:00:00,5.2,Correctiva,Falla de lubricación,4228.0
PAR-000753,PN-EQ-03,2024-06-13,12:00:00,2.3,Operativa,Condiciones climáticas adversas,675.0
PAR-001695,PN-EQ-05,2026-03-26,14:00:00,6.1,Correctiva,Falla mecánica - desgaste de componente,8893.0
PAR-000796,PN-EQ-03,2025-02-20,07:00:00,6.6,Preventiva,Mantenimiento programado (plan anual),14027.0
PAR-003552,PN-EQ-10,2026-10-06,04:00:00,8.1,Preventiva,Mantenimiento programado (plan anual),17430.0
PAR-002347,PN-EQ-07,2025-02-27,00:00:00,6.7,Preventiva,Mantenimiento programado (plan anual),8336.0
PAR-000730,PN-EQ-03,2024-02-20,16:00:00,2.8,Operativa,Condiciones climáticas adversas,1104.0
PAR-003400,PN-EQ-10,2025-07-22,06:00:00,1.6,Operativa,Espera de insumos (reactivos/bolas de molienda),476.0
PAR-001191,PN-EQ-04,2025-07-30,16:00:00,3.8,Correctiva,Atoro de mineral / obstrucción,
PAR-002263,PN-EQ-06,2027-11-30,07:00:00,13.8,Correctiva,Falla eléctrica - motor/tablero,17791.0
PAR-000843,PN-EQ-03,2025-11-10,15:00:00,2.9,Correctiva,Falla eléctrica - motor/tablero,4820.0
PAR-002321,PN-EQ-07,2024-10-22,19:00:00,2.1,Operativa,Condiciones climáticas adversas,826.0
PAR-003243,PN-EQ-10,2024-04-18,07:00:00,8.0,Preventiva,Mantenimiento programado (plan anual),12792.0
PAR-001066,PN-EQ-04,2024-07-18,00:00:00,8.1,Correctiva,Atoro de mineral / obstrucción,16543.0
PAR-003100,PN-EQ-09,2026-07-18,04:00:00,9.8,Correctiva,Falla eléctrica - motor/tablero,13901.0
PAR-002201,PN-EQ-06,2027-03-10,15:00:00,0.5,Correctiva,Falla de lubricación,911.0
PAR-002014,PN-EQ-06,2025-04-10,03:00:00,4.0,Correctiva,Falla eléctrica - motor/tablero,3870.0
PAR-002957,PN-EQ-09,2024-07-04,03:00:00,0.9,Operativa,Espera de insumos (reactivos/bolas de molienda),402.0
PAR-001388,PN-EQ-04,2027-05-12,06:00:00,8.8,Correctiva,Falla eléctrica - motor/tablero,16076.0
PAR-000348,PN-EQ-01,2027-12-01,05:00:00,3.9,Correctiva,Atoro de mineral / obstrucción,5813.0
PAR-002855,PN-EQ-08,2027-06-12,01:00:00,4.3,Preventiva,Mantenimiento programado (plan anual),9134.0
PAR-001024,PN-EQ-04,2024-02-20,03:00:00,13.2,Correctiva,Atoro de mineral / obstrucción,26585.0
PAR-002890,PN-EQ-08,2027-10-19,04:00:00,2.4,Operativa,Falta de mineral en cancha,692.0
PAR-003270,PN-EQ-10,2024-07-12,12:00:00,1.0,Correctiva,Falla mecánica - desgaste de componente,1367.0
PAR-001128,PN-EQ-04,2025-02-09,04:00:00,18.3,Correctiva,Atoro de mineral / obstrucción,37815.0
PAR-001278,PN-EQ-04,2026-04-28,14:00:00,0.7,Operativa,Condiciones climáticas adversas,180.0
PAR-003282,PN-EQ-10,2024-08-11,02:00:00,4.2,Correctiva,Falla de lubricación,3366.0
PAR-000290,PN-EQ-01,2027-05-01,05:00:00,6.1,Preventiva,Mantenimiento programado (plan anual),11888.0
PAR-000086,PN-EQ-01,2024-12-10,20:00:00,0.7,Operativa,Corte de energía externo,181.0
PAR-003112,PN-EQ-09,2026-09-24,03:00:00,1.3,Operativa,Espera de insumos (reactivos/bolas de molienda),417.0
PAR-002916,PN-EQ-09,2024-01-06,05:00:00,1.0,Operativa,Corte de energía externo,359.0
PAR-001474,PN-EQ-05,2024-02-03,05:00:00,1.2,Operativa,Condiciones climáticas adversas,288.0
PAR-000413,PN-EQ-02,2024-08-24,00:00:00,20.0,Correctiva,Falla eléctrica - motor/tablero,35583.0
PAR-002132,PN-EQ-06,2026-07-06,02:00:00,16.7,Correctiva,Falla de lubricación,33291.0
PAR-002101,PN-EQ-06,2026-03-19,01:00:00,11.2,Correctiva,Falla mecánica - desgaste de componente,11929.0
PAR-002656,PN-EQ-08,2025-04-20,13:00:00,3.0,Operativa,Falta de mineral en cancha,1729.0
PAR-002900,PN-EQ-08,2027-11-22,12:00:00,3.0,Correctiva,Falla mecánica - desgaste de componente,3468.0
PAR-003646,PN-EQ-10,2027-08-10,10:00:00,7.7,Preventiva,Mantenimiento programado (plan anual),8869.0
PAR-000663,PN-EQ-02,2027-03-29,18:00:00,0.5,Correctiva,Atoro de mineral / obstrucción,761.0
PAR-003045,PN-EQ-09,2025-09-11,11:00:00,7.3,Preventiva,Mantenimiento programado (plan anual),9086.0
PAR-003285,PN-EQ-10,2024-08-18,05:00:00,0.6,Operativa,Falta de mineral en cancha,265.0
PAR-000127,PN-EQ-01,2025-05-01,06:00:00,13.2,Correctiva,Falla mecánica - desgaste de componente,22604.0
PAR-003423,PN-EQ-10,2025-10-18,07:00:00,15.9,Correctiva,Falla eléctrica - motor/tablero,20131.0
PAR-003457,PN-EQ-10,2026-01-15,00:00:00,9.1,Correctiva,Atoro de mineral / obstrucción,17652.0
PAR-000807,PN-EQ-03,2025-04-20,02:00:00,0.6,Correctiva,Rotura de faja/correa,812.0
PAR-003402,PN-EQ-10,2025-07-24,21:00:00,2.0,Operativa,Condiciones climáticas adversas,858.0
PAR-003161,PN-EQ-09,2027-04-27,05:00:00,1.3,Correctiva,Falla eléctrica - motor/tablero,1223.0
PAR-000955,PN-EQ-03,2027-04-26,12:00:00,0.5,Correctiva,Rotura de faja/correa,
PAR-003359,PN-EQ-10,2025-03-29,03:00:00,4.7,Preventiva,Indeterminado,5203.0
PAR-000243,PN-EQ-01,2026-09-16,03:00:00,1.4,Operativa,Corte de energía externo,586.0
PAR-001271,PN-EQ-04,2026-03-23,16:00:00,1.0,Correctiva,Atoro de mineral / obstrucción,1534.0
PAR-003214,PN-EQ-10,2024-01-02,12:00:00,5.7,Correctiva,Falla eléctrica - motor/tablero,9476.0
PAR-002678,PN-EQ-08,2025-07-11,03:00:00,0.6,Operativa,Falta de mineral en cancha,266.0
PAR-002803,PN-EQ-08,2026-11-01,10:00:00,7.6,Correctiva,Rotura de faja/correa,10770.0
PAR-003425,PN-EQ-10,2025-10-25,02:00:00,20.0,Correctiva,Falla mecánica - desgaste de componente,21641.0
PAR-000615,PN-EQ-02,2026-10-29,21:00:00,1.6,Correctiva,Falla eléctrica - motor/tablero,2305.0
PAR-002657,PN-EQ-08,2025-04-24,05:00:00,7.5,Preventiva,Mantenimiento programado (plan anual),7993.0
PAR-001780,PN-EQ-05,2027-01-04,17:00:00,5.4,Preventiva,Mantenimiento programado (plan anual),5924.0
PAR-002119,PN-EQ-06,2026-05-30,18:00:00,2.3,Operativa,Indeterminado,1143.0
PAR-002921,PN-EQ-09,2024-01-19,06:00:00,1.2,Correctiva,Atoro de mineral / obstrucción,1019.0
PAR-001651,PN-EQ-05,2025-10-11,07:00:00,3.8,Correctiva,Indeterminado,4703.0
PAR-000987,PN-EQ-03,2027-08-28,11:00:00,6.2,Preventiva,Mantenimiento programado (plan anual),6574.0
PAR-002966,PN-EQ-09,2024-08-19,00:00:00,5.6,Correctiva,Falla eléctrica - motor/tablero,9931.0
PAR-001250,PN-EQ-04,2026-01-21,11:00:00,6.2,Preventiva,Mantenimiento programado (plan anual),9860.0
PAR-001402,PN-EQ-04,2027-06-26,19:00:00,1.4,Correctiva,Falla mecánica - desgaste de componente,3034.0
PAR-002995,PN-EQ-09,2025-02-12,05:00:00,2.0,Correctiva,Falla mecánica - desgaste de componente,4140.0
PAR-001070,PN-EQ-04,2024-07-29,15:00:00,7.6,Correctiva,Atoro de mineral / obstrucción,8967.0
PAR-001349,PN-EQ-04,2026-12-24,12:00:00,6.3,Preventiva,Mantenimiento programado (plan anual),13073.0
PAR-000627,PN-EQ-02,2026-12-14,15:00:00,1.9,Correctiva,Falla eléctrica - motor/tablero,
PAR-002733,PN-EQ-08,2026-02-03,01:00:00,9.8,Correctiva,Rotura de faja/correa,19415.0
PAR-000696,PN-EQ-02,2027-09-16,01:00:00,20.0,Correctiva,Atoro de mineral / obstrucción,34599.0
PAR-003327,PN-EQ-10,2024-12-21,04:00:00,9.0,Correctiva,Falla eléctrica - motor/tablero,11584.0
PAR-000034,PN-EQ-01,2024-05-06,03:00:00,2.0,Correctiva,Atoro de mineral / obstrucción,4085.0
PAR-003649,PN-EQ-10,2027-08-23,15:00:00,2.1,Correctiva,Falla de lubricación,3244.0
PAR-003583,PN-EQ-10,2027-01-07,01:00:00,16.5,Correctiva,Falla de lubricación,18808.0
PAR-003487,PN-EQ-10,2026-03-28,02:00:00,20.0,Correctiva,Rotura de faja/correa,16814.0
PAR-002731,PN-EQ-08,2026-01-30,07:00:00,0.5,Correctiva,Falla eléctrica - motor/tablero,418.0
PAR-001310,PN-EQ-04,2026-08-04,02:00:00,20.0,Correctiva,Indeterminado,21015.0
PAR-003150,PN-EQ-09,2027-03-14,13:00:00,8.1,Preventiva,Mantenimiento programado (plan anual),
PAR-000622,PN-EQ-02,2026-11-26,04:00:00,2.0,Correctiva,Falla eléctrica - motor/tablero,2399.0
PAR-001103,PN-EQ-04,2024-11-15,02:00:00,13.0,Correctiva,Atoro de mineral / obstrucción,25924.0
PAR-002364,PN-EQ-07,2025-06-28,09:00:00,0.5,Correctiva,Falla eléctrica - motor/tablero,772.0
PAR-003258,PN-EQ-10,2024-06-06,00:00:00,20.0,Correctiva,Falla mecánica - desgaste de componente,36594.0
PAR-000037,PN-EQ-01,2024-05-24,10:00:00,11.3,Correctiva,Rotura de faja/correa,9534.0
PAR-003354,PN-EQ-10,2025-03-17,01:00:00,20.0,Correctiva,Atoro de mineral / obstrucción,36903.0
PAR-002686,PN-EQ-08,2025-08-17,01:00:00,1.8,Operativa,Falta de mineral en cancha,647.0
PAR-001327,PN-EQ-04,2026-10-05,16:00:00,2.8,Correctiva,Falla de lubricación,5694.0
PAR-002336,PN-EQ-07,2025-01-20,19:00:00,0.7,Operativa,Falta de mineral en cancha,221.0
PAR-001867,PN-EQ-05,2027-10-02,10:00:00,1.2,Operativa,Condiciones climáticas adversas,253.0
PAR-001765,PN-EQ-05,2026-11-07,05:00:00,13.9,Correctiva,Atoro de mineral / obstrucción,23673.0
PAR-003134,PN-EQ-09,2026-12-19,16:00:00,3.7,Correctiva,Atoro de mineral / obstrucción,
PAR-002910,PN-EQ-08,2027-12-08,07:00:00,7.3,Correctiva,Atoro de mineral / obstrucción,7387.0
PAR-001167,PN-EQ-04,2025-05-05,19:00:00,3.4,Correctiva,Atoro de mineral / obstrucción,7088.0
PAR-002358,PN-EQ-07,2025-05-21,18:00:00,1.7,Operativa,Condiciones climáticas adversas,
PAR-000758,PN-EQ-03,2024-07-16,05:00:00,14.4,Correctiva,Indeterminado,15605.0
PAR-003345,PN-EQ-10,2025-02-17,00:00:00,20.0,Correctiva,Indeterminado,19461.0
PAR-001770,PN-EQ-05,2026-11-23,13:00:00,8.5,Preventiva,Mantenimiento programado (plan anual),14194.0
PAR-001111,PN-EQ-04,2024-12-14,01:00:00,20.0,Correctiva,Rotura de faja/correa,31027.0
PAR-000257,PN-EQ-01,2026-12-01,11:00:00,2.7,Correctiva,Falla eléctrica - motor/tablero,5303.0
PAR-003145,PN-EQ-09,2027-02-11,02:00:00,1.1,Operativa,Falta de mineral en cancha,411.0
PAR-001950,PN-EQ-06,2024-08-08,02:00:00,7.2,Preventiva,Mantenimiento programado (plan anual),11897.0
PAR-002504,PN-EQ-07,2027-04-26,07:00:00,7.3,Correctiva,Rotura de faja/correa,12999.0
PAR-001330,PN-EQ-04,2026-10-15,04:00:00,5.4,Preventiva,Mantenimiento programado (plan anual),10630.0
PAR-000005,PN-EQ-01,2024-01-27,20:00:00,2.7,Operativa,Falta de mineral en cancha,1250.0
PAR-001273,PN-EQ-04,2026-03-31,11:00:00,5.5,Correctiva,Rotura de faja/correa,10680.0
PAR-002210,PN-EQ-06,2027-04-11,06:00:00,4.5,Correctiva,Atoro de mineral / obstrucción,6567.0
PAR-003296,PN-EQ-10,2024-09-26,03:00:00,19.5,Correctiva,Atoro de mineral / obstrucción,27891.0
PAR-000262,PN-EQ-01,2026-12-24,11:00:00,0.5,Correctiva,Falla eléctrica - motor/tablero,908.0
PAR-002382,PN-EQ-07,2025-10-04,00:00:00,14.4,Correctiva,Falla eléctrica - motor/tablero,12405.0
PAR-003330,PN-EQ-10,2024-12-25,04:00:00,7.7,Preventiva,Mantenimiento programado (plan anual),16368.0
PAR-003669,PN-EQ-10,2027-10-28,18:00:00,3.1,Correctiva,Atoro de mineral / obstrucción,2841.0
PAR-001423,PN-EQ-04,2027-09-09,13:00:00,7.4,Preventiva,Mantenimiento programado (plan anual),12656.0
PAR-000708,PN-EQ-02,2027-11-07,00:00:00,4.1,Correctiva,Falla de lubricación,
PAR-001710,PN-EQ-05,2026-05-06,09:00:00,1.0,Operativa,Espera de insumos (reactivos/bolas de molienda),278.0
PAR-002635,PN-EQ-08,2025-01-11,03:00:00,13.2,Correctiva,Atoro de mineral / obstrucción,21969.0
PAR-000459,PN-EQ-02,2025-01-29,14:00:00,8.7,Correctiva,Rotura de faja/correa,7230.0
PAR-003266,PN-EQ-10,2024-07-04,03:00:00,11.8,Correctiva,Falla mecánica - desgaste de componente,13947.0
PAR-003079,PN-EQ-09,2026-03-25,12:00:00,5.4,Preventiva,Mantenimiento programado (plan anual),7446.0
PAR-001616,PN-EQ-05,2025-06-17,04:00:00,0.9,Operativa,Corte de energía externo,504.0
PAR-000673,PN-EQ-02,2027-05-19,02:00:00,8.0,Preventiva,Mantenimiento programado (plan anual),
PAR-002213,PN-EQ-06,2027-04-18,02:00:00,1.0,Correctiva,Falla mecánica - desgaste de componente,1905.0
PAR-002287,PN-EQ-07,2024-04-12,19:00:00,1.9,Operativa,Espera de insumos (reactivos/bolas de molienda),677.0
PAR-002746,PN-EQ-08,2026-03-16,14:00:00,0.5,Correctiva,Falla eléctrica - motor/tablero,858.0
PAR-002840,PN-EQ-08,2027-04-26,03:00:00,0.5,Correctiva,Rotura de faja/correa,526.0
PAR-001296,PN-EQ-04,2026-06-20,12:00:00,5.6,Correctiva,Rotura de faja/correa,9638.0
PAR-002844,PN-EQ-08,2027-05-09,00:00:00,1.6,Operativa,Espera de insumos (reactivos/bolas de molienda),698.0
PAR-002838,PN-EQ-08,2027-04-10,06:00:00,0.7,Correctiva,Falla eléctrica - motor/tablero,1507.0
PAR-001322,PN-EQ-04,2026-09-21,07:00:00,8.0,Correctiva,Rotura de faja/correa,16262.0
PAR-000099,PN-EQ-01,2025-01-22,03:00:00,5.5,Preventiva,Mantenimiento programado (plan anual),7969.0
PAR-003424,PN-EQ-10,2025-10-20,04:00:00,1.0,Operativa,Corte de energía externo,299.0
PAR-000746,PN-EQ-03,2024-04-26,09:00:00,1.8,Operativa,Condiciones climáticas adversas,425.0
PAR-001188,PN-EQ-04,2025-07-22,04:00:00,2.7,Operativa,Indeterminado,1224.0
PAR-000002,PN-EQ-01,2024-01-15,06:00:00,4.7,Preventiva,Mantenimiento programado (plan anual),8429.0
PAR-002033,PN-EQ-06,2025-06-02,12:00:00,2.4,Operativa,Falta de mineral en cancha,1246.0
PAR-000112,PN-EQ-01,2025-02-24,17:00:00,0.9,Operativa,Espera de insumos (reactivos/bolas de molienda),205.0
PAR-003518,PN-EQ-10,2026-06-22,18:00:00,0.8,Operativa,Falta de mineral en cancha,372.0
PAR-000325,PN-EQ-01,2027-09-06,08:00:00,2.4,Operativa,Espera de insumos (reactivos/bolas de molienda),1367.0
PAR-001872,PN-EQ-05,2027-10-12,07:00:00,4.3,Correctiva,Falla mecánica - desgaste de componente,4625.0
PAR-003222,PN-EQ-10,2024-01-28,02:00:00,2.9,Operativa,Corte de energía externo,1306.0
PAR-001663,PN-EQ-05,2025-12-05,13:00:00,2.3,Operativa,Corte de energía externo,506.0
PAR-003084,PN-EQ-09,2026-04-20,10:00:00,12.9,Correctiva,Rotura de faja/correa,27692.0
PAR-000138,PN-EQ-01,2025-06-20,04:00:00,8.4,Preventiva,Mantenimiento programado (plan anual),15202.0
PAR-002672,PN-EQ-08,2025-06-22,06:00:00,12.9,Correctiva,Rotura de faja/correa,26766.0
PAR-000919,PN-EQ-03,2026-10-22,04:00:00,12.1,Correctiva,Rotura de faja/correa,13515.0
PAR-002408,PN-EQ-07,2026-02-21,05:00:00,2.1,Correctiva,Rotura de faja/correa,4186.0
PAR-001690,PN-EQ-05,2026-03-04,06:00:00,2.7,Operativa,Condiciones climáticas adversas,1608.0
PAR-002316,PN-EQ-07,2024-09-29,15:00:00,5.3,Preventiva,Mantenimiento programado (plan anual),7808.0
PAR-002694,PN-EQ-08,2025-09-08,05:00:00,2.6,Operativa,Condiciones climáticas adversas,1252.0
PAR-003264,PN-EQ-10,2024-07-02,04:00:00,4.4,Correctiva,Falla eléctrica - motor/tablero,5442.0
PAR-000755,PN-EQ-03,2024-06-24,09:00:00,7.0,Preventiva,Mantenimiento programado (plan anual),8941.0
PAR-000430,PN-EQ-02,2024-10-15,08:00:00,1.5,Operativa,Corte de energía externo,891.0
PAR-001796,PN-EQ-05,2027-03-03,01:00:00,0.9,Operativa,Falta de mineral en cancha,381.0
PAR-002296,PN-EQ-07,2024-06-07,10:00:00,6.7,Preventiva,Mantenimiento programado (plan anual),6880.0
PAR-001181,PN-EQ-04,2025-06-16,00:00:00,20.0,Correctiva,Falla mecánica - desgaste de componente,38776.0
PAR-001859,PN-EQ-05,2027-09-10,11:00:00,2.0,Operativa,Espera de insumos (reactivos/bolas de molienda),589.0
PAR-003274,PN-EQ-10,2024-07-28,13:00:00,4.4,Preventiva,Mantenimiento programado (plan anual),8755.0
PAR-002722,PN-EQ-08,2025-12-25,05:00:00,6.8,Preventiva,Mantenimiento programado (plan anual),5595.0
PAR-002913,PN-EQ-08,2027-12-20,14:00:00,1.4,Operativa,Condiciones climáticas adversas,501.0
PAR-001232,PN-EQ-04,2025-11-11,00:00:00,3.4,Correctiva,Atoro de mineral / obstrucción,6764.0
PAR-001360,PN-EQ-04,2027-01-23,17:00:00,5.7,Correctiva,Falla eléctrica - motor/tablero,12529.0
PAR-002449,PN-EQ-07,2026-09-02,06:00:00,1.0,Operativa,Espera de insumos (reactivos/bolas de molienda),296.0
PAR-001331,PN-EQ-04,2026-10-18,07:00:00,2.1,Operativa,Falta de mineral en cancha,668.0
PAR-000995,PN-EQ-03,2027-10-19,15:00:00,0.7,Operativa,Corte de energía externo,259.0
PAR-001612,PN-EQ-05,2025-05-28,01:00:00,0.7,Correctiva,Falla mecánica - desgaste de componente,1206.0
PAR-002826,PN-EQ-08,2027-01-30,17:00:00,5.8,Preventiva,Mantenimiento programado (plan anual),12344.0
PAR-000781,PN-EQ-03,2024-12-23,10:00:00,1.4,Correctiva,Indeterminado,1319.0
PAR-002904,PN-EQ-08,2027-11-27,10:00:00,8.1,Preventiva,Mantenimiento programado (plan anual),16418.0
PAR-001559,PN-EQ-05,2024-12-09,04:00:00,2.5,Operativa,Falta de mineral en cancha,1366.0
PAR-000548,PN-EQ-02,2026-01-09,13:00:00,1.2,Correctiva,Atoro de mineral / obstrucción,2379.0
PAR-001762,PN-EQ-05,2026-10-26,00:00:00,6.2,Correctiva,Falla mecánica - desgaste de componente,5200.0
PAR-002979,PN-EQ-09,2024-10-14,00:00:00,0.5,Correctiva,Rotura de faja/correa,559.0
PAR-000618,PN-EQ-02,2026-11-16,01:00:00,20.0,Correctiva,Falla mecánica - desgaste de componente,36062.0
PAR-000431,PN-EQ-02,2024-10-17,05:00:00,1.7,Operativa,Condiciones climáticas adversas,534.0
PAR-003671,PN-EQ-10,2027-11-08,10:00:00,7.2,Preventiva,Mantenimiento programado (plan anual),13407.0
PAR-001626,PN-EQ-05,2025-07-13,13:00:00,6.7,Preventiva,Mantenimiento programado (plan anual),12250.0
PAR-000373,PN-EQ-02,2024-04-09,18:00:00,2.0,Operativa,Condiciones climáticas adversas,536.0
PAR-000211,PN-EQ-01,2026-04-17,07:00:00,7.0,Preventiva,Mantenimiento programado (plan anual),12277.0
PAR-002595,PN-EQ-08,2024-07-21,03:00:00,1.5,Correctiva,Atoro de mineral / obstrucción,2033.0
PAR-000416,PN-EQ-02,2024-09-01,08:00:00,2.8,Operativa,Condiciones climáticas adversas,1341.0
PAR-003254,PN-EQ-10,2024-05-26,16:00:00,6.2,Preventiva,Mantenimiento programado (plan anual),5377.0
PAR-001624,PN-EQ-05,2025-07-10,02:00:00,20.0,Correctiva,Indeterminado,19702.0
PAR-003626,PN-EQ-10,2027-06-20,18:00:00,4.0,Correctiva,Atoro de mineral / obstrucción,5211.0
PAR-003375,PN-EQ-10,2025-05-10,13:00:00,9.2,Correctiva,Atoro de mineral / obstrucción,9965.0
PAR-001266,PN-EQ-04,2026-03-08,04:00:00,6.1,Correctiva,Atoro de mineral / obstrucción,5964.0
PAR-001945,PN-EQ-06,2024-07-24,03:00:00,7.6,Preventiva,Mantenimiento programado (plan anual),7495.0
PAR-000081,PN-EQ-01,2024-11-20,05:00:00,12.1,Correctiva,Falla de lubricación,25359.0
PAR-000757,PN-EQ-03,2024-07-16,00:00:00,4.7,Preventiva,Mantenimiento programado (plan anual),3796.0
PAR-001617,PN-EQ-05,2025-06-19,09:00:00,10.0,Correctiva,Falla eléctrica - motor/tablero,11476.0
PAR-003090,PN-EQ-09,2026-05-29,06:00:00,1.2,Operativa,Corte de energía externo,245.0
PAR-000547,PN-EQ-02,2026-01-07,01:00:00,1.3,Operativa,Corte de energía externo,416.0
PAR-001155,PN-EQ-04,2025-03-30,00:00:00,1.8,Operativa,Indeterminado,695.0
PAR-000208,PN-EQ-01,2026-03-29,08:00:00,12.8,Correctiva,Falla de lubricación,23230.0
PAR-000634,PN-EQ-02,2027-01-08,18:00:00,4.3,Correctiva,Falla mecánica - desgaste de componente,5059.0
PAR-000277,PN-EQ-01,2027-02-19,14:00:00,4.3,Correctiva,Atoro de mineral / obstrucción,4645.0
PAR-003542,PN-EQ-10,2026-09-03,03:00:00,0.8,Correctiva,Falla eléctrica - motor/tablero,885.0
PAR-000557,PN-EQ-02,2026-02-18,20:00:00,2.4,Operativa,Condiciones climáticas adversas,507.0
PAR-003123,PN-EQ-09,2026-11-04,09:00:00,5.3,Preventiva,Mantenimiento programado (plan anual),9495.0
PAR-000960,PN-EQ-03,2027-05-10,12:00:00,0.7,Correctiva,Atoro de mineral / obstrucción,1285.0
PAR-002267,PN-EQ-06,2027-12-10,03:00:00,2.2,Operativa,Espera de insumos (reactivos/bolas de molienda),1290.0
PAR-003343,PN-EQ-10,2025-02-16,08:00:00,0.5,Correctiva,Atoro de mineral / obstrucción,454.0
PAR-001731,PN-EQ-05,2026-07-15,02:00:00,4.7,Preventiva,Mantenimiento programado (plan anual),7048.0
PAR-001798,PN-EQ-05,2027-03-12,03:00:00,20.0,Correctiva,Rotura de faja/correa,18037.0
PAR-002505,PN-EQ-07,2027-04-29,09:00:00,5.5,Correctiva,Rotura de faja/correa,12065.0
PAR-001132,PN-EQ-04,2025-02-15,20:00:00,0.6,Operativa,Condiciones climáticas adversas,206.0
PAR-000483,PN-EQ-02,2025-05-13,03:00:00,20.0,Correctiva,Rotura de faja/correa,33639.0
PAR-002148,PN-EQ-06,2026-09-08,13:00:00,1.3,Correctiva,Rotura de faja/correa,2624.0
PAR-001214,PN-EQ-04,2025-09-27,04:00:00,3.0,Operativa,Espera de insumos (reactivos/bolas de molienda),1247.0
PAR-002418,PN-EQ-07,2026-04-13,07:00:00,1.3,Operativa,Condiciones climáticas adversas,642.0
PAR-001502,PN-EQ-05,2024-05-03,06:00:00,9.5,Correctiva,Atoro de mineral / obstrucción,11356.0
PAR-001417,PN-EQ-04,2027-08-17,03:00:00,20.0,Correctiva,Atoro de mineral / obstrucción,39413.0
PAR-003384,PN-EQ-10,2025-06-07,00:00:00,1.2,Correctiva,Atoro de mineral / obstrucción,1648.0
PAR-000574,PN-EQ-02,2026-05-15,05:00:00,8.3,Preventiva,Mantenimiento programado (plan anual),9923.0
PAR-000553,PN-EQ-02,2026-02-02,05:00:00,2.0,Operativa,Condiciones climáticas adversas,1026.0
PAR-000839,PN-EQ-03,2025-10-20,00:00:00,0.8,Operativa,Espera de insumos (reactivos/bolas de molienda),348.0
PAR-001590,PN-EQ-05,2025-03-19,10:00:00,7.0,Preventiva,Mantenimiento programado (plan anual),8196.0
PAR-003559,PN-EQ-10,2026-10-28,16:00:00,1.5,Correctiva,Falla de lubricación,2376.0
PAR-000963,PN-EQ-03,2027-05-22,20:00:00,1.3,Operativa,Condiciones climáticas adversas,570.0
PAR-000239,PN-EQ-01,2026-08-08,11:00:00,7.7,Preventiva,Mantenimiento programado (plan anual),11960.0
PAR-002776,PN-EQ-08,2026-07-04,05:00:00,11.3,Correctiva,Atoro de mineral / obstrucción,24774.0
PAR-001748,PN-EQ-05,2026-09-18,17:00:00,2.9,Correctiva,Falla de lubricación,3086.0
PAR-001459,PN-EQ-04,2027-12-13,03:00:00,20.0,Correctiva,Rotura de faja/correa,39654.0
PAR-003580,PN-EQ-10,2027-01-02,04:00:00,3.1,Correctiva,Atoro de mineral / obstrucción,3441.0
PAR-002975,PN-EQ-09,2024-10-01,11:00:00,9.8,Correctiva,Rotura de faja/correa,14047.0
PAR-001912,PN-EQ-06,2024-03-10,03:00:00,2.6,Operativa,Corte de energía externo,818.0
PAR-000952,PN-EQ-03,2027-04-05,02:00:00,5.0,Preventiva,Mantenimiento programado (plan anual),8828.0
PAR-003621,PN-EQ-10,2027-06-03,10:00:00,4.7,Correctiva,Falla de lubricación,5374.0
PAR-000671,PN-EQ-02,2027-05-15,15:00:00,1.4,Operativa,Corte de energía externo,438.0
PAR-000247,PN-EQ-01,2026-10-06,01:00:00,0.7,Correctiva,Falla de lubricación,1111.0
PAR-002187,PN-EQ-06,2027-01-16,01:00:00,20.0,Correctiva,Falla de lubricación,17565.0
PAR-002862,PN-EQ-08,2027-07-11,12:00:00,0.5,Correctiva,Falla de lubricación,727.0
PAR-002011,PN-EQ-06,2025-03-27,00:00:00,11.3,Correctiva,Falla de lubricación,9519.0
PAR-000285,PN-EQ-01,2027-04-09,03:00:00,9.2,Correctiva,Falla de lubricación,14915.0
PAR-000380,PN-EQ-02,2024-04-22,06:00:00,4.9,Correctiva,Falla de lubricación,4986.0
PAR-003177,PN-EQ-09,2027-07-01,12:00:00,2.7,Operativa,Condiciones climáticas adversas,541.0
PAR-002691,PN-EQ-08,2025-08-27,01:00:00,14.6,Correctiva,Rotura de faja/correa,25464.0
PAR-003155,PN-EQ-09,2027-03-30,17:00:00,1.8,Correctiva,Rotura de faja/correa,2416.0
PAR-001062,PN-EQ-04,2024-07-08,17:00:00,3.8,Correctiva,Falla de lubricación,3519.0
PAR-000550,PN-EQ-02,2026-01-14,13:00:00,0.9,Correctiva,Falla eléctrica - motor/tablero,1043.0
PAR-001600,PN-EQ-05,2025-04-30,01:00:00,17.9,Correctiva,Indeterminado,20748.0
PAR-001468,PN-EQ-05,2024-01-15,03:00:00,0.5,Correctiva,Falla mecánica - desgaste de componente,461.0
PAR-003272,PN-EQ-10,2024-07-21,07:00:00,6.7,Correctiva,Falla eléctrica - motor/tablero,7677.0
PAR-000271,PN-EQ-01,2027-01-31,02:00:00,0.6,Correctiva,Falla de lubricación,
PAR-002875,PN-EQ-08,2027-08-21,06:00:00,13.0,Correctiva,Falla eléctrica - motor/tablero,17463.0
PAR-000871,PN-EQ-03,2026-03-26,06:00:00,6.1,Preventiva,Mantenimiento programado (plan anual),6308.0
PAR-002743,PN-EQ-08,2026-03-12,10:00:00,7.3,Correctiva,Atoro de mineral / obstrucción,12181.0
PAR-002531,PN-EQ-07,2027-09-30,17:00:00,1.9,Correctiva,Atoro de mineral / obstrucción,1844.0
PAR-003465,PN-EQ-10,2026-02-02,09:00:00,10.5,Correctiva,Rotura de faja/correa,9459.0
PAR-000997,PN-EQ-03,2027-10-23,15:00:00,6.6,Preventiva,Mantenimiento programado (plan anual),
PAR-002413,PN-EQ-07,2026-03-12,11:00:00,7.7,Preventiva,Mantenimiento programado (plan anual),16931.0
PAR-002549,PN-EQ-07,2027-12-24,05:00:00,1.7,Correctiva,Falla de lubricación,1836.0
PAR-003567,PN-EQ-10,2026-11-20,16:00:00,4.4,Preventiva,Mantenimiento programado (plan anual),4984.0
PAR-000205,PN-EQ-01,2026-03-22,03:00:00,1.1,Correctiva,Atoro de mineral / obstrucción,1291.0
PAR-000319,PN-EQ-01,2027-08-22,08:00:00,10.3,Correctiva,Falla mecánica - desgaste de componente,11119.0
PAR-000248,PN-EQ-01,2026-10-20,15:00:00,4.4,Preventiva,Mantenimiento programado (plan anual),8917.0
PAR-002581,PN-EQ-08,2024-05-14,09:00:00,8.8,Preventiva,Mantenimiento programado (plan anual),15796.0
PAR-002487,PN-EQ-07,2027-02-18,13:00:00,2.6,Correctiva,Falla eléctrica - motor/tablero,3817.0
PAR-001665,PN-EQ-05,2025-12-11,03:00:00,20.0,Correctiva,Falla de lubricación,31757.0
PAR-003160,PN-EQ-09,2027-04-20,13:00:00,7.3,Preventiva,Mantenimiento programado (plan anual),10431.0
PAR-000875,PN-EQ-03,2026-04-22,05:00:00,2.2,Operativa,Corte de energía externo,728.0
PAR-001009,PN-EQ-04,2024-01-04,05:00:00,3.4,Correctiva,Atoro de mineral / obstrucción,6068.0
PAR-000182,PN-EQ-01,2025-12-30,14:00:00,4.9,Preventiva,Mantenimiento programado (plan anual),9342.0
PAR-001657,PN-EQ-05,2025-11-08,10:00:00,0.5,Correctiva,Rotura de faja/correa,696.0
PAR-001715,PN-EQ-05,2026-05-20,03:00:00,20.0,Correctiva,Atoro de mineral / obstrucción,34804.0
PAR-000446,PN-EQ-02,2024-12-18,09:00:00,11.6,Correctiva,Falla eléctrica - motor/tablero,20237.0
PAR-000249,PN-EQ-01,2026-10-26,02:00:00,5.3,Correctiva,Rotura de faja/correa,9806.0
PAR-001734,PN-EQ-05,2026-07-23,01:00:00,14.6,Correctiva,Falla eléctrica - motor/tablero,14636.0
PAR-002467,PN-EQ-07,2026-11-16,14:00:00,0.5,Correctiva,Atoro de mineral / obstrucción,1049.0
PAR-002023,PN-EQ-06,2025-05-03,01:00:00,1.5,Operativa,Espera de insumos (reactivos/bolas de molienda),550.0
PAR-001511,PN-EQ-05,2024-06-18,04:00:00,4.3,Preventiva,Mantenimiento programado (plan anual),8930.0
PAR-000655,PN-EQ-02,2027-03-07,08:00:00,0.7,Operativa,Condiciones climáticas adversas,363.0
PAR-000584,PN-EQ-02,2026-06-17,01:00:00,16.0,Correctiva,Atoro de mineral / obstrucción,24540.0
PAR-000788,PN-EQ-03,2025-01-26,01:00:00,1.2,Operativa,Indeterminado,403.0
PAR-001992,PN-EQ-06,2024-12-31,21:00:00,1.5,Operativa,Corte de energía externo,696.0
PAR-002938,PN-EQ-09,2024-04-12,16:00:00,1.9,Operativa,Falta de mineral en cancha,
PAR-002087,PN-EQ-06,2026-01-29,02:00:00,0.9,Operativa,Condiciones climáticas adversas,319.0
PAR-002500,PN-EQ-07,2027-03-28,12:00:00,0.6,Operativa,Corte de energía externo,202.0
PAR-002889,PN-EQ-08,2027-10-19,10:00:00,8.9,Preventiva,Mantenimiento programado (plan anual),18548.0
PAR-002165,PN-EQ-06,2026-10-26,11:00:00,6.5,Correctiva,Falla mecánica - desgaste de componente,6799.0
PAR-000438,PN-EQ-02,2024-11-11,12:00:00,4.6,Preventiva,Mantenimiento programado (plan anual),5476.0
PAR-001090,PN-EQ-04,2024-10-11,01:00:00,0.8,Operativa,Espera de insumos (reactivos/bolas de molienda),201.0
PAR-000198,PN-EQ-01,2026-02-19,01:00:00,13.2,Correctiva,Falla de lubricación,22182.0
PAR-002674,PN-EQ-08,2025-06-24,15:00:00,4.8,Preventiva,Indeterminado,5114.0
PAR-001272,PN-EQ-04,2026-03-29,18:00:00,1.6,Operativa,Espera de insumos (reactivos/bolas de molienda),920.0
PAR-001719,PN-EQ-05,2026-05-30,16:00:00,0.6,Correctiva,Falla mecánica - desgaste de componente,487.0
PAR-003627,PN-EQ-10,2027-06-21,10:00:00,2.9,Operativa,Falta de mineral en cancha,1595.0
PAR-001909,PN-EQ-06,2024-02-23,00:00:00,0.5,Correctiva,Rotura de faja/correa,493.0
PAR-002180,PN-EQ-06,2026-12-15,03:00:00,15.3,Correctiva,Rotura de faja/correa,15059.0
PAR-001230,PN-EQ-04,2025-11-09,02:00:00,0.6,Correctiva,Falla de lubricación,1139.0
PAR-003133,PN-EQ-09,2026-12-15,04:00:00,14.9,Correctiva,Falla de lubricación,26623.0
PAR-001067,PN-EQ-04,2024-07-23,08:00:00,5.6,Correctiva,Falla de lubricación,11414.0
PAR-001219,PN-EQ-04,2025-10-05,14:00:00,4.2,Preventiva,Mantenimiento programado (plan anual),8309.0
PAR-000299,PN-EQ-01,2027-05-28,11:00:00,9.7,Correctiva,Falla eléctrica - motor/tablero,18893.0
PAR-001036,PN-EQ-04,2024-03-23,02:00:00,2.6,Operativa,Corte de energía externo,927.0
PAR-002239,PN-EQ-06,2027-08-05,22:00:00,0.6,Correctiva,Rotura de faja/correa,496.0
PAR-003336,PN-EQ-10,2025-01-17,18:00:00,4.8,Preventiva,Indeterminado,8177.0
PAR-002842,PN-EQ-08,2027-05-04,14:00:00,4.4,Preventiva,Mantenimiento programado (plan anual),6886.0
PAR-000626,PN-EQ-02,2026-12-08,09:00:00,4.8,Preventiva,Mantenimiento programado (plan anual),5940.0
PAR-000992,PN-EQ-03,2027-10-08,06:00:00,1.8,Operativa,Espera de insumos (reactivos/bolas de molienda),1056.0
PAR-002813,PN-EQ-08,2026-12-09,09:00:00,3.0,Operativa,Corte de energía externo,975.0
PAR-000235,PN-EQ-01,2026-07-21,06:00:00,8.3,Preventiva,Mantenimiento programado (plan anual),16409.0
PAR-001515,PN-EQ-05,2024-07-03,10:00:00,2.9,Correctiva,Falla eléctrica - motor/tablero,4997.0
PAR-000229,PN-EQ-01,2026-06-20,16:00:00,2.9,Operativa,Falta de mineral en cancha,1132.0
PAR-000639,PN-EQ-02,2027-02-05,02:00:00,2.7,Correctiva,Falla mecánica - desgaste de componente,2318.0
PAR-002923,PN-EQ-09,2024-02-01,12:00:00,2.6,Operativa,Corte de energía externo,529.0
PAR-001913,PN-EQ-06,2024-03-15,15:00:00,4.7,Preventiva,Mantenimiento programado (plan anual),
PAR-002714,PN-EQ-08,2025-12-05,03:00:00,2.5,Operativa,Espera de insumos (reactivos/bolas de molienda),1143.0
PAR-001334,PN-EQ-04,2026-10-29,19:00:00,1.6,Operativa,Espera de insumos (reactivos/bolas de molienda),389.0
PAR-003461,PN-EQ-10,2026-01-25,11:00:00,1.4,Correctiva,Falla eléctrica - motor/tablero,2399.0
PAR-001969,PN-EQ-06,2024-10-13,03:00:00,7.5,Correctiva,Falla mecánica - desgaste de componente,15094.0
PAR-002613,PN-EQ-08,2024-10-04,01:00:00,18.1,Correctiva,Falla mecánica - desgaste de componente,36262.0
PAR-002877,PN-EQ-08,2027-08-22,08:00:00,2.6,Operativa,Espera de insumos (reactivos/bolas de molienda),618.0
PAR-003525,PN-EQ-10,2026-07-15,00:00:00,20.0,Correctiva,Atoro de mineral / obstrucción,22984.0
PAR-000454,PN-EQ-02,2025-01-15,13:00:00,1.1,Operativa,Condiciones climáticas adversas,616.0
PAR-002147,PN-EQ-06,2026-09-05,08:00:00,8.2,Preventiva,Mantenimiento programado (plan anual),16943.0
PAR-001339,PN-EQ-04,2026-11-10,18:00:00,1.9,Correctiva,Atoro de mineral / obstrucción,2283.0
PAR-000678,PN-EQ-02,2027-06-21,04:00:00,2.4,Correctiva,Rotura de faja/correa,4041.0
PAR-001065,PN-EQ-04,2024-07-17,13:00:00,1.9,Operativa,Corte de energía externo,742.0
PAR-000307,PN-EQ-01,2027-06-19,05:00:00,4.2,Preventiva,Mantenimiento programado (plan anual),3763.0
PAR-000301,PN-EQ-01,2027-06-03,09:00:00,5.6,Correctiva,Atoro de mineral / obstrucción,11577.0
PAR-000385,PN-EQ-02,2024-05-03,02:00:00,3.7,Correctiva,Falla eléctrica - motor/tablero,4891.0
PAR-000425,PN-EQ-02,2024-09-26,13:00:00,6.1,Correctiva,Falla eléctrica - motor/tablero,11240.0
PAR-000941,PN-EQ-03,2027-01-19,08:00:00,7.1,Preventiva,Mantenimiento programado (plan anual),11837.0
PAR-001025,PN-EQ-04,2024-02-21,05:00:00,3.4,Correctiva,Falla de lubricación,4154.0
PAR-002528,PN-EQ-07,2027-09-19,12:00:00,8.8,Preventiva,Mantenimiento programado (plan anual),7174.0
PAR-001227,PN-EQ-04,2025-10-25,08:00:00,5.3,Preventiva,Mantenimiento programado (plan anual),10326.0
PAR-001229,PN-EQ-04,2025-11-08,10:00:00,7.1,Preventiva,Mantenimiento programado (plan anual),12551.0
PAR-000321,PN-EQ-01,2027-08-23,18:00:00,1.1,Operativa,Falta de mineral en cancha,592.0
PAR-000282,PN-EQ-01,2027-03-19,05:00:00,6.0,Preventiva,Mantenimiento programado (plan anual),6577.0
PAR-003415,PN-EQ-10,2025-09-26,08:00:00,2.4,Operativa,Espera de insumos (reactivos/bolas de molienda),790.0
PAR-001646,PN-EQ-05,2025-09-23,11:00:00,11.9,Correctiva,Falla de lubricación,17872.0
PAR-001051,PN-EQ-04,2024-05-25,01:00:00,7.4,Correctiva,Falla eléctrica - motor/tablero,12769.0
PAR-000284,PN-EQ-01,2027-04-08,07:00:00,6.2,Preventiva,Mantenimiento programado (plan anual),5728.0
PAR-002398,PN-EQ-07,2025-12-24,16:00:00,3.5,Correctiva,Falla mecánica - desgaste de componente,4665.0
PAR-001961,PN-EQ-06,2024-09-12,11:00:00,0.5,Correctiva,Rotura de faja/correa,422.0
PAR-001351,PN-EQ-04,2027-01-01,11:00:00,9.0,Correctiva,Atoro de mineral / obstrucción,
PAR-001477,PN-EQ-05,2024-02-11,06:00:00,16.6,Correctiva,Rotura de faja/correa,24411.0
PAR-000340,PN-EQ-01,2027-11-01,05:00:00,12.1,Correctiva,Atoro de mineral / obstrucción,22591.0
PAR-002600,PN-EQ-08,2024-08-11,02:00:00,1.9,Operativa,Condiciones climáticas adversas,1137.0
PAR-002998,PN-EQ-09,2025-02-23,06:00:00,6.2,Preventiva,Mantenimiento programado (plan anual),10234.0
PAR-000397,PN-EQ-02,2024-06-23,17:00:00,5.8,Correctiva,Falla mecánica - desgaste de componente,8136.0
PAR-001568,PN-EQ-05,2025-01-18,14:00:00,1.6,Correctiva,Atoro de mineral / obstrucción,1697.0
PAR-001811,PN-EQ-05,2027-04-27,05:00:00,1.8,Operativa,Corte de energía externo,771.0
PAR-002971,PN-EQ-09,2024-09-16,04:00:00,0.7,Operativa,Indeterminado,229.0
PAR-003230,PN-EQ-10,2024-02-25,05:00:00,3.6,Correctiva,Falla mecánica - desgaste de componente,3204.0
PAR-002154,PN-EQ-06,2026-09-27,20:00:00,1.7,Operativa,Espera de insumos (reactivos/bolas de molienda),918.0
PAR-002527,PN-EQ-07,2027-09-18,03:00:00,5.0,Correctiva,Falla de lubricación,9489.0
PAR-003278,PN-EQ-10,2024-08-04,07:00:00,12.0,Correctiva,Falla eléctrica - motor/tablero,11472.0
PAR-002974,PN-EQ-09,2024-09-22,09:00:00,7.2,Preventiva,Mantenimiento programado (plan anual),9648.0
PAR-001837,PN-EQ-05,2027-07-04,03:00:00,19.5,Correctiva,Falla de lubricación,22469.0
PAR-000159,PN-EQ-01,2025-09-19,11:00:00,7.4,Preventiva,Mantenimiento programado (plan anual),11261.0
PAR-000504,PN-EQ-02,2025-08-01,01:00:00,18.1,Correctiva,Atoro de mineral / obstrucción,18164.0
PAR-002700,PN-EQ-08,2025-09-27,01:00:00,17.5,Correctiva,Falla mecánica - desgaste de componente,35231.0
PAR-001326,PN-EQ-04,2026-10-04,00:00:00,17.5,Correctiva,Falla eléctrica - motor/tablero,30566.0
PAR-000085,PN-EQ-01,2024-12-03,03:00:00,5.6,Correctiva,Falla mecánica - desgaste de componente,9853.0
PAR-001942,PN-EQ-06,2024-07-07,00:00:00,1.4,Correctiva,Atoro de mineral / obstrucción,1300.0
PAR-002555,PN-EQ-08,2024-01-19,05:00:00,14.9,Correctiva,Falla mecánica - desgaste de componente,12729.0
PAR-001469,PN-EQ-05,2024-01-17,01:00:00,20.0,Correctiva,Atoro de mineral / obstrucción,26316.0
PAR-001076,PN-EQ-04,2024-09-03,09:00:00,5.9,Preventiva,Mantenimiento programado (plan anual),7750.0
PAR-001864,PN-EQ-05,2027-09-24,03:00:00,6.1,Correctiva,Rotura de faja/correa,11892.0
PAR-003043,PN-EQ-09,2025-08-31,11:00:00,4.6,Correctiva,Atoro de mineral / obstrucción,10001.0
PAR-003154,PN-EQ-09,2027-03-29,12:00:00,1.5,Correctiva,Falla eléctrica - motor/tablero,2488.0
PAR-002325,PN-EQ-07,2024-11-06,06:00:00,5.4,Correctiva,Atoro de mineral / obstrucción,
PAR-000681,PN-EQ-02,2027-07-13,11:00:00,6.6,Preventiva,Mantenimiento programado (plan anual),11048.0
PAR-001186,PN-EQ-04,2025-07-20,07:00:00,5.7,Preventiva,Mantenimiento programado (plan anual),10436.0
PAR-000063,PN-EQ-01,2024-09-02,04:00:00,8.3,Preventiva,Mantenimiento programado (plan anual),8374.0
PAR-002245,PN-EQ-06,2027-09-06,02:00:00,1.4,Operativa,Espera de insumos (reactivos/bolas de molienda),482.0
PAR-001485,PN-EQ-05,2024-03-15,17:00:00,0.9,Operativa,Espera de insumos (reactivos/bolas de molienda),355.0
PAR-001501,PN-EQ-05,2024-05-01,02:00:00,20.0,Correctiva,Atoro de mineral / obstrucción,19320.0
PAR-002793,PN-EQ-08,2026-09-08,11:00:00,2.7,Operativa,Espera de insumos (reactivos/bolas de molienda),1130.0
PAR-003346,PN-EQ-10,2025-02-18,02:00:00,5.0,Correctiva,Falla de lubricación,6170.0
PAR-000518,PN-EQ-02,2025-09-21,11:00:00,1.1,Correctiva,Falla mecánica - desgaste de componente,1354.0
PAR-002133,PN-EQ-06,2026-07-07,02:00:00,20.0,Correctiva,Falla mecánica - desgaste de componente,16583.0
PAR-001483,PN-EQ-05,2024-03-09,03:00:00,7.6,Correctiva,Falla de lubricación,12466.0
PAR-002357,PN-EQ-07,2025-05-19,14:00:00,0.5,Operativa,Condiciones climáticas adversas,174.0
PAR-002492,PN-EQ-07,2027-03-12,01:00:00,17.5,Correctiva,Falla eléctrica - motor/tablero,23225.0
PAR-000860,PN-EQ-03,2026-02-08,07:00:00,5.9,Preventiva,Indeterminado,4846.0
PAR-000402,PN-EQ-02,2024-07-12,07:00:00,5.7,Correctiva,Falla eléctrica - motor/tablero,9805.0
PAR-001438,PN-EQ-04,2027-10-18,05:00:00,7.8,Preventiva,Mantenimiento programado (plan anual),15335.0
PAR-001613,PN-EQ-05,2025-06-02,16:00:00,6.1,Preventiva,Mantenimiento programado (plan anual),
PAR-003185,PN-EQ-09,2027-08-01,14:00:00,1.9,Operativa,Falta de mineral en cancha,792.0
PAR-002161,PN-EQ-06,2026-10-24,13:00:00,2.7,Operativa,Falta de mineral en cancha,633.0
PAR-000221,PN-EQ-01,2026-05-20,17:00:00,0.7,Correctiva,Falla de lubricación,572.0
PAR-003209,PN-EQ-09,2027-11-29,15:00:00,7.2,Correctiva,Atoro de mineral / obstrucción,10965.0
PAR-001106,PN-EQ-04,2024-11-23,03:00:00,7.3,Preventiva,Mantenimiento programado (plan anual),9257.0
PAR-000218,PN-EQ-01,2026-05-06,01:00:00,15.6,Correctiva,Falla eléctrica - motor/tablero,19470.0
PAR-000088,PN-EQ-01,2024-12-16,20:00:00,0.5,Correctiva,Falla de lubricación,
PAR-000816,PN-EQ-03,2025-05-15,00:00:00,5.6,Correctiva,Falla eléctrica - motor/tablero,7544.0
PAR-000986,PN-EQ-03,2027-08-26,15:00:00,3.6,Correctiva,Rotura de faja/correa,7151.0
PAR-001506,PN-EQ-05,2024-05-31,03:00:00,20.0,Correctiva,Falla eléctrica - motor/tablero,17799.0
PAR-003355,PN-EQ-10,2025-03-18,10:00:00,4.1,Correctiva,Falla eléctrica - motor/tablero,4824.0
PAR-001246,PN-EQ-04,2026-01-05,03:00:00,20.0,Correctiva,Indeterminado,38984.0
PAR-002140,PN-EQ-06,2026-08-03,14:00:00,5.0,Correctiva,Falla mecánica - desgaste de componente,8344.0
PAR-000601,PN-EQ-02,2026-08-18,00:00:00,2.6,Operativa,Condiciones climáticas adversas,892.0
PAR-003544,PN-EQ-10,2026-09-08,03:00:00,0.7,Operativa,Condiciones climáticas adversas,204.0
PAR-001567,PN-EQ-05,2025-01-10,10:00:00,4.8,Correctiva,Rotura de faja/correa,7977.0
PAR-002622,PN-EQ-08,2024-11-18,01:00:00,7.8,Correctiva,Atoro de mineral / obstrucción,15875.0
PAR-000201,PN-EQ-01,2026-03-07,16:00:00,2.3,Operativa,Condiciones climáticas adversas,1204.0
PAR-003318,PN-EQ-10,2024-11-22,04:00:00,1.0,Operativa,Condiciones climáticas adversas,214.0
PAR-000743,PN-EQ-03,2024-04-11,13:00:00,9.6,Correctiva,Rotura de faja/correa,17422.0
PAR-001610,PN-EQ-05,2025-05-26,03:00:00,14.3,Correctiva,Falla eléctrica - motor/tablero,19148.0
PAR-001697,PN-EQ-05,2026-04-06,15:00:00,5.6,Preventiva,Mantenimiento programado (plan anual),11366.0
PAR-002688,PN-EQ-08,2025-08-22,20:00:00,1.4,Operativa,Falta de mineral en cancha,635.0
PAR-002150,PN-EQ-06,2026-09-15,04:00:00,2.6,Operativa,Indeterminado,600.0
PAR-002912,PN-EQ-08,2027-12-13,03:00:00,5.7,Preventiva,Mantenimiento programado (plan anual),11839.0
PAR-002683,PN-EQ-08,2025-07-25,01:00:00,4.6,Correctiva,Atoro de mineral / obstrucción,10055.0
PAR-002924,PN-EQ-09,2024-02-02,09:00:00,2.1,Operativa,Espera de insumos (reactivos/bolas de molienda),513.0
PAR-000724,PN-EQ-03,2024-01-17,07:00:00,7.5,Preventiva,Mantenimiento programado (plan anual),
PAR-001471,PN-EQ-05,2024-01-27,00:00:00,3.1,Correctiva,Falla mecánica - desgaste de componente,3203.0
PAR-003651,PN-EQ-10,2027-08-26,16:00:00,4.2,Preventiva,Mantenimiento programado (plan anual),4213.0
PAR-002946,PN-EQ-09,2024-05-27,11:00:00,0.6,Correctiva,Rotura de faja/correa,885.0
PAR-000727,PN-EQ-03,2024-02-08,08:00:00,6.8,Preventiva,Mantenimiento programado (plan anual),8161.0
PAR-001593,PN-EQ-05,2025-04-06,07:00:00,6.6,Preventiva,Mantenimiento programado (plan anual),13934.0
PAR-000920,PN-EQ-03,2026-10-25,16:00:00,4.8,Correctiva,Rotura de faja/correa,5654.0
PAR-003468,PN-EQ-10,2026-02-12,17:00:00,2.0,Correctiva,Falla mecánica - desgaste de componente,2062.0
PAR-001534,PN-EQ-05,2024-09-15,08:00:00,5.3,Preventiva,Mantenimiento programado (plan anual),4377.0
PAR-000870,PN-EQ-03,2026-03-25,00:00:00,7.5,Correctiva,Atoro de mineral / obstrucción,8441.0
PAR-001027,PN-EQ-04,2024-02-23,16:00:00,1.2,Operativa,Falta de mineral en cancha,430.0
PAR-000677,PN-EQ-02,2027-06-20,22:00:00,0.5,Correctiva,Indeterminado,960.0
PAR-000971,PN-EQ-03,2027-07-03,20:00:00,1.3,Operativa,Condiciones climáticas adversas,580.0
PAR-000267,PN-EQ-01,2027-01-03,01:00:00,4.1,Correctiva,Falla de lubricación,3775.0
PAR-000834,PN-EQ-03,2025-09-14,13:00:00,1.7,Operativa,Indeterminado,627.0
PAR-000091,PN-EQ-01,2024-12-21,03:00:00,20.0,Correctiva,Falla eléctrica - motor/tablero,25389.0
PAR-000714,PN-EQ-02,2027-11-23,15:00:00,0.8,Correctiva,Rotura de faja/correa,845.0
PAR-000450,PN-EQ-02,2024-12-28,09:00:00,0.7,Operativa,Corte de energía externo,168.0
PAR-001753,PN-EQ-05,2026-09-27,08:00:00,1.2,Correctiva,Falla de lubricación,2414.0
PAR-001242,PN-EQ-04,2025-12-26,00:00:00,20.0,Correctiva,Falla mecánica - desgaste de componente,
PAR-002111,PN-EQ-06,2026-04-23,10:00:00,0.5,Correctiva,Falla mecánica - desgaste de componente,423.0
PAR-000092,PN-EQ-01,2024-12-23,15:00:00,5.6,Correctiva,Falla mecánica - desgaste de componente,9825.0
PAR-002276,PN-EQ-07,2024-02-25,17:00:00,2.7,Operativa,Falta de mineral en cancha,553.0
PAR-001892,PN-EQ-05,2027-12-03,07:00:00,3.4,Correctiva,Atoro de mineral / obstrucción,7048.0
PAR-002268,PN-EQ-06,2027-12-13,01:00:00,20.0,Correctiva,Atoro de mineral / obstrucción,37183.0
PAR-002354,PN-EQ-07,2025-04-19,04:00:00,11.4,Correctiva,Falla eléctrica - motor/tablero,10622.0
PAR-002058,PN-EQ-06,2025-09-24,01:00:00,20.0,Correctiva,Falla mecánica - desgaste de componente,
PAR-000156,PN-EQ-01,2025-08-31,02:00:00,7.8,Preventiva,Mantenimiento programado (plan anual),15247.0
PAR-001783,PN-EQ-05,2027-01-19,03:00:00,20.0,Correctiva,Falla eléctrica - motor/tablero,40315.0
PAR-003311,PN-EQ-10,2024-10-24,02:00:00,0.9,Correctiva,Falla eléctrica - motor/tablero,1262.0
PAR-001552,PN-EQ-05,2024-11-08,00:00:00,20.0,Correctiva,Rotura de faja/correa,25435.0
PAR-002423,PN-EQ-07,2026-04-24,01:00:00,15.1,Correctiva,Rotura de faja/correa,31130.0
PAR-002066,PN-EQ-06,2025-11-15,08:00:00,2.2,Correctiva,Falla de lubricación,4599.0
PAR-002264,PN-EQ-06,2027-12-03,01:00:00,7.4,Correctiva,Atoro de mineral / obstrucción,10680.0
PAR-000278,PN-EQ-01,2027-02-23,12:00:00,3.7,Correctiva,Falla eléctrica - motor/tablero,6098.0
PAR-001098,PN-EQ-04,2024-10-28,00:00:00,3.6,Correctiva,Falla de lubricación,4773.0
PAR-001020,PN-EQ-04,2024-02-03,14:00:00,5.4,Preventiva,Mantenimiento programado (plan anual),8703.0
PAR-000395,PN-EQ-02,2024-06-15,14:00:00,2.6,Correctiva,Falla de lubricación,2130.0
PAR-003249,PN-EQ-10,2024-05-09,12:00:00,9.5,Correctiva,Falla de lubricación,15500.0
PAR-003065,PN-EQ-09,2026-01-15,20:00:00,0.7,Operativa,Condiciones climáticas adversas,344.0
PAR-002483,PN-EQ-07,2027-02-04,09:00:00,4.1,Correctiva,Falla eléctrica - motor/tablero,4103.0
PAR-000694,PN-EQ-02,2027-09-07,04:00:00,5.3,Correctiva,Falla eléctrica - motor/tablero,5755.0
PAR-000740,PN-EQ-03,2024-04-04,05:00:00,6.2,Preventiva,Mantenimiento programado (plan anual),13441.0
PAR-001962,PN-EQ-06,2024-09-16,13:00:00,4.7,Correctiva,Falla eléctrica - motor/tablero,8740.0
PAR-000623,PN-EQ-02,2026-11-29,07:00:00,4.4,Correctiva,Rotura de faja/correa,6982.0
PAR-002235,PN-EQ-06,2027-07-24,02:00:00,20.0,Correctiva,Rotura de faja/correa,21581.0
PAR-002004,PN-EQ-06,2025-02-26,10:00:00,2.3,Operativa,Espera de insumos (reactivos/bolas de molienda),590.0
PAR-003463,PN-EQ-10,2026-01-29,15:00:00,5.7,Preventiva,Mantenimiento programado (plan anual),7119.0
PAR-000073,PN-EQ-01,2024-10-16,01:00:00,2.7,Operativa,Corte de energía externo,1102.0
PAR-000210,PN-EQ-01,2026-04-16,01:00:00,20.0,Correctiva,Atoro de mineral / obstrucción,30391.0
PAR-001667,PN-EQ-05,2025-12-19,11:00:00,11.3,Correctiva,Falla de lubricación,18110.0
PAR-001317,PN-EQ-04,2026-08-26,05:00:00,16.8,Correctiva,Rotura de faja/correa,27284.0
PAR-000378,PN-EQ-02,2024-04-19,08:00:00,2.3,Operativa,Espera de insumos (reactivos/bolas de molienda),1006.0
PAR-003466,PN-EQ-10,2026-02-03,01:00:00,9.1,Correctiva,Atoro de mineral / obstrucción,9148.0
PAR-003189,PN-EQ-09,2027-08-30,04:00:00,6.7,Preventiva,Mantenimiento programado (plan anual),10905.0
PAR-002640,PN-EQ-08,2025-02-03,07:00:00,0.5,Correctiva,Falla eléctrica - motor/tablero,895.0
PAR-001374,PN-EQ-04,2027-03-22,09:00:00,8.1,Preventiva,Mantenimiento programado (plan anual),11548.0
PAR-002774,PN-EQ-08,2026-06-27,02:00:00,20.0,Correctiva,Falla de lubricación,35507.0
PAR-002909,PN-EQ-08,2027-12-04,14:00:00,0.5,Correctiva,Falla mecánica - desgaste de componente,
PAR-000651,PN-EQ-02,2027-02-28,07:00:00,8.2,Preventiva,Mantenimiento programado (plan anual),17177.0
PAR-001023,PN-EQ-04,2024-02-18,01:00:00,20.0,Correctiva,Falla de lubricación,29970.0
PAR-002908,PN-EQ-08,2027-12-03,02:00:00,16.0,Correctiva,Indeterminado,32913.0
PAR-003515,PN-EQ-10,2026-06-15,02:00:00,2.6,Correctiva,Falla de lubricación,5675.0
PAR-003603,PN-EQ-10,2027-03-29,01:00:00,6.5,Preventiva,Mantenimiento programado (plan anual),5640.0
PAR-002610,PN-EQ-08,2024-09-23,04:00:00,14.6,Correctiva,Indeterminado,20262.0
PAR-002328,PN-EQ-07,2024-11-22,08:00:00,7.9,Preventiva,Mantenimiento programado (plan anual),6659.0
PAR-001226,PN-EQ-04,2025-10-24,03:00:00,20.0,Correctiva,Rotura de faja/correa,37296.0
PAR-002949,PN-EQ-09,2024-06-02,11:00:00,0.5,Correctiva,Atoro de mineral / obstrucción,573.0
PAR-002008,PN-EQ-06,2025-03-22,06:00:00,2.9,Correctiva,Rotura de faja/correa,5601.0
PAR-002792,PN-EQ-08,2026-08-31,09:00:00,4.5,Preventiva,Mantenimiento programado (plan anual),5918.0
PAR-002462,PN-EQ-07,2026-10-20,03:00:00,16.1,Correctiva,Falla eléctrica - motor/tablero,
PAR-000337,PN-EQ-01,2027-10-16,09:00:00,4.4,Preventiva,Mantenimiento programado (plan anual),6657.0
PAR-003674,PN-EQ-10,2027-11-22,03:00:00,20.0,Correctiva,Rotura de faja/correa,38312.0
PAR-002444,PN-EQ-07,2026-08-16,01:00:00,18.1,Correctiva,Falla mecánica - desgaste de componente,17088.0
PAR-001035,PN-EQ-04,2024-03-19,04:00:00,8.1,Correctiva,Falla de lubricación,9635.0
PAR-000100,PN-EQ-01,2025-01-22,00:00:00,2.0,Correctiva,Falla mecánica - desgaste de componente,3310.0
PAR-002365,PN-EQ-07,2025-07-08,10:00:00,7.3,Preventiva,Mantenimiento programado (plan anual),7604.0
PAR-003119,PN-EQ-09,2026-10-28,04:00:00,2.6,Correctiva,Rotura de faja/correa,4579.0
PAR-001338,PN-EQ-04,2026-11-03,03:00:00,19.3,Correctiva,Falla de lubricación,31585.0
PAR-000434,PN-EQ-02,2024-10-28,10:00:00,6.7,Preventiva,Mantenimiento programado (plan anual),10815.0
PAR-000361,PN-EQ-02,2024-02-02,07:00:00,2.3,Operativa,Indeterminado,1069.0
PAR-001742,PN-EQ-05,2026-08-21,03:00:00,6.6,Preventiva,Mantenimiento programado (plan anual),8184.0
PAR-000143,PN-EQ-01,2025-07-03,14:00:00,1.4,Correctiva,Falla mecánica - desgaste de componente,1923.0
PAR-001154,PN-EQ-04,2025-03-28,00:00:00,20.0,Correctiva,Indeterminado,43143.0
PAR-001656,PN-EQ-05,2025-11-07,03:00:00,1.7,Operativa,Condiciones climáticas adversas,644.0
PAR-002725,PN-EQ-08,2026-01-05,17:00:00,5.3,Correctiva,Indeterminado,11246.0
PAR-000490,PN-EQ-02,2025-06-08,17:00:00,1.0,Operativa,Corte de energía externo,399.0
PAR-003333,PN-EQ-10,2025-01-05,02:00:00,8.4,Correctiva,Atoro de mineral / obstrucción,16869.0
PAR-003290,PN-EQ-10,2024-09-16,11:00:00,3.0,Correctiva,Falla de lubricación,4072.0
PAR-002770,PN-EQ-08,2026-06-16,20:00:00,1.3,Operativa,Corte de energía externo,488.0
PAR-002799,PN-EQ-08,2026-10-08,02:00:00,7.9,Preventiva,Mantenimiento programado (plan anual),7141.0
PAR-001861,PN-EQ-05,2027-09-14,03:00:00,20.0,Correctiva,Falla mecánica - desgaste de componente,16636.0
PAR-003284,PN-EQ-10,2024-08-17,12:00:00,5.7,Correctiva,Falla eléctrica - motor/tablero,9421.0
PAR-002303,PN-EQ-07,2024-07-16,03:00:00,6.1,Preventiva,Mantenimiento programado (plan anual),11501.0
PAR-000991,PN-EQ-03,2027-10-01,06:00:00,5.0,Preventiva,Mantenimiento programado (plan anual),9821.0
PAR-003082,PN-EQ-09,2026-04-08,07:00:00,8.2,Preventiva,Mantenimiento programado (plan anual),11734.0
PAR-000367,PN-EQ-02,2024-02-21,10:00:00,0.9,Operativa,Condiciones climáticas adversas,394.0
PAR-003421,PN-EQ-10,2025-10-11,00:00:00,20.0,Correctiva,Falla mecánica - desgaste de componente,20964.0
PAR-003203,PN-EQ-09,2027-10-27,02:00:00,5.2,Preventiva,Mantenimiento programado (plan anual),6619.0
PAR-000120,PN-EQ-01,2025-03-25,12:00:00,3.1,Correctiva,Falla de lubricación,3892.0
PAR-000824,PN-EQ-03,2025-07-22,14:00:00,1.7,Operativa,Espera de insumos (reactivos/bolas de molienda),539.0
PAR-002970,PN-EQ-09,2024-09-13,09:00:00,2.1,Operativa,Condiciones climáticas adversas,636.0
PAR-000999,PN-EQ-03,2027-11-07,05:00:00,3.0,Operativa,Espera de insumos (reactivos/bolas de molienda),1259.0
PAR-001267,PN-EQ-04,2026-03-13,08:00:00,1.8,Operativa,Condiciones climáticas adversas,383.0
PAR-002573,PN-EQ-08,2024-04-17,07:00:00,9.8,Correctiva,Falla de lubricación,15429.0
PAR-002972,PN-EQ-09,2024-09-17,11:00:00,6.7,Correctiva,Atoro de mineral / obstrucción,11849.0
PAR-000491,PN-EQ-02,2025-06-09,12:00:00,1.0,Operativa,Espera de insumos (reactivos/bolas de molienda),436.0
PAR-000151,PN-EQ-01,2025-08-17,00:00:00,9.9,Correctiva,Atoro de mineral / obstrucción,8142.0
PAR-001808,PN-EQ-05,2027-04-21,07:00:00,15.7,Correctiva,Rotura de faja/correa,15224.0
PAR-000529,PN-EQ-02,2025-10-25,14:00:00,1.8,Correctiva,Falla eléctrica - motor/tablero,1847.0
PAR-001189,PN-EQ-04,2025-07-22,02:00:00,5.0,Correctiva,Falla de lubricación,6427.0
PAR-003562,PN-EQ-10,2026-11-05,13:00:00,8.2,Correctiva,Falla de lubricación,7311.0
PAR-002901,PN-EQ-08,2027-11-23,13:00:00,2.7,Correctiva,Rotura de faja/correa,
PAR-001732,PN-EQ-05,2026-07-15,01:00:00,20.0,Correctiva,Falla de lubricación,37735.0
PAR-002056,PN-EQ-06,2025-09-15,09:00:00,4.0,Preventiva,Mantenimiento programado (plan anual),8530.0
PAR-000699,PN-EQ-02,2027-09-27,11:00:00,8.0,Correctiva,Falla eléctrica - motor/tablero,16795.0
PAR-002751,PN-EQ-08,2026-03-29,05:00:00,4.0,Preventiva,Mantenimiento programado (plan anual),8618.0
PAR-001190,PN-EQ-04,2025-07-29,16:00:00,1.4,Correctiva,Falla mecánica - desgaste de componente,1243.0
PAR-001358,PN-EQ-04,2027-01-16,12:00:00,7.1,Correctiva,Atoro de mineral / obstrucción,11253.0
PAR-003199,PN-EQ-09,2027-10-08,07:00:00,8.3,Preventiva,Mantenimiento programado (plan anual),14749.0
PAR-002879,PN-EQ-08,2027-09-09,07:00:00,0.7,Operativa,Condiciones climáticas adversas,201.0
PAR-002170,PN-EQ-06,2026-11-05,10:00:00,11.9,Correctiva,Atoro de mineral / obstrucción,22346.0
PAR-002864,PN-EQ-08,2027-07-17,09:00:00,6.0,Preventiva,Mantenimiento programado (plan anual),8073.0
PAR-000381,PN-EQ-02,2024-04-26,16:00:00,4.0,Correctiva,Atoro de mineral / obstrucción,7021.0
PAR-003551,PN-EQ-10,2026-09-26,03:00:00,20.0,Correctiva,Atoro de mineral / obstrucción,19063.0
PAR-002786,PN-EQ-08,2026-08-11,03:00:00,0.5,Correctiva,Indeterminado,925.0
PAR-002737,PN-EQ-08,2026-02-22,01:00:00,1.6,Operativa,Falta de mineral en cancha,937.0
PAR-001298,PN-EQ-04,2026-07-04,06:00:00,15.8,Correctiva,Falla de lubricación,24589.0
PAR-000078,PN-EQ-01,2024-11-06,11:00:00,3.0,Correctiva,Falla mecánica - desgaste de componente,3277.0
PAR-000390,PN-EQ-02,2024-05-16,10:00:00,6.1,Correctiva,Falla mecánica - desgaste de componente,8118.0
PAR-002920,PN-EQ-09,2024-01-16,14:00:00,5.3,Preventiva,Mantenimiento programado (plan anual),9685.0
PAR-002767,PN-EQ-08,2026-05-30,00:00:00,0.5,Correctiva,Rotura de faja/correa,567.0
PAR-000314,PN-EQ-01,2027-07-24,06:00:00,5.5,Preventiva,Mantenimiento programado (plan anual),6743.0
PAR-000973,PN-EQ-03,2027-07-10,17:00:00,3.5,Correctiva,Falla mecánica - desgaste de componente,4207.0
PAR-002881,PN-EQ-08,2027-09-10,19:00:00,1.6,Correctiva,Rotura de faja/correa,3159.0
PAR-003478,PN-EQ-10,2026-03-06,10:00:00,8.6,Preventiva,Mantenimiento programado (plan anual),8981.0
PAR-001957,PN-EQ-06,2024-08-31,01:00:00,4.8,Correctiva,Indeterminado,5461.0
PAR-000704,PN-EQ-02,2027-10-14,10:00:00,2.9,Operativa,Falta de mineral en cancha,1106.0
PAR-000329,PN-EQ-01,2027-09-22,16:00:00,1.6,Operativa,Corte de energía externo,847.0
PAR-001685,PN-EQ-05,2026-02-21,11:00:00,9.9,Correctiva,Indeterminado,18842.0
PAR-000650,PN-EQ-02,2027-02-27,12:00:00,3.2,Correctiva,Atoro de mineral / obstrucción,4210.0
PAR-000598,PN-EQ-02,2026-08-09,12:00:00,5.7,Correctiva,Falla mecánica - desgaste de componente,10885.0
PAR-000766,PN-EQ-03,2024-08-29,02:00:00,1.5,Operativa,Espera de insumos (reactivos/bolas de molienda),828.0
PAR-000154,PN-EQ-01,2025-08-27,14:00:00,1.7,Operativa,Falta de mineral en cancha,527.0
PAR-002782,PN-EQ-08,2026-07-29,00:00:00,20.0,Correctiva,Falla mecánica - desgaste de componente,37120.0
PAR-003409,PN-EQ-10,2025-08-13,19:00:00,2.1,Operativa,Espera de insumos (reactivos/bolas de molienda),842.0
PAR-001683,PN-EQ-05,2026-02-15,11:00:00,0.9,Operativa,Condiciones climáticas adversas,491.0
PAR-002559,PN-EQ-08,2024-02-08,10:00:00,10.8,Correctiva,Rotura de faja/correa,23091.0
PAR-000058,PN-EQ-01,2024-08-20,12:00:00,0.5,Correctiva,Falla mecánica - desgaste de componente,1074.0
PAR-003046,PN-EQ-09,2025-09-14,13:00:00,7.1,Correctiva,Falla de lubricación,8548.0
PAR-003543,PN-EQ-10,2026-09-05,02:00:00,7.9,Correctiva,Indeterminado,10489.0
PAR-000652,PN-EQ-02,2027-02-28,15:00:00,2.2,Correctiva,Indeterminado,
PAR-001333,PN-EQ-04,2026-10-27,00:00:00,1.1,Correctiva,Atoro de mineral / obstrucción,2185.0
PAR-001579,PN-EQ-05,2025-02-22,09:00:00,6.7,Correctiva,Falla de lubricación,8903.0
PAR-001516,PN-EQ-05,2024-07-04,05:00:00,8.7,Preventiva,Mantenimiento programado (plan anual),15822.0
PAR-002992,PN-EQ-09,2025-01-14,16:00:00,5.7,Preventiva,Mantenimiento programado (plan anual),7294.0
PAR-003611,PN-EQ-10,2027-04-22,01:00:00,9.9,Correctiva,Atoro de mineral / obstrucción,19358.0
PAR-002412,PN-EQ-07,2026-03-10,08:00:00,2.6,Operativa,Condiciones climáticas adversas,1243.0
PAR-002077,PN-EQ-06,2025-12-21,16:00:00,0.7,Operativa,Espera de insumos (reactivos/bolas de molienda),403.0
PAR-001472,PN-EQ-05,2024-01-30,04:00:00,7.8,Preventiva,Mantenimiento programado (plan anual),14996.0
PAR-002443,PN-EQ-07,2026-08-11,12:00:00,6.2,Correctiva,Falla mecánica - desgaste de componente,8931.0
PAR-001505,PN-EQ-05,2024-05-26,14:00:00,1.3,Correctiva,Rotura de faja/correa,1869.0
PAR-002000,PN-EQ-06,2025-02-16,03:00:00,15.7,Correctiva,Falla mecánica - desgaste de componente,24283.0
PAR-003440,PN-EQ-10,2025-12-01,17:00:00,2.5,Operativa,Falta de mineral en cancha,990.0
PAR-000874,PN-EQ-03,2026-04-16,02:00:00,8.5,Preventiva,Mantenimiento programado (plan anual),16803.0
PAR-003295,PN-EQ-10,2024-09-24,02:00:00,14.5,Correctiva,Atoro de mineral / obstrucción,23349.0
PAR-000470,PN-EQ-02,2025-03-30,08:00:00,2.6,Correctiva,Falla eléctrica - motor/tablero,2780.0
PAR-002233,PN-EQ-06,2027-07-19,04:00:00,9.4,Correctiva,Rotura de faja/correa,15080.0
PAR-000537,PN-EQ-02,2025-12-05,01:00:00,4.6,Correctiva,Rotura de faja/correa,8584.0
PAR-002450,PN-EQ-07,2026-09-02,20:00:00,1.4,Correctiva,Atoro de mineral / obstrucción,2248.0
PAR-001937,PN-EQ-06,2024-06-21,10:00:00,1.8,Operativa,Falta de mineral en cancha,501.0
PAR-001253,PN-EQ-04,2026-01-28,01:00:00,16.2,Correctiva,Atoro de mineral / obstrucción,22835.0
PAR-000333,PN-EQ-01,2027-10-06,03:00:00,19.8,Correctiva,Atoro de mineral / obstrucción,41303.0
PAR-003022,PN-EQ-09,2025-06-06,09:00:00,8.8,Preventiva,Mantenimiento programado (plan anual),12663.0
PAR-001179,PN-EQ-04,2025-06-15,02:00:00,8.2,Correctiva,Falla de lubricación,14127.0
PAR-002598,PN-EQ-08,2024-08-03,10:00:00,7.2,Preventiva,Mantenimiento programado (plan anual),15382.0
PAR-001662,PN-EQ-05,2025-12-03,19:00:00,0.6,Operativa,Espera de insumos (reactivos/bolas de molienda),324.0
PAR-002673,PN-EQ-08,2025-06-23,10:00:00,0.8,Operativa,Condiciones climáticas adversas,298.0
PAR-003602,PN-EQ-10,2027-03-28,08:00:00,1.3,Operativa,Condiciones climáticas adversas,558.0
PAR-003341,PN-EQ-10,2025-02-13,08:00:00,7.3,Correctiva,Atoro de mineral / obstrucción,11882.0
PAR-001749,PN-EQ-05,2026-09-21,06:00:00,14.6,Correctiva,Falla eléctrica - motor/tablero,23185.0
PAR-001871,PN-EQ-05,2027-10-11,03:00:00,20.0,Correctiva,Falla eléctrica - motor/tablero,37007.0
PAR-002042,PN-EQ-06,2025-07-23,09:00:00,5.5,Preventiva,Mantenimiento programado (plan anual),10705.0
PAR-001856,PN-EQ-05,2027-09-01,01:00:00,20.0,Correctiva,Atoro de mineral / obstrucción,38810.0
PAR-001052,PN-EQ-04,2024-05-26,02:00:00,4.5,Preventiva,Mantenimiento programado (plan anual),9576.0
PAR-002022,PN-EQ-06,2025-05-01,07:00:00,2.7,Correctiva,Falla mecánica - desgaste de componente,3908.0
PAR-003367,PN-EQ-10,2025-04-20,16:00:00,6.6,Preventiva,Mantenimiento programado (plan anual),14158.0
PAR-002484,PN-EQ-07,2027-02-08,06:00:00,1.7,Correctiva,Rotura de faja/correa,2754.0
PAR-001288,PN-EQ-04,2026-05-24,14:00:00,4.6,Correctiva,Falla de lubricación,3766.0
PAR-003152,PN-EQ-09,2027-03-20,17:00:00,5.5,Correctiva,Falla de lubricación,5600.0
PAR-002185,PN-EQ-06,2026-12-28,05:00:00,0.8,Correctiva,Rotura de faja/correa,1217.0
PAR-002067,PN-EQ-06,2025-11-22,19:00:00,0.8,Operativa,Corte de energía externo,310.0
PAR-002260,PN-EQ-06,2027-11-21,09:00:00,2.3,Correctiva,Falla de lubricación,3907.0
PAR-000144,PN-EQ-01,2025-07-05,01:00:00,6.0,Preventiva,Mantenimiento programado (plan anual),8975.0
PAR-001668,PN-EQ-05,2025-12-31,07:00:00,4.6,Preventiva,Mantenimiento programado (plan anual),5128.0
PAR-002608,PN-EQ-08,2024-09-18,03:00:00,1.4,Operativa,Falta de mineral en cancha,393.0
PAR-000659,PN-EQ-02,2027-03-16,15:00:00,7.4,Preventiva,Mantenimiento programado (plan anual),15177.0
PAR-002791,PN-EQ-08,2026-08-29,14:00:00,7.6,Correctiva,Atoro de mineral / obstrucción,7741.0
PAR-000317,PN-EQ-01,2027-08-13,16:00:00,0.5,Correctiva,Falla mecánica - desgaste de componente,497.0
PAR-003500,PN-EQ-10,2026-05-14,06:00:00,6.0,Preventiva,Indeterminado,11303.0
PAR-001220,PN-EQ-04,2025-10-05,18:00:00,2.4,Correctiva,Falla mecánica - desgaste de componente,2651.0
PAR-003441,PN-EQ-10,2025-12-01,09:00:00,1.5,Correctiva,Falla eléctrica - motor/tablero,3208.0
PAR-000914,PN-EQ-03,2026-10-16,16:00:00,1.5,Operativa,Corte de energía externo,851.0
PAR-002060,PN-EQ-06,2025-10-02,00:00:00,6.1,Preventiva,Mantenimiento programado (plan anual),9983.0
PAR-002289,PN-EQ-07,2024-04-17,02:00:00,8.7,Correctiva,Falla eléctrica - motor/tablero,15489.0
PAR-000036,PN-EQ-01,2024-05-23,01:00:00,2.6,Operativa,Indeterminado,1368.0
PAR-002760,PN-EQ-08,2026-05-07,08:00:00,8.7,Preventiva,Indeterminado,6998.0
PAR-002653,PN-EQ-08,2025-04-07,03:00:00,5.6,Preventiva,Mantenimiento programado (plan anual),7447.0
PAR-001478,PN-EQ-05,2024-02-16,12:00:00,1.0,Operativa,Indeterminado,388.0
PAR-003190,PN-EQ-09,2027-09-09,00:00:00,1.4,Correctiva,Falla de lubricación,1894.0
PAR-002128,PN-EQ-06,2026-06-16,16:00:00,1.7,Operativa,Indeterminado,519.0
PAR-000736,PN-EQ-03,2024-03-18,14:00:00,8.5,Preventiva,Mantenimiento programado (plan anual),
PAR-002965,PN-EQ-09,2024-08-18,13:00:00,1.4,Correctiva,Rotura de faja/correa,1334.0
PAR-000785,PN-EQ-03,2025-01-01,14:00:00,0.6,Operativa,Falta de mineral en cancha,240.0
PAR-001645,PN-EQ-05,2025-09-17,00:00:00,20.0,Correctiva,Falla mecánica - desgaste de componente,22953.0
PAR-003508,PN-EQ-10,2026-06-05,12:00:00,1.7,Operativa,Corte de energía externo,925.0
PAR-001092,PN-EQ-04,2024-10-15,05:00:00,1.3,Operativa,Espera de insumos (reactivos/bolas de molienda),364.0
PAR-003412,PN-EQ-10,2025-08-31,02:00:00,8.5,Correctiva,Falla de lubricación,8096.0
PAR-001467,PN-EQ-05,2024-01-15,08:00:00,8.1,Preventiva,Mantenimiento programado (plan anual),10757.0
PAR-003663,PN-EQ-10,2027-10-14,00:00:00,1.4,Operativa,Falta de mineral en cancha,726.0
PAR-002029,PN-EQ-06,2025-05-26,10:00:00,5.8,Correctiva,Rotura de faja/correa,11084.0
PAR-000895,PN-EQ-03,2026-07-06,13:00:00,3.1,Correctiva,Falla eléctrica - motor/tablero,3303.0
PAR-003233,PN-EQ-10,2024-03-07,04:00:00,12.6,Correctiva,Indeterminado,19092.0
PAR-001258,PN-EQ-04,2026-02-16,03:00:00,10.9,Correctiva,Indeterminado,18163.0
PAR-000814,PN-EQ-03,2025-05-14,05:00:00,7.6,Preventiva,Mantenimiento programado (plan anual),10558.0
PAR-000474,PN-EQ-02,2025-04-05,02:00:00,3.6,Correctiva,Atoro de mineral / obstrucción,6408.0
PAR-001198,PN-EQ-04,2025-08-18,22:00:00,1.0,Operativa,Falta de mineral en cancha,214.0
PAR-000738,PN-EQ-03,2024-03-22,11:00:00,5.4,Correctiva,Atoro de mineral / obstrucción,9574.0
PAR-000880,PN-EQ-03,2026-05-05,01:00:00,7.2,Correctiva,Atoro de mineral / obstrucción,5934.0
PAR-003334,PN-EQ-10,2025-01-15,19:00:00,0.5,Operativa,Condiciones climáticas adversas,179.0
PAR-002366,PN-EQ-07,2025-07-15,10:00:00,1.1,Operativa,Condiciones climáticas adversas,359.0
PAR-000542,PN-EQ-02,2025-12-27,19:00:00,2.0,Correctiva,Falla eléctrica - motor/tablero,2283.0
PAR-002126,PN-EQ-06,2026-06-04,18:00:00,1.8,Correctiva,Falla de lubricación,2249.0
PAR-001348,PN-EQ-04,2026-12-20,06:00:00,7.8,Correctiva,Falla eléctrica - motor/tablero,9081.0
PAR-002991,PN-EQ-09,2025-01-12,09:00:00,3.6,Correctiva,Atoro de mineral / obstrucción,4899.0
PAR-000469,PN-EQ-02,2025-03-16,06:00:00,6.7,Preventiva,Mantenimiento programado (plan anual),13075.0
PAR-002765,PN-EQ-08,2026-05-23,15:00:00,4.3,Preventiva,Mantenimiento programado (plan anual),8182.0
PAR-003561,PN-EQ-10,2026-11-01,18:00:00,4.0,Correctiva,Falla mecánica - desgaste de componente,7471.0
PAR-002925,PN-EQ-09,2024-02-02,11:00:00,3.1,Correctiva,Atoro de mineral / obstrucción,4788.0
PAR-003449,PN-EQ-10,2025-12-24,04:00:00,8.3,Correctiva,Atoro de mineral / obstrucción,17382.0
PAR-000225,PN-EQ-01,2026-06-10,05:00:00,0.6,Correctiva,Falla de lubricación,
PAR-002309,PN-EQ-07,2024-08-14,02:00:00,3.5,Correctiva,Falla eléctrica - motor/tablero,3703.0
PAR-001816,PN-EQ-05,2027-05-09,03:00:00,11.5,Correctiva,Falla de lubricación,15506.0
PAR-001170,PN-EQ-04,2025-05-11,02:00:00,6.6,Preventiva,Mantenimiento programado (plan anual),9271.0
PAR-001670,PN-EQ-05,2026-01-03,10:00:00,1.9,Correctiva,Falla de lubricación,2335.0
PAR-001087,PN-EQ-04,2024-10-04,10:00:00,6.7,Correctiva,Falla de lubricación,12699.0
PAR-000422,PN-EQ-02,2024-09-23,09:00:00,1.8,Correctiva,Rotura de faja/correa,3163.0
PAR-000607,PN-EQ-02,2026-09-18,02:00:00,10.8,Correctiva,Falla eléctrica - motor/tablero,17193.0
PAR-002040,PN-EQ-06,2025-07-15,02:00:00,18.8,Correctiva,Indeterminado,26129.0
PAR-000864,PN-EQ-03,2026-02-22,03:00:00,2.7,Correctiva,Falla eléctrica - motor/tablero,4821.0
PAR-002472,PN-EQ-07,2026-12-11,08:00:00,4.5,Preventiva,Mantenimiento programado (plan anual),8514.0
PAR-001930,PN-EQ-06,2024-05-21,12:00:00,2.3,Correctiva,Falla mecánica - desgaste de componente,3229.0
PAR-002876,PN-EQ-08,2027-08-22,16:00:00,5.7,Preventiva,Mantenimiento programado (plan anual),9529.0
PAR-000751,PN-EQ-03,2024-05-26,18:00:00,1.0,Operativa,Corte de energía externo,547.0
PAR-000477,PN-EQ-02,2025-04-16,11:00:00,1.2,Operativa,Espera de insumos (reactivos/bolas de molienda),470.0
PAR-002155,PN-EQ-06,2026-10-10,13:00:00,6.0,Preventiva,Mantenimiento programado (plan anual),10733.0
PAR-002763,PN-EQ-08,2026-05-17,01:00:00,2.4,Operativa,Condiciones climáticas adversas,871.0
PAR-001080,PN-EQ-04,2024-09-16,16:00:00,2.4,Correctiva,Rotura de faja/correa,4003.0
PAR-000447,PN-EQ-02,2024-12-19,05:00:00,14.3,Correctiva,Atoro de mineral / obstrucción,18232.0
PAR-003434,PN-EQ-10,2025-11-17,05:00:00,6.9,Preventiva,Mantenimiento programado (plan anual),5933.0
PAR-002163,PN-EQ-06,2026-10-25,07:00:00,0.5,Correctiva,Atoro de mineral / obstrucción,542.0
PAR-001044,PN-EQ-04,2024-04-15,10:00:00,8.4,Correctiva,Falla mecánica - desgaste de componente,17028.0
PAR-000849,PN-EQ-03,2025-12-05,16:00:00,6.2,Preventiva,Mantenimiento programado (plan anual),6738.0
PAR-000023,PN-EQ-01,2024-03-28,07:00:00,10.7,Correctiva,Atoro de mineral / obstrucción,14105.0
PAR-003020,PN-EQ-09,2025-05-26,08:00:00,7.5,Correctiva,Falla mecánica - desgaste de componente,12371.0
PAR-001396,PN-EQ-04,2027-05-28,08:00:00,4.6,Preventiva,Mantenimiento programado (plan anual),4981.0
PAR-003416,PN-EQ-10,2025-09-28,01:00:00,20.0,Correctiva,Falla de lubricación,
PAR-003187,PN-EQ-09,2027-08-10,01:00:00,16.1,Correctiva,Falla eléctrica - motor/tablero,31027.0
PAR-002074,PN-EQ-06,2025-12-08,13:00:00,0.5,Correctiva,Falla eléctrica - motor/tablero,
PAR-002367,PN-EQ-07,2025-07-20,01:00:00,2.8,Operativa,Espera de insumos (reactivos/bolas de molienda),1255.0
PAR-000709,PN-EQ-02,2027-11-08,06:00:00,9.8,Correctiva,Falla mecánica - desgaste de componente,15284.0
PAR-001932,PN-EQ-06,2024-05-29,15:00:00,7.6,Preventiva,Mantenimiento programado (plan anual),9961.0
PAR-000049,PN-EQ-01,2024-07-25,03:00:00,3.3,Correctiva,Atoro de mineral / obstrucción,3487.0
PAR-002018,PN-EQ-06,2025-04-22,01:00:00,2.3,Operativa,Falta de mineral en cancha,964.0
PAR-002403,PN-EQ-07,2026-01-29,11:00:00,1.9,Operativa,Corte de energía externo,
PAR-001428,PN-EQ-04,2027-09-18,04:00:00,6.9,Correctiva,Atoro de mineral / obstrucción,14182.0
PAR-003067,PN-EQ-09,2026-01-23,05:00:00,4.2,Preventiva,Mantenimiento programado (plan anual),4418.0
PAR-000911,PN-EQ-03,2026-09-23,12:00:00,7.3,Correctiva,Falla de lubricación,15134.0
PAR-001217,PN-EQ-04,2025-10-02,02:00:00,20.0,Correctiva,Falla de lubricación,20044.0
PAR-001409,PN-EQ-04,2027-07-18,01:00:00,5.5,Preventiva,Mantenimiento programado (plan anual),9106.0
PAR-000344,PN-EQ-01,2027-11-08,03:00:00,1.6,Correctiva,Falla mecánica - desgaste de componente,3055.0
PAR-002114,PN-EQ-06,2026-05-05,00:00:00,6.9,Correctiva,Falla eléctrica - motor/tablero,11996.0
PAR-000497,PN-EQ-02,2025-07-09,04:00:00,2.2,Operativa,Corte de energía externo,796.0
PAR-001361,PN-EQ-04,2027-01-25,08:00:00,14.3,Correctiva,Falla de lubricación,27890.0
PAR-000110,PN-EQ-01,2025-02-16,00:00:00,4.8,Correctiva,Falla mecánica - desgaste de componente,8561.0
PAR-000530,PN-EQ-02,2025-11-01,02:00:00,7.6,Correctiva,Falla mecánica - desgaste de componente,10195.0
PAR-000953,PN-EQ-03,2027-04-05,01:00:00,11.3,Correctiva,Atoro de mineral / obstrucción,19713.0
PAR-003639,PN-EQ-10,2027-07-22,07:00:00,6.8,Preventiva,Mantenimiento programado (plan anual),14535.0
PAR-003659,PN-EQ-10,2027-09-25,15:00:00,2.6,Operativa,Falta de mineral en cancha,1384.0
PAR-002795,PN-EQ-08,2026-09-18,12:00:00,10.0,Correctiva,Falla mecánica - desgaste de componente,11412.0
PAR-001097,PN-EQ-04,2024-10-27,02:00:00,2.7,Operativa,Corte de energía externo,711.0
PAR-001060,PN-EQ-04,2024-07-03,07:00:00,5.7,Preventiva,Mantenimiento programado (plan anual),10476.0
PAR-003114,PN-EQ-09,2026-09-30,05:00:00,7.4,Preventiva,Mantenimiento programado (plan anual),8398.0
PAR-003212,PN-EQ-09,2027-12-14,07:00:00,1.1,Operativa,Espera de insumos (reactivos/bolas de molienda),341.0
PAR-002240,PN-EQ-06,2027-08-08,00:00:00,8.9,Correctiva,Rotura de faja/correa,16796.0
PAR-001918,PN-EQ-06,2024-03-29,03:00:00,2.9,Operativa,Corte de energía externo,1627.0
PAR-000168,PN-EQ-01,2025-10-12,01:00:00,0.9,Correctiva,Falla mecánica - desgaste de componente,1030.0
PAR-002242,PN-EQ-06,2027-08-12,15:00:00,6.3,Correctiva,Falla de lubricación,13818.0
PAR-003244,PN-EQ-10,2024-04-18,17:00:00,4.0,Correctiva,Indeterminado,5154.0
PAR-001151,PN-EQ-04,2025-03-21,09:00:00,11.9,Correctiva,Atoro de mineral / obstrucción,16326.0
PAR-002419,PN-EQ-07,2026-04-14,04:00:00,6.1,Preventiva,Mantenimiento programado (plan anual),10147.0
PAR-002762,PN-EQ-08,2026-05-11,01:00:00,15.2,Correctiva,Falla mecánica - desgaste de componente,16866.0
PAR-002715,PN-EQ-08,2025-12-07,17:00:00,1.1,Operativa,Espera de insumos (reactivos/bolas de molienda),609.0
PAR-003379,PN-EQ-10,2025-05-22,14:00:00,8.7,Correctiva,Falla mecánica - desgaste de componente,9770.0
PAR-000809,PN-EQ-03,2025-04-30,12:00:00,0.6,Correctiva,Falla eléctrica - motor/tablero,964.0
PAR-002702,PN-EQ-08,2025-10-15,00:00:00,5.6,Preventiva,Indeterminado,8124.0
PAR-002870,PN-EQ-08,2027-08-05,17:00:00,2.8,Correctiva,Falla eléctrica - motor/tablero,3825.0
PAR-003680,PN-EQ-10,2027-12-15,00:00:00,7.8,Preventiva,Mantenimiento programado (plan anual),15811.0
PAR-002430,PN-EQ-07,2026-06-11,02:00:00,5.8,Correctiva,Atoro de mineral / obstrucción,6446.0
PAR-001641,PN-EQ-05,2025-09-04,01:00:00,20.0,Correctiva,Atoro de mineral / obstrucción,24964.0
PAR-000612,PN-EQ-02,2026-10-15,06:00:00,0.5,Correctiva,Atoro de mineral / obstrucción,858.0
PAR-001851,PN-EQ-05,2027-08-16,00:00:00,12.7,Correctiva,Indeterminado,26415.0
PAR-000103,PN-EQ-01,2025-01-27,11:00:00,5.0,Correctiva,Falla mecánica - desgaste de componente,7600.0
PAR-000800,PN-EQ-03,2025-03-06,06:00:00,3.6,Correctiva,Falla eléctrica - motor/tablero,7445.0
PAR-000940,PN-EQ-03,2027-01-16,09:00:00,1.9,Operativa,Corte de energía externo,
PAR-001621,PN-EQ-05,2025-06-28,02:00:00,20.0,Correctiva,Indeterminado,39721.0
PAR-000937,PN-EQ-03,2027-01-06,09:00:00,5.6,Correctiva,Rotura de faja/correa,10132.0
PAR-002717,PN-EQ-08,2025-12-08,00:00:00,8.3,Preventiva,Mantenimiento programado (plan anual),16553.0
PAR-002226,PN-EQ-06,2027-06-25,14:00:00,0.8,Correctiva,Falla mecánica - desgaste de componente,1006.0
PAR-001021,PN-EQ-04,2024-02-06,07:00:00,10.8,Correctiva,Rotura de faja/correa,15747.0
PAR-003633,PN-EQ-10,2027-07-05,16:00:00,2.6,Operativa,Espera de insumos (reactivos/bolas de molienda),755.0
PAR-003483,PN-EQ-10,2026-03-13,11:00:00,5.1,Correctiva,Falla de lubricación,5416.0
PAR-000621,PN-EQ-02,2026-11-22,13:00:00,8.5,Preventiva,Mantenimiento programado (plan anual),14260.0
PAR-001928,PN-EQ-06,2024-05-11,02:00:00,0.8,Operativa,Condiciones climáticas adversas,166.0
PAR-001451,PN-EQ-04,2027-11-16,03:00:00,1.6,Operativa,Falta de mineral en cancha,654.0
PAR-000786,PN-EQ-03,2025-01-13,02:00:00,5.9,Preventiva,Mantenimiento programado (plan anual),9649.0
PAR-000968,PN-EQ-03,2027-06-08,11:00:00,8.2,Correctiva,Falla mecánica - desgaste de componente,10418.0
PAR-001581,PN-EQ-05,2025-02-25,04:00:00,1.5,Operativa,Falta de mineral en cancha,883.0
PAR-002277,PN-EQ-07,2024-02-27,01:00:00,0.7,Operativa,Corte de energía externo,353.0
PAR-003094,PN-EQ-09,2026-06-08,16:00:00,1.8,Operativa,Corte de energía externo,577.0
PAR-000162,PN-EQ-01,2025-10-04,13:00:00,2.1,Operativa,Falta de mineral en cancha,854.0
PAR-000475,PN-EQ-02,2025-04-07,08:00:00,1.2,Correctiva,Rotura de faja/correa,1661.0
PAR-003587,PN-EQ-10,2027-01-15,05:00:00,14.4,Correctiva,Falla mecánica - desgaste de componente,15332.0
PAR-003328,PN-EQ-10,2024-12-22,00:00:00,14.6,Correctiva,Falla eléctrica - motor/tablero,15412.0
PAR-001549,PN-EQ-05,2024-11-04,20:00:00,2.6,Operativa,Espera de insumos (reactivos/bolas de molienda),1281.0
PAR-002353,PN-EQ-07,2025-04-05,06:00:00,0.9,Correctiva,Falla mecánica - desgaste de componente,931.0
PAR-000990,PN-EQ-03,2027-09-14,01:00:00,3.5,Correctiva,Falla de lubricación,4872.0
PAR-002314,PN-EQ-07,2024-09-24,05:00:00,0.6,Operativa,Falta de mineral en cancha,337.0
PAR-000281,PN-EQ-01,2027-03-10,04:00:00,4.2,Correctiva,Falla mecánica - desgaste de componente,5050.0
PAR-001605,PN-EQ-05,2025-05-10,05:00:00,8.4,Preventiva,Mantenimiento programado (plan anual),
PAR-002557,PN-EQ-08,2024-01-23,03:00:00,5.5,Preventiva,Mantenimiento programado (plan anual),8445.0
PAR-001013,PN-EQ-04,2024-01-10,05:00:00,6.4,Correctiva,Falla eléctrica - motor/tablero,7236.0
PAR-000273,PN-EQ-01,2027-02-06,03:00:00,3.1,Correctiva,Falla mecánica - desgaste de componente,3764.0
PAR-002563,PN-EQ-08,2024-03-05,13:00:00,8.8,Preventiva,Mantenimiento programado (plan anual),9800.0
PAR-001265,PN-EQ-04,2026-03-01,01:00:00,5.3,Correctiva,Atoro de mineral / obstrucción,7882.0
PAR-000195,PN-EQ-01,2026-02-14,20:00:00,2.5,Operativa,Espera de insumos (reactivos/bolas de molienda),503.0
PAR-003632,PN-EQ-10,2027-06-29,02:00:00,7.2,Preventiva,Mantenimiento programado (plan anual),7503.0
PAR-000412,PN-EQ-02,2024-08-16,17:00:00,2.4,Operativa,Espera de insumos (reactivos/bolas de molienda),523.0
PAR-000354,PN-EQ-01,2027-12-19,10:00:00,9.7,Correctiva,Falla eléctrica - motor/tablero,14609.0
PAR-002026,PN-EQ-06,2025-05-17,05:00:00,5.3,Preventiva,Mantenimiento programado (plan anual),10102.0
PAR-000224,PN-EQ-01,2026-06-04,07:00:00,14.6,Correctiva,Indeterminado,15803.0
PAR-001081,PN-EQ-04,2024-09-18,03:00:00,20.0,Correctiva,Falla eléctrica - motor/tablero,25901.0
PAR-002543,PN-EQ-07,2027-11-24,05:00:00,7.5,Correctiva,Atoro de mineral / obstrucción,15887.0
PAR-002604,PN-EQ-08,2024-09-05,15:00:00,4.2,Preventiva,Mantenimiento programado (plan anual),5213.0
PAR-001473,PN-EQ-05,2024-02-01,08:00:00,0.6,Operativa,Condiciones climáticas adversas,165.0
PAR-001586,PN-EQ-05,2025-03-11,03:00:00,18.5,Correctiva,Atoro de mineral / obstrucción,17290.0
PAR-002356,PN-EQ-07,2025-05-12,12:00:00,7.2,Preventiva,Mantenimiento programado (plan anual),11914.0
PAR-001659,PN-EQ-05,2025-11-22,06:00:00,4.6,Preventiva,Mantenimiento programado (plan anual),7347.0
PAR-000632,PN-EQ-02,2026-12-29,00:00:00,2.1,Operativa,Corte de energía externo,1255.0
PAR-002817,PN-EQ-08,2026-12-22,09:00:00,7.9,Preventiva,Mantenimiento programado (plan anual),6367.0
PAR-003288,PN-EQ-10,2024-08-24,02:00:00,6.7,Correctiva,Falla mecánica - desgaste de componente,12949.0
PAR-002130,PN-EQ-06,2026-06-24,06:00:00,5.7,Preventiva,Mantenimiento programado (plan anual),8847.0
PAR-003253,PN-EQ-10,2024-05-24,00:00:00,0.7,Operativa,Espera de insumos (reactivos/bolas de molienda),268.0
PAR-002883,PN-EQ-08,2027-09-19,00:00:00,0.6,Operativa,Corte de energía externo,223.0
PAR-003132,PN-EQ-09,2026-12-09,01:00:00,8.2,Preventiva,Mantenimiento programado (plan anual),15465.0
PAR-000848,PN-EQ-03,2025-11-29,18:00:00,1.4,Operativa,Espera de insumos (reactivos/bolas de molienda),776.0
PAR-003600,PN-EQ-10,2027-03-20,13:00:00,8.4,Correctiva,Falla mecánica - desgaste de componente,11393.0
PAR-001127,PN-EQ-04,2025-02-03,07:00:00,10.2,Correctiva,Falla de lubricación,
PAR-000515,PN-EQ-02,2025-09-13,04:00:00,16.1,Correctiva,Falla eléctrica - motor/tablero,13961.0
PAR-003136,PN-EQ-09,2026-12-24,19:00:00,2.0,Operativa,Corte de energía externo,445.0
PAR-000347,PN-EQ-01,2027-11-27,10:00:00,7.6,Preventiva,Mantenimiento programado (plan anual),9994.0
PAR-001391,PN-EQ-04,2027-05-19,02:00:00,1.4,Correctiva,Atoro de mineral / obstrucción,2271.0
PAR-000074,PN-EQ-01,2024-10-19,19:00:00,2.5,Operativa,Espera de insumos (reactivos/bolas de molienda),848.0
PAR-003586,PN-EQ-10,2027-01-14,13:00:00,9.7,Correctiva,Indeterminado,18126.0
PAR-002523,PN-EQ-07,2027-08-18,04:00:00,2.3,Operativa,Espera de insumos (reactivos/bolas de molienda),1098.0
PAR-001841,PN-EQ-05,2027-07-19,05:00:00,1.7,Operativa,Falta de mineral en cancha,746.0
PAR-000126,PN-EQ-01,2025-04-26,09:00:00,7.4,Correctiva,Rotura de faja/correa,11950.0
PAR-002250,PN-EQ-06,2027-09-30,04:00:00,4.3,Correctiva,Falla mecánica - desgaste de componente,3672.0
PAR-000065,PN-EQ-01,2024-09-13,14:00:00,2.9,Operativa,Falta de mineral en cancha,636.0
PAR-002389,PN-EQ-07,2025-11-15,05:00:00,8.2,Preventiva,Mantenimiento programado (plan anual),12150.0
PAR-003304,PN-EQ-10,2024-10-12,13:00:00,9.1,Correctiva,Falla de lubricación,14341.0
PAR-000942,PN-EQ-03,2027-01-21,19:00:00,1.2,Correctiva,Atoro de mineral / obstrucción,1350.0
PAR-003231,PN-EQ-10,2024-03-02,01:00:00,20.0,Correctiva,Falla mecánica - desgaste de componente,23851.0
PAR-001147,PN-EQ-04,2025-03-11,16:00:00,4.5,Preventiva,Mantenimiento programado (plan anual),5344.0
PAR-002173,PN-EQ-06,2026-11-16,03:00:00,4.7,Correctiva,Falla eléctrica - motor/tablero,5407.0
PAR-003072,PN-EQ-09,2026-02-23,08:00:00,7.8,Correctiva,Atoro de mineral / obstrucción,16598.0
PAR-001919,PN-EQ-06,2024-03-31,01:00:00,4.5,Correctiva,Atoro de mineral / obstrucción,7942.0
PAR-003096,PN-EQ-09,2026-06-26,06:00:00,8.0,Preventiva,Mantenimiento programado (plan anual),
PAR-001591,PN-EQ-05,2025-03-26,03:00:00,8.3,Correctiva,Indeterminado,13478.0
PAR-000917,PN-EQ-03,2026-10-20,17:00:00,1.8,Operativa,Espera de insumos (reactivos/bolas de molienda),821.0
PAR-000687,PN-EQ-02,2027-07-31,00:00:00,2.3,Correctiva,Falla mecánica - desgaste de componente,3231.0
PAR-003326,PN-EQ-10,2024-12-13,03:00:00,20.0,Correctiva,Falla de lubricación,28953.0
PAR-001860,PN-EQ-05,2027-09-14,18:00:00,0.6,Operativa,Espera de insumos (reactivos/bolas de molienda),176.0
PAR-001282,PN-EQ-04,2026-05-06,10:00:00,7.7,Preventiva,Mantenimiento programado (plan anual),15197.0
PAR-002941,PN-EQ-09,2024-04-23,01:00:00,6.1,Preventiva,Mantenimiento programado (plan anual),13061.0
PAR-003323,PN-EQ-10,2024-12-09,03:00:00,5.9,Correctiva,Atoro de mineral / obstrucción,7894.0
PAR-001801,PN-EQ-05,2027-03-21,10:00:00,2.0,Correctiva,Rotura de faja/correa,1625.0
PAR-000658,PN-EQ-02,2027-03-14,17:00:00,1.4,Correctiva,Indeterminado,
PAR-001381,PN-EQ-04,2027-04-26,07:00:00,3.0,Correctiva,Falla de lubricación,5414.0
PAR-000174,PN-EQ-01,2025-11-14,07:00:00,4.9,Correctiva,Atoro de mineral / obstrucción,4321.0
PAR-002658,PN-EQ-08,2025-04-30,18:00:00,2.6,Operativa,Espera de insumos (reactivos/bolas de molienda),824.0
PAR-001437,PN-EQ-04,2027-10-11,04:00:00,15.7,Correctiva,Atoro de mineral / obstrucción,29907.0
PAR-002390,PN-EQ-07,2025-11-27,10:00:00,7.3,Correctiva,Rotura de faja/correa,11681.0
PAR-000978,PN-EQ-03,2027-07-28,15:00:00,2.2,Correctiva,Atoro de mineral / obstrucción,3992.0
PAR-002225,PN-EQ-06,2027-06-22,11:00:00,8.7,Preventiva,Mantenimiento programado (plan anual),12220.0
PAR-003005,PN-EQ-09,2025-03-27,08:00:00,2.8,Operativa,Falta de mineral en cancha,1465.0
PAR-002190,PN-EQ-06,2027-02-08,11:00:00,5.9,Correctiva,Rotura de faja/correa,6948.0
PAR-001769,PN-EQ-05,2026-11-18,08:00:00,1.2,Operativa,Espera de insumos (reactivos/bolas de molienda),482.0
PAR-003102,PN-EQ-09,2026-08-03,08:00:00,0.5,Operativa,Corte de energía externo,225.0
PAR-000939,PN-EQ-03,2027-01-08,21:00:00,1.7,Correctiva,Falla eléctrica - motor/tablero,1826.0
PAR-003471,PN-EQ-10,2026-02-18,03:00:00,20.0,Correctiva,Rotura de faja/correa,17467.0
PAR-000562,PN-EQ-02,2026-03-02,08:00:00,14.4,Correctiva,Falla eléctrica - motor/tablero,26917.0
PAR-002623,PN-EQ-08,2024-11-19,03:00:00,4.9,Preventiva,Mantenimiento programado (plan anual),5140.0
PAR-002122,PN-EQ-06,2026-06-02,02:00:00,6.2,Preventiva,Mantenimiento programado (plan anual),9912.0
PAR-000020,PN-EQ-01,2024-03-24,07:00:00,13.7,Correctiva,Falla mecánica - desgaste de componente,15123.0
PAR-000575,PN-EQ-02,2026-05-15,20:00:00,2.5,Correctiva,Rotura de faja/correa,4970.0
PAR-002735,PN-EQ-08,2026-02-12,16:00:00,6.0,Correctiva,Atoro de mineral / obstrucción,12810.0
PAR-002048,PN-EQ-06,2025-08-11,01:00:00,2.2,Operativa,Corte de energía externo,1034.0
PAR-002621,PN-EQ-08,2024-11-17,13:00:00,1.4,Operativa,Corte de energía externo,350.0
PAR-003501,PN-EQ-10,2026-05-15,07:00:00,10.2,Correctiva,Falla mecánica - desgaste de componente,18628.0
PAR-002372,PN-EQ-07,2025-08-16,05:00:00,2.3,Operativa,Condiciones climáticas adversas,523.0
PAR-003259,PN-EQ-10,2024-06-08,03:00:00,16.2,Correctiva,Falla eléctrica - motor/tablero,28789.0
PAR-000399,PN-EQ-02,2024-07-01,16:00:00,5.0,Preventiva,Mantenimiento programado (plan anual),6221.0
PAR-001936,PN-EQ-06,2024-06-19,18:00:00,0.8,Correctiva,Falla mecánica - desgaste de componente,940.0
PAR-002084,PN-EQ-06,2026-01-19,12:00:00,7.1,Correctiva,Rotura de faja/correa,8686.0
PAR-001988,PN-EQ-06,2024-12-21,05:00:00,6.1,Correctiva,Falla eléctrica - motor/tablero,9968.0
PAR-001989,PN-EQ-06,2024-12-23,15:00:00,1.1,Correctiva,Rotura de faja/correa,2192.0
PAR-000149,PN-EQ-01,2025-07-25,16:00:00,3.0,Operativa,Corte de energía externo,1526.0
PAR-002739,PN-EQ-08,2026-02-27,09:00:00,1.7,Operativa,Indeterminado,412.0
PAR-000090,PN-EQ-01,2024-12-21,00:00:00,2.6,Operativa,Corte de energía externo,1198.0
PAR-002936,PN-EQ-09,2024-04-05,06:00:00,1.5,Operativa,Falta de mineral en cancha,817.0
PAR-003044,PN-EQ-09,2025-09-09,13:00:00,9.1,Correctiva,Atoro de mineral / obstrucción,7995.0
PAR-002485,PN-EQ-07,2027-02-11,17:00:00,2.9,Correctiva,Falla eléctrica - motor/tablero,3509.0
PAR-000507,PN-EQ-02,2025-08-17,03:00:00,7.3,Preventiva,Mantenimiento programado (plan anual),9859.0
PAR-002078,PN-EQ-06,2025-12-28,03:00:00,1.5,Operativa,Falta de mineral en cancha,819.0
PAR-003026,PN-EQ-09,2025-06-11,13:00:00,2.1,Operativa,Falta de mineral en cancha,805.0
PAR-003676,PN-EQ-10,2027-11-25,03:00:00,7.4,Correctiva,Falla eléctrica - motor/tablero,13225.0
PAR-000069,PN-EQ-01,2024-09-26,19:00:00,1.3,Operativa,Espera de insumos (reactivos/bolas de molienda),516.0
PAR-001093,PN-EQ-04,2024-10-16,04:00:00,7.5,Preventiva,Mantenimiento programado (plan anual),13587.0
PAR-001795,PN-EQ-05,2027-03-02,06:00:00,8.4,Preventiva,Mantenimiento programado (plan anual),17610.0
PAR-000167,PN-EQ-01,2025-10-11,10:00:00,5.7,Preventiva,Mantenimiento programado (plan anual),10707.0
PAR-001550,PN-EQ-05,2024-11-05,00:00:00,20.0,Correctiva,Rotura de faja/correa,28034.0
PAR-003344,PN-EQ-10,2025-02-17,02:00:00,1.9,Operativa,Corte de energía externo,903.0
PAR-000964,PN-EQ-03,2027-06-05,22:00:00,0.5,Correctiva,Rotura de faja/correa,500.0
PAR-002123,PN-EQ-06,2026-06-02,17:00:00,0.7,Correctiva,Falla mecánica - desgaste de componente,836.0
PAR-003021,PN-EQ-09,2025-06-03,02:00:00,1.1,Correctiva,Falla de lubricación,2248.0
PAR-001814,PN-EQ-05,2027-05-04,03:00:00,15.0,Correctiva,Rotura de faja/correa,26588.0
PAR-001740,PN-EQ-05,2026-08-12,09:00:00,3.9,Correctiva,Atoro de mineral / obstrucción,5010.0
PAR-000799,PN-EQ-03,2025-03-06,10:00:00,1.7,Operativa,Falta de mineral en cancha,956.0
PAR-001779,PN-EQ-05,2026-12-30,01:00:00,6.2,Correctiva,Indeterminado,6651.0
PAR-000887,PN-EQ-03,2026-06-10,15:00:00,2.4,Operativa,Espera de insumos (reactivos/bolas de molienda),1213.0
PAR-003110,PN-EQ-09,2026-09-12,15:00:00,5.1,Preventiva,Mantenimiento programado (plan anual),9434.0
PAR-001881,PN-EQ-05,2027-10-31,13:00:00,6.8,Correctiva,Falla mecánica - desgaste de componente,6963.0
PAR-003618,PN-EQ-10,2027-05-22,17:00:00,4.5,Preventiva,Mantenimiento programado (plan anual),8975.0
PAR-000903,PN-EQ-03,2026-08-16,18:00:00,3.3,Correctiva,Falla eléctrica - motor/tablero,5382.0
PAR-000868,PN-EQ-03,2026-03-15,16:00:00,6.7,Correctiva,Falla de lubricación,13121.0
PAR-000912,PN-EQ-03,2026-10-10,09:00:00,5.5,Preventiva,Mantenimiento programado (plan anual),5320.0
PAR-002827,PN-EQ-08,2027-02-03,08:00:00,9.0,Correctiva,Falla mecánica - desgaste de componente,14225.0
PAR-003634,PN-EQ-10,2027-07-08,03:00:00,20.0,Correctiva,Atoro de mineral / obstrucción,28138.0
PAR-000053,PN-EQ-01,2024-07-30,00:00:00,5.6,Preventiva,Mantenimiento programado (plan anual),7211.0
PAR-003536,PN-EQ-10,2026-08-14,16:00:00,1.3,Operativa,Condiciones climáticas adversas,395.0
PAR-001269,PN-EQ-04,2026-03-17,14:00:00,7.9,Preventiva,Mantenimiento programado (plan anual),6509.0
PAR-001503,PN-EQ-05,2024-05-17,03:00:00,0.5,Correctiva,Falla mecánica - desgaste de componente,1062.0
PAR-001794,PN-EQ-05,2027-02-28,02:00:00,8.8,Correctiva,Falla mecánica - desgaste de componente,13317.0
PAR-002432,PN-EQ-07,2026-06-15,07:00:00,12.0,Correctiva,Falla mecánica - desgaste de componente,23459.0
PAR-002209,PN-EQ-06,2027-04-10,00:00:00,1.6,Operativa,Falta de mineral en cancha,335.0
PAR-002345,PN-EQ-07,2025-02-17,08:00:00,2.8,Operativa,Corte de energía externo,1172.0
PAR-001248,PN-EQ-04,2026-01-16,14:00:00,8.4,Correctiva,Rotura de faja/correa,7770.0
PAR-001570,PN-EQ-05,2025-01-30,16:00:00,3.7,Correctiva,Falla eléctrica - motor/tablero,5853.0
PAR-001578,PN-EQ-05,2025-02-21,16:00:00,4.2,Correctiva,Rotura de faja/correa,3398.0
PAR-003193,PN-EQ-09,2027-09-22,03:00:00,10.4,Correctiva,Falla de lubricación,16781.0
PAR-000400,PN-EQ-02,2024-07-08,07:00:00,2.7,Correctiva,Rotura de faja/correa,4871.0
PAR-001824,PN-EQ-05,2027-06-05,03:00:00,4.0,Preventiva,Mantenimiento programado (plan anual),5155.0
PAR-000200,PN-EQ-01,2026-02-27,17:00:00,4.4,Correctiva,Rotura de faja/correa,4113.0
PAR-002482,PN-EQ-07,2027-02-04,08:00:00,7.6,Preventiva,Mantenimiento programado (plan anual),16284.0
PAR-003678,PN-EQ-10,2027-12-04,04:00:00,16.2,Correctiva,Falla eléctrica - motor/tablero,34500.0
PAR-000178,PN-EQ-01,2025-12-03,04:00:00,4.1,Correctiva,Falla mecánica - desgaste de componente,6225.0
PAR-000251,PN-EQ-01,2026-10-31,10:00:00,1.8,Operativa,Corte de energía externo,686.0
PAR-002183,PN-EQ-06,2026-12-22,09:00:00,12.3,Correctiva,Falla mecánica - desgaste de componente,13973.0
PAR-003390,PN-EQ-10,2025-06-27,07:00:00,4.5,Correctiva,Falla mecánica - desgaste de componente,9421.0
PAR-002874,PN-EQ-08,2027-08-20,02:00:00,1.2,Operativa,Indeterminado,475.0
PAR-002643,PN-EQ-08,2025-02-21,08:00:00,1.1,Operativa,Condiciones climáticas adversas,573.0
PAR-002703,PN-EQ-08,2025-10-28,02:00:00,0.5,Correctiva,Falla eléctrica - motor/tablero,1065.0
PAR-003175,PN-EQ-09,2027-06-23,00:00:00,20.0,Correctiva,Falla de lubricación,31780.0
PAR-003041,PN-EQ-09,2025-08-20,07:00:00,10.6,Correctiva,Falla mecánica - desgaste de componente,15914.0
PAR-001694,PN-EQ-05,2026-03-22,03:00:00,7.5,Preventiva,Indeterminado,16080.0
PAR-000391,PN-EQ-02,2024-05-19,20:00:00,0.6,Correctiva,Falla de lubricación,1254.0
PAR-001239,PN-EQ-04,2025-12-13,08:00:00,0.7,Correctiva,Falla de lubricación,896.0
PAR-001689,PN-EQ-05,2026-03-01,05:00:00,15.4,Correctiva,Rotura de faja/correa,22751.0
PAR-001033,PN-EQ-04,2024-03-14,06:00:00,1.1,Correctiva,Falla de lubricación,1879.0
PAR-001620,PN-EQ-05,2025-06-24,10:00:00,6.2,Preventiva,Mantenimiento programado (plan anual),12350.0
PAR-000793,PN-EQ-03,2025-02-12,16:00:00,2.7,Operativa,Espera de insumos (reactivos/bolas de molienda),1131.0
PAR-000202,PN-EQ-01,2026-03-07,09:00:00,3.5,Correctiva,Falla mecánica - desgaste de componente,2836.0
PAR-002812,PN-EQ-08,2026-12-08,06:00:00,4.4,Preventiva,Mantenimiento programado (plan anual),5581.0
PAR-000360,PN-EQ-02,2024-01-26,12:00:00,5.9,Correctiva,Falla eléctrica - motor/tablero,10770.0
PAR-003117,PN-EQ-09,2026-10-23,19:00:00,2.6,Operativa,Condiciones climáticas adversas,1103.0
PAR-001944,PN-EQ-06,2024-07-19,03:00:00,2.2,Correctiva,Atoro de mineral / obstrucción,3093.0
PAR-000324,PN-EQ-01,2027-09-04,08:00:00,1.7,Operativa,Corte de energía externo,360.0
PAR-003242,PN-EQ-10,2024-04-16,03:00:00,2.3,Correctiva,Indeterminado,3229.0
PAR-002020,PN-EQ-06,2025-04-28,02:00:00,8.7,Preventiva,Mantenimiento programado (plan anual),18980.0
PAR-002708,PN-EQ-08,2025-11-06,10:00:00,0.5,Correctiva,Falla eléctrica - motor/tablero,542.0
PAR-001063,PN-EQ-04,2024-07-11,02:00:00,16.9,Correctiva,Falla mecánica - desgaste de componente,23015.0
PAR-002645,PN-EQ-08,2025-02-26,04:00:00,6.4,Correctiva,Atoro de mineral / obstrucción,12678.0
PAR-002079,PN-EQ-06,2026-01-03,10:00:00,4.8,Preventiva,Mantenimiento programado (plan anual),9573.0
PAR-003599,PN-EQ-10,2027-03-12,19:00:00,0.5,Correctiva,Falla eléctrica - motor/tablero,413.0
PAR-002061,PN-EQ-06,2025-10-17,03:00:00,0.5,Correctiva,Falla eléctrica - motor/tablero,964.0
PAR-003130,PN-EQ-09,2026-12-01,15:00:00,1.1,Operativa,Corte de energía externo,633.0
PAR-002565,PN-EQ-08,2024-03-12,18:00:00,1.9,Operativa,Condiciones climáticas adversas,1019.0
PAR-003348,PN-EQ-10,2025-02-21,10:00:00,5.7,Correctiva,Falla eléctrica - motor/tablero,11027.0
PAR-002509,PN-EQ-07,2027-06-08,07:00:00,1.8,Operativa,Condiciones climáticas adversas,837.0
PAR-000106,PN-EQ-01,2025-02-03,20:00:00,0.9,Correctiva,Indeterminado,1392.0
PAR-002519,PN-EQ-07,2027-07-30,09:00:00,10.3,Correctiva,Falla mecánica - desgaste de componente,19332.0
PAR-001228,PN-EQ-04,2025-11-05,04:00:00,3.6,Correctiva,Falla de lubricación,3655.0
PAR-003422,PN-EQ-10,2025-10-12,03:00:00,7.9,Correctiva,Falla mecánica - desgaste de componente,15480.0
PAR-001369,PN-EQ-04,2027-02-28,09:00:00,12.3,Correctiva,Falla eléctrica - motor/tablero,15874.0
PAR-000703,PN-EQ-02,2027-10-12,13:00:00,9.0,Preventiva,Mantenimiento programado (plan anual),18774.0
PAR-002603,PN-EQ-08,2024-08-31,16:00:00,0.8,Operativa,Corte de energía externo,241.0
PAR-002339,PN-EQ-07,2025-01-25,17:00:00,1.2,Operativa,Indeterminado,541.0
PAR-001340,PN-EQ-04,2026-11-16,00:00:00,17.3,Correctiva,Falla de lubricación,32610.0
PAR-001558,PN-EQ-05,2024-12-02,21:00:00,0.6,Operativa,Condiciones climáticas adversas,200.0
PAR-001389,PN-EQ-04,2027-05-13,16:00:00,5.9,Preventiva,Mantenimiento programado (plan anual),9184.0
PAR-000624,PN-EQ-02,2026-12-04,09:00:00,0.5,Correctiva,Falla eléctrica - motor/tablero,736.0
PAR-000223,PN-EQ-01,2026-06-04,04:00:00,2.1,Operativa,Indeterminado,532.0
PAR-003520,PN-EQ-10,2026-07-01,15:00:00,2.9,Correctiva,Atoro de mineral / obstrucción,3786.0
PAR-000209,PN-EQ-01,2026-04-13,09:00:00,1.6,Operativa,Espera de insumos (reactivos/bolas de molienda),375.0
PAR-002089,PN-EQ-06,2026-02-09,02:00:00,13.5,Correctiva,Falla eléctrica - motor/tablero,22792.0
PAR-002273,PN-EQ-07,2024-02-13,16:00:00,1.9,Operativa,Condiciones climáticas adversas,426.0
PAR-001671,PN-EQ-05,2026-01-04,22:00:00,0.5,Correctiva,Rotura de faja/correa,728.0
PAR-001115,PN-EQ-04,2025-01-02,08:00:00,8.2,Preventiva,Mantenimiento programado (plan anual),17358.0
PAR-000275,PN-EQ-01,2027-02-14,08:00:00,0.6,Operativa,Corte de energía externo,224.0
PAR-001216,PN-EQ-04,2025-10-01,13:00:00,1.0,Correctiva,Atoro de mineral / obstrucción,1010.0
PAR-003153,PN-EQ-09,2027-03-26,14:00:00,2.5,Operativa,Falta de mineral en cancha,1434.0
PAR-002452,PN-EQ-07,2026-09-09,01:00:00,5.9,Preventiva,Mantenimiento programado (plan anual),10339.0
PAR-002463,PN-EQ-07,2026-10-28,02:00:00,14.9,Correctiva,Falla eléctrica - motor/tablero,12380.0
PAR-002252,PN-EQ-06,2027-10-16,06:00:00,1.3,Operativa,Falta de mineral en cancha,633.0
PAR-003052,PN-EQ-09,2025-10-17,15:00:00,1.9,Operativa,Falta de mineral en cancha,435.0
PAR-003271,PN-EQ-10,2024-07-17,13:00:00,2.5,Operativa,Espera de insumos (reactivos/bolas de molienda),
PAR-001231,PN-EQ-04,2025-11-11,09:00:00,2.5,Operativa,Espera de insumos (reactivos/bolas de molienda),1297.0
PAR-000692,PN-EQ-02,2027-08-29,07:00:00,0.5,Correctiva,Rotura de faja/correa,
PAR-000580,PN-EQ-02,2026-06-03,08:00:00,14.0,Correctiva,Falla de lubricación,16171.0
PAR-003407,PN-EQ-10,2025-08-07,06:00:00,3.2,Correctiva,Falla eléctrica - motor/tablero,6296.0
PAR-002090,PN-EQ-06,2026-02-10,16:00:00,6.0,Preventiva,Mantenimiento programado (plan anual),5229.0
PAR-003361,PN-EQ-10,2025-04-03,11:00:00,5.9,Correctiva,Rotura de faja/correa,5719.0
PAR-000305,PN-EQ-01,2027-06-09,14:00:00,1.6,Operativa,Espera de insumos (reactivos/bolas de molienda),489.0
PAR-000837,PN-EQ-03,2025-10-07,15:00:00,1.8,Operativa,Condiciones climáticas adversas,1002.0
PAR-002117,PN-EQ-06,2026-05-12,07:00:00,8.4,Preventiva,Mantenimiento programado (plan anual),8460.0
PAR-003309,PN-EQ-10,2024-10-18,01:00:00,20.0,Correctiva,Falla eléctrica - motor/tablero,37723.0
PAR-001159,PN-EQ-04,2025-04-11,05:00:00,9.9,Correctiva,Atoro de mineral / obstrucción,9626.0
PAR-002099,PN-EQ-06,2026-03-04,15:00:00,7.3,Correctiva,Atoro de mineral / obstrucción,14229.0
PAR-002616,PN-EQ-08,2024-10-25,06:00:00,12.4,Correctiva,Falla de lubricación,20989.0
PAR-003182,PN-EQ-09,2027-07-20,10:00:00,1.2,Correctiva,Rotura de faja/correa,2225.0
PAR-002310,PN-EQ-07,2024-08-28,13:00:00,8.1,Preventiva,Mantenimiento programado (plan anual),8108.0
PAR-000443,PN-EQ-02,2024-12-05,12:00:00,1.7,Correctiva,Falla eléctrica - motor/tablero,1466.0
PAR-001845,PN-EQ-05,2027-07-23,06:00:00,13.0,Correctiva,Atoro de mineral / obstrucción,10955.0
PAR-000453,PN-EQ-02,2025-01-03,15:00:00,4.0,Preventiva,Mantenimiento programado (plan anual),5379.0
PAR-002932,PN-EQ-09,2024-03-22,15:00:00,3.0,Correctiva,Rotura de faja/correa,4411.0
PAR-001077,PN-EQ-04,2024-09-06,00:00:00,18.8,Correctiva,Falla mecánica - desgaste de componente,19003.0
PAR-003601,PN-EQ-10,2027-03-26,03:00:00,20.0,Correctiva,Falla mecánica - desgaste de componente,30578.0
PAR-001032,PN-EQ-04,2024-03-13,00:00:00,0.6,Operativa,Espera de insumos (reactivos/bolas de molienda),285.0
PAR-000628,PN-EQ-02,2026-12-16,05:00:00,13.7,Correctiva,Falla de lubricación,18758.0
PAR-001206,PN-EQ-04,2025-09-05,12:00:00,3.1,Correctiva,Rotura de faja/correa,4237.0
PAR-001149,PN-EQ-04,2025-03-18,14:00:00,2.0,Operativa,Falta de mineral en cancha,1058.0
PAR-001172,PN-EQ-04,2025-05-14,10:00:00,1.7,Correctiva,Falla mecánica - desgaste de componente,3131.0
PAR-000571,PN-EQ-02,2026-04-27,04:00:00,1.9,Correctiva,Atoro de mineral / obstrucción,2762.0
PAR-000476,PN-EQ-02,2025-04-15,18:00:00,2.3,Operativa,Falta de mineral en cancha,
PAR-000534,PN-EQ-02,2025-11-22,15:00:00,5.1,Correctiva,Atoro de mineral / obstrucción,9461.0
PAR-001842,PN-EQ-05,2027-07-19,01:00:00,2.8,Correctiva,Atoro de mineral / obstrucción,2490.0
PAR-001831,PN-EQ-05,2027-06-20,06:00:00,8.2,Preventiva,Mantenimiento programado (plan anual),15505.0
PAR-000403,PN-EQ-02,2024-07-13,09:00:00,0.5,Correctiva,Rotura de faja/correa,844.0
PAR-002098,PN-EQ-06,2026-03-03,02:00:00,1.3,Correctiva,Atoro de mineral / obstrucción,2481.0
PAR-001112,PN-EQ-04,2024-12-18,01:00:00,7.5,Correctiva,Atoro de mineral / obstrucción,8285.0
PAR-002917,PN-EQ-09,2024-01-07,09:00:00,2.6,Operativa,Espera de insumos (reactivos/bolas de molienda),777.0
PAR-002967,PN-EQ-09,2024-08-29,05:00:00,2.1,Correctiva,Rotura de faja/correa,4341.0
PAR-003683,PN-EQ-10,2027-12-29,14:00:00,7.5,Preventiva,Mantenimiento programado (plan anual),8668.0
PAR-001303,PN-EQ-04,2026-07-11,11:00:00,9.4,Correctiva,Falla mecánica - desgaste de componente,12753.0
PAR-002736,PN-EQ-08,2026-02-21,05:00:00,8.1,Preventiva,Mantenimiento programado (plan anual),9302.0
PAR-003358,PN-EQ-10,2025-03-27,08:00:00,5.5,Correctiva,Falla mecánica - desgaste de componente,7920.0
PAR-001678,PN-EQ-05,2026-01-30,15:00:00,2.8,Correctiva,Atoro de mineral / obstrucción,4733.0
PAR-001004,PN-EQ-03,2027-12-06,00:00:00,3.9,Correctiva,Atoro de mineral / obstrucción,7554.0
PAR-002517,PN-EQ-07,2027-07-29,00:00:00,0.5,Operativa,Falta de mineral en cancha,287.0
PAR-003472,PN-EQ-10,2026-02-21,04:00:00,7.7,Correctiva,Falla eléctrica - motor/tablero,10949.0
PAR-000532,PN-EQ-02,2025-11-03,15:00:00,7.7,Preventiva,Mantenimiento programado (plan anual),11775.0
PAR-003280,PN-EQ-10,2024-08-06,03:00:00,3.0,Operativa,Falta de mineral en cancha,1071.0
PAR-003092,PN-EQ-09,2026-06-05,03:00:00,7.1,Preventiva,Mantenimiento programado (plan anual),7363.0
PAR-001492,PN-EQ-05,2024-04-01,03:00:00,20.0,Correctiva,Atoro de mineral / obstrucción,16898.0
PAR-002002,PN-EQ-06,2025-02-19,19:00:00,2.7,Operativa,Espera de insumos (reactivos/bolas de molienda),1272.0
PAR-002494,PN-EQ-07,2027-03-16,05:00:00,2.3,Operativa,Condiciones climáticas adversas,1004.0
PAR-000611,PN-EQ-02,2026-10-13,08:00:00,2.3,Operativa,Condiciones climáticas adversas,1071.0
PAR-001011,PN-EQ-04,2024-01-08,18:00:00,0.5,Correctiva,Falla eléctrica - motor/tablero,958.0
PAR-001422,PN-EQ-04,2027-08-29,02:00:00,20.0,Correctiva,Rotura de faja/correa,29288.0
PAR-002254,PN-EQ-06,2027-11-05,14:00:00,7.7,Preventiva,Mantenimiento programado (plan anual),12954.0
PAR-001055,PN-EQ-04,2024-06-08,05:00:00,1.8,Correctiva,Rotura de faja/correa,1659.0
PAR-000718,PN-EQ-02,2027-12-26,18:00:00,1.7,Operativa,Falta de mineral en cancha,764.0
PAR-002167,PN-EQ-06,2026-10-29,13:00:00,0.8,Operativa,Corte de energía externo,192.0
PAR-003003,PN-EQ-09,2025-03-22,09:00:00,1.7,Operativa,Corte de energía externo,395.0
PAR-001712,PN-EQ-05,2026-05-11,06:00:00,1.2,Operativa,Espera de insumos (reactivos/bolas de molienda),512.0
PAR-002546,PN-EQ-07,2027-12-16,17:00:00,1.1,Correctiva,Rotura de faja/correa,1441.0
PAR-000572,PN-EQ-02,2026-05-03,08:00:00,0.7,Correctiva,Indeterminado,817.0
PAR-000060,PN-EQ-01,2024-08-22,05:00:00,13.2,Correctiva,Falla de lubricación,17800.0
PAR-000166,PN-EQ-01,2025-10-10,17:00:00,5.5,Correctiva,Falla de lubricación,5931.0
PAR-000844,PN-EQ-03,2025-11-12,00:00:00,1.6,Correctiva,Indeterminado,2266.0
PAR-000219,PN-EQ-01,2026-05-08,09:00:00,5.1,Correctiva,Falla eléctrica - motor/tablero,10048.0
PAR-001529,PN-EQ-05,2024-08-27,02:00:00,7.8,Preventiva,Mantenimiento programado (plan anual),15998.0
PAR-002172,PN-EQ-06,2026-11-09,00:00:00,2.0,Operativa,Falta de mineral en cancha,955.0
PAR-001764,PN-EQ-05,2026-11-06,06:00:00,2.9,Correctiva,Rotura de faja/correa,4383.0
PAR-000363,PN-EQ-02,2024-02-05,02:00:00,10.2,Correctiva,Rotura de faja/correa,8394.0
PAR-003581,PN-EQ-10,2027-01-04,17:00:00,1.9,Operativa,Falta de mineral en cancha,432.0
PAR-003652,PN-EQ-10,2027-09-02,15:00:00,4.0,Correctiva,Falla mecánica - desgaste de componente,5408.0
PAR-002858,PN-EQ-08,2027-06-26,00:00:00,16.4,Correctiva,Rotura de faja/correa,30623.0
PAR-000983,PN-EQ-03,2027-08-11,17:00:00,0.9,Operativa,Espera de insumos (reactivos/bolas de molienda),189.0
PAR-001043,PN-EQ-04,2024-04-11,15:00:00,4.0,Correctiva,Atoro de mineral / obstrucción,4234.0
PAR-001449,PN-EQ-04,2027-11-12,12:00:00,8.8,Correctiva,Falla eléctrica - motor/tablero,10186.0
PAR-003613,PN-EQ-10,2027-05-02,06:00:00,14.4,Correctiva,Falla de lubricación,20225.0
PAR-001959,PN-EQ-06,2024-09-02,02:00:00,1.2,Correctiva,Atoro de mineral / obstrucción,1110.0
PAR-002146,PN-EQ-06,2026-09-03,11:00:00,2.6,Operativa,Corte de energía externo,1102.0
PAR-001297,PN-EQ-04,2026-06-21,10:00:00,1.7,Operativa,Condiciones climáticas adversas,919.0
PAR-003033,PN-EQ-09,2025-07-08,21:00:00,1.6,Operativa,Condiciones climáticas adversas,
PAR-002510,PN-EQ-07,2027-06-13,15:00:00,2.4,Operativa,Espera de insumos (reactivos/bolas de molienda),1095.0
PAR-000722,PN-EQ-03,2024-01-11,21:00:00,1.0,Correctiva,Falla eléctrica - motor/tablero,2181.0
PAR-002343,PN-EQ-07,2025-02-06,03:00:00,0.5,Correctiva,Falla eléctrica - motor/tablero,1061.0
PAR-003125,PN-EQ-09,2026-11-11,06:00:00,0.5,Correctiva,Falla de lubricación,1076.0
PAR-002445,PN-EQ-07,2026-08-17,17:00:00,1.0,Operativa,Condiciones climáticas adversas,378.0
PAR-003307,PN-EQ-10,2024-10-17,16:00:00,1.4,Operativa,Falta de mineral en cancha,392.0
PAR-001706,PN-EQ-05,2026-04-25,07:00:00,6.7,Correctiva,Rotura de faja/correa,8624.0
PAR-002577,PN-EQ-08,2024-05-03,14:00:00,2.9,Operativa,Espera de insumos (reactivos/bolas de molienda),973.0
PAR-001555,PN-EQ-05,2024-11-19,09:00:00,8.6,Correctiva,Rotura de faja/correa,12095.0
PAR-002899,PN-EQ-08,2027-11-21,13:00:00,8.8,Correctiva,Atoro de mineral / obstrucción,9107.0
PAR-002047,PN-EQ-06,2025-08-05,08:00:00,1.4,Correctiva,Falla mecánica - desgaste de componente,
PAR-000382,PN-EQ-02,2024-04-29,07:00:00,1.3,Operativa,Indeterminado,677.0
PAR-000493,PN-EQ-02,2025-06-21,05:00:00,3.5,Correctiva,Falla de lubricación,4406.0
PAR-003168,PN-EQ-09,2027-05-19,06:00:00,3.3,Correctiva,Rotura de faja/correa,4935.0
PAR-003310,PN-EQ-10,2024-10-22,13:00:00,2.8,Operativa,Falta de mineral en cancha,1158.0
PAR-000457,PN-EQ-02,2025-01-26,04:00:00,4.7,Correctiva,Rotura de faja/correa,4570.0
PAR-001315,PN-EQ-04,2026-08-23,01:00:00,20.0,Correctiva,Atoro de mineral / obstrucción,20908.0
PAR-001096,PN-EQ-04,2024-10-23,09:00:00,4.3,Correctiva,Falla de lubricación,5800.0
PAR-002052,PN-EQ-06,2025-08-28,08:00:00,6.5,Preventiva,Mantenimiento programado (plan anual),12844.0
PAR-000137,PN-EQ-01,2025-06-17,08:00:00,2.4,Operativa,Espera de insumos (reactivos/bolas de molienda),1041.0
PAR-000629,PN-EQ-02,2026-12-17,10:00:00,2.8,Operativa,Espera de insumos (reactivos/bolas de molienda),1324.0
PAR-000441,PN-EQ-02,2024-11-29,08:00:00,1.3,Operativa,Falta de mineral en cancha,443.0
PAR-002109,PN-EQ-06,2026-04-16,14:00:00,2.5,Correctiva,Falla mecánica - desgaste de componente,2851.0
PAR-001463,PN-EQ-04,2027-12-25,00:00:00,20.0,Correctiva,Falla mecánica - desgaste de componente,30371.0
PAR-001285,PN-EQ-04,2026-05-20,02:00:00,9.8,Correctiva,Atoro de mineral / obstrucción,19448.0
PAR-001827,PN-EQ-05,2027-06-14,16:00:00,2.6,Operativa,Condiciones climáticas adversas,523.0
PAR-000528,PN-EQ-02,2025-10-22,06:00:00,1.2,Operativa,Espera de insumos (reactivos/bolas de molienda),549.0
PAR-003644,PN-EQ-10,2027-08-06,18:00:00,0.5,Correctiva,Atoro de mineral / obstrucción,757.0
PAR-002405,PN-EQ-07,2026-02-06,18:00:00,3.0,Operativa,Corte de energía externo,1025.0
PAR-001829,PN-EQ-05,2027-06-16,15:00:00,3.3,Correctiva,Falla de lubricación,6547.0
PAR-000155,PN-EQ-01,2025-08-29,20:00:00,1.9,Operativa,Condiciones climáticas adversas,894.0
PAR-002545,PN-EQ-07,2027-12-05,08:00:00,2.3,Correctiva,Falla eléctrica - motor/tablero,4842.0
PAR-003433,PN-EQ-10,2025-11-15,10:00:00,0.6,Operativa,Falta de mineral en cancha,338.0
PAR-003604,PN-EQ-10,2027-03-30,05:00:00,14.8,Correctiva,Indeterminado,13019.0
PAR-000308,PN-EQ-01,2027-06-22,03:00:00,15.8,Correctiva,Atoro de mineral / obstrucción,25381.0
PAR-000019,PN-EQ-01,2024-03-23,11:00:00,1.3,Correctiva,Falla eléctrica - motor/tablero,1993.0
PAR-003239,PN-EQ-10,2024-04-07,17:00:00,1.2,Operativa,Condiciones climáticas adversas,344.0
PAR-002896,PN-EQ-08,2027-11-10,15:00:00,5.8,Preventiva,Mantenimiento programado (plan anual),12355.0
PAR-003410,PN-EQ-10,2025-08-19,10:00:00,6.4,Correctiva,Atoro de mineral / obstrucción,7254.0
PAR-003570,PN-EQ-10,2026-11-24,02:00:00,20.0,Correctiva,Indeterminado,39460.0
PAR-002141,PN-EQ-06,2026-08-05,11:00:00,1.0,Operativa,Corte de energía externo,294.0
PAR-003493,PN-EQ-10,2026-04-26,02:00:00,10.5,Correctiva,Atoro de mineral / obstrucción,10674.0
PAR-001877,PN-EQ-05,2027-10-19,03:00:00,1.2,Correctiva,Falla mecánica - desgaste de componente,1421.0
PAR-001544,PN-EQ-05,2024-10-24,14:00:00,2.7,Operativa,Falta de mineral en cancha,1101.0
PAR-000364,PN-EQ-02,2024-02-13,09:00:00,2.9,Operativa,Falta de mineral en cancha,728.0
PAR-003574,PN-EQ-10,2026-12-13,03:00:00,5.2,Correctiva,Falla mecánica - desgaste de componente,8329.0
PAR-002526,PN-EQ-07,2027-09-17,20:00:00,1.3,Operativa,Corte de energía externo,320.0
PAR-000440,PN-EQ-02,2024-11-16,08:00:00,1.0,Correctiva,Falla de lubricación,1214.0
PAR-002915,PN-EQ-09,2024-01-05,19:00:00,0.8,Operativa,Espera de insumos (reactivos/bolas de molienda),377.0
PAR-002522,PN-EQ-07,2027-08-16,12:00:00,0.5,Correctiva,Indeterminado,617.0
PAR-000030,PN-EQ-01,2024-04-26,20:00:00,0.9,Correctiva,Falla de lubricación,1290.0
PAR-002994,PN-EQ-09,2025-02-07,17:00:00,1.2,Correctiva,Falla eléctrica - motor/tablero,1713.0
PAR-003564,PN-EQ-10,2026-11-08,03:00:00,20.0,Correctiva,Atoro de mineral / obstrucción,26404.0
PAR-002834,PN-EQ-08,2027-03-21,08:00:00,3.1,Correctiva,Rotura de faja/correa,
PAR-002477,PN-EQ-07,2027-01-12,10:00:00,5.2,Correctiva,Falla mecánica - desgaste de componente,5450.0
PAR-002535,PN-EQ-07,2027-10-12,12:00:00,5.4,Preventiva,Mantenimiento programado (plan anual),4631.0
PAR-000913,PN-EQ-03,2026-10-15,05:00:00,2.4,Operativa,Corte de energía externo,661.0
PAR-003429,PN-EQ-10,2025-10-28,10:00:00,4.1,Correctiva,Falla eléctrica - motor/tablero,
PAR-001576,PN-EQ-05,2025-02-17,08:00:00,6.9,Correctiva,Rotura de faja/correa,6813.0
PAR-001321,PN-EQ-04,2026-09-21,07:00:00,0.5,Operativa,Espera de insumos (reactivos/bolas de molienda),141.0
PAR-002361,PN-EQ-07,2025-06-15,17:00:00,2.3,Operativa,Falta de mineral en cancha,987.0
PAR-000774,PN-EQ-03,2024-10-29,05:00:00,8.9,Preventiva,Mantenimiento programado (plan anual),18467.0
PAR-003609,PN-EQ-10,2027-04-18,00:00:00,20.0,Correctiva,Falla mecánica - desgaste de componente,36850.0
PAR-000591,PN-EQ-02,2026-07-07,15:00:00,6.0,Preventiva,Mantenimiento programado (plan anual),9062.0
PAR-002953,PN-EQ-09,2024-06-06,09:00:00,2.2,Correctiva,Atoro de mineral / obstrucción,4592.0
PAR-001776,PN-EQ-05,2026-12-21,10:00:00,0.5,Correctiva,Indeterminado,756.0
PAR-001980,PN-EQ-06,2024-11-19,06:00:00,1.4,Operativa,Espera de insumos (reactivos/bolas de molienda),463.0
PAR-000823,PN-EQ-03,2025-07-08,02:00:00,7.9,Preventiva,Mantenimiento programado (plan anual),14358.0
PAR-000185,PN-EQ-01,2026-01-04,07:00:00,2.7,Operativa,Espera de insumos (reactivos/bolas de molienda),1439.0
PAR-000702,PN-EQ-02,2027-10-10,03:00:00,4.0,Correctiva,Atoro de mineral / obstrucción,5851.0
PAR-002579,PN-EQ-08,2024-05-04,14:00:00,4.8,Correctiva,Atoro de mineral / obstrucción,8900.0
PAR-001439,PN-EQ-04,2027-10-19,02:00:00,1.4,Operativa,Falta de mineral en cancha,734.0
PAR-002370,PN-EQ-07,2025-08-01,20:00:00,2.0,Operativa,Condiciones climáticas adversas,497.0
PAR-001133,PN-EQ-04,2025-02-16,01:00:00,8.3,Preventiva,Mantenimiento programado (plan anual),16144.0
PAR-000197,PN-EQ-01,2026-02-18,12:00:00,8.5,Preventiva,Mantenimiento programado (plan anual),11560.0
PAR-003620,PN-EQ-10,2027-05-27,13:00:00,9.1,Correctiva,Falla de lubricación,9552.0
PAR-001356,PN-EQ-04,2027-01-15,03:00:00,0.5,Correctiva,Falla de lubricación,847.0
PAR-003131,PN-EQ-09,2026-12-04,06:00:00,6.8,Correctiva,Atoro de mineral / obstrucción,14238.0
PAR-002256,PN-EQ-06,2027-11-12,22:00:00,0.7,Operativa,Condiciones climáticas adversas,144.0
PAR-000418,PN-EQ-02,2024-09-07,17:00:00,0.8,Correctiva,Falla eléctrica - motor/tablero,970.0
PAR-001660,PN-EQ-05,2025-11-26,07:00:00,14.4,Correctiva,Falla eléctrica - motor/tablero,21796.0
PAR-000787,PN-EQ-03,2025-01-20,21:00:00,0.5,Correctiva,Falla de lubricación,808.0
PAR-003485,PN-EQ-10,2026-03-24,08:00:00,4.7,Preventiva,Mantenimiento programado (plan anual),5444.0
PAR-003357,PN-EQ-10,2025-03-21,01:00:00,20.0,Correctiva,Falla eléctrica - motor/tablero,40220.0
PAR-000346,PN-EQ-01,2027-11-17,21:00:00,1.6,Correctiva,Falla mecánica - desgaste de componente,1394.0
PAR-000878,PN-EQ-03,2026-04-29,04:00:00,1.9,Operativa,Falta de mineral en cancha,976.0
PAR-002291,PN-EQ-07,2024-04-29,14:00:00,4.4,Correctiva,Falla mecánica - desgaste de componente,7367.0
PAR-001726,PN-EQ-05,2026-07-05,03:00:00,20.0,Correctiva,Falla mecánica - desgaste de componente,34961.0
PAR-001735,PN-EQ-05,2026-07-29,02:00:00,19.2,Correctiva,Falla de lubricación,
PAR-001687,PN-EQ-05,2026-02-27,06:00:00,10.9,Correctiva,Falla de lubricación,11420.0
PAR-002426,PN-EQ-07,2026-05-14,19:00:00,0.6,Operativa,Condiciones climáticas adversas,317.0
PAR-003083,PN-EQ-09,2026-04-18,14:00:00,2.3,Operativa,Espera de insumos (reactivos/bolas de molienda),1147.0
PAR-002801,PN-EQ-08,2026-10-17,11:00:00,1.2,Operativa,Condiciones climáticas adversas,394.0
PAR-001771,PN-EQ-05,2026-11-26,17:00:00,5.4,Correctiva,Rotura de faja/correa,10198.0
PAR-001432,PN-EQ-04,2027-09-25,07:00:00,14.7,Correctiva,Falla de lubricación,23536.0
PAR-000803,PN-EQ-03,2025-03-28,04:00:00,0.9,Operativa,Falta de mineral en cancha,468.0
PAR-001716,PN-EQ-05,2026-05-24,07:00:00,15.0,Correctiva,Rotura de faja/correa,29776.0
PAR-002706,PN-EQ-08,2025-11-04,03:00:00,2.8,Operativa,Corte de energía externo,1173.0
PAR-002907,PN-EQ-08,2027-12-02,03:00:00,13.2,Correctiva,Falla de lubricación,11088.0
PAR-002442,PN-EQ-07,2026-08-09,03:00:00,0.5,Correctiva,Falla de lubricación,947.0
PAR-000256,PN-EQ-01,2026-11-30,02:00:00,1.0,Correctiva,Falla eléctrica - motor/tablero,1753.0
PAR-002756,PN-EQ-08,2026-04-24,13:00:00,2.2,Operativa,Falta de mineral en cancha,485.0
PAR-001100,PN-EQ-04,2024-11-02,01:00:00,6.0,Preventiva,Mantenimiento programado (plan anual),12178.0
PAR-001410,PN-EQ-04,2027-07-18,07:00:00,2.4,Operativa,Falta de mineral en cancha,637.0
PAR-002835,PN-EQ-08,2027-03-31,08:00:00,8.1,Preventiva,Mantenimiento programado (plan anual),6739.0
PAR-003060,PN-EQ-09,2025-12-13,15:00:00,4.6,Correctiva,Falla eléctrica - motor/tablero,
PAR-002869,PN-EQ-08,2027-08-04,02:00:00,13.8,Correctiva,Atoro de mineral / obstrucción,17854.0
PAR-001526,PN-EQ-05,2024-08-22,07:00:00,1.1,Operativa,Falta de mineral en cancha,595.0
PAR-003180,PN-EQ-09,2027-07-13,18:00:00,3.8,Correctiva,Falla eléctrica - motor/tablero,4996.0
PAR-003628,PN-EQ-10,2027-06-25,05:00:00,7.9,Correctiva,Falla eléctrica - motor/tablero,7216.0
PAR-000193,PN-EQ-01,2026-02-04,15:00:00,1.6,Operativa,Condiciones climáticas adversas,810.0
PAR-002224,PN-EQ-06,2027-06-14,03:00:00,18.2,Correctiva,Rotura de faja/correa,15201.0
PAR-001921,PN-EQ-06,2024-04-05,05:00:00,0.8,Correctiva,Falla eléctrica - motor/tablero,1113.0
PAR-001458,PN-EQ-04,2027-12-13,07:00:00,4.2,Preventiva,Mantenimiento programado (plan anual),8976.0
PAR-001973,PN-EQ-06,2024-10-26,05:00:00,5.6,Correctiva,Falla eléctrica - motor/tablero,7728.0
PAR-002139,PN-EQ-06,2026-07-30,10:00:00,5.8,Preventiva,Mantenimiento programado (plan anual),5814.0
PAR-002802,PN-EQ-08,2026-10-30,11:00:00,5.8,Preventiva,Mantenimiento programado (plan anual),9605.0
PAR-001444,PN-EQ-04,2027-11-01,03:00:00,4.3,Correctiva,Falla mecánica - desgaste de componente,7129.0
PAR-000688,PN-EQ-02,2027-08-09,02:00:00,20.0,Correctiva,Rotura de faja/correa,43176.0
PAR-000232,PN-EQ-01,2026-07-08,07:00:00,1.4,Correctiva,Falla mecánica - desgaste de componente,2247.0
PAR-003523,PN-EQ-10,2026-07-10,04:00:00,14.7,Correctiva,Atoro de mineral / obstrucción,20294.0
PAR-000897,PN-EQ-03,2026-07-15,17:00:00,0.5,Operativa,Falta de mineral en cancha,244.0
PAR-002095,PN-EQ-06,2026-02-25,03:00:00,3.4,Correctiva,Falla eléctrica - motor/tablero,5884.0
PAR-000366,PN-EQ-02,2024-02-21,02:00:00,8.4,Preventiva,Mantenimiento programado (plan anual),17366.0
PAR-001901,PN-EQ-05,2027-12-30,10:00:00,0.6,Operativa,Corte de energía externo,286.0
PAR-001252,PN-EQ-04,2026-01-27,07:00:00,7.3,Correctiva,Rotura de faja/correa,10588.0
PAR-001875,PN-EQ-05,2027-10-17,10:00:00,8.5,Preventiva,Mantenimiento programado (plan anual),16309.0
PAR-003682,PN-EQ-10,2027-12-27,00:00:00,8.2,Correctiva,Falla de lubricación,14079.0
PAR-003141,PN-EQ-09,2027-01-23,05:00:00,2.0,Operativa,Condiciones climáticas adversas,785.0
PAR-001843,PN-EQ-05,2027-07-21,18:00:00,4.5,Preventiva,Mantenimiento programado (plan anual),3735.0
PAR-000097,PN-EQ-01,2025-01-07,03:00:00,20.0,Correctiva,Falla eléctrica - motor/tablero,
PAR-001116,PN-EQ-04,2025-01-03,01:00:00,11.7,Correctiva,Rotura de faja/correa,25037.0
PAR-002470,PN-EQ-07,2026-12-01,18:00:00,3.5,Correctiva,Rotura de faja/correa,4652.0
PAR-003573,PN-EQ-10,2026-12-10,03:00:00,20.0,Correctiva,Falla mecánica - desgaste de componente,41420.0
PAR-002558,PN-EQ-08,2024-01-28,03:00:00,1.8,Operativa,Indeterminado,686.0
PAR-003207,PN-EQ-09,2027-11-19,13:00:00,6.6,Preventiva,Mantenimiento programado (plan anual),7342.0
PAR-001287,PN-EQ-04,2026-05-23,02:00:00,2.0,Operativa,Espera de insumos (reactivos/bolas de molienda),753.0
PAR-000817,PN-EQ-03,2025-05-22,10:00:00,8.1,Correctiva,Rotura de faja/correa,7687.0
PAR-000876,PN-EQ-03,2026-04-23,14:00:00,1.5,Correctiva,Falla de lubricación,2937.0
PAR-002206,PN-EQ-06,2027-04-01,06:00:00,7.1,Correctiva,Atoro de mineral / obstrucción,8854.0
PAR-002006,PN-EQ-06,2025-03-03,02:00:00,7.9,Preventiva,Mantenimiento programado (plan anual),14854.0
PAR-002480,PN-EQ-07,2027-01-30,08:00:00,2.0,Operativa,Condiciones climáticas adversas,949.0
PAR-003256,PN-EQ-10,2024-06-02,01:00:00,20.0,Correctiva,Falla mecánica - desgaste de componente,21406.0
PAR-001546,PN-EQ-05,2024-10-25,09:00:00,8.8,Preventiva,Mantenimiento programado (plan anual),8681.0
PAR-001924,PN-EQ-06,2024-04-25,06:00:00,10.1,Correctiva,Falla de lubricación,9744.0
PAR-001746,PN-EQ-05,2026-09-08,03:00:00,20.0,Correctiva,Falla eléctrica - motor/tablero,28382.0
PAR-002993,PN-EQ-09,2025-02-02,07:00:00,6.5,Preventiva,Mantenimiento programado (plan anual),11129.0
PAR-000763,PN-EQ-03,2024-08-15,16:00:00,2.8,Correctiva,Rotura de faja/correa,5088.0
PAR-000759,PN-EQ-03,2024-07-20,10:00:00,6.0,Correctiva,Atoro de mineral / obstrucción,7552.0
PAR-002593,PN-EQ-08,2024-07-15,17:00:00,6.0,Correctiva,Falla eléctrica - motor/tablero,6671.0
PAR-003210,PN-EQ-09,2027-12-04,03:00:00,2.2,Operativa,Espera de insumos (reactivos/bolas de molienda),
PAR-002271,PN-EQ-07,2024-01-29,05:00:00,6.6,Preventiva,Mantenimiento programado (plan anual),9757.0
PAR-001904,PN-EQ-06,2024-01-22,18:00:00,2.9,Operativa,Condiciones climáticas adversas,891.0
PAR-000630,PN-EQ-02,2026-12-22,15:00:00,0.7,Operativa,Falta de mineral en cancha,250.0
PAR-001916,PN-EQ-06,2024-03-20,06:00:00,0.6,Correctiva,Falla de lubricación,645.0
PAR-001257,PN-EQ-04,2026-02-15,06:00:00,13.8,Correctiva,Falla eléctrica - motor/tablero,29482.0
PAR-000163,PN-EQ-01,2025-10-04,08:00:00,0.8,Correctiva,Rotura de faja/correa,1636.0
PAR-001008,PN-EQ-04,2024-01-04,10:00:00,2.7,Operativa,Corte de energía externo,905.0
PAR-003547,PN-EQ-10,2026-09-20,17:00:00,4.0,Preventiva,Mantenimiento programado (plan anual),4528.0
PAR-000010,PN-EQ-01,2024-02-20,02:00:00,20.0,Correctiva,Falla mecánica - desgaste de componente,37680.0
PAR-001089,PN-EQ-04,2024-10-08,17:00:00,2.4,Correctiva,Falla de lubricación,2278.0
PAR-001225,PN-EQ-04,2025-10-22,06:00:00,12.4,Correctiva,Falla mecánica - desgaste de componente,19792.0
PAR-000720,PN-EQ-02,2027-12-31,17:00:00,0.5,Correctiva,Atoro de mineral / obstrucción,570.0
PAR-001879,PN-EQ-05,2027-10-25,13:00:00,1.1,Correctiva,Atoro de mineral / obstrucción,1217.0
PAR-001562,PN-EQ-05,2024-12-20,09:00:00,5.6,Preventiva,Mantenimiento programado (plan anual),7601.0
PAR-003313,PN-EQ-10,2024-11-09,04:00:00,8.6,Preventiva,Mantenimiento programado (plan anual),9437.0
PAR-000668,PN-EQ-02,2027-04-17,00:00:00,8.5,Preventiva,Mantenimiento programado (plan anual),7587.0
PAR-000153,PN-EQ-01,2025-08-19,13:00:00,1.6,Operativa,Corte de energía externo,524.0
PAR-000172,PN-EQ-01,2025-11-13,14:00:00,3.1,Correctiva,Atoro de mineral / obstrucción,3644.0
PAR-002214,PN-EQ-06,2027-04-25,11:00:00,8.0,Preventiva,Mantenimiento programado (plan anual),10754.0
PAR-002642,PN-EQ-08,2025-02-09,12:00:00,5.9,Preventiva,Mantenimiento programado (plan anual),10545.0
PAR-000327,PN-EQ-01,2027-09-08,03:00:00,1.7,Operativa,Espera de insumos (reactivos/bolas de molienda),611.0
PAR-002964,PN-EQ-09,2024-08-17,03:00:00,5.5,Correctiva,Falla mecánica - desgaste de componente,7261.0
PAR-003089,PN-EQ-09,2026-05-23,19:00:00,1.2,Correctiva,Falla de lubricación,1927.0
PAR-001324,PN-EQ-04,2026-09-26,16:00:00,5.1,Preventiva,Mantenimiento programado (plan anual),10216.0
PAR-001560,PN-EQ-05,2024-12-13,03:00:00,10.0,Correctiva,Falla eléctrica - motor/tablero,21315.0
PAR-000169,PN-EQ-01,2025-10-23,09:00:00,1.7,Correctiva,Rotura de faja/correa,3534.0
PAR-002218,PN-EQ-06,2027-05-14,18:00:00,0.9,Operativa,Corte de energía externo,306.0
PAR-002647,PN-EQ-08,2025-02-27,20:00:00,1.6,Correctiva,Falla de lubricación,3097.0
PAR-000384,PN-EQ-02,2024-04-30,01:00:00,0.5,Correctiva,Rotura de faja/correa,616.0
PAR-000116,PN-EQ-01,2025-03-17,03:00:00,20.0,Correctiva,Indeterminado,34510.0
PAR-000190,PN-EQ-01,2026-01-17,15:00:00,7.8,Correctiva,Atoro de mineral / obstrucción,6271.0
PAR-000877,PN-EQ-03,2026-04-24,01:00:00,0.7,Operativa,Falta de mineral en cancha,223.0
PAR-001014,PN-EQ-04,2024-01-13,04:00:00,5.9,Correctiva,Atoro de mineral / obstrucción,9980.0
PAR-002344,PN-EQ-07,2025-02-15,15:00:00,0.9,Correctiva,Falla eléctrica - motor/tablero,1450.0
PAR-002689,PN-EQ-08,2025-08-23,05:00:00,7.0,Preventiva,Mantenimiento programado (plan anual),8990.0
PAR-001874,PN-EQ-05,2027-10-16,00:00:00,20.0,Correctiva,Atoro de mineral / obstrucción,29972.0
PAR-003481,PN-EQ-10,2026-03-09,15:00:00,0.8,Operativa,Falta de mineral en cancha,199.0
PAR-000217,PN-EQ-01,2026-05-04,06:00:00,7.4,Preventiva,Mantenimiento programado (plan anual),6554.0
PAR-000545,PN-EQ-02,2026-01-05,04:00:00,1.4,Correctiva,Rotura de faja/correa,3038.0
PAR-001006,PN-EQ-03,2027-12-15,07:00:00,1.8,Correctiva,Rotura de faja/correa,2779.0
PAR-002777,PN-EQ-08,2026-07-07,06:00:00,5.9,Correctiva,Indeterminado,10138.0
PAR-001058,PN-EQ-04,2024-06-13,06:00:00,1.3,Operativa,Espera de insumos (reactivos/bolas de molienda),679.0
PAR-003393,PN-EQ-10,2025-07-03,05:00:00,2.1,Correctiva,Falla de lubricación,2959.0
PAR-002539,PN-EQ-07,2027-11-08,18:00:00,1.3,Correctiva,Rotura de faja/correa,1746.0
PAR-000157,PN-EQ-01,2025-09-07,04:00:00,11.8,Correctiva,Falla eléctrica - motor/tablero,14448.0
PAR-001109,PN-EQ-04,2024-12-11,01:00:00,19.1,Correctiva,Falla eléctrica - motor/tablero,38106.0
PAR-000500,PN-EQ-02,2025-07-19,00:00:00,7.4,Correctiva,Falla de lubricación,5951.0
PAR-000892,PN-EQ-03,2026-06-20,01:00:00,0.8,Correctiva,Falla mecánica - desgaste de componente,641.0
PAR-003589,PN-EQ-10,2027-01-22,18:00:00,0.6,Operativa,Indeterminado,224.0
PAR-002698,PN-EQ-08,2025-09-16,17:00:00,2.8,Correctiva,Falla de lubricación,2793.0
PAR-000108,PN-EQ-01,2025-02-11,02:00:00,3.2,Correctiva,Falla eléctrica - motor/tablero,3515.0
PAR-000123,PN-EQ-01,2025-04-07,01:00:00,4.1,Preventiva,Mantenimiento programado (plan anual),8797.0
PAR-003049,PN-EQ-09,2025-09-30,00:00:00,6.8,Preventiva,Mantenimiento programado (plan anual),9736.0
PAR-002738,PN-EQ-08,2026-02-22,05:00:00,2.2,Correctiva,Rotura de faja/correa,1950.0
PAR-000794,PN-EQ-03,2025-02-13,01:00:00,11.2,Correctiva,Falla mecánica - desgaste de componente,14267.0
PAR-002897,PN-EQ-08,2027-11-11,01:00:00,18.1,Correctiva,Falla eléctrica - motor/tablero,34904.0
PAR-001943,PN-EQ-06,2024-07-17,11:00:00,7.5,Correctiva,Falla eléctrica - motor/tablero,11710.0
PAR-002223,PN-EQ-06,2027-06-04,08:00:00,5.8,Preventiva,Mantenimiento programado (plan anual),8181.0
PAR-000901,PN-EQ-03,2026-07-31,11:00:00,5.0,Correctiva,Indeterminado,7122.0
PAR-000918,PN-EQ-03,2026-10-20,08:00:00,1.2,Correctiva,Falla mecánica - desgaste de componente,1029.0
PAR-001519,PN-EQ-05,2024-07-26,03:00:00,1.6,Operativa,Falta de mineral en cancha,748.0
PAR-002663,PN-EQ-08,2025-05-26,11:00:00,2.2,Operativa,Espera de insumos (reactivos/bolas de molienda),698.0
PAR-000742,PN-EQ-03,2024-04-10,00:00:00,0.5,Correctiva,Falla eléctrica - motor/tablero,735.0
PAR-001826,PN-EQ-05,2027-06-07,00:00:00,11.6,Correctiva,Falla de lubricación,11245.0
PAR-003414,PN-EQ-10,2025-09-16,01:00:00,5.0,Preventiva,Mantenimiento programado (plan anual),7937.0
PAR-001810,PN-EQ-05,2027-04-23,01:00:00,20.0,Correctiva,Falla eléctrica - motor/tablero,39949.0
PAR-002588,PN-EQ-08,2024-06-15,03:00:00,9.5,Correctiva,Falla de lubricación,7783.0
PAR-003506,PN-EQ-10,2026-05-28,13:00:00,2.1,Operativa,Corte de energía externo,433.0
PAR-000484,PN-EQ-02,2025-05-19,15:00:00,6.3,Correctiva,Atoro de mineral / obstrucción,10753.0
PAR-001042,PN-EQ-04,2024-04-06,14:00:00,7.5,Correctiva,Falla de lubricación,14917.0
PAR-000467,PN-EQ-02,2025-02-24,17:00:00,4.7,Preventiva,Mantenimiento programado (plan anual),4941.0
PAR-002930,PN-EQ-09,2024-03-12,04:00:00,8.9,Correctiva,Falla de lubricación,15495.0
PAR-002499,PN-EQ-07,2027-03-27,07:00:00,8.5,Preventiva,Mantenimiento programado (plan anual),11106.0
PAR-000424,PN-EQ-02,2024-09-25,12:00:00,2.8,Operativa,Espera de insumos (reactivos/bolas de molienda),1140.0
PAR-001997,PN-EQ-06,2025-01-20,11:00:00,8.5,Preventiva,Mantenimiento programado (plan anual),9171.0
PAR-001514,PN-EQ-05,2024-06-23,03:00:00,20.0,Correctiva,Rotura de faja/correa,22437.0
PAR-001302,PN-EQ-04,2026-07-11,20:00:00,1.0,Operativa,Falta de mineral en cancha,251.0
PAR-000471,PN-EQ-02,2025-03-31,02:00:00,19.5,Correctiva,Falla eléctrica - motor/tablero,18864.0
PAR-000242,PN-EQ-01,2026-09-04,00:00:00,2.7,Operativa,Espera de insumos (reactivos/bolas de molienda),1367.0
PAR-000982,PN-EQ-03,2027-08-10,09:00:00,2.2,Operativa,Condiciones climáticas adversas,1083.0
PAR-002149,PN-EQ-06,2026-09-12,10:00:00,9.9,Correctiva,Falla eléctrica - motor/tablero,18560.0
PAR-000056,PN-EQ-01,2024-08-10,08:00:00,6.7,Correctiva,Falla eléctrica - motor/tablero,11634.0
PAR-000661,PN-EQ-02,2027-03-22,11:00:00,8.2,Correctiva,Falla mecánica - desgaste de componente,12699.0
PAR-001104,PN-EQ-04,2024-11-21,00:00:00,1.6,Correctiva,Falla mecánica - desgaste de componente,2634.0
PAR-000006,PN-EQ-01,2024-01-29,12:00:00,5.4,Preventiva,Mantenimiento programado (plan anual),8958.0
PAR-002720,PN-EQ-08,2025-12-20,01:00:00,12.0,Correctiva,Rotura de faja/correa,18167.0
PAR-000855,PN-EQ-03,2026-01-08,05:00:00,6.2,Correctiva,Rotura de faja/correa,13539.0
PAR-003095,PN-EQ-09,2026-06-17,14:00:00,0.5,Correctiva,Falla de lubricación,497.0
PAR-002285,PN-EQ-07,2024-04-06,04:00:00,3.9,Correctiva,Falla mecánica - desgaste de componente,4800.0
PAR-003108,PN-EQ-09,2026-08-22,02:00:00,4.0,Preventiva,Mantenimiento programado (plan anual),8388.0
PAR-000569,PN-EQ-02,2026-04-18,00:00:00,15.9,Correctiva,Atoro de mineral / obstrucción,16573.0
PAR-002537,PN-EQ-07,2027-10-28,06:00:00,7.2,Preventiva,Mantenimiento programado (plan anual),10749.0
PAR-002695,PN-EQ-08,2025-09-08,08:00:00,6.3,Correctiva,Atoro de mineral / obstrucción,8220.0
PAR-003572,PN-EQ-10,2026-12-04,09:00:00,7.8,Preventiva,Mantenimiento programado (plan anual),6895.0
PAR-001767,PN-EQ-05,2026-11-14,02:00:00,20.0,Correctiva,Rotura de faja/correa,34534.0
PAR-002859,PN-EQ-08,2027-07-02,00:00:00,7.8,Correctiva,Falla de lubricación,10865.0
PAR-003104,PN-EQ-09,2026-08-10,05:00:00,1.1,Operativa,Corte de energía externo,623.0
PAR-003503,PN-EQ-10,2026-05-17,13:00:00,7.9,Correctiva,Rotura de faja/correa,15070.0
PAR-003502,PN-EQ-10,2026-05-17,05:00:00,2.3,Operativa,Condiciones climáticas adversas,519.0
PAR-003593,PN-EQ-10,2027-02-11,15:00:00,1.0,Operativa,Espera de insumos (reactivos/bolas de molienda),388.0
PAR-000192,PN-EQ-01,2026-01-31,11:00:00,4.2,Preventiva,Mantenimiento programado (plan anual),8937.0
PAR-000828,PN-EQ-03,2025-08-24,02:00:00,2.3,Operativa,Falta de mineral en cancha,870.0
PAR-001411,PN-EQ-04,2027-07-23,05:00:00,1.9,Operativa,Falta de mineral en cancha,896.0
PAR-002118,PN-EQ-06,2026-05-15,08:00:00,10.0,Correctiva,Falla mecánica - desgaste de componente,21750.0
PAR-003219,PN-EQ-10,2024-01-18,00:00:00,0.9,Operativa,Espera de insumos (reactivos/bolas de molienda),537.0
PAR-002880,PN-EQ-08,2027-09-10,15:00:00,4.1,Preventiva,Mantenimiento programado (plan anual),
PAR-001446,PN-EQ-04,2027-11-04,11:00:00,3.5,Correctiva,Rotura de faja/correa,7225.0
PAR-000040,PN-EQ-01,2024-06-04,05:00:00,3.7,Correctiva,Falla de lubricación,5123.0
PAR-002272,PN-EQ-07,2024-02-13,00:00:00,4.8,Preventiva,Mantenimiento programado (plan anual),3962.0
PAR-001176,PN-EQ-04,2025-05-31,00:00:00,7.4,Preventiva,Mantenimiento programado (plan anual),13575.0
PAR-001536,PN-EQ-05,2024-09-24,03:00:00,12.3,Correctiva,Rotura de faja/correa,
PAR-003385,PN-EQ-10,2025-06-14,10:00:00,4.9,Preventiva,Mantenimiento programado (plan anual),8718.0
PAR-001050,PN-EQ-04,2024-05-10,17:00:00,2.0,Operativa,Condiciones climáticas adversas,679.0
PAR-001434,PN-EQ-04,2027-09-28,00:00:00,16.9,Correctiva,Falla mecánica - desgaste de componente,34880.0
PAR-000525,PN-EQ-02,2025-10-15,20:00:00,2.9,Operativa,Condiciones climáticas adversas,1417.0
PAR-001163,PN-EQ-04,2025-04-25,19:00:00,1.2,Operativa,Falta de mineral en cancha,589.0
PAR-000541,PN-EQ-02,2025-12-22,20:00:00,0.5,Correctiva,Falla mecánica - desgaste de componente,
PAR-003382,PN-EQ-10,2025-05-30,17:00:00,3.6,Correctiva,Falla mecánica - desgaste de componente,4216.0
PAR-002624,PN-EQ-08,2024-11-20,06:00:00,5.9,Correctiva,Falla mecánica - desgaste de componente,12477.0
PAR-002456,PN-EQ-07,2026-09-25,12:00:00,2.5,Operativa,Falta de mineral en cancha,591.0
PAR-002465,PN-EQ-07,2026-11-03,00:00:00,2.4,Operativa,Falta de mineral en cancha,627.0
PAR-003650,PN-EQ-10,2027-08-24,14:00:00,7.4,Correctiva,Falla de lubricación,11773.0
PAR-000303,PN-EQ-01,2027-06-08,18:00:00,0.9,Operativa,Espera de insumos (reactivos/bolas de molienda),264.0
PAR-000867,PN-EQ-03,2026-03-11,08:00:00,6.4,Preventiva,Mantenimiento programado (plan anual),5290.0
PAR-000351,PN-EQ-01,2027-12-18,10:00:00,6.2,Preventiva,Mantenimiento programado (plan anual),10205.0
PAR-002323,PN-EQ-07,2024-11-04,06:00:00,5.5,Preventiva,Mantenimiento programado (plan anual),6297.0
PAR-001481,PN-EQ-05,2024-02-24,20:00:00,2.3,Correctiva,Falla de lubricación,3802.0
PAR-002629,PN-EQ-08,2024-12-19,01:00:00,2.5,Operativa,Falta de mineral en cancha,1394.0
PAR-001124,PN-EQ-04,2025-01-29,13:00:00,0.7,Operativa,Espera de insumos (reactivos/bolas de molienda),202.0
PAR-000804,PN-EQ-03,2025-04-09,09:00:00,2.8,Operativa,Condiciones climáticas adversas,1274.0
PAR-002931,PN-EQ-09,2024-03-13,04:00:00,7.7,Preventiva,Mantenimiento programado (plan anual),7853.0
PAR-002865,PN-EQ-08,2027-07-19,00:00:00,20.0,Correctiva,Rotura de faja/correa,22581.0
PAR-002745,PN-EQ-08,2026-03-14,06:00:00,7.4,Preventiva,Mantenimiento programado (plan anual),11047.0
PAR-000644,PN-EQ-02,2027-02-18,01:00:00,8.2,Correctiva,Rotura de faja/correa,
PAR-002169,PN-EQ-06,2026-11-04,05:00:00,15.7,Correctiva,Falla de lubricación,32770.0
PAR-003569,PN-EQ-10,2026-11-21,11:00:00,5.1,Correctiva,Falla mecánica - desgaste de componente,4480.0
PAR-000565,PN-EQ-02,2026-03-22,05:00:00,1.5,Operativa,Condiciones climáticas adversas,893.0
PAR-000802,PN-EQ-03,2025-03-24,06:00:00,8.6,Preventiva,Mantenimiento programado (plan anual),11058.0
PAR-002174,PN-EQ-06,2026-11-19,04:00:00,6.1,Correctiva,Falla de lubricación,9066.0
PAR-003622,PN-EQ-10,2027-06-04,12:00:00,5.3,Correctiva,Atoro de mineral / obstrucción,11358.0
PAR-000790,PN-EQ-03,2025-01-29,13:00:00,2.5,Operativa,Corte de energía externo,1103.0
PAR-003399,PN-EQ-10,2025-07-21,02:00:00,8.7,Preventiva,Mantenimiento programado (plan anual),13790.0
PAR-000636,PN-EQ-02,2027-01-15,01:00:00,7.2,Preventiva,Mantenimiento programado (plan anual),11256.0
PAR-000683,PN-EQ-02,2027-07-24,08:00:00,9.2,Correctiva,Falla mecánica - desgaste de componente,14317.0
PAR-003362,PN-EQ-10,2025-04-05,05:00:00,13.9,Correctiva,Falla mecánica - desgaste de componente,12059.0
PAR-001436,PN-EQ-04,2027-10-10,00:00:00,16.9,Correctiva,Rotura de faja/correa,20554.0
PAR-000509,PN-EQ-02,2025-08-25,10:00:00,1.1,Operativa,Espera de insumos (reactivos/bolas de molienda),460.0
PAR-001031,PN-EQ-04,2024-03-10,07:00:00,6.4,Preventiva,Mantenimiento programado (plan anual),8569.0
PAR-003369,PN-EQ-10,2025-04-25,02:00:00,19.3,Correctiva,Rotura de faja/correa,31091.0
PAR-002882,PN-EQ-08,2027-09-15,20:00:00,1.2,Operativa,Corte de energía externo,350.0
PAR-000404,PN-EQ-02,2024-07-21,03:00:00,8.4,Correctiva,Falla de lubricación,13441.0
PAR-002446,PN-EQ-07,2026-08-21,14:00:00,1.5,Correctiva,Falla eléctrica - motor/tablero,2881.0
PAR-001603,PN-EQ-05,2025-05-06,16:00:00,1.5,Operativa,Falta de mineral en cancha,628.0
PAR-002780,PN-EQ-08,2026-07-22,03:00:00,20.0,Correctiva,Falla eléctrica - motor/tablero,18775.0
PAR-003427,PN-EQ-10,2025-10-26,15:00:00,0.8,Operativa,Condiciones climáticas adversas,405.0
PAR-003576,PN-EQ-10,2026-12-20,00:00:00,8.0,Preventiva,Mantenimiento programado (plan anual),14689.0
PAR-002809,PN-EQ-08,2026-11-21,00:00:00,20.0,Correctiva,Falla mecánica - desgaste de componente,32211.0
PAR-001583,PN-EQ-05,2025-03-01,10:00:00,1.0,Correctiva,Atoro de mineral / obstrucción,1235.0
PAR-002885,PN-EQ-08,2027-09-20,11:00:00,0.7,Correctiva,Rotura de faja/correa,1161.0
PAR-003366,PN-EQ-10,2025-04-18,11:00:00,3.0,Correctiva,Falla mecánica - desgaste de componente,6042.0
PAR-000586,PN-EQ-02,2026-06-20,06:00:00,7.8,Preventiva,Mantenimiento programado (plan anual),12095.0
PAR-003383,PN-EQ-10,2025-06-03,08:00:00,6.6,Correctiva,Falla eléctrica - motor/tablero,10449.0
PAR-001173,PN-EQ-04,2025-05-22,08:00:00,10.0,Correctiva,Falla eléctrica - motor/tablero,14710.0
PAR-002508,PN-EQ-07,2027-05-26,11:00:00,7.9,Preventiva,Mantenimiento programado (plan anual),13768.0
PAR-002348,PN-EQ-07,2025-03-14,15:00:00,7.0,Correctiva,Falla de lubricación,7285.0
PAR-000274,PN-EQ-01,2027-02-07,05:00:00,5.6,Preventiva,Mantenimiento programado (plan anual),10673.0
PAR-001165,PN-EQ-04,2025-04-29,03:00:00,12.8,Correctiva,Rotura de faja/correa,21514.0
PAR-003169,PN-EQ-09,2027-05-21,15:00:00,5.1,Preventiva,Mantenimiento programado (plan anual),7995.0
PAR-000128,PN-EQ-01,2025-05-08,08:00:00,4.5,Preventiva,Mantenimiento programado (plan anual),7558.0
PAR-003568,PN-EQ-10,2026-11-20,09:00:00,7.2,Correctiva,Atoro de mineral / obstrucción,6745.0
PAR-000410,PN-EQ-02,2024-08-08,17:00:00,1.8,Operativa,Falta de mineral en cancha,719.0
PAR-002893,PN-EQ-08,2027-11-03,20:00:00,1.2,Correctiva,Falla de lubricación,1392.0
PAR-001836,PN-EQ-05,2027-07-04,06:00:00,8.7,Preventiva,Mantenimiento programado (plan anual),10964.0
PAR-002787,PN-EQ-08,2026-08-16,03:00:00,7.9,Preventiva,Mantenimiento programado (plan anual),12736.0
PAR-003631,PN-EQ-10,2027-06-28,02:00:00,8.7,Correctiva,Falla de lubricación,18639.0
PAR-001421,PN-EQ-04,2027-08-27,05:00:00,11.4,Correctiva,Rotura de faja/correa,18847.0
PAR-001254,PN-EQ-04,2026-01-30,13:00:00,1.2,Operativa,Condiciones climáticas adversas,525.0
PAR-001817,PN-EQ-05,2027-05-12,07:00:00,1.3,Operativa,Falta de mineral en cancha,347.0
PAR-001679,PN-EQ-05,2026-02-04,00:00:00,20.0,Correctiva,Atoro de mineral / obstrucción,37259.0
PAR-000105,PN-EQ-01,2025-01-31,15:00:00,0.9,Operativa,Espera de insumos (reactivos/bolas de molienda),427.0
PAR-001359,PN-EQ-04,2027-01-18,01:00:00,2.9,Operativa,Condiciones climáticas adversas,695.0
PAR-001095,PN-EQ-04,2024-10-19,08:00:00,13.3,Correctiva,Atoro de mineral / obstrucción,12765.0
PAR-000113,PN-EQ-01,2025-03-03,15:00:00,6.7,Preventiva,Mantenimiento programado (plan anual),12272.0
PAR-000801,PN-EQ-03,2025-03-10,04:00:00,1.2,Operativa,Indeterminado,658.0
PAR-001654,PN-EQ-05,2025-10-30,02:00:00,7.1,Preventiva,Mantenimiento programado (plan anual),13846.0
PAR-002515,PN-EQ-07,2027-07-15,21:00:00,1.5,Correctiva,Falla eléctrica - motor/tablero,1685.0
PAR-001404,PN-EQ-04,2027-07-02,07:00:00,5.0,Preventiva,Mantenimiento programado (plan anual),4427.0
PAR-002036,PN-EQ-06,2025-06-26,16:00:00,4.3,Correctiva,Falla mecánica - desgaste de componente,6562.0
PAR-000931,PN-EQ-03,2026-12-07,11:00:00,0.8,Operativa,Espera de insumos (reactivos/bolas de molienda),217.0
PAR-001917,PN-EQ-06,2024-03-26,12:00:00,1.8,Operativa,Corte de energía externo,467.0
PAR-001622,PN-EQ-05,2025-07-05,06:00:00,1.7,Operativa,Espera de insumos (reactivos/bolas de molienda),635.0
PAR-000863,PN-EQ-03,2026-02-22,07:00:00,8.5,Preventiva,Mantenimiento programado (plan anual),14760.0
PAR-002415,PN-EQ-07,2026-03-29,09:00:00,6.3,Preventiva,Mantenimiento programado (plan anual),6861.0
PAR-000581,PN-EQ-02,2026-06-10,01:00:00,5.9,Correctiva,Falla eléctrica - motor/tablero,10314.0
PAR-000029,PN-EQ-01,2024-04-25,01:00:00,7.3,Correctiva,Atoro de mineral / obstrucción,12534.0
PAR-003681,PN-EQ-10,2027-12-21,02:00:00,8.5,Correctiva,Falla mecánica - desgaste de componente,7594.0
PAR-001729,PN-EQ-05,2026-07-10,17:00:00,3.1,Correctiva,Rotura de faja/correa,6310.0
PAR-003042,PN-EQ-09,2025-08-26,10:00:00,8.1,Preventiva,Mantenimiento programado (plan anual),17745.0
PAR-002402,PN-EQ-07,2026-01-12,02:00:00,4.9,Preventiva,Mantenimiento programado (plan anual),8211.0
PAR-002819,PN-EQ-08,2026-12-29,07:00:00,5.8,Correctiva,Falla mecánica - desgaste de componente,11869.0
PAR-003113,PN-EQ-09,2026-09-25,12:00:00,0.6,Correctiva,Atoro de mineral / obstrucción,752.0
PAR-000033,PN-EQ-01,2024-05-04,02:00:00,6.9,Correctiva,Falla eléctrica - motor/tablero,6659.0
PAR-002188,PN-EQ-06,2027-01-27,14:00:00,4.2,Preventiva,Mantenimiento programado (plan anual),5107.0
PAR-000131,PN-EQ-01,2025-05-17,08:00:00,5.3,Correctiva,Indeterminado,6350.0
PAR-003373,PN-EQ-10,2025-05-09,10:00:00,7.6,Preventiva,Mantenimiento programado (plan anual),13729.0
PAR-002145,PN-EQ-06,2026-09-02,21:00:00,2.0,Operativa,Condiciones climáticas adversas,849.0
PAR-003557,PN-EQ-10,2026-10-23,02:00:00,15.5,Correctiva,Falla mecánica - desgaste de componente,22840.0
PAR-002634,PN-EQ-08,2025-01-07,02:00:00,15.7,Correctiva,Rotura de faja/correa,28538.0
PAR-002709,PN-EQ-08,2025-11-08,19:00:00,1.6,Correctiva,Atoro de mineral / obstrucción,2315.0
PAR-002401,PN-EQ-07,2026-01-04,02:00:00,2.5,Correctiva,Falla de lubricación,
PAR-000560,PN-EQ-02,2026-02-28,14:00:00,1.2,Operativa,Condiciones climáticas adversas,620.0
PAR-003158,PN-EQ-09,2027-04-10,18:00:00,1.4,Correctiva,Falla mecánica - desgaste de componente,1848.0
PAR-002281,PN-EQ-07,2024-03-13,18:00:00,4.1,Preventiva,Mantenimiento programado (plan anual),5213.0
PAR-000669,PN-EQ-02,2027-04-18,08:00:00,3.0,Operativa,Corte de energía externo,1683.0
PAR-002679,PN-EQ-08,2025-07-17,13:00:00,4.4,Preventiva,Mantenimiento programado (plan anual),6372.0
PAR-001866,PN-EQ-05,2027-10-02,14:00:00,6.0,Preventiva,Mantenimiento programado (plan anual),12623.0
PAR-000779,PN-EQ-03,2024-12-13,08:00:00,6.3,Correctiva,Atoro de mineral / obstrucción,5490.0
PAR-000322,PN-EQ-01,2027-08-26,13:00:00,9.2,Correctiva,Falla eléctrica - motor/tablero,10366.0
PAR-000506,PN-EQ-02,2025-08-11,17:00:00,1.7,Operativa,Condiciones climáticas adversas,820.0
PAR-003056,PN-EQ-09,2025-11-07,12:00:00,2.9,Operativa,Falta de mineral en cancha,1333.0
PAR-001465,PN-EQ-05,2024-01-11,01:00:00,1.9,Operativa,Espera de insumos (reactivos/bolas de molienda),924.0
PAR-001713,PN-EQ-05,2026-05-13,02:00:00,8.6,Preventiva,Mantenimiento programado (plan anual),14816.0
PAR-000836,PN-EQ-03,2025-09-26,09:00:00,0.5,Correctiva,Falla mecánica - desgaste de componente,738.0
PAR-001896,PN-EQ-05,2027-12-18,09:00:00,4.3,Correctiva,Falla eléctrica - motor/tablero,5295.0
PAR-000296,PN-EQ-01,2027-05-18,05:00:00,1.7,Operativa,Condiciones climáticas adversas,511.0
PAR-001397,PN-EQ-04,2027-06-08,00:00:00,4.7,Correctiva,Atoro de mineral / obstrucción,9673.0
PAR-000682,PN-EQ-02,2027-07-17,11:00:00,2.9,Operativa,Corte de energía externo,1394.0
PAR-002478,PN-EQ-07,2027-01-17,18:00:00,4.3,Preventiva,Mantenimiento programado (plan anual),6596.0
PAR-000635,PN-EQ-02,2027-01-11,01:00:00,5.2,Correctiva,Atoro de mineral / obstrucción,4610.0
PAR-003012,PN-EQ-09,2025-05-02,10:00:00,2.4,Operativa,Corte de energía externo,1378.0
PAR-002211,PN-EQ-06,2027-04-13,04:00:00,2.3,Operativa,Condiciones climáticas adversas,1060.0
PAR-003030,PN-EQ-09,2025-07-02,03:00:00,5.3,Correctiva,Falla eléctrica - motor/tablero,10713.0
PAR-002742,PN-EQ-08,2026-03-11,04:00:00,3.3,Correctiva,Falla mecánica - desgaste de componente,4875.0
PAR-000238,PN-EQ-01,2026-07-31,03:00:00,1.9,Operativa,Condiciones climáticas adversas,823.0
PAR-000335,PN-EQ-01,2027-10-09,21:00:00,0.5,Correctiva,Falla de lubricación,683.0
PAR-003085,PN-EQ-09,2026-04-23,05:00:00,7.6,Preventiva,Mantenimiento programado (plan anual),11043.0
PAR-003200,PN-EQ-09,2027-10-13,08:00:00,1.2,Operativa,Espera de insumos (reactivos/bolas de molienda),336.0
PAR-000001,PN-EQ-01,2024-01-09,03:00:00,2.5,Correctiva,Rotura de faja/correa,2961.0
PAR-003086,PN-EQ-09,2026-05-09,08:00:00,0.5,Correctiva,Falla eléctrica - motor/tablero,816.0
PAR-001584,PN-EQ-05,2025-03-07,04:00:00,1.8,Operativa,Espera de insumos (reactivos/bolas de molienda),441.0
PAR-001627,PN-EQ-05,2025-07-15,02:00:00,17.5,Correctiva,Falla eléctrica - motor/tablero,33325.0
PAR-001540,PN-EQ-05,2024-10-07,02:00:00,13.9,Correctiva,Falla mecánica - desgaste de componente,23238.0
PAR-000633,PN-EQ-02,2027-01-04,16:00:00,6.2,Correctiva,Falla eléctrica - motor/tablero,9977.0
PAR-000044,PN-EQ-01,2024-06-22,00:00:00,6.8,Preventiva,Mantenimiento programado (plan anual),11565.0
PAR-002637,PN-EQ-08,2025-01-22,16:00:00,4.5,Correctiva,Rotura de faja/correa,8794.0
PAR-002196,PN-EQ-06,2027-02-28,05:00:00,5.4,Preventiva,Mantenimiento programado (plan anual),6127.0
PAR-000414,PN-EQ-02,2024-08-29,09:00:00,11.4,Correctiva,Falla eléctrica - motor/tablero,17956.0
PAR-001341,PN-EQ-04,2026-11-21,02:00:00,7.7,Preventiva,Mantenimiento programado (plan anual),15272.0
PAR-002757,PN-EQ-08,2026-04-26,02:00:00,1.1,Correctiva,Indeterminado,1907.0
PAR-003606,PN-EQ-10,2027-04-05,03:00:00,20.0,Correctiva,Falla mecánica - desgaste de componente,20048.0
PAR-000777,PN-EQ-03,2024-12-01,20:00:00,1.8,Correctiva,Rotura de faja/correa,
PAR-001202,PN-EQ-04,2025-08-28,00:00:00,10.6,Correctiva,Atoro de mineral / obstrucción,11483.0
PAR-000024,PN-EQ-01,2024-03-31,03:00:00,1.3,Operativa,Condiciones climáticas adversas,322.0
PAR-001347,PN-EQ-04,2026-12-18,01:00:00,20.0,Correctiva,Falla de lubricación,42472.0
PAR-001513,PN-EQ-05,2024-06-22,04:00:00,10.2,Correctiva,Falla eléctrica - motor/tablero,18817.0
PAR-003006,PN-EQ-09,2025-03-30,08:00:00,0.9,Correctiva,Atoro de mineral / obstrucción,999.0
PAR-003462,PN-EQ-10,2026-01-28,09:00:00,2.1,Operativa,Espera de insumos (reactivos/bolas de molienda),874.0
PAR-000645,PN-EQ-02,2027-02-19,13:00:00,1.6,Operativa,Corte de energía externo,713.0
PAR-002556,PN-EQ-08,2024-01-21,11:00:00,2.0,Correctiva,Atoro de mineral / obstrucción,2941.0
PAR-000604,PN-EQ-02,2026-09-08,04:00:00,10.2,Correctiva,Falla de lubricación,16983.0
PAR-003159,PN-EQ-09,2027-04-14,05:00:00,16.4,Correctiva,Atoro de mineral / obstrucción,33895.0
PAR-003540,PN-EQ-10,2026-08-28,11:00:00,1.6,Correctiva,Falla eléctrica - motor/tablero,2613.0
PAR-003202,PN-EQ-09,2027-10-26,09:00:00,7.1,Correctiva,Atoro de mineral / obstrucción,7866.0
PAR-002479,PN-EQ-07,2027-01-20,16:00:00,2.9,Operativa,Falta de mineral en cancha,1703.0
PAR-000619,PN-EQ-02,2026-11-17,03:00:00,6.7,Correctiva,Falla de lubricación,6856.0
PAR-003480,PN-EQ-10,2026-03-07,19:00:00,1.0,Correctiva,Falla eléctrica - motor/tablero,2106.0
PAR-003432,PN-EQ-10,2025-11-10,10:00:00,3.3,Correctiva,Falla eléctrica - motor/tablero,6343.0
PAR-001520,PN-EQ-05,2024-07-27,00:00:00,20.0,Correctiva,Falla mecánica - desgaste de componente,36851.0
PAR-003638,PN-EQ-10,2027-07-21,09:00:00,4.5,Correctiva,Falla mecánica - desgaste de componente,6180.0
PAR-002888,PN-EQ-08,2027-10-10,01:00:00,16.0,Correctiva,Falla mecánica - desgaste de componente,30301.0
PAR-000207,PN-EQ-01,2026-03-27,01:00:00,20.0,Correctiva,Falla de lubricación,28489.0
PAR-001541,PN-EQ-05,2024-10-16,15:00:00,6.2,Correctiva,Falla mecánica - desgaste de componente,10972.0
PAR-002333,PN-EQ-07,2024-12-27,15:00:00,4.4,Correctiva,Rotura de faja/correa,7932.0
PAR-001676,PN-EQ-05,2026-01-17,10:00:00,1.3,Correctiva,Rotura de faja/correa,
PAR-000821,PN-EQ-03,2025-06-21,06:00:00,7.8,Preventiva,Mantenimiento programado (plan anual),
PAR-003517,PN-EQ-10,2026-06-20,18:00:00,5.0,Correctiva,Rotura de faja/correa,9646.0
PAR-001865,PN-EQ-05,2027-10-01,02:00:00,14.5,Correctiva,Atoro de mineral / obstrucción,18825.0
PAR-002712,PN-EQ-08,2025-11-22,00:00:00,7.7,Correctiva,Atoro de mineral / obstrucción,14219.0
PAR-002399,PN-EQ-07,2025-12-31,16:00:00,5.7,Correctiva,Falla eléctrica - motor/tablero,10637.0
PAR-002295,PN-EQ-07,2024-05-28,02:00:00,2.0,Correctiva,Falla mecánica - desgaste de componente,4189.0
PAR-003594,PN-EQ-10,2027-02-19,13:00:00,7.6,Preventiva,Mantenimiento programado (plan anual),12436.0
PAR-002680,PN-EQ-08,2025-07-18,00:00:00,10.4,Correctiva,Falla eléctrica - motor/tablero,18156.0
PAR-000334,PN-EQ-01,2027-10-07,01:00:00,18.5,Correctiva,Atoro de mineral / obstrucción,37197.0
PAR-001820,PN-EQ-05,2027-05-14,02:00:00,19.5,Correctiva,Falla de lubricación,33305.0
PAR-002895,PN-EQ-08,2027-11-06,01:00:00,2.5,Correctiva,Falla de lubricación,3011.0
PAR-002968,PN-EQ-09,2024-09-01,05:00:00,6.4,Preventiva,Mantenimiento programado (plan anual),8478.0
PAR-000118,PN-EQ-01,2025-03-22,16:00:00,2.0,Operativa,Espera de insumos (reactivos/bolas de molienda),
PAR-000479,PN-EQ-02,2025-04-24,08:00:00,6.5,Correctiva,Falla mecánica - desgaste de componente,10096.0
PAR-002627,PN-EQ-08,2024-12-04,01:00:00,4.0,Correctiva,Falla eléctrica - motor/tablero,3790.0
PAR-003660,PN-EQ-10,2027-09-28,10:00:00,4.3,Preventiva,Mantenimiento programado (plan anual),7012.0
PAR-001281,PN-EQ-04,2026-05-03,01:00:00,19.5,Correctiva,Falla de lubricación,41678.0
PAR-001722,PN-EQ-05,2026-06-13,00:00:00,19.2,Correctiva,Indeterminado,33191.0
PAR-001323,PN-EQ-04,2026-09-22,00:00:00,20.0,Correctiva,Atoro de mineral / obstrucción,27544.0
PAR-000462,PN-EQ-02,2025-02-05,03:00:00,12.8,Correctiva,Falla mecánica - desgaste de componente,27483.0
PAR-002963,PN-EQ-09,2024-08-16,13:00:00,4.5,Preventiva,Mantenimiento programado (plan anual),5407.0
PAR-001744,PN-EQ-05,2026-09-05,14:00:00,3.5,Correctiva,Falla eléctrica - motor/tablero,4469.0
PAR-003636,PN-EQ-10,2027-07-16,19:00:00,0.5,Correctiva,Falla mecánica - desgaste de componente,815.0
PAR-000535,PN-EQ-02,2025-11-24,09:00:00,8.7,Preventiva,Mantenimiento programado (plan anual),14748.0
PAR-003617,PN-EQ-10,2027-05-12,20:00:00,2.9,Operativa,Corte de energía externo,1027.0
PAR-000241,PN-EQ-01,2026-08-29,03:00:00,8.6,Preventiva,Mantenimiento programado (plan anual),14028.0
PAR-000358,PN-EQ-02,2024-01-21,08:00:00,5.6,Correctiva,Falla eléctrica - motor/tablero,7026.0
PAR-002032,PN-EQ-06,2025-06-01,09:00:00,8.7,Preventiva,Mantenimiento programado (plan anual),18365.0
PAR-001750,PN-EQ-05,2026-09-23,15:00:00,3.7,Correctiva,Falla eléctrica - motor/tablero,6627.0
PAR-002010,PN-EQ-06,2025-03-25,10:00:00,6.7,Correctiva,Falla de lubricación,
PAR-002394,PN-EQ-07,2025-12-15,08:00:00,2.0,Correctiva,Atoro de mineral / obstrucción,3129.0
PAR-001337,PN-EQ-04,2026-11-03,19:00:00,0.9,Operativa,Indeterminado,348.0
PAR-000713,PN-EQ-02,2027-11-20,07:00:00,1.0,Operativa,Falta de mineral en cancha,511.0
PAR-001292,PN-EQ-04,2026-06-03,16:00:00,2.6,Correctiva,Falla de lubricación,2844.0
PAR-001235,PN-EQ-04,2025-11-29,10:00:00,7.0,Correctiva,Rotura de faja/correa,15316.0
PAR-002244,PN-EQ-06,2027-08-21,06:00:00,6.9,Preventiva,Mantenimiento programado (plan anual),7309.0
PAR-002425,PN-EQ-07,2026-05-04,04:00:00,7.0,Preventiva,Mantenimiento programado (plan anual),13427.0
PAR-000579,PN-EQ-02,2026-06-01,06:00:00,7.1,Preventiva,Mantenimiento programado (plan anual),8960.0
PAR-002352,PN-EQ-07,2025-03-31,08:00:00,8.6,Preventiva,Mantenimiento programado (plan anual),7205.0
PAR-003526,PN-EQ-10,2026-07-16,12:00:00,4.6,Correctiva,Atoro de mineral / obstrucción,3915.0
PAR-002349,PN-EQ-07,2025-03-15,16:00:00,2.5,Operativa,Corte de energía externo,1370.0
PAR-001174,PN-EQ-04,2025-05-25,12:00:00,6.0,Correctiva,Atoro de mineral / obstrucción,9276.0
PAR-003322,PN-EQ-10,2024-12-05,11:00:00,2.4,Operativa,Condiciones climáticas adversas,1081.0
PAR-002843,PN-EQ-08,2027-05-08,00:00:00,18.9,Correctiva,Falla eléctrica - motor/tablero,24829.0
PAR-002956,PN-EQ-09,2024-06-24,12:00:00,8.6,Preventiva,Mantenimiento programado (plan anual),
PAR-003151,PN-EQ-09,2027-03-17,11:00:00,2.9,Operativa,Falta de mineral en cancha,1114.0
PAR-002984,PN-EQ-09,2024-11-20,00:00:00,3.0,Correctiva,Falla mecánica - desgaste de componente,4921.0
PAR-000411,PN-EQ-02,2024-08-14,01:00:00,0.5,Correctiva,Falla de lubricación,917.0
PAR-000778,PN-EQ-03,2024-12-06,06:00:00,4.9,Preventiva,Mantenimiento programado (plan anual),5515.0
PAR-002065,PN-EQ-06,2025-11-11,20:00:00,0.5,Correctiva,Falla eléctrica - motor/tablero,1030.0
PAR-001955,PN-EQ-06,2024-08-28,05:00:00,6.9,Preventiva,Mantenimiento programado (plan anual),11888.0
PAR-001910,PN-EQ-06,2024-02-26,13:00:00,7.7,Correctiva,Falla eléctrica - motor/tablero,11226.0
PAR-000035,PN-EQ-01,2024-05-18,16:00:00,5.4,Preventiva,Mantenimiento programado (plan anual),9162.0
PAR-002719,PN-EQ-08,2025-12-11,00:00:00,20.0,Correctiva,Falla de lubricación,41566.0
PAR-001387,PN-EQ-04,2027-05-08,10:00:00,5.2,Correctiva,Falla mecánica - desgaste de componente,9103.0
PAR-000038,PN-EQ-01,2024-06-01,01:00:00,6.5,Preventiva,Mantenimiento programado (plan anual),5532.0
PAR-002666,PN-EQ-08,2025-06-06,14:00:00,7.1,Preventiva,Mantenimiento programado (plan anual),10599.0
PAR-003286,PN-EQ-10,2024-08-20,01:00:00,20.0,Correctiva,Atoro de mineral / obstrucción,20922.0
PAR-003347,PN-EQ-10,2025-02-20,17:00:00,2.8,Operativa,Condiciones climáticas adversas,
PAR-003430,PN-EQ-10,2025-11-01,11:00:00,6.8,Correctiva,Falla eléctrica - motor/tablero,12040.0
PAR-001456,PN-EQ-04,2027-11-28,01:00:00,2.4,Correctiva,Rotura de faja/correa,3486.0
PAR-000600,PN-EQ-02,2026-08-15,11:00:00,11.5,Correctiva,Falla eléctrica - motor/tablero,9989.0
PAR-002299,PN-EQ-07,2024-07-01,07:00:00,4.0,Correctiva,Falla eléctrica - motor/tablero,8785.0
PAR-000965,PN-EQ-03,2027-06-06,00:00:00,7.4,Preventiva,Mantenimiento programado (plan anual),12422.0
PAR-000415,PN-EQ-02,2024-08-30,03:00:00,5.2,Preventiva,Mantenimiento programado (plan anual),10529.0
PAR-001703,PN-EQ-05,2026-04-22,15:00:00,2.8,Correctiva,Rotura de faja/correa,6122.0
PAR-001010,PN-EQ-04,2024-01-07,03:00:00,20.0,Correctiva,Falla mecánica - desgaste de componente,16569.0
PAR-003308,PN-EQ-10,2024-10-18,11:00:00,6.9,Preventiva,Mantenimiento programado (plan anual),14511.0
PAR-000008,PN-EQ-01,2024-02-14,03:00:00,1.8,Operativa,Condiciones climáticas adversas,642.0
PAR-000543,PN-EQ-02,2025-12-29,09:00:00,8.1,Preventiva,Mantenimiento programado (plan anual),7996.0
PAR-000272,PN-EQ-01,2027-02-04,08:00:00,1.3,Operativa,Condiciones climáticas adversas,360.0
PAR-001301,PN-EQ-04,2026-07-10,12:00:00,11.0,Correctiva,Falla de lubricación,21329.0
PAR-001724,PN-EQ-05,2026-06-23,14:00:00,7.4,Preventiva,Mantenimiento programado (plan anual),14131.0
PAR-000749,PN-EQ-03,2024-05-14,03:00:00,5.2,Preventiva,Mantenimiento programado (plan anual),9431.0
PAR-003287,PN-EQ-10,2024-08-23,08:00:00,2.9,Correctiva,Rotura de faja/correa,3248.0
PAR-003484,PN-EQ-10,2026-03-15,15:00:00,0.5,Correctiva,Falla de lubricación,711.0
PAR-000643,PN-EQ-02,2027-02-12,06:00:00,2.3,Correctiva,Atoro de mineral / obstrucción,5021.0
PAR-000021,PN-EQ-01,2024-03-25,05:00:00,5.6,Correctiva,Falla de lubricación,7169.0
PAR-001688,PN-EQ-05,2026-02-28,07:00:00,4.4,Preventiva,Mantenimiento programado (plan anual),4705.0
PAR-003513,PN-EQ-10,2026-06-13,14:00:00,7.9,Preventiva,Mantenimiento programado (plan anual),17077.0
PAR-001445,PN-EQ-04,2027-11-02,04:00:00,10.3,Correctiva,Falla de lubricación,21877.0
PAR-002982,PN-EQ-09,2024-11-01,10:00:00,6.9,Correctiva,Falla de lubricación,7739.0
PAR-003349,PN-EQ-10,2025-02-23,08:00:00,9.0,Preventiva,Mantenimiento programado (plan anual),16626.0
PAR-001571,PN-EQ-05,2025-02-04,09:00:00,10.7,Correctiva,Falla mecánica - desgaste de componente,11001.0
PAR-001704,PN-EQ-05,2026-04-23,00:00:00,8.8,Preventiva,Mantenimiento programado (plan anual),8447.0
PAR-000510,PN-EQ-02,2025-09-03,14:00:00,5.2,Preventiva,Mantenimiento programado (plan anual),7570.0
PAR-003106,PN-EQ-09,2026-08-19,12:00:00,0.6,Operativa,Falta de mineral en cancha,138.0
PAR-002848,PN-EQ-08,2027-05-22,05:00:00,0.5,Correctiva,Falla de lubricación,576.0
PAR-001799,PN-EQ-05,2027-03-14,09:00:00,7.6,Correctiva,Falla de lubricación,9057.0
PAR-000420,PN-EQ-02,2024-09-16,10:00:00,2.1,Operativa,Corte de energía externo,440.0
PAR-002959,PN-EQ-09,2024-07-13,02:00:00,4.7,Correctiva,Atoro de mineral / obstrucción,
PAR-001611,PN-EQ-05,2025-05-27,01:00:00,12.2,Correctiva,Falla mecánica - desgaste de componente,15768.0
PAR-000505,PN-EQ-02,2025-08-03,06:00:00,8.5,Preventiva,Mantenimiento programado (plan anual),9860.0
PAR-001210,PN-EQ-04,2025-09-17,01:00:00,20.0,Correctiva,Atoro de mineral / obstrucción,32799.0
PAR-001494,PN-EQ-05,2024-04-15,14:00:00,7.6,Preventiva,Mantenimiento programado (plan anual),14539.0
PAR-000822,PN-EQ-03,2025-07-01,13:00:00,0.9,Correctiva,Atoro de mineral / obstrucción,
PAR-001291,PN-EQ-04,2026-05-29,00:00:00,2.6,Operativa,Espera de insumos (reactivos/bolas de molienda),1426.0
PAR-001931,PN-EQ-06,2024-05-28,04:00:00,2.8,Operativa,Espera de insumos (reactivos/bolas de molienda),1144.0
PAR-002404,PN-EQ-07,2026-02-04,04:00:00,5.9,Preventiva,Mantenimiento programado (plan anual),7509.0
PAR-001504,PN-EQ-05,2024-05-18,00:00:00,7.9,Preventiva,Mantenimiento programado (plan anual),12954.0
PAR-002612,PN-EQ-08,2024-09-30,13:00:00,0.5,Correctiva,Falla eléctrica - motor/tablero,786.0
PAR-001976,PN-EQ-06,2024-11-06,01:00:00,3.4,Correctiva,Falla mecánica - desgaste de componente,4866.0
PAR-000480,PN-EQ-02,2025-05-06,08:00:00,6.9,Preventiva,Mantenimiento programado (plan anual),8797.0
PAR-002414,PN-EQ-07,2026-03-16,11:00:00,1.2,Correctiva,Falla eléctrica - motor/tablero,1345.0
PAR-000845,PN-EQ-03,2025-11-18,06:00:00,7.4,Preventiva,Mantenimiento programado (plan anual),6686.0
PAR-000927,PN-EQ-03,2026-11-17,10:00:00,6.2,Correctiva,Falla eléctrica - motor/tablero,9403.0
PAR-001393,PN-EQ-04,2027-05-21,01:00:00,20.0,Correctiva,Atoro de mineral / obstrucción,
PAR-002606,PN-EQ-08,2024-09-06,12:00:00,11.0,Correctiva,Falla mecánica - desgaste de componente,20182.0
PAR-001003,PN-EQ-03,2027-12-05,04:00:00,2.4,Operativa,Espera de insumos (reactivos/bolas de molienda),588.0
PAR-001754,PN-EQ-05,2026-09-28,10:00:00,8.5,Correctiva,Falla mecánica - desgaste de componente,16757.0
PAR-001999,PN-EQ-06,2025-02-08,17:00:00,5.2,Preventiva,Mantenimiento programado (plan anual),10324.0
PAR-000711,PN-EQ-02,2027-11-15,12:00:00,7.9,Preventiva,Mantenimiento programado (plan anual),15157.0
PAR-002945,PN-EQ-09,2024-05-14,04:00:00,6.9,Preventiva,Mantenimiento programado (plan anual),8168.0
PAR-000405,PN-EQ-02,2024-07-24,05:00:00,7.9,Preventiva,Mantenimiento programado (plan anual),12629.0
PAR-000523,PN-EQ-02,2025-10-04,00:00:00,20.0,Correctiva,Falla mecánica - desgaste de componente,16842.0
PAR-000567,PN-EQ-02,2026-04-04,12:00:00,8.3,Preventiva,Mantenimiento programado (plan anual),12194.0
PAR-001452,PN-EQ-04,2027-11-18,02:00:00,20.0,Correctiva,Falla de lubricación,24642.0
PAR-001561,PN-EQ-05,2024-12-17,12:00:00,4.1,Correctiva,Atoro de mineral / obstrucción,6822.0
PAR-000196,PN-EQ-01,2026-02-16,10:00:00,2.1,Operativa,Corte de energía externo,713.0
PAR-000102,PN-EQ-01,2025-01-26,05:00:00,8.9,Correctiva,Falla de lubricación,12087.0
PAR-001307,PN-EQ-04,2026-07-25,11:00:00,8.9,Correctiva,Falla mecánica - desgaste de componente,14393.0
PAR-002202,PN-EQ-06,2027-03-19,05:00:00,7.5,Preventiva,Mantenimiento programado (plan anual),8360.0
PAR-001240,PN-EQ-04,2025-12-15,11:00:00,3.7,Correctiva,Atoro de mineral / obstrucción,7733.0
PAR-002561,PN-EQ-08,2024-02-13,04:00:00,3.0,Operativa,Corte de energía externo,670.0
PAR-003495,PN-EQ-10,2026-04-30,07:00:00,8.7,Preventiva,Mantenimiento programado (plan anual),12241.0
PAR-003490,PN-EQ-10,2026-04-06,16:00:00,2.4,Operativa,Falta de mineral en cancha,1343.0
PAR-000625,PN-EQ-02,2026-12-05,02:00:00,2.7,Operativa,Falta de mineral en cancha,682.0
PAR-000680,PN-EQ-02,2027-07-06,10:00:00,3.7,Correctiva,Falla mecánica - desgaste de componente,5393.0
PAR-003277,PN-EQ-10,2024-08-03,04:00:00,2.4,Operativa,Falta de mineral en cancha,1025.0
PAR-002804,PN-EQ-08,2026-11-03,08:00:00,0.5,Correctiva,Falla eléctrica - motor/tablero,576.0
PAR-001491,PN-EQ-05,2024-03-31,17:00:00,5.8,Preventiva,Mantenimiento programado (plan anual),6141.0
PAR-003166,PN-EQ-09,2027-05-15,14:00:00,1.8,Operativa,Condiciones climáticas adversas,655.0
PAR-000442,PN-EQ-02,2024-12-02,13:00:00,5.4,Preventiva,Mantenimiento programado (plan anual),9174.0
PAR-002675,PN-EQ-08,2025-06-24,00:00:00,18.5,Correctiva,Falla mecánica - desgaste de componente,22779.0
PAR-003352,PN-EQ-10,2025-03-10,14:00:00,4.5,Preventiva,Mantenimiento programado (plan anual),8541.0
PAR-001500,PN-EQ-05,2024-05-01,07:00:00,8.1,Preventiva,Mantenimiento programado (plan anual),14146.0
PAR-003122,PN-EQ-09,2026-11-02,10:00:00,2.9,Operativa,Espera de insumos (reactivos/bolas de molienda),582.0
PAR-000716,PN-EQ-02,2027-12-10,12:00:00,5.1,Correctiva,Falla mecánica - desgaste de componente,9564.0
PAR-002939,PN-EQ-09,2024-04-20,09:00:00,2.5,Operativa,Falta de mineral en cancha,1012.0
PAR-003482,PN-EQ-10,2026-03-10,00:00:00,1.1,Operativa,Condiciones climáticas adversas,358.0
PAR-003025,PN-EQ-09,2025-06-09,04:00:00,3.3,Correctiva,Falla eléctrica - motor/tablero,3706.0
PAR-003419,PN-EQ-10,2025-10-03,13:00:00,1.1,Operativa,Condiciones climáticas adversas,638.0
PAR-000552,PN-EQ-02,2026-01-21,12:00:00,7.7,Preventiva,Mantenimiento programado (plan anual),15037.0
PAR-000396,PN-EQ-02,2024-06-17,01:00:00,20.0,Correctiva,Falla eléctrica - motor/tablero,39717.0
PAR-000177,PN-EQ-01,2025-12-03,08:00:00,1.6,Operativa,Condiciones climáticas adversas,751.0
PAR-003607,PN-EQ-10,2027-04-17,12:00:00,8.8,Preventiva,Mantenimiento programado (plan anual),13525.0
PAR-003162,PN-EQ-09,2027-04-30,09:00:00,5.6,Correctiva,Falla mecánica - desgaste de componente,11806.0
PAR-002284,PN-EQ-07,2024-03-28,02:00:00,1.0,Operativa,Espera de insumos (reactivos/bolas de molienda),424.0
PAR-000246,PN-EQ-01,2026-10-04,07:00:00,8.6,Preventiva,Mantenimiento programado (plan anual),15154.0
PAR-002502,PN-EQ-07,2027-04-17,19:00:00,1.8,Correctiva,Falla de lubricación,2669.0
PAR-003338,PN-EQ-10,2025-01-26,11:00:00,2.2,Correctiva,Falla eléctrica - motor/tablero,4510.0
PAR-003164,PN-EQ-09,2027-05-07,04:00:00,3.3,Correctiva,Falla eléctrica - motor/tablero,3938.0
PAR-002562,PN-EQ-08,2024-02-27,10:00:00,2.3,Operativa,Falta de mineral en cancha,1369.0
PAR-003053,PN-EQ-09,2025-10-28,03:00:00,2.5,Operativa,Espera de insumos (reactivos/bolas de molienda),985.0
PAR-000689,PN-EQ-02,2027-08-10,06:00:00,0.8,Operativa,Condiciones climáticas adversas,261.0
PAR-001325,PN-EQ-04,2026-10-03,01:00:00,1.0,Operativa,Corte de energía externo,381.0
PAR-002856,PN-EQ-08,2027-06-21,06:00:00,9.6,Correctiva,Falla de lubricación,10226.0
PAR-002853,PN-EQ-08,2027-06-09,08:00:00,11.1,Correctiva,Falla eléctrica - motor/tablero,16592.0
PAR-000478,PN-EQ-02,2025-04-17,04:00:00,6.2,Preventiva,Mantenimiento programado (plan anual),8919.0
PAR-002620,PN-EQ-08,2024-11-04,04:00:00,2.2,Operativa,Corte de energía externo,818.0
PAR-000320,PN-EQ-01,2027-08-23,08:00:00,7.6,Preventiva,Mantenimiento programado (plan anual),16095.0
PAR-000465,PN-EQ-02,2025-02-22,02:00:00,1.2,Correctiva,Falla de lubricación,1384.0
PAR-002464,PN-EQ-07,2026-11-01,07:00:00,6.2,Preventiva,Mantenimiento programado (plan anual),5158.0
PAR-001854,PN-EQ-05,2027-08-28,02:00:00,19.3,Correctiva,Falla mecánica - desgaste de componente,38613.0
PAR-003555,PN-EQ-10,2026-10-19,09:00:00,0.5,Correctiva,Falla eléctrica - motor/tablero,960.0
PAR-003120,PN-EQ-09,2026-10-30,01:00:00,0.7,Operativa,Condiciones climáticas adversas,416.0
PAR-003016,PN-EQ-09,2025-05-17,07:00:00,4.0,Correctiva,Atoro de mineral / obstrucción,8466.0
PAR-003578,PN-EQ-10,2026-12-22,10:00:00,9.8,Correctiva,Indeterminado,20895.0
PAR-003000,PN-EQ-09,2025-03-14,07:00:00,8.7,Preventiva,Indeterminado,15909.0
PAR-002741,PN-EQ-08,2026-03-10,02:00:00,20.0,Correctiva,Atoro de mineral / obstrucción,30124.0
PAR-001595,PN-EQ-05,2025-04-16,11:00:00,1.4,Operativa,Espera de insumos (reactivos/bolas de molienda),506.0
PAR-002106,PN-EQ-06,2026-04-04,11:00:00,11.8,Correctiva,Falla de lubricación,16051.0
PAR-001420,PN-EQ-04,2027-08-25,07:00:00,6.7,Preventiva,Mantenimiento programado (plan anual),
PAR-001305,PN-EQ-04,2026-07-20,11:00:00,2.0,Operativa,Condiciones climáticas adversas,631.0
PAR-003553,PN-EQ-10,2026-10-07,06:00:00,2.3,Operativa,Espera de insumos (reactivos/bolas de molienda),1122.0
PAR-003351,PN-EQ-10,2025-03-02,05:00:00,2.9,Correctiva,Rotura de faja/correa,2393.0
PAR-003612,PN-EQ-10,2027-04-28,13:00:00,1.9,Correctiva,Falla eléctrica - motor/tablero,3927.0
PAR-000312,PN-EQ-01,2027-07-17,15:00:00,1.2,Operativa,Condiciones climáticas adversas,588.0
PAR-001702,PN-EQ-05,2026-04-20,02:00:00,20.0,Correctiva,Falla mecánica - desgaste de componente,16943.0
PAR-002227,PN-EQ-06,2027-06-30,06:00:00,0.5,Correctiva,Falla mecánica - desgaste de componente,
PAR-003386,PN-EQ-10,2025-06-18,00:00:00,20.0,Correctiva,Falla de lubricación,32141.0
PAR-003195,PN-EQ-09,2027-09-28,14:00:00,2.9,Operativa,Espera de insumos (reactivos/bolas de molienda),1330.0
PAR-003245,PN-EQ-10,2024-04-27,04:00:00,6.1,Correctiva,Rotura de faja/correa,10190.0
PAR-003211,PN-EQ-09,2027-12-08,04:00:00,6.6,Preventiva,Mantenimiento programado (plan anual),7809.0
PAR-002175,PN-EQ-06,2026-11-20,13:00:00,7.9,Preventiva,Mantenimiento programado (plan anual),16013.0
PAR-002773,PN-EQ-08,2026-06-23,05:00:00,2.5,Operativa,Falta de mineral en cancha,1271.0
PAR-002199,PN-EQ-06,2027-03-04,01:00:00,2.6,Correctiva,Atoro de mineral / obstrucción,5262.0
PAR-002057,PN-EQ-06,2025-09-20,12:00:00,1.6,Operativa,Corte de energía externo,536.0
PAR-001902,PN-EQ-06,2024-01-03,04:00:00,0.8,Operativa,Corte de energía externo,388.0
PAR-001224,PN-EQ-04,2025-10-16,13:00:00,7.4,Correctiva,Falla mecánica - desgaste de componente,14162.0
PAR-000288,PN-EQ-01,2027-04-15,13:00:00,8.7,Correctiva,Falla mecánica - desgaste de componente,
PAR-001131,PN-EQ-04,2025-02-14,18:00:00,0.5,Correctiva,Indeterminado,763.0
PAR-000254,PN-EQ-01,2026-11-19,00:00:00,20.0,Correctiva,Falla de lubricación,18180.0
PAR-001182,PN-EQ-04,2025-06-19,05:00:00,16.0,Correctiva,Falla de lubricación,12974.0
PAR-001162,PN-EQ-04,2025-04-21,07:00:00,1.6,Correctiva,Falla mecánica - desgaste de componente,2801.0
PAR-000052,PN-EQ-01,2024-07-28,09:00:00,12.5,Correctiva,Atoro de mineral / obstrucción,18162.0
PAR-001223,PN-EQ-04,2025-10-14,06:00:00,2.0,Correctiva,Rotura de faja/correa,2591.0
PAR-002075,PN-EQ-06,2025-12-10,14:00:00,2.0,Operativa,Espera de insumos (reactivos/bolas de molienda),865.0
PAR-001166,PN-EQ-04,2025-05-02,00:00:00,11.5,Correctiva,Rotura de faja/correa,21919.0
PAR-001352,PN-EQ-04,2027-01-05,09:00:00,4.1,Correctiva,Atoro de mineral / obstrucción,3944.0
PAR-002176,PN-EQ-06,2026-11-26,05:00:00,2.1,Operativa,Espera de insumos (reactivos/bolas de molienda),775.0
PAR-002317,PN-EQ-07,2024-10-03,09:00:00,7.9,Correctiva,Falla de lubricación,15926.0
PAR-001634,PN-EQ-05,2025-08-08,17:00:00,1.5,Operativa,Indeterminado,490.0
PAR-003171,PN-EQ-09,2027-05-28,05:00:00,12.6,Correctiva,Falla de lubricación,26220.0
PAR-002222,PN-EQ-06,2027-05-30,11:00:00,2.8,Operativa,Falta de mineral en cancha,1354.0
PAR-002088,PN-EQ-06,2026-01-30,10:00:00,0.8,Correctiva,Falla mecánica - desgaste de componente,757.0
PAR-003088,PN-EQ-09,2026-05-13,08:00:00,5.3,Preventiva,Mantenimiento programado (plan anual),8903.0
PAR-002186,PN-EQ-06,2027-01-11,05:00:00,8.9,Preventiva,Mantenimiento programado (plan anual),17769.0
PAR-002072,PN-EQ-06,2025-11-30,17:00:00,2.3,Correctiva,Falla de lubricación,
PAR-001741,PN-EQ-05,2026-08-19,06:00:00,2.6,Operativa,Corte de energía externo,728.0
PAR-000141,PN-EQ-01,2025-06-26,02:00:00,0.5,Correctiva,Falla de lubricación,506.0
PAR-002607,PN-EQ-08,2024-09-09,12:00:00,3.3,Correctiva,Falla mecánica - desgaste de componente,5390.0
PAR-001637,PN-EQ-05,2025-08-18,12:00:00,5.3,Preventiva,Mantenimiento programado (plan anual),7829.0
PAR-000407,PN-EQ-02,2024-07-29,13:00:00,3.0,Operativa,Indeterminado,1139.0
PAR-003055,PN-EQ-09,2025-11-03,10:00:00,7.4,Preventiva,Mantenimiento programado (plan anual),11372.0
PAR-001643,PN-EQ-05,2025-09-08,02:00:00,20.0,Correctiva,Rotura de faja/correa,26305.0
PAR-000028,PN-EQ-01,2024-04-24,05:00:00,2.3,Correctiva,Rotura de faja/correa,4492.0
PAR-000463,PN-EQ-02,2025-02-09,12:00:00,6.3,Preventiva,Indeterminado,10436.0
PAR-000685,PN-EQ-02,2027-07-29,06:00:00,8.8,Correctiva,Atoro de mineral / obstrucción,10878.0
PAR-001990,PN-EQ-06,2024-12-26,21:00:00,1.1,Operativa,Corte de energía externo,497.0
PAR-000076,PN-EQ-01,2024-10-29,09:00:00,8.0,Correctiva,Falla mecánica - desgaste de componente,8795.0
PAR-001517,PN-EQ-05,2024-07-13,10:00:00,4.1,Correctiva,Atoro de mineral / obstrucción,4602.0
PAR-003664,PN-EQ-10,2027-10-16,00:00:00,20.0,Correctiva,Atoro de mineral / obstrucción,34463.0
PAR-001761,PN-EQ-05,2026-10-16,06:00:00,1.7,Correctiva,Falla eléctrica - motor/tablero,2982.0
PAR-001664,PN-EQ-05,2025-12-08,10:00:00,1.1,Operativa,Corte de energía externo,647.0
PAR-000540,PN-EQ-02,2025-12-19,09:00:00,1.1,Correctiva,Falla eléctrica - motor/tablero,1802.0
PAR-000648,PN-EQ-02,2027-02-21,01:00:00,20.0,Correctiva,Falla de lubricación,
PAR-002495,PN-EQ-07,2027-03-20,17:00:00,0.7,Operativa,Falta de mineral en cancha,330.0
PAR-000512,PN-EQ-02,2025-09-09,09:00:00,5.9,Correctiva,Falla mecánica - desgaste de componente,11178.0
PAR-002059,PN-EQ-06,2025-09-30,16:00:00,5.5,Correctiva,Falla eléctrica - motor/tablero,
PAR-003560,PN-EQ-10,2026-10-29,11:00:00,4.2,Preventiva,Mantenimiento programado (plan anual),7539.0
PAR-001213,PN-EQ-04,2025-09-25,01:00:00,6.0,Correctiva,Rotura de faja/correa,6376.0
PAR-001846,PN-EQ-05,2027-07-25,12:00:00,1.5,Correctiva,Rotura de faja/correa,1246.0
PAR-000789,PN-EQ-03,2025-01-27,03:00:00,0.8,Operativa,Condiciones climáticas adversas,162.0
PAR-000984,PN-EQ-03,2027-08-15,05:00:00,0.5,Correctiva,Falla de lubricación,447.0
PAR-001777,PN-EQ-05,2026-12-23,11:00:00,2.4,Operativa,Corte de energía externo,845.0
PAR-000729,PN-EQ-03,2024-02-16,11:00:00,2.1,Correctiva,Falla eléctrica - motor/tablero,2988.0
PAR-003675,PN-EQ-10,2027-11-24,02:00:00,4.8,Preventiva,Mantenimiento programado (plan anual),5488.0
PAR-002269,PN-EQ-06,2027-12-27,01:00:00,4.1,Preventiva,Mantenimiento programado (plan anual),4309.0
PAR-000280,PN-EQ-01,2027-03-07,11:00:00,0.5,Correctiva,Falla mecánica - desgaste de componente,1077.0
PAR-000294,PN-EQ-01,2027-05-13,09:00:00,7.3,Correctiva,Rotura de faja/correa,13791.0
PAR-000392,PN-EQ-02,2024-05-22,07:00:00,4.6,Preventiva,Indeterminado,8234.0
PAR-001818,PN-EQ-05,2027-05-14,05:00:00,4.3,Preventiva,Mantenimiento programado (plan anual),7132.0
PAR-000752,PN-EQ-03,2024-06-04,05:00:00,7.3,Preventiva,Mantenimiento programado (plan anual),8943.0
PAR-000188,PN-EQ-01,2026-01-13,11:00:00,2.6,Correctiva,Falla mecánica - desgaste de componente,
PAR-001693,PN-EQ-05,2026-03-21,03:00:00,8.1,Correctiva,Rotura de faja/correa,14887.0
PAR-001218,PN-EQ-04,2025-10-04,10:00:00,8.6,Correctiva,Atoro de mineral / obstrucción,10791.0
PAR-002220,PN-EQ-06,2027-05-18,21:00:00,1.4,Operativa,Condiciones climáticas adversas,653.0
PAR-001680,PN-EQ-05,2026-02-06,10:00:00,0.5,Correctiva,Atoro de mineral / obstrucción,777.0
PAR-002583,PN-EQ-08,2024-05-18,08:00:00,2.9,Correctiva,Rotura de faja/correa,6177.0
PAR-002400,PN-EQ-07,2026-01-01,19:00:00,1.0,Operativa,Falta de mineral en cancha,390.0
PAR-001158,PN-EQ-04,2025-04-06,11:00:00,9.1,Correctiva,Rotura de faja/correa,10171.0
PAR-000041,PN-EQ-01,2024-06-10,03:00:00,1.1,Correctiva,Rotura de faja/correa,1716.0
PAR-002110,PN-EQ-06,2026-04-18,05:00:00,1.0,Operativa,Corte de energía externo,251.0
PAR-002525,PN-EQ-07,2027-09-01,13:00:00,0.8,Operativa,Indeterminado,445.0
PAR-001650,PN-EQ-05,2025-10-11,04:00:00,5.9,Preventiva,Mantenimiento programado (plan anual),9538.0
PAR-001972,PN-EQ-06,2024-10-21,04:00:00,2.2,Operativa,Condiciones climáticas adversas,825.0
PAR-000214,PN-EQ-01,2026-04-23,13:00:00,7.1,Correctiva,Falla eléctrica - motor/tablero,12850.0
PAR-002699,PN-EQ-08,2025-09-27,09:00:00,7.5,Preventiva,Mantenimiento programado (plan anual),14471.0
PAR-003057,PN-EQ-09,2025-11-26,18:00:00,4.8,Preventiva,Mantenimiento programado (plan anual),10183.0
PAR-001745,PN-EQ-05,2026-09-07,12:00:00,3.7,Correctiva,Falla de lubricación,4329.0
PAR-001882,PN-EQ-05,2027-11-01,18:00:00,3.4,Correctiva,Rotura de faja/correa,7088.0
PAR-003535,PN-EQ-10,2026-08-13,02:00:00,5.9,Correctiva,Falla mecánica - desgaste de componente,12660.0
PAR-000943,PN-EQ-03,2027-02-02,07:00:00,5.8,Preventiva,Indeterminado,12144.0
PAR-000957,PN-EQ-03,2027-04-30,03:00:00,1.0,Correctiva,Falla eléctrica - motor/tablero,1627.0
PAR-002630,PN-EQ-08,2024-12-27,10:00:00,12.9,Correctiva,Falla mecánica - desgaste de componente,22596.0
PAR-003406,PN-EQ-10,2025-08-06,16:00:00,6.4,Preventiva,Mantenimiento programado (plan anual),12743.0
PAR-002989,PN-EQ-09,2024-12-29,01:00:00,0.8,Operativa,Condiciones climáticas adversas,355.0
PAR-000359,PN-EQ-02,2024-01-26,05:00:00,2.3,Operativa,Condiciones climáticas adversas,664.0
PAR-002193,PN-EQ-06,2027-02-17,00:00:00,1.7,Operativa,Corte de energía externo,900.0
PAR-002360,PN-EQ-07,2025-06-04,19:00:00,1.6,Correctiva,Falla mecánica - desgaste de componente,2753.0
PAR-003579,PN-EQ-10,2026-12-23,02:00:00,20.0,Correctiva,Atoro de mineral / obstrucción,41749.0
PAR-003039,PN-EQ-09,2025-08-11,15:00:00,7.6,Correctiva,Falla de lubricación,7016.0
PAR-002407,PN-EQ-07,2026-02-18,04:00:00,4.6,Preventiva,Mantenimiento programado (plan anual),4898.0
PAR-002073,PN-EQ-06,2025-12-05,04:00:00,2.8,Correctiva,Falla mecánica - desgaste de componente,4198.0
PAR-002331,PN-EQ-07,2024-12-20,08:00:00,7.1,Correctiva,Falla mecánica - desgaste de componente,11174.0
PAR-002236,PN-EQ-06,2027-07-28,05:00:00,5.9,Correctiva,Indeterminado,6341.0
PAR-001640,PN-EQ-05,2025-09-01,03:00:00,1.3,Operativa,Condiciones climáticas adversas,606.0
PAR-000016,PN-EQ-01,2024-03-15,15:00:00,7.9,Correctiva,Atoro de mineral / obstrucción,9081.0
PAR-003186,PN-EQ-09,2027-08-09,13:00:00,7.8,Preventiva,Mantenimiento programado (plan anual),12598.0
PAR-000393,PN-EQ-02,2024-05-23,20:00:00,2.6,Operativa,Corte de energía externo,788.0
PAR-003558,PN-EQ-10,2026-10-27,14:00:00,4.9,Correctiva,Falla eléctrica - motor/tablero,9112.0
PAR-000316,PN-EQ-01,2027-08-09,02:00:00,8.8,Preventiva,Mantenimiento programado (plan anual),12535.0
PAR-000130,PN-EQ-01,2025-05-16,06:00:00,2.7,Operativa,Condiciones climáticas adversas,1513.0
PAR-000428,PN-EQ-02,2024-10-09,09:00:00,1.3,Operativa,Falta de mineral en cancha,615.0
PAR-000313,PN-EQ-01,2027-07-21,04:00:00,1.9,Correctiva,Falla mecánica - desgaste de componente,2105.0
PAR-002332,PN-EQ-07,2024-12-24,07:00:00,6.7,Preventiva,Mantenimiento programado (plan anual),7102.0
PAR-003217,PN-EQ-10,2024-01-10,03:00:00,20.0,Correctiva,Falla mecánica - desgaste de componente,25824.0
PAR-001757,PN-EQ-05,2026-10-04,09:00:00,2.5,Operativa,Falta de mineral en cancha,
PAR-000184,PN-EQ-01,2025-12-31,15:00:00,3.4,Correctiva,Rotura de faja/correa,5754.0
PAR-001234,PN-EQ-04,2025-11-25,01:00:00,4.6,Preventiva,Mantenimiento programado (plan anual),9796.0
PAR-000482,PN-EQ-02,2025-05-08,01:00:00,20.0,Correctiva,Falla de lubricación,27654.0
PAR-002144,PN-EQ-06,2026-08-25,06:00:00,15.6,Correctiva,Rotura de faja/correa,24115.0
PAR-000734,PN-EQ-03,2024-03-09,14:00:00,0.5,Correctiva,Falla eléctrica - motor/tablero,942.0
PAR-000859,PN-EQ-03,2026-02-02,19:00:00,2.7,Operativa,Corte de energía externo,1116.0
PAR-003364,PN-EQ-10,2025-04-09,00:00:00,20.0,Correctiva,Rotura de faja/correa,43802.0
PAR-001531,PN-EQ-05,2024-09-01,16:00:00,1.9,Correctiva,Indeterminado,1937.0
PAR-001001,PN-EQ-03,2027-11-20,01:00:00,4.0,Correctiva,Indeterminado,5799.0
PAR-000136,PN-EQ-01,2025-06-13,10:00:00,2.5,Operativa,Espera de insumos (reactivos/bolas de molienda),851.0
PAR-002116,PN-EQ-06,2026-05-09,04:00:00,2.4,Correctiva,Falla eléctrica - motor/tablero,2534.0
PAR-001289,PN-EQ-04,2026-05-25,04:00:00,5.3,Preventiva,Mantenimiento programado (plan anual),8619.0
PAR-002507,PN-EQ-07,2027-05-22,18:00:00,0.5,Correctiva,Falla eléctrica - motor/tablero,1044.0
PAR-003023,PN-EQ-09,2025-06-07,08:00:00,1.3,Correctiva,Falla de lubricación,1823.0
PAR-001125,PN-EQ-04,2025-01-29,07:00:00,11.7,Correctiva,Falla mecánica - desgaste de componente,
PAR-003029,PN-EQ-09,2025-06-30,15:00:00,1.8,Correctiva,Falla de lubricación,2942.0
PAR-002638,PN-EQ-08,2025-01-28,04:00:00,1.4,Operativa,Corte de energía externo,328.0
PAR-001658,PN-EQ-05,2025-11-21,04:00:00,10.7,Correctiva,Falla mecánica - desgaste de componente,15247.0
PAR-002863,PN-EQ-08,2027-07-13,18:00:00,3.8,Correctiva,Falla mecánica - desgaste de componente,8029.0
PAR-001178,PN-EQ-04,2025-06-12,03:00:00,20.0,Correctiva,Falla de lubricación,40037.0
PAR-002001,PN-EQ-06,2025-02-18,14:00:00,2.6,Correctiva,Falla mecánica - desgaste de componente,2571.0
PAR-002280,PN-EQ-07,2024-03-06,19:00:00,3.1,Correctiva,Rotura de faja/correa,2948.0
PAR-002903,PN-EQ-08,2027-11-26,07:00:00,13.4,Correctiva,Rotura de faja/correa,13805.0
PAR-002554,PN-EQ-08,2024-01-13,08:00:00,1.3,Operativa,Corte de energía externo,671.0
PAR-000181,PN-EQ-01,2025-12-10,04:00:00,7.1,Correctiva,Falla mecánica - desgaste de componente,11536.0
PAR-002301,PN-EQ-07,2024-07-07,11:00:00,1.5,Correctiva,Rotura de faja/correa,1691.0
PAR-001496,PN-EQ-05,2024-04-18,01:00:00,20.0,Correctiva,Falla eléctrica - motor/tablero,35978.0
PAR-001140,PN-EQ-04,2025-02-28,05:00:00,9.0,Correctiva,Falla eléctrica - motor/tablero,14227.0
PAR-002340,PN-EQ-07,2025-02-01,01:00:00,4.8,Correctiva,Falla mecánica - desgaste de componente,4148.0
PAR-002490,PN-EQ-07,2027-02-25,13:00:00,3.3,Correctiva,Falla mecánica - desgaste de componente,3612.0
PAR-000318,PN-EQ-01,2027-08-20,01:00:00,2.5,Operativa,Condiciones climáticas adversas,876.0
PAR-002392,PN-EQ-07,2025-12-04,01:00:00,0.8,Operativa,Corte de energía externo,294.0
PAR-001079,PN-EQ-04,2024-09-11,08:00:00,9.7,Correctiva,Falla de lubricación,16659.0
PAR-000641,PN-EQ-02,2027-02-07,00:00:00,2.0,Operativa,Espera de insumos (reactivos/bolas de molienda),742.0
PAR-000811,PN-EQ-03,2025-05-05,16:00:00,2.9,Operativa,Falta de mineral en cancha,938.0
PAR-000111,PN-EQ-01,2025-02-19,16:00:00,0.5,Correctiva,Falla de lubricación,1079.0
PAR-001800,PN-EQ-05,2027-03-17,09:00:00,1.6,Correctiva,Falla mecánica - desgaste de componente,1550.0
PAR-000026,PN-EQ-01,2024-04-13,12:00:00,5.9,Preventiva,Mantenimiento programado (plan anual),10934.0
PAR-001462,PN-EQ-04,2027-12-22,01:00:00,20.0,Correctiva,Rotura de faja/correa,39570.0
PAR-001209,PN-EQ-04,2025-09-15,07:00:00,4.5,Preventiva,Mantenimiento programado (plan anual),3857.0
PAR-001792,PN-EQ-05,2027-02-14,07:00:00,11.6,Correctiva,Falla de lubricación,9991.0
PAR-003624,PN-EQ-10,2027-06-15,15:00:00,3.9,Correctiva,Indeterminado,6639.0
PAR-001565,PN-EQ-05,2025-01-06,00:00:00,4.3,Preventiva,Mantenimiento programado (plan anual),6624.0
PAR-000825,PN-EQ-03,2025-07-28,00:00:00,7.3,Preventiva,Mantenimiento programado (plan anual),13206.0
PAR-000368,PN-EQ-02,2024-02-29,20:00:00,1.9,Operativa,Espera de insumos (reactivos/bolas de molienda),616.0
PAR-003498,PN-EQ-10,2026-05-07,00:00:00,20.0,Correctiva,Falla mecánica - desgaste de componente,17288.0
PAR-001363,PN-EQ-04,2027-02-02,01:00:00,6.9,Preventiva,Mantenimiento programado (plan anual),9602.0
PAR-001208,PN-EQ-04,2025-09-14,12:00:00,3.1,Correctiva,Atoro de mineral / obstrucción,2816.0
PAR-002969,PN-EQ-09,2024-09-08,20:00:00,2.4,Operativa,Corte de energía externo,792.0
PAR-003571,PN-EQ-10,2026-11-27,02:00:00,6.2,Correctiva,Rotura de faja/correa,8669.0
PAR-002143,PN-EQ-06,2026-08-15,01:00:00,7.4,Preventiva,Mantenimiento programado (plan anual),13827.0
PAR-003178,PN-EQ-09,2027-07-04,05:00:00,8.6,Preventiva,Mantenimiento programado (plan anual),14592.0
PAR-000375,PN-EQ-02,2024-04-12,17:00:00,1.4,Correctiva,Rotura de faja/correa,1304.0
PAR-002696,PN-EQ-08,2025-09-09,06:00:00,8.4,Preventiva,Mantenimiento programado (plan anual),16148.0
PAR-000328,PN-EQ-01,2027-09-13,06:00:00,6.1,Preventiva,Mantenimiento programado (plan anual),12707.0
PAR-002521,PN-EQ-07,2027-08-15,20:00:00,1.8,Operativa,Indeterminado,971.0
PAR-001085,PN-EQ-04,2024-09-27,01:00:00,8.1,Correctiva,Atoro de mineral / obstrucción,11579.0
PAR-003538,PN-EQ-10,2026-08-16,10:00:00,8.3,Correctiva,Falla eléctrica - motor/tablero,15267.0
PAR-003608,PN-EQ-10,2027-04-17,06:00:00,1.5,Operativa,Espera de insumos (reactivos/bolas de molienda),769.0
PAR-001275,PN-EQ-04,2026-04-09,03:00:00,20.0,Correctiva,Falla de lubricación,43061.0
PAR-000508,PN-EQ-02,2025-08-21,11:00:00,9.2,Correctiva,Falla eléctrica - motor/tablero,15819.0
PAR-003417,PN-EQ-10,2025-09-29,10:00:00,0.9,Operativa,Condiciones climáticas adversas,342.0
PAR-003261,PN-EQ-10,2024-06-12,07:00:00,1.9,Operativa,Corte de energía externo,495.0
PAR-001012,PN-EQ-04,2024-01-10,04:00:00,2.7,Operativa,Corte de energía externo,585.0
PAR-003299,PN-EQ-10,2024-09-30,07:00:00,1.1,Operativa,Indeterminado,592.0
PAR-002461,PN-EQ-07,2026-10-17,09:00:00,8.3,Preventiva,Mantenimiento programado (plan anual),15743.0
PAR-001183,PN-EQ-04,2025-07-02,10:00:00,7.3,Preventiva,Mantenimiento programado (plan anual),13121.0
PAR-002335,PN-EQ-07,2025-01-16,02:00:00,6.3,Preventiva,Mantenimiento programado (plan anual),6447.0
PAR-003459,PN-EQ-10,2026-01-17,17:00:00,1.9,Operativa,Falta de mineral en cancha,829.0
PAR-000461,PN-EQ-02,2025-01-31,02:00:00,11.8,Correctiva,Indeterminado,13755.0
PAR-000566,PN-EQ-02,2026-03-27,01:00:00,7.7,Correctiva,Falla mecánica - desgaste de componente,
PAR-000631,PN-EQ-02,2026-12-27,10:00:00,8.4,Preventiva,Mantenimiento programado (plan anual),8096.0
PAR-002007,PN-EQ-06,2025-03-21,15:00:00,0.9,Correctiva,Atoro de mineral / obstrucción,1599.0
PAR-002238,PN-EQ-06,2027-07-30,05:00:00,12.6,Correctiva,Falla de lubricación,18229.0
PAR-002053,PN-EQ-06,2025-09-08,09:00:00,0.5,Correctiva,Rotura de faja/correa,506.0
PAR-002854,PN-EQ-08,2027-06-11,00:00:00,0.5,Correctiva,Falla eléctrica - motor/tablero,689.0
PAR-002906,PN-EQ-08,2027-12-01,00:00:00,3.2,Correctiva,Indeterminado,2690.0
PAR-000417,PN-EQ-02,2024-09-07,13:00:00,0.6,Operativa,Falta de mineral en cancha,164.0
PAR-002540,PN-EQ-07,2027-11-11,15:00:00,5.0,Preventiva,Mantenimiento programado (plan anual),10205.0
PAR-000959,PN-EQ-03,2027-05-03,11:00:00,0.8,Correctiva,Falla mecánica - desgaste de componente,900.0
PAR-003391,PN-EQ-10,2025-07-01,12:00:00,10.2,Correctiva,Falla mecánica - desgaste de componente,13391.0
PAR-003360,PN-EQ-10,2025-03-29,13:00:00,1.5,Correctiva,Falla de lubricación,1980.0
PAR-002887,PN-EQ-08,2027-10-04,19:00:00,2.7,Correctiva,Falla de lubricación,4639.0
PAR-001120,PN-EQ-04,2025-01-13,01:00:00,19.8,Correctiva,Falla de lubricación,27365.0
PAR-001768,PN-EQ-05,2026-11-15,03:00:00,14.0,Correctiva,Falla mecánica - desgaste de componente,13223.0
PAR-001737,PN-EQ-05,2026-08-03,01:00:00,7.0,Preventiva,Mantenimiento programado (plan anual),11725.0
PAR-003610,PN-EQ-10,2027-04-21,03:00:00,20.0,Correctiva,Indeterminado,39385.0
PAR-000244,PN-EQ-01,2026-09-17,06:00:00,8.3,Preventiva,Mantenimiento programado (plan anual),9059.0
PAR-001977,PN-EQ-06,2024-11-11,14:00:00,0.5,Correctiva,Falla mecánica - desgaste de componente,
PAR-002282,PN-EQ-07,2024-03-19,09:00:00,2.5,Operativa,Condiciones climáticas adversas,1182.0
PAR-000909,PN-EQ-03,2026-09-08,01:00:00,11.9,Correctiva,Falla de lubricación,10014.0
PAR-000975,PN-EQ-03,2027-07-19,01:00:00,5.0,Preventiva,Mantenimiento programado (plan anual),5444.0
PAR-000114,PN-EQ-01,2025-03-08,02:00:00,7.7,Correctiva,Indeterminado,9610.0
PAR-001390,PN-EQ-04,2027-05-16,11:00:00,0.5,Correctiva,Falla eléctrica - motor/tablero,480.0
PAR-002734,PN-EQ-08,2026-02-08,07:00:00,3.6,Correctiva,Falla de lubricación,7686.0
PAR-002497,PN-EQ-07,2027-03-22,15:00:00,1.3,Correctiva,Atoro de mineral / obstrucción,1791.0
PAR-000717,PN-EQ-02,2027-12-17,14:00:00,6.3,Preventiva,Mantenimiento programado (plan anual),10835.0
PAR-001743,PN-EQ-05,2026-09-04,04:00:00,6.1,Preventiva,Mantenimiento programado (plan anual),7943.0
PAR-001344,PN-EQ-04,2026-12-10,09:00:00,5.5,Preventiva,Mantenimiento programado (plan anual),8210.0
PAR-000784,PN-EQ-03,2024-12-30,03:00:00,0.5,Correctiva,Falla mecánica - desgaste de componente,629.0
PAR-001983,PN-EQ-06,2024-12-03,04:00:00,15.6,Correctiva,Atoro de mineral / obstrucción,18201.0
PAR-000882,PN-EQ-03,2026-05-07,17:00:00,1.6,Correctiva,Falla de lubricación,2053.0
PAR-001259,PN-EQ-04,2026-02-18,05:00:00,3.1,Correctiva,Atoro de mineral / obstrucción,3425.0
PAR-001180,PN-EQ-04,2025-06-16,03:00:00,4.9,Preventiva,Mantenimiento programado (plan anual),4096.0
PAR-000833,PN-EQ-03,2025-09-09,06:00:00,0.7,Operativa,Condiciones climáticas adversas,388.0
PAR-001807,PN-EQ-05,2027-04-16,00:00:00,20.0,Correctiva,Falla mecánica - desgaste de componente,20200.0
PAR-002822,PN-EQ-08,2027-01-08,03:00:00,13.0,Correctiva,Falla eléctrica - motor/tablero,15210.0
PAR-003387,PN-EQ-10,2025-06-19,02:00:00,20.0,Correctiva,Falla eléctrica - motor/tablero,21176.0
PAR-000614,PN-EQ-02,2026-10-22,11:00:00,11.3,Correctiva,Falla eléctrica - motor/tablero,21951.0
PAR-002179,PN-EQ-06,2026-12-12,14:00:00,1.6,Correctiva,Falla mecánica - desgaste de componente,3360.0
PAR-001007,PN-EQ-03,2027-12-20,00:00:00,8.5,Preventiva,Mantenimiento programado (plan anual),7410.0
PAR-001401,PN-EQ-04,2027-06-25,04:00:00,17.7,Correctiva,Falla de lubricación,
PAR-001781,PN-EQ-05,2027-01-05,00:00:00,16.4,Correctiva,Indeterminado,
PAR-000760,PN-EQ-03,2024-08-03,07:00:00,8.2,Preventiva,Mantenimiento programado (plan anual),14134.0
PAR-000015,PN-EQ-01,2024-03-14,11:00:00,2.5,Operativa,Falta de mineral en cancha,1484.0
PAR-001433,PN-EQ-04,2027-09-27,05:00:00,4.2,Preventiva,Mantenimiento programado (plan anual),
PAR-002937,PN-EQ-09,2024-04-07,06:00:00,2.8,Correctiva,Falla mecánica - desgaste de componente,3859.0
PAR-002677,PN-EQ-08,2025-07-09,07:00:00,10.3,Correctiva,Falla eléctrica - motor/tablero,11823.0
PAR-002597,PN-EQ-08,2024-07-31,20:00:00,0.7,Operativa,Condiciones climáticas adversas,209.0
PAR-000949,PN-EQ-03,2027-03-15,05:00:00,8.4,Preventiva,Mantenimiento programado (plan anual),13824.0
PAR-001255,PN-EQ-04,2026-02-06,15:00:00,1.1,Operativa,Corte de energía externo,441.0
PAR-000067,PN-EQ-01,2024-09-22,16:00:00,4.4,Correctiva,Falla mecánica - desgaste de componente,7524.0
PAR-003172,PN-EQ-09,2027-06-04,11:00:00,8.5,Preventiva,Mantenimiento programado (plan anual),13588.0
PAR-000640,PN-EQ-02,2027-02-07,10:00:00,7.8,Preventiva,Mantenimiento programado (plan anual),15030.0
PAR-001141,PN-EQ-04,2025-03-03,06:00:00,4.7,Correctiva,Atoro de mineral / obstrucción,8354.0
PAR-001828,PN-EQ-05,2027-06-16,09:00:00,2.8,Operativa,Corte de energía externo,759.0
PAR-002294,PN-EQ-07,2024-05-23,00:00:00,2.6,Operativa,Falta de mineral en cancha,628.0
PAR-000250,PN-EQ-01,2026-10-29,07:00:00,4.6,Correctiva,Falla mecánica - desgaste de componente,7862.0
PAR-003105,PN-EQ-09,2026-08-13,00:00:00,20.0,Correctiva,Indeterminado,35412.0
PAR-002421,PN-EQ-07,2026-04-18,06:00:00,1.7,Correctiva,Falla de lubricación,1988.0
PAR-000494,PN-EQ-02,2025-06-28,04:00:00,4.0,Correctiva,Falla eléctrica - motor/tablero,3673.0
PAR-003499,PN-EQ-10,2026-05-08,11:00:00,7.8,Correctiva,Rotura de faja/correa,10391.0
PAR-002633,PN-EQ-08,2025-01-05,15:00:00,2.8,Operativa,Falta de mineral en cancha,1562.0
PAR-000048,PN-EQ-01,2024-07-16,02:00:00,12.1,Correctiva,Atoro de mineral / obstrucción,11271.0
PAR-001177,PN-EQ-04,2025-06-08,08:00:00,2.6,Correctiva,Rotura de faja/correa,3086.0
PAR-002363,PN-EQ-07,2025-06-21,20:00:00,1.2,Operativa,Corte de energía externo,689.0
PAR-000265,PN-EQ-01,2027-01-02,01:00:00,0.9,Operativa,Espera de insumos (reactivos/bolas de molienda),415.0
PAR-002433,PN-EQ-07,2026-06-18,15:00:00,6.9,Correctiva,Atoro de mineral / obstrucción,13305.0
PAR-001786,PN-EQ-05,2027-02-02,10:00:00,7.9,Correctiva,Rotura de faja/correa,12704.0
PAR-003435,PN-EQ-10,2025-11-19,16:00:00,2.7,Operativa,Espera de insumos (reactivos/bolas de molienda),1195.0
PAR-000408,PN-EQ-02,2024-08-03,00:00:00,20.0,Correctiva,Falla mecánica - desgaste de componente,39349.0
PAR-001802,PN-EQ-05,2027-03-23,02:00:00,7.5,Preventiva,Mantenimiento programado (plan anual),13849.0
PAR-002566,PN-EQ-08,2024-03-15,14:00:00,3.0,Operativa,Corte de energía externo,1533.0
PAR-003298,PN-EQ-10,2024-09-28,15:00:00,5.2,Preventiva,Mantenimiento programado (plan anual),7255.0
PAR-002162,PN-EQ-06,2026-10-25,21:00:00,1.5,Operativa,Espera de insumos (reactivos/bolas de molienda),754.0
PAR-001752,PN-EQ-05,2026-09-26,02:00:00,20.0,Correctiva,Falla mecánica - desgaste de componente,18950.0
PAR-001362,PN-EQ-04,2027-01-30,03:00:00,16.1,Correctiva,Rotura de faja/correa,24748.0
PAR-002825,PN-EQ-08,2027-01-13,07:00:00,2.8,Operativa,Espera de insumos (reactivos/bolas de molienda),630.0
PAR-001488,PN-EQ-05,2024-03-27,15:00:00,2.2,Correctiva,Atoro de mineral / obstrucción,3893.0
PAR-003582,PN-EQ-10,2027-01-04,08:00:00,13.3,Correctiva,Rotura de faja/correa,12122.0
PAR-000764,PN-EQ-03,2024-08-19,15:00:00,6.6,Preventiva,Mantenimiento programado (plan anual),9840.0
PAR-001118,PN-EQ-04,2025-01-05,05:00:00,17.2,Correctiva,Falla mecánica - desgaste de componente,28706.0
PAR-001084,PN-EQ-04,2024-09-26,13:00:00,6.4,Preventiva,Mantenimiento programado (plan anual),12705.0
PAR-001368,PN-EQ-04,2027-02-27,10:00:00,2.6,Correctiva,Atoro de mineral / obstrucción,3116.0
PAR-002164,PN-EQ-06,2026-10-26,11:00:00,1.4,Operativa,Indeterminado,329.0
PAR-002458,PN-EQ-07,2026-09-28,09:00:00,8.3,Preventiva,Mantenimiento programado (plan anual),14950.0
PAR-002197,PN-EQ-06,2027-03-01,04:00:00,13.5,Correctiva,Falla mecánica - desgaste de componente,28318.0
PAR-000805,PN-EQ-03,2025-04-12,08:00:00,5.2,Preventiva,Indeterminado,7850.0
PAR-002849,PN-EQ-08,2027-05-23,03:00:00,6.7,Preventiva,Indeterminado,8652.0
PAR-000884,PN-EQ-03,2026-06-05,14:00:00,8.3,Preventiva,Mantenimiento programado (plan anual),17214.0
PAR-002668,PN-EQ-08,2025-06-08,09:00:00,1.9,Operativa,Espera de insumos (reactivos/bolas de molienda),464.0
PAR-002189,PN-EQ-06,2027-01-28,18:00:00,4.5,Correctiva,Falla de lubricación,
PAR-001412,PN-EQ-04,2027-07-31,04:00:00,11.6,Correctiva,Indeterminado,18727.0
PAR-000966,PN-EQ-03,2027-06-06,14:00:00,5.8,Correctiva,Falla mecánica - desgaste de componente,12403.0
PAR-003641,PN-EQ-10,2027-07-26,16:00:00,1.1,Operativa,Falta de mineral en cancha,643.0
PAR-001905,PN-EQ-06,2024-01-25,18:00:00,2.6,Operativa,Condiciones climáticas adversas,1092.0
PAR-000061,PN-EQ-01,2024-08-27,08:00:00,0.8,Correctiva,Falla eléctrica - motor/tablero,1630.0
PAR-001054,PN-EQ-04,2024-06-05,10:00:00,1.5,Correctiva,Rotura de faja/correa,1585.0
PAR-000352,PN-EQ-01,2027-12-18,01:00:00,1.7,Correctiva,Rotura de faja/correa,3231.0
PAR-001016,PN-EQ-04,2024-01-17,00:00:00,4.8,Preventiva,Mantenimiento programado (plan anual),9582.0
PAR-000511,PN-EQ-02,2025-09-07,09:00:00,1.6,Correctiva,Rotura de faja/correa,2702.0
PAR-002806,PN-EQ-08,2026-11-11,00:00:00,2.4,Operativa,Corte de energía externo,903.0
PAR-003040,PN-EQ-09,2025-08-12,13:00:00,0.8,Correctiva,Atoro de mineral / obstrucción,906.0
PAR-002027,PN-EQ-06,2025-05-18,00:00:00,7.7,Correctiva,Atoro de mineral / obstrucción,7161.0
PAR-000710,PN-EQ-02,2027-11-13,03:00:00,15.5,Correctiva,Falla mecánica - desgaste de componente,22708.0
PAR-003058,PN-EQ-09,2025-11-27,07:00:00,2.5,Operativa,Condiciones climáticas adversas,963.0
PAR-000667,PN-EQ-02,2027-04-15,02:00:00,20.0,Correctiva,Falla de lubricación,29191.0
PAR-000981,PN-EQ-03,2027-08-06,00:00:00,2.1,Operativa,Corte de energía externo,919.0
PAR-002617,PN-EQ-08,2024-10-27,18:00:00,4.1,Correctiva,Rotura de faja/correa,4385.0
PAR-001091,PN-EQ-04,2024-10-13,03:00:00,17.8,Correctiva,Falla mecánica - desgaste de componente,15204.0
PAR-000773,PN-EQ-03,2024-10-07,15:00:00,4.3,Preventiva,Indeterminado,5567.0
PAR-001551,PN-EQ-05,2024-11-07,11:00:00,2.0,Correctiva,Falla mecánica - desgaste de componente,3389.0
PAR-001609,PN-EQ-05,2025-05-25,06:00:00,13.1,Correctiva,Falla mecánica - desgaste de componente,15742.0
PAR-002933,PN-EQ-09,2024-03-23,05:00:00,1.8,Correctiva,Atoro de mineral / obstrucción,2089.0
PAR-001815,PN-EQ-05,2027-05-09,16:00:00,0.8,Operativa,Espera de insumos (reactivos/bolas de molienda),162.0
PAR-000164,PN-EQ-01,2025-10-07,11:00:00,9.4,Correctiva,Falla de lubricación,16413.0
PAR-000578,PN-EQ-02,2026-05-30,05:00:00,9.6,Correctiva,Indeterminado,17820.0
PAR-001956,PN-EQ-06,2024-08-29,04:00:00,7.3,Correctiva,Falla de lubricación,5886.0
PAR-000962,PN-EQ-03,2027-05-19,05:00:00,0.6,Correctiva,Falla de lubricación,657.0
PAR-003109,PN-EQ-09,2026-08-30,13:00:00,4.4,Correctiva,Rotura de faja/correa,
PAR-002232,PN-EQ-06,2027-07-18,09:00:00,2.7,Operativa,Espera de insumos (reactivos/bolas de molienda),1533.0
PAR-001425,PN-EQ-04,2027-09-11,01:00:00,13.4,Correctiva,Rotura de faja/correa,
PAR-001304,PN-EQ-04,2026-07-14,13:00:00,1.0,Correctiva,Falla de lubricación,820.0
PAR-000255,PN-EQ-01,2026-11-27,09:00:00,7.0,Preventiva,Mantenimiento programado (plan anual),9547.0
PAR-002129,PN-EQ-06,2026-06-22,11:00:00,0.7,Operativa,Corte de energía externo,241.0
PAR-001891,PN-EQ-05,2027-12-02,07:00:00,7.9,Correctiva,Rotura de faja/correa,14031.0
PAR-000027,PN-EQ-01,2024-04-17,16:00:00,2.6,Operativa,Condiciones climáticas adversas,805.0
PAR-000910,PN-EQ-03,2026-09-20,15:00:00,7.7,Preventiva,Mantenimiento programado (plan anual),7786.0
PAR-002584,PN-EQ-08,2024-05-30,08:00:00,4.7,Preventiva,Mantenimiento programado (plan anual),9013.0
PAR-002820,PN-EQ-08,2026-12-30,09:00:00,2.3,Operativa,Falta de mineral en cancha,1112.0
PAR-003129,PN-EQ-09,2026-11-25,18:00:00,4.1,Preventiva,Mantenimiento programado (plan anual),6349.0
PAR-000862,PN-EQ-03,2026-02-15,07:00:00,2.7,Operativa,Corte de energía externo,838.0
PAR-001276,PN-EQ-04,2026-04-20,03:00:00,6.9,Preventiva,Mantenimiento programado (plan anual),13334.0
PAR-002807,PN-EQ-08,2026-11-19,11:00:00,6.7,Preventiva,Mantenimiento programado (plan anual),11300.0
PAR-003615,PN-EQ-10,2027-05-03,02:00:00,20.0,Correctiva,Falla mecánica - desgaste de componente,28246.0
PAR-001832,PN-EQ-05,2027-06-22,02:00:00,10.5,Correctiva,Falla de lubricación,12914.0
PAR-000701,PN-EQ-02,2027-10-08,18:00:00,0.7,Operativa,Corte de energía externo,316.0
PAR-002661,PN-EQ-08,2025-05-17,18:00:00,5.0,Preventiva,Mantenimiento programado (plan anual),10529.0
PAR-000426,PN-EQ-02,2024-10-03,17:00:00,5.8,Correctiva,Falla mecánica - desgaste de componente,12036.0
PAR-001619,PN-EQ-05,2025-06-23,06:00:00,15.9,Correctiva,Falla de lubricación,24073.0
PAR-001696,PN-EQ-05,2026-03-27,00:00:00,13.8,Correctiva,Falla mecánica - desgaste de componente,23804.0
PAR-000252,PN-EQ-01,2026-11-05,06:00:00,8.7,Preventiva,Mantenimiento programado (plan anual),13244.0
PAR-003197,PN-EQ-09,2027-10-04,13:00:00,0.5,Correctiva,Rotura de faja/correa,965.0
PAR-003051,PN-EQ-09,2025-10-15,13:00:00,4.6,Preventiva,Mantenimiento programado (plan anual),7930.0
PAR-001490,PN-EQ-05,2024-03-29,02:00:00,11.2,Correctiva,Rotura de faja/correa,24111.0
PAR-001759,PN-EQ-05,2026-10-11,11:00:00,6.5,Correctiva,Falla mecánica - desgaste de componente,10607.0
PAR-003408,PN-EQ-10,2025-08-09,06:00:00,13.1,Correctiva,Falla de lubricación,22741.0
PAR-002955,PN-EQ-09,2024-06-12,21:00:00,1.2,Operativa,Condiciones climáticas adversas,600.0
PAR-002498,PN-EQ-07,2027-03-25,03:00:00,4.3,Correctiva,Falla de lubricación,5915.0
PAR-002926,PN-EQ-09,2024-02-18,05:00:00,7.9,Correctiva,Falla eléctrica - motor/tablero,8446.0
PAR-002473,PN-EQ-07,2026-12-19,14:00:00,3.7,Correctiva,Falla de lubricación,3271.0
PAR-003087,PN-EQ-09,2026-05-11,22:00:00,0.5,Correctiva,Falla mecánica - desgaste de componente,828.0
PAR-001312,PN-EQ-04,2026-08-18,12:00:00,4.0,Preventiva,Mantenimiento programado (plan anual),8163.0
PAR-003395,PN-EQ-10,2025-07-07,12:00:00,8.5,Preventiva,Mantenimiento programado (plan anual),8378.0
PAR-002083,PN-EQ-06,2026-01-16,21:00:00,2.0,Correctiva,Falla mecánica - desgaste de componente,3362.0
PAR-000733,PN-EQ-03,2024-03-01,06:00:00,0.7,Operativa,Espera de insumos (reactivos/bolas de molienda),296.0
PAR-002547,PN-EQ-07,2027-12-20,13:00:00,4.9,Preventiva,Mantenimiento programado (plan anual),5923.0
PAR-001747,PN-EQ-05,2026-09-17,04:00:00,0.9,Operativa,Falta de mineral en cancha,368.0
PAR-001126,PN-EQ-04,2025-02-01,08:00:00,7.0,Preventiva,Mantenimiento programado (plan anual),11180.0
PAR-002940,PN-EQ-09,2024-04-22,19:00:00,1.2,Correctiva,Atoro de mineral / obstrucción,1661.0
PAR-002524,PN-EQ-07,2027-08-27,03:00:00,9.0,Preventiva,Mantenimiento programado (plan anual),11182.0
PAR-000309,PN-EQ-01,2027-07-04,06:00:00,5.6,Preventiva,Mantenimiento programado (plan anual),6379.0
PAR-001061,PN-EQ-04,2024-07-05,16:00:00,6.2,Correctiva,Falla eléctrica - motor/tablero,12819.0
PAR-002320,PN-EQ-07,2024-10-17,06:00:00,8.5,Preventiva,Mantenimiento programado (plan anual),11408.0
PAR-000989,PN-EQ-03,2027-09-11,13:00:00,5.5,Preventiva,Mantenimiento programado (plan anual),8571.0
PAR-002841,PN-EQ-08,2027-05-03,22:00:00,0.9,Operativa,Condiciones climáticas adversas,291.0
PAR-000492,PN-EQ-02,2025-06-16,13:00:00,7.3,Preventiva,Mantenimiento programado (plan anual),7021.0
PAR-001553,PN-EQ-05,2024-11-12,18:00:00,4.6,Correctiva,Rotura de faja/correa,3940.0
PAR-000304,PN-EQ-01,2027-06-08,10:00:00,2.8,Correctiva,Falla eléctrica - motor/tablero,3334.0
PAR-001588,PN-EQ-05,2025-03-17,14:00:00,1.3,Correctiva,Atoro de mineral / obstrucción,2371.0
PAR-001823,PN-EQ-05,2027-05-29,02:00:00,15.6,Correctiva,Falla eléctrica - motor/tablero,33403.0
PAR-003228,PN-EQ-10,2024-02-21,14:00:00,8.1,Preventiva,Mantenimiento programado (plan anual),13949.0
PAR-001889,PN-EQ-05,2027-11-17,11:00:00,1.1,Operativa,Corte de energía externo,295.0
PAR-002755,PN-EQ-08,2026-04-20,01:00:00,11.0,Correctiva,Falla mecánica - desgaste de componente,24157.0
PAR-001161,PN-EQ-04,2025-04-18,15:00:00,3.1,Correctiva,Falla de lubricación,2573.0
PAR-003332,PN-EQ-10,2025-01-02,02:00:00,7.8,Correctiva,Falla eléctrica - motor/tablero,6427.0
PAR-000213,PN-EQ-01,2026-04-21,03:00:00,11.6,Correctiva,Rotura de faja/correa,25048.0
PAR-002506,PN-EQ-07,2027-05-06,01:00:00,7.9,Preventiva,Mantenimiento programado (plan anual),11091.0
PAR-001686,PN-EQ-05,2026-02-22,08:00:00,13.6,Correctiva,Falla eléctrica - motor/tablero,17010.0
PAR-000656,PN-EQ-02,2027-03-11,11:00:00,0.6,Operativa,Corte de energía externo,300.0
PAR-002601,PN-EQ-08,2024-08-22,04:00:00,8.9,Preventiva,Indeterminado,12457.0
PAR-003496,PN-EQ-10,2026-04-30,06:00:00,14.4,Correctiva,Falla de lubricación,22254.0
PAR-002609,PN-EQ-08,2024-09-21,13:00:00,4.7,Preventiva,Mantenimiento programado (plan anual),8770.0
PAR-002861,PN-EQ-08,2027-07-07,21:00:00,1.6,Operativa,Condiciones climáticas adversas,922.0
PAR-000298,PN-EQ-01,2027-05-22,18:00:00,1.0,Operativa,Espera de insumos (reactivos/bolas de molienda),578.0
PAR-002950,PN-EQ-09,2024-06-04,05:00:00,7.2,Preventiva,Mantenimiento programado (plan anual),13743.0
PAR-001427,PN-EQ-04,2027-09-17,10:00:00,4.7,Correctiva,Falla de lubricación,5384.0
PAR-003371,PN-EQ-10,2025-05-04,08:00:00,12.5,Correctiva,Rotura de faja/correa,22571.0
PAR-000589,PN-EQ-02,2026-06-25,04:00:00,0.7,Operativa,Espera de insumos (reactivos/bolas de molienda),205.0
PAR-000122,PN-EQ-01,2025-04-04,03:00:00,8.8,Correctiva,Falla de lubricación,10220.0
PAR-002513,PN-EQ-07,2027-07-02,16:00:00,1.8,Operativa,Espera de insumos (reactivos/bolas de molienda),432.0
PAR-000260,PN-EQ-01,2026-12-17,16:00:00,2.2,Operativa,Espera de insumos (reactivos/bolas de molienda),1286.0
PAR-002569,PN-EQ-08,2024-03-28,03:00:00,6.6,Preventiva,Indeterminado,13533.0
PAR-002080,PN-EQ-06,2026-01-04,05:00:00,9.4,Correctiva,Rotura de faja/correa,15591.0
PAR-003181,PN-EQ-09,2027-07-16,03:00:00,20.0,Correctiva,Falla eléctrica - motor/tablero,40496.0
PAR-002152,PN-EQ-06,2026-09-20,02:00:00,2.6,Correctiva,Indeterminado,2141.0
PAR-003616,PN-EQ-10,2027-05-05,15:00:00,3.9,Correctiva,Atoro de mineral / obstrucción,5395.0
PAR-000851,PN-EQ-03,2025-12-24,02:00:00,12.9,Correctiva,Falla eléctrica - motor/tablero,16254.0
PAR-000468,PN-EQ-02,2025-03-13,03:00:00,2.3,Operativa,Falta de mineral en cancha,796.0
PAR-000595,PN-EQ-02,2026-07-27,03:00:00,1.5,Correctiva,Rotura de faja/correa,2328.0
PAR-000653,PN-EQ-02,2027-03-02,12:00:00,1.3,Operativa,Falta de mineral en cancha,303.0
PAR-000904,PN-EQ-03,2026-08-17,02:00:00,7.7,Preventiva,Mantenimiento programado (plan anual),9485.0
PAR-003173,PN-EQ-09,2027-06-19,13:00:00,7.9,Preventiva,Mantenimiento programado (plan anual),6550.0
PAR-001499,PN-EQ-05,2024-04-26,01:00:00,3.1,Correctiva,Falla de lubricación,4582.0
PAR-000700,PN-EQ-02,2027-09-28,11:00:00,11.9,Correctiva,Falla de lubricación,14118.0
PAR-003050,PN-EQ-09,2025-09-30,03:00:00,1.3,Operativa,Corte de energía externo,415.0
PAR-003532,PN-EQ-10,2026-08-06,03:00:00,10.7,Correctiva,Falla de lubricación,13261.0
PAR-001041,PN-EQ-04,2024-04-05,12:00:00,1.3,Operativa,Condiciones climáticas adversas,310.0
PAR-000071,PN-EQ-01,2024-10-03,03:00:00,1.1,Operativa,Falta de mineral en cancha,386.0
PAR-000343,PN-EQ-01,2027-11-07,21:00:00,0.5,Operativa,Condiciones climáticas adversas,133.0
PAR-002156,PN-EQ-06,2026-10-13,05:00:00,0.6,Operativa,Corte de energía externo,195.0
PAR-001283,PN-EQ-04,2026-05-16,16:00:00,5.3,Correctiva,Falla eléctrica - motor/tablero,5752.0
PAR-001414,PN-EQ-04,2027-08-08,15:00:00,0.6,Operativa,Condiciones climáticas adversas,291.0
PAR-003111,PN-EQ-09,2026-09-22,08:00:00,0.7,Correctiva,Falla mecánica - desgaste de componente,696.0
PAR-001130,PN-EQ-04,2025-02-13,04:00:00,19.0,Correctiva,Falla de lubricación,24667.0
PAR-000576,PN-EQ-02,2026-05-19,01:00:00,20.0,Correctiva,Rotura de faja/correa,24781.0
PAR-003246,PN-EQ-10,2024-04-30,07:00:00,0.5,Correctiva,Falla de lubricación,1035.0
PAR-002279,PN-EQ-07,2024-03-04,11:00:00,1.8,Correctiva,Falla mecánica - desgaste de componente,3850.0
PAR-002721,PN-EQ-08,2025-12-21,02:00:00,2.9,Operativa,Espera de insumos (reactivos/bolas de molienda),1582.0
PAR-002377,PN-EQ-07,2025-09-06,01:00:00,0.8,Operativa,Espera de insumos (reactivos/bolas de molienda),174.0
PAR-002996,PN-EQ-09,2025-02-20,00:00:00,5.9,Correctiva,Falla mecánica - desgaste de componente,8527.0
PAR-000310,PN-EQ-01,2027-07-11,12:00:00,6.4,Correctiva,Falla mecánica - desgaste de componente,5853.0
PAR-001533,PN-EQ-05,2024-09-14,01:00:00,7.2,Correctiva,Falla de lubricación,8273.0
PAR-003418,PN-EQ-10,2025-09-30,01:00:00,5.7,Correctiva,Atoro de mineral / obstrucción,6658.0
PAR-000907,PN-EQ-03,2026-08-31,10:00:00,2.1,Correctiva,Falla eléctrica - motor/tablero,2526.0
PAR-001309,PN-EQ-04,2026-07-31,13:00:00,8.7,Preventiva,Mantenimiento programado (plan anual),13834.0
PAR-002529,PN-EQ-07,2027-09-19,20:00:00,2.7,Operativa,Condiciones climáticas adversas,1243.0
PAR-001342,PN-EQ-04,2026-11-27,14:00:00,0.6,Operativa,Condiciones climáticas adversas,196.0
PAR-000460,PN-EQ-02,2025-01-31,05:00:00,2.7,Operativa,Espera de insumos (reactivos/bolas de molienda),1270.0
PAR-003335,PN-EQ-10,2025-01-15,03:00:00,19.8,Correctiva,Falla de lubricación,37726.0
PAR-000297,PN-EQ-01,2027-05-21,05:00:00,4.0,Preventiva,Mantenimiento programado (plan anual),6025.0
PAR-003337,PN-EQ-10,2025-01-17,06:00:00,4.9,Correctiva,Falla mecánica - desgaste de componente,5613.0
PAR-002754,PN-EQ-08,2026-04-16,05:00:00,4.8,Preventiva,Mantenimiento programado (plan anual),4295.0
PAR-002081,PN-EQ-06,2026-01-12,02:00:00,0.6,Operativa,Falta de mineral en cancha,351.0
PAR-002690,PN-EQ-08,2025-08-24,05:00:00,6.3,Correctiva,Falla mecánica - desgaste de componente,11110.0
PAR-002578,PN-EQ-08,2024-05-04,10:00:00,1.5,Operativa,Falta de mineral en cancha,507.0
PAR-000186,PN-EQ-01,2026-01-09,07:00:00,4.8,Correctiva,Rotura de faja/correa,4414.0
PAR-000481,PN-EQ-02,2025-05-07,16:00:00,7.0,Correctiva,Rotura de faja/correa,5998.0
PAR-002168,PN-EQ-06,2026-10-29,06:00:00,14.0,Correctiva,Rotura de faja/correa,27243.0
PAR-003321,PN-EQ-10,2024-11-30,01:00:00,19.5,Correctiva,Atoro de mineral / obstrucción,22175.0
PAR-003448,PN-EQ-10,2025-12-22,12:00:00,6.4,Preventiva,Mantenimiento programado (plan anual),11053.0
PAR-003273,PN-EQ-10,2024-07-27,18:00:00,4.5,Correctiva,Rotura de faja/correa,9538.0
PAR-000287,PN-EQ-01,2027-04-12,06:00:00,1.0,Operativa,Condiciones climáticas adversas,385.0
PAR-003247,PN-EQ-10,2024-05-02,11:00:00,2.1,Operativa,Falta de mineral en cancha,603.0
PAR-002571,PN-EQ-08,2024-04-14,12:00:00,6.7,Preventiva,Mantenimiento programado (plan anual),7702.0
PAR-001926,PN-EQ-06,2024-05-09,10:00:00,4.9,Preventiva,Mantenimiento programado (plan anual),6667.0
PAR-001903,PN-EQ-06,2024-01-18,08:00:00,4.1,Preventiva,Mantenimiento programado (plan anual),5629.0
PAR-003474,PN-EQ-10,2026-02-24,07:00:00,2.0,Correctiva,Falla eléctrica - motor/tablero,1850.0
PAR-002092,PN-EQ-06,2026-02-13,15:00:00,2.0,Operativa,Indeterminado,470.0
PAR-002355,PN-EQ-07,2025-04-23,07:00:00,4.4,Preventiva,Mantenimiento programado (plan anual),6617.0
PAR-001933,PN-EQ-06,2024-06-03,00:00:00,1.2,Operativa,Espera de insumos (reactivos/bolas de molienda),453.0
PAR-001838,PN-EQ-05,2027-07-08,13:00:00,5.2,Correctiva,Falla de lubricación,9103.0
PAR-001537,PN-EQ-05,2024-09-28,01:00:00,0.6,Operativa,Corte de energía externo,293.0
PAR-003213,PN-EQ-09,2027-12-29,04:00:00,8.7,Preventiva,Mantenimiento programado (plan anual),7561.0
PAR-002837,PN-EQ-08,2027-04-09,12:00:00,0.5,Correctiva,Falla de lubricación,430.0
PAR-003350,PN-EQ-10,2025-02-25,01:00:00,20.0,Correctiva,Falla mecánica - desgaste de componente,35714.0
PAR-002667,PN-EQ-08,2025-06-07,12:00:00,6.8,Correctiva,Atoro de mineral / obstrucción,14482.0
PAR-001948,PN-EQ-06,2024-07-30,11:00:00,1.1,Operativa,Falta de mineral en cancha,463.0
PAR-002121,PN-EQ-06,2026-06-01,18:00:00,3.3,Correctiva,Falla mecánica - desgaste de componente,2796.0
PAR-000140,PN-EQ-01,2025-06-22,16:00:00,2.2,Correctiva,Rotura de faja/correa,3717.0
PAR-000096,PN-EQ-01,2025-01-03,01:00:00,1.1,Operativa,Falta de mineral en cancha,227.0
PAR-000905,PN-EQ-03,2026-08-19,09:00:00,1.9,Operativa,Corte de energía externo,558.0
PAR-000654,PN-EQ-02,2027-03-05,04:00:00,1.8,Correctiva,Atoro de mineral / obstrucción,1795.0
PAR-001738,PN-EQ-05,2026-08-04,07:00:00,14.3,Correctiva,Rotura de faja/correa,14189.0
PAR-003263,PN-EQ-10,2024-06-30,05:00:00,1.0,Operativa,Indeterminado,449.0
PAR-003584,PN-EQ-10,2027-01-08,09:00:00,1.8,Operativa,Corte de energía externo,834.0
PAR-002771,PN-EQ-08,2026-06-19,08:00:00,2.9,Correctiva,Falla mecánica - desgaste de componente,5264.0
PAR-003444,PN-EQ-10,2025-12-13,05:00:00,17.1,Correctiva,Rotura de faja/correa,23945.0
PAR-002530,PN-EQ-07,2027-09-29,05:00:00,5.4,Correctiva,Falla eléctrica - motor/tablero,8689.0
PAR-003363,PN-EQ-10,2025-04-06,11:00:00,3.1,Correctiva,Falla de lubricación,3376.0
PAR-001923,PN-EQ-06,2024-04-21,12:00:00,5.9,Preventiva,Mantenimiento programado (plan anual),7913.0
PAR-003036,PN-EQ-09,2025-07-21,05:00:00,8.3,Preventiva,Mantenimiento programado (plan anual),13055.0
PAR-000330,PN-EQ-01,2027-09-23,03:00:00,12.9,Correctiva,Atoro de mineral / obstrucción,25692.0
PAR-003116,PN-EQ-09,2026-10-18,11:00:00,5.1,Preventiva,Mantenimiento programado (plan anual),10579.0
PAR-002324,PN-EQ-07,2024-11-05,14:00:00,1.2,Operativa,Condiciones climáticas adversas,384.0
PAR-002818,PN-EQ-08,2026-12-25,00:00:00,3.1,Correctiva,Falla eléctrica - motor/tablero,6496.0
PAR-002475,PN-EQ-07,2027-01-01,02:00:00,10.1,Correctiva,Falla mecánica - desgaste de componente,21981.0
PAR-002764,PN-EQ-08,2026-05-18,01:00:00,15.1,Correctiva,Falla de lubricación,15442.0
PAR-001538,PN-EQ-05,2024-10-02,19:00:00,2.2,Operativa,Falta de mineral en cancha,996.0
PAR-001030,PN-EQ-04,2024-03-07,12:00:00,7.1,Correctiva,Falla eléctrica - motor/tablero,12997.0
PAR-003118,PN-EQ-09,2026-10-23,15:00:00,0.5,Correctiva,Falla eléctrica - motor/tablero,883.0
PAR-003011,PN-EQ-09,2025-04-18,06:00:00,5.5,Preventiva,Mantenimiento programado (plan anual),8100.0
PAR-001733,PN-EQ-05,2026-07-23,17:00:00,2.5,Operativa,Condiciones climáticas adversas,654.0
PAR-002892,PN-EQ-08,2027-10-23,19:00:00,0.5,Correctiva,Falla de lubricación,771.0
PAR-002644,PN-EQ-08,2025-02-21,12:00:00,0.5,Correctiva,Falla eléctrica - motor/tablero,490.0
PAR-001194,PN-EQ-04,2025-08-08,01:00:00,1.7,Operativa,Corte de energía externo,830.0
PAR-002511,PN-EQ-07,2027-06-17,01:00:00,5.1,Correctiva,Rotura de faja/correa,8551.0
PAR-000342,PN-EQ-01,2027-11-07,01:00:00,4.8,Preventiva,Mantenimiento programado (plan anual),9568.0
PAR-001760,PN-EQ-05,2026-10-13,00:00:00,6.6,Preventiva,Mantenimiento programado (plan anual),11565.0
PAR-002409,PN-EQ-07,2026-02-24,06:00:00,5.0,Correctiva,Falla mecánica - desgaste de componente,6237.0
PAR-000721,PN-EQ-03,2024-01-02,22:00:00,0.7,Correctiva,Rotura de faja/correa,1254.0
PAR-001493,PN-EQ-05,2024-04-02,15:00:00,2.7,Operativa,Falta de mineral en cancha,1350.0
PAR-001405,PN-EQ-04,2027-07-07,12:00:00,1.6,Operativa,Condiciones climáticas adversas,472.0
PAR-001647,PN-EQ-05,2025-09-24,05:00:00,7.6,Preventiva,Mantenimiento programado (plan anual),11630.0
PAR-001673,PN-EQ-05,2026-01-13,02:00:00,8.2,Correctiva,Falla eléctrica - motor/tablero,14860.0
PAR-003477,PN-EQ-10,2026-03-02,17:00:00,2.4,Correctiva,Atoro de mineral / obstrucción,4238.0
PAR-000199,PN-EQ-01,2026-02-26,20:00:00,1.3,Operativa,Indeterminado,499.0
PAR-003147,PN-EQ-09,2027-02-18,01:00:00,6.5,Correctiva,Atoro de mineral / obstrucción,13137.0
PAR-002009,PN-EQ-06,2025-03-23,08:00:00,4.9,Preventiva,Mantenimiento programado (plan anual),7002.0
PAR-002935,PN-EQ-09,2024-04-03,02:00:00,8.4,Preventiva,Mantenimiento programado (plan anual),14664.0
PAR-003657,PN-EQ-10,2027-09-15,13:00:00,6.3,Correctiva,Falla de lubricación,7903.0
PAR-003208,PN-EQ-09,2027-11-23,09:00:00,3.5,Correctiva,Falla eléctrica - motor/tablero,7111.0
PAR-000890,PN-EQ-03,2026-06-16,06:00:00,2.3,Correctiva,Atoro de mineral / obstrucción,3983.0
PAR-003194,PN-EQ-09,2027-09-24,11:00:00,2.2,Operativa,Condiciones climáticas adversas,928.0
PAR-000135,PN-EQ-01,2025-06-10,17:00:00,0.5,Correctiva,Falla eléctrica - motor/tablero,660.0
PAR-003534,PN-EQ-10,2026-08-10,00:00:00,19.3,Correctiva,Falla eléctrica - motor/tablero,41026.0
PAR-003234,PN-EQ-10,2024-03-08,12:00:00,1.8,Correctiva,Falla mecánica - desgaste de componente,3040.0
PAR-002298,PN-EQ-07,2024-06-28,08:00:00,15.0,Correctiva,Atoro de mineral / obstrucción,19970.0
PAR-001453,PN-EQ-04,2027-11-23,02:00:00,1.5,Operativa,Corte de energía externo,578.0
PAR-001375,PN-EQ-04,2027-03-25,14:00:00,2.1,Operativa,Espera de insumos (reactivos/bolas de molienda),1252.0
PAR-001139,PN-EQ-04,2025-02-27,01:00:00,5.7,Correctiva,Atoro de mineral / obstrucción,7871.0
PAR-000014,PN-EQ-01,2024-03-13,11:00:00,2.3,Operativa,Condiciones climáticas adversas,992.0
PAR-000597,PN-EQ-02,2026-07-30,14:00:00,8.8,Preventiva,Mantenimiento programado (plan anual),18172.0
PAR-002520,PN-EQ-07,2027-08-06,03:00:00,7.6,Preventiva,Mantenimiento programado (plan anual),7819.0
PAR-002221,PN-EQ-06,2027-05-28,07:00:00,8.5,Correctiva,Falla mecánica - desgaste de componente,10650.0
PAR-001953,PN-EQ-06,2024-08-24,18:00:00,1.2,Operativa,Falta de mineral en cancha,273.0
PAR-000826,PN-EQ-03,2025-08-03,11:00:00,0.5,Correctiva,Falla mecánica - desgaste de componente,
PAR-003206,PN-EQ-09,2027-11-09,15:00:00,0.5,Correctiva,Atoro de mineral / obstrucción,450.0
PAR-000283,PN-EQ-01,2027-03-29,07:00:00,11.5,Correctiva,Falla eléctrica - motor/tablero,23605.0
PAR-002779,PN-EQ-08,2026-07-15,00:00:00,15.0,Correctiva,Rotura de faja/correa,16795.0
PAR-001628,PN-EQ-05,2025-07-20,17:00:00,2.4,Correctiva,Falla mecánica - desgaste de componente,2309.0
PAR-000881,PN-EQ-03,2026-05-06,02:00:00,20.0,Correctiva,Rotura de faja/correa,27407.0
PAR-001510,PN-EQ-05,2024-06-16,01:00:00,12.5,Correctiva,Indeterminado,11718.0
PAR-001407,PN-EQ-04,2027-07-13,13:00:00,4.6,Correctiva,Atoro de mineral / obstrucción,5487.0
PAR-000662,PN-EQ-02,2027-03-24,03:00:00,0.6,Operativa,Espera de insumos (reactivos/bolas de molienda),260.0
PAR-000675,PN-EQ-02,2027-06-07,01:00:00,18.9,Correctiva,Atoro de mineral / obstrucción,24973.0
PAR-002286,PN-EQ-07,2024-04-11,10:00:00,4.2,Preventiva,Mantenimiento programado (plan anual),
PAR-002808,PN-EQ-08,2026-11-20,08:00:00,2.9,Operativa,Corte de energía externo,
PAR-003475,PN-EQ-10,2026-02-25,18:00:00,3.3,Correctiva,Falla eléctrica - motor/tablero,5585.0
PAR-000531,PN-EQ-02,2025-11-02,04:00:00,5.1,Correctiva,Falla eléctrica - motor/tablero,6813.0
PAR-000173,PN-EQ-01,2025-11-14,12:00:00,8.6,Preventiva,Mantenimiento programado (plan anual),12965.0
PAR-003032,PN-EQ-09,2025-07-07,06:00:00,6.4,Preventiva,Mantenimiento programado (plan anual),13342.0
PAR-003437,PN-EQ-10,2025-11-20,19:00:00,1.0,Operativa,Corte de energía externo,240.0
PAR-000279,PN-EQ-01,2027-02-24,06:00:00,7.7,Preventiva,Mantenimiento programado (plan anual),9216.0
PAR-000377,PN-EQ-02,2024-04-14,20:00:00,2.5,Operativa,Condiciones climáticas adversas,752.0
PAR-002406,PN-EQ-07,2026-02-13,08:00:00,9.1,Correctiva,Rotura de faja/correa,
PAR-000846,PN-EQ-03,2025-11-21,06:00:00,2.3,Operativa,Corte de energía externo,913.0
PAR-002420,PN-EQ-07,2026-04-16,20:00:00,1.6,Operativa,Indeterminado,869.0
PAR-002085,PN-EQ-06,2026-01-22,06:00:00,5.5,Preventiva,Mantenimiento programado (plan anual),5748.0
PAR-000489,PN-EQ-02,2025-06-06,06:00:00,1.6,Correctiva,Indeterminado,3319.0
PAR-001022,PN-EQ-04,2024-02-13,04:00:00,9.8,Correctiva,Falla eléctrica - motor/tablero,16326.0
PAR-000935,PN-EQ-03,2026-12-13,05:00:00,6.5,Correctiva,Rotura de faja/correa,8782.0
PAR-001819,PN-EQ-05,2027-05-14,12:00:00,1.8,Operativa,Falta de mineral en cancha,570.0
PAR-001290,PN-EQ-04,2026-05-25,04:00:00,0.7,Operativa,Falta de mineral en cancha,402.0
PAR-002784,PN-EQ-08,2026-07-31,02:00:00,13.7,Correctiva,Falla eléctrica - motor/tablero,22035.0
PAR-002037,PN-EQ-06,2025-07-03,02:00:00,5.3,Preventiva,Mantenimiento programado (plan anual),4282.0
PAR-001029,PN-EQ-04,2024-03-05,04:00:00,8.1,Correctiva,Falla eléctrica - motor/tablero,9016.0
PAR-001633,PN-EQ-05,2025-08-04,03:00:00,20.0,Correctiva,Falla mecánica - desgaste de componente,17059.0
PAR-000059,PN-EQ-01,2024-08-21,10:00:00,11.3,Correctiva,Falla de lubricación,
PAR-001357,PN-EQ-04,2027-01-16,17:00:00,4.5,Preventiva,Mantenimiento programado (plan anual),6803.0
PAR-000191,PN-EQ-01,2026-01-29,06:00:00,0.5,Correctiva,Atoro de mineral / obstrucción,994.0
PAR-003028,PN-EQ-09,2025-06-26,09:00:00,3.2,Correctiva,Atoro de mineral / obstrucción,3327.0
PAR-003204,PN-EQ-09,2027-10-30,05:00:00,2.7,Operativa,Espera de insumos (reactivos/bolas de molienda),1165.0
PAR-001833,PN-EQ-05,2027-06-25,01:00:00,20.0,Correctiva,Falla mecánica - desgaste de componente,19061.0
PAR-001441,PN-EQ-04,2027-10-27,10:00:00,3.4,Correctiva,Falla de lubricación,6072.0
PAR-003167,PN-EQ-09,2027-05-17,04:00:00,2.0,Operativa,Condiciones climáticas adversas,778.0
PAR-001443,PN-EQ-04,2027-11-01,09:00:00,1.3,Operativa,Corte de energía externo,450.0
PAR-000406,PN-EQ-02,2024-07-26,06:00:00,2.2,Correctiva,Falla de lubricación,4026.0
PAR-001300,PN-EQ-04,2026-07-08,02:00:00,5.4,Preventiva,Mantenimiento programado (plan anual),6671.0
PAR-002847,PN-EQ-08,2027-05-19,19:00:00,0.5,Correctiva,Falla de lubricación,575.0
PAR-002704,PN-EQ-08,2025-10-29,12:00:00,5.8,Preventiva,Mantenimiento programado (plan anual),12449.0
PAR-001406,PN-EQ-04,2027-07-07,09:00:00,4.3,Correctiva,Rotura de faja/correa,8907.0
PAR-001728,PN-EQ-05,2026-07-08,03:00:00,20.0,Correctiva,Atoro de mineral / obstrucción,27405.0
PAR-002076,PN-EQ-06,2025-12-14,07:00:00,8.7,Preventiva,Mantenimiento programado (plan anual),14751.0
PAR-002300,PN-EQ-07,2024-07-06,08:00:00,7.5,Correctiva,Rotura de faja/correa,9537.0
PAR-000401,PN-EQ-02,2024-07-10,19:00:00,2.2,Operativa,Espera de insumos (reactivos/bolas de molienda),934.0
PAR-002125,PN-EQ-06,2026-06-04,10:00:00,0.6,Operativa,Condiciones climáticas adversas,143.0
PAR-002778,PN-EQ-08,2026-07-08,01:00:00,8.9,Preventiva,Mantenimiento programado (plan anual),14589.0
PAR-000748,PN-EQ-03,2024-05-03,11:00:00,2.0,Correctiva,Falla eléctrica - motor/tablero,3329.0
PAR-000570,PN-EQ-02,2026-04-22,08:00:00,5.0,Preventiva,Mantenimiento programado (plan anual),6559.0
PAR-000660,PN-EQ-02,2027-03-21,07:00:00,1.9,Operativa,Condiciones climáticas adversas,673.0
PAR-003353,PN-EQ-10,2025-03-17,14:00:00,2.4,Operativa,Condiciones climáticas adversas,1363.0
PAR-002374,PN-EQ-07,2025-08-23,14:00:00,8.8,Preventiva,Mantenimiento programado (plan anual),16840.0
PAR-001547,PN-EQ-05,2024-10-27,05:00:00,1.2,Operativa,Falta de mineral en cancha,616.0
PAR-000838,PN-EQ-03,2025-10-08,17:00:00,4.7,Preventiva,Mantenimiento programado (plan anual),9086.0
PAR-001566,PN-EQ-05,2025-01-06,12:00:00,3.2,Correctiva,Falla eléctrica - motor/tablero,5140.0
PAR-001938,PN-EQ-06,2024-06-24,07:00:00,1.7,Operativa,Falta de mineral en cancha,699.0
PAR-002839,PN-EQ-08,2027-04-19,00:00:00,4.3,Preventiva,Mantenimiento programado (plan anual),4600.0
PAR-002278,PN-EQ-07,2024-02-28,04:00:00,5.4,Preventiva,Mantenimiento programado (plan anual),11250.0
PAR-002541,PN-EQ-07,2027-11-16,11:00:00,7.3,Correctiva,Atoro de mineral / obstrucción,13572.0
PAR-000323,PN-EQ-01,2027-09-03,19:00:00,3.8,Correctiva,Falla eléctrica - motor/tablero,6821.0
PAR-000302,PN-EQ-01,2027-06-05,10:00:00,7.7,Preventiva,Mantenimiento programado (plan anual),6393.0
PAR-003241,PN-EQ-10,2024-04-15,04:00:00,13.4,Correctiva,Falla eléctrica - motor/tablero,17072.0
PAR-001320,PN-EQ-04,2026-09-19,17:00:00,5.5,Correctiva,Rotura de faja/correa,
PAR-002136,PN-EQ-06,2026-07-16,15:00:00,2.1,Operativa,Falta de mineral en cancha,920.0
PAR-001148,PN-EQ-04,2025-03-12,01:00:00,20.0,Correctiva,Atoro de mineral / obstrucción,27583.0
PAR-002671,PN-EQ-08,2025-06-19,09:00:00,8.0,Correctiva,Falla mecánica - desgaste de componente,
PAR-002948,PN-EQ-09,2024-06-01,15:00:00,0.5,Correctiva,Falla eléctrica - motor/tablero,784.0
PAR-002814,PN-EQ-08,2026-12-12,17:00:00,2.1,Operativa,Espera de insumos (reactivos/bolas de molienda),1114.0
PAR-002219,PN-EQ-06,2027-05-17,13:00:00,4.2,Preventiva,Mantenimiento programado (plan anual),
PAR-002474,PN-EQ-07,2026-12-30,13:00:00,5.8,Preventiva,Mantenimiento programado (plan anual),8655.0
PAR-000732,PN-EQ-03,2024-02-24,22:00:00,1.0,Correctiva,Falla eléctrica - motor/tablero,1638.0
PAR-001606,PN-EQ-05,2025-05-12,16:00:00,1.2,Operativa,Condiciones climáticas adversas,521.0
PAR-002243,PN-EQ-06,2027-08-18,18:00:00,0.5,Correctiva,Falla mecánica - desgaste de componente,681.0
PAR-002599,PN-EQ-08,2024-08-09,11:00:00,2.3,Correctiva,Falla eléctrica - motor/tablero,4836.0
PAR-000212,PN-EQ-01,2026-04-17,07:00:00,1.7,Operativa,Espera de insumos (reactivos/bolas de molienda),827.0
PAR-002828,PN-EQ-08,2027-02-05,12:00:00,7.3,Correctiva,Falla de lubricación,8156.0
PAR-003546,PN-EQ-10,2026-09-14,18:00:00,2.2,Correctiva,Atoro de mineral / obstrucción,2950.0
PAR-001429,PN-EQ-04,2027-09-19,11:00:00,3.6,Correctiva,Falla de lubricación,4890.0
PAR-000372,PN-EQ-02,2024-03-27,04:00:00,1.4,Correctiva,Atoro de mineral / obstrucción,2296.0
PAR-000587,PN-EQ-02,2026-06-22,16:00:00,6.7,Correctiva,Rotura de faja/correa,11710.0
PAR-001418,PN-EQ-04,2027-08-19,01:00:00,8.4,Correctiva,Falla mecánica - desgaste de componente,15031.0
PAR-000315,PN-EQ-01,2027-08-03,12:00:00,4.0,Correctiva,Rotura de faja/correa,8476.0
PAR-003267,PN-EQ-10,2024-07-05,16:00:00,6.6,Preventiva,Mantenimiento programado (plan anual),9830.0
PAR-001834,PN-EQ-05,2027-06-26,08:00:00,2.5,Operativa,Corte de energía externo,692.0
PAR-001700,PN-EQ-05,2026-04-15,06:00:00,1.8,Operativa,Espera de insumos (reactivos/bolas de molienda),815.0
PAR-000514,PN-EQ-02,2025-09-12,03:00:00,7.6,Correctiva,Rotura de faja/correa,7450.0
PAR-003316,PN-EQ-10,2024-11-15,01:00:00,13.4,Correctiva,Rotura de faja/correa,28185.0
PAR-003665,PN-EQ-10,2027-10-17,14:00:00,6.7,Preventiva,Mantenimiento programado (plan anual),14254.0
PAR-002586,PN-EQ-08,2024-06-08,03:00:00,1.0,Correctiva,Indeterminado,2194.0
PAR-000455,PN-EQ-02,2025-01-20,03:00:00,20.0,Correctiva,Falla de lubricación,34567.0
PAR-000602,PN-EQ-02,2026-08-28,06:00:00,0.6,Operativa,Corte de energía externo,215.0
PAR-002265,PN-EQ-06,2027-12-09,00:00:00,5.8,Preventiva,Indeterminado,11237.0
PAR-001927,PN-EQ-06,2024-05-10,08:00:00,9.4,Correctiva,Falla mecánica - desgaste de componente,16864.0
PAR-001523,PN-EQ-05,2024-08-12,13:00:00,1.4,Operativa,Condiciones climáticas adversas,392.0
PAR-001262,PN-EQ-04,2026-02-24,00:00:00,6.5,Correctiva,Atoro de mineral / obstrucción,13342.0
PAR-002488,PN-EQ-07,2027-02-23,00:00:00,5.0,Preventiva,Mantenimiento programado (plan anual),9948.0
PAR-002205,PN-EQ-06,2027-03-29,17:00:00,1.4,Operativa,Corte de energía externo,706.0
PAR-000958,PN-EQ-03,2027-05-02,09:00:00,1.0,Correctiva,Rotura de faja/correa,1635.0
PAR-001019,PN-EQ-04,2024-01-31,09:00:00,1.0,Correctiva,Atoro de mineral / obstrucción,1371.0
PAR-002942,PN-EQ-09,2024-04-28,10:00:00,1.8,Operativa,Corte de energía externo,475.0
PAR-001204,PN-EQ-04,2025-09-04,05:00:00,2.8,Operativa,Espera de insumos (reactivos/bolas de molienda),1517.0
PAR-001364,PN-EQ-04,2027-02-10,12:00:00,2.2,Operativa,Corte de energía externo,1097.0
PAR-001373,PN-EQ-04,2027-03-20,00:00:00,20.0,Correctiva,Falla de lubricación,24417.0
PAR-001367,PN-EQ-04,2027-02-19,14:00:00,0.5,Correctiva,Rotura de faja/correa,620.0
PAR-000583,PN-EQ-02,2026-06-14,13:00:00,1.3,Correctiva,Falla de lubricación,2240.0
PAR-002580,PN-EQ-08,2024-05-10,02:00:00,4.1,Correctiva,Falla de lubricación,4867.0
PAR-002346,PN-EQ-07,2025-02-20,17:00:00,2.2,Operativa,Falta de mineral en cancha,1205.0
PAR-001967,PN-EQ-06,2024-10-07,00:00:00,2.5,Operativa,Espera de insumos (reactivos/bolas de molienda),1370.0
PAR-001431,PN-EQ-04,2027-09-24,06:00:00,13.2,Correctiva,Atoro de mineral / obstrucción,17829.0
PAR-003524,PN-EQ-10,2026-07-13,03:00:00,20.0,Correctiva,Atoro de mineral / obstrucción,28718.0
PAR-000355,PN-EQ-01,2027-12-20,09:00:00,9.8,Correctiva,Falla de lubricación,13241.0
PAR-002919,PN-EQ-09,2024-01-13,22:00:00,0.5,Correctiva,Atoro de mineral / obstrucción,690.0
PAR-002440,PN-EQ-07,2026-08-03,03:00:00,7.4,Preventiva,Mantenimiento programado (plan anual),14396.0
PAR-002749,PN-EQ-08,2026-03-26,11:00:00,0.6,Operativa,Corte de energía externo,254.0
PAR-003565,PN-EQ-10,2026-11-14,20:00:00,2.6,Operativa,Falta de mineral en cancha,1239.0
PAR-000847,PN-EQ-03,2025-11-28,06:00:00,14.0,Correctiva,Falla eléctrica - motor/tablero,26587.0
PAR-002476,PN-EQ-07,2027-01-02,08:00:00,0.5,Correctiva,Falla eléctrica - motor/tablero,538.0
PAR-000134,PN-EQ-01,2025-05-31,06:00:00,4.7,Preventiva,Mantenimiento programado (plan anual),5534.0
PAR-001548,PN-EQ-05,2024-10-30,18:00:00,2.1,Operativa,Espera de insumos (reactivos/bolas de molienda),795.0
PAR-001026,PN-EQ-04,2024-02-22,10:00:00,8.9,Preventiva,Indeterminado,18725.0
PAR-001652,PN-EQ-05,2025-10-23,16:00:00,6.8,Correctiva,Falla mecánica - desgaste de componente,6172.0
PAR-002705,PN-EQ-08,2025-11-03,08:00:00,2.7,Operativa,Condiciones climáticas adversas,635.0
PAR-001241,PN-EQ-04,2025-12-25,13:00:00,2.9,Operativa,Condiciones climáticas adversas,999.0
PAR-001270,PN-EQ-04,2026-03-22,08:00:00,6.6,Correctiva,Falla mecánica - desgaste de componente,13193.0
PAR-000726,PN-EQ-03,2024-01-31,15:00:00,1.6,Correctiva,Falla eléctrica - motor/tablero,2465.0
PAR-002670,PN-EQ-08,2025-06-18,04:00:00,3.2,Correctiva,Indeterminado,5589.0
PAR-003404,PN-EQ-10,2025-08-01,10:00:00,10.9,Correctiva,Falla mecánica - desgaste de componente,13576.0
PAR-001486,PN-EQ-05,2024-03-16,20:00:00,2.0,Operativa,Espera de insumos (reactivos/bolas de molienda),521.0
PAR-002798,PN-EQ-08,2026-09-29,06:00:00,15.6,Correctiva,Falla mecánica - desgaste de componente,22079.0
PAR-002383,PN-EQ-07,2025-10-13,18:00:00,2.8,Operativa,Condiciones climáticas adversas,858.0
PAR-000427,PN-EQ-02,2024-10-06,14:00:00,6.0,Preventiva,Mantenimiento programado (plan anual),
PAR-001018,PN-EQ-04,2024-01-25,01:00:00,3.0,Operativa,Falta de mineral en cancha,1557.0
PAR-001723,PN-EQ-05,2026-06-19,09:00:00,2.1,Operativa,Condiciones climáticas adversas,1218.0
PAR-003312,PN-EQ-10,2024-11-06,01:00:00,20.0,Correctiva,Atoro de mineral / obstrucción,26569.0
PAR-001960,PN-EQ-06,2024-09-03,12:00:00,2.1,Operativa,Espera de insumos (reactivos/bolas de molienda),1243.0
PAR-003248,PN-EQ-10,2024-05-06,08:00:00,8.5,Preventiva,Mantenimiento programado (plan anual),15881.0
PAR-001480,PN-EQ-05,2024-02-23,02:00:00,0.5,Operativa,Condiciones climáticas adversas,269.0
PAR-001907,PN-EQ-06,2024-02-13,02:00:00,20.0,Correctiva,Falla de lubricación,40488.0
PAR-001150,PN-EQ-04,2025-03-18,06:00:00,7.0,Correctiva,Falla de lubricación,14386.0
PAR-001045,PN-EQ-04,2024-04-17,05:00:00,7.7,Preventiva,Mantenimiento programado (plan anual),13581.0
PAR-000979,PN-EQ-03,2027-08-01,09:00:00,4.5,Correctiva,Atoro de mineral / obstrucción,3871.0
PAR-001447,PN-EQ-04,2027-11-07,02:00:00,6.6,Preventiva,Mantenimiento programado (plan anual),6376.0
PAR-000125,PN-EQ-01,2025-04-23,02:00:00,8.8,Preventiva,Mantenimiento programado (plan anual),18501.0
PAR-002397,PN-EQ-07,2025-12-23,15:00:00,1.3,Operativa,Falta de mineral en cancha,676.0
PAR-002391,PN-EQ-07,2025-12-02,02:00:00,7.4,Preventiva,Mantenimiento programado (plan anual),16239.0
PAR-003048,PN-EQ-09,2025-09-29,10:00:00,4.9,Correctiva,Falla mecánica - desgaste de componente,7949.0
PAR-003469,PN-EQ-10,2026-02-13,10:00:00,5.2,Preventiva,Mantenimiento programado (plan anual),5194.0
PAR-002274,PN-EQ-07,2024-02-15,14:00:00,1.6,Correctiva,Falla eléctrica - motor/tablero,3303.0
PAR-002262,PN-EQ-06,2027-11-30,18:00:00,2.2,Operativa,Condiciones climáticas adversas,1103.0
PAR-001507,PN-EQ-05,2024-06-03,06:00:00,5.8,Preventiva,Mantenimiento programado (plan anual),8035.0
PAR-000590,PN-EQ-02,2026-06-26,03:00:00,20.0,Correctiva,Atoro de mineral / obstrucción,17538.0
PAR-002207,PN-EQ-06,2027-04-04,04:00:00,8.6,Correctiva,Falla eléctrica - motor/tablero,7671.0
PAR-001598,PN-EQ-05,2025-04-21,13:00:00,9.6,Correctiva,Rotura de faja/correa,18390.0
PAR-002567,PN-EQ-08,2024-03-17,09:00:00,7.7,Correctiva,Falla eléctrica - motor/tablero,13434.0
PAR-003507,PN-EQ-10,2026-05-29,01:00:00,7.7,Preventiva,Mantenimiento programado (plan anual),9549.0
PAR-002024,PN-EQ-06,2025-05-06,00:00:00,10.9,Correctiva,Rotura de faja/correa,9402.0
PAR-002575,PN-EQ-08,2024-04-26,00:00:00,20.0,Correctiva,Falla mecánica - desgaste de componente,
PAR-002097,PN-EQ-06,2026-02-27,19:00:00,2.1,Operativa,Condiciones climáticas adversas,1216.0
PAR-000988,PN-EQ-03,2027-08-31,01:00:00,4.1,Correctiva,Falla mecánica - desgaste de componente,3664.0
PAR-001669,PN-EQ-05,2025-12-31,06:00:00,1.2,Operativa,Espera de insumos (reactivos/bolas de molienda),510.0
PAR-002669,PN-EQ-08,2025-06-12,05:00:00,1.4,Operativa,Espera de insumos (reactivos/bolas de molienda),712.0
PAR-001071,PN-EQ-04,2024-08-06,00:00:00,15.7,Correctiva,Falla eléctrica - motor/tablero,29224.0
PAR-001343,PN-EQ-04,2026-12-07,08:00:00,9.5,Correctiva,Atoro de mineral / obstrucción,16971.0
PAR-002533,PN-EQ-07,2027-10-08,02:00:00,2.8,Operativa,Corte de energía externo,1185.0
PAR-001256,PN-EQ-04,2026-02-13,06:00:00,6.1,Preventiva,Mantenimiento programado (plan anual),6339.0
PAR-003093,PN-EQ-09,2026-06-06,09:00:00,1.2,Operativa,Falta de mineral en cancha,690.0
PAR-000253,PN-EQ-01,2026-11-07,01:00:00,1.4,Operativa,Corte de energía externo,451.0
PAR-003179,PN-EQ-09,2027-07-06,19:00:00,1.3,Operativa,Corte de energía externo,667.0
PAR-001557,PN-EQ-05,2024-11-29,04:00:00,6.2,Preventiva,Mantenimiento programado (plan anual),4966.0
PAR-001727,PN-EQ-05,2026-07-07,15:00:00,3.2,Correctiva,Atoro de mineral / obstrucción,3288.0
PAR-003124,PN-EQ-09,2026-11-05,00:00:00,1.8,Operativa,Condiciones climáticas adversas,374.0
PAR-003063,PN-EQ-09,2025-12-24,10:00:00,2.0,Correctiva,Atoro de mineral / obstrucción,3781.0
PAR-003191,PN-EQ-09,2027-09-10,02:00:00,12.3,Correctiva,Indeterminado,25572.0
PAR-001666,PN-EQ-05,2025-12-14,12:00:00,6.1,Preventiva,Mantenimiento programado (plan anual),11042.0
PAR-000132,PN-EQ-01,2025-05-25,12:00:00,4.3,Correctiva,Falla eléctrica - motor/tablero,8380.0
PAR-001318,PN-EQ-04,2026-09-07,02:00:00,7.8,Preventiva,Mantenimiento programado (plan anual),9520.0
PAR-000879,PN-EQ-03,2026-05-02,03:00:00,8.0,Preventiva,Mantenimiento programado (plan anual),7738.0
PAR-002594,PN-EQ-08,2024-07-19,13:00:00,9.5,Correctiva,Falla eléctrica - motor/tablero,14180.0
PAR-003519,PN-EQ-10,2026-06-27,05:00:00,12.3,Correctiva,Falla mecánica - desgaste de componente,11852.0
PAR-000203,PN-EQ-01,2026-03-09,09:00:00,1.9,Correctiva,Rotura de faja/correa,2083.0
PAR-001868,PN-EQ-05,2027-10-04,01:00:00,4.8,Correctiva,Falla eléctrica - motor/tablero,6800.0
PAR-001455,PN-EQ-04,2027-11-25,11:00:00,2.7,Operativa,Corte de energía externo,832.0
PAR-000064,PN-EQ-01,2024-09-03,14:00:00,1.6,Correctiva,Falla mecánica - desgaste de componente,
PAR-002044,PN-EQ-06,2025-07-27,13:00:00,1.2,Correctiva,Falla de lubricación,1188.0
PAR-000974,PN-EQ-03,2027-07-14,19:00:00,2.9,Operativa,Falta de mineral en cancha,682.0
PAR-001113,PN-EQ-04,2024-12-20,06:00:00,16.2,Correctiva,Rotura de faja/correa,14569.0
PAR-000925,PN-EQ-03,2026-11-07,00:00:00,6.0,Correctiva,Falla mecánica - desgaste de componente,8701.0
PAR-000094,PN-EQ-01,2024-12-31,02:00:00,11.7,Correctiva,Atoro de mineral / obstrucción,16911.0
PAR-000707,PN-EQ-02,2027-10-31,06:00:00,2.1,Operativa,Falta de mineral en cancha,560.0
PAR-002922,PN-EQ-09,2024-01-31,03:00:00,8.0,Preventiva,Mantenimiento programado (plan anual),11602.0
PAR-000517,PN-EQ-02,2025-09-21,10:00:00,3.0,Operativa,Espera de insumos (reactivos/bolas de molienda),704.0
PAR-000042,PN-EQ-01,2024-06-18,05:00:00,0.8,Operativa,Corte de energía externo,439.0
PAR-003260,PN-EQ-10,2024-06-10,14:00:00,7.3,Correctiva,Falla eléctrica - motor/tablero,12403.0
PAR-000536,PN-EQ-02,2025-12-01,00:00:00,0.5,Correctiva,Atoro de mineral / obstrucción,682.0
PAR-000419,PN-EQ-02,2024-09-08,01:00:00,12.0,Correctiva,Falla eléctrica - motor/tablero,23887.0
PAR-001684,PN-EQ-05,2026-02-19,11:00:00,11.5,Correctiva,Falla eléctrica - motor/tablero,23673.0
PAR-001185,PN-EQ-04,2025-07-06,02:00:00,2.6,Operativa,Espera de insumos (reactivos/bolas de molienda),760.0
PAR-001585,PN-EQ-05,2025-03-08,03:00:00,12.0,Correctiva,Rotura de faja/correa,
PAR-000558,PN-EQ-02,2026-02-18,13:00:00,3.6,Correctiva,Rotura de faja/correa,5889.0
PAR-000985,PN-EQ-03,2027-08-25,18:00:00,2.5,Correctiva,Falla mecánica - desgaste de componente,3823.0
PAR-002198,PN-EQ-06,2027-03-03,02:00:00,2.5,Operativa,Falta de mineral en cancha,1057.0
PAR-001319,PN-EQ-04,2026-09-16,05:00:00,9.6,Correctiva,Falla de lubricación,10690.0
PAR-002626,PN-EQ-08,2024-12-02,08:00:00,1.5,Correctiva,Falla eléctrica - motor/tablero,1379.0
PAR-001157,PN-EQ-04,2025-04-03,09:00:00,6.6,Correctiva,Falla de lubricación,8339.0
PAR-000998,PN-EQ-03,2027-10-26,09:00:00,1.4,Correctiva,Rotura de faja/correa,1192.0
PAR-002306,PN-EQ-07,2024-07-21,11:00:00,7.1,Correctiva,Falla de lubricación,12619.0
PAR-002459,PN-EQ-07,2026-10-05,18:00:00,3.0,Operativa,Falta de mineral en cancha,1563.0
PAR-001498,PN-EQ-05,2024-04-25,15:00:00,0.5,Operativa,Espera de insumos (reactivos/bolas de molienda),165.0
PAR-001790,PN-EQ-05,2027-02-09,04:00:00,5.9,Correctiva,Rotura de faja/correa,8307.0
PAR-000765,PN-EQ-03,2024-08-20,15:00:00,3.4,Correctiva,Falla de lubricación,3447.0
PAR-001922,PN-EQ-06,2024-04-06,11:00:00,1.1,Operativa,Corte de energía externo,568.0
PAR-000613,PN-EQ-02,2026-10-18,14:00:00,7.3,Preventiva,Mantenimiento programado (plan anual),8845.0
PAR-003262,PN-EQ-10,2024-06-18,17:00:00,4.9,Preventiva,Mantenimiento programado (plan anual),9690.0
PAR-000647,PN-EQ-02,2027-02-21,09:00:00,2.1,Operativa,Corte de energía externo,1092.0
PAR-003436,PN-EQ-10,2025-11-19,05:00:00,17.6,Correctiva,Rotura de faja/correa,20793.0
PAR-002659,PN-EQ-08,2025-04-30,11:00:00,11.3,Correctiva,Falla eléctrica - motor/tablero,18924.0
PAR-002911,PN-EQ-08,2027-12-12,20:00:00,1.3,Correctiva,Falla eléctrica - motor/tablero,2440.0
PAR-003527,PN-EQ-10,2026-07-21,07:00:00,12.1,Correctiva,Falla de lubricación,20770.0
PAR-001508,PN-EQ-05,2024-06-15,22:00:00,0.5,Correctiva,Atoro de mineral / obstrucción,700.0
PAR-001594,PN-EQ-05,2025-04-10,12:00:00,1.6,Operativa,Corte de energía externo,866.0
PAR-003317,PN-EQ-10,2024-11-16,02:00:00,9.7,Correctiva,Falla de lubricación,20528.0
PAR-002288,PN-EQ-07,2024-04-16,01:00:00,5.1,Correctiva,Falla de lubricación,9463.0
PAR-000521,PN-EQ-02,2025-09-25,01:00:00,5.4,Correctiva,Falla mecánica - desgaste de componente,9918.0
PAR-003062,PN-EQ-09,2025-12-18,04:00:00,8.7,Preventiva,Mantenimiento programado (plan anual),7903.0
PAR-001825,PN-EQ-05,2027-06-06,12:00:00,2.7,Correctiva,Falla eléctrica - motor/tablero,5907.0
PAR-002102,PN-EQ-06,2026-03-21,10:00:00,5.6,Preventiva,Mantenimiento programado (plan anual),10569.0
PAR-003340,PN-EQ-10,2025-02-10,18:00:00,1.6,Correctiva,Falla eléctrica - motor/tablero,2200.0
PAR-000533,PN-EQ-02,2025-11-08,04:00:00,18.5,Correctiva,Falla mecánica - desgaste de componente,36511.0
PAR-000649,PN-EQ-02,2027-02-26,11:00:00,4.1,Correctiva,Falla de lubricación,8554.0
PAR-000657,PN-EQ-02,2027-03-12,16:00:00,1.6,Operativa,Condiciones climáticas adversas,462.0
PAR-001072,PN-EQ-04,2024-08-13,19:00:00,1.5,Correctiva,Falla mecánica - desgaste de componente,3156.0
PAR-000524,PN-EQ-02,2025-10-06,04:00:00,15.2,Correctiva,Atoro de mineral / obstrucción,33373.0
PAR-003670,PN-EQ-10,2027-10-30,08:00:00,0.5,Correctiva,Atoro de mineral / obstrucción,954.0
PAR-002293,PN-EQ-07,2024-05-15,11:00:00,6.1,Preventiva,Mantenimiento programado (plan anual),11254.0
PAR-002615,PN-EQ-08,2024-10-21,04:00:00,1.7,Operativa,Falta de mineral en cancha,486.0
PAR-002455,PN-EQ-07,2026-09-17,12:00:00,10.9,Correctiva,Falla eléctrica - motor/tablero,12831.0
PAR-003268,PN-EQ-10,2024-07-06,05:00:00,17.4,Correctiva,Falla eléctrica - motor/tablero,29379.0
PAR-002496,PN-EQ-07,2027-03-20,06:00:00,1.9,Correctiva,Falla mecánica - desgaste de componente,1699.0
PAR-000715,PN-EQ-02,2027-12-01,00:00:00,6.0,Preventiva,Mantenimiento programado (plan anual),6212.0
PAR-001371,PN-EQ-04,2027-03-08,00:00:00,6.9,Preventiva,Mantenimiento programado (plan anual),11565.0
PAR-002759,PN-EQ-08,2026-05-05,03:00:00,20.0,Correctiva,Falla eléctrica - motor/tablero,32137.0
PAR-000386,PN-EQ-02,2024-05-04,02:00:00,20.0,Correctiva,Falla de lubricación,25122.0
PAR-002362,PN-EQ-07,2025-06-16,15:00:00,5.6,Preventiva,Mantenimiento programado (plan anual),7510.0
PAR-002329,PN-EQ-07,2024-12-05,09:00:00,2.6,Correctiva,Falla de lubricación,2403.0
PAR-002050,PN-EQ-06,2025-08-16,13:00:00,0.8,Operativa,Condiciones climáticas adversas,337.0
PAR-002151,PN-EQ-06,2026-09-16,09:00:00,4.4,Correctiva,Falla eléctrica - motor/tablero,5573.0
PAR-000853,PN-EQ-03,2025-12-28,05:00:00,4.4,Correctiva,Rotura de faja/correa,7525.0
PAR-001804,PN-EQ-05,2027-03-29,10:00:00,7.0,Correctiva,Falla eléctrica - motor/tablero,14288.0
PAR-002815,PN-EQ-08,2026-12-12,09:00:00,2.8,Correctiva,Falla eléctrica - motor/tablero,4254.0
PAR-001017,PN-EQ-04,2024-01-24,02:00:00,20.0,Correctiva,Falla de lubricación,
PAR-002769,PN-EQ-08,2026-06-14,06:00:00,2.2,Operativa,Condiciones climáticas adversas,462.0
PAR-001835,PN-EQ-05,2027-07-03,02:00:00,17.1,Correctiva,Rotura de faja/correa,24031.0
PAR-000268,PN-EQ-01,2027-01-04,00:00:00,18.3,Correctiva,Falla eléctrica - motor/tablero,22836.0
PAR-001564,PN-EQ-05,2025-01-01,04:00:00,17.9,Correctiva,Falla de lubricación,28782.0
PAR-003623,PN-EQ-10,2027-06-07,08:00:00,4.9,Preventiva,Mantenimiento programado (plan anual),8103.0
PAR-000544,PN-EQ-02,2026-01-01,03:00:00,0.5,Correctiva,Falla de lubricación,648.0
PAR-001487,PN-EQ-05,2024-03-22,13:00:00,1.3,Correctiva,Falla de lubricación,1202.0
PAR-002045,PN-EQ-06,2025-07-29,03:00:00,0.8,Operativa,Indeterminado,176.0
PAR-000969,PN-EQ-03,2027-06-10,09:00:00,2.6,Operativa,Falta de mineral en cancha,1273.0
PAR-001046,PN-EQ-04,2024-04-23,12:00:00,2.3,Operativa,Espera de insumos (reactivos/bolas de molienda),617.0
PAR-003454,PN-EQ-10,2026-01-10,03:00:00,6.8,Preventiva,Mantenimiento programado (plan anual),14950.0
PAR-000054,PN-EQ-01,2024-08-01,01:00:00,1.3,Operativa,Corte de energía externo,357.0
PAR-001809,PN-EQ-05,2027-04-23,05:00:00,6.4,Preventiva,Mantenimiento programado (plan anual),5464.0
PAR-003018,PN-EQ-09,2025-05-21,14:00:00,0.6,Operativa,Falta de mineral en cancha,207.0
PAR-001419,PN-EQ-04,2027-08-24,00:00:00,1.9,Operativa,Espera de insumos (reactivos/bolas de molienda),789.0
PAR-002043,PN-EQ-06,2025-07-26,13:00:00,2.2,Operativa,Espera de insumos (reactivos/bolas de molienda),1131.0
PAR-001264,PN-EQ-04,2026-03-01,00:00:00,1.1,Operativa,Condiciones climáticas adversas,352.0
PAR-000087,PN-EQ-01,2024-12-15,13:00:00,8.2,Preventiva,Mantenimiento programado (plan anual),17688.0
PAR-003140,PN-EQ-09,2027-01-14,14:00:00,9.0,Preventiva,Mantenimiento programado (plan anual),17739.0
PAR-000336,PN-EQ-01,2027-10-10,05:00:00,10.4,Correctiva,Falla mecánica - desgaste de componente,16703.0
PAR-001789,PN-EQ-05,2027-02-08,19:00:00,1.8,Correctiva,Rotura de faja/correa,3844.0
PAR-002646,PN-EQ-08,2025-02-27,04:00:00,4.9,Preventiva,Mantenimiento programado (plan anual),10515.0
PAR-000370,PN-EQ-02,2024-03-20,04:00:00,1.7,Correctiva,Rotura de faja/correa,1892.0
PAR-001328,PN-EQ-04,2026-10-10,05:00:00,16.0,Correctiva,Falla eléctrica - motor/tablero,25123.0
PAR-002744,PN-EQ-08,2026-03-13,06:00:00,13.9,Correctiva,Falla mecánica - desgaste de componente,12521.0
PAR-000466,PN-EQ-02,2025-02-23,00:00:00,4.6,Correctiva,Falla de lubricación,6471.0
PAR-000017,PN-EQ-01,2024-03-17,06:00:00,1.6,Correctiva,Falla mecánica - desgaste de componente,1613.0
PAR-001756,PN-EQ-05,2026-09-30,09:00:00,8.6,Correctiva,Falla eléctrica - motor/tablero,17389.0
PAR-001709,PN-EQ-05,2026-05-05,00:00:00,1.0,Operativa,Falta de mineral en cancha,297.0
PAR-000775,PN-EQ-03,2024-10-31,19:00:00,2.4,Operativa,Espera de insumos (reactivos/bolas de molienda),983.0
PAR-001192,PN-EQ-04,2025-08-03,06:00:00,2.6,Correctiva,Falla mecánica - desgaste de componente,2233.0
PAR-003232,PN-EQ-10,2024-03-03,01:00:00,1.3,Operativa,Falta de mineral en cancha,605.0
PAR-000771,PN-EQ-03,2024-09-25,15:00:00,2.2,Correctiva,Atoro de mineral / obstrucción,2120.0
PAR-000899,PN-EQ-03,2026-07-25,07:00:00,0.7,Operativa,Condiciones climáticas adversas,224.0
PAR-001880,PN-EQ-05,2027-10-29,16:00:00,1.3,Correctiva,Atoro de mineral / obstrucción,1640.0
PAR-003148,PN-EQ-09,2027-02-27,06:00:00,6.1,Preventiva,Mantenimiento programado (plan anual),10004.0
PAR-002789,PN-EQ-08,2026-08-24,07:00:00,3.4,Correctiva,Falla eléctrica - motor/tablero,6500.0
PAR-002305,PN-EQ-07,2024-07-19,01:00:00,18.8,Correctiva,Falla eléctrica - motor/tablero,40375.0
PAR-000183,PN-EQ-01,2025-12-30,03:00:00,10.1,Correctiva,Falla mecánica - desgaste de componente,9435.0
PAR-000830,PN-EQ-03,2025-08-31,12:00:00,5.4,Preventiva,Mantenimiento programado (plan anual),11238.0
PAR-002203,PN-EQ-06,2027-03-27,00:00:00,20.0,Correctiva,Falla eléctrica - motor/tablero,27427.0
PAR-001629,PN-EQ-05,2025-07-23,01:00:00,12.1,Correctiva,Rotura de faja/correa,20887.0
PAR-001788,PN-EQ-05,2027-02-07,01:00:00,5.1,Correctiva,Falla mecánica - desgaste de componente,5802.0
PAR-002850,PN-EQ-08,2027-05-25,02:00:00,20.0,Correctiva,Falla de lubricación,19992.0
PAR-000522,PN-EQ-02,2025-09-29,02:00:00,20.0,Correctiva,Falla de lubricación,29134.0
PAR-003537,PN-EQ-10,2026-08-15,00:00:00,16.2,Correctiva,Falla de lubricación,15802.0
PAR-001207,PN-EQ-04,2025-09-08,09:00:00,3.3,Correctiva,Falla mecánica - desgaste de componente,3190.0
PAR-002987,PN-EQ-09,2024-12-26,11:00:00,2.9,Correctiva,Falla eléctrica - motor/tablero,2641.0
PAR-000398,PN-EQ-02,2024-06-26,00:00:00,2.7,Operativa,Condiciones climáticas adversas,599.0
PAR-000083,PN-EQ-01,2024-11-25,00:00:00,2.7,Correctiva,Falla eléctrica - motor/tablero,3747.0
PAR-002120,PN-EQ-06,2026-05-31,01:00:00,2.2,Operativa,Condiciones climáticas adversas,520.0
PAR-002481,PN-EQ-07,2027-01-31,05:00:00,0.7,Correctiva,Atoro de mineral / obstrucción,888.0
PAR-002977,PN-EQ-09,2024-10-07,09:00:00,4.2,Correctiva,Atoro de mineral / obstrucción,6819.0
PAR-000194,PN-EQ-01,2026-02-11,00:00:00,7.9,Correctiva,Indeterminado,16942.0
PAR-003656,PN-EQ-10,2027-09-10,11:00:00,4.9,Correctiva,Falla eléctrica - motor/tablero,8120.0
PAR-003294,PN-EQ-10,2024-09-23,07:00:00,2.2,Operativa,Corte de energía externo,1067.0
PAR-001415,PN-EQ-04,2027-08-10,16:00:00,5.3,Correctiva,Falla eléctrica - motor/tablero,10286.0
PAR-002591,PN-EQ-08,2024-07-12,04:00:00,7.3,Preventiva,Mantenimiento programado (plan anual),8155.0
PAR-000593,PN-EQ-02,2026-07-15,04:00:00,2.5,Correctiva,Falla eléctrica - motor/tablero,2216.0
PAR-000745,PN-EQ-03,2024-04-26,09:00:00,6.2,Preventiva,Mantenimiento programado (plan anual),8886.0
PAR-003068,PN-EQ-09,2026-02-04,07:00:00,2.4,Operativa,Condiciones climáticas adversas,652.0
PAR-000245,PN-EQ-01,2026-09-19,06:00:00,4.6,Correctiva,Falla eléctrica - motor/tablero,6927.0
PAR-002631,PN-EQ-08,2024-12-28,18:00:00,0.9,Operativa,Corte de energía externo,201.0
PAR-002437,PN-EQ-07,2026-07-11,12:00:00,2.5,Correctiva,Falla eléctrica - motor/tablero,2514.0
PAR-003071,PN-EQ-09,2026-02-13,17:00:00,0.8,Correctiva,Falla mecánica - desgaste de componente,1547.0
PAR-003645,PN-EQ-10,2027-08-08,16:00:00,1.3,Operativa,Espera de insumos (reactivos/bolas de molienda),655.0
PAR-002108,PN-EQ-06,2026-04-10,13:00:00,7.7,Preventiva,Mantenimiento programado (plan anual),15169.0
PAR-003667,PN-EQ-10,2027-10-23,03:00:00,20.0,Correctiva,Falla mecánica - desgaste de componente,42383.0
PAR-000934,PN-EQ-03,2026-12-10,15:00:00,7.3,Correctiva,Falla mecánica - desgaste de componente,14124.0
PAR-003512,PN-EQ-10,2026-06-10,02:00:00,1.3,Correctiva,Falla mecánica - desgaste de componente,1060.0
PAR-000421,PN-EQ-02,2024-09-19,10:00:00,6.6,Preventiva,Mantenimiento programado (plan anual),5315.0
PAR-002534,PN-EQ-07,2027-10-11,13:00:00,2.5,Operativa,Corte de energía externo,628.0
PAR-000353,PN-EQ-01,2027-12-19,20:00:00,1.5,Operativa,Condiciones climáticas adversas,
PAR-001053,PN-EQ-04,2024-05-31,16:00:00,0.5,Correctiva,Falla mecánica - desgaste de componente,965.0
PAR-003059,PN-EQ-09,2025-12-11,13:00:00,4.7,Correctiva,Falla de lubricación,4720.0
PAR-001925,PN-EQ-06,2024-04-27,15:00:00,0.5,Correctiva,Falla de lubricación,1014.0
PAR-001592,PN-EQ-05,2025-04-04,16:00:00,4.5,Correctiva,Falla eléctrica - motor/tablero,8084.0
PAR-001857,PN-EQ-05,2027-09-05,07:00:00,10.3,Correctiva,Falla eléctrica - motor/tablero,22620.0
PAR-000383,PN-EQ-02,2024-04-30,08:00:00,6.7,Preventiva,Mantenimiento programado (plan anual),10692.0
PAR-001040,PN-EQ-04,2024-04-02,03:00:00,9.7,Correctiva,Indeterminado,16998.0
PAR-000898,PN-EQ-03,2026-07-16,17:00:00,0.5,Correctiva,Indeterminado,876.0
PAR-002639,PN-EQ-08,2025-02-02,03:00:00,3.1,Correctiva,Indeterminado,6493.0
PAR-000731,PN-EQ-03,2024-02-24,11:00:00,5.0,Preventiva,Mantenimiento programado (plan anual),6738.0
PAR-000769,PN-EQ-03,2024-09-18,04:00:00,3.5,Correctiva,Rotura de faja/correa,7029.0
PAR-002501,PN-EQ-07,2027-04-14,03:00:00,7.6,Preventiva,Mantenimiento programado (plan anual),11605.0
PAR-003381,PN-EQ-10,2025-05-26,14:00:00,9.0,Correctiva,Falla eléctrica - motor/tablero,11295.0
PAR-003291,PN-EQ-10,2024-09-18,02:00:00,2.8,Operativa,Espera de insumos (reactivos/bolas de molienda),1540.0
PAR-002028,PN-EQ-06,2025-05-23,02:00:00,4.3,Correctiva,Falla mecánica - desgaste de componente,7752.0
PAR-001946,PN-EQ-06,2024-07-25,10:00:00,2.9,Correctiva,Rotura de faja/correa,4210.0
PAR-002582,PN-EQ-08,2024-05-17,00:00:00,2.3,Operativa,Falta de mineral en cancha,1015.0
PAR-000956,PN-EQ-03,2027-04-28,12:00:00,8.1,Preventiva,Mantenimiento programado (plan anual),8614.0
PAR-000226,PN-EQ-01,2026-06-12,12:00:00,9.2,Correctiva,Falla de lubricación,8655.0
PAR-003528,PN-EQ-10,2026-07-22,01:00:00,3.0,Correctiva,Falla mecánica - desgaste de componente,4543.0
PAR-000527,PN-EQ-02,2025-10-21,13:00:00,2.1,Operativa,Condiciones climáticas adversas,1166.0
PAR-000690,PN-EQ-02,2027-08-15,00:00:00,6.5,Preventiva,Indeterminado,7873.0
PAR-001852,PN-EQ-05,2027-08-27,00:00:00,6.3,Preventiva,Mantenimiento programado (plan anual),10160.0
PAR-002103,PN-EQ-06,2026-03-22,18:00:00,2.7,Operativa,Espera de insumos (reactivos/bolas de molienda),629.0
PAR-001674,PN-EQ-05,2026-01-14,15:00:00,8.0,Correctiva,Indeterminado,7616.0
PAR-003146,PN-EQ-09,2027-02-16,14:00:00,1.3,Correctiva,Rotura de faja/correa,1575.0
PAR-001475,PN-EQ-05,2024-02-03,00:00:00,20.0,Correctiva,Falla eléctrica - motor/tablero,
PAR-000750,PN-EQ-03,2024-05-14,11:00:00,1.4,Operativa,Condiciones climáticas adversas,599.0
PAR-001582,PN-EQ-05,2025-03-01,08:00:00,4.4,Preventiva,Mantenimiento programado (plan anual),9275.0
PAR-000930,PN-EQ-03,2026-12-01,03:00:00,2.6,Operativa,Espera de insumos (reactivos/bolas de molienda),895.0
PAR-002021,PN-EQ-06,2025-04-30,04:00:00,2.2,Operativa,Espera de insumos (reactivos/bolas de molienda),1284.0
PAR-000666,PN-EQ-02,2027-04-12,03:00:00,20.0,Correctiva,Falla eléctrica - motor/tablero,36583.0
PAR-002212,PN-EQ-06,2027-04-14,04:00:00,2.3,Operativa,Espera de insumos (reactivos/bolas de molienda),982.0
PAR-000924,PN-EQ-03,2026-11-02,20:00:00,2.8,Correctiva,Falla eléctrica - motor/tablero,3032.0
PAR-002961,PN-EQ-09,2024-08-09,06:00:00,1.2,Operativa,Falta de mineral en cancha,628.0
PAR-001604,PN-EQ-05,2025-05-07,13:00:00,6.8,Correctiva,Rotura de faja/correa,7828.0
PAR-002368,PN-EQ-07,2025-07-27,01:00:00,0.5,Correctiva,Falla mecánica - desgaste de componente,
PAR-000741,PN-EQ-03,2024-04-04,07:00:00,0.7,Operativa,Condiciones climáticas adversas,315.0
PAR-001263,PN-EQ-04,2026-02-28,07:00:00,7.3,Preventiva,Mantenimiento programado (plan anual),9615.0
PAR-002860,PN-EQ-08,2027-07-03,08:00:00,6.6,Preventiva,Mantenimiento programado (plan anual),9243.0
PAR-002649,PN-EQ-08,2025-03-17,09:00:00,2.6,Correctiva,Falla de lubricación,5173.0
PAR-001614,PN-EQ-05,2025-06-07,12:00:00,2.6,Operativa,Corte de energía externo,533.0
PAR-003070,PN-EQ-09,2026-02-13,02:00:00,7.8,Preventiva,Mantenimiento programado (plan anual),7855.0
PAR-003445,PN-EQ-10,2025-12-16,15:00:00,2.3,Operativa,Espera de insumos (reactivos/bolas de molienda),998.0
PAR-000369,PN-EQ-02,2024-03-07,11:00:00,7.0,Preventiva,Mantenimiento programado (plan anual),14913.0
PAR-002918,PN-EQ-09,2024-01-09,11:00:00,0.7,Operativa,Falta de mineral en cancha,266.0
PAR-002438,PN-EQ-07,2026-07-18,05:00:00,7.6,Preventiva,Mantenimiento programado (plan anual),11202.0
PAR-001122,PN-EQ-04,2025-01-24,04:00:00,8.9,Correctiva,Atoro de mineral / obstrucción,11056.0
PAR-000944,PN-EQ-03,2027-02-07,05:00:00,0.8,Operativa,Falta de mineral en cancha,315.0
PAR-002772,PN-EQ-08,2026-06-23,06:00:00,5.6,Preventiva,Mantenimiento programado (plan anual),6975.0
PAR-001692,PN-EQ-05,2026-03-18,01:00:00,13.8,Correctiva,Falla mecánica - desgaste de componente,25641.0
PAR-001787,PN-EQ-05,2027-02-06,08:00:00,2.8,Correctiva,Falla eléctrica - motor/tablero,3282.0
PAR-000891,PN-EQ-03,2026-06-18,06:00:00,8.3,Correctiva,Falla eléctrica - motor/tablero,10670.0
PAR-001630,PN-EQ-05,2025-07-25,00:00:00,0.5,Correctiva,Falla eléctrica - motor/tablero,409.0
PAR-001935,PN-EQ-06,2024-06-14,13:00:00,5.0,Preventiva,Mantenimiento programado (plan anual),6871.0
PAR-000976,PN-EQ-03,2027-07-23,00:00:00,1.6,Correctiva,Rotura de faja/correa,2519.0
PAR-002228,PN-EQ-06,2027-07-07,06:00:00,2.6,Correctiva,Falla eléctrica - motor/tablero,4644.0
PAR-001034,PN-EQ-04,2024-03-19,06:00:00,1.5,Operativa,Indeterminado,593.0
PAR-000356,PN-EQ-01,2027-12-27,00:00:00,17.0,Correctiva,Falla de lubricación,29429.0
PAR-002016,PN-EQ-06,2025-04-16,02:00:00,2.3,Operativa,Espera de insumos (reactivos/bolas de molienda),1112.0
PAR-001772,PN-EQ-05,2026-12-01,00:00:00,20.0,Correctiva,Falla eléctrica - motor/tablero,25167.0
PAR-002034,PN-EQ-06,2025-06-15,16:00:00,6.7,Preventiva,Mantenimiento programado (plan anual),14191.0
PAR-000933,PN-EQ-03,2026-12-10,21:00:00,0.7,Operativa,Condiciones climáticas adversas,177.0
PAR-000894,PN-EQ-03,2026-07-03,08:00:00,0.8,Correctiva,Atoro de mineral / obstrucción,1442.0
PAR-001705,PN-EQ-05,2026-04-25,17:00:00,2.8,Operativa,Falta de mineral en cancha,1680.0
PAR-003027,PN-EQ-09,2025-06-21,02:00:00,6.9,Preventiva,Mantenimiento programado (plan anual),12341.0
PAR-000646,PN-EQ-02,2027-02-19,13:00:00,7.6,Correctiva,Falla de lubricación,16038.0
PAR-000873,PN-EQ-03,2026-04-15,19:00:00,2.6,Operativa,Falta de mineral en cancha,1546.0
PAR-001573,PN-EQ-05,2025-02-07,07:00:00,4.2,Preventiva,Mantenimiento programado (plan anual),8730.0
PAR-002902,PN-EQ-08,2027-11-26,04:00:00,2.9,Operativa,Falta de mineral en cancha,1405.0
PAR-001941,PN-EQ-06,2024-07-05,01:00:00,8.0,Preventiva,Mantenimiento programado (plan anual),12589.0
PAR-003370,PN-EQ-10,2025-04-28,17:00:00,2.2,Correctiva,Indeterminado,4004.0
PAR-002049,PN-EQ-06,2025-08-12,11:00:00,7.6,Preventiva,Indeterminado,8240.0
PAR-003221,PN-EQ-10,2024-01-27,00:00:00,20.0,Correctiva,Rotura de faja/correa,43212.0
PAR-001073,PN-EQ-04,2024-08-14,07:00:00,8.9,Preventiva,Mantenimiento programado (plan anual),7629.0
PAR-003276,PN-EQ-10,2024-08-01,04:00:00,8.6,Correctiva,Atoro de mineral / obstrucción,13346.0
PAR-001869,PN-EQ-05,2027-10-06,08:00:00,2.7,Correctiva,Falla eléctrica - motor/tablero,4086.0
PAR-001005,PN-EQ-03,2027-12-09,16:00:00,0.7,Correctiva,Atoro de mineral / obstrucción,605.0
PAR-000259,PN-EQ-01,2026-12-14,07:00:00,6.7,Preventiva,Mantenimiento programado (plan anual),14176.0
PAR-001196,PN-EQ-04,2025-08-11,12:00:00,6.5,Preventiva,Mantenimiento programado (plan anual),9925.0
PAR-002063,PN-EQ-06,2025-11-04,06:00:00,4.5,Preventiva,Mantenimiento programado (plan anual),6684.0
PAR-002997,PN-EQ-09,2025-02-22,14:00:00,0.5,Correctiva,Atoro de mineral / obstrucción,1098.0
PAR-001236,PN-EQ-04,2025-12-04,11:00:00,11.3,Correctiva,Atoro de mineral / obstrucción,9183.0
PAR-002297,PN-EQ-07,2024-06-26,02:00:00,6.1,Preventiva,Mantenimiento programado (plan anual),8112.0
PAR-000068,PN-EQ-01,2024-09-24,14:00:00,4.7,Preventiva,Mantenimiento programado (plan anual),8357.0
PAR-002396,PN-EQ-07,2025-12-23,05:00:00,8.5,Preventiva,Mantenimiento programado (plan anual),12074.0
PAR-003238,PN-EQ-10,2024-03-30,01:00:00,8.4,Preventiva,Mantenimiento programado (plan anual),16372.0
PAR-002229,PN-EQ-06,2027-07-10,01:00:00,18.5,Correctiva,Falla de lubricación,18257.0
PAR-002166,PN-EQ-06,2026-10-29,18:00:00,4.9,Preventiva,Mantenimiento programado (plan anual),7276.0
PAR-002693,PN-EQ-08,2025-08-31,08:00:00,0.8,Correctiva,Falla de lubricación,
PAR-000291,PN-EQ-01,2027-05-01,20:00:00,1.7,Operativa,Corte de energía externo,719.0
PAR-000725,PN-EQ-03,2024-01-22,18:00:00,0.5,Correctiva,Falla mecánica - desgaste de componente,1075.0
PAR-002253,PN-EQ-06,2027-10-20,04:00:00,7.6,Preventiva,Mantenimiento programado (plan anual),8828.0
PAR-002318,PN-EQ-07,2024-10-05,11:00:00,7.5,Correctiva,Falla eléctrica - motor/tablero,13807.0
PAR-001083,PN-EQ-04,2024-09-24,19:00:00,0.7,Operativa,Condiciones climáticas adversas,381.0
PAR-001884,PN-EQ-05,2027-11-03,14:00:00,0.5,Correctiva,Falla de lubricación,644.0
PAR-000861,PN-EQ-03,2026-02-13,19:00:00,1.3,Operativa,Indeterminado,392.0
PAR-000485,PN-EQ-02,2025-05-26,00:00:00,9.0,Preventiva,Mantenimiento programado (plan anual),
PAR-003329,PN-EQ-10,2024-12-24,12:00:00,7.5,Correctiva,Falla mecánica - desgaste de componente,9838.0
PAR-001039,PN-EQ-04,2024-03-30,12:00:00,6.0,Preventiva,Mantenimiento programado (plan anual),5334.0
PAR-000791,PN-EQ-03,2025-02-01,07:00:00,5.4,Preventiva,Indeterminado,6133.0
PAR-000107,PN-EQ-01,2025-02-04,02:00:00,2.1,Operativa,Corte de energía externo,741.0
PAR-000705,PN-EQ-02,2027-10-29,02:00:00,8.9,Preventiva,Mantenimiento programado (plan anual),17961.0
PAR-002576,PN-EQ-08,2024-04-28,06:00:00,4.1,Preventiva,Mantenimiento programado (plan anual),8486.0
PAR-000698,PN-EQ-02,2027-09-26,05:00:00,8.7,Preventiva,Mantenimiento programado (plan anual),
PAR-001102,PN-EQ-04,2024-11-14,05:00:00,17.3,Correctiva,Falla de lubricación,31323.0
PAR-001773,PN-EQ-05,2026-12-06,03:00:00,20.0,Correctiva,Falla mecánica - desgaste de componente,26697.0
PAR-003479,PN-EQ-10,2026-03-06,14:00:00,2.1,Correctiva,Falla de lubricación,4089.0
PAR-002676,PN-EQ-08,2025-07-03,14:00:00,3.2,Correctiva,Atoro de mineral / obstrucción,6864.0
PAR-000270,PN-EQ-01,2027-01-21,15:00:00,5.1,Preventiva,Mantenimiento programado (plan anual),5550.0
PAR-000170,PN-EQ-01,2025-10-25,16:00:00,5.5,Preventiva,Mantenimiento programado (plan anual),7254.0
PAR-001251,PN-EQ-04,2026-01-27,09:00:00,2.4,Operativa,Falta de mineral en cancha,988.0
PAR-001785,PN-EQ-05,2027-01-30,04:00:00,6.5,Correctiva,Rotura de faja/correa,11035.0
PAR-002428,PN-EQ-07,2026-05-25,12:00:00,5.3,Preventiva,Mantenimiento programado (plan anual),5377.0
PAR-002257,PN-EQ-06,2027-11-13,13:00:00,2.2,Operativa,Falta de mineral en cancha,484.0
PAR-000057,PN-EQ-01,2024-08-14,11:00:00,6.6,Preventiva,Mantenimiento programado (plan anual),13251.0
PAR-002373,PN-EQ-07,2025-08-17,00:00:00,2.6,Operativa,Espera de insumos (reactivos/bolas de molienda),806.0
PAR-000117,PN-EQ-01,2025-03-21,08:00:00,4.5,Preventiva,Mantenimiento programado (plan anual),4495.0
PAR-001993,PN-EQ-06,2025-01-01,00:00:00,2.5,Operativa,Corte de energía externo,1158.0
PAR-003157,PN-EQ-09,2027-04-08,12:00:00,7.1,Correctiva,Falla de lubricación,12384.0
PAR-001329,PN-EQ-04,2026-10-12,03:00:00,0.5,Correctiva,Falla de lubricación,410.0
PAR-003467,PN-EQ-10,2026-02-11,03:00:00,7.2,Correctiva,Rotura de faja/correa,15484.0
PAR-002728,PN-EQ-08,2026-01-18,10:00:00,2.3,Operativa,Condiciones climáticas adversas,940.0
PAR-003297,PN-EQ-10,2024-09-27,00:00:00,20.0,Correctiva,Indeterminado,24807.0
PAR-002194,PN-EQ-06,2027-02-23,19:00:00,0.5,Correctiva,Falla eléctrica - motor/tablero,1040.0
PAR-002247,PN-EQ-06,2027-09-11,14:00:00,2.6,Correctiva,Falla de lubricación,2532.0
PAR-001385,PN-EQ-04,2027-05-04,12:00:00,4.0,Correctiva,Atoro de mineral / obstrucción,
PAR-002468,PN-EQ-07,2026-11-18,11:00:00,8.6,Correctiva,Rotura de faja/correa,10041.0
PAR-003127,PN-EQ-09,2026-11-18,08:00:00,2.7,Correctiva,Atoro de mineral / obstrucción,4902.0
PAR-002611,PN-EQ-08,2024-09-27,02:00:00,4.0,Correctiva,Falla mecánica - desgaste de componente,3395.0
PAR-001642,PN-EQ-05,2025-09-05,13:00:00,8.6,Preventiva,Mantenimiento programado (plan anual),6931.0
PAR-002988,PN-EQ-09,2024-12-28,13:00:00,6.2,Preventiva,Mantenimiento programado (plan anual),10921.0
PAR-002628,PN-EQ-08,2024-12-10,03:00:00,8.7,Preventiva,Mantenimiento programado (plan anual),14642.0
PAR-001721,PN-EQ-05,2026-06-03,00:00:00,20.0,Correctiva,Falla eléctrica - motor/tablero,32279.0
PAR-001855,PN-EQ-05,2027-08-30,02:00:00,20.0,Correctiva,Atoro de mineral / obstrucción,37670.0
PAR-001212,PN-EQ-04,2025-09-23,16:00:00,5.9,Correctiva,Falla mecánica - desgaste de componente,9042.0
PAR-001454,PN-EQ-04,2027-11-24,13:00:00,5.7,Preventiva,Mantenimiento programado (plan anual),10899.0
PAR-002158,PN-EQ-06,2026-10-19,03:00:00,20.0,Correctiva,Falla de lubricación,39287.0
PAR-000831,PN-EQ-03,2025-08-31,17:00:00,1.7,Correctiva,Falla de lubricación,2983.0
PAR-003511,PN-EQ-10,2026-06-10,07:00:00,2.5,Operativa,Espera de insumos (reactivos/bolas de molienda),635.0
PAR-002681,PN-EQ-08,2025-07-21,10:00:00,1.0,Correctiva,Rotura de faja/correa,967.0
PAR-003374,PN-EQ-10,2025-05-09,06:00:00,13.4,Correctiva,Atoro de mineral / obstrucción,18700.0
PAR-001243,PN-EQ-04,2025-12-31,14:00:00,0.5,Correctiva,Indeterminado,706.0
PAR-000079,PN-EQ-01,2024-11-09,09:00:00,4.7,Preventiva,Mantenimiento programado (plan anual),6408.0
PAR-001543,PN-EQ-05,2024-10-20,08:00:00,8.3,Correctiva,Atoro de mineral / obstrucción,14600.0
PAR-003301,PN-EQ-10,2024-10-05,06:00:00,2.4,Operativa,Falta de mineral en cancha,543.0
PAR-002251,PN-EQ-06,2027-10-03,04:00:00,1.6,Correctiva,Atoro de mineral / obstrucción,2911.0
PAR-001639,PN-EQ-05,2025-08-28,13:00:00,0.5,Correctiva,Atoro de mineral / obstrucción,603.0
PAR-002359,PN-EQ-07,2025-05-28,01:00:00,8.2,Preventiva,Mantenimiento programado (plan anual),17709.0
PAR-003137,PN-EQ-09,2026-12-25,11:00:00,1.1,Operativa,Corte de energía externo,502.0
PAR-003192,PN-EQ-09,2027-09-15,13:00:00,6.2,Preventiva,Mantenimiento programado (plan anual),11985.0
PAR-002816,PN-EQ-08,2026-12-16,03:00:00,0.5,Correctiva,Falla mecánica - desgaste de componente,508.0
PAR-002516,PN-EQ-07,2027-07-23,14:00:00,8.4,Preventiva,Mantenimiento programado (plan anual),12733.0
PAR-003001,PN-EQ-09,2025-03-19,09:00:00,1.0,Correctiva,Falla eléctrica - motor/tablero,1830.0
PAR-002785,PN-EQ-08,2026-08-02,00:00:00,20.0,Correctiva,Falla de lubricación,28424.0
PAR-000269,PN-EQ-01,2027-01-08,02:00:00,2.1,Correctiva,Falla mecánica - desgaste de componente,3665.0
PAR-002551,PN-EQ-07,2027-12-27,07:00:00,0.5,Correctiva,Rotura de faja/correa,791.0
PAR-001975,PN-EQ-06,2024-11-03,06:00:00,2.8,Correctiva,Rotura de faja/correa,4707.0
PAR-001293,PN-EQ-04,2026-06-14,22:00:00,0.8,Operativa,Condiciones climáticas adversas,282.0
PAR-000022,PN-EQ-01,2024-03-27,19:00:00,2.0,Operativa,Espera de insumos (reactivos/bolas de molienda),
PAR-001086,PN-EQ-04,2024-09-28,02:00:00,20.0,Correctiva,Falla mecánica - desgaste de componente,22138.0
PAR-002181,PN-EQ-06,2026-12-20,07:00:00,0.9,Operativa,Falta de mineral en cancha,256.0
PAR-002096,PN-EQ-06,2026-02-26,17:00:00,5.7,Preventiva,Mantenimiento programado (plan anual),6548.0
PAR-002330,PN-EQ-07,2024-12-06,01:00:00,8.2,Preventiva,Mantenimiento programado (plan anual),7914.0
PAR-003156,PN-EQ-09,2027-04-06,15:00:00,5.7,Preventiva,Mantenimiento programado (plan anual),7884.0
PAR-001720,PN-EQ-05,2026-06-03,05:00:00,4.6,Preventiva,Mantenimiento programado (plan anual),4539.0
PAR-001336,PN-EQ-04,2026-11-02,13:00:00,4.7,Correctiva,Atoro de mineral / obstrucción,8894.0
PAR-001316,PN-EQ-04,2026-08-24,20:00:00,0.9,Operativa,Espera de insumos (reactivos/bolas de molienda),524.0
PAR-003279,PN-EQ-10,2024-08-05,20:00:00,1.5,Correctiva,Falla de lubricación,1724.0
PAR-001974,PN-EQ-06,2024-11-01,00:00:00,6.5,Preventiva,Mantenimiento programado (plan anual),11839.0
PAR-003223,PN-EQ-10,2024-01-31,01:00:00,7.0,Preventiva,Mantenimiento programado (plan anual),6932.0
PAR-003394,PN-EQ-10,2025-07-05,12:00:00,1.7,Operativa,Condiciones climáticas adversas,552.0
PAR-001489,PN-EQ-05,2024-03-28,09:00:00,5.1,Correctiva,Falla eléctrica - motor/tablero,7377.0
PAR-000237,PN-EQ-01,2026-07-28,09:00:00,6.0,Correctiva,Rotura de faja/correa,7905.0
PAR-002417,PN-EQ-07,2026-04-04,10:00:00,2.6,Correctiva,Falla de lubricación,5646.0
PAR-000885,PN-EQ-03,2026-06-06,17:00:00,2.3,Operativa,Espera de insumos (reactivos/bolas de molienda),1098.0
PAR-001615,PN-EQ-05,2025-06-14,01:00:00,20.0,Correctiva,Rotura de faja/correa,23337.0
PAR-002184,PN-EQ-06,2026-12-27,02:00:00,20.0,Correctiva,Falla de lubricación,19279.0
PAR-003539,PN-EQ-10,2026-08-23,11:00:00,5.7,Correctiva,Rotura de faja/correa,
PAR-000240,PN-EQ-01,2026-08-19,11:00:00,2.9,Operativa,Espera de insumos (reactivos/bolas de molienda),1591.0
PAR-003635,PN-EQ-10,2027-07-10,02:00:00,0.5,Correctiva,Falla mecánica - desgaste de componente,1022.0
PAR-002429,PN-EQ-07,2026-06-09,03:00:00,8.7,Preventiva,Indeterminado,17852.0
PAR-000551,PN-EQ-02,2026-01-19,17:00:00,2.0,Operativa,Corte de energía externo,499.0
PAR-002928,PN-EQ-09,2024-03-02,04:00:00,9.0,Correctiva,Rotura de faja/correa,17513.0
PAR-002625,PN-EQ-08,2024-11-29,02:00:00,2.6,Correctiva,Rotura de faja/correa,3539.0
PAR-001164,PN-EQ-04,2025-04-27,16:00:00,0.5,Correctiva,Falla de lubricación,708.0
PAR-001968,PN-EQ-06,2024-10-09,08:00:00,8.0,Preventiva,Mantenimiento programado (plan anual),8430.0
PAR-001160,PN-EQ-04,2025-04-18,05:00:00,5.1,Preventiva,Mantenimiento programado (plan anual),8638.0
PAR-000747,PN-EQ-03,2024-04-29,04:00:00,1.5,Operativa,Indeterminado,898.0
PAR-001569,PN-EQ-05,2025-01-20,06:00:00,6.1,Preventiva,Mantenimiento programado (plan anual),7765.0
PAR-003305,PN-EQ-10,2024-10-13,02:00:00,20.0,Correctiva,Rotura de faja/correa,30944.0
PAR-000563,PN-EQ-02,2026-03-18,16:00:00,7.0,Preventiva,Mantenimiento programado (plan anual),10255.0
PAR-001954,PN-EQ-06,2024-08-24,03:00:00,20.0,Correctiva,Falla eléctrica - motor/tablero,29708.0
PAR-000735,PN-EQ-03,2024-03-17,16:00:00,6.8,Correctiva,Rotura de faja/correa,11700.0
PAR-003530,PN-EQ-10,2026-07-30,13:00:00,0.7,Correctiva,Falla de lubricación,590.0
PAR-002351,PN-EQ-07,2025-03-27,11:00:00,0.5,Correctiva,Falla mecánica - desgaste de componente,862.0
PAR-003054,PN-EQ-09,2025-11-01,03:00:00,6.6,Correctiva,Rotura de faja/correa,13797.0
PAR-003575,PN-EQ-10,2026-12-17,01:00:00,11.7,Correctiva,Atoro de mineral / obstrucción,12451.0
PAR-002775,PN-EQ-08,2026-07-04,11:00:00,1.1,Operativa,Espera de insumos (reactivos/bolas de molienda),617.0
PAR-003061,PN-EQ-09,2025-12-17,18:00:00,1.1,Correctiva,Atoro de mineral / obstrucción,1542.0
PAR-003165,PN-EQ-09,2027-05-09,09:00:00,2.3,Correctiva,Rotura de faja/correa,4019.0
PAR-003464,PN-EQ-10,2026-01-30,15:00:00,6.6,Correctiva,Falla mecánica - desgaste de componente,
PAR-003455,PN-EQ-10,2026-01-11,03:00:00,10.5,Correctiva,Indeterminado,8483.0
PAR-003031,PN-EQ-09,2025-07-03,15:00:00,4.7,Correctiva,Falla mecánica - desgaste de componente,9354.0
PAR-003275,PN-EQ-10,2024-07-28,03:00:00,12.7,Correctiva,Atoro de mineral / obstrucción,27410.0
PAR-002290,PN-EQ-07,2024-04-27,08:00:00,7.0,Preventiva,Mantenimiento programado (plan anual),14602.0
PAR-001056,PN-EQ-04,2024-06-10,06:00:00,12.9,Correctiva,Falla de lubricación,20397.0
PAR-003380,PN-EQ-10,2025-05-24,08:00:00,8.8,Preventiva,Mantenimiento programado (plan anual),15550.0
PAR-001059,PN-EQ-04,2024-06-19,00:00:00,19.1,Correctiva,Falla de lubricación,30882.0
PAR-003205,PN-EQ-09,2027-11-03,08:00:00,11.3,Correctiva,Atoro de mineral / obstrucción,20560.0
PAR-001384,PN-EQ-04,2027-05-03,02:00:00,4.2,Correctiva,Falla mecánica - desgaste de componente,7308.0
PAR-003522,PN-EQ-10,2026-07-06,14:00:00,7.8,Preventiva,Mantenimiento programado (plan anual),14144.0
PAR-003554,PN-EQ-10,2026-10-17,02:00:00,1.6,Correctiva,Rotura de faja/correa,2479.0
PAR-001280,PN-EQ-04,2026-05-02,06:00:00,10.7,Correctiva,Falla eléctrica - motor/tablero,22908.0
PAR-002797,PN-EQ-08,2026-09-27,22:00:00,0.5,Correctiva,Atoro de mineral / obstrucción,
PAR-001782,PN-EQ-05,2027-01-18,07:00:00,13.1,Correctiva,Falla eléctrica - motor/tablero,23031.0
PAR-002943,PN-EQ-09,2024-05-01,17:00:00,0.7,Correctiva,Rotura de faja/correa,756.0
PAR-001123,PN-EQ-04,2025-01-26,03:00:00,20.0,Correctiva,Rotura de faja/correa,21242.0
PAR-003505,PN-EQ-10,2026-05-26,16:00:00,1.6,Operativa,Falta de mineral en cancha,917.0
PAR-002469,PN-EQ-07,2026-11-22,11:00:00,7.3,Preventiva,Mantenimiento programado (plan anual),15663.0
PAR-002341,PN-EQ-07,2025-02-05,03:00:00,5.7,Preventiva,Mantenimiento programado (plan anual),10395.0
PAR-000429,PN-EQ-02,2024-10-09,14:00:00,1.7,Correctiva,Rotura de faja/correa,2717.0
PAR-001284,PN-EQ-04,2026-05-19,08:00:00,13.1,Correctiva,Falla eléctrica - motor/tablero,22238.0
PAR-000215,PN-EQ-01,2026-04-24,06:00:00,8.7,Correctiva,Falla de lubricación,18185.0
PAR-003034,PN-EQ-09,2025-07-12,22:00:00,0.5,Correctiva,Atoro de mineral / obstrucción,842.0
PAR-003401,PN-EQ-10,2025-07-23,01:00:00,2.3,Operativa,Espera de insumos (reactivos/bolas de molienda),1280.0
PAR-002266,PN-EQ-06,2027-12-09,19:00:00,1.0,Correctiva,Rotura de faja/correa,1410.0
PAR-001171,PN-EQ-04,2025-05-13,02:00:00,12.5,Correctiva,Falla mecánica - desgaste de componente,25057.0
PAR-002427,PN-EQ-07,2026-05-22,00:00:00,2.9,Operativa,Corte de energía externo,1162.0
PAR-000228,PN-EQ-01,2026-06-15,15:00:00,7.5,Preventiva,Mantenimiento programado (plan anual),11216.0
PAR-002005,PN-EQ-06,2025-03-02,03:00:00,5.9,Correctiva,Falla eléctrica - motor/tablero,10833.0
PAR-000432,PN-EQ-02,2024-10-20,03:00:00,11.8,Correctiva,Falla de lubricación,15316.0
PAR-001295,PN-EQ-04,2026-06-18,06:00:00,6.2,Correctiva,Rotura de faja/correa,9006.0
PAR-001556,PN-EQ-05,2024-11-22,01:00:00,1.3,Correctiva,Rotura de faja/correa,2800.0
PAR-003403,PN-EQ-10,2025-07-26,01:00:00,17.7,Correctiva,Falla mecánica - desgaste de componente,37308.0
PAR-001699,PN-EQ-05,2026-04-13,11:00:00,3.6,Correctiva,Falla eléctrica - motor/tablero,3989.0
PAR-002246,PN-EQ-06,2027-09-10,08:00:00,5.9,Preventiva,Mantenimiento programado (plan anual),10329.0
PAR-001314,PN-EQ-04,2026-08-22,12:00:00,1.5,Correctiva,Falla mecánica - desgaste de componente,2613.0
PAR-002064,PN-EQ-06,2025-11-10,20:00:00,0.5,Correctiva,Rotura de faja/correa,612.0
PAR-002159,PN-EQ-06,2026-10-22,17:00:00,0.7,Correctiva,Atoro de mineral / obstrucción,758.0
PAR-001862,PN-EQ-05,2027-09-16,15:00:00,7.6,Preventiva,Mantenimiento programado (plan anual),8765.0
PAR-001951,PN-EQ-06,2024-08-17,12:00:00,2.9,Operativa,Falta de mineral en cancha,751.0
PAR-001850,PN-EQ-05,2027-08-05,13:00:00,1.4,Operativa,Corte de energía externo,624.0
PAR-001015,PN-EQ-04,2024-01-15,01:00:00,20.0,Correctiva,Rotura de faja/correa,30871.0
PAR-000993,PN-EQ-03,2027-10-09,14:00:00,5.9,Correctiva,Rotura de faja/correa,12361.0
PAR-002884,PN-EQ-08,2027-09-19,16:00:00,3.9,Correctiva,Falla de lubricación,3436.0
PAR-000230,PN-EQ-01,2026-06-28,06:00:00,1.6,Operativa,Corte de energía externo,892.0
PAR-002131,PN-EQ-06,2026-07-05,06:00:00,6.7,Correctiva,Falla mecánica - desgaste de componente,10419.0
PAR-000770,PN-EQ-03,2024-09-23,11:00:00,8.2,Preventiva,Mantenimiento programado (plan anual),15031.0
PAR-000409,PN-EQ-02,2024-08-08,13:00:00,4.4,Preventiva,Mantenimiento programado (plan anual),9242.0
PAR-003439,PN-EQ-10,2025-11-29,01:00:00,17.2,Correctiva,Falla eléctrica - motor/tablero,19023.0
PAR-000146,PN-EQ-01,2025-07-13,05:00:00,0.5,Correctiva,Falla mecánica - desgaste de componente,641.0
PAR-001784,PN-EQ-05,2027-01-26,02:00:00,4.1,Preventiva,Mantenimiento programado (plan anual),3946.0
PAR-002605,PN-EQ-08,2024-09-05,12:00:00,1.8,Correctiva,Falla de lubricación,1876.0
PAR-000906,PN-EQ-03,2026-08-25,10:00:00,2.4,Operativa,Espera de insumos (reactivos/bolas de molienda),
PAR-003289,PN-EQ-10,2024-09-06,17:00:00,5.4,Preventiva,Mantenimiento programado (plan anual),10827.0
PAR-001037,PN-EQ-04,2024-03-27,11:00:00,6.8,Correctiva,Rotura de faja/correa,12549.0
PAR-001542,PN-EQ-05,2024-10-17,14:00:00,1.6,Correctiva,Falla mecánica - desgaste de componente,3265.0
PAR-002436,PN-EQ-07,2026-07-07,19:00:00,1.7,Operativa,Falta de mineral en cancha,890.0
PAR-002532,PN-EQ-07,2027-10-01,18:00:00,2.5,Operativa,Espera de insumos (reactivos/bolas de molienda),1295.0
PAR-002091,PN-EQ-06,2026-02-11,06:00:00,0.6,Operativa,Indeterminado,156.0
PAR-001897,PN-EQ-05,2027-12-19,08:00:00,10.3,Correctiva,Falla mecánica - desgaste de componente,13084.0
PAR-003174,PN-EQ-09,2027-06-22,03:00:00,2.9,Correctiva,Falla eléctrica - motor/tablero,3813.0
PAR-000994,PN-EQ-03,2027-10-11,02:00:00,1.8,Correctiva,Falla mecánica - desgaste de componente,2219.0
PAR-001986,PN-EQ-06,2024-12-15,01:00:00,20.0,Correctiva,Atoro de mineral / obstrucción,30761.0
PAR-000436,PN-EQ-02,2024-11-03,00:00:00,2.1,Correctiva,Falla eléctrica - motor/tablero,3053.0
PAR-000258,PN-EQ-01,2026-12-09,13:00:00,1.3,Correctiva,Atoro de mineral / obstrucción,2525.0
PAR-000921,PN-EQ-03,2026-10-28,20:00:00,1.7,Operativa,Espera de insumos (reactivos/bolas de molienda),357.0
PAR-002914,PN-EQ-08,2027-12-28,15:00:00,2.3,Correctiva,Atoro de mineral / obstrucción,2702.0
PAR-000852,PN-EQ-03,2025-12-28,13:00:00,5.0,Preventiva,Mantenimiento programado (plan anual),6450.0
PAR-002732,PN-EQ-08,2026-02-01,08:00:00,7.8,Preventiva,Mantenimiento programado (plan anual),11294.0
PAR-002134,PN-EQ-06,2026-07-08,11:00:00,8.4,Preventiva,Mantenimiento programado (plan anual),13269.0
PAR-001199,PN-EQ-04,2025-08-22,00:00:00,7.1,Correctiva,Falla eléctrica - motor/tablero,5859.0
PAR-001532,PN-EQ-05,2024-09-04,01:00:00,20.0,Correctiva,Falla mecánica - desgaste de componente,26859.0
PAR-003619,PN-EQ-10,2027-05-24,20:00:00,0.8,Operativa,Condiciones climáticas adversas,377.0
PAR-001675,PN-EQ-05,2026-01-17,00:00:00,4.5,Preventiva,Mantenimiento programado (plan anual),4588.0
PAR-000932,PN-EQ-03,2026-12-09,14:00:00,5.9,Preventiva,Indeterminado,8260.0
PAR-002107,PN-EQ-06,2026-04-09,04:00:00,0.5,Correctiva,Atoro de mineral / obstrucción,422.0
PAR-001394,PN-EQ-04,2027-05-23,14:00:00,1.6,Operativa,Falta de mineral en cancha,
PAR-001847,PN-EQ-05,2027-07-30,01:00:00,1.7,Correctiva,Atoro de mineral / obstrucción,2860.0
PAR-000896,PN-EQ-03,2026-07-14,10:00:00,4.9,Preventiva,Mantenimiento programado (plan anual),5253.0
PAR-002811,PN-EQ-08,2026-12-03,09:00:00,0.5,Correctiva,Rotura de faja/correa,989.0
PAR-003007,PN-EQ-09,2025-04-03,02:00:00,6.1,Preventiva,Mantenimiento programado (plan anual),6770.0
PAR-001984,PN-EQ-06,2024-12-10,08:00:00,11.9,Correctiva,Falla mecánica - desgaste de componente,25542.0
PAR-002805,PN-EQ-08,2026-11-04,20:00:00,0.8,Correctiva,Falla mecánica - desgaste de componente,1599.0
PAR-003625,PN-EQ-10,2027-06-19,01:00:00,4.4,Correctiva,Atoro de mineral / obstrucción,
PAR-002866,PN-EQ-08,2027-07-26,03:00:00,20.0,Correctiva,Indeterminado,26273.0
PAR-001736,PN-EQ-05,2026-08-02,11:00:00,7.2,Correctiva,Atoro de mineral / obstrucción,14843.0
PAR-002112,PN-EQ-06,2026-04-24,09:00:00,9.4,Correctiva,Atoro de mineral / obstrucción,19440.0
PAR-001758,PN-EQ-05,2026-10-10,05:00:00,17.2,Correctiva,Rotura de faja/correa,21984.0
PAR-001205,PN-EQ-04,2025-09-04,13:00:00,8.7,Correctiva,Falla mecánica - desgaste de componente,12233.0
PAR-003550,PN-EQ-10,2026-09-23,01:00:00,20.0,Correctiva,Falla eléctrica - motor/tablero,42527.0
PAR-003163,PN-EQ-09,2027-05-06,01:00:00,6.0,Preventiva,Mantenimiento programado (plan anual),12219.0
PAR-000263,PN-EQ-01,2026-12-25,06:00:00,5.3,Correctiva,Falla de lubricación,6921.0
PAR-003342,PN-EQ-10,2025-02-14,09:00:00,2.5,Correctiva,Falla mecánica - desgaste de componente,2717.0
PAR-002999,PN-EQ-09,2025-02-26,03:00:00,13.2,Correctiva,Rotura de faja/correa,12892.0
PAR-003458,PN-EQ-10,2026-01-16,12:00:00,1.2,Operativa,Espera de insumos (reactivos/bolas de molienda),508.0
PAR-003331,PN-EQ-10,2024-12-30,02:00:00,1.6,Operativa,Condiciones climáticas adversas,822.0
PAR-000050,PN-EQ-01,2024-07-26,13:00:00,0.8,Operativa,Condiciones climáticas adversas,384.0
PAR-003135,PN-EQ-09,2026-12-21,03:00:00,2.5,Operativa,Condiciones climáticas adversas,1286.0
PAR-003250,PN-EQ-10,2024-05-11,04:00:00,17.8,Correctiva,Falla mecánica - desgaste de componente,34414.0
PAR-001442,PN-EQ-04,2027-10-28,02:00:00,16.8,Correctiva,Falla mecánica - desgaste de componente,30107.0
PAR-002650,PN-EQ-08,2025-03-19,02:00:00,20.0,Correctiva,Falla mecánica - desgaste de componente,40604.0
PAR-002710,PN-EQ-08,2025-11-16,08:00:00,5.7,Preventiva,Mantenimiento programado (plan anual),11307.0
PAR-000051,PN-EQ-01,2024-07-26,11:00:00,4.7,Correctiva,Falla eléctrica - motor/tablero,5462.0
PAR-002980,PN-EQ-09,2024-10-16,16:00:00,5.3,Correctiva,Falla de lubricación,11227.0
PAR-001806,PN-EQ-05,2027-04-09,00:00:00,6.4,Preventiva,Mantenimiento programado (plan anual),13619.0
PAR-001563,PN-EQ-05,2024-12-21,01:00:00,15.0,Correctiva,Falla mecánica - desgaste de componente,29155.0
PAR-002836,PN-EQ-08,2027-04-01,01:00:00,5.6,Correctiva,Falla de lubricación,
PAR-001774,PN-EQ-05,2026-12-08,13:00:00,3.0,Operativa,Corte de energía externo,922.0
PAR-003010,PN-EQ-09,2025-04-16,09:00:00,1.5,Correctiva,Falla eléctrica - motor/tablero,2302.0
PAR-000617,PN-EQ-02,2026-11-05,06:00:00,6.5,Correctiva,Rotura de faja/correa,13241.0
PAR-000204,PN-EQ-01,2026-03-10,05:00:00,5.5,Preventiva,Mantenimiento programado (plan anual),5821.0
PAR-003103,PN-EQ-09,2026-08-04,02:00:00,5.3,Preventiva,Mantenimiento programado (plan anual),10170.0
PAR-002410,PN-EQ-07,2026-02-26,10:00:00,1.7,Correctiva,Rotura de faja/correa,3078.0
PAR-001377,PN-EQ-04,2027-04-04,12:00:00,2.6,Correctiva,Falla eléctrica - motor/tablero,3813.0
PAR-002783,PN-EQ-08,2026-07-31,02:00:00,5.9,Preventiva,Mantenimiento programado (plan anual),12104.0
PAR-000954,PN-EQ-03,2027-04-13,05:00:00,1.8,Operativa,Espera de insumos (reactivos/bolas de molienda),459.0
PAR-000795,PN-EQ-03,2025-02-16,11:00:00,1.1,Operativa,Corte de energía externo,262.0
PAR-002012,PN-EQ-06,2025-04-03,00:00:00,1.3,Operativa,Condiciones climáticas adversas,548.0
PAR-000539,PN-EQ-02,2025-12-15,11:00:00,9.0,Correctiva,Falla mecánica - desgaste de componente,
PAR-001047,PN-EQ-04,2024-04-26,01:00:00,12.5,Correctiva,Rotura de faja/correa,17083.0
PAR-001739,PN-EQ-05,2026-08-06,02:00:00,20.0,Correctiva,Falla de lubricación,27195.0
PAR-003091,PN-EQ-09,2026-05-30,00:00:00,0.5,Correctiva,Falla de lubricación,945.0
PAR-003139,PN-EQ-09,2027-01-02,14:00:00,1.4,Correctiva,Rotura de faja/correa,2146.0
PAR-000767,PN-EQ-03,2024-09-03,06:00:00,5.6,Preventiva,Mantenimiento programado (plan anual),9126.0
PAR-001350,PN-EQ-04,2026-12-28,00:00:00,19.5,Correctiva,Rotura de faja/correa,23752.0
PAR-002031,PN-EQ-06,2025-05-30,20:00:00,1.6,Correctiva,Falla de lubricación,2104.0
PAR-001094,PN-EQ-04,2024-10-19,06:00:00,1.5,Operativa,Corte de energía externo,699.0
PAR-003630,PN-EQ-10,2027-06-27,08:00:00,9.0,Correctiva,Falla mecánica - desgaste de componente,13909.0
PAR-002619,PN-EQ-08,2024-11-02,10:00:00,3.1,Correctiva,Falla mecánica - desgaste de componente,3297.0
PAR-001495,PN-EQ-05,2024-04-16,00:00:00,20.0,Correctiva,Falla de lubricación,29912.0
PAR-003456,PN-EQ-10,2026-01-14,02:00:00,17.9,Correctiva,Rotura de faja/correa,36990.0
PAR-000637,PN-EQ-02,2027-02-01,11:00:00,2.0,Correctiva,Falla mecánica - desgaste de componente,3129.0
PAR-001998,PN-EQ-06,2025-01-30,01:00:00,6.5,Correctiva,Indeterminado,
PAR-003236,PN-EQ-10,2024-03-15,13:00:00,7.0,Correctiva,Falla mecánica - desgaste de componente,
PAR-001395,PN-EQ-04,2027-05-27,00:00:00,15.4,Correctiva,Falla eléctrica - motor/tablero,25197.0
PAR-000004,PN-EQ-01,2024-01-25,07:00:00,12.5,Correctiva,Falla mecánica - desgaste de componente,
PAR-002800,PN-EQ-08,2026-10-11,02:00:00,1.3,Correctiva,Falla de lubricación,1931.0
PAR-002878,PN-EQ-08,2027-09-02,00:00:00,2.3,Operativa,Condiciones climáticas adversas,1136.0
PAR-002564,PN-EQ-08,2024-03-09,02:00:00,10.6,Correctiva,Rotura de faja/correa,14405.0
PAR-001995,PN-EQ-06,2025-01-03,06:00:00,8.6,Preventiva,Mantenimiento programado (plan anual),14546.0
PAR-001099,PN-EQ-04,2024-10-30,02:00:00,6.4,Correctiva,Atoro de mineral / obstrucción,6555.0
PAR-000216,PN-EQ-01,2026-04-25,06:00:00,0.6,Operativa,Espera de insumos (reactivos/bolas de molienda),336.0
PAR-000674,PN-EQ-02,2027-05-19,08:00:00,2.0,Operativa,Corte de energía externo,744.0
PAR-000638,PN-EQ-02,2027-02-03,10:00:00,8.6,Correctiva,Indeterminado,12971.0
PAR-000206,PN-EQ-01,2026-03-27,06:00:00,7.4,Preventiva,Mantenimiento programado (plan anual),6816.0
PAR-000728,PN-EQ-03,2024-02-09,17:00:00,1.6,Operativa,Corte de energía externo,366.0
PAR-000695,PN-EQ-02,2027-09-15,14:00:00,1.1,Operativa,Corte de energía externo,554.0
PAR-003080,PN-EQ-09,2026-03-31,12:00:00,2.0,Operativa,Corte de energía externo,1172.0
PAR-002086,PN-EQ-06,2026-01-25,04:00:00,2.2,Operativa,Condiciones climáticas adversas,1096.0
PAR-002664,PN-EQ-08,2025-06-01,02:00:00,1.9,Correctiva,Atoro de mineral / obstrucción,1780.0
PAR-003319,PN-EQ-10,2024-11-25,14:00:00,5.5,Preventiva,Mantenimiento programado (plan anual),4893.0
PAR-002845,PN-EQ-08,2027-05-11,04:00:00,4.9,Correctiva,Falla eléctrica - motor/tablero,9153.0
PAR-001129,PN-EQ-04,2025-02-12,13:00:00,7.5,Correctiva,Rotura de faja/correa,8639.0
PAR-000276,PN-EQ-01,2027-02-16,04:00:00,8.7,Correctiva,Falla de lubricación,13255.0
PAR-001898,PN-EQ-05,2027-12-20,07:00:00,4.8,Correctiva,Falla eléctrica - motor/tablero,
PAR-001413,PN-EQ-04,2027-08-07,08:00:00,7.6,Preventiva,Mantenimiento programado (plan anual),12333.0
PAR-001424,PN-EQ-04,2027-09-10,04:00:00,7.3,Correctiva,Falla mecánica - desgaste de componente,11265.0
PAR-000712,PN-EQ-02,2027-11-19,02:00:00,20.0,Correctiva,Rotura de faja/correa,31306.0
PAR-002788,PN-EQ-08,2026-08-23,03:00:00,0.7,Correctiva,Falla eléctrica - motor/tablero,
PAR-003488,PN-EQ-10,2026-04-03,13:00:00,0.6,Operativa,Condiciones climáticas adversas,260.0
PAR-002981,PN-EQ-09,2024-10-23,01:00:00,7.8,Preventiva,Mantenimiento programado (plan anual),16267.0
PAR-000439,PN-EQ-02,2024-11-14,02:00:00,14.5,Correctiva,Rotura de faja/correa,13906.0
PAR-000672,PN-EQ-02,2027-05-17,07:00:00,3.0,Correctiva,Falla mecánica - desgaste de componente,2896.0
PAR-002422,PN-EQ-07,2026-04-23,11:00:00,1.3,Operativa,Condiciones climáticas adversas,767.0
PAR-003121,PN-EQ-09,2026-10-30,21:00:00,1.7,Correctiva,Falla eléctrica - motor/tablero,3142.0
PAR-000719,PN-EQ-02,2027-12-30,10:00:00,1.4,Correctiva,Rotura de faja/correa,1380.0
PAR-001193,PN-EQ-04,2025-08-06,12:00:00,4.8,Correctiva,Falla mecánica - desgaste de componente,10265.0
PAR-001839,PN-EQ-05,2027-07-09,10:00:00,7.0,Correctiva,Falla de lubricación,9941.0
PAR-003605,PN-EQ-10,2027-04-01,04:00:00,6.6,Correctiva,Atoro de mineral / obstrucción,6541.0
PAR-001134,PN-EQ-04,2025-02-18,16:00:00,5.2,Correctiva,Falla de lubricación,7907.0
PAR-003015,PN-EQ-09,2025-05-13,05:00:00,6.7,Correctiva,Falla de lubricación,7852.0
PAR-002748,PN-EQ-08,2026-03-25,15:00:00,2.7,Correctiva,Falla mecánica - desgaste de componente,4103.0
PAR-002794,PN-EQ-08,2026-09-15,11:00:00,7.0,Preventiva,Mantenimiento programado (plan anual),11058.0
PAR-002375,PN-EQ-07,2025-08-24,00:00:00,20.0,Correctiva,Falla mecánica - desgaste de componente,27969.0
PAR-001524,PN-EQ-05,2024-08-14,08:00:00,1.6,Correctiva,Falla de lubricación,1489.0
PAR-003237,PN-EQ-10,2024-03-20,09:00:00,9.7,Correctiva,Atoro de mineral / obstrucción,17641.0
PAR-000311,PN-EQ-01,2027-07-16,15:00:00,4.2,Correctiva,Rotura de faja/correa,8247.0
PAR-001587,PN-EQ-05,2025-03-13,00:00:00,20.0,Correctiva,Falla mecánica - desgaste de componente,32417.0
PAR-003098,PN-EQ-09,2026-07-12,07:00:00,1.2,Operativa,Espera de insumos (reactivos/bolas de molienda),674.0
PAR-002041,PN-EQ-06,2025-07-20,01:00:00,2.6,Operativa,Condiciones climáticas adversas,552.0
PAR-001075,PN-EQ-04,2024-08-29,11:00:00,0.9,Correctiva,Falla mecánica - desgaste de componente,820.0
PAR-001311,PN-EQ-04,2026-08-12,04:00:00,12.7,Correctiva,Rotura de faja/correa,26552.0
PAR-002069,PN-EQ-06,2025-11-23,16:00:00,2.2,Operativa,Corte de energía externo,1197.0
PAR-000950,PN-EQ-03,2027-04-01,01:00:00,0.5,Correctiva,Atoro de mineral / obstrucción,651.0
PAR-003004,PN-EQ-09,2025-03-26,13:00:00,0.6,Operativa,Condiciones climáticas adversas,242.0
PAR-003107,PN-EQ-09,2026-08-21,08:00:00,0.5,Correctiva,Falla mecánica - desgaste de componente,601.0
PAR-002958,PN-EQ-09,2024-07-10,14:00:00,5.6,Preventiva,Mantenimiento programado (plan anual),6287.0
PAR-002740,PN-EQ-08,2026-03-06,04:00:00,12.2,Correctiva,Falla mecánica - desgaste de componente,11452.0
PAR-002195,PN-EQ-06,2027-02-26,10:00:00,6.1,Correctiva,Falla eléctrica - motor/tablero,6958.0
PAR-000783,PN-EQ-03,2024-12-27,00:00:00,1.7,Operativa,Espera de insumos (reactivos/bolas de molienda),835.0
PAR-002350,PN-EQ-07,2025-03-16,04:00:00,4.3,Preventiva,Mantenimiento programado (plan anual),3956.0
PAR-002796,PN-EQ-08,2026-09-20,09:00:00,2.5,Operativa,Condiciones climáticas adversas,506.0
PAR-002457,PN-EQ-07,2026-09-27,03:00:00,1.5,Operativa,Indeterminado,717.0
PAR-001947,PN-EQ-06,2024-07-29,05:00:00,17.5,Correctiva,Falla de lubricación,35189.0
PAR-002030,PN-EQ-06,2025-05-28,13:00:00,3.0,Correctiva,Rotura de faja/correa,3230.0
PAR-003215,PN-EQ-10,2024-01-03,02:00:00,18.8,Correctiva,Rotura de faja/correa,19333.0
PAR-001114,PN-EQ-04,2024-12-23,01:00:00,2.5,Correctiva,Rotura de faja/correa,2199.0
PAR-000768,PN-EQ-03,2024-09-11,11:00:00,2.2,Operativa,Falta de mineral en cancha,802.0
PAR-002873,PN-EQ-08,2027-08-14,08:00:00,2.3,Correctiva,Falla eléctrica - motor/tablero,4580.0
PAR-002337,PN-EQ-07,2025-01-20,02:00:00,3.2,Correctiva,Falla mecánica - desgaste de componente,3986.0
PAR-002692,PN-EQ-08,2025-08-30,06:00:00,8.8,Correctiva,Atoro de mineral / obstrucción,7953.0
PAR-002217,PN-EQ-06,2027-05-13,13:00:00,2.7,Correctiva,Indeterminado,3183.0
PAR-000362,PN-EQ-02,2024-02-05,04:00:00,5.6,Preventiva,Mantenimiento programado (plan anual),6811.0
PAR-001863,PN-EQ-05,2027-09-17,17:00:00,1.7,Operativa,Espera de insumos (reactivos/bolas de molienda),601.0
PAR-001308,PN-EQ-04,2026-07-27,03:00:00,20.0,Correctiva,Falla mecánica - desgaste de componente,19738.0
PAR-001682,PN-EQ-05,2026-02-09,08:00:00,8.6,Preventiva,Mantenimiento programado (plan anual),12822.0
PAR-002234,PN-EQ-06,2027-07-22,08:00:00,5.9,Correctiva,Atoro de mineral / obstrucción,7305.0
PAR-003451,PN-EQ-10,2025-12-31,21:00:00,2.0,Correctiva,Atoro de mineral / obstrucción,1628.0
PAR-000922,PN-EQ-03,2026-10-29,12:00:00,6.1,Correctiva,Rotura de faja/correa,8079.0
PAR-000573,PN-EQ-02,2026-05-05,02:00:00,2.8,Correctiva,Rotura de faja/correa,
PAR-002062,PN-EQ-06,2025-10-21,09:00:00,6.7,Preventiva,Mantenimiento programado (plan anual),10618.0
PAR-000594,PN-EQ-02,2026-07-21,09:00:00,6.2,Correctiva,Rotura de faja/correa,9153.0
PAR-000827,PN-EQ-03,2025-08-14,02:00:00,8.2,Preventiva,Mantenimiento programado (plan anual),14759.0
PAR-000374,PN-EQ-02,2024-04-11,04:00:00,2.4,Operativa,Espera de insumos (reactivos/bolas de molienda),887.0
PAR-002550,PN-EQ-07,2027-12-26,04:00:00,10.4,Correctiva,Rotura de faja/correa,20535.0
PAR-001755,PN-EQ-05,2026-09-29,00:00:00,20.0,Correctiva,Rotura de faja/correa,36868.0
PAR-001635,PN-EQ-05,2025-08-12,11:00:00,3.4,Correctiva,Atoro de mineral / obstrucción,5095.0
PAR-003281,PN-EQ-10,2024-08-07,16:00:00,1.7,Operativa,Condiciones climáticas adversas,414.0
PAR-002898,PN-EQ-08,2027-11-13,16:00:00,4.2,Correctiva,Rotura de faja/correa,5337.0
PAR-000782,PN-EQ-03,2024-12-26,16:00:00,4.8,Preventiva,Indeterminado,6056.0
PAR-001119,PN-EQ-04,2025-01-12,04:00:00,18.4,Correctiva,Falla mecánica - desgaste de componente,30812.0
PAR-003368,PN-EQ-10,2025-04-23,00:00:00,9.1,Correctiva,Rotura de faja/correa,17172.0
PAR-002385,PN-EQ-07,2025-10-18,17:00:00,1.1,Correctiva,Rotura de faja/correa,1456.0
PAR-003388,PN-EQ-10,2025-06-21,16:00:00,0.5,Correctiva,Falla mecánica - desgaste de componente,888.0
PAR-002258,PN-EQ-06,2027-11-18,12:00:00,2.7,Correctiva,Rotura de faja/correa,3285.0
PAR-003668,PN-EQ-10,2027-10-27,04:00:00,11.7,Correctiva,Falla mecánica - desgaste de componente,13864.0
PAR-002585,PN-EQ-08,2024-05-30,01:00:00,5.5,Correctiva,Rotura de faja/correa,5817.0
PAR-002191,PN-EQ-06,2027-02-10,13:00:00,8.4,Preventiva,Mantenimiento programado (plan anual),10946.0
PAR-000145,PN-EQ-01,2025-07-08,11:00:00,2.2,Operativa,Espera de insumos (reactivos/bolas de molienda),887.0
PAR-003446,PN-EQ-10,2025-12-18,02:00:00,8.4,Correctiva,Falla mecánica - desgaste de componente,16990.0
PAR-003038,PN-EQ-09,2025-08-05,18:00:00,4.6,Correctiva,Falla eléctrica - motor/tablero,
PAR-000331,PN-EQ-01,2027-09-28,12:00:00,8.9,Preventiva,Mantenimiento programado (plan anual),13743.0
PAR-002230,PN-EQ-06,2027-07-11,18:00:00,1.4,Operativa,Falta de mineral en cancha,531.0
PAR-001577,PN-EQ-05,2025-02-20,10:00:00,12.1,Correctiva,Falla eléctrica - motor/tablero,20370.0
PAR-003302,PN-EQ-10,2024-10-06,15:00:00,1.9,Operativa,Condiciones climáticas adversas,950.0
PAR-002431,PN-EQ-07,2026-06-12,10:00:00,2.7,Operativa,Falta de mineral en cancha,823.0
PAR-002750,PN-EQ-08,2026-03-28,04:00:00,2.3,Correctiva,Falla eléctrica - motor/tablero,3377.0
PAR-000222,PN-EQ-01,2026-05-23,15:00:00,4.0,Preventiva,Mantenimiento programado (plan anual),6621.0
PAR-002327,PN-EQ-07,2024-11-08,14:00:00,1.7,Correctiva,Falla de lubricación,2978.0
PAR-003413,PN-EQ-10,2025-09-07,03:00:00,17.4,Correctiva,Falla mecánica - desgaste de componente,21684.0
PAR-001136,PN-EQ-04,2025-02-21,03:00:00,10.2,Correctiva,Falla de lubricación,19537.0
PAR-002491,PN-EQ-07,2027-03-12,01:00:00,6.3,Preventiva,Mantenimiento programado (plan anual),11074.0
PAR-002311,PN-EQ-07,2024-09-03,17:00:00,1.1,Correctiva,Atoro de mineral / obstrucción,1735.0
PAR-003101,PN-EQ-09,2026-07-23,21:00:00,0.5,Operativa,Condiciones climáticas adversas,145.0
PAR-002261,PN-EQ-06,2027-11-23,05:00:00,5.3,Preventiva,Mantenimiento programado (plan anual),10759.0
PAR-001914,PN-EQ-06,2024-03-16,13:00:00,2.3,Correctiva,Falla eléctrica - motor/tablero,1845.0
PAR-001971,PN-EQ-06,2024-10-20,06:00:00,1.8,Operativa,Falta de mineral en cancha,636.0
PAR-002248,PN-EQ-06,2027-09-13,20:00:00,2.2,Operativa,Condiciones climáticas adversas,729.0
PAR-000158,PN-EQ-01,2025-09-17,09:00:00,4.4,Correctiva,Indeterminado,8649.0
PAR-002952,PN-EQ-09,2024-06-05,06:00:00,1.3,Operativa,Falta de mineral en cancha,758.0
PAR-000032,PN-EQ-01,2024-05-03,06:00:00,4.2,Correctiva,Atoro de mineral / obstrucción,8783.0
PAR-001636,PN-EQ-05,2025-08-14,03:00:00,20.0,Correctiva,Atoro de mineral / obstrucción,
PAR-003654,PN-EQ-10,2027-09-09,05:00:00,4.6,Preventiva,Mantenimiento programado (plan anual),7450.0
PAR-002313,PN-EQ-07,2024-09-16,13:00:00,7.6,Correctiva,Falla mecánica - desgaste de componente,10580.0
PAR-001848,PN-EQ-05,2027-07-31,08:00:00,10.2,Correctiva,Atoro de mineral / obstrucción,8715.0
PAR-002038,PN-EQ-06,2025-07-04,07:00:00,14.6,Correctiva,Falla mecánica - desgaste de componente,29397.0
PAR-000039,PN-EQ-01,2024-06-03,01:00:00,7.3,Correctiva,Falla de lubricación,11636.0
PAR-001146,PN-EQ-04,2025-03-09,00:00:00,20.0,Correctiva,Atoro de mineral / obstrucción,41185.0
PAR-000608,PN-EQ-02,2026-09-19,00:00:00,8.4,Preventiva,Mantenimiento programado (plan anual),
PAR-003320,PN-EQ-10,2024-11-28,12:00:00,2.8,Correctiva,Rotura de faja/correa,3551.0
PAR-002655,PN-EQ-08,2025-04-18,07:00:00,1.9,Correctiva,Falla de lubricación,2159.0
PAR-000599,PN-EQ-02,2026-08-15,08:00:00,5.1,Preventiva,Mantenimiento programado (plan anual),7319.0
PAR-000089,PN-EQ-01,2024-12-20,02:00:00,5.1,Correctiva,Falla eléctrica - motor/tablero,10665.0
PAR-003198,PN-EQ-09,2027-10-06,10:00:00,6.3,Correctiva,Falla de lubricación,
PAR-001940,PN-EQ-06,2024-07-02,02:00:00,1.0,Correctiva,Atoro de mineral / obstrucción,1825.0
PAR-001448,PN-EQ-04,2027-11-09,09:00:00,2.6,Correctiva,Falla mecánica - desgaste de componente,3011.0
PAR-000841,PN-EQ-03,2025-10-31,03:00:00,8.1,Preventiva,Mantenimiento programado (plan anual),14152.0
PAR-002192,PN-EQ-06,2027-02-14,16:00:00,0.5,Correctiva,Atoro de mineral / obstrucción,629.0
PAR-003372,PN-EQ-10,2025-05-07,01:00:00,15.3,Correctiva,Atoro de mineral / obstrucción,20197.0
PAR-000938,PN-EQ-03,2027-01-07,01:00:00,3.5,Correctiva,Falla eléctrica - motor/tablero,4637.0
PAR-001400,PN-EQ-04,2027-06-21,11:00:00,4.6,Correctiva,Atoro de mineral / obstrucción,8323.0
PAR-000526,PN-EQ-02,2025-10-17,02:00:00,4.7,Preventiva,Mantenimiento programado (plan anual),7478.0
PAR-002453,PN-EQ-07,2026-09-12,17:00:00,4.1,Correctiva,Rotura de faja/correa,6390.0
PAR-000018,PN-EQ-01,2024-03-23,06:00:00,7.7,Preventiva,Mantenimiento programado (plan anual),16051.0
PAR-000520,PN-EQ-02,2025-09-25,02:00:00,6.1,Preventiva,Mantenimiento programado (plan anual),9947.0
PAR-003679,PN-EQ-10,2027-12-13,02:00:00,1.9,Operativa,Condiciones climáticas adversas,1013.0
PAR-003184,PN-EQ-09,2027-07-26,02:00:00,6.9,Preventiva,Mantenimiento programado (plan anual),8755.0
PAR-001952,PN-EQ-06,2024-08-19,09:00:00,2.6,Operativa,Corte de energía externo,1484.0
PAR-003229,PN-EQ-10,2024-02-24,01:00:00,7.9,Correctiva,Rotura de faja/correa,14354.0
PAR-001382,PN-EQ-04,2027-05-02,13:00:00,2.6,Operativa,Falta de mineral en cancha,764.0
PAR-000555,PN-EQ-02,2026-02-10,01:00:00,2.7,Operativa,Falta de mineral en cancha,1297.0
PAR-002716,PN-EQ-08,2025-12-07,06:00:00,10.4,Correctiva,Atoro de mineral / obstrucción,10435.0
PAR-002113,PN-EQ-06,2026-04-28,08:00:00,6.8,Preventiva,Mantenimiento programado (plan anual),
PAR-002781,PN-EQ-08,2026-07-26,21:00:00,0.5,Correctiva,Falla mecánica - desgaste de componente,404.0
PAR-003658,PN-EQ-10,2027-09-17,00:00:00,11.8,Correctiva,Falla de lubricación,24143.0
PAR-003314,PN-EQ-10,2024-11-09,07:00:00,1.0,Operativa,Falta de mineral en cancha,413.0
PAR-001844,PN-EQ-05,2027-07-22,09:00:00,2.3,Correctiva,Falla de lubricación,3199.0
PAR-001203,PN-EQ-04,2025-08-30,01:00:00,4.8,Correctiva,Falla mecánica - desgaste de componente,8889.0
PAR-002454,PN-EQ-07,2026-09-13,06:00:00,2.5,Operativa,Corte de energía externo,1183.0
PAR-002471,PN-EQ-07,2026-12-07,08:00:00,0.6,Correctiva,Falla de lubricación,759.0
PAR-003529,PN-EQ-10,2026-07-23,04:00:00,7.3,Preventiva,Mantenimiento programado (plan anual),8855.0
PAR-003257,PN-EQ-10,2024-06-05,05:00:00,16.9,Correctiva,Falla de lubricación,17607.0
PAR-003047,PN-EQ-09,2025-09-18,18:00:00,2.3,Operativa,Condiciones climáticas adversas,1370.0
PAR-000011,PN-EQ-01,2024-03-06,03:00:00,2.2,Correctiva,Rotura de faja/correa,4514.0
PAR-000119,PN-EQ-01,2025-03-24,17:00:00,1.3,Correctiva,Falla de lubricación,1722.0
PAR-001380,PN-EQ-04,2027-04-23,09:00:00,5.2,Preventiva,Mantenimiento programado (plan anual),5844.0
PAR-003426,PN-EQ-10,2025-10-26,08:00:00,7.5,Preventiva,Indeterminado,13137.0
PAR-003548,PN-EQ-10,2026-09-21,07:00:00,2.5,Operativa,Espera de insumos (reactivos/bolas de molienda),584.0
PAR-000977,PN-EQ-03,2027-07-27,04:00:00,2.3,Correctiva,Indeterminado,3154.0
PAR-001886,PN-EQ-05,2027-11-06,02:00:00,20.0,Correctiva,Falla eléctrica - motor/tablero,25715.0
PAR-000286,PN-EQ-01,2027-04-10,09:00:00,1.8,Operativa,Indeterminado,
PAR-002369,PN-EQ-07,2025-07-31,10:00:00,7.0,Preventiva,Mantenimiento programado (plan anual),7819.0
PAR-000046,PN-EQ-01,2024-07-04,03:00:00,15.8,Correctiva,Indeterminado,25338.0
PAR-003673,PN-EQ-10,2027-11-11,15:00:00,5.4,Correctiva,Rotura de faja/correa,10159.0
PAR-001929,PN-EQ-06,2024-05-14,11:00:00,8.0,Correctiva,Falla de lubricación,14109.0
PAR-002015,PN-EQ-06,2025-04-11,04:00:00,9.0,Correctiva,Falla mecánica - desgaste de componente,12894.0
PAR-000339,PN-EQ-01,2027-10-21,08:00:00,7.0,Correctiva,Rotura de faja/correa,14392.0
PAR-003442,PN-EQ-10,2025-12-06,00:00:00,20.0,Correctiva,Falla eléctrica - motor/tablero,33726.0
PAR-001991,PN-EQ-06,2024-12-29,11:00:00,10.3,Correctiva,Falla eléctrica - motor/tablero,16635.0
PAR-000264,PN-EQ-01,2026-12-26,04:00:00,8.8,Correctiva,Falla mecánica - desgaste de componente,14717.0
PAR-000043,PN-EQ-01,2024-06-19,17:00:00,1.2,Correctiva,Atoro de mineral / obstrucción,2607.0
PAR-003563,PN-EQ-10,2026-11-07,11:00:00,2.3,Operativa,Falta de mineral en cancha,1162.0
PAR-001644,PN-EQ-05,2025-09-12,01:00:00,20.0,Correctiva,Falla mecánica - desgaste de componente,37468.0
PAR-001509,PN-EQ-05,2024-06-16,13:00:00,0.8,Operativa,Espera de insumos (reactivos/bolas de molienda),349.0
PAR-002315,PN-EQ-07,2024-09-27,05:00:00,0.5,Correctiva,Rotura de faja/correa,1073.0
PAR-000147,PN-EQ-01,2025-07-24,18:00:00,2.8,Correctiva,Falla eléctrica - motor/tablero,5159.0
PAR-002713,PN-EQ-08,2025-11-29,01:00:00,11.6,Correctiva,Rotura de faja/correa,25226.0
PAR-000433,PN-EQ-02,2024-10-22,04:00:00,8.0,Correctiva,Falla eléctrica - motor/tablero,8958.0
PAR-002416,PN-EQ-07,2026-04-02,03:00:00,0.5,Correctiva,Indeterminado,650.0
PAR-002851,PN-EQ-08,2027-05-31,00:00:00,1.4,Operativa,Falta de mineral en cancha,542.0
PAR-001766,PN-EQ-05,2026-11-10,05:00:00,4.9,Correctiva,Falla de lubricación,9247.0
PAR-002379,PN-EQ-07,2025-09-23,10:00:00,10.0,Correctiva,Atoro de mineral / obstrucción,14159.0
PAR-000609,PN-EQ-02,2026-09-30,07:00:00,1.5,Operativa,Corte de energía externo,646.0
PAR-003196,PN-EQ-09,2027-10-03,03:00:00,4.8,Correctiva,Falla eléctrica - motor/tablero,4832.0
PAR-002665,PN-EQ-08,2025-06-02,11:00:00,2.0,Correctiva,Indeterminado,3502.0
PAR-001057,PN-EQ-04,2024-06-12,02:00:00,7.2,Preventiva,Mantenimiento programado (plan anual),6356.0
PAR-002857,PN-EQ-08,2027-06-23,00:00:00,1.9,Operativa,Condiciones climáticas adversas,447.0
PAR-001117,PN-EQ-04,2025-01-04,04:00:00,17.8,Correctiva,Falla mecánica - desgaste de componente,31620.0
PAR-002723,PN-EQ-08,2025-12-28,10:00:00,5.8,Correctiva,Falla de lubricación,9212.0
PAR-001101,PN-EQ-04,2024-11-06,03:00:00,0.7,Correctiva,Atoro de mineral / obstrucción,563.0
PAR-000444,PN-EQ-02,2024-12-13,17:00:00,2.5,Operativa,Condiciones climáticas adversas,1351.0
PAR-001238,PN-EQ-04,2025-12-10,10:00:00,8.8,Preventiva,Mantenimiento programado (plan anual),10523.0
PAR-002142,PN-EQ-06,2026-08-11,00:00:00,20.0,Correctiva,Rotura de faja/correa,30888.0
PAR-002846,PN-EQ-08,2027-05-14,05:00:00,3.9,Correctiva,Atoro de mineral / obstrucción,3858.0
PAR-003008,PN-EQ-09,2025-04-05,19:00:00,1.2,Correctiva,Rotura de faja/correa,1764.0
PAR-002342,PN-EQ-07,2025-02-06,10:00:00,2.8,Operativa,Espera de insumos (reactivos/bolas de molienda),
PAR-000458,PN-EQ-02,2025-01-27,12:00:00,5.0,Correctiva,Atoro de mineral / obstrucción,
PAR-002602,PN-EQ-08,2024-08-25,00:00:00,1.4,Operativa,Falta de mineral en cancha,514.0
PAR-003077,PN-EQ-09,2026-03-11,07:00:00,8.5,Correctiva,Rotura de faja/correa,6890.0
PAR-001934,PN-EQ-06,2024-06-13,17:00:00,3.7,Correctiva,Falla eléctrica - motor/tablero,4957.0
PAR-002124,PN-EQ-06,2026-06-03,02:00:00,2.6,Operativa,Corte de energía externo,1168.0
PAR-000902,PN-EQ-03,2026-08-04,09:00:00,2.2,Operativa,Corte de energía externo,1276.0
PAR-002685,PN-EQ-08,2025-08-07,17:00:00,0.5,Correctiva,Falla eléctrica - motor/tablero,950.0
PAR-002071,PN-EQ-06,2025-11-28,03:00:00,2.0,Correctiva,Falla eléctrica - motor/tablero,4079.0
PAR-000070,PN-EQ-01,2024-10-02,09:00:00,4.9,Correctiva,Atoro de mineral / obstrucción,4000.0
PAR-000066,PN-EQ-01,2024-09-20,15:00:00,2.4,Operativa,Falta de mineral en cancha,1120.0
PAR-003521,PN-EQ-10,2026-07-04,18:00:00,0.5,Correctiva,Falla eléctrica - motor/tablero,834.0
PAR-001366,PN-EQ-04,2027-02-16,17:00:00,5.8,Preventiva,Mantenimiento programado (plan anual),10004.0
PAR-003225,PN-EQ-10,2024-02-04,14:00:00,6.0,Correctiva,Falla mecánica - desgaste de componente,8887.0
PAR-001981,PN-EQ-06,2024-11-20,08:00:00,2.0,Operativa,Corte de energía externo,1074.0
PAR-000496,PN-EQ-02,2025-07-03,10:00:00,9.8,Correctiva,Falla mecánica - desgaste de componente,19994.0
PAR-000744,PN-EQ-03,2024-04-17,10:00:00,0.9,Correctiva,Atoro de mineral / obstrucción,1922.0
PAR-000012,PN-EQ-01,2024-03-07,10:00:00,7.9,Preventiva,Mantenimiento programado (plan anual),11041.0
PAR-001965,PN-EQ-06,2024-09-20,11:00:00,1.1,Correctiva,Atoro de mineral / obstrucción,2234.0
PAR-000996,PN-EQ-03,2027-10-19,10:00:00,5.0,Correctiva,Atoro de mineral / obstrucción,9832.0
PAR-003325,PN-EQ-10,2024-12-12,08:00:00,3.4,Correctiva,Rotura de faja/correa,3587.0
PAR-001522,PN-EQ-05,2024-08-08,15:00:00,3.0,Correctiva,Atoro de mineral / obstrucción,5567.0
PAR-002371,PN-EQ-07,2025-08-03,12:00:00,1.4,Correctiva,Falla eléctrica - motor/tablero,2809.0
PAR-000679,PN-EQ-02,2027-06-25,12:00:00,4.2,Preventiva,Mantenimiento programado (plan anual),8021.0
PAR-000756,PN-EQ-03,2024-06-28,14:00:00,1.5,Operativa,Corte de energía externo,386.0
PAR-003597,PN-EQ-10,2027-03-09,03:00:00,8.3,Preventiva,Mantenimiento programado (plan anual),10414.0
PAR-001249,PN-EQ-04,2026-01-19,09:00:00,4.5,Correctiva,Falla eléctrica - motor/tablero,7911.0
PAR-000080,PN-EQ-01,2024-11-15,14:00:00,1.2,Correctiva,Rotura de faja/correa,1136.0
PAR-001479,PN-EQ-05,2024-02-22,05:00:00,8.7,Preventiva,Mantenimiento programado (plan anual),15444.0
PAR-001211,PN-EQ-04,2025-09-22,11:00:00,3.6,Correctiva,Rotura de faja/correa,3797.0
PAR-001268,PN-EQ-04,2026-03-13,04:00:00,10.2,Correctiva,Rotura de faja/correa,21779.0
PAR-001038,PN-EQ-04,2024-03-28,02:00:00,16.5,Correctiva,Falla de lubricación,33189.0
PAR-002312,PN-EQ-07,2024-09-14,04:00:00,7.1,Preventiva,Mantenimiento programado (plan anual),9274.0
PAR-001028,PN-EQ-04,2024-03-02,07:00:00,0.7,Correctiva,Rotura de faja/correa,1516.0
PAR-002833,PN-EQ-08,2027-03-13,06:00:00,5.5,Correctiva,Atoro de mineral / obstrucción,6087.0
PAR-000900,PN-EQ-03,2026-07-31,03:00:00,4.4,Preventiva,Mantenimiento programado (plan anual),6098.0
PAR-002105,PN-EQ-06,2026-04-03,14:00:00,2.6,Operativa,Condiciones climáticas adversas,1127.0
PAR-000075,PN-EQ-01,2024-10-26,03:00:00,5.3,Preventiva,Mantenimiento programado (plan anual),4972.0
PAR-002553,PN-EQ-08,2024-01-11,05:00:00,2.6,Correctiva,Rotura de faja/correa,2558.0
PAR-002986,PN-EQ-09,2024-12-12,12:00:00,5.1,Preventiva,Mantenimiento programado (plan anual),4231.0
PAR-002973,PN-EQ-09,2024-09-20,05:00:00,10.2,Correctiva,Falla eléctrica - motor/tablero,22282.0
PAR-003392,PN-EQ-10,2025-07-02,06:00:00,16.5,Correctiva,Rotura de faja/correa,22511.0
PAR-003009,PN-EQ-09,2025-04-14,15:00:00,1.2,Operativa,Espera de insumos (reactivos/bolas de molienda),612.0
PAR-001260,PN-EQ-04,2026-02-21,01:00:00,20.0,Correctiva,Falla mecánica - desgaste de componente,21022.0
PAR-001201,PN-EQ-04,2025-08-25,13:00:00,5.5,Preventiva,Mantenimiento programado (plan anual),
PAR-002231,PN-EQ-06,2027-07-12,01:00:00,6.5,Preventiva,Mantenimiento programado (plan anual),9579.0
PAR-001895,PN-EQ-05,2027-12-15,21:00:00,1.8,Operativa,Corte de energía externo,367.0
PAR-000561,PN-EQ-02,2026-03-01,04:00:00,7.9,Preventiva,Mantenimiento programado (plan anual),9739.0
PAR-003514,PN-EQ-10,2026-06-13,05:00:00,7.5,Correctiva,Falla de lubricación,13391.0
PAR-000072,PN-EQ-01,2024-10-09,01:00:00,5.4,Preventiva,Mantenimiento programado (plan anual),11784.0
PAR-000970,PN-EQ-03,2027-06-29,18:00:00,4.6,Preventiva,Mantenimiento programado (plan anual),6928.0
PAR-002177,PN-EQ-06,2026-11-28,04:00:00,2.7,Operativa,Espera de insumos (reactivos/bolas de molienda),1209.0
PAR-000293,PN-EQ-01,2027-05-13,15:00:00,1.8,Operativa,Corte de energía externo,543.0
PAR-003283,PN-EQ-10,2024-08-17,05:00:00,4.4,Preventiva,Mantenimiento programado (plan anual),8977.0
PAR-002707,PN-EQ-08,2025-11-05,11:00:00,10.4,Correctiva,Falla eléctrica - motor/tablero,18774.0
PAR-001876,PN-EQ-05,2027-10-17,03:00:00,0.5,Correctiva,Falla eléctrica - motor/tablero,549.0
PAR-001718,PN-EQ-05,2026-05-27,02:00:00,17.5,Correctiva,Rotura de faja/correa,24428.0
PAR-000857,PN-EQ-03,2026-01-16,07:00:00,8.9,Preventiva,Mantenimiento programado (plan anual),19433.0
PAR-002544,PN-EQ-07,2027-11-28,16:00:00,4.2,Preventiva,Mantenimiento programado (plan anual),
PAR-003497,PN-EQ-10,2026-05-02,04:00:00,1.3,Correctiva,Falla mecánica - desgaste de componente,1693.0
PAR-002319,PN-EQ-07,2024-10-10,07:00:00,1.7,Operativa,Espera de insumos (reactivos/bolas de molienda),363.0
PAR-003324,PN-EQ-10,2024-12-11,00:00:00,6.8,Preventiva,Mantenimiento programado (plan anual),14515.0
PAR-002568,PN-EQ-08,2024-03-24,06:00:00,2.1,Operativa,Espera de insumos (reactivos/bolas de molienda),1015.0
PAR-003356,PN-EQ-10,2025-03-19,08:00:00,4.2,Correctiva,Falla eléctrica - motor/tablero,7634.0
PAR-003376,PN-EQ-10,2025-05-11,00:00:00,1.4,Operativa,Corte de energía externo,345.0
PAR-000818,PN-EQ-03,2025-05-31,20:00:00,2.4,Correctiva,Falla mecánica - desgaste de componente,2088.0
PAR-002259,PN-EQ-06,2027-11-19,06:00:00,8.3,Correctiva,Falla mecánica - desgaste de componente,9957.0
PAR-003447,PN-EQ-10,2025-12-20,01:00:00,18.1,Correctiva,Falla de lubricación,31962.0
PAR-000762,PN-EQ-03,2024-08-11,05:00:00,13.6,Correctiva,Falla eléctrica - motor/tablero,26532.0
PAR-000951,PN-EQ-03,2027-04-04,20:00:00,0.6,Operativa,Condiciones climáticas adversas,259.0
PAR-003224,PN-EQ-10,2024-02-01,09:00:00,11.3,Correctiva,Falla de lubricación,22625.0
PAR-000832,PN-EQ-03,2025-09-06,08:00:00,9.7,Correctiva,Falla de lubricación,14230.0
PAR-002070,PN-EQ-06,2025-11-27,15:00:00,7.5,Preventiva,Mantenimiento programado (plan anual),14493.0
PAR-000231,PN-EQ-01,2026-07-04,07:00:00,4.8,Preventiva,Mantenimiento programado (plan anual),4366.0
PAR-000869,PN-EQ-03,2026-03-20,01:00:00,1.9,Operativa,Condiciones climáticas adversas,747.0
PAR-003596,PN-EQ-10,2027-03-01,12:00:00,2.5,Correctiva,Falla mecánica - desgaste de componente,5022.0
PAR-000961,PN-EQ-03,2027-05-18,15:00:00,6.6,Preventiva,Mantenimiento programado (plan anual),8714.0
PAR-002115,PN-EQ-06,2026-05-06,03:00:00,20.0,Correctiva,Falla de lubricación,31710.0
PAR-001900,PN-EQ-05,2027-12-27,01:00:00,2.7,Operativa,Espera de insumos (reactivos/bolas de molienda),1557.0
PAR-001681,PN-EQ-05,2026-02-07,10:00:00,12.7,Correctiva,Falla eléctrica - motor/tablero,22761.0
PAR-001870,PN-EQ-05,2027-10-10,10:00:00,2.5,Correctiva,Rotura de faja/correa,2884.0
PAR-003377,PN-EQ-10,2025-05-12,00:00:00,20.0,Correctiva,Atoro de mineral / obstrucción,32261.0
PAR-003306,PN-EQ-10,2024-10-16,06:00:00,11.6,Correctiva,Atoro de mineral / obstrucción,24541.0
PAR-000129,PN-EQ-01,2025-05-11,14:00:00,5.7,Correctiva,Falla mecánica - desgaste de componente,10662.0
PAR-000389,PN-EQ-02,2024-05-16,17:00:00,2.2,Operativa,Falta de mineral en cancha,842.0
PAR-002153,PN-EQ-06,2026-09-22,00:00:00,5.2,Preventiva,Mantenimiento programado (plan anual),5095.0
PAR-002662,PN-EQ-08,2025-05-24,00:00:00,3.1,Correctiva,Falla mecánica - desgaste de componente,3482.0
PAR-001982,PN-EQ-06,2024-11-24,03:00:00,20.0,Correctiva,Falla mecánica - desgaste de componente,26905.0
PAR-001247,PN-EQ-04,2026-01-12,05:00:00,8.2,Correctiva,Falla mecánica - desgaste de componente,11350.0
PAR-000451,PN-EQ-02,2024-12-30,05:00:00,2.3,Correctiva,Falla eléctrica - motor/tablero,2376.0
PAR-003585,PN-EQ-10,2027-01-10,07:00:00,7.6,Preventiva,Mantenimiento programado (plan anual),9721.0
PAR-001108,PN-EQ-04,2024-12-10,19:00:00,0.9,Operativa,Condiciones climáticas adversas,324.0
PAR-000227,PN-EQ-01,2026-06-14,17:00:00,2.5,Operativa,Corte de energía externo,1140.0
PAR-001775,PN-EQ-05,2026-12-12,01:00:00,8.0,Preventiva,Mantenimiento programado (plan anual),14551.0
PAR-002160,PN-EQ-06,2026-10-23,15:00:00,7.8,Correctiva,Falla eléctrica - motor/tablero,15030.0
PAR-001711,PN-EQ-05,2026-05-08,01:00:00,20.0,Correctiva,Falla mecánica - desgaste de componente,18594.0
PAR-000095,PN-EQ-01,2025-01-01,02:00:00,8.6,Preventiva,Mantenimiento programado (plan anual),8748.0
PAR-002486,PN-EQ-07,2027-02-13,16:00:00,6.3,Correctiva,Falla mecánica - desgaste de componente,9439.0
PAR-000499,PN-EQ-02,2025-07-19,00:00:00,1.1,Operativa,Indeterminado,380.0
PAR-000142,PN-EQ-01,2025-07-01,00:00:00,7.7,Correctiva,Rotura de faja/correa,12473.0
PAR-001484,PN-EQ-05,2024-03-10,06:00:00,7.7,Preventiva,Mantenimiento programado (plan anual),16439.0
PAR-003293,PN-EQ-10,2024-09-20,17:00:00,1.8,Operativa,Espera de insumos (reactivos/bolas de molienda),892.0
PAR-002388,PN-EQ-07,2025-11-05,02:00:00,0.6,Operativa,Falta de mineral en cancha,343.0
PAR-002574,PN-EQ-08,2024-04-20,02:00:00,3.0,Operativa,Corte de energía externo,772.0
PAR-003398,PN-EQ-10,2025-07-15,17:00:00,2.1,Operativa,Espera de insumos (reactivos/bolas de molienda),1073.0
PAR-003662,PN-EQ-10,2027-10-04,10:00:00,2.1,Operativa,Falta de mineral en cancha,1094.0
PAR-003227,PN-EQ-10,2024-02-19,00:00:00,2.9,Correctiva,Falla eléctrica - motor/tablero,4443.0
PAR-000031,PN-EQ-01,2024-05-02,08:00:00,6.3,Preventiva,Mantenimiento programado (plan anual),5597.0
PAR-002512,PN-EQ-07,2027-06-18,01:00:00,7.9,Preventiva,Mantenimiento programado (plan anual),14505.0
PAR-003014,PN-EQ-09,2025-05-11,02:00:00,1.2,Correctiva,Falla mecánica - desgaste de componente,1447.0
PAR-000007,PN-EQ-01,2024-01-31,14:00:00,1.5,Operativa,Indeterminado,447.0
PAR-001354,PN-EQ-04,2027-01-13,03:00:00,19.2,Correctiva,Falla mecánica - desgaste de componente,28911.0
PAR-000642,PN-EQ-02,2027-02-08,17:00:00,2.7,Correctiva,Atoro de mineral / obstrucción,4159.0
PAR-000686,PN-EQ-02,2027-07-31,18:00:00,0.8,Operativa,Condiciones climáticas adversas,428.0
PAR-002829,PN-EQ-08,2027-02-15,16:00:00,0.7,Operativa,Condiciones climáticas adversas,199.0
PAR-000780,PN-EQ-03,2024-12-15,00:00:00,8.6,Correctiva,Falla de lubricación,10232.0
PAR-000176,PN-EQ-01,2025-11-25,20:00:00,2.2,Operativa,Espera de insumos (reactivos/bolas de molienda),872.0
PAR-001175,PN-EQ-04,2025-05-26,15:00:00,1.9,Operativa,Indeterminado,
PAR-003541,PN-EQ-10,2026-09-01,00:00:00,4.4,Preventiva,Mantenimiento programado (plan anual),
PAR-000872,PN-EQ-03,2026-03-29,00:00:00,3.0,Operativa,Condiciones climáticas adversas,1042.0
PAR-002589,PN-EQ-08,2024-06-21,00:00:00,5.6,Preventiva,Mantenimiento programado (plan anual),6177.0
PAR-002962,PN-EQ-09,2024-08-10,00:00:00,1.2,Correctiva,Falla mecánica - desgaste de componente,2165.0
PAR-001653,PN-EQ-05,2025-10-29,08:00:00,14.3,Correctiva,Falla mecánica - desgaste de componente,27706.0
PAR-002538,PN-EQ-07,2027-11-03,00:00:00,6.6,Correctiva,Rotura de faja/correa,5395.0
PAR-001430,PN-EQ-04,2027-09-21,14:00:00,8.7,Correctiva,Atoro de mineral / obstrucción,12363.0
PAR-003486,PN-EQ-10,2026-03-26,11:00:00,6.7,Correctiva,Atoro de mineral / obstrucción,6050.0
PAR-003188,PN-EQ-09,2027-08-23,14:00:00,5.4,Correctiva,Indeterminado,9088.0
PAR-000967,PN-EQ-03,2027-06-07,10:00:00,2.8,Operativa,Falta de mineral en cancha,1538.0
PAR-003637,PN-EQ-10,2027-07-18,02:00:00,4.4,Correctiva,Rotura de faja/correa,8475.0
PAR-002761,PN-EQ-08,2026-05-08,10:00:00,0.6,Correctiva,Falla eléctrica - motor/tablero,1093.0
PAR-003002,PN-EQ-09,2025-03-20,01:00:00,20.0,Correctiva,Falla de lubricación,39514.0
PAR-000388,PN-EQ-02,2024-05-12,09:00:00,2.0,Operativa,Espera de insumos (reactivos/bolas de molienda),905.0
PAR-000452,PN-EQ-02,2025-01-02,04:00:00,4.1,Correctiva,Rotura de faja/correa,4610.0
PAR-003396,PN-EQ-10,2025-07-08,00:00:00,20.0,Correctiva,Falla de lubricación,16879.0
PAR-000220,PN-EQ-01,2026-05-14,19:00:00,2.2,Operativa,Corte de energía externo,953.0
PAR-002237,PN-EQ-06,2027-07-30,04:00:00,5.3,Preventiva,Mantenimiento programado (plan anual),10116.0
PAR-001408,PN-EQ-04,2027-07-17,03:00:00,18.6,Correctiva,Falla de lubricación,34047.0
PAR-001525,PN-EQ-05,2024-08-15,05:00:00,2.7,Operativa,Espera de insumos (reactivos/bolas de molienda),1062.0
PAR-001088,PN-EQ-04,2024-10-05,01:00:00,10.8,Correctiva,Atoro de mineral / obstrucción,
PAR-002682,PN-EQ-08,2025-07-23,14:00:00,4.7,Correctiva,Falla de lubricación,4756.0
PAR-000813,PN-EQ-03,2025-05-10,03:00:00,2.2,Operativa,Espera de insumos (reactivos/bolas de molienda),1175.0
PAR-001878,PN-EQ-05,2027-10-24,11:00:00,0.8,Operativa,Condiciones climáticas adversas,372.0
PAR-001403,PN-EQ-04,2027-06-28,03:00:00,2.6,Correctiva,Falla de lubricación,2983.0
PAR-002046,PN-EQ-06,2025-07-31,19:00:00,1.6,Operativa,Condiciones climáticas adversas,805.0
PAR-003170,PN-EQ-09,2027-05-23,06:00:00,2.7,Correctiva,Rotura de faja/correa,2793.0
PAR-001152,PN-EQ-04,2025-03-24,03:00:00,9.9,Correctiva,Atoro de mineral / obstrucción,11990.0
PAR-001580,PN-EQ-05,2025-02-23,10:00:00,10.5,Correctiva,Falla eléctrica - motor/tablero,20365.0
PAR-000564,PN-EQ-02,2026-03-20,00:00:00,16.8,Correctiva,Falla eléctrica - motor/tablero,33435.0
PAR-002651,PN-EQ-08,2025-03-21,18:00:00,4.7,Preventiva,Mantenimiento programado (plan anual),9654.0
PAR-000365,PN-EQ-02,2024-02-20,06:00:00,13.4,Correctiva,Falla eléctrica - motor/tablero,16015.0
PAR-000341,PN-EQ-01,2027-11-02,01:00:00,3.9,Correctiva,Falla mecánica - desgaste de componente,4905.0
PAR-001574,PN-EQ-05,2025-02-10,03:00:00,20.0,Correctiva,Rotura de faja/correa,41048.0
PAR-000850,PN-EQ-03,2025-12-19,11:00:00,0.7,Operativa,Falta de mineral en cancha,302.0
PAR-000739,PN-EQ-03,2024-04-01,08:00:00,2.6,Operativa,Corte de energía externo,818.0
PAR-002439,PN-EQ-07,2026-07-22,09:00:00,4.2,Correctiva,Falla de lubricación,5904.0
PAR-003389,PN-EQ-10,2025-06-22,00:00:00,12.2,Correctiva,Falla eléctrica - motor/tablero,20330.0
PAR-001197,PN-EQ-04,2025-08-14,14:00:00,3.0,Operativa,Falta de mineral en cancha,1566.0
PAR-001440,PN-EQ-04,2027-10-22,03:00:00,11.9,Correctiva,Falla eléctrica - motor/tablero,22471.0
PAR-000737,PN-EQ-03,2024-03-19,01:00:00,1.6,Operativa,Condiciones climáticas adversas,610.0
PAR-000448,PN-EQ-02,2024-12-20,05:00:00,8.8,Preventiva,Mantenimiento programado (plan anual),17321.0
PAR-002380,PN-EQ-07,2025-09-24,02:00:00,4.3,Preventiva,Mantenimiento programado (plan anual),6777.0
PAR-003642,PN-EQ-10,2027-07-28,00:00:00,20.0,Correctiva,Falla eléctrica - motor/tablero,38032.0
PAR-001601,PN-EQ-05,2025-05-01,01:00:00,20.0,Correctiva,Falla mecánica - desgaste de componente,39089.0
PAR-002157,PN-EQ-06,2026-10-13,18:00:00,2.5,Correctiva,Atoro de mineral / obstrucción,3339.0
PAR-001714,PN-EQ-05,2026-05-17,19:00:00,0.5,Operativa,Espera de insumos (reactivos/bolas de molienda),214.0
PAR-000806,PN-EQ-03,2025-04-14,00:00:00,1.4,Correctiva,Atoro de mineral / obstrucción,2146.0
PAR-000886,PN-EQ-03,2026-06-09,15:00:00,2.6,Operativa,Corte de energía externo,962.0
PAR-003661,PN-EQ-10,2027-10-03,17:00:00,2.9,Operativa,Corte de energía externo,623.0
PAR-000423,PN-EQ-02,2024-09-24,03:00:00,15.7,Correctiva,Atoro de mineral / obstrucción,32252.0
PAR-000456,PN-EQ-02,2025-01-24,05:00:00,4.1,Preventiva,Mantenimiento programado (plan anual),6537.0
PAR-001399,PN-EQ-04,2027-06-14,04:00:00,6.1,Preventiva,Mantenimiento programado (plan anual),10433.0
PAR-003452,PN-EQ-10,2026-01-03,07:00:00,0.9,Correctiva,Falla de lubricación,1213.0
PAR-002552,PN-EQ-08,2024-01-09,09:00:00,0.8,Correctiva,Falla de lubricación,1454.0
PAR-000300,PN-EQ-01,2027-05-30,02:00:00,20.0,Correctiva,Falla eléctrica - motor/tablero,33739.0
PAR-003549,PN-EQ-10,2026-09-21,00:00:00,20.0,Correctiva,Falla eléctrica - motor/tablero,32950.0
PAR-003473,PN-EQ-10,2026-02-22,11:00:00,1.2,Operativa,Falta de mineral en cancha,453.0
PAR-003099,PN-EQ-09,2026-07-15,02:00:00,7.5,Preventiva,Mantenimiento programado (plan anual),9939.0
PAR-001572,PN-EQ-05,2025-02-06,10:00:00,2.5,Operativa,Espera de insumos (reactivos/bolas de molienda),920.0
PAR-000387,PN-EQ-02,2024-05-10,09:00:00,1.0,Correctiva,Falla eléctrica - motor/tablero,1496.0
PAR-003013,PN-EQ-09,2025-05-05,12:00:00,6.3,Preventiva,Mantenimiento programado (plan anual),7251.0
PAR-002094,PN-EQ-06,2026-02-24,13:00:00,1.2,Correctiva,Falla eléctrica - motor/tablero,1220.0
PAR-003443,PN-EQ-10,2025-12-07,08:00:00,4.1,Preventiva,Mantenimiento programado (plan anual),4868.0
PAR-003566,PN-EQ-10,2026-11-17,04:00:00,10.3,Correctiva,Falla mecánica - desgaste de componente,11504.0
PAR-003647,PN-EQ-10,2027-08-15,16:00:00,1.1,Operativa,Condiciones climáticas adversas,442.0
PAR-000916,PN-EQ-03,2026-10-19,10:00:00,1.7,Operativa,Falta de mineral en cancha,602.0
PAR-000792,PN-EQ-03,2025-02-08,21:00:00,1.5,Operativa,Espera de insumos (reactivos/bolas de molienda),389.0
PAR-000888,PN-EQ-03,2026-06-13,15:00:00,2.0,Operativa,Condiciones climáticas adversas,942.0
PAR-000866,PN-EQ-03,2026-03-01,19:00:00,2.8,Operativa,Espera de insumos (reactivos/bolas de molienda),1035.0
PAR-003453,PN-EQ-10,2026-01-06,10:00:00,11.6,Correctiva,Falla eléctrica - motor/tablero,11274.0
PAR-001355,PN-EQ-04,2027-01-14,07:00:00,10.7,Correctiva,Falla mecánica - desgaste de componente,20509.0
PAR-000865,PN-EQ-03,2026-02-23,11:00:00,9.3,Correctiva,Falla mecánica - desgaste de componente,13168.0
PAR-002424,PN-EQ-07,2026-05-01,02:00:00,2.5,Correctiva,Rotura de faja/correa,4409.0
PAR-001805,PN-EQ-05,2027-04-05,07:00:00,6.0,Correctiva,Atoro de mineral / obstrucción,12012.0
PAR-000045,PN-EQ-01,2024-06-24,10:00:00,2.1,Correctiva,Indeterminado,4093.0
PAR-002489,PN-EQ-07,2027-02-23,15:00:00,2.1,Operativa,Falta de mineral en cancha,1234.0
PAR-001608,PN-EQ-05,2025-05-22,20:00:00,2.0,Operativa,Corte de energía externo,
PAR-001244,PN-EQ-04,2026-01-02,15:00:00,7.3,Preventiva,Mantenimiento programado (plan anual),8243.0
PAR-001049,PN-EQ-04,2024-05-09,08:00:00,6.2,Preventiva,Mantenimiento programado (plan anual),9568.0
PAR-000676,PN-EQ-02,2027-06-10,00:00:00,7.6,Preventiva,Mantenimiento programado (plan anual),7244.0
PAR-000840,PN-EQ-03,2025-10-25,17:00:00,0.5,Correctiva,Falla eléctrica - motor/tablero,842.0
PAR-001143,PN-EQ-04,2025-03-05,16:00:00,1.0,Operativa,Condiciones climáticas adversas,200.0
PAR-000236,PN-EQ-01,2026-07-21,02:00:00,1.6,Operativa,Corte de energía externo,423.0
PAR-000554,PN-EQ-02,2026-02-07,09:00:00,8.1,Preventiva,Mantenimiento programado (plan anual),16796.0
PAR-001286,PN-EQ-04,2026-05-21,05:00:00,0.5,Correctiva,Falla eléctrica - motor/tablero,529.0
PAR-003064,PN-EQ-09,2026-01-04,09:00:00,8.9,Preventiva,Mantenimiento programado (plan anual),16499.0
PAR-003470,PN-EQ-10,2026-02-15,14:00:00,8.0,Correctiva,Rotura de faja/correa,13954.0
PAR-001751,PN-EQ-05,2026-09-24,13:00:00,5.3,Preventiva,Mantenimiento programado (plan anual),8228.0
PAR-001985,PN-EQ-06,2024-12-11,07:00:00,4.5,Preventiva,Mantenimiento programado (plan anual),8459.0
PAR-002570,PN-EQ-08,2024-04-01,09:00:00,1.2,Correctiva,Atoro de mineral / obstrucción,1218.0
PAR-001893,PN-EQ-05,2027-12-05,10:00:00,12.1,Correctiva,Falla mecánica - desgaste de componente,17737.0
PAR-002068,PN-EQ-06,2025-11-22,02:00:00,20.0,Correctiva,Falla mecánica - desgaste de componente,33720.0
PAR-003226,PN-EQ-10,2024-02-10,02:00:00,14.7,Correctiva,Atoro de mineral / obstrucción,18640.0
PAR-001048,PN-EQ-04,2024-04-28,12:00:00,7.7,Correctiva,Rotura de faja/correa,15626.0
PAR-002832,PN-EQ-08,2027-03-09,11:00:00,6.9,Preventiva,Mantenimiento programado (plan anual),5965.0
PAR-001370,PN-EQ-04,2027-03-07,00:00:00,1.3,Correctiva,Falla mecánica - desgaste de componente,
PAR-003149,PN-EQ-09,2027-02-27,08:00:00,2.4,Operativa,Condiciones climáticas adversas,1392.0
PAR-001649,PN-EQ-05,2025-10-05,09:00:00,1.8,Operativa,Condiciones climáticas adversas,777.0
PAR-002951,PN-EQ-09,2024-06-04,09:00:00,2.5,Operativa,Espera de insumos (reactivos/bolas de molienda),1006.0
PAR-001698,PN-EQ-05,2026-04-07,05:00:00,0.5,Correctiva,Falla eléctrica - motor/tablero,462.0
PAR-001899,PN-EQ-05,2027-12-21,04:00:00,7.9,Preventiva,Mantenimiento programado (plan anual),7649.0
PAR-003126,PN-EQ-09,2026-11-13,16:00:00,1.7,Operativa,Corte de energía externo,502.0
PAR-000472,PN-EQ-02,2025-04-02,06:00:00,6.3,Correctiva,Falla mecánica - desgaste de componente,7734.0
PAR-001545,PN-EQ-05,2024-10-24,09:00:00,13.7,Correctiva,Falla de lubricación,28682.0
PAR-000519,PN-EQ-02,2025-09-23,09:00:00,1.1,Operativa,Espera de insumos (reactivos/bolas de molienda),486.0
PAR-000150,PN-EQ-01,2025-08-15,03:00:00,4.9,Preventiva,Mantenimiento programado (plan anual),10578.0
PAR-001978,PN-EQ-06,2024-11-14,14:00:00,2.3,Correctiva,Falla eléctrica - motor/tablero,4032.0
PAR-001648,PN-EQ-05,2025-10-04,08:00:00,8.2,Correctiva,Atoro de mineral / obstrucción,8117.0
PAR-002596,PN-EQ-08,2024-07-28,06:00:00,10.6,Correctiva,Rotura de faja/correa,9318.0
PAR-002322,PN-EQ-07,2024-10-29,05:00:00,15.2,Correctiva,Falla mecánica - desgaste de componente,32727.0
PAR-000516,PN-EQ-02,2025-09-16,00:00:00,6.0,Correctiva,Atoro de mineral / obstrucción,11188.0
PAR-000588,PN-EQ-02,2026-06-23,15:00:00,0.9,Correctiva,Falla mecánica - desgaste de componente,1547.0
PAR-003138,PN-EQ-09,2026-12-28,06:00:00,5.7,Preventiva,Mantenimiento programado (plan anual),4668.0
PAR-003218,PN-EQ-10,2024-01-15,04:00:00,5.1,Preventiva,Indeterminado,9337.0
PAR-002867,PN-EQ-08,2027-07-29,01:00:00,1.8,Operativa,Condiciones climáticas adversas,589.0
PAR-001416,PN-EQ-04,2027-08-16,00:00:00,19.9,Correctiva,Atoro de mineral / obstrucción,27663.0
PAR-000379,PN-EQ-02,2024-04-20,20:00:00,2.3,Operativa,Condiciones climáticas adversas,987.0
PAR-001064,PN-EQ-04,2024-07-12,02:00:00,18.7,Correctiva,Falla de lubricación,19138.0
PAR-000109,PN-EQ-01,2025-02-14,16:00:00,5.4,Preventiva,Mantenimiento programado (plan anual),6816.0
PAR-003235,PN-EQ-10,2024-03-15,11:00:00,8.6,Preventiva,Indeterminado,9041.0
PAR-002632,PN-EQ-08,2025-01-02,12:00:00,6.5,Preventiva,Mantenimiento programado (plan anual),10210.0
PAR-001306,PN-EQ-04,2026-07-23,04:00:00,1.9,Operativa,Condiciones climáticas adversas,512.0
PAR-003017,PN-EQ-09,2025-05-19,09:00:00,5.7,Preventiva,Mantenimiento programado (plan anual),12136.0
PAR-001939,PN-EQ-06,2024-06-29,00:00:00,20.0,Correctiva,Rotura de faja/correa,25380.0
PAR-001461,PN-EQ-04,2027-12-20,08:00:00,4.8,Correctiva,Atoro de mineral / obstrucción,7147.0
PAR-001245,PN-EQ-04,2026-01-03,00:00:00,20.0,Correctiva,Falla mecánica - desgaste de componente,25737.0
PAR-001883,PN-EQ-05,2027-11-02,12:00:00,6.4,Correctiva,Falla de lubricación,7746.0
PAR-002718,PN-EQ-08,2025-12-10,10:00:00,12.2,Correctiva,Atoro de mineral / obstrucción,22804.0
PAR-000549,PN-EQ-02,2026-01-13,08:00:00,2.9,Correctiva,Falla de lubricación,4251.0
PAR-002660,PN-EQ-08,2025-05-05,19:00:00,2.8,Correctiva,Rotura de faja/correa,6120.0
PAR-003378,PN-EQ-10,2025-05-21,02:00:00,20.0,Correctiva,Rotura de faja/correa,28160.0
PAR-003069,PN-EQ-09,2026-02-07,02:00:00,6.3,Correctiva,Atoro de mineral / obstrucción,7870.0
PAR-003545,PN-EQ-10,2026-09-13,12:00:00,0.8,Correctiva,Falla mecánica - desgaste de componente,1521.0
PAR-002572,PN-EQ-08,2024-04-16,10:00:00,9.5,Correctiva,Rotura de faja/correa,11541.0
PAR-003019,PN-EQ-09,2025-05-24,04:00:00,3.3,Correctiva,Falla de lubricación,5377.0
PAR-002697,PN-EQ-08,2025-09-14,06:00:00,1.0,Operativa,Espera de insumos (reactivos/bolas de molienda),309.0
PAR-001138,PN-EQ-04,2025-02-26,11:00:00,5.2,Correctiva,Atoro de mineral / obstrucción,6777.0
PAR-001970,PN-EQ-06,2024-10-18,03:00:00,9.9,Correctiva,Rotura de faja/correa,11789.0
PAR-000585,PN-EQ-02,2026-06-19,03:00:00,3.8,Correctiva,Indeterminado,3192.0
PAR-002127,PN-EQ-06,2026-06-12,01:00:00,8.0,Correctiva,Atoro de mineral / obstrucción,14347.0
PAR-002503,PN-EQ-07,2027-04-24,18:00:00,1.2,Correctiva,Falla mecánica - desgaste de componente,2229.0
PAR-003097,PN-EQ-09,2026-07-06,18:00:00,1.1,Operativa,Condiciones climáticas adversas,454.0
PAR-001812,PN-EQ-05,2027-05-02,00:00:00,20.0,Correctiva,Falla mecánica - desgaste de componente,40275.0
PAR-002025,PN-EQ-06,2025-05-15,16:00:00,3.2,Correctiva,Falla eléctrica - motor/tablero,6165.0
PAR-001476,PN-EQ-05,2024-02-06,18:00:00,0.8,Operativa,Corte de energía externo,428.0
PAR-000445,PN-EQ-02,2024-12-13,03:00:00,5.7,Correctiva,Falla eléctrica - motor/tablero,8925.0
PAR-001631,PN-EQ-05,2025-07-29,00:00:00,19.4,Correctiva,Falla mecánica - desgaste de componente,19133.0
PAR-001830,PN-EQ-05,2027-06-18,08:00:00,15.0,Correctiva,Rotura de faja/correa,14734.0
PAR-003677,PN-EQ-10,2027-11-29,03:00:00,20.0,Correctiva,Falla de lubricación,29047.0
PAR-001512,PN-EQ-05,2024-06-21,13:00:00,9.2,Correctiva,Falla eléctrica - motor/tablero,18044.0
PAR-002441,PN-EQ-07,2026-08-04,10:00:00,0.6,Operativa,Falta de mineral en cancha,208.0
PAR-003648,PN-EQ-10,2027-08-20,00:00:00,20.0,Correctiva,Falla mecánica - desgaste de componente,35972.0
PAR-000568,PN-EQ-02,2026-04-17,12:00:00,3.7,Correctiva,Atoro de mineral / obstrucción,5621.0
PAR-001137,PN-EQ-04,2025-02-22,04:00:00,1.9,Operativa,Falta de mineral en cancha,898.0
PAR-003073,PN-EQ-09,2026-02-25,13:00:00,0.8,Correctiva,Falla eléctrica - motor/tablero,1380.0
PAR-003643,PN-EQ-10,2027-08-03,03:00:00,20.0,Correctiva,Falla eléctrica - motor/tablero,41661.0
PAR-001332,PN-EQ-04,2026-10-18,10:00:00,1.5,Correctiva,Rotura de faja/correa,2230.0
PAR-001068,PN-EQ-04,2024-07-25,06:00:00,5.8,Preventiva,Mantenimiento programado (plan anual),8244.0
PAR-001821,PN-EQ-05,2027-05-22,02:00:00,1.9,Correctiva,Falla de lubricación,3345.0
PAR-001074,PN-EQ-04,2024-08-23,12:00:00,9.5,Correctiva,Falla eléctrica - motor/tablero,17025.0
PAR-000487,PN-EQ-02,2025-05-29,07:00:00,3.4,Correctiva,Rotura de faja/correa,
PAR-000577,PN-EQ-02,2026-05-22,07:00:00,14.6,Correctiva,Indeterminado,15157.0
PAR-001725,PN-EQ-05,2026-06-30,03:00:00,8.7,Correctiva,Rotura de faja/correa,8910.0
PAR-000616,PN-EQ-02,2026-11-04,02:00:00,8.9,Preventiva,Mantenimiento programado (plan anual),13589.0
PAR-002171,PN-EQ-06,2026-11-07,09:00:00,2.8,Correctiva,Atoro de mineral / obstrucción,6092.0
PAR-000187,PN-EQ-01,2026-01-10,13:00:00,3.6,Correctiva,Falla eléctrica - motor/tablero,2977.0
PAR-000435,PN-EQ-02,2024-10-28,02:00:00,2.4,Operativa,Condiciones climáticas adversas,1330.0
PAR-001778,PN-EQ-05,2026-12-24,11:00:00,6.6,Correctiva,Atoro de mineral / obstrucción,10550.0
PAR-000798,PN-EQ-03,2025-03-06,08:00:00,4.2,Preventiva,Mantenimiento programado (plan anual),7605.0
PAR-000165,PN-EQ-01,2025-10-09,18:00:00,1.3,Operativa,Falta de mineral en cancha,546.0
PAR-001596,PN-EQ-05,2025-04-17,02:00:00,16.4,Correctiva,Atoro de mineral / obstrucción,16980.0
PAR-001200,PN-EQ-04,2025-08-24,10:00:00,12.2,Correctiva,Atoro de mineral / obstrucción,25662.0
PAR-001386,PN-EQ-04,2027-05-06,01:00:00,20.0,Correctiva,Falla mecánica - desgaste de componente,33511.0
PAR-000449,PN-EQ-02,2024-12-23,12:00:00,5.5,Correctiva,Falla mecánica - desgaste de componente,11767.0
PAR-001135,PN-EQ-04,2025-02-19,02:00:00,9.9,Correctiva,Atoro de mineral / obstrucción,13954.0
PAR-002684,PN-EQ-08,2025-08-07,04:00:00,7.2,Preventiva,Mantenimiento programado (plan anual),5875.0
PAR-002435,PN-EQ-07,2026-07-06,11:00:00,0.5,Correctiva,Falla de lubricación,703.0
PAR-001497,PN-EQ-05,2024-04-19,00:00:00,12.9,Correctiva,Falla mecánica - desgaste de componente,20820.0
PAR-001911,PN-EQ-06,2024-02-29,02:00:00,4.8,Preventiva,Mantenimiento programado (plan anual),10398.0
PAR-002054,PN-EQ-06,2025-09-12,16:00:00,6.1,Correctiva,Falla mecánica - desgaste de componente,7463.0
PAR-002241,PN-EQ-06,2027-08-10,01:00:00,20.0,Correctiva,Falla de lubricación,24191.0
PAR-000139,PN-EQ-01,2025-06-21,13:00:00,4.5,Correctiva,Falla mecánica - desgaste de componente,9750.0
PAR-002378,PN-EQ-07,2025-09-10,14:00:00,5.6,Preventiva,Mantenimiento programado (plan anual),8426.0
PAR-001313,PN-EQ-04,2026-08-19,08:00:00,6.3,Correctiva,Falla mecánica - desgaste de componente,12800.0
PAR-000371,PN-EQ-02,2024-03-26,09:00:00,4.8,Preventiva,Mantenimiento programado (plan anual),9644.0
PAR-001589,PN-EQ-05,2025-03-18,07:00:00,12.5,Correctiva,Falla mecánica - desgaste de componente,21613.0
PAR-003428,PN-EQ-10,2025-10-27,02:00:00,19.6,Correctiva,Rotura de faja/correa,33722.0
PAR-001353,PN-EQ-04,2027-01-12,15:00:00,1.9,Correctiva,Atoro de mineral / obstrucción,2608.0
PAR-002434,PN-EQ-07,2026-06-27,07:00:00,7.2,Preventiva,Mantenimiento programado (plan anual),15490.0
PAR-001858,PN-EQ-05,2027-09-09,02:00:00,20.0,Correctiva,Falla de lubricación,41357.0
PAR-001376,PN-EQ-04,2027-03-29,00:00:00,2.5,Operativa,Condiciones climáticas adversas,603.0
PAR-002729,PN-EQ-08,2026-01-25,14:00:00,4.9,Correctiva,Atoro de mineral / obstrucción,9716.0
PAR-002051,PN-EQ-06,2025-08-17,15:00:00,0.8,Operativa,Corte de energía externo,387.0
PAR-000009,PN-EQ-01,2024-02-19,01:00:00,7.6,Preventiva,Mantenimiento programado (plan anual),8397.0
PAR-001791,PN-EQ-05,2027-02-13,00:00:00,8.9,Preventiva,Mantenimiento programado (plan anual),
PAR-002810,PN-EQ-08,2026-11-22,08:00:00,1.0,Operativa,Espera de insumos (reactivos/bolas de molienda),300.0
PAR-003143,PN-EQ-09,2027-02-06,07:00:00,4.7,Preventiva,Mantenimiento programado (plan anual),5702.0
PAR-001797,PN-EQ-05,2027-03-08,11:00:00,5.6,Correctiva,Atoro de mineral / obstrucción,4936.0
PAR-003365,PN-EQ-10,2025-04-10,06:00:00,7.2,Correctiva,Atoro de mineral / obstrucción,14029.0
PAR-002652,PN-EQ-08,2025-03-29,09:00:00,4.8,Correctiva,Falla mecánica - desgaste de componente,5830.0
PAR-000503,PN-EQ-02,2025-07-22,06:00:00,0.8,Operativa,Condiciones climáticas adversas,188.0
PAR-000908,PN-EQ-03,2026-09-04,05:00:00,6.8,Preventiva,Mantenimiento programado (plan anual),10028.0
PAR-003504,PN-EQ-10,2026-05-25,03:00:00,20.0,Correctiva,Indeterminado,38332.0
PAR-000772,PN-EQ-03,2024-09-28,01:00:00,1.3,Operativa,Falta de mineral en cancha,575.0
PAR-001906,PN-EQ-06,2024-02-09,00:00:00,5.6,Preventiva,Mantenimiento programado (plan anual),4807.0
PAR-000936,PN-EQ-03,2027-01-01,12:00:00,7.5,Preventiva,Mantenimiento programado (plan anual),10181.0
PAR-002493,PN-EQ-07,2027-03-15,11:00:00,0.5,Correctiva,Indeterminado,597.0
PAR-001299,PN-EQ-04,2026-07-05,13:00:00,8.2,Correctiva,Falla de lubricación,
PAR-001638,PN-EQ-05,2025-08-27,12:00:00,1.3,Operativa,Falta de mineral en cancha,623.0
PAR-000858,PN-EQ-03,2026-01-30,08:00:00,9.3,Correctiva,Falla eléctrica - motor/tablero,14979.0
PAR-001958,PN-EQ-06,2024-09-02,18:00:00,0.8,Operativa,Falta de mineral en cancha,444.0
PAR-001730,PN-EQ-05,2026-07-14,02:00:00,20.0,Correctiva,Indeterminado,17179.0
PAR-002308,PN-EQ-07,2024-08-05,16:00:00,6.5,Preventiva,Mantenimiento programado (plan anual),9416.0
PAR-002255,PN-EQ-06,2027-11-08,02:00:00,10.1,Correctiva,Falla mecánica - desgaste de componente,10919.0
PAR-000171,PN-EQ-01,2025-10-28,04:00:00,15.9,Correctiva,Rotura de faja/correa,
PAR-002727,PN-EQ-08,2026-01-10,10:00:00,5.3,Preventiva,Mantenimiento programado (plan anual),7770.0
PAR-001233,PN-EQ-04,2025-11-21,03:00:00,20.0,Correctiva,Falla eléctrica - motor/tablero,36503.0
PAR-000161,PN-EQ-01,2025-10-02,07:00:00,0.9,Operativa,Corte de energía externo,516.0
PAR-003081,PN-EQ-09,2026-04-05,17:00:00,1.7,Operativa,Falta de mineral en cancha,903.0
PAR-003672,PN-EQ-10,2027-11-09,06:00:00,17.0,Correctiva,Falla de lubricación,15456.0
PAR-002934,PN-EQ-09,2024-03-30,14:00:00,2.1,Correctiva,Falla eléctrica - motor/tablero,3377.0
PAR-000776,PN-EQ-03,2024-11-17,03:00:00,7.0,Preventiva,Mantenimiento programado (plan anual),13085.0
PAR-002726,PN-EQ-08,2026-01-06,15:00:00,7.8,Correctiva,Falla de lubricación,13760.0
PAR-003035,PN-EQ-09,2025-07-14,01:00:00,20.0,Correctiva,Falla de lubricación,23461.0
PAR-002871,PN-EQ-08,2027-08-07,07:00:00,4.0,Correctiva,Atoro de mineral / obstrucción,6864.0
PAR-002326,PN-EQ-07,2024-11-07,02:00:00,3.1,Correctiva,Falla mecánica - desgaste de componente,2969.0
PAR-003577,PN-EQ-10,2026-12-21,05:00:00,3.1,Correctiva,Rotura de faja/correa,6767.0
PAR-000820,PN-EQ-03,2025-06-04,05:00:00,5.2,Preventiva,Mantenimiento programado (plan anual),10804.0
PAR-003201,PN-EQ-09,2027-10-19,00:00:00,0.6,Correctiva,Rotura de faja/correa,776.0
PAR-000502,PN-EQ-02,2025-07-21,06:00:00,2.2,Correctiva,Falla mecánica - desgaste de componente,4174.0
PAR-001435,PN-EQ-04,2027-10-02,01:00:00,1.5,Operativa,Corte de energía externo,777.0
PAR-001964,PN-EQ-06,2024-09-18,17:00:00,1.5,Operativa,Espera de insumos (reactivos/bolas de molienda),443.0
PAR-001107,PN-EQ-04,2024-12-07,02:00:00,20.0,Correctiva,Atoro de mineral / obstrucción,18704.0
PAR-000605,PN-EQ-02,2026-09-09,05:00:00,1.7,Operativa,Corte de energía externo,539.0
PAR-003592,PN-EQ-10,2027-02-07,00:00:00,16.5,Correctiva,Falla eléctrica - motor/tablero,19332.0
PAR-002590,PN-EQ-08,2024-06-29,08:00:00,2.5,Operativa,Condiciones climáticas adversas,1091.0
PAR-000670,PN-EQ-02,2027-05-03,01:00:00,6.9,Preventiva,Mantenimiento programado (plan anual),8909.0
PAR-000665,PN-EQ-02,2027-04-08,05:00:00,7.3,Correctiva,Falla eléctrica - motor/tablero,7729.0
PAR-002560,PN-EQ-08,2024-02-11,10:00:00,4.1,Preventiva,Mantenimiento programado (plan anual),5301.0
PAR-003533,PN-EQ-10,2026-08-10,09:00:00,4.4,Preventiva,Indeterminado,9245.0
PAR-002019,PN-EQ-06,2025-04-26,03:00:00,0.5,Correctiva,Falla eléctrica - motor/tablero,844.0
PAR-002831,PN-EQ-08,2027-02-21,13:00:00,4.8,Correctiva,Rotura de faja/correa,9843.0
PAR-003303,PN-EQ-10,2024-10-07,01:00:00,19.3,Correctiva,Rotura de faja/correa,37145.0
PAR-000349,PN-EQ-01,2027-12-03,02:00:00,15.4,Correctiva,Falla eléctrica - motor/tablero,18651.0
PAR-002821,PN-EQ-08,2027-01-02,22:00:00,0.6,Correctiva,Falla eléctrica - motor/tablero,685.0
PAR-003037,PN-EQ-09,2025-08-05,04:00:00,5.0,Preventiva,Mantenimiento programado (plan anual),5283.0
PAR-001521,PN-EQ-05,2024-08-05,01:00:00,5.7,Preventiva,Mantenimiento programado (plan anual),9376.0
PAR-000948,PN-EQ-03,2027-03-11,03:00:00,3.9,Correctiva,Falla eléctrica - motor/tablero,8217.0
PAR-002055,PN-EQ-06,2025-09-13,02:00:00,19.0,Correctiva,Rotura de faja/correa,37340.0
PAR-000972,PN-EQ-03,2027-07-10,16:00:00,2.4,Operativa,Condiciones climáticas adversas,960.0
PAR-001597,PN-EQ-05,2025-04-20,10:00:00,8.6,Preventiva,Mantenimiento programado (plan anual),17893.0
PAR-000761,PN-EQ-03,2024-08-05,09:00:00,0.5,Correctiva,Falla de lubricación,745.0
PAR-003269,PN-EQ-10,2024-07-09,16:00:00,2.1,Correctiva,Indeterminado,2413.0
PAR-002768,PN-EQ-08,2026-06-08,00:00:00,4.3,Preventiva,Mantenimiento programado (plan anual),8118.0
PAR-001661,PN-EQ-05,2025-11-29,00:00:00,14.5,Correctiva,Falla mecánica - desgaste de componente,25346.0
PAR-001793,PN-EQ-05,2027-02-21,05:00:00,11.7,Correctiva,Falla eléctrica - motor/tablero,11672.0
PAR-003510,PN-EQ-10,2026-06-09,05:00:00,4.7,Correctiva,Falla eléctrica - motor/tablero,10151.0
PAR-001701,PN-EQ-05,2026-04-18,11:00:00,4.1,Correctiva,Falla eléctrica - motor/tablero,6991.0
PAR-001535,PN-EQ-05,2024-09-20,11:00:00,11.2,Correctiva,Falla mecánica - desgaste de componente,20135.0
PAR-002536,PN-EQ-07,2027-10-21,01:00:00,1.7,Correctiva,Falla de lubricación,3346.0
PAR-003420,PN-EQ-10,2025-10-06,00:00:00,4.0,Preventiva,Mantenimiento programado (plan anual),7521.0
PAR-001426,PN-EQ-04,2027-09-14,05:00:00,5.5,Correctiva,Atoro de mineral / obstrucción,8456.0
PAR-001110,PN-EQ-04,2024-12-14,10:00:00,6.2,Preventiva,Mantenimiento programado (plan anual),7154.0
PAR-000332,PN-EQ-01,2027-10-02,04:00:00,2.1,Operativa,Falta de mineral en cancha,725.0
PAR-000592,PN-EQ-02,2026-07-12,06:00:00,1.2,Operativa,Condiciones climáticas adversas,309.0
PAR-003460,PN-EQ-10,2026-01-19,03:00:00,1.2,Operativa,Condiciones climáticas adversas,338.0
PAR-003128,PN-EQ-09,2026-11-22,11:00:00,2.9,Operativa,Corte de energía externo,1282.0
PAR-001346,PN-EQ-04,2026-12-14,15:00:00,5.2,Correctiva,Atoro de mineral / obstrucción,6548.0
PAR-001279,PN-EQ-04,2026-04-28,12:00:00,8.3,Correctiva,Falla mecánica - desgaste de componente,8542.0
PAR-001145,PN-EQ-04,2025-03-08,14:00:00,2.0,Operativa,Espera de insumos (reactivos/bolas de molienda),533.0
PAR-001450,PN-EQ-04,2027-11-14,00:00:00,12.1,Correctiva,Atoro de mineral / obstrucción,13052.0
PAR-001803,PN-EQ-05,2027-03-23,11:00:00,0.9,Operativa,Espera de insumos (reactivos/bolas de molienda),479.0
PAR-001763,PN-EQ-05,2026-11-02,02:00:00,9.0,Preventiva,Mantenimiento programado (plan anual),12231.0
PAR-002852,PN-EQ-08,2027-06-04,04:00:00,5.1,Correctiva,Falla eléctrica - motor/tablero,10684.0
PAR-001996,PN-EQ-06,2025-01-08,19:00:00,3.6,Correctiva,Falla de lubricación,4471.0
PAR-000261,PN-EQ-01,2026-12-22,10:00:00,5.8,Correctiva,Rotura de faja/correa,10331.0
PAR-002711,PN-EQ-08,2025-11-16,03:00:00,20.0,Correctiva,Rotura de faja/correa,43035.0
PAR-003255,PN-EQ-10,2024-06-02,07:00:00,2.8,Operativa,Falta de mineral en cancha,735.0
PAR-002017,PN-EQ-06,2025-04-16,01:00:00,13.3,Correctiva,Falla eléctrica - motor/tablero,19479.0
PAR-001625,PN-EQ-05,2025-07-11,04:00:00,5.1,Correctiva,Falla eléctrica - motor/tablero,9917.0
PAR-002304,PN-EQ-07,2024-07-17,10:00:00,1.9,Correctiva,Rotura de faja/correa,3121.0
PAR-000556,PN-EQ-02,2026-02-11,13:00:00,7.4,Correctiva,Falla eléctrica - motor/tablero,13388.0
PAR-002587,PN-EQ-08,2024-06-12,07:00:00,1.2,Correctiva,Atoro de mineral / obstrucción,2204.0
PAR-000437,PN-EQ-02,2024-11-04,00:00:00,18.5,Correctiva,Falla de lubricación,22025.0
PAR-001813,PN-EQ-05,2027-05-04,04:00:00,1.9,Operativa,Falta de mineral en cancha,833.0
PAR-001528,PN-EQ-05,2024-08-24,02:00:00,20.0,Correctiva,Rotura de faja/correa,33041.0
PAR-001215,PN-EQ-04,2025-09-28,09:00:00,2.0,Operativa,Condiciones climáticas adversas,611.0
PAR-000473,PN-EQ-02,2025-04-03,02:00:00,4.2,Preventiva,Mantenimiento programado (plan anual),8856.0
PAR-001672,PN-EQ-05,2026-01-11,04:00:00,2.9,Correctiva,Falla de lubricación,3577.0
PAR-002944,PN-EQ-09,2024-05-05,15:00:00,0.6,Correctiva,Falla de lubricación,639.0
PAR-002448,PN-EQ-07,2026-08-28,04:00:00,1.9,Operativa,Corte de energía externo,694.0
PAR-003075,PN-EQ-09,2026-03-02,12:00:00,2.8,Operativa,Falta de mineral en cancha,705.0
PAR-003066,PN-EQ-09,2026-01-22,14:00:00,5.4,Correctiva,Falla mecánica - desgaste de componente,5355.0
PAR-003476,PN-EQ-10,2026-03-01,19:00:00,3.0,Correctiva,Atoro de mineral / obstrucción,4813.0
PAR-000189,PN-EQ-01,2026-01-14,07:00:00,6.3,Preventiva,Indeterminado,8097.0
PAR-003494,PN-EQ-10,2026-04-27,20:00:00,1.9,Operativa,Condiciones climáticas adversas,676.0
PAR-002654,PN-EQ-08,2025-04-16,08:00:00,1.0,Operativa,Condiciones climáticas adversas,336.0
PAR-001677,PN-EQ-05,2026-01-27,13:00:00,0.9,Correctiva,Rotura de faja/correa,1173.0
PAR-003491,PN-EQ-10,2026-04-14,10:00:00,7.7,Preventiva,Mantenimiento programado (plan anual),12913.0
PAR-000345,PN-EQ-01,2027-11-09,03:00:00,14.9,Correctiva,Rotura de faja/correa,14736.0
PAR-002886,PN-EQ-08,2027-09-29,02:00:00,7.8,Preventiva,Mantenimiento programado (plan anual),15079.0
PAR-000723,PN-EQ-03,2024-01-15,02:00:00,11.3,Correctiva,Atoro de mineral / obstrucción,22648.0
PAR-001655,PN-EQ-05,2025-10-31,10:00:00,1.7,Operativa,Espera de insumos (reactivos/bolas de molienda),816.0
PAR-000946,PN-EQ-03,2027-02-18,13:00:00,2.8,Operativa,Espera de insumos (reactivos/bolas de molienda),842.0
PAR-002753,PN-EQ-08,2026-04-07,12:00:00,4.3,Correctiva,Falla mecánica - desgaste de componente,5588.0
PAR-000829,PN-EQ-03,2025-08-24,07:00:00,12.3,Correctiva,Atoro de mineral / obstrucción,25740.0
PAR-002338,PN-EQ-07,2025-01-21,02:00:00,2.6,Operativa,Falta de mineral en cancha,792.0
PAR-002985,PN-EQ-09,2024-11-24,02:00:00,7.4,Preventiva,Mantenimiento programado (plan anual),6854.0
PAR-002978,PN-EQ-09,2024-10-08,00:00:00,2.7,Operativa,Espera de insumos (reactivos/bolas de molienda),1545.0
PAR-001335,PN-EQ-04,2026-11-01,06:00:00,4.8,Preventiva,Mantenimiento programado (plan anual),8552.0
PAR-003339,PN-EQ-10,2025-02-08,03:00:00,7.0,Preventiva,Mantenimiento programado (plan anual),5762.0
PAR-002891,PN-EQ-08,2027-10-20,02:00:00,12.7,Correctiva,Rotura de faja/correa,24381.0
PAR-002614,PN-EQ-08,2024-10-14,15:00:00,7.8,Preventiva,Indeterminado,12393.0
PAR-002990,PN-EQ-09,2024-12-30,09:00:00,2.3,Operativa,Espera de insumos (reactivos/bolas de molienda),1209.0
PAR-000842,PN-EQ-03,2025-11-09,16:00:00,1.8,Correctiva,Rotura de faja/correa,2940.0
PAR-000093,PN-EQ-01,2024-12-26,18:00:00,0.9,Operativa,Espera de insumos (reactivos/bolas de molienda),371.0
PAR-000889,PN-EQ-03,2026-06-14,11:00:00,1.9,Operativa,Falta de mineral en cancha,404.0
PAR-000124,PN-EQ-01,2025-04-08,11:00:00,2.6,Correctiva,Falla mecánica - desgaste de componente,4238.0
PAR-000062,PN-EQ-01,2024-08-28,10:00:00,0.9,Operativa,Condiciones climáticas adversas,362.0
PAR-001392,PN-EQ-04,2027-05-20,08:00:00,10.2,Correctiva,Falla mecánica - desgaste de componente,20848.0
PAR-001457,PN-EQ-04,2027-11-29,11:00:00,2.1,Correctiva,Falla eléctrica - motor/tablero,2648.0
PAR-002334,PN-EQ-07,2025-01-06,06:00:00,2.1,Operativa,Espera de insumos (reactivos/bolas de molienda),728.0
PAR-000819,PN-EQ-03,2025-06-03,20:00:00,1.2,Correctiva,Atoro de mineral / obstrucción,1144.0
PAR-000815,PN-EQ-03,2025-05-14,13:00:00,5.5,Correctiva,Indeterminado,9942.0
PAR-001873,PN-EQ-05,2027-10-13,11:00:00,7.3,Correctiva,Falla de lubricación,9346.0
PAR-000101,PN-EQ-01,2025-01-24,17:00:00,0.7,Operativa,Corte de energía externo,258.0
PAR-001527,PN-EQ-05,2024-08-24,02:00:00,2.1,Operativa,Espera de insumos (reactivos/bolas de molienda),601.0
PAR-001822,PN-EQ-05,2027-05-27,18:00:00,2.9,Operativa,Espera de insumos (reactivos/bolas de molienda),845.0
PAR-002830,PN-EQ-08,2027-02-16,03:00:00,5.1,Preventiva,Mantenimiento programado (plan anual),8172.0
PAR-002514,PN-EQ-07,2027-07-04,06:00:00,7.9,Preventiva,Mantenimiento programado (plan anual),8211.0
PAR-000233,PN-EQ-01,2026-07-09,14:00:00,2.9,Operativa,Espera de insumos (reactivos/bolas de molienda),1482.0
PAR-001885,PN-EQ-05,2027-11-06,02:00:00,2.9,Operativa,Corte de energía externo,608.0
PAR-002758,PN-EQ-08,2026-04-30,10:00:00,4.1,Correctiva,Rotura de faja/correa,3507.0
PAR-001920,PN-EQ-06,2024-04-02,12:00:00,7.5,Preventiva,Mantenimiento programado (plan anual),10269.0
PAR-000915,PN-EQ-03,2026-10-18,11:00:00,3.2,Correctiva,Falla mecánica - desgaste de componente,3282.0
PAR-001979,PN-EQ-06,2024-11-18,08:00:00,5.4,Preventiva,Mantenimiento programado (plan anual),5829.0
PAR-000835,PN-EQ-03,2025-09-15,16:00:00,5.6,Preventiva,Mantenimiento programado (plan anual),10676.0
PAR-002249,PN-EQ-06,2027-09-28,03:00:00,7.4,Preventiva,Mantenimiento programado (plan anual),6262.0
PAR-003292,PN-EQ-10,2024-09-19,08:00:00,0.6,Correctiva,Falla eléctrica - motor/tablero,596.0
PAR-000082,PN-EQ-01,2024-11-22,07:00:00,11.2,Correctiva,Rotura de faja/correa,
PAR-003074,PN-EQ-09,2026-03-01,06:00:00,1.3,Correctiva,Falla de lubricación,1314.0
PAR-001169,PN-EQ-04,2025-05-09,19:00:00,2.4,Correctiva,Rotura de faja/correa,2450.0
PAR-001840,PN-EQ-05,2027-07-15,12:00:00,2.3,Correctiva,Falla eléctrica - motor/tablero,3780.0
PAR-001894,PN-EQ-05,2027-12-12,03:00:00,0.5,Correctiva,Falla eléctrica - motor/tablero,454.0
PAR-001274,PN-EQ-04,2026-04-01,02:00:00,5.0,Preventiva,Mantenimiento programado (plan anual),9469.0
PAR-001069,PN-EQ-04,2024-07-25,11:00:00,1.3,Operativa,Corte de energía externo,342.0
PAR-002447,PN-EQ-07,2026-08-22,06:00:00,6.2,Preventiva,Mantenimiento programado (plan anual),11968.0
PAR-002200,PN-EQ-06,2027-03-08,03:00:00,2.9,Correctiva,Falla de lubricación,2412.0
PAR-001530,PN-EQ-05,2024-08-31,01:00:00,3.3,Correctiva,Falla eléctrica - motor/tablero,4553.0
PAR-002216,PN-EQ-06,2027-05-07,19:00:00,1.0,Operativa,Espera de insumos (reactivos/bolas de molienda),470.0
PAR-000797,PN-EQ-03,2025-02-21,12:00:00,10.8,Correctiva,Falla mecánica - desgaste de componente,23577.0
PAR-000620,PN-EQ-02,2026-11-18,07:00:00,0.6,Correctiva,Falla mecánica - desgaste de componente,1064.0
PAR-002648,PN-EQ-08,2025-03-16,02:00:00,1.8,Correctiva,Falla de lubricación,2108.0
PAR-001221,PN-EQ-04,2025-10-08,03:00:00,7.9,Correctiva,Atoro de mineral / obstrucción,15149.0
PAR-002641,PN-EQ-08,2025-02-06,00:00:00,20.0,Correctiva,Falla mecánica - desgaste de componente,17111.0
PAR-001121,PN-EQ-04,2025-01-17,06:00:00,5.4,Preventiva,Mantenimiento programado (plan anual),10065.0
PAR-001708,PN-EQ-05,2026-05-03,04:00:00,11.5,Correctiva,Falla de lubricación,18902.0
PAR-000098,PN-EQ-01,2025-01-16,02:00:00,1.0,Correctiva,Falla de lubricación,909.0
PAR-002215,PN-EQ-06,2027-04-27,10:00:00,6.6,Correctiva,Atoro de mineral / obstrucción,6566.0
PAR-000160,PN-EQ-01,2025-09-30,08:00:00,3.7,Correctiva,Falla de lubricación,6190.0
PAR-002947,PN-EQ-09,2024-05-30,18:00:00,0.6,Operativa,Corte de energía externo,256.0
PAR-000306,PN-EQ-01,2027-06-15,20:00:00,2.3,Operativa,Condiciones climáticas adversas,1362.0
PAR-001294,PN-EQ-04,2026-06-17,13:00:00,5.4,Preventiva,Mantenimiento programado (plan anual),9910.0
PAR-001000,PN-EQ-03,2027-11-11,12:00:00,6.4,Preventiva,Mantenimiento programado (plan anual),5406.0
PAR-000980,PN-EQ-03,2027-08-05,09:00:00,5.2,Preventiva,Mantenimiento programado (plan anual),11245.0
PAR-000856,PN-EQ-03,2026-01-11,17:00:00,1.1,Operativa,Condiciones climáticas adversas,608.0
PAR-000350,PN-EQ-01,2027-12-05,05:00:00,3.5,Correctiva,Falla eléctrica - motor/tablero,7053.0
PAR-000148,PN-EQ-01,2025-07-25,06:00:00,5.6,Preventiva,Mantenimiento programado (plan anual),6059.0
PAR-001599,PN-EQ-05,2025-04-25,19:00:00,1.8,Operativa,Corte de energía externo,768.0
PAR-002178,PN-EQ-06,2026-12-06,03:00:00,6.4,Preventiva,Mantenimiento programado (plan anual),7619.0
PAR-002548,PN-EQ-07,2027-12-21,15:00:00,1.6,Correctiva,Rotura de faja/correa,1741.0
PAR-000559,PN-EQ-02,2026-02-27,06:00:00,1.3,Correctiva,Falla mecánica - desgaste de componente,2149.0
PAR-001002,PN-EQ-03,2027-12-02,15:00:00,4.8,Preventiva,Indeterminado,6126.0
PAR-000326,PN-EQ-01,2027-09-07,21:00:00,1.7,Operativa,Espera de insumos (reactivos/bolas de molienda),858.0
PAR-001618,PN-EQ-05,2025-06-22,03:00:00,20.0,Correctiva,Atoro de mineral / obstrucción,22987.0
PAR-000055,PN-EQ-01,2024-08-03,12:00:00,10.2,Correctiva,Falla eléctrica - motor/tablero,15824.0
PAR-000513,PN-EQ-02,2025-09-10,12:00:00,9.6,Correctiva,Atoro de mineral / obstrucción,15228.0
PAR-000947,PN-EQ-03,2027-02-21,04:00:00,8.8,Preventiva,Mantenimiento programado (plan anual),15946.0
PAR-002960,PN-EQ-09,2024-07-24,04:00:00,5.1,Preventiva,Mantenimiento programado (plan anual),9502.0
PAR-001383,PN-EQ-04,2027-05-02,20:00:00,1.2,Correctiva,Falla mecánica - desgaste de componente,2533.0
PAR-002283,PN-EQ-07,2024-03-28,14:00:00,4.3,Preventiva,Mantenimiento programado (plan anual),8598.0
PAR-001372,PN-EQ-04,2027-03-12,03:00:00,20.0,Correctiva,Falla de lubricación,20399.0
PAR-000357,PN-EQ-02,2024-01-18,16:00:00,6.3,Preventiva,Mantenimiento programado (plan anual),11887.0
PAR-000464,PN-EQ-02,2025-02-18,02:00:00,2.9,Operativa,Espera de insumos (reactivos/bolas de molienda),1269.0
PAR-002395,PN-EQ-07,2025-12-22,15:00:00,1.0,Correctiva,Atoro de mineral / obstrucción,1732.0
PAR-000538,PN-EQ-02,2025-12-10,15:00:00,7.7,Preventiva,Mantenimiento programado (plan anual),15129.0
PAR-003265,PN-EQ-10,2024-07-03,09:00:00,5.1,Correctiva,Rotura de faja/correa,5827.0
PAR-001470,PN-EQ-05,2024-01-23,11:00:00,2.4,Correctiva,Atoro de mineral / obstrucción,4433.0
PAR-001277,PN-EQ-04,2026-04-23,00:00:00,20.0,Correctiva,Rotura de faja/correa,26495.0
PAR-002976,PN-EQ-09,2024-10-07,02:00:00,7.6,Preventiva,Mantenimiento programado (plan anual),9884.0
PAR-001849,PN-EQ-05,2027-08-05,01:00:00,6.6,Preventiva,Mantenimiento programado (plan anual),10364.0
PAR-003076,PN-EQ-09,2026-03-03,05:00:00,5.9,Preventiva,Mantenimiento programado (plan anual),
PAR-002013,PN-EQ-06,2025-04-08,05:00:00,8.8,Preventiva,Mantenimiento programado (plan anual),
PAR-003251,PN-EQ-10,2024-05-14,02:00:00,20.0,Correctiva,Atoro de mineral / obstrucción,42201.0
PAR-003986,PC-EQ-01,2027-05-25,05:00:00,4.1,Preventiva,Mantenimiento programado (plan anual),6642.0
PAR-004092,PC-EQ-02,2024-07-01,08:00:00,8.9,Correctiva,Rotura de faja/correa,8421.0
PAR-004673,PC-EQ-03,2027-10-09,05:00:00,4.1,Preventiva,Indeterminado,8353.0
PAR-005501,PC-EQ-05,2026-12-05,02:00:00,20.0,Correctiva,Falla mecánica - desgaste de componente,27651.0
PAR-006661,PC-EQ-09,2025-01-21,18:00:00,2.4,Correctiva,Falla de lubricación,3543.0
PAR-006959,PC-EQ-10,2024-10-01,02:00:00,20.0,Correctiva,Falla de lubricación,
PAR-005630,PC-EQ-06,2024-01-23,16:00:00,3.0,Correctiva,Falla mecánica - desgaste de componente,5957.0
PAR-003709,PC-EQ-01,2024-05-28,02:00:00,20.0,Correctiva,Falla de lubricación,
PAR-005580,PC-EQ-05,2027-08-27,11:00:00,6.9,Preventiva,Mantenimiento programado (plan anual),12468.0
PAR-004760,PC-EQ-04,2024-07-27,02:00:00,20.0,Correctiva,Falla de lubricación,39325.0
PAR-003758,PC-EQ-01,2024-12-13,00:00:00,5.7,Correctiva,Falla eléctrica - motor/tablero,4699.0
PAR-005073,PC-EQ-04,2027-04-16,06:00:00,4.7,Correctiva,Falla de lubricación,4454.0
PAR-006695,PC-EQ-09,2025-07-28,02:00:00,0.7,Operativa,Corte de energía externo,371.0
PAR-005510,PC-EQ-05,2027-01-01,02:00:00,1.3,Operativa,Espera de insumos (reactivos/bolas de molienda),407.0
PAR-006430,PC-EQ-08,2026-03-11,00:00:00,20.0,Correctiva,Falla eléctrica - motor/tablero,32427.0
PAR-004206,PC-EQ-02,2025-10-25,09:00:00,5.3,Preventiva,Mantenimiento programado (plan anual),5651.0
PAR-004318,PC-EQ-02,2027-01-05,09:00:00,7.0,Correctiva,Falla de lubricación,8534.0
PAR-005068,PC-EQ-04,2027-04-06,03:00:00,19.5,Correctiva,Rotura de faja/correa,39946.0
PAR-003984,PC-EQ-01,2027-05-21,19:00:00,1.9,Operativa,Espera de insumos (reactivos/bolas de molienda),393.0
PAR-004365,PC-EQ-02,2027-06-29,03:00:00,15.5,Correctiva,Falla eléctrica - motor/tablero,24141.0
PAR-005608,PC-EQ-05,2027-11-21,04:00:00,2.9,Correctiva,Falla eléctrica - motor/tablero,2709.0
PAR-006148,PC-EQ-07,2026-11-14,17:00:00,5.5,Preventiva,Mantenimiento programado (plan anual),6642.0
PAR-005517,PC-EQ-05,2027-01-26,11:00:00,2.3,Correctiva,Falla eléctrica - motor/tablero,4409.0
PAR-006017,PC-EQ-07,2024-12-03,16:00:00,4.1,Preventiva,Mantenimiento programado (plan anual),
PAR-006237,PC-EQ-08,2024-01-26,01:00:00,2.7,Operativa,Corte de energía externo,1482.0
PAR-006312,PC-EQ-08,2024-11-25,03:00:00,7.0,Correctiva,Falla de lubricación,11929.0
PAR-004752,PC-EQ-04,2024-07-09,05:00:00,0.5,Correctiva,Falla mecánica - desgaste de componente,416.0
PAR-004659,PC-EQ-03,2027-07-24,20:00:00,2.4,Operativa,Corte de energía externo,1020.0
PAR-006411,PC-EQ-08,2025-12-20,06:00:00,11.5,Correctiva,Falla de lubricación,
PAR-007190,PC-EQ-10,2027-03-01,00:00:00,18.7,Correctiva,Rotura de faja/correa,38242.0
PAR-007213,PC-EQ-10,2027-06-17,03:00:00,20.0,Correctiva,Falla mecánica - desgaste de componente,43637.0
PAR-006922,PC-EQ-10,2024-05-16,21:00:00,1.8,Operativa,Condiciones climáticas adversas,422.0
PAR-006167,PC-EQ-07,2027-02-15,02:00:00,2.4,Correctiva,Atoro de mineral / obstrucción,3170.0
PAR-005993,PC-EQ-07,2024-07-29,03:00:00,0.5,Correctiva,Atoro de mineral / obstrucción,731.0
PAR-005792,PC-EQ-06,2026-01-16,07:00:00,2.1,Operativa,Falta de mineral en cancha,752.0
PAR-003799,PC-EQ-01,2025-05-29,10:00:00,3.9,Correctiva,Falla mecánica - desgaste de componente,
PAR-006043,PC-EQ-07,2025-04-12,10:00:00,1.4,Operativa,Condiciones climáticas adversas,538.0
PAR-005899,PC-EQ-06,2027-03-24,02:00:00,8.7,Preventiva,Mantenimiento programado (plan anual),15907.0
PAR-004473,PC-EQ-03,2024-12-20,03:00:00,8.8,Correctiva,Falla de lubricación,13363.0
PAR-005763,PC-EQ-06,2025-09-16,01:00:00,7.4,Preventiva,Mantenimiento programado (plan anual),8741.0
PAR-005809,PC-EQ-06,2026-03-11,01:00:00,12.3,Correctiva,Falla de lubricación,14259.0
PAR-005289,PC-EQ-05,2025-03-15,02:00:00,17.3,Correctiva,Falla mecánica - desgaste de componente,18648.0
PAR-005107,PC-EQ-04,2027-07-20,01:00:00,1.8,Operativa,Falta de mineral en cancha,428.0
PAR-006834,PC-EQ-09,2027-05-21,13:00:00,6.1,Preventiva,Mantenimiento programado (plan anual),8417.0
PAR-006276,PC-EQ-08,2024-06-26,03:00:00,17.1,Correctiva,Falla eléctrica - motor/tablero,21457.0
PAR-007240,PC-EQ-10,2027-10-14,02:00:00,20.0,Correctiva,Falla mecánica - desgaste de componente,42153.0
PAR-004968,PC-EQ-04,2026-05-20,01:00:00,18.5,Correctiva,Rotura de faja/correa,17772.0
PAR-006152,PC-EQ-07,2026-12-21,05:00:00,1.2,Operativa,Falta de mineral en cancha,426.0
PAR-004496,PC-EQ-03,2025-04-15,16:00:00,1.5,Operativa,Falta de mineral en cancha,488.0
PAR-004118,PC-EQ-02,2024-10-19,09:00:00,1.0,Operativa,Condiciones climáticas adversas,246.0
PAR-005673,PC-EQ-06,2024-07-28,09:00:00,12.9,Correctiva,Falla mecánica - desgaste de componente,12537.0
PAR-003800,PC-EQ-01,2025-06-04,04:00:00,5.0,Preventiva,Indeterminado,4799.0
PAR-004220,PC-EQ-02,2026-01-03,12:00:00,6.7,Correctiva,Atoro de mineral / obstrucción,6984.0
PAR-004999,PC-EQ-04,2026-08-19,16:00:00,0.9,Operativa,Corte de energía externo,331.0
PAR-007118,PC-EQ-10,2026-06-01,01:00:00,20.0,Correctiva,Rotura de faja/correa,35031.0
PAR-006426,PC-EQ-08,2026-02-22,05:00:00,13.3,Correctiva,Atoro de mineral / obstrucción,27815.0
PAR-006181,PC-EQ-07,2027-04-11,18:00:00,2.6,Correctiva,Rotura de faja/correa,3512.0
PAR-005661,PC-EQ-06,2024-06-06,15:00:00,0.7,Correctiva,Indeterminado,1167.0
PAR-006453,PC-EQ-08,2026-06-17,05:00:00,8.2,Preventiva,Mantenimiento programado (plan anual),8546.0
PAR-007227,PC-EQ-10,2027-08-04,03:00:00,17.6,Correctiva,Rotura de faja/correa,20536.0
PAR-003910,PC-EQ-01,2026-07-28,05:00:00,5.6,Preventiva,Mantenimiento programado (plan anual),8914.0
PAR-006712,PC-EQ-09,2025-10-20,11:00:00,5.1,Correctiva,Atoro de mineral / obstrucción,4126.0
PAR-006869,PC-EQ-09,2027-11-07,03:00:00,5.4,Preventiva,Mantenimiento programado (plan anual),8097.0
PAR-006451,PC-EQ-08,2026-06-05,06:00:00,7.0,Correctiva,Atoro de mineral / obstrucción,12405.0
PAR-005378,PC-EQ-05,2025-12-17,03:00:00,20.0,Correctiva,Falla de lubricación,32447.0
PAR-007040,PC-EQ-10,2025-08-08,09:00:00,1.9,Operativa,Corte de energía externo,589.0
PAR-004871,PC-EQ-04,2025-07-15,14:00:00,6.6,Correctiva,Atoro de mineral / obstrucción,12741.0
PAR-005979,PC-EQ-07,2024-04-13,20:00:00,0.6,Operativa,Condiciones climáticas adversas,194.0
PAR-004644,PC-EQ-03,2027-05-01,00:00:00,5.3,Correctiva,Atoro de mineral / obstrucción,
PAR-006005,PC-EQ-07,2024-09-29,03:00:00,15.1,Correctiva,Rotura de faja/correa,16306.0
PAR-006961,PC-EQ-10,2024-10-14,02:00:00,5.1,Preventiva,Mantenimiento programado (plan anual),10828.0
PAR-004331,PC-EQ-02,2027-02-18,19:00:00,3.0,Correctiva,Falla de lubricación,4243.0
PAR-006988,PC-EQ-10,2025-02-02,07:00:00,5.9,Correctiva,Falla de lubricación,11631.0
PAR-006153,PC-EQ-07,2026-12-26,17:00:00,2.9,Correctiva,Falla de lubricación,4565.0
PAR-004028,PC-EQ-01,2027-10-24,15:00:00,6.0,Preventiva,Mantenimiento programado (plan anual),12973.0
PAR-004353,PC-EQ-02,2027-05-02,01:00:00,15.7,Correctiva,Atoro de mineral / obstrucción,17691.0
PAR-007225,PC-EQ-10,2027-08-02,07:00:00,14.2,Correctiva,Falla eléctrica - motor/tablero,17398.0
PAR-006936,PC-EQ-10,2024-07-22,09:00:00,5.6,Preventiva,Mantenimiento programado (plan anual),7167.0
PAR-006054,PC-EQ-07,2025-06-06,03:00:00,7.3,Preventiva,Mantenimiento programado (plan anual),9497.0
PAR-005584,PC-EQ-05,2027-09-03,00:00:00,20.0,Correctiva,Atoro de mineral / obstrucción,39910.0
PAR-007162,PC-EQ-10,2026-11-12,16:00:00,1.9,Operativa,Corte de energía externo,447.0
PAR-005972,PC-EQ-07,2024-03-04,14:00:00,5.1,Preventiva,Indeterminado,9178.0
PAR-006189,PC-EQ-07,2027-05-26,11:00:00,1.8,Correctiva,Falla de lubricación,2343.0
PAR-006229,PC-EQ-07,2027-12-15,06:00:00,2.4,Operativa,Falta de mineral en cancha,707.0
PAR-006607,PC-EQ-09,2024-03-24,04:00:00,6.3,Preventiva,Mantenimiento programado (plan anual),5553.0
PAR-007155,PC-EQ-10,2026-10-12,00:00:00,20.0,Correctiva,Falla de lubricación,40237.0
PAR-006583,PC-EQ-08,2027-10-31,04:00:00,2.3,Operativa,Corte de energía externo,1156.0
PAR-004188,PC-EQ-02,2025-08-11,06:00:00,7.1,Correctiva,Falla eléctrica - motor/tablero,10037.0
PAR-007165,PC-EQ-10,2026-11-20,12:00:00,8.0,Correctiva,Falla mecánica - desgaste de componente,14929.0
PAR-006252,PC-EQ-08,2024-03-30,06:00:00,5.7,Correctiva,Atoro de mineral / obstrucción,10458.0
PAR-004012,PC-EQ-01,2027-08-13,16:00:00,2.0,Operativa,Espera de insumos (reactivos/bolas de molienda),
PAR-006735,PC-EQ-09,2026-01-22,04:00:00,8.2,Preventiva,Mantenimiento programado (plan anual),14308.0
PAR-004898,PC-EQ-04,2025-10-05,12:00:00,5.8,Correctiva,Falla eléctrica - motor/tablero,7806.0
PAR-006448,PC-EQ-08,2026-05-19,12:00:00,4.3,Correctiva,Rotura de faja/correa,6554.0
PAR-005522,PC-EQ-05,2027-02-15,02:00:00,19.4,Correctiva,Falla de lubricación,23062.0
PAR-003793,PC-EQ-01,2025-04-30,00:00:00,0.6,Operativa,Condiciones climáticas adversas,209.0
PAR-004410,PC-EQ-03,2024-01-11,11:00:00,2.2,Correctiva,Falla de lubricación,2705.0
PAR-005877,PC-EQ-06,2026-12-26,00:00:00,4.6,Preventiva,Mantenimiento programado (plan anual),6492.0
PAR-003686,PC-EQ-01,2024-01-22,04:00:00,6.7,Preventiva,Mantenimiento programado (plan anual),9939.0
PAR-004516,PC-EQ-03,2025-07-19,06:00:00,3.9,Correctiva,Indeterminado,7766.0
PAR-006824,PC-EQ-09,2027-03-26,04:00:00,0.8,Operativa,Falta de mineral en cancha,437.0
PAR-007065,PC-EQ-10,2025-10-21,04:00:00,13.5,Correctiva,Atoro de mineral / obstrucción,
PAR-004998,PC-EQ-04,2026-08-16,05:00:00,17.1,Correctiva,Rotura de faja/correa,22757.0
PAR-004965,PC-EQ-04,2026-05-16,08:00:00,1.7,Operativa,Corte de energía externo,796.0
PAR-003787,PC-EQ-01,2025-03-30,08:00:00,11.7,Correctiva,Rotura de faja/correa,9858.0
PAR-003734,PC-EQ-01,2024-09-04,16:00:00,2.0,Correctiva,Falla eléctrica - motor/tablero,3712.0
PAR-004168,PC-EQ-02,2025-05-20,03:00:00,0.9,Operativa,Falta de mineral en cancha,275.0
PAR-006794,PC-EQ-09,2026-10-06,03:00:00,6.7,Correctiva,Falla eléctrica - motor/tablero,12804.0
PAR-006254,PC-EQ-08,2024-04-04,01:00:00,20.0,Correctiva,Rotura de faja/correa,30934.0
PAR-005693,PC-EQ-06,2024-11-06,13:00:00,2.2,Operativa,Falta de mineral en cancha,561.0
PAR-005521,PC-EQ-05,2027-02-05,07:00:00,4.7,Preventiva,Mantenimiento programado (plan anual),7235.0
PAR-005425,PC-EQ-05,2026-04-15,01:00:00,19.1,Correctiva,Falla mecánica - desgaste de componente,39904.0
PAR-004227,PC-EQ-02,2026-01-17,16:00:00,0.8,Correctiva,Falla mecánica - desgaste de componente,1633.0
PAR-004197,PC-EQ-02,2025-09-05,00:00:00,2.1,Operativa,Corte de energía externo,873.0
PAR-005802,PC-EQ-06,2026-02-16,19:00:00,2.8,Correctiva,Falla mecánica - desgaste de componente,3393.0
PAR-006359,PC-EQ-08,2025-05-21,13:00:00,2.8,Correctiva,Falla de lubricación,2934.0
PAR-006588,PC-EQ-08,2027-11-10,16:00:00,6.3,Preventiva,Mantenimiento programado (plan anual),
PAR-005525,PC-EQ-05,2027-02-19,05:00:00,5.1,Correctiva,Falla de lubricación,4890.0
PAR-005547,PC-EQ-05,2027-05-08,07:00:00,1.5,Operativa,Espera de insumos (reactivos/bolas de molienda),892.0
PAR-003744,PC-EQ-01,2024-10-10,18:00:00,2.0,Operativa,Corte de energía externo,1069.0
PAR-006456,PC-EQ-08,2026-06-29,13:00:00,5.2,Correctiva,Rotura de faja/correa,10181.0
PAR-006201,PC-EQ-07,2027-07-25,13:00:00,6.5,Correctiva,Falla eléctrica - motor/tablero,6843.0
PAR-005709,PC-EQ-06,2025-02-04,13:00:00,6.4,Correctiva,Rotura de faja/correa,9844.0
PAR-006185,PC-EQ-07,2027-04-25,17:00:00,2.1,Operativa,Falta de mineral en cancha,1180.0
PAR-005429,PC-EQ-05,2026-04-25,00:00:00,0.5,Correctiva,Atoro de mineral / obstrucción,795.0
PAR-006747,PC-EQ-09,2026-03-19,14:00:00,0.7,Operativa,Indeterminado,171.0
PAR-003850,PC-EQ-01,2025-12-28,10:00:00,2.7,Operativa,Condiciones climáticas adversas,985.0
PAR-005759,PC-EQ-06,2025-08-21,12:00:00,3.5,Correctiva,Rotura de faja/correa,4592.0
PAR-006374,PC-EQ-08,2025-07-27,16:00:00,1.4,Correctiva,Atoro de mineral / obstrucción,2190.0
PAR-006662,PC-EQ-09,2025-01-27,01:00:00,6.1,Correctiva,Falla mecánica - desgaste de componente,11766.0
PAR-006103,PC-EQ-07,2026-03-04,06:00:00,1.3,Correctiva,Falla de lubricación,1977.0
PAR-005762,PC-EQ-06,2025-09-06,16:00:00,5.0,Correctiva,Falla eléctrica - motor/tablero,10600.0
PAR-004624,PC-EQ-03,2026-12-25,15:00:00,1.6,Correctiva,Falla mecánica - desgaste de componente,2400.0
PAR-006600,PC-EQ-08,2027-12-28,06:00:00,1.5,Correctiva,Falla mecánica - desgaste de componente,2797.0
PAR-003912,PC-EQ-01,2026-08-08,04:00:00,0.5,Correctiva,Falla mecánica - desgaste de componente,440.0
PAR-005910,PC-EQ-06,2027-05-05,02:00:00,6.8,Correctiva,Falla de lubricación,13235.0
PAR-005769,PC-EQ-06,2025-10-11,08:00:00,0.9,Operativa,Espera de insumos (reactivos/bolas de molienda),426.0
PAR-007069,PC-EQ-10,2025-11-11,11:00:00,1.3,Correctiva,Falla eléctrica - motor/tablero,1331.0
PAR-006454,PC-EQ-08,2026-06-19,01:00:00,17.4,Correctiva,Falla mecánica - desgaste de componente,26496.0
PAR-005628,PC-EQ-06,2024-01-21,03:00:00,0.9,Correctiva,Falla eléctrica - motor/tablero,1922.0
PAR-003755,PC-EQ-01,2024-11-25,01:00:00,7.5,Preventiva,Mantenimiento programado (plan anual),14738.0
PAR-004288,PC-EQ-02,2026-09-01,00:00:00,3.6,Correctiva,Falla eléctrica - motor/tablero,3866.0
PAR-006768,PC-EQ-09,2026-06-09,22:00:00,0.7,Operativa,Espera de insumos (reactivos/bolas de molienda),376.0
PAR-005768,PC-EQ-06,2025-10-05,09:00:00,7.7,Preventiva,Indeterminado,12806.0
PAR-004514,PC-EQ-03,2025-07-16,18:00:00,2.6,Operativa,Corte de energía externo,1043.0
PAR-007163,PC-EQ-10,2026-11-16,06:00:00,1.6,Operativa,Indeterminado,803.0
PAR-004047,PC-EQ-02,2024-01-18,10:00:00,0.5,Correctiva,Falla mecánica - desgaste de componente,784.0
PAR-005070,PC-EQ-04,2027-04-11,15:00:00,1.5,Correctiva,Falla mecánica - desgaste de componente,2460.0
PAR-005738,PC-EQ-06,2025-05-16,01:00:00,2.3,Operativa,Corte de energía externo,916.0
PAR-006114,PC-EQ-07,2026-05-16,13:00:00,8.7,Correctiva,Atoro de mineral / obstrucción,12554.0
PAR-004831,PC-EQ-04,2025-02-21,03:00:00,20.0,Correctiva,Falla de lubricación,20008.0
PAR-004215,PC-EQ-02,2025-12-02,10:00:00,7.7,Correctiva,Atoro de mineral / obstrucción,8493.0
PAR-004823,PC-EQ-04,2025-01-20,02:00:00,0.6,Correctiva,Falla eléctrica - motor/tablero,1035.0
PAR-006806,PC-EQ-09,2026-11-28,07:00:00,0.9,Correctiva,Falla de lubricación,1863.0
PAR-006624,PC-EQ-09,2024-06-26,06:00:00,8.0,Correctiva,Falla eléctrica - motor/tablero,15184.0
PAR-005983,PC-EQ-07,2024-05-06,10:00:00,3.2,Correctiva,Rotura de faja/correa,3999.0
PAR-005117,PC-EQ-04,2027-08-16,11:00:00,2.1,Operativa,Espera de insumos (reactivos/bolas de molienda),495.0
PAR-004524,PC-EQ-03,2025-08-17,17:00:00,2.7,Operativa,Corte de energía externo,1369.0
PAR-004522,PC-EQ-03,2025-08-15,02:00:00,16.1,Correctiva,Atoro de mineral / obstrucción,30856.0
PAR-006929,PC-EQ-10,2024-06-08,05:00:00,18.0,Correctiva,Atoro de mineral / obstrucción,14875.0
PAR-007116,PC-EQ-10,2026-05-19,10:00:00,10.6,Correctiva,Falla mecánica - desgaste de componente,16609.0
PAR-006198,PC-EQ-07,2027-07-17,11:00:00,8.9,Preventiva,Mantenimiento programado (plan anual),
PAR-006044,PC-EQ-07,2025-04-19,04:00:00,5.4,Preventiva,Mantenimiento programado (plan anual),6785.0
PAR-006592,PC-EQ-08,2027-11-19,06:00:00,0.9,Correctiva,Falla mecánica - desgaste de componente,
PAR-006033,PC-EQ-07,2025-02-20,08:00:00,8.4,Preventiva,Mantenimiento programado (plan anual),12594.0
PAR-005637,PC-EQ-06,2024-03-02,19:00:00,0.5,Correctiva,Falla eléctrica - motor/tablero,507.0
PAR-006322,PC-EQ-08,2024-12-31,00:00:00,20.0,Correctiva,Rotura de faja/correa,26878.0
PAR-005472,PC-EQ-05,2026-08-22,00:00:00,1.8,Correctiva,Atoro de mineral / obstrucción,3809.0
PAR-005317,PC-EQ-05,2025-06-25,10:00:00,1.2,Correctiva,Falla mecánica - desgaste de componente,2501.0
PAR-005145,PC-EQ-04,2027-11-18,06:00:00,14.9,Correctiva,Rotura de faja/correa,31698.0
PAR-004369,PC-EQ-02,2027-07-18,00:00:00,4.4,Correctiva,Falla eléctrica - motor/tablero,9459.0
PAR-004246,PC-EQ-02,2026-03-17,14:00:00,2.1,Operativa,Corte de energía externo,613.0
PAR-006280,PC-EQ-08,2024-07-12,12:00:00,1.7,Operativa,Corte de energía externo,928.0
PAR-007152,PC-EQ-10,2026-10-01,07:00:00,1.4,Operativa,Condiciones climáticas adversas,436.0
PAR-005176,PC-EQ-05,2024-03-28,16:00:00,4.4,Correctiva,Falla de lubricación,7947.0
PAR-005442,PC-EQ-05,2026-05-27,05:00:00,7.2,Correctiva,Falla eléctrica - motor/tablero,11208.0
PAR-004830,PC-EQ-04,2025-02-21,06:00:00,5.3,Preventiva,Mantenimiento programado (plan anual),9437.0
PAR-004381,PC-EQ-02,2027-09-10,08:00:00,8.8,Preventiva,Mantenimiento programado (plan anual),11734.0
PAR-006805,PC-EQ-09,2026-11-23,03:00:00,9.6,Correctiva,Falla mecánica - desgaste de componente,15018.0
PAR-005207,PC-EQ-05,2024-06-28,22:00:00,0.5,Correctiva,Falla de lubricación,639.0
PAR-004702,PC-EQ-04,2024-02-12,08:00:00,7.3,Preventiva,Mantenimiento programado (plan anual),15928.0
PAR-004312,PC-EQ-02,2026-12-07,06:00:00,15.2,Correctiva,Atoro de mineral / obstrucción,24619.0
PAR-005404,PC-EQ-05,2026-03-02,20:00:00,1.4,Correctiva,Atoro de mineral / obstrucción,2150.0
PAR-006867,PC-EQ-09,2027-10-16,01:00:00,6.8,Preventiva,Mantenimiento programado (plan anual),10260.0
PAR-006281,PC-EQ-08,2024-07-12,10:00:00,12.3,Correctiva,Atoro de mineral / obstrucción,24181.0
PAR-005928,PC-EQ-06,2027-08-07,13:00:00,6.9,Preventiva,Mantenimiento programado (plan anual),11478.0
PAR-004295,PC-EQ-02,2026-09-24,06:00:00,11.5,Correctiva,Atoro de mineral / obstrucción,14830.0
PAR-003745,PC-EQ-01,2024-10-14,00:00:00,7.0,Correctiva,Rotura de faja/correa,5809.0
PAR-006673,PC-EQ-09,2025-04-07,16:00:00,4.1,Correctiva,Atoro de mineral / obstrucción,8485.0
PAR-005799,PC-EQ-06,2026-02-09,04:00:00,14.1,Correctiva,Falla mecánica - desgaste de componente,13011.0
PAR-004568,PC-EQ-03,2026-02-16,08:00:00,0.5,Correctiva,Falla eléctrica - motor/tablero,1076.0
PAR-006413,PC-EQ-08,2025-12-27,02:00:00,20.0,Correctiva,Atoro de mineral / obstrucción,35957.0
PAR-006098,PC-EQ-07,2026-01-24,04:00:00,7.7,Preventiva,Mantenimiento programado (plan anual),12959.0
PAR-004845,PC-EQ-04,2025-04-06,10:00:00,6.4,Correctiva,Falla de lubricación,10387.0
PAR-004950,PC-EQ-04,2026-03-19,08:00:00,4.5,Preventiva,Mantenimiento programado (plan anual),4455.0
PAR-005528,PC-EQ-05,2027-03-11,02:00:00,12.7,Correctiva,Atoro de mineral / obstrucción,16493.0
PAR-005126,PC-EQ-04,2027-09-14,01:00:00,16.5,Correctiva,Atoro de mineral / obstrucción,33338.0
PAR-004362,PC-EQ-02,2027-05-30,09:00:00,8.3,Preventiva,Mantenimiento programado (plan anual),15024.0
PAR-004250,PC-EQ-02,2026-04-05,18:00:00,3.3,Correctiva,Atoro de mineral / obstrucción,5387.0
PAR-006574,PC-EQ-08,2027-09-22,09:00:00,0.8,Correctiva,Rotura de faja/correa,1401.0
PAR-003791,PC-EQ-01,2025-04-22,05:00:00,7.4,Preventiva,Mantenimiento programado (plan anual),11985.0
PAR-004174,PC-EQ-02,2025-06-12,03:00:00,7.6,Correctiva,Rotura de faja/correa,12838.0
PAR-005195,PC-EQ-05,2024-05-27,08:00:00,10.8,Correctiva,Indeterminado,20225.0
PAR-004053,PC-EQ-02,2024-02-08,03:00:00,20.0,Correctiva,Rotura de faja/correa,18787.0
PAR-005356,PC-EQ-05,2025-11-02,20:00:00,2.4,Operativa,Falta de mineral en cancha,1194.0
PAR-004358,PC-EQ-02,2027-05-16,04:00:00,2.5,Operativa,Corte de energía externo,734.0
PAR-005885,PC-EQ-06,2027-01-21,00:00:00,10.6,Correctiva,Atoro de mineral / obstrucción,17223.0
PAR-006507,PC-EQ-08,2026-12-15,10:00:00,2.5,Operativa,Condiciones climáticas adversas,1112.0
PAR-004893,PC-EQ-04,2025-09-18,10:00:00,12.6,Correctiva,Rotura de faja/correa,24267.0
PAR-006424,PC-EQ-08,2026-02-19,09:00:00,1.4,Operativa,Espera de insumos (reactivos/bolas de molienda),651.0
PAR-004212,PC-EQ-02,2025-11-22,04:00:00,4.1,Correctiva,Rotura de faja/correa,7441.0
PAR-005664,PC-EQ-06,2024-06-30,18:00:00,5.0,Correctiva,Indeterminado,9599.0
PAR-004798,PC-EQ-04,2024-11-20,09:00:00,7.0,Preventiva,Mantenimiento programado (plan anual),
PAR-003942,PC-EQ-01,2026-12-01,01:00:00,6.9,Correctiva,Atoro de mineral / obstrucción,8664.0
PAR-005421,PC-EQ-05,2026-04-11,01:00:00,20.0,Correctiva,Rotura de faja/correa,38268.0
PAR-006270,PC-EQ-08,2024-06-11,17:00:00,3.5,Correctiva,Atoro de mineral / obstrucción,4261.0
PAR-005005,PC-EQ-04,2026-09-08,07:00:00,1.8,Operativa,Falta de mineral en cancha,987.0
PAR-005588,PC-EQ-05,2027-09-18,02:00:00,17.9,Correctiva,Rotura de faja/correa,21101.0
PAR-007158,PC-EQ-10,2026-11-01,00:00:00,20.0,Correctiva,Falla mecánica - desgaste de componente,34537.0
PAR-003761,PC-EQ-01,2024-12-28,00:00:00,19.0,Correctiva,Falla mecánica - desgaste de componente,41184.0
PAR-005916,PC-EQ-06,2027-06-05,18:00:00,2.3,Correctiva,Falla mecánica - desgaste de componente,3037.0
PAR-007236,PC-EQ-10,2027-10-02,11:00:00,8.1,Preventiva,Mantenimiento programado (plan anual),7598.0
PAR-006334,PC-EQ-08,2025-03-10,18:00:00,3.3,Correctiva,Falla eléctrica - motor/tablero,6372.0
PAR-007041,PC-EQ-10,2025-08-08,05:00:00,4.4,Correctiva,Falla eléctrica - motor/tablero,8307.0
PAR-006917,PC-EQ-10,2024-04-27,00:00:00,2.2,Operativa,Corte de energía externo,637.0
PAR-004631,PC-EQ-03,2027-01-19,07:00:00,14.6,Correctiva,Falla mecánica - desgaste de componente,27634.0
PAR-004549,PC-EQ-03,2025-12-09,02:00:00,14.0,Correctiva,Atoro de mineral / obstrucción,15184.0
PAR-006030,PC-EQ-07,2025-02-11,16:00:00,2.3,Operativa,Condiciones climáticas adversas,923.0
PAR-005920,PC-EQ-06,2027-07-05,20:00:00,1.8,Operativa,Condiciones climáticas adversas,940.0
PAR-004275,PC-EQ-02,2026-07-10,03:00:00,20.0,Correctiva,Falla de lubricación,23301.0
PAR-006709,PC-EQ-09,2025-10-14,09:00:00,9.9,Correctiva,Atoro de mineral / obstrucción,10074.0
PAR-006584,PC-EQ-08,2027-11-02,01:00:00,18.1,Correctiva,Falla mecánica - desgaste de componente,22660.0
PAR-005934,PC-EQ-06,2027-08-28,12:00:00,4.6,Preventiva,Mantenimiento programado (plan anual),6326.0
PAR-004077,PC-EQ-02,2024-05-07,12:00:00,2.2,Operativa,Falta de mineral en cancha,1116.0
PAR-003951,PC-EQ-01,2027-01-11,08:00:00,6.5,Correctiva,Falla de lubricación,11955.0
PAR-004983,PC-EQ-04,2026-06-30,07:00:00,7.1,Correctiva,Rotura de faja/correa,12376.0
PAR-004565,PC-EQ-03,2026-02-11,05:00:00,5.3,Preventiva,Mantenimiento programado (plan anual),7850.0
PAR-005329,PC-EQ-05,2025-08-01,08:00:00,11.7,Correctiva,Falla de lubricación,19767.0
PAR-005579,PC-EQ-05,2027-08-20,01:00:00,20.0,Correctiva,Falla mecánica - desgaste de componente,26868.0
PAR-005483,PC-EQ-05,2026-10-13,00:00:00,20.0,Correctiva,Falla mecánica - desgaste de componente,19630.0
PAR-006498,PC-EQ-08,2026-11-15,21:00:00,2.0,Operativa,Espera de insumos (reactivos/bolas de molienda),932.0
PAR-005593,PC-EQ-05,2027-09-29,08:00:00,3.9,Correctiva,Falla mecánica - desgaste de componente,4779.0
PAR-004678,PC-EQ-03,2027-11-13,08:00:00,2.8,Correctiva,Atoro de mineral / obstrucción,5822.0
PAR-004115,PC-EQ-02,2024-10-02,02:00:00,3.3,Correctiva,Rotura de faja/correa,5744.0
PAR-006415,PC-EQ-08,2026-01-01,05:00:00,0.8,Operativa,Corte de energía externo,187.0
PAR-005153,PC-EQ-04,2027-12-06,09:00:00,10.9,Correctiva,Rotura de faja/correa,18619.0
PAR-005449,PC-EQ-05,2026-06-19,08:00:00,3.1,Correctiva,Falla eléctrica - motor/tablero,5893.0
PAR-004667,PC-EQ-03,2027-09-03,01:00:00,4.0,Preventiva,Mantenimiento programado (plan anual),3878.0
PAR-005508,PC-EQ-05,2026-12-30,17:00:00,5.3,Preventiva,Mantenimiento programado (plan anual),7946.0
PAR-005783,PC-EQ-06,2025-12-03,01:00:00,10.0,Correctiva,Atoro de mineral / obstrucción,13102.0
PAR-004523,PC-EQ-03,2025-08-17,06:00:00,7.1,Preventiva,Mantenimiento programado (plan anual),11571.0
PAR-004436,PC-EQ-03,2024-05-11,06:00:00,1.0,Operativa,Falta de mineral en cancha,255.0
PAR-004491,PC-EQ-03,2025-03-24,17:00:00,2.2,Operativa,Falta de mineral en cancha,669.0
PAR-004076,PC-EQ-02,2024-05-03,20:00:00,2.9,Operativa,Corte de energía externo,999.0
PAR-005925,PC-EQ-06,2027-07-24,12:00:00,6.0,Correctiva,Falla de lubricación,6476.0
PAR-004746,PC-EQ-04,2024-06-17,07:00:00,3.0,Operativa,Condiciones climáticas adversas,1384.0
PAR-006465,PC-EQ-08,2026-08-03,18:00:00,3.0,Correctiva,Falla eléctrica - motor/tablero,4930.0
PAR-006190,PC-EQ-07,2027-05-27,12:00:00,2.8,Operativa,Condiciones climáticas adversas,909.0
PAR-005882,PC-EQ-06,2027-01-17,03:00:00,9.2,Correctiva,Falla de lubricación,11741.0
PAR-006675,PC-EQ-09,2025-04-11,06:00:00,3.4,Correctiva,Falla de lubricación,5309.0
PAR-005634,PC-EQ-06,2024-02-08,04:00:00,8.5,Preventiva,Mantenimiento programado (plan anual),14408.0
PAR-003962,PC-EQ-01,2027-03-06,00:00:00,6.6,Correctiva,Falla eléctrica - motor/tablero,10942.0
PAR-005183,PC-EQ-05,2024-04-15,05:00:00,2.1,Operativa,Condiciones climáticas adversas,616.0
PAR-005004,PC-EQ-04,2026-09-05,04:00:00,16.6,Correctiva,Rotura de faja/correa,25330.0
PAR-004330,PC-EQ-02,2027-02-17,14:00:00,6.8,Preventiva,Mantenimiento programado (plan anual),8646.0
PAR-005714,PC-EQ-06,2025-02-27,11:00:00,2.9,Operativa,Condiciones climáticas adversas,1449.0
PAR-005777,PC-EQ-06,2025-10-30,00:00:00,20.0,Correctiva,Rotura de faja/correa,16442.0
PAR-004142,PC-EQ-02,2025-01-23,05:00:00,8.0,Correctiva,Falla mecánica - desgaste de componente,10473.0
PAR-004346,PC-EQ-02,2027-04-11,16:00:00,2.2,Correctiva,Rotura de faja/correa,3099.0
PAR-004841,PC-EQ-04,2025-03-31,00:00:00,20.0,Correctiva,Falla eléctrica - motor/tablero,19922.0
PAR-005165,PC-EQ-05,2024-02-06,18:00:00,1.8,Operativa,Falta de mineral en cancha,925.0
PAR-004989,PC-EQ-04,2026-07-20,11:00:00,5.0,Correctiva,Rotura de faja/correa,6501.0
PAR-005041,PC-EQ-04,2026-12-04,08:00:00,7.4,Preventiva,Mantenimiento programado (plan anual),14323.0
PAR-004252,PC-EQ-02,2026-04-08,03:00:00,15.3,Correctiva,Rotura de faja/correa,16557.0
PAR-005597,PC-EQ-05,2027-10-07,01:00:00,20.0,Correctiva,Falla eléctrica - motor/tablero,21837.0
PAR-007206,PC-EQ-10,2027-05-08,03:00:00,3.2,Correctiva,Atoro de mineral / obstrucción,3865.0
PAR-006248,PC-EQ-08,2024-02-29,12:00:00,5.5,Preventiva,Mantenimiento programado (plan anual),11595.0
PAR-004240,PC-EQ-02,2026-02-21,08:00:00,12.9,Correctiva,Atoro de mineral / obstrucción,21487.0
PAR-006204,PC-EQ-07,2027-08-04,09:00:00,0.5,Correctiva,Atoro de mineral / obstrucción,
PAR-006136,PC-EQ-07,2026-09-25,11:00:00,7.7,Preventiva,Mantenimiento programado (plan anual),16107.0
PAR-005390,PC-EQ-05,2026-02-01,01:00:00,20.0,Correctiva,Falla de lubricación,36881.0
PAR-005712,PC-EQ-06,2025-02-25,08:00:00,4.5,Correctiva,Falla mecánica - desgaste de componente,5452.0
PAR-004301,PC-EQ-02,2026-10-20,00:00:00,1.1,Correctiva,Falla mecánica - desgaste de componente,1417.0
PAR-006536,PC-EQ-08,2027-04-03,13:00:00,3.6,Correctiva,Falla eléctrica - motor/tablero,5501.0
PAR-005162,PC-EQ-05,2024-01-28,00:00:00,20.0,Correctiva,Falla eléctrica - motor/tablero,43897.0
PAR-003705,PC-EQ-01,2024-05-04,08:00:00,5.8,Preventiva,Mantenimiento programado (plan anual),7589.0
PAR-004754,PC-EQ-04,2024-07-10,17:00:00,1.4,Correctiva,Atoro de mineral / obstrucción,3008.0
PAR-004041,PC-EQ-01,2027-12-16,15:00:00,2.7,Correctiva,Rotura de faja/correa,5937.0
PAR-005062,PC-EQ-04,2027-03-17,06:00:00,7.8,Correctiva,Falla de lubricación,15680.0
PAR-006732,PC-EQ-09,2026-01-05,17:00:00,4.7,Preventiva,Mantenimiento programado (plan anual),7476.0
PAR-006104,PC-EQ-07,2026-03-17,06:00:00,1.6,Operativa,Corte de energía externo,860.0
PAR-005384,PC-EQ-05,2026-01-05,16:00:00,1.1,Operativa,Falta de mineral en cancha,421.0
PAR-004307,PC-EQ-02,2026-11-02,22:00:00,0.5,Correctiva,Falla mecánica - desgaste de componente,419.0
PAR-007082,PC-EQ-10,2026-01-22,03:00:00,10.9,Correctiva,Falla mecánica - desgaste de componente,13952.0
PAR-006364,PC-EQ-08,2025-06-15,17:00:00,5.1,Correctiva,Falla mecánica - desgaste de componente,9330.0
PAR-005437,PC-EQ-05,2026-05-21,09:00:00,4.2,Preventiva,Mantenimiento programado (plan anual),7914.0
PAR-006896,PC-EQ-10,2024-02-21,02:00:00,8.7,Preventiva,Mantenimiento programado (plan anual),11671.0
PAR-006799,PC-EQ-09,2026-11-03,03:00:00,0.5,Correctiva,Falla eléctrica - motor/tablero,453.0
PAR-004857,PC-EQ-04,2025-05-24,01:00:00,2.4,Operativa,Corte de energía externo,877.0
PAR-004744,PC-EQ-04,2024-06-07,11:00:00,2.2,Operativa,Condiciones climáticas adversas,780.0
PAR-005700,PC-EQ-06,2024-12-12,02:00:00,20.0,Correctiva,Atoro de mineral / obstrucción,26933.0
PAR-005874,PC-EQ-06,2026-12-23,03:00:00,2.8,Operativa,Espera de insumos (reactivos/bolas de molienda),872.0
PAR-005879,PC-EQ-06,2027-01-04,20:00:00,0.5,Correctiva,Falla mecánica - desgaste de componente,725.0
PAR-006115,PC-EQ-07,2026-05-17,10:00:00,5.9,Preventiva,Mantenimiento programado (plan anual),6378.0
PAR-005169,PC-EQ-05,2024-02-27,09:00:00,4.4,Correctiva,Rotura de faja/correa,5847.0
PAR-003871,PC-EQ-01,2026-03-05,21:00:00,0.5,Correctiva,Indeterminado,793.0
PAR-005193,PC-EQ-05,2024-05-23,17:00:00,1.7,Correctiva,Atoro de mineral / obstrucción,1749.0
PAR-003707,PC-EQ-01,2024-05-18,10:00:00,5.6,Preventiva,Mantenimiento programado (plan anual),8027.0
PAR-005526,PC-EQ-05,2027-02-23,09:00:00,3.3,Correctiva,Falla eléctrica - motor/tablero,2907.0
PAR-006792,PC-EQ-09,2026-09-25,13:00:00,4.7,Correctiva,Atoro de mineral / obstrucción,5869.0
PAR-006561,PC-EQ-08,2027-08-11,01:00:00,0.5,Operativa,Espera de insumos (reactivos/bolas de molienda),205.0
PAR-004348,PC-EQ-02,2027-04-14,04:00:00,5.4,Correctiva,Indeterminado,6721.0
PAR-004448,PC-EQ-03,2024-07-27,01:00:00,9.0,Preventiva,Mantenimiento programado (plan anual),19416.0
PAR-004049,PC-EQ-02,2024-01-29,00:00:00,9.0,Correctiva,Rotura de faja/correa,13019.0
PAR-005493,PC-EQ-05,2026-11-08,02:00:00,2.0,Operativa,Condiciones climáticas adversas,1025.0
PAR-005393,PC-EQ-05,2026-02-04,17:00:00,1.6,Operativa,Indeterminado,882.0
PAR-005411,PC-EQ-05,2026-03-15,01:00:00,5.7,Preventiva,Mantenimiento programado (plan anual),11936.0
PAR-003875,PC-EQ-01,2026-03-21,01:00:00,2.3,Operativa,Corte de energía externo,1230.0
PAR-005980,PC-EQ-07,2024-04-15,02:00:00,15.3,Correctiva,Rotura de faja/correa,27216.0
PAR-003949,PC-EQ-01,2027-01-04,03:00:00,2.0,Correctiva,Atoro de mineral / obstrucción,3458.0
PAR-007210,PC-EQ-10,2027-06-01,04:00:00,13.8,Correctiva,Falla mecánica - desgaste de componente,22028.0
PAR-003802,PC-EQ-01,2025-06-27,01:00:00,16.2,Correctiva,Atoro de mineral / obstrucción,30375.0
PAR-003845,PC-EQ-01,2025-12-18,17:00:00,1.9,Operativa,Condiciones climáticas adversas,539.0
PAR-004870,PC-EQ-04,2025-07-13,02:00:00,1.5,Correctiva,Falla mecánica - desgaste de componente,2257.0
PAR-004231,PC-EQ-02,2026-01-25,15:00:00,1.0,Operativa,Falta de mineral en cancha,433.0
PAR-005594,PC-EQ-05,2027-09-30,17:00:00,4.4,Correctiva,Falla de lubricación,6116.0
PAR-005697,PC-EQ-06,2024-11-30,03:00:00,6.3,Preventiva,Mantenimiento programado (plan anual),8499.0
PAR-004063,PC-EQ-02,2024-03-13,02:00:00,20.0,Correctiva,Rotura de faja/correa,31131.0
PAR-006597,PC-EQ-08,2027-12-14,19:00:00,3.1,Correctiva,Rotura de faja/correa,3860.0
PAR-005262,PC-EQ-05,2024-12-15,05:00:00,5.8,Correctiva,Rotura de faja/correa,7417.0
PAR-006604,PC-EQ-09,2024-02-13,00:00:00,5.6,Preventiva,Mantenimiento programado (plan anual),12241.0
PAR-004242,PC-EQ-02,2026-02-27,14:00:00,4.6,Preventiva,Mantenimiento programado (plan anual),7612.0
PAR-004449,PC-EQ-03,2024-07-28,17:00:00,3.8,Correctiva,Rotura de faja/correa,3913.0
PAR-005682,PC-EQ-06,2024-09-06,13:00:00,5.5,Preventiva,Mantenimiento programado (plan anual),5590.0
PAR-004674,PC-EQ-03,2027-10-10,13:00:00,1.6,Operativa,Indeterminado,421.0
PAR-005150,PC-EQ-04,2027-12-03,22:00:00,0.7,Operativa,Corte de energía externo,227.0
PAR-003858,PC-EQ-01,2026-01-25,10:00:00,5.3,Correctiva,Falla eléctrica - motor/tablero,5426.0
PAR-004654,PC-EQ-03,2027-06-20,11:00:00,8.5,Preventiva,Mantenimiento programado (plan anual),14544.0
PAR-004217,PC-EQ-02,2025-12-18,02:00:00,7.6,Preventiva,Mantenimiento programado (plan anual),11916.0
PAR-004555,PC-EQ-03,2026-01-02,01:00:00,5.4,Preventiva,Mantenimiento programado (plan anual),
PAR-003695,PC-EQ-01,2024-03-12,05:00:00,4.7,Preventiva,Mantenimiento programado (plan anual),9799.0
PAR-006610,PC-EQ-09,2024-04-10,06:00:00,2.1,Operativa,Indeterminado,1145.0
PAR-004911,PC-EQ-04,2025-11-22,04:00:00,14.0,Correctiva,Atoro de mineral / obstrucción,24906.0
PAR-004405,PC-EQ-02,2027-12-26,08:00:00,1.2,Correctiva,Falla mecánica - desgaste de componente,1754.0
PAR-005892,PC-EQ-06,2027-02-13,05:00:00,1.2,Operativa,Condiciones climáticas adversas,475.0
PAR-004820,PC-EQ-04,2025-01-15,12:00:00,1.7,Operativa,Corte de energía externo,390.0
PAR-005909,PC-EQ-06,2027-04-30,14:00:00,7.0,Preventiva,Mantenimiento programado (plan anual),8905.0
PAR-004439,PC-EQ-03,2024-05-25,09:00:00,1.7,Operativa,Espera de insumos (reactivos/bolas de molienda),831.0
PAR-005718,PC-EQ-06,2025-03-15,11:00:00,7.7,Preventiva,Mantenimiento programado (plan anual),13244.0
PAR-005049,PC-EQ-04,2027-01-16,18:00:00,0.5,Correctiva,Falla eléctrica - motor/tablero,783.0
PAR-003990,PC-EQ-01,2027-06-11,08:00:00,2.9,Correctiva,Falla mecánica - desgaste de componente,4884.0
PAR-003754,PC-EQ-01,2024-11-24,05:00:00,1.7,Operativa,Espera de insumos (reactivos/bolas de molienda),422.0
PAR-005592,PC-EQ-05,2027-09-29,01:00:00,6.0,Preventiva,Mantenimiento programado (plan anual),9487.0
PAR-007044,PC-EQ-10,2025-08-25,03:00:00,18.4,Correctiva,Atoro de mineral / obstrucción,22217.0
PAR-005056,PC-EQ-04,2027-02-14,00:00:00,18.4,Correctiva,Falla mecánica - desgaste de componente,15728.0
PAR-004247,PC-EQ-02,2026-03-19,05:00:00,6.2,Correctiva,Falla eléctrica - motor/tablero,
PAR-007091,PC-EQ-10,2026-02-25,13:00:00,8.7,Preventiva,Mantenimiento programado (plan anual),16139.0
PAR-004255,PC-EQ-02,2026-04-19,07:00:00,1.6,Operativa,Espera de insumos (reactivos/bolas de molienda),729.0
PAR-003992,PC-EQ-01,2027-06-21,07:00:00,4.9,Correctiva,Falla mecánica - desgaste de componente,5072.0
PAR-006321,PC-EQ-08,2024-12-30,13:00:00,10.0,Correctiva,Falla de lubricación,18195.0
PAR-004458,PC-EQ-03,2024-09-15,11:00:00,7.5,Preventiva,Mantenimiento programado (plan anual),15940.0
PAR-006686,PC-EQ-09,2025-06-27,15:00:00,0.5,Correctiva,Falla mecánica - desgaste de componente,1056.0
PAR-004563,PC-EQ-03,2026-02-01,06:00:00,2.5,Operativa,Falta de mineral en cancha,1191.0
PAR-007218,PC-EQ-10,2027-07-08,16:00:00,0.7,Correctiva,Atoro de mineral / obstrucción,1330.0
PAR-004554,PC-EQ-03,2025-12-23,10:00:00,11.7,Correctiva,Falla eléctrica - motor/tablero,20294.0
PAR-005503,PC-EQ-05,2026-12-16,04:00:00,5.9,Preventiva,Mantenimiento programado (plan anual),6235.0
PAR-004571,PC-EQ-03,2026-03-05,04:00:00,2.1,Operativa,Falta de mineral en cancha,913.0
PAR-004466,PC-EQ-03,2024-11-04,09:00:00,7.6,Preventiva,Mantenimiento programado (plan anual),7811.0
PAR-007214,PC-EQ-10,2027-06-23,07:00:00,2.8,Correctiva,Atoro de mineral / obstrucción,
PAR-005626,PC-EQ-06,2024-01-16,19:00:00,0.8,Operativa,Corte de energía externo,261.0
PAR-005821,PC-EQ-06,2026-04-27,17:00:00,6.0,Preventiva,Mantenimiento programado (plan anual),8499.0
PAR-005731,PC-EQ-06,2025-04-20,02:00:00,20.0,Correctiva,Atoro de mineral / obstrucción,22035.0
PAR-003818,PC-EQ-01,2025-09-01,12:00:00,3.0,Operativa,Espera de insumos (reactivos/bolas de molienda),1628.0
PAR-003736,PC-EQ-01,2024-09-12,05:00:00,2.8,Correctiva,Atoro de mineral / obstrucción,3074.0
PAR-004425,PC-EQ-03,2024-03-22,06:00:00,8.9,Preventiva,Mantenimiento programado (plan anual),17612.0
PAR-004909,PC-EQ-04,2025-11-14,08:00:00,4.5,Preventiva,Mantenimiento programado (plan anual),6037.0
PAR-005725,PC-EQ-06,2025-04-02,08:00:00,2.2,Operativa,Falta de mineral en cancha,784.0
PAR-005328,PC-EQ-05,2025-07-27,05:00:00,9.0,Correctiva,Atoro de mineral / obstrucción,13031.0
PAR-006885,PC-EQ-10,2024-01-04,14:00:00,7.5,Correctiva,Falla eléctrica - motor/tablero,7665.0
PAR-005829,PC-EQ-06,2026-06-01,12:00:00,2.3,Correctiva,Falla eléctrica - motor/tablero,
PAR-004804,PC-EQ-04,2024-12-07,13:00:00,2.4,Correctiva,Atoro de mineral / obstrucción,2952.0
PAR-005198,PC-EQ-05,2024-06-03,15:00:00,2.8,Operativa,Condiciones climáticas adversas,1421.0
PAR-004340,PC-EQ-02,2027-03-19,07:00:00,2.0,Operativa,Condiciones climáticas adversas,988.0
PAR-004795,PC-EQ-04,2024-11-09,01:00:00,20.0,Correctiva,Falla eléctrica - motor/tablero,28501.0
PAR-006513,PC-EQ-08,2027-01-14,12:00:00,7.8,Preventiva,Mantenimiento programado (plan anual),10314.0
PAR-007035,PC-EQ-10,2025-07-16,15:00:00,6.3,Preventiva,Mantenimiento programado (plan anual),6804.0
PAR-006608,PC-EQ-09,2024-04-02,12:00:00,2.7,Correctiva,Falla de lubricación,2364.0
PAR-004107,PC-EQ-02,2024-08-20,05:00:00,12.1,Correctiva,Falla mecánica - desgaste de componente,
PAR-005213,PC-EQ-05,2024-07-14,04:00:00,9.7,Correctiva,Falla de lubricación,12903.0
PAR-006769,PC-EQ-09,2026-06-29,16:00:00,5.3,Preventiva,Mantenimiento programado (plan anual),7691.0
PAR-006213,PC-EQ-07,2027-09-05,01:00:00,8.8,Preventiva,Mantenimiento programado (plan anual),13508.0
PAR-004223,PC-EQ-02,2026-01-07,16:00:00,3.0,Operativa,Corte de energía externo,1731.0
PAR-006878,PC-EQ-09,2027-11-29,18:00:00,2.1,Operativa,Falta de mineral en cancha,518.0
PAR-006652,PC-EQ-09,2024-12-08,13:00:00,2.5,Operativa,Corte de energía externo,994.0
PAR-007120,PC-EQ-10,2026-06-02,01:00:00,2.8,Correctiva,Falla eléctrica - motor/tablero,4517.0
PAR-007108,PC-EQ-10,2026-04-20,14:00:00,0.5,Correctiva,Falla mecánica - desgaste de componente,569.0
PAR-006218,PC-EQ-07,2027-09-30,09:00:00,1.1,Operativa,Falta de mineral en cancha,377.0
PAR-004131,PC-EQ-02,2024-12-13,00:00:00,12.7,Correctiva,Falla mecánica - desgaste de componente,22211.0
PAR-006443,PC-EQ-08,2026-05-04,15:00:00,4.2,Correctiva,Falla eléctrica - motor/tablero,4236.0
PAR-006605,PC-EQ-09,2024-02-17,05:00:00,10.4,Correctiva,Falla eléctrica - motor/tablero,21862.0
PAR-006856,PC-EQ-09,2027-08-28,07:00:00,5.3,Correctiva,Atoro de mineral / obstrucción,5200.0
PAR-006590,PC-EQ-08,2027-11-16,12:00:00,1.9,Correctiva,Falla eléctrica - motor/tablero,1754.0
PAR-004849,PC-EQ-04,2025-04-30,05:00:00,5.9,Correctiva,Falla eléctrica - motor/tablero,6905.0
PAR-005742,PC-EQ-06,2025-06-04,06:00:00,4.0,Correctiva,Atoro de mineral / obstrucción,7470.0
PAR-006853,PC-EQ-09,2027-08-12,09:00:00,2.8,Operativa,Indeterminado,1393.0
PAR-004503,PC-EQ-03,2025-05-13,03:00:00,2.7,Operativa,Falta de mineral en cancha,851.0
PAR-006226,PC-EQ-07,2027-12-05,05:00:00,4.5,Correctiva,Falla mecánica - desgaste de componente,3712.0
PAR-006209,PC-EQ-07,2027-08-23,15:00:00,0.5,Correctiva,Falla de lubricación,738.0
PAR-006730,PC-EQ-09,2025-12-30,03:00:00,7.1,Correctiva,Falla eléctrica - motor/tablero,7778.0
PAR-004805,PC-EQ-04,2024-12-13,06:00:00,14.6,Correctiva,Falla mecánica - desgaste de componente,18563.0
PAR-003821,PC-EQ-01,2025-09-08,05:00:00,1.2,Operativa,Falta de mineral en cancha,363.0
PAR-005402,PC-EQ-05,2026-02-25,01:00:00,0.8,Operativa,Espera de insumos (reactivos/bolas de molienda),214.0
PAR-006088,PC-EQ-07,2025-12-10,02:00:00,6.8,Preventiva,Mantenimiento programado (plan anual),14105.0
PAR-006187,PC-EQ-07,2027-05-14,01:00:00,7.0,Preventiva,Mantenimiento programado (plan anual),13475.0
PAR-007097,PC-EQ-10,2026-03-12,00:00:00,2.6,Correctiva,Atoro de mineral / obstrucción,5209.0
PAR-006408,PC-EQ-08,2025-12-11,07:00:00,12.6,Correctiva,Atoro de mineral / obstrucción,23179.0
PAR-004176,PC-EQ-02,2025-07-02,07:00:00,1.8,Correctiva,Falla eléctrica - motor/tablero,2909.0
PAR-004470,PC-EQ-03,2024-12-07,17:00:00,0.7,Operativa,Condiciones climáticas adversas,170.0
PAR-005418,PC-EQ-05,2026-04-01,00:00:00,20.0,Correctiva,Falla de lubricación,18794.0
PAR-006473,PC-EQ-08,2026-08-30,10:00:00,10.8,Correctiva,Falla de lubricación,16244.0
PAR-005492,PC-EQ-05,2026-11-05,05:00:00,16.1,Correctiva,Falla eléctrica - motor/tablero,26673.0
PAR-005530,PC-EQ-05,2027-03-18,07:00:00,13.9,Correctiva,Falla mecánica - desgaste de componente,25093.0
PAR-005444,PC-EQ-05,2026-06-03,06:00:00,5.6,Correctiva,Falla eléctrica - motor/tablero,7757.0
PAR-004640,PC-EQ-03,2027-03-25,19:00:00,2.1,Correctiva,Falla eléctrica - motor/tablero,4050.0
PAR-005297,PC-EQ-05,2025-04-08,09:00:00,5.4,Correctiva,Rotura de faja/correa,6475.0
PAR-004194,PC-EQ-02,2025-08-29,00:00:00,20.0,Correctiva,Falla de lubricación,40219.0
PAR-006405,PC-EQ-08,2025-11-28,11:00:00,0.9,Operativa,Espera de insumos (reactivos/bolas de molienda),206.0
PAR-006243,PC-EQ-08,2024-02-16,07:00:00,14.5,Correctiva,Rotura de faja/correa,15521.0
PAR-005876,PC-EQ-06,2026-12-24,08:00:00,5.5,Correctiva,Atoro de mineral / obstrucción,10946.0
PAR-006500,PC-EQ-08,2026-11-26,11:00:00,5.7,Preventiva,Mantenimiento programado (plan anual),
PAR-004776,PC-EQ-04,2024-09-03,04:00:00,13.5,Correctiva,Rotura de faja/correa,18770.0
PAR-005532,PC-EQ-05,2027-03-25,21:00:00,1.0,Operativa,Espera de insumos (reactivos/bolas de molienda),432.0
PAR-006324,PC-EQ-08,2025-01-13,03:00:00,4.5,Correctiva,Rotura de faja/correa,8085.0
PAR-005991,PC-EQ-07,2024-07-08,15:00:00,1.2,Operativa,Espera de insumos (reactivos/bolas de molienda),267.0
PAR-004878,PC-EQ-04,2025-07-29,21:00:00,2.0,Correctiva,Falla eléctrica - motor/tablero,2706.0
PAR-006958,PC-EQ-10,2024-09-29,07:00:00,5.4,Preventiva,Mantenimiento programado (plan anual),8936.0
PAR-005791,PC-EQ-06,2026-01-15,12:00:00,9.7,Correctiva,Falla de lubricación,15671.0
PAR-006641,PC-EQ-09,2024-10-24,08:00:00,4.1,Preventiva,Mantenimiento programado (plan anual),7620.0
PAR-004001,PC-EQ-01,2027-07-19,18:00:00,1.9,Operativa,Falta de mineral en cancha,1085.0
PAR-005372,PC-EQ-05,2025-12-06,10:00:00,12.6,Correctiva,Atoro de mineral / obstrucción,20347.0
PAR-005284,PC-EQ-05,2025-02-24,00:00:00,18.0,Correctiva,Falla eléctrica - motor/tablero,27706.0
PAR-007066,PC-EQ-10,2025-10-25,16:00:00,1.9,Operativa,Condiciones climáticas adversas,760.0
PAR-004902,PC-EQ-04,2025-10-18,03:00:00,2.0,Operativa,Espera de insumos (reactivos/bolas de molienda),1163.0
PAR-005765,PC-EQ-06,2025-09-23,02:00:00,13.4,Correctiva,Falla mecánica - desgaste de componente,15266.0
PAR-005945,PC-EQ-06,2027-10-03,07:00:00,0.5,Correctiva,Indeterminado,
PAR-004724,PC-EQ-04,2024-04-13,03:00:00,20.0,Correctiva,Falla mecánica - desgaste de componente,23887.0
PAR-006272,PC-EQ-08,2024-06-14,00:00:00,12.6,Correctiva,Falla mecánica - desgaste de componente,14971.0
PAR-004483,PC-EQ-03,2025-02-10,06:00:00,2.5,Operativa,Falta de mineral en cancha,1251.0
PAR-006978,PC-EQ-10,2024-12-23,14:00:00,0.5,Correctiva,Falla de lubricación,529.0
PAR-005974,PC-EQ-07,2024-03-10,15:00:00,3.1,Correctiva,Falla de lubricación,5714.0
PAR-005736,PC-EQ-06,2025-05-09,07:00:00,1.4,Operativa,Falta de mineral en cancha,507.0
PAR-007009,PC-EQ-10,2025-04-17,02:00:00,5.2,Preventiva,Indeterminado,10725.0
PAR-005243,PC-EQ-05,2024-10-07,05:00:00,7.7,Correctiva,Falla mecánica - desgaste de componente,11772.0
PAR-005914,PC-EQ-06,2027-05-31,18:00:00,0.7,Correctiva,Falla eléctrica - motor/tablero,1157.0
PAR-005146,PC-EQ-04,2027-11-21,02:00:00,8.6,Preventiva,Mantenimiento programado (plan anual),8929.0
PAR-004265,PC-EQ-02,2026-05-26,02:00:00,2.5,Operativa,Corte de energía externo,931.0
PAR-005660,PC-EQ-06,2024-06-03,05:00:00,3.0,Correctiva,Falla de lubricación,3724.0
PAR-006666,PC-EQ-09,2025-02-24,15:00:00,2.5,Correctiva,Falla eléctrica - motor/tablero,3626.0
PAR-003785,PC-EQ-01,2025-03-14,09:00:00,13.3,Correctiva,Falla de lubricación,16106.0
PAR-004279,PC-EQ-02,2026-07-26,01:00:00,20.0,Correctiva,Indeterminado,26979.0
PAR-003771,PC-EQ-01,2025-02-01,08:00:00,12.1,Correctiva,Falla de lubricación,13893.0
PAR-005649,PC-EQ-06,2024-04-26,08:00:00,0.8,Correctiva,Rotura de faja/correa,1118.0
PAR-006858,PC-EQ-09,2027-09-07,19:00:00,0.8,Correctiva,Atoro de mineral / obstrucción,1653.0
PAR-004525,PC-EQ-03,2025-08-19,15:00:00,2.5,Correctiva,Falla de lubricación,4017.0
PAR-004671,PC-EQ-03,2027-09-29,21:00:00,0.9,Operativa,Espera de insumos (reactivos/bolas de molienda),340.0
PAR-003885,PC-EQ-01,2026-04-17,11:00:00,1.7,Operativa,Espera de insumos (reactivos/bolas de molienda),632.0
PAR-004152,PC-EQ-02,2025-03-14,10:00:00,1.2,Operativa,Condiciones climáticas adversas,284.0
PAR-004273,PC-EQ-02,2026-07-07,03:00:00,2.0,Operativa,Condiciones climáticas adversas,862.0
PAR-003952,PC-EQ-01,2027-01-12,02:00:00,20.0,Correctiva,Falla mecánica - desgaste de componente,43672.0
PAR-006830,PC-EQ-09,2027-05-09,02:00:00,8.4,Correctiva,Atoro de mineral / obstrucción,12620.0
PAR-006112,PC-EQ-07,2026-04-20,08:00:00,3.3,Correctiva,Falla eléctrica - motor/tablero,3982.0
PAR-006381,PC-EQ-08,2025-08-21,02:00:00,20.0,Correctiva,Rotura de faja/correa,35954.0
PAR-005984,PC-EQ-07,2024-05-14,01:00:00,5.8,Preventiva,Mantenimiento programado (plan anual),9853.0
PAR-004438,PC-EQ-03,2024-05-13,08:00:00,2.6,Operativa,Falta de mineral en cancha,826.0
PAR-005057,PC-EQ-04,2027-02-19,07:00:00,8.6,Preventiva,Indeterminado,11891.0
PAR-004573,PC-EQ-03,2026-03-16,03:00:00,7.2,Correctiva,Falla mecánica - desgaste de componente,12769.0
PAR-006842,PC-EQ-09,2027-06-10,14:00:00,4.1,Correctiva,Falla eléctrica - motor/tablero,8035.0
PAR-003933,PC-EQ-01,2026-11-03,16:00:00,2.0,Operativa,Falta de mineral en cancha,1124.0
PAR-007038,PC-EQ-10,2025-08-03,04:00:00,6.1,Preventiva,Mantenimiento programado (plan anual),9197.0
PAR-005500,PC-EQ-05,2026-11-27,05:00:00,12.2,Correctiva,Rotura de faja/correa,13400.0
PAR-005403,PC-EQ-05,2026-02-26,05:00:00,4.5,Correctiva,Falla eléctrica - motor/tablero,7326.0
PAR-004111,PC-EQ-02,2024-09-09,02:00:00,12.8,Correctiva,Falla eléctrica - motor/tablero,10522.0
PAR-003729,PC-EQ-01,2024-08-12,04:00:00,7.8,Correctiva,Falla de lubricación,11139.0
PAR-006174,PC-EQ-07,2027-03-20,20:00:00,0.5,Correctiva,Falla eléctrica - motor/tablero,1067.0
PAR-005790,PC-EQ-06,2026-01-15,14:00:00,7.3,Preventiva,Mantenimiento programado (plan anual),13131.0
PAR-004822,PC-EQ-04,2025-01-18,20:00:00,1.1,Operativa,Falta de mineral en cancha,411.0
PAR-004460,PC-EQ-03,2024-09-25,16:00:00,1.4,Operativa,Condiciones climáticas adversas,416.0
PAR-006055,PC-EQ-07,2025-06-09,00:00:00,19.8,Correctiva,Rotura de faja/correa,27721.0
PAR-004261,PC-EQ-02,2026-05-05,10:00:00,9.1,Correctiva,Rotura de faja/correa,14378.0
PAR-007239,PC-EQ-10,2027-10-13,17:00:00,2.5,Operativa,Espera de insumos (reactivos/bolas de molienda),1113.0
PAR-003704,PC-EQ-01,2024-04-28,01:00:00,12.7,Correctiva,Rotura de faja/correa,25970.0
PAR-007193,PC-EQ-10,2027-03-17,10:00:00,0.8,Operativa,Espera de insumos (reactivos/bolas de molienda),352.0
PAR-004359,PC-EQ-02,2027-05-20,00:00:00,1.4,Correctiva,Falla eléctrica - motor/tablero,2762.0
PAR-005383,PC-EQ-05,2026-01-04,08:00:00,8.4,Correctiva,Rotura de faja/correa,8541.0
PAR-006242,PC-EQ-08,2024-02-09,01:00:00,4.2,Preventiva,Mantenimiento programado (plan anual),6407.0
PAR-006123,PC-EQ-07,2026-07-13,06:00:00,7.2,Correctiva,Falla mecánica - desgaste de componente,15421.0
PAR-004489,PC-EQ-03,2025-03-08,21:00:00,1.8,Operativa,Corte de energía externo,985.0
PAR-006102,PC-EQ-07,2026-03-03,05:00:00,6.2,Preventiva,Mantenimiento programado (plan anual),12989.0
PAR-005965,PC-EQ-06,2027-12-26,00:00:00,5.3,Preventiva,Mantenimiento programado (plan anual),8723.0
PAR-005959,PC-EQ-06,2027-11-29,16:00:00,5.6,Correctiva,Rotura de faja/correa,10103.0
PAR-005247,PC-EQ-05,2024-11-07,08:00:00,1.8,Operativa,Condiciones climáticas adversas,686.0
PAR-005904,PC-EQ-06,2027-04-08,05:00:00,0.8,Correctiva,Falla eléctrica - motor/tablero,1203.0
PAR-006951,PC-EQ-10,2024-09-10,07:00:00,1.5,Operativa,Falta de mineral en cancha,332.0
PAR-005223,PC-EQ-05,2024-08-10,02:00:00,4.0,Preventiva,Mantenimiento programado (plan anual),8501.0
PAR-005337,PC-EQ-05,2025-08-19,03:00:00,0.5,Correctiva,Rotura de faja/correa,828.0
PAR-007209,PC-EQ-10,2027-05-23,14:00:00,6.5,Correctiva,Falla de lubricación,8571.0
PAR-004479,PC-EQ-03,2025-01-28,00:00:00,6.6,Preventiva,Mantenimiento programado (plan anual),7998.0
PAR-007185,PC-EQ-10,2027-02-19,02:00:00,0.5,Correctiva,Falla eléctrica - motor/tablero,507.0
PAR-006644,PC-EQ-09,2024-11-07,08:00:00,1.9,Operativa,Condiciones climáticas adversas,505.0
PAR-004010,PC-EQ-01,2027-08-09,11:00:00,6.2,Correctiva,Indeterminado,8114.0
PAR-004420,PC-EQ-03,2024-02-14,16:00:00,1.6,Correctiva,Atoro de mineral / obstrucción,2877.0
PAR-004413,PC-EQ-03,2024-01-15,14:00:00,4.7,Correctiva,Rotura de faja/correa,
PAR-005293,PC-EQ-05,2025-03-28,04:00:00,15.3,Correctiva,Falla mecánica - desgaste de componente,
PAR-004951,PC-EQ-04,2026-03-31,14:00:00,4.3,Correctiva,Falla mecánica - desgaste de componente,6089.0
PAR-004813,PC-EQ-04,2025-01-04,09:00:00,6.0,Correctiva,Rotura de faja/correa,
PAR-005696,PC-EQ-06,2024-11-18,08:00:00,9.9,Correctiva,Rotura de faja/correa,9796.0
PAR-003731,PC-EQ-01,2024-08-14,05:00:00,5.9,Correctiva,Atoro de mineral / obstrucción,10818.0
PAR-006267,PC-EQ-08,2024-05-29,00:00:00,19.5,Correctiva,Rotura de faja/correa,41250.0
PAR-004034,PC-EQ-01,2027-11-15,05:00:00,7.5,Correctiva,Atoro de mineral / obstrucción,10055.0
PAR-004114,PC-EQ-02,2024-10-01,17:00:00,1.6,Operativa,Condiciones climáticas adversas,351.0
PAR-005484,PC-EQ-05,2026-10-15,02:00:00,4.3,Preventiva,Mantenimiento programado (plan anual),8045.0
PAR-005055,PC-EQ-04,2027-02-12,04:00:00,3.6,Correctiva,Falla eléctrica - motor/tablero,3241.0
PAR-003762,PC-EQ-01,2025-01-01,00:00:00,7.5,Preventiva,Mantenimiento programado (plan anual),9135.0
PAR-005825,PC-EQ-06,2026-05-21,18:00:00,0.7,Correctiva,Atoro de mineral / obstrucción,1293.0
PAR-006436,PC-EQ-08,2026-04-05,05:00:00,0.8,Operativa,Falta de mineral en cancha,166.0
PAR-004612,PC-EQ-03,2026-10-09,17:00:00,1.7,Operativa,Condiciones climáticas adversas,589.0
PAR-006289,PC-EQ-08,2024-08-06,08:00:00,2.1,Correctiva,Falla eléctrica - motor/tablero,2969.0
PAR-006726,PC-EQ-09,2025-12-06,11:00:00,2.0,Operativa,Corte de energía externo,451.0
PAR-006140,PC-EQ-07,2026-10-19,08:00:00,1.2,Correctiva,Indeterminado,1033.0
PAR-005956,PC-EQ-06,2027-11-22,06:00:00,8.6,Correctiva,Falla de lubricación,10304.0
PAR-006521,PC-EQ-08,2027-02-04,08:00:00,14.8,Correctiva,Falla mecánica - desgaste de componente,16063.0
PAR-004862,PC-EQ-04,2025-06-06,06:00:00,16.9,Correctiva,Falla de lubricación,
PAR-004748,PC-EQ-04,2024-06-21,09:00:00,2.2,Operativa,Condiciones climáticas adversas,541.0
PAR-003730,PC-EQ-01,2024-08-13,02:00:00,8.1,Preventiva,Mantenimiento programado (plan anual),10370.0
PAR-004881,PC-EQ-04,2025-08-12,21:00:00,1.0,Operativa,Corte de energía externo,321.0
PAR-004172,PC-EQ-02,2025-06-08,03:00:00,10.1,Correctiva,Falla de lubricación,9605.0
PAR-005667,PC-EQ-06,2024-07-13,05:00:00,1.3,Operativa,Corte de energía externo,672.0
PAR-004735,PC-EQ-04,2024-05-12,00:00:00,19.7,Correctiva,Falla de lubricación,27310.0
PAR-006840,PC-EQ-09,2027-06-04,00:00:00,5.2,Correctiva,Falla eléctrica - motor/tablero,10560.0
PAR-005788,PC-EQ-06,2026-01-03,00:00:00,8.7,Correctiva,Rotura de faja/correa,16019.0
PAR-004395,PC-EQ-02,2027-11-03,14:00:00,1.1,Operativa,Condiciones climáticas adversas,542.0
PAR-007079,PC-EQ-10,2025-12-24,07:00:00,3.3,Correctiva,Rotura de faja/correa,3111.0
PAR-004321,PC-EQ-02,2027-01-20,02:00:00,11.5,Correctiva,Falla mecánica - desgaste de componente,24850.0
PAR-004257,PC-EQ-02,2026-04-22,02:00:00,20.0,Correctiva,Falla de lubricación,39922.0
PAR-005000,PC-EQ-04,2026-08-23,01:00:00,20.0,Correctiva,Falla mecánica - desgaste de componente,
PAR-006164,PC-EQ-07,2027-01-31,00:00:00,1.7,Correctiva,Falla de lubricación,3693.0
PAR-005538,PC-EQ-05,2027-04-15,14:00:00,0.7,Correctiva,Falla de lubricación,1159.0
PAR-006396,PC-EQ-08,2025-10-05,12:00:00,0.9,Correctiva,Falla eléctrica - motor/tablero,1954.0
PAR-006116,PC-EQ-07,2026-05-20,07:00:00,6.8,Correctiva,Falla mecánica - desgaste de componente,14376.0
PAR-006626,PC-EQ-09,2024-07-02,18:00:00,0.5,Correctiva,Falla de lubricación,800.0
PAR-005787,PC-EQ-06,2025-12-27,06:00:00,6.4,Preventiva,Mantenimiento programado (plan anual),12497.0
PAR-006615,PC-EQ-09,2024-05-22,03:00:00,2.1,Operativa,Condiciones climáticas adversas,1249.0
PAR-004178,PC-EQ-02,2025-07-06,06:00:00,8.1,Preventiva,Mantenimiento programado (plan anual),10380.0
PAR-005192,PC-EQ-05,2024-05-22,02:00:00,0.7,Correctiva,Atoro de mineral / obstrucción,613.0
PAR-006519,PC-EQ-08,2027-01-31,06:00:00,13.0,Correctiva,Falla eléctrica - motor/tablero,22260.0
PAR-005482,PC-EQ-05,2026-10-08,06:00:00,3.3,Correctiva,Falla mecánica - desgaste de componente,5777.0
PAR-006442,PC-EQ-08,2026-04-28,03:00:00,3.6,Correctiva,Rotura de faja/correa,3027.0
PAR-004617,PC-EQ-03,2026-10-25,03:00:00,11.0,Correctiva,Falla mecánica - desgaste de componente,17183.0
PAR-004043,PC-EQ-01,2027-12-28,09:00:00,6.0,Preventiva,Mantenimiento programado (plan anual),11239.0
PAR-004243,PC-EQ-02,2026-03-10,15:00:00,1.4,Operativa,Corte de energía externo,609.0
PAR-006563,PC-EQ-08,2027-08-17,07:00:00,1.1,Operativa,Falta de mineral en cancha,437.0
PAR-005179,PC-EQ-05,2024-04-06,06:00:00,7.1,Preventiva,Mantenimiento programado (plan anual),14477.0
PAR-006397,PC-EQ-08,2025-10-16,10:00:00,1.1,Correctiva,Indeterminado,2316.0
PAR-006628,PC-EQ-09,2024-07-16,18:00:00,5.0,Preventiva,Mantenimiento programado (plan anual),7695.0
PAR-004812,PC-EQ-04,2024-12-31,05:00:00,5.5,Correctiva,Falla mecánica - desgaste de componente,8375.0
PAR-006835,PC-EQ-09,2027-05-23,00:00:00,2.1,Correctiva,Falla mecánica - desgaste de componente,3050.0
PAR-005770,PC-EQ-06,2025-10-11,03:00:00,20.0,Correctiva,Indeterminado,17539.0
PAR-006431,PC-EQ-08,2026-03-12,17:00:00,1.1,Operativa,Corte de energía externo,415.0
PAR-006871,PC-EQ-09,2027-11-13,13:00:00,3.7,Correctiva,Falla de lubricación,7843.0
PAR-004027,PC-EQ-01,2027-10-23,17:00:00,4.6,Correctiva,Atoro de mineral / obstrucción,3733.0
PAR-007096,PC-EQ-10,2026-03-07,18:00:00,4.5,Correctiva,Rotura de faja/correa,5702.0
PAR-004657,PC-EQ-03,2027-07-09,08:00:00,6.7,Preventiva,Mantenimiento programado (plan anual),8506.0
PAR-006895,PC-EQ-10,2024-02-12,09:00:00,9.4,Correctiva,Falla mecánica - desgaste de componente,10593.0
PAR-005670,PC-EQ-06,2024-07-20,04:00:00,7.3,Preventiva,Mantenimiento programado (plan anual),14804.0
PAR-004367,PC-EQ-02,2027-07-13,17:00:00,1.2,Correctiva,Rotura de faja/correa,2180.0
PAR-004146,PC-EQ-02,2025-02-15,00:00:00,16.7,Correctiva,Falla eléctrica - motor/tablero,23601.0
PAR-005852,PC-EQ-06,2026-09-02,09:00:00,12.6,Correctiva,Falla eléctrica - motor/tablero,22363.0
PAR-004859,PC-EQ-04,2025-05-31,13:00:00,7.6,Preventiva,Mantenimiento programado (plan anual),13705.0
PAR-006932,PC-EQ-10,2024-07-07,11:00:00,8.1,Preventiva,Mantenimiento programado (plan anual),12499.0
PAR-005832,PC-EQ-06,2026-06-11,12:00:00,0.8,Correctiva,Indeterminado,902.0
PAR-005556,PC-EQ-05,2027-05-27,03:00:00,3.9,Correctiva,Falla eléctrica - motor/tablero,6687.0
PAR-004455,PC-EQ-03,2024-08-31,12:00:00,1.8,Operativa,Espera de insumos (reactivos/bolas de molienda),571.0
PAR-003819,PC-EQ-01,2025-09-04,01:00:00,8.2,Preventiva,Mantenimiento programado (plan anual),17418.0
PAR-004038,PC-EQ-01,2027-12-05,12:00:00,1.5,Operativa,Espera de insumos (reactivos/bolas de molienda),603.0
PAR-006110,PC-EQ-07,2026-04-16,06:00:00,2.7,Operativa,Espera de insumos (reactivos/bolas de molienda),914.0
PAR-003836,PC-EQ-01,2025-11-22,11:00:00,1.2,Operativa,Condiciones climáticas adversas,418.0
PAR-003779,PC-EQ-01,2025-02-25,06:00:00,1.4,Operativa,Falta de mineral en cancha,367.0
PAR-006483,PC-EQ-08,2026-10-03,02:00:00,6.3,Preventiva,Indeterminado,8103.0
PAR-003833,PC-EQ-01,2025-11-03,08:00:00,6.0,Preventiva,Mantenimiento programado (plan anual),13037.0
PAR-004050,PC-EQ-02,2024-02-01,05:00:00,10.8,Correctiva,Falla mecánica - desgaste de componente,14135.0
PAR-004160,PC-EQ-02,2025-04-24,13:00:00,1.6,Correctiva,Rotura de faja/correa,2559.0
PAR-003981,PC-EQ-01,2027-05-08,10:00:00,4.4,Preventiva,Mantenimiento programado (plan anual),7618.0
PAR-005550,PC-EQ-05,2027-05-14,08:00:00,1.5,Operativa,Falta de mineral en cancha,809.0
PAR-004921,PC-EQ-04,2025-12-21,15:00:00,1.7,Operativa,Falta de mineral en cancha,667.0
PAR-004917,PC-EQ-04,2025-12-12,13:00:00,1.3,Correctiva,Indeterminado,1609.0
PAR-006309,PC-EQ-08,2024-11-18,02:00:00,19.4,Correctiva,Atoro de mineral / obstrucción,39007.0
PAR-006862,PC-EQ-09,2027-10-01,08:00:00,8.3,Preventiva,Mantenimiento programado (plan anual),15500.0
PAR-007024,PC-EQ-10,2025-06-06,01:00:00,17.9,Correctiva,Falla eléctrica - motor/tablero,35966.0
PAR-006911,PC-EQ-10,2024-04-08,16:00:00,1.8,Correctiva,Falla mecánica - desgaste de componente,3378.0
PAR-006829,PC-EQ-09,2027-05-07,00:00:00,4.5,Preventiva,Mantenimiento programado (plan anual),6166.0
PAR-006562,PC-EQ-08,2027-08-14,13:00:00,6.4,Preventiva,Mantenimiento programado (plan anual),13878.0
PAR-007032,PC-EQ-10,2025-07-08,02:00:00,20.0,Correctiva,Falla mecánica - desgaste de componente,27045.0
PAR-004398,PC-EQ-02,2027-11-17,02:00:00,20.0,Correctiva,Rotura de faja/correa,39389.0
PAR-006182,PC-EQ-07,2027-04-17,03:00:00,1.8,Operativa,Corte de energía externo,805.0
PAR-007043,PC-EQ-10,2025-08-23,18:00:00,2.5,Correctiva,Atoro de mineral / obstrucción,3066.0
PAR-007191,PC-EQ-10,2027-03-12,05:00:00,6.1,Preventiva,Mantenimiento programado (plan anual),9407.0
PAR-003901,PC-EQ-01,2026-07-01,08:00:00,0.5,Correctiva,Falla eléctrica - motor/tablero,495.0
PAR-006199,PC-EQ-07,2027-07-17,00:00:00,0.9,Operativa,Condiciones climáticas adversas,295.0
PAR-006994,PC-EQ-10,2025-02-17,00:00:00,5.9,Preventiva,Mantenimiento programado (plan anual),11554.0
PAR-005721,PC-EQ-06,2025-03-26,03:00:00,1.7,Operativa,Falta de mineral en cancha,484.0
PAR-007148,PC-EQ-10,2026-09-15,06:00:00,1.4,Operativa,Corte de energía externo,
PAR-005096,PC-EQ-04,2027-07-01,01:00:00,9.2,Correctiva,Falla eléctrica - motor/tablero,16170.0
PAR-005382,PC-EQ-05,2026-01-03,10:00:00,4.3,Correctiva,Rotura de faja/correa,9135.0
PAR-006716,PC-EQ-09,2025-11-02,07:00:00,1.1,Operativa,Condiciones climáticas adversas,424.0
PAR-004939,PC-EQ-04,2026-02-10,10:00:00,8.4,Preventiva,Mantenimiento programado (plan anual),17678.0
PAR-006635,PC-EQ-09,2024-09-28,17:00:00,1.9,Operativa,Falta de mineral en cancha,1027.0
PAR-003816,PC-EQ-01,2025-08-26,10:00:00,3.8,Correctiva,Falla de lubricación,6225.0
PAR-005277,PC-EQ-05,2025-02-01,04:00:00,3.7,Correctiva,Rotura de faja/correa,5456.0
PAR-006261,PC-EQ-08,2024-04-30,09:00:00,4.4,Correctiva,Rotura de faja/correa,7765.0
PAR-006492,PC-EQ-08,2026-10-26,10:00:00,4.3,Correctiva,Falla mecánica - desgaste de componente,5485.0
PAR-006995,PC-EQ-10,2025-02-20,17:00:00,5.7,Correctiva,Falla mecánica - desgaste de componente,7407.0
PAR-007112,PC-EQ-10,2026-05-04,12:00:00,1.9,Operativa,Corte de energía externo,412.0
PAR-006818,PC-EQ-09,2027-02-11,16:00:00,0.6,Correctiva,Indeterminado,651.0
PAR-005074,PC-EQ-04,2027-04-20,05:00:00,4.1,Correctiva,Falla mecánica - desgaste de componente,8871.0
PAR-003925,PC-EQ-01,2026-10-07,07:00:00,14.4,Correctiva,Indeterminado,22449.0
PAR-004352,PC-EQ-02,2027-04-27,17:00:00,1.3,Correctiva,Rotura de faja/correa,2476.0
PAR-004196,PC-EQ-02,2025-09-02,16:00:00,0.5,Correctiva,Rotura de faja/correa,612.0
PAR-006310,PC-EQ-08,2024-11-20,14:00:00,7.8,Preventiva,Mantenimiento programado (plan anual),13525.0
PAR-006503,PC-EQ-08,2026-12-05,09:00:00,0.7,Operativa,Espera de insumos (reactivos/bolas de molienda),414.0
PAR-007033,PC-EQ-10,2025-07-12,04:00:00,12.2,Correctiva,Atoro de mineral / obstrucción,10625.0
PAR-005868,PC-EQ-06,2026-12-05,09:00:00,3.9,Correctiva,Indeterminado,5734.0
PAR-005369,PC-EQ-05,2025-12-02,08:00:00,6.5,Correctiva,Falla eléctrica - motor/tablero,8338.0
PAR-006601,PC-EQ-08,2027-12-30,01:00:00,8.0,Correctiva,Falla eléctrica - motor/tablero,10961.0
PAR-004614,PC-EQ-03,2026-10-21,14:00:00,4.6,Preventiva,Mantenimiento programado (plan anual),4748.0
PAR-006838,PC-EQ-09,2027-06-01,22:00:00,0.8,Correctiva,Falla de lubricación,1190.0
PAR-006437,PC-EQ-08,2026-04-05,06:00:00,15.7,Correctiva,Atoro de mineral / obstrucción,18911.0
PAR-005780,PC-EQ-06,2025-11-11,07:00:00,0.8,Operativa,Condiciones climáticas adversas,376.0
PAR-004485,PC-EQ-03,2025-02-12,16:00:00,0.7,Operativa,Condiciones climáticas adversas,415.0
PAR-003801,PC-EQ-01,2025-06-23,06:00:00,5.6,Preventiva,Mantenimiento programado (plan anual),7751.0
PAR-004444,PC-EQ-03,2024-07-09,07:00:00,7.3,Preventiva,Mantenimiento programado (plan anual),9343.0
PAR-005828,PC-EQ-06,2026-05-28,13:00:00,7.8,Correctiva,Indeterminado,6782.0
PAR-004499,PC-EQ-03,2025-05-05,13:00:00,5.9,Correctiva,Atoro de mineral / obstrucción,11719.0
PAR-006460,PC-EQ-08,2026-07-19,15:00:00,1.6,Operativa,Espera de insumos (reactivos/bolas de molienda),373.0
PAR-005658,PC-EQ-06,2024-05-30,05:00:00,17.1,Correctiva,Atoro de mineral / obstrucción,21718.0
PAR-004794,PC-EQ-04,2024-11-06,06:00:00,1.2,Correctiva,Falla mecánica - desgaste de componente,2215.0
PAR-004198,PC-EQ-02,2025-09-12,03:00:00,2.8,Operativa,Condiciones climáticas adversas,912.0
PAR-005898,PC-EQ-06,2027-03-21,00:00:00,0.5,Correctiva,Falla de lubricación,465.0
PAR-007084,PC-EQ-10,2026-01-27,19:00:00,1.6,Operativa,Corte de energía externo,550.0
PAR-006078,PC-EQ-07,2025-11-13,05:00:00,3.0,Operativa,Espera de insumos (reactivos/bolas de molienda),1245.0
PAR-004810,PC-EQ-04,2024-12-24,17:00:00,5.8,Preventiva,Mantenimiento programado (plan anual),5877.0
PAR-004944,PC-EQ-04,2026-02-27,07:00:00,12.6,Correctiva,Falla eléctrica - motor/tablero,15316.0
PAR-006505,PC-EQ-08,2026-12-12,06:00:00,1.4,Operativa,Falta de mineral en cancha,446.0
PAR-004593,PC-EQ-03,2026-06-15,08:00:00,6.4,Preventiva,Mantenimiento programado (plan anual),6267.0
PAR-006268,PC-EQ-08,2024-06-02,04:00:00,0.7,Operativa,Corte de energía externo,239.0
PAR-005935,PC-EQ-06,2027-08-28,04:00:00,8.0,Correctiva,Falla de lubricación,15301.0
PAR-005647,PC-EQ-06,2024-04-23,21:00:00,1.4,Operativa,Espera de insumos (reactivos/bolas de molienda),659.0
PAR-004294,PC-EQ-02,2026-09-20,01:00:00,20.0,Correctiva,Falla de lubricación,18554.0
PAR-006698,PC-EQ-09,2025-08-17,04:00:00,1.7,Correctiva,Falla mecánica - desgaste de componente,3257.0
PAR-004942,PC-EQ-04,2026-02-25,04:00:00,1.6,Operativa,Corte de energía externo,475.0
PAR-004033,PC-EQ-01,2027-11-11,05:00:00,1.4,Correctiva,Atoro de mineral / obstrucción,1887.0
PAR-006616,PC-EQ-09,2024-05-24,01:00:00,5.1,Preventiva,Mantenimiento programado (plan anual),8787.0
PAR-006736,PC-EQ-09,2026-01-23,01:00:00,7.4,Correctiva,Rotura de faja/correa,15570.0
PAR-004537,PC-EQ-03,2025-10-30,15:00:00,1.2,Operativa,Corte de energía externo,609.0
PAR-006714,PC-EQ-09,2025-10-29,12:00:00,1.3,Correctiva,Rotura de faja/correa,1809.0
PAR-004770,PC-EQ-04,2024-08-22,01:00:00,14.8,Correctiva,Falla eléctrica - motor/tablero,13816.0
PAR-007233,PC-EQ-10,2027-09-08,11:00:00,5.8,Correctiva,Atoro de mineral / obstrucción,8039.0
PAR-003750,PC-EQ-01,2024-11-09,07:00:00,3.8,Correctiva,Atoro de mineral / obstrucción,7989.0
PAR-005323,PC-EQ-05,2025-07-10,17:00:00,0.6,Correctiva,Falla eléctrica - motor/tablero,494.0
PAR-005858,PC-EQ-06,2026-10-10,11:00:00,7.2,Correctiva,Atoro de mineral / obstrucción,10003.0
PAR-005220,PC-EQ-05,2024-08-02,03:00:00,18.4,Correctiva,Rotura de faja/correa,27426.0
PAR-005805,PC-EQ-06,2026-03-02,04:00:00,9.9,Correctiva,Falla eléctrica - motor/tablero,9350.0
PAR-005496,PC-EQ-05,2026-11-17,00:00:00,14.4,Correctiva,Falla eléctrica - motor/tablero,29227.0
PAR-005820,PC-EQ-06,2026-04-23,19:00:00,2.7,Operativa,Espera de insumos (reactivos/bolas de molienda),647.0
PAR-004209,PC-EQ-02,2025-11-12,11:00:00,7.4,Preventiva,Mantenimiento programado (plan anual),12127.0
PAR-006271,PC-EQ-08,2024-06-13,09:00:00,2.6,Operativa,Condiciones climáticas adversas,1311.0
PAR-005856,PC-EQ-06,2026-09-23,14:00:00,7.9,Preventiva,Mantenimiento programado (plan anual),15761.0
PAR-006999,PC-EQ-10,2025-03-11,04:00:00,4.4,Preventiva,Mantenimiento programado (plan anual),6569.0
PAR-004283,PC-EQ-02,2026-08-22,14:00:00,1.8,Operativa,Condiciones climáticas adversas,397.0
PAR-004416,PC-EQ-03,2024-01-29,20:00:00,2.9,Correctiva,Atoro de mineral / obstrucción,4069.0
PAR-006349,PC-EQ-08,2025-04-15,10:00:00,8.9,Correctiva,Falla mecánica - desgaste de componente,13726.0
PAR-004406,PC-EQ-02,2027-12-30,10:00:00,5.3,Preventiva,Mantenimiento programado (plan anual),5791.0
PAR-005088,PC-EQ-04,2027-06-01,19:00:00,1.9,Operativa,Falta de mineral en cancha,
PAR-004758,PC-EQ-04,2024-07-18,03:00:00,3.7,Correctiva,Falla mecánica - desgaste de componente,5310.0
PAR-005110,PC-EQ-04,2027-08-01,20:00:00,2.6,Operativa,Corte de energía externo,809.0
PAR-006647,PC-EQ-09,2024-11-16,14:00:00,6.9,Preventiva,Mantenimiento programado (plan anual),8020.0
PAR-004274,PC-EQ-02,2026-07-07,05:00:00,15.0,Correctiva,Falla mecánica - desgaste de componente,22740.0
PAR-003813,PC-EQ-01,2025-08-17,10:00:00,1.1,Operativa,Falta de mineral en cancha,460.0
PAR-006351,PC-EQ-08,2025-04-20,05:00:00,0.5,Correctiva,Rotura de faja/correa,554.0
PAR-005274,PC-EQ-05,2025-01-24,10:00:00,8.6,Preventiva,Mantenimiento programado (plan anual),13528.0
PAR-004835,PC-EQ-04,2025-03-06,16:00:00,2.0,Operativa,Falta de mineral en cancha,793.0
PAR-006631,PC-EQ-09,2024-08-30,09:00:00,7.1,Preventiva,Mantenimiento programado (plan anual),13183.0
PAR-007008,PC-EQ-10,2025-04-12,02:00:00,1.1,Correctiva,Falla eléctrica - motor/tablero,
PAR-007106,PC-EQ-10,2026-04-15,11:00:00,9.2,Correctiva,Falla eléctrica - motor/tablero,11818.0
PAR-005304,PC-EQ-05,2025-04-27,16:00:00,2.5,Operativa,Falta de mineral en cancha,1453.0
PAR-006118,PC-EQ-07,2026-06-07,12:00:00,2.6,Operativa,Espera de insumos (reactivos/bolas de molienda),1311.0
PAR-005385,PC-EQ-05,2026-01-11,20:00:00,0.5,Correctiva,Rotura de faja/correa,704.0
PAR-006947,PC-EQ-10,2024-08-21,02:00:00,6.5,Preventiva,Mantenimiento programado (plan anual),
PAR-005638,PC-EQ-06,2024-03-03,20:00:00,0.6,Operativa,Corte de energía externo,234.0
PAR-005462,PC-EQ-05,2026-07-30,02:00:00,4.4,Correctiva,Falla eléctrica - motor/tablero,7661.0
PAR-005227,PC-EQ-05,2024-08-27,09:00:00,7.0,Preventiva,Mantenimiento programado (plan anual),11588.0
PAR-006216,PC-EQ-07,2027-09-15,16:00:00,5.3,Correctiva,Falla mecánica - desgaste de componente,11426.0
PAR-006582,PC-EQ-08,2027-10-30,00:00:00,1.8,Operativa,Indeterminado,934.0
PAR-006924,PC-EQ-10,2024-05-25,22:00:00,0.5,Correctiva,Indeterminado,527.0
PAR-004311,PC-EQ-02,2026-12-02,12:00:00,4.3,Preventiva,Mantenimiento programado (plan anual),8040.0
PAR-004285,PC-EQ-02,2026-08-24,01:00:00,20.0,Correctiva,Falla eléctrica - motor/tablero,40083.0
PAR-006674,PC-EQ-09,2025-04-08,08:00:00,6.9,Preventiva,Mantenimiento programado (plan anual),9206.0
PAR-005619,PC-EQ-05,2027-12-21,15:00:00,5.4,Preventiva,Mantenimiento programado (plan anual),7867.0
PAR-004245,PC-EQ-02,2026-03-14,05:00:00,5.4,Preventiva,Mantenimiento programado (plan anual),4705.0
PAR-003934,PC-EQ-01,2026-11-06,11:00:00,2.9,Operativa,Corte de energía externo,1573.0
PAR-005656,PC-EQ-06,2024-05-19,02:00:00,20.0,Correctiva,Falla eléctrica - motor/tablero,19095.0
PAR-005849,PC-EQ-06,2026-08-20,07:00:00,7.6,Preventiva,Mantenimiento programado (plan anual),7151.0
PAR-004844,PC-EQ-04,2025-04-06,22:00:00,0.6,Operativa,Condiciones climáticas adversas,
PAR-004596,PC-EQ-03,2026-07-15,02:00:00,5.8,Correctiva,Falla mecánica - desgaste de componente,4911.0
PAR-005210,PC-EQ-05,2024-07-05,04:00:00,6.4,Correctiva,Rotura de faja/correa,12668.0
PAR-005555,PC-EQ-05,2027-05-25,07:00:00,14.0,Correctiva,Falla mecánica - desgaste de componente,26716.0
PAR-006171,PC-EQ-07,2027-02-23,05:00:00,0.9,Correctiva,Atoro de mineral / obstrucción,1158.0
PAR-003768,PC-EQ-01,2025-01-30,06:00:00,0.8,Operativa,Falta de mineral en cancha,349.0
PAR-005734,PC-EQ-06,2025-05-06,00:00:00,6.8,Preventiva,Mantenimiento programado (plan anual),13344.0
PAR-004923,PC-EQ-04,2025-12-23,04:00:00,16.3,Correctiva,Atoro de mineral / obstrucción,13227.0
PAR-006366,PC-EQ-08,2025-06-20,02:00:00,7.1,Preventiva,Mantenimiento programado (plan anual),5771.0
PAR-003983,PC-EQ-01,2027-05-14,04:00:00,1.5,Operativa,Corte de energía externo,846.0
PAR-007178,PC-EQ-10,2027-01-18,15:00:00,1.8,Operativa,Indeterminado,474.0
PAR-004926,PC-EQ-04,2026-01-04,06:00:00,1.2,Operativa,Espera de insumos (reactivos/bolas de molienda),386.0
PAR-004415,PC-EQ-03,2024-01-22,15:00:00,4.3,Correctiva,Atoro de mineral / obstrucción,5060.0
PAR-005433,PC-EQ-05,2026-05-04,13:00:00,7.2,Preventiva,Mantenimiento programado (plan anual),11178.0
PAR-004903,PC-EQ-04,2025-10-23,05:00:00,1.7,Operativa,Indeterminado,687.0
PAR-003757,PC-EQ-01,2024-12-12,09:00:00,5.5,Preventiva,Mantenimiento programado (plan anual),8892.0
PAR-005281,PC-EQ-05,2025-02-07,09:00:00,2.9,Operativa,Espera de insumos (reactivos/bolas de molienda),774.0
PAR-006579,PC-EQ-08,2027-10-22,10:00:00,2.3,Operativa,Falta de mineral en cancha,873.0
PAR-006337,PC-EQ-08,2025-03-16,10:00:00,4.3,Correctiva,Falla eléctrica - motor/tablero,9167.0
PAR-007078,PC-EQ-10,2025-12-19,12:00:00,7.6,Preventiva,Mantenimiento programado (plan anual),15377.0
PAR-005617,PC-EQ-05,2027-12-15,02:00:00,20.0,Correctiva,Falla mecánica - desgaste de componente,29788.0
PAR-004017,PC-EQ-01,2027-08-30,01:00:00,1.4,Operativa,Condiciones climáticas adversas,424.0
PAR-004151,PC-EQ-02,2025-03-08,19:00:00,0.6,Operativa,Falta de mineral en cancha,355.0
PAR-006780,PC-EQ-09,2026-08-11,08:00:00,11.9,Correctiva,Falla de lubricación,23253.0
PAR-006330,PC-EQ-08,2025-02-13,00:00:00,8.2,Preventiva,Mantenimiento programado (plan anual),10596.0
PAR-005753,PC-EQ-06,2025-07-26,02:00:00,20.0,Correctiva,Falla mecánica - desgaste de componente,20435.0
PAR-005346,PC-EQ-05,2025-09-20,13:00:00,8.7,Preventiva,Mantenimiento programado (plan anual),8587.0
PAR-007030,PC-EQ-10,2025-06-29,13:00:00,2.9,Operativa,Espera de insumos (reactivos/bolas de molienda),1675.0
PAR-004457,PC-EQ-03,2024-09-12,00:00:00,2.6,Correctiva,Falla eléctrica - motor/tablero,4812.0
PAR-004264,PC-EQ-02,2026-05-22,06:00:00,1.9,Operativa,Condiciones climáticas adversas,820.0
PAR-006945,PC-EQ-10,2024-08-14,06:00:00,3.2,Correctiva,Falla de lubricación,2982.0
PAR-004494,PC-EQ-03,2025-04-05,04:00:00,9.0,Correctiva,Falla mecánica - desgaste de componente,18694.0
PAR-006551,PC-EQ-08,2027-06-07,11:00:00,0.9,Operativa,Condiciones climáticas adversas,400.0
PAR-006524,PC-EQ-08,2027-02-20,06:00:00,8.4,Correctiva,Falla eléctrica - motor/tablero,17146.0
PAR-006499,PC-EQ-08,2026-11-18,05:00:00,1.5,Operativa,Falta de mineral en cancha,886.0
PAR-006642,PC-EQ-09,2024-10-29,18:00:00,1.7,Correctiva,Falla de lubricación,1844.0
PAR-004302,PC-EQ-02,2026-10-21,10:00:00,12.7,Correctiva,Falla de lubricación,17283.0
PAR-006177,PC-EQ-07,2027-04-01,10:00:00,2.3,Correctiva,Falla mecánica - desgaste de componente,3391.0
PAR-006257,PC-EQ-08,2024-04-16,15:00:00,1.7,Operativa,Condiciones climáticas adversas,647.0
PAR-005487,PC-EQ-05,2026-10-23,06:00:00,7.9,Correctiva,Rotura de faja/correa,15461.0
PAR-003930,PC-EQ-01,2026-10-30,19:00:00,1.0,Operativa,Corte de energía externo,407.0
PAR-004877,PC-EQ-04,2025-07-24,11:00:00,2.2,Correctiva,Falla de lubricación,2239.0
PAR-004138,PC-EQ-02,2025-01-11,14:00:00,7.4,Correctiva,Atoro de mineral / obstrucción,7703.0
PAR-006816,PC-EQ-09,2027-02-06,01:00:00,3.4,Correctiva,Falla mecánica - desgaste de componente,2723.0
PAR-004784,PC-EQ-04,2024-10-13,05:00:00,1.3,Correctiva,Falla eléctrica - motor/tablero,2628.0
PAR-005033,PC-EQ-04,2026-11-10,21:00:00,1.2,Correctiva,Falla mecánica - desgaste de componente,1967.0
PAR-005808,PC-EQ-06,2026-03-09,07:00:00,7.8,Preventiva,Mantenimiento programado (plan anual),8160.0
PAR-005078,PC-EQ-04,2027-05-06,04:00:00,16.1,Correctiva,Rotura de faja/correa,21627.0
PAR-006558,PC-EQ-08,2027-07-27,06:00:00,1.2,Operativa,Espera de insumos (reactivos/bolas de molienda),365.0
PAR-005699,PC-EQ-06,2024-12-07,00:00:00,10.1,Correctiva,Falla eléctrica - motor/tablero,21928.0
PAR-006897,PC-EQ-10,2024-02-23,18:00:00,1.3,Operativa,Condiciones climáticas adversas,
PAR-004289,PC-EQ-02,2026-09-06,12:00:00,2.4,Correctiva,Falla de lubricación,2515.0
PAR-006144,PC-EQ-07,2026-11-02,01:00:00,0.5,Correctiva,Falla mecánica - desgaste de componente,709.0
PAR-003929,PC-EQ-01,2026-10-21,00:00:00,7.2,Correctiva,Atoro de mineral / obstrucción,13128.0
PAR-004561,PC-EQ-03,2026-01-25,12:00:00,1.1,Operativa,Corte de energía externo,493.0
PAR-004826,PC-EQ-04,2025-02-03,11:00:00,2.8,Operativa,Corte de energía externo,1442.0
PAR-004096,PC-EQ-02,2024-07-10,02:00:00,8.9,Correctiva,Falla mecánica - desgaste de componente,
PAR-006194,PC-EQ-07,2027-06-19,15:00:00,2.0,Correctiva,Falla eléctrica - motor/tablero,2033.0
PAR-007254,PC-EQ-10,2027-11-24,02:00:00,2.2,Operativa,Espera de insumos (reactivos/bolas de molienda),787.0
PAR-007232,PC-EQ-10,2027-08-29,02:00:00,4.6,Correctiva,Falla eléctrica - motor/tablero,
PAR-004543,PC-EQ-03,2025-11-19,19:00:00,1.1,Correctiva,Rotura de faja/correa,1085.0
PAR-003947,PC-EQ-01,2027-01-02,01:00:00,20.0,Correctiva,Atoro de mineral / obstrucción,41199.0
PAR-006773,PC-EQ-09,2026-07-03,03:00:00,1.7,Operativa,Condiciones climáticas adversas,543.0
PAR-005701,PC-EQ-06,2024-12-14,22:00:00,1.0,Correctiva,Falla eléctrica - motor/tablero,1288.0
PAR-004222,PC-EQ-02,2026-01-04,00:00:00,9.6,Correctiva,Rotura de faja/correa,11083.0
PAR-003909,PC-EQ-01,2026-07-20,03:00:00,15.3,Correctiva,Rotura de faja/correa,25509.0
PAR-004101,PC-EQ-02,2024-07-27,17:00:00,0.5,Correctiva,Atoro de mineral / obstrucción,
PAR-006344,PC-EQ-08,2025-03-28,06:00:00,8.8,Correctiva,Falla mecánica - desgaste de componente,16008.0
PAR-004351,PC-EQ-02,2027-04-22,13:00:00,5.6,Preventiva,Mantenimiento programado (plan anual),11053.0
PAR-004218,PC-EQ-02,2025-12-22,08:00:00,2.6,Operativa,Corte de energía externo,633.0
PAR-004860,PC-EQ-04,2025-06-02,05:00:00,12.6,Correctiva,Rotura de faja/correa,23938.0
PAR-004122,PC-EQ-02,2024-11-12,13:00:00,2.5,Operativa,Espera de insumos (reactivos/bolas de molienda),583.0
PAR-006071,PC-EQ-07,2025-09-30,04:00:00,2.7,Operativa,Falta de mineral en cancha,1046.0
PAR-005545,PC-EQ-05,2027-05-02,05:00:00,2.2,Operativa,Condiciones climáticas adversas,563.0
PAR-005732,PC-EQ-06,2025-04-22,00:00:00,8.2,Preventiva,Mantenimiento programado (plan anual),9971.0
PAR-003773,PC-EQ-01,2025-02-13,01:00:00,0.5,Correctiva,Falla eléctrica - motor/tablero,665.0
PAR-005311,PC-EQ-05,2025-06-08,02:00:00,0.9,Operativa,Espera de insumos (reactivos/bolas de molienda),203.0
PAR-004139,PC-EQ-02,2025-01-17,13:00:00,0.7,Operativa,Condiciones climáticas adversas,401.0
PAR-006132,PC-EQ-07,2026-09-04,13:00:00,2.9,Operativa,Falta de mineral en cancha,1532.0
PAR-003976,PC-EQ-01,2027-04-11,19:00:00,1.2,Operativa,Condiciones climáticas adversas,545.0
PAR-006109,PC-EQ-07,2026-04-08,01:00:00,7.3,Preventiva,Mantenimiento programado (plan anual),10759.0
PAR-004623,PC-EQ-03,2026-12-15,18:00:00,4.3,Preventiva,Mantenimiento programado (plan anual),5360.0
PAR-007064,PC-EQ-10,2025-10-19,01:00:00,16.4,Correctiva,Indeterminado,26627.0
PAR-004407,PC-EQ-03,2024-01-01,04:00:00,0.5,Correctiva,Falla eléctrica - motor/tablero,569.0
PAR-004477,PC-EQ-03,2025-01-13,16:00:00,5.3,Preventiva,Mantenimiento programado (plan anual),6659.0
PAR-005125,PC-EQ-04,2027-09-13,17:00:00,2.9,Operativa,Falta de mineral en cancha,715.0
PAR-004576,PC-EQ-03,2026-04-06,07:00:00,7.7,Preventiva,Mantenimiento programado (plan anual),14463.0
PAR-003775,PC-EQ-01,2025-02-17,01:00:00,2.5,Correctiva,Rotura de faja/correa,2196.0
PAR-004627,PC-EQ-03,2027-01-02,19:00:00,3.7,Correctiva,Falla mecánica - desgaste de componente,5593.0
PAR-007072,PC-EQ-10,2025-11-28,01:00:00,0.9,Correctiva,Falla eléctrica - motor/tablero,
PAR-006108,PC-EQ-07,2026-04-04,11:00:00,2.5,Operativa,Falta de mineral en cancha,573.0
PAR-005968,PC-EQ-07,2024-01-22,08:00:00,6.1,Preventiva,Mantenimiento programado (plan anual),9496.0
PAR-006660,PC-EQ-09,2025-01-17,16:00:00,2.3,Operativa,Falta de mineral en cancha,920.0
PAR-005591,PC-EQ-05,2027-09-26,07:00:00,12.9,Correctiva,Falla eléctrica - motor/tablero,25451.0
PAR-006375,PC-EQ-08,2025-08-01,19:00:00,0.9,Operativa,Espera de insumos (reactivos/bolas de molienda),519.0
PAR-005643,PC-EQ-06,2024-03-26,04:00:00,0.5,Correctiva,Falla de lubricación,577.0
PAR-004637,PC-EQ-03,2027-03-02,00:00:00,1.9,Operativa,Condiciones climáticas adversas,746.0
PAR-006831,PC-EQ-09,2027-05-14,01:00:00,0.5,Correctiva,Falla eléctrica - motor/tablero,1077.0
PAR-007146,PC-EQ-10,2026-09-07,02:00:00,5.1,Preventiva,Mantenimiento programado (plan anual),9757.0
PAR-006783,PC-EQ-09,2026-08-23,09:00:00,4.8,Correctiva,Falla de lubricación,8930.0
PAR-005613,PC-EQ-05,2027-12-07,22:00:00,1.0,Operativa,Indeterminado,301.0
PAR-003804,PC-EQ-01,2025-07-06,00:00:00,4.9,Correctiva,Falla de lubricación,6176.0
PAR-007046,PC-EQ-10,2025-08-28,00:00:00,20.0,Correctiva,Rotura de faja/correa,22346.0
PAR-006195,PC-EQ-07,2027-06-26,06:00:00,8.2,Preventiva,Mantenimiento programado (plan anual),14176.0
PAR-006013,PC-EQ-07,2024-10-23,15:00:00,0.7,Operativa,Indeterminado,
PAR-006222,PC-EQ-07,2027-11-10,00:00:00,5.7,Preventiva,Mantenimiento programado (plan anual),11668.0
PAR-004905,PC-EQ-04,2025-10-29,02:00:00,1.8,Operativa,Espera de insumos (reactivos/bolas de molienda),807.0
PAR-005109,PC-EQ-04,2027-07-31,00:00:00,20.0,Correctiva,Falla eléctrica - motor/tablero,36658.0
PAR-006534,PC-EQ-08,2027-03-28,09:00:00,8.5,Preventiva,Mantenimiento programado (plan anual),
PAR-006197,PC-EQ-07,2027-07-03,11:00:00,1.1,Operativa,Falta de mineral en cancha,460.0
PAR-006412,PC-EQ-08,2025-12-25,03:00:00,7.9,Preventiva,Mantenimiento programado (plan anual),6741.0
PAR-007238,PC-EQ-10,2027-10-08,06:00:00,15.8,Correctiva,Atoro de mineral / obstrucción,27700.0
PAR-005752,PC-EQ-06,2025-07-23,19:00:00,3.9,Correctiva,Falla mecánica - desgaste de componente,7939.0
PAR-004354,PC-EQ-02,2027-05-04,12:00:00,2.6,Operativa,Falta de mineral en cancha,
PAR-006611,PC-EQ-09,2024-04-13,05:00:00,3.7,Correctiva,Falla eléctrica - motor/tablero,3805.0
PAR-004224,PC-EQ-02,2026-01-12,12:00:00,1.4,Operativa,Indeterminado,755.0
PAR-003944,PC-EQ-01,2026-12-08,12:00:00,3.6,Correctiva,Indeterminado,7051.0
PAR-004086,PC-EQ-02,2024-06-19,03:00:00,11.2,Correctiva,Rotura de faja/correa,14150.0
PAR-006376,PC-EQ-08,2025-08-03,10:00:00,10.2,Correctiva,Falla eléctrica - motor/tablero,10720.0
PAR-004603,PC-EQ-03,2026-08-17,19:00:00,2.2,Operativa,Espera de insumos (reactivos/bolas de molienda),1073.0
PAR-004005,PC-EQ-01,2027-08-01,15:00:00,5.1,Correctiva,Falla de lubricación,6362.0
PAR-004336,PC-EQ-02,2027-03-12,19:00:00,1.6,Operativa,Falta de mineral en cancha,620.0
PAR-006331,PC-EQ-08,2025-02-23,01:00:00,20.0,Correctiva,Atoro de mineral / obstrucción,28812.0
PAR-006757,PC-EQ-09,2026-04-26,19:00:00,1.6,Operativa,Condiciones climáticas adversas,380.0
PAR-006745,PC-EQ-09,2026-03-08,07:00:00,1.5,Operativa,Condiciones climáticas adversas,789.0
PAR-005888,PC-EQ-06,2027-01-29,03:00:00,4.1,Preventiva,Mantenimiento programado (plan anual),4986.0
PAR-004541,PC-EQ-03,2025-11-17,17:00:00,1.9,Operativa,Espera de insumos (reactivos/bolas de molienda),545.0
PAR-004144,PC-EQ-02,2025-02-10,07:00:00,4.9,Correctiva,Falla mecánica - desgaste de componente,9462.0
PAR-007049,PC-EQ-10,2025-09-07,02:00:00,1.0,Operativa,Falta de mineral en cancha,402.0
PAR-006481,PC-EQ-08,2026-10-01,05:00:00,11.7,Correctiva,Falla eléctrica - motor/tablero,25563.0
PAR-005224,PC-EQ-05,2024-08-16,04:00:00,18.7,Correctiva,Falla de lubricación,30326.0
PAR-003943,PC-EQ-01,2026-12-08,05:00:00,0.8,Operativa,Espera de insumos (reactivos/bolas de molienda),386.0
PAR-005672,PC-EQ-06,2024-07-22,03:00:00,9.9,Correctiva,Falla mecánica - desgaste de componente,17243.0
PAR-007230,PC-EQ-10,2027-08-24,04:00:00,15.4,Correctiva,Falla eléctrica - motor/tablero,24251.0
PAR-006960,PC-EQ-10,2024-10-10,17:00:00,2.4,Operativa,Corte de energía externo,1075.0
PAR-004729,PC-EQ-04,2024-04-23,01:00:00,6.9,Preventiva,Mantenimiento programado (plan anual),10840.0
PAR-006214,PC-EQ-07,2027-09-09,18:00:00,3.0,Correctiva,Falla de lubricación,4267.0
PAR-004190,PC-EQ-02,2025-08-13,02:00:00,9.1,Correctiva,Falla de lubricación,7598.0
PAR-006113,PC-EQ-07,2026-04-25,03:00:00,8.1,Preventiva,Mantenimiento programado (plan anual),16419.0
PAR-003808,PC-EQ-01,2025-08-02,03:00:00,2.6,Operativa,Falta de mineral en cancha,1466.0
PAR-004150,PC-EQ-02,2025-03-06,08:00:00,0.9,Correctiva,Atoro de mineral / obstrucción,1584.0
PAR-005205,PC-EQ-05,2024-06-21,01:00:00,20.0,Correctiva,Falla eléctrica - motor/tablero,33269.0
PAR-005147,PC-EQ-04,2027-11-24,02:00:00,10.7,Correctiva,Falla mecánica - desgaste de componente,13255.0
PAR-003855,PC-EQ-01,2026-01-19,00:00:00,2.2,Operativa,Falta de mineral en cancha,815.0
PAR-004566,PC-EQ-03,2026-02-11,10:00:00,2.6,Correctiva,Atoro de mineral / obstrucción,5249.0
PAR-005076,PC-EQ-04,2027-05-03,06:00:00,2.8,Correctiva,Falla eléctrica - motor/tablero,6114.0
PAR-006935,PC-EQ-10,2024-07-17,03:00:00,4.5,Correctiva,Falla mecánica - desgaste de componente,4711.0
PAR-003918,PC-EQ-01,2026-09-04,18:00:00,0.8,Operativa,Falta de mineral en cancha,188.0
PAR-004259,PC-EQ-02,2026-04-26,15:00:00,4.9,Preventiva,Mantenimiento programado (plan anual),9446.0
PAR-005746,PC-EQ-06,2025-06-30,05:00:00,2.7,Operativa,Condiciones climáticas adversas,1251.0
PAR-006027,PC-EQ-07,2025-01-25,08:00:00,3.3,Correctiva,Rotura de faja/correa,5113.0
PAR-005072,PC-EQ-04,2027-04-12,18:00:00,2.7,Operativa,Condiciones climáticas adversas,1205.0
PAR-007011,PC-EQ-10,2025-04-22,11:00:00,0.6,Operativa,Condiciones climáticas adversas,
PAR-006319,PC-EQ-08,2024-12-17,16:00:00,1.5,Operativa,Corte de energía externo,592.0
PAR-006053,PC-EQ-07,2025-05-25,17:00:00,2.9,Operativa,Espera de insumos (reactivos/bolas de molienda),1300.0
PAR-005064,PC-EQ-04,2027-03-22,02:00:00,20.0,Correctiva,Atoro de mineral / obstrucción,37254.0
PAR-005955,PC-EQ-06,2027-11-22,10:00:00,2.2,Operativa,Espera de insumos (reactivos/bolas de molienda),989.0
PAR-006292,PC-EQ-08,2024-09-03,04:00:00,7.5,Preventiva,Mantenimiento programado (plan anual),15302.0
PAR-003828,PC-EQ-01,2025-10-27,04:00:00,3.3,Correctiva,Rotura de faja/correa,3801.0
PAR-005615,PC-EQ-05,2027-12-12,16:00:00,5.5,Correctiva,Rotura de faja/correa,
PAR-006654,PC-EQ-09,2024-12-21,14:00:00,6.9,Preventiva,Mantenimiento programado (plan anual),13399.0
PAR-005880,PC-EQ-06,2027-01-14,14:00:00,4.3,Preventiva,Mantenimiento programado (plan anual),7920.0
PAR-007007,PC-EQ-10,2025-04-05,15:00:00,4.3,Correctiva,Falla de lubricación,8811.0
PAR-005789,PC-EQ-06,2026-01-07,07:00:00,5.9,Correctiva,Rotura de faja/correa,12825.0
PAR-006106,PC-EQ-07,2026-03-26,15:00:00,1.4,Correctiva,Falla mecánica - desgaste de componente,1910.0
PAR-003867,PC-EQ-01,2026-02-18,02:00:00,15.9,Correctiva,Falla eléctrica - motor/tablero,22407.0
PAR-004088,PC-EQ-02,2024-06-21,08:00:00,5.0,Correctiva,Atoro de mineral / obstrucción,7737.0
PAR-005558,PC-EQ-05,2027-06-10,15:00:00,3.7,Correctiva,Falla eléctrica - motor/tablero,7853.0
PAR-006718,PC-EQ-09,2025-11-03,08:00:00,3.6,Correctiva,Falla de lubricación,4781.0
PAR-004060,PC-EQ-02,2024-02-22,13:00:00,0.5,Correctiva,Indeterminado,835.0
PAR-004228,PC-EQ-02,2026-01-23,02:00:00,1.7,Operativa,Condiciones climáticas adversas,341.0
PAR-006665,PC-EQ-09,2025-02-19,12:00:00,2.3,Operativa,Espera de insumos (reactivos/bolas de molienda),789.0
PAR-003907,PC-EQ-01,2026-07-14,07:00:00,8.2,Preventiva,Mantenimiento programado (plan anual),6698.0
PAR-006786,PC-EQ-09,2026-09-04,00:00:00,9.0,Preventiva,Mantenimiento programado (plan anual),11723.0
PAR-004030,PC-EQ-01,2027-11-01,03:00:00,20.0,Correctiva,Falla mecánica - desgaste de componente,17495.0
PAR-006259,PC-EQ-08,2024-04-29,02:00:00,5.8,Correctiva,Atoro de mineral / obstrucción,6830.0
PAR-004695,PC-EQ-04,2024-01-17,02:00:00,2.4,Correctiva,Indeterminado,
PAR-004230,PC-EQ-02,2026-01-24,05:00:00,7.1,Preventiva,Mantenimiento programado (plan anual),7753.0
PAR-004241,PC-EQ-02,2026-02-24,01:00:00,16.8,Correctiva,Atoro de mineral / obstrucción,24817.0
PAR-003917,PC-EQ-01,2026-09-03,03:00:00,4.4,Correctiva,Falla eléctrica - motor/tablero,7307.0
PAR-003938,PC-EQ-01,2026-11-16,05:00:00,1.8,Operativa,Indeterminado,
PAR-004696,PC-EQ-04,2024-01-21,14:00:00,2.6,Correctiva,Indeterminado,5396.0
PAR-004984,PC-EQ-04,2026-07-02,03:00:00,4.8,Correctiva,Indeterminado,9553.0
PAR-006637,PC-EQ-09,2024-10-06,07:00:00,7.3,Preventiva,Mantenimiento programado (plan anual),12140.0
PAR-006301,PC-EQ-08,2024-10-15,02:00:00,1.1,Operativa,Indeterminado,595.0
PAR-006965,PC-EQ-10,2024-10-24,12:00:00,10.3,Correctiva,Falla mecánica - desgaste de componente,12086.0
PAR-006941,PC-EQ-10,2024-08-05,10:00:00,1.3,Operativa,Condiciones climáticas adversas,513.0
PAR-007113,PC-EQ-10,2026-05-04,13:00:00,1.0,Correctiva,Falla de lubricación,1007.0
PAR-005961,PC-EQ-06,2027-12-08,15:00:00,2.1,Operativa,Condiciones climáticas adversas,1220.0
PAR-004668,PC-EQ-03,2027-09-18,04:00:00,0.7,Operativa,Espera de insumos (reactivos/bolas de molienda),140.0
PAR-005801,PC-EQ-06,2026-02-15,04:00:00,2.2,Operativa,Espera de insumos (reactivos/bolas de molienda),605.0
PAR-006039,PC-EQ-07,2025-03-27,11:00:00,2.2,Operativa,Espera de insumos (reactivos/bolas de molienda),972.0
PAR-004750,PC-EQ-04,2024-06-23,13:00:00,8.2,Preventiva,Mantenimiento programado (plan anual),17974.0
PAR-005640,PC-EQ-06,2024-03-13,15:00:00,0.9,Correctiva,Indeterminado,1363.0
PAR-005263,PC-EQ-05,2024-12-17,08:00:00,0.9,Operativa,Espera de insumos (reactivos/bolas de molienda),433.0
PAR-007122,PC-EQ-10,2026-06-05,07:00:00,6.5,Correctiva,Falla mecánica - desgaste de componente,9402.0
PAR-005767,PC-EQ-06,2025-10-02,17:00:00,2.1,Correctiva,Falla eléctrica - motor/tablero,3644.0
PAR-005708,PC-EQ-06,2025-01-20,02:00:00,6.7,Preventiva,Mantenimiento programado (plan anual),8862.0
PAR-006203,PC-EQ-07,2027-08-04,07:00:00,5.8,Preventiva,Mantenimiento programado (plan anual),6586.0
PAR-004775,PC-EQ-04,2024-08-31,05:00:00,4.2,Preventiva,Mantenimiento programado (plan anual),7690.0
PAR-003832,PC-EQ-01,2025-11-01,00:00:00,5.9,Correctiva,Falla mecánica - desgaste de componente,6882.0
PAR-004584,PC-EQ-03,2026-05-14,01:00:00,7.0,Preventiva,Mantenimiento programado (plan anual),
PAR-005816,PC-EQ-06,2026-04-11,01:00:00,6.3,Preventiva,Mantenimiento programado (plan anual),8457.0
PAR-004401,PC-EQ-02,2027-11-24,07:00:00,12.1,Correctiva,Falla de lubricación,10919.0
PAR-003798,PC-EQ-01,2025-05-22,09:00:00,0.5,Correctiva,Atoro de mineral / obstrucción,1076.0
PAR-005315,PC-EQ-05,2025-06-18,02:00:00,20.0,Correctiva,Falla mecánica - desgaste de componente,43212.0
PAR-005084,PC-EQ-04,2027-05-22,07:00:00,2.0,Operativa,Espera de insumos (reactivos/bolas de molienda),931.0
PAR-006090,PC-EQ-07,2025-12-13,04:00:00,4.7,Correctiva,Falla de lubricación,4104.0
PAR-005553,PC-EQ-05,2027-05-20,03:00:00,20.0,Correctiva,Atoro de mineral / obstrucción,20498.0
PAR-005761,PC-EQ-06,2025-08-26,06:00:00,6.4,Preventiva,Mantenimiento programado (plan anual),12546.0
PAR-006705,PC-EQ-09,2025-09-13,14:00:00,8.9,Preventiva,Mantenimiento programado (plan anual),16323.0
PAR-006433,PC-EQ-08,2026-03-21,17:00:00,0.5,Correctiva,Falla de lubricación,1013.0
PAR-004121,PC-EQ-02,2024-11-10,17:00:00,0.9,Correctiva,Atoro de mineral / obstrucción,1437.0
PAR-004564,PC-EQ-03,2026-02-02,20:00:00,0.5,Correctiva,Falla de lubricación,858.0
PAR-005862,PC-EQ-06,2026-11-01,18:00:00,2.8,Correctiva,Atoro de mineral / obstrucción,2243.0
PAR-006913,PC-EQ-10,2024-04-17,13:00:00,1.2,Correctiva,Atoro de mineral / obstrucción,2263.0
PAR-004419,PC-EQ-03,2024-02-12,12:00:00,1.4,Operativa,Falta de mineral en cancha,584.0
PAR-005498,PC-EQ-05,2026-11-23,07:00:00,8.2,Preventiva,Mantenimiento programado (plan anual),16618.0
PAR-005669,PC-EQ-06,2024-07-18,12:00:00,10.1,Correctiva,Atoro de mineral / obstrucción,10142.0
PAR-005253,PC-EQ-05,2024-11-26,18:00:00,0.5,Correctiva,Falla eléctrica - motor/tablero,657.0
PAR-004278,PC-EQ-02,2026-07-23,15:00:00,4.8,Correctiva,Falla eléctrica - motor/tablero,5562.0
PAR-006067,PC-EQ-07,2025-09-16,07:00:00,8.7,Correctiva,Falla de lubricación,11147.0
PAR-006283,PC-EQ-08,2024-07-20,08:00:00,0.7,Correctiva,Atoro de mineral / obstrucción,1281.0
PAR-006406,PC-EQ-08,2025-11-30,02:00:00,20.0,Correctiva,Falla eléctrica - motor/tablero,24659.0
PAR-007133,PC-EQ-10,2026-07-14,07:00:00,6.4,Preventiva,Mantenimiento programado (plan anual),6443.0
PAR-007052,PC-EQ-10,2025-09-10,06:00:00,9.6,Correctiva,Rotura de faja/correa,11258.0
PAR-005857,PC-EQ-06,2026-09-28,01:00:00,20.0,Correctiva,Rotura de faja/correa,37075.0
PAR-003920,PC-EQ-01,2026-09-07,08:00:00,4.5,Preventiva,Mantenimiento programado (plan anual),9791.0
PAR-005585,PC-EQ-05,2027-09-05,02:00:00,8.5,Correctiva,Rotura de faja/correa,14162.0
PAR-006720,PC-EQ-09,2025-11-17,12:00:00,10.0,Correctiva,Falla eléctrica - motor/tablero,10864.0
PAR-005470,PC-EQ-05,2026-08-18,02:00:00,7.2,Preventiva,Mantenimiento programado (plan anual),12190.0
PAR-007141,PC-EQ-10,2026-08-21,13:00:00,0.7,Operativa,Espera de insumos (reactivos/bolas de molienda),361.0
PAR-006530,PC-EQ-08,2027-03-17,03:00:00,19.8,Correctiva,Falla eléctrica - motor/tablero,22759.0
PAR-006795,PC-EQ-09,2026-10-08,09:00:00,6.2,Preventiva,Mantenimiento programado (plan anual),13616.0
PAR-004486,PC-EQ-03,2025-02-15,05:00:00,2.0,Operativa,Espera de insumos (reactivos/bolas de molienda),985.0
PAR-003971,PC-EQ-01,2027-03-31,01:00:00,20.0,Correctiva,Atoro de mineral / obstrucción,28275.0
PAR-004207,PC-EQ-02,2025-11-03,01:00:00,4.7,Correctiva,Rotura de faja/correa,9102.0
PAR-005143,PC-EQ-04,2027-11-09,07:00:00,2.0,Correctiva,Atoro de mineral / obstrucción,2860.0
PAR-005561,PC-EQ-05,2027-06-17,20:00:00,1.3,Correctiva,Rotura de faja/correa,2004.0
PAR-005344,PC-EQ-05,2025-09-09,13:00:00,2.5,Operativa,Corte de energía externo,783.0
PAR-004159,PC-EQ-02,2025-04-09,11:00:00,0.5,Correctiva,Rotura de faja/correa,945.0
PAR-005358,PC-EQ-05,2025-11-05,01:00:00,5.1,Correctiva,Rotura de faja/correa,9389.0
PAR-003820,PC-EQ-01,2025-09-06,03:00:00,13.2,Correctiva,Falla eléctrica - motor/tablero,13673.0
PAR-006906,PC-EQ-10,2024-03-24,05:00:00,12.1,Correctiva,Falla de lubricación,21058.0
PAR-006066,PC-EQ-07,2025-09-11,20:00:00,1.8,Operativa,Espera de insumos (reactivos/bolas de molienda),991.0
PAR-004808,PC-EQ-04,2024-12-21,13:00:00,2.0,Operativa,Condiciones climáticas adversas,779.0
PAR-006670,PC-EQ-09,2025-04-01,02:00:00,1.3,Operativa,Falta de mineral en cancha,765.0
PAR-004204,PC-EQ-02,2025-10-09,15:00:00,4.8,Preventiva,Mantenimiento programado (plan anual),7307.0
PAR-006690,PC-EQ-09,2025-07-10,02:00:00,4.4,Preventiva,Indeterminado,4886.0
PAR-004071,PC-EQ-02,2024-04-11,05:00:00,8.7,Preventiva,Mantenimiento programado (plan anual),10771.0
PAR-004664,PC-EQ-03,2027-08-14,14:00:00,4.4,Preventiva,Mantenimiento programado (plan anual),8217.0
PAR-006553,PC-EQ-08,2027-06-21,13:00:00,9.1,Correctiva,Atoro de mineral / obstrucción,7446.0
PAR-006781,PC-EQ-09,2026-08-17,20:00:00,1.1,Operativa,Condiciones climáticas adversas,492.0
PAR-006249,PC-EQ-08,2024-03-02,14:00:00,1.3,Correctiva,Falla eléctrica - motor/tablero,1677.0
PAR-005278,PC-EQ-05,2025-02-02,06:00:00,1.8,Operativa,Falta de mineral en cancha,583.0
PAR-004145,PC-EQ-02,2025-02-12,04:00:00,5.5,Preventiva,Mantenimiento programado (plan anual),6040.0
PAR-004559,PC-EQ-03,2026-01-20,14:00:00,2.3,Operativa,Condiciones climáticas adversas,470.0
PAR-004412,PC-EQ-03,2024-01-14,12:00:00,5.5,Preventiva,Mantenimiento programado (plan anual),10017.0
PAR-004390,PC-EQ-02,2027-10-13,07:00:00,8.3,Preventiva,Mantenimiento programado (plan anual),11764.0
PAR-004665,PC-EQ-03,2027-08-20,10:00:00,6.0,Correctiva,Falla eléctrica - motor/tablero,10618.0
PAR-006861,PC-EQ-09,2027-09-24,13:00:00,6.0,Correctiva,Falla eléctrica - motor/tablero,7440.0
PAR-004737,PC-EQ-04,2024-05-21,00:00:00,12.5,Correctiva,Falla de lubricación,27404.0
PAR-005971,PC-EQ-07,2024-02-17,19:00:00,3.4,Correctiva,Falla de lubricación,6760.0
PAR-003839,PC-EQ-01,2025-12-05,03:00:00,1.7,Operativa,Condiciones climáticas adversas,716.0
PAR-004692,PC-EQ-04,2024-01-12,00:00:00,18.5,Correctiva,Atoro de mineral / obstrucción,21675.0
PAR-004577,PC-EQ-03,2026-04-16,14:00:00,2.1,Operativa,Falta de mineral en cancha,1239.0
PAR-005389,PC-EQ-05,2026-01-30,06:00:00,7.1,Correctiva,Falla mecánica - desgaste de componente,14472.0
PAR-006042,PC-EQ-07,2025-04-05,12:00:00,2.7,Correctiva,Falla eléctrica - motor/tablero,2468.0
PAR-005168,PC-EQ-05,2024-02-23,01:00:00,7.0,Preventiva,Mantenimiento programado (plan anual),6352.0
PAR-005149,PC-EQ-04,2027-11-30,03:00:00,1.1,Operativa,Falta de mineral en cancha,558.0
PAR-006629,PC-EQ-09,2024-08-03,00:00:00,11.4,Correctiva,Indeterminado,10216.0
PAR-007071,PC-EQ-10,2025-11-28,10:00:00,0.7,Operativa,Falta de mineral en cancha,
PAR-006570,PC-EQ-08,2027-09-14,14:00:00,7.3,Correctiva,Atoro de mineral / obstrucción,14964.0
PAR-006817,PC-EQ-09,2027-02-10,09:00:00,0.6,Operativa,Corte de energía externo,270.0
PAR-004113,PC-EQ-02,2024-09-22,02:00:00,20.0,Correctiva,Atoro de mineral / obstrucción,33250.0
PAR-006848,PC-EQ-09,2027-07-22,13:00:00,2.0,Operativa,Espera de insumos (reactivos/bolas de molienda),1109.0
PAR-005636,PC-EQ-06,2024-02-27,10:00:00,4.3,Preventiva,Mantenimiento programado (plan anual),6016.0
PAR-007249,PC-EQ-10,2027-11-07,17:00:00,0.8,Correctiva,Falla mecánica - desgaste de componente,1643.0
PAR-005896,PC-EQ-06,2027-03-02,12:00:00,8.8,Correctiva,Rotura de faja/correa,17276.0
PAR-006410,PC-EQ-08,2025-12-15,05:00:00,9.2,Correctiva,Falla de lubricación,8838.0
PAR-006482,PC-EQ-08,2026-10-02,06:00:00,2.5,Operativa,Condiciones climáticas adversas,1395.0
PAR-005189,PC-EQ-05,2024-05-07,19:00:00,2.9,Operativa,Corte de energía externo,1130.0
PAR-005440,PC-EQ-05,2026-05-24,14:00:00,1.1,Operativa,Condiciones climáticas adversas,528.0
PAR-006317,PC-EQ-08,2024-12-10,08:00:00,6.4,Preventiva,Mantenimiento programado (plan anual),12370.0
PAR-005044,PC-EQ-04,2026-12-17,22:00:00,1.0,Operativa,Corte de energía externo,363.0
PAR-004832,PC-EQ-04,2025-02-23,01:00:00,20.0,Correctiva,Rotura de faja/correa,43389.0
PAR-005834,PC-EQ-06,2026-06-25,16:00:00,6.8,Correctiva,Rotura de faja/correa,6675.0
PAR-004153,PC-EQ-02,2025-03-25,04:00:00,8.1,Preventiva,Mantenimiento programado (plan anual),15087.0
PAR-005025,PC-EQ-04,2026-10-29,17:00:00,2.4,Operativa,Indeterminado,947.0
PAR-004180,PC-EQ-02,2025-07-21,03:00:00,1.3,Operativa,Falta de mineral en cancha,473.0
PAR-005420,PC-EQ-05,2026-04-07,03:00:00,20.0,Correctiva,Falla eléctrica - motor/tablero,19543.0
PAR-006184,PC-EQ-07,2027-04-21,03:00:00,6.6,Correctiva,Falla eléctrica - motor/tablero,14402.0
PAR-004066,PC-EQ-02,2024-03-26,00:00:00,2.3,Operativa,Falta de mineral en cancha,933.0
PAR-004163,PC-EQ-02,2025-04-29,15:00:00,2.1,Correctiva,Falla eléctrica - motor/tablero,3560.0
PAR-004947,PC-EQ-04,2026-03-03,10:00:00,6.3,Preventiva,Mantenimiento programado (plan anual),12142.0
PAR-005307,PC-EQ-05,2025-05-09,09:00:00,13.1,Correctiva,Rotura de faja/correa,24328.0
PAR-006989,PC-EQ-10,2025-02-06,01:00:00,0.5,Correctiva,Falla eléctrica - motor/tablero,1047.0
PAR-006122,PC-EQ-07,2026-07-09,14:00:00,7.5,Preventiva,Mantenimiento programado (plan anual),6365.0
PAR-004505,PC-EQ-03,2025-05-18,04:00:00,18.5,Correctiva,Rotura de faja/correa,30738.0
PAR-005846,PC-EQ-06,2026-08-16,18:00:00,1.5,Operativa,Condiciones climáticas adversas,358.0
PAR-004706,PC-EQ-04,2024-03-03,12:00:00,8.7,Correctiva,Atoro de mineral / obstrucción,15319.0
PAR-006707,PC-EQ-09,2025-09-28,07:00:00,6.2,Preventiva,Mantenimiento programado (plan anual),11457.0
PAR-005116,PC-EQ-04,2027-08-13,08:00:00,6.1,Correctiva,Falla eléctrica - motor/tablero,8047.0
PAR-003854,PC-EQ-01,2026-01-15,03:00:00,20.0,Correctiva,Falla mecánica - desgaste de componente,31328.0
PAR-004317,PC-EQ-02,2026-12-26,02:00:00,15.7,Correctiva,Falla mecánica - desgaste de componente,22466.0
PAR-004720,PC-EQ-04,2024-04-08,02:00:00,14.1,Correctiva,Falla eléctrica - motor/tablero,15173.0
PAR-006370,PC-EQ-08,2025-07-09,02:00:00,7.2,Preventiva,Mantenimiento programado (plan anual),13988.0
PAR-006990,PC-EQ-10,2025-02-07,04:00:00,3.5,Correctiva,Falla mecánica - desgaste de componente,6387.0
PAR-007142,PC-EQ-10,2026-08-23,02:00:00,1.4,Operativa,Falta de mineral en cancha,552.0
PAR-003859,PC-EQ-01,2026-01-26,11:00:00,6.6,Preventiva,Mantenimiento programado (plan anual),6955.0
PAR-006528,PC-EQ-08,2027-03-13,03:00:00,7.3,Preventiva,Mantenimiento programado (plan anual),14863.0
PAR-005388,PC-EQ-05,2026-01-25,02:00:00,20.0,Correctiva,Falla mecánica - desgaste de componente,24196.0
PAR-006356,PC-EQ-08,2025-05-10,06:00:00,0.5,Correctiva,Atoro de mineral / obstrucción,466.0
PAR-003772,PC-EQ-01,2025-02-11,04:00:00,6.0,Preventiva,Mantenimiento programado (plan anual),12124.0
PAR-004442,PC-EQ-03,2024-06-20,00:00:00,7.0,Preventiva,Mantenimiento programado (plan anual),
PAR-007057,PC-EQ-10,2025-09-27,16:00:00,0.9,Correctiva,Atoro de mineral / obstrucción,1268.0
PAR-004574,PC-EQ-03,2026-03-18,15:00:00,4.2,Preventiva,Mantenimiento programado (plan anual),5464.0
PAR-003741,PC-EQ-01,2024-09-30,03:00:00,7.9,Preventiva,Mantenimiento programado (plan anual),8243.0
PAR-004087,PC-EQ-02,2024-06-21,12:00:00,8.6,Preventiva,Mantenimiento programado (plan anual),13383.0
PAR-003815,PC-EQ-01,2025-08-23,11:00:00,9.8,Correctiva,Rotura de faja/correa,13282.0
PAR-005051,PC-EQ-04,2027-01-22,10:00:00,2.4,Operativa,Corte de energía externo,640.0
PAR-005325,PC-EQ-05,2025-07-18,13:00:00,4.7,Preventiva,Mantenimiento programado (plan anual),4270.0
PAR-005331,PC-EQ-05,2025-08-02,03:00:00,20.0,Correctiva,Atoro de mineral / obstrucción,26433.0
PAR-004945,PC-EQ-04,2026-02-28,01:00:00,20.0,Correctiva,Atoro de mineral / obstrucción,24326.0
PAR-004699,PC-EQ-04,2024-02-06,00:00:00,8.0,Correctiva,Falla eléctrica - motor/tablero,14011.0
PAR-004370,PC-EQ-02,2027-07-20,10:00:00,5.4,Preventiva,Mantenimiento programado (plan anual),9434.0
PAR-006550,PC-EQ-08,2027-05-26,04:00:00,10.4,Correctiva,Falla eléctrica - motor/tablero,22148.0
PAR-006230,PC-EQ-07,2027-12-16,08:00:00,1.8,Operativa,Falta de mineral en cancha,701.0
PAR-005523,PC-EQ-05,2027-02-16,07:00:00,1.8,Operativa,Falta de mineral en cancha,378.0
PAR-006778,PC-EQ-09,2026-07-28,09:00:00,1.6,Correctiva,Falla de lubricación,3051.0
PAR-005796,PC-EQ-06,2026-02-05,02:00:00,6.1,Preventiva,Mantenimiento programado (plan anual),6657.0
PAR-004019,PC-EQ-01,2027-09-05,16:00:00,1.2,Operativa,Espera de insumos (reactivos/bolas de molienda),394.0
PAR-007182,PC-EQ-10,2027-01-28,12:00:00,0.5,Correctiva,Indeterminado,832.0
PAR-005962,PC-EQ-06,2027-12-09,08:00:00,4.4,Preventiva,Mantenimiento programado (plan anual),5324.0
PAR-003767,PC-EQ-01,2025-01-24,12:00:00,6.8,Preventiva,Mantenimiento programado (plan anual),7290.0
PAR-004213,PC-EQ-02,2025-11-24,20:00:00,1.1,Operativa,Espera de insumos (reactivos/bolas de molienda),505.0
PAR-003831,PC-EQ-01,2025-10-30,09:00:00,0.5,Correctiva,Atoro de mineral / obstrucción,626.0
PAR-004303,PC-EQ-02,2026-10-23,04:00:00,3.0,Correctiva,Falla de lubricación,5711.0
PAR-004900,PC-EQ-04,2025-10-09,09:00:00,4.7,Preventiva,Mantenimiento programado (plan anual),10101.0
PAR-005194,PC-EQ-05,2024-05-25,01:00:00,20.0,Correctiva,Falla de lubricación,20644.0
PAR-004183,PC-EQ-02,2025-07-27,01:00:00,8.3,Preventiva,Indeterminado,16434.0
PAR-004431,PC-EQ-03,2024-04-21,09:00:00,5.0,Preventiva,Mantenimiento programado (plan anual),10297.0
PAR-006007,PC-EQ-07,2024-10-03,21:00:00,0.5,Correctiva,Rotura de faja/correa,558.0
PAR-006058,PC-EQ-07,2025-06-23,11:00:00,7.9,Correctiva,Atoro de mineral / obstrucción,11876.0
PAR-005134,PC-EQ-04,2027-10-18,01:00:00,18.3,Correctiva,Atoro de mineral / obstrucción,26770.0
PAR-003865,PC-EQ-01,2026-02-17,19:00:00,0.9,Operativa,Corte de energía externo,
PAR-003841,PC-EQ-01,2025-12-08,04:00:00,5.6,Correctiva,Atoro de mineral / obstrucción,5452.0
PAR-005572,PC-EQ-05,2027-07-21,12:00:00,2.9,Operativa,Espera de insumos (reactivos/bolas de molienda),973.0
PAR-006427,PC-EQ-08,2026-02-23,13:00:00,1.3,Correctiva,Falla mecánica - desgaste de componente,2378.0
PAR-004235,PC-EQ-02,2026-01-30,03:00:00,1.2,Operativa,Falta de mineral en cancha,615.0
PAR-006511,PC-EQ-08,2026-12-31,06:00:00,8.9,Preventiva,Mantenimiento programado (plan anual),11182.0
PAR-005273,PC-EQ-05,2025-01-18,14:00:00,2.2,Operativa,Corte de energía externo,1083.0
PAR-004763,PC-EQ-04,2024-08-09,00:00:00,19.8,Correctiva,Falla mecánica - desgaste de componente,16603.0
PAR-007170,PC-EQ-10,2026-12-12,17:00:00,1.5,Operativa,Falta de mineral en cancha,341.0
PAR-006968,PC-EQ-10,2024-10-31,15:00:00,6.6,Preventiva,Mantenimiento programado (plan anual),9298.0
PAR-004852,PC-EQ-04,2025-05-09,10:00:00,8.6,Preventiva,Mantenimiento programado (plan anual),15840.0
PAR-005371,PC-EQ-05,2025-12-04,01:00:00,20.0,Correctiva,Atoro de mineral / obstrucción,39722.0
PAR-005897,PC-EQ-06,2027-03-13,05:00:00,2.2,Operativa,Corte de energía externo,913.0
PAR-004502,PC-EQ-03,2025-05-12,01:00:00,4.4,Correctiva,Atoro de mineral / obstrucción,5398.0
PAR-003827,PC-EQ-01,2025-10-22,04:00:00,0.7,Operativa,Espera de insumos (reactivos/bolas de molienda),271.0
PAR-006826,PC-EQ-09,2027-04-16,04:00:00,6.9,Preventiva,Mantenimiento programado (plan anual),13075.0
PAR-005066,PC-EQ-04,2027-03-25,18:00:00,2.4,Correctiva,Indeterminado,3081.0
PAR-006327,PC-EQ-08,2025-01-22,12:00:00,7.6,Correctiva,Falla de lubricación,7631.0
PAR-006688,PC-EQ-09,2025-07-02,00:00:00,2.4,Operativa,Espera de insumos (reactivos/bolas de molienda),914.0
PAR-003964,PC-EQ-01,2027-03-14,05:00:00,15.9,Correctiva,Falla eléctrica - motor/tablero,30560.0
PAR-006065,PC-EQ-07,2025-09-07,06:00:00,5.1,Preventiva,Mantenimiento programado (plan anual),9033.0
PAR-004434,PC-EQ-03,2024-04-30,04:00:00,18.5,Correctiva,Falla eléctrica - motor/tablero,22336.0
PAR-004364,PC-EQ-02,2027-06-18,03:00:00,7.9,Preventiva,Mantenimiento programado (plan anual),10102.0
PAR-006939,PC-EQ-10,2024-08-02,01:00:00,9.6,Correctiva,Falla de lubricación,11313.0
PAR-003945,PC-EQ-01,2026-12-20,03:00:00,4.1,Preventiva,Indeterminado,3874.0
PAR-005937,PC-EQ-06,2027-09-02,01:00:00,6.8,Correctiva,Falla de lubricación,14699.0
PAR-004558,PC-EQ-03,2026-01-19,03:00:00,1.0,Operativa,Espera de insumos (reactivos/bolas de molienda),479.0
PAR-005314,PC-EQ-05,2025-06-14,08:00:00,2.3,Correctiva,Falla eléctrica - motor/tablero,2264.0
PAR-005999,PC-EQ-07,2024-08-29,04:00:00,6.2,Preventiva,Mantenimiento programado (plan anual),5889.0
PAR-006596,PC-EQ-08,2027-12-13,11:00:00,5.7,Preventiva,Mantenimiento programado (plan anual),5361.0
PAR-005810,PC-EQ-06,2026-03-13,07:00:00,6.2,Correctiva,Falla mecánica - desgaste de componente,7633.0
PAR-006776,PC-EQ-09,2026-07-21,01:00:00,5.5,Correctiva,Falla de lubricación,7383.0
PAR-004008,PC-EQ-01,2027-08-06,07:00:00,7.8,Preventiva,Mantenimiento programado (plan anual),11263.0
PAR-006681,PC-EQ-09,2025-05-15,00:00:00,15.6,Correctiva,Falla mecánica - desgaste de componente,13063.0
PAR-004910,PC-EQ-04,2025-11-14,13:00:00,5.1,Correctiva,Rotura de faja/correa,9760.0
PAR-005754,PC-EQ-06,2025-07-28,20:00:00,0.8,Correctiva,Rotura de faja/correa,1551.0
PAR-004062,PC-EQ-02,2024-03-04,02:00:00,8.7,Preventiva,Indeterminado,12441.0
PAR-004402,PC-EQ-02,2027-11-25,11:00:00,5.6,Correctiva,Falla mecánica - desgaste de componente,11310.0
PAR-004518,PC-EQ-03,2025-07-31,09:00:00,0.5,Correctiva,Falla eléctrica - motor/tablero,959.0
PAR-004433,PC-EQ-03,2024-04-30,14:00:00,1.3,Operativa,Falta de mineral en cancha,458.0
PAR-005469,PC-EQ-05,2026-08-15,09:00:00,11.0,Correctiva,Rotura de faja/correa,21936.0
PAR-006077,PC-EQ-07,2025-11-07,09:00:00,8.1,Correctiva,Falla mecánica - desgaste de componente,12927.0
PAR-003822,PC-EQ-01,2025-09-16,05:00:00,6.3,Correctiva,Falla eléctrica - motor/tablero,
PAR-007145,PC-EQ-10,2026-09-01,08:00:00,2.4,Correctiva,Atoro de mineral / obstrucción,3501.0
PAR-004570,PC-EQ-03,2026-03-04,00:00:00,9.0,Preventiva,Mantenimiento programado (plan anual),10164.0
PAR-006423,PC-EQ-08,2026-02-05,17:00:00,4.9,Preventiva,Mantenimiento programado (plan anual),8164.0
PAR-007119,PC-EQ-10,2026-06-02,08:00:00,1.2,Operativa,Indeterminado,635.0
PAR-005155,PC-EQ-04,2027-12-10,06:00:00,10.9,Correctiva,Falla eléctrica - motor/tablero,21646.0
PAR-005438,PC-EQ-05,2026-05-21,15:00:00,1.1,Operativa,Indeterminado,416.0
PAR-007189,PC-EQ-10,2027-02-27,11:00:00,8.1,Correctiva,Falla eléctrica - motor/tablero,6812.0
PAR-006762,PC-EQ-09,2026-05-20,19:00:00,0.9,Operativa,Condiciones climáticas adversas,452.0
PAR-006342,PC-EQ-08,2025-03-24,04:00:00,0.8,Correctiva,Falla de lubricación,1645.0
PAR-004397,PC-EQ-02,2027-11-13,15:00:00,5.5,Correctiva,Atoro de mineral / obstrucción,10864.0
PAR-004873,PC-EQ-04,2025-07-18,14:00:00,3.3,Correctiva,Rotura de faja/correa,5032.0
PAR-004704,PC-EQ-04,2024-02-17,03:00:00,1.4,Correctiva,Falla mecánica - desgaste de componente,2995.0
PAR-005477,PC-EQ-05,2026-09-24,09:00:00,9.3,Correctiva,Atoro de mineral / obstrucción,15054.0
PAR-006041,PC-EQ-07,2025-04-03,16:00:00,1.4,Operativa,Espera de insumos (reactivos/bolas de molienda),377.0
PAR-005511,PC-EQ-05,2027-01-07,12:00:00,2.7,Correctiva,Falla mecánica - desgaste de componente,3668.0
PAR-004349,PC-EQ-02,2027-04-17,09:00:00,8.7,Correctiva,Rotura de faja/correa,18986.0
PAR-003895,PC-EQ-01,2026-06-06,04:00:00,2.6,Correctiva,Indeterminado,4849.0
PAR-004599,PC-EQ-03,2026-07-27,02:00:00,16.0,Correctiva,Falla eléctrica - motor/tablero,33257.0
PAR-005151,PC-EQ-04,2027-12-04,02:00:00,16.1,Correctiva,Rotura de faja/correa,25380.0
PAR-006547,PC-EQ-08,2027-05-21,15:00:00,1.5,Correctiva,Falla de lubricación,
PAR-004445,PC-EQ-03,2024-07-14,19:00:00,2.9,Correctiva,Falla mecánica - desgaste de componente,4788.0
PAR-005894,PC-EQ-06,2027-02-20,18:00:00,2.3,Operativa,Falta de mineral en cancha,1097.0
PAR-005061,PC-EQ-04,2027-03-05,07:00:00,6.3,Preventiva,Mantenimiento programado (plan anual),8395.0
PAR-006111,PC-EQ-07,2026-04-18,13:00:00,0.7,Operativa,Espera de insumos (reactivos/bolas de molienda),283.0
PAR-004169,PC-EQ-02,2025-05-23,03:00:00,1.2,Operativa,Corte de energía externo,607.0
PAR-004536,PC-EQ-03,2025-10-29,05:00:00,12.1,Correctiva,Rotura de faja/correa,23458.0
PAR-006386,PC-EQ-08,2025-09-01,14:00:00,1.3,Correctiva,Falla mecánica - desgaste de componente,1878.0
PAR-004964,PC-EQ-04,2026-05-12,02:00:00,4.0,Correctiva,Atoro de mineral / obstrucción,4771.0
PAR-004450,PC-EQ-03,2024-08-03,15:00:00,1.1,Correctiva,Rotura de faja/correa,927.0
PAR-006741,PC-EQ-09,2026-02-19,02:00:00,5.0,Preventiva,Mantenimiento programado (plan anual),6775.0
PAR-004738,PC-EQ-04,2024-05-23,02:00:00,13.2,Correctiva,Falla mecánica - desgaste de componente,25048.0
PAR-004044,PC-EQ-02,2024-01-08,10:00:00,8.5,Correctiva,Rotura de faja/correa,18006.0
PAR-007245,PC-EQ-10,2027-10-28,07:00:00,2.7,Correctiva,Falla mecánica - desgaste de componente,4916.0
PAR-005351,PC-EQ-05,2025-10-10,16:00:00,6.7,Correctiva,Falla mecánica - desgaste de componente,7346.0
PAR-004399,PC-EQ-02,2027-11-18,09:00:00,10.7,Correctiva,Atoro de mineral / obstrucción,23252.0
PAR-006315,PC-EQ-08,2024-12-07,04:00:00,12.0,Correctiva,Rotura de faja/correa,23365.0
PAR-003763,PC-EQ-01,2025-01-04,18:00:00,1.4,Operativa,Corte de energía externo,
PAR-003998,PC-EQ-01,2027-07-11,04:00:00,1.4,Operativa,Falta de mineral en cancha,756.0
PAR-005766,PC-EQ-06,2025-09-27,09:00:00,2.8,Operativa,Espera de insumos (reactivos/bolas de molienda),749.0
PAR-004333,PC-EQ-02,2027-03-05,05:00:00,1.3,Operativa,Falta de mineral en cancha,364.0
PAR-004777,PC-EQ-04,2024-09-07,07:00:00,13.6,Correctiva,Atoro de mineral / obstrucción,18033.0
PAR-006633,PC-EQ-09,2024-09-12,11:00:00,4.0,Correctiva,Falla eléctrica - motor/tablero,4127.0
PAR-007220,PC-EQ-10,2027-07-11,11:00:00,3.3,Correctiva,Falla eléctrica - motor/tablero,3028.0
PAR-003980,PC-EQ-01,2027-04-26,09:00:00,0.9,Operativa,Corte de energía externo,262.0
PAR-003790,PC-EQ-01,2025-04-21,12:00:00,3.0,Correctiva,Atoro de mineral / obstrucción,3543.0
PAR-006287,PC-EQ-08,2024-07-29,07:00:00,11.6,Correctiva,Rotura de faja/correa,21076.0
PAR-006649,PC-EQ-09,2024-11-22,13:00:00,1.5,Correctiva,Falla de lubricación,2299.0
PAR-004267,PC-EQ-02,2026-05-30,01:00:00,7.5,Correctiva,Falla mecánica - desgaste de componente,11043.0
PAR-006493,PC-EQ-08,2026-11-05,05:00:00,7.0,Preventiva,Mantenimiento programado (plan anual),9348.0
PAR-006645,PC-EQ-09,2024-11-12,04:00:00,1.0,Correctiva,Falla de lubricación,2033.0
PAR-006702,PC-EQ-09,2025-09-01,11:00:00,3.9,Correctiva,Rotura de faja/correa,4369.0
PAR-005822,PC-EQ-06,2026-04-28,13:00:00,4.7,Correctiva,Rotura de faja/correa,10124.0
PAR-004304,PC-EQ-02,2026-10-28,20:00:00,1.9,Correctiva,Rotura de faja/correa,1750.0
PAR-004688,PC-EQ-03,2027-12-10,07:00:00,9.3,Correctiva,Rotura de faja/correa,11982.0
PAR-006295,PC-EQ-08,2024-09-20,21:00:00,1.0,Correctiva,Rotura de faja/correa,2014.0
PAR-005691,PC-EQ-06,2024-10-18,03:00:00,18.5,Correctiva,Atoro de mineral / obstrucción,16789.0
PAR-005141,PC-EQ-04,2027-11-02,00:00:00,20.0,Correctiva,Falla de lubricación,26964.0
PAR-004872,PC-EQ-04,2025-07-17,06:00:00,9.6,Correctiva,Rotura de faja/correa,
PAR-003706,PC-EQ-01,2024-05-13,07:00:00,14.8,Correctiva,Atoro de mineral / obstrucción,32363.0
PAR-007070,PC-EQ-10,2025-11-20,10:00:00,2.9,Operativa,Condiciones climáticas adversas,748.0
PAR-005720,PC-EQ-06,2025-03-24,21:00:00,1.6,Correctiva,Falla eléctrica - motor/tablero,2914.0
PAR-004548,PC-EQ-03,2025-12-09,19:00:00,1.2,Operativa,Corte de energía externo,602.0
PAR-003691,PC-EQ-01,2024-02-23,08:00:00,5.5,Preventiva,Mantenimiento programado (plan anual),9963.0
PAR-006186,PC-EQ-07,2027-04-29,21:00:00,2.0,Operativa,Corte de energía externo,1093.0
PAR-005625,PC-EQ-06,2024-01-14,15:00:00,0.9,Correctiva,Rotura de faja/correa,785.0
PAR-006756,PC-EQ-09,2026-04-22,03:00:00,1.3,Operativa,Corte de energía externo,
PAR-006020,PC-EQ-07,2024-12-23,02:00:00,1.8,Operativa,Espera de insumos (reactivos/bolas de molienda),703.0
PAR-003882,PC-EQ-01,2026-04-03,00:00:00,2.9,Correctiva,Rotura de faja/correa,3915.0
PAR-006086,PC-EQ-07,2025-12-06,05:00:00,2.1,Operativa,Falta de mineral en cancha,535.0
PAR-004509,PC-EQ-03,2025-06-23,04:00:00,5.6,Preventiva,Mantenimiento programado (plan anual),5289.0
PAR-005217,PC-EQ-05,2024-07-25,09:00:00,8.8,Preventiva,Mantenimiento programado (plan anual),7672.0
PAR-005826,PC-EQ-06,2026-05-25,00:00:00,20.0,Correctiva,Falla mecánica - desgaste de componente,31344.0
PAR-005008,PC-EQ-04,2026-09-15,00:00:00,7.2,Preventiva,Mantenimiento programado (plan anual),7099.0
PAR-006820,PC-EQ-09,2027-02-18,06:00:00,5.8,Preventiva,Mantenimiento programado (plan anual),4860.0
PAR-003926,PC-EQ-01,2026-10-13,00:00:00,20.0,Correctiva,Rotura de faja/correa,37276.0
PAR-004672,PC-EQ-03,2027-10-01,16:00:00,1.6,Operativa,Corte de energía externo,357.0
PAR-004465,PC-EQ-03,2024-10-30,07:00:00,1.3,Operativa,Condiciones climáticas adversas,531.0
PAR-006643,PC-EQ-09,2024-10-30,13:00:00,1.9,Operativa,Falta de mineral en cancha,874.0
PAR-006974,PC-EQ-10,2024-11-23,05:00:00,7.2,Preventiva,Mantenimiento programado (plan anual),6405.0
PAR-003738,PC-EQ-01,2024-09-25,00:00:00,7.5,Correctiva,Rotura de faja/correa,10794.0
PAR-005092,PC-EQ-04,2027-06-14,02:00:00,4.8,Preventiva,Mantenimiento programado (plan anual),7034.0
PAR-004110,PC-EQ-02,2024-09-02,11:00:00,7.0,Correctiva,Falla de lubricación,6265.0
PAR-006980,PC-EQ-10,2025-01-02,13:00:00,2.9,Operativa,Corte de energía externo,831.0
PAR-005577,PC-EQ-05,2027-08-14,17:00:00,5.2,Correctiva,Rotura de faja/correa,6011.0
PAR-005730,PC-EQ-06,2025-04-16,06:00:00,6.2,Correctiva,Falla de lubricación,13494.0
PAR-005241,PC-EQ-05,2024-10-05,05:00:00,5.6,Correctiva,Atoro de mineral / obstrucción,10119.0
PAR-005989,PC-EQ-07,2024-06-17,07:00:00,5.8,Preventiva,Mantenimiento programado (plan anual),7770.0
PAR-006767,PC-EQ-09,2026-06-09,02:00:00,7.7,Preventiva,Mantenimiento programado (plan anual),
PAR-006598,PC-EQ-08,2027-12-20,10:00:00,0.7,Correctiva,Falla mecánica - desgaste de componente,855.0
PAR-006934,PC-EQ-10,2024-07-11,05:00:00,4.2,Correctiva,Falla eléctrica - motor/tablero,5613.0
PAR-005377,PC-EQ-05,2025-12-17,00:00:00,2.3,Operativa,Corte de energía externo,995.0
PAR-004710,PC-EQ-04,2024-03-12,08:00:00,11.9,Correctiva,Falla de lubricación,11399.0
PAR-004833,PC-EQ-04,2025-03-02,02:00:00,2.2,Correctiva,Falla de lubricación,4689.0
PAR-005196,PC-EQ-05,2024-05-28,04:00:00,2.7,Operativa,Espera de insumos (reactivos/bolas de molienda),607.0
PAR-004755,PC-EQ-04,2024-07-12,05:00:00,2.5,Correctiva,Rotura de faja/correa,3764.0
PAR-006909,PC-EQ-10,2024-04-02,15:00:00,2.0,Operativa,Espera de insumos (reactivos/bolas de molienda),811.0
PAR-005551,PC-EQ-05,2027-05-18,07:00:00,1.7,Operativa,Espera de insumos (reactivos/bolas de molienda),803.0
PAR-006545,PC-EQ-08,2027-05-19,11:00:00,2.2,Correctiva,Atoro de mineral / obstrucción,3052.0
PAR-004437,PC-EQ-03,2024-05-13,15:00:00,4.2,Preventiva,Mantenimiento programado (plan anual),4727.0
PAR-004251,PC-EQ-02,2026-04-06,13:00:00,7.6,Preventiva,Mantenimiento programado (plan anual),13358.0
PAR-005197,PC-EQ-05,2024-06-02,11:00:00,4.3,Preventiva,Mantenimiento programado (plan anual),3689.0
PAR-004091,PC-EQ-02,2024-06-30,16:00:00,0.8,Operativa,Condiciones climáticas adversas,211.0
PAR-004200,PC-EQ-02,2025-09-19,08:00:00,3.9,Correctiva,Falla de lubricación,3215.0
PAR-004453,PC-EQ-03,2024-08-18,11:00:00,7.8,Preventiva,Mantenimiento programado (plan anual),8985.0
PAR-006336,PC-EQ-08,2025-03-15,05:00:00,1.2,Correctiva,Falla de lubricación,2556.0
PAR-006810,PC-EQ-09,2026-12-26,15:00:00,5.7,Preventiva,Mantenimiento programado (plan anual),6124.0
PAR-006970,PC-EQ-10,2024-11-07,00:00:00,2.5,Correctiva,Falla de lubricación,2845.0
PAR-004026,PC-EQ-01,2027-10-09,12:00:00,0.6,Correctiva,Falla mecánica - desgaste de componente,879.0
PAR-007167,PC-EQ-10,2026-12-07,03:00:00,0.6,Operativa,Condiciones climáticas adversas,
PAR-005336,PC-EQ-05,2025-08-15,04:00:00,7.0,Correctiva,Falla mecánica - desgaste de componente,10233.0
PAR-004350,PC-EQ-02,2027-04-20,03:00:00,19.1,Correctiva,Falla eléctrica - motor/tablero,29660.0
PAR-006371,PC-EQ-08,2025-07-10,12:00:00,6.2,Correctiva,Rotura de faja/correa,8343.0
PAR-004478,PC-EQ-03,2025-01-27,19:00:00,0.9,Operativa,Condiciones climáticas adversas,265.0
PAR-004155,PC-EQ-02,2025-03-26,10:00:00,3.9,Correctiva,Falla mecánica - desgaste de componente,3665.0
PAR-006382,PC-EQ-08,2025-08-22,03:00:00,0.5,Correctiva,Falla eléctrica - motor/tablero,934.0
PAR-006813,PC-EQ-09,2027-01-17,18:00:00,1.0,Operativa,Espera de insumos (reactivos/bolas de molienda),273.0
PAR-004394,PC-EQ-02,2027-11-03,11:00:00,6.0,Preventiva,Mantenimiento programado (plan anual),7637.0
PAR-006821,PC-EQ-09,2027-02-23,01:00:00,0.5,Correctiva,Falla de lubricación,897.0
PAR-005743,PC-EQ-06,2025-06-16,07:00:00,6.9,Preventiva,Mantenimiento programado (plan anual),6485.0
PAR-007117,PC-EQ-10,2026-05-30,01:00:00,18.7,Correctiva,Falla eléctrica - motor/tablero,32483.0
PAR-007062,PC-EQ-10,2025-10-12,20:00:00,0.5,Operativa,Condiciones climáticas adversas,105.0
PAR-005009,PC-EQ-04,2026-09-15,00:00:00,13.7,Correctiva,Rotura de faja/correa,23253.0
PAR-004891,PC-EQ-04,2025-09-15,00:00:00,20.0,Correctiva,Rotura de faja/correa,
PAR-005030,PC-EQ-04,2026-11-06,11:00:00,2.9,Correctiva,Rotura de faja/correa,4344.0
PAR-005988,PC-EQ-07,2024-06-11,19:00:00,3.1,Correctiva,Falla de lubricación,4389.0
PAR-006313,PC-EQ-08,2024-11-26,19:00:00,2.2,Operativa,Corte de energía externo,580.0
PAR-004020,PC-EQ-01,2027-09-11,13:00:00,7.3,Preventiva,Mantenimiento programado (plan anual),10626.0
PAR-006746,PC-EQ-09,2026-03-13,02:00:00,8.0,Preventiva,Mantenimiento programado (plan anual),10042.0
PAR-006050,PC-EQ-07,2025-05-13,07:00:00,9.0,Correctiva,Falla eléctrica - motor/tablero,9966.0
PAR-005973,PC-EQ-07,2024-03-07,08:00:00,0.8,Correctiva,Rotura de faja/correa,1519.0
PAR-005622,PC-EQ-06,2024-01-02,06:00:00,8.3,Correctiva,Rotura de faja/correa,7975.0
PAR-004890,PC-EQ-04,2025-09-14,01:00:00,12.7,Correctiva,Indeterminado,12588.0
PAR-004544,PC-EQ-03,2025-11-26,01:00:00,7.2,Preventiva,Mantenimiento programado (plan anual),7939.0
PAR-004722,PC-EQ-04,2024-04-10,07:00:00,15.4,Correctiva,Falla mecánica - desgaste de componente,29098.0
PAR-006440,PC-EQ-08,2026-04-18,02:00:00,5.1,Preventiva,Mantenimiento programado (plan anual),8072.0
PAR-005445,PC-EQ-05,2026-06-06,10:00:00,8.3,Preventiva,Mantenimiento programado (plan anual),9183.0
PAR-005114,PC-EQ-04,2027-08-08,07:00:00,6.7,Preventiva,Mantenimiento programado (plan anual),8609.0
PAR-004967,PC-EQ-04,2026-05-17,01:00:00,19.4,Correctiva,Atoro de mineral / obstrucción,19240.0
PAR-005396,PC-EQ-05,2026-02-11,12:00:00,5.7,Correctiva,Atoro de mineral / obstrucción,8979.0
PAR-004232,PC-EQ-02,2026-01-25,11:00:00,2.2,Correctiva,Rotura de faja/correa,4539.0
PAR-005710,PC-EQ-06,2025-02-08,02:00:00,6.2,Preventiva,Mantenimiento programado (plan anual),9472.0
PAR-006403,PC-EQ-08,2025-11-18,14:00:00,7.0,Preventiva,Mantenimiento programado (plan anual),7665.0
PAR-006339,PC-EQ-08,2025-03-20,13:00:00,7.9,Preventiva,Mantenimiento programado (plan anual),16223.0
PAR-005539,PC-EQ-05,2027-04-21,12:00:00,5.2,Correctiva,Rotura de faja/correa,10826.0
PAR-003846,PC-EQ-01,2025-12-20,10:00:00,4.0,Correctiva,Atoro de mineral / obstrucción,8380.0
PAR-006464,PC-EQ-08,2026-08-01,06:00:00,6.0,Preventiva,Mantenimiento programado (plan anual),12751.0
PAR-006489,PC-EQ-08,2026-10-16,13:00:00,3.1,Correctiva,Indeterminado,4340.0
PAR-005497,PC-EQ-05,2026-11-19,12:00:00,4.8,Correctiva,Falla mecánica - desgaste de componente,10553.0
PAR-005296,PC-EQ-05,2025-04-08,09:00:00,2.0,Operativa,Falta de mineral en cancha,1182.0
PAR-004825,PC-EQ-04,2025-02-01,01:00:00,7.8,Preventiva,Mantenimiento programado (plan anual),9804.0
PAR-005760,PC-EQ-06,2025-08-24,16:00:00,3.4,Correctiva,Atoro de mineral / obstrucción,7414.0
PAR-006568,PC-EQ-08,2027-09-09,04:00:00,14.3,Correctiva,Rotura de faja/correa,29599.0
PAR-005341,PC-EQ-05,2025-08-31,03:00:00,6.1,Preventiva,Mantenimiento programado (plan anual),12497.0
PAR-004626,PC-EQ-03,2027-01-01,06:00:00,5.9,Preventiva,Mantenimiento programado (plan anual),5531.0
PAR-005964,PC-EQ-06,2027-12-18,03:00:00,6.4,Correctiva,Falla eléctrica - motor/tablero,11483.0
PAR-003969,PC-EQ-01,2027-03-24,02:00:00,7.4,Correctiva,Atoro de mineral / obstrucción,15720.0
PAR-005334,PC-EQ-05,2025-08-09,14:00:00,6.6,Preventiva,Mantenimiento programado (plan anual),6292.0
PAR-006439,PC-EQ-08,2026-04-11,00:00:00,0.9,Operativa,Corte de energía externo,537.0
PAR-007087,PC-EQ-10,2026-02-03,05:00:00,17.0,Correctiva,Falla eléctrica - motor/tablero,18991.0
PAR-004988,PC-EQ-04,2026-07-18,05:00:00,3.2,Correctiva,Falla de lubricación,6285.0
PAR-004611,PC-EQ-03,2026-10-06,14:00:00,6.8,Preventiva,Mantenimiento programado (plan anual),13404.0
PAR-006495,PC-EQ-08,2026-11-10,13:00:00,2.7,Operativa,Espera de insumos (reactivos/bolas de molienda),1117.0
PAR-005771,PC-EQ-06,2025-10-14,08:00:00,1.5,Correctiva,Indeterminado,1691.0
PAR-006235,PC-EQ-08,2024-01-15,15:00:00,3.3,Correctiva,Rotura de faja/correa,5753.0
PAR-005930,PC-EQ-06,2027-08-12,09:00:00,4.9,Correctiva,Falla de lubricación,10149.0
PAR-006892,PC-EQ-10,2024-02-02,06:00:00,8.6,Preventiva,Mantenimiento programado (plan anual),13400.0
PAR-006073,PC-EQ-07,2025-10-10,13:00:00,8.4,Preventiva,Mantenimiento programado (plan anual),16376.0
PAR-003974,PC-EQ-01,2027-04-05,14:00:00,6.8,Correctiva,Rotura de faja/correa,14485.0
PAR-005893,PC-EQ-06,2027-02-14,02:00:00,8.1,Preventiva,Mantenimiento programado (plan anual),12634.0
PAR-005906,PC-EQ-06,2027-04-15,00:00:00,7.0,Preventiva,Mantenimiento programado (plan anual),
PAR-004953,PC-EQ-04,2026-04-05,06:00:00,0.5,Correctiva,Rotura de faja/correa,1094.0
PAR-005967,PC-EQ-07,2024-01-21,11:00:00,1.4,Correctiva,Rotura de faja/correa,2085.0
PAR-006886,PC-EQ-10,2024-01-07,04:00:00,0.5,Correctiva,Atoro de mineral / obstrucción,959.0
PAR-007107,PC-EQ-10,2026-04-19,06:00:00,3.0,Correctiva,Falla eléctrica - motor/tablero,5464.0
PAR-006717,PC-EQ-09,2025-11-03,14:00:00,8.0,Preventiva,Mantenimiento programado (plan anual),13914.0
PAR-005398,PC-EQ-05,2026-02-16,02:00:00,20.0,Correctiva,Falla mecánica - desgaste de componente,26435.0
PAR-005601,PC-EQ-05,2027-10-25,02:00:00,20.0,Correctiva,Falla de lubricación,41562.0
PAR-006801,PC-EQ-09,2026-11-09,09:00:00,2.7,Correctiva,Falla mecánica - desgaste de componente,4215.0
PAR-005260,PC-EQ-05,2024-12-12,03:00:00,2.8,Operativa,Espera de insumos (reactivos/bolas de molienda),1156.0
PAR-004281,PC-EQ-02,2026-08-01,11:00:00,9.5,Correctiva,Falla mecánica - desgaste de componente,9394.0
PAR-005529,PC-EQ-05,2027-03-17,05:00:00,2.5,Correctiva,Falla de lubricación,5276.0
PAR-006378,PC-EQ-08,2025-08-14,17:00:00,5.6,Preventiva,Mantenimiento programado (plan anual),11503.0
PAR-006307,PC-EQ-08,2024-11-07,21:00:00,1.2,Operativa,Corte de energía externo,470.0
PAR-005641,PC-EQ-06,2024-03-21,06:00:00,4.3,Preventiva,Mantenimiento programado (plan anual),6012.0
PAR-006168,PC-EQ-07,2027-02-17,21:00:00,1.5,Operativa,Condiciones climáticas adversas,556.0
PAR-005040,PC-EQ-04,2026-12-03,10:00:00,7.9,Correctiva,Falla de lubricación,7627.0
PAR-005097,PC-EQ-04,2027-07-03,05:00:00,15.4,Correctiva,Falla mecánica - desgaste de componente,30253.0
PAR-005306,PC-EQ-05,2025-05-05,00:00:00,6.9,Preventiva,Mantenimiento programado (plan anual),5657.0
PAR-004759,PC-EQ-04,2024-07-21,11:00:00,4.6,Correctiva,Falla eléctrica - motor/tablero,5776.0
PAR-007257,PC-EQ-10,2027-12-12,16:00:00,3.5,Correctiva,Rotura de faja/correa,5678.0
PAR-004600,PC-EQ-03,2026-07-29,17:00:00,4.3,Preventiva,Mantenimiento programado (plan anual),4411.0
PAR-005567,PC-EQ-05,2027-07-11,13:00:00,3.4,Correctiva,Falla de lubricación,3406.0
PAR-004602,PC-EQ-03,2026-08-05,00:00:00,1.1,Operativa,Espera de insumos (reactivos/bolas de molienda),418.0
PAR-006175,PC-EQ-07,2027-03-27,01:00:00,2.9,Operativa,Corte de energía externo,955.0
PAR-004290,PC-EQ-02,2026-09-11,04:00:00,4.4,Preventiva,Mantenimiento programado (plan anual),4301.0
PAR-004764,PC-EQ-04,2024-08-10,14:00:00,2.2,Operativa,Corte de energía externo,1003.0
PAR-005490,PC-EQ-05,2026-11-01,01:00:00,18.1,Correctiva,Falla eléctrica - motor/tablero,38522.0
PAR-003960,PC-EQ-01,2027-03-03,13:00:00,8.9,Preventiva,Mantenimiento programado (plan anual),17452.0
PAR-007022,PC-EQ-10,2025-05-28,01:00:00,2.6,Operativa,Indeterminado,
PAR-004591,PC-EQ-03,2026-06-02,15:00:00,0.6,Operativa,Espera de insumos (reactivos/bolas de molienda),317.0
PAR-005609,PC-EQ-05,2027-11-23,01:00:00,20.0,Correctiva,Falla de lubricación,
PAR-006910,PC-EQ-10,2024-04-06,16:00:00,0.9,Operativa,Corte de energía externo,424.0
PAR-005620,PC-EQ-05,2027-12-25,02:00:00,15.5,Correctiva,Falla mecánica - desgaste de componente,16991.0
PAR-007196,PC-EQ-10,2027-04-05,10:00:00,1.1,Correctiva,Rotura de faja/correa,1657.0
PAR-004065,PC-EQ-02,2024-03-25,01:00:00,20.0,Correctiva,Falla de lubricación,25523.0
PAR-003891,PC-EQ-01,2026-05-15,05:00:00,12.0,Correctiva,Rotura de faja/correa,11391.0
PAR-006832,PC-EQ-09,2027-05-15,10:00:00,0.5,Correctiva,Falla de lubricación,951.0
PAR-004811,PC-EQ-04,2024-12-26,05:00:00,9.1,Correctiva,Falla eléctrica - motor/tablero,10070.0
PAR-003988,PC-EQ-01,2027-06-09,05:00:00,6.0,Preventiva,Mantenimiento programado (plan anual),5631.0
PAR-006452,PC-EQ-08,2026-06-06,06:00:00,2.5,Operativa,Corte de energía externo,921.0
PAR-006076,PC-EQ-07,2025-11-02,07:00:00,4.0,Preventiva,Mantenimiento programado (plan anual),3587.0
PAR-004185,PC-EQ-02,2025-08-01,02:00:00,1.1,Correctiva,Falla eléctrica - motor/tablero,1261.0
PAR-006802,PC-EQ-09,2026-11-11,22:00:00,0.5,Correctiva,Falla mecánica - desgaste de componente,527.0
PAR-004581,PC-EQ-03,2026-05-06,16:00:00,2.7,Correctiva,Falla mecánica - desgaste de componente,3181.0
PAR-006191,PC-EQ-07,2027-05-28,12:00:00,10.0,Correctiva,Falla de lubricación,13644.0
PAR-006445,PC-EQ-08,2026-05-13,08:00:00,6.7,Correctiva,Falla mecánica - desgaste de componente,13374.0
PAR-006034,PC-EQ-07,2025-02-25,08:00:00,0.9,Operativa,Corte de energía externo,531.0
PAR-004780,PC-EQ-04,2024-09-22,16:00:00,4.8,Preventiva,Mantenimiento programado (plan anual),
PAR-004323,PC-EQ-02,2027-01-23,20:00:00,1.7,Operativa,Falta de mineral en cancha,628.0
PAR-005054,PC-EQ-04,2027-02-07,09:00:00,8.2,Correctiva,Falla de lubricación,17470.0
PAR-005355,PC-EQ-05,2025-10-29,03:00:00,7.9,Preventiva,Mantenimiento programado (plan anual),8595.0
PAR-005489,PC-EQ-05,2026-10-31,01:00:00,20.0,Correctiva,Falla eléctrica - motor/tablero,38156.0
PAR-004712,PC-EQ-04,2024-03-19,06:00:00,1.6,Operativa,Condiciones climáticas adversas,473.0
PAR-006277,PC-EQ-08,2024-07-01,09:00:00,3.4,Correctiva,Falla de lubricación,5111.0
PAR-006438,PC-EQ-08,2026-04-07,03:00:00,5.3,Correctiva,Falla de lubricación,8775.0
PAR-004443,PC-EQ-03,2024-06-24,11:00:00,2.8,Operativa,Espera de insumos (reactivos/bolas de molienda),1149.0
PAR-004829,PC-EQ-04,2025-02-11,09:00:00,2.8,Correctiva,Falla de lubricación,3040.0
PAR-006997,PC-EQ-10,2025-03-06,02:00:00,3.8,Correctiva,Atoro de mineral / obstrucción,3176.0
PAR-003904,PC-EQ-01,2026-07-08,06:00:00,5.2,Correctiva,Atoro de mineral / obstrucción,5877.0
PAR-006094,PC-EQ-07,2026-01-08,01:00:00,5.6,Preventiva,Mantenimiento programado (plan anual),8697.0
PAR-004787,PC-EQ-04,2024-10-19,13:00:00,1.6,Operativa,Condiciones climáticas adversas,603.0
PAR-007184,PC-EQ-10,2027-02-04,13:00:00,7.9,Preventiva,Indeterminado,10530.0
PAR-005280,PC-EQ-05,2025-02-06,03:00:00,11.6,Correctiva,Falla eléctrica - motor/tablero,12167.0
PAR-005943,PC-EQ-06,2027-10-01,10:00:00,6.4,Preventiva,Mantenimiento programado (plan anual),7185.0
PAR-003806,PC-EQ-01,2025-07-19,10:00:00,2.0,Operativa,Corte de energía externo,
PAR-004023,PC-EQ-01,2027-09-19,20:00:00,0.5,Correctiva,Rotura de faja/correa,930.0
PAR-005729,PC-EQ-06,2025-04-15,07:00:00,1.7,Correctiva,Falla eléctrica - motor/tablero,2866.0
PAR-005045,PC-EQ-04,2026-12-23,04:00:00,4.2,Preventiva,Indeterminado,6016.0
PAR-006432,PC-EQ-08,2026-03-13,13:00:00,6.4,Preventiva,Mantenimiento programado (plan anual),10202.0
PAR-005748,PC-EQ-06,2025-07-11,02:00:00,2.0,Operativa,Indeterminado,1056.0
PAR-004199,PC-EQ-02,2025-09-17,02:00:00,2.2,Operativa,Corte de energía externo,711.0
PAR-006627,PC-EQ-09,2024-07-14,18:00:00,0.6,Correctiva,Rotura de faja/correa,723.0
PAR-004126,PC-EQ-02,2024-11-21,03:00:00,9.0,Correctiva,Falla mecánica - desgaste de componente,10517.0
PAR-005590,PC-EQ-05,2027-09-23,03:00:00,9.2,Correctiva,Falla mecánica - desgaste de componente,8705.0
PAR-006256,PC-EQ-08,2024-04-14,09:00:00,7.1,Preventiva,Mantenimiento programado (plan anual),6231.0
PAR-006302,PC-EQ-08,2024-10-18,22:00:00,1.0,Operativa,Corte de energía externo,513.0
PAR-006658,PC-EQ-09,2025-01-11,12:00:00,4.7,Correctiva,Falla mecánica - desgaste de componente,8093.0
PAR-003746,PC-EQ-01,2024-10-21,06:00:00,5.3,Correctiva,Falla de lubricación,7999.0
PAR-006898,PC-EQ-10,2024-03-03,04:00:00,9.8,Correctiva,Falla de lubricación,11283.0
PAR-004973,PC-EQ-04,2026-06-02,05:00:00,14.8,Correctiva,Falla de lubricación,21943.0
PAR-004130,PC-EQ-02,2024-12-01,10:00:00,6.8,Preventiva,Mantenimiento programado (plan anual),5870.0
PAR-006630,PC-EQ-09,2024-08-07,08:00:00,4.9,Preventiva,Mantenimiento programado (plan anual),6895.0
PAR-004585,PC-EQ-03,2026-05-16,08:00:00,2.1,Operativa,Corte de energía externo,1165.0
PAR-005211,PC-EQ-05,2024-07-06,14:00:00,4.4,Preventiva,Mantenimiento programado (plan anual),
PAR-004527,PC-EQ-03,2025-10-01,13:00:00,8.9,Preventiva,Mantenimiento programado (plan anual),10255.0
PAR-003710,PC-EQ-01,2024-05-31,01:00:00,20.0,Correctiva,Indeterminado,35672.0
PAR-003725,PC-EQ-01,2024-08-01,13:00:00,1.6,Operativa,Falta de mineral en cancha,654.0
PAR-005204,PC-EQ-05,2024-06-17,12:00:00,5.3,Preventiva,Mantenimiento programado (plan anual),9750.0
PAR-003872,PC-EQ-01,2026-03-08,18:00:00,3.0,Operativa,Corte de energía externo,1372.0
PAR-006591,PC-EQ-08,2027-11-17,02:00:00,9.6,Correctiva,Rotura de faja/correa,9239.0
PAR-006659,PC-EQ-09,2025-01-13,00:00:00,5.2,Preventiva,Mantenimiento programado (plan anual),5251.0
PAR-004456,PC-EQ-03,2024-09-01,08:00:00,6.9,Preventiva,Mantenimiento programado (plan anual),12859.0
PAR-005985,PC-EQ-07,2024-05-19,06:00:00,5.0,Correctiva,Rotura de faja/correa,8952.0
PAR-006527,PC-EQ-08,2027-03-12,01:00:00,6.1,Correctiva,Falla de lubricación,11089.0
PAR-006677,PC-EQ-09,2025-04-23,08:00:00,1.4,Operativa,Condiciones climáticas adversas,650.0
PAR-006797,PC-EQ-09,2026-10-27,10:00:00,1.2,Correctiva,Falla mecánica - desgaste de componente,1162.0
PAR-006851,PC-EQ-09,2027-08-02,16:00:00,0.7,Correctiva,Falla mecánica - desgaste de componente,952.0
PAR-004124,PC-EQ-02,2024-11-18,13:00:00,0.8,Correctiva,Rotura de faja/correa,772.0
PAR-004171,PC-EQ-02,2025-06-07,03:00:00,6.6,Correctiva,Rotura de faja/correa,10408.0
PAR-004339,PC-EQ-02,2027-03-17,08:00:00,14.1,Correctiva,Falla eléctrica - motor/tablero,21331.0
PAR-006072,PC-EQ-07,2025-10-08,14:00:00,3.1,Correctiva,Rotura de faja/correa,3785.0
PAR-004607,PC-EQ-03,2026-09-10,14:00:00,0.9,Operativa,Falta de mineral en cancha,498.0
PAR-006845,PC-EQ-09,2027-07-18,10:00:00,1.0,Correctiva,Falla mecánica - desgaste de componente,891.0
PAR-004137,PC-EQ-02,2025-01-06,14:00:00,2.2,Correctiva,Atoro de mineral / obstrucción,4630.0
PAR-004291,PC-EQ-02,2026-09-14,04:00:00,10.4,Correctiva,Falla eléctrica - motor/tablero,18487.0
PAR-004276,PC-EQ-02,2026-07-12,15:00:00,0.7,Correctiva,Atoro de mineral / obstrucción,1073.0
PAR-006770,PC-EQ-09,2026-06-29,16:00:00,1.5,Correctiva,Rotura de faja/correa,2282.0
PAR-004594,PC-EQ-03,2026-07-04,16:00:00,1.9,Operativa,Condiciones climáticas adversas,719.0
PAR-004057,PC-EQ-02,2024-02-19,03:00:00,5.2,Preventiva,Mantenimiento programado (plan anual),11022.0
PAR-006326,PC-EQ-08,2025-01-21,19:00:00,2.7,Operativa,Corte de energía externo,
PAR-004181,PC-EQ-02,2025-07-23,09:00:00,0.5,Correctiva,Falla de lubricación,751.0
PAR-004234,PC-EQ-02,2026-01-29,12:00:00,3.4,Correctiva,Falla de lubricación,6245.0
PAR-006572,PC-EQ-08,2027-09-20,02:00:00,7.9,Correctiva,Falla de lubricación,16316.0
PAR-006891,PC-EQ-10,2024-01-30,01:00:00,20.0,Correctiva,Atoro de mineral / obstrucción,34342.0
PAR-005276,PC-EQ-05,2025-01-30,00:00:00,20.0,Correctiva,Falla de lubricación,17707.0
PAR-007201,PC-EQ-10,2027-04-25,01:00:00,0.6,Correctiva,Rotura de faja/correa,1061.0
PAR-005374,PC-EQ-05,2025-12-13,02:00:00,1.1,Operativa,Corte de energía externo,654.0
PAR-003991,PC-EQ-01,2027-06-20,09:00:00,2.9,Correctiva,Falla mecánica - desgaste de componente,3823.0
PAR-004924,PC-EQ-04,2025-12-29,16:00:00,2.3,Operativa,Indeterminado,1040.0
PAR-004467,PC-EQ-03,2024-11-18,09:00:00,4.8,Correctiva,Indeterminado,5116.0
PAR-006552,PC-EQ-08,2027-06-13,10:00:00,8.5,Preventiva,Mantenimiento programado (plan anual),13837.0
PAR-005142,PC-EQ-04,2027-11-04,05:00:00,0.5,Correctiva,Falla mecánica - desgaste de componente,940.0
PAR-004366,PC-EQ-02,2027-07-02,13:00:00,6.8,Preventiva,Mantenimiento programado (plan anual),9298.0
PAR-005350,PC-EQ-05,2025-10-07,09:00:00,1.5,Operativa,Espera de insumos (reactivos/bolas de molienda),895.0
PAR-004642,PC-EQ-03,2027-04-04,13:00:00,1.2,Correctiva,Falla de lubricación,1036.0
PAR-006944,PC-EQ-10,2024-08-13,15:00:00,1.0,Correctiva,Falla mecánica - desgaste de componente,1410.0
PAR-006593,PC-EQ-08,2027-11-26,02:00:00,8.8,Preventiva,Mantenimiento programado (plan anual),11596.0
PAR-004679,PC-EQ-03,2027-11-16,01:00:00,1.7,Operativa,Falta de mineral en cancha,747.0
PAR-004418,PC-EQ-03,2024-02-04,10:00:00,1.4,Correctiva,Falla de lubricación,2705.0
PAR-006316,PC-EQ-08,2024-12-09,03:00:00,2.7,Operativa,Indeterminado,1025.0
PAR-005457,PC-EQ-05,2026-07-16,00:00:00,20.0,Correctiva,Falla mecánica - desgaste de componente,19091.0
PAR-004067,PC-EQ-02,2024-03-27,09:00:00,6.2,Preventiva,Mantenimiento programado (plan anual),7669.0
PAR-006683,PC-EQ-09,2025-05-30,02:00:00,8.2,Preventiva,Mantenimiento programado (plan anual),8983.0
PAR-004165,PC-EQ-02,2025-05-10,00:00:00,6.8,Correctiva,Falla mecánica - desgaste de componente,8401.0
PAR-004471,PC-EQ-03,2024-12-08,15:00:00,4.8,Preventiva,Mantenimiento programado (plan anual),10067.0
PAR-004693,PC-EQ-04,2024-01-13,01:00:00,20.0,Correctiva,Falla mecánica - desgaste de componente,38671.0
PAR-006866,PC-EQ-09,2027-10-13,18:00:00,2.4,Operativa,Falta de mineral en cancha,517.0
PAR-006540,PC-EQ-08,2027-04-14,05:00:00,7.8,Preventiva,Mantenimiento programado (plan anual),14666.0
PAR-007021,PC-EQ-10,2025-05-23,04:00:00,8.7,Preventiva,Mantenimiento programado (plan anual),7593.0
PAR-006846,PC-EQ-09,2027-07-19,01:00:00,4.1,Preventiva,Mantenimiento programado (plan anual),4507.0
PAR-004747,PC-EQ-04,2024-06-20,06:00:00,0.6,Operativa,Corte de energía externo,320.0
PAR-005406,PC-EQ-05,2026-03-06,03:00:00,17.1,Correctiva,Atoro de mineral / obstrucción,29181.0
PAR-005838,PC-EQ-06,2026-07-17,07:00:00,6.6,Preventiva,Mantenimiento programado (plan anual),14217.0
PAR-004993,PC-EQ-04,2026-08-06,02:00:00,20.0,Correctiva,Falla eléctrica - motor/tablero,28354.0
PAR-006620,PC-EQ-09,2024-06-06,16:00:00,2.2,Operativa,Espera de insumos (reactivos/bolas de molienda),806.0
PAR-003702,PC-EQ-01,2024-04-20,02:00:00,9.8,Correctiva,Falla mecánica - desgaste de componente,20804.0
PAR-006638,PC-EQ-09,2024-10-07,07:00:00,0.9,Operativa,Corte de energía externo,363.0
PAR-006954,PC-EQ-10,2024-09-12,00:00:00,5.6,Correctiva,Falla mecánica - desgaste de componente,11811.0
PAR-006777,PC-EQ-09,2026-07-22,10:00:00,5.1,Correctiva,Falla de lubricación,10627.0
PAR-005589,PC-EQ-05,2027-09-19,07:00:00,0.8,Correctiva,Atoro de mineral / obstrucción,1517.0
PAR-004075,PC-EQ-02,2024-05-02,03:00:00,20.0,Correctiva,Rotura de faja/correa,
PAR-005812,PC-EQ-06,2026-03-25,01:00:00,8.2,Preventiva,Mantenimiento programado (plan anual),16758.0
PAR-005001,PC-EQ-04,2026-08-26,02:00:00,1.2,Operativa,Falta de mineral en cancha,388.0
PAR-005319,PC-EQ-05,2025-06-28,12:00:00,8.5,Preventiva,Mantenimiento programado (plan anual),13664.0
PAR-005019,PC-EQ-04,2026-10-16,03:00:00,20.0,Correctiva,Indeterminado,32437.0
PAR-006159,PC-EQ-07,2027-01-15,10:00:00,0.7,Operativa,Falta de mineral en cancha,376.0
PAR-005486,PC-EQ-05,2026-10-22,09:00:00,12.8,Correctiva,Falla mecánica - desgaste de componente,28120.0
PAR-004314,PC-EQ-02,2026-12-15,08:00:00,1.2,Correctiva,Falla de lubricación,1795.0
PAR-007110,PC-EQ-10,2026-04-27,16:00:00,6.9,Correctiva,Falla eléctrica - motor/tablero,10746.0
PAR-006457,PC-EQ-08,2026-07-03,11:00:00,1.6,Operativa,Espera de insumos (reactivos/bolas de molienda),757.0
PAR-004969,PC-EQ-04,2026-05-24,03:00:00,15.2,Correctiva,Falla mecánica - desgaste de componente,21471.0
PAR-007019,PC-EQ-10,2025-05-16,06:00:00,3.9,Correctiva,Atoro de mineral / obstrucción,4835.0
PAR-005332,PC-EQ-05,2025-08-08,03:00:00,1.3,Operativa,Corte de energía externo,556.0
PAR-006502,PC-EQ-08,2026-12-03,00:00:00,0.6,Operativa,Espera de insumos (reactivos/bolas de molienda),276.0
PAR-006157,PC-EQ-07,2027-01-11,06:00:00,0.5,Correctiva,Rotura de faja/correa,463.0
PAR-005316,PC-EQ-05,2025-06-20,02:00:00,15.3,Correctiva,Falla de lubricación,18964.0
PAR-003975,PC-EQ-01,2027-04-06,03:00:00,2.9,Operativa,Falta de mineral en cancha,
PAR-005190,PC-EQ-05,2024-05-15,02:00:00,4.5,Preventiva,Mantenimiento programado (plan anual),9226.0
PAR-004771,PC-EQ-04,2024-08-25,18:00:00,1.4,Operativa,Espera de insumos (reactivos/bolas de molienda),
PAR-004803,PC-EQ-04,2024-12-04,05:00:00,7.3,Preventiva,Mantenimiento programado (plan anual),6917.0
PAR-004785,PC-EQ-04,2024-10-15,14:00:00,0.9,Correctiva,Falla eléctrica - motor/tablero,1795.0
PAR-006274,PC-EQ-08,2024-06-21,21:00:00,1.8,Correctiva,Falla mecánica - desgaste de componente,3615.0
PAR-006363,PC-EQ-08,2025-06-07,01:00:00,0.6,Correctiva,Atoro de mineral / obstrucción,794.0
PAR-007077,PC-EQ-10,2025-12-15,10:00:00,6.1,Correctiva,Falla eléctrica - motor/tablero,
PAR-005122,PC-EQ-04,2027-09-07,09:00:00,2.4,Operativa,Condiciones climáticas adversas,1062.0
PAR-006014,PC-EQ-07,2024-10-24,05:00:00,14.4,Correctiva,Falla de lubricación,22964.0
PAR-006468,PC-EQ-08,2026-08-19,01:00:00,5.8,Preventiva,Mantenimiento programado (plan anual),5277.0
PAR-005124,PC-EQ-04,2027-09-09,13:00:00,2.0,Correctiva,Falla de lubricación,2797.0
PAR-005674,PC-EQ-06,2024-08-01,10:00:00,2.5,Operativa,Corte de energía externo,869.0
PAR-007014,PC-EQ-10,2025-04-26,03:00:00,20.0,Correctiva,Atoro de mineral / obstrucción,35218.0
PAR-004534,PC-EQ-03,2025-10-22,07:00:00,7.6,Preventiva,Mantenimiento programado (plan anual),15611.0
PAR-003700,PC-EQ-01,2024-04-11,10:00:00,1.9,Correctiva,Rotura de faja/correa,
PAR-003970,PC-EQ-01,2027-03-26,18:00:00,4.8,Correctiva,Falla mecánica - desgaste de componente,9963.0
PAR-005269,PC-EQ-05,2025-01-03,13:00:00,5.3,Preventiva,Mantenimiento programado (plan anual),
PAR-006749,PC-EQ-09,2026-03-23,09:00:00,6.2,Correctiva,Indeterminado,9189.0
PAR-006450,PC-EQ-08,2026-06-01,06:00:00,7.3,Preventiva,Mantenimiento programado (plan anual),9152.0
PAR-006966,PC-EQ-10,2024-10-26,16:00:00,2.7,Correctiva,Indeterminado,3489.0
PAR-004375,PC-EQ-02,2027-08-20,08:00:00,1.8,Correctiva,Indeterminado,
PAR-005798,PC-EQ-06,2026-02-08,10:00:00,2.4,Operativa,Condiciones climáticas adversas,1336.0
PAR-005308,PC-EQ-05,2025-05-22,01:00:00,15.5,Correctiva,Atoro de mineral / obstrucción,25251.0
PAR-007187,PC-EQ-10,2027-02-22,09:00:00,7.2,Preventiva,Mantenimiento programado (plan anual),12137.0
PAR-003888,PC-EQ-01,2026-04-25,07:00:00,1.0,Operativa,Espera de insumos (reactivos/bolas de molienda),329.0
PAR-006105,PC-EQ-07,2026-03-21,11:00:00,6.8,Preventiva,Mantenimiento programado (plan anual),14624.0
PAR-006000,PC-EQ-07,2024-09-02,05:00:00,0.5,Correctiva,Falla eléctrica - motor/tablero,1060.0
PAR-005977,PC-EQ-07,2024-04-08,08:00:00,4.0,Preventiva,Mantenimiento programado (plan anual),6737.0
PAR-006825,PC-EQ-09,2027-03-30,11:00:00,6.5,Preventiva,Mantenimiento programado (plan anual),10075.0
PAR-006663,PC-EQ-09,2025-01-29,06:00:00,8.9,Preventiva,Mantenimiento programado (plan anual),8570.0
PAR-006240,PC-EQ-08,2024-01-29,07:00:00,6.0,Correctiva,Falla mecánica - desgaste de componente,8663.0
PAR-006894,PC-EQ-10,2024-02-11,11:00:00,8.2,Correctiva,Rotura de faja/correa,14995.0
PAR-006154,PC-EQ-07,2027-01-03,03:00:00,6.5,Preventiva,Mantenimiento programado (plan anual),13759.0
PAR-005997,PC-EQ-07,2024-08-18,10:00:00,12.5,Correctiva,Rotura de faja/correa,13580.0
PAR-005212,PC-EQ-05,2024-07-06,02:00:00,17.7,Correctiva,Atoro de mineral / obstrucción,36782.0
PAR-004651,PC-EQ-03,2027-06-06,15:00:00,6.1,Preventiva,Indeterminado,12718.0
PAR-006262,PC-EQ-08,2024-05-03,17:00:00,1.1,Operativa,Corte de energía externo,329.0
PAR-007002,PC-EQ-10,2025-03-19,06:00:00,2.8,Operativa,Corte de energía externo,
PAR-004403,PC-EQ-02,2027-12-02,00:00:00,14.3,Correctiva,Falla eléctrica - motor/tablero,16083.0
PAR-006925,PC-EQ-10,2024-05-31,02:00:00,7.0,Preventiva,Mantenimiento programado (plan anual),15078.0
PAR-004069,PC-EQ-02,2024-04-01,01:00:00,0.7,Operativa,Espera de insumos (reactivos/bolas de molienda),323.0
PAR-004782,PC-EQ-04,2024-10-07,07:00:00,8.9,Preventiva,Mantenimiento programado (plan anual),18958.0
PAR-005015,PC-EQ-04,2026-09-28,16:00:00,1.1,Correctiva,Falla de lubricación,2111.0
PAR-004422,PC-EQ-03,2024-02-21,19:00:00,0.9,Operativa,Corte de energía externo,526.0
PAR-007229,PC-EQ-10,2027-08-22,10:00:00,5.9,Preventiva,Mantenimiento programado (plan anual),8846.0
PAR-005182,PC-EQ-05,2024-04-09,08:00:00,0.5,Correctiva,Falla de lubricación,1013.0
PAR-005662,PC-EQ-06,2024-06-09,09:00:00,8.9,Preventiva,Mantenimiento programado (plan anual),10467.0
PAR-005644,PC-EQ-06,2024-03-28,07:00:00,4.0,Correctiva,Falla de lubricación,7822.0
PAR-005244,PC-EQ-05,2024-10-19,06:00:00,12.5,Correctiva,Falla eléctrica - motor/tablero,15193.0
PAR-007036,PC-EQ-10,2025-07-20,11:00:00,0.5,Correctiva,Falla mecánica - desgaste de componente,715.0
PAR-006475,PC-EQ-08,2026-09-11,05:00:00,5.8,Preventiva,Mantenimiento programado (plan anual),6643.0
PAR-005363,PC-EQ-05,2025-11-14,19:00:00,3.0,Operativa,Corte de energía externo,898.0
PAR-006279,PC-EQ-08,2024-07-05,04:00:00,7.4,Preventiva,Indeterminado,13043.0
PAR-005266,PC-EQ-05,2024-12-19,07:00:00,8.4,Preventiva,Mantenimiento programado (plan anual),13308.0
PAR-005716,PC-EQ-06,2025-03-07,13:00:00,3.6,Correctiva,Rotura de faja/correa,7077.0
PAR-005291,PC-EQ-05,2025-03-24,07:00:00,15.6,Correctiva,Rotura de faja/correa,22017.0
PAR-004085,PC-EQ-02,2024-06-18,15:00:00,1.8,Operativa,Falta de mineral en cancha,864.0
PAR-006188,PC-EQ-07,2027-05-23,14:00:00,1.3,Operativa,Corte de energía externo,602.0
PAR-004713,PC-EQ-04,2024-03-27,18:00:00,0.9,Operativa,Corte de energía externo,496.0
PAR-003863,PC-EQ-01,2026-02-08,00:00:00,4.3,Correctiva,Falla de lubricación,8587.0
PAR-004745,PC-EQ-04,2024-06-16,10:00:00,1.2,Correctiva,Rotura de faja/correa,1744.0
PAR-003857,PC-EQ-01,2026-01-23,08:00:00,3.8,Correctiva,Falla de lubricación,8243.0
PAR-003765,PC-EQ-01,2025-01-14,08:00:00,3.2,Correctiva,Falla de lubricación,4072.0
PAR-005883,PC-EQ-06,2027-01-18,03:00:00,1.6,Operativa,Falta de mineral en cancha,626.0
PAR-007115,PC-EQ-10,2026-05-16,05:00:00,8.1,Preventiva,Mantenimiento programado (plan anual),10521.0
PAR-006664,PC-EQ-09,2025-02-14,14:00:00,6.3,Preventiva,Mantenimiento programado (plan anual),9724.0
PAR-005333,PC-EQ-05,2025-08-08,01:00:00,20.0,Correctiva,Falla eléctrica - motor/tablero,18303.0
PAR-004488,PC-EQ-03,2025-03-05,13:00:00,8.9,Preventiva,Mantenimiento programado (plan anual),15295.0
PAR-003874,PC-EQ-01,2026-03-15,04:00:00,9.3,Correctiva,Falla mecánica - desgaste de componente,17031.0
PAR-006009,PC-EQ-07,2024-10-08,10:00:00,7.0,Preventiva,Mantenimiento programado (plan anual),12815.0
PAR-005903,PC-EQ-06,2027-04-07,00:00:00,20.0,Correctiva,Falla eléctrica - motor/tablero,33103.0
PAR-005707,PC-EQ-06,2025-01-17,15:00:00,1.2,Correctiva,Falla eléctrica - motor/tablero,1378.0
PAR-004876,PC-EQ-04,2025-07-23,15:00:00,7.4,Correctiva,Falla de lubricación,11772.0
PAR-004985,PC-EQ-04,2026-07-04,12:00:00,5.5,Preventiva,Mantenimiento programado (plan anual),7686.0
PAR-005624,PC-EQ-06,2024-01-06,16:00:00,2.3,Correctiva,Falla eléctrica - motor/tablero,2058.0
PAR-006040,PC-EQ-07,2025-04-02,13:00:00,6.6,Preventiva,Mantenimiento programado (plan anual),7622.0
PAR-005232,PC-EQ-05,2024-09-16,09:00:00,10.8,Correctiva,Rotura de faja/correa,18607.0
PAR-007093,PC-EQ-10,2026-03-01,17:00:00,0.5,Correctiva,Falla de lubricación,873.0
PAR-003697,PC-EQ-01,2024-03-22,01:00:00,10.3,Correctiva,Falla mecánica - desgaste de componente,19500.0
PAR-004360,PC-EQ-02,2027-05-21,05:00:00,3.7,Correctiva,Falla eléctrica - motor/tablero,6248.0
PAR-006703,PC-EQ-09,2025-09-02,00:00:00,1.8,Operativa,Falta de mineral en cancha,593.0
PAR-005021,PC-EQ-04,2026-10-20,19:00:00,2.8,Correctiva,Falla mecánica - desgaste de componente,2395.0
PAR-004000,PC-EQ-01,2027-07-17,22:00:00,0.6,Correctiva,Falla de lubricación,979.0
PAR-004732,PC-EQ-04,2024-05-09,02:00:00,8.3,Preventiva,Mantenimiento programado (plan anual),17391.0
PAR-007231,PC-EQ-10,2027-08-26,17:00:00,2.8,Correctiva,Rotura de faja/correa,5348.0
PAR-006472,PC-EQ-08,2026-08-28,13:00:00,9.8,Correctiva,Falla de lubricación,14415.0
PAR-006772,PC-EQ-09,2026-07-02,13:00:00,7.7,Correctiva,Atoro de mineral / obstrucción,6881.0
PAR-005086,PC-EQ-04,2027-05-26,03:00:00,5.0,Correctiva,Rotura de faja/correa,9851.0
PAR-006920,PC-EQ-10,2024-05-14,13:00:00,7.8,Preventiva,Mantenimiento programado (plan anual),9645.0
PAR-005239,PC-EQ-05,2024-09-28,13:00:00,8.7,Correctiva,Falla de lubricación,12209.0
PAR-006963,PC-EQ-10,2024-10-23,15:00:00,0.8,Correctiva,Falla de lubricación,1019.0
PAR-005611,PC-EQ-05,2027-11-27,18:00:00,0.9,Correctiva,Atoro de mineral / obstrucción,890.0
PAR-006299,PC-EQ-08,2024-10-13,19:00:00,2.2,Operativa,Corte de energía externo,768.0
PAR-004380,PC-EQ-02,2027-09-06,13:00:00,2.2,Operativa,Espera de insumos (reactivos/bolas de molienda),693.0
PAR-006402,PC-EQ-08,2025-11-14,14:00:00,0.8,Correctiva,Indeterminado,1597.0
PAR-004051,PC-EQ-02,2024-02-04,14:00:00,5.3,Preventiva,Mantenimiento programado (plan anual),
PAR-004161,PC-EQ-02,2025-04-25,03:00:00,2.4,Operativa,Corte de energía externo,1233.0
PAR-005847,PC-EQ-06,2026-08-17,04:00:00,8.8,Correctiva,Indeterminado,10679.0
PAR-003923,PC-EQ-01,2026-09-27,03:00:00,1.4,Operativa,Espera de insumos (reactivos/bolas de molienda),583.0
PAR-005430,PC-EQ-05,2026-04-29,14:00:00,4.1,Correctiva,Falla de lubricación,6782.0
PAR-004090,PC-EQ-02,2024-06-25,09:00:00,3.0,Operativa,Espera de insumos (reactivos/bolas de molienda),1497.0
PAR-005391,PC-EQ-05,2026-02-03,03:00:00,6.4,Preventiva,Mantenimiento programado (plan anual),
PAR-005186,PC-EQ-05,2024-04-25,09:00:00,4.5,Correctiva,Falla de lubricación,6096.0
PAR-004834,PC-EQ-04,2025-03-05,03:00:00,19.6,Correctiva,Rotura de faja/correa,17723.0
PAR-004132,PC-EQ-02,2024-12-15,00:00:00,8.5,Preventiva,Mantenimiento programado (plan anual),17437.0
PAR-006822,PC-EQ-09,2027-03-07,10:00:00,6.9,Preventiva,Mantenimiento programado (plan anual),7235.0
PAR-005495,PC-EQ-05,2026-11-14,19:00:00,2.2,Operativa,Espera de insumos (reactivos/bolas de molienda),726.0
PAR-006004,PC-EQ-07,2024-09-24,13:00:00,2.0,Correctiva,Rotura de faja/correa,2306.0
PAR-004510,PC-EQ-03,2025-06-26,08:00:00,1.1,Operativa,Espera de insumos (reactivos/bolas de molienda),
PAR-005843,PC-EQ-06,2026-07-31,06:00:00,5.2,Preventiva,Mantenimiento programado (plan anual),8731.0
PAR-004827,PC-EQ-04,2025-02-07,13:00:00,7.6,Correctiva,Falla mecánica - desgaste de componente,13525.0
PAR-004287,PC-EQ-02,2026-08-30,03:00:00,0.5,Correctiva,Falla eléctrica - motor/tablero,1031.0
PAR-004052,PC-EQ-02,2024-02-08,13:00:00,0.9,Operativa,Corte de energía externo,390.0
PAR-006927,PC-EQ-10,2024-06-03,20:00:00,1.4,Operativa,Corte de energía externo,450.0
PAR-005264,PC-EQ-05,2024-12-17,01:00:00,5.0,Correctiva,Falla eléctrica - motor/tablero,10429.0
PAR-006991,PC-EQ-10,2025-02-08,01:00:00,4.4,Correctiva,Falla mecánica - desgaste de componente,9475.0
PAR-006715,PC-EQ-09,2025-10-30,00:00:00,1.7,Operativa,Condiciones climáticas adversas,387.0
PAR-005240,PC-EQ-05,2024-10-02,03:00:00,6.1,Preventiva,Indeterminado,5874.0
PAR-005475,PC-EQ-05,2026-09-07,07:00:00,7.2,Preventiva,Mantenimiento programado (plan anual),9312.0
PAR-004266,PC-EQ-02,2026-05-28,12:00:00,1.9,Operativa,Corte de energía externo,887.0
PAR-004749,PC-EQ-04,2024-06-22,08:00:00,13.1,Correctiva,Falla mecánica - desgaste de componente,25587.0
PAR-005756,PC-EQ-06,2025-08-07,07:00:00,7.9,Preventiva,Mantenimiento programado (plan anual),
PAR-004191,PC-EQ-02,2025-08-15,06:00:00,2.0,Operativa,Falta de mineral en cancha,1029.0
PAR-007164,PC-EQ-10,2026-11-16,03:00:00,20.0,Correctiva,Falla eléctrica - motor/tablero,26286.0
PAR-003784,PC-EQ-01,2025-03-13,08:00:00,5.2,Correctiva,Falla mecánica - desgaste de componente,4622.0
PAR-005215,PC-EQ-05,2024-07-23,21:00:00,0.5,Correctiva,Falla mecánica - desgaste de componente,1015.0
PAR-006571,PC-EQ-08,2027-09-18,16:00:00,2.8,Correctiva,Indeterminado,2308.0
PAR-005886,PC-EQ-06,2027-01-25,13:00:00,2.0,Correctiva,Rotura de faja/correa,2606.0
PAR-005118,PC-EQ-04,2027-08-23,01:00:00,20.0,Correctiva,Falla mecánica - desgaste de componente,25285.0
PAR-003752,PC-EQ-01,2024-11-19,00:00:00,1.3,Operativa,Falta de mineral en cancha,524.0
PAR-006368,PC-EQ-08,2025-06-24,15:00:00,5.9,Correctiva,Rotura de faja/correa,6764.0
PAR-006560,PC-EQ-08,2027-08-08,11:00:00,2.0,Operativa,Espera de insumos (reactivos/bolas de molienda),668.0
PAR-005349,PC-EQ-05,2025-09-28,00:00:00,3.1,Correctiva,Falla de lubricación,6245.0
PAR-005236,PC-EQ-05,2024-09-23,06:00:00,2.9,Operativa,Corte de energía externo,1444.0
PAR-006150,PC-EQ-07,2026-12-05,15:00:00,7.0,Preventiva,Mantenimiento programado (plan anual),5987.0
PAR-004991,PC-EQ-04,2026-07-23,17:00:00,3.9,Correctiva,Atoro de mineral / obstrucción,3993.0
PAR-004966,PC-EQ-04,2026-05-16,00:00:00,20.0,Correctiva,Falla eléctrica - motor/tablero,26967.0
PAR-005039,PC-EQ-04,2026-11-26,09:00:00,6.2,Correctiva,Atoro de mineral / obstrucción,8438.0
PAR-005415,PC-EQ-05,2026-03-29,15:00:00,2.1,Operativa,Corte de energía externo,
PAR-006737,PC-EQ-09,2026-02-02,04:00:00,2.8,Operativa,Corte de energía externo,1222.0
PAR-004440,PC-EQ-03,2024-05-29,08:00:00,8.6,Preventiva,Mantenimiento programado (plan anual),12306.0
PAR-004685,PC-EQ-03,2027-12-06,04:00:00,5.2,Correctiva,Falla eléctrica - motor/tablero,4628.0
PAR-005320,PC-EQ-05,2025-07-03,12:00:00,0.5,Correctiva,Falla de lubricación,861.0
PAR-006357,PC-EQ-08,2025-05-15,09:00:00,8.8,Preventiva,Mantenimiento programado (plan anual),8893.0
PAR-003685,PC-EQ-01,2024-01-18,13:00:00,9.6,Correctiva,Falla de lubricación,
PAR-005180,PC-EQ-05,2024-04-06,14:00:00,7.7,Correctiva,Falla de lubricación,12296.0
PAR-004098,PC-EQ-02,2024-07-16,17:00:00,2.8,Operativa,Corte de energía externo,1554.0
PAR-005758,PC-EQ-06,2025-08-18,04:00:00,5.5,Correctiva,Falla mecánica - desgaste de componente,10087.0
PAR-004575,PC-EQ-03,2026-03-27,10:00:00,0.9,Operativa,Falta de mineral en cancha,
PAR-007013,PC-EQ-10,2025-04-25,10:00:00,1.3,Correctiva,Falla de lubricación,1795.0
PAR-007139,PC-EQ-10,2026-08-09,03:00:00,1.1,Operativa,Corte de energía externo,391.0
PAR-004427,PC-EQ-03,2024-03-26,01:00:00,1.6,Operativa,Corte de energía externo,528.0
PAR-005216,PC-EQ-05,2024-07-24,13:00:00,7.0,Correctiva,Rotura de faja/correa,8635.0
PAR-004887,PC-EQ-04,2025-09-02,01:00:00,1.1,Correctiva,Falla de lubricación,2368.0
PAR-004728,PC-EQ-04,2024-04-22,09:00:00,1.4,Correctiva,Rotura de faja/correa,1740.0
PAR-004592,PC-EQ-03,2026-06-09,10:00:00,1.4,Operativa,Corte de energía externo,420.0
PAR-006843,PC-EQ-09,2027-06-30,13:00:00,6.4,Preventiva,Mantenimiento programado (plan anual),12963.0
PAR-006679,PC-EQ-09,2025-05-06,08:00:00,1.8,Operativa,Corte de energía externo,466.0
PAR-004837,PC-EQ-04,2025-03-10,00:00:00,5.9,Preventiva,Mantenimiento programado (plan anual),7117.0
PAR-003864,PC-EQ-01,2026-02-12,12:00:00,1.2,Operativa,Falta de mineral en cancha,485.0
PAR-004277,PC-EQ-02,2026-07-19,02:00:00,4.5,Preventiva,Mantenimiento programado (plan anual),4122.0
PAR-006056,PC-EQ-07,2025-06-12,07:00:00,1.1,Operativa,Condiciones climáticas adversas,401.0
PAR-005410,PC-EQ-05,2026-03-14,02:00:00,17.5,Correctiva,Atoro de mineral / obstrucción,22366.0
PAR-004856,PC-EQ-04,2025-05-21,13:00:00,1.4,Operativa,Falta de mineral en cancha,483.0
PAR-003913,PC-EQ-01,2026-08-12,22:00:00,0.8,Operativa,Falta de mineral en cancha,240.0
PAR-005478,PC-EQ-05,2026-09-27,11:00:00,9.0,Preventiva,Mantenimiento programado (plan anual),16053.0
PAR-004391,PC-EQ-02,2027-10-16,13:00:00,4.1,Correctiva,Rotura de faja/correa,4541.0
PAR-005890,PC-EQ-06,2027-02-02,02:00:00,1.2,Correctiva,Falla eléctrica - motor/tablero,1660.0
PAR-004249,PC-EQ-02,2026-03-24,06:00:00,8.1,Correctiva,Rotura de faja/correa,12086.0
PAR-003756,PC-EQ-01,2024-12-02,08:00:00,0.5,Correctiva,Falla de lubricación,962.0
PAR-007175,PC-EQ-10,2027-01-05,12:00:00,4.8,Correctiva,Falla de lubricación,9834.0
PAR-004258,PC-EQ-02,2026-04-25,05:00:00,8.4,Correctiva,Falla mecánica - desgaste de componente,17087.0
PAR-006045,PC-EQ-07,2025-04-26,00:00:00,1.0,Operativa,Espera de insumos (reactivos/bolas de molienda),399.0
PAR-005652,PC-EQ-06,2024-05-02,00:00:00,11.8,Correctiva,Falla de lubricación,19971.0
PAR-005082,PC-EQ-04,2027-05-12,03:00:00,20.0,Correctiva,Rotura de faja/correa,43592.0
PAR-004127,PC-EQ-02,2024-11-23,11:00:00,8.7,Correctiva,Falla mecánica - desgaste de componente,11502.0
PAR-006362,PC-EQ-08,2025-06-03,10:00:00,8.2,Preventiva,Mantenimiento programado (plan anual),12519.0
PAR-006557,PC-EQ-08,2027-07-25,11:00:00,2.4,Correctiva,Indeterminado,3854.0
PAR-004501,PC-EQ-03,2025-05-10,03:00:00,3.4,Correctiva,Rotura de faja/correa,
PAR-006595,PC-EQ-08,2027-12-08,11:00:00,2.4,Operativa,Falta de mineral en cancha,1032.0
PAR-006841,PC-EQ-09,2027-06-09,00:00:00,6.7,Preventiva,Mantenimiento programado (plan anual),5413.0
PAR-007000,PC-EQ-10,2025-03-15,03:00:00,1.5,Operativa,Espera de insumos (reactivos/bolas de molienda),438.0
PAR-005940,PC-EQ-06,2027-09-12,01:00:00,9.9,Correctiva,Rotura de faja/correa,18196.0
PAR-005187,PC-EQ-05,2024-04-27,13:00:00,7.3,Correctiva,Falla mecánica - desgaste de componente,8522.0
PAR-003689,PC-EQ-01,2024-02-17,01:00:00,20.0,Correctiva,Falla mecánica - desgaste de componente,
PAR-004545,PC-EQ-03,2025-11-27,04:00:00,10.4,Correctiva,Falla de lubricación,18936.0
PAR-007154,PC-EQ-10,2026-10-05,03:00:00,18.0,Correctiva,Falla de lubricación,29528.0
PAR-006238,PC-EQ-08,2024-01-28,11:00:00,2.6,Operativa,Corte de energía externo,1445.0
PAR-004507,PC-EQ-03,2025-06-07,13:00:00,5.5,Preventiva,Indeterminado,4636.0
PAR-006461,PC-EQ-08,2026-07-23,03:00:00,17.9,Correctiva,Falla eléctrica - motor/tablero,20577.0
PAR-005872,PC-EQ-06,2026-12-17,15:00:00,2.6,Operativa,Condiciones climáticas adversas,1123.0
PAR-004613,PC-EQ-03,2026-10-10,18:00:00,0.5,Correctiva,Falla mecánica - desgaste de componente,551.0
PAR-006129,PC-EQ-07,2026-08-20,09:00:00,1.6,Operativa,Corte de energía externo,595.0
PAR-005570,PC-EQ-05,2027-07-19,06:00:00,4.5,Preventiva,Mantenimiento programado (plan anual),4971.0
PAR-004610,PC-EQ-03,2026-10-03,10:00:00,5.4,Correctiva,Falla mecánica - desgaste de componente,10307.0
PAR-005087,PC-EQ-04,2027-05-31,03:00:00,8.0,Preventiva,Mantenimiento programado (plan anual),17051.0
PAR-004134,PC-EQ-02,2024-12-22,09:00:00,0.6,Operativa,Espera de insumos (reactivos/bolas de molienda),
PAR-005703,PC-EQ-06,2024-12-18,05:00:00,1.5,Operativa,Espera de insumos (reactivos/bolas de molienda),652.0
PAR-006706,PC-EQ-09,2025-09-14,15:00:00,1.4,Correctiva,Falla de lubricación,1687.0
PAR-005596,PC-EQ-05,2027-10-04,13:00:00,9.9,Correctiva,Falla de lubricación,17215.0
PAR-006943,PC-EQ-10,2024-08-13,13:00:00,0.7,Operativa,Espera de insumos (reactivos/bolas de molienda),192.0
PAR-005461,PC-EQ-05,2026-07-24,03:00:00,20.0,Correctiva,Rotura de faja/correa,28842.0
PAR-006395,PC-EQ-08,2025-10-04,16:00:00,6.3,Preventiva,Mantenimiento programado (plan anual),7278.0
PAR-006208,PC-EQ-07,2027-08-22,01:00:00,1.0,Correctiva,Rotura de faja/correa,1184.0
PAR-004409,PC-EQ-03,2024-01-07,14:00:00,5.6,Correctiva,Rotura de faja/correa,10331.0
PAR-006074,PC-EQ-07,2025-10-26,03:00:00,6.3,Correctiva,Falla eléctrica - motor/tablero,5863.0
PAR-006142,PC-EQ-07,2026-10-23,11:00:00,1.4,Correctiva,Atoro de mineral / obstrucción,2446.0
PAR-006253,PC-EQ-08,2024-03-31,06:00:00,4.7,Preventiva,Mantenimiento programado (plan anual),7417.0
PAR-004608,PC-EQ-03,2026-09-16,17:00:00,5.2,Preventiva,Mantenimiento programado (plan anual),8667.0
PAR-006158,PC-EQ-07,2027-01-14,00:00:00,2.8,Operativa,Condiciones climáticas adversas,1215.0
PAR-007085,PC-EQ-10,2026-01-28,03:00:00,20.0,Correctiva,Atoro de mineral / obstrucción,30337.0
PAR-004423,PC-EQ-03,2024-03-03,08:00:00,6.5,Preventiva,Mantenimiento programado (plan anual),5589.0
PAR-004778,PC-EQ-04,2024-09-13,05:00:00,8.4,Correctiva,Rotura de faja/correa,16322.0
PAR-004680,PC-EQ-03,2027-11-18,05:00:00,5.5,Preventiva,Mantenimiento programado (plan anual),6557.0
PAR-004725,PC-EQ-04,2024-04-14,08:00:00,4.3,Correctiva,Rotura de faja/correa,8465.0
PAR-005981,PC-EQ-07,2024-04-22,01:00:00,3.0,Correctiva,Falla mecánica - desgaste de componente,4176.0
PAR-004854,PC-EQ-04,2025-05-17,04:00:00,14.8,Correctiva,Falla de lubricación,28574.0
PAR-006223,PC-EQ-07,2027-11-18,16:00:00,2.2,Operativa,Corte de energía externo,1217.0
PAR-005823,PC-EQ-06,2026-05-03,16:00:00,1.9,Operativa,Condiciones climáticas adversas,849.0
PAR-005901,PC-EQ-06,2027-03-30,08:00:00,4.1,Correctiva,Falla eléctrica - motor/tablero,4009.0
PAR-005702,PC-EQ-06,2024-12-15,15:00:00,5.9,Preventiva,Mantenimiento programado (plan anual),8844.0
PAR-004552,PC-EQ-03,2025-12-14,07:00:00,1.0,Operativa,Indeterminado,540.0
PAR-003879,PC-EQ-01,2026-03-27,07:00:00,12.6,Correctiva,Falla mecánica - desgaste de componente,12852.0
PAR-005735,PC-EQ-06,2025-05-06,10:00:00,0.6,Operativa,Falta de mineral en cancha,344.0
PAR-004931,PC-EQ-04,2026-01-10,06:00:00,4.0,Correctiva,Rotura de faja/correa,4772.0
PAR-005422,PC-EQ-05,2026-04-12,12:00:00,0.8,Correctiva,Falla de lubricación,978.0
PAR-006126,PC-EQ-07,2026-08-08,00:00:00,6.0,Correctiva,Falla de lubricación,9678.0
PAR-006414,PC-EQ-08,2025-12-28,07:00:00,2.9,Correctiva,Falla de lubricación,4703.0
PAR-005290,PC-EQ-05,2025-03-22,06:00:00,7.4,Correctiva,Falla de lubricación,8278.0
PAR-004743,PC-EQ-04,2024-06-05,01:00:00,20.0,Correctiva,Atoro de mineral / obstrucción,42126.0
PAR-005063,PC-EQ-04,2027-03-21,01:00:00,11.2,Correctiva,Atoro de mineral / obstrucción,16962.0
PAR-006520,PC-EQ-08,2027-02-03,09:00:00,7.9,Preventiva,Indeterminado,9969.0
PAR-005203,PC-EQ-05,2024-06-15,19:00:00,0.7,Operativa,Falta de mineral en cancha,293.0
PAR-003803,PC-EQ-01,2025-07-05,02:00:00,15.3,Correctiva,Falla de lubricación,16097.0
PAR-004123,PC-EQ-02,2024-11-15,05:00:00,5.0,Preventiva,Mantenimiento programado (plan anual),5998.0
PAR-006985,PC-EQ-10,2025-01-25,04:00:00,3.0,Operativa,Corte de energía externo,1198.0
PAR-007237,PC-EQ-10,2027-10-04,10:00:00,1.7,Correctiva,Indeterminado,1533.0
PAR-005568,PC-EQ-05,2027-07-17,03:00:00,20.0,Correctiva,Falla eléctrica - motor/tablero,24462.0
PAR-005583,PC-EQ-05,2027-09-01,01:00:00,1.0,Correctiva,Rotura de faja/correa,2089.0
PAR-004210,PC-EQ-02,2025-11-16,14:00:00,2.0,Correctiva,Falla de lubricación,2682.0
PAR-004539,PC-EQ-03,2025-11-11,16:00:00,0.6,Operativa,Condiciones climáticas adversas,354.0
PAR-007202,PC-EQ-10,2027-04-26,15:00:00,2.6,Operativa,Falta de mineral en cancha,763.0
PAR-007129,PC-EQ-10,2026-06-26,17:00:00,5.7,Preventiva,Mantenimiento programado (plan anual),5780.0
PAR-004675,PC-EQ-03,2027-10-11,01:00:00,2.1,Correctiva,Falla de lubricación,3336.0
PAR-006127,PC-EQ-07,2026-08-16,15:00:00,6.8,Preventiva,Mantenimiento programado (plan anual),7840.0
PAR-004400,PC-EQ-02,2027-11-22,11:00:00,7.8,Preventiva,Mantenimiento programado (plan anual),11005.0
PAR-005602,PC-EQ-05,2027-10-29,03:00:00,15.8,Correctiva,Falla eléctrica - motor/tablero,30155.0
PAR-003714,PC-EQ-01,2024-06-18,13:00:00,0.6,Operativa,Condiciones climáticas adversas,195.0
PAR-005505,PC-EQ-05,2026-12-18,00:00:00,19.8,Correctiva,Rotura de faja/correa,18574.0
PAR-005435,PC-EQ-05,2026-05-11,01:00:00,11.4,Correctiva,Falla eléctrica - motor/tablero,23135.0
PAR-006546,PC-EQ-08,2027-05-21,16:00:00,4.1,Preventiva,Mantenimiento programado (plan anual),5351.0
PAR-005423,PC-EQ-05,2026-04-13,07:00:00,4.7,Preventiva,Mantenimiento programado (plan anual),4484.0
PAR-003724,PC-EQ-01,2024-07-29,11:00:00,2.4,Operativa,Falta de mineral en cancha,849.0
PAR-007247,PC-EQ-10,2027-11-02,00:00:00,20.0,Correctiva,Atoro de mineral / obstrucción,18666.0
PAR-004875,PC-EQ-04,2025-07-22,00:00:00,5.0,Preventiva,Mantenimiento programado (plan anual),6680.0
PAR-006788,PC-EQ-09,2026-09-15,20:00:00,0.6,Correctiva,Falla de lubricación,1266.0
PAR-004819,PC-EQ-04,2025-01-14,16:00:00,6.4,Correctiva,Atoro de mineral / obstrucción,7307.0
PAR-006231,PC-EQ-07,2027-12-23,16:00:00,7.0,Preventiva,Mantenimiento programado (plan anual),9504.0
PAR-003946,PC-EQ-01,2026-12-20,02:00:00,15.8,Correctiva,Rotura de faja/correa,27338.0
PAR-006977,PC-EQ-10,2024-12-11,22:00:00,0.5,Correctiva,Falla de lubricación,490.0
PAR-006221,PC-EQ-07,2027-11-01,14:00:00,4.9,Correctiva,Rotura de faja/correa,8867.0
PAR-004072,PC-EQ-02,2024-04-26,11:00:00,5.0,Correctiva,Atoro de mineral / obstrucción,5541.0
PAR-004727,PC-EQ-04,2024-04-21,17:00:00,0.5,Correctiva,Atoro de mineral / obstrucción,438.0
PAR-007138,PC-EQ-10,2026-07-31,12:00:00,6.3,Preventiva,Mantenimiento programado (plan anual),11920.0
PAR-006684,PC-EQ-09,2025-06-06,19:00:00,1.8,Operativa,Falta de mineral en cancha,745.0
PAR-004889,PC-EQ-04,2025-09-08,02:00:00,16.2,Correctiva,Falla mecánica - desgaste de componente,20277.0
PAR-006671,PC-EQ-09,2025-04-01,06:00:00,8.9,Correctiva,Falla eléctrica - motor/tablero,14871.0
PAR-003792,PC-EQ-01,2025-04-22,21:00:00,1.7,Correctiva,Falla mecánica - desgaste de componente,2094.0
PAR-005687,PC-EQ-06,2024-09-26,19:00:00,1.6,Correctiva,Rotura de faja/correa,
PAR-004074,PC-EQ-02,2024-04-28,11:00:00,8.5,Preventiva,Mantenimiento programado (plan anual),7856.0
PAR-004718,PC-EQ-04,2024-04-04,10:00:00,3.5,Correctiva,Atoro de mineral / obstrucción,3420.0
PAR-005639,PC-EQ-06,2024-03-08,01:00:00,13.0,Correctiva,Atoro de mineral / obstrucción,
PAR-004166,PC-EQ-02,2025-05-19,05:00:00,1.6,Operativa,Condiciones climáticas adversas,367.0
PAR-006180,PC-EQ-07,2027-04-04,14:00:00,1.3,Operativa,Condiciones climáticas adversas,753.0
PAR-004863,PC-EQ-04,2025-06-14,10:00:00,4.0,Correctiva,Rotura de faja/correa,4721.0
PAR-004963,PC-EQ-04,2026-05-12,18:00:00,4.7,Preventiva,Mantenimiento programado (plan anual),8906.0
PAR-003837,PC-EQ-01,2025-12-02,12:00:00,0.8,Operativa,Corte de energía externo,281.0
PAR-007161,PC-EQ-10,2026-11-07,08:00:00,10.5,Correctiva,Falla eléctrica - motor/tablero,12894.0
PAR-004059,PC-EQ-02,2024-02-20,06:00:00,1.2,Operativa,Corte de energía externo,519.0
PAR-006147,PC-EQ-07,2026-11-09,19:00:00,3.7,Correctiva,Atoro de mineral / obstrucción,3079.0
PAR-004316,PC-EQ-02,2026-12-24,13:00:00,4.6,Preventiva,Mantenimiento programado (plan anual),4312.0
PAR-004335,PC-EQ-02,2027-03-09,08:00:00,8.2,Correctiva,Atoro de mineral / obstrucción,11987.0
PAR-006573,PC-EQ-08,2027-09-21,01:00:00,20.0,Correctiva,Falla de lubricación,41480.0
PAR-004320,PC-EQ-02,2027-01-17,08:00:00,10.1,Correctiva,Falla mecánica - desgaste de componente,16102.0
PAR-006192,PC-EQ-07,2027-06-06,09:00:00,8.8,Preventiva,Mantenimiento programado (plan anual),16473.0
PAR-006983,PC-EQ-10,2025-01-17,09:00:00,7.8,Preventiva,Mantenimiento programado (plan anual),9041.0
PAR-005552,PC-EQ-05,2027-05-19,04:00:00,15.8,Correctiva,Falla eléctrica - motor/tablero,
PAR-003950,PC-EQ-01,2027-01-09,03:00:00,0.7,Correctiva,Falla de lubricación,1223.0
PAR-006704,PC-EQ-09,2025-09-03,08:00:00,1.9,Operativa,Espera de insumos (reactivos/bolas de molienda),854.0
PAR-005321,PC-EQ-05,2025-07-05,04:00:00,4.3,Correctiva,Falla de lubricación,7629.0
PAR-004040,PC-EQ-01,2027-12-08,09:00:00,8.9,Preventiva,Mantenimiento programado (plan anual),14422.0
PAR-003985,PC-EQ-01,2027-05-24,03:00:00,1.6,Correctiva,Rotura de faja/correa,1402.0
PAR-005387,PC-EQ-05,2026-01-17,03:00:00,2.9,Operativa,Espera de insumos (reactivos/bolas de molienda),763.0
PAR-006323,PC-EQ-08,2025-01-02,03:00:00,5.4,Preventiva,Mantenimiento programado (plan anual),9886.0
PAR-006365,PC-EQ-08,2025-06-18,00:00:00,20.0,Correctiva,Atoro de mineral / obstrucción,28435.0
PAR-006539,PC-EQ-08,2027-04-13,12:00:00,4.9,Correctiva,Rotura de faja/correa,9942.0
PAR-006024,PC-EQ-07,2025-01-01,01:00:00,3.7,Correctiva,Falla mecánica - desgaste de componente,6890.0
PAR-006265,PC-EQ-08,2024-05-19,02:00:00,4.3,Preventiva,Mantenimiento programado (plan anual),6267.0
PAR-004904,PC-EQ-04,2025-10-26,06:00:00,6.2,Preventiva,Indeterminado,9174.0
PAR-006133,PC-EQ-07,2026-09-11,05:00:00,3.0,Operativa,Corte de energía externo,1201.0
PAR-004361,PC-EQ-02,2027-05-27,14:00:00,1.1,Operativa,Espera de insumos (reactivos/bolas de molienda),551.0
PAR-005105,PC-EQ-04,2027-07-17,02:00:00,5.5,Preventiva,Mantenimiento programado (plan anual),8942.0
PAR-005515,PC-EQ-05,2027-01-19,06:00:00,9.4,Correctiva,Falla de lubricación,14133.0
PAR-004636,PC-EQ-03,2027-02-20,14:00:00,7.5,Preventiva,Indeterminado,14287.0
PAR-006251,PC-EQ-08,2024-03-15,12:00:00,4.8,Preventiva,Mantenimiento programado (plan anual),10092.0
PAR-006509,PC-EQ-08,2026-12-22,05:00:00,15.4,Correctiva,Falla de lubricación,17761.0
PAR-006847,PC-EQ-09,2027-07-19,05:00:00,2.0,Operativa,Espera de insumos (reactivos/bolas de molienda),822.0
PAR-005544,PC-EQ-05,2027-05-01,01:00:00,9.6,Correctiva,Falla de lubricación,8078.0
PAR-005419,PC-EQ-05,2026-04-05,12:00:00,10.5,Correctiva,Falla de lubricación,
PAR-005531,PC-EQ-05,2027-03-20,10:00:00,6.9,Preventiva,Mantenimiento programado (plan anual),10986.0
PAR-004073,PC-EQ-02,2024-04-27,00:00:00,1.9,Operativa,Espera de insumos (reactivos/bolas de molienda),672.0
PAR-006685,PC-EQ-09,2025-06-17,15:00:00,7.3,Preventiva,Mantenimiento programado (plan anual),6168.0
PAR-003894,PC-EQ-01,2026-05-31,04:00:00,8.0,Preventiva,Indeterminado,10550.0
PAR-005075,PC-EQ-04,2027-04-27,09:00:00,4.7,Preventiva,Mantenimiento programado (plan anual),4162.0
PAR-007160,PC-EQ-10,2026-11-06,01:00:00,5.8,Correctiva,Falla mecánica - desgaste de componente,8570.0
PAR-005100,PC-EQ-04,2027-07-06,18:00:00,1.0,Correctiva,Falla eléctrica - motor/tablero,941.0
PAR-004383,PC-EQ-02,2027-09-18,03:00:00,20.0,Correctiva,Falla de lubricación,35021.0
PAR-007159,PC-EQ-10,2026-11-04,14:00:00,7.8,Preventiva,Mantenimiento programado (plan anual),14123.0
PAR-006923,PC-EQ-10,2024-05-24,12:00:00,2.1,Operativa,Corte de energía externo,1093.0
PAR-005037,PC-EQ-04,2026-11-23,03:00:00,20.0,Correctiva,Falla eléctrica - motor/tablero,20851.0
PAR-003692,PC-EQ-01,2024-02-26,12:00:00,5.6,Correctiva,Atoro de mineral / obstrucción,9077.0
PAR-006202,PC-EQ-07,2027-08-01,04:00:00,5.4,Correctiva,Atoro de mineral / obstrucción,8666.0
PAR-005034,PC-EQ-04,2026-11-12,02:00:00,20.0,Correctiva,Falla eléctrica - motor/tablero,26006.0
PAR-004682,PC-EQ-03,2027-11-20,04:00:00,2.9,Correctiva,Atoro de mineral / obstrucción,3341.0
PAR-004260,PC-EQ-02,2026-05-01,02:00:00,1.8,Operativa,Falta de mineral en cancha,955.0
PAR-005386,PC-EQ-05,2026-01-15,12:00:00,8.0,Preventiva,Mantenimiento programado (plan anual),13245.0
PAR-005417,PC-EQ-05,2026-03-31,05:00:00,16.0,Correctiva,Falla mecánica - desgaste de componente,31517.0
PAR-004756,PC-EQ-04,2024-07-14,16:00:00,5.2,Correctiva,Rotura de faja/correa,5241.0
PAR-007076,PC-EQ-10,2025-12-03,14:00:00,1.6,Correctiva,Falla mecánica - desgaste de componente,3405.0
PAR-005692,PC-EQ-06,2024-10-20,19:00:00,1.8,Correctiva,Atoro de mineral / obstrucción,1690.0
PAR-004709,PC-EQ-04,2024-03-10,06:00:00,2.8,Correctiva,Falla mecánica - desgaste de componente,3157.0
PAR-005870,PC-EQ-06,2026-12-11,09:00:00,2.2,Operativa,Condiciones climáticas adversas,978.0
PAR-006407,PC-EQ-08,2025-12-07,15:00:00,4.1,Preventiva,Mantenimiento programado (plan anual),4376.0
PAR-005027,PC-EQ-04,2026-11-01,00:00:00,12.4,Correctiva,Atoro de mineral / obstrucción,14535.0
PAR-005922,PC-EQ-06,2027-07-15,05:00:00,5.6,Preventiva,Mantenimiento programado (plan anual),7821.0
PAR-003812,PC-EQ-01,2025-08-17,10:00:00,4.7,Preventiva,Mantenimiento programado (plan anual),8517.0
PAR-004417,PC-EQ-03,2024-01-31,09:00:00,8.8,Preventiva,Mantenimiento programado (plan anual),13261.0
PAR-004913,PC-EQ-04,2025-12-01,08:00:00,11.7,Correctiva,Falla de lubricación,
PAR-007051,PC-EQ-10,2025-09-10,10:00:00,6.3,Preventiva,Mantenimiento programado (plan anual),12668.0
PAR-004355,PC-EQ-02,2027-05-07,01:00:00,20.0,Correctiva,Rotura de faja/correa,22499.0
PAR-006731,PC-EQ-09,2026-01-04,03:00:00,2.9,Operativa,Falta de mineral en cancha,1734.0
PAR-007068,PC-EQ-10,2025-11-08,01:00:00,6.7,Preventiva,Mantenimiento programado (plan anual),13118.0
PAR-003955,PC-EQ-01,2027-02-02,16:00:00,1.4,Correctiva,Falla eléctrica - motor/tablero,1310.0
PAR-006919,PC-EQ-10,2024-05-09,02:00:00,12.0,Correctiva,Falla eléctrica - motor/tablero,15532.0
PAR-005036,PC-EQ-04,2026-11-20,11:00:00,5.8,Preventiva,Mantenimiento programado (plan anual),6544.0
PAR-006957,PC-EQ-10,2024-09-28,05:00:00,6.2,Correctiva,Rotura de faja/correa,6672.0
PAR-004046,PC-EQ-02,2024-01-14,03:00:00,20.0,Correctiva,Falla de lubricación,21796.0
PAR-004641,PC-EQ-03,2027-04-03,03:00:00,7.5,Preventiva,Mantenimiento programado (plan anual),13688.0
PAR-006868,PC-EQ-09,2027-11-06,15:00:00,2.3,Operativa,Condiciones climáticas adversas,1212.0
PAR-003932,PC-EQ-01,2026-11-01,02:00:00,2.7,Operativa,Corte de energía externo,913.0
PAR-006972,PC-EQ-10,2024-11-15,05:00:00,1.9,Operativa,Condiciones climáticas adversas,1124.0
PAR-006955,PC-EQ-10,2024-09-13,14:00:00,0.5,Correctiva,Falla mecánica - desgaste de componente,1093.0
PAR-004861,PC-EQ-04,2025-06-03,09:00:00,10.3,Correctiva,Falla de lubricación,22156.0
PAR-005676,PC-EQ-06,2024-08-04,14:00:00,1.9,Operativa,Falta de mineral en cancha,765.0
PAR-004035,PC-EQ-01,2027-11-22,13:00:00,8.9,Correctiva,Falla eléctrica - motor/tablero,13255.0
PAR-005465,PC-EQ-05,2026-08-05,19:00:00,2.0,Operativa,Falta de mineral en cancha,841.0
PAR-004687,PC-EQ-03,2027-12-08,11:00:00,6.1,Correctiva,Falla mecánica - desgaste de componente,11503.0
PAR-004064,PC-EQ-02,2024-03-18,13:00:00,1.8,Correctiva,Falla mecánica - desgaste de componente,2935.0
PAR-007098,PC-EQ-10,2026-03-13,15:00:00,1.6,Operativa,Espera de insumos (reactivos/bolas de molienda),352.0
PAR-006052,PC-EQ-07,2025-05-20,05:00:00,8.8,Preventiva,Mantenimiento programado (plan anual),9798.0
PAR-004955,PC-EQ-04,2026-04-10,04:00:00,0.5,Correctiva,Falla eléctrica - motor/tablero,1019.0
PAR-005548,PC-EQ-05,2027-05-11,11:00:00,2.8,Operativa,Espera de insumos (reactivos/bolas de molienda),1567.0
PAR-004156,PC-EQ-02,2025-04-04,09:00:00,6.0,Correctiva,Rotura de faja/correa,7663.0
PAR-004116,PC-EQ-02,2024-10-04,02:00:00,11.8,Correctiva,Indeterminado,25385.0
PAR-003693,PC-EQ-01,2024-03-04,03:00:00,13.1,Correctiva,Falla mecánica - desgaste de componente,12167.0
PAR-006095,PC-EQ-07,2026-01-15,15:00:00,7.3,Correctiva,Rotura de faja/correa,8416.0
PAR-006699,PC-EQ-09,2025-08-19,04:00:00,2.7,Operativa,Corte de energía externo,1310.0
PAR-006372,PC-EQ-08,2025-07-18,13:00:00,1.0,Operativa,Espera de insumos (reactivos/bolas de molienda),543.0
PAR-003915,PC-EQ-01,2026-08-19,01:00:00,1.2,Correctiva,Indeterminado,2380.0
PAR-004769,PC-EQ-04,2024-08-21,04:00:00,14.1,Correctiva,Falla eléctrica - motor/tablero,27816.0
PAR-006697,PC-EQ-09,2025-08-03,03:00:00,5.9,Correctiva,Falla eléctrica - motor/tablero,7701.0
PAR-004958,PC-EQ-04,2026-04-23,10:00:00,5.8,Correctiva,Atoro de mineral / obstrucción,8705.0
PAR-006263,PC-EQ-08,2024-05-11,02:00:00,2.2,Operativa,Falta de mineral en cancha,597.0
PAR-006872,PC-EQ-09,2027-11-16,03:00:00,1.2,Correctiva,Falla de lubricación,1502.0
PAR-004773,PC-EQ-04,2024-08-29,02:00:00,10.3,Correctiva,Falla mecánica - desgaste de componente,22343.0
PAR-004912,PC-EQ-04,2025-11-27,01:00:00,20.0,Correctiva,Rotura de faja/correa,43692.0
PAR-003883,PC-EQ-01,2026-04-06,00:00:00,0.8,Operativa,Corte de energía externo,306.0
PAR-007006,PC-EQ-10,2025-04-03,03:00:00,5.6,Preventiva,Mantenimiento programado (plan anual),5589.0
PAR-004742,PC-EQ-04,2024-06-03,03:00:00,16.8,Correctiva,Falla eléctrica - motor/tablero,32241.0
PAR-004741,PC-EQ-04,2024-06-02,00:00:00,18.1,Correctiva,Rotura de faja/correa,36566.0
PAR-006100,PC-EQ-07,2026-02-19,19:00:00,2.5,Correctiva,Rotura de faja/correa,3018.0
PAR-007156,PC-EQ-10,2026-10-15,04:00:00,12.3,Correctiva,Atoro de mineral / obstrucción,22406.0
PAR-005918,PC-EQ-06,2027-06-15,02:00:00,12.8,Correctiva,Atoro de mineral / obstrucción,16445.0
PAR-007208,PC-EQ-10,2027-05-18,02:00:00,8.0,Preventiva,Mantenimiento programado (plan anual),11591.0
PAR-006865,PC-EQ-09,2027-10-12,19:00:00,2.5,Operativa,Espera de insumos (reactivos/bolas de molienda),764.0
PAR-005728,PC-EQ-06,2025-04-15,11:00:00,0.9,Operativa,Falta de mineral en cancha,220.0
PAR-006996,PC-EQ-10,2025-03-02,02:00:00,1.0,Operativa,Espera de insumos (reactivos/bolas de molienda),217.0
PAR-005184,PC-EQ-05,2024-04-15,01:00:00,0.9,Correctiva,Atoro de mineral / obstrucción,1086.0
PAR-006535,PC-EQ-08,2027-04-01,13:00:00,2.6,Operativa,Falta de mineral en cancha,639.0
PAR-004567,PC-EQ-03,2026-02-12,14:00:00,3.2,Correctiva,Rotura de faja/correa,5524.0
PAR-004707,PC-EQ-04,2024-03-05,08:00:00,3.0,Correctiva,Rotura de faja/correa,3060.0
PAR-005527,PC-EQ-05,2027-02-26,12:00:00,5.8,Preventiva,Mantenimiento programado (plan anual),5429.0
PAR-006625,PC-EQ-09,2024-07-02,05:00:00,8.1,Preventiva,Mantenimiento programado (plan anual),9455.0
PAR-004037,PC-EQ-01,2027-11-25,15:00:00,0.9,Operativa,Espera de insumos (reactivos/bolas de molienda),533.0
PAR-006676,PC-EQ-09,2025-04-23,00:00:00,7.0,Preventiva,Mantenimiento programado (plan anual),7679.0
PAR-005749,PC-EQ-06,2025-07-17,20:00:00,2.6,Operativa,Corte de energía externo,988.0
PAR-006771,PC-EQ-09,2026-06-30,17:00:00,1.0,Correctiva,Rotura de faja/correa,
PAR-005775,PC-EQ-06,2025-10-28,16:00:00,4.8,Correctiva,Rotura de faja/correa,9597.0
PAR-004147,PC-EQ-02,2025-02-21,03:00:00,6.9,Correctiva,Atoro de mineral / obstrucción,13740.0
PAR-003766,PC-EQ-01,2025-01-16,16:00:00,0.5,Correctiva,Falla de lubricación,1065.0
PAR-005080,PC-EQ-04,2027-05-10,08:00:00,10.1,Correctiva,Falla mecánica - desgaste de componente,10022.0
PAR-005831,PC-EQ-06,2026-06-08,12:00:00,7.8,Correctiva,Falla eléctrica - motor/tablero,7057.0
PAR-006343,PC-EQ-08,2025-03-26,08:00:00,5.1,Correctiva,Falla de lubricación,9563.0
PAR-005947,PC-EQ-06,2027-10-17,11:00:00,7.3,Preventiva,Mantenimiento programado (plan anual),13201.0
PAR-004136,PC-EQ-02,2025-01-02,01:00:00,14.5,Correctiva,Atoro de mineral / obstrucción,18072.0
PAR-006068,PC-EQ-07,2025-09-17,11:00:00,1.7,Correctiva,Falla de lubricación,3063.0
PAR-006332,PC-EQ-08,2025-03-02,00:00:00,9.0,Correctiva,Falla de lubricación,
PAR-004158,PC-EQ-02,2025-04-09,12:00:00,1.5,Operativa,Corte de energía externo,845.0
PAR-004941,PC-EQ-04,2026-02-21,13:00:00,2.0,Operativa,Falta de mineral en cancha,532.0
PAR-005018,PC-EQ-04,2026-10-15,03:00:00,20.0,Correctiva,Atoro de mineral / obstrucción,18643.0
PAR-004305,PC-EQ-02,2026-10-30,04:00:00,6.5,Correctiva,Rotura de faja/correa,7465.0
PAR-004726,PC-EQ-04,2024-04-18,01:00:00,3.9,Correctiva,Falla de lubricación,
PAR-004774,PC-EQ-04,2024-08-30,05:00:00,0.8,Operativa,Condiciones climáticas adversas,459.0
PAR-006750,PC-EQ-09,2026-03-28,07:00:00,6.5,Preventiva,Mantenimiento programado (plan anual),9537.0
PAR-004708,PC-EQ-04,2024-03-06,10:00:00,2.7,Correctiva,Falla eléctrica - motor/tablero,4743.0
PAR-006775,PC-EQ-09,2026-07-13,09:00:00,4.9,Preventiva,Mantenimiento programado (plan anual),6957.0
PAR-006389,PC-EQ-08,2025-09-10,02:00:00,2.9,Operativa,Condiciones climáticas adversas,1536.0
PAR-006486,PC-EQ-08,2026-10-11,13:00:00,1.7,Operativa,Falta de mineral en cancha,405.0
PAR-004112,PC-EQ-02,2024-09-18,10:00:00,6.7,Preventiva,Mantenimiento programado (plan anual),13358.0
PAR-005024,PC-EQ-04,2026-10-23,08:00:00,4.2,Correctiva,Atoro de mineral / obstrucción,7575.0
PAR-004615,PC-EQ-03,2026-10-22,08:00:00,5.4,Correctiva,Atoro de mineral / obstrucción,11507.0
PAR-004299,PC-EQ-02,2026-10-07,03:00:00,1.3,Operativa,Corte de energía externo,688.0
PAR-005782,PC-EQ-06,2025-11-27,01:00:00,7.7,Preventiva,Mantenimiento programado (plan anual),13867.0
PAR-005301,PC-EQ-05,2025-04-21,01:00:00,16.5,Correctiva,Falla eléctrica - motor/tablero,17497.0
PAR-007226,PC-EQ-10,2027-08-04,06:00:00,1.6,Operativa,Corte de energía externo,820.0
PAR-005287,PC-EQ-05,2025-03-06,01:00:00,6.2,Preventiva,Mantenimiento programado (plan anual),8076.0
PAR-006522,PC-EQ-08,2027-02-17,06:00:00,8.6,Correctiva,Atoro de mineral / obstrucción,16065.0
PAR-005671,PC-EQ-06,2024-07-22,13:00:00,3.0,Operativa,Corte de energía externo,669.0
PAR-005222,PC-EQ-05,2024-08-08,20:00:00,0.5,Correctiva,Falla eléctrica - motor/tablero,1016.0
PAR-004504,PC-EQ-03,2025-05-15,03:00:00,1.4,Operativa,Corte de energía externo,321.0
PAR-005666,PC-EQ-06,2024-07-04,02:00:00,20.0,Correctiva,Indeterminado,25609.0
PAR-004879,PC-EQ-04,2025-08-09,14:00:00,6.2,Preventiva,Indeterminado,10332.0
PAR-006025,PC-EQ-07,2025-01-14,02:00:00,5.2,Preventiva,Mantenimiento programado (plan anual),7889.0
PAR-003743,PC-EQ-01,2024-10-04,12:00:00,0.9,Operativa,Corte de energía externo,421.0
PAR-004481,PC-EQ-03,2025-01-30,07:00:00,1.7,Correctiva,Rotura de faja/correa,2134.0
PAR-005817,PC-EQ-06,2026-04-16,11:00:00,7.9,Correctiva,Atoro de mineral / obstrucción,6997.0
PAR-004263,PC-EQ-02,2026-05-20,03:00:00,0.5,Operativa,Espera de insumos (reactivos/bolas de molienda),281.0
PAR-006529,PC-EQ-08,2027-03-14,00:00:00,15.5,Correctiva,Falla eléctrica - motor/tablero,28991.0
PAR-005571,PC-EQ-05,2027-07-19,00:00:00,20.0,Correctiva,Falla mecánica - desgaste de componente,41299.0
PAR-006967,PC-EQ-10,2024-10-28,13:00:00,4.8,Correctiva,Falla de lubricación,8933.0
PAR-005353,PC-EQ-05,2025-10-20,17:00:00,2.6,Operativa,Corte de energía externo,1387.0
PAR-004296,PC-EQ-02,2026-09-25,21:00:00,2.0,Correctiva,Rotura de faja/correa,2036.0
PAR-007073,PC-EQ-10,2025-11-29,07:00:00,7.9,Preventiva,Mantenimiento programado (plan anual),17117.0
PAR-007003,PC-EQ-10,2025-03-24,13:00:00,2.1,Correctiva,Falla mecánica - desgaste de componente,2693.0
PAR-004928,PC-EQ-04,2026-01-07,06:00:00,10.2,Correctiva,Atoro de mineral / obstrucción,15506.0
PAR-005144,PC-EQ-04,2027-11-12,11:00:00,5.3,Correctiva,Falla eléctrica - motor/tablero,5136.0
PAR-007029,PC-EQ-10,2025-06-25,04:00:00,6.5,Preventiva,Mantenimiento programado (plan anual),5227.0
PAR-006992,PC-EQ-10,2025-02-10,16:00:00,1.6,Operativa,Condiciones climáticas adversas,489.0
PAR-005504,PC-EQ-05,2026-12-17,02:00:00,19.5,Correctiva,Falla de lubricación,42470.0
PAR-005948,PC-EQ-06,2027-10-27,01:00:00,20.0,Correctiva,Falla eléctrica - motor/tablero,23727.0
PAR-004915,PC-EQ-04,2025-12-06,07:00:00,6.5,Preventiva,Mantenimiento programado (plan anual),11745.0
PAR-005535,PC-EQ-05,2027-04-12,16:00:00,6.5,Preventiva,Mantenimiento programado (plan anual),12706.0
PAR-003688,PC-EQ-01,2024-02-05,10:00:00,7.1,Preventiva,Mantenimiento programado (plan anual),11828.0
PAR-003733,PC-EQ-01,2024-08-30,04:00:00,6.9,Preventiva,Mantenimiento programado (plan anual),11807.0
PAR-006696,PC-EQ-09,2025-07-31,04:00:00,8.0,Preventiva,Indeterminado,9349.0
PAR-006347,PC-EQ-08,2025-04-12,06:00:00,4.4,Preventiva,Mantenimiento programado (plan anual),4380.0
PAR-005795,PC-EQ-06,2026-02-03,15:00:00,2.9,Correctiva,Rotura de faja/correa,3527.0
PAR-004880,PC-EQ-04,2025-08-09,07:00:00,0.5,Correctiva,Falla mecánica - desgaste de componente,1019.0
PAR-005426,PC-EQ-05,2026-04-17,03:00:00,15.2,Correctiva,Falla mecánica - desgaste de componente,19188.0
PAR-004280,PC-EQ-02,2026-07-31,08:00:00,5.0,Correctiva,Falla eléctrica - motor/tablero,5497.0
PAR-004332,PC-EQ-02,2027-02-19,11:00:00,0.7,Operativa,Falta de mineral en cancha,204.0
PAR-006823,PC-EQ-09,2027-03-08,04:00:00,13.5,Correctiva,Rotura de faja/correa,12437.0
PAR-003770,PC-EQ-01,2025-01-31,03:00:00,5.3,Correctiva,Falla de lubricación,4905.0
PAR-005681,PC-EQ-06,2024-08-24,12:00:00,4.5,Correctiva,Falla mecánica - desgaste de componente,6945.0
PAR-005029,PC-EQ-04,2026-11-06,13:00:00,5.6,Preventiva,Mantenimiento programado (plan anual),8816.0
PAR-004694,PC-EQ-04,2024-01-14,09:00:00,4.4,Preventiva,Indeterminado,6333.0
PAR-005866,PC-EQ-06,2026-11-19,17:00:00,4.1,Preventiva,Mantenimiento programado (plan anual),3776.0
PAR-007223,PC-EQ-10,2027-07-31,01:00:00,20.0,Correctiva,Falla de lubricación,26210.0
PAR-005933,PC-EQ-06,2027-08-23,16:00:00,3.8,Correctiva,Atoro de mineral / obstrucción,6983.0
PAR-004093,PC-EQ-02,2024-07-05,07:00:00,14.9,Correctiva,Rotura de faja/correa,30863.0
PAR-004104,PC-EQ-02,2024-08-13,14:00:00,2.9,Operativa,Falta de mineral en cancha,1431.0
PAR-004244,PC-EQ-02,2026-03-13,00:00:00,3.3,Correctiva,Rotura de faja/correa,3943.0
PAR-007224,PC-EQ-10,2027-08-02,07:00:00,6.2,Preventiva,Mantenimiento programado (plan anual),5675.0
PAR-007054,PC-EQ-10,2025-09-19,01:00:00,20.0,Correctiva,Indeterminado,29700.0
PAR-004635,PC-EQ-03,2027-02-14,17:00:00,1.4,Operativa,Corte de energía externo,484.0
PAR-004639,PC-EQ-03,2027-03-11,03:00:00,5.7,Preventiva,Mantenimiento programado (plan anual),8862.0
PAR-005335,PC-EQ-05,2025-08-09,00:00:00,5.4,Correctiva,Falla eléctrica - motor/tablero,9075.0
PAR-004079,PC-EQ-02,2024-05-16,12:00:00,6.0,Preventiva,Mantenimiento programado (plan anual),7486.0
PAR-005043,PC-EQ-04,2026-12-09,01:00:00,20.0,Correctiva,Falla eléctrica - motor/tablero,31583.0
PAR-005206,PC-EQ-05,2024-06-24,21:00:00,1.1,Operativa,Corte de energía externo,229.0
PAR-004656,PC-EQ-03,2027-06-27,15:00:00,1.2,Correctiva,Falla mecánica - desgaste de componente,
PAR-007252,PC-EQ-10,2027-11-16,08:00:00,1.1,Correctiva,Falla de lubricación,1382.0
PAR-005598,PC-EQ-05,2027-10-08,02:00:00,4.3,Correctiva,Falla mecánica - desgaste de componente,6665.0
PAR-005488,PC-EQ-05,2026-10-29,08:00:00,3.5,Correctiva,Falla mecánica - desgaste de componente,7369.0
PAR-004874,PC-EQ-04,2025-07-21,16:00:00,1.1,Correctiva,Rotura de faja/correa,1956.0
PAR-006623,PC-EQ-09,2024-06-18,06:00:00,1.0,Operativa,Condiciones climáticas adversas,348.0
PAR-003810,PC-EQ-01,2025-08-13,05:00:00,9.7,Correctiva,Falla mecánica - desgaste de componente,15838.0
PAR-006870,PC-EQ-09,2027-11-07,04:00:00,2.2,Operativa,Espera de insumos (reactivos/bolas de molienda),
PAR-005705,PC-EQ-06,2024-12-30,09:00:00,8.7,Preventiva,Mantenimiento programado (plan anual),7004.0
PAR-003851,PC-EQ-01,2026-01-04,10:00:00,5.2,Preventiva,Mantenimiento programado (plan anual),4760.0
PAR-005424,PC-EQ-05,2026-04-13,07:00:00,6.4,Correctiva,Falla mecánica - desgaste de componente,6120.0
PAR-007028,PC-EQ-10,2025-06-18,09:00:00,2.7,Operativa,Falta de mineral en cancha,1576.0
PAR-004716,PC-EQ-04,2024-04-01,08:00:00,2.0,Correctiva,Atoro de mineral / obstrucción,2462.0
PAR-005250,PC-EQ-05,2024-11-12,02:00:00,6.0,Preventiva,Mantenimiento programado (plan anual),10352.0
PAR-007127,PC-EQ-10,2026-06-23,14:00:00,0.9,Correctiva,Atoro de mineral / obstrucción,1744.0
PAR-003760,PC-EQ-01,2024-12-23,16:00:00,3.9,Correctiva,Indeterminado,5479.0
PAR-004814,PC-EQ-04,2025-01-07,22:00:00,0.5,Correctiva,Falla de lubricación,714.0
PAR-006420,PC-EQ-08,2026-01-24,03:00:00,12.4,Correctiva,Falla de lubricación,13816.0
PAR-004995,PC-EQ-04,2026-08-11,00:00:00,2.4,Operativa,Espera de insumos (reactivos/bolas de molienda),601.0
PAR-005698,PC-EQ-06,2024-12-02,02:00:00,20.0,Correctiva,Falla mecánica - desgaste de componente,
PAR-005313,PC-EQ-05,2025-06-12,03:00:00,19.2,Correctiva,Falla eléctrica - motor/tablero,38639.0
PAR-005309,PC-EQ-05,2025-05-23,10:00:00,7.6,Correctiva,Atoro de mineral / obstrucción,7066.0
PAR-004546,PC-EQ-03,2025-12-03,16:00:00,1.5,Operativa,Falta de mineral en cancha,477.0
PAR-006016,PC-EQ-07,2024-11-22,10:00:00,3.5,Correctiva,Falla de lubricación,6894.0
PAR-006889,PC-EQ-10,2024-01-24,16:00:00,3.0,Correctiva,Falla eléctrica - motor/tablero,4592.0
PAR-004601,PC-EQ-03,2026-08-03,01:00:00,20.0,Correctiva,Rotura de faja/correa,26850.0
PAR-005686,PC-EQ-06,2024-09-23,01:00:00,20.0,Correctiva,Falla mecánica - desgaste de componente,16324.0
PAR-004141,PC-EQ-02,2025-01-23,14:00:00,8.7,Preventiva,Mantenimiento programado (plan anual),7814.0
PAR-006864,PC-EQ-09,2027-10-10,04:00:00,2.3,Operativa,Corte de energía externo,1132.0
PAR-007088,PC-EQ-10,2026-02-06,02:00:00,20.0,Correctiva,Falla mecánica - desgaste de componente,22875.0
PAR-005312,PC-EQ-05,2025-06-11,07:00:00,8.6,Preventiva,Mantenimiento programado (plan anual),
PAR-004404,PC-EQ-02,2027-12-07,07:00:00,8.9,Preventiva,Mantenimiento programado (plan anual),17498.0
PAR-006306,PC-EQ-08,2024-11-06,09:00:00,1.3,Operativa,Espera de insumos (reactivos/bolas de molienda),752.0
PAR-007228,PC-EQ-10,2027-08-20,05:00:00,3.0,Operativa,Corte de energía externo,
PAR-004801,PC-EQ-04,2024-12-02,11:00:00,2.4,Operativa,Condiciones climáticas adversas,968.0
PAR-005129,PC-EQ-04,2027-10-09,00:00:00,7.3,Preventiva,Mantenimiento programado (plan anual),11959.0
PAR-006964,PC-EQ-10,2024-10-24,19:00:00,2.4,Operativa,Espera de insumos (reactivos/bolas de molienda),504.0
PAR-006506,PC-EQ-08,2026-12-13,15:00:00,1.7,Operativa,Falta de mineral en cancha,487.0
PAR-005300,PC-EQ-05,2025-04-21,13:00:00,1.4,Operativa,Condiciones climáticas adversas,625.0
PAR-005627,PC-EQ-06,2024-01-18,14:00:00,4.4,Preventiva,Mantenimiento programado (plan anual),5456.0
PAR-006986,PC-EQ-10,2025-01-29,09:00:00,3.4,Correctiva,Falla de lubricación,4791.0
PAR-007080,PC-EQ-10,2026-01-05,10:00:00,5.9,Preventiva,Mantenimiento programado (plan anual),12682.0
PAR-005408,PC-EQ-05,2026-03-10,03:00:00,20.0,Correctiva,Falla mecánica - desgaste de componente,29474.0
PAR-004013,PC-EQ-01,2027-08-16,14:00:00,3.0,Correctiva,Falla de lubricación,3084.0
PAR-005917,PC-EQ-06,2027-06-09,06:00:00,4.3,Preventiva,Mantenimiento programado (plan anual),6130.0
PAR-004590,PC-EQ-03,2026-06-01,11:00:00,1.3,Correctiva,Rotura de faja/correa,1544.0
PAR-005936,PC-EQ-06,2027-09-01,16:00:00,1.7,Operativa,Falta de mineral en cancha,792.0
PAR-006087,PC-EQ-07,2025-12-08,16:00:00,0.5,Correctiva,Falla mecánica - desgaste de componente,542.0
PAR-005840,PC-EQ-06,2026-07-20,13:00:00,1.1,Operativa,Condiciones climáticas adversas,385.0
PAR-006987,PC-EQ-10,2025-01-31,01:00:00,4.6,Preventiva,Mantenimiento programado (plan anual),8970.0
PAR-005454,PC-EQ-05,2026-07-10,19:00:00,2.6,Operativa,Indeterminado,1123.0
PAR-005554,PC-EQ-05,2027-05-22,03:00:00,20.0,Correctiva,Falla eléctrica - motor/tablero,27469.0
PAR-005439,PC-EQ-05,2026-05-22,04:00:00,2.9,Correctiva,Rotura de faja/correa,2713.0
PAR-005235,PC-EQ-05,2024-09-19,06:00:00,11.8,Correctiva,Falla de lubricación,19053.0
PAR-006719,PC-EQ-09,2025-11-15,08:00:00,2.6,Operativa,Condiciones climáticas adversas,726.0
PAR-005006,PC-EQ-04,2026-09-10,01:00:00,1.5,Operativa,Espera de insumos (reactivos/bolas de molienda),662.0
PAR-007256,PC-EQ-10,2027-12-02,08:00:00,8.6,Correctiva,Falla mecánica - desgaste de componente,11601.0
PAR-004464,PC-EQ-03,2024-10-29,02:00:00,8.0,Correctiva,Rotura de faja/correa,13172.0
PAR-005932,PC-EQ-06,2027-08-20,11:00:00,8.6,Correctiva,Rotura de faja/correa,7042.0
PAR-006003,PC-EQ-07,2024-09-16,13:00:00,8.4,Preventiva,Mantenimiento programado (plan anual),12762.0
PAR-004907,PC-EQ-04,2025-11-11,12:00:00,9.6,Correctiva,Falla eléctrica - motor/tablero,9314.0
PAR-005844,PC-EQ-06,2026-08-04,00:00:00,2.9,Correctiva,Falla eléctrica - motor/tablero,5831.0
PAR-004324,PC-EQ-02,2027-01-28,13:00:00,4.0,Preventiva,Mantenimiento programado (plan anual),5145.0
PAR-004344,PC-EQ-02,2027-04-01,14:00:00,2.2,Operativa,Falta de mineral en cancha,985.0
PAR-005214,PC-EQ-05,2024-07-19,07:00:00,4.9,Correctiva,Indeterminado,7125.0
PAR-004322,PC-EQ-02,2027-01-21,17:00:00,4.8,Correctiva,Rotura de faja/correa,
PAR-004334,PC-EQ-02,2027-03-09,03:00:00,4.7,Preventiva,Mantenimiento programado (plan anual),10179.0
PAR-004683,PC-EQ-03,2027-11-23,13:00:00,9.3,Correctiva,Rotura de faja/correa,16294.0
PAR-005463,PC-EQ-05,2026-08-01,12:00:00,5.1,Correctiva,Atoro de mineral / obstrucción,4866.0
PAR-007130,PC-EQ-10,2026-07-07,01:00:00,3.2,Correctiva,Atoro de mineral / obstrucción,6833.0
PAR-003966,PC-EQ-01,2027-03-18,16:00:00,5.3,Preventiva,Mantenimiento programado (plan anual),5095.0
PAR-005288,PC-EQ-05,2025-03-10,10:00:00,3.2,Correctiva,Atoro de mineral / obstrucción,6581.0
PAR-003870,PC-EQ-01,2026-03-04,17:00:00,5.2,Correctiva,Atoro de mineral / obstrucción,7572.0
PAR-005251,PC-EQ-05,2024-11-14,06:00:00,1.9,Correctiva,Rotura de faja/correa,3677.0
PAR-004117,PC-EQ-02,2024-10-11,15:00:00,6.4,Preventiva,Mantenimiento programado (plan anual),9049.0
PAR-003977,PC-EQ-01,2027-04-13,01:00:00,1.9,Operativa,Falta de mineral en cancha,429.0
PAR-004786,PC-EQ-04,2024-10-18,16:00:00,1.7,Operativa,Falta de mineral en cancha,428.0
PAR-004148,PC-EQ-02,2025-02-23,06:00:00,15.9,Correctiva,Indeterminado,33874.0
PAR-007172,PC-EQ-10,2026-12-17,15:00:00,4.5,Preventiva,Mantenimiento programado (plan anual),3999.0
PAR-004424,PC-EQ-03,2024-03-20,18:00:00,0.8,Correctiva,Atoro de mineral / obstrucción,672.0
PAR-006876,PC-EQ-09,2027-11-24,01:00:00,0.5,Operativa,Corte de energía externo,215.0
PAR-003892,PC-EQ-01,2026-05-19,18:00:00,1.7,Operativa,Corte de energía externo,
PAR-006149,PC-EQ-07,2026-11-22,11:00:00,2.6,Correctiva,Rotura de faja/correa,5234.0
PAR-004914,PC-EQ-04,2025-12-03,15:00:00,6.0,Correctiva,Falla mecánica - desgaste de componente,12605.0
PAR-003782,PC-EQ-01,2025-03-03,06:00:00,2.9,Operativa,Espera de insumos (reactivos/bolas de molienda),777.0
PAR-005455,PC-EQ-05,2026-07-11,05:00:00,5.1,Correctiva,Falla de lubricación,9704.0
PAR-006048,PC-EQ-07,2025-05-06,09:00:00,5.9,Correctiva,Atoro de mineral / obstrucción,8235.0
PAR-007121,PC-EQ-10,2026-06-03,07:00:00,8.3,Preventiva,Mantenimiento programado (plan anual),15412.0
PAR-005657,PC-EQ-06,2024-05-28,10:00:00,8.5,Correctiva,Falla eléctrica - motor/tablero,16124.0
PAR-005178,PC-EQ-05,2024-03-31,10:00:00,4.5,Correctiva,Falla eléctrica - motor/tablero,5567.0
PAR-004579,PC-EQ-03,2026-04-25,09:00:00,6.9,Preventiva,Mantenimiento programado (plan anual),8882.0
PAR-005342,PC-EQ-05,2025-09-05,22:00:00,0.8,Operativa,Condiciones climáticas adversas,279.0
PAR-003931,PC-EQ-01,2026-10-31,13:00:00,6.9,Correctiva,Falla mecánica - desgaste de componente,9973.0
PAR-004103,PC-EQ-02,2024-08-12,17:00:00,2.2,Operativa,Falta de mineral en cancha,
PAR-003687,PC-EQ-01,2024-01-27,00:00:00,4.0,Correctiva,Falla de lubricación,4113.0
PAR-004855,PC-EQ-04,2025-05-19,01:00:00,20.0,Correctiva,Falla de lubricación,39508.0
PAR-004386,PC-EQ-02,2027-09-28,07:00:00,6.1,Preventiva,Mantenimiento programado (plan anual),9430.0
PAR-006890,PC-EQ-10,2024-01-29,06:00:00,10.2,Correctiva,Falla de lubricación,16869.0
PAR-005119,PC-EQ-04,2027-08-28,06:00:00,6.4,Preventiva,Mantenimiento programado (plan anual),9621.0
PAR-003852,PC-EQ-01,2026-01-05,05:00:00,3.5,Correctiva,Falla eléctrica - motor/tablero,4388.0
PAR-004309,PC-EQ-02,2026-11-11,10:00:00,8.4,Correctiva,Rotura de faja/correa,17352.0
PAR-006710,PC-EQ-09,2025-10-18,09:00:00,5.0,Correctiva,Atoro de mineral / obstrucción,5253.0
PAR-007211,PC-EQ-10,2027-06-04,00:00:00,4.9,Preventiva,Mantenimiento programado (plan anual),4533.0
PAR-004788,PC-EQ-04,2024-10-23,16:00:00,3.4,Correctiva,Falla de lubricación,
PAR-005466,PC-EQ-05,2026-08-05,09:00:00,9.3,Correctiva,Falla eléctrica - motor/tablero,20302.0
PAR-003968,PC-EQ-01,2027-03-21,01:00:00,16.2,Correctiva,Atoro de mineral / obstrucción,16906.0
PAR-004957,PC-EQ-04,2026-04-20,01:00:00,5.2,Correctiva,Falla mecánica - desgaste de componente,10681.0
PAR-005978,PC-EQ-07,2024-04-11,05:00:00,1.4,Operativa,Falta de mineral en cancha,625.0
PAR-007005,PC-EQ-10,2025-03-31,03:00:00,5.2,Correctiva,Falla de lubricación,4354.0
PAR-004790,PC-EQ-04,2024-10-29,06:00:00,5.4,Preventiva,Mantenimiento programado (plan anual),8906.0
PAR-007188,PC-EQ-10,2027-02-25,04:00:00,15.2,Correctiva,Falla eléctrica - motor/tablero,27604.0
PAR-005330,PC-EQ-05,2025-08-02,17:00:00,2.9,Operativa,Espera de insumos (reactivos/bolas de molienda),1362.0
PAR-006678,PC-EQ-09,2025-04-29,13:00:00,2.9,Operativa,Corte de energía externo,1375.0
PAR-006234,PC-EQ-08,2024-01-05,07:00:00,3.3,Correctiva,Falla eléctrica - motor/tablero,5320.0
PAR-006921,PC-EQ-10,2024-05-15,02:00:00,9.4,Correctiva,Falla mecánica - desgaste de componente,12831.0
PAR-005400,PC-EQ-05,2026-02-23,06:00:00,5.3,Preventiva,Mantenimiento programado (plan anual),4421.0
PAR-006125,PC-EQ-07,2026-07-31,21:00:00,1.2,Operativa,Corte de energía externo,271.0
PAR-005399,PC-EQ-05,2026-02-22,02:00:00,14.7,Correctiva,Atoro de mineral / obstrucción,17721.0
PAR-005722,PC-EQ-06,2025-03-28,02:00:00,1.8,Operativa,Espera de insumos (reactivos/bolas de molienda),937.0
PAR-003902,PC-EQ-01,2026-07-04,13:00:00,1.8,Operativa,Corte de energía externo,675.0
PAR-004519,PC-EQ-03,2025-08-02,18:00:00,1.5,Correctiva,Falla mecánica - desgaste de componente,
PAR-005164,PC-EQ-05,2024-02-06,14:00:00,7.3,Preventiva,Mantenimiento programado (plan anual),12731.0
PAR-003690,PC-EQ-01,2024-02-19,14:00:00,8.8,Correctiva,Atoro de mineral / obstrucción,15327.0
PAR-004482,PC-EQ-03,2025-02-06,18:00:00,2.4,Operativa,Corte de energía externo,
PAR-005913,PC-EQ-06,2027-05-28,03:00:00,2.6,Operativa,Condiciones climáticas adversas,898.0
PAR-005471,PC-EQ-05,2026-08-20,00:00:00,16.0,Correctiva,Falla de lubricación,25951.0
PAR-007221,PC-EQ-10,2027-07-17,02:00:00,5.6,Preventiva,Mantenimiento programado (plan anual),4760.0
PAR-006145,PC-EQ-07,2026-11-05,18:00:00,0.8,Operativa,Condiciones climáticas adversas,475.0
PAR-006300,PC-EQ-08,2024-10-14,08:00:00,4.0,Correctiva,Falla de lubricación,7472.0
PAR-007053,PC-EQ-10,2025-09-12,08:00:00,0.9,Correctiva,Falla mecánica - desgaste de componente,1952.0
PAR-003824,PC-EQ-01,2025-09-30,09:00:00,8.3,Correctiva,Rotura de faja/correa,9984.0
PAR-007131,PC-EQ-10,2026-07-11,00:00:00,3.2,Correctiva,Falla de lubricación,5231.0
PAR-004882,PC-EQ-04,2025-08-13,01:00:00,20.0,Correctiva,Falla mecánica - desgaste de componente,20941.0
PAR-007235,PC-EQ-10,2027-09-18,04:00:00,2.6,Operativa,Espera de insumos (reactivos/bolas de molienda),1155.0
PAR-003914,PC-EQ-01,2026-08-17,04:00:00,5.3,Preventiva,Mantenimiento programado (plan anual),6285.0
PAR-004105,PC-EQ-02,2024-08-14,07:00:00,7.5,Preventiva,Mantenimiento programado (plan anual),10429.0
PAR-006569,PC-EQ-08,2027-09-14,14:00:00,6.9,Preventiva,Mantenimiento programado (plan anual),9571.0
PAR-004986,PC-EQ-04,2026-07-04,08:00:00,12.3,Correctiva,Atoro de mineral / obstrucción,16815.0
PAR-005476,PC-EQ-05,2026-09-18,07:00:00,5.8,Correctiva,Falla mecánica - desgaste de componente,10082.0
PAR-004628,PC-EQ-03,2027-01-04,16:00:00,4.8,Correctiva,Falla mecánica - desgaste de componente,4150.0
PAR-007055,PC-EQ-10,2025-09-21,08:00:00,5.8,Correctiva,Falla eléctrica - motor/tablero,9780.0
PAR-007173,PC-EQ-10,2027-01-02,08:00:00,13.7,Correctiva,Falla eléctrica - motor/tablero,23390.0
PAR-005458,PC-EQ-05,2026-07-17,17:00:00,0.9,Operativa,Corte de energía externo,527.0
PAR-005814,PC-EQ-06,2026-03-30,02:00:00,9.7,Correctiva,Atoro de mineral / obstrucción,14649.0
PAR-005218,PC-EQ-05,2024-07-27,03:00:00,20.0,Correctiva,Rotura de faja/correa,38584.0
PAR-004341,PC-EQ-02,2027-03-26,09:00:00,7.1,Correctiva,Rotura de faja/correa,14064.0
PAR-004884,PC-EQ-04,2025-08-19,00:00:00,12.2,Correctiva,Falla mecánica - desgaste de componente,20552.0
PAR-005464,PC-EQ-05,2026-08-02,15:00:00,6.9,Preventiva,Mantenimiento programado (plan anual),8404.0
PAR-006379,PC-EQ-08,2025-08-16,04:00:00,10.6,Correctiva,Atoro de mineral / obstrucción,23002.0
PAR-007143,PC-EQ-10,2026-08-27,09:00:00,1.8,Operativa,Falta de mineral en cancha,577.0
PAR-006224,PC-EQ-07,2027-11-22,07:00:00,1.3,Correctiva,Atoro de mineral / obstrucción,1443.0
PAR-006092,PC-EQ-07,2025-12-25,05:00:00,7.5,Preventiva,Mantenimiento programado (plan anual),12653.0
PAR-005448,PC-EQ-05,2026-06-19,17:00:00,1.4,Operativa,Corte de energía externo,419.0
PAR-004446,PC-EQ-03,2024-07-21,08:00:00,10.6,Correctiva,Atoro de mineral / obstrucción,15052.0
PAR-004216,PC-EQ-02,2025-12-14,09:00:00,8.1,Correctiva,Falla de lubricación,14952.0
PAR-003780,PC-EQ-01,2025-02-25,18:00:00,1.8,Correctiva,Rotura de faja/correa,1803.0
PAR-005265,PC-EQ-05,2024-12-18,00:00:00,20.0,Correctiva,Atoro de mineral / obstrucción,20642.0
PAR-003886,PC-EQ-01,2026-04-21,16:00:00,6.0,Preventiva,Mantenimiento programado (plan anual),10376.0
PAR-006672,PC-EQ-09,2025-04-02,15:00:00,5.6,Correctiva,Falla eléctrica - motor/tablero,5427.0
PAR-005081,PC-EQ-04,2027-05-11,09:00:00,7.1,Preventiva,Mantenimiento programado (plan anual),9987.0
PAR-003940,PC-EQ-01,2026-11-26,06:00:00,7.6,Correctiva,Falla eléctrica - motor/tablero,7422.0
PAR-006476,PC-EQ-08,2026-09-12,00:00:00,0.6,Operativa,Espera de insumos (reactivos/bolas de molienda),206.0
PAR-005138,PC-EQ-04,2027-10-24,02:00:00,10.2,Correctiva,Falla de lubricación,15839.0
PAR-007010,PC-EQ-10,2025-04-18,06:00:00,13.6,Correctiva,Rotura de faja/correa,29713.0
PAR-003903,PC-EQ-01,2026-07-06,13:00:00,5.5,Correctiva,Falla eléctrica - motor/tablero,11624.0
PAR-006883,PC-EQ-09,2027-12-16,02:00:00,4.7,Preventiva,Mantenimiento programado (plan anual),8425.0
PAR-005573,PC-EQ-05,2027-07-31,17:00:00,2.9,Operativa,Condiciones climáticas adversas,1654.0
PAR-003873,PC-EQ-01,2026-03-10,01:00:00,8.0,Preventiva,Mantenimiento programado (plan anual),11661.0
PAR-006512,PC-EQ-08,2027-01-10,13:00:00,1.3,Operativa,Espera de insumos (reactivos/bolas de molienda),481.0
PAR-004205,PC-EQ-02,2025-10-14,06:00:00,8.3,Correctiva,Rotura de faja/correa,13122.0
PAR-005807,PC-EQ-06,2026-03-06,03:00:00,0.6,Operativa,Falta de mineral en cancha,150.0
PAR-006948,PC-EQ-10,2024-08-25,15:00:00,3.7,Correctiva,Falla mecánica - desgaste de componente,4246.0
PAR-004293,PC-EQ-02,2026-09-19,16:00:00,0.9,Correctiva,Rotura de faja/correa,1825.0
PAR-006516,PC-EQ-08,2027-01-20,04:00:00,4.7,Correctiva,Atoro de mineral / obstrucción,
PAR-006341,PC-EQ-08,2025-03-23,02:00:00,8.1,Correctiva,Rotura de faja/correa,14020.0
PAR-006729,PC-EQ-09,2025-12-29,04:00:00,2.8,Operativa,Espera de insumos (reactivos/bolas de molienda),761.0
PAR-003796,PC-EQ-01,2025-05-15,02:00:00,6.7,Preventiva,Mantenimiento programado (plan anual),5868.0
PAR-007018,PC-EQ-10,2025-05-11,06:00:00,5.0,Correctiva,Falla mecánica - desgaste de componente,9766.0
PAR-005513,PC-EQ-05,2027-01-14,05:00:00,16.2,Correctiva,Falla de lubricación,34411.0
PAR-007197,PC-EQ-10,2027-04-12,11:00:00,0.5,Correctiva,Atoro de mineral / obstrucción,996.0
PAR-006325,PC-EQ-08,2025-01-15,08:00:00,12.4,Correctiva,Falla de lubricación,18864.0
PAR-004325,PC-EQ-02,2027-01-28,14:00:00,1.5,Operativa,Condiciones climáticas adversas,791.0
PAR-006081,PC-EQ-07,2025-11-23,11:00:00,4.7,Preventiva,Mantenimiento programado (plan anual),6166.0
PAR-003769,PC-EQ-01,2025-01-30,15:00:00,7.8,Correctiva,Rotura de faja/correa,9997.0
PAR-003961,PC-EQ-01,2027-03-06,01:00:00,2.9,Operativa,Condiciones climáticas adversas,805.0
PAR-006713,PC-EQ-09,2025-10-27,07:00:00,2.0,Operativa,Espera de insumos (reactivos/bolas de molienda),945.0
PAR-004647,PC-EQ-03,2027-05-11,04:00:00,0.8,Operativa,Corte de energía externo,215.0
PAR-007037,PC-EQ-10,2025-07-23,17:00:00,2.1,Correctiva,Atoro de mineral / obstrucción,2965.0
PAR-005576,PC-EQ-05,2027-08-07,06:00:00,4.5,Preventiva,Mantenimiento programado (plan anual),6431.0
PAR-006682,PC-EQ-09,2025-05-21,08:00:00,4.8,Correctiva,Atoro de mineral / obstrucción,4804.0
PAR-006060,PC-EQ-07,2025-07-13,10:00:00,5.9,Preventiva,Mantenimiento programado (plan anual),9758.0
PAR-006089,PC-EQ-07,2025-12-10,13:00:00,4.5,Correctiva,Rotura de faja/correa,3858.0
PAR-004598,PC-EQ-03,2026-07-24,10:00:00,6.7,Correctiva,Falla eléctrica - motor/tablero,13119.0
PAR-004821,PC-EQ-04,2025-01-15,19:00:00,1.7,Correctiva,Falla mecánica - desgaste de componente,2958.0
PAR-006107,PC-EQ-07,2026-03-30,20:00:00,0.8,Operativa,Corte de energía externo,428.0
PAR-003941,PC-EQ-01,2026-11-29,11:00:00,4.4,Preventiva,Mantenimiento programado (plan anual),6112.0
PAR-004269,PC-EQ-02,2026-06-07,07:00:00,4.6,Correctiva,Falla eléctrica - motor/tablero,3720.0
PAR-006653,PC-EQ-09,2024-12-18,08:00:00,11.9,Correctiva,Rotura de faja/correa,13608.0
PAR-003994,PC-EQ-01,2027-06-28,14:00:00,8.5,Preventiva,Mantenimiento programado (plan anual),14078.0
PAR-005895,PC-EQ-06,2027-03-02,02:00:00,5.7,Preventiva,Mantenimiento programado (plan anual),10347.0
PAR-006036,PC-EQ-07,2025-03-10,06:00:00,8.4,Preventiva,Mantenimiento programado (plan anual),15711.0
PAR-006155,PC-EQ-07,2027-01-07,06:00:00,8.4,Correctiva,Falla eléctrica - motor/tablero,12122.0
PAR-003916,PC-EQ-01,2026-08-26,04:00:00,2.8,Operativa,Corte de energía externo,566.0
PAR-006075,PC-EQ-07,2025-10-30,13:00:00,0.5,Correctiva,Rotura de faja/correa,906.0
PAR-007194,PC-EQ-10,2027-03-29,07:00:00,7.8,Correctiva,Rotura de faja/correa,12531.0
PAR-005509,PC-EQ-05,2026-12-30,10:00:00,5.0,Correctiva,Falla de lubricación,9906.0
PAR-005668,PC-EQ-06,2024-07-13,06:00:00,12.5,Correctiva,Atoro de mineral / obstrucción,10950.0
PAR-006933,PC-EQ-10,2024-07-10,10:00:00,7.9,Correctiva,Atoro de mineral / obstrucción,
PAR-005939,PC-EQ-06,2027-09-11,09:00:00,6.3,Preventiva,Mantenimiento programado (plan anual),5382.0
PAR-005951,PC-EQ-06,2027-11-01,06:00:00,9.7,Correctiva,Falla de lubricación,14436.0
PAR-005152,PC-EQ-04,2027-12-06,03:00:00,2.6,Operativa,Condiciones climáticas adversas,1000.0
PAR-007174,PC-EQ-10,2027-01-03,17:00:00,5.1,Preventiva,Mantenimiento programado (plan anual),
PAR-007089,PC-EQ-10,2026-02-07,03:00:00,20.0,Correctiva,Falla de lubricación,16086.0
PAR-004326,PC-EQ-02,2027-02-06,10:00:00,11.6,Correctiva,Atoro de mineral / obstrucción,24788.0
PAR-007114,PC-EQ-10,2026-05-08,10:00:00,2.9,Operativa,Corte de energía externo,1157.0
PAR-006314,PC-EQ-08,2024-12-06,07:00:00,0.5,Correctiva,Falla mecánica - desgaste de componente,570.0
PAR-005360,PC-EQ-05,2025-11-10,00:00:00,20.0,Correctiva,Rotura de faja/correa,21916.0
PAR-006200,PC-EQ-07,2027-07-19,14:00:00,2.6,Operativa,Corte de energía externo,814.0
PAR-005246,PC-EQ-05,2024-11-02,01:00:00,1.4,Operativa,Espera de insumos (reactivos/bolas de molienda),430.0
PAR-007039,PC-EQ-10,2025-08-06,19:00:00,0.7,Operativa,Falta de mineral en cancha,390.0
PAR-005543,PC-EQ-05,2027-04-28,13:00:00,8.9,Preventiva,Mantenimiento programado (plan anual),18187.0
PAR-005359,PC-EQ-05,2025-11-08,18:00:00,2.9,Operativa,Corte de energía externo,685.0
PAR-006879,PC-EQ-09,2027-12-08,12:00:00,2.7,Correctiva,Falla mecánica - desgaste de componente,3899.0
PAR-005618,PC-EQ-05,2027-12-18,18:00:00,3.1,Correctiva,Falla de lubricación,4385.0
PAR-004997,PC-EQ-04,2026-08-12,16:00:00,6.6,Preventiva,Mantenimiento programado (plan anual),10443.0
PAR-003829,PC-EQ-01,2025-10-29,18:00:00,1.0,Operativa,Falta de mineral en cancha,264.0
PAR-003740,PC-EQ-01,2024-09-28,15:00:00,2.0,Operativa,Espera de insumos (reactivos/bolas de molienda),638.0
PAR-007001,PC-EQ-10,2025-03-18,02:00:00,20.0,Correctiva,Falla mecánica - desgaste de componente,
PAR-005365,PC-EQ-05,2025-11-21,01:00:00,20.0,Correctiva,Falla mecánica - desgaste de componente,18826.0
PAR-006236,PC-EQ-08,2024-01-22,17:00:00,5.0,Preventiva,Mantenimiento programado (plan anual),8504.0
PAR-006787,PC-EQ-09,2026-09-07,09:00:00,1.5,Operativa,Falta de mineral en cancha,442.0
PAR-006429,PC-EQ-08,2026-03-03,16:00:00,2.8,Operativa,Condiciones climáticas adversas,763.0
PAR-007217,PC-EQ-10,2027-07-01,01:00:00,0.9,Operativa,Corte de energía externo,194.0
PAR-004186,PC-EQ-02,2025-08-08,10:00:00,1.2,Operativa,Falta de mineral en cancha,355.0
PAR-004310,PC-EQ-02,2026-11-22,06:00:00,11.4,Correctiva,Atoro de mineral / obstrucción,15985.0
PAR-005794,PC-EQ-06,2026-01-29,17:00:00,0.5,Correctiva,Rotura de faja/correa,643.0
PAR-004815,PC-EQ-04,2025-01-08,18:00:00,0.8,Operativa,Corte de energía externo,235.0
PAR-005954,PC-EQ-06,2027-11-18,17:00:00,2.8,Correctiva,Falla mecánica - desgaste de componente,5566.0
PAR-004818,PC-EQ-04,2025-01-14,13:00:00,7.3,Preventiva,Mantenimiento programado (plan anual),15596.0
PAR-005249,PC-EQ-05,2024-11-11,03:00:00,1.7,Operativa,Corte de energía externo,746.0
PAR-004421,PC-EQ-03,2024-02-18,01:00:00,5.2,Preventiva,Mantenimiento programado (plan anual),6164.0
PAR-005160,PC-EQ-05,2024-01-14,06:00:00,13.8,Correctiva,Atoro de mineral / obstrucción,21860.0
PAR-007259,PC-EQ-10,2027-12-18,16:00:00,6.9,Preventiva,Mantenimiento programado (plan anual),5605.0
PAR-006015,PC-EQ-07,2024-11-15,12:00:00,7.3,Preventiva,Mantenimiento programado (plan anual),8775.0
PAR-004526,PC-EQ-03,2025-09-08,15:00:00,8.0,Preventiva,Mantenimiento programado (plan anual),
PAR-007109,PC-EQ-10,2026-04-26,11:00:00,8.6,Preventiva,Indeterminado,6917.0
PAR-006233,PC-EQ-08,2024-01-04,14:00:00,7.1,Correctiva,Atoro de mineral / obstrucción,13118.0
PAR-006124,PC-EQ-07,2026-07-27,03:00:00,8.1,Preventiva,Mantenimiento programado (plan anual),14886.0
PAR-006930,PC-EQ-10,2024-06-20,05:00:00,5.9,Preventiva,Mantenimiento programado (plan anual),9728.0
PAR-006131,PC-EQ-07,2026-09-03,04:00:00,6.2,Preventiva,Indeterminado,9843.0
PAR-006585,PC-EQ-08,2027-11-06,04:00:00,1.8,Operativa,Condiciones climáticas adversas,373.0
PAR-006859,PC-EQ-09,2027-09-09,15:00:00,0.5,Correctiva,Falla de lubricación,871.0
PAR-006811,PC-EQ-09,2026-12-27,18:00:00,0.5,Correctiva,Atoro de mineral / obstrucción,437.0
PAR-004789,PC-EQ-04,2024-10-25,16:00:00,2.8,Operativa,Falta de mineral en cancha,1484.0
PAR-004733,PC-EQ-04,2024-05-10,00:00:00,11.0,Correctiva,Atoro de mineral / obstrucción,20066.0
PAR-005499,PC-EQ-05,2026-11-25,17:00:00,1.7,Operativa,Condiciones climáticas adversas,798.0
PAR-006836,PC-EQ-09,2027-05-26,05:00:00,0.9,Operativa,Corte de energía externo,
PAR-005233,PC-EQ-05,2024-09-18,06:00:00,4.4,Preventiva,Mantenimiento programado (plan anual),6650.0
PAR-004475,PC-EQ-03,2025-01-02,19:00:00,2.8,Operativa,Corte de energía externo,743.0
PAR-004031,PC-EQ-01,2027-11-03,11:00:00,1.3,Operativa,Corte de energía externo,425.0
PAR-006275,PC-EQ-08,2024-06-25,17:00:00,0.7,Operativa,Condiciones climáticas adversas,387.0
PAR-003953,PC-EQ-01,2027-01-18,15:00:00,2.9,Operativa,Corte de energía externo,792.0
PAR-004435,PC-EQ-03,2024-05-07,13:00:00,1.9,Operativa,Espera de insumos (reactivos/bolas de molienda),856.0
PAR-004711,PC-EQ-04,2024-03-15,15:00:00,5.7,Preventiva,Mantenimiento programado (plan anual),7658.0
PAR-006296,PC-EQ-08,2024-09-21,21:00:00,1.9,Operativa,Corte de energía externo,856.0
PAR-006648,PC-EQ-09,2024-11-20,13:00:00,2.0,Correctiva,Rotura de faja/correa,4131.0
PAR-006567,PC-EQ-08,2027-09-02,03:00:00,2.4,Correctiva,Falla mecánica - desgaste de componente,2972.0
PAR-005717,PC-EQ-06,2025-03-10,02:00:00,19.0,Correctiva,Indeterminado,15380.0
PAR-005835,PC-EQ-06,2026-06-29,03:00:00,14.4,Correctiva,Falla eléctrica - motor/tablero,28386.0
PAR-003701,PC-EQ-01,2024-04-12,08:00:00,5.8,Preventiva,Mantenimiento programado (plan anual),9855.0
PAR-006754,PC-EQ-09,2026-04-16,06:00:00,7.8,Preventiva,Mantenimiento programado (plan anual),16840.0
PAR-005127,PC-EQ-04,2027-09-20,13:00:00,4.6,Preventiva,Mantenimiento programado (plan anual),3781.0
PAR-005864,PC-EQ-06,2026-11-12,11:00:00,3.5,Correctiva,Falla mecánica - desgaste de componente,4480.0
PAR-005035,PC-EQ-04,2026-11-13,00:00:00,20.0,Correctiva,Indeterminado,24463.0
PAR-007216,PC-EQ-10,2027-06-29,16:00:00,1.5,Correctiva,Atoro de mineral / obstrucción,3116.0
PAR-006657,PC-EQ-09,2025-01-09,20:00:00,1.4,Operativa,Espera de insumos (reactivos/bolas de molienda),408.0
PAR-005727,PC-EQ-06,2025-04-13,19:00:00,2.8,Operativa,Espera de insumos (reactivos/bolas de molienda),1263.0
PAR-005459,PC-EQ-05,2026-07-19,10:00:00,2.8,Correctiva,Rotura de faja/correa,6137.0
PAR-007031,PC-EQ-10,2025-07-02,01:00:00,1.3,Correctiva,Falla eléctrica - motor/tablero,2605.0
PAR-005166,PC-EQ-05,2024-02-07,00:00:00,20.0,Correctiva,Atoro de mineral / obstrucción,25564.0
PAR-003712,PC-EQ-01,2024-06-06,13:00:00,5.7,Preventiva,Mantenimiento programado (plan anual),6472.0
PAR-006651,PC-EQ-09,2024-12-02,18:00:00,0.5,Correctiva,Falla de lubricación,951.0
PAR-005432,PC-EQ-05,2026-05-01,10:00:00,2.0,Correctiva,Falla mecánica - desgaste de componente,3389.0
PAR-006239,PC-EQ-08,2024-01-28,04:00:00,18.3,Correctiva,Indeterminado,27324.0
PAR-006533,PC-EQ-08,2027-03-27,02:00:00,20.0,Correctiva,Falla de lubricación,22539.0
PAR-006586,PC-EQ-08,2027-11-07,05:00:00,11.1,Correctiva,Falla mecánica - desgaste de componente,9411.0
PAR-005642,PC-EQ-06,2024-03-22,13:00:00,8.6,Correctiva,Rotura de faja/correa,7396.0
PAR-006311,PC-EQ-08,2024-11-21,01:00:00,20.0,Correctiva,Rotura de faja/correa,24623.0
PAR-004022,PC-EQ-01,2027-09-13,10:00:00,4.0,Correctiva,Falla eléctrica - motor/tablero,3223.0
PAR-005345,PC-EQ-05,2025-09-15,06:00:00,13.9,Correctiva,Indeterminado,25006.0
PAR-004816,PC-EQ-04,2025-01-11,03:00:00,18.5,Correctiva,Atoro de mineral / obstrucción,19563.0
PAR-007200,PC-EQ-10,2027-04-20,17:00:00,5.4,Preventiva,Mantenimiento programado (plan anual),6925.0
PAR-005946,PC-EQ-06,2027-10-09,07:00:00,1.1,Operativa,Corte de energía externo,577.0
PAR-005960,PC-EQ-06,2027-12-05,00:00:00,3.0,Correctiva,Falla de lubricación,2575.0
PAR-003777,PC-EQ-01,2025-02-23,06:00:00,1.4,Operativa,Condiciones climáticas adversas,686.0
PAR-005031,PC-EQ-04,2026-11-07,21:00:00,0.7,Operativa,Condiciones climáticas adversas,391.0
PAR-005776,PC-EQ-06,2025-10-29,07:00:00,10.8,Correctiva,Atoro de mineral / obstrucción,19161.0
PAR-004036,PC-EQ-01,2027-11-24,02:00:00,8.2,Preventiva,Mantenimiento programado (plan anual),15667.0
PAR-007083,PC-EQ-10,2026-01-25,02:00:00,6.9,Preventiva,Mantenimiento programado (plan anual),6233.0
PAR-006135,PC-EQ-07,2026-09-20,04:00:00,2.8,Operativa,Condiciones climáticas adversas,1186.0
PAR-006976,PC-EQ-10,2024-12-09,06:00:00,8.2,Preventiva,Mantenimiento programado (plan anual),6647.0
PAR-004319,PC-EQ-02,2027-01-13,12:00:00,5.5,Preventiva,Mantenimiento programado (plan anual),4434.0
PAR-004447,PC-EQ-03,2024-07-23,05:00:00,0.7,Correctiva,Falla mecánica - desgaste de componente,1157.0
PAR-004368,PC-EQ-02,2027-07-15,17:00:00,2.7,Operativa,Condiciones climáticas adversas,1414.0
PAR-006728,PC-EQ-09,2025-12-27,02:00:00,3.9,Correctiva,Falla mecánica - desgaste de componente,3911.0
PAR-007056,PC-EQ-10,2025-09-25,15:00:00,1.5,Operativa,Condiciones climáticas adversas,481.0
PAR-005772,PC-EQ-06,2025-10-19,01:00:00,0.9,Correctiva,Falla de lubricación,1203.0
PAR-006487,PC-EQ-08,2026-10-11,03:00:00,17.2,Correctiva,Falla mecánica - desgaste de componente,15141.0
PAR-004927,PC-EQ-04,2026-01-05,14:00:00,8.9,Preventiva,Mantenimiento programado (plan anual),13125.0
PAR-005970,PC-EQ-07,2024-02-14,16:00:00,4.1,Preventiva,Mantenimiento programado (plan anual),8390.0
PAR-004772,PC-EQ-04,2024-08-29,12:00:00,2.8,Operativa,Espera de insumos (reactivos/bolas de molienda),1539.0
PAR-004791,PC-EQ-04,2024-10-29,12:00:00,5.3,Correctiva,Falla de lubricación,9214.0
PAR-006250,PC-EQ-08,2024-03-12,11:00:00,1.5,Operativa,Corte de energía externo,372.0
PAR-006169,PC-EQ-07,2027-02-19,05:00:00,1.2,Correctiva,Falla de lubricación,2308.0
PAR-003703,PC-EQ-01,2024-04-28,20:00:00,3.0,Operativa,Espera de insumos (reactivos/bolas de molienda),839.0
PAR-006603,PC-EQ-09,2024-01-21,00:00:00,7.0,Preventiva,Mantenimiento programado (plan anual),9335.0
PAR-006377,PC-EQ-08,2025-08-06,02:00:00,3.1,Correctiva,Falla eléctrica - motor/tablero,3966.0
PAR-005079,PC-EQ-04,2027-05-08,06:00:00,6.3,Correctiva,Falla mecánica - desgaste de componente,
PAR-005507,PC-EQ-05,2026-12-21,00:00:00,11.8,Correctiva,Atoro de mineral / obstrucción,21318.0
PAR-006278,PC-EQ-08,2024-07-03,07:00:00,3.0,Correctiva,Indeterminado,4888.0
PAR-007059,PC-EQ-10,2025-10-02,01:00:00,4.6,Preventiva,Mantenimiento programado (plan anual),10001.0
PAR-006998,PC-EQ-10,2025-03-10,02:00:00,12.4,Correctiva,Rotura de faja/correa,26828.0
PAR-004428,PC-EQ-03,2024-03-27,04:00:00,1.4,Operativa,Indeterminado,725.0
PAR-005111,PC-EQ-04,2027-08-02,16:00:00,0.5,Correctiva,Atoro de mineral / obstrucción,955.0
PAR-006857,PC-EQ-09,2027-09-04,12:00:00,3.7,Correctiva,Atoro de mineral / obstrucción,6838.0
PAR-003978,PC-EQ-01,2027-04-17,03:00:00,11.5,Correctiva,Falla de lubricación,12593.0
PAR-006902,PC-EQ-10,2024-03-14,04:00:00,7.5,Preventiva,Mantenimiento programado (plan anual),9621.0
PAR-004238,PC-EQ-02,2026-02-09,13:00:00,6.8,Correctiva,Rotura de faja/correa,12355.0
PAR-005285,PC-EQ-05,2025-02-27,06:00:00,5.9,Correctiva,Atoro de mineral / obstrucción,4852.0
PAR-005208,PC-EQ-05,2024-06-30,15:00:00,6.5,Correctiva,Atoro de mineral / obstrucción,11840.0
PAR-007166,PC-EQ-10,2026-11-24,00:00:00,8.1,Preventiva,Indeterminado,10585.0
PAR-005303,PC-EQ-05,2025-04-25,17:00:00,5.9,Correctiva,Falla de lubricación,4878.0
PAR-003814,PC-EQ-01,2025-08-19,11:00:00,2.6,Operativa,Falta de mineral en cancha,1485.0
PAR-004089,PC-EQ-02,2024-06-23,11:00:00,2.6,Correctiva,Atoro de mineral / obstrucción,4082.0
PAR-006887,PC-EQ-10,2024-01-13,08:00:00,0.5,Correctiva,Atoro de mineral / obstrucción,532.0
PAR-004970,PC-EQ-04,2026-05-26,09:00:00,0.5,Operativa,Corte de energía externo,129.0
PAR-006907,PC-EQ-10,2024-03-30,16:00:00,2.4,Correctiva,Atoro de mineral / obstrucción,2607.0
PAR-005819,PC-EQ-06,2026-04-22,03:00:00,9.2,Correctiva,Falla mecánica - desgaste de componente,12328.0
PAR-004705,PC-EQ-04,2024-02-27,11:00:00,6.6,Preventiva,Indeterminado,9222.0
PAR-007060,PC-EQ-10,2025-10-04,00:00:00,2.5,Operativa,Espera de insumos (reactivos/bolas de molienda),1276.0
PAR-005646,PC-EQ-06,2024-04-20,05:00:00,0.9,Operativa,Espera de insumos (reactivos/bolas de molienda),333.0
PAR-005992,PC-EQ-07,2024-07-28,07:00:00,7.3,Preventiva,Mantenimiento programado (plan anual),7789.0
PAR-004766,PC-EQ-04,2024-08-17,06:00:00,8.3,Preventiva,Mantenimiento programado (plan anual),12027.0
PAR-006119,PC-EQ-07,2026-06-22,01:00:00,7.1,Preventiva,Mantenimiento programado (plan anual),6543.0
PAR-007207,PC-EQ-10,2027-05-16,04:00:00,2.1,Correctiva,Indeterminado,4025.0
PAR-004084,PC-EQ-02,2024-06-04,03:00:00,7.8,Correctiva,Falla eléctrica - motor/tablero,14246.0
PAR-006021,PC-EQ-07,2024-12-24,03:00:00,8.9,Preventiva,Mantenimiento programado (plan anual),13612.0
PAR-007151,PC-EQ-10,2026-09-30,03:00:00,3.1,Correctiva,Falla eléctrica - motor/tablero,6712.0
PAR-004214,PC-EQ-02,2025-11-27,12:00:00,4.2,Preventiva,Mantenimiento programado (plan anual),3583.0
PAR-005481,PC-EQ-05,2026-10-03,16:00:00,6.6,Correctiva,Falla eléctrica - motor/tablero,5750.0
PAR-005185,PC-EQ-05,2024-04-22,00:00:00,20.0,Correctiva,Falla de lubricación,38910.0
PAR-004698,PC-EQ-04,2024-02-02,06:00:00,9.0,Correctiva,Rotura de faja/correa,9267.0
PAR-004848,PC-EQ-04,2025-04-21,07:00:00,6.1,Correctiva,Falla mecánica - desgaste de componente,13238.0
PAR-004982,PC-EQ-04,2026-06-28,09:00:00,7.3,Correctiva,Falla de lubricación,10574.0
PAR-006082,PC-EQ-07,2025-11-24,08:00:00,0.5,Correctiva,Falla eléctrica - motor/tablero,897.0
PAR-004843,PC-EQ-04,2025-04-02,02:00:00,19.2,Correctiva,Atoro de mineral / obstrucción,24583.0
PAR-005921,PC-EQ-06,2027-07-08,21:00:00,1.7,Correctiva,Falla eléctrica - motor/tablero,1963.0
PAR-006205,PC-EQ-07,2027-08-17,01:00:00,16.1,Correctiva,Falla mecánica - desgaste de componente,19811.0
PAR-004806,PC-EQ-04,2024-12-14,00:00:00,20.0,Correctiva,Falla eléctrica - motor/tablero,18940.0
PAR-004306,PC-EQ-02,2026-10-31,01:00:00,20.0,Correctiva,Rotura de faja/correa,37949.0
PAR-006618,PC-EQ-09,2024-05-28,04:00:00,3.6,Correctiva,Atoro de mineral / obstrucción,6425.0
PAR-003877,PC-EQ-01,2026-03-24,15:00:00,1.3,Operativa,Indeterminado,564.0
PAR-007126,PC-EQ-10,2026-06-22,00:00:00,15.9,Correctiva,Atoro de mineral / obstrucción,19775.0
PAR-003848,PC-EQ-01,2025-12-23,09:00:00,3.8,Correctiva,Atoro de mineral / obstrucción,5644.0
PAR-004184,PC-EQ-02,2025-07-31,04:00:00,3.7,Correctiva,Atoro de mineral / obstrucción,3994.0
PAR-004018,PC-EQ-01,2027-09-01,15:00:00,7.9,Correctiva,Falla de lubricación,12152.0
PAR-004140,PC-EQ-02,2025-01-22,12:00:00,1.8,Operativa,Espera de insumos (reactivos/bolas de molienda),406.0
PAR-006606,PC-EQ-09,2024-03-02,01:00:00,6.5,Preventiva,Mantenimiento programado (plan anual),10858.0
PAR-003921,PC-EQ-01,2026-09-24,07:00:00,2.1,Correctiva,Falla mecánica - desgaste de componente,4464.0
PAR-005392,PC-EQ-05,2026-02-03,03:00:00,9.2,Correctiva,Falla de lubricación,11828.0
PAR-006063,PC-EQ-07,2025-08-20,03:00:00,5.2,Preventiva,Mantenimiento programado (plan anual),6941.0
PAR-003776,PC-EQ-01,2025-02-22,04:00:00,18.3,Correctiva,Falla mecánica - desgaste de componente,26938.0
PAR-004715,PC-EQ-04,2024-03-31,02:00:00,1.9,Operativa,Espera de insumos (reactivos/bolas de molienda),977.0
PAR-004540,PC-EQ-03,2025-11-12,13:00:00,2.9,Operativa,Falta de mineral en cancha,1553.0
PAR-004512,PC-EQ-03,2025-07-03,16:00:00,6.0,Correctiva,Falla mecánica - desgaste de componente,7651.0
PAR-006165,PC-EQ-07,2027-02-09,04:00:00,8.0,Preventiva,Mantenimiento programado (plan anual),10629.0
PAR-006134,PC-EQ-07,2026-09-13,11:00:00,1.9,Operativa,Espera de insumos (reactivos/bolas de molienda),855.0
PAR-004521,PC-EQ-03,2025-08-14,05:00:00,0.5,Correctiva,Atoro de mineral / obstrucción,981.0
PAR-003922,PC-EQ-01,2026-09-26,19:00:00,0.9,Operativa,Condiciones climáticas adversas,289.0
PAR-004373,PC-EQ-02,2027-08-08,09:00:00,2.1,Correctiva,Rotura de faja/correa,1973.0
PAR-004779,PC-EQ-04,2024-09-20,06:00:00,16.2,Correctiva,Falla mecánica - desgaste de componente,27829.0
PAR-005364,PC-EQ-05,2025-11-17,07:00:00,1.1,Operativa,Corte de energía externo,642.0
PAR-006873,PC-EQ-09,2027-11-20,15:00:00,2.3,Operativa,Falta de mineral en cancha,1154.0
PAR-005875,PC-EQ-06,2026-12-23,03:00:00,2.8,Correctiva,Rotura de faja/correa,2584.0
PAR-004809,PC-EQ-04,2024-12-23,00:00:00,0.5,Operativa,Falta de mineral en cancha,257.0
PAR-006589,PC-EQ-08,2027-11-12,10:00:00,5.2,Correctiva,Atoro de mineral / obstrucción,9278.0
PAR-005460,PC-EQ-05,2026-07-24,19:00:00,2.2,Operativa,Corte de energía externo,841.0
PAR-004660,PC-EQ-03,2027-07-26,06:00:00,6.7,Preventiva,Mantenimiento programado (plan anual),13078.0
PAR-006026,PC-EQ-07,2025-01-19,11:00:00,0.9,Correctiva,Rotura de faja/correa,1295.0
PAR-004952,PC-EQ-04,2026-04-05,21:00:00,0.7,Operativa,Falta de mineral en cancha,357.0
PAR-005479,PC-EQ-05,2026-09-27,04:00:00,5.0,Correctiva,Falla eléctrica - motor/tablero,5827.0
PAR-005659,PC-EQ-06,2024-06-01,11:00:00,3.2,Correctiva,Rotura de faja/correa,5823.0
PAR-005549,PC-EQ-05,2027-05-13,15:00:00,7.6,Preventiva,Mantenimiento programado (plan anual),15448.0
PAR-004256,PC-EQ-02,2026-04-22,01:00:00,2.3,Operativa,Espera de insumos (reactivos/bolas de molienda),545.0
PAR-004189,PC-EQ-02,2025-08-13,10:00:00,1.7,Operativa,Corte de energía externo,775.0
PAR-005451,PC-EQ-05,2026-06-23,00:00:00,8.6,Preventiva,Mantenimiento programado (plan anual),12450.0
PAR-005815,PC-EQ-06,2026-04-07,03:00:00,2.0,Operativa,Corte de energía externo,562.0
PAR-006793,PC-EQ-09,2026-10-01,08:00:00,2.9,Correctiva,Atoro de mineral / obstrucción,4375.0
PAR-005540,PC-EQ-05,2027-04-24,02:00:00,9.5,Correctiva,Falla de lubricación,12402.0
PAR-004538,PC-EQ-03,2025-11-11,15:00:00,6.2,Preventiva,Mantenimiento programado (plan anual),8637.0
PAR-005272,PC-EQ-05,2025-01-16,09:00:00,2.6,Operativa,Falta de mineral en cancha,713.0
PAR-004529,PC-EQ-03,2025-10-04,11:00:00,1.6,Operativa,Espera de insumos (reactivos/bolas de molienda),517.0
PAR-005715,PC-EQ-06,2025-03-01,12:00:00,6.6,Correctiva,Falla mecánica - desgaste de componente,7152.0
PAR-003853,PC-EQ-01,2026-01-14,19:00:00,0.8,Operativa,Corte de energía externo,288.0
PAR-005450,PC-EQ-05,2026-06-21,22:00:00,1.0,Correctiva,Falla eléctrica - motor/tablero,1622.0
PAR-007241,PC-EQ-10,2027-10-17,09:00:00,6.5,Preventiva,Mantenimiento programado (plan anual),10152.0
PAR-004632,PC-EQ-03,2027-02-02,10:00:00,7.9,Preventiva,Mantenimiento programado (plan anual),13561.0
PAR-005650,PC-EQ-06,2024-04-28,04:00:00,5.3,Preventiva,Mantenimiento programado (plan anual),7594.0
PAR-005012,PC-EQ-04,2026-09-23,14:00:00,0.9,Operativa,Corte de energía externo,285.0
PAR-005982,PC-EQ-07,2024-04-24,15:00:00,7.0,Preventiva,Mantenimiento programado (plan anual),6360.0
PAR-006497,PC-EQ-08,2026-11-13,12:00:00,1.9,Operativa,Falta de mineral en cancha,790.0
PAR-003973,PC-EQ-01,2027-04-05,04:00:00,8.0,Preventiva,Mantenimiento programado (plan anual),8074.0
PAR-006151,PC-EQ-07,2026-12-20,04:00:00,9.0,Preventiva,Mantenimiento programado (plan anual),15387.0
PAR-007153,PC-EQ-10,2026-10-04,20:00:00,1.9,Correctiva,Atoro de mineral / obstrucción,2783.0
PAR-005161,PC-EQ-05,2024-01-15,15:00:00,8.0,Preventiva,Mantenimiento programado (plan anual),9547.0
PAR-003935,PC-EQ-01,2026-11-08,01:00:00,7.3,Preventiva,Indeterminado,15812.0
PAR-005060,PC-EQ-04,2027-03-04,03:00:00,20.0,Correctiva,Falla de lubricación,35231.0
PAR-004661,PC-EQ-03,2027-08-01,07:00:00,2.0,Operativa,Falta de mineral en cancha,1144.0
PAR-006559,PC-EQ-08,2027-07-31,00:00:00,0.8,Operativa,Condiciones climáticas adversas,305.0
PAR-004925,PC-EQ-04,2025-12-30,14:00:00,4.8,Correctiva,Falla eléctrica - motor/tablero,5860.0
PAR-006819,PC-EQ-09,2027-02-14,13:00:00,6.1,Correctiva,Falla de lubricación,13019.0
PAR-005258,PC-EQ-05,2024-12-09,00:00:00,8.4,Correctiva,Falla mecánica - desgaste de componente,11284.0
PAR-006837,PC-EQ-09,2027-05-27,19:00:00,2.9,Correctiva,Atoro de mineral / obstrucción,5556.0
PAR-007061,PC-EQ-10,2025-10-11,08:00:00,0.5,Correctiva,Atoro de mineral / obstrucción,1066.0
PAR-003868,PC-EQ-01,2026-02-26,02:00:00,2.9,Operativa,Espera de insumos (reactivos/bolas de molienda),1210.0
PAR-007261,PC-EQ-10,2027-12-25,03:00:00,4.2,Correctiva,Atoro de mineral / obstrucción,5864.0
PAR-007215,PC-EQ-10,2027-06-26,12:00:00,8.3,Preventiva,Mantenimiento programado (plan anual),16903.0
PAR-006839,PC-EQ-09,2027-06-03,20:00:00,2.3,Correctiva,Falla mecánica - desgaste de componente,2476.0
PAR-004556,PC-EQ-03,2026-01-06,12:00:00,1.8,Operativa,Condiciones climáticas adversas,542.0
PAR-003715,PC-EQ-01,2024-06-21,10:00:00,5.6,Preventiva,Mantenimiento programado (plan anual),9959.0
PAR-006160,PC-EQ-07,2027-01-20,10:00:00,8.6,Preventiva,Mantenimiento programado (plan anual),14547.0
PAR-004697,PC-EQ-04,2024-01-28,07:00:00,6.1,Preventiva,Mantenimiento programado (plan anual),9382.0
PAR-004004,PC-EQ-01,2027-07-29,14:00:00,2.6,Operativa,Falta de mineral en cancha,817.0
PAR-004284,PC-EQ-02,2026-08-23,13:00:00,4.0,Preventiva,Mantenimiento programado (plan anual),3934.0
PAR-006613,PC-EQ-09,2024-05-04,21:00:00,0.6,Correctiva,Falla eléctrica - motor/tablero,1085.0
PAR-005279,PC-EQ-05,2025-02-06,16:00:00,1.8,Operativa,Condiciones climáticas adversas,696.0
PAR-005446,PC-EQ-05,2026-06-11,03:00:00,20.0,Correctiva,Rotura de faja/correa,19655.0
PAR-004866,PC-EQ-04,2025-06-25,00:00:00,2.7,Operativa,Corte de energía externo,1010.0
PAR-006383,PC-EQ-08,2025-08-23,04:00:00,1.8,Operativa,Condiciones climáticas adversas,691.0
PAR-006880,PC-EQ-09,2027-12-10,05:00:00,7.6,Correctiva,Rotura de faja/correa,11746.0
PAR-005711,PC-EQ-06,2025-02-22,13:00:00,5.4,Preventiva,Mantenimiento programado (plan anual),4755.0
PAR-006246,PC-EQ-08,2024-02-26,01:00:00,1.3,Operativa,Condiciones climáticas adversas,483.0
PAR-006070,PC-EQ-07,2025-09-23,04:00:00,6.9,Preventiva,Mantenimiento programado (plan anual),6372.0
PAR-007123,PC-EQ-10,2026-06-06,03:00:00,20.0,Correctiva,Indeterminado,32649.0
PAR-006286,PC-EQ-08,2024-07-25,07:00:00,5.3,Preventiva,Mantenimiento programado (plan anual),4345.0
PAR-005268,PC-EQ-05,2024-12-22,09:00:00,1.3,Correctiva,Falla de lubricación,1370.0
PAR-005603,PC-EQ-05,2027-11-06,01:00:00,19.5,Correctiva,Falla de lubricación,34865.0
PAR-004392,PC-EQ-02,2027-10-17,07:00:00,0.7,Operativa,Condiciones climáticas adversas,348.0
PAR-005891,PC-EQ-06,2027-02-08,17:00:00,1.4,Operativa,Condiciones climáticas adversas,612.0
PAR-006984,PC-EQ-10,2025-01-17,04:00:00,0.5,Correctiva,Indeterminado,886.0
PAR-007149,PC-EQ-10,2026-09-22,18:00:00,2.5,Correctiva,Rotura de faja/correa,3192.0
PAR-006751,PC-EQ-09,2026-04-01,09:00:00,2.6,Correctiva,Falla de lubricación,2912.0
PAR-005873,PC-EQ-06,2026-12-20,03:00:00,6.6,Correctiva,Rotura de faja/correa,9880.0
PAR-004839,PC-EQ-04,2025-03-23,07:00:00,0.5,Correctiva,Falla mecánica - desgaste de componente,444.0
PAR-005581,PC-EQ-05,2027-08-28,11:00:00,2.3,Operativa,Corte de energía externo,838.0
PAR-004338,PC-EQ-02,2027-03-16,00:00:00,0.5,Correctiva,Falla de lubricación,839.0
PAR-005347,PC-EQ-05,2025-09-21,04:00:00,4.6,Correctiva,Atoro de mineral / obstrucción,6413.0
PAR-004493,PC-EQ-03,2025-04-03,04:00:00,2.4,Correctiva,Falla mecánica - desgaste de componente,4493.0
PAR-004896,PC-EQ-04,2025-09-29,13:00:00,1.7,Correctiva,Rotura de faja/correa,2879.0
PAR-006761,PC-EQ-09,2026-05-16,10:00:00,2.8,Operativa,Corte de energía externo,1656.0
PAR-004045,PC-EQ-02,2024-01-13,06:00:00,9.9,Correctiva,Rotura de faja/correa,15173.0
PAR-006478,PC-EQ-08,2026-09-21,10:00:00,4.7,Correctiva,Falla eléctrica - motor/tablero,8729.0
PAR-004298,PC-EQ-02,2026-10-03,05:00:00,3.0,Correctiva,Falla de lubricación,5908.0
PAR-003982,PC-EQ-01,2027-05-11,08:00:00,1.5,Operativa,Falta de mineral en cancha,356.0
PAR-006956,PC-EQ-10,2024-09-21,02:00:00,14.8,Correctiva,Indeterminado,27018.0
PAR-005957,PC-EQ-06,2027-11-23,11:00:00,8.7,Preventiva,Mantenimiento programado (plan anual),16511.0
PAR-006380,PC-EQ-08,2025-08-21,08:00:00,1.6,Operativa,Corte de energía externo,876.0
PAR-003708,PC-EQ-01,2024-05-25,15:00:00,6.3,Correctiva,Rotura de faja/correa,5742.0
PAR-006796,PC-EQ-09,2026-10-15,06:00:00,11.2,Correctiva,Falla mecánica - desgaste de componente,15355.0
PAR-007100,PC-EQ-10,2026-03-19,14:00:00,4.3,Preventiva,Mantenimiento programado (plan anual),7141.0
PAR-004327,PC-EQ-02,2027-02-09,14:00:00,0.7,Operativa,Indeterminado,344.0
PAR-005958,PC-EQ-06,2027-11-26,13:00:00,1.1,Operativa,Condiciones climáticas adversas,532.0
PAR-004385,PC-EQ-02,2027-09-23,01:00:00,8.0,Correctiva,Atoro de mineral / obstrucción,10388.0
PAR-005322,PC-EQ-05,2025-07-06,11:00:00,10.5,Correctiva,Falla mecánica - desgaste de componente,18636.0
PAR-006942,PC-EQ-10,2024-08-10,15:00:00,7.2,Correctiva,Atoro de mineral / obstrucción,11306.0
PAR-003825,PC-EQ-01,2025-10-11,00:00:00,4.4,Preventiva,Mantenimiento programado (plan anual),5053.0
PAR-006578,PC-EQ-08,2027-10-21,16:00:00,6.9,Preventiva,Mantenimiento programado (plan anual),7743.0
PAR-006183,PC-EQ-07,2027-04-21,14:00:00,6.0,Preventiva,Mantenimiento programado (plan anual),11046.0
PAR-004689,PC-EQ-03,2027-12-17,09:00:00,8.9,Preventiva,Mantenimiento programado (plan anual),7286.0
PAR-005586,PC-EQ-05,2027-09-11,13:00:00,7.3,Preventiva,Mantenimiento programado (plan anual),14398.0
PAR-003843,PC-EQ-01,2025-12-12,16:00:00,3.4,Correctiva,Rotura de faja/correa,6749.0
PAR-005007,PC-EQ-04,2026-09-12,09:00:00,4.1,Correctiva,Indeterminado,4358.0
PAR-006146,PC-EQ-07,2026-11-08,10:00:00,1.7,Operativa,Corte de energía externo,516.0
PAR-005238,PC-EQ-05,2024-09-26,03:00:00,20.0,Correctiva,Falla mecánica - desgaste de componente,29058.0
PAR-004461,PC-EQ-03,2024-09-29,07:00:00,6.8,Preventiva,Mantenimiento programado (plan anual),8685.0
PAR-006784,PC-EQ-09,2026-08-27,10:00:00,4.4,Correctiva,Falla eléctrica - motor/tablero,7944.0
PAR-006121,PC-EQ-07,2026-07-07,13:00:00,1.1,Operativa,Corte de energía externo,362.0
PAR-007203,PC-EQ-10,2027-04-28,21:00:00,1.1,Operativa,Corte de energía externo,611.0
PAR-005623,PC-EQ-06,2024-01-04,21:00:00,0.5,Correctiva,Falla mecánica - desgaste de componente,502.0
PAR-004343,PC-EQ-02,2027-03-31,10:00:00,6.7,Preventiva,Mantenimiento programado (plan anual),12190.0
PAR-006227,PC-EQ-07,2027-12-11,05:00:00,17.0,Correctiva,Rotura de faja/correa,23075.0
PAR-004666,PC-EQ-03,2027-08-26,18:00:00,0.6,Operativa,Falta de mineral en cancha,312.0
PAR-006303,PC-EQ-08,2024-10-27,02:00:00,20.0,Correctiva,Atoro de mineral / obstrucción,17854.0
PAR-004474,PC-EQ-03,2024-12-23,08:00:00,6.9,Preventiva,Mantenimiento programado (plan anual),12999.0
PAR-007048,PC-EQ-10,2025-09-01,00:00:00,1.2,Correctiva,Falla de lubricación,2219.0
PAR-006011,PC-EQ-07,2024-10-19,17:00:00,3.0,Correctiva,Falla eléctrica - motor/tablero,2509.0
PAR-005889,PC-EQ-06,2027-01-29,14:00:00,1.1,Operativa,Espera de insumos (reactivos/bolas de molienda),280.0
PAR-006884,PC-EQ-09,2027-12-16,07:00:00,2.2,Operativa,Espera de insumos (reactivos/bolas de molienda),870.0
PAR-006247,PC-EQ-08,2024-02-28,07:00:00,1.8,Correctiva,Atoro de mineral / obstrucción,2219.0
PAR-007128,PC-EQ-10,2026-06-24,04:00:00,4.1,Correctiva,Falla mecánica - desgaste de componente,6366.0
PAR-004980,PC-EQ-04,2026-06-26,15:00:00,6.0,Correctiva,Falla de lubricación,10300.0
PAR-005121,PC-EQ-04,2027-09-03,00:00:00,20.0,Correctiva,Falla eléctrica - motor/tablero,20280.0
PAR-004634,PC-EQ-03,2027-02-10,18:00:00,1.8,Correctiva,Rotura de faja/correa,2942.0
PAR-004916,PC-EQ-04,2025-12-07,05:00:00,0.5,Correctiva,Rotura de faja/correa,564.0
PAR-006905,PC-EQ-10,2024-03-21,11:00:00,1.2,Operativa,Condiciones climáticas adversas,606.0
PAR-005103,PC-EQ-04,2027-07-11,06:00:00,12.2,Correctiva,Rotura de faja/correa,10317.0
PAR-005148,PC-EQ-04,2027-11-29,03:00:00,20.0,Correctiva,Atoro de mineral / obstrucción,31385.0
PAR-007183,PC-EQ-10,2027-01-30,00:00:00,4.8,Correctiva,Atoro de mineral / obstrucción,4361.0
PAR-004962,PC-EQ-04,2026-04-28,00:00:00,20.0,Correctiva,Falla de lubricación,30638.0
PAR-004838,PC-EQ-04,2025-03-20,05:00:00,3.4,Correctiva,Falla eléctrica - motor/tablero,4079.0
PAR-004253,PC-EQ-02,2026-04-12,10:00:00,6.0,Correctiva,Falla mecánica - desgaste de componente,8201.0
PAR-005375,PC-EQ-05,2025-12-14,01:00:00,1.5,Correctiva,Falla eléctrica - motor/tablero,1373.0
PAR-006526,PC-EQ-08,2027-03-03,14:00:00,1.2,Correctiva,Falla mecánica - desgaste de componente,2552.0
PAR-006421,PC-EQ-08,2026-01-31,17:00:00,4.0,Correctiva,Atoro de mineral / obstrucción,5092.0
PAR-005804,PC-EQ-06,2026-02-26,19:00:00,2.2,Correctiva,Rotura de faja/correa,4011.0
PAR-004894,PC-EQ-04,2025-09-19,15:00:00,7.3,Preventiva,Mantenimiento programado (plan anual),9007.0
PAR-005512,PC-EQ-05,2027-01-10,00:00:00,20.0,Correctiva,Atoro de mineral / obstrucción,35476.0
PAR-006001,PC-EQ-07,2024-09-07,17:00:00,5.4,Correctiva,Rotura de faja/correa,6257.0
PAR-005173,PC-EQ-05,2024-03-13,03:00:00,20.0,Correctiva,Rotura de faja/correa,27096.0
PAR-004638,PC-EQ-03,2027-03-10,16:00:00,1.0,Operativa,Espera de insumos (reactivos/bolas de molienda),576.0
PAR-005574,PC-EQ-05,2027-08-02,09:00:00,1.4,Correctiva,Rotura de faja/correa,1957.0
PAR-004208,PC-EQ-02,2025-11-09,08:00:00,1.8,Operativa,Espera de insumos (reactivos/bolas de molienda),601.0
PAR-006854,PC-EQ-09,2027-08-17,14:00:00,1.5,Operativa,Condiciones climáticas adversas,717.0
PAR-005514,PC-EQ-05,2027-01-15,18:00:00,3.1,Correctiva,Falla mecánica - desgaste de componente,
PAR-005026,PC-EQ-04,2026-10-30,03:00:00,1.8,Correctiva,Falla eléctrica - motor/tablero,
PAR-003996,PC-EQ-01,2027-07-02,14:00:00,2.2,Operativa,Condiciones climáticas adversas,881.0
PAR-006496,PC-EQ-08,2026-11-11,02:00:00,2.4,Operativa,Espera de insumos (reactivos/bolas de molienda),748.0
PAR-007147,PC-EQ-10,2026-09-08,18:00:00,2.4,Correctiva,Atoro de mineral / obstrucción,2675.0
PAR-007092,PC-EQ-10,2026-02-25,05:00:00,2.8,Correctiva,Rotura de faja/correa,5689.0
PAR-005854,PC-EQ-06,2026-09-10,05:00:00,11.6,Correctiva,Falla mecánica - desgaste de componente,20616.0
PAR-006602,PC-EQ-09,2024-01-03,02:00:00,3.7,Correctiva,Indeterminado,7218.0
PAR-005562,PC-EQ-05,2027-06-21,18:00:00,1.1,Correctiva,Rotura de faja/correa,1048.0
PAR-005950,PC-EQ-06,2027-11-01,05:00:00,8.6,Preventiva,Mantenimiento programado (plan anual),18306.0
PAR-004620,PC-EQ-03,2026-11-15,04:00:00,3.5,Correctiva,Atoro de mineral / obstrucción,3368.0
PAR-006455,PC-EQ-08,2026-06-22,09:00:00,7.5,Correctiva,Rotura de faja/correa,13435.0
PAR-006900,PC-EQ-10,2024-03-08,09:00:00,2.6,Operativa,Falta de mineral en cancha,1143.0
PAR-004767,PC-EQ-04,2024-08-18,01:00:00,1.0,Correctiva,Rotura de faja/correa,1376.0
PAR-004990,PC-EQ-04,2026-07-22,02:00:00,6.3,Preventiva,Mantenimiento programado (plan anual),13041.0
PAR-005929,PC-EQ-06,2027-08-11,05:00:00,16.8,Correctiva,Falla mecánica - desgaste de componente,30311.0
PAR-006525,PC-EQ-08,2027-02-26,02:00:00,2.9,Operativa,Falta de mineral en cancha,1580.0
PAR-004959,PC-EQ-04,2026-04-24,00:00:00,17.1,Correctiva,Falla eléctrica - motor/tablero,33190.0
PAR-004582,PC-EQ-03,2026-05-07,07:00:00,0.9,Operativa,Condiciones climáticas adversas,319.0
PAR-005994,PC-EQ-07,2024-08-03,11:00:00,2.4,Correctiva,Indeterminado,3763.0
PAR-004920,PC-EQ-04,2025-12-20,09:00:00,7.8,Preventiva,Mantenimiento programado (plan anual),9247.0
PAR-005578,PC-EQ-05,2027-08-17,19:00:00,2.5,Operativa,Corte de energía externo,918.0
PAR-004961,PC-EQ-04,2026-04-27,03:00:00,7.7,Preventiva,Mantenimiento programado (plan anual),7403.0
PAR-005610,PC-EQ-05,2027-11-27,04:00:00,1.2,Operativa,Falta de mineral en cancha,439.0
PAR-003786,PC-EQ-01,2025-03-19,07:00:00,6.9,Preventiva,Mantenimiento programado (plan anual),11059.0
PAR-004918,PC-EQ-04,2025-12-13,03:00:00,12.7,Correctiva,Falla eléctrica - motor/tablero,23634.0
PAR-007258,PC-EQ-10,2027-12-16,10:00:00,0.5,Correctiva,Falla eléctrica - motor/tablero,786.0
PAR-006740,PC-EQ-09,2026-02-14,17:00:00,0.6,Operativa,Corte de energía externo,292.0
PAR-005631,PC-EQ-06,2024-01-26,06:00:00,4.2,Correctiva,Falla de lubricación,4252.0
PAR-003936,PC-EQ-01,2026-11-13,14:00:00,2.2,Operativa,Espera de insumos (reactivos/bolas de molienda),452.0
PAR-003896,PC-EQ-01,2026-06-10,02:00:00,7.9,Correctiva,Falla eléctrica - motor/tablero,14206.0
PAR-003723,PC-EQ-01,2024-07-26,07:00:00,8.3,Preventiva,Mantenimiento programado (plan anual),13235.0
PAR-006708,PC-EQ-09,2025-10-03,11:00:00,0.5,Correctiva,Falla de lubricación,1023.0
PAR-005395,PC-EQ-05,2026-02-10,00:00:00,20.0,Correctiva,Falla mecánica - desgaste de componente,33977.0
PAR-007023,PC-EQ-10,2025-06-05,01:00:00,20.0,Correctiva,Atoro de mineral / obstrucción,39400.0
PAR-003963,PC-EQ-01,2027-03-10,03:00:00,20.0,Correctiva,Falla de lubricación,28561.0
PAR-004372,PC-EQ-02,2027-08-08,00:00:00,2.9,Operativa,Condiciones climáticas adversas,1697.0
PAR-004430,PC-EQ-03,2024-04-10,08:00:00,10.7,Correctiva,Falla mecánica - desgaste de componente,10183.0
PAR-003797,PC-EQ-01,2025-05-19,14:00:00,1.9,Operativa,Corte de energía externo,899.0
PAR-006691,PC-EQ-09,2025-07-11,15:00:00,2.6,Operativa,Espera de insumos (reactivos/bolas de molienda),976.0
PAR-006739,PC-EQ-09,2026-02-05,06:00:00,8.4,Preventiva,Mantenimiento programado (plan anual),15132.0
PAR-004056,PC-EQ-02,2024-02-16,12:00:00,6.3,Correctiva,Atoro de mineral / obstrucción,7490.0
PAR-006057,PC-EQ-07,2025-06-22,06:00:00,4.3,Preventiva,Mantenimiento programado (plan anual),4773.0
PAR-004313,PC-EQ-02,2026-12-13,02:00:00,20.0,Correctiva,Falla de lubricación,39033.0
PAR-004513,PC-EQ-03,2025-07-13,16:00:00,7.0,Preventiva,Mantenimiento programado (plan anual),9756.0
PAR-004177,PC-EQ-02,2025-07-04,02:00:00,7.1,Correctiva,Falla mecánica - desgaste de componente,10699.0
PAR-005093,PC-EQ-04,2027-06-22,04:00:00,15.1,Correctiva,Atoro de mineral / obstrucción,33162.0
PAR-004553,PC-EQ-03,2025-12-16,01:00:00,2.5,Correctiva,Falla mecánica - desgaste de componente,5199.0
PAR-005292,PC-EQ-05,2025-03-25,15:00:00,5.0,Preventiva,Mantenimiento programado (plan anual),9902.0
PAR-005380,PC-EQ-05,2025-12-28,11:00:00,11.7,Correctiva,Falla eléctrica - motor/tablero,19080.0
PAR-005533,PC-EQ-05,2027-04-02,01:00:00,8.8,Correctiva,Falla de lubricación,10812.0
PAR-005441,PC-EQ-05,2026-05-24,07:00:00,0.5,Correctiva,Rotura de faja/correa,917.0
PAR-006084,PC-EQ-07,2025-12-03,01:00:00,20.0,Correctiva,Atoro de mineral / obstrucción,25659.0
PAR-006348,PC-EQ-08,2025-04-13,01:00:00,13.2,Correctiva,Falla de lubricación,26967.0
PAR-005237,PC-EQ-05,2024-09-24,01:00:00,6.7,Correctiva,Falla eléctrica - motor/tablero,9895.0
PAR-005839,PC-EQ-06,2026-07-18,17:00:00,5.0,Correctiva,Falla eléctrica - motor/tablero,6580.0
PAR-004677,PC-EQ-03,2027-10-28,04:00:00,4.2,Preventiva,Mantenimiento programado (plan anual),6234.0
PAR-005156,PC-EQ-04,2027-12-13,00:00:00,8.4,Preventiva,Mantenimiento programado (plan anual),9309.0
PAR-006790,PC-EQ-09,2026-09-19,04:00:00,7.6,Correctiva,Falla eléctrica - motor/tablero,8778.0
PAR-005361,PC-EQ-05,2025-11-12,01:00:00,7.2,Preventiva,Indeterminado,9676.0
PAR-006358,PC-EQ-08,2025-05-20,00:00:00,0.9,Correctiva,Falla mecánica - desgaste de componente,1093.0
PAR-003893,PC-EQ-01,2026-05-21,08:00:00,12.1,Correctiva,Atoro de mineral / obstrucción,26227.0
PAR-003997,PC-EQ-01,2027-07-05,12:00:00,1.9,Operativa,Falta de mineral en cancha,877.0
PAR-004308,PC-EQ-02,2026-11-09,12:00:00,8.3,Preventiva,Mantenimiento programado (plan anual),12363.0
PAR-006508,PC-EQ-08,2026-12-16,14:00:00,5.6,Preventiva,Mantenimiento programado (plan anual),11115.0
PAR-007074,PC-EQ-10,2025-11-29,05:00:00,2.5,Operativa,Condiciones climáticas adversas,639.0
PAR-006422,PC-EQ-08,2026-02-02,12:00:00,2.8,Operativa,Espera de insumos (reactivos/bolas de molienda),632.0
PAR-003809,PC-EQ-01,2025-08-09,21:00:00,0.6,Operativa,Falta de mineral en cancha,329.0
PAR-006809,PC-EQ-09,2026-12-04,07:00:00,2.6,Correctiva,Falla mecánica - desgaste de componente,4235.0
PAR-004533,PC-EQ-03,2025-10-21,14:00:00,2.1,Operativa,Indeterminado,1212.0
PAR-004981,PC-EQ-04,2026-06-27,10:00:00,5.4,Correctiva,Atoro de mineral / obstrucción,9538.0
PAR-006969,PC-EQ-10,2024-11-06,11:00:00,1.3,Operativa,Corte de energía externo,491.0
PAR-007253,PC-EQ-10,2027-11-19,07:00:00,11.1,Correctiva,Atoro de mineral / obstrucción,12389.0
PAR-006544,PC-EQ-08,2027-05-11,21:00:00,1.1,Operativa,Falta de mineral en cancha,624.0
PAR-007179,PC-EQ-10,2027-01-19,04:00:00,4.8,Correctiva,Falla eléctrica - motor/tablero,5212.0
PAR-004379,PC-EQ-02,2027-09-03,01:00:00,6.0,Correctiva,Falla mecánica - desgaste de componente,11811.0
PAR-003967,PC-EQ-01,2027-03-20,02:00:00,0.9,Operativa,Espera de insumos (reactivos/bolas de molienda),422.0
PAR-005123,PC-EQ-04,2027-09-07,08:00:00,3.6,Correctiva,Falla de lubricación,3174.0
PAR-003993,PC-EQ-01,2027-06-26,16:00:00,0.8,Correctiva,Falla eléctrica - motor/tablero,1033.0
PAR-004669,PC-EQ-03,2027-09-20,15:00:00,4.3,Preventiva,Mantenimiento programado (plan anual),8558.0
PAR-003751,PC-EQ-01,2024-11-13,08:00:00,5.0,Correctiva,Atoro de mineral / obstrucción,7115.0
PAR-004721,PC-EQ-04,2024-04-09,08:00:00,3.8,Correctiva,Atoro de mineral / obstrucción,6298.0
PAR-006266,PC-EQ-08,2024-05-23,05:00:00,1.4,Correctiva,Falla eléctrica - motor/tablero,3014.0
PAR-005085,PC-EQ-04,2027-05-25,06:00:00,0.5,Correctiva,Atoro de mineral / obstrucción,1011.0
PAR-006632,PC-EQ-09,2024-09-02,16:00:00,2.9,Operativa,Espera de insumos (reactivos/bolas de molienda),874.0
PAR-003817,PC-EQ-01,2025-08-29,12:00:00,3.9,Correctiva,Indeterminado,8353.0
PAR-006320,PC-EQ-08,2024-12-27,14:00:00,2.4,Operativa,Condiciones climáticas adversas,567.0
PAR-006425,PC-EQ-08,2026-02-21,03:00:00,7.4,Preventiva,Mantenimiento programado (plan anual),7291.0
PAR-006564,PC-EQ-08,2027-08-27,18:00:00,2.4,Operativa,Falta de mineral en cancha,1201.0
PAR-005995,PC-EQ-07,2024-08-14,09:00:00,7.8,Preventiva,Mantenimiento programado (plan anual),14306.0
PAR-006904,PC-EQ-10,2024-03-20,16:00:00,0.5,Operativa,Corte de energía externo,133.0
PAR-006176,PC-EQ-07,2027-03-30,14:00:00,1.9,Correctiva,Falla mecánica - desgaste de componente,2162.0
PAR-005952,PC-EQ-06,2027-11-06,02:00:00,1.7,Operativa,Falta de mineral en cancha,565.0
PAR-004736,PC-EQ-04,2024-05-18,02:00:00,10.0,Correctiva,Rotura de faja/correa,18707.0
PAR-004120,PC-EQ-02,2024-10-27,04:00:00,6.0,Correctiva,Atoro de mineral / obstrucción,12619.0
PAR-005941,PC-EQ-06,2027-09-21,08:00:00,0.5,Operativa,Condiciones climáticas adversas,170.0
PAR-005318,PC-EQ-05,2025-06-27,01:00:00,4.7,Correctiva,Falla eléctrica - motor/tablero,6985.0
PAR-006646,PC-EQ-09,2024-11-15,10:00:00,1.8,Operativa,Espera de insumos (reactivos/bolas de molienda),895.0
PAR-006914,PC-EQ-10,2024-04-22,04:00:00,3.2,Correctiva,Falla mecánica - desgaste de componente,4281.0
PAR-006888,PC-EQ-10,2024-01-15,14:00:00,7.7,Preventiva,Mantenimiento programado (plan anual),15014.0
PAR-003856,PC-EQ-01,2026-01-23,11:00:00,2.9,Operativa,Condiciones climáticas adversas,1207.0
PAR-004102,PC-EQ-02,2024-07-31,05:00:00,12.9,Correctiva,Rotura de faja/correa,25205.0
PAR-006360,PC-EQ-08,2025-05-31,03:00:00,0.8,Operativa,Condiciones climáticas adversas,278.0
PAR-006828,PC-EQ-09,2027-05-06,10:00:00,7.9,Correctiva,Falla de lubricación,
PAR-004237,PC-EQ-02,2026-02-04,02:00:00,0.5,Correctiva,Falla mecánica - desgaste de componente,651.0
PAR-006515,PC-EQ-08,2027-01-16,11:00:00,5.8,Correctiva,Atoro de mineral / obstrucción,11405.0
PAR-006441,PC-EQ-08,2026-04-21,04:00:00,18.2,Correctiva,Rotura de faja/correa,17539.0
PAR-006002,PC-EQ-07,2024-09-14,01:00:00,5.6,Correctiva,Atoro de mineral / obstrucción,10263.0
PAR-003911,PC-EQ-01,2026-08-02,08:00:00,1.5,Correctiva,Rotura de faja/correa,2360.0
PAR-004979,PC-EQ-04,2026-06-26,01:00:00,2.5,Operativa,Falta de mineral en cancha,501.0
PAR-007140,PC-EQ-10,2026-08-16,08:00:00,4.6,Preventiva,Mantenimiento programado (plan anual),9014.0
PAR-003727,PC-EQ-01,2024-08-08,16:00:00,0.9,Operativa,Falta de mineral en cancha,495.0
PAR-003748,PC-EQ-01,2024-10-23,14:00:00,7.5,Preventiva,Mantenimiento programado (plan anual),12838.0
PAR-007199,PC-EQ-10,2027-04-18,14:00:00,0.6,Correctiva,Rotura de faja/correa,975.0
PAR-005806,PC-EQ-06,2026-03-03,12:00:00,7.0,Correctiva,Rotura de faja/correa,6587.0
PAR-006385,PC-EQ-08,2025-09-01,07:00:00,2.4,Operativa,Condiciones climáticas adversas,563.0
PAR-007251,PC-EQ-10,2027-11-14,19:00:00,2.1,Operativa,Condiciones climáticas adversas,1013.0
PAR-006196,PC-EQ-07,2027-06-28,08:00:00,7.1,Correctiva,Atoro de mineral / obstrucción,7325.0
PAR-006156,PC-EQ-07,2027-01-09,13:00:00,3.0,Operativa,Corte de energía externo,1636.0
PAR-006400,PC-EQ-08,2025-10-29,02:00:00,0.5,Correctiva,Indeterminado,740.0
PAR-005434,PC-EQ-05,2026-05-11,04:00:00,1.9,Operativa,Condiciones climáticas adversas,710.0
PAR-006028,PC-EQ-07,2025-02-03,11:00:00,5.4,Preventiva,Mantenimiento programado (plan anual),9099.0
PAR-005112,PC-EQ-04,2027-08-03,02:00:00,20.0,Correctiva,Rotura de faja/correa,23892.0
PAR-005140,PC-EQ-04,2027-10-29,02:00:00,20.0,Correctiva,Atoro de mineral / obstrucción,31946.0
PAR-004106,PC-EQ-02,2024-08-18,07:00:00,9.5,Correctiva,Falla eléctrica - motor/tablero,19494.0
PAR-004690,PC-EQ-03,2027-12-26,01:00:00,3.1,Correctiva,Falla mecánica - desgaste de componente,5839.0
PAR-006037,PC-EQ-07,2025-03-20,18:00:00,0.5,Correctiva,Falla mecánica - desgaste de componente,636.0
PAR-005524,PC-EQ-05,2027-02-18,02:00:00,20.0,Correctiva,Falla de lubricación,16379.0
PAR-005099,PC-EQ-04,2027-07-05,03:00:00,20.0,Correctiva,Atoro de mineral / obstrucción,31865.0
PAR-004426,PC-EQ-03,2024-03-22,21:00:00,1.2,Operativa,Condiciones climáticas adversas,527.0
PAR-004572,PC-EQ-03,2026-03-07,01:00:00,11.0,Correctiva,Indeterminado,18378.0
PAR-005757,PC-EQ-06,2025-08-14,03:00:00,2.6,Correctiva,Atoro de mineral / obstrucción,4997.0
PAR-005813,PC-EQ-06,2026-03-25,12:00:00,2.4,Correctiva,Falla mecánica - desgaste de componente,
PAR-006210,PC-EQ-07,2027-08-27,01:00:00,9.1,Correctiva,Atoro de mineral / obstrucción,10566.0
PAR-007027,PC-EQ-10,2025-06-10,01:00:00,0.9,Correctiva,Atoro de mineral / obstrucción,1914.0
PAR-004292,PC-EQ-02,2026-09-18,11:00:00,1.2,Correctiva,Falla mecánica - desgaste de componente,2594.0
PAR-006388,PC-EQ-08,2025-09-09,17:00:00,0.5,Correctiva,Falla mecánica - desgaste de componente,566.0
PAR-007017,PC-EQ-10,2025-05-11,02:00:00,2.3,Operativa,Espera de insumos (reactivos/bolas de molienda),1211.0
PAR-006232,PC-EQ-08,2024-01-02,08:00:00,2.3,Operativa,Indeterminado,1079.0
PAR-006893,PC-EQ-10,2024-02-07,02:00:00,1.5,Correctiva,Falla eléctrica - motor/tablero,1872.0
PAR-005409,PC-EQ-05,2026-03-14,13:00:00,2.5,Operativa,Espera de insumos (reactivos/bolas de molienda),1048.0
PAR-005595,PC-EQ-05,2027-10-03,15:00:00,2.1,Operativa,Corte de energía externo,487.0
PAR-005225,PC-EQ-05,2024-08-17,09:00:00,6.6,Correctiva,Rotura de faja/correa,12782.0
PAR-006950,PC-EQ-10,2024-08-29,07:00:00,1.8,Correctiva,Falla de lubricación,1772.0
PAR-005283,PC-EQ-05,2025-02-19,11:00:00,1.0,Correctiva,Falla de lubricación,2193.0
PAR-004802,PC-EQ-04,2024-12-03,06:00:00,15.8,Correctiva,Falla de lubricación,30177.0
PAR-003718,PC-EQ-01,2024-06-28,15:00:00,0.9,Operativa,Espera de insumos (reactivos/bolas de molienda),435.0
PAR-005537,PC-EQ-05,2027-04-14,10:00:00,2.6,Operativa,Corte de energía externo,1340.0
PAR-004371,PC-EQ-02,2027-08-06,03:00:00,8.6,Preventiva,Mantenimiento programado (plan anual),15792.0
PAR-006575,PC-EQ-08,2027-09-28,07:00:00,5.5,Preventiva,Mantenimiento programado (plan anual),10179.0
PAR-005474,PC-EQ-05,2026-08-31,12:00:00,1.9,Correctiva,Atoro de mineral / obstrucción,4099.0
PAR-006178,PC-EQ-07,2027-04-03,18:00:00,5.0,Preventiva,Mantenimiento programado (plan anual),4061.0
PAR-006369,PC-EQ-08,2025-07-06,03:00:00,2.5,Correctiva,Falla de lubricación,5193.0
PAR-007095,PC-EQ-10,2026-03-07,19:00:00,1.6,Operativa,Corte de energía externo,450.0
PAR-004081,PC-EQ-02,2024-05-22,11:00:00,2.1,Operativa,Espera de insumos (reactivos/bolas de molienda),433.0
PAR-006742,PC-EQ-09,2026-02-20,05:00:00,4.0,Correctiva,Falla eléctrica - motor/tablero,7414.0
PAR-005467,PC-EQ-05,2026-08-08,02:00:00,0.7,Correctiva,Atoro de mineral / obstrucción,1346.0
PAR-003749,PC-EQ-01,2024-11-06,13:00:00,7.3,Preventiva,Mantenimiento programado (plan anual),8617.0
PAR-004684,PC-EQ-03,2027-12-02,08:00:00,6.8,Preventiva,Mantenimiento programado (plan anual),6017.0
PAR-004943,PC-EQ-04,2026-02-25,04:00:00,6.6,Correctiva,Falla de lubricación,12396.0
PAR-006049,PC-EQ-07,2025-05-07,12:00:00,10.2,Correctiva,Atoro de mineral / obstrucción,12004.0
PAR-004515,PC-EQ-03,2025-07-16,13:00:00,5.1,Correctiva,Falla mecánica - desgaste de componente,6743.0
PAR-005130,PC-EQ-04,2027-10-10,05:00:00,17.1,Correctiva,Rotura de faja/correa,23806.0
PAR-003739,PC-EQ-01,2024-09-27,20:00:00,2.2,Operativa,Condiciones climáticas adversas,1161.0
PAR-005201,PC-EQ-05,2024-06-13,03:00:00,1.4,Operativa,Corte de energía externo,593.0
PAR-004936,PC-EQ-04,2026-02-07,12:00:00,2.3,Operativa,Espera de insumos (reactivos/bolas de molienda),801.0
PAR-007171,PC-EQ-10,2026-12-16,13:00:00,3.2,Correctiva,Falla de lubricación,4260.0
PAR-004842,PC-EQ-04,2025-04-01,00:00:00,20.0,Correctiva,Rotura de faja/correa,20491.0
PAR-004329,PC-EQ-02,2027-02-14,04:00:00,1.5,Operativa,Falta de mineral en cancha,727.0
PAR-005199,PC-EQ-05,2024-06-07,05:00:00,0.7,Operativa,Espera de insumos (reactivos/bolas de molienda),153.0
PAR-006827,PC-EQ-09,2027-04-27,02:00:00,10.1,Correctiva,Falla de lubricación,17634.0
PAR-006692,PC-EQ-09,2025-07-13,22:00:00,0.8,Operativa,Condiciones climáticas adversas,160.0
PAR-004899,PC-EQ-04,2025-10-06,03:00:00,20.0,Correctiva,Falla mecánica - desgaste de componente,33496.0
PAR-004633,PC-EQ-03,2027-02-10,04:00:00,0.6,Operativa,Condiciones climáticas adversas,140.0
PAR-005188,PC-EQ-05,2024-04-28,11:00:00,4.1,Preventiva,Mantenimiento programado (plan anual),8457.0
PAR-005741,PC-EQ-06,2025-05-27,04:00:00,5.6,Correctiva,Falla mecánica - desgaste de componente,
PAR-006815,PC-EQ-09,2027-02-02,11:00:00,6.0,Preventiva,Mantenimiento programado (plan anual),12484.0
PAR-004609,PC-EQ-03,2026-10-02,12:00:00,1.8,Operativa,Espera de insumos (reactivos/bolas de molienda),454.0
PAR-006791,PC-EQ-09,2026-09-22,12:00:00,5.5,Correctiva,Indeterminado,5674.0
PAR-004588,PC-EQ-03,2026-05-31,12:00:00,5.1,Preventiva,Mantenimiento programado (plan anual),9095.0
PAR-004170,PC-EQ-02,2025-06-03,07:00:00,7.3,Preventiva,Mantenimiento programado (plan anual),14067.0
PAR-007198,PC-EQ-10,2027-04-16,11:00:00,4.3,Correctiva,Atoro de mineral / obstrucción,8634.0
PAR-005052,PC-EQ-04,2027-01-30,01:00:00,8.7,Preventiva,Mantenimiento programado (plan anual),12616.0
PAR-004024,PC-EQ-01,2027-10-02,09:00:00,5.9,Preventiva,Mantenimiento programado (plan anual),5112.0
PAR-004625,PC-EQ-03,2026-12-30,17:00:00,2.7,Operativa,Falta de mineral en cancha,
PAR-006765,PC-EQ-09,2026-05-26,13:00:00,6.0,Preventiva,Mantenimiento programado (plan anual),12132.0
PAR-006241,PC-EQ-08,2024-01-30,00:00:00,16.5,Correctiva,Falla mecánica - desgaste de componente,26418.0
PAR-007157,PC-EQ-10,2026-10-21,10:00:00,6.7,Preventiva,Mantenimiento programado (plan anual),13467.0
PAR-005719,PC-EQ-06,2025-03-20,12:00:00,5.7,Correctiva,Rotura de faja/correa,9255.0
PAR-004149,PC-EQ-02,2025-03-06,16:00:00,6.3,Preventiva,Mantenimiento programado (plan anual),12903.0
PAR-006711,PC-EQ-09,2025-10-19,06:00:00,7.7,Preventiva,Mantenimiento programado (plan anual),6845.0
PAR-004009,PC-EQ-01,2027-08-09,05:00:00,1.1,Operativa,Corte de energía externo,552.0
PAR-006548,PC-EQ-08,2027-05-22,00:00:00,8.6,Correctiva,Atoro de mineral / obstrucción,11342.0
PAR-006434,PC-EQ-08,2026-04-02,00:00:00,6.7,Preventiva,Mantenimiento programado (plan anual),9598.0
PAR-005679,PC-EQ-06,2024-08-21,09:00:00,9.3,Correctiva,Falla eléctrica - motor/tablero,15446.0
PAR-007045,PC-EQ-10,2025-08-26,03:00:00,6.6,Preventiva,Mantenimiento programado (plan anual),6673.0
PAR-004885,PC-EQ-04,2025-08-26,10:00:00,0.6,Correctiva,Falla de lubricación,650.0
PAR-004655,PC-EQ-03,2027-06-22,10:00:00,2.3,Correctiva,Atoro de mineral / obstrucción,2607.0
PAR-005230,PC-EQ-05,2024-09-08,00:00:00,19.6,Correctiva,Falla de lubricación,23067.0
PAR-004723,PC-EQ-04,2024-04-12,03:00:00,11.6,Correctiva,Falla mecánica - desgaste de componente,23693.0
PAR-006537,PC-EQ-08,2027-04-04,19:00:00,0.5,Correctiva,Atoro de mineral / obstrucción,733.0
PAR-003905,PC-EQ-01,2026-07-10,09:00:00,0.5,Operativa,Indeterminado,223.0
PAR-005340,PC-EQ-05,2025-08-29,04:00:00,13.9,Correctiva,Falla de lubricación,16745.0
PAR-006308,PC-EQ-08,2024-11-12,01:00:00,20.0,Correctiva,Rotura de faja/correa,34957.0
PAR-005881,PC-EQ-06,2027-01-16,13:00:00,2.7,Operativa,Espera de insumos (reactivos/bolas de molienda),1266.0
PAR-006881,PC-EQ-09,2027-12-12,06:00:00,2.5,Correctiva,Falla mecánica - desgaste de componente,
PAR-004621,PC-EQ-03,2026-11-25,11:00:00,8.1,Correctiva,Falla eléctrica - motor/tablero,11010.0
PAR-005569,PC-EQ-05,2027-07-18,06:00:00,4.7,Correctiva,Rotura de faja/correa,6642.0
PAR-007058,PC-EQ-10,2025-10-01,06:00:00,0.5,Correctiva,Rotura de faja/correa,972.0
PAR-004930,PC-EQ-04,2026-01-09,08:00:00,7.9,Correctiva,Atoro de mineral / obstrucción,10765.0
PAR-005606,PC-EQ-05,2027-11-12,12:00:00,1.2,Correctiva,Falla mecánica - desgaste de componente,2574.0
PAR-003956,PC-EQ-01,2027-02-05,16:00:00,2.1,Operativa,Falta de mineral en cancha,694.0
PAR-005159,PC-EQ-04,2027-12-30,13:00:00,8.1,Preventiva,Mantenimiento programado (plan anual),15379.0
PAR-006035,PC-EQ-07,2025-03-08,13:00:00,2.3,Operativa,Espera de insumos (reactivos/bolas de molienda),982.0
PAR-005797,PC-EQ-06,2026-02-07,02:00:00,11.1,Correctiva,Falla eléctrica - motor/tablero,13339.0
PAR-005781,PC-EQ-06,2025-11-23,09:00:00,2.1,Correctiva,Rotura de faja/correa,4237.0
PAR-005678,PC-EQ-06,2024-08-18,07:00:00,8.5,Preventiva,Mantenimiento programado (plan anual),9370.0
PAR-004751,PC-EQ-04,2024-07-03,13:00:00,5.9,Correctiva,Atoro de mineral / obstrucción,12713.0
PAR-005011,PC-EQ-04,2026-09-20,11:00:00,2.6,Operativa,Falta de mineral en cancha,1499.0
PAR-006759,PC-EQ-09,2026-05-04,14:00:00,5.1,Preventiva,Mantenimiento programado (plan anual),5787.0
PAR-006022,PC-EQ-07,2024-12-24,12:00:00,4.9,Correctiva,Falla eléctrica - motor/tablero,7050.0
PAR-006338,PC-EQ-08,2025-03-19,10:00:00,1.4,Correctiva,Atoro de mineral / obstrucción,2342.0
PAR-006490,PC-EQ-08,2026-10-20,05:00:00,8.8,Preventiva,Mantenimiento programado (plan anual),17491.0
PAR-004583,PC-EQ-03,2026-05-07,01:00:00,2.4,Correctiva,Atoro de mineral / obstrucción,3187.0
PAR-005443,PC-EQ-05,2026-06-01,02:00:00,16.7,Correctiva,Falla de lubricación,18357.0
PAR-006753,PC-EQ-09,2026-04-09,09:00:00,0.7,Correctiva,Atoro de mineral / obstrucción,772.0
PAR-004070,PC-EQ-02,2024-04-10,16:00:00,1.4,Operativa,Espera de insumos (reactivos/bolas de molienda),828.0
PAR-005565,PC-EQ-05,2027-07-04,14:00:00,4.4,Preventiva,Mantenimiento programado (plan anual),5673.0
PAR-005949,PC-EQ-06,2027-10-30,05:00:00,1.7,Operativa,Falta de mineral en cancha,636.0
PAR-005003,PC-EQ-04,2026-08-27,05:00:00,5.7,Preventiva,Mantenimiento programado (plan anual),10291.0
PAR-005200,PC-EQ-05,2024-06-11,10:00:00,0.6,Correctiva,Falla de lubricación,1179.0
PAR-004557,PC-EQ-03,2026-01-09,06:00:00,0.5,Correctiva,Falla de lubricación,946.0
PAR-005115,PC-EQ-04,2027-08-10,01:00:00,19.5,Correctiva,Falla eléctrica - motor/tablero,37230.0
PAR-006667,PC-EQ-09,2025-03-03,02:00:00,7.1,Preventiva,Mantenimiento programado (plan anual),10607.0
PAR-006549,PC-EQ-08,2027-05-23,18:00:00,3.9,Correctiva,Falla de lubricación,6372.0
PAR-006019,PC-EQ-07,2024-12-12,06:00:00,2.2,Operativa,Condiciones climáticas adversas,988.0
PAR-004663,PC-EQ-03,2027-08-13,08:00:00,3.1,Correctiva,Falla de lubricación,5335.0
PAR-004934,PC-EQ-04,2026-02-02,08:00:00,0.5,Correctiva,Atoro de mineral / obstrucción,695.0
PAR-006946,PC-EQ-10,2024-08-19,00:00:00,20.0,Correctiva,Falla mecánica - desgaste de componente,42609.0
PAR-006510,PC-EQ-08,2026-12-27,09:00:00,6.3,Correctiva,Atoro de mineral / obstrucción,11128.0
PAR-005154,PC-EQ-04,2027-12-10,14:00:00,2.2,Operativa,Espera de insumos (reactivos/bolas de molienda),958.0
PAR-005724,PC-EQ-06,2025-03-31,12:00:00,1.9,Correctiva,Falla de lubricación,3677.0
PAR-005824,PC-EQ-06,2026-05-20,08:00:00,8.8,Preventiva,Mantenimiento programado (plan anual),7370.0
PAR-006298,PC-EQ-08,2024-10-08,11:00:00,4.5,Preventiva,Mantenimiento programado (plan anual),6716.0
PAR-004761,PC-EQ-04,2024-07-28,01:00:00,9.0,Preventiva,Mantenimiento programado (plan anual),12431.0
PAR-006484,PC-EQ-08,2026-10-07,08:00:00,1.2,Operativa,Condiciones climáticas adversas,458.0
PAR-004653,PC-EQ-03,2027-06-15,20:00:00,0.9,Operativa,Corte de energía externo,288.0
PAR-006514,PC-EQ-08,2027-01-14,05:00:00,3.7,Correctiva,Rotura de faja/correa,3215.0
PAR-005157,PC-EQ-04,2027-12-19,03:00:00,20.0,Correctiva,Atoro de mineral / obstrucción,35125.0
PAR-004938,PC-EQ-04,2026-02-09,08:00:00,2.5,Operativa,Falta de mineral en cancha,549.0
PAR-006294,PC-EQ-08,2024-09-19,15:00:00,5.4,Preventiva,Mantenimiento programado (plan anual),9493.0
PAR-007034,PC-EQ-10,2025-07-14,13:00:00,3.6,Correctiva,Falla de lubricación,6409.0
PAR-006064,PC-EQ-07,2025-08-21,04:00:00,0.8,Correctiva,Falla de lubricación,
PAR-003878,PC-EQ-01,2026-03-25,08:00:00,2.2,Correctiva,Rotura de faja/correa,1788.0
PAR-006304,PC-EQ-08,2024-10-31,11:00:00,9.0,Preventiva,Mantenimiento programado (plan anual),9435.0
PAR-006760,PC-EQ-09,2026-05-10,08:00:00,8.4,Correctiva,Falla eléctrica - motor/tablero,9190.0
PAR-006297,PC-EQ-08,2024-09-26,03:00:00,20.0,Correctiva,Rotura de faja/correa,34425.0
PAR-007244,PC-EQ-10,2027-10-27,15:00:00,4.1,Correctiva,Rotura de faja/correa,6757.0
PAR-005694,PC-EQ-06,2024-11-08,01:00:00,4.8,Preventiva,Mantenimiento programado (plan anual),6991.0
PAR-004476,PC-EQ-03,2025-01-05,17:00:00,5.4,Correctiva,Rotura de faja/correa,5043.0
PAR-006069,PC-EQ-07,2025-09-21,13:00:00,0.6,Operativa,Espera de insumos (reactivos/bolas de molienda),175.0
PAR-004547,PC-EQ-03,2025-12-06,15:00:00,0.9,Operativa,Corte de energía externo,344.0
PAR-004157,PC-EQ-02,2025-04-09,16:00:00,5.6,Preventiva,Mantenimiento programado (plan anual),7864.0
PAR-003979,PC-EQ-01,2027-04-19,01:00:00,7.5,Preventiva,Mantenimiento programado (plan anual),7590.0
PAR-003965,PC-EQ-01,2027-03-16,02:00:00,6.8,Correctiva,Falla mecánica - desgaste de componente,8565.0
PAR-004262,PC-EQ-02,2026-05-15,15:00:00,7.9,Preventiva,Mantenimiento programado (plan anual),6364.0
PAR-004342,PC-EQ-02,2027-03-28,22:00:00,0.5,Correctiva,Rotura de faja/correa,591.0
PAR-005032,PC-EQ-04,2026-11-09,10:00:00,0.5,Correctiva,Atoro de mineral / obstrucción,596.0
PAR-006387,PC-EQ-08,2025-09-04,14:00:00,6.4,Preventiva,Mantenimiento programado (plan anual),6451.0
PAR-003728,PC-EQ-01,2024-08-10,01:00:00,20.0,Correctiva,Atoro de mineral / obstrucción,42828.0
PAR-004179,PC-EQ-02,2025-07-19,08:00:00,2.2,Correctiva,Falla mecánica - desgaste de componente,4694.0
PAR-005339,PC-EQ-05,2025-08-24,15:00:00,6.8,Correctiva,Falla eléctrica - motor/tablero,6677.0
PAR-005058,PC-EQ-04,2027-02-25,01:00:00,0.6,Operativa,Corte de energía externo,
PAR-004562,PC-EQ-03,2026-01-29,13:00:00,5.8,Correctiva,Falla eléctrica - motor/tablero,7360.0
PAR-004201,PC-EQ-02,2025-09-22,11:00:00,6.3,Preventiva,Mantenimiento programado (plan anual),5340.0
PAR-006855,PC-EQ-09,2027-08-25,18:00:00,4.3,Preventiva,Mantenimiento programado (plan anual),8135.0
PAR-003840,PC-EQ-01,2025-12-06,20:00:00,1.2,Correctiva,Rotura de faja/correa,1582.0
PAR-007125,PC-EQ-10,2026-06-18,18:00:00,2.3,Operativa,Condiciones climáticas adversas,856.0
PAR-003898,PC-EQ-01,2026-06-20,18:00:00,2.4,Operativa,Espera de insumos (reactivos/bolas de molienda),489.0
PAR-004498,PC-EQ-03,2025-05-02,09:00:00,2.7,Operativa,Falta de mineral en cancha,771.0
PAR-005413,PC-EQ-05,2026-03-22,17:00:00,1.4,Operativa,Corte de energía externo,
PAR-004480,PC-EQ-03,2025-01-29,06:00:00,14.4,Correctiva,Falla mecánica - desgaste de componente,23172.0
PAR-003880,PC-EQ-01,2026-03-29,11:00:00,1.8,Correctiva,Indeterminado,3887.0
PAR-005924,PC-EQ-06,2027-07-18,01:00:00,3.6,Correctiva,Falla mecánica - desgaste de componente,3722.0
PAR-004960,PC-EQ-04,2026-04-25,01:00:00,16.2,Correctiva,Indeterminado,28403.0
PAR-005966,PC-EQ-07,2024-01-16,20:00:00,1.2,Operativa,Espera de insumos (reactivos/bolas de molienda),351.0
PAR-006418,PC-EQ-08,2026-01-13,10:00:00,7.7,Preventiva,Mantenimiento programado (plan anual),8551.0
PAR-006139,PC-EQ-07,2026-10-16,01:00:00,7.4,Correctiva,Falla de lubricación,14890.0
PAR-004432,PC-EQ-03,2024-04-29,03:00:00,1.1,Correctiva,Falla eléctrica - motor/tablero,1428.0
PAR-004922,PC-EQ-04,2025-12-21,03:00:00,18.9,Correctiva,Falla eléctrica - motor/tablero,28277.0
PAR-006656,PC-EQ-09,2024-12-28,16:00:00,1.7,Correctiva,Rotura de faja/correa,3056.0
PAR-004796,PC-EQ-04,2024-11-13,07:00:00,13.7,Correctiva,Falla eléctrica - motor/tablero,14886.0
PAR-005633,PC-EQ-06,2024-02-07,02:00:00,13.2,Correctiva,Rotura de faja/correa,17699.0
PAR-007047,PC-EQ-10,2025-08-29,04:00:00,16.1,Correctiva,Rotura de faja/correa,
PAR-004268,PC-EQ-02,2026-06-06,11:00:00,6.5,Preventiva,Mantenimiento programado (plan anual),8154.0
PAR-004864,PC-EQ-04,2025-06-17,11:00:00,8.6,Preventiva,Mantenimiento programado (plan anual),10017.0
PAR-006031,PC-EQ-07,2025-02-12,08:00:00,0.8,Operativa,Espera de insumos (reactivos/bolas de molienda),382.0
PAR-006634,PC-EQ-09,2024-09-16,10:00:00,5.1,Preventiva,Mantenimiento programado (plan anual),9753.0
PAR-006912,PC-EQ-10,2024-04-14,12:00:00,7.1,Preventiva,Mantenimiento programado (plan anual),12158.0
PAR-005587,PC-EQ-05,2027-09-15,11:00:00,1.2,Correctiva,Falla mecánica - desgaste de componente,2572.0
PAR-005837,PC-EQ-06,2026-07-08,08:00:00,2.4,Operativa,Falta de mineral en cancha,1324.0
PAR-004604,PC-EQ-03,2026-08-19,16:00:00,5.4,Preventiva,Mantenimiento programado (plan anual),9715.0
PAR-005485,PC-EQ-05,2026-10-17,04:00:00,17.1,Correctiva,Falla mecánica - desgaste de componente,32035.0
PAR-004082,PC-EQ-02,2024-05-30,00:00:00,1.3,Operativa,Espera de insumos (reactivos/bolas de molienda),281.0
PAR-007150,PC-EQ-10,2026-09-28,12:00:00,4.9,Preventiva,Mantenimiento programado (plan anual),10066.0
PAR-004006,PC-EQ-01,2027-08-02,22:00:00,0.5,Correctiva,Rotura de faja/correa,951.0
PAR-007026,PC-EQ-10,2025-06-10,01:00:00,7.4,Preventiva,Mantenimiento programado (plan anual),10909.0
PAR-005002,PC-EQ-04,2026-08-26,00:00:00,16.4,Correctiva,Rotura de faja/correa,
PAR-005923,PC-EQ-06,2027-07-17,00:00:00,17.6,Correctiva,Falla de lubricación,19866.0
PAR-005128,PC-EQ-04,2027-09-26,09:00:00,3.7,Correctiva,Indeterminado,
PAR-006354,PC-EQ-08,2025-05-07,08:00:00,3.9,Correctiva,Falla mecánica - desgaste de componente,4712.0
PAR-006565,PC-EQ-08,2027-08-29,09:00:00,5.1,Preventiva,Mantenimiento programado (plan anual),4975.0
PAR-004393,PC-EQ-02,2027-10-23,09:00:00,8.7,Correctiva,Falla mecánica - desgaste de componente,15299.0
PAR-006447,PC-EQ-08,2026-05-18,13:00:00,4.6,Correctiva,Falla eléctrica - motor/tablero,5931.0
PAR-004508,PC-EQ-03,2025-06-11,14:00:00,0.5,Correctiva,Falla mecánica - desgaste de componente,993.0
PAR-004975,PC-EQ-04,2026-06-09,02:00:00,19.1,Correctiva,Rotura de faja/correa,33184.0
PAR-003900,PC-EQ-01,2026-06-25,19:00:00,2.3,Correctiva,Falla eléctrica - motor/tablero,3939.0
PAR-007132,PC-EQ-10,2026-07-13,10:00:00,9.5,Correctiva,Atoro de mineral / obstrucción,11307.0
PAR-006273,PC-EQ-08,2024-06-19,02:00:00,8.8,Preventiva,Mantenimiento programado (plan anual),14031.0
PAR-005803,PC-EQ-06,2026-02-23,11:00:00,4.2,Preventiva,Mantenimiento programado (plan anual),6978.0
PAR-006538,PC-EQ-08,2027-04-09,08:00:00,1.5,Operativa,Corte de energía externo,688.0
PAR-004429,PC-EQ-03,2024-04-05,10:00:00,5.9,Preventiva,Mantenimiento programado (plan anual),6631.0
PAR-005131,PC-EQ-04,2027-10-11,07:00:00,1.7,Operativa,Condiciones climáticas adversas,869.0
PAR-005412,PC-EQ-05,2026-03-17,10:00:00,12.7,Correctiva,Falla mecánica - desgaste de componente,23488.0
PAR-006973,PC-EQ-10,2024-11-22,04:00:00,6.7,Correctiva,Falla eléctrica - motor/tablero,10960.0
PAR-004226,PC-EQ-02,2026-01-13,10:00:00,0.5,Correctiva,Falla de lubricación,901.0
PAR-005020,PC-EQ-04,2026-10-19,13:00:00,6.6,Preventiva,Mantenimiento programado (plan anual),11766.0
PAR-006477,PC-EQ-08,2026-09-15,01:00:00,3.2,Correctiva,Falla eléctrica - motor/tablero,6772.0
PAR-006245,PC-EQ-08,2024-02-25,03:00:00,20.0,Correctiva,Atoro de mineral / obstrucción,39602.0
PAR-004271,PC-EQ-02,2026-06-20,08:00:00,0.5,Correctiva,Falla mecánica - desgaste de componente,557.0
PAR-004221,PC-EQ-02,2026-01-04,18:00:00,4.1,Preventiva,Mantenimiento programado (plan anual),5233.0
PAR-004793,PC-EQ-04,2024-11-04,12:00:00,3.5,Correctiva,Rotura de faja/correa,6898.0
PAR-004530,PC-EQ-03,2025-10-05,21:00:00,0.6,Operativa,Condiciones climáticas adversas,280.0
PAR-004532,PC-EQ-03,2025-10-19,02:00:00,1.4,Operativa,Falta de mineral en cancha,538.0
PAR-003928,PC-EQ-01,2026-10-18,03:00:00,5.9,Preventiva,Mantenimiento programado (plan anual),6306.0
PAR-005427,PC-EQ-05,2026-04-18,00:00:00,20.0,Correctiva,Falla de lubricación,31430.0
PAR-004021,PC-EQ-01,2027-09-12,11:00:00,5.9,Correctiva,Rotura de faja/correa,10896.0
PAR-006172,PC-EQ-07,2027-03-01,10:00:00,5.5,Preventiva,Mantenimiento programado (plan anual),6604.0
PAR-005261,PC-EQ-05,2024-12-13,04:00:00,10.9,Correctiva,Atoro de mineral / obstrucción,14389.0
PAR-004408,PC-EQ-03,2024-01-03,06:00:00,2.4,Correctiva,Indeterminado,2197.0
PAR-003890,PC-EQ-01,2026-05-11,11:00:00,5.7,Preventiva,Mantenimiento programado (plan anual),4582.0
PAR-006518,PC-EQ-08,2027-01-30,19:00:00,3.0,Correctiva,Atoro de mineral / obstrucción,6000.0
PAR-007177,PC-EQ-10,2027-01-17,01:00:00,4.2,Preventiva,Mantenimiento programado (plan anual),6548.0
PAR-004717,PC-EQ-04,2024-04-03,06:00:00,8.6,Preventiva,Mantenimiento programado (plan anual),9055.0
PAR-004463,PC-EQ-03,2024-10-23,14:00:00,1.7,Operativa,Indeterminado,880.0
PAR-006384,PC-EQ-08,2025-08-27,09:00:00,9.1,Correctiva,Falla eléctrica - motor/tablero,7894.0
PAR-004629,PC-EQ-03,2027-01-10,09:00:00,0.5,Operativa,Indeterminado,244.0
PAR-004454,PC-EQ-03,2024-08-22,16:00:00,4.7,Correctiva,Atoro de mineral / obstrucción,7426.0
PAR-005275,PC-EQ-05,2025-01-28,16:00:00,1.3,Operativa,Espera de insumos (reactivos/bolas de molienda),502.0
PAR-004495,PC-EQ-03,2025-04-15,09:00:00,7.3,Preventiva,Mantenimiento programado (plan anual),11800.0
PAR-003924,PC-EQ-01,2026-09-28,05:00:00,7.9,Preventiva,Indeterminado,12676.0
PAR-003959,PC-EQ-01,2027-02-27,02:00:00,7.6,Correctiva,Falla eléctrica - motor/tablero,11589.0
PAR-005942,PC-EQ-06,2027-09-28,08:00:00,1.3,Operativa,Condiciones climáticas adversas,346.0
PAR-006785,PC-EQ-09,2026-08-30,09:00:00,0.5,Correctiva,Rotura de faja/correa,402.0
PAR-006228,PC-EQ-07,2027-12-12,19:00:00,2.4,Operativa,Espera de insumos (reactivos/bolas de molienda),862.0
PAR-005902,PC-EQ-06,2027-03-31,03:00:00,20.0,Correctiva,Falla eléctrica - motor/tablero,22551.0
PAR-004908,PC-EQ-04,2025-11-13,00:00:00,16.7,Correctiva,Falla eléctrica - motor/tablero,20973.0
PAR-003742,PC-EQ-01,2024-10-02,15:00:00,6.9,Correctiva,Falla mecánica - desgaste de componente,15008.0
PAR-005663,PC-EQ-06,2024-06-17,04:00:00,8.3,Correctiva,Falla eléctrica - motor/tablero,9382.0
PAR-004701,PC-EQ-04,2024-02-10,02:00:00,15.7,Correctiva,Rotura de faja/correa,26064.0
PAR-004135,PC-EQ-02,2025-01-02,10:00:00,6.5,Preventiva,Mantenimiento programado (plan anual),12010.0
PAR-005257,PC-EQ-05,2024-12-02,13:00:00,7.6,Preventiva,Mantenimiento programado (plan anual),6285.0
PAR-005907,PC-EQ-06,2027-04-20,05:00:00,5.5,Correctiva,Falla eléctrica - motor/tablero,8210.0
PAR-005136,PC-EQ-04,2027-10-21,03:00:00,20.0,Correctiva,Falla eléctrica - motor/tablero,30628.0
PAR-006915,PC-EQ-10,2024-04-23,10:00:00,12.3,Correctiva,Falla eléctrica - motor/tablero,19714.0
PAR-004658,PC-EQ-03,2027-07-22,17:00:00,1.1,Operativa,Condiciones climáticas adversas,234.0
PAR-004239,PC-EQ-02,2026-02-12,09:00:00,8.1,Preventiva,Mantenimiento programado (plan anual),15082.0
PAR-004994,PC-EQ-04,2026-08-09,12:00:00,5.4,Correctiva,Atoro de mineral / obstrucción,9718.0
PAR-004948,PC-EQ-04,2026-03-11,00:00:00,11.6,Correctiva,Indeterminado,9351.0
PAR-006401,PC-EQ-08,2025-11-04,07:00:00,6.8,Preventiva,Mantenimiento programado (plan anual),11309.0
PAR-004202,PC-EQ-02,2025-09-29,18:00:00,4.2,Correctiva,Falla de lubricación,5548.0
PAR-003781,PC-EQ-01,2025-02-27,00:00:00,13.9,Correctiva,Falla eléctrica - motor/tablero,20257.0
PAR-007015,PC-EQ-10,2025-05-01,04:00:00,8.3,Preventiva,Mantenimiento programado (plan anual),15743.0
PAR-005931,PC-EQ-06,2027-08-18,00:00:00,0.6,Correctiva,Falla de lubricación,1009.0
PAR-007004,PC-EQ-10,2025-03-27,20:00:00,1.0,Operativa,Falta de mineral en cancha,475.0
PAR-004578,PC-EQ-03,2026-04-20,02:00:00,18.0,Correctiva,Atoro de mineral / obstrucción,18370.0
PAR-003696,PC-EQ-01,2024-03-15,14:00:00,1.3,Correctiva,Rotura de faja/correa,1407.0
PAR-005575,PC-EQ-05,2027-08-03,00:00:00,20.0,Correctiva,Falla eléctrica - motor/tablero,42806.0
PAR-007103,PC-EQ-10,2026-04-05,22:00:00,0.5,Correctiva,Falla de lubricación,1056.0
PAR-006345,PC-EQ-08,2025-04-09,06:00:00,3.5,Correctiva,Rotura de faja/correa,5364.0
PAR-006350,PC-EQ-08,2025-04-18,02:00:00,20.0,Correctiva,Falla eléctrica - motor/tablero,16057.0
PAR-003860,PC-EQ-01,2026-01-27,04:00:00,10.8,Correctiva,Atoro de mineral / obstrucción,23129.0
PAR-006694,PC-EQ-09,2025-07-14,05:00:00,1.8,Correctiva,Rotura de faja/correa,2474.0
PAR-004511,PC-EQ-03,2025-07-02,00:00:00,18.7,Correctiva,Atoro de mineral / obstrucción,37995.0
PAR-006170,PC-EQ-07,2027-02-22,20:00:00,2.3,Operativa,Indeterminado,1032.0
PAR-006061,PC-EQ-07,2025-07-27,16:00:00,5.4,Correctiva,Falla mecánica - desgaste de componente,8008.0
PAR-004937,PC-EQ-04,2026-02-07,03:00:00,15.0,Correctiva,Rotura de faja/correa,15147.0
PAR-005677,PC-EQ-06,2024-08-11,03:00:00,20.0,Correctiva,Falla mecánica - desgaste de componente,41963.0
PAR-005191,PC-EQ-05,2024-05-18,01:00:00,20.0,Correctiva,Atoro de mineral / obstrucción,38387.0
PAR-003842,PC-EQ-01,2025-12-12,09:00:00,4.9,Preventiva,Mantenimiento programado (plan anual),9864.0
PAR-005607,PC-EQ-05,2027-11-20,02:00:00,4.0,Correctiva,Indeterminado,3301.0
PAR-006993,PC-EQ-10,2025-02-16,17:00:00,1.8,Operativa,Espera de insumos (reactivos/bolas de molienda),852.0
PAR-003823,PC-EQ-01,2025-09-22,10:00:00,8.2,Preventiva,Mantenimiento programado (plan anual),8542.0
PAR-006444,PC-EQ-08,2026-05-11,06:00:00,8.2,Preventiva,Mantenimiento programado (plan anual),8562.0
PAR-004254,PC-EQ-02,2026-04-13,10:00:00,5.8,Correctiva,Rotura de faja/correa,8934.0
PAR-004497,PC-EQ-03,2025-04-21,14:00:00,1.5,Operativa,Corte de energía externo,579.0
PAR-003807,PC-EQ-01,2025-07-29,14:00:00,7.1,Preventiva,Indeterminado,13819.0
PAR-004731,PC-EQ-04,2024-05-05,03:00:00,20.0,Correctiva,Atoro de mineral / obstrucción,26873.0
PAR-005480,PC-EQ-05,2026-10-01,12:00:00,9.0,Correctiva,Falla eléctrica - motor/tablero,14978.0
PAR-006566,PC-EQ-08,2027-08-31,04:00:00,16.1,Correctiva,Falla eléctrica - motor/tablero,23367.0
PAR-003805,PC-EQ-01,2025-07-10,09:00:00,7.7,Preventiva,Mantenimiento programado (plan anual),9051.0
PAR-005352,PC-EQ-05,2025-10-13,01:00:00,8.2,Preventiva,Mantenimiento programado (plan anual),
PAR-004095,PC-EQ-02,2024-07-08,09:00:00,8.0,Preventiva,Mantenimiento programado (plan anual),12521.0
PAR-004029,PC-EQ-01,2027-10-28,05:00:00,16.3,Correctiva,Falla de lubricación,30889.0
PAR-003919,PC-EQ-01,2026-09-04,10:00:00,9.8,Correctiva,Falla de lubricación,20368.0
PAR-004956,PC-EQ-04,2026-04-19,07:00:00,12.3,Correctiva,Falla mecánica - desgaste de componente,15547.0
PAR-006318,PC-EQ-08,2024-12-13,09:00:00,6.0,Correctiva,Falla mecánica - desgaste de componente,5818.0
PAR-004347,PC-EQ-02,2027-04-13,03:00:00,12.5,Correctiva,Falla eléctrica - motor/tablero,13318.0
PAR-005137,PC-EQ-04,2027-10-22,03:00:00,20.0,Correctiva,Falla de lubricación,
PAR-006581,PC-EQ-08,2027-10-27,01:00:00,19.7,Correctiva,Atoro de mineral / obstrucción,23963.0
PAR-005083,PC-EQ-04,2027-05-21,16:00:00,0.9,Correctiva,Atoro de mineral / obstrucción,1402.0
PAR-005774,PC-EQ-06,2025-10-23,03:00:00,5.4,Correctiva,Falla de lubricación,5868.0
PAR-006215,PC-EQ-07,2027-09-11,11:00:00,5.2,Correctiva,Falla mecánica - desgaste de componente,4668.0
PAR-003972,PC-EQ-01,2027-04-03,13:00:00,1.2,Correctiva,Falla eléctrica - motor/tablero,1237.0
PAR-004472,PC-EQ-03,2024-12-13,09:00:00,2.7,Correctiva,Rotura de faja/correa,5337.0
PAR-007195,PC-EQ-10,2027-03-30,01:00:00,8.4,Preventiva,Mantenimiento programado (plan anual),12262.0
PAR-005132,PC-EQ-04,2027-10-15,00:00:00,3.8,Correctiva,Falla mecánica - desgaste de componente,5745.0
PAR-006580,PC-EQ-08,2027-10-27,20:00:00,1.3,Operativa,Espera de insumos (reactivos/bolas de molienda),678.0
PAR-006971,PC-EQ-10,2024-11-13,14:00:00,2.0,Operativa,Corte de energía externo,958.0
PAR-005414,PC-EQ-05,2026-03-29,13:00:00,5.8,Preventiva,Mantenimiento programado (plan anual),12677.0
PAR-003838,PC-EQ-01,2025-12-03,03:00:00,12.2,Correctiva,Falla de lubricación,16662.0
PAR-005655,PC-EQ-06,2024-05-17,12:00:00,8.3,Preventiva,Mantenimiento programado (plan anual),9936.0
PAR-005684,PC-EQ-06,2024-09-09,10:00:00,5.8,Correctiva,Atoro de mineral / obstrucción,7691.0
PAR-005354,PC-EQ-05,2025-10-25,09:00:00,8.2,Correctiva,Atoro de mineral / obstrucción,17707.0
PAR-005688,PC-EQ-06,2024-09-29,12:00:00,7.9,Preventiva,Mantenimiento programado (plan anual),16478.0
PAR-004487,PC-EQ-03,2025-02-20,03:00:00,13.1,Correctiva,Falla de lubricación,26735.0
PAR-003713,PC-EQ-01,2024-06-16,15:00:00,1.0,Operativa,Falta de mineral en cancha,386.0
PAR-007234,PC-EQ-10,2027-09-11,04:00:00,5.9,Preventiva,Mantenimiento programado (plan anual),4857.0
PAR-005468,PC-EQ-05,2026-08-10,17:00:00,1.7,Operativa,Espera de insumos (reactivos/bolas de molienda),351.0
PAR-005017,PC-EQ-04,2026-10-06,01:00:00,20.0,Correctiva,Falla de lubricación,35144.0
PAR-006083,PC-EQ-07,2025-11-27,08:00:00,1.3,Correctiva,Falla de lubricación,1503.0
PAR-005047,PC-EQ-04,2027-01-15,14:00:00,8.4,Preventiva,Mantenimiento programado (plan anual),16627.0
PAR-006163,PC-EQ-07,2027-01-30,21:00:00,1.4,Operativa,Corte de energía externo,622.0
PAR-006617,PC-EQ-09,2024-05-26,05:00:00,0.7,Operativa,Falta de mineral en cancha,155.0
PAR-004119,PC-EQ-02,2024-10-27,05:00:00,7.1,Preventiva,Mantenimiento programado (plan anual),14188.0
PAR-005370,PC-EQ-05,2025-12-03,20:00:00,1.3,Operativa,Falta de mineral en cancha,520.0
PAR-004039,PC-EQ-01,2027-12-05,03:00:00,8.5,Correctiva,Rotura de faja/correa,13569.0
PAR-005863,PC-EQ-06,2026-11-04,01:00:00,6.6,Preventiva,Mantenimiento programado (plan anual),12425.0
PAR-006721,PC-EQ-09,2025-11-25,14:00:00,4.8,Preventiva,Mantenimiento programado (plan anual),5755.0
PAR-004681,PC-EQ-03,2027-11-19,19:00:00,2.3,Correctiva,Rotura de faja/correa,4908.0
PAR-003987,PC-EQ-01,2027-05-30,01:00:00,16.2,Correctiva,Falla de lubricación,17081.0
PAR-005023,PC-EQ-04,2026-10-22,00:00:00,2.6,Operativa,Espera de insumos (reactivos/bolas de molienda),1008.0
PAR-006225,PC-EQ-07,2027-11-30,00:00:00,4.6,Preventiva,Mantenimiento programado (plan anual),
PAR-004649,PC-EQ-03,2027-05-23,16:00:00,2.1,Operativa,Espera de insumos (reactivos/bolas de molienda),681.0
PAR-005397,PC-EQ-05,2026-02-14,00:00:00,20.0,Correctiva,Falla eléctrica - motor/tablero,25327.0
PAR-006284,PC-EQ-08,2024-07-21,15:00:00,0.5,Correctiva,Atoro de mineral / obstrucción,527.0
PAR-004100,PC-EQ-02,2024-07-26,15:00:00,7.8,Preventiva,Mantenimiento programado (plan anual),14449.0
PAR-005616,PC-EQ-05,2027-12-13,00:00:00,20.0,Correctiva,Rotura de faja/correa,33842.0
PAR-003954,PC-EQ-01,2027-01-24,06:00:00,5.6,Preventiva,Mantenimiento programado (plan anual),7147.0
PAR-005953,PC-EQ-06,2027-11-07,15:00:00,1.3,Operativa,Condiciones climáticas adversas,561.0
PAR-006693,PC-EQ-09,2025-07-14,08:00:00,2.8,Operativa,Espera de insumos (reactivos/bolas de molienda),1334.0
PAR-005407,PC-EQ-05,2026-03-09,06:00:00,10.5,Correctiva,Atoro de mineral / obstrucción,22898.0
PAR-005648,PC-EQ-06,2024-04-25,10:00:00,10.0,Correctiva,Falla eléctrica - motor/tablero,15282.0
PAR-004219,PC-EQ-02,2025-12-29,16:00:00,2.1,Correctiva,Atoro de mineral / obstrucción,3050.0
PAR-005014,PC-EQ-04,2026-09-28,11:00:00,0.8,Operativa,Falta de mineral en cancha,207.0
PAR-005139,PC-EQ-04,2027-10-29,10:00:00,6.2,Preventiva,Mantenimiento programado (plan anual),9107.0
PAR-005900,PC-EQ-06,2027-03-27,20:00:00,1.8,Operativa,Espera de insumos (reactivos/bolas de molienda),581.0
PAR-004765,PC-EQ-04,2024-08-10,03:00:00,20.0,Correctiva,Falla de lubricación,18070.0
PAR-005416,PC-EQ-05,2026-03-30,06:00:00,1.6,Operativa,Indeterminado,717.0
PAR-004414,PC-EQ-03,2024-01-21,12:00:00,1.5,Correctiva,Atoro de mineral / obstrucción,2713.0
PAR-005038,PC-EQ-04,2026-11-25,11:00:00,11.2,Correctiva,Rotura de faja/correa,19412.0
PAR-005181,PC-EQ-05,2024-04-07,03:00:00,20.0,Correctiva,Falla eléctrica - motor/tablero,32775.0
PAR-006417,PC-EQ-08,2026-01-11,14:00:00,1.8,Operativa,Espera de insumos (reactivos/bolas de molienda),604.0
PAR-005855,PC-EQ-06,2026-09-21,11:00:00,8.3,Correctiva,Falla mecánica - desgaste de componente,17471.0
PAR-006916,PC-EQ-10,2024-04-24,02:00:00,7.6,Correctiva,Rotura de faja/correa,14931.0
PAR-003948,PC-EQ-01,2027-01-03,03:00:00,7.3,Preventiva,Mantenimiento programado (plan anual),6835.0
PAR-006789,PC-EQ-09,2026-09-19,03:00:00,6.0,Preventiva,Mantenimiento programado (plan anual),12767.0
PAR-005453,PC-EQ-05,2026-06-30,12:00:00,6.9,Correctiva,Falla eléctrica - motor/tablero,7203.0
PAR-006120,PC-EQ-07,2026-06-22,15:00:00,4.1,Correctiva,Falla mecánica - desgaste de componente,8359.0
PAR-006449,PC-EQ-08,2026-05-21,10:00:00,0.8,Operativa,Corte de energía externo,382.0
PAR-003774,PC-EQ-01,2025-02-14,00:00:00,6.5,Correctiva,Atoro de mineral / obstrucción,13623.0
PAR-004807,PC-EQ-04,2024-12-16,18:00:00,1.7,Correctiva,Rotura de faja/correa,1419.0
PAR-004792,PC-EQ-04,2024-10-31,03:00:00,4.7,Correctiva,Atoro de mineral / obstrucción,7368.0
PAR-006220,PC-EQ-07,2027-10-27,15:00:00,7.4,Preventiva,Mantenimiento programado (plan anual),8106.0
PAR-007176,PC-EQ-10,2027-01-12,04:00:00,4.6,Correctiva,Falla eléctrica - motor/tablero,6041.0
PAR-005557,PC-EQ-05,2027-06-03,04:00:00,5.8,Preventiva,Mantenimiento programado (plan anual),5285.0
PAR-004492,PC-EQ-03,2025-03-27,10:00:00,7.8,Preventiva,Mantenimiento programado (plan anual),15789.0
PAR-006938,PC-EQ-10,2024-07-31,05:00:00,15.8,Correctiva,Rotura de faja/correa,32655.0
PAR-003835,PC-EQ-01,2025-11-21,09:00:00,8.8,Preventiva,Mantenimiento programado (plan anual),7232.0
PAR-003958,PC-EQ-01,2027-02-15,05:00:00,4.0,Correctiva,Falla eléctrica - motor/tablero,7643.0
PAR-004730,PC-EQ-04,2024-04-30,00:00:00,18.0,Correctiva,Atoro de mineral / obstrucción,30864.0
PAR-004517,PC-EQ-03,2025-07-30,11:00:00,5.4,Preventiva,Mantenimiento programado (plan anual),9045.0
PAR-004109,PC-EQ-02,2024-08-31,14:00:00,8.4,Preventiva,Indeterminado,10461.0
PAR-006612,PC-EQ-09,2024-04-25,14:00:00,8.9,Preventiva,Mantenimiento programado (plan anual),7860.0
PAR-004315,PC-EQ-02,2026-12-22,15:00:00,1.5,Correctiva,Falla de lubricación,2480.0
PAR-006639,PC-EQ-09,2024-10-14,04:00:00,0.9,Operativa,Condiciones climáticas adversas,213.0
PAR-005605,PC-EQ-05,2027-11-09,09:00:00,7.0,Correctiva,Falla de lubricación,10053.0
PAR-004978,PC-EQ-04,2026-06-23,12:00:00,0.6,Correctiva,Falla de lubricación,811.0
PAR-004992,PC-EQ-04,2026-07-25,03:00:00,0.5,Correctiva,Falla de lubricación,
PAR-006609,PC-EQ-09,2024-04-09,17:00:00,4.8,Preventiva,Mantenimiento programado (plan anual),5894.0
PAR-005744,PC-EQ-06,2025-06-21,04:00:00,3.0,Operativa,Falta de mineral en cancha,616.0
PAR-006353,PC-EQ-08,2025-05-01,02:00:00,5.0,Preventiva,Mantenimiento programado (plan anual),10861.0
PAR-005338,PC-EQ-05,2025-08-21,13:00:00,8.0,Correctiva,Atoro de mineral / obstrucción,12135.0
PAR-006435,PC-EQ-08,2026-04-03,06:00:00,4.2,Correctiva,Falla eléctrica - motor/tablero,5493.0
PAR-003847,PC-EQ-01,2025-12-21,12:00:00,0.9,Operativa,Espera de insumos (reactivos/bolas de molienda),214.0
PAR-004971,PC-EQ-04,2026-05-31,07:00:00,7.5,Preventiva,Mantenimiento programado (plan anual),15248.0
PAR-004345,PC-EQ-02,2027-04-07,16:00:00,4.4,Correctiva,Falla eléctrica - motor/tablero,4854.0
PAR-005750,PC-EQ-06,2025-07-21,05:00:00,9.0,Preventiva,Mantenimiento programado (plan anual),14614.0
PAR-004940,PC-EQ-04,2026-02-20,19:00:00,1.5,Operativa,Corte de energía externo,532.0
PAR-006874,PC-EQ-09,2027-11-21,03:00:00,17.6,Correctiva,Falla de lubricación,17397.0
PAR-003788,PC-EQ-01,2025-04-04,05:00:00,7.7,Preventiva,Indeterminado,12465.0
PAR-006543,PC-EQ-08,2027-05-07,14:00:00,6.7,Preventiva,Mantenimiento programado (plan anual),8259.0
PAR-007050,PC-EQ-10,2025-09-07,05:00:00,16.4,Correctiva,Falla eléctrica - motor/tablero,35181.0
PAR-006798,PC-EQ-09,2026-10-29,08:00:00,8.7,Preventiva,Mantenimiento programado (plan anual),18583.0
PAR-005167,PC-EQ-05,2024-02-18,19:00:00,1.5,Operativa,Corte de energía externo,809.0
PAR-006882,PC-EQ-09,2027-12-13,05:00:00,2.9,Operativa,Condiciones climáticas adversas,861.0
PAR-006614,PC-EQ-09,2024-05-09,12:00:00,7.0,Preventiva,Mantenimiento programado (plan anual),10632.0
PAR-006394,PC-EQ-08,2025-09-23,00:00:00,1.6,Operativa,Falta de mineral en cancha,868.0
PAR-006012,PC-EQ-07,2024-10-23,13:00:00,4.5,Preventiva,Mantenimiento programado (plan anual),5046.0
PAR-006733,PC-EQ-09,2026-01-20,08:00:00,2.4,Operativa,Condiciones climáticas adversas,903.0
PAR-005171,PC-EQ-05,2024-03-06,02:00:00,17.7,Correctiva,Atoro de mineral / obstrucción,38243.0
PAR-004686,PC-EQ-03,2027-12-07,00:00:00,1.5,Operativa,Espera de insumos (reactivos/bolas de molienda),729.0
PAR-004691,PC-EQ-04,2024-01-08,01:00:00,1.8,Operativa,Falta de mineral en cancha,559.0
PAR-005267,PC-EQ-05,2024-12-19,04:00:00,12.9,Correctiva,Falla mecánica - desgaste de componente,25858.0
PAR-006918,PC-EQ-10,2024-04-30,02:00:00,5.7,Preventiva,Mantenimiento programado (plan anual),7626.0
PAR-006689,PC-EQ-09,2025-07-09,12:00:00,6.6,Correctiva,Rotura de faja/correa,9124.0
PAR-006724,PC-EQ-09,2025-12-03,08:00:00,4.9,Correctiva,Falla mecánica - desgaste de componente,8152.0
PAR-003889,PC-EQ-01,2026-05-05,14:00:00,2.0,Correctiva,Falla de lubricación,3872.0
PAR-005209,PC-EQ-05,2024-07-03,12:00:00,7.6,Correctiva,Falla eléctrica - motor/tablero,13021.0
PAR-005850,PC-EQ-06,2026-08-20,02:00:00,20.0,Correctiva,Falla eléctrica - motor/tablero,39314.0
PAR-003721,PC-EQ-01,2024-07-05,01:00:00,7.9,Preventiva,Indeterminado,10578.0
PAR-005740,PC-EQ-06,2025-05-24,13:00:00,7.1,Preventiva,Indeterminado,9149.0
PAR-005726,PC-EQ-06,2025-04-05,05:00:00,1.9,Operativa,Espera de insumos (reactivos/bolas de molienda),883.0
PAR-005095,PC-EQ-04,2027-06-30,01:00:00,1.8,Operativa,Falta de mineral en cancha,469.0
PAR-007212,PC-EQ-10,2027-06-05,13:00:00,2.2,Operativa,Condiciones climáticas adversas,1087.0
PAR-004972,PC-EQ-04,2026-06-01,00:00:00,20.0,Correctiva,Indeterminado,16837.0
PAR-004531,PC-EQ-03,2025-10-12,18:00:00,0.8,Operativa,Espera de insumos (reactivos/bolas de molienda),
PAR-007105,PC-EQ-10,2026-04-11,08:00:00,5.2,Preventiva,Mantenimiento programado (plan anual),7934.0
PAR-006093,PC-EQ-07,2025-12-31,06:00:00,2.2,Correctiva,Rotura de faja/correa,3208.0
PAR-004595,PC-EQ-03,2026-07-07,06:00:00,7.5,Preventiva,Mantenimiento programado (plan anual),12115.0
PAR-006399,PC-EQ-08,2025-10-27,13:00:00,2.0,Correctiva,Falla mecánica - desgaste de componente,2304.0
PAR-005473,PC-EQ-05,2026-08-23,07:00:00,7.0,Correctiva,Atoro de mineral / obstrucción,7649.0
PAR-005621,PC-EQ-05,2027-12-29,03:00:00,5.9,Correctiva,Falla mecánica - desgaste de componente,10956.0
PAR-004225,PC-EQ-02,2026-01-12,14:00:00,6.5,Correctiva,Falla eléctrica - motor/tablero,11202.0
PAR-006258,PC-EQ-08,2024-04-25,10:00:00,0.5,Correctiva,Rotura de faja/correa,584.0
PAR-006062,PC-EQ-07,2025-08-04,14:00:00,6.5,Preventiva,Mantenimiento programado (plan anual),11016.0
PAR-006467,PC-EQ-08,2026-08-11,05:00:00,2.5,Operativa,Falta de mineral en cancha,705.0
PAR-005987,PC-EQ-07,2024-06-08,16:00:00,2.5,Operativa,Espera de insumos (reactivos/bolas de molienda),975.0
PAR-005969,PC-EQ-07,2024-01-26,08:00:00,0.9,Operativa,Falta de mineral en cancha,509.0
PAR-004734,PC-EQ-04,2024-05-11,16:00:00,2.8,Operativa,Espera de insumos (reactivos/bolas de molienda),858.0
PAR-006141,PC-EQ-07,2026-10-21,14:00:00,1.1,Operativa,Corte de energía externo,267.0
PAR-007168,PC-EQ-10,2026-12-07,12:00:00,5.6,Correctiva,Falla de lubricación,5067.0
PAR-006669,PC-EQ-09,2025-03-31,19:00:00,0.5,Correctiva,Atoro de mineral / obstrucción,1049.0
PAR-005818,PC-EQ-06,2026-04-21,00:00:00,20.0,Correctiva,Falla de lubricación,34027.0
PAR-007243,PC-EQ-10,2027-10-27,17:00:00,1.4,Operativa,Falta de mineral en cancha,694.0
PAR-003906,PC-EQ-01,2026-07-12,10:00:00,8.7,Correctiva,Atoro de mineral / obstrucción,9108.0
PAR-005256,PC-EQ-05,2024-12-01,00:00:00,13.6,Correctiva,Atoro de mineral / obstrucción,11906.0
PAR-004376,PC-EQ-02,2027-08-21,05:00:00,6.7,Preventiva,Mantenimiento programado (plan anual),7452.0
PAR-006029,PC-EQ-07,2025-02-06,04:00:00,2.0,Operativa,Espera de insumos (reactivos/bolas de molienda),751.0
PAR-006290,PC-EQ-08,2024-08-12,16:00:00,4.2,Preventiva,Mantenimiento programado (plan anual),6142.0
PAR-004162,PC-EQ-02,2025-04-27,02:00:00,4.6,Preventiva,Mantenimiento programado (plan anual),6748.0
PAR-006668,PC-EQ-09,2025-03-22,15:00:00,4.8,Preventiva,Mantenimiento programado (plan anual),4954.0
PAR-004865,PC-EQ-04,2025-06-23,01:00:00,0.6,Operativa,Indeterminado,303.0
PAR-007135,PC-EQ-10,2026-07-25,00:00:00,20.0,Correctiva,Atoro de mineral / obstrucción,20205.0
PAR-004932,PC-EQ-04,2026-01-26,09:00:00,7.2,Preventiva,Mantenimiento programado (plan anual),14747.0
PAR-006166,PC-EQ-07,2027-02-13,00:00:00,1.4,Operativa,Falta de mineral en cancha,362.0
PAR-003684,PC-EQ-01,2024-01-11,04:00:00,2.8,Operativa,Corte de energía externo,1330.0
PAR-003862,PC-EQ-01,2026-02-03,01:00:00,7.1,Correctiva,Falla de lubricación,8986.0
PAR-007169,PC-EQ-10,2026-12-09,13:00:00,2.5,Operativa,Falta de mineral en cancha,1399.0
PAR-003711,PC-EQ-01,2024-06-04,12:00:00,2.0,Operativa,Falta de mineral en cancha,1096.0
PAR-003899,PC-EQ-01,2026-06-22,02:00:00,5.3,Preventiva,Mantenimiento programado (plan anual),11622.0
PAR-006361,PC-EQ-08,2025-06-01,16:00:00,1.6,Correctiva,Rotura de faja/correa,2289.0
PAR-004616,PC-EQ-03,2026-10-24,18:00:00,1.5,Correctiva,Indeterminado,1560.0
PAR-006340,PC-EQ-08,2025-03-20,04:00:00,0.7,Operativa,Falta de mineral en cancha,143.0
PAR-004850,PC-EQ-04,2025-05-04,06:00:00,3.4,Correctiva,Indeterminado,4112.0
PAR-006807,PC-EQ-09,2026-11-29,16:00:00,1.5,Operativa,Espera de insumos (reactivos/bolas de molienda),794.0
PAR-005502,PC-EQ-05,2026-12-13,03:00:00,19.6,Correctiva,Falla mecánica - desgaste de componente,33009.0
PAR-004300,PC-EQ-02,2026-10-20,16:00:00,4.2,Preventiva,Mantenimiento programado (plan anual),6375.0
PAR-006860,PC-EQ-09,2027-09-14,00:00:00,8.8,Preventiva,Mantenimiento programado (plan anual),16893.0
PAR-004459,PC-EQ-03,2024-09-24,18:00:00,3.6,Correctiva,Rotura de faja/correa,5604.0
PAR-006554,PC-EQ-08,2027-07-01,04:00:00,8.6,Preventiva,Mantenimiento programado (plan anual),11830.0
PAR-005996,PC-EQ-07,2024-08-18,15:00:00,2.1,Operativa,Condiciones climáticas adversas,700.0
PAR-003699,PC-EQ-01,2024-04-08,08:00:00,2.5,Correctiva,Falla mecánica - desgaste de componente,2688.0
PAR-006782,PC-EQ-09,2026-08-21,05:00:00,7.3,Preventiva,Mantenimiento programado (plan anual),5894.0
PAR-005869,PC-EQ-06,2026-12-11,04:00:00,6.0,Preventiva,Mantenimiento programado (plan anual),5816.0
PAR-005723,PC-EQ-06,2025-03-30,12:00:00,7.4,Preventiva,Mantenimiento programado (plan anual),8495.0
PAR-004337,PC-EQ-02,2027-03-16,13:00:00,1.8,Operativa,Condiciones climáticas adversas,436.0
PAR-005234,PC-EQ-05,2024-09-18,03:00:00,1.2,Operativa,Condiciones climáticas adversas,
PAR-005494,PC-EQ-05,2026-11-09,04:00:00,18.1,Correctiva,Atoro de mineral / obstrucción,28689.0
PAR-004054,PC-EQ-02,2024-02-12,15:00:00,1.2,Correctiva,Rotura de faja/correa,2030.0
PAR-006488,PC-EQ-08,2026-10-12,07:00:00,4.1,Correctiva,Falla eléctrica - motor/tablero,7469.0
PAR-004469,PC-EQ-03,2024-11-28,13:00:00,8.2,Correctiva,Atoro de mineral / obstrucción,15234.0
PAR-004078,PC-EQ-02,2024-05-13,08:00:00,2.9,Operativa,Condiciones climáticas adversas,1458.0
PAR-003869,PC-EQ-01,2026-02-28,01:00:00,7.0,Correctiva,Falla mecánica - desgaste de componente,11705.0
PAR-004597,PC-EQ-03,2026-07-17,09:00:00,3.5,Correctiva,Falla de lubricación,3209.0
PAR-004055,PC-EQ-02,2024-02-14,09:00:00,2.9,Operativa,Indeterminado,614.0
PAR-005401,PC-EQ-05,2026-02-24,02:00:00,2.3,Correctiva,Falla mecánica - desgaste de componente,2464.0
PAR-006727,PC-EQ-09,2025-12-14,05:00:00,4.4,Preventiva,Mantenimiento programado (plan anual),6407.0
PAR-005665,PC-EQ-06,2024-07-01,12:00:00,6.5,Preventiva,Mantenimiento programado (plan anual),10944.0
PAR-004058,PC-EQ-02,2024-02-19,16:00:00,1.5,Correctiva,Atoro de mineral / obstrucción,2547.0
PAR-006419,PC-EQ-08,2026-01-19,00:00:00,20.0,Correctiva,Falla mecánica - desgaste de componente,25371.0
PAR-004892,PC-EQ-04,2025-09-16,17:00:00,0.9,Operativa,Espera de insumos (reactivos/bolas de molienda),519.0
PAR-004883,PC-EQ-04,2025-08-16,03:00:00,7.4,Correctiva,Atoro de mineral / obstrucción,13323.0
PAR-004676,PC-EQ-03,2027-10-23,20:00:00,2.5,Operativa,Falta de mineral en cancha,1142.0
PAR-005867,PC-EQ-06,2026-11-23,03:00:00,12.8,Correctiva,Falla eléctrica - motor/tablero,16722.0
PAR-003794,PC-EQ-01,2025-05-04,02:00:00,20.0,Correctiva,Falla eléctrica - motor/tablero,28699.0
PAR-004068,PC-EQ-02,2024-03-28,13:00:00,1.6,Correctiva,Rotura de faja/correa,2584.0
PAR-005976,PC-EQ-07,2024-03-20,14:00:00,7.9,Preventiva,Mantenimiento programado (plan anual),13800.0
PAR-005326,PC-EQ-05,2025-07-23,05:00:00,6.1,Correctiva,Rotura de faja/correa,10757.0
PAR-005174,PC-EQ-05,2024-03-16,04:00:00,6.1,Preventiva,Mantenimiento programado (plan anual),12714.0
PAR-006264,PC-EQ-08,2024-05-13,10:00:00,10.2,Correctiva,Falla de lubricación,8430.0
PAR-005516,PC-EQ-05,2027-01-22,05:00:00,7.5,Preventiva,Mantenimiento programado (plan anual),7327.0
PAR-006352,PC-EQ-08,2025-04-26,21:00:00,1.6,Correctiva,Atoro de mineral / obstrucción,1864.0
PAR-006752,PC-EQ-09,2026-04-02,12:00:00,1.1,Correctiva,Atoro de mineral / obstrucción,2408.0
PAR-004167,PC-EQ-02,2025-05-20,12:00:00,4.9,Preventiva,Mantenimiento programado (plan anual),4490.0
PAR-006650,PC-EQ-09,2024-12-01,09:00:00,7.9,Preventiva,Mantenimiento programado (plan anual),15680.0
PAR-007099,PC-EQ-10,2026-03-15,15:00:00,2.8,Operativa,Condiciones climáticas adversas,1023.0
PAR-005491,PC-EQ-05,2026-11-04,14:00:00,8.8,Preventiva,Mantenimiento programado (plan anual),12008.0
PAR-004384,PC-EQ-02,2027-09-19,12:00:00,6.7,Correctiva,Falla de lubricación,11385.0
PAR-005651,PC-EQ-06,2024-04-30,09:00:00,3.7,Correctiva,Falla mecánica - desgaste de componente,5116.0
PAR-005629,PC-EQ-06,2024-01-22,09:00:00,9.5,Correctiva,Falla eléctrica - motor/tablero,14161.0
PAR-005090,PC-EQ-04,2027-06-10,01:00:00,10.3,Correctiva,Atoro de mineral / obstrucción,17468.0
PAR-005614,PC-EQ-05,2027-12-09,07:00:00,2.5,Correctiva,Rotura de faja/correa,5467.0
PAR-005811,PC-EQ-06,2026-03-18,12:00:00,4.0,Correctiva,Falla de lubricación,6306.0
PAR-005600,PC-EQ-05,2027-10-19,04:00:00,4.5,Preventiva,Mantenimiento programado (plan anual),7821.0
PAR-004987,PC-EQ-04,2026-07-10,00:00:00,20.0,Correctiva,Falla mecánica - desgaste de componente,39368.0
PAR-004799,PC-EQ-04,2024-11-21,05:00:00,7.8,Correctiva,Rotura de faja/correa,11268.0
PAR-005368,PC-EQ-05,2025-11-28,05:00:00,4.2,Preventiva,Mantenimiento programado (plan anual),8249.0
PAR-007242,PC-EQ-10,2027-10-22,08:00:00,1.3,Correctiva,Falla eléctrica - motor/tablero,1783.0
PAR-005219,PC-EQ-05,2024-07-30,14:00:00,3.0,Correctiva,Falla mecánica - desgaste de componente,6010.0
PAR-007192,PC-EQ-10,2027-03-14,01:00:00,1.3,Operativa,Espera de insumos (reactivos/bolas de molienda),501.0
PAR-003722,PC-EQ-01,2024-07-07,17:00:00,1.8,Operativa,Espera de insumos (reactivos/bolas de molienda),918.0
PAR-004901,PC-EQ-04,2025-10-12,06:00:00,4.6,Correctiva,Atoro de mineral / obstrucción,6892.0
PAR-005135,PC-EQ-04,2027-10-19,03:00:00,18.2,Correctiva,Falla mecánica - desgaste de componente,15018.0
PAR-004462,PC-EQ-03,2024-10-21,09:00:00,7.1,Preventiva,Mantenimiento programado (plan anual),7693.0
PAR-004648,PC-EQ-03,2027-05-14,15:00:00,7.0,Preventiva,Mantenimiento programado (plan anual),8550.0
PAR-005566,PC-EQ-05,2027-07-10,01:00:00,20.0,Correctiva,Atoro de mineral / obstrucción,20620.0
PAR-006219,PC-EQ-07,2027-10-10,09:00:00,7.5,Preventiva,Mantenimiento programado (plan anual),15783.0
PAR-005541,PC-EQ-05,2027-04-25,00:00:00,20.0,Correctiva,Rotura de faja/correa,30518.0
PAR-004451,PC-EQ-03,2024-08-04,15:00:00,0.5,Correctiva,Falla mecánica - desgaste de componente,1083.0
PAR-005048,PC-EQ-04,2027-01-15,00:00:00,20.0,Correctiva,Falla mecánica - desgaste de componente,16684.0
PAR-005706,PC-EQ-06,2025-01-15,02:00:00,16.5,Correctiva,Falla eléctrica - motor/tablero,26778.0
PAR-003694,PC-EQ-01,2024-03-07,16:00:00,5.8,Correctiva,Rotura de faja/correa,7054.0
PAR-004382,PC-EQ-02,2027-09-13,07:00:00,0.7,Operativa,Corte de energía externo,398.0
PAR-006812,PC-EQ-09,2027-01-08,19:00:00,3.0,Correctiva,Indeterminado,3742.0
PAR-006734,PC-EQ-09,2026-01-20,21:00:00,1.4,Correctiva,Falla de lubricación,2744.0
PAR-005456,PC-EQ-05,2026-07-16,07:00:00,5.7,Preventiva,Mantenimiento programado (plan anual),11702.0
PAR-006404,PC-EQ-08,2025-11-20,09:00:00,1.1,Operativa,Condiciones climáticas adversas,
PAR-004589,PC-EQ-03,2026-06-01,08:00:00,0.8,Operativa,Falta de mineral en cancha,386.0
PAR-004739,PC-EQ-04,2024-05-27,11:00:00,2.0,Correctiva,Atoro de mineral / obstrucción,1688.0
PAR-006981,PC-EQ-10,2025-01-09,03:00:00,20.0,Correctiva,Atoro de mineral / obstrucción,43479.0
PAR-005452,PC-EQ-05,2026-06-27,00:00:00,19.6,Correctiva,Falla eléctrica - motor/tablero,20075.0
PAR-007075,PC-EQ-10,2025-12-02,03:00:00,3.1,Correctiva,Atoro de mineral / obstrucción,3004.0
PAR-005859,PC-EQ-06,2026-10-14,01:00:00,7.7,Preventiva,Mantenimiento programado (plan anual),13990.0
PAR-006335,PC-EQ-08,2025-03-14,05:00:00,17.0,Correctiva,Atoro de mineral / obstrucción,29364.0
PAR-006346,PC-EQ-08,2025-04-11,06:00:00,16.0,Correctiva,Atoro de mineral / obstrucción,15503.0
PAR-005302,PC-EQ-05,2025-04-24,05:00:00,5.3,Correctiva,Rotura de faja/correa,10079.0
PAR-006173,PC-EQ-07,2027-03-15,18:00:00,5.0,Preventiva,Mantenimiento programado (plan anual),7688.0
PAR-006462,PC-EQ-08,2026-07-24,01:00:00,11.4,Correctiva,Rotura de faja/correa,12659.0
PAR-005343,PC-EQ-05,2025-09-05,01:00:00,20.0,Correctiva,Falla de lubricación,43868.0
PAR-006523,PC-EQ-08,2027-02-18,11:00:00,7.4,Preventiva,Mantenimiento programado (plan anual),10243.0
PAR-004452,PC-EQ-03,2024-08-05,16:00:00,1.2,Operativa,Espera de insumos (reactivos/bolas de molienda),355.0
PAR-006051,PC-EQ-07,2025-05-19,17:00:00,1.7,Operativa,Espera de insumos (reactivos/bolas de molienda),398.0
PAR-003716,PC-EQ-01,2024-06-24,01:00:00,7.6,Correctiva,Falla mecánica - desgaste de componente,16162.0
PAR-005773,PC-EQ-06,2025-10-22,01:00:00,6.1,Preventiva,Mantenimiento programado (plan anual),4993.0
PAR-003732,PC-EQ-01,2024-08-19,09:00:00,4.5,Correctiva,Falla mecánica - desgaste de componente,5340.0
PAR-005518,PC-EQ-05,2027-01-27,18:00:00,2.4,Operativa,Condiciones climáticas adversas,904.0
PAR-005582,PC-EQ-05,2027-08-29,02:00:00,20.0,Correctiva,Rotura de faja/correa,19279.0
PAR-004500,PC-EQ-03,2025-05-07,13:00:00,5.3,Preventiva,Mantenimiento programado (plan anual),6702.0
PAR-003999,PC-EQ-01,2027-07-15,00:00:00,0.5,Correctiva,Indeterminado,586.0
PAR-005884,PC-EQ-06,2027-01-20,07:00:00,5.9,Correctiva,Falla eléctrica - motor/tablero,9196.0
PAR-005013,PC-EQ-04,2026-09-23,14:00:00,7.5,Correctiva,Rotura de faja/correa,11845.0
PAR-004976,PC-EQ-04,2026-06-16,00:00:00,5.2,Preventiva,Mantenimiento programado (plan anual),6477.0
PAR-005295,PC-EQ-05,2025-04-05,02:00:00,16.6,Correctiva,Falla mecánica - desgaste de componente,29170.0
PAR-003826,PC-EQ-01,2025-10-19,20:00:00,1.6,Correctiva,Falla de lubricación,3010.0
PAR-004143,PC-EQ-02,2025-02-01,05:00:00,2.3,Operativa,Falta de mineral en cancha,1290.0
PAR-007180,PC-EQ-10,2027-01-22,03:00:00,19.3,Correctiva,Falla de lubricación,39806.0
PAR-006211,PC-EQ-07,2027-08-29,03:00:00,5.7,Correctiva,Falla de lubricación,9224.0
PAR-006808,PC-EQ-09,2026-12-03,18:00:00,4.8,Preventiva,Mantenimiento programado (plan anual),9737.0
PAR-004974,PC-EQ-04,2026-06-05,19:00:00,3.0,Correctiva,Rotura de faja/correa,5574.0
PAR-006138,PC-EQ-07,2026-10-11,16:00:00,1.1,Correctiva,Falla eléctrica - motor/tablero,1184.0
PAR-006982,PC-EQ-10,2025-01-15,06:00:00,4.5,Correctiva,Falla eléctrica - motor/tablero,3887.0
PAR-005778,PC-EQ-06,2025-11-09,17:00:00,4.2,Correctiva,Atoro de mineral / obstrucción,5650.0
PAR-006622,PC-EQ-09,2024-06-16,01:00:00,7.4,Preventiva,Mantenimiento programado (plan anual),15938.0
PAR-006099,PC-EQ-07,2026-02-08,11:00:00,7.9,Preventiva,Mantenimiento programado (plan anual),16450.0
PAR-005101,PC-EQ-04,2027-07-09,02:00:00,20.0,Correctiva,Falla eléctrica - motor/tablero,31412.0
PAR-005067,PC-EQ-04,2027-04-03,00:00:00,4.6,Correctiva,Atoro de mineral / obstrucción,9051.0
PAR-004622,PC-EQ-03,2026-11-29,14:00:00,8.0,Preventiva,Mantenimiento programado (plan anual),11454.0
PAR-005102,PC-EQ-04,2027-07-11,00:00:00,2.4,Operativa,Falta de mineral en cancha,1140.0
PAR-004630,PC-EQ-03,2027-01-16,11:00:00,8.8,Preventiva,Mantenimiento programado (plan anual),12563.0
PAR-004646,PC-EQ-03,2027-05-09,08:00:00,2.4,Correctiva,Rotura de faja/correa,2403.0
PAR-004195,PC-EQ-02,2025-08-31,14:00:00,4.3,Preventiva,Mantenimiento programado (plan anual),8024.0
PAR-004618,PC-EQ-03,2026-11-08,16:00:00,2.2,Correctiva,Falla mecánica - desgaste de componente,
PAR-005546,PC-EQ-05,2027-05-03,05:00:00,17.0,Correctiva,Falla de lubricación,15954.0
PAR-003908,PC-EQ-01,2026-07-17,10:00:00,9.3,Correctiva,Falla eléctrica - motor/tablero,9430.0
PAR-005348,PC-EQ-05,2025-09-25,00:00:00,8.5,Correctiva,Atoro de mineral / obstrucción,7246.0
PAR-005447,PC-EQ-05,2026-06-15,16:00:00,6.0,Correctiva,Atoro de mineral / obstrucción,11160.0
PAR-007094,PC-EQ-10,2026-03-03,19:00:00,1.1,Correctiva,Atoro de mineral / obstrucción,1455.0
PAR-005228,PC-EQ-05,2024-08-28,08:00:00,10.7,Correctiva,Rotura de faja/correa,14802.0
PAR-004003,PC-EQ-01,2027-07-20,07:00:00,7.5,Preventiva,Mantenimiento programado (plan anual),12776.0
PAR-005680,PC-EQ-06,2024-08-24,06:00:00,0.9,Operativa,Condiciones climáticas adversas,402.0
PAR-005071,PC-EQ-04,2027-04-12,11:00:00,7.9,Preventiva,Mantenimiento programado (plan anual),8868.0
PAR-006038,PC-EQ-07,2025-03-24,17:00:00,5.6,Correctiva,Indeterminado,9876.0
PAR-005827,PC-EQ-06,2026-05-26,01:00:00,8.9,Correctiva,Atoro de mineral / obstrucción,16359.0
PAR-004535,PC-EQ-03,2025-10-28,03:00:00,3.5,Correctiva,Falla eléctrica - motor/tablero,3731.0
PAR-005520,PC-EQ-05,2027-02-02,14:00:00,1.2,Operativa,Falta de mineral en cancha,314.0
PAR-005366,PC-EQ-05,2025-11-24,01:00:00,20.0,Correctiva,Falla mecánica - desgaste de componente,41125.0
PAR-007204,PC-EQ-10,2027-05-04,07:00:00,4.1,Preventiva,Mantenimiento programado (plan anual),5589.0
PAR-003737,PC-EQ-01,2024-09-15,03:00:00,7.3,Preventiva,Mantenimiento programado (plan anual),10661.0
PAR-006621,PC-EQ-09,2024-06-15,04:00:00,1.4,Correctiva,Falla eléctrica - motor/tablero,3055.0
PAR-005733,PC-EQ-06,2025-05-03,09:00:00,1.4,Operativa,Falta de mineral en cancha,522.0
PAR-005367,PC-EQ-05,2025-11-25,14:00:00,7.0,Correctiva,Rotura de faja/correa,14676.0
PAR-005069,PC-EQ-04,2027-04-10,04:00:00,19.0,Correctiva,Falla mecánica - desgaste de componente,18658.0
PAR-004025,PC-EQ-01,2027-10-04,01:00:00,9.9,Correctiva,Falla eléctrica - motor/tablero,20052.0
PAR-006577,PC-EQ-08,2027-10-12,01:00:00,20.0,Correctiva,Atoro de mineral / obstrucción,41308.0
PAR-006928,PC-EQ-10,2024-06-05,02:00:00,12.6,Correctiva,Falla de lubricación,21257.0
PAR-005226,PC-EQ-05,2024-08-20,04:00:00,15.9,Correctiva,Falla mecánica - desgaste de componente,22717.0
PAR-006162,PC-EQ-07,2027-01-26,14:00:00,6.2,Correctiva,Falla mecánica - desgaste de componente,7814.0
PAR-004520,PC-EQ-03,2025-08-04,03:00:00,4.0,Correctiva,Rotura de faja/correa,4562.0
PAR-006010,PC-EQ-07,2024-10-14,08:00:00,12.0,Correctiva,Rotura de faja/correa,14165.0
PAR-006940,PC-EQ-10,2024-08-05,09:00:00,7.5,Preventiva,Mantenimiento programado (plan anual),11431.0
PAR-005689,PC-EQ-06,2024-10-08,16:00:00,1.4,Operativa,Condiciones climáticas adversas,598.0
PAR-007101,PC-EQ-10,2026-03-26,11:00:00,1.6,Operativa,Falta de mineral en cancha,730.0
PAR-005560,PC-EQ-05,2027-06-17,01:00:00,8.6,Preventiva,Mantenimiento programado (plan anual),12329.0
PAR-005254,PC-EQ-05,2024-11-29,11:00:00,1.9,Operativa,Condiciones climáticas adversas,805.0
PAR-005830,PC-EQ-06,2026-06-04,15:00:00,6.7,Preventiva,Mantenimiento programado (plan anual),6213.0
PAR-005695,PC-EQ-06,2024-11-12,12:00:00,1.3,Correctiva,Falla eléctrica - motor/tablero,2612.0
PAR-003759,PC-EQ-01,2024-12-22,08:00:00,2.7,Operativa,Espera de insumos (reactivos/bolas de molienda),1150.0
PAR-004528,PC-EQ-03,2025-10-03,01:00:00,4.0,Correctiva,Falla de lubricación,6658.0
PAR-007016,PC-EQ-10,2025-05-02,08:00:00,12.9,Correctiva,Falla mecánica - desgaste de componente,26177.0
PAR-007144,PC-EQ-10,2026-08-28,10:00:00,2.3,Operativa,Espera de insumos (reactivos/bolas de molienda),1191.0
PAR-005059,PC-EQ-04,2027-02-26,05:00:00,1.2,Operativa,Indeterminado,412.0
PAR-005986,PC-EQ-07,2024-06-03,11:00:00,8.5,Preventiva,Mantenimiento programado (plan anual),16001.0
PAR-007137,PC-EQ-10,2026-07-30,16:00:00,3.1,Correctiva,Falla mecánica - desgaste de componente,5882.0
PAR-004164,PC-EQ-02,2025-05-07,03:00:00,2.8,Operativa,Falta de mineral en cancha,775.0
PAR-006875,PC-EQ-09,2027-11-23,05:00:00,4.9,Preventiva,Mantenimiento programado (plan anual),6695.0
PAR-003834,PC-EQ-01,2025-11-11,22:00:00,0.5,Correctiva,Falla mecánica - desgaste de componente,649.0
PAR-006640,PC-EQ-09,2024-10-16,09:00:00,0.8,Operativa,Espera de insumos (reactivos/bolas de molienda),168.0
PAR-004133,PC-EQ-02,2024-12-19,07:00:00,2.2,Operativa,Falta de mineral en cancha,495.0
PAR-007248,PC-EQ-10,2027-11-03,14:00:00,5.9,Preventiva,Mantenimiento programado (plan anual),5476.0
PAR-006758,PC-EQ-09,2026-04-27,15:00:00,1.1,Correctiva,Falla mecánica - desgaste de componente,1361.0
PAR-006599,PC-EQ-08,2027-12-22,13:00:00,8.7,Correctiva,Falla mecánica - desgaste de componente,
PAR-005362,PC-EQ-05,2025-11-12,15:00:00,6.3,Correctiva,Falla eléctrica - motor/tablero,6988.0
PAR-007246,PC-EQ-10,2027-10-30,02:00:00,17.9,Correctiva,Rotura de faja/correa,28765.0
PAR-004229,PC-EQ-02,2026-01-23,04:00:00,19.0,Correctiva,Falla mecánica - desgaste de componente,18156.0
PAR-005836,PC-EQ-06,2026-07-01,04:00:00,1.2,Correctiva,Falla de lubricación,1929.0
PAR-007205,PC-EQ-10,2027-05-06,12:00:00,6.7,Correctiva,Falla eléctrica - motor/tablero,9641.0
PAR-004015,PC-EQ-01,2027-08-22,04:00:00,5.3,Preventiva,Mantenimiento programado (plan anual),6603.0
PAR-005436,PC-EQ-05,2026-05-20,11:00:00,1.9,Operativa,Falta de mineral en cancha,1073.0
PAR-003989,PC-EQ-01,2027-06-10,21:00:00,1.6,Operativa,Condiciones climáticas adversas,509.0
PAR-003795,PC-EQ-01,2025-05-06,16:00:00,6.7,Correctiva,Indeterminado,6190.0
PAR-006532,PC-EQ-08,2027-03-22,14:00:00,7.0,Correctiva,Falla de lubricación,
PAR-005534,PC-EQ-05,2027-04-08,00:00:00,20.0,Correctiva,Indeterminado,34440.0
PAR-005022,PC-EQ-04,2026-10-21,14:00:00,7.1,Correctiva,Falla eléctrica - motor/tablero,5820.0
PAR-005324,PC-EQ-05,2025-07-17,13:00:00,1.2,Operativa,Corte de energía externo,629.0
PAR-006962,PC-EQ-10,2024-10-22,03:00:00,0.8,Operativa,Falta de mineral en cancha,387.0
PAR-006501,PC-EQ-08,2026-11-29,13:00:00,2.1,Operativa,Falta de mineral en cancha,754.0
PAR-004506,PC-EQ-03,2025-05-23,04:00:00,8.0,Preventiva,Mantenimiento programado (plan anual),11030.0
PAR-005170,PC-EQ-05,2024-03-03,07:00:00,11.1,Correctiva,Atoro de mineral / obstrucción,10166.0
PAR-005998,PC-EQ-07,2024-08-20,10:00:00,12.9,Correctiva,Falla mecánica - desgaste de componente,25317.0
PAR-003717,PC-EQ-01,2024-06-25,11:00:00,10.8,Correctiva,Falla mecánica - desgaste de componente,18233.0
PAR-005177,PC-EQ-05,2024-03-30,02:00:00,20.0,Correctiva,Atoro de mineral / obstrucción,37018.0
PAR-003927,PC-EQ-01,2026-10-16,03:00:00,8.7,Correctiva,Falla eléctrica - motor/tablero,14090.0
PAR-006952,PC-EQ-10,2024-09-11,20:00:00,2.6,Operativa,Falta de mineral en cancha,1401.0
PAR-003844,PC-EQ-01,2025-12-16,14:00:00,0.7,Operativa,Espera de insumos (reactivos/bolas de molienda),320.0
PAR-005563,PC-EQ-05,2027-06-23,08:00:00,2.0,Operativa,Corte de energía externo,978.0
PAR-005938,PC-EQ-06,2027-09-10,01:00:00,20.0,Correctiva,Rotura de faja/correa,25627.0
PAR-006333,PC-EQ-08,2025-03-03,15:00:00,6.6,Preventiva,Mantenimiento programado (plan anual),14488.0
PAR-005327,PC-EQ-05,2025-07-25,09:00:00,8.7,Correctiva,Rotura de faja/correa,8654.0
PAR-004002,PC-EQ-01,2027-07-19,06:00:00,2.0,Correctiva,Falla eléctrica - motor/tablero,2569.0
PAR-004946,PC-EQ-04,2026-03-01,17:00:00,2.0,Operativa,Falta de mineral en cancha,1134.0
PAR-006471,PC-EQ-08,2026-08-28,02:00:00,2.7,Operativa,Falta de mineral en cancha,869.0
PAR-007104,PC-EQ-10,2026-04-09,16:00:00,0.6,Correctiva,Falla de lubricación,504.0
PAR-006244,PC-EQ-08,2024-02-18,10:00:00,2.6,Correctiva,Indeterminado,4544.0
PAR-004211,PC-EQ-02,2025-11-20,20:00:00,0.6,Operativa,Corte de energía externo,
PAR-003884,PC-EQ-01,2026-04-12,09:00:00,9.5,Correctiva,Falla mecánica - desgaste de componente,17923.0
PAR-005599,PC-EQ-05,2027-10-11,07:00:00,13.0,Correctiva,Rotura de faja/correa,21703.0
PAR-006844,PC-EQ-09,2027-07-06,04:00:00,1.1,Correctiva,Atoro de mineral / obstrucción,995.0
PAR-004867,PC-EQ-04,2025-07-04,08:00:00,10.7,Correctiva,Atoro de mineral / obstrucción,12656.0
PAR-005604,PC-EQ-05,2027-11-07,00:00:00,8.5,Preventiva,Mantenimiento programado (plan anual),11516.0
PAR-006680,PC-EQ-09,2025-05-11,14:00:00,7.8,Preventiva,Mantenimiento programado (plan anual),11073.0
PAR-006576,PC-EQ-08,2027-10-02,16:00:00,5.2,Correctiva,Rotura de faja/correa,7364.0
PAR-005133,PC-EQ-04,2027-10-16,10:00:00,3.4,Correctiva,Falla eléctrica - motor/tablero,3188.0
PAR-005685,PC-EQ-06,2024-09-13,13:00:00,1.3,Correctiva,Falla eléctrica - motor/tablero,2041.0
PAR-004933,PC-EQ-04,2026-01-28,10:00:00,8.5,Correctiva,Falla eléctrica - motor/tablero,14274.0
PAR-005248,PC-EQ-05,2024-11-09,08:00:00,2.7,Operativa,Espera de insumos (reactivos/bolas de molienda),
PAR-005853,PC-EQ-06,2026-09-04,13:00:00,6.7,Preventiva,Mantenimiento programado (plan anual),
PAR-006755,PC-EQ-09,2026-04-18,12:00:00,3.0,Correctiva,Falla de lubricación,4450.0
PAR-006479,PC-EQ-08,2026-09-24,04:00:00,1.0,Correctiva,Falla de lubricación,1090.0
PAR-006391,PC-EQ-08,2025-09-17,03:00:00,10.7,Correctiva,Falla mecánica - desgaste de componente,12480.0
PAR-006143,PC-EQ-07,2026-10-31,01:00:00,8.4,Preventiva,Mantenimiento programado (plan anual),8494.0
PAR-006117,PC-EQ-07,2026-05-31,02:00:00,8.5,Preventiva,Mantenimiento programado (plan anual),14668.0
PAR-005053,PC-EQ-04,2027-02-04,03:00:00,20.0,Correctiva,Atoro de mineral / obstrucción,20953.0
PAR-006877,PC-EQ-09,2027-11-26,11:00:00,2.3,Correctiva,Falla de lubricación,4845.0
PAR-005428,PC-EQ-05,2026-04-21,06:00:00,2.6,Operativa,Espera de insumos (reactivos/bolas de molienda),1529.0
PAR-006446,PC-EQ-08,2026-05-14,03:00:00,20.0,Correctiva,Atoro de mineral / obstrucción,32885.0
PAR-004836,PC-EQ-04,2025-03-07,21:00:00,1.5,Correctiva,Rotura de faja/correa,1363.0
PAR-006937,PC-EQ-10,2024-07-27,08:00:00,5.6,Correctiva,Falla mecánica - desgaste de componente,11325.0
PAR-006975,PC-EQ-10,2024-11-24,12:00:00,7.6,Correctiva,Rotura de faja/correa,10978.0
PAR-005635,PC-EQ-06,2024-02-08,20:00:00,2.2,Operativa,Corte de energía externo,942.0
PAR-006459,PC-EQ-08,2026-07-10,00:00:00,4.5,Correctiva,Falla eléctrica - motor/tablero,5692.0
PAR-006128,PC-EQ-07,2026-08-19,17:00:00,2.6,Operativa,Corte de energía externo,1001.0
PAR-006416,PC-EQ-08,2026-01-02,05:00:00,15.3,Correctiva,Atoro de mineral / obstrucción,27081.0
PAR-005271,PC-EQ-05,2025-01-13,05:00:00,5.1,Correctiva,Rotura de faja/correa,10221.0
PAR-006390,PC-EQ-08,2025-09-14,04:00:00,3.0,Correctiva,Atoro de mineral / obstrucción,3772.0
PAR-006852,PC-EQ-09,2027-08-04,13:00:00,7.4,Preventiva,Mantenimiento programado (plan anual),15894.0
PAR-004652,PC-EQ-03,2027-06-11,13:00:00,2.4,Operativa,Indeterminado,856.0
PAR-003887,PC-EQ-01,2026-04-23,04:00:00,2.7,Operativa,Falta de mineral en cancha,827.0
PAR-004378,PC-EQ-02,2027-08-26,11:00:00,8.2,Correctiva,Indeterminado,15516.0
PAR-005077,PC-EQ-04,2027-05-04,09:00:00,2.1,Operativa,Falta de mineral en cancha,1201.0
PAR-005927,PC-EQ-06,2027-08-04,08:00:00,10.7,Correctiva,Rotura de faja/correa,8770.0
PAR-006046,PC-EQ-07,2025-05-03,08:00:00,2.9,Operativa,Corte de energía externo,1403.0
PAR-005842,PC-EQ-06,2026-07-24,07:00:00,10.4,Correctiva,Falla mecánica - desgaste de componente,10557.0
PAR-006137,PC-EQ-07,2026-10-11,01:00:00,6.6,Preventiva,Mantenimiento programado (plan anual),10653.0
PAR-006474,PC-EQ-08,2026-09-07,03:00:00,20.0,Correctiva,Falla de lubricación,31298.0
PAR-006355,PC-EQ-08,2025-05-09,09:00:00,2.6,Operativa,Corte de energía externo,1330.0
PAR-003764,PC-EQ-01,2025-01-12,04:00:00,0.5,Correctiva,Falla eléctrica - motor/tablero,590.0
PAR-003861,PC-EQ-01,2026-02-02,00:00:00,20.0,Correctiva,Indeterminado,40659.0
PAR-006463,PC-EQ-08,2026-07-30,06:00:00,1.2,Operativa,Espera de insumos (reactivos/bolas de molienda),499.0
PAR-005175,PC-EQ-05,2024-03-19,01:00:00,17.8,Correctiva,Atoro de mineral / obstrucción,33498.0
PAR-005755,PC-EQ-06,2025-08-06,01:00:00,6.4,Correctiva,Falla de lubricación,7304.0
PAR-004387,PC-EQ-02,2027-09-29,12:00:00,0.5,Correctiva,Falla eléctrica - motor/tablero,448.0
PAR-004762,PC-EQ-04,2024-08-03,13:00:00,4.6,Correctiva,Falla de lubricación,7767.0
PAR-006766,PC-EQ-09,2026-05-31,04:00:00,15.2,Correctiva,Falla mecánica - desgaste de componente,15200.0
PAR-005751,PC-EQ-06,2025-07-21,04:00:00,1.4,Operativa,Espera de insumos (reactivos/bolas de molienda),649.0
PAR-004753,PC-EQ-04,2024-07-10,11:00:00,8.0,Preventiva,Mantenimiento programado (plan anual),15165.0
PAR-006899,PC-EQ-10,2024-03-04,05:00:00,1.9,Operativa,Corte de energía externo,842.0
PAR-004670,PC-EQ-03,2027-09-21,07:00:00,3.5,Correctiva,Falla mecánica - desgaste de componente,3953.0
PAR-003939,PC-EQ-01,2026-11-24,05:00:00,3.5,Correctiva,Rotura de faja/correa,7613.0
PAR-007111,PC-EQ-10,2026-04-29,13:00:00,2.3,Operativa,Espera de insumos (reactivos/bolas de molienda),575.0
PAR-004888,PC-EQ-04,2025-09-04,02:00:00,20.0,Correctiva,Falla de lubricación,28107.0
PAR-007042,PC-EQ-10,2025-08-17,22:00:00,0.6,Operativa,Falta de mineral en cancha,274.0
PAR-007025,PC-EQ-10,2025-06-07,16:00:00,0.5,Correctiva,Falla mecánica - desgaste de componente,611.0
PAR-004175,PC-EQ-02,2025-06-22,17:00:00,4.7,Preventiva,Mantenimiento programado (plan anual),8562.0
PAR-004977,PC-EQ-04,2026-06-17,06:00:00,8.7,Correctiva,Atoro de mineral / obstrucción,8406.0
PAR-006023,PC-EQ-07,2024-12-25,07:00:00,9.6,Correctiva,Falla de lubricación,15330.0
PAR-005887,PC-EQ-06,2027-01-28,11:00:00,4.1,Correctiva,Falla de lubricación,3574.0
PAR-005739,PC-EQ-06,2025-05-22,02:00:00,1.3,Correctiva,Atoro de mineral / obstrucción,1087.0
PAR-006008,PC-EQ-07,2024-10-05,16:00:00,0.6,Operativa,Falta de mineral en cancha,286.0
PAR-006179,PC-EQ-07,2027-04-03,11:00:00,4.3,Correctiva,Atoro de mineral / obstrucción,7351.0
PAR-006217,PC-EQ-07,2027-09-25,04:00:00,6.5,Preventiva,Mantenimiento programado (plan anual),9490.0
PAR-006293,PC-EQ-08,2024-09-12,17:00:00,2.5,Correctiva,Rotura de faja/correa,2733.0
PAR-005028,PC-EQ-04,2026-11-02,21:00:00,1.2,Operativa,Falta de mineral en cancha,283.0
PAR-004895,PC-EQ-04,2025-09-26,18:00:00,4.5,Correctiva,Falla mecánica - desgaste de componente,4482.0
PAR-004650,PC-EQ-03,2027-05-28,05:00:00,1.1,Operativa,Indeterminado,299.0
PAR-003719,PC-EQ-01,2024-06-29,12:00:00,4.7,Correctiva,Rotura de faja/correa,7283.0
PAR-004094,PC-EQ-02,2024-07-07,21:00:00,0.5,Operativa,Falta de mineral en cancha,124.0
PAR-006329,PC-EQ-08,2025-01-31,09:00:00,0.8,Operativa,Corte de energía externo,378.0
PAR-006193,PC-EQ-07,2027-06-18,18:00:00,0.9,Operativa,Espera de insumos (reactivos/bolas de molienda),318.0
PAR-006863,PC-EQ-09,2027-10-02,01:00:00,2.0,Correctiva,Rotura de faja/correa,3141.0
PAR-005833,PC-EQ-06,2026-06-24,10:00:00,6.8,Preventiva,Mantenimiento programado (plan anual),12835.0
PAR-005158,PC-EQ-04,2027-12-26,04:00:00,2.3,Correctiva,Falla de lubricación,2803.0
PAR-004703,PC-EQ-04,2024-02-13,01:00:00,11.9,Correctiva,Atoro de mineral / obstrucción,21629.0
PAR-003937,PC-EQ-01,2026-11-15,20:00:00,2.3,Correctiva,Falla eléctrica - motor/tablero,4435.0
PAR-006006,PC-EQ-07,2024-10-01,07:00:00,0.5,Correctiva,Rotura de faja/correa,829.0
PAR-005536,PC-EQ-05,2027-04-12,19:00:00,3.4,Correctiva,Falla mecánica - desgaste de componente,3978.0
PAR-005690,PC-EQ-06,2024-10-17,10:00:00,4.1,Preventiva,Mantenimiento programado (plan anual),4969.0
PAR-004270,PC-EQ-02,2026-06-14,22:00:00,0.6,Operativa,Espera de insumos (reactivos/bolas de molienda),206.0
PAR-005042,PC-EQ-04,2026-12-07,12:00:00,1.4,Operativa,Falta de mineral en cancha,783.0
PAR-005919,PC-EQ-06,2027-06-30,16:00:00,5.3,Preventiva,Mantenimiento programado (plan anual),7392.0
PAR-006480,PC-EQ-08,2026-09-25,05:00:00,14.0,Correctiva,Rotura de faja/correa,25041.0
PAR-006722,PC-EQ-09,2025-11-26,06:00:00,0.5,Operativa,Condiciones climáticas adversas,191.0
PAR-004297,PC-EQ-02,2026-09-27,03:00:00,7.7,Preventiva,Indeterminado,14311.0
PAR-004233,PC-EQ-02,2026-01-27,15:00:00,1.6,Correctiva,Rotura de faja/correa,3119.0
PAR-004154,PC-EQ-02,2025-03-26,06:00:00,1.6,Operativa,Falta de mineral en cancha,952.0
PAR-007012,PC-EQ-10,2025-04-24,15:00:00,1.8,Operativa,Espera de insumos (reactivos/bolas de molienda),752.0
PAR-005848,PC-EQ-06,2026-08-18,06:00:00,4.5,Correctiva,Rotura de faja/correa,9838.0
PAR-004869,PC-EQ-04,2025-07-08,10:00:00,5.6,Preventiva,Mantenimiento programado (plan anual),10814.0
PAR-005506,PC-EQ-05,2026-12-19,16:00:00,6.7,Correctiva,Falla de lubricación,6619.0
PAR-005915,PC-EQ-06,2027-06-04,20:00:00,1.4,Operativa,Condiciones climáticas adversas,608.0
PAR-004817,PC-EQ-04,2025-01-12,03:00:00,18.6,Correctiva,Falla mecánica - desgaste de componente,33930.0
PAR-004203,PC-EQ-02,2025-10-06,14:00:00,4.4,Correctiva,Falla de lubricación,6862.0
PAR-004828,PC-EQ-04,2025-02-09,18:00:00,3.3,Correctiva,Atoro de mineral / obstrucción,6035.0
PAR-006393,PC-EQ-08,2025-09-22,05:00:00,3.3,Correctiva,Rotura de faja/correa,6712.0
PAR-006541,PC-EQ-08,2027-05-01,09:00:00,1.0,Operativa,Condiciones climáticas adversas,520.0
PAR-006850,PC-EQ-09,2027-07-31,01:00:00,20.0,Correctiva,Falla mecánica - desgaste de componente,
PAR-006282,PC-EQ-08,2024-07-14,06:00:00,1.8,Correctiva,Rotura de faja/correa,
PAR-007134,PC-EQ-10,2026-07-22,03:00:00,2.8,Operativa,Corte de energía externo,
PAR-006101,PC-EQ-07,2026-02-27,08:00:00,6.2,Correctiva,Atoro de mineral / obstrucción,10282.0
PAR-005653,PC-EQ-06,2024-05-06,02:00:00,20.0,Correctiva,Rotura de faja/correa,22307.0
PAR-006594,PC-EQ-08,2027-11-30,04:00:00,8.5,Correctiva,Atoro de mineral / obstrucción,15468.0
PAR-005245,PC-EQ-05,2024-10-22,03:00:00,8.1,Preventiva,Mantenimiento programado (plan anual),10789.0
PAR-004645,PC-EQ-03,2027-05-06,15:00:00,3.3,Correctiva,Falla de lubricación,5357.0
PAR-006738,PC-EQ-09,2026-02-03,14:00:00,8.0,Correctiva,Falla de lubricación,12738.0
PAR-005871,PC-EQ-06,2026-12-16,04:00:00,3.4,Correctiva,Falla eléctrica - motor/tablero,3078.0
PAR-006542,PC-EQ-08,2027-05-05,15:00:00,1.7,Operativa,Corte de energía externo,358.0
PAR-005050,PC-EQ-04,2027-01-18,06:00:00,7.1,Correctiva,Atoro de mineral / obstrucción,15345.0
PAR-004193,PC-EQ-02,2025-08-23,12:00:00,9.1,Correctiva,Rotura de faja/correa,11406.0
PAR-006901,PC-EQ-10,2024-03-10,07:00:00,1.3,Operativa,Espera de insumos (reactivos/bolas de molienda),266.0
PAR-007255,PC-EQ-10,2027-11-26,05:00:00,7.5,Preventiva,Mantenimiento programado (plan anual),10384.0
PAR-005106,PC-EQ-04,2027-07-19,00:00:00,20.0,Correctiva,Rotura de faja/correa,38765.0
PAR-005394,PC-EQ-05,2026-02-05,01:00:00,20.0,Correctiva,Falla mecánica - desgaste de componente,17227.0
PAR-004468,PC-EQ-03,2024-11-21,08:00:00,7.6,Preventiva,Mantenimiento programado (plan anual),7029.0
PAR-006903,PC-EQ-10,2024-03-19,12:00:00,9.9,Correctiva,Falla eléctrica - motor/tablero,11093.0
PAR-006491,PC-EQ-08,2026-10-21,13:00:00,0.5,Correctiva,Falla eléctrica - motor/tablero,738.0
PAR-006774,PC-EQ-09,2026-07-06,07:00:00,2.4,Operativa,Espera de insumos (reactivos/bolas de molienda),1142.0
PAR-006392,PC-EQ-08,2025-09-19,12:00:00,6.2,Preventiva,Mantenimiento programado (plan anual),9564.0
PAR-004906,PC-EQ-04,2025-11-03,06:00:00,16.3,Correctiva,Rotura de faja/correa,20472.0
PAR-005963,PC-EQ-06,2027-12-12,13:00:00,1.3,Operativa,Corte de energía externo,617.0
PAR-006291,PC-EQ-08,2024-08-19,22:00:00,0.5,Operativa,Falta de mineral en cancha,157.0
PAR-005310,PC-EQ-05,2025-05-24,03:00:00,8.7,Preventiva,Mantenimiento programado (plan anual),16114.0
PAR-005912,PC-EQ-06,2027-05-21,07:00:00,7.9,Preventiva,Mantenimiento programado (plan anual),13835.0
PAR-006531,PC-EQ-08,2027-03-21,04:00:00,0.8,Operativa,Condiciones climáticas adversas,447.0
PAR-005294,PC-EQ-05,2025-03-29,06:00:00,13.3,Correctiva,Falla eléctrica - motor/tablero,25517.0
PAR-007222,PC-EQ-10,2027-07-25,15:00:00,0.6,Operativa,Falta de mineral en cancha,211.0
PAR-006096,PC-EQ-07,2026-01-16,03:00:00,0.9,Operativa,Espera de insumos (reactivos/bolas de molienda),539.0
PAR-005747,PC-EQ-06,2025-07-08,07:00:00,11.3,Correctiva,Falla de lubricación,21576.0
PAR-003726,PC-EQ-01,2024-08-06,01:00:00,13.0,Correctiva,Falla mecánica - desgaste de componente,16660.0
PAR-004357,PC-EQ-02,2027-05-12,05:00:00,6.0,Preventiva,Mantenimiento programado (plan anual),
PAR-004441,PC-EQ-03,2024-06-18,13:00:00,4.5,Correctiva,Indeterminado,5442.0
PAR-004490,PC-EQ-03,2025-03-18,06:00:00,2.2,Operativa,Falta de mineral en cancha,876.0
PAR-004396,PC-EQ-02,2027-11-07,03:00:00,2.8,Operativa,Condiciones climáticas adversas,1259.0
PAR-005905,PC-EQ-06,2027-04-09,08:00:00,2.0,Operativa,Falta de mineral en cancha,1070.0
PAR-005793,PC-EQ-06,2026-01-28,15:00:00,1.9,Operativa,Condiciones climáticas adversas,1036.0
PAR-004007,PC-EQ-01,2027-08-05,08:00:00,1.1,Operativa,Condiciones climáticas adversas,314.0
PAR-004272,PC-EQ-02,2026-06-27,00:00:00,4.1,Preventiva,Mantenimiento programado (plan anual),4411.0
PAR-004858,PC-EQ-04,2025-05-27,11:00:00,4.6,Correctiva,Atoro de mineral / obstrucción,4731.0
PAR-007090,PC-EQ-10,2026-02-08,10:00:00,4.5,Preventiva,Mantenimiento programado (plan anual),4236.0
PAR-003698,PC-EQ-01,2024-03-29,02:00:00,6.4,Preventiva,Mantenimiento programado (plan anual),10717.0
PAR-005305,PC-EQ-05,2025-04-29,00:00:00,19.7,Correctiva,Falla de lubricación,23514.0
PAR-005376,PC-EQ-05,2025-12-15,08:00:00,7.5,Preventiva,Mantenimiento programado (plan anual),12450.0
PAR-004768,PC-EQ-04,2024-08-19,00:00:00,0.7,Operativa,Falta de mineral en cancha,188.0
PAR-006047,PC-EQ-07,2025-05-06,03:00:00,5.4,Preventiva,Indeterminado,10522.0
PAR-006207,PC-EQ-07,2027-08-22,13:00:00,7.2,Preventiva,Mantenimiento programado (plan anual),8801.0
PAR-005779,PC-EQ-06,2025-11-11,02:00:00,4.1,Preventiva,Mantenimiento programado (plan anual),7253.0
PAR-005764,PC-EQ-06,2025-09-19,06:00:00,12.4,Correctiva,Rotura de faja/correa,19060.0
PAR-004846,PC-EQ-04,2025-04-08,20:00:00,1.6,Correctiva,Rotura de faja/correa,3161.0
PAR-004032,PC-EQ-01,2027-11-07,04:00:00,8.3,Preventiva,Mantenimiento programado (plan anual),9459.0
PAR-006212,PC-EQ-07,2027-09-02,13:00:00,3.0,Operativa,Falta de mineral en cancha,1446.0
PAR-005704,PC-EQ-06,2024-12-27,13:00:00,2.9,Correctiva,Falla de lubricación,4801.0
PAR-006080,PC-EQ-07,2025-11-22,10:00:00,1.1,Operativa,Condiciones climáticas adversas,274.0
PAR-005379,PC-EQ-05,2025-12-22,04:00:00,5.0,Correctiva,Falla mecánica - desgaste de componente,4225.0
PAR-005878,PC-EQ-06,2027-01-03,00:00:00,2.9,Operativa,Espera de insumos (reactivos/bolas de molienda),1261.0
PAR-005108,PC-EQ-04,2027-07-22,02:00:00,12.8,Correctiva,Falla eléctrica - motor/tablero,14012.0
PAR-007219,PC-EQ-10,2027-07-09,03:00:00,20.0,Correctiva,Falla mecánica - desgaste de componente,28534.0
PAR-007081,PC-EQ-10,2026-01-10,18:00:00,1.8,Operativa,Espera de insumos (reactivos/bolas de molienda),512.0
PAR-007020,PC-EQ-10,2025-05-17,16:00:00,4.8,Correctiva,Falla de lubricación,6408.0
PAR-004587,PC-EQ-03,2026-05-28,04:00:00,0.7,Operativa,Espera de insumos (reactivos/bolas de molienda),188.0
PAR-005645,PC-EQ-06,2024-04-06,05:00:00,5.2,Preventiva,Mantenimiento programado (plan anual),9162.0
PAR-005202,PC-EQ-05,2024-06-13,06:00:00,8.7,Correctiva,Atoro de mineral / obstrucción,
PAR-007262,PC-EQ-10,2027-12-27,07:00:00,12.0,Correctiva,Indeterminado,19710.0
PAR-007124,PC-EQ-10,2026-06-16,00:00:00,3.4,Correctiva,Falla de lubricación,
PAR-004125,PC-EQ-02,2024-11-20,09:00:00,2.2,Operativa,Espera de insumos (reactivos/bolas de molienda),931.0
PAR-006469,PC-EQ-08,2026-08-21,16:00:00,2.4,Operativa,Indeterminado,1372.0
PAR-006466,PC-EQ-08,2026-08-07,13:00:00,5.2,Correctiva,Falla de lubricación,8302.0
PAR-004619,PC-EQ-03,2026-11-13,12:00:00,7.5,Preventiva,Mantenimiento programado (plan anual),8146.0
PAR-004016,PC-EQ-01,2027-08-24,06:00:00,6.1,Correctiva,Rotura de faja/correa,5110.0
PAR-006269,PC-EQ-08,2024-06-04,16:00:00,4.5,Preventiva,Mantenimiento programado (plan anual),5533.0
PAR-006723,PC-EQ-09,2025-11-27,08:00:00,1.4,Operativa,Espera de insumos (reactivos/bolas de molienda),563.0
PAR-005786,PC-EQ-06,2025-12-11,01:00:00,7.8,Preventiva,Mantenimiento programado (plan anual),11701.0
PAR-005737,PC-EQ-06,2025-05-13,02:00:00,19.9,Correctiva,Falla eléctrica - motor/tablero,30782.0
PAR-003783,PC-EQ-01,2025-03-04,14:00:00,2.4,Operativa,Condiciones climáticas adversas,638.0
PAR-006804,PC-EQ-09,2026-11-21,22:00:00,0.5,Correctiva,Falla eléctrica - motor/tablero,825.0
PAR-005163,PC-EQ-05,2024-02-04,00:00:00,20.0,Correctiva,Rotura de faja/correa,34431.0
PAR-006032,PC-EQ-07,2025-02-13,16:00:00,1.5,Correctiva,Falla eléctrica - motor/tablero,
PAR-005851,PC-EQ-06,2026-08-29,18:00:00,0.5,Correctiva,Atoro de mineral / obstrucción,1001.0
PAR-006059,PC-EQ-07,2025-06-29,02:00:00,2.8,Correctiva,Falla mecánica - desgaste de componente,4636.0
PAR-004099,PC-EQ-02,2024-07-24,01:00:00,20.0,Correctiva,Atoro de mineral / obstrucción,
PAR-006655,PC-EQ-09,2024-12-23,02:00:00,0.5,Correctiva,Rotura de faja/correa,460.0
PAR-007102,PC-EQ-10,2026-03-30,00:00:00,1.3,Operativa,Falta de mineral en cancha,373.0
PAR-006288,PC-EQ-08,2024-07-31,02:00:00,7.5,Correctiva,Rotura de faja/correa,12969.0
PAR-006097,PC-EQ-07,2026-01-23,06:00:00,2.8,Operativa,Condiciones climáticas adversas,1525.0
PAR-006018,PC-EQ-07,2024-12-11,01:00:00,2.9,Operativa,Falta de mineral en cancha,1229.0
PAR-004569,PC-EQ-03,2026-02-18,02:00:00,1.0,Correctiva,Atoro de mineral / obstrucción,1611.0
PAR-005784,PC-EQ-06,2025-12-07,03:00:00,17.5,Correctiva,Falla eléctrica - motor/tablero,29614.0
PAR-005745,PC-EQ-06,2025-06-30,08:00:00,5.9,Preventiva,Mantenimiento programado (plan anual),6676.0
PAR-004580,PC-EQ-03,2026-04-25,03:00:00,1.4,Operativa,Condiciones climáticas adversas,528.0
PAR-005299,PC-EQ-05,2025-04-14,10:00:00,8.8,Preventiva,Mantenimiento programado (plan anual),8340.0
PAR-005252,PC-EQ-05,2024-11-15,21:00:00,0.7,Correctiva,Falla mecánica - desgaste de componente,1009.0
PAR-005944,PC-EQ-06,2027-10-02,20:00:00,2.2,Correctiva,Falla eléctrica - motor/tablero,1772.0
PAR-006833,PC-EQ-09,2027-05-19,10:00:00,1.4,Operativa,Corte de energía externo,
PAR-004605,PC-EQ-03,2026-09-02,12:00:00,4.8,Preventiva,Mantenimiento programado (plan anual),8989.0
PAR-004868,PC-EQ-04,2025-07-05,04:00:00,9.7,Correctiva,Atoro de mineral / obstrucción,16399.0
PAR-007260,PC-EQ-10,2027-12-22,13:00:00,1.2,Operativa,Corte de energía externo,266.0
PAR-004800,PC-EQ-04,2024-11-26,02:00:00,20.0,Correctiva,Atoro de mineral / obstrucción,16490.0
PAR-004542,PC-EQ-03,2025-11-18,10:00:00,2.4,Correctiva,Falla de lubricación,2091.0
PAR-005094,PC-EQ-04,2027-06-29,04:00:00,7.2,Preventiva,Mantenimiento programado (plan anual),5789.0
PAR-005104,PC-EQ-04,2027-07-13,07:00:00,1.1,Correctiva,Rotura de faja/correa,2297.0
PAR-003720,PC-EQ-01,2024-07-01,13:00:00,2.3,Correctiva,Falla mecánica - desgaste de componente,2050.0
PAR-003747,PC-EQ-01,2024-10-22,07:00:00,3.0,Operativa,Condiciones climáticas adversas,1007.0
PAR-005221,PC-EQ-05,2024-08-03,05:00:00,0.6,Correctiva,Rotura de faja/correa,808.0
PAR-003957,PC-EQ-01,2027-02-09,17:00:00,4.4,Preventiva,Mantenimiento programado (plan anual),3524.0
PAR-005357,PC-EQ-05,2025-11-02,03:00:00,0.6,Correctiva,Falla de lubricación,1145.0
PAR-005405,PC-EQ-05,2026-03-05,01:00:00,20.0,Correctiva,Falla eléctrica - motor/tablero,20894.0
PAR-004560,PC-EQ-03,2026-01-23,16:00:00,6.8,Preventiva,Mantenimiento programado (plan anual),13387.0
PAR-005542,PC-EQ-05,2027-04-26,05:00:00,2.9,Operativa,Espera de insumos (reactivos/bolas de molienda),881.0
PAR-004824,PC-EQ-04,2025-01-24,01:00:00,2.4,Operativa,Falta de mineral en cancha,1229.0
PAR-006458,PC-EQ-08,2026-07-09,02:00:00,5.4,Preventiva,Mantenimiento programado (plan anual),10267.0
PAR-005172,PC-EQ-05,2024-03-07,01:00:00,2.8,Operativa,Corte de energía externo,1085.0
PAR-007067,PC-EQ-10,2025-10-28,03:00:00,1.6,Correctiva,Rotura de faja/correa,1566.0
PAR-007063,PC-EQ-10,2025-10-16,13:00:00,5.5,Preventiva,Mantenimiento programado (plan anual),8704.0
PAR-006367,PC-EQ-08,2025-06-20,10:00:00,1.3,Operativa,Falta de mineral en cancha,634.0
PAR-006953,PC-EQ-10,2024-09-12,13:00:00,7.5,Preventiva,Mantenimiento programado (plan anual),14218.0
PAR-005120,PC-EQ-04,2027-08-30,02:00:00,6.0,Correctiva,Rotura de faja/correa,
PAR-005683,PC-EQ-06,2024-09-06,08:00:00,0.7,Operativa,Espera de insumos (reactivos/bolas de molienda),338.0
PAR-004996,PC-EQ-04,2026-08-11,12:00:00,3.5,Correctiva,Falla mecánica - desgaste de componente,4416.0
PAR-006763,PC-EQ-09,2026-05-22,00:00:00,2.4,Operativa,Espera de insumos (reactivos/bolas de molienda),659.0
PAR-004363,PC-EQ-02,2027-06-08,10:00:00,3.0,Operativa,Corte de energía externo,1719.0
PAR-004080,PC-EQ-02,2024-05-18,03:00:00,9.3,Correctiva,Falla eléctrica - motor/tablero,8984.0
PAR-006079,PC-EQ-07,2025-11-14,02:00:00,4.4,Correctiva,Indeterminado,6169.0
PAR-004061,PC-EQ-02,2024-03-02,05:00:00,12.5,Correctiva,Falla eléctrica - motor/tablero,20462.0
PAR-005908,PC-EQ-06,2027-04-21,10:00:00,2.4,Correctiva,Falla mecánica - desgaste de componente,5177.0
PAR-005926,PC-EQ-06,2027-07-31,20:00:00,2.6,Correctiva,Falla de lubricación,
PAR-006764,PC-EQ-09,2026-05-24,04:00:00,1.6,Operativa,Falta de mineral en cancha,758.0
PAR-006779,PC-EQ-09,2026-08-02,07:00:00,7.9,Preventiva,Mantenimiento programado (plan anual),9213.0
PAR-004248,PC-EQ-02,2026-03-22,08:00:00,0.8,Operativa,Espera de insumos (reactivos/bolas de molienda),311.0
PAR-003811,PC-EQ-01,2025-08-15,08:00:00,0.8,Operativa,Falta de mineral en cancha,425.0
PAR-004192,PC-EQ-02,2025-08-16,19:00:00,3.1,Correctiva,Falla de lubricación,3847.0
PAR-006091,PC-EQ-07,2025-12-22,08:00:00,8.5,Correctiva,Rotura de faja/correa,9555.0
PAR-005911,PC-EQ-06,2027-05-13,19:00:00,1.8,Operativa,Falta de mineral en cancha,840.0
PAR-006949,PC-EQ-10,2024-08-28,20:00:00,0.9,Correctiva,Falla mecánica - desgaste de componente,940.0
PAR-007086,PC-EQ-10,2026-02-02,05:00:00,0.8,Operativa,Falta de mineral en cancha,457.0
PAR-005065,PC-EQ-04,2027-03-24,00:00:00,6.5,Preventiva,Mantenimiento programado (plan anual),7078.0
PAR-005564,PC-EQ-05,2027-07-01,05:00:00,6.9,Correctiva,Falla de lubricación,8953.0
PAR-006701,PC-EQ-09,2025-08-23,05:00:00,0.5,Correctiva,Rotura de faja/correa,409.0
PAR-003778,PC-EQ-01,2025-02-25,02:00:00,7.2,Preventiva,Mantenimiento programado (plan anual),7911.0
PAR-006485,PC-EQ-08,2026-10-09,08:00:00,0.8,Operativa,Falta de mineral en cancha,336.0
PAR-006161,PC-EQ-07,2027-01-22,14:00:00,0.7,Operativa,Falta de mineral en cancha,289.0
PAR-004897,PC-EQ-04,2025-09-30,11:00:00,8.9,Correctiva,Falla eléctrica - motor/tablero,9584.0
PAR-005845,PC-EQ-06,2026-08-12,16:00:00,1.1,Correctiva,Falla eléctrica - motor/tablero,
PAR-005654,PC-EQ-06,2024-05-13,11:00:00,6.9,Correctiva,Rotura de faja/correa,7814.0
PAR-003881,PC-EQ-01,2026-03-31,05:00:00,4.7,Preventiva,Mantenimiento programado (plan anual),5926.0
PAR-005431,PC-EQ-05,2026-04-30,14:00:00,1.2,Operativa,Corte de energía externo,609.0
PAR-004919,PC-EQ-04,2025-12-14,00:00:00,20.0,Correctiva,Falla de lubricación,23400.0
PAR-004586,PC-EQ-03,2026-05-18,11:00:00,3.6,Correctiva,Falla eléctrica - motor/tablero,6415.0
PAR-005229,PC-EQ-05,2024-08-31,08:00:00,11.2,Correctiva,Falla de lubricación,17305.0
PAR-004389,PC-EQ-02,2027-10-06,00:00:00,20.0,Correctiva,Atoro de mineral / obstrucción,22099.0
PAR-006260,PC-EQ-08,2024-04-30,05:00:00,8.1,Preventiva,Indeterminado,17554.0
PAR-006931,PC-EQ-10,2024-06-30,11:00:00,2.7,Correctiva,Falla de lubricación,4014.0
PAR-005612,PC-EQ-05,2027-11-28,11:00:00,8.0,Preventiva,Mantenimiento programado (plan anual),8367.0
PAR-004328,PC-EQ-02,2027-02-11,07:00:00,4.7,Correctiva,Rotura de faja/correa,5353.0
PAR-004757,PC-EQ-04,2024-07-17,18:00:00,4.9,Correctiva,Falla de lubricación,8837.0
PAR-005381,PC-EQ-05,2025-12-30,10:00:00,4.1,Preventiva,Mantenimiento programado (plan anual),5194.0
PAR-006743,PC-EQ-09,2026-02-21,10:00:00,5.4,Correctiva,Falla eléctrica - motor/tablero,6063.0
PAR-005089,PC-EQ-04,2027-06-09,13:00:00,3.4,Correctiva,Falla de lubricación,4890.0
PAR-006494,PC-EQ-08,2026-11-06,16:00:00,3.6,Correctiva,Atoro de mineral / obstrucción,6970.0
PAR-007181,PC-EQ-10,2027-01-24,00:00:00,9.0,Correctiva,Falla mecánica - desgaste de componente,12994.0
PAR-004783,PC-EQ-04,2024-10-10,10:00:00,11.9,Correctiva,Atoro de mineral / obstrucción,20856.0
PAR-004282,PC-EQ-02,2026-08-05,02:00:00,4.9,Preventiva,Mantenimiento programado (plan anual),6334.0
PAR-004083,PC-EQ-02,2024-05-31,05:00:00,8.1,Preventiva,Mantenimiento programado (plan anual),9840.0
PAR-004550,PC-EQ-03,2025-12-10,04:00:00,7.1,Preventiva,Mantenimiento programado (plan anual),6725.0
PAR-006725,PC-EQ-09,2025-12-04,07:00:00,7.1,Correctiva,Falla mecánica - desgaste de componente,7042.0
PAR-004187,PC-EQ-02,2025-08-11,02:00:00,7.1,Preventiva,Mantenimiento programado (plan anual),11687.0
PAR-004129,PC-EQ-02,2024-11-27,01:00:00,2.4,Operativa,Falta de mineral en cancha,862.0
PAR-004182,PC-EQ-02,2025-07-24,05:00:00,1.2,Operativa,Falta de mineral en cancha,680.0
PAR-005865,PC-EQ-06,2026-11-14,10:00:00,10.0,Correctiva,Rotura de faja/correa,15853.0
PAR-005282,PC-EQ-05,2025-02-16,07:00:00,8.7,Preventiva,Mantenimiento programado (plan anual),12652.0
PAR-004935,PC-EQ-04,2026-02-05,14:00:00,2.6,Correctiva,Atoro de mineral / obstrucción,5207.0
PAR-004797,PC-EQ-04,2024-11-18,17:00:00,5.7,Correctiva,Rotura de faja/correa,7091.0
PAR-005800,PC-EQ-06,2026-02-11,00:00:00,20.0,Correctiva,Falla mecánica - desgaste de componente,38044.0
PAR-005242,PC-EQ-05,2024-10-06,17:00:00,1.3,Correctiva,Falla eléctrica - motor/tablero,1355.0
PAR-007250,PC-EQ-10,2027-11-09,07:00:00,11.0,Correctiva,Falla de lubricación,
PAR-006517,PC-EQ-08,2027-01-27,03:00:00,5.1,Correctiva,Atoro de mineral / obstrucción,5881.0
PAR-003735,PC-EQ-01,2024-09-06,00:00:00,2.2,Operativa,Condiciones climáticas adversas,
PAR-004128,PC-EQ-02,2024-11-24,03:00:00,20.0,Correctiva,Atoro de mineral / obstrucción,25945.0
PAR-006085,PC-EQ-07,2025-12-04,18:00:00,4.0,Correctiva,Falla mecánica - desgaste de componente,5182.0
PAR-006398,PC-EQ-08,2025-10-21,06:00:00,7.3,Preventiva,Mantenimiento programado (plan anual),8406.0
PAR-005046,PC-EQ-04,2026-12-24,15:00:00,4.5,Correctiva,Falla de lubricación,7648.0
PAR-006979,PC-EQ-10,2024-12-30,00:00:00,5.0,Preventiva,Mantenimiento programado (plan anual),7941.0
PAR-004886,PC-EQ-04,2025-08-30,12:00:00,8.0,Preventiva,Mantenimiento programado (plan anual),
PAR-005713,PC-EQ-06,2025-02-26,20:00:00,0.9,Operativa,Corte de energía externo,300.0
PAR-004484,PC-EQ-03,2025-02-12,14:00:00,6.6,Preventiva,Mantenimiento programado (plan anual),14020.0
PAR-005975,PC-EQ-07,2024-03-18,10:00:00,2.1,Correctiva,Rotura de faja/correa,2221.0
PAR-004097,PC-EQ-02,2024-07-12,03:00:00,1.6,Operativa,Falta de mineral en cancha,383.0
PAR-005675,PC-EQ-06,2024-08-04,11:00:00,5.5,Preventiva,Mantenimiento programado (plan anual),11336.0
PAR-004377,PC-EQ-02,2027-08-21,07:00:00,8.6,Correctiva,Atoro de mineral / obstrucción,17968.0
PAR-003849,PC-EQ-01,2025-12-27,15:00:00,0.5,Correctiva,Indeterminado,556.0
PAR-004048,PC-EQ-02,2024-01-20,08:00:00,4.8,Preventiva,Mantenimiento programado (plan anual),5426.0
PAR-004173,PC-EQ-02,2025-06-09,12:00:00,4.0,Correctiva,Falla eléctrica - motor/tablero,5599.0
PAR-006908,PC-EQ-10,2024-03-31,08:00:00,6.3,Preventiva,Mantenimiento programado (plan anual),5098.0
PAR-007136,PC-EQ-10,2026-07-29,02:00:00,14.4,Correctiva,Falla de lubricación,30858.0
PAR-005286,PC-EQ-05,2025-03-01,03:00:00,2.4,Operativa,Condiciones climáticas adversas,731.0
PAR-004388,PC-EQ-02,2027-10-03,00:00:00,7.9,Correctiva,Falla de lubricación,17265.0
PAR-006814,PC-EQ-09,2027-01-18,18:00:00,4.1,Preventiva,Mantenimiento programado (plan anual),7969.0
PAR-003753,PC-EQ-01,2024-11-20,09:00:00,1.8,Correctiva,Falla eléctrica - motor/tablero,3298.0
PAR-005091,PC-EQ-04,2027-06-12,12:00:00,10.9,Correctiva,Falla eléctrica - motor/tablero,23473.0
PAR-004411,PC-EQ-03,2024-01-13,02:00:00,20.0,Correctiva,Falla mecánica - desgaste de componente,30840.0
PAR-004042,PC-EQ-01,2027-12-21,02:00:00,2.3,Operativa,Condiciones climáticas adversas,716.0
PAR-004781,PC-EQ-04,2024-09-26,11:00:00,9.5,Correctiva,Falla mecánica - desgaste de componente,19322.0
PAR-004643,PC-EQ-03,2027-04-21,10:00:00,4.3,Preventiva,Mantenimiento programado (plan anual),7004.0
PAR-005270,PC-EQ-05,2025-01-06,00:00:00,19.7,Correctiva,Falla mecánica - desgaste de componente,34532.0
PAR-004551,PC-EQ-03,2025-12-11,14:00:00,4.4,Correctiva,Falla mecánica - desgaste de componente,9024.0
PAR-006700,PC-EQ-09,2025-08-21,03:00:00,8.7,Preventiva,Mantenimiento programado (plan anual),12479.0
PAR-005373,PC-EQ-05,2025-12-10,01:00:00,16.3,Correctiva,Falla eléctrica - motor/tablero,34474.0
PAR-004853,PC-EQ-04,2025-05-10,02:00:00,20.0,Correctiva,Falla mecánica - desgaste de componente,38302.0
PAR-005841,PC-EQ-06,2026-07-21,07:00:00,4.4,Correctiva,Falla eléctrica - motor/tablero,8869.0
PAR-006504,PC-EQ-08,2026-12-11,00:00:00,3.4,Correctiva,Falla de lubricación,6560.0
PAR-006255,PC-EQ-08,2024-04-13,19:00:00,1.6,Correctiva,Falla eléctrica - motor/tablero,3344.0
PAR-006130,PC-EQ-07,2026-08-28,21:00:00,0.5,Operativa,Falta de mineral en cancha,184.0
PAR-004840,PC-EQ-04,2025-03-29,04:00:00,5.6,Preventiva,Mantenimiento programado (plan anual),6053.0
PAR-004949,PC-EQ-04,2026-03-18,10:00:00,2.2,Operativa,Condiciones climáticas adversas,752.0
PAR-006687,PC-EQ-09,2025-06-28,06:00:00,2.4,Operativa,Espera de insumos (reactivos/bolas de molienda),544.0
PAR-006285,PC-EQ-08,2024-07-23,18:00:00,5.0,Correctiva,Atoro de mineral / obstrucción,10887.0
PAR-005259,PC-EQ-05,2024-12-11,08:00:00,2.7,Operativa,Condiciones climáticas adversas,1253.0
PAR-006926,PC-EQ-10,2024-06-02,18:00:00,1.1,Operativa,Falta de mineral en cancha,600.0
PAR-006470,PC-EQ-08,2026-08-22,05:00:00,2.6,Operativa,Condiciones climáticas adversas,1520.0
PAR-005990,PC-EQ-07,2024-07-08,00:00:00,8.6,Preventiva,Mantenimiento programado (plan anual),8030.0
PAR-004374,PC-EQ-02,2027-08-13,15:00:00,4.6,Correctiva,Atoro de mineral / obstrucción,4057.0
PAR-006409,PC-EQ-08,2025-12-12,04:00:00,2.0,Operativa,Espera de insumos (reactivos/bolas de molienda),548.0
PAR-003876,PC-EQ-01,2026-03-23,00:00:00,6.0,Correctiva,Atoro de mineral / obstrucción,5457.0
PAR-003897,PC-EQ-01,2026-06-12,03:00:00,20.0,Correctiva,Falla de lubricación,42404.0
PAR-006636,PC-EQ-09,2024-10-01,02:00:00,10.3,Correctiva,Falla mecánica - desgaste de componente,11494.0
PAR-005255,PC-EQ-05,2024-11-30,08:00:00,10.3,Correctiva,Falla mecánica - desgaste de componente,10533.0
PAR-004851,PC-EQ-04,2025-05-07,00:00:00,13.3,Correctiva,Falla mecánica - desgaste de componente,23191.0
PAR-006206,PC-EQ-07,2027-08-19,08:00:00,0.5,Correctiva,Rotura de faja/correa,755.0
PAR-004700,PC-EQ-04,2024-02-09,21:00:00,1.5,Operativa,Espera de insumos (reactivos/bolas de molienda),518.0
PAR-004714,PC-EQ-04,2024-03-27,00:00:00,5.8,Correctiva,Falla de lubricación,11732.0
PAR-004286,PC-EQ-02,2026-08-25,03:00:00,1.0,Correctiva,Falla eléctrica - motor/tablero,1625.0
PAR-005113,PC-EQ-04,2027-08-06,12:00:00,0.5,Correctiva,Atoro de mineral / obstrucción,922.0
PAR-007186,PC-EQ-10,2027-02-21,07:00:00,1.2,Operativa,Condiciones climáticas adversas,465.0
PAR-004606,PC-EQ-03,2026-09-05,12:00:00,6.7,Correctiva,Atoro de mineral / obstrucción,10365.0
PAR-006803,PC-EQ-09,2026-11-15,07:00:00,5.6,Preventiva,Mantenimiento programado (plan anual),10811.0
PAR-005785,PC-EQ-06,2025-12-08,01:00:00,20.0,Correctiva,Rotura de faja/correa,40606.0
PAR-005861,PC-EQ-06,2026-10-25,13:00:00,0.5,Correctiva,Falla de lubricación,1019.0
PAR-005632,PC-EQ-06,2024-02-05,02:00:00,0.6,Operativa,Corte de energía externo,239.0
PAR-005298,PC-EQ-05,2025-04-12,18:00:00,2.7,Correctiva,Rotura de faja/correa,5005.0
PAR-006328,PC-EQ-08,2025-01-25,12:00:00,7.7,Preventiva,Mantenimiento programado (plan anual),11404.0
PAR-003995,PC-EQ-01,2027-06-28,03:00:00,2.6,Operativa,Falta de mineral en cancha,1460.0
PAR-004740,PC-EQ-04,2024-06-01,15:00:00,4.2,Preventiva,Mantenimiento programado (plan anual),7000.0
PAR-006373,PC-EQ-08,2025-07-25,04:00:00,5.5,Preventiva,Mantenimiento programado (plan anual),8478.0
PAR-005231,PC-EQ-05,2024-09-15,00:00:00,1.3,Operativa,Condiciones climáticas adversas,602.0
PAR-004954,PC-EQ-04,2026-04-09,12:00:00,7.8,Preventiva,Mantenimiento programado (plan anual),16898.0
PAR-004236,PC-EQ-02,2026-02-02,07:00:00,4.2,Correctiva,Atoro de mineral / obstrucción,4229.0
PAR-006428,PC-EQ-08,2026-02-28,17:00:00,2.3,Operativa,Corte de energía externo,599.0
PAR-005010,PC-EQ-04,2026-09-16,11:00:00,0.7,Correctiva,Falla eléctrica - motor/tablero,1245.0
PAR-003789,PC-EQ-01,2025-04-10,07:00:00,14.2,Correctiva,Falla de lubricación,11901.0
PAR-004014,PC-EQ-01,2027-08-17,00:00:00,16.4,Correctiva,Falla de lubricación,32319.0
PAR-005559,PC-EQ-05,2027-06-12,07:00:00,10.4,Correctiva,Rotura de faja/correa,15103.0
PAR-004847,PC-EQ-04,2025-04-19,15:00:00,6.0,Preventiva,Mantenimiento programado (plan anual),11656.0
PAR-006619,PC-EQ-09,2024-05-30,09:00:00,2.7,Operativa,Falta de mineral en cancha,1613.0
PAR-005016,PC-EQ-04,2026-10-03,07:00:00,4.5,Preventiva,Mantenimiento programado (plan anual),3925.0
PAR-003866,PC-EQ-01,2026-02-18,11:00:00,8.6,Preventiva,Mantenimiento programado (plan anual),9178.0
PAR-006744,PC-EQ-09,2026-02-26,08:00:00,1.3,Operativa,Espera de insumos (reactivos/bolas de molienda),364.0
PAR-004011,PC-EQ-01,2027-08-10,08:00:00,1.1,Correctiva,Falla eléctrica - motor/tablero,1657.0
PAR-004356,PC-EQ-02,2027-05-09,18:00:00,1.0,Correctiva,Falla mecánica - desgaste de componente,2170.0
PAR-005519,PC-EQ-05,2027-01-31,01:00:00,17.2,Correctiva,Rotura de faja/correa,22258.0
PAR-006800,PC-EQ-09,2026-11-07,04:00:00,0.5,Correctiva,Rotura de faja/correa,1081.0
PAR-006305,PC-EQ-08,2024-11-02,03:00:00,7.4,Correctiva,Falla mecánica - desgaste de componente,12634.0
PAR-005860,PC-EQ-06,2026-10-24,13:00:00,4.4,Correctiva,Rotura de faja/correa,8009.0
PAR-006748,PC-EQ-09,2026-03-21,02:00:00,2.5,Operativa,Espera de insumos (reactivos/bolas de molienda),653.0
PAR-006849,PC-EQ-09,2027-07-25,05:00:00,2.5,Operativa,Falta de mineral en cancha,1441.0
PAR-004929,PC-EQ-04,2026-01-08,00:00:00,1.5,Correctiva,Falla eléctrica - motor/tablero,2861.0
PAR-006556,PC-EQ-08,2027-07-24,07:00:00,6.3,Preventiva,Mantenimiento programado (plan anual),6453.0
PAR-005098,PC-EQ-04,2027-07-04,04:00:00,6.1,Correctiva,Rotura de faja/correa,4980.0
PAR-006587,PC-EQ-08,2027-11-09,08:00:00,7.7,Correctiva,Falla de lubricación,10217.0
PAR-004108,PC-EQ-02,2024-08-30,08:00:00,5.6,Correctiva,Falla de lubricación,7853.0
PAR-004662,PC-EQ-03,2027-08-07,09:00:00,0.5,Correctiva,Falla mecánica - desgaste de componente,416.0
PAR-004719,PC-EQ-04,2024-04-05,01:00:00,20.0,Correctiva,Falla de lubricación,19435.0
PAR-003830,PC-EQ-01,2025-10-29,09:00:00,4.0,Correctiva,Atoro de mineral / obstrucción,4266.0
PAR-006555,PC-EQ-08,2027-07-04,03:00:00,6.3,Correctiva,Rotura de faja/correa,8403.0
PAR-010047,PS-EQ-09,2025-02-14,21:00:00,0.6,Correctiva,Atoro de mineral / obstrucción,742.0
PAR-009542,PS-EQ-07,2026-12-22,09:00:00,2.8,Correctiva,Falla de lubricación,4685.0
PAR-008375,PS-EQ-04,2025-08-21,00:00:00,13.5,Correctiva,Falla eléctrica - motor/tablero,19118.0
PAR-007359,PS-EQ-01,2025-03-14,06:00:00,2.4,Operativa,Corte de energía externo,
PAR-009223,PS-EQ-06,2026-10-01,09:00:00,8.3,Correctiva,Falla mecánica - desgaste de componente,8837.0
PAR-010030,PS-EQ-09,2024-12-13,15:00:00,5.1,Correctiva,Rotura de faja/correa,10234.0
PAR-007771,PS-EQ-02,2025-11-22,03:00:00,4.4,Preventiva,Mantenimiento programado (plan anual),
PAR-008246,PS-EQ-04,2024-02-17,11:00:00,4.3,Correctiva,Falla mecánica - desgaste de componente,9023.0
PAR-009412,PS-EQ-07,2025-02-09,09:00:00,1.1,Operativa,Espera de insumos (reactivos/bolas de molienda),331.0
PAR-008553,PS-EQ-04,2027-06-30,01:00:00,1.3,Operativa,Condiciones climáticas adversas,735.0
PAR-008151,PS-EQ-03,2026-09-08,02:00:00,2.0,Correctiva,Falla eléctrica - motor/tablero,3792.0
PAR-008605,PS-EQ-05,2024-02-04,07:00:00,12.4,Correctiva,Falla eléctrica - motor/tablero,21067.0
PAR-008989,PS-EQ-06,2024-03-29,03:00:00,20.0,Correctiva,Falla de lubricación,18343.0
PAR-010118,PS-EQ-09,2026-02-22,08:00:00,6.4,Preventiva,Indeterminado,11993.0
PAR-010258,PS-EQ-10,2024-04-06,05:00:00,2.8,Operativa,Falta de mineral en cancha,
PAR-008009,PS-EQ-03,2024-05-13,18:00:00,4.2,Correctiva,Atoro de mineral / obstrucción,
PAR-007897,PS-EQ-02,2027-02-19,11:00:00,7.9,Preventiva,Mantenimiento programado (plan anual),8049.0
PAR-010466,PS-EQ-10,2027-04-29,02:00:00,0.8,Operativa,Corte de energía externo,213.0
PAR-010088,PS-EQ-09,2025-08-27,21:00:00,0.8,Operativa,Condiciones climáticas adversas,386.0
PAR-007505,PS-EQ-01,2026-10-29,15:00:00,5.8,Correctiva,Falla de lubricación,5499.0
PAR-007760,PS-EQ-02,2025-09-30,07:00:00,1.0,Operativa,Falta de mineral en cancha,457.0
PAR-008548,PS-EQ-04,2027-06-11,15:00:00,2.4,Operativa,Condiciones climáticas adversas,1169.0
PAR-007589,PS-EQ-01,2027-10-22,01:00:00,10.2,Correctiva,Atoro de mineral / obstrucción,19045.0
PAR-010352,PS-EQ-10,2025-08-23,14:00:00,2.2,Operativa,Indeterminado,628.0
PAR-010340,PS-EQ-10,2025-06-30,08:00:00,4.3,Preventiva,Mantenimiento programado (plan anual),
PAR-009351,PS-EQ-07,2024-02-14,06:00:00,7.5,Correctiva,Indeterminado,7349.0
PAR-009161,PS-EQ-06,2026-01-27,00:00:00,0.5,Correctiva,Rotura de faja/correa,907.0
PAR-007670,PS-EQ-02,2024-10-20,00:00:00,20.0,Correctiva,Rotura de faja/correa,21484.0
PAR-008652,PS-EQ-05,2024-07-21,04:00:00,8.7,Preventiva,Mantenimiento programado (plan anual),16128.0
PAR-009430,PS-EQ-07,2025-06-15,13:00:00,3.8,Correctiva,Falla eléctrica - motor/tablero,5294.0
PAR-010245,PS-EQ-10,2024-02-02,04:00:00,2.5,Operativa,Espera de insumos (reactivos/bolas de molienda),1216.0
PAR-008785,PS-EQ-05,2026-01-09,01:00:00,17.0,Correctiva,Atoro de mineral / obstrucción,31384.0
PAR-009455,PS-EQ-07,2025-09-23,17:00:00,1.1,Operativa,Espera de insumos (reactivos/bolas de molienda),573.0
PAR-007456,PS-EQ-01,2026-04-18,10:00:00,1.2,Correctiva,Falla mecánica - desgaste de componente,2610.0
PAR-007832,PS-EQ-02,2026-07-14,07:00:00,9.5,Correctiva,Falla eléctrica - motor/tablero,18435.0
PAR-008943,PS-EQ-05,2027-08-10,14:00:00,2.8,Operativa,Espera de insumos (reactivos/bolas de molienda),1145.0
PAR-007620,PS-EQ-02,2024-03-03,05:00:00,3.2,Correctiva,Falla mecánica - desgaste de componente,3138.0
PAR-007791,PS-EQ-02,2026-02-11,11:00:00,3.3,Correctiva,Falla de lubricación,3006.0
PAR-010067,PS-EQ-09,2025-05-23,04:00:00,4.9,Preventiva,Mantenimiento programado (plan anual),10291.0
PAR-009847,PS-EQ-08,2026-07-09,02:00:00,0.5,Correctiva,Atoro de mineral / obstrucción,917.0
PAR-008896,PS-EQ-05,2027-02-13,07:00:00,5.7,Correctiva,Atoro de mineral / obstrucción,6696.0
PAR-009634,PS-EQ-08,2024-03-18,17:00:00,5.8,Correctiva,Falla de lubricación,9164.0
PAR-010500,PS-EQ-10,2027-09-11,06:00:00,2.3,Operativa,Espera de insumos (reactivos/bolas de molienda),817.0
PAR-008641,PS-EQ-05,2024-06-08,11:00:00,8.3,Preventiva,Mantenimiento programado (plan anual),16899.0
PAR-008917,PS-EQ-05,2027-05-08,16:00:00,4.7,Preventiva,Mantenimiento programado (plan anual),8968.0
PAR-009037,PS-EQ-06,2024-09-10,11:00:00,7.0,Preventiva,Mantenimiento programado (plan anual),10272.0
PAR-008186,PS-EQ-03,2027-03-27,02:00:00,5.6,Preventiva,Mantenimiento programado (plan anual),9912.0
PAR-010288,PS-EQ-10,2024-09-26,03:00:00,11.6,Correctiva,Falla eléctrica - motor/tablero,11192.0
PAR-010212,PS-EQ-09,2027-07-16,04:00:00,3.5,Correctiva,Indeterminado,5970.0
PAR-009067,PS-EQ-06,2024-12-30,14:00:00,5.5,Preventiva,Mantenimiento programado (plan anual),9055.0
PAR-007283,PS-EQ-01,2024-03-23,03:00:00,16.8,Correctiva,Falla eléctrica - motor/tablero,28701.0
PAR-008705,PS-EQ-05,2025-01-21,15:00:00,6.5,Correctiva,Falla de lubricación,5455.0
PAR-008129,PS-EQ-03,2026-04-17,17:00:00,1.0,Operativa,Falta de mineral en cancha,415.0
PAR-008893,PS-EQ-05,2027-02-09,02:00:00,14.6,Correctiva,Indeterminado,16404.0
PAR-009581,PS-EQ-07,2027-08-13,10:00:00,0.8,Correctiva,Falla de lubricación,663.0
PAR-007928,PS-EQ-02,2027-05-28,01:00:00,20.0,Correctiva,Falla de lubricación,32649.0
PAR-008662,PS-EQ-05,2024-08-27,13:00:00,9.0,Preventiva,Mantenimiento programado (plan anual),14668.0
PAR-009790,PS-EQ-08,2025-12-22,08:00:00,5.8,Preventiva,Mantenimiento programado (plan anual),9792.0
PAR-007399,PS-EQ-01,2025-09-18,07:00:00,8.7,Preventiva,Mantenimiento programado (plan anual),
PAR-009967,PS-EQ-09,2024-01-01,18:00:00,0.5,Correctiva,Atoro de mineral / obstrucción,632.0
PAR-010443,PS-EQ-10,2027-01-19,18:00:00,3.4,Correctiva,Falla mecánica - desgaste de componente,6628.0
PAR-008777,PS-EQ-05,2025-12-19,05:00:00,9.5,Correctiva,Falla mecánica - desgaste de componente,15683.0
PAR-009607,PS-EQ-07,2027-12-20,18:00:00,2.5,Operativa,Falta de mineral en cancha,1467.0
PAR-008442,PS-EQ-04,2026-05-01,11:00:00,2.2,Operativa,Corte de energía externo,898.0
PAR-009783,PS-EQ-08,2025-12-04,03:00:00,7.8,Preventiva,Mantenimiento programado (plan anual),6362.0
PAR-008248,PS-EQ-04,2024-02-24,09:00:00,11.0,Correctiva,Falla mecánica - desgaste de componente,22549.0
PAR-009812,PS-EQ-08,2026-03-03,00:00:00,20.0,Correctiva,Atoro de mineral / obstrucción,30918.0
PAR-009143,PS-EQ-06,2025-11-11,04:00:00,11.5,Correctiva,Atoro de mineral / obstrucción,19741.0
PAR-010057,PS-EQ-09,2025-03-30,10:00:00,2.2,Operativa,Falta de mineral en cancha,1283.0
PAR-009541,PS-EQ-07,2026-12-18,08:00:00,5.3,Preventiva,Mantenimiento programado (plan anual),8283.0
PAR-009247,PS-EQ-06,2026-12-16,20:00:00,2.5,Correctiva,Falla de lubricación,2105.0
PAR-010104,PS-EQ-09,2025-11-01,13:00:00,4.1,Preventiva,Indeterminado,6413.0
PAR-008222,PS-EQ-03,2027-10-14,15:00:00,4.1,Correctiva,Falla mecánica - desgaste de componente,8473.0
PAR-008119,PS-EQ-03,2026-01-19,06:00:00,8.2,Preventiva,Mantenimiento programado (plan anual),16025.0
PAR-007315,PS-EQ-01,2024-08-25,12:00:00,8.1,Correctiva,Falla de lubricación,15665.0
PAR-009103,PS-EQ-06,2025-06-03,11:00:00,6.9,Preventiva,Mantenimiento programado (plan anual),14542.0
PAR-009652,PS-EQ-08,2024-06-11,11:00:00,8.0,Correctiva,Falla de lubricación,15727.0
PAR-009503,PS-EQ-07,2026-04-30,09:00:00,1.4,Operativa,Condiciones climáticas adversas,338.0
PAR-009865,PS-EQ-08,2026-09-29,15:00:00,1.6,Operativa,Corte de energía externo,563.0
PAR-009883,PS-EQ-08,2026-12-24,06:00:00,7.8,Preventiva,Mantenimiento programado (plan anual),9100.0
PAR-010153,PS-EQ-09,2026-09-09,20:00:00,2.8,Operativa,Condiciones climáticas adversas,
PAR-008255,PS-EQ-04,2024-03-20,18:00:00,4.4,Correctiva,Falla de lubricación,4240.0
PAR-009068,PS-EQ-06,2025-01-02,21:00:00,1.8,Correctiva,Atoro de mineral / obstrucción,2537.0
PAR-007583,PS-EQ-01,2027-09-16,00:00:00,4.6,Correctiva,Falla mecánica - desgaste de componente,9752.0
PAR-008072,PS-EQ-03,2025-04-23,09:00:00,8.3,Preventiva,Indeterminado,12727.0
PAR-010299,PS-EQ-10,2024-11-12,09:00:00,5.5,Preventiva,Mantenimiento programado (plan anual),7885.0
PAR-009074,PS-EQ-06,2025-01-23,07:00:00,8.0,Correctiva,Rotura de faja/correa,11508.0
PAR-009643,PS-EQ-08,2024-04-26,20:00:00,2.3,Correctiva,Rotura de faja/correa,3477.0
PAR-007725,PS-EQ-02,2025-05-08,07:00:00,0.9,Operativa,Espera de insumos (reactivos/bolas de molienda),395.0
PAR-009091,PS-EQ-06,2025-03-25,01:00:00,9.0,Preventiva,Mantenimiento programado (plan anual),12943.0
PAR-007729,PS-EQ-02,2025-05-20,07:00:00,2.9,Operativa,Condiciones climáticas adversas,1596.0
PAR-010033,PS-EQ-09,2024-12-23,13:00:00,8.9,Preventiva,Mantenimiento programado (plan anual),10262.0
PAR-010491,PS-EQ-10,2027-08-12,01:00:00,3.4,Correctiva,Falla mecánica - desgaste de componente,6137.0
PAR-009298,PS-EQ-06,2027-08-06,02:00:00,0.5,Operativa,Espera de insumos (reactivos/bolas de molienda),215.0
PAR-007711,PS-EQ-02,2025-03-21,15:00:00,1.5,Operativa,Espera de insumos (reactivos/bolas de molienda),597.0
PAR-009150,PS-EQ-06,2025-12-16,07:00:00,6.7,Correctiva,Rotura de faja/correa,5862.0
PAR-010076,PS-EQ-09,2025-07-01,01:00:00,14.5,Correctiva,Falla de lubricación,17739.0
PAR-008359,PS-EQ-04,2025-05-23,21:00:00,0.8,Operativa,Condiciones climáticas adversas,475.0
PAR-009545,PS-EQ-07,2027-01-04,10:00:00,5.3,Preventiva,Mantenimiento programado (plan anual),10087.0
PAR-009008,PS-EQ-06,2024-05-25,21:00:00,1.3,Correctiva,Falla mecánica - desgaste de componente,1290.0
PAR-010496,PS-EQ-10,2027-08-30,02:00:00,2.5,Operativa,Condiciones climáticas adversas,1496.0
PAR-008147,PS-EQ-03,2026-08-09,08:00:00,6.8,Preventiva,Mantenimiento programado (plan anual),
PAR-007961,PS-EQ-02,2027-09-10,11:00:00,1.1,Operativa,Condiciones climáticas adversas,418.0
PAR-009736,PS-EQ-08,2025-05-27,04:00:00,4.3,Correctiva,Falla mecánica - desgaste de componente,3643.0
PAR-009432,PS-EQ-07,2025-06-19,18:00:00,2.8,Operativa,Falta de mineral en cancha,686.0
PAR-007970,PS-EQ-02,2027-10-22,01:00:00,12.2,Correctiva,Falla eléctrica - motor/tablero,12284.0
PAR-009843,PS-EQ-08,2026-07-02,06:00:00,9.6,Correctiva,Falla mecánica - desgaste de componente,19591.0
PAR-010175,PS-EQ-09,2026-12-20,09:00:00,0.5,Correctiva,Falla mecánica - desgaste de componente,597.0
PAR-009726,PS-EQ-08,2025-04-28,04:00:00,9.3,Correctiva,Falla mecánica - desgaste de componente,14094.0
PAR-009871,PS-EQ-08,2026-11-02,12:00:00,3.9,Correctiva,Falla mecánica - desgaste de componente,3756.0
PAR-010180,PS-EQ-09,2027-01-11,11:00:00,4.9,Preventiva,Mantenimiento programado (plan anual),
PAR-010257,PS-EQ-10,2024-03-29,07:00:00,7.0,Preventiva,Mantenimiento programado (plan anual),10483.0
PAR-010207,PS-EQ-09,2027-06-11,10:00:00,6.8,Preventiva,Mantenimiento programado (plan anual),14807.0
PAR-010181,PS-EQ-09,2027-01-20,14:00:00,2.3,Correctiva,Falla mecánica - desgaste de componente,4304.0
PAR-010406,PS-EQ-10,2026-05-27,01:00:00,5.1,Preventiva,Mantenimiento programado (plan anual),7846.0
PAR-010484,PS-EQ-10,2027-07-21,09:00:00,2.2,Operativa,Falta de mineral en cancha,1301.0
PAR-008800,PS-EQ-05,2026-03-19,01:00:00,16.8,Correctiva,Falla de lubricación,33190.0
PAR-009377,PS-EQ-07,2024-07-03,15:00:00,6.9,Preventiva,Mantenimiento programado (plan anual),12176.0
PAR-007896,PS-EQ-02,2027-02-04,11:00:00,0.5,Correctiva,Atoro de mineral / obstrucción,455.0
PAR-008479,PS-EQ-04,2026-10-09,05:00:00,2.2,Operativa,Falta de mineral en cancha,1161.0
PAR-010183,PS-EQ-09,2027-01-23,04:00:00,1.8,Operativa,Condiciones climáticas adversas,451.0
PAR-007270,PS-EQ-01,2024-02-04,07:00:00,0.6,Operativa,Condiciones climáticas adversas,355.0
PAR-007977,PS-EQ-02,2027-11-16,09:00:00,10.0,Correctiva,Atoro de mineral / obstrucción,20335.0
PAR-009112,PS-EQ-06,2025-07-10,13:00:00,2.5,Operativa,Falta de mineral en cancha,1422.0
PAR-008301,PS-EQ-04,2024-10-13,19:00:00,3.0,Operativa,Falta de mineral en cancha,766.0
PAR-009330,PS-EQ-06,2027-11-27,14:00:00,1.4,Correctiva,Atoro de mineral / obstrucción,2412.0
PAR-009594,PS-EQ-07,2027-10-01,06:00:00,2.0,Operativa,Espera de insumos (reactivos/bolas de molienda),1196.0
PAR-009474,PS-EQ-07,2026-01-14,02:00:00,1.7,Operativa,Condiciones climáticas adversas,529.0
PAR-010485,PS-EQ-10,2027-07-29,00:00:00,0.5,Correctiva,Falla mecánica - desgaste de componente,762.0
PAR-008428,PS-EQ-04,2026-03-27,21:00:00,0.6,Correctiva,Falla eléctrica - motor/tablero,661.0
PAR-010407,PS-EQ-10,2026-05-31,09:00:00,3.2,Correctiva,Falla de lubricación,6788.0
PAR-009231,PS-EQ-06,2026-10-29,11:00:00,1.1,Operativa,Falta de mineral en cancha,310.0
PAR-010310,PS-EQ-10,2024-12-26,17:00:00,1.4,Operativa,Corte de energía externo,452.0
PAR-009635,PS-EQ-08,2024-03-19,10:00:00,2.1,Operativa,Espera de insumos (reactivos/bolas de molienda),983.0
PAR-010157,PS-EQ-09,2026-10-02,20:00:00,0.9,Correctiva,Atoro de mineral / obstrucción,1973.0
PAR-009677,PS-EQ-08,2024-09-21,05:00:00,1.2,Operativa,Falta de mineral en cancha,469.0
PAR-009805,PS-EQ-08,2026-02-01,10:00:00,1.7,Correctiva,Falla eléctrica - motor/tablero,3060.0
PAR-008627,PS-EQ-05,2024-04-18,08:00:00,2.6,Operativa,Condiciones climáticas adversas,
PAR-009419,PS-EQ-07,2025-04-01,02:00:00,7.8,Correctiva,Falla de lubricación,10670.0
PAR-007945,PS-EQ-02,2027-07-15,18:00:00,3.4,Correctiva,Rotura de faja/correa,5505.0
PAR-007798,PS-EQ-02,2026-03-14,07:00:00,2.5,Operativa,Espera de insumos (reactivos/bolas de molienda),1335.0
PAR-008187,PS-EQ-03,2027-03-29,22:00:00,0.8,Operativa,Corte de energía externo,423.0
PAR-007727,PS-EQ-02,2025-05-14,11:00:00,5.4,Correctiva,Falla mecánica - desgaste de componente,5782.0
PAR-007909,PS-EQ-02,2027-04-10,10:00:00,10.2,Correctiva,Falla mecánica - desgaste de componente,14560.0
PAR-007484,PS-EQ-01,2026-07-21,07:00:00,6.4,Preventiva,Mantenimiento programado (plan anual),6793.0
PAR-008786,PS-EQ-05,2026-01-11,12:00:00,4.4,Correctiva,Falla mecánica - desgaste de componente,7402.0
PAR-007905,PS-EQ-02,2027-03-31,03:00:00,18.3,Correctiva,Falla de lubricación,14897.0
PAR-007380,PS-EQ-01,2025-05-24,18:00:00,1.6,Operativa,Espera de insumos (reactivos/bolas de molienda),460.0
PAR-009788,PS-EQ-08,2025-12-18,00:00:00,5.2,Correctiva,Falla mecánica - desgaste de componente,6925.0
PAR-008529,PS-EQ-04,2027-04-04,00:00:00,9.7,Correctiva,Falla de lubricación,8345.0
PAR-008056,PS-EQ-03,2025-02-03,01:00:00,1.7,Operativa,Falta de mineral en cancha,984.0
PAR-008146,PS-EQ-03,2026-07-25,03:00:00,4.4,Preventiva,Indeterminado,4990.0
PAR-008430,PS-EQ-04,2026-03-31,10:00:00,6.8,Correctiva,Falla mecánica - desgaste de componente,8653.0
PAR-009511,PS-EQ-07,2026-06-18,13:00:00,5.5,Correctiva,Falla mecánica - desgaste de componente,5642.0
PAR-009445,PS-EQ-07,2025-08-19,17:00:00,3.5,Correctiva,Falla eléctrica - motor/tablero,6978.0
PAR-007901,PS-EQ-02,2027-03-14,06:00:00,4.7,Preventiva,Mantenimiento programado (plan anual),5273.0
PAR-009584,PS-EQ-07,2027-08-20,00:00:00,2.4,Operativa,Condiciones climáticas adversas,1277.0
PAR-008635,PS-EQ-05,2024-05-18,08:00:00,6.1,Preventiva,Mantenimiento programado (plan anual),5177.0
PAR-009244,PS-EQ-06,2026-12-07,08:00:00,1.7,Operativa,Indeterminado,867.0
PAR-008756,PS-EQ-05,2025-09-14,18:00:00,4.1,Correctiva,Falla mecánica - desgaste de componente,8274.0
PAR-007524,PS-EQ-01,2027-01-07,21:00:00,1.7,Correctiva,Falla mecánica - desgaste de componente,2947.0
PAR-010517,PS-EQ-10,2027-11-20,18:00:00,2.7,Operativa,Falta de mineral en cancha,1415.0
PAR-008745,PS-EQ-05,2025-08-02,11:00:00,8.0,Preventiva,Mantenimiento programado (plan anual),9571.0
PAR-007953,PS-EQ-02,2027-08-19,14:00:00,5.2,Preventiva,Mantenimiento programado (plan anual),5393.0
PAR-008860,PS-EQ-05,2026-10-11,00:00:00,20.0,Correctiva,Indeterminado,
PAR-009925,PS-EQ-08,2027-06-29,13:00:00,5.3,Correctiva,Falla de lubricación,7999.0
PAR-008765,PS-EQ-05,2025-10-26,06:00:00,5.5,Preventiva,Mantenimiento programado (plan anual),7221.0
PAR-007892,PS-EQ-02,2027-01-12,17:00:00,2.5,Operativa,Falta de mineral en cancha,1222.0
PAR-009595,PS-EQ-07,2027-10-04,08:00:00,6.4,Preventiva,Mantenimiento programado (plan anual),
PAR-008253,PS-EQ-04,2024-03-14,04:00:00,2.3,Operativa,Condiciones climáticas adversas,860.0
PAR-010196,PS-EQ-09,2027-04-13,07:00:00,3.3,Correctiva,Falla eléctrica - motor/tablero,5151.0
PAR-009820,PS-EQ-08,2026-04-04,03:00:00,0.7,Correctiva,Falla eléctrica - motor/tablero,1531.0
PAR-008465,PS-EQ-04,2026-07-30,14:00:00,7.8,Preventiva,Indeterminado,15716.0
PAR-007494,PS-EQ-01,2026-08-22,14:00:00,1.5,Operativa,Condiciones climáticas adversas,321.0
PAR-007940,PS-EQ-02,2027-07-06,03:00:00,1.8,Operativa,Espera de insumos (reactivos/bolas de molienda),369.0
PAR-008916,PS-EQ-05,2027-05-02,05:00:00,8.3,Correctiva,Falla eléctrica - motor/tablero,11061.0
PAR-009858,PS-EQ-08,2026-08-21,09:00:00,8.7,Correctiva,Falla eléctrica - motor/tablero,8674.0
PAR-007939,PS-EQ-02,2027-07-01,16:00:00,1.3,Correctiva,Falla mecánica - desgaste de componente,2114.0
PAR-007502,PS-EQ-01,2026-10-21,11:00:00,6.3,Preventiva,Mantenimiento programado (plan anual),12573.0
PAR-009197,PS-EQ-06,2026-06-19,07:00:00,7.2,Correctiva,Falla mecánica - desgaste de componente,6070.0
PAR-008585,PS-EQ-04,2027-11-24,09:00:00,3.3,Correctiva,Falla mecánica - desgaste de componente,4931.0
PAR-010392,PS-EQ-10,2026-02-28,17:00:00,1.2,Operativa,Falta de mineral en cancha,286.0
PAR-007417,PS-EQ-01,2025-11-14,07:00:00,2.1,Operativa,Espera de insumos (reactivos/bolas de molienda),975.0
PAR-008735,PS-EQ-05,2025-06-09,09:00:00,0.5,Correctiva,Atoro de mineral / obstrucción,621.0
PAR-008387,PS-EQ-04,2025-10-18,00:00:00,0.9,Operativa,Falta de mineral en cancha,286.0
PAR-009494,PS-EQ-07,2026-03-25,06:00:00,1.4,Operativa,Falta de mineral en cancha,432.0
PAR-009509,PS-EQ-07,2026-06-11,03:00:00,7.3,Preventiva,Indeterminado,10838.0
PAR-009295,PS-EQ-06,2027-07-31,02:00:00,1.2,Operativa,Falta de mineral en cancha,458.0
PAR-008624,PS-EQ-05,2024-04-10,19:00:00,1.3,Correctiva,Falla de lubricación,1288.0
PAR-007998,PS-EQ-03,2024-03-19,02:00:00,2.5,Operativa,Espera de insumos (reactivos/bolas de molienda),1235.0
PAR-010433,PS-EQ-10,2026-10-26,20:00:00,2.0,Correctiva,Falla de lubricación,4354.0
PAR-009333,PS-EQ-06,2027-12-17,02:00:00,20.0,Correctiva,Rotura de faja/correa,34341.0
PAR-008540,PS-EQ-04,2027-05-09,02:00:00,9.8,Correctiva,Falla eléctrica - motor/tablero,15815.0
PAR-009000,PS-EQ-06,2024-05-09,07:00:00,15.9,Correctiva,Rotura de faja/correa,15530.0
PAR-010218,PS-EQ-09,2027-09-07,08:00:00,0.9,Operativa,Condiciones climáticas adversas,534.0
PAR-010526,PS-EQ-10,2027-12-29,11:00:00,2.9,Correctiva,Falla de lubricación,4168.0
PAR-009464,PS-EQ-07,2025-11-22,12:00:00,1.2,Operativa,Condiciones climáticas adversas,689.0
PAR-008688,PS-EQ-05,2024-11-28,02:00:00,2.3,Correctiva,Rotura de faja/correa,3198.0
PAR-007742,PS-EQ-02,2025-07-17,02:00:00,20.0,Correctiva,Atoro de mineral / obstrucción,36303.0
PAR-008176,PS-EQ-03,2027-01-17,05:00:00,1.8,Operativa,Espera de insumos (reactivos/bolas de molienda),830.0
PAR-008095,PS-EQ-03,2025-09-03,04:00:00,7.0,Preventiva,Mantenimiento programado (plan anual),12421.0
PAR-007634,PS-EQ-02,2024-05-14,01:00:00,7.4,Preventiva,Mantenimiento programado (plan anual),12448.0
PAR-010038,PS-EQ-09,2025-01-11,00:00:00,2.7,Operativa,Corte de energía externo,587.0
PAR-007829,PS-EQ-02,2026-06-29,06:00:00,8.6,Preventiva,Mantenimiento programado (plan anual),15708.0
PAR-008284,PS-EQ-04,2024-07-25,06:00:00,9.0,Preventiva,Mantenimiento programado (plan anual),13572.0
PAR-008895,PS-EQ-05,2027-02-11,11:00:00,0.8,Operativa,Corte de energía externo,220.0
PAR-009502,PS-EQ-07,2026-04-21,20:00:00,2.5,Operativa,Falta de mineral en cancha,1429.0
PAR-009519,PS-EQ-07,2026-08-09,15:00:00,2.9,Operativa,Corte de energía externo,1621.0
PAR-008799,PS-EQ-05,2026-03-17,02:00:00,11.2,Correctiva,Falla eléctrica - motor/tablero,18978.0
PAR-008141,PS-EQ-03,2026-06-08,04:00:00,2.0,Operativa,Espera de insumos (reactivos/bolas de molienda),1141.0
PAR-010171,PS-EQ-09,2026-11-20,01:00:00,5.4,Preventiva,Mantenimiento programado (plan anual),8258.0
PAR-007830,PS-EQ-02,2026-07-03,16:00:00,3.3,Correctiva,Falla de lubricación,6741.0
PAR-008681,PS-EQ-05,2024-11-06,07:00:00,2.5,Operativa,Corte de energía externo,1046.0
PAR-007789,PS-EQ-02,2026-02-06,05:00:00,1.3,Operativa,Espera de insumos (reactivos/bolas de molienda),509.0
PAR-008361,PS-EQ-04,2025-06-14,03:00:00,1.4,Operativa,Indeterminado,590.0
PAR-007582,PS-EQ-01,2027-09-15,08:00:00,11.6,Correctiva,Atoro de mineral / obstrucción,15426.0
PAR-007783,PS-EQ-02,2026-01-19,07:00:00,1.6,Operativa,Indeterminado,447.0
PAR-009647,PS-EQ-08,2024-05-26,10:00:00,1.0,Operativa,Falta de mineral en cancha,261.0
PAR-010474,PS-EQ-10,2027-05-19,11:00:00,3.0,Correctiva,Falla de lubricación,4594.0
PAR-009409,PS-EQ-07,2025-02-04,18:00:00,0.5,Correctiva,Falla mecánica - desgaste de componente,883.0
PAR-010123,PS-EQ-09,2026-03-18,04:00:00,0.8,Correctiva,Falla eléctrica - motor/tablero,1648.0
PAR-008487,PS-EQ-04,2026-11-05,19:00:00,2.3,Operativa,Corte de energía externo,814.0
PAR-009418,PS-EQ-07,2025-03-19,12:00:00,8.5,Preventiva,Mantenimiento programado (plan anual),11642.0
PAR-010295,PS-EQ-10,2024-11-03,03:00:00,2.7,Operativa,Corte de energía externo,608.0
PAR-009258,PS-EQ-06,2027-02-08,08:00:00,0.5,Correctiva,Rotura de faja/correa,817.0
PAR-008166,PS-EQ-03,2026-12-08,08:00:00,7.1,Correctiva,Atoro de mineral / obstrucción,11482.0
PAR-009287,PS-EQ-06,2027-06-20,02:00:00,1.3,Correctiva,Falla de lubricación,1736.0
PAR-009024,PS-EQ-06,2024-07-21,00:00:00,1.2,Operativa,Corte de energía externo,489.0
PAR-010368,PS-EQ-10,2025-11-03,09:00:00,2.3,Operativa,Condiciones climáticas adversas,1004.0
PAR-009975,PS-EQ-09,2024-02-07,16:00:00,6.8,Preventiva,Mantenimiento programado (plan anual),6954.0
PAR-008577,PS-EQ-04,2027-10-30,21:00:00,1.0,Correctiva,Falla mecánica - desgaste de componente,1598.0
PAR-007370,PS-EQ-01,2025-04-24,18:00:00,0.7,Operativa,Espera de insumos (reactivos/bolas de molienda),272.0
PAR-010286,PS-EQ-10,2024-09-07,16:00:00,0.5,Correctiva,Falla eléctrica - motor/tablero,899.0
PAR-009614,PS-EQ-08,2024-01-08,12:00:00,1.0,Operativa,Falta de mineral en cancha,470.0
PAR-008910,PS-EQ-05,2027-04-16,10:00:00,0.9,Operativa,Espera de insumos (reactivos/bolas de molienda),188.0
PAR-007803,PS-EQ-02,2026-03-31,19:00:00,1.6,Operativa,Condiciones climáticas adversas,349.0
PAR-010163,PS-EQ-09,2026-10-30,18:00:00,4.3,Preventiva,Mantenimiento programado (plan anual),7190.0
PAR-007325,PS-EQ-01,2024-10-01,06:00:00,3.7,Correctiva,Atoro de mineral / obstrucción,7258.0
PAR-007504,PS-EQ-01,2026-10-28,04:00:00,1.5,Operativa,Falta de mineral en cancha,340.0
PAR-008791,PS-EQ-05,2026-02-03,19:00:00,0.9,Correctiva,Falla eléctrica - motor/tablero,1922.0
PAR-009457,PS-EQ-07,2025-09-27,12:00:00,1.8,Operativa,Corte de energía externo,796.0
PAR-009604,PS-EQ-07,2027-12-03,00:00:00,1.8,Operativa,Falta de mineral en cancha,503.0
PAR-007910,PS-EQ-02,2027-04-11,19:00:00,1.8,Correctiva,Rotura de faja/correa,3046.0
PAR-007387,PS-EQ-01,2025-07-01,16:00:00,1.1,Operativa,Falta de mineral en cancha,410.0
PAR-009782,PS-EQ-08,2025-12-01,10:00:00,4.7,Correctiva,Falla mecánica - desgaste de componente,8256.0
PAR-007534,PS-EQ-01,2027-02-11,19:00:00,2.6,Operativa,Corte de energía externo,1121.0
PAR-010477,PS-EQ-10,2027-06-12,01:00:00,18.6,Correctiva,Rotura de faja/correa,36500.0
PAR-008302,PS-EQ-04,2024-10-16,03:00:00,7.4,Correctiva,Falla eléctrica - motor/tablero,10626.0
PAR-007682,PS-EQ-02,2024-12-03,14:00:00,1.9,Operativa,Corte de energía externo,510.0
PAR-007934,PS-EQ-02,2027-06-24,16:00:00,5.7,Preventiva,Mantenimiento programado (plan anual),5228.0
PAR-008349,PS-EQ-04,2025-04-06,04:00:00,6.8,Preventiva,Mantenimiento programado (plan anual),
PAR-010350,PS-EQ-10,2025-08-03,15:00:00,0.8,Operativa,Condiciones climáticas adversas,330.0
PAR-008239,PS-EQ-03,2027-12-26,09:00:00,1.2,Operativa,Corte de energía externo,299.0
PAR-008763,PS-EQ-05,2025-10-17,17:00:00,1.7,Correctiva,Falla mecánica - desgaste de componente,3618.0
PAR-009072,PS-EQ-06,2025-01-17,13:00:00,5.2,Preventiva,Mantenimiento programado (plan anual),7349.0
PAR-010060,PS-EQ-09,2025-04-11,16:00:00,5.7,Correctiva,Falla eléctrica - motor/tablero,5804.0
PAR-009855,PS-EQ-08,2026-08-09,17:00:00,0.5,Correctiva,Falla mecánica - desgaste de componente,667.0
PAR-007743,PS-EQ-02,2025-07-18,05:00:00,4.3,Correctiva,Falla eléctrica - motor/tablero,8844.0
PAR-008546,PS-EQ-04,2027-06-01,00:00:00,4.9,Correctiva,Rotura de faja/correa,7277.0
PAR-007956,PS-EQ-02,2027-08-31,03:00:00,20.0,Correctiva,Rotura de faja/correa,37855.0
PAR-009892,PS-EQ-08,2027-01-23,01:00:00,16.6,Correctiva,Rotura de faja/correa,17387.0
PAR-008884,PS-EQ-05,2027-01-15,01:00:00,13.3,Correctiva,Atoro de mineral / obstrucción,24214.0
PAR-010438,PS-EQ-10,2026-12-17,16:00:00,2.5,Correctiva,Atoro de mineral / obstrucción,2214.0
PAR-007751,PS-EQ-02,2025-08-27,16:00:00,0.9,Operativa,Condiciones climáticas adversas,527.0
PAR-009839,PS-EQ-08,2026-06-17,02:00:00,7.4,Correctiva,Falla eléctrica - motor/tablero,8129.0
PAR-008152,PS-EQ-03,2026-09-12,03:00:00,2.8,Operativa,Espera de insumos (reactivos/bolas de molienda),846.0
PAR-008371,PS-EQ-04,2025-08-15,06:00:00,10.8,Correctiva,Falla mecánica - desgaste de componente,
PAR-010065,PS-EQ-09,2025-05-16,07:00:00,5.1,Correctiva,Falla de lubricación,10822.0
PAR-010075,PS-EQ-09,2025-06-29,07:00:00,7.7,Correctiva,Falla de lubricación,15412.0
PAR-007459,PS-EQ-01,2026-04-30,06:00:00,1.0,Correctiva,Indeterminado,1424.0
PAR-008385,PS-EQ-04,2025-10-13,06:00:00,4.6,Correctiva,Falla de lubricación,7373.0
PAR-009936,PS-EQ-08,2027-08-25,09:00:00,8.5,Preventiva,Mantenimiento programado (plan anual),8529.0
PAR-008908,PS-EQ-05,2027-04-10,03:00:00,4.0,Correctiva,Atoro de mineral / obstrucción,5251.0
PAR-008028,PS-EQ-03,2024-09-02,02:00:00,7.6,Preventiva,Mantenimiento programado (plan anual),16593.0
PAR-008463,PS-EQ-04,2026-07-23,03:00:00,18.7,Correctiva,Falla mecánica - desgaste de componente,33545.0
PAR-007571,PS-EQ-01,2027-07-26,09:00:00,8.3,Preventiva,Mantenimiento programado (plan anual),12742.0
PAR-010468,PS-EQ-10,2027-05-04,11:00:00,4.0,Preventiva,Mantenimiento programado (plan anual),5660.0
PAR-008149,PS-EQ-03,2026-08-20,16:00:00,4.1,Correctiva,Rotura de faja/correa,4456.0
PAR-008340,PS-EQ-04,2025-03-16,04:00:00,18.3,Correctiva,Falla mecánica - desgaste de componente,30308.0
PAR-008824,PS-EQ-05,2026-05-28,00:00:00,5.2,Preventiva,Mantenimiento programado (plan anual),5175.0
PAR-009543,PS-EQ-07,2026-12-23,20:00:00,0.8,Operativa,Espera de insumos (reactivos/bolas de molienda),284.0
PAR-010193,PS-EQ-09,2027-03-22,21:00:00,0.7,Operativa,Espera de insumos (reactivos/bolas de molienda),152.0
PAR-009888,PS-EQ-08,2027-01-13,09:00:00,11.1,Correctiva,Atoro de mineral / obstrucción,12066.0
PAR-009807,PS-EQ-08,2026-02-15,02:00:00,20.0,Correctiva,Falla eléctrica - motor/tablero,22132.0
PAR-008403,PS-EQ-04,2025-12-17,08:00:00,2.3,Operativa,Condiciones climáticas adversas,945.0
PAR-008177,PS-EQ-03,2027-02-01,16:00:00,6.8,Preventiva,Mantenimiento programado (plan anual),14258.0
PAR-007627,PS-EQ-02,2024-04-16,04:00:00,8.3,Preventiva,Mantenimiento programado (plan anual),16617.0
PAR-008665,PS-EQ-05,2024-09-19,19:00:00,3.3,Correctiva,Atoro de mineral / obstrucción,6980.0
PAR-008578,PS-EQ-04,2027-10-31,06:00:00,1.6,Correctiva,Rotura de faja/correa,1473.0
PAR-009961,PS-EQ-08,2027-12-05,11:00:00,4.6,Preventiva,Mantenimiento programado (plan anual),10094.0
PAR-010274,PS-EQ-10,2024-07-05,10:00:00,9.5,Correctiva,Falla eléctrica - motor/tablero,13663.0
PAR-009846,PS-EQ-08,2026-07-07,05:00:00,7.0,Correctiva,Falla mecánica - desgaste de componente,11830.0
PAR-009998,PS-EQ-09,2024-06-14,12:00:00,7.5,Preventiva,Mantenimiento programado (plan anual),13748.0
PAR-009305,PS-EQ-06,2027-08-22,08:00:00,3.2,Correctiva,Falla mecánica - desgaste de componente,4649.0
PAR-008168,PS-EQ-03,2026-12-16,14:00:00,4.8,Correctiva,Falla de lubricación,7419.0
PAR-008451,PS-EQ-04,2026-05-30,06:00:00,8.9,Correctiva,Falla de lubricación,8853.0
PAR-008870,PS-EQ-05,2026-11-18,12:00:00,3.0,Operativa,Espera de insumos (reactivos/bolas de molienda),750.0
PAR-007914,PS-EQ-02,2027-04-25,11:00:00,1.9,Operativa,Condiciones climáticas adversas,1109.0
PAR-008972,PS-EQ-05,2027-12-03,20:00:00,2.1,Correctiva,Rotura de faja/correa,2182.0
PAR-009544,PS-EQ-07,2026-12-23,03:00:00,12.5,Correctiva,Falla mecánica - desgaste de componente,14637.0
PAR-008058,PS-EQ-03,2025-02-05,21:00:00,1.2,Correctiva,Falla eléctrica - motor/tablero,1229.0
PAR-007861,PS-EQ-02,2026-10-09,01:00:00,2.3,Operativa,Corte de energía externo,727.0
PAR-010419,PS-EQ-10,2026-08-31,04:00:00,2.2,Operativa,Corte de energía externo,792.0
PAR-010527,PS-EQ-10,2027-12-30,12:00:00,1.2,Correctiva,Rotura de faja/correa,1948.0
PAR-008875,PS-EQ-05,2026-12-11,11:00:00,4.1,Correctiva,Rotura de faja/correa,4575.0
PAR-008035,PS-EQ-03,2024-10-13,10:00:00,2.3,Operativa,Indeterminado,942.0
PAR-008492,PS-EQ-04,2026-11-16,09:00:00,8.6,Correctiva,Falla mecánica - desgaste de componente,15946.0
PAR-007902,PS-EQ-02,2027-03-19,18:00:00,3.0,Operativa,Falta de mineral en cancha,1659.0
PAR-010000,PS-EQ-09,2024-06-29,11:00:00,8.4,Preventiva,Mantenimiento programado (plan anual),6975.0
PAR-008631,PS-EQ-05,2024-04-30,02:00:00,7.4,Preventiva,Mantenimiento programado (plan anual),10965.0
PAR-008966,PS-EQ-05,2027-11-13,07:00:00,6.1,Preventiva,Mantenimiento programado (plan anual),8058.0
PAR-008308,PS-EQ-04,2024-11-04,02:00:00,3.4,Correctiva,Falla de lubricación,7405.0
PAR-008921,PS-EQ-05,2027-05-21,05:00:00,0.9,Operativa,Corte de energía externo,380.0
PAR-008345,PS-EQ-04,2025-04-01,06:00:00,2.3,Correctiva,Falla de lubricación,3954.0
PAR-008053,PS-EQ-03,2025-01-22,08:00:00,5.2,Preventiva,Mantenimiento programado (plan anual),5702.0
PAR-009040,PS-EQ-06,2024-09-16,12:00:00,0.8,Operativa,Corte de energía externo,
PAR-009084,PS-EQ-06,2025-03-01,11:00:00,0.6,Operativa,Espera de insumos (reactivos/bolas de molienda),
PAR-008636,PS-EQ-05,2024-05-21,09:00:00,8.0,Correctiva,Rotura de faja/correa,16173.0
PAR-008046,PS-EQ-03,2024-12-24,12:00:00,7.4,Correctiva,Rotura de faja/correa,7433.0
PAR-009096,PS-EQ-06,2025-04-20,11:00:00,0.5,Correctiva,Falla mecánica - desgaste de componente,508.0
PAR-008372,PS-EQ-04,2025-08-17,13:00:00,9.2,Correctiva,Atoro de mineral / obstrucción,8661.0
PAR-009754,PS-EQ-08,2025-07-10,16:00:00,6.3,Correctiva,Atoro de mineral / obstrucción,12750.0
PAR-009106,PS-EQ-06,2025-06-18,14:00:00,7.8,Preventiva,Mantenimiento programado (plan anual),10337.0
PAR-010490,PS-EQ-10,2027-08-10,08:00:00,7.3,Correctiva,Rotura de faja/correa,10391.0
PAR-009983,PS-EQ-09,2024-03-14,07:00:00,8.5,Preventiva,Mantenimiento programado (plan anual),18017.0
PAR-009572,PS-EQ-07,2027-06-03,00:00:00,2.5,Correctiva,Rotura de faja/correa,3213.0
PAR-008348,PS-EQ-04,2025-04-05,07:00:00,5.5,Correctiva,Falla de lubricación,4752.0
PAR-009268,PS-EQ-06,2027-04-02,13:00:00,1.2,Correctiva,Falla mecánica - desgaste de componente,1533.0
PAR-008033,PS-EQ-03,2024-10-08,15:00:00,1.4,Operativa,Espera de insumos (reactivos/bolas de molienda),383.0
PAR-008164,PS-EQ-03,2026-11-16,01:00:00,4.3,Preventiva,Mantenimiento programado (plan anual),5688.0
PAR-009905,PS-EQ-08,2027-03-23,12:00:00,2.8,Operativa,Espera de insumos (reactivos/bolas de molienda),1100.0
PAR-007464,PS-EQ-01,2026-05-13,01:00:00,8.0,Correctiva,Atoro de mineral / obstrucción,9655.0
PAR-009937,PS-EQ-08,2027-08-25,16:00:00,3.6,Correctiva,Falla mecánica - desgaste de componente,4176.0
PAR-009602,PS-EQ-07,2027-11-19,04:00:00,2.0,Operativa,Condiciones climáticas adversas,
PAR-010103,PS-EQ-09,2025-10-19,19:00:00,1.1,Operativa,Espera de insumos (reactivos/bolas de molienda),450.0
PAR-009769,PS-EQ-08,2025-10-16,06:00:00,13.5,Correctiva,Falla eléctrica - motor/tablero,18210.0
PAR-008552,PS-EQ-04,2027-06-28,09:00:00,2.3,Operativa,Corte de energía externo,856.0
PAR-009978,PS-EQ-09,2024-02-18,05:00:00,1.9,Correctiva,Falla mecánica - desgaste de componente,2948.0
PAR-010359,PS-EQ-10,2025-09-12,01:00:00,0.5,Correctiva,Falla eléctrica - motor/tablero,443.0
PAR-010092,PS-EQ-09,2025-09-15,03:00:00,12.1,Correctiva,Rotura de faja/correa,16820.0
PAR-009691,PS-EQ-08,2024-11-14,16:00:00,1.8,Correctiva,Falla de lubricación,3759.0
PAR-009756,PS-EQ-08,2025-07-28,03:00:00,5.4,Preventiva,Mantenimiento programado (plan anual),5824.0
PAR-007452,PS-EQ-01,2026-03-29,03:00:00,2.4,Operativa,Falta de mineral en cancha,774.0
PAR-007371,PS-EQ-01,2025-04-24,06:00:00,6.5,Correctiva,Falla de lubricación,11228.0
PAR-007575,PS-EQ-01,2027-08-07,08:00:00,7.8,Correctiva,Atoro de mineral / obstrucción,13200.0
PAR-010281,PS-EQ-10,2024-08-12,09:00:00,0.9,Correctiva,Falla eléctrica - motor/tablero,973.0
PAR-010233,PS-EQ-09,2027-12-21,04:00:00,1.8,Operativa,Corte de energía externo,556.0
PAR-007402,PS-EQ-01,2025-10-04,01:00:00,2.1,Correctiva,Rotura de faja/correa,1848.0
PAR-009881,PS-EQ-08,2026-12-20,04:00:00,8.2,Correctiva,Atoro de mineral / obstrucción,13282.0
PAR-008303,PS-EQ-04,2024-10-18,02:00:00,2.6,Correctiva,Falla eléctrica - motor/tablero,3502.0
PAR-009310,PS-EQ-06,2027-09-11,13:00:00,1.6,Operativa,Corte de energía externo,776.0
PAR-009102,PS-EQ-06,2025-05-22,15:00:00,6.1,Correctiva,Falla eléctrica - motor/tablero,5938.0
PAR-009061,PS-EQ-06,2024-12-07,01:00:00,2.5,Operativa,Condiciones climáticas adversas,985.0
PAR-009548,PS-EQ-07,2027-01-14,15:00:00,1.3,Operativa,Condiciones climáticas adversas,429.0
PAR-009630,PS-EQ-08,2024-02-19,08:00:00,5.5,Preventiva,Mantenimiento programado (plan anual),8649.0
PAR-009654,PS-EQ-08,2024-06-14,01:00:00,7.6,Correctiva,Atoro de mineral / obstrucción,14381.0
PAR-007662,PS-EQ-02,2024-09-03,15:00:00,7.7,Preventiva,Mantenimiento programado (plan anual),13784.0
PAR-009555,PS-EQ-07,2027-02-16,01:00:00,0.5,Correctiva,Falla de lubricación,474.0
PAR-008985,PS-EQ-06,2024-03-10,02:00:00,20.0,Correctiva,Rotura de faja/correa,34347.0
PAR-007642,PS-EQ-02,2024-06-05,10:00:00,9.1,Correctiva,Rotura de faja/correa,16612.0
PAR-009586,PS-EQ-07,2027-08-30,15:00:00,1.9,Correctiva,Atoro de mineral / obstrucción,3654.0
PAR-009113,PS-EQ-06,2025-07-23,08:00:00,5.4,Correctiva,Rotura de faja/correa,7894.0
PAR-009973,PS-EQ-09,2024-01-30,01:00:00,1.9,Correctiva,Falla de lubricación,3800.0
PAR-007495,PS-EQ-01,2026-09-01,04:00:00,8.3,Preventiva,Mantenimiento programado (plan anual),13974.0
PAR-007352,PS-EQ-01,2025-02-09,10:00:00,1.5,Operativa,Corte de energía externo,452.0
PAR-007614,PS-EQ-02,2024-02-08,01:00:00,20.0,Correctiva,Falla de lubricación,
PAR-009097,PS-EQ-06,2025-04-28,08:00:00,7.6,Preventiva,Mantenimiento programado (plan anual),7340.0
PAR-009363,PS-EQ-07,2024-05-02,20:00:00,2.0,Operativa,Corte de energía externo,639.0
PAR-009695,PS-EQ-08,2024-11-26,20:00:00,1.9,Operativa,Condiciones climáticas adversas,642.0
PAR-008990,PS-EQ-06,2024-03-30,05:00:00,4.2,Preventiva,Mantenimiento programado (plan anual),6011.0
PAR-007535,PS-EQ-01,2027-02-17,07:00:00,8.6,Preventiva,Mantenimiento programado (plan anual),10895.0
PAR-008915,PS-EQ-05,2027-04-29,08:00:00,1.2,Correctiva,Falla mecánica - desgaste de componente,2198.0
PAR-007356,PS-EQ-01,2025-03-01,04:00:00,5.2,Preventiva,Mantenimiento programado (plan anual),
PAR-008850,PS-EQ-05,2026-08-31,18:00:00,3.0,Correctiva,Indeterminado,3502.0
PAR-010182,PS-EQ-09,2027-01-22,13:00:00,2.3,Correctiva,Rotura de faja/correa,2075.0
PAR-007632,PS-EQ-02,2024-05-02,04:00:00,0.7,Correctiva,Indeterminado,1001.0
PAR-007911,PS-EQ-02,2027-04-14,06:00:00,13.4,Correctiva,Rotura de faja/correa,27449.0
PAR-007785,PS-EQ-02,2026-01-28,07:00:00,5.1,Correctiva,Rotura de faja/correa,5399.0
PAR-008838,PS-EQ-05,2026-08-04,14:00:00,2.5,Correctiva,Atoro de mineral / obstrucción,4638.0
PAR-008132,PS-EQ-03,2026-05-13,04:00:00,9.2,Correctiva,Falla eléctrica - motor/tablero,19516.0
PAR-008283,PS-EQ-04,2024-07-24,08:00:00,2.9,Correctiva,Falla mecánica - desgaste de componente,3848.0
PAR-010056,PS-EQ-09,2025-03-29,13:00:00,2.6,Correctiva,Rotura de faja/correa,2210.0
PAR-010062,PS-EQ-09,2025-04-30,05:00:00,7.5,Preventiva,Mantenimiento programado (plan anual),13583.0
PAR-009708,PS-EQ-08,2025-02-01,02:00:00,19.8,Correctiva,Falla mecánica - desgaste de componente,16923.0
PAR-008610,PS-EQ-05,2024-02-26,04:00:00,0.6,Operativa,Espera de insumos (reactivos/bolas de molienda),248.0
PAR-007363,PS-EQ-01,2025-03-24,07:00:00,4.6,Correctiva,Falla de lubricación,6759.0
PAR-008327,PS-EQ-04,2025-01-21,14:00:00,1.6,Correctiva,Atoro de mineral / obstrucción,2563.0
PAR-007418,PS-EQ-01,2025-11-16,06:00:00,8.4,Preventiva,Mantenimiento programado (plan anual),14415.0
PAR-010009,PS-EQ-09,2024-08-12,03:00:00,2.8,Operativa,Falta de mineral en cancha,1049.0
PAR-008776,PS-EQ-05,2025-12-10,15:00:00,5.6,Preventiva,Mantenimiento programado (plan anual),10638.0
PAR-010432,PS-EQ-10,2026-10-14,03:00:00,20.0,Correctiva,Indeterminado,32962.0
PAR-009884,PS-EQ-08,2026-12-26,09:00:00,1.5,Operativa,Espera de insumos (reactivos/bolas de molienda),721.0
PAR-009079,PS-EQ-06,2025-02-05,17:00:00,2.8,Correctiva,Falla de lubricación,6133.0
PAR-009255,PS-EQ-06,2027-01-30,14:00:00,6.6,Preventiva,Mantenimiento programado (plan anual),13098.0
PAR-010082,PS-EQ-09,2025-08-01,04:00:00,4.7,Correctiva,Falla de lubricación,4410.0
PAR-009599,PS-EQ-07,2027-11-12,20:00:00,1.1,Correctiva,Falla mecánica - desgaste de componente,2192.0
PAR-009763,PS-EQ-08,2025-09-12,19:00:00,3.5,Correctiva,Atoro de mineral / obstrucción,6816.0
PAR-010441,PS-EQ-10,2027-01-09,00:00:00,8.3,Preventiva,Mantenimiento programado (plan anual),8293.0
PAR-007336,PS-EQ-01,2024-11-20,12:00:00,5.6,Preventiva,Mantenimiento programado (plan anual),10437.0
PAR-007585,PS-EQ-01,2027-09-19,05:00:00,5.0,Preventiva,Mantenimiento programado (plan anual),7188.0
PAR-007628,PS-EQ-02,2024-04-22,01:00:00,16.3,Correctiva,Atoro de mineral / obstrucción,22439.0
PAR-009803,PS-EQ-08,2026-01-24,06:00:00,10.9,Correctiva,Atoro de mineral / obstrucción,22152.0
PAR-009206,PS-EQ-06,2026-07-25,18:00:00,3.3,Correctiva,Indeterminado,4651.0
PAR-007335,PS-EQ-01,2024-11-13,10:00:00,0.6,Operativa,Espera de insumos (reactivos/bolas de molienda),296.0
PAR-010270,PS-EQ-10,2024-06-17,11:00:00,7.4,Correctiva,Rotura de faja/correa,
PAR-008802,PS-EQ-05,2026-03-23,13:00:00,1.9,Operativa,Falta de mineral en cancha,1023.0
PAR-008180,PS-EQ-03,2027-02-24,09:00:00,7.9,Preventiva,Mantenimiento programado (plan anual),12225.0
PAR-008008,PS-EQ-03,2024-05-08,02:00:00,2.6,Operativa,Indeterminado,1443.0
PAR-008085,PS-EQ-03,2025-07-21,02:00:00,18.0,Correctiva,Falla mecánica - desgaste de componente,16405.0
PAR-007428,PS-EQ-01,2025-12-24,18:00:00,2.3,Operativa,Falta de mineral en cancha,838.0
PAR-007405,PS-EQ-01,2025-10-14,01:00:00,20.0,Correctiva,Falla mecánica - desgaste de componente,33679.0
PAR-010140,PS-EQ-09,2026-06-26,15:00:00,1.8,Correctiva,Rotura de faja/correa,1652.0
PAR-008684,PS-EQ-05,2024-11-18,16:00:00,1.3,Correctiva,Falla de lubricación,1855.0
PAR-008101,PS-EQ-03,2025-10-05,05:00:00,5.3,Preventiva,Mantenimiento programado (plan anual),10699.0
PAR-008830,PS-EQ-05,2026-06-05,04:00:00,8.8,Correctiva,Falla mecánica - desgaste de componente,7435.0
PAR-010387,PS-EQ-10,2026-02-14,06:00:00,0.5,Correctiva,Rotura de faja/correa,1008.0
PAR-007648,PS-EQ-02,2024-07-02,08:00:00,3.9,Correctiva,Atoro de mineral / obstrucción,5595.0
PAR-009873,PS-EQ-08,2026-11-16,01:00:00,8.6,Preventiva,Indeterminado,
PAR-008698,PS-EQ-05,2025-01-01,21:00:00,0.9,Operativa,Falta de mineral en cancha,412.0
PAR-009104,PS-EQ-06,2025-06-13,10:00:00,1.4,Correctiva,Falla de lubricación,1773.0
PAR-007539,PS-EQ-01,2027-03-03,00:00:00,7.7,Preventiva,Mantenimiento programado (plan anual),16662.0
PAR-009239,PS-EQ-06,2026-11-20,16:00:00,3.1,Correctiva,Atoro de mineral / obstrucción,4234.0
PAR-010119,PS-EQ-09,2026-02-25,12:00:00,1.9,Correctiva,Rotura de faja/correa,3150.0
PAR-008295,PS-EQ-04,2024-09-19,08:00:00,6.9,Preventiva,Mantenimiento programado (plan anual),6766.0
PAR-007790,PS-EQ-02,2026-02-09,16:00:00,3.4,Correctiva,Indeterminado,5007.0
PAR-008815,PS-EQ-05,2026-05-02,06:00:00,11.1,Correctiva,Falla mecánica - desgaste de componente,9711.0
PAR-008554,PS-EQ-04,2027-07-01,08:00:00,4.9,Correctiva,Falla eléctrica - motor/tablero,3997.0
PAR-008449,PS-EQ-04,2026-05-21,15:00:00,6.1,Correctiva,Rotura de faja/correa,6116.0
PAR-008140,PS-EQ-03,2026-06-08,11:00:00,7.2,Preventiva,Mantenimiento programado (plan anual),
PAR-009388,PS-EQ-07,2024-09-05,09:00:00,1.7,Operativa,Condiciones climáticas adversas,629.0
PAR-010023,PS-EQ-09,2024-11-10,05:00:00,5.8,Preventiva,Mantenimiento programado (plan anual),10820.0
PAR-009895,PS-EQ-08,2027-02-10,17:00:00,5.2,Preventiva,Mantenimiento programado (plan anual),10158.0
PAR-009850,PS-EQ-08,2026-07-24,17:00:00,0.6,Operativa,Indeterminado,124.0
PAR-008026,PS-EQ-03,2024-08-26,02:00:00,20.0,Correctiva,Falla de lubricación,24447.0
PAR-008114,PS-EQ-03,2025-12-18,00:00:00,19.3,Correctiva,Falla mecánica - desgaste de componente,22734.0
PAR-009055,PS-EQ-06,2024-11-12,03:00:00,1.5,Correctiva,Rotura de faja/correa,1734.0
PAR-007461,PS-EQ-01,2026-05-05,19:00:00,0.9,Operativa,Falta de mineral en cancha,485.0
PAR-009375,PS-EQ-07,2024-06-28,11:00:00,1.6,Operativa,Corte de energía externo,326.0
PAR-008729,PS-EQ-05,2025-05-17,02:00:00,19.6,Correctiva,Falla de lubricación,16288.0
PAR-007282,PS-EQ-01,2024-03-21,01:00:00,20.0,Correctiva,Rotura de faja/correa,22451.0
PAR-008825,PS-EQ-05,2026-05-29,01:00:00,0.8,Operativa,Espera de insumos (reactivos/bolas de molienda),332.0
PAR-009466,PS-EQ-07,2025-12-03,12:00:00,1.2,Correctiva,Falla mecánica - desgaste de componente,2247.0
PAR-009845,PS-EQ-08,2026-07-05,00:00:00,3.7,Correctiva,Falla mecánica - desgaste de componente,4519.0
PAR-008280,PS-EQ-04,2024-07-16,06:00:00,2.2,Operativa,Condiciones climáticas adversas,770.0
PAR-009549,PS-EQ-07,2027-01-26,01:00:00,8.2,Preventiva,Mantenimiento programado (plan anual),17321.0
PAR-010018,PS-EQ-09,2024-10-23,14:00:00,4.9,Preventiva,Mantenimiento programado (plan anual),9250.0
PAR-009679,PS-EQ-08,2024-09-27,02:00:00,7.5,Preventiva,Mantenimiento programado (plan anual),13712.0
PAR-009033,PS-EQ-06,2024-09-02,09:00:00,9.0,Correctiva,Falla eléctrica - motor/tablero,18003.0
PAR-007507,PS-EQ-01,2026-11-08,11:00:00,0.5,Correctiva,Falla mecánica - desgaste de componente,755.0
PAR-008411,PS-EQ-04,2026-01-19,06:00:00,6.1,Preventiva,Indeterminado,9317.0
PAR-008550,PS-EQ-04,2027-06-20,05:00:00,8.9,Preventiva,Mantenimiento programado (plan anual),11087.0
PAR-009625,PS-EQ-08,2024-02-04,08:00:00,8.4,Preventiva,Mantenimiento programado (plan anual),18428.0
PAR-009473,PS-EQ-07,2026-01-09,07:00:00,2.4,Operativa,Condiciones climáticas adversas,648.0
PAR-009935,PS-EQ-08,2027-08-16,17:00:00,1.0,Operativa,Corte de energía externo,345.0
PAR-010512,PS-EQ-10,2027-11-15,00:00:00,1.8,Correctiva,Indeterminado,3622.0
PAR-007551,PS-EQ-01,2027-04-07,04:00:00,1.0,Operativa,Falta de mineral en cancha,231.0
PAR-008555,PS-EQ-04,2027-07-11,11:00:00,8.4,Correctiva,Falla mecánica - desgaste de componente,7726.0
PAR-010480,PS-EQ-10,2027-06-24,01:00:00,8.5,Preventiva,Mantenimiento programado (plan anual),15577.0
PAR-008814,PS-EQ-05,2026-05-01,00:00:00,2.3,Operativa,Condiciones climáticas adversas,916.0
PAR-007720,PS-EQ-02,2025-04-23,17:00:00,4.6,Preventiva,Mantenimiento programado (plan anual),8270.0
PAR-009309,PS-EQ-06,2027-09-09,04:00:00,12.9,Correctiva,Indeterminado,16141.0
PAR-008872,PS-EQ-05,2026-12-01,15:00:00,2.4,Operativa,Corte de energía externo,988.0
PAR-008244,PS-EQ-04,2024-01-24,04:00:00,3.7,Correctiva,Atoro de mineral / obstrucción,7053.0
PAR-008795,PS-EQ-05,2026-02-27,00:00:00,0.5,Correctiva,Falla eléctrica - motor/tablero,576.0
PAR-009924,PS-EQ-08,2027-06-28,07:00:00,0.5,Correctiva,Falla de lubricación,904.0
PAR-009867,PS-EQ-08,2026-10-15,20:00:00,0.6,Operativa,Condiciones climáticas adversas,174.0
PAR-007542,PS-EQ-01,2027-03-14,01:00:00,19.9,Correctiva,Falla eléctrica - motor/tablero,33818.0
PAR-007875,PS-EQ-02,2026-11-20,01:00:00,6.6,Preventiva,Mantenimiento programado (plan anual),11460.0
PAR-009204,PS-EQ-06,2026-07-22,06:00:00,14.3,Correctiva,Falla eléctrica - motor/tablero,13508.0
PAR-010321,PS-EQ-10,2025-02-28,10:00:00,8.6,Correctiva,Falla eléctrica - motor/tablero,13371.0
PAR-009237,PS-EQ-06,2026-11-17,00:00:00,16.0,Correctiva,Falla eléctrica - motor/tablero,21195.0
PAR-008868,PS-EQ-05,2026-11-14,03:00:00,3.2,Correctiva,Atoro de mineral / obstrucción,2909.0
PAR-009023,PS-EQ-06,2024-07-15,00:00:00,20.0,Correctiva,Rotura de faja/correa,34175.0
PAR-009413,PS-EQ-07,2025-02-16,02:00:00,9.6,Correctiva,Falla mecánica - desgaste de componente,13998.0
PAR-008209,PS-EQ-03,2027-07-20,18:00:00,1.5,Operativa,Espera de insumos (reactivos/bolas de molienda),814.0
PAR-010448,PS-EQ-10,2027-02-01,15:00:00,2.8,Operativa,Espera de insumos (reactivos/bolas de molienda),685.0
PAR-008240,PS-EQ-04,2024-01-07,03:00:00,13.7,Correctiva,Rotura de faja/correa,28732.0
PAR-009681,PS-EQ-08,2024-10-05,08:00:00,5.0,Correctiva,Falla de lubricación,5780.0
PAR-008202,PS-EQ-03,2027-06-07,08:00:00,2.6,Operativa,Falta de mineral en cancha,845.0
PAR-008122,PS-EQ-03,2026-02-19,22:00:00,0.5,Correctiva,Rotura de faja/correa,643.0
PAR-008614,PS-EQ-05,2024-03-10,03:00:00,5.7,Correctiva,Falla de lubricación,9271.0
PAR-008992,PS-EQ-06,2024-04-09,12:00:00,4.9,Correctiva,Falla eléctrica - motor/tablero,10062.0
PAR-007333,PS-EQ-01,2024-11-01,14:00:00,1.8,Correctiva,Indeterminado,3668.0
PAR-007802,PS-EQ-02,2026-03-27,00:00:00,6.7,Correctiva,Rotura de faja/correa,11911.0
PAR-009957,PS-EQ-08,2027-11-24,02:00:00,0.7,Operativa,Falta de mineral en cancha,
PAR-007273,PS-EQ-01,2024-02-09,05:00:00,12.2,Correctiva,Rotura de faja/correa,22677.0
PAR-009808,PS-EQ-08,2026-02-19,01:00:00,8.6,Preventiva,Mantenimiento programado (plan anual),18789.0
PAR-008261,PS-EQ-04,2024-04-09,22:00:00,0.8,Operativa,Falta de mineral en cancha,474.0
PAR-007584,PS-EQ-01,2027-09-18,18:00:00,1.6,Operativa,Condiciones climáticas adversas,929.0
PAR-008220,PS-EQ-03,2027-10-02,10:00:00,5.9,Preventiva,Mantenimiento programado (plan anual),7892.0
PAR-010385,PS-EQ-10,2026-01-30,11:00:00,2.2,Correctiva,Atoro de mineral / obstrucción,3491.0
PAR-007519,PS-EQ-01,2026-12-15,05:00:00,16.0,Correctiva,Atoro de mineral / obstrucción,20722.0
PAR-009955,PS-EQ-08,2027-11-06,12:00:00,2.2,Operativa,Espera de insumos (reactivos/bolas de molienda),443.0
PAR-008586,PS-EQ-04,2027-11-25,03:00:00,20.0,Correctiva,Falla de lubricación,33874.0
PAR-009093,PS-EQ-06,2025-04-06,00:00:00,6.4,Correctiva,Falla de lubricación,13289.0
PAR-009570,PS-EQ-07,2027-05-31,04:00:00,5.9,Preventiva,Mantenimiento programado (plan anual),7205.0
PAR-010137,PS-EQ-09,2026-06-13,12:00:00,1.5,Operativa,Corte de energía externo,880.0
PAR-009810,PS-EQ-08,2026-02-25,12:00:00,2.5,Correctiva,Rotura de faja/correa,4380.0
PAR-009997,PS-EQ-09,2024-06-08,14:00:00,2.5,Operativa,Corte de energía externo,542.0
PAR-007433,PS-EQ-01,2026-01-16,01:00:00,1.4,Operativa,Espera de insumos (reactivos/bolas de molienda),595.0
PAR-007340,PS-EQ-01,2024-12-13,09:00:00,8.0,Preventiva,Mantenimiento programado (plan anual),8008.0
PAR-007965,PS-EQ-02,2027-10-07,02:00:00,16.3,Correctiva,Rotura de faja/correa,32571.0
PAR-009139,PS-EQ-06,2025-10-24,17:00:00,1.3,Correctiva,Falla mecánica - desgaste de componente,2079.0
PAR-010041,PS-EQ-09,2025-01-23,02:00:00,4.2,Preventiva,Indeterminado,6184.0
PAR-010191,PS-EQ-09,2027-03-05,00:00:00,8.4,Preventiva,Mantenimiento programado (plan anual),6780.0
PAR-007787,PS-EQ-02,2026-02-04,10:00:00,0.8,Operativa,Condiciones climáticas adversas,174.0
PAR-009646,PS-EQ-08,2024-05-25,11:00:00,2.2,Correctiva,Falla de lubricación,3643.0
PAR-010394,PS-EQ-10,2026-03-29,12:00:00,2.8,Operativa,Condiciones climáticas adversas,1302.0
PAR-008344,PS-EQ-04,2025-03-29,18:00:00,2.9,Correctiva,Falla eléctrica - motor/tablero,5159.0
PAR-009021,PS-EQ-06,2024-07-10,17:00:00,4.1,Preventiva,Mantenimiento programado (plan anual),8077.0
PAR-010096,PS-EQ-09,2025-09-24,11:00:00,6.0,Preventiva,Mantenimiento programado (plan anual),12619.0
PAR-009986,PS-EQ-09,2024-04-16,09:00:00,8.7,Preventiva,Mantenimiento programado (plan anual),18573.0
PAR-009537,PS-EQ-07,2026-11-22,00:00:00,3.4,Correctiva,Falla de lubricación,3437.0
PAR-008265,PS-EQ-04,2024-04-28,14:00:00,6.0,Correctiva,Falla mecánica - desgaste de componente,6676.0
PAR-009172,PS-EQ-06,2026-02-24,21:00:00,1.3,Correctiva,Falla de lubricación,1918.0
PAR-007799,PS-EQ-02,2026-03-16,10:00:00,7.5,Preventiva,Mantenimiento programado (plan anual),9911.0
PAR-009318,PS-EQ-06,2027-10-08,13:00:00,6.0,Correctiva,Rotura de faja/correa,
PAR-007890,PS-EQ-02,2027-01-09,12:00:00,7.4,Correctiva,Falla eléctrica - motor/tablero,9830.0
PAR-009452,PS-EQ-07,2025-09-07,08:00:00,0.5,Correctiva,Falla de lubricación,412.0
PAR-008351,PS-EQ-04,2025-04-15,01:00:00,20.0,Correctiva,Rotura de faja/correa,19230.0
PAR-010160,PS-EQ-09,2026-10-16,06:00:00,4.3,Preventiva,Mantenimiento programado (plan anual),5191.0
PAR-007353,PS-EQ-01,2025-02-10,11:00:00,6.1,Preventiva,Mantenimiento programado (plan anual),12672.0
PAR-009591,PS-EQ-07,2027-09-26,13:00:00,3.1,Correctiva,Indeterminado,3083.0
PAR-007511,PS-EQ-01,2026-11-16,12:00:00,3.0,Operativa,Espera de insumos (reactivos/bolas de molienda),1763.0
PAR-009463,PS-EQ-07,2025-11-16,07:00:00,0.8,Operativa,Espera de insumos (reactivos/bolas de molienda),439.0
PAR-009035,PS-EQ-06,2024-09-06,03:00:00,20.0,Correctiva,Falla eléctrica - motor/tablero,26458.0
PAR-009350,PS-EQ-07,2024-02-12,05:00:00,2.6,Correctiva,Atoro de mineral / obstrucción,2935.0
PAR-009073,PS-EQ-06,2025-01-19,20:00:00,2.3,Correctiva,Rotura de faja/correa,3403.0
PAR-009698,PS-EQ-08,2024-12-10,14:00:00,0.6,Operativa,Espera de insumos (reactivos/bolas de molienda),331.0
PAR-008812,PS-EQ-05,2026-04-25,15:00:00,2.0,Correctiva,Falla mecánica - desgaste de componente,1732.0
PAR-007374,PS-EQ-01,2025-05-07,20:00:00,2.5,Operativa,Corte de energía externo,869.0
PAR-007701,PS-EQ-02,2025-02-06,13:00:00,0.5,Correctiva,Falla de lubricación,629.0
PAR-007694,PS-EQ-02,2025-01-20,10:00:00,10.7,Correctiva,Falla eléctrica - motor/tablero,14919.0
PAR-010197,PS-EQ-09,2027-04-14,01:00:00,6.5,Preventiva,Mantenimiento programado (plan anual),10674.0
PAR-010431,PS-EQ-10,2026-10-12,19:00:00,2.2,Correctiva,Falla mecánica - desgaste de componente,4081.0
PAR-007301,PS-EQ-01,2024-06-13,01:00:00,7.2,Preventiva,Mantenimiento programado (plan anual),9137.0
PAR-009300,PS-EQ-06,2027-08-07,10:00:00,7.8,Correctiva,Atoro de mineral / obstrucción,12488.0
PAR-008969,PS-EQ-05,2027-11-27,21:00:00,0.7,Correctiva,Atoro de mineral / obstrucción,808.0
PAR-008231,PS-EQ-03,2027-11-25,17:00:00,4.3,Correctiva,Atoro de mineral / obstrucción,4228.0
PAR-009939,PS-EQ-08,2027-09-08,09:00:00,6.2,Preventiva,Mantenimiento programado (plan anual),9880.0
PAR-008840,PS-EQ-05,2026-08-09,15:00:00,2.6,Operativa,Espera de insumos (reactivos/bolas de molienda),889.0
PAR-008620,PS-EQ-05,2024-03-31,19:00:00,3.8,Correctiva,Rotura de faja/correa,7636.0
PAR-008751,PS-EQ-05,2025-09-03,01:00:00,7.8,Preventiva,Mantenimiento programado (plan anual),16395.0
PAR-008986,PS-EQ-06,2024-03-13,04:00:00,8.5,Preventiva,Mantenimiento programado (plan anual),17563.0
PAR-010146,PS-EQ-09,2026-07-25,17:00:00,1.0,Operativa,Espera de insumos (reactivos/bolas de molienda),212.0
PAR-008410,PS-EQ-04,2026-01-14,06:00:00,1.6,Correctiva,Atoro de mineral / obstrucción,2167.0
PAR-008784,PS-EQ-05,2026-01-08,01:00:00,1.5,Correctiva,Falla de lubricación,2976.0
PAR-010434,PS-EQ-10,2026-10-28,04:00:00,7.0,Preventiva,Indeterminado,13217.0
PAR-007388,PS-EQ-01,2025-07-02,09:00:00,4.1,Preventiva,Mantenimiento programado (plan anual),4328.0
PAR-007578,PS-EQ-01,2027-08-26,02:00:00,0.5,Correctiva,Falla de lubricación,418.0
PAR-007337,PS-EQ-01,2024-11-30,13:00:00,2.9,Correctiva,Atoro de mineral / obstrucción,4256.0
PAR-009976,PS-EQ-09,2024-02-14,02:00:00,5.7,Correctiva,Falla eléctrica - motor/tablero,8980.0
PAR-010239,PS-EQ-10,2024-01-15,13:00:00,1.4,Operativa,Falta de mineral en cancha,627.0
PAR-008928,PS-EQ-05,2027-06-18,07:00:00,0.7,Operativa,Falta de mineral en cancha,376.0
PAR-007389,PS-EQ-01,2025-07-08,02:00:00,9.3,Correctiva,Atoro de mineral / obstrucción,18709.0
PAR-010284,PS-EQ-10,2024-08-27,11:00:00,6.3,Preventiva,Mantenimiento programado (plan anual),8158.0
PAR-009027,PS-EQ-06,2024-08-01,12:00:00,5.3,Preventiva,Mantenimiento programado (plan anual),8523.0
PAR-009384,PS-EQ-07,2024-08-15,11:00:00,11.6,Correctiva,Rotura de faja/correa,22016.0
PAR-009416,PS-EQ-07,2025-03-13,12:00:00,4.2,Correctiva,Falla de lubricación,8462.0
PAR-009751,PS-EQ-08,2025-07-06,17:00:00,2.5,Operativa,Condiciones climáticas adversas,
PAR-009227,PS-EQ-06,2026-10-17,01:00:00,2.7,Correctiva,Atoro de mineral / obstrucción,5204.0
PAR-009089,PS-EQ-06,2025-03-21,13:00:00,8.8,Correctiva,Falla eléctrica - motor/tablero,
PAR-007409,PS-EQ-01,2025-10-21,10:00:00,0.6,Operativa,Corte de energía externo,166.0
PAR-009180,PS-EQ-06,2026-03-30,02:00:00,8.0,Preventiva,Mantenimiento programado (plan anual),11057.0
PAR-009292,PS-EQ-06,2027-07-11,03:00:00,12.8,Correctiva,Falla de lubricación,13399.0
PAR-009479,PS-EQ-07,2026-01-25,12:00:00,8.8,Preventiva,Mantenimiento programado (plan anual),13903.0
PAR-008695,PS-EQ-05,2024-12-23,03:00:00,20.0,Correctiva,Falla mecánica - desgaste de componente,40479.0
PAR-009619,PS-EQ-08,2024-01-20,16:00:00,4.7,Preventiva,Mantenimiento programado (plan anual),9390.0
PAR-008851,PS-EQ-05,2026-09-06,01:00:00,5.6,Preventiva,Mantenimiento programado (plan anual),10822.0
PAR-008247,PS-EQ-04,2024-02-19,13:00:00,9.0,Correctiva,Falla mecánica - desgaste de componente,10815.0
PAR-008742,PS-EQ-05,2025-07-17,03:00:00,4.5,Preventiva,Mantenimiento programado (plan anual),5049.0
PAR-009212,PS-EQ-06,2026-08-19,10:00:00,4.6,Preventiva,Mantenimiento programado (plan anual),4564.0
PAR-010154,PS-EQ-09,2026-09-22,18:00:00,0.5,Correctiva,Rotura de faja/correa,468.0
PAR-009453,PS-EQ-07,2025-09-11,13:00:00,4.3,Preventiva,Mantenimiento programado (plan anual),5914.0
PAR-008820,PS-EQ-05,2026-05-17,09:00:00,14.0,Correctiva,Falla mecánica - desgaste de componente,20995.0
PAR-007649,PS-EQ-02,2024-07-09,04:00:00,7.9,Preventiva,Mantenimiento programado (plan anual),6724.0
PAR-010112,PS-EQ-09,2026-01-02,13:00:00,8.1,Correctiva,Falla mecánica - desgaste de componente,9402.0
PAR-009931,PS-EQ-08,2027-07-30,13:00:00,6.2,Correctiva,Rotura de faja/correa,7925.0
PAR-010005,PS-EQ-09,2024-07-30,00:00:00,1.3,Operativa,Corte de energía externo,518.0
PAR-010250,PS-EQ-10,2024-02-27,12:00:00,0.8,Operativa,Falta de mineral en cancha,308.0
PAR-008894,PS-EQ-05,2027-02-11,15:00:00,5.9,Preventiva,Mantenimiento programado (plan anual),12686.0
PAR-008223,PS-EQ-03,2027-10-19,08:00:00,12.3,Correctiva,Falla mecánica - desgaste de componente,25674.0
PAR-008502,PS-EQ-04,2026-12-26,03:00:00,2.7,Operativa,Espera de insumos (reactivos/bolas de molienda),1564.0
PAR-010174,PS-EQ-09,2026-12-08,03:00:00,1.3,Operativa,Falta de mineral en cancha,513.0
PAR-008171,PS-EQ-03,2026-12-22,00:00:00,2.1,Correctiva,Falla eléctrica - motor/tablero,1945.0
PAR-007821,PS-EQ-02,2026-05-23,14:00:00,8.7,Correctiva,Falla eléctrica - motor/tablero,16227.0
PAR-008567,PS-EQ-04,2027-09-03,06:00:00,15.0,Correctiva,Indeterminado,24729.0
PAR-007987,PS-EQ-03,2024-02-06,14:00:00,8.4,Preventiva,Mantenimiento programado (plan anual),7548.0
PAR-008858,PS-EQ-05,2026-10-04,03:00:00,5.6,Correctiva,Falla mecánica - desgaste de componente,7650.0
PAR-009587,PS-EQ-07,2027-09-03,04:00:00,0.5,Correctiva,Falla de lubricación,580.0
PAR-009414,PS-EQ-07,2025-02-26,07:00:00,4.4,Preventiva,Mantenimiento programado (plan anual),6436.0
PAR-008517,PS-EQ-04,2027-03-01,13:00:00,0.5,Correctiva,Falla de lubricación,993.0
PAR-009687,PS-EQ-08,2024-10-30,14:00:00,8.3,Preventiva,Mantenimiento programado (plan anual),13488.0
PAR-008091,PS-EQ-03,2025-08-20,15:00:00,5.7,Preventiva,Mantenimiento programado (plan anual),6553.0
PAR-010388,PS-EQ-10,2026-02-16,06:00:00,10.4,Correctiva,Atoro de mineral / obstrucción,18283.0
PAR-007907,PS-EQ-02,2027-04-04,03:00:00,6.4,Preventiva,Mantenimiento programado (plan anual),13574.0
PAR-010356,PS-EQ-10,2025-09-02,20:00:00,1.4,Operativa,Condiciones climáticas adversas,320.0
PAR-010156,PS-EQ-09,2026-09-25,06:00:00,8.5,Preventiva,Mantenimiento programado (plan anual),6960.0
PAR-007722,PS-EQ-02,2025-05-05,12:00:00,7.7,Correctiva,Indeterminado,8459.0
PAR-008031,PS-EQ-03,2024-09-28,08:00:00,5.4,Correctiva,Rotura de faja/correa,8310.0
PAR-008269,PS-EQ-04,2024-05-17,05:00:00,14.9,Correctiva,Rotura de faja/correa,
PAR-010147,PS-EQ-09,2026-08-02,08:00:00,7.3,Correctiva,Falla eléctrica - motor/tablero,14651.0
PAR-008580,PS-EQ-04,2027-11-05,01:00:00,1.7,Operativa,Corte de energía externo,809.0
PAR-009932,PS-EQ-08,2027-08-01,06:00:00,7.5,Correctiva,Rotura de faja/correa,10980.0
PAR-009043,PS-EQ-06,2024-09-24,17:00:00,2.9,Operativa,Falta de mineral en cancha,1349.0
PAR-008384,PS-EQ-04,2025-10-06,07:00:00,12.5,Correctiva,Falla de lubricación,21050.0
PAR-009663,PS-EQ-08,2024-07-23,15:00:00,1.1,Operativa,Espera de insumos (reactivos/bolas de molienda),514.0
PAR-009589,PS-EQ-07,2027-09-13,10:00:00,6.9,Preventiva,Mantenimiento programado (plan anual),9127.0
PAR-009823,PS-EQ-08,2026-04-10,08:00:00,7.5,Correctiva,Falla de lubricación,13551.0
PAR-009353,PS-EQ-07,2024-02-21,07:00:00,7.6,Preventiva,Mantenimiento programado (plan anual),10658.0
PAR-010446,PS-EQ-10,2027-01-26,11:00:00,7.8,Preventiva,Mantenimiento programado (plan anual),6264.0
PAR-008743,PS-EQ-05,2025-07-18,02:00:00,12.5,Correctiva,Falla eléctrica - motor/tablero,26405.0
PAR-009781,PS-EQ-08,2025-11-30,10:00:00,1.5,Correctiva,Falla de lubricación,2054.0
PAR-008734,PS-EQ-05,2025-06-08,06:00:00,2.7,Operativa,Falta de mineral en cancha,1482.0
PAR-009513,PS-EQ-07,2026-06-26,05:00:00,0.8,Correctiva,Falla de lubricación,816.0
PAR-009219,PS-EQ-06,2026-09-07,11:00:00,2.6,Operativa,Corte de energía externo,1063.0
PAR-008798,PS-EQ-05,2026-03-16,06:00:00,2.3,Operativa,Falta de mineral en cancha,490.0
PAR-008630,PS-EQ-05,2024-04-29,17:00:00,0.8,Operativa,Corte de energía externo,335.0
PAR-007856,PS-EQ-02,2026-09-28,06:00:00,8.0,Correctiva,Atoro de mineral / obstrucción,13117.0
PAR-008561,PS-EQ-04,2027-08-19,01:00:00,16.4,Correctiva,Falla mecánica - desgaste de componente,35237.0
PAR-008131,PS-EQ-03,2026-04-30,05:00:00,8.1,Preventiva,Mantenimiento programado (plan anual),15281.0
PAR-010501,PS-EQ-10,2027-09-18,05:00:00,1.8,Operativa,Condiciones climáticas adversas,416.0
PAR-007702,PS-EQ-02,2025-02-08,18:00:00,4.6,Correctiva,Atoro de mineral / obstrucción,9438.0
PAR-010073,PS-EQ-09,2025-06-16,06:00:00,2.2,Operativa,Falta de mineral en cancha,
PAR-008206,PS-EQ-03,2027-07-03,03:00:00,13.1,Correctiva,Falla mecánica - desgaste de componente,18730.0
PAR-009923,PS-EQ-08,2027-06-26,05:00:00,8.7,Preventiva,Mantenimiento programado (plan anual),12566.0
PAR-008524,PS-EQ-04,2027-03-25,03:00:00,20.0,Correctiva,Rotura de faja/correa,
PAR-010525,PS-EQ-10,2027-12-23,08:00:00,8.2,Preventiva,Mantenimiento programado (plan anual),14752.0
PAR-009489,PS-EQ-07,2026-03-05,17:00:00,2.1,Correctiva,Rotura de faja/correa,2231.0
PAR-008995,PS-EQ-06,2024-04-20,07:00:00,11.9,Correctiva,Falla mecánica - desgaste de componente,25011.0
PAR-008120,PS-EQ-03,2026-02-04,00:00:00,0.5,Correctiva,Falla de lubricación,1047.0
PAR-008042,PS-EQ-03,2024-12-12,03:00:00,1.0,Operativa,Indeterminado,396.0
PAR-007395,PS-EQ-01,2025-08-13,01:00:00,4.8,Preventiva,Mantenimiento programado (plan anual),4334.0
PAR-010451,PS-EQ-10,2027-02-07,15:00:00,2.6,Operativa,Condiciones climáticas adversas,522.0
PAR-009049,PS-EQ-06,2024-10-15,12:00:00,0.6,Operativa,Espera de insumos (reactivos/bolas de molienda),167.0
PAR-008450,PS-EQ-04,2026-05-22,10:00:00,12.4,Correctiva,Falla de lubricación,23974.0
PAR-007793,PS-EQ-02,2026-02-22,01:00:00,7.4,Preventiva,Mantenimiento programado (plan anual),11354.0
PAR-009357,PS-EQ-07,2024-03-16,14:00:00,3.0,Correctiva,Falla de lubricación,4946.0
PAR-007421,PS-EQ-01,2025-12-11,22:00:00,0.9,Correctiva,Falla mecánica - desgaste de componente,855.0
PAR-007396,PS-EQ-01,2025-08-25,02:00:00,12.7,Correctiva,Rotura de faja/correa,23068.0
PAR-008156,PS-EQ-03,2026-10-07,08:00:00,5.9,Correctiva,Indeterminado,6145.0
PAR-009020,PS-EQ-06,2024-07-06,05:00:00,12.3,Correctiva,Falla mecánica - desgaste de componente,18268.0
PAR-008437,PS-EQ-04,2026-04-22,02:00:00,20.0,Correctiva,Rotura de faja/correa,31941.0
PAR-007297,PS-EQ-01,2024-05-26,16:00:00,5.3,Correctiva,Atoro de mineral / obstrucción,6179.0
PAR-008032,PS-EQ-03,2024-10-04,09:00:00,5.9,Preventiva,Mantenimiento programado (plan anual),9952.0
PAR-009273,PS-EQ-06,2027-04-20,00:00:00,8.1,Preventiva,Mantenimiento programado (plan anual),15493.0
PAR-009800,PS-EQ-08,2026-01-19,09:00:00,2.7,Operativa,Indeterminado,603.0
PAR-009830,PS-EQ-08,2026-05-17,05:00:00,7.1,Preventiva,Mantenimiento programado (plan anual),14861.0
PAR-009721,PS-EQ-08,2025-03-29,01:00:00,8.8,Preventiva,Mantenimiento programado (plan anual),7312.0
PAR-010215,PS-EQ-09,2027-08-19,02:00:00,10.4,Correctiva,Falla de lubricación,
PAR-008648,PS-EQ-05,2024-07-08,00:00:00,1.1,Operativa,Espera de insumos (reactivos/bolas de molienda),385.0
PAR-008612,PS-EQ-05,2024-03-01,19:00:00,1.6,Correctiva,Rotura de faja/correa,2092.0
PAR-008002,PS-EQ-03,2024-04-08,13:00:00,0.5,Correctiva,Rotura de faja/correa,895.0
PAR-007692,PS-EQ-02,2025-01-16,02:00:00,14.1,Correctiva,Rotura de faja/correa,30195.0
PAR-010363,PS-EQ-10,2025-10-05,07:00:00,1.7,Operativa,Corte de energía externo,554.0
PAR-010435,PS-EQ-10,2026-11-14,15:00:00,5.4,Preventiva,Mantenimiento programado (plan anual),9133.0
PAR-008194,PS-EQ-03,2027-05-08,09:00:00,1.2,Correctiva,Falla eléctrica - motor/tablero,1217.0
PAR-010268,PS-EQ-10,2024-05-23,11:00:00,2.7,Operativa,Indeterminado,1100.0
PAR-010172,PS-EQ-09,2026-12-01,04:00:00,0.5,Correctiva,Atoro de mineral / obstrucción,771.0
PAR-007904,PS-EQ-02,2027-03-25,00:00:00,15.3,Correctiva,Atoro de mineral / obstrucción,19479.0
PAR-009169,PS-EQ-06,2026-02-17,08:00:00,0.7,Operativa,Condiciones climáticas adversas,397.0
PAR-007800,PS-EQ-02,2026-03-23,05:00:00,2.1,Operativa,Corte de energía externo,1042.0
PAR-008787,PS-EQ-05,2026-01-16,07:00:00,8.0,Preventiva,Mantenimiento programado (plan anual),14449.0
PAR-007271,PS-EQ-01,2024-02-05,18:00:00,2.0,Correctiva,Falla de lubricación,3055.0
PAR-007546,PS-EQ-01,2027-03-25,03:00:00,11.8,Correctiva,Rotura de faja/correa,16437.0
PAR-009798,PS-EQ-08,2026-01-14,04:00:00,6.6,Preventiva,Mantenimiento programado (plan anual),13880.0
PAR-010054,PS-EQ-09,2025-03-20,11:00:00,5.6,Preventiva,Mantenimiento programado (plan anual),7089.0
PAR-007860,PS-EQ-02,2026-10-07,04:00:00,1.3,Correctiva,Rotura de faja/correa,1489.0
PAR-009484,PS-EQ-07,2026-02-17,18:00:00,2.4,Operativa,Espera de insumos (reactivos/bolas de molienda),863.0
PAR-009720,PS-EQ-08,2025-03-20,09:00:00,11.8,Correctiva,Falla eléctrica - motor/tablero,20869.0
PAR-008582,PS-EQ-04,2027-11-14,00:00:00,16.7,Correctiva,Rotura de faja/correa,30915.0
PAR-008312,PS-EQ-04,2024-11-19,06:00:00,8.9,Preventiva,Mantenimiento programado (plan anual),15251.0
PAR-008646,PS-EQ-05,2024-06-28,02:00:00,20.0,Correctiva,Atoro de mineral / obstrucción,16704.0
PAR-009913,PS-EQ-08,2027-04-24,10:00:00,6.0,Preventiva,Mantenimiento programado (plan anual),8074.0
PAR-009009,PS-EQ-06,2024-05-26,02:00:00,20.0,Correctiva,Falla eléctrica - motor/tablero,42493.0
PAR-007568,PS-EQ-01,2027-07-18,04:00:00,1.2,Correctiva,Atoro de mineral / obstrucción,1390.0
PAR-007825,PS-EQ-02,2026-06-10,02:00:00,5.0,Preventiva,Mantenimiento programado (plan anual),5388.0
PAR-010421,PS-EQ-10,2026-09-07,01:00:00,4.7,Preventiva,Mantenimiento programado (plan anual),9468.0
PAR-008869,PS-EQ-05,2026-11-15,10:00:00,1.7,Correctiva,Atoro de mineral / obstrucción,1659.0
PAR-008509,PS-EQ-04,2027-01-22,01:00:00,7.9,Preventiva,Mantenimiento programado (plan anual),12522.0
PAR-008214,PS-EQ-03,2027-08-30,18:00:00,4.0,Preventiva,Mantenimiento programado (plan anual),6847.0
PAR-008111,PS-EQ-03,2025-12-09,19:00:00,1.2,Operativa,Espera de insumos (reactivos/bolas de molienda),528.0
PAR-009208,PS-EQ-06,2026-07-29,14:00:00,6.9,Preventiva,Mantenimiento programado (plan anual),11593.0
PAR-009753,PS-EQ-08,2025-07-09,13:00:00,8.3,Correctiva,Falla mecánica - desgaste de componente,13515.0
PAR-009776,PS-EQ-08,2025-11-03,03:00:00,0.6,Operativa,Condiciones climáticas adversas,271.0
PAR-009145,PS-EQ-06,2025-11-20,11:00:00,7.1,Preventiva,Mantenimiento programado (plan anual),14849.0
PAR-008739,PS-EQ-05,2025-07-06,03:00:00,2.2,Correctiva,Rotura de faja/correa,
PAR-007458,PS-EQ-01,2026-04-28,14:00:00,5.2,Preventiva,Mantenimiento programado (plan anual),8981.0
PAR-009656,PS-EQ-08,2024-06-23,12:00:00,0.6,Operativa,Condiciones climáticas adversas,251.0
PAR-009608,PS-EQ-07,2027-12-22,09:00:00,0.9,Operativa,Falta de mineral en cancha,234.0
PAR-010461,PS-EQ-10,2027-04-11,00:00:00,4.5,Preventiva,Mantenimiento programado (plan anual),9224.0
PAR-009906,PS-EQ-08,2027-03-25,09:00:00,11.4,Correctiva,Falla eléctrica - motor/tablero,18173.0
PAR-008532,PS-EQ-04,2027-04-09,01:00:00,8.5,Preventiva,Mantenimiento programado (plan anual),15989.0
PAR-007668,PS-EQ-02,2024-10-05,17:00:00,4.2,Preventiva,Mantenimiento programado (plan anual),7593.0
PAR-009528,PS-EQ-07,2026-09-27,11:00:00,1.5,Correctiva,Rotura de faja/correa,2934.0
PAR-010046,PS-EQ-09,2025-02-13,09:00:00,7.3,Preventiva,Mantenimiento programado (plan anual),11076.0
PAR-007929,PS-EQ-02,2027-06-08,08:00:00,6.9,Preventiva,Mantenimiento programado (plan anual),9996.0
PAR-008216,PS-EQ-03,2027-09-02,03:00:00,6.0,Correctiva,Atoro de mineral / obstrucción,7101.0
PAR-007695,PS-EQ-02,2025-01-21,19:00:00,3.2,Correctiva,Falla mecánica - desgaste de componente,6273.0
PAR-009241,PS-EQ-06,2026-12-01,11:00:00,5.3,Correctiva,Rotura de faja/correa,5486.0
PAR-007295,PS-EQ-01,2024-05-05,07:00:00,2.2,Operativa,Falta de mineral en cancha,526.0
PAR-010456,PS-EQ-10,2027-03-02,13:00:00,3.7,Correctiva,Rotura de faja/correa,6407.0
PAR-010209,PS-EQ-09,2027-06-29,09:00:00,2.0,Operativa,Espera de insumos (reactivos/bolas de molienda),750.0
PAR-007828,PS-EQ-02,2026-06-16,08:00:00,11.6,Correctiva,Falla de lubricación,21814.0
PAR-008193,PS-EQ-03,2027-04-27,05:00:00,7.4,Preventiva,Mantenimiento programado (plan anual),7821.0
PAR-009082,PS-EQ-06,2025-02-23,11:00:00,7.6,Preventiva,Mantenimiento programado (plan anual),13122.0
PAR-007819,PS-EQ-02,2026-05-22,21:00:00,0.6,Operativa,Condiciones climáticas adversas,338.0
PAR-009381,PS-EQ-07,2024-07-26,04:00:00,5.7,Preventiva,Mantenimiento programado (plan anual),10919.0
PAR-009638,PS-EQ-08,2024-03-25,02:00:00,1.5,Correctiva,Indeterminado,3139.0
PAR-009844,PS-EQ-08,2026-07-03,10:00:00,6.7,Correctiva,Falla de lubricación,7608.0
PAR-008660,PS-EQ-05,2024-08-23,02:00:00,2.8,Operativa,Indeterminado,603.0
PAR-009293,PS-EQ-06,2027-07-22,04:00:00,17.0,Correctiva,Falla eléctrica - motor/tablero,25404.0
PAR-008108,PS-EQ-03,2025-12-02,00:00:00,7.9,Preventiva,Mantenimiento programado (plan anual),11104.0
PAR-010084,PS-EQ-09,2025-08-10,04:00:00,7.2,Correctiva,Rotura de faja/correa,8517.0
PAR-009707,PS-EQ-08,2025-01-31,15:00:00,0.8,Correctiva,Falla mecánica - desgaste de componente,1466.0
PAR-009012,PS-EQ-06,2024-06-13,02:00:00,3.3,Correctiva,Falla mecánica - desgaste de componente,6724.0
PAR-009786,PS-EQ-08,2025-12-11,05:00:00,9.3,Correctiva,Falla eléctrica - motor/tablero,14986.0
PAR-008336,PS-EQ-04,2025-02-25,10:00:00,6.6,Correctiva,Rotura de faja/correa,7757.0
PAR-009188,PS-EQ-06,2026-04-20,03:00:00,20.0,Correctiva,Atoro de mineral / obstrucción,21310.0
PAR-007447,PS-EQ-01,2026-03-20,12:00:00,1.7,Operativa,Corte de energía externo,880.0
PAR-008559,PS-EQ-04,2027-08-15,02:00:00,6.1,Preventiva,Indeterminado,13345.0
PAR-009050,PS-EQ-06,2024-10-24,05:00:00,16.4,Correctiva,Rotura de faja/correa,15380.0
PAR-008024,PS-EQ-03,2024-08-04,17:00:00,5.2,Correctiva,Atoro de mineral / obstrucción,6543.0
PAR-009245,PS-EQ-06,2026-12-11,14:00:00,7.3,Preventiva,Mantenimiento programado (plan anual),15357.0
PAR-009609,PS-EQ-07,2027-12-23,01:00:00,8.3,Preventiva,Mantenimiento programado (plan anual),10258.0
PAR-008904,PS-EQ-05,2027-03-31,18:00:00,2.1,Correctiva,Falla de lubricación,4133.0
PAR-009825,PS-EQ-08,2026-04-15,03:00:00,11.0,Correctiva,Falla eléctrica - motor/tablero,23556.0
PAR-007766,PS-EQ-02,2025-10-31,09:00:00,1.8,Correctiva,Falla de lubricación,3468.0
PAR-009840,PS-EQ-08,2026-06-26,15:00:00,3.9,Correctiva,Falla eléctrica - motor/tablero,4643.0
PAR-008991,PS-EQ-06,2024-03-30,06:00:00,2.5,Operativa,Corte de energía externo,1321.0
PAR-009228,PS-EQ-06,2026-10-21,08:00:00,12.0,Correctiva,Indeterminado,23602.0
PAR-008367,PS-EQ-04,2025-07-28,01:00:00,9.8,Correctiva,Falla de lubricación,12369.0
PAR-009837,PS-EQ-08,2026-06-09,18:00:00,4.1,Correctiva,Falla mecánica - desgaste de componente,4515.0
PAR-008393,PS-EQ-04,2025-11-04,02:00:00,2.0,Operativa,Falta de mineral en cancha,760.0
PAR-010240,PS-EQ-10,2024-01-16,10:00:00,8.0,Preventiva,Mantenimiento programado (plan anual),11551.0
PAR-009822,PS-EQ-08,2026-04-08,12:00:00,4.1,Preventiva,Mantenimiento programado (plan anual),6464.0
PAR-007714,PS-EQ-02,2025-04-06,09:00:00,4.5,Preventiva,Mantenimiento programado (plan anual),6861.0
PAR-007919,PS-EQ-02,2027-05-05,07:00:00,5.7,Preventiva,Mantenimiento programado (plan anual),9600.0
PAR-009002,PS-EQ-06,2024-05-12,00:00:00,19.3,Correctiva,Rotura de faja/correa,39089.0
PAR-010390,PS-EQ-10,2026-02-21,02:00:00,0.5,Correctiva,Rotura de faja/correa,1044.0
PAR-010266,PS-EQ-10,2024-05-11,04:00:00,2.3,Operativa,Falta de mineral en cancha,608.0
PAR-007991,PS-EQ-03,2024-02-21,02:00:00,8.6,Preventiva,Mantenimiento programado (plan anual),7628.0
PAR-007629,PS-EQ-02,2024-04-23,17:00:00,5.5,Correctiva,Falla mecánica - desgaste de componente,6313.0
PAR-010014,PS-EQ-09,2024-09-30,14:00:00,0.6,Operativa,Falta de mineral en cancha,189.0
PAR-008242,PS-EQ-04,2024-01-18,00:00:00,14.2,Correctiva,Falla de lubricación,15335.0
PAR-009159,PS-EQ-06,2026-01-12,03:00:00,20.0,Correctiva,Falla de lubricación,43802.0
PAR-008926,PS-EQ-05,2027-06-11,19:00:00,1.3,Operativa,Condiciones climáticas adversas,495.0
PAR-008725,PS-EQ-05,2025-05-02,08:00:00,1.9,Operativa,Espera de insumos (reactivos/bolas de molienda),468.0
PAR-009267,PS-EQ-06,2027-03-30,03:00:00,0.5,Correctiva,Falla eléctrica - motor/tablero,
PAR-009622,PS-EQ-08,2024-01-28,06:00:00,15.8,Correctiva,Falla mecánica - desgaste de componente,32983.0
PAR-008076,PS-EQ-03,2025-05-25,05:00:00,1.9,Operativa,Corte de energía externo,848.0
PAR-008208,PS-EQ-03,2027-07-08,00:00:00,5.7,Preventiva,Mantenimiento programado (plan anual),8636.0
PAR-008819,PS-EQ-05,2026-05-17,15:00:00,2.1,Operativa,Condiciones climáticas adversas,1129.0
PAR-008760,PS-EQ-05,2025-10-06,07:00:00,1.1,Correctiva,Rotura de faja/correa,
PAR-008574,PS-EQ-04,2027-10-08,13:00:00,1.9,Operativa,Falta de mineral en cancha,416.0
PAR-008030,PS-EQ-03,2024-09-28,21:00:00,1.6,Operativa,Condiciones climáticas adversas,349.0
PAR-008569,PS-EQ-04,2027-09-11,20:00:00,1.6,Correctiva,Atoro de mineral / obstrucción,2879.0
PAR-009216,PS-EQ-06,2026-08-24,06:00:00,4.1,Correctiva,Falla de lubricación,7718.0
PAR-009285,PS-EQ-06,2027-06-16,04:00:00,4.5,Preventiva,Mantenimiento programado (plan anual),8904.0
PAR-007516,PS-EQ-01,2026-12-04,16:00:00,6.2,Correctiva,Rotura de faja/correa,13351.0
PAR-010027,PS-EQ-09,2024-11-27,11:00:00,2.0,Operativa,Falta de mineral en cancha,547.0
PAR-007622,PS-EQ-02,2024-03-28,01:00:00,0.5,Correctiva,Atoro de mineral / obstrucción,968.0
PAR-008953,PS-EQ-05,2027-09-06,04:00:00,5.3,Correctiva,Rotura de faja/correa,8038.0
PAR-008793,PS-EQ-05,2026-02-14,18:00:00,0.9,Correctiva,Falla eléctrica - motor/tablero,1611.0
PAR-008195,PS-EQ-03,2027-05-16,05:00:00,6.2,Preventiva,Mantenimiento programado (plan anual),
PAR-009491,PS-EQ-07,2026-03-11,18:00:00,0.7,Operativa,Condiciones climáticas adversas,197.0
PAR-007924,PS-EQ-02,2027-05-19,11:00:00,7.4,Preventiva,Mantenimiento programado (plan anual),9686.0
PAR-007304,PS-EQ-01,2024-07-04,04:00:00,9.8,Correctiva,Rotura de faja/correa,18386.0
PAR-010187,PS-EQ-09,2027-02-25,19:00:00,2.9,Operativa,Espera de insumos (reactivos/bolas de molienda),1704.0
PAR-009171,PS-EQ-06,2026-02-22,01:00:00,2.8,Operativa,Falta de mineral en cancha,1230.0
PAR-008715,PS-EQ-05,2025-03-16,06:00:00,2.0,Correctiva,Atoro de mineral / obstrucción,1901.0
PAR-008534,PS-EQ-04,2027-04-12,01:00:00,20.0,Correctiva,Falla de lubricación,40750.0
PAR-009147,PS-EQ-06,2025-12-09,05:00:00,8.2,Preventiva,Mantenimiento programado (plan anual),
PAR-010126,PS-EQ-09,2026-03-28,04:00:00,7.5,Preventiva,Mantenimiento programado (plan anual),16154.0
PAR-010338,PS-EQ-10,2025-06-14,10:00:00,2.8,Operativa,Condiciones climáticas adversas,1458.0
PAR-008982,PS-EQ-06,2024-02-10,03:00:00,5.6,Preventiva,Mantenimiento programado (plan anual),6095.0
PAR-007468,PS-EQ-01,2026-05-29,00:00:00,20.0,Correctiva,Atoro de mineral / obstrucción,41094.0
PAR-007619,PS-EQ-02,2024-02-29,17:00:00,2.0,Correctiva,Atoro de mineral / obstrucción,2398.0
PAR-008224,PS-EQ-03,2027-10-20,19:00:00,2.7,Operativa,Condiciones climáticas adversas,895.0
PAR-010256,PS-EQ-10,2024-03-21,02:00:00,20.0,Correctiva,Rotura de faja/correa,19626.0
PAR-010115,PS-EQ-09,2026-01-17,09:00:00,5.3,Preventiva,Mantenimiento programado (plan anual),4289.0
PAR-009758,PS-EQ-08,2025-08-14,06:00:00,7.2,Correctiva,Falla de lubricación,6464.0
PAR-010039,PS-EQ-09,2025-01-11,02:00:00,9.2,Correctiva,Falla de lubricación,
PAR-008703,PS-EQ-05,2025-01-16,13:00:00,6.6,Preventiva,Mantenimiento programado (plan anual),
PAR-008527,PS-EQ-04,2027-03-31,09:00:00,5.6,Correctiva,Falla de lubricación,6063.0
PAR-008714,PS-EQ-05,2025-03-16,09:00:00,4.6,Preventiva,Mantenimiento programado (plan anual),5175.0
PAR-007745,PS-EQ-02,2025-07-22,15:00:00,4.9,Correctiva,Falla eléctrica - motor/tablero,10406.0
PAR-007717,PS-EQ-02,2025-04-10,07:00:00,2.1,Operativa,Condiciones climáticas adversas,
PAR-009342,PS-EQ-07,2024-01-20,09:00:00,6.4,Correctiva,Falla eléctrica - motor/tablero,9367.0
PAR-007962,PS-EQ-02,2027-09-12,14:00:00,6.7,Correctiva,Falla mecánica - desgaste de componente,6172.0
PAR-009529,PS-EQ-07,2026-10-03,00:00:00,4.3,Correctiva,Rotura de faja/correa,4196.0
PAR-009240,PS-EQ-06,2026-11-25,05:00:00,5.1,Correctiva,Falla mecánica - desgaste de componente,8573.0
PAR-008043,PS-EQ-03,2024-12-13,09:00:00,5.3,Preventiva,Mantenimiento programado (plan anual),8892.0
PAR-008200,PS-EQ-03,2027-06-04,01:00:00,1.9,Operativa,Corte de energía externo,864.0
PAR-008250,PS-EQ-04,2024-03-05,10:00:00,10.5,Correctiva,Rotura de faja/correa,18336.0
PAR-007781,PS-EQ-02,2026-01-16,05:00:00,3.4,Correctiva,Atoro de mineral / obstrucción,4372.0
PAR-010072,PS-EQ-09,2025-06-13,05:00:00,11.5,Correctiva,Falla de lubricación,19902.0
PAR-007996,PS-EQ-03,2024-03-11,10:00:00,5.1,Preventiva,Mantenimiento programado (plan anual),9356.0
PAR-008685,PS-EQ-05,2024-11-20,02:00:00,6.7,Correctiva,Falla eléctrica - motor/tablero,13362.0
PAR-008845,PS-EQ-05,2026-08-20,17:00:00,0.7,Operativa,Condiciones climáticas adversas,211.0
PAR-007777,PS-EQ-02,2025-12-23,08:00:00,8.3,Preventiva,Mantenimiento programado (plan anual),13448.0
PAR-009114,PS-EQ-06,2025-07-24,09:00:00,2.2,Operativa,Falta de mineral en cancha,960.0
PAR-009105,PS-EQ-06,2025-06-14,04:00:00,4.9,Correctiva,Rotura de faja/correa,6432.0
PAR-008906,PS-EQ-05,2027-04-06,11:00:00,5.8,Correctiva,Atoro de mineral / obstrucción,10000.0
PAR-008523,PS-EQ-04,2027-03-18,00:00:00,4.8,Preventiva,Mantenimiento programado (plan anual),7859.0
PAR-007520,PS-EQ-01,2026-12-16,18:00:00,3.4,Correctiva,Atoro de mineral / obstrucción,5850.0
PAR-007515,PS-EQ-01,2026-12-03,03:00:00,4.4,Preventiva,Mantenimiento programado (plan anual),4076.0
PAR-008169,PS-EQ-03,2026-12-17,15:00:00,7.7,Correctiva,Atoro de mineral / obstrucción,9177.0
PAR-007765,PS-EQ-02,2025-10-18,06:00:00,3.2,Correctiva,Falla mecánica - desgaste de componente,3114.0
PAR-008752,PS-EQ-05,2025-09-07,01:00:00,20.0,Correctiva,Indeterminado,28904.0
PAR-010308,PS-EQ-10,2024-12-18,08:00:00,7.6,Preventiva,Mantenimiento programado (plan anual),8730.0
PAR-009947,PS-EQ-08,2027-10-19,07:00:00,1.0,Operativa,Condiciones climáticas adversas,435.0
PAR-010055,PS-EQ-09,2025-03-29,17:00:00,0.6,Operativa,Corte de energía externo,290.0
PAR-007574,PS-EQ-01,2027-08-04,00:00:00,20.0,Correctiva,Rotura de faja/correa,32212.0
PAR-009606,PS-EQ-07,2027-12-12,01:00:00,4.2,Correctiva,Falla de lubricación,5559.0
PAR-009492,PS-EQ-07,2026-03-12,02:00:00,20.0,Correctiva,Rotura de faja/correa,24683.0
PAR-008192,PS-EQ-03,2027-04-26,19:00:00,2.6,Operativa,Condiciones climáticas adversas,1539.0
PAR-008531,PS-EQ-04,2027-04-08,10:00:00,1.0,Operativa,Espera de insumos (reactivos/bolas de molienda),296.0
PAR-009424,PS-EQ-07,2025-05-13,20:00:00,2.6,Operativa,Falta de mineral en cancha,953.0
PAR-009368,PS-EQ-07,2024-05-18,14:00:00,4.4,Correctiva,Falla de lubricación,6693.0
PAR-008947,PS-EQ-05,2027-08-25,14:00:00,2.1,Operativa,Falta de mineral en cancha,
PAR-007416,PS-EQ-01,2025-11-11,18:00:00,4.8,Correctiva,Rotura de faja/correa,7289.0
PAR-009675,PS-EQ-08,2024-09-08,11:00:00,6.0,Correctiva,Falla eléctrica - motor/tablero,7533.0
PAR-007669,PS-EQ-02,2024-10-11,10:00:00,1.8,Operativa,Corte de energía externo,536.0
PAR-007870,PS-EQ-02,2026-11-09,20:00:00,1.2,Correctiva,Falla de lubricación,1390.0
PAR-010439,PS-EQ-10,2026-12-18,03:00:00,6.6,Preventiva,Mantenimiento programado (plan anual),12073.0
PAR-010028,PS-EQ-09,2024-11-30,17:00:00,1.1,Correctiva,Indeterminado,2338.0
PAR-007593,PS-EQ-01,2027-11-10,17:00:00,4.8,Preventiva,Mantenimiento programado (plan anual),6894.0
PAR-008113,PS-EQ-03,2025-12-16,20:00:00,2.5,Operativa,Corte de energía externo,537.0
PAR-008818,PS-EQ-05,2026-05-13,12:00:00,6.4,Preventiva,Mantenimiento programado (plan anual),10876.0
PAR-008545,PS-EQ-04,2027-05-29,09:00:00,4.9,Preventiva,Mantenimiento programado (plan anual),4902.0
PAR-007454,PS-EQ-01,2026-04-12,07:00:00,5.5,Preventiva,Mantenimiento programado (plan anual),6193.0
PAR-008143,PS-EQ-03,2026-07-02,18:00:00,2.5,Operativa,Condiciones climáticas adversas,563.0
PAR-008727,PS-EQ-05,2025-05-13,20:00:00,2.6,Operativa,Corte de energía externo,787.0
PAR-008138,PS-EQ-03,2026-06-05,09:00:00,3.2,Correctiva,Falla de lubricación,3193.0
PAR-008083,PS-EQ-03,2025-07-04,07:00:00,7.7,Preventiva,Mantenimiento programado (plan anual),15073.0
PAR-007526,PS-EQ-01,2027-01-13,06:00:00,7.9,Preventiva,Mantenimiento programado (plan anual),13345.0
PAR-009659,PS-EQ-08,2024-07-02,00:00:00,19.6,Correctiva,Rotura de faja/correa,32365.0
PAR-010361,PS-EQ-10,2025-09-20,22:00:00,0.5,Correctiva,Falla mecánica - desgaste de componente,423.0
PAR-010347,PS-EQ-10,2025-07-29,16:00:00,0.5,Correctiva,Atoro de mineral / obstrucción,742.0
PAR-007280,PS-EQ-01,2024-03-11,04:00:00,12.5,Correctiva,Atoro de mineral / obstrucción,19096.0
PAR-008899,PS-EQ-05,2027-03-01,05:00:00,2.6,Operativa,Condiciones climáticas adversas,1224.0
PAR-007794,PS-EQ-02,2026-02-22,05:00:00,2.1,Operativa,Espera de insumos (reactivos/bolas de molienda),1000.0
PAR-009343,PS-EQ-07,2024-01-23,18:00:00,2.5,Correctiva,Falla eléctrica - motor/tablero,4102.0
PAR-008405,PS-EQ-04,2025-12-26,03:00:00,20.0,Correctiva,Rotura de faja/correa,42208.0
PAR-010036,PS-EQ-09,2025-01-07,16:00:00,5.2,Preventiva,Mantenimiento programado (plan anual),8164.0
PAR-008484,PS-EQ-04,2026-10-30,18:00:00,4.6,Preventiva,Mantenimiento programado (plan anual),9541.0
PAR-007983,PS-EQ-02,2027-12-28,14:00:00,3.8,Correctiva,Rotura de faja/correa,6232.0
PAR-010348,PS-EQ-10,2025-07-30,09:00:00,2.5,Operativa,Corte de energía externo,528.0
PAR-008199,PS-EQ-03,2027-06-02,08:00:00,0.6,Correctiva,Falla eléctrica - motor/tablero,497.0
PAR-010078,PS-EQ-09,2025-07-13,15:00:00,4.2,Preventiva,Indeterminado,7068.0
PAR-007624,PS-EQ-02,2024-03-30,21:00:00,1.9,Operativa,Falta de mineral en cancha,636.0
PAR-009019,PS-EQ-06,2024-07-04,01:00:00,2.2,Correctiva,Falla mecánica - desgaste de componente,3279.0
PAR-007775,PS-EQ-02,2025-12-15,02:00:00,2.1,Operativa,Condiciones climáticas adversas,941.0
PAR-009526,PS-EQ-07,2026-09-21,15:00:00,0.5,Correctiva,Falla de lubricación,616.0
PAR-009816,PS-EQ-08,2026-03-16,13:00:00,7.9,Correctiva,Atoro de mineral / obstrucción,7949.0
PAR-008060,PS-EQ-03,2025-02-19,13:00:00,2.0,Operativa,Falta de mineral en cancha,947.0
PAR-007818,PS-EQ-02,2026-05-20,09:00:00,8.2,Correctiva,Rotura de faja/correa,8063.0
PAR-008748,PS-EQ-05,2025-08-16,06:00:00,6.0,Correctiva,Falla de lubricación,12491.0
PAR-009488,PS-EQ-07,2026-03-01,00:00:00,2.7,Operativa,Corte de energía externo,1215.0
PAR-008259,PS-EQ-04,2024-04-04,17:00:00,1.1,Correctiva,Atoro de mineral / obstrucción,1955.0
PAR-010077,PS-EQ-09,2025-07-04,16:00:00,2.6,Operativa,Corte de energía externo,793.0
PAR-008572,PS-EQ-04,2027-09-24,16:00:00,6.6,Preventiva,Mantenimiento programado (plan anual),12427.0
PAR-008470,PS-EQ-04,2026-08-29,15:00:00,3.2,Correctiva,Rotura de faja/correa,6762.0
PAR-008881,PS-EQ-05,2027-01-08,16:00:00,4.2,Correctiva,Falla mecánica - desgaste de componente,5848.0
PAR-008533,PS-EQ-04,2027-04-11,20:00:00,2.6,Operativa,Espera de insumos (reactivos/bolas de molienda),759.0
PAR-007774,PS-EQ-02,2025-12-07,03:00:00,5.8,Preventiva,Mantenimiento programado (plan anual),6349.0
PAR-010381,PS-EQ-10,2026-01-21,12:00:00,2.9,Operativa,Corte de energía externo,1214.0
PAR-008257,PS-EQ-04,2024-03-24,09:00:00,2.5,Operativa,Falta de mineral en cancha,
PAR-008740,PS-EQ-05,2025-07-12,00:00:00,1.5,Operativa,Falta de mineral en cancha,863.0
PAR-009507,PS-EQ-07,2026-05-23,06:00:00,0.5,Correctiva,Atoro de mineral / obstrucción,959.0
PAR-007898,PS-EQ-02,2027-02-23,19:00:00,2.4,Operativa,Espera de insumos (reactivos/bolas de molienda),1036.0
PAR-009633,PS-EQ-08,2024-03-16,11:00:00,5.6,Correctiva,Falla de lubricación,11133.0
PAR-008103,PS-EQ-03,2025-10-25,04:00:00,7.5,Preventiva,Mantenimiento programado (plan anual),9802.0
PAR-008608,PS-EQ-05,2024-02-10,01:00:00,20.0,Correctiva,Falla de lubricación,23830.0
PAR-009010,PS-EQ-06,2024-06-01,08:00:00,0.5,Correctiva,Falla eléctrica - motor/tablero,407.0
PAR-007754,PS-EQ-02,2025-09-07,03:00:00,5.6,Preventiva,Mantenimiento programado (plan anual),10824.0
PAR-008862,PS-EQ-05,2026-10-21,10:00:00,4.3,Preventiva,Mantenimiento programado (plan anual),6331.0
PAR-007522,PS-EQ-01,2026-12-26,00:00:00,6.9,Preventiva,Mantenimiento programado (plan anual),15092.0
PAR-010251,PS-EQ-10,2024-03-09,12:00:00,2.4,Operativa,Espera de insumos (reactivos/bolas de molienda),970.0
PAR-009914,PS-EQ-08,2027-05-09,10:00:00,6.1,Preventiva,Mantenimiento programado (plan anual),12151.0
PAR-010232,PS-EQ-09,2027-12-15,00:00:00,2.8,Correctiva,Falla de lubricación,2788.0
PAR-009281,PS-EQ-06,2027-05-26,14:00:00,2.0,Operativa,Falta de mineral en cancha,1056.0
PAR-007809,PS-EQ-02,2026-04-26,08:00:00,7.2,Correctiva,Falla de lubricación,13211.0
PAR-009933,PS-EQ-08,2027-08-03,07:00:00,0.5,Operativa,Corte de energía externo,216.0
PAR-010063,PS-EQ-09,2025-05-06,05:00:00,1.5,Operativa,Corte de energía externo,669.0
PAR-009328,PS-EQ-06,2027-11-22,20:00:00,1.0,Correctiva,Rotura de faja/correa,1777.0
PAR-008334,PS-EQ-04,2025-02-10,06:00:00,6.7,Preventiva,Mantenimiento programado (plan anual),14692.0
PAR-008029,PS-EQ-03,2024-09-19,11:00:00,5.8,Preventiva,Mantenimiento programado (plan anual),6195.0
PAR-009238,PS-EQ-06,2026-11-19,16:00:00,6.7,Preventiva,Mantenimiento programado (plan anual),6727.0
PAR-008293,PS-EQ-04,2024-09-10,04:00:00,3.6,Correctiva,Atoro de mineral / obstrucción,2940.0
PAR-008394,PS-EQ-04,2025-11-04,11:00:00,7.5,Correctiva,Atoro de mineral / obstrucción,11404.0
PAR-008512,PS-EQ-04,2027-02-01,07:00:00,14.1,Correctiva,Falla eléctrica - motor/tablero,18164.0
PAR-009714,PS-EQ-08,2025-02-17,11:00:00,8.0,Correctiva,Falla mecánica - desgaste de componente,13079.0
PAR-009624,PS-EQ-08,2024-02-02,01:00:00,14.3,Correctiva,Rotura de faja/correa,16830.0
PAR-007586,PS-EQ-01,2027-09-22,14:00:00,0.5,Correctiva,Rotura de faja/correa,660.0
PAR-007999,PS-EQ-03,2024-03-19,06:00:00,2.6,Correctiva,Falla de lubricación,4489.0
PAR-007630,PS-EQ-02,2024-04-26,08:00:00,8.0,Correctiva,Falla mecánica - desgaste de componente,11912.0
PAR-007266,PS-EQ-01,2024-01-18,01:00:00,1.4,Operativa,Falta de mineral en cancha,451.0
PAR-008632,PS-EQ-05,2024-05-03,12:00:00,4.6,Correctiva,Falla mecánica - desgaste de componente,5286.0
PAR-010201,PS-EQ-09,2027-05-04,01:00:00,8.2,Preventiva,Mantenimiento programado (plan anual),13282.0
PAR-008551,PS-EQ-04,2027-06-25,21:00:00,1.6,Operativa,Indeterminado,467.0
PAR-010029,PS-EQ-09,2024-12-01,13:00:00,5.6,Preventiva,Mantenimiento programado (plan anual),10879.0
PAR-008699,PS-EQ-05,2025-01-02,00:00:00,8.1,Correctiva,Rotura de faja/correa,17071.0
PAR-007547,PS-EQ-01,2027-03-29,01:00:00,2.4,Operativa,Falta de mineral en cancha,
PAR-007938,PS-EQ-02,2027-06-30,11:00:00,1.9,Operativa,Corte de energía externo,383.0
PAR-009312,PS-EQ-06,2027-09-14,12:00:00,10.7,Correctiva,Falla de lubricación,21199.0
PAR-010283,PS-EQ-10,2024-08-13,05:00:00,0.5,Correctiva,Atoro de mineral / obstrucción,526.0
PAR-007926,PS-EQ-02,2027-05-20,21:00:00,1.4,Operativa,Corte de energía externo,292.0
PAR-007329,PS-EQ-01,2024-10-14,03:00:00,4.7,Preventiva,Mantenimiento programado (plan anual),4442.0
PAR-007782,PS-EQ-02,2026-01-17,04:00:00,6.0,Correctiva,Falla de lubricación,6468.0
PAR-008491,PS-EQ-04,2026-11-15,16:00:00,5.7,Preventiva,Mantenimiento programado (plan anual),10211.0
PAR-009417,PS-EQ-07,2025-03-18,09:00:00,2.5,Operativa,Espera de insumos (reactivos/bolas de molienda),1390.0
PAR-007435,PS-EQ-01,2026-01-22,06:00:00,11.9,Correctiva,Falla eléctrica - motor/tablero,22192.0
PAR-008511,PS-EQ-04,2027-01-26,01:00:00,0.8,Correctiva,Falla de lubricación,1738.0
PAR-009835,PS-EQ-08,2026-05-31,05:00:00,2.2,Operativa,Falta de mineral en cancha,547.0
PAR-010400,PS-EQ-10,2026-05-02,05:00:00,13.0,Correctiva,Falla de lubricación,16864.0
PAR-007509,PS-EQ-01,2026-11-13,08:00:00,10.9,Correctiva,Atoro de mineral / obstrucción,10945.0
PAR-007986,PS-EQ-03,2024-02-02,01:00:00,3.1,Correctiva,Falla de lubricación,6459.0
PAR-008459,PS-EQ-04,2026-07-10,12:00:00,9.0,Correctiva,Atoro de mineral / obstrucción,18253.0
PAR-009631,PS-EQ-08,2024-03-04,02:00:00,2.0,Operativa,Corte de energía externo,855.0
PAR-010336,PS-EQ-10,2025-06-02,12:00:00,0.5,Operativa,Corte de energía externo,288.0
PAR-010312,PS-EQ-10,2025-01-03,16:00:00,2.9,Operativa,Espera de insumos (reactivos/bolas de molienda),644.0
PAR-007685,PS-EQ-02,2024-12-27,01:00:00,16.1,Correctiva,Indeterminado,26520.0
PAR-010470,PS-EQ-10,2027-05-07,04:00:00,2.3,Operativa,Corte de energía externo,1273.0
PAR-009907,PS-EQ-08,2027-03-26,17:00:00,2.7,Operativa,Condiciones climáticas adversas,630.0
PAR-008407,PS-EQ-04,2025-12-29,01:00:00,7.6,Preventiva,Mantenimiento programado (plan anual),14608.0
PAR-009304,PS-EQ-06,2027-08-15,04:00:00,1.6,Operativa,Corte de energía externo,739.0
PAR-008903,PS-EQ-05,2027-03-18,07:00:00,2.4,Operativa,Corte de energía externo,944.0
PAR-007847,PS-EQ-02,2026-09-08,10:00:00,0.5,Operativa,Corte de energía externo,235.0
PAR-008594,PS-EQ-04,2027-12-13,12:00:00,0.8,Operativa,Espera de insumos (reactivos/bolas de molienda),458.0
PAR-008949,PS-EQ-05,2027-08-28,00:00:00,7.1,Preventiva,Mantenimiento programado (plan anual),11824.0
PAR-009302,PS-EQ-06,2027-08-11,05:00:00,8.1,Preventiva,Mantenimiento programado (plan anual),9851.0
PAR-010230,PS-EQ-09,2027-12-06,19:00:00,2.7,Operativa,Espera de insumos (reactivos/bolas de molienda),702.0
PAR-010170,PS-EQ-09,2026-11-18,22:00:00,0.5,Correctiva,Falla mecánica - desgaste de componente,1092.0
PAR-009963,PS-EQ-08,2027-12-15,22:00:00,0.7,Operativa,Espera de insumos (reactivos/bolas de molienda),280.0
PAR-008942,PS-EQ-05,2027-08-08,20:00:00,3.0,Operativa,Indeterminado,1589.0
PAR-010294,PS-EQ-10,2024-10-30,12:00:00,0.8,Correctiva,Falla de lubricación,781.0
PAR-009468,PS-EQ-07,2025-12-06,10:00:00,0.6,Operativa,Espera de insumos (reactivos/bolas de molienda),
PAR-009220,PS-EQ-06,2026-09-17,18:00:00,2.1,Correctiva,Atoro de mineral / obstrucción,2817.0
PAR-009454,PS-EQ-07,2025-09-12,14:00:00,7.3,Correctiva,Falla mecánica - desgaste de componente,
PAR-009694,PS-EQ-08,2024-11-20,13:00:00,5.6,Preventiva,Mantenimiento programado (plan anual),10567.0
PAR-007795,PS-EQ-02,2026-02-22,13:00:00,3.1,Correctiva,Falla eléctrica - motor/tablero,3158.0
PAR-009086,PS-EQ-06,2025-03-09,12:00:00,6.6,Preventiva,Mantenimiento programado (plan anual),11772.0
PAR-009697,PS-EQ-08,2024-12-09,00:00:00,20.0,Correctiva,Atoro de mineral / obstrucción,43071.0
PAR-009928,PS-EQ-08,2027-07-17,03:00:00,11.4,Correctiva,Falla de lubricación,23157.0
PAR-010311,PS-EQ-10,2024-12-27,12:00:00,1.4,Operativa,Corte de energía externo,297.0
PAR-009016,PS-EQ-06,2024-06-24,08:00:00,8.0,Preventiva,Mantenimiento programado (plan anual),9195.0
PAR-009891,PS-EQ-08,2027-01-22,00:00:00,8.4,Preventiva,Mantenimiento programado (plan anual),14977.0
PAR-009571,PS-EQ-07,2027-06-02,03:00:00,2.7,Operativa,Falta de mineral en cancha,
PAR-007527,PS-EQ-01,2027-01-15,03:00:00,15.2,Correctiva,Falla de lubricación,19955.0
PAR-008565,PS-EQ-04,2027-09-02,09:00:00,7.2,Preventiva,Mantenimiento programado (plan anual),15018.0
PAR-008525,PS-EQ-04,2027-03-26,08:00:00,11.4,Correctiva,Falla mecánica - desgaste de componente,12438.0
PAR-008965,PS-EQ-05,2027-11-11,01:00:00,20.0,Correctiva,Atoro de mineral / obstrucción,
PAR-007532,PS-EQ-01,2027-01-31,18:00:00,4.9,Preventiva,Mantenimiento programado (plan anual),6984.0
PAR-008663,PS-EQ-05,2024-08-28,09:00:00,1.0,Correctiva,Falla eléctrica - motor/tablero,1673.0
PAR-009678,PS-EQ-08,2024-09-23,05:00:00,6.0,Correctiva,Falla mecánica - desgaste de componente,
PAR-007681,PS-EQ-02,2024-12-03,00:00:00,5.1,Preventiva,Mantenimiento programado (plan anual),10060.0
PAR-008817,PS-EQ-05,2026-05-10,05:00:00,8.7,Correctiva,Falla de lubricación,15513.0
PAR-008181,PS-EQ-03,2027-02-27,09:00:00,1.1,Operativa,Espera de insumos (reactivos/bolas de molienda),559.0
PAR-010327,PS-EQ-10,2025-03-24,13:00:00,1.1,Operativa,Corte de energía externo,315.0
PAR-008210,PS-EQ-03,2027-07-22,18:00:00,0.5,Operativa,Falta de mineral en cancha,107.0
PAR-010260,PS-EQ-10,2024-04-12,11:00:00,9.8,Correctiva,Falla de lubricación,9022.0
PAR-009771,PS-EQ-08,2025-10-19,13:00:00,6.7,Preventiva,Mantenimiento programado (plan anual),9793.0
PAR-010337,PS-EQ-10,2025-06-14,12:00:00,6.1,Preventiva,Mantenimiento programado (plan anual),13382.0
PAR-009592,PS-EQ-07,2027-09-28,15:00:00,2.1,Operativa,Espera de insumos (reactivos/bolas de molienda),835.0
PAR-009802,PS-EQ-08,2026-01-22,00:00:00,20.0,Correctiva,Falla de lubricación,35431.0
PAR-007884,PS-EQ-02,2026-12-19,15:00:00,5.0,Correctiva,Rotura de faja/correa,10305.0
PAR-009423,PS-EQ-07,2025-04-30,06:00:00,5.8,Preventiva,Mantenimiento programado (plan anual),6494.0
PAR-007595,PS-EQ-01,2027-11-17,06:00:00,12.5,Correctiva,Falla eléctrica - motor/tablero,26979.0
PAR-007326,PS-EQ-01,2024-10-02,03:00:00,3.1,Correctiva,Atoro de mineral / obstrucción,5172.0
PAR-010031,PS-EQ-09,2024-12-16,12:00:00,2.7,Operativa,Corte de energía externo,1436.0
PAR-009450,PS-EQ-07,2025-09-03,13:00:00,1.1,Operativa,Espera de insumos (reactivos/bolas de molienda),462.0
PAR-009348,PS-EQ-07,2024-02-06,06:00:00,8.5,Preventiva,Mantenimiento programado (plan anual),9403.0
PAR-009338,PS-EQ-06,2027-12-31,02:00:00,11.1,Correctiva,Rotura de faja/correa,
PAR-007612,PS-EQ-02,2024-02-01,09:00:00,5.7,Preventiva,Mantenimiento programado (plan anual),8397.0
PAR-007569,PS-EQ-01,2027-07-25,07:00:00,1.6,Operativa,Falta de mineral en cancha,536.0
PAR-008476,PS-EQ-04,2026-09-19,09:00:00,4.4,Preventiva,Mantenimiento programado (plan anual),8925.0
PAR-009190,PS-EQ-06,2026-04-22,02:00:00,13.6,Correctiva,Rotura de faja/correa,21586.0
PAR-009943,PS-EQ-08,2027-09-29,02:00:00,0.8,Operativa,Falta de mineral en cancha,280.0
PAR-009716,PS-EQ-08,2025-03-07,08:00:00,1.7,Operativa,Falta de mineral en cancha,862.0
PAR-007797,PS-EQ-02,2026-03-11,00:00:00,15.6,Correctiva,Falla de lubricación,24613.0
PAR-010032,PS-EQ-09,2024-12-20,00:00:00,7.4,Correctiva,Atoro de mineral / obstrucción,12623.0
PAR-008958,PS-EQ-05,2027-10-09,10:00:00,2.3,Operativa,Condiciones climáticas adversas,544.0
PAR-009288,PS-EQ-06,2027-06-24,08:00:00,2.9,Operativa,Falta de mineral en cancha,1095.0
PAR-007744,PS-EQ-02,2025-07-20,08:00:00,5.3,Preventiva,Mantenimiento programado (plan anual),10651.0
PAR-010264,PS-EQ-10,2024-05-04,06:00:00,3.1,Correctiva,Rotura de faja/correa,5681.0
PAR-008006,PS-EQ-03,2024-04-30,17:00:00,0.9,Operativa,Condiciones climáticas adversas,303.0
PAR-008383,PS-EQ-04,2025-09-30,09:00:00,2.9,Operativa,Espera de insumos (reactivos/bolas de molienda),905.0
PAR-010276,PS-EQ-10,2024-07-16,08:00:00,6.9,Preventiva,Mantenimiento programado (plan anual),6828.0
PAR-009719,PS-EQ-08,2025-03-19,03:00:00,1.4,Correctiva,Atoro de mineral / obstrucción,2414.0
PAR-010488,PS-EQ-10,2027-08-05,15:00:00,0.6,Operativa,Corte de energía externo,302.0
PAR-007877,PS-EQ-02,2026-11-25,11:00:00,0.5,Correctiva,Atoro de mineral / obstrucción,571.0
PAR-008090,PS-EQ-03,2025-08-15,19:00:00,0.5,Correctiva,Falla de lubricación,854.0
PAR-009158,PS-EQ-06,2026-01-11,09:00:00,6.7,Preventiva,Mantenimiento programado (plan anual),6127.0
PAR-010188,PS-EQ-09,2027-02-27,02:00:00,0.8,Correctiva,Rotura de faja/correa,772.0
PAR-009898,PS-EQ-08,2027-02-16,07:00:00,2.7,Correctiva,Falla eléctrica - motor/tablero,3909.0
PAR-010287,PS-EQ-10,2024-09-12,01:00:00,7.6,Preventiva,Mantenimiento programado (plan anual),
PAR-009552,PS-EQ-07,2027-02-04,14:00:00,0.5,Correctiva,Rotura de faja/correa,713.0
PAR-010145,PS-EQ-09,2026-07-24,08:00:00,9.8,Correctiva,Falla mecánica - desgaste de componente,8657.0
PAR-009941,PS-EQ-08,2027-09-15,12:00:00,3.7,Correctiva,Atoro de mineral / obstrucción,5365.0
PAR-008538,PS-EQ-04,2027-04-25,20:00:00,1.9,Operativa,Condiciones climáticas adversas,880.0
PAR-007512,PS-EQ-01,2026-11-19,09:00:00,13.0,Correctiva,Falla mecánica - desgaste de componente,12007.0
PAR-008513,PS-EQ-04,2027-02-10,19:00:00,1.1,Correctiva,Falla de lubricación,2404.0
PAR-007558,PS-EQ-01,2027-05-12,07:00:00,10.7,Correctiva,Atoro de mineral / obstrucción,19507.0
PAR-009344,PS-EQ-07,2024-01-25,14:00:00,5.5,Correctiva,Atoro de mineral / obstrucción,10151.0
PAR-008073,PS-EQ-03,2025-04-26,15:00:00,0.7,Operativa,Corte de energía externo,355.0
PAR-009352,PS-EQ-07,2024-02-15,07:00:00,1.6,Operativa,Indeterminado,518.0
PAR-008848,PS-EQ-05,2026-08-23,01:00:00,20.0,Correctiva,Falla eléctrica - motor/tablero,41598.0
PAR-010061,PS-EQ-09,2025-04-28,18:00:00,4.0,Correctiva,Falla eléctrica - motor/tablero,6822.0
PAR-009209,PS-EQ-06,2026-08-01,13:00:00,9.9,Correctiva,Atoro de mineral / obstrucción,14071.0
PAR-008474,PS-EQ-04,2026-09-10,15:00:00,2.8,Operativa,Corte de energía externo,1236.0
PAR-009122,PS-EQ-06,2025-08-19,15:00:00,2.0,Correctiva,Indeterminado,2547.0
PAR-008637,PS-EQ-05,2024-05-26,04:00:00,2.5,Operativa,Falta de mineral en cancha,669.0
PAR-007672,PS-EQ-02,2024-10-26,05:00:00,4.1,Preventiva,Mantenimiento programado (plan anual),3804.0
PAR-009403,PS-EQ-07,2024-12-22,04:00:00,7.8,Preventiva,Mantenimiento programado (plan anual),16237.0
PAR-008673,PS-EQ-05,2024-10-12,01:00:00,3.1,Correctiva,Falla mecánica - desgaste de componente,6756.0
PAR-007741,PS-EQ-02,2025-07-11,13:00:00,2.4,Correctiva,Falla eléctrica - motor/tablero,
PAR-008412,PS-EQ-04,2026-01-22,06:00:00,9.6,Correctiva,Falla de lubricación,20158.0
PAR-008306,PS-EQ-04,2024-10-29,12:00:00,4.6,Correctiva,Falla eléctrica - motor/tablero,9247.0
PAR-008264,PS-EQ-04,2024-04-20,06:00:00,0.5,Correctiva,Atoro de mineral / obstrucción,1013.0
PAR-010169,PS-EQ-09,2026-11-17,20:00:00,2.6,Correctiva,Rotura de faja/correa,2281.0
PAR-007322,PS-EQ-01,2024-09-22,11:00:00,9.1,Correctiva,Rotura de faja/correa,8935.0
PAR-008077,PS-EQ-03,2025-05-27,11:00:00,6.1,Preventiva,Mantenimiento programado (plan anual),9311.0
PAR-007328,PS-EQ-01,2024-10-13,03:00:00,9.2,Correctiva,Falla eléctrica - motor/tablero,19010.0
PAR-009817,PS-EQ-08,2026-03-17,17:00:00,1.6,Correctiva,Falla mecánica - desgaste de componente,1460.0
PAR-008347,PS-EQ-04,2025-04-03,01:00:00,7.4,Correctiva,Indeterminado,9600.0
PAR-008400,PS-EQ-04,2025-12-12,04:00:00,2.7,Operativa,Falta de mineral en cancha,1329.0
PAR-008843,PS-EQ-05,2026-08-16,00:00:00,0.7,Operativa,Espera de insumos (reactivos/bolas de molienda),189.0
PAR-009088,PS-EQ-06,2025-03-15,02:00:00,15.4,Correctiva,Rotura de faja/correa,32450.0
PAR-010106,PS-EQ-09,2025-11-18,15:00:00,2.1,Correctiva,Rotura de faja/correa,1858.0
PAR-010349,PS-EQ-10,2025-07-31,06:00:00,3.0,Correctiva,Atoro de mineral / obstrucción,5769.0
PAR-009559,PS-EQ-07,2027-03-07,16:00:00,1.9,Correctiva,Falla eléctrica - motor/tablero,2130.0
PAR-009920,PS-EQ-08,2027-06-09,05:00:00,8.7,Preventiva,Mantenimiento programado (plan anual),9800.0
PAR-009108,PS-EQ-06,2025-06-26,11:00:00,7.6,Correctiva,Rotura de faja/correa,6967.0
PAR-009848,PS-EQ-08,2026-07-21,07:00:00,0.7,Operativa,Espera de insumos (reactivos/bolas de molienda),384.0
PAR-007284,PS-EQ-01,2024-03-25,17:00:00,5.2,Correctiva,Falla eléctrica - motor/tablero,6912.0
PAR-008718,PS-EQ-05,2025-03-31,10:00:00,7.9,Correctiva,Atoro de mineral / obstrucción,13806.0
PAR-008354,PS-EQ-04,2025-05-03,01:00:00,14.9,Correctiva,Falla eléctrica - motor/tablero,18373.0
PAR-008944,PS-EQ-05,2027-08-14,11:00:00,6.4,Preventiva,Mantenimiento programado (plan anual),10763.0
PAR-008094,PS-EQ-03,2025-08-31,16:00:00,4.5,Correctiva,Falla de lubricación,7360.0
PAR-008936,PS-EQ-05,2027-07-14,07:00:00,2.1,Operativa,Espera de insumos (reactivos/bolas de molienda),1029.0
PAR-008960,PS-EQ-05,2027-10-21,20:00:00,2.2,Operativa,Falta de mineral en cancha,466.0
PAR-009218,PS-EQ-06,2026-09-04,01:00:00,7.0,Preventiva,Mantenimiento programado (plan anual),14343.0
PAR-009366,PS-EQ-07,2024-05-07,02:00:00,2.6,Correctiva,Falla eléctrica - motor/tablero,4872.0
PAR-009723,PS-EQ-08,2025-04-02,06:00:00,3.0,Correctiva,Atoro de mineral / obstrucción,6517.0
PAR-008036,PS-EQ-03,2024-10-14,07:00:00,1.2,Operativa,Espera de insumos (reactivos/bolas de molienda),647.0
PAR-007317,PS-EQ-01,2024-09-01,12:00:00,2.0,Operativa,Falta de mineral en cancha,1024.0
PAR-007874,PS-EQ-02,2026-11-19,09:00:00,2.5,Operativa,Condiciones climáticas adversas,1070.0
PAR-008708,PS-EQ-05,2025-01-29,09:00:00,11.0,Correctiva,Atoro de mineral / obstrucción,19479.0
PAR-009629,PS-EQ-08,2024-02-12,10:00:00,1.4,Operativa,Corte de energía externo,554.0
PAR-007769,PS-EQ-02,2025-11-06,00:00:00,2.2,Operativa,Falta de mineral en cancha,926.0
PAR-007274,PS-EQ-01,2024-02-18,20:00:00,1.7,Correctiva,Falla eléctrica - motor/tablero,2468.0
PAR-008270,PS-EQ-04,2024-05-21,07:00:00,7.3,Correctiva,Falla mecánica - desgaste de componente,12895.0
PAR-008435,PS-EQ-04,2026-04-17,01:00:00,6.9,Preventiva,Mantenimiento programado (plan anual),6828.0
PAR-008112,PS-EQ-03,2025-12-16,07:00:00,8.1,Preventiva,Indeterminado,12994.0
PAR-007761,PS-EQ-02,2025-10-01,01:00:00,6.8,Correctiva,Falla mecánica - desgaste de componente,8400.0
PAR-010058,PS-EQ-09,2025-04-06,00:00:00,2.9,Correctiva,Atoro de mineral / obstrucción,6005.0
PAR-010093,PS-EQ-09,2025-09-16,16:00:00,2.5,Operativa,Espera de insumos (reactivos/bolas de molienda),1263.0
PAR-009407,PS-EQ-07,2025-01-21,04:00:00,4.2,Preventiva,Mantenimiento programado (plan anual),8473.0
PAR-009066,PS-EQ-06,2024-12-29,03:00:00,12.3,Correctiva,Falla eléctrica - motor/tablero,15657.0
PAR-007974,PS-EQ-02,2027-11-03,14:00:00,6.9,Preventiva,Mantenimiento programado (plan anual),14886.0
PAR-008142,PS-EQ-03,2026-06-25,15:00:00,4.1,Preventiva,Mantenimiento programado (plan anual),4737.0
PAR-007552,PS-EQ-01,2027-04-08,05:00:00,0.9,Correctiva,Falla eléctrica - motor/tablero,1859.0
PAR-010464,PS-EQ-10,2027-04-27,15:00:00,1.9,Operativa,Espera de insumos (reactivos/bolas de molienda),800.0
PAR-007302,PS-EQ-01,2024-06-28,00:00:00,8.5,Correctiva,Falla mecánica - desgaste de componente,17369.0
PAR-008779,PS-EQ-05,2025-12-24,02:00:00,0.6,Operativa,Falta de mineral en cancha,354.0
PAR-008296,PS-EQ-04,2024-09-19,20:00:00,3.0,Operativa,Corte de energía externo,1736.0
PAR-009669,PS-EQ-08,2024-08-05,06:00:00,12.4,Correctiva,Atoro de mineral / obstrucción,13385.0
PAR-009057,PS-EQ-06,2024-11-21,14:00:00,6.0,Preventiva,Mantenimiento programado (plan anual),
PAR-010081,PS-EQ-09,2025-07-26,06:00:00,2.4,Operativa,Corte de energía externo,715.0
PAR-008017,PS-EQ-03,2024-06-10,18:00:00,4.5,Preventiva,Mantenimiento programado (plan anual),4122.0
PAR-009958,PS-EQ-08,2027-11-26,14:00:00,2.8,Operativa,Corte de energía externo,1012.0
PAR-009120,PS-EQ-06,2025-08-06,12:00:00,6.8,Correctiva,Atoro de mineral / obstrucción,6625.0
PAR-009077,PS-EQ-06,2025-02-01,14:00:00,1.0,Operativa,Espera de insumos (reactivos/bolas de molienda),207.0
PAR-008677,PS-EQ-05,2024-10-15,03:00:00,2.1,Operativa,Condiciones climáticas adversas,705.0
PAR-008395,PS-EQ-04,2025-11-17,12:00:00,0.8,Operativa,Corte de energía externo,227.0
PAR-008801,PS-EQ-05,2026-03-22,07:00:00,5.2,Correctiva,Falla de lubricación,9380.0
PAR-009374,PS-EQ-07,2024-06-20,14:00:00,1.6,Operativa,Condiciones climáticas adversas,752.0
PAR-009501,PS-EQ-07,2026-04-15,10:00:00,2.6,Correctiva,Atoro de mineral / obstrucción,5561.0
PAR-009878,PS-EQ-08,2026-12-05,00:00:00,0.7,Correctiva,Rotura de faja/correa,737.0
PAR-008807,PS-EQ-05,2026-04-04,10:00:00,1.7,Correctiva,Atoro de mineral / obstrucción,3642.0
PAR-008988,PS-EQ-06,2024-03-21,09:00:00,0.8,Operativa,Condiciones climáticas adversas,
PAR-010165,PS-EQ-09,2026-11-09,08:00:00,2.9,Operativa,Condiciones climáticas adversas,1305.0
PAR-007339,PS-EQ-01,2024-12-06,11:00:00,2.0,Operativa,Falta de mineral en cancha,888.0
PAR-007517,PS-EQ-01,2026-12-08,05:00:00,11.9,Correctiva,Falla eléctrica - motor/tablero,25027.0
PAR-008155,PS-EQ-03,2026-10-06,01:00:00,8.6,Preventiva,Mantenimiento programado (plan anual),16647.0
PAR-007696,PS-EQ-02,2025-01-22,11:00:00,11.5,Correctiva,Atoro de mineral / obstrucción,16927.0
PAR-009841,PS-EQ-08,2026-06-29,14:00:00,4.7,Correctiva,Falla de lubricación,9752.0
PAR-008726,PS-EQ-05,2025-05-12,04:00:00,5.7,Preventiva,Mantenimiento programado (plan anual),7593.0
PAR-009341,PS-EQ-07,2024-01-19,15:00:00,5.6,Correctiva,Falla eléctrica - motor/tablero,9413.0
PAR-009257,PS-EQ-06,2027-02-06,04:00:00,13.8,Correctiva,Atoro de mineral / obstrucción,27823.0
PAR-008355,PS-EQ-04,2025-05-07,03:00:00,5.2,Correctiva,Rotura de faja/correa,8370.0
PAR-008260,PS-EQ-04,2024-04-06,01:00:00,0.5,Correctiva,Falla eléctrica - motor/tablero,964.0
PAR-010380,PS-EQ-10,2026-01-15,09:00:00,6.2,Preventiva,Mantenimiento programado (plan anual),9106.0
PAR-009396,PS-EQ-07,2024-10-19,11:00:00,6.8,Preventiva,Mantenimiento programado (plan anual),8521.0
PAR-007483,PS-EQ-01,2026-07-20,12:00:00,9.5,Correctiva,Falla eléctrica - motor/tablero,14509.0
PAR-008934,PS-EQ-05,2027-07-08,06:00:00,2.8,Operativa,Espera de insumos (reactivos/bolas de molienda),1326.0
PAR-010505,PS-EQ-10,2027-10-05,00:00:00,16.6,Correctiva,Atoro de mineral / obstrucción,20217.0
PAR-009866,PS-EQ-08,2026-10-12,04:00:00,6.1,Preventiva,Indeterminado,6748.0
PAR-009596,PS-EQ-07,2027-10-21,06:00:00,8.6,Preventiva,Mantenimiento programado (plan anual),11829.0
PAR-009178,PS-EQ-06,2026-03-27,19:00:00,1.0,Correctiva,Indeterminado,1778.0
PAR-007921,PS-EQ-02,2027-05-09,03:00:00,20.0,Correctiva,Rotura de faja/correa,20644.0
PAR-009979,PS-EQ-09,2024-02-23,06:00:00,1.1,Correctiva,Falla eléctrica - motor/tablero,1129.0
PAR-007878,PS-EQ-02,2026-12-01,04:00:00,6.1,Correctiva,Falla de lubricación,7451.0
PAR-008971,PS-EQ-05,2027-11-28,16:00:00,0.5,Correctiva,Falla mecánica - desgaste de componente,1046.0
PAR-009916,PS-EQ-08,2027-05-25,18:00:00,4.4,Preventiva,Mantenimiento programado (plan anual),3905.0
PAR-008232,PS-EQ-03,2027-11-27,15:00:00,2.1,Operativa,Espera de insumos (reactivos/bolas de molienda),1058.0
PAR-007292,PS-EQ-01,2024-04-12,03:00:00,2.8,Correctiva,Rotura de faja/correa,3897.0
PAR-008507,PS-EQ-04,2027-01-04,02:00:00,20.0,Correctiva,Falla de lubricación,34920.0
PAR-009616,PS-EQ-08,2024-01-09,07:00:00,1.0,Correctiva,Falla de lubricación,2165.0
PAR-009138,PS-EQ-06,2025-10-22,06:00:00,16.9,Correctiva,Falla mecánica - desgaste de componente,35000.0
PAR-010409,PS-EQ-10,2026-06-15,19:00:00,1.0,Operativa,Espera de insumos (reactivos/bolas de molienda),353.0
PAR-009410,PS-EQ-07,2025-02-05,11:00:00,5.6,Preventiva,Mantenimiento programado (plan anual),10331.0
PAR-009864,PS-EQ-08,2026-09-28,02:00:00,13.0,Correctiva,Rotura de faja/correa,26723.0
PAR-008360,PS-EQ-04,2025-05-31,00:00:00,8.9,Preventiva,Mantenimiento programado (plan anual),11890.0
PAR-007811,PS-EQ-02,2026-04-30,07:00:00,12.0,Correctiva,Falla eléctrica - motor/tablero,18695.0
PAR-007985,PS-EQ-03,2024-01-16,01:00:00,6.2,Preventiva,Mantenimiento programado (plan anual),5586.0
PAR-007656,PS-EQ-02,2024-08-04,01:00:00,6.8,Correctiva,Falla eléctrica - motor/tablero,13805.0
PAR-007994,PS-EQ-03,2024-03-07,18:00:00,2.2,Correctiva,Falla de lubricación,4268.0
PAR-008402,PS-EQ-04,2025-12-14,13:00:00,8.5,Preventiva,Mantenimiento programado (plan anual),17585.0
PAR-009308,PS-EQ-06,2027-09-02,15:00:00,1.3,Operativa,Corte de energía externo,466.0
PAR-009323,PS-EQ-06,2027-11-01,01:00:00,20.0,Correctiva,Atoro de mineral / obstrucción,36832.0
PAR-007908,PS-EQ-02,2027-04-08,02:00:00,3.0,Operativa,Condiciones climáticas adversas,827.0
PAR-007474,PS-EQ-01,2026-06-18,09:00:00,0.7,Operativa,Falta de mineral en cancha,146.0
PAR-007438,PS-EQ-01,2026-01-30,22:00:00,0.5,Correctiva,Falla eléctrica - motor/tablero,722.0
PAR-009132,PS-EQ-06,2025-09-18,14:00:00,2.6,Operativa,Espera de insumos (reactivos/bolas de molienda),1047.0
PAR-010354,PS-EQ-10,2025-08-30,11:00:00,2.1,Operativa,Espera de insumos (reactivos/bolas de molienda),907.0
PAR-007655,PS-EQ-02,2024-08-03,03:00:00,20.0,Correctiva,Falla de lubricación,
PAR-010241,PS-EQ-10,2024-01-16,08:00:00,11.3,Correctiva,Falla eléctrica - motor/tablero,22409.0
PAR-008023,PS-EQ-03,2024-07-27,05:00:00,1.9,Operativa,Falta de mineral en cancha,778.0
PAR-009405,PS-EQ-07,2025-01-05,11:00:00,5.8,Preventiva,Mantenimiento programado (plan anual),8370.0
PAR-010121,PS-EQ-09,2026-03-13,13:00:00,6.9,Preventiva,Mantenimiento programado (plan anual),10798.0
PAR-008133,PS-EQ-03,2026-05-14,06:00:00,10.9,Correctiva,Rotura de faja/correa,23822.0
PAR-009651,PS-EQ-08,2024-06-05,08:00:00,12.3,Correctiva,Atoro de mineral / obstrucción,17230.0
PAR-007473,PS-EQ-01,2026-06-13,09:00:00,1.5,Operativa,Condiciones climáticas adversas,405.0
PAR-010318,PS-EQ-10,2025-02-06,16:00:00,2.5,Correctiva,Falla mecánica - desgaste de componente,3302.0
PAR-008157,PS-EQ-03,2026-10-15,15:00:00,2.0,Operativa,Espera de insumos (reactivos/bolas de molienda),676.0
PAR-008494,PS-EQ-04,2026-11-28,01:00:00,11.2,Correctiva,Falla mecánica - desgaste de componente,23659.0
PAR-010200,PS-EQ-09,2027-04-17,01:00:00,0.5,Correctiva,Falla mecánica - desgaste de componente,870.0
PAR-010222,PS-EQ-09,2027-10-23,04:00:00,0.9,Operativa,Corte de energía externo,371.0
PAR-007345,PS-EQ-01,2025-01-19,03:00:00,7.4,Preventiva,Indeterminado,12398.0
PAR-008849,PS-EQ-05,2026-08-31,04:00:00,1.0,Operativa,Condiciones climáticas adversas,387.0
PAR-008603,PS-EQ-05,2024-01-21,02:00:00,4.3,Preventiva,Mantenimiento programado (plan anual),5036.0
PAR-008606,PS-EQ-05,2024-02-06,13:00:00,2.0,Operativa,Espera de insumos (reactivos/bolas de molienda),1024.0
PAR-007935,PS-EQ-02,2027-06-27,04:00:00,8.0,Correctiva,Rotura de faja/correa,11896.0
PAR-008694,PS-EQ-05,2024-12-21,20:00:00,2.4,Correctiva,Atoro de mineral / obstrucción,1971.0
PAR-008571,PS-EQ-04,2027-09-18,02:00:00,1.5,Correctiva,Falla mecánica - desgaste de componente,1391.0
PAR-009289,PS-EQ-06,2027-06-28,07:00:00,1.4,Correctiva,Falla eléctrica - motor/tablero,1339.0
PAR-007600,PS-EQ-01,2027-12-10,03:00:00,20.0,Correctiva,Falla de lubricación,41687.0
PAR-009456,PS-EQ-07,2025-09-26,04:00:00,1.1,Correctiva,Rotura de faja/correa,885.0
PAR-008190,PS-EQ-03,2027-04-16,01:00:00,19.6,Correctiva,Falla mecánica - desgaste de componente,30459.0
PAR-009262,PS-EQ-06,2027-03-02,19:00:00,2.2,Operativa,Falta de mineral en cancha,969.0
PAR-009069,PS-EQ-06,2025-01-03,14:00:00,2.0,Correctiva,Atoro de mineral / obstrucción,4291.0
PAR-007700,PS-EQ-02,2025-02-05,10:00:00,12.5,Correctiva,Atoro de mineral / obstrucción,24148.0
PAR-009299,PS-EQ-06,2027-08-06,08:00:00,2.1,Correctiva,Atoro de mineral / obstrucción,3224.0
PAR-007530,PS-EQ-01,2027-01-25,04:00:00,1.8,Operativa,Condiciones climáticas adversas,834.0
PAR-009527,PS-EQ-07,2026-09-27,18:00:00,4.2,Preventiva,Mantenimiento programado (plan anual),6226.0
PAR-008542,PS-EQ-04,2027-05-19,02:00:00,12.5,Correctiva,Falla eléctrica - motor/tablero,20806.0
PAR-009910,PS-EQ-08,2027-04-06,17:00:00,1.0,Operativa,Falta de mineral en cancha,420.0
PAR-007838,PS-EQ-02,2026-07-24,10:00:00,0.6,Correctiva,Falla de lubricación,826.0
PAR-008057,PS-EQ-03,2025-02-05,01:00:00,7.5,Preventiva,Mantenimiento programado (plan anual),11583.0
PAR-010345,PS-EQ-10,2025-07-20,03:00:00,1.7,Operativa,Corte de energía externo,631.0
PAR-009938,PS-EQ-08,2027-09-05,11:00:00,1.9,Operativa,Condiciones climáticas adversas,647.0
PAR-007623,PS-EQ-02,2024-03-30,00:00:00,7.5,Preventiva,Indeterminado,16205.0
PAR-008759,PS-EQ-05,2025-09-22,19:00:00,2.1,Correctiva,Rotura de faja/correa,3169.0
PAR-008781,PS-EQ-05,2025-12-28,10:00:00,6.8,Preventiva,Mantenimiento programado (plan anual),
PAR-009746,PS-EQ-08,2025-06-26,01:00:00,20.0,Correctiva,Rotura de faja/correa,32704.0
PAR-007954,PS-EQ-02,2027-08-19,05:00:00,9.2,Correctiva,Falla mecánica - desgaste de componente,10234.0
PAR-008867,PS-EQ-05,2026-11-12,07:00:00,7.6,Preventiva,Mantenimiento programado (plan anual),15532.0
PAR-007543,PS-EQ-01,2027-03-17,06:00:00,11.6,Correctiva,Atoro de mineral / obstrucción,16633.0
PAR-008930,PS-EQ-05,2027-06-28,04:00:00,6.3,Preventiva,Mantenimiento programado (plan anual),9200.0
PAR-008655,PS-EQ-05,2024-07-31,06:00:00,16.5,Correctiva,Atoro de mineral / obstrucción,25125.0
PAR-007412,PS-EQ-01,2025-10-28,08:00:00,7.8,Preventiva,Mantenimiento programado (plan anual),11758.0
PAR-009446,PS-EQ-07,2025-08-20,00:00:00,5.6,Preventiva,Mantenimiento programado (plan anual),9968.0
PAR-007997,PS-EQ-03,2024-03-14,12:00:00,2.8,Correctiva,Falla de lubricación,5573.0
PAR-010107,PS-EQ-09,2025-11-21,05:00:00,5.0,Preventiva,Mantenimiento programado (plan anual),4026.0
PAR-008368,PS-EQ-04,2025-08-04,10:00:00,6.9,Correctiva,Falla eléctrica - motor/tablero,6239.0
PAR-008530,PS-EQ-04,2027-04-06,14:00:00,1.8,Operativa,Espera de insumos (reactivos/bolas de molienda),832.0
PAR-009859,PS-EQ-08,2026-08-26,18:00:00,1.8,Correctiva,Falla mecánica - desgaste de componente,3863.0
PAR-009146,PS-EQ-06,2025-12-08,08:00:00,2.5,Operativa,Corte de energía externo,1074.0
PAR-009918,PS-EQ-08,2027-06-03,06:00:00,5.0,Correctiva,Rotura de faja/correa,9736.0
PAR-007969,PS-EQ-02,2027-10-16,01:00:00,8.6,Preventiva,Mantenimiento programado (plan anual),10745.0
PAR-010094,PS-EQ-09,2025-09-18,07:00:00,1.1,Correctiva,Atoro de mineral / obstrucción,1960.0
PAR-008289,PS-EQ-04,2024-08-22,04:00:00,0.5,Correctiva,Atoro de mineral / obstrucción,545.0
PAR-007342,PS-EQ-01,2025-01-10,17:00:00,0.5,Correctiva,Atoro de mineral / obstrucción,920.0
PAR-009425,PS-EQ-07,2025-05-18,05:00:00,7.3,Preventiva,Mantenimiento programado (plan anual),10505.0
PAR-008638,PS-EQ-05,2024-05-29,02:00:00,20.0,Correctiva,Falla eléctrica - motor/tablero,43945.0
PAR-008857,PS-EQ-05,2026-09-25,10:00:00,1.8,Correctiva,Atoro de mineral / obstrucción,2661.0
PAR-007978,PS-EQ-02,2027-11-20,09:00:00,4.7,Preventiva,Mantenimiento programado (plan anual),9023.0
PAR-009899,PS-EQ-08,2027-02-19,07:00:00,3.5,Correctiva,Indeterminado,6851.0
PAR-008005,PS-EQ-03,2024-04-19,06:00:00,2.3,Operativa,Falta de mineral en cancha,574.0
PAR-008427,PS-EQ-04,2026-03-24,07:00:00,12.9,Correctiva,Atoro de mineral / obstrucción,23993.0
PAR-008189,PS-EQ-03,2027-04-13,13:00:00,8.1,Preventiva,Mantenimiento programado (plan anual),16276.0
PAR-009981,PS-EQ-09,2024-02-26,01:00:00,2.9,Operativa,Corte de energía externo,718.0
PAR-007615,PS-EQ-02,2024-02-12,08:00:00,6.1,Correctiva,Atoro de mineral / obstrucción,6978.0
PAR-010417,PS-EQ-10,2026-08-13,14:00:00,8.0,Correctiva,Falla mecánica - desgaste de componente,7501.0
PAR-010059,PS-EQ-09,2025-04-11,05:00:00,8.1,Preventiva,Mantenimiento programado (plan anual),17758.0
PAR-009053,PS-EQ-06,2024-10-31,07:00:00,3.4,Correctiva,Falla mecánica - desgaste de componente,5495.0
PAR-010358,PS-EQ-10,2025-09-08,15:00:00,1.9,Operativa,Corte de energía externo,725.0
PAR-008690,PS-EQ-05,2024-12-03,08:00:00,13.9,Correctiva,Falla mecánica - desgaste de componente,29648.0
PAR-007381,PS-EQ-01,2025-05-26,03:00:00,9.0,Preventiva,Mantenimiento programado (plan anual),17069.0
PAR-008356,PS-EQ-04,2025-05-10,01:00:00,4.5,Correctiva,Falla eléctrica - motor/tablero,4627.0
PAR-008012,PS-EQ-03,2024-05-21,14:00:00,5.2,Preventiva,Mantenimiento programado (plan anual),8480.0
PAR-008692,PS-EQ-05,2024-12-14,04:00:00,4.3,Correctiva,Rotura de faja/correa,4845.0
PAR-008951,PS-EQ-05,2027-09-04,20:00:00,2.6,Operativa,Corte de energía externo,1063.0
PAR-007357,PS-EQ-01,2025-03-05,01:00:00,19.4,Correctiva,Falla mecánica - desgaste de componente,31288.0
PAR-007854,PS-EQ-02,2026-09-27,04:00:00,5.2,Preventiva,Mantenimiento programado (plan anual),4522.0
PAR-009029,PS-EQ-06,2024-08-05,09:00:00,13.1,Correctiva,Falla mecánica - desgaste de componente,16943.0
PAR-007373,PS-EQ-01,2025-04-28,03:00:00,6.8,Correctiva,Falla eléctrica - motor/tablero,11308.0
PAR-008495,PS-EQ-04,2026-12-02,03:00:00,7.1,Preventiva,Mantenimiento programado (plan anual),9179.0
PAR-010100,PS-EQ-09,2025-10-07,04:00:00,2.8,Operativa,Condiciones climáticas adversas,1132.0
PAR-009744,PS-EQ-08,2025-06-22,10:00:00,11.4,Correctiva,Falla mecánica - desgaste de componente,23862.0
PAR-007842,PS-EQ-02,2026-08-17,02:00:00,18.5,Correctiva,Indeterminado,35642.0
PAR-007712,PS-EQ-02,2025-03-27,05:00:00,13.7,Correctiva,Rotura de faja/correa,17854.0
PAR-008707,PS-EQ-05,2025-01-28,16:00:00,1.9,Correctiva,Falla de lubricación,2608.0
PAR-008826,PS-EQ-05,2026-05-29,05:00:00,6.3,Correctiva,Falla mecánica - desgaste de componente,13859.0
PAR-007968,PS-EQ-02,2027-10-12,03:00:00,12.8,Correctiva,Atoro de mineral / obstrucción,18907.0
PAR-010228,PS-EQ-09,2027-11-29,05:00:00,3.4,Correctiva,Falla de lubricación,3483.0
PAR-007960,PS-EQ-02,2027-09-09,12:00:00,6.0,Preventiva,Mantenimiento programado (plan anual),5042.0
PAR-009487,PS-EQ-07,2026-02-26,01:00:00,1.8,Operativa,Corte de energía externo,1050.0
PAR-009252,PS-EQ-06,2027-01-12,01:00:00,9.7,Correctiva,Falla mecánica - desgaste de componente,19054.0
PAR-008226,PS-EQ-03,2027-10-29,01:00:00,3.2,Correctiva,Falla mecánica - desgaste de componente,3833.0
PAR-009402,PS-EQ-07,2024-12-12,04:00:00,2.4,Operativa,Condiciones climáticas adversas,1025.0
PAR-010486,PS-EQ-10,2027-07-30,12:00:00,6.6,Preventiva,Mantenimiento programado (plan anual),9601.0
PAR-009767,PS-EQ-08,2025-10-02,05:00:00,2.1,Correctiva,Falla mecánica - desgaste de componente,2678.0
PAR-009385,PS-EQ-07,2024-08-18,17:00:00,5.0,Preventiva,Indeterminado,5059.0
PAR-010329,PS-EQ-10,2025-04-08,05:00:00,8.2,Preventiva,Indeterminado,15389.0
PAR-009060,PS-EQ-06,2024-11-24,01:00:00,3.0,Operativa,Condiciones climáticas adversas,640.0
PAR-008925,PS-EQ-05,2027-06-09,04:00:00,2.6,Operativa,Espera de insumos (reactivos/bolas de molienda),1173.0
PAR-009504,PS-EQ-07,2026-05-03,10:00:00,7.1,Preventiva,Mantenimiento programado (plan anual),9617.0
PAR-008277,PS-EQ-04,2024-06-29,14:00:00,4.7,Correctiva,Falla eléctrica - motor/tablero,7309.0
PAR-010114,PS-EQ-09,2026-01-12,19:00:00,0.6,Operativa,Falta de mineral en cancha,173.0
PAR-010371,PS-EQ-10,2025-11-14,18:00:00,1.6,Operativa,Espera de insumos (reactivos/bolas de molienda),915.0
PAR-008377,PS-EQ-04,2025-08-25,00:00:00,5.8,Preventiva,Mantenimiento programado (plan anual),9612.0
PAR-007719,PS-EQ-02,2025-04-22,03:00:00,18.7,Correctiva,Falla eléctrica - motor/tablero,38836.0
PAR-010513,PS-EQ-10,2027-11-17,10:00:00,7.3,Preventiva,Mantenimiento programado (plan anual),11650.0
PAR-007806,PS-EQ-02,2026-04-12,01:00:00,20.0,Correctiva,Falla de lubricación,42692.0
PAR-010457,PS-EQ-10,2027-03-06,08:00:00,8.9,Preventiva,Mantenimiento programado (plan anual),17388.0
PAR-009992,PS-EQ-09,2024-05-17,20:00:00,1.3,Operativa,Falta de mineral en cancha,319.0
PAR-010492,PS-EQ-10,2027-08-13,06:00:00,1.0,Operativa,Espera de insumos (reactivos/bolas de molienda),399.0
PAR-008013,PS-EQ-03,2024-05-21,15:00:00,5.9,Correctiva,Rotura de faja/correa,7620.0
PAR-010450,PS-EQ-10,2027-02-05,12:00:00,6.0,Correctiva,Indeterminado,8609.0
PAR-007992,PS-EQ-03,2024-02-23,02:00:00,14.3,Correctiva,Indeterminado,20937.0
PAR-008331,PS-EQ-04,2025-01-26,06:00:00,4.3,Preventiva,Mantenimiento programado (plan anual),4222.0
PAR-009499,PS-EQ-07,2026-04-06,05:00:00,5.5,Correctiva,Falla eléctrica - motor/tablero,11330.0
PAR-008918,PS-EQ-05,2027-05-11,12:00:00,2.5,Correctiva,Falla mecánica - desgaste de componente,4179.0
PAR-009170,PS-EQ-06,2026-02-22,00:00:00,6.1,Preventiva,Mantenimiento programado (plan anual),11164.0
PAR-009266,PS-EQ-06,2027-03-28,11:00:00,8.8,Preventiva,Mantenimiento programado (plan anual),14764.0
PAR-008874,PS-EQ-05,2026-12-10,01:00:00,20.0,Correctiva,Falla mecánica - desgaste de componente,25283.0
PAR-009948,PS-EQ-08,2027-10-25,17:00:00,3.8,Correctiva,Atoro de mineral / obstrucción,7615.0
PAR-009390,PS-EQ-07,2024-09-09,07:00:00,7.9,Preventiva,Mantenimiento programado (plan anual),16518.0
PAR-010357,PS-EQ-10,2025-09-06,08:00:00,0.8,Operativa,Espera de insumos (reactivos/bolas de molienda),195.0
PAR-008249,PS-EQ-04,2024-02-28,09:00:00,6.9,Preventiva,Mantenimiento programado (plan anual),6929.0
PAR-008392,PS-EQ-04,2025-11-03,10:00:00,6.6,Preventiva,Mantenimiento programado (plan anual),6655.0
PAR-008601,PS-EQ-05,2024-01-14,12:00:00,10.6,Correctiva,Atoro de mineral / obstrucción,17212.0
PAR-007792,PS-EQ-02,2026-02-12,17:00:00,0.9,Correctiva,Atoro de mineral / obstrucción,1434.0
PAR-007762,PS-EQ-02,2025-10-06,07:00:00,8.9,Correctiva,Rotura de faja/correa,9505.0
PAR-008063,PS-EQ-03,2025-03-18,00:00:00,6.4,Preventiva,Mantenimiento programado (plan anual),7076.0
PAR-009276,PS-EQ-06,2027-05-06,04:00:00,11.1,Correctiva,Rotura de faja/correa,23211.0
PAR-009673,PS-EQ-08,2024-08-24,07:00:00,6.1,Preventiva,Mantenimiento programado (plan anual),5385.0
PAR-007588,PS-EQ-01,2027-10-15,15:00:00,1.0,Operativa,Condiciones climáticas adversas,396.0
PAR-009585,PS-EQ-07,2027-08-23,13:00:00,7.0,Preventiva,Mantenimiento programado (plan anual),10704.0
PAR-008755,PS-EQ-05,2025-09-13,12:00:00,4.8,Correctiva,Falla eléctrica - motor/tablero,4611.0
PAR-007724,PS-EQ-02,2025-05-07,06:00:00,2.1,Correctiva,Rotura de faja/correa,2443.0
PAR-009217,PS-EQ-06,2026-08-29,19:00:00,2.0,Operativa,Espera de insumos (reactivos/bolas de molienda),644.0
PAR-008954,PS-EQ-05,2027-09-13,02:00:00,6.5,Preventiva,Mantenimiento programado (plan anual),10284.0
PAR-008768,PS-EQ-05,2025-11-15,00:00:00,6.2,Correctiva,Rotura de faja/correa,12316.0
PAR-009193,PS-EQ-06,2026-05-16,07:00:00,1.3,Operativa,Condiciones climáticas adversas,487.0
PAR-009741,PS-EQ-08,2025-06-18,02:00:00,6.3,Preventiva,Mantenimiento programado (plan anual),13245.0
PAR-007679,PS-EQ-02,2024-11-29,06:00:00,3.4,Correctiva,Rotura de faja/correa,6208.0
PAR-007557,PS-EQ-01,2027-04-30,02:00:00,6.9,Preventiva,Mantenimiento programado (plan anual),13625.0
PAR-008434,PS-EQ-04,2026-04-14,10:00:00,0.5,Correctiva,Falla mecánica - desgaste de componente,456.0
PAR-007354,PS-EQ-01,2025-02-14,04:00:00,1.1,Operativa,Corte de energía externo,239.0
PAR-007815,PS-EQ-02,2026-05-08,03:00:00,8.8,Preventiva,Mantenimiento programado (plan anual),16477.0
PAR-008658,PS-EQ-05,2024-08-05,08:00:00,7.4,Preventiva,Mantenimiento programado (plan anual),6653.0
PAR-008144,PS-EQ-03,2026-07-11,02:00:00,8.6,Preventiva,Mantenimiento programado (plan anual),17047.0
PAR-007603,PS-EQ-01,2027-12-25,01:00:00,1.3,Operativa,Corte de energía externo,400.0
PAR-010372,PS-EQ-10,2025-11-20,07:00:00,5.4,Correctiva,Rotura de faja/correa,6090.0
PAR-009476,PS-EQ-07,2026-01-19,10:00:00,10.5,Correctiva,Falla de lubricación,19662.0
PAR-008100,PS-EQ-03,2025-09-24,03:00:00,1.3,Correctiva,Falla eléctrica - motor/tablero,2089.0
PAR-010152,PS-EQ-09,2026-09-08,11:00:00,1.8,Operativa,Corte de energía externo,565.0
PAR-007320,PS-EQ-01,2024-09-19,14:00:00,7.9,Correctiva,Rotura de faja/correa,7563.0
PAR-009999,PS-EQ-09,2024-06-26,18:00:00,2.4,Operativa,Condiciones climáticas adversas,967.0
PAR-010323,PS-EQ-10,2025-03-02,12:00:00,8.5,Preventiva,Mantenimiento programado (plan anual),14213.0
PAR-010341,PS-EQ-10,2025-07-01,11:00:00,7.1,Correctiva,Atoro de mineral / obstrucción,7108.0
PAR-007383,PS-EQ-01,2025-05-31,02:00:00,4.0,Correctiva,Rotura de faja/correa,8354.0
PAR-009942,PS-EQ-08,2027-09-26,01:00:00,8.1,Preventiva,Mantenimiento programado (plan anual),13036.0
PAR-009601,PS-EQ-07,2027-11-16,06:00:00,2.5,Correctiva,Falla eléctrica - motor/tablero,3189.0
PAR-008923,PS-EQ-05,2027-05-25,00:00:00,4.8,Preventiva,Mantenimiento programado (plan anual),5869.0
PAR-010291,PS-EQ-10,2024-10-08,02:00:00,6.1,Correctiva,Falla mecánica - desgaste de componente,8692.0
PAR-010342,PS-EQ-10,2025-07-13,13:00:00,0.5,Operativa,Condiciones climáticas adversas,266.0
PAR-008286,PS-EQ-04,2024-07-29,15:00:00,4.6,Correctiva,Falla eléctrica - motor/tablero,9359.0
PAR-010495,PS-EQ-10,2027-08-27,00:00:00,1.9,Operativa,Espera de insumos (reactivos/bolas de molienda),525.0
PAR-008453,PS-EQ-04,2026-06-08,12:00:00,2.3,Operativa,Condiciones climáticas adversas,961.0
PAR-007424,PS-EQ-01,2025-12-20,12:00:00,1.0,Operativa,Condiciones climáticas adversas,431.0
PAR-010465,PS-EQ-10,2027-04-27,02:00:00,0.5,Correctiva,Falla de lubricación,967.0
PAR-007716,PS-EQ-02,2025-04-09,14:00:00,4.7,Correctiva,Rotura de faja/correa,5720.0
PAR-008773,PS-EQ-05,2025-11-29,09:00:00,3.0,Operativa,Indeterminado,790.0
PAR-010252,PS-EQ-10,2024-03-10,08:00:00,7.6,Preventiva,Mantenimiento programado (plan anual),13255.0
PAR-008088,PS-EQ-03,2025-08-09,01:00:00,2.6,Operativa,Condiciones climáticas adversas,712.0
PAR-007967,PS-EQ-02,2027-10-12,20:00:00,2.8,Operativa,Falta de mineral en cancha,831.0
PAR-009849,PS-EQ-08,2026-07-23,09:00:00,7.5,Preventiva,Mantenimiento programado (plan anual),15881.0
PAR-010216,PS-EQ-09,2027-08-31,06:00:00,4.4,Preventiva,Mantenimiento programado (plan anual),7727.0
PAR-009036,PS-EQ-06,2024-09-08,19:00:00,0.6,Operativa,Condiciones climáticas adversas,297.0
PAR-010243,PS-EQ-10,2024-01-30,12:00:00,5.5,Preventiva,Mantenimiento programado (plan anual),6787.0
PAR-009929,PS-EQ-08,2027-07-18,07:00:00,8.9,Preventiva,Indeterminado,15511.0
PAR-009441,PS-EQ-07,2025-08-05,13:00:00,1.2,Operativa,Falta de mineral en cancha,256.0
PAR-010316,PS-EQ-10,2025-01-20,06:00:00,8.2,Preventiva,Mantenimiento programado (plan anual),15984.0
PAR-008079,PS-EQ-03,2025-06-10,09:00:00,9.7,Correctiva,Atoro de mineral / obstrucción,19880.0
PAR-009078,PS-EQ-06,2025-02-03,11:00:00,1.9,Operativa,Condiciones climáticas adversas,971.0
PAR-009296,PS-EQ-06,2027-08-02,07:00:00,2.3,Correctiva,Atoro de mineral / obstrucción,3229.0
PAR-009648,PS-EQ-08,2024-05-27,03:00:00,10.1,Correctiva,Falla mecánica - desgaste de componente,15565.0
PAR-010155,PS-EQ-09,2026-09-24,17:00:00,1.3,Operativa,Corte de energía externo,309.0
PAR-009100,PS-EQ-06,2025-05-12,06:00:00,5.9,Preventiva,Mantenimiento programado (plan anual),11352.0
PAR-008927,PS-EQ-05,2027-06-12,03:00:00,9.0,Preventiva,Mantenimiento programado (plan anual),11353.0
PAR-008579,PS-EQ-04,2027-11-05,07:00:00,8.4,Preventiva,Mantenimiento programado (plan anual),6975.0
PAR-009200,PS-EQ-06,2026-06-28,06:00:00,14.3,Correctiva,Falla mecánica - desgaste de componente,19513.0
PAR-010224,PS-EQ-09,2027-10-28,12:00:00,6.4,Preventiva,Mantenimiento programado (plan anual),8669.0
PAR-008014,PS-EQ-03,2024-05-22,07:00:00,7.1,Correctiva,Atoro de mineral / obstrucción,11779.0
PAR-007430,PS-EQ-01,2025-12-31,13:00:00,1.0,Operativa,Espera de insumos (reactivos/bolas de molienda),219.0
PAR-008902,PS-EQ-05,2027-03-17,07:00:00,1.7,Operativa,Corte de energía externo,884.0
PAR-008667,PS-EQ-05,2024-09-30,03:00:00,20.0,Correctiva,Falla de lubricación,26914.0
PAR-009126,PS-EQ-06,2025-08-29,04:00:00,7.0,Correctiva,Falla eléctrica - motor/tablero,6276.0
PAR-009439,PS-EQ-07,2025-07-13,07:00:00,5.4,Preventiva,Mantenimiento programado (plan anual),5065.0
PAR-008366,PS-EQ-04,2025-07-26,01:00:00,6.4,Preventiva,Mantenimiento programado (plan anual),12952.0
PAR-010087,PS-EQ-09,2025-08-26,14:00:00,1.2,Correctiva,Falla mecánica - desgaste de componente,2464.0
PAR-007780,PS-EQ-02,2026-01-15,08:00:00,6.9,Preventiva,Mantenimiento programado (plan anual),12131.0
PAR-009303,PS-EQ-06,2027-08-12,11:00:00,8.2,Correctiva,Falla de lubricación,13719.0
PAR-009051,PS-EQ-06,2024-10-29,15:00:00,1.4,Correctiva,Rotura de faja/correa,3027.0
PAR-007577,PS-EQ-01,2027-08-19,05:00:00,1.6,Correctiva,Rotura de faja/correa,2331.0
PAR-007561,PS-EQ-01,2027-06-04,01:00:00,4.5,Preventiva,Mantenimiento programado (plan anual),6919.0
PAR-008732,PS-EQ-05,2025-05-26,00:00:00,6.3,Preventiva,Mantenimiento programado (plan anual),13556.0
PAR-007570,PS-EQ-01,2027-07-25,01:00:00,20.0,Correctiva,Falla eléctrica - motor/tablero,35975.0
PAR-008445,PS-EQ-04,2026-05-10,17:00:00,0.5,Correctiva,Falla mecánica - desgaste de componente,
PAR-010430,PS-EQ-10,2026-10-11,01:00:00,0.6,Operativa,Espera de insumos (reactivos/bolas de molienda),244.0
PAR-008873,PS-EQ-05,2026-12-07,09:00:00,2.5,Operativa,Espera de insumos (reactivos/bolas de molienda),780.0
PAR-007759,PS-EQ-02,2025-09-23,15:00:00,4.4,Preventiva,Mantenimiento programado (plan anual),9626.0
PAR-008281,PS-EQ-04,2024-07-19,06:00:00,15.5,Correctiva,Atoro de mineral / obstrucción,28670.0
PAR-010142,PS-EQ-09,2026-07-19,01:00:00,4.6,Correctiva,Falla de lubricación,8572.0
PAR-008233,PS-EQ-03,2027-11-29,09:00:00,8.2,Preventiva,Mantenimiento programado (plan anual),10877.0
PAR-009369,PS-EQ-07,2024-05-22,10:00:00,0.9,Correctiva,Rotura de faja/correa,743.0
PAR-008676,PS-EQ-05,2024-10-14,10:00:00,3.4,Correctiva,Rotura de faja/correa,6742.0
PAR-007330,PS-EQ-01,2024-10-17,10:00:00,3.5,Correctiva,Rotura de faja/correa,4157.0
PAR-010043,PS-EQ-09,2025-02-04,03:00:00,11.5,Correctiva,Falla eléctrica - motor/tablero,18315.0
PAR-007453,PS-EQ-01,2026-04-11,13:00:00,2.6,Operativa,Condiciones climáticas adversas,1332.0
PAR-010070,PS-EQ-09,2025-06-12,06:00:00,0.9,Correctiva,Falla eléctrica - motor/tablero,722.0
PAR-010044,PS-EQ-09,2025-02-06,10:00:00,1.3,Operativa,Condiciones climáticas adversas,433.0
PAR-009183,PS-EQ-06,2026-04-05,10:00:00,2.5,Operativa,Corte de energía externo,817.0
PAR-009765,PS-EQ-08,2025-09-15,22:00:00,1.0,Correctiva,Falla de lubricación,1268.0
PAR-008547,PS-EQ-04,2027-06-07,07:00:00,2.2,Operativa,Corte de energía externo,1228.0
PAR-008573,PS-EQ-04,2027-10-07,01:00:00,10.9,Correctiva,Falla de lubricación,20518.0
PAR-009815,PS-EQ-08,2026-03-09,01:00:00,20.0,Correctiva,Falla mecánica - desgaste de componente,28436.0
PAR-008961,PS-EQ-05,2027-10-24,12:00:00,7.5,Correctiva,Falla mecánica - desgaste de componente,9060.0
PAR-007851,PS-EQ-02,2026-09-17,02:00:00,20.0,Correctiva,Rotura de faja/correa,27216.0
PAR-008897,PS-EQ-05,2027-02-25,00:00:00,2.7,Operativa,Espera de insumos (reactivos/bolas de molienda),1094.0
PAR-007637,PS-EQ-02,2024-05-19,09:00:00,13.6,Correctiva,Rotura de faja/correa,26459.0
PAR-007813,PS-EQ-02,2026-05-05,18:00:00,0.6,Operativa,Espera de insumos (reactivos/bolas de molienda),220.0
PAR-009574,PS-EQ-07,2027-06-12,15:00:00,1.1,Operativa,Falta de mineral en cancha,615.0
PAR-010195,PS-EQ-09,2027-03-28,05:00:00,4.1,Preventiva,Mantenimiento programado (plan anual),5160.0
PAR-009971,PS-EQ-09,2024-01-25,12:00:00,2.2,Operativa,Indeterminado,1018.0
PAR-007288,PS-EQ-01,2024-04-02,12:00:00,7.9,Correctiva,Rotura de faja/correa,11278.0
PAR-010020,PS-EQ-09,2024-10-24,14:00:00,0.6,Correctiva,Falla mecánica - desgaste de componente,1227.0
PAR-007364,PS-EQ-01,2025-03-26,17:00:00,1.7,Correctiva,Falla de lubricación,3028.0
PAR-008749,PS-EQ-05,2025-08-19,02:00:00,6.8,Preventiva,Mantenimiento programado (plan anual),7069.0
PAR-007419,PS-EQ-01,2025-12-02,02:00:00,6.0,Correctiva,Falla de lubricación,11525.0
PAR-010194,PS-EQ-09,2027-03-26,01:00:00,2.6,Operativa,Espera de insumos (reactivos/bolas de molienda),1255.0
PAR-007955,PS-EQ-02,2027-08-21,00:00:00,3.3,Correctiva,Falla eléctrica - motor/tablero,4606.0
PAR-009557,PS-EQ-07,2027-02-20,17:00:00,1.3,Correctiva,Rotura de faja/correa,2423.0
PAR-007448,PS-EQ-01,2026-03-22,03:00:00,2.2,Correctiva,Falla eléctrica - motor/tablero,4166.0
PAR-008922,PS-EQ-05,2027-05-24,10:00:00,9.6,Correctiva,Falla eléctrica - motor/tablero,14612.0
PAR-010436,PS-EQ-10,2026-11-27,09:00:00,9.3,Correctiva,Falla de lubricación,15606.0
PAR-008722,PS-EQ-05,2025-04-24,11:00:00,6.6,Preventiva,Mantenimiento programado (plan anual),
PAR-008587,PS-EQ-04,2027-11-26,10:00:00,4.9,Preventiva,Mantenimiento programado (plan anual),10331.0
PAR-009712,PS-EQ-08,2025-02-10,06:00:00,8.6,Correctiva,Falla mecánica - desgaste de componente,14881.0
PAR-008762,PS-EQ-05,2025-10-09,12:00:00,7.5,Preventiva,Mantenimiento programado (plan anual),12439.0
PAR-009838,PS-EQ-08,2026-06-16,11:00:00,2.1,Operativa,Falta de mineral en cancha,881.0
PAR-007521,PS-EQ-01,2026-12-17,02:00:00,19.7,Correctiva,Atoro de mineral / obstrucción,16519.0
PAR-010122,PS-EQ-09,2026-03-17,16:00:00,1.0,Correctiva,Falla de lubricación,2112.0
PAR-009393,PS-EQ-07,2024-09-20,07:00:00,6.8,Correctiva,Falla eléctrica - motor/tablero,9971.0
PAR-009181,PS-EQ-06,2026-04-01,00:00:00,15.7,Correctiva,Rotura de faja/correa,30542.0
PAR-007349,PS-EQ-01,2025-02-05,13:00:00,6.8,Correctiva,Indeterminado,7538.0
PAR-009046,PS-EQ-06,2024-10-01,07:00:00,14.6,Correctiva,Falla mecánica - desgaste de componente,14620.0
PAR-008106,PS-EQ-03,2025-11-08,06:00:00,0.5,Correctiva,Falla de lubricación,920.0
PAR-008365,PS-EQ-04,2025-07-18,01:00:00,18.2,Correctiva,Falla de lubricación,35034.0
PAR-007845,PS-EQ-02,2026-08-26,15:00:00,5.7,Correctiva,Atoro de mineral / obstrucción,9308.0
PAR-009481,PS-EQ-07,2026-02-09,18:00:00,4.7,Preventiva,Mantenimiento programado (plan anual),7583.0
PAR-010244,PS-EQ-10,2024-01-31,12:00:00,1.6,Correctiva,Atoro de mineral / obstrucción,2791.0
PAR-008086,PS-EQ-03,2025-07-23,11:00:00,0.7,Operativa,Falta de mineral en cancha,398.0
PAR-010262,PS-EQ-10,2024-04-16,18:00:00,1.2,Correctiva,Atoro de mineral / obstrucción,1062.0
PAR-009901,PS-EQ-08,2027-02-28,05:00:00,7.4,Preventiva,Mantenimiento programado (plan anual),14088.0
PAR-007957,PS-EQ-02,2027-09-04,03:00:00,20.0,Correctiva,Falla de lubricación,35437.0
PAR-008325,PS-EQ-04,2025-01-18,05:00:00,5.1,Correctiva,Falla eléctrica - motor/tablero,7366.0
PAR-007528,PS-EQ-01,2027-01-22,09:00:00,11.4,Correctiva,Falla de lubricación,20468.0
PAR-009534,PS-EQ-07,2026-11-06,07:00:00,4.9,Preventiva,Mantenimiento programado (plan anual),9305.0
PAR-010275,PS-EQ-10,2024-07-13,16:00:00,2.3,Operativa,Falta de mineral en cancha,870.0
PAR-007674,PS-EQ-02,2024-11-03,06:00:00,1.7,Operativa,Espera de insumos (reactivos/bolas de molienda),978.0
PAR-007545,PS-EQ-01,2027-03-25,10:00:00,7.3,Preventiva,Mantenimiento programado (plan anual),11990.0
PAR-007995,PS-EQ-03,2024-03-08,08:00:00,5.3,Correctiva,Falla de lubricación,
PAR-009449,PS-EQ-07,2025-09-02,11:00:00,3.9,Correctiva,Atoro de mineral / obstrucción,8504.0
PAR-009465,PS-EQ-07,2025-11-24,03:00:00,2.1,Operativa,Falta de mineral en cancha,975.0
PAR-007489,PS-EQ-01,2026-08-02,17:00:00,4.7,Correctiva,Falla mecánica - desgaste de componente,7857.0
PAR-008829,PS-EQ-05,2026-06-05,01:00:00,1.7,Operativa,Falta de mineral en cancha,402.0
PAR-008861,PS-EQ-05,2026-10-20,05:00:00,0.7,Operativa,Corte de energía externo,377.0
PAR-010401,PS-EQ-10,2026-05-04,12:00:00,0.6,Operativa,Corte de energía externo,186.0
PAR-008324,PS-EQ-04,2025-01-15,12:00:00,3.0,Operativa,Corte de energía externo,918.0
PAR-008841,PS-EQ-05,2026-08-14,17:00:00,5.6,Correctiva,Falla de lubricación,11462.0
PAR-007636,PS-EQ-02,2024-05-18,08:00:00,1.5,Operativa,Corte de energía externo,411.0
PAR-008342,PS-EQ-04,2025-03-27,18:00:00,1.7,Operativa,Espera de insumos (reactivos/bolas de molienda),898.0
PAR-008127,PS-EQ-03,2026-04-12,06:00:00,5.3,Preventiva,Mantenimiento programado (plan anual),6180.0
PAR-008175,PS-EQ-03,2027-01-15,15:00:00,5.7,Preventiva,Mantenimiento programado (plan anual),10210.0
PAR-010514,PS-EQ-10,2027-11-17,18:00:00,1.3,Operativa,Falta de mineral en cancha,559.0
PAR-009392,PS-EQ-07,2024-09-14,11:00:00,1.7,Operativa,Espera de insumos (reactivos/bolas de molienda),575.0
PAR-007841,PS-EQ-02,2026-08-06,03:00:00,4.2,Preventiva,Mantenimiento programado (plan anual),7147.0
PAR-009427,PS-EQ-07,2025-05-28,12:00:00,7.3,Correctiva,Rotura de faja/correa,7947.0
PAR-010003,PS-EQ-09,2024-07-16,07:00:00,4.4,Correctiva,Rotura de faja/correa,4032.0
PAR-009179,PS-EQ-06,2026-03-29,00:00:00,2.3,Operativa,Corte de energía externo,773.0
PAR-008833,PS-EQ-05,2026-06-14,10:00:00,5.7,Preventiva,Mantenimiento programado (plan anual),12012.0
PAR-009578,PS-EQ-07,2027-07-25,06:00:00,0.6,Operativa,Espera de insumos (reactivos/bolas de molienda),154.0
PAR-009284,PS-EQ-06,2027-06-06,08:00:00,9.2,Correctiva,Falla mecánica - desgaste de componente,13642.0
PAR-010333,PS-EQ-10,2025-05-11,02:00:00,1.5,Operativa,Falta de mineral en cancha,644.0
PAR-010148,PS-EQ-09,2026-08-13,16:00:00,5.1,Preventiva,Mantenimiento programado (plan anual),10378.0
PAR-007869,PS-EQ-02,2026-11-06,03:00:00,10.5,Correctiva,Falla mecánica - desgaste de componente,8943.0
PAR-008583,PS-EQ-04,2027-11-16,03:00:00,1.7,Operativa,Espera de insumos (reactivos/bolas de molienda),451.0
PAR-007749,PS-EQ-02,2025-08-19,07:00:00,6.6,Preventiva,Mantenimiento programado (plan anual),9403.0
PAR-009210,PS-EQ-06,2026-08-09,08:00:00,9.4,Correctiva,Atoro de mineral / obstrucción,17185.0
PAR-009322,PS-EQ-06,2027-10-22,03:00:00,20.0,Correctiva,Falla eléctrica - motor/tablero,42230.0
PAR-007420,PS-EQ-01,2025-12-06,15:00:00,5.4,Preventiva,Mantenimiento programado (plan anual),8153.0
PAR-007324,PS-EQ-01,2024-09-30,07:00:00,2.6,Operativa,Falta de mineral en cancha,652.0
PAR-008634,PS-EQ-05,2024-05-10,11:00:00,1.8,Operativa,Indeterminado,666.0
PAR-010125,PS-EQ-09,2026-03-27,06:00:00,0.9,Operativa,Corte de energía externo,182.0
PAR-010040,PS-EQ-09,2025-01-16,20:00:00,2.9,Operativa,Condiciones climáticas adversas,779.0
PAR-009760,PS-EQ-08,2025-08-23,18:00:00,2.0,Operativa,Falta de mineral en cancha,792.0
PAR-009226,PS-EQ-06,2026-10-15,15:00:00,5.6,Preventiva,Mantenimiento programado (plan anual),11026.0
PAR-009564,PS-EQ-07,2027-04-08,01:00:00,6.3,Preventiva,Mantenimiento programado (plan anual),9014.0
PAR-010199,PS-EQ-09,2027-04-16,04:00:00,1.6,Operativa,Falta de mineral en cancha,728.0
PAR-010053,PS-EQ-09,2025-03-18,19:00:00,0.9,Operativa,Corte de energía externo,205.0
PAR-010362,PS-EQ-10,2025-10-05,15:00:00,6.7,Preventiva,Mantenimiento programado (plan anual),7157.0
PAR-010289,PS-EQ-10,2024-09-29,17:00:00,4.4,Preventiva,Mantenimiento programado (plan anual),9509.0
PAR-007462,PS-EQ-01,2026-05-07,02:00:00,20.0,Correctiva,Rotura de faja/correa,43765.0
PAR-008746,PS-EQ-05,2025-08-07,01:00:00,2.9,Operativa,Condiciones climáticas adversas,1595.0
PAR-007916,PS-EQ-02,2027-05-02,01:00:00,2.2,Operativa,Espera de insumos (reactivos/bolas de molienda),1162.0
PAR-007776,PS-EQ-02,2025-12-17,04:00:00,6.3,Correctiva,Falla eléctrica - motor/tablero,6428.0
PAR-008420,PS-EQ-04,2026-02-25,07:00:00,1.3,Correctiva,Atoro de mineral / obstrucción,1085.0
PAR-007709,PS-EQ-02,2025-03-16,02:00:00,3.5,Correctiva,Falla eléctrica - motor/tablero,3253.0
PAR-009134,PS-EQ-06,2025-10-11,01:00:00,9.0,Preventiva,Mantenimiento programado (plan anual),10321.0
PAR-008697,PS-EQ-05,2024-12-30,13:00:00,2.8,Correctiva,Atoro de mineral / obstrucción,6155.0
PAR-007899,PS-EQ-02,2027-03-10,00:00:00,0.8,Operativa,Espera de insumos (reactivos/bolas de molienda),262.0
PAR-009627,PS-EQ-08,2024-02-10,17:00:00,2.0,Operativa,Corte de energía externo,725.0
PAR-008880,PS-EQ-05,2027-01-07,07:00:00,6.6,Preventiva,Mantenimiento programado (plan anual),11886.0
PAR-008298,PS-EQ-04,2024-10-01,02:00:00,4.2,Correctiva,Falla eléctrica - motor/tablero,5788.0
PAR-009359,PS-EQ-07,2024-04-08,06:00:00,2.4,Operativa,Corte de energía externo,1215.0
PAR-008957,PS-EQ-05,2027-10-06,13:00:00,5.4,Preventiva,Mantenimiento programado (plan anual),11779.0
PAR-007479,PS-EQ-01,2026-07-04,14:00:00,1.6,Operativa,Condiciones climáticas adversas,
PAR-009278,PS-EQ-06,2027-05-12,19:00:00,0.5,Correctiva,Falla de lubricación,411.0
PAR-009261,PS-EQ-06,2027-02-15,07:00:00,2.2,Operativa,Falta de mineral en cancha,475.0
PAR-008406,PS-EQ-04,2025-12-27,00:00:00,20.0,Correctiva,Rotura de faja/correa,35868.0
PAR-008607,PS-EQ-05,2024-02-09,12:00:00,8.3,Preventiva,Mantenimiento programado (plan anual),17178.0
PAR-008300,PS-EQ-04,2024-10-08,18:00:00,1.2,Correctiva,Atoro de mineral / obstrucción,1345.0
PAR-008633,PS-EQ-05,2024-05-09,00:00:00,2.8,Operativa,Condiciones climáticas adversas,1630.0
PAR-008267,PS-EQ-04,2024-05-07,02:00:00,10.0,Correctiva,Falla mecánica - desgaste de componente,10501.0
PAR-008907,PS-EQ-05,2027-04-08,06:00:00,4.5,Preventiva,Indeterminado,4443.0
PAR-008320,PS-EQ-04,2024-12-29,07:00:00,2.6,Operativa,Espera de insumos (reactivos/bolas de molienda),924.0
PAR-007993,PS-EQ-03,2024-03-04,02:00:00,1.0,Operativa,Condiciones climáticas adversas,294.0
PAR-007275,PS-EQ-01,2024-02-20,10:00:00,1.2,Correctiva,Rotura de faja/correa,1238.0
PAR-008452,PS-EQ-04,2026-06-08,08:00:00,4.8,Preventiva,Mantenimiento programado (plan anual),9316.0
PAR-007676,PS-EQ-02,2024-11-14,01:00:00,6.8,Correctiva,Falla mecánica - desgaste de componente,13566.0
PAR-009874,PS-EQ-08,2026-11-23,00:00:00,20.0,Correctiva,Indeterminado,39511.0
PAR-007372,PS-EQ-01,2025-04-28,04:00:00,4.5,Preventiva,Mantenimiento programado (plan anual),8222.0
PAR-010178,PS-EQ-09,2027-01-05,04:00:00,0.6,Operativa,Corte de energía externo,172.0
PAR-007503,PS-EQ-01,2026-10-24,00:00:00,3.0,Correctiva,Rotura de faja/correa,3333.0
PAR-009311,PS-EQ-06,2027-09-12,05:00:00,7.7,Preventiva,Mantenimiento programado (plan anual),10795.0
PAR-010265,PS-EQ-10,2024-05-07,02:00:00,2.3,Operativa,Falta de mineral en cancha,604.0
PAR-009685,PS-EQ-08,2024-10-22,02:00:00,1.6,Operativa,Espera de insumos (reactivos/bolas de molienda),323.0
PAR-009185,PS-EQ-06,2026-04-16,06:00:00,6.0,Correctiva,Falla eléctrica - motor/tablero,6301.0
PAR-007529,PS-EQ-01,2027-01-24,14:00:00,1.6,Correctiva,Falla de lubricación,3465.0
PAR-010012,PS-EQ-09,2024-09-09,15:00:00,4.6,Preventiva,Mantenimiento programado (plan anual),3726.0
PAR-008496,PS-EQ-04,2026-12-07,07:00:00,0.6,Operativa,Espera de insumos (reactivos/bolas de molienda),269.0
PAR-007525,PS-EQ-01,2027-01-09,06:00:00,11.6,Correctiva,Atoro de mineral / obstrucción,22877.0
PAR-010131,PS-EQ-09,2026-04-30,18:00:00,4.2,Correctiva,Rotura de faja/correa,5392.0
PAR-007625,PS-EQ-02,2024-04-12,16:00:00,3.6,Correctiva,Rotura de faja/correa,3403.0
PAR-010389,PS-EQ-10,2026-02-17,01:00:00,10.1,Correctiva,Falla de lubricación,14750.0
PAR-009422,PS-EQ-07,2025-04-22,19:00:00,1.8,Operativa,Falta de mineral en cancha,645.0
PAR-007606,PS-EQ-02,2024-01-07,03:00:00,15.4,Correctiva,Falla mecánica - desgaste de componente,30223.0
PAR-009426,PS-EQ-07,2025-05-22,07:00:00,1.4,Operativa,Indeterminado,352.0
PAR-010227,PS-EQ-09,2027-11-20,11:00:00,8.8,Preventiva,Mantenimiento programado (plan anual),15892.0
PAR-008711,PS-EQ-05,2025-02-23,06:00:00,8.1,Correctiva,Falla de lubricación,17561.0
PAR-009956,PS-EQ-08,2027-11-18,12:00:00,8.9,Preventiva,Mantenimiento programado (plan anual),9729.0
PAR-008528,PS-EQ-04,2027-04-02,11:00:00,0.5,Correctiva,Falla de lubricación,540.0
PAR-010405,PS-EQ-10,2026-05-23,14:00:00,2.4,Operativa,Corte de energía externo,923.0
PAR-007805,PS-EQ-02,2026-04-10,14:00:00,2.3,Correctiva,Falla de lubricación,2864.0
PAR-008716,PS-EQ-05,2025-03-18,00:00:00,5.7,Correctiva,Falla mecánica - desgaste de componente,11307.0
PAR-008656,PS-EQ-05,2024-08-03,05:00:00,15.9,Correctiva,Atoro de mineral / obstrucción,27556.0
PAR-008022,PS-EQ-03,2024-07-22,03:00:00,5.3,Preventiva,Mantenimiento programado (plan anual),8797.0
PAR-007478,PS-EQ-01,2026-07-01,00:00:00,2.7,Operativa,Falta de mineral en cancha,1061.0
PAR-007882,PS-EQ-02,2026-12-13,14:00:00,2.5,Correctiva,Indeterminado,3034.0
PAR-009623,PS-EQ-08,2024-01-30,02:00:00,0.6,Correctiva,Falla mecánica - desgaste de componente,1288.0
PAR-008611,PS-EQ-05,2024-02-29,02:00:00,0.5,Correctiva,Falla de lubricación,917.0
PAR-009742,PS-EQ-08,2025-06-19,05:00:00,5.8,Correctiva,Atoro de mineral / obstrucción,10037.0
PAR-009404,PS-EQ-07,2025-01-04,12:00:00,1.1,Operativa,Corte de energía externo,503.0
PAR-009632,PS-EQ-08,2024-03-12,14:00:00,4.4,Preventiva,Mantenimiento programado (plan anual),4694.0
PAR-009119,PS-EQ-06,2025-08-05,16:00:00,6.5,Correctiva,Rotura de faja/correa,9587.0
PAR-008853,PS-EQ-05,2026-09-09,11:00:00,10.2,Correctiva,Falla de lubricación,20614.0
PAR-010353,PS-EQ-10,2025-08-26,02:00:00,4.3,Preventiva,Mantenimiento programado (plan anual),5684.0
PAR-009722,PS-EQ-08,2025-03-29,01:00:00,0.7,Operativa,Espera de insumos (reactivos/bolas de molienda),387.0
PAR-009378,PS-EQ-07,2024-07-22,06:00:00,9.0,Correctiva,Falla mecánica - desgaste de componente,12539.0
PAR-008730,PS-EQ-05,2025-05-18,01:00:00,13.1,Correctiva,Falla mecánica - desgaste de componente,25854.0
PAR-010210,PS-EQ-09,2027-07-04,08:00:00,1.1,Operativa,Espera de insumos (reactivos/bolas de molienda),278.0
PAR-009639,PS-EQ-08,2024-03-31,01:00:00,6.3,Preventiva,Mantenimiento programado (plan anual),10447.0
PAR-007463,PS-EQ-01,2026-05-12,14:00:00,5.4,Preventiva,Mantenimiento programado (plan anual),7652.0
PAR-008055,PS-EQ-03,2025-02-02,04:00:00,3.2,Correctiva,Atoro de mineral / obstrucción,2784.0
PAR-007979,PS-EQ-02,2027-12-03,00:00:00,2.2,Correctiva,Falla eléctrica - motor/tablero,3812.0
PAR-009966,PS-EQ-08,2027-12-26,13:00:00,4.7,Preventiva,Mantenimiento programado (plan anual),4885.0
PAR-009828,PS-EQ-08,2026-04-29,06:00:00,3.0,Operativa,Condiciones climáticas adversas,617.0
PAR-008600,PS-EQ-05,2024-01-10,04:00:00,0.5,Correctiva,Rotura de faja/correa,432.0
PAR-010238,PS-EQ-10,2024-01-13,04:00:00,1.2,Correctiva,Falla mecánica - desgaste de componente,1397.0
PAR-007398,PS-EQ-01,2025-08-30,16:00:00,4.4,Preventiva,Mantenimiento programado (plan anual),7183.0
PAR-008256,PS-EQ-04,2024-03-21,04:00:00,7.9,Preventiva,Mantenimiento programado (plan anual),7696.0
PAR-008066,PS-EQ-03,2025-03-27,16:00:00,2.7,Operativa,Condiciones climáticas adversas,811.0
PAR-009174,PS-EQ-06,2026-03-09,09:00:00,2.2,Correctiva,Rotura de faja/correa,3221.0
PAR-008675,PS-EQ-05,2024-10-13,11:00:00,0.5,Operativa,Condiciones climáticas adversas,173.0
PAR-008924,PS-EQ-05,2027-05-29,15:00:00,1.3,Operativa,Falta de mineral en cancha,765.0
PAR-009613,PS-EQ-08,2024-01-04,02:00:00,0.6,Operativa,Condiciones climáticas adversas,148.0
PAR-008938,PS-EQ-05,2027-07-27,13:00:00,7.1,Preventiva,Indeterminado,8636.0
PAR-009389,PS-EQ-07,2024-09-06,16:00:00,1.6,Operativa,Condiciones climáticas adversas,598.0
PAR-008115,PS-EQ-03,2025-12-26,21:00:00,1.9,Operativa,Espera de insumos (reactivos/bolas de molienda),667.0
PAR-007579,PS-EQ-01,2027-08-29,09:00:00,13.9,Correctiva,Falla mecánica - desgaste de componente,19660.0
PAR-009768,PS-EQ-08,2025-10-04,15:00:00,6.8,Preventiva,Mantenimiento programado (plan anual),
PAR-007836,PS-EQ-02,2026-07-22,00:00:00,15.6,Correctiva,Atoro de mineral / obstrucción,16064.0
PAR-009988,PS-EQ-09,2024-05-01,08:00:00,4.9,Correctiva,Falla eléctrica - motor/tablero,8718.0
PAR-007491,PS-EQ-01,2026-08-09,00:00:00,3.9,Correctiva,Atoro de mineral / obstrucción,6367.0
PAR-007277,PS-EQ-01,2024-02-27,04:00:00,8.8,Preventiva,Mantenimiento programado (plan anual),19073.0
PAR-008822,PS-EQ-05,2026-05-24,20:00:00,2.4,Operativa,Corte de energía externo,
PAR-008647,PS-EQ-05,2024-07-01,05:00:00,2.4,Correctiva,Atoro de mineral / obstrucción,2656.0
PAR-010411,PS-EQ-10,2026-06-18,02:00:00,5.5,Preventiva,Mantenimiento programado (plan anual),10085.0
PAR-009038,PS-EQ-06,2024-09-10,02:00:00,5.9,Correctiva,Falla de lubricación,7432.0
PAR-009234,PS-EQ-06,2026-11-11,00:00:00,19.9,Correctiva,Rotura de faja/correa,28064.0
PAR-008462,PS-EQ-04,2026-07-17,20:00:00,1.7,Correctiva,Falla mecánica - desgaste de componente,3131.0
PAR-009725,PS-EQ-08,2025-04-19,20:00:00,2.5,Operativa,Condiciones climáticas adversas,524.0
PAR-009804,PS-EQ-08,2026-01-31,13:00:00,4.3,Preventiva,Mantenimiento programado (plan anual),7514.0
PAR-009799,PS-EQ-08,2026-01-16,20:00:00,2.2,Operativa,Espera de insumos (reactivos/bolas de molienda),1146.0
PAR-008475,PS-EQ-04,2026-09-16,13:00:00,0.5,Correctiva,Atoro de mineral / obstrucción,513.0
PAR-008827,PS-EQ-05,2026-05-30,09:00:00,2.4,Operativa,Espera de insumos (reactivos/bolas de molienda),977.0
PAR-009472,PS-EQ-07,2026-01-08,16:00:00,6.7,Preventiva,Mantenimiento programado (plan anual),7129.0
PAR-009827,PS-EQ-08,2026-04-24,00:00:00,5.3,Preventiva,Mantenimiento programado (plan anual),10623.0
PAR-010383,PS-EQ-10,2026-01-26,05:00:00,4.3,Correctiva,Falla de lubricación,4593.0
PAR-007427,PS-EQ-01,2025-12-23,15:00:00,5.6,Preventiva,Mantenimiento programado (plan anual),4778.0
PAR-008645,PS-EQ-05,2024-06-28,07:00:00,7.1,Preventiva,Mantenimiento programado (plan anual),9218.0
PAR-010064,PS-EQ-09,2025-05-15,09:00:00,13.1,Correctiva,Rotura de faja/correa,17235.0
PAR-007863,PS-EQ-02,2026-10-13,10:00:00,7.3,Preventiva,Mantenimiento programado (plan anual),10036.0
PAR-009486,PS-EQ-07,2026-02-24,02:00:00,4.8,Preventiva,Mantenimiento programado (plan anual),5676.0
PAR-009862,PS-EQ-08,2026-09-19,03:00:00,6.8,Preventiva,Mantenimiento programado (plan anual),6060.0
PAR-010202,PS-EQ-09,2027-05-13,03:00:00,0.6,Operativa,Falta de mineral en cancha,262.0
PAR-007425,PS-EQ-01,2025-12-21,01:00:00,0.6,Operativa,Condiciones climáticas adversas,282.0
PAR-009515,PS-EQ-07,2026-07-17,10:00:00,1.4,Operativa,Corte de energía externo,771.0
PAR-008766,PS-EQ-05,2025-10-28,09:00:00,10.2,Correctiva,Falla eléctrica - motor/tablero,17666.0
PAR-009324,PS-EQ-06,2027-11-07,07:00:00,0.6,Correctiva,Falla de lubricación,1293.0
PAR-007347,PS-EQ-01,2025-01-20,02:00:00,0.5,Correctiva,Indeterminado,868.0
PAR-008575,PS-EQ-04,2027-10-17,04:00:00,7.3,Preventiva,Mantenimiento programado (plan anual),10700.0
PAR-007307,PS-EQ-01,2024-07-11,02:00:00,7.4,Correctiva,Rotura de faja/correa,16169.0
PAR-009315,PS-EQ-06,2027-10-02,17:00:00,0.5,Operativa,Corte de energía externo,207.0
PAR-008937,PS-EQ-05,2027-07-22,20:00:00,2.9,Correctiva,Falla mecánica - desgaste de componente,3166.0
PAR-009167,PS-EQ-06,2026-02-08,03:00:00,13.0,Correctiva,Falla eléctrica - motor/tablero,21072.0
PAR-009851,PS-EQ-08,2026-07-29,09:00:00,8.7,Correctiva,Rotura de faja/correa,13436.0
PAR-007750,PS-EQ-02,2025-08-19,00:00:00,4.2,Correctiva,Falla eléctrica - motor/tablero,5749.0
PAR-007443,PS-EQ-01,2026-03-04,10:00:00,1.0,Correctiva,Falla mecánica - desgaste de componente,1023.0
PAR-010254,PS-EQ-10,2024-03-13,01:00:00,15.7,Correctiva,Falla eléctrica - motor/tablero,34142.0
PAR-009191,PS-EQ-06,2026-05-13,04:00:00,7.1,Preventiva,Mantenimiento programado (plan anual),9192.0
PAR-007688,PS-EQ-02,2025-01-05,15:00:00,1.3,Operativa,Corte de energía externo,604.0
PAR-007394,PS-EQ-01,2025-08-02,05:00:00,16.4,Correctiva,Rotura de faja/correa,32943.0
PAR-008499,PS-EQ-04,2026-12-20,01:00:00,8.9,Preventiva,Mantenimiento programado (plan anual),8941.0
PAR-008828,PS-EQ-05,2026-06-04,04:00:00,11.7,Correctiva,Atoro de mineral / obstrucción,19154.0
PAR-009307,PS-EQ-06,2027-08-29,16:00:00,2.5,Operativa,Espera de insumos (reactivos/bolas de molienda),904.0
PAR-008811,PS-EQ-05,2026-04-22,07:00:00,6.5,Correctiva,Atoro de mineral / obstrucción,9278.0
PAR-007886,PS-EQ-02,2026-12-22,13:00:00,8.7,Preventiva,Mantenimiento programado (plan anual),17509.0
PAR-007278,PS-EQ-01,2024-02-29,18:00:00,2.1,Operativa,Espera de insumos (reactivos/bolas de molienda),886.0
PAR-008834,PS-EQ-05,2026-07-03,07:00:00,9.0,Preventiva,Mantenimiento programado (plan anual),18714.0
PAR-008154,PS-EQ-03,2026-09-22,16:00:00,6.5,Preventiva,Mantenimiento programado (plan anual),10647.0
PAR-008804,PS-EQ-05,2026-03-28,09:00:00,1.1,Operativa,Condiciones climáticas adversas,358.0
PAR-007857,PS-EQ-02,2026-10-02,11:00:00,10.9,Correctiva,Indeterminado,21956.0
PAR-008330,PS-EQ-04,2025-01-24,16:00:00,3.3,Correctiva,Falla eléctrica - motor/tablero,5643.0
PAR-010277,PS-EQ-10,2024-07-18,10:00:00,3.5,Correctiva,Rotura de faja/correa,4829.0
PAR-008846,PS-EQ-05,2026-08-22,15:00:00,7.7,Correctiva,Falla eléctrica - motor/tablero,11670.0
PAR-007616,PS-EQ-02,2024-02-21,02:00:00,6.3,Preventiva,Mantenimiento programado (plan anual),
PAR-009522,PS-EQ-07,2026-08-20,06:00:00,8.6,Preventiva,Mantenimiento programado (plan anual),18084.0
PAR-010351,PS-EQ-10,2025-08-07,01:00:00,8.8,Preventiva,Mantenimiento programado (plan anual),11747.0
PAR-009733,PS-EQ-08,2025-05-13,06:00:00,0.5,Correctiva,Atoro de mineral / obstrucción,416.0
PAR-008994,PS-EQ-06,2024-04-19,04:00:00,6.9,Preventiva,Mantenimiento programado (plan anual),5774.0
PAR-007311,PS-EQ-01,2024-07-24,11:00:00,7.4,Preventiva,Mantenimiento programado (plan anual),6142.0
PAR-009011,PS-EQ-06,2024-06-03,00:00:00,7.5,Preventiva,Mantenimiento programado (plan anual),
PAR-009995,PS-EQ-09,2024-05-27,01:00:00,2.6,Operativa,Condiciones climáticas adversas,1173.0
PAR-010247,PS-EQ-10,2024-02-15,17:00:00,1.6,Operativa,Corte de energía externo,785.0
PAR-007906,PS-EQ-02,2027-04-02,14:00:00,8.4,Correctiva,Falla mecánica - desgaste de componente,
PAR-009141,PS-EQ-06,2025-10-31,18:00:00,4.4,Correctiva,Indeterminado,6124.0
PAR-007351,PS-EQ-01,2025-02-08,00:00:00,20.0,Correctiva,Falla de lubricación,40944.0
PAR-007358,PS-EQ-01,2025-03-08,16:00:00,2.1,Operativa,Corte de energía externo,943.0
PAR-009337,PS-EQ-06,2027-12-30,09:00:00,3.3,Correctiva,Atoro de mineral / obstrucción,6014.0
PAR-009272,PS-EQ-06,2027-04-17,13:00:00,4.5,Correctiva,Falla eléctrica - motor/tablero,8677.0
PAR-010374,PS-EQ-10,2025-11-25,02:00:00,8.0,Preventiva,Mantenimiento programado (plan anual),11511.0
PAR-008810,PS-EQ-05,2026-04-20,02:00:00,1.0,Correctiva,Falla de lubricación,1340.0
PAR-010217,PS-EQ-09,2027-09-01,02:00:00,2.2,Operativa,Espera de insumos (reactivos/bolas de molienda),
PAR-008067,PS-EQ-03,2025-04-01,08:00:00,6.8,Preventiva,Indeterminado,7668.0
PAR-008390,PS-EQ-04,2025-10-30,00:00:00,20.0,Correctiva,Falla de lubricación,27230.0
PAR-008774,PS-EQ-05,2025-12-04,08:00:00,2.7,Operativa,Condiciones climáticas adversas,
PAR-010213,PS-EQ-09,2027-07-28,06:00:00,16.1,Correctiva,Falla de lubricación,25433.0
PAR-007410,PS-EQ-01,2025-10-23,13:00:00,1.6,Operativa,Corte de energía externo,538.0
PAR-010013,PS-EQ-09,2024-09-17,00:00:00,6.8,Correctiva,Falla mecánica - desgaste de componente,7446.0
PAR-010366,PS-EQ-10,2025-10-23,04:00:00,4.2,Correctiva,Falla eléctrica - motor/tablero,3629.0
PAR-008378,PS-EQ-04,2025-08-27,01:00:00,16.0,Correctiva,Rotura de faja/correa,18962.0
PAR-009636,PS-EQ-08,2024-03-21,03:00:00,1.6,Correctiva,Falla eléctrica - motor/tablero,3139.0
PAR-008852,PS-EQ-05,2026-09-06,15:00:00,0.6,Correctiva,Falla eléctrica - motor/tablero,1151.0
PAR-008109,PS-EQ-03,2025-12-02,10:00:00,2.4,Correctiva,Falla mecánica - desgaste de componente,2830.0
PAR-010303,PS-EQ-10,2024-11-17,00:00:00,7.6,Correctiva,Falla de lubricación,12947.0
PAR-008984,PS-EQ-06,2024-02-24,13:00:00,5.4,Preventiva,Mantenimiento programado (plan anual),8033.0
PAR-009856,PS-EQ-08,2026-08-10,00:00:00,8.4,Preventiva,Mantenimiento programado (plan anual),10424.0
PAR-008282,PS-EQ-04,2024-07-21,12:00:00,3.4,Correctiva,Falla eléctrica - motor/tablero,4611.0
PAR-007844,PS-EQ-02,2026-08-21,12:00:00,0.5,Operativa,Espera de insumos (reactivos/bolas de molienda),124.0
PAR-008809,PS-EQ-05,2026-04-16,11:00:00,2.1,Operativa,Espera de insumos (reactivos/bolas de molienda),585.0
PAR-009563,PS-EQ-07,2027-04-06,19:00:00,0.9,Operativa,Indeterminado,496.0
PAR-007469,PS-EQ-01,2026-05-30,02:00:00,16.7,Correctiva,Falla de lubricación,19447.0
PAR-008767,PS-EQ-05,2025-11-09,15:00:00,4.7,Preventiva,Mantenimiento programado (plan anual),9029.0
PAR-010376,PS-EQ-10,2025-12-11,03:00:00,6.3,Preventiva,Mantenimiento programado (plan anual),11073.0
PAR-008543,PS-EQ-04,2027-05-24,02:00:00,20.0,Correctiva,Falla eléctrica - motor/tablero,30138.0
PAR-008728,PS-EQ-05,2025-05-15,13:00:00,4.3,Correctiva,Falla eléctrica - motor/tablero,6999.0
PAR-010141,PS-EQ-09,2026-07-03,03:00:00,4.1,Preventiva,Mantenimiento programado (plan anual),8338.0
PAR-008654,PS-EQ-05,2024-07-30,12:00:00,4.2,Correctiva,Rotura de faja/correa,5701.0
PAR-009092,PS-EQ-06,2025-03-26,11:00:00,8.1,Correctiva,Atoro de mineral / obstrucción,12944.0
PAR-010510,PS-EQ-10,2027-11-09,13:00:00,7.3,Correctiva,Rotura de faja/correa,6682.0
PAR-008883,PS-EQ-05,2027-01-12,13:00:00,0.5,Correctiva,Atoro de mineral / obstrucción,720.0
PAR-008556,PS-EQ-04,2027-07-12,04:00:00,7.2,Preventiva,Mantenimiento programado (plan anual),6763.0
PAR-007306,PS-EQ-01,2024-07-06,14:00:00,1.8,Operativa,Condiciones climáticas adversas,684.0
PAR-007594,PS-EQ-01,2027-11-15,09:00:00,8.0,Correctiva,Falla eléctrica - motor/tablero,10275.0
PAR-007891,PS-EQ-02,2027-01-12,08:00:00,8.4,Preventiva,Mantenimiento programado (plan anual),7790.0
PAR-009480,PS-EQ-07,2026-01-27,20:00:00,1.9,Correctiva,Falla eléctrica - motor/tablero,4153.0
PAR-007486,PS-EQ-01,2026-07-24,02:00:00,18.4,Correctiva,Atoro de mineral / obstrucción,35309.0
PAR-008118,PS-EQ-03,2025-12-31,10:00:00,6.5,Preventiva,Mantenimiento programado (plan anual),12099.0
PAR-009063,PS-EQ-06,2024-12-19,02:00:00,20.0,Correctiva,Falla eléctrica - motor/tablero,20318.0
PAR-009440,PS-EQ-07,2025-08-05,05:00:00,4.6,Preventiva,Mantenimiento programado (plan anual),8199.0
PAR-010235,PS-EQ-09,2027-12-28,15:00:00,2.9,Correctiva,Rotura de faja/correa,3875.0
PAR-009482,PS-EQ-07,2026-02-09,10:00:00,0.5,Correctiva,Falla mecánica - desgaste de componente,966.0
PAR-007541,PS-EQ-01,2027-03-07,06:00:00,12.3,Correctiva,Atoro de mineral / obstrucción,13573.0
PAR-008844,PS-EQ-05,2026-08-19,14:00:00,2.8,Operativa,Espera de insumos (reactivos/bolas de molienda),674.0
PAR-010253,PS-EQ-10,2024-03-10,14:00:00,2.9,Operativa,Espera de insumos (reactivos/bolas de molienda),1289.0
PAR-010236,PS-EQ-09,2027-12-31,12:00:00,2.8,Correctiva,Falla eléctrica - motor/tablero,5643.0
PAR-007732,PS-EQ-02,2025-05-31,16:00:00,0.8,Correctiva,Falla eléctrica - motor/tablero,1508.0
PAR-009617,PS-EQ-08,2024-01-11,02:00:00,12.4,Correctiva,Falla mecánica - desgaste de componente,13717.0
PAR-010177,PS-EQ-09,2027-01-02,15:00:00,2.1,Operativa,Falta de mineral en cancha,1180.0
PAR-007855,PS-EQ-02,2026-09-28,00:00:00,2.9,Operativa,Condiciones climáticas adversas,981.0
PAR-008003,PS-EQ-03,2024-04-14,13:00:00,5.5,Preventiva,Mantenimiento programado (plan anual),9791.0
PAR-009124,PS-EQ-06,2025-08-22,11:00:00,7.9,Preventiva,Mantenimiento programado (plan anual),15974.0
PAR-007718,PS-EQ-02,2025-04-19,03:00:00,15.2,Correctiva,Falla mecánica - desgaste de componente,27132.0
PAR-009331,PS-EQ-06,2027-11-28,16:00:00,5.1,Preventiva,Mantenimiento programado (plan anual),4535.0
PAR-008065,PS-EQ-03,2025-03-25,01:00:00,2.0,Operativa,Espera de insumos (reactivos/bolas de molienda),1119.0
PAR-007305,PS-EQ-01,2024-07-05,17:00:00,5.4,Preventiva,Mantenimiento programado (plan anual),6244.0
PAR-008135,PS-EQ-03,2026-05-22,00:00:00,6.4,Correctiva,Atoro de mineral / obstrucción,9587.0
PAR-009347,PS-EQ-07,2024-02-04,05:00:00,1.4,Correctiva,Rotura de faja/correa,2579.0
PAR-007596,PS-EQ-01,2027-12-02,05:00:00,5.2,Preventiva,Mantenimiento programado (plan anual),4563.0
PAR-009177,PS-EQ-06,2026-03-14,09:00:00,1.2,Correctiva,Falla mecánica - desgaste de componente,2022.0
PAR-007753,PS-EQ-02,2025-09-06,09:00:00,0.8,Operativa,Corte de energía externo,229.0
PAR-009128,PS-EQ-06,2025-09-06,12:00:00,7.8,Preventiva,Mantenimiento programado (plan anual),11981.0
PAR-010298,PS-EQ-10,2024-11-10,03:00:00,3.9,Correctiva,Falla de lubricación,6875.0
PAR-008757,PS-EQ-05,2025-09-17,09:00:00,0.5,Correctiva,Atoro de mineral / obstrucción,
PAR-007773,PS-EQ-02,2025-11-27,06:00:00,0.7,Operativa,Condiciones climáticas adversas,353.0
PAR-008314,PS-EQ-04,2024-11-29,14:00:00,5.1,Correctiva,Atoro de mineral / obstrucción,11072.0
PAR-009882,PS-EQ-08,2026-12-22,11:00:00,1.3,Operativa,Falta de mineral en cancha,488.0
PAR-009434,PS-EQ-07,2025-06-29,14:00:00,2.6,Correctiva,Atoro de mineral / obstrucción,3491.0
PAR-008163,PS-EQ-03,2026-11-11,07:00:00,2.9,Correctiva,Falla de lubricación,3015.0
PAR-008537,PS-EQ-04,2027-04-23,12:00:00,7.0,Preventiva,Mantenimiento programado (plan anual),12115.0
PAR-009314,PS-EQ-06,2027-09-28,10:00:00,0.5,Correctiva,Falla mecánica - desgaste de componente,436.0
PAR-008323,PS-EQ-04,2025-01-09,01:00:00,6.3,Correctiva,Atoro de mineral / obstrucción,11420.0
PAR-008761,PS-EQ-05,2025-10-07,02:00:00,1.0,Operativa,Espera de insumos (reactivos/bolas de molienda),236.0
PAR-008563,PS-EQ-04,2027-08-31,00:00:00,2.5,Correctiva,Rotura de faja/correa,2560.0
PAR-008977,PS-EQ-06,2024-01-01,10:00:00,2.0,Correctiva,Indeterminado,1829.0
PAR-008229,PS-EQ-03,2027-11-08,11:00:00,6.4,Preventiva,Indeterminado,13689.0
PAR-010375,PS-EQ-10,2025-11-26,05:00:00,2.4,Correctiva,Falla eléctrica - motor/tablero,5235.0
PAR-007846,PS-EQ-02,2026-08-31,07:00:00,2.8,Correctiva,Atoro de mineral / obstrucción,5365.0
PAR-009569,PS-EQ-07,2027-05-22,05:00:00,1.6,Operativa,Corte de energía externo,
PAR-008959,PS-EQ-05,2027-10-13,02:00:00,12.0,Correctiva,Falla de lubricación,16478.0
PAR-009109,PS-EQ-06,2025-06-29,12:00:00,0.5,Correctiva,Atoro de mineral / obstrucción,564.0
PAR-007611,PS-EQ-02,2024-01-29,01:00:00,3.1,Correctiva,Falla eléctrica - motor/tablero,5045.0
PAR-010304,PS-EQ-10,2024-11-26,06:00:00,4.7,Preventiva,Mantenimiento programado (plan anual),6732.0
PAR-007466,PS-EQ-01,2026-05-23,12:00:00,6.2,Correctiva,Falla eléctrica - motor/tablero,9571.0
PAR-008455,PS-EQ-04,2026-06-11,20:00:00,2.5,Correctiva,Rotura de faja/correa,2380.0
PAR-008661,PS-EQ-05,2024-08-23,07:00:00,9.2,Correctiva,Falla de lubricación,17167.0
PAR-009749,PS-EQ-08,2025-07-02,05:00:00,2.4,Operativa,Condiciones climáticas adversas,747.0
PAR-007849,PS-EQ-02,2026-09-11,01:00:00,19.8,Correctiva,Atoro de mineral / obstrucción,42975.0
PAR-007885,PS-EQ-02,2026-12-21,07:00:00,2.6,Correctiva,Atoro de mineral / obstrucción,4860.0
PAR-009115,PS-EQ-06,2025-07-25,18:00:00,2.4,Correctiva,Indeterminado,3567.0
PAR-010111,PS-EQ-09,2026-01-01,12:00:00,1.0,Correctiva,Falla eléctrica - motor/tablero,1231.0
PAR-007348,PS-EQ-01,2025-01-21,16:00:00,4.1,Correctiva,Falla eléctrica - motor/tablero,3596.0
PAR-008588,PS-EQ-04,2027-11-26,06:00:00,0.6,Operativa,Corte de energía externo,157.0
PAR-008541,PS-EQ-04,2027-05-11,08:00:00,5.8,Preventiva,Mantenimiento programado (plan anual),10513.0
PAR-007384,PS-EQ-01,2025-06-13,16:00:00,6.2,Preventiva,Mantenimiento programado (plan anual),5659.0
PAR-010108,PS-EQ-09,2025-12-06,13:00:00,4.0,Preventiva,Mantenimiento programado (plan anual),6267.0
PAR-009211,PS-EQ-06,2026-08-12,14:00:00,7.6,Correctiva,Falla de lubricación,8830.0
PAR-009792,PS-EQ-08,2025-12-27,15:00:00,7.5,Correctiva,Atoro de mineral / obstrucción,10339.0
PAR-009762,PS-EQ-08,2025-09-11,18:00:00,1.5,Correctiva,Falla de lubricación,1400.0
PAR-007426,PS-EQ-01,2025-12-21,01:00:00,10.7,Correctiva,Rotura de faja/correa,15665.0
PAR-007697,PS-EQ-02,2025-01-25,02:00:00,2.6,Operativa,Corte de energía externo,1366.0
PAR-009779,PS-EQ-08,2025-11-19,18:00:00,1.0,Operativa,Espera de insumos (reactivos/bolas de molienda),207.0
PAR-009071,PS-EQ-06,2025-01-15,01:00:00,1.1,Operativa,Condiciones climáticas adversas,507.0
PAR-009573,PS-EQ-07,2027-06-06,02:00:00,9.9,Correctiva,Falla de lubricación,13951.0
PAR-008353,PS-EQ-04,2025-04-26,13:00:00,2.9,Correctiva,Falla mecánica - desgaste de componente,5797.0
PAR-010068,PS-EQ-09,2025-05-28,17:00:00,0.8,Operativa,Indeterminado,400.0
PAR-007590,PS-EQ-01,2027-10-24,10:00:00,8.7,Preventiva,Mantenimiento programado (plan anual),16741.0
PAR-009420,PS-EQ-07,2025-04-11,01:00:00,7.9,Preventiva,Mantenimiento programado (plan anual),15286.0
PAR-007465,PS-EQ-01,2026-05-20,00:00:00,3.5,Correctiva,Indeterminado,4566.0
PAR-010026,PS-EQ-09,2024-11-24,20:00:00,2.0,Correctiva,Falla eléctrica - motor/tablero,4190.0
PAR-007944,PS-EQ-02,2027-07-13,09:00:00,6.1,Preventiva,Mantenimiento programado (plan anual),12496.0
PAR-007873,PS-EQ-02,2026-11-11,01:00:00,1.9,Correctiva,Falla mecánica - desgaste de componente,2816.0
PAR-008230,PS-EQ-03,2027-11-13,19:00:00,1.7,Operativa,Condiciones climáticas adversas,441.0
PAR-008706,PS-EQ-05,2025-01-24,00:00:00,11.4,Correctiva,Falla mecánica - desgaste de componente,11099.0
PAR-008837,PS-EQ-05,2026-07-26,01:00:00,20.0,Correctiva,Falla mecánica - desgaste de componente,26808.0
PAR-010399,PS-EQ-10,2026-04-25,18:00:00,1.2,Operativa,Falta de mineral en cancha,334.0
PAR-007472,PS-EQ-01,2026-06-09,05:00:00,6.9,Correctiva,Atoro de mineral / obstrucción,10010.0
PAR-009192,PS-EQ-06,2026-05-15,02:00:00,15.2,Correctiva,Rotura de faja/correa,22963.0
PAR-010425,PS-EQ-10,2026-09-25,07:00:00,0.6,Operativa,Corte de energía externo,319.0
PAR-010159,PS-EQ-09,2026-10-09,02:00:00,20.0,Correctiva,Falla eléctrica - motor/tablero,16571.0
PAR-009530,PS-EQ-07,2026-10-11,20:00:00,2.2,Operativa,Espera de insumos (reactivos/bolas de molienda),1149.0
PAR-008397,PS-EQ-04,2025-11-21,00:00:00,8.2,Correctiva,Falla mecánica - desgaste de componente,11387.0
PAR-009130,PS-EQ-06,2025-09-15,08:00:00,7.0,Correctiva,Rotura de faja/correa,15294.0
PAR-010234,PS-EQ-09,2027-12-27,06:00:00,0.5,Correctiva,Rotura de faja/correa,968.0
PAR-009621,PS-EQ-08,2024-01-24,03:00:00,2.4,Operativa,Espera de insumos (reactivos/bolas de molienda),1040.0
PAR-009248,PS-EQ-06,2026-12-17,11:00:00,2.6,Operativa,Corte de energía externo,586.0
PAR-009224,PS-EQ-06,2026-10-04,16:00:00,4.2,Correctiva,Falla eléctrica - motor/tablero,7010.0
PAR-009546,PS-EQ-07,2027-01-08,04:00:00,2.1,Correctiva,Falla de lubricación,1712.0
PAR-010355,PS-EQ-10,2025-09-01,06:00:00,1.5,Operativa,Condiciones climáticas adversas,577.0
PAR-007786,PS-EQ-02,2026-02-01,02:00:00,7.5,Preventiva,Mantenimiento programado (plan anual),7359.0
PAR-007392,PS-EQ-01,2025-07-23,07:00:00,2.2,Operativa,Corte de energía externo,1098.0
PAR-008332,PS-EQ-04,2025-01-27,00:00:00,19.0,Correctiva,Rotura de faja/correa,33666.0
PAR-010205,PS-EQ-09,2027-05-30,15:00:00,2.5,Correctiva,Falla mecánica - desgaste de componente,3892.0
PAR-007820,PS-EQ-02,2026-05-23,03:00:00,7.1,Preventiva,Mantenimiento programado (plan anual),8271.0
PAR-008618,PS-EQ-05,2024-03-19,06:00:00,5.1,Preventiva,Mantenimiento programado (plan anual),4450.0
PAR-008333,PS-EQ-04,2025-02-06,19:00:00,2.2,Correctiva,Indeterminado,3391.0
PAR-007920,PS-EQ-02,2027-05-05,01:00:00,1.5,Operativa,Condiciones climáticas adversas,581.0
PAR-007276,PS-EQ-01,2024-02-24,03:00:00,20.0,Correctiva,Falla eléctrica - motor/tablero,37945.0
PAR-008438,PS-EQ-04,2026-04-25,06:00:00,5.1,Correctiva,Falla de lubricación,6104.0
PAR-008123,PS-EQ-03,2026-02-28,06:00:00,5.7,Preventiva,Mantenimiento programado (plan anual),9510.0
PAR-008670,PS-EQ-05,2024-10-05,06:00:00,14.9,Correctiva,Falla de lubricación,22357.0
PAR-009458,PS-EQ-07,2025-10-01,03:00:00,6.3,Correctiva,Falla de lubricación,7649.0
PAR-008901,PS-EQ-05,2027-03-17,05:00:00,8.7,Preventiva,Mantenimiento programado (plan anual),17880.0
PAR-008185,PS-EQ-03,2027-03-14,16:00:00,3.4,Correctiva,Falla de lubricación,4815.0
PAR-008885,PS-EQ-05,2027-01-16,16:00:00,2.2,Correctiva,Rotura de faja/correa,1984.0
PAR-008444,PS-EQ-04,2026-05-08,03:00:00,19.0,Correctiva,Falla mecánica - desgaste de componente,20896.0
PAR-010331,PS-EQ-10,2025-04-25,07:00:00,6.6,Preventiva,Mantenimiento programado (plan anual),6060.0
PAR-007704,PS-EQ-02,2025-02-13,13:00:00,8.8,Preventiva,Mantenimiento programado (plan anual),15950.0
PAR-007943,PS-EQ-02,2027-07-12,02:00:00,10.1,Correctiva,Rotura de faja/correa,12226.0
PAR-009954,PS-EQ-08,2027-11-05,08:00:00,1.8,Operativa,Condiciones climáticas adversas,964.0
PAR-010370,PS-EQ-10,2025-11-06,17:00:00,0.8,Correctiva,Atoro de mineral / obstrucción,789.0
PAR-008433,PS-EQ-04,2026-04-12,10:00:00,1.7,Operativa,Corte de energía externo,753.0
PAR-008221,PS-EQ-03,2027-10-07,08:00:00,4.7,Correctiva,Falla eléctrica - motor/tablero,9202.0
PAR-010509,PS-EQ-10,2027-11-06,01:00:00,2.7,Operativa,Condiciones climáticas adversas,594.0
PAR-008806,PS-EQ-05,2026-04-01,05:00:00,11.3,Correctiva,Rotura de faja/correa,20584.0
PAR-009165,PS-EQ-06,2026-02-03,13:00:00,2.8,Operativa,Condiciones climáticas adversas,709.0
PAR-008426,PS-EQ-04,2026-03-23,03:00:00,16.3,Correctiva,Falla eléctrica - motor/tablero,14911.0
PAR-007332,PS-EQ-01,2024-10-31,06:00:00,8.8,Preventiva,Mantenimiento programado (plan anual),14469.0
PAR-009727,PS-EQ-08,2025-04-29,15:00:00,2.6,Operativa,Corte de energía externo,
PAR-009764,PS-EQ-08,2025-09-15,02:00:00,8.1,Preventiva,Mantenimiento programado (plan anual),14503.0
PAR-008856,PS-EQ-05,2026-09-23,06:00:00,16.8,Correctiva,Atoro de mineral / obstrucción,28611.0
PAR-007499,PS-EQ-01,2026-09-27,07:00:00,3.9,Correctiva,Falla mecánica - desgaste de componente,8441.0
PAR-007397,PS-EQ-01,2025-08-26,06:00:00,3.3,Correctiva,Falla mecánica - desgaste de componente,2681.0
PAR-010462,PS-EQ-10,2027-04-17,21:00:00,0.8,Operativa,Condiciones climáticas adversas,376.0
PAR-008441,PS-EQ-04,2026-04-29,20:00:00,2.3,Operativa,Condiciones climáticas adversas,1157.0
PAR-008788,PS-EQ-05,2026-01-16,20:00:00,1.1,Operativa,Condiciones climáticas adversas,421.0
PAR-009755,PS-EQ-08,2025-07-19,16:00:00,6.2,Correctiva,Rotura de faja/correa,6107.0
PAR-008294,PS-EQ-04,2024-09-16,08:00:00,1.5,Operativa,Espera de insumos (reactivos/bolas de molienda),404.0
PAR-007550,PS-EQ-01,2027-04-05,07:00:00,1.2,Operativa,Corte de energía externo,504.0
PAR-007665,PS-EQ-02,2024-09-24,03:00:00,4.9,Correctiva,Falla eléctrica - motor/tablero,7753.0
PAR-009280,PS-EQ-06,2027-05-19,17:00:00,1.1,Operativa,Corte de energía externo,378.0
PAR-008107,PS-EQ-03,2025-11-17,04:00:00,5.8,Preventiva,Mantenimiento programado (plan anual),10813.0
PAR-010220,PS-EQ-09,2027-09-25,12:00:00,1.4,Operativa,Condiciones climáticas adversas,828.0
PAR-009536,PS-EQ-07,2026-11-17,05:00:00,1.0,Correctiva,Falla mecánica - desgaste de componente,1024.0
PAR-009421,PS-EQ-07,2025-04-13,10:00:00,0.7,Correctiva,Falla mecánica - desgaste de componente,
PAR-007823,PS-EQ-02,2026-06-04,12:00:00,9.2,Correctiva,Rotura de faja/correa,16939.0
PAR-009052,PS-EQ-06,2024-10-30,02:00:00,7.6,Preventiva,Mantenimiento programado (plan anual),15148.0
PAR-007393,PS-EQ-01,2025-07-24,00:00:00,4.2,Preventiva,Mantenimiento programado (plan anual),3549.0
PAR-008080,PS-EQ-03,2025-06-11,01:00:00,7.6,Preventiva,Mantenimiento programado (plan anual),15439.0
PAR-007705,PS-EQ-02,2025-02-28,14:00:00,7.4,Preventiva,Mantenimiento programado (plan anual),11068.0
PAR-010120,PS-EQ-09,2026-03-06,15:00:00,2.8,Correctiva,Falla mecánica - desgaste de componente,4446.0
PAR-010395,PS-EQ-10,2026-03-31,10:00:00,2.6,Operativa,Falta de mineral en cancha,1173.0
PAR-007659,PS-EQ-02,2024-08-14,14:00:00,2.7,Correctiva,Atoro de mineral / obstrucción,4811.0
PAR-008454,PS-EQ-04,2026-06-09,02:00:00,2.6,Operativa,Falta de mineral en cancha,1500.0
PAR-007492,PS-EQ-01,2026-08-18,11:00:00,1.2,Operativa,Condiciones climáticas adversas,256.0
PAR-008679,PS-EQ-05,2024-10-29,11:00:00,7.1,Preventiva,Mantenimiento programado (plan anual),6483.0
PAR-008391,PS-EQ-04,2025-11-01,01:00:00,1.7,Operativa,Espera de insumos (reactivos/bolas de molienda),483.0
PAR-009869,PS-EQ-08,2026-10-28,02:00:00,20.0,Correctiva,Falla de lubricación,19303.0
PAR-008078,PS-EQ-03,2025-06-08,08:00:00,2.6,Operativa,Espera de insumos (reactivos/bolas de molienda),
PAR-008011,PS-EQ-03,2024-05-20,02:00:00,1.8,Operativa,Corte de energía externo,599.0
PAR-009438,PS-EQ-07,2025-07-08,07:00:00,1.7,Operativa,Espera de insumos (reactivos/bolas de molienda),512.0
PAR-007488,PS-EQ-01,2026-07-29,12:00:00,6.9,Correctiva,Atoro de mineral / obstrucción,
PAR-010225,PS-EQ-09,2027-11-06,05:00:00,2.5,Correctiva,Falla de lubricación,4539.0
PAR-009610,PS-EQ-07,2027-12-25,12:00:00,5.8,Correctiva,Indeterminado,9816.0
PAR-008419,PS-EQ-04,2026-02-24,12:00:00,6.0,Correctiva,Falla mecánica - desgaste de componente,6864.0
PAR-010189,PS-EQ-09,2027-02-28,05:00:00,1.6,Operativa,Corte de energía externo,584.0
PAR-008483,PS-EQ-04,2026-10-29,05:00:00,8.3,Correctiva,Falla mecánica - desgaste de componente,15873.0
PAR-008886,PS-EQ-05,2027-01-20,19:00:00,2.9,Operativa,Corte de energía externo,851.0
PAR-007853,PS-EQ-02,2026-09-24,15:00:00,2.4,Correctiva,Falla de lubricación,3951.0
PAR-008062,PS-EQ-03,2025-03-06,09:00:00,1.1,Correctiva,Indeterminado,2260.0
PAR-008914,PS-EQ-05,2027-04-25,09:00:00,5.2,Correctiva,Falla eléctrica - motor/tablero,4545.0
PAR-007490,PS-EQ-01,2026-08-09,07:00:00,8.7,Preventiva,Mantenimiento programado (plan anual),12966.0
PAR-010479,PS-EQ-10,2027-06-21,13:00:00,0.6,Operativa,Espera de insumos (reactivos/bolas de molienda),225.0
PAR-008235,PS-EQ-03,2027-12-11,17:00:00,1.6,Correctiva,Falla de lubricación,2260.0
PAR-007684,PS-EQ-02,2024-12-25,09:00:00,2.6,Operativa,Corte de energía externo,1221.0
PAR-008625,PS-EQ-05,2024-04-13,16:00:00,2.2,Operativa,Corte de energía externo,779.0
PAR-008782,PS-EQ-05,2026-01-02,19:00:00,2.5,Correctiva,Atoro de mineral / obstrucción,3186.0
PAR-007508,PS-EQ-01,2026-11-13,09:00:00,7.3,Preventiva,Mantenimiento programado (plan anual),13234.0
PAR-008701,PS-EQ-05,2025-01-08,01:00:00,16.9,Correctiva,Falla de lubricación,36152.0
PAR-010102,PS-EQ-09,2025-10-13,20:00:00,1.0,Correctiva,Atoro de mineral / obstrucción,1484.0
PAR-010134,PS-EQ-09,2026-05-16,00:00:00,7.9,Correctiva,Atoro de mineral / obstrucción,15238.0
PAR-007559,PS-EQ-01,2027-05-19,10:00:00,5.6,Preventiva,Mantenimiento programado (plan anual),8473.0
PAR-009912,PS-EQ-08,2027-04-13,13:00:00,1.6,Operativa,Falta de mineral en cancha,411.0
PAR-008520,PS-EQ-04,2027-03-06,04:00:00,3.5,Correctiva,Atoro de mineral / obstrucción,4098.0
PAR-010221,PS-EQ-09,2027-10-06,10:00:00,7.5,Preventiva,Mantenimiento programado (plan anual),11726.0
PAR-007730,PS-EQ-02,2025-05-20,03:00:00,1.9,Correctiva,Indeterminado,2644.0
PAR-007299,PS-EQ-01,2024-06-01,16:00:00,2.3,Operativa,Falta de mineral en cancha,563.0
PAR-010269,PS-EQ-10,2024-06-08,06:00:00,6.2,Preventiva,Mantenimiento programado (plan anual),9348.0
PAR-010066,PS-EQ-09,2025-05-17,13:00:00,6.8,Correctiva,Rotura de faja/correa,7116.0
PAR-009921,PS-EQ-08,2027-06-10,11:00:00,1.7,Correctiva,Falla de lubricación,3507.0
PAR-007756,PS-EQ-02,2025-09-20,07:00:00,8.1,Correctiva,Atoro de mineral / obstrucción,15935.0
PAR-010105,PS-EQ-09,2025-11-13,02:00:00,6.2,Correctiva,Falla de lubricación,9230.0
PAR-007318,PS-EQ-01,2024-09-01,07:00:00,14.6,Correctiva,Falla eléctrica - motor/tablero,14755.0
PAR-009135,PS-EQ-06,2025-10-19,07:00:00,2.9,Correctiva,Rotura de faja/correa,5136.0
PAR-009611,PS-EQ-07,2027-12-26,06:00:00,15.2,Correctiva,Falla eléctrica - motor/tablero,15133.0
PAR-007510,PS-EQ-01,2026-11-14,14:00:00,1.4,Operativa,Falta de mineral en cancha,780.0
PAR-008504,PS-EQ-04,2026-12-31,17:00:00,1.1,Operativa,Espera de insumos (reactivos/bolas de molienda),485.0
PAR-008262,PS-EQ-04,2024-04-13,18:00:00,4.7,Preventiva,Mantenimiento programado (plan anual),4146.0
PAR-009644,PS-EQ-08,2024-05-08,14:00:00,1.6,Operativa,Espera de insumos (reactivos/bolas de molienda),709.0
PAR-008472,PS-EQ-04,2026-09-05,01:00:00,2.6,Operativa,Indeterminado,925.0
PAR-009615,PS-EQ-08,2024-01-08,02:00:00,13.5,Correctiva,Rotura de faja/correa,12768.0
PAR-008161,PS-EQ-03,2026-10-29,00:00:00,5.9,Preventiva,Indeterminado,6013.0
PAR-007942,PS-EQ-02,2027-07-08,04:00:00,1.9,Operativa,Espera de insumos (reactivos/bolas de molienda),601.0
PAR-010144,PS-EQ-09,2026-07-24,00:00:00,4.2,Preventiva,Mantenimiento programado (plan anual),5809.0
PAR-008929,PS-EQ-05,2027-06-20,10:00:00,7.1,Correctiva,Falla de lubricación,9403.0
PAR-010246,PS-EQ-10,2024-02-12,05:00:00,7.1,Correctiva,Indeterminado,6174.0
PAR-008096,PS-EQ-03,2025-09-05,22:00:00,0.5,Correctiva,Atoro de mineral / obstrucción,1082.0
PAR-007437,PS-EQ-01,2026-01-28,03:00:00,8.2,Correctiva,Falla mecánica - desgaste de componente,17097.0
PAR-007707,PS-EQ-02,2025-03-05,09:00:00,3.0,Operativa,Corte de energía externo,1393.0
PAR-009655,PS-EQ-08,2024-06-15,00:00:00,20.0,Correctiva,Atoro de mineral / obstrucción,17195.0
PAR-007609,PS-EQ-02,2024-01-19,08:00:00,0.9,Operativa,Espera de insumos (reactivos/bolas de molienda),347.0
PAR-009657,PS-EQ-08,2024-06-25,18:00:00,2.6,Operativa,Espera de insumos (reactivos/bolas de molienda),1287.0
PAR-007768,PS-EQ-02,2025-11-05,09:00:00,2.7,Operativa,Condiciones climáticas adversas,1392.0
PAR-010335,PS-EQ-10,2025-05-27,10:00:00,5.7,Preventiva,Mantenimiento programado (plan anual),6081.0
PAR-007834,PS-EQ-02,2026-07-19,08:00:00,1.0,Operativa,Corte de energía externo,553.0
PAR-009672,PS-EQ-08,2024-08-18,10:00:00,4.0,Correctiva,Falla eléctrica - motor/tablero,3972.0
PAR-007496,PS-EQ-01,2026-09-01,14:00:00,2.7,Operativa,Falta de mineral en cancha,665.0
PAR-008322,PS-EQ-04,2025-01-06,08:00:00,8.0,Preventiva,Mantenimiento programado (plan anual),13493.0
PAR-008720,PS-EQ-05,2025-04-07,16:00:00,0.8,Correctiva,Falla eléctrica - motor/tablero,1575.0
PAR-010447,PS-EQ-10,2027-01-29,18:00:00,1.5,Operativa,Corte de energía externo,878.0
PAR-008789,PS-EQ-05,2026-01-19,03:00:00,4.5,Correctiva,Falla mecánica - desgaste de componente,8702.0
PAR-008486,PS-EQ-04,2026-11-04,07:00:00,12.5,Correctiva,Indeterminado,20048.0
PAR-008506,PS-EQ-04,2027-01-03,14:00:00,8.7,Preventiva,Indeterminado,18877.0
PAR-009163,PS-EQ-06,2026-01-30,09:00:00,7.5,Preventiva,Mantenimiento programado (plan anual),13696.0
PAR-009018,PS-EQ-06,2024-07-04,12:00:00,2.6,Operativa,Falta de mineral en cancha,1473.0
PAR-007455,PS-EQ-01,2026-04-14,10:00:00,1.7,Operativa,Corte de energía externo,897.0
PAR-008049,PS-EQ-03,2025-01-14,11:00:00,1.4,Operativa,Corte de energía externo,463.0
PAR-010229,PS-EQ-09,2027-12-05,16:00:00,0.6,Operativa,Condiciones climáticas adversas,128.0
PAR-008905,PS-EQ-05,2027-04-02,09:00:00,9.6,Correctiva,Falla eléctrica - motor/tablero,14044.0
PAR-009187,PS-EQ-06,2026-04-20,09:00:00,8.4,Preventiva,Mantenimiento programado (plan anual),9277.0
PAR-008481,PS-EQ-04,2026-10-24,19:00:00,1.6,Operativa,Espera de insumos (reactivos/bolas de molienda),766.0
PAR-009718,PS-EQ-08,2025-03-12,03:00:00,6.5,Preventiva,Mantenimiento programado (plan anual),5593.0
PAR-008769,PS-EQ-05,2025-11-22,09:00:00,1.3,Correctiva,Atoro de mineral / obstrucción,1846.0
PAR-009090,PS-EQ-06,2025-03-22,16:00:00,2.8,Operativa,Condiciones climáticas adversas,1211.0
PAR-008855,PS-EQ-05,2026-09-23,01:00:00,7.3,Preventiva,Mantenimiento programado (plan anual),8407.0
PAR-009576,PS-EQ-07,2027-07-08,01:00:00,1.8,Correctiva,Atoro de mineral / obstrucción,2909.0
PAR-009952,PS-EQ-08,2027-11-02,12:00:00,7.1,Correctiva,Atoro de mineral / obstrucción,7751.0
PAR-008182,PS-EQ-03,2027-03-06,15:00:00,7.3,Correctiva,Falla eléctrica - motor/tablero,9924.0
PAR-009149,PS-EQ-06,2025-12-13,13:00:00,4.0,Correctiva,Atoro de mineral / obstrucción,
PAR-009558,PS-EQ-07,2027-02-27,00:00:00,7.9,Preventiva,Mantenimiento programado (plan anual),10579.0
PAR-007400,PS-EQ-01,2025-10-02,00:00:00,7.4,Correctiva,Falla de lubricación,11798.0
PAR-007476,PS-EQ-01,2026-06-22,18:00:00,4.6,Correctiva,Falla eléctrica - motor/tablero,7805.0
PAR-009184,PS-EQ-06,2026-04-15,03:00:00,1.4,Operativa,Falta de mineral en cancha,481.0
PAR-008602,PS-EQ-05,2024-01-15,13:00:00,0.6,Operativa,Espera de insumos (reactivos/bolas de molienda),132.0
PAR-010109,PS-EQ-09,2025-12-26,11:00:00,4.8,Preventiva,Mantenimiento programado (plan anual),9298.0
PAR-008617,PS-EQ-05,2024-03-18,14:00:00,5.0,Correctiva,Falla de lubricación,7576.0
PAR-008227,PS-EQ-03,2027-11-03,21:00:00,1.0,Operativa,Corte de energía externo,267.0
PAR-008297,PS-EQ-04,2024-09-28,03:00:00,18.2,Correctiva,Falla eléctrica - motor/tablero,23961.0
PAR-008191,PS-EQ-03,2027-04-23,21:00:00,0.9,Operativa,Espera de insumos (reactivos/bolas de molienda),538.0
PAR-009160,PS-EQ-06,2026-01-23,07:00:00,8.7,Correctiva,Falla mecánica - desgaste de componente,9536.0
PAR-010516,PS-EQ-10,2027-11-18,13:00:00,1.8,Operativa,Indeterminado,957.0
PAR-008639,PS-EQ-05,2024-05-31,01:00:00,11.2,Correctiva,Rotura de faja/correa,23396.0
PAR-009358,PS-EQ-07,2024-03-29,13:00:00,7.3,Preventiva,Mantenimiento programado (plan anual),7240.0
PAR-009748,PS-EQ-08,2025-06-30,15:00:00,0.5,Correctiva,Falla mecánica - desgaste de componente,558.0
PAR-010328,PS-EQ-10,2025-03-26,02:00:00,0.5,Operativa,Falta de mineral en cancha,180.0
PAR-007549,PS-EQ-01,2027-04-02,17:00:00,1.4,Operativa,Falta de mineral en cancha,640.0
PAR-009964,PS-EQ-08,2027-12-18,04:00:00,3.1,Correctiva,Falla de lubricación,6281.0
PAR-008039,PS-EQ-03,2024-11-06,13:00:00,2.4,Correctiva,Falla de lubricación,5160.0
PAR-008595,PS-EQ-04,2027-12-16,03:00:00,16.9,Correctiva,Rotura de faja/correa,14124.0
PAR-007963,PS-EQ-02,2027-09-18,05:00:00,2.4,Operativa,Condiciones climáticas adversas,792.0
PAR-009797,PS-EQ-08,2026-01-13,03:00:00,13.1,Correctiva,Rotura de faja/correa,16297.0
PAR-007817,PS-EQ-02,2026-05-12,03:00:00,2.3,Operativa,Falta de mineral en cancha,904.0
PAR-008892,PS-EQ-05,2027-02-06,03:00:00,19.2,Correctiva,Falla eléctrica - motor/tablero,17730.0
PAR-008130,PS-EQ-03,2026-04-27,04:00:00,2.2,Operativa,Falta de mineral en cancha,1126.0
PAR-008514,PS-EQ-04,2027-02-12,04:00:00,5.8,Preventiva,Mantenimiento programado (plan anual),12299.0
PAR-008866,PS-EQ-05,2026-11-07,05:00:00,6.7,Correctiva,Indeterminado,9247.0
PAR-007867,PS-EQ-02,2026-10-29,05:00:00,5.8,Preventiva,Mantenimiento programado (plan anual),10056.0
PAR-008500,PS-EQ-04,2026-12-21,10:00:00,3.0,Operativa,Espera de insumos (reactivos/bolas de molienda),867.0
PAR-009506,PS-EQ-07,2026-05-19,05:00:00,8.0,Preventiva,Mantenimiento programado (plan anual),14850.0
PAR-009879,PS-EQ-08,2026-12-09,00:00:00,4.4,Preventiva,Mantenimiento programado (plan anual),5632.0
PAR-010211,PS-EQ-09,2027-07-16,16:00:00,5.9,Preventiva,Mantenimiento programado (plan anual),7983.0
PAR-008516,PS-EQ-04,2027-02-28,01:00:00,2.9,Operativa,Falta de mineral en cancha,1413.0
PAR-007598,PS-EQ-01,2027-12-05,02:00:00,3.3,Correctiva,Rotura de faja/correa,7217.0
PAR-010297,PS-EQ-10,2024-11-07,21:00:00,1.3,Operativa,Indeterminado,559.0
PAR-010378,PS-EQ-10,2025-12-30,01:00:00,8.8,Preventiva,Mantenimiento programado (plan anual),15973.0
PAR-008702,PS-EQ-05,2025-01-15,06:00:00,17.0,Correctiva,Falla de lubricación,34918.0
PAR-007613,PS-EQ-02,2024-02-07,22:00:00,0.5,Correctiva,Atoro de mineral / obstrucción,446.0
PAR-009340,PS-EQ-07,2024-01-19,11:00:00,5.1,Preventiva,Indeterminado,4817.0
PAR-008731,PS-EQ-05,2025-05-19,17:00:00,1.1,Correctiva,Falla eléctrica - motor/tablero,966.0
PAR-010483,PS-EQ-10,2027-07-19,02:00:00,1.7,Operativa,Corte de energía externo,971.0
PAR-009852,PS-EQ-08,2026-07-30,12:00:00,4.1,Correctiva,Rotura de faja/correa,7804.0
PAR-009796,PS-EQ-08,2026-01-08,02:00:00,2.9,Operativa,Corte de energía externo,1607.0
PAR-008357,PS-EQ-04,2025-05-11,05:00:00,5.0,Preventiva,Mantenimiento programado (plan anual),5670.0
PAR-008275,PS-EQ-04,2024-06-22,04:00:00,0.5,Correctiva,Atoro de mineral / obstrucción,615.0
PAR-009702,PS-EQ-08,2024-12-29,01:00:00,8.9,Preventiva,Mantenimiento programado (plan anual),7147.0
PAR-009286,PS-EQ-06,2027-06-18,07:00:00,15.5,Correctiva,Atoro de mineral / obstrucción,16791.0
PAR-008592,PS-EQ-04,2027-12-11,07:00:00,5.6,Preventiva,Mantenimiento programado (plan anual),6111.0
PAR-009598,PS-EQ-07,2027-11-06,11:00:00,0.9,Operativa,Falta de mineral en cancha,201.0
PAR-009041,PS-EQ-06,2024-09-16,03:00:00,20.0,Correctiva,Atoro de mineral / obstrucción,39887.0
PAR-007498,PS-EQ-01,2026-09-22,06:00:00,8.1,Preventiva,Mantenimiento programado (plan anual),16541.0
PAR-007883,PS-EQ-02,2026-12-19,01:00:00,2.7,Operativa,Condiciones climáticas adversas,989.0
PAR-009600,PS-EQ-07,2027-11-13,01:00:00,5.6,Preventiva,Mantenimiento programado (plan anual),10650.0
PAR-008252,PS-EQ-04,2024-03-08,02:00:00,18.6,Correctiva,Rotura de faja/correa,17905.0
PAR-009005,PS-EQ-06,2024-05-21,15:00:00,1.9,Operativa,Espera de insumos (reactivos/bolas de molienda),787.0
PAR-007840,PS-EQ-02,2026-08-01,10:00:00,3.7,Correctiva,Rotura de faja/correa,5338.0
PAR-007801,PS-EQ-02,2026-03-26,07:00:00,2.2,Correctiva,Atoro de mineral / obstrucción,2389.0
PAR-009550,PS-EQ-07,2027-01-26,03:00:00,2.1,Operativa,Espera de insumos (reactivos/bolas de molienda),1078.0
PAR-008205,PS-EQ-03,2027-06-28,11:00:00,1.4,Correctiva,Rotura de faja/correa,1298.0
PAR-008962,PS-EQ-05,2027-10-28,04:00:00,4.6,Preventiva,Mantenimiento programado (plan anual),9126.0
PAR-008396,PS-EQ-04,2025-11-20,01:00:00,2.7,Operativa,Espera de insumos (reactivos/bolas de molienda),961.0
PAR-008290,PS-EQ-04,2024-09-03,06:00:00,7.8,Preventiva,Indeterminado,16261.0
PAR-008808,PS-EQ-05,2026-04-07,02:00:00,8.6,Preventiva,Mantenimiento programado (plan anual),11336.0
PAR-009618,PS-EQ-08,2024-01-12,06:00:00,1.1,Operativa,Espera de insumos (reactivos/bolas de molienda),482.0
PAR-010097,PS-EQ-09,2025-09-29,13:00:00,2.1,Operativa,Condiciones climáticas adversas,730.0
PAR-009915,PS-EQ-08,2027-05-22,12:00:00,2.3,Operativa,Condiciones climáticas adversas,965.0
PAR-010482,PS-EQ-10,2027-07-10,09:00:00,5.0,Preventiva,Mantenimiento programado (plan anual),4170.0
PAR-010382,PS-EQ-10,2026-01-24,19:00:00,2.8,Correctiva,Falla mecánica - desgaste de componente,5988.0
PAR-009087,PS-EQ-06,2025-03-13,00:00:00,0.5,Correctiva,Falla eléctrica - motor/tablero,691.0
PAR-009250,PS-EQ-06,2026-12-27,12:00:00,4.5,Preventiva,Mantenimiento programado (plan anual),6230.0
PAR-008912,PS-EQ-05,2027-04-23,06:00:00,5.4,Preventiva,Mantenimiento programado (plan anual),10182.0
PAR-009904,PS-EQ-08,2027-03-20,05:00:00,7.0,Preventiva,Mantenimiento programado (plan anual),12522.0
PAR-009605,PS-EQ-07,2027-12-05,02:00:00,8.6,Preventiva,Mantenimiento programado (plan anual),9183.0
PAR-009579,PS-EQ-07,2027-07-31,20:00:00,1.0,Correctiva,Rotura de faja/correa,1463.0
PAR-007654,PS-EQ-02,2024-07-28,13:00:00,4.2,Preventiva,Mantenimiento programado (plan anual),4730.0
PAR-008016,PS-EQ-03,2024-05-25,20:00:00,2.5,Operativa,Espera de insumos (reactivos/bolas de molienda),1401.0
PAR-009080,PS-EQ-06,2025-02-16,16:00:00,1.5,Operativa,Condiciones climáticas adversas,319.0
PAR-009780,PS-EQ-08,2025-11-21,10:00:00,4.0,Correctiva,Falla eléctrica - motor/tablero,7574.0
PAR-008721,PS-EQ-05,2025-04-20,06:00:00,0.5,Correctiva,Atoro de mineral / obstrucción,442.0
PAR-008183,PS-EQ-03,2027-03-11,20:00:00,2.6,Correctiva,Falla mecánica - desgaste de componente,5065.0
PAR-007764,PS-EQ-02,2025-10-17,04:00:00,5.7,Correctiva,Falla mecánica - desgaste de componente,12414.0
PAR-009274,PS-EQ-06,2027-04-30,05:00:00,1.7,Correctiva,Falla de lubricación,3673.0
PAR-007431,PS-EQ-01,2025-12-31,00:00:00,20.0,Correctiva,Rotura de faja/correa,31212.0
PAR-009214,PS-EQ-06,2026-08-21,01:00:00,3.0,Operativa,Falta de mineral en cancha,1642.0
PAR-007411,PS-EQ-01,2025-10-24,09:00:00,9.0,Correctiva,Atoro de mineral / obstrucción,14667.0
PAR-009993,PS-EQ-09,2024-05-23,00:00:00,8.5,Preventiva,Mantenimiento programado (plan anual),18020.0
PAR-008591,PS-EQ-04,2027-12-05,03:00:00,2.6,Operativa,Corte de energía externo,1536.0
PAR-009168,PS-EQ-06,2026-02-09,00:00:00,10.7,Correctiva,Atoro de mineral / obstrucción,18343.0
PAR-007414,PS-EQ-01,2025-11-05,13:00:00,1.1,Operativa,Espera de insumos (reactivos/bolas de molienda),363.0
PAR-009704,PS-EQ-08,2025-01-04,01:00:00,2.7,Operativa,Corte de energía externo,1190.0
PAR-008025,PS-EQ-03,2024-08-11,09:00:00,8.0,Preventiva,Mantenimiento programado (plan anual),10474.0
PAR-007770,PS-EQ-02,2025-11-11,20:00:00,2.9,Operativa,Espera de insumos (reactivos/bolas de molienda),1141.0
PAR-009565,PS-EQ-07,2027-04-26,06:00:00,6.1,Preventiva,Mantenimiento programado (plan anual),9874.0
PAR-007287,PS-EQ-01,2024-03-31,06:00:00,3.5,Correctiva,Falla mecánica - desgaste de componente,3628.0
PAR-009356,PS-EQ-07,2024-03-14,00:00:00,4.0,Correctiva,Falla eléctrica - motor/tablero,4639.0
PAR-007263,PS-EQ-01,2024-01-04,00:00:00,20.0,Correctiva,Atoro de mineral / obstrucción,16523.0
PAR-007445,PS-EQ-01,2026-03-10,09:00:00,8.5,Correctiva,Atoro de mineral / obstrucción,8499.0
PAR-008010,PS-EQ-03,2024-05-16,09:00:00,2.3,Operativa,Corte de energía externo,786.0
PAR-007362,PS-EQ-01,2025-03-22,15:00:00,1.5,Operativa,Indeterminado,850.0
PAR-010494,PS-EQ-10,2027-08-19,12:00:00,0.5,Correctiva,Indeterminado,653.0
PAR-010138,PS-EQ-09,2026-06-14,05:00:00,1.6,Operativa,Condiciones climáticas adversas,874.0
PAR-009789,PS-EQ-08,2025-12-21,07:00:00,2.3,Correctiva,Atoro de mineral / obstrucción,3063.0
PAR-010050,PS-EQ-09,2025-03-07,19:00:00,1.0,Operativa,Corte de energía externo,357.0
PAR-008659,PS-EQ-05,2024-08-16,14:00:00,1.4,Correctiva,Falla eléctrica - motor/tablero,1376.0
PAR-008478,PS-EQ-04,2026-10-09,08:00:00,5.6,Preventiva,Mantenimiento programado (plan anual),6906.0
PAR-010010,PS-EQ-09,2024-08-20,18:00:00,4.8,Correctiva,Falla mecánica - desgaste de componente,8455.0
PAR-007407,PS-EQ-01,2025-10-16,09:00:00,8.2,Correctiva,Rotura de faja/correa,14518.0
PAR-009026,PS-EQ-06,2024-07-28,01:00:00,9.1,Correctiva,Atoro de mineral / obstrucción,13524.0
PAR-008497,PS-EQ-04,2026-12-09,12:00:00,2.5,Correctiva,Falla de lubricación,2782.0
PAR-009202,PS-EQ-06,2026-07-12,05:00:00,5.0,Preventiva,Mantenimiento programado (plan anual),8114.0
PAR-007748,PS-EQ-02,2025-08-05,05:00:00,7.7,Preventiva,Mantenimiento programado (plan anual),13380.0
PAR-008623,PS-EQ-05,2024-04-09,14:00:00,4.3,Preventiva,Mantenimiento programado (plan anual),
PAR-008285,PS-EQ-04,2024-07-27,14:00:00,1.5,Operativa,Condiciones climáticas adversas,700.0
PAR-008418,PS-EQ-04,2026-02-21,05:00:00,0.6,Correctiva,Falla de lubricación,759.0
PAR-009349,PS-EQ-07,2024-02-07,18:00:00,3.1,Correctiva,Rotura de faja/correa,5015.0
PAR-008744,PS-EQ-05,2025-07-28,04:00:00,17.0,Correctiva,Atoro de mineral / obstrucción,25699.0
PAR-008981,PS-EQ-06,2024-02-09,10:00:00,2.9,Correctiva,Falla de lubricación,5164.0
PAR-008490,PS-EQ-04,2026-11-13,07:00:00,1.2,Operativa,Espera de insumos (reactivos/bolas de molienda),511.0
PAR-009668,PS-EQ-08,2024-08-05,16:00:00,6.1,Preventiva,Mantenimiento programado (plan anual),
PAR-008876,PS-EQ-05,2026-12-17,15:00:00,6.1,Preventiva,Mantenimiento programado (plan anual),7031.0
PAR-008741,PS-EQ-05,2025-07-12,14:00:00,1.1,Correctiva,Atoro de mineral / obstrucción,1828.0
PAR-007413,PS-EQ-01,2025-11-02,02:00:00,1.3,Operativa,Corte de energía externo,618.0
PAR-009221,PS-EQ-06,2026-09-22,16:00:00,6.2,Preventiva,Mantenimiento programado (plan anual),13317.0
PAR-008539,PS-EQ-04,2027-05-08,03:00:00,8.2,Correctiva,Atoro de mineral / obstrucción,7169.0
PAR-009521,PS-EQ-07,2026-08-15,01:00:00,9.1,Correctiva,Rotura de faja/correa,15280.0
PAR-008693,PS-EQ-05,2024-12-15,05:00:00,13.5,Correctiva,Falla de lubricación,14247.0
PAR-009580,PS-EQ-07,2027-08-05,01:00:00,5.1,Preventiva,Mantenimiento programado (plan anual),4255.0
PAR-009826,PS-EQ-08,2026-04-17,18:00:00,2.9,Operativa,Corte de energía externo,1088.0
PAR-009787,PS-EQ-08,2025-12-13,09:00:00,7.1,Correctiva,Rotura de faja/correa,14432.0
PAR-009436,PS-EQ-07,2025-07-07,00:00:00,2.6,Operativa,Espera de insumos (reactivos/bolas de molienda),1199.0
PAR-008653,PS-EQ-05,2024-07-25,19:00:00,1.6,Operativa,Falta de mineral en cancha,350.0
PAR-007699,PS-EQ-02,2025-01-29,04:00:00,17.0,Correctiva,Indeterminado,29622.0
PAR-008159,PS-EQ-03,2026-10-22,00:00:00,3.4,Correctiva,Indeterminado,7314.0
PAR-010037,PS-EQ-09,2025-01-09,14:00:00,0.6,Operativa,Falta de mineral en cancha,232.0
PAR-007663,PS-EQ-02,2024-09-06,11:00:00,0.6,Correctiva,Falla de lubricación,756.0
PAR-008173,PS-EQ-03,2026-12-30,13:00:00,7.7,Preventiva,Mantenimiento programado (plan anual),7038.0
PAR-008839,PS-EQ-05,2026-08-08,03:00:00,6.4,Preventiva,Mantenimiento programado (plan anual),6800.0
PAR-010198,PS-EQ-09,2027-04-14,13:00:00,7.9,Correctiva,Falla de lubricación,12769.0
PAR-008258,PS-EQ-04,2024-03-27,04:00:00,10.8,Correctiva,Indeterminado,11966.0
PAR-007264,PS-EQ-01,2024-01-12,10:00:00,10.2,Correctiva,Falla mecánica - desgaste de componente,11599.0
PAR-007982,PS-EQ-02,2027-12-27,17:00:00,4.8,Preventiva,Mantenimiento programado (plan anual),8537.0
PAR-008432,PS-EQ-04,2026-04-08,03:00:00,12.0,Correctiva,Rotura de faja/correa,10641.0
PAR-008051,PS-EQ-03,2025-01-19,11:00:00,2.8,Correctiva,Atoro de mineral / obstrucción,4273.0
PAR-009795,PS-EQ-08,2026-01-04,15:00:00,2.1,Operativa,Espera de insumos (reactivos/bolas de molienda),726.0
PAR-008307,PS-EQ-04,2024-10-31,02:00:00,6.3,Preventiva,Mantenimiento programado (plan anual),
PAR-007471,PS-EQ-01,2026-06-05,10:00:00,2.8,Operativa,Condiciones climáticas adversas,1666.0
PAR-007713,PS-EQ-02,2025-04-05,10:00:00,3.5,Correctiva,Rotura de faja/correa,
PAR-008717,PS-EQ-05,2025-03-21,19:00:00,0.9,Operativa,Espera de insumos (reactivos/bolas de molienda),313.0
PAR-010343,PS-EQ-10,2025-07-14,05:00:00,3.9,Correctiva,Falla mecánica - desgaste de componente,3314.0
PAR-007555,PS-EQ-01,2027-04-16,19:00:00,3.5,Correctiva,Indeterminado,5248.0
PAR-008225,PS-EQ-03,2027-10-25,16:00:00,5.8,Preventiva,Mantenimiento programado (plan anual),6388.0
PAR-009985,PS-EQ-09,2024-04-08,00:00:00,0.5,Correctiva,Rotura de faja/correa,940.0
PAR-010393,PS-EQ-10,2026-03-13,11:00:00,4.0,Preventiva,Mantenimiento programado (plan anual),
PAR-009391,PS-EQ-07,2024-09-12,15:00:00,0.6,Operativa,Corte de energía externo,142.0
PAR-009447,PS-EQ-07,2025-08-20,20:00:00,0.9,Operativa,Falta de mineral en cancha,233.0
PAR-009062,PS-EQ-06,2024-12-10,03:00:00,7.5,Preventiva,Mantenimiento programado (plan anual),14119.0
PAR-009256,PS-EQ-06,2027-01-31,12:00:00,4.4,Correctiva,Falla mecánica - desgaste de componente,8378.0
PAR-007581,PS-EQ-01,2027-09-09,00:00:00,0.5,Correctiva,Falla mecánica - desgaste de componente,1066.0
PAR-009148,PS-EQ-06,2025-12-11,05:00:00,2.1,Operativa,Falta de mineral en cancha,633.0
PAR-008686,PS-EQ-05,2024-11-22,10:00:00,7.9,Correctiva,Falla de lubricación,13686.0
PAR-007690,PS-EQ-02,2025-01-13,14:00:00,7.1,Preventiva,Mantenimiento programado (plan anual),13220.0
PAR-010449,PS-EQ-10,2027-02-04,03:00:00,2.1,Operativa,Corte de energía externo,1222.0
PAR-007784,PS-EQ-02,2026-01-24,06:00:00,1.9,Correctiva,Atoro de mineral / obstrucción,2606.0
PAR-007738,PS-EQ-02,2025-06-30,02:00:00,6.8,Preventiva,Mantenimiento programado (plan anual),
PAR-008963,PS-EQ-05,2027-10-29,03:00:00,1.1,Operativa,Condiciones climáticas adversas,417.0
PAR-007651,PS-EQ-02,2024-07-16,02:00:00,1.4,Correctiva,Atoro de mineral / obstrucción,2862.0
PAR-009301,PS-EQ-06,2027-08-10,02:00:00,20.0,Correctiva,Atoro de mineral / obstrucción,24831.0
PAR-008121,PS-EQ-03,2026-02-11,14:00:00,4.5,Preventiva,Mantenimiento programado (plan anual),
PAR-007406,PS-EQ-01,2025-10-15,04:00:00,17.5,Correctiva,Atoro de mineral / obstrucción,21290.0
PAR-008775,PS-EQ-05,2025-12-07,00:00:00,17.1,Correctiva,Atoro de mineral / obstrucción,20579.0
PAR-009094,PS-EQ-06,2025-04-14,18:00:00,4.2,Preventiva,Indeterminado,5917.0
PAR-007308,PS-EQ-01,2024-07-12,01:00:00,20.0,Correctiva,Falla mecánica - desgaste de componente,18192.0
PAR-008955,PS-EQ-05,2027-09-21,06:00:00,0.9,Operativa,Corte de energía externo,539.0
PAR-009291,PS-EQ-06,2027-07-10,14:00:00,4.5,Correctiva,Falla de lubricación,9082.0
PAR-010035,PS-EQ-09,2025-01-01,05:00:00,2.9,Operativa,Condiciones climáticas adversas,1422.0
PAR-007482,PS-EQ-01,2026-07-06,13:00:00,1.3,Operativa,Condiciones climáticas adversas,283.0
PAR-009042,PS-EQ-06,2024-09-19,00:00:00,13.6,Correctiva,Falla eléctrica - motor/tablero,18481.0
PAR-008764,PS-EQ-05,2025-10-25,19:00:00,2.8,Operativa,Corte de energía externo,1012.0
PAR-009833,PS-EQ-08,2026-05-25,12:00:00,5.0,Correctiva,Rotura de faja/correa,5088.0
PAR-008946,PS-EQ-05,2027-08-24,07:00:00,10.6,Correctiva,Falla de lubricación,19068.0
PAR-008251,PS-EQ-04,2024-03-06,02:00:00,17.2,Correctiva,Falla mecánica - desgaste de componente,35993.0
PAR-010317,PS-EQ-10,2025-02-06,02:00:00,0.7,Operativa,Espera de insumos (reactivos/bolas de molienda),167.0
PAR-010442,PS-EQ-10,2027-01-14,10:00:00,1.1,Correctiva,Falla mecánica - desgaste de componente,1306.0
PAR-007822,PS-EQ-02,2026-05-30,04:00:00,5.7,Correctiva,Falla de lubricación,5695.0
PAR-007710,PS-EQ-02,2025-03-19,03:00:00,6.4,Preventiva,Mantenimiento programado (plan anual),6202.0
PAR-009265,PS-EQ-06,2027-03-22,01:00:00,9.8,Correctiva,Rotura de faja/correa,18311.0
PAR-008993,PS-EQ-06,2024-04-12,03:00:00,2.4,Correctiva,Falla mecánica - desgaste de componente,2557.0
PAR-009811,PS-EQ-08,2026-03-02,04:00:00,3.9,Correctiva,Falla de lubricación,5938.0
PAR-009411,PS-EQ-07,2025-02-07,16:00:00,1.8,Operativa,Condiciones climáticas adversas,650.0
PAR-008068,PS-EQ-03,2025-04-01,07:00:00,9.3,Correctiva,Falla eléctrica - motor/tablero,14432.0
PAR-010149,PS-EQ-09,2026-08-24,08:00:00,1.2,Operativa,Espera de insumos (reactivos/bolas de molienda),337.0
PAR-008105,PS-EQ-03,2025-10-31,00:00:00,20.0,Correctiva,Falla mecánica - desgaste de componente,28132.0
PAR-010453,PS-EQ-10,2027-02-21,12:00:00,3.4,Correctiva,Atoro de mineral / obstrucción,3658.0
PAR-008408,PS-EQ-04,2026-01-01,11:00:00,3.8,Correctiva,Falla mecánica - desgaste de componente,4148.0
PAR-007439,PS-EQ-01,2026-02-06,01:00:00,3.2,Correctiva,Falla de lubricación,3754.0
PAR-008045,PS-EQ-03,2024-12-21,20:00:00,2.5,Operativa,Espera de insumos (reactivos/bolas de molienda),1095.0
PAR-009766,PS-EQ-08,2025-09-17,12:00:00,10.9,Correctiva,Falla eléctrica - motor/tablero,23873.0
PAR-008710,PS-EQ-05,2025-02-01,00:00:00,5.1,Preventiva,Mantenimiento programado (plan anual),9986.0
PAR-010185,PS-EQ-09,2027-02-07,13:00:00,7.3,Correctiva,Falla de lubricación,12515.0
PAR-008001,PS-EQ-03,2024-03-26,17:00:00,1.5,Correctiva,Falla mecánica - desgaste de componente,3120.0
PAR-010502,PS-EQ-10,2027-09-22,12:00:00,8.2,Preventiva,Mantenimiento programado (plan anual),12469.0
PAR-007294,PS-EQ-01,2024-04-29,16:00:00,5.5,Correctiva,Falla mecánica - desgaste de componente,8184.0
PAR-007538,PS-EQ-01,2027-03-01,15:00:00,2.2,Operativa,Espera de insumos (reactivos/bolas de molienda),
PAR-007639,PS-EQ-02,2024-05-26,00:00:00,20.0,Correctiva,Falla de lubricación,25563.0
PAR-008404,PS-EQ-04,2025-12-20,20:00:00,2.7,Correctiva,Falla de lubricación,5543.0
PAR-008136,PS-EQ-03,2026-06-02,05:00:00,1.4,Operativa,Espera de insumos (reactivos/bolas de molienda),406.0
PAR-009821,PS-EQ-08,2026-04-07,18:00:00,3.3,Correctiva,Falla mecánica - desgaste de componente,3875.0
PAR-009514,PS-EQ-07,2026-07-13,04:00:00,6.2,Preventiva,Mantenimiento programado (plan anual),6756.0
PAR-008979,PS-EQ-06,2024-01-18,03:00:00,5.0,Preventiva,Mantenimiento programado (plan anual),4821.0
PAR-007731,PS-EQ-02,2025-05-29,11:00:00,3.1,Correctiva,Rotura de faja/correa,2749.0
PAR-007950,PS-EQ-02,2027-08-04,11:00:00,8.0,Preventiva,Mantenimiento programado (plan anual),13053.0
PAR-008489,PS-EQ-04,2026-11-08,09:00:00,11.2,Correctiva,Falla mecánica - desgaste de componente,20976.0
PAR-009437,PS-EQ-07,2025-07-07,05:00:00,5.0,Correctiva,Falla mecánica - desgaste de componente,8313.0
PAR-010379,PS-EQ-10,2026-01-02,16:00:00,6.5,Correctiva,Atoro de mineral / obstrucción,6029.0
PAR-010214,PS-EQ-09,2027-08-08,15:00:00,8.0,Preventiva,Mantenimiento programado (plan anual),11128.0
PAR-007923,PS-EQ-02,2027-05-18,15:00:00,4.8,Correctiva,Indeterminado,10189.0
PAR-009166,PS-EQ-06,2026-02-06,02:00:00,0.9,Correctiva,Falla de lubricación,1792.0
PAR-009710,PS-EQ-08,2025-02-08,12:00:00,8.5,Preventiva,Mantenimiento programado (plan anual),12316.0
PAR-008329,PS-EQ-04,2025-01-22,09:00:00,1.7,Correctiva,Falla mecánica - desgaste de componente,3664.0
PAR-010493,PS-EQ-10,2027-08-14,14:00:00,7.4,Preventiva,Mantenimiento programado (plan anual),9053.0
PAR-009022,PS-EQ-06,2024-07-13,15:00:00,2.7,Operativa,Corte de energía externo,1058.0
PAR-008505,PS-EQ-04,2027-01-01,08:00:00,2.0,Correctiva,Falla mecánica - desgaste de componente,1847.0
PAR-007660,PS-EQ-02,2024-08-30,01:00:00,14.8,Correctiva,Falla eléctrica - motor/tablero,
PAR-008376,PS-EQ-04,2025-08-22,15:00:00,4.4,Correctiva,Indeterminado,
PAR-009249,PS-EQ-06,2026-12-26,09:00:00,10.9,Correctiva,Falla eléctrica - motor/tablero,13931.0
PAR-009253,PS-EQ-06,2027-01-15,07:00:00,8.8,Preventiva,Mantenimiento programado (plan anual),16538.0
PAR-007703,PS-EQ-02,2025-02-12,05:00:00,14.7,Correctiva,Atoro de mineral / obstrucción,
PAR-009297,PS-EQ-06,2027-08-05,05:00:00,15.8,Correctiva,Atoro de mineral / obstrucción,15147.0
PAR-008245,PS-EQ-04,2024-02-11,09:00:00,5.0,Preventiva,Mantenimiento programado (plan anual),7196.0
PAR-009701,PS-EQ-08,2024-12-28,16:00:00,1.6,Correctiva,Falla eléctrica - motor/tablero,1355.0
PAR-010404,PS-EQ-10,2026-05-14,00:00:00,0.5,Correctiva,Falla eléctrica - motor/tablero,1064.0
PAR-008519,PS-EQ-04,2027-03-05,05:00:00,4.6,Correctiva,Falla de lubricación,4218.0
PAR-009919,PS-EQ-08,2027-06-05,12:00:00,5.7,Correctiva,Atoro de mineral / obstrucción,8555.0
PAR-007366,PS-EQ-01,2025-04-05,03:00:00,9.8,Correctiva,Falla eléctrica - motor/tablero,18663.0
PAR-009696,PS-EQ-08,2024-12-08,17:00:00,5.2,Preventiva,Mantenimiento programado (plan anual),9018.0
PAR-010129,PS-EQ-09,2026-04-17,00:00:00,0.5,Operativa,Espera de insumos (reactivos/bolas de molienda),250.0
PAR-007894,PS-EQ-02,2027-02-03,08:00:00,6.6,Preventiva,Mantenimiento programado (plan anual),6336.0
PAR-009731,PS-EQ-08,2025-05-06,03:00:00,0.6,Correctiva,Rotura de faja/correa,916.0
PAR-008425,PS-EQ-04,2026-03-21,13:00:00,1.0,Operativa,Corte de energía externo,351.0
PAR-008864,PS-EQ-05,2026-10-26,04:00:00,6.1,Correctiva,Atoro de mineral / obstrucción,
PAR-007912,PS-EQ-02,2027-04-20,04:00:00,8.3,Preventiva,Mantenimiento programado (plan anual),
PAR-008616,PS-EQ-05,2024-03-14,00:00:00,3.7,Correctiva,Rotura de faja/correa,5357.0
PAR-009682,PS-EQ-08,2024-10-13,11:00:00,5.8,Preventiva,Mantenimiento programado (plan anual),11743.0
PAR-009523,PS-EQ-07,2026-09-03,07:00:00,7.7,Correctiva,Falla de lubricación,13856.0
PAR-007477,PS-EQ-01,2026-06-26,14:00:00,9.0,Correctiva,Atoro de mineral / obstrucción,8786.0
PAR-007927,PS-EQ-02,2027-05-22,19:00:00,2.0,Operativa,Corte de energía externo,890.0
PAR-008075,PS-EQ-03,2025-05-18,07:00:00,0.9,Operativa,Indeterminado,305.0
PAR-007350,PS-EQ-01,2025-02-07,21:00:00,0.8,Operativa,Corte de energía externo,313.0
PAR-007303,PS-EQ-01,2024-06-29,07:00:00,3.4,Correctiva,Atoro de mineral / obstrucción,5153.0
PAR-010007,PS-EQ-09,2024-08-07,05:00:00,7.5,Preventiva,Indeterminado,10921.0
PAR-007312,PS-EQ-01,2024-08-08,04:00:00,7.5,Correctiva,Falla de lubricación,16457.0
PAR-007706,PS-EQ-02,2025-03-03,03:00:00,0.7,Operativa,Espera de insumos (reactivos/bolas de molienda),324.0
PAR-010127,PS-EQ-09,2026-04-08,15:00:00,1.1,Operativa,Corte de energía externo,482.0
PAR-007605,PS-EQ-02,2024-01-06,03:00:00,10.0,Correctiva,Rotura de faja/correa,8299.0
PAR-007457,PS-EQ-01,2026-04-23,05:00:00,9.9,Correctiva,Falla de lubricación,17706.0
PAR-007652,PS-EQ-02,2024-07-20,11:00:00,1.0,Operativa,Condiciones climáticas adversas,399.0
PAR-007747,PS-EQ-02,2025-08-03,00:00:00,1.7,Operativa,Condiciones climáticas adversas,493.0
PAR-009686,PS-EQ-08,2024-10-27,15:00:00,0.6,Operativa,Falta de mineral en cancha,157.0
PAR-009989,PS-EQ-09,2024-05-04,03:00:00,8.4,Preventiva,Mantenimiento programado (plan anual),15505.0
PAR-009201,PS-EQ-06,2026-07-08,04:00:00,8.8,Correctiva,Rotura de faja/correa,18783.0
PAR-009588,PS-EQ-07,2027-09-10,10:00:00,8.1,Correctiva,Falla de lubricación,14357.0
PAR-009706,PS-EQ-08,2025-01-26,01:00:00,18.5,Correctiva,Rotura de faja/correa,35488.0
PAR-008279,PS-EQ-04,2024-07-13,04:00:00,18.9,Correctiva,Rotura de faja/correa,39490.0
PAR-008471,PS-EQ-04,2026-09-03,05:00:00,8.6,Preventiva,Mantenimiento programado (plan anual),12112.0
PAR-008780,PS-EQ-05,2025-12-25,03:00:00,16.8,Correctiva,Falla eléctrica - motor/tablero,28935.0
PAR-009415,PS-EQ-07,2025-03-06,14:00:00,2.0,Operativa,Corte de energía externo,761.0
PAR-009853,PS-EQ-08,2026-08-01,03:00:00,2.6,Operativa,Espera de insumos (reactivos/bolas de molienda),1051.0
PAR-009263,PS-EQ-06,2027-03-08,10:00:00,8.9,Preventiva,Mantenimiento programado (plan anual),17502.0
PAR-009101,PS-EQ-06,2025-05-18,00:00:00,0.6,Operativa,Indeterminado,217.0
PAR-008352,PS-EQ-04,2025-04-26,10:00:00,6.1,Preventiva,Mantenimiento programado (plan anual),11365.0
PAR-010413,PS-EQ-10,2026-07-01,13:00:00,8.4,Correctiva,Falla eléctrica - motor/tablero,7368.0
PAR-008871,PS-EQ-05,2026-11-26,10:00:00,4.6,Preventiva,Mantenimiento programado (plan anual),3782.0
PAR-008967,PS-EQ-05,2027-11-15,16:00:00,5.1,Correctiva,Atoro de mineral / obstrucción,5766.0
PAR-009894,PS-EQ-08,2027-02-05,08:00:00,2.2,Correctiva,Falla mecánica - desgaste de componente,1964.0
PAR-010248,PS-EQ-10,2024-02-20,07:00:00,6.5,Preventiva,Mantenimiento programado (plan anual),7594.0
PAR-008754,PS-EQ-05,2025-09-10,13:00:00,0.7,Correctiva,Falla eléctrica - motor/tablero,888.0
PAR-010285,PS-EQ-10,2024-09-03,10:00:00,1.5,Correctiva,Falla eléctrica - motor/tablero,2195.0
PAR-007343,PS-EQ-01,2025-01-11,01:00:00,20.0,Correctiva,Falla eléctrica - motor/tablero,17915.0
PAR-009098,PS-EQ-06,2025-04-30,15:00:00,3.4,Correctiva,Atoro de mineral / obstrucción,3411.0
PAR-009684,PS-EQ-08,2024-10-20,01:00:00,17.2,Correctiva,Atoro de mineral / obstrucción,21182.0
PAR-007808,PS-EQ-02,2026-04-23,00:00:00,14.6,Correctiva,Falla de lubricación,28862.0
PAR-007980,PS-EQ-02,2027-12-08,14:00:00,5.1,Preventiva,Mantenimiento programado (plan anual),6451.0
PAR-007385,PS-EQ-01,2025-06-23,08:00:00,1.9,Operativa,Condiciones climáticas adversas,823.0
PAR-009876,PS-EQ-08,2026-11-25,11:00:00,4.5,Correctiva,Falla mecánica - desgaste de componente,6905.0
PAR-008093,PS-EQ-03,2025-08-26,04:00:00,4.6,Correctiva,Falla eléctrica - motor/tablero,6732.0
PAR-009518,PS-EQ-07,2026-08-01,03:00:00,0.8,Correctiva,Falla mecánica - desgaste de componente,1222.0
PAR-009004,PS-EQ-06,2024-05-20,19:00:00,3.9,Correctiva,Falla eléctrica - motor/tablero,5537.0
PAR-009757,PS-EQ-08,2025-08-11,16:00:00,6.1,Preventiva,Mantenimiento programado (plan anual),6023.0
PAR-008464,PS-EQ-04,2026-07-25,03:00:00,2.6,Correctiva,Rotura de faja/correa,3835.0
PAR-010326,PS-EQ-10,2025-03-24,14:00:00,4.5,Preventiva,Mantenimiento programado (plan anual),5027.0
PAR-009133,PS-EQ-06,2025-09-22,13:00:00,5.2,Preventiva,Mantenimiento programado (plan anual),7592.0
PAR-007933,PS-EQ-02,2027-06-17,12:00:00,6.4,Correctiva,Atoro de mineral / obstrucción,13362.0
PAR-008622,PS-EQ-05,2024-04-07,18:00:00,3.3,Correctiva,Falla eléctrica - motor/tablero,6239.0
PAR-008213,PS-EQ-03,2027-08-28,17:00:00,2.0,Operativa,Espera de insumos (reactivos/bolas de molienda),697.0
PAR-008503,PS-EQ-04,2026-12-26,00:00:00,6.6,Correctiva,Atoro de mineral / obstrucción,10643.0
PAR-010004,PS-EQ-09,2024-07-22,13:00:00,8.5,Preventiva,Mantenimiento programado (plan anual),
PAR-009471,PS-EQ-07,2025-12-22,03:00:00,8.4,Preventiva,Mantenimiento programado (plan anual),13833.0
PAR-009203,PS-EQ-06,2026-07-20,04:00:00,5.3,Correctiva,Falla eléctrica - motor/tablero,6447.0
PAR-010521,PS-EQ-10,2027-12-09,01:00:00,1.3,Operativa,Espera de insumos (reactivos/bolas de molienda),477.0
PAR-010237,PS-EQ-10,2024-01-12,11:00:00,2.1,Operativa,Corte de energía externo,661.0
PAR-009048,PS-EQ-06,2024-10-14,04:00:00,4.1,Preventiva,Mantenimiento programado (plan anual),5202.0
PAR-009236,PS-EQ-06,2026-11-16,00:00:00,2.3,Operativa,Falta de mineral en cancha,530.0
PAR-010280,PS-EQ-10,2024-08-09,18:00:00,1.3,Correctiva,Falla mecánica - desgaste de componente,1815.0
PAR-008604,PS-EQ-05,2024-02-01,12:00:00,1.8,Correctiva,Falla de lubricación,3476.0
PAR-009162,PS-EQ-06,2026-01-28,03:00:00,3.4,Correctiva,Atoro de mineral / obstrucción,4835.0
PAR-008116,PS-EQ-03,2025-12-27,08:00:00,1.8,Correctiva,Falla eléctrica - motor/tablero,2171.0
PAR-009775,PS-EQ-08,2025-11-03,01:00:00,7.1,Preventiva,Mantenimiento programado (plan anual),8583.0
PAR-008197,PS-EQ-03,2027-05-31,14:00:00,8.7,Preventiva,Mantenimiento programado (plan anual),17150.0
PAR-008723,PS-EQ-05,2025-04-28,17:00:00,5.5,Correctiva,Atoro de mineral / obstrucción,11653.0
PAR-009813,PS-EQ-08,2026-03-05,15:00:00,1.4,Correctiva,Falla eléctrica - motor/tablero,1391.0
PAR-009717,PS-EQ-08,2025-03-10,16:00:00,4.0,Correctiva,Falla eléctrica - motor/tablero,8016.0
PAR-009700,PS-EQ-08,2024-12-27,20:00:00,2.0,Correctiva,Indeterminado,3029.0
PAR-009950,PS-EQ-08,2027-10-30,21:00:00,1.1,Operativa,Corte de energía externo,230.0
PAR-007848,PS-EQ-02,2026-09-10,00:00:00,7.3,Preventiva,Mantenimiento programado (plan anual),14125.0
PAR-007475,PS-EQ-01,2026-06-20,08:00:00,7.0,Preventiva,Mantenimiento programado (plan anual),11129.0
PAR-008291,PS-EQ-04,2024-09-05,18:00:00,0.9,Correctiva,Falla eléctrica - motor/tablero,1410.0
PAR-007518,PS-EQ-01,2026-12-10,03:00:00,0.7,Operativa,Corte de energía externo,177.0
PAR-007843,PS-EQ-02,2026-08-20,13:00:00,8.2,Preventiva,Mantenimiento programado (plan anual),
PAR-008778,PS-EQ-05,2025-12-22,13:00:00,0.6,Correctiva,Falla eléctrica - motor/tablero,749.0
PAR-010130,PS-EQ-09,2026-04-20,10:00:00,6.4,Preventiva,Mantenimiento programado (plan anual),6086.0
PAR-009370,PS-EQ-07,2024-05-23,07:00:00,5.0,Preventiva,Mantenimiento programado (plan anual),5989.0
PAR-008468,PS-EQ-04,2026-08-04,04:00:00,16.9,Correctiva,Falla mecánica - desgaste de componente,36163.0
PAR-008271,PS-EQ-04,2024-05-23,12:00:00,1.1,Operativa,Falta de mineral en cancha,525.0
PAR-008153,PS-EQ-03,2026-09-18,00:00:00,0.8,Operativa,Espera de insumos (reactivos/bolas de molienda),331.0
PAR-008064,PS-EQ-03,2025-03-20,05:00:00,0.5,Operativa,Falta de mineral en cancha,219.0
PAR-010437,PS-EQ-10,2026-11-28,14:00:00,8.8,Preventiva,Mantenimiento programado (plan anual),11555.0
PAR-010402,PS-EQ-10,2026-05-07,02:00:00,4.8,Preventiva,Mantenimiento programado (plan anual),4166.0
PAR-008316,PS-EQ-04,2024-12-18,04:00:00,7.4,Preventiva,Mantenimiento programado (plan anual),14331.0
PAR-007683,PS-EQ-02,2024-12-24,02:00:00,8.2,Preventiva,Mantenimiento programado (plan anual),15663.0
PAR-009801,PS-EQ-08,2026-01-20,04:00:00,4.1,Correctiva,Falla eléctrica - motor/tablero,4790.0
PAR-008015,PS-EQ-03,2024-05-23,01:00:00,1.2,Operativa,Corte de energía externo,323.0
PAR-007599,PS-EQ-01,2027-12-06,11:00:00,6.4,Correctiva,Falla de lubricación,11293.0
PAR-009485,PS-EQ-07,2026-02-23,19:00:00,2.0,Operativa,Espera de insumos (reactivos/bolas de molienda),639.0
PAR-008941,PS-EQ-05,2027-08-03,15:00:00,2.4,Operativa,Corte de energía externo,732.0
PAR-009836,PS-EQ-08,2026-06-08,08:00:00,8.7,Preventiva,Mantenimiento programado (plan anual),17575.0
PAR-007721,PS-EQ-02,2025-04-27,18:00:00,3.1,Correctiva,Atoro de mineral / obstrucción,2598.0
PAR-010489,PS-EQ-10,2027-08-10,14:00:00,1.8,Operativa,Corte de energía externo,1042.0
PAR-009371,PS-EQ-07,2024-05-23,01:00:00,1.2,Operativa,Espera de insumos (reactivos/bolas de molienda),
PAR-008882,PS-EQ-05,2027-01-10,14:00:00,1.2,Operativa,Condiciones climáticas adversas,571.0
PAR-010408,PS-EQ-10,2026-06-03,21:00:00,0.5,Correctiva,Falla eléctrica - motor/tablero,694.0
PAR-009316,PS-EQ-06,2027-10-04,04:00:00,8.8,Preventiva,Mantenimiento programado (plan anual),17103.0
PAR-009547,PS-EQ-07,2027-01-10,02:00:00,1.1,Correctiva,Atoro de mineral / obstrucción,
PAR-007268,PS-EQ-01,2024-01-23,04:00:00,7.8,Preventiva,Mantenimiento programado (plan anual),7107.0
PAR-008590,PS-EQ-04,2027-12-01,00:00:00,1.3,Operativa,Condiciones climáticas adversas,327.0
PAR-008299,PS-EQ-04,2024-10-08,04:00:00,6.4,Preventiva,Mantenimiento programado (plan anual),6494.0
PAR-007879,PS-EQ-02,2026-12-07,13:00:00,7.1,Preventiva,Indeterminado,5850.0
PAR-009199,PS-EQ-06,2026-06-27,00:00:00,1.7,Correctiva,Rotura de faja/correa,1619.0
PAR-010507,PS-EQ-10,2027-10-22,01:00:00,5.3,Correctiva,Falla mecánica - desgaste de componente,6239.0
PAR-010346,PS-EQ-10,2025-07-27,18:00:00,1.1,Correctiva,Atoro de mineral / obstrucción,1345.0
PAR-008510,PS-EQ-04,2027-01-25,02:00:00,20.0,Correctiva,Falla mecánica - desgaste de componente,28897.0
PAR-010098,PS-EQ-09,2025-10-02,16:00:00,4.7,Correctiva,Falla de lubricación,3999.0
PAR-008304,PS-EQ-04,2024-10-19,03:00:00,20.0,Correctiva,Falla de lubricación,
PAR-008087,PS-EQ-03,2025-08-02,04:00:00,6.3,Preventiva,Mantenimiento programado (plan anual),13787.0
PAR-008560,PS-EQ-04,2027-08-17,20:00:00,1.4,Operativa,Falta de mineral en cancha,482.0
PAR-007434,PS-EQ-01,2026-01-18,10:00:00,6.7,Correctiva,Falla eléctrica - motor/tablero,9474.0
PAR-007497,PS-EQ-01,2026-09-08,00:00:00,20.0,Correctiva,Falla de lubricación,27033.0
PAR-009982,PS-EQ-09,2024-03-05,05:00:00,0.5,Correctiva,Atoro de mineral / obstrucción,732.0
PAR-008145,PS-EQ-03,2026-07-20,08:00:00,2.7,Operativa,Falta de mineral en cancha,633.0
PAR-007671,PS-EQ-02,2024-10-25,02:00:00,20.0,Correctiva,Falla de lubricación,30621.0
PAR-009747,PS-EQ-08,2025-06-29,13:00:00,0.8,Operativa,Condiciones climáticas adversas,161.0
PAR-008098,PS-EQ-03,2025-09-18,13:00:00,7.3,Preventiva,Mantenimiento programado (plan anual),13974.0
PAR-009182,PS-EQ-06,2026-04-02,04:00:00,12.8,Correctiva,Atoro de mineral / obstrucción,19224.0
PAR-007298,PS-EQ-01,2024-05-29,14:00:00,8.9,Preventiva,Indeterminado,10177.0
PAR-010001,PS-EQ-09,2024-07-08,19:00:00,0.5,Correctiva,Falla de lubricación,988.0
PAR-007316,PS-EQ-01,2024-08-31,01:00:00,8.6,Preventiva,Mantenimiento programado (plan anual),7356.0
PAR-008386,PS-EQ-04,2025-10-17,03:00:00,9.8,Correctiva,Falla eléctrica - motor/tablero,8324.0
PAR-009940,PS-EQ-08,2027-09-14,18:00:00,1.5,Operativa,Condiciones climáticas adversas,882.0
PAR-007617,PS-EQ-02,2024-02-24,16:00:00,1.4,Correctiva,Falla mecánica - desgaste de componente,1371.0
PAR-007650,PS-EQ-02,2024-07-15,06:00:00,0.5,Correctiva,Rotura de faja/correa,871.0
PAR-009382,PS-EQ-07,2024-08-03,13:00:00,1.2,Operativa,Falta de mineral en cancha,
PAR-008422,PS-EQ-04,2026-03-02,20:00:00,1.1,Correctiva,Atoro de mineral / obstrucción,931.0
PAR-009110,PS-EQ-06,2025-07-07,08:00:00,2.5,Correctiva,Falla eléctrica - motor/tablero,3121.0
PAR-009984,PS-EQ-09,2024-04-01,01:00:00,4.4,Preventiva,Mantenimiento programado (plan anual),5732.0
PAR-007309,PS-EQ-01,2024-07-16,01:00:00,8.0,Correctiva,Falla eléctrica - motor/tablero,16910.0
PAR-009861,PS-EQ-08,2026-09-11,06:00:00,2.0,Operativa,Falta de mineral en cancha,882.0
PAR-009054,PS-EQ-06,2024-11-05,00:00:00,4.0,Correctiva,Atoro de mineral / obstrucción,3404.0
PAR-007767,PS-EQ-02,2025-11-01,03:00:00,9.0,Preventiva,Mantenimiento programado (plan anual),9145.0
PAR-010386,PS-EQ-10,2026-02-07,03:00:00,6.8,Preventiva,Mantenimiento programado (plan anual),10722.0
PAR-009364,PS-EQ-07,2024-05-03,04:00:00,18.4,Correctiva,Atoro de mineral / obstrucción,23390.0
PAR-009561,PS-EQ-07,2027-03-10,01:00:00,2.6,Operativa,Condiciones climáticas adversas,732.0
PAR-008783,PS-EQ-05,2026-01-03,16:00:00,2.3,Operativa,Espera de insumos (reactivos/bolas de molienda),690.0
PAR-009857,PS-EQ-08,2026-08-12,02:00:00,20.0,Correctiva,Falla mecánica - desgaste de componente,
PAR-008998,PS-EQ-06,2024-05-06,13:00:00,5.9,Correctiva,Rotura de faja/correa,9787.0
PAR-009739,PS-EQ-08,2025-06-06,01:00:00,20.0,Correctiva,Falla de lubricación,41420.0
PAR-009346,PS-EQ-07,2024-02-02,21:00:00,2.0,Operativa,Condiciones climáticas adversas,573.0
PAR-008254,PS-EQ-04,2024-03-19,13:00:00,3.5,Correctiva,Atoro de mineral / obstrucción,6910.0
PAR-009034,PS-EQ-06,2024-09-03,15:00:00,1.5,Correctiva,Falla de lubricación,1438.0
PAR-007573,PS-EQ-01,2027-07-31,10:00:00,6.0,Correctiva,Falla de lubricación,11206.0
PAR-007698,PS-EQ-02,2025-01-28,13:00:00,5.7,Preventiva,Mantenimiento programado (plan anual),5554.0
PAR-009510,PS-EQ-07,2026-06-14,01:00:00,4.4,Correctiva,Atoro de mineral / obstrucción,7174.0
PAR-010396,PS-EQ-10,2026-04-03,13:00:00,6.7,Preventiva,Mantenimiento programado (plan anual),9640.0
PAR-008469,PS-EQ-04,2026-08-19,03:00:00,7.8,Preventiva,Mantenimiento programado (plan anual),11594.0
PAR-008313,PS-EQ-04,2024-11-27,03:00:00,20.0,Correctiva,Falla eléctrica - motor/tablero,26358.0
PAR-008071,PS-EQ-03,2025-04-18,00:00:00,5.8,Correctiva,Indeterminado,12660.0
PAR-008379,PS-EQ-04,2025-09-10,10:00:00,7.4,Preventiva,Mantenimiento programado (plan anual),12523.0
PAR-007888,PS-EQ-02,2026-12-30,20:00:00,2.8,Correctiva,Atoro de mineral / obstrucción,3709.0
PAR-007763,PS-EQ-02,2025-10-09,02:00:00,7.5,Preventiva,Indeterminado,10502.0
PAR-010083,PS-EQ-09,2025-08-03,01:00:00,5.8,Preventiva,Mantenimiento programado (plan anual),7021.0
PAR-009520,PS-EQ-07,2026-08-12,17:00:00,2.9,Operativa,Condiciones climáticas adversas,1191.0
PAR-008274,PS-EQ-04,2024-06-16,19:00:00,0.5,Correctiva,Falla mecánica - desgaste de componente,915.0
PAR-008211,PS-EQ-03,2027-07-24,06:00:00,5.8,Preventiva,Mantenimiento programado (plan anual),9160.0
PAR-009039,PS-EQ-06,2024-09-14,00:00:00,20.0,Correctiva,Falla eléctrica - motor/tablero,30857.0
PAR-010273,PS-EQ-10,2024-07-01,00:00:00,8.5,Correctiva,Falla de lubricación,15983.0
PAR-009428,PS-EQ-07,2025-06-10,12:00:00,8.5,Preventiva,Mantenimiento programado (plan anual),17646.0
PAR-008898,PS-EQ-05,2027-02-27,07:00:00,7.2,Preventiva,Mantenimiento programado (plan anual),8604.0
PAR-007401,PS-EQ-01,2025-10-03,13:00:00,3.7,Correctiva,Falla eléctrica - motor/tablero,7605.0
PAR-007866,PS-EQ-02,2026-10-21,01:00:00,11.0,Correctiva,Falla mecánica - desgaste de componente,13618.0
PAR-008201,PS-EQ-03,2027-06-05,02:00:00,3.0,Operativa,Corte de energía externo,1643.0
PAR-008651,PS-EQ-05,2024-07-13,10:00:00,0.6,Correctiva,Falla eléctrica - motor/tablero,930.0
PAR-010418,PS-EQ-10,2026-08-23,07:00:00,6.1,Preventiva,Mantenimiento programado (plan anual),10694.0
PAR-007436,PS-EQ-01,2026-01-24,15:00:00,5.6,Preventiva,Mantenimiento programado (plan anual),10601.0
PAR-008797,PS-EQ-05,2026-03-14,15:00:00,5.0,Correctiva,Atoro de mineral / obstrucción,8580.0
PAR-007664,PS-EQ-02,2024-09-20,11:00:00,8.1,Preventiva,Mantenimiento programado (plan anual),9614.0
PAR-009081,PS-EQ-06,2025-02-16,06:00:00,4.1,Correctiva,Atoro de mineral / obstrucción,4548.0
PAR-009367,PS-EQ-07,2024-05-08,08:00:00,5.4,Preventiva,Mantenimiento programado (plan anual),10291.0
PAR-010282,PS-EQ-10,2024-08-13,13:00:00,2.8,Operativa,Indeterminado,1059.0
PAR-007641,PS-EQ-02,2024-06-02,19:00:00,0.7,Correctiva,Indeterminado,1506.0
PAR-009493,PS-EQ-07,2026-03-16,06:00:00,6.3,Correctiva,Falla mecánica - desgaste de componente,9667.0
PAR-008753,PS-EQ-05,2025-09-10,09:00:00,1.2,Operativa,Condiciones climáticas adversas,323.0
PAR-010279,PS-EQ-10,2024-08-05,03:00:00,7.0,Preventiva,Mantenimiento programado (plan anual),13124.0
PAR-009099,PS-EQ-06,2025-05-01,04:00:00,0.5,Correctiva,Rotura de faja/correa,830.0
PAR-009107,PS-EQ-06,2025-06-24,21:00:00,1.2,Correctiva,Falla de lubricación,1024.0
PAR-010416,PS-EQ-10,2026-08-03,03:00:00,5.7,Preventiva,Mantenimiento programado (plan anual),9906.0
PAR-007837,PS-EQ-02,2026-07-23,09:00:00,1.7,Operativa,Espera de insumos (reactivos/bolas de molienda),644.0
PAR-009431,PS-EQ-07,2025-06-18,15:00:00,2.8,Operativa,Espera de insumos (reactivos/bolas de molienda),943.0
PAR-007631,PS-EQ-02,2024-04-30,03:00:00,7.0,Preventiva,Mantenimiento programado (plan anual),13861.0
PAR-007553,PS-EQ-01,2027-04-09,04:00:00,0.5,Correctiva,Falla de lubricación,597.0
PAR-009334,PS-EQ-06,2027-12-18,07:00:00,8.0,Preventiva,Mantenimiento programado (plan anual),15955.0
PAR-007661,PS-EQ-02,2024-09-02,09:00:00,2.9,Correctiva,Rotura de faja/correa,3689.0
PAR-009750,PS-EQ-08,2025-07-06,11:00:00,4.6,Preventiva,Mantenimiento programado (plan anual),4317.0
PAR-007501,PS-EQ-01,2026-10-13,11:00:00,2.1,Operativa,Falta de mineral en cancha,1228.0
PAR-008976,PS-EQ-05,2027-12-31,13:00:00,2.8,Correctiva,Rotura de faja/correa,5607.0
PAR-008526,PS-EQ-04,2027-03-29,08:00:00,14.6,Correctiva,Atoro de mineral / obstrucción,19186.0
PAR-009154,PS-EQ-06,2025-12-26,19:00:00,0.9,Operativa,Corte de energía externo,353.0
PAR-008446,PS-EQ-04,2026-05-13,09:00:00,7.3,Correctiva,Rotura de faja/correa,14680.0
PAR-008069,PS-EQ-03,2025-04-03,13:00:00,0.6,Operativa,Espera de insumos (reactivos/bolas de molienda),194.0
PAR-009620,PS-EQ-08,2024-01-20,02:00:00,2.7,Operativa,Falta de mineral en cancha,821.0
PAR-009283,PS-EQ-06,2027-06-02,00:00:00,4.6,Correctiva,Falla mecánica - desgaste de componente,9582.0
PAR-007269,PS-EQ-01,2024-01-27,12:00:00,3.5,Correctiva,Indeterminado,3136.0
PAR-008522,PS-EQ-04,2027-03-13,11:00:00,7.4,Correctiva,Falla eléctrica - motor/tablero,11795.0
PAR-010143,PS-EQ-09,2026-07-21,01:00:00,3.4,Correctiva,Falla de lubricación,4774.0
PAR-009001,PS-EQ-06,2024-05-11,01:00:00,6.8,Preventiva,Mantenimiento programado (plan anual),8119.0
PAR-009225,PS-EQ-06,2026-10-10,05:00:00,2.2,Operativa,Espera de insumos (reactivos/bolas de molienda),629.0
PAR-007964,PS-EQ-02,2027-09-26,13:00:00,6.2,Preventiva,Mantenimiento programado (plan anual),9796.0
PAR-010415,PS-EQ-10,2026-07-25,01:00:00,0.6,Operativa,Corte de energía externo,182.0
PAR-008203,PS-EQ-03,2027-06-11,17:00:00,0.6,Operativa,Condiciones climáticas adversas,142.0
PAR-007984,PS-EQ-03,2024-01-12,11:00:00,0.7,Operativa,Espera de insumos (reactivos/bolas de molienda),379.0
PAR-008792,PS-EQ-05,2026-02-07,01:00:00,5.3,Preventiva,Mantenimiento programado (plan anual),
PAR-009111,PS-EQ-06,2025-07-10,16:00:00,5.3,Preventiva,Mantenimiento programado (plan anual),9788.0
PAR-008948,PS-EQ-05,2027-08-27,10:00:00,1.2,Operativa,Corte de energía externo,283.0
PAR-007293,PS-EQ-01,2024-04-23,03:00:00,8.6,Preventiva,Mantenimiento programado (plan anual),9500.0
PAR-008956,PS-EQ-05,2027-09-21,02:00:00,2.8,Correctiva,Atoro de mineral / obstrucción,5458.0
PAR-010051,PS-EQ-09,2025-03-08,04:00:00,2.6,Operativa,Corte de energía externo,1280.0
PAR-008125,PS-EQ-03,2026-03-05,00:00:00,3.6,Correctiva,Atoro de mineral / obstrucción,3816.0
PAR-009065,PS-EQ-06,2024-12-27,02:00:00,0.9,Operativa,Corte de energía externo,530.0
PAR-008084,PS-EQ-03,2025-07-18,09:00:00,5.9,Preventiva,Mantenimiento programado (plan anual),11826.0
PAR-007291,PS-EQ-01,2024-04-11,16:00:00,4.0,Correctiva,Rotura de faja/correa,6242.0
PAR-008415,PS-EQ-04,2026-02-09,15:00:00,5.3,Preventiva,Mantenimiento programado (plan anual),
PAR-008007,PS-EQ-03,2024-05-03,11:00:00,7.7,Preventiva,Mantenimiento programado (plan anual),9309.0
PAR-009556,PS-EQ-07,2027-02-18,17:00:00,2.1,Correctiva,Falla eléctrica - motor/tablero,2127.0
PAR-007673,PS-EQ-02,2024-10-27,02:00:00,2.6,Operativa,Espera de insumos (reactivos/bolas de molienda),1315.0
PAR-010460,PS-EQ-10,2027-04-07,10:00:00,3.5,Correctiva,Falla eléctrica - motor/tablero,4984.0
PAR-010403,PS-EQ-10,2026-05-07,01:00:00,1.1,Operativa,Falta de mineral en cancha,385.0
PAR-007327,PS-EQ-01,2024-10-11,10:00:00,1.4,Operativa,Falta de mineral en cancha,437.0
PAR-010173,PS-EQ-09,2026-12-06,14:00:00,7.3,Preventiva,Mantenimiento programado (plan anual),8559.0
PAR-008215,PS-EQ-03,2027-09-01,09:00:00,1.7,Correctiva,Falla de lubricación,1526.0
PAR-007755,PS-EQ-02,2025-09-19,07:00:00,1.1,Correctiva,Falla de lubricación,1466.0
PAR-010369,PS-EQ-10,2025-11-05,14:00:00,8.0,Preventiva,Mantenimiento programado (plan anual),12364.0
PAR-008668,PS-EQ-05,2024-10-01,08:00:00,5.9,Correctiva,Rotura de faja/correa,11560.0
PAR-009127,PS-EQ-06,2025-09-01,12:00:00,1.5,Operativa,Espera de insumos (reactivos/bolas de molienda),490.0
PAR-008488,PS-EQ-04,2026-11-07,11:00:00,9.0,Correctiva,Falla eléctrica - motor/tablero,9289.0
PAR-009360,PS-EQ-07,2024-04-18,12:00:00,5.3,Preventiva,Mantenimiento programado (plan anual),5772.0
PAR-008950,PS-EQ-05,2027-08-30,02:00:00,16.7,Correctiva,Falla eléctrica - motor/tablero,36125.0
PAR-007618,PS-EQ-02,2024-02-27,19:00:00,2.3,Correctiva,Atoro de mineral / obstrucción,2644.0
PAR-007667,PS-EQ-02,2024-10-01,04:00:00,1.8,Correctiva,Falla eléctrica - motor/tablero,2199.0
PAR-010052,PS-EQ-09,2025-03-10,14:00:00,3.4,Correctiva,Atoro de mineral / obstrucción,7266.0
PAR-008126,PS-EQ-03,2026-03-21,07:00:00,7.6,Preventiva,Mantenimiento programado (plan anual),9849.0
PAR-009398,PS-EQ-07,2024-11-16,18:00:00,0.7,Correctiva,Falla mecánica - desgaste de componente,878.0
PAR-007429,PS-EQ-01,2025-12-28,04:00:00,2.3,Operativa,Condiciones climáticas adversas,1114.0
PAR-009153,PS-EQ-06,2025-12-25,14:00:00,5.3,Correctiva,Falla mecánica - desgaste de componente,4538.0
PAR-009927,PS-EQ-08,2027-07-16,15:00:00,1.4,Operativa,Falta de mineral en cancha,627.0
PAR-007365,PS-EQ-01,2025-04-05,12:00:00,4.7,Preventiva,Mantenimiento programado (plan anual),7072.0
PAR-009500,PS-EQ-07,2026-04-12,03:00:00,7.7,Preventiva,Mantenimiento programado (plan anual),14541.0
PAR-009703,PS-EQ-08,2024-12-29,19:00:00,1.9,Correctiva,Falla mecánica - desgaste de componente,
PAR-007726,PS-EQ-02,2025-05-10,12:00:00,0.9,Correctiva,Atoro de mineral / obstrucción,809.0
PAR-008310,PS-EQ-04,2024-11-07,02:00:00,1.5,Operativa,Condiciones climáticas adversas,891.0
PAR-007895,PS-EQ-02,2027-02-03,17:00:00,1.2,Operativa,Corte de energía externo,386.0
PAR-008128,PS-EQ-03,2026-04-14,15:00:00,0.7,Correctiva,Falla eléctrica - motor/tablero,1350.0
PAR-008835,PS-EQ-05,2026-07-21,06:00:00,11.4,Correctiva,Falla de lubricación,18873.0
PAR-009320,PS-EQ-06,2027-10-19,10:00:00,2.2,Operativa,Espera de insumos (reactivos/bolas de molienda),888.0
PAR-010110,PS-EQ-09,2025-12-27,14:00:00,1.7,Operativa,Falta de mineral en cancha,829.0
PAR-007556,PS-EQ-01,2027-04-17,11:00:00,2.6,Operativa,Corte de energía externo,582.0
PAR-008034,PS-EQ-03,2024-10-10,02:00:00,12.3,Correctiva,Indeterminado,16680.0
PAR-008004,PS-EQ-03,2024-04-17,16:00:00,1.0,Operativa,Condiciones climáticas adversas,466.0
PAR-008747,PS-EQ-05,2025-08-09,10:00:00,11.5,Correctiva,Falla eléctrica - motor/tablero,11894.0
PAR-008480,PS-EQ-04,2026-10-20,09:00:00,1.4,Correctiva,Rotura de faja/correa,2860.0
PAR-008292,PS-EQ-04,2024-09-07,05:00:00,2.3,Correctiva,Rotura de faja/correa,4788.0
PAR-007566,PS-EQ-01,2027-07-08,16:00:00,4.2,Preventiva,Mantenimiento programado (plan anual),5397.0
PAR-009903,PS-EQ-08,2027-03-16,11:00:00,1.3,Operativa,Condiciones climáticas adversas,640.0
PAR-010219,PS-EQ-09,2027-09-16,03:00:00,7.5,Preventiva,Mantenimiento programado (plan anual),9264.0
PAR-008174,PS-EQ-03,2027-01-01,21:00:00,1.7,Operativa,Corte de energía externo,750.0
PAR-007810,PS-EQ-02,2026-04-30,02:00:00,2.8,Operativa,Espera de insumos (reactivos/bolas de molienda),1507.0
PAR-009152,PS-EQ-06,2025-12-24,02:00:00,7.1,Preventiva,Mantenimiento programado (plan anual),12763.0
PAR-008309,PS-EQ-04,2024-11-05,16:00:00,2.8,Operativa,Falta de mineral en cancha,1130.0
PAR-009532,PS-EQ-07,2026-10-19,15:00:00,2.4,Operativa,Falta de mineral en cancha,1097.0
PAR-008047,PS-EQ-03,2025-01-05,03:00:00,8.1,Preventiva,Mantenimiento programado (plan anual),11827.0
PAR-009832,PS-EQ-08,2026-05-23,11:00:00,0.5,Correctiva,Falla de lubricación,486.0
PAR-008771,PS-EQ-05,2025-11-26,00:00:00,8.9,Correctiva,Rotura de faja/correa,12431.0
PAR-010255,PS-EQ-10,2024-03-15,17:00:00,2.7,Operativa,Condiciones climáticas adversas,1309.0
PAR-008952,PS-EQ-05,2027-09-05,15:00:00,5.5,Correctiva,Falla mecánica - desgaste de componente,10525.0
PAR-008879,PS-EQ-05,2027-01-04,18:00:00,1.6,Operativa,Falta de mineral en cancha,678.0
PAR-009030,PS-EQ-06,2024-08-08,14:00:00,1.2,Operativa,Corte de energía externo,462.0
PAR-009448,PS-EQ-07,2025-08-27,02:00:00,8.1,Correctiva,Falla eléctrica - motor/tablero,16278.0
PAR-008644,PS-EQ-05,2024-06-23,17:00:00,2.2,Operativa,Corte de energía externo,541.0
PAR-008719,PS-EQ-05,2025-04-01,03:00:00,9.0,Preventiva,Mantenimiento programado (plan anual),11243.0
PAR-008970,PS-EQ-05,2027-11-28,04:00:00,5.5,Preventiva,Mantenimiento programado (plan anual),7433.0
PAR-009186,PS-EQ-06,2026-04-19,13:00:00,3.4,Correctiva,Falla mecánica - desgaste de componente,4222.0
PAR-008170,PS-EQ-03,2026-12-19,07:00:00,4.3,Correctiva,Atoro de mineral / obstrucción,7599.0
PAR-009254,PS-EQ-06,2027-01-28,01:00:00,1.7,Correctiva,Rotura de faja/correa,1388.0
PAR-010503,PS-EQ-10,2027-10-02,01:00:00,1.3,Operativa,Espera de insumos (reactivos/bolas de molienda),672.0
PAR-009560,PS-EQ-07,2027-03-09,03:00:00,13.8,Correctiva,Falla eléctrica - motor/tablero,27972.0
PAR-008666,PS-EQ-05,2024-09-29,01:00:00,5.2,Preventiva,Mantenimiento programado (plan anual),4264.0
PAR-009793,PS-EQ-08,2025-12-29,00:00:00,1.5,Operativa,Falta de mineral en cancha,644.0
PAR-009917,PS-EQ-08,2027-05-28,01:00:00,4.9,Correctiva,Falla de lubricación,5555.0
PAR-009123,PS-EQ-06,2025-08-20,00:00:00,0.7,Operativa,Espera de insumos (reactivos/bolas de molienda),140.0
PAR-008724,PS-EQ-05,2025-05-01,18:00:00,1.0,Correctiva,Falla mecánica - desgaste de componente,2011.0
PAR-009056,PS-EQ-06,2024-11-20,13:00:00,7.4,Correctiva,Falla eléctrica - motor/tablero,9312.0
PAR-007422,PS-EQ-01,2025-12-14,08:00:00,3.0,Correctiva,Falla mecánica - desgaste de componente,4574.0
PAR-010519,PS-EQ-10,2027-11-23,03:00:00,1.9,Operativa,Espera de insumos (reactivos/bolas de molienda),543.0
PAR-007937,PS-EQ-02,2027-06-29,00:00:00,19.7,Correctiva,Atoro de mineral / obstrucción,26442.0
PAR-008696,PS-EQ-05,2024-12-24,12:00:00,4.5,Preventiva,Mantenimiento programado (plan anual),8526.0
PAR-009408,PS-EQ-07,2025-01-23,01:00:00,7.7,Correctiva,Rotura de faja/correa,6752.0
PAR-008536,PS-EQ-04,2027-04-18,01:00:00,2.6,Correctiva,Atoro de mineral / obstrucción,4081.0
PAR-009264,PS-EQ-06,2027-03-21,21:00:00,0.9,Operativa,Condiciones climáticas adversas,345.0
PAR-008566,PS-EQ-04,2027-09-02,15:00:00,4.3,Correctiva,Falla mecánica - desgaste de componente,5380.0
PAR-009842,PS-EQ-08,2026-07-01,09:00:00,8.8,Preventiva,Mantenimiento programado (plan anual),9874.0
PAR-009870,PS-EQ-08,2026-10-31,15:00:00,6.2,Preventiva,Mantenimiento programado (plan anual),
PAR-007500,PS-EQ-01,2026-10-07,16:00:00,6.4,Preventiva,Mantenimiento programado (plan anual),7966.0
PAR-009157,PS-EQ-06,2026-01-09,01:00:00,5.4,Correctiva,Falla mecánica - desgaste de componente,8349.0
PAR-010475,PS-EQ-10,2027-05-20,11:00:00,8.5,Preventiva,Mantenimiento programado (plan anual),9141.0
PAR-009137,PS-EQ-06,2025-10-21,17:00:00,1.3,Correctiva,Falla de lubricación,2247.0
PAR-008842,PS-EQ-05,2026-08-15,05:00:00,3.0,Correctiva,Falla mecánica - desgaste de componente,5078.0
PAR-008750,PS-EQ-05,2025-08-26,09:00:00,2.7,Correctiva,Falla mecánica - desgaste de componente,2629.0
PAR-007580,PS-EQ-01,2027-08-31,02:00:00,6.1,Preventiva,Mantenimiento programado (plan anual),12341.0
PAR-008027,PS-EQ-03,2024-08-29,00:00:00,7.4,Correctiva,Atoro de mineral / obstrucción,10985.0
PAR-010497,PS-EQ-10,2027-09-03,21:00:00,0.8,Correctiva,Falla mecánica - desgaste de componente,953.0
PAR-009085,PS-EQ-06,2025-03-07,03:00:00,20.0,Correctiva,Atoro de mineral / obstrucción,41598.0
PAR-008515,PS-EQ-04,2027-02-26,10:00:00,7.5,Preventiva,Mantenimiento programado (plan anual),12922.0
PAR-009745,PS-EQ-08,2025-06-24,05:00:00,16.4,Correctiva,Rotura de faja/correa,19398.0
PAR-007382,PS-EQ-01,2025-05-30,02:00:00,4.0,Correctiva,Falla eléctrica - motor/tablero,3451.0
PAR-008097,PS-EQ-03,2025-09-17,03:00:00,1.8,Operativa,Corte de energía externo,476.0
PAR-007376,PS-EQ-01,2025-05-12,10:00:00,7.5,Preventiva,Mantenimiento programado (plan anual),12620.0
PAR-007404,PS-EQ-01,2025-10-07,06:00:00,0.7,Operativa,Espera de insumos (reactivos/bolas de molienda),384.0
PAR-008158,PS-EQ-03,2026-10-15,02:00:00,3.7,Correctiva,Indeterminado,5423.0
PAR-007608,PS-EQ-02,2024-01-17,10:00:00,5.0,Preventiva,Mantenimiento programado (plan anual),5963.0
PAR-007859,PS-EQ-02,2026-10-06,03:00:00,0.5,Operativa,Corte de energía externo,159.0
PAR-009380,PS-EQ-07,2024-07-23,08:00:00,2.8,Correctiva,Falla mecánica - desgaste de componente,3896.0
PAR-010292,PS-EQ-10,2024-10-09,03:00:00,1.1,Correctiva,Falla eléctrica - motor/tablero,1721.0
PAR-009406,PS-EQ-07,2025-01-11,03:00:00,4.8,Correctiva,Atoro de mineral / obstrucción,7142.0
PAR-008364,PS-EQ-04,2025-07-09,16:00:00,6.4,Preventiva,Mantenimiento programado (plan anual),6361.0
PAR-009670,PS-EQ-08,2024-08-07,05:00:00,14.5,Correctiva,Falla de lubricación,14306.0
PAR-010499,PS-EQ-10,2027-09-08,03:00:00,2.2,Correctiva,Falla mecánica - desgaste de componente,4624.0
PAR-007876,PS-EQ-02,2026-11-21,05:00:00,5.3,Correctiva,Falla mecánica - desgaste de componente,7185.0
PAR-008188,PS-EQ-03,2027-04-04,02:00:00,16.4,Correctiva,Falla mecánica - desgaste de componente,33067.0
PAR-007296,PS-EQ-01,2024-05-09,13:00:00,7.7,Preventiva,Indeterminado,9746.0
PAR-008160,PS-EQ-03,2026-10-26,18:00:00,3.4,Correctiva,Atoro de mineral / obstrucción,3112.0
PAR-009003,PS-EQ-06,2024-05-16,08:00:00,11.1,Correctiva,Rotura de faja/correa,15148.0
PAR-009752,PS-EQ-08,2025-07-08,11:00:00,7.4,Correctiva,Falla eléctrica - motor/tablero,6790.0
PAR-009429,PS-EQ-07,2025-06-10,15:00:00,1.5,Operativa,Espera de insumos (reactivos/bolas de molienda),364.0
PAR-007812,PS-EQ-02,2026-05-01,14:00:00,5.7,Correctiva,Falla eléctrica - motor/tablero,7235.0
PAR-007779,PS-EQ-02,2025-12-27,06:00:00,15.6,Correctiva,Falla eléctrica - motor/tablero,15573.0
PAR-007314,PS-EQ-01,2024-08-14,21:00:00,1.8,Correctiva,Falla de lubricación,1753.0
PAR-009142,PS-EQ-06,2025-11-01,10:00:00,6.4,Preventiva,Mantenimiento programado (plan anual),11141.0
PAR-007796,PS-EQ-02,2026-03-04,03:00:00,2.4,Correctiva,Falla mecánica - desgaste de componente,4976.0
PAR-008836,PS-EQ-05,2026-07-24,07:00:00,8.2,Preventiva,Mantenimiento programado (plan anual),16123.0
PAR-010017,PS-EQ-09,2024-10-13,01:00:00,1.4,Correctiva,Atoro de mineral / obstrucción,2668.0
PAR-009889,PS-EQ-08,2027-01-14,21:00:00,0.6,Operativa,Corte de energía externo,301.0
PAR-010320,PS-EQ-10,2025-02-09,04:00:00,8.7,Correctiva,Falla mecánica - desgaste de componente,12169.0
PAR-009290,PS-EQ-06,2027-06-30,09:00:00,8.7,Preventiva,Indeterminado,7309.0
PAR-007281,PS-EQ-01,2024-03-13,12:00:00,7.0,Preventiva,Mantenimiento programado (plan anual),8132.0
PAR-009778,PS-EQ-08,2025-11-19,02:00:00,7.5,Preventiva,Mantenimiento programado (plan anual),9885.0
PAR-007279,PS-EQ-01,2024-03-01,21:00:00,0.5,Correctiva,Atoro de mineral / obstrucción,825.0
PAR-010445,PS-EQ-10,2027-01-22,08:00:00,1.2,Operativa,Corte de energía externo,286.0
PAR-008050,PS-EQ-03,2025-01-15,09:00:00,4.7,Correctiva,Atoro de mineral / obstrucción,4527.0
PAR-008508,PS-EQ-04,2027-01-13,06:00:00,5.0,Correctiva,Falla mecánica - desgaste de componente,8827.0
PAR-008207,PS-EQ-03,2027-07-05,13:00:00,2.8,Operativa,Corte de energía externo,1064.0
PAR-009222,PS-EQ-06,2026-09-27,17:00:00,4.5,Correctiva,Atoro de mineral / obstrucción,4834.0
PAR-008305,PS-EQ-04,2024-10-28,22:00:00,1.0,Operativa,Falta de mineral en cancha,239.0
PAR-009593,PS-EQ-07,2027-09-30,03:00:00,2.4,Operativa,Espera de insumos (reactivos/bolas de molienda),1198.0
PAR-008337,PS-EQ-04,2025-02-26,06:00:00,5.7,Preventiva,Mantenimiento programado (plan anual),9758.0
PAR-009505,PS-EQ-07,2026-05-13,04:00:00,1.7,Operativa,Espera de insumos (reactivos/bolas de molienda),493.0
PAR-007758,PS-EQ-02,2025-09-22,03:00:00,5.2,Correctiva,Falla mecánica - desgaste de componente,8776.0
PAR-009469,PS-EQ-07,2025-12-07,05:00:00,0.9,Operativa,Indeterminado,493.0
PAR-008401,PS-EQ-04,2025-12-13,20:00:00,1.1,Operativa,Espera de insumos (reactivos/bolas de molienda),518.0
PAR-010168,PS-EQ-09,2026-11-16,04:00:00,18.3,Correctiva,Falla de lubricación,27307.0
PAR-008373,PS-EQ-04,2025-08-18,00:00:00,20.0,Correctiva,Atoro de mineral / obstrucción,34083.0
PAR-007680,PS-EQ-02,2024-12-01,19:00:00,0.5,Correctiva,Falla mecánica - desgaste de componente,652.0
PAR-009970,PS-EQ-09,2024-01-18,05:00:00,8.2,Preventiva,Mantenimiento programado (plan anual),13556.0
PAR-007369,PS-EQ-01,2025-04-22,09:00:00,1.5,Operativa,Espera de insumos (reactivos/bolas de molienda),530.0
PAR-008021,PS-EQ-03,2024-07-19,09:00:00,2.0,Correctiva,Falla mecánica - desgaste de componente,2628.0
PAR-008458,PS-EQ-04,2026-07-04,01:00:00,3.5,Correctiva,Falla mecánica - desgaste de componente,5815.0
PAR-009689,PS-EQ-08,2024-11-04,04:00:00,9.5,Correctiva,Falla mecánica - desgaste de componente,19556.0
PAR-008424,PS-EQ-04,2026-03-17,01:00:00,8.6,Preventiva,Mantenimiento programado (plan anual),11789.0
PAR-009567,PS-EQ-07,2027-05-10,16:00:00,1.3,Operativa,Corte de energía externo,777.0
PAR-007816,PS-EQ-02,2026-05-10,01:00:00,20.0,Correctiva,Rotura de faja/correa,19026.0
PAR-008321,PS-EQ-04,2024-12-29,05:00:00,1.1,Correctiva,Falla de lubricación,970.0
PAR-009470,PS-EQ-07,2025-12-17,08:00:00,1.5,Operativa,Condiciones climáticas adversas,573.0
PAR-007723,PS-EQ-02,2025-05-06,09:00:00,12.8,Correctiva,Falla de lubricación,17082.0
PAR-009335,PS-EQ-06,2027-12-19,08:00:00,14.7,Correctiva,Falla de lubricación,27559.0
PAR-009031,PS-EQ-06,2024-08-24,14:00:00,5.5,Preventiva,Mantenimiento programado (plan anual),11183.0
PAR-008417,PS-EQ-04,2026-02-20,09:00:00,4.1,Correctiva,Falla de lubricación,8023.0
PAR-007728,PS-EQ-02,2025-05-16,06:00:00,6.9,Preventiva,Indeterminado,5980.0
PAR-010226,PS-EQ-09,2027-11-12,10:00:00,2.7,Operativa,Corte de energía externo,
PAR-009922,PS-EQ-08,2027-06-19,01:00:00,16.6,Correctiva,Atoro de mineral / obstrucción,18935.0
PAR-010261,PS-EQ-10,2024-04-15,04:00:00,1.5,Operativa,Indeterminado,470.0
PAR-007689,PS-EQ-02,2025-01-10,12:00:00,7.4,Correctiva,Rotura de faja/correa,6584.0
PAR-008933,PS-EQ-05,2027-07-05,07:00:00,0.8,Operativa,Corte de energía externo,250.0
PAR-009131,PS-EQ-06,2025-09-17,08:00:00,6.3,Correctiva,Atoro de mineral / obstrucción,5124.0
PAR-008110,PS-EQ-03,2025-12-04,00:00:00,3.8,Correctiva,Rotura de faja/correa,3968.0
PAR-009013,PS-EQ-06,2024-06-15,18:00:00,1.2,Operativa,Condiciones climáticas adversas,340.0
PAR-007981,PS-EQ-02,2027-12-09,10:00:00,3.4,Correctiva,Falla mecánica - desgaste de componente,6559.0
PAR-009650,PS-EQ-08,2024-06-03,05:00:00,2.3,Operativa,Falta de mineral en cancha,579.0
PAR-007858,PS-EQ-02,2026-10-05,05:00:00,12.4,Correctiva,Falla eléctrica - motor/tablero,24145.0
PAR-008266,PS-EQ-04,2024-05-06,09:00:00,5.7,Preventiva,Mantenimiento programado (plan anual),5995.0
PAR-009326,PS-EQ-06,2027-11-15,00:00:00,10.2,Correctiva,Falla mecánica - desgaste de componente,9163.0
PAR-010049,PS-EQ-09,2025-02-28,02:00:00,7.9,Preventiva,Mantenimiento programado (plan anual),7143.0
PAR-010373,PS-EQ-10,2025-11-24,14:00:00,3.4,Correctiva,Falla mecánica - desgaste de componente,3248.0
PAR-007893,PS-EQ-02,2027-01-31,02:00:00,1.1,Operativa,Espera de insumos (reactivos/bolas de molienda),
PAR-007640,PS-EQ-02,2024-05-29,06:00:00,7.8,Preventiva,Mantenimiento programado (plan anual),16121.0
PAR-008796,PS-EQ-05,2026-03-01,13:00:00,5.3,Preventiva,Mantenimiento programado (plan anual),4602.0
PAR-009860,PS-EQ-08,2026-09-02,07:00:00,7.5,Preventiva,Mantenimiento programado (plan anual),8754.0
PAR-007610,PS-EQ-02,2024-01-22,13:00:00,3.7,Correctiva,Falla eléctrica - motor/tablero,4039.0
PAR-009551,PS-EQ-07,2027-02-01,06:00:00,1.0,Operativa,Espera de insumos (reactivos/bolas de molienda),
PAR-008584,PS-EQ-04,2027-11-18,00:00:00,20.0,Correctiva,Falla de lubricación,18709.0
PAR-010267,PS-EQ-10,2024-05-16,05:00:00,7.1,Preventiva,Mantenimiento programado (plan anual),11585.0
PAR-007379,PS-EQ-01,2025-05-22,13:00:00,3.6,Correctiva,Rotura de faja/correa,
PAR-008913,PS-EQ-05,2027-04-23,06:00:00,14.2,Correctiva,Falla mecánica - desgaste de componente,20248.0
PAR-008070,PS-EQ-03,2025-04-17,21:00:00,1.9,Operativa,Condiciones climáticas adversas,990.0
PAR-009777,PS-EQ-08,2025-11-17,11:00:00,6.1,Correctiva,Atoro de mineral / obstrucción,5871.0
PAR-007746,PS-EQ-02,2025-07-26,03:00:00,14.7,Correctiva,Falla de lubricación,29837.0
PAR-009028,PS-EQ-06,2024-08-03,18:00:00,4.5,Correctiva,Atoro de mineral / obstrucción,7864.0
PAR-009269,PS-EQ-06,2027-04-04,21:00:00,0.6,Correctiva,Rotura de faja/correa,1235.0
PAR-009774,PS-EQ-08,2025-10-28,01:00:00,20.0,Correctiva,Falla de lubricación,43081.0
PAR-007839,PS-EQ-02,2026-07-30,06:00:00,14.5,Correctiva,Rotura de faja/correa,19603.0
PAR-007446,PS-EQ-01,2026-03-19,16:00:00,7.0,Correctiva,Rotura de faja/correa,10353.0
PAR-009729,PS-EQ-08,2025-05-02,15:00:00,7.2,Preventiva,Mantenimiento programado (plan anual),6552.0
PAR-009908,PS-EQ-08,2027-04-01,05:00:00,1.6,Operativa,Indeterminado,795.0
PAR-008092,PS-EQ-03,2025-08-20,17:00:00,1.6,Operativa,Corte de energía externo,432.0
PAR-010339,PS-EQ-10,2025-06-27,11:00:00,1.8,Operativa,Falta de mineral en cancha,1064.0
PAR-009994,PS-EQ-09,2024-05-25,21:00:00,1.0,Operativa,Corte de energía externo,417.0
PAR-008813,PS-EQ-05,2026-04-29,01:00:00,5.9,Preventiva,Mantenimiento programado (plan anual),7320.0
PAR-007976,PS-EQ-02,2027-11-15,01:00:00,20.0,Correctiva,Falla eléctrica - motor/tablero,43499.0
PAR-008238,PS-EQ-03,2027-12-24,02:00:00,2.4,Correctiva,Falla eléctrica - motor/tablero,2885.0
PAR-008737,PS-EQ-05,2025-06-15,12:00:00,8.2,Correctiva,Atoro de mineral / obstrucción,11486.0
PAR-007344,PS-EQ-01,2025-01-13,14:00:00,2.2,Correctiva,Falla de lubricación,2172.0
PAR-010473,PS-EQ-10,2027-05-14,03:00:00,9.4,Correctiva,Rotura de faja/correa,12011.0
PAR-010478,PS-EQ-10,2027-06-20,04:00:00,15.3,Correctiva,Atoro de mineral / obstrucción,19836.0
PAR-009968,PS-EQ-09,2024-01-06,18:00:00,1.8,Correctiva,Rotura de faja/correa,3367.0
PAR-007949,PS-EQ-02,2027-08-01,02:00:00,1.2,Correctiva,Rotura de faja/correa,1596.0
PAR-007514,PS-EQ-01,2026-11-27,14:00:00,0.9,Correctiva,Falla de lubricación,876.0
PAR-010022,PS-EQ-09,2024-11-07,01:00:00,3.9,Correctiva,Atoro de mineral / obstrucción,7877.0
PAR-009772,PS-EQ-08,2025-10-20,02:00:00,3.7,Correctiva,Falla de lubricación,5150.0
PAR-009688,PS-EQ-08,2024-11-03,00:00:00,18.0,Correctiva,Falla eléctrica - motor/tablero,33414.0
PAR-010166,PS-EQ-09,2026-11-09,02:00:00,2.3,Correctiva,Falla de lubricación,
PAR-009887,PS-EQ-08,2027-01-11,02:00:00,14.3,Correctiva,Falla mecánica - desgaste de componente,30784.0
PAR-010231,PS-EQ-09,2027-12-13,03:00:00,5.2,Preventiva,Mantenimiento programado (plan anual),4485.0
PAR-009047,PS-EQ-06,2024-10-03,19:00:00,1.2,Operativa,Falta de mineral en cancha,693.0
PAR-007290,PS-EQ-01,2024-04-06,06:00:00,3.1,Correctiva,Atoro de mineral / obstrucción,4107.0
PAR-008581,PS-EQ-04,2027-11-13,10:00:00,1.7,Correctiva,Falla eléctrica - motor/tablero,1640.0
PAR-010223,PS-EQ-09,2027-10-24,07:00:00,3.1,Correctiva,Falla de lubricación,4257.0
PAR-008381,PS-EQ-04,2025-09-26,11:00:00,8.0,Preventiva,Mantenimiento programado (plan anual),10387.0
PAR-008217,PS-EQ-03,2027-09-06,04:00:00,2.1,Correctiva,Atoro de mineral / obstrucción,2513.0
PAR-008466,PS-EQ-04,2026-07-31,18:00:00,1.3,Operativa,Falta de mineral en cancha,342.0
PAR-010344,PS-EQ-10,2025-07-17,03:00:00,8.8,Preventiva,Mantenimiento programado (plan anual),11258.0
PAR-010414,PS-EQ-10,2026-07-11,00:00:00,5.0,Preventiva,Mantenimiento programado (plan anual),10526.0
PAR-010136,PS-EQ-09,2026-05-26,06:00:00,5.7,Preventiva,Mantenimiento programado (plan anual),12432.0
PAR-008041,PS-EQ-03,2024-11-26,14:00:00,4.3,Preventiva,Mantenimiento programado (plan anual),3606.0
PAR-009612,PS-EQ-07,2027-12-28,00:00:00,17.4,Correctiva,Rotura de faja/correa,15341.0
PAR-008674,PS-EQ-05,2024-10-13,14:00:00,4.9,Preventiva,Mantenimiento programado (plan anual),6543.0
PAR-009553,PS-EQ-07,2027-02-06,17:00:00,0.5,Operativa,Condiciones climáticas adversas,250.0
PAR-008570,PS-EQ-04,2027-09-16,15:00:00,2.6,Operativa,Espera de insumos (reactivos/bolas de molienda),882.0
PAR-007386,PS-EQ-01,2025-06-27,06:00:00,5.8,Correctiva,Rotura de faja/correa,5666.0
PAR-008165,PS-EQ-03,2026-11-30,10:00:00,6.8,Preventiva,Mantenimiento programado (plan anual),11614.0
PAR-009339,PS-EQ-07,2024-01-10,00:00:00,3.2,Correctiva,Falla mecánica - desgaste de componente,3095.0
PAR-007865,PS-EQ-02,2026-10-17,01:00:00,2.3,Operativa,Falta de mineral en cancha,1112.0
PAR-007972,PS-EQ-02,2027-10-31,08:00:00,7.2,Correctiva,Atoro de mineral / obstrucción,8146.0
PAR-008044,PS-EQ-03,2024-12-15,07:00:00,0.9,Operativa,Corte de energía externo,194.0
PAR-009628,PS-EQ-08,2024-02-10,16:00:00,0.5,Correctiva,Rotura de faja/correa,797.0
PAR-008996,PS-EQ-06,2024-04-26,10:00:00,9.5,Correctiva,Falla mecánica - desgaste de componente,12096.0
PAR-009075,PS-EQ-06,2025-01-27,20:00:00,3.0,Operativa,Condiciones climáticas adversas,1424.0
PAR-010452,PS-EQ-10,2027-02-17,10:00:00,5.2,Preventiva,Mantenimiento programado (plan anual),10386.0
PAR-009886,PS-EQ-08,2027-01-07,11:00:00,6.5,Preventiva,Mantenimiento programado (plan anual),13815.0
PAR-008558,PS-EQ-04,2027-08-05,01:00:00,10.2,Correctiva,Falla de lubricación,21709.0
PAR-009451,PS-EQ-07,2025-09-04,07:00:00,2.2,Correctiva,Atoro de mineral / obstrucción,3162.0
PAR-007715,PS-EQ-02,2025-04-07,13:00:00,8.0,Correctiva,Falla eléctrica - motor/tablero,10025.0
PAR-009373,PS-EQ-07,2024-06-14,05:00:00,6.7,Preventiva,Mantenimiento programado (plan anual),5661.0
PAR-010150,PS-EQ-09,2026-09-02,06:00:00,1.6,Operativa,Indeterminado,438.0
PAR-008649,PS-EQ-05,2024-07-10,04:00:00,1.7,Operativa,Condiciones climáticas adversas,643.0
PAR-010472,PS-EQ-10,2027-05-09,12:00:00,2.6,Correctiva,Rotura de faja/correa,2738.0
PAR-009737,PS-EQ-08,2025-06-04,05:00:00,8.4,Preventiva,Mantenimiento programado (plan anual),15449.0
PAR-010504,PS-EQ-10,2027-10-04,12:00:00,2.4,Operativa,Corte de energía externo,1271.0
PAR-010002,PS-EQ-09,2024-07-09,12:00:00,0.9,Operativa,Condiciones climáticas adversas,464.0
PAR-007975,PS-EQ-02,2027-11-09,17:00:00,5.1,Correctiva,Rotura de faja/correa,8299.0
PAR-007567,PS-EQ-01,2027-07-15,12:00:00,2.9,Operativa,Condiciones climáticas adversas,1065.0
PAR-010471,PS-EQ-10,2027-05-08,11:00:00,1.7,Correctiva,Falla mecánica - desgaste de componente,2014.0
PAR-009121,PS-EQ-06,2025-08-19,15:00:00,2.3,Operativa,Corte de energía externo,806.0
PAR-007824,PS-EQ-02,2026-06-07,14:00:00,1.1,Operativa,Condiciones climáticas adversas,354.0
PAR-009735,PS-EQ-08,2025-05-20,11:00:00,7.6,Preventiva,Mantenimiento programado (plan anual),10926.0
PAR-008803,PS-EQ-05,2026-03-24,06:00:00,4.4,Preventiva,Mantenimiento programado (plan anual),8584.0
PAR-007936,PS-EQ-02,2027-06-28,21:00:00,1.3,Operativa,Condiciones climáticas adversas,453.0
PAR-009083,PS-EQ-06,2025-02-24,03:00:00,11.4,Correctiva,Falla eléctrica - motor/tablero,17371.0
PAR-008162,PS-EQ-03,2026-11-10,03:00:00,17.4,Correctiva,Falla mecánica - desgaste de componente,16494.0
PAR-008134,PS-EQ-03,2026-05-18,07:00:00,7.3,Preventiva,Mantenimiento programado (plan anual),13904.0
PAR-008609,PS-EQ-05,2024-02-25,09:00:00,8.1,Preventiva,Mantenimiento programado (plan anual),
PAR-009313,PS-EQ-06,2027-09-20,19:00:00,1.9,Operativa,Condiciones climáticas adversas,526.0
PAR-009649,PS-EQ-08,2024-05-30,02:00:00,6.9,Preventiva,Mantenimiento programado (plan anual),5582.0
PAR-008964,PS-EQ-05,2027-11-05,02:00:00,2.0,Operativa,Corte de energía externo,1070.0
PAR-007915,PS-EQ-02,2027-04-29,03:00:00,6.8,Correctiva,Indeterminado,6617.0
PAR-008273,PS-EQ-04,2024-06-11,11:00:00,4.3,Preventiva,Mantenimiento programado (plan anual),4520.0
PAR-007887,PS-EQ-02,2026-12-24,05:00:00,16.9,Correctiva,Falla de lubricación,26296.0
PAR-010458,PS-EQ-10,2027-03-20,05:00:00,0.6,Operativa,Espera de insumos (reactivos/bolas de molienda),154.0
PAR-010322,PS-EQ-10,2025-03-01,10:00:00,5.8,Correctiva,Rotura de faja/correa,7607.0
PAR-009032,PS-EQ-06,2024-08-30,12:00:00,0.8,Correctiva,Atoro de mineral / obstrucción,1652.0
PAR-010520,PS-EQ-10,2027-12-07,02:00:00,7.8,Preventiva,Mantenimiento programado (plan anual),8771.0
PAR-009015,PS-EQ-06,2024-06-21,01:00:00,1.1,Operativa,Corte de energía externo,446.0
PAR-008429,PS-EQ-04,2026-03-29,14:00:00,2.0,Operativa,Falta de mineral en cancha,479.0
PAR-009818,PS-EQ-08,2026-03-21,17:00:00,5.9,Correctiva,Falla de lubricación,5158.0
PAR-010398,PS-EQ-10,2026-04-18,13:00:00,8.5,Preventiva,Mantenimiento programado (plan anual),12382.0
PAR-009896,PS-EQ-08,2027-02-11,03:00:00,2.9,Operativa,Espera de insumos (reactivos/bolas de molienda),1095.0
PAR-008416,PS-EQ-04,2026-02-16,16:00:00,3.3,Correctiva,Falla mecánica - desgaste de componente,7107.0
PAR-010045,PS-EQ-09,2025-02-06,02:00:00,5.5,Correctiva,Rotura de faja/correa,10431.0
PAR-010300,PS-EQ-10,2024-11-14,04:00:00,1.2,Operativa,Falta de mineral en cancha,713.0
PAR-009125,PS-EQ-06,2025-08-23,14:00:00,5.2,Correctiva,Indeterminado,8758.0
PAR-008137,PS-EQ-03,2026-06-02,00:00:00,10.4,Correctiva,Falla de lubricación,19382.0
PAR-008854,PS-EQ-05,2026-09-16,01:00:00,20.0,Correctiva,Rotura de faja/correa,30353.0
PAR-008939,PS-EQ-05,2027-07-27,11:00:00,1.4,Operativa,Corte de energía externo,413.0
PAR-010309,PS-EQ-10,2024-12-21,04:00:00,4.7,Correctiva,Indeterminado,
PAR-010459,PS-EQ-10,2027-03-22,11:00:00,7.0,Preventiva,Mantenimiento programado (plan anual),13658.0
PAR-007788,PS-EQ-02,2026-02-04,09:00:00,2.3,Correctiva,Atoro de mineral / obstrucción,3911.0
PAR-010422,PS-EQ-10,2026-09-10,11:00:00,1.2,Operativa,Indeterminado,563.0
PAR-009977,PS-EQ-09,2024-02-16,08:00:00,2.3,Correctiva,Rotura de faja/correa,4774.0
PAR-009372,PS-EQ-07,2024-06-06,11:00:00,1.8,Operativa,Corte de energía externo,459.0
PAR-008978,PS-EQ-06,2024-01-14,02:00:00,15.4,Correctiva,Falla eléctrica - motor/tablero,20774.0
PAR-009770,PS-EQ-08,2025-10-17,08:00:00,7.8,Correctiva,Falla mecánica - desgaste de componente,
PAR-010206,PS-EQ-09,2027-06-10,00:00:00,14.5,Correctiva,Rotura de faja/correa,14382.0
PAR-009709,PS-EQ-08,2025-02-03,10:00:00,0.6,Operativa,Condiciones climáticas adversas,344.0
PAR-007591,PS-EQ-01,2027-11-01,02:00:00,1.6,Operativa,Corte de energía externo,453.0
PAR-010391,PS-EQ-10,2026-02-27,02:00:00,5.5,Preventiva,Mantenimiento programado (plan anual),9493.0
PAR-010410,PS-EQ-10,2026-06-17,14:00:00,1.1,Correctiva,Atoro de mineral / obstrucción,2005.0
PAR-008878,PS-EQ-05,2026-12-31,02:00:00,3.4,Correctiva,Falla de lubricación,3664.0
PAR-007833,PS-EQ-02,2026-07-17,12:00:00,1.0,Operativa,Espera de insumos (reactivos/bolas de molienda),368.0
PAR-009885,PS-EQ-08,2026-12-27,10:00:00,7.0,Correctiva,Falla eléctrica - motor/tablero,11140.0
PAR-009435,PS-EQ-07,2025-07-03,14:00:00,7.4,Correctiva,Atoro de mineral / obstrucción,8345.0
PAR-007544,PS-EQ-01,2027-03-20,03:00:00,20.0,Correctiva,Falla eléctrica - motor/tablero,27357.0
PAR-007485,PS-EQ-01,2026-07-23,02:00:00,20.0,Correctiva,Falla de lubricación,29104.0
PAR-007408,PS-EQ-01,2025-10-19,01:00:00,20.0,Correctiva,Rotura de faja/correa,19997.0
PAR-009690,PS-EQ-08,2024-11-07,13:00:00,2.6,Correctiva,Atoro de mineral / obstrucción,5019.0
PAR-009345,PS-EQ-07,2024-01-28,15:00:00,7.3,Correctiva,Falla eléctrica - motor/tablero,15672.0
PAR-009478,PS-EQ-07,2026-01-24,11:00:00,9.1,Correctiva,Atoro de mineral / obstrucción,8180.0
PAR-007375,PS-EQ-01,2025-05-07,09:00:00,4.6,Correctiva,Rotura de faja/correa,6119.0
PAR-010440,PS-EQ-10,2026-12-30,04:00:00,1.6,Operativa,Condiciones climáticas adversas,868.0
PAR-008889,PS-EQ-05,2027-01-25,02:00:00,20.0,Correctiva,Falla eléctrica - motor/tablero,19804.0
PAR-009229,PS-EQ-06,2026-10-23,17:00:00,1.5,Correctiva,Atoro de mineral / obstrucción,2105.0
PAR-009949,PS-EQ-08,2027-10-29,06:00:00,4.0,Correctiva,Falla eléctrica - motor/tablero,8109.0
PAR-007932,PS-EQ-02,2027-06-17,08:00:00,2.8,Operativa,Falta de mineral en cancha,638.0
PAR-007480,PS-EQ-01,2026-07-05,15:00:00,5.7,Preventiva,Mantenimiento programado (plan anual),5266.0
PAR-007675,PS-EQ-02,2024-11-14,08:00:00,4.1,Preventiva,Mantenimiento programado (plan anual),8303.0
PAR-010364,PS-EQ-10,2025-10-06,11:00:00,2.7,Operativa,Condiciones climáticas adversas,1247.0
PAR-008564,PS-EQ-04,2027-09-01,08:00:00,15.0,Correctiva,Rotura de faja/correa,23750.0
PAR-009279,PS-EQ-06,2027-05-17,02:00:00,20.0,Correctiva,Atoro de mineral / obstrucción,29884.0
PAR-009259,PS-EQ-06,2027-02-10,19:00:00,1.2,Operativa,Corte de energía externo,646.0
PAR-009854,PS-EQ-08,2026-08-08,15:00:00,2.2,Operativa,Condiciones climáticas adversas,482.0
PAR-009893,PS-EQ-08,2027-01-29,01:00:00,1.9,Correctiva,Atoro de mineral / obstrucción,
PAR-010302,PS-EQ-10,2024-11-17,10:00:00,0.9,Operativa,Espera de insumos (reactivos/bolas de molienda),192.0
PAR-008482,PS-EQ-04,2026-10-28,13:00:00,0.5,Correctiva,Falla eléctrica - motor/tablero,439.0
PAR-007390,PS-EQ-01,2025-07-09,02:00:00,20.0,Correctiva,Atoro de mineral / obstrucción,18396.0
PAR-009517,PS-EQ-07,2026-07-31,08:00:00,5.3,Preventiva,Mantenimiento programado (plan anual),9311.0
PAR-007959,PS-EQ-02,2027-09-08,02:00:00,9.5,Correctiva,Falla eléctrica - motor/tablero,19622.0
PAR-008931,PS-EQ-05,2027-06-30,18:00:00,2.4,Operativa,Condiciones climáticas adversas,1185.0
PAR-008642,PS-EQ-05,2024-06-10,09:00:00,1.3,Operativa,Condiciones climáticas adversas,
PAR-009699,PS-EQ-08,2024-12-10,03:00:00,9.6,Correctiva,Falla mecánica - desgaste de componente,17151.0
PAR-007321,PS-EQ-01,2024-09-20,08:00:00,1.7,Operativa,Indeterminado,546.0
PAR-010117,PS-EQ-09,2026-02-15,02:00:00,5.8,Correctiva,Rotura de faja/correa,10796.0
PAR-010428,PS-EQ-10,2026-10-06,07:00:00,2.6,Operativa,Corte de energía externo,1007.0
PAR-007948,PS-EQ-02,2027-07-31,07:00:00,7.8,Correctiva,Falla eléctrica - motor/tablero,8723.0
PAR-007807,PS-EQ-02,2026-04-16,15:00:00,4.8,Preventiva,Mantenimiento programado (plan anual),6428.0
PAR-007831,PS-EQ-02,2026-07-04,16:00:00,2.9,Operativa,Falta de mineral en cancha,1230.0
PAR-007540,PS-EQ-01,2027-03-04,01:00:00,13.9,Correctiva,Falla mecánica - desgaste de componente,13733.0
PAR-008082,PS-EQ-03,2025-06-24,00:00:00,9.5,Correctiva,Rotura de faja/correa,10032.0
PAR-008447,PS-EQ-04,2026-05-18,11:00:00,7.4,Preventiva,Mantenimiento programado (plan anual),13330.0
PAR-009251,PS-EQ-06,2027-01-09,13:00:00,1.3,Operativa,Falta de mineral en cancha,644.0
PAR-009667,PS-EQ-08,2024-08-04,05:00:00,16.8,Correctiva,Falla mecánica - desgaste de componente,29302.0
PAR-007432,PS-EQ-01,2026-01-08,14:00:00,8.1,Preventiva,Mantenimiento programado (plan anual),9704.0
PAR-008059,PS-EQ-03,2025-02-11,21:00:00,0.5,Correctiva,Falla eléctrica - motor/tablero,690.0
PAR-009399,PS-EQ-07,2024-11-19,09:00:00,8.7,Preventiva,Mantenimiento programado (plan anual),18781.0
PAR-009213,PS-EQ-06,2026-08-20,11:00:00,8.9,Correctiva,Falla de lubricación,17012.0
PAR-010192,PS-EQ-09,2027-03-10,11:00:00,0.6,Correctiva,Falla mecánica - desgaste de componente,891.0
PAR-008919,PS-EQ-05,2027-05-16,18:00:00,1.3,Operativa,Corte de energía externo,340.0
PAR-007338,PS-EQ-01,2024-12-01,03:00:00,5.0,Correctiva,Falla mecánica - desgaste de componente,9226.0
PAR-008831,PS-EQ-05,2026-06-11,14:00:00,2.8,Operativa,Indeterminado,1416.0
PAR-008339,PS-EQ-04,2025-03-16,01:00:00,6.3,Preventiva,Mantenimiento programado (plan anual),13585.0
PAR-009271,PS-EQ-06,2027-04-14,18:00:00,1.9,Operativa,Falta de mineral en cancha,
PAR-008932,PS-EQ-05,2027-07-03,00:00:00,16.7,Correctiva,Falla mecánica - desgaste de componente,28116.0
PAR-010334,PS-EQ-10,2025-05-13,13:00:00,5.0,Correctiva,Rotura de faja/correa,4033.0
PAR-009626,PS-EQ-08,2024-02-04,17:00:00,1.8,Operativa,Corte de energía externo,1028.0
PAR-007852,PS-EQ-02,2026-09-20,04:00:00,10.7,Correctiva,Atoro de mineral / obstrucción,19515.0
PAR-008712,PS-EQ-05,2025-02-24,05:00:00,8.4,Preventiva,Mantenimiento programado (plan anual),16635.0
PAR-010365,PS-EQ-10,2025-10-19,05:00:00,8.8,Preventiva,Mantenimiento programado (plan anual),15504.0
PAR-007319,PS-EQ-01,2024-09-13,13:00:00,1.0,Operativa,Indeterminado,558.0
PAR-007871,PS-EQ-02,2026-11-10,20:00:00,1.7,Correctiva,Falla de lubricación,2485.0
PAR-008061,PS-EQ-03,2025-02-27,02:00:00,4.2,Preventiva,Mantenimiento programado (plan anual),7783.0
PAR-010476,PS-EQ-10,2027-06-06,09:00:00,7.7,Preventiva,Mantenimiento programado (plan anual),9522.0
PAR-007752,PS-EQ-02,2025-09-04,08:00:00,0.6,Correctiva,Falla eléctrica - motor/tablero,958.0
PAR-009117,PS-EQ-06,2025-07-31,02:00:00,4.9,Preventiva,Mantenimiento programado (plan anual),8997.0
PAR-008709,PS-EQ-05,2025-01-30,15:00:00,0.6,Correctiva,Falla eléctrica - motor/tablero,905.0
PAR-010515,PS-EQ-10,2027-11-17,08:00:00,3.3,Correctiva,Atoro de mineral / obstrucción,6790.0
PAR-007946,PS-EQ-02,2027-07-22,19:00:00,1.4,Correctiva,Falla de lubricación,1562.0
PAR-010511,PS-EQ-10,2027-11-15,09:00:00,0.9,Operativa,Indeterminado,253.0
PAR-008000,PS-EQ-03,2024-03-25,03:00:00,5.5,Preventiva,Mantenimiento programado (plan anual),5679.0
PAR-008671,PS-EQ-05,2024-10-07,07:00:00,15.7,Correctiva,Atoro de mineral / obstrucción,22778.0
PAR-010164,PS-EQ-09,2026-10-31,20:00:00,2.5,Correctiva,Falla mecánica - desgaste de componente,4818.0
PAR-008629,PS-EQ-05,2024-04-28,06:00:00,2.1,Correctiva,Rotura de faja/correa,4049.0
PAR-010151,PS-EQ-09,2026-09-05,09:00:00,5.5,Preventiva,Mantenimiento programado (plan anual),5843.0
PAR-010048,PS-EQ-09,2025-02-25,04:00:00,3.6,Correctiva,Rotura de faja/correa,7478.0
PAR-008968,PS-EQ-05,2027-11-20,16:00:00,1.3,Operativa,Espera de insumos (reactivos/bolas de molienda),454.0
PAR-007678,PS-EQ-02,2024-11-18,12:00:00,3.5,Correctiva,Falla mecánica - desgaste de componente,5091.0
PAR-009076,PS-EQ-06,2025-02-01,18:00:00,4.9,Preventiva,Mantenimiento programado (plan anual),
PAR-008521,PS-EQ-04,2027-03-10,15:00:00,4.9,Correctiva,Falla de lubricación,6069.0
PAR-009880,PS-EQ-08,2026-12-14,07:00:00,3.4,Correctiva,Falla de lubricación,6843.0
PAR-007440,PS-EQ-01,2026-02-16,00:00:00,7.8,Preventiva,Mantenimiento programado (plan anual),14502.0
PAR-007647,PS-EQ-02,2024-06-28,05:00:00,2.4,Operativa,Espera de insumos (reactivos/bolas de molienda),1260.0
PAR-008436,PS-EQ-04,2026-04-20,07:00:00,13.0,Correctiva,Atoro de mineral / obstrucción,15907.0
PAR-009327,PS-EQ-06,2027-11-17,03:00:00,20.0,Correctiva,Falla mecánica - desgaste de componente,19086.0
PAR-008398,PS-EQ-04,2025-11-22,20:00:00,2.3,Operativa,Condiciones climáticas adversas,1213.0
PAR-007626,PS-EQ-02,2024-04-13,13:00:00,3.6,Correctiva,Falla mecánica - desgaste de componente,4734.0
PAR-008473,PS-EQ-04,2026-09-06,03:00:00,0.8,Correctiva,Falla de lubricación,1273.0
PAR-008431,PS-EQ-04,2026-04-02,01:00:00,9.0,Preventiva,Mantenimiento programado (plan anual),11329.0
PAR-008593,PS-EQ-04,2027-12-11,14:00:00,5.9,Correctiva,Rotura de faja/correa,7686.0
PAR-007493,PS-EQ-01,2026-08-21,16:00:00,2.4,Operativa,Corte de energía externo,1368.0
PAR-009460,PS-EQ-07,2025-10-22,06:00:00,2.1,Operativa,Espera de insumos (reactivos/bolas de molienda),789.0
PAR-010307,PS-EQ-10,2024-12-13,02:00:00,9.9,Correctiva,Atoro de mineral / obstrucción,20503.0
PAR-009582,PS-EQ-07,2027-08-17,02:00:00,20.0,Correctiva,Atoro de mineral / obstrucción,31730.0
PAR-009524,PS-EQ-07,2026-09-04,10:00:00,5.7,Preventiva,Mantenimiento programado (plan anual),6764.0
PAR-009512,PS-EQ-07,2026-06-25,11:00:00,6.0,Preventiva,Mantenimiento programado (plan anual),8812.0
PAR-007537,PS-EQ-01,2027-02-22,08:00:00,1.0,Correctiva,Falla eléctrica - motor/tablero,1360.0
PAR-010008,PS-EQ-09,2024-08-11,05:00:00,2.5,Operativa,Corte de energía externo,720.0
PAR-007735,PS-EQ-02,2025-06-04,10:00:00,6.4,Correctiva,Atoro de mineral / obstrucción,13632.0
PAR-008832,PS-EQ-05,2026-06-13,03:00:00,20.0,Correctiva,Falla eléctrica - motor/tablero,32091.0
PAR-009498,PS-EQ-07,2026-04-05,10:00:00,2.9,Correctiva,Falla eléctrica - motor/tablero,2900.0
PAR-008888,PS-EQ-05,2027-01-24,02:00:00,4.1,Correctiva,Rotura de faja/correa,8407.0
PAR-009025,PS-EQ-06,2024-07-22,09:00:00,1.7,Correctiva,Rotura de faja/correa,2935.0
PAR-009354,PS-EQ-07,2024-02-22,05:00:00,6.7,Correctiva,Falla de lubricación,13781.0
PAR-007450,PS-EQ-01,2026-03-28,02:00:00,4.8,Preventiva,Indeterminado,7137.0
PAR-009232,PS-EQ-06,2026-10-30,03:00:00,20.0,Correctiva,Atoro de mineral / obstrucción,43684.0
PAR-009743,PS-EQ-08,2025-06-20,15:00:00,5.9,Correctiva,Atoro de mineral / obstrucción,8450.0
PAR-009270,PS-EQ-06,2027-04-10,04:00:00,13.2,Correctiva,Atoro de mineral / obstrucción,13741.0
PAR-010089,PS-EQ-09,2025-09-08,14:00:00,1.6,Operativa,Condiciones climáticas adversas,430.0
PAR-007900,PS-EQ-02,2027-03-11,01:00:00,20.0,Correctiva,Atoro de mineral / obstrucción,38690.0
PAR-009538,PS-EQ-07,2026-11-28,13:00:00,8.7,Preventiva,Mantenimiento programado (plan anual),14563.0
PAR-010184,PS-EQ-09,2027-01-27,07:00:00,4.6,Preventiva,Mantenimiento programado (plan anual),8378.0
PAR-009540,PS-EQ-07,2026-12-14,16:00:00,3.0,Correctiva,Indeterminado,4927.0
PAR-010011,PS-EQ-09,2024-08-22,06:00:00,5.0,Preventiva,Mantenimiento programado (plan anual),9542.0
PAR-009006,PS-EQ-06,2024-05-23,15:00:00,1.6,Correctiva,Falla de lubricación,2293.0
PAR-008865,PS-EQ-05,2026-10-31,00:00:00,17.2,Correctiva,Rotura de faja/correa,32033.0
PAR-009664,PS-EQ-08,2024-07-23,04:00:00,11.0,Correctiva,Indeterminado,9971.0
PAR-010330,PS-EQ-10,2025-04-24,19:00:00,1.5,Operativa,Espera de insumos (reactivos/bolas de molienda),627.0
PAR-008382,PS-EQ-04,2025-09-26,07:00:00,15.4,Correctiva,Falla eléctrica - motor/tablero,33098.0
PAR-010487,PS-EQ-10,2027-08-03,11:00:00,1.5,Operativa,Espera de insumos (reactivos/bolas de molienda),487.0
PAR-010498,PS-EQ-10,2027-09-05,06:00:00,5.6,Preventiva,Mantenimiento programado (plan anual),6866.0
PAR-010074,PS-EQ-09,2025-06-29,01:00:00,4.8,Preventiva,Mantenimiento programado (plan anual),8630.0
PAR-008987,PS-EQ-06,2024-03-20,07:00:00,9.8,Correctiva,Atoro de mineral / obstrucción,15935.0
PAR-010128,PS-EQ-09,2026-04-12,20:00:00,1.0,Operativa,Falta de mineral en cancha,574.0
PAR-010296,PS-EQ-10,2024-11-05,20:00:00,0.6,Operativa,Espera de insumos (reactivos/bolas de molienda),310.0
PAR-008038,PS-EQ-03,2024-10-26,16:00:00,4.1,Preventiva,Mantenimiento programado (plan anual),6366.0
PAR-009155,PS-EQ-06,2026-01-01,04:00:00,12.7,Correctiva,Falla mecánica - desgaste de componente,12141.0
PAR-009207,PS-EQ-06,2026-07-27,11:00:00,1.7,Operativa,Corte de energía externo,766.0
PAR-008218,PS-EQ-03,2027-09-15,17:00:00,5.1,Preventiva,Indeterminado,7119.0
PAR-008704,PS-EQ-05,2025-01-18,01:00:00,15.5,Correctiva,Falla mecánica - desgaste de componente,19951.0
PAR-008467,PS-EQ-04,2026-08-02,11:00:00,9.9,Correctiva,Atoro de mineral / obstrucción,9369.0
PAR-007481,PS-EQ-01,2026-07-05,18:00:00,3.0,Operativa,Falta de mineral en cancha,1656.0
PAR-009531,PS-EQ-07,2026-10-18,04:00:00,6.7,Preventiva,Mantenimiento programado (plan anual),13756.0
PAR-008935,PS-EQ-05,2027-07-12,03:00:00,8.4,Preventiva,Mantenimiento programado (plan anual),8085.0
PAR-009773,PS-EQ-08,2025-10-26,02:00:00,2.4,Correctiva,Falla de lubricación,4687.0
PAR-010133,PS-EQ-09,2026-05-11,11:00:00,3.0,Operativa,Espera de insumos (reactivos/bolas de molienda),1358.0
PAR-009196,PS-EQ-06,2026-06-10,08:00:00,7.5,Correctiva,Falla eléctrica - motor/tablero,6708.0
PAR-008363,PS-EQ-04,2025-06-23,09:00:00,8.1,Preventiva,Mantenimiento programado (plan anual),10488.0
PAR-010179,PS-EQ-09,2027-01-05,04:00:00,11.0,Correctiva,Falla mecánica - desgaste de componente,15749.0
PAR-009900,PS-EQ-08,2027-02-21,07:00:00,4.4,Correctiva,Falla de lubricación,7032.0
PAR-007918,PS-EQ-02,2027-05-04,02:00:00,7.5,Correctiva,Falla de lubricación,6219.0
PAR-010325,PS-EQ-10,2025-03-15,11:00:00,1.7,Correctiva,Falla mecánica - desgaste de componente,1498.0
PAR-009243,PS-EQ-06,2026-12-06,04:00:00,14.7,Correctiva,Falla mecánica - desgaste de componente,14378.0
PAR-009175,PS-EQ-06,2026-03-12,15:00:00,1.2,Operativa,Condiciones climáticas adversas,371.0
PAR-010006,PS-EQ-09,2024-07-31,14:00:00,2.8,Operativa,Corte de energía externo,604.0
PAR-007941,PS-EQ-02,2027-07-07,20:00:00,2.3,Operativa,Indeterminado,591.0
PAR-010314,PS-EQ-10,2025-01-11,12:00:00,8.4,Correctiva,Falla mecánica - desgaste de componente,12251.0
PAR-010132,PS-EQ-09,2026-05-05,08:00:00,4.4,Preventiva,Mantenimiento programado (plan anual),7179.0
PAR-009376,PS-EQ-07,2024-07-01,05:00:00,2.3,Operativa,Condiciones climáticas adversas,692.0
PAR-009711,PS-EQ-08,2025-02-09,08:00:00,11.0,Correctiva,Indeterminado,21067.0
PAR-009156,PS-EQ-06,2026-01-05,15:00:00,2.7,Correctiva,Falla mecánica - desgaste de componente,5691.0
PAR-008421,PS-EQ-04,2026-02-28,07:00:00,8.1,Preventiva,Mantenimiento programado (plan anual),7732.0
PAR-008268,PS-EQ-04,2024-05-09,12:00:00,2.4,Correctiva,Falla de lubricación,3278.0
PAR-007657,PS-EQ-02,2024-08-08,17:00:00,3.6,Correctiva,Falla de lubricación,3980.0
PAR-007523,PS-EQ-01,2027-01-02,05:00:00,9.0,Correctiva,Falla de lubricación,9213.0
PAR-010444,PS-EQ-10,2027-01-21,14:00:00,7.2,Correctiva,Falla eléctrica - motor/tablero,13381.0
PAR-008770,PS-EQ-05,2025-11-25,07:00:00,4.9,Preventiva,Mantenimiento programado (plan anual),6426.0
PAR-010204,PS-EQ-09,2027-05-26,02:00:00,8.3,Preventiva,Mantenimiento programado (plan anual),10653.0
PAR-007467,PS-EQ-01,2026-05-26,15:00:00,7.7,Correctiva,Atoro de mineral / obstrucción,11196.0
PAR-008212,PS-EQ-03,2027-08-13,11:00:00,8.2,Preventiva,Mantenimiento programado (plan anual),17576.0
PAR-007562,PS-EQ-01,2027-06-18,14:00:00,4.6,Preventiva,Mantenimiento programado (plan anual),3990.0
PAR-007827,PS-EQ-02,2026-06-14,13:00:00,4.0,Correctiva,Falla de lubricación,3623.0
PAR-010024,PS-EQ-09,2024-11-18,02:00:00,3.5,Correctiva,Atoro de mineral / obstrucción,4579.0
PAR-010034,PS-EQ-09,2024-12-26,03:00:00,20.0,Correctiva,Rotura de faja/correa,
PAR-008018,PS-EQ-03,2024-06-20,01:00:00,16.5,Correctiva,Rotura de faja/correa,27201.0
PAR-009640,PS-EQ-08,2024-04-10,02:00:00,19.5,Correctiva,Rotura de faja/correa,19421.0
PAR-007687,PS-EQ-02,2025-01-02,01:00:00,2.2,Operativa,Indeterminado,
PAR-008909,PS-EQ-05,2027-04-11,01:00:00,10.2,Correctiva,Indeterminado,10832.0
PAR-010271,PS-EQ-10,2024-06-22,14:00:00,2.8,Correctiva,Rotura de faja/correa,4020.0
PAR-007602,PS-EQ-01,2027-12-24,17:00:00,1.4,Operativa,Corte de energía externo,415.0
PAR-008414,PS-EQ-04,2026-02-02,18:00:00,3.0,Correctiva,Atoro de mineral / obstrucción,
PAR-008477,PS-EQ-04,2026-09-30,06:00:00,15.5,Correctiva,Falla eléctrica - motor/tablero,28932.0
PAR-007644,PS-EQ-02,2024-06-17,13:00:00,7.8,Preventiva,Mantenimiento programado (plan anual),
PAR-010524,PS-EQ-10,2027-12-21,12:00:00,1.9,Correctiva,Rotura de faja/correa,3823.0
PAR-010042,PS-EQ-09,2025-01-28,19:00:00,0.9,Operativa,Condiciones climáticas adversas,534.0
PAR-009713,PS-EQ-08,2025-02-15,07:00:00,3.8,Correctiva,Falla eléctrica - motor/tablero,4181.0
PAR-008074,PS-EQ-03,2025-05-13,01:00:00,4.3,Preventiva,Mantenimiento programado (plan anual),5551.0
PAR-009583,PS-EQ-07,2027-08-18,06:00:00,13.1,Correctiva,Falla mecánica - desgaste de componente,12357.0
PAR-009282,PS-EQ-06,2027-05-27,05:00:00,4.7,Preventiva,Mantenimiento programado (plan anual),3874.0
PAR-009872,PS-EQ-08,2026-11-15,09:00:00,1.4,Operativa,Falta de mineral en cancha,646.0
PAR-009317,PS-EQ-06,2027-10-07,01:00:00,12.1,Correctiva,Rotura de faja/correa,20908.0
PAR-007740,PS-EQ-02,2025-07-03,02:00:00,1.9,Correctiva,Rotura de faja/correa,4037.0
PAR-007645,PS-EQ-02,2024-06-19,00:00:00,0.8,Correctiva,Falla de lubricación,1214.0
PAR-009306,PS-EQ-06,2027-08-26,01:00:00,6.6,Preventiva,Mantenimiento programado (plan anual),7280.0
PAR-008700,PS-EQ-05,2025-01-05,01:00:00,20.0,Correctiva,Falla de lubricación,24438.0
PAR-008672,PS-EQ-05,2024-10-11,12:00:00,6.1,Correctiva,Rotura de faja/correa,9404.0
PAR-008346,PS-EQ-04,2025-04-02,02:00:00,12.3,Correctiva,Falla de lubricación,12147.0
PAR-009728,PS-EQ-08,2025-05-01,02:00:00,4.4,Correctiva,Falla de lubricación,9132.0
PAR-009467,PS-EQ-07,2025-12-06,14:00:00,8.4,Preventiva,Mantenimiento programado (plan anual),17806.0
PAR-008501,PS-EQ-04,2026-12-25,03:00:00,2.1,Operativa,Corte de energía externo,537.0
PAR-007289,PS-EQ-01,2024-04-05,07:00:00,2.9,Correctiva,Rotura de faja/correa,3089.0
PAR-008805,PS-EQ-05,2026-03-29,08:00:00,1.6,Correctiva,Rotura de faja/correa,1314.0
PAR-009759,PS-EQ-08,2025-08-17,04:00:00,15.4,Correctiva,Rotura de faja/correa,23797.0
PAR-009814,PS-EQ-08,2026-03-07,04:00:00,7.1,Preventiva,Mantenimiento programado (plan anual),5837.0
PAR-010463,PS-EQ-10,2027-04-22,01:00:00,2.9,Operativa,Corte de energía externo,1313.0
PAR-008272,PS-EQ-04,2024-05-27,13:00:00,4.4,Preventiva,Mantenimiento programado (plan anual),6515.0
PAR-008278,PS-EQ-04,2024-07-03,00:00:00,5.7,Preventiva,Mantenimiento programado (plan anual),8352.0
PAR-010423,PS-EQ-10,2026-09-12,07:00:00,2.4,Correctiva,Falla de lubricación,2496.0
PAR-008388,PS-EQ-04,2025-10-19,14:00:00,8.4,Preventiva,Mantenimiento programado (plan anual),18156.0
PAR-010367,PS-EQ-10,2025-10-28,00:00:00,5.3,Correctiva,Falla eléctrica - motor/tablero,7879.0
PAR-009785,PS-EQ-08,2025-12-08,13:00:00,1.7,Operativa,Condiciones climáticas adversas,863.0
PAR-010518,PS-EQ-10,2027-11-20,00:00:00,19.2,Correctiva,Falla eléctrica - motor/tablero,19689.0
PAR-009972,PS-EQ-09,2024-01-25,01:00:00,1.6,Correctiva,Falla mecánica - desgaste de componente,2593.0
PAR-007560,PS-EQ-01,2027-05-27,12:00:00,3.9,Correctiva,Falla mecánica - desgaste de componente,6271.0
PAR-009164,PS-EQ-06,2026-02-01,04:00:00,5.7,Correctiva,Atoro de mineral / obstrucción,8643.0
PAR-009336,PS-EQ-06,2027-12-21,07:00:00,5.5,Correctiva,Falla mecánica - desgaste de componente,11571.0
PAR-008139,PS-EQ-03,2026-06-06,06:00:00,3.6,Correctiva,Rotura de faja/correa,6167.0
PAR-009653,PS-EQ-08,2024-06-13,02:00:00,5.3,Preventiva,Mantenimiento programado (plan anual),11263.0
PAR-009761,PS-EQ-08,2025-08-25,06:00:00,8.8,Preventiva,Mantenimiento programado (plan anual),14663.0
PAR-009395,PS-EQ-07,2024-09-28,15:00:00,7.2,Preventiva,Mantenimiento programado (plan anual),9233.0
PAR-009539,PS-EQ-07,2026-12-09,13:00:00,1.8,Operativa,Condiciones climáticas adversas,936.0
PAR-008374,PS-EQ-04,2025-08-20,00:00:00,2.6,Correctiva,Rotura de faja/correa,5428.0
PAR-009516,PS-EQ-07,2026-07-19,18:00:00,2.5,Operativa,Falta de mineral en cancha,737.0
PAR-008859,PS-EQ-05,2026-10-07,16:00:00,4.4,Preventiva,Mantenimiento programado (plan anual),6096.0
PAR-007814,PS-EQ-02,2026-05-07,01:00:00,20.0,Correctiva,Falla mecánica - desgaste de componente,34409.0
PAR-007739,PS-EQ-02,2025-07-02,19:00:00,2.0,Operativa,Falta de mineral en cancha,677.0
PAR-008713,PS-EQ-05,2025-03-09,00:00:00,1.8,Operativa,Espera de insumos (reactivos/bolas de molienda),875.0
PAR-007691,PS-EQ-02,2025-01-15,02:00:00,7.0,Correctiva,Falla mecánica - desgaste de componente,6361.0
PAR-007880,PS-EQ-02,2026-12-07,00:00:00,7.3,Correctiva,Falla eléctrica - motor/tablero,12601.0
PAR-010467,PS-EQ-10,2027-04-30,20:00:00,1.4,Correctiva,Falla mecánica - desgaste de componente,2674.0
PAR-008615,PS-EQ-05,2024-03-12,01:00:00,20.0,Correctiva,Falla eléctrica - motor/tablero,
PAR-010124,PS-EQ-09,2026-03-19,06:00:00,2.5,Operativa,Corte de energía externo,1346.0
PAR-008369,PS-EQ-04,2025-08-09,06:00:00,6.0,Preventiva,Mantenimiento programado (plan anual),
PAR-009794,PS-EQ-08,2026-01-02,01:00:00,20.0,Correctiva,Rotura de faja/correa,40118.0
PAR-009674,PS-EQ-08,2024-08-26,19:00:00,1.3,Correctiva,Atoro de mineral / obstrucción,2685.0
PAR-007686,PS-EQ-02,2024-12-31,20:00:00,1.0,Correctiva,Rotura de faja/correa,854.0
PAR-008326,PS-EQ-04,2025-01-21,16:00:00,1.8,Operativa,Espera de insumos (reactivos/bolas de molienda),875.0
PAR-007572,PS-EQ-01,2027-07-29,02:00:00,17.1,Correctiva,Atoro de mineral / obstrucción,15022.0
PAR-007331,PS-EQ-01,2024-10-25,04:00:00,8.0,Correctiva,Falla de lubricación,11295.0
PAR-010384,PS-EQ-10,2026-01-27,15:00:00,2.1,Operativa,Corte de energía externo,878.0
PAR-008877,PS-EQ-05,2026-12-30,20:00:00,0.9,Correctiva,Atoro de mineral / obstrucción,1679.0
PAR-009680,PS-EQ-08,2024-09-30,10:00:00,0.6,Operativa,Condiciones climáticas adversas,268.0
PAR-007513,PS-EQ-01,2026-11-25,15:00:00,7.0,Correctiva,Falla mecánica - desgaste de componente,5971.0
PAR-010426,PS-EQ-10,2026-09-27,11:00:00,4.4,Preventiva,Mantenimiento programado (plan anual),4056.0
PAR-010377,PS-EQ-10,2025-12-19,04:00:00,3.7,Correctiva,Falla eléctrica - motor/tablero,7297.0
PAR-009215,PS-EQ-06,2026-08-23,01:00:00,1.6,Operativa,Corte de energía externo,
PAR-009945,PS-EQ-08,2027-10-12,00:00:00,4.7,Preventiva,Mantenimiento programado (plan anual),4789.0
PAR-008184,PS-EQ-03,2027-03-12,16:00:00,4.1,Preventiva,Mantenimiento programado (plan anual),3753.0
PAR-008790,PS-EQ-05,2026-01-31,11:00:00,2.7,Operativa,Falta de mineral en cancha,1468.0
PAR-009693,PS-EQ-08,2024-11-16,12:00:00,0.5,Operativa,Condiciones climáticas adversas,187.0
PAR-009834,PS-EQ-08,2026-05-28,00:00:00,4.6,Correctiva,Atoro de mineral / obstrucción,7750.0
PAR-008350,PS-EQ-04,2025-04-10,10:00:00,12.7,Correctiva,Falla mecánica - desgaste de componente,16254.0
PAR-008657,PS-EQ-05,2024-08-04,02:00:00,0.5,Correctiva,Falla de lubricación,438.0
PAR-009960,PS-EQ-08,2027-12-01,04:00:00,11.6,Correctiva,Falla de lubricación,13024.0
PAR-008263,PS-EQ-04,2024-04-15,12:00:00,6.2,Correctiva,Falla eléctrica - motor/tablero,5840.0
PAR-010278,PS-EQ-10,2024-07-27,01:00:00,7.3,Correctiva,Atoro de mineral / obstrucción,14361.0
PAR-010301,PS-EQ-10,2024-11-16,04:00:00,4.9,Correctiva,Falla mecánica - desgaste de componente,8344.0
PAR-008358,PS-EQ-04,2025-05-19,10:00:00,0.9,Operativa,Espera de insumos (reactivos/bolas de molienda),356.0
PAR-009321,PS-EQ-06,2027-10-21,08:00:00,6.5,Preventiva,Mantenimiento programado (plan anual),8061.0
PAR-007576,PS-EQ-01,2027-08-09,02:00:00,7.9,Preventiva,Mantenimiento programado (plan anual),8128.0
PAR-007449,PS-EQ-01,2026-03-23,07:00:00,0.5,Correctiva,Falla mecánica - desgaste de componente,1090.0
PAR-009562,PS-EQ-07,2027-03-16,05:00:00,7.7,Preventiva,Mantenimiento programado (plan anual),15078.0
PAR-008589,PS-EQ-04,2027-11-27,14:00:00,8.2,Correctiva,Falla mecánica - desgaste de componente,10640.0
PAR-009877,PS-EQ-08,2026-12-02,16:00:00,6.9,Correctiva,Falla mecánica - desgaste de componente,7341.0
PAR-009383,PS-EQ-07,2024-08-07,09:00:00,2.1,Operativa,Condiciones climáticas adversas,817.0
PAR-009205,PS-EQ-06,2026-07-24,09:00:00,2.6,Operativa,Condiciones climáticas adversas,1383.0
PAR-007391,PS-EQ-01,2025-07-12,03:00:00,11.4,Correctiva,Atoro de mineral / obstrucción,22725.0
PAR-009362,PS-EQ-07,2024-04-29,06:00:00,3.9,Correctiva,Falla mecánica - desgaste de componente,7790.0
PAR-008315,PS-EQ-04,2024-12-03,09:00:00,7.1,Preventiva,Mantenimiento programado (plan anual),8534.0
PAR-010259,PS-EQ-10,2024-04-12,04:00:00,8.3,Preventiva,Mantenimiento programado (plan anual),8103.0
PAR-007607,PS-EQ-02,2024-01-12,04:00:00,2.7,Operativa,Espera de insumos (reactivos/bolas de molienda),1068.0
PAR-007952,PS-EQ-02,2027-08-09,02:00:00,1.0,Operativa,Espera de insumos (reactivos/bolas de molienda),545.0
PAR-007826,PS-EQ-02,2026-06-10,01:00:00,3.7,Correctiva,Rotura de faja/correa,5260.0
PAR-007971,PS-EQ-02,2027-10-31,14:00:00,2.0,Operativa,Falta de mineral en cancha,605.0
PAR-010506,PS-EQ-10,2027-10-12,02:00:00,7.9,Preventiva,Mantenimiento programado (plan anual),8305.0
PAR-010158,PS-EQ-09,2026-10-08,17:00:00,2.4,Operativa,Condiciones climáticas adversas,586.0
PAR-009911,PS-EQ-08,2027-04-11,04:00:00,15.4,Correctiva,Falla mecánica - desgaste de componente,
PAR-007341,PS-EQ-01,2024-12-27,04:00:00,6.7,Preventiva,Mantenimiento programado (plan anual),12475.0
PAR-010080,PS-EQ-09,2025-07-24,16:00:00,3.7,Correctiva,Falla mecánica - desgaste de componente,6334.0
PAR-010508,PS-EQ-10,2027-10-28,02:00:00,8.0,Preventiva,Mantenimiento programado (plan anual),7502.0
PAR-007862,PS-EQ-02,2026-10-10,03:00:00,0.5,Operativa,Espera de insumos (reactivos/bolas de molienda),109.0
PAR-007947,PS-EQ-02,2027-07-27,00:00:00,19.5,Correctiva,Indeterminado,28830.0
PAR-008733,PS-EQ-05,2025-06-03,03:00:00,12.7,Correctiva,Falla de lubricación,
PAR-008448,PS-EQ-04,2026-05-19,07:00:00,1.4,Correctiva,Rotura de faja/correa,1389.0
PAR-007563,PS-EQ-01,2027-06-18,17:00:00,2.4,Correctiva,Rotura de faja/correa,4884.0
PAR-008598,PS-EQ-05,2024-01-07,02:00:00,20.0,Correctiva,Atoro de mineral / obstrucción,37721.0
PAR-009962,PS-EQ-08,2027-12-10,03:00:00,20.0,Correctiva,Atoro de mineral / obstrucción,29579.0
PAR-007267,PS-EQ-01,2024-01-20,21:00:00,0.6,Operativa,Espera de insumos (reactivos/bolas de molienda),211.0
PAR-009683,PS-EQ-08,2024-10-15,15:00:00,0.8,Operativa,Falta de mineral en cancha,360.0
PAR-010135,PS-EQ-09,2026-05-22,14:00:00,0.6,Operativa,Espera de insumos (reactivos/bolas de molienda),274.0
PAR-010306,PS-EQ-10,2024-12-11,20:00:00,0.7,Correctiva,Falla mecánica - desgaste de componente,1526.0
PAR-009386,PS-EQ-07,2024-08-20,19:00:00,1.9,Correctiva,Falla de lubricación,3574.0
PAR-009433,PS-EQ-07,2025-06-27,05:00:00,4.7,Preventiva,Mantenimiento programado (plan anual),9144.0
PAR-008117,PS-EQ-03,2025-12-30,15:00:00,2.6,Operativa,Condiciones climáticas adversas,650.0
PAR-008037,PS-EQ-03,2024-10-18,04:00:00,2.0,Operativa,Falta de mineral en cancha,595.0
PAR-009676,PS-EQ-08,2024-09-09,00:00:00,7.8,Preventiva,Mantenimiento programado (plan anual),16485.0
PAR-010085,PS-EQ-09,2025-08-18,02:00:00,5.2,Correctiva,Falla eléctrica - motor/tablero,5373.0
PAR-010069,PS-EQ-09,2025-06-12,00:00:00,7.2,Preventiva,Mantenimiento programado (plan anual),15025.0
PAR-009671,PS-EQ-08,2024-08-12,09:00:00,13.2,Correctiva,Indeterminado,22418.0
PAR-008148,PS-EQ-03,2026-08-14,00:00:00,5.8,Correctiva,Falla mecánica - desgaste de componente,6523.0
PAR-007666,PS-EQ-02,2024-09-29,16:00:00,2.1,Correctiva,Rotura de faja/correa,4410.0
PAR-008228,PS-EQ-03,2027-11-05,18:00:00,1.5,Operativa,Indeterminado,456.0
PAR-009401,PS-EQ-07,2024-12-08,04:00:00,7.9,Preventiva,Mantenimiento programado (plan anual),7225.0
PAR-010090,PS-EQ-09,2025-09-09,01:00:00,2.0,Correctiva,Rotura de faja/correa,2168.0
PAR-008650,PS-EQ-05,2024-07-10,02:00:00,20.0,Correctiva,Rotura de faja/correa,42091.0
PAR-008150,PS-EQ-03,2026-08-30,13:00:00,4.4,Preventiva,Mantenimiento programado (plan anual),8907.0
PAR-007930,PS-EQ-02,2027-06-11,00:00:00,20.0,Correctiva,Atoro de mineral / obstrucción,24038.0
PAR-007313,PS-EQ-01,2024-08-11,05:00:00,7.8,Preventiva,Mantenimiento programado (plan anual),6295.0
PAR-010315,PS-EQ-10,2025-01-13,01:00:00,1.9,Operativa,Corte de energía externo,382.0
PAR-009045,PS-EQ-06,2024-09-29,08:00:00,6.5,Preventiva,Mantenimiento programado (plan anual),10469.0
PAR-007958,PS-EQ-02,2027-09-08,19:00:00,2.0,Operativa,Espera de insumos (reactivos/bolas de molienda),1128.0
PAR-008370,PS-EQ-04,2025-08-14,03:00:00,2.1,Operativa,Corte de energía externo,486.0
PAR-008167,PS-EQ-03,2026-12-16,03:00:00,7.9,Preventiva,Mantenimiento programado (plan anual),9271.0
PAR-007835,PS-EQ-02,2026-07-22,08:00:00,6.1,Preventiva,Mantenimiento programado (plan anual),12013.0
PAR-008568,PS-EQ-04,2027-09-06,08:00:00,0.8,Operativa,Indeterminado,371.0
PAR-007597,PS-EQ-01,2027-12-03,20:00:00,3.0,Operativa,Corte de energía externo,1173.0
PAR-009784,PS-EQ-08,2025-12-05,20:00:00,2.9,Operativa,Falta de mineral en cancha,1207.0
PAR-008940,PS-EQ-05,2027-07-27,06:00:00,15.9,Correctiva,Falla mecánica - desgaste de componente,17321.0
PAR-009875,PS-EQ-08,2026-11-24,09:00:00,2.5,Operativa,Corte de energía externo,1257.0
PAR-009934,PS-EQ-08,2027-08-06,02:00:00,7.0,Preventiva,Mantenimiento programado (plan anual),6116.0
PAR-009443,PS-EQ-07,2025-08-06,18:00:00,2.6,Operativa,Condiciones climáticas adversas,1116.0
PAR-009444,PS-EQ-07,2025-08-08,12:00:00,1.0,Correctiva,Falla mecánica - desgaste de componente,1446.0
PAR-008973,PS-EQ-05,2027-12-10,15:00:00,2.7,Operativa,Condiciones climáticas adversas,
PAR-008179,PS-EQ-03,2027-02-13,05:00:00,2.8,Correctiva,Falla mecánica - desgaste de componente,5600.0
PAR-009058,PS-EQ-06,2024-11-21,00:00:00,15.4,Correctiva,Falla eléctrica - motor/tablero,27365.0
PAR-007367,PS-EQ-01,2025-04-12,00:00:00,10.8,Correctiva,Falla de lubricación,21183.0
PAR-009118,PS-EQ-06,2025-08-03,01:00:00,0.8,Correctiva,Atoro de mineral / obstrucción,894.0
PAR-008999,PS-EQ-06,2024-05-08,06:00:00,13.2,Correctiva,Falla de lubricación,24011.0
PAR-010116,PS-EQ-09,2026-02-07,04:00:00,5.7,Preventiva,Mantenimiento programado (plan anual),9011.0
PAR-007757,PS-EQ-02,2025-09-21,04:00:00,10.7,Correctiva,Falla eléctrica - motor/tablero,12289.0
PAR-008287,PS-EQ-04,2024-08-14,00:00:00,8.1,Preventiva,Mantenimiento programado (plan anual),12875.0
PAR-009490,PS-EQ-07,2026-03-10,04:00:00,6.2,Preventiva,Mantenimiento programado (plan anual),10838.0
PAR-009991,PS-EQ-09,2024-05-14,10:00:00,3.4,Correctiva,Falla de lubricación,4818.0
PAR-007604,PS-EQ-01,2027-12-28,02:00:00,1.9,Correctiva,Falla eléctrica - motor/tablero,3203.0
PAR-008178,PS-EQ-03,2027-02-06,07:00:00,1.7,Correctiva,Falla de lubricación,3004.0
PAR-009831,PS-EQ-08,2026-05-20,07:00:00,2.5,Operativa,Falta de mineral en cancha,731.0
PAR-009397,PS-EQ-07,2024-11-04,11:00:00,8.5,Preventiva,Mantenimiento programado (plan anual),9703.0
PAR-010523,PS-EQ-10,2027-12-17,10:00:00,4.0,Correctiva,Falla de lubricación,6638.0
PAR-008678,PS-EQ-05,2024-10-18,05:00:00,3.0,Correctiva,Falla mecánica - desgaste de componente,4674.0
PAR-009140,PS-EQ-06,2025-10-29,19:00:00,2.7,Correctiva,Rotura de faja/correa,2393.0
PAR-008682,PS-EQ-05,2024-11-09,00:00:00,13.9,Correctiva,Falla de lubricación,21991.0
PAR-009705,PS-EQ-08,2025-01-17,17:00:00,5.8,Preventiva,Mantenimiento programado (plan anual),7598.0
PAR-010176,PS-EQ-09,2026-12-22,09:00:00,6.5,Preventiva,Mantenimiento programado (plan anual),6882.0
PAR-007966,PS-EQ-02,2027-10-10,03:00:00,3.5,Correctiva,Atoro de mineral / obstrucción,7221.0
PAR-009525,PS-EQ-07,2026-09-07,14:00:00,6.2,Correctiva,Falla de lubricación,12494.0
PAR-008974,PS-EQ-05,2027-12-14,06:00:00,7.9,Preventiva,Mantenimiento programado (plan anual),14871.0
PAR-010101,PS-EQ-09,2025-10-11,04:00:00,5.0,Preventiva,Mantenimiento programado (plan anual),4046.0
PAR-009230,PS-EQ-06,2026-10-26,15:00:00,2.6,Operativa,Espera de insumos (reactivos/bolas de molienda),805.0
PAR-007868,PS-EQ-02,2026-11-01,11:00:00,0.5,Correctiva,Falla eléctrica - motor/tablero,485.0
PAR-008920,PS-EQ-05,2027-05-19,02:00:00,7.7,Correctiva,Atoro de mineral / obstrucción,8737.0
PAR-009483,PS-EQ-07,2026-02-11,17:00:00,4.2,Correctiva,Rotura de faja/correa,6191.0
PAR-010427,PS-EQ-10,2026-09-30,10:00:00,2.1,Operativa,Indeterminado,629.0
PAR-007635,PS-EQ-02,2024-05-16,02:00:00,18.1,Correctiva,Rotura de faja/correa,14832.0
PAR-009660,PS-EQ-08,2024-07-09,10:00:00,2.0,Correctiva,Falla de lubricación,2510.0
PAR-008341,PS-EQ-04,2025-03-20,05:00:00,2.3,Correctiva,Falla mecánica - desgaste de componente,2200.0
PAR-009819,PS-EQ-08,2026-03-24,01:00:00,7.3,Preventiva,Mantenimiento programado (plan anual),10961.0
PAR-008772,PS-EQ-05,2025-11-27,15:00:00,0.6,Operativa,Falta de mineral en cancha,325.0
PAR-009829,PS-EQ-08,2026-05-14,00:00:00,9.8,Correctiva,Falla mecánica - desgaste de componente,15315.0
PAR-007778,PS-EQ-02,2025-12-26,10:00:00,8.1,Correctiva,Falla eléctrica - motor/tablero,14522.0
PAR-009641,PS-EQ-08,2024-04-22,01:00:00,4.6,Preventiva,Mantenimiento programado (plan anual),7996.0
PAR-010293,PS-EQ-10,2024-10-20,16:00:00,6.7,Preventiva,Mantenimiento programado (plan anual),14420.0
PAR-007677,PS-EQ-02,2024-11-16,01:00:00,6.7,Correctiva,Atoro de mineral / obstrucción,13653.0
PAR-007346,PS-EQ-01,2025-01-19,13:00:00,4.8,Correctiva,Rotura de faja/correa,9482.0
PAR-009017,PS-EQ-06,2024-06-24,19:00:00,1.3,Operativa,Falta de mineral en cancha,413.0
PAR-009475,PS-EQ-07,2026-01-16,16:00:00,1.6,Operativa,Falta de mineral en cancha,950.0
PAR-008891,PS-EQ-05,2027-02-03,12:00:00,2.9,Correctiva,Rotura de faja/correa,4544.0
PAR-009394,PS-EQ-07,2024-09-24,18:00:00,2.8,Operativa,Condiciones climáticas adversas,1436.0
PAR-007881,PS-EQ-02,2026-12-10,09:00:00,6.2,Correctiva,Falla de lubricación,8781.0
PAR-008980,PS-EQ-06,2024-02-09,13:00:00,3.0,Operativa,Condiciones climáticas adversas,1228.0
PAR-007638,PS-EQ-02,2024-05-21,01:00:00,0.5,Correctiva,Falla de lubricación,819.0
PAR-007772,PS-EQ-02,2025-11-22,13:00:00,2.2,Correctiva,Rotura de faja/correa,2581.0
PAR-009566,PS-EQ-07,2027-05-01,18:00:00,1.5,Correctiva,Atoro de mineral / obstrucción,1677.0
PAR-009724,PS-EQ-08,2025-04-18,10:00:00,7.3,Preventiva,Mantenimiento programado (plan anual),12212.0
PAR-010208,PS-EQ-09,2027-06-28,10:00:00,8.0,Preventiva,Mantenimiento programado (plan anual),7219.0
PAR-008288,PS-EQ-04,2024-08-21,22:00:00,0.8,Operativa,Falta de mineral en cancha,232.0
PAR-007334,PS-EQ-01,2024-11-12,09:00:00,1.3,Operativa,Condiciones climáticas adversas,299.0
PAR-009260,PS-EQ-06,2027-02-15,03:00:00,7.7,Preventiva,Mantenimiento programado (plan anual),15274.0
PAR-009277,PS-EQ-06,2027-05-09,10:00:00,8.6,Preventiva,Mantenimiento programado (plan anual),9787.0
PAR-008863,PS-EQ-05,2026-10-23,06:00:00,15.1,Correctiva,Falla de lubricación,13772.0
PAR-007286,PS-EQ-01,2024-03-31,02:00:00,7.8,Preventiva,Mantenimiento programado (plan anual),10327.0
PAR-008389,PS-EQ-04,2025-10-25,01:00:00,3.6,Correctiva,Falla mecánica - desgaste de componente,7319.0
PAR-008597,PS-EQ-04,2027-12-27,15:00:00,4.8,Preventiva,Mantenimiento programado (plan anual),8127.0
PAR-007734,PS-EQ-02,2025-06-03,02:00:00,20.0,Correctiva,Atoro de mineral / obstrucción,39479.0
PAR-008794,PS-EQ-05,2026-02-21,01:00:00,1.6,Correctiva,Falla de lubricación,1842.0
PAR-008124,PS-EQ-03,2026-02-28,00:00:00,8.2,Correctiva,Falla mecánica - desgaste de componente,13660.0
PAR-009734,PS-EQ-08,2025-05-14,15:00:00,3.1,Correctiva,Atoro de mineral / obstrucción,4177.0
PAR-007285,PS-EQ-01,2024-03-27,16:00:00,0.9,Operativa,Espera de insumos (reactivos/bolas de molienda),242.0
PAR-010167,PS-EQ-09,2026-11-15,07:00:00,0.8,Operativa,Corte de energía externo,188.0
PAR-007487,PS-EQ-01,2026-07-27,10:00:00,8.8,Correctiva,Rotura de faja/correa,9893.0
PAR-008237,PS-EQ-03,2027-12-22,11:00:00,7.8,Preventiva,Mantenimiento programado (plan anual),14548.0
PAR-010424,PS-EQ-10,2026-09-13,11:00:00,2.8,Correctiva,Rotura de faja/correa,3087.0
PAR-007903,PS-EQ-02,2027-03-24,14:00:00,2.6,Operativa,Condiciones climáticas adversas,1337.0
PAR-010162,PS-EQ-09,2026-10-27,09:00:00,10.0,Correctiva,Falla eléctrica - motor/tablero,8615.0
PAR-010113,PS-EQ-09,2026-01-03,18:00:00,0.7,Operativa,Espera de insumos (reactivos/bolas de molienda),319.0
PAR-010095,PS-EQ-09,2025-09-23,06:00:00,14.6,Correctiva,Falla de lubricación,15116.0
PAR-007913,PS-EQ-02,2027-04-21,09:00:00,5.5,Correctiva,Falla de lubricación,6375.0
PAR-008626,PS-EQ-05,2024-04-15,21:00:00,1.3,Correctiva,Falla de lubricación,1598.0
PAR-009987,PS-EQ-09,2024-04-28,18:00:00,0.9,Operativa,Corte de energía externo,428.0
PAR-009233,PS-EQ-06,2026-10-31,00:00:00,4.9,Preventiva,Mantenimiento programado (plan anual),10135.0
PAR-007889,PS-EQ-02,2026-12-31,16:00:00,1.7,Correctiva,Falla de lubricación,2454.0
PAR-009497,PS-EQ-07,2026-04-04,13:00:00,2.0,Correctiva,Falla mecánica - desgaste de componente,1665.0
PAR-010481,PS-EQ-10,2027-06-26,06:00:00,4.7,Correctiva,Falla eléctrica - motor/tablero,9294.0
PAR-008102,PS-EQ-03,2025-10-21,03:00:00,1.3,Correctiva,Falla de lubricación,1264.0
PAR-008318,PS-EQ-04,2024-12-20,19:00:00,3.1,Correctiva,Rotura de faja/correa,5956.0
PAR-009173,PS-EQ-06,2026-02-28,06:00:00,0.6,Operativa,Condiciones climáticas adversas,259.0
PAR-009590,PS-EQ-07,2027-09-15,07:00:00,0.7,Operativa,Falta de mineral en cancha,420.0
PAR-007564,PS-EQ-01,2027-06-25,00:00:00,3.0,Operativa,Falta de mineral en cancha,1751.0
PAR-009824,PS-EQ-08,2026-04-13,00:00:00,14.8,Correctiva,Rotura de faja/correa,12013.0
PAR-008423,PS-EQ-04,2026-03-08,01:00:00,1.9,Operativa,Espera de insumos (reactivos/bolas de molienda),434.0
PAR-010455,PS-EQ-10,2027-03-01,10:00:00,4.3,Correctiva,Atoro de mineral / obstrucción,8278.0
PAR-007601,PS-EQ-01,2027-12-16,04:00:00,8.3,Preventiva,Mantenimiento programado (plan anual),
PAR-007536,PS-EQ-01,2027-02-17,04:00:00,1.5,Operativa,Corte de energía externo,460.0
PAR-008975,PS-EQ-05,2027-12-24,14:00:00,2.3,Operativa,Condiciones climáticas adversas,652.0
PAR-010203,PS-EQ-09,2027-05-22,07:00:00,2.3,Correctiva,Rotura de faja/correa,3001.0
PAR-007733,PS-EQ-02,2025-06-01,13:00:00,4.2,Preventiva,Mantenimiento programado (plan anual),4390.0
PAR-008549,PS-EQ-04,2027-06-11,01:00:00,8.8,Correctiva,Falla de lubricación,7326.0
PAR-009715,PS-EQ-08,2025-02-23,09:00:00,4.9,Preventiva,Mantenimiento programado (plan anual),6690.0
PAR-008683,PS-EQ-05,2024-11-17,02:00:00,6.7,Preventiva,Mantenimiento programado (plan anual),8954.0
PAR-008945,PS-EQ-05,2027-08-17,16:00:00,7.0,Correctiva,Atoro de mineral / obstrucción,6759.0
PAR-009329,PS-EQ-06,2027-11-23,00:00:00,20.0,Correctiva,Indeterminado,43699.0
PAR-008689,PS-EQ-05,2024-12-02,06:00:00,6.3,Preventiva,Mantenimiento programado (plan anual),12013.0
PAR-010319,PS-EQ-10,2025-02-07,15:00:00,5.9,Preventiva,Mantenimiento programado (plan anual),6406.0
PAR-007988,PS-EQ-03,2024-02-10,08:00:00,2.4,Operativa,Espera de insumos (reactivos/bolas de molienda),740.0
PAR-008736,PS-EQ-05,2025-06-12,07:00:00,8.8,Preventiva,Mantenimiento programado (plan anual),12963.0
PAR-008493,PS-EQ-04,2026-11-26,00:00:00,4.1,Correctiva,Falla mecánica - desgaste de componente,7861.0
PAR-007378,PS-EQ-01,2025-05-16,05:00:00,5.1,Correctiva,Rotura de faja/correa,10086.0
PAR-009909,PS-EQ-08,2027-04-05,13:00:00,6.8,Preventiva,Mantenimiento programado (plan anual),11830.0
PAR-007423,PS-EQ-01,2025-12-16,09:00:00,1.1,Correctiva,Atoro de mineral / obstrucción,1327.0
PAR-009189,PS-EQ-06,2026-04-21,06:00:00,16.7,Correctiva,Atoro de mineral / obstrucción,27459.0
PAR-010522,PS-EQ-10,2027-12-16,18:00:00,0.7,Correctiva,Rotura de faja/correa,1479.0
PAR-009198,PS-EQ-06,2026-06-26,10:00:00,4.1,Preventiva,Mantenimiento programado (plan anual),4142.0
PAR-009461,PS-EQ-07,2025-10-26,08:00:00,7.5,Preventiva,Mantenimiento programado (plan anual),12084.0
PAR-009014,PS-EQ-06,2024-06-17,10:00:00,0.5,Correctiva,Rotura de faja/correa,632.0
PAR-007708,PS-EQ-02,2025-03-11,07:00:00,0.7,Operativa,Indeterminado,208.0
PAR-008900,PS-EQ-05,2027-03-11,00:00:00,1.7,Operativa,Condiciones climáticas adversas,394.0
PAR-008081,PS-EQ-03,2025-06-12,12:00:00,2.1,Correctiva,Atoro de mineral / obstrucción,4410.0
PAR-008887,PS-EQ-05,2027-01-23,12:00:00,6.6,Preventiva,Mantenimiento programado (plan anual),13556.0
PAR-007917,PS-EQ-02,2027-05-02,08:00:00,9.5,Correctiva,Falla de lubricación,11043.0
PAR-008338,PS-EQ-04,2025-02-27,06:00:00,14.4,Correctiva,Rotura de faja/correa,31078.0
PAR-007587,PS-EQ-01,2027-10-07,08:00:00,8.7,Preventiva,Mantenimiento programado (plan anual),18371.0
PAR-010263,PS-EQ-10,2024-04-29,14:00:00,8.7,Preventiva,Mantenimiento programado (plan anual),9447.0
PAR-010454,PS-EQ-10,2027-02-28,01:00:00,18.4,Correctiva,Atoro de mineral / obstrucción,25029.0
PAR-008409,PS-EQ-04,2026-01-09,06:00:00,2.5,Operativa,Corte de energía externo,960.0
PAR-008596,PS-EQ-04,2027-12-19,11:00:00,4.2,Correctiva,Falla de lubricación,7560.0
PAR-009740,PS-EQ-08,2025-06-10,08:00:00,1.1,Operativa,Falta de mineral en cancha,429.0
PAR-008054,PS-EQ-03,2025-02-01,10:00:00,2.3,Operativa,Falta de mineral en cancha,1086.0
PAR-007925,PS-EQ-02,2027-05-19,15:00:00,2.3,Operativa,Falta de mineral en cancha,506.0
PAR-009007,PS-EQ-06,2024-05-25,18:00:00,2.9,Operativa,Corte de energía externo,1008.0
PAR-009951,PS-EQ-08,2027-11-02,03:00:00,5.4,Preventiva,Mantenimiento programado (plan anual),8346.0
PAR-008243,PS-EQ-04,2024-01-21,01:00:00,5.5,Preventiva,Mantenimiento programado (plan anual),12059.0
PAR-009195,PS-EQ-06,2026-06-04,10:00:00,8.5,Preventiva,Mantenimiento programado (plan anual),12154.0
PAR-009361,PS-EQ-07,2024-04-19,19:00:00,2.8,Operativa,Indeterminado,1552.0
PAR-008758,PS-EQ-05,2025-09-20,14:00:00,8.4,Preventiva,Mantenimiento programado (plan anual),14462.0
PAR-008019,PS-EQ-03,2024-07-02,00:00:00,7.8,Preventiva,Mantenimiento programado (plan anual),6369.0
PAR-009863,PS-EQ-08,2026-09-23,09:00:00,3.4,Correctiva,Falla de lubricación,6929.0
PAR-007737,PS-EQ-02,2025-06-16,19:00:00,0.5,Correctiva,Rotura de faja/correa,617.0
PAR-009332,PS-EQ-06,2027-12-06,13:00:00,0.5,Correctiva,Falla de lubricación,609.0
PAR-008328,PS-EQ-04,2025-01-22,10:00:00,1.1,Operativa,Espera de insumos (reactivos/bolas de molienda),391.0
PAR-007451,PS-EQ-01,2026-03-28,14:00:00,2.5,Operativa,Corte de energía externo,1143.0
PAR-007621,PS-EQ-02,2024-03-14,14:00:00,8.9,Preventiva,Mantenimiento programado (plan anual),18094.0
PAR-008640,PS-EQ-05,2024-06-02,08:00:00,1.0,Operativa,Condiciones climáticas adversas,382.0
PAR-007643,PS-EQ-02,2024-06-12,15:00:00,1.1,Operativa,Condiciones climáticas adversas,
PAR-010313,PS-EQ-10,2025-01-06,04:00:00,8.3,Preventiva,Mantenimiento programado (plan anual),14781.0
PAR-009730,PS-EQ-08,2025-05-02,17:00:00,3.0,Correctiva,Falla mecánica - desgaste de componente,3914.0
PAR-010079,PS-EQ-09,2025-07-19,00:00:00,2.6,Operativa,Falta de mineral en cancha,966.0
PAR-008621,PS-EQ-05,2024-04-03,11:00:00,5.4,Correctiva,Atoro de mineral / obstrucción,11022.0
PAR-009642,PS-EQ-08,2024-04-22,00:00:00,8.0,Correctiva,Rotura de faja/correa,15750.0
PAR-008104,PS-EQ-03,2025-10-26,09:00:00,6.5,Correctiva,Atoro de mineral / obstrucción,11281.0
PAR-010016,PS-EQ-09,2024-10-02,04:00:00,6.8,Preventiva,Mantenimiento programado (plan anual),14938.0
PAR-008048,PS-EQ-03,2025-01-10,03:00:00,5.0,Correctiva,Falla eléctrica - motor/tablero,6541.0
PAR-008362,PS-EQ-04,2025-06-19,12:00:00,4.7,Correctiva,Atoro de mineral / obstrucción,7613.0
PAR-009064,PS-EQ-06,2024-12-25,17:00:00,0.8,Correctiva,Rotura de faja/correa,1070.0
PAR-009242,PS-EQ-06,2026-12-03,02:00:00,2.0,Operativa,Corte de energía externo,1022.0
PAR-010242,PS-EQ-10,2024-01-21,21:00:00,1.2,Operativa,Corte de energía externo,590.0
PAR-007736,PS-EQ-02,2025-06-15,09:00:00,8.3,Preventiva,Mantenimiento programado (plan anual),17651.0
PAR-010290,PS-EQ-10,2024-10-04,02:00:00,2.6,Correctiva,Falla mecánica - desgaste de componente,2368.0
PAR-008440,PS-EQ-04,2026-04-27,15:00:00,1.4,Operativa,Espera de insumos (reactivos/bolas de molienda),669.0
PAR-007403,PS-EQ-01,2025-10-07,14:00:00,5.1,Preventiva,Mantenimiento programado (plan anual),9796.0
PAR-009325,PS-EQ-06,2027-11-09,01:00:00,4.9,Preventiva,Mantenimiento programado (plan anual),8669.0
PAR-007460,PS-EQ-01,2026-05-02,09:00:00,10.8,Correctiva,Falla eléctrica - motor/tablero,
PAR-010025,PS-EQ-09,2024-11-21,07:00:00,7.6,Correctiva,Falla eléctrica - motor/tablero,6565.0
PAR-007300,PS-EQ-01,2024-06-01,00:00:00,20.0,Correctiva,Rotura de faja/correa,42184.0
PAR-010190,PS-EQ-09,2027-03-02,01:00:00,1.6,Correctiva,Rotura de faja/correa,1831.0
PAR-008343,PS-EQ-04,2025-03-27,00:00:00,3.7,Correctiva,Falla mecánica - desgaste de componente,6305.0
PAR-010161,PS-EQ-09,2026-10-16,01:00:00,5.8,Correctiva,Falla eléctrica - motor/tablero,5081.0
PAR-010099,PS-EQ-09,2025-10-03,12:00:00,0.8,Operativa,Corte de energía externo,365.0
PAR-009969,PS-EQ-09,2024-01-12,07:00:00,2.9,Operativa,Condiciones climáticas adversas,1313.0
PAR-008669,PS-EQ-05,2024-10-02,04:00:00,9.1,Correctiva,Falla de lubricación,16714.0
PAR-008020,PS-EQ-03,2024-07-11,03:00:00,4.0,Correctiva,Atoro de mineral / obstrucción,6083.0
PAR-010305,PS-EQ-10,2024-12-02,11:00:00,1.5,Operativa,Condiciones climáticas adversas,556.0
PAR-008461,PS-EQ-04,2026-07-16,10:00:00,1.5,Operativa,Falta de mineral en cancha,545.0
PAR-008241,PS-EQ-04,2024-01-16,11:00:00,9.5,Correctiva,Falla eléctrica - motor/tablero,13307.0
PAR-007872,PS-EQ-02,2026-11-11,02:00:00,1.6,Operativa,Indeterminado,526.0
PAR-008997,PS-EQ-06,2024-04-30,10:00:00,1.5,Operativa,Espera de insumos (reactivos/bolas de molienda),318.0
PAR-008816,PS-EQ-05,2026-05-05,00:00:00,0.7,Operativa,Falta de mineral en cancha,211.0
PAR-007973,PS-EQ-02,2027-11-02,01:00:00,17.0,Correctiva,Rotura de faja/correa,30669.0
PAR-007355,PS-EQ-01,2025-02-15,11:00:00,5.6,Correctiva,Falla mecánica - desgaste de componente,11705.0
PAR-009597,PS-EQ-07,2027-10-22,09:00:00,0.5,Correctiva,Rotura de faja/correa,
PAR-010469,PS-EQ-10,2027-05-04,14:00:00,1.3,Operativa,Falta de mineral en cancha,320.0
PAR-009144,PS-EQ-06,2025-11-18,22:00:00,0.5,Correctiva,Falla de lubricación,655.0
PAR-010324,PS-EQ-10,2025-03-09,07:00:00,1.3,Operativa,Falta de mineral en cancha,639.0
PAR-008198,PS-EQ-03,2027-05-31,15:00:00,1.5,Operativa,Condiciones climáticas adversas,353.0
PAR-007368,PS-EQ-01,2025-04-16,14:00:00,3.9,Correctiva,Rotura de faja/correa,6296.0
PAR-008691,PS-EQ-05,2024-12-13,07:00:00,2.0,Correctiva,Falla de lubricación,2604.0
PAR-007931,PS-EQ-02,2027-06-14,00:00:00,2.4,Correctiva,Atoro de mineral / obstrucción,4926.0
PAR-010397,PS-EQ-10,2026-04-17,16:00:00,5.8,Correctiva,Falla mecánica - desgaste de componente,7013.0
PAR-007990,PS-EQ-03,2024-02-20,03:00:00,1.8,Correctiva,Rotura de faja/correa,2905.0
PAR-010360,PS-EQ-10,2025-09-13,06:00:00,6.6,Preventiva,Mantenimiento programado (plan anual),12730.0
PAR-009637,PS-EQ-08,2024-03-24,19:00:00,1.8,Operativa,Falta de mineral en cancha,437.0
PAR-008413,PS-EQ-04,2026-01-27,16:00:00,1.5,Operativa,Espera de insumos (reactivos/bolas de molienda),414.0
PAR-007470,PS-EQ-01,2026-06-03,12:00:00,8.6,Preventiva,Mantenimiento programado (plan anual),14366.0
PAR-008628,PS-EQ-05,2024-04-22,12:00:00,2.6,Operativa,Condiciones climáticas adversas,1378.0
PAR-007864,PS-EQ-02,2026-10-14,06:00:00,6.9,Correctiva,Atoro de mineral / obstrucción,12514.0
PAR-009379,PS-EQ-07,2024-07-23,07:00:00,1.2,Operativa,Condiciones climáticas adversas,714.0
PAR-008664,PS-EQ-05,2024-09-12,01:00:00,6.4,Preventiva,Mantenimiento programado (plan anual),7451.0
PAR-009791,PS-EQ-08,2025-12-22,03:00:00,20.0,Correctiva,Rotura de faja/correa,19920.0
PAR-007565,PS-EQ-01,2027-06-27,19:00:00,0.8,Correctiva,Atoro de mineral / obstrucción,1059.0
PAR-007442,PS-EQ-01,2026-03-03,12:00:00,9.2,Correctiva,Falla mecánica - desgaste de componente,18639.0
PAR-007850,PS-EQ-02,2026-09-12,08:00:00,11.0,Correctiva,Rotura de faja/correa,20258.0
PAR-009477,PS-EQ-07,2026-01-20,11:00:00,8.6,Correctiva,Falla eléctrica - motor/tablero,9197.0
PAR-010139,PS-EQ-09,2026-06-17,03:00:00,4.1,Preventiva,Mantenimiento programado (plan anual),8637.0
PAR-008557,PS-EQ-04,2027-07-30,06:00:00,5.3,Preventiva,Mantenimiento programado (plan anual),4947.0
PAR-009554,PS-EQ-07,2027-02-13,02:00:00,4.2,Preventiva,Mantenimiento programado (plan anual),6352.0
PAR-007323,PS-EQ-01,2024-09-23,17:00:00,4.6,Preventiva,Mantenimiento programado (plan anual),4034.0
PAR-008821,PS-EQ-05,2026-05-19,01:00:00,10.6,Correctiva,Falla de lubricación,20840.0
PAR-007361,PS-EQ-01,2025-03-18,06:00:00,6.2,Preventiva,Mantenimiento programado (plan anual),9334.0
PAR-009959,PS-EQ-08,2027-11-27,06:00:00,1.7,Operativa,Indeterminado,1016.0
PAR-008847,PS-EQ-05,2026-08-23,00:00:00,5.8,Preventiva,Mantenimiento programado (plan anual),5617.0
PAR-007554,PS-EQ-01,2027-04-12,07:00:00,7.8,Preventiva,Mantenimiento programado (plan anual),15966.0
PAR-009568,PS-EQ-07,2027-05-11,02:00:00,4.4,Preventiva,Mantenimiento programado (plan anual),4121.0
PAR-008443,PS-EQ-04,2026-05-03,06:00:00,4.9,Preventiva,Mantenimiento programado (plan anual),5418.0
PAR-009319,PS-EQ-06,2027-10-18,01:00:00,20.0,Correctiva,Indeterminado,32122.0
PAR-009661,PS-EQ-08,2024-07-16,02:00:00,6.7,Preventiva,Indeterminado,13149.0
PAR-009070,PS-EQ-06,2025-01-14,12:00:00,1.9,Correctiva,Rotura de faja/correa,4012.0
PAR-008498,PS-EQ-04,2026-12-18,02:00:00,2.8,Correctiva,Falla mecánica - desgaste de componente,2469.0
PAR-007272,PS-EQ-01,2024-02-09,05:00:00,6.9,Preventiva,Mantenimiento programado (plan anual),10686.0
PAR-008544,PS-EQ-04,2027-05-26,02:00:00,10.2,Correctiva,Falla mecánica - desgaste de componente,22033.0
PAR-009151,PS-EQ-06,2025-12-21,00:00:00,9.5,Correctiva,Falla de lubricación,7859.0
PAR-008457,PS-EQ-04,2026-06-29,02:00:00,5.7,Preventiva,Mantenimiento programado (plan anual),11962.0
PAR-008562,PS-EQ-04,2027-08-27,08:00:00,4.2,Correctiva,Falla eléctrica - motor/tablero,8308.0
PAR-008204,PS-EQ-03,2027-06-18,03:00:00,4.7,Preventiva,Mantenimiento programado (plan anual),
PAR-009944,PS-EQ-08,2027-10-04,06:00:00,6.9,Correctiva,Atoro de mineral / obstrucción,14672.0
PAR-007922,PS-EQ-02,2027-05-13,01:00:00,7.8,Correctiva,Falla mecánica - desgaste de componente,16883.0
PAR-008236,PS-EQ-03,2027-12-20,06:00:00,0.7,Operativa,Espera de insumos (reactivos/bolas de molienda),159.0
PAR-009116,PS-EQ-06,2025-07-26,06:00:00,1.7,Correctiva,Falla mecánica - desgaste de componente,2182.0
PAR-009577,PS-EQ-07,2027-07-13,04:00:00,5.9,Preventiva,Mantenimiento programado (plan anual),11911.0
PAR-010272,PS-EQ-10,2024-06-24,07:00:00,6.5,Preventiva,Mantenimiento programado (plan anual),14196.0
PAR-009176,PS-EQ-06,2026-03-14,02:00:00,8.8,Preventiva,Mantenimiento programado (plan anual),14363.0
PAR-007646,PS-EQ-02,2024-06-27,16:00:00,2.6,Operativa,Espera de insumos (reactivos/bolas de molienda),1216.0
PAR-009974,PS-EQ-09,2024-02-02,08:00:00,2.7,Operativa,Espera de insumos (reactivos/bolas de molienda),1610.0
PAR-007548,PS-EQ-01,2027-04-01,08:00:00,9.7,Correctiva,Rotura de faja/correa,18955.0
PAR-007653,PS-EQ-02,2024-07-25,10:00:00,2.9,Correctiva,Falla de lubricación,4539.0
PAR-009868,PS-EQ-08,2026-10-25,08:00:00,0.6,Correctiva,Falla eléctrica - motor/tablero,860.0
PAR-007531,PS-EQ-01,2027-01-29,21:00:00,2.0,Operativa,Falta de mineral en cancha,
PAR-008439,PS-EQ-04,2026-04-26,04:00:00,2.3,Operativa,Corte de energía externo,704.0
PAR-009387,PS-EQ-07,2024-08-22,11:00:00,2.9,Correctiva,Falla de lubricación,6174.0
PAR-009194,PS-EQ-06,2026-05-19,02:00:00,2.6,Correctiva,Atoro de mineral / obstrucción,3605.0
PAR-007533,PS-EQ-01,2027-02-06,14:00:00,2.8,Operativa,Falta de mineral en cancha,942.0
PAR-010429,PS-EQ-10,2026-10-11,12:00:00,7.0,Preventiva,Mantenimiento programado (plan anual),15251.0
PAR-009926,PS-EQ-08,2027-07-12,12:00:00,2.8,Operativa,Condiciones climáticas adversas,1436.0
PAR-009806,PS-EQ-08,2026-02-04,00:00:00,16.7,Correctiva,Falla mecánica - desgaste de componente,25515.0
PAR-009442,PS-EQ-07,2025-08-05,06:00:00,8.0,Correctiva,Falla eléctrica - motor/tablero,
PAR-008738,PS-EQ-05,2025-07-01,08:00:00,5.7,Preventiva,Mantenimiento programado (plan anual),12086.0
PAR-009996,PS-EQ-09,2024-06-07,05:00:00,0.7,Operativa,Corte de energía externo,233.0
PAR-010021,PS-EQ-09,2024-11-04,08:00:00,1.6,Correctiva,Falla eléctrica - motor/tablero,2207.0
PAR-009946,PS-EQ-08,2027-10-16,16:00:00,2.8,Correctiva,Falla de lubricación,3314.0
PAR-008599,PS-EQ-05,2024-01-09,12:00:00,0.7,Operativa,Falta de mineral en cancha,398.0
PAR-010086,PS-EQ-09,2025-08-20,06:00:00,6.4,Preventiva,Indeterminado,8548.0
PAR-009246,PS-EQ-06,2026-12-14,00:00:00,2.6,Correctiva,Atoro de mineral / obstrucción,3567.0
PAR-009662,PS-EQ-08,2024-07-21,00:00:00,2.9,Operativa,Indeterminado,719.0
PAR-009059,PS-EQ-06,2024-11-23,12:00:00,3.9,Correctiva,Atoro de mineral / obstrucción,4898.0
PAR-008219,PS-EQ-03,2027-09-18,18:00:00,0.6,Operativa,Falta de mineral en cancha,225.0
PAR-008099,PS-EQ-03,2025-09-18,02:00:00,0.9,Correctiva,Falla de lubricación,1227.0
PAR-010332,PS-EQ-10,2025-05-11,11:00:00,8.8,Preventiva,Mantenimiento programado (plan anual),8915.0
PAR-009575,PS-EQ-07,2027-06-22,17:00:00,5.0,Preventiva,Mantenimiento programado (plan anual),6064.0
PAR-007633,PS-EQ-02,2024-05-09,21:00:00,0.7,Correctiva,Atoro de mineral / obstrucción,1431.0
PAR-008399,PS-EQ-04,2025-11-26,04:00:00,6.8,Preventiva,Mantenimiento programado (plan anual),14082.0
PAR-009738,PS-EQ-08,2025-06-05,06:00:00,2.8,Correctiva,Falla de lubricación,5116.0
PAR-008613,PS-EQ-05,2024-03-02,14:00:00,0.8,Correctiva,Atoro de mineral / obstrucción,
PAR-007658,PS-EQ-02,2024-08-12,10:00:00,6.4,Preventiva,Mantenimiento programado (plan anual),8920.0
PAR-009535,PS-EQ-07,2026-11-13,04:00:00,3.1,Correctiva,Atoro de mineral / obstrucción,3811.0
PAR-009692,PS-EQ-08,2024-11-15,03:00:00,2.8,Correctiva,Rotura de faja/correa,2651.0
PAR-008518,PS-EQ-04,2027-03-04,09:00:00,3.8,Correctiva,Falla mecánica - desgaste de componente,4216.0
PAR-009897,PS-EQ-08,2027-02-11,07:00:00,4.4,Correctiva,Falla mecánica - desgaste de componente,5405.0
PAR-009095,PS-EQ-06,2025-04-16,02:00:00,6.7,Correctiva,Falla de lubricación,9773.0
PAR-007415,PS-EQ-01,2025-11-07,04:00:00,11.3,Correctiva,Atoro de mineral / obstrucción,23528.0
PAR-009044,PS-EQ-06,2024-09-28,19:00:00,1.9,Operativa,Condiciones climáticas adversas,916.0
PAR-010420,PS-EQ-10,2026-09-04,02:00:00,1.4,Correctiva,Falla de lubricación,2988.0
PAR-008619,PS-EQ-05,2024-03-23,01:00:00,2.1,Correctiva,Falla de lubricación,1694.0
PAR-009462,PS-EQ-07,2025-11-14,01:00:00,9.0,Preventiva,Mantenimiento programado (plan anual),17478.0
PAR-008335,PS-EQ-04,2025-02-13,15:00:00,3.4,Correctiva,Falla de lubricación,3180.0
PAR-007693,PS-EQ-02,2025-01-17,13:00:00,6.8,Correctiva,Falla eléctrica - motor/tablero,6788.0
PAR-008172,PS-EQ-03,2026-12-25,17:00:00,1.8,Correctiva,Rotura de faja/correa,3138.0
PAR-008576,PS-EQ-04,2027-10-29,02:00:00,2.9,Operativa,Falta de mineral en cancha,1143.0
PAR-010249,PS-EQ-10,2024-02-23,06:00:00,0.6,Operativa,Corte de energía externo,179.0
PAR-007444,PS-EQ-01,2026-03-08,12:00:00,8.9,Preventiva,Mantenimiento programado (plan anual),9075.0
PAR-009400,PS-EQ-07,2024-11-29,14:00:00,5.2,Correctiva,Falla de lubricación,5193.0
PAR-009459,PS-EQ-07,2025-10-04,02:00:00,7.5,Preventiva,Mantenimiento programado (plan anual),8112.0
PAR-009890,PS-EQ-08,2027-01-16,20:00:00,1.7,Operativa,Corte de energía externo,472.0
PAR-008234,PS-EQ-03,2027-12-09,10:00:00,2.1,Correctiva,Falla eléctrica - motor/tablero,3106.0
PAR-009965,PS-EQ-08,2027-12-22,06:00:00,16.5,Correctiva,Rotura de faja/correa,22451.0
PAR-009136,PS-EQ-06,2025-10-20,09:00:00,13.6,Correctiva,Falla mecánica - desgaste de componente,25681.0
PAR-008680,PS-EQ-05,2024-11-01,05:00:00,1.5,Correctiva,Falla de lubricación,3195.0
PAR-009365,PS-EQ-07,2024-05-04,13:00:00,7.3,Correctiva,Falla de lubricación,7279.0
PAR-009666,PS-EQ-08,2024-08-02,01:00:00,1.8,Correctiva,Falla de lubricación,3394.0
PAR-010015,PS-EQ-09,2024-10-01,05:00:00,5.9,Correctiva,Falla eléctrica - motor/tablero,8407.0
PAR-009902,PS-EQ-08,2027-03-02,20:00:00,0.5,Correctiva,Atoro de mineral / obstrucción,525.0
PAR-008089,PS-EQ-03,2025-08-09,05:00:00,11.5,Correctiva,Atoro de mineral / obstrucción,11226.0
PAR-008535,PS-EQ-04,2027-04-13,18:00:00,2.5,Operativa,Corte de energía externo,1069.0
PAR-008983,PS-EQ-06,2024-02-22,21:00:00,0.6,Operativa,Condiciones climáticas adversas,206.0
PAR-007989,PS-EQ-03,2024-02-13,12:00:00,10.9,Correctiva,Falla eléctrica - motor/tablero,16778.0
PAR-009658,PS-EQ-08,2024-07-02,06:00:00,4.2,Preventiva,Mantenimiento programado (plan anual),3711.0
PAR-009645,PS-EQ-08,2024-05-14,00:00:00,7.4,Preventiva,Mantenimiento programado (plan anual),15874.0
PAR-009980,PS-EQ-09,2024-02-24,02:00:00,7.7,Preventiva,Mantenimiento programado (plan anual),15876.0
PAR-007360,PS-EQ-01,2025-03-16,16:00:00,2.6,Operativa,Falta de mineral en cancha,1049.0
PAR-008311,PS-EQ-04,2024-11-17,10:00:00,0.6,Operativa,Espera de insumos (reactivos/bolas de molienda),226.0
PAR-009533,PS-EQ-07,2026-11-03,00:00:00,0.6,Correctiva,Indeterminado,803.0
PAR-008380,PS-EQ-04,2025-09-18,04:00:00,18.5,Correctiva,Falla eléctrica - motor/tablero,38306.0
PAR-007377,PS-EQ-01,2025-05-14,07:00:00,11.5,Correctiva,Indeterminado,13037.0
PAR-007310,PS-EQ-01,2024-07-19,01:00:00,9.3,Correctiva,Falla de lubricación,15722.0
PAR-009603,PS-EQ-07,2027-11-24,00:00:00,4.8,Correctiva,Falla eléctrica - motor/tablero,9621.0
PAR-008196,PS-EQ-03,2027-05-22,14:00:00,5.4,Correctiva,Falla mecánica - desgaste de componente,
PAR-010186,PS-EQ-09,2027-02-12,11:00:00,6.1,Preventiva,Mantenimiento programado (plan anual),13204.0
PAR-009953,PS-EQ-08,2027-11-03,09:00:00,5.6,Correctiva,Rotura de faja/correa,5696.0
PAR-008456,PS-EQ-04,2026-06-18,04:00:00,0.7,Operativa,Falta de mineral en cancha,334.0
PAR-007265,PS-EQ-01,2024-01-17,10:00:00,1.5,Operativa,Indeterminado,552.0
PAR-009496,PS-EQ-07,2026-03-28,16:00:00,6.1,Preventiva,Mantenimiento programado (plan anual),12870.0
PAR-008319,PS-EQ-04,2024-12-23,15:00:00,7.5,Correctiva,Falla mecánica - desgaste de componente,14002.0
PAR-008485,PS-EQ-04,2026-10-30,17:00:00,2.3,Correctiva,Falla eléctrica - motor/tablero,3990.0
PAR-009990,PS-EQ-09,2024-05-05,01:00:00,1.4,Operativa,Condiciones climáticas adversas,364.0
PAR-007592,PS-EQ-01,2027-11-08,20:00:00,1.2,Operativa,Corte de energía externo,647.0
PAR-009275,PS-EQ-06,2027-05-02,03:00:00,4.7,Correctiva,Rotura de faja/correa,4504.0
PAR-009294,PS-EQ-06,2027-07-23,15:00:00,6.0,Preventiva,Mantenimiento programado (plan anual),11043.0
PAR-010019,PS-EQ-09,2024-10-24,04:00:00,1.9,Operativa,Condiciones climáticas adversas,504.0
PAR-008890,PS-EQ-05,2027-01-31,01:00:00,2.3,Correctiva,Indeterminado,4819.0
PAR-008643,PS-EQ-05,2024-06-12,03:00:00,1.8,Operativa,Condiciones climáticas adversas,470.0
PAR-008040,PS-EQ-03,2024-11-11,08:00:00,5.0,Preventiva,Mantenimiento programado (plan anual),6309.0
PAR-009235,PS-EQ-06,2026-11-12,21:00:00,1.4,Operativa,Corte de energía externo,778.0
PAR-009809,PS-EQ-08,2026-02-24,08:00:00,8.0,Correctiva,Atoro de mineral / obstrucción,8252.0
PAR-010091,PS-EQ-09,2025-09-10,16:00:00,5.6,Preventiva,Mantenimiento programado (plan anual),5118.0
PAR-010071,PS-EQ-09,2025-06-13,20:00:00,0.7,Operativa,Condiciones climáticas adversas,260.0
PAR-009665,PS-EQ-08,2024-07-26,03:00:00,8.7,Correctiva,Falla de lubricación,17546.0
PAR-009355,PS-EQ-07,2024-03-08,09:00:00,5.3,Preventiva,Mantenimiento programado (plan anual),7278.0
PAR-007506,PS-EQ-01,2026-10-31,12:00:00,1.3,Operativa,Falta de mineral en cancha,269.0
PAR-007951,PS-EQ-02,2027-08-08,11:00:00,9.2,Correctiva,Falla eléctrica - motor/tablero,8909.0
PAR-007441,PS-EQ-01,2026-02-20,11:00:00,7.5,Correctiva,Falla eléctrica - motor/tablero,12453.0
PAR-008052,PS-EQ-03,2025-01-21,18:00:00,0.8,Correctiva,Falla eléctrica - motor/tablero,1631.0
PAR-009129,PS-EQ-06,2025-09-10,08:00:00,6.1,Correctiva,Rotura de faja/correa,9179.0
PAR-010412,PS-EQ-10,2026-06-18,12:00:00,9.1,Correctiva,Rotura de faja/correa,15232.0
PAR-008276,PS-EQ-04,2024-06-23,09:00:00,0.9,Correctiva,Atoro de mineral / obstrucción,1113.0
PAR-008823,PS-EQ-05,2026-05-26,06:00:00,1.3,Operativa,Corte de energía externo,742.0
PAR-009495,PS-EQ-07,2026-03-26,09:00:00,1.7,Operativa,Corte de energía externo,733.0
PAR-009732,PS-EQ-08,2025-05-11,07:00:00,1.3,Correctiva,Falla mecánica - desgaste de componente,2184.0
PAR-007804,PS-EQ-02,2026-04-01,06:00:00,5.4,Preventiva,Mantenimiento programado (plan anual),7421.0
PAR-009508,PS-EQ-07,2026-06-07,16:00:00,2.1,Correctiva,Atoro de mineral / obstrucción,3120.0
PAR-008911,PS-EQ-05,2027-04-21,14:00:00,6.5,Correctiva,Falla mecánica - desgaste de componente,9836.0
PAR-008687,PS-EQ-05,2024-11-26,09:00:00,6.0,Correctiva,Falla eléctrica - motor/tablero,4987.0
PAR-009930,PS-EQ-08,2027-07-19,17:00:00,0.5,Correctiva,Falla de lubricación,435.0
PAR-008317,PS-EQ-04,2024-12-19,17:00:00,1.5,Correctiva,Atoro de mineral / obstrucción,1819.0
PAR-008460,PS-EQ-04,2026-07-16,08:00:00,6.3,Preventiva,Mantenimiento programado (plan anual),
