orden_id,parada_id,equipo_id,fecha_apertura,tipo_orden,horas_hombre,num_tecnicos,repuesto_principal,costo_repuestos_soles,planta
OT-000001,PAR-000001,PN-EQ-01,2024-01-09,Correctiva,3.3,1,Rodamiento,6676.0,PN
OT-000002,PAR-000002,PN-EQ-01,2024-01-15,Preventiva,4.0,1,Ninguno (solo mano de obra),267.0,PN
OT-000003,PAR-000003,PN-EQ-01,2024-01-19,Correctiva,5.2,1,Ninguno (solo mano de obra),4601.0,PN
OT-000004,PAR-000004,PN-EQ-01,2024-01-25,Correctiva,13.1,3,Faja/correa,4.0,PN
OT-000005,PAR-000006,PN-EQ-01,2024-01-29,Preventiva,7.3,2,Sello mecánico,773.0,PN
OT-000006,PAR-000009,PN-EQ-01,2024-02-19,Preventiva,10.6,2,Rodamiento,1989.0,PN
OT-000007,PAR-000010,PN-EQ-01,2024-02-20,Correctiva,23.1,1,Motor eléctrico,1614.0,PN
OT-000008,PAR-000011,PN-EQ-01,2024-03-06,Correctiva,2.7,1,Motor eléctrico,5818.0,PN
OT-000009,PAR-000012,PN-EQ-01,2024-03-07,Preventiva,7.1,3,Revestimiento (liner),2053.0,PN
OT-000010,PAR-000013,PN-EQ-01,2024-03-10,Correctiva,8.5,1,Rodamiento,2870.0,PN
OT-000011,PAR-000016,PN-EQ-01,2024-03-15,Correctiva,9.7,3,Sensor/instrumento,6432.0,PN
OT-000012,PAR-000017,PN-EQ-01,2024-03-17,Correctiva,2.2,2,Sello mecánico,6607.0,PN
OT-000013,PAR-000018,PN-EQ-01,2024-03-23,Preventiva,9.4,2,Sensor/instrumento,2123.0,PN
OT-000014,PAR-000019,PN-EQ-01,2024-03-23,Correctiva,1.8,2,Sello mecánico,2769.0,PN
OT-000015,PAR-000020,PN-EQ-01,2024-03-24,Correctiva,11.8,2,Revestimiento (liner),5736.0,PN
OT-000016,PAR-000021,PN-EQ-01,2024-03-25,Correctiva,7.0,3,Sello mecánico,2047.0,PN
OT-000017,PAR-000023,PN-EQ-01,2024-03-28,Correctiva,15.7,3,Faja/correa,1825.0,PN
OT-000018,PAR-000025,PN-EQ-01,2024-04-04,Correctiva,5.2,2,Sello mecánico,935.0,PN
OT-000019,PAR-000026,PN-EQ-01,2024-04-13,Preventiva,5.9,3,Rodamiento,2443.0,PN
OT-000020,PAR-000028,PN-EQ-01,2024-04-24,Correctiva,2.7,1,Faja/correa,6043.0,PN
OT-000021,PAR-000029,PN-EQ-01,2024-04-25,Correctiva,11.1,1,Rodamiento,993.0,PN
OT-000022,PAR-000030,PN-EQ-01,2024-04-26,Correctiva,1.0,3,Motor eléctrico,1219.0,PN
OT-000023,PAR-000031,PN-EQ-01,2024-05-02,Preventiva,7.3,2,Sensor/instrumento,549.0,PN
OT-000024,PAR-000032,PN-EQ-01,2024-05-03,Correctiva,5.4,3,Rodamiento,4157.0,PN
OT-000025,PAR-000033,PN-EQ-01,2024-05-04,Correctiva,8.7,1,Sensor/instrumento,6417.0,PN
OT-000026,PAR-000034,PN-EQ-01,2024-05-06,Correctiva,2.1,3,indeterminado,5002.0,PN
OT-000027,PAR-000035,PN-EQ-01,2024-05-18,Preventiva,5.6,3,Sensor/instrumento,2056.0,PN
OT-000028,PAR-000037,PN-EQ-01,2024-05-24,Correctiva,13.4,3,Revestimiento (liner),2621.0,PN
OT-000029,PAR-000038,PN-EQ-01,2024-06-01,Preventiva,8.3,1,Rodamiento,2028.0,PN
OT-000030,PAR-000039,PN-EQ-01,2024-06-03,Correctiva,8.1,2,Sello mecánico,4996.0,PN
OT-000031,PAR-000040,PN-EQ-01,2024-06-04,Correctiva,4.8,1,Rodamiento,6886.0,PN
OT-000032,PAR-000041,PN-EQ-01,2024-06-10,Correctiva,1.7,2,Sensor/instrumento,722.0,PN
OT-000033,PAR-000043,PN-EQ-01,2024-06-19,Correctiva,1.7,1,Revestimiento (liner),4439.0,PN
OT-000034,PAR-000044,PN-EQ-01,2024-06-22,Preventiva,7.3,3,Sensor/instrumento,688.0,PN
OT-000035,PAR-000045,PN-EQ-01,2024-06-24,Correctiva,2.5,2,Rodamiento,5051.0,PN
OT-000036,PAR-000046,PN-EQ-01,2024-07-04,Correctiva,21.5,1,Ninguno (solo mano de obra),7941.0,PN
OT-000037,PAR-000047,PN-EQ-01,2024-07-08,Preventiva,12.4,3,Rodamiento,1866.0,PN
OT-000038,PAR-000048,PN-EQ-01,2024-07-16,Correctiva,19.3,2,Rodamiento,1821.0,PN
OT-000039,PAR-000049,PN-EQ-01,2024-07-25,Correctiva,4.4,1,Faja/correa,98.0,PN
OT-000040,PAR-000051,PN-EQ-01,2024-07-26,Correctiva,5.8,1,Rodamiento,4437.0,PN
OT-000041,PAR-000052,PN-EQ-01,2024-07-28,Correctiva,14.0,1,Revestimiento (liner),5345.0,PN
OT-000042,PAR-000053,PN-EQ-01,2024-07-30,Preventiva,8.1,3,Sensor/instrumento,707.0,PN
OT-000043,PAR-000055,PN-EQ-01,2024-08-03,Correctiva,13.5,3,Motor eléctrico,4465.0,PN
OT-000044,PAR-000056,PN-EQ-01,2024-08-10,Correctiva,8.7,3,Motor eléctrico,2257.0,PN
OT-000045,PAR-000057,PN-EQ-01,2024-08-14,Preventiva,9.4,2,Sensor/instrumento,930.0,PN
OT-000046,PAR-000058,PN-EQ-01,2024-08-20,Correctiva,0.5,3,Motor eléctrico,5034.0,PN
OT-000047,PAR-000059,PN-EQ-01,2024-08-21,Correctiva,10.7,3,Ninguno (solo mano de obra),5534.0,PN
OT-000048,PAR-000060,PN-EQ-01,2024-08-22,Correctiva,12.3,1,Rodamiento,2581.0,PN
OT-000049,PAR-000061,PN-EQ-01,2024-08-27,Correctiva,1.2,3,Rodamiento,7260.0,PN
OT-000050,PAR-000063,PN-EQ-01,2024-09-02,Preventiva,6.8,3,Motor eléctrico,2129.0,PN
OT-000051,PAR-000064,PN-EQ-01,2024-09-03,Correctiva,2.1,3,Rodamiento,5345.0,PN
OT-000052,PAR-000067,PN-EQ-01,2024-09-22,Correctiva,3.5,1,Rodamiento,4540.0,PN
OT-000053,PAR-000068,PN-EQ-01,2024-09-24,Preventiva,6.0,2,Revestimiento (liner),2363.0,PN
OT-000054,PAR-000070,PN-EQ-01,2024-10-02,Correctiva,5.3,1,Rodamiento,7298.0,PN
OT-000055,PAR-000072,PN-EQ-01,2024-10-09,Preventiva,6.4,3,Motor eléctrico,1743.0,PN
OT-000056,PAR-000075,PN-EQ-01,2024-10-26,Preventiva,4.3,1,Rodamiento,1022.0,PN
OT-000057,PAR-000076,PN-EQ-01,2024-10-29,Correctiva,9.9,2,Motor eléctrico,482.0,PN
OT-000058,PAR-000078,PN-EQ-01,2024-11-06,Correctiva,3.4,2,Ninguno (solo mano de obra),6634.0,PN
OT-000059,PAR-000079,PN-EQ-01,2024-11-09,Preventiva,5.2,1,Motor eléctrico,1605.0,PN
OT-000060,PAR-000080,PN-EQ-01,2024-11-15,Correctiva,1.6,3,Revestimiento (liner),1993.0,PN
OT-000061,PAR-000081,PN-EQ-01,2024-11-20,Correctiva,19.2,3,Motor eléctrico,7624.0,PN
OT-000062,PAR-000082,PN-EQ-01,2024-11-22,Correctiva,10.7,2,Sensor/instrumento,5032.0,PN
OT-000063,PAR-000083,PN-EQ-01,2024-11-25,Correctiva,3.3,3,Sensor/instrumento,7139.0,PN
OT-000064,PAR-000084,PN-EQ-01,2024-12-01,Preventiva,8.4,3,Rodamiento,1318.0,PN
OT-000065,PAR-000085,PN-EQ-01,2024-12-03,Correctiva,4.5,1,Faja/correa,2074.0,PN
OT-000066,PAR-000087,PN-EQ-01,2024-12-15,Preventiva,7.9,3,Rodamiento,1563.0,PN
OT-000067,PAR-000088,PN-EQ-01,2024-12-16,Correctiva,0.7,1,Ninguno (solo mano de obra),4111.0,PN
OT-000068,PAR-000089,PN-EQ-01,2024-12-20,Correctiva,4.8,2,Ninguno (solo mano de obra),5077.0,PN
OT-000069,PAR-000091,PN-EQ-01,2024-12-21,Correctiva,28.6,3,Rodamiento,5182.0,PN
OT-000070,PAR-000092,PN-EQ-01,2024-12-23,Correctiva,8.0,1,indeterminado,6011.0,PN
OT-000071,PAR-000094,PN-EQ-01,2024-12-31,Correctiva,9.7,2,Sensor/instrumento,5617.0,PN
OT-000072,PAR-000095,PN-EQ-01,2025-01-01,Preventiva,12.2,2,Faja/correa,1953.0,PN
OT-000073,PAR-000097,PN-EQ-01,2025-01-07,Correctiva,29.0,2,Rodamiento,5067.0,PN
OT-000074,PAR-000098,PN-EQ-01,2025-01-16,Correctiva,1.2,1,Faja/correa,2583.0,PN
OT-000075,PAR-000099,PN-EQ-01,2025-01-22,Preventiva,6.3,3,Sello mecánico,1216.0,PN
OT-000076,PAR-000100,PN-EQ-01,2025-01-22,Correctiva,2.2,1,Ninguno (solo mano de obra),5310.0,PN
OT-000077,PAR-000102,PN-EQ-01,2025-01-26,Correctiva,13.9,1,Sensor/instrumento,2956.0,PN
OT-000078,PAR-000103,PN-EQ-01,2025-01-27,Correctiva,6.5,1,Revestimiento (liner),4643.0,PN
OT-000079,PAR-000104,PN-EQ-01,2025-01-30,Correctiva,0.9,2,Revestimiento (liner),4983.0,PN
OT-000080,PAR-000106,PN-EQ-01,2025-02-03,Correctiva,1.0,1,Sello mecánico,4141.0,PN
OT-000081,PAR-000108,PN-EQ-01,2025-02-11,Correctiva,5.0,1,Motor eléctrico,1543.0,PN
OT-000082,PAR-000109,PN-EQ-01,2025-02-14,Preventiva,7.6,2,Sello mecánico,2151.0,PN
OT-000083,PAR-000110,PN-EQ-01,2025-02-16,Correctiva,4.0,3,Sensor/instrumento,302.0,PN
OT-000084,PAR-000111,PN-EQ-01,2025-02-19,Correctiva,0.6,2,Motor eléctrico,6019.0,PN
OT-000085,PAR-000113,PN-EQ-01,2025-03-03,Preventiva,6.1,3,Sensor/instrumento,139.0,PN
OT-000086,PAR-000114,PN-EQ-01,2025-03-08,Correctiva,11.9,2,Sello mecánico,2356.0,PN
OT-000087,PAR-000115,PN-EQ-01,2025-03-10,Correctiva,0.5,1,Revestimiento (liner),6489.0,PN
OT-000088,PAR-000116,PN-EQ-01,2025-03-17,Correctiva,19.7,1,Rodamiento,5151.0,PN
OT-000089,PAR-000117,PN-EQ-01,2025-03-21,Preventiva,3.6,2,Revestimiento (liner),2099.0,PN
OT-000090,PAR-000119,PN-EQ-01,2025-03-24,Correctiva,1.8,2,indeterminado,1755.0,PN
OT-000091,PAR-000120,PN-EQ-01,2025-03-25,Correctiva,4.1,2,Faja/correa,2030.0,PN
OT-000092,PAR-000121,PN-EQ-01,2025-03-30,Correctiva,13.8,2,Faja/correa,1374.0,PN
OT-000093,PAR-000122,PN-EQ-01,2025-04-04,Correctiva,10.3,2,indeterminado,466.0,PN
OT-000094,PAR-000123,PN-EQ-01,2025-04-07,Preventiva,6.3,1,Ninguno (solo mano de obra),2140.0,PN
OT-000095,PAR-000124,PN-EQ-01,2025-04-08,Correctiva,2.9,1,Revestimiento (liner),1701.0,PN
OT-000096,PAR-000125,PN-EQ-01,2025-04-23,Preventiva,13.3,1,Sensor/instrumento,480.0,PN
OT-000097,PAR-000126,PN-EQ-01,2025-04-26,Correctiva,8.3,1,Motor eléctrico,1323.0,PN
OT-000098,PAR-000127,PN-EQ-01,2025-05-01,Correctiva,13.6,1,Sensor/instrumento,7330.0,PN
OT-000099,PAR-000128,PN-EQ-01,2025-05-08,Preventiva,4.5,3,Revestimiento (liner),450.0,PN
OT-000100,PAR-000129,PN-EQ-01,2025-05-11,Correctiva,8.4,2,Faja/correa,7186.0,PN
OT-000101,PAR-000131,PN-EQ-01,2025-05-17,Correctiva,7.4,3,Motor eléctrico,6924.0,PN
OT-000102,PAR-000132,PN-EQ-01,2025-05-25,Correctiva,4.3,1,Motor eléctrico,242.0,PN
OT-000103,PAR-000133,PN-EQ-01,2025-05-28,Correctiva,2.2,1,Sensor/instrumento,1215.0,PN
OT-000104,PAR-000134,PN-EQ-01,2025-05-31,Preventiva,6.3,3,Motor eléctrico,1376.0,PN
OT-000105,PAR-000135,PN-EQ-01,2025-06-10,Correctiva,0.5,1,Faja/correa,639.0,PN
OT-000106,PAR-000138,PN-EQ-01,2025-06-20,Preventiva,10.7,2,Sensor/instrumento,1623.0,PN
OT-000107,PAR-000139,PN-EQ-01,2025-06-21,Correctiva,3.7,2,Sello mecánico,3133.0,PN
OT-000108,PAR-000140,PN-EQ-01,2025-06-22,Correctiva,2.3,1,Sello mecánico,1767.0,PN
OT-000109,PAR-000141,PN-EQ-01,2025-06-26,Correctiva,0.4,1,Ninguno (solo mano de obra),4631.0,PN
OT-000110,PAR-000142,PN-EQ-01,2025-07-01,Correctiva,7.3,3,Ninguno (solo mano de obra),1395.0,PN
OT-000111,PAR-000143,PN-EQ-01,2025-07-03,Correctiva,1.2,1,Rodamiento,342.0,PN
OT-000112,PAR-000144,PN-EQ-01,2025-07-05,Preventiva,7.1,2,Sello mecánico,1610.0,PN
OT-000113,PAR-000146,PN-EQ-01,2025-07-13,Correctiva,0.6,2,Motor eléctrico,1268.0,PN
OT-000114,PAR-000147,PN-EQ-01,2025-07-24,Correctiva,3.9,3,Sello mecánico,975.0,PN
OT-000115,PAR-000148,PN-EQ-01,2025-07-25,Preventiva,6.9,3,Faja/correa,1455.0,PN
OT-000116,PAR-000150,PN-EQ-01,2025-08-15,Preventiva,4.0,1,Revestimiento (liner),221.0,PN
OT-000117,PAR-000151,PN-EQ-01,2025-08-17,Correctiva,8.1,3,Faja/correa,120.0,PN
OT-000118,PAR-000152,PN-EQ-01,2025-08-18,Correctiva,6.1,3,Motor eléctrico,469.0,PN
OT-000119,PAR-000156,PN-EQ-01,2025-08-31,Preventiva,12.3,3,Rodamiento,310.0,PN
OT-000120,PAR-000157,PN-EQ-01,2025-09-07,Correctiva,18.3,2,Sello mecánico,3189.0,PN
OT-000121,PAR-000158,PN-EQ-01,2025-09-17,Correctiva,5.7,3,Sensor/instrumento,3825.0,PN
OT-000122,PAR-000159,PN-EQ-01,2025-09-19,Preventiva,10.9,2,Faja/correa,2017.0,PN
OT-000123,PAR-000160,PN-EQ-01,2025-09-30,Correctiva,5.8,3,Motor eléctrico,2597.0,PN
OT-000124,PAR-000163,PN-EQ-01,2025-10-04,Correctiva,1.1,2,Ninguno (solo mano de obra),1105.0,PN
OT-000125,PAR-000164,PN-EQ-01,2025-10-07,Correctiva,13.7,1,Sello mecánico,3206.0,PN
OT-000126,PAR-000166,PN-EQ-01,2025-10-10,Correctiva,4.6,3,Revestimiento (liner),6649.0,PN
OT-000127,PAR-000167,PN-EQ-01,2025-10-11,Preventiva,8.4,1,Rodamiento,358.0,PN
OT-000128,PAR-000168,PN-EQ-01,2025-10-12,Correctiva,1.0,1,Faja/correa,1651.0,PN
OT-000129,PAR-000169,PN-EQ-01,2025-10-23,Correctiva,2.0,2,Faja/correa,1620.0,PN
OT-000130,PAR-000170,PN-EQ-01,2025-10-25,Preventiva,5.8,2,Faja/correa,1287.0,PN
OT-000131,PAR-000171,PN-EQ-01,2025-10-28,Correctiva,18.3,3,Motor eléctrico,5454.0,PN
OT-000132,PAR-000172,PN-EQ-01,2025-11-13,Correctiva,4.0,1,Sello mecánico,4501.0,PN
OT-000133,PAR-000173,PN-EQ-01,2025-11-14,Preventiva,11.8,1,Rodamiento,1966.0,PN
OT-000134,PAR-000174,PN-EQ-01,2025-11-14,Correctiva,4.5,3,Revestimiento (liner),1190.0,PN
OT-000135,PAR-000175,PN-EQ-01,2025-11-16,Correctiva,31.9,3,Sensor/instrumento,3980.0,PN
OT-000136,PAR-000178,PN-EQ-01,2025-12-03,Correctiva,6.3,2,Sello mecánico,6184.0,PN
OT-000137,PAR-000179,PN-EQ-01,2025-12-05,Correctiva,3.9,2,Rodamiento,4984.0,PN
OT-000138,PAR-000180,PN-EQ-01,2025-12-07,Preventiva,8.0,3,Ninguno (solo mano de obra),1510.0,PN
OT-000139,PAR-000181,PN-EQ-01,2025-12-10,Correctiva,9.2,2,Rodamiento,7332.0,PN
OT-000140,PAR-000182,PN-EQ-01,2025-12-30,Preventiva,7.2,3,Sensor/instrumento,837.0,PN
OT-000141,PAR-000183,PN-EQ-01,2025-12-30,Correctiva,10.9,1,Rodamiento,95.0,PN
OT-000142,PAR-000184,PN-EQ-01,2025-12-31,Correctiva,2.8,2,Sello mecánico,7895.0,PN
OT-000143,PAR-000186,PN-EQ-01,2026-01-09,Correctiva,4.3,3,Sello mecánico,7715.0,PN
OT-000144,PAR-000187,PN-EQ-01,2026-01-10,Correctiva,4.7,1,Ninguno (solo mano de obra),2299.0,PN
OT-000145,PAR-000188,PN-EQ-01,2026-01-13,Correctiva,2.2,3,Faja/correa,1467.0,PN
OT-000146,PAR-000189,PN-EQ-01,2026-01-14,Preventiva,5.1,2,Rodamiento,2350.0,PN
OT-000147,PAR-000190,PN-EQ-01,2026-01-17,Correctiva,8.8,3,Ninguno (solo mano de obra),6634.0,PN
OT-000148,PAR-000191,PN-EQ-01,2026-01-29,Correctiva,0.8,3,Motor eléctrico,3454.0,PN
OT-000149,PAR-000192,PN-EQ-01,2026-01-31,Preventiva,4.4,1,Faja/correa,956.0,PN
OT-000150,PAR-000194,PN-EQ-01,2026-02-11,Correctiva,7.9,1,Ninguno (solo mano de obra),7525.0,PN
OT-000151,PAR-000197,PN-EQ-01,2026-02-18,Preventiva,10.9,3,Motor eléctrico,2418.0,PN
OT-000152,PAR-000198,PN-EQ-01,2026-02-19,Correctiva,11.6,1,Sello mecánico,4574.0,PN
OT-000153,PAR-000200,PN-EQ-01,2026-02-27,Correctiva,3.5,1,Ninguno (solo mano de obra),2830.0,PN
OT-000154,PAR-000202,PN-EQ-01,2026-03-07,Correctiva,3.0,3,Faja/correa,4972.0,PN
OT-000155,PAR-000203,PN-EQ-01,2026-03-09,Correctiva,2.8,2,Motor eléctrico,883.0,PN
OT-000156,PAR-000204,PN-EQ-01,2026-03-10,Preventiva,7.0,1,Sensor/instrumento,1001.0,PN
OT-000157,PAR-000205,PN-EQ-01,2026-03-22,Correctiva,1.0,2,Rodamiento,3033.0,PN
OT-000158,PAR-000206,PN-EQ-01,2026-03-27,Preventiva,9.0,3,Faja/correa,1664.0,PN
OT-000159,PAR-000207,PN-EQ-01,2026-03-27,Correctiva,16.1,1,Motor eléctrico,7273.0,PN
OT-000160,PAR-000208,PN-EQ-01,2026-03-29,Correctiva,17.2,1,Ninguno (solo mano de obra),5442.0,PN
OT-000161,PAR-000210,PN-EQ-01,2026-04-16,Correctiva,22.3,3,Faja/correa,6892.0,PN
OT-000162,PAR-000211,PN-EQ-01,2026-04-17,Preventiva,6.8,1,Rodamiento,1640.0,PN
OT-000163,PAR-000213,PN-EQ-01,2026-04-21,Correctiva,11.6,1,Faja/correa,5308.0,PN
OT-000164,PAR-000214,PN-EQ-01,2026-04-23,Correctiva,9.5,2,Motor eléctrico,1160.0,PN
OT-000165,PAR-000215,PN-EQ-01,2026-04-24,Correctiva,9.7,1,Motor eléctrico,684.0,PN
OT-000166,PAR-000217,PN-EQ-01,2026-05-04,Preventiva,7.6,3,Motor eléctrico,2259.0,PN
OT-000167,PAR-000218,PN-EQ-01,2026-05-06,Correctiva,18.9,2,Sensor/instrumento,7331.0,PN
OT-000168,PAR-000219,PN-EQ-01,2026-05-08,Correctiva,6.8,2,Sensor/instrumento,7032.0,PN
OT-000169,PAR-000221,PN-EQ-01,2026-05-20,Correctiva,1.0,3,Motor eléctrico,3908.0,PN
OT-000170,PAR-000222,PN-EQ-01,2026-05-23,Preventiva,3.3,2,Motor eléctrico,2196.0,PN
OT-000171,PAR-000224,PN-EQ-01,2026-06-04,Correctiva,19.1,1,Rodamiento,7529.0,PN
OT-000172,PAR-000225,PN-EQ-01,2026-06-10,Correctiva,0.8,2,Faja/correa,7087.0,PN
OT-000173,PAR-000226,PN-EQ-01,2026-06-12,Correctiva,9.0,1,Faja/correa,5836.0,PN
OT-000174,PAR-000228,PN-EQ-01,2026-06-15,Preventiva,8.0,3,Sensor/instrumento,506.0,PN
OT-000175,PAR-000231,PN-EQ-01,2026-07-04,Preventiva,5.8,1,Ninguno (solo mano de obra),1592.0,PN
OT-000176,PAR-000232,PN-EQ-01,2026-07-08,Correctiva,2.2,2,Ninguno (solo mano de obra),433.0,PN
OT-000177,PAR-000234,PN-EQ-01,2026-07-13,Correctiva,15.3,2,Sensor/instrumento,2611.0,PN
OT-000178,PAR-000235,PN-EQ-01,2026-07-21,Preventiva,11.8,3,Sello mecánico,1862.0,PN
OT-000179,PAR-000237,PN-EQ-01,2026-07-28,Correctiva,6.1,2,Rodamiento,6188.0,PN
OT-000180,PAR-000239,PN-EQ-01,2026-08-08,Preventiva,10.1,2,Rodamiento,376.0,PN
OT-000181,PAR-000241,PN-EQ-01,2026-08-29,Preventiva,11.8,2,Sello mecánico,2312.0,PN
OT-000182,PAR-000244,PN-EQ-01,2026-09-17,Preventiva,9.2,3,Revestimiento (liner),1805.0,PN
OT-000183,PAR-000245,PN-EQ-01,2026-09-19,Correctiva,4.1,2,Motor eléctrico,6343.0,PN
OT-000184,PAR-000246,PN-EQ-01,2026-10-04,Preventiva,10.8,3,Motor eléctrico,331.0,PN
OT-000185,PAR-000247,PN-EQ-01,2026-10-06,Correctiva,0.7,1,Sensor/instrumento,3037.0,PN
OT-000186,PAR-000248,PN-EQ-01,2026-10-20,Preventiva,4.3,3,indeterminado,797.0,PN
OT-000187,PAR-000249,PN-EQ-01,2026-10-26,Correctiva,7.5,2,Motor eléctrico,1899.0,PN
OT-000188,PAR-000250,PN-EQ-01,2026-10-29,Correctiva,5.0,1,Rodamiento,2139.0,PN
OT-000189,PAR-000252,PN-EQ-01,2026-11-05,Preventiva,10.5,2,Ninguno (solo mano de obra),508.0,PN
OT-000190,PAR-000254,PN-EQ-01,2026-11-19,Correctiva,16.2,2,Sensor/instrumento,6212.0,PN
OT-000191,PAR-000255,PN-EQ-01,2026-11-27,Preventiva,8.0,1,Ninguno (solo mano de obra),865.0,PN
OT-000192,PAR-000256,PN-EQ-01,2026-11-30,Correctiva,1.4,1,Sello mecánico,5735.0,PN
OT-000193,PAR-000257,PN-EQ-01,2026-12-01,Correctiva,3.3,2,Rodamiento,369.0,PN
OT-000194,PAR-000258,PN-EQ-01,2026-12-09,Correctiva,1.6,1,Sello mecánico,2311.0,PN
OT-000195,PAR-000259,PN-EQ-01,2026-12-14,Preventiva,10.6,3,Rodamiento,481.0,PN
OT-000196,PAR-000261,PN-EQ-01,2026-12-22,Correctiva,6.4,3,Rodamiento,2795.0,PN
OT-000197,PAR-000262,PN-EQ-01,2026-12-24,Correctiva,0.8,2,Revestimiento (liner),4233.0,PN
OT-000198,PAR-000263,PN-EQ-01,2026-12-25,Correctiva,6.0,2,Rodamiento,1158.0,PN
OT-000199,PAR-000264,PN-EQ-01,2026-12-26,Correctiva,7.4,3,Faja/correa,1420.0,PN
OT-000200,PAR-000266,PN-EQ-01,2027-01-03,Preventiva,6.3,2,Revestimiento (liner),1321.0,PN
OT-000201,PAR-000267,PN-EQ-01,2027-01-03,Correctiva,4.6,3,Ninguno (solo mano de obra),3205.0,PN
OT-000202,PAR-000268,PN-EQ-01,2027-01-04,Correctiva,18.4,3,Rodamiento,25.0,PN
OT-000203,PAR-000269,PN-EQ-01,2027-01-08,Correctiva,3.2,3,Motor eléctrico,1516.0,PN
OT-000204,PAR-000270,PN-EQ-01,2027-01-21,Preventiva,6.5,2,Sensor/instrumento,776.0,PN
OT-000205,PAR-000271,PN-EQ-01,2027-01-31,Correctiva,0.8,2,Faja/correa,4040.0,PN
OT-000206,PAR-000273,PN-EQ-01,2027-02-06,Correctiva,3.7,2,Sello mecánico,3797.0,PN
OT-000207,PAR-000274,PN-EQ-01,2027-02-07,Preventiva,6.2,2,Sensor/instrumento,2473.0,PN
OT-000208,PAR-000276,PN-EQ-01,2027-02-16,Correctiva,8.9,1,Sello mecánico,1306.0,PN
OT-000209,PAR-000277,PN-EQ-01,2027-02-19,Correctiva,4.8,3,Faja/correa,5662.0,PN
OT-000210,PAR-000278,PN-EQ-01,2027-02-23,Correctiva,3.4,1,Sensor/instrumento,461.0,PN
OT-000211,PAR-000279,PN-EQ-01,2027-02-24,Preventiva,7.3,2,Rodamiento,1721.0,PN
OT-000212,PAR-000280,PN-EQ-01,2027-03-07,Correctiva,0.5,3,Rodamiento,7494.0,PN
OT-000213,PAR-000281,PN-EQ-01,2027-03-10,Correctiva,5.2,3,Sensor/instrumento,6573.0,PN
OT-000214,PAR-000282,PN-EQ-01,2027-03-19,Preventiva,7.7,3,Faja/correa,1274.0,PN
OT-000215,PAR-000283,PN-EQ-01,2027-03-29,Correctiva,18.3,3,Motor eléctrico,5669.0,PN
OT-000216,PAR-000284,PN-EQ-01,2027-04-08,Preventiva,8.2,1,Sensor/instrumento,364.0,PN
OT-000217,PAR-000285,PN-EQ-01,2027-04-09,Correctiva,9.4,2,Rodamiento,3500.0,PN
OT-000218,PAR-000288,PN-EQ-01,2027-04-15,Correctiva,11.6,1,Revestimiento (liner),1149.0,PN
OT-000219,PAR-000290,PN-EQ-01,2027-05-01,Preventiva,9.4,2,Motor eléctrico,1993.0,PN
OT-000220,PAR-000292,PN-EQ-01,2027-05-11,Correctiva,5.3,1,Ninguno (solo mano de obra),3907.0,PN
OT-000221,PAR-000294,PN-EQ-01,2027-05-13,Correctiva,7.2,1,Ninguno (solo mano de obra),2387.0,PN
OT-000222,PAR-000295,PN-EQ-01,2027-05-16,Correctiva,16.1,3,indeterminado,7467.0,PN
OT-000223,PAR-000297,PN-EQ-01,2027-05-21,Preventiva,6.4,3,Motor eléctrico,109.0,PN
OT-000224,PAR-000299,PN-EQ-01,2027-05-28,Correctiva,10.8,3,Sensor/instrumento,7484.0,PN
OT-000225,PAR-000300,PN-EQ-01,2027-05-30,Correctiva,25.9,1,Sello mecánico,2471.0,PN
OT-000226,PAR-000301,PN-EQ-01,2027-06-03,Correctiva,4.7,3,Motor eléctrico,4340.0,PN
OT-000227,PAR-000302,PN-EQ-01,2027-06-05,Preventiva,11.1,3,Faja/correa,2213.0,PN
OT-000228,PAR-000304,PN-EQ-01,2027-06-08,Correctiva,3.3,2,Faja/correa,1998.0,PN
OT-000229,PAR-000307,PN-EQ-01,2027-06-19,Preventiva,3.6,1,Revestimiento (liner),202.0,PN
OT-000230,PAR-000308,PN-EQ-01,2027-06-22,Correctiva,16.6,1,Revestimiento (liner),1057.0,PN
OT-000231,PAR-000309,PN-EQ-01,2027-07-04,Preventiva,5.0,2,Rodamiento,1853.0,PN
OT-000232,PAR-000310,PN-EQ-01,2027-07-11,Correctiva,10.2,3,Sello mecánico,5814.0,PN
OT-000233,PAR-000311,PN-EQ-01,2027-07-16,Correctiva,5.2,2,Motor eléctrico,7612.0,PN
OT-000234,PAR-000313,PN-EQ-01,2027-07-21,Correctiva,2.8,2,Ninguno (solo mano de obra),5348.0,PN
OT-000235,PAR-000314,PN-EQ-01,2027-07-24,Preventiva,8.1,3,Rodamiento,750.0,PN
OT-000236,PAR-000315,PN-EQ-01,2027-08-03,Correctiva,6.4,2,Rodamiento,6112.0,PN
OT-000237,PAR-000316,PN-EQ-01,2027-08-09,Preventiva,12.3,3,Ninguno (solo mano de obra),896.0,PN
OT-000238,PAR-000317,PN-EQ-01,2027-08-13,Correctiva,0.7,2,Motor eléctrico,4070.0,PN
OT-000239,PAR-000319,PN-EQ-01,2027-08-22,Correctiva,10.5,3,Ninguno (solo mano de obra),3991.0,PN
OT-000240,PAR-000320,PN-EQ-01,2027-08-23,Preventiva,7.2,3,Motor eléctrico,504.0,PN
OT-000241,PAR-000322,PN-EQ-01,2027-08-26,Correctiva,13.5,1,Sello mecánico,7596.0,PN
OT-000242,PAR-000323,PN-EQ-01,2027-09-03,Correctiva,5.8,3,Sensor/instrumento,4527.0,PN
OT-000243,PAR-000328,PN-EQ-01,2027-09-13,Preventiva,9.1,1,Revestimiento (liner),1966.0,PN
OT-000244,PAR-000330,PN-EQ-01,2027-09-23,Correctiva,16.1,3,Ninguno (solo mano de obra),7147.0,PN
OT-000245,PAR-000331,PN-EQ-01,2027-09-28,Preventiva,9.9,1,Motor eléctrico,2309.0,PN
OT-000246,PAR-000333,PN-EQ-01,2027-10-06,Correctiva,27.9,2,Ninguno (solo mano de obra),3789.0,PN
OT-000247,PAR-000334,PN-EQ-01,2027-10-07,Correctiva,29.0,1,Sensor/instrumento,6344.0,PN
OT-000248,PAR-000335,PN-EQ-01,2027-10-09,Correctiva,0.6,2,Faja/correa,1151.0,PN
OT-000249,PAR-000336,PN-EQ-01,2027-10-10,Correctiva,10.5,2,Rodamiento,3109.0,PN
OT-000250,PAR-000337,PN-EQ-01,2027-10-16,Preventiva,3.9,2,Ninguno (solo mano de obra),1586.0,PN
OT-000251,PAR-000339,PN-EQ-01,2027-10-21,Correctiva,6.1,1,Faja/correa,3145.0,PN
OT-000252,PAR-000340,PN-EQ-01,2027-11-01,Correctiva,19.2,3,Sensor/instrumento,6575.0,PN
OT-000253,PAR-000341,PN-EQ-01,2027-11-02,Correctiva,4.8,3,Rodamiento,5476.0,PN
OT-000254,PAR-000342,PN-EQ-01,2027-11-07,Preventiva,6.5,1,Motor eléctrico,1237.0,PN
OT-000255,PAR-000344,PN-EQ-01,2027-11-08,Correctiva,2.0,3,Sensor/instrumento,6664.0,PN
OT-000256,PAR-000345,PN-EQ-01,2027-11-09,Correctiva,21.6,3,Revestimiento (liner),4538.0,PN
OT-000257,PAR-000346,PN-EQ-01,2027-11-17,Correctiva,1.3,3,Sello mecánico,6296.0,PN
OT-000258,PAR-000347,PN-EQ-01,2027-11-27,Preventiva,6.9,1,Sensor/instrumento,572.0,PN
OT-000259,PAR-000348,PN-EQ-01,2027-12-01,Correctiva,4.6,3,Sensor/instrumento,5284.0,PN
OT-000260,PAR-000349,PN-EQ-01,2027-12-03,Correctiva,12.8,2,Revestimiento (liner),1452.0,PN
OT-000261,PAR-000350,PN-EQ-01,2027-12-05,Correctiva,4.9,2,Faja/correa,6668.0,PN
OT-000262,PAR-000351,PN-EQ-01,2027-12-18,Preventiva,8.7,2,Rodamiento,1794.0,PN
OT-000263,PAR-000352,PN-EQ-01,2027-12-18,Correctiva,2.5,2,Rodamiento,4749.0,PN
OT-000264,PAR-000354,PN-EQ-01,2027-12-19,Correctiva,8.9,1,Faja/correa,5371.0,PN
OT-000265,PAR-000355,PN-EQ-01,2027-12-20,Correctiva,14.0,2,Sello mecánico,5814.0,PN
OT-000266,PAR-000356,PN-EQ-01,2027-12-27,Correctiva,23.3,3,Motor eléctrico,2728.0,PN
OT-000267,PAR-000357,PN-EQ-02,2024-01-18,Preventiva,8.4,2,Ninguno (solo mano de obra),1597.0,PN
OT-000268,PAR-000358,PN-EQ-02,2024-01-21,Correctiva,6.2,2,Motor eléctrico,514.0,PN
OT-000269,PAR-000360,PN-EQ-02,2024-01-26,Correctiva,6.2,2,Revestimiento (liner),1686.0,PN
OT-000270,PAR-000362,PN-EQ-02,2024-02-05,Preventiva,5.0,3,Sensor/instrumento,276.0,PN
OT-000271,PAR-000363,PN-EQ-02,2024-02-05,Correctiva,9.9,1,Sensor/instrumento,1603.0,PN
OT-000272,PAR-000365,PN-EQ-02,2024-02-20,Correctiva,14.7,3,Sello mecánico,6878.0,PN
OT-000273,PAR-000366,PN-EQ-02,2024-02-21,Preventiva,13.3,3,Sello mecánico,1213.0,PN
OT-000274,PAR-000369,PN-EQ-02,2024-03-07,Preventiva,10.0,1,Sensor/instrumento,404.0,PN
OT-000275,PAR-000370,PN-EQ-02,2024-03-20,Correctiva,2.3,2,Sello mecánico,2498.0,PN
OT-000276,PAR-000371,PN-EQ-02,2024-03-26,Preventiva,3.9,3,Sensor/instrumento,1084.0,PN
OT-000277,PAR-000372,PN-EQ-02,2024-03-27,Correctiva,1.6,3,Motor eléctrico,4880.0,PN
OT-000278,PAR-000375,PN-EQ-02,2024-04-12,Correctiva,1.4,3,Motor eléctrico,7928.0,PN
OT-000279,PAR-000376,PN-EQ-02,2024-04-13,Preventiva,11.1,2,Revestimiento (liner),962.0,PN
OT-000280,PAR-000380,PN-EQ-02,2024-04-22,Correctiva,4.3,1,Revestimiento (liner),3526.0,PN
OT-000281,PAR-000381,PN-EQ-02,2024-04-26,Correctiva,4.1,1,indeterminado,5015.0,PN
OT-000282,PAR-000383,PN-EQ-02,2024-04-30,Preventiva,9.1,2,Faja/correa,1019.0,PN
OT-000283,PAR-000384,PN-EQ-02,2024-04-30,Correctiva,0.4,2,Faja/correa,3583.0,PN
OT-000284,PAR-000385,PN-EQ-02,2024-05-03,Correctiva,4.0,1,Motor eléctrico,5534.0,PN
OT-000285,PAR-000386,PN-EQ-02,2024-05-04,Correctiva,24.2,3,Motor eléctrico,2073.0,PN
OT-000286,PAR-000387,PN-EQ-02,2024-05-10,Correctiva,1.3,3,Sensor/instrumento,7926.0,PN
OT-000287,PAR-000390,PN-EQ-02,2024-05-16,Correctiva,6.9,1,Faja/correa,6717.0,PN
OT-000288,PAR-000391,PN-EQ-02,2024-05-19,Correctiva,0.8,3,Revestimiento (liner),2849.0,PN
OT-000289,PAR-000392,PN-EQ-02,2024-05-22,Preventiva,5.1,3,indeterminado,1604.0,PN
OT-000290,PAR-000394,PN-EQ-02,2024-06-14,Preventiva,10.0,3,Ninguno (solo mano de obra),1552.0,PN
OT-000291,PAR-000395,PN-EQ-02,2024-06-15,Correctiva,3.5,3,Faja/correa,2852.0,PN
OT-000292,PAR-000396,PN-EQ-02,2024-06-17,Correctiva,16.9,3,Sensor/instrumento,3086.0,PN
OT-000293,PAR-000397,PN-EQ-02,2024-06-23,Correctiva,7.0,2,Faja/correa,596.0,PN
OT-000294,PAR-000399,PN-EQ-02,2024-07-01,Preventiva,7.0,3,Sello mecánico,124.0,PN
OT-000295,PAR-000400,PN-EQ-02,2024-07-08,Correctiva,4.2,3,Sensor/instrumento,6956.0,PN
OT-000296,PAR-000402,PN-EQ-02,2024-07-12,Correctiva,7.0,3,Ninguno (solo mano de obra),2997.0,PN
OT-000297,PAR-000403,PN-EQ-02,2024-07-13,Correctiva,0.4,2,Motor eléctrico,3.0,PN
OT-000298,PAR-000404,PN-EQ-02,2024-07-21,Correctiva,8.8,3,Sensor/instrumento,5847.0,PN
OT-000299,PAR-000405,PN-EQ-02,2024-07-24,Preventiva,10.1,2,Ninguno (solo mano de obra),583.0,PN
OT-000300,PAR-000406,PN-EQ-02,2024-07-26,Correctiva,2.4,3,Motor eléctrico,7671.0,PN
OT-000301,PAR-000408,PN-EQ-02,2024-08-03,Correctiva,17.0,3,Ninguno (solo mano de obra),5572.0,PN
OT-000302,PAR-000409,PN-EQ-02,2024-08-08,Preventiva,6.5,3,Motor eléctrico,1616.0,PN
OT-000303,PAR-000411,PN-EQ-02,2024-08-14,Correctiva,0.7,1,Revestimiento (liner),6530.0,PN
OT-000304,PAR-000413,PN-EQ-02,2024-08-24,Correctiva,27.3,2,Sensor/instrumento,5694.0,PN
OT-000305,PAR-000414,PN-EQ-02,2024-08-29,Correctiva,13.8,3,Sello mecánico,6161.0,PN
OT-000306,PAR-000415,PN-EQ-02,2024-08-30,Preventiva,4.9,3,Sello mecánico,751.0,PN
OT-000307,PAR-000418,PN-EQ-02,2024-09-07,Correctiva,1.1,2,Sensor/instrumento,7792.0,PN
OT-000308,PAR-000419,PN-EQ-02,2024-09-08,Correctiva,17.4,3,Sello mecánico,1264.0,PN
OT-000309,PAR-000421,PN-EQ-02,2024-09-19,Preventiva,7.3,2,Motor eléctrico,1263.0,PN
OT-000310,PAR-000422,PN-EQ-02,2024-09-23,Correctiva,1.9,3,Ninguno (solo mano de obra),4624.0,PN
OT-000311,PAR-000423,PN-EQ-02,2024-09-24,Correctiva,22.4,2,Faja/correa,1802.0,PN
OT-000312,PAR-000425,PN-EQ-02,2024-09-26,Correctiva,9.7,1,Rodamiento,1420.0,PN
OT-000313,PAR-000426,PN-EQ-02,2024-10-03,Correctiva,7.2,3,Revestimiento (liner),6399.0,PN
OT-000314,PAR-000427,PN-EQ-02,2024-10-06,Preventiva,5.1,2,Revestimiento (liner),2180.0,PN
OT-000315,PAR-000429,PN-EQ-02,2024-10-09,Correctiva,1.4,2,Motor eléctrico,3138.0,PN
OT-000316,PAR-000432,PN-EQ-02,2024-10-20,Correctiva,13.1,1,Rodamiento,5040.0,PN
OT-000317,PAR-000433,PN-EQ-02,2024-10-22,Correctiva,7.4,2,Motor eléctrico,7964.0,PN
OT-000318,PAR-000434,PN-EQ-02,2024-10-28,Preventiva,6.1,2,Faja/correa,618.0,PN
OT-000319,PAR-000436,PN-EQ-02,2024-11-03,Correctiva,3.1,2,Motor eléctrico,3931.0,PN
OT-000320,PAR-000437,PN-EQ-02,2024-11-04,Correctiva,23.1,2,Motor eléctrico,3895.0,PN
OT-000321,PAR-000438,PN-EQ-02,2024-11-11,Preventiva,4.4,2,Sensor/instrumento,655.0,PN
OT-000322,PAR-000439,PN-EQ-02,2024-11-14,Correctiva,21.9,2,Rodamiento,4172.0,PN
OT-000323,PAR-000440,PN-EQ-02,2024-11-16,Correctiva,0.9,3,Motor eléctrico,87.0,PN
OT-000324,PAR-000442,PN-EQ-02,2024-12-02,Preventiva,4.5,1,Revestimiento (liner),1726.0,PN
OT-000325,PAR-000443,PN-EQ-02,2024-12-05,Correctiva,2.7,3,Sensor/instrumento,7666.0,PN
OT-000326,PAR-000445,PN-EQ-02,2024-12-13,Correctiva,8.5,1,Sello mecánico,2450.0,PN
OT-000327,PAR-000446,PN-EQ-02,2024-12-18,Correctiva,10.1,1,Ninguno (solo mano de obra),5159.0,PN
OT-000328,PAR-000447,PN-EQ-02,2024-12-19,Correctiva,15.0,2,Faja/correa,2954.0,PN
OT-000329,PAR-000448,PN-EQ-02,2024-12-20,Preventiva,12.9,1,Faja/correa,1686.0,PN
OT-000330,PAR-000449,PN-EQ-02,2024-12-23,Correctiva,5.5,1,Revestimiento (liner),5498.0,PN
OT-000331,PAR-000451,PN-EQ-02,2024-12-30,Correctiva,2.4,3,Rodamiento,877.0,PN
OT-000332,PAR-000452,PN-EQ-02,2025-01-02,Correctiva,4.8,2,Motor eléctrico,6280.0,PN
OT-000333,PAR-000453,PN-EQ-02,2025-01-03,Preventiva,5.5,3,Motor eléctrico,837.0,PN
OT-000334,PAR-000455,PN-EQ-02,2025-01-20,Correctiva,17.7,3,indeterminado,4920.0,PN
OT-000335,PAR-000456,PN-EQ-02,2025-01-24,Preventiva,3.6,2,Sello mecánico,1417.0,PN
OT-000336,PAR-000457,PN-EQ-02,2025-01-26,Correctiva,5.5,1,Revestimiento (liner),3986.0,PN
OT-000337,PAR-000458,PN-EQ-02,2025-01-27,Correctiva,6.5,2,Rodamiento,7356.0,PN
OT-000338,PAR-000459,PN-EQ-02,2025-01-29,Correctiva,8.9,1,Rodamiento,1453.0,PN
OT-000339,PAR-000461,PN-EQ-02,2025-01-31,Correctiva,16.6,1,Rodamiento,5181.0,PN
OT-000340,PAR-000462,PN-EQ-02,2025-02-05,Correctiva,12.2,3,Ninguno (solo mano de obra),7591.0,PN
OT-000341,PAR-000463,PN-EQ-02,2025-02-09,Preventiva,8.2,3,Faja/correa,2217.0,PN
OT-000342,PAR-000465,PN-EQ-02,2025-02-22,Correctiva,1.9,1,Sensor/instrumento,6756.0,PN
OT-000343,PAR-000466,PN-EQ-02,2025-02-23,Correctiva,7.1,2,Ninguno (solo mano de obra),813.0,PN
OT-000344,PAR-000467,PN-EQ-02,2025-02-24,Preventiva,4.0,1,Sensor/instrumento,722.0,PN
OT-000345,PAR-000469,PN-EQ-02,2025-03-16,Preventiva,7.4,2,Sensor/instrumento,2400.0,PN
OT-000346,PAR-000470,PN-EQ-02,2025-03-30,Correctiva,2.2,3,indeterminado,4358.0,PN
OT-000347,PAR-000471,PN-EQ-02,2025-03-31,Correctiva,26.2,1,Faja/correa,6897.0,PN
OT-000348,PAR-000472,PN-EQ-02,2025-04-02,Correctiva,6.2,2,Sensor/instrumento,4660.0,PN
OT-000349,PAR-000473,PN-EQ-02,2025-04-03,Preventiva,5.8,3,Motor eléctrico,121.0,PN
OT-000350,PAR-000474,PN-EQ-02,2025-04-05,Correctiva,4.7,2,Faja/correa,1923.0,PN
OT-000351,PAR-000475,PN-EQ-02,2025-04-07,Correctiva,1.5,1,Sensor/instrumento,2446.0,PN
OT-000352,PAR-000478,PN-EQ-02,2025-04-17,Preventiva,6.9,2,Faja/correa,1764.0,PN
OT-000353,PAR-000479,PN-EQ-02,2025-04-24,Correctiva,9.5,1,Faja/correa,3069.0,PN
OT-000354,PAR-000480,PN-EQ-02,2025-05-06,Preventiva,5.8,2,Motor eléctrico,439.0,PN
OT-000355,PAR-000481,PN-EQ-02,2025-05-07,Correctiva,10.2,2,Sensor/instrumento,4236.0,PN
OT-000356,PAR-000482,PN-EQ-02,2025-05-08,Correctiva,18.0,3,Revestimiento (liner),2298.0,PN
OT-000357,PAR-000483,PN-EQ-02,2025-05-13,Correctiva,23.5,1,Revestimiento (liner),4053.0,PN
OT-000358,PAR-000484,PN-EQ-02,2025-05-19,Correctiva,7.2,3,Sensor/instrumento,225.0,PN
OT-000359,PAR-000485,PN-EQ-02,2025-05-26,Preventiva,13.3,2,Sello mecánico,696.0,PN
OT-000360,PAR-000486,PN-EQ-02,2025-05-28,Correctiva,11.5,1,Rodamiento,2091.0,PN
OT-000361,PAR-000487,PN-EQ-02,2025-05-29,Correctiva,5.0,2,Ninguno (solo mano de obra),3396.0,PN
OT-000362,PAR-000489,PN-EQ-02,2025-06-06,Correctiva,2.5,1,Sensor/instrumento,30.0,PN
OT-000363,PAR-000492,PN-EQ-02,2025-06-16,Preventiva,6.6,1,Sensor/instrumento,429.0,PN
OT-000364,PAR-000493,PN-EQ-02,2025-06-21,Correctiva,4.7,3,Ninguno (solo mano de obra),4493.0,PN
OT-000365,PAR-000494,PN-EQ-02,2025-06-28,Correctiva,4.5,1,Sello mecánico,7282.0,PN
OT-000366,PAR-000495,PN-EQ-02,2025-07-03,Preventiva,12.1,3,Sello mecánico,1200.0,PN
OT-000367,PAR-000496,PN-EQ-02,2025-07-03,Correctiva,8.0,1,Sensor/instrumento,5753.0,PN
OT-000368,PAR-000498,PN-EQ-02,2025-07-18,Preventiva,3.6,2,Faja/correa,1408.0,PN
OT-000369,PAR-000500,PN-EQ-02,2025-07-19,Correctiva,6.3,3,Sello mecánico,4414.0,PN
OT-000370,PAR-000502,PN-EQ-02,2025-07-21,Correctiva,2.8,3,Faja/correa,2287.0,PN
OT-000371,PAR-000504,PN-EQ-02,2025-08-01,Correctiva,16.9,3,Sensor/instrumento,838.0,PN
OT-000372,PAR-000505,PN-EQ-02,2025-08-03,Preventiva,11.0,1,Sello mecánico,1994.0,PN
OT-000373,PAR-000507,PN-EQ-02,2025-08-17,Preventiva,9.2,1,Rodamiento,686.0,PN
OT-000374,PAR-000508,PN-EQ-02,2025-08-21,Correctiva,10.5,1,Sensor/instrumento,7698.0,PN
OT-000375,PAR-000510,PN-EQ-02,2025-09-03,Preventiva,5.2,1,Motor eléctrico,1062.0,PN
OT-000376,PAR-000511,PN-EQ-02,2025-09-07,Correctiva,1.7,1,Revestimiento (liner),5094.0,PN
OT-000377,PAR-000512,PN-EQ-02,2025-09-09,Correctiva,6.7,3,indeterminado,7103.0,PN
OT-000378,PAR-000513,PN-EQ-02,2025-09-10,Correctiva,12.7,2,Ninguno (solo mano de obra),941.0,PN
OT-000379,PAR-000514,PN-EQ-02,2025-09-12,Correctiva,10.4,1,Rodamiento,5911.0,PN
OT-000380,PAR-000515,PN-EQ-02,2025-09-13,Correctiva,17.9,2,Faja/correa,2449.0,PN
OT-000381,PAR-000516,PN-EQ-02,2025-09-16,Correctiva,8.2,2,Sello mecánico,2418.0,PN
OT-000382,PAR-000518,PN-EQ-02,2025-09-21,Correctiva,1.5,1,Motor eléctrico,2781.0,PN
OT-000383,PAR-000520,PN-EQ-02,2025-09-25,Preventiva,6.3,1,Revestimiento (liner),2402.0,PN
OT-000384,PAR-000521,PN-EQ-02,2025-09-25,Correctiva,7.4,3,Motor eléctrico,7580.0,PN
OT-000385,PAR-000522,PN-EQ-02,2025-09-29,Correctiva,20.1,3,Faja/correa,3351.0,PN
OT-000386,PAR-000523,PN-EQ-02,2025-10-04,Correctiva,31.1,3,Sensor/instrumento,5464.0,PN
OT-000387,PAR-000524,PN-EQ-02,2025-10-06,Correctiva,13.1,1,Motor eléctrico,922.0,PN
OT-000388,PAR-000526,PN-EQ-02,2025-10-17,Preventiva,7.4,2,Motor eléctrico,2038.0,PN
OT-000389,PAR-000529,PN-EQ-02,2025-10-25,Correctiva,1.5,1,Ninguno (solo mano de obra),6419.0,PN
OT-000390,PAR-000530,PN-EQ-02,2025-11-01,Correctiva,8.6,3,Ninguno (solo mano de obra),3412.0,PN
OT-000391,PAR-000531,PN-EQ-02,2025-11-02,Correctiva,5.8,3,Rodamiento,2243.0,PN
OT-000392,PAR-000532,PN-EQ-02,2025-11-03,Preventiva,6.3,2,Sensor/instrumento,2100.0,PN
OT-000393,PAR-000533,PN-EQ-02,2025-11-08,Correctiva,27.1,3,Motor eléctrico,344.0,PN
OT-000394,PAR-000534,PN-EQ-02,2025-11-22,Correctiva,4.6,3,indeterminado,2272.0,PN
OT-000395,PAR-000535,PN-EQ-02,2025-11-24,Preventiva,9.0,1,Motor eléctrico,622.0,PN
OT-000396,PAR-000536,PN-EQ-02,2025-12-01,Correctiva,0.8,3,Revestimiento (liner),3808.0,PN
OT-000397,PAR-000537,PN-EQ-02,2025-12-05,Correctiva,4.9,1,Motor eléctrico,5081.0,PN
OT-000398,PAR-000538,PN-EQ-02,2025-12-10,Preventiva,10.0,2,Sensor/instrumento,2389.0,PN
OT-000399,PAR-000539,PN-EQ-02,2025-12-15,Correctiva,14.3,1,Faja/correa,542.0,PN
OT-000400,PAR-000540,PN-EQ-02,2025-12-19,Correctiva,1.6,1,Rodamiento,1452.0,PN
OT-000401,PAR-000541,PN-EQ-02,2025-12-22,Correctiva,0.8,3,Sello mecánico,5795.0,PN
OT-000402,PAR-000542,PN-EQ-02,2025-12-27,Correctiva,2.4,2,Faja/correa,7301.0,PN
OT-000403,PAR-000543,PN-EQ-02,2025-12-29,Preventiva,7.7,1,Ninguno (solo mano de obra),2475.0,PN
OT-000404,PAR-000544,PN-EQ-02,2026-01-01,Correctiva,0.5,2,Motor eléctrico,3504.0,PN
OT-000405,PAR-000545,PN-EQ-02,2026-01-05,Correctiva,1.8,2,Motor eléctrico,1536.0,PN
OT-000406,PAR-000548,PN-EQ-02,2026-01-09,Correctiva,1.6,2,Faja/correa,773.0,PN
OT-000407,PAR-000549,PN-EQ-02,2026-01-13,Correctiva,3.9,2,Motor eléctrico,7369.0,PN
OT-000408,PAR-000550,PN-EQ-02,2026-01-14,Correctiva,1.1,1,Sello mecánico,1102.0,PN
OT-000409,PAR-000552,PN-EQ-02,2026-01-21,Preventiva,6.3,2,Ninguno (solo mano de obra),1818.0,PN
OT-000410,PAR-000554,PN-EQ-02,2026-02-07,Preventiva,11.3,1,Sensor/instrumento,745.0,PN
OT-000411,PAR-000556,PN-EQ-02,2026-02-11,Correctiva,7.0,1,Faja/correa,4732.0,PN
OT-000412,PAR-000558,PN-EQ-02,2026-02-18,Correctiva,4.9,2,Sello mecánico,6825.0,PN
OT-000413,PAR-000559,PN-EQ-02,2026-02-27,Correctiva,1.5,3,Motor eléctrico,801.0,PN
OT-000414,PAR-000561,PN-EQ-02,2026-03-01,Preventiva,8.5,2,Sello mecánico,2390.0,PN
OT-000415,PAR-000562,PN-EQ-02,2026-03-02,Correctiva,21.6,1,Sello mecánico,4769.0,PN
OT-000416,PAR-000563,PN-EQ-02,2026-03-18,Preventiva,9.9,3,Faja/correa,1178.0,PN
OT-000417,PAR-000564,PN-EQ-02,2026-03-20,Correctiva,24.3,3,Ninguno (solo mano de obra),2764.0,PN
OT-000418,PAR-000566,PN-EQ-02,2026-03-27,Correctiva,11.9,2,Sello mecánico,1707.0,PN
OT-000419,PAR-000567,PN-EQ-02,2026-04-04,Preventiva,12.9,1,Motor eléctrico,25.0,PN
OT-000420,PAR-000568,PN-EQ-02,2026-04-17,Correctiva,5.7,3,Motor eléctrico,5826.0,PN
OT-000421,PAR-000569,PN-EQ-02,2026-04-18,Correctiva,21.2,1,Sensor/instrumento,3719.0,PN
OT-000422,PAR-000570,PN-EQ-02,2026-04-22,Preventiva,5.1,3,Rodamiento,1025.0,PN
OT-000423,PAR-000571,PN-EQ-02,2026-04-27,Correctiva,1.8,3,Revestimiento (liner),3001.0,PN
OT-000424,PAR-000572,PN-EQ-02,2026-05-03,Correctiva,0.9,2,Rodamiento,6813.0,PN
OT-000425,PAR-000573,PN-EQ-02,2026-05-05,Correctiva,3.9,3,Motor eléctrico,6706.0,PN
OT-000426,PAR-000574,PN-EQ-02,2026-05-15,Preventiva,10.1,3,Faja/correa,290.0,PN
OT-000427,PAR-000575,PN-EQ-02,2026-05-15,Correctiva,4.0,1,Rodamiento,3366.0,PN
OT-000428,PAR-000576,PN-EQ-02,2026-05-19,Correctiva,31.2,3,Sello mecánico,5416.0,PN
OT-000429,PAR-000577,PN-EQ-02,2026-05-22,Correctiva,13.9,1,Sello mecánico,6416.0,PN
OT-000430,PAR-000578,PN-EQ-02,2026-05-30,Correctiva,8.0,2,Ninguno (solo mano de obra),1921.0,PN
OT-000431,PAR-000579,PN-EQ-02,2026-06-01,Preventiva,10.1,1,Rodamiento,252.0,PN
OT-000432,PAR-000580,PN-EQ-02,2026-06-03,Correctiva,14.1,2,Revestimiento (liner),159.0,PN
OT-000433,PAR-000581,PN-EQ-02,2026-06-10,Correctiva,4.9,3,Motor eléctrico,4039.0,PN
OT-000434,PAR-000582,PN-EQ-02,2026-06-12,Correctiva,1.2,2,Sello mecánico,2183.0,PN
OT-000435,PAR-000583,PN-EQ-02,2026-06-14,Correctiva,1.9,1,Sello mecánico,1257.0,PN
OT-000436,PAR-000584,PN-EQ-02,2026-06-17,Correctiva,18.8,2,Rodamiento,6268.0,PN
OT-000437,PAR-000585,PN-EQ-02,2026-06-19,Correctiva,4.7,1,Sensor/instrumento,3522.0,PN
OT-000438,PAR-000586,PN-EQ-02,2026-06-20,Preventiva,11.3,3,Faja/correa,1241.0,PN
OT-000439,PAR-000587,PN-EQ-02,2026-06-22,Correctiva,7.1,2,Rodamiento,4295.0,PN
OT-000440,PAR-000588,PN-EQ-02,2026-06-23,Correctiva,1.3,1,Faja/correa,7841.0,PN
OT-000441,PAR-000590,PN-EQ-02,2026-06-26,Correctiva,23.3,3,Rodamiento,416.0,PN
OT-000442,PAR-000591,PN-EQ-02,2026-07-07,Preventiva,8.8,3,Sensor/instrumento,901.0,PN
OT-000443,PAR-000593,PN-EQ-02,2026-07-15,Correctiva,2.7,3,Sello mecánico,6761.0,PN
OT-000444,PAR-000594,PN-EQ-02,2026-07-21,Correctiva,6.0,1,Motor eléctrico,1277.0,PN
OT-000445,PAR-000595,PN-EQ-02,2026-07-27,Correctiva,1.7,3,Rodamiento,2526.0,PN
OT-000446,PAR-000596,PN-EQ-02,2026-07-29,Correctiva,1.1,3,Rodamiento,3258.0,PN
OT-000447,PAR-000597,PN-EQ-02,2026-07-30,Preventiva,12.6,2,Motor eléctrico,2365.0,PN
OT-000448,PAR-000598,PN-EQ-02,2026-08-09,Correctiva,6.5,1,Sello mecánico,2827.0,PN
OT-000449,PAR-000599,PN-EQ-02,2026-08-15,Preventiva,7.1,3,Revestimiento (liner),633.0,PN
OT-000450,PAR-000600,PN-EQ-02,2026-08-15,Correctiva,17.9,2,Ninguno (solo mano de obra),2432.0,PN
OT-000451,PAR-000603,PN-EQ-02,2026-08-30,Preventiva,6.1,2,Motor eléctrico,2441.0,PN
OT-000452,PAR-000604,PN-EQ-02,2026-09-08,Correctiva,14.2,1,Sello mecánico,7114.0,PN
OT-000453,PAR-000606,PN-EQ-02,2026-09-12,Correctiva,3.9,1,Sello mecánico,2545.0,PN
OT-000454,PAR-000607,PN-EQ-02,2026-09-18,Correctiva,11.8,3,Sello mecánico,5910.0,PN
OT-000455,PAR-000608,PN-EQ-02,2026-09-19,Preventiva,7.4,3,Motor eléctrico,1328.0,PN
OT-000456,PAR-000610,PN-EQ-02,2026-10-04,Preventiva,10.4,3,Rodamiento,840.0,PN
OT-000457,PAR-000612,PN-EQ-02,2026-10-15,Correctiva,0.5,1,Ninguno (solo mano de obra),1518.0,PN
OT-000458,PAR-000613,PN-EQ-02,2026-10-18,Preventiva,8.0,2,Faja/correa,503.0,PN
OT-000459,PAR-000614,PN-EQ-02,2026-10-22,Correctiva,14.3,1,Sello mecánico,2543.0,PN
OT-000460,PAR-000615,PN-EQ-02,2026-10-29,Correctiva,1.9,2,Motor eléctrico,2507.0,PN
OT-000461,PAR-000616,PN-EQ-02,2026-11-04,Preventiva,12.2,2,Sello mecánico,1973.0,PN
OT-000462,PAR-000617,PN-EQ-02,2026-11-05,Correctiva,7.9,1,Faja/correa,1235.0,PN
OT-000463,PAR-000618,PN-EQ-02,2026-11-16,Correctiva,28.6,1,Rodamiento,7507.0,PN
OT-000464,PAR-000619,PN-EQ-02,2026-11-17,Correctiva,5.9,2,Sello mecánico,462.0,PN
OT-000465,PAR-000620,PN-EQ-02,2026-11-18,Correctiva,0.6,3,Rodamiento,460.0,PN
OT-000466,PAR-000621,PN-EQ-02,2026-11-22,Preventiva,11.9,3,Revestimiento (liner),193.0,PN
OT-000467,PAR-000622,PN-EQ-02,2026-11-26,Correctiva,3.1,1,Ninguno (solo mano de obra),7952.0,PN
OT-000468,PAR-000623,PN-EQ-02,2026-11-29,Correctiva,4.8,3,Sensor/instrumento,1673.0,PN
OT-000469,PAR-000624,PN-EQ-02,2026-12-04,Correctiva,0.7,1,Rodamiento,1354.0,PN
OT-000470,PAR-000626,PN-EQ-02,2026-12-08,Preventiva,6.9,3,Faja/correa,1595.0,PN
OT-000471,PAR-000627,PN-EQ-02,2026-12-14,Correctiva,2.1,2,Ninguno (solo mano de obra),53.0,PN
OT-000472,PAR-000628,PN-EQ-02,2026-12-16,Correctiva,16.0,1,Ninguno (solo mano de obra),5184.0,PN
OT-000473,PAR-000631,PN-EQ-02,2026-12-27,Preventiva,11.5,3,Faja/correa,2113.0,PN
OT-000474,PAR-000633,PN-EQ-02,2027-01-04,Correctiva,7.4,1,Ninguno (solo mano de obra),238.0,PN
OT-000475,PAR-000634,PN-EQ-02,2027-01-08,Correctiva,5.8,3,Revestimiento (liner),2001.0,PN
OT-000476,PAR-000635,PN-EQ-02,2027-01-11,Correctiva,4.6,1,Revestimiento (liner),4807.0,PN
OT-000477,PAR-000636,PN-EQ-02,2027-01-15,Preventiva,11.2,1,Sensor/instrumento,2291.0,PN
OT-000478,PAR-000637,PN-EQ-02,2027-02-01,Correctiva,3.1,1,Sensor/instrumento,5142.0,PN
OT-000479,PAR-000638,PN-EQ-02,2027-02-03,Correctiva,9.4,2,indeterminado,2669.0,PN
OT-000480,PAR-000639,PN-EQ-02,2027-02-05,Correctiva,4.0,3,Sello mecánico,1647.0,PN
OT-000481,PAR-000640,PN-EQ-02,2027-02-07,Preventiva,7.9,2,Revestimiento (liner),1621.0,PN
OT-000482,PAR-000642,PN-EQ-02,2027-02-08,Correctiva,3.4,1,Sello mecánico,398.0,PN
OT-000483,PAR-000643,PN-EQ-02,2027-02-12,Correctiva,2.3,2,Sello mecánico,545.0,PN
OT-000484,PAR-000644,PN-EQ-02,2027-02-18,Correctiva,8.1,3,Sensor/instrumento,4265.0,PN
OT-000485,PAR-000646,PN-EQ-02,2027-02-19,Correctiva,10.1,1,Rodamiento,7423.0,PN
OT-000486,PAR-000648,PN-EQ-02,2027-02-21,Correctiva,19.4,1,Sello mecánico,5666.0,PN
OT-000487,PAR-000649,PN-EQ-02,2027-02-26,Correctiva,5.6,1,Rodamiento,2602.0,PN
OT-000488,PAR-000650,PN-EQ-02,2027-02-27,Correctiva,2.6,3,Motor eléctrico,4065.0,PN
OT-000489,PAR-000651,PN-EQ-02,2027-02-28,Preventiva,11.2,1,Sello mecánico,398.0,PN
OT-000490,PAR-000652,PN-EQ-02,2027-02-28,Correctiva,1.9,1,Rodamiento,2818.0,PN
OT-000491,PAR-000654,PN-EQ-02,2027-03-05,Correctiva,2.0,2,Sensor/instrumento,7461.0,PN
OT-000492,PAR-000658,PN-EQ-02,2027-03-14,Correctiva,1.8,3,Rodamiento,293.0,PN
OT-000493,PAR-000659,PN-EQ-02,2027-03-16,Preventiva,6.6,1,Ninguno (solo mano de obra),1441.0,PN
OT-000494,PAR-000661,PN-EQ-02,2027-03-22,Correctiva,8.6,2,Revestimiento (liner),2308.0,PN
OT-000495,PAR-000663,PN-EQ-02,2027-03-29,Correctiva,0.6,2,Faja/correa,7034.0,PN
OT-000496,PAR-000664,PN-EQ-02,2027-03-30,Preventiva,13.1,3,Motor eléctrico,610.0,PN
OT-000497,PAR-000665,PN-EQ-02,2027-04-08,Correctiva,6.2,3,Motor eléctrico,7505.0,PN
OT-000498,PAR-000666,PN-EQ-02,2027-04-12,Correctiva,27.2,1,Sello mecánico,2865.0,PN
OT-000499,PAR-000667,PN-EQ-02,2027-04-15,Correctiva,26.4,3,Sello mecánico,1223.0,PN
OT-000500,PAR-000668,PN-EQ-02,2027-04-17,Preventiva,13.0,3,Sensor/instrumento,268.0,PN
OT-000501,PAR-000670,PN-EQ-02,2027-05-03,Preventiva,7.8,1,Ninguno (solo mano de obra),728.0,PN
OT-000502,PAR-000672,PN-EQ-02,2027-05-17,Correctiva,3.2,2,Sello mecánico,2003.0,PN
OT-000503,PAR-000673,PN-EQ-02,2027-05-19,Preventiva,7.2,2,Sello mecánico,1562.0,PN
OT-000504,PAR-000675,PN-EQ-02,2027-06-07,Correctiva,23.7,3,Sello mecánico,2679.0,PN
OT-000505,PAR-000676,PN-EQ-02,2027-06-10,Preventiva,7.4,2,Rodamiento,152.0,PN
OT-000506,PAR-000677,PN-EQ-02,2027-06-20,Correctiva,0.6,3,Rodamiento,7195.0,PN
OT-000507,PAR-000678,PN-EQ-02,2027-06-21,Correctiva,3.0,2,Faja/correa,3865.0,PN
OT-000508,PAR-000679,PN-EQ-02,2027-06-25,Preventiva,4.1,2,Sello mecánico,2038.0,PN
OT-000509,PAR-000680,PN-EQ-02,2027-07-06,Correctiva,3.6,3,Ninguno (solo mano de obra),5669.0,PN
OT-000510,PAR-000681,PN-EQ-02,2027-07-13,Preventiva,9.7,3,Ninguno (solo mano de obra),893.0,PN
OT-000511,PAR-000683,PN-EQ-02,2027-07-24,Correctiva,9.7,2,Motor eléctrico,7215.0,PN
OT-000512,PAR-000684,PN-EQ-02,2027-07-29,Preventiva,9.2,1,Ninguno (solo mano de obra),2301.0,PN
OT-000513,PAR-000685,PN-EQ-02,2027-07-29,Correctiva,13.4,1,Faja/correa,3837.0,PN
OT-000514,PAR-000687,PN-EQ-02,2027-07-31,Correctiva,3.1,2,Faja/correa,3316.0,PN
OT-000515,PAR-000688,PN-EQ-02,2027-08-09,Correctiva,19.7,3,Motor eléctrico,2947.0,PN
OT-000516,PAR-000690,PN-EQ-02,2027-08-15,Preventiva,10.1,2,Ninguno (solo mano de obra),954.0,PN
OT-000517,PAR-000692,PN-EQ-02,2027-08-29,Correctiva,0.4,1,Ninguno (solo mano de obra),810.0,PN
OT-000518,PAR-000693,PN-EQ-02,2027-09-06,Preventiva,9.3,1,Sello mecánico,769.0,PN
OT-000519,PAR-000694,PN-EQ-02,2027-09-07,Correctiva,5.2,2,Revestimiento (liner),7801.0,PN
OT-000520,PAR-000696,PN-EQ-02,2027-09-16,Correctiva,26.2,2,Sello mecánico,7688.0,PN
OT-000521,PAR-000697,PN-EQ-02,2027-09-25,Correctiva,11.6,3,Sensor/instrumento,1608.0,PN
OT-000522,PAR-000698,PN-EQ-02,2027-09-26,Preventiva,11.3,1,Sello mecánico,2464.0,PN
OT-000523,PAR-000699,PN-EQ-02,2027-09-27,Correctiva,12.3,3,Motor eléctrico,4975.0,PN
OT-000524,PAR-000700,PN-EQ-02,2027-09-28,Correctiva,14.9,1,Ninguno (solo mano de obra),4931.0,PN
OT-000525,PAR-000702,PN-EQ-02,2027-10-10,Correctiva,3.7,1,Motor eléctrico,474.0,PN
OT-000526,PAR-000703,PN-EQ-02,2027-10-12,Preventiva,14.3,2,Motor eléctrico,1677.0,PN
OT-000527,PAR-000705,PN-EQ-02,2027-10-29,Preventiva,9.1,3,Revestimiento (liner),1009.0,PN
OT-000528,PAR-000706,PN-EQ-02,2027-10-29,Correctiva,0.9,3,Rodamiento,2936.0,PN
OT-000529,PAR-000708,PN-EQ-02,2027-11-07,Correctiva,5.2,2,Rodamiento,5010.0,PN
OT-000530,PAR-000709,PN-EQ-02,2027-11-08,Correctiva,14.8,3,Rodamiento,6625.0,PN
OT-000531,PAR-000710,PN-EQ-02,2027-11-13,Correctiva,14.8,1,Revestimiento (liner),5247.0,PN
OT-000532,PAR-000711,PN-EQ-02,2027-11-15,Preventiva,6.7,3,Revestimiento (liner),2250.0,PN
OT-000533,PAR-000712,PN-EQ-02,2027-11-19,Correctiva,18.9,1,Revestimiento (liner),5569.0,PN
OT-000534,PAR-000714,PN-EQ-02,2027-11-23,Correctiva,0.8,3,Sensor/instrumento,3788.0,PN
OT-000535,PAR-000715,PN-EQ-02,2027-12-01,Preventiva,9.4,1,Sensor/instrumento,1477.0,PN
OT-000536,PAR-000716,PN-EQ-02,2027-12-10,Correctiva,5.4,1,Sello mecánico,982.0,PN
OT-000537,PAR-000717,PN-EQ-02,2027-12-17,Preventiva,6.7,3,Sensor/instrumento,1008.0,PN
OT-000538,PAR-000719,PN-EQ-02,2027-12-30,Correctiva,2.0,1,Sensor/instrumento,221.0,PN
OT-000539,PAR-000720,PN-EQ-02,2027-12-31,Correctiva,0.6,2,Sello mecánico,3132.0,PN
OT-000540,PAR-000721,PN-EQ-03,2024-01-02,Correctiva,0.6,3,Motor eléctrico,7965.0,PN
OT-000541,PAR-000722,PN-EQ-03,2024-01-11,Correctiva,1.1,1,Revestimiento (liner),6710.0,PN
OT-000542,PAR-000723,PN-EQ-03,2024-01-15,Correctiva,15.0,2,Faja/correa,2246.0,PN
OT-000543,PAR-000724,PN-EQ-03,2024-01-17,Preventiva,7.4,3,Revestimiento (liner),2465.0,PN
OT-000544,PAR-000725,PN-EQ-03,2024-01-22,Correctiva,0.6,1,Faja/correa,451.0,PN
OT-000545,PAR-000726,PN-EQ-03,2024-01-31,Correctiva,2.1,3,Faja/correa,5654.0,PN
OT-000546,PAR-000727,PN-EQ-03,2024-02-08,Preventiva,6.3,1,Motor eléctrico,2202.0,PN
OT-000547,PAR-000729,PN-EQ-03,2024-02-16,Correctiva,3.0,1,Ninguno (solo mano de obra),1954.0,PN
OT-000548,PAR-000731,PN-EQ-03,2024-02-24,Preventiva,8.0,1,Sensor/instrumento,2231.0,PN
OT-000549,PAR-000732,PN-EQ-03,2024-02-24,Correctiva,1.0,3,Sello mecánico,7210.0,PN
OT-000550,PAR-000734,PN-EQ-03,2024-03-09,Correctiva,0.7,2,Faja/correa,6792.0,PN
OT-000551,PAR-000735,PN-EQ-03,2024-03-17,Correctiva,8.9,1,Rodamiento,5968.0,PN
OT-000552,PAR-000736,PN-EQ-03,2024-03-18,Preventiva,7.9,2,Rodamiento,589.0,PN
OT-000553,PAR-000738,PN-EQ-03,2024-03-22,Correctiva,6.5,1,Ninguno (solo mano de obra),2914.0,PN
OT-000554,PAR-000740,PN-EQ-03,2024-04-04,Preventiva,6.4,1,Rodamiento,1652.0,PN
OT-000555,PAR-000742,PN-EQ-03,2024-04-10,Correctiva,0.5,1,Rodamiento,995.0,PN
OT-000556,PAR-000743,PN-EQ-03,2024-04-11,Correctiva,8.2,2,Revestimiento (liner),5491.0,PN
OT-000557,PAR-000744,PN-EQ-03,2024-04-17,Correctiva,1.0,1,Faja/correa,5356.0,PN
OT-000558,PAR-000745,PN-EQ-03,2024-04-26,Preventiva,6.0,2,Faja/correa,284.0,PN
OT-000559,PAR-000748,PN-EQ-03,2024-05-03,Correctiva,2.3,2,Ninguno (solo mano de obra),516.0,PN
OT-000560,PAR-000749,PN-EQ-03,2024-05-14,Preventiva,4.6,1,Faja/correa,1834.0,PN
OT-000561,PAR-000752,PN-EQ-03,2024-06-04,Preventiva,10.3,2,Rodamiento,593.0,PN
OT-000562,PAR-000754,PN-EQ-03,2024-06-23,Correctiva,15.6,2,Sello mecánico,4238.0,PN
OT-000563,PAR-000755,PN-EQ-03,2024-06-24,Preventiva,10.5,1,Faja/correa,440.0,PN
OT-000564,PAR-000757,PN-EQ-03,2024-07-16,Preventiva,5.2,3,Ninguno (solo mano de obra),107.0,PN
OT-000565,PAR-000758,PN-EQ-03,2024-07-16,Correctiva,19.4,2,Sello mecánico,3257.0,PN
OT-000566,PAR-000759,PN-EQ-03,2024-07-20,Correctiva,5.3,2,Sensor/instrumento,2023.0,PN
OT-000567,PAR-000760,PN-EQ-03,2024-08-03,Preventiva,7.8,1,Rodamiento,257.0,PN
OT-000568,PAR-000761,PN-EQ-03,2024-08-05,Correctiva,0.4,2,Rodamiento,551.0,PN
OT-000569,PAR-000762,PN-EQ-03,2024-08-11,Correctiva,18.9,1,Revestimiento (liner),1202.0,PN
OT-000570,PAR-000763,PN-EQ-03,2024-08-15,Correctiva,3.5,2,Sello mecánico,4457.0,PN
OT-000571,PAR-000764,PN-EQ-03,2024-08-19,Preventiva,7.6,3,Ninguno (solo mano de obra),1924.0,PN
OT-000572,PAR-000765,PN-EQ-03,2024-08-20,Correctiva,4.9,3,Faja/correa,7492.0,PN
OT-000573,PAR-000767,PN-EQ-03,2024-09-03,Preventiva,4.6,3,Ninguno (solo mano de obra),2177.0,PN
OT-000574,PAR-000769,PN-EQ-03,2024-09-18,Correctiva,4.6,1,Ninguno (solo mano de obra),5947.0,PN
OT-000575,PAR-000770,PN-EQ-03,2024-09-23,Preventiva,10.0,2,Motor eléctrico,213.0,PN
OT-000576,PAR-000771,PN-EQ-03,2024-09-25,Correctiva,1.9,2,Rodamiento,3411.0,PN
OT-000577,PAR-000773,PN-EQ-03,2024-10-07,Preventiva,4.4,3,Faja/correa,1082.0,PN
OT-000578,PAR-000774,PN-EQ-03,2024-10-29,Preventiva,12.3,1,Revestimiento (liner),4.0,PN
OT-000579,PAR-000776,PN-EQ-03,2024-11-17,Preventiva,7.2,2,Rodamiento,1262.0,PN
OT-000580,PAR-000777,PN-EQ-03,2024-12-01,Correctiva,2.0,2,Ninguno (solo mano de obra),4281.0,PN
OT-000581,PAR-000778,PN-EQ-03,2024-12-06,Preventiva,7.7,2,Sello mecánico,515.0,PN
OT-000582,PAR-000779,PN-EQ-03,2024-12-13,Correctiva,6.1,1,Ninguno (solo mano de obra),7845.0,PN
OT-000583,PAR-000780,PN-EQ-03,2024-12-15,Correctiva,10.9,2,Motor eléctrico,4416.0,PN
OT-000584,PAR-000781,PN-EQ-03,2024-12-23,Correctiva,1.9,1,Faja/correa,4875.0,PN
OT-000585,PAR-000782,PN-EQ-03,2024-12-26,Preventiva,7.7,2,Motor eléctrico,1490.0,PN
OT-000586,PAR-000784,PN-EQ-03,2024-12-30,Correctiva,0.8,2,Revestimiento (liner),5172.0,PN
OT-000587,PAR-000786,PN-EQ-03,2025-01-13,Preventiva,6.0,3,Sensor/instrumento,1936.0,PN
OT-000588,PAR-000787,PN-EQ-03,2025-01-20,Correctiva,0.7,3,Sello mecánico,984.0,PN
OT-000589,PAR-000791,PN-EQ-03,2025-02-01,Preventiva,8.1,1,Motor eléctrico,1514.0,PN
OT-000590,PAR-000794,PN-EQ-03,2025-02-13,Correctiva,17.3,2,Faja/correa,4742.0,PN
OT-000591,PAR-000796,PN-EQ-03,2025-02-20,Preventiva,9.7,3,Rodamiento,83.0,PN
OT-000592,PAR-000797,PN-EQ-03,2025-02-21,Correctiva,13.5,1,Sello mecánico,5975.0,PN
OT-000593,PAR-000798,PN-EQ-03,2025-03-06,Preventiva,6.7,2,Sensor/instrumento,2392.0,PN
OT-000594,PAR-000800,PN-EQ-03,2025-03-06,Correctiva,5.1,3,Sensor/instrumento,5064.0,PN
OT-000595,PAR-000802,PN-EQ-03,2025-03-24,Preventiva,10.5,3,Sensor/instrumento,2456.0,PN
OT-000596,PAR-000805,PN-EQ-03,2025-04-12,Preventiva,5.3,1,Motor eléctrico,554.0,PN
OT-000597,PAR-000806,PN-EQ-03,2025-04-14,Correctiva,1.8,3,Revestimiento (liner),6370.0,PN
OT-000598,PAR-000807,PN-EQ-03,2025-04-20,Correctiva,0.8,1,indeterminado,5547.0,PN
OT-000599,PAR-000808,PN-EQ-03,2025-04-28,Preventiva,6.3,2,Sello mecánico,1332.0,PN
OT-000600,PAR-000809,PN-EQ-03,2025-04-30,Correctiva,0.9,1,Revestimiento (liner),4084.0,PN
OT-000601,PAR-000812,PN-EQ-03,2025-05-09,Correctiva,4.7,1,Revestimiento (liner),3775.0,PN
OT-000602,PAR-000814,PN-EQ-03,2025-05-14,Preventiva,6.4,2,Faja/correa,1232.0,PN
OT-000603,PAR-000815,PN-EQ-03,2025-05-14,Correctiva,8.1,1,Motor eléctrico,7918.0,PN
OT-000604,PAR-000816,PN-EQ-03,2025-05-15,Correctiva,7.2,2,indeterminado,3742.0,PN
OT-000605,PAR-000817,PN-EQ-03,2025-05-22,Correctiva,7.1,2,Sello mecánico,7755.0,PN
OT-000606,PAR-000818,PN-EQ-03,2025-05-31,Correctiva,2.3,3,Motor eléctrico,164.0,PN
OT-000607,PAR-000819,PN-EQ-03,2025-06-03,Correctiva,1.0,2,Motor eléctrico,5768.0,PN
OT-000608,PAR-000820,PN-EQ-03,2025-06-04,Preventiva,5.1,1,Rodamiento,253.0,PN
OT-000609,PAR-000821,PN-EQ-03,2025-06-21,Preventiva,10.3,3,Revestimiento (liner),1035.0,PN
OT-000610,PAR-000822,PN-EQ-03,2025-07-01,Correctiva,0.9,2,Sello mecánico,5886.0,PN
OT-000611,PAR-000823,PN-EQ-03,2025-07-08,Preventiva,11.3,2,Sensor/instrumento,1628.0,PN
OT-000612,PAR-000825,PN-EQ-03,2025-07-28,Preventiva,10.9,3,Sensor/instrumento,1527.0,PN
OT-000613,PAR-000826,PN-EQ-03,2025-08-03,Correctiva,0.7,2,Faja/correa,1918.0,PN
OT-000614,PAR-000827,PN-EQ-03,2025-08-14,Preventiva,12.3,2,Sensor/instrumento,146.0,PN
OT-000615,PAR-000829,PN-EQ-03,2025-08-24,Correctiva,12.1,3,Sensor/instrumento,2942.0,PN
OT-000616,PAR-000830,PN-EQ-03,2025-08-31,Preventiva,7.5,1,Motor eléctrico,248.0,PN
OT-000617,PAR-000831,PN-EQ-03,2025-08-31,Correctiva,2.5,2,Motor eléctrico,1845.0,PN
OT-000618,PAR-000832,PN-EQ-03,2025-09-06,Correctiva,12.9,3,Revestimiento (liner),6661.0,PN
OT-000619,PAR-000835,PN-EQ-03,2025-09-15,Preventiva,7.7,3,Motor eléctrico,2399.0,PN
OT-000620,PAR-000836,PN-EQ-03,2025-09-26,Correctiva,0.5,1,Sello mecánico,6591.0,PN
OT-000621,PAR-000838,PN-EQ-03,2025-10-08,Preventiva,4.5,3,Rodamiento,2129.0,PN
OT-000622,PAR-000840,PN-EQ-03,2025-10-25,Correctiva,0.6,3,Sello mecánico,7092.0,PN
OT-000623,PAR-000841,PN-EQ-03,2025-10-31,Preventiva,9.7,1,Revestimiento (liner),248.0,PN
OT-000624,PAR-000842,PN-EQ-03,2025-11-09,Correctiva,2.0,3,Motor eléctrico,3394.0,PN
OT-000625,PAR-000843,PN-EQ-03,2025-11-10,Correctiva,3.1,1,Sello mecánico,1236.0,PN
OT-000626,PAR-000844,PN-EQ-03,2025-11-12,Correctiva,2.2,2,Motor eléctrico,7994.0,PN
OT-000627,PAR-000845,PN-EQ-03,2025-11-18,Preventiva,7.6,3,Sello mecánico,1888.0,PN
OT-000628,PAR-000847,PN-EQ-03,2025-11-28,Correctiva,18.1,1,Sello mecánico,183.0,PN
OT-000629,PAR-000849,PN-EQ-03,2025-12-05,Preventiva,5.2,3,Sensor/instrumento,1280.0,PN
OT-000630,PAR-000851,PN-EQ-03,2025-12-24,Correctiva,10.9,3,Motor eléctrico,5069.0,PN
OT-000631,PAR-000852,PN-EQ-03,2025-12-28,Preventiva,4.7,3,Rodamiento,1921.0,PN
OT-000632,PAR-000853,PN-EQ-03,2025-12-28,Correctiva,4.3,1,Faja/correa,167.0,PN
OT-000633,PAR-000854,PN-EQ-03,2026-01-02,Correctiva,10.1,1,Revestimiento (liner),6183.0,PN
OT-000634,PAR-000855,PN-EQ-03,2026-01-08,Correctiva,6.5,2,Sello mecánico,4819.0,PN
OT-000635,PAR-000857,PN-EQ-03,2026-01-16,Preventiva,7.7,3,Ninguno (solo mano de obra),1219.0,PN
OT-000636,PAR-000858,PN-EQ-03,2026-01-30,Correctiva,8.8,3,Faja/correa,5877.0,PN
OT-000637,PAR-000860,PN-EQ-03,2026-02-08,Preventiva,6.1,2,Sello mecánico,130.0,PN
OT-000638,PAR-000863,PN-EQ-03,2026-02-22,Preventiva,8.6,2,indeterminado,18.0,PN
OT-000639,PAR-000864,PN-EQ-03,2026-02-22,Correctiva,3.4,2,Revestimiento (liner),6506.0,PN
OT-000640,PAR-000865,PN-EQ-03,2026-02-23,Correctiva,13.0,1,Revestimiento (liner),6921.0,PN
OT-000641,PAR-000867,PN-EQ-03,2026-03-11,Preventiva,8.6,2,Sello mecánico,2057.0,PN
OT-000642,PAR-000868,PN-EQ-03,2026-03-15,Correctiva,8.0,2,Ninguno (solo mano de obra),192.0,PN
OT-000643,PAR-000870,PN-EQ-03,2026-03-25,Correctiva,11.9,1,Sello mecánico,1.0,PN
OT-000644,PAR-000871,PN-EQ-03,2026-03-26,Preventiva,8.2,1,Ninguno (solo mano de obra),387.0,PN
OT-000645,PAR-000874,PN-EQ-03,2026-04-16,Preventiva,12.5,2,Ninguno (solo mano de obra),1090.0,PN
OT-000646,PAR-000876,PN-EQ-03,2026-04-23,Correctiva,1.5,1,Sello mecánico,3719.0,PN
OT-000647,PAR-000879,PN-EQ-03,2026-05-02,Preventiva,10.4,2,Revestimiento (liner),2487.0,PN
OT-000648,PAR-000880,PN-EQ-03,2026-05-05,Correctiva,6.5,3,Revestimiento (liner),5451.0,PN
OT-000649,PAR-000881,PN-EQ-03,2026-05-06,Correctiva,25.0,3,Revestimiento (liner),5223.0,PN
OT-000650,PAR-000882,PN-EQ-03,2026-05-07,Correctiva,1.9,3,Revestimiento (liner),1846.0,PN
OT-000651,PAR-000883,PN-EQ-03,2026-05-18,Preventiva,6.9,2,Sensor/instrumento,1870.0,PN
OT-000652,PAR-000884,PN-EQ-03,2026-06-05,Preventiva,9.5,2,Motor eléctrico,569.0,PN
OT-000653,PAR-000890,PN-EQ-03,2026-06-16,Correctiva,2.7,3,Revestimiento (liner),4477.0,PN
OT-000654,PAR-000891,PN-EQ-03,2026-06-18,Correctiva,9.9,1,Revestimiento (liner),2304.0,PN
OT-000655,PAR-000892,PN-EQ-03,2026-06-20,Correctiva,0.8,3,Sensor/instrumento,1232.0,PN
OT-000656,PAR-000893,PN-EQ-03,2026-06-22,Preventiva,6.4,2,Rodamiento,1331.0,PN
OT-000657,PAR-000894,PN-EQ-03,2026-07-03,Correctiva,0.8,1,Motor eléctrico,2209.0,PN
OT-000658,PAR-000895,PN-EQ-03,2026-07-06,Correctiva,3.5,3,Motor eléctrico,782.0,PN
OT-000659,PAR-000896,PN-EQ-03,2026-07-14,Preventiva,6.4,3,Faja/correa,1629.0,PN
OT-000660,PAR-000898,PN-EQ-03,2026-07-16,Correctiva,0.5,2,Faja/correa,1888.0,PN
OT-000661,PAR-000900,PN-EQ-03,2026-07-31,Preventiva,4.0,2,Revestimiento (liner),113.0,PN
OT-000662,PAR-000901,PN-EQ-03,2026-07-31,Correctiva,5.7,2,Rodamiento,7707.0,PN
OT-000663,PAR-000903,PN-EQ-03,2026-08-16,Correctiva,4.1,1,Sello mecánico,3811.0,PN
OT-000664,PAR-000904,PN-EQ-03,2026-08-17,Preventiva,6.8,3,Revestimiento (liner),314.0,PN
OT-000665,PAR-000907,PN-EQ-03,2026-08-31,Correctiva,2.4,2,Revestimiento (liner),2334.0,PN
OT-000666,PAR-000908,PN-EQ-03,2026-09-04,Preventiva,10.4,1,Faja/correa,680.0,PN
OT-000667,PAR-000909,PN-EQ-03,2026-09-08,Correctiva,14.2,2,Sensor/instrumento,768.0,PN
OT-000668,PAR-000910,PN-EQ-03,2026-09-20,Preventiva,10.9,2,Ninguno (solo mano de obra),1751.0,PN
OT-000669,PAR-000911,PN-EQ-03,2026-09-23,Correctiva,9.7,3,Motor eléctrico,678.0,PN
OT-000670,PAR-000912,PN-EQ-03,2026-10-10,Preventiva,7.7,1,Rodamiento,935.0,PN
OT-000671,PAR-000915,PN-EQ-03,2026-10-18,Correctiva,4.9,2,Revestimiento (liner),7218.0,PN
OT-000672,PAR-000918,PN-EQ-03,2026-10-20,Correctiva,1.8,3,Ninguno (solo mano de obra),6103.0,PN
OT-000673,PAR-000919,PN-EQ-03,2026-10-22,Correctiva,18.8,3,Motor eléctrico,6364.0,PN
OT-000674,PAR-000920,PN-EQ-03,2026-10-25,Correctiva,7.3,3,Ninguno (solo mano de obra),5905.0,PN
OT-000675,PAR-000922,PN-EQ-03,2026-10-29,Correctiva,6.0,2,Revestimiento (liner),6616.0,PN
OT-000676,PAR-000923,PN-EQ-03,2026-11-02,Preventiva,6.1,3,Rodamiento,2257.0,PN
OT-000677,PAR-000924,PN-EQ-03,2026-11-02,Correctiva,4.2,2,Motor eléctrico,2535.0,PN
OT-000678,PAR-000925,PN-EQ-03,2026-11-07,Correctiva,7.6,2,Ninguno (solo mano de obra),2394.0,PN
OT-000679,PAR-000926,PN-EQ-03,2026-11-16,Preventiva,8.4,3,Revestimiento (liner),1868.0,PN
OT-000680,PAR-000927,PN-EQ-03,2026-11-17,Correctiva,7.5,1,Sello mecánico,552.0,PN
OT-000681,PAR-000929,PN-EQ-03,2026-11-28,Correctiva,0.5,1,Faja/correa,6853.0,PN
OT-000682,PAR-000932,PN-EQ-03,2026-12-09,Preventiva,9.0,2,Sello mecánico,744.0,PN
OT-000683,PAR-000934,PN-EQ-03,2026-12-10,Correctiva,8.1,1,Rodamiento,1510.0,PN
OT-000684,PAR-000935,PN-EQ-03,2026-12-13,Correctiva,10.3,1,indeterminado,5909.0,PN
OT-000685,PAR-000936,PN-EQ-03,2027-01-01,Preventiva,9.6,1,Revestimiento (liner),1341.0,PN
OT-000686,PAR-000937,PN-EQ-03,2027-01-06,Correctiva,6.2,3,Revestimiento (liner),1462.0,PN
OT-000687,PAR-000938,PN-EQ-03,2027-01-07,Correctiva,5.0,3,Sensor/instrumento,1991.0,PN
OT-000688,PAR-000939,PN-EQ-03,2027-01-08,Correctiva,2.2,2,Sensor/instrumento,6959.0,PN
OT-000689,PAR-000941,PN-EQ-03,2027-01-19,Preventiva,7.9,2,Faja/correa,9.0,PN
OT-000690,PAR-000942,PN-EQ-03,2027-01-21,Correctiva,1.3,1,Sensor/instrumento,4529.0,PN
OT-000691,PAR-000943,PN-EQ-03,2027-02-02,Preventiva,7.7,3,Ninguno (solo mano de obra),851.0,PN
OT-000692,PAR-000945,PN-EQ-03,2027-02-14,Correctiva,4.6,2,Rodamiento,6341.0,PN
OT-000693,PAR-000947,PN-EQ-03,2027-02-21,Preventiva,10.0,3,Revestimiento (liner),1933.0,PN
OT-000694,PAR-000948,PN-EQ-03,2027-03-11,Correctiva,5.6,1,Revestimiento (liner),2243.0,PN
OT-000695,PAR-000949,PN-EQ-03,2027-03-15,Preventiva,10.5,1,Revestimiento (liner),1041.0,PN
OT-000696,PAR-000950,PN-EQ-03,2027-04-01,Correctiva,0.5,1,Faja/correa,142.0,PN
OT-000697,PAR-000952,PN-EQ-03,2027-04-05,Preventiva,7.1,1,Motor eléctrico,1783.0,PN
OT-000698,PAR-000953,PN-EQ-03,2027-04-05,Correctiva,15.3,1,Sensor/instrumento,6102.0,PN
OT-000699,PAR-000955,PN-EQ-03,2027-04-26,Correctiva,0.7,3,Motor eléctrico,5932.0,PN
OT-000700,PAR-000956,PN-EQ-03,2027-04-28,Preventiva,11.3,2,Rodamiento,985.0,PN
OT-000701,PAR-000957,PN-EQ-03,2027-04-30,Correctiva,1.0,1,Sensor/instrumento,5529.0,PN
OT-000702,PAR-000958,PN-EQ-03,2027-05-02,Correctiva,1.2,1,Faja/correa,151.0,PN
OT-000703,PAR-000959,PN-EQ-03,2027-05-03,Correctiva,1.1,2,Sello mecánico,4738.0,PN
OT-000704,PAR-000960,PN-EQ-03,2027-05-10,Correctiva,1.1,1,Sello mecánico,3921.0,PN
OT-000705,PAR-000961,PN-EQ-03,2027-05-18,Preventiva,7.1,3,Revestimiento (liner),2316.0,PN
OT-000706,PAR-000962,PN-EQ-03,2027-05-19,Correctiva,0.6,3,Sensor/instrumento,7448.0,PN
OT-000707,PAR-000964,PN-EQ-03,2027-06-05,Correctiva,0.6,1,Rodamiento,3029.0,PN
OT-000708,PAR-000965,PN-EQ-03,2027-06-06,Preventiva,8.4,1,Sensor/instrumento,2254.0,PN
OT-000709,PAR-000966,PN-EQ-03,2027-06-06,Correctiva,7.9,3,Sello mecánico,7120.0,PN
OT-000710,PAR-000968,PN-EQ-03,2027-06-08,Correctiva,7.7,2,Sello mecánico,2285.0,PN
OT-000711,PAR-000970,PN-EQ-03,2027-06-29,Preventiva,5.8,2,Revestimiento (liner),824.0,PN
OT-000712,PAR-000973,PN-EQ-03,2027-07-10,Correctiva,5.3,1,Ninguno (solo mano de obra),4115.0,PN
OT-000713,PAR-000975,PN-EQ-03,2027-07-19,Preventiva,4.8,3,Sello mecánico,1125.0,PN
OT-000714,PAR-000976,PN-EQ-03,2027-07-23,Correctiva,1.7,1,Rodamiento,2893.0,PN
OT-000715,PAR-000977,PN-EQ-03,2027-07-27,Correctiva,2.4,1,Ninguno (solo mano de obra),3369.0,PN
OT-000716,PAR-000978,PN-EQ-03,2027-07-28,Correctiva,1.9,1,Motor eléctrico,20.0,PN
OT-000717,PAR-000979,PN-EQ-03,2027-08-01,Correctiva,6.3,2,Sello mecánico,2493.0,PN
OT-000718,PAR-000980,PN-EQ-03,2027-08-05,Preventiva,6.4,1,Revestimiento (liner),1732.0,PN
OT-000719,PAR-000984,PN-EQ-03,2027-08-15,Correctiva,0.4,3,Rodamiento,5736.0,PN
OT-000720,PAR-000985,PN-EQ-03,2027-08-25,Correctiva,4.0,3,Faja/correa,4343.0,PN
OT-000721,PAR-000986,PN-EQ-03,2027-08-26,Correctiva,4.0,1,Ninguno (solo mano de obra),168.0,PN
OT-000722,PAR-000987,PN-EQ-03,2027-08-28,Preventiva,9.0,2,Motor eléctrico,2192.0,PN
OT-000723,PAR-000988,PN-EQ-03,2027-08-31,Correctiva,3.7,1,Motor eléctrico,1829.0,PN
OT-000724,PAR-000989,PN-EQ-03,2027-09-11,Preventiva,7.5,2,Faja/correa,1783.0,PN
OT-000725,PAR-000990,PN-EQ-03,2027-09-14,Correctiva,5.2,2,Rodamiento,6884.0,PN
OT-000726,PAR-000991,PN-EQ-03,2027-10-01,Preventiva,6.6,1,Revestimiento (liner),2065.0,PN
OT-000727,PAR-000993,PN-EQ-03,2027-10-09,Correctiva,5.2,3,Faja/correa,494.0,PN
OT-000728,PAR-000994,PN-EQ-03,2027-10-11,Correctiva,1.6,2,Sello mecánico,5191.0,PN
OT-000729,PAR-000996,PN-EQ-03,2027-10-19,Correctiva,6.6,2,Revestimiento (liner),1442.0,PN
OT-000730,PAR-000997,PN-EQ-03,2027-10-23,Preventiva,9.1,2,Motor eléctrico,1532.0,PN
OT-000731,PAR-000998,PN-EQ-03,2027-10-26,Correctiva,1.6,1,indeterminado,5793.0,PN
OT-000732,PAR-001000,PN-EQ-03,2027-11-11,Preventiva,8.1,2,Faja/correa,1178.0,PN
OT-000733,PAR-001001,PN-EQ-03,2027-11-20,Correctiva,5.4,1,Ninguno (solo mano de obra),6757.0,PN
OT-000734,PAR-001002,PN-EQ-03,2027-12-02,Preventiva,7.5,1,Sensor/instrumento,1155.0,PN
OT-000735,PAR-001004,PN-EQ-03,2027-12-06,Correctiva,5.5,1,indeterminado,7291.0,PN
OT-000736,PAR-001005,PN-EQ-03,2027-12-09,Correctiva,1.1,1,Faja/correa,392.0,PN
OT-000737,PAR-001006,PN-EQ-03,2027-12-15,Correctiva,2.8,1,Ninguno (solo mano de obra),7376.0,PN
OT-000738,PAR-001007,PN-EQ-03,2027-12-20,Preventiva,10.5,3,Revestimiento (liner),227.0,PN
OT-000739,PAR-001009,PN-EQ-04,2024-01-04,Correctiva,4.3,2,Sensor/instrumento,2939.0,PN
OT-000740,PAR-001010,PN-EQ-04,2024-01-07,Correctiva,16.2,3,Sensor/instrumento,944.0,PN
OT-000741,PAR-001011,PN-EQ-04,2024-01-08,Correctiva,0.6,3,Ninguno (solo mano de obra),435.0,PN
OT-000742,PAR-001013,PN-EQ-04,2024-01-10,Correctiva,7.4,3,Ninguno (solo mano de obra),5214.0,PN
OT-000743,PAR-001014,PN-EQ-04,2024-01-13,Correctiva,8.1,2,Sensor/instrumento,1240.0,PN
OT-000744,PAR-001015,PN-EQ-04,2024-01-15,Correctiva,24.5,1,Sello mecánico,6685.0,PN
OT-000745,PAR-001016,PN-EQ-04,2024-01-17,Preventiva,4.0,1,Motor eléctrico,2274.0,PN
OT-000746,PAR-001017,PN-EQ-04,2024-01-24,Correctiva,23.8,3,Ninguno (solo mano de obra),3630.0,PN
OT-000747,PAR-001019,PN-EQ-04,2024-01-31,Correctiva,1.3,3,Faja/correa,6571.0,PN
OT-000748,PAR-001020,PN-EQ-04,2024-02-03,Preventiva,8.4,3,Ninguno (solo mano de obra),1294.0,PN
OT-000749,PAR-001021,PN-EQ-04,2024-02-06,Correctiva,14.7,1,Sensor/instrumento,97.0,PN
OT-000750,PAR-001022,PN-EQ-04,2024-02-13,Correctiva,8.9,2,Ninguno (solo mano de obra),3948.0,PN
OT-000751,PAR-001023,PN-EQ-04,2024-02-18,Correctiva,18.7,2,Rodamiento,6772.0,PN
OT-000752,PAR-001024,PN-EQ-04,2024-02-20,Correctiva,18.6,3,Rodamiento,5727.0,PN
OT-000753,PAR-001025,PN-EQ-04,2024-02-21,Correctiva,5.3,3,indeterminado,4045.0,PN
OT-000754,PAR-001026,PN-EQ-04,2024-02-22,Preventiva,9.2,1,Revestimiento (liner),248.0,PN
OT-000755,PAR-001028,PN-EQ-04,2024-03-02,Correctiva,1.1,3,Sensor/instrumento,7695.0,PN
OT-000756,PAR-001029,PN-EQ-04,2024-03-05,Correctiva,8.7,3,Faja/correa,2549.0,PN
OT-000757,PAR-001030,PN-EQ-04,2024-03-07,Correctiva,6.7,3,Motor eléctrico,7459.0,PN
OT-000758,PAR-001031,PN-EQ-04,2024-03-10,Preventiva,8.3,1,Rodamiento,595.0,PN
OT-000759,PAR-001033,PN-EQ-04,2024-03-14,Correctiva,1.4,3,Rodamiento,1917.0,PN
OT-000760,PAR-001035,PN-EQ-04,2024-03-19,Correctiva,8.1,3,Revestimiento (liner),403.0,PN
OT-000761,PAR-001037,PN-EQ-04,2024-03-27,Correctiva,7.9,3,Revestimiento (liner),6748.0,PN
OT-000762,PAR-001038,PN-EQ-04,2024-03-28,Correctiva,21.3,2,Sensor/instrumento,7186.0,PN
OT-000763,PAR-001039,PN-EQ-04,2024-03-30,Preventiva,8.9,3,Sensor/instrumento,2118.0,PN
OT-000764,PAR-001040,PN-EQ-04,2024-04-02,Correctiva,9.3,3,Rodamiento,692.0,PN
OT-000765,PAR-001042,PN-EQ-04,2024-04-06,Correctiva,8.3,3,Faja/correa,1550.0,PN
OT-000766,PAR-001043,PN-EQ-04,2024-04-11,Correctiva,4.9,3,Motor eléctrico,1678.0,PN
OT-000767,PAR-001044,PN-EQ-04,2024-04-15,Correctiva,10.1,3,Motor eléctrico,3191.0,PN
OT-000768,PAR-001045,PN-EQ-04,2024-04-17,Preventiva,6.9,1,Rodamiento,2039.0,PN
OT-000769,PAR-001047,PN-EQ-04,2024-04-26,Correctiva,13.6,1,Rodamiento,3397.0,PN
OT-000770,PAR-001048,PN-EQ-04,2024-04-28,Correctiva,9.7,2,Revestimiento (liner),5383.0,PN
OT-000771,PAR-001049,PN-EQ-04,2024-05-09,Preventiva,8.8,3,Sello mecánico,1574.0,PN
OT-000772,PAR-001051,PN-EQ-04,2024-05-25,Correctiva,10.5,2,Motor eléctrico,6907.0,PN
OT-000773,PAR-001052,PN-EQ-04,2024-05-26,Preventiva,5.2,1,Sensor/instrumento,1158.0,PN
OT-000774,PAR-001053,PN-EQ-04,2024-05-31,Correctiva,0.6,2,Sensor/instrumento,2521.0,PN
OT-000775,PAR-001054,PN-EQ-04,2024-06-05,Correctiva,2.1,3,Sello mecánico,827.0,PN
OT-000776,PAR-001055,PN-EQ-04,2024-06-08,Correctiva,2.3,3,Rodamiento,1204.0,PN
OT-000777,PAR-001056,PN-EQ-04,2024-06-10,Correctiva,20.6,3,Revestimiento (liner),2958.0,PN
OT-000778,PAR-001057,PN-EQ-04,2024-06-12,Preventiva,8.9,1,Faja/correa,2236.0,PN
OT-000779,PAR-001059,PN-EQ-04,2024-06-19,Correctiva,21.8,3,Sello mecánico,4659.0,PN
OT-000780,PAR-001060,PN-EQ-04,2024-07-03,Preventiva,8.9,2,Sensor/instrumento,1318.0,PN
OT-000781,PAR-001061,PN-EQ-04,2024-07-05,Correctiva,6.3,2,Revestimiento (liner),311.0,PN
OT-000782,PAR-001062,PN-EQ-04,2024-07-08,Correctiva,3.5,1,Revestimiento (liner),6091.0,PN
OT-000783,PAR-001063,PN-EQ-04,2024-07-11,Correctiva,15.9,1,Motor eléctrico,6246.0,PN
OT-000784,PAR-001064,PN-EQ-04,2024-07-12,Correctiva,21.4,2,Motor eléctrico,2849.0,PN
OT-000785,PAR-001066,PN-EQ-04,2024-07-18,Correctiva,7.6,1,Ninguno (solo mano de obra),5069.0,PN
OT-000786,PAR-001067,PN-EQ-04,2024-07-23,Correctiva,5.8,1,Ninguno (solo mano de obra),1343.0,PN
OT-000787,PAR-001068,PN-EQ-04,2024-07-25,Preventiva,5.6,3,Rodamiento,183.0,PN
OT-000788,PAR-001070,PN-EQ-04,2024-07-29,Correctiva,10.5,3,Rodamiento,1620.0,PN
OT-000789,PAR-001071,PN-EQ-04,2024-08-06,Correctiva,19.5,2,Rodamiento,754.0,PN
OT-000790,PAR-001072,PN-EQ-04,2024-08-13,Correctiva,2.1,3,Sensor/instrumento,3801.0,PN
OT-000791,PAR-001073,PN-EQ-04,2024-08-14,Preventiva,7.4,3,Revestimiento (liner),1487.0,PN
OT-000792,PAR-001074,PN-EQ-04,2024-08-23,Correctiva,13.2,3,Rodamiento,4052.0,PN
OT-000793,PAR-001075,PN-EQ-04,2024-08-29,Correctiva,0.9,2,Motor eléctrico,5861.0,PN
OT-000794,PAR-001076,PN-EQ-04,2024-09-03,Preventiva,5.4,2,Ninguno (solo mano de obra),1125.0,PN
OT-000795,PAR-001077,PN-EQ-04,2024-09-06,Correctiva,19.6,2,indeterminado,5025.0,PN
OT-000796,PAR-001078,PN-EQ-04,2024-09-08,Correctiva,3.9,1,Sensor/instrumento,501.0,PN
OT-000797,PAR-001079,PN-EQ-04,2024-09-11,Correctiva,10.1,1,Faja/correa,7005.0,PN
OT-000798,PAR-001080,PN-EQ-04,2024-09-16,Correctiva,3.1,2,Sello mecánico,4193.0,PN
OT-000799,PAR-001081,PN-EQ-04,2024-09-18,Correctiva,21.5,3,Sello mecánico,545.0,PN
OT-000800,PAR-001082,PN-EQ-04,2024-09-21,Correctiva,6.7,1,Revestimiento (liner),5217.0,PN
OT-000801,PAR-001084,PN-EQ-04,2024-09-26,Preventiva,5.8,3,Sello mecánico,1100.0,PN
OT-000802,PAR-001085,PN-EQ-04,2024-09-27,Correctiva,11.1,2,Faja/correa,1556.0,PN
OT-000803,PAR-001086,PN-EQ-04,2024-09-28,Correctiva,24.7,1,Ninguno (solo mano de obra),6647.0,PN
OT-000804,PAR-001087,PN-EQ-04,2024-10-04,Correctiva,9.4,2,Rodamiento,7674.0,PN
OT-000805,PAR-001088,PN-EQ-04,2024-10-05,Correctiva,10.0,2,Sello mecánico,7437.0,PN
OT-000806,PAR-001089,PN-EQ-04,2024-10-08,Correctiva,3.5,2,Rodamiento,6219.0,PN
OT-000807,PAR-001091,PN-EQ-04,2024-10-13,Correctiva,27.2,3,Motor eléctrico,7805.0,PN
OT-000808,PAR-001093,PN-EQ-04,2024-10-16,Preventiva,10.9,3,Ninguno (solo mano de obra),1084.0,PN
OT-000809,PAR-001095,PN-EQ-04,2024-10-19,Correctiva,13.6,3,Sello mecánico,1402.0,PN
OT-000810,PAR-001096,PN-EQ-04,2024-10-23,Correctiva,6.4,1,Rodamiento,1023.0,PN
OT-000811,PAR-001098,PN-EQ-04,2024-10-28,Correctiva,4.7,2,Rodamiento,294.0,PN
OT-000812,PAR-001099,PN-EQ-04,2024-10-30,Correctiva,8.2,3,Revestimiento (liner),380.0,PN
OT-000813,PAR-001100,PN-EQ-04,2024-11-02,Preventiva,4.8,2,Revestimiento (liner),1794.0,PN
OT-000814,PAR-001101,PN-EQ-04,2024-11-06,Correctiva,0.9,1,Sello mecánico,1802.0,PN
OT-000815,PAR-001102,PN-EQ-04,2024-11-14,Correctiva,17.4,3,Sello mecánico,1971.0,PN
OT-000816,PAR-001103,PN-EQ-04,2024-11-15,Correctiva,18.4,3,Motor eléctrico,2394.0,PN
OT-000817,PAR-001104,PN-EQ-04,2024-11-21,Correctiva,2.0,1,Ninguno (solo mano de obra),7778.0,PN
OT-000818,PAR-001105,PN-EQ-04,2024-11-22,Correctiva,17.6,1,Motor eléctrico,7046.0,PN
OT-000819,PAR-001106,PN-EQ-04,2024-11-23,Preventiva,10.1,3,Ninguno (solo mano de obra),1390.0,PN
OT-000820,PAR-001107,PN-EQ-04,2024-12-07,Correctiva,19.2,2,Revestimiento (liner),5223.0,PN
OT-000821,PAR-001109,PN-EQ-04,2024-12-11,Correctiva,21.8,2,Rodamiento,7894.0,PN
OT-000822,PAR-001110,PN-EQ-04,2024-12-14,Preventiva,8.9,3,Sensor/instrumento,1230.0,PN
OT-000823,PAR-001111,PN-EQ-04,2024-12-14,Correctiva,31.4,2,Faja/correa,7486.0,PN
OT-000824,PAR-001112,PN-EQ-04,2024-12-18,Correctiva,7.1,2,Faja/correa,6194.0,PN
OT-000825,PAR-001113,PN-EQ-04,2024-12-20,Correctiva,18.1,2,Faja/correa,1629.0,PN
OT-000826,PAR-001114,PN-EQ-04,2024-12-23,Correctiva,3.4,1,Motor eléctrico,6553.0,PN
OT-000827,PAR-001115,PN-EQ-04,2025-01-02,Preventiva,11.1,3,Ninguno (solo mano de obra),437.0,PN
OT-000828,PAR-001116,PN-EQ-04,2025-01-03,Correctiva,9.9,1,Ninguno (solo mano de obra),6235.0,PN
OT-000829,PAR-001117,PN-EQ-04,2025-01-04,Correctiva,15.7,2,Sello mecánico,7790.0,PN
OT-000830,PAR-001118,PN-EQ-04,2025-01-05,Correctiva,16.6,3,Sensor/instrumento,4633.0,PN
OT-000831,PAR-001119,PN-EQ-04,2025-01-12,Correctiva,22.1,2,Faja/correa,346.0,PN
OT-000832,PAR-001120,PN-EQ-04,2025-01-13,Correctiva,18.8,2,Sensor/instrumento,3669.0,PN
OT-000833,PAR-001121,PN-EQ-04,2025-01-17,Preventiva,8.4,2,Faja/correa,716.0,PN
OT-000834,PAR-001122,PN-EQ-04,2025-01-24,Correctiva,12.2,1,Sello mecánico,7422.0,PN
OT-000835,PAR-001123,PN-EQ-04,2025-01-26,Correctiva,22.4,2,Sello mecánico,2019.0,PN
OT-000836,PAR-001125,PN-EQ-04,2025-01-29,Correctiva,13.3,1,Faja/correa,183.0,PN
OT-000837,PAR-001126,PN-EQ-04,2025-02-01,Preventiva,10.1,3,Revestimiento (liner),2154.0,PN
OT-000838,PAR-001127,PN-EQ-04,2025-02-03,Correctiva,16.2,1,Ninguno (solo mano de obra),5216.0,PN
OT-000839,PAR-001128,PN-EQ-04,2025-02-09,Correctiva,14.7,2,Ninguno (solo mano de obra),1689.0,PN
OT-000840,PAR-001129,PN-EQ-04,2025-02-12,Correctiva,7.3,1,Faja/correa,6167.0,PN
OT-000841,PAR-001130,PN-EQ-04,2025-02-13,Correctiva,26.2,2,Faja/correa,2958.0,PN
OT-000842,PAR-001131,PN-EQ-04,2025-02-14,Correctiva,0.5,2,Faja/correa,1165.0,PN
OT-000843,PAR-001133,PN-EQ-04,2025-02-16,Preventiva,7.4,2,Sensor/instrumento,2006.0,PN
OT-000844,PAR-001134,PN-EQ-04,2025-02-18,Correctiva,6.6,3,Ninguno (solo mano de obra),5451.0,PN
OT-000845,PAR-001135,PN-EQ-04,2025-02-19,Correctiva,12.0,2,Sello mecánico,2505.0,PN
OT-000846,PAR-001136,PN-EQ-04,2025-02-21,Correctiva,13.8,2,Sello mecánico,4950.0,PN
OT-000847,PAR-001138,PN-EQ-04,2025-02-26,Correctiva,5.0,2,Faja/correa,408.0,PN
OT-000848,PAR-001139,PN-EQ-04,2025-02-27,Correctiva,5.7,1,Motor eléctrico,4945.0,PN
OT-000849,PAR-001140,PN-EQ-04,2025-02-28,Correctiva,7.8,2,Ninguno (solo mano de obra),1035.0,PN
OT-000850,PAR-001141,PN-EQ-04,2025-03-03,Correctiva,4.5,3,Faja/correa,1300.0,PN
OT-000851,PAR-001144,PN-EQ-04,2025-03-07,Correctiva,1.1,1,Sensor/instrumento,3784.0,PN
OT-000852,PAR-001146,PN-EQ-04,2025-03-09,Correctiva,24.4,2,Ninguno (solo mano de obra),3040.0,PN
OT-000853,PAR-001147,PN-EQ-04,2025-03-11,Preventiva,7.2,1,Faja/correa,1157.0,PN
OT-000854,PAR-001148,PN-EQ-04,2025-03-12,Correctiva,30.5,1,Sensor/instrumento,49.0,PN
OT-000855,PAR-001150,PN-EQ-04,2025-03-18,Correctiva,10.4,1,Rodamiento,2000.0,PN
OT-000856,PAR-001151,PN-EQ-04,2025-03-21,Correctiva,13.0,2,Rodamiento,6995.0,PN
OT-000857,PAR-001152,PN-EQ-04,2025-03-24,Correctiva,11.1,3,Revestimiento (liner),4317.0,PN
OT-000858,PAR-001153,PN-EQ-04,2025-03-28,Preventiva,5.3,1,Sello mecánico,1962.0,PN
OT-000859,PAR-001154,PN-EQ-04,2025-03-28,Correctiva,19.2,1,Revestimiento (liner),7634.0,PN
OT-000860,PAR-001156,PN-EQ-04,2025-03-30,Correctiva,12.5,3,Sello mecánico,7356.0,PN
OT-000861,PAR-001157,PN-EQ-04,2025-04-03,Correctiva,8.7,2,Ninguno (solo mano de obra),2740.0,PN
OT-000862,PAR-001158,PN-EQ-04,2025-04-06,Correctiva,14.1,2,Faja/correa,1195.0,PN
OT-000863,PAR-001159,PN-EQ-04,2025-04-11,Correctiva,15.7,1,Sensor/instrumento,1282.0,PN
OT-000864,PAR-001160,PN-EQ-04,2025-04-18,Preventiva,7.7,2,Rodamiento,1538.0,PN
OT-000865,PAR-001161,PN-EQ-04,2025-04-18,Correctiva,3.4,3,Faja/correa,4138.0,PN
OT-000866,PAR-001162,PN-EQ-04,2025-04-21,Correctiva,1.9,2,Ninguno (solo mano de obra),154.0,PN
OT-000867,PAR-001164,PN-EQ-04,2025-04-27,Correctiva,0.7,3,indeterminado,4904.0,PN
OT-000868,PAR-001165,PN-EQ-04,2025-04-29,Correctiva,16.4,1,Sello mecánico,2635.0,PN
OT-000869,PAR-001166,PN-EQ-04,2025-05-02,Correctiva,10.7,1,Revestimiento (liner),5173.0,PN
OT-000870,PAR-001167,PN-EQ-04,2025-05-05,Correctiva,5.0,1,Sello mecánico,4005.0,PN
OT-000871,PAR-001168,PN-EQ-04,2025-05-06,Correctiva,4.4,1,Ninguno (solo mano de obra),2552.0,PN
OT-000872,PAR-001169,PN-EQ-04,2025-05-09,Correctiva,2.0,2,Sensor/instrumento,3007.0,PN
OT-000873,PAR-001170,PN-EQ-04,2025-05-11,Preventiva,5.4,3,Revestimiento (liner),1066.0,PN
OT-000874,PAR-001171,PN-EQ-04,2025-05-13,Correctiva,12.4,1,Rodamiento,7606.0,PN
OT-000875,PAR-001172,PN-EQ-04,2025-05-14,Correctiva,1.9,3,Sensor/instrumento,887.0,PN
OT-000876,PAR-001173,PN-EQ-04,2025-05-22,Correctiva,13.0,1,Motor eléctrico,282.0,PN
OT-000877,PAR-001174,PN-EQ-04,2025-05-25,Correctiva,6.3,3,Sensor/instrumento,4253.0,PN
OT-000878,PAR-001176,PN-EQ-04,2025-05-31,Preventiva,9.7,3,Sello mecánico,685.0,PN
OT-000879,PAR-001177,PN-EQ-04,2025-06-08,Correctiva,3.9,2,Motor eléctrico,4782.0,PN
OT-000880,PAR-001178,PN-EQ-04,2025-06-12,Correctiva,26.5,2,Sensor/instrumento,6382.0,PN
OT-000881,PAR-001179,PN-EQ-04,2025-06-15,Correctiva,12.2,1,Rodamiento,6165.0,PN
OT-000882,PAR-001180,PN-EQ-04,2025-06-16,Preventiva,6.3,3,Ninguno (solo mano de obra),1565.0,PN
OT-000883,PAR-001181,PN-EQ-04,2025-06-16,Correctiva,19.9,3,Ninguno (solo mano de obra),702.0,PN
OT-000884,PAR-001182,PN-EQ-04,2025-06-19,Correctiva,16.7,3,Ninguno (solo mano de obra),331.0,PN
OT-000885,PAR-001183,PN-EQ-04,2025-07-02,Preventiva,8.1,2,Sello mecánico,1152.0,PN
OT-000886,PAR-001184,PN-EQ-04,2025-07-03,Correctiva,5.9,3,Motor eléctrico,2781.0,PN
OT-000887,PAR-001186,PN-EQ-04,2025-07-20,Preventiva,7.1,2,Faja/correa,1354.0,PN
OT-000888,PAR-001187,PN-EQ-04,2025-07-20,Correctiva,22.4,2,Ninguno (solo mano de obra),2524.0,PN
OT-000889,PAR-001189,PN-EQ-04,2025-07-22,Correctiva,6.6,2,Motor eléctrico,7527.0,PN
OT-000890,PAR-001190,PN-EQ-04,2025-07-29,Correctiva,1.4,3,Sello mecánico,7123.0,PN
OT-000891,PAR-001191,PN-EQ-04,2025-07-30,Correctiva,4.1,3,Revestimiento (liner),1572.0,PN
OT-000892,PAR-001192,PN-EQ-04,2025-08-03,Correctiva,3.8,3,Sensor/instrumento,5148.0,PN
OT-000893,PAR-001193,PN-EQ-04,2025-08-06,Correctiva,4.7,2,Faja/correa,2752.0,PN
OT-000894,PAR-001196,PN-EQ-04,2025-08-11,Preventiva,6.0,2,Faja/correa,1857.0,PN
OT-000895,PAR-001199,PN-EQ-04,2025-08-22,Correctiva,9.4,3,Revestimiento (liner),6714.0,PN
OT-000896,PAR-001200,PN-EQ-04,2025-08-24,Correctiva,17.0,1,Motor eléctrico,5964.0,PN
OT-000897,PAR-001201,PN-EQ-04,2025-08-25,Preventiva,7.5,1,Rodamiento,1401.0,PN
OT-000898,PAR-001202,PN-EQ-04,2025-08-28,Correctiva,11.0,3,Rodamiento,327.0,PN
OT-000899,PAR-001203,PN-EQ-04,2025-08-30,Correctiva,4.4,3,Rodamiento,1664.0,PN
OT-000900,PAR-001205,PN-EQ-04,2025-09-04,Correctiva,13.7,1,Sensor/instrumento,1810.0,PN
OT-000901,PAR-001206,PN-EQ-04,2025-09-05,Correctiva,4.7,1,Ninguno (solo mano de obra),1466.0,PN
OT-000902,PAR-001207,PN-EQ-04,2025-09-08,Correctiva,3.5,1,Rodamiento,3083.0,PN
OT-000903,PAR-001208,PN-EQ-04,2025-09-14,Correctiva,4.8,3,Faja/correa,7903.0,PN
OT-000904,PAR-001209,PN-EQ-04,2025-09-15,Preventiva,5.2,3,Revestimiento (liner),2230.0,PN
OT-000905,PAR-001210,PN-EQ-04,2025-09-17,Correctiva,19.5,1,Sensor/instrumento,6433.0,PN
OT-000906,PAR-001211,PN-EQ-04,2025-09-22,Correctiva,4.6,1,Sensor/instrumento,2439.0,PN
OT-000907,PAR-001212,PN-EQ-04,2025-09-23,Correctiva,7.2,3,Faja/correa,3573.0,PN
OT-000908,PAR-001213,PN-EQ-04,2025-09-25,Correctiva,8.0,3,Ninguno (solo mano de obra),5113.0,PN
OT-000909,PAR-001216,PN-EQ-04,2025-10-01,Correctiva,1.4,2,Motor eléctrico,2276.0,PN
OT-000910,PAR-001217,PN-EQ-04,2025-10-02,Correctiva,17.0,1,Motor eléctrico,2022.0,PN
OT-000911,PAR-001218,PN-EQ-04,2025-10-04,Correctiva,9.0,2,Revestimiento (liner),5757.0,PN
OT-000912,PAR-001219,PN-EQ-04,2025-10-05,Preventiva,4.3,1,Rodamiento,1998.0,PN
OT-000913,PAR-001220,PN-EQ-04,2025-10-05,Correctiva,3.3,1,Sello mecánico,329.0,PN
OT-000914,PAR-001221,PN-EQ-04,2025-10-08,Correctiva,12.5,3,Ninguno (solo mano de obra),1740.0,PN
OT-000915,PAR-001222,PN-EQ-04,2025-10-11,Correctiva,2.2,2,Sello mecánico,1388.0,PN
OT-000916,PAR-001223,PN-EQ-04,2025-10-14,Correctiva,1.8,2,Ninguno (solo mano de obra),4072.0,PN
OT-000917,PAR-001224,PN-EQ-04,2025-10-16,Correctiva,7.6,3,Revestimiento (liner),5388.0,PN
OT-000918,PAR-001225,PN-EQ-04,2025-10-22,Correctiva,18.1,1,Sensor/instrumento,2854.0,PN
OT-000919,PAR-001226,PN-EQ-04,2025-10-24,Correctiva,28.4,1,Sensor/instrumento,2406.0,PN
OT-000920,PAR-001227,PN-EQ-04,2025-10-25,Preventiva,7.8,3,Sello mecánico,1262.0,PN
OT-000921,PAR-001228,PN-EQ-04,2025-11-05,Correctiva,5.2,2,Revestimiento (liner),2313.0,PN
OT-000922,PAR-001229,PN-EQ-04,2025-11-08,Preventiva,5.8,3,Ninguno (solo mano de obra),1177.0,PN
OT-000923,PAR-001230,PN-EQ-04,2025-11-09,Correctiva,0.6,1,Ninguno (solo mano de obra),1446.0,PN
OT-000924,PAR-001232,PN-EQ-04,2025-11-11,Correctiva,5.3,2,Ninguno (solo mano de obra),1914.0,PN
OT-000925,PAR-001233,PN-EQ-04,2025-11-21,Correctiva,25.6,1,Motor eléctrico,3006.0,PN
OT-000926,PAR-001234,PN-EQ-04,2025-11-25,Preventiva,6.4,2,Sensor/instrumento,1737.0,PN
OT-000927,PAR-001235,PN-EQ-04,2025-11-29,Correctiva,9.6,3,Faja/correa,2663.0,PN
OT-000928,PAR-001236,PN-EQ-04,2025-12-04,Correctiva,12.8,2,Rodamiento,5393.0,PN
OT-000929,PAR-001237,PN-EQ-04,2025-12-07,Correctiva,6.6,1,indeterminado,3644.0,PN
OT-000930,PAR-001238,PN-EQ-04,2025-12-10,Preventiva,12.2,3,Faja/correa,1408.0,PN
OT-000931,PAR-001239,PN-EQ-04,2025-12-13,Correctiva,1.1,2,Ninguno (solo mano de obra),5137.0,PN
OT-000932,PAR-001240,PN-EQ-04,2025-12-15,Correctiva,4.9,3,Revestimiento (liner),6945.0,PN
OT-000933,PAR-001242,PN-EQ-04,2025-12-26,Correctiva,24.4,3,Motor eléctrico,1966.0,PN
OT-000934,PAR-001243,PN-EQ-04,2025-12-31,Correctiva,0.6,2,Faja/correa,1590.0,PN
OT-000935,PAR-001244,PN-EQ-04,2026-01-02,Preventiva,8.5,2,Motor eléctrico,613.0,PN
OT-000936,PAR-001245,PN-EQ-04,2026-01-03,Correctiva,19.3,1,Sello mecánico,4132.0,PN
OT-000937,PAR-001246,PN-EQ-04,2026-01-05,Correctiva,31.7,1,Rodamiento,4355.0,PN
OT-000938,PAR-001247,PN-EQ-04,2026-01-12,Correctiva,9.2,3,Sello mecánico,2646.0,PN
OT-000939,PAR-001248,PN-EQ-04,2026-01-16,Correctiva,8.5,2,Sensor/instrumento,7222.0,PN
OT-000940,PAR-001249,PN-EQ-04,2026-01-19,Correctiva,4.0,3,Sensor/instrumento,2520.0,PN
OT-000941,PAR-001250,PN-EQ-04,2026-01-21,Preventiva,7.2,2,Revestimiento (liner),2257.0,PN
OT-000942,PAR-001252,PN-EQ-04,2026-01-27,Correctiva,11.2,2,Motor eléctrico,5552.0,PN
OT-000943,PAR-001253,PN-EQ-04,2026-01-28,Correctiva,19.8,2,Motor eléctrico,7634.0,PN
OT-000944,PAR-001256,PN-EQ-04,2026-02-13,Preventiva,8.1,2,indeterminado,513.0,PN
OT-000945,PAR-001257,PN-EQ-04,2026-02-15,Correctiva,17.7,1,Faja/correa,6740.0,PN
OT-000946,PAR-001258,PN-EQ-04,2026-02-16,Correctiva,16.6,3,Faja/correa,1495.0,PN
OT-000947,PAR-001259,PN-EQ-04,2026-02-18,Correctiva,4.5,2,Sello mecánico,3.0,PN
OT-000948,PAR-001260,PN-EQ-04,2026-02-21,Correctiva,28.0,3,Revestimiento (liner),5860.0,PN
OT-000949,PAR-001261,PN-EQ-04,2026-02-22,Correctiva,7.3,1,Motor eléctrico,732.0,PN
OT-000950,PAR-001262,PN-EQ-04,2026-02-24,Correctiva,5.7,1,Sensor/instrumento,7057.0,PN
OT-000951,PAR-001263,PN-EQ-04,2026-02-28,Preventiva,9.5,3,Motor eléctrico,205.0,PN
OT-000952,PAR-001265,PN-EQ-04,2026-03-01,Correctiva,5.1,2,Sensor/instrumento,6814.0,PN
OT-000953,PAR-001266,PN-EQ-04,2026-03-08,Correctiva,5.0,1,Ninguno (solo mano de obra),3300.0,PN
OT-000954,PAR-001268,PN-EQ-04,2026-03-13,Correctiva,16.0,1,Revestimiento (liner),730.0,PN
OT-000955,PAR-001269,PN-EQ-04,2026-03-17,Preventiva,8.9,1,Motor eléctrico,601.0,PN
OT-000956,PAR-001270,PN-EQ-04,2026-03-22,Correctiva,8.0,3,Faja/correa,7720.0,PN
OT-000957,PAR-001271,PN-EQ-04,2026-03-23,Correctiva,1.2,1,Ninguno (solo mano de obra),72.0,PN
OT-000958,PAR-001273,PN-EQ-04,2026-03-31,Correctiva,4.4,2,Motor eléctrico,999.0,PN
OT-000959,PAR-001274,PN-EQ-04,2026-04-01,Preventiva,5.3,3,Faja/correa,1111.0,PN
OT-000960,PAR-001275,PN-EQ-04,2026-04-09,Correctiva,19.8,3,Faja/correa,3836.0,PN
OT-000961,PAR-001276,PN-EQ-04,2026-04-20,Preventiva,7.3,3,Ninguno (solo mano de obra),724.0,PN
OT-000962,PAR-001277,PN-EQ-04,2026-04-23,Correctiva,16.3,1,Revestimiento (liner),4561.0,PN
OT-000963,PAR-001279,PN-EQ-04,2026-04-28,Correctiva,12.1,1,Sensor/instrumento,7414.0,PN
OT-000964,PAR-001280,PN-EQ-04,2026-05-02,Correctiva,11.8,2,Rodamiento,2269.0,PN
OT-000965,PAR-001281,PN-EQ-04,2026-05-03,Correctiva,15.9,3,Sello mecánico,6551.0,PN
OT-000966,PAR-001282,PN-EQ-04,2026-05-06,Preventiva,6.2,3,Motor eléctrico,536.0,PN
OT-000967,PAR-001283,PN-EQ-04,2026-05-16,Correctiva,7.8,1,Sensor/instrumento,163.0,PN
OT-000968,PAR-001284,PN-EQ-04,2026-05-19,Correctiva,20.9,3,Ninguno (solo mano de obra),1033.0,PN
OT-000969,PAR-001285,PN-EQ-04,2026-05-20,Correctiva,15.3,1,Faja/correa,935.0,PN
OT-000970,PAR-001286,PN-EQ-04,2026-05-21,Correctiva,0.8,3,Ninguno (solo mano de obra),6599.0,PN
OT-000971,PAR-001288,PN-EQ-04,2026-05-24,Correctiva,7.0,2,Sello mecánico,3270.0,PN
OT-000972,PAR-001289,PN-EQ-04,2026-05-25,Preventiva,7.4,2,Revestimiento (liner),90.0,PN
OT-000973,PAR-001292,PN-EQ-04,2026-06-03,Correctiva,3.6,3,Sello mecánico,7631.0,PN
OT-000974,PAR-001294,PN-EQ-04,2026-06-17,Preventiva,6.6,2,Sello mecánico,63.0,PN
OT-000975,PAR-001295,PN-EQ-04,2026-06-18,Correctiva,6.9,1,Revestimiento (liner),4831.0,PN
OT-000976,PAR-001296,PN-EQ-04,2026-06-20,Correctiva,4.8,1,Sensor/instrumento,556.0,PN
OT-000977,PAR-001298,PN-EQ-04,2026-07-04,Correctiva,16.0,2,Ninguno (solo mano de obra),6457.0,PN
OT-000978,PAR-001299,PN-EQ-04,2026-07-05,Correctiva,6.7,3,Motor eléctrico,2930.0,PN
OT-000979,PAR-001300,PN-EQ-04,2026-07-08,Preventiva,5.2,2,Faja/correa,2187.0,PN
OT-000980,PAR-001301,PN-EQ-04,2026-07-10,Correctiva,11.1,2,Motor eléctrico,1629.0,PN
OT-000981,PAR-001303,PN-EQ-04,2026-07-11,Correctiva,14.7,3,Ninguno (solo mano de obra),5774.0,PN
OT-000982,PAR-001304,PN-EQ-04,2026-07-14,Correctiva,0.8,3,Ninguno (solo mano de obra),7050.0,PN
OT-000983,PAR-001307,PN-EQ-04,2026-07-25,Correctiva,11.9,3,Sensor/instrumento,885.0,PN
OT-000984,PAR-001308,PN-EQ-04,2026-07-27,Correctiva,31.3,2,Revestimiento (liner),6778.0,PN
OT-000985,PAR-001309,PN-EQ-04,2026-07-31,Preventiva,7.7,1,Rodamiento,2213.0,PN
OT-000986,PAR-001310,PN-EQ-04,2026-08-04,Correctiva,23.2,2,Revestimiento (liner),4600.0,PN
OT-000987,PAR-001311,PN-EQ-04,2026-08-12,Correctiva,17.5,2,Sello mecánico,1967.0,PN
OT-000988,PAR-001312,PN-EQ-04,2026-08-18,Preventiva,3.6,1,Faja/correa,1855.0,PN
OT-000989,PAR-001313,PN-EQ-04,2026-08-19,Correctiva,6.3,1,Rodamiento,7025.0,PN
OT-000990,PAR-001314,PN-EQ-04,2026-08-22,Correctiva,1.6,1,Faja/correa,7166.0,PN
OT-000991,PAR-001315,PN-EQ-04,2026-08-23,Correctiva,27.2,2,Ninguno (solo mano de obra),5259.0,PN
OT-000992,PAR-001317,PN-EQ-04,2026-08-26,Correctiva,23.1,2,Motor eléctrico,226.0,PN
OT-000993,PAR-001318,PN-EQ-04,2026-09-07,Preventiva,11.4,1,Rodamiento,2360.0,PN
OT-000994,PAR-001319,PN-EQ-04,2026-09-16,Correctiva,9.9,2,Faja/correa,705.0,PN
OT-000995,PAR-001320,PN-EQ-04,2026-09-19,Correctiva,6.2,1,Ninguno (solo mano de obra),7084.0,PN
OT-000996,PAR-001322,PN-EQ-04,2026-09-21,Correctiva,8.0,1,Motor eléctrico,186.0,PN
OT-000997,PAR-001323,PN-EQ-04,2026-09-22,Correctiva,16.6,1,Revestimiento (liner),5857.0,PN
OT-000998,PAR-001324,PN-EQ-04,2026-09-26,Preventiva,5.4,3,Sensor/instrumento,686.0,PN
OT-000999,PAR-001326,PN-EQ-04,2026-10-04,Correctiva,16.2,3,Ninguno (solo mano de obra),908.0,PN
OT-001000,PAR-001327,PN-EQ-04,2026-10-05,Correctiva,4.3,1,Sensor/instrumento,7447.0,PN
OT-001001,PAR-001328,PN-EQ-04,2026-10-10,Correctiva,13.9,2,Motor eléctrico,1686.0,PN
OT-001002,PAR-001329,PN-EQ-04,2026-10-12,Correctiva,0.5,1,Faja/correa,397.0,PN
OT-001003,PAR-001330,PN-EQ-04,2026-10-15,Preventiva,6.3,2,Revestimiento (liner),126.0,PN
OT-001004,PAR-001332,PN-EQ-04,2026-10-18,Correctiva,1.3,2,Sensor/instrumento,233.0,PN
OT-001005,PAR-001333,PN-EQ-04,2026-10-27,Correctiva,1.4,2,Rodamiento,2327.0,PN
OT-001006,PAR-001335,PN-EQ-04,2026-11-01,Preventiva,6.5,3,Sensor/instrumento,1138.0,PN
OT-001007,PAR-001336,PN-EQ-04,2026-11-02,Correctiva,6.8,3,Ninguno (solo mano de obra),3499.0,PN
OT-001008,PAR-001338,PN-EQ-04,2026-11-03,Correctiva,30.1,2,Revestimiento (liner),2822.0,PN
OT-001009,PAR-001339,PN-EQ-04,2026-11-10,Correctiva,3.0,2,Rodamiento,1740.0,PN
OT-001010,PAR-001340,PN-EQ-04,2026-11-16,Correctiva,18.8,2,Ninguno (solo mano de obra),722.0,PN
OT-001011,PAR-001341,PN-EQ-04,2026-11-21,Preventiva,8.5,2,Revestimiento (liner),114.0,PN
OT-001012,PAR-001343,PN-EQ-04,2026-12-07,Correctiva,9.3,2,Motor eléctrico,6162.0,PN
OT-001013,PAR-001344,PN-EQ-04,2026-12-10,Preventiva,6.8,1,Sello mecánico,2346.0,PN
OT-001014,PAR-001346,PN-EQ-04,2026-12-14,Correctiva,5.3,3,Motor eléctrico,7713.0,PN
OT-001015,PAR-001347,PN-EQ-04,2026-12-18,Correctiva,27.7,3,Revestimiento (liner),476.0,PN
OT-001016,PAR-001348,PN-EQ-04,2026-12-20,Correctiva,8.3,3,Faja/correa,764.0,PN
OT-001017,PAR-001349,PN-EQ-04,2026-12-24,Preventiva,5.3,3,Ninguno (solo mano de obra),314.0,PN
OT-001018,PAR-001350,PN-EQ-04,2026-12-28,Correctiva,28.0,1,Ninguno (solo mano de obra),2078.0,PN
OT-001019,PAR-001351,PN-EQ-04,2027-01-01,Correctiva,12.2,1,Revestimiento (liner),1367.0,PN
OT-001020,PAR-001352,PN-EQ-04,2027-01-05,Correctiva,6.5,3,Ninguno (solo mano de obra),447.0,PN
OT-001021,PAR-001353,PN-EQ-04,2027-01-12,Correctiva,2.7,2,Rodamiento,5627.0,PN
OT-001022,PAR-001354,PN-EQ-04,2027-01-13,Correctiva,15.4,1,Ninguno (solo mano de obra),7048.0,PN
OT-001023,PAR-001355,PN-EQ-04,2027-01-14,Correctiva,17.0,3,indeterminado,2915.0,PN
OT-001024,PAR-001356,PN-EQ-04,2027-01-15,Correctiva,0.7,2,Sello mecánico,7927.0,PN
OT-001025,PAR-001357,PN-EQ-04,2027-01-16,Preventiva,4.9,3,Motor eléctrico,1715.0,PN
OT-001026,PAR-001358,PN-EQ-04,2027-01-16,Correctiva,5.7,3,Motor eléctrico,4937.0,PN
OT-001027,PAR-001360,PN-EQ-04,2027-01-23,Correctiva,5.7,2,Revestimiento (liner),511.0,PN
OT-001028,PAR-001361,PN-EQ-04,2027-01-25,Correctiva,14.7,2,Sensor/instrumento,3023.0,PN
OT-001029,PAR-001362,PN-EQ-04,2027-01-30,Correctiva,18.3,1,Revestimiento (liner),6561.0,PN
OT-001030,PAR-001363,PN-EQ-04,2027-02-02,Preventiva,7.4,3,Ninguno (solo mano de obra),1942.0,PN
OT-001031,PAR-001365,PN-EQ-04,2027-02-15,Correctiva,8.8,3,Sensor/instrumento,4598.0,PN
OT-001032,PAR-001366,PN-EQ-04,2027-02-16,Preventiva,7.8,2,Ninguno (solo mano de obra),1030.0,PN
OT-001033,PAR-001367,PN-EQ-04,2027-02-19,Correctiva,0.7,2,Revestimiento (liner),4988.0,PN
OT-001034,PAR-001368,PN-EQ-04,2027-02-27,Correctiva,2.6,1,Sensor/instrumento,6827.0,PN
OT-001035,PAR-001369,PN-EQ-04,2027-02-28,Correctiva,13.1,2,Motor eléctrico,6437.0,PN
OT-001036,PAR-001370,PN-EQ-04,2027-03-07,Correctiva,1.2,3,Sensor/instrumento,1158.0,PN
OT-001037,PAR-001371,PN-EQ-04,2027-03-08,Preventiva,6.7,3,Motor eléctrico,89.0,PN
OT-001038,PAR-001372,PN-EQ-04,2027-03-12,Correctiva,20.3,3,Revestimiento (liner),689.0,PN
OT-001039,PAR-001373,PN-EQ-04,2027-03-20,Correctiva,19.5,2,Faja/correa,5673.0,PN
OT-001040,PAR-001374,PN-EQ-04,2027-03-22,Preventiva,11.3,1,Revestimiento (liner),2377.0,PN
OT-001041,PAR-001377,PN-EQ-04,2027-04-04,Correctiva,3.2,1,Motor eléctrico,3045.0,PN
OT-001042,PAR-001378,PN-EQ-04,2027-04-08,Preventiva,3.6,2,Faja/correa,1879.0,PN
OT-001043,PAR-001379,PN-EQ-04,2027-04-11,Correctiva,19.3,1,Motor eléctrico,446.0,PN
OT-001044,PAR-001380,PN-EQ-04,2027-04-23,Preventiva,8.2,1,Faja/correa,997.0,PN
OT-001045,PAR-001381,PN-EQ-04,2027-04-26,Correctiva,4.5,3,Rodamiento,4577.0,PN
OT-001046,PAR-001383,PN-EQ-04,2027-05-02,Correctiva,1.2,2,Sensor/instrumento,6219.0,PN
OT-001047,PAR-001384,PN-EQ-04,2027-05-03,Correctiva,5.7,3,Sello mecánico,935.0,PN
OT-001048,PAR-001385,PN-EQ-04,2027-05-04,Correctiva,4.3,1,Motor eléctrico,2375.0,PN
OT-001049,PAR-001386,PN-EQ-04,2027-05-06,Correctiva,26.3,3,Faja/correa,5385.0,PN
OT-001050,PAR-001387,PN-EQ-04,2027-05-08,Correctiva,6.5,1,Ninguno (solo mano de obra),3168.0,PN
OT-001051,PAR-001388,PN-EQ-04,2027-05-12,Correctiva,11.0,1,Motor eléctrico,5180.0,PN
OT-001052,PAR-001389,PN-EQ-04,2027-05-13,Preventiva,7.9,3,Ninguno (solo mano de obra),1546.0,PN
OT-001053,PAR-001390,PN-EQ-04,2027-05-16,Correctiva,0.6,1,Motor eléctrico,2553.0,PN
OT-001054,PAR-001391,PN-EQ-04,2027-05-19,Correctiva,1.3,3,Motor eléctrico,1265.0,PN
OT-001055,PAR-001392,PN-EQ-04,2027-05-20,Correctiva,9.1,1,Motor eléctrico,4952.0,PN
OT-001056,PAR-001393,PN-EQ-04,2027-05-21,Correctiva,21.8,3,Revestimiento (liner),5042.0,PN
OT-001057,PAR-001395,PN-EQ-04,2027-05-27,Correctiva,18.1,2,Ninguno (solo mano de obra),4927.0,PN
OT-001058,PAR-001396,PN-EQ-04,2027-05-28,Preventiva,5.5,1,Sello mecánico,1175.0,PN
OT-001059,PAR-001397,PN-EQ-04,2027-06-08,Correctiva,4.4,1,Faja/correa,4441.0,PN
OT-001060,PAR-001398,PN-EQ-04,2027-06-10,Correctiva,5.6,1,Revestimiento (liner),5501.0,PN
OT-001061,PAR-001399,PN-EQ-04,2027-06-14,Preventiva,7.9,2,Motor eléctrico,530.0,PN
OT-001062,PAR-001400,PN-EQ-04,2027-06-21,Correctiva,4.3,3,Sello mecánico,5852.0,PN
OT-001063,PAR-001401,PN-EQ-04,2027-06-25,Correctiva,17.5,1,Motor eléctrico,1762.0,PN
OT-001064,PAR-001402,PN-EQ-04,2027-06-26,Correctiva,1.3,1,Sello mecánico,6476.0,PN
OT-001065,PAR-001403,PN-EQ-04,2027-06-28,Correctiva,2.7,1,Rodamiento,1909.0,PN
OT-001066,PAR-001404,PN-EQ-04,2027-07-02,Preventiva,6.4,2,Faja/correa,1203.0,PN
OT-001067,PAR-001406,PN-EQ-04,2027-07-07,Correctiva,3.9,1,Faja/correa,1894.0,PN
OT-001068,PAR-001407,PN-EQ-04,2027-07-13,Correctiva,5.5,3,Motor eléctrico,7124.0,PN
OT-001069,PAR-001408,PN-EQ-04,2027-07-17,Correctiva,15.9,3,Sello mecánico,16.0,PN
OT-001070,PAR-001409,PN-EQ-04,2027-07-18,Preventiva,5.1,1,Faja/correa,886.0,PN
OT-001071,PAR-001412,PN-EQ-04,2027-07-31,Correctiva,9.4,3,Rodamiento,6537.0,PN
OT-001072,PAR-001413,PN-EQ-04,2027-08-07,Preventiva,10.1,2,Sello mecánico,2181.0,PN
OT-001073,PAR-001415,PN-EQ-04,2027-08-10,Correctiva,4.3,3,Motor eléctrico,2224.0,PN
OT-001074,PAR-001416,PN-EQ-04,2027-08-16,Correctiva,16.7,1,Faja/correa,147.0,PN
OT-001075,PAR-001417,PN-EQ-04,2027-08-17,Correctiva,28.5,2,Ninguno (solo mano de obra),6308.0,PN
OT-001076,PAR-001418,PN-EQ-04,2027-08-19,Correctiva,12.9,1,Faja/correa,2518.0,PN
OT-001077,PAR-001420,PN-EQ-04,2027-08-25,Preventiva,8.9,1,Ninguno (solo mano de obra),1713.0,PN
OT-001078,PAR-001421,PN-EQ-04,2027-08-27,Correctiva,10.8,3,Faja/correa,4581.0,PN
OT-001079,PAR-001422,PN-EQ-04,2027-08-29,Correctiva,31.6,3,Motor eléctrico,5787.0,PN
OT-001080,PAR-001423,PN-EQ-04,2027-09-09,Preventiva,8.2,3,Ninguno (solo mano de obra),2066.0,PN
OT-001081,PAR-001424,PN-EQ-04,2027-09-10,Correctiva,11.5,2,Sello mecánico,2003.0,PN
OT-001082,PAR-001425,PN-EQ-04,2027-09-11,Correctiva,16.9,2,Motor eléctrico,4798.0,PN
OT-001083,PAR-001426,PN-EQ-04,2027-09-14,Correctiva,4.6,1,Revestimiento (liner),6372.0,PN
OT-001084,PAR-001427,PN-EQ-04,2027-09-17,Correctiva,5.8,2,Sello mecánico,2644.0,PN
OT-001085,PAR-001428,PN-EQ-04,2027-09-18,Correctiva,5.8,1,Motor eléctrico,490.0,PN
OT-001086,PAR-001429,PN-EQ-04,2027-09-19,Correctiva,4.3,1,Revestimiento (liner),1755.0,PN
OT-001087,PAR-001430,PN-EQ-04,2027-09-21,Correctiva,8.2,3,Sensor/instrumento,1373.0,PN
OT-001088,PAR-001431,PN-EQ-04,2027-09-24,Correctiva,12.1,1,Sensor/instrumento,1537.0,PN
OT-001089,PAR-001432,PN-EQ-04,2027-09-25,Correctiva,19.5,2,Ninguno (solo mano de obra),2238.0,PN
OT-001090,PAR-001433,PN-EQ-04,2027-09-27,Preventiva,4.0,3,Revestimiento (liner),1858.0,PN
OT-001091,PAR-001434,PN-EQ-04,2027-09-28,Correctiva,16.4,3,Sensor/instrumento,7973.0,PN
OT-001092,PAR-001436,PN-EQ-04,2027-10-10,Correctiva,13.7,2,Revestimiento (liner),6689.0,PN
OT-001093,PAR-001437,PN-EQ-04,2027-10-11,Correctiva,20.6,3,Sensor/instrumento,3045.0,PN
OT-001094,PAR-001438,PN-EQ-04,2027-10-18,Preventiva,12.4,2,Revestimiento (liner),522.0,PN
OT-001095,PAR-001440,PN-EQ-04,2027-10-22,Correctiva,9.9,1,Sello mecánico,1659.0,PN
OT-001096,PAR-001441,PN-EQ-04,2027-10-27,Correctiva,4.0,1,Motor eléctrico,3451.0,PN
OT-001097,PAR-001442,PN-EQ-04,2027-10-28,Correctiva,23.2,2,Sello mecánico,1067.0,PN
OT-001098,PAR-001444,PN-EQ-04,2027-11-01,Correctiva,6.7,2,Rodamiento,4470.0,PN
OT-001099,PAR-001445,PN-EQ-04,2027-11-02,Correctiva,13.1,3,Revestimiento (liner),7936.0,PN
OT-001100,PAR-001446,PN-EQ-04,2027-11-04,Correctiva,3.6,2,Ninguno (solo mano de obra),3881.0,PN
OT-001101,PAR-001447,PN-EQ-04,2027-11-07,Preventiva,8.2,2,Rodamiento,1118.0,PN
OT-001102,PAR-001448,PN-EQ-04,2027-11-09,Correctiva,2.8,3,Motor eléctrico,5650.0,PN
OT-001103,PAR-001449,PN-EQ-04,2027-11-12,Correctiva,8.5,1,Sensor/instrumento,6640.0,PN
OT-001104,PAR-001450,PN-EQ-04,2027-11-14,Correctiva,16.0,3,Sello mecánico,2975.0,PN
OT-001105,PAR-001452,PN-EQ-04,2027-11-18,Correctiva,19.8,3,Sello mecánico,7961.0,PN
OT-001106,PAR-001454,PN-EQ-04,2027-11-24,Preventiva,9.1,1,Sello mecánico,1833.0,PN
OT-001107,PAR-001456,PN-EQ-04,2027-11-28,Correctiva,2.2,3,Sensor/instrumento,938.0,PN
OT-001108,PAR-001457,PN-EQ-04,2027-11-29,Correctiva,2.9,1,Rodamiento,4034.0,PN
OT-001109,PAR-001458,PN-EQ-04,2027-12-13,Preventiva,3.8,1,Revestimiento (liner),976.0,PN
OT-001110,PAR-001459,PN-EQ-04,2027-12-13,Correctiva,20.2,1,Motor eléctrico,533.0,PN
OT-001111,PAR-001461,PN-EQ-04,2027-12-20,Correctiva,7.3,2,Sensor/instrumento,5477.0,PN
OT-001112,PAR-001462,PN-EQ-04,2027-12-22,Correctiva,16.4,3,Sensor/instrumento,7700.0,PN
OT-001113,PAR-001463,PN-EQ-04,2027-12-25,Correctiva,20.9,2,Rodamiento,6752.0,PN
OT-001114,PAR-001464,PN-EQ-05,2024-01-10,Correctiva,18.9,3,Rodamiento,7230.0,PN
OT-001115,PAR-001466,PN-EQ-05,2024-01-14,Correctiva,26.2,2,Sello mecánico,7091.0,PN
OT-001116,PAR-001467,PN-EQ-05,2024-01-15,Preventiva,9.8,2,Faja/correa,230.0,PN
OT-001117,PAR-001468,PN-EQ-05,2024-01-15,Correctiva,0.5,3,Revestimiento (liner),1047.0,PN
OT-001118,PAR-001469,PN-EQ-05,2024-01-17,Correctiva,29.6,2,Sello mecánico,2157.0,PN
OT-001119,PAR-001470,PN-EQ-05,2024-01-23,Correctiva,3.4,1,Faja/correa,7775.0,PN
OT-001120,PAR-001471,PN-EQ-05,2024-01-27,Correctiva,4.6,1,Motor eléctrico,2851.0,PN
OT-001121,PAR-001472,PN-EQ-05,2024-01-30,Preventiva,9.6,2,Motor eléctrico,1224.0,PN
OT-001122,PAR-001475,PN-EQ-05,2024-02-03,Correctiva,25.8,3,Sello mecánico,109.0,PN
OT-001123,PAR-001477,PN-EQ-05,2024-02-11,Correctiva,16.7,1,Revestimiento (liner),6376.0,PN
OT-001124,PAR-001479,PN-EQ-05,2024-02-22,Preventiva,12.2,3,Rodamiento,779.0,PN
OT-001125,PAR-001481,PN-EQ-05,2024-02-24,Correctiva,1.9,3,Rodamiento,1147.0,PN
OT-001126,PAR-001482,PN-EQ-05,2024-02-26,Correctiva,0.6,3,Sello mecánico,34.0,PN
OT-001127,PAR-001483,PN-EQ-05,2024-03-09,Correctiva,8.1,3,Ninguno (solo mano de obra),4638.0,PN
OT-001128,PAR-001484,PN-EQ-05,2024-03-10,Preventiva,12.2,1,Sensor/instrumento,1757.0,PN
OT-001129,PAR-001487,PN-EQ-05,2024-03-22,Correctiva,1.5,2,Rodamiento,4336.0,PN
OT-001130,PAR-001488,PN-EQ-05,2024-03-27,Correctiva,2.9,2,Motor eléctrico,1704.0,PN
OT-001131,PAR-001489,PN-EQ-05,2024-03-28,Correctiva,7.2,2,Ninguno (solo mano de obra),4171.0,PN
OT-001132,PAR-001490,PN-EQ-05,2024-03-29,Correctiva,13.0,2,Rodamiento,244.0,PN
OT-001133,PAR-001491,PN-EQ-05,2024-03-31,Preventiva,6.5,3,Revestimiento (liner),1120.0,PN
OT-001134,PAR-001492,PN-EQ-05,2024-04-01,Correctiva,22.0,2,Faja/correa,1320.0,PN
OT-001135,PAR-001494,PN-EQ-05,2024-04-15,Preventiva,6.3,2,Motor eléctrico,678.0,PN
OT-001136,PAR-001495,PN-EQ-05,2024-04-16,Correctiva,16.1,1,Faja/correa,833.0,PN
OT-001137,PAR-001496,PN-EQ-05,2024-04-18,Correctiva,30.7,1,Sello mecánico,2203.0,PN
OT-001138,PAR-001497,PN-EQ-05,2024-04-19,Correctiva,11.5,2,Motor eléctrico,6364.0,PN
OT-001139,PAR-001499,PN-EQ-05,2024-04-26,Correctiva,3.3,3,Sello mecánico,4864.0,PN
OT-001140,PAR-001500,PN-EQ-05,2024-05-01,Preventiva,6.5,1,Sensor/instrumento,1356.0,PN
OT-001141,PAR-001501,PN-EQ-05,2024-05-01,Correctiva,23.0,2,Sensor/instrumento,5215.0,PN
OT-001142,PAR-001502,PN-EQ-05,2024-05-03,Correctiva,9.2,1,Revestimiento (liner),81.0,PN
OT-001143,PAR-001503,PN-EQ-05,2024-05-17,Correctiva,0.6,3,Rodamiento,6504.0,PN
OT-001144,PAR-001504,PN-EQ-05,2024-05-18,Preventiva,9.0,3,Sensor/instrumento,626.0,PN
OT-001145,PAR-001505,PN-EQ-05,2024-05-26,Correctiva,1.5,1,Ninguno (solo mano de obra),6500.0,PN
OT-001146,PAR-001506,PN-EQ-05,2024-05-31,Correctiva,19.4,2,Sensor/instrumento,7635.0,PN
OT-001147,PAR-001507,PN-EQ-05,2024-06-03,Preventiva,7.2,1,Revestimiento (liner),1798.0,PN
OT-001148,PAR-001508,PN-EQ-05,2024-06-15,Correctiva,0.6,1,Sensor/instrumento,6007.0,PN
OT-001149,PAR-001510,PN-EQ-05,2024-06-16,Correctiva,16.4,1,Rodamiento,5198.0,PN
OT-001150,PAR-001511,PN-EQ-05,2024-06-18,Preventiva,5.7,2,indeterminado,2012.0,PN
OT-001151,PAR-001512,PN-EQ-05,2024-06-21,Correctiva,10.3,3,Rodamiento,3921.0,PN
OT-001152,PAR-001513,PN-EQ-05,2024-06-22,Correctiva,12.5,2,Sensor/instrumento,3492.0,PN
OT-001153,PAR-001514,PN-EQ-05,2024-06-23,Correctiva,23.5,1,Sello mecánico,4571.0,PN
OT-001154,PAR-001515,PN-EQ-05,2024-07-03,Correctiva,3.7,1,Sello mecánico,64.0,PN
OT-001155,PAR-001516,PN-EQ-05,2024-07-04,Preventiva,8.1,3,Sello mecánico,2091.0,PN
OT-001156,PAR-001517,PN-EQ-05,2024-07-13,Correctiva,6.2,3,Motor eléctrico,5487.0,PN
OT-001157,PAR-001518,PN-EQ-05,2024-07-21,Preventiva,9.8,2,Sensor/instrumento,1914.0,PN
OT-001158,PAR-001520,PN-EQ-05,2024-07-27,Correctiva,24.6,2,indeterminado,4426.0,PN
OT-001159,PAR-001521,PN-EQ-05,2024-08-05,Preventiva,6.6,3,Sello mecánico,1862.0,PN
OT-001160,PAR-001522,PN-EQ-05,2024-08-08,Correctiva,4.3,3,Sello mecánico,1579.0,PN
OT-001161,PAR-001524,PN-EQ-05,2024-08-14,Correctiva,2.3,2,Faja/correa,1939.0,PN
OT-001162,PAR-001528,PN-EQ-05,2024-08-24,Correctiva,31.4,2,Ninguno (solo mano de obra),1940.0,PN
OT-001163,PAR-001529,PN-EQ-05,2024-08-27,Preventiva,8.6,3,Revestimiento (liner),2422.0,PN
OT-001164,PAR-001530,PN-EQ-05,2024-08-31,Correctiva,5.2,2,Sello mecánico,6612.0,PN
OT-001165,PAR-001531,PN-EQ-05,2024-09-01,Correctiva,2.7,1,Motor eléctrico,2932.0,PN
OT-001166,PAR-001532,PN-EQ-05,2024-09-04,Correctiva,19.6,3,Faja/correa,7145.0,PN
OT-001167,PAR-001533,PN-EQ-05,2024-09-14,Correctiva,6.3,3,Motor eléctrico,122.0,PN
OT-001168,PAR-001534,PN-EQ-05,2024-09-15,Preventiva,7.3,2,Sensor/instrumento,2045.0,PN
OT-001169,PAR-001535,PN-EQ-05,2024-09-20,Correctiva,14.5,2,Ninguno (solo mano de obra),6248.0,PN
OT-001170,PAR-001536,PN-EQ-05,2024-09-24,Correctiva,13.3,2,Revestimiento (liner),2329.0,PN
OT-001171,PAR-001539,PN-EQ-05,2024-10-04,Preventiva,5.5,2,Sello mecánico,527.0,PN
OT-001172,PAR-001540,PN-EQ-05,2024-10-07,Correctiva,14.2,3,Faja/correa,1713.0,PN
OT-001173,PAR-001541,PN-EQ-05,2024-10-16,Correctiva,5.8,1,Sello mecánico,7420.0,PN
OT-001174,PAR-001542,PN-EQ-05,2024-10-17,Correctiva,1.9,3,Rodamiento,127.0,PN
OT-001175,PAR-001543,PN-EQ-05,2024-10-20,Correctiva,6.8,1,Revestimiento (liner),2518.0,PN
OT-001176,PAR-001545,PN-EQ-05,2024-10-24,Correctiva,13.1,2,Rodamiento,3489.0,PN
OT-001177,PAR-001546,PN-EQ-05,2024-10-25,Preventiva,13.0,2,Motor eléctrico,1938.0,PN
OT-001178,PAR-001550,PN-EQ-05,2024-11-05,Correctiva,18.5,1,Motor eléctrico,4751.0,PN
OT-001179,PAR-001551,PN-EQ-05,2024-11-07,Correctiva,1.8,3,Ninguno (solo mano de obra),1520.0,PN
OT-001180,PAR-001552,PN-EQ-05,2024-11-08,Correctiva,21.9,1,Revestimiento (liner),5262.0,PN
OT-001181,PAR-001553,PN-EQ-05,2024-11-12,Correctiva,5.4,1,Ninguno (solo mano de obra),4225.0,PN
OT-001182,PAR-001554,PN-EQ-05,2024-11-14,Preventiva,14.1,2,Revestimiento (liner),1106.0,PN
OT-001183,PAR-001555,PN-EQ-05,2024-11-19,Correctiva,9.2,3,Ninguno (solo mano de obra),6597.0,PN
OT-001184,PAR-001556,PN-EQ-05,2024-11-22,Correctiva,1.1,1,Sensor/instrumento,735.0,PN
OT-001185,PAR-001557,PN-EQ-05,2024-11-29,Preventiva,9.0,3,Rodamiento,1814.0,PN
OT-001186,PAR-001560,PN-EQ-05,2024-12-13,Correctiva,12.6,3,Motor eléctrico,6115.0,PN
OT-001187,PAR-001561,PN-EQ-05,2024-12-17,Correctiva,3.9,3,Sello mecánico,5372.0,PN
OT-001188,PAR-001562,PN-EQ-05,2024-12-20,Preventiva,8.3,2,Motor eléctrico,2440.0,PN
OT-001189,PAR-001563,PN-EQ-05,2024-12-21,Correctiva,16.0,3,Sensor/instrumento,2637.0,PN
OT-001190,PAR-001564,PN-EQ-05,2025-01-01,Correctiva,16.8,2,Ninguno (solo mano de obra),3131.0,PN
OT-001191,PAR-001565,PN-EQ-05,2025-01-06,Preventiva,6.0,2,Sensor/instrumento,2066.0,PN
OT-001192,PAR-001566,PN-EQ-05,2025-01-06,Correctiva,4.2,1,Revestimiento (liner),5889.0,PN
OT-001193,PAR-001567,PN-EQ-05,2025-01-10,Correctiva,6.8,2,Sello mecánico,6102.0,PN
OT-001194,PAR-001568,PN-EQ-05,2025-01-18,Correctiva,2.0,2,Sello mecánico,1380.0,PN
OT-001195,PAR-001569,PN-EQ-05,2025-01-20,Preventiva,6.0,2,Motor eléctrico,826.0,PN
OT-001196,PAR-001570,PN-EQ-05,2025-01-30,Correctiva,5.1,2,Faja/correa,6586.0,PN
OT-001197,PAR-001571,PN-EQ-05,2025-02-04,Correctiva,14.5,1,Sensor/instrumento,3544.0,PN
OT-001198,PAR-001573,PN-EQ-05,2025-02-07,Preventiva,5.7,2,Revestimiento (liner),426.0,PN
OT-001199,PAR-001574,PN-EQ-05,2025-02-10,Correctiva,31.1,1,Sensor/instrumento,4791.0,PN
OT-001200,PAR-001575,PN-EQ-05,2025-02-16,Correctiva,1.0,1,Sensor/instrumento,1427.0,PN
OT-001201,PAR-001576,PN-EQ-05,2025-02-17,Correctiva,7.4,3,Faja/correa,4944.0,PN
OT-001202,PAR-001577,PN-EQ-05,2025-02-20,Correctiva,15.9,2,Faja/correa,4845.0,PN
OT-001203,PAR-001578,PN-EQ-05,2025-02-21,Correctiva,5.5,1,Sensor/instrumento,357.0,PN
OT-001204,PAR-001579,PN-EQ-05,2025-02-22,Correctiva,6.9,2,Sello mecánico,4512.0,PN
OT-001205,PAR-001580,PN-EQ-05,2025-02-23,Correctiva,14.3,3,Faja/correa,5428.0,PN
OT-001206,PAR-001582,PN-EQ-05,2025-03-01,Preventiva,5.3,3,Ninguno (solo mano de obra),527.0,PN
OT-001207,PAR-001583,PN-EQ-05,2025-03-01,Correctiva,1.1,3,Faja/correa,7507.0,PN
OT-001208,PAR-001585,PN-EQ-05,2025-03-08,Correctiva,11.8,1,Faja/correa,880.0,PN
OT-001209,PAR-001586,PN-EQ-05,2025-03-11,Correctiva,21.2,1,Ninguno (solo mano de obra),525.0,PN
OT-001210,PAR-001587,PN-EQ-05,2025-03-13,Correctiva,31.3,3,Sensor/instrumento,5802.0,PN
OT-001211,PAR-001588,PN-EQ-05,2025-03-17,Correctiva,1.7,1,Sensor/instrumento,2739.0,PN
OT-001212,PAR-001589,PN-EQ-05,2025-03-18,Correctiva,12.5,2,Rodamiento,6184.0,PN
OT-001213,PAR-001590,PN-EQ-05,2025-03-19,Preventiva,7.0,2,Sello mecánico,1124.0,PN
OT-001214,PAR-001591,PN-EQ-05,2025-03-26,Correctiva,7.0,3,Sello mecánico,2637.0,PN
OT-001215,PAR-001592,PN-EQ-05,2025-04-04,Correctiva,3.9,1,Sensor/instrumento,7584.0,PN
OT-001216,PAR-001593,PN-EQ-05,2025-04-06,Preventiva,8.5,3,Motor eléctrico,701.0,PN
OT-001217,PAR-001596,PN-EQ-05,2025-04-17,Correctiva,18.8,3,Ninguno (solo mano de obra),7006.0,PN
OT-001218,PAR-001597,PN-EQ-05,2025-04-20,Preventiva,9.6,1,Motor eléctrico,888.0,PN
OT-001219,PAR-001598,PN-EQ-05,2025-04-21,Correctiva,8.7,3,Rodamiento,4580.0,PN
OT-001220,PAR-001600,PN-EQ-05,2025-04-30,Correctiva,22.1,1,Rodamiento,7486.0,PN
OT-001221,PAR-001601,PN-EQ-05,2025-05-01,Correctiva,31.4,3,Revestimiento (liner),340.0,PN
OT-001222,PAR-001604,PN-EQ-05,2025-05-07,Correctiva,10.3,2,Motor eléctrico,5052.0,PN
OT-001223,PAR-001605,PN-EQ-05,2025-05-10,Preventiva,10.2,2,Rodamiento,1932.0,PN
OT-001224,PAR-001607,PN-EQ-05,2025-05-20,Correctiva,6.9,2,Revestimiento (liner),3452.0,PN
OT-001225,PAR-001609,PN-EQ-05,2025-05-25,Correctiva,14.2,1,indeterminado,6952.0,PN
OT-001226,PAR-001610,PN-EQ-05,2025-05-26,Correctiva,16.5,1,Sello mecánico,5529.0,PN
OT-001227,PAR-001611,PN-EQ-05,2025-05-27,Correctiva,12.9,1,Sensor/instrumento,3714.0,PN
OT-001228,PAR-001612,PN-EQ-05,2025-05-28,Correctiva,0.6,1,Sensor/instrumento,1316.0,PN
OT-001229,PAR-001613,PN-EQ-05,2025-06-02,Preventiva,8.7,2,Motor eléctrico,597.0,PN
OT-001230,PAR-001615,PN-EQ-05,2025-06-14,Correctiva,16.9,3,Rodamiento,727.0,PN
OT-001231,PAR-001617,PN-EQ-05,2025-06-19,Correctiva,10.7,2,Rodamiento,1088.0,PN
OT-001232,PAR-001618,PN-EQ-05,2025-06-22,Correctiva,30.1,1,Ninguno (solo mano de obra),7747.0,PN
OT-001233,PAR-001619,PN-EQ-05,2025-06-23,Correctiva,23.8,2,Rodamiento,3464.0,PN
OT-001234,PAR-001620,PN-EQ-05,2025-06-24,Preventiva,5.7,1,Motor eléctrico,1221.0,PN
OT-001235,PAR-001621,PN-EQ-05,2025-06-28,Correctiva,20.0,1,Revestimiento (liner),5450.0,PN
OT-001236,PAR-001623,PN-EQ-05,2025-07-07,Correctiva,6.0,3,Motor eléctrico,3260.0,PN
OT-001237,PAR-001624,PN-EQ-05,2025-07-10,Correctiva,20.2,3,Revestimiento (liner),1544.0,PN
OT-001238,PAR-001625,PN-EQ-05,2025-07-11,Correctiva,7.0,2,Sensor/instrumento,7146.0,PN
OT-001239,PAR-001626,PN-EQ-05,2025-07-13,Preventiva,10.1,3,Motor eléctrico,2056.0,PN
OT-001240,PAR-001627,PN-EQ-05,2025-07-15,Correctiva,26.6,3,Motor eléctrico,2403.0,PN
OT-001241,PAR-001628,PN-EQ-05,2025-07-20,Correctiva,2.5,3,Faja/correa,1566.0,PN
OT-001242,PAR-001629,PN-EQ-05,2025-07-23,Correctiva,15.4,1,Motor eléctrico,5570.0,PN
OT-001243,PAR-001630,PN-EQ-05,2025-07-25,Correctiva,0.5,2,Revestimiento (liner),2792.0,PN
OT-001244,PAR-001631,PN-EQ-05,2025-07-29,Correctiva,18.8,1,Rodamiento,5972.0,PN
OT-001245,PAR-001632,PN-EQ-05,2025-08-03,Preventiva,6.0,1,Revestimiento (liner),1751.0,PN
OT-001246,PAR-001633,PN-EQ-05,2025-08-04,Correctiva,20.0,1,Sello mecánico,1680.0,PN
OT-001247,PAR-001635,PN-EQ-05,2025-08-12,Correctiva,3.0,3,Rodamiento,2000.0,PN
OT-001248,PAR-001636,PN-EQ-05,2025-08-14,Correctiva,25.9,2,Motor eléctrico,4958.0,PN
OT-001249,PAR-001637,PN-EQ-05,2025-08-18,Preventiva,5.2,3,Sello mecánico,2290.0,PN
OT-001250,PAR-001639,PN-EQ-05,2025-08-28,Correctiva,0.6,1,Sello mecánico,259.0,PN
OT-001251,PAR-001641,PN-EQ-05,2025-09-04,Correctiva,30.7,3,Faja/correa,3491.0,PN
OT-001252,PAR-001642,PN-EQ-05,2025-09-05,Preventiva,9.5,1,Rodamiento,1670.0,PN
OT-001253,PAR-001643,PN-EQ-05,2025-09-08,Correctiva,19.4,2,indeterminado,6533.0,PN
OT-001254,PAR-001644,PN-EQ-05,2025-09-12,Correctiva,18.9,3,Rodamiento,6077.0,PN
OT-001255,PAR-001645,PN-EQ-05,2025-09-17,Correctiva,26.0,1,Revestimiento (liner),4523.0,PN
OT-001256,PAR-001646,PN-EQ-05,2025-09-23,Correctiva,11.0,2,Revestimiento (liner),7570.0,PN
OT-001257,PAR-001647,PN-EQ-05,2025-09-24,Preventiva,8.7,3,Ninguno (solo mano de obra),1265.0,PN
OT-001258,PAR-001648,PN-EQ-05,2025-10-04,Correctiva,8.7,2,Sensor/instrumento,6269.0,PN
OT-001259,PAR-001650,PN-EQ-05,2025-10-11,Preventiva,6.6,3,Ninguno (solo mano de obra),2077.0,PN
OT-001260,PAR-001651,PN-EQ-05,2025-10-11,Correctiva,3.5,2,Faja/correa,1990.0,PN
OT-001261,PAR-001652,PN-EQ-05,2025-10-23,Correctiva,9.2,3,Ninguno (solo mano de obra),4305.0,PN
OT-001262,PAR-001653,PN-EQ-05,2025-10-29,Correctiva,19.5,3,Rodamiento,2604.0,PN
OT-001263,PAR-001654,PN-EQ-05,2025-10-30,Preventiva,10.7,2,Revestimiento (liner),155.0,PN
OT-001264,PAR-001657,PN-EQ-05,2025-11-08,Correctiva,0.5,3,Rodamiento,7049.0,PN
OT-001265,PAR-001658,PN-EQ-05,2025-11-21,Correctiva,13.7,3,Revestimiento (liner),1811.0,PN
OT-001266,PAR-001659,PN-EQ-05,2025-11-22,Preventiva,4.0,1,Sello mecánico,983.0,PN
OT-001267,PAR-001660,PN-EQ-05,2025-11-26,Correctiva,22.4,2,Sello mecánico,1380.0,PN
OT-001268,PAR-001661,PN-EQ-05,2025-11-29,Correctiva,19.5,3,Sello mecánico,309.0,PN
OT-001269,PAR-001665,PN-EQ-05,2025-12-11,Correctiva,19.0,3,Revestimiento (liner),4900.0,PN
OT-001270,PAR-001666,PN-EQ-05,2025-12-14,Preventiva,7.6,2,Faja/correa,1588.0,PN
OT-001271,PAR-001667,PN-EQ-05,2025-12-19,Correctiva,9.1,3,Sello mecánico,387.0,PN
OT-001272,PAR-001668,PN-EQ-05,2025-12-31,Preventiva,3.7,3,Revestimiento (liner),854.0,PN
OT-001273,PAR-001670,PN-EQ-05,2026-01-03,Correctiva,1.7,1,Faja/correa,2169.0,PN
OT-001274,PAR-001671,PN-EQ-05,2026-01-04,Correctiva,0.7,1,Motor eléctrico,2008.0,PN
OT-001275,PAR-001672,PN-EQ-05,2026-01-11,Correctiva,4.6,2,Sello mecánico,3470.0,PN
OT-001276,PAR-001673,PN-EQ-05,2026-01-13,Correctiva,8.7,3,Ninguno (solo mano de obra),442.0,PN
OT-001277,PAR-001674,PN-EQ-05,2026-01-14,Correctiva,7.8,3,Ninguno (solo mano de obra),26.0,PN
OT-001278,PAR-001675,PN-EQ-05,2026-01-17,Preventiva,5.9,2,Revestimiento (liner),638.0,PN
OT-001279,PAR-001676,PN-EQ-05,2026-01-17,Correctiva,1.5,1,Faja/correa,2450.0,PN
OT-001280,PAR-001677,PN-EQ-05,2026-01-27,Correctiva,1.1,3,Rodamiento,5770.0,PN
OT-001281,PAR-001678,PN-EQ-05,2026-01-30,Correctiva,4.1,1,Revestimiento (liner),971.0,PN
OT-001282,PAR-001679,PN-EQ-05,2026-02-04,Correctiva,28.5,1,Revestimiento (liner),220.0,PN
OT-001283,PAR-001680,PN-EQ-05,2026-02-06,Correctiva,0.4,2,Ninguno (solo mano de obra),280.0,PN
OT-001284,PAR-001681,PN-EQ-05,2026-02-07,Correctiva,14.7,2,Faja/correa,1157.0,PN
OT-001285,PAR-001682,PN-EQ-05,2026-02-09,Preventiva,8.5,3,Motor eléctrico,117.0,PN
OT-001286,PAR-001684,PN-EQ-05,2026-02-19,Correctiva,16.6,2,Ninguno (solo mano de obra),6262.0,PN
OT-001287,PAR-001685,PN-EQ-05,2026-02-21,Correctiva,12.9,3,Faja/correa,6134.0,PN
OT-001288,PAR-001686,PN-EQ-05,2026-02-22,Correctiva,13.4,1,Motor eléctrico,7509.0,PN
OT-001289,PAR-001687,PN-EQ-05,2026-02-27,Correctiva,12.5,3,Sensor/instrumento,7706.0,PN
OT-001290,PAR-001688,PN-EQ-05,2026-02-28,Preventiva,6.7,1,Rodamiento,1094.0,PN
OT-001291,PAR-001689,PN-EQ-05,2026-03-01,Correctiva,19.9,1,Sensor/instrumento,1254.0,PN
OT-001292,PAR-001691,PN-EQ-05,2026-03-17,Correctiva,13.0,3,Faja/correa,136.0,PN
OT-001293,PAR-001692,PN-EQ-05,2026-03-18,Correctiva,16.2,2,Rodamiento,5221.0,PN
OT-001294,PAR-001693,PN-EQ-05,2026-03-21,Correctiva,7.6,3,Sensor/instrumento,2014.0,PN
OT-001295,PAR-001694,PN-EQ-05,2026-03-22,Preventiva,8.9,1,Rodamiento,2174.0,PN
OT-001296,PAR-001695,PN-EQ-05,2026-03-26,Correctiva,9.4,1,Sello mecánico,5604.0,PN
OT-001297,PAR-001696,PN-EQ-05,2026-03-27,Correctiva,17.7,2,Ninguno (solo mano de obra),670.0,PN
OT-001298,PAR-001697,PN-EQ-05,2026-04-06,Preventiva,8.3,2,Sello mecánico,144.0,PN
OT-001299,PAR-001698,PN-EQ-05,2026-04-07,Correctiva,0.8,3,Sello mecánico,5035.0,PN
OT-001300,PAR-001699,PN-EQ-05,2026-04-13,Correctiva,3.6,2,Sello mecánico,2261.0,PN
OT-001301,PAR-001701,PN-EQ-05,2026-04-18,Correctiva,5.7,1,Faja/correa,3719.0,PN
OT-001302,PAR-001702,PN-EQ-05,2026-04-20,Correctiva,31.1,3,Rodamiento,525.0,PN
OT-001303,PAR-001703,PN-EQ-05,2026-04-22,Correctiva,3.1,1,Ninguno (solo mano de obra),7921.0,PN
OT-001304,PAR-001704,PN-EQ-05,2026-04-23,Preventiva,10.2,3,Sello mecánico,716.0,PN
OT-001305,PAR-001706,PN-EQ-05,2026-04-25,Correctiva,7.5,3,Revestimiento (liner),5598.0,PN
OT-001306,PAR-001707,PN-EQ-05,2026-04-26,Correctiva,16.9,1,Faja/correa,7637.0,PN
OT-001307,PAR-001708,PN-EQ-05,2026-05-03,Correctiva,12.4,3,Ninguno (solo mano de obra),1550.0,PN
OT-001308,PAR-001711,PN-EQ-05,2026-05-08,Correctiva,30.6,3,Rodamiento,6564.0,PN
OT-001309,PAR-001713,PN-EQ-05,2026-05-13,Preventiva,9.6,1,Revestimiento (liner),522.0,PN
OT-001310,PAR-001715,PN-EQ-05,2026-05-20,Correctiva,16.8,3,Ninguno (solo mano de obra),5572.0,PN
OT-001311,PAR-001716,PN-EQ-05,2026-05-24,Correctiva,20.6,1,Motor eléctrico,7461.0,PN
OT-001312,PAR-001718,PN-EQ-05,2026-05-27,Correctiva,25.1,1,Rodamiento,5171.0,PN
OT-001313,PAR-001719,PN-EQ-05,2026-05-30,Correctiva,0.7,2,Sello mecánico,1879.0,PN
OT-001314,PAR-001720,PN-EQ-05,2026-06-03,Preventiva,5.8,3,Faja/correa,494.0,PN
OT-001315,PAR-001721,PN-EQ-05,2026-06-03,Correctiva,16.5,3,Revestimiento (liner),1709.0,PN
OT-001316,PAR-001722,PN-EQ-05,2026-06-13,Correctiva,16.4,1,Faja/correa,3941.0,PN
OT-001317,PAR-001724,PN-EQ-05,2026-06-23,Preventiva,8.2,3,Faja/correa,1335.0,PN
OT-001318,PAR-001725,PN-EQ-05,2026-06-30,Correctiva,13.7,3,Sello mecánico,4704.0,PN
OT-001319,PAR-001726,PN-EQ-05,2026-07-05,Correctiva,26.2,2,Sensor/instrumento,1486.0,PN
OT-001320,PAR-001727,PN-EQ-05,2026-07-07,Correctiva,3.6,3,Faja/correa,119.0,PN
OT-001321,PAR-001728,PN-EQ-05,2026-07-08,Correctiva,24.6,1,Rodamiento,7176.0,PN
OT-001322,PAR-001729,PN-EQ-05,2026-07-10,Correctiva,3.1,3,Rodamiento,6336.0,PN
OT-001323,PAR-001730,PN-EQ-05,2026-07-14,Correctiva,31.9,1,Faja/correa,7273.0,PN
OT-001324,PAR-001731,PN-EQ-05,2026-07-15,Preventiva,3.8,3,Rodamiento,44.0,PN
OT-001325,PAR-001732,PN-EQ-05,2026-07-15,Correctiva,16.7,3,Sensor/instrumento,7392.0,PN
OT-001326,PAR-001734,PN-EQ-05,2026-07-23,Correctiva,22.4,3,Motor eléctrico,2998.0,PN
OT-001327,PAR-001735,PN-EQ-05,2026-07-29,Correctiva,22.2,3,Motor eléctrico,5089.0,PN
OT-001328,PAR-001736,PN-EQ-05,2026-08-02,Correctiva,11.4,1,Sensor/instrumento,7786.0,PN
OT-001329,PAR-001737,PN-EQ-05,2026-08-03,Preventiva,8.1,3,Faja/correa,1691.0,PN
OT-001330,PAR-001738,PN-EQ-05,2026-08-04,Correctiva,18.3,2,Ninguno (solo mano de obra),517.0,PN
OT-001331,PAR-001739,PN-EQ-05,2026-08-06,Correctiva,31.7,3,Rodamiento,4226.0,PN
OT-001332,PAR-001740,PN-EQ-05,2026-08-12,Correctiva,5.6,1,Rodamiento,6585.0,PN
OT-001333,PAR-001742,PN-EQ-05,2026-08-21,Preventiva,6.4,2,Sensor/instrumento,1470.0,PN
OT-001334,PAR-001743,PN-EQ-05,2026-09-04,Preventiva,6.7,2,Sello mecánico,49.0,PN
OT-001335,PAR-001744,PN-EQ-05,2026-09-05,Correctiva,5.6,2,Faja/correa,7423.0,PN
OT-001336,PAR-001745,PN-EQ-05,2026-09-07,Correctiva,3.0,2,Sello mecánico,6450.0,PN
OT-001337,PAR-001746,PN-EQ-05,2026-09-08,Correctiva,20.3,1,Sello mecánico,2694.0,PN
OT-001338,PAR-001748,PN-EQ-05,2026-09-18,Correctiva,3.4,1,Revestimiento (liner),1062.0,PN
OT-001339,PAR-001749,PN-EQ-05,2026-09-21,Correctiva,20.7,1,Sensor/instrumento,1318.0,PN
OT-001340,PAR-001750,PN-EQ-05,2026-09-23,Correctiva,3.4,3,Sensor/instrumento,1823.0,PN
OT-001341,PAR-001751,PN-EQ-05,2026-09-24,Preventiva,6.9,2,Revestimiento (liner),235.0,PN
OT-001342,PAR-001752,PN-EQ-05,2026-09-26,Correctiva,23.7,1,Sello mecánico,293.0,PN
OT-001343,PAR-001753,PN-EQ-05,2026-09-27,Correctiva,1.5,1,Ninguno (solo mano de obra),6227.0,PN
OT-001344,PAR-001754,PN-EQ-05,2026-09-28,Correctiva,11.9,2,Revestimiento (liner),7535.0,PN
OT-001345,PAR-001755,PN-EQ-05,2026-09-29,Correctiva,25.7,3,Motor eléctrico,2979.0,PN
OT-001346,PAR-001756,PN-EQ-05,2026-09-30,Correctiva,12.1,2,Sensor/instrumento,4673.0,PN
OT-001347,PAR-001758,PN-EQ-05,2026-10-10,Correctiva,16.6,2,Rodamiento,5871.0,PN
OT-001348,PAR-001759,PN-EQ-05,2026-10-11,Correctiva,5.3,2,Motor eléctrico,780.0,PN
OT-001349,PAR-001760,PN-EQ-05,2026-10-13,Preventiva,5.5,3,Sello mecánico,413.0,PN
OT-001350,PAR-001761,PN-EQ-05,2026-10-16,Correctiva,2.5,3,Faja/correa,1832.0,PN
OT-001351,PAR-001762,PN-EQ-05,2026-10-26,Correctiva,6.3,1,Ninguno (solo mano de obra),1102.0,PN
OT-001352,PAR-001763,PN-EQ-05,2026-11-02,Preventiva,13.9,3,Sello mecánico,2209.0,PN
OT-001353,PAR-001764,PN-EQ-05,2026-11-06,Correctiva,3.5,1,Sello mecánico,4823.0,PN
OT-001354,PAR-001765,PN-EQ-05,2026-11-07,Correctiva,17.1,3,Sensor/instrumento,3435.0,PN
OT-001355,PAR-001766,PN-EQ-05,2026-11-10,Correctiva,4.1,2,Motor eléctrico,2065.0,PN
OT-001356,PAR-001767,PN-EQ-05,2026-11-14,Correctiva,23.3,2,Sensor/instrumento,1354.0,PN
OT-001357,PAR-001768,PN-EQ-05,2026-11-15,Correctiva,14.5,2,Motor eléctrico,2210.0,PN
OT-001358,PAR-001770,PN-EQ-05,2026-11-23,Preventiva,10.4,1,Ninguno (solo mano de obra),1438.0,PN
OT-001359,PAR-001771,PN-EQ-05,2026-11-26,Correctiva,7.9,1,Revestimiento (liner),3288.0,PN
OT-001360,PAR-001772,PN-EQ-05,2026-12-01,Correctiva,31.1,1,Sello mecánico,7398.0,PN
OT-001361,PAR-001773,PN-EQ-05,2026-12-06,Correctiva,28.8,1,Faja/correa,5497.0,PN
OT-001362,PAR-001775,PN-EQ-05,2026-12-12,Preventiva,11.5,1,Revestimiento (liner),409.0,PN
OT-001363,PAR-001776,PN-EQ-05,2026-12-21,Correctiva,0.4,1,Sensor/instrumento,865.0,PN
OT-001364,PAR-001778,PN-EQ-05,2026-12-24,Correctiva,6.1,3,Sensor/instrumento,1507.0,PN
OT-001365,PAR-001779,PN-EQ-05,2026-12-30,Correctiva,9.3,3,Faja/correa,6354.0,PN
OT-001366,PAR-001780,PN-EQ-05,2027-01-04,Preventiva,7.8,3,Sensor/instrumento,1415.0,PN
OT-001367,PAR-001781,PN-EQ-05,2027-01-05,Correctiva,16.5,3,Motor eléctrico,114.0,PN
OT-001368,PAR-001782,PN-EQ-05,2027-01-18,Correctiva,18.1,3,Revestimiento (liner),4308.0,PN
OT-001369,PAR-001783,PN-EQ-05,2027-01-19,Correctiva,27.0,3,Motor eléctrico,2760.0,PN
OT-001370,PAR-001784,PN-EQ-05,2027-01-26,Preventiva,4.3,3,Motor eléctrico,439.0,PN
OT-001371,PAR-001785,PN-EQ-05,2027-01-30,Correctiva,6.3,3,Sensor/instrumento,3649.0,PN
OT-001372,PAR-001786,PN-EQ-05,2027-02-02,Correctiva,7.6,1,Motor eléctrico,2663.0,PN
OT-001373,PAR-001787,PN-EQ-05,2027-02-06,Correctiva,2.4,2,Revestimiento (liner),6228.0,PN
OT-001374,PAR-001788,PN-EQ-05,2027-02-07,Correctiva,6.4,1,Sensor/instrumento,3341.0,PN
OT-001375,PAR-001789,PN-EQ-05,2027-02-08,Correctiva,2.1,3,Faja/correa,6931.0,PN
OT-001376,PAR-001790,PN-EQ-05,2027-02-09,Correctiva,9.4,3,Sensor/instrumento,4528.0,PN
OT-001377,PAR-001791,PN-EQ-05,2027-02-13,Preventiva,13.7,1,Motor eléctrico,1640.0,PN
OT-001378,PAR-001792,PN-EQ-05,2027-02-14,Correctiva,12.1,1,Revestimiento (liner),2840.0,PN
OT-001379,PAR-001793,PN-EQ-05,2027-02-21,Correctiva,14.6,3,Rodamiento,7154.0,PN
OT-001380,PAR-001794,PN-EQ-05,2027-02-28,Correctiva,10.9,1,Faja/correa,3581.0,PN
OT-001381,PAR-001795,PN-EQ-05,2027-03-02,Preventiva,9.2,2,Rodamiento,1896.0,PN
OT-001382,PAR-001797,PN-EQ-05,2027-03-08,Correctiva,4.9,2,Ninguno (solo mano de obra),5617.0,PN
OT-001383,PAR-001798,PN-EQ-05,2027-03-12,Correctiva,29.2,3,Revestimiento (liner),7270.0,PN
OT-001384,PAR-001799,PN-EQ-05,2027-03-14,Correctiva,10.9,3,Faja/correa,1101.0,PN
OT-001385,PAR-001800,PN-EQ-05,2027-03-17,Correctiva,1.8,3,Ninguno (solo mano de obra),1118.0,PN
OT-001386,PAR-001801,PN-EQ-05,2027-03-21,Correctiva,2.8,1,indeterminado,1585.0,PN
OT-001387,PAR-001802,PN-EQ-05,2027-03-23,Preventiva,8.9,3,Sello mecánico,1041.0,PN
OT-001388,PAR-001804,PN-EQ-05,2027-03-29,Correctiva,10.3,2,Motor eléctrico,1656.0,PN
OT-001389,PAR-001805,PN-EQ-05,2027-04-05,Correctiva,8.4,3,Revestimiento (liner),6322.0,PN
OT-001390,PAR-001806,PN-EQ-05,2027-04-09,Preventiva,10.1,1,Ninguno (solo mano de obra),1605.0,PN
OT-001391,PAR-001807,PN-EQ-05,2027-04-16,Correctiva,19.1,1,Rodamiento,5455.0,PN
OT-001392,PAR-001808,PN-EQ-05,2027-04-21,Correctiva,13.6,1,Motor eléctrico,7230.0,PN
OT-001393,PAR-001809,PN-EQ-05,2027-04-23,Preventiva,6.2,1,Faja/correa,2156.0,PN
OT-001394,PAR-001810,PN-EQ-05,2027-04-23,Correctiva,18.9,3,Sensor/instrumento,5032.0,PN
OT-001395,PAR-001812,PN-EQ-05,2027-05-02,Correctiva,19.3,1,Sello mecánico,6794.0,PN
OT-001396,PAR-001814,PN-EQ-05,2027-05-04,Correctiva,16.9,3,indeterminado,5509.0,PN
OT-001397,PAR-001816,PN-EQ-05,2027-05-09,Correctiva,16.3,3,Ninguno (solo mano de obra),6162.0,PN
OT-001398,PAR-001818,PN-EQ-05,2027-05-14,Preventiva,6.3,2,Sensor/instrumento,1910.0,PN
OT-001399,PAR-001820,PN-EQ-05,2027-05-14,Correctiva,21.5,3,Ninguno (solo mano de obra),3131.0,PN
OT-001400,PAR-001821,PN-EQ-05,2027-05-22,Correctiva,1.9,3,Revestimiento (liner),1267.0,PN
OT-001401,PAR-001823,PN-EQ-05,2027-05-29,Correctiva,21.8,2,indeterminado,3025.0,PN
OT-001402,PAR-001824,PN-EQ-05,2027-06-05,Preventiva,5.6,2,Rodamiento,1526.0,PN
OT-001403,PAR-001825,PN-EQ-05,2027-06-06,Correctiva,3.1,1,Sensor/instrumento,4152.0,PN
OT-001404,PAR-001826,PN-EQ-05,2027-06-07,Correctiva,9.9,2,Sensor/instrumento,1975.0,PN
OT-001405,PAR-001829,PN-EQ-05,2027-06-16,Correctiva,4.7,2,Sello mecánico,4672.0,PN
OT-001406,PAR-001830,PN-EQ-05,2027-06-18,Correctiva,15.8,3,Revestimiento (liner),6156.0,PN
OT-001407,PAR-001831,PN-EQ-05,2027-06-20,Preventiva,11.1,2,Ninguno (solo mano de obra),1988.0,PN
OT-001408,PAR-001832,PN-EQ-05,2027-06-22,Correctiva,11.2,2,Sello mecánico,2759.0,PN
OT-001409,PAR-001833,PN-EQ-05,2027-06-25,Correctiva,17.8,2,Ninguno (solo mano de obra),832.0,PN
OT-001410,PAR-001835,PN-EQ-05,2027-07-03,Correctiva,22.2,1,Sensor/instrumento,6142.0,PN
OT-001411,PAR-001836,PN-EQ-05,2027-07-04,Preventiva,11.4,3,Sello mecánico,1280.0,PN
OT-001412,PAR-001837,PN-EQ-05,2027-07-04,Correctiva,28.8,1,Revestimiento (liner),6326.0,PN
OT-001413,PAR-001838,PN-EQ-05,2027-07-08,Correctiva,4.9,2,Faja/correa,3138.0,PN
OT-001414,PAR-001839,PN-EQ-05,2027-07-09,Correctiva,8.9,1,Sensor/instrumento,3448.0,PN
OT-001415,PAR-001840,PN-EQ-05,2027-07-15,Correctiva,3.3,3,Faja/correa,2098.0,PN
OT-001416,PAR-001842,PN-EQ-05,2027-07-19,Correctiva,3.2,1,Sensor/instrumento,7849.0,PN
OT-001417,PAR-001843,PN-EQ-05,2027-07-21,Preventiva,5.7,1,Sensor/instrumento,2438.0,PN
OT-001418,PAR-001844,PN-EQ-05,2027-07-22,Correctiva,1.9,3,Sello mecánico,3312.0,PN
OT-001419,PAR-001845,PN-EQ-05,2027-07-23,Correctiva,11.0,2,Sensor/instrumento,7431.0,PN
OT-001420,PAR-001846,PN-EQ-05,2027-07-25,Correctiva,1.8,2,Faja/correa,3340.0,PN
OT-001421,PAR-001847,PN-EQ-05,2027-07-30,Correctiva,2.7,2,Faja/correa,246.0,PN
OT-001422,PAR-001848,PN-EQ-05,2027-07-31,Correctiva,10.5,2,Rodamiento,7936.0,PN
OT-001423,PAR-001849,PN-EQ-05,2027-08-05,Preventiva,9.2,1,Sello mecánico,644.0,PN
OT-001424,PAR-001851,PN-EQ-05,2027-08-16,Correctiva,16.9,3,Rodamiento,7230.0,PN
OT-001425,PAR-001852,PN-EQ-05,2027-08-27,Preventiva,5.9,3,Rodamiento,1846.0,PN
OT-001426,PAR-001853,PN-EQ-05,2027-08-27,Correctiva,11.2,3,Faja/correa,1070.0,PN
OT-001427,PAR-001854,PN-EQ-05,2027-08-28,Correctiva,18.4,2,Faja/correa,1744.0,PN
OT-001428,PAR-001855,PN-EQ-05,2027-08-30,Correctiva,21.1,1,indeterminado,2014.0,PN
OT-001429,PAR-001856,PN-EQ-05,2027-09-01,Correctiva,25.6,2,Motor eléctrico,1404.0,PN
OT-001430,PAR-001857,PN-EQ-05,2027-09-05,Correctiva,9.3,1,Sensor/instrumento,6597.0,PN
OT-001431,PAR-001858,PN-EQ-05,2027-09-09,Correctiva,25.3,2,Revestimiento (liner),440.0,PN
OT-001432,PAR-001861,PN-EQ-05,2027-09-14,Correctiva,17.0,1,Faja/correa,3837.0,PN
OT-001433,PAR-001862,PN-EQ-05,2027-09-16,Preventiva,9.8,1,Sello mecánico,208.0,PN
OT-001434,PAR-001864,PN-EQ-05,2027-09-24,Correctiva,7.6,2,Motor eléctrico,3853.0,PN
OT-001435,PAR-001865,PN-EQ-05,2027-10-01,Correctiva,19.3,2,Sello mecánico,5750.0,PN
OT-001436,PAR-001866,PN-EQ-05,2027-10-02,Preventiva,9.2,2,Rodamiento,1956.0,PN
OT-001437,PAR-001868,PN-EQ-05,2027-10-04,Correctiva,4.0,1,Sello mecánico,3392.0,PN
OT-001438,PAR-001869,PN-EQ-05,2027-10-06,Correctiva,4.0,2,Faja/correa,158.0,PN
OT-001439,PAR-001870,PN-EQ-05,2027-10-10,Correctiva,2.8,1,Sensor/instrumento,103.0,PN
OT-001440,PAR-001871,PN-EQ-05,2027-10-11,Correctiva,22.8,3,Revestimiento (liner),3303.0,PN
OT-001441,PAR-001872,PN-EQ-05,2027-10-12,Correctiva,6.8,2,Revestimiento (liner),6721.0,PN
OT-001442,PAR-001873,PN-EQ-05,2027-10-13,Correctiva,7.4,1,Faja/correa,5166.0,PN
OT-001443,PAR-001874,PN-EQ-05,2027-10-16,Correctiva,21.7,1,Sello mecánico,5369.0,PN
OT-001444,PAR-001875,PN-EQ-05,2027-10-17,Preventiva,7.4,3,Rodamiento,982.0,PN
OT-001445,PAR-001876,PN-EQ-05,2027-10-17,Correctiva,0.7,1,Rodamiento,284.0,PN
OT-001446,PAR-001877,PN-EQ-05,2027-10-19,Correctiva,1.8,3,Faja/correa,6734.0,PN
OT-001447,PAR-001879,PN-EQ-05,2027-10-25,Correctiva,1.6,2,Faja/correa,5802.0,PN
OT-001448,PAR-001880,PN-EQ-05,2027-10-29,Correctiva,1.2,1,Ninguno (solo mano de obra),3735.0,PN
OT-001449,PAR-001881,PN-EQ-05,2027-10-31,Correctiva,5.9,3,Faja/correa,1680.0,PN
OT-001450,PAR-001882,PN-EQ-05,2027-11-01,Correctiva,5.0,1,Revestimiento (liner),2179.0,PN
OT-001451,PAR-001883,PN-EQ-05,2027-11-02,Correctiva,9.0,3,Sello mecánico,772.0,PN
OT-001452,PAR-001884,PN-EQ-05,2027-11-03,Correctiva,0.6,1,Sello mecánico,2807.0,PN
OT-001453,PAR-001886,PN-EQ-05,2027-11-06,Correctiva,23.6,1,Faja/correa,1335.0,PN
OT-001454,PAR-001887,PN-EQ-05,2027-11-09,Preventiva,7.4,1,Ninguno (solo mano de obra),1616.0,PN
OT-001455,PAR-001888,PN-EQ-05,2027-11-13,Correctiva,7.2,2,Faja/correa,3541.0,PN
OT-001456,PAR-001890,PN-EQ-05,2027-11-29,Preventiva,4.9,1,Rodamiento,1714.0,PN
OT-001457,PAR-001891,PN-EQ-05,2027-12-02,Correctiva,11.8,2,Rodamiento,238.0,PN
OT-001458,PAR-001892,PN-EQ-05,2027-12-03,Correctiva,3.5,2,Faja/correa,4855.0,PN
OT-001459,PAR-001893,PN-EQ-05,2027-12-05,Correctiva,13.0,2,Ninguno (solo mano de obra),6786.0,PN
OT-001460,PAR-001894,PN-EQ-05,2027-12-12,Correctiva,0.5,1,Ninguno (solo mano de obra),5112.0,PN
OT-001461,PAR-001896,PN-EQ-05,2027-12-18,Correctiva,6.6,1,Sello mecánico,3548.0,PN
OT-001462,PAR-001897,PN-EQ-05,2027-12-19,Correctiva,15.5,1,Motor eléctrico,3440.0,PN
OT-001463,PAR-001898,PN-EQ-05,2027-12-20,Correctiva,4.7,3,Faja/correa,5889.0,PN
OT-001464,PAR-001899,PN-EQ-05,2027-12-21,Preventiva,10.9,1,Revestimiento (liner),1773.0,PN
OT-001465,PAR-001903,PN-EQ-06,2024-01-18,Preventiva,3.5,2,Motor eléctrico,2068.0,PN
OT-001466,PAR-001906,PN-EQ-06,2024-02-09,Preventiva,5.9,2,Sensor/instrumento,198.0,PN
OT-001467,PAR-001907,PN-EQ-06,2024-02-13,Correctiva,20.7,2,Faja/correa,2212.0,PN
OT-001468,PAR-001908,PN-EQ-06,2024-02-21,Correctiva,2.6,1,Sensor/instrumento,2638.0,PN
OT-001469,PAR-001909,PN-EQ-06,2024-02-23,Correctiva,0.7,2,Rodamiento,6769.0,PN
OT-001470,PAR-001910,PN-EQ-06,2024-02-26,Correctiva,7.2,3,Faja/correa,5631.0,PN
OT-001471,PAR-001911,PN-EQ-06,2024-02-29,Preventiva,4.7,2,Faja/correa,2356.0,PN
OT-001472,PAR-001913,PN-EQ-06,2024-03-15,Preventiva,5.3,2,Rodamiento,92.0,PN
OT-001473,PAR-001914,PN-EQ-06,2024-03-16,Correctiva,2.5,2,Rodamiento,3667.0,PN
OT-001474,PAR-001915,PN-EQ-06,2024-03-17,Correctiva,9.7,2,Rodamiento,2662.0,PN
OT-001475,PAR-001916,PN-EQ-06,2024-03-20,Correctiva,0.6,3,Sello mecánico,7866.0,PN
OT-001476,PAR-001919,PN-EQ-06,2024-03-31,Correctiva,4.3,2,Sensor/instrumento,3361.0,PN
OT-001477,PAR-001920,PN-EQ-06,2024-04-02,Preventiva,9.6,2,Sello mecánico,2082.0,PN
OT-001478,PAR-001921,PN-EQ-06,2024-04-05,Correctiva,0.7,1,Sello mecánico,6922.0,PN
OT-001479,PAR-001923,PN-EQ-06,2024-04-21,Preventiva,8.6,1,Motor eléctrico,1261.0,PN
OT-001480,PAR-001924,PN-EQ-06,2024-04-25,Correctiva,11.9,3,Sello mecánico,7416.0,PN
OT-001481,PAR-001925,PN-EQ-06,2024-04-27,Correctiva,0.7,2,Sello mecánico,1194.0,PN
OT-001482,PAR-001926,PN-EQ-06,2024-05-09,Preventiva,4.3,3,Sensor/instrumento,424.0,PN
OT-001483,PAR-001927,PN-EQ-06,2024-05-10,Correctiva,12.0,1,Revestimiento (liner),1732.0,PN
OT-001484,PAR-001929,PN-EQ-06,2024-05-14,Correctiva,9.7,3,Ninguno (solo mano de obra),3306.0,PN
OT-001485,PAR-001930,PN-EQ-06,2024-05-21,Correctiva,3.0,2,Motor eléctrico,808.0,PN
OT-001486,PAR-001932,PN-EQ-06,2024-05-29,Preventiva,11.6,3,Rodamiento,801.0,PN
OT-001487,PAR-001934,PN-EQ-06,2024-06-13,Correctiva,3.3,2,Ninguno (solo mano de obra),3004.0,PN
OT-001488,PAR-001935,PN-EQ-06,2024-06-14,Preventiva,4.3,2,Motor eléctrico,2411.0,PN
OT-001489,PAR-001936,PN-EQ-06,2024-06-19,Correctiva,0.6,1,Ninguno (solo mano de obra),5210.0,PN
OT-001490,PAR-001939,PN-EQ-06,2024-06-29,Correctiva,24.1,2,Revestimiento (liner),929.0,PN
OT-001491,PAR-001940,PN-EQ-06,2024-07-02,Correctiva,1.3,3,Rodamiento,7760.0,PN
OT-001492,PAR-001941,PN-EQ-06,2024-07-05,Preventiva,8.0,1,Faja/correa,2051.0,PN
OT-001493,PAR-001942,PN-EQ-06,2024-07-07,Correctiva,1.6,1,Motor eléctrico,2696.0,PN
OT-001494,PAR-001943,PN-EQ-06,2024-07-17,Correctiva,9.0,2,Rodamiento,7286.0,PN
OT-001495,PAR-001944,PN-EQ-06,2024-07-19,Correctiva,2.4,2,Ninguno (solo mano de obra),6686.0,PN
OT-001496,PAR-001945,PN-EQ-06,2024-07-24,Preventiva,7.4,2,Revestimiento (liner),1724.0,PN
OT-001497,PAR-001946,PN-EQ-06,2024-07-25,Correctiva,3.7,2,Sello mecánico,7947.0,PN
OT-001498,PAR-001947,PN-EQ-06,2024-07-29,Correctiva,17.2,2,Ninguno (solo mano de obra),633.0,PN
OT-001499,PAR-001949,PN-EQ-06,2024-07-30,Correctiva,12.3,1,Ninguno (solo mano de obra),7099.0,PN
OT-001500,PAR-001950,PN-EQ-06,2024-08-08,Preventiva,11.3,1,Sello mecánico,714.0,PN
OT-001501,PAR-001954,PN-EQ-06,2024-08-24,Correctiva,30.3,1,Faja/correa,620.0,PN
OT-001502,PAR-001955,PN-EQ-06,2024-08-28,Preventiva,6.1,1,Rodamiento,2203.0,PN
OT-001503,PAR-001956,PN-EQ-06,2024-08-29,Correctiva,11.0,3,Rodamiento,1371.0,PN
OT-001504,PAR-001957,PN-EQ-06,2024-08-31,Correctiva,5.9,1,Faja/correa,3133.0,PN
OT-001505,PAR-001959,PN-EQ-06,2024-09-02,Correctiva,1.6,3,Sello mecánico,5891.0,PN
OT-001506,PAR-001961,PN-EQ-06,2024-09-12,Correctiva,0.6,1,Ninguno (solo mano de obra),2523.0,PN
OT-001507,PAR-001962,PN-EQ-06,2024-09-16,Correctiva,4.1,1,Sensor/instrumento,1319.0,PN
OT-001508,PAR-001963,PN-EQ-06,2024-09-17,Preventiva,5.4,2,Sello mecánico,2213.0,PN
OT-001509,PAR-001965,PN-EQ-06,2024-09-20,Correctiva,1.5,2,Sello mecánico,1574.0,PN
OT-001510,PAR-001966,PN-EQ-06,2024-09-27,Correctiva,14.4,3,Faja/correa,4357.0,PN
OT-001511,PAR-001968,PN-EQ-06,2024-10-09,Preventiva,10.5,1,Revestimiento (liner),2191.0,PN
OT-001512,PAR-001969,PN-EQ-06,2024-10-13,Correctiva,8.9,3,Motor eléctrico,968.0,PN
OT-001513,PAR-001970,PN-EQ-06,2024-10-18,Correctiva,12.6,3,Rodamiento,5760.0,PN
OT-001514,PAR-001973,PN-EQ-06,2024-10-26,Correctiva,5.5,2,Revestimiento (liner),2809.0,PN
OT-001515,PAR-001974,PN-EQ-06,2024-11-01,Preventiva,9.2,3,Motor eléctrico,1173.0,PN
OT-001516,PAR-001975,PN-EQ-06,2024-11-03,Correctiva,2.8,1,Motor eléctrico,4550.0,PN
OT-001517,PAR-001976,PN-EQ-06,2024-11-06,Correctiva,3.7,2,Ninguno (solo mano de obra),4505.0,PN
OT-001518,PAR-001977,PN-EQ-06,2024-11-11,Correctiva,0.5,1,Sello mecánico,7979.0,PN
OT-001519,PAR-001978,PN-EQ-06,2024-11-14,Correctiva,3.1,3,Revestimiento (liner),4650.0,PN
OT-001520,PAR-001979,PN-EQ-06,2024-11-18,Preventiva,8.0,3,Sensor/instrumento,597.0,PN
OT-001521,PAR-001982,PN-EQ-06,2024-11-24,Correctiva,17.2,2,Sello mecánico,1310.0,PN
OT-001522,PAR-001983,PN-EQ-06,2024-12-03,Correctiva,18.2,1,Sello mecánico,3730.0,PN
OT-001523,PAR-001984,PN-EQ-06,2024-12-10,Correctiva,17.9,1,Motor eléctrico,7815.0,PN
OT-001524,PAR-001985,PN-EQ-06,2024-12-11,Preventiva,4.8,1,Motor eléctrico,862.0,PN
OT-001525,PAR-001986,PN-EQ-06,2024-12-15,Correctiva,30.0,1,Ninguno (solo mano de obra),1979.0,PN
OT-001526,PAR-001988,PN-EQ-06,2024-12-21,Correctiva,9.6,2,Ninguno (solo mano de obra),2930.0,PN
OT-001527,PAR-001989,PN-EQ-06,2024-12-23,Correctiva,1.3,2,Motor eléctrico,1658.0,PN
OT-001528,PAR-001991,PN-EQ-06,2024-12-29,Correctiva,11.7,2,Sensor/instrumento,5333.0,PN
OT-001529,PAR-001995,PN-EQ-06,2025-01-03,Preventiva,13.0,1,Revestimiento (liner),2294.0,PN
OT-001530,PAR-001996,PN-EQ-06,2025-01-08,Correctiva,3.0,3,Sensor/instrumento,2029.0,PN
OT-001531,PAR-001997,PN-EQ-06,2025-01-20,Preventiva,9.7,2,Rodamiento,1011.0,PN
OT-001532,PAR-001998,PN-EQ-06,2025-01-30,Correctiva,6.6,3,Sensor/instrumento,7906.0,PN
OT-001533,PAR-001999,PN-EQ-06,2025-02-08,Preventiva,6.9,3,Sensor/instrumento,1998.0,PN
OT-001534,PAR-002000,PN-EQ-06,2025-02-16,Correctiva,15.2,2,Sello mecánico,6518.0,PN
OT-001535,PAR-002001,PN-EQ-06,2025-02-18,Correctiva,2.9,2,Sello mecánico,6748.0,PN
OT-001536,PAR-002003,PN-EQ-06,2025-02-20,Correctiva,1.5,1,Sensor/instrumento,5056.0,PN
OT-001537,PAR-002005,PN-EQ-06,2025-03-02,Correctiva,8.0,1,Sensor/instrumento,892.0,PN
OT-001538,PAR-002006,PN-EQ-06,2025-03-03,Preventiva,9.4,1,Sello mecánico,1217.0,PN
OT-001539,PAR-002007,PN-EQ-06,2025-03-21,Correctiva,1.0,1,Ninguno (solo mano de obra),3000.0,PN
OT-001540,PAR-002008,PN-EQ-06,2025-03-22,Correctiva,2.8,2,Motor eléctrico,7199.0,PN
OT-001541,PAR-002009,PN-EQ-06,2025-03-23,Preventiva,6.1,3,Rodamiento,1586.0,PN
OT-001542,PAR-002010,PN-EQ-06,2025-03-25,Correctiva,9.7,3,Faja/correa,6337.0,PN
OT-001543,PAR-002011,PN-EQ-06,2025-03-27,Correctiva,16.0,2,Motor eléctrico,1786.0,PN
OT-001544,PAR-002013,PN-EQ-06,2025-04-08,Preventiva,9.9,1,Ninguno (solo mano de obra),1075.0,PN
OT-001545,PAR-002014,PN-EQ-06,2025-04-10,Correctiva,6.2,2,Sensor/instrumento,1059.0,PN
OT-001546,PAR-002015,PN-EQ-06,2025-04-11,Correctiva,13.8,1,Sello mecánico,6444.0,PN
OT-001547,PAR-002017,PN-EQ-06,2025-04-16,Correctiva,11.4,2,Sello mecánico,2869.0,PN
OT-001548,PAR-002019,PN-EQ-06,2025-04-26,Correctiva,0.6,3,Faja/correa,114.0,PN
OT-001549,PAR-002020,PN-EQ-06,2025-04-28,Preventiva,11.8,3,Ninguno (solo mano de obra),1702.0,PN
OT-001550,PAR-002022,PN-EQ-06,2025-05-01,Correctiva,3.5,2,Motor eléctrico,2670.0,PN
OT-001551,PAR-002024,PN-EQ-06,2025-05-06,Correctiva,12.6,3,Faja/correa,3315.0,PN
OT-001552,PAR-002025,PN-EQ-06,2025-05-15,Correctiva,4.1,2,Revestimiento (liner),6061.0,PN
OT-001553,PAR-002026,PN-EQ-06,2025-05-17,Preventiva,7.1,3,Sensor/instrumento,2443.0,PN
OT-001554,PAR-002027,PN-EQ-06,2025-05-18,Correctiva,10.0,2,Ninguno (solo mano de obra),7534.0,PN
OT-001555,PAR-002028,PN-EQ-06,2025-05-23,Correctiva,6.0,2,Revestimiento (liner),3089.0,PN
OT-001556,PAR-002029,PN-EQ-06,2025-05-26,Correctiva,5.3,3,Rodamiento,2102.0,PN
OT-001557,PAR-002030,PN-EQ-06,2025-05-28,Correctiva,3.7,3,Motor eléctrico,3524.0,PN
OT-001558,PAR-002031,PN-EQ-06,2025-05-30,Correctiva,2.3,2,Rodamiento,1603.0,PN
OT-001559,PAR-002032,PN-EQ-06,2025-06-01,Preventiva,9.3,2,Revestimiento (liner),1126.0,PN
OT-001560,PAR-002034,PN-EQ-06,2025-06-15,Preventiva,5.8,2,Revestimiento (liner),2093.0,PN
OT-001561,PAR-002036,PN-EQ-06,2025-06-26,Correctiva,4.2,2,Revestimiento (liner),1282.0,PN
OT-001562,PAR-002037,PN-EQ-06,2025-07-03,Preventiva,7.1,2,Rodamiento,1706.0,PN
OT-001563,PAR-002038,PN-EQ-06,2025-07-04,Correctiva,21.9,1,Revestimiento (liner),1438.0,PN
OT-001564,PAR-002040,PN-EQ-06,2025-07-15,Correctiva,22.5,3,Motor eléctrico,5198.0,PN
OT-001565,PAR-002042,PN-EQ-06,2025-07-23,Preventiva,4.9,2,Faja/correa,274.0,PN
OT-001566,PAR-002044,PN-EQ-06,2025-07-27,Correctiva,1.5,1,Ninguno (solo mano de obra),7491.0,PN
OT-001567,PAR-002047,PN-EQ-06,2025-08-05,Correctiva,1.5,3,Sello mecánico,5234.0,PN
OT-001568,PAR-002049,PN-EQ-06,2025-08-12,Preventiva,11.8,1,indeterminado,376.0,PN
OT-001569,PAR-002052,PN-EQ-06,2025-08-28,Preventiva,7.5,2,Sensor/instrumento,1277.0,PN
OT-001570,PAR-002053,PN-EQ-06,2025-09-08,Correctiva,0.5,2,Revestimiento (liner),3252.0,PN
OT-001571,PAR-002054,PN-EQ-06,2025-09-12,Correctiva,9.5,3,Ninguno (solo mano de obra),300.0,PN
OT-001572,PAR-002055,PN-EQ-06,2025-09-13,Correctiva,18.3,1,Rodamiento,4572.0,PN
OT-001573,PAR-002056,PN-EQ-06,2025-09-15,Preventiva,3.8,1,Sello mecánico,231.0,PN
OT-001574,PAR-002058,PN-EQ-06,2025-09-24,Correctiva,17.7,1,Rodamiento,1459.0,PN
OT-001575,PAR-002059,PN-EQ-06,2025-09-30,Correctiva,8.3,1,Sensor/instrumento,7204.0,PN
OT-001576,PAR-002060,PN-EQ-06,2025-10-02,Preventiva,6.2,2,Faja/correa,300.0,PN
OT-001577,PAR-002061,PN-EQ-06,2025-10-17,Correctiva,0.6,2,Sensor/instrumento,7665.0,PN
OT-001578,PAR-002062,PN-EQ-06,2025-10-21,Preventiva,9.8,1,Motor eléctrico,2219.0,PN
OT-001579,PAR-002063,PN-EQ-06,2025-11-04,Preventiva,6.1,3,Sello mecánico,1442.0,PN
OT-001580,PAR-002064,PN-EQ-06,2025-11-10,Correctiva,0.7,2,Rodamiento,709.0,PN
OT-001581,PAR-002065,PN-EQ-06,2025-11-11,Correctiva,0.7,3,Revestimiento (liner),3374.0,PN
OT-001582,PAR-002066,PN-EQ-06,2025-11-15,Correctiva,3.4,3,Revestimiento (liner),182.0,PN
OT-001583,PAR-002068,PN-EQ-06,2025-11-22,Correctiva,24.0,3,Sello mecánico,2757.0,PN
OT-001584,PAR-002070,PN-EQ-06,2025-11-27,Preventiva,8.6,1,Motor eléctrico,534.0,PN
OT-001585,PAR-002071,PN-EQ-06,2025-11-28,Correctiva,2.4,1,Sello mecánico,4859.0,PN
OT-001586,PAR-002072,PN-EQ-06,2025-11-30,Correctiva,3.6,1,Motor eléctrico,4033.0,PN
OT-001587,PAR-002073,PN-EQ-06,2025-12-05,Correctiva,2.6,3,Sello mecánico,151.0,PN
OT-001588,PAR-002074,PN-EQ-06,2025-12-08,Correctiva,0.8,1,Rodamiento,1538.0,PN
OT-001589,PAR-002076,PN-EQ-06,2025-12-14,Preventiva,11.8,3,Faja/correa,321.0,PN
OT-001590,PAR-002079,PN-EQ-06,2026-01-03,Preventiva,5.3,2,Motor eléctrico,1879.0,PN
OT-001591,PAR-002080,PN-EQ-06,2026-01-04,Correctiva,8.5,3,Ninguno (solo mano de obra),2596.0,PN
OT-001592,PAR-002082,PN-EQ-06,2026-01-13,Correctiva,3.6,1,Faja/correa,3026.0,PN
OT-001593,PAR-002083,PN-EQ-06,2026-01-16,Correctiva,1.8,3,Sello mecánico,2843.0,PN
OT-001594,PAR-002084,PN-EQ-06,2026-01-19,Correctiva,9.5,3,Rodamiento,261.0,PN
OT-001595,PAR-002085,PN-EQ-06,2026-01-22,Preventiva,6.4,3,Faja/correa,2051.0,PN
OT-001596,PAR-002088,PN-EQ-06,2026-01-30,Correctiva,0.9,2,Revestimiento (liner),6508.0,PN
OT-001597,PAR-002089,PN-EQ-06,2026-02-09,Correctiva,15.5,2,Faja/correa,7083.0,PN
OT-001598,PAR-002090,PN-EQ-06,2026-02-10,Preventiva,5.3,3,Revestimiento (liner),2000.0,PN
OT-001599,PAR-002093,PN-EQ-06,2026-02-23,Correctiva,12.2,1,Rodamiento,5787.0,PN
OT-001600,PAR-002094,PN-EQ-06,2026-02-24,Correctiva,1.0,2,Ninguno (solo mano de obra),12.0,PN
OT-001601,PAR-002095,PN-EQ-06,2026-02-25,Correctiva,3.3,2,Rodamiento,5077.0,PN
OT-001602,PAR-002096,PN-EQ-06,2026-02-26,Preventiva,4.7,2,Faja/correa,612.0,PN
OT-001603,PAR-002098,PN-EQ-06,2026-03-03,Correctiva,2.1,3,Rodamiento,6405.0,PN
OT-001604,PAR-002099,PN-EQ-06,2026-03-04,Correctiva,11.2,1,Revestimiento (liner),648.0,PN
OT-001605,PAR-002100,PN-EQ-06,2026-03-17,Correctiva,7.6,3,Revestimiento (liner),5539.0,PN
OT-001606,PAR-002101,PN-EQ-06,2026-03-19,Correctiva,11.6,2,Ninguno (solo mano de obra),2380.0,PN
OT-001607,PAR-002102,PN-EQ-06,2026-03-21,Preventiva,8.0,3,Revestimiento (liner),150.0,PN
OT-001608,PAR-002104,PN-EQ-06,2026-03-28,Correctiva,0.5,2,Sello mecánico,2073.0,PN
OT-001609,PAR-002106,PN-EQ-06,2026-04-04,Correctiva,12.8,3,Faja/correa,3454.0,PN
OT-001610,PAR-002107,PN-EQ-06,2026-04-09,Correctiva,0.8,2,Ninguno (solo mano de obra),863.0,PN
OT-001611,PAR-002108,PN-EQ-06,2026-04-10,Preventiva,6.6,1,Revestimiento (liner),1074.0,PN
OT-001612,PAR-002109,PN-EQ-06,2026-04-16,Correctiva,3.7,1,Ninguno (solo mano de obra),6552.0,PN
OT-001613,PAR-002111,PN-EQ-06,2026-04-23,Correctiva,0.6,3,Sensor/instrumento,1462.0,PN
OT-001614,PAR-002112,PN-EQ-06,2026-04-24,Correctiva,9.8,2,Motor eléctrico,391.0,PN
OT-001615,PAR-002113,PN-EQ-06,2026-04-28,Preventiva,8.9,3,Rodamiento,1390.0,PN
OT-001616,PAR-002114,PN-EQ-06,2026-05-05,Correctiva,7.6,2,Motor eléctrico,4983.0,PN
OT-001617,PAR-002115,PN-EQ-06,2026-05-06,Correctiva,30.4,2,Faja/correa,2962.0,PN
OT-001618,PAR-002116,PN-EQ-06,2026-05-09,Correctiva,2.2,3,Sensor/instrumento,4287.0,PN
OT-001619,PAR-002117,PN-EQ-06,2026-05-12,Preventiva,11.5,3,Ninguno (solo mano de obra),2432.0,PN
OT-001620,PAR-002118,PN-EQ-06,2026-05-15,Correctiva,11.3,1,indeterminado,6642.0,PN
OT-001621,PAR-002121,PN-EQ-06,2026-06-01,Correctiva,4.7,3,Sello mecánico,2631.0,PN
OT-001622,PAR-002122,PN-EQ-06,2026-06-02,Preventiva,7.6,3,Sensor/instrumento,1719.0,PN
OT-001623,PAR-002123,PN-EQ-06,2026-06-02,Correctiva,0.9,3,Sensor/instrumento,3430.0,PN
OT-001624,PAR-002126,PN-EQ-06,2026-06-04,Correctiva,1.6,2,Sensor/instrumento,3425.0,PN
OT-001625,PAR-002127,PN-EQ-06,2026-06-12,Correctiva,12.1,2,Motor eléctrico,2813.0,PN
OT-001626,PAR-002130,PN-EQ-06,2026-06-24,Preventiva,7.3,1,Rodamiento,1395.0,PN
OT-001627,PAR-002131,PN-EQ-06,2026-07-05,Correctiva,5.8,1,Motor eléctrico,6310.0,PN
OT-001628,PAR-002132,PN-EQ-06,2026-07-06,Correctiva,16.3,2,Ninguno (solo mano de obra),7987.0,PN
OT-001629,PAR-002133,PN-EQ-06,2026-07-07,Correctiva,26.9,3,Revestimiento (liner),2659.0,PN
OT-001630,PAR-002134,PN-EQ-06,2026-07-08,Preventiva,11.2,2,Faja/correa,344.0,PN
OT-001631,PAR-002135,PN-EQ-06,2026-07-11,Correctiva,15.2,3,Motor eléctrico,7807.0,PN
OT-001632,PAR-002138,PN-EQ-06,2026-07-28,Correctiva,10.9,2,Sello mecánico,895.0,PN
OT-001633,PAR-002139,PN-EQ-06,2026-07-30,Preventiva,5.0,2,Motor eléctrico,573.0,PN
OT-001634,PAR-002140,PN-EQ-06,2026-08-03,Correctiva,5.2,2,Sensor/instrumento,5022.0,PN
OT-001635,PAR-002142,PN-EQ-06,2026-08-11,Correctiva,23.2,3,Sello mecánico,4738.0,PN
OT-001636,PAR-002143,PN-EQ-06,2026-08-15,Preventiva,6.7,3,Sello mecánico,1483.0,PN
OT-001637,PAR-002144,PN-EQ-06,2026-08-25,Correctiva,22.0,1,Ninguno (solo mano de obra),2290.0,PN
OT-001638,PAR-002147,PN-EQ-06,2026-09-05,Preventiva,12.1,3,Ninguno (solo mano de obra),2296.0,PN
OT-001639,PAR-002148,PN-EQ-06,2026-09-08,Correctiva,2.0,2,Rodamiento,2494.0,PN
OT-001640,PAR-002149,PN-EQ-06,2026-09-12,Correctiva,9.6,1,Sello mecánico,3040.0,PN
OT-001641,PAR-002151,PN-EQ-06,2026-09-16,Correctiva,5.0,1,Rodamiento,2671.0,PN
OT-001642,PAR-002152,PN-EQ-06,2026-09-20,Correctiva,3.4,1,Rodamiento,1903.0,PN
OT-001643,PAR-002153,PN-EQ-06,2026-09-22,Preventiva,5.0,2,Rodamiento,2164.0,PN
OT-001644,PAR-002155,PN-EQ-06,2026-10-10,Preventiva,9.5,2,Faja/correa,1868.0,PN
OT-001645,PAR-002157,PN-EQ-06,2026-10-13,Correctiva,2.2,2,Rodamiento,7624.0,PN
OT-001646,PAR-002158,PN-EQ-06,2026-10-19,Correctiva,19.9,3,Revestimiento (liner),2583.0,PN
OT-001647,PAR-002159,PN-EQ-06,2026-10-22,Correctiva,0.7,1,Motor eléctrico,4469.0,PN
OT-001648,PAR-002160,PN-EQ-06,2026-10-23,Correctiva,8.0,1,Motor eléctrico,3383.0,PN
OT-001649,PAR-002163,PN-EQ-06,2026-10-25,Correctiva,0.8,2,Rodamiento,6258.0,PN
OT-001650,PAR-002165,PN-EQ-06,2026-10-26,Correctiva,10.0,2,Revestimiento (liner),7247.0,PN
OT-001651,PAR-002166,PN-EQ-06,2026-10-29,Preventiva,3.9,1,Faja/correa,708.0,PN
OT-001652,PAR-002168,PN-EQ-06,2026-10-29,Correctiva,13.6,1,Motor eléctrico,4613.0,PN
OT-001653,PAR-002169,PN-EQ-06,2026-11-04,Correctiva,18.0,2,Motor eléctrico,6901.0,PN
OT-001654,PAR-002170,PN-EQ-06,2026-11-05,Correctiva,9.9,2,Ninguno (solo mano de obra),352.0,PN
OT-001655,PAR-002171,PN-EQ-06,2026-11-07,Correctiva,2.6,1,Ninguno (solo mano de obra),4037.0,PN
OT-001656,PAR-002173,PN-EQ-06,2026-11-16,Correctiva,5.1,2,Motor eléctrico,6021.0,PN
OT-001657,PAR-002174,PN-EQ-06,2026-11-19,Correctiva,9.2,2,Ninguno (solo mano de obra),4500.0,PN
OT-001658,PAR-002175,PN-EQ-06,2026-11-20,Preventiva,9.9,2,Sensor/instrumento,1593.0,PN
OT-001659,PAR-002178,PN-EQ-06,2026-12-06,Preventiva,8.3,3,Rodamiento,1067.0,PN
OT-001660,PAR-002179,PN-EQ-06,2026-12-12,Correctiva,1.6,3,Rodamiento,6852.0,PN
OT-001661,PAR-002180,PN-EQ-06,2026-12-15,Correctiva,23.1,2,Faja/correa,1252.0,PN
OT-001662,PAR-002182,PN-EQ-06,2026-12-22,Preventiva,6.6,2,Revestimiento (liner),1255.0,PN
OT-001663,PAR-002183,PN-EQ-06,2026-12-22,Correctiva,17.1,1,Ninguno (solo mano de obra),527.0,PN
OT-001664,PAR-002184,PN-EQ-06,2026-12-27,Correctiva,29.1,2,Motor eléctrico,2806.0,PN
OT-001665,PAR-002185,PN-EQ-06,2026-12-28,Correctiva,1.2,3,Ninguno (solo mano de obra),1401.0,PN
OT-001666,PAR-002186,PN-EQ-06,2027-01-11,Preventiva,8.4,1,Revestimiento (liner),200.0,PN
OT-001667,PAR-002187,PN-EQ-06,2027-01-16,Correctiva,22.6,2,Motor eléctrico,7879.0,PN
OT-001668,PAR-002188,PN-EQ-06,2027-01-27,Preventiva,6.1,1,Rodamiento,1893.0,PN
OT-001669,PAR-002189,PN-EQ-06,2027-01-28,Correctiva,6.0,1,Revestimiento (liner),3488.0,PN
OT-001670,PAR-002190,PN-EQ-06,2027-02-08,Correctiva,9.4,1,Faja/correa,6713.0,PN
OT-001671,PAR-002191,PN-EQ-06,2027-02-10,Preventiva,8.6,3,Sello mecánico,1248.0,PN
OT-001672,PAR-002192,PN-EQ-06,2027-02-14,Correctiva,0.7,1,Motor eléctrico,1610.0,PN
OT-001673,PAR-002194,PN-EQ-06,2027-02-23,Correctiva,0.5,2,Ninguno (solo mano de obra),7197.0,PN
OT-001674,PAR-002195,PN-EQ-06,2027-02-26,Correctiva,7.8,1,Sensor/instrumento,5155.0,PN
OT-001675,PAR-002196,PN-EQ-06,2027-02-28,Preventiva,4.4,3,Sensor/instrumento,1613.0,PN
OT-001676,PAR-002197,PN-EQ-06,2027-03-01,Correctiva,12.3,2,Motor eléctrico,7913.0,PN
OT-001677,PAR-002199,PN-EQ-06,2027-03-04,Correctiva,2.9,2,Faja/correa,3997.0,PN
OT-001678,PAR-002200,PN-EQ-06,2027-03-08,Correctiva,3.3,1,Ninguno (solo mano de obra),549.0,PN
OT-001679,PAR-002201,PN-EQ-06,2027-03-10,Correctiva,0.4,3,Faja/correa,7073.0,PN
OT-001680,PAR-002202,PN-EQ-06,2027-03-19,Preventiva,8.0,2,Faja/correa,1827.0,PN
OT-001681,PAR-002203,PN-EQ-06,2027-03-27,Correctiva,16.7,3,Motor eléctrico,5907.0,PN
OT-001682,PAR-002206,PN-EQ-06,2027-04-01,Correctiva,5.8,2,Motor eléctrico,2755.0,PN
OT-001683,PAR-002207,PN-EQ-06,2027-04-04,Correctiva,9.1,2,Revestimiento (liner),5716.0,PN
OT-001684,PAR-002208,PN-EQ-06,2027-04-10,Preventiva,6.0,3,Ninguno (solo mano de obra),2186.0,PN
OT-001685,PAR-002210,PN-EQ-06,2027-04-11,Correctiva,4.9,2,Sensor/instrumento,966.0,PN
OT-001686,PAR-002213,PN-EQ-06,2027-04-18,Correctiva,1.5,3,Faja/correa,6150.0,PN
OT-001687,PAR-002214,PN-EQ-06,2027-04-25,Preventiva,10.3,3,Revestimiento (liner),1867.0,PN
OT-001688,PAR-002215,PN-EQ-06,2027-04-27,Correctiva,9.5,3,Sensor/instrumento,6564.0,PN
OT-001689,PAR-002217,PN-EQ-06,2027-05-13,Correctiva,4.1,1,Rodamiento,4492.0,PN
OT-001690,PAR-002219,PN-EQ-06,2027-05-17,Preventiva,3.4,3,Faja/correa,1143.0,PN
OT-001691,PAR-002221,PN-EQ-06,2027-05-28,Correctiva,10.6,3,Ninguno (solo mano de obra),7712.0,PN
OT-001692,PAR-002223,PN-EQ-06,2027-06-04,Preventiva,4.9,3,Ninguno (solo mano de obra),55.0,PN
OT-001693,PAR-002224,PN-EQ-06,2027-06-14,Correctiva,19.5,1,Revestimiento (liner),5285.0,PN
OT-001694,PAR-002225,PN-EQ-06,2027-06-22,Preventiva,7.8,3,Sello mecánico,621.0,PN
OT-001695,PAR-002226,PN-EQ-06,2027-06-25,Correctiva,1.1,2,Faja/correa,7037.0,PN
OT-001696,PAR-002227,PN-EQ-06,2027-06-30,Correctiva,0.4,3,Revestimiento (liner),5855.0,PN
OT-001697,PAR-002228,PN-EQ-06,2027-07-07,Correctiva,4.0,2,Revestimiento (liner),2027.0,PN
OT-001698,PAR-002229,PN-EQ-06,2027-07-10,Correctiva,26.6,3,Rodamiento,1827.0,PN
OT-001699,PAR-002231,PN-EQ-06,2027-07-12,Preventiva,6.4,1,Rodamiento,1213.0,PN
OT-001700,PAR-002233,PN-EQ-06,2027-07-19,Correctiva,13.5,3,Sello mecánico,5548.0,PN
OT-001701,PAR-002234,PN-EQ-06,2027-07-22,Correctiva,7.6,3,Rodamiento,4137.0,PN
OT-001702,PAR-002235,PN-EQ-06,2027-07-24,Correctiva,17.2,3,Sensor/instrumento,1659.0,PN
OT-001703,PAR-002236,PN-EQ-06,2027-07-28,Correctiva,5.2,1,Faja/correa,7668.0,PN
OT-001704,PAR-002237,PN-EQ-06,2027-07-30,Preventiva,7.5,2,Rodamiento,1995.0,PN
OT-001705,PAR-002238,PN-EQ-06,2027-07-30,Correctiva,13.3,1,indeterminado,5211.0,PN
OT-001706,PAR-002239,PN-EQ-06,2027-08-05,Correctiva,0.6,1,Motor eléctrico,2496.0,PN
OT-001707,PAR-002240,PN-EQ-06,2027-08-08,Correctiva,12.0,1,Sensor/instrumento,5666.0,PN
OT-001708,PAR-002241,PN-EQ-06,2027-08-10,Correctiva,23.0,1,Faja/correa,3610.0,PN
OT-001709,PAR-002242,PN-EQ-06,2027-08-12,Correctiva,7.7,3,indeterminado,7166.0,PN
OT-001710,PAR-002243,PN-EQ-06,2027-08-18,Correctiva,0.4,2,Ninguno (solo mano de obra),7479.0,PN
OT-001711,PAR-002244,PN-EQ-06,2027-08-21,Preventiva,7.2,1,Faja/correa,1161.0,PN
OT-001712,PAR-002246,PN-EQ-06,2027-09-10,Preventiva,5.1,2,Sensor/instrumento,1167.0,PN
OT-001713,PAR-002247,PN-EQ-06,2027-09-11,Correctiva,2.5,1,Ninguno (solo mano de obra),365.0,PN
OT-001714,PAR-002249,PN-EQ-06,2027-09-28,Preventiva,11.3,1,Motor eléctrico,1433.0,PN
OT-001715,PAR-002250,PN-EQ-06,2027-09-30,Correctiva,4.7,3,Faja/correa,6245.0,PN
OT-001716,PAR-002251,PN-EQ-06,2027-10-03,Correctiva,2.1,1,Ninguno (solo mano de obra),6527.0,PN
OT-001717,PAR-002253,PN-EQ-06,2027-10-20,Preventiva,8.9,2,Motor eléctrico,789.0,PN
OT-001718,PAR-002254,PN-EQ-06,2027-11-05,Preventiva,6.2,2,Ninguno (solo mano de obra),1602.0,PN
OT-001719,PAR-002255,PN-EQ-06,2027-11-08,Correctiva,8.8,2,Ninguno (solo mano de obra),3683.0,PN
OT-001720,PAR-002258,PN-EQ-06,2027-11-18,Correctiva,2.8,2,Ninguno (solo mano de obra),4374.0,PN
OT-001721,PAR-002259,PN-EQ-06,2027-11-19,Correctiva,11.4,1,Sensor/instrumento,5749.0,PN
OT-001722,PAR-002260,PN-EQ-06,2027-11-21,Correctiva,3.6,1,Sensor/instrumento,7559.0,PN
OT-001723,PAR-002261,PN-EQ-06,2027-11-23,Preventiva,6.8,2,Revestimiento (liner),770.0,PN
OT-001724,PAR-002263,PN-EQ-06,2027-11-30,Correctiva,11.9,2,Motor eléctrico,191.0,PN
OT-001725,PAR-002264,PN-EQ-06,2027-12-03,Correctiva,6.3,1,Sello mecánico,1315.0,PN
OT-001726,PAR-002265,PN-EQ-06,2027-12-09,Preventiva,6.4,3,Sello mecánico,1902.0,PN
OT-001727,PAR-002266,PN-EQ-06,2027-12-09,Correctiva,1.6,2,Rodamiento,7030.0,PN
OT-001728,PAR-002268,PN-EQ-06,2027-12-13,Correctiva,31.0,1,Faja/correa,2733.0,PN
OT-001729,PAR-002269,PN-EQ-06,2027-12-27,Preventiva,6.1,3,Motor eléctrico,2274.0,PN
OT-001730,PAR-002270,PN-EQ-07,2024-01-14,Preventiva,4.6,2,Faja/correa,1991.0,PN
OT-001731,PAR-002271,PN-EQ-07,2024-01-29,Preventiva,8.2,3,Ninguno (solo mano de obra),687.0,PN
OT-001732,PAR-002272,PN-EQ-07,2024-02-13,Preventiva,4.5,3,Revestimiento (liner),1706.0,PN
OT-001733,PAR-002274,PN-EQ-07,2024-02-15,Correctiva,2.3,3,Motor eléctrico,5151.0,PN
OT-001734,PAR-002275,PN-EQ-07,2024-02-20,Correctiva,10.0,2,Motor eléctrico,6749.0,PN
OT-001735,PAR-002278,PN-EQ-07,2024-02-28,Preventiva,7.5,3,Rodamiento,295.0,PN
OT-001736,PAR-002279,PN-EQ-07,2024-03-04,Correctiva,1.9,1,Sello mecánico,4186.0,PN
OT-001737,PAR-002280,PN-EQ-07,2024-03-06,Correctiva,3.7,2,Rodamiento,5313.0,PN
OT-001738,PAR-002281,PN-EQ-07,2024-03-13,Preventiva,6.3,3,Faja/correa,2331.0,PN
OT-001739,PAR-002283,PN-EQ-07,2024-03-28,Preventiva,4.8,2,Ninguno (solo mano de obra),828.0,PN
OT-001740,PAR-002285,PN-EQ-07,2024-04-06,Correctiva,3.3,2,Rodamiento,3354.0,PN
OT-001741,PAR-002286,PN-EQ-07,2024-04-11,Preventiva,4.7,1,Rodamiento,156.0,PN
OT-001742,PAR-002288,PN-EQ-07,2024-04-16,Correctiva,7.5,1,Faja/correa,6349.0,PN
OT-001743,PAR-002289,PN-EQ-07,2024-04-17,Correctiva,8.9,1,Faja/correa,4809.0,PN
OT-001744,PAR-002290,PN-EQ-07,2024-04-27,Preventiva,6.7,3,Rodamiento,1773.0,PN
OT-001745,PAR-002291,PN-EQ-07,2024-04-29,Correctiva,6.9,3,Sello mecánico,5670.0,PN
OT-001746,PAR-002293,PN-EQ-07,2024-05-15,Preventiva,7.1,2,Sensor/instrumento,60.0,PN
OT-001747,PAR-002295,PN-EQ-07,2024-05-28,Correctiva,2.9,2,Faja/correa,5450.0,PN
OT-001748,PAR-002296,PN-EQ-07,2024-06-07,Preventiva,7.7,2,Rodamiento,304.0,PN
OT-001749,PAR-002297,PN-EQ-07,2024-06-26,Preventiva,9.6,2,Rodamiento,809.0,PN
OT-001750,PAR-002298,PN-EQ-07,2024-06-28,Correctiva,23.4,2,Sello mecánico,4979.0,PN
OT-001751,PAR-002299,PN-EQ-07,2024-07-01,Correctiva,5.1,2,Motor eléctrico,1878.0,PN
OT-001752,PAR-002300,PN-EQ-07,2024-07-06,Correctiva,10.5,2,Sensor/instrumento,5319.0,PN
OT-001753,PAR-002301,PN-EQ-07,2024-07-07,Correctiva,2.3,2,Ninguno (solo mano de obra),5530.0,PN
OT-001754,PAR-002302,PN-EQ-07,2024-07-15,Correctiva,1.3,1,Sensor/instrumento,3157.0,PN
OT-001755,PAR-002303,PN-EQ-07,2024-07-16,Preventiva,5.1,3,Sensor/instrumento,1653.0,PN
OT-001756,PAR-002304,PN-EQ-07,2024-07-17,Correctiva,1.9,2,Ninguno (solo mano de obra),3640.0,PN
OT-001757,PAR-002305,PN-EQ-07,2024-07-19,Correctiva,16.3,3,Revestimiento (liner),595.0,PN
OT-001758,PAR-002306,PN-EQ-07,2024-07-21,Correctiva,7.4,2,Sensor/instrumento,2731.0,PN
OT-001759,PAR-002308,PN-EQ-07,2024-08-05,Preventiva,8.7,3,Sello mecánico,403.0,PN
OT-001760,PAR-002309,PN-EQ-07,2024-08-14,Correctiva,3.7,2,Ninguno (solo mano de obra),5215.0,PN
OT-001761,PAR-002310,PN-EQ-07,2024-08-28,Preventiva,7.5,1,Faja/correa,1291.0,PN
OT-001762,PAR-002311,PN-EQ-07,2024-09-03,Correctiva,1.7,3,Faja/correa,2562.0,PN
OT-001763,PAR-002312,PN-EQ-07,2024-09-14,Preventiva,10.4,3,Revestimiento (liner),193.0,PN
OT-001764,PAR-002313,PN-EQ-07,2024-09-16,Correctiva,8.4,1,Sensor/instrumento,7979.0,PN
OT-001765,PAR-002315,PN-EQ-07,2024-09-27,Correctiva,0.8,3,Rodamiento,5802.0,PN
OT-001766,PAR-002316,PN-EQ-07,2024-09-29,Preventiva,8.4,1,Sello mecánico,2316.0,PN
OT-001767,PAR-002317,PN-EQ-07,2024-10-03,Correctiva,10.6,1,Motor eléctrico,1130.0,PN
OT-001768,PAR-002318,PN-EQ-07,2024-10-05,Correctiva,10.0,2,Sensor/instrumento,793.0,PN
OT-001769,PAR-002320,PN-EQ-07,2024-10-17,Preventiva,12.1,2,Sello mecánico,135.0,PN
OT-001770,PAR-002322,PN-EQ-07,2024-10-29,Correctiva,20.6,3,Sensor/instrumento,4366.0,PN
OT-001771,PAR-002323,PN-EQ-07,2024-11-04,Preventiva,5.8,1,Motor eléctrico,1363.0,PN
OT-001772,PAR-002325,PN-EQ-07,2024-11-06,Correctiva,7.1,1,Ninguno (solo mano de obra),3042.0,PN
OT-001773,PAR-002326,PN-EQ-07,2024-11-07,Correctiva,4.9,1,Sensor/instrumento,478.0,PN
OT-001774,PAR-002327,PN-EQ-07,2024-11-08,Correctiva,2.5,3,Motor eléctrico,1168.0,PN
OT-001775,PAR-002328,PN-EQ-07,2024-11-22,Preventiva,10.9,3,Revestimiento (liner),682.0,PN
OT-001776,PAR-002329,PN-EQ-07,2024-12-05,Correctiva,2.7,1,Sensor/instrumento,2422.0,PN
OT-001777,PAR-002330,PN-EQ-07,2024-12-06,Preventiva,10.1,3,Revestimiento (liner),1135.0,PN
OT-001778,PAR-002331,PN-EQ-07,2024-12-20,Correctiva,7.2,1,Sensor/instrumento,4859.0,PN
OT-001779,PAR-002332,PN-EQ-07,2024-12-24,Preventiva,8.9,3,Motor eléctrico,909.0,PN
OT-001780,PAR-002333,PN-EQ-07,2024-12-27,Correctiva,4.2,2,Sensor/instrumento,5341.0,PN
OT-001781,PAR-002335,PN-EQ-07,2025-01-16,Preventiva,8.6,2,Faja/correa,989.0,PN
OT-001782,PAR-002337,PN-EQ-07,2025-01-20,Correctiva,3.5,2,Motor eléctrico,5344.0,PN
OT-001783,PAR-002340,PN-EQ-07,2025-02-01,Correctiva,5.6,3,Motor eléctrico,4664.0,PN
OT-001784,PAR-002341,PN-EQ-07,2025-02-05,Preventiva,5.2,2,Ninguno (solo mano de obra),2386.0,PN
OT-001785,PAR-002343,PN-EQ-07,2025-02-06,Correctiva,0.5,3,Ninguno (solo mano de obra),7718.0,PN
OT-001786,PAR-002344,PN-EQ-07,2025-02-15,Correctiva,1.0,1,Ninguno (solo mano de obra),7544.0,PN
OT-001787,PAR-002347,PN-EQ-07,2025-02-27,Preventiva,8.9,3,Rodamiento,1487.0,PN
OT-001788,PAR-002348,PN-EQ-07,2025-03-14,Correctiva,8.1,1,Sensor/instrumento,5043.0,PN
OT-001789,PAR-002350,PN-EQ-07,2025-03-16,Preventiva,5.2,2,Rodamiento,2026.0,PN
OT-001790,PAR-002351,PN-EQ-07,2025-03-27,Correctiva,0.4,2,Motor eléctrico,4670.0,PN
OT-001791,PAR-002352,PN-EQ-07,2025-03-31,Preventiva,13.5,2,Ninguno (solo mano de obra),685.0,PN
OT-001792,PAR-002353,PN-EQ-07,2025-04-05,Correctiva,0.9,1,Sensor/instrumento,6534.0,PN
OT-001793,PAR-002354,PN-EQ-07,2025-04-19,Correctiva,9.4,3,Motor eléctrico,7052.0,PN
OT-001794,PAR-002355,PN-EQ-07,2025-04-23,Preventiva,6.5,1,Rodamiento,953.0,PN
OT-001795,PAR-002356,PN-EQ-07,2025-05-12,Preventiva,10.0,2,Revestimiento (liner),63.0,PN
OT-001796,PAR-002359,PN-EQ-07,2025-05-28,Preventiva,8.2,2,Sensor/instrumento,1500.0,PN
OT-001797,PAR-002360,PN-EQ-07,2025-06-04,Correctiva,1.5,2,Sello mecánico,7658.0,PN
OT-001798,PAR-002362,PN-EQ-07,2025-06-16,Preventiva,8.4,2,Sello mecánico,2380.0,PN
OT-001799,PAR-002364,PN-EQ-07,2025-06-28,Correctiva,0.6,1,Sensor/instrumento,4758.0,PN
OT-001800,PAR-002365,PN-EQ-07,2025-07-08,Preventiva,11.4,2,Sello mecánico,428.0,PN
OT-001801,PAR-002368,PN-EQ-07,2025-07-27,Correctiva,0.7,2,Revestimiento (liner),774.0,PN
OT-001802,PAR-002369,PN-EQ-07,2025-07-31,Preventiva,8.6,3,Revestimiento (liner),1517.0,PN
OT-001803,PAR-002371,PN-EQ-07,2025-08-03,Correctiva,1.4,3,Faja/correa,1266.0,PN
OT-001804,PAR-002374,PN-EQ-07,2025-08-23,Preventiva,8.1,2,Sello mecánico,1618.0,PN
OT-001805,PAR-002375,PN-EQ-07,2025-08-24,Correctiva,22.3,3,Faja/correa,7650.0,PN
OT-001806,PAR-002378,PN-EQ-07,2025-09-10,Preventiva,7.2,1,Motor eléctrico,1548.0,PN
OT-001807,PAR-002379,PN-EQ-07,2025-09-23,Correctiva,15.8,3,indeterminado,6633.0,PN
OT-001808,PAR-002380,PN-EQ-07,2025-09-24,Preventiva,6.8,1,Sensor/instrumento,1999.0,PN
OT-001809,PAR-002381,PN-EQ-07,2025-09-28,Correctiva,2.7,2,Sensor/instrumento,6577.0,PN
OT-001810,PAR-002382,PN-EQ-07,2025-10-04,Correctiva,14.6,2,Sello mecánico,242.0,PN
OT-001811,PAR-002384,PN-EQ-07,2025-10-17,Preventiva,10.1,3,Motor eléctrico,533.0,PN
OT-001812,PAR-002385,PN-EQ-07,2025-10-18,Correctiva,1.0,3,Sensor/instrumento,1190.0,PN
OT-001813,PAR-002387,PN-EQ-07,2025-10-31,Preventiva,4.4,1,Sello mecánico,1736.0,PN
OT-001814,PAR-002389,PN-EQ-07,2025-11-15,Preventiva,12.7,2,Sello mecánico,745.0,PN
OT-001815,PAR-002390,PN-EQ-07,2025-11-27,Correctiva,11.1,1,Revestimiento (liner),3601.0,PN
OT-001816,PAR-002391,PN-EQ-07,2025-12-02,Preventiva,7.4,2,Sello mecánico,1567.0,PN
OT-001817,PAR-002394,PN-EQ-07,2025-12-15,Correctiva,3.1,2,Motor eléctrico,4180.0,PN
OT-001818,PAR-002395,PN-EQ-07,2025-12-22,Correctiva,0.8,1,Rodamiento,513.0,PN
OT-001819,PAR-002396,PN-EQ-07,2025-12-23,Preventiva,12.3,3,Revestimiento (liner),2002.0,PN
OT-001820,PAR-002398,PN-EQ-07,2025-12-24,Correctiva,3.5,3,Motor eléctrico,4301.0,PN
OT-001821,PAR-002399,PN-EQ-07,2025-12-31,Correctiva,7.3,3,Sensor/instrumento,7719.0,PN
OT-001822,PAR-002401,PN-EQ-07,2026-01-04,Correctiva,3.8,3,Revestimiento (liner),5948.0,PN
OT-001823,PAR-002402,PN-EQ-07,2026-01-12,Preventiva,4.9,1,Faja/correa,273.0,PN
OT-001824,PAR-002404,PN-EQ-07,2026-02-04,Preventiva,7.2,2,Revestimiento (liner),2470.0,PN
OT-001825,PAR-002406,PN-EQ-07,2026-02-13,Correctiva,7.6,1,Sensor/instrumento,6865.0,PN
OT-001826,PAR-002407,PN-EQ-07,2026-02-18,Preventiva,5.4,3,Sello mecánico,1524.0,PN
OT-001827,PAR-002408,PN-EQ-07,2026-02-21,Correctiva,2.0,3,Faja/correa,236.0,PN
OT-001828,PAR-002409,PN-EQ-07,2026-02-24,Correctiva,5.8,3,Rodamiento,4121.0,PN
OT-001829,PAR-002410,PN-EQ-07,2026-02-26,Correctiva,2.5,1,Motor eléctrico,437.0,PN
OT-001830,PAR-002411,PN-EQ-07,2026-03-09,Correctiva,5.9,1,Motor eléctrico,7167.0,PN
OT-001831,PAR-002413,PN-EQ-07,2026-03-12,Preventiva,6.4,3,Ninguno (solo mano de obra),1142.0,PN
OT-001832,PAR-002414,PN-EQ-07,2026-03-16,Correctiva,1.7,2,Ninguno (solo mano de obra),7805.0,PN
OT-001833,PAR-002415,PN-EQ-07,2026-03-29,Preventiva,8.3,3,Sello mecánico,1436.0,PN
OT-001834,PAR-002416,PN-EQ-07,2026-04-02,Correctiva,0.7,1,Motor eléctrico,50.0,PN
OT-001835,PAR-002417,PN-EQ-07,2026-04-04,Correctiva,2.1,3,Ninguno (solo mano de obra),4431.0,PN
OT-001836,PAR-002419,PN-EQ-07,2026-04-14,Preventiva,8.4,3,Rodamiento,141.0,PN
OT-001837,PAR-002421,PN-EQ-07,2026-04-18,Correctiva,2.0,1,Sensor/instrumento,221.0,PN
OT-001838,PAR-002423,PN-EQ-07,2026-04-24,Correctiva,12.9,2,Motor eléctrico,7135.0,PN
OT-001839,PAR-002424,PN-EQ-07,2026-05-01,Correctiva,3.7,2,Faja/correa,4095.0,PN
OT-001840,PAR-002425,PN-EQ-07,2026-05-04,Preventiva,10.0,2,Ninguno (solo mano de obra),258.0,PN
OT-001841,PAR-002428,PN-EQ-07,2026-05-25,Preventiva,7.2,3,Sensor/instrumento,1027.0,PN
OT-001842,PAR-002429,PN-EQ-07,2026-06-09,Preventiva,8.7,1,Faja/correa,2156.0,PN
OT-001843,PAR-002430,PN-EQ-07,2026-06-11,Correctiva,7.1,3,Rodamiento,4351.0,PN
OT-001844,PAR-002432,PN-EQ-07,2026-06-15,Correctiva,14.3,2,Motor eléctrico,330.0,PN
OT-001845,PAR-002433,PN-EQ-07,2026-06-18,Correctiva,8.4,3,Revestimiento (liner),1941.0,PN
OT-001846,PAR-002434,PN-EQ-07,2026-06-27,Preventiva,9.3,1,Revestimiento (liner),1601.0,PN
OT-001847,PAR-002435,PN-EQ-07,2026-07-06,Correctiva,0.7,3,Sensor/instrumento,1562.0,PN
OT-001848,PAR-002437,PN-EQ-07,2026-07-11,Correctiva,3.1,2,Sello mecánico,4316.0,PN
OT-001849,PAR-002438,PN-EQ-07,2026-07-18,Preventiva,8.0,3,Sello mecánico,2226.0,PN
OT-001850,PAR-002439,PN-EQ-07,2026-07-22,Correctiva,6.6,2,Sensor/instrumento,2155.0,PN
OT-001851,PAR-002440,PN-EQ-07,2026-08-03,Preventiva,8.7,3,Motor eléctrico,382.0,PN
OT-001852,PAR-002442,PN-EQ-07,2026-08-09,Correctiva,0.5,2,Sello mecánico,2011.0,PN
OT-001853,PAR-002443,PN-EQ-07,2026-08-11,Correctiva,9.6,1,indeterminado,663.0,PN
OT-001854,PAR-002444,PN-EQ-07,2026-08-16,Correctiva,24.5,2,Rodamiento,5500.0,PN
OT-001855,PAR-002446,PN-EQ-07,2026-08-21,Correctiva,2.3,2,Ninguno (solo mano de obra),277.0,PN
OT-001856,PAR-002447,PN-EQ-07,2026-08-22,Preventiva,9.3,2,Rodamiento,2390.0,PN
OT-001857,PAR-002450,PN-EQ-07,2026-09-02,Correctiva,1.2,1,Faja/correa,1763.0,PN
OT-001858,PAR-002452,PN-EQ-07,2026-09-09,Preventiva,5.6,2,Ninguno (solo mano de obra),996.0,PN
OT-001859,PAR-002453,PN-EQ-07,2026-09-12,Correctiva,4.2,1,Rodamiento,6976.0,PN
OT-001860,PAR-002455,PN-EQ-07,2026-09-17,Correctiva,15.9,1,Revestimiento (liner),1223.0,PN
OT-001861,PAR-002458,PN-EQ-07,2026-09-28,Preventiva,12.7,2,Sello mecánico,1956.0,PN
OT-001862,PAR-002461,PN-EQ-07,2026-10-17,Preventiva,13.2,1,Revestimiento (liner),571.0,PN
OT-001863,PAR-002462,PN-EQ-07,2026-10-20,Correctiva,14.3,1,Ninguno (solo mano de obra),3879.0,PN
OT-001864,PAR-002463,PN-EQ-07,2026-10-28,Correctiva,17.4,2,Sensor/instrumento,5380.0,PN
OT-001865,PAR-002464,PN-EQ-07,2026-11-01,Preventiva,5.2,3,Sello mecánico,2252.0,PN
OT-001866,PAR-002466,PN-EQ-07,2026-11-15,Correctiva,0.7,2,Motor eléctrico,3073.0,PN
OT-001867,PAR-002467,PN-EQ-07,2026-11-16,Correctiva,0.5,2,Ninguno (solo mano de obra),2138.0,PN
OT-001868,PAR-002468,PN-EQ-07,2026-11-18,Correctiva,12.1,3,Ninguno (solo mano de obra),1760.0,PN
OT-001869,PAR-002469,PN-EQ-07,2026-11-22,Preventiva,8.1,2,Rodamiento,1819.0,PN
OT-001870,PAR-002470,PN-EQ-07,2026-12-01,Correctiva,4.8,3,Motor eléctrico,1446.0,PN
OT-001871,PAR-002471,PN-EQ-07,2026-12-07,Correctiva,0.8,3,Ninguno (solo mano de obra),1540.0,PN
OT-001872,PAR-002472,PN-EQ-07,2026-12-11,Preventiva,7.2,3,Sello mecánico,2151.0,PN
OT-001873,PAR-002473,PN-EQ-07,2026-12-19,Correctiva,5.4,2,Faja/correa,2862.0,PN
OT-001874,PAR-002474,PN-EQ-07,2026-12-30,Preventiva,5.6,3,Sensor/instrumento,1028.0,PN
OT-001875,PAR-002475,PN-EQ-07,2027-01-01,Correctiva,11.6,2,Revestimiento (liner),4925.0,PN
OT-001876,PAR-002476,PN-EQ-07,2027-01-02,Correctiva,0.7,1,Sello mecánico,3918.0,PN
OT-001877,PAR-002477,PN-EQ-07,2027-01-12,Correctiva,4.3,1,Faja/correa,146.0,PN
OT-001878,PAR-002478,PN-EQ-07,2027-01-17,Preventiva,5.5,3,Ninguno (solo mano de obra),2426.0,PN
OT-001879,PAR-002481,PN-EQ-07,2027-01-31,Correctiva,0.8,3,Revestimiento (liner),7698.0,PN
OT-001880,PAR-002482,PN-EQ-07,2027-02-04,Preventiva,9.5,2,Sello mecánico,2465.0,PN
OT-001881,PAR-002483,PN-EQ-07,2027-02-04,Correctiva,6.0,2,Faja/correa,5541.0,PN
OT-001882,PAR-002484,PN-EQ-07,2027-02-08,Correctiva,1.8,2,Ninguno (solo mano de obra),5609.0,PN
OT-001883,PAR-002485,PN-EQ-07,2027-02-11,Correctiva,4.2,1,Rodamiento,978.0,PN
OT-001884,PAR-002486,PN-EQ-07,2027-02-13,Correctiva,5.4,2,indeterminado,6592.0,PN
OT-001885,PAR-002487,PN-EQ-07,2027-02-18,Correctiva,2.8,3,Sensor/instrumento,6192.0,PN
OT-001886,PAR-002488,PN-EQ-07,2027-02-23,Preventiva,4.9,1,Sensor/instrumento,1102.0,PN
OT-001887,PAR-002490,PN-EQ-07,2027-02-25,Correctiva,4.1,2,Faja/correa,452.0,PN
OT-001888,PAR-002491,PN-EQ-07,2027-03-12,Preventiva,9.8,2,Sensor/instrumento,1003.0,PN
OT-001889,PAR-002492,PN-EQ-07,2027-03-12,Correctiva,21.7,2,Motor eléctrico,60.0,PN
OT-001890,PAR-002493,PN-EQ-07,2027-03-15,Correctiva,0.6,2,indeterminado,5801.0,PN
OT-001891,PAR-002496,PN-EQ-07,2027-03-20,Correctiva,3.0,1,Motor eléctrico,6264.0,PN
OT-001892,PAR-002497,PN-EQ-07,2027-03-22,Correctiva,1.6,1,Sello mecánico,4590.0,PN
OT-001893,PAR-002498,PN-EQ-07,2027-03-25,Correctiva,5.9,3,Sensor/instrumento,296.0,PN
OT-001894,PAR-002499,PN-EQ-07,2027-03-27,Preventiva,7.1,2,Sensor/instrumento,2087.0,PN
OT-001895,PAR-002501,PN-EQ-07,2027-04-14,Preventiva,10.4,3,Revestimiento (liner),1428.0,PN
OT-001896,PAR-002502,PN-EQ-07,2027-04-17,Correctiva,2.7,2,Rodamiento,3319.0,PN
OT-001897,PAR-002503,PN-EQ-07,2027-04-24,Correctiva,1.9,3,Faja/correa,95.0,PN
OT-001898,PAR-002504,PN-EQ-07,2027-04-26,Correctiva,7.0,3,Rodamiento,1822.0,PN
OT-001899,PAR-002505,PN-EQ-07,2027-04-29,Correctiva,6.9,3,Sello mecánico,7600.0,PN
OT-001900,PAR-002506,PN-EQ-07,2027-05-06,Preventiva,7.7,3,Sello mecánico,564.0,PN
OT-001901,PAR-002507,PN-EQ-07,2027-05-22,Correctiva,0.7,3,Revestimiento (liner),3453.0,PN
OT-001902,PAR-002508,PN-EQ-07,2027-05-26,Preventiva,11.4,2,Revestimiento (liner),27.0,PN
OT-001903,PAR-002511,PN-EQ-07,2027-06-17,Correctiva,7.3,2,Rodamiento,5823.0,PN
OT-001904,PAR-002512,PN-EQ-07,2027-06-18,Preventiva,7.5,3,Sello mecánico,2020.0,PN
OT-001905,PAR-002514,PN-EQ-07,2027-07-04,Preventiva,11.5,1,Rodamiento,1445.0,PN
OT-001906,PAR-002515,PN-EQ-07,2027-07-15,Correctiva,2.3,1,Sello mecánico,3887.0,PN
OT-001907,PAR-002516,PN-EQ-07,2027-07-23,Preventiva,11.3,2,Ninguno (solo mano de obra),1958.0,PN
OT-001908,PAR-002519,PN-EQ-07,2027-07-30,Correctiva,10.8,2,Ninguno (solo mano de obra),3133.0,PN
OT-001909,PAR-002520,PN-EQ-07,2027-08-06,Preventiva,7.3,3,Revestimiento (liner),2442.0,PN
OT-001910,PAR-002522,PN-EQ-07,2027-08-16,Correctiva,0.4,1,Rodamiento,2632.0,PN
OT-001911,PAR-002524,PN-EQ-07,2027-08-27,Preventiva,9.2,2,Sensor/instrumento,1725.0,PN
OT-001912,PAR-002527,PN-EQ-07,2027-09-18,Correctiva,4.1,1,Sensor/instrumento,6287.0,PN
OT-001913,PAR-002528,PN-EQ-07,2027-09-19,Preventiva,7.4,2,Motor eléctrico,1005.0,PN
OT-001914,PAR-002530,PN-EQ-07,2027-09-29,Correctiva,7.3,2,Faja/correa,2492.0,PN
OT-001915,PAR-002531,PN-EQ-07,2027-09-30,Correctiva,1.9,2,Motor eléctrico,2364.0,PN
OT-001916,PAR-002535,PN-EQ-07,2027-10-12,Preventiva,8.4,3,Rodamiento,2017.0,PN
OT-001917,PAR-002536,PN-EQ-07,2027-10-21,Correctiva,2.3,2,Revestimiento (liner),1957.0,PN
OT-001918,PAR-002537,PN-EQ-07,2027-10-28,Preventiva,10.5,3,Rodamiento,249.0,PN
OT-001919,PAR-002538,PN-EQ-07,2027-11-03,Correctiva,10.1,2,Revestimiento (liner),1020.0,PN
OT-001920,PAR-002539,PN-EQ-07,2027-11-08,Correctiva,1.3,3,Sensor/instrumento,4652.0,PN
OT-001921,PAR-002540,PN-EQ-07,2027-11-11,Preventiva,5.4,3,Ninguno (solo mano de obra),1627.0,PN
OT-001922,PAR-002541,PN-EQ-07,2027-11-16,Correctiva,8.8,1,Rodamiento,3015.0,PN
OT-001923,PAR-002543,PN-EQ-07,2027-11-24,Correctiva,12.0,2,Revestimiento (liner),740.0,PN
OT-001924,PAR-002544,PN-EQ-07,2027-11-28,Preventiva,4.6,1,Rodamiento,661.0,PN
OT-001925,PAR-002545,PN-EQ-07,2027-12-05,Correctiva,3.5,2,Ninguno (solo mano de obra),7491.0,PN
OT-001926,PAR-002546,PN-EQ-07,2027-12-16,Correctiva,1.7,3,Sensor/instrumento,129.0,PN
OT-001927,PAR-002547,PN-EQ-07,2027-12-20,Preventiva,4.1,1,Motor eléctrico,1814.0,PN
OT-001928,PAR-002548,PN-EQ-07,2027-12-21,Correctiva,2.1,1,Faja/correa,7857.0,PN
OT-001929,PAR-002549,PN-EQ-07,2027-12-24,Correctiva,1.9,3,Rodamiento,3815.0,PN
OT-001930,PAR-002550,PN-EQ-07,2027-12-26,Correctiva,12.3,3,Sensor/instrumento,2166.0,PN
OT-001931,PAR-002551,PN-EQ-07,2027-12-27,Correctiva,0.5,3,Rodamiento,7290.0,PN
OT-001932,PAR-002552,PN-EQ-08,2024-01-09,Correctiva,1.2,2,Faja/correa,764.0,PN
OT-001933,PAR-002553,PN-EQ-08,2024-01-11,Correctiva,4.0,3,Motor eléctrico,5788.0,PN
OT-001934,PAR-002555,PN-EQ-08,2024-01-19,Correctiva,13.0,1,Ninguno (solo mano de obra),1153.0,PN
OT-001935,PAR-002556,PN-EQ-08,2024-01-21,Correctiva,1.6,2,Motor eléctrico,1293.0,PN
OT-001936,PAR-002557,PN-EQ-08,2024-01-23,Preventiva,7.8,2,Faja/correa,2342.0,PN
OT-001937,PAR-002559,PN-EQ-08,2024-02-08,Correctiva,9.1,3,Faja/correa,970.0,PN
OT-001938,PAR-002560,PN-EQ-08,2024-02-11,Preventiva,6.2,1,Motor eléctrico,252.0,PN
OT-001939,PAR-002563,PN-EQ-08,2024-03-05,Preventiva,8.6,1,Revestimiento (liner),387.0,PN
OT-001940,PAR-002564,PN-EQ-08,2024-03-09,Correctiva,12.0,2,Ninguno (solo mano de obra),3813.0,PN
OT-001941,PAR-002567,PN-EQ-08,2024-03-17,Correctiva,11.8,3,Sensor/instrumento,2320.0,PN
OT-001942,PAR-002569,PN-EQ-08,2024-03-28,Preventiva,6.3,2,Faja/correa,281.0,PN
OT-001943,PAR-002570,PN-EQ-08,2024-04-01,Correctiva,1.5,2,Faja/correa,7444.0,PN
OT-001944,PAR-002571,PN-EQ-08,2024-04-14,Preventiva,10.2,1,Rodamiento,1161.0,PN
OT-001945,PAR-002572,PN-EQ-08,2024-04-16,Correctiva,14.8,3,Motor eléctrico,361.0,PN
OT-001946,PAR-002573,PN-EQ-08,2024-04-17,Correctiva,11.0,3,Motor eléctrico,6661.0,PN
OT-001947,PAR-002575,PN-EQ-08,2024-04-26,Correctiva,21.3,1,Sensor/instrumento,4342.0,PN
OT-001948,PAR-002576,PN-EQ-08,2024-04-28,Preventiva,3.5,1,Motor eléctrico,1820.0,PN
OT-001949,PAR-002579,PN-EQ-08,2024-05-04,Correctiva,4.8,2,Rodamiento,6899.0,PN
OT-001950,PAR-002580,PN-EQ-08,2024-05-10,Correctiva,5.4,1,Ninguno (solo mano de obra),3190.0,PN
OT-001951,PAR-002581,PN-EQ-08,2024-05-14,Preventiva,7.5,2,Ninguno (solo mano de obra),143.0,PN
OT-001952,PAR-002583,PN-EQ-08,2024-05-18,Correctiva,4.5,2,Sello mecánico,6110.0,PN
OT-001953,PAR-002584,PN-EQ-08,2024-05-30,Preventiva,6.6,3,Revestimiento (liner),1713.0,PN
OT-001954,PAR-002585,PN-EQ-08,2024-05-30,Correctiva,5.8,3,Faja/correa,2373.0,PN
OT-001955,PAR-002586,PN-EQ-08,2024-06-08,Correctiva,1.5,2,Sensor/instrumento,4464.0,PN
OT-001956,PAR-002587,PN-EQ-08,2024-06-12,Correctiva,1.0,3,Motor eléctrico,7506.0,PN
OT-001957,PAR-002588,PN-EQ-08,2024-06-15,Correctiva,8.8,3,Rodamiento,1810.0,PN
OT-001958,PAR-002589,PN-EQ-08,2024-06-21,Preventiva,8.6,2,Sensor/instrumento,1950.0,PN
OT-001959,PAR-002591,PN-EQ-08,2024-07-12,Preventiva,8.5,2,Motor eléctrico,2457.0,PN
OT-001960,PAR-002592,PN-EQ-08,2024-07-13,Correctiva,20.3,3,Motor eléctrico,6323.0,PN
OT-001961,PAR-002593,PN-EQ-08,2024-07-15,Correctiva,6.1,1,indeterminado,3563.0,PN
OT-001962,PAR-002594,PN-EQ-08,2024-07-19,Correctiva,10.5,3,Sello mecánico,1985.0,PN
OT-001963,PAR-002595,PN-EQ-08,2024-07-21,Correctiva,1.6,2,Sello mecánico,2135.0,PN
OT-001964,PAR-002596,PN-EQ-08,2024-07-28,Correctiva,11.1,1,Sensor/instrumento,2701.0,PN
OT-001965,PAR-002598,PN-EQ-08,2024-08-03,Preventiva,8.3,3,Sensor/instrumento,1366.0,PN
OT-001966,PAR-002599,PN-EQ-08,2024-08-09,Correctiva,2.1,1,Sensor/instrumento,2342.0,PN
OT-001967,PAR-002601,PN-EQ-08,2024-08-22,Preventiva,10.0,2,Revestimiento (liner),1943.0,PN
OT-001968,PAR-002604,PN-EQ-08,2024-09-05,Preventiva,5.6,1,Sello mecánico,2190.0,PN
OT-001969,PAR-002605,PN-EQ-08,2024-09-05,Correctiva,1.9,2,Sensor/instrumento,7002.0,PN
OT-001970,PAR-002606,PN-EQ-08,2024-09-06,Correctiva,9.1,1,Sensor/instrumento,2568.0,PN
OT-001971,PAR-002607,PN-EQ-08,2024-09-09,Correctiva,3.8,3,Motor eléctrico,5194.0,PN
OT-001972,PAR-002609,PN-EQ-08,2024-09-21,Preventiva,3.9,3,Sensor/instrumento,120.0,PN
OT-001973,PAR-002610,PN-EQ-08,2024-09-23,Correctiva,13.3,2,Rodamiento,3583.0,PN
OT-001974,PAR-002611,PN-EQ-08,2024-09-27,Correctiva,4.4,2,Rodamiento,6650.0,PN
OT-001975,PAR-002612,PN-EQ-08,2024-09-30,Correctiva,0.5,2,Ninguno (solo mano de obra),382.0,PN
OT-001976,PAR-002613,PN-EQ-08,2024-10-04,Correctiva,23.4,1,Faja/correa,696.0,PN
OT-001977,PAR-002614,PN-EQ-08,2024-10-14,Preventiva,10.9,3,Revestimiento (liner),441.0,PN
OT-001978,PAR-002616,PN-EQ-08,2024-10-25,Correctiva,13.2,3,Faja/correa,7538.0,PN
OT-001979,PAR-002617,PN-EQ-08,2024-10-27,Correctiva,6.5,2,Rodamiento,6834.0,PN
OT-001980,PAR-002618,PN-EQ-08,2024-11-01,Preventiva,8.2,3,Faja/correa,1688.0,PN
OT-001981,PAR-002619,PN-EQ-08,2024-11-02,Correctiva,4.9,3,Revestimiento (liner),1800.0,PN
OT-001982,PAR-002622,PN-EQ-08,2024-11-18,Correctiva,9.2,3,Revestimiento (liner),4326.0,PN
OT-001983,PAR-002623,PN-EQ-08,2024-11-19,Preventiva,6.9,3,Faja/correa,890.0,PN
OT-001984,PAR-002624,PN-EQ-08,2024-11-20,Correctiva,5.1,1,Sensor/instrumento,1560.0,PN
OT-001985,PAR-002625,PN-EQ-08,2024-11-29,Correctiva,2.8,2,Sensor/instrumento,1818.0,PN
OT-001986,PAR-002626,PN-EQ-08,2024-12-02,Correctiva,1.3,1,Rodamiento,591.0,PN
OT-001987,PAR-002627,PN-EQ-08,2024-12-04,Correctiva,3.7,3,Faja/correa,2285.0,PN
OT-001988,PAR-002628,PN-EQ-08,2024-12-10,Preventiva,13.9,1,Sello mecánico,1701.0,PN
OT-001989,PAR-002630,PN-EQ-08,2024-12-27,Correctiva,14.6,1,Sello mecánico,1581.0,PN
OT-001990,PAR-002632,PN-EQ-08,2025-01-02,Preventiva,6.5,2,Faja/correa,1611.0,PN
OT-001991,PAR-002634,PN-EQ-08,2025-01-07,Correctiva,21.5,3,Faja/correa,7753.0,PN
OT-001992,PAR-002635,PN-EQ-08,2025-01-11,Correctiva,19.7,3,Revestimiento (liner),2850.0,PN
OT-001993,PAR-002636,PN-EQ-08,2025-01-19,Preventiva,11.5,2,Ninguno (solo mano de obra),376.0,PN
OT-001994,PAR-002637,PN-EQ-08,2025-01-22,Correctiva,5.6,3,Sello mecánico,243.0,PN
OT-001995,PAR-002639,PN-EQ-08,2025-02-02,Correctiva,4.8,2,Faja/correa,2435.0,PN
OT-001996,PAR-002640,PN-EQ-08,2025-02-03,Correctiva,0.8,2,Revestimiento (liner),7915.0,PN
OT-001997,PAR-002641,PN-EQ-08,2025-02-06,Correctiva,21.9,1,Faja/correa,6086.0,PN
OT-001998,PAR-002642,PN-EQ-08,2025-02-09,Preventiva,6.4,3,Sensor/instrumento,662.0,PN
OT-001999,PAR-002644,PN-EQ-08,2025-02-21,Correctiva,0.8,3,Faja/correa,5220.0,PN
OT-002000,PAR-002645,PN-EQ-08,2025-02-26,Correctiva,8.5,2,Sello mecánico,24.0,PN
OT-002001,PAR-002646,PN-EQ-08,2025-02-27,Preventiva,6.1,2,Sensor/instrumento,2302.0,PN
OT-002002,PAR-002647,PN-EQ-08,2025-02-27,Correctiva,2.2,1,Ninguno (solo mano de obra),699.0,PN
OT-002003,PAR-002648,PN-EQ-08,2025-03-16,Correctiva,2.7,1,Faja/correa,1541.0,PN
OT-002004,PAR-002649,PN-EQ-08,2025-03-17,Correctiva,3.7,1,Motor eléctrico,782.0,PN
OT-002005,PAR-002650,PN-EQ-08,2025-03-19,Correctiva,18.8,1,Faja/correa,6271.0,PN
OT-002006,PAR-002651,PN-EQ-08,2025-03-21,Preventiva,5.6,3,Motor eléctrico,1025.0,PN
OT-002007,PAR-002652,PN-EQ-08,2025-03-29,Correctiva,5.4,3,Faja/correa,2938.0,PN
OT-002008,PAR-002653,PN-EQ-08,2025-04-07,Preventiva,6.0,2,Ninguno (solo mano de obra),975.0,PN
OT-002009,PAR-002655,PN-EQ-08,2025-04-18,Correctiva,2.2,3,Sensor/instrumento,6290.0,PN
OT-002010,PAR-002657,PN-EQ-08,2025-04-24,Preventiva,6.7,2,Ninguno (solo mano de obra),1574.0,PN
OT-002011,PAR-002659,PN-EQ-08,2025-04-30,Correctiva,14.7,2,Revestimiento (liner),2351.0,PN
OT-002012,PAR-002660,PN-EQ-08,2025-05-05,Correctiva,4.2,3,Sello mecánico,5274.0,PN
OT-002013,PAR-002661,PN-EQ-08,2025-05-17,Preventiva,6.3,1,Rodamiento,1796.0,PN
OT-002014,PAR-002662,PN-EQ-08,2025-05-24,Correctiva,4.7,1,Ninguno (solo mano de obra),2615.0,PN
OT-002015,PAR-002664,PN-EQ-08,2025-06-01,Correctiva,2.8,2,Ninguno (solo mano de obra),1722.0,PN
OT-002016,PAR-002665,PN-EQ-08,2025-06-02,Correctiva,2.0,3,Sello mecánico,5015.0,PN
OT-002017,PAR-002666,PN-EQ-08,2025-06-06,Preventiva,10.4,2,Sensor/instrumento,1888.0,PN
OT-002018,PAR-002667,PN-EQ-08,2025-06-07,Correctiva,6.5,2,Revestimiento (liner),536.0,PN
OT-002019,PAR-002670,PN-EQ-08,2025-06-18,Correctiva,3.6,1,Rodamiento,2177.0,PN
OT-002020,PAR-002671,PN-EQ-08,2025-06-19,Correctiva,8.8,3,Ninguno (solo mano de obra),5600.0,PN
OT-002021,PAR-002672,PN-EQ-08,2025-06-22,Correctiva,11.3,2,Motor eléctrico,6680.0,PN
OT-002022,PAR-002674,PN-EQ-08,2025-06-24,Preventiva,4.9,3,Faja/correa,1130.0,PN
OT-002023,PAR-002675,PN-EQ-08,2025-06-24,Correctiva,25.9,2,Revestimiento (liner),336.0,PN
OT-002024,PAR-002676,PN-EQ-08,2025-07-03,Correctiva,3.2,1,Sello mecánico,1094.0,PN
OT-002025,PAR-002677,PN-EQ-08,2025-07-09,Correctiva,10.9,3,Sensor/instrumento,6195.0,PN
OT-002026,PAR-002679,PN-EQ-08,2025-07-17,Preventiva,6.6,1,Sensor/instrumento,1745.0,PN
OT-002027,PAR-002680,PN-EQ-08,2025-07-18,Correctiva,12.6,1,Sello mecánico,6988.0,PN
OT-002028,PAR-002681,PN-EQ-08,2025-07-21,Correctiva,0.8,3,Motor eléctrico,4694.0,PN
OT-002029,PAR-002682,PN-EQ-08,2025-07-23,Correctiva,5.9,2,Sensor/instrumento,831.0,PN
OT-002030,PAR-002683,PN-EQ-08,2025-07-25,Correctiva,7.0,3,Sensor/instrumento,920.0,PN
OT-002031,PAR-002684,PN-EQ-08,2025-08-07,Preventiva,10.3,1,Motor eléctrico,1019.0,PN
OT-002032,PAR-002685,PN-EQ-08,2025-08-07,Correctiva,0.4,1,Rodamiento,1029.0,PN
OT-002033,PAR-002687,PN-EQ-08,2025-08-18,Correctiva,1.5,1,Ninguno (solo mano de obra),7047.0,PN
OT-002034,PAR-002689,PN-EQ-08,2025-08-23,Preventiva,5.7,1,Revestimiento (liner),1680.0,PN
OT-002035,PAR-002690,PN-EQ-08,2025-08-24,Correctiva,8.0,3,Sello mecánico,3954.0,PN
OT-002036,PAR-002691,PN-EQ-08,2025-08-27,Correctiva,19.2,1,Faja/correa,2068.0,PN
OT-002037,PAR-002692,PN-EQ-08,2025-08-30,Correctiva,9.5,1,Sello mecánico,5802.0,PN
OT-002038,PAR-002693,PN-EQ-08,2025-08-31,Correctiva,0.9,1,Revestimiento (liner),6944.0,PN
OT-002039,PAR-002695,PN-EQ-08,2025-09-08,Correctiva,8.4,3,Revestimiento (liner),2194.0,PN
OT-002040,PAR-002696,PN-EQ-08,2025-09-09,Preventiva,9.4,2,Faja/correa,221.0,PN
OT-002041,PAR-002698,PN-EQ-08,2025-09-16,Correctiva,3.2,3,Sello mecánico,7497.0,PN
OT-002042,PAR-002699,PN-EQ-08,2025-09-27,Preventiva,8.1,3,Sello mecánico,1611.0,PN
OT-002043,PAR-002700,PN-EQ-08,2025-09-27,Correctiva,16.4,2,Faja/correa,3294.0,PN
OT-002044,PAR-002702,PN-EQ-08,2025-10-15,Preventiva,5.8,2,Sello mecánico,2229.0,PN
OT-002045,PAR-002703,PN-EQ-08,2025-10-28,Correctiva,0.6,3,Rodamiento,2697.0,PN
OT-002046,PAR-002704,PN-EQ-08,2025-10-29,Preventiva,8.5,1,Sensor/instrumento,2039.0,PN
OT-002047,PAR-002707,PN-EQ-08,2025-11-05,Correctiva,13.4,1,Revestimiento (liner),4014.0,PN
OT-002048,PAR-002708,PN-EQ-08,2025-11-06,Correctiva,0.4,3,Revestimiento (liner),3637.0,PN
OT-002049,PAR-002709,PN-EQ-08,2025-11-08,Correctiva,1.7,2,Rodamiento,7730.0,PN
OT-002050,PAR-002710,PN-EQ-08,2025-11-16,Preventiva,7.9,2,Revestimiento (liner),788.0,PN
OT-002051,PAR-002711,PN-EQ-08,2025-11-16,Correctiva,22.4,2,Rodamiento,5762.0,PN
OT-002052,PAR-002712,PN-EQ-08,2025-11-22,Correctiva,7.0,3,Sello mecánico,1831.0,PN
OT-002053,PAR-002713,PN-EQ-08,2025-11-29,Correctiva,10.9,2,Motor eléctrico,7959.0,PN
OT-002054,PAR-002716,PN-EQ-08,2025-12-07,Correctiva,13.6,1,Faja/correa,274.0,PN
OT-002055,PAR-002717,PN-EQ-08,2025-12-08,Preventiva,8.9,1,Ninguno (solo mano de obra),1820.0,PN
OT-002056,PAR-002718,PN-EQ-08,2025-12-10,Correctiva,16.5,2,Sello mecánico,2666.0,PN
OT-002057,PAR-002719,PN-EQ-08,2025-12-11,Correctiva,24.0,1,Faja/correa,4048.0,PN
OT-002058,PAR-002720,PN-EQ-08,2025-12-20,Correctiva,18.8,1,Faja/correa,3896.0,PN
OT-002059,PAR-002722,PN-EQ-08,2025-12-25,Preventiva,9.7,2,Faja/correa,1969.0,PN
OT-002060,PAR-002723,PN-EQ-08,2025-12-28,Correctiva,6.6,1,Ninguno (solo mano de obra),3677.0,PN
OT-002061,PAR-002725,PN-EQ-08,2026-01-05,Correctiva,7.6,3,Sensor/instrumento,4415.0,PN
OT-002062,PAR-002726,PN-EQ-08,2026-01-06,Correctiva,9.3,2,Ninguno (solo mano de obra),2310.0,PN
OT-002063,PAR-002727,PN-EQ-08,2026-01-10,Preventiva,6.5,2,Sensor/instrumento,1237.0,PN
OT-002064,PAR-002729,PN-EQ-08,2026-01-25,Correctiva,7.5,3,Ninguno (solo mano de obra),2902.0,PN
OT-002065,PAR-002731,PN-EQ-08,2026-01-30,Correctiva,0.5,1,Ninguno (solo mano de obra),2795.0,PN
OT-002066,PAR-002732,PN-EQ-08,2026-02-01,Preventiva,8.7,1,Sensor/instrumento,1911.0,PN
OT-002067,PAR-002733,PN-EQ-08,2026-02-03,Correctiva,13.4,2,Sensor/instrumento,3450.0,PN
OT-002068,PAR-002734,PN-EQ-08,2026-02-08,Correctiva,3.2,3,Sello mecánico,1771.0,PN
OT-002069,PAR-002735,PN-EQ-08,2026-02-12,Correctiva,9.3,1,Rodamiento,5065.0,PN
OT-002070,PAR-002736,PN-EQ-08,2026-02-21,Preventiva,11.3,1,Sello mecánico,565.0,PN
OT-002071,PAR-002738,PN-EQ-08,2026-02-22,Correctiva,3.2,1,Faja/correa,5651.0,PN
OT-002072,PAR-002740,PN-EQ-08,2026-03-06,Correctiva,15.8,3,Rodamiento,986.0,PN
OT-002073,PAR-002741,PN-EQ-08,2026-03-10,Correctiva,18.0,2,Motor eléctrico,7952.0,PN
OT-002074,PAR-002742,PN-EQ-08,2026-03-11,Correctiva,4.4,3,Revestimiento (liner),1952.0,PN
OT-002075,PAR-002743,PN-EQ-08,2026-03-12,Correctiva,7.9,2,Ninguno (solo mano de obra),617.0,PN
OT-002076,PAR-002744,PN-EQ-08,2026-03-13,Correctiva,17.7,3,Sello mecánico,6941.0,PN
OT-002077,PAR-002745,PN-EQ-08,2026-03-14,Preventiva,9.9,2,Sensor/instrumento,147.0,PN
OT-002078,PAR-002746,PN-EQ-08,2026-03-16,Correctiva,0.8,3,Sensor/instrumento,5151.0,PN
OT-002079,PAR-002748,PN-EQ-08,2026-03-25,Correctiva,4.0,2,Sensor/instrumento,6243.0,PN
OT-002080,PAR-002750,PN-EQ-08,2026-03-28,Correctiva,3.0,3,Sensor/instrumento,46.0,PN
OT-002081,PAR-002751,PN-EQ-08,2026-03-29,Preventiva,3.8,1,Faja/correa,1881.0,PN
OT-002082,PAR-002752,PN-EQ-08,2026-04-06,Correctiva,0.6,2,Faja/correa,285.0,PN
OT-002083,PAR-002753,PN-EQ-08,2026-04-07,Correctiva,6.4,1,Motor eléctrico,4464.0,PN
OT-002084,PAR-002754,PN-EQ-08,2026-04-16,Preventiva,4.9,2,Revestimiento (liner),519.0,PN
OT-002085,PAR-002755,PN-EQ-08,2026-04-20,Correctiva,10.2,3,Ninguno (solo mano de obra),6460.0,PN
OT-002086,PAR-002757,PN-EQ-08,2026-04-26,Correctiva,0.9,1,Ninguno (solo mano de obra),6153.0,PN
OT-002087,PAR-002758,PN-EQ-08,2026-04-30,Correctiva,5.7,1,Sello mecánico,7528.0,PN
OT-002088,PAR-002759,PN-EQ-08,2026-05-05,Correctiva,17.5,3,Faja/correa,7390.0,PN
OT-002089,PAR-002760,PN-EQ-08,2026-05-07,Preventiva,11.0,2,Rodamiento,391.0,PN
OT-002090,PAR-002761,PN-EQ-08,2026-05-08,Correctiva,0.8,3,Motor eléctrico,2585.0,PN
OT-002091,PAR-002762,PN-EQ-08,2026-05-11,Correctiva,17.8,2,Revestimiento (liner),2764.0,PN
OT-002092,PAR-002764,PN-EQ-08,2026-05-18,Correctiva,21.9,1,Revestimiento (liner),3989.0,PN
OT-002093,PAR-002765,PN-EQ-08,2026-05-23,Preventiva,4.7,1,Rodamiento,2021.0,PN
OT-002094,PAR-002767,PN-EQ-08,2026-05-30,Correctiva,0.7,3,Sensor/instrumento,5479.0,PN
OT-002095,PAR-002768,PN-EQ-08,2026-06-08,Preventiva,4.4,1,Rodamiento,592.0,PN
OT-002096,PAR-002771,PN-EQ-08,2026-06-19,Correctiva,3.4,2,Rodamiento,7807.0,PN
OT-002097,PAR-002772,PN-EQ-08,2026-06-23,Preventiva,7.4,3,Faja/correa,1691.0,PN
OT-002098,PAR-002774,PN-EQ-08,2026-06-27,Correctiva,17.2,1,Ninguno (solo mano de obra),623.0,PN
OT-002099,PAR-002776,PN-EQ-08,2026-07-04,Correctiva,15.9,2,Rodamiento,2980.0,PN
OT-002100,PAR-002777,PN-EQ-08,2026-07-07,Correctiva,7.4,3,Sensor/instrumento,4514.0,PN
OT-002101,PAR-002778,PN-EQ-08,2026-07-08,Preventiva,14.2,3,Revestimiento (liner),982.0,PN
OT-002102,PAR-002779,PN-EQ-08,2026-07-15,Correctiva,13.2,1,Motor eléctrico,6572.0,PN
OT-002103,PAR-002780,PN-EQ-08,2026-07-22,Correctiva,30.3,3,Ninguno (solo mano de obra),6393.0,PN
OT-002104,PAR-002781,PN-EQ-08,2026-07-26,Correctiva,0.6,2,Sello mecánico,567.0,PN
OT-002105,PAR-002782,PN-EQ-08,2026-07-29,Correctiva,29.4,2,Revestimiento (liner),2513.0,PN
OT-002106,PAR-002783,PN-EQ-08,2026-07-31,Preventiva,5.2,2,Sello mecánico,2196.0,PN
OT-002107,PAR-002784,PN-EQ-08,2026-07-31,Correctiva,15.9,3,Ninguno (solo mano de obra),6091.0,PN
OT-002108,PAR-002785,PN-EQ-08,2026-08-02,Correctiva,20.6,2,Sensor/instrumento,2342.0,PN
OT-002109,PAR-002786,PN-EQ-08,2026-08-11,Correctiva,0.8,3,Revestimiento (liner),7590.0,PN
OT-002110,PAR-002787,PN-EQ-08,2026-08-16,Preventiva,11.2,1,Sensor/instrumento,1382.0,PN
OT-002111,PAR-002788,PN-EQ-08,2026-08-23,Correctiva,0.7,1,Rodamiento,5837.0,PN
OT-002112,PAR-002789,PN-EQ-08,2026-08-24,Correctiva,3.4,1,Ninguno (solo mano de obra),4825.0,PN
OT-002113,PAR-002790,PN-EQ-08,2026-08-26,Correctiva,3.1,1,Sensor/instrumento,1669.0,PN
OT-002114,PAR-002791,PN-EQ-08,2026-08-29,Correctiva,7.2,3,Rodamiento,1249.0,PN
OT-002115,PAR-002792,PN-EQ-08,2026-08-31,Preventiva,5.6,3,Ninguno (solo mano de obra),855.0,PN
OT-002116,PAR-002794,PN-EQ-08,2026-09-15,Preventiva,10.2,1,Motor eléctrico,1498.0,PN
OT-002117,PAR-002795,PN-EQ-08,2026-09-18,Correctiva,10.1,2,Faja/correa,2236.0,PN
OT-002118,PAR-002797,PN-EQ-08,2026-09-27,Correctiva,0.6,2,Faja/correa,7009.0,PN
OT-002119,PAR-002798,PN-EQ-08,2026-09-29,Correctiva,19.4,1,Faja/correa,1306.0,PN
OT-002120,PAR-002799,PN-EQ-08,2026-10-08,Preventiva,10.0,3,Sello mecánico,305.0,PN
OT-002121,PAR-002800,PN-EQ-08,2026-10-11,Correctiva,1.2,2,Sensor/instrumento,6076.0,PN
OT-002122,PAR-002802,PN-EQ-08,2026-10-30,Preventiva,6.6,1,Sensor/instrumento,341.0,PN
OT-002123,PAR-002803,PN-EQ-08,2026-11-01,Correctiva,9.9,2,Faja/correa,6667.0,PN
OT-002124,PAR-002804,PN-EQ-08,2026-11-03,Correctiva,0.7,3,Rodamiento,5340.0,PN
OT-002125,PAR-002805,PN-EQ-08,2026-11-04,Correctiva,1.1,2,Sensor/instrumento,409.0,PN
OT-002126,PAR-002807,PN-EQ-08,2026-11-19,Preventiva,7.5,2,Sensor/instrumento,2100.0,PN
OT-002127,PAR-002809,PN-EQ-08,2026-11-21,Correctiva,26.5,1,Rodamiento,1471.0,PN
OT-002128,PAR-002811,PN-EQ-08,2026-12-03,Correctiva,0.6,1,indeterminado,705.0,PN
OT-002129,PAR-002812,PN-EQ-08,2026-12-08,Preventiva,5.4,3,Rodamiento,2007.0,PN
OT-002130,PAR-002815,PN-EQ-08,2026-12-12,Correctiva,2.5,3,Revestimiento (liner),6757.0,PN
OT-002131,PAR-002816,PN-EQ-08,2026-12-16,Correctiva,0.4,3,Rodamiento,2229.0,PN
OT-002132,PAR-002817,PN-EQ-08,2026-12-22,Preventiva,8.5,3,Sello mecánico,1285.0,PN
OT-002133,PAR-002818,PN-EQ-08,2026-12-25,Correctiva,4.1,2,Rodamiento,1786.0,PN
OT-002134,PAR-002819,PN-EQ-08,2026-12-29,Correctiva,4.7,3,Motor eléctrico,454.0,PN
OT-002135,PAR-002821,PN-EQ-08,2027-01-02,Correctiva,0.8,1,Sello mecánico,7476.0,PN
OT-002136,PAR-002822,PN-EQ-08,2027-01-08,Correctiva,16.9,2,Rodamiento,663.0,PN
OT-002137,PAR-002823,PN-EQ-08,2027-01-11,Correctiva,6.6,2,Sensor/instrumento,1299.0,PN
OT-002138,PAR-002824,PN-EQ-08,2027-01-12,Preventiva,7.1,1,Faja/correa,1433.0,PN
OT-002139,PAR-002826,PN-EQ-08,2027-01-30,Preventiva,9.3,3,Sello mecánico,843.0,PN
OT-002140,PAR-002827,PN-EQ-08,2027-02-03,Correctiva,13.1,1,Faja/correa,611.0,PN
OT-002141,PAR-002828,PN-EQ-08,2027-02-05,Correctiva,6.0,2,Ninguno (solo mano de obra),2737.0,PN
OT-002142,PAR-002830,PN-EQ-08,2027-02-16,Preventiva,6.5,3,Ninguno (solo mano de obra),527.0,PN
OT-002143,PAR-002831,PN-EQ-08,2027-02-21,Correctiva,7.3,1,Sello mecánico,7644.0,PN
OT-002144,PAR-002832,PN-EQ-08,2027-03-09,Preventiva,6.5,3,Sello mecánico,1531.0,PN
OT-002145,PAR-002833,PN-EQ-08,2027-03-13,Correctiva,5.6,1,Rodamiento,2639.0,PN
OT-002146,PAR-002834,PN-EQ-08,2027-03-21,Correctiva,3.2,3,Revestimiento (liner),2427.0,PN
OT-002147,PAR-002835,PN-EQ-08,2027-03-31,Preventiva,11.4,1,Revestimiento (liner),984.0,PN
OT-002148,PAR-002836,PN-EQ-08,2027-04-01,Correctiva,6.6,1,Faja/correa,4964.0,PN
OT-002149,PAR-002837,PN-EQ-08,2027-04-09,Correctiva,0.4,3,Ninguno (solo mano de obra),1658.0,PN
OT-002150,PAR-002838,PN-EQ-08,2027-04-10,Correctiva,1.0,2,Motor eléctrico,2854.0,PN
OT-002151,PAR-002839,PN-EQ-08,2027-04-19,Preventiva,6.2,1,Sello mecánico,1454.0,PN
OT-002152,PAR-002840,PN-EQ-08,2027-04-26,Correctiva,0.7,3,Sello mecánico,3407.0,PN
OT-002153,PAR-002842,PN-EQ-08,2027-05-04,Preventiva,4.4,1,Motor eléctrico,271.0,PN
OT-002154,PAR-002843,PN-EQ-08,2027-05-08,Correctiva,15.2,3,Sello mecánico,1021.0,PN
OT-002155,PAR-002845,PN-EQ-08,2027-05-11,Correctiva,4.6,1,Sello mecánico,7712.0,PN
OT-002156,PAR-002846,PN-EQ-08,2027-05-14,Correctiva,3.4,2,Rodamiento,516.0,PN
OT-002157,PAR-002847,PN-EQ-08,2027-05-19,Correctiva,0.5,1,Sensor/instrumento,4990.0,PN
OT-002158,PAR-002848,PN-EQ-08,2027-05-22,Correctiva,0.7,3,Revestimiento (liner),6427.0,PN
OT-002159,PAR-002849,PN-EQ-08,2027-05-23,Preventiva,8.2,3,Revestimiento (liner),42.0,PN
OT-002160,PAR-002850,PN-EQ-08,2027-05-25,Correctiva,26.8,3,Ninguno (solo mano de obra),1915.0,PN
OT-002161,PAR-002852,PN-EQ-08,2027-06-04,Correctiva,4.8,1,Faja/correa,2503.0,PN
OT-002162,PAR-002853,PN-EQ-08,2027-06-09,Correctiva,11.9,1,Revestimiento (liner),2907.0,PN
OT-002163,PAR-002854,PN-EQ-08,2027-06-11,Correctiva,0.8,2,Motor eléctrico,4877.0,PN
OT-002164,PAR-002855,PN-EQ-08,2027-06-12,Preventiva,6.1,2,Sensor/instrumento,919.0,PN
OT-002165,PAR-002856,PN-EQ-08,2027-06-21,Correctiva,8.6,2,Motor eléctrico,1410.0,PN
OT-002166,PAR-002858,PN-EQ-08,2027-06-26,Correctiva,25.3,1,Motor eléctrico,713.0,PN
OT-002167,PAR-002859,PN-EQ-08,2027-07-02,Correctiva,8.4,3,Rodamiento,6551.0,PN
OT-002168,PAR-002860,PN-EQ-08,2027-07-03,Preventiva,6.7,3,Sello mecánico,795.0,PN
OT-002169,PAR-002862,PN-EQ-08,2027-07-11,Correctiva,0.5,3,Sensor/instrumento,5275.0,PN
OT-002170,PAR-002863,PN-EQ-08,2027-07-13,Correctiva,5.6,3,Rodamiento,3722.0,PN
OT-002171,PAR-002864,PN-EQ-08,2027-07-17,Preventiva,7.3,3,Sensor/instrumento,218.0,PN
OT-002172,PAR-002865,PN-EQ-08,2027-07-19,Correctiva,22.7,2,indeterminado,4165.0,PN
OT-002173,PAR-002866,PN-EQ-08,2027-07-26,Correctiva,26.9,2,Faja/correa,4683.0,PN
OT-002174,PAR-002868,PN-EQ-08,2027-08-04,Preventiva,5.7,3,Revestimiento (liner),381.0,PN
OT-002175,PAR-002869,PN-EQ-08,2027-08-04,Correctiva,16.8,3,Motor eléctrico,413.0,PN
OT-002176,PAR-002870,PN-EQ-08,2027-08-05,Correctiva,3.3,1,Ninguno (solo mano de obra),815.0,PN
OT-002177,PAR-002871,PN-EQ-08,2027-08-07,Correctiva,5.3,3,Ninguno (solo mano de obra),7639.0,PN
OT-002178,PAR-002872,PN-EQ-08,2027-08-09,Correctiva,1.8,2,Rodamiento,3101.0,PN
OT-002179,PAR-002873,PN-EQ-08,2027-08-14,Correctiva,3.3,1,Ninguno (solo mano de obra),2828.0,PN
OT-002180,PAR-002875,PN-EQ-08,2027-08-21,Correctiva,11.8,2,Rodamiento,2889.0,PN
OT-002181,PAR-002876,PN-EQ-08,2027-08-22,Preventiva,9.0,1,Sello mecánico,913.0,PN
OT-002182,PAR-002880,PN-EQ-08,2027-09-10,Preventiva,3.9,1,Revestimiento (liner),2451.0,PN
OT-002183,PAR-002881,PN-EQ-08,2027-09-10,Correctiva,1.3,2,Faja/correa,6301.0,PN
OT-002184,PAR-002884,PN-EQ-08,2027-09-19,Correctiva,4.1,3,Motor eléctrico,1944.0,PN
OT-002185,PAR-002885,PN-EQ-08,2027-09-20,Correctiva,0.9,3,Sensor/instrumento,5609.0,PN
OT-002186,PAR-002886,PN-EQ-08,2027-09-29,Preventiva,11.3,3,Ninguno (solo mano de obra),746.0,PN
OT-002187,PAR-002887,PN-EQ-08,2027-10-04,Correctiva,2.9,1,Faja/correa,2265.0,PN
OT-002188,PAR-002888,PN-EQ-08,2027-10-10,Correctiva,14.8,3,Rodamiento,4074.0,PN
OT-002189,PAR-002889,PN-EQ-08,2027-10-19,Preventiva,14.2,3,Faja/correa,2458.0,PN
OT-002190,PAR-002891,PN-EQ-08,2027-10-20,Correctiva,10.2,3,Revestimiento (liner),6940.0,PN
OT-002191,PAR-002892,PN-EQ-08,2027-10-23,Correctiva,0.7,1,Rodamiento,2337.0,PN
OT-002192,PAR-002893,PN-EQ-08,2027-11-03,Correctiva,1.9,3,Rodamiento,1096.0,PN
OT-002193,PAR-002894,PN-EQ-08,2027-11-04,Correctiva,2.0,2,Faja/correa,2687.0,PN
OT-002194,PAR-002895,PN-EQ-08,2027-11-06,Correctiva,2.0,2,Faja/correa,5231.0,PN
OT-002195,PAR-002896,PN-EQ-08,2027-11-10,Preventiva,5.0,3,Faja/correa,1513.0,PN
OT-002196,PAR-002897,PN-EQ-08,2027-11-11,Correctiva,16.7,2,Motor eléctrico,2994.0,PN
OT-002197,PAR-002898,PN-EQ-08,2027-11-13,Correctiva,5.2,1,Ninguno (solo mano de obra),1018.0,PN
OT-002198,PAR-002899,PN-EQ-08,2027-11-21,Correctiva,10.9,1,Faja/correa,6312.0,PN
OT-002199,PAR-002900,PN-EQ-08,2027-11-22,Correctiva,2.6,3,Rodamiento,3725.0,PN
OT-002200,PAR-002901,PN-EQ-08,2027-11-23,Correctiva,3.7,1,Faja/correa,798.0,PN
OT-002201,PAR-002903,PN-EQ-08,2027-11-26,Correctiva,15.9,3,Rodamiento,1791.0,PN
OT-002202,PAR-002904,PN-EQ-08,2027-11-27,Preventiva,9.2,2,Sello mecánico,840.0,PN
OT-002203,PAR-002906,PN-EQ-08,2027-12-01,Correctiva,4.7,3,Ninguno (solo mano de obra),4516.0,PN
OT-002204,PAR-002907,PN-EQ-08,2027-12-02,Correctiva,13.7,1,indeterminado,3857.0,PN
OT-002205,PAR-002908,PN-EQ-08,2027-12-03,Correctiva,17.6,1,Sensor/instrumento,6544.0,PN
OT-002206,PAR-002909,PN-EQ-08,2027-12-04,Correctiva,0.7,2,Sello mecánico,1160.0,PN
OT-002207,PAR-002910,PN-EQ-08,2027-12-08,Correctiva,9.3,1,Revestimiento (liner),7687.0,PN
OT-002208,PAR-002911,PN-EQ-08,2027-12-12,Correctiva,1.6,1,Motor eléctrico,3295.0,PN
OT-002209,PAR-002912,PN-EQ-08,2027-12-13,Preventiva,7.9,2,Rodamiento,659.0,PN
OT-002210,PAR-002914,PN-EQ-08,2027-12-28,Correctiva,2.8,3,Faja/correa,7573.0,PN
OT-002211,PAR-002919,PN-EQ-09,2024-01-13,Correctiva,0.5,2,Faja/correa,3128.0,PN
OT-002212,PAR-002920,PN-EQ-09,2024-01-16,Preventiva,7.9,3,Motor eléctrico,1187.0,PN
OT-002213,PAR-002921,PN-EQ-09,2024-01-19,Correctiva,1.5,3,Revestimiento (liner),4199.0,PN
OT-002214,PAR-002922,PN-EQ-09,2024-01-31,Preventiva,6.8,2,Revestimiento (liner),181.0,PN
OT-002215,PAR-002925,PN-EQ-09,2024-02-02,Correctiva,4.0,1,Sello mecánico,7574.0,PN
OT-002216,PAR-002926,PN-EQ-09,2024-02-18,Correctiva,12.0,1,Revestimiento (liner),7066.0,PN
OT-002217,PAR-002927,PN-EQ-09,2024-02-20,Preventiva,9.9,3,Sensor/instrumento,252.0,PN
OT-002218,PAR-002928,PN-EQ-09,2024-03-02,Correctiva,12.8,2,Ninguno (solo mano de obra),7736.0,PN
OT-002219,PAR-002929,PN-EQ-09,2024-03-03,Correctiva,14.1,1,Sensor/instrumento,697.0,PN
OT-002220,PAR-002930,PN-EQ-09,2024-03-12,Correctiva,10.1,3,Ninguno (solo mano de obra),4243.0,PN
OT-002221,PAR-002931,PN-EQ-09,2024-03-13,Preventiva,12.1,2,Sello mecánico,1790.0,PN
OT-002222,PAR-002932,PN-EQ-09,2024-03-22,Correctiva,4.7,3,Sensor/instrumento,6942.0,PN
OT-002223,PAR-002933,PN-EQ-09,2024-03-23,Correctiva,2.3,2,Sensor/instrumento,7065.0,PN
OT-002224,PAR-002934,PN-EQ-09,2024-03-30,Correctiva,1.7,3,Motor eléctrico,1682.0,PN
OT-002225,PAR-002935,PN-EQ-09,2024-04-03,Preventiva,9.7,1,Motor eléctrico,56.0,PN
OT-002226,PAR-002937,PN-EQ-09,2024-04-07,Correctiva,3.0,1,Faja/correa,4192.0,PN
OT-002227,PAR-002940,PN-EQ-09,2024-04-22,Correctiva,1.1,3,Rodamiento,966.0,PN
OT-002228,PAR-002941,PN-EQ-09,2024-04-23,Preventiva,9.2,1,Ninguno (solo mano de obra),18.0,PN
OT-002229,PAR-002943,PN-EQ-09,2024-05-01,Correctiva,0.8,1,Sensor/instrumento,1571.0,PN
OT-002230,PAR-002944,PN-EQ-09,2024-05-05,Correctiva,0.6,2,Ninguno (solo mano de obra),3130.0,PN
OT-002231,PAR-002945,PN-EQ-09,2024-05-14,Preventiva,5.8,3,Motor eléctrico,1580.0,PN
OT-002232,PAR-002946,PN-EQ-09,2024-05-27,Correctiva,0.8,2,Faja/correa,904.0,PN
OT-002233,PAR-002948,PN-EQ-09,2024-06-01,Correctiva,0.6,3,Sensor/instrumento,669.0,PN
OT-002234,PAR-002949,PN-EQ-09,2024-06-02,Correctiva,0.7,2,Rodamiento,6865.0,PN
OT-002235,PAR-002950,PN-EQ-09,2024-06-04,Preventiva,9.3,2,Faja/correa,345.0,PN
OT-002236,PAR-002953,PN-EQ-09,2024-06-06,Correctiva,2.7,1,Ninguno (solo mano de obra),1121.0,PN
OT-002237,PAR-002954,PN-EQ-09,2024-06-09,Correctiva,0.5,1,Sello mecánico,1673.0,PN
OT-002238,PAR-002956,PN-EQ-09,2024-06-24,Preventiva,9.3,2,Motor eléctrico,562.0,PN
OT-002239,PAR-002958,PN-EQ-09,2024-07-10,Preventiva,7.5,2,Sello mecánico,1804.0,PN
OT-002240,PAR-002959,PN-EQ-09,2024-07-13,Correctiva,5.3,1,Revestimiento (liner),7551.0,PN
OT-002241,PAR-002960,PN-EQ-09,2024-07-24,Preventiva,7.8,1,Sensor/instrumento,1682.0,PN
OT-002242,PAR-002962,PN-EQ-09,2024-08-10,Correctiva,1.2,3,Faja/correa,4008.0,PN
OT-002243,PAR-002963,PN-EQ-09,2024-08-16,Preventiva,3.7,1,Sensor/instrumento,2486.0,PN
OT-002244,PAR-002964,PN-EQ-09,2024-08-17,Correctiva,7.4,1,Revestimiento (liner),5612.0,PN
OT-002245,PAR-002965,PN-EQ-09,2024-08-18,Correctiva,1.6,3,Sello mecánico,5237.0,PN
OT-002246,PAR-002966,PN-EQ-09,2024-08-19,Correctiva,8.3,1,Ninguno (solo mano de obra),3278.0,PN
OT-002247,PAR-002967,PN-EQ-09,2024-08-29,Correctiva,2.8,2,Faja/correa,1862.0,PN
OT-002248,PAR-002968,PN-EQ-09,2024-09-01,Preventiva,6.6,1,Rodamiento,624.0,PN
OT-002249,PAR-002972,PN-EQ-09,2024-09-17,Correctiva,6.4,3,Rodamiento,6919.0,PN
OT-002250,PAR-002973,PN-EQ-09,2024-09-20,Correctiva,12.0,3,Faja/correa,2201.0,PN
OT-002251,PAR-002974,PN-EQ-09,2024-09-22,Preventiva,9.5,1,Revestimiento (liner),1706.0,PN
OT-002252,PAR-002975,PN-EQ-09,2024-10-01,Correctiva,14.4,1,Revestimiento (liner),4127.0,PN
OT-002253,PAR-002976,PN-EQ-09,2024-10-07,Preventiva,10.2,3,Ninguno (solo mano de obra),2482.0,PN
OT-002254,PAR-002977,PN-EQ-09,2024-10-07,Correctiva,4.6,1,Sensor/instrumento,3191.0,PN
OT-002255,PAR-002979,PN-EQ-09,2024-10-14,Correctiva,0.4,1,Faja/correa,228.0,PN
OT-002256,PAR-002980,PN-EQ-09,2024-10-16,Correctiva,5.7,1,Motor eléctrico,4817.0,PN
OT-002257,PAR-002981,PN-EQ-09,2024-10-23,Preventiva,10.3,2,Revestimiento (liner),381.0,PN
OT-002258,PAR-002982,PN-EQ-09,2024-11-01,Correctiva,5.5,1,Motor eléctrico,818.0,PN
OT-002259,PAR-002983,PN-EQ-09,2024-11-07,Preventiva,6.0,3,Motor eléctrico,1357.0,PN
OT-002260,PAR-002984,PN-EQ-09,2024-11-20,Correctiva,2.5,3,Revestimiento (liner),5550.0,PN
OT-002261,PAR-002985,PN-EQ-09,2024-11-24,Preventiva,9.8,2,Faja/correa,265.0,PN
OT-002262,PAR-002986,PN-EQ-09,2024-12-12,Preventiva,4.2,2,Sello mecánico,1912.0,PN
OT-002263,PAR-002987,PN-EQ-09,2024-12-26,Correctiva,3.8,2,Revestimiento (liner),1521.0,PN
OT-002264,PAR-002988,PN-EQ-09,2024-12-28,Preventiva,5.3,1,Sello mecánico,695.0,PN
OT-002265,PAR-002991,PN-EQ-09,2025-01-12,Correctiva,4.2,1,Sensor/instrumento,1632.0,PN
OT-002266,PAR-002992,PN-EQ-09,2025-01-14,Preventiva,8.5,3,Ninguno (solo mano de obra),180.0,PN
OT-002267,PAR-002993,PN-EQ-09,2025-02-02,Preventiva,5.4,3,Rodamiento,1272.0,PN
OT-002268,PAR-002994,PN-EQ-09,2025-02-07,Correctiva,1.1,2,Sello mecánico,1514.0,PN
OT-002269,PAR-002995,PN-EQ-09,2025-02-12,Correctiva,3.0,3,Motor eléctrico,4665.0,PN
OT-002270,PAR-002996,PN-EQ-09,2025-02-20,Correctiva,5.7,2,Faja/correa,4906.0,PN
OT-002271,PAR-002997,PN-EQ-09,2025-02-22,Correctiva,0.7,2,Revestimiento (liner),2849.0,PN
OT-002272,PAR-002998,PN-EQ-09,2025-02-23,Preventiva,7.5,1,Faja/correa,1564.0,PN
OT-002273,PAR-002999,PN-EQ-09,2025-02-26,Correctiva,15.4,2,Faja/correa,2053.0,PN
OT-002274,PAR-003000,PN-EQ-09,2025-03-14,Preventiva,13.7,1,Ninguno (solo mano de obra),2093.0,PN
OT-002275,PAR-003001,PN-EQ-09,2025-03-19,Correctiva,1.1,3,Faja/correa,529.0,PN
OT-002276,PAR-003002,PN-EQ-09,2025-03-20,Correctiva,25.0,3,Sensor/instrumento,1353.0,PN
OT-002277,PAR-003006,PN-EQ-09,2025-03-30,Correctiva,1.3,1,Faja/correa,4575.0,PN
OT-002278,PAR-003007,PN-EQ-09,2025-04-03,Preventiva,5.6,1,Sello mecánico,1598.0,PN
OT-002279,PAR-003008,PN-EQ-09,2025-04-05,Correctiva,1.8,1,Revestimiento (liner),2601.0,PN
OT-002280,PAR-003010,PN-EQ-09,2025-04-16,Correctiva,2.0,3,Sello mecánico,5146.0,PN
OT-002281,PAR-003011,PN-EQ-09,2025-04-18,Preventiva,4.6,2,Faja/correa,1909.0,PN
OT-002282,PAR-003013,PN-EQ-09,2025-05-05,Preventiva,8.7,2,Revestimiento (liner),512.0,PN
OT-002283,PAR-003014,PN-EQ-09,2025-05-11,Correctiva,1.0,3,Sello mecánico,4717.0,PN
OT-002284,PAR-003015,PN-EQ-09,2025-05-13,Correctiva,9.1,1,Ninguno (solo mano de obra),5481.0,PN
OT-002285,PAR-003016,PN-EQ-09,2025-05-17,Correctiva,3.2,1,Sello mecánico,3313.0,PN
OT-002286,PAR-003017,PN-EQ-09,2025-05-19,Preventiva,7.6,1,Ninguno (solo mano de obra),1499.0,PN
OT-002287,PAR-003019,PN-EQ-09,2025-05-24,Correctiva,4.8,2,Revestimiento (liner),4091.0,PN
OT-002288,PAR-003020,PN-EQ-09,2025-05-26,Correctiva,7.9,2,Faja/correa,1307.0,PN
OT-002289,PAR-003021,PN-EQ-09,2025-06-03,Correctiva,0.9,3,Sensor/instrumento,1593.0,PN
OT-002290,PAR-003022,PN-EQ-09,2025-06-06,Preventiva,11.9,2,Revestimiento (liner),943.0,PN
OT-002291,PAR-003023,PN-EQ-09,2025-06-07,Correctiva,1.3,3,Faja/correa,5907.0,PN
OT-002292,PAR-003025,PN-EQ-09,2025-06-09,Correctiva,3.7,2,Sensor/instrumento,5123.0,PN
OT-002293,PAR-003027,PN-EQ-09,2025-06-21,Preventiva,10.3,2,Motor eléctrico,1763.0,PN
OT-002294,PAR-003028,PN-EQ-09,2025-06-26,Correctiva,5.0,3,Rodamiento,7586.0,PN
OT-002295,PAR-003029,PN-EQ-09,2025-06-30,Correctiva,1.8,2,Motor eléctrico,6444.0,PN
OT-002296,PAR-003030,PN-EQ-09,2025-07-02,Correctiva,7.0,1,Faja/correa,1775.0,PN
OT-002297,PAR-003031,PN-EQ-09,2025-07-03,Correctiva,4.1,1,Sensor/instrumento,5188.0,PN
OT-002298,PAR-003032,PN-EQ-09,2025-07-07,Preventiva,10.2,2,Ninguno (solo mano de obra),680.0,PN
OT-002299,PAR-003034,PN-EQ-09,2025-07-12,Correctiva,0.5,3,Revestimiento (liner),1916.0,PN
OT-002300,PAR-003035,PN-EQ-09,2025-07-14,Correctiva,25.7,3,indeterminado,518.0,PN
OT-002301,PAR-003036,PN-EQ-09,2025-07-21,Preventiva,8.9,2,Revestimiento (liner),987.0,PN
OT-002302,PAR-003037,PN-EQ-09,2025-08-05,Preventiva,7.5,3,Sello mecánico,1090.0,PN
OT-002303,PAR-003038,PN-EQ-09,2025-08-05,Correctiva,3.8,1,Faja/correa,4285.0,PN
OT-002304,PAR-003039,PN-EQ-09,2025-08-11,Correctiva,11.5,2,Faja/correa,1752.0,PN
OT-002305,PAR-003040,PN-EQ-09,2025-08-12,Correctiva,1.0,1,Revestimiento (liner),2491.0,PN
OT-002306,PAR-003041,PN-EQ-09,2025-08-20,Correctiva,15.0,1,Motor eléctrico,3428.0,PN
OT-002307,PAR-003042,PN-EQ-09,2025-08-26,Preventiva,11.8,3,Motor eléctrico,957.0,PN
OT-002308,PAR-003043,PN-EQ-09,2025-08-31,Correctiva,4.8,3,Rodamiento,5236.0,PN
OT-002309,PAR-003044,PN-EQ-09,2025-09-09,Correctiva,14.4,2,Revestimiento (liner),3331.0,PN
OT-002310,PAR-003045,PN-EQ-09,2025-09-11,Preventiva,11.0,1,Motor eléctrico,1743.0,PN
OT-002311,PAR-003046,PN-EQ-09,2025-09-14,Correctiva,8.8,2,Sensor/instrumento,587.0,PN
OT-002312,PAR-003048,PN-EQ-09,2025-09-29,Correctiva,6.8,1,Faja/correa,3817.0,PN
OT-002313,PAR-003049,PN-EQ-09,2025-09-30,Preventiva,5.5,2,Ninguno (solo mano de obra),1450.0,PN
OT-002314,PAR-003051,PN-EQ-09,2025-10-15,Preventiva,6.4,2,Ninguno (solo mano de obra),2358.0,PN
OT-002315,PAR-003054,PN-EQ-09,2025-11-01,Correctiva,7.8,2,Ninguno (solo mano de obra),5268.0,PN
OT-002316,PAR-003055,PN-EQ-09,2025-11-03,Preventiva,11.3,1,Motor eléctrico,2281.0,PN
OT-002317,PAR-003057,PN-EQ-09,2025-11-26,Preventiva,5.4,1,Revestimiento (liner),134.0,PN
OT-002318,PAR-003059,PN-EQ-09,2025-12-11,Correctiva,6.6,2,Motor eléctrico,6106.0,PN
OT-002319,PAR-003060,PN-EQ-09,2025-12-13,Correctiva,6.8,2,Rodamiento,3887.0,PN
OT-002320,PAR-003061,PN-EQ-09,2025-12-17,Correctiva,1.0,1,Revestimiento (liner),4335.0,PN
OT-002321,PAR-003062,PN-EQ-09,2025-12-18,Preventiva,10.2,2,Faja/correa,388.0,PN
OT-002322,PAR-003063,PN-EQ-09,2025-12-24,Correctiva,1.7,3,Faja/correa,4014.0,PN
OT-002323,PAR-003064,PN-EQ-09,2026-01-04,Preventiva,14.0,2,Sensor/instrumento,731.0,PN
OT-002324,PAR-003066,PN-EQ-09,2026-01-22,Correctiva,5.4,2,Revestimiento (liner),5051.0,PN
OT-002325,PAR-003067,PN-EQ-09,2026-01-23,Preventiva,5.0,1,indeterminado,1618.0,PN
OT-002326,PAR-003069,PN-EQ-09,2026-02-07,Correctiva,5.9,2,Motor eléctrico,5437.0,PN
OT-002327,PAR-003070,PN-EQ-09,2026-02-13,Preventiva,8.7,3,Sensor/instrumento,1722.0,PN
OT-002328,PAR-003071,PN-EQ-09,2026-02-13,Correctiva,1.0,1,Sello mecánico,4394.0,PN
OT-002329,PAR-003072,PN-EQ-09,2026-02-23,Correctiva,9.3,2,Rodamiento,3631.0,PN
OT-002330,PAR-003073,PN-EQ-09,2026-02-25,Correctiva,0.7,1,Faja/correa,558.0,PN
OT-002331,PAR-003074,PN-EQ-09,2026-03-01,Correctiva,1.7,1,Sello mecánico,3865.0,PN
OT-002332,PAR-003076,PN-EQ-09,2026-03-03,Preventiva,8.0,2,Faja/correa,1573.0,PN
OT-002333,PAR-003077,PN-EQ-09,2026-03-11,Correctiva,10.1,3,Revestimiento (liner),3295.0,PN
OT-002334,PAR-003079,PN-EQ-09,2026-03-25,Preventiva,4.8,2,Faja/correa,958.0,PN
OT-002335,PAR-003082,PN-EQ-09,2026-04-08,Preventiva,11.8,3,Rodamiento,2305.0,PN
OT-002336,PAR-003084,PN-EQ-09,2026-04-20,Correctiva,10.7,2,Ninguno (solo mano de obra),2440.0,PN
OT-002337,PAR-003085,PN-EQ-09,2026-04-23,Preventiva,9.9,1,Sensor/instrumento,2498.0,PN
OT-002338,PAR-003086,PN-EQ-09,2026-05-09,Correctiva,0.7,1,Revestimiento (liner),6944.0,PN
OT-002339,PAR-003087,PN-EQ-09,2026-05-11,Correctiva,0.5,3,Ninguno (solo mano de obra),383.0,PN
OT-002340,PAR-003088,PN-EQ-09,2026-05-13,Preventiva,6.4,1,Sensor/instrumento,3.0,PN
OT-002341,PAR-003089,PN-EQ-09,2026-05-23,Correctiva,1.6,1,Motor eléctrico,3485.0,PN
OT-002342,PAR-003091,PN-EQ-09,2026-05-30,Correctiva,0.6,1,Faja/correa,4550.0,PN
OT-002343,PAR-003092,PN-EQ-09,2026-06-05,Preventiva,8.8,1,Motor eléctrico,548.0,PN
OT-002344,PAR-003095,PN-EQ-09,2026-06-17,Correctiva,0.7,3,Faja/correa,6403.0,PN
OT-002345,PAR-003096,PN-EQ-09,2026-06-26,Preventiva,10.7,1,Faja/correa,2086.0,PN
OT-002346,PAR-003099,PN-EQ-09,2026-07-15,Preventiva,7.7,3,Sello mecánico,1275.0,PN
OT-002347,PAR-003100,PN-EQ-09,2026-07-18,Correctiva,11.5,1,Ninguno (solo mano de obra),1244.0,PN
OT-002348,PAR-003103,PN-EQ-09,2026-08-04,Preventiva,7.0,2,Ninguno (solo mano de obra),474.0,PN
OT-002349,PAR-003105,PN-EQ-09,2026-08-13,Correctiva,17.3,1,Revestimiento (liner),7251.0,PN
OT-002350,PAR-003107,PN-EQ-09,2026-08-21,Correctiva,0.5,3,Ninguno (solo mano de obra),320.0,PN
OT-002351,PAR-003108,PN-EQ-09,2026-08-22,Preventiva,4.6,2,Rodamiento,478.0,PN
OT-002352,PAR-003109,PN-EQ-09,2026-08-30,Correctiva,6.9,2,Sensor/instrumento,7424.0,PN
OT-002353,PAR-003110,PN-EQ-09,2026-09-12,Preventiva,5.4,3,Motor eléctrico,3.0,PN
OT-002354,PAR-003111,PN-EQ-09,2026-09-22,Correctiva,1.1,2,Faja/correa,5136.0,PN
OT-002355,PAR-003113,PN-EQ-09,2026-09-25,Correctiva,0.8,2,Revestimiento (liner),6908.0,PN
OT-002356,PAR-003114,PN-EQ-09,2026-09-30,Preventiva,11.4,2,Sello mecánico,195.0,PN
OT-002357,PAR-003116,PN-EQ-09,2026-10-18,Preventiva,7.3,2,Sello mecánico,265.0,PN
OT-002358,PAR-003118,PN-EQ-09,2026-10-23,Correctiva,0.7,2,Ninguno (solo mano de obra),6690.0,PN
OT-002359,PAR-003119,PN-EQ-09,2026-10-28,Correctiva,3.6,2,Faja/correa,3018.0,PN
OT-002360,PAR-003121,PN-EQ-09,2026-10-30,Correctiva,2.3,1,Motor eléctrico,6426.0,PN
OT-002361,PAR-003123,PN-EQ-09,2026-11-04,Preventiva,4.3,2,Rodamiento,1878.0,PN
OT-002362,PAR-003125,PN-EQ-09,2026-11-11,Correctiva,0.5,2,Sello mecánico,2477.0,PN
OT-002363,PAR-003127,PN-EQ-09,2026-11-18,Correctiva,3.2,3,Ninguno (solo mano de obra),5699.0,PN
OT-002364,PAR-003129,PN-EQ-09,2026-11-25,Preventiva,3.3,3,Motor eléctrico,2236.0,PN
OT-002365,PAR-003131,PN-EQ-09,2026-12-04,Correctiva,8.6,3,Motor eléctrico,4727.0,PN
OT-002366,PAR-003132,PN-EQ-09,2026-12-09,Preventiva,11.1,1,Rodamiento,2388.0,PN
OT-002367,PAR-003133,PN-EQ-09,2026-12-15,Correctiva,20.8,1,Sello mecánico,2482.0,PN
OT-002368,PAR-003134,PN-EQ-09,2026-12-19,Correctiva,3.5,3,Ninguno (solo mano de obra),7582.0,PN
OT-002369,PAR-003138,PN-EQ-09,2026-12-28,Preventiva,6.2,2,Ninguno (solo mano de obra),3.0,PN
OT-002370,PAR-003139,PN-EQ-09,2027-01-02,Correctiva,1.7,3,Sensor/instrumento,5604.0,PN
OT-002371,PAR-003140,PN-EQ-09,2027-01-14,Preventiva,11.6,1,Revestimiento (liner),2426.0,PN
OT-002372,PAR-003142,PN-EQ-09,2027-01-26,Correctiva,8.9,2,Motor eléctrico,4296.0,PN
OT-002373,PAR-003143,PN-EQ-09,2027-02-06,Preventiva,4.9,1,Sensor/instrumento,1799.0,PN
OT-002374,PAR-003144,PN-EQ-09,2027-02-09,Correctiva,6.8,1,Motor eléctrico,6395.0,PN
OT-002375,PAR-003146,PN-EQ-09,2027-02-16,Correctiva,1.8,2,Rodamiento,2246.0,PN
OT-002376,PAR-003147,PN-EQ-09,2027-02-18,Correctiva,6.5,1,Rodamiento,473.0,PN
OT-002377,PAR-003148,PN-EQ-09,2027-02-27,Preventiva,6.6,1,Rodamiento,222.0,PN
OT-002378,PAR-003150,PN-EQ-09,2027-03-14,Preventiva,11.0,1,Sello mecánico,608.0,PN
OT-002379,PAR-003152,PN-EQ-09,2027-03-20,Correctiva,5.4,2,Sello mecánico,4761.0,PN
OT-002380,PAR-003154,PN-EQ-09,2027-03-29,Correctiva,2.1,2,Ninguno (solo mano de obra),565.0,PN
OT-002381,PAR-003155,PN-EQ-09,2027-03-30,Correctiva,2.4,2,Rodamiento,1470.0,PN
OT-002382,PAR-003156,PN-EQ-09,2027-04-06,Preventiva,6.9,1,Revestimiento (liner),1081.0,PN
OT-002383,PAR-003157,PN-EQ-09,2027-04-08,Correctiva,6.2,3,Sensor/instrumento,2417.0,PN
OT-002384,PAR-003158,PN-EQ-09,2027-04-10,Correctiva,1.4,2,Ninguno (solo mano de obra),7613.0,PN
OT-002385,PAR-003159,PN-EQ-09,2027-04-14,Correctiva,15.6,1,Ninguno (solo mano de obra),2136.0,PN
OT-002386,PAR-003160,PN-EQ-09,2027-04-20,Preventiva,11.4,3,Motor eléctrico,1879.0,PN
OT-002387,PAR-003161,PN-EQ-09,2027-04-27,Correctiva,1.7,2,Ninguno (solo mano de obra),2990.0,PN
OT-002388,PAR-003162,PN-EQ-09,2027-04-30,Correctiva,7.4,3,Sensor/instrumento,1259.0,PN
OT-002389,PAR-003163,PN-EQ-09,2027-05-06,Preventiva,6.1,1,Rodamiento,689.0,PN
OT-002390,PAR-003164,PN-EQ-09,2027-05-07,Correctiva,5.1,3,Faja/correa,1129.0,PN
OT-002391,PAR-003165,PN-EQ-09,2027-05-09,Correctiva,2.6,2,Revestimiento (liner),447.0,PN
OT-002392,PAR-003168,PN-EQ-09,2027-05-19,Correctiva,4.8,3,Motor eléctrico,2811.0,PN
OT-002393,PAR-003169,PN-EQ-09,2027-05-21,Preventiva,5.6,1,Motor eléctrico,668.0,PN
OT-002394,PAR-003170,PN-EQ-09,2027-05-23,Correctiva,2.6,1,Revestimiento (liner),2061.0,PN
OT-002395,PAR-003171,PN-EQ-09,2027-05-28,Correctiva,18.9,3,Revestimiento (liner),4141.0,PN
OT-002396,PAR-003172,PN-EQ-09,2027-06-04,Preventiva,10.6,3,Sensor/instrumento,2328.0,PN
OT-002397,PAR-003173,PN-EQ-09,2027-06-19,Preventiva,10.9,2,Sensor/instrumento,2341.0,PN
OT-002398,PAR-003174,PN-EQ-09,2027-06-22,Correctiva,3.7,3,Sensor/instrumento,386.0,PN
OT-002399,PAR-003175,PN-EQ-09,2027-06-23,Correctiva,21.3,3,Ninguno (solo mano de obra),689.0,PN
OT-002400,PAR-003178,PN-EQ-09,2027-07-04,Preventiva,10.3,1,Motor eléctrico,1190.0,PN
OT-002401,PAR-003180,PN-EQ-09,2027-07-13,Correctiva,5.5,1,Sensor/instrumento,4324.0,PN
OT-002402,PAR-003181,PN-EQ-09,2027-07-16,Correctiva,18.3,2,Sello mecánico,7202.0,PN
OT-002403,PAR-003182,PN-EQ-09,2027-07-20,Correctiva,1.9,2,Faja/correa,3672.0,PN
OT-002404,PAR-003184,PN-EQ-09,2027-07-26,Preventiva,9.8,1,Rodamiento,196.0,PN
OT-002405,PAR-003186,PN-EQ-09,2027-08-09,Preventiva,9.2,3,Revestimiento (liner),753.0,PN
OT-002406,PAR-003187,PN-EQ-09,2027-08-10,Correctiva,20.7,3,Revestimiento (liner),7739.0,PN
OT-002407,PAR-003188,PN-EQ-09,2027-08-23,Correctiva,8.1,3,Sensor/instrumento,4150.0,PN
OT-002408,PAR-003189,PN-EQ-09,2027-08-30,Preventiva,8.4,2,Sello mecánico,1800.0,PN
OT-002409,PAR-003190,PN-EQ-09,2027-09-09,Correctiva,1.8,2,Faja/correa,5892.0,PN
OT-002410,PAR-003191,PN-EQ-09,2027-09-10,Correctiva,13.3,1,Sello mecánico,6400.0,PN
OT-002411,PAR-003192,PN-EQ-09,2027-09-15,Preventiva,5.7,2,Sensor/instrumento,1032.0,PN
OT-002412,PAR-003193,PN-EQ-09,2027-09-22,Correctiva,16.3,1,Revestimiento (liner),5803.0,PN
OT-002413,PAR-003196,PN-EQ-09,2027-10-03,Correctiva,7.3,2,Sensor/instrumento,6390.0,PN
OT-002414,PAR-003197,PN-EQ-09,2027-10-04,Correctiva,0.4,1,Revestimiento (liner),3764.0,PN
OT-002415,PAR-003198,PN-EQ-09,2027-10-06,Correctiva,8.8,1,Sello mecánico,127.0,PN
OT-002416,PAR-003199,PN-EQ-09,2027-10-08,Preventiva,10.3,3,Faja/correa,1924.0,PN
OT-002417,PAR-003201,PN-EQ-09,2027-10-19,Correctiva,0.9,1,Faja/correa,5895.0,PN
OT-002418,PAR-003202,PN-EQ-09,2027-10-26,Correctiva,11.1,2,Motor eléctrico,6697.0,PN
OT-002419,PAR-003203,PN-EQ-09,2027-10-27,Preventiva,4.9,1,Motor eléctrico,156.0,PN
OT-002420,PAR-003205,PN-EQ-09,2027-11-03,Correctiva,13.0,1,indeterminado,103.0,PN
OT-002421,PAR-003206,PN-EQ-09,2027-11-09,Correctiva,0.6,1,Sensor/instrumento,7951.0,PN
OT-002422,PAR-003207,PN-EQ-09,2027-11-19,Preventiva,6.2,3,Faja/correa,394.0,PN
OT-002423,PAR-003208,PN-EQ-09,2027-11-23,Correctiva,3.2,3,Sello mecánico,755.0,PN
OT-002424,PAR-003209,PN-EQ-09,2027-11-29,Correctiva,6.1,3,Sensor/instrumento,4873.0,PN
OT-002425,PAR-003211,PN-EQ-09,2027-12-08,Preventiva,7.5,3,Revestimiento (liner),1992.0,PN
OT-002426,PAR-003213,PN-EQ-09,2027-12-29,Preventiva,8.2,1,Motor eléctrico,1365.0,PN
OT-002427,PAR-003214,PN-EQ-10,2024-01-02,Correctiva,9.1,1,Ninguno (solo mano de obra),1046.0,PN
OT-002428,PAR-003215,PN-EQ-10,2024-01-03,Correctiva,24.3,1,Sensor/instrumento,5371.0,PN
OT-002429,PAR-003217,PN-EQ-10,2024-01-10,Correctiva,26.2,2,Sensor/instrumento,1715.0,PN
OT-002430,PAR-003218,PN-EQ-10,2024-01-15,Preventiva,4.3,3,Rodamiento,1390.0,PN
OT-002431,PAR-003220,PN-EQ-10,2024-01-25,Correctiva,14.8,1,Sensor/instrumento,3953.0,PN
OT-002432,PAR-003221,PN-EQ-10,2024-01-27,Correctiva,24.1,1,Sello mecánico,187.0,PN
OT-002433,PAR-003223,PN-EQ-10,2024-01-31,Preventiva,11.1,2,Sensor/instrumento,627.0,PN
OT-002434,PAR-003224,PN-EQ-10,2024-02-01,Correctiva,14.7,1,Ninguno (solo mano de obra),3009.0,PN
OT-002435,PAR-003225,PN-EQ-10,2024-02-04,Correctiva,8.3,2,Ninguno (solo mano de obra),3278.0,PN
OT-002436,PAR-003226,PN-EQ-10,2024-02-10,Correctiva,14.4,2,Rodamiento,1613.0,PN
OT-002437,PAR-003227,PN-EQ-10,2024-02-19,Correctiva,4.4,2,Faja/correa,4590.0,PN
OT-002438,PAR-003228,PN-EQ-10,2024-02-21,Preventiva,9.4,2,Sensor/instrumento,939.0,PN
OT-002439,PAR-003229,PN-EQ-10,2024-02-24,Correctiva,9.5,3,Faja/correa,1883.0,PN
OT-002440,PAR-003230,PN-EQ-10,2024-02-25,Correctiva,5.2,3,Rodamiento,568.0,PN
OT-002441,PAR-003231,PN-EQ-10,2024-03-02,Correctiva,25.4,2,Revestimiento (liner),7206.0,PN
OT-002442,PAR-003233,PN-EQ-10,2024-03-07,Correctiva,11.5,1,Revestimiento (liner),735.0,PN
OT-002443,PAR-003234,PN-EQ-10,2024-03-08,Correctiva,1.6,3,Faja/correa,295.0,PN
OT-002444,PAR-003235,PN-EQ-10,2024-03-15,Preventiva,9.6,1,Rodamiento,326.0,PN
OT-002445,PAR-003236,PN-EQ-10,2024-03-15,Correctiva,10.0,1,Rodamiento,321.0,PN
OT-002446,PAR-003237,PN-EQ-10,2024-03-20,Correctiva,15.5,2,Sensor/instrumento,29.0,PN
OT-002447,PAR-003238,PN-EQ-10,2024-03-30,Preventiva,12.3,3,Faja/correa,2134.0,PN
OT-002448,PAR-003240,PN-EQ-10,2024-04-09,Correctiva,27.7,1,Rodamiento,391.0,PN
OT-002449,PAR-003241,PN-EQ-10,2024-04-15,Correctiva,17.0,3,Revestimiento (liner),4606.0,PN
OT-002450,PAR-003242,PN-EQ-10,2024-04-16,Correctiva,3.5,3,Sensor/instrumento,5855.0,PN
OT-002451,PAR-003243,PN-EQ-10,2024-04-18,Preventiva,12.7,1,Rodamiento,231.0,PN
OT-002452,PAR-003244,PN-EQ-10,2024-04-18,Correctiva,5.4,1,indeterminado,4401.0,PN
OT-002453,PAR-003245,PN-EQ-10,2024-04-27,Correctiva,9.5,3,Rodamiento,2729.0,PN
OT-002454,PAR-003246,PN-EQ-10,2024-04-30,Correctiva,0.7,3,Ninguno (solo mano de obra),3753.0,PN
OT-002455,PAR-003248,PN-EQ-10,2024-05-06,Preventiva,7.1,3,Motor eléctrico,1267.0,PN
OT-002456,PAR-003249,PN-EQ-10,2024-05-09,Correctiva,10.7,1,Rodamiento,4126.0,PN
OT-002457,PAR-003250,PN-EQ-10,2024-05-11,Correctiva,28.2,1,Sello mecánico,239.0,PN
OT-002458,PAR-003251,PN-EQ-10,2024-05-14,Correctiva,27.2,1,Faja/correa,6903.0,PN
OT-002459,PAR-003252,PN-EQ-10,2024-05-16,Correctiva,17.5,2,Sensor/instrumento,1065.0,PN
OT-002460,PAR-003254,PN-EQ-10,2024-05-26,Preventiva,9.8,2,Rodamiento,1104.0,PN
OT-002461,PAR-003256,PN-EQ-10,2024-06-02,Correctiva,21.8,3,Revestimiento (liner),3009.0,PN
OT-002462,PAR-003257,PN-EQ-10,2024-06-05,Correctiva,15.3,1,Sello mecánico,5243.0,PN
OT-002463,PAR-003258,PN-EQ-10,2024-06-06,Correctiva,20.0,1,Faja/correa,4293.0,PN
OT-002464,PAR-003259,PN-EQ-10,2024-06-08,Correctiva,24.4,2,Revestimiento (liner),5876.0,PN
OT-002465,PAR-003260,PN-EQ-10,2024-06-10,Correctiva,7.0,3,Rodamiento,5226.0,PN
OT-002466,PAR-003262,PN-EQ-10,2024-06-18,Preventiva,5.8,3,Sello mecánico,2074.0,PN
OT-002467,PAR-003264,PN-EQ-10,2024-07-02,Correctiva,6.5,3,Faja/correa,1856.0,PN
OT-002468,PAR-003265,PN-EQ-10,2024-07-03,Correctiva,7.7,2,Sello mecánico,89.0,PN
OT-002469,PAR-003266,PN-EQ-10,2024-07-04,Correctiva,18.1,3,Motor eléctrico,2976.0,PN
OT-002470,PAR-003267,PN-EQ-10,2024-07-05,Preventiva,8.8,3,Rodamiento,933.0,PN
OT-002471,PAR-003268,PN-EQ-10,2024-07-06,Correctiva,21.1,2,Faja/correa,282.0,PN
OT-002472,PAR-003269,PN-EQ-10,2024-07-09,Correctiva,3.1,1,Revestimiento (liner),3994.0,PN
OT-002473,PAR-003270,PN-EQ-10,2024-07-12,Correctiva,1.1,3,Faja/correa,2888.0,PN
OT-002474,PAR-003272,PN-EQ-10,2024-07-21,Correctiva,9.9,3,Sello mecánico,1259.0,PN
OT-002475,PAR-003273,PN-EQ-10,2024-07-27,Correctiva,6.2,3,Revestimiento (liner),7270.0,PN
OT-002476,PAR-003274,PN-EQ-10,2024-07-28,Preventiva,6.7,2,Ninguno (solo mano de obra),134.0,PN
OT-002477,PAR-003275,PN-EQ-10,2024-07-28,Correctiva,14.0,2,Revestimiento (liner),2013.0,PN
OT-002478,PAR-003276,PN-EQ-10,2024-08-01,Correctiva,11.3,2,Faja/correa,2148.0,PN
OT-002479,PAR-003278,PN-EQ-10,2024-08-04,Correctiva,11.3,1,Sello mecánico,6481.0,PN
OT-002480,PAR-003279,PN-EQ-10,2024-08-05,Correctiva,1.6,2,Motor eléctrico,6337.0,PN
OT-002481,PAR-003282,PN-EQ-10,2024-08-11,Correctiva,4.0,2,Sensor/instrumento,1987.0,PN
OT-002482,PAR-003283,PN-EQ-10,2024-08-17,Preventiva,5.4,3,indeterminado,1732.0,PN
OT-002483,PAR-003284,PN-EQ-10,2024-08-17,Correctiva,7.1,1,Ninguno (solo mano de obra),6326.0,PN
OT-002484,PAR-003286,PN-EQ-10,2024-08-20,Correctiva,26.2,2,Rodamiento,4811.0,PN
OT-002485,PAR-003287,PN-EQ-10,2024-08-23,Correctiva,2.9,3,Rodamiento,5045.0,PN
OT-002486,PAR-003288,PN-EQ-10,2024-08-24,Correctiva,9.0,3,Revestimiento (liner),1594.0,PN
OT-002487,PAR-003289,PN-EQ-10,2024-09-06,Preventiva,5.5,3,Sello mecánico,1778.0,PN
OT-002488,PAR-003290,PN-EQ-10,2024-09-16,Correctiva,3.3,1,Revestimiento (liner),812.0,PN
OT-002489,PAR-003292,PN-EQ-10,2024-09-19,Correctiva,0.7,2,Revestimiento (liner),4492.0,PN
OT-002490,PAR-003295,PN-EQ-10,2024-09-24,Correctiva,19.6,3,indeterminado,1885.0,PN
OT-002491,PAR-003296,PN-EQ-10,2024-09-26,Correctiva,19.7,3,Motor eléctrico,4246.0,PN
OT-002492,PAR-003297,PN-EQ-10,2024-09-27,Correctiva,29.1,3,Sensor/instrumento,6614.0,PN
OT-002493,PAR-003298,PN-EQ-10,2024-09-28,Preventiva,7.3,2,Motor eléctrico,38.0,PN
OT-002494,PAR-003300,PN-EQ-10,2024-10-01,Correctiva,22.2,1,Revestimiento (liner),3903.0,PN
OT-002495,PAR-003303,PN-EQ-10,2024-10-07,Correctiva,16.4,3,Sello mecánico,7491.0,PN
OT-002496,PAR-003304,PN-EQ-10,2024-10-12,Correctiva,8.9,1,Ninguno (solo mano de obra),7593.0,PN
OT-002497,PAR-003305,PN-EQ-10,2024-10-13,Correctiva,31.1,1,Motor eléctrico,982.0,PN
OT-002498,PAR-003306,PN-EQ-10,2024-10-16,Correctiva,17.4,2,Sello mecánico,3746.0,PN
OT-002499,PAR-003308,PN-EQ-10,2024-10-18,Preventiva,8.0,3,Sello mecánico,2283.0,PN
OT-002500,PAR-003309,PN-EQ-10,2024-10-18,Correctiva,30.2,3,Rodamiento,3956.0,PN
OT-002501,PAR-003311,PN-EQ-10,2024-10-24,Correctiva,1.2,3,Revestimiento (liner),5780.0,PN
OT-002502,PAR-003312,PN-EQ-10,2024-11-06,Correctiva,18.8,1,Ninguno (solo mano de obra),4888.0,PN
OT-002503,PAR-003313,PN-EQ-10,2024-11-09,Preventiva,9.3,2,Faja/correa,163.0,PN
OT-002504,PAR-003316,PN-EQ-10,2024-11-15,Correctiva,13.5,3,Ninguno (solo mano de obra),7129.0,PN
OT-002505,PAR-003317,PN-EQ-10,2024-11-16,Correctiva,13.4,3,Faja/correa,769.0,PN
OT-002506,PAR-003319,PN-EQ-10,2024-11-25,Preventiva,8.6,1,Rodamiento,1828.0,PN
OT-002507,PAR-003320,PN-EQ-10,2024-11-28,Correctiva,4.3,3,Revestimiento (liner),7033.0,PN
OT-002508,PAR-003321,PN-EQ-10,2024-11-30,Correctiva,26.3,2,Rodamiento,5961.0,PN
OT-002509,PAR-003323,PN-EQ-10,2024-12-09,Correctiva,9.3,1,Motor eléctrico,6569.0,PN
OT-002510,PAR-003324,PN-EQ-10,2024-12-11,Preventiva,10.0,1,Rodamiento,2181.0,PN
OT-002511,PAR-003325,PN-EQ-10,2024-12-12,Correctiva,4.6,2,Rodamiento,1872.0,PN
OT-002512,PAR-003326,PN-EQ-10,2024-12-13,Correctiva,27.3,1,Ninguno (solo mano de obra),7187.0,PN
OT-002513,PAR-003327,PN-EQ-10,2024-12-21,Correctiva,11.4,3,Revestimiento (liner),4866.0,PN
OT-002514,PAR-003328,PN-EQ-10,2024-12-22,Correctiva,16.5,2,Ninguno (solo mano de obra),1749.0,PN
OT-002515,PAR-003329,PN-EQ-10,2024-12-24,Correctiva,8.4,3,Revestimiento (liner),2416.0,PN
OT-002516,PAR-003330,PN-EQ-10,2024-12-25,Preventiva,9.6,1,Revestimiento (liner),2024.0,PN
OT-002517,PAR-003332,PN-EQ-10,2025-01-02,Correctiva,11.4,1,Ninguno (solo mano de obra),6894.0,PN
OT-002518,PAR-003333,PN-EQ-10,2025-01-05,Correctiva,7.4,2,Motor eléctrico,35.0,PN
OT-002519,PAR-003335,PN-EQ-10,2025-01-15,Correctiva,20.9,1,Sensor/instrumento,5609.0,PN
OT-002520,PAR-003336,PN-EQ-10,2025-01-17,Preventiva,4.8,3,Faja/correa,2238.0,PN
OT-002521,PAR-003337,PN-EQ-10,2025-01-17,Correctiva,4.6,3,Faja/correa,5337.0,PN
OT-002522,PAR-003338,PN-EQ-10,2025-01-26,Correctiva,1.9,2,Motor eléctrico,327.0,PN
OT-002523,PAR-003339,PN-EQ-10,2025-02-08,Preventiva,11.1,2,Motor eléctrico,202.0,PN
OT-002524,PAR-003340,PN-EQ-10,2025-02-10,Correctiva,2.2,3,Rodamiento,7060.0,PN
OT-002525,PAR-003341,PN-EQ-10,2025-02-13,Correctiva,8.1,3,Sensor/instrumento,1896.0,PN
OT-002526,PAR-003342,PN-EQ-10,2025-02-14,Correctiva,3.5,3,Ninguno (solo mano de obra),6309.0,PN
OT-002527,PAR-003343,PN-EQ-10,2025-02-16,Correctiva,0.7,2,Sello mecánico,121.0,PN
OT-002528,PAR-003345,PN-EQ-10,2025-02-17,Correctiva,21.0,1,Sensor/instrumento,1961.0,PN
OT-002529,PAR-003346,PN-EQ-10,2025-02-18,Correctiva,7.8,1,Sello mecánico,4979.0,PN
OT-002530,PAR-003348,PN-EQ-10,2025-02-21,Correctiva,7.2,1,Rodamiento,1750.0,PN
OT-002531,PAR-003349,PN-EQ-10,2025-02-23,Preventiva,12.9,3,Ninguno (solo mano de obra),1926.0,PN
OT-002532,PAR-003350,PN-EQ-10,2025-02-25,Correctiva,24.3,1,Motor eléctrico,1352.0,PN
OT-002533,PAR-003351,PN-EQ-10,2025-03-02,Correctiva,4.1,1,Faja/correa,4406.0,PN
OT-002534,PAR-003352,PN-EQ-10,2025-03-10,Preventiva,5.1,2,Revestimiento (liner),2161.0,PN
OT-002535,PAR-003354,PN-EQ-10,2025-03-17,Correctiva,31.3,3,Faja/correa,667.0,PN
OT-002536,PAR-003355,PN-EQ-10,2025-03-18,Correctiva,5.6,1,Faja/correa,6208.0,PN
OT-002537,PAR-003356,PN-EQ-10,2025-03-19,Correctiva,6.5,3,Ninguno (solo mano de obra),5277.0,PN
OT-002538,PAR-003357,PN-EQ-10,2025-03-21,Correctiva,25.2,1,Motor eléctrico,4508.0,PN
OT-002539,PAR-003358,PN-EQ-10,2025-03-27,Correctiva,5.7,1,Rodamiento,7120.0,PN
OT-002540,PAR-003359,PN-EQ-10,2025-03-29,Preventiva,4.7,2,Rodamiento,735.0,PN
OT-002541,PAR-003360,PN-EQ-10,2025-03-29,Correctiva,1.4,3,Revestimiento (liner),5105.0,PN
OT-002542,PAR-003361,PN-EQ-10,2025-04-03,Correctiva,9.0,2,Sello mecánico,3896.0,PN
OT-002543,PAR-003362,PN-EQ-10,2025-04-05,Correctiva,12.2,2,Sello mecánico,5586.0,PN
OT-002544,PAR-003363,PN-EQ-10,2025-04-06,Correctiva,3.7,2,Sensor/instrumento,284.0,PN
OT-002545,PAR-003364,PN-EQ-10,2025-04-09,Correctiva,19.6,2,Ninguno (solo mano de obra),1456.0,PN
OT-002546,PAR-003365,PN-EQ-10,2025-04-10,Correctiva,6.7,3,Rodamiento,707.0,PN
OT-002547,PAR-003366,PN-EQ-10,2025-04-18,Correctiva,4.5,1,Ninguno (solo mano de obra),1474.0,PN
OT-002548,PAR-003367,PN-EQ-10,2025-04-20,Preventiva,9.1,3,Sensor/instrumento,1848.0,PN
OT-002549,PAR-003368,PN-EQ-10,2025-04-23,Correctiva,14.4,3,Rodamiento,6221.0,PN
OT-002550,PAR-003369,PN-EQ-10,2025-04-25,Correctiva,21.7,2,Motor eléctrico,6120.0,PN
OT-002551,PAR-003370,PN-EQ-10,2025-04-28,Correctiva,3.2,3,Faja/correa,3102.0,PN
OT-002552,PAR-003371,PN-EQ-10,2025-05-04,Correctiva,16.9,1,Sensor/instrumento,603.0,PN
OT-002553,PAR-003372,PN-EQ-10,2025-05-07,Correctiva,18.2,3,Sensor/instrumento,2581.0,PN
OT-002554,PAR-003373,PN-EQ-10,2025-05-09,Preventiva,10.3,1,Faja/correa,382.0,PN
OT-002555,PAR-003374,PN-EQ-10,2025-05-09,Correctiva,14.4,1,Ninguno (solo mano de obra),6865.0,PN
OT-002556,PAR-003375,PN-EQ-10,2025-05-10,Correctiva,8.5,1,Sello mecánico,6745.0,PN
OT-002557,PAR-003377,PN-EQ-10,2025-05-12,Correctiva,21.8,3,Faja/correa,4781.0,PN
OT-002558,PAR-003378,PN-EQ-10,2025-05-21,Correctiva,23.8,2,Sensor/instrumento,3384.0,PN
OT-002559,PAR-003379,PN-EQ-10,2025-05-22,Correctiva,13.4,1,Sensor/instrumento,2678.0,PN
OT-002560,PAR-003380,PN-EQ-10,2025-05-24,Preventiva,7.2,1,Faja/correa,1629.0,PN
OT-002561,PAR-003381,PN-EQ-10,2025-05-26,Correctiva,11.5,3,Sello mecánico,6231.0,PN
OT-002562,PAR-003382,PN-EQ-10,2025-05-30,Correctiva,4.6,1,Sello mecánico,7526.0,PN
OT-002563,PAR-003383,PN-EQ-10,2025-06-03,Correctiva,8.6,1,Sensor/instrumento,5415.0,PN
OT-002564,PAR-003384,PN-EQ-10,2025-06-07,Correctiva,1.9,2,Sensor/instrumento,257.0,PN
OT-002565,PAR-003385,PN-EQ-10,2025-06-14,Preventiva,7.4,2,Faja/correa,998.0,PN
OT-002566,PAR-003386,PN-EQ-10,2025-06-18,Correctiva,20.4,2,Ninguno (solo mano de obra),1018.0,PN
OT-002567,PAR-003387,PN-EQ-10,2025-06-19,Correctiva,20.2,1,Ninguno (solo mano de obra),125.0,PN
OT-002568,PAR-003388,PN-EQ-10,2025-06-21,Correctiva,0.6,2,Faja/correa,7468.0,PN
OT-002569,PAR-003389,PN-EQ-10,2025-06-22,Correctiva,10.7,1,Faja/correa,4844.0,PN
OT-002570,PAR-003390,PN-EQ-10,2025-06-27,Correctiva,5.2,1,Faja/correa,1876.0,PN
OT-002571,PAR-003391,PN-EQ-10,2025-07-01,Correctiva,8.4,2,indeterminado,6722.0,PN
OT-002572,PAR-003392,PN-EQ-10,2025-07-02,Correctiva,19.8,1,Revestimiento (liner),5362.0,PN
OT-002573,PAR-003393,PN-EQ-10,2025-07-03,Correctiva,3.0,1,Faja/correa,2494.0,PN
OT-002574,PAR-003395,PN-EQ-10,2025-07-07,Preventiva,9.2,2,Sello mecánico,2484.0,PN
OT-002575,PAR-003396,PN-EQ-10,2025-07-08,Correctiva,23.3,3,Revestimiento (liner),7206.0,PN
OT-002576,PAR-003397,PN-EQ-10,2025-07-11,Correctiva,18.1,1,Sello mecánico,6027.0,PN
OT-002577,PAR-003399,PN-EQ-10,2025-07-21,Preventiva,7.5,2,Rodamiento,333.0,PN
OT-002578,PAR-003403,PN-EQ-10,2025-07-26,Correctiva,19.1,2,Ninguno (solo mano de obra),261.0,PN
OT-002579,PAR-003404,PN-EQ-10,2025-08-01,Correctiva,14.6,1,Motor eléctrico,2007.0,PN
OT-002580,PAR-003405,PN-EQ-10,2025-08-03,Correctiva,9.3,2,Ninguno (solo mano de obra),2730.0,PN
OT-002581,PAR-003406,PN-EQ-10,2025-08-06,Preventiva,6.9,1,Motor eléctrico,1366.0,PN
OT-002582,PAR-003407,PN-EQ-10,2025-08-07,Correctiva,3.5,3,Faja/correa,1836.0,PN
OT-002583,PAR-003408,PN-EQ-10,2025-08-09,Correctiva,20.8,3,Sello mecánico,1142.0,PN
OT-002584,PAR-003410,PN-EQ-10,2025-08-19,Correctiva,7.1,3,Revestimiento (liner),6738.0,PN
OT-002585,PAR-003411,PN-EQ-10,2025-08-26,Preventiva,7.4,2,Faja/correa,1204.0,PN
OT-002586,PAR-003412,PN-EQ-10,2025-08-31,Correctiva,7.3,2,Revestimiento (liner),519.0,PN
OT-002587,PAR-003413,PN-EQ-10,2025-09-07,Correctiva,26.5,2,Sello mecánico,3329.0,PN
OT-002588,PAR-003414,PN-EQ-10,2025-09-16,Preventiva,7.5,3,Sensor/instrumento,34.0,PN
OT-002589,PAR-003416,PN-EQ-10,2025-09-28,Correctiva,24.5,2,Faja/correa,2669.0,PN
OT-002590,PAR-003418,PN-EQ-10,2025-09-30,Correctiva,5.0,2,Sensor/instrumento,1004.0,PN
OT-002591,PAR-003420,PN-EQ-10,2025-10-06,Preventiva,3.4,2,Sensor/instrumento,1879.0,PN
OT-002592,PAR-003421,PN-EQ-10,2025-10-11,Correctiva,31.8,2,Sensor/instrumento,2351.0,PN
OT-002593,PAR-003422,PN-EQ-10,2025-10-12,Correctiva,7.4,3,Sello mecánico,2610.0,PN
OT-002594,PAR-003423,PN-EQ-10,2025-10-18,Correctiva,15.4,1,Sensor/instrumento,7276.0,PN
OT-002595,PAR-003425,PN-EQ-10,2025-10-25,Correctiva,26.1,3,Rodamiento,3861.0,PN
OT-002596,PAR-003426,PN-EQ-10,2025-10-26,Preventiva,10.6,2,Revestimiento (liner),1865.0,PN
OT-002597,PAR-003428,PN-EQ-10,2025-10-27,Correctiva,27.2,3,Sensor/instrumento,1757.0,PN
OT-002598,PAR-003429,PN-EQ-10,2025-10-28,Correctiva,5.9,2,Motor eléctrico,2062.0,PN
OT-002599,PAR-003430,PN-EQ-10,2025-11-01,Correctiva,9.2,1,Revestimiento (liner),5462.0,PN
OT-002600,PAR-003431,PN-EQ-10,2025-11-09,Correctiva,26.7,1,Ninguno (solo mano de obra),3944.0,PN
OT-002601,PAR-003432,PN-EQ-10,2025-11-10,Correctiva,2.9,2,Ninguno (solo mano de obra),2878.0,PN
OT-002602,PAR-003434,PN-EQ-10,2025-11-17,Preventiva,6.3,2,Motor eléctrico,226.0,PN
OT-002603,PAR-003436,PN-EQ-10,2025-11-19,Correctiva,24.4,2,Ninguno (solo mano de obra),374.0,PN
OT-002604,PAR-003438,PN-EQ-10,2025-11-25,Correctiva,5.7,3,Faja/correa,6139.0,PN
OT-002605,PAR-003439,PN-EQ-10,2025-11-29,Correctiva,21.2,1,Sensor/instrumento,7872.0,PN
OT-002606,PAR-003441,PN-EQ-10,2025-12-01,Correctiva,1.8,1,Ninguno (solo mano de obra),1195.0,PN
OT-002607,PAR-003442,PN-EQ-10,2025-12-06,Correctiva,31.3,3,Rodamiento,4672.0,PN
OT-002608,PAR-003443,PN-EQ-10,2025-12-07,Preventiva,3.5,1,Rodamiento,1997.0,PN
OT-002609,PAR-003444,PN-EQ-10,2025-12-13,Correctiva,18.8,3,Sello mecánico,2309.0,PN
OT-002610,PAR-003446,PN-EQ-10,2025-12-18,Correctiva,12.3,2,Faja/correa,3456.0,PN
OT-002611,PAR-003447,PN-EQ-10,2025-12-20,Correctiva,21.5,3,Faja/correa,204.0,PN
OT-002612,PAR-003448,PN-EQ-10,2025-12-22,Preventiva,9.9,3,Motor eléctrico,687.0,PN
OT-002613,PAR-003449,PN-EQ-10,2025-12-24,Correctiva,8.8,1,Sello mecánico,4589.0,PN
OT-002614,PAR-003451,PN-EQ-10,2025-12-31,Correctiva,2.7,1,Rodamiento,7838.0,PN
OT-002615,PAR-003452,PN-EQ-10,2026-01-03,Correctiva,1.1,1,Revestimiento (liner),3984.0,PN
OT-002616,PAR-003453,PN-EQ-10,2026-01-06,Correctiva,13.4,2,Revestimiento (liner),5788.0,PN
OT-002617,PAR-003454,PN-EQ-10,2026-01-10,Preventiva,5.9,3,Sensor/instrumento,2441.0,PN
OT-002618,PAR-003455,PN-EQ-10,2026-01-11,Correctiva,10.5,2,Motor eléctrico,5770.0,PN
OT-002619,PAR-003456,PN-EQ-10,2026-01-14,Correctiva,22.8,3,Revestimiento (liner),4841.0,PN
OT-002620,PAR-003457,PN-EQ-10,2026-01-15,Correctiva,12.4,1,Sello mecánico,7009.0,PN
OT-002621,PAR-003461,PN-EQ-10,2026-01-25,Correctiva,1.6,2,Faja/correa,6760.0,PN
OT-002622,PAR-003463,PN-EQ-10,2026-01-29,Preventiva,4.8,2,indeterminado,313.0,PN
OT-002623,PAR-003464,PN-EQ-10,2026-01-30,Correctiva,5.8,2,Sensor/instrumento,7575.0,PN
OT-002624,PAR-003465,PN-EQ-10,2026-02-02,Correctiva,15.6,2,Sello mecánico,3082.0,PN
OT-002625,PAR-003466,PN-EQ-10,2026-02-03,Correctiva,11.9,2,Rodamiento,7111.0,PN
OT-002626,PAR-003467,PN-EQ-10,2026-02-11,Correctiva,7.8,1,Revestimiento (liner),7120.0,PN
OT-002627,PAR-003468,PN-EQ-10,2026-02-12,Correctiva,1.8,3,Sello mecánico,1276.0,PN
OT-002628,PAR-003469,PN-EQ-10,2026-02-13,Preventiva,5.4,3,Motor eléctrico,2404.0,PN
OT-002629,PAR-003470,PN-EQ-10,2026-02-15,Correctiva,10.6,2,Motor eléctrico,7281.0,PN
OT-002630,PAR-003471,PN-EQ-10,2026-02-18,Correctiva,24.2,3,Sensor/instrumento,1111.0,PN
OT-002631,PAR-003472,PN-EQ-10,2026-02-21,Correctiva,9.9,1,Motor eléctrico,5853.0,PN
OT-002632,PAR-003474,PN-EQ-10,2026-02-24,Correctiva,1.7,3,Faja/correa,4093.0,PN
OT-002633,PAR-003475,PN-EQ-10,2026-02-25,Correctiva,3.4,2,Ninguno (solo mano de obra),7607.0,PN
OT-002634,PAR-003476,PN-EQ-10,2026-03-01,Correctiva,4.0,1,Sensor/instrumento,5331.0,PN
OT-002635,PAR-003477,PN-EQ-10,2026-03-02,Correctiva,3.3,2,Sensor/instrumento,7106.0,PN
OT-002636,PAR-003478,PN-EQ-10,2026-03-06,Preventiva,13.7,2,Faja/correa,1137.0,PN
OT-002637,PAR-003479,PN-EQ-10,2026-03-06,Correctiva,2.0,1,Faja/correa,2341.0,PN
OT-002638,PAR-003480,PN-EQ-10,2026-03-07,Correctiva,1.2,1,Motor eléctrico,922.0,PN
OT-002639,PAR-003483,PN-EQ-10,2026-03-13,Correctiva,7.4,2,Sensor/instrumento,2572.0,PN
OT-002640,PAR-003484,PN-EQ-10,2026-03-15,Correctiva,0.8,3,Ninguno (solo mano de obra),7208.0,PN
OT-002641,PAR-003485,PN-EQ-10,2026-03-24,Preventiva,4.3,1,Revestimiento (liner),2215.0,PN
OT-002642,PAR-003486,PN-EQ-10,2026-03-26,Correctiva,5.6,2,Motor eléctrico,7332.0,PN
OT-002643,PAR-003487,PN-EQ-10,2026-03-28,Correctiva,30.7,1,Sello mecánico,5801.0,PN
OT-002644,PAR-003489,PN-EQ-10,2026-04-04,Correctiva,9.1,2,Ninguno (solo mano de obra),279.0,PN
OT-002645,PAR-003491,PN-EQ-10,2026-04-14,Preventiva,10.5,2,Rodamiento,1072.0,PN
OT-002646,PAR-003492,PN-EQ-10,2026-04-17,Correctiva,5.3,3,Sello mecánico,1569.0,PN
OT-002647,PAR-003493,PN-EQ-10,2026-04-26,Correctiva,12.1,3,Motor eléctrico,165.0,PN
OT-002648,PAR-003495,PN-EQ-10,2026-04-30,Preventiva,8.2,3,Sensor/instrumento,1679.0,PN
OT-002649,PAR-003496,PN-EQ-10,2026-04-30,Correctiva,13.4,2,Sensor/instrumento,6016.0,PN
OT-002650,PAR-003497,PN-EQ-10,2026-05-02,Correctiva,1.3,1,Faja/correa,7514.0,PN
OT-002651,PAR-003498,PN-EQ-10,2026-05-07,Correctiva,20.0,1,Revestimiento (liner),4455.0,PN
OT-002652,PAR-003499,PN-EQ-10,2026-05-08,Correctiva,10.8,2,Faja/correa,308.0,PN
OT-002653,PAR-003500,PN-EQ-10,2026-05-14,Preventiva,7.3,3,Motor eléctrico,2448.0,PN
OT-002654,PAR-003501,PN-EQ-10,2026-05-15,Correctiva,9.1,3,Rodamiento,106.0,PN
OT-002655,PAR-003503,PN-EQ-10,2026-05-17,Correctiva,11.7,1,Faja/correa,4865.0,PN
OT-002656,PAR-003504,PN-EQ-10,2026-05-25,Correctiva,19.3,3,indeterminado,1626.0,PN
OT-002657,PAR-003507,PN-EQ-10,2026-05-29,Preventiva,11.5,3,Revestimiento (liner),936.0,PN
OT-002658,PAR-003510,PN-EQ-10,2026-06-09,Correctiva,4.3,3,Ninguno (solo mano de obra),2330.0,PN
OT-002659,PAR-003512,PN-EQ-10,2026-06-10,Correctiva,1.4,3,indeterminado,3199.0,PN
OT-002660,PAR-003513,PN-EQ-10,2026-06-13,Preventiva,10.3,1,Ninguno (solo mano de obra),1290.0,PN
OT-002661,PAR-003514,PN-EQ-10,2026-06-13,Correctiva,6.5,3,Rodamiento,2134.0,PN
OT-002662,PAR-003515,PN-EQ-10,2026-06-15,Correctiva,3.3,2,Sensor/instrumento,5854.0,PN
OT-002663,PAR-003516,PN-EQ-10,2026-06-16,Correctiva,4.0,1,Motor eléctrico,6292.0,PN
OT-002664,PAR-003517,PN-EQ-10,2026-06-20,Correctiva,7.5,2,Rodamiento,4325.0,PN
OT-002665,PAR-003519,PN-EQ-10,2026-06-27,Correctiva,17.7,3,Sello mecánico,1889.0,PN
OT-002666,PAR-003520,PN-EQ-10,2026-07-01,Correctiva,3.2,2,Rodamiento,3312.0,PN
OT-002667,PAR-003521,PN-EQ-10,2026-07-04,Correctiva,0.7,3,Ninguno (solo mano de obra),15.0,PN
OT-002668,PAR-003522,PN-EQ-10,2026-07-06,Preventiva,12.1,3,Ninguno (solo mano de obra),1353.0,PN
OT-002669,PAR-003523,PN-EQ-10,2026-07-10,Correctiva,15.3,2,Ninguno (solo mano de obra),648.0,PN
OT-002670,PAR-003524,PN-EQ-10,2026-07-13,Correctiva,28.5,3,Rodamiento,2903.0,PN
OT-002671,PAR-003525,PN-EQ-10,2026-07-15,Correctiva,24.0,3,Revestimiento (liner),4997.0,PN
OT-002672,PAR-003526,PN-EQ-10,2026-07-16,Correctiva,4.3,1,Motor eléctrico,6039.0,PN
OT-002673,PAR-003527,PN-EQ-10,2026-07-21,Correctiva,14.7,3,Ninguno (solo mano de obra),7689.0,PN
OT-002674,PAR-003528,PN-EQ-10,2026-07-22,Correctiva,4.3,3,Sensor/instrumento,644.0,PN
OT-002675,PAR-003529,PN-EQ-10,2026-07-23,Preventiva,8.9,1,Rodamiento,127.0,PN
OT-002676,PAR-003530,PN-EQ-10,2026-07-30,Correctiva,0.9,1,Rodamiento,5563.0,PN
OT-002677,PAR-003531,PN-EQ-10,2026-08-05,Correctiva,7.5,2,Sensor/instrumento,4740.0,PN
OT-002678,PAR-003532,PN-EQ-10,2026-08-06,Correctiva,9.1,2,Faja/correa,7044.0,PN
OT-002679,PAR-003533,PN-EQ-10,2026-08-10,Preventiva,6.3,3,Revestimiento (liner),1350.0,PN
OT-002680,PAR-003534,PN-EQ-10,2026-08-10,Correctiva,18.9,1,Motor eléctrico,3660.0,PN
OT-002681,PAR-003535,PN-EQ-10,2026-08-13,Correctiva,6.2,1,Rodamiento,6172.0,PN
OT-002682,PAR-003537,PN-EQ-10,2026-08-15,Correctiva,14.6,3,Ninguno (solo mano de obra),4842.0,PN
OT-002683,PAR-003538,PN-EQ-10,2026-08-16,Correctiva,8.1,1,Sello mecánico,2247.0,PN
OT-002684,PAR-003539,PN-EQ-10,2026-08-23,Correctiva,6.2,2,Motor eléctrico,920.0,PN
OT-002685,PAR-003540,PN-EQ-10,2026-08-28,Correctiva,2.4,2,Revestimiento (liner),3162.0,PN
OT-002686,PAR-003541,PN-EQ-10,2026-09-01,Preventiva,6.8,3,Ninguno (solo mano de obra),200.0,PN
OT-002687,PAR-003542,PN-EQ-10,2026-09-03,Correctiva,1.1,1,Sello mecánico,3173.0,PN
OT-002688,PAR-003543,PN-EQ-10,2026-09-05,Correctiva,12.1,1,Faja/correa,839.0,PN
OT-002689,PAR-003545,PN-EQ-10,2026-09-13,Correctiva,0.8,1,Revestimiento (liner),1707.0,PN
OT-002690,PAR-003546,PN-EQ-10,2026-09-14,Correctiva,1.9,1,Sensor/instrumento,2601.0,PN
OT-002691,PAR-003547,PN-EQ-10,2026-09-20,Preventiva,6.0,1,Sello mecánico,945.0,PN
OT-002692,PAR-003549,PN-EQ-10,2026-09-21,Correctiva,28.5,2,Ninguno (solo mano de obra),3012.0,PN
OT-002693,PAR-003550,PN-EQ-10,2026-09-23,Correctiva,28.6,3,Sello mecánico,5436.0,PN
OT-002694,PAR-003551,PN-EQ-10,2026-09-26,Correctiva,31.9,3,Ninguno (solo mano de obra),568.0,PN
OT-002695,PAR-003552,PN-EQ-10,2026-10-06,Preventiva,11.7,2,Sello mecánico,1163.0,PN
OT-002696,PAR-003554,PN-EQ-10,2026-10-17,Correctiva,2.2,3,Sello mecánico,3284.0,PN
OT-002697,PAR-003555,PN-EQ-10,2026-10-19,Correctiva,0.7,3,Faja/correa,7781.0,PN
OT-002698,PAR-003556,PN-EQ-10,2026-10-20,Correctiva,4.1,3,Rodamiento,390.0,PN
OT-002699,PAR-003557,PN-EQ-10,2026-10-23,Correctiva,21.1,2,Revestimiento (liner),4739.0,PN
OT-002700,PAR-003558,PN-EQ-10,2026-10-27,Correctiva,4.9,3,Sensor/instrumento,7779.0,PN
OT-002701,PAR-003559,PN-EQ-10,2026-10-28,Correctiva,2.3,2,Motor eléctrico,6389.0,PN
OT-002702,PAR-003560,PN-EQ-10,2026-10-29,Preventiva,6.6,3,Sensor/instrumento,657.0,PN
OT-002703,PAR-003561,PN-EQ-10,2026-11-01,Correctiva,4.2,2,Faja/correa,5675.0,PN
OT-002704,PAR-003562,PN-EQ-10,2026-11-05,Correctiva,7.1,1,Motor eléctrico,5777.0,PN
OT-002705,PAR-003564,PN-EQ-10,2026-11-08,Correctiva,21.1,1,Sello mecánico,3935.0,PN
OT-002706,PAR-003566,PN-EQ-10,2026-11-17,Correctiva,15.1,1,Ninguno (solo mano de obra),2282.0,PN
OT-002707,PAR-003567,PN-EQ-10,2026-11-20,Preventiva,4.9,3,Sello mecánico,772.0,PN
OT-002708,PAR-003568,PN-EQ-10,2026-11-20,Correctiva,6.0,3,Rodamiento,118.0,PN
OT-002709,PAR-003569,PN-EQ-10,2026-11-21,Correctiva,7.3,1,Rodamiento,7066.0,PN
OT-002710,PAR-003570,PN-EQ-10,2026-11-24,Correctiva,26.0,2,Motor eléctrico,2479.0,PN
OT-002711,PAR-003571,PN-EQ-10,2026-11-27,Correctiva,7.3,1,Faja/correa,5546.0,PN
OT-002712,PAR-003572,PN-EQ-10,2026-12-04,Preventiva,10.8,2,Motor eléctrico,1086.0,PN
OT-002713,PAR-003573,PN-EQ-10,2026-12-10,Correctiva,22.4,3,Faja/correa,6332.0,PN
OT-002714,PAR-003574,PN-EQ-10,2026-12-13,Correctiva,5.3,2,Revestimiento (liner),2350.0,PN
OT-002715,PAR-003575,PN-EQ-10,2026-12-17,Correctiva,12.3,1,Sensor/instrumento,2991.0,PN
OT-002716,PAR-003576,PN-EQ-10,2026-12-20,Preventiva,7.3,1,Motor eléctrico,533.0,PN
OT-002717,PAR-003577,PN-EQ-10,2026-12-21,Correctiva,4.8,3,Faja/correa,3316.0,PN
OT-002718,PAR-003578,PN-EQ-10,2026-12-22,Correctiva,13.9,2,Faja/correa,4324.0,PN
OT-002719,PAR-003579,PN-EQ-10,2026-12-23,Correctiva,22.3,2,Ninguno (solo mano de obra),6781.0,PN
OT-002720,PAR-003580,PN-EQ-10,2027-01-02,Correctiva,3.7,3,Sensor/instrumento,2505.0,PN
OT-002721,PAR-003582,PN-EQ-10,2027-01-04,Correctiva,19.2,3,Rodamiento,7149.0,PN
OT-002722,PAR-003583,PN-EQ-10,2027-01-07,Correctiva,25.3,1,Sello mecánico,5724.0,PN
OT-002723,PAR-003585,PN-EQ-10,2027-01-10,Preventiva,9.5,1,Ninguno (solo mano de obra),2373.0,PN
OT-002724,PAR-003586,PN-EQ-10,2027-01-14,Correctiva,13.7,3,Revestimiento (liner),6653.0,PN
OT-002725,PAR-003587,PN-EQ-10,2027-01-15,Correctiva,17.7,2,Sello mecánico,1350.0,PN
OT-002726,PAR-003590,PN-EQ-10,2027-01-31,Preventiva,12.8,3,Ninguno (solo mano de obra),1177.0,PN
OT-002727,PAR-003592,PN-EQ-10,2027-02-07,Correctiva,23.3,3,Motor eléctrico,3365.0,PN
OT-002728,PAR-003594,PN-EQ-10,2027-02-19,Preventiva,9.6,2,Sensor/instrumento,1946.0,PN
OT-002729,PAR-003595,PN-EQ-10,2027-02-22,Correctiva,11.4,1,Motor eléctrico,6606.0,PN
OT-002730,PAR-003596,PN-EQ-10,2027-03-01,Correctiva,3.0,3,Faja/correa,2747.0,PN
OT-002731,PAR-003597,PN-EQ-10,2027-03-09,Preventiva,10.1,3,Revestimiento (liner),1181.0,PN
OT-002732,PAR-003598,PN-EQ-10,2027-03-09,Correctiva,19.2,1,Sensor/instrumento,5706.0,PN
OT-002733,PAR-003599,PN-EQ-10,2027-03-12,Correctiva,0.6,3,Faja/correa,4105.0,PN
OT-002734,PAR-003600,PN-EQ-10,2027-03-20,Correctiva,12.1,2,Motor eléctrico,7503.0,PN
OT-002735,PAR-003601,PN-EQ-10,2027-03-26,Correctiva,19.0,2,Rodamiento,104.0,PN
OT-002736,PAR-003603,PN-EQ-10,2027-03-29,Preventiva,5.4,2,Rodamiento,928.0,PN
OT-002737,PAR-003604,PN-EQ-10,2027-03-30,Correctiva,22.3,1,Motor eléctrico,6864.0,PN
OT-002738,PAR-003605,PN-EQ-10,2027-04-01,Correctiva,6.6,1,Revestimiento (liner),6040.0,PN
OT-002739,PAR-003606,PN-EQ-10,2027-04-05,Correctiva,29.6,2,Ninguno (solo mano de obra),5935.0,PN
OT-002740,PAR-003607,PN-EQ-10,2027-04-17,Preventiva,10.3,3,Ninguno (solo mano de obra),1407.0,PN
OT-002741,PAR-003609,PN-EQ-10,2027-04-18,Correctiva,19.7,1,Ninguno (solo mano de obra),7783.0,PN
OT-002742,PAR-003610,PN-EQ-10,2027-04-21,Correctiva,28.7,2,indeterminado,1258.0,PN
OT-002743,PAR-003611,PN-EQ-10,2027-04-22,Correctiva,10.2,2,Rodamiento,3991.0,PN
OT-002744,PAR-003612,PN-EQ-10,2027-04-28,Correctiva,2.4,1,Motor eléctrico,5957.0,PN
OT-002745,PAR-003613,PN-EQ-10,2027-05-02,Correctiva,20.5,2,Faja/correa,5496.0,PN
OT-002746,PAR-003614,PN-EQ-10,2027-05-03,Preventiva,7.2,2,Motor eléctrico,2369.0,PN
OT-002747,PAR-003615,PN-EQ-10,2027-05-03,Correctiva,27.4,1,Faja/correa,6507.0,PN
OT-002748,PAR-003616,PN-EQ-10,2027-05-05,Correctiva,3.9,2,Sensor/instrumento,2452.0,PN
OT-002749,PAR-003618,PN-EQ-10,2027-05-22,Preventiva,4.1,1,Rodamiento,54.0,PN
OT-002750,PAR-003620,PN-EQ-10,2027-05-27,Correctiva,12.0,3,Sello mecánico,7375.0,PN
OT-002751,PAR-003621,PN-EQ-10,2027-06-03,Correctiva,7.1,1,Sensor/instrumento,1844.0,PN
OT-002752,PAR-003622,PN-EQ-10,2027-06-04,Correctiva,4.7,2,Revestimiento (liner),4198.0,PN
OT-002753,PAR-003623,PN-EQ-10,2027-06-07,Preventiva,7.3,2,Sello mecánico,1819.0,PN
OT-002754,PAR-003624,PN-EQ-10,2027-06-15,Correctiva,4.4,3,Ninguno (solo mano de obra),4930.0,PN
OT-002755,PAR-003625,PN-EQ-10,2027-06-19,Correctiva,6.6,3,Ninguno (solo mano de obra),6173.0,PN
OT-002756,PAR-003626,PN-EQ-10,2027-06-20,Correctiva,3.2,1,Revestimiento (liner),3642.0,PN
OT-002757,PAR-003628,PN-EQ-10,2027-06-25,Correctiva,6.5,1,Sensor/instrumento,6291.0,PN
OT-002758,PAR-003629,PN-EQ-10,2027-06-26,Correctiva,16.6,2,Motor eléctrico,6159.0,PN
OT-002759,PAR-003630,PN-EQ-10,2027-06-27,Correctiva,10.2,3,Motor eléctrico,4314.0,PN
OT-002760,PAR-003631,PN-EQ-10,2027-06-28,Correctiva,11.1,2,indeterminado,894.0,PN
OT-002761,PAR-003632,PN-EQ-10,2027-06-29,Preventiva,7.0,2,Sello mecánico,1492.0,PN
OT-002762,PAR-003634,PN-EQ-10,2027-07-08,Correctiva,31.4,2,Sello mecánico,6316.0,PN
OT-002763,PAR-003635,PN-EQ-10,2027-07-10,Correctiva,0.5,1,Rodamiento,3077.0,PN
OT-002764,PAR-003636,PN-EQ-10,2027-07-16,Correctiva,0.6,3,Rodamiento,6461.0,PN
OT-002765,PAR-003637,PN-EQ-10,2027-07-18,Correctiva,3.8,2,Rodamiento,5468.0,PN
OT-002766,PAR-003638,PN-EQ-10,2027-07-21,Correctiva,4.3,1,Faja/correa,7376.0,PN
OT-002767,PAR-003639,PN-EQ-10,2027-07-22,Preventiva,10.1,1,Sensor/instrumento,975.0,PN
OT-002768,PAR-003640,PN-EQ-10,2027-07-22,Correctiva,28.4,2,Rodamiento,4813.0,PN
OT-002769,PAR-003642,PN-EQ-10,2027-07-28,Correctiva,31.1,3,Sello mecánico,5098.0,PN
OT-002770,PAR-003643,PN-EQ-10,2027-08-03,Correctiva,21.3,3,Revestimiento (liner),5875.0,PN
OT-002771,PAR-003644,PN-EQ-10,2027-08-06,Correctiva,0.7,3,Revestimiento (liner),6691.0,PN
OT-002772,PAR-003646,PN-EQ-10,2027-08-10,Preventiva,11.0,1,Motor eléctrico,2114.0,PN
OT-002773,PAR-003648,PN-EQ-10,2027-08-20,Correctiva,19.5,3,Revestimiento (liner),4289.0,PN
OT-002774,PAR-003649,PN-EQ-10,2027-08-23,Correctiva,1.9,2,Faja/correa,7365.0,PN
OT-002775,PAR-003650,PN-EQ-10,2027-08-24,Correctiva,10.7,1,Rodamiento,2157.0,PN
OT-002776,PAR-003651,PN-EQ-10,2027-08-26,Preventiva,4.0,2,Sensor/instrumento,1366.0,PN
OT-002777,PAR-003652,PN-EQ-10,2027-09-02,Correctiva,5.3,2,Faja/correa,6403.0,PN
OT-002778,PAR-003653,PN-EQ-10,2027-09-07,Correctiva,12.5,2,Sello mecánico,5209.0,PN
OT-002779,PAR-003654,PN-EQ-10,2027-09-09,Preventiva,4.0,2,Revestimiento (liner),1115.0,PN
OT-002780,PAR-003656,PN-EQ-10,2027-09-10,Correctiva,7.2,2,Revestimiento (liner),6507.0,PN
OT-002781,PAR-003657,PN-EQ-10,2027-09-15,Correctiva,9.4,2,Motor eléctrico,4477.0,PN
OT-002782,PAR-003658,PN-EQ-10,2027-09-17,Correctiva,11.4,2,Rodamiento,6596.0,PN
OT-002783,PAR-003660,PN-EQ-10,2027-09-28,Preventiva,4.4,2,Rodamiento,281.0,PN
OT-002784,PAR-003664,PN-EQ-10,2027-10-16,Correctiva,27.3,1,Sensor/instrumento,981.0,PN
OT-002785,PAR-003665,PN-EQ-10,2027-10-17,Preventiva,9.1,1,Faja/correa,1992.0,PN
OT-002786,PAR-003667,PN-EQ-10,2027-10-23,Correctiva,31.5,2,Rodamiento,7379.0,PN
OT-002787,PAR-003668,PN-EQ-10,2027-10-27,Correctiva,11.2,1,Faja/correa,3614.0,PN
OT-002788,PAR-003669,PN-EQ-10,2027-10-28,Correctiva,2.9,3,Faja/correa,2756.0,PN
OT-002789,PAR-003670,PN-EQ-10,2027-10-30,Correctiva,0.8,1,Faja/correa,671.0,PN
OT-002790,PAR-003671,PN-EQ-10,2027-11-08,Preventiva,9.8,3,Faja/correa,2359.0,PN
OT-002791,PAR-003672,PN-EQ-10,2027-11-09,Correctiva,15.7,2,Motor eléctrico,3788.0,PN
OT-002792,PAR-003673,PN-EQ-10,2027-11-11,Correctiva,7.3,2,Rodamiento,4910.0,PN
OT-002793,PAR-003674,PN-EQ-10,2027-11-22,Correctiva,22.9,1,Rodamiento,5118.0,PN
OT-002794,PAR-003675,PN-EQ-10,2027-11-24,Preventiva,6.1,2,Sensor/instrumento,1888.0,PN
OT-002795,PAR-003676,PN-EQ-10,2027-11-25,Correctiva,6.9,1,Rodamiento,988.0,PN
OT-002796,PAR-003677,PN-EQ-10,2027-11-29,Correctiva,21.3,1,Sensor/instrumento,5943.0,PN
OT-002797,PAR-003678,PN-EQ-10,2027-12-04,Correctiva,17.9,1,Sello mecánico,6321.0,PN
OT-002798,PAR-003680,PN-EQ-10,2027-12-15,Preventiva,8.3,2,Rodamiento,124.0,PN
OT-002799,PAR-003681,PN-EQ-10,2027-12-21,Correctiva,8.9,1,Ninguno (solo mano de obra),219.0,PN
OT-002800,PAR-003682,PN-EQ-10,2027-12-27,Correctiva,11.0,3,Ninguno (solo mano de obra),7813.0,PN
OT-002801,PAR-003683,PN-EQ-10,2027-12-29,Preventiva,9.8,3,Sello mecánico,2369.0,PN
OT-002802,PAR-003685,PC-EQ-01,2024-01-18 00:00:00,Correctiva,7.8,3,Sensor/instrumento,4609.0,PC
OT-002803,PAR-003686,PC-EQ-01,2024-01-22 00:00:00,Preventiva,8.7,2,Motor eléctrico,1228.0,PC
OT-002804,PAR-003687,PC-EQ-01,2024-01-27 00:00:00,Correctiva,6.3,1,Ninguno (solo mano de obra),5438.0,PC
OT-002805,PAR-003688,PC-EQ-01,2024-02-05 00:00:00,Preventiva,8.1,2,Sensor/instrumento,5.0,PC
OT-002806,PAR-003689,PC-EQ-01,2024-02-17 00:00:00,Correctiva,32.0,2,Faja/correa,4743.0,PC
OT-002807,PAR-003690,PC-EQ-01,2024-02-19 00:00:00,Correctiva,8.5,2,Sello mecánico,2268.0,PC
OT-002808,PAR-003691,PC-EQ-01,2024-02-23 00:00:00,Preventiva,7.6,3,Sensor/instrumento,1167.0,PC
OT-002809,PAR-003692,PC-EQ-01,2024-02-26 00:00:00,Correctiva,6.4,3,Motor eléctrico,4496.0,PC
OT-002810,PAR-003693,PC-EQ-01,2024-03-04 00:00:00,Correctiva,16.1,3,Motor eléctrico,1748.0,PC
OT-002811,PAR-003694,PC-EQ-01,2024-03-07 00:00:00,Correctiva,5.7,2,Sensor/instrumento,3557.0,PC
OT-002812,PAR-003695,PC-EQ-01,2024-03-12 00:00:00,Preventiva,4.7,1,Rodamiento,2056.0,PC
OT-002813,PAR-003696,PC-EQ-01,2024-03-15 00:00:00,Correctiva,1.4,3,Motor eléctrico,7736.0,PC
OT-002814,PAR-003697,PC-EQ-01,2024-03-22 00:00:00,Correctiva,11.3,3,Sensor/instrumento,5081.0,PC
OT-002815,PAR-003698,PC-EQ-01,2024-03-29 00:00:00,Preventiva,7.9,1,Motor eléctrico,545.0,PC
OT-002816,PAR-003699,PC-EQ-01,2024-04-08 00:00:00,Correctiva,3.2,2,Revestimiento (liner),6318.0,PC
OT-002817,PAR-003700,PC-EQ-01,2024-04-11 00:00:00,Correctiva,1.8,3,,3259.0,PC
OT-002818,PAR-003701,PC-EQ-01,2024-04-12 00:00:00,Preventiva,8.4,2,Faja/correa,1899.0,PC
OT-002819,PAR-003702,PC-EQ-01,2024-04-20 00:00:00,Correctiva,15.3,3,Ninguno (solo mano de obra),3829.0,PC
OT-002820,PAR-003704,PC-EQ-01,2024-04-28 00:00:00,Correctiva,17.1,1,Ninguno (solo mano de obra),5248.0,PC
OT-002821,PAR-003705,PC-EQ-01,2024-05-04 00:00:00,Preventiva,6.3,1,Faja/correa,1477.0,PC
OT-002822,PAR-003706,PC-EQ-01,2024-05-13 00:00:00,Correctiva,17.1,1,Rodamiento,6129.0,PC
OT-002823,PAR-003707,PC-EQ-01,2024-05-18 00:00:00,Preventiva,6.4,1,Faja/correa,723.0,PC
OT-002824,PAR-003708,PC-EQ-01,2024-05-25 00:00:00,Correctiva,9.2,3,Revestimiento (liner),6986.0,PC
OT-002825,PAR-003709,PC-EQ-01,2024-05-28 00:00:00,Correctiva,31.7,2,Ninguno (solo mano de obra),7103.0,PC
OT-002826,PAR-003710,PC-EQ-01,2024-05-31 00:00:00,Correctiva,25.0,1,Sensor/instrumento,2315.0,PC
OT-002827,PAR-003712,PC-EQ-01,2024-06-06 00:00:00,Preventiva,6.4,3,Ninguno (solo mano de obra),1746.0,PC
OT-002828,PAR-003715,PC-EQ-01,2024-06-21 00:00:00,Preventiva,6.2,2,Sensor/instrumento,1227.0,PC
OT-002829,PAR-003716,PC-EQ-01,2024-06-24 00:00:00,Correctiva,7.7,1,Revestimiento (liner),776.0,PC
OT-002830,PAR-003717,PC-EQ-01,2024-06-25 00:00:00,Correctiva,10.2,1,Sensor/instrumento,2779.0,PC
OT-002831,PAR-003719,PC-EQ-01,2024-06-29 00:00:00,Correctiva,6.3,2,Rodamiento,1957.0,PC
OT-002832,PAR-003720,PC-EQ-01,2024-07-01 00:00:00,Correctiva,2.4,3,Rodamiento,5137.0,PC
OT-002833,PAR-003721,PC-EQ-01,2024-07-05 00:00:00,Preventiva,6.6,1,Motor eléctrico,1200.0,PC
OT-002834,PAR-003723,PC-EQ-01,2024-07-26 00:00:00,Preventiva,13.0,1,Rodamiento,1396.0,PC
OT-002835,PAR-003726,PC-EQ-01,2024-08-06 00:00:00,Correctiva,19.0,2,Rodamiento,2225.0,PC
OT-002836,PAR-003728,PC-EQ-01,2024-08-10 00:00:00,Correctiva,26.2,3,Sello mecánico,7172.0,PC
OT-002837,PAR-003729,PC-EQ-01,2024-08-12 00:00:00,Correctiva,8.5,3,Motor eléctrico,5942.0,PC
OT-002838,PAR-003730,PC-EQ-01,2024-08-13 00:00:00,Preventiva,12.9,3,Faja/correa,1490.0,PC
OT-002839,PAR-003731,PC-EQ-01,2024-08-14 00:00:00,Correctiva,9.4,2,Faja/correa,896.0,PC
OT-002840,PAR-003732,PC-EQ-01,2024-08-19 00:00:00,Correctiva,5.9,3,Motor eléctrico,3940.0,PC
OT-002841,PAR-003733,PC-EQ-01,2024-08-30 00:00:00,Preventiva,7.3,1,Sensor/instrumento,1749.0,PC
OT-002842,PAR-003734,PC-EQ-01,2024-09-04 00:00:00,Correctiva,1.8,3,Motor eléctrico,7159.0,PC
OT-002843,PAR-003736,PC-EQ-01,2024-09-12 00:00:00,Correctiva,4.0,2,Motor eléctrico,6236.0,PC
OT-002844,PAR-003737,PC-EQ-01,2024-09-15 00:00:00,Preventiva,9.7,3,Motor eléctrico,1221.0,PC
OT-002845,PAR-003738,PC-EQ-01,2024-09-25 00:00:00,Correctiva,7.4,2,Sensor/instrumento,990.0,PC
OT-002846,PAR-003741,PC-EQ-01,2024-09-30 00:00:00,Preventiva,6.8,1,Revestimiento (liner),2429.0,PC
OT-002847,PAR-003742,PC-EQ-01,2024-10-02 00:00:00,Correctiva,7.6,3,Rodamiento,7541.0,PC
OT-002848,PAR-003745,PC-EQ-01,2024-10-14 00:00:00,Correctiva,9.3,3,Rodamiento,657.0,PC
OT-002849,PAR-003746,PC-EQ-01,2024-10-21 00:00:00,Correctiva,8.1,3,Faja/correa,7244.0,PC
OT-002850,PAR-003748,PC-EQ-01,2024-10-23 00:00:00,Preventiva,6.9,2,Ninguno (solo mano de obra),521.0,PC
OT-002851,PAR-003749,PC-EQ-01,2024-11-06 00:00:00,Preventiva,8.1,1,Revestimiento (liner),327.0,PC
OT-002852,PAR-003750,PC-EQ-01,2024-11-09 00:00:00,Correctiva,4.4,2,Sensor/instrumento,6302.0,PC
OT-002853,PAR-003751,PC-EQ-01,2024-11-13 00:00:00,Correctiva,6.4,3,Sello mecánico,6838.0,PC
OT-002854,PAR-003753,PC-EQ-01,2024-11-20 00:00:00,Correctiva,2.2,2,Ninguno (solo mano de obra),5873.0,PC
OT-002855,PAR-003755,PC-EQ-01,2024-11-25 00:00:00,Preventiva,6.3,1,Rodamiento,1981.0,PC
OT-002856,PAR-003756,PC-EQ-01,2024-12-02 00:00:00,Correctiva,0.4,1,Ninguno (solo mano de obra),399.0,PC
OT-002857,PAR-003757,PC-EQ-01,2024-12-12 00:00:00,Preventiva,5.8,1,Faja/correa,124.0,PC
OT-002858,PAR-003758,PC-EQ-01,2024-12-13 00:00:00,Correctiva,8.7,3,Motor eléctrico,5962.0,PC
OT-002859,PAR-003760,PC-EQ-01,2024-12-23 00:00:00,Correctiva,4.4,1,Revestimiento (liner),3533.0,PC
OT-002860,PAR-003761,PC-EQ-01,2024-12-28 00:00:00,Correctiva,26.7,2,Ninguno (solo mano de obra),1912.0,PC
OT-002861,PAR-003762,PC-EQ-01,2025-01-01 00:00:00,Preventiva,8.6,2,Sensor/instrumento,2111.0,PC
OT-002862,PAR-003764,PC-EQ-01,2025-01-12 00:00:00,Correctiva,0.5,3,Rodamiento,6360.0,PC
OT-002863,PAR-003765,PC-EQ-01,2025-01-14 00:00:00,Correctiva,4.9,2,Ninguno (solo mano de obra),155.0,PC
OT-002864,PAR-003766,PC-EQ-01,2025-01-16 00:00:00,Correctiva,0.5,3,Sello mecánico,811.0,PC
OT-002865,PAR-003767,PC-EQ-01,2025-01-24 00:00:00,Preventiva,6.5,3,Revestimiento (liner),1797.0,PC
OT-002866,PAR-003769,PC-EQ-01,2025-01-30 00:00:00,Correctiva,8.1,1,Ninguno (solo mano de obra),2351.0,PC
OT-002867,PAR-003770,PC-EQ-01,2025-01-31 00:00:00,Correctiva,8.3,3,Rodamiento,3696.0,PC
OT-002868,PAR-003771,PC-EQ-01,2025-02-01 00:00:00,Correctiva,16.1,1,Faja/correa,4569.0,PC
OT-002869,PAR-003772,PC-EQ-01,2025-02-11 00:00:00,Preventiva,8.4,1,Motor eléctrico,120.0,PC
OT-002870,PAR-003773,PC-EQ-01,2025-02-13 00:00:00,Correctiva,0.5,3,Sensor/instrumento,4905.0,PC
OT-002871,PAR-003774,PC-EQ-01,2025-02-14 00:00:00,Correctiva,5.6,1,Rodamiento,1403.0,PC
OT-002872,PAR-003775,PC-EQ-01,2025-02-17 00:00:00,Correctiva,2.3,1,Sensor/instrumento,1873.0,PC
OT-002873,PAR-003776,PC-EQ-01,2025-02-22 00:00:00,Correctiva,22.7,1,Motor eléctrico,3377.0,PC
OT-002874,PAR-003778,PC-EQ-01,2025-02-25 00:00:00,Preventiva,8.5,3,Ninguno (solo mano de obra),1925.0,PC
OT-002875,PAR-003780,PC-EQ-01,2025-02-25 00:00:00,Correctiva,1.6,2,Rodamiento,4143.0,PC
OT-002876,PAR-003781,PC-EQ-01,2025-02-27 00:00:00,Correctiva,15.5,3,Revestimiento (liner),6748.0,PC
OT-002877,PAR-003784,PC-EQ-01,2025-03-13 00:00:00,Correctiva,5.8,1,Sello mecánico,7204.0,PC
OT-002878,PAR-003785,PC-EQ-01,2025-03-14 00:00:00,Correctiva,16.8,2,Rodamiento,7018.0,PC
OT-002879,PAR-003786,PC-EQ-01,2025-03-19 00:00:00,Preventiva,9.1,3,Motor eléctrico,386.0,PC
OT-002880,PAR-003787,PC-EQ-01,2025-03-30 00:00:00,Correctiva,17.3,2,Revestimiento (liner),7936.0,PC
OT-002881,PAR-003788,PC-EQ-01,2025-04-04 00:00:00,Preventiva,9.3,3,Ninguno (solo mano de obra),520.0,PC
OT-002882,PAR-003789,PC-EQ-01,2025-04-10 00:00:00,Correctiva,19.1,3,Sello mecánico,7880.0,PC
OT-002883,PAR-003790,PC-EQ-01,2025-04-21 00:00:00,Correctiva,3.9,2,Motor eléctrico,952.0,PC
OT-002884,PAR-003791,PC-EQ-01,2025-04-22 00:00:00,Preventiva,10.7,3,Motor eléctrico,549.0,PC
OT-002885,PAR-003792,PC-EQ-01,2025-04-22 00:00:00,Correctiva,1.8,1,Sello mecánico,7434.0,PC
OT-002886,PAR-003794,PC-EQ-01,2025-05-04 00:00:00,Correctiva,31.7,1,Rodamiento,6075.0,PC
OT-002887,PAR-003795,PC-EQ-01,2025-05-06 00:00:00,Correctiva,9.4,2,Ninguno (solo mano de obra),1362.0,PC
OT-002888,PAR-003796,PC-EQ-01,2025-05-15 00:00:00,Preventiva,7.1,2,Faja/correa,1166.0,PC
OT-002889,PAR-003798,PC-EQ-01,2025-05-22 00:00:00,Correctiva,0.5,3,Revestimiento (liner),1258.0,PC
OT-002890,PAR-003799,PC-EQ-01,2025-05-29 00:00:00,Correctiva,4.9,3,,6768.0,PC
OT-002891,PAR-003800,PC-EQ-01,2025-06-04 00:00:00,Preventiva,5.1,1,Faja/correa,298.0,PC
OT-002892,PAR-003801,PC-EQ-01,2025-06-23 00:00:00,Preventiva,5.6,2,Sello mecánico,875.0,PC
OT-002893,PAR-003802,PC-EQ-01,2025-06-27 00:00:00,Correctiva,18.0,3,Ninguno (solo mano de obra),7542.0,PC
OT-002894,PAR-003803,PC-EQ-01,2025-07-05 00:00:00,Correctiva,20.9,2,Sensor/instrumento,7177.0,PC
OT-002895,PAR-003804,PC-EQ-01,2025-07-06 00:00:00,Correctiva,5.8,1,Revestimiento (liner),5951.0,PC
OT-002896,PAR-003805,PC-EQ-01,2025-07-10 00:00:00,Preventiva,8.4,3,Faja/correa,264.0,PC
OT-002897,PAR-003807,PC-EQ-01,2025-07-29 00:00:00,Preventiva,6.2,3,Motor eléctrico,66.0,PC
OT-002898,PAR-003810,PC-EQ-01,2025-08-13 00:00:00,Correctiva,13.2,1,Revestimiento (liner),7166.0,PC
OT-002899,PAR-003812,PC-EQ-01,2025-08-17 00:00:00,Preventiva,5.2,1,Motor eléctrico,1111.0,PC
OT-002900,PAR-003815,PC-EQ-01,2025-08-23 00:00:00,Correctiva,15.1,2,Faja/correa,4192.0,PC
OT-002901,PAR-003816,PC-EQ-01,2025-08-26 00:00:00,Correctiva,4.5,1,Sensor/instrumento,7335.0,PC
OT-002902,PAR-003817,PC-EQ-01,2025-08-29 00:00:00,Correctiva,5.5,2,Sensor/instrumento,3731.0,PC
OT-002903,PAR-003819,PC-EQ-01,2025-09-04 00:00:00,Preventiva,8.2,2,Revestimiento (liner),1980.0,PC
OT-002904,PAR-003820,PC-EQ-01,2025-09-06 00:00:00,Correctiva,14.9,3,Motor eléctrico,3619.0,PC
OT-002905,PAR-003822,PC-EQ-01,2025-09-16 00:00:00,Correctiva,6.2,3,Revestimiento (liner),6825.0,PC
OT-002906,PAR-003823,PC-EQ-01,2025-09-22 00:00:00,Preventiva,11.0,3,Sensor/instrumento,1528.0,PC
OT-002907,PAR-003824,PC-EQ-01,2025-09-30 00:00:00,Correctiva,12.2,2,Ninguno (solo mano de obra),6113.0,PC
OT-002908,PAR-003825,PC-EQ-01,2025-10-11 00:00:00,Preventiva,5.1,1,Motor eléctrico,734.0,PC
OT-002909,PAR-003826,PC-EQ-01,2025-10-19 00:00:00,Correctiva,1.8,3,Faja/correa,1409.0,PC
OT-002910,PAR-003828,PC-EQ-01,2025-10-27 00:00:00,Correctiva,3.5,2,Motor eléctrico,6660.0,PC
OT-002911,PAR-003830,PC-EQ-01,2025-10-29 00:00:00,Correctiva,4.3,2,Sensor/instrumento,2913.0,PC
OT-002912,PAR-003831,PC-EQ-01,2025-10-30 00:00:00,Correctiva,0.4,2,Ninguno (solo mano de obra),1233.0,PC
OT-002913,PAR-003832,PC-EQ-01,2025-11-01 00:00:00,Correctiva,8.6,2,Ninguno (solo mano de obra),1128.0,PC
OT-002914,PAR-003833,PC-EQ-01,2025-11-03 00:00:00,Preventiva,4.9,1,Sello mecánico,1326.0,PC
OT-002915,PAR-003834,PC-EQ-01,2025-11-11 00:00:00,Correctiva,0.7,2,Revestimiento (liner),3343.0,PC
OT-002916,PAR-003835,PC-EQ-01,2025-11-21 00:00:00,Preventiva,11.0,2,Faja/correa,663.0,PC
OT-002917,PAR-003838,PC-EQ-01,2025-12-03 00:00:00,Correctiva,17.2,2,Revestimiento (liner),1816.0,PC
OT-002918,PAR-003840,PC-EQ-01,2025-12-06 00:00:00,Correctiva,1.0,1,Sensor/instrumento,1250.0,PC
OT-002919,PAR-003841,PC-EQ-01,2025-12-08 00:00:00,Correctiva,6.7,1,Motor eléctrico,6567.0,PC
OT-002920,PAR-003842,PC-EQ-01,2025-12-12 00:00:00,Preventiva,7.7,3,Faja/correa,2429.0,PC
OT-002921,PAR-003843,PC-EQ-01,2025-12-12 00:00:00,Correctiva,4.7,2,Sello mecánico,7152.0,PC
OT-002922,PAR-003846,PC-EQ-01,2025-12-20 00:00:00,Correctiva,4.4,1,Motor eléctrico,6594.0,PC
OT-002923,PAR-003848,PC-EQ-01,2025-12-23 00:00:00,Correctiva,4.2,3,Motor eléctrico,4266.0,PC
OT-002924,PAR-003849,PC-EQ-01,2025-12-27 00:00:00,Correctiva,0.7,2,Ninguno (solo mano de obra),1824.0,PC
OT-002925,PAR-003851,PC-EQ-01,2026-01-04 00:00:00,Preventiva,6.8,1,Ninguno (solo mano de obra),192.0,PC
OT-002926,PAR-003852,PC-EQ-01,2026-01-05 00:00:00,Correctiva,3.3,3,Rodamiento,7974.0,PC
OT-002927,PAR-003854,PC-EQ-01,2026-01-15 00:00:00,Correctiva,25.6,3,Sello mecánico,1509.0,PC
OT-002928,PAR-003857,PC-EQ-01,2026-01-23 00:00:00,Correctiva,3.1,1,Rodamiento,983.0,PC
OT-002929,PAR-003858,PC-EQ-01,2026-01-25 00:00:00,Correctiva,4.5,1,Faja/correa,2809.0,PC
OT-002930,PAR-003859,PC-EQ-01,2026-01-26 00:00:00,Preventiva,6.2,3,Sensor/instrumento,2179.0,PC
OT-002931,PAR-003860,PC-EQ-01,2026-01-27 00:00:00,Correctiva,9.6,1,Sensor/instrumento,439.0,PC
OT-002932,PAR-003861,PC-EQ-01,2026-02-02 00:00:00,Correctiva,16.9,1,Rodamiento,1561.0,PC
OT-002933,PAR-003862,PC-EQ-01,2026-02-03 00:00:00,Correctiva,11.3,1,Sensor/instrumento,6896.0,PC
OT-002934,PAR-003863,PC-EQ-01,2026-02-08 00:00:00,Correctiva,6.2,3,Revestimiento (liner),1836.0,PC
OT-002935,PAR-003866,PC-EQ-01,2026-02-18 00:00:00,Preventiva,7.3,3,Revestimiento (liner),1109.0,PC
OT-002936,PAR-003867,PC-EQ-01,2026-02-18 00:00:00,Correctiva,24.3,3,Sensor/instrumento,7105.0,PC
OT-002937,PAR-003869,PC-EQ-01,2026-02-28 00:00:00,Correctiva,5.6,3,Sello mecánico,120.0,PC
OT-002938,PAR-003870,PC-EQ-01,2026-03-04 00:00:00,Correctiva,6.9,1,Ninguno (solo mano de obra),5358.0,PC
OT-002939,PAR-003871,PC-EQ-01,2026-03-05 00:00:00,Correctiva,0.7,3,Sello mecánico,3071.0,PC
OT-002940,PAR-003873,PC-EQ-01,2026-03-10 00:00:00,Preventiva,10.1,1,Motor eléctrico,2435.0,PC
OT-002941,PAR-003874,PC-EQ-01,2026-03-15 00:00:00,Correctiva,9.8,2,Rodamiento,3257.0,PC
OT-002942,PAR-003876,PC-EQ-01,2026-03-23 00:00:00,Correctiva,6.1,3,Ninguno (solo mano de obra),2123.0,PC
OT-002943,PAR-003878,PC-EQ-01,2026-03-25 00:00:00,Correctiva,3.4,3,Ninguno (solo mano de obra),361.0,PC
OT-002944,PAR-003879,PC-EQ-01,2026-03-27 00:00:00,Correctiva,12.9,1,Sensor/instrumento,5148.0,PC
OT-002945,PAR-003880,PC-EQ-01,2026-03-29 00:00:00,Correctiva,1.7,2,Sello mecánico,6890.0,PC
OT-002946,PAR-003881,PC-EQ-01,2026-03-31 00:00:00,Preventiva,5.6,2,Sensor/instrumento,552.0,PC
OT-002947,PAR-003882,PC-EQ-01,2026-04-03 00:00:00,Correctiva,4.4,1,Rodamiento,5385.0,PC
OT-002948,PAR-003884,PC-EQ-01,2026-04-12 00:00:00,Correctiva,12.5,1,Ninguno (solo mano de obra),2715.0,PC
OT-002949,PAR-003886,PC-EQ-01,2026-04-21 00:00:00,Preventiva,7.1,3,Faja/correa,772.0,PC
OT-002950,PAR-003889,PC-EQ-01,2026-05-05 00:00:00,Correctiva,2.8,2,Faja/correa,3535.0,PC
OT-002951,PAR-003890,PC-EQ-01,2026-05-11 00:00:00,Preventiva,5.8,2,Sello mecánico,411.0,PC
OT-002952,PAR-003891,PC-EQ-01,2026-05-15 00:00:00,Correctiva,9.6,3,Faja/correa,2770.0,PC
OT-002953,PAR-003893,PC-EQ-01,2026-05-21 00:00:00,Correctiva,15.4,2,Sensor/instrumento,7365.0,PC
OT-002954,PAR-003894,PC-EQ-01,2026-05-31 00:00:00,Preventiva,8.7,1,Sello mecánico,905.0,PC
OT-002955,PAR-003895,PC-EQ-01,2026-06-06 00:00:00,Correctiva,2.6,2,Motor eléctrico,1657.0,PC
OT-002956,PAR-003896,PC-EQ-01,2026-06-10 00:00:00,Correctiva,8.0,3,Sello mecánico,3520.0,PC
OT-002957,PAR-003897,PC-EQ-01,2026-06-12 00:00:00,Correctiva,29.6,3,Sello mecánico,963.0,PC
OT-002958,PAR-003899,PC-EQ-01,2026-06-22 00:00:00,Preventiva,8.2,2,Revestimiento (liner),71.0,PC
OT-002959,PAR-003900,PC-EQ-01,2026-06-25 00:00:00,Correctiva,3.0,1,Rodamiento,7554.0,PC
OT-002960,PAR-003901,PC-EQ-01,2026-07-01 00:00:00,Correctiva,0.7,3,Motor eléctrico,5497.0,PC
OT-002961,PAR-003903,PC-EQ-01,2026-07-06 00:00:00,Correctiva,4.9,2,Motor eléctrico,1970.0,PC
OT-002962,PAR-003904,PC-EQ-01,2026-07-08 00:00:00,Correctiva,4.4,3,Motor eléctrico,4837.0,PC
OT-002963,PAR-003906,PC-EQ-01,2026-07-12 00:00:00,Correctiva,7.9,2,Sensor/instrumento,4568.0,PC
OT-002964,PAR-003907,PC-EQ-01,2026-07-14 00:00:00,Preventiva,8.1,2,Sello mecánico,154.0,PC
OT-002965,PAR-003908,PC-EQ-01,2026-07-17 00:00:00,Correctiva,14.8,2,Motor eléctrico,292.0,PC
OT-002966,PAR-003909,PC-EQ-01,2026-07-20 00:00:00,Correctiva,13.7,2,Revestimiento (liner),1722.0,PC
OT-002967,PAR-003910,PC-EQ-01,2026-07-28 00:00:00,Preventiva,6.5,3,Ninguno (solo mano de obra),1611.0,PC
OT-002968,PAR-003911,PC-EQ-01,2026-08-02 00:00:00,Correctiva,1.6,1,Rodamiento,5663.0,PC
OT-002969,PAR-003912,PC-EQ-01,2026-08-08 00:00:00,Correctiva,0.8,1,Sello mecánico,6754.0,PC
OT-002970,PAR-003914,PC-EQ-01,2026-08-17 00:00:00,Preventiva,6.2,2,Revestimiento (liner),2336.0,PC
OT-002971,PAR-003915,PC-EQ-01,2026-08-19 00:00:00,Correctiva,1.0,2,Motor eléctrico,1896.0,PC
OT-002972,PAR-003917,PC-EQ-01,2026-09-03 00:00:00,Correctiva,4.2,1,Revestimiento (liner),345.0,PC
OT-002973,PAR-003919,PC-EQ-01,2026-09-04 00:00:00,Correctiva,10.8,1,Sello mecánico,3503.0,PC
OT-002974,PAR-003920,PC-EQ-01,2026-09-07 00:00:00,Preventiva,4.6,3,Sensor/instrumento,1072.0,PC
OT-002975,PAR-003921,PC-EQ-01,2026-09-24 00:00:00,Correctiva,2.5,3,Ninguno (solo mano de obra),4627.0,PC
OT-002976,PAR-003924,PC-EQ-01,2026-09-28 00:00:00,Preventiva,10.1,2,Sensor/instrumento,1264.0,PC
OT-002977,PAR-003925,PC-EQ-01,2026-10-07 00:00:00,Correctiva,20.0,1,Sello mecánico,7378.0,PC
OT-002978,PAR-003926,PC-EQ-01,2026-10-13 00:00:00,Correctiva,20.3,3,Motor eléctrico,6512.0,PC
OT-002979,PAR-003927,PC-EQ-01,2026-10-16 00:00:00,Correctiva,8.9,2,Sello mecánico,5785.0,PC
OT-002980,PAR-003928,PC-EQ-01,2026-10-18 00:00:00,Preventiva,5.1,1,Sensor/instrumento,2464.0,PC
OT-002981,PAR-003929,PC-EQ-01,2026-10-21 00:00:00,Correctiva,7.0,1,Revestimiento (liner),2944.0,PC
OT-002982,PAR-003931,PC-EQ-01,2026-10-31 00:00:00,Correctiva,5.7,2,Faja/correa,918.0,PC
OT-002983,PAR-003935,PC-EQ-01,2026-11-08 00:00:00,Preventiva,6.9,3,Sello mecánico,502.0,PC
OT-002984,PAR-003937,PC-EQ-01,2026-11-15 00:00:00,Correctiva,2.4,1,Sensor/instrumento,1109.0,PC
OT-002985,PAR-003939,PC-EQ-01,2026-11-24 00:00:00,Correctiva,3.7,2,Sensor/instrumento,2870.0,PC
OT-002986,PAR-003940,PC-EQ-01,2026-11-26 00:00:00,Correctiva,8.0,2,Sello mecánico,4244.0,PC
OT-002987,PAR-003941,PC-EQ-01,2026-11-29 00:00:00,Preventiva,7.0,1,Ninguno (solo mano de obra),84.0,PC
OT-002988,PAR-003942,PC-EQ-01,2026-12-01 00:00:00,Correctiva,7.1,3,Sello mecánico,6726.0,PC
OT-002989,PAR-003944,PC-EQ-01,2026-12-08 00:00:00,Correctiva,5.6,1,Sensor/instrumento,7550.0,PC
OT-002990,PAR-003945,PC-EQ-01,2026-12-20 00:00:00,Preventiva,3.4,1,Sensor/instrumento,936.0,PC
OT-002991,PAR-003946,PC-EQ-01,2026-12-20 00:00:00,Correctiva,23.6,1,Rodamiento,357.0,PC
OT-002992,PAR-003947,PC-EQ-01,2027-01-02 00:00:00,Correctiva,31.0,1,Motor eléctrico,650.0,PC
OT-002993,PAR-003948,PC-EQ-01,2027-01-03 00:00:00,Preventiva,10.2,2,Faja/correa,226.0,PC
OT-002994,PAR-003949,PC-EQ-01,2027-01-04 00:00:00,Correctiva,2.9,2,Motor eléctrico,3453.0,PC
OT-002995,PAR-003950,PC-EQ-01,2027-01-09 00:00:00,Correctiva,1.0,2,Revestimiento (liner),1848.0,PC
OT-002996,PAR-003951,PC-EQ-01,2027-01-11 00:00:00,Correctiva,7.0,2,Ninguno (solo mano de obra),497.0,PC
OT-002997,PAR-003952,PC-EQ-01,2027-01-12 00:00:00,Correctiva,31.0,2,Revestimiento (liner),6040.0,PC
OT-002998,PAR-003954,PC-EQ-01,2027-01-24 00:00:00,Preventiva,8.2,3,Motor eléctrico,1715.0,PC
OT-002999,PAR-003955,PC-EQ-01,2027-02-02 00:00:00,Correctiva,2.0,1,Revestimiento (liner),427.0,PC
OT-003000,PAR-003957,PC-EQ-01,2027-02-09 00:00:00,Preventiva,4.3,2,Motor eléctrico,390.0,PC
OT-003001,PAR-003958,PC-EQ-01,2027-02-15 00:00:00,Correctiva,5.5,3,Motor eléctrico,4726.0,PC
OT-003002,PAR-003959,PC-EQ-01,2027-02-27 00:00:00,Correctiva,9.8,2,Sello mecánico,4437.0,PC
OT-003003,PAR-003960,PC-EQ-01,2027-03-03 00:00:00,Preventiva,10.9,1,Sensor/instrumento,811.0,PC
OT-003004,PAR-003962,PC-EQ-01,2027-03-06 00:00:00,Correctiva,8.8,3,Rodamiento,5591.0,PC
OT-003005,PAR-003963,PC-EQ-01,2027-03-10 00:00:00,Correctiva,29.1,1,Sensor/instrumento,1796.0,PC
OT-003006,PAR-003964,PC-EQ-01,2027-03-14 00:00:00,Correctiva,23.2,2,,4092.0,PC
OT-003007,PAR-003965,PC-EQ-01,2027-03-16 00:00:00,Correctiva,10.6,1,Ninguno (solo mano de obra),6186.0,PC
OT-003008,PAR-003966,PC-EQ-01,2027-03-18 00:00:00,Preventiva,7.8,1,Faja/correa,2136.0,PC
OT-003009,PAR-003968,PC-EQ-01,2027-03-21 00:00:00,Correctiva,18.7,2,Rodamiento,4526.0,PC
OT-003010,PAR-003969,PC-EQ-01,2027-03-24 00:00:00,Correctiva,8.6,3,Sello mecánico,5994.0,PC
OT-003011,PAR-003970,PC-EQ-01,2027-03-26 00:00:00,Correctiva,4.1,1,Motor eléctrico,588.0,PC
OT-003012,PAR-003971,PC-EQ-01,2027-03-31 00:00:00,Correctiva,24.7,3,Faja/correa,891.0,PC
OT-003013,PAR-003972,PC-EQ-01,2027-04-03 00:00:00,Correctiva,1.2,2,Ninguno (solo mano de obra),3967.0,PC
OT-003014,PAR-003973,PC-EQ-01,2027-04-05 00:00:00,Preventiva,8.0,3,Sensor/instrumento,336.0,PC
OT-003015,PAR-003974,PC-EQ-01,2027-04-05 00:00:00,Correctiva,8.9,1,Sello mecánico,2514.0,PC
OT-003016,PAR-003978,PC-EQ-01,2027-04-17 00:00:00,Correctiva,13.3,3,Rodamiento,1432.0,PC
OT-003017,PAR-003979,PC-EQ-01,2027-04-19 00:00:00,Preventiva,11.0,2,Faja/correa,130.0,PC
OT-003018,PAR-003981,PC-EQ-01,2027-05-08 00:00:00,Preventiva,5.8,3,Sello mecánico,217.0,PC
OT-003019,PAR-003985,PC-EQ-01,2027-05-24 00:00:00,Correctiva,1.7,3,Revestimiento (liner),4135.0,PC
OT-003020,PAR-003986,PC-EQ-01,2027-05-25 00:00:00,Preventiva,5.0,1,Sello mecánico,2286.0,PC
OT-003021,PAR-003987,PC-EQ-01,2027-05-30 00:00:00,Correctiva,23.1,2,Sensor/instrumento,2792.0,PC
OT-003022,PAR-003988,PC-EQ-01,2027-06-09 00:00:00,Preventiva,8.8,2,Sensor/instrumento,1398.0,PC
OT-003023,PAR-003990,PC-EQ-01,2027-06-11 00:00:00,Correctiva,2.4,3,Motor eléctrico,4583.0,PC
OT-003024,PAR-003991,PC-EQ-01,2027-06-20 00:00:00,Correctiva,4.3,1,Rodamiento,7681.0,PC
OT-003025,PAR-003992,PC-EQ-01,2027-06-21 00:00:00,Correctiva,5.0,3,Ninguno (solo mano de obra),6413.0,PC
OT-003026,PAR-003993,PC-EQ-01,2027-06-26 00:00:00,Correctiva,0.9,1,Motor eléctrico,3788.0,PC
OT-003027,PAR-003994,PC-EQ-01,2027-06-28 00:00:00,Preventiva,8.9,2,Sensor/instrumento,2155.0,PC
OT-003028,PAR-003999,PC-EQ-01,2027-07-15 00:00:00,Correctiva,0.5,3,Motor eléctrico,7441.0,PC
OT-003029,PAR-004000,PC-EQ-01,2027-07-17 00:00:00,Correctiva,0.8,2,Rodamiento,3327.0,PC
OT-003030,PAR-004002,PC-EQ-01,2027-07-19 00:00:00,Correctiva,1.8,3,Sello mecánico,2224.0,PC
OT-003031,PAR-004003,PC-EQ-01,2027-07-20 00:00:00,Preventiva,8.4,2,Sensor/instrumento,1380.0,PC
OT-003032,PAR-004005,PC-EQ-01,2027-08-01 00:00:00,Correctiva,5.7,1,Rodamiento,6709.0,PC
OT-003033,PAR-004006,PC-EQ-01,2027-08-02 00:00:00,Correctiva,0.6,1,Motor eléctrico,744.0,PC
OT-003034,PAR-004008,PC-EQ-01,2027-08-06 00:00:00,Preventiva,8.8,3,Rodamiento,2060.0,PC
OT-003035,PAR-004010,PC-EQ-01,2027-08-09 00:00:00,Correctiva,6.9,3,Sensor/instrumento,985.0,PC
OT-003036,PAR-004011,PC-EQ-01,2027-08-10 00:00:00,Correctiva,0.9,3,Ninguno (solo mano de obra),7098.0,PC
OT-003037,PAR-004013,PC-EQ-01,2027-08-16 00:00:00,Correctiva,3.2,2,Sello mecánico,5666.0,PC
OT-003038,PAR-004014,PC-EQ-01,2027-08-17 00:00:00,Correctiva,16.5,3,Ninguno (solo mano de obra),372.0,PC
OT-003039,PAR-004015,PC-EQ-01,2027-08-22 00:00:00,Preventiva,7.6,3,,1569.0,PC
OT-003040,PAR-004016,PC-EQ-01,2027-08-24 00:00:00,Correctiva,5.4,2,Sensor/instrumento,2840.0,PC
OT-003041,PAR-004018,PC-EQ-01,2027-09-01 00:00:00,Correctiva,8.4,3,Motor eléctrico,6294.0,PC
OT-003042,PAR-004020,PC-EQ-01,2027-09-11 00:00:00,Preventiva,9.7,3,Ninguno (solo mano de obra),1002.0,PC
OT-003043,PAR-004021,PC-EQ-01,2027-09-12 00:00:00,Correctiva,7.4,1,Faja/correa,3549.0,PC
OT-003044,PAR-004022,PC-EQ-01,2027-09-13 00:00:00,Correctiva,4.3,1,Rodamiento,7086.0,PC
OT-003045,PAR-004023,PC-EQ-01,2027-09-19 00:00:00,Correctiva,0.6,2,Ninguno (solo mano de obra),862.0,PC
OT-003046,PAR-004024,PC-EQ-01,2027-10-02 00:00:00,Preventiva,6.7,2,Sello mecánico,1775.0,PC
OT-003047,PAR-004025,PC-EQ-01,2027-10-04 00:00:00,Correctiva,9.1,1,Rodamiento,7849.0,PC
OT-003048,PAR-004026,PC-EQ-01,2027-10-09 00:00:00,Correctiva,0.5,1,Revestimiento (liner),4464.0,PC
OT-003049,PAR-004027,PC-EQ-01,2027-10-23 00:00:00,Correctiva,5.9,2,Ninguno (solo mano de obra),3349.0,PC
OT-003050,PAR-004028,PC-EQ-01,2027-10-24 00:00:00,Preventiva,8.3,3,Ninguno (solo mano de obra),1422.0,PC
OT-003051,PAR-004029,PC-EQ-01,2027-10-28 00:00:00,Correctiva,18.7,3,Revestimiento (liner),5659.0,PC
OT-003052,PAR-004030,PC-EQ-01,2027-11-01 00:00:00,Correctiva,21.4,3,Rodamiento,4868.0,PC
OT-003053,PAR-004032,PC-EQ-01,2027-11-07 00:00:00,Preventiva,9.8,3,Sensor/instrumento,1270.0,PC
OT-003054,PAR-004033,PC-EQ-01,2027-11-11 00:00:00,Correctiva,1.4,2,Faja/correa,2095.0,PC
OT-003055,PAR-004034,PC-EQ-01,2027-11-15 00:00:00,Correctiva,7.4,1,Ninguno (solo mano de obra),4761.0,PC
OT-003056,PAR-004035,PC-EQ-01,2027-11-22 00:00:00,Correctiva,11.1,1,Rodamiento,4978.0,PC
OT-003057,PAR-004036,PC-EQ-01,2027-11-24 00:00:00,Preventiva,11.3,3,Sensor/instrumento,223.0,PC
OT-003058,PAR-004039,PC-EQ-01,2027-12-05 00:00:00,Correctiva,11.2,3,Motor eléctrico,1775.0,PC
OT-003059,PAR-004040,PC-EQ-01,2027-12-08 00:00:00,Preventiva,9.4,1,Sello mecánico,1531.0,PC
OT-003060,PAR-004041,PC-EQ-01,2027-12-16 00:00:00,Correctiva,2.5,2,Faja/correa,3196.0,PC
OT-003061,PAR-004043,PC-EQ-01,2027-12-28 00:00:00,Preventiva,9.5,3,Sello mecánico,2384.0,PC
OT-003062,PAR-004044,PC-EQ-02,2024-01-08 00:00:00,Correctiva,10.2,1,Ninguno (solo mano de obra),986.0,PC
OT-003063,PAR-004045,PC-EQ-02,2024-01-13 00:00:00,Correctiva,11.2,3,Motor eléctrico,4084.0,PC
OT-003064,PAR-004046,PC-EQ-02,2024-01-14 00:00:00,Correctiva,20.6,3,Rodamiento,5237.0,PC
OT-003065,PAR-004047,PC-EQ-02,2024-01-18 00:00:00,Correctiva,0.7,1,Sello mecánico,5271.0,PC
OT-003066,PAR-004048,PC-EQ-02,2024-01-20 00:00:00,Preventiva,4.2,1,Ninguno (solo mano de obra),635.0,PC
OT-003067,PAR-004049,PC-EQ-02,2024-01-29 00:00:00,Correctiva,9.0,1,Sensor/instrumento,3246.0,PC
OT-003068,PAR-004050,PC-EQ-02,2024-02-01 00:00:00,Correctiva,17.2,2,Sello mecánico,855.0,PC
OT-003069,PAR-004051,PC-EQ-02,2024-02-04 00:00:00,Preventiva,5.3,1,Rodamiento,232.0,PC
OT-003070,PAR-004053,PC-EQ-02,2024-02-08 00:00:00,Correctiva,29.5,2,Sello mecánico,3973.0,PC
OT-003071,PAR-004054,PC-EQ-02,2024-02-12 00:00:00,Correctiva,1.6,2,Revestimiento (liner),5603.0,PC
OT-003072,PAR-004056,PC-EQ-02,2024-02-16 00:00:00,Correctiva,9.7,1,Sensor/instrumento,4950.0,PC
OT-003073,PAR-004057,PC-EQ-02,2024-02-19 00:00:00,Preventiva,8.2,3,Rodamiento,1140.0,PC
OT-003074,PAR-004058,PC-EQ-02,2024-02-19 00:00:00,Correctiva,1.7,1,Sello mecánico,5372.0,PC
OT-003075,PAR-004060,PC-EQ-02,2024-02-22 00:00:00,Correctiva,0.7,2,Rodamiento,2970.0,PC
OT-003076,PAR-004061,PC-EQ-02,2024-03-02 00:00:00,Correctiva,14.9,1,Sensor/instrumento,6109.0,PC
OT-003077,PAR-004062,PC-EQ-02,2024-03-04 00:00:00,Preventiva,13.2,2,Ninguno (solo mano de obra),592.0,PC
OT-003078,PAR-004063,PC-EQ-02,2024-03-13 00:00:00,Correctiva,26.4,3,Sensor/instrumento,3615.0,PC
OT-003079,PAR-004064,PC-EQ-02,2024-03-18 00:00:00,Correctiva,2.6,3,Faja/correa,5477.0,PC
OT-003080,PAR-004065,PC-EQ-02,2024-03-25 00:00:00,Correctiva,30.2,1,Ninguno (solo mano de obra),5086.0,PC
OT-003081,PAR-004067,PC-EQ-02,2024-03-27 00:00:00,Preventiva,8.2,2,Rodamiento,1610.0,PC
OT-003082,PAR-004068,PC-EQ-02,2024-03-28 00:00:00,Correctiva,2.1,2,Sensor/instrumento,5006.0,PC
OT-003083,PAR-004071,PC-EQ-02,2024-04-11 00:00:00,Preventiva,11.8,1,Rodamiento,903.0,PC
OT-003084,PAR-004072,PC-EQ-02,2024-04-26 00:00:00,Correctiva,4.5,3,Ninguno (solo mano de obra),3910.0,PC
OT-003085,PAR-004074,PC-EQ-02,2024-04-28 00:00:00,Preventiva,8.1,1,Sello mecánico,981.0,PC
OT-003086,PAR-004075,PC-EQ-02,2024-05-02 00:00:00,Correctiva,24.9,2,Sensor/instrumento,3138.0,PC
OT-003087,PAR-004079,PC-EQ-02,2024-05-16 00:00:00,Preventiva,9.3,1,Motor eléctrico,1814.0,PC
OT-003088,PAR-004080,PC-EQ-02,2024-05-18 00:00:00,Correctiva,14.9,1,Revestimiento (liner),7874.0,PC
OT-003089,PAR-004083,PC-EQ-02,2024-05-31 00:00:00,Preventiva,9.8,2,Revestimiento (liner),1319.0,PC
OT-003090,PAR-004084,PC-EQ-02,2024-06-04 00:00:00,Correctiva,12.3,3,Motor eléctrico,7474.0,PC
OT-003091,PAR-004086,PC-EQ-02,2024-06-19 00:00:00,Correctiva,14.8,3,Ninguno (solo mano de obra),2511.0,PC
OT-003092,PAR-004087,PC-EQ-02,2024-06-21 00:00:00,Preventiva,13.7,2,Revestimiento (liner),132.0,PC
OT-003093,PAR-004088,PC-EQ-02,2024-06-21 00:00:00,Correctiva,7.3,3,Rodamiento,3609.0,PC
OT-003094,PAR-004089,PC-EQ-02,2024-06-23 00:00:00,Correctiva,2.4,2,Sello mecánico,3669.0,PC
OT-003095,PAR-004092,PC-EQ-02,2024-07-01 00:00:00,Correctiva,8.8,3,Ninguno (solo mano de obra),761.0,PC
OT-003096,PAR-004093,PC-EQ-02,2024-07-05 00:00:00,Correctiva,15.8,2,,5229.0,PC
OT-003097,PAR-004095,PC-EQ-02,2024-07-08 00:00:00,Preventiva,7.5,1,Rodamiento,1704.0,PC
OT-003098,PAR-004096,PC-EQ-02,2024-07-10 00:00:00,Correctiva,11.6,3,Rodamiento,7958.0,PC
OT-003099,PAR-004099,PC-EQ-02,2024-07-24 00:00:00,Correctiva,17.1,1,Sensor/instrumento,5955.0,PC
OT-003100,PAR-004100,PC-EQ-02,2024-07-26 00:00:00,Preventiva,9.5,3,Faja/correa,1988.0,PC
OT-003101,PAR-004101,PC-EQ-02,2024-07-27 00:00:00,Correctiva,0.7,1,Sensor/instrumento,3260.0,PC
OT-003102,PAR-004102,PC-EQ-02,2024-07-31 00:00:00,Correctiva,13.6,2,Faja/correa,5664.0,PC
OT-003103,PAR-004105,PC-EQ-02,2024-08-14 00:00:00,Preventiva,9.9,1,Rodamiento,1577.0,PC
OT-003104,PAR-004106,PC-EQ-02,2024-08-18 00:00:00,Correctiva,11.7,1,Ninguno (solo mano de obra),525.0,PC
OT-003105,PAR-004107,PC-EQ-02,2024-08-20 00:00:00,Correctiva,10.1,1,Sensor/instrumento,5318.0,PC
OT-003106,PAR-004108,PC-EQ-02,2024-08-30 00:00:00,Correctiva,8.5,1,Ninguno (solo mano de obra),4816.0,PC
OT-003107,PAR-004109,PC-EQ-02,2024-08-31 00:00:00,Preventiva,9.7,1,Ninguno (solo mano de obra),1904.0,PC
OT-003108,PAR-004110,PC-EQ-02,2024-09-02 00:00:00,Correctiva,10.5,2,Faja/correa,4290.0,PC
OT-003109,PAR-004111,PC-EQ-02,2024-09-09 00:00:00,Correctiva,12.9,2,Rodamiento,5983.0,PC
OT-003110,PAR-004112,PC-EQ-02,2024-09-18 00:00:00,Preventiva,6.3,1,Sello mecánico,1798.0,PC
OT-003111,PAR-004113,PC-EQ-02,2024-09-22 00:00:00,Correctiva,27.2,1,Faja/correa,4898.0,PC
OT-003112,PAR-004115,PC-EQ-02,2024-10-02 00:00:00,Correctiva,3.0,2,Sello mecánico,6723.0,PC
OT-003113,PAR-004116,PC-EQ-02,2024-10-04 00:00:00,Correctiva,14.9,2,Faja/correa,2807.0,PC
OT-003114,PAR-004117,PC-EQ-02,2024-10-11 00:00:00,Preventiva,8.4,3,Ninguno (solo mano de obra),1320.0,PC
OT-003115,PAR-004119,PC-EQ-02,2024-10-27 00:00:00,Preventiva,7.2,3,Motor eléctrico,1393.0,PC
OT-003116,PAR-004120,PC-EQ-02,2024-10-27 00:00:00,Correctiva,5.2,1,Motor eléctrico,6006.0,PC
OT-003117,PAR-004121,PC-EQ-02,2024-11-10 00:00:00,Correctiva,1.1,1,Faja/correa,2955.0,PC
OT-003118,PAR-004123,PC-EQ-02,2024-11-15 00:00:00,Preventiva,5.6,1,Sensor/instrumento,1227.0,PC
OT-003119,PAR-004124,PC-EQ-02,2024-11-18 00:00:00,Correctiva,1.0,1,Motor eléctrico,3247.0,PC
OT-003120,PAR-004126,PC-EQ-02,2024-11-21 00:00:00,Correctiva,14.3,3,Ninguno (solo mano de obra),6731.0,PC
OT-003121,PAR-004127,PC-EQ-02,2024-11-23 00:00:00,Correctiva,12.4,1,Sello mecánico,1658.0,PC
OT-003122,PAR-004128,PC-EQ-02,2024-11-24 00:00:00,Correctiva,27.5,2,Sensor/instrumento,4732.0,PC
OT-003123,PAR-004130,PC-EQ-02,2024-12-01 00:00:00,Preventiva,6.5,3,Rodamiento,1167.0,PC
OT-003124,PAR-004131,PC-EQ-02,2024-12-13 00:00:00,Correctiva,15.2,1,Revestimiento (liner),1238.0,PC
OT-003125,PAR-004132,PC-EQ-02,2024-12-15 00:00:00,Preventiva,10.5,1,Ninguno (solo mano de obra),1666.0,PC
OT-003126,PAR-004135,PC-EQ-02,2025-01-02 00:00:00,Preventiva,8.7,1,Sello mecánico,396.0,PC
OT-003127,PAR-004136,PC-EQ-02,2025-01-02 00:00:00,Correctiva,14.0,3,Sello mecánico,7680.0,PC
OT-003128,PAR-004137,PC-EQ-02,2025-01-06 00:00:00,Correctiva,2.9,1,Revestimiento (liner),4176.0,PC
OT-003129,PAR-004138,PC-EQ-02,2025-01-11 00:00:00,Correctiva,11.1,1,Faja/correa,3586.0,PC
OT-003130,PAR-004141,PC-EQ-02,2025-01-23 00:00:00,Preventiva,9.7,3,Sensor/instrumento,575.0,PC
OT-003131,PAR-004142,PC-EQ-02,2025-01-23 00:00:00,Correctiva,12.1,3,Revestimiento (liner),4905.0,PC
OT-003132,PAR-004144,PC-EQ-02,2025-02-10 00:00:00,Correctiva,6.5,1,Rodamiento,6363.0,PC
OT-003133,PAR-004145,PC-EQ-02,2025-02-12 00:00:00,Preventiva,4.5,1,Ninguno (solo mano de obra),1685.0,PC
OT-003134,PAR-004146,PC-EQ-02,2025-02-15 00:00:00,Correctiva,16.1,1,Sensor/instrumento,7978.0,PC
OT-003135,PAR-004147,PC-EQ-02,2025-02-21 00:00:00,Correctiva,9.9,2,Ninguno (solo mano de obra),5673.0,PC
OT-003136,PAR-004148,PC-EQ-02,2025-02-23 00:00:00,Correctiva,21.6,1,Sensor/instrumento,2766.0,PC
OT-003137,PAR-004149,PC-EQ-02,2025-03-06 00:00:00,Preventiva,6.7,2,Ninguno (solo mano de obra),2314.0,PC
OT-003138,PAR-004150,PC-EQ-02,2025-03-06 00:00:00,Correctiva,1.2,2,Faja/correa,7192.0,PC
OT-003139,PAR-004153,PC-EQ-02,2025-03-25 00:00:00,Preventiva,7.8,1,Faja/correa,1397.0,PC
OT-003140,PAR-004155,PC-EQ-02,2025-03-26 00:00:00,Correctiva,3.6,2,Sensor/instrumento,5888.0,PC
OT-003141,PAR-004156,PC-EQ-02,2025-04-04 00:00:00,Correctiva,6.8,1,Rodamiento,6071.0,PC
OT-003142,PAR-004157,PC-EQ-02,2025-04-09 00:00:00,Preventiva,7.7,3,Faja/correa,1837.0,PC
OT-003143,PAR-004159,PC-EQ-02,2025-04-09 00:00:00,Correctiva,0.8,3,Sello mecánico,1086.0,PC
OT-003144,PAR-004160,PC-EQ-02,2025-04-24 00:00:00,Correctiva,1.5,2,Faja/correa,7431.0,PC
OT-003145,PAR-004162,PC-EQ-02,2025-04-27 00:00:00,Preventiva,6.1,1,Motor eléctrico,1945.0,PC
OT-003146,PAR-004163,PC-EQ-02,2025-04-29 00:00:00,Correctiva,1.8,1,Sensor/instrumento,2876.0,PC
OT-003147,PAR-004165,PC-EQ-02,2025-05-10 00:00:00,Correctiva,8.5,3,Motor eléctrico,3696.0,PC
OT-003148,PAR-004167,PC-EQ-02,2025-05-20 00:00:00,Preventiva,7.3,2,Motor eléctrico,845.0,PC
OT-003149,PAR-004170,PC-EQ-02,2025-06-03 00:00:00,Preventiva,6.1,1,Motor eléctrico,1309.0,PC
OT-003150,PAR-004171,PC-EQ-02,2025-06-07 00:00:00,Correctiva,8.6,3,Sensor/instrumento,7082.0,PC
OT-003151,PAR-004172,PC-EQ-02,2025-06-08 00:00:00,Correctiva,15.8,3,Motor eléctrico,7322.0,PC
OT-003152,PAR-004173,PC-EQ-02,2025-06-09 00:00:00,Correctiva,5.5,1,Revestimiento (liner),3219.0,PC
OT-003153,PAR-004174,PC-EQ-02,2025-06-12 00:00:00,Correctiva,8.3,2,Faja/correa,3138.0,PC
OT-003154,PAR-004175,PC-EQ-02,2025-06-22 00:00:00,Preventiva,6.6,3,Sello mecánico,2041.0,PC
OT-003155,PAR-004176,PC-EQ-02,2025-07-02 00:00:00,Correctiva,1.6,2,Ninguno (solo mano de obra),2196.0,PC
OT-003156,PAR-004177,PC-EQ-02,2025-07-04 00:00:00,Correctiva,7.1,1,Rodamiento,6842.0,PC
OT-003157,PAR-004178,PC-EQ-02,2025-07-06 00:00:00,Preventiva,12.2,1,Ninguno (solo mano de obra),1613.0,PC
OT-003158,PAR-004179,PC-EQ-02,2025-07-19 00:00:00,Correctiva,2.4,1,Motor eléctrico,6883.0,PC
OT-003159,PAR-004181,PC-EQ-02,2025-07-23 00:00:00,Correctiva,0.7,1,Faja/correa,5608.0,PC
OT-003160,PAR-004183,PC-EQ-02,2025-07-27 00:00:00,Preventiva,12.2,3,Sello mecánico,2313.0,PC
OT-003161,PAR-004184,PC-EQ-02,2025-07-31 00:00:00,Correctiva,4.0,1,Revestimiento (liner),2232.0,PC
OT-003162,PAR-004185,PC-EQ-02,2025-08-01 00:00:00,Correctiva,1.0,1,Sello mecánico,1717.0,PC
OT-003163,PAR-004187,PC-EQ-02,2025-08-11 00:00:00,Preventiva,5.9,1,Ninguno (solo mano de obra),2155.0,PC
OT-003164,PAR-004188,PC-EQ-02,2025-08-11 00:00:00,Correctiva,10.3,1,Revestimiento (liner),5846.0,PC
OT-003165,PAR-004190,PC-EQ-02,2025-08-13 00:00:00,Correctiva,14.3,1,Motor eléctrico,7925.0,PC
OT-003166,PAR-004192,PC-EQ-02,2025-08-16 00:00:00,Correctiva,3.7,1,Ninguno (solo mano de obra),3359.0,PC
OT-003167,PAR-004193,PC-EQ-02,2025-08-23 00:00:00,Correctiva,11.3,1,Revestimiento (liner),965.0,PC
OT-003168,PAR-004194,PC-EQ-02,2025-08-29 00:00:00,Correctiva,26.9,3,Faja/correa,3503.0,PC
OT-003169,PAR-004195,PC-EQ-02,2025-08-31 00:00:00,Preventiva,6.3,3,Sello mecánico,2361.0,PC
OT-003170,PAR-004196,PC-EQ-02,2025-09-02 00:00:00,Correctiva,0.5,2,Sensor/instrumento,7375.0,PC
OT-003171,PAR-004200,PC-EQ-02,2025-09-19 00:00:00,Correctiva,4.6,3,Revestimiento (liner),128.0,PC
OT-003172,PAR-004201,PC-EQ-02,2025-09-22 00:00:00,Preventiva,7.2,2,Revestimiento (liner),1541.0,PC
OT-003173,PAR-004202,PC-EQ-02,2025-09-29 00:00:00,Correctiva,5.0,1,Rodamiento,780.0,PC
OT-003174,PAR-004203,PC-EQ-02,2025-10-06 00:00:00,Correctiva,6.7,1,Sello mecánico,5479.0,PC
OT-003175,PAR-004204,PC-EQ-02,2025-10-09 00:00:00,Preventiva,5.3,3,Faja/correa,2412.0,PC
OT-003176,PAR-004205,PC-EQ-02,2025-10-14 00:00:00,Correctiva,13.2,3,Sello mecánico,5200.0,PC
OT-003177,PAR-004206,PC-EQ-02,2025-10-25 00:00:00,Preventiva,5.4,3,Rodamiento,1777.0,PC
OT-003178,PAR-004207,PC-EQ-02,2025-11-03 00:00:00,Correctiva,6.4,3,Rodamiento,689.0,PC
OT-003179,PAR-004209,PC-EQ-02,2025-11-12 00:00:00,Preventiva,7.8,2,Sello mecánico,605.0,PC
OT-003180,PAR-004210,PC-EQ-02,2025-11-16 00:00:00,Correctiva,3.0,1,Sensor/instrumento,6056.0,PC
OT-003181,PAR-004212,PC-EQ-02,2025-11-22 00:00:00,Correctiva,6.4,3,Motor eléctrico,4306.0,PC
OT-003182,PAR-004214,PC-EQ-02,2025-11-27 00:00:00,Preventiva,3.7,3,Sensor/instrumento,1530.0,PC
OT-003183,PAR-004215,PC-EQ-02,2025-12-02 00:00:00,Correctiva,10.0,3,Ninguno (solo mano de obra),1478.0,PC
OT-003184,PAR-004216,PC-EQ-02,2025-12-14 00:00:00,Correctiva,7.5,2,Faja/correa,364.0,PC
OT-003185,PAR-004217,PC-EQ-02,2025-12-18 00:00:00,Preventiva,9.5,2,Rodamiento,2211.0,PC
OT-003186,PAR-004219,PC-EQ-02,2025-12-29 00:00:00,Correctiva,3.1,2,Revestimiento (liner),7556.0,PC
OT-003187,PAR-004220,PC-EQ-02,2026-01-03 00:00:00,Correctiva,9.2,2,Rodamiento,7821.0,PC
OT-003188,PAR-004221,PC-EQ-02,2026-01-04 00:00:00,Preventiva,4.8,3,Sello mecánico,551.0,PC
OT-003189,PAR-004222,PC-EQ-02,2026-01-04 00:00:00,Correctiva,9.1,2,Ninguno (solo mano de obra),4020.0,PC
OT-003190,PAR-004225,PC-EQ-02,2026-01-12 00:00:00,Correctiva,7.3,2,Sello mecánico,2796.0,PC
OT-003191,PAR-004226,PC-EQ-02,2026-01-13 00:00:00,Correctiva,0.6,1,Motor eléctrico,1833.0,PC
OT-003192,PAR-004227,PC-EQ-02,2026-01-17 00:00:00,Correctiva,1.1,1,Revestimiento (liner),1388.0,PC
OT-003193,PAR-004229,PC-EQ-02,2026-01-23 00:00:00,Correctiva,30.2,1,Rodamiento,7696.0,PC
OT-003194,PAR-004230,PC-EQ-02,2026-01-24 00:00:00,Preventiva,7.4,2,Ninguno (solo mano de obra),1672.0,PC
OT-003195,PAR-004232,PC-EQ-02,2026-01-25 00:00:00,Correctiva,2.3,3,Motor eléctrico,5935.0,PC
OT-003196,PAR-004233,PC-EQ-02,2026-01-27 00:00:00,Correctiva,2.3,3,Ninguno (solo mano de obra),382.0,PC
OT-003197,PAR-004234,PC-EQ-02,2026-01-29 00:00:00,Correctiva,5.0,1,Revestimiento (liner),1631.0,PC
OT-003198,PAR-004236,PC-EQ-02,2026-02-02 00:00:00,Correctiva,6.5,3,Revestimiento (liner),5515.0,PC
OT-003199,PAR-004237,PC-EQ-02,2026-02-04 00:00:00,Correctiva,0.5,3,Faja/correa,2541.0,PC
OT-003200,PAR-004238,PC-EQ-02,2026-02-09 00:00:00,Correctiva,5.8,1,Sello mecánico,7120.0,PC
OT-003201,PAR-004239,PC-EQ-02,2026-02-12 00:00:00,Preventiva,11.5,1,Motor eléctrico,1091.0,PC
OT-003202,PAR-004240,PC-EQ-02,2026-02-21 00:00:00,Correctiva,10.7,2,Ninguno (solo mano de obra),5047.0,PC
OT-003203,PAR-004241,PC-EQ-02,2026-02-24 00:00:00,Correctiva,18.4,1,Sello mecánico,455.0,PC
OT-003204,PAR-004242,PC-EQ-02,2026-02-27 00:00:00,Preventiva,5.7,2,Sensor/instrumento,2006.0,PC
OT-003205,PAR-004244,PC-EQ-02,2026-03-13 00:00:00,Correctiva,3.6,3,Sensor/instrumento,437.0,PC
OT-003206,PAR-004245,PC-EQ-02,2026-03-14 00:00:00,Preventiva,4.7,3,Faja/correa,1720.0,PC
OT-003207,PAR-004247,PC-EQ-02,2026-03-19 00:00:00,Correctiva,9.4,2,Motor eléctrico,3517.0,PC
OT-003208,PAR-004249,PC-EQ-02,2026-03-24 00:00:00,Correctiva,7.6,2,Rodamiento,5547.0,PC
OT-003209,PAR-004250,PC-EQ-02,2026-04-05 00:00:00,Correctiva,3.2,1,Sensor/instrumento,3732.0,PC
OT-003210,PAR-004251,PC-EQ-02,2026-04-06 00:00:00,Preventiva,7.3,1,Motor eléctrico,2476.0,PC
OT-003211,PAR-004252,PC-EQ-02,2026-04-08 00:00:00,Correctiva,20.1,2,Revestimiento (liner),7335.0,PC
OT-003212,PAR-004253,PC-EQ-02,2026-04-12 00:00:00,Correctiva,8.9,1,Rodamiento,4870.0,PC
OT-003213,PAR-004254,PC-EQ-02,2026-04-13 00:00:00,Correctiva,6.4,1,Ninguno (solo mano de obra),4153.0,PC
OT-003214,PAR-004257,PC-EQ-02,2026-04-22 00:00:00,Correctiva,19.2,3,Ninguno (solo mano de obra),3174.0,PC
OT-003215,PAR-004258,PC-EQ-02,2026-04-25 00:00:00,Correctiva,13.1,2,Sello mecánico,3136.0,PC
OT-003216,PAR-004259,PC-EQ-02,2026-04-26 00:00:00,Preventiva,4.3,1,Ninguno (solo mano de obra),1437.0,PC
OT-003217,PAR-004261,PC-EQ-02,2026-05-05 00:00:00,Correctiva,8.3,2,Motor eléctrico,2820.0,PC
OT-003218,PAR-004262,PC-EQ-02,2026-05-15 00:00:00,Preventiva,10.4,3,Sensor/instrumento,1314.0,PC
OT-003219,PAR-004267,PC-EQ-02,2026-05-30 00:00:00,Correctiva,6.5,1,Rodamiento,356.0,PC
OT-003220,PAR-004268,PC-EQ-02,2026-06-06 00:00:00,Preventiva,9.7,3,Revestimiento (liner),1379.0,PC
OT-003221,PAR-004269,PC-EQ-02,2026-06-07 00:00:00,Correctiva,5.7,2,Revestimiento (liner),6001.0,PC
OT-003222,PAR-004271,PC-EQ-02,2026-06-20 00:00:00,Correctiva,0.7,2,Sello mecánico,3646.0,PC
OT-003223,PAR-004272,PC-EQ-02,2026-06-27 00:00:00,Preventiva,6.0,3,,1547.0,PC
OT-003224,PAR-004274,PC-EQ-02,2026-07-07 00:00:00,Correctiva,20.2,2,Faja/correa,4157.0,PC
OT-003225,PAR-004275,PC-EQ-02,2026-07-10 00:00:00,Correctiva,20.6,3,Sello mecánico,6164.0,PC
OT-003226,PAR-004276,PC-EQ-02,2026-07-12 00:00:00,Correctiva,0.9,2,Sensor/instrumento,7232.0,PC
OT-003227,PAR-004277,PC-EQ-02,2026-07-19 00:00:00,Preventiva,4.0,3,Ninguno (solo mano de obra),2208.0,PC
OT-003228,PAR-004278,PC-EQ-02,2026-07-23 00:00:00,Correctiva,7.1,2,Sensor/instrumento,5766.0,PC
OT-003229,PAR-004279,PC-EQ-02,2026-07-26 00:00:00,Correctiva,26.2,1,Sello mecánico,7924.0,PC
OT-003230,PAR-004280,PC-EQ-02,2026-07-31 00:00:00,Correctiva,4.0,1,Faja/correa,5406.0,PC
OT-003231,PAR-004281,PC-EQ-02,2026-08-01 00:00:00,Correctiva,13.4,1,Sello mecánico,864.0,PC
OT-003232,PAR-004282,PC-EQ-02,2026-08-05 00:00:00,Preventiva,7.8,1,Ninguno (solo mano de obra),1951.0,PC
OT-003233,PAR-004284,PC-EQ-02,2026-08-23 00:00:00,Preventiva,5.1,2,Sello mecánico,63.0,PC
OT-003234,PAR-004285,PC-EQ-02,2026-08-24 00:00:00,Correctiva,30.2,2,Sensor/instrumento,575.0,PC
OT-003235,PAR-004286,PC-EQ-02,2026-08-25 00:00:00,Correctiva,1.4,3,Sensor/instrumento,6489.0,PC
OT-003236,PAR-004287,PC-EQ-02,2026-08-30 00:00:00,Correctiva,0.5,2,Ninguno (solo mano de obra),6891.0,PC
OT-003237,PAR-004288,PC-EQ-02,2026-09-01 00:00:00,Correctiva,5.0,3,,6649.0,PC
OT-003238,PAR-004289,PC-EQ-02,2026-09-06 00:00:00,Correctiva,2.2,2,Motor eléctrico,5208.0,PC
OT-003239,PAR-004290,PC-EQ-02,2026-09-11 00:00:00,Preventiva,3.8,1,Rodamiento,1990.0,PC
OT-003240,PAR-004291,PC-EQ-02,2026-09-14 00:00:00,Correctiva,15.4,3,Ninguno (solo mano de obra),4450.0,PC
OT-003241,PAR-004292,PC-EQ-02,2026-09-18 00:00:00,Correctiva,1.6,3,Sensor/instrumento,1104.0,PC
OT-003242,PAR-004293,PC-EQ-02,2026-09-19 00:00:00,Correctiva,0.7,1,Motor eléctrico,6604.0,PC
OT-003243,PAR-004294,PC-EQ-02,2026-09-20 00:00:00,Correctiva,19.9,3,Revestimiento (liner),4181.0,PC
OT-003244,PAR-004295,PC-EQ-02,2026-09-24 00:00:00,Correctiva,11.1,1,Revestimiento (liner),2637.0,PC
OT-003245,PAR-004296,PC-EQ-02,2026-09-25 00:00:00,Correctiva,2.0,3,Motor eléctrico,3255.0,PC
OT-003246,PAR-004297,PC-EQ-02,2026-09-27 00:00:00,Preventiva,11.8,3,Faja/correa,1750.0,PC
OT-003247,PAR-004298,PC-EQ-02,2026-10-03 00:00:00,Correctiva,2.9,1,Revestimiento (liner),7974.0,PC
OT-003248,PAR-004300,PC-EQ-02,2026-10-20 00:00:00,Preventiva,6.6,1,Sensor/instrumento,1489.0,PC
OT-003249,PAR-004301,PC-EQ-02,2026-10-20 00:00:00,Correctiva,1.1,1,Revestimiento (liner),3158.0,PC
OT-003250,PAR-004302,PC-EQ-02,2026-10-21 00:00:00,Correctiva,19.8,2,Revestimiento (liner),4076.0,PC
OT-003251,PAR-004303,PC-EQ-02,2026-10-23 00:00:00,Correctiva,4.5,1,Rodamiento,6786.0,PC
OT-003252,PAR-004304,PC-EQ-02,2026-10-28 00:00:00,Correctiva,1.7,1,Sensor/instrumento,5475.0,PC
OT-003253,PAR-004305,PC-EQ-02,2026-10-30 00:00:00,Correctiva,5.5,3,Motor eléctrico,5939.0,PC
OT-003254,PAR-004306,PC-EQ-02,2026-10-31 00:00:00,Correctiva,20.0,3,Ninguno (solo mano de obra),7281.0,PC
OT-003255,PAR-004307,PC-EQ-02,2026-11-02 00:00:00,Correctiva,0.4,2,Faja/correa,3161.0,PC
OT-003256,PAR-004308,PC-EQ-02,2026-11-09 00:00:00,Preventiva,11.9,1,Sensor/instrumento,1177.0,PC
OT-003257,PAR-004309,PC-EQ-02,2026-11-11 00:00:00,Correctiva,11.5,3,Rodamiento,2245.0,PC
OT-003258,PAR-004310,PC-EQ-02,2026-11-22 00:00:00,Correctiva,9.8,3,Faja/correa,3325.0,PC
OT-003259,PAR-004311,PC-EQ-02,2026-12-02 00:00:00,Preventiva,6.1,3,Motor eléctrico,1301.0,PC
OT-003260,PAR-004312,PC-EQ-02,2026-12-07 00:00:00,Correctiva,12.4,3,Sello mecánico,6986.0,PC
OT-003261,PAR-004313,PC-EQ-02,2026-12-13 00:00:00,Correctiva,25.8,1,Sensor/instrumento,4828.0,PC
OT-003262,PAR-004314,PC-EQ-02,2026-12-15 00:00:00,Correctiva,1.2,1,Revestimiento (liner),137.0,PC
OT-003263,PAR-004315,PC-EQ-02,2026-12-22 00:00:00,Correctiva,1.3,1,Motor eléctrico,4236.0,PC
OT-003264,PAR-004316,PC-EQ-02,2026-12-24 00:00:00,Preventiva,5.7,2,Motor eléctrico,1523.0,PC
OT-003265,PAR-004317,PC-EQ-02,2026-12-26 00:00:00,Correctiva,21.5,1,Ninguno (solo mano de obra),676.0,PC
OT-003266,PAR-004318,PC-EQ-02,2027-01-05 00:00:00,Correctiva,6.3,2,Sensor/instrumento,1825.0,PC
OT-003267,PAR-004319,PC-EQ-02,2027-01-13 00:00:00,Preventiva,7.0,2,Ninguno (solo mano de obra),610.0,PC
OT-003268,PAR-004320,PC-EQ-02,2027-01-17 00:00:00,Correctiva,11.4,1,Ninguno (solo mano de obra),3108.0,PC
OT-003269,PAR-004321,PC-EQ-02,2027-01-20 00:00:00,Correctiva,15.5,2,Faja/correa,7675.0,PC
OT-003270,PAR-004322,PC-EQ-02,2027-01-21 00:00:00,Correctiva,5.2,2,Ninguno (solo mano de obra),7408.0,PC
OT-003271,PAR-004324,PC-EQ-02,2027-01-28 00:00:00,Preventiva,5.8,3,Rodamiento,1584.0,PC
OT-003272,PAR-004326,PC-EQ-02,2027-02-06 00:00:00,Correctiva,10.5,1,Sensor/instrumento,1231.0,PC
OT-003273,PAR-004328,PC-EQ-02,2027-02-11 00:00:00,Correctiva,6.9,1,Sello mecánico,7016.0,PC
OT-003274,PAR-004330,PC-EQ-02,2027-02-17 00:00:00,Preventiva,9.1,3,Rodamiento,1831.0,PC
OT-003275,PAR-004331,PC-EQ-02,2027-02-18 00:00:00,Correctiva,3.5,2,Revestimiento (liner),2525.0,PC
OT-003276,PAR-004334,PC-EQ-02,2027-03-09 00:00:00,Preventiva,6.2,2,Revestimiento (liner),2499.0,PC
OT-003277,PAR-004335,PC-EQ-02,2027-03-09 00:00:00,Correctiva,8.9,1,Faja/correa,4464.0,PC
OT-003278,PAR-004338,PC-EQ-02,2027-03-16 00:00:00,Correctiva,0.7,3,Ninguno (solo mano de obra),3644.0,PC
OT-003279,PAR-004339,PC-EQ-02,2027-03-17 00:00:00,Correctiva,15.5,1,Revestimiento (liner),6751.0,PC
OT-003280,PAR-004341,PC-EQ-02,2027-03-26 00:00:00,Correctiva,7.8,2,Motor eléctrico,544.0,PC
OT-003281,PAR-004342,PC-EQ-02,2027-03-28 00:00:00,Correctiva,0.6,1,Motor eléctrico,7814.0,PC
OT-003282,PAR-004343,PC-EQ-02,2027-03-31 00:00:00,Preventiva,10.3,3,Ninguno (solo mano de obra),1913.0,PC
OT-003283,PAR-004345,PC-EQ-02,2027-04-07 00:00:00,Correctiva,4.1,1,Sensor/instrumento,6737.0,PC
OT-003284,PAR-004346,PC-EQ-02,2027-04-11 00:00:00,Correctiva,2.5,1,Sello mecánico,5755.0,PC
OT-003285,PAR-004347,PC-EQ-02,2027-04-13 00:00:00,Correctiva,19.2,1,Motor eléctrico,5986.0,PC
OT-003286,PAR-004348,PC-EQ-02,2027-04-14 00:00:00,Correctiva,7.8,2,Revestimiento (liner),5369.0,PC
OT-003287,PAR-004349,PC-EQ-02,2027-04-17 00:00:00,Correctiva,8.5,1,Sensor/instrumento,3700.0,PC
OT-003288,PAR-004350,PC-EQ-02,2027-04-20 00:00:00,Correctiva,28.6,2,Ninguno (solo mano de obra),3162.0,PC
OT-003289,PAR-004351,PC-EQ-02,2027-04-22 00:00:00,Preventiva,7.4,1,Ninguno (solo mano de obra),1222.0,PC
OT-003290,PAR-004352,PC-EQ-02,2027-04-27 00:00:00,Correctiva,1.1,2,Faja/correa,3658.0,PC
OT-003291,PAR-004353,PC-EQ-02,2027-05-02 00:00:00,Correctiva,23.4,3,Rodamiento,3646.0,PC
OT-003292,PAR-004355,PC-EQ-02,2027-05-07 00:00:00,Correctiva,22.6,2,Rodamiento,6843.0,PC
OT-003293,PAR-004356,PC-EQ-02,2027-05-09 00:00:00,Correctiva,1.1,1,Faja/correa,1888.0,PC
OT-003294,PAR-004357,PC-EQ-02,2027-05-12 00:00:00,Preventiva,9.4,1,Revestimiento (liner),1970.0,PC
OT-003295,PAR-004359,PC-EQ-02,2027-05-20 00:00:00,Correctiva,1.8,1,Rodamiento,6558.0,PC
OT-003296,PAR-004360,PC-EQ-02,2027-05-21 00:00:00,Correctiva,5.9,2,Rodamiento,7000.0,PC
OT-003297,PAR-004362,PC-EQ-02,2027-05-30 00:00:00,Preventiva,8.3,1,Sello mecánico,1358.0,PC
OT-003298,PAR-004364,PC-EQ-02,2027-06-18 00:00:00,Preventiva,7.9,1,Ninguno (solo mano de obra),1174.0,PC
OT-003299,PAR-004365,PC-EQ-02,2027-06-29 00:00:00,Correctiva,16.3,3,Revestimiento (liner),7768.0,PC
OT-003300,PAR-004366,PC-EQ-02,2027-07-02 00:00:00,Preventiva,8.5,2,Ninguno (solo mano de obra),2458.0,PC
OT-003301,PAR-004367,PC-EQ-02,2027-07-13 00:00:00,Correctiva,1.0,2,Revestimiento (liner),376.0,PC
OT-003302,PAR-004369,PC-EQ-02,2027-07-18 00:00:00,Correctiva,4.9,3,Faja/correa,1624.0,PC
OT-003303,PAR-004370,PC-EQ-02,2027-07-20 00:00:00,Preventiva,6.1,1,Revestimiento (liner),970.0,PC
OT-003304,PAR-004371,PC-EQ-02,2027-08-06 00:00:00,Preventiva,9.0,3,Rodamiento,916.0,PC
OT-003305,PAR-004373,PC-EQ-02,2027-08-08 00:00:00,Correctiva,2.0,1,Revestimiento (liner),4789.0,PC
OT-003306,PAR-004374,PC-EQ-02,2027-08-13 00:00:00,Correctiva,6.2,2,Sensor/instrumento,3246.0,PC
OT-003307,PAR-004375,PC-EQ-02,2027-08-20 00:00:00,Correctiva,1.6,3,Ninguno (solo mano de obra),7815.0,PC
OT-003308,PAR-004376,PC-EQ-02,2027-08-21 00:00:00,Preventiva,6.7,3,Rodamiento,953.0,PC
OT-003309,PAR-004377,PC-EQ-02,2027-08-21 00:00:00,Correctiva,7.0,1,Ninguno (solo mano de obra),3101.0,PC
OT-003310,PAR-004378,PC-EQ-02,2027-08-26 00:00:00,Correctiva,12.0,3,Ninguno (solo mano de obra),3993.0,PC
OT-003311,PAR-004379,PC-EQ-02,2027-09-03 00:00:00,Correctiva,8.6,3,Sello mecánico,3574.0,PC
OT-003312,PAR-004381,PC-EQ-02,2027-09-10 00:00:00,Preventiva,12.1,3,Ninguno (solo mano de obra),838.0,PC
OT-003313,PAR-004383,PC-EQ-02,2027-09-18 00:00:00,Correctiva,23.1,2,Motor eléctrico,1398.0,PC
OT-003314,PAR-004384,PC-EQ-02,2027-09-19 00:00:00,Correctiva,5.4,1,Motor eléctrico,6546.0,PC
OT-003315,PAR-004385,PC-EQ-02,2027-09-23 00:00:00,Correctiva,10.3,3,Rodamiento,820.0,PC
OT-003316,PAR-004386,PC-EQ-02,2027-09-28 00:00:00,Preventiva,8.4,3,Rodamiento,337.0,PC
OT-003317,PAR-004387,PC-EQ-02,2027-09-29 00:00:00,Correctiva,0.7,3,Rodamiento,5076.0,PC
OT-003318,PAR-004388,PC-EQ-02,2027-10-03 00:00:00,Correctiva,9.6,1,Faja/correa,7086.0,PC
OT-003319,PAR-004389,PC-EQ-02,2027-10-06 00:00:00,Correctiva,19.7,3,Rodamiento,295.0,PC
OT-003320,PAR-004390,PC-EQ-02,2027-10-13 00:00:00,Preventiva,10.8,2,Rodamiento,1889.0,PC
OT-003321,PAR-004391,PC-EQ-02,2027-10-16 00:00:00,Correctiva,4.1,3,Revestimiento (liner),7633.0,PC
OT-003322,PAR-004393,PC-EQ-02,2027-10-23 00:00:00,Correctiva,11.0,2,Revestimiento (liner),5506.0,PC
OT-003323,PAR-004394,PC-EQ-02,2027-11-03 00:00:00,Preventiva,7.4,2,Revestimiento (liner),1021.0,PC
OT-003324,PAR-004397,PC-EQ-02,2027-11-13 00:00:00,Correctiva,6.3,2,Sensor/instrumento,6237.0,PC
OT-003325,PAR-004398,PC-EQ-02,2027-11-17 00:00:00,Correctiva,29.8,2,Sello mecánico,1721.0,PC
OT-003326,PAR-004399,PC-EQ-02,2027-11-18 00:00:00,Correctiva,17.1,2,Motor eléctrico,7367.0,PC
OT-003327,PAR-004400,PC-EQ-02,2027-11-22 00:00:00,Preventiva,9.3,2,Sensor/instrumento,731.0,PC
OT-003328,PAR-004401,PC-EQ-02,2027-11-24 00:00:00,Correctiva,12.6,1,,3051.0,PC
OT-003329,PAR-004402,PC-EQ-02,2027-11-25 00:00:00,Correctiva,5.4,1,Ninguno (solo mano de obra),383.0,PC
OT-003330,PAR-004403,PC-EQ-02,2027-12-02 00:00:00,Correctiva,16.1,1,Sensor/instrumento,4666.0,PC
OT-003331,PAR-004404,PC-EQ-02,2027-12-07 00:00:00,Preventiva,13.1,3,Ninguno (solo mano de obra),197.0,PC
OT-003332,PAR-004405,PC-EQ-02,2027-12-26 00:00:00,Correctiva,1.3,2,Rodamiento,7006.0,PC
OT-003333,PAR-004406,PC-EQ-02,2027-12-30 00:00:00,Preventiva,6.7,1,Revestimiento (liner),1083.0,PC
OT-003334,PAR-004407,PC-EQ-03,2024-01-01 00:00:00,Correctiva,0.6,1,Sello mecánico,3601.0,PC
OT-003335,PAR-004408,PC-EQ-03,2024-01-03 00:00:00,Correctiva,2.0,1,Revestimiento (liner),498.0,PC
OT-003336,PAR-004409,PC-EQ-03,2024-01-07 00:00:00,Correctiva,8.8,1,Rodamiento,7483.0,PC
OT-003337,PAR-004410,PC-EQ-03,2024-01-11 00:00:00,Correctiva,2.7,3,Motor eléctrico,4264.0,PC
OT-003338,PAR-004411,PC-EQ-03,2024-01-13 00:00:00,Correctiva,30.3,2,Ninguno (solo mano de obra),5774.0,PC
OT-003339,PAR-004412,PC-EQ-03,2024-01-14 00:00:00,Preventiva,5.5,3,Motor eléctrico,615.0,PC
OT-003340,PAR-004413,PC-EQ-03,2024-01-15 00:00:00,Correctiva,6.4,3,Sello mecánico,1765.0,PC
OT-003341,PAR-004414,PC-EQ-03,2024-01-21 00:00:00,Correctiva,1.4,1,Revestimiento (liner),3265.0,PC
OT-003342,PAR-004415,PC-EQ-03,2024-01-22 00:00:00,Correctiva,4.0,3,Sensor/instrumento,3173.0,PC
OT-003343,PAR-004416,PC-EQ-03,2024-01-29 00:00:00,Correctiva,3.7,2,Motor eléctrico,6958.0,PC
OT-003344,PAR-004417,PC-EQ-03,2024-01-31 00:00:00,Preventiva,11.9,3,Faja/correa,645.0,PC
OT-003345,PAR-004418,PC-EQ-03,2024-02-04 00:00:00,Correctiva,1.6,3,Ninguno (solo mano de obra),5307.0,PC
OT-003346,PAR-004420,PC-EQ-03,2024-02-14 00:00:00,Correctiva,1.9,2,Motor eléctrico,7615.0,PC
OT-003347,PAR-004421,PC-EQ-03,2024-02-18 00:00:00,Preventiva,7.2,3,Rodamiento,1128.0,PC
OT-003348,PAR-004423,PC-EQ-03,2024-03-03 00:00:00,Preventiva,9.8,2,Ninguno (solo mano de obra),2495.0,PC
OT-003349,PAR-004424,PC-EQ-03,2024-03-20 00:00:00,Correctiva,0.9,2,Sello mecánico,7199.0,PC
OT-003350,PAR-004425,PC-EQ-03,2024-03-22 00:00:00,Preventiva,11.4,3,Rodamiento,813.0,PC
OT-003351,PAR-004429,PC-EQ-03,2024-04-05 00:00:00,Preventiva,7.9,3,Sensor/instrumento,1185.0,PC
OT-003352,PAR-004430,PC-EQ-03,2024-04-10 00:00:00,Correctiva,10.5,1,Rodamiento,7003.0,PC
OT-003353,PAR-004431,PC-EQ-03,2024-04-21 00:00:00,Preventiva,7.8,2,Ninguno (solo mano de obra),2353.0,PC
OT-003354,PAR-004432,PC-EQ-03,2024-04-29 00:00:00,Correctiva,1.2,2,Faja/correa,6097.0,PC
OT-003355,PAR-004434,PC-EQ-03,2024-04-30 00:00:00,Correctiva,23.9,3,Sello mecánico,6410.0,PC
OT-003356,PAR-004437,PC-EQ-03,2024-05-13 00:00:00,Preventiva,6.6,1,Faja/correa,1989.0,PC
OT-003357,PAR-004440,PC-EQ-03,2024-05-29 00:00:00,Preventiva,7.0,1,Sensor/instrumento,736.0,PC
OT-003358,PAR-004441,PC-EQ-03,2024-06-18 00:00:00,Correctiva,4.1,2,Faja/correa,1073.0,PC
OT-003359,PAR-004442,PC-EQ-03,2024-06-20 00:00:00,Preventiva,10.5,3,Faja/correa,1294.0,PC
OT-003360,PAR-004444,PC-EQ-03,2024-07-09 00:00:00,Preventiva,6.7,2,Ninguno (solo mano de obra),2006.0,PC
OT-003361,PAR-004445,PC-EQ-03,2024-07-14 00:00:00,Correctiva,3.9,1,Faja/correa,2944.0,PC
OT-003362,PAR-004446,PC-EQ-03,2024-07-21 00:00:00,Correctiva,11.8,3,Ninguno (solo mano de obra),4500.0,PC
OT-003363,PAR-004447,PC-EQ-03,2024-07-23 00:00:00,Correctiva,0.6,1,Sello mecánico,4819.0,PC
OT-003364,PAR-004448,PC-EQ-03,2024-07-27 00:00:00,Preventiva,9.5,2,Motor eléctrico,493.0,PC
OT-003365,PAR-004449,PC-EQ-03,2024-07-28 00:00:00,Correctiva,5.9,1,Ninguno (solo mano de obra),7193.0,PC
OT-003366,PAR-004450,PC-EQ-03,2024-08-03 00:00:00,Correctiva,1.7,3,Sensor/instrumento,6766.0,PC
OT-003367,PAR-004451,PC-EQ-03,2024-08-04 00:00:00,Correctiva,0.4,2,Rodamiento,6546.0,PC
OT-003368,PAR-004453,PC-EQ-03,2024-08-18 00:00:00,Preventiva,9.7,1,Sensor/instrumento,1234.0,PC
OT-003369,PAR-004454,PC-EQ-03,2024-08-22 00:00:00,Correctiva,3.8,1,Rodamiento,6013.0,PC
OT-003370,PAR-004456,PC-EQ-03,2024-09-01 00:00:00,Preventiva,10.9,1,Ninguno (solo mano de obra),2014.0,PC
OT-003371,PAR-004457,PC-EQ-03,2024-09-12 00:00:00,Correctiva,3.4,3,Rodamiento,260.0,PC
OT-003372,PAR-004458,PC-EQ-03,2024-09-15 00:00:00,Preventiva,6.7,2,Sello mecánico,2383.0,PC
OT-003373,PAR-004459,PC-EQ-03,2024-09-24 00:00:00,Correctiva,5.3,2,Sello mecánico,7168.0,PC
OT-003374,PAR-004461,PC-EQ-03,2024-09-29 00:00:00,Preventiva,10.5,2,Sello mecánico,1266.0,PC
OT-003375,PAR-004462,PC-EQ-03,2024-10-21 00:00:00,Preventiva,10.8,1,Revestimiento (liner),215.0,PC
OT-003376,PAR-004464,PC-EQ-03,2024-10-29 00:00:00,Correctiva,6.6,2,Motor eléctrico,6474.0,PC
OT-003377,PAR-004466,PC-EQ-03,2024-11-04 00:00:00,Preventiva,10.2,1,Faja/correa,80.0,PC
OT-003378,PAR-004467,PC-EQ-03,2024-11-18 00:00:00,Correctiva,7.4,2,Rodamiento,5833.0,PC
OT-003379,PAR-004468,PC-EQ-03,2024-11-21 00:00:00,Preventiva,12.1,2,Rodamiento,375.0,PC
OT-003380,PAR-004469,PC-EQ-03,2024-11-28 00:00:00,Correctiva,9.4,2,Revestimiento (liner),4533.0,PC
OT-003381,PAR-004471,PC-EQ-03,2024-12-08 00:00:00,Preventiva,4.9,3,Sello mecánico,527.0,PC
OT-003382,PAR-004472,PC-EQ-03,2024-12-13 00:00:00,Correctiva,4.3,2,Faja/correa,2975.0,PC
OT-003383,PAR-004473,PC-EQ-03,2024-12-20 00:00:00,Correctiva,11.6,1,Ninguno (solo mano de obra),1511.0,PC
OT-003384,PAR-004474,PC-EQ-03,2024-12-23 00:00:00,Preventiva,6.9,3,Sensor/instrumento,489.0,PC
OT-003385,PAR-004476,PC-EQ-03,2025-01-05 00:00:00,Correctiva,7.9,2,Faja/correa,990.0,PC
OT-003386,PAR-004477,PC-EQ-03,2025-01-13 00:00:00,Preventiva,4.7,1,Sello mecánico,630.0,PC
OT-003387,PAR-004479,PC-EQ-03,2025-01-28 00:00:00,Preventiva,9.5,3,Revestimiento (liner),2256.0,PC
OT-003388,PAR-004480,PC-EQ-03,2025-01-29 00:00:00,Correctiva,19.6,2,Revestimiento (liner),5420.0,PC
OT-003389,PAR-004481,PC-EQ-03,2025-01-30 00:00:00,Correctiva,2.3,2,Rodamiento,5413.0,PC
OT-003390,PAR-004484,PC-EQ-03,2025-02-12 00:00:00,Preventiva,9.3,1,Rodamiento,1989.0,PC
OT-003391,PAR-004487,PC-EQ-03,2025-02-20 00:00:00,Correctiva,16.1,1,Sensor/instrumento,4222.0,PC
OT-003392,PAR-004488,PC-EQ-03,2025-03-05 00:00:00,Preventiva,11.7,2,Motor eléctrico,1358.0,PC
OT-003393,PAR-004492,PC-EQ-03,2025-03-27 00:00:00,Preventiva,8.5,1,Sello mecánico,1412.0,PC
OT-003394,PAR-004493,PC-EQ-03,2025-04-03 00:00:00,Correctiva,2.0,3,Motor eléctrico,7968.0,PC
OT-003395,PAR-004494,PC-EQ-03,2025-04-05 00:00:00,Correctiva,13.0,2,Motor eléctrico,3992.0,PC
OT-003396,PAR-004495,PC-EQ-03,2025-04-15 00:00:00,Preventiva,10.8,3,Revestimiento (liner),2123.0,PC
OT-003397,PAR-004499,PC-EQ-03,2025-05-05 00:00:00,Correctiva,4.7,2,Motor eléctrico,5049.0,PC
OT-003398,PAR-004500,PC-EQ-03,2025-05-07 00:00:00,Preventiva,5.3,2,Sello mecánico,2103.0,PC
OT-003399,PAR-004501,PC-EQ-03,2025-05-10 00:00:00,Correctiva,4.1,1,Motor eléctrico,5084.0,PC
OT-003400,PAR-004502,PC-EQ-03,2025-05-12 00:00:00,Correctiva,5.8,1,Faja/correa,3953.0,PC
OT-003401,PAR-004505,PC-EQ-03,2025-05-18 00:00:00,Correctiva,21.3,2,Rodamiento,537.0,PC
OT-003402,PAR-004506,PC-EQ-03,2025-05-23 00:00:00,Preventiva,7.4,3,Ninguno (solo mano de obra),956.0,PC
OT-003403,PAR-004507,PC-EQ-03,2025-06-07 00:00:00,Preventiva,7.0,3,Ninguno (solo mano de obra),832.0,PC
OT-003404,PAR-004508,PC-EQ-03,2025-06-11 00:00:00,Correctiva,0.5,2,Sensor/instrumento,6368.0,PC
OT-003405,PAR-004509,PC-EQ-03,2025-06-23 00:00:00,Preventiva,7.0,2,Revestimiento (liner),1831.0,PC
OT-003406,PAR-004511,PC-EQ-03,2025-07-02 00:00:00,Correctiva,23.1,2,Rodamiento,5115.0,PC
OT-003407,PAR-004512,PC-EQ-03,2025-07-03 00:00:00,Correctiva,4.9,1,Faja/correa,3703.0,PC
OT-003408,PAR-004513,PC-EQ-03,2025-07-13 00:00:00,Preventiva,5.8,1,Motor eléctrico,681.0,PC
OT-003409,PAR-004515,PC-EQ-03,2025-07-16 00:00:00,Correctiva,6.2,3,Sello mecánico,5966.0,PC
OT-003410,PAR-004516,PC-EQ-03,2025-07-19 00:00:00,Correctiva,3.6,2,Faja/correa,6292.0,PC
OT-003411,PAR-004517,PC-EQ-03,2025-07-30 00:00:00,Preventiva,7.9,3,Rodamiento,1304.0,PC
OT-003412,PAR-004518,PC-EQ-03,2025-07-31 00:00:00,Correctiva,0.4,2,Sensor/instrumento,1193.0,PC
OT-003413,PAR-004519,PC-EQ-03,2025-08-02 00:00:00,Correctiva,1.3,1,Sensor/instrumento,7493.0,PC
OT-003414,PAR-004520,PC-EQ-03,2025-08-04 00:00:00,Correctiva,5.2,2,Sensor/instrumento,7337.0,PC
OT-003415,PAR-004521,PC-EQ-03,2025-08-14 00:00:00,Correctiva,0.6,1,Motor eléctrico,1970.0,PC
OT-003416,PAR-004522,PC-EQ-03,2025-08-15 00:00:00,Correctiva,14.2,3,Rodamiento,5646.0,PC
OT-003417,PAR-004523,PC-EQ-03,2025-08-17 00:00:00,Preventiva,10.5,2,Revestimiento (liner),526.0,PC
OT-003418,PAR-004525,PC-EQ-03,2025-08-19 00:00:00,Correctiva,2.9,3,Rodamiento,6519.0,PC
OT-003419,PAR-004526,PC-EQ-03,2025-09-08 00:00:00,Preventiva,6.8,3,Sello mecánico,1820.0,PC
OT-003420,PAR-004527,PC-EQ-03,2025-10-01 00:00:00,Preventiva,9.1,3,Ninguno (solo mano de obra),2225.0,PC
OT-003421,PAR-004528,PC-EQ-03,2025-10-03 00:00:00,Correctiva,6.4,3,Sello mecánico,5971.0,PC
OT-003422,PAR-004534,PC-EQ-03,2025-10-22 00:00:00,Preventiva,7.1,2,Faja/correa,163.0,PC
OT-003423,PAR-004535,PC-EQ-03,2025-10-28 00:00:00,Correctiva,4.3,1,Rodamiento,344.0,PC
OT-003424,PAR-004536,PC-EQ-03,2025-10-29 00:00:00,Correctiva,16.7,2,Sello mecánico,3958.0,PC
OT-003425,PAR-004538,PC-EQ-03,2025-11-11 00:00:00,Preventiva,7.2,3,Sensor/instrumento,43.0,PC
OT-003426,PAR-004542,PC-EQ-03,2025-11-18 00:00:00,Correctiva,2.2,2,Rodamiento,6986.0,PC
OT-003427,PAR-004543,PC-EQ-03,2025-11-19 00:00:00,Correctiva,1.0,2,Revestimiento (liner),5810.0,PC
OT-003428,PAR-004544,PC-EQ-03,2025-11-26 00:00:00,Preventiva,10.1,1,Motor eléctrico,43.0,PC
OT-003429,PAR-004545,PC-EQ-03,2025-11-27 00:00:00,Correctiva,13.6,3,Ninguno (solo mano de obra),7191.0,PC
OT-003430,PAR-004549,PC-EQ-03,2025-12-09 00:00:00,Correctiva,19.9,1,Revestimiento (liner),422.0,PC
OT-003431,PAR-004550,PC-EQ-03,2025-12-10 00:00:00,Preventiva,6.1,2,Faja/correa,490.0,PC
OT-003432,PAR-004551,PC-EQ-03,2025-12-11 00:00:00,Correctiva,6.7,1,Faja/correa,5619.0,PC
OT-003433,PAR-004553,PC-EQ-03,2025-12-16 00:00:00,Correctiva,3.2,2,Ninguno (solo mano de obra),5899.0,PC
OT-003434,PAR-004554,PC-EQ-03,2025-12-23 00:00:00,Correctiva,17.6,1,Revestimiento (liner),4556.0,PC
OT-003435,PAR-004555,PC-EQ-03,2026-01-02 00:00:00,Preventiva,8.6,1,Sello mecánico,80.0,PC
OT-003436,PAR-004557,PC-EQ-03,2026-01-09 00:00:00,Correctiva,0.5,2,Sello mecánico,4551.0,PC
OT-003437,PAR-004560,PC-EQ-03,2026-01-23 00:00:00,Preventiva,6.7,3,Sensor/instrumento,1213.0,PC
OT-003438,PAR-004562,PC-EQ-03,2026-01-29 00:00:00,Correctiva,6.9,1,Sello mecánico,1156.0,PC
OT-003439,PAR-004564,PC-EQ-03,2026-02-02 00:00:00,Correctiva,0.6,1,Faja/correa,7300.0,PC
OT-003440,PAR-004565,PC-EQ-03,2026-02-11 00:00:00,Preventiva,5.4,2,Motor eléctrico,1460.0,PC
OT-003441,PAR-004566,PC-EQ-03,2026-02-11 00:00:00,Correctiva,2.7,2,Sello mecánico,5664.0,PC
OT-003442,PAR-004567,PC-EQ-03,2026-02-12 00:00:00,Correctiva,4.4,3,Rodamiento,7048.0,PC
OT-003443,PAR-004568,PC-EQ-03,2026-02-16 00:00:00,Correctiva,0.4,1,Faja/correa,201.0,PC
OT-003444,PAR-004569,PC-EQ-03,2026-02-18 00:00:00,Correctiva,0.9,3,Motor eléctrico,1438.0,PC
OT-003445,PAR-004570,PC-EQ-03,2026-03-04 00:00:00,Preventiva,12.2,1,Sensor/instrumento,647.0,PC
OT-003446,PAR-004572,PC-EQ-03,2026-03-07 00:00:00,Correctiva,14.4,3,Faja/correa,2897.0,PC
OT-003447,PAR-004573,PC-EQ-03,2026-03-16 00:00:00,Correctiva,8.3,2,Sensor/instrumento,6481.0,PC
OT-003448,PAR-004574,PC-EQ-03,2026-03-18 00:00:00,Preventiva,4.6,2,Motor eléctrico,1011.0,PC
OT-003449,PAR-004576,PC-EQ-03,2026-04-06 00:00:00,Preventiva,7.4,2,Revestimiento (liner),1885.0,PC
OT-003450,PAR-004578,PC-EQ-03,2026-04-20 00:00:00,Correctiva,16.2,2,Motor eléctrico,1489.0,PC
OT-003451,PAR-004579,PC-EQ-03,2026-04-25 00:00:00,Preventiva,9.1,3,Sello mecánico,163.0,PC
OT-003452,PAR-004581,PC-EQ-03,2026-05-06 00:00:00,Correctiva,4.1,2,Sensor/instrumento,2711.0,PC
OT-003453,PAR-004583,PC-EQ-03,2026-05-07 00:00:00,Correctiva,3.5,3,Motor eléctrico,3563.0,PC
OT-003454,PAR-004584,PC-EQ-03,2026-05-14 00:00:00,Preventiva,8.8,3,Sensor/instrumento,1373.0,PC
OT-003455,PAR-004586,PC-EQ-03,2026-05-18 00:00:00,Correctiva,4.5,1,,1176.0,PC
OT-003456,PAR-004588,PC-EQ-03,2026-05-31 00:00:00,Preventiva,5.2,2,Rodamiento,1232.0,PC
OT-003457,PAR-004590,PC-EQ-03,2026-06-01 00:00:00,Correctiva,1.7,3,Rodamiento,3682.0,PC
OT-003458,PAR-004593,PC-EQ-03,2026-06-15 00:00:00,Preventiva,7.5,1,,1572.0,PC
OT-003459,PAR-004595,PC-EQ-03,2026-07-07 00:00:00,Preventiva,8.8,3,Motor eléctrico,2070.0,PC
OT-003460,PAR-004596,PC-EQ-03,2026-07-15 00:00:00,Correctiva,9.3,3,Ninguno (solo mano de obra),2782.0,PC
OT-003461,PAR-004597,PC-EQ-03,2026-07-17 00:00:00,Correctiva,3.9,3,Rodamiento,5337.0,PC
OT-003462,PAR-004598,PC-EQ-03,2026-07-24 00:00:00,Correctiva,9.5,3,Rodamiento,5491.0,PC
OT-003463,PAR-004599,PC-EQ-03,2026-07-27 00:00:00,Correctiva,13.1,3,Sello mecánico,3648.0,PC
OT-003464,PAR-004600,PC-EQ-03,2026-07-29 00:00:00,Preventiva,5.2,1,Sensor/instrumento,204.0,PC
OT-003465,PAR-004601,PC-EQ-03,2026-08-03 00:00:00,Correctiva,18.1,2,Motor eléctrico,3609.0,PC
OT-003466,PAR-004604,PC-EQ-03,2026-08-19 00:00:00,Preventiva,8.2,1,Sensor/instrumento,404.0,PC
OT-003467,PAR-004605,PC-EQ-03,2026-09-02 00:00:00,Preventiva,6.1,2,Revestimiento (liner),2164.0,PC
OT-003468,PAR-004606,PC-EQ-03,2026-09-05 00:00:00,Correctiva,6.1,2,Rodamiento,5830.0,PC
OT-003469,PAR-004608,PC-EQ-03,2026-09-16 00:00:00,Preventiva,5.3,2,Revestimiento (liner),151.0,PC
OT-003470,PAR-004610,PC-EQ-03,2026-10-03 00:00:00,Correctiva,6.6,2,Faja/correa,4994.0,PC
OT-003471,PAR-004611,PC-EQ-03,2026-10-06 00:00:00,Preventiva,9.9,3,Revestimiento (liner),2276.0,PC
OT-003472,PAR-004613,PC-EQ-03,2026-10-10 00:00:00,Correctiva,0.7,1,Faja/correa,7772.0,PC
OT-003473,PAR-004614,PC-EQ-03,2026-10-21 00:00:00,Preventiva,4.8,2,Sello mecánico,577.0,PC
OT-003474,PAR-004615,PC-EQ-03,2026-10-22 00:00:00,Correctiva,7.2,1,Revestimiento (liner),1588.0,PC
OT-003475,PAR-004616,PC-EQ-03,2026-10-24 00:00:00,Correctiva,2.2,3,Sensor/instrumento,4779.0,PC
OT-003476,PAR-004617,PC-EQ-03,2026-10-25 00:00:00,Correctiva,10.6,2,Motor eléctrico,1496.0,PC
OT-003477,PAR-004618,PC-EQ-03,2026-11-08 00:00:00,Correctiva,1.9,2,Faja/correa,1225.0,PC
OT-003478,PAR-004619,PC-EQ-03,2026-11-13 00:00:00,Preventiva,6.3,3,Rodamiento,2062.0,PC
OT-003479,PAR-004620,PC-EQ-03,2026-11-15 00:00:00,Correctiva,4.5,1,Sensor/instrumento,3747.0,PC
OT-003480,PAR-004621,PC-EQ-03,2026-11-25 00:00:00,Correctiva,8.9,2,Sello mecánico,3480.0,PC
OT-003481,PAR-004622,PC-EQ-03,2026-11-29 00:00:00,Preventiva,6.4,2,Motor eléctrico,1258.0,PC
OT-003482,PAR-004623,PC-EQ-03,2026-12-15 00:00:00,Preventiva,6.0,3,Revestimiento (liner),1970.0,PC
OT-003483,PAR-004624,PC-EQ-03,2026-12-25 00:00:00,Correctiva,2.4,2,Rodamiento,891.0,PC
OT-003484,PAR-004626,PC-EQ-03,2027-01-01 00:00:00,Preventiva,8.6,1,Revestimiento (liner),579.0,PC
OT-003485,PAR-004627,PC-EQ-03,2027-01-02 00:00:00,Correctiva,4.4,1,Motor eléctrico,2977.0,PC
OT-003486,PAR-004628,PC-EQ-03,2027-01-04 00:00:00,Correctiva,3.9,2,Sello mecánico,2423.0,PC
OT-003487,PAR-004630,PC-EQ-03,2027-01-16 00:00:00,Preventiva,12.3,1,Revestimiento (liner),200.0,PC
OT-003488,PAR-004631,PC-EQ-03,2027-01-19 00:00:00,Correctiva,19.7,3,Sello mecánico,4088.0,PC
OT-003489,PAR-004632,PC-EQ-03,2027-02-02 00:00:00,Preventiva,9.0,3,Motor eléctrico,1666.0,PC
OT-003490,PAR-004634,PC-EQ-03,2027-02-10 00:00:00,Correctiva,2.8,1,Motor eléctrico,7497.0,PC
OT-003491,PAR-004636,PC-EQ-03,2027-02-20 00:00:00,Preventiva,9.4,2,Rodamiento,335.0,PC
OT-003492,PAR-004639,PC-EQ-03,2027-03-11 00:00:00,Preventiva,8.6,1,Faja/correa,312.0,PC
OT-003493,PAR-004640,PC-EQ-03,2027-03-25 00:00:00,Correctiva,2.9,1,Motor eléctrico,6411.0,PC
OT-003494,PAR-004641,PC-EQ-03,2027-04-03 00:00:00,Preventiva,11.0,1,Rodamiento,1510.0,PC
OT-003495,PAR-004642,PC-EQ-03,2027-04-04 00:00:00,Correctiva,1.2,1,Ninguno (solo mano de obra),1288.0,PC
OT-003496,PAR-004643,PC-EQ-03,2027-04-21 00:00:00,Preventiva,5.3,3,Faja/correa,1084.0,PC
OT-003497,PAR-004644,PC-EQ-03,2027-05-01 00:00:00,Correctiva,6.5,3,Faja/correa,3872.0,PC
OT-003498,PAR-004645,PC-EQ-03,2027-05-06 00:00:00,Correctiva,4.0,1,Sensor/instrumento,4945.0,PC
OT-003499,PAR-004646,PC-EQ-03,2027-05-09 00:00:00,Correctiva,3.5,3,Sello mecánico,2533.0,PC
OT-003500,PAR-004648,PC-EQ-03,2027-05-14 00:00:00,Preventiva,6.0,1,Ninguno (solo mano de obra),648.0,PC
OT-003501,PAR-004651,PC-EQ-03,2027-06-06 00:00:00,Preventiva,6.7,1,Motor eléctrico,847.0,PC
OT-003502,PAR-004654,PC-EQ-03,2027-06-20 00:00:00,Preventiva,7.4,2,Sello mecánico,1347.0,PC
OT-003503,PAR-004655,PC-EQ-03,2027-06-22 00:00:00,Correctiva,3.3,3,Faja/correa,4665.0,PC
OT-003504,PAR-004656,PC-EQ-03,2027-06-27 00:00:00,Correctiva,1.0,1,Sello mecánico,84.0,PC
OT-003505,PAR-004657,PC-EQ-03,2027-07-09 00:00:00,Preventiva,6.9,2,Ninguno (solo mano de obra),2301.0,PC
OT-003506,PAR-004660,PC-EQ-03,2027-07-26 00:00:00,Preventiva,6.2,3,Faja/correa,1491.0,PC
OT-003507,PAR-004662,PC-EQ-03,2027-08-07 00:00:00,Correctiva,0.7,2,Ninguno (solo mano de obra),984.0,PC
OT-003508,PAR-004663,PC-EQ-03,2027-08-13 00:00:00,Correctiva,2.9,3,Revestimiento (liner),6034.0,PC
OT-003509,PAR-004664,PC-EQ-03,2027-08-14 00:00:00,Preventiva,5.5,3,Sello mecánico,814.0,PC
OT-003510,PAR-004665,PC-EQ-03,2027-08-20 00:00:00,Correctiva,7.2,2,Revestimiento (liner),7678.0,PC
OT-003511,PAR-004667,PC-EQ-03,2027-09-03 00:00:00,Preventiva,6.0,3,Faja/correa,1204.0,PC
OT-003512,PAR-004669,PC-EQ-03,2027-09-20 00:00:00,Preventiva,5.4,2,Revestimiento (liner),130.0,PC
OT-003513,PAR-004670,PC-EQ-03,2027-09-21 00:00:00,Correctiva,4.5,1,Faja/correa,3138.0,PC
OT-003514,PAR-004673,PC-EQ-03,2027-10-09 00:00:00,Preventiva,4.4,3,Revestimiento (liner),125.0,PC
OT-003515,PAR-004675,PC-EQ-03,2027-10-11 00:00:00,Correctiva,2.9,3,Faja/correa,5241.0,PC
OT-003516,PAR-004677,PC-EQ-03,2027-10-28 00:00:00,Preventiva,5.7,2,Sello mecánico,732.0,PC
OT-003517,PAR-004678,PC-EQ-03,2027-11-13 00:00:00,Correctiva,2.6,3,Faja/correa,6784.0,PC
OT-003518,PAR-004680,PC-EQ-03,2027-11-18 00:00:00,Preventiva,5.2,2,Sensor/instrumento,587.0,PC
OT-003519,PAR-004681,PC-EQ-03,2027-11-19 00:00:00,Correctiva,3.0,1,Ninguno (solo mano de obra),3510.0,PC
OT-003520,PAR-004682,PC-EQ-03,2027-11-20 00:00:00,Correctiva,3.4,3,Rodamiento,2077.0,PC
OT-003521,PAR-004683,PC-EQ-03,2027-11-23 00:00:00,Correctiva,11.0,1,Revestimiento (liner),5446.0,PC
OT-003522,PAR-004684,PC-EQ-03,2027-12-02 00:00:00,Preventiva,6.9,1,Rodamiento,1934.0,PC
OT-003523,PAR-004685,PC-EQ-03,2027-12-06 00:00:00,Correctiva,5.2,3,Ninguno (solo mano de obra),4303.0,PC
OT-003524,PAR-004687,PC-EQ-03,2027-12-08 00:00:00,Correctiva,5.5,1,Sensor/instrumento,3310.0,PC
OT-003525,PAR-004688,PC-EQ-03,2027-12-10 00:00:00,Correctiva,12.7,1,Faja/correa,6477.0,PC
OT-003526,PAR-004689,PC-EQ-03,2027-12-17 00:00:00,Preventiva,11.9,3,Faja/correa,2323.0,PC
OT-003527,PAR-004690,PC-EQ-03,2027-12-26 00:00:00,Correctiva,4.2,1,Sensor/instrumento,7417.0,PC
OT-003528,PAR-004692,PC-EQ-04,2024-01-12 00:00:00,Correctiva,20.9,1,Revestimiento (liner),2287.0,PC
OT-003529,PAR-004693,PC-EQ-04,2024-01-13 00:00:00,Correctiva,17.4,3,Faja/correa,570.0,PC
OT-003530,PAR-004694,PC-EQ-04,2024-01-14 00:00:00,Preventiva,6.5,2,Ninguno (solo mano de obra),2155.0,PC
OT-003531,PAR-004695,PC-EQ-04,2024-01-17 00:00:00,Correctiva,3.6,1,Revestimiento (liner),7107.0,PC
OT-003532,PAR-004696,PC-EQ-04,2024-01-21 00:00:00,Correctiva,3.4,3,Sensor/instrumento,4669.0,PC
OT-003533,PAR-004697,PC-EQ-04,2024-01-28 00:00:00,Preventiva,5.4,3,Motor eléctrico,711.0,PC
OT-003534,PAR-004698,PC-EQ-04,2024-02-02 00:00:00,Correctiva,10.3,1,Motor eléctrico,6564.0,PC
OT-003535,PAR-004699,PC-EQ-04,2024-02-06 00:00:00,Correctiva,7.7,1,Faja/correa,6000.0,PC
OT-003536,PAR-004701,PC-EQ-04,2024-02-10 00:00:00,Correctiva,21.0,1,Faja/correa,4941.0,PC
OT-003537,PAR-004702,PC-EQ-04,2024-02-12 00:00:00,Preventiva,8.7,3,Faja/correa,256.0,PC
OT-003538,PAR-004703,PC-EQ-04,2024-02-13 00:00:00,Correctiva,12.3,3,Faja/correa,5936.0,PC
OT-003539,PAR-004704,PC-EQ-04,2024-02-17 00:00:00,Correctiva,2.2,2,Motor eléctrico,1745.0,PC
OT-003540,PAR-004705,PC-EQ-04,2024-02-27 00:00:00,Preventiva,6.7,2,Sensor/instrumento,171.0,PC
OT-003541,PAR-004706,PC-EQ-04,2024-03-03 00:00:00,Correctiva,12.4,1,Rodamiento,5726.0,PC
OT-003542,PAR-004707,PC-EQ-04,2024-03-05 00:00:00,Correctiva,2.6,3,Revestimiento (liner),3511.0,PC
OT-003543,PAR-004708,PC-EQ-04,2024-03-06 00:00:00,Correctiva,2.8,2,Motor eléctrico,3691.0,PC
OT-003544,PAR-004709,PC-EQ-04,2024-03-10 00:00:00,Correctiva,3.4,3,Faja/correa,511.0,PC
OT-003545,PAR-004710,PC-EQ-04,2024-03-12 00:00:00,Correctiva,17.3,2,Sensor/instrumento,944.0,PC
OT-003546,PAR-004711,PC-EQ-04,2024-03-15 00:00:00,Preventiva,7.5,3,Rodamiento,634.0,PC
OT-003547,PAR-004714,PC-EQ-04,2024-03-27 00:00:00,Correctiva,7.9,1,Ninguno (solo mano de obra),6527.0,PC
OT-003548,PAR-004716,PC-EQ-04,2024-04-01 00:00:00,Correctiva,2.7,2,Ninguno (solo mano de obra),2647.0,PC
OT-003549,PAR-004717,PC-EQ-04,2024-04-03 00:00:00,Preventiva,9.7,1,Faja/correa,2429.0,PC
OT-003550,PAR-004718,PC-EQ-04,2024-04-04 00:00:00,Correctiva,5.1,1,Ninguno (solo mano de obra),3541.0,PC
OT-003551,PAR-004719,PC-EQ-04,2024-04-05 00:00:00,Correctiva,27.0,3,Ninguno (solo mano de obra),6122.0,PC
OT-003552,PAR-004720,PC-EQ-04,2024-04-08 00:00:00,Correctiva,15.5,1,Sensor/instrumento,5861.0,PC
OT-003553,PAR-004721,PC-EQ-04,2024-04-09 00:00:00,Correctiva,6.0,3,Ninguno (solo mano de obra),3914.0,PC
OT-003554,PAR-004722,PC-EQ-04,2024-04-10 00:00:00,Correctiva,12.6,2,Motor eléctrico,5992.0,PC
OT-003555,PAR-004723,PC-EQ-04,2024-04-12 00:00:00,Correctiva,10.8,2,Sensor/instrumento,7336.0,PC
OT-003556,PAR-004724,PC-EQ-04,2024-04-13 00:00:00,Correctiva,29.8,1,Motor eléctrico,7599.0,PC
OT-003557,PAR-004725,PC-EQ-04,2024-04-14 00:00:00,Correctiva,5.9,3,Faja/correa,2774.0,PC
OT-003558,PAR-004726,PC-EQ-04,2024-04-18 00:00:00,Correctiva,4.8,2,Ninguno (solo mano de obra),2056.0,PC
OT-003559,PAR-004727,PC-EQ-04,2024-04-21 00:00:00,Correctiva,0.4,1,Rodamiento,4051.0,PC
OT-003560,PAR-004728,PC-EQ-04,2024-04-22 00:00:00,Correctiva,2.0,1,Sensor/instrumento,1638.0,PC
OT-003561,PAR-004729,PC-EQ-04,2024-04-23 00:00:00,Preventiva,8.9,3,Ninguno (solo mano de obra),864.0,PC
OT-003562,PAR-004730,PC-EQ-04,2024-04-30 00:00:00,Correctiva,24.8,1,Motor eléctrico,7316.0,PC
OT-003563,PAR-004731,PC-EQ-04,2024-05-05 00:00:00,Correctiva,28.8,1,Revestimiento (liner),6519.0,PC
OT-003564,PAR-004732,PC-EQ-04,2024-05-09 00:00:00,Preventiva,13.1,3,Ninguno (solo mano de obra),2045.0,PC
OT-003565,PAR-004733,PC-EQ-04,2024-05-10 00:00:00,Correctiva,15.3,2,Rodamiento,4484.0,PC
OT-003566,PAR-004735,PC-EQ-04,2024-05-12 00:00:00,Correctiva,19.8,1,Sello mecánico,6930.0,PC
OT-003567,PAR-004736,PC-EQ-04,2024-05-18 00:00:00,Correctiva,10.1,3,Sello mecánico,1069.0,PC
OT-003568,PAR-004737,PC-EQ-04,2024-05-21 00:00:00,Correctiva,17.9,2,Motor eléctrico,248.0,PC
OT-003569,PAR-004738,PC-EQ-04,2024-05-23 00:00:00,Correctiva,19.6,1,Ninguno (solo mano de obra),888.0,PC
OT-003570,PAR-004739,PC-EQ-04,2024-05-27 00:00:00,Correctiva,2.9,1,Sensor/instrumento,2914.0,PC
OT-003571,PAR-004740,PC-EQ-04,2024-06-01 00:00:00,Preventiva,5.4,2,Sensor/instrumento,1821.0,PC
OT-003572,PAR-004741,PC-EQ-04,2024-06-02 00:00:00,Correctiva,27.3,3,Sensor/instrumento,4629.0,PC
OT-003573,PAR-004742,PC-EQ-04,2024-06-03 00:00:00,Correctiva,24.3,2,Ninguno (solo mano de obra),2636.0,PC
OT-003574,PAR-004743,PC-EQ-04,2024-06-05 00:00:00,Correctiva,30.8,2,Sensor/instrumento,4840.0,PC
OT-003575,PAR-004745,PC-EQ-04,2024-06-16 00:00:00,Correctiva,1.7,3,Faja/correa,6220.0,PC
OT-003576,PAR-004749,PC-EQ-04,2024-06-22 00:00:00,Correctiva,19.9,2,Motor eléctrico,6984.0,PC
OT-003577,PAR-004750,PC-EQ-04,2024-06-23 00:00:00,Preventiva,9.0,3,Sensor/instrumento,2297.0,PC
OT-003578,PAR-004751,PC-EQ-04,2024-07-03 00:00:00,Correctiva,9.3,2,Motor eléctrico,5343.0,PC
OT-003579,PAR-004752,PC-EQ-04,2024-07-09 00:00:00,Correctiva,0.5,1,Sensor/instrumento,1306.0,PC
OT-003580,PAR-004753,PC-EQ-04,2024-07-10 00:00:00,Preventiva,7.2,1,Motor eléctrico,322.0,PC
OT-003581,PAR-004754,PC-EQ-04,2024-07-10 00:00:00,Correctiva,1.5,2,Sello mecánico,270.0,PC
OT-003582,PAR-004755,PC-EQ-04,2024-07-12 00:00:00,Correctiva,3.6,2,Ninguno (solo mano de obra),5355.0,PC
OT-003583,PAR-004756,PC-EQ-04,2024-07-14 00:00:00,Correctiva,5.6,1,Ninguno (solo mano de obra),5314.0,PC
OT-003584,PAR-004757,PC-EQ-04,2024-07-17 00:00:00,Correctiva,5.3,3,Motor eléctrico,5474.0,PC
OT-003585,PAR-004758,PC-EQ-04,2024-07-18 00:00:00,Correctiva,3.8,1,Sensor/instrumento,3489.0,PC
OT-003586,PAR-004759,PC-EQ-04,2024-07-21 00:00:00,Correctiva,7.1,2,Ninguno (solo mano de obra),5296.0,PC
OT-003587,PAR-004760,PC-EQ-04,2024-07-27 00:00:00,Correctiva,30.4,3,Faja/correa,2011.0,PC
OT-003588,PAR-004761,PC-EQ-04,2024-07-28 00:00:00,Preventiva,11.7,2,Sensor/instrumento,1707.0,PC
OT-003589,PAR-004762,PC-EQ-04,2024-08-03 00:00:00,Correctiva,6.0,1,Sello mecánico,5552.0,PC
OT-003590,PAR-004763,PC-EQ-04,2024-08-09 00:00:00,Correctiva,31.4,3,,3988.0,PC
OT-003591,PAR-004765,PC-EQ-04,2024-08-10 00:00:00,Correctiva,29.7,2,Sello mecánico,4471.0,PC
OT-003592,PAR-004766,PC-EQ-04,2024-08-17 00:00:00,Preventiva,12.4,2,Sello mecánico,511.0,PC
OT-003593,PAR-004767,PC-EQ-04,2024-08-18 00:00:00,Correctiva,0.8,2,Revestimiento (liner),6063.0,PC
OT-003594,PAR-004769,PC-EQ-04,2024-08-21 00:00:00,Correctiva,14.6,2,Motor eléctrico,332.0,PC
OT-003595,PAR-004770,PC-EQ-04,2024-08-22 00:00:00,Correctiva,14.2,3,Sello mecánico,3106.0,PC
OT-003596,PAR-004773,PC-EQ-04,2024-08-29 00:00:00,Correctiva,11.9,1,Revestimiento (liner),7670.0,PC
OT-003597,PAR-004775,PC-EQ-04,2024-08-31 00:00:00,Preventiva,6.2,2,Sensor/instrumento,1607.0,PC
OT-003598,PAR-004776,PC-EQ-04,2024-09-03 00:00:00,Correctiva,13.8,1,Revestimiento (liner),5324.0,PC
OT-003599,PAR-004777,PC-EQ-04,2024-09-07 00:00:00,Correctiva,18.8,3,Sello mecánico,306.0,PC
OT-003600,PAR-004778,PC-EQ-04,2024-09-13 00:00:00,Correctiva,13.2,2,Faja/correa,1831.0,PC
OT-003601,PAR-004779,PC-EQ-04,2024-09-20 00:00:00,Correctiva,19.3,1,Faja/correa,1254.0,PC
OT-003602,PAR-004780,PC-EQ-04,2024-09-22 00:00:00,Preventiva,5.1,2,Sensor/instrumento,384.0,PC
OT-003603,PAR-004781,PC-EQ-04,2024-09-26 00:00:00,Correctiva,11.0,1,Sensor/instrumento,5161.0,PC
OT-003604,PAR-004782,PC-EQ-04,2024-10-07 00:00:00,Preventiva,12.4,3,Sensor/instrumento,2271.0,PC
OT-003605,PAR-004783,PC-EQ-04,2024-10-10 00:00:00,Correctiva,13.6,1,Ninguno (solo mano de obra),1394.0,PC
OT-003606,PAR-004784,PC-EQ-04,2024-10-13 00:00:00,Correctiva,1.1,2,Revestimiento (liner),701.0,PC
OT-003607,PAR-004785,PC-EQ-04,2024-10-15 00:00:00,Correctiva,0.8,3,Revestimiento (liner),3009.0,PC
OT-003608,PAR-004788,PC-EQ-04,2024-10-23 00:00:00,Correctiva,4.1,2,Faja/correa,7471.0,PC
OT-003609,PAR-004790,PC-EQ-04,2024-10-29 00:00:00,Preventiva,4.7,1,Rodamiento,129.0,PC
OT-003610,PAR-004791,PC-EQ-04,2024-10-29 00:00:00,Correctiva,6.2,1,Faja/correa,3.0,PC
OT-003611,PAR-004792,PC-EQ-04,2024-10-31 00:00:00,Correctiva,5.4,2,Rodamiento,7863.0,PC
OT-003612,PAR-004793,PC-EQ-04,2024-11-04 00:00:00,Correctiva,5.2,1,Sello mecánico,6224.0,PC
OT-003613,PAR-004794,PC-EQ-04,2024-11-06 00:00:00,Correctiva,1.5,2,Sensor/instrumento,2898.0,PC
OT-003614,PAR-004795,PC-EQ-04,2024-11-09 00:00:00,Correctiva,21.1,1,Ninguno (solo mano de obra),5255.0,PC
OT-003615,PAR-004796,PC-EQ-04,2024-11-13 00:00:00,Correctiva,12.0,3,Rodamiento,7658.0,PC
OT-003616,PAR-004797,PC-EQ-04,2024-11-18 00:00:00,Correctiva,8.5,1,Revestimiento (liner),2230.0,PC
OT-003617,PAR-004798,PC-EQ-04,2024-11-20 00:00:00,Preventiva,10.7,2,Revestimiento (liner),2409.0,PC
OT-003618,PAR-004799,PC-EQ-04,2024-11-21 00:00:00,Correctiva,11.9,1,Faja/correa,4100.0,PC
OT-003619,PAR-004800,PC-EQ-04,2024-11-26 00:00:00,Correctiva,24.5,2,Revestimiento (liner),7855.0,PC
OT-003620,PAR-004802,PC-EQ-04,2024-12-03 00:00:00,Correctiva,22.7,2,Faja/correa,2514.0,PC
OT-003621,PAR-004803,PC-EQ-04,2024-12-04 00:00:00,Preventiva,8.9,3,Ninguno (solo mano de obra),25.0,PC
OT-003622,PAR-004804,PC-EQ-04,2024-12-07 00:00:00,Correctiva,2.6,2,,5862.0,PC
OT-003623,PAR-004805,PC-EQ-04,2024-12-13 00:00:00,Correctiva,14.0,1,Sello mecánico,2836.0,PC
OT-003624,PAR-004806,PC-EQ-04,2024-12-14 00:00:00,Correctiva,22.7,2,Rodamiento,4874.0,PC
OT-003625,PAR-004807,PC-EQ-04,2024-12-16 00:00:00,Correctiva,1.8,3,Faja/correa,3290.0,PC
OT-003626,PAR-004810,PC-EQ-04,2024-12-24 00:00:00,Preventiva,5.6,1,Sello mecánico,1124.0,PC
OT-003627,PAR-004811,PC-EQ-04,2024-12-26 00:00:00,Correctiva,7.5,2,Ninguno (solo mano de obra),106.0,PC
OT-003628,PAR-004812,PC-EQ-04,2024-12-31 00:00:00,Correctiva,4.9,1,Sello mecánico,5633.0,PC
OT-003629,PAR-004813,PC-EQ-04,2025-01-04 00:00:00,Correctiva,7.8,2,Rodamiento,6792.0,PC
OT-003630,PAR-004814,PC-EQ-04,2025-01-07 00:00:00,Correctiva,0.7,3,Motor eléctrico,7259.0,PC
OT-003631,PAR-004816,PC-EQ-04,2025-01-11 00:00:00,Correctiva,19.3,2,Faja/correa,7926.0,PC
OT-003632,PAR-004817,PC-EQ-04,2025-01-12 00:00:00,Correctiva,20.9,3,Motor eléctrico,5852.0,PC
OT-003633,PAR-004818,PC-EQ-04,2025-01-14 00:00:00,Preventiva,6.4,1,Ninguno (solo mano de obra),1323.0,PC
OT-003634,PAR-004819,PC-EQ-04,2025-01-14 00:00:00,Correctiva,7.5,1,Rodamiento,3288.0,PC
OT-003635,PAR-004821,PC-EQ-04,2025-01-15 00:00:00,Correctiva,1.6,1,Faja/correa,2643.0,PC
OT-003636,PAR-004823,PC-EQ-04,2025-01-20 00:00:00,Correctiva,0.6,2,Sello mecánico,3427.0,PC
OT-003637,PAR-004825,PC-EQ-04,2025-02-01 00:00:00,Preventiva,11.6,3,Faja/correa,1648.0,PC
OT-003638,PAR-004827,PC-EQ-04,2025-02-07 00:00:00,Correctiva,8.2,3,Ninguno (solo mano de obra),2156.0,PC
OT-003639,PAR-004828,PC-EQ-04,2025-02-09 00:00:00,Correctiva,4.5,2,Rodamiento,308.0,PC
OT-003640,PAR-004829,PC-EQ-04,2025-02-11 00:00:00,Correctiva,2.9,2,Faja/correa,4498.0,PC
OT-003641,PAR-004830,PC-EQ-04,2025-02-21 00:00:00,Preventiva,8.3,2,,621.0,PC
OT-003642,PAR-004831,PC-EQ-04,2025-02-21 00:00:00,Correctiva,26.2,1,Ninguno (solo mano de obra),1982.0,PC
OT-003643,PAR-004832,PC-EQ-04,2025-02-23 00:00:00,Correctiva,18.4,1,Motor eléctrico,7573.0,PC
OT-003644,PAR-004833,PC-EQ-04,2025-03-02 00:00:00,Correctiva,3.3,1,Sensor/instrumento,6610.0,PC
OT-003645,PAR-004834,PC-EQ-04,2025-03-05 00:00:00,Correctiva,26.4,2,Revestimiento (liner),1186.0,PC
OT-003646,PAR-004836,PC-EQ-04,2025-03-07 00:00:00,Correctiva,1.8,2,Rodamiento,4361.0,PC
OT-003647,PAR-004837,PC-EQ-04,2025-03-10 00:00:00,Preventiva,6.9,1,Motor eléctrico,277.0,PC
OT-003648,PAR-004838,PC-EQ-04,2025-03-20 00:00:00,Correctiva,4.2,3,Revestimiento (liner),310.0,PC
OT-003649,PAR-004839,PC-EQ-04,2025-03-23 00:00:00,Correctiva,0.6,1,Revestimiento (liner),4206.0,PC
OT-003650,PAR-004840,PC-EQ-04,2025-03-29 00:00:00,Preventiva,5.4,1,Sensor/instrumento,1886.0,PC
OT-003651,PAR-004841,PC-EQ-04,2025-03-31 00:00:00,Correctiva,21.2,1,Motor eléctrico,554.0,PC
OT-003652,PAR-004842,PC-EQ-04,2025-04-01 00:00:00,Correctiva,31.6,2,Ninguno (solo mano de obra),1051.0,PC
OT-003653,PAR-004843,PC-EQ-04,2025-04-02 00:00:00,Correctiva,23.3,2,Ninguno (solo mano de obra),6551.0,PC
OT-003654,PAR-004845,PC-EQ-04,2025-04-06 00:00:00,Correctiva,8.3,2,Ninguno (solo mano de obra),938.0,PC
OT-003655,PAR-004846,PC-EQ-04,2025-04-08 00:00:00,Correctiva,1.3,3,Motor eléctrico,5655.0,PC
OT-003656,PAR-004847,PC-EQ-04,2025-04-19 00:00:00,Preventiva,7.7,3,Rodamiento,1661.0,PC
OT-003657,PAR-004848,PC-EQ-04,2025-04-21 00:00:00,Correctiva,5.5,2,Ninguno (solo mano de obra),6534.0,PC
OT-003658,PAR-004849,PC-EQ-04,2025-04-30 00:00:00,Correctiva,9.3,3,Rodamiento,6329.0,PC
OT-003659,PAR-004850,PC-EQ-04,2025-05-04 00:00:00,Correctiva,5.1,2,Ninguno (solo mano de obra),2730.0,PC
OT-003660,PAR-004851,PC-EQ-04,2025-05-07 00:00:00,Correctiva,11.5,1,Faja/correa,83.0,PC
OT-003661,PAR-004852,PC-EQ-04,2025-05-09 00:00:00,Preventiva,11.9,3,Sello mecánico,1601.0,PC
OT-003662,PAR-004853,PC-EQ-04,2025-05-10 00:00:00,Correctiva,31.1,3,Ninguno (solo mano de obra),4071.0,PC
OT-003663,PAR-004854,PC-EQ-04,2025-05-17 00:00:00,Correctiva,16.4,2,Rodamiento,1656.0,PC
OT-003664,PAR-004855,PC-EQ-04,2025-05-19 00:00:00,Correctiva,26.2,2,Ninguno (solo mano de obra),4433.0,PC
OT-003665,PAR-004858,PC-EQ-04,2025-05-27 00:00:00,Correctiva,4.2,3,Ninguno (solo mano de obra),2431.0,PC
OT-003666,PAR-004859,PC-EQ-04,2025-05-31 00:00:00,Preventiva,8.0,2,Revestimiento (liner),1759.0,PC
OT-003667,PAR-004860,PC-EQ-04,2025-06-02 00:00:00,Correctiva,10.6,2,Ninguno (solo mano de obra),3837.0,PC
OT-003668,PAR-004861,PC-EQ-04,2025-06-03 00:00:00,Correctiva,16.3,2,Rodamiento,7907.0,PC
OT-003669,PAR-004862,PC-EQ-04,2025-06-06 00:00:00,Correctiva,17.3,2,Ninguno (solo mano de obra),3429.0,PC
OT-003670,PAR-004863,PC-EQ-04,2025-06-14 00:00:00,Correctiva,4.8,1,Revestimiento (liner),2498.0,PC
OT-003671,PAR-004864,PC-EQ-04,2025-06-17 00:00:00,Preventiva,9.8,1,Revestimiento (liner),499.0,PC
OT-003672,PAR-004867,PC-EQ-04,2025-07-04 00:00:00,Correctiva,13.5,2,Sensor/instrumento,4035.0,PC
OT-003673,PAR-004868,PC-EQ-04,2025-07-05 00:00:00,Correctiva,8.1,2,Sensor/instrumento,4748.0,PC
OT-003674,PAR-004869,PC-EQ-04,2025-07-08 00:00:00,Preventiva,8.4,3,Rodamiento,1813.0,PC
OT-003675,PAR-004870,PC-EQ-04,2025-07-13 00:00:00,Correctiva,2.0,1,Revestimiento (liner),4310.0,PC
OT-003676,PAR-004871,PC-EQ-04,2025-07-15 00:00:00,Correctiva,6.7,2,Faja/correa,2615.0,PC
OT-003677,PAR-004872,PC-EQ-04,2025-07-17 00:00:00,Correctiva,12.3,3,Motor eléctrico,7847.0,PC
OT-003678,PAR-004873,PC-EQ-04,2025-07-18 00:00:00,Correctiva,4.6,3,Faja/correa,5610.0,PC
OT-003679,PAR-004874,PC-EQ-04,2025-07-21 00:00:00,Correctiva,1.0,3,Ninguno (solo mano de obra),2012.0,PC
OT-003680,PAR-004875,PC-EQ-04,2025-07-22 00:00:00,Preventiva,4.0,1,Ninguno (solo mano de obra),1035.0,PC
OT-003681,PAR-004876,PC-EQ-04,2025-07-23 00:00:00,Correctiva,7.5,3,Rodamiento,2643.0,PC
OT-003682,PAR-004877,PC-EQ-04,2025-07-24 00:00:00,Correctiva,3.2,3,Faja/correa,4745.0,PC
OT-003683,PAR-004878,PC-EQ-04,2025-07-29 00:00:00,Correctiva,2.3,3,Revestimiento (liner),1890.0,PC
OT-003684,PAR-004879,PC-EQ-04,2025-08-09 00:00:00,Preventiva,9.6,3,Sensor/instrumento,884.0,PC
OT-003685,PAR-004880,PC-EQ-04,2025-08-09 00:00:00,Correctiva,0.8,3,Sensor/instrumento,4873.0,PC
OT-003686,PAR-004882,PC-EQ-04,2025-08-13 00:00:00,Correctiva,17.7,3,Sello mecánico,1118.0,PC
OT-003687,PAR-004883,PC-EQ-04,2025-08-16 00:00:00,Correctiva,11.5,1,Motor eléctrico,1708.0,PC
OT-003688,PAR-004884,PC-EQ-04,2025-08-19 00:00:00,Correctiva,17.1,1,Rodamiento,4272.0,PC
OT-003689,PAR-004885,PC-EQ-04,2025-08-26 00:00:00,Correctiva,0.7,3,Ninguno (solo mano de obra),7149.0,PC
OT-003690,PAR-004886,PC-EQ-04,2025-08-30 00:00:00,Preventiva,12.4,2,Rodamiento,428.0,PC
OT-003691,PAR-004887,PC-EQ-04,2025-09-02 00:00:00,Correctiva,1.1,2,Revestimiento (liner),7900.0,PC
OT-003692,PAR-004888,PC-EQ-04,2025-09-04 00:00:00,Correctiva,17.8,1,Ninguno (solo mano de obra),6883.0,PC
OT-003693,PAR-004889,PC-EQ-04,2025-09-08 00:00:00,Correctiva,21.3,2,Ninguno (solo mano de obra),6501.0,PC
OT-003694,PAR-004890,PC-EQ-04,2025-09-14 00:00:00,Correctiva,16.3,2,Faja/correa,6534.0,PC
OT-003695,PAR-004891,PC-EQ-04,2025-09-15 00:00:00,Correctiva,25.2,2,Rodamiento,3414.0,PC
OT-003696,PAR-004893,PC-EQ-04,2025-09-18 00:00:00,Correctiva,11.2,2,Sello mecánico,6778.0,PC
OT-003697,PAR-004894,PC-EQ-04,2025-09-19 00:00:00,Preventiva,7.2,3,Sello mecánico,1329.0,PC
OT-003698,PAR-004895,PC-EQ-04,2025-09-26 00:00:00,Correctiva,4.2,1,Faja/correa,4541.0,PC
OT-003699,PAR-004896,PC-EQ-04,2025-09-29 00:00:00,Correctiva,1.4,1,Sensor/instrumento,7512.0,PC
OT-003700,PAR-004897,PC-EQ-04,2025-09-30 00:00:00,Correctiva,13.3,3,Motor eléctrico,3819.0,PC
OT-003701,PAR-004898,PC-EQ-04,2025-10-05 00:00:00,Correctiva,7.2,2,Rodamiento,7177.0,PC
OT-003702,PAR-004899,PC-EQ-04,2025-10-06 00:00:00,Correctiva,24.8,2,Rodamiento,2857.0,PC
OT-003703,PAR-004900,PC-EQ-04,2025-10-09 00:00:00,Preventiva,4.0,3,Revestimiento (liner),318.0,PC
OT-003704,PAR-004901,PC-EQ-04,2025-10-12 00:00:00,Correctiva,6.9,2,Sensor/instrumento,2569.0,PC
OT-003705,PAR-004904,PC-EQ-04,2025-10-26 00:00:00,Preventiva,5.5,1,Sello mecánico,2115.0,PC
OT-003706,PAR-004906,PC-EQ-04,2025-11-03 00:00:00,Correctiva,14.0,3,Rodamiento,7037.0,PC
OT-003707,PAR-004907,PC-EQ-04,2025-11-11 00:00:00,Correctiva,7.9,1,Rodamiento,7484.0,PC
OT-003708,PAR-004908,PC-EQ-04,2025-11-13 00:00:00,Correctiva,13.6,2,Rodamiento,1683.0,PC
OT-003709,PAR-004909,PC-EQ-04,2025-11-14 00:00:00,Preventiva,4.1,2,Sello mecánico,324.0,PC
OT-003710,PAR-004910,PC-EQ-04,2025-11-14 00:00:00,Correctiva,6.3,1,Sensor/instrumento,3519.0,PC
OT-003711,PAR-004911,PC-EQ-04,2025-11-22 00:00:00,Correctiva,21.3,3,Faja/correa,5943.0,PC
OT-003712,PAR-004912,PC-EQ-04,2025-11-27 00:00:00,Correctiva,21.4,3,Faja/correa,3690.0,PC
OT-003713,PAR-004913,PC-EQ-04,2025-12-01 00:00:00,Correctiva,14.5,2,Ninguno (solo mano de obra),5602.0,PC
OT-003714,PAR-004914,PC-EQ-04,2025-12-03 00:00:00,Correctiva,7.3,1,Rodamiento,5024.0,PC
OT-003715,PAR-004915,PC-EQ-04,2025-12-06 00:00:00,Preventiva,9.5,2,Sensor/instrumento,2123.0,PC
OT-003716,PAR-004916,PC-EQ-04,2025-12-07 00:00:00,Correctiva,0.5,2,Ninguno (solo mano de obra),3396.0,PC
OT-003717,PAR-004917,PC-EQ-04,2025-12-12 00:00:00,Correctiva,1.2,3,Rodamiento,6438.0,PC
OT-003718,PAR-004918,PC-EQ-04,2025-12-13 00:00:00,Correctiva,17.1,2,Revestimiento (liner),5210.0,PC
OT-003719,PAR-004919,PC-EQ-04,2025-12-14 00:00:00,Correctiva,29.7,2,Motor eléctrico,3332.0,PC
OT-003720,PAR-004920,PC-EQ-04,2025-12-20 00:00:00,Preventiva,10.9,1,Sensor/instrumento,121.0,PC
OT-003721,PAR-004922,PC-EQ-04,2025-12-21 00:00:00,Correctiva,15.5,2,Sensor/instrumento,7124.0,PC
OT-003722,PAR-004923,PC-EQ-04,2025-12-23 00:00:00,Correctiva,19.5,3,Revestimiento (liner),3595.0,PC
OT-003723,PAR-004925,PC-EQ-04,2025-12-30 00:00:00,Correctiva,6.2,2,Sensor/instrumento,4747.0,PC
OT-003724,PAR-004927,PC-EQ-04,2026-01-05 00:00:00,Preventiva,12.3,1,Faja/correa,970.0,PC
OT-003725,PAR-004928,PC-EQ-04,2026-01-07 00:00:00,Correctiva,14.8,3,Motor eléctrico,5535.0,PC
OT-003726,PAR-004929,PC-EQ-04,2026-01-08 00:00:00,Correctiva,1.7,3,Rodamiento,7232.0,PC
OT-003727,PAR-004930,PC-EQ-04,2026-01-09 00:00:00,Correctiva,7.2,1,Ninguno (solo mano de obra),6432.0,PC
OT-003728,PAR-004931,PC-EQ-04,2026-01-10 00:00:00,Correctiva,4.8,1,Motor eléctrico,2731.0,PC
OT-003729,PAR-004932,PC-EQ-04,2026-01-26 00:00:00,Preventiva,10.9,3,Rodamiento,131.0,PC
OT-003730,PAR-004933,PC-EQ-04,2026-01-28 00:00:00,Correctiva,8.6,1,Ninguno (solo mano de obra),1768.0,PC
OT-003731,PAR-004934,PC-EQ-04,2026-02-02 00:00:00,Correctiva,0.4,1,Sensor/instrumento,4484.0,PC
OT-003732,PAR-004935,PC-EQ-04,2026-02-05 00:00:00,Correctiva,2.6,3,Motor eléctrico,3053.0,PC
OT-003733,PAR-004937,PC-EQ-04,2026-02-07 00:00:00,Correctiva,20.3,2,Ninguno (solo mano de obra),6445.0,PC
OT-003734,PAR-004939,PC-EQ-04,2026-02-10 00:00:00,Preventiva,10.9,2,Motor eléctrico,127.0,PC
OT-003735,PAR-004943,PC-EQ-04,2026-02-25 00:00:00,Correctiva,5.6,3,Sensor/instrumento,4320.0,PC
OT-003736,PAR-004944,PC-EQ-04,2026-02-27 00:00:00,Correctiva,15.9,1,Revestimiento (liner),7484.0,PC
OT-003737,PAR-004945,PC-EQ-04,2026-02-28 00:00:00,Correctiva,22.1,2,Ninguno (solo mano de obra),552.0,PC
OT-003738,PAR-004947,PC-EQ-04,2026-03-03 00:00:00,Preventiva,7.3,3,Ninguno (solo mano de obra),2163.0,PC
OT-003739,PAR-004948,PC-EQ-04,2026-03-11 00:00:00,Correctiva,16.2,3,Motor eléctrico,501.0,PC
OT-003740,PAR-004950,PC-EQ-04,2026-03-19 00:00:00,Preventiva,5.4,2,Ninguno (solo mano de obra),286.0,PC
OT-003741,PAR-004951,PC-EQ-04,2026-03-31 00:00:00,Correctiva,4.7,1,Rodamiento,2180.0,PC
OT-003742,PAR-004953,PC-EQ-04,2026-04-05 00:00:00,Correctiva,0.7,2,Revestimiento (liner),1436.0,PC
OT-003743,PAR-004954,PC-EQ-04,2026-04-09 00:00:00,Preventiva,7.3,1,Ninguno (solo mano de obra),501.0,PC
OT-003744,PAR-004955,PC-EQ-04,2026-04-10 00:00:00,Correctiva,0.5,2,Sensor/instrumento,7986.0,PC
OT-003745,PAR-004956,PC-EQ-04,2026-04-19 00:00:00,Correctiva,11.2,1,Ninguno (solo mano de obra),4655.0,PC
OT-003746,PAR-004957,PC-EQ-04,2026-04-20 00:00:00,Correctiva,6.7,2,Ninguno (solo mano de obra),4666.0,PC
OT-003747,PAR-004958,PC-EQ-04,2026-04-23 00:00:00,Correctiva,6.9,3,Faja/correa,6502.0,PC
OT-003748,PAR-004959,PC-EQ-04,2026-04-24 00:00:00,Correctiva,23.7,1,Ninguno (solo mano de obra),520.0,PC
OT-003749,PAR-004960,PC-EQ-04,2026-04-25 00:00:00,Correctiva,16.7,3,Motor eléctrico,5227.0,PC
OT-003750,PAR-004961,PC-EQ-04,2026-04-27 00:00:00,Preventiva,9.9,1,Rodamiento,97.0,PC
OT-003751,PAR-004962,PC-EQ-04,2026-04-28 00:00:00,Correctiva,25.2,2,Revestimiento (liner),428.0,PC
OT-003752,PAR-004963,PC-EQ-04,2026-05-12 00:00:00,Preventiva,5.5,2,Sello mecánico,1119.0,PC
OT-003753,PAR-004964,PC-EQ-04,2026-05-12 00:00:00,Correctiva,3.8,2,Revestimiento (liner),2841.0,PC
OT-003754,PAR-004966,PC-EQ-04,2026-05-16 00:00:00,Correctiva,29.3,3,Sello mecánico,5124.0,PC
OT-003755,PAR-004967,PC-EQ-04,2026-05-17 00:00:00,Correctiva,16.1,2,Sello mecánico,4118.0,PC
OT-003756,PAR-004968,PC-EQ-04,2026-05-20 00:00:00,Correctiva,20.5,2,Faja/correa,321.0,PC
OT-003757,PAR-004969,PC-EQ-04,2026-05-24 00:00:00,Correctiva,18.5,1,Motor eléctrico,1392.0,PC
OT-003758,PAR-004971,PC-EQ-04,2026-05-31 00:00:00,Preventiva,9.7,1,Rodamiento,277.0,PC
OT-003759,PAR-004972,PC-EQ-04,2026-06-01 00:00:00,Correctiva,26.7,2,Sello mecánico,2484.0,PC
OT-003760,PAR-004973,PC-EQ-04,2026-06-02 00:00:00,Correctiva,13.7,2,Sello mecánico,2951.0,PC
OT-003761,PAR-004974,PC-EQ-04,2026-06-05 00:00:00,Correctiva,3.1,3,Sensor/instrumento,1180.0,PC
OT-003762,PAR-004975,PC-EQ-04,2026-06-09 00:00:00,Correctiva,16.9,1,Motor eléctrico,7559.0,PC
OT-003763,PAR-004976,PC-EQ-04,2026-06-16 00:00:00,Preventiva,5.1,3,Motor eléctrico,868.0,PC
OT-003764,PAR-004977,PC-EQ-04,2026-06-17 00:00:00,Correctiva,13.6,1,Sello mecánico,5013.0,PC
OT-003765,PAR-004978,PC-EQ-04,2026-06-23 00:00:00,Correctiva,0.5,1,Rodamiento,5137.0,PC
OT-003766,PAR-004980,PC-EQ-04,2026-06-26 00:00:00,Correctiva,6.5,2,Faja/correa,241.0,PC
OT-003767,PAR-004981,PC-EQ-04,2026-06-27 00:00:00,Correctiva,7.5,3,Rodamiento,4447.0,PC
OT-003768,PAR-004982,PC-EQ-04,2026-06-28 00:00:00,Correctiva,7.4,3,Faja/correa,2999.0,PC
OT-003769,PAR-004983,PC-EQ-04,2026-06-30 00:00:00,Correctiva,11.3,3,Sello mecánico,305.0,PC
OT-003770,PAR-004984,PC-EQ-04,2026-07-02 00:00:00,Correctiva,4.6,2,Sello mecánico,6320.0,PC
OT-003771,PAR-004985,PC-EQ-04,2026-07-04 00:00:00,Preventiva,4.6,1,Ninguno (solo mano de obra),1877.0,PC
OT-003772,PAR-004986,PC-EQ-04,2026-07-04 00:00:00,Correctiva,18.3,1,Ninguno (solo mano de obra),6131.0,PC
OT-003773,PAR-004987,PC-EQ-04,2026-07-10 00:00:00,Correctiva,26.3,2,Ninguno (solo mano de obra),1196.0,PC
OT-003774,PAR-004988,PC-EQ-04,2026-07-18 00:00:00,Correctiva,5.1,2,Faja/correa,5041.0,PC
OT-003775,PAR-004989,PC-EQ-04,2026-07-20 00:00:00,Correctiva,4.0,1,Rodamiento,3485.0,PC
OT-003776,PAR-004990,PC-EQ-04,2026-07-22 00:00:00,Preventiva,10.0,3,Motor eléctrico,2493.0,PC
OT-003777,PAR-004991,PC-EQ-04,2026-07-23 00:00:00,Correctiva,3.2,1,Motor eléctrico,2363.0,PC
OT-003778,PAR-004992,PC-EQ-04,2026-07-25 00:00:00,Correctiva,0.7,3,Faja/correa,5559.0,PC
OT-003779,PAR-004993,PC-EQ-04,2026-08-06 00:00:00,Correctiva,31.9,3,Motor eléctrico,5312.0,PC
OT-003780,PAR-004994,PC-EQ-04,2026-08-09 00:00:00,Correctiva,8.3,2,Sensor/instrumento,3119.0,PC
OT-003781,PAR-004996,PC-EQ-04,2026-08-11 00:00:00,Correctiva,3.5,1,Ninguno (solo mano de obra),1744.0,PC
OT-003782,PAR-004997,PC-EQ-04,2026-08-12 00:00:00,Preventiva,7.1,2,Ninguno (solo mano de obra),1721.0,PC
OT-003783,PAR-004998,PC-EQ-04,2026-08-16 00:00:00,Correctiva,20.9,3,Ninguno (solo mano de obra),676.0,PC
OT-003784,PAR-005000,PC-EQ-04,2026-08-23 00:00:00,Correctiva,30.8,1,Faja/correa,1476.0,PC
OT-003785,PAR-005002,PC-EQ-04,2026-08-26 00:00:00,Correctiva,13.6,1,Rodamiento,5933.0,PC
OT-003786,PAR-005003,PC-EQ-04,2026-08-27 00:00:00,Preventiva,9.1,2,Ninguno (solo mano de obra),1628.0,PC
OT-003787,PAR-005004,PC-EQ-04,2026-09-05 00:00:00,Correctiva,20.6,1,Ninguno (solo mano de obra),5733.0,PC
OT-003788,PAR-005007,PC-EQ-04,2026-09-12 00:00:00,Correctiva,4.1,3,Revestimiento (liner),4898.0,PC
OT-003789,PAR-005008,PC-EQ-04,2026-09-15 00:00:00,Preventiva,7.9,3,Sensor/instrumento,59.0,PC
OT-003790,PAR-005009,PC-EQ-04,2026-09-15 00:00:00,Correctiva,16.6,2,Motor eléctrico,5081.0,PC
OT-003791,PAR-005010,PC-EQ-04,2026-09-16 00:00:00,Correctiva,0.9,3,Ninguno (solo mano de obra),2878.0,PC
OT-003792,PAR-005013,PC-EQ-04,2026-09-23 00:00:00,Correctiva,10.2,1,Sensor/instrumento,4671.0,PC
OT-003793,PAR-005015,PC-EQ-04,2026-09-28 00:00:00,Correctiva,1.0,1,Sensor/instrumento,6758.0,PC
OT-003794,PAR-005016,PC-EQ-04,2026-10-03 00:00:00,Preventiva,4.3,2,Sello mecánico,337.0,PC
OT-003795,PAR-005017,PC-EQ-04,2026-10-06 00:00:00,Correctiva,27.5,3,Faja/correa,7493.0,PC
OT-003796,PAR-005018,PC-EQ-04,2026-10-15 00:00:00,Correctiva,20.1,3,Motor eléctrico,6140.0,PC
OT-003797,PAR-005019,PC-EQ-04,2026-10-16 00:00:00,Correctiva,30.9,3,Revestimiento (liner),7440.0,PC
OT-003798,PAR-005020,PC-EQ-04,2026-10-19 00:00:00,Preventiva,6.0,1,Sello mecánico,1423.0,PC
OT-003799,PAR-005021,PC-EQ-04,2026-10-20 00:00:00,Correctiva,3.0,1,Faja/correa,616.0,PC
OT-003800,PAR-005022,PC-EQ-04,2026-10-21 00:00:00,Correctiva,7.0,3,Faja/correa,1476.0,PC
OT-003801,PAR-005024,PC-EQ-04,2026-10-23 00:00:00,Correctiva,3.7,1,Motor eléctrico,1660.0,PC
OT-003802,PAR-005026,PC-EQ-04,2026-10-30 00:00:00,Correctiva,2.2,1,Sello mecánico,1718.0,PC
OT-003803,PAR-005027,PC-EQ-04,2026-11-01 00:00:00,Correctiva,18.8,2,Rodamiento,5644.0,PC
OT-003804,PAR-005029,PC-EQ-04,2026-11-06 00:00:00,Preventiva,7.8,1,Sensor/instrumento,1347.0,PC
OT-003805,PAR-005030,PC-EQ-04,2026-11-06 00:00:00,Correctiva,3.2,2,Sensor/instrumento,6325.0,PC
OT-003806,PAR-005032,PC-EQ-04,2026-11-09 00:00:00,Correctiva,0.5,3,Faja/correa,5611.0,PC
OT-003807,PAR-005033,PC-EQ-04,2026-11-10 00:00:00,Correctiva,1.6,1,Ninguno (solo mano de obra),2481.0,PC
OT-003808,PAR-005034,PC-EQ-04,2026-11-12 00:00:00,Correctiva,21.7,3,Sensor/instrumento,5103.0,PC
OT-003809,PAR-005035,PC-EQ-04,2026-11-13 00:00:00,Correctiva,21.3,2,Rodamiento,2339.0,PC
OT-003810,PAR-005036,PC-EQ-04,2026-11-20 00:00:00,Preventiva,8.6,3,Revestimiento (liner),234.0,PC
OT-003811,PAR-005037,PC-EQ-04,2026-11-23 00:00:00,Correctiva,22.8,1,Sensor/instrumento,7929.0,PC
OT-003812,PAR-005038,PC-EQ-04,2026-11-25 00:00:00,Correctiva,10.9,1,Motor eléctrico,756.0,PC
OT-003813,PAR-005039,PC-EQ-04,2026-11-26 00:00:00,Correctiva,8.0,3,Ninguno (solo mano de obra),3340.0,PC
OT-003814,PAR-005040,PC-EQ-04,2026-12-03 00:00:00,Correctiva,11.6,1,Motor eléctrico,4670.0,PC
OT-003815,PAR-005041,PC-EQ-04,2026-12-04 00:00:00,Preventiva,7.8,2,Sensor/instrumento,1055.0,PC
OT-003816,PAR-005043,PC-EQ-04,2026-12-09 00:00:00,Correctiva,28.6,1,Rodamiento,1638.0,PC
OT-003817,PAR-005045,PC-EQ-04,2026-12-23 00:00:00,Preventiva,4.1,2,Ninguno (solo mano de obra),2188.0,PC
OT-003818,PAR-005046,PC-EQ-04,2026-12-24 00:00:00,Correctiva,6.0,1,Faja/correa,3049.0,PC
OT-003819,PAR-005047,PC-EQ-04,2027-01-15 00:00:00,Preventiva,11.5,1,Revestimiento (liner),217.0,PC
OT-003820,PAR-005048,PC-EQ-04,2027-01-15 00:00:00,Correctiva,29.0,3,Sensor/instrumento,265.0,PC
OT-003821,PAR-005049,PC-EQ-04,2027-01-16 00:00:00,Correctiva,0.6,2,Sello mecánico,5389.0,PC
OT-003822,PAR-005050,PC-EQ-04,2027-01-18 00:00:00,Correctiva,11.3,3,Ninguno (solo mano de obra),911.0,PC
OT-003823,PAR-005052,PC-EQ-04,2027-01-30 00:00:00,Preventiva,7.4,2,Sensor/instrumento,1674.0,PC
OT-003824,PAR-005053,PC-EQ-04,2027-02-04 00:00:00,Correctiva,18.9,3,Sensor/instrumento,1967.0,PC
OT-003825,PAR-005054,PC-EQ-04,2027-02-07 00:00:00,Correctiva,7.7,3,Revestimiento (liner),5672.0,PC
OT-003826,PAR-005055,PC-EQ-04,2027-02-12 00:00:00,Correctiva,3.3,2,Rodamiento,746.0,PC
OT-003827,PAR-005056,PC-EQ-04,2027-02-14 00:00:00,Correctiva,20.8,3,Sello mecánico,177.0,PC
OT-003828,PAR-005057,PC-EQ-04,2027-02-19 00:00:00,Preventiva,8.6,1,Rodamiento,1798.0,PC
OT-003829,PAR-005060,PC-EQ-04,2027-03-04 00:00:00,Correctiva,27.6,1,Sensor/instrumento,7015.0,PC
OT-003830,PAR-005061,PC-EQ-04,2027-03-05 00:00:00,Preventiva,9.0,2,Rodamiento,1539.0,PC
OT-003831,PAR-005062,PC-EQ-04,2027-03-17 00:00:00,Correctiva,8.0,1,Faja/correa,4714.0,PC
OT-003832,PAR-005063,PC-EQ-04,2027-03-21 00:00:00,Correctiva,14.4,3,Sensor/instrumento,848.0,PC
OT-003833,PAR-005064,PC-EQ-04,2027-03-22 00:00:00,Correctiva,22.1,2,Sello mecánico,7984.0,PC
OT-003834,PAR-005065,PC-EQ-04,2027-03-24 00:00:00,Preventiva,8.2,3,Sello mecánico,1345.0,PC
OT-003835,PAR-005066,PC-EQ-04,2027-03-25 00:00:00,Correctiva,3.5,1,Faja/correa,5842.0,PC
OT-003836,PAR-005067,PC-EQ-04,2027-04-03 00:00:00,Correctiva,7.1,3,Rodamiento,2482.0,PC
OT-003837,PAR-005068,PC-EQ-04,2027-04-06 00:00:00,Correctiva,18.2,1,Revestimiento (liner),6598.0,PC
OT-003838,PAR-005069,PC-EQ-04,2027-04-10 00:00:00,Correctiva,22.1,1,Motor eléctrico,5971.0,PC
OT-003839,PAR-005070,PC-EQ-04,2027-04-11 00:00:00,Correctiva,2.2,2,Sello mecánico,7652.0,PC
OT-003840,PAR-005071,PC-EQ-04,2027-04-12 00:00:00,Preventiva,10.7,3,Sensor/instrumento,193.0,PC
OT-003841,PAR-005073,PC-EQ-04,2027-04-16 00:00:00,Correctiva,6.7,1,Sensor/instrumento,3755.0,PC
OT-003842,PAR-005074,PC-EQ-04,2027-04-20 00:00:00,Correctiva,4.3,3,Sello mecánico,2999.0,PC
OT-003843,PAR-005075,PC-EQ-04,2027-04-27 00:00:00,Preventiva,5.7,1,Faja/correa,836.0,PC
OT-003844,PAR-005076,PC-EQ-04,2027-05-03 00:00:00,Correctiva,2.9,2,Faja/correa,4823.0,PC
OT-003845,PAR-005078,PC-EQ-04,2027-05-06 00:00:00,Correctiva,17.1,3,Ninguno (solo mano de obra),258.0,PC
OT-003846,PAR-005079,PC-EQ-04,2027-05-08 00:00:00,Correctiva,9.1,2,,6872.0,PC
OT-003847,PAR-005080,PC-EQ-04,2027-05-10 00:00:00,Correctiva,11.2,3,Motor eléctrico,5423.0,PC
OT-003848,PAR-005081,PC-EQ-04,2027-05-11 00:00:00,Preventiva,10.1,3,Revestimiento (liner),1816.0,PC
OT-003849,PAR-005082,PC-EQ-04,2027-05-12 00:00:00,Correctiva,24.0,1,Faja/correa,7306.0,PC
OT-003850,PAR-005083,PC-EQ-04,2027-05-21 00:00:00,Correctiva,0.8,1,Ninguno (solo mano de obra),2036.0,PC
OT-003851,PAR-005085,PC-EQ-04,2027-05-25 00:00:00,Correctiva,0.5,1,Motor eléctrico,6621.0,PC
OT-003852,PAR-005086,PC-EQ-04,2027-05-26 00:00:00,Correctiva,6.2,1,Ninguno (solo mano de obra),1555.0,PC
OT-003853,PAR-005087,PC-EQ-04,2027-05-31 00:00:00,Preventiva,12.5,3,,802.0,PC
OT-003854,PAR-005089,PC-EQ-04,2027-06-09 00:00:00,Correctiva,4.6,3,Motor eléctrico,3235.0,PC
OT-003855,PAR-005090,PC-EQ-04,2027-06-10 00:00:00,Correctiva,14.4,2,Motor eléctrico,3847.0,PC
OT-003856,PAR-005091,PC-EQ-04,2027-06-12 00:00:00,Correctiva,13.8,3,Ninguno (solo mano de obra),2887.0,PC
OT-003857,PAR-005092,PC-EQ-04,2027-06-14 00:00:00,Preventiva,4.7,3,Faja/correa,466.0,PC
OT-003858,PAR-005093,PC-EQ-04,2027-06-22 00:00:00,Correctiva,20.8,3,Revestimiento (liner),6816.0,PC
OT-003859,PAR-005094,PC-EQ-04,2027-06-29 00:00:00,Preventiva,7.0,3,Motor eléctrico,867.0,PC
OT-003860,PAR-005096,PC-EQ-04,2027-07-01 00:00:00,Correctiva,10.5,2,Motor eléctrico,563.0,PC
OT-003861,PAR-005097,PC-EQ-04,2027-07-03 00:00:00,Correctiva,23.8,2,Ninguno (solo mano de obra),2096.0,PC
OT-003862,PAR-005098,PC-EQ-04,2027-07-04 00:00:00,Correctiva,8.4,2,Revestimiento (liner),3483.0,PC
OT-003863,PAR-005099,PC-EQ-04,2027-07-05 00:00:00,Correctiva,16.2,2,Ninguno (solo mano de obra),4322.0,PC
OT-003864,PAR-005100,PC-EQ-04,2027-07-06 00:00:00,Correctiva,1.0,1,Motor eléctrico,2121.0,PC
OT-003865,PAR-005101,PC-EQ-04,2027-07-09 00:00:00,Correctiva,16.4,3,Faja/correa,5494.0,PC
OT-003866,PAR-005103,PC-EQ-04,2027-07-11 00:00:00,Correctiva,16.6,2,Ninguno (solo mano de obra),39.0,PC
OT-003867,PAR-005104,PC-EQ-04,2027-07-13 00:00:00,Correctiva,1.2,3,Faja/correa,5726.0,PC
OT-003868,PAR-005105,PC-EQ-04,2027-07-17 00:00:00,Preventiva,4.9,1,Sello mecánico,2072.0,PC
OT-003869,PAR-005106,PC-EQ-04,2027-07-19 00:00:00,Correctiva,21.1,3,Sello mecánico,7820.0,PC
OT-003870,PAR-005108,PC-EQ-04,2027-07-22 00:00:00,Correctiva,16.2,2,Faja/correa,3894.0,PC
OT-003871,PAR-005109,PC-EQ-04,2027-07-31 00:00:00,Correctiva,19.5,2,Rodamiento,4077.0,PC
OT-003872,PAR-005111,PC-EQ-04,2027-08-02 00:00:00,Correctiva,0.8,2,Motor eléctrico,2554.0,PC
OT-003873,PAR-005112,PC-EQ-04,2027-08-03 00:00:00,Correctiva,22.5,1,,4589.0,PC
OT-003874,PAR-005113,PC-EQ-04,2027-08-06 00:00:00,Correctiva,0.7,1,Rodamiento,7233.0,PC
OT-003875,PAR-005114,PC-EQ-04,2027-08-08 00:00:00,Preventiva,9.9,2,,2024.0,PC
OT-003876,PAR-005115,PC-EQ-04,2027-08-10 00:00:00,Correctiva,25.7,1,Faja/correa,3835.0,PC
OT-003877,PAR-005116,PC-EQ-04,2027-08-13 00:00:00,Correctiva,5.7,2,Rodamiento,5395.0,PC
OT-003878,PAR-005118,PC-EQ-04,2027-08-23 00:00:00,Correctiva,30.6,1,Ninguno (solo mano de obra),2367.0,PC
OT-003879,PAR-005119,PC-EQ-04,2027-08-28 00:00:00,Preventiva,5.5,2,Ninguno (solo mano de obra),475.0,PC
OT-003880,PAR-005120,PC-EQ-04,2027-08-30 00:00:00,Correctiva,6.1,3,Ninguno (solo mano de obra),124.0,PC
OT-003881,PAR-005121,PC-EQ-04,2027-09-03 00:00:00,Correctiva,29.3,1,Revestimiento (liner),567.0,PC
OT-003882,PAR-005123,PC-EQ-04,2027-09-07 00:00:00,Correctiva,5.7,1,Ninguno (solo mano de obra),351.0,PC
OT-003883,PAR-005124,PC-EQ-04,2027-09-09 00:00:00,Correctiva,2.4,2,Sello mecánico,6130.0,PC
OT-003884,PAR-005126,PC-EQ-04,2027-09-14 00:00:00,Correctiva,21.0,3,Motor eléctrico,1214.0,PC
OT-003885,PAR-005127,PC-EQ-04,2027-09-20 00:00:00,Preventiva,6.8,2,Ninguno (solo mano de obra),237.0,PC
OT-003886,PAR-005128,PC-EQ-04,2027-09-26 00:00:00,Correctiva,5.5,2,Sensor/instrumento,4467.0,PC
OT-003887,PAR-005129,PC-EQ-04,2027-10-09 00:00:00,Preventiva,9.1,3,Sello mecánico,857.0,PC
OT-003888,PAR-005130,PC-EQ-04,2027-10-10 00:00:00,Correctiva,21.0,3,Revestimiento (liner),7154.0,PC
OT-003889,PAR-005132,PC-EQ-04,2027-10-15 00:00:00,Correctiva,4.8,3,Ninguno (solo mano de obra),3773.0,PC
OT-003890,PAR-005133,PC-EQ-04,2027-10-16 00:00:00,Correctiva,4.0,2,Faja/correa,6464.0,PC
OT-003891,PAR-005134,PC-EQ-04,2027-10-18 00:00:00,Correctiva,16.5,2,Revestimiento (liner),910.0,PC
OT-003892,PAR-005135,PC-EQ-04,2027-10-19 00:00:00,Correctiva,23.0,1,Faja/correa,1948.0,PC
OT-003893,PAR-005136,PC-EQ-04,2027-10-21 00:00:00,Correctiva,18.3,1,Sensor/instrumento,3760.0,PC
OT-003894,PAR-005137,PC-EQ-04,2027-10-22 00:00:00,Correctiva,29.8,3,Faja/correa,6316.0,PC
OT-003895,PAR-005138,PC-EQ-04,2027-10-24 00:00:00,Correctiva,14.4,1,Rodamiento,4245.0,PC
OT-003896,PAR-005139,PC-EQ-04,2027-10-29 00:00:00,Preventiva,6.2,3,Faja/correa,2236.0,PC
OT-003897,PAR-005140,PC-EQ-04,2027-10-29 00:00:00,Correctiva,23.5,1,Ninguno (solo mano de obra),5798.0,PC
OT-003898,PAR-005141,PC-EQ-04,2027-11-02 00:00:00,Correctiva,30.4,3,Sensor/instrumento,7746.0,PC
OT-003899,PAR-005142,PC-EQ-04,2027-11-04 00:00:00,Correctiva,0.7,3,Revestimiento (liner),854.0,PC
OT-003900,PAR-005143,PC-EQ-04,2027-11-09 00:00:00,Correctiva,2.3,2,Revestimiento (liner),4674.0,PC
OT-003901,PAR-005144,PC-EQ-04,2027-11-12 00:00:00,Correctiva,8.5,3,Revestimiento (liner),6296.0,PC
OT-003902,PAR-005145,PC-EQ-04,2027-11-18 00:00:00,Correctiva,12.4,3,Motor eléctrico,903.0,PC
OT-003903,PAR-005146,PC-EQ-04,2027-11-21 00:00:00,Preventiva,8.4,1,Ninguno (solo mano de obra),204.0,PC
OT-003904,PAR-005147,PC-EQ-04,2027-11-24 00:00:00,Correctiva,16.7,2,Rodamiento,5707.0,PC
OT-003905,PAR-005148,PC-EQ-04,2027-11-29 00:00:00,Correctiva,27.5,3,Sello mecánico,2923.0,PC
OT-003906,PAR-005151,PC-EQ-04,2027-12-04 00:00:00,Correctiva,18.7,3,Sello mecánico,5948.0,PC
OT-003907,PAR-005153,PC-EQ-04,2027-12-06 00:00:00,Correctiva,13.9,1,Revestimiento (liner),6535.0,PC
OT-003908,PAR-005155,PC-EQ-04,2027-12-10 00:00:00,Correctiva,16.3,2,Rodamiento,3489.0,PC
OT-003909,PAR-005156,PC-EQ-04,2027-12-13 00:00:00,Preventiva,10.4,1,Sensor/instrumento,1962.0,PC
OT-003910,PAR-005157,PC-EQ-04,2027-12-19 00:00:00,Correctiva,17.1,2,Rodamiento,7901.0,PC
OT-003911,PAR-005158,PC-EQ-04,2027-12-26 00:00:00,Correctiva,3.0,2,Ninguno (solo mano de obra),7399.0,PC
OT-003912,PAR-005159,PC-EQ-04,2027-12-30 00:00:00,Preventiva,6.5,2,Rodamiento,2013.0,PC
OT-003913,PAR-005160,PC-EQ-05,2024-01-14 00:00:00,Correctiva,15.1,1,Revestimiento (liner),4876.0,PC
OT-003914,PAR-005161,PC-EQ-05,2024-01-15 00:00:00,Preventiva,7.6,1,Sensor/instrumento,422.0,PC
OT-003915,PAR-005162,PC-EQ-05,2024-01-28 00:00:00,Correctiva,26.3,3,Rodamiento,7001.0,PC
OT-003916,PAR-005163,PC-EQ-05,2024-02-04 00:00:00,Correctiva,29.8,1,Rodamiento,3775.0,PC
OT-003917,PAR-005164,PC-EQ-05,2024-02-06 00:00:00,Preventiva,11.1,3,Sensor/instrumento,1727.0,PC
OT-003918,PAR-005166,PC-EQ-05,2024-02-07 00:00:00,Correctiva,31.0,3,Ninguno (solo mano de obra),3210.0,PC
OT-003919,PAR-005168,PC-EQ-05,2024-02-23 00:00:00,Preventiva,8.2,3,Revestimiento (liner),1485.0,PC
OT-003920,PAR-005169,PC-EQ-05,2024-02-27 00:00:00,Correctiva,6.9,3,Faja/correa,3089.0,PC
OT-003921,PAR-005170,PC-EQ-05,2024-03-03 00:00:00,Correctiva,14.0,1,Rodamiento,6751.0,PC
OT-003922,PAR-005171,PC-EQ-05,2024-03-06 00:00:00,Correctiva,25.9,2,Motor eléctrico,7010.0,PC
OT-003923,PAR-005173,PC-EQ-05,2024-03-13 00:00:00,Correctiva,18.6,2,Motor eléctrico,6971.0,PC
OT-003924,PAR-005174,PC-EQ-05,2024-03-16 00:00:00,Preventiva,6.6,2,,1628.0,PC
OT-003925,PAR-005175,PC-EQ-05,2024-03-19 00:00:00,Correctiva,28.4,3,Rodamiento,3188.0,PC
OT-003926,PAR-005176,PC-EQ-05,2024-03-28 00:00:00,Correctiva,6.8,1,Faja/correa,4773.0,PC
OT-003927,PAR-005177,PC-EQ-05,2024-03-30 00:00:00,Correctiva,17.8,2,Faja/correa,388.0,PC
OT-003928,PAR-005178,PC-EQ-05,2024-03-31 00:00:00,Correctiva,6.3,2,Sello mecánico,3921.0,PC
OT-003929,PAR-005179,PC-EQ-05,2024-04-06 00:00:00,Preventiva,7.1,1,Sensor/instrumento,2410.0,PC
OT-003930,PAR-005180,PC-EQ-05,2024-04-06 00:00:00,Correctiva,9.9,1,Sensor/instrumento,3789.0,PC
OT-003931,PAR-005181,PC-EQ-05,2024-04-07 00:00:00,Correctiva,27.2,1,Motor eléctrico,3798.0,PC
OT-003932,PAR-005182,PC-EQ-05,2024-04-09 00:00:00,Correctiva,0.4,3,Ninguno (solo mano de obra),7352.0,PC
OT-003933,PAR-005184,PC-EQ-05,2024-04-15 00:00:00,Correctiva,1.0,3,Sello mecánico,234.0,PC
OT-003934,PAR-005185,PC-EQ-05,2024-04-22 00:00:00,Correctiva,19.1,3,Sensor/instrumento,2096.0,PC
OT-003935,PAR-005186,PC-EQ-05,2024-04-25 00:00:00,Correctiva,3.9,3,Motor eléctrico,3466.0,PC
OT-003936,PAR-005187,PC-EQ-05,2024-04-27 00:00:00,Correctiva,6.3,1,Rodamiento,690.0,PC
OT-003937,PAR-005188,PC-EQ-05,2024-04-28 00:00:00,Preventiva,5.3,3,Ninguno (solo mano de obra),2405.0,PC
OT-003938,PAR-005190,PC-EQ-05,2024-05-15 00:00:00,Preventiva,6.4,3,Faja/correa,817.0,PC
OT-003939,PAR-005191,PC-EQ-05,2024-05-18 00:00:00,Correctiva,29.0,3,Faja/correa,5550.0,PC
OT-003940,PAR-005192,PC-EQ-05,2024-05-22 00:00:00,Correctiva,1.0,2,Sello mecánico,6864.0,PC
OT-003941,PAR-005193,PC-EQ-05,2024-05-23 00:00:00,Correctiva,2.7,1,Sensor/instrumento,5956.0,PC
OT-003942,PAR-005194,PC-EQ-05,2024-05-25 00:00:00,Correctiva,30.6,3,Rodamiento,1635.0,PC
OT-003943,PAR-005195,PC-EQ-05,2024-05-27 00:00:00,Correctiva,14.2,3,Faja/correa,4015.0,PC
OT-003944,PAR-005197,PC-EQ-05,2024-06-02 00:00:00,Preventiva,5.3,3,Rodamiento,989.0,PC
OT-003945,PAR-005200,PC-EQ-05,2024-06-11 00:00:00,Correctiva,0.7,3,Motor eléctrico,425.0,PC
OT-003946,PAR-005202,PC-EQ-05,2024-06-13 00:00:00,Correctiva,7.1,3,Rodamiento,3686.0,PC
OT-003947,PAR-005204,PC-EQ-05,2024-06-17 00:00:00,Preventiva,4.9,3,Rodamiento,1972.0,PC
OT-003948,PAR-005205,PC-EQ-05,2024-06-21 00:00:00,Correctiva,25.0,3,Sello mecánico,6540.0,PC
OT-003949,PAR-005207,PC-EQ-05,2024-06-28 00:00:00,Correctiva,0.4,2,,7792.0,PC
OT-003950,PAR-005208,PC-EQ-05,2024-06-30 00:00:00,Correctiva,7.5,3,Ninguno (solo mano de obra),1930.0,PC
OT-003951,PAR-005209,PC-EQ-05,2024-07-03 00:00:00,Correctiva,8.4,1,Faja/correa,7398.0,PC
OT-003952,PAR-005210,PC-EQ-05,2024-07-05 00:00:00,Correctiva,5.1,2,Faja/correa,5730.0,PC
OT-003953,PAR-005211,PC-EQ-05,2024-07-06 00:00:00,Preventiva,6.4,1,Faja/correa,2021.0,PC
OT-003954,PAR-005212,PC-EQ-05,2024-07-06 00:00:00,Correctiva,20.0,3,Revestimiento (liner),4575.0,PC
OT-003955,PAR-005213,PC-EQ-05,2024-07-14 00:00:00,Correctiva,8.4,2,Sensor/instrumento,4083.0,PC
OT-003956,PAR-005214,PC-EQ-05,2024-07-19 00:00:00,Correctiva,5.1,1,Sello mecánico,6887.0,PC
OT-003957,PAR-005215,PC-EQ-05,2024-07-23 00:00:00,Correctiva,0.6,2,Rodamiento,4359.0,PC
OT-003958,PAR-005216,PC-EQ-05,2024-07-24 00:00:00,Correctiva,5.9,1,Revestimiento (liner),7424.0,PC
OT-003959,PAR-005217,PC-EQ-05,2024-07-25 00:00:00,Preventiva,13.6,1,Faja/correa,1556.0,PC
OT-003960,PAR-005218,PC-EQ-05,2024-07-27 00:00:00,Correctiva,27.6,3,Faja/correa,1991.0,PC
OT-003961,PAR-005219,PC-EQ-05,2024-07-30 00:00:00,Correctiva,2.8,3,Faja/correa,1914.0,PC
OT-003962,PAR-005220,PC-EQ-05,2024-08-02 00:00:00,Correctiva,22.7,3,Rodamiento,4550.0,PC
OT-003963,PAR-005221,PC-EQ-05,2024-08-03 00:00:00,Correctiva,0.6,3,Revestimiento (liner),3178.0,PC
OT-003964,PAR-005222,PC-EQ-05,2024-08-08 00:00:00,Correctiva,0.5,2,Sello mecánico,6486.0,PC
OT-003965,PAR-005223,PC-EQ-05,2024-08-10 00:00:00,Preventiva,5.5,2,Faja/correa,1715.0,PC
OT-003966,PAR-005224,PC-EQ-05,2024-08-16 00:00:00,Correctiva,22.5,3,Rodamiento,6314.0,PC
OT-003967,PAR-005225,PC-EQ-05,2024-08-17 00:00:00,Correctiva,8.1,3,Rodamiento,7534.0,PC
OT-003968,PAR-005226,PC-EQ-05,2024-08-20 00:00:00,Correctiva,24.7,2,Sensor/instrumento,712.0,PC
OT-003969,PAR-005227,PC-EQ-05,2024-08-27 00:00:00,Preventiva,8.4,2,Motor eléctrico,1737.0,PC
OT-003970,PAR-005228,PC-EQ-05,2024-08-28 00:00:00,Correctiva,16.3,1,Sensor/instrumento,3073.0,PC
OT-003971,PAR-005229,PC-EQ-05,2024-08-31 00:00:00,Correctiva,14.6,3,Rodamiento,2236.0,PC
OT-003972,PAR-005230,PC-EQ-05,2024-09-08 00:00:00,Correctiva,17.5,1,Ninguno (solo mano de obra),2678.0,PC
OT-003973,PAR-005232,PC-EQ-05,2024-09-16 00:00:00,Correctiva,17.2,1,Revestimiento (liner),2540.0,PC
OT-003974,PAR-005233,PC-EQ-05,2024-09-18 00:00:00,Preventiva,4.4,1,Revestimiento (liner),973.0,PC
OT-003975,PAR-005235,PC-EQ-05,2024-09-19 00:00:00,Correctiva,10.1,2,Faja/correa,5601.0,PC
OT-003976,PAR-005237,PC-EQ-05,2024-09-24 00:00:00,Correctiva,6.0,2,Sensor/instrumento,3284.0,PC
OT-003977,PAR-005238,PC-EQ-05,2024-09-26 00:00:00,Correctiva,20.6,3,Sensor/instrumento,1653.0,PC
OT-003978,PAR-005239,PC-EQ-05,2024-09-28 00:00:00,Correctiva,11.8,3,Sensor/instrumento,7383.0,PC
OT-003979,PAR-005240,PC-EQ-05,2024-10-02 00:00:00,Preventiva,9.7,3,,2253.0,PC
OT-003980,PAR-005241,PC-EQ-05,2024-10-05 00:00:00,Correctiva,4.8,1,Rodamiento,3701.0,PC
OT-003981,PAR-005242,PC-EQ-05,2024-10-06 00:00:00,Correctiva,1.3,3,Ninguno (solo mano de obra),4859.0,PC
OT-003982,PAR-005243,PC-EQ-05,2024-10-07 00:00:00,Correctiva,10.1,1,Motor eléctrico,7433.0,PC
OT-003983,PAR-005244,PC-EQ-05,2024-10-19 00:00:00,Correctiva,15.5,2,Sensor/instrumento,281.0,PC
OT-003984,PAR-005245,PC-EQ-05,2024-10-22 00:00:00,Preventiva,7.2,2,Sello mecánico,615.0,PC
OT-003985,PAR-005250,PC-EQ-05,2024-11-12 00:00:00,Preventiva,5.1,2,Rodamiento,2308.0,PC
OT-003986,PAR-005251,PC-EQ-05,2024-11-14 00:00:00,Correctiva,2.8,1,Revestimiento (liner),6222.0,PC
OT-003987,PAR-005252,PC-EQ-05,2024-11-15 00:00:00,Correctiva,1.0,2,Motor eléctrico,827.0,PC
OT-003988,PAR-005253,PC-EQ-05,2024-11-26 00:00:00,Correctiva,0.6,2,Faja/correa,1280.0,PC
OT-003989,PAR-005255,PC-EQ-05,2024-11-30 00:00:00,Correctiva,11.7,2,Sensor/instrumento,423.0,PC
OT-003990,PAR-005256,PC-EQ-05,2024-12-01 00:00:00,Correctiva,18.9,1,Sello mecánico,1132.0,PC
OT-003991,PAR-005257,PC-EQ-05,2024-12-02 00:00:00,Preventiva,11.3,3,Sello mecánico,1316.0,PC
OT-003992,PAR-005258,PC-EQ-05,2024-12-09 00:00:00,Correctiva,9.4,3,Rodamiento,3682.0,PC
OT-003993,PAR-005261,PC-EQ-05,2024-12-13 00:00:00,Correctiva,10.6,3,Sello mecánico,2215.0,PC
OT-003994,PAR-005262,PC-EQ-05,2024-12-15 00:00:00,Correctiva,8.4,2,Revestimiento (liner),3217.0,PC
OT-003995,PAR-005264,PC-EQ-05,2024-12-17 00:00:00,Correctiva,6.1,2,Sensor/instrumento,2914.0,PC
OT-003996,PAR-005265,PC-EQ-05,2024-12-18 00:00:00,Correctiva,26.1,2,Rodamiento,3294.0,PC
OT-003997,PAR-005266,PC-EQ-05,2024-12-19 00:00:00,Preventiva,12.6,1,Sello mecánico,307.0,PC
OT-003998,PAR-005267,PC-EQ-05,2024-12-19 00:00:00,Correctiva,16.9,1,Revestimiento (liner),7660.0,PC
OT-003999,PAR-005268,PC-EQ-05,2024-12-22 00:00:00,Correctiva,1.4,1,Faja/correa,1949.0,PC
OT-004000,PAR-005269,PC-EQ-05,2025-01-03 00:00:00,Preventiva,5.2,2,Ninguno (solo mano de obra),536.0,PC
OT-004001,PAR-005270,PC-EQ-05,2025-01-06 00:00:00,Correctiva,28.0,3,Sensor/instrumento,4835.0,PC
OT-004002,PAR-005271,PC-EQ-05,2025-01-13 00:00:00,Correctiva,7.6,1,Sello mecánico,2053.0,PC
OT-004003,PAR-005274,PC-EQ-05,2025-01-24 00:00:00,Preventiva,9.5,1,Sensor/instrumento,838.0,PC
OT-004004,PAR-005276,PC-EQ-05,2025-01-30 00:00:00,Correctiva,23.7,1,Rodamiento,5566.0,PC
OT-004005,PAR-005277,PC-EQ-05,2025-02-01 00:00:00,Correctiva,3.0,1,Sello mecánico,6077.0,PC
OT-004006,PAR-005280,PC-EQ-05,2025-02-06 00:00:00,Correctiva,9.3,3,Revestimiento (liner),7791.0,PC
OT-004007,PAR-005282,PC-EQ-05,2025-02-16 00:00:00,Preventiva,9.6,2,Faja/correa,2103.0,PC
OT-004008,PAR-005283,PC-EQ-05,2025-02-19 00:00:00,Correctiva,1.4,3,Sello mecánico,753.0,PC
OT-004009,PAR-005284,PC-EQ-05,2025-02-24 00:00:00,Correctiva,25.2,1,Faja/correa,2965.0,PC
OT-004010,PAR-005285,PC-EQ-05,2025-02-27 00:00:00,Correctiva,5.7,2,Faja/correa,5258.0,PC
OT-004011,PAR-005287,PC-EQ-05,2025-03-06 00:00:00,Preventiva,5.4,3,Rodamiento,366.0,PC
OT-004012,PAR-005288,PC-EQ-05,2025-03-10 00:00:00,Correctiva,2.7,1,Motor eléctrico,7367.0,PC
OT-004013,PAR-005289,PC-EQ-05,2025-03-15 00:00:00,Correctiva,26.5,2,Rodamiento,931.0,PC
OT-004014,PAR-005290,PC-EQ-05,2025-03-22 00:00:00,Correctiva,11.5,3,Ninguno (solo mano de obra),2555.0,PC
OT-004015,PAR-005291,PC-EQ-05,2025-03-24 00:00:00,Correctiva,13.2,1,Sello mecánico,1488.0,PC
OT-004016,PAR-005292,PC-EQ-05,2025-03-25 00:00:00,Preventiva,4.1,3,Motor eléctrico,1988.0,PC
OT-004017,PAR-005293,PC-EQ-05,2025-03-28 00:00:00,Correctiva,16.9,2,Sello mecánico,5435.0,PC
OT-004018,PAR-005294,PC-EQ-05,2025-03-29 00:00:00,Correctiva,15.7,2,Faja/correa,580.0,PC
OT-004019,PAR-005295,PC-EQ-05,2025-04-05 00:00:00,Correctiva,23.2,3,Ninguno (solo mano de obra),3165.0,PC
OT-004020,PAR-005297,PC-EQ-05,2025-04-08 00:00:00,Correctiva,5.2,3,Ninguno (solo mano de obra),3777.0,PC
OT-004021,PAR-005298,PC-EQ-05,2025-04-12 00:00:00,Correctiva,4.3,2,Sello mecánico,1426.0,PC
OT-004022,PAR-005299,PC-EQ-05,2025-04-14 00:00:00,Preventiva,14.0,1,Revestimiento (liner),224.0,PC
OT-004023,PAR-005301,PC-EQ-05,2025-04-21 00:00:00,Correctiva,15.5,3,Sello mecánico,1435.0,PC
OT-004024,PAR-005302,PC-EQ-05,2025-04-24 00:00:00,Correctiva,5.5,2,Rodamiento,5581.0,PC
OT-004025,PAR-005303,PC-EQ-05,2025-04-25 00:00:00,Correctiva,4.8,2,Rodamiento,39.0,PC
OT-004026,PAR-005305,PC-EQ-05,2025-04-29 00:00:00,Correctiva,24.8,3,Rodamiento,3901.0,PC
OT-004027,PAR-005306,PC-EQ-05,2025-05-05 00:00:00,Preventiva,7.7,2,Faja/correa,89.0,PC
OT-004028,PAR-005307,PC-EQ-05,2025-05-09 00:00:00,Correctiva,16.1,1,Motor eléctrico,4551.0,PC
OT-004029,PAR-005308,PC-EQ-05,2025-05-22 00:00:00,Correctiva,16.9,1,Sensor/instrumento,5430.0,PC
OT-004030,PAR-005309,PC-EQ-05,2025-05-23 00:00:00,Correctiva,10.3,3,Motor eléctrico,4280.0,PC
OT-004031,PAR-005310,PC-EQ-05,2025-05-24 00:00:00,Preventiva,9.0,3,Sello mecánico,1330.0,PC
OT-004032,PAR-005312,PC-EQ-05,2025-06-11 00:00:00,Preventiva,7.4,3,Ninguno (solo mano de obra),1589.0,PC
OT-004033,PAR-005313,PC-EQ-05,2025-06-12 00:00:00,Correctiva,29.0,3,Sensor/instrumento,1252.0,PC
OT-004034,PAR-005314,PC-EQ-05,2025-06-14 00:00:00,Correctiva,1.9,3,Sensor/instrumento,5331.0,PC
OT-004035,PAR-005315,PC-EQ-05,2025-06-18 00:00:00,Correctiva,25.5,1,Rodamiento,2173.0,PC
OT-004036,PAR-005316,PC-EQ-05,2025-06-20 00:00:00,Correctiva,22.1,1,Rodamiento,1833.0,PC
OT-004037,PAR-005317,PC-EQ-05,2025-06-25 00:00:00,Correctiva,1.1,2,Sensor/instrumento,5546.0,PC
OT-004038,PAR-005318,PC-EQ-05,2025-06-27 00:00:00,Correctiva,5.2,3,Ninguno (solo mano de obra),4404.0,PC
OT-004039,PAR-005319,PC-EQ-05,2025-06-28 00:00:00,Preventiva,12.2,3,Rodamiento,1258.0,PC
OT-004040,PAR-005320,PC-EQ-05,2025-07-03 00:00:00,Correctiva,0.4,1,Faja/correa,1974.0,PC
OT-004041,PAR-005321,PC-EQ-05,2025-07-05 00:00:00,Correctiva,6.9,3,Sensor/instrumento,4863.0,PC
OT-004042,PAR-005322,PC-EQ-05,2025-07-06 00:00:00,Correctiva,14.5,1,Faja/correa,3673.0,PC
OT-004043,PAR-005323,PC-EQ-05,2025-07-10 00:00:00,Correctiva,0.5,1,Sello mecánico,2359.0,PC
OT-004044,PAR-005325,PC-EQ-05,2025-07-18 00:00:00,Preventiva,4.2,3,Sello mecánico,216.0,PC
OT-004045,PAR-005326,PC-EQ-05,2025-07-23 00:00:00,Correctiva,7.6,3,Rodamiento,6987.0,PC
OT-004046,PAR-005327,PC-EQ-05,2025-07-25 00:00:00,Correctiva,12.9,3,Sensor/instrumento,4930.0,PC
OT-004047,PAR-005328,PC-EQ-05,2025-07-27 00:00:00,Correctiva,7.5,1,Ninguno (solo mano de obra),6081.0,PC
OT-004048,PAR-005329,PC-EQ-05,2025-08-01 00:00:00,Correctiva,18.4,2,Motor eléctrico,186.0,PC
OT-004049,PAR-005331,PC-EQ-05,2025-08-02 00:00:00,Correctiva,29.6,2,Rodamiento,3689.0,PC
OT-004050,PAR-005333,PC-EQ-05,2025-08-08 00:00:00,Correctiva,29.0,2,Rodamiento,6166.0,PC
OT-004051,PAR-005334,PC-EQ-05,2025-08-09 00:00:00,Preventiva,9.8,1,Ninguno (solo mano de obra),1893.0,PC
OT-004052,PAR-005335,PC-EQ-05,2025-08-09 00:00:00,Correctiva,8.3,3,Sello mecánico,3333.0,PC
OT-004053,PAR-005336,PC-EQ-05,2025-08-15 00:00:00,Correctiva,6.7,1,Faja/correa,2665.0,PC
OT-004054,PAR-005337,PC-EQ-05,2025-08-19 00:00:00,Correctiva,0.8,2,Motor eléctrico,4099.0,PC
OT-004055,PAR-005338,PC-EQ-05,2025-08-21 00:00:00,Correctiva,10.7,2,Sello mecánico,520.0,PC
OT-004056,PAR-005339,PC-EQ-05,2025-08-24 00:00:00,Correctiva,10.7,1,Motor eléctrico,1975.0,PC
OT-004057,PAR-005340,PC-EQ-05,2025-08-29 00:00:00,Correctiva,11.2,1,Ninguno (solo mano de obra),6072.0,PC
OT-004058,PAR-005341,PC-EQ-05,2025-08-31 00:00:00,Preventiva,9.1,3,Sello mecánico,1068.0,PC
OT-004059,PAR-005343,PC-EQ-05,2025-09-05 00:00:00,Correctiva,22.9,1,Sensor/instrumento,6101.0,PC
OT-004060,PAR-005345,PC-EQ-05,2025-09-15 00:00:00,Correctiva,14.2,2,Rodamiento,5708.0,PC
OT-004061,PAR-005346,PC-EQ-05,2025-09-20 00:00:00,Preventiva,7.7,1,Ninguno (solo mano de obra),1176.0,PC
OT-004062,PAR-005347,PC-EQ-05,2025-09-21 00:00:00,Correctiva,7.3,3,Motor eléctrico,2883.0,PC
OT-004063,PAR-005348,PC-EQ-05,2025-09-25 00:00:00,Correctiva,12.4,2,Sello mecánico,122.0,PC
OT-004064,PAR-005349,PC-EQ-05,2025-09-28 00:00:00,Correctiva,3.2,1,Sello mecánico,5740.0,PC
OT-004065,PAR-005351,PC-EQ-05,2025-10-10 00:00:00,Correctiva,6.3,1,Rodamiento,7038.0,PC
OT-004066,PAR-005352,PC-EQ-05,2025-10-13 00:00:00,Preventiva,10.8,3,Revestimiento (liner),795.0,PC
OT-004067,PAR-005354,PC-EQ-05,2025-10-25 00:00:00,Correctiva,8.4,2,Ninguno (solo mano de obra),6749.0,PC
OT-004068,PAR-005355,PC-EQ-05,2025-10-29 00:00:00,Preventiva,7.1,1,Faja/correa,1819.0,PC
OT-004069,PAR-005357,PC-EQ-05,2025-11-02 00:00:00,Correctiva,0.6,1,Sensor/instrumento,287.0,PC
OT-004070,PAR-005358,PC-EQ-05,2025-11-05 00:00:00,Correctiva,5.1,2,Revestimiento (liner),4397.0,PC
OT-004071,PAR-005360,PC-EQ-05,2025-11-10 00:00:00,Correctiva,30.9,1,Ninguno (solo mano de obra),7168.0,PC
OT-004072,PAR-005361,PC-EQ-05,2025-11-12 00:00:00,Preventiva,6.9,3,Rodamiento,109.0,PC
OT-004073,PAR-005362,PC-EQ-05,2025-11-12 00:00:00,Correctiva,5.4,1,Revestimiento (liner),7760.0,PC
OT-004074,PAR-005365,PC-EQ-05,2025-11-21 00:00:00,Correctiva,31.5,3,Sello mecánico,6538.0,PC
OT-004075,PAR-005366,PC-EQ-05,2025-11-24 00:00:00,Correctiva,23.6,3,Motor eléctrico,3197.0,PC
OT-004076,PAR-005367,PC-EQ-05,2025-11-25 00:00:00,Correctiva,9.9,1,Ninguno (solo mano de obra),3352.0,PC
OT-004077,PAR-005368,PC-EQ-05,2025-11-28 00:00:00,Preventiva,3.6,2,Revestimiento (liner),336.0,PC
OT-004078,PAR-005369,PC-EQ-05,2025-12-02 00:00:00,Correctiva,5.6,2,Sensor/instrumento,1495.0,PC
OT-004079,PAR-005371,PC-EQ-05,2025-12-04 00:00:00,Correctiva,20.7,1,Motor eléctrico,5323.0,PC
OT-004080,PAR-005372,PC-EQ-05,2025-12-06 00:00:00,Correctiva,19.6,3,Sello mecánico,6833.0,PC
OT-004081,PAR-005373,PC-EQ-05,2025-12-10 00:00:00,Correctiva,15.1,1,Faja/correa,3487.0,PC
OT-004082,PAR-005375,PC-EQ-05,2025-12-14 00:00:00,Correctiva,1.6,2,Motor eléctrico,6520.0,PC
OT-004083,PAR-005376,PC-EQ-05,2025-12-15 00:00:00,Preventiva,7.0,3,Faja/correa,1440.0,PC
OT-004084,PAR-005378,PC-EQ-05,2025-12-17 00:00:00,Correctiva,27.5,1,Revestimiento (liner),7574.0,PC
OT-004085,PAR-005379,PC-EQ-05,2025-12-22 00:00:00,Correctiva,5.8,2,Sensor/instrumento,2731.0,PC
OT-004086,PAR-005380,PC-EQ-05,2025-12-28 00:00:00,Correctiva,14.6,2,Rodamiento,196.0,PC
OT-004087,PAR-005381,PC-EQ-05,2025-12-30 00:00:00,Preventiva,6.5,1,Sello mecánico,1123.0,PC
OT-004088,PAR-005382,PC-EQ-05,2026-01-03 00:00:00,Correctiva,6.1,3,Sensor/instrumento,3561.0,PC
OT-004089,PAR-005383,PC-EQ-05,2026-01-04 00:00:00,Correctiva,12.6,3,Sello mecánico,62.0,PC
OT-004090,PAR-005385,PC-EQ-05,2026-01-11 00:00:00,Correctiva,0.4,1,Sello mecánico,5978.0,PC
OT-004091,PAR-005386,PC-EQ-05,2026-01-15 00:00:00,Preventiva,10.4,3,Faja/correa,2098.0,PC
OT-004092,PAR-005388,PC-EQ-05,2026-01-25 00:00:00,Correctiva,28.9,2,Rodamiento,1237.0,PC
OT-004093,PAR-005389,PC-EQ-05,2026-01-30 00:00:00,Correctiva,9.9,3,Faja/correa,174.0,PC
OT-004094,PAR-005390,PC-EQ-05,2026-02-01 00:00:00,Correctiva,18.8,1,Rodamiento,4600.0,PC
OT-004095,PAR-005391,PC-EQ-05,2026-02-03 00:00:00,Preventiva,6.6,1,Motor eléctrico,2464.0,PC
OT-004096,PAR-005392,PC-EQ-05,2026-02-03 00:00:00,Correctiva,14.0,1,Motor eléctrico,5399.0,PC
OT-004097,PAR-005394,PC-EQ-05,2026-02-05 00:00:00,Correctiva,30.8,1,Rodamiento,1349.0,PC
OT-004098,PAR-005395,PC-EQ-05,2026-02-10 00:00:00,Correctiva,28.5,1,Sello mecánico,956.0,PC
OT-004099,PAR-005396,PC-EQ-05,2026-02-11 00:00:00,Correctiva,8.9,1,Sello mecánico,335.0,PC
OT-004100,PAR-005397,PC-EQ-05,2026-02-14 00:00:00,Correctiva,18.9,2,Sello mecánico,6738.0,PC
OT-004101,PAR-005398,PC-EQ-05,2026-02-16 00:00:00,Correctiva,17.9,2,Revestimiento (liner),7546.0,PC
OT-004102,PAR-005399,PC-EQ-05,2026-02-22 00:00:00,Correctiva,19.5,2,Sello mecánico,1941.0,PC
OT-004103,PAR-005400,PC-EQ-05,2026-02-23 00:00:00,Preventiva,7.9,3,Rodamiento,2068.0,PC
OT-004104,PAR-005401,PC-EQ-05,2026-02-24 00:00:00,Correctiva,2.7,1,Faja/correa,3388.0,PC
OT-004105,PAR-005403,PC-EQ-05,2026-02-26 00:00:00,Correctiva,4.3,2,Rodamiento,4202.0,PC
OT-004106,PAR-005404,PC-EQ-05,2026-03-02 00:00:00,Correctiva,1.7,3,Faja/correa,4527.0,PC
OT-004107,PAR-005405,PC-EQ-05,2026-03-05 00:00:00,Correctiva,31.4,1,Motor eléctrico,5595.0,PC
OT-004108,PAR-005406,PC-EQ-05,2026-03-06 00:00:00,Correctiva,22.3,2,Faja/correa,7698.0,PC
OT-004109,PAR-005407,PC-EQ-05,2026-03-09 00:00:00,Correctiva,11.4,3,Revestimiento (liner),557.0,PC
OT-004110,PAR-005408,PC-EQ-05,2026-03-10 00:00:00,Correctiva,18.3,3,Sensor/instrumento,4973.0,PC
OT-004111,PAR-005410,PC-EQ-05,2026-03-14 00:00:00,Correctiva,19.5,3,Sensor/instrumento,5087.0,PC
OT-004112,PAR-005411,PC-EQ-05,2026-03-15 00:00:00,Preventiva,4.6,1,Revestimiento (liner),2104.0,PC
OT-004113,PAR-005412,PC-EQ-05,2026-03-17 00:00:00,Correctiva,10.3,2,Faja/correa,919.0,PC
OT-004114,PAR-005414,PC-EQ-05,2026-03-29 00:00:00,Preventiva,7.9,2,Revestimiento (liner),457.0,PC
OT-004115,PAR-005417,PC-EQ-05,2026-03-31 00:00:00,Correctiva,22.5,3,Rodamiento,1779.0,PC
OT-004116,PAR-005418,PC-EQ-05,2026-04-01 00:00:00,Correctiva,19.5,1,Sello mecánico,1633.0,PC
OT-004117,PAR-005419,PC-EQ-05,2026-04-05 00:00:00,Correctiva,13.1,1,Faja/correa,4110.0,PC
OT-004118,PAR-005420,PC-EQ-05,2026-04-07 00:00:00,Correctiva,22.6,2,Rodamiento,2290.0,PC
OT-004119,PAR-005421,PC-EQ-05,2026-04-11 00:00:00,Correctiva,21.5,2,Revestimiento (liner),3873.0,PC
OT-004120,PAR-005422,PC-EQ-05,2026-04-12 00:00:00,Correctiva,1.0,1,Sello mecánico,2880.0,PC
OT-004121,PAR-005423,PC-EQ-05,2026-04-13 00:00:00,Preventiva,6.9,2,Sensor/instrumento,685.0,PC
OT-004122,PAR-005424,PC-EQ-05,2026-04-13 00:00:00,Correctiva,6.2,2,Sensor/instrumento,2139.0,PC
OT-004123,PAR-005425,PC-EQ-05,2026-04-15 00:00:00,Correctiva,17.7,2,Sensor/instrumento,7986.0,PC
OT-004124,PAR-005426,PC-EQ-05,2026-04-17 00:00:00,Correctiva,14.6,2,Rodamiento,4169.0,PC
OT-004125,PAR-005427,PC-EQ-05,2026-04-18 00:00:00,Correctiva,19.1,3,Sello mecánico,3260.0,PC
OT-004126,PAR-005429,PC-EQ-05,2026-04-25 00:00:00,Correctiva,0.6,1,Faja/correa,3459.0,PC
OT-004127,PAR-005430,PC-EQ-05,2026-04-29 00:00:00,Correctiva,3.4,1,Sensor/instrumento,5133.0,PC
OT-004128,PAR-005432,PC-EQ-05,2026-05-01 00:00:00,Correctiva,2.6,3,Rodamiento,1507.0,PC
OT-004129,PAR-005433,PC-EQ-05,2026-05-04 00:00:00,Preventiva,7.5,1,Revestimiento (liner),2401.0,PC
OT-004130,PAR-005435,PC-EQ-05,2026-05-11 00:00:00,Correctiva,14.0,1,Sensor/instrumento,2591.0,PC
OT-004131,PAR-005437,PC-EQ-05,2026-05-21 00:00:00,Preventiva,6.4,2,Sello mecánico,932.0,PC
OT-004132,PAR-005439,PC-EQ-05,2026-05-22 00:00:00,Correctiva,4.6,1,Revestimiento (liner),3112.0,PC
OT-004133,PAR-005441,PC-EQ-05,2026-05-24 00:00:00,Correctiva,0.6,2,Sello mecánico,2177.0,PC
OT-004134,PAR-005442,PC-EQ-05,2026-05-27 00:00:00,Correctiva,8.6,1,Sensor/instrumento,3356.0,PC
OT-004135,PAR-005443,PC-EQ-05,2026-06-01 00:00:00,Correctiva,24.4,3,Sello mecánico,7313.0,PC
OT-004136,PAR-005444,PC-EQ-05,2026-06-03 00:00:00,Correctiva,8.4,1,Sello mecánico,208.0,PC
OT-004137,PAR-005445,PC-EQ-05,2026-06-06 00:00:00,Preventiva,6.9,3,Sello mecánico,2432.0,PC
OT-004138,PAR-005446,PC-EQ-05,2026-06-11 00:00:00,Correctiva,24.5,1,Revestimiento (liner),6118.0,PC
OT-004139,PAR-005447,PC-EQ-05,2026-06-15 00:00:00,Correctiva,8.6,3,Motor eléctrico,2521.0,PC
OT-004140,PAR-005449,PC-EQ-05,2026-06-19 00:00:00,Correctiva,3.4,1,Sello mecánico,977.0,PC
OT-004141,PAR-005450,PC-EQ-05,2026-06-21 00:00:00,Correctiva,1.4,2,Sello mecánico,1084.0,PC
OT-004142,PAR-005451,PC-EQ-05,2026-06-23 00:00:00,Preventiva,9.8,3,Rodamiento,2333.0,PC
OT-004143,PAR-005452,PC-EQ-05,2026-06-27 00:00:00,Correctiva,24.0,3,Sensor/instrumento,3785.0,PC
OT-004144,PAR-005453,PC-EQ-05,2026-06-30 00:00:00,Correctiva,10.0,2,Motor eléctrico,730.0,PC
OT-004145,PAR-005455,PC-EQ-05,2026-07-11 00:00:00,Correctiva,6.4,2,Sello mecánico,638.0,PC
OT-004146,PAR-005456,PC-EQ-05,2026-07-16 00:00:00,Preventiva,7.8,3,Sello mecánico,150.0,PC
OT-004147,PAR-005457,PC-EQ-05,2026-07-16 00:00:00,Correctiva,22.8,1,Faja/correa,7314.0,PC
OT-004148,PAR-005459,PC-EQ-05,2026-07-19 00:00:00,Correctiva,4.4,2,Sello mecánico,1592.0,PC
OT-004149,PAR-005461,PC-EQ-05,2026-07-24 00:00:00,Correctiva,27.9,2,Rodamiento,6006.0,PC
OT-004150,PAR-005462,PC-EQ-05,2026-07-30 00:00:00,Correctiva,4.3,3,Motor eléctrico,6910.0,PC
OT-004151,PAR-005463,PC-EQ-05,2026-08-01 00:00:00,Correctiva,7.0,2,Faja/correa,6217.0,PC
OT-004152,PAR-005464,PC-EQ-05,2026-08-02 00:00:00,Preventiva,10.0,1,Sensor/instrumento,335.0,PC
OT-004153,PAR-005466,PC-EQ-05,2026-08-05 00:00:00,Correctiva,12.6,1,Revestimiento (liner),4316.0,PC
OT-004154,PAR-005467,PC-EQ-05,2026-08-08 00:00:00,Correctiva,1.1,1,Revestimiento (liner),4234.0,PC
OT-004155,PAR-005469,PC-EQ-05,2026-08-15 00:00:00,Correctiva,9.4,1,Faja/correa,1292.0,PC
OT-004156,PAR-005470,PC-EQ-05,2026-08-18 00:00:00,Preventiva,7.8,3,Revestimiento (liner),748.0,PC
OT-004157,PAR-005471,PC-EQ-05,2026-08-20 00:00:00,Correctiva,15.3,3,Revestimiento (liner),4727.0,PC
OT-004158,PAR-005472,PC-EQ-05,2026-08-22 00:00:00,Correctiva,2.5,3,Rodamiento,6441.0,PC
OT-004159,PAR-005473,PC-EQ-05,2026-08-23 00:00:00,Correctiva,8.8,2,Sello mecánico,5628.0,PC
OT-004160,PAR-005474,PC-EQ-05,2026-08-31 00:00:00,Correctiva,3.0,3,Sello mecánico,2123.0,PC
OT-004161,PAR-005475,PC-EQ-05,2026-09-07 00:00:00,Preventiva,7.8,1,Sensor/instrumento,2324.0,PC
OT-004162,PAR-005476,PC-EQ-05,2026-09-18 00:00:00,Correctiva,6.9,2,Motor eléctrico,5035.0,PC
OT-004163,PAR-005477,PC-EQ-05,2026-09-24 00:00:00,Correctiva,9.0,1,Revestimiento (liner),5061.0,PC
OT-004164,PAR-005478,PC-EQ-05,2026-09-27 00:00:00,Preventiva,10.1,3,Sello mecánico,1805.0,PC
OT-004165,PAR-005479,PC-EQ-05,2026-09-27 00:00:00,Correctiva,7.9,3,Sello mecánico,1771.0,PC
OT-004166,PAR-005480,PC-EQ-05,2026-10-01 00:00:00,Correctiva,13.5,1,Rodamiento,2312.0,PC
OT-004167,PAR-005481,PC-EQ-05,2026-10-03 00:00:00,Correctiva,9.3,1,Rodamiento,2613.0,PC
OT-004168,PAR-005482,PC-EQ-05,2026-10-08 00:00:00,Correctiva,5.3,1,Revestimiento (liner),991.0,PC
OT-004169,PAR-005483,PC-EQ-05,2026-10-13 00:00:00,Correctiva,16.1,2,Faja/correa,2919.0,PC
OT-004170,PAR-005484,PC-EQ-05,2026-10-15 00:00:00,Preventiva,6.8,3,Faja/correa,427.0,PC
OT-004171,PAR-005485,PC-EQ-05,2026-10-17 00:00:00,Correctiva,25.8,2,Sello mecánico,2233.0,PC
OT-004172,PAR-005486,PC-EQ-05,2026-10-22 00:00:00,Correctiva,15.4,3,Ninguno (solo mano de obra),7204.0,PC
OT-004173,PAR-005487,PC-EQ-05,2026-10-23 00:00:00,Correctiva,12.1,1,Faja/correa,4680.0,PC
OT-004174,PAR-005488,PC-EQ-05,2026-10-29 00:00:00,Correctiva,5.2,2,Sensor/instrumento,231.0,PC
OT-004175,PAR-005489,PC-EQ-05,2026-10-31 00:00:00,Correctiva,31.3,1,Sensor/instrumento,1767.0,PC
OT-004176,PAR-005490,PC-EQ-05,2026-11-01 00:00:00,Correctiva,15.9,1,Motor eléctrico,2900.0,PC
OT-004177,PAR-005491,PC-EQ-05,2026-11-04 00:00:00,Preventiva,12.7,3,Rodamiento,1389.0,PC
OT-004178,PAR-005492,PC-EQ-05,2026-11-05 00:00:00,Correctiva,23.8,3,Faja/correa,4388.0,PC
OT-004179,PAR-005494,PC-EQ-05,2026-11-09 00:00:00,Correctiva,25.6,3,Revestimiento (liner),79.0,PC
OT-004180,PAR-005496,PC-EQ-05,2026-11-17 00:00:00,Correctiva,16.8,2,Sello mecánico,919.0,PC
OT-004181,PAR-005497,PC-EQ-05,2026-11-19 00:00:00,Correctiva,5.7,1,Motor eléctrico,1035.0,PC
OT-004182,PAR-005498,PC-EQ-05,2026-11-23 00:00:00,Preventiva,12.4,2,Rodamiento,393.0,PC
OT-004183,PAR-005500,PC-EQ-05,2026-11-27 00:00:00,Correctiva,12.8,2,Faja/correa,60.0,PC
OT-004184,PAR-005501,PC-EQ-05,2026-12-05 00:00:00,Correctiva,24.0,3,Sensor/instrumento,2430.0,PC
OT-004185,PAR-005502,PC-EQ-05,2026-12-13 00:00:00,Correctiva,23.6,2,Ninguno (solo mano de obra),4471.0,PC
OT-004186,PAR-005503,PC-EQ-05,2026-12-16 00:00:00,Preventiva,4.9,3,Sensor/instrumento,137.0,PC
OT-004187,PAR-005504,PC-EQ-05,2026-12-17 00:00:00,Correctiva,26.4,3,Rodamiento,1758.0,PC
OT-004188,PAR-005505,PC-EQ-05,2026-12-18 00:00:00,Correctiva,23.4,2,Sello mecánico,73.0,PC
OT-004189,PAR-005506,PC-EQ-05,2026-12-19 00:00:00,Correctiva,10.5,1,Revestimiento (liner),432.0,PC
OT-004190,PAR-005507,PC-EQ-05,2026-12-21 00:00:00,Correctiva,17.8,2,,6793.0,PC
OT-004191,PAR-005508,PC-EQ-05,2026-12-30 00:00:00,Preventiva,7.9,1,Motor eléctrico,78.0,PC
OT-004192,PAR-005509,PC-EQ-05,2026-12-30 00:00:00,Correctiva,6.8,1,Ninguno (solo mano de obra),7465.0,PC
OT-004193,PAR-005511,PC-EQ-05,2027-01-07 00:00:00,Correctiva,2.9,2,Sensor/instrumento,7051.0,PC
OT-004194,PAR-005512,PC-EQ-05,2027-01-10 00:00:00,Correctiva,26.4,1,Revestimiento (liner),5523.0,PC
OT-004195,PAR-005513,PC-EQ-05,2027-01-14 00:00:00,Correctiva,17.0,1,Sello mecánico,6823.0,PC
OT-004196,PAR-005514,PC-EQ-05,2027-01-15 00:00:00,Correctiva,4.2,3,,1750.0,PC
OT-004197,PAR-005515,PC-EQ-05,2027-01-19 00:00:00,Correctiva,9.7,3,Rodamiento,4307.0,PC
OT-004198,PAR-005516,PC-EQ-05,2027-01-22 00:00:00,Preventiva,9.7,2,Sensor/instrumento,1269.0,PC
OT-004199,PAR-005517,PC-EQ-05,2027-01-26 00:00:00,Correctiva,2.2,1,Motor eléctrico,5187.0,PC
OT-004200,PAR-005519,PC-EQ-05,2027-01-31 00:00:00,Correctiva,20.2,3,Sello mecánico,6557.0,PC
OT-004201,PAR-005521,PC-EQ-05,2027-02-05 00:00:00,Preventiva,6.1,2,Sello mecánico,1921.0,PC
OT-004202,PAR-005522,PC-EQ-05,2027-02-15 00:00:00,Correctiva,30.0,3,Motor eléctrico,5767.0,PC
OT-004203,PAR-005524,PC-EQ-05,2027-02-18 00:00:00,Correctiva,17.6,1,Revestimiento (liner),7394.0,PC
OT-004204,PAR-005525,PC-EQ-05,2027-02-19 00:00:00,Correctiva,4.6,1,Motor eléctrico,2886.0,PC
OT-004205,PAR-005526,PC-EQ-05,2027-02-23 00:00:00,Correctiva,3.3,3,Sello mecánico,6611.0,PC
OT-004206,PAR-005527,PC-EQ-05,2027-02-26 00:00:00,Preventiva,5.9,3,Sello mecánico,1006.0,PC
OT-004207,PAR-005528,PC-EQ-05,2027-03-11 00:00:00,Correctiva,14.1,3,Faja/correa,5706.0,PC
OT-004208,PAR-005529,PC-EQ-05,2027-03-17 00:00:00,Correctiva,2.7,3,Rodamiento,5279.0,PC
OT-004209,PAR-005530,PC-EQ-05,2027-03-18 00:00:00,Correctiva,12.9,3,Faja/correa,1421.0,PC
OT-004210,PAR-005531,PC-EQ-05,2027-03-20 00:00:00,Preventiva,9.7,1,Faja/correa,66.0,PC
OT-004211,PAR-005533,PC-EQ-05,2027-04-02 00:00:00,Correctiva,11.6,2,Sensor/instrumento,6765.0,PC
OT-004212,PAR-005534,PC-EQ-05,2027-04-08 00:00:00,Correctiva,27.5,3,Motor eléctrico,4047.0,PC
OT-004213,PAR-005535,PC-EQ-05,2027-04-12 00:00:00,Preventiva,8.6,3,Rodamiento,2277.0,PC
OT-004214,PAR-005536,PC-EQ-05,2027-04-12 00:00:00,Correctiva,3.2,3,Sensor/instrumento,930.0,PC
OT-004215,PAR-005538,PC-EQ-05,2027-04-15 00:00:00,Correctiva,0.8,2,Sensor/instrumento,703.0,PC
OT-004216,PAR-005539,PC-EQ-05,2027-04-21 00:00:00,Correctiva,7.1,2,Sello mecánico,6002.0,PC
OT-004217,PAR-005540,PC-EQ-05,2027-04-24 00:00:00,Correctiva,14.6,2,Sensor/instrumento,6247.0,PC
OT-004218,PAR-005541,PC-EQ-05,2027-04-25 00:00:00,Correctiva,24.3,1,Sello mecánico,4886.0,PC
OT-004219,PAR-005543,PC-EQ-05,2027-04-28 00:00:00,Preventiva,13.9,1,Faja/correa,1068.0,PC
OT-004220,PAR-005544,PC-EQ-05,2027-05-01 00:00:00,Correctiva,13.6,2,Sensor/instrumento,5905.0,PC
OT-004221,PAR-005546,PC-EQ-05,2027-05-03 00:00:00,Correctiva,15.8,1,Revestimiento (liner),4958.0,PC
OT-004222,PAR-005549,PC-EQ-05,2027-05-13 00:00:00,Preventiva,6.6,3,Sello mecánico,2151.0,PC
OT-004223,PAR-005552,PC-EQ-05,2027-05-19 00:00:00,Correctiva,18.2,1,Faja/correa,1071.0,PC
OT-004224,PAR-005553,PC-EQ-05,2027-05-20 00:00:00,Correctiva,31.8,2,Revestimiento (liner),7976.0,PC
OT-004225,PAR-005554,PC-EQ-05,2027-05-22 00:00:00,Correctiva,30.3,3,Ninguno (solo mano de obra),5203.0,PC
OT-004226,PAR-005555,PC-EQ-05,2027-05-25 00:00:00,Correctiva,16.9,1,Sello mecánico,4365.0,PC
OT-004227,PAR-005556,PC-EQ-05,2027-05-27 00:00:00,Correctiva,6.1,3,Sello mecánico,4222.0,PC
OT-004228,PAR-005557,PC-EQ-05,2027-06-03 00:00:00,Preventiva,7.2,2,Motor eléctrico,1202.0,PC
OT-004229,PAR-005558,PC-EQ-05,2027-06-10 00:00:00,Correctiva,4.3,2,Revestimiento (liner),3705.0,PC
OT-004230,PAR-005559,PC-EQ-05,2027-06-12 00:00:00,Correctiva,13.5,2,Faja/correa,6900.0,PC
OT-004231,PAR-005560,PC-EQ-05,2027-06-17 00:00:00,Preventiva,8.7,1,Sello mecánico,457.0,PC
OT-004232,PAR-005561,PC-EQ-05,2027-06-17 00:00:00,Correctiva,1.2,3,Ninguno (solo mano de obra),3666.0,PC
OT-004233,PAR-005562,PC-EQ-05,2027-06-21 00:00:00,Correctiva,1.0,3,Sello mecánico,3923.0,PC
OT-004234,PAR-005564,PC-EQ-05,2027-07-01 00:00:00,Correctiva,10.3,3,Ninguno (solo mano de obra),2413.0,PC
OT-004235,PAR-005565,PC-EQ-05,2027-07-04 00:00:00,Preventiva,5.8,2,Revestimiento (liner),1504.0,PC
OT-004236,PAR-005566,PC-EQ-05,2027-07-10 00:00:00,Correctiva,18.0,3,Sensor/instrumento,5147.0,PC
OT-004237,PAR-005567,PC-EQ-05,2027-07-11 00:00:00,Correctiva,4.5,2,Ninguno (solo mano de obra),7142.0,PC
OT-004238,PAR-005568,PC-EQ-05,2027-07-17 00:00:00,Correctiva,28.7,2,Sensor/instrumento,1963.0,PC
OT-004239,PAR-005569,PC-EQ-05,2027-07-18 00:00:00,Correctiva,6.4,2,Sello mecánico,4662.0,PC
OT-004240,PAR-005570,PC-EQ-05,2027-07-19 00:00:00,Preventiva,6.4,1,Faja/correa,602.0,PC
OT-004241,PAR-005571,PC-EQ-05,2027-07-19 00:00:00,Correctiva,30.7,2,Rodamiento,869.0,PC
OT-004242,PAR-005574,PC-EQ-05,2027-08-02 00:00:00,Correctiva,1.9,1,Rodamiento,3553.0,PC
OT-004243,PAR-005575,PC-EQ-05,2027-08-03 00:00:00,Correctiva,22.5,2,,3773.0,PC
OT-004244,PAR-005576,PC-EQ-05,2027-08-07 00:00:00,Preventiva,6.6,1,Revestimiento (liner),1885.0,PC
OT-004245,PAR-005577,PC-EQ-05,2027-08-14 00:00:00,Correctiva,4.5,2,Revestimiento (liner),3986.0,PC
OT-004246,PAR-005579,PC-EQ-05,2027-08-20 00:00:00,Correctiva,27.9,1,Sello mecánico,5823.0,PC
OT-004247,PAR-005580,PC-EQ-05,2027-08-27 00:00:00,Preventiva,9.9,3,Rodamiento,1608.0,PC
OT-004248,PAR-005582,PC-EQ-05,2027-08-29 00:00:00,Correctiva,27.9,1,Revestimiento (liner),4674.0,PC
OT-004249,PAR-005583,PC-EQ-05,2027-09-01 00:00:00,Correctiva,1.5,3,Faja/correa,1286.0,PC
OT-004250,PAR-005584,PC-EQ-05,2027-09-03 00:00:00,Correctiva,26.2,3,Rodamiento,7757.0,PC
OT-004251,PAR-005585,PC-EQ-05,2027-09-05 00:00:00,Correctiva,12.2,1,Ninguno (solo mano de obra),6093.0,PC
OT-004252,PAR-005586,PC-EQ-05,2027-09-11 00:00:00,Preventiva,11.0,1,Ninguno (solo mano de obra),309.0,PC
OT-004253,PAR-005587,PC-EQ-05,2027-09-15 00:00:00,Correctiva,1.5,1,Sensor/instrumento,6172.0,PC
OT-004254,PAR-005588,PC-EQ-05,2027-09-18 00:00:00,Correctiva,22.8,2,Sensor/instrumento,5162.0,PC
OT-004255,PAR-005589,PC-EQ-05,2027-09-19 00:00:00,Correctiva,0.7,2,Faja/correa,1841.0,PC
OT-004256,PAR-005590,PC-EQ-05,2027-09-23 00:00:00,Correctiva,7.9,1,Faja/correa,676.0,PC
OT-004257,PAR-005591,PC-EQ-05,2027-09-26 00:00:00,Correctiva,17.1,1,Revestimiento (liner),3331.0,PC
OT-004258,PAR-005592,PC-EQ-05,2027-09-29 00:00:00,Preventiva,5.1,3,Ninguno (solo mano de obra),14.0,PC
OT-004259,PAR-005593,PC-EQ-05,2027-09-29 00:00:00,Correctiva,5.9,2,Rodamiento,6477.0,PC
OT-004260,PAR-005594,PC-EQ-05,2027-09-30 00:00:00,Correctiva,5.2,1,Motor eléctrico,4555.0,PC
OT-004261,PAR-005596,PC-EQ-05,2027-10-04 00:00:00,Correctiva,14.2,2,Motor eléctrico,751.0,PC
OT-004262,PAR-005597,PC-EQ-05,2027-10-07 00:00:00,Correctiva,17.3,3,Rodamiento,4800.0,PC
OT-004263,PAR-005598,PC-EQ-05,2027-10-08 00:00:00,Correctiva,4.6,3,Rodamiento,3947.0,PC
OT-004264,PAR-005599,PC-EQ-05,2027-10-11 00:00:00,Correctiva,18.5,1,Rodamiento,2439.0,PC
OT-004265,PAR-005600,PC-EQ-05,2027-10-19 00:00:00,Preventiva,6.7,2,Motor eléctrico,695.0,PC
OT-004266,PAR-005601,PC-EQ-05,2027-10-25 00:00:00,Correctiva,21.3,1,Ninguno (solo mano de obra),2015.0,PC
OT-004267,PAR-005602,PC-EQ-05,2027-10-29 00:00:00,Correctiva,21.2,1,Motor eléctrico,4767.0,PC
OT-004268,PAR-005603,PC-EQ-05,2027-11-06 00:00:00,Correctiva,24.1,2,Faja/correa,3567.0,PC
OT-004269,PAR-005604,PC-EQ-05,2027-11-07 00:00:00,Preventiva,7.7,2,Rodamiento,2280.0,PC
OT-004270,PAR-005605,PC-EQ-05,2027-11-09 00:00:00,Correctiva,6.1,2,Sensor/instrumento,3559.0,PC
OT-004271,PAR-005606,PC-EQ-05,2027-11-12 00:00:00,Correctiva,1.7,2,Rodamiento,3075.0,PC
OT-004272,PAR-005607,PC-EQ-05,2027-11-20 00:00:00,Correctiva,5.0,3,Sensor/instrumento,6621.0,PC
OT-004273,PAR-005608,PC-EQ-05,2027-11-21 00:00:00,Correctiva,3.9,3,Sello mecánico,3430.0,PC
OT-004274,PAR-005609,PC-EQ-05,2027-11-23 00:00:00,Correctiva,25.7,3,Faja/correa,3780.0,PC
OT-004275,PAR-005611,PC-EQ-05,2027-11-27 00:00:00,Correctiva,0.7,1,Faja/correa,7948.0,PC
OT-004276,PAR-005612,PC-EQ-05,2027-11-28 00:00:00,Preventiva,10.6,1,Rodamiento,1286.0,PC
OT-004277,PAR-005614,PC-EQ-05,2027-12-09 00:00:00,Correctiva,2.3,2,Sello mecánico,2150.0,PC
OT-004278,PAR-005615,PC-EQ-05,2027-12-12 00:00:00,Correctiva,7.4,3,Ninguno (solo mano de obra),3790.0,PC
OT-004279,PAR-005616,PC-EQ-05,2027-12-13 00:00:00,Correctiva,16.6,1,Sello mecánico,6329.0,PC
OT-004280,PAR-005617,PC-EQ-05,2027-12-15 00:00:00,Correctiva,27.0,3,Revestimiento (liner),7671.0,PC
OT-004281,PAR-005618,PC-EQ-05,2027-12-18 00:00:00,Correctiva,3.9,2,Sensor/instrumento,810.0,PC
OT-004282,PAR-005619,PC-EQ-05,2027-12-21 00:00:00,Preventiva,6.7,3,Sensor/instrumento,209.0,PC
OT-004283,PAR-005620,PC-EQ-05,2027-12-25 00:00:00,Correctiva,13.0,2,,2186.0,PC
OT-004284,PAR-005621,PC-EQ-05,2027-12-29 00:00:00,Correctiva,5.5,3,Motor eléctrico,1473.0,PC
OT-004285,PAR-005622,PC-EQ-06,2024-01-02 00:00:00,Correctiva,8.8,1,,2218.0,PC
OT-004286,PAR-005623,PC-EQ-06,2024-01-04 00:00:00,Correctiva,0.6,3,Rodamiento,5426.0,PC
OT-004287,PAR-005624,PC-EQ-06,2024-01-06 00:00:00,Correctiva,3.4,1,Ninguno (solo mano de obra),974.0,PC
OT-004288,PAR-005625,PC-EQ-06,2024-01-14 00:00:00,Correctiva,1.0,3,Faja/correa,182.0,PC
OT-004289,PAR-005627,PC-EQ-06,2024-01-18 00:00:00,Preventiva,6.7,3,Faja/correa,2200.0,PC
OT-004290,PAR-005628,PC-EQ-06,2024-01-21 00:00:00,Correctiva,1.3,2,Faja/correa,1864.0,PC
OT-004291,PAR-005629,PC-EQ-06,2024-01-22 00:00:00,Correctiva,12.3,2,Ninguno (solo mano de obra),7686.0,PC
OT-004292,PAR-005630,PC-EQ-06,2024-01-23 00:00:00,Correctiva,3.6,1,Ninguno (solo mano de obra),2081.0,PC
OT-004293,PAR-005631,PC-EQ-06,2024-01-26 00:00:00,Correctiva,6.3,2,Motor eléctrico,5014.0,PC
OT-004294,PAR-005633,PC-EQ-06,2024-02-07 00:00:00,Correctiva,19.9,1,Sensor/instrumento,4413.0,PC
OT-004295,PAR-005634,PC-EQ-06,2024-02-08 00:00:00,Preventiva,13.4,1,Ninguno (solo mano de obra),1577.0,PC
OT-004296,PAR-005636,PC-EQ-06,2024-02-27 00:00:00,Preventiva,4.7,1,Ninguno (solo mano de obra),270.0,PC
OT-004297,PAR-005637,PC-EQ-06,2024-03-02 00:00:00,Correctiva,0.5,2,Sello mecánico,1059.0,PC
OT-004298,PAR-005639,PC-EQ-06,2024-03-08 00:00:00,Correctiva,12.7,2,Sello mecánico,5311.0,PC
OT-004299,PAR-005640,PC-EQ-06,2024-03-13 00:00:00,Correctiva,0.8,1,Sello mecánico,507.0,PC
OT-004300,PAR-005641,PC-EQ-06,2024-03-21 00:00:00,Preventiva,6.0,3,Sensor/instrumento,335.0,PC
OT-004301,PAR-005642,PC-EQ-06,2024-03-22 00:00:00,Correctiva,10.3,2,Faja/correa,2304.0,PC
OT-004302,PAR-005643,PC-EQ-06,2024-03-26 00:00:00,Correctiva,0.5,3,Motor eléctrico,5045.0,PC
OT-004303,PAR-005644,PC-EQ-06,2024-03-28 00:00:00,Correctiva,4.0,1,Revestimiento (liner),3248.0,PC
OT-004304,PAR-005645,PC-EQ-06,2024-04-06 00:00:00,Preventiva,4.7,3,Sensor/instrumento,1371.0,PC
OT-004305,PAR-005648,PC-EQ-06,2024-04-25 00:00:00,Correctiva,14.9,3,Ninguno (solo mano de obra),1843.0,PC
OT-004306,PAR-005649,PC-EQ-06,2024-04-26 00:00:00,Correctiva,0.8,2,Ninguno (solo mano de obra),1603.0,PC
OT-004307,PAR-005650,PC-EQ-06,2024-04-28 00:00:00,Preventiva,6.6,2,Faja/correa,1982.0,PC
OT-004308,PAR-005651,PC-EQ-06,2024-04-30 00:00:00,Correctiva,4.1,2,Sello mecánico,2395.0,PC
OT-004309,PAR-005652,PC-EQ-06,2024-05-02 00:00:00,Correctiva,10.2,2,Motor eléctrico,1629.0,PC
OT-004310,PAR-005653,PC-EQ-06,2024-05-06 00:00:00,Correctiva,28.0,1,Ninguno (solo mano de obra),3185.0,PC
OT-004311,PAR-005654,PC-EQ-06,2024-05-13 00:00:00,Correctiva,5.6,2,Sensor/instrumento,5044.0,PC
OT-004312,PAR-005655,PC-EQ-06,2024-05-17 00:00:00,Preventiva,9.0,1,Faja/correa,1206.0,PC
OT-004313,PAR-005656,PC-EQ-06,2024-05-19 00:00:00,Correctiva,24.6,1,Rodamiento,5588.0,PC
OT-004314,PAR-005657,PC-EQ-06,2024-05-28 00:00:00,Correctiva,12.7,3,Faja/correa,493.0,PC
OT-004315,PAR-005658,PC-EQ-06,2024-05-30 00:00:00,Correctiva,24.3,2,Sensor/instrumento,3522.0,PC
OT-004316,PAR-005659,PC-EQ-06,2024-06-01 00:00:00,Correctiva,3.5,1,Revestimiento (liner),1945.0,PC
OT-004317,PAR-005660,PC-EQ-06,2024-06-03 00:00:00,Correctiva,4.0,1,Revestimiento (liner),1219.0,PC
OT-004318,PAR-005661,PC-EQ-06,2024-06-06 00:00:00,Correctiva,1.0,2,,5757.0,PC
OT-004319,PAR-005662,PC-EQ-06,2024-06-09 00:00:00,Preventiva,11.0,1,Sensor/instrumento,1194.0,PC
OT-004320,PAR-005663,PC-EQ-06,2024-06-17 00:00:00,Correctiva,9.1,1,Ninguno (solo mano de obra),6156.0,PC
OT-004321,PAR-005664,PC-EQ-06,2024-06-30 00:00:00,Correctiva,5.6,3,Revestimiento (liner),1605.0,PC
OT-004322,PAR-005665,PC-EQ-06,2024-07-01 00:00:00,Preventiva,6.7,2,Sensor/instrumento,1192.0,PC
OT-004323,PAR-005666,PC-EQ-06,2024-07-04 00:00:00,Correctiva,17.1,1,Revestimiento (liner),2430.0,PC
OT-004324,PAR-005668,PC-EQ-06,2024-07-13 00:00:00,Correctiva,10.5,1,Motor eléctrico,5763.0,PC
OT-004325,PAR-005669,PC-EQ-06,2024-07-18 00:00:00,Correctiva,9.6,1,Sensor/instrumento,1946.0,PC
OT-004326,PAR-005670,PC-EQ-06,2024-07-20 00:00:00,Preventiva,9.5,2,Ninguno (solo mano de obra),1402.0,PC
OT-004327,PAR-005672,PC-EQ-06,2024-07-22 00:00:00,Correctiva,10.3,2,Ninguno (solo mano de obra),7281.0,PC
OT-004328,PAR-005673,PC-EQ-06,2024-07-28 00:00:00,Correctiva,19.3,2,Rodamiento,1261.0,PC
OT-004329,PAR-005675,PC-EQ-06,2024-08-04 00:00:00,Preventiva,7.7,2,Sello mecánico,1471.0,PC
OT-004330,PAR-005677,PC-EQ-06,2024-08-11 00:00:00,Correctiva,26.6,2,Motor eléctrico,7291.0,PC
OT-004331,PAR-005678,PC-EQ-06,2024-08-18 00:00:00,Preventiva,8.3,1,Rodamiento,2229.0,PC
OT-004332,PAR-005679,PC-EQ-06,2024-08-21 00:00:00,Correctiva,11.2,1,Motor eléctrico,6381.0,PC
OT-004333,PAR-005681,PC-EQ-06,2024-08-24 00:00:00,Correctiva,7.1,3,Motor eléctrico,1187.0,PC
OT-004334,PAR-005682,PC-EQ-06,2024-09-06 00:00:00,Preventiva,7.0,1,Revestimiento (liner),822.0,PC
OT-004335,PAR-005684,PC-EQ-06,2024-09-09 00:00:00,Correctiva,5.2,3,Sello mecánico,4511.0,PC
OT-004336,PAR-005685,PC-EQ-06,2024-09-13 00:00:00,Correctiva,1.3,2,Sensor/instrumento,1264.0,PC
OT-004337,PAR-005686,PC-EQ-06,2024-09-23 00:00:00,Correctiva,29.2,2,Rodamiento,6856.0,PC
OT-004338,PAR-005687,PC-EQ-06,2024-09-26 00:00:00,Correctiva,1.8,2,Motor eléctrico,5926.0,PC
OT-004339,PAR-005688,PC-EQ-06,2024-09-29 00:00:00,Preventiva,9.5,1,Rodamiento,1149.0,PC
OT-004340,PAR-005690,PC-EQ-06,2024-10-17 00:00:00,Preventiva,3.6,1,Faja/correa,415.0,PC
OT-004341,PAR-005691,PC-EQ-06,2024-10-18 00:00:00,Correctiva,25.8,3,Sello mecánico,7626.0,PC
OT-004342,PAR-005692,PC-EQ-06,2024-10-20 00:00:00,Correctiva,2.8,3,Sensor/instrumento,3019.0,PC
OT-004343,PAR-005694,PC-EQ-06,2024-11-08 00:00:00,Preventiva,3.9,2,Faja/correa,414.0,PC
OT-004344,PAR-005695,PC-EQ-06,2024-11-12 00:00:00,Correctiva,1.4,3,Revestimiento (liner),5216.0,PC
OT-004345,PAR-005696,PC-EQ-06,2024-11-18 00:00:00,Correctiva,10.3,3,Sello mecánico,4928.0,PC
OT-004346,PAR-005697,PC-EQ-06,2024-11-30 00:00:00,Preventiva,5.6,3,Revestimiento (liner),592.0,PC
OT-004347,PAR-005698,PC-EQ-06,2024-12-02 00:00:00,Correctiva,27.9,2,Sello mecánico,4641.0,PC
OT-004348,PAR-005699,PC-EQ-06,2024-12-07 00:00:00,Correctiva,8.8,2,Sello mecánico,167.0,PC
OT-004349,PAR-005700,PC-EQ-06,2024-12-12 00:00:00,Correctiva,31.8,2,Ninguno (solo mano de obra),6805.0,PC
OT-004350,PAR-005701,PC-EQ-06,2024-12-14 00:00:00,Correctiva,1.1,1,Sello mecánico,3403.0,PC
OT-004351,PAR-005702,PC-EQ-06,2024-12-15 00:00:00,Preventiva,7.6,3,Revestimiento (liner),1219.0,PC
OT-004352,PAR-005704,PC-EQ-06,2024-12-27 00:00:00,Correctiva,3.5,2,Sello mecánico,5746.0,PC
OT-004353,PAR-005705,PC-EQ-06,2024-12-30 00:00:00,Preventiva,8.4,1,Faja/correa,412.0,PC
OT-004354,PAR-005706,PC-EQ-06,2025-01-15 00:00:00,Correctiva,23.3,2,Ninguno (solo mano de obra),3523.0,PC
OT-004355,PAR-005707,PC-EQ-06,2025-01-17 00:00:00,Correctiva,1.8,3,Ninguno (solo mano de obra),6273.0,PC
OT-004356,PAR-005708,PC-EQ-06,2025-01-20 00:00:00,Preventiva,6.3,1,Sello mecánico,346.0,PC
OT-004357,PAR-005709,PC-EQ-06,2025-02-04 00:00:00,Correctiva,9.6,3,Ninguno (solo mano de obra),2580.0,PC
OT-004358,PAR-005710,PC-EQ-06,2025-02-08 00:00:00,Preventiva,9.1,3,Sensor/instrumento,540.0,PC
OT-004359,PAR-005711,PC-EQ-06,2025-02-22 00:00:00,Preventiva,7.1,1,Revestimiento (liner),1424.0,PC
OT-004360,PAR-005712,PC-EQ-06,2025-02-25 00:00:00,Correctiva,6.7,3,Sensor/instrumento,2027.0,PC
OT-004361,PAR-005715,PC-EQ-06,2025-03-01 00:00:00,Correctiva,7.9,3,Sensor/instrumento,4386.0,PC
OT-004362,PAR-005716,PC-EQ-06,2025-03-07 00:00:00,Correctiva,4.3,3,Revestimiento (liner),4833.0,PC
OT-004363,PAR-005717,PC-EQ-06,2025-03-10 00:00:00,Correctiva,18.9,3,Sensor/instrumento,3191.0,PC
OT-004364,PAR-005718,PC-EQ-06,2025-03-15 00:00:00,Preventiva,10.4,2,Ninguno (solo mano de obra),760.0,PC
OT-004365,PAR-005719,PC-EQ-06,2025-03-20 00:00:00,Correctiva,8.6,2,Revestimiento (liner),2643.0,PC
OT-004366,PAR-005720,PC-EQ-06,2025-03-24 00:00:00,Correctiva,1.3,3,Motor eléctrico,2206.0,PC
OT-004367,PAR-005723,PC-EQ-06,2025-03-30 00:00:00,Preventiva,9.1,2,,2128.0,PC
OT-004368,PAR-005724,PC-EQ-06,2025-03-31 00:00:00,Correctiva,2.5,3,Revestimiento (liner),3094.0,PC
OT-004369,PAR-005729,PC-EQ-06,2025-04-15 00:00:00,Correctiva,2.2,2,Motor eléctrico,6418.0,PC
OT-004370,PAR-005730,PC-EQ-06,2025-04-16 00:00:00,Correctiva,5.5,1,Ninguno (solo mano de obra),3237.0,PC
OT-004371,PAR-005731,PC-EQ-06,2025-04-20 00:00:00,Correctiva,17.4,1,Sensor/instrumento,4574.0,PC
OT-004372,PAR-005732,PC-EQ-06,2025-04-22 00:00:00,Preventiva,12.0,3,Motor eléctrico,1005.0,PC
OT-004373,PAR-005734,PC-EQ-06,2025-05-06 00:00:00,Preventiva,8.9,1,Faja/correa,1667.0,PC
OT-004374,PAR-005737,PC-EQ-06,2025-05-13 00:00:00,Correctiva,20.4,1,Faja/correa,7012.0,PC
OT-004375,PAR-005739,PC-EQ-06,2025-05-22 00:00:00,Correctiva,1.5,1,Ninguno (solo mano de obra),1525.0,PC
OT-004376,PAR-005740,PC-EQ-06,2025-05-24 00:00:00,Preventiva,9.4,1,Motor eléctrico,2475.0,PC
OT-004377,PAR-005741,PC-EQ-06,2025-05-27 00:00:00,Correctiva,7.7,1,Sensor/instrumento,4113.0,PC
OT-004378,PAR-005742,PC-EQ-06,2025-06-04 00:00:00,Correctiva,6.1,2,Motor eléctrico,1178.0,PC
OT-004379,PAR-005743,PC-EQ-06,2025-06-16 00:00:00,Preventiva,6.0,1,Ninguno (solo mano de obra),614.0,PC
OT-004380,PAR-005745,PC-EQ-06,2025-06-30 00:00:00,Preventiva,8.1,2,Faja/correa,1831.0,PC
OT-004381,PAR-005747,PC-EQ-06,2025-07-08 00:00:00,Correctiva,17.1,1,Motor eléctrico,7444.0,PC
OT-004382,PAR-005750,PC-EQ-06,2025-07-21 00:00:00,Preventiva,8.5,2,Rodamiento,1428.0,PC
OT-004383,PAR-005752,PC-EQ-06,2025-07-23 00:00:00,Correctiva,4.4,3,Motor eléctrico,2263.0,PC
OT-004384,PAR-005753,PC-EQ-06,2025-07-26 00:00:00,Correctiva,29.5,3,Faja/correa,7473.0,PC
OT-004385,PAR-005754,PC-EQ-06,2025-07-28 00:00:00,Correctiva,0.9,1,Revestimiento (liner),3414.0,PC
OT-004386,PAR-005755,PC-EQ-06,2025-08-06 00:00:00,Correctiva,8.9,2,Faja/correa,1856.0,PC
OT-004387,PAR-005756,PC-EQ-06,2025-08-07 00:00:00,Preventiva,7.7,2,Faja/correa,990.0,PC
OT-004388,PAR-005757,PC-EQ-06,2025-08-14 00:00:00,Correctiva,3.4,1,Revestimiento (liner),7165.0,PC
OT-004389,PAR-005758,PC-EQ-06,2025-08-18 00:00:00,Correctiva,5.1,1,Faja/correa,2080.0,PC
OT-004390,PAR-005759,PC-EQ-06,2025-08-21 00:00:00,Correctiva,5.2,2,,7496.0,PC
OT-004391,PAR-005760,PC-EQ-06,2025-08-24 00:00:00,Correctiva,3.5,3,Motor eléctrico,3243.0,PC
OT-004392,PAR-005761,PC-EQ-06,2025-08-26 00:00:00,Preventiva,5.6,2,Rodamiento,2039.0,PC
OT-004393,PAR-005762,PC-EQ-06,2025-09-06 00:00:00,Correctiva,4.3,3,Sensor/instrumento,1305.0,PC
OT-004394,PAR-005763,PC-EQ-06,2025-09-16 00:00:00,Preventiva,9.0,3,Rodamiento,1852.0,PC
OT-004395,PAR-005764,PC-EQ-06,2025-09-19 00:00:00,Correctiva,15.2,2,Ninguno (solo mano de obra),4851.0,PC
OT-004396,PAR-005765,PC-EQ-06,2025-09-23 00:00:00,Correctiva,11.5,3,Rodamiento,1115.0,PC
OT-004397,PAR-005767,PC-EQ-06,2025-10-02 00:00:00,Correctiva,2.6,2,Ninguno (solo mano de obra),5964.0,PC
OT-004398,PAR-005768,PC-EQ-06,2025-10-05 00:00:00,Preventiva,7.6,2,Sensor/instrumento,2391.0,PC
OT-004399,PAR-005770,PC-EQ-06,2025-10-11 00:00:00,Correctiva,23.1,3,Faja/correa,3131.0,PC
OT-004400,PAR-005771,PC-EQ-06,2025-10-14 00:00:00,Correctiva,1.7,2,Sello mecánico,5324.0,PC
OT-004401,PAR-005772,PC-EQ-06,2025-10-19 00:00:00,Correctiva,1.2,2,Revestimiento (liner),4020.0,PC
OT-004402,PAR-005773,PC-EQ-06,2025-10-22 00:00:00,Preventiva,8.8,1,Ninguno (solo mano de obra),2486.0,PC
OT-004403,PAR-005774,PC-EQ-06,2025-10-23 00:00:00,Correctiva,6.9,2,Revestimiento (liner),5444.0,PC
OT-004404,PAR-005775,PC-EQ-06,2025-10-28 00:00:00,Correctiva,4.2,2,,5320.0,PC
OT-004405,PAR-005776,PC-EQ-06,2025-10-29 00:00:00,Correctiva,13.3,3,Faja/correa,3371.0,PC
OT-004406,PAR-005777,PC-EQ-06,2025-10-30 00:00:00,Correctiva,20.5,2,Ninguno (solo mano de obra),6744.0,PC
OT-004407,PAR-005778,PC-EQ-06,2025-11-09 00:00:00,Correctiva,3.5,3,Sello mecánico,3621.0,PC
OT-004408,PAR-005779,PC-EQ-06,2025-11-11 00:00:00,Preventiva,3.6,3,Ninguno (solo mano de obra),449.0,PC
OT-004409,PAR-005781,PC-EQ-06,2025-11-23 00:00:00,Correctiva,2.0,1,Faja/correa,2381.0,PC
OT-004410,PAR-005782,PC-EQ-06,2025-11-27 00:00:00,Preventiva,7.6,2,Faja/correa,372.0,PC
OT-004411,PAR-005783,PC-EQ-06,2025-12-03 00:00:00,Correctiva,12.7,1,Sensor/instrumento,6475.0,PC
OT-004412,PAR-005784,PC-EQ-06,2025-12-07 00:00:00,Correctiva,26.7,3,Rodamiento,4864.0,PC
OT-004413,PAR-005785,PC-EQ-06,2025-12-08 00:00:00,Correctiva,26.8,2,Rodamiento,2343.0,PC
OT-004414,PAR-005786,PC-EQ-06,2025-12-11 00:00:00,Preventiva,7.9,3,Ninguno (solo mano de obra),456.0,PC
OT-004415,PAR-005787,PC-EQ-06,2025-12-27 00:00:00,Preventiva,9.3,1,Rodamiento,655.0,PC
OT-004416,PAR-005788,PC-EQ-06,2026-01-03 00:00:00,Correctiva,13.8,1,Rodamiento,3436.0,PC
OT-004417,PAR-005789,PC-EQ-06,2026-01-07 00:00:00,Correctiva,9.4,1,Ninguno (solo mano de obra),3054.0,PC
OT-004418,PAR-005790,PC-EQ-06,2026-01-15 00:00:00,Preventiva,6.9,3,Ninguno (solo mano de obra),1918.0,PC
OT-004419,PAR-005791,PC-EQ-06,2026-01-15 00:00:00,Correctiva,11.1,1,Ninguno (solo mano de obra),3608.0,PC
OT-004420,PAR-005794,PC-EQ-06,2026-01-29 00:00:00,Correctiva,0.6,2,Sello mecánico,263.0,PC
OT-004421,PAR-005795,PC-EQ-06,2026-02-03 00:00:00,Correctiva,3.3,3,Rodamiento,876.0,PC
OT-004422,PAR-005796,PC-EQ-06,2026-02-05 00:00:00,Preventiva,5.7,1,Rodamiento,2174.0,PC
OT-004423,PAR-005797,PC-EQ-06,2026-02-07 00:00:00,Correctiva,14.3,2,Faja/correa,2226.0,PC
OT-004424,PAR-005799,PC-EQ-06,2026-02-09 00:00:00,Correctiva,15.3,2,Ninguno (solo mano de obra),2997.0,PC
OT-004425,PAR-005800,PC-EQ-06,2026-02-11 00:00:00,Correctiva,21.6,1,Motor eléctrico,2274.0,PC
OT-004426,PAR-005802,PC-EQ-06,2026-02-16 00:00:00,Correctiva,4.4,2,Revestimiento (liner),637.0,PC
OT-004427,PAR-005803,PC-EQ-06,2026-02-23 00:00:00,Preventiva,4.2,3,Ninguno (solo mano de obra),295.0,PC
OT-004428,PAR-005804,PC-EQ-06,2026-02-26 00:00:00,Correctiva,3.4,3,Rodamiento,6853.0,PC
OT-004429,PAR-005805,PC-EQ-06,2026-03-02 00:00:00,Correctiva,15.6,2,Revestimiento (liner),5792.0,PC
OT-004430,PAR-005806,PC-EQ-06,2026-03-03 00:00:00,Correctiva,8.6,3,Ninguno (solo mano de obra),2122.0,PC
OT-004431,PAR-005808,PC-EQ-06,2026-03-09 00:00:00,Preventiva,7.2,2,Revestimiento (liner),1212.0,PC
OT-004432,PAR-005809,PC-EQ-06,2026-03-11 00:00:00,Correctiva,13.7,1,Faja/correa,4259.0,PC
OT-004433,PAR-005810,PC-EQ-06,2026-03-13 00:00:00,Correctiva,6.6,2,Sello mecánico,2348.0,PC
OT-004434,PAR-005811,PC-EQ-06,2026-03-18 00:00:00,Correctiva,4.2,3,Sensor/instrumento,7297.0,PC
OT-004435,PAR-005812,PC-EQ-06,2026-03-25 00:00:00,Preventiva,6.7,1,Motor eléctrico,1556.0,PC
OT-004436,PAR-005813,PC-EQ-06,2026-03-25 00:00:00,Correctiva,1.9,2,Ninguno (solo mano de obra),1991.0,PC
OT-004437,PAR-005814,PC-EQ-06,2026-03-30 00:00:00,Correctiva,13.5,3,Ninguno (solo mano de obra),5373.0,PC
OT-004438,PAR-005816,PC-EQ-06,2026-04-11 00:00:00,Preventiva,8.1,2,Revestimiento (liner),1787.0,PC
OT-004439,PAR-005817,PC-EQ-06,2026-04-16 00:00:00,Correctiva,8.4,3,Ninguno (solo mano de obra),7308.0,PC
OT-004440,PAR-005818,PC-EQ-06,2026-04-21 00:00:00,Correctiva,25.3,1,Ninguno (solo mano de obra),6991.0,PC
OT-004441,PAR-005819,PC-EQ-06,2026-04-22 00:00:00,Correctiva,14.5,3,Ninguno (solo mano de obra),6478.0,PC
OT-004442,PAR-005821,PC-EQ-06,2026-04-27 00:00:00,Preventiva,5.5,3,Faja/correa,69.0,PC
OT-004443,PAR-005822,PC-EQ-06,2026-04-28 00:00:00,Correctiva,5.8,2,Revestimiento (liner),3374.0,PC
OT-004444,PAR-005824,PC-EQ-06,2026-05-20 00:00:00,Preventiva,10.8,3,Ninguno (solo mano de obra),2393.0,PC
OT-004445,PAR-005825,PC-EQ-06,2026-05-21 00:00:00,Correctiva,0.8,3,Motor eléctrico,576.0,PC
OT-004446,PAR-005826,PC-EQ-06,2026-05-25 00:00:00,Correctiva,25.2,3,Ninguno (solo mano de obra),5107.0,PC
OT-004447,PAR-005827,PC-EQ-06,2026-05-26 00:00:00,Correctiva,14.2,2,Rodamiento,1714.0,PC
OT-004448,PAR-005828,PC-EQ-06,2026-05-28 00:00:00,Correctiva,9.6,3,Revestimiento (liner),3383.0,PC
OT-004449,PAR-005829,PC-EQ-06,2026-06-01 00:00:00,Correctiva,3.1,1,Faja/correa,6281.0,PC
OT-004450,PAR-005830,PC-EQ-06,2026-06-04 00:00:00,Preventiva,8.1,1,Ninguno (solo mano de obra),529.0,PC
OT-004451,PAR-005831,PC-EQ-06,2026-06-08 00:00:00,Correctiva,8.6,1,Motor eléctrico,3738.0,PC
OT-004452,PAR-005832,PC-EQ-06,2026-06-11 00:00:00,Correctiva,1.2,1,Rodamiento,7875.0,PC
OT-004453,PAR-005833,PC-EQ-06,2026-06-24 00:00:00,Preventiva,10.6,1,Revestimiento (liner),1004.0,PC
OT-004454,PAR-005834,PC-EQ-06,2026-06-25 00:00:00,Correctiva,9.9,1,Ninguno (solo mano de obra),4960.0,PC
OT-004455,PAR-005835,PC-EQ-06,2026-06-29 00:00:00,Correctiva,13.8,1,Motor eléctrico,3484.0,PC
OT-004456,PAR-005836,PC-EQ-06,2026-07-01 00:00:00,Correctiva,1.3,1,Revestimiento (liner),3417.0,PC
OT-004457,PAR-005838,PC-EQ-06,2026-07-17 00:00:00,Preventiva,7.1,1,Motor eléctrico,2422.0,PC
OT-004458,PAR-005839,PC-EQ-06,2026-07-18 00:00:00,Correctiva,5.2,2,Sensor/instrumento,5429.0,PC
OT-004459,PAR-005841,PC-EQ-06,2026-07-21 00:00:00,Correctiva,4.5,2,Revestimiento (liner),7083.0,PC
OT-004460,PAR-005842,PC-EQ-06,2026-07-24 00:00:00,Correctiva,14.7,2,Motor eléctrico,5952.0,PC
OT-004461,PAR-005843,PC-EQ-06,2026-07-31 00:00:00,Preventiva,8.0,2,Revestimiento (liner),1315.0,PC
OT-004462,PAR-005844,PC-EQ-06,2026-08-04 00:00:00,Correctiva,2.5,2,Rodamiento,5634.0,PC
OT-004463,PAR-005845,PC-EQ-06,2026-08-12 00:00:00,Correctiva,1.7,3,Revestimiento (liner),124.0,PC
OT-004464,PAR-005847,PC-EQ-06,2026-08-17 00:00:00,Correctiva,13.4,3,Motor eléctrico,4619.0,PC
OT-004465,PAR-005848,PC-EQ-06,2026-08-18 00:00:00,Correctiva,3.6,3,Ninguno (solo mano de obra),5445.0,PC
OT-004466,PAR-005849,PC-EQ-06,2026-08-20 00:00:00,Preventiva,6.8,2,Sello mecánico,135.0,PC
OT-004467,PAR-005850,PC-EQ-06,2026-08-20 00:00:00,Correctiva,27.2,1,Faja/correa,6436.0,PC
OT-004468,PAR-005851,PC-EQ-06,2026-08-29 00:00:00,Correctiva,0.6,3,Rodamiento,185.0,PC
OT-004469,PAR-005852,PC-EQ-06,2026-09-02 00:00:00,Correctiva,19.0,1,,1673.0,PC
OT-004470,PAR-005853,PC-EQ-06,2026-09-04 00:00:00,Preventiva,7.9,2,Ninguno (solo mano de obra),1982.0,PC
OT-004471,PAR-005854,PC-EQ-06,2026-09-10 00:00:00,Correctiva,12.1,2,Ninguno (solo mano de obra),4906.0,PC
OT-004472,PAR-005855,PC-EQ-06,2026-09-21 00:00:00,Correctiva,9.4,3,Revestimiento (liner),7427.0,PC
OT-004473,PAR-005856,PC-EQ-06,2026-09-23 00:00:00,Preventiva,9.7,1,Motor eléctrico,1858.0,PC
OT-004474,PAR-005857,PC-EQ-06,2026-09-28 00:00:00,Correctiva,25.4,2,,2871.0,PC
OT-004475,PAR-005858,PC-EQ-06,2026-10-10 00:00:00,Correctiva,8.7,1,Motor eléctrico,7840.0,PC
OT-004476,PAR-005859,PC-EQ-06,2026-10-14 00:00:00,Preventiva,6.6,3,Motor eléctrico,2400.0,PC
OT-004477,PAR-005860,PC-EQ-06,2026-10-24 00:00:00,Correctiva,5.5,3,Sensor/instrumento,3860.0,PC
OT-004478,PAR-005861,PC-EQ-06,2026-10-25 00:00:00,Correctiva,0.6,3,Rodamiento,5744.0,PC
OT-004479,PAR-005862,PC-EQ-06,2026-11-01 00:00:00,Correctiva,3.2,2,Ninguno (solo mano de obra),3780.0,PC
OT-004480,PAR-005863,PC-EQ-06,2026-11-04 00:00:00,Preventiva,6.9,1,Sensor/instrumento,1555.0,PC
OT-004481,PAR-005864,PC-EQ-06,2026-11-12 00:00:00,Correctiva,4.3,3,Motor eléctrico,4386.0,PC
OT-004482,PAR-005865,PC-EQ-06,2026-11-14 00:00:00,Correctiva,9.8,3,Faja/correa,476.0,PC
OT-004483,PAR-005866,PC-EQ-06,2026-11-19 00:00:00,Preventiva,4.4,2,Sensor/instrumento,1847.0,PC
OT-004484,PAR-005867,PC-EQ-06,2026-11-23 00:00:00,Correctiva,17.0,3,Revestimiento (liner),376.0,PC
OT-004485,PAR-005868,PC-EQ-06,2026-12-05 00:00:00,Correctiva,3.7,3,Motor eléctrico,2952.0,PC
OT-004486,PAR-005869,PC-EQ-06,2026-12-11 00:00:00,Preventiva,7.3,2,Ninguno (solo mano de obra),1386.0,PC
OT-004487,PAR-005871,PC-EQ-06,2026-12-16 00:00:00,Correctiva,3.5,3,Sensor/instrumento,689.0,PC
OT-004488,PAR-005873,PC-EQ-06,2026-12-20 00:00:00,Correctiva,9.8,1,Ninguno (solo mano de obra),1049.0,PC
OT-004489,PAR-005875,PC-EQ-06,2026-12-23 00:00:00,Correctiva,3.0,3,Revestimiento (liner),4594.0,PC
OT-004490,PAR-005876,PC-EQ-06,2026-12-24 00:00:00,Correctiva,8.2,2,Sello mecánico,7068.0,PC
OT-004491,PAR-005877,PC-EQ-06,2026-12-26 00:00:00,Preventiva,6.4,1,Revestimiento (liner),398.0,PC
OT-004492,PAR-005879,PC-EQ-06,2027-01-04 00:00:00,Correctiva,0.6,3,Motor eléctrico,1783.0,PC
OT-004493,PAR-005880,PC-EQ-06,2027-01-14 00:00:00,Preventiva,5.0,3,Ninguno (solo mano de obra),849.0,PC
OT-004494,PAR-005882,PC-EQ-06,2027-01-17 00:00:00,Correctiva,11.1,2,Revestimiento (liner),1611.0,PC
OT-004495,PAR-005884,PC-EQ-06,2027-01-20 00:00:00,Correctiva,8.4,2,Sello mecánico,2906.0,PC
OT-004496,PAR-005885,PC-EQ-06,2027-01-21 00:00:00,Correctiva,14.0,3,Motor eléctrico,7447.0,PC
OT-004497,PAR-005886,PC-EQ-06,2027-01-25 00:00:00,Correctiva,2.2,1,Motor eléctrico,508.0,PC
OT-004498,PAR-005887,PC-EQ-06,2027-01-28 00:00:00,Correctiva,5.2,2,Motor eléctrico,4492.0,PC
OT-004499,PAR-005888,PC-EQ-06,2027-01-29 00:00:00,Preventiva,5.3,3,Faja/correa,91.0,PC
OT-004500,PAR-005890,PC-EQ-06,2027-02-02 00:00:00,Correctiva,1.5,2,Rodamiento,3868.0,PC
OT-004501,PAR-005893,PC-EQ-06,2027-02-14 00:00:00,Preventiva,12.3,2,Ninguno (solo mano de obra),66.0,PC
OT-004502,PAR-005895,PC-EQ-06,2027-03-02 00:00:00,Preventiva,5.9,3,Rodamiento,80.0,PC
OT-004503,PAR-005896,PC-EQ-06,2027-03-02 00:00:00,Correctiva,13.6,2,,1967.0,PC
OT-004504,PAR-005898,PC-EQ-06,2027-03-21 00:00:00,Correctiva,0.5,2,Motor eléctrico,3310.0,PC
OT-004505,PAR-005899,PC-EQ-06,2027-03-24 00:00:00,Preventiva,12.3,3,Motor eléctrico,1805.0,PC
OT-004506,PAR-005901,PC-EQ-06,2027-03-30 00:00:00,Correctiva,6.2,1,Faja/correa,6176.0,PC
OT-004507,PAR-005902,PC-EQ-06,2027-03-31 00:00:00,Correctiva,19.9,3,Revestimiento (liner),6147.0,PC
OT-004508,PAR-005903,PC-EQ-06,2027-04-07 00:00:00,Correctiva,21.4,2,Revestimiento (liner),5163.0,PC
OT-004509,PAR-005904,PC-EQ-06,2027-04-08 00:00:00,Correctiva,1.2,2,Faja/correa,3442.0,PC
OT-004510,PAR-005906,PC-EQ-06,2027-04-15 00:00:00,Preventiva,6.0,3,Sensor/instrumento,1369.0,PC
OT-004511,PAR-005907,PC-EQ-06,2027-04-20 00:00:00,Correctiva,7.4,2,Rodamiento,1361.0,PC
OT-004512,PAR-005908,PC-EQ-06,2027-04-21 00:00:00,Correctiva,3.3,2,,6546.0,PC
OT-004513,PAR-005909,PC-EQ-06,2027-04-30 00:00:00,Preventiva,7.4,1,Revestimiento (liner),487.0,PC
OT-004514,PAR-005910,PC-EQ-06,2027-05-05 00:00:00,Correctiva,10.6,1,Revestimiento (liner),7534.0,PC
OT-004515,PAR-005912,PC-EQ-06,2027-05-21 00:00:00,Preventiva,10.5,1,Faja/correa,1332.0,PC
OT-004516,PAR-005914,PC-EQ-06,2027-05-31 00:00:00,Correctiva,0.8,2,Sello mecánico,4680.0,PC
OT-004517,PAR-005916,PC-EQ-06,2027-06-05 00:00:00,Correctiva,2.9,3,Sello mecánico,5740.0,PC
OT-004518,PAR-005917,PC-EQ-06,2027-06-09 00:00:00,Preventiva,4.0,2,Sello mecánico,332.0,PC
OT-004519,PAR-005918,PC-EQ-06,2027-06-15 00:00:00,Correctiva,15.3,1,Motor eléctrico,7695.0,PC
OT-004520,PAR-005919,PC-EQ-06,2027-06-30 00:00:00,Preventiva,5.8,2,Revestimiento (liner),2064.0,PC
OT-004521,PAR-005921,PC-EQ-06,2027-07-08 00:00:00,Correctiva,1.7,1,Faja/correa,5947.0,PC
OT-004522,PAR-005922,PC-EQ-06,2027-07-15 00:00:00,Preventiva,8.4,1,Motor eléctrico,873.0,PC
OT-004523,PAR-005923,PC-EQ-06,2027-07-17 00:00:00,Correctiva,21.0,3,Faja/correa,5123.0,PC
OT-004524,PAR-005924,PC-EQ-06,2027-07-18 00:00:00,Correctiva,4.1,1,Sello mecánico,2631.0,PC
OT-004525,PAR-005925,PC-EQ-06,2027-07-24 00:00:00,Correctiva,7.9,1,Sensor/instrumento,2109.0,PC
OT-004526,PAR-005926,PC-EQ-06,2027-07-31 00:00:00,Correctiva,2.5,3,Sensor/instrumento,3212.0,PC
OT-004527,PAR-005927,PC-EQ-06,2027-08-04 00:00:00,Correctiva,15.0,1,Sello mecánico,3407.0,PC
OT-004528,PAR-005928,PC-EQ-06,2027-08-07 00:00:00,Preventiva,9.4,2,Motor eléctrico,910.0,PC
OT-004529,PAR-005929,PC-EQ-06,2027-08-11 00:00:00,Correctiva,20.0,1,Revestimiento (liner),5431.0,PC
OT-004530,PAR-005930,PC-EQ-06,2027-08-12 00:00:00,Correctiva,7.2,1,Rodamiento,130.0,PC
OT-004531,PAR-005931,PC-EQ-06,2027-08-18 00:00:00,Correctiva,0.5,1,Motor eléctrico,5666.0,PC
OT-004532,PAR-005932,PC-EQ-06,2027-08-20 00:00:00,Correctiva,7.7,2,Sello mecánico,2747.0,PC
OT-004533,PAR-005933,PC-EQ-06,2027-08-23 00:00:00,Correctiva,4.5,3,Sensor/instrumento,1140.0,PC
OT-004534,PAR-005934,PC-EQ-06,2027-08-28 00:00:00,Preventiva,7.1,3,Rodamiento,1041.0,PC
OT-004535,PAR-005935,PC-EQ-06,2027-08-28 00:00:00,Correctiva,8.1,2,Ninguno (solo mano de obra),4191.0,PC
OT-004536,PAR-005937,PC-EQ-06,2027-09-02 00:00:00,Correctiva,8.2,3,Motor eléctrico,6319.0,PC
OT-004537,PAR-005938,PC-EQ-06,2027-09-10 00:00:00,Correctiva,28.4,3,Sello mecánico,6433.0,PC
OT-004538,PAR-005939,PC-EQ-06,2027-09-11 00:00:00,Preventiva,9.3,1,Sello mecánico,1461.0,PC
OT-004539,PAR-005940,PC-EQ-06,2027-09-12 00:00:00,Correctiva,14.4,3,Rodamiento,1157.0,PC
OT-004540,PAR-005943,PC-EQ-06,2027-10-01 00:00:00,Preventiva,9.1,3,Motor eléctrico,1955.0,PC
OT-004541,PAR-005944,PC-EQ-06,2027-10-02 00:00:00,Correctiva,2.4,1,Faja/correa,2807.0,PC
OT-004542,PAR-005945,PC-EQ-06,2027-10-03 00:00:00,Correctiva,0.6,2,Motor eléctrico,7251.0,PC
OT-004543,PAR-005947,PC-EQ-06,2027-10-17 00:00:00,Preventiva,6.8,3,Revestimiento (liner),1701.0,PC
OT-004544,PAR-005948,PC-EQ-06,2027-10-27 00:00:00,Correctiva,17.3,1,Motor eléctrico,2615.0,PC
OT-004545,PAR-005950,PC-EQ-06,2027-11-01 00:00:00,Preventiva,12.4,1,Motor eléctrico,739.0,PC
OT-004546,PAR-005951,PC-EQ-06,2027-11-01 00:00:00,Correctiva,11.8,1,Sensor/instrumento,4222.0,PC
OT-004547,PAR-005954,PC-EQ-06,2027-11-18 00:00:00,Correctiva,2.8,3,Sensor/instrumento,3800.0,PC
OT-004548,PAR-005956,PC-EQ-06,2027-11-22 00:00:00,Correctiva,11.9,1,Faja/correa,9.0,PC
OT-004549,PAR-005957,PC-EQ-06,2027-11-23 00:00:00,Preventiva,11.3,1,Ninguno (solo mano de obra),2420.0,PC
OT-004550,PAR-005959,PC-EQ-06,2027-11-29 00:00:00,Correctiva,5.4,1,Faja/correa,649.0,PC
OT-004551,PAR-005960,PC-EQ-06,2027-12-05 00:00:00,Correctiva,3.8,3,Ninguno (solo mano de obra),5398.0,PC
OT-004552,PAR-005962,PC-EQ-06,2027-12-09 00:00:00,Preventiva,6.3,2,Sensor/instrumento,337.0,PC
OT-004553,PAR-005964,PC-EQ-06,2027-12-18 00:00:00,Correctiva,10.2,3,Sello mecánico,1298.0,PC
OT-004554,PAR-005965,PC-EQ-06,2027-12-26 00:00:00,Preventiva,7.5,1,Sello mecánico,809.0,PC
OT-004555,PAR-005967,PC-EQ-07,2024-01-21 00:00:00,Correctiva,1.3,3,Faja/correa,5867.0,PC
OT-004556,PAR-005968,PC-EQ-07,2024-01-22 00:00:00,Preventiva,9.2,2,Revestimiento (liner),2279.0,PC
OT-004557,PAR-005970,PC-EQ-07,2024-02-14 00:00:00,Preventiva,4.0,3,Motor eléctrico,663.0,PC
OT-004558,PAR-005971,PC-EQ-07,2024-02-17 00:00:00,Correctiva,3.3,2,Sello mecánico,1970.0,PC
OT-004559,PAR-005972,PC-EQ-07,2024-03-04 00:00:00,Preventiva,7.2,1,Faja/correa,395.0,PC
OT-004560,PAR-005973,PC-EQ-07,2024-03-07 00:00:00,Correctiva,0.8,1,Sello mecánico,48.0,PC
OT-004561,PAR-005974,PC-EQ-07,2024-03-10 00:00:00,Correctiva,2.9,1,Rodamiento,3348.0,PC
OT-004562,PAR-005975,PC-EQ-07,2024-03-18 00:00:00,Correctiva,3.0,2,Revestimiento (liner),6033.0,PC
OT-004563,PAR-005976,PC-EQ-07,2024-03-20 00:00:00,Preventiva,10.7,2,Sensor/instrumento,1338.0,PC
OT-004564,PAR-005977,PC-EQ-07,2024-04-08 00:00:00,Preventiva,5.3,1,Faja/correa,1488.0,PC
OT-004565,PAR-005980,PC-EQ-07,2024-04-15 00:00:00,Correctiva,15.9,3,Motor eléctrico,2948.0,PC
OT-004566,PAR-005981,PC-EQ-07,2024-04-22 00:00:00,Correctiva,4.1,3,Sensor/instrumento,1175.0,PC
OT-004567,PAR-005982,PC-EQ-07,2024-04-24 00:00:00,Preventiva,7.4,2,Faja/correa,400.0,PC
OT-004568,PAR-005983,PC-EQ-07,2024-05-06 00:00:00,Correctiva,3.7,2,Sensor/instrumento,5242.0,PC
OT-004569,PAR-005984,PC-EQ-07,2024-05-14 00:00:00,Preventiva,6.3,1,Motor eléctrico,1264.0,PC
OT-004570,PAR-005985,PC-EQ-07,2024-05-19 00:00:00,Correctiva,6.2,1,Sello mecánico,6601.0,PC
OT-004571,PAR-005986,PC-EQ-07,2024-06-03 00:00:00,Preventiva,13.1,1,Revestimiento (liner),893.0,PC
OT-004572,PAR-005988,PC-EQ-07,2024-06-11 00:00:00,Correctiva,3.2,3,Rodamiento,6475.0,PC
OT-004573,PAR-005989,PC-EQ-07,2024-06-17 00:00:00,Preventiva,7.8,2,Revestimiento (liner),1643.0,PC
OT-004574,PAR-005990,PC-EQ-07,2024-07-08 00:00:00,Preventiva,12.1,2,Rodamiento,1151.0,PC
OT-004575,PAR-005992,PC-EQ-07,2024-07-28 00:00:00,Preventiva,10.7,2,Rodamiento,820.0,PC
OT-004576,PAR-005993,PC-EQ-07,2024-07-29 00:00:00,Correctiva,0.4,3,Ninguno (solo mano de obra),107.0,PC
OT-004577,PAR-005994,PC-EQ-07,2024-08-03 00:00:00,Correctiva,2.0,1,Revestimiento (liner),4982.0,PC
OT-004578,PAR-005995,PC-EQ-07,2024-08-14 00:00:00,Preventiva,11.8,3,Sello mecánico,1349.0,PC
OT-004579,PAR-005997,PC-EQ-07,2024-08-18 00:00:00,Correctiva,13.1,3,Rodamiento,659.0,PC
OT-004580,PAR-005998,PC-EQ-07,2024-08-20 00:00:00,Correctiva,11.8,3,Ninguno (solo mano de obra),523.0,PC
OT-004581,PAR-005999,PC-EQ-07,2024-08-29 00:00:00,Preventiva,8.2,2,Sensor/instrumento,1314.0,PC
OT-004582,PAR-006000,PC-EQ-07,2024-09-02 00:00:00,Correctiva,0.5,3,Sello mecánico,1315.0,PC
OT-004583,PAR-006001,PC-EQ-07,2024-09-07 00:00:00,Correctiva,6.7,2,Faja/correa,5608.0,PC
OT-004584,PAR-006002,PC-EQ-07,2024-09-14 00:00:00,Correctiva,6.9,1,Revestimiento (liner),4288.0,PC
OT-004585,PAR-006003,PC-EQ-07,2024-09-16 00:00:00,Preventiva,8.7,2,Ninguno (solo mano de obra),1193.0,PC
OT-004586,PAR-006004,PC-EQ-07,2024-09-24 00:00:00,Correctiva,1.8,3,Ninguno (solo mano de obra),715.0,PC
OT-004587,PAR-006005,PC-EQ-07,2024-09-29 00:00:00,Correctiva,23.6,2,Rodamiento,2726.0,PC
OT-004588,PAR-006006,PC-EQ-07,2024-10-01 00:00:00,Correctiva,0.5,3,Ninguno (solo mano de obra),788.0,PC
OT-004589,PAR-006007,PC-EQ-07,2024-10-03 00:00:00,Correctiva,0.7,2,Faja/correa,3191.0,PC
OT-004590,PAR-006009,PC-EQ-07,2024-10-08 00:00:00,Preventiva,7.9,2,Sensor/instrumento,1637.0,PC
OT-004591,PAR-006010,PC-EQ-07,2024-10-14 00:00:00,Correctiva,15.1,2,Sensor/instrumento,6916.0,PC
OT-004592,PAR-006011,PC-EQ-07,2024-10-19 00:00:00,Correctiva,4.5,3,Sello mecánico,4895.0,PC
OT-004593,PAR-006012,PC-EQ-07,2024-10-23 00:00:00,Preventiva,4.4,3,Ninguno (solo mano de obra),551.0,PC
OT-004594,PAR-006014,PC-EQ-07,2024-10-24 00:00:00,Correctiva,21.4,2,Motor eléctrico,5378.0,PC
OT-004595,PAR-006015,PC-EQ-07,2024-11-15 00:00:00,Preventiva,8.4,1,Revestimiento (liner),203.0,PC
OT-004596,PAR-006016,PC-EQ-07,2024-11-22 00:00:00,Correctiva,3.5,2,Motor eléctrico,584.0,PC
OT-004597,PAR-006017,PC-EQ-07,2024-12-03 00:00:00,Preventiva,4.0,3,Revestimiento (liner),1811.0,PC
OT-004598,PAR-006021,PC-EQ-07,2024-12-24 00:00:00,Preventiva,12.7,1,Revestimiento (liner),466.0,PC
OT-004599,PAR-006022,PC-EQ-07,2024-12-24 00:00:00,Correctiva,5.7,1,Sello mecánico,5161.0,PC
OT-004600,PAR-006023,PC-EQ-07,2024-12-25 00:00:00,Correctiva,10.5,2,Revestimiento (liner),5354.0,PC
OT-004601,PAR-006024,PC-EQ-07,2025-01-01 00:00:00,Correctiva,3.1,2,Sello mecánico,1100.0,PC
OT-004602,PAR-006025,PC-EQ-07,2025-01-14 00:00:00,Preventiva,7.6,2,Revestimiento (liner),1448.0,PC
OT-004603,PAR-006026,PC-EQ-07,2025-01-19 00:00:00,Correctiva,0.8,2,Revestimiento (liner),4476.0,PC
OT-004604,PAR-006027,PC-EQ-07,2025-01-25 00:00:00,Correctiva,3.0,1,Sello mecánico,2405.0,PC
OT-004605,PAR-006028,PC-EQ-07,2025-02-03 00:00:00,Preventiva,7.5,2,Faja/correa,1182.0,PC
OT-004606,PAR-006032,PC-EQ-07,2025-02-13 00:00:00,Correctiva,1.4,2,Revestimiento (liner),5556.0,PC
OT-004607,PAR-006033,PC-EQ-07,2025-02-20 00:00:00,Preventiva,13.0,1,Sensor/instrumento,925.0,PC
OT-004608,PAR-006036,PC-EQ-07,2025-03-10 00:00:00,Preventiva,9.5,3,Sensor/instrumento,158.0,PC
OT-004609,PAR-006037,PC-EQ-07,2025-03-20 00:00:00,Correctiva,0.4,1,,4503.0,PC
OT-004610,PAR-006038,PC-EQ-07,2025-03-24 00:00:00,Correctiva,8.7,2,Sello mecánico,385.0,PC
OT-004611,PAR-006040,PC-EQ-07,2025-04-02 00:00:00,Preventiva,7.6,3,Motor eléctrico,33.0,PC
OT-004612,PAR-006042,PC-EQ-07,2025-04-05 00:00:00,Correctiva,4.1,2,Sello mecánico,1603.0,PC
OT-004613,PAR-006044,PC-EQ-07,2025-04-19 00:00:00,Preventiva,7.7,3,Sensor/instrumento,1130.0,PC
OT-004614,PAR-006047,PC-EQ-07,2025-05-06 00:00:00,Preventiva,7.1,1,Sello mecánico,1635.0,PC
OT-004615,PAR-006048,PC-EQ-07,2025-05-06 00:00:00,Correctiva,5.7,2,Sensor/instrumento,5737.0,PC
OT-004616,PAR-006049,PC-EQ-07,2025-05-07 00:00:00,Correctiva,12.9,2,Sello mecánico,1274.0,PC
OT-004617,PAR-006050,PC-EQ-07,2025-05-13 00:00:00,Correctiva,9.7,1,Sello mecánico,1814.0,PC
OT-004618,PAR-006052,PC-EQ-07,2025-05-20 00:00:00,Preventiva,7.2,2,Sello mecánico,984.0,PC
OT-004619,PAR-006054,PC-EQ-07,2025-06-06 00:00:00,Preventiva,10.2,3,Sensor/instrumento,790.0,PC
OT-004620,PAR-006055,PC-EQ-07,2025-06-09 00:00:00,Correctiva,26.0,3,Faja/correa,5750.0,PC
OT-004621,PAR-006057,PC-EQ-07,2025-06-22 00:00:00,Preventiva,6.8,2,Sensor/instrumento,1060.0,PC
OT-004622,PAR-006058,PC-EQ-07,2025-06-23 00:00:00,Correctiva,7.7,1,Ninguno (solo mano de obra),3800.0,PC
OT-004623,PAR-006059,PC-EQ-07,2025-06-29 00:00:00,Correctiva,3.1,2,Sensor/instrumento,7027.0,PC
OT-004624,PAR-006060,PC-EQ-07,2025-07-13 00:00:00,Preventiva,6.3,2,Sensor/instrumento,2144.0,PC
OT-004625,PAR-006061,PC-EQ-07,2025-07-27 00:00:00,Correctiva,6.2,3,Sello mecánico,4366.0,PC
OT-004626,PAR-006062,PC-EQ-07,2025-08-04 00:00:00,Preventiva,6.9,2,Sensor/instrumento,2262.0,PC
OT-004627,PAR-006063,PC-EQ-07,2025-08-20 00:00:00,Preventiva,6.5,3,Motor eléctrico,2415.0,PC
OT-004628,PAR-006064,PC-EQ-07,2025-08-21 00:00:00,Correctiva,0.7,3,Motor eléctrico,2273.0,PC
OT-004629,PAR-006065,PC-EQ-07,2025-09-07 00:00:00,Preventiva,6.0,1,Sello mecánico,2301.0,PC
OT-004630,PAR-006067,PC-EQ-07,2025-09-16 00:00:00,Correctiva,8.5,1,Sensor/instrumento,7433.0,PC
OT-004631,PAR-006068,PC-EQ-07,2025-09-17 00:00:00,Correctiva,2.6,1,Sello mecánico,5040.0,PC
OT-004632,PAR-006070,PC-EQ-07,2025-09-23 00:00:00,Preventiva,7.3,3,Ninguno (solo mano de obra),123.0,PC
OT-004633,PAR-006072,PC-EQ-07,2025-10-08 00:00:00,Correctiva,4.7,3,Sensor/instrumento,6412.0,PC
OT-004634,PAR-006073,PC-EQ-07,2025-10-10 00:00:00,Preventiva,11.7,3,Sello mecánico,369.0,PC
OT-004635,PAR-006074,PC-EQ-07,2025-10-26 00:00:00,Correctiva,5.9,1,Sensor/instrumento,2547.0,PC
OT-004636,PAR-006075,PC-EQ-07,2025-10-30 00:00:00,Correctiva,0.5,3,Sello mecánico,7256.0,PC
OT-004637,PAR-006076,PC-EQ-07,2025-11-02 00:00:00,Preventiva,3.4,3,Faja/correa,1626.0,PC
OT-004638,PAR-006077,PC-EQ-07,2025-11-07 00:00:00,Correctiva,10.5,3,Sensor/instrumento,321.0,PC
OT-004639,PAR-006079,PC-EQ-07,2025-11-14 00:00:00,Correctiva,5.0,1,Revestimiento (liner),6880.0,PC
OT-004640,PAR-006081,PC-EQ-07,2025-11-23 00:00:00,Preventiva,4.2,1,Sello mecánico,1601.0,PC
OT-004641,PAR-006082,PC-EQ-07,2025-11-24 00:00:00,Correctiva,0.7,3,Faja/correa,5111.0,PC
OT-004642,PAR-006083,PC-EQ-07,2025-11-27 00:00:00,Correctiva,1.4,2,Rodamiento,6194.0,PC
OT-004643,PAR-006084,PC-EQ-07,2025-12-03 00:00:00,Correctiva,26.6,3,Motor eléctrico,75.0,PC
OT-004644,PAR-006085,PC-EQ-07,2025-12-04 00:00:00,Correctiva,3.7,2,Faja/correa,1159.0,PC
OT-004645,PAR-006087,PC-EQ-07,2025-12-08 00:00:00,Correctiva,0.5,2,Sello mecánico,5746.0,PC
OT-004646,PAR-006088,PC-EQ-07,2025-12-10 00:00:00,Preventiva,8.6,1,Faja/correa,195.0,PC
OT-004647,PAR-006089,PC-EQ-07,2025-12-10 00:00:00,Correctiva,6.0,2,Revestimiento (liner),1092.0,PC
OT-004648,PAR-006090,PC-EQ-07,2025-12-13 00:00:00,Correctiva,7.0,1,Rodamiento,638.0,PC
OT-004649,PAR-006091,PC-EQ-07,2025-12-22 00:00:00,Correctiva,11.8,3,Ninguno (solo mano de obra),2973.0,PC
OT-004650,PAR-006092,PC-EQ-07,2025-12-25 00:00:00,Preventiva,10.6,3,Motor eléctrico,1580.0,PC
OT-004651,PAR-006093,PC-EQ-07,2025-12-31 00:00:00,Correctiva,3.4,2,Sensor/instrumento,5644.0,PC
OT-004652,PAR-006094,PC-EQ-07,2026-01-08 00:00:00,Preventiva,8.1,2,Rodamiento,838.0,PC
OT-004653,PAR-006095,PC-EQ-07,2026-01-15 00:00:00,Correctiva,6.0,3,Faja/correa,7888.0,PC
OT-004654,PAR-006098,PC-EQ-07,2026-01-24 00:00:00,Preventiva,11.1,3,Motor eléctrico,1544.0,PC
OT-004655,PAR-006099,PC-EQ-07,2026-02-08 00:00:00,Preventiva,10.7,1,Sello mecánico,2449.0,PC
OT-004656,PAR-006100,PC-EQ-07,2026-02-19 00:00:00,Correctiva,2.9,1,Sello mecánico,6564.0,PC
OT-004657,PAR-006101,PC-EQ-07,2026-02-27 00:00:00,Correctiva,8.7,3,Ninguno (solo mano de obra),5575.0,PC
OT-004658,PAR-006102,PC-EQ-07,2026-03-03 00:00:00,Preventiva,9.5,1,Ninguno (solo mano de obra),1471.0,PC
OT-004659,PAR-006103,PC-EQ-07,2026-03-04 00:00:00,Correctiva,1.4,2,Rodamiento,7229.0,PC
OT-004660,PAR-006105,PC-EQ-07,2026-03-21 00:00:00,Preventiva,8.9,1,Sensor/instrumento,277.0,PC
OT-004661,PAR-006106,PC-EQ-07,2026-03-26 00:00:00,Correctiva,1.6,3,Ninguno (solo mano de obra),6124.0,PC
OT-004662,PAR-006109,PC-EQ-07,2026-04-08 00:00:00,Preventiva,6.6,3,Sensor/instrumento,1528.0,PC
OT-004663,PAR-006112,PC-EQ-07,2026-04-20 00:00:00,Correctiva,3.8,1,Motor eléctrico,1157.0,PC
OT-004664,PAR-006113,PC-EQ-07,2026-04-25 00:00:00,Preventiva,6.6,1,Ninguno (solo mano de obra),668.0,PC
OT-004665,PAR-006114,PC-EQ-07,2026-05-16 00:00:00,Correctiva,8.4,1,Revestimiento (liner),167.0,PC
OT-004666,PAR-006115,PC-EQ-07,2026-05-17 00:00:00,Preventiva,6.1,2,Faja/correa,129.0,PC
OT-004667,PAR-006116,PC-EQ-07,2026-05-20 00:00:00,Correctiva,10.1,1,Sensor/instrumento,4252.0,PC
OT-004668,PAR-006117,PC-EQ-07,2026-05-31 00:00:00,Preventiva,11.8,3,Rodamiento,1026.0,PC
OT-004669,PAR-006119,PC-EQ-07,2026-06-22 00:00:00,Preventiva,8.4,1,Faja/correa,525.0,PC
OT-004670,PAR-006120,PC-EQ-07,2026-06-22 00:00:00,Correctiva,3.7,1,Motor eléctrico,4398.0,PC
OT-004671,PAR-006122,PC-EQ-07,2026-07-09 00:00:00,Preventiva,11.6,1,Motor eléctrico,882.0,PC
OT-004672,PAR-006123,PC-EQ-07,2026-07-13 00:00:00,Correctiva,10.0,2,Rodamiento,4503.0,PC
OT-004673,PAR-006124,PC-EQ-07,2026-07-27 00:00:00,Preventiva,7.5,2,Ninguno (solo mano de obra),1375.0,PC
OT-004674,PAR-006126,PC-EQ-07,2026-08-08 00:00:00,Correctiva,5.2,1,Sello mecánico,825.0,PC
OT-004675,PAR-006127,PC-EQ-07,2026-08-16 00:00:00,Preventiva,6.0,1,Sensor/instrumento,2325.0,PC
OT-004676,PAR-006131,PC-EQ-07,2026-09-03 00:00:00,Preventiva,8.6,2,Ninguno (solo mano de obra),1033.0,PC
OT-004677,PAR-006136,PC-EQ-07,2026-09-25 00:00:00,Preventiva,6.3,2,Faja/correa,1848.0,PC
OT-004678,PAR-006137,PC-EQ-07,2026-10-11 00:00:00,Preventiva,5.6,1,Sensor/instrumento,428.0,PC
OT-004679,PAR-006138,PC-EQ-07,2026-10-11 00:00:00,Correctiva,1.6,3,Rodamiento,3552.0,PC
OT-004680,PAR-006139,PC-EQ-07,2026-10-16 00:00:00,Correctiva,6.0,3,Ninguno (solo mano de obra),6040.0,PC
OT-004681,PAR-006140,PC-EQ-07,2026-10-19 00:00:00,Correctiva,1.8,2,Ninguno (solo mano de obra),4726.0,PC
OT-004682,PAR-006142,PC-EQ-07,2026-10-23 00:00:00,Correctiva,1.9,3,Motor eléctrico,501.0,PC
OT-004683,PAR-006143,PC-EQ-07,2026-10-31 00:00:00,Preventiva,8.9,1,Sello mecánico,2467.0,PC
OT-004684,PAR-006144,PC-EQ-07,2026-11-02 00:00:00,Correctiva,0.6,3,Revestimiento (liner),6808.0,PC
OT-004685,PAR-006147,PC-EQ-07,2026-11-09 00:00:00,Correctiva,5.0,1,Sensor/instrumento,7693.0,PC
OT-004686,PAR-006148,PC-EQ-07,2026-11-14 00:00:00,Preventiva,8.2,3,Sello mecánico,127.0,PC
OT-004687,PAR-006149,PC-EQ-07,2026-11-22 00:00:00,Correctiva,2.4,2,Faja/correa,3475.0,PC
OT-004688,PAR-006150,PC-EQ-07,2026-12-05 00:00:00,Preventiva,9.2,2,Sello mecánico,1463.0,PC
OT-004689,PAR-006151,PC-EQ-07,2026-12-20 00:00:00,Preventiva,10.2,1,Motor eléctrico,1894.0,PC
OT-004690,PAR-006153,PC-EQ-07,2026-12-26 00:00:00,Correctiva,3.1,3,Sensor/instrumento,2424.0,PC
OT-004691,PAR-006154,PC-EQ-07,2027-01-03 00:00:00,Preventiva,5.7,1,Motor eléctrico,1665.0,PC
OT-004692,PAR-006155,PC-EQ-07,2027-01-07 00:00:00,Correctiva,11.3,2,Rodamiento,2403.0,PC
OT-004693,PAR-006157,PC-EQ-07,2027-01-11 00:00:00,Correctiva,0.7,1,Ninguno (solo mano de obra),1613.0,PC
OT-004694,PAR-006160,PC-EQ-07,2027-01-20 00:00:00,Preventiva,11.7,3,Revestimiento (liner),2105.0,PC
OT-004695,PAR-006162,PC-EQ-07,2027-01-26 00:00:00,Correctiva,8.1,2,Ninguno (solo mano de obra),7570.0,PC
OT-004696,PAR-006164,PC-EQ-07,2027-01-31 00:00:00,Correctiva,2.0,1,Ninguno (solo mano de obra),4114.0,PC
OT-004697,PAR-006165,PC-EQ-07,2027-02-09 00:00:00,Preventiva,8.0,2,Faja/correa,607.0,PC
OT-004698,PAR-006167,PC-EQ-07,2027-02-15 00:00:00,Correctiva,2.5,1,Faja/correa,1299.0,PC
OT-004699,PAR-006169,PC-EQ-07,2027-02-19 00:00:00,Correctiva,1.1,1,Motor eléctrico,905.0,PC
OT-004700,PAR-006171,PC-EQ-07,2027-02-23 00:00:00,Correctiva,1.4,2,Sensor/instrumento,7162.0,PC
OT-004701,PAR-006172,PC-EQ-07,2027-03-01 00:00:00,Preventiva,6.0,1,Ninguno (solo mano de obra),784.0,PC
OT-004702,PAR-006173,PC-EQ-07,2027-03-15 00:00:00,Preventiva,6.1,1,Rodamiento,342.0,PC
OT-004703,PAR-006174,PC-EQ-07,2027-03-20 00:00:00,Correctiva,0.7,2,Faja/correa,870.0,PC
OT-004704,PAR-006176,PC-EQ-07,2027-03-30 00:00:00,Correctiva,1.8,2,Revestimiento (liner),6838.0,PC
OT-004705,PAR-006177,PC-EQ-07,2027-04-01 00:00:00,Correctiva,3.2,3,Rodamiento,6312.0,PC
OT-004706,PAR-006178,PC-EQ-07,2027-04-03 00:00:00,Preventiva,6.0,2,Faja/correa,305.0,PC
OT-004707,PAR-006179,PC-EQ-07,2027-04-03 00:00:00,Correctiva,5.0,1,Ninguno (solo mano de obra),790.0,PC
OT-004708,PAR-006181,PC-EQ-07,2027-04-11 00:00:00,Correctiva,3.9,1,Rodamiento,7938.0,PC
OT-004709,PAR-006183,PC-EQ-07,2027-04-21 00:00:00,Preventiva,7.7,1,Rodamiento,1265.0,PC
OT-004710,PAR-006184,PC-EQ-07,2027-04-21 00:00:00,Correctiva,10.1,1,Ninguno (solo mano de obra),2870.0,PC
OT-004711,PAR-006187,PC-EQ-07,2027-05-14 00:00:00,Preventiva,10.2,1,Sello mecánico,1775.0,PC
OT-004712,PAR-006189,PC-EQ-07,2027-05-26 00:00:00,Correctiva,1.6,3,Sensor/instrumento,327.0,PC
OT-004713,PAR-006191,PC-EQ-07,2027-05-28 00:00:00,Correctiva,9.0,2,Motor eléctrico,7402.0,PC
OT-004714,PAR-006192,PC-EQ-07,2027-06-06 00:00:00,Preventiva,7.7,3,Faja/correa,354.0,PC
OT-004715,PAR-006194,PC-EQ-07,2027-06-19 00:00:00,Correctiva,3.1,3,Sello mecánico,3079.0,PC
OT-004716,PAR-006195,PC-EQ-07,2027-06-26 00:00:00,Preventiva,12.2,1,Motor eléctrico,142.0,PC
OT-004717,PAR-006196,PC-EQ-07,2027-06-28 00:00:00,Correctiva,9.1,2,Sensor/instrumento,2217.0,PC
OT-004718,PAR-006198,PC-EQ-07,2027-07-17 00:00:00,Preventiva,9.3,2,Motor eléctrico,317.0,PC
OT-004719,PAR-006201,PC-EQ-07,2027-07-25 00:00:00,Correctiva,7.0,1,Revestimiento (liner),180.0,PC
OT-004720,PAR-006202,PC-EQ-07,2027-08-01 00:00:00,Correctiva,5.9,2,Ninguno (solo mano de obra),1759.0,PC
OT-004721,PAR-006203,PC-EQ-07,2027-08-04 00:00:00,Preventiva,9.1,1,Rodamiento,1194.0,PC
OT-004722,PAR-006204,PC-EQ-07,2027-08-04 00:00:00,Correctiva,0.5,3,Rodamiento,719.0,PC
OT-004723,PAR-006205,PC-EQ-07,2027-08-17 00:00:00,Correctiva,23.1,2,Sello mecánico,2687.0,PC
OT-004724,PAR-006206,PC-EQ-07,2027-08-19 00:00:00,Correctiva,0.6,1,Rodamiento,3713.0,PC
OT-004725,PAR-006207,PC-EQ-07,2027-08-22 00:00:00,Preventiva,6.7,2,Faja/correa,1415.0,PC
OT-004726,PAR-006208,PC-EQ-07,2027-08-22 00:00:00,Correctiva,1.0,3,Faja/correa,1799.0,PC
OT-004727,PAR-006209,PC-EQ-07,2027-08-23 00:00:00,Correctiva,0.5,2,Rodamiento,5168.0,PC
OT-004728,PAR-006210,PC-EQ-07,2027-08-27 00:00:00,Correctiva,13.4,3,Motor eléctrico,2604.0,PC
OT-004729,PAR-006211,PC-EQ-07,2027-08-29 00:00:00,Correctiva,8.8,2,Revestimiento (liner),4186.0,PC
OT-004730,PAR-006213,PC-EQ-07,2027-09-05 00:00:00,Preventiva,10.0,3,Faja/correa,1004.0,PC
OT-004731,PAR-006214,PC-EQ-07,2027-09-09 00:00:00,Correctiva,2.5,3,Ninguno (solo mano de obra),3292.0,PC
OT-004732,PAR-006215,PC-EQ-07,2027-09-11 00:00:00,Correctiva,8.0,3,Sello mecánico,7204.0,PC
OT-004733,PAR-006216,PC-EQ-07,2027-09-15 00:00:00,Correctiva,7.7,1,Motor eléctrico,5331.0,PC
OT-004734,PAR-006217,PC-EQ-07,2027-09-25 00:00:00,Preventiva,10.1,1,Sensor/instrumento,272.0,PC
OT-004735,PAR-006219,PC-EQ-07,2027-10-10 00:00:00,Preventiva,6.2,2,,1341.0,PC
OT-004736,PAR-006220,PC-EQ-07,2027-10-27 00:00:00,Preventiva,8.3,1,Sensor/instrumento,999.0,PC
OT-004737,PAR-006221,PC-EQ-07,2027-11-01 00:00:00,Correctiva,4.0,2,Sensor/instrumento,3664.0,PC
OT-004738,PAR-006222,PC-EQ-07,2027-11-10 00:00:00,Preventiva,7.9,2,Motor eléctrico,1135.0,PC
OT-004739,PAR-006224,PC-EQ-07,2027-11-22 00:00:00,Correctiva,1.4,3,Rodamiento,7956.0,PC
OT-004740,PAR-006225,PC-EQ-07,2027-11-30 00:00:00,Preventiva,5.8,1,Faja/correa,231.0,PC
OT-004741,PAR-006226,PC-EQ-07,2027-12-05 00:00:00,Correctiva,5.5,1,Rodamiento,766.0,PC
OT-004742,PAR-006227,PC-EQ-07,2027-12-11 00:00:00,Correctiva,21.8,3,Sensor/instrumento,7231.0,PC
OT-004743,PAR-006231,PC-EQ-07,2027-12-23 00:00:00,Preventiva,6.6,2,Faja/correa,745.0,PC
OT-004744,PAR-006233,PC-EQ-08,2024-01-04 00:00:00,Correctiva,8.1,2,Sello mecánico,753.0,PC
OT-004745,PAR-006234,PC-EQ-08,2024-01-05 00:00:00,Correctiva,3.5,1,Faja/correa,3413.0,PC
OT-004746,PAR-006235,PC-EQ-08,2024-01-15 00:00:00,Correctiva,3.5,2,Faja/correa,5024.0,PC
OT-004747,PAR-006236,PC-EQ-08,2024-01-22 00:00:00,Preventiva,6.3,1,Rodamiento,1257.0,PC
OT-004748,PAR-006239,PC-EQ-08,2024-01-28 00:00:00,Correctiva,18.2,2,Ninguno (solo mano de obra),6099.0,PC
OT-004749,PAR-006240,PC-EQ-08,2024-01-29 00:00:00,Correctiva,8.8,1,Revestimiento (liner),2820.0,PC
OT-004750,PAR-006241,PC-EQ-08,2024-01-30 00:00:00,Correctiva,13.2,2,Ninguno (solo mano de obra),1176.0,PC
OT-004751,PAR-006242,PC-EQ-08,2024-02-09 00:00:00,Preventiva,6.0,1,,920.0,PC
OT-004752,PAR-006243,PC-EQ-08,2024-02-16 00:00:00,Correctiva,14.9,1,Rodamiento,6007.0,PC
OT-004753,PAR-006244,PC-EQ-08,2024-02-18 00:00:00,Correctiva,2.2,2,Rodamiento,4140.0,PC
OT-004754,PAR-006245,PC-EQ-08,2024-02-25 00:00:00,Correctiva,24.0,1,Motor eléctrico,2690.0,PC
OT-004755,PAR-006247,PC-EQ-08,2024-02-28 00:00:00,Correctiva,1.8,2,Rodamiento,182.0,PC
OT-004756,PAR-006248,PC-EQ-08,2024-02-29 00:00:00,Preventiva,5.4,2,Motor eléctrico,2101.0,PC
OT-004757,PAR-006249,PC-EQ-08,2024-03-02 00:00:00,Correctiva,1.7,1,Motor eléctrico,4907.0,PC
OT-004758,PAR-006251,PC-EQ-08,2024-03-15 00:00:00,Preventiva,6.7,1,Rodamiento,2111.0,PC
OT-004759,PAR-006252,PC-EQ-08,2024-03-30 00:00:00,Correctiva,9.1,2,Revestimiento (liner),5193.0,PC
OT-004760,PAR-006253,PC-EQ-08,2024-03-31 00:00:00,Preventiva,7.0,2,Ninguno (solo mano de obra),2007.0,PC
OT-004761,PAR-006254,PC-EQ-08,2024-04-04 00:00:00,Correctiva,18.6,3,Sello mecánico,6621.0,PC
OT-004762,PAR-006255,PC-EQ-08,2024-04-13 00:00:00,Correctiva,2.4,1,Revestimiento (liner),7947.0,PC
OT-004763,PAR-006256,PC-EQ-08,2024-04-14 00:00:00,Preventiva,7.6,3,Rodamiento,825.0,PC
OT-004764,PAR-006258,PC-EQ-08,2024-04-25 00:00:00,Correctiva,0.7,2,Sello mecánico,66.0,PC
OT-004765,PAR-006259,PC-EQ-08,2024-04-29 00:00:00,Correctiva,4.8,3,Motor eléctrico,6869.0,PC
OT-004766,PAR-006260,PC-EQ-08,2024-04-30 00:00:00,Preventiva,10.7,2,Ninguno (solo mano de obra),1751.0,PC
OT-004767,PAR-006261,PC-EQ-08,2024-04-30 00:00:00,Correctiva,5.7,3,Motor eléctrico,6953.0,PC
OT-004768,PAR-006264,PC-EQ-08,2024-05-13 00:00:00,Correctiva,9.3,1,Sensor/instrumento,4507.0,PC
OT-004769,PAR-006265,PC-EQ-08,2024-05-19 00:00:00,Preventiva,4.8,2,Ninguno (solo mano de obra),2006.0,PC
OT-004770,PAR-006266,PC-EQ-08,2024-05-23 00:00:00,Correctiva,2.0,2,Ninguno (solo mano de obra),2948.0,PC
OT-004771,PAR-006267,PC-EQ-08,2024-05-29 00:00:00,Correctiva,27.4,1,Sensor/instrumento,5120.0,PC
OT-004772,PAR-006269,PC-EQ-08,2024-06-04 00:00:00,Preventiva,7.0,2,Sensor/instrumento,2328.0,PC
OT-004773,PAR-006270,PC-EQ-08,2024-06-11 00:00:00,Correctiva,5.2,1,Rodamiento,6027.0,PC
OT-004774,PAR-006272,PC-EQ-08,2024-06-14 00:00:00,Correctiva,14.2,1,Motor eléctrico,7414.0,PC
OT-004775,PAR-006273,PC-EQ-08,2024-06-19 00:00:00,Preventiva,7.7,2,Rodamiento,1515.0,PC
OT-004776,PAR-006274,PC-EQ-08,2024-06-21 00:00:00,Correctiva,1.6,2,Sello mecánico,7183.0,PC
OT-004777,PAR-006276,PC-EQ-08,2024-06-26 00:00:00,Correctiva,24.6,2,Motor eléctrico,840.0,PC
OT-004778,PAR-006277,PC-EQ-08,2024-07-01 00:00:00,Correctiva,3.9,1,Sensor/instrumento,5148.0,PC
OT-004779,PAR-006278,PC-EQ-08,2024-07-03 00:00:00,Correctiva,4.6,1,Revestimiento (liner),1808.0,PC
OT-004780,PAR-006279,PC-EQ-08,2024-07-05 00:00:00,Preventiva,5.9,3,Ninguno (solo mano de obra),738.0,PC
OT-004781,PAR-006281,PC-EQ-08,2024-07-12 00:00:00,Correctiva,10.7,1,Rodamiento,5234.0,PC
OT-004782,PAR-006282,PC-EQ-08,2024-07-14 00:00:00,Correctiva,2.8,1,Rodamiento,1692.0,PC
OT-004783,PAR-006283,PC-EQ-08,2024-07-20 00:00:00,Correctiva,0.6,2,Motor eléctrico,994.0,PC
OT-004784,PAR-006284,PC-EQ-08,2024-07-21 00:00:00,Correctiva,0.8,3,Faja/correa,4719.0,PC
OT-004785,PAR-006285,PC-EQ-08,2024-07-23 00:00:00,Correctiva,5.4,2,Revestimiento (liner),5236.0,PC
OT-004786,PAR-006286,PC-EQ-08,2024-07-25 00:00:00,Preventiva,5.9,3,Revestimiento (liner),2342.0,PC
OT-004787,PAR-006287,PC-EQ-08,2024-07-29 00:00:00,Correctiva,10.8,1,Sensor/instrumento,5156.0,PC
OT-004788,PAR-006288,PC-EQ-08,2024-07-31 00:00:00,Correctiva,10.4,2,Sello mecánico,3341.0,PC
OT-004789,PAR-006289,PC-EQ-08,2024-08-06 00:00:00,Correctiva,2.8,1,Sello mecánico,4656.0,PC
OT-004790,PAR-006290,PC-EQ-08,2024-08-12 00:00:00,Preventiva,3.7,2,Revestimiento (liner),293.0,PC
OT-004791,PAR-006292,PC-EQ-08,2024-09-03 00:00:00,Preventiva,6.2,2,Ninguno (solo mano de obra),2436.0,PC
OT-004792,PAR-006293,PC-EQ-08,2024-09-12 00:00:00,Correctiva,2.2,1,Sensor/instrumento,6425.0,PC
OT-004793,PAR-006294,PC-EQ-08,2024-09-19 00:00:00,Preventiva,6.1,2,Sensor/instrumento,573.0,PC
OT-004794,PAR-006295,PC-EQ-08,2024-09-20 00:00:00,Correctiva,1.5,1,Rodamiento,1440.0,PC
OT-004795,PAR-006297,PC-EQ-08,2024-09-26 00:00:00,Correctiva,24.4,3,Ninguno (solo mano de obra),1969.0,PC
OT-004796,PAR-006298,PC-EQ-08,2024-10-08 00:00:00,Preventiva,6.7,2,Sensor/instrumento,1205.0,PC
OT-004797,PAR-006300,PC-EQ-08,2024-10-14 00:00:00,Correctiva,5.9,3,Sensor/instrumento,4225.0,PC
OT-004798,PAR-006303,PC-EQ-08,2024-10-27 00:00:00,Correctiva,29.8,1,Motor eléctrico,7032.0,PC
OT-004799,PAR-006304,PC-EQ-08,2024-10-31 00:00:00,Preventiva,12.5,3,,1889.0,PC
OT-004800,PAR-006305,PC-EQ-08,2024-11-02 00:00:00,Correctiva,9.1,1,Revestimiento (liner),3021.0,PC
OT-004801,PAR-006308,PC-EQ-08,2024-11-12 00:00:00,Correctiva,28.1,1,Sello mecánico,2978.0,PC
OT-004802,PAR-006309,PC-EQ-08,2024-11-18 00:00:00,Correctiva,30.5,2,Revestimiento (liner),5778.0,PC
OT-004803,PAR-006310,PC-EQ-08,2024-11-20 00:00:00,Preventiva,7.7,3,Ninguno (solo mano de obra),2249.0,PC
OT-004804,PAR-006311,PC-EQ-08,2024-11-21 00:00:00,Correctiva,21.4,1,Faja/correa,7262.0,PC
OT-004805,PAR-006312,PC-EQ-08,2024-11-25 00:00:00,Correctiva,8.3,3,Sello mecánico,5711.0,PC
OT-004806,PAR-006314,PC-EQ-08,2024-12-06 00:00:00,Correctiva,0.5,3,Ninguno (solo mano de obra),5759.0,PC
OT-004807,PAR-006315,PC-EQ-08,2024-12-07 00:00:00,Correctiva,10.1,3,Ninguno (solo mano de obra),4514.0,PC
OT-004808,PAR-006317,PC-EQ-08,2024-12-10 00:00:00,Preventiva,6.5,2,Rodamiento,2297.0,PC
OT-004809,PAR-006318,PC-EQ-08,2024-12-13 00:00:00,Correctiva,6.8,2,Sello mecánico,687.0,PC
OT-004810,PAR-006321,PC-EQ-08,2024-12-30 00:00:00,Correctiva,8.7,3,Ninguno (solo mano de obra),7551.0,PC
OT-004811,PAR-006322,PC-EQ-08,2024-12-31 00:00:00,Correctiva,31.6,3,Revestimiento (liner),6174.0,PC
OT-004812,PAR-006323,PC-EQ-08,2025-01-02 00:00:00,Preventiva,6.3,2,Faja/correa,1531.0,PC
OT-004813,PAR-006324,PC-EQ-08,2025-01-13 00:00:00,Correctiva,6.0,2,Rodamiento,1193.0,PC
OT-004814,PAR-006325,PC-EQ-08,2025-01-15 00:00:00,Correctiva,13.2,1,Faja/correa,7858.0,PC
OT-004815,PAR-006327,PC-EQ-08,2025-01-22 00:00:00,Correctiva,6.5,3,Ninguno (solo mano de obra),7747.0,PC
OT-004816,PAR-006328,PC-EQ-08,2025-01-25 00:00:00,Preventiva,12.3,3,Revestimiento (liner),1655.0,PC
OT-004817,PAR-006330,PC-EQ-08,2025-02-13 00:00:00,Preventiva,8.9,2,Sello mecánico,1451.0,PC
OT-004818,PAR-006331,PC-EQ-08,2025-02-23 00:00:00,Correctiva,28.7,3,Sello mecánico,1149.0,PC
OT-004819,PAR-006332,PC-EQ-08,2025-03-02 00:00:00,Correctiva,12.2,2,Faja/correa,5717.0,PC
OT-004820,PAR-006333,PC-EQ-08,2025-03-03 00:00:00,Preventiva,8.0,1,Rodamiento,242.0,PC
OT-004821,PAR-006334,PC-EQ-08,2025-03-10 00:00:00,Correctiva,4.9,1,Rodamiento,189.0,PC
OT-004822,PAR-006335,PC-EQ-08,2025-03-14 00:00:00,Correctiva,24.3,3,Faja/correa,6258.0,PC
OT-004823,PAR-006336,PC-EQ-08,2025-03-15 00:00:00,Correctiva,1.8,3,Revestimiento (liner),7524.0,PC
OT-004824,PAR-006337,PC-EQ-08,2025-03-16 00:00:00,Correctiva,5.6,2,Rodamiento,3530.0,PC
OT-004825,PAR-006338,PC-EQ-08,2025-03-19 00:00:00,Correctiva,2.0,2,Motor eléctrico,5264.0,PC
OT-004826,PAR-006339,PC-EQ-08,2025-03-20 00:00:00,Preventiva,9.8,2,Ninguno (solo mano de obra),598.0,PC
OT-004827,PAR-006341,PC-EQ-08,2025-03-23 00:00:00,Correctiva,11.0,1,Sensor/instrumento,3329.0,PC
OT-004828,PAR-006342,PC-EQ-08,2025-03-24 00:00:00,Correctiva,1.0,1,Faja/correa,2345.0,PC
OT-004829,PAR-006343,PC-EQ-08,2025-03-26 00:00:00,Correctiva,6.7,3,Motor eléctrico,6491.0,PC
OT-004830,PAR-006344,PC-EQ-08,2025-03-28 00:00:00,Correctiva,7.9,2,Sensor/instrumento,4974.0,PC
OT-004831,PAR-006345,PC-EQ-08,2025-04-09 00:00:00,Correctiva,5.4,2,Revestimiento (liner),1147.0,PC
OT-004832,PAR-006346,PC-EQ-08,2025-04-11 00:00:00,Correctiva,21.8,1,Revestimiento (liner),346.0,PC
OT-004833,PAR-006347,PC-EQ-08,2025-04-12 00:00:00,Preventiva,6.8,1,Sello mecánico,1898.0,PC
OT-004834,PAR-006348,PC-EQ-08,2025-04-13 00:00:00,Correctiva,18.2,2,Ninguno (solo mano de obra),4358.0,PC
OT-004835,PAR-006349,PC-EQ-08,2025-04-15 00:00:00,Correctiva,10.5,3,Sello mecánico,7133.0,PC
OT-004836,PAR-006350,PC-EQ-08,2025-04-18 00:00:00,Correctiva,31.4,3,Faja/correa,7478.0,PC
OT-004837,PAR-006351,PC-EQ-08,2025-04-20 00:00:00,Correctiva,0.7,1,Revestimiento (liner),4951.0,PC
OT-004838,PAR-006352,PC-EQ-08,2025-04-26 00:00:00,Correctiva,1.5,1,Rodamiento,6238.0,PC
OT-004839,PAR-006353,PC-EQ-08,2025-05-01 00:00:00,Preventiva,6.7,2,Ninguno (solo mano de obra),351.0,PC
OT-004840,PAR-006354,PC-EQ-08,2025-05-07 00:00:00,Correctiva,6.0,2,Sello mecánico,762.0,PC
OT-004841,PAR-006356,PC-EQ-08,2025-05-10 00:00:00,Correctiva,0.5,1,Ninguno (solo mano de obra),655.0,PC
OT-004842,PAR-006357,PC-EQ-08,2025-05-15 00:00:00,Preventiva,13.2,2,Ninguno (solo mano de obra),991.0,PC
OT-004843,PAR-006358,PC-EQ-08,2025-05-20 00:00:00,Correctiva,1.4,1,Ninguno (solo mano de obra),6993.0,PC
OT-004844,PAR-006359,PC-EQ-08,2025-05-21 00:00:00,Correctiva,3.0,2,Rodamiento,7591.0,PC
OT-004845,PAR-006361,PC-EQ-08,2025-06-01 00:00:00,Correctiva,2.5,1,,5802.0,PC
OT-004846,PAR-006362,PC-EQ-08,2025-06-03 00:00:00,Preventiva,7.4,3,Sensor/instrumento,2442.0,PC
OT-004847,PAR-006363,PC-EQ-08,2025-06-07 00:00:00,Correctiva,0.7,1,Ninguno (solo mano de obra),5110.0,PC
OT-004848,PAR-006364,PC-EQ-08,2025-06-15 00:00:00,Correctiva,5.5,2,Rodamiento,1420.0,PC
OT-004849,PAR-006365,PC-EQ-08,2025-06-18 00:00:00,Correctiva,23.0,3,Faja/correa,2153.0,PC
OT-004850,PAR-006366,PC-EQ-08,2025-06-20 00:00:00,Preventiva,9.0,3,Ninguno (solo mano de obra),1589.0,PC
OT-004851,PAR-006368,PC-EQ-08,2025-06-24 00:00:00,Correctiva,9.4,2,Faja/correa,1730.0,PC
OT-004852,PAR-006369,PC-EQ-08,2025-07-06 00:00:00,Correctiva,2.9,1,Sello mecánico,6099.0,PC
OT-004853,PAR-006370,PC-EQ-08,2025-07-09 00:00:00,Preventiva,6.1,1,Ninguno (solo mano de obra),993.0,PC
OT-004854,PAR-006371,PC-EQ-08,2025-07-10 00:00:00,Correctiva,6.1,1,Sello mecánico,2344.0,PC
OT-004855,PAR-006373,PC-EQ-08,2025-07-25 00:00:00,Preventiva,5.5,2,Sensor/instrumento,1280.0,PC
OT-004856,PAR-006374,PC-EQ-08,2025-07-27 00:00:00,Correctiva,1.5,2,Motor eléctrico,682.0,PC
OT-004857,PAR-006376,PC-EQ-08,2025-08-03 00:00:00,Correctiva,8.7,1,Sello mecánico,2197.0,PC
OT-004858,PAR-006377,PC-EQ-08,2025-08-06 00:00:00,Correctiva,4.3,2,Sensor/instrumento,4507.0,PC
OT-004859,PAR-006378,PC-EQ-08,2025-08-14 00:00:00,Preventiva,8.3,3,Revestimiento (liner),1983.0,PC
OT-004860,PAR-006379,PC-EQ-08,2025-08-16 00:00:00,Correctiva,8.7,2,Rodamiento,2909.0,PC
OT-004861,PAR-006381,PC-EQ-08,2025-08-21 00:00:00,Correctiva,24.2,2,Motor eléctrico,6784.0,PC
OT-004862,PAR-006382,PC-EQ-08,2025-08-22 00:00:00,Correctiva,0.5,3,Ninguno (solo mano de obra),959.0,PC
OT-004863,PAR-006384,PC-EQ-08,2025-08-27 00:00:00,Correctiva,8.7,1,Motor eléctrico,3486.0,PC
OT-004864,PAR-006386,PC-EQ-08,2025-09-01 00:00:00,Correctiva,2.0,1,Ninguno (solo mano de obra),7156.0,PC
OT-004865,PAR-006387,PC-EQ-08,2025-09-04 00:00:00,Preventiva,5.6,1,Sello mecánico,1887.0,PC
OT-004866,PAR-006388,PC-EQ-08,2025-09-09 00:00:00,Correctiva,0.7,3,Revestimiento (liner),1035.0,PC
OT-004867,PAR-006390,PC-EQ-08,2025-09-14 00:00:00,Correctiva,2.8,2,Ninguno (solo mano de obra),4371.0,PC
OT-004868,PAR-006391,PC-EQ-08,2025-09-17 00:00:00,Correctiva,17.0,2,Motor eléctrico,3205.0,PC
OT-004869,PAR-006392,PC-EQ-08,2025-09-19 00:00:00,Preventiva,7.0,2,Revestimiento (liner),217.0,PC
OT-004870,PAR-006393,PC-EQ-08,2025-09-22 00:00:00,Correctiva,4.4,3,Revestimiento (liner),2181.0,PC
OT-004871,PAR-006395,PC-EQ-08,2025-10-04 00:00:00,Preventiva,6.1,1,Motor eléctrico,531.0,PC
OT-004872,PAR-006396,PC-EQ-08,2025-10-05 00:00:00,Correctiva,1.4,1,Sello mecánico,7301.0,PC
OT-004873,PAR-006397,PC-EQ-08,2025-10-16 00:00:00,Correctiva,1.6,1,Sensor/instrumento,5661.0,PC
OT-004874,PAR-006398,PC-EQ-08,2025-10-21 00:00:00,Preventiva,10.1,1,Revestimiento (liner),759.0,PC
OT-004875,PAR-006399,PC-EQ-08,2025-10-27 00:00:00,Correctiva,2.7,1,Motor eléctrico,525.0,PC
OT-004876,PAR-006400,PC-EQ-08,2025-10-29 00:00:00,Correctiva,0.6,3,Ninguno (solo mano de obra),928.0,PC
OT-004877,PAR-006401,PC-EQ-08,2025-11-04 00:00:00,Preventiva,7.4,3,Revestimiento (liner),1066.0,PC
OT-004878,PAR-006402,PC-EQ-08,2025-11-14 00:00:00,Correctiva,1.2,3,Sello mecánico,1673.0,PC
OT-004879,PAR-006403,PC-EQ-08,2025-11-18 00:00:00,Preventiva,5.7,2,Rodamiento,1557.0,PC
OT-004880,PAR-006406,PC-EQ-08,2025-11-30 00:00:00,Correctiva,20.9,2,Revestimiento (liner),2825.0,PC
OT-004881,PAR-006407,PC-EQ-08,2025-12-07 00:00:00,Preventiva,3.6,3,Motor eléctrico,707.0,PC
OT-004882,PAR-006408,PC-EQ-08,2025-12-11 00:00:00,Correctiva,13.5,1,Motor eléctrico,6194.0,PC
OT-004883,PAR-006410,PC-EQ-08,2025-12-15 00:00:00,Correctiva,11.3,2,Ninguno (solo mano de obra),3886.0,PC
OT-004884,PAR-006411,PC-EQ-08,2025-12-20 00:00:00,Correctiva,15.0,3,Sello mecánico,5548.0,PC
OT-004885,PAR-006412,PC-EQ-08,2025-12-25 00:00:00,Preventiva,7.8,1,Ninguno (solo mano de obra),1299.0,PC
OT-004886,PAR-006413,PC-EQ-08,2025-12-27 00:00:00,Correctiva,27.5,3,Sensor/instrumento,4681.0,PC
OT-004887,PAR-006414,PC-EQ-08,2025-12-28 00:00:00,Correctiva,4.3,3,Sensor/instrumento,1586.0,PC
OT-004888,PAR-006416,PC-EQ-08,2026-01-02 00:00:00,Correctiva,12.6,3,Sello mecánico,2385.0,PC
OT-004889,PAR-006418,PC-EQ-08,2026-01-13 00:00:00,Preventiva,7.2,3,Rodamiento,1039.0,PC
OT-004890,PAR-006419,PC-EQ-08,2026-01-19 00:00:00,Correctiva,27.0,1,Rodamiento,1300.0,PC
OT-004891,PAR-006420,PC-EQ-08,2026-01-24 00:00:00,Correctiva,12.1,3,Rodamiento,7639.0,PC
OT-004892,PAR-006421,PC-EQ-08,2026-01-31 00:00:00,Correctiva,6.2,1,Revestimiento (liner),5247.0,PC
OT-004893,PAR-006423,PC-EQ-08,2026-02-05 00:00:00,Preventiva,5.3,1,Ninguno (solo mano de obra),812.0,PC
OT-004894,PAR-006425,PC-EQ-08,2026-02-21 00:00:00,Preventiva,8.2,1,Rodamiento,1046.0,PC
OT-004895,PAR-006426,PC-EQ-08,2026-02-22 00:00:00,Correctiva,15.9,2,Sensor/instrumento,475.0,PC
OT-004896,PAR-006427,PC-EQ-08,2026-02-23 00:00:00,Correctiva,2.0,3,Sello mecánico,4508.0,PC
OT-004897,PAR-006430,PC-EQ-08,2026-03-11 00:00:00,Correctiva,18.0,2,Ninguno (solo mano de obra),7411.0,PC
OT-004898,PAR-006432,PC-EQ-08,2026-03-13 00:00:00,Preventiva,7.6,3,Sensor/instrumento,147.0,PC
OT-004899,PAR-006433,PC-EQ-08,2026-03-21 00:00:00,Correctiva,0.6,3,Rodamiento,3487.0,PC
OT-004900,PAR-006434,PC-EQ-08,2026-04-02 00:00:00,Preventiva,8.3,2,Faja/correa,838.0,PC
OT-004901,PAR-006435,PC-EQ-08,2026-04-03 00:00:00,Correctiva,5.3,3,Ninguno (solo mano de obra),1296.0,PC
OT-004902,PAR-006437,PC-EQ-08,2026-04-05 00:00:00,Correctiva,21.2,2,Sensor/instrumento,984.0,PC
OT-004903,PAR-006438,PC-EQ-08,2026-04-07 00:00:00,Correctiva,4.3,1,Rodamiento,5889.0,PC
OT-004904,PAR-006440,PC-EQ-08,2026-04-18 00:00:00,Preventiva,4.8,1,Rodamiento,202.0,PC
OT-004905,PAR-006441,PC-EQ-08,2026-04-21 00:00:00,Correctiva,16.7,3,Rodamiento,6545.0,PC
OT-004906,PAR-006442,PC-EQ-08,2026-04-28 00:00:00,Correctiva,3.4,3,Rodamiento,830.0,PC
OT-004907,PAR-006443,PC-EQ-08,2026-05-04 00:00:00,Correctiva,6.1,2,Faja/correa,4236.0,PC
OT-004908,PAR-006444,PC-EQ-08,2026-05-11 00:00:00,Preventiva,11.1,3,Revestimiento (liner),1596.0,PC
OT-004909,PAR-006445,PC-EQ-08,2026-05-13 00:00:00,Correctiva,7.0,1,Sensor/instrumento,6512.0,PC
OT-004910,PAR-006446,PC-EQ-08,2026-05-14 00:00:00,Correctiva,23.8,3,Sello mecánico,4234.0,PC
OT-004911,PAR-006447,PC-EQ-08,2026-05-18 00:00:00,Correctiva,4.3,2,Revestimiento (liner),333.0,PC
OT-004912,PAR-006448,PC-EQ-08,2026-05-19 00:00:00,Correctiva,6.8,2,Faja/correa,6290.0,PC
OT-004913,PAR-006450,PC-EQ-08,2026-06-01 00:00:00,Preventiva,9.1,2,Faja/correa,1707.0,PC
OT-004914,PAR-006451,PC-EQ-08,2026-06-05 00:00:00,Correctiva,10.4,3,Revestimiento (liner),5878.0,PC
OT-004915,PAR-006453,PC-EQ-08,2026-06-17 00:00:00,Preventiva,11.0,2,Sensor/instrumento,1262.0,PC
OT-004916,PAR-006454,PC-EQ-08,2026-06-19 00:00:00,Correctiva,27.2,2,Motor eléctrico,5782.0,PC
OT-004917,PAR-006455,PC-EQ-08,2026-06-22 00:00:00,Correctiva,7.4,3,Faja/correa,848.0,PC
OT-004918,PAR-006456,PC-EQ-08,2026-06-29 00:00:00,Correctiva,6.2,3,Revestimiento (liner),5182.0,PC
OT-004919,PAR-006458,PC-EQ-08,2026-07-09 00:00:00,Preventiva,4.5,3,Motor eléctrico,1486.0,PC
OT-004920,PAR-006459,PC-EQ-08,2026-07-10 00:00:00,Correctiva,4.9,1,Motor eléctrico,1856.0,PC
OT-004921,PAR-006461,PC-EQ-08,2026-07-23 00:00:00,Correctiva,22.0,3,Sello mecánico,5824.0,PC
OT-004922,PAR-006462,PC-EQ-08,2026-07-24 00:00:00,Correctiva,10.0,1,Ninguno (solo mano de obra),4679.0,PC
OT-004923,PAR-006464,PC-EQ-08,2026-08-01 00:00:00,Preventiva,7.6,1,Ninguno (solo mano de obra),169.0,PC
OT-004924,PAR-006465,PC-EQ-08,2026-08-03 00:00:00,Correctiva,2.8,1,Revestimiento (liner),3360.0,PC
OT-004925,PAR-006466,PC-EQ-08,2026-08-07 00:00:00,Correctiva,6.3,2,Sensor/instrumento,2830.0,PC
OT-004926,PAR-006468,PC-EQ-08,2026-08-19 00:00:00,Preventiva,8.5,1,Revestimiento (liner),276.0,PC
OT-004927,PAR-006472,PC-EQ-08,2026-08-28 00:00:00,Correctiva,14.7,1,Sello mecánico,1175.0,PC
OT-004928,PAR-006473,PC-EQ-08,2026-08-30 00:00:00,Correctiva,14.3,2,Sensor/instrumento,2086.0,PC
OT-004929,PAR-006474,PC-EQ-08,2026-09-07 00:00:00,Correctiva,23.7,3,Ninguno (solo mano de obra),2096.0,PC
OT-004930,PAR-006475,PC-EQ-08,2026-09-11 00:00:00,Preventiva,6.1,2,Sensor/instrumento,2139.0,PC
OT-004931,PAR-006477,PC-EQ-08,2026-09-15 00:00:00,Correctiva,4.4,2,Revestimiento (liner),278.0,PC
OT-004932,PAR-006478,PC-EQ-08,2026-09-21 00:00:00,Correctiva,5.9,3,Sensor/instrumento,5552.0,PC
OT-004933,PAR-006479,PC-EQ-08,2026-09-24 00:00:00,Correctiva,1.6,1,Sello mecánico,3674.0,PC
OT-004934,PAR-006480,PC-EQ-08,2026-09-25 00:00:00,Correctiva,17.5,2,Faja/correa,5695.0,PC
OT-004935,PAR-006481,PC-EQ-08,2026-10-01 00:00:00,Correctiva,14.9,1,Rodamiento,1540.0,PC
OT-004936,PAR-006483,PC-EQ-08,2026-10-03 00:00:00,Preventiva,5.2,1,Ninguno (solo mano de obra),387.0,PC
OT-004937,PAR-006487,PC-EQ-08,2026-10-11 00:00:00,Correctiva,20.0,2,Sensor/instrumento,476.0,PC
OT-004938,PAR-006488,PC-EQ-08,2026-10-12 00:00:00,Correctiva,4.8,1,Sello mecánico,264.0,PC
OT-004939,PAR-006489,PC-EQ-08,2026-10-16 00:00:00,Correctiva,3.7,3,Sensor/instrumento,5344.0,PC
OT-004940,PAR-006490,PC-EQ-08,2026-10-20 00:00:00,Preventiva,7.8,3,Sello mecánico,1862.0,PC
OT-004941,PAR-006491,PC-EQ-08,2026-10-21 00:00:00,Correctiva,0.6,1,Motor eléctrico,1424.0,PC
OT-004942,PAR-006492,PC-EQ-08,2026-10-26 00:00:00,Correctiva,4.3,1,Sello mecánico,912.0,PC
OT-004943,PAR-006493,PC-EQ-08,2026-11-05 00:00:00,Preventiva,7.9,1,Ninguno (solo mano de obra),875.0,PC
OT-004944,PAR-006494,PC-EQ-08,2026-11-06 00:00:00,Correctiva,4.9,3,Revestimiento (liner),2740.0,PC
OT-004945,PAR-006500,PC-EQ-08,2026-11-26 00:00:00,Preventiva,5.7,1,Motor eléctrico,48.0,PC
OT-004946,PAR-006504,PC-EQ-08,2026-12-11 00:00:00,Correctiva,3.5,1,Faja/correa,724.0,PC
OT-004947,PAR-006508,PC-EQ-08,2026-12-16 00:00:00,Preventiva,8.2,2,Rodamiento,1320.0,PC
OT-004948,PAR-006509,PC-EQ-08,2026-12-22 00:00:00,Correctiva,22.1,1,Sello mecánico,4285.0,PC
OT-004949,PAR-006510,PC-EQ-08,2026-12-27 00:00:00,Correctiva,8.7,1,Ninguno (solo mano de obra),5640.0,PC
OT-004950,PAR-006511,PC-EQ-08,2026-12-31 00:00:00,Preventiva,8.6,2,Revestimiento (liner),1848.0,PC
OT-004951,PAR-006513,PC-EQ-08,2027-01-14 00:00:00,Preventiva,10.2,2,Ninguno (solo mano de obra),1276.0,PC
OT-004952,PAR-006514,PC-EQ-08,2027-01-14 00:00:00,Correctiva,4.2,2,Sensor/instrumento,3185.0,PC
OT-004953,PAR-006515,PC-EQ-08,2027-01-16 00:00:00,Correctiva,5.6,2,Ninguno (solo mano de obra),7321.0,PC
OT-004954,PAR-006516,PC-EQ-08,2027-01-20 00:00:00,Correctiva,4.7,1,Sensor/instrumento,3214.0,PC
OT-004955,PAR-006517,PC-EQ-08,2027-01-27 00:00:00,Correctiva,6.5,3,Revestimiento (liner),2826.0,PC
OT-004956,PAR-006518,PC-EQ-08,2027-01-30 00:00:00,Correctiva,2.6,2,Rodamiento,7524.0,PC
OT-004957,PAR-006519,PC-EQ-08,2027-01-31 00:00:00,Correctiva,17.6,1,Faja/correa,3730.0,PC
OT-004958,PAR-006520,PC-EQ-08,2027-02-03 00:00:00,Preventiva,6.3,2,Revestimiento (liner),826.0,PC
OT-004959,PAR-006521,PC-EQ-08,2027-02-04 00:00:00,Correctiva,17.5,2,Sensor/instrumento,2096.0,PC
OT-004960,PAR-006522,PC-EQ-08,2027-02-17 00:00:00,Correctiva,8.0,3,Faja/correa,2844.0,PC
OT-004961,PAR-006523,PC-EQ-08,2027-02-18 00:00:00,Preventiva,11.8,1,Sensor/instrumento,373.0,PC
OT-004962,PAR-006524,PC-EQ-08,2027-02-20 00:00:00,Correctiva,12.0,3,Sensor/instrumento,6156.0,PC
OT-004963,PAR-006526,PC-EQ-08,2027-03-03 00:00:00,Correctiva,1.6,3,Revestimiento (liner),1964.0,PC
OT-004964,PAR-006527,PC-EQ-08,2027-03-12 00:00:00,Correctiva,6.2,3,Sensor/instrumento,4405.0,PC
OT-004965,PAR-006528,PC-EQ-08,2027-03-13 00:00:00,Preventiva,10.4,3,Rodamiento,1063.0,PC
OT-004966,PAR-006529,PC-EQ-08,2027-03-14 00:00:00,Correctiva,13.4,1,Revestimiento (liner),4789.0,PC
OT-004967,PAR-006530,PC-EQ-08,2027-03-17 00:00:00,Correctiva,23.3,3,Faja/correa,5170.0,PC
OT-004968,PAR-006532,PC-EQ-08,2027-03-22 00:00:00,Correctiva,7.3,3,Sello mecánico,7495.0,PC
OT-004969,PAR-006533,PC-EQ-08,2027-03-27 00:00:00,Correctiva,24.0,1,Rodamiento,578.0,PC
OT-004970,PAR-006534,PC-EQ-08,2027-03-28 00:00:00,Preventiva,9.8,1,Revestimiento (liner),765.0,PC
OT-004971,PAR-006536,PC-EQ-08,2027-04-03 00:00:00,Correctiva,5.0,3,,2431.0,PC
OT-004972,PAR-006537,PC-EQ-08,2027-04-04 00:00:00,Correctiva,0.6,3,Motor eléctrico,2529.0,PC
OT-004973,PAR-006539,PC-EQ-08,2027-04-13 00:00:00,Correctiva,6.6,1,Revestimiento (liner),4859.0,PC
OT-004974,PAR-006540,PC-EQ-08,2027-04-14 00:00:00,Preventiva,9.2,1,Faja/correa,2063.0,PC
OT-004975,PAR-006543,PC-EQ-08,2027-05-07 00:00:00,Preventiva,8.9,3,Ninguno (solo mano de obra),1157.0,PC
OT-004976,PAR-006545,PC-EQ-08,2027-05-19 00:00:00,Correctiva,3.2,3,Faja/correa,7042.0,PC
OT-004977,PAR-006546,PC-EQ-08,2027-05-21 00:00:00,Preventiva,6.0,3,Faja/correa,1660.0,PC
OT-004978,PAR-006547,PC-EQ-08,2027-05-21 00:00:00,Correctiva,1.5,2,Ninguno (solo mano de obra),2739.0,PC
OT-004979,PAR-006548,PC-EQ-08,2027-05-22 00:00:00,Correctiva,10.6,2,Rodamiento,5019.0,PC
OT-004980,PAR-006549,PC-EQ-08,2027-05-23 00:00:00,Correctiva,3.3,1,Rodamiento,7100.0,PC
OT-004981,PAR-006550,PC-EQ-08,2027-05-26 00:00:00,Correctiva,16.0,3,Faja/correa,4549.0,PC
OT-004982,PAR-006552,PC-EQ-08,2027-06-13 00:00:00,Preventiva,12.3,1,Revestimiento (liner),1927.0,PC
OT-004983,PAR-006553,PC-EQ-08,2027-06-21 00:00:00,Correctiva,10.5,3,Sello mecánico,665.0,PC
OT-004984,PAR-006554,PC-EQ-08,2027-07-01 00:00:00,Preventiva,10.1,3,Sensor/instrumento,1130.0,PC
OT-004985,PAR-006555,PC-EQ-08,2027-07-04 00:00:00,Correctiva,9.5,3,Sello mecánico,6677.0,PC
OT-004986,PAR-006556,PC-EQ-08,2027-07-24 00:00:00,Preventiva,9.5,2,Sensor/instrumento,1607.0,PC
OT-004987,PAR-006557,PC-EQ-08,2027-07-25 00:00:00,Correctiva,2.3,2,Faja/correa,980.0,PC
OT-004988,PAR-006562,PC-EQ-08,2027-08-14 00:00:00,Preventiva,7.9,2,Motor eléctrico,1295.0,PC
OT-004989,PAR-006565,PC-EQ-08,2027-08-29 00:00:00,Preventiva,5.4,3,,2123.0,PC
OT-004990,PAR-006566,PC-EQ-08,2027-08-31 00:00:00,Correctiva,15.0,3,Faja/correa,5734.0,PC
OT-004991,PAR-006567,PC-EQ-08,2027-09-02 00:00:00,Correctiva,2.1,1,Rodamiento,2863.0,PC
OT-004992,PAR-006568,PC-EQ-08,2027-09-09 00:00:00,Correctiva,18.5,1,Motor eléctrico,1799.0,PC
OT-004993,PAR-006569,PC-EQ-08,2027-09-14 00:00:00,Preventiva,7.9,1,Sello mecánico,1260.0,PC
OT-004994,PAR-006570,PC-EQ-08,2027-09-14 00:00:00,Correctiva,9.1,3,,1828.0,PC
OT-004995,PAR-006571,PC-EQ-08,2027-09-18 00:00:00,Correctiva,4.0,3,Ninguno (solo mano de obra),6963.0,PC
OT-004996,PAR-006572,PC-EQ-08,2027-09-20 00:00:00,Correctiva,7.5,3,Sello mecánico,445.0,PC
OT-004997,PAR-006573,PC-EQ-08,2027-09-21 00:00:00,Correctiva,27.4,1,Rodamiento,3430.0,PC
OT-004998,PAR-006574,PC-EQ-08,2027-09-22 00:00:00,Correctiva,1.1,1,Rodamiento,2789.0,PC
OT-004999,PAR-006575,PC-EQ-08,2027-09-28 00:00:00,Preventiva,4.5,1,Ninguno (solo mano de obra),2142.0,PC
OT-005000,PAR-006576,PC-EQ-08,2027-10-02 00:00:00,Correctiva,4.8,1,Revestimiento (liner),2304.0,PC
OT-005001,PAR-006577,PC-EQ-08,2027-10-12 00:00:00,Correctiva,18.8,1,Faja/correa,2765.0,PC
OT-005002,PAR-006578,PC-EQ-08,2027-10-21 00:00:00,Preventiva,9.0,1,Sensor/instrumento,881.0,PC
OT-005003,PAR-006581,PC-EQ-08,2027-10-27 00:00:00,Correctiva,21.6,1,Rodamiento,812.0,PC
OT-005004,PAR-006584,PC-EQ-08,2027-11-02 00:00:00,Correctiva,25.1,3,Faja/correa,5419.0,PC
OT-005005,PAR-006586,PC-EQ-08,2027-11-07 00:00:00,Correctiva,9.0,3,Rodamiento,4934.0,PC
OT-005006,PAR-006587,PC-EQ-08,2027-11-09 00:00:00,Correctiva,10.3,2,Sello mecánico,6696.0,PC
OT-005007,PAR-006588,PC-EQ-08,2027-11-10 00:00:00,Preventiva,9.9,1,Revestimiento (liner),778.0,PC
OT-005008,PAR-006589,PC-EQ-08,2027-11-12 00:00:00,Correctiva,7.9,3,Sensor/instrumento,147.0,PC
OT-005009,PAR-006590,PC-EQ-08,2027-11-16 00:00:00,Correctiva,2.2,2,Revestimiento (liner),4671.0,PC
OT-005010,PAR-006591,PC-EQ-08,2027-11-17 00:00:00,Correctiva,13.2,1,Sensor/instrumento,2662.0,PC
OT-005011,PAR-006592,PC-EQ-08,2027-11-19 00:00:00,Correctiva,0.9,2,Rodamiento,4827.0,PC
OT-005012,PAR-006593,PC-EQ-08,2027-11-26 00:00:00,Preventiva,12.1,3,Ninguno (solo mano de obra),1916.0,PC
OT-005013,PAR-006594,PC-EQ-08,2027-11-30 00:00:00,Correctiva,8.7,2,Motor eléctrico,5263.0,PC
OT-005014,PAR-006596,PC-EQ-08,2027-12-13 00:00:00,Preventiva,8.7,1,Sensor/instrumento,386.0,PC
OT-005015,PAR-006597,PC-EQ-08,2027-12-14 00:00:00,Correctiva,2.7,2,Motor eléctrico,3509.0,PC
OT-005016,PAR-006598,PC-EQ-08,2027-12-20 00:00:00,Correctiva,0.9,2,Sello mecánico,4714.0,PC
OT-005017,PAR-006599,PC-EQ-08,2027-12-22 00:00:00,Correctiva,8.0,1,Ninguno (solo mano de obra),5487.0,PC
OT-005018,PAR-006600,PC-EQ-08,2027-12-28 00:00:00,Correctiva,1.6,1,Motor eléctrico,6515.0,PC
OT-005019,PAR-006601,PC-EQ-08,2027-12-30 00:00:00,Correctiva,10.8,3,Sensor/instrumento,2417.0,PC
OT-005020,PAR-006602,PC-EQ-09,2024-01-03 00:00:00,Correctiva,4.6,1,Ninguno (solo mano de obra),2134.0,PC
OT-005021,PAR-006603,PC-EQ-09,2024-01-21 00:00:00,Preventiva,7.7,3,Rodamiento,1111.0,PC
OT-005022,PAR-006604,PC-EQ-09,2024-02-13 00:00:00,Preventiva,5.1,2,Ninguno (solo mano de obra),707.0,PC
OT-005023,PAR-006605,PC-EQ-09,2024-02-17 00:00:00,Correctiva,15.4,1,Motor eléctrico,2388.0,PC
OT-005024,PAR-006606,PC-EQ-09,2024-03-02 00:00:00,Preventiva,8.8,1,Revestimiento (liner),915.0,PC
OT-005025,PAR-006607,PC-EQ-09,2024-03-24 00:00:00,Preventiva,10.1,3,Rodamiento,1825.0,PC
OT-005026,PAR-006608,PC-EQ-09,2024-04-02 00:00:00,Correctiva,4.2,1,Rodamiento,3437.0,PC
OT-005027,PAR-006609,PC-EQ-09,2024-04-09 00:00:00,Preventiva,5.9,3,Faja/correa,594.0,PC
OT-005028,PAR-006611,PC-EQ-09,2024-04-13 00:00:00,Correctiva,3.5,2,Sensor/instrumento,6135.0,PC
OT-005029,PAR-006612,PC-EQ-09,2024-04-25 00:00:00,Preventiva,13.9,1,Faja/correa,383.0,PC
OT-005030,PAR-006613,PC-EQ-09,2024-05-04 00:00:00,Correctiva,0.6,3,Faja/correa,4218.0,PC
OT-005031,PAR-006614,PC-EQ-09,2024-05-09 00:00:00,Preventiva,8.5,1,Revestimiento (liner),532.0,PC
OT-005032,PAR-006616,PC-EQ-09,2024-05-24 00:00:00,Preventiva,6.7,3,Faja/correa,1173.0,PC
OT-005033,PAR-006618,PC-EQ-09,2024-05-28 00:00:00,Correctiva,3.4,1,Motor eléctrico,511.0,PC
OT-005034,PAR-006621,PC-EQ-09,2024-06-15 00:00:00,Correctiva,1.4,1,Sensor/instrumento,7149.0,PC
OT-005035,PAR-006622,PC-EQ-09,2024-06-16 00:00:00,Preventiva,6.9,3,Rodamiento,1691.0,PC
OT-005036,PAR-006624,PC-EQ-09,2024-06-26 00:00:00,Correctiva,11.9,1,Faja/correa,5745.0,PC
OT-005037,PAR-006625,PC-EQ-09,2024-07-02 00:00:00,Preventiva,10.4,1,Sensor/instrumento,1404.0,PC
OT-005038,PAR-006626,PC-EQ-09,2024-07-02 00:00:00,Correctiva,0.7,2,Sensor/instrumento,1638.0,PC
OT-005039,PAR-006627,PC-EQ-09,2024-07-14 00:00:00,Correctiva,0.7,1,Sello mecánico,3827.0,PC
OT-005040,PAR-006628,PC-EQ-09,2024-07-16 00:00:00,Preventiva,7.0,2,Rodamiento,762.0,PC
OT-005041,PAR-006629,PC-EQ-09,2024-08-03 00:00:00,Correctiva,18.0,3,Sello mecánico,4966.0,PC
OT-005042,PAR-006630,PC-EQ-09,2024-08-07 00:00:00,Preventiva,5.8,3,Sensor/instrumento,2312.0,PC
OT-005043,PAR-006631,PC-EQ-09,2024-08-30 00:00:00,Preventiva,7.3,2,Faja/correa,268.0,PC
OT-005044,PAR-006633,PC-EQ-09,2024-09-12 00:00:00,Correctiva,5.4,3,Sello mecánico,4695.0,PC
OT-005045,PAR-006634,PC-EQ-09,2024-09-16 00:00:00,Preventiva,7.6,1,Motor eléctrico,502.0,PC
OT-005046,PAR-006636,PC-EQ-09,2024-10-01 00:00:00,Correctiva,15.4,1,Motor eléctrico,6642.0,PC
OT-005047,PAR-006637,PC-EQ-09,2024-10-06 00:00:00,Preventiva,9.5,2,Ninguno (solo mano de obra),1012.0,PC
OT-005048,PAR-006641,PC-EQ-09,2024-10-24 00:00:00,Preventiva,3.9,3,Motor eléctrico,1384.0,PC
OT-005049,PAR-006642,PC-EQ-09,2024-10-29 00:00:00,Correctiva,2.1,2,Motor eléctrico,2785.0,PC
OT-005050,PAR-006645,PC-EQ-09,2024-11-12 00:00:00,Correctiva,1.3,1,Ninguno (solo mano de obra),3870.0,PC
OT-005051,PAR-006647,PC-EQ-09,2024-11-16 00:00:00,Preventiva,9.3,1,Rodamiento,1935.0,PC
OT-005052,PAR-006648,PC-EQ-09,2024-11-20 00:00:00,Correctiva,2.9,3,Motor eléctrico,6504.0,PC
OT-005053,PAR-006649,PC-EQ-09,2024-11-22 00:00:00,Correctiva,2.4,2,Rodamiento,6253.0,PC
OT-005054,PAR-006650,PC-EQ-09,2024-12-01 00:00:00,Preventiva,11.7,2,Faja/correa,66.0,PC
OT-005055,PAR-006651,PC-EQ-09,2024-12-02 00:00:00,Correctiva,0.5,1,Ninguno (solo mano de obra),2674.0,PC
OT-005056,PAR-006653,PC-EQ-09,2024-12-18 00:00:00,Correctiva,10.4,3,Revestimiento (liner),6460.0,PC
OT-005057,PAR-006654,PC-EQ-09,2024-12-21 00:00:00,Preventiva,5.7,3,Motor eléctrico,220.0,PC
OT-005058,PAR-006655,PC-EQ-09,2024-12-23 00:00:00,Correctiva,0.7,2,Rodamiento,3991.0,PC
OT-005059,PAR-006656,PC-EQ-09,2024-12-28 00:00:00,Correctiva,2.7,3,Motor eléctrico,1060.0,PC
OT-005060,PAR-006658,PC-EQ-09,2025-01-11 00:00:00,Correctiva,4.6,2,Faja/correa,6726.0,PC
OT-005061,PAR-006659,PC-EQ-09,2025-01-13 00:00:00,Preventiva,5.0,1,Rodamiento,1676.0,PC
OT-005062,PAR-006661,PC-EQ-09,2025-01-21 00:00:00,Correctiva,3.4,3,Revestimiento (liner),1918.0,PC
OT-005063,PAR-006662,PC-EQ-09,2025-01-27 00:00:00,Correctiva,5.7,1,Rodamiento,4194.0,PC
OT-005064,PAR-006663,PC-EQ-09,2025-01-29 00:00:00,Preventiva,7.5,3,Faja/correa,653.0,PC
OT-005065,PAR-006664,PC-EQ-09,2025-02-14 00:00:00,Preventiva,9.0,1,Sensor/instrumento,2378.0,PC
OT-005066,PAR-006666,PC-EQ-09,2025-02-24 00:00:00,Correctiva,3.0,2,Motor eléctrico,6527.0,PC
OT-005067,PAR-006667,PC-EQ-09,2025-03-03 00:00:00,Preventiva,9.3,1,Sensor/instrumento,493.0,PC
OT-005068,PAR-006668,PC-EQ-09,2025-03-22 00:00:00,Preventiva,7.4,2,Rodamiento,1111.0,PC
OT-005069,PAR-006669,PC-EQ-09,2025-03-31 00:00:00,Correctiva,0.5,1,Sensor/instrumento,7027.0,PC
OT-005070,PAR-006671,PC-EQ-09,2025-04-01 00:00:00,Correctiva,8.3,1,Ninguno (solo mano de obra),4737.0,PC
OT-005071,PAR-006672,PC-EQ-09,2025-04-02 00:00:00,Correctiva,7.4,1,Faja/correa,4673.0,PC
OT-005072,PAR-006673,PC-EQ-09,2025-04-07 00:00:00,Correctiva,6.0,3,Ninguno (solo mano de obra),4298.0,PC
OT-005073,PAR-006674,PC-EQ-09,2025-04-08 00:00:00,Preventiva,8.6,2,Ninguno (solo mano de obra),1493.0,PC
OT-005074,PAR-006675,PC-EQ-09,2025-04-11 00:00:00,Correctiva,4.9,1,Revestimiento (liner),7198.0,PC
OT-005075,PAR-006676,PC-EQ-09,2025-04-23 00:00:00,Preventiva,7.9,1,Ninguno (solo mano de obra),1605.0,PC
OT-005076,PAR-006680,PC-EQ-09,2025-05-11 00:00:00,Preventiva,6.4,2,,1141.0,PC
OT-005077,PAR-006681,PC-EQ-09,2025-05-15 00:00:00,Correctiva,14.2,3,Ninguno (solo mano de obra),5573.0,PC
OT-005078,PAR-006682,PC-EQ-09,2025-05-21 00:00:00,Correctiva,4.7,3,Rodamiento,860.0,PC
OT-005079,PAR-006683,PC-EQ-09,2025-05-30 00:00:00,Preventiva,12.9,1,Motor eléctrico,238.0,PC
OT-005080,PAR-006685,PC-EQ-09,2025-06-17 00:00:00,Preventiva,7.1,1,Sensor/instrumento,1733.0,PC
OT-005081,PAR-006686,PC-EQ-09,2025-06-27 00:00:00,Correctiva,0.8,3,Rodamiento,2111.0,PC
OT-005082,PAR-006689,PC-EQ-09,2025-07-09 00:00:00,Correctiva,7.5,2,Faja/correa,7749.0,PC
OT-005083,PAR-006690,PC-EQ-09,2025-07-10 00:00:00,Preventiva,5.8,2,,909.0,PC
OT-005084,PAR-006694,PC-EQ-09,2025-07-14 00:00:00,Correctiva,2.8,1,Rodamiento,1633.0,PC
OT-005085,PAR-006696,PC-EQ-09,2025-07-31 00:00:00,Preventiva,12.0,1,Faja/correa,1004.0,PC
OT-005086,PAR-006697,PC-EQ-09,2025-08-03 00:00:00,Correctiva,7.6,1,Faja/correa,2897.0,PC
OT-005087,PAR-006698,PC-EQ-09,2025-08-17 00:00:00,Correctiva,2.0,3,Sello mecánico,2055.0,PC
OT-005088,PAR-006700,PC-EQ-09,2025-08-21 00:00:00,Preventiva,13.6,3,Sello mecánico,812.0,PC
OT-005089,PAR-006701,PC-EQ-09,2025-08-23 00:00:00,Correctiva,0.4,2,Sello mecánico,2762.0,PC
OT-005090,PAR-006702,PC-EQ-09,2025-09-01 00:00:00,Correctiva,4.6,3,Sensor/instrumento,5488.0,PC
OT-005091,PAR-006705,PC-EQ-09,2025-09-13 00:00:00,Preventiva,9.9,3,Faja/correa,695.0,PC
OT-005092,PAR-006706,PC-EQ-09,2025-09-14 00:00:00,Correctiva,1.4,2,Sello mecánico,2555.0,PC
OT-005093,PAR-006707,PC-EQ-09,2025-09-28 00:00:00,Preventiva,8.9,3,Sello mecánico,1949.0,PC
OT-005094,PAR-006708,PC-EQ-09,2025-10-03 00:00:00,Correctiva,0.6,2,Ninguno (solo mano de obra),5051.0,PC
OT-005095,PAR-006709,PC-EQ-09,2025-10-14 00:00:00,Correctiva,9.0,3,Revestimiento (liner),3263.0,PC
OT-005096,PAR-006710,PC-EQ-09,2025-10-18 00:00:00,Correctiva,5.7,1,,4665.0,PC
OT-005097,PAR-006711,PC-EQ-09,2025-10-19 00:00:00,Preventiva,9.5,3,Rodamiento,2328.0,PC
OT-005098,PAR-006712,PC-EQ-09,2025-10-20 00:00:00,Correctiva,6.3,2,Sello mecánico,7144.0,PC
OT-005099,PAR-006714,PC-EQ-09,2025-10-29 00:00:00,Correctiva,1.2,2,Sello mecánico,6374.0,PC
OT-005100,PAR-006717,PC-EQ-09,2025-11-03 00:00:00,Preventiva,12.5,3,Ninguno (solo mano de obra),817.0,PC
OT-005101,PAR-006718,PC-EQ-09,2025-11-03 00:00:00,Correctiva,3.2,2,Rodamiento,4495.0,PC
OT-005102,PAR-006720,PC-EQ-09,2025-11-17 00:00:00,Correctiva,10.3,2,Sensor/instrumento,970.0,PC
OT-005103,PAR-006721,PC-EQ-09,2025-11-25 00:00:00,Preventiva,5.0,3,Motor eléctrico,934.0,PC
OT-005104,PAR-006724,PC-EQ-09,2025-12-03 00:00:00,Correctiva,5.7,3,Faja/correa,5427.0,PC
OT-005105,PAR-006725,PC-EQ-09,2025-12-04 00:00:00,Correctiva,8.8,2,Faja/correa,703.0,PC
OT-005106,PAR-006727,PC-EQ-09,2025-12-14 00:00:00,Preventiva,5.6,2,Rodamiento,2467.0,PC
OT-005107,PAR-006728,PC-EQ-09,2025-12-27 00:00:00,Correctiva,5.1,2,Rodamiento,6040.0,PC
OT-005108,PAR-006730,PC-EQ-09,2025-12-30 00:00:00,Correctiva,9.5,1,Revestimiento (liner),785.0,PC
OT-005109,PAR-006732,PC-EQ-09,2026-01-05 00:00:00,Preventiva,7.3,3,Motor eléctrico,1176.0,PC
OT-005110,PAR-006734,PC-EQ-09,2026-01-20 00:00:00,Correctiva,1.4,2,Revestimiento (liner),5030.0,PC
OT-005111,PAR-006735,PC-EQ-09,2026-01-22 00:00:00,Preventiva,11.6,1,Rodamiento,255.0,PC
OT-005112,PAR-006736,PC-EQ-09,2026-01-23 00:00:00,Correctiva,11.4,2,Rodamiento,4209.0,PC
OT-005113,PAR-006738,PC-EQ-09,2026-02-03 00:00:00,Correctiva,8.1,3,Ninguno (solo mano de obra),2889.0,PC
OT-005114,PAR-006739,PC-EQ-09,2026-02-05 00:00:00,Preventiva,7.2,2,Sello mecánico,2088.0,PC
OT-005115,PAR-006741,PC-EQ-09,2026-02-19 00:00:00,Preventiva,4.7,3,Sensor/instrumento,2255.0,PC
OT-005116,PAR-006742,PC-EQ-09,2026-02-20 00:00:00,Correctiva,4.3,2,Revestimiento (liner),3531.0,PC
OT-005117,PAR-006743,PC-EQ-09,2026-02-21 00:00:00,Correctiva,8.4,2,Motor eléctrico,4281.0,PC
OT-005118,PAR-006746,PC-EQ-09,2026-03-13 00:00:00,Preventiva,7.4,2,Revestimiento (liner),334.0,PC
OT-005119,PAR-006749,PC-EQ-09,2026-03-23 00:00:00,Correctiva,8.0,1,Faja/correa,4515.0,PC
OT-005120,PAR-006750,PC-EQ-09,2026-03-28 00:00:00,Preventiva,5.4,3,Sello mecánico,1996.0,PC
OT-005121,PAR-006751,PC-EQ-09,2026-04-01 00:00:00,Correctiva,2.4,3,Revestimiento (liner),6916.0,PC
OT-005122,PAR-006752,PC-EQ-09,2026-04-02 00:00:00,Correctiva,1.1,2,Faja/correa,5807.0,PC
OT-005123,PAR-006753,PC-EQ-09,2026-04-09 00:00:00,Correctiva,0.7,1,Ninguno (solo mano de obra),4880.0,PC
OT-005124,PAR-006754,PC-EQ-09,2026-04-16 00:00:00,Preventiva,12.3,1,Motor eléctrico,697.0,PC
OT-005125,PAR-006755,PC-EQ-09,2026-04-18 00:00:00,Correctiva,4.2,2,Ninguno (solo mano de obra),6570.0,PC
OT-005126,PAR-006758,PC-EQ-09,2026-04-27 00:00:00,Correctiva,1.2,2,Faja/correa,5839.0,PC
OT-005127,PAR-006759,PC-EQ-09,2026-05-04 00:00:00,Preventiva,5.0,3,Sensor/instrumento,2442.0,PC
OT-005128,PAR-006760,PC-EQ-09,2026-05-10 00:00:00,Correctiva,12.9,1,Revestimiento (liner),5946.0,PC
OT-005129,PAR-006765,PC-EQ-09,2026-05-26 00:00:00,Preventiva,8.2,2,Revestimiento (liner),1020.0,PC
OT-005130,PAR-006766,PC-EQ-09,2026-05-31 00:00:00,Correctiva,12.7,1,Ninguno (solo mano de obra),583.0,PC
OT-005131,PAR-006767,PC-EQ-09,2026-06-09 00:00:00,Preventiva,8.1,2,Faja/correa,832.0,PC
OT-005132,PAR-006769,PC-EQ-09,2026-06-29 00:00:00,Preventiva,7.3,1,Motor eléctrico,1103.0,PC
OT-005133,PAR-006770,PC-EQ-09,2026-06-29 00:00:00,Correctiva,1.3,2,Sensor/instrumento,5135.0,PC
OT-005134,PAR-006771,PC-EQ-09,2026-06-30 00:00:00,Correctiva,0.9,1,Ninguno (solo mano de obra),3799.0,PC
OT-005135,PAR-006772,PC-EQ-09,2026-07-02 00:00:00,Correctiva,7.2,2,Motor eléctrico,468.0,PC
OT-005136,PAR-006775,PC-EQ-09,2026-07-13 00:00:00,Preventiva,6.8,2,Sello mecánico,1874.0,PC
OT-005137,PAR-006776,PC-EQ-09,2026-07-21 00:00:00,Correctiva,6.8,2,Motor eléctrico,5017.0,PC
OT-005138,PAR-006777,PC-EQ-09,2026-07-22 00:00:00,Correctiva,4.5,2,Motor eléctrico,783.0,PC
OT-005139,PAR-006778,PC-EQ-09,2026-07-28 00:00:00,Correctiva,2.0,2,Sello mecánico,2833.0,PC
OT-005140,PAR-006779,PC-EQ-09,2026-08-02 00:00:00,Preventiva,6.5,1,Revestimiento (liner),1646.0,PC
OT-005141,PAR-006780,PC-EQ-09,2026-08-11 00:00:00,Correctiva,13.3,3,Ninguno (solo mano de obra),7109.0,PC
OT-005142,PAR-006782,PC-EQ-09,2026-08-21 00:00:00,Preventiva,11.6,3,Faja/correa,2108.0,PC
OT-005143,PAR-006783,PC-EQ-09,2026-08-23 00:00:00,Correctiva,5.9,1,Ninguno (solo mano de obra),3883.0,PC
OT-005144,PAR-006784,PC-EQ-09,2026-08-27 00:00:00,Correctiva,4.7,2,Sello mecánico,3787.0,PC
OT-005145,PAR-006785,PC-EQ-09,2026-08-30 00:00:00,Correctiva,0.4,1,Sensor/instrumento,1488.0,PC
OT-005146,PAR-006786,PC-EQ-09,2026-09-04 00:00:00,Preventiva,13.6,3,Revestimiento (liner),2341.0,PC
OT-005147,PAR-006788,PC-EQ-09,2026-09-15 00:00:00,Correctiva,0.8,3,Sensor/instrumento,6743.0,PC
OT-005148,PAR-006789,PC-EQ-09,2026-09-19 00:00:00,Preventiva,6.4,2,Ninguno (solo mano de obra),1097.0,PC
OT-005149,PAR-006790,PC-EQ-09,2026-09-19 00:00:00,Correctiva,9.0,2,Revestimiento (liner),3595.0,PC
OT-005150,PAR-006791,PC-EQ-09,2026-09-22 00:00:00,Correctiva,5.6,2,Rodamiento,6313.0,PC
OT-005151,PAR-006792,PC-EQ-09,2026-09-25 00:00:00,Correctiva,6.4,3,Rodamiento,79.0,PC
OT-005152,PAR-006793,PC-EQ-09,2026-10-01 00:00:00,Correctiva,4.6,1,Revestimiento (liner),6244.0,PC
OT-005153,PAR-006794,PC-EQ-09,2026-10-06 00:00:00,Correctiva,10.0,1,Motor eléctrico,5354.0,PC
OT-005154,PAR-006795,PC-EQ-09,2026-10-08 00:00:00,Preventiva,8.6,2,Rodamiento,2143.0,PC
OT-005155,PAR-006796,PC-EQ-09,2026-10-15 00:00:00,Correctiva,11.0,1,Ninguno (solo mano de obra),659.0,PC
OT-005156,PAR-006797,PC-EQ-09,2026-10-27 00:00:00,Correctiva,1.9,3,Sensor/instrumento,7361.0,PC
OT-005157,PAR-006798,PC-EQ-09,2026-10-29 00:00:00,Preventiva,8.4,3,Sello mecánico,1506.0,PC
OT-005158,PAR-006799,PC-EQ-09,2026-11-03 00:00:00,Correctiva,0.6,2,Sello mecánico,7394.0,PC
OT-005159,PAR-006800,PC-EQ-09,2026-11-07 00:00:00,Correctiva,0.5,2,Rodamiento,4156.0,PC
OT-005160,PAR-006801,PC-EQ-09,2026-11-09 00:00:00,Correctiva,2.7,2,Motor eléctrico,3131.0,PC
OT-005161,PAR-006802,PC-EQ-09,2026-11-11 00:00:00,Correctiva,0.6,1,Motor eléctrico,2149.0,PC
OT-005162,PAR-006803,PC-EQ-09,2026-11-15 00:00:00,Preventiva,4.6,3,Ninguno (solo mano de obra),2480.0,PC
OT-005163,PAR-006804,PC-EQ-09,2026-11-21 00:00:00,Correctiva,0.7,1,Faja/correa,2735.0,PC
OT-005164,PAR-006805,PC-EQ-09,2026-11-23 00:00:00,Correctiva,14.4,1,Revestimiento (liner),3156.0,PC
OT-005165,PAR-006806,PC-EQ-09,2026-11-28 00:00:00,Correctiva,1.0,3,Sensor/instrumento,4671.0,PC
OT-005166,PAR-006808,PC-EQ-09,2026-12-03 00:00:00,Preventiva,3.9,2,Rodamiento,1198.0,PC
OT-005167,PAR-006809,PC-EQ-09,2026-12-04 00:00:00,Correctiva,3.5,1,Sensor/instrumento,2928.0,PC
OT-005168,PAR-006810,PC-EQ-09,2026-12-26 00:00:00,Preventiva,4.8,2,Faja/correa,386.0,PC
OT-005169,PAR-006811,PC-EQ-09,2026-12-27 00:00:00,Correctiva,0.8,1,Ninguno (solo mano de obra),6081.0,PC
OT-005170,PAR-006812,PC-EQ-09,2027-01-08 00:00:00,Correctiva,2.9,2,Ninguno (solo mano de obra),3318.0,PC
OT-005171,PAR-006814,PC-EQ-09,2027-01-18 00:00:00,Preventiva,5.0,2,Faja/correa,1937.0,PC
OT-005172,PAR-006815,PC-EQ-09,2027-02-02 00:00:00,Preventiva,5.9,3,Sello mecánico,1150.0,PC
OT-005173,PAR-006816,PC-EQ-09,2027-02-06 00:00:00,Correctiva,4.9,3,Rodamiento,1267.0,PC
OT-005174,PAR-006818,PC-EQ-09,2027-02-11 00:00:00,Correctiva,0.6,1,Rodamiento,2189.0,PC
OT-005175,PAR-006819,PC-EQ-09,2027-02-14 00:00:00,Correctiva,7.9,3,Revestimiento (liner),316.0,PC
OT-005176,PAR-006820,PC-EQ-09,2027-02-18 00:00:00,Preventiva,5.1,1,Sello mecánico,2236.0,PC
OT-005177,PAR-006821,PC-EQ-09,2027-02-23 00:00:00,Correctiva,0.5,3,Sensor/instrumento,3292.0,PC
OT-005178,PAR-006822,PC-EQ-09,2027-03-07 00:00:00,Preventiva,5.9,2,Ninguno (solo mano de obra),1998.0,PC
OT-005179,PAR-006823,PC-EQ-09,2027-03-08 00:00:00,Correctiva,16.7,1,Rodamiento,4948.0,PC
OT-005180,PAR-006825,PC-EQ-09,2027-03-30 00:00:00,Preventiva,6.0,3,Sello mecánico,1880.0,PC
OT-005181,PAR-006826,PC-EQ-09,2027-04-16 00:00:00,Preventiva,10.9,2,Sensor/instrumento,1196.0,PC
OT-005182,PAR-006827,PC-EQ-09,2027-04-27 00:00:00,Correctiva,15.0,1,Ninguno (solo mano de obra),2516.0,PC
OT-005183,PAR-006828,PC-EQ-09,2027-05-06 00:00:00,Correctiva,11.6,1,Motor eléctrico,6212.0,PC
OT-005184,PAR-006829,PC-EQ-09,2027-05-07 00:00:00,Preventiva,5.8,2,Faja/correa,1417.0,PC
OT-005185,PAR-006830,PC-EQ-09,2027-05-09 00:00:00,Correctiva,11.6,2,Faja/correa,7543.0,PC
OT-005186,PAR-006831,PC-EQ-09,2027-05-14 00:00:00,Correctiva,0.5,1,Sello mecánico,1167.0,PC
OT-005187,PAR-006832,PC-EQ-09,2027-05-15 00:00:00,Correctiva,0.6,3,Rodamiento,389.0,PC
OT-005188,PAR-006834,PC-EQ-09,2027-05-21 00:00:00,Preventiva,5.7,2,Sello mecánico,575.0,PC
OT-005189,PAR-006835,PC-EQ-09,2027-05-23 00:00:00,Correctiva,2.8,1,Rodamiento,4344.0,PC
OT-005190,PAR-006837,PC-EQ-09,2027-05-27 00:00:00,Correctiva,4.3,1,Sello mecánico,2921.0,PC
OT-005191,PAR-006838,PC-EQ-09,2027-06-01 00:00:00,Correctiva,0.8,3,Faja/correa,5749.0,PC
OT-005192,PAR-006839,PC-EQ-09,2027-06-03 00:00:00,Correctiva,2.3,2,Faja/correa,177.0,PC
OT-005193,PAR-006840,PC-EQ-09,2027-06-04 00:00:00,Correctiva,4.3,1,Revestimiento (liner),880.0,PC
OT-005194,PAR-006841,PC-EQ-09,2027-06-09 00:00:00,Preventiva,5.5,2,Motor eléctrico,579.0,PC
OT-005195,PAR-006842,PC-EQ-09,2027-06-10 00:00:00,Correctiva,5.7,1,Sello mecánico,3061.0,PC
OT-005196,PAR-006843,PC-EQ-09,2027-06-30 00:00:00,Preventiva,7.0,2,Sensor/instrumento,371.0,PC
OT-005197,PAR-006844,PC-EQ-09,2027-07-06 00:00:00,Correctiva,1.3,3,Ninguno (solo mano de obra),5424.0,PC
OT-005198,PAR-006845,PC-EQ-09,2027-07-18 00:00:00,Correctiva,1.1,2,Faja/correa,826.0,PC
OT-005199,PAR-006846,PC-EQ-09,2027-07-19 00:00:00,Preventiva,4.6,1,Motor eléctrico,2150.0,PC
OT-005200,PAR-006850,PC-EQ-09,2027-07-31 00:00:00,Correctiva,30.3,3,Sello mecánico,3262.0,PC
OT-005201,PAR-006851,PC-EQ-09,2027-08-02 00:00:00,Correctiva,1.1,2,Rodamiento,1847.0,PC
OT-005202,PAR-006852,PC-EQ-09,2027-08-04 00:00:00,Preventiva,9.6,1,Ninguno (solo mano de obra),187.0,PC
OT-005203,PAR-006855,PC-EQ-09,2027-08-25 00:00:00,Preventiva,6.5,2,Rodamiento,948.0,PC
OT-005204,PAR-006856,PC-EQ-09,2027-08-28 00:00:00,Correctiva,4.3,1,Faja/correa,7999.0,PC
OT-005205,PAR-006857,PC-EQ-09,2027-09-04 00:00:00,Correctiva,4.6,3,Rodamiento,1462.0,PC
OT-005206,PAR-006858,PC-EQ-09,2027-09-07 00:00:00,Correctiva,0.9,2,Motor eléctrico,357.0,PC
OT-005207,PAR-006859,PC-EQ-09,2027-09-09 00:00:00,Correctiva,0.7,2,Ninguno (solo mano de obra),2015.0,PC
OT-005208,PAR-006860,PC-EQ-09,2027-09-14 00:00:00,Preventiva,11.5,3,Sello mecánico,352.0,PC
OT-005209,PAR-006861,PC-EQ-09,2027-09-24 00:00:00,Correctiva,6.4,2,Ninguno (solo mano de obra),4042.0,PC
OT-005210,PAR-006862,PC-EQ-09,2027-10-01 00:00:00,Preventiva,7.0,2,Sello mecánico,751.0,PC
OT-005211,PAR-006863,PC-EQ-09,2027-10-02 00:00:00,Correctiva,1.7,3,Revestimiento (liner),4872.0,PC
OT-005212,PAR-006867,PC-EQ-09,2027-10-16 00:00:00,Preventiva,8.3,1,Ninguno (solo mano de obra),1076.0,PC
OT-005213,PAR-006869,PC-EQ-09,2027-11-07 00:00:00,Preventiva,7.9,2,Sello mecánico,411.0,PC
OT-005214,PAR-006871,PC-EQ-09,2027-11-13 00:00:00,Correctiva,4.8,2,Sensor/instrumento,1188.0,PC
OT-005215,PAR-006872,PC-EQ-09,2027-11-16 00:00:00,Correctiva,1.8,3,Rodamiento,1765.0,PC
OT-005216,PAR-006874,PC-EQ-09,2027-11-21 00:00:00,Correctiva,16.4,3,Rodamiento,2631.0,PC
OT-005217,PAR-006875,PC-EQ-09,2027-11-23 00:00:00,Preventiva,4.0,3,Faja/correa,649.0,PC
OT-005218,PAR-006877,PC-EQ-09,2027-11-26 00:00:00,Correctiva,2.2,3,Sensor/instrumento,7775.0,PC
OT-005219,PAR-006879,PC-EQ-09,2027-12-08 00:00:00,Correctiva,3.0,3,Faja/correa,2342.0,PC
OT-005220,PAR-006880,PC-EQ-09,2027-12-10 00:00:00,Correctiva,12.1,1,Rodamiento,7786.0,PC
OT-005221,PAR-006881,PC-EQ-09,2027-12-12 00:00:00,Correctiva,3.7,2,Faja/correa,1587.0,PC
OT-005222,PAR-006883,PC-EQ-09,2027-12-16 00:00:00,Preventiva,7.3,1,Sensor/instrumento,943.0,PC
OT-005223,PAR-006885,PC-EQ-10,2024-01-04 00:00:00,Correctiva,7.9,1,Revestimiento (liner),5215.0,PC
OT-005224,PAR-006886,PC-EQ-10,2024-01-07 00:00:00,Correctiva,0.4,3,Faja/correa,7800.0,PC
OT-005225,PAR-006887,PC-EQ-10,2024-01-13 00:00:00,Correctiva,0.5,1,Rodamiento,5843.0,PC
OT-005226,PAR-006888,PC-EQ-10,2024-01-15 00:00:00,Preventiva,12.1,3,Faja/correa,1106.0,PC
OT-005227,PAR-006889,PC-EQ-10,2024-01-24 00:00:00,Correctiva,3.8,3,Sensor/instrumento,424.0,PC
OT-005228,PAR-006890,PC-EQ-10,2024-01-29 00:00:00,Correctiva,9.8,1,Motor eléctrico,3573.0,PC
OT-005229,PAR-006891,PC-EQ-10,2024-01-30 00:00:00,Correctiva,17.4,1,Faja/correa,5039.0,PC
OT-005230,PAR-006892,PC-EQ-10,2024-02-02 00:00:00,Preventiva,10.1,1,Motor eléctrico,953.0,PC
OT-005231,PAR-006893,PC-EQ-10,2024-02-07 00:00:00,Correctiva,2.4,2,Revestimiento (liner),3878.0,PC
OT-005232,PAR-006894,PC-EQ-10,2024-02-11 00:00:00,Correctiva,12.2,1,Ninguno (solo mano de obra),3513.0,PC
OT-005233,PAR-006895,PC-EQ-10,2024-02-12 00:00:00,Correctiva,14.3,1,Sensor/instrumento,1965.0,PC
OT-005234,PAR-006896,PC-EQ-10,2024-02-21 00:00:00,Preventiva,8.0,2,Revestimiento (liner),399.0,PC
OT-005235,PAR-006898,PC-EQ-10,2024-03-03 00:00:00,Correctiva,8.9,1,Motor eléctrico,2887.0,PC
OT-005236,PAR-006902,PC-EQ-10,2024-03-14 00:00:00,Preventiva,10.4,3,Revestimiento (liner),675.0,PC
OT-005237,PAR-006903,PC-EQ-10,2024-03-19 00:00:00,Correctiva,13.3,3,Ninguno (solo mano de obra),4386.0,PC
OT-005238,PAR-006906,PC-EQ-10,2024-03-24 00:00:00,Correctiva,10.6,1,Motor eléctrico,5320.0,PC
OT-005239,PAR-006907,PC-EQ-10,2024-03-30 00:00:00,Correctiva,2.2,3,Sello mecánico,942.0,PC
OT-005240,PAR-006908,PC-EQ-10,2024-03-31 00:00:00,Preventiva,9.9,2,Revestimiento (liner),935.0,PC
OT-005241,PAR-006911,PC-EQ-10,2024-04-08 00:00:00,Correctiva,2.0,2,Ninguno (solo mano de obra),4285.0,PC
OT-005242,PAR-006912,PC-EQ-10,2024-04-14 00:00:00,Preventiva,10.8,2,Sensor/instrumento,1599.0,PC
OT-005243,PAR-006913,PC-EQ-10,2024-04-17 00:00:00,Correctiva,1.9,2,Ninguno (solo mano de obra),5294.0,PC
OT-005244,PAR-006914,PC-EQ-10,2024-04-22 00:00:00,Correctiva,3.8,3,Sello mecánico,3111.0,PC
OT-005245,PAR-006915,PC-EQ-10,2024-04-23 00:00:00,Correctiva,16.1,1,Revestimiento (liner),5961.0,PC
OT-005246,PAR-006916,PC-EQ-10,2024-04-24 00:00:00,Correctiva,6.5,3,Motor eléctrico,6371.0,PC
OT-005247,PAR-006918,PC-EQ-10,2024-04-30 00:00:00,Preventiva,7.2,2,,2373.0,PC
OT-005248,PAR-006919,PC-EQ-10,2024-05-09 00:00:00,Correctiva,10.8,2,Motor eléctrico,2014.0,PC
OT-005249,PAR-006920,PC-EQ-10,2024-05-14 00:00:00,Preventiva,11.5,2,Rodamiento,1999.0,PC
OT-005250,PAR-006921,PC-EQ-10,2024-05-15 00:00:00,Correctiva,14.5,1,Ninguno (solo mano de obra),1740.0,PC
OT-005251,PAR-006924,PC-EQ-10,2024-05-25 00:00:00,Correctiva,0.7,3,Rodamiento,351.0,PC
OT-005252,PAR-006925,PC-EQ-10,2024-05-31 00:00:00,Preventiva,9.8,3,Rodamiento,465.0,PC
OT-005253,PAR-006928,PC-EQ-10,2024-06-05 00:00:00,Correctiva,14.5,1,Motor eléctrico,7929.0,PC
OT-005254,PAR-006929,PC-EQ-10,2024-06-08 00:00:00,Correctiva,17.9,1,,7406.0,PC
OT-005255,PAR-006930,PC-EQ-10,2024-06-20 00:00:00,Preventiva,7.1,3,Ninguno (solo mano de obra),246.0,PC
OT-005256,PAR-006931,PC-EQ-10,2024-06-30 00:00:00,Correctiva,3.5,2,Faja/correa,5431.0,PC
OT-005257,PAR-006932,PC-EQ-10,2024-07-07 00:00:00,Preventiva,10.0,3,Motor eléctrico,2117.0,PC
OT-005258,PAR-006933,PC-EQ-10,2024-07-10 00:00:00,Correctiva,6.6,3,Revestimiento (liner),3886.0,PC
OT-005259,PAR-006934,PC-EQ-10,2024-07-11 00:00:00,Correctiva,4.1,1,Motor eléctrico,2323.0,PC
OT-005260,PAR-006935,PC-EQ-10,2024-07-17 00:00:00,Correctiva,6.4,2,Faja/correa,879.0,PC
OT-005261,PAR-006936,PC-EQ-10,2024-07-22 00:00:00,Preventiva,7.4,3,Ninguno (solo mano de obra),2163.0,PC
OT-005262,PAR-006937,PC-EQ-10,2024-07-27 00:00:00,Correctiva,4.8,3,,898.0,PC
OT-005263,PAR-006938,PC-EQ-10,2024-07-31 00:00:00,Correctiva,19.3,1,Revestimiento (liner),2678.0,PC
OT-005264,PAR-006939,PC-EQ-10,2024-08-02 00:00:00,Correctiva,12.3,3,Rodamiento,5404.0,PC
OT-005265,PAR-006940,PC-EQ-10,2024-08-05 00:00:00,Preventiva,8.5,1,Sensor/instrumento,1444.0,PC
OT-005266,PAR-006942,PC-EQ-10,2024-08-10 00:00:00,Correctiva,7.1,3,Sensor/instrumento,3459.0,PC
OT-005267,PAR-006944,PC-EQ-10,2024-08-13 00:00:00,Correctiva,1.3,3,Rodamiento,5270.0,PC
OT-005268,PAR-006945,PC-EQ-10,2024-08-14 00:00:00,Correctiva,4.8,3,Revestimiento (liner),3050.0,PC
OT-005269,PAR-006946,PC-EQ-10,2024-08-19 00:00:00,Correctiva,22.5,3,Sello mecánico,7088.0,PC
OT-005270,PAR-006947,PC-EQ-10,2024-08-21 00:00:00,Preventiva,8.6,2,Sensor/instrumento,240.0,PC
OT-005271,PAR-006948,PC-EQ-10,2024-08-25 00:00:00,Correctiva,4.5,3,Motor eléctrico,6801.0,PC
OT-005272,PAR-006949,PC-EQ-10,2024-08-28 00:00:00,Correctiva,0.7,2,Rodamiento,357.0,PC
OT-005273,PAR-006950,PC-EQ-10,2024-08-29 00:00:00,Correctiva,1.7,2,Motor eléctrico,745.0,PC
OT-005274,PAR-006953,PC-EQ-10,2024-09-12 00:00:00,Preventiva,6.5,3,Sello mecánico,1641.0,PC
OT-005275,PAR-006954,PC-EQ-10,2024-09-12 00:00:00,Correctiva,4.5,1,Motor eléctrico,940.0,PC
OT-005276,PAR-006955,PC-EQ-10,2024-09-13 00:00:00,Correctiva,0.6,1,Motor eléctrico,6986.0,PC
OT-005277,PAR-006956,PC-EQ-10,2024-09-21 00:00:00,Correctiva,15.6,3,Rodamiento,2072.0,PC
OT-005278,PAR-006957,PC-EQ-10,2024-09-28 00:00:00,Correctiva,6.0,3,Revestimiento (liner),335.0,PC
OT-005279,PAR-006958,PC-EQ-10,2024-09-29 00:00:00,Preventiva,7.3,2,Ninguno (solo mano de obra),152.0,PC
OT-005280,PAR-006959,PC-EQ-10,2024-10-01 00:00:00,Correctiva,31.2,1,Ninguno (solo mano de obra),5286.0,PC
OT-005281,PAR-006961,PC-EQ-10,2024-10-14 00:00:00,Preventiva,5.0,1,Sensor/instrumento,1168.0,PC
OT-005282,PAR-006963,PC-EQ-10,2024-10-23 00:00:00,Correctiva,1.1,2,Ninguno (solo mano de obra),7430.0,PC
OT-005283,PAR-006965,PC-EQ-10,2024-10-24 00:00:00,Correctiva,9.4,3,Ninguno (solo mano de obra),1783.0,PC
OT-005284,PAR-006966,PC-EQ-10,2024-10-26 00:00:00,Correctiva,2.3,3,Faja/correa,7057.0,PC
OT-005285,PAR-006967,PC-EQ-10,2024-10-28 00:00:00,Correctiva,6.5,3,Rodamiento,2767.0,PC
OT-005286,PAR-006968,PC-EQ-10,2024-10-31 00:00:00,Preventiva,9.0,2,Sensor/instrumento,2472.0,PC
OT-005287,PAR-006970,PC-EQ-10,2024-11-07 00:00:00,Correctiva,3.7,3,Faja/correa,6425.0,PC
OT-005288,PAR-006973,PC-EQ-10,2024-11-22 00:00:00,Correctiva,6.4,1,Sensor/instrumento,5842.0,PC
OT-005289,PAR-006974,PC-EQ-10,2024-11-23 00:00:00,Preventiva,8.6,1,Faja/correa,1254.0,PC
OT-005290,PAR-006975,PC-EQ-10,2024-11-24 00:00:00,Correctiva,11.0,3,Rodamiento,679.0,PC
OT-005291,PAR-006976,PC-EQ-10,2024-12-09 00:00:00,Preventiva,8.8,3,Sensor/instrumento,1122.0,PC
OT-005292,PAR-006977,PC-EQ-10,2024-12-11 00:00:00,Correctiva,0.6,2,Revestimiento (liner),7234.0,PC
OT-005293,PAR-006978,PC-EQ-10,2024-12-23 00:00:00,Correctiva,0.6,1,Ninguno (solo mano de obra),2654.0,PC
OT-005294,PAR-006979,PC-EQ-10,2024-12-30 00:00:00,Preventiva,6.0,2,Rodamiento,1327.0,PC
OT-005295,PAR-006981,PC-EQ-10,2025-01-09 00:00:00,Correctiva,23.9,1,Motor eléctrico,1011.0,PC
OT-005296,PAR-006982,PC-EQ-10,2025-01-15 00:00:00,Correctiva,6.9,2,Rodamiento,4168.0,PC
OT-005297,PAR-006983,PC-EQ-10,2025-01-17 00:00:00,Preventiva,11.3,3,Faja/correa,2439.0,PC
OT-005298,PAR-006984,PC-EQ-10,2025-01-17 00:00:00,Correctiva,0.7,1,Revestimiento (liner),4080.0,PC
OT-005299,PAR-006986,PC-EQ-10,2025-01-29 00:00:00,Correctiva,3.7,2,Sensor/instrumento,5411.0,PC
OT-005300,PAR-006987,PC-EQ-10,2025-01-31 00:00:00,Preventiva,7.0,2,Rodamiento,2358.0,PC
OT-005301,PAR-006988,PC-EQ-10,2025-02-02 00:00:00,Correctiva,5.6,2,Faja/correa,7022.0,PC
OT-005302,PAR-006989,PC-EQ-10,2025-02-06 00:00:00,Correctiva,0.6,3,Sensor/instrumento,5961.0,PC
OT-005303,PAR-006990,PC-EQ-10,2025-02-07 00:00:00,Correctiva,4.8,3,Motor eléctrico,5534.0,PC
OT-005304,PAR-006991,PC-EQ-10,2025-02-08 00:00:00,Correctiva,5.0,3,Rodamiento,1623.0,PC
OT-005305,PAR-006994,PC-EQ-10,2025-02-17 00:00:00,Preventiva,6.1,2,Motor eléctrico,2285.0,PC
OT-005306,PAR-006995,PC-EQ-10,2025-02-20 00:00:00,Correctiva,6.2,1,Rodamiento,4501.0,PC
OT-005307,PAR-006997,PC-EQ-10,2025-03-06 00:00:00,Correctiva,5.0,3,Rodamiento,6520.0,PC
OT-005308,PAR-006998,PC-EQ-10,2025-03-10 00:00:00,Correctiva,10.9,3,Sello mecánico,6259.0,PC
OT-005309,PAR-006999,PC-EQ-10,2025-03-11 00:00:00,Preventiva,6.5,2,Ninguno (solo mano de obra),2404.0,PC
OT-005310,PAR-007001,PC-EQ-10,2025-03-18 00:00:00,Correctiva,19.7,3,Rodamiento,7196.0,PC
OT-005311,PAR-007003,PC-EQ-10,2025-03-24 00:00:00,Correctiva,1.8,3,Motor eléctrico,4464.0,PC
OT-005312,PAR-007005,PC-EQ-10,2025-03-31 00:00:00,Correctiva,6.4,2,Ninguno (solo mano de obra),1946.0,PC
OT-005313,PAR-007006,PC-EQ-10,2025-04-03 00:00:00,Preventiva,5.6,1,Faja/correa,1299.0,PC
OT-005314,PAR-007007,PC-EQ-10,2025-04-05 00:00:00,Correctiva,3.6,3,Rodamiento,5190.0,PC
OT-005315,PAR-007008,PC-EQ-10,2025-04-12 00:00:00,Correctiva,1.7,2,Rodamiento,2300.0,PC
OT-005316,PAR-007009,PC-EQ-10,2025-04-17 00:00:00,Preventiva,4.2,3,Rodamiento,2377.0,PC
OT-005317,PAR-007010,PC-EQ-10,2025-04-18 00:00:00,Correctiva,12.2,2,Revestimiento (liner),5605.0,PC
OT-005318,PAR-007013,PC-EQ-10,2025-04-25 00:00:00,Correctiva,1.9,1,Rodamiento,3831.0,PC
OT-005319,PAR-007014,PC-EQ-10,2025-04-26 00:00:00,Correctiva,21.1,2,Sello mecánico,6698.0,PC
OT-005320,PAR-007015,PC-EQ-10,2025-05-01 00:00:00,Preventiva,10.5,3,Revestimiento (liner),1961.0,PC
OT-005321,PAR-007016,PC-EQ-10,2025-05-02 00:00:00,Correctiva,12.8,3,Ninguno (solo mano de obra),5987.0,PC
OT-005322,PAR-007018,PC-EQ-10,2025-05-11 00:00:00,Correctiva,4.8,2,Sensor/instrumento,215.0,PC
OT-005323,PAR-007019,PC-EQ-10,2025-05-16 00:00:00,Correctiva,5.0,3,Motor eléctrico,5361.0,PC
OT-005324,PAR-007020,PC-EQ-10,2025-05-17 00:00:00,Correctiva,4.8,3,Ninguno (solo mano de obra),187.0,PC
OT-005325,PAR-007021,PC-EQ-10,2025-05-23 00:00:00,Preventiva,7.3,1,Motor eléctrico,410.0,PC
OT-005326,PAR-007023,PC-EQ-10,2025-06-05 00:00:00,Correctiva,21.4,2,Sello mecánico,4354.0,PC
OT-005327,PAR-007024,PC-EQ-10,2025-06-06 00:00:00,Correctiva,27.0,1,Faja/correa,3045.0,PC
OT-005328,PAR-007025,PC-EQ-10,2025-06-07 00:00:00,Correctiva,0.5,3,Motor eléctrico,3702.0,PC
OT-005329,PAR-007026,PC-EQ-10,2025-06-10 00:00:00,Preventiva,11.7,3,Faja/correa,2428.0,PC
OT-005330,PAR-007027,PC-EQ-10,2025-06-10 00:00:00,Correctiva,1.4,2,Faja/correa,4331.0,PC
OT-005331,PAR-007029,PC-EQ-10,2025-06-25 00:00:00,Preventiva,9.1,2,Revestimiento (liner),66.0,PC
OT-005332,PAR-007031,PC-EQ-10,2025-07-02 00:00:00,Correctiva,2.1,1,Motor eléctrico,6078.0,PC
OT-005333,PAR-007032,PC-EQ-10,2025-07-08 00:00:00,Correctiva,17.6,1,Sensor/instrumento,1954.0,PC
OT-005334,PAR-007033,PC-EQ-10,2025-07-12 00:00:00,Correctiva,10.5,2,Rodamiento,1880.0,PC
OT-005335,PAR-007034,PC-EQ-10,2025-07-14 00:00:00,Correctiva,4.3,3,Sensor/instrumento,3049.0,PC
OT-005336,PAR-007035,PC-EQ-10,2025-07-16 00:00:00,Preventiva,6.3,3,Sensor/instrumento,2389.0,PC
OT-005337,PAR-007036,PC-EQ-10,2025-07-20 00:00:00,Correctiva,0.6,2,Revestimiento (liner),4855.0,PC
OT-005338,PAR-007037,PC-EQ-10,2025-07-23 00:00:00,Correctiva,2.6,2,Rodamiento,3081.0,PC
OT-005339,PAR-007038,PC-EQ-10,2025-08-03 00:00:00,Preventiva,6.3,2,Motor eléctrico,921.0,PC
OT-005340,PAR-007041,PC-EQ-10,2025-08-08 00:00:00,Correctiva,6.7,2,Revestimiento (liner),5928.0,PC
OT-005341,PAR-007043,PC-EQ-10,2025-08-23 00:00:00,Correctiva,2.3,2,Revestimiento (liner),2764.0,PC
OT-005342,PAR-007044,PC-EQ-10,2025-08-25 00:00:00,Correctiva,25.7,3,Sensor/instrumento,5395.0,PC
OT-005343,PAR-007045,PC-EQ-10,2025-08-26 00:00:00,Preventiva,9.2,2,Sensor/instrumento,575.0,PC
OT-005344,PAR-007046,PC-EQ-10,2025-08-28 00:00:00,Correctiva,28.5,3,Sello mecánico,4359.0,PC
OT-005345,PAR-007047,PC-EQ-10,2025-08-29 00:00:00,Correctiva,18.1,1,Faja/correa,6620.0,PC
OT-005346,PAR-007048,PC-EQ-10,2025-09-01 00:00:00,Correctiva,1.5,2,Revestimiento (liner),2914.0,PC
OT-005347,PAR-007050,PC-EQ-10,2025-09-07 00:00:00,Correctiva,16.6,2,Sensor/instrumento,1120.0,PC
OT-005348,PAR-007051,PC-EQ-10,2025-09-10 00:00:00,Preventiva,8.3,2,Rodamiento,891.0,PC
OT-005349,PAR-007052,PC-EQ-10,2025-09-10 00:00:00,Correctiva,8.0,3,Revestimiento (liner),4927.0,PC
OT-005350,PAR-007053,PC-EQ-10,2025-09-12 00:00:00,Correctiva,0.8,3,Motor eléctrico,2716.0,PC
OT-005351,PAR-007054,PC-EQ-10,2025-09-19 00:00:00,Correctiva,25.2,2,Sello mecánico,4143.0,PC
OT-005352,PAR-007055,PC-EQ-10,2025-09-21 00:00:00,Correctiva,6.8,2,Motor eléctrico,557.0,PC
OT-005353,PAR-007057,PC-EQ-10,2025-09-27 00:00:00,Correctiva,1.4,3,Motor eléctrico,1691.0,PC
OT-005354,PAR-007058,PC-EQ-10,2025-10-01 00:00:00,Correctiva,0.7,2,Revestimiento (liner),6921.0,PC
OT-005355,PAR-007059,PC-EQ-10,2025-10-02 00:00:00,Preventiva,5.5,3,Motor eléctrico,1406.0,PC
OT-005356,PAR-007061,PC-EQ-10,2025-10-11 00:00:00,Correctiva,0.7,2,Rodamiento,5066.0,PC
OT-005357,PAR-007063,PC-EQ-10,2025-10-16 00:00:00,Preventiva,4.8,1,Revestimiento (liner),1595.0,PC
OT-005358,PAR-007064,PC-EQ-10,2025-10-19 00:00:00,Correctiva,21.4,3,Revestimiento (liner),320.0,PC
OT-005359,PAR-007065,PC-EQ-10,2025-10-21 00:00:00,Correctiva,11.3,3,Rodamiento,1279.0,PC
OT-005360,PAR-007067,PC-EQ-10,2025-10-28 00:00:00,Correctiva,2.1,1,Sello mecánico,5244.0,PC
OT-005361,PAR-007068,PC-EQ-10,2025-11-08 00:00:00,Preventiva,8.5,2,Revestimiento (liner),1124.0,PC
OT-005362,PAR-007069,PC-EQ-10,2025-11-11 00:00:00,Correctiva,2.0,1,Sello mecánico,7794.0,PC
OT-005363,PAR-007072,PC-EQ-10,2025-11-28 00:00:00,Correctiva,0.8,1,Sello mecánico,890.0,PC
OT-005364,PAR-007073,PC-EQ-10,2025-11-29 00:00:00,Preventiva,12.5,3,Motor eléctrico,404.0,PC
OT-005365,PAR-007075,PC-EQ-10,2025-12-02 00:00:00,Correctiva,4.0,3,Sensor/instrumento,1251.0,PC
OT-005366,PAR-007076,PC-EQ-10,2025-12-03 00:00:00,Correctiva,1.6,2,Ninguno (solo mano de obra),1281.0,PC
OT-005367,PAR-007077,PC-EQ-10,2025-12-15 00:00:00,Correctiva,6.1,2,Rodamiento,1000.0,PC
OT-005368,PAR-007078,PC-EQ-10,2025-12-19 00:00:00,Preventiva,7.7,2,Motor eléctrico,2149.0,PC
OT-005369,PAR-007079,PC-EQ-10,2025-12-24 00:00:00,Correctiva,3.5,2,Sello mecánico,1942.0,PC
OT-005370,PAR-007080,PC-EQ-10,2026-01-05 00:00:00,Preventiva,8.1,2,Sello mecánico,1402.0,PC
OT-005371,PAR-007082,PC-EQ-10,2026-01-22 00:00:00,Correctiva,10.6,3,Sensor/instrumento,4491.0,PC
OT-005372,PAR-007083,PC-EQ-10,2026-01-25 00:00:00,Preventiva,7.2,3,Sensor/instrumento,703.0,PC
OT-005373,PAR-007085,PC-EQ-10,2026-01-28 00:00:00,Correctiva,31.6,1,Sello mecánico,5817.0,PC
OT-005374,PAR-007087,PC-EQ-10,2026-02-03 00:00:00,Correctiva,26.5,2,Rodamiento,4832.0,PC
OT-005375,PAR-007088,PC-EQ-10,2026-02-06 00:00:00,Correctiva,31.8,2,Ninguno (solo mano de obra),5308.0,PC
OT-005376,PAR-007089,PC-EQ-10,2026-02-07 00:00:00,Correctiva,30.6,2,Revestimiento (liner),916.0,PC
OT-005377,PAR-007090,PC-EQ-10,2026-02-08 00:00:00,Preventiva,6.9,3,Ninguno (solo mano de obra),2428.0,PC
OT-005378,PAR-007091,PC-EQ-10,2026-02-25 00:00:00,Preventiva,9.7,3,Motor eléctrico,255.0,PC
OT-005379,PAR-007092,PC-EQ-10,2026-02-25 00:00:00,Correctiva,3.7,2,Sello mecánico,2556.0,PC
OT-005380,PAR-007093,PC-EQ-10,2026-03-01 00:00:00,Correctiva,0.7,2,Rodamiento,822.0,PC
OT-005381,PAR-007094,PC-EQ-10,2026-03-03 00:00:00,Correctiva,1.3,3,Faja/correa,5124.0,PC
OT-005382,PAR-007096,PC-EQ-10,2026-03-07 00:00:00,Correctiva,3.7,1,Revestimiento (liner),4509.0,PC
OT-005383,PAR-007097,PC-EQ-10,2026-03-12 00:00:00,Correctiva,3.6,1,Sello mecánico,37.0,PC
OT-005384,PAR-007100,PC-EQ-10,2026-03-19 00:00:00,Preventiva,3.5,1,Rodamiento,1579.0,PC
OT-005385,PAR-007103,PC-EQ-10,2026-04-05 00:00:00,Correctiva,0.7,2,Ninguno (solo mano de obra),3461.0,PC
OT-005386,PAR-007104,PC-EQ-10,2026-04-09 00:00:00,Correctiva,0.9,3,Sello mecánico,2089.0,PC
OT-005387,PAR-007105,PC-EQ-10,2026-04-11 00:00:00,Preventiva,6.9,2,Ninguno (solo mano de obra),1832.0,PC
OT-005388,PAR-007106,PC-EQ-10,2026-04-15 00:00:00,Correctiva,8.3,3,Sensor/instrumento,2663.0,PC
OT-005389,PAR-007107,PC-EQ-10,2026-04-19 00:00:00,Correctiva,3.4,3,Sensor/instrumento,5524.0,PC
OT-005390,PAR-007108,PC-EQ-10,2026-04-20 00:00:00,Correctiva,0.5,3,Faja/correa,6890.0,PC
OT-005391,PAR-007109,PC-EQ-10,2026-04-26 00:00:00,Preventiva,11.2,2,Rodamiento,492.0,PC
OT-005392,PAR-007110,PC-EQ-10,2026-04-27 00:00:00,Correctiva,9.6,3,Revestimiento (liner),1684.0,PC
OT-005393,PAR-007113,PC-EQ-10,2026-05-04 00:00:00,Correctiva,0.9,2,Motor eléctrico,7858.0,PC
OT-005394,PAR-007115,PC-EQ-10,2026-05-16 00:00:00,Preventiva,11.8,3,Rodamiento,469.0,PC
OT-005395,PAR-007116,PC-EQ-10,2026-05-19 00:00:00,Correctiva,13.2,3,Ninguno (solo mano de obra),6306.0,PC
OT-005396,PAR-007117,PC-EQ-10,2026-05-30 00:00:00,Correctiva,25.0,2,Sensor/instrumento,5238.0,PC
OT-005397,PAR-007118,PC-EQ-10,2026-06-01 00:00:00,Correctiva,20.6,1,,1025.0,PC
OT-005398,PAR-007120,PC-EQ-10,2026-06-02 00:00:00,Correctiva,3.2,2,Faja/correa,1394.0,PC
OT-005399,PAR-007121,PC-EQ-10,2026-06-03 00:00:00,Preventiva,12.5,1,,1138.0,PC
OT-005400,PAR-007122,PC-EQ-10,2026-06-05 00:00:00,Correctiva,7.7,3,Motor eléctrico,3128.0,PC
OT-005401,PAR-007123,PC-EQ-10,2026-06-06 00:00:00,Correctiva,22.5,2,Sello mecánico,6420.0,PC
OT-005402,PAR-007124,PC-EQ-10,2026-06-16 00:00:00,Correctiva,2.7,2,Rodamiento,5637.0,PC
OT-005403,PAR-007126,PC-EQ-10,2026-06-22 00:00:00,Correctiva,13.9,3,Rodamiento,1275.0,PC
OT-005404,PAR-007127,PC-EQ-10,2026-06-23 00:00:00,Correctiva,1.2,3,Sensor/instrumento,2268.0,PC
OT-005405,PAR-007128,PC-EQ-10,2026-06-24 00:00:00,Correctiva,5.0,3,Sensor/instrumento,2763.0,PC
OT-005406,PAR-007129,PC-EQ-10,2026-06-26 00:00:00,Preventiva,7.6,2,Motor eléctrico,1440.0,PC
OT-005407,PAR-007130,PC-EQ-10,2026-07-07 00:00:00,Correctiva,4.8,1,Rodamiento,4909.0,PC
OT-005408,PAR-007131,PC-EQ-10,2026-07-11 00:00:00,Correctiva,4.4,1,Revestimiento (liner),2721.0,PC
OT-005409,PAR-007132,PC-EQ-10,2026-07-13 00:00:00,Correctiva,10.1,1,Ninguno (solo mano de obra),1134.0,PC
OT-005410,PAR-007133,PC-EQ-10,2026-07-14 00:00:00,Preventiva,9.1,1,Sensor/instrumento,2058.0,PC
OT-005411,PAR-007135,PC-EQ-10,2026-07-25 00:00:00,Correctiva,25.8,1,Faja/correa,2278.0,PC
OT-005412,PAR-007136,PC-EQ-10,2026-07-29 00:00:00,Correctiva,16.2,3,Faja/correa,6803.0,PC
OT-005413,PAR-007137,PC-EQ-10,2026-07-30 00:00:00,Correctiva,2.9,2,Sensor/instrumento,2831.0,PC
OT-005414,PAR-007138,PC-EQ-10,2026-07-31 00:00:00,Preventiva,6.0,2,Revestimiento (liner),255.0,PC
OT-005415,PAR-007140,PC-EQ-10,2026-08-16 00:00:00,Preventiva,3.9,1,Faja/correa,1513.0,PC
OT-005416,PAR-007145,PC-EQ-10,2026-09-01 00:00:00,Correctiva,3.2,3,Sensor/instrumento,6869.0,PC
OT-005417,PAR-007146,PC-EQ-10,2026-09-07 00:00:00,Preventiva,7.2,1,Sensor/instrumento,2410.0,PC
OT-005418,PAR-007147,PC-EQ-10,2026-09-08 00:00:00,Correctiva,3.2,2,Revestimiento (liner),1768.0,PC
OT-005419,PAR-007149,PC-EQ-10,2026-09-22 00:00:00,Correctiva,3.8,3,Faja/correa,6602.0,PC
OT-005420,PAR-007150,PC-EQ-10,2026-09-28 00:00:00,Preventiva,7.2,1,Rodamiento,607.0,PC
OT-005421,PAR-007151,PC-EQ-10,2026-09-30 00:00:00,Correctiva,3.3,3,Faja/correa,6408.0,PC
OT-005422,PAR-007153,PC-EQ-10,2026-10-04 00:00:00,Correctiva,2.1,3,Ninguno (solo mano de obra),7856.0,PC
OT-005423,PAR-007154,PC-EQ-10,2026-10-05 00:00:00,Correctiva,23.1,1,Faja/correa,7747.0,PC
OT-005424,PAR-007155,PC-EQ-10,2026-10-12 00:00:00,Correctiva,16.7,3,Rodamiento,2708.0,PC
OT-005425,PAR-007156,PC-EQ-10,2026-10-15 00:00:00,Correctiva,16.6,3,Ninguno (solo mano de obra),6818.0,PC
OT-005426,PAR-007157,PC-EQ-10,2026-10-21 00:00:00,Preventiva,7.6,3,Faja/correa,2030.0,PC
OT-005427,PAR-007158,PC-EQ-10,2026-11-01 00:00:00,Correctiva,31.5,2,Rodamiento,5169.0,PC
OT-005428,PAR-007159,PC-EQ-10,2026-11-04 00:00:00,Preventiva,8.2,1,Rodamiento,828.0,PC
OT-005429,PAR-007160,PC-EQ-10,2026-11-06 00:00:00,Correctiva,5.9,3,Rodamiento,5954.0,PC
OT-005430,PAR-007161,PC-EQ-10,2026-11-07 00:00:00,Correctiva,16.1,2,Revestimiento (liner),1054.0,PC
OT-005431,PAR-007164,PC-EQ-10,2026-11-16 00:00:00,Correctiva,26.2,2,Sensor/instrumento,6332.0,PC
OT-005432,PAR-007165,PC-EQ-10,2026-11-20 00:00:00,Correctiva,7.8,3,Motor eléctrico,3114.0,PC
OT-005433,PAR-007166,PC-EQ-10,2026-11-24 00:00:00,Preventiva,8.7,1,Ninguno (solo mano de obra),1823.0,PC
OT-005434,PAR-007168,PC-EQ-10,2026-12-07 00:00:00,Correctiva,5.2,1,Ninguno (solo mano de obra),1168.0,PC
OT-005435,PAR-007171,PC-EQ-10,2026-12-16 00:00:00,Correctiva,3.0,1,Ninguno (solo mano de obra),6482.0,PC
OT-005436,PAR-007172,PC-EQ-10,2026-12-17 00:00:00,Preventiva,5.7,1,Faja/correa,976.0,PC
OT-005437,PAR-007173,PC-EQ-10,2027-01-02 00:00:00,Correctiva,11.9,2,Ninguno (solo mano de obra),6630.0,PC
OT-005438,PAR-007174,PC-EQ-10,2027-01-03 00:00:00,Preventiva,5.3,3,Sensor/instrumento,864.0,PC
OT-005439,PAR-007175,PC-EQ-10,2027-01-05 00:00:00,Correctiva,7.2,2,Ninguno (solo mano de obra),4202.0,PC
OT-005440,PAR-007176,PC-EQ-10,2027-01-12 00:00:00,Correctiva,4.4,3,Faja/correa,256.0,PC
OT-005441,PAR-007177,PC-EQ-10,2027-01-17 00:00:00,Preventiva,4.8,3,Rodamiento,983.0,PC
OT-005442,PAR-007179,PC-EQ-10,2027-01-19 00:00:00,Correctiva,5.6,2,Ninguno (solo mano de obra),4712.0,PC
OT-005443,PAR-007180,PC-EQ-10,2027-01-22 00:00:00,Correctiva,19.8,2,Sello mecánico,5223.0,PC
OT-005444,PAR-007181,PC-EQ-10,2027-01-24 00:00:00,Correctiva,8.2,3,Sello mecánico,6355.0,PC
OT-005445,PAR-007182,PC-EQ-10,2027-01-28 00:00:00,Correctiva,0.5,3,Rodamiento,2091.0,PC
OT-005446,PAR-007183,PC-EQ-10,2027-01-30 00:00:00,Correctiva,7.0,3,Motor eléctrico,1060.0,PC
OT-005447,PAR-007184,PC-EQ-10,2027-02-04 00:00:00,Preventiva,10.8,1,Motor eléctrico,1427.0,PC
OT-005448,PAR-007185,PC-EQ-10,2027-02-19 00:00:00,Correctiva,0.5,2,Motor eléctrico,5805.0,PC
OT-005449,PAR-007187,PC-EQ-10,2027-02-22 00:00:00,Preventiva,7.6,1,Faja/correa,812.0,PC
OT-005450,PAR-007188,PC-EQ-10,2027-02-25 00:00:00,Correctiva,20.9,1,Sello mecánico,287.0,PC
OT-005451,PAR-007189,PC-EQ-10,2027-02-27 00:00:00,Correctiva,8.3,3,Motor eléctrico,4976.0,PC
OT-005452,PAR-007190,PC-EQ-10,2027-03-01 00:00:00,Correctiva,18.5,2,Faja/correa,7182.0,PC
OT-005453,PAR-007191,PC-EQ-10,2027-03-12 00:00:00,Preventiva,9.2,1,Faja/correa,1979.0,PC
OT-005454,PAR-007194,PC-EQ-10,2027-03-29 00:00:00,Correctiva,7.7,2,Sello mecánico,5132.0,PC
OT-005455,PAR-007195,PC-EQ-10,2027-03-30 00:00:00,Preventiva,6.8,2,Faja/correa,1878.0,PC
OT-005456,PAR-007196,PC-EQ-10,2027-04-05 00:00:00,Correctiva,1.6,1,Rodamiento,3319.0,PC
OT-005457,PAR-007197,PC-EQ-10,2027-04-12 00:00:00,Correctiva,0.6,3,Sensor/instrumento,2027.0,PC
OT-005458,PAR-007198,PC-EQ-10,2027-04-16 00:00:00,Correctiva,4.9,1,Revestimiento (liner),5086.0,PC
OT-005459,PAR-007199,PC-EQ-10,2027-04-18 00:00:00,Correctiva,0.9,3,Revestimiento (liner),1698.0,PC
OT-005460,PAR-007200,PC-EQ-10,2027-04-20 00:00:00,Preventiva,5.9,3,Rodamiento,1081.0,PC
OT-005461,PAR-007201,PC-EQ-10,2027-04-25 00:00:00,Correctiva,0.6,1,Rodamiento,3063.0,PC
OT-005462,PAR-007204,PC-EQ-10,2027-05-04 00:00:00,Preventiva,5.2,3,Rodamiento,2306.0,PC
OT-005463,PAR-007205,PC-EQ-10,2027-05-06 00:00:00,Correctiva,5.6,1,Faja/correa,3822.0,PC
OT-005464,PAR-007206,PC-EQ-10,2027-05-08 00:00:00,Correctiva,4.5,1,Sello mecánico,2136.0,PC
OT-005465,PAR-007207,PC-EQ-10,2027-05-16 00:00:00,Correctiva,2.6,1,Sensor/instrumento,665.0,PC
OT-005466,PAR-007208,PC-EQ-10,2027-05-18 00:00:00,Preventiva,7.0,1,Ninguno (solo mano de obra),2409.0,PC
OT-005467,PAR-007209,PC-EQ-10,2027-05-23 00:00:00,Correctiva,8.0,3,Ninguno (solo mano de obra),6731.0,PC
OT-005468,PAR-007210,PC-EQ-10,2027-06-01 00:00:00,Correctiva,11.8,1,Motor eléctrico,6082.0,PC
OT-005469,PAR-007211,PC-EQ-10,2027-06-04 00:00:00,Preventiva,7.5,2,Sello mecánico,1864.0,PC
OT-005470,PAR-007213,PC-EQ-10,2027-06-17 00:00:00,Correctiva,16.8,1,Faja/correa,821.0,PC
OT-005471,PAR-007214,PC-EQ-10,2027-06-23 00:00:00,Correctiva,3.6,3,Sensor/instrumento,6989.0,PC
OT-005472,PAR-007215,PC-EQ-10,2027-06-26 00:00:00,Preventiva,6.8,1,Rodamiento,1074.0,PC
OT-005473,PAR-007216,PC-EQ-10,2027-06-29 00:00:00,Correctiva,2.1,1,Sensor/instrumento,3981.0,PC
OT-005474,PAR-007218,PC-EQ-10,2027-07-08 00:00:00,Correctiva,1.0,1,Sello mecánico,5512.0,PC
OT-005475,PAR-007219,PC-EQ-10,2027-07-09 00:00:00,Correctiva,30.3,2,Faja/correa,5187.0,PC
OT-005476,PAR-007220,PC-EQ-10,2027-07-11 00:00:00,Correctiva,3.8,2,Faja/correa,7549.0,PC
OT-005477,PAR-007221,PC-EQ-10,2027-07-17 00:00:00,Preventiva,7.1,3,Faja/correa,18.0,PC
OT-005478,PAR-007223,PC-EQ-10,2027-07-31 00:00:00,Correctiva,18.8,1,Revestimiento (liner),4141.0,PC
OT-005479,PAR-007224,PC-EQ-10,2027-08-02 00:00:00,Preventiva,6.7,3,Rodamiento,719.0,PC
OT-005480,PAR-007225,PC-EQ-10,2027-08-02 00:00:00,Correctiva,19.4,1,Motor eléctrico,211.0,PC
OT-005481,PAR-007227,PC-EQ-10,2027-08-04 00:00:00,Correctiva,18.0,1,Rodamiento,4326.0,PC
OT-005482,PAR-007229,PC-EQ-10,2027-08-22 00:00:00,Preventiva,8.5,3,Revestimiento (liner),1597.0,PC
OT-005483,PAR-007230,PC-EQ-10,2027-08-24 00:00:00,Correctiva,13.1,2,Ninguno (solo mano de obra),4001.0,PC
OT-005484,PAR-007231,PC-EQ-10,2027-08-26 00:00:00,Correctiva,2.8,2,Rodamiento,2749.0,PC
OT-005485,PAR-007232,PC-EQ-10,2027-08-29 00:00:00,Correctiva,5.7,3,Revestimiento (liner),7375.0,PC
OT-005486,PAR-007233,PC-EQ-10,2027-09-08 00:00:00,Correctiva,6.8,2,Sello mecánico,7120.0,PC
OT-005487,PAR-007234,PC-EQ-10,2027-09-11 00:00:00,Preventiva,5.2,3,Sensor/instrumento,240.0,PC
OT-005488,PAR-007236,PC-EQ-10,2027-10-02 00:00:00,Preventiva,7.0,3,Ninguno (solo mano de obra),968.0,PC
OT-005489,PAR-007237,PC-EQ-10,2027-10-04 00:00:00,Correctiva,1.9,3,Faja/correa,6312.0,PC
OT-005490,PAR-007238,PC-EQ-10,2027-10-08 00:00:00,Correctiva,22.5,1,Rodamiento,1995.0,PC
OT-005491,PAR-007240,PC-EQ-10,2027-10-14 00:00:00,Correctiva,17.8,3,Sello mecánico,1152.0,PC
OT-005492,PAR-007241,PC-EQ-10,2027-10-17 00:00:00,Preventiva,8.8,3,Rodamiento,1242.0,PC
OT-005493,PAR-007242,PC-EQ-10,2027-10-22 00:00:00,Correctiva,1.7,2,Sensor/instrumento,5670.0,PC
OT-005494,PAR-007244,PC-EQ-10,2027-10-27 00:00:00,Correctiva,4.5,3,Faja/correa,810.0,PC
OT-005495,PAR-007245,PC-EQ-10,2027-10-28 00:00:00,Correctiva,3.6,3,Motor eléctrico,7659.0,PC
OT-005496,PAR-007246,PC-EQ-10,2027-10-30 00:00:00,Correctiva,19.7,3,Motor eléctrico,7896.0,PC
OT-005497,PAR-007247,PC-EQ-10,2027-11-02 00:00:00,Correctiva,23.9,1,Ninguno (solo mano de obra),5778.0,PC
OT-005498,PAR-007248,PC-EQ-10,2027-11-03 00:00:00,Preventiva,7.0,1,Motor eléctrico,2088.0,PC
OT-005499,PAR-007249,PC-EQ-10,2027-11-07 00:00:00,Correctiva,1.1,3,Sello mecánico,1047.0,PC
OT-005500,PAR-007250,PC-EQ-10,2027-11-09 00:00:00,Correctiva,15.5,1,Ninguno (solo mano de obra),4291.0,PC
OT-005501,PAR-007252,PC-EQ-10,2027-11-16 00:00:00,Correctiva,1.0,3,Motor eléctrico,1650.0,PC
OT-005502,PAR-007253,PC-EQ-10,2027-11-19 00:00:00,Correctiva,12.7,2,Ninguno (solo mano de obra),7253.0,PC
OT-005503,PAR-007255,PC-EQ-10,2027-11-26 00:00:00,Preventiva,8.9,1,Rodamiento,2309.0,PC
OT-005504,PAR-007256,PC-EQ-10,2027-12-02 00:00:00,Correctiva,7.2,1,Rodamiento,7380.0,PC
OT-005505,PAR-007257,PC-EQ-10,2027-12-12 00:00:00,Correctiva,3.7,1,Faja/correa,7627.0,PC
OT-005506,PAR-007258,PC-EQ-10,2027-12-16 00:00:00,Correctiva,0.7,3,Ninguno (solo mano de obra),2477.0,PC
OT-005507,PAR-007259,PC-EQ-10,2027-12-18 00:00:00,Preventiva,9.3,2,Sensor/instrumento,1670.0,PC
OT-005508,PAR-007261,PC-EQ-10,2027-12-25 00:00:00,Correctiva,5.5,3,Revestimiento (liner),5370.0,PC
OT-005509,PAR-007262,PC-EQ-10,2027-12-27 00:00:00,Correctiva,14.2,1,Sello mecánico,6286.0,PC
OT-005510,PAR-007263,PS-EQ-01,2024-01-04 00:00:00,Correctiva,28.8,3,Motor eléctrico,2038.0,PS
OT-005511,PAR-007264,PS-EQ-01,2024-01-12 00:00:00,Correctiva,10.0,2,Faja/correa,4667.0,PS
OT-005512,PAR-007268,PS-EQ-01,2024-01-23 00:00:00,Preventiva,9.3,3,Motor eléctrico,1061.0,PS
OT-005513,PAR-007269,PS-EQ-01,2024-01-27 00:00:00,Correctiva,5.3,2,Sensor/instrumento,5727.0,PS
OT-005514,PAR-007271,PS-EQ-01,2024-02-05 00:00:00,Correctiva,2.7,1,Ninguno (solo mano de obra),7272.0,PS
OT-005515,PAR-007272,PS-EQ-01,2024-02-09 00:00:00,Preventiva,11.0,3,Faja/correa,2407.0,PS
OT-005516,PAR-007273,PS-EQ-01,2024-02-09 00:00:00,Correctiva,15.2,1,Revestimiento (liner),1803.0,PS
OT-005517,PAR-007274,PS-EQ-01,2024-02-18 00:00:00,Correctiva,2.1,2,Sello mecánico,6810.0,PS
OT-005518,PAR-007275,PS-EQ-01,2024-02-20 00:00:00,Correctiva,1.5,1,Motor eléctrico,2282.0,PS
OT-005519,PAR-007276,PS-EQ-01,2024-02-24 00:00:00,Correctiva,31.9,1,Motor eléctrico,5696.0,PS
OT-005520,PAR-007277,PS-EQ-01,2024-02-27 00:00:00,Preventiva,8.6,1,Sello mecánico,1986.0,PS
OT-005521,PAR-007279,PS-EQ-01,2024-03-01 00:00:00,Correctiva,0.6,3,Revestimiento (liner),4861.0,PS
OT-005522,PAR-007280,PS-EQ-01,2024-03-11 00:00:00,Correctiva,16.5,1,Revestimiento (liner),2363.0,PS
OT-005523,PAR-007281,PS-EQ-01,2024-03-13 00:00:00,Preventiva,7.0,2,Rodamiento,1272.0,PS
OT-005524,PAR-007282,PS-EQ-01,2024-03-21 00:00:00,Correctiva,19.9,2,Rodamiento,6276.0,PS
OT-005525,PAR-007283,PS-EQ-01,2024-03-23 00:00:00,Correctiva,26.9,3,Ninguno (solo mano de obra),715.0,PS
OT-005526,PAR-007284,PS-EQ-01,2024-03-25 00:00:00,Correctiva,6.8,2,Ninguno (solo mano de obra),7334.0,PS
OT-005527,PAR-007286,PS-EQ-01,2024-03-31 00:00:00,Preventiva,8.8,2,Ninguno (solo mano de obra),1037.0,PS
OT-005528,PAR-007287,PS-EQ-01,2024-03-31 00:00:00,Correctiva,3.7,1,Sensor/instrumento,2276.0,PS
OT-005529,PAR-007288,PS-EQ-01,2024-04-02 00:00:00,Correctiva,9.9,2,Sello mecánico,4632.0,PS
OT-005530,PAR-007289,PS-EQ-01,2024-04-05 00:00:00,Correctiva,2.6,1,Revestimiento (liner),877.0,PS
OT-005531,PAR-007290,PS-EQ-01,2024-04-06 00:00:00,Correctiva,4.4,1,Ninguno (solo mano de obra),4670.0,PS
OT-005532,PAR-007291,PS-EQ-01,2024-04-11 00:00:00,Correctiva,5.9,3,Sello mecánico,1059.0,PS
OT-005533,PAR-007292,PS-EQ-01,2024-04-12 00:00:00,Correctiva,3.3,3,Ninguno (solo mano de obra),4343.0,PS
OT-005534,PAR-007293,PS-EQ-01,2024-04-23 00:00:00,Preventiva,9.1,1,Ninguno (solo mano de obra),2191.0,PS
OT-005535,PAR-007294,PS-EQ-01,2024-04-29 00:00:00,Correctiva,5.5,1,Revestimiento (liner),2572.0,PS
OT-005536,PAR-007296,PS-EQ-01,2024-05-09 00:00:00,Preventiva,11.2,1,Rodamiento,1818.0,PS
OT-005537,PAR-007297,PS-EQ-01,2024-05-26 00:00:00,Correctiva,5.8,1,Motor eléctrico,6369.0,PS
OT-005538,PAR-007298,PS-EQ-01,2024-05-29 00:00:00,Preventiva,13.8,3,Sensor/instrumento,687.0,PS
OT-005539,PAR-007300,PS-EQ-01,2024-06-01 00:00:00,Correctiva,24.8,1,Faja/correa,261.0,PS
OT-005540,PAR-007301,PS-EQ-01,2024-06-13 00:00:00,Preventiva,8.0,2,indeterminado,637.0,PS
OT-005541,PAR-007302,PS-EQ-01,2024-06-28 00:00:00,Correctiva,12.2,3,Ninguno (solo mano de obra),1545.0,PS
OT-005542,PAR-007303,PS-EQ-01,2024-06-29 00:00:00,Correctiva,5.3,2,Ninguno (solo mano de obra),6022.0,PS
OT-005543,PAR-007304,PS-EQ-01,2024-07-04 00:00:00,Correctiva,10.9,3,Faja/correa,4712.0,PS
OT-005544,PAR-007305,PS-EQ-01,2024-07-05 00:00:00,Preventiva,4.4,3,Faja/correa,987.0,PS
OT-005545,PAR-007307,PS-EQ-01,2024-07-11 00:00:00,Correctiva,8.3,3,Sensor/instrumento,935.0,PS
OT-005546,PAR-007308,PS-EQ-01,2024-07-12 00:00:00,Correctiva,24.1,3,Motor eléctrico,1071.0,PS
OT-005547,PAR-007309,PS-EQ-01,2024-07-16 00:00:00,Correctiva,9.5,3,indeterminado,2905.0,PS
OT-005548,PAR-007310,PS-EQ-01,2024-07-19 00:00:00,Correctiva,11.3,3,Motor eléctrico,4520.0,PS
OT-005549,PAR-007311,PS-EQ-01,2024-07-24 00:00:00,Preventiva,9.0,1,Rodamiento,2212.0,PS
OT-005550,PAR-007312,PS-EQ-01,2024-08-08 00:00:00,Correctiva,9.7,1,Motor eléctrico,381.0,PS
OT-005551,PAR-007313,PS-EQ-01,2024-08-11 00:00:00,Preventiva,8.1,3,Sensor/instrumento,1783.0,PS
OT-005552,PAR-007314,PS-EQ-01,2024-08-14 00:00:00,Correctiva,2.3,1,Ninguno (solo mano de obra),7105.0,PS
OT-005553,PAR-007315,PS-EQ-01,2024-08-25 00:00:00,Correctiva,9.3,3,Rodamiento,5362.0,PS
OT-005554,PAR-007316,PS-EQ-01,2024-08-31 00:00:00,Preventiva,9.0,3,Sello mecánico,2122.0,PS
OT-005555,PAR-007318,PS-EQ-01,2024-09-01 00:00:00,Correctiva,17.4,3,Motor eléctrico,6964.0,PS
OT-005556,PAR-007320,PS-EQ-01,2024-09-19 00:00:00,Correctiva,8.4,3,Faja/correa,159.0,PS
OT-005557,PAR-007322,PS-EQ-01,2024-09-22 00:00:00,Correctiva,12.2,3,Sensor/instrumento,3909.0,PS
OT-005558,PAR-007323,PS-EQ-01,2024-09-23 00:00:00,Preventiva,6.5,2,Motor eléctrico,989.0,PS
OT-005559,PAR-007325,PS-EQ-01,2024-10-01 00:00:00,Correctiva,5.4,2,Sello mecánico,3755.0,PS
OT-005560,PAR-007326,PS-EQ-01,2024-10-02 00:00:00,Correctiva,3.4,1,Motor eléctrico,4572.0,PS
OT-005561,PAR-007328,PS-EQ-01,2024-10-13 00:00:00,Correctiva,10.5,1,Rodamiento,3541.0,PS
OT-005562,PAR-007329,PS-EQ-01,2024-10-14 00:00:00,Preventiva,4.0,3,Sensor/instrumento,927.0,PS
OT-005563,PAR-007330,PS-EQ-01,2024-10-17 00:00:00,Correctiva,4.7,2,Revestimiento (liner),7128.0,PS
OT-005564,PAR-007331,PS-EQ-01,2024-10-25 00:00:00,Correctiva,12.0,1,Sensor/instrumento,7075.0,PS
OT-005565,PAR-007332,PS-EQ-01,2024-10-31 00:00:00,Preventiva,7.7,3,Sensor/instrumento,484.0,PS
OT-005566,PAR-007333,PS-EQ-01,2024-11-01 00:00:00,Correctiva,2.3,1,Sello mecánico,6878.0,PS
OT-005567,PAR-007336,PS-EQ-01,2024-11-20 00:00:00,Preventiva,6.0,2,Revestimiento (liner),2360.0,PS
OT-005568,PAR-007337,PS-EQ-01,2024-11-30 00:00:00,Correctiva,4.5,3,Sello mecánico,4469.0,PS
OT-005569,PAR-007338,PS-EQ-01,2024-12-01 00:00:00,Correctiva,4.6,3,Rodamiento,2296.0,PS
OT-005570,PAR-007340,PS-EQ-01,2024-12-13 00:00:00,Preventiva,8.1,2,Revestimiento (liner),1308.0,PS
OT-005571,PAR-007341,PS-EQ-01,2024-12-27 00:00:00,Preventiva,6.4,2,Rodamiento,1421.0,PS
OT-005572,PAR-007342,PS-EQ-01,2025-01-10 00:00:00,Correctiva,0.7,1,Sensor/instrumento,4136.0,PS
OT-005573,PAR-007343,PS-EQ-01,2025-01-11 00:00:00,Correctiva,26.4,2,Ninguno (solo mano de obra),5557.0,PS
OT-005574,PAR-007344,PS-EQ-01,2025-01-13 00:00:00,Correctiva,2.9,1,Ninguno (solo mano de obra),5800.0,PS
OT-005575,PAR-007345,PS-EQ-01,2025-01-19 00:00:00,Preventiva,6.3,1,Sensor/instrumento,1004.0,PS
OT-005576,PAR-007346,PS-EQ-01,2025-01-19 00:00:00,Correctiva,6.7,2,Motor eléctrico,5975.0,PS
OT-005577,PAR-007347,PS-EQ-01,2025-01-20 00:00:00,Correctiva,0.4,2,Motor eléctrico,597.0,PS
OT-005578,PAR-007348,PS-EQ-01,2025-01-21 00:00:00,Correctiva,5.0,3,Sello mecánico,6013.0,PS
OT-005579,PAR-007349,PS-EQ-01,2025-02-05 00:00:00,Correctiva,5.5,1,Ninguno (solo mano de obra),76.0,PS
OT-005580,PAR-007351,PS-EQ-01,2025-02-08 00:00:00,Correctiva,18.4,1,Motor eléctrico,5172.0,PS
OT-005581,PAR-007353,PS-EQ-01,2025-02-10 00:00:00,Preventiva,7.3,2,Sello mecánico,1941.0,PS
OT-005582,PAR-007355,PS-EQ-01,2025-02-15 00:00:00,Correctiva,8.7,2,Sensor/instrumento,4452.0,PS
OT-005583,PAR-007356,PS-EQ-01,2025-03-01 00:00:00,Preventiva,4.5,1,Motor eléctrico,1150.0,PS
OT-005584,PAR-007357,PS-EQ-01,2025-03-05 00:00:00,Correctiva,16.4,3,Sello mecánico,6745.0,PS
OT-005585,PAR-007361,PS-EQ-01,2025-03-18 00:00:00,Preventiva,7.5,3,Sello mecánico,982.0,PS
OT-005586,PAR-007363,PS-EQ-01,2025-03-24 00:00:00,Correctiva,6.6,1,Revestimiento (liner),806.0,PS
OT-005587,PAR-007364,PS-EQ-01,2025-03-26 00:00:00,Correctiva,2.5,3,Sensor/instrumento,4631.0,PS
OT-005588,PAR-007365,PS-EQ-01,2025-04-05 00:00:00,Preventiva,6.9,1,Sensor/instrumento,469.0,PS
OT-005589,PAR-007366,PS-EQ-01,2025-04-05 00:00:00,Correctiva,10.6,2,Faja/correa,54.0,PS
OT-005590,PAR-007367,PS-EQ-01,2025-04-12 00:00:00,Correctiva,9.5,2,Motor eléctrico,2855.0,PS
OT-005591,PAR-007368,PS-EQ-01,2025-04-16 00:00:00,Correctiva,4.4,3,Motor eléctrico,5920.0,PS
OT-005592,PAR-007371,PS-EQ-01,2025-04-24 00:00:00,Correctiva,6.0,3,indeterminado,4417.0,PS
OT-005593,PAR-007372,PS-EQ-01,2025-04-28 00:00:00,Preventiva,5.4,3,Sello mecánico,24.0,PS
OT-005594,PAR-007373,PS-EQ-01,2025-04-28 00:00:00,Correctiva,10.2,1,Motor eléctrico,4551.0,PS
OT-005595,PAR-007375,PS-EQ-01,2025-05-07 00:00:00,Correctiva,4.4,3,Ninguno (solo mano de obra),1985.0,PS
OT-005596,PAR-007376,PS-EQ-01,2025-05-12 00:00:00,Preventiva,7.6,2,Revestimiento (liner),1525.0,PS
OT-005597,PAR-007377,PS-EQ-01,2025-05-14 00:00:00,Correctiva,18.3,1,Motor eléctrico,3693.0,PS
OT-005598,PAR-007378,PS-EQ-01,2025-05-16 00:00:00,Correctiva,6.6,1,Rodamiento,832.0,PS
OT-005599,PAR-007379,PS-EQ-01,2025-05-22 00:00:00,Correctiva,3.2,1,Sensor/instrumento,3653.0,PS
OT-005600,PAR-007381,PS-EQ-01,2025-05-26 00:00:00,Preventiva,7.7,2,Sello mecánico,607.0,PS
OT-005601,PAR-007382,PS-EQ-01,2025-05-30 00:00:00,Correctiva,6.3,2,Revestimiento (liner),5733.0,PS
OT-005602,PAR-007383,PS-EQ-01,2025-05-31 00:00:00,Correctiva,4.2,1,Sensor/instrumento,7436.0,PS
OT-005603,PAR-007384,PS-EQ-01,2025-06-13 00:00:00,Preventiva,6.3,3,Rodamiento,2174.0,PS
OT-005604,PAR-007386,PS-EQ-01,2025-06-27 00:00:00,Correctiva,8.2,3,Motor eléctrico,6447.0,PS
OT-005605,PAR-007388,PS-EQ-01,2025-07-02 00:00:00,Preventiva,5.0,2,Motor eléctrico,83.0,PS
OT-005606,PAR-007389,PS-EQ-01,2025-07-08 00:00:00,Correctiva,12.8,3,Sensor/instrumento,4280.0,PS
OT-005607,PAR-007390,PS-EQ-01,2025-07-09 00:00:00,Correctiva,25.3,3,Faja/correa,6574.0,PS
OT-005608,PAR-007391,PS-EQ-01,2025-07-12 00:00:00,Correctiva,16.2,1,Revestimiento (liner),3832.0,PS
OT-005609,PAR-007393,PS-EQ-01,2025-07-24 00:00:00,Preventiva,4.2,3,Sello mecánico,2369.0,PS
OT-005610,PAR-007394,PS-EQ-01,2025-08-02 00:00:00,Correctiva,19.0,1,Sello mecánico,5668.0,PS
OT-005611,PAR-007395,PS-EQ-01,2025-08-13 00:00:00,Preventiva,6.4,1,Faja/correa,1611.0,PS
OT-005612,PAR-007396,PS-EQ-01,2025-08-25 00:00:00,Correctiva,12.4,3,Motor eléctrico,6281.0,PS
OT-005613,PAR-007397,PS-EQ-01,2025-08-26 00:00:00,Correctiva,4.9,2,Faja/correa,340.0,PS
OT-005614,PAR-007398,PS-EQ-01,2025-08-30 00:00:00,Preventiva,4.7,2,Sensor/instrumento,2115.0,PS
OT-005615,PAR-007399,PS-EQ-01,2025-09-18 00:00:00,Preventiva,11.3,3,Ninguno (solo mano de obra),2051.0,PS
OT-005616,PAR-007400,PS-EQ-01,2025-10-02 00:00:00,Correctiva,11.5,2,Rodamiento,2652.0,PS
OT-005617,PAR-007401,PS-EQ-01,2025-10-03 00:00:00,Correctiva,5.3,3,Sensor/instrumento,5763.0,PS
OT-005618,PAR-007402,PS-EQ-01,2025-10-04 00:00:00,Correctiva,3.0,3,Ninguno (solo mano de obra),1976.0,PS
OT-005619,PAR-007403,PS-EQ-01,2025-10-07 00:00:00,Preventiva,7.6,2,Sello mecánico,84.0,PS
OT-005620,PAR-007405,PS-EQ-01,2025-10-14 00:00:00,Correctiva,18.1,2,Sello mecánico,5047.0,PS
OT-005621,PAR-007406,PS-EQ-01,2025-10-15 00:00:00,Correctiva,22.8,1,Sensor/instrumento,2606.0,PS
OT-005622,PAR-007407,PS-EQ-01,2025-10-16 00:00:00,Correctiva,10.4,2,Faja/correa,7066.0,PS
OT-005623,PAR-007408,PS-EQ-01,2025-10-19 00:00:00,Correctiva,23.2,2,Sello mecánico,6639.0,PS
OT-005624,PAR-007411,PS-EQ-01,2025-10-24 00:00:00,Correctiva,10.3,3,Revestimiento (liner),4223.0,PS
OT-005625,PAR-007412,PS-EQ-01,2025-10-28 00:00:00,Preventiva,6.3,2,Sello mecánico,1780.0,PS
OT-005626,PAR-007415,PS-EQ-01,2025-11-07 00:00:00,Correctiva,9.8,3,Ninguno (solo mano de obra),6078.0,PS
OT-005627,PAR-007416,PS-EQ-01,2025-11-11 00:00:00,Correctiva,4.5,1,Sensor/instrumento,5194.0,PS
OT-005628,PAR-007418,PS-EQ-01,2025-11-16 00:00:00,Preventiva,8.3,2,Revestimiento (liner),1361.0,PS
OT-005629,PAR-007419,PS-EQ-01,2025-12-02 00:00:00,Correctiva,7.2,2,Ninguno (solo mano de obra),5930.0,PS
OT-005630,PAR-007420,PS-EQ-01,2025-12-06 00:00:00,Preventiva,7.3,2,Revestimiento (liner),909.0,PS
OT-005631,PAR-007421,PS-EQ-01,2025-12-11 00:00:00,Correctiva,1.3,2,Sello mecánico,2801.0,PS
OT-005632,PAR-007422,PS-EQ-01,2025-12-14 00:00:00,Correctiva,3.2,3,Faja/correa,5884.0,PS
OT-005633,PAR-007423,PS-EQ-01,2025-12-16 00:00:00,Correctiva,1.2,1,Sello mecánico,284.0,PS
OT-005634,PAR-007426,PS-EQ-01,2025-12-21 00:00:00,Correctiva,16.1,2,Revestimiento (liner),6210.0,PS
OT-005635,PAR-007427,PS-EQ-01,2025-12-23 00:00:00,Preventiva,5.6,1,Ninguno (solo mano de obra),2096.0,PS
OT-005636,PAR-007431,PS-EQ-01,2025-12-31 00:00:00,Correctiva,22.0,2,Faja/correa,1461.0,PS
OT-005637,PAR-007432,PS-EQ-01,2026-01-08 00:00:00,Preventiva,9.2,1,Revestimiento (liner),1654.0,PS
OT-005638,PAR-007434,PS-EQ-01,2026-01-18 00:00:00,Correctiva,8.4,3,Sello mecánico,6125.0,PS
OT-005639,PAR-007435,PS-EQ-01,2026-01-22 00:00:00,Correctiva,10.5,3,Sensor/instrumento,3981.0,PS
OT-005640,PAR-007436,PS-EQ-01,2026-01-24 00:00:00,Preventiva,6.4,3,indeterminado,1514.0,PS
OT-005641,PAR-007437,PS-EQ-01,2026-01-28 00:00:00,Correctiva,11.4,2,Faja/correa,7760.0,PS
OT-005642,PAR-007438,PS-EQ-01,2026-01-30 00:00:00,Correctiva,0.7,2,Revestimiento (liner),1428.0,PS
OT-005643,PAR-007439,PS-EQ-01,2026-02-06 00:00:00,Correctiva,3.6,3,Motor eléctrico,2283.0,PS
OT-005644,PAR-007440,PS-EQ-01,2026-02-16 00:00:00,Preventiva,11.2,2,Sensor/instrumento,630.0,PS
OT-005645,PAR-007441,PS-EQ-01,2026-02-20 00:00:00,Correctiva,6.4,1,Rodamiento,7247.0,PS
OT-005646,PAR-007442,PS-EQ-01,2026-03-03 00:00:00,Correctiva,14.2,2,Sensor/instrumento,7086.0,PS
OT-005647,PAR-007443,PS-EQ-01,2026-03-04 00:00:00,Correctiva,1.0,1,Faja/correa,2098.0,PS
OT-005648,PAR-007444,PS-EQ-01,2026-03-08 00:00:00,Preventiva,12.4,2,Ninguno (solo mano de obra),1961.0,PS
OT-005649,PAR-007445,PS-EQ-01,2026-03-10 00:00:00,Correctiva,6.8,2,Rodamiento,446.0,PS
OT-005650,PAR-007446,PS-EQ-01,2026-03-19 00:00:00,Correctiva,7.4,1,Rodamiento,6525.0,PS
OT-005651,PAR-007448,PS-EQ-01,2026-03-22 00:00:00,Correctiva,2.5,1,Faja/correa,2031.0,PS
OT-005652,PAR-007449,PS-EQ-01,2026-03-23 00:00:00,Correctiva,0.7,3,Sensor/instrumento,4022.0,PS
OT-005653,PAR-007450,PS-EQ-01,2026-03-28 00:00:00,Preventiva,5.5,2,Faja/correa,744.0,PS
OT-005654,PAR-007454,PS-EQ-01,2026-04-12 00:00:00,Preventiva,5.9,3,Motor eléctrico,2434.0,PS
OT-005655,PAR-007456,PS-EQ-01,2026-04-18 00:00:00,Correctiva,1.3,2,Sello mecánico,798.0,PS
OT-005656,PAR-007457,PS-EQ-01,2026-04-23 00:00:00,Correctiva,13.9,3,Sensor/instrumento,6324.0,PS
OT-005657,PAR-007458,PS-EQ-01,2026-04-28 00:00:00,Preventiva,5.2,2,Sello mecánico,127.0,PS
OT-005658,PAR-007459,PS-EQ-01,2026-04-30 00:00:00,Correctiva,1.1,1,Motor eléctrico,3315.0,PS
OT-005659,PAR-007460,PS-EQ-01,2026-05-02 00:00:00,Correctiva,16.6,3,Faja/correa,7879.0,PS
OT-005660,PAR-007462,PS-EQ-01,2026-05-07 00:00:00,Correctiva,25.8,2,Revestimiento (liner),2712.0,PS
OT-005661,PAR-007463,PS-EQ-01,2026-05-12 00:00:00,Preventiva,6.5,3,Sensor/instrumento,340.0,PS
OT-005662,PAR-007464,PS-EQ-01,2026-05-13 00:00:00,Correctiva,8.3,2,Revestimiento (liner),1903.0,PS
OT-005663,PAR-007465,PS-EQ-01,2026-05-20 00:00:00,Correctiva,4.8,3,Faja/correa,6683.0,PS
OT-005664,PAR-007466,PS-EQ-01,2026-05-23 00:00:00,Correctiva,9.7,1,Ninguno (solo mano de obra),230.0,PS
OT-005665,PAR-007467,PS-EQ-01,2026-05-26 00:00:00,Correctiva,11.0,1,Ninguno (solo mano de obra),3434.0,PS
OT-005666,PAR-007468,PS-EQ-01,2026-05-29 00:00:00,Correctiva,23.2,3,Ninguno (solo mano de obra),1751.0,PS
OT-005667,PAR-007469,PS-EQ-01,2026-05-30 00:00:00,Correctiva,13.7,1,Revestimiento (liner),73.0,PS
OT-005668,PAR-007470,PS-EQ-01,2026-06-03 00:00:00,Preventiva,13.0,2,Faja/correa,1557.0,PS
OT-005669,PAR-007472,PS-EQ-01,2026-06-09 00:00:00,Correctiva,7.1,2,Motor eléctrico,6789.0,PS
OT-005670,PAR-007475,PS-EQ-01,2026-06-20 00:00:00,Preventiva,6.6,3,Motor eléctrico,636.0,PS
OT-005671,PAR-007476,PS-EQ-01,2026-06-22 00:00:00,Correctiva,5.9,2,Sello mecánico,162.0,PS
OT-005672,PAR-007477,PS-EQ-01,2026-06-26 00:00:00,Correctiva,14.3,2,Sensor/instrumento,39.0,PS
OT-005673,PAR-007480,PS-EQ-01,2026-07-05 00:00:00,Preventiva,7.5,2,Revestimiento (liner),2476.0,PS
OT-005674,PAR-007483,PS-EQ-01,2026-07-20 00:00:00,Correctiva,8.7,1,Ninguno (solo mano de obra),5636.0,PS
OT-005675,PAR-007484,PS-EQ-01,2026-07-21 00:00:00,Preventiva,8.1,1,Motor eléctrico,1119.0,PS
OT-005676,PAR-007485,PS-EQ-01,2026-07-23 00:00:00,Correctiva,18.2,2,Rodamiento,4417.0,PS
OT-005677,PAR-007486,PS-EQ-01,2026-07-24 00:00:00,Correctiva,15.2,1,Rodamiento,7415.0,PS
OT-005678,PAR-007487,PS-EQ-01,2026-07-27 00:00:00,Correctiva,10.5,3,Revestimiento (liner),6680.0,PS
OT-005679,PAR-007488,PS-EQ-01,2026-07-29 00:00:00,Correctiva,10.9,2,Motor eléctrico,4740.0,PS
OT-005680,PAR-007489,PS-EQ-01,2026-08-02 00:00:00,Correctiva,6.1,3,Sello mecánico,6430.0,PS
OT-005681,PAR-007490,PS-EQ-01,2026-08-09 00:00:00,Preventiva,13.5,1,Rodamiento,1912.0,PS
OT-005682,PAR-007491,PS-EQ-01,2026-08-09 00:00:00,Correctiva,3.7,2,Ninguno (solo mano de obra),1771.0,PS
OT-005683,PAR-007495,PS-EQ-01,2026-09-01 00:00:00,Preventiva,10.9,1,Motor eléctrico,1053.0,PS
OT-005684,PAR-007497,PS-EQ-01,2026-09-08 00:00:00,Correctiva,23.6,2,Motor eléctrico,542.0,PS
OT-005685,PAR-007498,PS-EQ-01,2026-09-22 00:00:00,Preventiva,11.6,1,Sello mecánico,1466.0,PS
OT-005686,PAR-007499,PS-EQ-01,2026-09-27 00:00:00,Correctiva,4.0,3,Revestimiento (liner),7732.0,PS
OT-005687,PAR-007500,PS-EQ-01,2026-10-07 00:00:00,Preventiva,9.5,3,Sello mecánico,1314.0,PS
OT-005688,PAR-007502,PS-EQ-01,2026-10-21 00:00:00,Preventiva,8.6,1,Revestimiento (liner),1787.0,PS
OT-005689,PAR-007503,PS-EQ-01,2026-10-24 00:00:00,Correctiva,3.6,3,Sensor/instrumento,854.0,PS
OT-005690,PAR-007505,PS-EQ-01,2026-10-29 00:00:00,Correctiva,7.1,3,Revestimiento (liner),6869.0,PS
OT-005691,PAR-007507,PS-EQ-01,2026-11-08 00:00:00,Correctiva,0.7,3,Sensor/instrumento,6973.0,PS
OT-005692,PAR-007508,PS-EQ-01,2026-11-13 00:00:00,Preventiva,7.0,1,Revestimiento (liner),138.0,PS
OT-005693,PAR-007509,PS-EQ-01,2026-11-13 00:00:00,Correctiva,14.9,3,Faja/correa,150.0,PS
OT-005694,PAR-007512,PS-EQ-01,2026-11-19 00:00:00,Correctiva,11.0,3,Motor eléctrico,307.0,PS
OT-005695,PAR-007513,PS-EQ-01,2026-11-25 00:00:00,Correctiva,5.8,1,Sensor/instrumento,1553.0,PS
OT-005696,PAR-007514,PS-EQ-01,2026-11-27 00:00:00,Correctiva,1.2,3,Sello mecánico,3978.0,PS
OT-005697,PAR-007515,PS-EQ-01,2026-12-03 00:00:00,Preventiva,5.5,3,Rodamiento,2397.0,PS
OT-005698,PAR-007516,PS-EQ-01,2026-12-04 00:00:00,Correctiva,8.5,2,Sello mecánico,3818.0,PS
OT-005699,PAR-007517,PS-EQ-01,2026-12-08 00:00:00,Correctiva,11.0,3,Ninguno (solo mano de obra),945.0,PS
OT-005700,PAR-007519,PS-EQ-01,2026-12-15 00:00:00,Correctiva,15.8,3,Motor eléctrico,1566.0,PS
OT-005701,PAR-007520,PS-EQ-01,2026-12-16 00:00:00,Correctiva,3.6,3,Revestimiento (liner),267.0,PS
OT-005702,PAR-007521,PS-EQ-01,2026-12-17 00:00:00,Correctiva,20.0,1,Revestimiento (liner),5210.0,PS
OT-005703,PAR-007522,PS-EQ-01,2026-12-26 00:00:00,Preventiva,6.0,1,Ninguno (solo mano de obra),2001.0,PS
OT-005704,PAR-007523,PS-EQ-01,2027-01-02 00:00:00,Correctiva,13.8,1,Rodamiento,4148.0,PS
OT-005705,PAR-007524,PS-EQ-01,2027-01-07 00:00:00,Correctiva,2.4,2,Sello mecánico,6539.0,PS
OT-005706,PAR-007525,PS-EQ-01,2027-01-09 00:00:00,Correctiva,17.8,1,Ninguno (solo mano de obra),5675.0,PS
OT-005707,PAR-007526,PS-EQ-01,2027-01-13 00:00:00,Preventiva,7.8,1,Revestimiento (liner),1863.0,PS
OT-005708,PAR-007527,PS-EQ-01,2027-01-15 00:00:00,Correctiva,23.7,2,Sello mecánico,2351.0,PS
OT-005709,PAR-007528,PS-EQ-01,2027-01-22 00:00:00,Correctiva,13.8,2,Sensor/instrumento,2722.0,PS
OT-005710,PAR-007529,PS-EQ-01,2027-01-24 00:00:00,Correctiva,1.5,3,Ninguno (solo mano de obra),7429.0,PS
OT-005711,PAR-007532,PS-EQ-01,2027-01-31 00:00:00,Preventiva,4.4,3,Rodamiento,2069.0,PS
OT-005712,PAR-007535,PS-EQ-01,2027-02-17 00:00:00,Preventiva,11.3,1,Faja/correa,991.0,PS
OT-005713,PAR-007537,PS-EQ-01,2027-02-22 00:00:00,Correctiva,1.3,1,Rodamiento,7188.0,PS
OT-005714,PAR-007539,PS-EQ-01,2027-03-03 00:00:00,Preventiva,7.0,2,Sensor/instrumento,367.0,PS
OT-005715,PAR-007540,PS-EQ-01,2027-03-04 00:00:00,Correctiva,20.0,2,Motor eléctrico,7356.0,PS
OT-005716,PAR-007541,PS-EQ-01,2027-03-07 00:00:00,Correctiva,17.7,1,Faja/correa,4740.0,PS
OT-005717,PAR-007542,PS-EQ-01,2027-03-14 00:00:00,Correctiva,17.3,2,Rodamiento,234.0,PS
OT-005718,PAR-007543,PS-EQ-01,2027-03-17 00:00:00,Correctiva,14.5,1,Sensor/instrumento,537.0,PS
OT-005719,PAR-007544,PS-EQ-01,2027-03-20 00:00:00,Correctiva,16.8,3,Motor eléctrico,3605.0,PS
OT-005720,PAR-007545,PS-EQ-01,2027-03-25 00:00:00,Preventiva,10.5,3,Rodamiento,709.0,PS
OT-005721,PAR-007546,PS-EQ-01,2027-03-25 00:00:00,Correctiva,14.5,2,Revestimiento (liner),2530.0,PS
OT-005722,PAR-007548,PS-EQ-01,2027-04-01 00:00:00,Correctiva,12.3,2,Motor eléctrico,495.0,PS
OT-005723,PAR-007552,PS-EQ-01,2027-04-08 00:00:00,Correctiva,1.2,1,Sello mecánico,3544.0,PS
OT-005724,PAR-007553,PS-EQ-01,2027-04-09 00:00:00,Correctiva,0.8,3,Motor eléctrico,7685.0,PS
OT-005725,PAR-007554,PS-EQ-01,2027-04-12 00:00:00,Preventiva,12.2,2,Sensor/instrumento,1302.0,PS
OT-005726,PAR-007555,PS-EQ-01,2027-04-16 00:00:00,Correctiva,5.6,3,Ninguno (solo mano de obra),4057.0,PS
OT-005727,PAR-007557,PS-EQ-01,2027-04-30 00:00:00,Preventiva,7.1,2,indeterminado,1825.0,PS
OT-005728,PAR-007558,PS-EQ-01,2027-05-12 00:00:00,Correctiva,15.4,2,Motor eléctrico,4501.0,PS
OT-005729,PAR-007559,PS-EQ-01,2027-05-19 00:00:00,Preventiva,6.2,1,Ninguno (solo mano de obra),2210.0,PS
OT-005730,PAR-007560,PS-EQ-01,2027-05-27 00:00:00,Correctiva,3.4,2,Faja/correa,2079.0,PS
OT-005731,PAR-007561,PS-EQ-01,2027-06-04 00:00:00,Preventiva,7.0,1,Revestimiento (liner),286.0,PS
OT-005732,PAR-007562,PS-EQ-01,2027-06-18 00:00:00,Preventiva,6.2,3,Faja/correa,39.0,PS
OT-005733,PAR-007563,PS-EQ-01,2027-06-18 00:00:00,Correctiva,3.1,2,Faja/correa,4441.0,PS
OT-005734,PAR-007565,PS-EQ-01,2027-06-27 00:00:00,Correctiva,1.0,2,Revestimiento (liner),7778.0,PS
OT-005735,PAR-007566,PS-EQ-01,2027-07-08 00:00:00,Preventiva,3.6,2,Rodamiento,381.0,PS
OT-005736,PAR-007568,PS-EQ-01,2027-07-18 00:00:00,Correctiva,1.0,1,Sensor/instrumento,6133.0,PS
OT-005737,PAR-007570,PS-EQ-01,2027-07-25 00:00:00,Correctiva,21.1,3,Sello mecánico,1908.0,PS
OT-005738,PAR-007571,PS-EQ-01,2027-07-26 00:00:00,Preventiva,9.7,3,Revestimiento (liner),2205.0,PS
OT-005739,PAR-007572,PS-EQ-01,2027-07-29 00:00:00,Correctiva,14.2,3,Ninguno (solo mano de obra),4870.0,PS
OT-005740,PAR-007573,PS-EQ-01,2027-07-31 00:00:00,Correctiva,7.6,1,Faja/correa,5796.0,PS
OT-005741,PAR-007574,PS-EQ-01,2027-08-04 00:00:00,Correctiva,29.5,2,Faja/correa,160.0,PS
OT-005742,PAR-007575,PS-EQ-01,2027-08-07 00:00:00,Correctiva,9.8,1,Motor eléctrico,7701.0,PS
OT-005743,PAR-007576,PS-EQ-01,2027-08-09 00:00:00,Preventiva,11.6,3,Sello mecánico,1163.0,PS
OT-005744,PAR-007577,PS-EQ-01,2027-08-19 00:00:00,Correctiva,2.2,2,Sello mecánico,1003.0,PS
OT-005745,PAR-007578,PS-EQ-01,2027-08-26 00:00:00,Correctiva,0.5,3,Sello mecánico,1556.0,PS
OT-005746,PAR-007579,PS-EQ-01,2027-08-29 00:00:00,Correctiva,14.5,2,Motor eléctrico,7682.0,PS
OT-005747,PAR-007580,PS-EQ-01,2027-08-31 00:00:00,Preventiva,9.6,2,Rodamiento,1159.0,PS
OT-005748,PAR-007581,PS-EQ-01,2027-09-09 00:00:00,Correctiva,0.7,2,Revestimiento (liner),6965.0,PS
OT-005749,PAR-007582,PS-EQ-01,2027-09-15 00:00:00,Correctiva,12.3,2,Motor eléctrico,103.0,PS
OT-005750,PAR-007583,PS-EQ-01,2027-09-16 00:00:00,Correctiva,4.0,1,Rodamiento,4925.0,PS
OT-005751,PAR-007585,PS-EQ-01,2027-09-19 00:00:00,Preventiva,5.4,3,Faja/correa,1453.0,PS
OT-005752,PAR-007586,PS-EQ-01,2027-09-22 00:00:00,Correctiva,0.7,3,Revestimiento (liner),1649.0,PS
OT-005753,PAR-007587,PS-EQ-01,2027-10-07 00:00:00,Preventiva,13.1,2,Sensor/instrumento,429.0,PS
OT-005754,PAR-007589,PS-EQ-01,2027-10-22 00:00:00,Correctiva,10.7,2,Motor eléctrico,3971.0,PS
OT-005755,PAR-007590,PS-EQ-01,2027-10-24 00:00:00,Preventiva,7.4,2,Revestimiento (liner),621.0,PS
OT-005756,PAR-007593,PS-EQ-01,2027-11-10 00:00:00,Preventiva,6.9,2,Ninguno (solo mano de obra),2022.0,PS
OT-005757,PAR-007594,PS-EQ-01,2027-11-15 00:00:00,Correctiva,8.6,3,Rodamiento,4979.0,PS
OT-005758,PAR-007595,PS-EQ-01,2027-11-17 00:00:00,Correctiva,15.0,3,Ninguno (solo mano de obra),444.0,PS
OT-005759,PAR-007596,PS-EQ-01,2027-12-02 00:00:00,Preventiva,7.0,1,Revestimiento (liner),436.0,PS
OT-005760,PAR-007598,PS-EQ-01,2027-12-05 00:00:00,Correctiva,3.2,2,Motor eléctrico,5945.0,PS
OT-005761,PAR-007599,PS-EQ-01,2027-12-06 00:00:00,Correctiva,9.2,3,Sensor/instrumento,2648.0,PS
OT-005762,PAR-007600,PS-EQ-01,2027-12-10 00:00:00,Correctiva,31.3,1,Sensor/instrumento,5231.0,PS
OT-005763,PAR-007601,PS-EQ-01,2027-12-16 00:00:00,Preventiva,8.1,2,Sello mecánico,140.0,PS
OT-005764,PAR-007604,PS-EQ-01,2027-12-28 00:00:00,Correctiva,1.9,1,Sello mecánico,926.0,PS
OT-005765,PAR-007605,PS-EQ-02,2024-01-06 00:00:00,Correctiva,11.2,2,Sello mecánico,1601.0,PS
OT-005766,PAR-007606,PS-EQ-02,2024-01-07 00:00:00,Correctiva,15.4,1,Faja/correa,6682.0,PS
OT-005767,PAR-007608,PS-EQ-02,2024-01-17 00:00:00,Preventiva,7.7,3,Ninguno (solo mano de obra),526.0,PS
OT-005768,PAR-007610,PS-EQ-02,2024-01-22 00:00:00,Correctiva,5.0,1,Sello mecánico,3592.0,PS
OT-005769,PAR-007611,PS-EQ-02,2024-01-29 00:00:00,Correctiva,4.8,2,Rodamiento,7583.0,PS
OT-005770,PAR-007612,PS-EQ-02,2024-02-01 00:00:00,Preventiva,6.5,3,Sensor/instrumento,2312.0,PS
OT-005771,PAR-007613,PS-EQ-02,2024-02-07 00:00:00,Correctiva,0.4,3,Faja/correa,3061.0,PS
OT-005772,PAR-007614,PS-EQ-02,2024-02-08 00:00:00,Correctiva,29.5,2,Sensor/instrumento,2649.0,PS
OT-005773,PAR-007615,PS-EQ-02,2024-02-12 00:00:00,Correctiva,9.6,1,Revestimiento (liner),3689.0,PS
OT-005774,PAR-007616,PS-EQ-02,2024-02-21 00:00:00,Preventiva,8.9,3,Faja/correa,1435.0,PS
OT-005775,PAR-007617,PS-EQ-02,2024-02-24 00:00:00,Correctiva,2.0,3,Rodamiento,6536.0,PS
OT-005776,PAR-007618,PS-EQ-02,2024-02-27 00:00:00,Correctiva,2.6,3,Ninguno (solo mano de obra),3164.0,PS
OT-005777,PAR-007619,PS-EQ-02,2024-02-29 00:00:00,Correctiva,2.2,1,Ninguno (solo mano de obra),1534.0,PS
OT-005778,PAR-007620,PS-EQ-02,2024-03-03 00:00:00,Correctiva,3.3,2,Sello mecánico,723.0,PS
OT-005779,PAR-007621,PS-EQ-02,2024-03-14 00:00:00,Preventiva,13.3,2,Revestimiento (liner),382.0,PS
OT-005780,PAR-007622,PS-EQ-02,2024-03-28 00:00:00,Correctiva,0.5,3,Sensor/instrumento,1520.0,PS
OT-005781,PAR-007623,PS-EQ-02,2024-03-30 00:00:00,Preventiva,10.6,3,Sensor/instrumento,772.0,PS
OT-005782,PAR-007625,PS-EQ-02,2024-04-12 00:00:00,Correctiva,5.5,1,Rodamiento,5704.0,PS
OT-005783,PAR-007626,PS-EQ-02,2024-04-13 00:00:00,Correctiva,3.2,1,Revestimiento (liner),6407.0,PS
OT-005784,PAR-007627,PS-EQ-02,2024-04-16 00:00:00,Preventiva,11.2,1,Rodamiento,1332.0,PS
OT-005785,PAR-007628,PS-EQ-02,2024-04-22 00:00:00,Correctiva,22.6,1,Rodamiento,7112.0,PS
OT-005786,PAR-007629,PS-EQ-02,2024-04-23 00:00:00,Correctiva,4.9,2,Ninguno (solo mano de obra),2349.0,PS
OT-005787,PAR-007630,PS-EQ-02,2024-04-26 00:00:00,Correctiva,8.7,1,Rodamiento,768.0,PS
OT-005788,PAR-007631,PS-EQ-02,2024-04-30 00:00:00,Preventiva,9.2,3,Ninguno (solo mano de obra),2265.0,PS
OT-005789,PAR-007632,PS-EQ-02,2024-05-02 00:00:00,Correctiva,0.6,3,Sello mecánico,6691.0,PS
OT-005790,PAR-007633,PS-EQ-02,2024-05-09 00:00:00,Correctiva,1.0,2,Ninguno (solo mano de obra),7677.0,PS
OT-005791,PAR-007634,PS-EQ-02,2024-05-14 00:00:00,Preventiva,7.8,1,Rodamiento,2227.0,PS
OT-005792,PAR-007635,PS-EQ-02,2024-05-16 00:00:00,Correctiva,18.1,2,Ninguno (solo mano de obra),7520.0,PS
OT-005793,PAR-007637,PS-EQ-02,2024-05-19 00:00:00,Correctiva,18.9,2,Rodamiento,3118.0,PS
OT-005794,PAR-007638,PS-EQ-02,2024-05-21 00:00:00,Correctiva,0.6,3,Sello mecánico,6036.0,PS
OT-005795,PAR-007639,PS-EQ-02,2024-05-26 00:00:00,Correctiva,22.7,1,Sello mecánico,1238.0,PS
OT-005796,PAR-007640,PS-EQ-02,2024-05-29 00:00:00,Preventiva,6.5,1,Faja/correa,744.0,PS
OT-005797,PAR-007641,PS-EQ-02,2024-06-02 00:00:00,Correctiva,0.8,2,Rodamiento,2299.0,PS
OT-005798,PAR-007642,PS-EQ-02,2024-06-05 00:00:00,Correctiva,12.7,2,Faja/correa,1813.0,PS
OT-005799,PAR-007644,PS-EQ-02,2024-06-17 00:00:00,Preventiva,9.3,2,Faja/correa,1193.0,PS
OT-005800,PAR-007645,PS-EQ-02,2024-06-19 00:00:00,Correctiva,0.9,1,Faja/correa,7928.0,PS
OT-005801,PAR-007648,PS-EQ-02,2024-07-02 00:00:00,Correctiva,4.3,1,Sello mecánico,2400.0,PS
OT-005802,PAR-007649,PS-EQ-02,2024-07-09 00:00:00,Preventiva,11.2,2,Ninguno (solo mano de obra),677.0,PS
OT-005803,PAR-007650,PS-EQ-02,2024-07-15 00:00:00,Correctiva,0.5,1,Motor eléctrico,1656.0,PS
OT-005804,PAR-007651,PS-EQ-02,2024-07-16 00:00:00,Correctiva,1.3,1,Revestimiento (liner),3149.0,PS
OT-005805,PAR-007653,PS-EQ-02,2024-07-25 00:00:00,Correctiva,3.6,1,Sello mecánico,6076.0,PS
OT-005806,PAR-007654,PS-EQ-02,2024-07-28 00:00:00,Preventiva,5.6,2,Faja/correa,18.0,PS
OT-005807,PAR-007655,PS-EQ-02,2024-08-03 00:00:00,Correctiva,22.5,3,Ninguno (solo mano de obra),2288.0,PS
OT-005808,PAR-007656,PS-EQ-02,2024-08-04 00:00:00,Correctiva,10.6,2,Motor eléctrico,3373.0,PS
OT-005809,PAR-007657,PS-EQ-02,2024-08-08 00:00:00,Correctiva,5.7,3,Rodamiento,2401.0,PS
OT-005810,PAR-007658,PS-EQ-02,2024-08-12 00:00:00,Preventiva,8.3,1,Sensor/instrumento,850.0,PS
OT-005811,PAR-007659,PS-EQ-02,2024-08-14 00:00:00,Correctiva,3.1,1,Sello mecánico,4535.0,PS
OT-005812,PAR-007660,PS-EQ-02,2024-08-30 00:00:00,Correctiva,13.5,3,Motor eléctrico,2531.0,PS
OT-005813,PAR-007661,PS-EQ-02,2024-09-02 00:00:00,Correctiva,3.9,1,Sello mecánico,4183.0,PS
OT-005814,PAR-007662,PS-EQ-02,2024-09-03 00:00:00,Preventiva,6.8,3,Sello mecánico,258.0,PS
OT-005815,PAR-007663,PS-EQ-02,2024-09-06 00:00:00,Correctiva,0.5,2,Sensor/instrumento,3300.0,PS
OT-005816,PAR-007664,PS-EQ-02,2024-09-20 00:00:00,Preventiva,9.4,3,Sello mecánico,2433.0,PS
OT-005817,PAR-007665,PS-EQ-02,2024-09-24 00:00:00,Correctiva,5.9,1,Ninguno (solo mano de obra),6031.0,PS
OT-005818,PAR-007666,PS-EQ-02,2024-09-29 00:00:00,Correctiva,3.2,2,Faja/correa,6191.0,PS
OT-005819,PAR-007667,PS-EQ-02,2024-10-01 00:00:00,Correctiva,1.9,3,Ninguno (solo mano de obra),759.0,PS
OT-005820,PAR-007668,PS-EQ-02,2024-10-05 00:00:00,Preventiva,4.6,1,Faja/correa,1446.0,PS
OT-005821,PAR-007670,PS-EQ-02,2024-10-20 00:00:00,Correctiva,26.2,2,Sensor/instrumento,2619.0,PS
OT-005822,PAR-007671,PS-EQ-02,2024-10-25 00:00:00,Correctiva,29.6,2,Sello mecánico,1282.0,PS
OT-005823,PAR-007672,PS-EQ-02,2024-10-26 00:00:00,Preventiva,5.2,2,Ninguno (solo mano de obra),547.0,PS
OT-005824,PAR-007675,PS-EQ-02,2024-11-14 00:00:00,Preventiva,4.1,3,Sello mecánico,1520.0,PS
OT-005825,PAR-007676,PS-EQ-02,2024-11-14 00:00:00,Correctiva,10.5,2,Sello mecánico,4377.0,PS
OT-005826,PAR-007677,PS-EQ-02,2024-11-16 00:00:00,Correctiva,7.5,2,Rodamiento,3654.0,PS
OT-005827,PAR-007678,PS-EQ-02,2024-11-18 00:00:00,Correctiva,4.6,3,Revestimiento (liner),7640.0,PS
OT-005828,PAR-007679,PS-EQ-02,2024-11-29 00:00:00,Correctiva,3.6,2,Motor eléctrico,1628.0,PS
OT-005829,PAR-007680,PS-EQ-02,2024-12-01 00:00:00,Correctiva,0.7,1,Ninguno (solo mano de obra),5969.0,PS
OT-005830,PAR-007681,PS-EQ-02,2024-12-03 00:00:00,Preventiva,4.5,2,Motor eléctrico,2248.0,PS
OT-005831,PAR-007683,PS-EQ-02,2024-12-24 00:00:00,Preventiva,8.6,2,Ninguno (solo mano de obra),2188.0,PS
OT-005832,PAR-007685,PS-EQ-02,2024-12-27 00:00:00,Correctiva,20.7,2,Motor eléctrico,390.0,PS
OT-005833,PAR-007686,PS-EQ-02,2024-12-31 00:00:00,Correctiva,1.4,1,Sensor/instrumento,1941.0,PS
OT-005834,PAR-007689,PS-EQ-02,2025-01-10 00:00:00,Correctiva,10.7,1,Sensor/instrumento,3768.0,PS
OT-005835,PAR-007690,PS-EQ-02,2025-01-13 00:00:00,Preventiva,5.7,2,Ninguno (solo mano de obra),2387.0,PS
OT-005836,PAR-007691,PS-EQ-02,2025-01-15 00:00:00,Correctiva,6.6,2,Motor eléctrico,240.0,PS
OT-005837,PAR-007692,PS-EQ-02,2025-01-16 00:00:00,Correctiva,16.4,2,Motor eléctrico,5771.0,PS
OT-005838,PAR-007693,PS-EQ-02,2025-01-17 00:00:00,Correctiva,10.4,3,Motor eléctrico,2603.0,PS
OT-005839,PAR-007694,PS-EQ-02,2025-01-20 00:00:00,Correctiva,11.4,3,Rodamiento,7178.0,PS
OT-005840,PAR-007695,PS-EQ-02,2025-01-21 00:00:00,Correctiva,5.1,3,Motor eléctrico,3005.0,PS
OT-005841,PAR-007696,PS-EQ-02,2025-01-22 00:00:00,Correctiva,17.4,1,Ninguno (solo mano de obra),119.0,PS
OT-005842,PAR-007698,PS-EQ-02,2025-01-28 00:00:00,Preventiva,8.1,1,Revestimiento (liner),1980.0,PS
OT-005843,PAR-007699,PS-EQ-02,2025-01-29 00:00:00,Correctiva,26.2,1,Sello mecánico,1134.0,PS
OT-005844,PAR-007700,PS-EQ-02,2025-02-05 00:00:00,Correctiva,12.5,1,Ninguno (solo mano de obra),5551.0,PS
OT-005845,PAR-007701,PS-EQ-02,2025-02-06 00:00:00,Correctiva,0.5,3,Revestimiento (liner),2948.0,PS
OT-005846,PAR-007702,PS-EQ-02,2025-02-08 00:00:00,Correctiva,5.2,2,Faja/correa,6786.0,PS
OT-005847,PAR-007703,PS-EQ-02,2025-02-12 00:00:00,Correctiva,20.2,3,Sello mecánico,4965.0,PS
OT-005848,PAR-007704,PS-EQ-02,2025-02-13 00:00:00,Preventiva,12.8,1,Ninguno (solo mano de obra),2497.0,PS
OT-005849,PAR-007705,PS-EQ-02,2025-02-28 00:00:00,Preventiva,11.6,3,Revestimiento (liner),819.0,PS
OT-005850,PAR-007709,PS-EQ-02,2025-03-16 00:00:00,Correctiva,4.2,2,Sensor/instrumento,3163.0,PS
OT-005851,PAR-007710,PS-EQ-02,2025-03-19 00:00:00,Preventiva,9.9,3,Motor eléctrico,724.0,PS
OT-005852,PAR-007712,PS-EQ-02,2025-03-27 00:00:00,Correctiva,13.5,2,Sensor/instrumento,225.0,PS
OT-005853,PAR-007713,PS-EQ-02,2025-04-05 00:00:00,Correctiva,5.1,2,Faja/correa,587.0,PS
OT-005854,PAR-007714,PS-EQ-02,2025-04-06 00:00:00,Preventiva,4.8,2,Rodamiento,2054.0,PS
OT-005855,PAR-007715,PS-EQ-02,2025-04-07 00:00:00,Correctiva,6.6,1,Rodamiento,7570.0,PS
OT-005856,PAR-007716,PS-EQ-02,2025-04-09 00:00:00,Correctiva,5.9,2,Faja/correa,1059.0,PS
OT-005857,PAR-007718,PS-EQ-02,2025-04-19 00:00:00,Correctiva,13.3,1,Faja/correa,5997.0,PS
OT-005858,PAR-007719,PS-EQ-02,2025-04-22 00:00:00,Correctiva,20.9,3,Rodamiento,7376.0,PS
OT-005859,PAR-007720,PS-EQ-02,2025-04-23 00:00:00,Preventiva,6.9,1,Sello mecánico,858.0,PS
OT-005860,PAR-007721,PS-EQ-02,2025-04-27 00:00:00,Correctiva,4.5,2,Sensor/instrumento,6184.0,PS
OT-005861,PAR-007722,PS-EQ-02,2025-05-05 00:00:00,Correctiva,8.4,1,Motor eléctrico,3140.0,PS
OT-005862,PAR-007723,PS-EQ-02,2025-05-06 00:00:00,Correctiva,11.3,2,Revestimiento (liner),7298.0,PS
OT-005863,PAR-007724,PS-EQ-02,2025-05-07 00:00:00,Correctiva,1.9,3,Revestimiento (liner),2892.0,PS
OT-005864,PAR-007726,PS-EQ-02,2025-05-10 00:00:00,Correctiva,1.4,3,Motor eléctrico,7268.0,PS
OT-005865,PAR-007727,PS-EQ-02,2025-05-14 00:00:00,Correctiva,5.0,3,Rodamiento,7614.0,PS
OT-005866,PAR-007728,PS-EQ-02,2025-05-16 00:00:00,Preventiva,7.3,3,Ninguno (solo mano de obra),442.0,PS
OT-005867,PAR-007730,PS-EQ-02,2025-05-20 00:00:00,Correctiva,2.8,3,Sello mecánico,7379.0,PS
OT-005868,PAR-007731,PS-EQ-02,2025-05-29 00:00:00,Correctiva,3.1,1,Motor eléctrico,2322.0,PS
OT-005869,PAR-007732,PS-EQ-02,2025-05-31 00:00:00,Correctiva,1.0,3,Revestimiento (liner),4990.0,PS
OT-005870,PAR-007733,PS-EQ-02,2025-06-01 00:00:00,Preventiva,6.3,1,Revestimiento (liner),1792.0,PS
OT-005871,PAR-007734,PS-EQ-02,2025-06-03 00:00:00,Correctiva,31.5,3,Sensor/instrumento,7277.0,PS
OT-005872,PAR-007735,PS-EQ-02,2025-06-04 00:00:00,Correctiva,9.2,3,Motor eléctrico,2835.0,PS
OT-005873,PAR-007736,PS-EQ-02,2025-06-15 00:00:00,Preventiva,9.5,2,Rodamiento,2083.0,PS
OT-005874,PAR-007737,PS-EQ-02,2025-06-16 00:00:00,Correctiva,0.6,3,Rodamiento,2159.0,PS
OT-005875,PAR-007738,PS-EQ-02,2025-06-30 00:00:00,Preventiva,9.1,3,Faja/correa,2006.0,PS
OT-005876,PAR-007740,PS-EQ-02,2025-07-03 00:00:00,Correctiva,2.7,1,Rodamiento,1987.0,PS
OT-005877,PAR-007741,PS-EQ-02,2025-07-11 00:00:00,Correctiva,3.1,1,Ninguno (solo mano de obra),2283.0,PS
OT-005878,PAR-007742,PS-EQ-02,2025-07-17 00:00:00,Correctiva,29.9,1,Faja/correa,4552.0,PS
OT-005879,PAR-007743,PS-EQ-02,2025-07-18 00:00:00,Correctiva,4.9,3,Sello mecánico,2823.0,PS
OT-005880,PAR-007744,PS-EQ-02,2025-07-20 00:00:00,Preventiva,8.0,1,Sensor/instrumento,1680.0,PS
OT-005881,PAR-007745,PS-EQ-02,2025-07-22 00:00:00,Correctiva,7.5,3,indeterminado,4988.0,PS
OT-005882,PAR-007746,PS-EQ-02,2025-07-26 00:00:00,Correctiva,21.7,3,Revestimiento (liner),1380.0,PS
OT-005883,PAR-007748,PS-EQ-02,2025-08-05 00:00:00,Preventiva,11.3,1,Revestimiento (liner),265.0,PS
OT-005884,PAR-007749,PS-EQ-02,2025-08-19 00:00:00,Preventiva,6.2,1,indeterminado,173.0,PS
OT-005885,PAR-007750,PS-EQ-02,2025-08-19 00:00:00,Correctiva,4.8,3,Sensor/instrumento,6848.0,PS
OT-005886,PAR-007752,PS-EQ-02,2025-09-04 00:00:00,Correctiva,0.7,1,Faja/correa,5759.0,PS
OT-005887,PAR-007754,PS-EQ-02,2025-09-07 00:00:00,Preventiva,8.2,2,Motor eléctrico,1455.0,PS
OT-005888,PAR-007755,PS-EQ-02,2025-09-19 00:00:00,Correctiva,1.7,1,Revestimiento (liner),5217.0,PS
OT-005889,PAR-007756,PS-EQ-02,2025-09-20 00:00:00,Correctiva,10.2,2,Ninguno (solo mano de obra),4651.0,PS
OT-005890,PAR-007757,PS-EQ-02,2025-09-21 00:00:00,Correctiva,10.6,1,Sensor/instrumento,3872.0,PS
OT-005891,PAR-007758,PS-EQ-02,2025-09-22 00:00:00,Correctiva,6.3,2,Ninguno (solo mano de obra),3102.0,PS
OT-005892,PAR-007759,PS-EQ-02,2025-09-23 00:00:00,Preventiva,6.1,3,Faja/correa,283.0,PS
OT-005893,PAR-007761,PS-EQ-02,2025-10-01 00:00:00,Correctiva,10.0,1,Ninguno (solo mano de obra),651.0,PS
OT-005894,PAR-007762,PS-EQ-02,2025-10-06 00:00:00,Correctiva,8.0,3,Rodamiento,1833.0,PS
OT-005895,PAR-007763,PS-EQ-02,2025-10-09 00:00:00,Preventiva,9.3,1,Faja/correa,1646.0,PS
OT-005896,PAR-007764,PS-EQ-02,2025-10-17 00:00:00,Correctiva,6.1,2,Rodamiento,1509.0,PS
OT-005897,PAR-007765,PS-EQ-02,2025-10-18 00:00:00,Correctiva,3.0,1,Revestimiento (liner),1387.0,PS
OT-005898,PAR-007766,PS-EQ-02,2025-10-31 00:00:00,Correctiva,2.0,2,Motor eléctrico,484.0,PS
OT-005899,PAR-007767,PS-EQ-02,2025-11-01 00:00:00,Preventiva,8.0,3,Ninguno (solo mano de obra),295.0,PS
OT-005900,PAR-007771,PS-EQ-02,2025-11-22 00:00:00,Preventiva,3.9,1,Sello mecánico,1884.0,PS
OT-005901,PAR-007772,PS-EQ-02,2025-11-22 00:00:00,Correctiva,2.5,3,Revestimiento (liner),5652.0,PS
OT-005902,PAR-007774,PS-EQ-02,2025-12-07 00:00:00,Preventiva,5.4,3,Sensor/instrumento,2150.0,PS
OT-005903,PAR-007776,PS-EQ-02,2025-12-17 00:00:00,Correctiva,9.3,3,Sensor/instrumento,2508.0,PS
OT-005904,PAR-007777,PS-EQ-02,2025-12-23 00:00:00,Preventiva,7.8,2,Revestimiento (liner),2324.0,PS
OT-005905,PAR-007778,PS-EQ-02,2025-12-26 00:00:00,Correctiva,12.9,2,Faja/correa,3693.0,PS
OT-005906,PAR-007779,PS-EQ-02,2025-12-27 00:00:00,Correctiva,19.5,3,Motor eléctrico,619.0,PS
OT-005907,PAR-007780,PS-EQ-02,2026-01-15 00:00:00,Preventiva,8.3,2,Sensor/instrumento,1779.0,PS
OT-005908,PAR-007781,PS-EQ-02,2026-01-16 00:00:00,Correctiva,4.8,2,Faja/correa,248.0,PS
OT-005909,PAR-007782,PS-EQ-02,2026-01-17 00:00:00,Correctiva,7.7,1,Motor eléctrico,7629.0,PS
OT-005910,PAR-007784,PS-EQ-02,2026-01-24 00:00:00,Correctiva,2.9,1,Faja/correa,6705.0,PS
OT-005911,PAR-007785,PS-EQ-02,2026-01-28 00:00:00,Correctiva,7.2,1,Faja/correa,7322.0,PS
OT-005912,PAR-007786,PS-EQ-02,2026-02-01 00:00:00,Preventiva,7.9,3,Motor eléctrico,1392.0,PS
OT-005913,PAR-007788,PS-EQ-02,2026-02-04 00:00:00,Correctiva,2.8,2,Motor eléctrico,3769.0,PS
OT-005914,PAR-007790,PS-EQ-02,2026-02-09 00:00:00,Correctiva,5.0,2,Faja/correa,1207.0,PS
OT-005915,PAR-007791,PS-EQ-02,2026-02-11 00:00:00,Correctiva,3.5,2,Sensor/instrumento,5147.0,PS
OT-005916,PAR-007792,PS-EQ-02,2026-02-12 00:00:00,Correctiva,0.9,2,Revestimiento (liner),7865.0,PS
OT-005917,PAR-007793,PS-EQ-02,2026-02-22 00:00:00,Preventiva,11.4,1,Motor eléctrico,635.0,PS
OT-005918,PAR-007795,PS-EQ-02,2026-02-22 00:00:00,Correctiva,3.2,2,Ninguno (solo mano de obra),3552.0,PS
OT-005919,PAR-007796,PS-EQ-02,2026-03-04 00:00:00,Correctiva,3.1,1,Revestimiento (liner),645.0,PS
OT-005920,PAR-007797,PS-EQ-02,2026-03-11 00:00:00,Correctiva,19.2,1,Sensor/instrumento,7426.0,PS
OT-005921,PAR-007799,PS-EQ-02,2026-03-16 00:00:00,Preventiva,6.1,2,Faja/correa,176.0,PS
OT-005922,PAR-007801,PS-EQ-02,2026-03-26 00:00:00,Correctiva,2.6,2,Sensor/instrumento,2189.0,PS
OT-005923,PAR-007802,PS-EQ-02,2026-03-27 00:00:00,Correctiva,5.8,3,Faja/correa,4384.0,PS
OT-005924,PAR-007804,PS-EQ-02,2026-04-01 00:00:00,Preventiva,8.4,1,Motor eléctrico,1474.0,PS
OT-005925,PAR-007805,PS-EQ-02,2026-04-10 00:00:00,Correctiva,2.7,3,Revestimiento (liner),561.0,PS
OT-005926,PAR-007806,PS-EQ-02,2026-04-12 00:00:00,Correctiva,31.3,3,Faja/correa,5786.0,PS
OT-005927,PAR-007807,PS-EQ-02,2026-04-16 00:00:00,Preventiva,4.5,1,Motor eléctrico,2215.0,PS
OT-005928,PAR-007808,PS-EQ-02,2026-04-23 00:00:00,Correctiva,13.2,1,Rodamiento,5523.0,PS
OT-005929,PAR-007809,PS-EQ-02,2026-04-26 00:00:00,Correctiva,7.8,3,Sello mecánico,507.0,PS
OT-005930,PAR-007811,PS-EQ-02,2026-04-30 00:00:00,Correctiva,12.9,2,Rodamiento,6882.0,PS
OT-005931,PAR-007812,PS-EQ-02,2026-05-01 00:00:00,Correctiva,5.9,2,Motor eléctrico,2616.0,PS
OT-005932,PAR-007814,PS-EQ-02,2026-05-07 00:00:00,Correctiva,19.3,1,Faja/correa,2739.0,PS
OT-005933,PAR-007815,PS-EQ-02,2026-05-08 00:00:00,Preventiva,10.1,1,Ninguno (solo mano de obra),2261.0,PS
OT-005934,PAR-007816,PS-EQ-02,2026-05-10 00:00:00,Correctiva,25.4,1,Faja/correa,4035.0,PS
OT-005935,PAR-007818,PS-EQ-02,2026-05-20 00:00:00,Correctiva,6.9,1,Sello mecánico,3545.0,PS
OT-005936,PAR-007820,PS-EQ-02,2026-05-23 00:00:00,Preventiva,6.8,1,Motor eléctrico,1761.0,PS
OT-005937,PAR-007821,PS-EQ-02,2026-05-23 00:00:00,Correctiva,12.8,3,Revestimiento (liner),1751.0,PS
OT-005938,PAR-007822,PS-EQ-02,2026-05-30 00:00:00,Correctiva,5.9,1,Faja/correa,5.0,PS
OT-005939,PAR-007823,PS-EQ-02,2026-06-04 00:00:00,Correctiva,7.5,3,Motor eléctrico,1813.0,PS
OT-005940,PAR-007825,PS-EQ-02,2026-06-10 00:00:00,Preventiva,7.8,3,Revestimiento (liner),196.0,PS
OT-005941,PAR-007826,PS-EQ-02,2026-06-10 00:00:00,Correctiva,5.3,2,Sensor/instrumento,5625.0,PS
OT-005942,PAR-007827,PS-EQ-02,2026-06-14 00:00:00,Correctiva,6.1,2,Sello mecánico,5668.0,PS
OT-005943,PAR-007828,PS-EQ-02,2026-06-16 00:00:00,Correctiva,18.2,3,Ninguno (solo mano de obra),7928.0,PS
OT-005944,PAR-007829,PS-EQ-02,2026-06-29 00:00:00,Preventiva,8.0,1,Revestimiento (liner),1901.0,PS
OT-005945,PAR-007830,PS-EQ-02,2026-07-03 00:00:00,Correctiva,4.8,1,Sello mecánico,5561.0,PS
OT-005946,PAR-007832,PS-EQ-02,2026-07-14 00:00:00,Correctiva,9.4,1,Sello mecánico,2689.0,PS
OT-005947,PAR-007835,PS-EQ-02,2026-07-22 00:00:00,Preventiva,5.9,1,Sensor/instrumento,2339.0,PS
OT-005948,PAR-007836,PS-EQ-02,2026-07-22 00:00:00,Correctiva,13.0,1,Ninguno (solo mano de obra),708.0,PS
OT-005949,PAR-007838,PS-EQ-02,2026-07-24 00:00:00,Correctiva,0.6,1,Ninguno (solo mano de obra),5030.0,PS
OT-005950,PAR-007839,PS-EQ-02,2026-07-30 00:00:00,Correctiva,16.2,1,Rodamiento,5928.0,PS
OT-005951,PAR-007840,PS-EQ-02,2026-08-01 00:00:00,Correctiva,4.3,3,Ninguno (solo mano de obra),872.0,PS
OT-005952,PAR-007841,PS-EQ-02,2026-08-06 00:00:00,Preventiva,6.5,3,Revestimiento (liner),1485.0,PS
OT-005953,PAR-007842,PS-EQ-02,2026-08-17 00:00:00,Correctiva,25.4,1,Motor eléctrico,384.0,PS
OT-005954,PAR-007843,PS-EQ-02,2026-08-20 00:00:00,Preventiva,9.1,3,Sello mecánico,399.0,PS
OT-005955,PAR-007845,PS-EQ-02,2026-08-26 00:00:00,Correctiva,5.8,2,Faja/correa,1777.0,PS
OT-005956,PAR-007846,PS-EQ-02,2026-08-31 00:00:00,Correctiva,3.6,1,Motor eléctrico,7341.0,PS
OT-005957,PAR-007848,PS-EQ-02,2026-09-10 00:00:00,Preventiva,7.2,2,Rodamiento,232.0,PS
OT-005958,PAR-007849,PS-EQ-02,2026-09-11 00:00:00,Correctiva,26.5,3,Faja/correa,1584.0,PS
OT-005959,PAR-007850,PS-EQ-02,2026-09-12 00:00:00,Correctiva,15.8,2,Sello mecánico,5388.0,PS
OT-005960,PAR-007851,PS-EQ-02,2026-09-17 00:00:00,Correctiva,24.8,2,Motor eléctrico,1960.0,PS
OT-005961,PAR-007852,PS-EQ-02,2026-09-20 00:00:00,Correctiva,9.3,2,Ninguno (solo mano de obra),5701.0,PS
OT-005962,PAR-007853,PS-EQ-02,2026-09-24 00:00:00,Correctiva,3.2,2,indeterminado,7122.0,PS
OT-005963,PAR-007854,PS-EQ-02,2026-09-27 00:00:00,Preventiva,5.2,3,Rodamiento,1301.0,PS
OT-005964,PAR-007856,PS-EQ-02,2026-09-28 00:00:00,Correctiva,12.5,2,Rodamiento,6455.0,PS
OT-005965,PAR-007857,PS-EQ-02,2026-10-02 00:00:00,Correctiva,9.8,1,Sello mecánico,7536.0,PS
OT-005966,PAR-007858,PS-EQ-02,2026-10-05 00:00:00,Correctiva,18.2,3,Rodamiento,7755.0,PS
OT-005967,PAR-007860,PS-EQ-02,2026-10-07 00:00:00,Correctiva,2.0,3,Faja/correa,7813.0,PS
OT-005968,PAR-007863,PS-EQ-02,2026-10-13 00:00:00,Preventiva,11.0,2,Motor eléctrico,1558.0,PS
OT-005969,PAR-007864,PS-EQ-02,2026-10-14 00:00:00,Correctiva,7.5,2,Rodamiento,2777.0,PS
OT-005970,PAR-007866,PS-EQ-02,2026-10-21 00:00:00,Correctiva,14.0,2,Sensor/instrumento,685.0,PS
OT-005971,PAR-007867,PS-EQ-02,2026-10-29 00:00:00,Preventiva,4.8,2,Rodamiento,2021.0,PS
OT-005972,PAR-007868,PS-EQ-02,2026-11-01 00:00:00,Correctiva,0.7,1,Motor eléctrico,499.0,PS
OT-005973,PAR-007869,PS-EQ-02,2026-11-06 00:00:00,Correctiva,16.3,1,Faja/correa,2139.0,PS
OT-005974,PAR-007870,PS-EQ-02,2026-11-09 00:00:00,Correctiva,1.2,1,Sello mecánico,3697.0,PS
OT-005975,PAR-007871,PS-EQ-02,2026-11-10 00:00:00,Correctiva,2.0,1,Rodamiento,6955.0,PS
OT-005976,PAR-007873,PS-EQ-02,2026-11-11 00:00:00,Correctiva,3.0,1,Rodamiento,6835.0,PS
OT-005977,PAR-007875,PS-EQ-02,2026-11-20 00:00:00,Preventiva,9.6,1,Rodamiento,495.0,PS
OT-005978,PAR-007876,PS-EQ-02,2026-11-21 00:00:00,Correctiva,5.4,2,Motor eléctrico,7279.0,PS
OT-005979,PAR-007877,PS-EQ-02,2026-11-25 00:00:00,Correctiva,0.5,2,Faja/correa,5064.0,PS
OT-005980,PAR-007878,PS-EQ-02,2026-12-01 00:00:00,Correctiva,7.6,2,Sello mecánico,5525.0,PS
OT-005981,PAR-007879,PS-EQ-02,2026-12-07 00:00:00,Preventiva,10.7,3,Motor eléctrico,444.0,PS
OT-005982,PAR-007880,PS-EQ-02,2026-12-07 00:00:00,Correctiva,8.5,3,Ninguno (solo mano de obra),4884.0,PS
OT-005983,PAR-007881,PS-EQ-02,2026-12-10 00:00:00,Correctiva,8.2,1,Sello mecánico,4690.0,PS
OT-005984,PAR-007882,PS-EQ-02,2026-12-13 00:00:00,Correctiva,2.9,3,Sello mecánico,7933.0,PS
OT-005985,PAR-007884,PS-EQ-02,2026-12-19 00:00:00,Correctiva,7.3,1,Sensor/instrumento,6107.0,PS
OT-005986,PAR-007885,PS-EQ-02,2026-12-21 00:00:00,Correctiva,2.5,1,Rodamiento,7100.0,PS
OT-005987,PAR-007886,PS-EQ-02,2026-12-22 00:00:00,Preventiva,10.0,2,Rodamiento,1981.0,PS
OT-005988,PAR-007887,PS-EQ-02,2026-12-24 00:00:00,Correctiva,21.6,3,Rodamiento,715.0,PS
OT-005989,PAR-007888,PS-EQ-02,2026-12-30 00:00:00,Correctiva,3.5,3,Sello mecánico,3265.0,PS
OT-005990,PAR-007889,PS-EQ-02,2026-12-31 00:00:00,Correctiva,1.7,2,Rodamiento,4416.0,PS
OT-005991,PAR-007890,PS-EQ-02,2027-01-09 00:00:00,Correctiva,10.4,3,Sello mecánico,2603.0,PS
OT-005992,PAR-007891,PS-EQ-02,2027-01-12 00:00:00,Preventiva,10.2,3,Sello mecánico,246.0,PS
OT-005993,PAR-007894,PS-EQ-02,2027-02-03 00:00:00,Preventiva,10.4,3,Motor eléctrico,1680.0,PS
OT-005994,PAR-007896,PS-EQ-02,2027-02-04 00:00:00,Correctiva,0.6,1,Faja/correa,3883.0,PS
OT-005995,PAR-007897,PS-EQ-02,2027-02-19 00:00:00,Preventiva,6.5,1,Revestimiento (liner),1899.0,PS
OT-005996,PAR-007900,PS-EQ-02,2027-03-11 00:00:00,Correctiva,17.0,2,Sello mecánico,4514.0,PS
OT-005997,PAR-007901,PS-EQ-02,2027-03-14 00:00:00,Preventiva,5.9,3,Ninguno (solo mano de obra),1740.0,PS
OT-005998,PAR-007904,PS-EQ-02,2027-03-25 00:00:00,Correctiva,18.0,3,Rodamiento,703.0,PS
OT-005999,PAR-007905,PS-EQ-02,2027-03-31 00:00:00,Correctiva,23.7,1,Sello mecánico,3899.0,PS
OT-006000,PAR-007906,PS-EQ-02,2027-04-02 00:00:00,Correctiva,13.0,1,Faja/correa,1983.0,PS
OT-006001,PAR-007907,PS-EQ-02,2027-04-04 00:00:00,Preventiva,8.0,1,Faja/correa,2325.0,PS
OT-006002,PAR-007909,PS-EQ-02,2027-04-10 00:00:00,Correctiva,12.7,1,Sello mecánico,1744.0,PS
OT-006003,PAR-007910,PS-EQ-02,2027-04-11 00:00:00,Correctiva,1.5,3,Ninguno (solo mano de obra),5714.0,PS
OT-006004,PAR-007911,PS-EQ-02,2027-04-14 00:00:00,Correctiva,14.2,3,Sensor/instrumento,6849.0,PS
OT-006005,PAR-007912,PS-EQ-02,2027-04-20 00:00:00,Preventiva,9.6,1,Motor eléctrico,2300.0,PS
OT-006006,PAR-007913,PS-EQ-02,2027-04-21 00:00:00,Correctiva,7.3,3,Revestimiento (liner),2941.0,PS
OT-006007,PAR-007915,PS-EQ-02,2027-04-29 00:00:00,Correctiva,10.3,1,Sensor/instrumento,2994.0,PS
OT-006008,PAR-007917,PS-EQ-02,2027-05-02 00:00:00,Correctiva,14.4,2,Ninguno (solo mano de obra),2779.0,PS
OT-006009,PAR-007918,PS-EQ-02,2027-05-04 00:00:00,Correctiva,7.3,3,Faja/correa,2028.0,PS
OT-006010,PAR-007919,PS-EQ-02,2027-05-05 00:00:00,Preventiva,7.8,1,Sello mecánico,1594.0,PS
OT-006011,PAR-007921,PS-EQ-02,2027-05-09 00:00:00,Correctiva,26.8,3,Ninguno (solo mano de obra),3926.0,PS
OT-006012,PAR-007922,PS-EQ-02,2027-05-13 00:00:00,Correctiva,11.3,1,Sensor/instrumento,5711.0,PS
OT-006013,PAR-007923,PS-EQ-02,2027-05-18 00:00:00,Correctiva,7.3,3,Sello mecánico,2391.0,PS
OT-006014,PAR-007924,PS-EQ-02,2027-05-19 00:00:00,Preventiva,7.2,2,Sensor/instrumento,356.0,PS
OT-006015,PAR-007928,PS-EQ-02,2027-05-28 00:00:00,Correctiva,30.6,3,Faja/correa,7999.0,PS
OT-006016,PAR-007929,PS-EQ-02,2027-06-08 00:00:00,Preventiva,8.5,2,Ninguno (solo mano de obra),2288.0,PS
OT-006017,PAR-007930,PS-EQ-02,2027-06-11 00:00:00,Correctiva,20.5,2,Faja/correa,6225.0,PS
OT-006018,PAR-007931,PS-EQ-02,2027-06-14 00:00:00,Correctiva,2.0,2,Rodamiento,338.0,PS
OT-006019,PAR-007933,PS-EQ-02,2027-06-17 00:00:00,Correctiva,9.4,1,Rodamiento,2869.0,PS
OT-006020,PAR-007934,PS-EQ-02,2027-06-24 00:00:00,Preventiva,5.5,3,Motor eléctrico,392.0,PS
OT-006021,PAR-007935,PS-EQ-02,2027-06-27 00:00:00,Correctiva,9.1,1,Faja/correa,3211.0,PS
OT-006022,PAR-007937,PS-EQ-02,2027-06-29 00:00:00,Correctiva,16.8,2,Motor eléctrico,7396.0,PS
OT-006023,PAR-007939,PS-EQ-02,2027-07-01 00:00:00,Correctiva,2.1,2,Ninguno (solo mano de obra),2520.0,PS
OT-006024,PAR-007943,PS-EQ-02,2027-07-12 00:00:00,Correctiva,14.2,3,Revestimiento (liner),7337.0,PS
OT-006025,PAR-007944,PS-EQ-02,2027-07-13 00:00:00,Preventiva,7.1,2,Sensor/instrumento,192.0,PS
OT-006026,PAR-007945,PS-EQ-02,2027-07-15 00:00:00,Correctiva,5.0,1,Revestimiento (liner),997.0,PS
OT-006027,PAR-007946,PS-EQ-02,2027-07-22 00:00:00,Correctiva,2.0,2,Revestimiento (liner),4720.0,PS
OT-006028,PAR-007947,PS-EQ-02,2027-07-27 00:00:00,Correctiva,23.2,2,Rodamiento,2272.0,PS
OT-006029,PAR-007948,PS-EQ-02,2027-07-31 00:00:00,Correctiva,9.4,3,Ninguno (solo mano de obra),6961.0,PS
OT-006030,PAR-007949,PS-EQ-02,2027-08-01 00:00:00,Correctiva,1.4,3,Faja/correa,3921.0,PS
OT-006031,PAR-007950,PS-EQ-02,2027-08-04 00:00:00,Preventiva,12.0,1,Faja/correa,2218.0,PS
OT-006032,PAR-007951,PS-EQ-02,2027-08-08 00:00:00,Correctiva,12.6,2,Sello mecánico,7562.0,PS
OT-006033,PAR-007953,PS-EQ-02,2027-08-19 00:00:00,Preventiva,5.7,1,Sensor/instrumento,1691.0,PS
OT-006034,PAR-007954,PS-EQ-02,2027-08-19 00:00:00,Correctiva,8.9,3,Sello mecánico,7401.0,PS
OT-006035,PAR-007955,PS-EQ-02,2027-08-21 00:00:00,Correctiva,4.7,2,Ninguno (solo mano de obra),2665.0,PS
OT-006036,PAR-007956,PS-EQ-02,2027-08-31 00:00:00,Correctiva,23.2,2,Motor eléctrico,3583.0,PS
OT-006037,PAR-007957,PS-EQ-02,2027-09-04 00:00:00,Correctiva,29.5,3,Faja/correa,6648.0,PS
OT-006038,PAR-007959,PS-EQ-02,2027-09-08 00:00:00,Correctiva,13.7,3,Motor eléctrico,75.0,PS
OT-006039,PAR-007960,PS-EQ-02,2027-09-09 00:00:00,Preventiva,8.8,1,Faja/correa,2189.0,PS
OT-006040,PAR-007962,PS-EQ-02,2027-09-12 00:00:00,Correctiva,8.2,3,Rodamiento,479.0,PS
OT-006041,PAR-007964,PS-EQ-02,2027-09-26 00:00:00,Preventiva,8.1,1,Ninguno (solo mano de obra),455.0,PS
OT-006042,PAR-007965,PS-EQ-02,2027-10-07 00:00:00,Correctiva,23.8,3,Revestimiento (liner),2132.0,PS
OT-006043,PAR-007966,PS-EQ-02,2027-10-10 00:00:00,Correctiva,3.4,3,Faja/correa,816.0,PS
OT-006044,PAR-007968,PS-EQ-02,2027-10-12 00:00:00,Correctiva,16.4,2,Sensor/instrumento,2704.0,PS
OT-006045,PAR-007969,PS-EQ-02,2027-10-16 00:00:00,Preventiva,11.3,2,Motor eléctrico,652.0,PS
OT-006046,PAR-007970,PS-EQ-02,2027-10-22 00:00:00,Correctiva,19.0,2,Sello mecánico,3542.0,PS
OT-006047,PAR-007972,PS-EQ-02,2027-10-31 00:00:00,Correctiva,7.5,1,Motor eléctrico,1410.0,PS
OT-006048,PAR-007973,PS-EQ-02,2027-11-02 00:00:00,Correctiva,22.9,1,Revestimiento (liner),6384.0,PS
OT-006049,PAR-007974,PS-EQ-02,2027-11-03 00:00:00,Preventiva,8.9,2,Faja/correa,1720.0,PS
OT-006050,PAR-007975,PS-EQ-02,2027-11-09 00:00:00,Correctiva,5.2,3,Sello mecánico,1211.0,PS
OT-006051,PAR-007976,PS-EQ-02,2027-11-15 00:00:00,Correctiva,17.2,2,Sensor/instrumento,7575.0,PS
OT-006052,PAR-007977,PS-EQ-02,2027-11-16 00:00:00,Correctiva,11.6,1,Motor eléctrico,2215.0,PS
OT-006053,PAR-007978,PS-EQ-02,2027-11-20 00:00:00,Preventiva,5.2,3,Revestimiento (liner),1126.0,PS
OT-006054,PAR-007979,PS-EQ-02,2027-12-03 00:00:00,Correctiva,3.2,2,Sello mecánico,6954.0,PS
OT-006055,PAR-007980,PS-EQ-02,2027-12-08 00:00:00,Preventiva,5.1,2,Motor eléctrico,1069.0,PS
OT-006056,PAR-007981,PS-EQ-02,2027-12-09 00:00:00,Correctiva,3.2,3,Rodamiento,5004.0,PS
OT-006057,PAR-007982,PS-EQ-02,2027-12-27 00:00:00,Preventiva,6.4,1,Motor eléctrico,2327.0,PS
OT-006058,PAR-007983,PS-EQ-02,2027-12-28 00:00:00,Correctiva,4.8,1,Faja/correa,2700.0,PS
OT-006059,PAR-007985,PS-EQ-03,2024-01-16 00:00:00,Preventiva,5.6,3,Faja/correa,2020.0,PS
OT-006060,PAR-007986,PS-EQ-03,2024-02-02 00:00:00,Correctiva,4.3,1,Sensor/instrumento,6748.0,PS
OT-006061,PAR-007987,PS-EQ-03,2024-02-06 00:00:00,Preventiva,12.1,2,Sensor/instrumento,1265.0,PS
OT-006062,PAR-007989,PS-EQ-03,2024-02-13 00:00:00,Correctiva,16.2,1,Faja/correa,1404.0,PS
OT-006063,PAR-007990,PS-EQ-03,2024-02-20 00:00:00,Correctiva,1.7,2,Sello mecánico,5933.0,PS
OT-006064,PAR-007991,PS-EQ-03,2024-02-21 00:00:00,Preventiva,13.3,1,Faja/correa,1662.0,PS
OT-006065,PAR-007992,PS-EQ-03,2024-02-23 00:00:00,Correctiva,14.6,3,Rodamiento,3667.0,PS
OT-006066,PAR-007994,PS-EQ-03,2024-03-07 00:00:00,Correctiva,2.4,1,Ninguno (solo mano de obra),7370.0,PS
OT-006067,PAR-007995,PS-EQ-03,2024-03-08 00:00:00,Correctiva,7.6,1,Faja/correa,803.0,PS
OT-006068,PAR-007996,PS-EQ-03,2024-03-11 00:00:00,Preventiva,7.8,3,Faja/correa,512.0,PS
OT-006069,PAR-007997,PS-EQ-03,2024-03-14 00:00:00,Correctiva,2.5,2,Faja/correa,2815.0,PS
OT-006070,PAR-007999,PS-EQ-03,2024-03-19 00:00:00,Correctiva,3.2,2,Faja/correa,952.0,PS
OT-006071,PAR-008000,PS-EQ-03,2024-03-25 00:00:00,Preventiva,8.3,3,Ninguno (solo mano de obra),1599.0,PS
OT-006072,PAR-008001,PS-EQ-03,2024-03-26 00:00:00,Correctiva,1.5,2,Motor eléctrico,984.0,PS
OT-006073,PAR-008002,PS-EQ-03,2024-04-08 00:00:00,Correctiva,0.7,1,Rodamiento,3565.0,PS
OT-006074,PAR-008003,PS-EQ-03,2024-04-14 00:00:00,Preventiva,6.5,1,Rodamiento,2199.0,PS
OT-006075,PAR-008007,PS-EQ-03,2024-05-03 00:00:00,Preventiva,7.9,1,Sello mecánico,795.0,PS
OT-006076,PAR-008009,PS-EQ-03,2024-05-13 00:00:00,Correctiva,3.8,3,Revestimiento (liner),4924.0,PS
OT-006077,PAR-008012,PS-EQ-03,2024-05-21 00:00:00,Preventiva,6.4,2,Motor eléctrico,690.0,PS
OT-006078,PAR-008013,PS-EQ-03,2024-05-21 00:00:00,Correctiva,8.9,2,Rodamiento,102.0,PS
OT-006079,PAR-008014,PS-EQ-03,2024-05-22 00:00:00,Correctiva,8.2,2,Ninguno (solo mano de obra),329.0,PS
OT-006080,PAR-008017,PS-EQ-03,2024-06-10 00:00:00,Preventiva,3.7,1,Revestimiento (liner),1913.0,PS
OT-006081,PAR-008018,PS-EQ-03,2024-06-20 00:00:00,Correctiva,25.5,2,Faja/correa,961.0,PS
OT-006082,PAR-008019,PS-EQ-03,2024-07-02 00:00:00,Preventiva,7.2,1,Ninguno (solo mano de obra),2489.0,PS
OT-006083,PAR-008020,PS-EQ-03,2024-07-11 00:00:00,Correctiva,4.9,1,Faja/correa,5509.0,PS
OT-006084,PAR-008021,PS-EQ-03,2024-07-19 00:00:00,Correctiva,1.8,2,indeterminado,1532.0,PS
OT-006085,PAR-008022,PS-EQ-03,2024-07-22 00:00:00,Preventiva,7.6,3,Motor eléctrico,1850.0,PS
OT-006086,PAR-008024,PS-EQ-03,2024-08-04 00:00:00,Correctiva,6.9,3,Sensor/instrumento,6697.0,PS
OT-006087,PAR-008025,PS-EQ-03,2024-08-11 00:00:00,Preventiva,11.1,2,Ninguno (solo mano de obra),196.0,PS
OT-006088,PAR-008026,PS-EQ-03,2024-08-26 00:00:00,Correctiva,22.2,3,Motor eléctrico,5200.0,PS
OT-006089,PAR-008027,PS-EQ-03,2024-08-29 00:00:00,Correctiva,9.8,3,Revestimiento (liner),1620.0,PS
OT-006090,PAR-008028,PS-EQ-03,2024-09-02 00:00:00,Preventiva,11.2,1,Sello mecánico,604.0,PS
OT-006091,PAR-008029,PS-EQ-03,2024-09-19 00:00:00,Preventiva,8.4,2,Motor eléctrico,1770.0,PS
OT-006092,PAR-008031,PS-EQ-03,2024-09-28 00:00:00,Correctiva,4.4,2,Faja/correa,5486.0,PS
OT-006093,PAR-008032,PS-EQ-03,2024-10-04 00:00:00,Preventiva,5.2,1,Ninguno (solo mano de obra),2069.0,PS
OT-006094,PAR-008034,PS-EQ-03,2024-10-10 00:00:00,Correctiva,15.5,3,Ninguno (solo mano de obra),2283.0,PS
OT-006095,PAR-008038,PS-EQ-03,2024-10-26 00:00:00,Preventiva,3.4,1,Rodamiento,1667.0,PS
OT-006096,PAR-008039,PS-EQ-03,2024-11-06 00:00:00,Correctiva,3.6,2,Ninguno (solo mano de obra),929.0,PS
OT-006097,PAR-008040,PS-EQ-03,2024-11-11 00:00:00,Preventiva,7.1,3,Faja/correa,2450.0,PS
OT-006098,PAR-008041,PS-EQ-03,2024-11-26 00:00:00,Preventiva,4.8,2,Sensor/instrumento,1728.0,PS
OT-006099,PAR-008043,PS-EQ-03,2024-12-13 00:00:00,Preventiva,5.6,1,Sello mecánico,760.0,PS
OT-006100,PAR-008046,PS-EQ-03,2024-12-24 00:00:00,Correctiva,7.6,2,Rodamiento,6599.0,PS
OT-006101,PAR-008047,PS-EQ-03,2025-01-05 00:00:00,Preventiva,7.2,2,Sensor/instrumento,347.0,PS
OT-006102,PAR-008048,PS-EQ-03,2025-01-10 00:00:00,Correctiva,5.8,3,Sello mecánico,282.0,PS
OT-006103,PAR-008050,PS-EQ-03,2025-01-15 00:00:00,Correctiva,6.9,1,Faja/correa,6413.0,PS
OT-006104,PAR-008051,PS-EQ-03,2025-01-19 00:00:00,Correctiva,4.3,3,Revestimiento (liner),3436.0,PS
OT-006105,PAR-008052,PS-EQ-03,2025-01-21 00:00:00,Correctiva,1.1,3,indeterminado,7420.0,PS
OT-006106,PAR-008053,PS-EQ-03,2025-01-22 00:00:00,Preventiva,6.6,3,Ninguno (solo mano de obra),1940.0,PS
OT-006107,PAR-008055,PS-EQ-03,2025-02-02 00:00:00,Correctiva,3.5,1,Ninguno (solo mano de obra),7060.0,PS
OT-006108,PAR-008057,PS-EQ-03,2025-02-05 00:00:00,Preventiva,11.4,1,Sensor/instrumento,2413.0,PS
OT-006109,PAR-008058,PS-EQ-03,2025-02-05 00:00:00,Correctiva,1.8,2,Rodamiento,6972.0,PS
OT-006110,PAR-008059,PS-EQ-03,2025-02-11 00:00:00,Correctiva,0.4,2,Motor eléctrico,7866.0,PS
OT-006111,PAR-008061,PS-EQ-03,2025-02-27 00:00:00,Preventiva,4.5,3,Ninguno (solo mano de obra),1530.0,PS
OT-006112,PAR-008062,PS-EQ-03,2025-03-06 00:00:00,Correctiva,1.4,2,Sensor/instrumento,5704.0,PS
OT-006113,PAR-008063,PS-EQ-03,2025-03-18 00:00:00,Preventiva,7.6,3,Rodamiento,179.0,PS
OT-006114,PAR-008067,PS-EQ-03,2025-04-01 00:00:00,Preventiva,10.1,2,Sensor/instrumento,2104.0,PS
OT-006115,PAR-008068,PS-EQ-03,2025-04-01 00:00:00,Correctiva,8.5,3,Ninguno (solo mano de obra),5661.0,PS
OT-006116,PAR-008071,PS-EQ-03,2025-04-18 00:00:00,Correctiva,8.9,1,Motor eléctrico,2303.0,PS
OT-006117,PAR-008072,PS-EQ-03,2025-04-23 00:00:00,Preventiva,7.1,1,Ninguno (solo mano de obra),484.0,PS
OT-006118,PAR-008074,PS-EQ-03,2025-05-13 00:00:00,Preventiva,6.8,1,Faja/correa,1016.0,PS
OT-006119,PAR-008077,PS-EQ-03,2025-05-27 00:00:00,Preventiva,7.4,3,Revestimiento (liner),1095.0,PS
OT-006120,PAR-008079,PS-EQ-03,2025-06-10 00:00:00,Correctiva,7.8,1,Faja/correa,6139.0,PS
OT-006121,PAR-008080,PS-EQ-03,2025-06-11 00:00:00,Preventiva,7.9,1,Faja/correa,2116.0,PS
OT-006122,PAR-008081,PS-EQ-03,2025-06-12 00:00:00,Correctiva,2.1,1,Revestimiento (liner),4870.0,PS
OT-006123,PAR-008082,PS-EQ-03,2025-06-24 00:00:00,Correctiva,9.6,3,Ninguno (solo mano de obra),6015.0,PS
OT-006124,PAR-008083,PS-EQ-03,2025-07-04 00:00:00,Preventiva,8.3,3,Motor eléctrico,1863.0,PS
OT-006125,PAR-008084,PS-EQ-03,2025-07-18 00:00:00,Preventiva,5.7,2,Faja/correa,2382.0,PS
OT-006126,PAR-008085,PS-EQ-03,2025-07-21 00:00:00,Correctiva,14.7,2,Motor eléctrico,2496.0,PS
OT-006127,PAR-008087,PS-EQ-03,2025-08-02 00:00:00,Preventiva,7.2,2,Rodamiento,1343.0,PS
OT-006128,PAR-008089,PS-EQ-03,2025-08-09 00:00:00,Correctiva,11.5,1,Sello mecánico,646.0,PS
OT-006129,PAR-008090,PS-EQ-03,2025-08-15 00:00:00,Correctiva,0.5,1,Faja/correa,4252.0,PS
OT-006130,PAR-008091,PS-EQ-03,2025-08-20 00:00:00,Preventiva,5.7,1,Sello mecánico,2076.0,PS
OT-006131,PAR-008093,PS-EQ-03,2025-08-26 00:00:00,Correctiva,3.8,1,Sello mecánico,7165.0,PS
OT-006132,PAR-008094,PS-EQ-03,2025-08-31 00:00:00,Correctiva,4.3,3,Rodamiento,5013.0,PS
OT-006133,PAR-008095,PS-EQ-03,2025-09-03 00:00:00,Preventiva,10.0,2,Sensor/instrumento,1970.0,PS
OT-006134,PAR-008096,PS-EQ-03,2025-09-05 00:00:00,Correctiva,0.7,3,Sensor/instrumento,2605.0,PS
OT-006135,PAR-008098,PS-EQ-03,2025-09-18 00:00:00,Preventiva,6.5,2,Rodamiento,293.0,PS
OT-006136,PAR-008099,PS-EQ-03,2025-09-18 00:00:00,Correctiva,1.3,1,Revestimiento (liner),4247.0,PS
OT-006137,PAR-008100,PS-EQ-03,2025-09-24 00:00:00,Correctiva,1.6,3,Ninguno (solo mano de obra),1551.0,PS
OT-006138,PAR-008101,PS-EQ-03,2025-10-05 00:00:00,Preventiva,4.3,1,Rodamiento,2329.0,PS
OT-006139,PAR-008102,PS-EQ-03,2025-10-21 00:00:00,Correctiva,2.1,1,Sello mecánico,7976.0,PS
OT-006140,PAR-008103,PS-EQ-03,2025-10-25 00:00:00,Preventiva,11.7,1,Ninguno (solo mano de obra),2074.0,PS
OT-006141,PAR-008104,PS-EQ-03,2025-10-26 00:00:00,Correctiva,9.2,3,Faja/correa,4950.0,PS
OT-006142,PAR-008105,PS-EQ-03,2025-10-31 00:00:00,Correctiva,28.9,2,Sello mecánico,1758.0,PS
OT-006143,PAR-008106,PS-EQ-03,2025-11-08 00:00:00,Correctiva,0.5,1,Revestimiento (liner),4662.0,PS
OT-006144,PAR-008107,PS-EQ-03,2025-11-17 00:00:00,Preventiva,6.1,1,Revestimiento (liner),461.0,PS
OT-006145,PAR-008108,PS-EQ-03,2025-12-02 00:00:00,Preventiva,7.7,2,Ninguno (solo mano de obra),90.0,PS
OT-006146,PAR-008109,PS-EQ-03,2025-12-02 00:00:00,Correctiva,3.7,2,Ninguno (solo mano de obra),1261.0,PS
OT-006147,PAR-008110,PS-EQ-03,2025-12-04 00:00:00,Correctiva,3.2,2,Rodamiento,5539.0,PS
OT-006148,PAR-008112,PS-EQ-03,2025-12-16 00:00:00,Preventiva,7.0,3,Sello mecánico,1709.0,PS
OT-006149,PAR-008114,PS-EQ-03,2025-12-18 00:00:00,Correctiva,18.5,3,Ninguno (solo mano de obra),7671.0,PS
OT-006150,PAR-008116,PS-EQ-03,2025-12-27 00:00:00,Correctiva,2.6,1,Sensor/instrumento,2216.0,PS
OT-006151,PAR-008118,PS-EQ-03,2025-12-31 00:00:00,Preventiva,9.6,2,Rodamiento,831.0,PS
OT-006152,PAR-008119,PS-EQ-03,2026-01-19 00:00:00,Preventiva,8.6,1,Motor eléctrico,1900.0,PS
OT-006153,PAR-008120,PS-EQ-03,2026-02-04 00:00:00,Correctiva,0.7,1,Rodamiento,1480.0,PS
OT-006154,PAR-008121,PS-EQ-03,2026-02-11 00:00:00,Preventiva,4.3,2,Ninguno (solo mano de obra),2361.0,PS
OT-006155,PAR-008122,PS-EQ-03,2026-02-19 00:00:00,Correctiva,0.5,2,Ninguno (solo mano de obra),555.0,PS
OT-006156,PAR-008123,PS-EQ-03,2026-02-28 00:00:00,Preventiva,5.7,3,Motor eléctrico,119.0,PS
OT-006157,PAR-008124,PS-EQ-03,2026-02-28 00:00:00,Correctiva,11.7,2,Sensor/instrumento,3483.0,PS
OT-006158,PAR-008125,PS-EQ-03,2026-03-05 00:00:00,Correctiva,3.3,2,Faja/correa,3395.0,PS
OT-006159,PAR-008126,PS-EQ-03,2026-03-21 00:00:00,Preventiva,12.0,3,Sensor/instrumento,517.0,PS
OT-006160,PAR-008127,PS-EQ-03,2026-04-12 00:00:00,Preventiva,4.7,3,Ninguno (solo mano de obra),101.0,PS
OT-006161,PAR-008128,PS-EQ-03,2026-04-14 00:00:00,Correctiva,1.1,2,Ninguno (solo mano de obra),936.0,PS
OT-006162,PAR-008131,PS-EQ-03,2026-04-30 00:00:00,Preventiva,11.2,2,Faja/correa,1421.0,PS
OT-006163,PAR-008132,PS-EQ-03,2026-05-13 00:00:00,Correctiva,7.5,1,Revestimiento (liner),1709.0,PS
OT-006164,PAR-008133,PS-EQ-03,2026-05-14 00:00:00,Correctiva,14.2,3,Rodamiento,4561.0,PS
OT-006165,PAR-008134,PS-EQ-03,2026-05-18 00:00:00,Preventiva,11.5,2,Faja/correa,1285.0,PS
OT-006166,PAR-008135,PS-EQ-03,2026-05-22 00:00:00,Correctiva,6.2,3,indeterminado,3615.0,PS
OT-006167,PAR-008137,PS-EQ-03,2026-06-02 00:00:00,Correctiva,13.6,2,Sensor/instrumento,1256.0,PS
OT-006168,PAR-008138,PS-EQ-03,2026-06-05 00:00:00,Correctiva,4.9,1,Motor eléctrico,2997.0,PS
OT-006169,PAR-008139,PS-EQ-03,2026-06-06 00:00:00,Correctiva,4.5,3,Sello mecánico,4077.0,PS
OT-006170,PAR-008140,PS-EQ-03,2026-06-08 00:00:00,Preventiva,11.3,3,Sensor/instrumento,282.0,PS
OT-006171,PAR-008142,PS-EQ-03,2026-06-25 00:00:00,Preventiva,5.0,3,Sensor/instrumento,602.0,PS
OT-006172,PAR-008144,PS-EQ-03,2026-07-11 00:00:00,Preventiva,11.0,2,Revestimiento (liner),808.0,PS
OT-006173,PAR-008146,PS-EQ-03,2026-07-25 00:00:00,Preventiva,4.0,2,Rodamiento,1419.0,PS
OT-006174,PAR-008147,PS-EQ-03,2026-08-09 00:00:00,Preventiva,10.1,3,Ninguno (solo mano de obra),2381.0,PS
OT-006175,PAR-008148,PS-EQ-03,2026-08-14 00:00:00,Correctiva,8.6,2,Faja/correa,477.0,PS
OT-006176,PAR-008149,PS-EQ-03,2026-08-20 00:00:00,Correctiva,3.7,3,Sensor/instrumento,3353.0,PS
OT-006177,PAR-008150,PS-EQ-03,2026-08-30 00:00:00,Preventiva,3.6,3,Motor eléctrico,1966.0,PS
OT-006178,PAR-008151,PS-EQ-03,2026-09-08 00:00:00,Correctiva,1.7,2,Ninguno (solo mano de obra),3415.0,PS
OT-006179,PAR-008154,PS-EQ-03,2026-09-22 00:00:00,Preventiva,8.0,3,Rodamiento,2412.0,PS
OT-006180,PAR-008155,PS-EQ-03,2026-10-06 00:00:00,Preventiva,9.3,2,Faja/correa,1917.0,PS
OT-006181,PAR-008156,PS-EQ-03,2026-10-07 00:00:00,Correctiva,5.4,1,Motor eléctrico,5626.0,PS
OT-006182,PAR-008158,PS-EQ-03,2026-10-15 00:00:00,Correctiva,3.7,3,Sello mecánico,5517.0,PS
OT-006183,PAR-008159,PS-EQ-03,2026-10-22 00:00:00,Correctiva,4.1,2,Ninguno (solo mano de obra),6024.0,PS
OT-006184,PAR-008160,PS-EQ-03,2026-10-26 00:00:00,Correctiva,5.0,3,Rodamiento,6806.0,PS
OT-006185,PAR-008161,PS-EQ-03,2026-10-29 00:00:00,Preventiva,7.9,3,Sello mecánico,559.0,PS
OT-006186,PAR-008162,PS-EQ-03,2026-11-10 00:00:00,Correctiva,23.5,3,Rodamiento,5477.0,PS
OT-006187,PAR-008163,PS-EQ-03,2026-11-11 00:00:00,Correctiva,3.5,2,Ninguno (solo mano de obra),1472.0,PS
OT-006188,PAR-008164,PS-EQ-03,2026-11-16 00:00:00,Preventiva,3.9,3,Rodamiento,472.0,PS
OT-006189,PAR-008165,PS-EQ-03,2026-11-30 00:00:00,Preventiva,7.6,3,Sensor/instrumento,2318.0,PS
OT-006190,PAR-008166,PS-EQ-03,2026-12-08 00:00:00,Correctiva,8.9,1,Ninguno (solo mano de obra),2285.0,PS
OT-006191,PAR-008167,PS-EQ-03,2026-12-16 00:00:00,Preventiva,6.8,3,Sensor/instrumento,1669.0,PS
OT-006192,PAR-008168,PS-EQ-03,2026-12-16 00:00:00,Correctiva,7.5,1,Sello mecánico,3835.0,PS
OT-006193,PAR-008169,PS-EQ-03,2026-12-17 00:00:00,Correctiva,9.5,2,Faja/correa,6776.0,PS
OT-006194,PAR-008170,PS-EQ-03,2026-12-19 00:00:00,Correctiva,6.8,1,Ninguno (solo mano de obra),2113.0,PS
OT-006195,PAR-008171,PS-EQ-03,2026-12-22 00:00:00,Correctiva,2.3,3,Ninguno (solo mano de obra),3900.0,PS
OT-006196,PAR-008172,PS-EQ-03,2026-12-25 00:00:00,Correctiva,2.4,1,Faja/correa,7528.0,PS
OT-006197,PAR-008173,PS-EQ-03,2026-12-30 00:00:00,Preventiva,8.9,2,Rodamiento,1116.0,PS
OT-006198,PAR-008175,PS-EQ-03,2027-01-15 00:00:00,Preventiva,8.2,2,Faja/correa,1404.0,PS
OT-006199,PAR-008177,PS-EQ-03,2027-02-01 00:00:00,Preventiva,7.0,2,Sensor/instrumento,121.0,PS
OT-006200,PAR-008178,PS-EQ-03,2027-02-06 00:00:00,Correctiva,2.7,1,Motor eléctrico,4042.0,PS
OT-006201,PAR-008179,PS-EQ-03,2027-02-13 00:00:00,Correctiva,2.4,2,Sello mecánico,3773.0,PS
OT-006202,PAR-008180,PS-EQ-03,2027-02-24 00:00:00,Preventiva,12.0,2,Ninguno (solo mano de obra),2435.0,PS
OT-006203,PAR-008182,PS-EQ-03,2027-03-06 00:00:00,Correctiva,11.6,3,Rodamiento,555.0,PS
OT-006204,PAR-008183,PS-EQ-03,2027-03-11 00:00:00,Correctiva,3.3,1,Ninguno (solo mano de obra),2075.0,PS
OT-006205,PAR-008184,PS-EQ-03,2027-03-12 00:00:00,Preventiva,4.6,3,Faja/correa,1838.0,PS
OT-006206,PAR-008185,PS-EQ-03,2027-03-14 00:00:00,Correctiva,5.4,2,Rodamiento,5476.0,PS
OT-006207,PAR-008186,PS-EQ-03,2027-03-27 00:00:00,Preventiva,6.3,3,Faja/correa,1150.0,PS
OT-006208,PAR-008188,PS-EQ-03,2027-04-04 00:00:00,Correctiva,25.4,3,Faja/correa,2972.0,PS
OT-006209,PAR-008189,PS-EQ-03,2027-04-13 00:00:00,Preventiva,9.3,2,Rodamiento,952.0,PS
OT-006210,PAR-008190,PS-EQ-03,2027-04-16 00:00:00,Correctiva,31.1,3,Revestimiento (liner),7809.0,PS
OT-006211,PAR-008193,PS-EQ-03,2027-04-27 00:00:00,Preventiva,10.3,3,Revestimiento (liner),2108.0,PS
OT-006212,PAR-008194,PS-EQ-03,2027-05-08 00:00:00,Correctiva,1.4,3,Sensor/instrumento,6902.0,PS
OT-006213,PAR-008195,PS-EQ-03,2027-05-16 00:00:00,Preventiva,6.0,3,Sensor/instrumento,594.0,PS
OT-006214,PAR-008196,PS-EQ-03,2027-05-22 00:00:00,Correctiva,8.1,2,Revestimiento (liner),2996.0,PS
OT-006215,PAR-008197,PS-EQ-03,2027-05-31 00:00:00,Preventiva,7.2,3,Sensor/instrumento,1504.0,PS
OT-006216,PAR-008199,PS-EQ-03,2027-06-02 00:00:00,Correctiva,0.5,3,Ninguno (solo mano de obra),5334.0,PS
OT-006217,PAR-008204,PS-EQ-03,2027-06-18 00:00:00,Preventiva,4.5,2,Sello mecánico,1999.0,PS
OT-006218,PAR-008205,PS-EQ-03,2027-06-28 00:00:00,Correctiva,1.5,3,Faja/correa,5795.0,PS
OT-006219,PAR-008206,PS-EQ-03,2027-07-03 00:00:00,Correctiva,14.2,2,Rodamiento,6028.0,PS
OT-006220,PAR-008208,PS-EQ-03,2027-07-08 00:00:00,Preventiva,5.1,1,Ninguno (solo mano de obra),1066.0,PS
OT-006221,PAR-008211,PS-EQ-03,2027-07-24 00:00:00,Preventiva,8.4,2,Rodamiento,1130.0,PS
OT-006222,PAR-008212,PS-EQ-03,2027-08-13 00:00:00,Preventiva,10.7,1,Revestimiento (liner),802.0,PS
OT-006223,PAR-008214,PS-EQ-03,2027-08-30 00:00:00,Preventiva,5.7,3,Sensor/instrumento,810.0,PS
OT-006224,PAR-008215,PS-EQ-03,2027-09-01 00:00:00,Correctiva,1.7,1,Revestimiento (liner),7264.0,PS
OT-006225,PAR-008216,PS-EQ-03,2027-09-02 00:00:00,Correctiva,8.7,1,Sello mecánico,1375.0,PS
OT-006226,PAR-008217,PS-EQ-03,2027-09-06 00:00:00,Correctiva,2.4,2,Sensor/instrumento,1093.0,PS
OT-006227,PAR-008218,PS-EQ-03,2027-09-15 00:00:00,Preventiva,6.4,1,Motor eléctrico,1747.0,PS
OT-006228,PAR-008220,PS-EQ-03,2027-10-02 00:00:00,Preventiva,5.8,2,Sello mecánico,1034.0,PS
OT-006229,PAR-008221,PS-EQ-03,2027-10-07 00:00:00,Correctiva,7.5,1,Ninguno (solo mano de obra),4849.0,PS
OT-006230,PAR-008222,PS-EQ-03,2027-10-14 00:00:00,Correctiva,3.6,2,Faja/correa,1682.0,PS
OT-006231,PAR-008223,PS-EQ-03,2027-10-19 00:00:00,Correctiva,13.7,3,Revestimiento (liner),6263.0,PS
OT-006232,PAR-008225,PS-EQ-03,2027-10-25 00:00:00,Preventiva,7.3,2,Revestimiento (liner),285.0,PS
OT-006233,PAR-008226,PS-EQ-03,2027-10-29 00:00:00,Correctiva,4.4,3,Sello mecánico,4905.0,PS
OT-006234,PAR-008229,PS-EQ-03,2027-11-08 00:00:00,Preventiva,9.3,3,Ninguno (solo mano de obra),990.0,PS
OT-006235,PAR-008231,PS-EQ-03,2027-11-25 00:00:00,Correctiva,5.6,1,Ninguno (solo mano de obra),2283.0,PS
OT-006236,PAR-008233,PS-EQ-03,2027-11-29 00:00:00,Preventiva,8.6,2,Sello mecánico,1343.0,PS
OT-006237,PAR-008234,PS-EQ-03,2027-12-09 00:00:00,Correctiva,2.8,3,Revestimiento (liner),943.0,PS
OT-006238,PAR-008235,PS-EQ-03,2027-12-11 00:00:00,Correctiva,1.9,2,Rodamiento,6140.0,PS
OT-006239,PAR-008237,PS-EQ-03,2027-12-22 00:00:00,Preventiva,7.4,1,Revestimiento (liner),1166.0,PS
OT-006240,PAR-008238,PS-EQ-03,2027-12-24 00:00:00,Correctiva,3.6,1,Sello mecánico,2237.0,PS
OT-006241,PAR-008240,PS-EQ-04,2024-01-07 00:00:00,Correctiva,18.8,2,Sello mecánico,3462.0,PS
OT-006242,PAR-008241,PS-EQ-04,2024-01-16 00:00:00,Correctiva,12.4,2,Sello mecánico,435.0,PS
OT-006243,PAR-008242,PS-EQ-04,2024-01-18 00:00:00,Correctiva,12.4,2,Sensor/instrumento,1342.0,PS
OT-006244,PAR-008243,PS-EQ-04,2024-01-21 00:00:00,Preventiva,5.6,3,Ninguno (solo mano de obra),715.0,PS
OT-006245,PAR-008244,PS-EQ-04,2024-01-24 00:00:00,Correctiva,5.4,1,Rodamiento,3720.0,PS
OT-006246,PAR-008245,PS-EQ-04,2024-02-11 00:00:00,Preventiva,4.8,1,Motor eléctrico,1367.0,PS
OT-006247,PAR-008246,PS-EQ-04,2024-02-17 00:00:00,Correctiva,4.3,3,Motor eléctrico,3639.0,PS
OT-006248,PAR-008247,PS-EQ-04,2024-02-19 00:00:00,Correctiva,11.0,1,Sensor/instrumento,5837.0,PS
OT-006249,PAR-008248,PS-EQ-04,2024-02-24 00:00:00,Correctiva,15.7,1,Revestimiento (liner),2981.0,PS
OT-006250,PAR-008249,PS-EQ-04,2024-02-28 00:00:00,Preventiva,8.0,1,Sello mecánico,73.0,PS
OT-006251,PAR-008250,PS-EQ-04,2024-03-05 00:00:00,Correctiva,14.9,3,Faja/correa,5189.0,PS
OT-006252,PAR-008251,PS-EQ-04,2024-03-06 00:00:00,Correctiva,18.1,1,Faja/correa,3923.0,PS
OT-006253,PAR-008252,PS-EQ-04,2024-03-08 00:00:00,Correctiva,24.4,2,Sensor/instrumento,2951.0,PS
OT-006254,PAR-008254,PS-EQ-04,2024-03-19 00:00:00,Correctiva,4.1,3,Sello mecánico,7375.0,PS
OT-006255,PAR-008255,PS-EQ-04,2024-03-20 00:00:00,Correctiva,6.9,2,Ninguno (solo mano de obra),7713.0,PS
OT-006256,PAR-008256,PS-EQ-04,2024-03-21 00:00:00,Preventiva,12.1,1,Sello mecánico,1989.0,PS
OT-006257,PAR-008258,PS-EQ-04,2024-03-27 00:00:00,Correctiva,13.6,1,Revestimiento (liner),3952.0,PS
OT-006258,PAR-008259,PS-EQ-04,2024-04-04 00:00:00,Correctiva,1.1,1,Motor eléctrico,2776.0,PS
OT-006259,PAR-008260,PS-EQ-04,2024-04-06 00:00:00,Correctiva,0.4,3,Rodamiento,3166.0,PS
OT-006260,PAR-008262,PS-EQ-04,2024-04-13 00:00:00,Preventiva,6.3,1,Faja/correa,110.0,PS
OT-006261,PAR-008263,PS-EQ-04,2024-04-15 00:00:00,Correctiva,9.4,2,Motor eléctrico,1715.0,PS
OT-006262,PAR-008264,PS-EQ-04,2024-04-20 00:00:00,Correctiva,0.6,2,Sensor/instrumento,5063.0,PS
OT-006263,PAR-008265,PS-EQ-04,2024-04-28 00:00:00,Correctiva,9.1,1,Sensor/instrumento,7819.0,PS
OT-006264,PAR-008266,PS-EQ-04,2024-05-06 00:00:00,Preventiva,7.3,3,Revestimiento (liner),2041.0,PS
OT-006265,PAR-008267,PS-EQ-04,2024-05-07 00:00:00,Correctiva,15.8,3,Motor eléctrico,1274.0,PS
OT-006266,PAR-008268,PS-EQ-04,2024-05-09 00:00:00,Correctiva,2.5,1,Faja/correa,6078.0,PS
OT-006267,PAR-008269,PS-EQ-04,2024-05-17 00:00:00,Correctiva,19.5,2,Sensor/instrumento,1690.0,PS
OT-006268,PAR-008270,PS-EQ-04,2024-05-21 00:00:00,Correctiva,9.5,2,Sello mecánico,2215.0,PS
OT-006269,PAR-008272,PS-EQ-04,2024-05-27 00:00:00,Preventiva,6.0,2,Revestimiento (liner),1168.0,PS
OT-006270,PAR-008273,PS-EQ-04,2024-06-11 00:00:00,Preventiva,6.8,2,Sello mecánico,1091.0,PS
OT-006271,PAR-008274,PS-EQ-04,2024-06-16 00:00:00,Correctiva,0.7,3,Sensor/instrumento,5409.0,PS
OT-006272,PAR-008275,PS-EQ-04,2024-06-22 00:00:00,Correctiva,0.7,1,Revestimiento (liner),4377.0,PS
OT-006273,PAR-008276,PS-EQ-04,2024-06-23 00:00:00,Correctiva,0.8,1,Motor eléctrico,7931.0,PS
OT-006274,PAR-008277,PS-EQ-04,2024-06-29 00:00:00,Correctiva,4.5,3,Rodamiento,4020.0,PS
OT-006275,PAR-008278,PS-EQ-04,2024-07-03 00:00:00,Preventiva,7.1,3,Motor eléctrico,1999.0,PS
OT-006276,PAR-008279,PS-EQ-04,2024-07-13 00:00:00,Correctiva,23.9,2,Rodamiento,3127.0,PS
OT-006277,PAR-008281,PS-EQ-04,2024-07-19 00:00:00,Correctiva,14.0,2,Motor eléctrico,7727.0,PS
OT-006278,PAR-008282,PS-EQ-04,2024-07-21 00:00:00,Correctiva,3.7,1,Rodamiento,1265.0,PS
OT-006279,PAR-008283,PS-EQ-04,2024-07-24 00:00:00,Correctiva,3.2,2,Faja/correa,5304.0,PS
OT-006280,PAR-008284,PS-EQ-04,2024-07-25 00:00:00,Preventiva,10.3,2,Sello mecánico,2280.0,PS
OT-006281,PAR-008286,PS-EQ-04,2024-07-29 00:00:00,Correctiva,7.2,2,Sensor/instrumento,3326.0,PS
OT-006282,PAR-008287,PS-EQ-04,2024-08-14 00:00:00,Preventiva,7.6,1,Revestimiento (liner),2093.0,PS
OT-006283,PAR-008289,PS-EQ-04,2024-08-22 00:00:00,Correctiva,0.7,1,Sensor/instrumento,3738.0,PS
OT-006284,PAR-008290,PS-EQ-04,2024-09-03 00:00:00,Preventiva,6.3,3,Rodamiento,689.0,PS
OT-006285,PAR-008291,PS-EQ-04,2024-09-05 00:00:00,Correctiva,1.1,3,Ninguno (solo mano de obra),5914.0,PS
OT-006286,PAR-008292,PS-EQ-04,2024-09-07 00:00:00,Correctiva,3.6,3,Rodamiento,3188.0,PS
OT-006287,PAR-008293,PS-EQ-04,2024-09-10 00:00:00,Correctiva,5.0,2,Sensor/instrumento,3970.0,PS
OT-006288,PAR-008295,PS-EQ-04,2024-09-19 00:00:00,Preventiva,9.9,2,Rodamiento,2459.0,PS
OT-006289,PAR-008297,PS-EQ-04,2024-09-28 00:00:00,Correctiva,27.2,1,Sello mecánico,6624.0,PS
OT-006290,PAR-008298,PS-EQ-04,2024-10-01 00:00:00,Correctiva,6.6,3,Sensor/instrumento,3301.0,PS
OT-006291,PAR-008299,PS-EQ-04,2024-10-08 00:00:00,Preventiva,9.0,3,Revestimiento (liner),1871.0,PS
OT-006292,PAR-008300,PS-EQ-04,2024-10-08 00:00:00,Correctiva,1.5,3,Faja/correa,6574.0,PS
OT-006293,PAR-008302,PS-EQ-04,2024-10-16 00:00:00,Correctiva,11.5,3,Revestimiento (liner),2484.0,PS
OT-006294,PAR-008303,PS-EQ-04,2024-10-18 00:00:00,Correctiva,3.2,2,Revestimiento (liner),1537.0,PS
OT-006295,PAR-008304,PS-EQ-04,2024-10-19 00:00:00,Correctiva,26.6,2,indeterminado,7986.0,PS
OT-006296,PAR-008306,PS-EQ-04,2024-10-29 00:00:00,Correctiva,3.7,1,Rodamiento,750.0,PS
OT-006297,PAR-008307,PS-EQ-04,2024-10-31 00:00:00,Preventiva,8.6,2,Sello mecánico,2430.0,PS
OT-006298,PAR-008308,PS-EQ-04,2024-11-04 00:00:00,Correctiva,5.2,3,Sello mecánico,7829.0,PS
OT-006299,PAR-008312,PS-EQ-04,2024-11-19 00:00:00,Preventiva,12.4,3,Faja/correa,1705.0,PS
OT-006300,PAR-008313,PS-EQ-04,2024-11-27 00:00:00,Correctiva,30.3,2,Rodamiento,4084.0,PS
OT-006301,PAR-008314,PS-EQ-04,2024-11-29 00:00:00,Correctiva,6.8,1,Rodamiento,366.0,PS
OT-006302,PAR-008315,PS-EQ-04,2024-12-03 00:00:00,Preventiva,10.6,3,Revestimiento (liner),1951.0,PS
OT-006303,PAR-008316,PS-EQ-04,2024-12-18 00:00:00,Preventiva,8.4,1,Rodamiento,279.0,PS
OT-006304,PAR-008317,PS-EQ-04,2024-12-19 00:00:00,Correctiva,1.3,1,Revestimiento (liner),2305.0,PS
OT-006305,PAR-008318,PS-EQ-04,2024-12-20 00:00:00,Correctiva,4.2,3,Motor eléctrico,855.0,PS
OT-006306,PAR-008319,PS-EQ-04,2024-12-23 00:00:00,Correctiva,6.6,3,Faja/correa,2854.0,PS
OT-006307,PAR-008321,PS-EQ-04,2024-12-29 00:00:00,Correctiva,1.0,2,Sensor/instrumento,2647.0,PS
OT-006308,PAR-008322,PS-EQ-04,2025-01-06 00:00:00,Preventiva,10.6,2,Rodamiento,1815.0,PS
OT-006309,PAR-008323,PS-EQ-04,2025-01-09 00:00:00,Correctiva,6.5,3,Revestimiento (liner),4932.0,PS
OT-006310,PAR-008325,PS-EQ-04,2025-01-18 00:00:00,Correctiva,6.3,2,Sello mecánico,5325.0,PS
OT-006311,PAR-008327,PS-EQ-04,2025-01-21 00:00:00,Correctiva,2.3,2,Ninguno (solo mano de obra),93.0,PS
OT-006312,PAR-008329,PS-EQ-04,2025-01-22 00:00:00,Correctiva,2.5,1,Sensor/instrumento,4134.0,PS
OT-006313,PAR-008330,PS-EQ-04,2025-01-24 00:00:00,Correctiva,3.9,2,Ninguno (solo mano de obra),6434.0,PS
OT-006314,PAR-008331,PS-EQ-04,2025-01-26 00:00:00,Preventiva,3.9,1,Revestimiento (liner),2121.0,PS
OT-006315,PAR-008332,PS-EQ-04,2025-01-27 00:00:00,Correctiva,18.5,1,Sensor/instrumento,3023.0,PS
OT-006316,PAR-008333,PS-EQ-04,2025-02-06 00:00:00,Correctiva,2.5,1,Motor eléctrico,3499.0,PS
OT-006317,PAR-008334,PS-EQ-04,2025-02-10 00:00:00,Preventiva,8.4,1,Sensor/instrumento,2432.0,PS
OT-006318,PAR-008335,PS-EQ-04,2025-02-13 00:00:00,Correctiva,2.9,3,Motor eléctrico,3593.0,PS
OT-006319,PAR-008336,PS-EQ-04,2025-02-25 00:00:00,Correctiva,10.5,1,Ninguno (solo mano de obra),3185.0,PS
OT-006320,PAR-008337,PS-EQ-04,2025-02-26 00:00:00,Preventiva,6.1,2,Sello mecánico,1049.0,PS
OT-006321,PAR-008338,PS-EQ-04,2025-02-27 00:00:00,Correctiva,15.9,3,Rodamiento,5659.0,PS
OT-006322,PAR-008339,PS-EQ-04,2025-03-16 00:00:00,Preventiva,8.4,2,Sello mecánico,1420.0,PS
OT-006323,PAR-008340,PS-EQ-04,2025-03-16 00:00:00,Correctiva,19.3,3,Motor eléctrico,2389.0,PS
OT-006324,PAR-008341,PS-EQ-04,2025-03-20 00:00:00,Correctiva,2.2,3,Sensor/instrumento,2705.0,PS
OT-006325,PAR-008343,PS-EQ-04,2025-03-27 00:00:00,Correctiva,3.8,3,Rodamiento,2078.0,PS
OT-006326,PAR-008344,PS-EQ-04,2025-03-29 00:00:00,Correctiva,4.2,2,Faja/correa,3040.0,PS
OT-006327,PAR-008345,PS-EQ-04,2025-04-01 00:00:00,Correctiva,2.8,2,Ninguno (solo mano de obra),249.0,PS
OT-006328,PAR-008346,PS-EQ-04,2025-04-02 00:00:00,Correctiva,19.3,1,Motor eléctrico,7830.0,PS
OT-006329,PAR-008347,PS-EQ-04,2025-04-03 00:00:00,Correctiva,7.8,1,Motor eléctrico,7101.0,PS
OT-006330,PAR-008348,PS-EQ-04,2025-04-05 00:00:00,Correctiva,4.9,3,Faja/correa,7398.0,PS
OT-006331,PAR-008349,PS-EQ-04,2025-04-06 00:00:00,Preventiva,6.9,1,indeterminado,307.0,PS
OT-006332,PAR-008350,PS-EQ-04,2025-04-10 00:00:00,Correctiva,13.7,3,Revestimiento (liner),3697.0,PS
OT-006333,PAR-008351,PS-EQ-04,2025-04-15 00:00:00,Correctiva,28.2,2,indeterminado,643.0,PS
OT-006334,PAR-008352,PS-EQ-04,2025-04-26 00:00:00,Preventiva,9.0,1,Revestimiento (liner),1980.0,PS
OT-006335,PAR-008353,PS-EQ-04,2025-04-26 00:00:00,Correctiva,3.9,3,Motor eléctrico,3666.0,PS
OT-006336,PAR-008354,PS-EQ-04,2025-05-03 00:00:00,Correctiva,14.4,2,Motor eléctrico,1802.0,PS
OT-006337,PAR-008355,PS-EQ-04,2025-05-07 00:00:00,Correctiva,4.7,2,Motor eléctrico,2502.0,PS
OT-006338,PAR-008356,PS-EQ-04,2025-05-10 00:00:00,Correctiva,6.0,1,Rodamiento,1529.0,PS
OT-006339,PAR-008357,PS-EQ-04,2025-05-11 00:00:00,Preventiva,7.3,3,Ninguno (solo mano de obra),2283.0,PS
OT-006340,PAR-008360,PS-EQ-04,2025-05-31 00:00:00,Preventiva,9.3,1,Rodamiento,1581.0,PS
OT-006341,PAR-008362,PS-EQ-04,2025-06-19 00:00:00,Correctiva,6.0,2,Sello mecánico,3663.0,PS
OT-006342,PAR-008363,PS-EQ-04,2025-06-23 00:00:00,Preventiva,10.0,1,Revestimiento (liner),1574.0,PS
OT-006343,PAR-008364,PS-EQ-04,2025-07-09 00:00:00,Preventiva,7.0,3,Ninguno (solo mano de obra),2466.0,PS
OT-006344,PAR-008365,PS-EQ-04,2025-07-18 00:00:00,Correctiva,18.3,1,Sensor/instrumento,2036.0,PS
OT-006345,PAR-008366,PS-EQ-04,2025-07-26 00:00:00,Preventiva,6.6,3,Revestimiento (liner),1317.0,PS
OT-006346,PAR-008367,PS-EQ-04,2025-07-28 00:00:00,Correctiva,12.1,1,Revestimiento (liner),2632.0,PS
OT-006347,PAR-008368,PS-EQ-04,2025-08-04 00:00:00,Correctiva,5.6,2,Sello mecánico,4027.0,PS
OT-006348,PAR-008369,PS-EQ-04,2025-08-09 00:00:00,Preventiva,5.7,2,Ninguno (solo mano de obra),106.0,PS
OT-006349,PAR-008371,PS-EQ-04,2025-08-15 00:00:00,Correctiva,14.4,2,Sello mecánico,2455.0,PS
OT-006350,PAR-008372,PS-EQ-04,2025-08-17 00:00:00,Correctiva,9.0,3,Rodamiento,6691.0,PS
OT-006351,PAR-008373,PS-EQ-04,2025-08-18 00:00:00,Correctiva,24.9,1,Sello mecánico,7641.0,PS
OT-006352,PAR-008374,PS-EQ-04,2025-08-20 00:00:00,Correctiva,2.7,1,Sello mecánico,5881.0,PS
OT-006353,PAR-008375,PS-EQ-04,2025-08-21 00:00:00,Correctiva,19.0,3,Rodamiento,3662.0,PS
OT-006354,PAR-008376,PS-EQ-04,2025-08-22 00:00:00,Correctiva,3.8,2,Ninguno (solo mano de obra),3401.0,PS
OT-006355,PAR-008377,PS-EQ-04,2025-08-25 00:00:00,Preventiva,5.9,2,Motor eléctrico,1755.0,PS
OT-006356,PAR-008378,PS-EQ-04,2025-08-27 00:00:00,Correctiva,19.0,3,Ninguno (solo mano de obra),2622.0,PS
OT-006357,PAR-008379,PS-EQ-04,2025-09-10 00:00:00,Preventiva,6.5,3,Rodamiento,2252.0,PS
OT-006358,PAR-008380,PS-EQ-04,2025-09-18 00:00:00,Correctiva,29.3,2,Motor eléctrico,3691.0,PS
OT-006359,PAR-008381,PS-EQ-04,2025-09-26 00:00:00,Preventiva,6.6,1,Revestimiento (liner),101.0,PS
OT-006360,PAR-008382,PS-EQ-04,2025-09-26 00:00:00,Correctiva,21.4,1,indeterminado,1796.0,PS
OT-006361,PAR-008384,PS-EQ-04,2025-10-06 00:00:00,Correctiva,19.4,2,Sensor/instrumento,6137.0,PS
OT-006362,PAR-008385,PS-EQ-04,2025-10-13 00:00:00,Correctiva,4.0,1,Faja/correa,280.0,PS
OT-006363,PAR-008386,PS-EQ-04,2025-10-17 00:00:00,Correctiva,9.9,1,Faja/correa,1777.0,PS
OT-006364,PAR-008388,PS-EQ-04,2025-10-19 00:00:00,Preventiva,9.9,3,Rodamiento,749.0,PS
OT-006365,PAR-008389,PS-EQ-04,2025-10-25 00:00:00,Correctiva,5.4,3,Faja/correa,6902.0,PS
OT-006366,PAR-008390,PS-EQ-04,2025-10-30 00:00:00,Correctiva,16.3,2,Rodamiento,5107.0,PS
OT-006367,PAR-008392,PS-EQ-04,2025-11-03 00:00:00,Preventiva,5.5,3,Motor eléctrico,1338.0,PS
OT-006368,PAR-008394,PS-EQ-04,2025-11-04 00:00:00,Correctiva,11.3,2,Ninguno (solo mano de obra),4930.0,PS
OT-006369,PAR-008397,PS-EQ-04,2025-11-21 00:00:00,Correctiva,12.4,1,Revestimiento (liner),576.0,PS
OT-006370,PAR-008399,PS-EQ-04,2025-11-26 00:00:00,Preventiva,8.3,2,Motor eléctrico,566.0,PS
OT-006371,PAR-008402,PS-EQ-04,2025-12-14 00:00:00,Preventiva,9.9,2,Sello mecánico,314.0,PS
OT-006372,PAR-008404,PS-EQ-04,2025-12-20 00:00:00,Correctiva,2.8,3,Faja/correa,5539.0,PS
OT-006373,PAR-008405,PS-EQ-04,2025-12-26 00:00:00,Correctiva,20.7,2,Sensor/instrumento,6665.0,PS
OT-006374,PAR-008406,PS-EQ-04,2025-12-27 00:00:00,Correctiva,18.9,1,Sello mecánico,7494.0,PS
OT-006375,PAR-008407,PS-EQ-04,2025-12-29 00:00:00,Preventiva,8.0,1,Sensor/instrumento,1742.0,PS
OT-006376,PAR-008408,PS-EQ-04,2026-01-01 00:00:00,Correctiva,5.1,1,Rodamiento,5805.0,PS
OT-006377,PAR-008410,PS-EQ-04,2026-01-14 00:00:00,Correctiva,1.8,3,Ninguno (solo mano de obra),5485.0,PS
OT-006378,PAR-008411,PS-EQ-04,2026-01-19 00:00:00,Preventiva,7.0,2,Ninguno (solo mano de obra),2496.0,PS
OT-006379,PAR-008412,PS-EQ-04,2026-01-22 00:00:00,Correctiva,8.0,3,Faja/correa,4807.0,PS
OT-006380,PAR-008414,PS-EQ-04,2026-02-02 00:00:00,Correctiva,4.7,2,Rodamiento,4645.0,PS
OT-006381,PAR-008415,PS-EQ-04,2026-02-09 00:00:00,Preventiva,6.7,2,Faja/correa,2295.0,PS
OT-006382,PAR-008416,PS-EQ-04,2026-02-16 00:00:00,Correctiva,2.9,1,Sensor/instrumento,1761.0,PS
OT-006383,PAR-008417,PS-EQ-04,2026-02-20 00:00:00,Correctiva,6.4,2,Sensor/instrumento,2078.0,PS
OT-006384,PAR-008418,PS-EQ-04,2026-02-21 00:00:00,Correctiva,0.7,3,Sensor/instrumento,6880.0,PS
OT-006385,PAR-008419,PS-EQ-04,2026-02-24 00:00:00,Correctiva,6.4,2,Ninguno (solo mano de obra),3402.0,PS
OT-006386,PAR-008420,PS-EQ-04,2026-02-25 00:00:00,Correctiva,1.4,1,Revestimiento (liner),935.0,PS
OT-006387,PAR-008421,PS-EQ-04,2026-02-28 00:00:00,Preventiva,10.1,3,Faja/correa,1183.0,PS
OT-006388,PAR-008422,PS-EQ-04,2026-03-02 00:00:00,Correctiva,0.9,2,Faja/correa,1244.0,PS
OT-006389,PAR-008424,PS-EQ-04,2026-03-17 00:00:00,Preventiva,7.0,2,Revestimiento (liner),1876.0,PS
OT-006390,PAR-008426,PS-EQ-04,2026-03-23 00:00:00,Correctiva,20.1,3,Sello mecánico,49.0,PS
OT-006391,PAR-008427,PS-EQ-04,2026-03-24 00:00:00,Correctiva,11.2,3,indeterminado,7381.0,PS
OT-006392,PAR-008428,PS-EQ-04,2026-03-27 00:00:00,Correctiva,0.7,3,Motor eléctrico,6686.0,PS
OT-006393,PAR-008430,PS-EQ-04,2026-03-31 00:00:00,Correctiva,6.3,2,Sensor/instrumento,3109.0,PS
OT-006394,PAR-008431,PS-EQ-04,2026-04-02 00:00:00,Preventiva,10.6,1,Rodamiento,742.0,PS
OT-006395,PAR-008432,PS-EQ-04,2026-04-08 00:00:00,Correctiva,16.4,1,Ninguno (solo mano de obra),95.0,PS
OT-006396,PAR-008434,PS-EQ-04,2026-04-14 00:00:00,Correctiva,0.6,3,Sensor/instrumento,440.0,PS
OT-006397,PAR-008435,PS-EQ-04,2026-04-17 00:00:00,Preventiva,9.9,2,Rodamiento,2264.0,PS
OT-006398,PAR-008436,PS-EQ-04,2026-04-20 00:00:00,Correctiva,12.9,2,Revestimiento (liner),4410.0,PS
OT-006399,PAR-008437,PS-EQ-04,2026-04-22 00:00:00,Correctiva,24.4,2,Sensor/instrumento,252.0,PS
OT-006400,PAR-008438,PS-EQ-04,2026-04-25 00:00:00,Correctiva,5.2,3,Revestimiento (liner),347.0,PS
OT-006401,PAR-008443,PS-EQ-04,2026-05-03 00:00:00,Preventiva,4.0,3,Sensor/instrumento,1453.0,PS
OT-006402,PAR-008444,PS-EQ-04,2026-05-08 00:00:00,Correctiva,28.2,3,Rodamiento,995.0,PS
OT-006403,PAR-008445,PS-EQ-04,2026-05-10 00:00:00,Correctiva,0.7,3,Ninguno (solo mano de obra),418.0,PS
OT-006404,PAR-008446,PS-EQ-04,2026-05-13 00:00:00,Correctiva,10.1,1,Ninguno (solo mano de obra),801.0,PS
OT-006405,PAR-008447,PS-EQ-04,2026-05-18 00:00:00,Preventiva,10.0,1,Revestimiento (liner),381.0,PS
OT-006406,PAR-008448,PS-EQ-04,2026-05-19 00:00:00,Correctiva,1.9,1,Revestimiento (liner),733.0,PS
OT-006407,PAR-008449,PS-EQ-04,2026-05-21 00:00:00,Correctiva,6.4,3,Sello mecánico,4322.0,PS
OT-006408,PAR-008450,PS-EQ-04,2026-05-22 00:00:00,Correctiva,15.8,1,Ninguno (solo mano de obra),1286.0,PS
OT-006409,PAR-008451,PS-EQ-04,2026-05-30 00:00:00,Correctiva,11.4,2,Sensor/instrumento,2440.0,PS
OT-006410,PAR-008452,PS-EQ-04,2026-06-08 00:00:00,Preventiva,7.3,2,Sensor/instrumento,391.0,PS
OT-006411,PAR-008455,PS-EQ-04,2026-06-11 00:00:00,Correctiva,4.0,1,Motor eléctrico,4065.0,PS
OT-006412,PAR-008457,PS-EQ-04,2026-06-29 00:00:00,Preventiva,8.8,3,Faja/correa,770.0,PS
OT-006413,PAR-008458,PS-EQ-04,2026-07-04 00:00:00,Correctiva,4.7,1,Ninguno (solo mano de obra),1858.0,PS
OT-006414,PAR-008459,PS-EQ-04,2026-07-10 00:00:00,Correctiva,12.9,2,Motor eléctrico,4895.0,PS
OT-006415,PAR-008460,PS-EQ-04,2026-07-16 00:00:00,Preventiva,8.9,1,Sensor/instrumento,194.0,PS
OT-006416,PAR-008462,PS-EQ-04,2026-07-17 00:00:00,Correctiva,1.8,1,Rodamiento,1527.0,PS
OT-006417,PAR-008463,PS-EQ-04,2026-07-23 00:00:00,Correctiva,22.0,1,Faja/correa,3068.0,PS
OT-006418,PAR-008464,PS-EQ-04,2026-07-25 00:00:00,Correctiva,3.3,3,Faja/correa,4304.0,PS
OT-006419,PAR-008465,PS-EQ-04,2026-07-30 00:00:00,Preventiva,12.0,1,Revestimiento (liner),100.0,PS
OT-006420,PAR-008467,PS-EQ-04,2026-08-02 00:00:00,Correctiva,14.4,1,Rodamiento,5123.0,PS
OT-006421,PAR-008468,PS-EQ-04,2026-08-04 00:00:00,Correctiva,22.7,3,Sensor/instrumento,6247.0,PS
OT-006422,PAR-008469,PS-EQ-04,2026-08-19 00:00:00,Preventiva,7.0,2,Rodamiento,834.0,PS
OT-006423,PAR-008470,PS-EQ-04,2026-08-29 00:00:00,Correctiva,3.9,2,Rodamiento,29.0,PS
OT-006424,PAR-008471,PS-EQ-04,2026-09-03 00:00:00,Preventiva,8.3,1,Sello mecánico,143.0,PS
OT-006425,PAR-008473,PS-EQ-04,2026-09-06 00:00:00,Correctiva,1.3,1,Sello mecánico,7454.0,PS
OT-006426,PAR-008475,PS-EQ-04,2026-09-16 00:00:00,Correctiva,0.6,1,Rodamiento,7619.0,PS
OT-006427,PAR-008476,PS-EQ-04,2026-09-19 00:00:00,Preventiva,5.2,3,Ninguno (solo mano de obra),2485.0,PS
OT-006428,PAR-008477,PS-EQ-04,2026-09-30 00:00:00,Correctiva,23.3,1,Ninguno (solo mano de obra),2904.0,PS
OT-006429,PAR-008478,PS-EQ-04,2026-10-09 00:00:00,Preventiva,5.6,1,Ninguno (solo mano de obra),1957.0,PS
OT-006430,PAR-008480,PS-EQ-04,2026-10-20 00:00:00,Correctiva,1.3,1,Faja/correa,3537.0,PS
OT-006431,PAR-008482,PS-EQ-04,2026-10-28 00:00:00,Correctiva,0.7,1,Faja/correa,3477.0,PS
OT-006432,PAR-008483,PS-EQ-04,2026-10-29 00:00:00,Correctiva,8.1,3,Motor eléctrico,7045.0,PS
OT-006433,PAR-008484,PS-EQ-04,2026-10-30 00:00:00,Preventiva,6.5,2,Sensor/instrumento,875.0,PS
OT-006434,PAR-008485,PS-EQ-04,2026-10-30 00:00:00,Correctiva,2.3,2,Ninguno (solo mano de obra),3622.0,PS
OT-006435,PAR-008486,PS-EQ-04,2026-11-04 00:00:00,Correctiva,19.1,1,Rodamiento,1435.0,PS
OT-006436,PAR-008488,PS-EQ-04,2026-11-07 00:00:00,Correctiva,11.1,3,Motor eléctrico,5519.0,PS
OT-006437,PAR-008489,PS-EQ-04,2026-11-08 00:00:00,Correctiva,13.3,3,Rodamiento,3717.0,PS
OT-006438,PAR-008491,PS-EQ-04,2026-11-15 00:00:00,Preventiva,5.5,1,Rodamiento,1481.0,PS
OT-006439,PAR-008492,PS-EQ-04,2026-11-16 00:00:00,Correctiva,12.9,2,Revestimiento (liner),4309.0,PS
OT-006440,PAR-008493,PS-EQ-04,2026-11-26 00:00:00,Correctiva,4.8,1,Revestimiento (liner),7435.0,PS
OT-006441,PAR-008494,PS-EQ-04,2026-11-28 00:00:00,Correctiva,15.2,3,Sello mecánico,4802.0,PS
OT-006442,PAR-008495,PS-EQ-04,2026-12-02 00:00:00,Preventiva,6.9,2,Sensor/instrumento,1327.0,PS
OT-006443,PAR-008497,PS-EQ-04,2026-12-09 00:00:00,Correctiva,3.3,1,Sello mecánico,5827.0,PS
OT-006444,PAR-008498,PS-EQ-04,2026-12-18 00:00:00,Correctiva,2.6,2,Revestimiento (liner),7227.0,PS
OT-006445,PAR-008499,PS-EQ-04,2026-12-20 00:00:00,Preventiva,11.8,3,Rodamiento,630.0,PS
OT-006446,PAR-008503,PS-EQ-04,2026-12-26 00:00:00,Correctiva,5.6,2,Ninguno (solo mano de obra),5110.0,PS
OT-006447,PAR-008505,PS-EQ-04,2027-01-01 00:00:00,Correctiva,2.5,2,Faja/correa,1225.0,PS
OT-006448,PAR-008506,PS-EQ-04,2027-01-03 00:00:00,Preventiva,9.3,3,Sello mecánico,1822.0,PS
OT-006449,PAR-008507,PS-EQ-04,2027-01-04 00:00:00,Correctiva,18.3,3,Ninguno (solo mano de obra),332.0,PS
OT-006450,PAR-008508,PS-EQ-04,2027-01-13 00:00:00,Correctiva,7.8,3,Rodamiento,4171.0,PS
OT-006451,PAR-008509,PS-EQ-04,2027-01-22 00:00:00,Preventiva,12.4,3,Ninguno (solo mano de obra),422.0,PS
OT-006452,PAR-008510,PS-EQ-04,2027-01-25 00:00:00,Correctiva,16.6,2,Motor eléctrico,6342.0,PS
OT-006453,PAR-008511,PS-EQ-04,2027-01-26 00:00:00,Correctiva,1.1,1,Revestimiento (liner),2500.0,PS
OT-006454,PAR-008512,PS-EQ-04,2027-02-01 00:00:00,Correctiva,11.5,3,Sello mecánico,4831.0,PS
OT-006455,PAR-008513,PS-EQ-04,2027-02-10 00:00:00,Correctiva,1.5,3,Ninguno (solo mano de obra),7151.0,PS
OT-006456,PAR-008514,PS-EQ-04,2027-02-12 00:00:00,Preventiva,6.4,1,Ninguno (solo mano de obra),1501.0,PS
OT-006457,PAR-008515,PS-EQ-04,2027-02-26 00:00:00,Preventiva,9.8,3,Revestimiento (liner),1379.0,PS
OT-006458,PAR-008517,PS-EQ-04,2027-03-01 00:00:00,Correctiva,0.6,3,Faja/correa,143.0,PS
OT-006459,PAR-008518,PS-EQ-04,2027-03-04 00:00:00,Correctiva,5.7,1,Ninguno (solo mano de obra),104.0,PS
OT-006460,PAR-008519,PS-EQ-04,2027-03-05 00:00:00,Correctiva,7.1,1,Motor eléctrico,6285.0,PS
OT-006461,PAR-008520,PS-EQ-04,2027-03-06 00:00:00,Correctiva,4.7,2,Faja/correa,5847.0,PS
OT-006462,PAR-008521,PS-EQ-04,2027-03-10 00:00:00,Correctiva,7.3,1,Ninguno (solo mano de obra),6869.0,PS
OT-006463,PAR-008522,PS-EQ-04,2027-03-13 00:00:00,Correctiva,7.4,3,Ninguno (solo mano de obra),697.0,PS
OT-006464,PAR-008523,PS-EQ-04,2027-03-18 00:00:00,Preventiva,5.3,3,Sensor/instrumento,1873.0,PS
OT-006465,PAR-008524,PS-EQ-04,2027-03-25 00:00:00,Correctiva,19.6,3,Faja/correa,3779.0,PS
OT-006466,PAR-008525,PS-EQ-04,2027-03-26 00:00:00,Correctiva,14.6,3,Sensor/instrumento,46.0,PS
OT-006467,PAR-008526,PS-EQ-04,2027-03-29 00:00:00,Correctiva,12.0,2,indeterminado,1841.0,PS
OT-006468,PAR-008527,PS-EQ-04,2027-03-31 00:00:00,Correctiva,7.9,1,Ninguno (solo mano de obra),2495.0,PS
OT-006469,PAR-008528,PS-EQ-04,2027-04-02 00:00:00,Correctiva,0.6,3,Faja/correa,3933.0,PS
OT-006470,PAR-008529,PS-EQ-04,2027-04-04 00:00:00,Correctiva,11.9,3,Motor eléctrico,2777.0,PS
OT-006471,PAR-008532,PS-EQ-04,2027-04-09 00:00:00,Preventiva,8.7,1,Sello mecánico,1052.0,PS
OT-006472,PAR-008534,PS-EQ-04,2027-04-12 00:00:00,Correctiva,23.3,1,Motor eléctrico,6911.0,PS
OT-006473,PAR-008536,PS-EQ-04,2027-04-18 00:00:00,Correctiva,2.8,1,Faja/correa,1269.0,PS
OT-006474,PAR-008537,PS-EQ-04,2027-04-23 00:00:00,Preventiva,9.8,3,Sello mecánico,1698.0,PS
OT-006475,PAR-008539,PS-EQ-04,2027-05-08 00:00:00,Correctiva,12.8,3,Revestimiento (liner),2466.0,PS
OT-006476,PAR-008540,PS-EQ-04,2027-05-09 00:00:00,Correctiva,10.1,3,Revestimiento (liner),3367.0,PS
OT-006477,PAR-008541,PS-EQ-04,2027-05-11 00:00:00,Preventiva,8.2,1,Ninguno (solo mano de obra),210.0,PS
OT-006478,PAR-008542,PS-EQ-04,2027-05-19 00:00:00,Correctiva,11.3,3,Sensor/instrumento,6886.0,PS
OT-006479,PAR-008543,PS-EQ-04,2027-05-24 00:00:00,Correctiva,27.7,3,Ninguno (solo mano de obra),360.0,PS
OT-006480,PAR-008544,PS-EQ-04,2027-05-26 00:00:00,Correctiva,9.9,3,Sensor/instrumento,6166.0,PS
OT-006481,PAR-008545,PS-EQ-04,2027-05-29 00:00:00,Preventiva,6.3,2,Revestimiento (liner),1485.0,PS
OT-006482,PAR-008546,PS-EQ-04,2027-06-01 00:00:00,Correctiva,6.6,1,Faja/correa,1157.0,PS
OT-006483,PAR-008549,PS-EQ-04,2027-06-11 00:00:00,Correctiva,11.5,1,Sello mecánico,6846.0,PS
OT-006484,PAR-008550,PS-EQ-04,2027-06-20 00:00:00,Preventiva,10.3,3,Revestimiento (liner),369.0,PS
OT-006485,PAR-008554,PS-EQ-04,2027-07-01 00:00:00,Correctiva,5.5,2,Revestimiento (liner),545.0,PS
OT-006486,PAR-008555,PS-EQ-04,2027-07-11 00:00:00,Correctiva,8.3,2,indeterminado,2953.0,PS
OT-006487,PAR-008556,PS-EQ-04,2027-07-12 00:00:00,Preventiva,10.6,1,Revestimiento (liner),401.0,PS
OT-006488,PAR-008557,PS-EQ-04,2027-07-30 00:00:00,Preventiva,6.8,1,Rodamiento,1417.0,PS
OT-006489,PAR-008558,PS-EQ-04,2027-08-05 00:00:00,Correctiva,11.3,2,Sensor/instrumento,2482.0,PS
OT-006490,PAR-008559,PS-EQ-04,2027-08-15 00:00:00,Preventiva,9.5,1,Rodamiento,2168.0,PS
OT-006491,PAR-008561,PS-EQ-04,2027-08-19 00:00:00,Correctiva,25.2,3,Ninguno (solo mano de obra),847.0,PS
OT-006492,PAR-008562,PS-EQ-04,2027-08-27 00:00:00,Correctiva,3.6,2,Sensor/instrumento,7016.0,PS
OT-006493,PAR-008563,PS-EQ-04,2027-08-31 00:00:00,Correctiva,2.8,2,Sello mecánico,1142.0,PS
OT-006494,PAR-008564,PS-EQ-04,2027-09-01 00:00:00,Correctiva,22.6,3,Sello mecánico,4507.0,PS
OT-006495,PAR-008565,PS-EQ-04,2027-09-02 00:00:00,Preventiva,11.3,1,Sensor/instrumento,543.0,PS
OT-006496,PAR-008566,PS-EQ-04,2027-09-02 00:00:00,Correctiva,4.3,1,Ninguno (solo mano de obra),5972.0,PS
OT-006497,PAR-008567,PS-EQ-04,2027-09-03 00:00:00,Correctiva,17.8,3,Rodamiento,429.0,PS
OT-006498,PAR-008569,PS-EQ-04,2027-09-11 00:00:00,Correctiva,2.4,2,Rodamiento,480.0,PS
OT-006499,PAR-008571,PS-EQ-04,2027-09-18 00:00:00,Correctiva,1.3,3,Motor eléctrico,5083.0,PS
OT-006500,PAR-008572,PS-EQ-04,2027-09-24 00:00:00,Preventiva,7.4,1,Revestimiento (liner),2494.0,PS
OT-006501,PAR-008573,PS-EQ-04,2027-10-07 00:00:00,Correctiva,12.5,1,Motor eléctrico,5955.0,PS
OT-006502,PAR-008575,PS-EQ-04,2027-10-17 00:00:00,Preventiva,11.4,1,Sensor/instrumento,1039.0,PS
OT-006503,PAR-008577,PS-EQ-04,2027-10-30 00:00:00,Correctiva,1.2,2,Sensor/instrumento,2278.0,PS
OT-006504,PAR-008578,PS-EQ-04,2027-10-31 00:00:00,Correctiva,2.1,1,Sello mecánico,7593.0,PS
OT-006505,PAR-008579,PS-EQ-04,2027-11-05 00:00:00,Preventiva,9.9,3,Sensor/instrumento,2359.0,PS
OT-006506,PAR-008581,PS-EQ-04,2027-11-13 00:00:00,Correctiva,2.2,1,Faja/correa,4841.0,PS
OT-006507,PAR-008582,PS-EQ-04,2027-11-14 00:00:00,Correctiva,21.8,3,Rodamiento,7814.0,PS
OT-006508,PAR-008584,PS-EQ-04,2027-11-18 00:00:00,Correctiva,26.1,1,Ninguno (solo mano de obra),3165.0,PS
OT-006509,PAR-008585,PS-EQ-04,2027-11-24 00:00:00,Correctiva,3.8,3,Faja/correa,5886.0,PS
OT-006510,PAR-008586,PS-EQ-04,2027-11-25 00:00:00,Correctiva,20.1,2,Revestimiento (liner),1873.0,PS
OT-006511,PAR-008587,PS-EQ-04,2027-11-26 00:00:00,Preventiva,7.6,3,Ninguno (solo mano de obra),1069.0,PS
OT-006512,PAR-008589,PS-EQ-04,2027-11-27 00:00:00,Correctiva,11.8,2,Ninguno (solo mano de obra),161.0,PS
OT-006513,PAR-008592,PS-EQ-04,2027-12-11 00:00:00,Preventiva,7.5,3,Sello mecánico,2118.0,PS
OT-006514,PAR-008593,PS-EQ-04,2027-12-11 00:00:00,Correctiva,5.0,1,Revestimiento (liner),3847.0,PS
OT-006515,PAR-008595,PS-EQ-04,2027-12-16 00:00:00,Correctiva,18.7,3,Motor eléctrico,878.0,PS
OT-006516,PAR-008596,PS-EQ-04,2027-12-19 00:00:00,Correctiva,6.7,1,Rodamiento,6362.0,PS
OT-006517,PAR-008597,PS-EQ-04,2027-12-27 00:00:00,Preventiva,7.4,2,Revestimiento (liner),2253.0,PS
OT-006518,PAR-008598,PS-EQ-05,2024-01-07 00:00:00,Correctiva,17.7,3,Motor eléctrico,2372.0,PS
OT-006519,PAR-008600,PS-EQ-05,2024-01-10 00:00:00,Correctiva,0.8,3,Motor eléctrico,3703.0,PS
OT-006520,PAR-008601,PS-EQ-05,2024-01-14 00:00:00,Correctiva,11.7,3,Ninguno (solo mano de obra),3635.0,PS
OT-006521,PAR-008603,PS-EQ-05,2024-01-21 00:00:00,Preventiva,6.8,3,Faja/correa,1425.0,PS
OT-006522,PAR-008604,PS-EQ-05,2024-02-01 00:00:00,Correctiva,2.1,1,Motor eléctrico,5095.0,PS
OT-006523,PAR-008605,PS-EQ-05,2024-02-04 00:00:00,Correctiva,10.6,1,Rodamiento,7465.0,PS
OT-006524,PAR-008607,PS-EQ-05,2024-02-09 00:00:00,Preventiva,12.4,2,Revestimiento (liner),305.0,PS
OT-006525,PAR-008608,PS-EQ-05,2024-02-10 00:00:00,Correctiva,22.3,2,Motor eléctrico,7272.0,PS
OT-006526,PAR-008609,PS-EQ-05,2024-02-25 00:00:00,Preventiva,11.0,2,Motor eléctrico,2482.0,PS
OT-006527,PAR-008611,PS-EQ-05,2024-02-29 00:00:00,Correctiva,0.6,2,Revestimiento (liner),2244.0,PS
OT-006528,PAR-008612,PS-EQ-05,2024-03-01 00:00:00,Correctiva,2.3,2,Ninguno (solo mano de obra),5054.0,PS
OT-006529,PAR-008613,PS-EQ-05,2024-03-02 00:00:00,Correctiva,1.2,1,Rodamiento,3949.0,PS
OT-006530,PAR-008614,PS-EQ-05,2024-03-10 00:00:00,Correctiva,7.8,1,Revestimiento (liner),5155.0,PS
OT-006531,PAR-008615,PS-EQ-05,2024-03-12 00:00:00,Correctiva,28.1,3,Faja/correa,5280.0,PS
OT-006532,PAR-008616,PS-EQ-05,2024-03-14 00:00:00,Correctiva,5.3,1,Sello mecánico,5110.0,PS
OT-006533,PAR-008617,PS-EQ-05,2024-03-18 00:00:00,Correctiva,8.0,2,Faja/correa,1162.0,PS
OT-006534,PAR-008618,PS-EQ-05,2024-03-19 00:00:00,Preventiva,5.5,1,Motor eléctrico,1702.0,PS
OT-006535,PAR-008619,PS-EQ-05,2024-03-23 00:00:00,Correctiva,2.7,1,Rodamiento,3888.0,PS
OT-006536,PAR-008620,PS-EQ-05,2024-03-31 00:00:00,Correctiva,4.0,3,Motor eléctrico,199.0,PS
OT-006537,PAR-008621,PS-EQ-05,2024-04-03 00:00:00,Correctiva,7.6,2,Sello mecánico,5007.0,PS
OT-006538,PAR-008622,PS-EQ-05,2024-04-07 00:00:00,Correctiva,4.3,3,Ninguno (solo mano de obra),3477.0,PS
OT-006539,PAR-008623,PS-EQ-05,2024-04-09 00:00:00,Preventiva,3.9,1,Ninguno (solo mano de obra),853.0,PS
OT-006540,PAR-008624,PS-EQ-05,2024-04-10 00:00:00,Correctiva,1.4,1,Ninguno (solo mano de obra),6665.0,PS
OT-006541,PAR-008626,PS-EQ-05,2024-04-15 00:00:00,Correctiva,1.5,2,Motor eléctrico,7225.0,PS
OT-006542,PAR-008629,PS-EQ-05,2024-04-28 00:00:00,Correctiva,2.1,3,Ninguno (solo mano de obra),2046.0,PS
OT-006543,PAR-008631,PS-EQ-05,2024-04-30 00:00:00,Preventiva,9.5,1,Revestimiento (liner),1253.0,PS
OT-006544,PAR-008632,PS-EQ-05,2024-05-03 00:00:00,Correctiva,3.7,3,Motor eléctrico,1223.0,PS
OT-006545,PAR-008635,PS-EQ-05,2024-05-18 00:00:00,Preventiva,8.3,3,Faja/correa,1130.0,PS
OT-006546,PAR-008636,PS-EQ-05,2024-05-21 00:00:00,Correctiva,8.4,3,Faja/correa,4799.0,PS
OT-006547,PAR-008638,PS-EQ-05,2024-05-29 00:00:00,Correctiva,28.6,3,Sensor/instrumento,7631.0,PS
OT-006548,PAR-008639,PS-EQ-05,2024-05-31 00:00:00,Correctiva,17.7,3,Ninguno (solo mano de obra),2791.0,PS
OT-006549,PAR-008641,PS-EQ-05,2024-06-08 00:00:00,Preventiva,12.8,1,indeterminado,603.0,PS
OT-006550,PAR-008645,PS-EQ-05,2024-06-28 00:00:00,Preventiva,10.9,3,Rodamiento,1990.0,PS
OT-006551,PAR-008646,PS-EQ-05,2024-06-28 00:00:00,Correctiva,22.7,1,Faja/correa,6639.0,PS
OT-006552,PAR-008647,PS-EQ-05,2024-07-01 00:00:00,Correctiva,3.5,1,Sello mecánico,6607.0,PS
OT-006553,PAR-008650,PS-EQ-05,2024-07-10 00:00:00,Correctiva,20.3,2,Sello mecánico,7893.0,PS
OT-006554,PAR-008651,PS-EQ-05,2024-07-13 00:00:00,Correctiva,0.5,3,Ninguno (solo mano de obra),1029.0,PS
OT-006555,PAR-008652,PS-EQ-05,2024-07-21 00:00:00,Preventiva,11.8,3,Sensor/instrumento,1113.0,PS
OT-006556,PAR-008654,PS-EQ-05,2024-07-30 00:00:00,Correctiva,4.9,3,Ninguno (solo mano de obra),4241.0,PS
OT-006557,PAR-008655,PS-EQ-05,2024-07-31 00:00:00,Correctiva,16.2,1,Faja/correa,6075.0,PS
OT-006558,PAR-008656,PS-EQ-05,2024-08-03 00:00:00,Correctiva,21.2,1,Ninguno (solo mano de obra),7956.0,PS
OT-006559,PAR-008657,PS-EQ-05,2024-08-04 00:00:00,Correctiva,0.5,3,Sello mecánico,4197.0,PS
OT-006560,PAR-008658,PS-EQ-05,2024-08-05 00:00:00,Preventiva,8.1,3,Ninguno (solo mano de obra),2487.0,PS
OT-006561,PAR-008659,PS-EQ-05,2024-08-16 00:00:00,Correctiva,2.2,1,Faja/correa,185.0,PS
OT-006562,PAR-008661,PS-EQ-05,2024-08-23 00:00:00,Correctiva,12.1,2,Sello mecánico,7464.0,PS
OT-006563,PAR-008662,PS-EQ-05,2024-08-27 00:00:00,Preventiva,7.2,2,Sello mecánico,1890.0,PS
OT-006564,PAR-008663,PS-EQ-05,2024-08-28 00:00:00,Correctiva,0.8,3,Ninguno (solo mano de obra),6315.0,PS
OT-006565,PAR-008664,PS-EQ-05,2024-09-12 00:00:00,Preventiva,8.3,3,Motor eléctrico,1931.0,PS
OT-006566,PAR-008665,PS-EQ-05,2024-09-19 00:00:00,Correctiva,5.1,1,Revestimiento (liner),3593.0,PS
OT-006567,PAR-008666,PS-EQ-05,2024-09-29 00:00:00,Preventiva,5.5,1,Rodamiento,1203.0,PS
OT-006568,PAR-008667,PS-EQ-05,2024-09-30 00:00:00,Correctiva,30.3,3,Revestimiento (liner),171.0,PS
OT-006569,PAR-008668,PS-EQ-05,2024-10-01 00:00:00,Correctiva,8.7,1,Sensor/instrumento,7269.0,PS
OT-006570,PAR-008669,PS-EQ-05,2024-10-02 00:00:00,Correctiva,11.3,3,Motor eléctrico,2513.0,PS
OT-006571,PAR-008670,PS-EQ-05,2024-10-05 00:00:00,Correctiva,14.4,1,Revestimiento (liner),6101.0,PS
OT-006572,PAR-008671,PS-EQ-05,2024-10-07 00:00:00,Correctiva,20.1,2,Revestimiento (liner),1106.0,PS
OT-006573,PAR-008672,PS-EQ-05,2024-10-11 00:00:00,Correctiva,6.0,3,Ninguno (solo mano de obra),4661.0,PS
OT-006574,PAR-008673,PS-EQ-05,2024-10-12 00:00:00,Correctiva,2.7,2,Faja/correa,226.0,PS
OT-006575,PAR-008674,PS-EQ-05,2024-10-13 00:00:00,Preventiva,6.9,1,Ninguno (solo mano de obra),1818.0,PS
OT-006576,PAR-008676,PS-EQ-05,2024-10-14 00:00:00,Correctiva,4.2,1,Motor eléctrico,1474.0,PS
OT-006577,PAR-008678,PS-EQ-05,2024-10-18 00:00:00,Correctiva,3.3,1,Faja/correa,5204.0,PS
OT-006578,PAR-008679,PS-EQ-05,2024-10-29 00:00:00,Preventiva,9.8,3,Rodamiento,2117.0,PS
OT-006579,PAR-008680,PS-EQ-05,2024-11-01 00:00:00,Correctiva,1.4,2,Revestimiento (liner),6286.0,PS
OT-006580,PAR-008682,PS-EQ-05,2024-11-09 00:00:00,Correctiva,21.1,3,Sello mecánico,962.0,PS
OT-006581,PAR-008683,PS-EQ-05,2024-11-17 00:00:00,Preventiva,5.9,1,Sensor/instrumento,1102.0,PS
OT-006582,PAR-008684,PS-EQ-05,2024-11-18 00:00:00,Correctiva,1.5,1,Ninguno (solo mano de obra),4460.0,PS
OT-006583,PAR-008685,PS-EQ-05,2024-11-20 00:00:00,Correctiva,6.1,2,Faja/correa,6378.0,PS
OT-006584,PAR-008686,PS-EQ-05,2024-11-22 00:00:00,Correctiva,11.1,3,Sensor/instrumento,6326.0,PS
OT-006585,PAR-008687,PS-EQ-05,2024-11-26 00:00:00,Correctiva,7.1,1,Sensor/instrumento,6301.0,PS
OT-006586,PAR-008688,PS-EQ-05,2024-11-28 00:00:00,Correctiva,3.7,1,indeterminado,7153.0,PS
OT-006587,PAR-008689,PS-EQ-05,2024-12-02 00:00:00,Preventiva,7.8,2,Ninguno (solo mano de obra),2174.0,PS
OT-006588,PAR-008690,PS-EQ-05,2024-12-03 00:00:00,Correctiva,16.8,1,Ninguno (solo mano de obra),1104.0,PS
OT-006589,PAR-008691,PS-EQ-05,2024-12-13 00:00:00,Correctiva,2.1,1,Ninguno (solo mano de obra),3909.0,PS
OT-006590,PAR-008692,PS-EQ-05,2024-12-14 00:00:00,Correctiva,5.0,1,Ninguno (solo mano de obra),6653.0,PS
OT-006591,PAR-008693,PS-EQ-05,2024-12-15 00:00:00,Correctiva,11.0,2,Sello mecánico,4610.0,PS
OT-006592,PAR-008694,PS-EQ-05,2024-12-21 00:00:00,Correctiva,2.8,2,Ninguno (solo mano de obra),4582.0,PS
OT-006593,PAR-008695,PS-EQ-05,2024-12-23 00:00:00,Correctiva,19.2,2,Sensor/instrumento,1950.0,PS
OT-006594,PAR-008696,PS-EQ-05,2024-12-24 00:00:00,Preventiva,5.5,3,Sensor/instrumento,1445.0,PS
OT-006595,PAR-008697,PS-EQ-05,2024-12-30 00:00:00,Correctiva,4.0,2,Motor eléctrico,5531.0,PS
OT-006596,PAR-008699,PS-EQ-05,2025-01-02 00:00:00,Correctiva,10.9,3,Ninguno (solo mano de obra),4282.0,PS
OT-006597,PAR-008700,PS-EQ-05,2025-01-05 00:00:00,Correctiva,16.4,1,Ninguno (solo mano de obra),4954.0,PS
OT-006598,PAR-008701,PS-EQ-05,2025-01-08 00:00:00,Correctiva,19.8,2,Rodamiento,2924.0,PS
OT-006599,PAR-008702,PS-EQ-05,2025-01-15 00:00:00,Correctiva,15.7,2,Faja/correa,680.0,PS
OT-006600,PAR-008703,PS-EQ-05,2025-01-16 00:00:00,Preventiva,8.1,1,Ninguno (solo mano de obra),419.0,PS
OT-006601,PAR-008704,PS-EQ-05,2025-01-18 00:00:00,Correctiva,15.3,3,Faja/correa,3329.0,PS
OT-006602,PAR-008705,PS-EQ-05,2025-01-21 00:00:00,Correctiva,9.3,1,Rodamiento,1319.0,PS
OT-006603,PAR-008706,PS-EQ-05,2025-01-24 00:00:00,Correctiva,12.0,1,Ninguno (solo mano de obra),2615.0,PS
OT-006604,PAR-008707,PS-EQ-05,2025-01-28 00:00:00,Correctiva,1.5,3,Revestimiento (liner),5171.0,PS
OT-006605,PAR-008708,PS-EQ-05,2025-01-29 00:00:00,Correctiva,8.8,2,Motor eléctrico,7085.0,PS
OT-006606,PAR-008709,PS-EQ-05,2025-01-30 00:00:00,Correctiva,0.8,2,Sensor/instrumento,4131.0,PS
OT-006607,PAR-008710,PS-EQ-05,2025-02-01 00:00:00,Preventiva,4.3,2,Rodamiento,1475.0,PS
OT-006608,PAR-008711,PS-EQ-05,2025-02-23 00:00:00,Correctiva,9.8,2,Sensor/instrumento,3078.0,PS
OT-006609,PAR-008712,PS-EQ-05,2025-02-24 00:00:00,Preventiva,9.1,1,Motor eléctrico,117.0,PS
OT-006610,PAR-008714,PS-EQ-05,2025-03-16 00:00:00,Preventiva,6.9,1,Sello mecánico,2256.0,PS
OT-006611,PAR-008715,PS-EQ-05,2025-03-16 00:00:00,Correctiva,1.8,3,Rodamiento,1506.0,PS
OT-006612,PAR-008716,PS-EQ-05,2025-03-18 00:00:00,Correctiva,6.6,1,Sello mecánico,1039.0,PS
OT-006613,PAR-008718,PS-EQ-05,2025-03-31 00:00:00,Correctiva,7.4,3,Ninguno (solo mano de obra),5073.0,PS
OT-006614,PAR-008719,PS-EQ-05,2025-04-01 00:00:00,Preventiva,11.3,2,Faja/correa,1324.0,PS
OT-006615,PAR-008720,PS-EQ-05,2025-04-07 00:00:00,Correctiva,0.8,1,Motor eléctrico,3015.0,PS
OT-006616,PAR-008721,PS-EQ-05,2025-04-20 00:00:00,Correctiva,0.5,1,Faja/correa,7878.0,PS
OT-006617,PAR-008722,PS-EQ-05,2025-04-24 00:00:00,Preventiva,8.1,2,Sensor/instrumento,2217.0,PS
OT-006618,PAR-008723,PS-EQ-05,2025-04-28 00:00:00,Correctiva,6.0,3,Sello mecánico,2206.0,PS
OT-006619,PAR-008724,PS-EQ-05,2025-05-01 00:00:00,Correctiva,1.2,2,Ninguno (solo mano de obra),4914.0,PS
OT-006620,PAR-008726,PS-EQ-05,2025-05-12 00:00:00,Preventiva,7.2,3,Sello mecánico,105.0,PS
OT-006621,PAR-008728,PS-EQ-05,2025-05-15 00:00:00,Correctiva,6.5,3,Faja/correa,1661.0,PS
OT-006622,PAR-008729,PS-EQ-05,2025-05-17 00:00:00,Correctiva,28.2,1,Sensor/instrumento,6776.0,PS
OT-006623,PAR-008730,PS-EQ-05,2025-05-18 00:00:00,Correctiva,14.0,3,Sensor/instrumento,409.0,PS
OT-006624,PAR-008731,PS-EQ-05,2025-05-19 00:00:00,Correctiva,1.2,1,Faja/correa,3473.0,PS
OT-006625,PAR-008732,PS-EQ-05,2025-05-26 00:00:00,Preventiva,10.1,2,Sensor/instrumento,373.0,PS
OT-006626,PAR-008733,PS-EQ-05,2025-06-03 00:00:00,Correctiva,15.3,1,Sensor/instrumento,4445.0,PS
OT-006627,PAR-008735,PS-EQ-05,2025-06-09 00:00:00,Correctiva,0.7,3,Faja/correa,2587.0,PS
OT-006628,PAR-008736,PS-EQ-05,2025-06-12 00:00:00,Preventiva,12.6,1,Rodamiento,2357.0,PS
OT-006629,PAR-008737,PS-EQ-05,2025-06-15 00:00:00,Correctiva,10.4,3,Faja/correa,560.0,PS
OT-006630,PAR-008738,PS-EQ-05,2025-07-01 00:00:00,Preventiva,8.1,3,Rodamiento,1336.0,PS
OT-006631,PAR-008739,PS-EQ-05,2025-07-06 00:00:00,Correctiva,2.4,2,Revestimiento (liner),5938.0,PS
OT-006632,PAR-008741,PS-EQ-05,2025-07-12 00:00:00,Correctiva,1.2,1,Revestimiento (liner),3518.0,PS
OT-006633,PAR-008742,PS-EQ-05,2025-07-17 00:00:00,Preventiva,5.5,1,Sensor/instrumento,1924.0,PS
OT-006634,PAR-008743,PS-EQ-05,2025-07-18 00:00:00,Correctiva,15.5,3,Ninguno (solo mano de obra),6769.0,PS
OT-006635,PAR-008744,PS-EQ-05,2025-07-28 00:00:00,Correctiva,19.4,1,Sensor/instrumento,6443.0,PS
OT-006636,PAR-008745,PS-EQ-05,2025-08-02 00:00:00,Preventiva,6.8,2,Rodamiento,117.0,PS
OT-006637,PAR-008747,PS-EQ-05,2025-08-09 00:00:00,Correctiva,15.2,2,Revestimiento (liner),4828.0,PS
OT-006638,PAR-008748,PS-EQ-05,2025-08-16 00:00:00,Correctiva,9.5,3,Revestimiento (liner),4814.0,PS
OT-006639,PAR-008749,PS-EQ-05,2025-08-19 00:00:00,Preventiva,8.0,2,Revestimiento (liner),1576.0,PS
OT-006640,PAR-008750,PS-EQ-05,2025-08-26 00:00:00,Correctiva,2.7,1,Rodamiento,7458.0,PS
OT-006641,PAR-008751,PS-EQ-05,2025-09-03 00:00:00,Preventiva,12.2,1,Motor eléctrico,1375.0,PS
OT-006642,PAR-008752,PS-EQ-05,2025-09-07 00:00:00,Correctiva,22.5,2,Motor eléctrico,580.0,PS
OT-006643,PAR-008754,PS-EQ-05,2025-09-10 00:00:00,Correctiva,0.6,3,Faja/correa,4175.0,PS
OT-006644,PAR-008755,PS-EQ-05,2025-09-13 00:00:00,Correctiva,6.4,2,Revestimiento (liner),3498.0,PS
OT-006645,PAR-008756,PS-EQ-05,2025-09-14 00:00:00,Correctiva,4.6,3,Sensor/instrumento,6038.0,PS
OT-006646,PAR-008757,PS-EQ-05,2025-09-17 00:00:00,Correctiva,0.5,3,Motor eléctrico,340.0,PS
OT-006647,PAR-008758,PS-EQ-05,2025-09-20 00:00:00,Preventiva,13.3,2,Sello mecánico,419.0,PS
OT-006648,PAR-008759,PS-EQ-05,2025-09-22 00:00:00,Correctiva,2.1,3,Sensor/instrumento,7337.0,PS
OT-006649,PAR-008760,PS-EQ-05,2025-10-06 00:00:00,Correctiva,1.3,3,Rodamiento,5093.0,PS
OT-006650,PAR-008762,PS-EQ-05,2025-10-09 00:00:00,Preventiva,10.0,3,Rodamiento,220.0,PS
OT-006651,PAR-008763,PS-EQ-05,2025-10-17 00:00:00,Correctiva,2.4,2,Revestimiento (liner),5810.0,PS
OT-006652,PAR-008765,PS-EQ-05,2025-10-26 00:00:00,Preventiva,6.0,3,Rodamiento,2242.0,PS
OT-006653,PAR-008766,PS-EQ-05,2025-10-28 00:00:00,Correctiva,10.9,2,Rodamiento,5167.0,PS
OT-006654,PAR-008767,PS-EQ-05,2025-11-09 00:00:00,Preventiva,6.8,2,Rodamiento,2194.0,PS
OT-006655,PAR-008768,PS-EQ-05,2025-11-15 00:00:00,Correctiva,7.9,1,Motor eléctrico,2239.0,PS
OT-006656,PAR-008769,PS-EQ-05,2025-11-22 00:00:00,Correctiva,1.5,1,Revestimiento (liner),6496.0,PS
OT-006657,PAR-008770,PS-EQ-05,2025-11-25 00:00:00,Preventiva,5.0,3,Rodamiento,547.0,PS
OT-006658,PAR-008771,PS-EQ-05,2025-11-26 00:00:00,Correctiva,10.5,1,Revestimiento (liner),5286.0,PS
OT-006659,PAR-008775,PS-EQ-05,2025-12-07 00:00:00,Correctiva,27.3,3,Faja/correa,5860.0,PS
OT-006660,PAR-008776,PS-EQ-05,2025-12-10 00:00:00,Preventiva,5.2,3,Sensor/instrumento,670.0,PS
OT-006661,PAR-008777,PS-EQ-05,2025-12-19 00:00:00,Correctiva,11.7,2,Faja/correa,4870.0,PS
OT-006662,PAR-008778,PS-EQ-05,2025-12-22 00:00:00,Correctiva,0.7,3,Sello mecánico,5180.0,PS
OT-006663,PAR-008780,PS-EQ-05,2025-12-25 00:00:00,Correctiva,25.7,1,Sello mecánico,3524.0,PS
OT-006664,PAR-008781,PS-EQ-05,2025-12-28 00:00:00,Preventiva,9.7,2,Motor eléctrico,2234.0,PS
OT-006665,PAR-008782,PS-EQ-05,2026-01-02 00:00:00,Correctiva,2.2,1,Ninguno (solo mano de obra),4014.0,PS
OT-006666,PAR-008784,PS-EQ-05,2026-01-08 00:00:00,Correctiva,2.3,1,Revestimiento (liner),5958.0,PS
OT-006667,PAR-008785,PS-EQ-05,2026-01-09 00:00:00,Correctiva,14.2,3,Revestimiento (liner),1595.0,PS
OT-006668,PAR-008786,PS-EQ-05,2026-01-11 00:00:00,Correctiva,4.1,1,Rodamiento,504.0,PS
OT-006669,PAR-008787,PS-EQ-05,2026-01-16 00:00:00,Preventiva,11.0,1,Revestimiento (liner),792.0,PS
OT-006670,PAR-008789,PS-EQ-05,2026-01-19 00:00:00,Correctiva,6.0,1,Faja/correa,7253.0,PS
OT-006671,PAR-008791,PS-EQ-05,2026-02-03 00:00:00,Correctiva,1.0,1,Sensor/instrumento,2805.0,PS
OT-006672,PAR-008792,PS-EQ-05,2026-02-07 00:00:00,Preventiva,8.3,3,Faja/correa,2343.0,PS
OT-006673,PAR-008793,PS-EQ-05,2026-02-14 00:00:00,Correctiva,1.3,3,Revestimiento (liner),6421.0,PS
OT-006674,PAR-008794,PS-EQ-05,2026-02-21 00:00:00,Correctiva,2.5,1,Ninguno (solo mano de obra),347.0,PS
OT-006675,PAR-008795,PS-EQ-05,2026-02-27 00:00:00,Correctiva,0.7,2,Ninguno (solo mano de obra),5859.0,PS
OT-006676,PAR-008796,PS-EQ-05,2026-03-01 00:00:00,Preventiva,4.8,2,Motor eléctrico,1429.0,PS
OT-006677,PAR-008797,PS-EQ-05,2026-03-14 00:00:00,Correctiva,6.6,2,Faja/correa,1309.0,PS
OT-006678,PAR-008799,PS-EQ-05,2026-03-17 00:00:00,Correctiva,16.0,2,Ninguno (solo mano de obra),7007.0,PS
OT-006679,PAR-008800,PS-EQ-05,2026-03-19 00:00:00,Correctiva,20.4,3,Ninguno (solo mano de obra),576.0,PS
OT-006680,PAR-008801,PS-EQ-05,2026-03-22 00:00:00,Correctiva,4.2,2,Sensor/instrumento,4911.0,PS
OT-006681,PAR-008803,PS-EQ-05,2026-03-24 00:00:00,Preventiva,5.4,1,Rodamiento,1149.0,PS
OT-006682,PAR-008805,PS-EQ-05,2026-03-29 00:00:00,Correctiva,2.3,1,Revestimiento (liner),3880.0,PS
OT-006683,PAR-008806,PS-EQ-05,2026-04-01 00:00:00,Correctiva,9.6,3,Sensor/instrumento,3527.0,PS
OT-006684,PAR-008807,PS-EQ-05,2026-04-04 00:00:00,Correctiva,1.6,1,Motor eléctrico,6164.0,PS
OT-006685,PAR-008808,PS-EQ-05,2026-04-07 00:00:00,Preventiva,11.6,3,Sello mecánico,1514.0,PS
OT-006686,PAR-008810,PS-EQ-05,2026-04-20 00:00:00,Correctiva,1.4,3,Revestimiento (liner),7999.0,PS
OT-006687,PAR-008811,PS-EQ-05,2026-04-22 00:00:00,Correctiva,6.8,1,Sensor/instrumento,897.0,PS
OT-006688,PAR-008812,PS-EQ-05,2026-04-25 00:00:00,Correctiva,2.6,1,Faja/correa,6027.0,PS
OT-006689,PAR-008813,PS-EQ-05,2026-04-29 00:00:00,Preventiva,6.7,1,Ninguno (solo mano de obra),484.0,PS
OT-006690,PAR-008815,PS-EQ-05,2026-05-02 00:00:00,Correctiva,10.4,3,Sensor/instrumento,6106.0,PS
OT-006691,PAR-008817,PS-EQ-05,2026-05-10 00:00:00,Correctiva,9.3,3,Sensor/instrumento,6881.0,PS
OT-006692,PAR-008818,PS-EQ-05,2026-05-13 00:00:00,Preventiva,5.4,2,Faja/correa,472.0,PS
OT-006693,PAR-008820,PS-EQ-05,2026-05-17 00:00:00,Correctiva,20.4,3,Revestimiento (liner),3553.0,PS
OT-006694,PAR-008821,PS-EQ-05,2026-05-19 00:00:00,Correctiva,11.3,2,Rodamiento,7414.0,PS
OT-006695,PAR-008824,PS-EQ-05,2026-05-28 00:00:00,Preventiva,7.7,2,Ninguno (solo mano de obra),1932.0,PS
OT-006696,PAR-008826,PS-EQ-05,2026-05-29 00:00:00,Correctiva,9.9,1,Revestimiento (liner),1258.0,PS
OT-006697,PAR-008828,PS-EQ-05,2026-06-04 00:00:00,Correctiva,10.7,3,Faja/correa,2053.0,PS
OT-006698,PAR-008830,PS-EQ-05,2026-06-05 00:00:00,Correctiva,9.9,2,Sello mecánico,399.0,PS
OT-006699,PAR-008832,PS-EQ-05,2026-06-13 00:00:00,Correctiva,30.3,3,Rodamiento,4150.0,PS
OT-006700,PAR-008833,PS-EQ-05,2026-06-14 00:00:00,Preventiva,8.6,3,Rodamiento,747.0,PS
OT-006701,PAR-008834,PS-EQ-05,2026-07-03 00:00:00,Preventiva,11.7,1,Sello mecánico,782.0,PS
OT-006702,PAR-008835,PS-EQ-05,2026-07-21 00:00:00,Correctiva,12.8,3,Sello mecánico,2187.0,PS
OT-006703,PAR-008836,PS-EQ-05,2026-07-24 00:00:00,Preventiva,12.1,2,Rodamiento,1932.0,PS
OT-006704,PAR-008837,PS-EQ-05,2026-07-26 00:00:00,Correctiva,22.1,3,Sello mecánico,2464.0,PS
OT-006705,PAR-008838,PS-EQ-05,2026-08-04 00:00:00,Correctiva,2.8,1,Rodamiento,3785.0,PS
OT-006706,PAR-008839,PS-EQ-05,2026-08-08 00:00:00,Preventiva,9.2,1,Sello mecánico,1048.0,PS
OT-006707,PAR-008841,PS-EQ-05,2026-08-14 00:00:00,Correctiva,6.3,3,Rodamiento,7976.0,PS
OT-006708,PAR-008842,PS-EQ-05,2026-08-15 00:00:00,Correctiva,3.1,2,Ninguno (solo mano de obra),5535.0,PS
OT-006709,PAR-008846,PS-EQ-05,2026-08-22 00:00:00,Correctiva,8.4,1,Sensor/instrumento,5100.0,PS
OT-006710,PAR-008847,PS-EQ-05,2026-08-23 00:00:00,Preventiva,7.3,1,Ninguno (solo mano de obra),589.0,PS
OT-006711,PAR-008848,PS-EQ-05,2026-08-23 00:00:00,Correctiva,17.9,2,Rodamiento,2202.0,PS
OT-006712,PAR-008850,PS-EQ-05,2026-08-31 00:00:00,Correctiva,3.0,2,Rodamiento,5000.0,PS
OT-006713,PAR-008851,PS-EQ-05,2026-09-06 00:00:00,Preventiva,7.4,1,Ninguno (solo mano de obra),139.0,PS
OT-006714,PAR-008852,PS-EQ-05,2026-09-06 00:00:00,Correctiva,0.5,1,Ninguno (solo mano de obra),2188.0,PS
OT-006715,PAR-008853,PS-EQ-05,2026-09-09 00:00:00,Correctiva,16.0,1,Revestimiento (liner),5454.0,PS
OT-006716,PAR-008854,PS-EQ-05,2026-09-16 00:00:00,Correctiva,17.4,2,Faja/correa,2052.0,PS
OT-006717,PAR-008855,PS-EQ-05,2026-09-23 00:00:00,Preventiva,10.2,2,Sensor/instrumento,130.0,PS
OT-006718,PAR-008856,PS-EQ-05,2026-09-23 00:00:00,Correctiva,20.1,3,Ninguno (solo mano de obra),7745.0,PS
OT-006719,PAR-008857,PS-EQ-05,2026-09-25 00:00:00,Correctiva,2.6,3,Faja/correa,2196.0,PS
OT-006720,PAR-008858,PS-EQ-05,2026-10-04 00:00:00,Correctiva,6.2,2,Motor eléctrico,5928.0,PS
OT-006721,PAR-008859,PS-EQ-05,2026-10-07 00:00:00,Preventiva,3.6,3,Ninguno (solo mano de obra),2457.0,PS
OT-006722,PAR-008860,PS-EQ-05,2026-10-11 00:00:00,Correctiva,25.0,2,Rodamiento,1487.0,PS
OT-006723,PAR-008862,PS-EQ-05,2026-10-21 00:00:00,Preventiva,6.6,1,Sensor/instrumento,2014.0,PS
OT-006724,PAR-008863,PS-EQ-05,2026-10-23 00:00:00,Correctiva,20.1,2,Sello mecánico,3480.0,PS
OT-006725,PAR-008864,PS-EQ-05,2026-10-26 00:00:00,Correctiva,8.2,3,Sensor/instrumento,1950.0,PS
OT-006726,PAR-008865,PS-EQ-05,2026-10-31 00:00:00,Correctiva,21.5,1,Faja/correa,5538.0,PS
OT-006727,PAR-008866,PS-EQ-05,2026-11-07 00:00:00,Correctiva,7.1,2,Motor eléctrico,6972.0,PS
OT-006728,PAR-008867,PS-EQ-05,2026-11-12 00:00:00,Preventiva,11.6,2,Sensor/instrumento,334.0,PS
OT-006729,PAR-008868,PS-EQ-05,2026-11-14 00:00:00,Correctiva,4.2,2,Sensor/instrumento,4285.0,PS
OT-006730,PAR-008869,PS-EQ-05,2026-11-15 00:00:00,Correctiva,2.1,1,Sensor/instrumento,4217.0,PS
OT-006731,PAR-008871,PS-EQ-05,2026-11-26 00:00:00,Preventiva,7.3,1,Motor eléctrico,972.0,PS
OT-006732,PAR-008874,PS-EQ-05,2026-12-10 00:00:00,Correctiva,23.3,2,Rodamiento,1475.0,PS
OT-006733,PAR-008875,PS-EQ-05,2026-12-11 00:00:00,Correctiva,6.3,1,Sensor/instrumento,727.0,PS
OT-006734,PAR-008876,PS-EQ-05,2026-12-17 00:00:00,Preventiva,8.2,1,Sello mecánico,1166.0,PS
OT-006735,PAR-008877,PS-EQ-05,2026-12-30 00:00:00,Correctiva,0.8,2,Sensor/instrumento,5212.0,PS
OT-006736,PAR-008878,PS-EQ-05,2026-12-31 00:00:00,Correctiva,4.5,1,Revestimiento (liner),5104.0,PS
OT-006737,PAR-008880,PS-EQ-05,2027-01-07 00:00:00,Preventiva,8.6,1,Revestimiento (liner),277.0,PS
OT-006738,PAR-008881,PS-EQ-05,2027-01-08 00:00:00,Correctiva,6.0,1,Sello mecánico,848.0,PS
OT-006739,PAR-008883,PS-EQ-05,2027-01-12 00:00:00,Correctiva,0.5,2,Motor eléctrico,2211.0,PS
OT-006740,PAR-008884,PS-EQ-05,2027-01-15 00:00:00,Correctiva,16.5,3,Sensor/instrumento,6272.0,PS
OT-006741,PAR-008885,PS-EQ-05,2027-01-16 00:00:00,Correctiva,3.1,2,Sello mecánico,2279.0,PS
OT-006742,PAR-008887,PS-EQ-05,2027-01-23 00:00:00,Preventiva,8.1,2,Sensor/instrumento,2438.0,PS
OT-006743,PAR-008888,PS-EQ-05,2027-01-24 00:00:00,Correctiva,6.2,3,Sensor/instrumento,5994.0,PS
OT-006744,PAR-008889,PS-EQ-05,2027-01-25 00:00:00,Correctiva,30.4,3,Revestimiento (liner),2787.0,PS
OT-006745,PAR-008890,PS-EQ-05,2027-01-31 00:00:00,Correctiva,3.3,2,Rodamiento,2640.0,PS
OT-006746,PAR-008891,PS-EQ-05,2027-02-03 00:00:00,Correctiva,2.9,3,Sello mecánico,6755.0,PS
OT-006747,PAR-008892,PS-EQ-05,2027-02-06 00:00:00,Correctiva,22.9,2,Ninguno (solo mano de obra),581.0,PS
OT-006748,PAR-008893,PS-EQ-05,2027-02-09 00:00:00,Correctiva,20.6,3,Motor eléctrico,6505.0,PS
OT-006749,PAR-008894,PS-EQ-05,2027-02-11 00:00:00,Preventiva,8.8,2,Ninguno (solo mano de obra),894.0,PS
OT-006750,PAR-008896,PS-EQ-05,2027-02-13 00:00:00,Correctiva,6.3,3,Sello mecánico,5746.0,PS
OT-006751,PAR-008898,PS-EQ-05,2027-02-27 00:00:00,Preventiva,9.1,3,Revestimiento (liner),2353.0,PS
OT-006752,PAR-008901,PS-EQ-05,2027-03-17 00:00:00,Preventiva,8.2,2,Sello mecánico,504.0,PS
OT-006753,PAR-008904,PS-EQ-05,2027-03-31 00:00:00,Correctiva,3.2,2,Sello mecánico,3651.0,PS
OT-006754,PAR-008905,PS-EQ-05,2027-04-02 00:00:00,Correctiva,9.3,3,Faja/correa,3676.0,PS
OT-006755,PAR-008906,PS-EQ-05,2027-04-06 00:00:00,Correctiva,6.5,3,Motor eléctrico,7998.0,PS
OT-006756,PAR-008907,PS-EQ-05,2027-04-08 00:00:00,Preventiva,4.3,3,Sensor/instrumento,590.0,PS
OT-006757,PAR-008908,PS-EQ-05,2027-04-10 00:00:00,Correctiva,5.1,1,Rodamiento,7785.0,PS
OT-006758,PAR-008909,PS-EQ-05,2027-04-11 00:00:00,Correctiva,14.5,1,Sensor/instrumento,3891.0,PS
OT-006759,PAR-008911,PS-EQ-05,2027-04-21 00:00:00,Correctiva,8.9,3,Sensor/instrumento,143.0,PS
OT-006760,PAR-008912,PS-EQ-05,2027-04-23 00:00:00,Preventiva,7.3,2,Motor eléctrico,1166.0,PS
OT-006761,PAR-008913,PS-EQ-05,2027-04-23 00:00:00,Correctiva,13.3,1,Sello mecánico,7986.0,PS
OT-006762,PAR-008914,PS-EQ-05,2027-04-25 00:00:00,Correctiva,7.8,2,Faja/correa,6547.0,PS
OT-006763,PAR-008915,PS-EQ-05,2027-04-29 00:00:00,Correctiva,1.1,1,Faja/correa,622.0,PS
OT-006764,PAR-008916,PS-EQ-05,2027-05-02 00:00:00,Correctiva,7.8,3,Revestimiento (liner),2928.0,PS
OT-006765,PAR-008917,PS-EQ-05,2027-05-08 00:00:00,Preventiva,4.9,3,Revestimiento (liner),1367.0,PS
OT-006766,PAR-008918,PS-EQ-05,2027-05-11 00:00:00,Correctiva,3.4,1,Sello mecánico,1038.0,PS
OT-006767,PAR-008920,PS-EQ-05,2027-05-19 00:00:00,Correctiva,9.0,3,Revestimiento (liner),2527.0,PS
OT-006768,PAR-008922,PS-EQ-05,2027-05-24 00:00:00,Correctiva,15.2,2,Motor eléctrico,4637.0,PS
OT-006769,PAR-008923,PS-EQ-05,2027-05-25 00:00:00,Preventiva,4.4,2,Sello mecánico,491.0,PS
OT-006770,PAR-008927,PS-EQ-05,2027-06-12 00:00:00,Preventiva,12.1,2,Sello mecánico,1320.0,PS
OT-006771,PAR-008929,PS-EQ-05,2027-06-20 00:00:00,Correctiva,8.2,1,Sello mecánico,2221.0,PS
OT-006772,PAR-008930,PS-EQ-05,2027-06-28 00:00:00,Preventiva,10.0,2,Faja/correa,650.0,PS
OT-006773,PAR-008932,PS-EQ-05,2027-07-03 00:00:00,Correctiva,16.1,3,Faja/correa,7404.0,PS
OT-006774,PAR-008935,PS-EQ-05,2027-07-12 00:00:00,Preventiva,12.3,1,Sello mecánico,870.0,PS
OT-006775,PAR-008937,PS-EQ-05,2027-07-22 00:00:00,Correctiva,4.5,2,Ninguno (solo mano de obra),6635.0,PS
OT-006776,PAR-008938,PS-EQ-05,2027-07-27 00:00:00,Preventiva,8.7,1,Sello mecánico,2106.0,PS
OT-006777,PAR-008940,PS-EQ-05,2027-07-27 00:00:00,Correctiva,15.3,1,Faja/correa,6033.0,PS
OT-006778,PAR-008944,PS-EQ-05,2027-08-14 00:00:00,Preventiva,9.1,1,Ninguno (solo mano de obra),1083.0,PS
OT-006779,PAR-008945,PS-EQ-05,2027-08-17 00:00:00,Correctiva,10.4,3,Revestimiento (liner),3836.0,PS
OT-006780,PAR-008946,PS-EQ-05,2027-08-24 00:00:00,Correctiva,12.2,3,Revestimiento (liner),4634.0,PS
OT-006781,PAR-008949,PS-EQ-05,2027-08-28 00:00:00,Preventiva,7.7,2,Motor eléctrico,1923.0,PS
OT-006782,PAR-008950,PS-EQ-05,2027-08-30 00:00:00,Correctiva,16.0,3,Motor eléctrico,5408.0,PS
OT-006783,PAR-008952,PS-EQ-05,2027-09-05 00:00:00,Correctiva,5.5,1,Rodamiento,7701.0,PS
OT-006784,PAR-008953,PS-EQ-05,2027-09-06 00:00:00,Correctiva,5.4,3,Motor eléctrico,4011.0,PS
OT-006785,PAR-008954,PS-EQ-05,2027-09-13 00:00:00,Preventiva,9.4,2,Sensor/instrumento,1148.0,PS
OT-006786,PAR-008956,PS-EQ-05,2027-09-21 00:00:00,Correctiva,2.8,1,Ninguno (solo mano de obra),6012.0,PS
OT-006787,PAR-008957,PS-EQ-05,2027-10-06 00:00:00,Preventiva,4.7,3,Ninguno (solo mano de obra),1690.0,PS
OT-006788,PAR-008959,PS-EQ-05,2027-10-13 00:00:00,Correctiva,10.9,3,Sello mecánico,4023.0,PS
OT-006789,PAR-008961,PS-EQ-05,2027-10-24 00:00:00,Correctiva,9.1,2,Rodamiento,5299.0,PS
OT-006790,PAR-008962,PS-EQ-05,2027-10-28 00:00:00,Preventiva,6.5,3,Rodamiento,2315.0,PS
OT-006791,PAR-008965,PS-EQ-05,2027-11-11 00:00:00,Correctiva,22.5,2,Sensor/instrumento,3300.0,PS
OT-006792,PAR-008966,PS-EQ-05,2027-11-13 00:00:00,Preventiva,6.2,3,indeterminado,1333.0,PS
OT-006793,PAR-008967,PS-EQ-05,2027-11-15 00:00:00,Correctiva,6.8,3,Faja/correa,1295.0,PS
OT-006794,PAR-008969,PS-EQ-05,2027-11-27 00:00:00,Correctiva,1.0,1,Sensor/instrumento,4470.0,PS
OT-006795,PAR-008970,PS-EQ-05,2027-11-28 00:00:00,Preventiva,4.7,3,Revestimiento (liner),1925.0,PS
OT-006796,PAR-008971,PS-EQ-05,2027-11-28 00:00:00,Correctiva,0.8,1,Motor eléctrico,7007.0,PS
OT-006797,PAR-008972,PS-EQ-05,2027-12-03 00:00:00,Correctiva,2.4,3,Revestimiento (liner),4398.0,PS
OT-006798,PAR-008974,PS-EQ-05,2027-12-14 00:00:00,Preventiva,11.2,3,Rodamiento,1122.0,PS
OT-006799,PAR-008976,PS-EQ-05,2027-12-31 00:00:00,Correctiva,4.4,3,Rodamiento,7710.0,PS
OT-006800,PAR-008977,PS-EQ-06,2024-01-01 00:00:00,Correctiva,1.7,2,Rodamiento,4486.0,PS
OT-006801,PAR-008978,PS-EQ-06,2024-01-14 00:00:00,Correctiva,21.6,2,Motor eléctrico,6416.0,PS
OT-006802,PAR-008979,PS-EQ-06,2024-01-18 00:00:00,Preventiva,7.4,1,Revestimiento (liner),346.0,PS
OT-006803,PAR-008981,PS-EQ-06,2024-02-09 00:00:00,Correctiva,4.0,1,Faja/correa,6216.0,PS
OT-006804,PAR-008982,PS-EQ-06,2024-02-10 00:00:00,Preventiva,8.6,3,Faja/correa,1223.0,PS
OT-006805,PAR-008984,PS-EQ-06,2024-02-24 00:00:00,Preventiva,5.6,1,Motor eléctrico,1576.0,PS
OT-006806,PAR-008985,PS-EQ-06,2024-03-10 00:00:00,Correctiva,20.6,1,Faja/correa,2979.0,PS
OT-006807,PAR-008986,PS-EQ-06,2024-03-13 00:00:00,Preventiva,10.9,1,Ninguno (solo mano de obra),1357.0,PS
OT-006808,PAR-008987,PS-EQ-06,2024-03-20 00:00:00,Correctiva,11.2,3,Rodamiento,2455.0,PS
OT-006809,PAR-008989,PS-EQ-06,2024-03-29 00:00:00,Correctiva,28.7,1,Ninguno (solo mano de obra),87.0,PS
OT-006810,PAR-008990,PS-EQ-06,2024-03-30 00:00:00,Preventiva,5.6,3,Faja/correa,1146.0,PS
OT-006811,PAR-008992,PS-EQ-06,2024-04-09 00:00:00,Correctiva,4.1,2,Ninguno (solo mano de obra),4040.0,PS
OT-006812,PAR-008993,PS-EQ-06,2024-04-12 00:00:00,Correctiva,3.3,2,Ninguno (solo mano de obra),2328.0,PS
OT-006813,PAR-008994,PS-EQ-06,2024-04-19 00:00:00,Preventiva,7.9,3,Rodamiento,63.0,PS
OT-006814,PAR-008995,PS-EQ-06,2024-04-20 00:00:00,Correctiva,11.7,3,Ninguno (solo mano de obra),7704.0,PS
OT-006815,PAR-008996,PS-EQ-06,2024-04-26 00:00:00,Correctiva,11.7,3,Sensor/instrumento,2151.0,PS
OT-006816,PAR-008998,PS-EQ-06,2024-05-06 00:00:00,Correctiva,7.4,2,Faja/correa,6586.0,PS
OT-006817,PAR-008999,PS-EQ-06,2024-05-08 00:00:00,Correctiva,14.5,2,Sello mecánico,3991.0,PS
OT-006818,PAR-009000,PS-EQ-06,2024-05-09 00:00:00,Correctiva,17.4,2,Rodamiento,185.0,PS
OT-006819,PAR-009001,PS-EQ-06,2024-05-11 00:00:00,Preventiva,10.7,2,Rodamiento,1816.0,PS
OT-006820,PAR-009002,PS-EQ-06,2024-05-12 00:00:00,Correctiva,21.3,3,indeterminado,4858.0,PS
OT-006821,PAR-009003,PS-EQ-06,2024-05-16 00:00:00,Correctiva,17.3,1,Sensor/instrumento,3638.0,PS
OT-006822,PAR-009004,PS-EQ-06,2024-05-20 00:00:00,Correctiva,5.5,2,Sello mecánico,1567.0,PS
OT-006823,PAR-009006,PS-EQ-06,2024-05-23 00:00:00,Correctiva,1.9,1,Ninguno (solo mano de obra),2688.0,PS
OT-006824,PAR-009008,PS-EQ-06,2024-05-25 00:00:00,Correctiva,1.6,1,Sensor/instrumento,79.0,PS
OT-006825,PAR-009009,PS-EQ-06,2024-05-26 00:00:00,Correctiva,31.1,3,Ninguno (solo mano de obra),7901.0,PS
OT-006826,PAR-009010,PS-EQ-06,2024-06-01 00:00:00,Correctiva,0.7,1,Faja/correa,5652.0,PS
OT-006827,PAR-009011,PS-EQ-06,2024-06-03 00:00:00,Preventiva,11.5,3,Sello mecánico,1197.0,PS
OT-006828,PAR-009012,PS-EQ-06,2024-06-13 00:00:00,Correctiva,4.3,3,Ninguno (solo mano de obra),4166.0,PS
OT-006829,PAR-009014,PS-EQ-06,2024-06-17 00:00:00,Correctiva,0.6,1,Sello mecánico,1008.0,PS
OT-006830,PAR-009016,PS-EQ-06,2024-06-24 00:00:00,Preventiva,7.1,1,Sello mecánico,2198.0,PS
OT-006831,PAR-009019,PS-EQ-06,2024-07-04 00:00:00,Correctiva,2.3,1,Revestimiento (liner),3815.0,PS
OT-006832,PAR-009020,PS-EQ-06,2024-07-06 00:00:00,Correctiva,14.5,3,Rodamiento,133.0,PS
OT-006833,PAR-009021,PS-EQ-06,2024-07-10 00:00:00,Preventiva,3.6,2,Sensor/instrumento,190.0,PS
OT-006834,PAR-009023,PS-EQ-06,2024-07-15 00:00:00,Correctiva,30.4,3,Ninguno (solo mano de obra),4354.0,PS
OT-006835,PAR-009025,PS-EQ-06,2024-07-22 00:00:00,Correctiva,2.1,1,Faja/correa,3199.0,PS
OT-006836,PAR-009026,PS-EQ-06,2024-07-28 00:00:00,Correctiva,12.7,1,Ninguno (solo mano de obra),1258.0,PS
OT-006837,PAR-009027,PS-EQ-06,2024-08-01 00:00:00,Preventiva,4.4,2,Sello mecánico,2162.0,PS
OT-006838,PAR-009028,PS-EQ-06,2024-08-03 00:00:00,Correctiva,6.1,1,Ninguno (solo mano de obra),5502.0,PS
OT-006839,PAR-009029,PS-EQ-06,2024-08-05 00:00:00,Correctiva,11.5,2,Ninguno (solo mano de obra),986.0,PS
OT-006840,PAR-009031,PS-EQ-06,2024-08-24 00:00:00,Preventiva,6.2,3,Revestimiento (liner),1824.0,PS
OT-006841,PAR-009032,PS-EQ-06,2024-08-30 00:00:00,Correctiva,0.9,1,Motor eléctrico,7037.0,PS
OT-006842,PAR-009033,PS-EQ-06,2024-09-02 00:00:00,Correctiva,9.8,1,Sensor/instrumento,2016.0,PS
OT-006843,PAR-009034,PS-EQ-06,2024-09-03 00:00:00,Correctiva,1.8,2,Revestimiento (liner),4214.0,PS
OT-006844,PAR-009035,PS-EQ-06,2024-09-06 00:00:00,Correctiva,22.7,1,Faja/correa,7395.0,PS
OT-006845,PAR-009037,PS-EQ-06,2024-09-10 00:00:00,Preventiva,6.6,1,Faja/correa,1796.0,PS
OT-006846,PAR-009038,PS-EQ-06,2024-09-10 00:00:00,Correctiva,7.1,2,Revestimiento (liner),6275.0,PS
OT-006847,PAR-009039,PS-EQ-06,2024-09-14 00:00:00,Correctiva,29.1,3,Sensor/instrumento,5093.0,PS
OT-006848,PAR-009041,PS-EQ-06,2024-09-16 00:00:00,Correctiva,23.8,1,Motor eléctrico,2038.0,PS
OT-006849,PAR-009042,PS-EQ-06,2024-09-19 00:00:00,Correctiva,12.7,3,Sello mecánico,4065.0,PS
OT-006850,PAR-009045,PS-EQ-06,2024-09-29 00:00:00,Preventiva,6.9,3,Rodamiento,1910.0,PS
OT-006851,PAR-009046,PS-EQ-06,2024-10-01 00:00:00,Correctiva,17.7,1,Rodamiento,1013.0,PS
OT-006852,PAR-009048,PS-EQ-06,2024-10-14 00:00:00,Preventiva,3.8,3,Sensor/instrumento,1951.0,PS
OT-006853,PAR-009050,PS-EQ-06,2024-10-24 00:00:00,Correctiva,22.5,2,Faja/correa,7992.0,PS
OT-006854,PAR-009051,PS-EQ-06,2024-10-29 00:00:00,Correctiva,1.9,3,Motor eléctrico,7427.0,PS
OT-006855,PAR-009052,PS-EQ-06,2024-10-30 00:00:00,Preventiva,11.2,2,Sensor/instrumento,2153.0,PS
OT-006856,PAR-009053,PS-EQ-06,2024-10-31 00:00:00,Correctiva,4.5,2,Sensor/instrumento,5406.0,PS
OT-006857,PAR-009054,PS-EQ-06,2024-11-05 00:00:00,Correctiva,6.1,2,Rodamiento,2478.0,PS
OT-006858,PAR-009055,PS-EQ-06,2024-11-12 00:00:00,Correctiva,1.6,3,Sello mecánico,2770.0,PS
OT-006859,PAR-009056,PS-EQ-06,2024-11-20 00:00:00,Correctiva,7.8,1,Faja/correa,1337.0,PS
OT-006860,PAR-009057,PS-EQ-06,2024-11-21 00:00:00,Preventiva,7.5,3,Faja/correa,2482.0,PS
OT-006861,PAR-009058,PS-EQ-06,2024-11-21 00:00:00,Correctiva,23.5,1,Rodamiento,4537.0,PS
OT-006862,PAR-009059,PS-EQ-06,2024-11-23 00:00:00,Correctiva,4.8,3,Sensor/instrumento,2428.0,PS
OT-006863,PAR-009062,PS-EQ-06,2024-12-10 00:00:00,Preventiva,8.5,3,Rodamiento,179.0,PS
OT-006864,PAR-009063,PS-EQ-06,2024-12-19 00:00:00,Correctiva,27.2,2,Ninguno (solo mano de obra),1869.0,PS
OT-006865,PAR-009064,PS-EQ-06,2024-12-25 00:00:00,Correctiva,1.3,3,Faja/correa,6525.0,PS
OT-006866,PAR-009066,PS-EQ-06,2024-12-29 00:00:00,Correctiva,10.5,2,Sensor/instrumento,5511.0,PS
OT-006867,PAR-009067,PS-EQ-06,2024-12-30 00:00:00,Preventiva,7.9,2,Sensor/instrumento,2360.0,PS
OT-006868,PAR-009068,PS-EQ-06,2025-01-02 00:00:00,Correctiva,1.9,1,Ninguno (solo mano de obra),6552.0,PS
OT-006869,PAR-009069,PS-EQ-06,2025-01-03 00:00:00,Correctiva,2.1,3,Motor eléctrico,2804.0,PS
OT-006870,PAR-009070,PS-EQ-06,2025-01-14 00:00:00,Correctiva,2.8,3,Faja/correa,4661.0,PS
OT-006871,PAR-009072,PS-EQ-06,2025-01-17 00:00:00,Preventiva,4.7,2,Motor eléctrico,2333.0,PS
OT-006872,PAR-009073,PS-EQ-06,2025-01-19 00:00:00,Correctiva,3.6,3,Rodamiento,284.0,PS
OT-006873,PAR-009074,PS-EQ-06,2025-01-23 00:00:00,Correctiva,6.8,2,Sensor/instrumento,142.0,PS
OT-006874,PAR-009076,PS-EQ-06,2025-02-01 00:00:00,Preventiva,7.3,1,Sensor/instrumento,1808.0,PS
OT-006875,PAR-009079,PS-EQ-06,2025-02-05 00:00:00,Correctiva,2.7,3,Sensor/instrumento,7848.0,PS
OT-006876,PAR-009081,PS-EQ-06,2025-02-16 00:00:00,Correctiva,4.6,3,Sensor/instrumento,4787.0,PS
OT-006877,PAR-009082,PS-EQ-06,2025-02-23 00:00:00,Preventiva,10.7,2,Faja/correa,490.0,PS
OT-006878,PAR-009083,PS-EQ-06,2025-02-24 00:00:00,Correctiva,9.3,1,Sensor/instrumento,7648.0,PS
OT-006879,PAR-009085,PS-EQ-06,2025-03-07 00:00:00,Correctiva,24.8,1,Motor eléctrico,5005.0,PS
OT-006880,PAR-009086,PS-EQ-06,2025-03-09 00:00:00,Preventiva,6.7,3,Rodamiento,1642.0,PS
OT-006881,PAR-009087,PS-EQ-06,2025-03-13 00:00:00,Correctiva,0.6,2,Rodamiento,1570.0,PS
OT-006882,PAR-009088,PS-EQ-06,2025-03-15 00:00:00,Correctiva,22.0,3,indeterminado,6214.0,PS
OT-006883,PAR-009089,PS-EQ-06,2025-03-21 00:00:00,Correctiva,11.1,2,Revestimiento (liner),99.0,PS
OT-006884,PAR-009091,PS-EQ-06,2025-03-25 00:00:00,Preventiva,10.8,3,Motor eléctrico,834.0,PS
OT-006885,PAR-009092,PS-EQ-06,2025-03-26 00:00:00,Correctiva,9.4,3,Motor eléctrico,5256.0,PS
OT-006886,PAR-009093,PS-EQ-06,2025-04-06 00:00:00,Correctiva,9.7,2,Rodamiento,589.0,PS
OT-006887,PAR-009094,PS-EQ-06,2025-04-14 00:00:00,Preventiva,4.0,2,Faja/correa,350.0,PS
OT-006888,PAR-009095,PS-EQ-06,2025-04-16 00:00:00,Correctiva,9.0,1,Ninguno (solo mano de obra),3366.0,PS
OT-006889,PAR-009096,PS-EQ-06,2025-04-20 00:00:00,Correctiva,0.7,1,Faja/correa,5044.0,PS
OT-006890,PAR-009097,PS-EQ-06,2025-04-28 00:00:00,Preventiva,8.7,3,Rodamiento,1929.0,PS
OT-006891,PAR-009098,PS-EQ-06,2025-04-30 00:00:00,Correctiva,3.9,2,Revestimiento (liner),2603.0,PS
OT-006892,PAR-009099,PS-EQ-06,2025-05-01 00:00:00,Correctiva,0.7,3,Revestimiento (liner),7890.0,PS
OT-006893,PAR-009100,PS-EQ-06,2025-05-12 00:00:00,Preventiva,6.1,2,Motor eléctrico,1061.0,PS
OT-006894,PAR-009102,PS-EQ-06,2025-05-22 00:00:00,Correctiva,6.1,3,Rodamiento,5954.0,PS
OT-006895,PAR-009103,PS-EQ-06,2025-06-03 00:00:00,Preventiva,8.1,1,Sello mecánico,662.0,PS
OT-006896,PAR-009104,PS-EQ-06,2025-06-13 00:00:00,Correctiva,1.3,3,Faja/correa,4977.0,PS
OT-006897,PAR-009105,PS-EQ-06,2025-06-14 00:00:00,Correctiva,7.5,2,Ninguno (solo mano de obra),6121.0,PS
OT-006898,PAR-009106,PS-EQ-06,2025-06-18 00:00:00,Preventiva,6.3,2,Motor eléctrico,170.0,PS
OT-006899,PAR-009107,PS-EQ-06,2025-06-24 00:00:00,Correctiva,1.8,1,Rodamiento,5263.0,PS
OT-006900,PAR-009108,PS-EQ-06,2025-06-26 00:00:00,Correctiva,10.0,2,Sensor/instrumento,6180.0,PS
OT-006901,PAR-009109,PS-EQ-06,2025-06-29 00:00:00,Correctiva,0.4,2,Motor eléctrico,7933.0,PS
OT-006902,PAR-009110,PS-EQ-06,2025-07-07 00:00:00,Correctiva,2.9,1,Motor eléctrico,2880.0,PS
OT-006903,PAR-009111,PS-EQ-06,2025-07-10 00:00:00,Preventiva,6.5,1,Faja/correa,23.0,PS
OT-006904,PAR-009113,PS-EQ-06,2025-07-23 00:00:00,Correctiva,8.2,3,indeterminado,4550.0,PS
OT-006905,PAR-009115,PS-EQ-06,2025-07-25 00:00:00,Correctiva,2.0,1,Rodamiento,6555.0,PS
OT-006906,PAR-009116,PS-EQ-06,2025-07-26 00:00:00,Correctiva,2.5,2,Ninguno (solo mano de obra),5269.0,PS
OT-006907,PAR-009117,PS-EQ-06,2025-07-31 00:00:00,Preventiva,6.3,2,Motor eléctrico,2400.0,PS
OT-006908,PAR-009118,PS-EQ-06,2025-08-03 00:00:00,Correctiva,1.0,2,Sensor/instrumento,5476.0,PS
OT-006909,PAR-009119,PS-EQ-06,2025-08-05 00:00:00,Correctiva,7.4,3,Sensor/instrumento,7420.0,PS
OT-006910,PAR-009120,PS-EQ-06,2025-08-06 00:00:00,Correctiva,9.9,2,Revestimiento (liner),4207.0,PS
OT-006911,PAR-009122,PS-EQ-06,2025-08-19 00:00:00,Correctiva,2.3,1,Motor eléctrico,4545.0,PS
OT-006912,PAR-009124,PS-EQ-06,2025-08-22 00:00:00,Preventiva,8.7,3,Faja/correa,1249.0,PS
OT-006913,PAR-009125,PS-EQ-06,2025-08-23 00:00:00,Correctiva,6.0,1,Sello mecánico,3923.0,PS
OT-006914,PAR-009126,PS-EQ-06,2025-08-29 00:00:00,Correctiva,9.0,1,Ninguno (solo mano de obra),1733.0,PS
OT-006915,PAR-009128,PS-EQ-06,2025-09-06 00:00:00,Preventiva,8.2,3,Ninguno (solo mano de obra),112.0,PS
OT-006916,PAR-009129,PS-EQ-06,2025-09-10 00:00:00,Correctiva,9.0,3,Faja/correa,3771.0,PS
OT-006917,PAR-009130,PS-EQ-06,2025-09-15 00:00:00,Correctiva,9.0,1,Motor eléctrico,4410.0,PS
OT-006918,PAR-009131,PS-EQ-06,2025-09-17 00:00:00,Correctiva,8.4,1,Ninguno (solo mano de obra),436.0,PS
OT-006919,PAR-009133,PS-EQ-06,2025-09-22 00:00:00,Preventiva,8.0,3,Rodamiento,1900.0,PS
OT-006920,PAR-009134,PS-EQ-06,2025-10-11 00:00:00,Preventiva,11.8,1,Sello mecánico,66.0,PS
OT-006921,PAR-009135,PS-EQ-06,2025-10-19 00:00:00,Correctiva,2.8,2,Ninguno (solo mano de obra),1825.0,PS
OT-006922,PAR-009136,PS-EQ-06,2025-10-20 00:00:00,Correctiva,19.8,2,Revestimiento (liner),4291.0,PS
OT-006923,PAR-009137,PS-EQ-06,2025-10-21 00:00:00,Correctiva,1.1,1,indeterminado,5304.0,PS
OT-006924,PAR-009138,PS-EQ-06,2025-10-22 00:00:00,Correctiva,16.1,2,Faja/correa,5576.0,PS
OT-006925,PAR-009139,PS-EQ-06,2025-10-24 00:00:00,Correctiva,1.6,1,Sensor/instrumento,7021.0,PS
OT-006926,PAR-009140,PS-EQ-06,2025-10-29 00:00:00,Correctiva,4.0,2,Revestimiento (liner),4475.0,PS
OT-006927,PAR-009141,PS-EQ-06,2025-10-31 00:00:00,Correctiva,4.1,1,Faja/correa,5643.0,PS
OT-006928,PAR-009142,PS-EQ-06,2025-11-01 00:00:00,Preventiva,9.3,1,Sensor/instrumento,1128.0,PS
OT-006929,PAR-009143,PS-EQ-06,2025-11-11 00:00:00,Correctiva,12.0,3,Motor eléctrico,5430.0,PS
OT-006930,PAR-009144,PS-EQ-06,2025-11-18 00:00:00,Correctiva,0.5,1,Ninguno (solo mano de obra),1898.0,PS
OT-006931,PAR-009145,PS-EQ-06,2025-11-20 00:00:00,Preventiva,10.4,2,Rodamiento,758.0,PS
OT-006932,PAR-009147,PS-EQ-06,2025-12-09 00:00:00,Preventiva,10.8,3,Sello mecánico,2301.0,PS
OT-006933,PAR-009149,PS-EQ-06,2025-12-13 00:00:00,Correctiva,6.0,2,Motor eléctrico,745.0,PS
OT-006934,PAR-009150,PS-EQ-06,2025-12-16 00:00:00,Correctiva,10.3,2,Motor eléctrico,1384.0,PS
OT-006935,PAR-009151,PS-EQ-06,2025-12-21 00:00:00,Correctiva,12.2,2,Revestimiento (liner),6102.0,PS
OT-006936,PAR-009152,PS-EQ-06,2025-12-24 00:00:00,Preventiva,8.9,3,Faja/correa,2145.0,PS
OT-006937,PAR-009153,PS-EQ-06,2025-12-25 00:00:00,Correctiva,8.3,1,Sello mecánico,3159.0,PS
OT-006938,PAR-009155,PS-EQ-06,2026-01-01 00:00:00,Correctiva,11.2,1,Sensor/instrumento,633.0,PS
OT-006939,PAR-009156,PS-EQ-06,2026-01-05 00:00:00,Correctiva,2.4,2,Rodamiento,7857.0,PS
OT-006940,PAR-009157,PS-EQ-06,2026-01-09 00:00:00,Correctiva,7.7,2,Faja/correa,51.0,PS
OT-006941,PAR-009158,PS-EQ-06,2026-01-11 00:00:00,Preventiva,7.8,2,Motor eléctrico,38.0,PS
OT-006942,PAR-009159,PS-EQ-06,2026-01-12 00:00:00,Correctiva,24.9,1,Sensor/instrumento,2970.0,PS
OT-006943,PAR-009160,PS-EQ-06,2026-01-23 00:00:00,Correctiva,8.4,2,Faja/correa,2538.0,PS
OT-006944,PAR-009161,PS-EQ-06,2026-01-27 00:00:00,Correctiva,0.4,1,Sensor/instrumento,7642.0,PS
OT-006945,PAR-009162,PS-EQ-06,2026-01-28 00:00:00,Correctiva,4.6,1,indeterminado,7842.0,PS
OT-006946,PAR-009163,PS-EQ-06,2026-01-30 00:00:00,Preventiva,9.9,2,Motor eléctrico,2487.0,PS
OT-006947,PAR-009164,PS-EQ-06,2026-02-01 00:00:00,Correctiva,5.7,3,Faja/correa,5247.0,PS
OT-006948,PAR-009166,PS-EQ-06,2026-02-06 00:00:00,Correctiva,1.1,2,Revestimiento (liner),3567.0,PS
OT-006949,PAR-009167,PS-EQ-06,2026-02-08 00:00:00,Correctiva,12.7,3,Revestimiento (liner),975.0,PS
OT-006950,PAR-009168,PS-EQ-06,2026-02-09 00:00:00,Correctiva,12.1,2,Ninguno (solo mano de obra),3462.0,PS
OT-006951,PAR-009170,PS-EQ-06,2026-02-22 00:00:00,Preventiva,5.5,1,Revestimiento (liner),2010.0,PS
OT-006952,PAR-009172,PS-EQ-06,2026-02-24 00:00:00,Correctiva,1.7,3,Revestimiento (liner),5180.0,PS
OT-006953,PAR-009174,PS-EQ-06,2026-03-09 00:00:00,Correctiva,2.9,3,Sensor/instrumento,5078.0,PS
OT-006954,PAR-009176,PS-EQ-06,2026-03-14 00:00:00,Preventiva,14.0,3,Faja/correa,1766.0,PS
OT-006955,PAR-009177,PS-EQ-06,2026-03-14 00:00:00,Correctiva,1.4,3,Ninguno (solo mano de obra),635.0,PS
OT-006956,PAR-009178,PS-EQ-06,2026-03-27 00:00:00,Correctiva,1.3,1,Faja/correa,2012.0,PS
OT-006957,PAR-009180,PS-EQ-06,2026-03-30 00:00:00,Preventiva,9.7,2,Sello mecánico,697.0,PS
OT-006958,PAR-009181,PS-EQ-06,2026-04-01 00:00:00,Correctiva,17.2,1,Ninguno (solo mano de obra),3887.0,PS
OT-006959,PAR-009182,PS-EQ-06,2026-04-02 00:00:00,Correctiva,14.3,3,Ninguno (solo mano de obra),6955.0,PS
OT-006960,PAR-009185,PS-EQ-06,2026-04-16 00:00:00,Correctiva,8.4,2,Sensor/instrumento,956.0,PS
OT-006961,PAR-009186,PS-EQ-06,2026-04-19 00:00:00,Correctiva,4.4,1,Ninguno (solo mano de obra),6542.0,PS
OT-006962,PAR-009187,PS-EQ-06,2026-04-20 00:00:00,Preventiva,7.7,1,Faja/correa,1154.0,PS
OT-006963,PAR-009188,PS-EQ-06,2026-04-20 00:00:00,Correctiva,18.5,3,Rodamiento,7133.0,PS
OT-006964,PAR-009189,PS-EQ-06,2026-04-21 00:00:00,Correctiva,18.9,1,Rodamiento,1820.0,PS
OT-006965,PAR-009190,PS-EQ-06,2026-04-22 00:00:00,Correctiva,11.3,3,Ninguno (solo mano de obra),634.0,PS
OT-006966,PAR-009191,PS-EQ-06,2026-05-13 00:00:00,Preventiva,10.8,1,indeterminado,2228.0,PS
OT-006967,PAR-009192,PS-EQ-06,2026-05-15 00:00:00,Correctiva,19.5,1,Motor eléctrico,4620.0,PS
OT-006968,PAR-009194,PS-EQ-06,2026-05-19 00:00:00,Correctiva,3.2,1,Ninguno (solo mano de obra),6273.0,PS
OT-006969,PAR-009195,PS-EQ-06,2026-06-04 00:00:00,Preventiva,9.5,3,Ninguno (solo mano de obra),2374.0,PS
OT-006970,PAR-009196,PS-EQ-06,2026-06-10 00:00:00,Correctiva,9.3,3,Sensor/instrumento,3563.0,PS
OT-006971,PAR-009197,PS-EQ-06,2026-06-19 00:00:00,Correctiva,6.3,1,Motor eléctrico,762.0,PS
OT-006972,PAR-009198,PS-EQ-06,2026-06-26 00:00:00,Preventiva,4.0,3,Ninguno (solo mano de obra),2157.0,PS
OT-006973,PAR-009199,PS-EQ-06,2026-06-27 00:00:00,Correctiva,1.8,2,Sello mecánico,5789.0,PS
OT-006974,PAR-009200,PS-EQ-06,2026-06-28 00:00:00,Correctiva,13.4,3,Rodamiento,753.0,PS
OT-006975,PAR-009201,PS-EQ-06,2026-07-08 00:00:00,Correctiva,12.9,1,Rodamiento,266.0,PS
OT-006976,PAR-009202,PS-EQ-06,2026-07-12 00:00:00,Preventiva,5.9,1,Motor eléctrico,1003.0,PS
OT-006977,PAR-009203,PS-EQ-06,2026-07-20 00:00:00,Correctiva,6.1,1,Rodamiento,2670.0,PS
OT-006978,PAR-009204,PS-EQ-06,2026-07-22 00:00:00,Correctiva,15.2,1,Motor eléctrico,5949.0,PS
OT-006979,PAR-009206,PS-EQ-06,2026-07-25 00:00:00,Correctiva,4.9,2,Sello mecánico,7144.0,PS
OT-006980,PAR-009208,PS-EQ-06,2026-07-29 00:00:00,Preventiva,10.2,1,Faja/correa,716.0,PS
OT-006981,PAR-009209,PS-EQ-06,2026-08-01 00:00:00,Correctiva,14.0,1,Ninguno (solo mano de obra),5000.0,PS
OT-006982,PAR-009210,PS-EQ-06,2026-08-09 00:00:00,Correctiva,7.7,3,Rodamiento,6882.0,PS
OT-006983,PAR-009211,PS-EQ-06,2026-08-12 00:00:00,Correctiva,10.0,3,Sensor/instrumento,2174.0,PS
OT-006984,PAR-009212,PS-EQ-06,2026-08-19 00:00:00,Preventiva,7.0,3,Ninguno (solo mano de obra),3.0,PS
OT-006985,PAR-009213,PS-EQ-06,2026-08-20 00:00:00,Correctiva,8.3,1,Ninguno (solo mano de obra),2885.0,PS
OT-006986,PAR-009216,PS-EQ-06,2026-08-24 00:00:00,Correctiva,5.9,2,Motor eléctrico,5374.0,PS
OT-006987,PAR-009218,PS-EQ-06,2026-09-04 00:00:00,Preventiva,9.9,1,Faja/correa,2386.0,PS
OT-006988,PAR-009220,PS-EQ-06,2026-09-17 00:00:00,Correctiva,2.9,1,Sello mecánico,1013.0,PS
OT-006989,PAR-009221,PS-EQ-06,2026-09-22 00:00:00,Preventiva,6.4,3,Revestimiento (liner),239.0,PS
OT-006990,PAR-009222,PS-EQ-06,2026-09-27 00:00:00,Correctiva,4.5,2,Rodamiento,1730.0,PS
OT-006991,PAR-009223,PS-EQ-06,2026-10-01 00:00:00,Correctiva,7.0,2,Ninguno (solo mano de obra),5806.0,PS
OT-006992,PAR-009224,PS-EQ-06,2026-10-04 00:00:00,Correctiva,4.4,2,Ninguno (solo mano de obra),3961.0,PS
OT-006993,PAR-009226,PS-EQ-06,2026-10-15 00:00:00,Preventiva,6.1,3,Motor eléctrico,1663.0,PS
OT-006994,PAR-009227,PS-EQ-06,2026-10-17 00:00:00,Correctiva,3.8,2,Sello mecánico,1366.0,PS
OT-006995,PAR-009228,PS-EQ-06,2026-10-21 00:00:00,Correctiva,9.9,3,Motor eléctrico,3287.0,PS
OT-006996,PAR-009229,PS-EQ-06,2026-10-23 00:00:00,Correctiva,1.7,1,Sello mecánico,715.0,PS
OT-006997,PAR-009232,PS-EQ-06,2026-10-30 00:00:00,Correctiva,17.5,2,Rodamiento,3428.0,PS
OT-006998,PAR-009233,PS-EQ-06,2026-10-31 00:00:00,Preventiva,4.9,3,Motor eléctrico,377.0,PS
OT-006999,PAR-009234,PS-EQ-06,2026-11-11 00:00:00,Correctiva,20.2,3,Rodamiento,7825.0,PS
OT-007000,PAR-009237,PS-EQ-06,2026-11-17 00:00:00,Correctiva,24.2,3,Faja/correa,7602.0,PS
OT-007001,PAR-009238,PS-EQ-06,2026-11-19 00:00:00,Preventiva,7.1,2,Motor eléctrico,1900.0,PS
OT-007002,PAR-009239,PS-EQ-06,2026-11-20 00:00:00,Correctiva,4.3,2,Sensor/instrumento,213.0,PS
OT-007003,PAR-009240,PS-EQ-06,2026-11-25 00:00:00,Correctiva,7.8,2,Revestimiento (liner),6091.0,PS
OT-007004,PAR-009241,PS-EQ-06,2026-12-01 00:00:00,Correctiva,6.0,1,Revestimiento (liner),6971.0,PS
OT-007005,PAR-009243,PS-EQ-06,2026-12-06 00:00:00,Correctiva,22.3,2,Sensor/instrumento,1524.0,PS
OT-007006,PAR-009245,PS-EQ-06,2026-12-11 00:00:00,Preventiva,7.2,3,Sensor/instrumento,354.0,PS
OT-007007,PAR-009246,PS-EQ-06,2026-12-14 00:00:00,Correctiva,2.1,3,Sello mecánico,5140.0,PS
OT-007008,PAR-009247,PS-EQ-06,2026-12-16 00:00:00,Correctiva,3.8,2,Sensor/instrumento,1116.0,PS
OT-007009,PAR-009249,PS-EQ-06,2026-12-26 00:00:00,Correctiva,10.5,2,Sensor/instrumento,4462.0,PS
OT-007010,PAR-009250,PS-EQ-06,2026-12-27 00:00:00,Preventiva,4.2,2,Sensor/instrumento,468.0,PS
OT-007011,PAR-009252,PS-EQ-06,2027-01-12 00:00:00,Correctiva,10.6,1,Faja/correa,466.0,PS
OT-007012,PAR-009253,PS-EQ-06,2027-01-15 00:00:00,Preventiva,12.2,1,Rodamiento,341.0,PS
OT-007013,PAR-009254,PS-EQ-06,2027-01-28 00:00:00,Correctiva,1.6,2,Rodamiento,1572.0,PS
OT-007014,PAR-009255,PS-EQ-06,2027-01-30 00:00:00,Preventiva,9.1,2,Ninguno (solo mano de obra),2173.0,PS
OT-007015,PAR-009256,PS-EQ-06,2027-01-31 00:00:00,Correctiva,5.3,1,Motor eléctrico,2787.0,PS
OT-007016,PAR-009257,PS-EQ-06,2027-02-06 00:00:00,Correctiva,14.2,1,Sello mecánico,5995.0,PS
OT-007017,PAR-009258,PS-EQ-06,2027-02-08 00:00:00,Correctiva,0.6,2,Rodamiento,3425.0,PS
OT-007018,PAR-009260,PS-EQ-06,2027-02-15 00:00:00,Preventiva,6.8,2,Rodamiento,55.0,PS
OT-007019,PAR-009263,PS-EQ-06,2027-03-08 00:00:00,Preventiva,8.6,2,Revestimiento (liner),1056.0,PS
OT-007020,PAR-009265,PS-EQ-06,2027-03-22 00:00:00,Correctiva,11.2,3,Sensor/instrumento,372.0,PS
OT-007021,PAR-009266,PS-EQ-06,2027-03-28 00:00:00,Preventiva,14.1,1,Faja/correa,1571.0,PS
OT-007022,PAR-009267,PS-EQ-06,2027-03-30 00:00:00,Correctiva,0.6,1,Faja/correa,7710.0,PS
OT-007023,PAR-009268,PS-EQ-06,2027-04-02 00:00:00,Correctiva,1.8,3,Sensor/instrumento,3216.0,PS
OT-007024,PAR-009269,PS-EQ-06,2027-04-04 00:00:00,Correctiva,0.6,1,Faja/correa,4703.0,PS
OT-007025,PAR-009270,PS-EQ-06,2027-04-10 00:00:00,Correctiva,19.1,3,Ninguno (solo mano de obra),1440.0,PS
OT-007026,PAR-009272,PS-EQ-06,2027-04-17 00:00:00,Correctiva,4.5,2,Faja/correa,6245.0,PS
OT-007027,PAR-009273,PS-EQ-06,2027-04-20 00:00:00,Preventiva,12.6,1,Ninguno (solo mano de obra),2355.0,PS
OT-007028,PAR-009274,PS-EQ-06,2027-04-30 00:00:00,Correctiva,1.6,3,Sello mecánico,1756.0,PS
OT-007029,PAR-009275,PS-EQ-06,2027-05-02 00:00:00,Correctiva,4.4,2,Revestimiento (liner),5429.0,PS
OT-007030,PAR-009276,PS-EQ-06,2027-05-06 00:00:00,Correctiva,12.6,1,Ninguno (solo mano de obra),1722.0,PS
OT-007031,PAR-009277,PS-EQ-06,2027-05-09 00:00:00,Preventiva,12.0,1,Sensor/instrumento,763.0,PS
OT-007032,PAR-009278,PS-EQ-06,2027-05-12 00:00:00,Correctiva,0.7,2,Faja/correa,5951.0,PS
OT-007033,PAR-009279,PS-EQ-06,2027-05-17 00:00:00,Correctiva,28.3,1,Faja/correa,554.0,PS
OT-007034,PAR-009282,PS-EQ-06,2027-05-27 00:00:00,Preventiva,5.2,3,Rodamiento,2314.0,PS
OT-007035,PAR-009283,PS-EQ-06,2027-06-02 00:00:00,Correctiva,6.4,1,Rodamiento,88.0,PS
OT-007036,PAR-009284,PS-EQ-06,2027-06-06 00:00:00,Correctiva,8.5,1,Sensor/instrumento,6077.0,PS
OT-007037,PAR-009285,PS-EQ-06,2027-06-16 00:00:00,Preventiva,5.1,3,Sello mecánico,264.0,PS
OT-007038,PAR-009286,PS-EQ-06,2027-06-18 00:00:00,Correctiva,21.2,2,Ninguno (solo mano de obra),5520.0,PS
OT-007039,PAR-009287,PS-EQ-06,2027-06-20 00:00:00,Correctiva,1.9,1,Sello mecánico,6530.0,PS
OT-007040,PAR-009289,PS-EQ-06,2027-06-28 00:00:00,Correctiva,1.7,3,Revestimiento (liner),5019.0,PS
OT-007041,PAR-009290,PS-EQ-06,2027-06-30 00:00:00,Preventiva,12.7,1,Rodamiento,1173.0,PS
OT-007042,PAR-009291,PS-EQ-06,2027-07-10 00:00:00,Correctiva,6.7,1,Rodamiento,6200.0,PS
OT-007043,PAR-009292,PS-EQ-06,2027-07-11 00:00:00,Correctiva,13.1,2,Motor eléctrico,2592.0,PS
OT-007044,PAR-009293,PS-EQ-06,2027-07-22 00:00:00,Correctiva,23.4,2,Motor eléctrico,3851.0,PS
OT-007045,PAR-009294,PS-EQ-06,2027-07-23 00:00:00,Preventiva,7.7,3,Motor eléctrico,980.0,PS
OT-007046,PAR-009296,PS-EQ-06,2027-08-02 00:00:00,Correctiva,2.3,2,Rodamiento,2147.0,PS
OT-007047,PAR-009297,PS-EQ-06,2027-08-05 00:00:00,Correctiva,19.2,1,Motor eléctrico,5827.0,PS
OT-007048,PAR-009299,PS-EQ-06,2027-08-06 00:00:00,Correctiva,2.8,1,Motor eléctrico,6153.0,PS
OT-007049,PAR-009300,PS-EQ-06,2027-08-07 00:00:00,Correctiva,8.8,2,Faja/correa,1939.0,PS
OT-007050,PAR-009301,PS-EQ-06,2027-08-10 00:00:00,Correctiva,26.9,2,Sensor/instrumento,4466.0,PS
OT-007051,PAR-009302,PS-EQ-06,2027-08-11 00:00:00,Preventiva,8.8,2,Faja/correa,1308.0,PS
OT-007052,PAR-009303,PS-EQ-06,2027-08-12 00:00:00,Correctiva,10.4,1,Rodamiento,7420.0,PS
OT-007053,PAR-009305,PS-EQ-06,2027-08-22 00:00:00,Correctiva,4.0,1,Motor eléctrico,4326.0,PS
OT-007054,PAR-009306,PS-EQ-06,2027-08-26 00:00:00,Preventiva,7.6,3,Revestimiento (liner),1737.0,PS
OT-007055,PAR-009309,PS-EQ-06,2027-09-09 00:00:00,Correctiva,15.2,3,Revestimiento (liner),1948.0,PS
OT-007056,PAR-009311,PS-EQ-06,2027-09-12 00:00:00,Preventiva,10.0,2,Revestimiento (liner),341.0,PS
OT-007057,PAR-009312,PS-EQ-06,2027-09-14 00:00:00,Correctiva,8.6,2,Rodamiento,3149.0,PS
OT-007058,PAR-009314,PS-EQ-06,2027-09-28 00:00:00,Correctiva,0.8,2,Faja/correa,4095.0,PS
OT-007059,PAR-009316,PS-EQ-06,2027-10-04 00:00:00,Preventiva,8.7,1,Motor eléctrico,529.0,PS
OT-007060,PAR-009317,PS-EQ-06,2027-10-07 00:00:00,Correctiva,10.5,3,Sello mecánico,2058.0,PS
OT-007061,PAR-009318,PS-EQ-06,2027-10-08 00:00:00,Correctiva,7.7,2,Motor eléctrico,2890.0,PS
OT-007062,PAR-009319,PS-EQ-06,2027-10-18 00:00:00,Correctiva,19.3,1,Faja/correa,2455.0,PS
OT-007063,PAR-009321,PS-EQ-06,2027-10-21 00:00:00,Preventiva,7.6,1,Sensor/instrumento,2274.0,PS
OT-007064,PAR-009322,PS-EQ-06,2027-10-22 00:00:00,Correctiva,31.6,1,Rodamiento,7627.0,PS
OT-007065,PAR-009323,PS-EQ-06,2027-11-01 00:00:00,Correctiva,31.3,3,Rodamiento,1241.0,PS
OT-007066,PAR-009324,PS-EQ-06,2027-11-07 00:00:00,Correctiva,0.8,2,Sensor/instrumento,3457.0,PS
OT-007067,PAR-009325,PS-EQ-06,2027-11-09 00:00:00,Preventiva,4.2,2,Ninguno (solo mano de obra),1481.0,PS
OT-007068,PAR-009326,PS-EQ-06,2027-11-15 00:00:00,Correctiva,14.7,3,Ninguno (solo mano de obra),1804.0,PS
OT-007069,PAR-009327,PS-EQ-06,2027-11-17 00:00:00,Correctiva,28.4,2,Motor eléctrico,3537.0,PS
OT-007070,PAR-009328,PS-EQ-06,2027-11-22 00:00:00,Correctiva,1.4,3,Motor eléctrico,1858.0,PS
OT-007071,PAR-009329,PS-EQ-06,2027-11-23 00:00:00,Correctiva,29.4,3,Revestimiento (liner),5271.0,PS
OT-007072,PAR-009330,PS-EQ-06,2027-11-27 00:00:00,Correctiva,1.4,2,Rodamiento,2613.0,PS
OT-007073,PAR-009331,PS-EQ-06,2027-11-28 00:00:00,Preventiva,4.5,1,Sello mecánico,475.0,PS
OT-007074,PAR-009332,PS-EQ-06,2027-12-06 00:00:00,Correctiva,0.8,3,Sensor/instrumento,556.0,PS
OT-007075,PAR-009333,PS-EQ-06,2027-12-17 00:00:00,Correctiva,23.5,1,Faja/correa,6273.0,PS
OT-007076,PAR-009334,PS-EQ-06,2027-12-18 00:00:00,Preventiva,11.1,3,Motor eléctrico,925.0,PS
OT-007077,PAR-009335,PS-EQ-06,2027-12-19 00:00:00,Correctiva,12.0,2,Sensor/instrumento,5838.0,PS
OT-007078,PAR-009336,PS-EQ-06,2027-12-21 00:00:00,Correctiva,8.6,1,Motor eléctrico,3627.0,PS
OT-007079,PAR-009337,PS-EQ-06,2027-12-30 00:00:00,Correctiva,4.2,3,Rodamiento,919.0,PS
OT-007080,PAR-009338,PS-EQ-06,2027-12-31 00:00:00,Correctiva,14.9,2,Revestimiento (liner),6269.0,PS
OT-007081,PAR-009339,PS-EQ-07,2024-01-10 00:00:00,Correctiva,3.4,1,Motor eléctrico,4452.0,PS
OT-007082,PAR-009340,PS-EQ-07,2024-01-19 00:00:00,Preventiva,8.2,1,Faja/correa,177.0,PS
OT-007083,PAR-009341,PS-EQ-07,2024-01-19 00:00:00,Correctiva,6.6,3,Sensor/instrumento,4316.0,PS
OT-007084,PAR-009342,PS-EQ-07,2024-01-20 00:00:00,Correctiva,8.8,2,Sello mecánico,5405.0,PS
OT-007085,PAR-009343,PS-EQ-07,2024-01-23 00:00:00,Correctiva,2.6,1,Rodamiento,4715.0,PS
OT-007086,PAR-009344,PS-EQ-07,2024-01-25 00:00:00,Correctiva,4.7,2,Rodamiento,3457.0,PS
OT-007087,PAR-009345,PS-EQ-07,2024-01-28 00:00:00,Correctiva,6.0,1,Sensor/instrumento,4330.0,PS
OT-007088,PAR-009347,PS-EQ-07,2024-02-04 00:00:00,Correctiva,2.0,1,Sello mecánico,4057.0,PS
OT-007089,PAR-009348,PS-EQ-07,2024-02-06 00:00:00,Preventiva,7.9,2,Sello mecánico,1441.0,PS
OT-007090,PAR-009349,PS-EQ-07,2024-02-07 00:00:00,Correctiva,3.5,1,Ninguno (solo mano de obra),6427.0,PS
OT-007091,PAR-009350,PS-EQ-07,2024-02-12 00:00:00,Correctiva,3.2,1,Ninguno (solo mano de obra),5422.0,PS
OT-007092,PAR-009351,PS-EQ-07,2024-02-14 00:00:00,Correctiva,11.1,1,Sensor/instrumento,7594.0,PS
OT-007093,PAR-009353,PS-EQ-07,2024-02-21 00:00:00,Preventiva,10.3,3,Faja/correa,1147.0,PS
OT-007094,PAR-009354,PS-EQ-07,2024-02-22 00:00:00,Correctiva,9.6,3,Rodamiento,816.0,PS
OT-007095,PAR-009355,PS-EQ-07,2024-03-08 00:00:00,Preventiva,5.2,1,Revestimiento (liner),593.0,PS
OT-007096,PAR-009356,PS-EQ-07,2024-03-14 00:00:00,Correctiva,5.0,2,Rodamiento,7050.0,PS
OT-007097,PAR-009357,PS-EQ-07,2024-03-16 00:00:00,Correctiva,3.9,3,Faja/correa,4368.0,PS
OT-007098,PAR-009358,PS-EQ-07,2024-03-29 00:00:00,Preventiva,11.2,2,Sello mecánico,830.0,PS
OT-007099,PAR-009360,PS-EQ-07,2024-04-18 00:00:00,Preventiva,6.1,2,Revestimiento (liner),2456.0,PS
OT-007100,PAR-009362,PS-EQ-07,2024-04-29 00:00:00,Correctiva,5.9,3,Rodamiento,6346.0,PS
OT-007101,PAR-009364,PS-EQ-07,2024-05-03 00:00:00,Correctiva,20.9,1,Sensor/instrumento,6177.0,PS
OT-007102,PAR-009365,PS-EQ-07,2024-05-04 00:00:00,Correctiva,10.8,1,Motor eléctrico,7750.0,PS
OT-007103,PAR-009366,PS-EQ-07,2024-05-07 00:00:00,Correctiva,4.1,2,Ninguno (solo mano de obra),1112.0,PS
OT-007104,PAR-009367,PS-EQ-07,2024-05-08 00:00:00,Preventiva,4.8,2,Rodamiento,867.0,PS
OT-007105,PAR-009368,PS-EQ-07,2024-05-18 00:00:00,Correctiva,5.6,3,Motor eléctrico,2004.0,PS
OT-007106,PAR-009369,PS-EQ-07,2024-05-22 00:00:00,Correctiva,1.2,1,Sello mecánico,7647.0,PS
OT-007107,PAR-009370,PS-EQ-07,2024-05-23 00:00:00,Preventiva,6.9,3,Revestimiento (liner),1596.0,PS
OT-007108,PAR-009373,PS-EQ-07,2024-06-14 00:00:00,Preventiva,6.2,1,Sensor/instrumento,1709.0,PS
OT-007109,PAR-009377,PS-EQ-07,2024-07-03 00:00:00,Preventiva,7.9,2,Sensor/instrumento,1490.0,PS
OT-007110,PAR-009378,PS-EQ-07,2024-07-22 00:00:00,Correctiva,8.4,1,Sello mecánico,4495.0,PS
OT-007111,PAR-009380,PS-EQ-07,2024-07-23 00:00:00,Correctiva,3.2,3,Motor eléctrico,2232.0,PS
OT-007112,PAR-009381,PS-EQ-07,2024-07-26 00:00:00,Preventiva,8.3,1,Faja/correa,1054.0,PS
OT-007113,PAR-009384,PS-EQ-07,2024-08-15 00:00:00,Correctiva,10.6,2,Rodamiento,800.0,PS
OT-007114,PAR-009385,PS-EQ-07,2024-08-18 00:00:00,Preventiva,7.7,2,Ninguno (solo mano de obra),1118.0,PS
OT-007115,PAR-009386,PS-EQ-07,2024-08-20 00:00:00,Correctiva,2.8,3,Sello mecánico,44.0,PS
OT-007116,PAR-009387,PS-EQ-07,2024-08-22 00:00:00,Correctiva,2.5,2,Ninguno (solo mano de obra),4982.0,PS
OT-007117,PAR-009390,PS-EQ-07,2024-09-09 00:00:00,Preventiva,9.2,2,Faja/correa,374.0,PS
OT-007118,PAR-009393,PS-EQ-07,2024-09-20 00:00:00,Correctiva,10.5,2,Motor eléctrico,730.0,PS
OT-007119,PAR-009395,PS-EQ-07,2024-09-28 00:00:00,Preventiva,7.2,3,Rodamiento,1152.0,PS
OT-007120,PAR-009396,PS-EQ-07,2024-10-19 00:00:00,Preventiva,7.6,3,Motor eléctrico,312.0,PS
OT-007121,PAR-009397,PS-EQ-07,2024-11-04 00:00:00,Preventiva,10.8,2,Rodamiento,1808.0,PS
OT-007122,PAR-009398,PS-EQ-07,2024-11-16 00:00:00,Correctiva,0.6,1,Revestimiento (liner),4683.0,PS
OT-007123,PAR-009399,PS-EQ-07,2024-11-19 00:00:00,Preventiva,13.2,2,Faja/correa,321.0,PS
OT-007124,PAR-009400,PS-EQ-07,2024-11-29 00:00:00,Correctiva,5.2,3,Revestimiento (liner),1543.0,PS
OT-007125,PAR-009401,PS-EQ-07,2024-12-08 00:00:00,Preventiva,7.6,2,Revestimiento (liner),2029.0,PS
OT-007126,PAR-009403,PS-EQ-07,2024-12-22 00:00:00,Preventiva,11.8,2,Motor eléctrico,2425.0,PS
OT-007127,PAR-009405,PS-EQ-07,2025-01-05 00:00:00,Preventiva,6.1,2,Motor eléctrico,2240.0,PS
OT-007128,PAR-009406,PS-EQ-07,2025-01-11 00:00:00,Correctiva,7.4,2,Rodamiento,30.0,PS
OT-007129,PAR-009407,PS-EQ-07,2025-01-21 00:00:00,Preventiva,5.8,2,Ninguno (solo mano de obra),745.0,PS
OT-007130,PAR-009408,PS-EQ-07,2025-01-23 00:00:00,Correctiva,6.5,2,Faja/correa,6383.0,PS
OT-007131,PAR-009409,PS-EQ-07,2025-02-04 00:00:00,Correctiva,0.8,2,Motor eléctrico,4219.0,PS
OT-007132,PAR-009410,PS-EQ-07,2025-02-05 00:00:00,Preventiva,6.7,3,Sensor/instrumento,612.0,PS
OT-007133,PAR-009413,PS-EQ-07,2025-02-16 00:00:00,Correctiva,13.6,3,Rodamiento,7522.0,PS
OT-007134,PAR-009414,PS-EQ-07,2025-02-26 00:00:00,Preventiva,5.4,2,Faja/correa,1994.0,PS
OT-007135,PAR-009416,PS-EQ-07,2025-03-13 00:00:00,Correctiva,5.9,3,Rodamiento,4895.0,PS
OT-007136,PAR-009418,PS-EQ-07,2025-03-19 00:00:00,Preventiva,11.1,1,Sensor/instrumento,2182.0,PS
OT-007137,PAR-009419,PS-EQ-07,2025-04-01 00:00:00,Correctiva,8.3,1,Faja/correa,913.0,PS
OT-007138,PAR-009420,PS-EQ-07,2025-04-11 00:00:00,Preventiva,11.9,3,Sello mecánico,1231.0,PS
OT-007139,PAR-009421,PS-EQ-07,2025-04-13 00:00:00,Correctiva,0.8,1,Sello mecánico,1501.0,PS
OT-007140,PAR-009423,PS-EQ-07,2025-04-30 00:00:00,Preventiva,8.6,1,Motor eléctrico,97.0,PS
OT-007141,PAR-009425,PS-EQ-07,2025-05-18 00:00:00,Preventiva,9.1,1,Sello mecánico,584.0,PS
OT-007142,PAR-009427,PS-EQ-07,2025-05-28 00:00:00,Correctiva,9.9,3,Revestimiento (liner),3660.0,PS
OT-007143,PAR-009428,PS-EQ-07,2025-06-10 00:00:00,Preventiva,11.9,3,Motor eléctrico,136.0,PS
OT-007144,PAR-009430,PS-EQ-07,2025-06-15 00:00:00,Correctiva,4.6,1,Revestimiento (liner),1641.0,PS
OT-007145,PAR-009433,PS-EQ-07,2025-06-27 00:00:00,Preventiva,6.7,2,Ninguno (solo mano de obra),1286.0,PS
OT-007146,PAR-009434,PS-EQ-07,2025-06-29 00:00:00,Correctiva,4.1,1,Faja/correa,2777.0,PS
OT-007147,PAR-009435,PS-EQ-07,2025-07-03 00:00:00,Correctiva,8.2,3,Rodamiento,7814.0,PS
OT-007148,PAR-009437,PS-EQ-07,2025-07-07 00:00:00,Correctiva,5.0,3,Rodamiento,2772.0,PS
OT-007149,PAR-009439,PS-EQ-07,2025-07-13 00:00:00,Preventiva,6.2,2,Revestimiento (liner),1727.0,PS
OT-007150,PAR-009440,PS-EQ-07,2025-08-05 00:00:00,Preventiva,3.8,1,Faja/correa,2044.0,PS
OT-007151,PAR-009442,PS-EQ-07,2025-08-05 00:00:00,Correctiva,8.1,3,Motor eléctrico,7058.0,PS
OT-007152,PAR-009444,PS-EQ-07,2025-08-08 00:00:00,Correctiva,0.9,3,Rodamiento,3430.0,PS
OT-007153,PAR-009445,PS-EQ-07,2025-08-19 00:00:00,Correctiva,4.6,2,Motor eléctrico,612.0,PS
OT-007154,PAR-009446,PS-EQ-07,2025-08-20 00:00:00,Preventiva,6.8,2,Faja/correa,2302.0,PS
OT-007155,PAR-009448,PS-EQ-07,2025-08-27 00:00:00,Correctiva,9.9,1,Motor eléctrico,5482.0,PS
OT-007156,PAR-009449,PS-EQ-07,2025-09-02 00:00:00,Correctiva,4.7,2,Motor eléctrico,4510.0,PS
OT-007157,PAR-009451,PS-EQ-07,2025-09-04 00:00:00,Correctiva,1.8,1,Faja/correa,2859.0,PS
OT-007158,PAR-009452,PS-EQ-07,2025-09-07 00:00:00,Correctiva,0.4,1,Motor eléctrico,5403.0,PS
OT-007159,PAR-009453,PS-EQ-07,2025-09-11 00:00:00,Preventiva,5.6,1,Revestimiento (liner),273.0,PS
OT-007160,PAR-009454,PS-EQ-07,2025-09-12 00:00:00,Correctiva,7.8,3,Faja/correa,1630.0,PS
OT-007161,PAR-009456,PS-EQ-07,2025-09-26 00:00:00,Correctiva,1.6,1,Faja/correa,7452.0,PS
OT-007162,PAR-009458,PS-EQ-07,2025-10-01 00:00:00,Correctiva,8.9,2,Ninguno (solo mano de obra),4449.0,PS
OT-007163,PAR-009459,PS-EQ-07,2025-10-04 00:00:00,Preventiva,6.3,1,Revestimiento (liner),980.0,PS
OT-007164,PAR-009461,PS-EQ-07,2025-10-26 00:00:00,Preventiva,11.4,3,Motor eléctrico,1791.0,PS
OT-007165,PAR-009462,PS-EQ-07,2025-11-14 00:00:00,Preventiva,9.9,3,Revestimiento (liner),599.0,PS
OT-007166,PAR-009466,PS-EQ-07,2025-12-03 00:00:00,Correctiva,1.1,2,Rodamiento,1899.0,PS
OT-007167,PAR-009467,PS-EQ-07,2025-12-06 00:00:00,Preventiva,7.9,2,Sello mecánico,95.0,PS
OT-007168,PAR-009471,PS-EQ-07,2025-12-22 00:00:00,Preventiva,12.3,2,Sensor/instrumento,1594.0,PS
OT-007169,PAR-009472,PS-EQ-07,2026-01-08 00:00:00,Preventiva,8.7,1,Faja/correa,1552.0,PS
OT-007170,PAR-009476,PS-EQ-07,2026-01-19 00:00:00,Correctiva,12.0,2,Rodamiento,4625.0,PS
OT-007171,PAR-009477,PS-EQ-07,2026-01-20 00:00:00,Correctiva,9.1,3,Ninguno (solo mano de obra),5615.0,PS
OT-007172,PAR-009478,PS-EQ-07,2026-01-24 00:00:00,Correctiva,8.7,3,Faja/correa,1441.0,PS
OT-007173,PAR-009479,PS-EQ-07,2026-01-25 00:00:00,Preventiva,9.1,2,Rodamiento,1056.0,PS
OT-007174,PAR-009480,PS-EQ-07,2026-01-27 00:00:00,Correctiva,2.9,3,Motor eléctrico,184.0,PS
OT-007175,PAR-009481,PS-EQ-07,2026-02-09 00:00:00,Preventiva,5.6,1,Faja/correa,1939.0,PS
OT-007176,PAR-009482,PS-EQ-07,2026-02-09 00:00:00,Correctiva,0.5,2,Motor eléctrico,5495.0,PS
OT-007177,PAR-009483,PS-EQ-07,2026-02-11 00:00:00,Correctiva,4.1,3,Rodamiento,2444.0,PS
OT-007178,PAR-009486,PS-EQ-07,2026-02-24 00:00:00,Preventiva,6.9,1,Motor eléctrico,25.0,PS
OT-007179,PAR-009489,PS-EQ-07,2026-03-05 00:00:00,Correctiva,2.7,2,Sello mecánico,2421.0,PS
OT-007180,PAR-009490,PS-EQ-07,2026-03-10 00:00:00,Preventiva,6.0,2,Sello mecánico,20.0,PS
OT-007181,PAR-009492,PS-EQ-07,2026-03-12 00:00:00,Correctiva,18.6,1,Ninguno (solo mano de obra),6909.0,PS
OT-007182,PAR-009493,PS-EQ-07,2026-03-16 00:00:00,Correctiva,6.0,1,Sello mecánico,7093.0,PS
OT-007183,PAR-009496,PS-EQ-07,2026-03-28 00:00:00,Preventiva,7.3,2,Rodamiento,559.0,PS
OT-007184,PAR-009497,PS-EQ-07,2026-04-04 00:00:00,Correctiva,3.0,3,Sensor/instrumento,4368.0,PS
OT-007185,PAR-009498,PS-EQ-07,2026-04-05 00:00:00,Correctiva,4.6,2,Faja/correa,1703.0,PS
OT-007186,PAR-009499,PS-EQ-07,2026-04-06 00:00:00,Correctiva,5.0,3,Ninguno (solo mano de obra),2302.0,PS
OT-007187,PAR-009500,PS-EQ-07,2026-04-12 00:00:00,Preventiva,7.5,1,Motor eléctrico,1042.0,PS
OT-007188,PAR-009501,PS-EQ-07,2026-04-15 00:00:00,Correctiva,2.7,2,Revestimiento (liner),6937.0,PS
OT-007189,PAR-009504,PS-EQ-07,2026-05-03 00:00:00,Preventiva,8.4,2,Rodamiento,2487.0,PS
OT-007190,PAR-009506,PS-EQ-07,2026-05-19 00:00:00,Preventiva,9.7,3,Ninguno (solo mano de obra),2033.0,PS
OT-007191,PAR-009507,PS-EQ-07,2026-05-23 00:00:00,Correctiva,0.7,2,Faja/correa,4255.0,PS
OT-007192,PAR-009508,PS-EQ-07,2026-06-07 00:00:00,Correctiva,2.2,1,Sensor/instrumento,308.0,PS
OT-007193,PAR-009509,PS-EQ-07,2026-06-11 00:00:00,Preventiva,9.0,1,Motor eléctrico,2239.0,PS
OT-007194,PAR-009510,PS-EQ-07,2026-06-14 00:00:00,Correctiva,3.7,3,Sello mecánico,4124.0,PS
OT-007195,PAR-009511,PS-EQ-07,2026-06-18 00:00:00,Correctiva,8.5,2,Motor eléctrico,4770.0,PS
OT-007196,PAR-009512,PS-EQ-07,2026-06-25 00:00:00,Preventiva,6.6,1,Motor eléctrico,1682.0,PS
OT-007197,PAR-009513,PS-EQ-07,2026-06-26 00:00:00,Correctiva,0.7,2,Sensor/instrumento,4431.0,PS
OT-007198,PAR-009514,PS-EQ-07,2026-07-13 00:00:00,Preventiva,5.7,1,Rodamiento,1316.0,PS
OT-007199,PAR-009517,PS-EQ-07,2026-07-31 00:00:00,Preventiva,7.7,3,Sello mecánico,2354.0,PS
OT-007200,PAR-009518,PS-EQ-07,2026-08-01 00:00:00,Correctiva,1.1,1,Rodamiento,6298.0,PS
OT-007201,PAR-009521,PS-EQ-07,2026-08-15 00:00:00,Correctiva,10.0,3,Rodamiento,1539.0,PS
OT-007202,PAR-009522,PS-EQ-07,2026-08-20 00:00:00,Preventiva,7.7,3,Sensor/instrumento,1211.0,PS
OT-007203,PAR-009523,PS-EQ-07,2026-09-03 00:00:00,Correctiva,8.2,3,Sello mecánico,2096.0,PS
OT-007204,PAR-009524,PS-EQ-07,2026-09-04 00:00:00,Preventiva,7.7,3,Motor eléctrico,1429.0,PS
OT-007205,PAR-009525,PS-EQ-07,2026-09-07 00:00:00,Correctiva,7.5,2,Ninguno (solo mano de obra),5244.0,PS
OT-007206,PAR-009526,PS-EQ-07,2026-09-21 00:00:00,Correctiva,0.8,3,Faja/correa,6577.0,PS
OT-007207,PAR-009527,PS-EQ-07,2026-09-27 00:00:00,Preventiva,4.1,1,Ninguno (solo mano de obra),540.0,PS
OT-007208,PAR-009528,PS-EQ-07,2026-09-27 00:00:00,Correctiva,1.9,1,Faja/correa,6512.0,PS
OT-007209,PAR-009529,PS-EQ-07,2026-10-03 00:00:00,Correctiva,4.2,2,Ninguno (solo mano de obra),2144.0,PS
OT-007210,PAR-009531,PS-EQ-07,2026-10-18 00:00:00,Preventiva,8.1,2,Sello mecánico,451.0,PS
OT-007211,PAR-009533,PS-EQ-07,2026-11-03 00:00:00,Correctiva,0.8,1,Motor eléctrico,1203.0,PS
OT-007212,PAR-009534,PS-EQ-07,2026-11-06 00:00:00,Preventiva,7.2,3,indeterminado,1597.0,PS
OT-007213,PAR-009535,PS-EQ-07,2026-11-13 00:00:00,Correctiva,4.0,3,Motor eléctrico,6950.0,PS
OT-007214,PAR-009536,PS-EQ-07,2026-11-17 00:00:00,Correctiva,1.0,1,Motor eléctrico,4496.0,PS
OT-007215,PAR-009537,PS-EQ-07,2026-11-22 00:00:00,Correctiva,3.6,3,Sensor/instrumento,5887.0,PS
OT-007216,PAR-009538,PS-EQ-07,2026-11-28 00:00:00,Preventiva,8.6,2,Rodamiento,1774.0,PS
OT-007217,PAR-009540,PS-EQ-07,2026-12-14 00:00:00,Correctiva,3.6,3,Revestimiento (liner),4975.0,PS
OT-007218,PAR-009541,PS-EQ-07,2026-12-18 00:00:00,Preventiva,4.8,3,Faja/correa,1053.0,PS
OT-007219,PAR-009542,PS-EQ-07,2026-12-22 00:00:00,Correctiva,4.4,2,Sensor/instrumento,7894.0,PS
OT-007220,PAR-009544,PS-EQ-07,2026-12-23 00:00:00,Correctiva,13.3,2,Sensor/instrumento,2217.0,PS
OT-007221,PAR-009545,PS-EQ-07,2027-01-04 00:00:00,Preventiva,5.5,1,Faja/correa,230.0,PS
OT-007222,PAR-009546,PS-EQ-07,2027-01-08 00:00:00,Correctiva,2.7,1,indeterminado,3861.0,PS
OT-007223,PAR-009547,PS-EQ-07,2027-01-10 00:00:00,Correctiva,1.1,3,Rodamiento,2007.0,PS
OT-007224,PAR-009549,PS-EQ-07,2027-01-26 00:00:00,Preventiva,9.7,1,Ninguno (solo mano de obra),1609.0,PS
OT-007225,PAR-009552,PS-EQ-07,2027-02-04 00:00:00,Correctiva,0.6,1,Sello mecánico,4005.0,PS
OT-007226,PAR-009554,PS-EQ-07,2027-02-13 00:00:00,Preventiva,5.5,3,Revestimiento (liner),1828.0,PS
OT-007227,PAR-009555,PS-EQ-07,2027-02-16 00:00:00,Correctiva,0.7,1,Rodamiento,8.0,PS
OT-007228,PAR-009556,PS-EQ-07,2027-02-18 00:00:00,Correctiva,2.8,3,Motor eléctrico,5119.0,PS
OT-007229,PAR-009557,PS-EQ-07,2027-02-20 00:00:00,Correctiva,1.8,2,Sello mecánico,5521.0,PS
OT-007230,PAR-009558,PS-EQ-07,2027-02-27 00:00:00,Preventiva,10.5,1,Ninguno (solo mano de obra),1506.0,PS
OT-007231,PAR-009559,PS-EQ-07,2027-03-07 00:00:00,Correctiva,2.2,1,Rodamiento,3049.0,PS
OT-007232,PAR-009560,PS-EQ-07,2027-03-09 00:00:00,Correctiva,18.0,3,Revestimiento (liner),1910.0,PS
OT-007233,PAR-009562,PS-EQ-07,2027-03-16 00:00:00,Preventiva,7.2,2,Sensor/instrumento,0.0,PS
OT-007234,PAR-009564,PS-EQ-07,2027-04-08 00:00:00,Preventiva,6.8,2,Motor eléctrico,2122.0,PS
OT-007235,PAR-009565,PS-EQ-07,2027-04-26 00:00:00,Preventiva,9.3,1,Ninguno (solo mano de obra),179.0,PS
OT-007236,PAR-009566,PS-EQ-07,2027-05-01 00:00:00,Correctiva,1.4,3,Faja/correa,5615.0,PS
OT-007237,PAR-009568,PS-EQ-07,2027-05-11 00:00:00,Preventiva,4.3,1,Rodamiento,861.0,PS
OT-007238,PAR-009570,PS-EQ-07,2027-05-31 00:00:00,Preventiva,5.2,3,Ninguno (solo mano de obra),1789.0,PS
OT-007239,PAR-009572,PS-EQ-07,2027-06-03 00:00:00,Correctiva,2.6,3,indeterminado,1101.0,PS
OT-007240,PAR-009573,PS-EQ-07,2027-06-06 00:00:00,Correctiva,14.7,1,indeterminado,4499.0,PS
OT-007241,PAR-009575,PS-EQ-07,2027-06-22 00:00:00,Preventiva,8.0,3,Revestimiento (liner),1674.0,PS
OT-007242,PAR-009576,PS-EQ-07,2027-07-08 00:00:00,Correctiva,2.4,3,Motor eléctrico,5922.0,PS
OT-007243,PAR-009577,PS-EQ-07,2027-07-13 00:00:00,Preventiva,7.1,2,Sensor/instrumento,1218.0,PS
OT-007244,PAR-009579,PS-EQ-07,2027-07-31 00:00:00,Correctiva,1.0,3,Revestimiento (liner),3587.0,PS
OT-007245,PAR-009580,PS-EQ-07,2027-08-05 00:00:00,Preventiva,5.7,3,Motor eléctrico,2429.0,PS
OT-007246,PAR-009581,PS-EQ-07,2027-08-13 00:00:00,Correctiva,1.3,1,Motor eléctrico,7892.0,PS
OT-007247,PAR-009582,PS-EQ-07,2027-08-17 00:00:00,Correctiva,25.5,2,Ninguno (solo mano de obra),7159.0,PS
OT-007248,PAR-009583,PS-EQ-07,2027-08-18 00:00:00,Correctiva,19.2,1,Sensor/instrumento,3986.0,PS
OT-007249,PAR-009585,PS-EQ-07,2027-08-23 00:00:00,Preventiva,7.7,2,Sello mecánico,2492.0,PS
OT-007250,PAR-009586,PS-EQ-07,2027-08-30 00:00:00,Correctiva,2.9,3,Faja/correa,1246.0,PS
OT-007251,PAR-009587,PS-EQ-07,2027-09-03 00:00:00,Correctiva,0.4,2,Ninguno (solo mano de obra),2130.0,PS
OT-007252,PAR-009588,PS-EQ-07,2027-09-10 00:00:00,Correctiva,8.7,2,Faja/correa,66.0,PS
OT-007253,PAR-009589,PS-EQ-07,2027-09-13 00:00:00,Preventiva,8.7,3,Faja/correa,1439.0,PS
OT-007254,PAR-009591,PS-EQ-07,2027-09-26 00:00:00,Correctiva,4.0,3,Faja/correa,108.0,PS
OT-007255,PAR-009595,PS-EQ-07,2027-10-04 00:00:00,Preventiva,7.8,3,Revestimiento (liner),1608.0,PS
OT-007256,PAR-009596,PS-EQ-07,2027-10-21 00:00:00,Preventiva,13.1,3,Rodamiento,502.0,PS
OT-007257,PAR-009597,PS-EQ-07,2027-10-22 00:00:00,Correctiva,0.6,2,Sensor/instrumento,2802.0,PS
OT-007258,PAR-009599,PS-EQ-07,2027-11-12 00:00:00,Correctiva,1.7,1,Revestimiento (liner),1491.0,PS
OT-007259,PAR-009600,PS-EQ-07,2027-11-13 00:00:00,Preventiva,6.4,3,Ninguno (solo mano de obra),431.0,PS
OT-007260,PAR-009601,PS-EQ-07,2027-11-16 00:00:00,Correctiva,2.2,1,Sensor/instrumento,4618.0,PS
OT-007261,PAR-009603,PS-EQ-07,2027-11-24 00:00:00,Correctiva,7.2,3,Rodamiento,7024.0,PS
OT-007262,PAR-009605,PS-EQ-07,2027-12-05 00:00:00,Preventiva,13.4,2,Revestimiento (liner),306.0,PS
OT-007263,PAR-009606,PS-EQ-07,2027-12-12 00:00:00,Correctiva,5.6,3,Motor eléctrico,2243.0,PS
OT-007264,PAR-009609,PS-EQ-07,2027-12-23 00:00:00,Preventiva,10.1,1,Motor eléctrico,1128.0,PS
OT-007265,PAR-009610,PS-EQ-07,2027-12-25 00:00:00,Correctiva,9.1,1,Revestimiento (liner),5576.0,PS
OT-007266,PAR-009611,PS-EQ-07,2027-12-26 00:00:00,Correctiva,14.1,1,Sensor/instrumento,7745.0,PS
OT-007267,PAR-009612,PS-EQ-07,2027-12-28 00:00:00,Correctiva,20.9,1,Revestimiento (liner),4801.0,PS
OT-007268,PAR-009615,PS-EQ-08,2024-01-08 00:00:00,Correctiva,17.0,3,Sello mecánico,5149.0,PS
OT-007269,PAR-009616,PS-EQ-08,2024-01-09 00:00:00,Correctiva,1.5,1,Rodamiento,5960.0,PS
OT-007270,PAR-009617,PS-EQ-08,2024-01-11 00:00:00,Correctiva,12.1,3,Revestimiento (liner),2589.0,PS
OT-007271,PAR-009619,PS-EQ-08,2024-01-20 00:00:00,Preventiva,4.0,2,Ninguno (solo mano de obra),1918.0,PS
OT-007272,PAR-009622,PS-EQ-08,2024-01-28 00:00:00,Correctiva,24.0,2,Faja/correa,3750.0,PS
OT-007273,PAR-009623,PS-EQ-08,2024-01-30 00:00:00,Correctiva,0.7,3,Revestimiento (liner),7050.0,PS
OT-007274,PAR-009624,PS-EQ-08,2024-02-02 00:00:00,Correctiva,17.9,2,Sensor/instrumento,48.0,PS
OT-007275,PAR-009625,PS-EQ-08,2024-02-04 00:00:00,Preventiva,10.5,2,Sensor/instrumento,1742.0,PS
OT-007276,PAR-009628,PS-EQ-08,2024-02-10 00:00:00,Correctiva,0.8,3,Sensor/instrumento,3131.0,PS
OT-007277,PAR-009630,PS-EQ-08,2024-02-19 00:00:00,Preventiva,6.6,1,Ninguno (solo mano de obra),494.0,PS
OT-007278,PAR-009632,PS-EQ-08,2024-03-12 00:00:00,Preventiva,5.1,3,Motor eléctrico,1999.0,PS
OT-007279,PAR-009633,PS-EQ-08,2024-03-16 00:00:00,Correctiva,5.0,3,Faja/correa,2840.0,PS
OT-007280,PAR-009634,PS-EQ-08,2024-03-18 00:00:00,Correctiva,7.5,3,Revestimiento (liner),3556.0,PS
OT-007281,PAR-009636,PS-EQ-08,2024-03-21 00:00:00,Correctiva,1.8,3,Ninguno (solo mano de obra),1852.0,PS
OT-007282,PAR-009638,PS-EQ-08,2024-03-25 00:00:00,Correctiva,1.3,1,Rodamiento,5683.0,PS
OT-007283,PAR-009639,PS-EQ-08,2024-03-31 00:00:00,Preventiva,5.4,1,Revestimiento (liner),2122.0,PS
OT-007284,PAR-009640,PS-EQ-08,2024-04-10 00:00:00,Correctiva,24.6,2,Revestimiento (liner),3703.0,PS
OT-007285,PAR-009641,PS-EQ-08,2024-04-22 00:00:00,Preventiva,7.2,2,Sello mecánico,72.0,PS
OT-007286,PAR-009642,PS-EQ-08,2024-04-22 00:00:00,Correctiva,6.7,1,Ninguno (solo mano de obra),4802.0,PS
OT-007287,PAR-009643,PS-EQ-08,2024-04-26 00:00:00,Correctiva,2.6,3,Rodamiento,4579.0,PS
OT-007288,PAR-009645,PS-EQ-08,2024-05-14 00:00:00,Preventiva,9.7,3,Ninguno (solo mano de obra),359.0,PS
OT-007289,PAR-009646,PS-EQ-08,2024-05-25 00:00:00,Correctiva,2.0,1,Sello mecánico,2427.0,PS
OT-007290,PAR-009648,PS-EQ-08,2024-05-27 00:00:00,Correctiva,11.7,3,Ninguno (solo mano de obra),3043.0,PS
OT-007291,PAR-009649,PS-EQ-08,2024-05-30 00:00:00,Preventiva,5.8,1,Rodamiento,1659.0,PS
OT-007292,PAR-009651,PS-EQ-08,2024-06-05 00:00:00,Correctiva,12.7,1,Revestimiento (liner),7284.0,PS
OT-007293,PAR-009652,PS-EQ-08,2024-06-11 00:00:00,Correctiva,7.3,3,Revestimiento (liner),6033.0,PS
OT-007294,PAR-009653,PS-EQ-08,2024-06-13 00:00:00,Preventiva,4.8,3,Sello mecánico,577.0,PS
OT-007295,PAR-009654,PS-EQ-08,2024-06-14 00:00:00,Correctiva,12.0,2,Motor eléctrico,7483.0,PS
OT-007296,PAR-009655,PS-EQ-08,2024-06-15 00:00:00,Correctiva,28.0,2,Sensor/instrumento,5724.0,PS
OT-007297,PAR-009658,PS-EQ-08,2024-07-02 00:00:00,Preventiva,4.7,2,Faja/correa,892.0,PS
OT-007298,PAR-009659,PS-EQ-08,2024-07-02 00:00:00,Correctiva,25.9,3,Faja/correa,4327.0,PS
OT-007299,PAR-009660,PS-EQ-08,2024-07-09 00:00:00,Correctiva,3.0,3,Motor eléctrico,6647.0,PS
OT-007300,PAR-009661,PS-EQ-08,2024-07-16 00:00:00,Preventiva,8.5,1,Revestimiento (liner),168.0,PS
OT-007301,PAR-009664,PS-EQ-08,2024-07-23 00:00:00,Correctiva,9.7,2,Ninguno (solo mano de obra),1801.0,PS
OT-007302,PAR-009665,PS-EQ-08,2024-07-26 00:00:00,Correctiva,9.4,3,Rodamiento,4992.0,PS
OT-007303,PAR-009666,PS-EQ-08,2024-08-02 00:00:00,Correctiva,2.4,1,Sello mecánico,2451.0,PS
OT-007304,PAR-009667,PS-EQ-08,2024-08-04 00:00:00,Correctiva,14.8,2,Faja/correa,7510.0,PS
OT-007305,PAR-009668,PS-EQ-08,2024-08-05 00:00:00,Preventiva,5.1,1,Revestimiento (liner),19.0,PS
OT-007306,PAR-009669,PS-EQ-08,2024-08-05 00:00:00,Correctiva,14.8,1,Ninguno (solo mano de obra),5882.0,PS
OT-007307,PAR-009670,PS-EQ-08,2024-08-07 00:00:00,Correctiva,12.5,2,Revestimiento (liner),2138.0,PS
OT-007308,PAR-009671,PS-EQ-08,2024-08-12 00:00:00,Correctiva,14.2,3,Ninguno (solo mano de obra),6524.0,PS
OT-007309,PAR-009672,PS-EQ-08,2024-08-18 00:00:00,Correctiva,6.0,2,Motor eléctrico,585.0,PS
OT-007310,PAR-009673,PS-EQ-08,2024-08-24 00:00:00,Preventiva,8.8,2,Rodamiento,625.0,PS
OT-007311,PAR-009674,PS-EQ-08,2024-08-26 00:00:00,Correctiva,1.2,1,Motor eléctrico,6605.0,PS
OT-007312,PAR-009675,PS-EQ-08,2024-09-08 00:00:00,Correctiva,7.0,3,Sensor/instrumento,2696.0,PS
OT-007313,PAR-009676,PS-EQ-08,2024-09-09 00:00:00,Preventiva,9.3,2,Rodamiento,1257.0,PS
OT-007314,PAR-009678,PS-EQ-08,2024-09-23 00:00:00,Correctiva,9.4,3,Sensor/instrumento,5939.0,PS
OT-007315,PAR-009679,PS-EQ-08,2024-09-27 00:00:00,Preventiva,7.1,1,Faja/correa,1647.0,PS
OT-007316,PAR-009681,PS-EQ-08,2024-10-05 00:00:00,Correctiva,6.8,3,Rodamiento,3792.0,PS
OT-007317,PAR-009682,PS-EQ-08,2024-10-13 00:00:00,Preventiva,5.2,3,Revestimiento (liner),559.0,PS
OT-007318,PAR-009684,PS-EQ-08,2024-10-20 00:00:00,Correctiva,17.9,1,Motor eléctrico,3684.0,PS
OT-007319,PAR-009687,PS-EQ-08,2024-10-30 00:00:00,Preventiva,10.9,3,Rodamiento,208.0,PS
OT-007320,PAR-009688,PS-EQ-08,2024-11-03 00:00:00,Correctiva,25.2,2,Rodamiento,6635.0,PS
OT-007321,PAR-009689,PS-EQ-08,2024-11-04 00:00:00,Correctiva,10.7,1,Sello mecánico,7937.0,PS
OT-007322,PAR-009690,PS-EQ-08,2024-11-07 00:00:00,Correctiva,2.6,2,Faja/correa,1011.0,PS
OT-007323,PAR-009691,PS-EQ-08,2024-11-14 00:00:00,Correctiva,2.0,3,Rodamiento,1089.0,PS
OT-007324,PAR-009692,PS-EQ-08,2024-11-15 00:00:00,Correctiva,3.4,3,Revestimiento (liner),1499.0,PS
OT-007325,PAR-009694,PS-EQ-08,2024-11-20 00:00:00,Preventiva,5.0,3,Sensor/instrumento,377.0,PS
OT-007326,PAR-009696,PS-EQ-08,2024-12-08 00:00:00,Preventiva,7.4,2,Sello mecánico,655.0,PS
OT-007327,PAR-009697,PS-EQ-08,2024-12-09 00:00:00,Correctiva,28.5,2,Revestimiento (liner),6939.0,PS
OT-007328,PAR-009699,PS-EQ-08,2024-12-10 00:00:00,Correctiva,12.8,3,Ninguno (solo mano de obra),1685.0,PS
OT-007329,PAR-009700,PS-EQ-08,2024-12-27 00:00:00,Correctiva,2.2,1,Revestimiento (liner),7271.0,PS
OT-007330,PAR-009701,PS-EQ-08,2024-12-28 00:00:00,Correctiva,2.0,1,Motor eléctrico,3209.0,PS
OT-007331,PAR-009702,PS-EQ-08,2024-12-29 00:00:00,Preventiva,8.2,3,Rodamiento,1700.0,PS
OT-007332,PAR-009703,PS-EQ-08,2024-12-29 00:00:00,Correctiva,1.9,3,Sello mecánico,5092.0,PS
OT-007333,PAR-009705,PS-EQ-08,2025-01-17 00:00:00,Preventiva,6.5,3,Ninguno (solo mano de obra),299.0,PS
OT-007334,PAR-009706,PS-EQ-08,2025-01-26 00:00:00,Correctiva,22.5,2,Ninguno (solo mano de obra),5156.0,PS
OT-007335,PAR-009707,PS-EQ-08,2025-01-31 00:00:00,Correctiva,1.0,3,Revestimiento (liner),6797.0,PS
OT-007336,PAR-009708,PS-EQ-08,2025-02-01 00:00:00,Correctiva,21.8,2,indeterminado,3575.0,PS
OT-007337,PAR-009710,PS-EQ-08,2025-02-08 00:00:00,Preventiva,12.5,1,Revestimiento (liner),2358.0,PS
OT-007338,PAR-009711,PS-EQ-08,2025-02-09 00:00:00,Correctiva,17.5,2,Revestimiento (liner),6725.0,PS
OT-007339,PAR-009712,PS-EQ-08,2025-02-10 00:00:00,Correctiva,8.8,2,Sensor/instrumento,1442.0,PS
OT-007340,PAR-009713,PS-EQ-08,2025-02-15 00:00:00,Correctiva,3.0,1,Sello mecánico,3409.0,PS
OT-007341,PAR-009714,PS-EQ-08,2025-02-17 00:00:00,Correctiva,7.9,1,Rodamiento,4837.0,PS
OT-007342,PAR-009715,PS-EQ-08,2025-02-23 00:00:00,Preventiva,5.0,1,Rodamiento,2379.0,PS
OT-007343,PAR-009717,PS-EQ-08,2025-03-10 00:00:00,Correctiva,3.5,3,Sensor/instrumento,6782.0,PS
OT-007344,PAR-009718,PS-EQ-08,2025-03-12 00:00:00,Preventiva,6.6,3,indeterminado,1118.0,PS
OT-007345,PAR-009719,PS-EQ-08,2025-03-19 00:00:00,Correctiva,2.2,1,Rodamiento,277.0,PS
OT-007346,PAR-009720,PS-EQ-08,2025-03-20 00:00:00,Correctiva,10.0,2,Faja/correa,3250.0,PS
OT-007347,PAR-009721,PS-EQ-08,2025-03-29 00:00:00,Preventiva,10.6,3,Motor eléctrico,1794.0,PS
OT-007348,PAR-009723,PS-EQ-08,2025-04-02 00:00:00,Correctiva,3.1,3,Motor eléctrico,4843.0,PS
OT-007349,PAR-009724,PS-EQ-08,2025-04-18 00:00:00,Preventiva,9.3,1,Revestimiento (liner),1987.0,PS
OT-007350,PAR-009726,PS-EQ-08,2025-04-28 00:00:00,Correctiva,13.4,2,Motor eléctrico,5743.0,PS
OT-007351,PAR-009728,PS-EQ-08,2025-05-01 00:00:00,Correctiva,4.3,2,Motor eléctrico,6241.0,PS
OT-007352,PAR-009729,PS-EQ-08,2025-05-02 00:00:00,Preventiva,10.3,2,Faja/correa,432.0,PS
OT-007353,PAR-009730,PS-EQ-08,2025-05-02 00:00:00,Correctiva,3.1,2,Motor eléctrico,3663.0,PS
OT-007354,PAR-009731,PS-EQ-08,2025-05-06 00:00:00,Correctiva,0.5,2,Ninguno (solo mano de obra),5438.0,PS
OT-007355,PAR-009732,PS-EQ-08,2025-05-11 00:00:00,Correctiva,1.7,3,Rodamiento,7301.0,PS
OT-007356,PAR-009733,PS-EQ-08,2025-05-13 00:00:00,Correctiva,0.7,3,Ninguno (solo mano de obra),6685.0,PS
OT-007357,PAR-009734,PS-EQ-08,2025-05-14 00:00:00,Correctiva,4.0,2,Sensor/instrumento,4349.0,PS
OT-007358,PAR-009735,PS-EQ-08,2025-05-20 00:00:00,Preventiva,9.1,2,Revestimiento (liner),566.0,PS
OT-007359,PAR-009736,PS-EQ-08,2025-05-27 00:00:00,Correctiva,6.4,3,Ninguno (solo mano de obra),7427.0,PS
OT-007360,PAR-009737,PS-EQ-08,2025-06-04 00:00:00,Preventiva,6.8,3,Faja/correa,770.0,PS
OT-007361,PAR-009738,PS-EQ-08,2025-06-05 00:00:00,Correctiva,4.5,2,Sensor/instrumento,5339.0,PS
OT-007362,PAR-009739,PS-EQ-08,2025-06-06 00:00:00,Correctiva,30.6,1,Sensor/instrumento,5943.0,PS
OT-007363,PAR-009741,PS-EQ-08,2025-06-18 00:00:00,Preventiva,5.2,1,Faja/correa,619.0,PS
OT-007364,PAR-009742,PS-EQ-08,2025-06-19 00:00:00,Correctiva,6.1,2,Sensor/instrumento,6463.0,PS
OT-007365,PAR-009743,PS-EQ-08,2025-06-20 00:00:00,Correctiva,9.4,2,Sello mecánico,5967.0,PS
OT-007366,PAR-009744,PS-EQ-08,2025-06-22 00:00:00,Correctiva,18.2,3,Motor eléctrico,5693.0,PS
OT-007367,PAR-009745,PS-EQ-08,2025-06-24 00:00:00,Correctiva,24.6,2,Ninguno (solo mano de obra),7387.0,PS
OT-007368,PAR-009746,PS-EQ-08,2025-06-26 00:00:00,Correctiva,24.9,2,Revestimiento (liner),4129.0,PS
OT-007369,PAR-009748,PS-EQ-08,2025-06-30 00:00:00,Correctiva,0.6,2,Ninguno (solo mano de obra),3129.0,PS
OT-007370,PAR-009750,PS-EQ-08,2025-07-06 00:00:00,Preventiva,6.0,1,Ninguno (solo mano de obra),963.0,PS
OT-007371,PAR-009752,PS-EQ-08,2025-07-08 00:00:00,Correctiva,9.7,1,Ninguno (solo mano de obra),7886.0,PS
OT-007372,PAR-009753,PS-EQ-08,2025-07-09 00:00:00,Correctiva,12.5,2,Rodamiento,7350.0,PS
OT-007373,PAR-009754,PS-EQ-08,2025-07-10 00:00:00,Correctiva,8.8,2,Faja/correa,6928.0,PS
OT-007374,PAR-009755,PS-EQ-08,2025-07-19 00:00:00,Correctiva,6.7,3,Sensor/instrumento,6679.0,PS
OT-007375,PAR-009756,PS-EQ-08,2025-07-28 00:00:00,Preventiva,6.6,1,Sensor/instrumento,332.0,PS
OT-007376,PAR-009757,PS-EQ-08,2025-08-11 00:00:00,Preventiva,5.5,2,Sello mecánico,1586.0,PS
OT-007377,PAR-009758,PS-EQ-08,2025-08-14 00:00:00,Correctiva,9.6,1,Ninguno (solo mano de obra),2369.0,PS
OT-007378,PAR-009759,PS-EQ-08,2025-08-17 00:00:00,Correctiva,23.8,2,Faja/correa,6154.0,PS
OT-007379,PAR-009761,PS-EQ-08,2025-08-25 00:00:00,Preventiva,13.8,3,Revestimiento (liner),442.0,PS
OT-007380,PAR-009762,PS-EQ-08,2025-09-11 00:00:00,Correctiva,2.2,2,Ninguno (solo mano de obra),332.0,PS
OT-007381,PAR-009763,PS-EQ-08,2025-09-12 00:00:00,Correctiva,5.0,2,Faja/correa,5629.0,PS
OT-007382,PAR-009764,PS-EQ-08,2025-09-15 00:00:00,Preventiva,12.9,2,Revestimiento (liner),220.0,PS
OT-007383,PAR-009765,PS-EQ-08,2025-09-15 00:00:00,Correctiva,1.3,2,Motor eléctrico,3133.0,PS
OT-007384,PAR-009766,PS-EQ-08,2025-09-17 00:00:00,Correctiva,9.3,1,Revestimiento (liner),5789.0,PS
OT-007385,PAR-009767,PS-EQ-08,2025-10-02 00:00:00,Correctiva,1.9,2,Faja/correa,1176.0,PS
OT-007386,PAR-009768,PS-EQ-08,2025-10-04 00:00:00,Preventiva,7.2,2,Rodamiento,834.0,PS
OT-007387,PAR-009769,PS-EQ-08,2025-10-16 00:00:00,Correctiva,18.7,2,Rodamiento,779.0,PS
OT-007388,PAR-009770,PS-EQ-08,2025-10-17 00:00:00,Correctiva,8.1,2,Revestimiento (liner),944.0,PS
OT-007389,PAR-009771,PS-EQ-08,2025-10-19 00:00:00,Preventiva,8.9,2,Faja/correa,224.0,PS
OT-007390,PAR-009772,PS-EQ-08,2025-10-20 00:00:00,Correctiva,3.4,2,Revestimiento (liner),7882.0,PS
OT-007391,PAR-009773,PS-EQ-08,2025-10-26 00:00:00,Correctiva,3.7,2,Faja/correa,3182.0,PS
OT-007392,PAR-009774,PS-EQ-08,2025-10-28 00:00:00,Correctiva,27.2,1,Ninguno (solo mano de obra),5709.0,PS
OT-007393,PAR-009775,PS-EQ-08,2025-11-03 00:00:00,Preventiva,8.4,3,Faja/correa,2436.0,PS
OT-007394,PAR-009777,PS-EQ-08,2025-11-17 00:00:00,Correctiva,6.6,2,Motor eléctrico,7734.0,PS
OT-007395,PAR-009778,PS-EQ-08,2025-11-19 00:00:00,Preventiva,9.3,2,Ninguno (solo mano de obra),2009.0,PS
OT-007396,PAR-009780,PS-EQ-08,2025-11-21 00:00:00,Correctiva,6.3,1,Rodamiento,1527.0,PS
OT-007397,PAR-009781,PS-EQ-08,2025-11-30 00:00:00,Correctiva,1.6,3,Rodamiento,3470.0,PS
OT-007398,PAR-009782,PS-EQ-08,2025-12-01 00:00:00,Correctiva,4.8,1,Rodamiento,5416.0,PS
OT-007399,PAR-009783,PS-EQ-08,2025-12-04 00:00:00,Preventiva,11.9,2,Sensor/instrumento,639.0,PS
OT-007400,PAR-009786,PS-EQ-08,2025-12-11 00:00:00,Correctiva,13.0,3,Motor eléctrico,5093.0,PS
OT-007401,PAR-009787,PS-EQ-08,2025-12-13 00:00:00,Correctiva,10.0,1,Rodamiento,2539.0,PS
OT-007402,PAR-009788,PS-EQ-08,2025-12-18 00:00:00,Correctiva,6.7,3,Motor eléctrico,3494.0,PS
OT-007403,PAR-009789,PS-EQ-08,2025-12-21 00:00:00,Correctiva,2.0,1,Sello mecánico,1262.0,PS
OT-007404,PAR-009790,PS-EQ-08,2025-12-22 00:00:00,Preventiva,4.9,3,Faja/correa,749.0,PS
OT-007405,PAR-009791,PS-EQ-08,2025-12-22 00:00:00,Correctiva,31.1,2,indeterminado,1066.0,PS
OT-007406,PAR-009792,PS-EQ-08,2025-12-27 00:00:00,Correctiva,8.1,3,Faja/correa,2688.0,PS
OT-007407,PAR-009794,PS-EQ-08,2026-01-02 00:00:00,Correctiva,23.7,1,Rodamiento,7878.0,PS
OT-007408,PAR-009797,PS-EQ-08,2026-01-13 00:00:00,Correctiva,18.7,2,Rodamiento,828.0,PS
OT-007409,PAR-009798,PS-EQ-08,2026-01-14 00:00:00,Preventiva,7.5,1,Revestimiento (liner),2324.0,PS
OT-007410,PAR-009801,PS-EQ-08,2026-01-20 00:00:00,Correctiva,4.3,3,Revestimiento (liner),7142.0,PS
OT-007411,PAR-009802,PS-EQ-08,2026-01-22 00:00:00,Correctiva,16.1,3,Sensor/instrumento,7245.0,PS
OT-007412,PAR-009803,PS-EQ-08,2026-01-24 00:00:00,Correctiva,14.3,2,Ninguno (solo mano de obra),755.0,PS
OT-007413,PAR-009804,PS-EQ-08,2026-01-31 00:00:00,Preventiva,6.5,1,Faja/correa,1314.0,PS
OT-007414,PAR-009805,PS-EQ-08,2026-02-01 00:00:00,Correctiva,1.6,3,Faja/correa,4828.0,PS
OT-007415,PAR-009806,PS-EQ-08,2026-02-04 00:00:00,Correctiva,24.9,1,Faja/correa,7939.0,PS
OT-007416,PAR-009807,PS-EQ-08,2026-02-15 00:00:00,Correctiva,21.0,2,Revestimiento (liner),786.0,PS
OT-007417,PAR-009808,PS-EQ-08,2026-02-19 00:00:00,Preventiva,9.5,1,Faja/correa,2051.0,PS
OT-007418,PAR-009809,PS-EQ-08,2026-02-24 00:00:00,Correctiva,11.0,1,Faja/correa,7700.0,PS
OT-007419,PAR-009810,PS-EQ-08,2026-02-25 00:00:00,Correctiva,3.7,3,Faja/correa,1400.0,PS
OT-007420,PAR-009811,PS-EQ-08,2026-03-02 00:00:00,Correctiva,4.4,3,Sello mecánico,7575.0,PS
OT-007421,PAR-009812,PS-EQ-08,2026-03-03 00:00:00,Correctiva,31.0,1,Ninguno (solo mano de obra),4723.0,PS
OT-007422,PAR-009813,PS-EQ-08,2026-03-05 00:00:00,Correctiva,1.4,3,Rodamiento,6824.0,PS
OT-007423,PAR-009814,PS-EQ-08,2026-03-07 00:00:00,Preventiva,6.6,2,Sensor/instrumento,2328.0,PS
OT-007424,PAR-009815,PS-EQ-08,2026-03-09 00:00:00,Correctiva,17.1,1,Rodamiento,4222.0,PS
OT-007425,PAR-009816,PS-EQ-08,2026-03-16 00:00:00,Correctiva,11.2,1,Rodamiento,6140.0,PS
OT-007426,PAR-009817,PS-EQ-08,2026-03-17 00:00:00,Correctiva,2.4,1,Sensor/instrumento,3025.0,PS
OT-007427,PAR-009818,PS-EQ-08,2026-03-21 00:00:00,Correctiva,9.0,1,Sensor/instrumento,1656.0,PS
OT-007428,PAR-009819,PS-EQ-08,2026-03-24 00:00:00,Preventiva,8.8,1,Sensor/instrumento,2403.0,PS
OT-007429,PAR-009820,PS-EQ-08,2026-04-04 00:00:00,Correctiva,0.9,2,Sello mecánico,7677.0,PS
OT-007430,PAR-009821,PS-EQ-08,2026-04-07 00:00:00,Correctiva,4.1,1,Revestimiento (liner),6982.0,PS
OT-007431,PAR-009822,PS-EQ-08,2026-04-08 00:00:00,Preventiva,3.5,3,indeterminado,1600.0,PS
OT-007432,PAR-009823,PS-EQ-08,2026-04-10 00:00:00,Correctiva,11.0,3,Faja/correa,7752.0,PS
OT-007433,PAR-009824,PS-EQ-08,2026-04-13 00:00:00,Correctiva,23.4,3,Ninguno (solo mano de obra),4920.0,PS
OT-007434,PAR-009825,PS-EQ-08,2026-04-15 00:00:00,Correctiva,16.3,3,Revestimiento (liner),6386.0,PS
OT-007435,PAR-009827,PS-EQ-08,2026-04-24 00:00:00,Preventiva,7.2,1,Rodamiento,1745.0,PS
OT-007436,PAR-009829,PS-EQ-08,2026-05-14 00:00:00,Correctiva,9.0,1,Rodamiento,1087.0,PS
OT-007437,PAR-009830,PS-EQ-08,2026-05-17 00:00:00,Preventiva,9.6,3,Sello mecánico,770.0,PS
OT-007438,PAR-009832,PS-EQ-08,2026-05-23 00:00:00,Correctiva,0.7,1,Rodamiento,1503.0,PS
OT-007439,PAR-009833,PS-EQ-08,2026-05-25 00:00:00,Correctiva,7.6,3,Revestimiento (liner),998.0,PS
OT-007440,PAR-009834,PS-EQ-08,2026-05-28 00:00:00,Correctiva,6.5,1,Revestimiento (liner),5641.0,PS
OT-007441,PAR-009836,PS-EQ-08,2026-06-08 00:00:00,Preventiva,7.1,3,Rodamiento,2385.0,PS
OT-007442,PAR-009837,PS-EQ-08,2026-06-09 00:00:00,Correctiva,5.2,2,Motor eléctrico,1826.0,PS
OT-007443,PAR-009839,PS-EQ-08,2026-06-17 00:00:00,Correctiva,11.3,1,Sensor/instrumento,7464.0,PS
OT-007444,PAR-009840,PS-EQ-08,2026-06-26 00:00:00,Correctiva,5.0,1,Rodamiento,3523.0,PS
OT-007445,PAR-009841,PS-EQ-08,2026-06-29 00:00:00,Correctiva,5.2,2,Ninguno (solo mano de obra),3001.0,PS
OT-007446,PAR-009842,PS-EQ-08,2026-07-01 00:00:00,Preventiva,9.6,2,Revestimiento (liner),345.0,PS
OT-007447,PAR-009843,PS-EQ-08,2026-07-02 00:00:00,Correctiva,11.6,2,Rodamiento,7109.0,PS
OT-007448,PAR-009844,PS-EQ-08,2026-07-03 00:00:00,Correctiva,6.7,1,Faja/correa,4973.0,PS
OT-007449,PAR-009845,PS-EQ-08,2026-07-05 00:00:00,Correctiva,3.1,1,Faja/correa,5709.0,PS
OT-007450,PAR-009846,PS-EQ-08,2026-07-07 00:00:00,Correctiva,7.5,1,Sensor/instrumento,4579.0,PS
OT-007451,PAR-009847,PS-EQ-08,2026-07-09 00:00:00,Correctiva,0.6,1,Motor eléctrico,4299.0,PS
OT-007452,PAR-009849,PS-EQ-08,2026-07-23 00:00:00,Preventiva,10.4,1,Sello mecánico,356.0,PS
OT-007453,PAR-009851,PS-EQ-08,2026-07-29 00:00:00,Correctiva,10.4,3,Ninguno (solo mano de obra),2069.0,PS
OT-007454,PAR-009852,PS-EQ-08,2026-07-30 00:00:00,Correctiva,4.7,1,Revestimiento (liner),3174.0,PS
OT-007455,PAR-009855,PS-EQ-08,2026-08-09 00:00:00,Correctiva,0.4,1,Rodamiento,4566.0,PS
OT-007456,PAR-009856,PS-EQ-08,2026-08-10 00:00:00,Preventiva,11.8,2,Motor eléctrico,1722.0,PS
OT-007457,PAR-009857,PS-EQ-08,2026-08-12 00:00:00,Correctiva,16.3,3,Rodamiento,6108.0,PS
OT-007458,PAR-009858,PS-EQ-08,2026-08-21 00:00:00,Correctiva,11.1,3,Sello mecánico,3521.0,PS
OT-007459,PAR-009859,PS-EQ-08,2026-08-26 00:00:00,Correctiva,1.5,3,Revestimiento (liner),3110.0,PS
OT-007460,PAR-009860,PS-EQ-08,2026-09-02 00:00:00,Preventiva,10.5,1,Faja/correa,1190.0,PS
OT-007461,PAR-009862,PS-EQ-08,2026-09-19 00:00:00,Preventiva,9.6,3,Sello mecánico,2187.0,PS
OT-007462,PAR-009863,PS-EQ-08,2026-09-23 00:00:00,Correctiva,4.8,1,indeterminado,1331.0,PS
OT-007463,PAR-009864,PS-EQ-08,2026-09-28 00:00:00,Correctiva,12.6,1,Sensor/instrumento,4820.0,PS
OT-007464,PAR-009866,PS-EQ-08,2026-10-12 00:00:00,Preventiva,6.0,2,Ninguno (solo mano de obra),1807.0,PS
OT-007465,PAR-009868,PS-EQ-08,2026-10-25 00:00:00,Correctiva,0.8,1,Rodamiento,1460.0,PS
OT-007466,PAR-009869,PS-EQ-08,2026-10-28 00:00:00,Correctiva,25.7,2,Sensor/instrumento,7090.0,PS
OT-007467,PAR-009870,PS-EQ-08,2026-10-31 00:00:00,Preventiva,5.9,2,Sensor/instrumento,868.0,PS
OT-007468,PAR-009871,PS-EQ-08,2026-11-02 00:00:00,Correctiva,3.2,1,Revestimiento (liner),5673.0,PS
OT-007469,PAR-009873,PS-EQ-08,2026-11-16 00:00:00,Preventiva,11.8,3,Rodamiento,735.0,PS
OT-007470,PAR-009874,PS-EQ-08,2026-11-23 00:00:00,Correctiva,19.0,3,Sello mecánico,5951.0,PS
OT-007471,PAR-009876,PS-EQ-08,2026-11-25 00:00:00,Correctiva,7.2,1,Faja/correa,2610.0,PS
OT-007472,PAR-009877,PS-EQ-08,2026-12-02 00:00:00,Correctiva,8.3,2,Rodamiento,6423.0,PS
OT-007473,PAR-009878,PS-EQ-08,2026-12-05 00:00:00,Correctiva,0.6,2,Revestimiento (liner),4052.0,PS
OT-007474,PAR-009879,PS-EQ-08,2026-12-09 00:00:00,Preventiva,5.1,1,Motor eléctrico,1917.0,PS
OT-007475,PAR-009880,PS-EQ-08,2026-12-14 00:00:00,Correctiva,5.0,1,Motor eléctrico,4852.0,PS
OT-007476,PAR-009881,PS-EQ-08,2026-12-20 00:00:00,Correctiva,8.5,3,Sello mecánico,2878.0,PS
OT-007477,PAR-009883,PS-EQ-08,2026-12-24 00:00:00,Preventiva,11.4,2,Ninguno (solo mano de obra),807.0,PS
OT-007478,PAR-009885,PS-EQ-08,2026-12-27 00:00:00,Correctiva,6.9,1,Ninguno (solo mano de obra),7946.0,PS
OT-007479,PAR-009886,PS-EQ-08,2027-01-07 00:00:00,Preventiva,9.3,1,Motor eléctrico,425.0,PS
OT-007480,PAR-009887,PS-EQ-08,2027-01-11 00:00:00,Correctiva,21.7,2,Faja/correa,5727.0,PS
OT-007481,PAR-009888,PS-EQ-08,2027-01-13 00:00:00,Correctiva,14.7,1,Rodamiento,2772.0,PS
OT-007482,PAR-009891,PS-EQ-08,2027-01-22 00:00:00,Preventiva,12.6,2,Faja/correa,480.0,PS
OT-007483,PAR-009892,PS-EQ-08,2027-01-23 00:00:00,Correctiva,15.3,2,Ninguno (solo mano de obra),3422.0,PS
OT-007484,PAR-009893,PS-EQ-08,2027-01-29 00:00:00,Correctiva,1.7,2,Revestimiento (liner),3262.0,PS
OT-007485,PAR-009894,PS-EQ-08,2027-02-05 00:00:00,Correctiva,2.6,2,Sensor/instrumento,455.0,PS
OT-007486,PAR-009895,PS-EQ-08,2027-02-10 00:00:00,Preventiva,4.6,2,Revestimiento (liner),1290.0,PS
OT-007487,PAR-009897,PS-EQ-08,2027-02-11 00:00:00,Correctiva,6.2,1,Sello mecánico,5258.0,PS
OT-007488,PAR-009898,PS-EQ-08,2027-02-16 00:00:00,Correctiva,3.8,2,Sensor/instrumento,3303.0,PS
OT-007489,PAR-009899,PS-EQ-08,2027-02-19 00:00:00,Correctiva,4.9,2,Rodamiento,7097.0,PS
OT-007490,PAR-009900,PS-EQ-08,2027-02-21 00:00:00,Correctiva,6.0,2,Sello mecánico,6234.0,PS
OT-007491,PAR-009901,PS-EQ-08,2027-02-28 00:00:00,Preventiva,11.0,2,Rodamiento,171.0,PS
OT-007492,PAR-009902,PS-EQ-08,2027-03-02 00:00:00,Correctiva,0.7,2,Ninguno (solo mano de obra),1202.0,PS
OT-007493,PAR-009904,PS-EQ-08,2027-03-20 00:00:00,Preventiva,8.5,3,Faja/correa,2023.0,PS
OT-007494,PAR-009906,PS-EQ-08,2027-03-25 00:00:00,Correctiva,12.5,3,indeterminado,815.0,PS
OT-007495,PAR-009909,PS-EQ-08,2027-04-05 00:00:00,Preventiva,9.3,3,Ninguno (solo mano de obra),137.0,PS
OT-007496,PAR-009911,PS-EQ-08,2027-04-11 00:00:00,Correctiva,18.6,1,Faja/correa,2437.0,PS
OT-007497,PAR-009913,PS-EQ-08,2027-04-24 00:00:00,Preventiva,5.1,3,Ninguno (solo mano de obra),1807.0,PS
OT-007498,PAR-009914,PS-EQ-08,2027-05-09 00:00:00,Preventiva,9.7,3,Sello mecánico,891.0,PS
OT-007499,PAR-009916,PS-EQ-08,2027-05-25 00:00:00,Preventiva,6.5,1,Sello mecánico,1512.0,PS
OT-007500,PAR-009917,PS-EQ-08,2027-05-28 00:00:00,Correctiva,6.7,3,Faja/correa,2330.0,PS
OT-007501,PAR-009918,PS-EQ-08,2027-06-03 00:00:00,Correctiva,7.7,3,Revestimiento (liner),5062.0,PS
OT-007502,PAR-009919,PS-EQ-08,2027-06-05 00:00:00,Correctiva,5.9,3,Rodamiento,3946.0,PS
OT-007503,PAR-009920,PS-EQ-08,2027-06-09 00:00:00,Preventiva,10.9,3,Faja/correa,751.0,PS
OT-007504,PAR-009921,PS-EQ-08,2027-06-10 00:00:00,Correctiva,1.7,1,Ninguno (solo mano de obra),3871.0,PS
OT-007505,PAR-009922,PS-EQ-08,2027-06-19 00:00:00,Correctiva,15.4,2,Sensor/instrumento,3445.0,PS
OT-007506,PAR-009923,PS-EQ-08,2027-06-26 00:00:00,Preventiva,11.8,3,Rodamiento,818.0,PS
OT-007507,PAR-009924,PS-EQ-08,2027-06-28 00:00:00,Correctiva,0.5,2,Ninguno (solo mano de obra),2920.0,PS
OT-007508,PAR-009925,PS-EQ-08,2027-06-29 00:00:00,Correctiva,7.5,2,Sensor/instrumento,512.0,PS
OT-007509,PAR-009928,PS-EQ-08,2027-07-17 00:00:00,Correctiva,14.6,2,indeterminado,6501.0,PS
OT-007510,PAR-009929,PS-EQ-08,2027-07-18 00:00:00,Preventiva,10.8,1,Sello mecánico,334.0,PS
OT-007511,PAR-009930,PS-EQ-08,2027-07-19 00:00:00,Correctiva,0.7,2,Revestimiento (liner),700.0,PS
OT-007512,PAR-009931,PS-EQ-08,2027-07-30 00:00:00,Correctiva,7.3,1,Faja/correa,1486.0,PS
OT-007513,PAR-009932,PS-EQ-08,2027-08-01 00:00:00,Correctiva,9.5,3,Revestimiento (liner),1765.0,PS
OT-007514,PAR-009934,PS-EQ-08,2027-08-06 00:00:00,Preventiva,8.6,1,Faja/correa,1763.0,PS
OT-007515,PAR-009936,PS-EQ-08,2027-08-25 00:00:00,Preventiva,9.1,1,Revestimiento (liner),2161.0,PS
OT-007516,PAR-009937,PS-EQ-08,2027-08-25 00:00:00,Correctiva,4.2,1,Ninguno (solo mano de obra),89.0,PS
OT-007517,PAR-009939,PS-EQ-08,2027-09-08 00:00:00,Preventiva,7.8,2,Ninguno (solo mano de obra),311.0,PS
OT-007518,PAR-009941,PS-EQ-08,2027-09-15 00:00:00,Correctiva,5.6,3,Rodamiento,2245.0,PS
OT-007519,PAR-009942,PS-EQ-08,2027-09-26 00:00:00,Preventiva,9.9,3,Ninguno (solo mano de obra),2326.0,PS
OT-007520,PAR-009944,PS-EQ-08,2027-10-04 00:00:00,Correctiva,7.0,1,Faja/correa,5819.0,PS
OT-007521,PAR-009945,PS-EQ-08,2027-10-12 00:00:00,Preventiva,5.1,1,Sensor/instrumento,1110.0,PS
OT-007522,PAR-009946,PS-EQ-08,2027-10-16 00:00:00,Correctiva,3.9,3,Rodamiento,1739.0,PS
OT-007523,PAR-009948,PS-EQ-08,2027-10-25 00:00:00,Correctiva,3.9,3,Revestimiento (liner),3717.0,PS
OT-007524,PAR-009949,PS-EQ-08,2027-10-29 00:00:00,Correctiva,4.8,2,Motor eléctrico,779.0,PS
OT-007525,PAR-009951,PS-EQ-08,2027-11-02 00:00:00,Preventiva,7.2,2,Motor eléctrico,453.0,PS
OT-007526,PAR-009952,PS-EQ-08,2027-11-02 00:00:00,Correctiva,9.1,2,Sello mecánico,2609.0,PS
OT-007527,PAR-009953,PS-EQ-08,2027-11-03 00:00:00,Correctiva,7.1,3,Ninguno (solo mano de obra),1074.0,PS
OT-007528,PAR-009956,PS-EQ-08,2027-11-18 00:00:00,Preventiva,13.3,2,Revestimiento (liner),2375.0,PS
OT-007529,PAR-009960,PS-EQ-08,2027-12-01 00:00:00,Correctiva,16.2,2,Revestimiento (liner),2978.0,PS
OT-007530,PAR-009961,PS-EQ-08,2027-12-05 00:00:00,Preventiva,6.7,1,Revestimiento (liner),387.0,PS
OT-007531,PAR-009962,PS-EQ-08,2027-12-10 00:00:00,Correctiva,17.1,2,Sensor/instrumento,4577.0,PS
OT-007532,PAR-009964,PS-EQ-08,2027-12-18 00:00:00,Correctiva,4.5,1,Sensor/instrumento,2633.0,PS
OT-007533,PAR-009965,PS-EQ-08,2027-12-22 00:00:00,Correctiva,21.1,2,Rodamiento,6372.0,PS
OT-007534,PAR-009966,PS-EQ-08,2027-12-26 00:00:00,Preventiva,4.8,3,Rodamiento,1831.0,PS
OT-007535,PAR-009967,PS-EQ-09,2024-01-01 00:00:00,Correctiva,0.6,2,Sello mecánico,3687.0,PS
OT-007536,PAR-009968,PS-EQ-09,2024-01-06 00:00:00,Correctiva,1.7,3,Sello mecánico,7140.0,PS
OT-007537,PAR-009970,PS-EQ-09,2024-01-18 00:00:00,Preventiva,7.4,2,Sensor/instrumento,1385.0,PS
OT-007538,PAR-009972,PS-EQ-09,2024-01-25 00:00:00,Correctiva,1.9,2,Motor eléctrico,3304.0,PS
OT-007539,PAR-009973,PS-EQ-09,2024-01-30 00:00:00,Correctiva,2.9,2,Sensor/instrumento,2486.0,PS
OT-007540,PAR-009975,PS-EQ-09,2024-02-07 00:00:00,Preventiva,6.0,3,Faja/correa,2355.0,PS
OT-007541,PAR-009976,PS-EQ-09,2024-02-14 00:00:00,Correctiva,8.7,3,Ninguno (solo mano de obra),7997.0,PS
OT-007542,PAR-009977,PS-EQ-09,2024-02-16 00:00:00,Correctiva,1.9,3,Motor eléctrico,7217.0,PS
OT-007543,PAR-009978,PS-EQ-09,2024-02-18 00:00:00,Correctiva,1.9,2,Rodamiento,5524.0,PS
OT-007544,PAR-009979,PS-EQ-09,2024-02-23 00:00:00,Correctiva,1.1,2,Rodamiento,1681.0,PS
OT-007545,PAR-009980,PS-EQ-09,2024-02-24 00:00:00,Preventiva,9.0,2,Sello mecánico,1581.0,PS
OT-007546,PAR-009982,PS-EQ-09,2024-03-05 00:00:00,Correctiva,0.7,2,Revestimiento (liner),4507.0,PS
OT-007547,PAR-009983,PS-EQ-09,2024-03-14 00:00:00,Preventiva,8.5,1,Faja/correa,1493.0,PS
OT-007548,PAR-009984,PS-EQ-09,2024-04-01 00:00:00,Preventiva,4.4,1,Sensor/instrumento,583.0,PS
OT-007549,PAR-009985,PS-EQ-09,2024-04-08 00:00:00,Correctiva,0.7,1,Faja/correa,1046.0,PS
OT-007550,PAR-009986,PS-EQ-09,2024-04-16 00:00:00,Preventiva,8.9,2,Faja/correa,868.0,PS
OT-007551,PAR-009988,PS-EQ-09,2024-05-01 00:00:00,Correctiva,6.3,3,Rodamiento,6890.0,PS
OT-007552,PAR-009989,PS-EQ-09,2024-05-04 00:00:00,Preventiva,11.1,3,Rodamiento,1311.0,PS
OT-007553,PAR-009991,PS-EQ-09,2024-05-14 00:00:00,Correctiva,3.0,2,Motor eléctrico,2951.0,PS
OT-007554,PAR-009993,PS-EQ-09,2024-05-23 00:00:00,Preventiva,10.4,3,Ninguno (solo mano de obra),240.0,PS
OT-007555,PAR-009998,PS-EQ-09,2024-06-14 00:00:00,Preventiva,10.8,1,Sensor/instrumento,2385.0,PS
OT-007556,PAR-010000,PS-EQ-09,2024-06-29 00:00:00,Preventiva,9.0,2,Ninguno (solo mano de obra),972.0,PS
OT-007557,PAR-010001,PS-EQ-09,2024-07-08 00:00:00,Correctiva,0.4,2,Sensor/instrumento,5234.0,PS
OT-007558,PAR-010003,PS-EQ-09,2024-07-16 00:00:00,Correctiva,6.1,1,Rodamiento,2513.0,PS
OT-007559,PAR-010004,PS-EQ-09,2024-07-22 00:00:00,Preventiva,13.4,2,Rodamiento,1236.0,PS
OT-007560,PAR-010007,PS-EQ-09,2024-08-07 00:00:00,Preventiva,9.1,1,Ninguno (solo mano de obra),170.0,PS
OT-007561,PAR-010010,PS-EQ-09,2024-08-20 00:00:00,Correctiva,6.5,2,Faja/correa,1957.0,PS
OT-007562,PAR-010011,PS-EQ-09,2024-08-22 00:00:00,Preventiva,7.7,1,Rodamiento,832.0,PS
OT-007563,PAR-010012,PS-EQ-09,2024-09-09 00:00:00,Preventiva,6.2,3,Faja/correa,2015.0,PS
OT-007564,PAR-010013,PS-EQ-09,2024-09-17 00:00:00,Correctiva,10.5,2,Sello mecánico,4010.0,PS
OT-007565,PAR-010015,PS-EQ-09,2024-10-01 00:00:00,Correctiva,8.7,1,Faja/correa,782.0,PS
OT-007566,PAR-010016,PS-EQ-09,2024-10-02 00:00:00,Preventiva,7.6,2,Sensor/instrumento,1434.0,PS
OT-007567,PAR-010017,PS-EQ-09,2024-10-13 00:00:00,Correctiva,1.7,2,Sensor/instrumento,7675.0,PS
OT-007568,PAR-010018,PS-EQ-09,2024-10-23 00:00:00,Preventiva,5.2,2,Ninguno (solo mano de obra),1176.0,PS
OT-007569,PAR-010020,PS-EQ-09,2024-10-24 00:00:00,Correctiva,0.9,1,Ninguno (solo mano de obra),1862.0,PS
OT-007570,PAR-010021,PS-EQ-09,2024-11-04 00:00:00,Correctiva,2.2,3,Sello mecánico,5831.0,PS
OT-007571,PAR-010022,PS-EQ-09,2024-11-07 00:00:00,Correctiva,4.2,2,Ninguno (solo mano de obra),69.0,PS
OT-007572,PAR-010023,PS-EQ-09,2024-11-10 00:00:00,Preventiva,6.7,2,Rodamiento,1277.0,PS
OT-007573,PAR-010024,PS-EQ-09,2024-11-18 00:00:00,Correctiva,4.1,2,indeterminado,516.0,PS
OT-007574,PAR-010025,PS-EQ-09,2024-11-21 00:00:00,Correctiva,9.1,1,Revestimiento (liner),1671.0,PS
OT-007575,PAR-010026,PS-EQ-09,2024-11-24 00:00:00,Correctiva,3.1,3,Rodamiento,2900.0,PS
OT-007576,PAR-010028,PS-EQ-09,2024-11-30 00:00:00,Correctiva,0.9,3,Revestimiento (liner),5615.0,PS
OT-007577,PAR-010029,PS-EQ-09,2024-12-01 00:00:00,Preventiva,5.5,2,Motor eléctrico,1624.0,PS
OT-007578,PAR-010030,PS-EQ-09,2024-12-13 00:00:00,Correctiva,5.9,1,Revestimiento (liner),3511.0,PS
OT-007579,PAR-010032,PS-EQ-09,2024-12-20 00:00:00,Correctiva,9.7,2,Faja/correa,5869.0,PS
OT-007580,PAR-010033,PS-EQ-09,2024-12-23 00:00:00,Preventiva,9.1,1,Rodamiento,2227.0,PS
OT-007581,PAR-010034,PS-EQ-09,2024-12-26 00:00:00,Correctiva,22.5,1,Faja/correa,888.0,PS
OT-007582,PAR-010036,PS-EQ-09,2025-01-07 00:00:00,Preventiva,7.8,3,Rodamiento,1670.0,PS
OT-007583,PAR-010039,PS-EQ-09,2025-01-11 00:00:00,Correctiva,13.7,3,Revestimiento (liner),7363.0,PS
OT-007584,PAR-010041,PS-EQ-09,2025-01-23 00:00:00,Preventiva,4.8,1,Faja/correa,485.0,PS
OT-007585,PAR-010043,PS-EQ-09,2025-02-04 00:00:00,Correctiva,17.3,1,Ninguno (solo mano de obra),447.0,PS
OT-007586,PAR-010045,PS-EQ-09,2025-02-06 00:00:00,Correctiva,5.8,1,Faja/correa,7451.0,PS
OT-007587,PAR-010046,PS-EQ-09,2025-02-13 00:00:00,Preventiva,7.8,1,Sello mecánico,1058.0,PS
OT-007588,PAR-010047,PS-EQ-09,2025-02-14 00:00:00,Correctiva,0.6,2,Faja/correa,2107.0,PS
OT-007589,PAR-010048,PS-EQ-09,2025-02-25 00:00:00,Correctiva,4.9,2,Sello mecánico,629.0,PS
OT-007590,PAR-010049,PS-EQ-09,2025-02-28 00:00:00,Preventiva,10.3,3,Ninguno (solo mano de obra),2351.0,PS
OT-007591,PAR-010052,PS-EQ-09,2025-03-10 00:00:00,Correctiva,4.2,1,Revestimiento (liner),6078.0,PS
OT-007592,PAR-010054,PS-EQ-09,2025-03-20 00:00:00,Preventiva,6.2,1,Sello mecánico,1429.0,PS
OT-007593,PAR-010056,PS-EQ-09,2025-03-29 00:00:00,Correctiva,2.7,1,Ninguno (solo mano de obra),5967.0,PS
OT-007594,PAR-010058,PS-EQ-09,2025-04-06 00:00:00,Correctiva,3.7,3,Motor eléctrico,1076.0,PS
OT-007595,PAR-010059,PS-EQ-09,2025-04-11 00:00:00,Preventiva,12.8,1,Sello mecánico,285.0,PS
OT-007596,PAR-010060,PS-EQ-09,2025-04-11 00:00:00,Correctiva,8.6,2,Rodamiento,5929.0,PS
OT-007597,PAR-010061,PS-EQ-09,2025-04-28 00:00:00,Correctiva,6.0,1,Ninguno (solo mano de obra),1136.0,PS
OT-007598,PAR-010062,PS-EQ-09,2025-04-30 00:00:00,Preventiva,8.3,1,Sello mecánico,1170.0,PS
OT-007599,PAR-010064,PS-EQ-09,2025-05-15 00:00:00,Correctiva,18.0,3,Ninguno (solo mano de obra),6875.0,PS
OT-007600,PAR-010065,PS-EQ-09,2025-05-16 00:00:00,Correctiva,4.7,1,Sello mecánico,4168.0,PS
OT-007601,PAR-010066,PS-EQ-09,2025-05-17 00:00:00,Correctiva,9.3,3,Ninguno (solo mano de obra),3101.0,PS
OT-007602,PAR-010067,PS-EQ-09,2025-05-23 00:00:00,Preventiva,4.6,3,Motor eléctrico,843.0,PS
OT-007603,PAR-010069,PS-EQ-09,2025-06-12 00:00:00,Preventiva,9.3,3,Sello mecánico,9.0,PS
OT-007604,PAR-010070,PS-EQ-09,2025-06-12 00:00:00,Correctiva,1.3,1,Ninguno (solo mano de obra),2654.0,PS
OT-007605,PAR-010072,PS-EQ-09,2025-06-13 00:00:00,Correctiva,17.4,3,Sensor/instrumento,1046.0,PS
OT-007606,PAR-010074,PS-EQ-09,2025-06-29 00:00:00,Preventiva,7.6,1,Sello mecánico,601.0,PS
OT-007607,PAR-010075,PS-EQ-09,2025-06-29 00:00:00,Correctiva,11.5,1,Revestimiento (liner),7584.0,PS
OT-007608,PAR-010076,PS-EQ-09,2025-07-01 00:00:00,Correctiva,13.7,1,Rodamiento,4837.0,PS
OT-007609,PAR-010078,PS-EQ-09,2025-07-13 00:00:00,Preventiva,6.4,2,Faja/correa,1947.0,PS
OT-007610,PAR-010080,PS-EQ-09,2025-07-24 00:00:00,Correctiva,5.8,1,Motor eléctrico,3996.0,PS
OT-007611,PAR-010082,PS-EQ-09,2025-08-01 00:00:00,Correctiva,4.0,1,Sello mecánico,1355.0,PS
OT-007612,PAR-010083,PS-EQ-09,2025-08-03 00:00:00,Preventiva,7.7,1,Sensor/instrumento,1416.0,PS
OT-007613,PAR-010084,PS-EQ-09,2025-08-10 00:00:00,Correctiva,10.1,1,Faja/correa,5613.0,PS
OT-007614,PAR-010085,PS-EQ-09,2025-08-18 00:00:00,Correctiva,4.2,3,Revestimiento (liner),6038.0,PS
OT-007615,PAR-010086,PS-EQ-09,2025-08-20 00:00:00,Preventiva,5.3,2,Sensor/instrumento,1678.0,PS
OT-007616,PAR-010087,PS-EQ-09,2025-08-26 00:00:00,Correctiva,1.9,2,Rodamiento,7720.0,PS
OT-007617,PAR-010090,PS-EQ-09,2025-09-09 00:00:00,Correctiva,2.0,1,Revestimiento (liner),511.0,PS
OT-007618,PAR-010091,PS-EQ-09,2025-09-10 00:00:00,Preventiva,6.9,2,Ninguno (solo mano de obra),1879.0,PS
OT-007619,PAR-010092,PS-EQ-09,2025-09-15 00:00:00,Correctiva,11.6,3,Sello mecánico,329.0,PS
OT-007620,PAR-010094,PS-EQ-09,2025-09-18 00:00:00,Correctiva,0.9,3,Sello mecánico,7388.0,PS
OT-007621,PAR-010095,PS-EQ-09,2025-09-23 00:00:00,Correctiva,12.6,1,Sensor/instrumento,6833.0,PS
OT-007622,PAR-010096,PS-EQ-09,2025-09-24 00:00:00,Preventiva,7.8,3,Rodamiento,1211.0,PS
OT-007623,PAR-010098,PS-EQ-09,2025-10-02 00:00:00,Correctiva,5.3,2,Revestimiento (liner),4722.0,PS
OT-007624,PAR-010101,PS-EQ-09,2025-10-11 00:00:00,Preventiva,5.5,1,indeterminado,1945.0,PS
OT-007625,PAR-010102,PS-EQ-09,2025-10-13 00:00:00,Correctiva,1.4,2,Rodamiento,4190.0,PS
OT-007626,PAR-010104,PS-EQ-09,2025-11-01 00:00:00,Preventiva,4.1,2,Ninguno (solo mano de obra),1379.0,PS
OT-007627,PAR-010105,PS-EQ-09,2025-11-13 00:00:00,Correctiva,7.9,1,Rodamiento,7229.0,PS
OT-007628,PAR-010106,PS-EQ-09,2025-11-18 00:00:00,Correctiva,2.6,1,Sello mecánico,1624.0,PS
OT-007629,PAR-010107,PS-EQ-09,2025-11-21 00:00:00,Preventiva,7.7,3,Faja/correa,1386.0,PS
OT-007630,PAR-010108,PS-EQ-09,2025-12-06 00:00:00,Preventiva,3.7,1,Rodamiento,1902.0,PS
OT-007631,PAR-010109,PS-EQ-09,2025-12-26 00:00:00,Preventiva,4.7,1,Faja/correa,1424.0,PS
OT-007632,PAR-010111,PS-EQ-09,2026-01-01 00:00:00,Correctiva,0.8,1,Rodamiento,3362.0,PS
OT-007633,PAR-010112,PS-EQ-09,2026-01-02 00:00:00,Correctiva,9.2,1,indeterminado,4780.0,PS
OT-007634,PAR-010115,PS-EQ-09,2026-01-17 00:00:00,Preventiva,4.3,3,Motor eléctrico,482.0,PS
OT-007635,PAR-010116,PS-EQ-09,2026-02-07 00:00:00,Preventiva,5.7,1,Faja/correa,1040.0,PS
OT-007636,PAR-010117,PS-EQ-09,2026-02-15 00:00:00,Correctiva,6.3,2,Sello mecánico,1258.0,PS
OT-007637,PAR-010118,PS-EQ-09,2026-02-22 00:00:00,Preventiva,10.0,2,Rodamiento,2402.0,PS
OT-007638,PAR-010119,PS-EQ-09,2026-02-25 00:00:00,Correctiva,2.7,3,Motor eléctrico,4066.0,PS
OT-007639,PAR-010120,PS-EQ-09,2026-03-06 00:00:00,Correctiva,2.5,1,Sensor/instrumento,1702.0,PS
OT-007640,PAR-010121,PS-EQ-09,2026-03-13 00:00:00,Preventiva,8.6,1,Faja/correa,649.0,PS
OT-007641,PAR-010122,PS-EQ-09,2026-03-17 00:00:00,Correctiva,1.1,2,Motor eléctrico,4144.0,PS
OT-007642,PAR-010123,PS-EQ-09,2026-03-18 00:00:00,Correctiva,1.0,1,Sello mecánico,4473.0,PS
OT-007643,PAR-010126,PS-EQ-09,2026-03-28 00:00:00,Preventiva,7.0,2,Motor eléctrico,317.0,PS
OT-007644,PAR-010130,PS-EQ-09,2026-04-20 00:00:00,Preventiva,9.4,1,Revestimiento (liner),1642.0,PS
OT-007645,PAR-010131,PS-EQ-09,2026-04-30 00:00:00,Correctiva,5.5,2,Revestimiento (liner),511.0,PS
OT-007646,PAR-010132,PS-EQ-09,2026-05-05 00:00:00,Preventiva,6.9,3,Motor eléctrico,2272.0,PS
OT-007647,PAR-010134,PS-EQ-09,2026-05-16 00:00:00,Correctiva,11.8,1,Ninguno (solo mano de obra),2271.0,PS
OT-007648,PAR-010136,PS-EQ-09,2026-05-26 00:00:00,Preventiva,4.7,2,Sensor/instrumento,1676.0,PS
OT-007649,PAR-010139,PS-EQ-09,2026-06-17 00:00:00,Preventiva,5.0,2,Sensor/instrumento,413.0,PS
OT-007650,PAR-010140,PS-EQ-09,2026-06-26 00:00:00,Correctiva,2.8,1,Rodamiento,137.0,PS
OT-007651,PAR-010141,PS-EQ-09,2026-07-03 00:00:00,Preventiva,4.5,3,Ninguno (solo mano de obra),99.0,PS
OT-007652,PAR-010142,PS-EQ-09,2026-07-19 00:00:00,Correctiva,4.6,3,Motor eléctrico,7452.0,PS
OT-007653,PAR-010143,PS-EQ-09,2026-07-21 00:00:00,Correctiva,4.3,1,Ninguno (solo mano de obra),3942.0,PS
OT-007654,PAR-010144,PS-EQ-09,2026-07-24 00:00:00,Preventiva,5.9,2,Ninguno (solo mano de obra),205.0,PS
OT-007655,PAR-010145,PS-EQ-09,2026-07-24 00:00:00,Correctiva,8.7,3,Ninguno (solo mano de obra),5517.0,PS
OT-007656,PAR-010147,PS-EQ-09,2026-08-02 00:00:00,Correctiva,9.1,2,Faja/correa,1882.0,PS
OT-007657,PAR-010148,PS-EQ-09,2026-08-13 00:00:00,Preventiva,7.9,3,Motor eléctrico,1410.0,PS
OT-007658,PAR-010151,PS-EQ-09,2026-09-05 00:00:00,Preventiva,6.4,3,Faja/correa,1293.0,PS
OT-007659,PAR-010154,PS-EQ-09,2026-09-22 00:00:00,Correctiva,0.4,2,Motor eléctrico,1879.0,PS
OT-007660,PAR-010156,PS-EQ-09,2026-09-25 00:00:00,Preventiva,7.6,2,Sello mecánico,364.0,PS
OT-007661,PAR-010157,PS-EQ-09,2026-10-02 00:00:00,Correctiva,1.1,1,Rodamiento,5088.0,PS
OT-007662,PAR-010159,PS-EQ-09,2026-10-09 00:00:00,Correctiva,20.0,3,Sensor/instrumento,3205.0,PS
OT-007663,PAR-010160,PS-EQ-09,2026-10-16 00:00:00,Preventiva,5.9,3,Sello mecánico,2187.0,PS
OT-007664,PAR-010161,PS-EQ-09,2026-10-16 00:00:00,Correctiva,5.7,2,Revestimiento (liner),2449.0,PS
OT-007665,PAR-010162,PS-EQ-09,2026-10-27 00:00:00,Correctiva,11.0,1,Revestimiento (liner),2053.0,PS
OT-007666,PAR-010163,PS-EQ-09,2026-10-30 00:00:00,Preventiva,4.2,3,Sensor/instrumento,480.0,PS
OT-007667,PAR-010164,PS-EQ-09,2026-10-31 00:00:00,Correctiva,3.7,1,Motor eléctrico,6192.0,PS
OT-007668,PAR-010166,PS-EQ-09,2026-11-09 00:00:00,Correctiva,2.8,2,Motor eléctrico,6650.0,PS
OT-007669,PAR-010168,PS-EQ-09,2026-11-16 00:00:00,Correctiva,19.9,2,Revestimiento (liner),1935.0,PS
OT-007670,PAR-010169,PS-EQ-09,2026-11-17 00:00:00,Correctiva,3.3,2,Motor eléctrico,7117.0,PS
OT-007671,PAR-010170,PS-EQ-09,2026-11-18 00:00:00,Correctiva,0.8,3,Rodamiento,4655.0,PS
OT-007672,PAR-010171,PS-EQ-09,2026-11-20 00:00:00,Preventiva,7.3,1,Rodamiento,285.0,PS
OT-007673,PAR-010172,PS-EQ-09,2026-12-01 00:00:00,Correctiva,0.6,2,Revestimiento (liner),5312.0,PS
OT-007674,PAR-010173,PS-EQ-09,2026-12-06 00:00:00,Preventiva,6.4,3,Sello mecánico,385.0,PS
OT-007675,PAR-010175,PS-EQ-09,2026-12-20 00:00:00,Correctiva,0.5,1,Ninguno (solo mano de obra),1345.0,PS
OT-007676,PAR-010176,PS-EQ-09,2026-12-22 00:00:00,Preventiva,8.0,3,Motor eléctrico,1274.0,PS
OT-007677,PAR-010179,PS-EQ-09,2027-01-05 00:00:00,Correctiva,16.8,2,Faja/correa,7406.0,PS
OT-007678,PAR-010180,PS-EQ-09,2027-01-11 00:00:00,Preventiva,5.9,2,Revestimiento (liner),1370.0,PS
OT-007679,PAR-010181,PS-EQ-09,2027-01-20 00:00:00,Correctiva,3.7,3,Sensor/instrumento,5264.0,PS
OT-007680,PAR-010182,PS-EQ-09,2027-01-22 00:00:00,Correctiva,2.0,1,Sensor/instrumento,5354.0,PS
OT-007681,PAR-010184,PS-EQ-09,2027-01-27 00:00:00,Preventiva,7.2,3,Ninguno (solo mano de obra),2417.0,PS
OT-007682,PAR-010185,PS-EQ-09,2027-02-07 00:00:00,Correctiva,10.7,3,Revestimiento (liner),3843.0,PS
OT-007683,PAR-010186,PS-EQ-09,2027-02-12 00:00:00,Preventiva,6.3,2,Faja/correa,2300.0,PS
OT-007684,PAR-010188,PS-EQ-09,2027-02-27 00:00:00,Correctiva,0.6,2,Rodamiento,5265.0,PS
OT-007685,PAR-010190,PS-EQ-09,2027-03-02 00:00:00,Correctiva,1.9,3,Motor eléctrico,6351.0,PS
OT-007686,PAR-010191,PS-EQ-09,2027-03-05 00:00:00,Preventiva,10.9,1,Ninguno (solo mano de obra),1501.0,PS
OT-007687,PAR-010192,PS-EQ-09,2027-03-10 00:00:00,Correctiva,0.5,3,Rodamiento,5630.0,PS
OT-007688,PAR-010195,PS-EQ-09,2027-03-28 00:00:00,Preventiva,6.4,3,Rodamiento,1820.0,PS
OT-007689,PAR-010196,PS-EQ-09,2027-04-13 00:00:00,Correctiva,5.2,2,Revestimiento (liner),5070.0,PS
OT-007690,PAR-010197,PS-EQ-09,2027-04-14 00:00:00,Preventiva,8.7,3,Motor eléctrico,1686.0,PS
OT-007691,PAR-010198,PS-EQ-09,2027-04-14 00:00:00,Correctiva,9.4,2,Sensor/instrumento,884.0,PS
OT-007692,PAR-010200,PS-EQ-09,2027-04-17 00:00:00,Correctiva,0.7,3,Ninguno (solo mano de obra),3360.0,PS
OT-007693,PAR-010201,PS-EQ-09,2027-05-04 00:00:00,Preventiva,11.1,1,Ninguno (solo mano de obra),1964.0,PS
OT-007694,PAR-010203,PS-EQ-09,2027-05-22 00:00:00,Correctiva,3.3,2,Sensor/instrumento,6601.0,PS
OT-007695,PAR-010204,PS-EQ-09,2027-05-26 00:00:00,Preventiva,7.3,2,Sello mecánico,2216.0,PS
OT-007696,PAR-010205,PS-EQ-09,2027-05-30 00:00:00,Correctiva,3.7,3,Revestimiento (liner),3702.0,PS
OT-007697,PAR-010206,PS-EQ-09,2027-06-10 00:00:00,Correctiva,16.5,1,Sello mecánico,5716.0,PS
OT-007698,PAR-010207,PS-EQ-09,2027-06-11 00:00:00,Preventiva,6.3,2,Revestimiento (liner),1281.0,PS
OT-007699,PAR-010208,PS-EQ-09,2027-06-28 00:00:00,Preventiva,9.3,1,Rodamiento,1098.0,PS
OT-007700,PAR-010211,PS-EQ-09,2027-07-16 00:00:00,Preventiva,6.0,2,Faja/correa,15.0,PS
OT-007701,PAR-010212,PS-EQ-09,2027-07-16 00:00:00,Correctiva,3.1,3,Faja/correa,4617.0,PS
OT-007702,PAR-010213,PS-EQ-09,2027-07-28 00:00:00,Correctiva,23.6,1,Revestimiento (liner),4820.0,PS
OT-007703,PAR-010214,PS-EQ-09,2027-08-08 00:00:00,Preventiva,10.8,3,Motor eléctrico,1175.0,PS
OT-007704,PAR-010215,PS-EQ-09,2027-08-19 00:00:00,Correctiva,11.4,1,Motor eléctrico,5195.0,PS
OT-007705,PAR-010216,PS-EQ-09,2027-08-31 00:00:00,Preventiva,6.8,2,Revestimiento (liner),1713.0,PS
OT-007706,PAR-010219,PS-EQ-09,2027-09-16 00:00:00,Preventiva,6.3,3,Sello mecánico,2290.0,PS
OT-007707,PAR-010221,PS-EQ-09,2027-10-06 00:00:00,Preventiva,7.0,3,Rodamiento,907.0,PS
OT-007708,PAR-010223,PS-EQ-09,2027-10-24 00:00:00,Correctiva,2.7,1,indeterminado,7532.0,PS
OT-007709,PAR-010224,PS-EQ-09,2027-10-28 00:00:00,Preventiva,9.6,3,Faja/correa,959.0,PS
OT-007710,PAR-010225,PS-EQ-09,2027-11-06 00:00:00,Correctiva,2.0,3,Revestimiento (liner),5246.0,PS
OT-007711,PAR-010227,PS-EQ-09,2027-11-20 00:00:00,Preventiva,7.5,3,Sensor/instrumento,1015.0,PS
OT-007712,PAR-010228,PS-EQ-09,2027-11-29 00:00:00,Correctiva,3.5,3,Sensor/instrumento,6263.0,PS
OT-007713,PAR-010231,PS-EQ-09,2027-12-13 00:00:00,Preventiva,6.0,3,Faja/correa,2018.0,PS
OT-007714,PAR-010232,PS-EQ-09,2027-12-15 00:00:00,Correctiva,2.8,2,Rodamiento,5928.0,PS
OT-007715,PAR-010234,PS-EQ-09,2027-12-27 00:00:00,Correctiva,0.7,3,Revestimiento (liner),4266.0,PS
OT-007716,PAR-010235,PS-EQ-09,2027-12-28 00:00:00,Correctiva,4.6,2,Sensor/instrumento,7819.0,PS
OT-007717,PAR-010236,PS-EQ-09,2027-12-31 00:00:00,Correctiva,3.3,1,Motor eléctrico,1608.0,PS
OT-007718,PAR-010238,PS-EQ-10,2024-01-13 00:00:00,Correctiva,1.7,1,Sello mecánico,1819.0,PS
OT-007719,PAR-010240,PS-EQ-10,2024-01-16 00:00:00,Preventiva,7.2,2,Revestimiento (liner),2309.0,PS
OT-007720,PAR-010241,PS-EQ-10,2024-01-16 00:00:00,Correctiva,17.6,1,Motor eléctrico,910.0,PS
OT-007721,PAR-010243,PS-EQ-10,2024-01-30 00:00:00,Preventiva,6.1,1,Ninguno (solo mano de obra),244.0,PS
OT-007722,PAR-010244,PS-EQ-10,2024-01-31 00:00:00,Correctiva,1.6,1,Sello mecánico,502.0,PS
OT-007723,PAR-010246,PS-EQ-10,2024-02-12 00:00:00,Correctiva,9.4,1,Faja/correa,1199.0,PS
OT-007724,PAR-010248,PS-EQ-10,2024-02-20 00:00:00,Preventiva,5.7,2,Revestimiento (liner),1968.0,PS
OT-007725,PAR-010252,PS-EQ-10,2024-03-10 00:00:00,Preventiva,10.8,3,Ninguno (solo mano de obra),2494.0,PS
OT-007726,PAR-010254,PS-EQ-10,2024-03-13 00:00:00,Correctiva,15.9,2,Rodamiento,5247.0,PS
OT-007727,PAR-010256,PS-EQ-10,2024-03-21 00:00:00,Correctiva,29.5,1,Revestimiento (liner),5553.0,PS
OT-007728,PAR-010257,PS-EQ-10,2024-03-29 00:00:00,Preventiva,6.5,1,Motor eléctrico,687.0,PS
OT-007729,PAR-010259,PS-EQ-10,2024-04-12 00:00:00,Preventiva,8.9,2,Motor eléctrico,2297.0,PS
OT-007730,PAR-010260,PS-EQ-10,2024-04-12 00:00:00,Correctiva,10.2,3,Motor eléctrico,2277.0,PS
OT-007731,PAR-010262,PS-EQ-10,2024-04-16 00:00:00,Correctiva,1.0,2,Sello mecánico,6035.0,PS
OT-007732,PAR-010263,PS-EQ-10,2024-04-29 00:00:00,Preventiva,10.6,1,Sello mecánico,1281.0,PS
OT-007733,PAR-010264,PS-EQ-10,2024-05-04 00:00:00,Correctiva,2.7,3,Motor eléctrico,2448.0,PS
OT-007734,PAR-010267,PS-EQ-10,2024-05-16 00:00:00,Preventiva,9.5,2,Revestimiento (liner),620.0,PS
OT-007735,PAR-010269,PS-EQ-10,2024-06-08 00:00:00,Preventiva,7.7,3,Revestimiento (liner),1249.0,PS
OT-007736,PAR-010270,PS-EQ-10,2024-06-17 00:00:00,Correctiva,11.7,2,Sello mecánico,1098.0,PS
OT-007737,PAR-010271,PS-EQ-10,2024-06-22 00:00:00,Correctiva,4.2,1,Revestimiento (liner),7973.0,PS
OT-007738,PAR-010272,PS-EQ-10,2024-06-24 00:00:00,Preventiva,9.7,1,Rodamiento,113.0,PS
OT-007739,PAR-010273,PS-EQ-10,2024-07-01 00:00:00,Correctiva,8.9,3,Faja/correa,6010.0,PS
OT-007740,PAR-010274,PS-EQ-10,2024-07-05 00:00:00,Correctiva,8.1,3,Rodamiento,1588.0,PS
OT-007741,PAR-010276,PS-EQ-10,2024-07-16 00:00:00,Preventiva,9.5,2,Faja/correa,992.0,PS
OT-007742,PAR-010277,PS-EQ-10,2024-07-18 00:00:00,Correctiva,3.2,3,Motor eléctrico,4366.0,PS
OT-007743,PAR-010278,PS-EQ-10,2024-07-27 00:00:00,Correctiva,11.0,3,Revestimiento (liner),5934.0,PS
OT-007744,PAR-010279,PS-EQ-10,2024-08-05 00:00:00,Preventiva,10.6,3,Rodamiento,815.0,PS
OT-007745,PAR-010280,PS-EQ-10,2024-08-09 00:00:00,Correctiva,2.1,2,Sensor/instrumento,5976.0,PS
OT-007746,PAR-010281,PS-EQ-10,2024-08-12 00:00:00,Correctiva,1.2,2,Sello mecánico,173.0,PS
OT-007747,PAR-010283,PS-EQ-10,2024-08-13 00:00:00,Correctiva,0.6,3,Sello mecánico,446.0,PS
OT-007748,PAR-010284,PS-EQ-10,2024-08-27 00:00:00,Preventiva,8.9,3,Motor eléctrico,2249.0,PS
OT-007749,PAR-010285,PS-EQ-10,2024-09-03 00:00:00,Correctiva,2.0,1,Faja/correa,3592.0,PS
OT-007750,PAR-010286,PS-EQ-10,2024-09-07 00:00:00,Correctiva,0.7,1,Revestimiento (liner),960.0,PS
OT-007751,PAR-010287,PS-EQ-10,2024-09-12 00:00:00,Preventiva,9.4,1,Sensor/instrumento,1664.0,PS
OT-007752,PAR-010288,PS-EQ-10,2024-09-26 00:00:00,Correctiva,10.1,2,Motor eléctrico,246.0,PS
OT-007753,PAR-010289,PS-EQ-10,2024-09-29 00:00:00,Preventiva,3.6,3,Ninguno (solo mano de obra),1044.0,PS
OT-007754,PAR-010290,PS-EQ-10,2024-10-04 00:00:00,Correctiva,2.7,1,Revestimiento (liner),6089.0,PS
OT-007755,PAR-010291,PS-EQ-10,2024-10-08 00:00:00,Correctiva,8.8,3,Faja/correa,3460.0,PS
OT-007756,PAR-010292,PS-EQ-10,2024-10-09 00:00:00,Correctiva,1.1,1,Motor eléctrico,2230.0,PS
OT-007757,PAR-010293,PS-EQ-10,2024-10-20 00:00:00,Preventiva,9.0,2,Revestimiento (liner),797.0,PS
OT-007758,PAR-010294,PS-EQ-10,2024-10-30 00:00:00,Correctiva,1.0,2,Ninguno (solo mano de obra),4120.0,PS
OT-007759,PAR-010298,PS-EQ-10,2024-11-10 00:00:00,Correctiva,4.0,1,Sello mecánico,2275.0,PS
OT-007760,PAR-010299,PS-EQ-10,2024-11-12 00:00:00,Preventiva,4.9,2,Revestimiento (liner),1615.0,PS
OT-007761,PAR-010301,PS-EQ-10,2024-11-16 00:00:00,Correctiva,4.1,1,Rodamiento,1202.0,PS
OT-007762,PAR-010303,PS-EQ-10,2024-11-17 00:00:00,Correctiva,10.1,3,Rodamiento,5672.0,PS
OT-007763,PAR-010304,PS-EQ-10,2024-11-26 00:00:00,Preventiva,4.8,3,Ninguno (solo mano de obra),444.0,PS
OT-007764,PAR-010306,PS-EQ-10,2024-12-11 00:00:00,Correctiva,1.1,3,Ninguno (solo mano de obra),5643.0,PS
OT-007765,PAR-010307,PS-EQ-10,2024-12-13 00:00:00,Correctiva,14.3,1,Motor eléctrico,4776.0,PS
OT-007766,PAR-010308,PS-EQ-10,2024-12-18 00:00:00,Preventiva,8.5,1,Revestimiento (liner),466.0,PS
OT-007767,PAR-010309,PS-EQ-10,2024-12-21 00:00:00,Correctiva,4.0,3,Rodamiento,6383.0,PS
OT-007768,PAR-010313,PS-EQ-10,2025-01-06 00:00:00,Preventiva,11.0,3,indeterminado,267.0,PS
OT-007769,PAR-010314,PS-EQ-10,2025-01-11 00:00:00,Correctiva,11.4,2,Ninguno (solo mano de obra),4028.0,PS
OT-007770,PAR-010316,PS-EQ-10,2025-01-20 00:00:00,Preventiva,12.8,1,Motor eléctrico,2155.0,PS
OT-007771,PAR-010318,PS-EQ-10,2025-02-06 00:00:00,Correctiva,2.4,3,Sensor/instrumento,3923.0,PS
OT-007772,PAR-010319,PS-EQ-10,2025-02-07 00:00:00,Preventiva,8.8,3,Rodamiento,2500.0,PS
OT-007773,PAR-010320,PS-EQ-10,2025-02-09 00:00:00,Correctiva,7.6,3,Motor eléctrico,2612.0,PS
OT-007774,PAR-010321,PS-EQ-10,2025-02-28 00:00:00,Correctiva,7.3,2,Revestimiento (liner),4041.0,PS
OT-007775,PAR-010322,PS-EQ-10,2025-03-01 00:00:00,Correctiva,5.6,2,Sensor/instrumento,311.0,PS
OT-007776,PAR-010323,PS-EQ-10,2025-03-02 00:00:00,Preventiva,6.9,3,indeterminado,535.0,PS
OT-007777,PAR-010325,PS-EQ-10,2025-03-15 00:00:00,Correctiva,2.5,3,Motor eléctrico,5833.0,PS
OT-007778,PAR-010326,PS-EQ-10,2025-03-24 00:00:00,Preventiva,5.2,1,Motor eléctrico,245.0,PS
OT-007779,PAR-010329,PS-EQ-10,2025-04-08 00:00:00,Preventiva,11.2,1,indeterminado,88.0,PS
OT-007780,PAR-010331,PS-EQ-10,2025-04-25 00:00:00,Preventiva,6.0,3,Motor eléctrico,387.0,PS
OT-007781,PAR-010332,PS-EQ-10,2025-05-11 00:00:00,Preventiva,8.2,1,Motor eléctrico,2084.0,PS
OT-007782,PAR-010334,PS-EQ-10,2025-05-13 00:00:00,Correctiva,4.0,3,Revestimiento (liner),7862.0,PS
OT-007783,PAR-010335,PS-EQ-10,2025-05-27 00:00:00,Preventiva,6.1,2,Sello mecánico,1880.0,PS
OT-007784,PAR-010337,PS-EQ-10,2025-06-14 00:00:00,Preventiva,7.9,2,Sensor/instrumento,1500.0,PS
OT-007785,PAR-010340,PS-EQ-10,2025-06-30 00:00:00,Preventiva,5.7,1,Motor eléctrico,1595.0,PS
OT-007786,PAR-010341,PS-EQ-10,2025-07-01 00:00:00,Correctiva,10.2,1,Revestimiento (liner),1570.0,PS
OT-007787,PAR-010343,PS-EQ-10,2025-07-14 00:00:00,Correctiva,4.6,3,Faja/correa,28.0,PS
OT-007788,PAR-010344,PS-EQ-10,2025-07-17 00:00:00,Preventiva,9.8,1,Motor eléctrico,660.0,PS
OT-007789,PAR-010346,PS-EQ-10,2025-07-27 00:00:00,Correctiva,1.5,1,Motor eléctrico,7481.0,PS
OT-007790,PAR-010347,PS-EQ-10,2025-07-29 00:00:00,Correctiva,0.7,1,Rodamiento,7519.0,PS
OT-007791,PAR-010349,PS-EQ-10,2025-07-31 00:00:00,Correctiva,2.4,2,Sensor/instrumento,3974.0,PS
OT-007792,PAR-010351,PS-EQ-10,2025-08-07 00:00:00,Preventiva,12.8,2,Revestimiento (liner),2488.0,PS
OT-007793,PAR-010353,PS-EQ-10,2025-08-26 00:00:00,Preventiva,5.8,3,Faja/correa,188.0,PS
OT-007794,PAR-010359,PS-EQ-10,2025-09-12 00:00:00,Correctiva,0.8,1,Revestimiento (liner),3359.0,PS
OT-007795,PAR-010360,PS-EQ-10,2025-09-13 00:00:00,Preventiva,7.6,3,Rodamiento,889.0,PS
OT-007796,PAR-010361,PS-EQ-10,2025-09-20 00:00:00,Correctiva,0.8,2,Ninguno (solo mano de obra),4273.0,PS
OT-007797,PAR-010362,PS-EQ-10,2025-10-05 00:00:00,Preventiva,7.0,1,Rodamiento,224.0,PS
OT-007798,PAR-010365,PS-EQ-10,2025-10-19 00:00:00,Preventiva,12.0,2,Sensor/instrumento,963.0,PS
OT-007799,PAR-010366,PS-EQ-10,2025-10-23 00:00:00,Correctiva,5.0,3,Motor eléctrico,3918.0,PS
OT-007800,PAR-010367,PS-EQ-10,2025-10-28 00:00:00,Correctiva,5.2,3,Revestimiento (liner),2285.0,PS
OT-007801,PAR-010369,PS-EQ-10,2025-11-05 00:00:00,Preventiva,10.4,1,Revestimiento (liner),1999.0,PS
OT-007802,PAR-010370,PS-EQ-10,2025-11-06 00:00:00,Correctiva,1.1,2,Motor eléctrico,1794.0,PS
OT-007803,PAR-010372,PS-EQ-10,2025-11-20 00:00:00,Correctiva,6.3,1,Revestimiento (liner),7026.0,PS
OT-007804,PAR-010373,PS-EQ-10,2025-11-24 00:00:00,Correctiva,2.9,2,Ninguno (solo mano de obra),3499.0,PS
OT-007805,PAR-010374,PS-EQ-10,2025-11-25 00:00:00,Preventiva,9.7,2,Sello mecánico,420.0,PS
OT-007806,PAR-010375,PS-EQ-10,2025-11-26 00:00:00,Correctiva,2.9,1,Rodamiento,6878.0,PS
OT-007807,PAR-010376,PS-EQ-10,2025-12-11 00:00:00,Preventiva,9.3,1,Rodamiento,2431.0,PS
OT-007808,PAR-010377,PS-EQ-10,2025-12-19 00:00:00,Correctiva,4.4,3,Sensor/instrumento,4158.0,PS
OT-007809,PAR-010378,PS-EQ-10,2025-12-30 00:00:00,Preventiva,7.8,3,Motor eléctrico,872.0,PS
OT-007810,PAR-010379,PS-EQ-10,2026-01-02 00:00:00,Correctiva,8.4,3,Sello mecánico,4110.0,PS
OT-007811,PAR-010380,PS-EQ-10,2026-01-15 00:00:00,Preventiva,9.3,2,Sello mecánico,674.0,PS
OT-007812,PAR-010382,PS-EQ-10,2026-01-24 00:00:00,Correctiva,3.5,3,Sello mecánico,1940.0,PS
OT-007813,PAR-010383,PS-EQ-10,2026-01-26 00:00:00,Correctiva,4.9,1,Revestimiento (liner),779.0,PS
OT-007814,PAR-010385,PS-EQ-10,2026-01-30 00:00:00,Correctiva,2.6,2,Rodamiento,7037.0,PS
OT-007815,PAR-010386,PS-EQ-10,2026-02-07 00:00:00,Preventiva,9.5,1,Faja/correa,679.0,PS
OT-007816,PAR-010387,PS-EQ-10,2026-02-14 00:00:00,Correctiva,0.5,2,Sello mecánico,6863.0,PS
OT-007817,PAR-010388,PS-EQ-10,2026-02-16 00:00:00,Correctiva,11.4,3,Faja/correa,209.0,PS
OT-007818,PAR-010389,PS-EQ-10,2026-02-17 00:00:00,Correctiva,14.8,2,indeterminado,138.0,PS
OT-007819,PAR-010390,PS-EQ-10,2026-02-21 00:00:00,Correctiva,0.5,2,Faja/correa,928.0,PS
OT-007820,PAR-010391,PS-EQ-10,2026-02-27 00:00:00,Preventiva,8.8,3,Sello mecánico,1695.0,PS
OT-007821,PAR-010393,PS-EQ-10,2026-03-13 00:00:00,Preventiva,5.8,1,Revestimiento (liner),879.0,PS
OT-007822,PAR-010396,PS-EQ-10,2026-04-03 00:00:00,Preventiva,6.6,1,Motor eléctrico,1193.0,PS
OT-007823,PAR-010397,PS-EQ-10,2026-04-17 00:00:00,Correctiva,8.0,3,Revestimiento (liner),1986.0,PS
OT-007824,PAR-010398,PS-EQ-10,2026-04-18 00:00:00,Preventiva,9.9,3,Rodamiento,791.0,PS
OT-007825,PAR-010400,PS-EQ-10,2026-05-02 00:00:00,Correctiva,14.2,2,Sello mecánico,7094.0,PS
OT-007826,PAR-010402,PS-EQ-10,2026-05-07 00:00:00,Preventiva,4.2,1,Ninguno (solo mano de obra),2349.0,PS
OT-007827,PAR-010404,PS-EQ-10,2026-05-14 00:00:00,Correctiva,0.7,3,Revestimiento (liner),3350.0,PS
OT-007828,PAR-010406,PS-EQ-10,2026-05-27 00:00:00,Preventiva,4.1,2,Faja/correa,2282.0,PS
OT-007829,PAR-010407,PS-EQ-10,2026-05-31 00:00:00,Correctiva,3.2,3,Ninguno (solo mano de obra),672.0,PS
OT-007830,PAR-010408,PS-EQ-10,2026-06-03 00:00:00,Correctiva,0.6,1,Faja/correa,7644.0,PS
OT-007831,PAR-010410,PS-EQ-10,2026-06-17 00:00:00,Correctiva,1.7,3,Rodamiento,1819.0,PS
OT-007832,PAR-010411,PS-EQ-10,2026-06-18 00:00:00,Preventiva,8.4,1,Sensor/instrumento,1807.0,PS
OT-007833,PAR-010412,PS-EQ-10,2026-06-18 00:00:00,Correctiva,7.7,3,Sello mecánico,7659.0,PS
OT-007834,PAR-010413,PS-EQ-10,2026-07-01 00:00:00,Correctiva,9.8,3,Revestimiento (liner),5380.0,PS
OT-007835,PAR-010414,PS-EQ-10,2026-07-11 00:00:00,Preventiva,4.8,1,Sello mecánico,1832.0,PS
OT-007836,PAR-010416,PS-EQ-10,2026-08-03 00:00:00,Preventiva,6.7,3,Faja/correa,2065.0,PS
OT-007837,PAR-010417,PS-EQ-10,2026-08-13 00:00:00,Correctiva,10.2,2,Ninguno (solo mano de obra),6663.0,PS
OT-007838,PAR-010418,PS-EQ-10,2026-08-23 00:00:00,Preventiva,5.4,1,Revestimiento (liner),2221.0,PS
OT-007839,PAR-010420,PS-EQ-10,2026-09-04 00:00:00,Correctiva,1.5,1,Sello mecánico,588.0,PS
OT-007840,PAR-010421,PS-EQ-10,2026-09-07 00:00:00,Preventiva,4.9,3,Motor eléctrico,1669.0,PS
OT-007841,PAR-010423,PS-EQ-10,2026-09-12 00:00:00,Correctiva,2.7,1,Faja/correa,5779.0,PS
OT-007842,PAR-010424,PS-EQ-10,2026-09-13 00:00:00,Correctiva,3.6,1,Revestimiento (liner),3420.0,PS
OT-007843,PAR-010426,PS-EQ-10,2026-09-27 00:00:00,Preventiva,5.0,1,Rodamiento,2394.0,PS
OT-007844,PAR-010429,PS-EQ-10,2026-10-11 00:00:00,Preventiva,7.6,2,Revestimiento (liner),1878.0,PS
OT-007845,PAR-010431,PS-EQ-10,2026-10-12 00:00:00,Correctiva,2.8,3,Motor eléctrico,2959.0,PS
OT-007846,PAR-010432,PS-EQ-10,2026-10-14 00:00:00,Correctiva,23.9,3,Rodamiento,3620.0,PS
OT-007847,PAR-010433,PS-EQ-10,2026-10-26 00:00:00,Correctiva,2.2,1,Faja/correa,7025.0,PS
OT-007848,PAR-010434,PS-EQ-10,2026-10-28 00:00:00,Preventiva,7.2,1,Sello mecánico,1500.0,PS
OT-007849,PAR-010435,PS-EQ-10,2026-11-14 00:00:00,Preventiva,4.4,1,Sensor/instrumento,222.0,PS
OT-007850,PAR-010436,PS-EQ-10,2026-11-27 00:00:00,Correctiva,9.0,3,Rodamiento,7436.0,PS
OT-007851,PAR-010437,PS-EQ-10,2026-11-28 00:00:00,Preventiva,11.3,3,Motor eléctrico,1867.0,PS
OT-007852,PAR-010438,PS-EQ-10,2026-12-17 00:00:00,Correctiva,3.7,1,Sensor/instrumento,1877.0,PS
OT-007853,PAR-010439,PS-EQ-10,2026-12-18 00:00:00,Preventiva,6.2,1,Sensor/instrumento,271.0,PS
OT-007854,PAR-010441,PS-EQ-10,2027-01-09 00:00:00,Preventiva,12.7,1,Faja/correa,1107.0,PS
OT-007855,PAR-010442,PS-EQ-10,2027-01-14 00:00:00,Correctiva,1.3,1,Sensor/instrumento,206.0,PS
OT-007856,PAR-010443,PS-EQ-10,2027-01-19 00:00:00,Correctiva,2.8,2,Faja/correa,172.0,PS
OT-007857,PAR-010444,PS-EQ-10,2027-01-21 00:00:00,Correctiva,9.2,1,Sello mecánico,177.0,PS
OT-007858,PAR-010446,PS-EQ-10,2027-01-26 00:00:00,Preventiva,10.0,1,Revestimiento (liner),58.0,PS
OT-007859,PAR-010450,PS-EQ-10,2027-02-05 00:00:00,Correctiva,5.4,1,Motor eléctrico,6078.0,PS
OT-007860,PAR-010452,PS-EQ-10,2027-02-17 00:00:00,Preventiva,7.2,1,Sensor/instrumento,171.0,PS
OT-007861,PAR-010453,PS-EQ-10,2027-02-21 00:00:00,Correctiva,3.4,1,Motor eléctrico,7917.0,PS
OT-007862,PAR-010454,PS-EQ-10,2027-02-28 00:00:00,Correctiva,17.7,3,Sello mecánico,6342.0,PS
OT-007863,PAR-010455,PS-EQ-10,2027-03-01 00:00:00,Correctiva,4.9,2,Faja/correa,5944.0,PS
OT-007864,PAR-010456,PS-EQ-10,2027-03-02 00:00:00,Correctiva,5.1,2,Ninguno (solo mano de obra),5139.0,PS
OT-007865,PAR-010457,PS-EQ-10,2027-03-06 00:00:00,Preventiva,9.7,1,Sello mecánico,985.0,PS
OT-007866,PAR-010459,PS-EQ-10,2027-03-22 00:00:00,Preventiva,10.6,2,Sello mecánico,1266.0,PS
OT-007867,PAR-010460,PS-EQ-10,2027-04-07 00:00:00,Correctiva,3.1,2,Ninguno (solo mano de obra),6638.0,PS
OT-007868,PAR-010461,PS-EQ-10,2027-04-11 00:00:00,Preventiva,4.4,1,Faja/correa,681.0,PS
OT-007869,PAR-010465,PS-EQ-10,2027-04-27 00:00:00,Correctiva,0.8,2,Motor eléctrico,40.0,PS
OT-007870,PAR-010467,PS-EQ-10,2027-04-30 00:00:00,Correctiva,2.2,2,Motor eléctrico,6836.0,PS
OT-007871,PAR-010468,PS-EQ-10,2027-05-04 00:00:00,Preventiva,4.4,3,Motor eléctrico,315.0,PS
OT-007872,PAR-010471,PS-EQ-10,2027-05-08 00:00:00,Correctiva,2.3,3,Ninguno (solo mano de obra),7025.0,PS
OT-007873,PAR-010472,PS-EQ-10,2027-05-09 00:00:00,Correctiva,2.3,3,Sensor/instrumento,6577.0,PS
OT-007874,PAR-010473,PS-EQ-10,2027-05-14 00:00:00,Correctiva,10.5,3,Rodamiento,4341.0,PS
OT-007875,PAR-010474,PS-EQ-10,2027-05-19 00:00:00,Correctiva,2.8,3,Revestimiento (liner),4427.0,PS
OT-007876,PAR-010475,PS-EQ-10,2027-05-20 00:00:00,Preventiva,10.6,3,Sello mecánico,1345.0,PS
OT-007877,PAR-010476,PS-EQ-10,2027-06-06 00:00:00,Preventiva,11.8,2,Rodamiento,1382.0,PS
OT-007878,PAR-010477,PS-EQ-10,2027-06-12 00:00:00,Correctiva,23.5,3,Ninguno (solo mano de obra),4816.0,PS
OT-007879,PAR-010478,PS-EQ-10,2027-06-20 00:00:00,Correctiva,22.4,2,Motor eléctrico,475.0,PS
OT-007880,PAR-010480,PS-EQ-10,2027-06-24 00:00:00,Preventiva,10.5,1,Motor eléctrico,1443.0,PS
OT-007881,PAR-010481,PS-EQ-10,2027-06-26 00:00:00,Correctiva,6.8,1,Rodamiento,5351.0,PS
OT-007882,PAR-010482,PS-EQ-10,2027-07-10 00:00:00,Preventiva,4.5,3,Motor eléctrico,566.0,PS
OT-007883,PAR-010485,PS-EQ-10,2027-07-29 00:00:00,Correctiva,0.7,1,Faja/correa,3464.0,PS
OT-007884,PAR-010486,PS-EQ-10,2027-07-30 00:00:00,Preventiva,7.7,1,Ninguno (solo mano de obra),952.0,PS
OT-007885,PAR-010490,PS-EQ-10,2027-08-10 00:00:00,Correctiva,11.5,3,Sensor/instrumento,7361.0,PS
OT-007886,PAR-010491,PS-EQ-10,2027-08-12 00:00:00,Correctiva,3.7,2,Rodamiento,2117.0,PS
OT-007887,PAR-010493,PS-EQ-10,2027-08-14 00:00:00,Preventiva,11.1,2,Faja/correa,2451.0,PS
OT-007888,PAR-010494,PS-EQ-10,2027-08-19 00:00:00,Correctiva,0.7,2,Revestimiento (liner),2180.0,PS
OT-007889,PAR-010497,PS-EQ-10,2027-09-03 00:00:00,Correctiva,1.0,1,Rodamiento,5597.0,PS
OT-007890,PAR-010498,PS-EQ-10,2027-09-05 00:00:00,Preventiva,4.7,1,Revestimiento (liner),75.0,PS
OT-007891,PAR-010499,PS-EQ-10,2027-09-08 00:00:00,Correctiva,2.3,1,Motor eléctrico,7446.0,PS
OT-007892,PAR-010502,PS-EQ-10,2027-09-22 00:00:00,Preventiva,10.0,3,Motor eléctrico,464.0,PS
OT-007893,PAR-010505,PS-EQ-10,2027-10-05 00:00:00,Correctiva,14.4,1,Revestimiento (liner),3709.0,PS
OT-007894,PAR-010506,PS-EQ-10,2027-10-12 00:00:00,Preventiva,7.8,1,Ninguno (solo mano de obra),371.0,PS
OT-007895,PAR-010507,PS-EQ-10,2027-10-22 00:00:00,Correctiva,6.2,2,Faja/correa,1422.0,PS
OT-007896,PAR-010508,PS-EQ-10,2027-10-28 00:00:00,Preventiva,8.2,1,Sensor/instrumento,2217.0,PS
OT-007897,PAR-010510,PS-EQ-10,2027-11-09 00:00:00,Correctiva,9.4,1,Sello mecánico,1034.0,PS
OT-007898,PAR-010512,PS-EQ-10,2027-11-15 00:00:00,Correctiva,2.5,2,Sensor/instrumento,6184.0,PS
OT-007899,PAR-010513,PS-EQ-10,2027-11-17 00:00:00,Preventiva,9.9,2,Revestimiento (liner),1328.0,PS
OT-007900,PAR-010515,PS-EQ-10,2027-11-17 00:00:00,Correctiva,4.8,3,Rodamiento,4046.0,PS
OT-007901,PAR-010518,PS-EQ-10,2027-11-20 00:00:00,Correctiva,28.6,3,Rodamiento,4909.0,PS
OT-007902,PAR-010520,PS-EQ-10,2027-12-07 00:00:00,Preventiva,9.4,3,Sello mecánico,170.0,PS
OT-007903,PAR-010522,PS-EQ-10,2027-12-16 00:00:00,Correctiva,0.7,2,Ninguno (solo mano de obra),6806.0,PS
OT-007904,PAR-010523,PS-EQ-10,2027-12-17 00:00:00,Correctiva,4.0,1,Ninguno (solo mano de obra),7691.0,PS
OT-007905,PAR-010524,PS-EQ-10,2027-12-21 00:00:00,Correctiva,2.3,1,Faja/correa,3124.0,PS
OT-007906,PAR-010525,PS-EQ-10,2027-12-23 00:00:00,Preventiva,10.7,3,Revestimiento (liner),762.0,PS
OT-007907,PAR-010526,PS-EQ-10,2027-12-29 00:00:00,Correctiva,3.6,3,Revestimiento (liner),3545.0,PS
OT-007908,PAR-010527,PS-EQ-10,2027-12-30 00:00:00,Correctiva,1.3,3,Motor eléctrico,6586.0,PS
