fecha,planta_id,categoria_id,monto_soles
2024-01-01,PN,ENE,44802.0
2024-01-01,PN,MOB,8432.0
2024-01-01,PN,INS,27366.0
2024-01-01,PN,OTR,1970.0
2024-01-02,PN,ENE,42694.0
2024-01-02,PN,MOB,8570.0
2024-01-02,PN,INS,30045.0
2024-01-02,PN,OTR,2785.0
2024-01-03,PN,ENE,44352.0
2024-01-03,PN,MOB,8320.0
2024-01-03,PN,INS,35983.0
2024-01-03,PN,OTR,3093.0
2024-01-04,PN,ENE,48567.0
2024-01-04,PN,MOB,8488.0
2024-01-04,PN,INS,31743.0
2024-01-04,PN,OTR,3387.0
2024-01-05,PN,ENE,49587.0
2024-01-05,PN,MOB,8714.0
2024-01-05,PN,INS,27031.0
2024-01-05,PN,OTR,2676.0
2024-01-06,PN,ENE,42880.0
2024-01-06,PN,MOB,8370.0
2024-01-06,PN,INS,32900.0
2024-01-06,PN,OTR,2227.0
2024-01-07,PN,ENE,44926.0
2024-01-07,PN,MOB,8537.0
2024-01-07,PN,INS,40309.0
2024-01-07,PN,OTR,1834.0
2024-01-08,PN,ENE,45967.0
2024-01-08,PN,MOB,8521.0
2024-01-08,PN,INS,33172.0
2024-01-08,PN,OTR,3378.0
2024-01-09,PN,ENE,45512.0
2024-01-09,PN,MOB,8292.0
2024-01-09,PN,INS,34003.0
2024-01-09,PN,OTR,2220.0
2024-01-10,PN,ENE,34410.0
2024-01-10,PN,MOB,8318.0
2024-01-10,PN,INS,35670.0
2024-01-10,PN,OTR,2778.0
2024-01-11,PN,ENE,45804.0
2024-01-11,PN,MOB,8622.0
2024-01-11,PN,INS,28107.0
2024-01-11,PN,OTR,2427.0
2024-01-12,PN,ENE,47750.0
2024-01-12,PN,MOB,8197.0
2024-01-12,PN,INS,30791.0
2024-01-12,PN,OTR,1635.0
2024-01-13,PN,ENE,46584.0
2024-01-13,PN,MOB,8510.0
2024-01-13,PN,INS,30765.0
2024-01-13,PN,OTR,2361.0
2024-01-14,PN,ENE,46757.0
2024-01-14,PN,MOB,8568.0
2024-01-14,PN,INS,18408.0
2024-01-14,PN,OTR,3462.0
2024-01-15,PN,ENE,40044.0
2024-01-15,PN,MOB,8324.0
2024-01-15,PN,INS,36283.0
2024-01-15,PN,OTR,2637.0
2024-01-16,PN,ENE,46138.0
2024-01-16,PN,MOB,8570.0
2024-01-16,PN,INS,26038.0
2024-01-16,PN,OTR,2122.0
2024-01-17,PN,ENE,40718.0
2024-01-17,PN,MOB,8366.0
2024-01-17,PN,INS,25993.0
2024-01-17,PN,OTR,3265.0
2024-01-18,PN,ENE,44250.0
2024-01-18,PN,MOB,8404.0
2024-01-18,PN,INS,28142.0
2024-01-18,PN,OTR,2331.0
2024-01-19,PN,ENE,43221.0
2024-01-19,PN,MOB,8591.0
2024-01-19,PN,INS,34451.0
2024-01-19,PN,OTR,1526.0
2024-01-20,PN,ENE,44638.0
2024-01-20,PN,MOB,8615.0
2024-01-20,PN,INS,29813.0
2024-01-20,PN,OTR,2416.0
2024-01-21,PN,ENE,50548.0
2024-01-21,PN,MOB,8876.0
2024-01-21,PN,INS,26740.0
2024-01-21,PN,OTR,2943.0
2024-01-22,PN,ENE,46439.0
2024-01-22,PN,MOB,8504.0
2024-01-22,PN,INS,35118.0
2024-01-22,PN,OTR,2887.0
2024-01-23,PN,ENE,42677.0
2024-01-23,PN,MOB,8184.0
2024-01-23,PN,INS,37502.0
2024-01-23,PN,OTR,3374.0
2024-01-24,PN,ENE,47926.0
2024-01-24,PN,MOB,8437.0
2024-01-24,PN,INS,36716.0
2024-01-24,PN,OTR,3266.0
2024-01-25,PN,ENE,41406.0
2024-01-25,PN,MOB,8347.0
2024-01-25,PN,INS,28096.0
2024-01-25,PN,OTR,2754.0
2024-01-26,PN,ENE,49557.0
2024-01-26,PN,MOB,8560.0
2024-01-26,PN,INS,33529.0
2024-01-26,PN,OTR,1620.0
2024-01-27,PN,ENE,38633.0
2024-01-27,PN,MOB,8413.0
2024-01-27,PN,INS,28853.0
2024-01-27,PN,OTR,2750.0
2024-01-28,PN,ENE,43946.0
2024-01-28,PN,MOB,8429.0
2024-01-28,PN,INS,29322.0
2024-01-28,PN,OTR,2471.0
2024-01-29,PN,ENE,43454.0
2024-01-29,PN,MOB,8419.0
2024-01-29,PN,INS,21544.0
2024-01-29,PN,OTR,2714.0
2024-01-30,PN,ENE,45063.0
2024-01-30,PN,MOB,8629.0
2024-01-30,PN,INS,24923.0
2024-01-30,PN,OTR,3329.0
2024-01-31,PN,ENE,48110.0
2024-01-31,PN,MOB,8459.0
2024-01-31,PN,INS,23793.0
2024-01-31,PN,OTR,3017.0
2024-02-01,PN,ENE,43704.0
2024-02-01,PN,MOB,8650.0
2024-02-01,PN,INS,27576.0
2024-02-01,PN,OTR,1559.0
2024-02-02,PN,ENE,46305.0
2024-02-02,PN,MOB,8389.0
2024-02-02,PN,INS,32753.0
2024-02-02,PN,OTR,3103.0
2024-02-03,PN,ENE,38366.0
2024-02-03,PN,MOB,8693.0
2024-02-03,PN,INS,30922.0
2024-02-03,PN,OTR,2562.0
2024-02-04,PN,ENE,46794.0
2024-02-04,PN,MOB,8475.0
2024-02-04,PN,INS,27166.0
2024-02-04,PN,OTR,2684.0
2024-02-05,PN,ENE,40530.0
2024-02-05,PN,MOB,8515.0
2024-02-05,PN,INS,35101.0
2024-02-05,PN,OTR,1738.0
2024-02-06,PN,ENE,46875.0
2024-02-06,PN,MOB,8379.0
2024-02-06,PN,INS,27238.0
2024-02-06,PN,OTR,2528.0
2024-02-07,PN,ENE,49858.0
2024-02-07,PN,MOB,8468.0
2024-02-07,PN,INS,23955.0
2024-02-07,PN,OTR,3391.0
2024-02-08,PN,ENE,39607.0
2024-02-08,PN,MOB,8641.0
2024-02-08,PN,INS,29724.0
2024-02-08,PN,OTR,3268.0
2024-02-09,PN,ENE,45003.0
2024-02-09,PN,MOB,8469.0
2024-02-09,PN,INS,28204.0
2024-02-09,PN,OTR,3300.0
2024-02-10,PN,ENE,46313.0
2024-02-10,PN,MOB,8358.0
2024-02-10,PN,INS,25925.0
2024-02-10,PN,OTR,2563.0
2024-02-11,PN,ENE,45275.0
2024-02-11,PN,MOB,8481.0
2024-02-11,PN,INS,23341.0
2024-02-11,PN,OTR,2545.0
2024-02-12,PN,ENE,46380.0
2024-02-12,PN,MOB,8437.0
2024-02-12,PN,INS,24978.0
2024-02-12,PN,OTR,3462.0
2024-02-13,PN,ENE,34998.0
2024-02-13,PN,MOB,8403.0
2024-02-13,PN,INS,21017.0
2024-02-13,PN,OTR,1776.0
2024-02-14,PN,ENE,42096.0
2024-02-14,PN,MOB,8506.0
2024-02-14,PN,INS,26888.0
2024-02-14,PN,OTR,2288.0
2024-02-15,PN,ENE,48350.0
2024-02-15,PN,MOB,8490.0
2024-02-15,PN,INS,27545.0
2024-02-15,PN,OTR,2998.0
2024-02-16,PN,ENE,48156.0
2024-02-16,PN,MOB,8125.0
2024-02-16,PN,INS,32038.0
2024-02-16,PN,OTR,3074.0
2024-02-17,PN,ENE,42730.0
2024-02-17,PN,MOB,8366.0
2024-02-17,PN,INS,30036.0
2024-02-17,PN,OTR,3060.0
2024-02-18,PN,ENE,40352.0
2024-02-18,PN,MOB,8666.0
2024-02-18,PN,INS,36578.0
2024-02-18,PN,OTR,2374.0
2024-02-19,PN,ENE,42680.0
2024-02-19,PN,MOB,8594.0
2024-02-19,PN,INS,33461.0
2024-02-19,PN,OTR,2180.0
2024-02-20,PN,ENE,30789.0
2024-02-20,PN,MOB,8566.0
2024-02-20,PN,INS,19598.0
2024-02-20,PN,OTR,3431.0
2024-02-21,PN,ENE,43120.0
2024-02-21,PN,MOB,8417.0
2024-02-21,PN,INS,33633.0
2024-02-21,PN,OTR,2253.0
2024-02-22,PN,ENE,40752.0
2024-02-22,PN,MOB,8476.0
2024-02-22,PN,INS,26320.0
2024-02-22,PN,OTR,1679.0
2024-02-23,PN,ENE,42990.0
2024-02-23,PN,MOB,8646.0
2024-02-23,PN,INS,33730.0
2024-02-23,PN,OTR,3077.0
2024-02-24,PN,ENE,43146.0
2024-02-24,PN,MOB,8343.0
2024-02-24,PN,INS,33605.0
2024-02-24,PN,OTR,2213.0
2024-02-25,PN,ENE,44434.0
2024-02-25,PN,MOB,8636.0
2024-02-25,PN,INS,21499.0
2024-02-25,PN,OTR,1634.0
2024-02-26,PN,ENE,45683.0
2024-02-26,PN,MOB,8789.0
2024-02-26,PN,INS,26644.0
2024-02-26,PN,OTR,3172.0
2024-02-27,PN,ENE,41588.0
2024-02-27,PN,MOB,8627.0
2024-02-27,PN,INS,30191.0
2024-02-27,PN,OTR,3364.0
2024-02-28,PN,ENE,47036.0
2024-02-28,PN,MOB,8458.0
2024-02-28,PN,INS,22200.0
2024-02-28,PN,OTR,3097.0
2024-02-29,PN,ENE,41310.0
2024-02-29,PN,MOB,8537.0
2024-02-29,PN,INS,27389.0
2024-02-29,PN,OTR,3263.0
2024-03-01,PN,ENE,46339.0
2024-03-01,PN,MOB,8568.0
2024-03-01,PN,INS,29517.0
2024-03-01,PN,OTR,3252.0
2024-03-02,PN,ENE,38254.0
2024-03-02,PN,MOB,8783.0
2024-03-02,PN,INS,32238.0
2024-03-02,PN,OTR,3367.0
2024-03-03,PN,ENE,40773.0
2024-03-03,PN,MOB,8356.0
2024-03-03,PN,INS,23916.0
2024-03-03,PN,OTR,2471.0
2024-03-04,PN,ENE,50391.0
2024-03-04,PN,MOB,8489.0
2024-03-04,PN,INS,28622.0
2024-03-04,PN,OTR,3433.0
2024-03-05,PN,ENE,43463.0
2024-03-05,PN,MOB,8633.0
2024-03-05,PN,INS,30987.0
2024-03-05,PN,OTR,3269.0
2024-03-06,PN,ENE,47899.0
2024-03-06,PN,MOB,8621.0
2024-03-06,PN,INS,30493.0
2024-03-06,PN,OTR,2112.0
2024-03-07,PN,ENE,38714.0
2024-03-07,PN,MOB,8524.0
2024-03-07,PN,INS,34315.0
2024-03-07,PN,OTR,1822.0
2024-03-08,PN,ENE,48660.0
2024-03-08,PN,MOB,8646.0
2024-03-08,PN,INS,26695.0
2024-03-08,PN,OTR,2224.0
2024-03-09,PN,ENE,40235.0
2024-03-09,PN,MOB,8711.0
2024-03-09,PN,INS,26725.0
2024-03-09,PN,OTR,3131.0
2024-03-10,PN,ENE,46325.0
2024-03-10,PN,MOB,8801.0
2024-03-10,PN,INS,33219.0
2024-03-10,PN,OTR,1895.0
2024-03-11,PN,ENE,51892.0
2024-03-11,PN,MOB,8398.0
2024-03-11,PN,INS,30854.0
2024-03-11,PN,OTR,2106.0
2024-03-12,PN,ENE,46894.0
2024-03-12,PN,MOB,8632.0
2024-03-12,PN,INS,31914.0
2024-03-12,PN,OTR,2121.0
2024-03-13,PN,ENE,42844.0
2024-03-13,PN,MOB,8487.0
2024-03-13,PN,INS,32341.0
2024-03-13,PN,OTR,2172.0
2024-03-14,PN,ENE,50874.0
2024-03-14,PN,MOB,8608.0
2024-03-14,PN,INS,34881.0
2024-03-14,PN,OTR,1543.0
2024-03-15,PN,ENE,37823.0
2024-03-15,PN,MOB,8324.0
2024-03-15,PN,INS,27733.0
2024-03-15,PN,OTR,2505.0
2024-03-16,PN,ENE,47773.0
2024-03-16,PN,MOB,8262.0
2024-03-16,PN,INS,36689.0
2024-03-16,PN,OTR,1881.0
2024-03-17,PN,ENE,43034.0
2024-03-17,PN,MOB,8561.0
2024-03-17,PN,INS,27756.0
2024-03-17,PN,OTR,1523.0
2024-03-18,PN,ENE,49765.0
2024-03-18,PN,MOB,8495.0
2024-03-18,PN,INS,33520.0
2024-03-18,PN,OTR,2308.0
2024-03-19,PN,ENE,45267.0
2024-03-19,PN,MOB,8721.0
2024-03-19,PN,INS,25019.0
2024-03-19,PN,OTR,2376.0
2024-03-20,PN,ENE,47122.0
2024-03-20,PN,MOB,8554.0
2024-03-20,PN,INS,24280.0
2024-03-20,PN,OTR,1673.0
2024-03-21,PN,ENE,50497.0
2024-03-21,PN,MOB,8710.0
2024-03-21,PN,INS,33574.0
2024-03-21,PN,OTR,1773.0
2024-03-22,PN,ENE,43701.0
2024-03-22,PN,MOB,8541.0
2024-03-22,PN,INS,33872.0
2024-03-22,PN,OTR,3320.0
2024-03-23,PN,ENE,41075.0
2024-03-23,PN,MOB,8490.0
2024-03-23,PN,INS,30666.0
2024-03-23,PN,OTR,1650.0
2024-03-24,PN,ENE,44329.0
2024-03-24,PN,MOB,8395.0
2024-03-24,PN,INS,33804.0
2024-03-24,PN,OTR,2306.0
2024-03-25,PN,ENE,48088.0
2024-03-25,PN,MOB,8653.0
2024-03-25,PN,INS,25022.0
2024-03-25,PN,OTR,3254.0
2024-03-26,PN,ENE,44035.0
2024-03-26,PN,MOB,8666.0
2024-03-26,PN,INS,33855.0
2024-03-26,PN,OTR,2084.0
2024-03-27,PN,ENE,48481.0
2024-03-27,PN,MOB,8574.0
2024-03-27,PN,INS,36964.0
2024-03-27,PN,OTR,2959.0
2024-03-28,PN,ENE,37813.0
2024-03-28,PN,MOB,8451.0
2024-03-28,PN,INS,26382.0
2024-03-28,PN,OTR,3496.0
2024-03-29,PN,ENE,44772.0
2024-03-29,PN,MOB,8562.0
2024-03-29,PN,INS,30567.0
2024-03-29,PN,OTR,1595.0
2024-03-30,PN,ENE,46687.0
2024-03-30,PN,MOB,8573.0
2024-03-30,PN,INS,35020.0
2024-03-30,PN,OTR,3357.0
2024-03-31,PN,ENE,48584.0
2024-03-31,PN,MOB,8441.0
2024-03-31,PN,INS,28213.0
2024-03-31,PN,OTR,3048.0
2024-04-01,PN,ENE,46787.0
2024-04-01,PN,MOB,8597.0
2024-04-01,PN,INS,28691.0
2024-04-01,PN,OTR,1690.0
2024-04-02,PN,ENE,40901.0
2024-04-02,PN,MOB,8466.0
2024-04-02,PN,INS,34849.0
2024-04-02,PN,OTR,3385.0
2024-04-03,PN,ENE,42299.0
2024-04-03,PN,MOB,8642.0
2024-04-03,PN,INS,25612.0
2024-04-03,PN,OTR,1795.0
2024-04-04,PN,ENE,48000.0
2024-04-04,PN,MOB,8568.0
2024-04-04,PN,INS,35614.0
2024-04-04,PN,OTR,3008.0
2024-04-05,PN,ENE,46428.0
2024-04-05,PN,MOB,8531.0
2024-04-05,PN,INS,35959.0
2024-04-05,PN,OTR,2300.0
2024-04-06,PN,ENE,44593.0
2024-04-06,PN,MOB,8404.0
2024-04-06,PN,INS,24533.0
2024-04-06,PN,OTR,3350.0
2024-04-07,PN,ENE,48090.0
2024-04-07,PN,MOB,8419.0
2024-04-07,PN,INS,37992.0
2024-04-07,PN,OTR,2956.0
2024-04-08,PN,ENE,49931.0
2024-04-08,PN,MOB,8742.0
2024-04-08,PN,INS,34542.0
2024-04-08,PN,OTR,3449.0
2024-04-09,PN,ENE,44466.0
2024-04-09,PN,MOB,8647.0
2024-04-09,PN,INS,34042.0
2024-04-09,PN,OTR,3105.0
2024-04-10,PN,ENE,45180.0
2024-04-10,PN,MOB,8471.0
2024-04-10,PN,INS,39861.0
2024-04-10,PN,OTR,2162.0
2024-04-11,PN,ENE,42884.0
2024-04-11,PN,MOB,8683.0
2024-04-11,PN,INS,26757.0
2024-04-11,PN,OTR,2210.0
2024-04-12,PN,ENE,51099.0
2024-04-12,PN,MOB,8475.0
2024-04-12,PN,INS,31289.0
2024-04-12,PN,OTR,2027.0
2024-04-13,PN,ENE,48442.0
2024-04-13,PN,MOB,8190.0
2024-04-13,PN,INS,27089.0
2024-04-13,PN,OTR,1992.0
2024-04-14,PN,ENE,46485.0
2024-04-14,PN,MOB,8626.0
2024-04-14,PN,INS,29343.0
2024-04-14,PN,OTR,2943.0
2024-04-15,PN,ENE,45224.0
2024-04-15,PN,MOB,8577.0
2024-04-15,PN,INS,35251.0
2024-04-15,PN,OTR,2101.0
2024-04-16,PN,ENE,38726.0
2024-04-16,PN,MOB,8436.0
2024-04-16,PN,INS,25646.0
2024-04-16,PN,OTR,2206.0
2024-04-17,PN,ENE,42441.0
2024-04-17,PN,MOB,8510.0
2024-04-17,PN,INS,24212.0
2024-04-17,PN,OTR,1715.0
2024-04-18,PN,ENE,42761.0
2024-04-18,PN,MOB,8603.0
2024-04-18,PN,INS,30437.0
2024-04-18,PN,OTR,3197.0
2024-04-19,PN,ENE,42312.0
2024-04-19,PN,MOB,8269.0
2024-04-19,PN,INS,34354.0
2024-04-19,PN,OTR,1636.0
2024-04-20,PN,ENE,42435.0
2024-04-20,PN,MOB,8314.0
2024-04-20,PN,INS,31397.0
2024-04-20,PN,OTR,3200.0
2024-04-21,PN,ENE,46761.0
2024-04-21,PN,MOB,8435.0
2024-04-21,PN,INS,31068.0
2024-04-21,PN,OTR,2779.0
2024-04-22,PN,ENE,44967.0
2024-04-22,PN,MOB,8654.0
2024-04-22,PN,INS,26164.0
2024-04-22,PN,OTR,2812.0
2024-04-23,PN,ENE,43513.0
2024-04-23,PN,MOB,8320.0
2024-04-23,PN,INS,29967.0
2024-04-23,PN,OTR,2831.0
2024-04-24,PN,ENE,45603.0
2024-04-24,PN,MOB,8572.0
2024-04-24,PN,INS,33617.0
2024-04-24,PN,OTR,3256.0
2024-04-25,PN,ENE,48466.0
2024-04-25,PN,MOB,8486.0
2024-04-25,PN,INS,37937.0
2024-04-25,PN,OTR,2934.0
2024-04-26,PN,ENE,35983.0
2024-04-26,PN,MOB,8431.0
2024-04-26,PN,INS,27738.0
2024-04-26,PN,OTR,2162.0
2024-04-27,PN,ENE,48625.0
2024-04-27,PN,MOB,8351.0
2024-04-27,PN,INS,19147.0
2024-04-27,PN,OTR,3481.0
2024-04-28,PN,ENE,44675.0
2024-04-28,PN,MOB,8475.0
2024-04-28,PN,INS,37875.0
2024-04-28,PN,OTR,1709.0
2024-04-29,PN,ENE,46970.0
2024-04-29,PN,MOB,8707.0
2024-04-29,PN,INS,27590.0
2024-04-29,PN,OTR,3035.0
2024-04-30,PN,ENE,41992.0
2024-04-30,PN,MOB,8474.0
2024-04-30,PN,INS,36025.0
2024-04-30,PN,OTR,2834.0
2024-05-01,PN,ENE,44187.0
2024-05-01,PN,MOB,8523.0
2024-05-01,PN,INS,32466.0
2024-05-01,PN,OTR,3218.0
2024-05-02,PN,ENE,48882.0
2024-05-02,PN,MOB,8509.0
2024-05-02,PN,INS,40626.0
2024-05-02,PN,OTR,1883.0
2024-05-03,PN,ENE,41384.0
2024-05-03,PN,MOB,8559.0
2024-05-03,PN,INS,33747.0
2024-05-03,PN,OTR,3030.0
2024-05-04,PN,ENE,38557.0
2024-05-04,PN,MOB,8520.0
2024-05-04,PN,INS,33665.0
2024-05-04,PN,OTR,2058.0
2024-05-05,PN,ENE,50111.0
2024-05-05,PN,MOB,8582.0
2024-05-05,PN,INS,38238.0
2024-05-05,PN,OTR,2513.0
2024-05-06,PN,ENE,42304.0
2024-05-06,PN,MOB,8365.0
2024-05-06,PN,INS,34427.0
2024-05-06,PN,OTR,2374.0
2024-05-07,PN,ENE,43745.0
2024-05-07,PN,MOB,8528.0
2024-05-07,PN,INS,35861.0
2024-05-07,PN,OTR,2576.0
2024-05-08,PN,ENE,52672.0
2024-05-08,PN,MOB,8535.0
2024-05-08,PN,INS,33462.0
2024-05-08,PN,OTR,2790.0
2024-05-09,PN,ENE,44388.0
2024-05-09,PN,MOB,8574.0
2024-05-09,PN,INS,33529.0
2024-05-09,PN,OTR,1768.0
2024-05-10,PN,ENE,48850.0
2024-05-10,PN,MOB,8488.0
2024-05-10,PN,INS,33944.0
2024-05-10,PN,OTR,1616.0
2024-05-11,PN,ENE,40366.0
2024-05-11,PN,MOB,8440.0
2024-05-11,PN,INS,26190.0
2024-05-11,PN,OTR,1787.0
2024-05-12,PN,ENE,49251.0
2024-05-12,PN,MOB,8519.0
2024-05-12,PN,INS,32974.0
2024-05-12,PN,OTR,1788.0
2024-05-13,PN,ENE,47284.0
2024-05-13,PN,MOB,8335.0
2024-05-13,PN,INS,34860.0
2024-05-13,PN,OTR,2613.0
2024-05-14,PN,ENE,40378.0
2024-05-14,PN,MOB,8411.0
2024-05-14,PN,INS,28279.0
2024-05-14,PN,OTR,2750.0
2024-05-15,PN,ENE,47422.0
2024-05-15,PN,MOB,8425.0
2024-05-15,PN,INS,19671.0
2024-05-15,PN,OTR,2259.0
2024-05-16,PN,ENE,45703.0
2024-05-16,PN,MOB,8452.0
2024-05-16,PN,INS,25072.0
2024-05-16,PN,OTR,3319.0
2024-05-17,PN,ENE,52028.0
2024-05-17,PN,MOB,8634.0
2024-05-17,PN,INS,32776.0
2024-05-17,PN,OTR,2926.0
2024-05-18,PN,ENE,45620.0
2024-05-18,PN,MOB,8515.0
2024-05-18,PN,INS,30364.0
2024-05-18,PN,OTR,2089.0
2024-05-19,PN,ENE,43493.0
2024-05-19,PN,MOB,8453.0
2024-05-19,PN,INS,26993.0
2024-05-19,PN,OTR,2576.0
2024-05-20,PN,ENE,45674.0
2024-05-20,PN,MOB,8564.0
2024-05-20,PN,INS,25965.0
2024-05-20,PN,OTR,1981.0
2024-05-21,PN,ENE,44831.0
2024-05-21,PN,MOB,8458.0
2024-05-21,PN,INS,31513.0
2024-05-21,PN,OTR,3214.0
2024-05-22,PN,ENE,48184.0
2024-05-22,PN,MOB,8731.0
2024-05-22,PN,INS,35165.0
2024-05-22,PN,OTR,2684.0
2024-05-23,PN,ENE,44131.0
2024-05-23,PN,MOB,8544.0
2024-05-23,PN,INS,28510.0
2024-05-23,PN,OTR,2793.0
2024-05-24,PN,ENE,46090.0
2024-05-24,PN,MOB,8480.0
2024-05-24,PN,INS,28900.0
2024-05-24,PN,OTR,2725.0
2024-05-25,PN,ENE,44065.0
2024-05-25,PN,MOB,8222.0
2024-05-25,PN,INS,29833.0
2024-05-25,PN,OTR,2231.0
2024-05-26,PN,ENE,47194.0
2024-05-26,PN,MOB,8312.0
2024-05-26,PN,INS,29476.0
2024-05-26,PN,OTR,2143.0
2024-05-27,PN,ENE,45055.0
2024-05-27,PN,MOB,8432.0
2024-05-27,PN,INS,25106.0
2024-05-27,PN,OTR,2559.0
2024-05-28,PN,ENE,45111.0
2024-05-28,PN,MOB,8763.0
2024-05-28,PN,INS,29213.0
2024-05-28,PN,OTR,2067.0
2024-05-29,PN,ENE,46667.0
2024-05-29,PN,MOB,8514.0
2024-05-29,PN,INS,25468.0
2024-05-29,PN,OTR,3135.0
2024-05-30,PN,ENE,45078.0
2024-05-30,PN,MOB,8581.0
2024-05-30,PN,INS,36254.0
2024-05-30,PN,OTR,1789.0
2024-05-31,PN,ENE,42480.0
2024-05-31,PN,MOB,8565.0
2024-05-31,PN,INS,30311.0
2024-05-31,PN,OTR,2789.0
2024-06-01,PN,ENE,43901.0
2024-06-01,PN,MOB,8678.0
2024-06-01,PN,INS,39477.0
2024-06-01,PN,OTR,3122.0
2024-06-02,PN,ENE,45692.0
2024-06-02,PN,MOB,8512.0
2024-06-02,PN,INS,37443.0
2024-06-02,PN,OTR,2912.0
2024-06-03,PN,ENE,47952.0
2024-06-03,PN,MOB,8419.0
2024-06-03,PN,INS,33259.0
2024-06-03,PN,OTR,2221.0
2024-06-04,PN,ENE,40465.0
2024-06-04,PN,MOB,8302.0
2024-06-04,PN,INS,29257.0
2024-06-04,PN,OTR,2524.0
2024-06-05,PN,ENE,40456.0
2024-06-05,PN,MOB,8332.0
2024-06-05,PN,INS,32975.0
2024-06-05,PN,OTR,2100.0
2024-06-06,PN,ENE,39335.0
2024-06-06,PN,MOB,8465.0
2024-06-06,PN,INS,27997.0
2024-06-06,PN,OTR,3357.0
2024-06-07,PN,ENE,49792.0
2024-06-07,PN,MOB,8464.0
2024-06-07,PN,INS,19505.0
2024-06-07,PN,OTR,2481.0
2024-06-08,PN,ENE,40297.0
2024-06-08,PN,MOB,8436.0
2024-06-08,PN,INS,35600.0
2024-06-08,PN,OTR,2966.0
2024-06-09,PN,ENE,51143.0
2024-06-09,PN,MOB,8496.0
2024-06-09,PN,INS,26504.0
2024-06-09,PN,OTR,2944.0
2024-06-10,PN,ENE,47413.0
2024-06-10,PN,MOB,8507.0
2024-06-10,PN,INS,31735.0
2024-06-10,PN,OTR,1531.0
2024-06-11,PN,ENE,47198.0
2024-06-11,PN,MOB,8494.0
2024-06-11,PN,INS,24059.0
2024-06-11,PN,OTR,3046.0
2024-06-12,PN,ENE,45229.0
2024-06-12,PN,MOB,8385.0
2024-06-12,PN,INS,34407.0
2024-06-12,PN,OTR,2395.0
2024-06-13,PN,ENE,51127.0
2024-06-13,PN,MOB,8681.0
2024-06-13,PN,INS,29034.0
2024-06-13,PN,OTR,2596.0
2024-06-14,PN,ENE,45365.0
2024-06-14,PN,MOB,8680.0
2024-06-14,PN,INS,33531.0
2024-06-14,PN,OTR,2336.0
2024-06-15,PN,ENE,49184.0
2024-06-15,PN,MOB,8634.0
2024-06-15,PN,INS,35881.0
2024-06-15,PN,OTR,2290.0
2024-06-16,PN,ENE,45560.0
2024-06-16,PN,MOB,8293.0
2024-06-16,PN,INS,29577.0
2024-06-16,PN,OTR,2141.0
2024-06-17,PN,ENE,46498.0
2024-06-17,PN,MOB,8140.0
2024-06-17,PN,INS,33048.0
2024-06-17,PN,OTR,2491.0
2024-06-18,PN,ENE,44205.0
2024-06-18,PN,MOB,8911.0
2024-06-18,PN,INS,30084.0
2024-06-18,PN,OTR,3302.0
2024-06-19,PN,ENE,43082.0
2024-06-19,PN,MOB,8468.0
2024-06-19,PN,INS,30759.0
2024-06-19,PN,OTR,2326.0
2024-06-20,PN,ENE,47000.0
2024-06-20,PN,MOB,8473.0
2024-06-20,PN,INS,25268.0
2024-06-20,PN,OTR,2292.0
2024-06-21,PN,ENE,41627.0
2024-06-21,PN,MOB,8413.0
2024-06-21,PN,INS,29490.0
2024-06-21,PN,OTR,2190.0
2024-06-22,PN,ENE,46078.0
2024-06-22,PN,MOB,8784.0
2024-06-22,PN,INS,27769.0
2024-06-22,PN,OTR,2841.0
2024-06-23,PN,ENE,39293.0
2024-06-23,PN,MOB,8846.0
2024-06-23,PN,INS,40913.0
2024-06-23,PN,OTR,2623.0
2024-06-24,PN,ENE,42486.0
2024-06-24,PN,MOB,8509.0
2024-06-24,PN,INS,34642.0
2024-06-24,PN,OTR,2133.0
2024-06-25,PN,ENE,51162.0
2024-06-25,PN,MOB,8370.0
2024-06-25,PN,INS,32844.0
2024-06-25,PN,OTR,1805.0
2024-06-26,PN,ENE,42168.0
2024-06-26,PN,MOB,8522.0
2024-06-26,PN,INS,22643.0
2024-06-26,PN,OTR,3059.0
2024-06-27,PN,ENE,45803.0
2024-06-27,PN,MOB,8514.0
2024-06-27,PN,INS,31381.0
2024-06-27,PN,OTR,2160.0
2024-06-28,PN,ENE,45319.0
2024-06-28,PN,MOB,8473.0
2024-06-28,PN,INS,11427.0
2024-06-28,PN,OTR,2610.0
2024-06-29,PN,ENE,41532.0
2024-06-29,PN,MOB,8629.0
2024-06-29,PN,INS,32889.0
2024-06-29,PN,OTR,3029.0
2024-06-30,PN,ENE,51603.0
2024-06-30,PN,MOB,8846.0
2024-06-30,PN,INS,29301.0
2024-06-30,PN,OTR,3091.0
2024-07-01,PN,ENE,48607.0
2024-07-01,PN,MOB,8410.0
2024-07-01,PN,INS,22610.0
2024-07-01,PN,OTR,2108.0
2024-07-02,PN,ENE,45702.0
2024-07-02,PN,MOB,8632.0
2024-07-02,PN,INS,28636.0
2024-07-02,PN,OTR,2937.0
2024-07-03,PN,ENE,42698.0
2024-07-03,PN,MOB,8327.0
2024-07-03,PN,INS,29338.0
2024-07-03,PN,OTR,3393.0
2024-07-04,PN,ENE,37644.0
2024-07-04,PN,MOB,8603.0
2024-07-04,PN,INS,29114.0
2024-07-04,PN,OTR,1845.0
2024-07-05,PN,ENE,47045.0
2024-07-05,PN,MOB,8195.0
2024-07-05,PN,INS,28124.0
2024-07-05,PN,OTR,3149.0
2024-07-06,PN,ENE,40850.0
2024-07-06,PN,MOB,8274.0
2024-07-06,PN,INS,23218.0
2024-07-06,PN,OTR,1865.0
2024-07-07,PN,ENE,43745.0
2024-07-07,PN,MOB,8345.0
2024-07-07,PN,INS,36461.0
2024-07-07,PN,OTR,2938.0
2024-07-08,PN,ENE,44295.0
2024-07-08,PN,MOB,8381.0
2024-07-08,PN,INS,33051.0
2024-07-08,PN,OTR,1881.0
2024-07-09,PN,ENE,49125.0
2024-07-09,PN,MOB,8496.0
2024-07-09,PN,INS,30498.0
2024-07-09,PN,OTR,1690.0
2024-07-10,PN,ENE,45804.0
2024-07-10,PN,MOB,8432.0
2024-07-10,PN,INS,35067.0
2024-07-10,PN,OTR,2800.0
2024-07-11,PN,ENE,47894.0
2024-07-11,PN,MOB,8590.0
2024-07-11,PN,INS,30153.0
2024-07-11,PN,OTR,1665.0
2024-07-12,PN,ENE,43725.0
2024-07-12,PN,MOB,8455.0
2024-07-12,PN,INS,36224.0
2024-07-12,PN,OTR,2816.0
2024-07-13,PN,ENE,40424.0
2024-07-13,PN,MOB,8642.0
2024-07-13,PN,INS,26901.0
2024-07-13,PN,OTR,2455.0
2024-07-14,PN,ENE,49428.0
2024-07-14,PN,MOB,8595.0
2024-07-14,PN,INS,34985.0
2024-07-14,PN,OTR,1888.0
2024-07-15,PN,ENE,45681.0
2024-07-15,PN,MOB,8226.0
2024-07-15,PN,INS,33517.0
2024-07-15,PN,OTR,1640.0
2024-07-16,PN,ENE,37408.0
2024-07-16,PN,MOB,8468.0
2024-07-16,PN,INS,18383.0
2024-07-16,PN,OTR,2116.0
2024-07-17,PN,ENE,43407.0
2024-07-17,PN,MOB,8353.0
2024-07-17,PN,INS,33890.0
2024-07-17,PN,OTR,2231.0
2024-07-18,PN,ENE,41453.0
2024-07-18,PN,MOB,8484.0
2024-07-18,PN,INS,31731.0
2024-07-18,PN,OTR,1524.0
2024-07-19,PN,ENE,38797.0
2024-07-19,PN,MOB,8535.0
2024-07-19,PN,INS,8450.0
2024-07-19,PN,OTR,2534.0
2024-07-20,PN,ENE,42174.0
2024-07-20,PN,MOB,8486.0
2024-07-20,PN,INS,33547.0
2024-07-20,PN,OTR,2301.0
2024-07-21,PN,ENE,41245.0
2024-07-21,PN,MOB,8704.0
2024-07-21,PN,INS,24472.0
2024-07-21,PN,OTR,2313.0
2024-07-22,PN,ENE,43054.0
2024-07-22,PN,MOB,8384.0
2024-07-22,PN,INS,24925.0
2024-07-22,PN,OTR,2588.0
2024-07-23,PN,ENE,49405.0
2024-07-23,PN,MOB,8346.0
2024-07-23,PN,INS,26568.0
2024-07-23,PN,OTR,2393.0
2024-07-24,PN,ENE,42623.0
2024-07-24,PN,MOB,8308.0
2024-07-24,PN,INS,30426.0
2024-07-24,PN,OTR,1826.0
2024-07-25,PN,ENE,46376.0
2024-07-25,PN,MOB,8400.0
2024-07-25,PN,INS,28846.0
2024-07-25,PN,OTR,3416.0
2024-07-26,PN,ENE,44969.0
2024-07-26,PN,MOB,8630.0
2024-07-26,PN,INS,32117.0
2024-07-26,PN,OTR,3253.0
2024-07-27,PN,ENE,41436.0
2024-07-27,PN,MOB,8401.0
2024-07-27,PN,INS,31156.0
2024-07-27,PN,OTR,1714.0
2024-07-28,PN,ENE,38719.0
2024-07-28,PN,MOB,8608.0
2024-07-28,PN,INS,34299.0
2024-07-28,PN,OTR,2963.0
2024-07-29,PN,ENE,38926.0
2024-07-29,PN,MOB,8561.0
2024-07-29,PN,INS,34006.0
2024-07-29,PN,OTR,2242.0
2024-07-30,PN,ENE,43044.0
2024-07-30,PN,MOB,8578.0
2024-07-30,PN,INS,33741.0
2024-07-30,PN,OTR,3144.0
2024-07-31,PN,ENE,47828.0
2024-07-31,PN,MOB,8624.0
2024-07-31,PN,INS,32843.0
2024-07-31,PN,OTR,3138.0
2024-08-01,PN,ENE,41254.0
2024-08-01,PN,MOB,8395.0
2024-08-01,PN,INS,31873.0
2024-08-01,PN,OTR,2995.0
2024-08-02,PN,ENE,48588.0
2024-08-02,PN,MOB,8569.0
2024-08-02,PN,INS,33130.0
2024-08-02,PN,OTR,1795.0
2024-08-03,PN,ENE,37737.0
2024-08-03,PN,MOB,8462.0
2024-08-03,PN,INS,27995.0
2024-08-03,PN,OTR,2036.0
2024-08-04,PN,ENE,41756.0
2024-08-04,PN,MOB,8529.0
2024-08-04,PN,INS,29588.0
2024-08-04,PN,OTR,2112.0
2024-08-05,PN,ENE,47395.0
2024-08-05,PN,MOB,8489.0
2024-08-05,PN,INS,20751.0
2024-08-05,PN,OTR,1607.0
2024-08-06,PN,ENE,43178.0
2024-08-06,PN,MOB,8275.0
2024-08-06,PN,INS,25726.0
2024-08-06,PN,OTR,1784.0
2024-08-07,PN,ENE,46019.0
2024-08-07,PN,MOB,8187.0
2024-08-07,PN,INS,30278.0
2024-08-07,PN,OTR,2490.0
2024-08-08,PN,ENE,45142.0
2024-08-08,PN,MOB,8265.0
2024-08-08,PN,INS,31462.0
2024-08-08,PN,OTR,1793.0
2024-08-09,PN,ENE,44888.0
2024-08-09,PN,MOB,8618.0
2024-08-09,PN,INS,30277.0
2024-08-09,PN,OTR,3028.0
2024-08-10,PN,ENE,47483.0
2024-08-10,PN,MOB,8837.0
2024-08-10,PN,INS,35425.0
2024-08-10,PN,OTR,3193.0
2024-08-11,PN,ENE,39622.0
2024-08-11,PN,MOB,8534.0
2024-08-11,PN,INS,37498.0
2024-08-11,PN,OTR,3409.0
2024-08-12,PN,ENE,49390.0
2024-08-12,PN,MOB,8790.0
2024-08-12,PN,INS,25463.0
2024-08-12,PN,OTR,3357.0
2024-08-13,PN,ENE,48527.0
2024-08-13,PN,MOB,8495.0
2024-08-13,PN,INS,25736.0
2024-08-13,PN,OTR,2747.0
2024-08-14,PN,ENE,45742.0
2024-08-14,PN,MOB,8663.0
2024-08-14,PN,INS,25467.0
2024-08-14,PN,OTR,1870.0
2024-08-15,PN,ENE,49578.0
2024-08-15,PN,MOB,8709.0
2024-08-15,PN,INS,27933.0
2024-08-15,PN,OTR,2787.0
2024-08-16,PN,ENE,45961.0
2024-08-16,PN,MOB,8523.0
2024-08-16,PN,INS,35402.0
2024-08-16,PN,OTR,2811.0
2024-08-17,PN,ENE,45218.0
2024-08-17,PN,MOB,8542.0
2024-08-17,PN,INS,35912.0
2024-08-17,PN,OTR,2564.0
2024-08-18,PN,ENE,46458.0
2024-08-18,PN,MOB,8695.0
2024-08-18,PN,INS,28693.0
2024-08-18,PN,OTR,2721.0
2024-08-19,PN,ENE,45819.0
2024-08-19,PN,MOB,8667.0
2024-08-19,PN,INS,22499.0
2024-08-19,PN,OTR,1822.0
2024-08-20,PN,ENE,38978.0
2024-08-20,PN,MOB,8822.0
2024-08-20,PN,INS,33928.0
2024-08-20,PN,OTR,2614.0
2024-08-21,PN,ENE,47200.0
2024-08-21,PN,MOB,8566.0
2024-08-21,PN,INS,32133.0
2024-08-21,PN,OTR,3418.0
2024-08-22,PN,ENE,44798.0
2024-08-22,PN,MOB,8482.0
2024-08-22,PN,INS,27308.0
2024-08-22,PN,OTR,3444.0
2024-08-23,PN,ENE,45983.0
2024-08-23,PN,MOB,8156.0
2024-08-23,PN,INS,24148.0
2024-08-23,PN,OTR,2205.0
2024-08-24,PN,ENE,36198.0
2024-08-24,PN,MOB,8424.0
2024-08-24,PN,INS,28840.0
2024-08-24,PN,OTR,1786.0
2024-08-25,PN,ENE,48220.0
2024-08-25,PN,MOB,8570.0
2024-08-25,PN,INS,34872.0
2024-08-25,PN,OTR,2846.0
2024-08-26,PN,ENE,47023.0
2024-08-26,PN,MOB,8435.0
2024-08-26,PN,INS,29432.0
2024-08-26,PN,OTR,2159.0
2024-08-27,PN,ENE,44759.0
2024-08-27,PN,MOB,8604.0
2024-08-27,PN,INS,27425.0
2024-08-27,PN,OTR,3401.0
2024-08-28,PN,ENE,48414.0
2024-08-28,PN,MOB,8533.0
2024-08-28,PN,INS,21519.0
2024-08-28,PN,OTR,2615.0
2024-08-29,PN,ENE,39069.0
2024-08-29,PN,MOB,8608.0
2024-08-29,PN,INS,32406.0
2024-08-29,PN,OTR,2691.0
2024-08-30,PN,ENE,44313.0
2024-08-30,PN,MOB,8487.0
2024-08-30,PN,INS,24475.0
2024-08-30,PN,OTR,1517.0
2024-08-31,PN,ENE,43738.0
2024-08-31,PN,MOB,8557.0
2024-08-31,PN,INS,25510.0
2024-08-31,PN,OTR,2121.0
2024-09-01,PN,ENE,41277.0
2024-09-01,PN,MOB,8449.0
2024-09-01,PN,INS,28025.0
2024-09-01,PN,OTR,2640.0
2024-09-02,PN,ENE,47968.0
2024-09-02,PN,MOB,8269.0
2024-09-02,PN,INS,41639.0
2024-09-02,PN,OTR,2344.0
2024-09-03,PN,ENE,40282.0
2024-09-03,PN,MOB,8688.0
2024-09-03,PN,INS,28115.0
2024-09-03,PN,OTR,1765.0
2024-09-04,PN,ENE,44912.0
2024-09-04,PN,MOB,8489.0
2024-09-04,PN,INS,31866.0
2024-09-04,PN,OTR,1565.0
2024-09-05,PN,ENE,44069.0
2024-09-05,PN,MOB,8576.0
2024-09-05,PN,INS,35689.0
2024-09-05,PN,OTR,2275.0
2024-09-06,PN,ENE,38764.0
2024-09-06,PN,MOB,8419.0
2024-09-06,PN,INS,33425.0
2024-09-06,PN,OTR,1586.0
2024-09-07,PN,ENE,48133.0
2024-09-07,PN,MOB,8666.0
2024-09-07,PN,INS,26350.0
2024-09-07,PN,OTR,1949.0
2024-09-08,PN,ENE,43720.0
2024-09-08,PN,MOB,8559.0
2024-09-08,PN,INS,27565.0
2024-09-08,PN,OTR,2773.0
2024-09-09,PN,ENE,45315.0
2024-09-09,PN,MOB,8348.0
2024-09-09,PN,INS,38721.0
2024-09-09,PN,OTR,3390.0
2024-09-10,PN,ENE,44707.0
2024-09-10,PN,MOB,8164.0
2024-09-10,PN,INS,30277.0
2024-09-10,PN,OTR,2241.0
2024-09-11,PN,ENE,48681.0
2024-09-11,PN,MOB,8822.0
2024-09-11,PN,INS,32183.0
2024-09-11,PN,OTR,2644.0
2024-09-12,PN,ENE,44793.0
2024-09-12,PN,MOB,8860.0
2024-09-12,PN,INS,34327.0
2024-09-12,PN,OTR,3274.0
2024-09-13,PN,ENE,42471.0
2024-09-13,PN,MOB,8498.0
2024-09-13,PN,INS,31657.0
2024-09-13,PN,OTR,3006.0
2024-09-14,PN,ENE,41754.0
2024-09-14,PN,MOB,8555.0
2024-09-14,PN,INS,22491.0
2024-09-14,PN,OTR,1691.0
2024-09-15,PN,ENE,50694.0
2024-09-15,PN,MOB,8372.0
2024-09-15,PN,INS,31742.0
2024-09-15,PN,OTR,1561.0
2024-09-16,PN,ENE,45027.0
2024-09-16,PN,MOB,8551.0
2024-09-16,PN,INS,18780.0
2024-09-16,PN,OTR,3085.0
2024-09-17,PN,ENE,48626.0
2024-09-17,PN,MOB,8527.0
2024-09-17,PN,INS,28582.0
2024-09-17,PN,OTR,2199.0
2024-09-18,PN,ENE,38079.0
2024-09-18,PN,MOB,8383.0
2024-09-18,PN,INS,33423.0
2024-09-18,PN,OTR,2610.0
2024-09-19,PN,ENE,48911.0
2024-09-19,PN,MOB,8477.0
2024-09-19,PN,INS,28136.0
2024-09-19,PN,OTR,2405.0
2024-09-20,PN,ENE,45541.0
2024-09-20,PN,MOB,8345.0
2024-09-20,PN,INS,33870.0
2024-09-20,PN,OTR,2168.0
2024-09-21,PN,ENE,49876.0
2024-09-21,PN,MOB,8660.0
2024-09-21,PN,INS,36891.0
2024-09-21,PN,OTR,1565.0
2024-09-22,PN,ENE,41114.0
2024-09-22,PN,MOB,8587.0
2024-09-22,PN,INS,36280.0
2024-09-22,PN,OTR,1984.0
2024-09-23,PN,ENE,39470.0
2024-09-23,PN,MOB,8519.0
2024-09-23,PN,INS,31351.0
2024-09-23,PN,OTR,2444.0
2024-09-24,PN,ENE,38770.0
2024-09-24,PN,MOB,8526.0
2024-09-24,PN,INS,30198.0
2024-09-24,PN,OTR,2499.0
2024-09-25,PN,ENE,50130.0
2024-09-25,PN,MOB,8378.0
2024-09-25,PN,INS,37781.0
2024-09-25,PN,OTR,1750.0
2024-09-26,PN,ENE,45237.0
2024-09-26,PN,MOB,8604.0
2024-09-26,PN,INS,37123.0
2024-09-26,PN,OTR,3017.0
2024-09-27,PN,ENE,40309.0
2024-09-27,PN,MOB,8355.0
2024-09-27,PN,INS,29459.0
2024-09-27,PN,OTR,1566.0
2024-09-28,PN,ENE,38571.0
2024-09-28,PN,MOB,8292.0
2024-09-28,PN,INS,32442.0
2024-09-28,PN,OTR,2659.0
2024-09-29,PN,ENE,42647.0
2024-09-29,PN,MOB,8505.0
2024-09-29,PN,INS,29118.0
2024-09-29,PN,OTR,1689.0
2024-09-30,PN,ENE,47798.0
2024-09-30,PN,MOB,8348.0
2024-09-30,PN,INS,25867.0
2024-09-30,PN,OTR,3326.0
2024-10-01,PN,ENE,43376.0
2024-10-01,PN,MOB,8428.0
2024-10-01,PN,INS,29815.0
2024-10-01,PN,OTR,2491.0
2024-10-02,PN,ENE,50365.0
2024-10-02,PN,MOB,8763.0
2024-10-02,PN,INS,33977.0
2024-10-02,PN,OTR,2069.0
2024-10-03,PN,ENE,43524.0
2024-10-03,PN,MOB,8353.0
2024-10-03,PN,INS,26924.0
2024-10-03,PN,OTR,1844.0
2024-10-04,PN,ENE,43195.0
2024-10-04,PN,MOB,8530.0
2024-10-04,PN,INS,31300.0
2024-10-04,PN,OTR,2840.0
2024-10-05,PN,ENE,42253.0
2024-10-05,PN,MOB,8408.0
2024-10-05,PN,INS,18540.0
2024-10-05,PN,OTR,1979.0
2024-10-06,PN,ENE,46125.0
2024-10-06,PN,MOB,8537.0
2024-10-06,PN,INS,36809.0
2024-10-06,PN,OTR,1689.0
2024-10-07,PN,ENE,33979.0
2024-10-07,PN,MOB,8453.0
2024-10-07,PN,INS,38308.0
2024-10-07,PN,OTR,1965.0
2024-10-08,PN,ENE,45243.0
2024-10-08,PN,MOB,8720.0
2024-10-08,PN,INS,35068.0
2024-10-08,PN,OTR,3022.0
2024-10-09,PN,ENE,48179.0
2024-10-09,PN,MOB,8624.0
2024-10-09,PN,INS,26960.0
2024-10-09,PN,OTR,1645.0
2024-10-10,PN,ENE,47018.0
2024-10-10,PN,MOB,8402.0
2024-10-10,PN,INS,31818.0
2024-10-10,PN,OTR,1701.0
2024-10-11,PN,ENE,46402.0
2024-10-11,PN,MOB,8543.0
2024-10-11,PN,INS,29826.0
2024-10-11,PN,OTR,1814.0
2024-10-12,PN,ENE,41916.0
2024-10-12,PN,MOB,8430.0
2024-10-12,PN,INS,30549.0
2024-10-12,PN,OTR,2409.0
2024-10-13,PN,ENE,35894.0
2024-10-13,PN,MOB,8430.0
2024-10-13,PN,INS,29774.0
2024-10-13,PN,OTR,3209.0
2024-10-14,PN,ENE,43635.0
2024-10-14,PN,MOB,8394.0
2024-10-14,PN,INS,30476.0
2024-10-14,PN,OTR,1586.0
2024-10-15,PN,ENE,49564.0
2024-10-15,PN,MOB,8450.0
2024-10-15,PN,INS,37205.0
2024-10-15,PN,OTR,1769.0
2024-10-16,PN,ENE,40870.0
2024-10-16,PN,MOB,8469.0
2024-10-16,PN,INS,39502.0
2024-10-16,PN,OTR,2277.0
2024-10-17,PN,ENE,42281.0
2024-10-17,PN,MOB,8371.0
2024-10-17,PN,INS,22588.0
2024-10-17,PN,OTR,2616.0
2024-10-18,PN,ENE,44878.0
2024-10-18,PN,MOB,8543.0
2024-10-18,PN,INS,33234.0
2024-10-18,PN,OTR,2709.0
2024-10-19,PN,ENE,42833.0
2024-10-19,PN,MOB,8527.0
2024-10-19,PN,INS,37535.0
2024-10-19,PN,OTR,2006.0
2024-10-20,PN,ENE,44556.0
2024-10-20,PN,MOB,8572.0
2024-10-20,PN,INS,32373.0
2024-10-20,PN,OTR,2782.0
2024-10-21,PN,ENE,51071.0
2024-10-21,PN,MOB,8257.0
2024-10-21,PN,INS,31350.0
2024-10-21,PN,OTR,2785.0
2024-10-22,PN,ENE,43358.0
2024-10-22,PN,MOB,8804.0
2024-10-22,PN,INS,30293.0
2024-10-22,PN,OTR,1759.0
2024-10-23,PN,ENE,42837.0
2024-10-23,PN,MOB,8483.0
2024-10-23,PN,INS,32257.0
2024-10-23,PN,OTR,2828.0
2024-10-24,PN,ENE,45963.0
2024-10-24,PN,MOB,8532.0
2024-10-24,PN,INS,35553.0
2024-10-24,PN,OTR,2402.0
2024-10-25,PN,ENE,40157.0
2024-10-25,PN,MOB,8310.0
2024-10-25,PN,INS,37754.0
2024-10-25,PN,OTR,2933.0
2024-10-26,PN,ENE,49509.0
2024-10-26,PN,MOB,8586.0
2024-10-26,PN,INS,31256.0
2024-10-26,PN,OTR,2196.0
2024-10-27,PN,ENE,50607.0
2024-10-27,PN,MOB,8650.0
2024-10-27,PN,INS,29245.0
2024-10-27,PN,OTR,2732.0
2024-10-28,PN,ENE,43454.0
2024-10-28,PN,MOB,8574.0
2024-10-28,PN,INS,29171.0
2024-10-28,PN,OTR,3256.0
2024-10-29,PN,ENE,39727.0
2024-10-29,PN,MOB,8466.0
2024-10-29,PN,INS,9435.0
2024-10-29,PN,OTR,2155.0
2024-10-30,PN,ENE,50349.0
2024-10-30,PN,MOB,8384.0
2024-10-30,PN,INS,28174.0
2024-10-30,PN,OTR,3170.0
2024-10-31,PN,ENE,43990.0
2024-10-31,PN,MOB,8718.0
2024-10-31,PN,INS,38775.0
2024-10-31,PN,OTR,2339.0
2024-11-01,PN,ENE,39735.0
2024-11-01,PN,MOB,8315.0
2024-11-01,PN,INS,33407.0
2024-11-01,PN,OTR,3102.0
2024-11-02,PN,ENE,41870.0
2024-11-02,PN,MOB,8479.0
2024-11-02,PN,INS,39270.0
2024-11-02,PN,OTR,2352.0
2024-11-03,PN,ENE,47321.0
2024-11-03,PN,MOB,8921.0
2024-11-03,PN,INS,32819.0
2024-11-03,PN,OTR,2744.0
2024-11-04,PN,ENE,44861.0
2024-11-04,PN,MOB,8356.0
2024-11-04,PN,INS,26373.0
2024-11-04,PN,OTR,1680.0
2024-11-05,PN,ENE,47235.0
2024-11-05,PN,MOB,8552.0
2024-11-05,PN,INS,29449.0
2024-11-05,PN,OTR,3024.0
2024-11-06,PN,ENE,37968.0
2024-11-06,PN,MOB,8833.0
2024-11-06,PN,INS,26183.0
2024-11-06,PN,OTR,3383.0
2024-11-07,PN,ENE,48167.0
2024-11-07,PN,MOB,8380.0
2024-11-07,PN,INS,27530.0
2024-11-07,PN,OTR,2962.0
2024-11-08,PN,ENE,46409.0
2024-11-08,PN,MOB,8395.0
2024-11-08,PN,INS,26359.0
2024-11-08,PN,OTR,2488.0
2024-11-09,PN,ENE,47371.0
2024-11-09,PN,MOB,8459.0
2024-11-09,PN,INS,28166.0
2024-11-09,PN,OTR,1510.0
2024-11-10,PN,ENE,46563.0
2024-11-10,PN,MOB,8335.0
2024-11-10,PN,INS,28097.0
2024-11-10,PN,OTR,2056.0
2024-11-11,PN,ENE,48495.0
2024-11-11,PN,MOB,8534.0
2024-11-11,PN,INS,30665.0
2024-11-11,PN,OTR,3248.0
2024-11-12,PN,ENE,46491.0
2024-11-12,PN,MOB,8693.0
2024-11-12,PN,INS,39525.0
2024-11-12,PN,OTR,2786.0
2024-11-13,PN,ENE,52376.0
2024-11-13,PN,MOB,8372.0
2024-11-13,PN,INS,28745.0
2024-11-13,PN,OTR,2291.0
2024-11-14,PN,ENE,39892.0
2024-11-14,PN,MOB,8758.0
2024-11-14,PN,INS,30761.0
2024-11-14,PN,OTR,1616.0
2024-11-15,PN,ENE,43776.0
2024-11-15,PN,MOB,8458.0
2024-11-15,PN,INS,30205.0
2024-11-15,PN,OTR,2178.0
2024-11-16,PN,ENE,49794.0
2024-11-16,PN,MOB,8529.0
2024-11-16,PN,INS,32865.0
2024-11-16,PN,OTR,1816.0
2024-11-17,PN,ENE,50840.0
2024-11-17,PN,MOB,8402.0
2024-11-17,PN,INS,42435.0
2024-11-17,PN,OTR,3439.0
2024-11-18,PN,ENE,49493.0
2024-11-18,PN,MOB,8502.0
2024-11-18,PN,INS,37598.0
2024-11-18,PN,OTR,1736.0
2024-11-19,PN,ENE,48452.0
2024-11-19,PN,MOB,8418.0
2024-11-19,PN,INS,27918.0
2024-11-19,PN,OTR,3443.0
2024-11-20,PN,ENE,47635.0
2024-11-20,PN,MOB,8362.0
2024-11-20,PN,INS,34782.0
2024-11-20,PN,OTR,2424.0
2024-11-21,PN,ENE,43066.0
2024-11-21,PN,MOB,8696.0
2024-11-21,PN,INS,34829.0
2024-11-21,PN,OTR,1704.0
2024-11-22,PN,ENE,42131.0
2024-11-22,PN,MOB,8668.0
2024-11-22,PN,INS,21068.0
2024-11-22,PN,OTR,3010.0
2024-11-23,PN,ENE,44633.0
2024-11-23,PN,MOB,8380.0
2024-11-23,PN,INS,32409.0
2024-11-23,PN,OTR,3357.0
2024-11-24,PN,ENE,45652.0
2024-11-24,PN,MOB,8583.0
2024-11-24,PN,INS,34887.0
2024-11-24,PN,OTR,2957.0
2024-11-25,PN,ENE,49076.0
2024-11-25,PN,MOB,8539.0
2024-11-25,PN,INS,25887.0
2024-11-25,PN,OTR,1539.0
2024-11-26,PN,ENE,52021.0
2024-11-26,PN,MOB,8400.0
2024-11-26,PN,INS,27478.0
2024-11-26,PN,OTR,2970.0
2024-11-27,PN,ENE,49628.0
2024-11-27,PN,MOB,8813.0
2024-11-27,PN,INS,28571.0
2024-11-27,PN,OTR,1732.0
2024-11-28,PN,ENE,43475.0
2024-11-28,PN,MOB,8519.0
2024-11-28,PN,INS,29354.0
2024-11-28,PN,OTR,2498.0
2024-11-29,PN,ENE,43557.0
2024-11-29,PN,MOB,8568.0
2024-11-29,PN,INS,36427.0
2024-11-29,PN,OTR,2215.0
2024-11-30,PN,ENE,48227.0
2024-11-30,PN,MOB,8399.0
2024-11-30,PN,INS,38321.0
2024-11-30,PN,OTR,2573.0
2024-12-01,PN,ENE,42760.0
2024-12-01,PN,MOB,8541.0
2024-12-01,PN,INS,37386.0
2024-12-01,PN,OTR,1513.0
2024-12-02,PN,ENE,43540.0
2024-12-02,PN,MOB,8503.0
2024-12-02,PN,INS,32841.0
2024-12-02,PN,OTR,2276.0
2024-12-03,PN,ENE,43050.0
2024-12-03,PN,MOB,8493.0
2024-12-03,PN,INS,31950.0
2024-12-03,PN,OTR,1701.0
2024-12-04,PN,ENE,44184.0
2024-12-04,PN,MOB,8483.0
2024-12-04,PN,INS,29977.0
2024-12-04,PN,OTR,1609.0
2024-12-05,PN,ENE,44172.0
2024-12-05,PN,MOB,8455.0
2024-12-05,PN,INS,22647.0
2024-12-05,PN,OTR,3140.0
2024-12-06,PN,ENE,48862.0
2024-12-06,PN,MOB,8487.0
2024-12-06,PN,INS,18197.0
2024-12-06,PN,OTR,3130.0
2024-12-07,PN,ENE,47730.0
2024-12-07,PN,MOB,8592.0
2024-12-07,PN,INS,29977.0
2024-12-07,PN,OTR,3480.0
2024-12-08,PN,ENE,51827.0
2024-12-08,PN,MOB,8430.0
2024-12-08,PN,INS,28273.0
2024-12-08,PN,OTR,3318.0
2024-12-09,PN,ENE,44806.0
2024-12-09,PN,MOB,8530.0
2024-12-09,PN,INS,24248.0
2024-12-09,PN,OTR,3371.0
2024-12-10,PN,ENE,42191.0
2024-12-10,PN,MOB,8542.0
2024-12-10,PN,INS,39011.0
2024-12-10,PN,OTR,2907.0
2024-12-11,PN,ENE,44415.0
2024-12-11,PN,MOB,8217.0
2024-12-11,PN,INS,33187.0
2024-12-11,PN,OTR,1782.0
2024-12-12,PN,ENE,42778.0
2024-12-12,PN,MOB,8404.0
2024-12-12,PN,INS,31774.0
2024-12-12,PN,OTR,3046.0
2024-12-13,PN,ENE,39147.0
2024-12-13,PN,MOB,8724.0
2024-12-13,PN,INS,31278.0
2024-12-13,PN,OTR,2421.0
2024-12-14,PN,ENE,42345.0
2024-12-14,PN,MOB,8572.0
2024-12-14,PN,INS,30958.0
2024-12-14,PN,OTR,2256.0
2024-12-15,PN,ENE,38523.0
2024-12-15,PN,MOB,8218.0
2024-12-15,PN,INS,29857.0
2024-12-15,PN,OTR,2239.0
2024-12-16,PN,ENE,47721.0
2024-12-16,PN,MOB,8434.0
2024-12-16,PN,INS,32538.0
2024-12-16,PN,OTR,2675.0
2024-12-17,PN,ENE,47167.0
2024-12-17,PN,MOB,8615.0
2024-12-17,PN,INS,38830.0
2024-12-17,PN,OTR,1564.0
2024-12-18,PN,ENE,48248.0
2024-12-18,PN,MOB,8472.0
2024-12-18,PN,INS,30909.0
2024-12-18,PN,OTR,1680.0
2024-12-19,PN,ENE,47772.0
2024-12-19,PN,MOB,8632.0
2024-12-19,PN,INS,31470.0
2024-12-19,PN,OTR,3160.0
2024-12-20,PN,ENE,37063.0
2024-12-20,PN,MOB,8429.0
2024-12-20,PN,INS,24557.0
2024-12-20,PN,OTR,3306.0
2024-12-21,PN,ENE,37304.0
2024-12-21,PN,MOB,8447.0
2024-12-21,PN,INS,37213.0
2024-12-21,PN,OTR,2812.0
2024-12-22,PN,ENE,42321.0
2024-12-22,PN,MOB,8543.0
2024-12-22,PN,INS,26152.0
2024-12-22,PN,OTR,1891.0
2024-12-23,PN,ENE,44437.0
2024-12-23,PN,MOB,8610.0
2024-12-23,PN,INS,27379.0
2024-12-23,PN,OTR,1829.0
2024-12-24,PN,ENE,44655.0
2024-12-24,PN,MOB,8185.0
2024-12-24,PN,INS,27452.0
2024-12-24,PN,OTR,1870.0
2024-12-25,PN,ENE,41826.0
2024-12-25,PN,MOB,8581.0
2024-12-25,PN,INS,29885.0
2024-12-25,PN,OTR,2393.0
2024-12-26,PN,ENE,43650.0
2024-12-26,PN,MOB,8277.0
2024-12-26,PN,INS,31817.0
2024-12-26,PN,OTR,2737.0
2024-12-27,PN,ENE,41218.0
2024-12-27,PN,MOB,8576.0
2024-12-27,PN,INS,23837.0
2024-12-27,PN,OTR,2648.0
2024-12-28,PN,ENE,46149.0
2024-12-28,PN,MOB,8587.0
2024-12-28,PN,INS,32601.0
2024-12-28,PN,OTR,3258.0
2024-12-29,PN,ENE,46926.0
2024-12-29,PN,MOB,8281.0
2024-12-29,PN,INS,37000.0
2024-12-29,PN,OTR,3376.0
2024-12-30,PN,ENE,46040.0
2024-12-30,PN,MOB,8534.0
2024-12-30,PN,INS,29465.0
2024-12-30,PN,OTR,2433.0
2024-12-31,PN,ENE,42528.0
2024-12-31,PN,MOB,8450.0
2024-12-31,PN,INS,33286.0
2024-12-31,PN,OTR,1868.0
2025-01-01,PN,ENE,42036.0
2025-01-01,PN,MOB,8534.0
2025-01-01,PN,INS,32806.0
2025-01-01,PN,OTR,2237.0
2025-01-02,PN,ENE,41030.0
2025-01-02,PN,MOB,8317.0
2025-01-02,PN,INS,30335.0
2025-01-02,PN,OTR,2921.0
2025-01-03,PN,ENE,39267.0
2025-01-03,PN,MOB,8362.0
2025-01-03,PN,INS,25857.0
2025-01-03,PN,OTR,3385.0
2025-01-04,PN,ENE,39775.0
2025-01-04,PN,MOB,8308.0
2025-01-04,PN,INS,30293.0
2025-01-04,PN,OTR,1842.0
2025-01-05,PN,ENE,38205.0
2025-01-05,PN,MOB,8340.0
2025-01-05,PN,INS,28696.0
2025-01-05,PN,OTR,2877.0
2025-01-06,PN,ENE,46658.0
2025-01-06,PN,MOB,8600.0
2025-01-06,PN,INS,32675.0
2025-01-06,PN,OTR,2097.0
2025-01-07,PN,ENE,43871.0
2025-01-07,PN,MOB,8714.0
2025-01-07,PN,INS,26555.0
2025-01-07,PN,OTR,1557.0
2025-01-08,PN,ENE,44543.0
2025-01-08,PN,MOB,8576.0
2025-01-08,PN,INS,32649.0
2025-01-08,PN,OTR,3419.0
2025-01-09,PN,ENE,47023.0
2025-01-09,PN,MOB,8526.0
2025-01-09,PN,INS,30181.0
2025-01-09,PN,OTR,2479.0
2025-01-10,PN,ENE,48142.0
2025-01-10,PN,MOB,8336.0
2025-01-10,PN,INS,33343.0
2025-01-10,PN,OTR,2449.0
2025-01-11,PN,ENE,43363.0
2025-01-11,PN,MOB,8307.0
2025-01-11,PN,INS,24585.0
2025-01-11,PN,OTR,2041.0
2025-01-12,PN,ENE,39767.0
2025-01-12,PN,MOB,8439.0
2025-01-12,PN,INS,27261.0
2025-01-12,PN,OTR,3400.0
2025-01-13,PN,ENE,38797.0
2025-01-13,PN,MOB,8544.0
2025-01-13,PN,INS,39140.0
2025-01-13,PN,OTR,2439.0
2025-01-14,PN,ENE,42909.0
2025-01-14,PN,MOB,8709.0
2025-01-14,PN,INS,33003.0
2025-01-14,PN,OTR,1973.0
2025-01-15,PN,ENE,47239.0
2025-01-15,PN,MOB,8620.0
2025-01-15,PN,INS,27496.0
2025-01-15,PN,OTR,1850.0
2025-01-16,PN,ENE,42987.0
2025-01-16,PN,MOB,8802.0
2025-01-16,PN,INS,23196.0
2025-01-16,PN,OTR,3304.0
2025-01-17,PN,ENE,47870.0
2025-01-17,PN,MOB,8846.0
2025-01-17,PN,INS,38874.0
2025-01-17,PN,OTR,3099.0
2025-01-18,PN,ENE,45053.0
2025-01-18,PN,MOB,8575.0
2025-01-18,PN,INS,30292.0
2025-01-18,PN,OTR,2978.0
2025-01-19,PN,ENE,45694.0
2025-01-19,PN,MOB,8305.0
2025-01-19,PN,INS,38901.0
2025-01-19,PN,OTR,3408.0
2025-01-20,PN,ENE,38956.0
2025-01-20,PN,MOB,8516.0
2025-01-20,PN,INS,28303.0
2025-01-20,PN,OTR,3199.0
2025-01-21,PN,ENE,43660.0
2025-01-21,PN,MOB,8741.0
2025-01-21,PN,INS,26298.0
2025-01-21,PN,OTR,1626.0
2025-01-22,PN,ENE,48690.0
2025-01-22,PN,MOB,8491.0
2025-01-22,PN,INS,41095.0
2025-01-22,PN,OTR,2916.0
2025-01-23,PN,ENE,45394.0
2025-01-23,PN,MOB,8479.0
2025-01-23,PN,INS,26638.0
2025-01-23,PN,OTR,3061.0
2025-01-24,PN,ENE,46616.0
2025-01-24,PN,MOB,8655.0
2025-01-24,PN,INS,33155.0
2025-01-24,PN,OTR,2374.0
2025-01-25,PN,ENE,46194.0
2025-01-25,PN,MOB,8399.0
2025-01-25,PN,INS,28656.0
2025-01-25,PN,OTR,2765.0
2025-01-26,PN,ENE,39370.0
2025-01-26,PN,MOB,8689.0
2025-01-26,PN,INS,39622.0
2025-01-26,PN,OTR,1949.0
2025-01-27,PN,ENE,48892.0
2025-01-27,PN,MOB,8475.0
2025-01-27,PN,INS,33193.0
2025-01-27,PN,OTR,3188.0
2025-01-28,PN,ENE,47527.0
2025-01-28,PN,MOB,8433.0
2025-01-28,PN,INS,38282.0
2025-01-28,PN,OTR,2906.0
2025-01-29,PN,ENE,43846.0
2025-01-29,PN,MOB,8479.0
2025-01-29,PN,INS,30491.0
2025-01-29,PN,OTR,2815.0
2025-01-30,PN,ENE,48204.0
2025-01-30,PN,MOB,8519.0
2025-01-30,PN,INS,31674.0
2025-01-30,PN,OTR,2824.0
2025-01-31,PN,ENE,40382.0
2025-01-31,PN,MOB,8382.0
2025-01-31,PN,INS,29793.0
2025-01-31,PN,OTR,3463.0
2025-02-01,PN,ENE,42050.0
2025-02-01,PN,MOB,8475.0
2025-02-01,PN,INS,22862.0
2025-02-01,PN,OTR,1659.0
2025-02-02,PN,ENE,49078.0
2025-02-02,PN,MOB,8687.0
2025-02-02,PN,INS,38017.0
2025-02-02,PN,OTR,2150.0
2025-02-03,PN,ENE,44165.0
2025-02-03,PN,MOB,8461.0
2025-02-03,PN,INS,33674.0
2025-02-03,PN,OTR,2736.0
2025-02-04,PN,ENE,46375.0
2025-02-04,PN,MOB,8294.0
2025-02-04,PN,INS,26464.0
2025-02-04,PN,OTR,2311.0
2025-02-05,PN,ENE,45723.0
2025-02-05,PN,MOB,8316.0
2025-02-05,PN,INS,25481.0
2025-02-05,PN,OTR,3252.0
2025-02-06,PN,ENE,44248.0
2025-02-06,PN,MOB,8244.0
2025-02-06,PN,INS,24663.0
2025-02-06,PN,OTR,3001.0
2025-02-07,PN,ENE,47346.0
2025-02-07,PN,MOB,8322.0
2025-02-07,PN,INS,34945.0
2025-02-07,PN,OTR,1919.0
2025-02-08,PN,ENE,41304.0
2025-02-08,PN,MOB,8440.0
2025-02-08,PN,INS,33117.0
2025-02-08,PN,OTR,1583.0
2025-02-09,PN,ENE,42225.0
2025-02-09,PN,MOB,8513.0
2025-02-09,PN,INS,26312.0
2025-02-09,PN,OTR,2917.0
2025-02-10,PN,ENE,46394.0
2025-02-10,PN,MOB,8495.0
2025-02-10,PN,INS,27879.0
2025-02-10,PN,OTR,3315.0
2025-02-11,PN,ENE,45675.0
2025-02-11,PN,MOB,8545.0
2025-02-11,PN,INS,38356.0
2025-02-11,PN,OTR,1688.0
2025-02-12,PN,ENE,44084.0
2025-02-12,PN,MOB,8556.0
2025-02-12,PN,INS,34231.0
2025-02-12,PN,OTR,3317.0
2025-02-13,PN,ENE,40951.0
2025-02-13,PN,MOB,8380.0
2025-02-13,PN,INS,25357.0
2025-02-13,PN,OTR,1567.0
2025-02-14,PN,ENE,41108.0
2025-02-14,PN,MOB,8364.0
2025-02-14,PN,INS,28220.0
2025-02-14,PN,OTR,3170.0
2025-02-15,PN,ENE,47983.0
2025-02-15,PN,MOB,8498.0
2025-02-15,PN,INS,25986.0
2025-02-15,PN,OTR,2804.0
2025-02-16,PN,ENE,39845.0
2025-02-16,PN,MOB,8776.0
2025-02-16,PN,INS,30134.0
2025-02-16,PN,OTR,3409.0
2025-02-17,PN,ENE,41897.0
2025-02-17,PN,MOB,8551.0
2025-02-17,PN,INS,27943.0
2025-02-17,PN,OTR,2615.0
2025-02-18,PN,ENE,41966.0
2025-02-18,PN,MOB,8108.0
2025-02-18,PN,INS,25224.0
2025-02-18,PN,OTR,2589.0
2025-02-19,PN,ENE,42594.0
2025-02-19,PN,MOB,8556.0
2025-02-19,PN,INS,24479.0
2025-02-19,PN,OTR,1832.0
2025-02-20,PN,ENE,43476.0
2025-02-20,PN,MOB,8443.0
2025-02-20,PN,INS,27074.0
2025-02-20,PN,OTR,1891.0
2025-02-21,PN,ENE,42065.0
2025-02-21,PN,MOB,8370.0
2025-02-21,PN,INS,31864.0
2025-02-21,PN,OTR,2582.0
2025-02-22,PN,ENE,40610.0
2025-02-22,PN,MOB,8561.0
2025-02-22,PN,INS,28361.0
2025-02-22,PN,OTR,3186.0
2025-02-23,PN,ENE,42572.0
2025-02-23,PN,MOB,8324.0
2025-02-23,PN,INS,31153.0
2025-02-23,PN,OTR,2928.0
2025-02-24,PN,ENE,41500.0
2025-02-24,PN,MOB,8588.0
2025-02-24,PN,INS,27345.0
2025-02-24,PN,OTR,1680.0
2025-02-25,PN,ENE,40479.0
2025-02-25,PN,MOB,8227.0
2025-02-25,PN,INS,36321.0
2025-02-25,PN,OTR,3233.0
2025-02-26,PN,ENE,39942.0
2025-02-26,PN,MOB,8357.0
2025-02-26,PN,INS,25327.0
2025-02-26,PN,OTR,2830.0
2025-02-27,PN,ENE,38801.0
2025-02-27,PN,MOB,8674.0
2025-02-27,PN,INS,24515.0
2025-02-27,PN,OTR,3191.0
2025-02-28,PN,ENE,40987.0
2025-02-28,PN,MOB,8617.0
2025-02-28,PN,INS,25616.0
2025-02-28,PN,OTR,2182.0
2025-03-01,PN,ENE,49800.0
2025-03-01,PN,MOB,8354.0
2025-03-01,PN,INS,26955.0
2025-03-01,PN,OTR,2561.0
2025-03-02,PN,ENE,41629.0
2025-03-02,PN,MOB,8318.0
2025-03-02,PN,INS,31974.0
2025-03-02,PN,OTR,1908.0
2025-03-03,PN,ENE,45169.0
2025-03-03,PN,MOB,8614.0
2025-03-03,PN,INS,30065.0
2025-03-03,PN,OTR,2110.0
2025-03-04,PN,ENE,48467.0
2025-03-04,PN,MOB,8694.0
2025-03-04,PN,INS,31760.0
2025-03-04,PN,OTR,2573.0
2025-03-05,PN,ENE,49862.0
2025-03-05,PN,MOB,8479.0
2025-03-05,PN,INS,32959.0
2025-03-05,PN,OTR,2202.0
2025-03-06,PN,ENE,43013.0
2025-03-06,PN,MOB,8565.0
2025-03-06,PN,INS,31577.0
2025-03-06,PN,OTR,1925.0
2025-03-07,PN,ENE,50548.0
2025-03-07,PN,MOB,8497.0
2025-03-07,PN,INS,24928.0
2025-03-07,PN,OTR,3273.0
2025-03-08,PN,ENE,39539.0
2025-03-08,PN,MOB,8244.0
2025-03-08,PN,INS,31387.0
2025-03-08,PN,OTR,1808.0
2025-03-09,PN,ENE,42568.0
2025-03-09,PN,MOB,8524.0
2025-03-09,PN,INS,26892.0
2025-03-09,PN,OTR,3174.0
2025-03-10,PN,ENE,43819.0
2025-03-10,PN,MOB,8579.0
2025-03-10,PN,INS,25624.0
2025-03-10,PN,OTR,3494.0
2025-03-11,PN,ENE,44020.0
2025-03-11,PN,MOB,8470.0
2025-03-11,PN,INS,35300.0
2025-03-11,PN,OTR,1530.0
2025-03-12,PN,ENE,46269.0
2025-03-12,PN,MOB,8361.0
2025-03-12,PN,INS,29451.0
2025-03-12,PN,OTR,2299.0
2025-03-13,PN,ENE,41862.0
2025-03-13,PN,MOB,8356.0
2025-03-13,PN,INS,28480.0
2025-03-13,PN,OTR,2908.0
2025-03-14,PN,ENE,47322.0
2025-03-14,PN,MOB,8450.0
2025-03-14,PN,INS,24608.0
2025-03-14,PN,OTR,2874.0
2025-03-15,PN,ENE,50762.0
2025-03-15,PN,MOB,8475.0
2025-03-15,PN,INS,29652.0
2025-03-15,PN,OTR,2643.0
2025-03-16,PN,ENE,43890.0
2025-03-16,PN,MOB,8494.0
2025-03-16,PN,INS,25197.0
2025-03-16,PN,OTR,2061.0
2025-03-17,PN,ENE,36174.0
2025-03-17,PN,MOB,8454.0
2025-03-17,PN,INS,30002.0
2025-03-17,PN,OTR,2478.0
2025-03-18,PN,ENE,43225.0
2025-03-18,PN,MOB,8396.0
2025-03-18,PN,INS,27895.0
2025-03-18,PN,OTR,2931.0
2025-03-19,PN,ENE,43827.0
2025-03-19,PN,MOB,8387.0
2025-03-19,PN,INS,29288.0
2025-03-19,PN,OTR,2595.0
2025-03-20,PN,ENE,46298.0
2025-03-20,PN,MOB,8295.0
2025-03-20,PN,INS,32017.0
2025-03-20,PN,OTR,2447.0
2025-03-21,PN,ENE,35829.0
2025-03-21,PN,MOB,8611.0
2025-03-21,PN,INS,30972.0
2025-03-21,PN,OTR,3119.0
2025-03-22,PN,ENE,44873.0
2025-03-22,PN,MOB,8714.0
2025-03-22,PN,INS,30215.0
2025-03-22,PN,OTR,1565.0
2025-03-23,PN,ENE,44249.0
2025-03-23,PN,MOB,8640.0
2025-03-23,PN,INS,33514.0
2025-03-23,PN,OTR,2504.0
2025-03-24,PN,ENE,45327.0
2025-03-24,PN,MOB,8636.0
2025-03-24,PN,INS,30150.0
2025-03-24,PN,OTR,1657.0
2025-03-25,PN,ENE,48535.0
2025-03-25,PN,MOB,8474.0
2025-03-25,PN,INS,32511.0
2025-03-25,PN,OTR,2003.0
2025-03-26,PN,ENE,43110.0
2025-03-26,PN,MOB,8518.0
2025-03-26,PN,INS,30840.0
2025-03-26,PN,OTR,2705.0
2025-03-27,PN,ENE,46478.0
2025-03-27,PN,MOB,8449.0
2025-03-27,PN,INS,27749.0
2025-03-27,PN,OTR,2566.0
2025-03-28,PN,ENE,43280.0
2025-03-28,PN,MOB,8557.0
2025-03-28,PN,INS,31215.0
2025-03-28,PN,OTR,2489.0
2025-03-29,PN,ENE,42160.0
2025-03-29,PN,MOB,8499.0
2025-03-29,PN,INS,34784.0
2025-03-29,PN,OTR,1523.0
2025-03-30,PN,ENE,43331.0
2025-03-30,PN,MOB,8571.0
2025-03-30,PN,INS,39574.0
2025-03-30,PN,OTR,3241.0
2025-03-31,PN,ENE,39919.0
2025-03-31,PN,MOB,8687.0
2025-03-31,PN,INS,22155.0
2025-03-31,PN,OTR,2868.0
2025-04-01,PN,ENE,45243.0
2025-04-01,PN,MOB,8677.0
2025-04-01,PN,INS,33101.0
2025-04-01,PN,OTR,2970.0
2025-04-02,PN,ENE,51091.0
2025-04-02,PN,MOB,8525.0
2025-04-02,PN,INS,31693.0
2025-04-02,PN,OTR,3003.0
2025-04-03,PN,ENE,44875.0
2025-04-03,PN,MOB,8421.0
2025-04-03,PN,INS,27110.0
2025-04-03,PN,OTR,2366.0
2025-04-04,PN,ENE,43282.0
2025-04-04,PN,MOB,8563.0
2025-04-04,PN,INS,39536.0
2025-04-04,PN,OTR,2176.0
2025-04-05,PN,ENE,41787.0
2025-04-05,PN,MOB,8531.0
2025-04-05,PN,INS,28205.0
2025-04-05,PN,OTR,2469.0
2025-04-06,PN,ENE,45580.0
2025-04-06,PN,MOB,8435.0
2025-04-06,PN,INS,33346.0
2025-04-06,PN,OTR,2664.0
2025-04-07,PN,ENE,48500.0
2025-04-07,PN,MOB,8651.0
2025-04-07,PN,INS,33502.0
2025-04-07,PN,OTR,2032.0
2025-04-08,PN,ENE,45655.0
2025-04-08,PN,MOB,8294.0
2025-04-08,PN,INS,30835.0
2025-04-08,PN,OTR,2648.0
2025-04-09,PN,ENE,46621.0
2025-04-09,PN,MOB,8311.0
2025-04-09,PN,INS,31789.0
2025-04-09,PN,OTR,2760.0
2025-04-10,PN,ENE,44101.0
2025-04-10,PN,MOB,8448.0
2025-04-10,PN,INS,36199.0
2025-04-10,PN,OTR,1985.0
2025-04-11,PN,ENE,45436.0
2025-04-11,PN,MOB,8519.0
2025-04-11,PN,INS,32204.0
2025-04-11,PN,OTR,1825.0
2025-04-12,PN,ENE,45802.0
2025-04-12,PN,MOB,8376.0
2025-04-12,PN,INS,36492.0
2025-04-12,PN,OTR,3060.0
2025-04-13,PN,ENE,49457.0
2025-04-13,PN,MOB,8513.0
2025-04-13,PN,INS,31922.0
2025-04-13,PN,OTR,2755.0
2025-04-14,PN,ENE,44478.0
2025-04-14,PN,MOB,8314.0
2025-04-14,PN,INS,36229.0
2025-04-14,PN,OTR,2203.0
2025-04-15,PN,ENE,49558.0
2025-04-15,PN,MOB,8594.0
2025-04-15,PN,INS,35428.0
2025-04-15,PN,OTR,3235.0
2025-04-16,PN,ENE,47194.0
2025-04-16,PN,MOB,8706.0
2025-04-16,PN,INS,33133.0
2025-04-16,PN,OTR,2916.0
2025-04-17,PN,ENE,43118.0
2025-04-17,PN,MOB,8503.0
2025-04-17,PN,INS,32790.0
2025-04-17,PN,OTR,2320.0
2025-04-18,PN,ENE,46341.0
2025-04-18,PN,MOB,8341.0
2025-04-18,PN,INS,27205.0
2025-04-18,PN,OTR,3442.0
2025-04-19,PN,ENE,42348.0
2025-04-19,PN,MOB,8916.0
2025-04-19,PN,INS,14538.0
2025-04-19,PN,OTR,2474.0
2025-04-20,PN,ENE,45911.0
2025-04-20,PN,MOB,8472.0
2025-04-20,PN,INS,31638.0
2025-04-20,PN,OTR,3280.0
2025-04-21,PN,ENE,41595.0
2025-04-21,PN,MOB,8478.0
2025-04-21,PN,INS,27757.0
2025-04-21,PN,OTR,3362.0
2025-04-22,PN,ENE,44936.0
2025-04-22,PN,MOB,8566.0
2025-04-22,PN,INS,37283.0
2025-04-22,PN,OTR,2456.0
2025-04-23,PN,ENE,39824.0
2025-04-23,PN,MOB,8588.0
2025-04-23,PN,INS,24567.0
2025-04-23,PN,OTR,3346.0
2025-04-24,PN,ENE,42595.0
2025-04-24,PN,MOB,8658.0
2025-04-24,PN,INS,34285.0
2025-04-24,PN,OTR,3450.0
2025-04-25,PN,ENE,44230.0
2025-04-25,PN,MOB,8381.0
2025-04-25,PN,INS,32208.0
2025-04-25,PN,OTR,2874.0
2025-04-26,PN,ENE,48103.0
2025-04-26,PN,MOB,8568.0
2025-04-26,PN,INS,29045.0
2025-04-26,PN,OTR,2370.0
2025-04-27,PN,ENE,43538.0
2025-04-27,PN,MOB,8437.0
2025-04-27,PN,INS,36877.0
2025-04-27,PN,OTR,2126.0
2025-04-28,PN,ENE,45948.0
2025-04-28,PN,MOB,8385.0
2025-04-28,PN,INS,35446.0
2025-04-28,PN,OTR,1540.0
2025-04-29,PN,ENE,45402.0
2025-04-29,PN,MOB,8662.0
2025-04-29,PN,INS,30456.0
2025-04-29,PN,OTR,1556.0
2025-04-30,PN,ENE,39079.0
2025-04-30,PN,MOB,8561.0
2025-04-30,PN,INS,26690.0
2025-04-30,PN,OTR,2962.0
2025-05-01,PN,ENE,40944.0
2025-05-01,PN,MOB,8457.0
2025-05-01,PN,INS,36762.0
2025-05-01,PN,OTR,3234.0
2025-05-02,PN,ENE,46590.0
2025-05-02,PN,MOB,8460.0
2025-05-02,PN,INS,29642.0
2025-05-02,PN,OTR,2275.0
2025-05-03,PN,ENE,44457.0
2025-05-03,PN,MOB,8582.0
2025-05-03,PN,INS,27910.0
2025-05-03,PN,OTR,2642.0
2025-05-04,PN,ENE,44760.0
2025-05-04,PN,MOB,8677.0
2025-05-04,PN,INS,32251.0
2025-05-04,PN,OTR,2945.0
2025-05-05,PN,ENE,41094.0
2025-05-05,PN,MOB,8666.0
2025-05-05,PN,INS,30190.0
2025-05-05,PN,OTR,3482.0
2025-05-06,PN,ENE,44516.0
2025-05-06,PN,MOB,8347.0
2025-05-06,PN,INS,27008.0
2025-05-06,PN,OTR,2611.0
2025-05-07,PN,ENE,43392.0
2025-05-07,PN,MOB,8583.0
2025-05-07,PN,INS,24231.0
2025-05-07,PN,OTR,2410.0
2025-05-08,PN,ENE,46765.0
2025-05-08,PN,MOB,8516.0
2025-05-08,PN,INS,23127.0
2025-05-08,PN,OTR,1737.0
2025-05-09,PN,ENE,39184.0
2025-05-09,PN,MOB,8467.0
2025-05-09,PN,INS,27304.0
2025-05-09,PN,OTR,1663.0
2025-05-10,PN,ENE,48400.0
2025-05-10,PN,MOB,8616.0
2025-05-10,PN,INS,22506.0
2025-05-10,PN,OTR,2538.0
2025-05-11,PN,ENE,48377.0
2025-05-11,PN,MOB,8393.0
2025-05-11,PN,INS,30601.0
2025-05-11,PN,OTR,2386.0
2025-05-12,PN,ENE,43780.0
2025-05-12,PN,MOB,8509.0
2025-05-12,PN,INS,23026.0
2025-05-12,PN,OTR,1607.0
2025-05-13,PN,ENE,42116.0
2025-05-13,PN,MOB,8706.0
2025-05-13,PN,INS,36645.0
2025-05-13,PN,OTR,3205.0
2025-05-14,PN,ENE,46292.0
2025-05-14,PN,MOB,8504.0
2025-05-14,PN,INS,28045.0
2025-05-14,PN,OTR,2470.0
2025-05-15,PN,ENE,47200.0
2025-05-15,PN,MOB,8573.0
2025-05-15,PN,INS,36916.0
2025-05-15,PN,OTR,3326.0
2025-05-16,PN,ENE,45508.0
2025-05-16,PN,MOB,8530.0
2025-05-16,PN,INS,33218.0
2025-05-16,PN,OTR,3022.0
2025-05-17,PN,ENE,40366.0
2025-05-17,PN,MOB,8494.0
2025-05-17,PN,INS,40410.0
2025-05-17,PN,OTR,2629.0
2025-05-18,PN,ENE,41877.0
2025-05-18,PN,MOB,8389.0
2025-05-18,PN,INS,42384.0
2025-05-18,PN,OTR,2466.0
2025-05-19,PN,ENE,46120.0
2025-05-19,PN,MOB,8390.0
2025-05-19,PN,INS,30936.0
2025-05-19,PN,OTR,1878.0
2025-05-20,PN,ENE,45171.0
2025-05-20,PN,MOB,8430.0
2025-05-20,PN,INS,30438.0
2025-05-20,PN,OTR,3194.0
2025-05-21,PN,ENE,41419.0
2025-05-21,PN,MOB,8482.0
2025-05-21,PN,INS,23831.0
2025-05-21,PN,OTR,1895.0
2025-05-22,PN,ENE,44690.0
2025-05-22,PN,MOB,8382.0
2025-05-22,PN,INS,30389.0
2025-05-22,PN,OTR,2324.0
2025-05-23,PN,ENE,48556.0
2025-05-23,PN,MOB,8401.0
2025-05-23,PN,INS,39224.0
2025-05-23,PN,OTR,2582.0
2025-05-24,PN,ENE,46389.0
2025-05-24,PN,MOB,8362.0
2025-05-24,PN,INS,31756.0
2025-05-24,PN,OTR,1777.0
2025-05-25,PN,ENE,45041.0
2025-05-25,PN,MOB,8447.0
2025-05-25,PN,INS,32183.0
2025-05-25,PN,OTR,3383.0
2025-05-26,PN,ENE,34369.0
2025-05-26,PN,MOB,8491.0
2025-05-26,PN,INS,30726.0
2025-05-26,PN,OTR,2392.0
2025-05-27,PN,ENE,49932.0
2025-05-27,PN,MOB,8293.0
2025-05-27,PN,INS,29786.0
2025-05-27,PN,OTR,3475.0
2025-05-28,PN,ENE,41675.0
2025-05-28,PN,MOB,8296.0
2025-05-28,PN,INS,18324.0
2025-05-28,PN,OTR,2484.0
2025-05-29,PN,ENE,44006.0
2025-05-29,PN,MOB,8426.0
2025-05-29,PN,INS,33140.0
2025-05-29,PN,OTR,3394.0
2025-05-30,PN,ENE,42988.0
2025-05-30,PN,MOB,8741.0
2025-05-30,PN,INS,27085.0
2025-05-30,PN,OTR,1624.0
2025-05-31,PN,ENE,49375.0
2025-05-31,PN,MOB,8230.0
2025-05-31,PN,INS,24826.0
2025-05-31,PN,OTR,2267.0
2025-06-01,PN,ENE,46315.0
2025-06-01,PN,MOB,8564.0
2025-06-01,PN,INS,28913.0
2025-06-01,PN,OTR,3391.0
2025-06-02,PN,ENE,47104.0
2025-06-02,PN,MOB,8415.0
2025-06-02,PN,INS,30710.0
2025-06-02,PN,OTR,2401.0
2025-06-03,PN,ENE,49714.0
2025-06-03,PN,MOB,8365.0
2025-06-03,PN,INS,35261.0
2025-06-03,PN,OTR,2285.0
2025-06-04,PN,ENE,50120.0
2025-06-04,PN,MOB,8587.0
2025-06-04,PN,INS,35059.0
2025-06-04,PN,OTR,1710.0
2025-06-05,PN,ENE,45297.0
2025-06-05,PN,MOB,8785.0
2025-06-05,PN,INS,32717.0
2025-06-05,PN,OTR,2108.0
2025-06-06,PN,ENE,48747.0
2025-06-06,PN,MOB,8727.0
2025-06-06,PN,INS,43353.0
2025-06-06,PN,OTR,1864.0
2025-06-07,PN,ENE,44920.0
2025-06-07,PN,MOB,8421.0
2025-06-07,PN,INS,43563.0
2025-06-07,PN,OTR,3331.0
2025-06-08,PN,ENE,45201.0
2025-06-08,PN,MOB,8398.0
2025-06-08,PN,INS,36452.0
2025-06-08,PN,OTR,1728.0
2025-06-09,PN,ENE,48985.0
2025-06-09,PN,MOB,8689.0
2025-06-09,PN,INS,38373.0
2025-06-09,PN,OTR,1637.0
2025-06-10,PN,ENE,44798.0
2025-06-10,PN,MOB,8476.0
2025-06-10,PN,INS,28320.0
2025-06-10,PN,OTR,3000.0
2025-06-11,PN,ENE,49004.0
2025-06-11,PN,MOB,8568.0
2025-06-11,PN,INS,26405.0
2025-06-11,PN,OTR,3320.0
2025-06-12,PN,ENE,43114.0
2025-06-12,PN,MOB,8437.0
2025-06-12,PN,INS,35692.0
2025-06-12,PN,OTR,3437.0
2025-06-13,PN,ENE,48270.0
2025-06-13,PN,MOB,8644.0
2025-06-13,PN,INS,31204.0
2025-06-13,PN,OTR,3473.0
2025-06-14,PN,ENE,45980.0
2025-06-14,PN,MOB,8419.0
2025-06-14,PN,INS,31448.0
2025-06-14,PN,OTR,1772.0
2025-06-15,PN,ENE,46179.0
2025-06-15,PN,MOB,8461.0
2025-06-15,PN,INS,26940.0
2025-06-15,PN,OTR,2150.0
2025-06-16,PN,ENE,43556.0
2025-06-16,PN,MOB,8558.0
2025-06-16,PN,INS,24210.0
2025-06-16,PN,OTR,2749.0
2025-06-17,PN,ENE,44702.0
2025-06-17,PN,MOB,8508.0
2025-06-17,PN,INS,27936.0
2025-06-17,PN,OTR,2845.0
2025-06-18,PN,ENE,46685.0
2025-06-18,PN,MOB,8327.0
2025-06-18,PN,INS,29579.0
2025-06-18,PN,OTR,1921.0
2025-06-19,PN,ENE,33893.0
2025-06-19,PN,MOB,8548.0
2025-06-19,PN,INS,36407.0
2025-06-19,PN,OTR,2597.0
2025-06-20,PN,ENE,44625.0
2025-06-20,PN,MOB,8482.0
2025-06-20,PN,INS,27924.0
2025-06-20,PN,OTR,2419.0
2025-06-21,PN,ENE,41635.0
2025-06-21,PN,MOB,8306.0
2025-06-21,PN,INS,25469.0
2025-06-21,PN,OTR,2090.0
2025-06-22,PN,ENE,35628.0
2025-06-22,PN,MOB,8438.0
2025-06-22,PN,INS,33192.0
2025-06-22,PN,OTR,1697.0
2025-06-23,PN,ENE,41873.0
2025-06-23,PN,MOB,8572.0
2025-06-23,PN,INS,32258.0
2025-06-23,PN,OTR,2463.0
2025-06-24,PN,ENE,38406.0
2025-06-24,PN,MOB,8248.0
2025-06-24,PN,INS,24499.0
2025-06-24,PN,OTR,2036.0
2025-06-25,PN,ENE,49030.0
2025-06-25,PN,MOB,8588.0
2025-06-25,PN,INS,30070.0
2025-06-25,PN,OTR,2380.0
2025-06-26,PN,ENE,45673.0
2025-06-26,PN,MOB,8327.0
2025-06-26,PN,INS,32377.0
2025-06-26,PN,OTR,3365.0
2025-06-27,PN,ENE,47040.0
2025-06-27,PN,MOB,8756.0
2025-06-27,PN,INS,30280.0
2025-06-27,PN,OTR,3495.0
2025-06-28,PN,ENE,46043.0
2025-06-28,PN,MOB,8529.0
2025-06-28,PN,INS,29775.0
2025-06-28,PN,OTR,2639.0
2025-06-29,PN,ENE,47228.0
2025-06-29,PN,MOB,8743.0
2025-06-29,PN,INS,37874.0
2025-06-29,PN,OTR,2637.0
2025-06-30,PN,ENE,44583.0
2025-06-30,PN,MOB,8409.0
2025-06-30,PN,INS,30850.0
2025-06-30,PN,OTR,2514.0
2025-07-01,PN,ENE,43927.0
2025-07-01,PN,MOB,8542.0
2025-07-01,PN,INS,29883.0
2025-07-01,PN,OTR,1740.0
2025-07-02,PN,ENE,41986.0
2025-07-02,PN,MOB,8733.0
2025-07-02,PN,INS,33668.0
2025-07-02,PN,OTR,2015.0
2025-07-03,PN,ENE,36247.0
2025-07-03,PN,MOB,8550.0
2025-07-03,PN,INS,35326.0
2025-07-03,PN,OTR,3336.0
2025-07-04,PN,ENE,41787.0
2025-07-04,PN,MOB,8560.0
2025-07-04,PN,INS,29364.0
2025-07-04,PN,OTR,1745.0
2025-07-05,PN,ENE,47384.0
2025-07-05,PN,MOB,8390.0
2025-07-05,PN,INS,31333.0
2025-07-05,PN,OTR,2336.0
2025-07-06,PN,ENE,50281.0
2025-07-06,PN,MOB,8394.0
2025-07-06,PN,INS,28921.0
2025-07-06,PN,OTR,2319.0
2025-07-07,PN,ENE,44216.0
2025-07-07,PN,MOB,8620.0
2025-07-07,PN,INS,36858.0
2025-07-07,PN,OTR,3272.0
2025-07-08,PN,ENE,36829.0
2025-07-08,PN,MOB,8647.0
2025-07-08,PN,INS,20193.0
2025-07-08,PN,OTR,2692.0
2025-07-09,PN,ENE,40975.0
2025-07-09,PN,MOB,8406.0
2025-07-09,PN,INS,31444.0
2025-07-09,PN,OTR,1646.0
2025-07-10,PN,ENE,44467.0
2025-07-10,PN,MOB,8332.0
2025-07-10,PN,INS,29849.0
2025-07-10,PN,OTR,2455.0
2025-07-11,PN,ENE,38776.0
2025-07-11,PN,MOB,8448.0
2025-07-11,PN,INS,37595.0
2025-07-11,PN,OTR,2792.0
2025-07-12,PN,ENE,43531.0
2025-07-12,PN,MOB,8587.0
2025-07-12,PN,INS,30306.0
2025-07-12,PN,OTR,2347.0
2025-07-13,PN,ENE,42230.0
2025-07-13,PN,MOB,8347.0
2025-07-13,PN,INS,26864.0
2025-07-13,PN,OTR,2084.0
2025-07-14,PN,ENE,42585.0
2025-07-14,PN,MOB,8431.0
2025-07-14,PN,INS,31872.0
2025-07-14,PN,OTR,2116.0
2025-07-15,PN,ENE,38429.0
2025-07-15,PN,MOB,8593.0
2025-07-15,PN,INS,29892.0
2025-07-15,PN,OTR,2358.0
2025-07-16,PN,ENE,51829.0
2025-07-16,PN,MOB,8315.0
2025-07-16,PN,INS,29535.0
2025-07-16,PN,OTR,2208.0
2025-07-17,PN,ENE,48651.0
2025-07-17,PN,MOB,8303.0
2025-07-17,PN,INS,36002.0
2025-07-17,PN,OTR,1817.0
2025-07-18,PN,ENE,45074.0
2025-07-18,PN,MOB,8729.0
2025-07-18,PN,INS,32273.0
2025-07-18,PN,OTR,1932.0
2025-07-19,PN,ENE,43172.0
2025-07-19,PN,MOB,8455.0
2025-07-19,PN,INS,26680.0
2025-07-19,PN,OTR,3317.0
2025-07-20,PN,ENE,36988.0
2025-07-20,PN,MOB,8582.0
2025-07-20,PN,INS,25026.0
2025-07-20,PN,OTR,3246.0
2025-07-21,PN,ENE,44453.0
2025-07-21,PN,MOB,8515.0
2025-07-21,PN,INS,27474.0
2025-07-21,PN,OTR,3030.0
2025-07-22,PN,ENE,47663.0
2025-07-22,PN,MOB,8552.0
2025-07-22,PN,INS,33350.0
2025-07-22,PN,OTR,2543.0
2025-07-23,PN,ENE,40428.0
2025-07-23,PN,MOB,8470.0
2025-07-23,PN,INS,30288.0
2025-07-23,PN,OTR,2738.0
2025-07-24,PN,ENE,46703.0
2025-07-24,PN,MOB,8684.0
2025-07-24,PN,INS,27833.0
2025-07-24,PN,OTR,1509.0
2025-07-25,PN,ENE,41505.0
2025-07-25,PN,MOB,8754.0
2025-07-25,PN,INS,29265.0
2025-07-25,PN,OTR,2873.0
2025-07-26,PN,ENE,46068.0
2025-07-26,PN,MOB,8557.0
2025-07-26,PN,INS,25987.0
2025-07-26,PN,OTR,3175.0
2025-07-27,PN,ENE,46731.0
2025-07-27,PN,MOB,8545.0
2025-07-27,PN,INS,29237.0
2025-07-27,PN,OTR,3464.0
2025-07-28,PN,ENE,42600.0
2025-07-28,PN,MOB,8211.0
2025-07-28,PN,INS,32458.0
2025-07-28,PN,OTR,3395.0
2025-07-29,PN,ENE,44769.0
2025-07-29,PN,MOB,8563.0
2025-07-29,PN,INS,34166.0
2025-07-29,PN,OTR,2047.0
2025-07-30,PN,ENE,44591.0
2025-07-30,PN,MOB,8683.0
2025-07-30,PN,INS,27917.0
2025-07-30,PN,OTR,2344.0
2025-07-31,PN,ENE,49200.0
2025-07-31,PN,MOB,8572.0
2025-07-31,PN,INS,17424.0
2025-07-31,PN,OTR,2197.0
2025-08-01,PN,ENE,41418.0
2025-08-01,PN,MOB,8850.0
2025-08-01,PN,INS,34670.0
2025-08-01,PN,OTR,2340.0
2025-08-02,PN,ENE,49286.0
2025-08-02,PN,MOB,8414.0
2025-08-02,PN,INS,29125.0
2025-08-02,PN,OTR,2185.0
2025-08-03,PN,ENE,37903.0
2025-08-03,PN,MOB,8538.0
2025-08-03,PN,INS,28762.0
2025-08-03,PN,OTR,2706.0
2025-08-04,PN,ENE,47157.0
2025-08-04,PN,MOB,8697.0
2025-08-04,PN,INS,31022.0
2025-08-04,PN,OTR,1850.0
2025-08-05,PN,ENE,46987.0
2025-08-05,PN,MOB,8745.0
2025-08-05,PN,INS,27309.0
2025-08-05,PN,OTR,1842.0
2025-08-06,PN,ENE,48901.0
2025-08-06,PN,MOB,8514.0
2025-08-06,PN,INS,27757.0
2025-08-06,PN,OTR,2836.0
2025-08-07,PN,ENE,40790.0
2025-08-07,PN,MOB,8597.0
2025-08-07,PN,INS,32927.0
2025-08-07,PN,OTR,2936.0
2025-08-08,PN,ENE,43618.0
2025-08-08,PN,MOB,8634.0
2025-08-08,PN,INS,27845.0
2025-08-08,PN,OTR,2636.0
2025-08-09,PN,ENE,43350.0
2025-08-09,PN,MOB,8491.0
2025-08-09,PN,INS,31337.0
2025-08-09,PN,OTR,2079.0
2025-08-10,PN,ENE,43527.0
2025-08-10,PN,MOB,8321.0
2025-08-10,PN,INS,28400.0
2025-08-10,PN,OTR,1858.0
2025-08-11,PN,ENE,40245.0
2025-08-11,PN,MOB,8409.0
2025-08-11,PN,INS,38425.0
2025-08-11,PN,OTR,2193.0
2025-08-12,PN,ENE,40807.0
2025-08-12,PN,MOB,8451.0
2025-08-12,PN,INS,32868.0
2025-08-12,PN,OTR,2285.0
2025-08-13,PN,ENE,47003.0
2025-08-13,PN,MOB,8496.0
2025-08-13,PN,INS,28726.0
2025-08-13,PN,OTR,1814.0
2025-08-14,PN,ENE,41936.0
2025-08-14,PN,MOB,8324.0
2025-08-14,PN,INS,35243.0
2025-08-14,PN,OTR,3337.0
2025-08-15,PN,ENE,41939.0
2025-08-15,PN,MOB,8486.0
2025-08-15,PN,INS,28097.0
2025-08-15,PN,OTR,3149.0
2025-08-16,PN,ENE,43401.0
2025-08-16,PN,MOB,8748.0
2025-08-16,PN,INS,28893.0
2025-08-16,PN,OTR,3307.0
2025-08-17,PN,ENE,44612.0
2025-08-17,PN,MOB,8377.0
2025-08-17,PN,INS,24450.0
2025-08-17,PN,OTR,2796.0
2025-08-18,PN,ENE,47337.0
2025-08-18,PN,MOB,8362.0
2025-08-18,PN,INS,33264.0
2025-08-18,PN,OTR,1592.0
2025-08-19,PN,ENE,42251.0
2025-08-19,PN,MOB,8485.0
2025-08-19,PN,INS,31408.0
2025-08-19,PN,OTR,2807.0
2025-08-20,PN,ENE,45727.0
2025-08-20,PN,MOB,8577.0
2025-08-20,PN,INS,27243.0
2025-08-20,PN,OTR,1949.0
2025-08-21,PN,ENE,42341.0
2025-08-21,PN,MOB,8750.0
2025-08-21,PN,INS,27848.0
2025-08-21,PN,OTR,2123.0
2025-08-22,PN,ENE,49644.0
2025-08-22,PN,MOB,8112.0
2025-08-22,PN,INS,35569.0
2025-08-22,PN,OTR,2707.0
2025-08-23,PN,ENE,44563.0
2025-08-23,PN,MOB,8894.0
2025-08-23,PN,INS,17935.0
2025-08-23,PN,OTR,3283.0
2025-08-24,PN,ENE,40126.0
2025-08-24,PN,MOB,8448.0
2025-08-24,PN,INS,4555.0
2025-08-24,PN,OTR,2669.0
2025-08-25,PN,ENE,44104.0
2025-08-25,PN,MOB,8171.0
2025-08-25,PN,INS,25747.0
2025-08-25,PN,OTR,2231.0
2025-08-26,PN,ENE,45263.0
2025-08-26,PN,MOB,8526.0
2025-08-26,PN,INS,32185.0
2025-08-26,PN,OTR,2190.0
2025-08-27,PN,ENE,41371.0
2025-08-27,PN,MOB,8553.0
2025-08-27,PN,INS,34487.0
2025-08-27,PN,OTR,3246.0
2025-08-28,PN,ENE,44432.0
2025-08-28,PN,MOB,8594.0
2025-08-28,PN,INS,32493.0
2025-08-28,PN,OTR,2623.0
2025-08-29,PN,ENE,44754.0
2025-08-29,PN,MOB,8703.0
2025-08-29,PN,INS,34515.0
2025-08-29,PN,OTR,3233.0
2025-08-30,PN,ENE,42432.0
2025-08-30,PN,MOB,8529.0
2025-08-30,PN,INS,29954.0
2025-08-30,PN,OTR,3141.0
2025-08-31,PN,ENE,43540.0
2025-08-31,PN,MOB,8371.0
2025-08-31,PN,INS,34200.0
2025-08-31,PN,OTR,3454.0
2025-09-01,PN,ENE,51691.0
2025-09-01,PN,MOB,8790.0
2025-09-01,PN,INS,32789.0
2025-09-01,PN,OTR,1540.0
2025-09-02,PN,ENE,48029.0
2025-09-02,PN,MOB,8348.0
2025-09-02,PN,INS,27200.0
2025-09-02,PN,OTR,2162.0
2025-09-03,PN,ENE,46048.0
2025-09-03,PN,MOB,8746.0
2025-09-03,PN,INS,34389.0
2025-09-03,PN,OTR,2499.0
2025-09-04,PN,ENE,42817.0
2025-09-04,PN,MOB,8794.0
2025-09-04,PN,INS,28341.0
2025-09-04,PN,OTR,2025.0
2025-09-05,PN,ENE,42347.0
2025-09-05,PN,MOB,8489.0
2025-09-05,PN,INS,29042.0
2025-09-05,PN,OTR,2757.0
2025-09-06,PN,ENE,43635.0
2025-09-06,PN,MOB,8518.0
2025-09-06,PN,INS,33619.0
2025-09-06,PN,OTR,1844.0
2025-09-07,PN,ENE,40359.0
2025-09-07,PN,MOB,8367.0
2025-09-07,PN,INS,29678.0
2025-09-07,PN,OTR,3007.0
2025-09-08,PN,ENE,40054.0
2025-09-08,PN,MOB,8476.0
2025-09-08,PN,INS,28206.0
2025-09-08,PN,OTR,2055.0
2025-09-09,PN,ENE,42342.0
2025-09-09,PN,MOB,8422.0
2025-09-09,PN,INS,26093.0
2025-09-09,PN,OTR,2916.0
2025-09-10,PN,ENE,47114.0
2025-09-10,PN,MOB,8370.0
2025-09-10,PN,INS,25364.0
2025-09-10,PN,OTR,1648.0
2025-09-11,PN,ENE,50887.0
2025-09-11,PN,MOB,8447.0
2025-09-11,PN,INS,28758.0
2025-09-11,PN,OTR,2229.0
2025-09-12,PN,ENE,45242.0
2025-09-12,PN,MOB,8587.0
2025-09-12,PN,INS,27363.0
2025-09-12,PN,OTR,2223.0
2025-09-13,PN,ENE,42928.0
2025-09-13,PN,MOB,8126.0
2025-09-13,PN,INS,30973.0
2025-09-13,PN,OTR,2432.0
2025-09-14,PN,ENE,43890.0
2025-09-14,PN,MOB,8566.0
2025-09-14,PN,INS,33098.0
2025-09-14,PN,OTR,1733.0
2025-09-15,PN,ENE,46665.0
2025-09-15,PN,MOB,8321.0
2025-09-15,PN,INS,32355.0
2025-09-15,PN,OTR,2865.0
2025-09-16,PN,ENE,45019.0
2025-09-16,PN,MOB,8378.0
2025-09-16,PN,INS,30148.0
2025-09-16,PN,OTR,2483.0
2025-09-17,PN,ENE,36802.0
2025-09-17,PN,MOB,8525.0
2025-09-17,PN,INS,29741.0
2025-09-17,PN,OTR,3385.0
2025-09-18,PN,ENE,43855.0
2025-09-18,PN,MOB,8450.0
2025-09-18,PN,INS,26291.0
2025-09-18,PN,OTR,2931.0
2025-09-19,PN,ENE,43308.0
2025-09-19,PN,MOB,8279.0
2025-09-19,PN,INS,30496.0
2025-09-19,PN,OTR,3047.0
2025-09-20,PN,ENE,45426.0
2025-09-20,PN,MOB,8397.0
2025-09-20,PN,INS,27027.0
2025-09-20,PN,OTR,2658.0
2025-09-21,PN,ENE,50058.0
2025-09-21,PN,MOB,8674.0
2025-09-21,PN,INS,34345.0
2025-09-21,PN,OTR,2148.0
2025-09-22,PN,ENE,45191.0
2025-09-22,PN,MOB,8598.0
2025-09-22,PN,INS,27942.0
2025-09-22,PN,OTR,2444.0
2025-09-23,PN,ENE,43307.0
2025-09-23,PN,MOB,8304.0
2025-09-23,PN,INS,16675.0
2025-09-23,PN,OTR,1599.0
2025-09-24,PN,ENE,42252.0
2025-09-24,PN,MOB,8520.0
2025-09-24,PN,INS,28857.0
2025-09-24,PN,OTR,2391.0
2025-09-25,PN,ENE,40187.0
2025-09-25,PN,MOB,8496.0
2025-09-25,PN,INS,30012.0
2025-09-25,PN,OTR,2334.0
2025-09-26,PN,ENE,45334.0
2025-09-26,PN,MOB,8405.0
2025-09-26,PN,INS,33598.0
2025-09-26,PN,OTR,2273.0
2025-09-27,PN,ENE,42025.0
2025-09-27,PN,MOB,8654.0
2025-09-27,PN,INS,34807.0
2025-09-27,PN,OTR,2956.0
2025-09-28,PN,ENE,40096.0
2025-09-28,PN,MOB,8689.0
2025-09-28,PN,INS,28163.0
2025-09-28,PN,OTR,2760.0
2025-09-29,PN,ENE,44135.0
2025-09-29,PN,MOB,8897.0
2025-09-29,PN,INS,36701.0
2025-09-29,PN,OTR,1956.0
2025-09-30,PN,ENE,45704.0
2025-09-30,PN,MOB,8360.0
2025-09-30,PN,INS,39874.0
2025-09-30,PN,OTR,3467.0
2025-10-01,PN,ENE,51601.0
2025-10-01,PN,MOB,8511.0
2025-10-01,PN,INS,33153.0
2025-10-01,PN,OTR,2856.0
2025-10-02,PN,ENE,44466.0
2025-10-02,PN,MOB,8218.0
2025-10-02,PN,INS,37295.0
2025-10-02,PN,OTR,2737.0
2025-10-03,PN,ENE,43124.0
2025-10-03,PN,MOB,8535.0
2025-10-03,PN,INS,38290.0
2025-10-03,PN,OTR,1730.0
2025-10-04,PN,ENE,37343.0
2025-10-04,PN,MOB,8539.0
2025-10-04,PN,INS,13282.0
2025-10-04,PN,OTR,3403.0
2025-10-05,PN,ENE,49814.0
2025-10-05,PN,MOB,8570.0
2025-10-05,PN,INS,29946.0
2025-10-05,PN,OTR,1722.0
2025-10-06,PN,ENE,47604.0
2025-10-06,PN,MOB,8492.0
2025-10-06,PN,INS,35904.0
2025-10-06,PN,OTR,2584.0
2025-10-07,PN,ENE,50087.0
2025-10-07,PN,MOB,8268.0
2025-10-07,PN,INS,31199.0
2025-10-07,PN,OTR,1894.0
2025-10-08,PN,ENE,44407.0
2025-10-08,PN,MOB,8397.0
2025-10-08,PN,INS,32883.0
2025-10-08,PN,OTR,3094.0
2025-10-09,PN,ENE,46990.0
2025-10-09,PN,MOB,8426.0
2025-10-09,PN,INS,30953.0
2025-10-09,PN,OTR,2948.0
2025-10-10,PN,ENE,44685.0
2025-10-10,PN,MOB,8554.0
2025-10-10,PN,INS,30770.0
2025-10-10,PN,OTR,2760.0
2025-10-11,PN,ENE,43390.0
2025-10-11,PN,MOB,8678.0
2025-10-11,PN,INS,35222.0
2025-10-11,PN,OTR,2315.0
2025-10-12,PN,ENE,50028.0
2025-10-12,PN,MOB,8760.0
2025-10-12,PN,INS,35734.0
2025-10-12,PN,OTR,1722.0
2025-10-13,PN,ENE,50049.0
2025-10-13,PN,MOB,8634.0
2025-10-13,PN,INS,27070.0
2025-10-13,PN,OTR,3258.0
2025-10-14,PN,ENE,43918.0
2025-10-14,PN,MOB,8489.0
2025-10-14,PN,INS,34117.0
2025-10-14,PN,OTR,1727.0
2025-10-15,PN,ENE,49690.0
2025-10-15,PN,MOB,8327.0
2025-10-15,PN,INS,31458.0
2025-10-15,PN,OTR,2051.0
2025-10-16,PN,ENE,42206.0
2025-10-16,PN,MOB,8061.0
2025-10-16,PN,INS,30295.0
2025-10-16,PN,OTR,3493.0
2025-10-17,PN,ENE,46544.0
2025-10-17,PN,MOB,8609.0
2025-10-17,PN,INS,20199.0
2025-10-17,PN,OTR,2939.0
2025-10-18,PN,ENE,45690.0
2025-10-18,PN,MOB,8533.0
2025-10-18,PN,INS,29933.0
2025-10-18,PN,OTR,2122.0
2025-10-19,PN,ENE,47876.0
2025-10-19,PN,MOB,8142.0
2025-10-19,PN,INS,39027.0
2025-10-19,PN,OTR,2758.0
2025-10-20,PN,ENE,43349.0
2025-10-20,PN,MOB,8252.0
2025-10-20,PN,INS,32563.0
2025-10-20,PN,OTR,3076.0
2025-10-21,PN,ENE,49403.0
2025-10-21,PN,MOB,8642.0
2025-10-21,PN,INS,34826.0
2025-10-21,PN,OTR,3242.0
2025-10-22,PN,ENE,44333.0
2025-10-22,PN,MOB,8458.0
2025-10-22,PN,INS,28340.0
2025-10-22,PN,OTR,2872.0
2025-10-23,PN,ENE,42899.0
2025-10-23,PN,MOB,8428.0
2025-10-23,PN,INS,26194.0
2025-10-23,PN,OTR,2918.0
2025-10-24,PN,ENE,47463.0
2025-10-24,PN,MOB,8579.0
2025-10-24,PN,INS,26745.0
2025-10-24,PN,OTR,2440.0
2025-10-25,PN,ENE,41151.0
2025-10-25,PN,MOB,8610.0
2025-10-25,PN,INS,32248.0
2025-10-25,PN,OTR,2395.0
2025-10-26,PN,ENE,50938.0
2025-10-26,PN,MOB,8676.0
2025-10-26,PN,INS,35734.0
2025-10-26,PN,OTR,1682.0
2025-10-27,PN,ENE,44004.0
2025-10-27,PN,MOB,8590.0
2025-10-27,PN,INS,29027.0
2025-10-27,PN,OTR,2542.0
2025-10-28,PN,ENE,45129.0
2025-10-28,PN,MOB,8354.0
2025-10-28,PN,INS,35144.0
2025-10-28,PN,OTR,3237.0
2025-10-29,PN,ENE,43551.0
2025-10-29,PN,MOB,8416.0
2025-10-29,PN,INS,30114.0
2025-10-29,PN,OTR,2891.0
2025-10-30,PN,ENE,41923.0
2025-10-30,PN,MOB,8444.0
2025-10-30,PN,INS,25220.0
2025-10-30,PN,OTR,1679.0
2025-10-31,PN,ENE,48312.0
2025-10-31,PN,MOB,8418.0
2025-10-31,PN,INS,23642.0
2025-10-31,PN,OTR,2954.0
2025-11-01,PN,ENE,47669.0
2025-11-01,PN,MOB,8585.0
2025-11-01,PN,INS,34128.0
2025-11-01,PN,OTR,1584.0
2025-11-02,PN,ENE,44339.0
2025-11-02,PN,MOB,8524.0
2025-11-02,PN,INS,41992.0
2025-11-02,PN,OTR,3196.0
2025-11-03,PN,ENE,44132.0
2025-11-03,PN,MOB,8521.0
2025-11-03,PN,INS,28300.0
2025-11-03,PN,OTR,3065.0
2025-11-04,PN,ENE,48543.0
2025-11-04,PN,MOB,8220.0
2025-11-04,PN,INS,31235.0
2025-11-04,PN,OTR,1526.0
2025-11-05,PN,ENE,42995.0
2025-11-05,PN,MOB,8541.0
2025-11-05,PN,INS,32534.0
2025-11-05,PN,OTR,2241.0
2025-11-06,PN,ENE,50393.0
2025-11-06,PN,MOB,8255.0
2025-11-06,PN,INS,31874.0
2025-11-06,PN,OTR,2208.0
2025-11-07,PN,ENE,43556.0
2025-11-07,PN,MOB,8627.0
2025-11-07,PN,INS,33023.0
2025-11-07,PN,OTR,1666.0
2025-11-08,PN,ENE,40785.0
2025-11-08,PN,MOB,8496.0
2025-11-08,PN,INS,36201.0
2025-11-08,PN,OTR,2515.0
2025-11-09,PN,ENE,41160.0
2025-11-09,PN,MOB,8357.0
2025-11-09,PN,INS,34164.0
2025-11-09,PN,OTR,2989.0
2025-11-10,PN,ENE,48742.0
2025-11-10,PN,MOB,8437.0
2025-11-10,PN,INS,36275.0
2025-11-10,PN,OTR,3317.0
2025-11-11,PN,ENE,50266.0
2025-11-11,PN,MOB,8324.0
2025-11-11,PN,INS,32643.0
2025-11-11,PN,OTR,2578.0
2025-11-12,PN,ENE,46949.0
2025-11-12,PN,MOB,8759.0
2025-11-12,PN,INS,30986.0
2025-11-12,PN,OTR,3169.0
2025-11-13,PN,ENE,46871.0
2025-11-13,PN,MOB,8367.0
2025-11-13,PN,INS,36391.0
2025-11-13,PN,OTR,2077.0
2025-11-14,PN,ENE,49601.0
2025-11-14,PN,MOB,8604.0
2025-11-14,PN,INS,30626.0
2025-11-14,PN,OTR,3065.0
2025-11-15,PN,ENE,49048.0
2025-11-15,PN,MOB,8687.0
2025-11-15,PN,INS,22118.0
2025-11-15,PN,OTR,2238.0
2025-11-16,PN,ENE,42885.0
2025-11-16,PN,MOB,8589.0
2025-11-16,PN,INS,28667.0
2025-11-16,PN,OTR,3226.0
2025-11-17,PN,ENE,48995.0
2025-11-17,PN,MOB,8676.0
2025-11-17,PN,INS,29951.0
2025-11-17,PN,OTR,2448.0
2025-11-18,PN,ENE,46967.0
2025-11-18,PN,MOB,8580.0
2025-11-18,PN,INS,29760.0
2025-11-18,PN,OTR,3466.0
2025-11-19,PN,ENE,42578.0
2025-11-19,PN,MOB,8736.0
2025-11-19,PN,INS,29525.0
2025-11-19,PN,OTR,3097.0
2025-11-20,PN,ENE,45862.0
2025-11-20,PN,MOB,8142.0
2025-11-20,PN,INS,31791.0
2025-11-20,PN,OTR,1993.0
2025-11-21,PN,ENE,41160.0
2025-11-21,PN,MOB,8491.0
2025-11-21,PN,INS,35418.0
2025-11-21,PN,OTR,3342.0
2025-11-22,PN,ENE,40262.0
2025-11-22,PN,MOB,8687.0
2025-11-22,PN,INS,36851.0
2025-11-22,PN,OTR,1599.0
2025-11-23,PN,ENE,42965.0
2025-11-23,PN,MOB,8551.0
2025-11-23,PN,INS,35129.0
2025-11-23,PN,OTR,3354.0
2025-11-24,PN,ENE,49175.0
2025-11-24,PN,MOB,8507.0
2025-11-24,PN,INS,29032.0
2025-11-24,PN,OTR,2326.0
2025-11-25,PN,ENE,49391.0
2025-11-25,PN,MOB,8525.0
2025-11-25,PN,INS,34398.0
2025-11-25,PN,OTR,3254.0
2025-11-26,PN,ENE,46722.0
2025-11-26,PN,MOB,8599.0
2025-11-26,PN,INS,26972.0
2025-11-26,PN,OTR,2592.0
2025-11-27,PN,ENE,42448.0
2025-11-27,PN,MOB,8563.0
2025-11-27,PN,INS,22086.0
2025-11-27,PN,OTR,2984.0
2025-11-28,PN,ENE,41640.0
2025-11-28,PN,MOB,8635.0
2025-11-28,PN,INS,38125.0
2025-11-28,PN,OTR,1524.0
2025-11-29,PN,ENE,37276.0
2025-11-29,PN,MOB,8543.0
2025-11-29,PN,INS,37507.0
2025-11-29,PN,OTR,2882.0
2025-11-30,PN,ENE,52208.0
2025-11-30,PN,MOB,8507.0
2025-11-30,PN,INS,34256.0
2025-11-30,PN,OTR,3489.0
2025-12-01,PN,ENE,44450.0
2025-12-01,PN,MOB,8508.0
2025-12-01,PN,INS,38404.0
2025-12-01,PN,OTR,1573.0
2025-12-02,PN,ENE,43741.0
2025-12-02,PN,MOB,8550.0
2025-12-02,PN,INS,18040.0
2025-12-02,PN,OTR,2500.0
2025-12-03,PN,ENE,45294.0
2025-12-03,PN,MOB,8462.0
2025-12-03,PN,INS,33713.0
2025-12-03,PN,OTR,2558.0
2025-12-04,PN,ENE,42117.0
2025-12-04,PN,MOB,8659.0
2025-12-04,PN,INS,38374.0
2025-12-04,PN,OTR,2515.0
2025-12-05,PN,ENE,42695.0
2025-12-05,PN,MOB,8742.0
2025-12-05,PN,INS,38136.0
2025-12-05,PN,OTR,3472.0
2025-12-06,PN,ENE,48288.0
2025-12-06,PN,MOB,8296.0
2025-12-06,PN,INS,37300.0
2025-12-06,PN,OTR,2887.0
2025-12-07,PN,ENE,43245.0
2025-12-07,PN,MOB,8485.0
2025-12-07,PN,INS,37909.0
2025-12-07,PN,OTR,1744.0
2025-12-08,PN,ENE,44986.0
2025-12-08,PN,MOB,8475.0
2025-12-08,PN,INS,34172.0
2025-12-08,PN,OTR,2495.0
2025-12-09,PN,ENE,51336.0
2025-12-09,PN,MOB,8337.0
2025-12-09,PN,INS,32712.0
2025-12-09,PN,OTR,2911.0
2025-12-10,PN,ENE,39387.0
2025-12-10,PN,MOB,8727.0
2025-12-10,PN,INS,37501.0
2025-12-10,PN,OTR,1951.0
2025-12-11,PN,ENE,38235.0
2025-12-11,PN,MOB,8738.0
2025-12-11,PN,INS,34560.0
2025-12-11,PN,OTR,2721.0
2025-12-12,PN,ENE,45501.0
2025-12-12,PN,MOB,8578.0
2025-12-12,PN,INS,34106.0
2025-12-12,PN,OTR,2379.0
2025-12-13,PN,ENE,41819.0
2025-12-13,PN,MOB,8348.0
2025-12-13,PN,INS,38273.0
2025-12-13,PN,OTR,1777.0
2025-12-14,PN,ENE,41256.0
2025-12-14,PN,MOB,8850.0
2025-12-14,PN,INS,27558.0
2025-12-14,PN,OTR,2336.0
2025-12-15,PN,ENE,41942.0
2025-12-15,PN,MOB,8511.0
2025-12-15,PN,INS,31857.0
2025-12-15,PN,OTR,1630.0
2025-12-16,PN,ENE,46213.0
2025-12-16,PN,MOB,8621.0
2025-12-16,PN,INS,32910.0
2025-12-16,PN,OTR,2341.0
2025-12-17,PN,ENE,48261.0
2025-12-17,PN,MOB,8134.0
2025-12-17,PN,INS,35888.0
2025-12-17,PN,OTR,2889.0
2025-12-18,PN,ENE,47675.0
2025-12-18,PN,MOB,8520.0
2025-12-18,PN,INS,36295.0
2025-12-18,PN,OTR,1674.0
2025-12-19,PN,ENE,43485.0
2025-12-19,PN,MOB,8342.0
2025-12-19,PN,INS,27303.0
2025-12-19,PN,OTR,2900.0
2025-12-20,PN,ENE,38285.0
2025-12-20,PN,MOB,8242.0
2025-12-20,PN,INS,26071.0
2025-12-20,PN,OTR,1835.0
2025-12-21,PN,ENE,43822.0
2025-12-21,PN,MOB,8421.0
2025-12-21,PN,INS,31332.0
2025-12-21,PN,OTR,2306.0
2025-12-22,PN,ENE,42473.0
2025-12-22,PN,MOB,8536.0
2025-12-22,PN,INS,28270.0
2025-12-22,PN,OTR,1586.0
2025-12-23,PN,ENE,42862.0
2025-12-23,PN,MOB,8714.0
2025-12-23,PN,INS,20873.0
2025-12-23,PN,OTR,3422.0
2025-12-24,PN,ENE,39894.0
2025-12-24,PN,MOB,8425.0
2025-12-24,PN,INS,30430.0
2025-12-24,PN,OTR,3076.0
2025-12-25,PN,ENE,43625.0
2025-12-25,PN,MOB,8610.0
2025-12-25,PN,INS,28878.0
2025-12-25,PN,OTR,1940.0
2025-12-26,PN,ENE,41376.0
2025-12-26,PN,MOB,8397.0
2025-12-26,PN,INS,24642.0
2025-12-26,PN,OTR,1899.0
2025-12-27,PN,ENE,48287.0
2025-12-27,PN,MOB,8341.0
2025-12-27,PN,INS,32087.0
2025-12-27,PN,OTR,1872.0
2025-12-28,PN,ENE,42887.0
2025-12-28,PN,MOB,8655.0
2025-12-28,PN,INS,27045.0
2025-12-28,PN,OTR,2925.0
2025-12-29,PN,ENE,44353.0
2025-12-29,PN,MOB,8776.0
2025-12-29,PN,INS,24837.0
2025-12-29,PN,OTR,1770.0
2025-12-30,PN,ENE,41631.0
2025-12-30,PN,MOB,8677.0
2025-12-30,PN,INS,26162.0
2025-12-30,PN,OTR,2987.0
2025-12-31,PN,ENE,42824.0
2025-12-31,PN,MOB,8739.0
2025-12-31,PN,INS,24972.0
2025-12-31,PN,OTR,2088.0
2026-01-01,PN,ENE,46008.0
2026-01-01,PN,MOB,8644.0
2026-01-01,PN,INS,22955.0
2026-01-01,PN,OTR,3488.0
2026-01-02,PN,ENE,42732.0
2026-01-02,PN,MOB,8423.0
2026-01-02,PN,INS,31298.0
2026-01-02,PN,OTR,2432.0
2026-01-03,PN,ENE,41183.0
2026-01-03,PN,MOB,8545.0
2026-01-03,PN,INS,27925.0
2026-01-03,PN,OTR,2349.0
2026-01-04,PN,ENE,42082.0
2026-01-04,PN,MOB,8412.0
2026-01-04,PN,INS,28710.0
2026-01-04,PN,OTR,2970.0
2026-01-05,PN,ENE,41817.0
2026-01-05,PN,MOB,8588.0
2026-01-05,PN,INS,32110.0
2026-01-05,PN,OTR,2961.0
2026-01-06,PN,ENE,39786.0
2026-01-06,PN,MOB,8643.0
2026-01-06,PN,INS,34409.0
2026-01-06,PN,OTR,1934.0
2026-01-07,PN,ENE,49330.0
2026-01-07,PN,MOB,8525.0
2026-01-07,PN,INS,30001.0
2026-01-07,PN,OTR,3270.0
2026-01-08,PN,ENE,48159.0
2026-01-08,PN,MOB,8441.0
2026-01-08,PN,INS,28611.0
2026-01-08,PN,OTR,3228.0
2026-01-09,PN,ENE,43727.0
2026-01-09,PN,MOB,8630.0
2026-01-09,PN,INS,30178.0
2026-01-09,PN,OTR,2066.0
2026-01-10,PN,ENE,47491.0
2026-01-10,PN,MOB,8608.0
2026-01-10,PN,INS,30069.0
2026-01-10,PN,OTR,1842.0
2026-01-11,PN,ENE,41575.0
2026-01-11,PN,MOB,8565.0
2026-01-11,PN,INS,35985.0
2026-01-11,PN,OTR,2361.0
2026-01-12,PN,ENE,47498.0
2026-01-12,PN,MOB,8409.0
2026-01-12,PN,INS,26944.0
2026-01-12,PN,OTR,2452.0
2026-01-13,PN,ENE,44401.0
2026-01-13,PN,MOB,8494.0
2026-01-13,PN,INS,32110.0
2026-01-13,PN,OTR,2001.0
2026-01-14,PN,ENE,39023.0
2026-01-14,PN,MOB,8384.0
2026-01-14,PN,INS,38142.0
2026-01-14,PN,OTR,1984.0
2026-01-15,PN,ENE,42287.0
2026-01-15,PN,MOB,8379.0
2026-01-15,PN,INS,33726.0
2026-01-15,PN,OTR,2774.0
2026-01-16,PN,ENE,42342.0
2026-01-16,PN,MOB,8590.0
2026-01-16,PN,INS,33116.0
2026-01-16,PN,OTR,3278.0
2026-01-17,PN,ENE,48825.0
2026-01-17,PN,MOB,8326.0
2026-01-17,PN,INS,29416.0
2026-01-17,PN,OTR,1897.0
2026-01-18,PN,ENE,46403.0
2026-01-18,PN,MOB,8361.0
2026-01-18,PN,INS,28433.0
2026-01-18,PN,OTR,2535.0
2026-01-19,PN,ENE,45532.0
2026-01-19,PN,MOB,8474.0
2026-01-19,PN,INS,33609.0
2026-01-19,PN,OTR,1657.0
2026-01-20,PN,ENE,48888.0
2026-01-20,PN,MOB,8460.0
2026-01-20,PN,INS,40696.0
2026-01-20,PN,OTR,2853.0
2026-01-21,PN,ENE,46703.0
2026-01-21,PN,MOB,8413.0
2026-01-21,PN,INS,39552.0
2026-01-21,PN,OTR,2031.0
2026-01-22,PN,ENE,41508.0
2026-01-22,PN,MOB,8221.0
2026-01-22,PN,INS,30689.0
2026-01-22,PN,OTR,1780.0
2026-01-23,PN,ENE,46084.0
2026-01-23,PN,MOB,8380.0
2026-01-23,PN,INS,28957.0
2026-01-23,PN,OTR,2259.0
2026-01-24,PN,ENE,51868.0
2026-01-24,PN,MOB,8356.0
2026-01-24,PN,INS,33298.0
2026-01-24,PN,OTR,3078.0
2026-01-25,PN,ENE,43829.0
2026-01-25,PN,MOB,8475.0
2026-01-25,PN,INS,29920.0
2026-01-25,PN,OTR,2522.0
2026-01-26,PN,ENE,50307.0
2026-01-26,PN,MOB,8611.0
2026-01-26,PN,INS,31716.0
2026-01-26,PN,OTR,2441.0
2026-01-27,PN,ENE,40868.0
2026-01-27,PN,MOB,8747.0
2026-01-27,PN,INS,31655.0
2026-01-27,PN,OTR,3110.0
2026-01-28,PN,ENE,42881.0
2026-01-28,PN,MOB,8770.0
2026-01-28,PN,INS,35006.0
2026-01-28,PN,OTR,1683.0
2026-01-29,PN,ENE,43638.0
2026-01-29,PN,MOB,8443.0
2026-01-29,PN,INS,23534.0
2026-01-29,PN,OTR,1578.0
2026-01-30,PN,ENE,40380.0
2026-01-30,PN,MOB,8439.0
2026-01-30,PN,INS,29744.0
2026-01-30,PN,OTR,1615.0
2026-01-31,PN,ENE,45365.0
2026-01-31,PN,MOB,8614.0
2026-01-31,PN,INS,24644.0
2026-01-31,PN,OTR,1586.0
2026-02-01,PN,ENE,42410.0
2026-02-01,PN,MOB,8515.0
2026-02-01,PN,INS,26984.0
2026-02-01,PN,OTR,3307.0
2026-02-02,PN,ENE,41947.0
2026-02-02,PN,MOB,8470.0
2026-02-02,PN,INS,30432.0
2026-02-02,PN,OTR,2873.0
2026-02-03,PN,ENE,40210.0
2026-02-03,PN,MOB,8330.0
2026-02-03,PN,INS,29412.0
2026-02-03,PN,OTR,1747.0
2026-02-04,PN,ENE,43532.0
2026-02-04,PN,MOB,8416.0
2026-02-04,PN,INS,26588.0
2026-02-04,PN,OTR,3443.0
2026-02-05,PN,ENE,42773.0
2026-02-05,PN,MOB,8180.0
2026-02-05,PN,INS,29061.0
2026-02-05,PN,OTR,3232.0
2026-02-06,PN,ENE,49827.0
2026-02-06,PN,MOB,8271.0
2026-02-06,PN,INS,25259.0
2026-02-06,PN,OTR,2534.0
2026-02-07,PN,ENE,37326.0
2026-02-07,PN,MOB,8341.0
2026-02-07,PN,INS,25317.0
2026-02-07,PN,OTR,1530.0
2026-02-08,PN,ENE,47036.0
2026-02-08,PN,MOB,8353.0
2026-02-08,PN,INS,29127.0
2026-02-08,PN,OTR,1930.0
2026-02-09,PN,ENE,45943.0
2026-02-09,PN,MOB,8405.0
2026-02-09,PN,INS,34363.0
2026-02-09,PN,OTR,2743.0
2026-02-10,PN,ENE,42141.0
2026-02-10,PN,MOB,8300.0
2026-02-10,PN,INS,30820.0
2026-02-10,PN,OTR,2500.0
2026-02-11,PN,ENE,45854.0
2026-02-11,PN,MOB,8157.0
2026-02-11,PN,INS,34508.0
2026-02-11,PN,OTR,2173.0
2026-02-12,PN,ENE,42224.0
2026-02-12,PN,MOB,8646.0
2026-02-12,PN,INS,34778.0
2026-02-12,PN,OTR,3443.0
2026-02-13,PN,ENE,39868.0
2026-02-13,PN,MOB,8635.0
2026-02-13,PN,INS,20841.0
2026-02-13,PN,OTR,2049.0
2026-02-14,PN,ENE,42098.0
2026-02-14,PN,MOB,8354.0
2026-02-14,PN,INS,24686.0
2026-02-14,PN,OTR,2098.0
2026-02-15,PN,ENE,41651.0
2026-02-15,PN,MOB,8532.0
2026-02-15,PN,INS,29304.0
2026-02-15,PN,OTR,2675.0
2026-02-16,PN,ENE,45601.0
2026-02-16,PN,MOB,8422.0
2026-02-16,PN,INS,31763.0
2026-02-16,PN,OTR,3167.0
2026-02-17,PN,ENE,47217.0
2026-02-17,PN,MOB,8745.0
2026-02-17,PN,INS,28618.0
2026-02-17,PN,OTR,2251.0
2026-02-18,PN,ENE,37481.0
2026-02-18,PN,MOB,8321.0
2026-02-18,PN,INS,26493.0
2026-02-18,PN,OTR,3017.0
2026-02-19,PN,ENE,39141.0
2026-02-19,PN,MOB,8307.0
2026-02-19,PN,INS,28935.0
2026-02-19,PN,OTR,1859.0
2026-02-20,PN,ENE,49965.0
2026-02-20,PN,MOB,8545.0
2026-02-20,PN,INS,37519.0
2026-02-20,PN,OTR,3295.0
2026-02-21,PN,ENE,39693.0
2026-02-21,PN,MOB,8565.0
2026-02-21,PN,INS,25034.0
2026-02-21,PN,OTR,1768.0
2026-02-22,PN,ENE,39890.0
2026-02-22,PN,MOB,8486.0
2026-02-22,PN,INS,27314.0
2026-02-22,PN,OTR,1635.0
2026-02-23,PN,ENE,40381.0
2026-02-23,PN,MOB,8292.0
2026-02-23,PN,INS,25008.0
2026-02-23,PN,OTR,2890.0
2026-02-24,PN,ENE,45068.0
2026-02-24,PN,MOB,8721.0
2026-02-24,PN,INS,19397.0
2026-02-24,PN,OTR,2905.0
2026-02-25,PN,ENE,49314.0
2026-02-25,PN,MOB,8753.0
2026-02-25,PN,INS,33964.0
2026-02-25,PN,OTR,3399.0
2026-02-26,PN,ENE,44748.0
2026-02-26,PN,MOB,8643.0
2026-02-26,PN,INS,30405.0
2026-02-26,PN,OTR,3469.0
2026-02-27,PN,ENE,44178.0
2026-02-27,PN,MOB,8706.0
2026-02-27,PN,INS,36487.0
2026-02-27,PN,OTR,3481.0
2026-02-28,PN,ENE,40842.0
2026-02-28,PN,MOB,8520.0
2026-02-28,PN,INS,31278.0
2026-02-28,PN,OTR,3300.0
2026-03-01,PN,ENE,42886.0
2026-03-01,PN,MOB,8647.0
2026-03-01,PN,INS,27743.0
2026-03-01,PN,OTR,2634.0
2026-03-02,PN,ENE,43838.0
2026-03-02,PN,MOB,8368.0
2026-03-02,PN,INS,24017.0
2026-03-02,PN,OTR,2206.0
2026-03-03,PN,ENE,49979.0
2026-03-03,PN,MOB,8600.0
2026-03-03,PN,INS,37950.0
2026-03-03,PN,OTR,1660.0
2026-03-04,PN,ENE,48512.0
2026-03-04,PN,MOB,8504.0
2026-03-04,PN,INS,27223.0
2026-03-04,PN,OTR,3338.0
2026-03-05,PN,ENE,46812.0
2026-03-05,PN,MOB,8461.0
2026-03-05,PN,INS,27359.0
2026-03-05,PN,OTR,1845.0
2026-03-06,PN,ENE,40253.0
2026-03-06,PN,MOB,8420.0
2026-03-06,PN,INS,29402.0
2026-03-06,PN,OTR,1777.0
2026-03-07,PN,ENE,49578.0
2026-03-07,PN,MOB,8474.0
2026-03-07,PN,INS,35905.0
2026-03-07,PN,OTR,1566.0
2026-03-08,PN,ENE,47186.0
2026-03-08,PN,MOB,8625.0
2026-03-08,PN,INS,27120.0
2026-03-08,PN,OTR,1637.0
2026-03-09,PN,ENE,41329.0
2026-03-09,PN,MOB,8454.0
2026-03-09,PN,INS,19661.0
2026-03-09,PN,OTR,3294.0
2026-03-10,PN,ENE,42569.0
2026-03-10,PN,MOB,8480.0
2026-03-10,PN,INS,34538.0
2026-03-10,PN,OTR,1670.0
2026-03-11,PN,ENE,46162.0
2026-03-11,PN,MOB,8466.0
2026-03-11,PN,INS,27537.0
2026-03-11,PN,OTR,2900.0
2026-03-12,PN,ENE,46852.0
2026-03-12,PN,MOB,8446.0
2026-03-12,PN,INS,24654.0
2026-03-12,PN,OTR,2557.0
2026-03-13,PN,ENE,37919.0
2026-03-13,PN,MOB,8331.0
2026-03-13,PN,INS,30203.0
2026-03-13,PN,OTR,2810.0
2026-03-14,PN,ENE,47840.0
2026-03-14,PN,MOB,8536.0
2026-03-14,PN,INS,31952.0
2026-03-14,PN,OTR,2698.0
2026-03-15,PN,ENE,49583.0
2026-03-15,PN,MOB,8485.0
2026-03-15,PN,INS,30050.0
2026-03-15,PN,OTR,2224.0
2026-03-16,PN,ENE,44519.0
2026-03-16,PN,MOB,8614.0
2026-03-16,PN,INS,29362.0
2026-03-16,PN,OTR,3476.0
2026-03-17,PN,ENE,43471.0
2026-03-17,PN,MOB,8343.0
2026-03-17,PN,INS,32262.0
2026-03-17,PN,OTR,1600.0
2026-03-18,PN,ENE,46818.0
2026-03-18,PN,MOB,8534.0
2026-03-18,PN,INS,26343.0
2026-03-18,PN,OTR,3146.0
2026-03-19,PN,ENE,41639.0
2026-03-19,PN,MOB,8829.0
2026-03-19,PN,INS,25247.0
2026-03-19,PN,OTR,2993.0
2026-03-20,PN,ENE,44255.0
2026-03-20,PN,MOB,8283.0
2026-03-20,PN,INS,33898.0
2026-03-20,PN,OTR,3032.0
2026-03-21,PN,ENE,47899.0
2026-03-21,PN,MOB,8630.0
2026-03-21,PN,INS,26632.0
2026-03-21,PN,OTR,3023.0
2026-03-22,PN,ENE,41770.0
2026-03-22,PN,MOB,8512.0
2026-03-22,PN,INS,31896.0
2026-03-22,PN,OTR,2792.0
2026-03-23,PN,ENE,49832.0
2026-03-23,PN,MOB,8603.0
2026-03-23,PN,INS,33565.0
2026-03-23,PN,OTR,1838.0
2026-03-24,PN,ENE,42916.0
2026-03-24,PN,MOB,8195.0
2026-03-24,PN,INS,30155.0
2026-03-24,PN,OTR,2279.0
2026-03-25,PN,ENE,42279.0
2026-03-25,PN,MOB,8681.0
2026-03-25,PN,INS,27351.0
2026-03-25,PN,OTR,2868.0
2026-03-26,PN,ENE,44083.0
2026-03-26,PN,MOB,8612.0
2026-03-26,PN,INS,30436.0
2026-03-26,PN,OTR,2166.0
2026-03-27,PN,ENE,40352.0
2026-03-27,PN,MOB,8572.0
2026-03-27,PN,INS,33875.0
2026-03-27,PN,OTR,2520.0
2026-03-28,PN,ENE,45221.0
2026-03-28,PN,MOB,8774.0
2026-03-28,PN,INS,28298.0
2026-03-28,PN,OTR,2863.0
2026-03-29,PN,ENE,44029.0
2026-03-29,PN,MOB,8664.0
2026-03-29,PN,INS,25001.0
2026-03-29,PN,OTR,2722.0
2026-03-30,PN,ENE,44156.0
2026-03-30,PN,MOB,8600.0
2026-03-30,PN,INS,27283.0
2026-03-30,PN,OTR,2840.0
2026-03-31,PN,ENE,46781.0
2026-03-31,PN,MOB,8507.0
2026-03-31,PN,INS,25772.0
2026-03-31,PN,OTR,2772.0
2026-04-01,PN,ENE,43352.0
2026-04-01,PN,MOB,8628.0
2026-04-01,PN,INS,30235.0
2026-04-01,PN,OTR,3232.0
2026-04-02,PN,ENE,50302.0
2026-04-02,PN,MOB,8321.0
2026-04-02,PN,INS,35845.0
2026-04-02,PN,OTR,1651.0
2026-04-03,PN,ENE,49331.0
2026-04-03,PN,MOB,8387.0
2026-04-03,PN,INS,33942.0
2026-04-03,PN,OTR,3378.0
2026-04-04,PN,ENE,44095.0
2026-04-04,PN,MOB,8470.0
2026-04-04,PN,INS,31878.0
2026-04-04,PN,OTR,1501.0
2026-04-05,PN,ENE,45177.0
2026-04-05,PN,MOB,8236.0
2026-04-05,PN,INS,32775.0
2026-04-05,PN,OTR,2103.0
2026-04-06,PN,ENE,48655.0
2026-04-06,PN,MOB,8389.0
2026-04-06,PN,INS,27727.0
2026-04-06,PN,OTR,2982.0
2026-04-07,PN,ENE,45044.0
2026-04-07,PN,MOB,8499.0
2026-04-07,PN,INS,37561.0
2026-04-07,PN,OTR,3076.0
2026-04-08,PN,ENE,48708.0
2026-04-08,PN,MOB,8809.0
2026-04-08,PN,INS,24321.0
2026-04-08,PN,OTR,2663.0
2026-04-09,PN,ENE,43952.0
2026-04-09,PN,MOB,8371.0
2026-04-09,PN,INS,28654.0
2026-04-09,PN,OTR,1572.0
2026-04-10,PN,ENE,50706.0
2026-04-10,PN,MOB,8614.0
2026-04-10,PN,INS,36899.0
2026-04-10,PN,OTR,1513.0
2026-04-11,PN,ENE,47358.0
2026-04-11,PN,MOB,8449.0
2026-04-11,PN,INS,33374.0
2026-04-11,PN,OTR,2299.0
2026-04-12,PN,ENE,43824.0
2026-04-12,PN,MOB,8641.0
2026-04-12,PN,INS,32252.0
2026-04-12,PN,OTR,2003.0
2026-04-13,PN,ENE,42902.0
2026-04-13,PN,MOB,8660.0
2026-04-13,PN,INS,36316.0
2026-04-13,PN,OTR,2615.0
2026-04-14,PN,ENE,48183.0
2026-04-14,PN,MOB,8356.0
2026-04-14,PN,INS,24197.0
2026-04-14,PN,OTR,2065.0
2026-04-15,PN,ENE,45453.0
2026-04-15,PN,MOB,8388.0
2026-04-15,PN,INS,30786.0
2026-04-15,PN,OTR,3022.0
2026-04-16,PN,ENE,37957.0
2026-04-16,PN,MOB,8873.0
2026-04-16,PN,INS,30641.0
2026-04-16,PN,OTR,3088.0
2026-04-17,PN,ENE,44583.0
2026-04-17,PN,MOB,8388.0
2026-04-17,PN,INS,41428.0
2026-04-17,PN,OTR,2653.0
2026-04-18,PN,ENE,46589.0
2026-04-18,PN,MOB,8422.0
2026-04-18,PN,INS,35782.0
2026-04-18,PN,OTR,1943.0
2026-04-19,PN,ENE,43675.0
2026-04-19,PN,MOB,8538.0
2026-04-19,PN,INS,41288.0
2026-04-19,PN,OTR,3260.0
2026-04-20,PN,ENE,35826.0
2026-04-20,PN,MOB,8651.0
2026-04-20,PN,INS,37269.0
2026-04-20,PN,OTR,2934.0
2026-04-21,PN,ENE,42003.0
2026-04-21,PN,MOB,8636.0
2026-04-21,PN,INS,29568.0
2026-04-21,PN,OTR,2193.0
2026-04-22,PN,ENE,41579.0
2026-04-22,PN,MOB,8862.0
2026-04-22,PN,INS,30661.0
2026-04-22,PN,OTR,2479.0
2026-04-23,PN,ENE,41647.0
2026-04-23,PN,MOB,8501.0
2026-04-23,PN,INS,39604.0
2026-04-23,PN,OTR,2445.0
2026-04-24,PN,ENE,39417.0
2026-04-24,PN,MOB,8292.0
2026-04-24,PN,INS,11524.0
2026-04-24,PN,OTR,3010.0
2026-04-25,PN,ENE,42812.0
2026-04-25,PN,MOB,8418.0
2026-04-25,PN,INS,29327.0
2026-04-25,PN,OTR,2704.0
2026-04-26,PN,ENE,43129.0
2026-04-26,PN,MOB,8579.0
2026-04-26,PN,INS,36127.0
2026-04-26,PN,OTR,1834.0
2026-04-27,PN,ENE,45639.0
2026-04-27,PN,MOB,8489.0
2026-04-27,PN,INS,27805.0
2026-04-27,PN,OTR,2095.0
2026-04-28,PN,ENE,42548.0
2026-04-28,PN,MOB,8346.0
2026-04-28,PN,INS,30206.0
2026-04-28,PN,OTR,1737.0
2026-04-29,PN,ENE,46639.0
2026-04-29,PN,MOB,8677.0
2026-04-29,PN,INS,35162.0
2026-04-29,PN,OTR,1689.0
2026-04-30,PN,ENE,41034.0
2026-04-30,PN,MOB,8242.0
2026-04-30,PN,INS,34391.0
2026-04-30,PN,OTR,2442.0
2026-05-01,PN,ENE,47358.0
2026-05-01,PN,MOB,8446.0
2026-05-01,PN,INS,36416.0
2026-05-01,PN,OTR,1933.0
2026-05-02,PN,ENE,42815.0
2026-05-02,PN,MOB,8466.0
2026-05-02,PN,INS,33262.0
2026-05-02,PN,OTR,2332.0
2026-05-03,PN,ENE,39382.0
2026-05-03,PN,MOB,8575.0
2026-05-03,PN,INS,38254.0
2026-05-03,PN,OTR,1990.0
2026-05-04,PN,ENE,41558.0
2026-05-04,PN,MOB,8781.0
2026-05-04,PN,INS,20301.0
2026-05-04,PN,OTR,2814.0
2026-05-05,PN,ENE,37980.0
2026-05-05,PN,MOB,8721.0
2026-05-05,PN,INS,28863.0
2026-05-05,PN,OTR,2298.0
2026-05-06,PN,ENE,33637.0
2026-05-06,PN,MOB,8440.0
2026-05-06,PN,INS,28065.0
2026-05-06,PN,OTR,1655.0
2026-05-07,PN,ENE,44377.0
2026-05-07,PN,MOB,8409.0
2026-05-07,PN,INS,36113.0
2026-05-07,PN,OTR,1511.0
2026-05-08,PN,ENE,37443.0
2026-05-08,PN,MOB,8390.0
2026-05-08,PN,INS,30453.0
2026-05-08,PN,OTR,1966.0
2026-05-09,PN,ENE,45387.0
2026-05-09,PN,MOB,8739.0
2026-05-09,PN,INS,29825.0
2026-05-09,PN,OTR,3024.0
2026-05-10,PN,ENE,43526.0
2026-05-10,PN,MOB,8441.0
2026-05-10,PN,INS,29829.0
2026-05-10,PN,OTR,3374.0
2026-05-11,PN,ENE,40644.0
2026-05-11,PN,MOB,8684.0
2026-05-11,PN,INS,37486.0
2026-05-11,PN,OTR,1545.0
2026-05-12,PN,ENE,50293.0
2026-05-12,PN,MOB,8318.0
2026-05-12,PN,INS,31788.0
2026-05-12,PN,OTR,2018.0
2026-05-13,PN,ENE,44886.0
2026-05-13,PN,MOB,8859.0
2026-05-13,PN,INS,33226.0
2026-05-13,PN,OTR,2661.0
2026-05-14,PN,ENE,49511.0
2026-05-14,PN,MOB,8477.0
2026-05-14,PN,INS,38017.0
2026-05-14,PN,OTR,1517.0
2026-05-15,PN,ENE,41780.0
2026-05-15,PN,MOB,8225.0
2026-05-15,PN,INS,33751.0
2026-05-15,PN,OTR,1798.0
2026-05-16,PN,ENE,48892.0
2026-05-16,PN,MOB,8567.0
2026-05-16,PN,INS,30989.0
2026-05-16,PN,OTR,3066.0
2026-05-17,PN,ENE,44792.0
2026-05-17,PN,MOB,8503.0
2026-05-17,PN,INS,27025.0
2026-05-17,PN,OTR,3220.0
2026-05-18,PN,ENE,45814.0
2026-05-18,PN,MOB,8538.0
2026-05-18,PN,INS,29757.0
2026-05-18,PN,OTR,2953.0
2026-05-19,PN,ENE,43483.0
2026-05-19,PN,MOB,8545.0
2026-05-19,PN,INS,32134.0
2026-05-19,PN,OTR,1778.0
2026-05-20,PN,ENE,42006.0
2026-05-20,PN,MOB,8881.0
2026-05-20,PN,INS,34285.0
2026-05-20,PN,OTR,1664.0
2026-05-21,PN,ENE,46292.0
2026-05-21,PN,MOB,8464.0
2026-05-21,PN,INS,37387.0
2026-05-21,PN,OTR,3297.0
2026-05-22,PN,ENE,41748.0
2026-05-22,PN,MOB,8386.0
2026-05-22,PN,INS,26328.0
2026-05-22,PN,OTR,1606.0
2026-05-23,PN,ENE,42292.0
2026-05-23,PN,MOB,8329.0
2026-05-23,PN,INS,36880.0
2026-05-23,PN,OTR,3072.0
2026-05-24,PN,ENE,43673.0
2026-05-24,PN,MOB,8515.0
2026-05-24,PN,INS,33857.0
2026-05-24,PN,OTR,2206.0
2026-05-25,PN,ENE,40334.0
2026-05-25,PN,MOB,8590.0
2026-05-25,PN,INS,25455.0
2026-05-25,PN,OTR,1549.0
2026-05-26,PN,ENE,48328.0
2026-05-26,PN,MOB,8597.0
2026-05-26,PN,INS,25655.0
2026-05-26,PN,OTR,3359.0
2026-05-27,PN,ENE,44314.0
2026-05-27,PN,MOB,8270.0
2026-05-27,PN,INS,23647.0
2026-05-27,PN,OTR,3041.0
2026-05-28,PN,ENE,46766.0
2026-05-28,PN,MOB,8508.0
2026-05-28,PN,INS,33995.0
2026-05-28,PN,OTR,2432.0
2026-05-29,PN,ENE,48601.0
2026-05-29,PN,MOB,8565.0
2026-05-29,PN,INS,32318.0
2026-05-29,PN,OTR,2886.0
2026-05-30,PN,ENE,49325.0
2026-05-30,PN,MOB,8374.0
2026-05-30,PN,INS,29807.0
2026-05-30,PN,OTR,2968.0
2026-05-31,PN,ENE,44665.0
2026-05-31,PN,MOB,8475.0
2026-05-31,PN,INS,33671.0
2026-05-31,PN,OTR,3457.0
2026-06-01,PN,ENE,46885.0
2026-06-01,PN,MOB,8707.0
2026-06-01,PN,INS,28975.0
2026-06-01,PN,OTR,2428.0
2026-06-02,PN,ENE,43802.0
2026-06-02,PN,MOB,8601.0
2026-06-02,PN,INS,36417.0
2026-06-02,PN,OTR,1718.0
2026-06-03,PN,ENE,37400.0
2026-06-03,PN,MOB,8811.0
2026-06-03,PN,INS,30722.0
2026-06-03,PN,OTR,2020.0
2026-06-04,PN,ENE,40045.0
2026-06-04,PN,MOB,8366.0
2026-06-04,PN,INS,36003.0
2026-06-04,PN,OTR,2546.0
2026-06-05,PN,ENE,45073.0
2026-06-05,PN,MOB,8543.0
2026-06-05,PN,INS,39463.0
2026-06-05,PN,OTR,2558.0
2026-06-06,PN,ENE,43522.0
2026-06-06,PN,MOB,8428.0
2026-06-06,PN,INS,34572.0
2026-06-06,PN,OTR,3290.0
2026-06-07,PN,ENE,44315.0
2026-06-07,PN,MOB,8495.0
2026-06-07,PN,INS,31246.0
2026-06-07,PN,OTR,2255.0
2026-06-08,PN,ENE,50925.0
2026-06-08,PN,MOB,8483.0
2026-06-08,PN,INS,38460.0
2026-06-08,PN,OTR,3089.0
2026-06-09,PN,ENE,48832.0
2026-06-09,PN,MOB,8255.0
2026-06-09,PN,INS,22056.0
2026-06-09,PN,OTR,3310.0
2026-06-10,PN,ENE,43353.0
2026-06-10,PN,MOB,8166.0
2026-06-10,PN,INS,29605.0
2026-06-10,PN,OTR,2352.0
2026-06-11,PN,ENE,49644.0
2026-06-11,PN,MOB,8556.0
2026-06-11,PN,INS,23077.0
2026-06-11,PN,OTR,1831.0
2026-06-12,PN,ENE,43408.0
2026-06-12,PN,MOB,8445.0
2026-06-12,PN,INS,28661.0
2026-06-12,PN,OTR,3459.0
2026-06-13,PN,ENE,40717.0
2026-06-13,PN,MOB,8711.0
2026-06-13,PN,INS,35282.0
2026-06-13,PN,OTR,1512.0
2026-06-14,PN,ENE,50051.0
2026-06-14,PN,MOB,8504.0
2026-06-14,PN,INS,35273.0
2026-06-14,PN,OTR,1552.0
2026-06-15,PN,ENE,45517.0
2026-06-15,PN,MOB,8781.0
2026-06-15,PN,INS,16556.0
2026-06-15,PN,OTR,2474.0
2026-06-16,PN,ENE,48367.0
2026-06-16,PN,MOB,8558.0
2026-06-16,PN,INS,38973.0
2026-06-16,PN,OTR,2977.0
2026-06-17,PN,ENE,46320.0
2026-06-17,PN,MOB,8723.0
2026-06-17,PN,INS,30683.0
2026-06-17,PN,OTR,2704.0
2026-06-18,PN,ENE,43342.0
2026-06-18,PN,MOB,8426.0
2026-06-18,PN,INS,18916.0
2026-06-18,PN,OTR,3256.0
2026-06-19,PN,ENE,45620.0
2026-06-19,PN,MOB,8443.0
2026-06-19,PN,INS,34909.0
2026-06-19,PN,OTR,1814.0
2026-06-20,PN,ENE,44040.0
2026-06-20,PN,MOB,8756.0
2026-06-20,PN,INS,30596.0
2026-06-20,PN,OTR,1972.0
2026-06-21,PN,ENE,49316.0
2026-06-21,PN,MOB,8645.0
2026-06-21,PN,INS,32838.0
2026-06-21,PN,OTR,3363.0
2026-06-22,PN,ENE,42560.0
2026-06-22,PN,MOB,8703.0
2026-06-22,PN,INS,32553.0
2026-06-22,PN,OTR,3241.0
2026-06-23,PN,ENE,45002.0
2026-06-23,PN,MOB,8559.0
2026-06-23,PN,INS,39378.0
2026-06-23,PN,OTR,2047.0
2026-06-24,PN,ENE,50195.0
2026-06-24,PN,MOB,8472.0
2026-06-24,PN,INS,30671.0
2026-06-24,PN,OTR,3271.0
2026-06-25,PN,ENE,45522.0
2026-06-25,PN,MOB,8505.0
2026-06-25,PN,INS,34238.0
2026-06-25,PN,OTR,1804.0
2026-06-26,PN,ENE,38645.0
2026-06-26,PN,MOB,8644.0
2026-06-26,PN,INS,29445.0
2026-06-26,PN,OTR,3251.0
2026-06-27,PN,ENE,38149.0
2026-06-27,PN,MOB,8542.0
2026-06-27,PN,INS,20448.0
2026-06-27,PN,OTR,1577.0
2026-06-28,PN,ENE,44492.0
2026-06-28,PN,MOB,8440.0
2026-06-28,PN,INS,41955.0
2026-06-28,PN,OTR,3163.0
2026-06-29,PN,ENE,46953.0
2026-06-29,PN,MOB,8506.0
2026-06-29,PN,INS,33158.0
2026-06-29,PN,OTR,3091.0
2026-06-30,PN,ENE,44394.0
2026-06-30,PN,MOB,8520.0
2026-06-30,PN,INS,33903.0
2026-06-30,PN,OTR,3150.0
2026-07-01,PN,ENE,42366.0
2026-07-01,PN,MOB,8595.0
2026-07-01,PN,INS,28621.0
2026-07-01,PN,OTR,3051.0
2026-07-02,PN,ENE,45252.0
2026-07-02,PN,MOB,8329.0
2026-07-02,PN,INS,26702.0
2026-07-02,PN,OTR,2201.0
2026-07-03,PN,ENE,48530.0
2026-07-03,PN,MOB,8072.0
2026-07-03,PN,INS,35657.0
2026-07-03,PN,OTR,2043.0
2026-07-04,PN,ENE,43368.0
2026-07-04,PN,MOB,8388.0
2026-07-04,PN,INS,39769.0
2026-07-04,PN,OTR,2112.0
2026-07-05,PN,ENE,39865.0
2026-07-05,PN,MOB,8421.0
2026-07-05,PN,INS,35558.0
2026-07-05,PN,OTR,1841.0
2026-07-06,PN,ENE,37984.0
2026-07-06,PN,MOB,8385.0
2026-07-06,PN,INS,32713.0
2026-07-06,PN,OTR,3327.0
2026-07-07,PN,ENE,36736.0
2026-07-07,PN,MOB,8328.0
2026-07-07,PN,INS,36109.0
2026-07-07,PN,OTR,2857.0
2026-07-08,PN,ENE,36696.0
2026-07-08,PN,MOB,8376.0
2026-07-08,PN,INS,32429.0
2026-07-08,PN,OTR,3036.0
2026-07-09,PN,ENE,49579.0
2026-07-09,PN,MOB,8456.0
2026-07-09,PN,INS,29745.0
2026-07-09,PN,OTR,2186.0
2026-07-10,PN,ENE,43942.0
2026-07-10,PN,MOB,8591.0
2026-07-10,PN,INS,34716.0
2026-07-10,PN,OTR,1704.0
2026-07-11,PN,ENE,41365.0
2026-07-11,PN,MOB,8519.0
2026-07-11,PN,INS,36331.0
2026-07-11,PN,OTR,2444.0
2026-07-12,PN,ENE,42566.0
2026-07-12,PN,MOB,8774.0
2026-07-12,PN,INS,35214.0
2026-07-12,PN,OTR,1821.0
2026-07-13,PN,ENE,42610.0
2026-07-13,PN,MOB,8338.0
2026-07-13,PN,INS,33176.0
2026-07-13,PN,OTR,2411.0
2026-07-14,PN,ENE,39284.0
2026-07-14,PN,MOB,8567.0
2026-07-14,PN,INS,37818.0
2026-07-14,PN,OTR,3140.0
2026-07-15,PN,ENE,33903.0
2026-07-15,PN,MOB,8282.0
2026-07-15,PN,INS,30979.0
2026-07-15,PN,OTR,2585.0
2026-07-16,PN,ENE,49449.0
2026-07-16,PN,MOB,8641.0
2026-07-16,PN,INS,36162.0
2026-07-16,PN,OTR,2154.0
2026-07-17,PN,ENE,44591.0
2026-07-17,PN,MOB,8560.0
2026-07-17,PN,INS,31765.0
2026-07-17,PN,OTR,1993.0
2026-07-18,PN,ENE,43623.0
2026-07-18,PN,MOB,8437.0
2026-07-18,PN,INS,18176.0
2026-07-18,PN,OTR,2073.0
2026-07-19,PN,ENE,50679.0
2026-07-19,PN,MOB,8739.0
2026-07-19,PN,INS,31502.0
2026-07-19,PN,OTR,3499.0
2026-07-20,PN,ENE,43092.0
2026-07-20,PN,MOB,8476.0
2026-07-20,PN,INS,35640.0
2026-07-20,PN,OTR,2261.0
2026-07-21,PN,ENE,40321.0
2026-07-21,PN,MOB,8335.0
2026-07-21,PN,INS,32868.0
2026-07-21,PN,OTR,3368.0
2026-07-22,PN,ENE,40424.0
2026-07-22,PN,MOB,8479.0
2026-07-22,PN,INS,26377.0
2026-07-22,PN,OTR,2851.0
2026-07-23,PN,ENE,43369.0
2026-07-23,PN,MOB,8363.0
2026-07-23,PN,INS,24835.0
2026-07-23,PN,OTR,3495.0
2026-07-24,PN,ENE,42855.0
2026-07-24,PN,MOB,8263.0
2026-07-24,PN,INS,36323.0
2026-07-24,PN,OTR,3194.0
2026-07-25,PN,ENE,44651.0
2026-07-25,PN,MOB,8822.0
2026-07-25,PN,INS,33453.0
2026-07-25,PN,OTR,3421.0
2026-07-26,PN,ENE,47566.0
2026-07-26,PN,MOB,8481.0
2026-07-26,PN,INS,34523.0
2026-07-26,PN,OTR,3323.0
2026-07-27,PN,ENE,43706.0
2026-07-27,PN,MOB,8499.0
2026-07-27,PN,INS,30855.0
2026-07-27,PN,OTR,1808.0
2026-07-28,PN,ENE,47730.0
2026-07-28,PN,MOB,8613.0
2026-07-28,PN,INS,32859.0
2026-07-28,PN,OTR,3475.0
2026-07-29,PN,ENE,36436.0
2026-07-29,PN,MOB,8701.0
2026-07-29,PN,INS,34621.0
2026-07-29,PN,OTR,2849.0
2026-07-30,PN,ENE,40172.0
2026-07-30,PN,MOB,8460.0
2026-07-30,PN,INS,25314.0
2026-07-30,PN,OTR,2641.0
2026-07-31,PN,ENE,37721.0
2026-07-31,PN,MOB,8612.0
2026-07-31,PN,INS,27901.0
2026-07-31,PN,OTR,2452.0
2026-08-01,PN,ENE,42810.0
2026-08-01,PN,MOB,8183.0
2026-08-01,PN,INS,33642.0
2026-08-01,PN,OTR,2885.0
2026-08-02,PN,ENE,44799.0
2026-08-02,PN,MOB,8506.0
2026-08-02,PN,INS,32220.0
2026-08-02,PN,OTR,2184.0
2026-08-03,PN,ENE,41342.0
2026-08-03,PN,MOB,8765.0
2026-08-03,PN,INS,19132.0
2026-08-03,PN,OTR,1622.0
2026-08-04,PN,ENE,35071.0
2026-08-04,PN,MOB,8536.0
2026-08-04,PN,INS,23904.0
2026-08-04,PN,OTR,2270.0
2026-08-05,PN,ENE,47910.0
2026-08-05,PN,MOB,8325.0
2026-08-05,PN,INS,28427.0
2026-08-05,PN,OTR,1786.0
2026-08-06,PN,ENE,40881.0
2026-08-06,PN,MOB,8250.0
2026-08-06,PN,INS,31186.0
2026-08-06,PN,OTR,1957.0
2026-08-07,PN,ENE,42854.0
2026-08-07,PN,MOB,8364.0
2026-08-07,PN,INS,32707.0
2026-08-07,PN,OTR,1986.0
2026-08-08,PN,ENE,41627.0
2026-08-08,PN,MOB,8331.0
2026-08-08,PN,INS,35176.0
2026-08-08,PN,OTR,1734.0
2026-08-09,PN,ENE,46592.0
2026-08-09,PN,MOB,8396.0
2026-08-09,PN,INS,35384.0
2026-08-09,PN,OTR,2736.0
2026-08-10,PN,ENE,39116.0
2026-08-10,PN,MOB,8456.0
2026-08-10,PN,INS,37271.0
2026-08-10,PN,OTR,2631.0
2026-08-11,PN,ENE,44357.0
2026-08-11,PN,MOB,8611.0
2026-08-11,PN,INS,20850.0
2026-08-11,PN,OTR,2942.0
2026-08-12,PN,ENE,43885.0
2026-08-12,PN,MOB,8630.0
2026-08-12,PN,INS,24947.0
2026-08-12,PN,OTR,1567.0
2026-08-13,PN,ENE,42390.0
2026-08-13,PN,MOB,8529.0
2026-08-13,PN,INS,23879.0
2026-08-13,PN,OTR,1663.0
2026-08-14,PN,ENE,51189.0
2026-08-14,PN,MOB,8567.0
2026-08-14,PN,INS,31756.0
2026-08-14,PN,OTR,3389.0
2026-08-15,PN,ENE,40379.0
2026-08-15,PN,MOB,8490.0
2026-08-15,PN,INS,28711.0
2026-08-15,PN,OTR,2345.0
2026-08-16,PN,ENE,37557.0
2026-08-16,PN,MOB,8556.0
2026-08-16,PN,INS,6383.0
2026-08-16,PN,OTR,2723.0
2026-08-17,PN,ENE,42210.0
2026-08-17,PN,MOB,8755.0
2026-08-17,PN,INS,28010.0
2026-08-17,PN,OTR,2694.0
2026-08-18,PN,ENE,45298.0
2026-08-18,PN,MOB,8115.0
2026-08-18,PN,INS,29658.0
2026-08-18,PN,OTR,2471.0
2026-08-19,PN,ENE,45193.0
2026-08-19,PN,MOB,8802.0
2026-08-19,PN,INS,35147.0
2026-08-19,PN,OTR,1665.0
2026-08-20,PN,ENE,45307.0
2026-08-20,PN,MOB,8569.0
2026-08-20,PN,INS,37423.0
2026-08-20,PN,OTR,1699.0
2026-08-21,PN,ENE,48880.0
2026-08-21,PN,MOB,8637.0
2026-08-21,PN,INS,27284.0
2026-08-21,PN,OTR,2450.0
2026-08-22,PN,ENE,42639.0
2026-08-22,PN,MOB,8255.0
2026-08-22,PN,INS,24586.0
2026-08-22,PN,OTR,2840.0
2026-08-23,PN,ENE,43563.0
2026-08-23,PN,MOB,8537.0
2026-08-23,PN,INS,27407.0
2026-08-23,PN,OTR,2234.0
2026-08-24,PN,ENE,42043.0
2026-08-24,PN,MOB,8528.0
2026-08-24,PN,INS,31185.0
2026-08-24,PN,OTR,3029.0
2026-08-25,PN,ENE,40642.0
2026-08-25,PN,MOB,8497.0
2026-08-25,PN,INS,28529.0
2026-08-25,PN,OTR,2945.0
2026-08-26,PN,ENE,45956.0
2026-08-26,PN,MOB,8826.0
2026-08-26,PN,INS,38851.0
2026-08-26,PN,OTR,2807.0
2026-08-27,PN,ENE,47805.0
2026-08-27,PN,MOB,8446.0
2026-08-27,PN,INS,41005.0
2026-08-27,PN,OTR,3351.0
2026-08-28,PN,ENE,41778.0
2026-08-28,PN,MOB,8196.0
2026-08-28,PN,INS,28243.0
2026-08-28,PN,OTR,3464.0
2026-08-29,PN,ENE,44933.0
2026-08-29,PN,MOB,8208.0
2026-08-29,PN,INS,31353.0
2026-08-29,PN,OTR,2529.0
2026-08-30,PN,ENE,45093.0
2026-08-30,PN,MOB,8492.0
2026-08-30,PN,INS,30898.0
2026-08-30,PN,OTR,3408.0
2026-08-31,PN,ENE,50061.0
2026-08-31,PN,MOB,8542.0
2026-08-31,PN,INS,34688.0
2026-08-31,PN,OTR,2043.0
2026-09-01,PN,ENE,45470.0
2026-09-01,PN,MOB,8388.0
2026-09-01,PN,INS,37136.0
2026-09-01,PN,OTR,2851.0
2026-09-02,PN,ENE,46931.0
2026-09-02,PN,MOB,8341.0
2026-09-02,PN,INS,26940.0
2026-09-02,PN,OTR,2163.0
2026-09-03,PN,ENE,46967.0
2026-09-03,PN,MOB,8389.0
2026-09-03,PN,INS,36048.0
2026-09-03,PN,OTR,3022.0
2026-09-04,PN,ENE,40134.0
2026-09-04,PN,MOB,8611.0
2026-09-04,PN,INS,33834.0
2026-09-04,PN,OTR,2623.0
2026-09-05,PN,ENE,48272.0
2026-09-05,PN,MOB,8383.0
2026-09-05,PN,INS,30887.0
2026-09-05,PN,OTR,2162.0
2026-09-06,PN,ENE,45205.0
2026-09-06,PN,MOB,8652.0
2026-09-06,PN,INS,39735.0
2026-09-06,PN,OTR,2656.0
2026-09-07,PN,ENE,46882.0
2026-09-07,PN,MOB,8495.0
2026-09-07,PN,INS,41403.0
2026-09-07,PN,OTR,2243.0
2026-09-08,PN,ENE,37664.0
2026-09-08,PN,MOB,8202.0
2026-09-08,PN,INS,36641.0
2026-09-08,PN,OTR,3065.0
2026-09-09,PN,ENE,50829.0
2026-09-09,PN,MOB,8449.0
2026-09-09,PN,INS,23167.0
2026-09-09,PN,OTR,2756.0
2026-09-10,PN,ENE,48297.0
2026-09-10,PN,MOB,8512.0
2026-09-10,PN,INS,31049.0
2026-09-10,PN,OTR,3452.0
2026-09-11,PN,ENE,49127.0
2026-09-11,PN,MOB,8773.0
2026-09-11,PN,INS,31437.0
2026-09-11,PN,OTR,3324.0
2026-09-12,PN,ENE,43426.0
2026-09-12,PN,MOB,8590.0
2026-09-12,PN,INS,23435.0
2026-09-12,PN,OTR,1697.0
2026-09-13,PN,ENE,46741.0
2026-09-13,PN,MOB,8682.0
2026-09-13,PN,INS,26707.0
2026-09-13,PN,OTR,3448.0
2026-09-14,PN,ENE,51394.0
2026-09-14,PN,MOB,8346.0
2026-09-14,PN,INS,35665.0
2026-09-14,PN,OTR,3039.0
2026-09-15,PN,ENE,48431.0
2026-09-15,PN,MOB,8496.0
2026-09-15,PN,INS,34797.0
2026-09-15,PN,OTR,1688.0
2026-09-16,PN,ENE,45369.0
2026-09-16,PN,MOB,8499.0
2026-09-16,PN,INS,32054.0
2026-09-16,PN,OTR,2244.0
2026-09-17,PN,ENE,44184.0
2026-09-17,PN,MOB,8524.0
2026-09-17,PN,INS,15774.0
2026-09-17,PN,OTR,2838.0
2026-09-18,PN,ENE,47258.0
2026-09-18,PN,MOB,8293.0
2026-09-18,PN,INS,30344.0
2026-09-18,PN,OTR,1554.0
2026-09-19,PN,ENE,42952.0
2026-09-19,PN,MOB,8596.0
2026-09-19,PN,INS,32464.0
2026-09-19,PN,OTR,3320.0
2026-09-20,PN,ENE,44236.0
2026-09-20,PN,MOB,8492.0
2026-09-20,PN,INS,31561.0
2026-09-20,PN,OTR,2736.0
2026-09-21,PN,ENE,35163.0
2026-09-21,PN,MOB,8321.0
2026-09-21,PN,INS,31342.0
2026-09-21,PN,OTR,2543.0
2026-09-22,PN,ENE,40171.0
2026-09-22,PN,MOB,8330.0
2026-09-22,PN,INS,26965.0
2026-09-22,PN,OTR,2566.0
2026-09-23,PN,ENE,40097.0
2026-09-23,PN,MOB,8372.0
2026-09-23,PN,INS,38722.0
2026-09-23,PN,OTR,2961.0
2026-09-24,PN,ENE,48185.0
2026-09-24,PN,MOB,8842.0
2026-09-24,PN,INS,35099.0
2026-09-24,PN,OTR,2878.0
2026-09-25,PN,ENE,49361.0
2026-09-25,PN,MOB,8397.0
2026-09-25,PN,INS,29652.0
2026-09-25,PN,OTR,3229.0
2026-09-26,PN,ENE,41699.0
2026-09-26,PN,MOB,8648.0
2026-09-26,PN,INS,36474.0
2026-09-26,PN,OTR,1843.0
2026-09-27,PN,ENE,46263.0
2026-09-27,PN,MOB,8398.0
2026-09-27,PN,INS,34034.0
2026-09-27,PN,OTR,1781.0
2026-09-28,PN,ENE,41788.0
2026-09-28,PN,MOB,8644.0
2026-09-28,PN,INS,23914.0
2026-09-28,PN,OTR,3041.0
2026-09-29,PN,ENE,43075.0
2026-09-29,PN,MOB,8254.0
2026-09-29,PN,INS,32232.0
2026-09-29,PN,OTR,1863.0
2026-09-30,PN,ENE,42356.0
2026-09-30,PN,MOB,8572.0
2026-09-30,PN,INS,27255.0
2026-09-30,PN,OTR,3396.0
2026-10-01,PN,ENE,46327.0
2026-10-01,PN,MOB,8795.0
2026-10-01,PN,INS,31537.0
2026-10-01,PN,OTR,2008.0
2026-10-02,PN,ENE,45480.0
2026-10-02,PN,MOB,8734.0
2026-10-02,PN,INS,36514.0
2026-10-02,PN,OTR,3327.0
2026-10-03,PN,ENE,43918.0
2026-10-03,PN,MOB,8211.0
2026-10-03,PN,INS,38508.0
2026-10-03,PN,OTR,1806.0
2026-10-04,PN,ENE,41580.0
2026-10-04,PN,MOB,8378.0
2026-10-04,PN,INS,36734.0
2026-10-04,PN,OTR,2192.0
2026-10-05,PN,ENE,47443.0
2026-10-05,PN,MOB,8610.0
2026-10-05,PN,INS,26641.0
2026-10-05,PN,OTR,2001.0
2026-10-06,PN,ENE,42646.0
2026-10-06,PN,MOB,8662.0
2026-10-06,PN,INS,33704.0
2026-10-06,PN,OTR,2291.0
2026-10-07,PN,ENE,48707.0
2026-10-07,PN,MOB,8388.0
2026-10-07,PN,INS,33096.0
2026-10-07,PN,OTR,2381.0
2026-10-08,PN,ENE,42892.0
2026-10-08,PN,MOB,8591.0
2026-10-08,PN,INS,30723.0
2026-10-08,PN,OTR,2037.0
2026-10-09,PN,ENE,43271.0
2026-10-09,PN,MOB,8092.0
2026-10-09,PN,INS,35798.0
2026-10-09,PN,OTR,2549.0
2026-10-10,PN,ENE,42245.0
2026-10-10,PN,MOB,8394.0
2026-10-10,PN,INS,31369.0
2026-10-10,PN,OTR,1711.0
2026-10-11,PN,ENE,43563.0
2026-10-11,PN,MOB,8666.0
2026-10-11,PN,INS,29536.0
2026-10-11,PN,OTR,2157.0
2026-10-12,PN,ENE,43723.0
2026-10-12,PN,MOB,8592.0
2026-10-12,PN,INS,32241.0
2026-10-12,PN,OTR,1857.0
2026-10-13,PN,ENE,46947.0
2026-10-13,PN,MOB,8339.0
2026-10-13,PN,INS,35612.0
2026-10-13,PN,OTR,3176.0
2026-10-14,PN,ENE,45814.0
2026-10-14,PN,MOB,8513.0
2026-10-14,PN,INS,30756.0
2026-10-14,PN,OTR,3312.0
2026-10-15,PN,ENE,50493.0
2026-10-15,PN,MOB,8306.0
2026-10-15,PN,INS,32486.0
2026-10-15,PN,OTR,3495.0
2026-10-16,PN,ENE,50739.0
2026-10-16,PN,MOB,8610.0
2026-10-16,PN,INS,29678.0
2026-10-16,PN,OTR,2260.0
2026-10-17,PN,ENE,41632.0
2026-10-17,PN,MOB,8431.0
2026-10-17,PN,INS,19854.0
2026-10-17,PN,OTR,3301.0
2026-10-18,PN,ENE,42197.0
2026-10-18,PN,MOB,8414.0
2026-10-18,PN,INS,30691.0
2026-10-18,PN,OTR,2562.0
2026-10-19,PN,ENE,47536.0
2026-10-19,PN,MOB,8492.0
2026-10-19,PN,INS,33956.0
2026-10-19,PN,OTR,1764.0
2026-10-20,PN,ENE,46043.0
2026-10-20,PN,MOB,8395.0
2026-10-20,PN,INS,9553.0
2026-10-20,PN,OTR,2506.0
2026-10-21,PN,ENE,47685.0
2026-10-21,PN,MOB,8554.0
2026-10-21,PN,INS,32266.0
2026-10-21,PN,OTR,2286.0
2026-10-22,PN,ENE,42655.0
2026-10-22,PN,MOB,8634.0
2026-10-22,PN,INS,31524.0
2026-10-22,PN,OTR,2632.0
2026-10-23,PN,ENE,42475.0
2026-10-23,PN,MOB,8428.0
2026-10-23,PN,INS,29959.0
2026-10-23,PN,OTR,1565.0
2026-10-24,PN,ENE,44677.0
2026-10-24,PN,MOB,8597.0
2026-10-24,PN,INS,32285.0
2026-10-24,PN,OTR,1791.0
2026-10-25,PN,ENE,42586.0
2026-10-25,PN,MOB,8349.0
2026-10-25,PN,INS,30087.0
2026-10-25,PN,OTR,3238.0
2026-10-26,PN,ENE,45833.0
2026-10-26,PN,MOB,8429.0
2026-10-26,PN,INS,34837.0
2026-10-26,PN,OTR,1516.0
2026-10-27,PN,ENE,45668.0
2026-10-27,PN,MOB,8527.0
2026-10-27,PN,INS,37533.0
2026-10-27,PN,OTR,3074.0
2026-10-28,PN,ENE,42696.0
2026-10-28,PN,MOB,8850.0
2026-10-28,PN,INS,13241.0
2026-10-28,PN,OTR,1922.0
2026-10-29,PN,ENE,37375.0
2026-10-29,PN,MOB,8489.0
2026-10-29,PN,INS,29942.0
2026-10-29,PN,OTR,2694.0
2026-10-30,PN,ENE,48771.0
2026-10-30,PN,MOB,8612.0
2026-10-30,PN,INS,27304.0
2026-10-30,PN,OTR,2479.0
2026-10-31,PN,ENE,42924.0
2026-10-31,PN,MOB,8462.0
2026-10-31,PN,INS,32275.0
2026-10-31,PN,OTR,1962.0
2026-11-01,PN,ENE,47596.0
2026-11-01,PN,MOB,8107.0
2026-11-01,PN,INS,24262.0
2026-11-01,PN,OTR,3127.0
2026-11-02,PN,ENE,45843.0
2026-11-02,PN,MOB,8580.0
2026-11-02,PN,INS,32103.0
2026-11-02,PN,OTR,2169.0
2026-11-03,PN,ENE,43988.0
2026-11-03,PN,MOB,8664.0
2026-11-03,PN,INS,31985.0
2026-11-03,PN,OTR,2005.0
2026-11-04,PN,ENE,42192.0
2026-11-04,PN,MOB,8395.0
2026-11-04,PN,INS,37218.0
2026-11-04,PN,OTR,2666.0
2026-11-05,PN,ENE,38934.0
2026-11-05,PN,MOB,8522.0
2026-11-05,PN,INS,28403.0
2026-11-05,PN,OTR,2386.0
2026-11-06,PN,ENE,44177.0
2026-11-06,PN,MOB,8369.0
2026-11-06,PN,INS,27164.0
2026-11-06,PN,OTR,3105.0
2026-11-07,PN,ENE,45759.0
2026-11-07,PN,MOB,8278.0
2026-11-07,PN,INS,31093.0
2026-11-07,PN,OTR,1732.0
2026-11-08,PN,ENE,40567.0
2026-11-08,PN,MOB,8540.0
2026-11-08,PN,INS,26655.0
2026-11-08,PN,OTR,2044.0
2026-11-09,PN,ENE,50961.0
2026-11-09,PN,MOB,8650.0
2026-11-09,PN,INS,35861.0
2026-11-09,PN,OTR,1746.0
2026-11-10,PN,ENE,46512.0
2026-11-10,PN,MOB,8600.0
2026-11-10,PN,INS,29393.0
2026-11-10,PN,OTR,2264.0
2026-11-11,PN,ENE,48718.0
2026-11-11,PN,MOB,8427.0
2026-11-11,PN,INS,31980.0
2026-11-11,PN,OTR,2872.0
2026-11-12,PN,ENE,46232.0
2026-11-12,PN,MOB,8406.0
2026-11-12,PN,INS,34785.0
2026-11-12,PN,OTR,3425.0
2026-11-13,PN,ENE,43413.0
2026-11-13,PN,MOB,8523.0
2026-11-13,PN,INS,33309.0
2026-11-13,PN,OTR,2659.0
2026-11-14,PN,ENE,42266.0
2026-11-14,PN,MOB,8344.0
2026-11-14,PN,INS,32880.0
2026-11-14,PN,OTR,1582.0
2026-11-15,PN,ENE,48288.0
2026-11-15,PN,MOB,8578.0
2026-11-15,PN,INS,36724.0
2026-11-15,PN,OTR,2210.0
2026-11-16,PN,ENE,41812.0
2026-11-16,PN,MOB,8524.0
2026-11-16,PN,INS,33017.0
2026-11-16,PN,OTR,2600.0
2026-11-17,PN,ENE,45413.0
2026-11-17,PN,MOB,8398.0
2026-11-17,PN,INS,28874.0
2026-11-17,PN,OTR,2286.0
2026-11-18,PN,ENE,45419.0
2026-11-18,PN,MOB,8498.0
2026-11-18,PN,INS,25425.0
2026-11-18,PN,OTR,2477.0
2026-11-19,PN,ENE,38250.0
2026-11-19,PN,MOB,8670.0
2026-11-19,PN,INS,28445.0
2026-11-19,PN,OTR,1782.0
2026-11-20,PN,ENE,39476.0
2026-11-20,PN,MOB,8611.0
2026-11-20,PN,INS,32163.0
2026-11-20,PN,OTR,3116.0
2026-11-21,PN,ENE,43995.0
2026-11-21,PN,MOB,8597.0
2026-11-21,PN,INS,33620.0
2026-11-21,PN,OTR,1725.0
2026-11-22,PN,ENE,44043.0
2026-11-22,PN,MOB,8357.0
2026-11-22,PN,INS,20603.0
2026-11-22,PN,OTR,1998.0
2026-11-23,PN,ENE,44971.0
2026-11-23,PN,MOB,8481.0
2026-11-23,PN,INS,30309.0
2026-11-23,PN,OTR,3263.0
2026-11-24,PN,ENE,39919.0
2026-11-24,PN,MOB,8560.0
2026-11-24,PN,INS,32972.0
2026-11-24,PN,OTR,3320.0
2026-11-25,PN,ENE,51353.0
2026-11-25,PN,MOB,8553.0
2026-11-25,PN,INS,40007.0
2026-11-25,PN,OTR,1562.0
2026-11-26,PN,ENE,47317.0
2026-11-26,PN,MOB,8537.0
2026-11-26,PN,INS,31605.0
2026-11-26,PN,OTR,2861.0
2026-11-27,PN,ENE,43111.0
2026-11-27,PN,MOB,8440.0
2026-11-27,PN,INS,33289.0
2026-11-27,PN,OTR,2466.0
2026-11-28,PN,ENE,46209.0
2026-11-28,PN,MOB,8469.0
2026-11-28,PN,INS,37643.0
2026-11-28,PN,OTR,1670.0
2026-11-29,PN,ENE,46696.0
2026-11-29,PN,MOB,8354.0
2026-11-29,PN,INS,34862.0
2026-11-29,PN,OTR,1856.0
2026-11-30,PN,ENE,52415.0
2026-11-30,PN,MOB,8904.0
2026-11-30,PN,INS,37549.0
2026-11-30,PN,OTR,3344.0
2026-12-01,PN,ENE,42922.0
2026-12-01,PN,MOB,8358.0
2026-12-01,PN,INS,34976.0
2026-12-01,PN,OTR,3345.0
2026-12-02,PN,ENE,44106.0
2026-12-02,PN,MOB,8435.0
2026-12-02,PN,INS,30237.0
2026-12-02,PN,OTR,2480.0
2026-12-03,PN,ENE,46531.0
2026-12-03,PN,MOB,8502.0
2026-12-03,PN,INS,26327.0
2026-12-03,PN,OTR,2642.0
2026-12-04,PN,ENE,40566.0
2026-12-04,PN,MOB,8679.0
2026-12-04,PN,INS,31588.0
2026-12-04,PN,OTR,1648.0
2026-12-05,PN,ENE,45123.0
2026-12-05,PN,MOB,8443.0
2026-12-05,PN,INS,38305.0
2026-12-05,PN,OTR,3061.0
2026-12-06,PN,ENE,46625.0
2026-12-06,PN,MOB,8634.0
2026-12-06,PN,INS,43567.0
2026-12-06,PN,OTR,2225.0
2026-12-07,PN,ENE,49842.0
2026-12-07,PN,MOB,8448.0
2026-12-07,PN,INS,34986.0
2026-12-07,PN,OTR,2304.0
2026-12-08,PN,ENE,47551.0
2026-12-08,PN,MOB,8317.0
2026-12-08,PN,INS,38875.0
2026-12-08,PN,OTR,1931.0
2026-12-09,PN,ENE,40731.0
2026-12-09,PN,MOB,8548.0
2026-12-09,PN,INS,39826.0
2026-12-09,PN,OTR,3477.0
2026-12-10,PN,ENE,43484.0
2026-12-10,PN,MOB,8214.0
2026-12-10,PN,INS,27795.0
2026-12-10,PN,OTR,3117.0
2026-12-11,PN,ENE,50491.0
2026-12-11,PN,MOB,8651.0
2026-12-11,PN,INS,21888.0
2026-12-11,PN,OTR,2811.0
2026-12-12,PN,ENE,43263.0
2026-12-12,PN,MOB,8601.0
2026-12-12,PN,INS,38662.0
2026-12-12,PN,OTR,2921.0
2026-12-13,PN,ENE,48564.0
2026-12-13,PN,MOB,8612.0
2026-12-13,PN,INS,42096.0
2026-12-13,PN,OTR,3210.0
2026-12-14,PN,ENE,45830.0
2026-12-14,PN,MOB,8651.0
2026-12-14,PN,INS,34363.0
2026-12-14,PN,OTR,3088.0
2026-12-15,PN,ENE,41191.0
2026-12-15,PN,MOB,8661.0
2026-12-15,PN,INS,29770.0
2026-12-15,PN,OTR,2899.0
2026-12-16,PN,ENE,42152.0
2026-12-16,PN,MOB,8473.0
2026-12-16,PN,INS,28613.0
2026-12-16,PN,OTR,1887.0
2026-12-17,PN,ENE,41154.0
2026-12-17,PN,MOB,8522.0
2026-12-17,PN,INS,35026.0
2026-12-17,PN,OTR,2012.0
2026-12-18,PN,ENE,46510.0
2026-12-18,PN,MOB,8414.0
2026-12-18,PN,INS,28358.0
2026-12-18,PN,OTR,1556.0
2026-12-19,PN,ENE,43235.0
2026-12-19,PN,MOB,8661.0
2026-12-19,PN,INS,30750.0
2026-12-19,PN,OTR,2628.0
2026-12-20,PN,ENE,47504.0
2026-12-20,PN,MOB,8629.0
2026-12-20,PN,INS,30654.0
2026-12-20,PN,OTR,2846.0
2026-12-21,PN,ENE,47721.0
2026-12-21,PN,MOB,8121.0
2026-12-21,PN,INS,36898.0
2026-12-21,PN,OTR,1695.0
2026-12-22,PN,ENE,40337.0
2026-12-22,PN,MOB,8434.0
2026-12-22,PN,INS,31520.0
2026-12-22,PN,OTR,2544.0
2026-12-23,PN,ENE,41306.0
2026-12-23,PN,MOB,8656.0
2026-12-23,PN,INS,28632.0
2026-12-23,PN,OTR,1780.0
2026-12-24,PN,ENE,43686.0
2026-12-24,PN,MOB,8256.0
2026-12-24,PN,INS,36038.0
2026-12-24,PN,OTR,3004.0
2026-12-25,PN,ENE,45226.0
2026-12-25,PN,MOB,8401.0
2026-12-25,PN,INS,38166.0
2026-12-25,PN,OTR,3287.0
2026-12-26,PN,ENE,42238.0
2026-12-26,PN,MOB,8532.0
2026-12-26,PN,INS,40646.0
2026-12-26,PN,OTR,1554.0
2026-12-27,PN,ENE,39491.0
2026-12-27,PN,MOB,8630.0
2026-12-27,PN,INS,33201.0
2026-12-27,PN,OTR,2704.0
2026-12-28,PN,ENE,40720.0
2026-12-28,PN,MOB,8532.0
2026-12-28,PN,INS,32229.0
2026-12-28,PN,OTR,1588.0
2026-12-29,PN,ENE,43858.0
2026-12-29,PN,MOB,8428.0
2026-12-29,PN,INS,26539.0
2026-12-29,PN,OTR,2642.0
2026-12-30,PN,ENE,49196.0
2026-12-30,PN,MOB,8398.0
2026-12-30,PN,INS,18812.0
2026-12-30,PN,OTR,2331.0
2026-12-31,PN,ENE,47431.0
2026-12-31,PN,MOB,8336.0
2026-12-31,PN,INS,31867.0
2026-12-31,PN,OTR,2254.0
2027-01-01,PN,ENE,43016.0
2027-01-01,PN,MOB,8452.0
2027-01-01,PN,INS,23542.0
2027-01-01,PN,OTR,2022.0
2027-01-02,PN,ENE,45008.0
2027-01-02,PN,MOB,8645.0
2027-01-02,PN,INS,28771.0
2027-01-02,PN,OTR,1996.0
2027-01-03,PN,ENE,43026.0
2027-01-03,PN,MOB,8449.0
2027-01-03,PN,INS,30600.0
2027-01-03,PN,OTR,3208.0
2027-01-04,PN,ENE,39162.0
2027-01-04,PN,MOB,8730.0
2027-01-04,PN,INS,30401.0
2027-01-04,PN,OTR,2208.0
2027-01-05,PN,ENE,39367.0
2027-01-05,PN,MOB,8309.0
2027-01-05,PN,INS,30520.0
2027-01-05,PN,OTR,2832.0
2027-01-06,PN,ENE,50558.0
2027-01-06,PN,MOB,8627.0
2027-01-06,PN,INS,31585.0
2027-01-06,PN,OTR,1517.0
2027-01-07,PN,ENE,43754.0
2027-01-07,PN,MOB,8781.0
2027-01-07,PN,INS,33515.0
2027-01-07,PN,OTR,1877.0
2027-01-08,PN,ENE,45383.0
2027-01-08,PN,MOB,8299.0
2027-01-08,PN,INS,36057.0
2027-01-08,PN,OTR,2540.0
2027-01-09,PN,ENE,46929.0
2027-01-09,PN,MOB,8682.0
2027-01-09,PN,INS,38310.0
2027-01-09,PN,OTR,3040.0
2027-01-10,PN,ENE,47486.0
2027-01-10,PN,MOB,8365.0
2027-01-10,PN,INS,33198.0
2027-01-10,PN,OTR,1896.0
2027-01-11,PN,ENE,45698.0
2027-01-11,PN,MOB,8201.0
2027-01-11,PN,INS,33599.0
2027-01-11,PN,OTR,1541.0
2027-01-12,PN,ENE,48873.0
2027-01-12,PN,MOB,8450.0
2027-01-12,PN,INS,27667.0
2027-01-12,PN,OTR,1588.0
2027-01-13,PN,ENE,41309.0
2027-01-13,PN,MOB,8565.0
2027-01-13,PN,INS,27968.0
2027-01-13,PN,OTR,2952.0
2027-01-14,PN,ENE,43169.0
2027-01-14,PN,MOB,8559.0
2027-01-14,PN,INS,24241.0
2027-01-14,PN,OTR,2720.0
2027-01-15,PN,ENE,40159.0
2027-01-15,PN,MOB,8357.0
2027-01-15,PN,INS,30562.0
2027-01-15,PN,OTR,1601.0
2027-01-16,PN,ENE,44497.0
2027-01-16,PN,MOB,8612.0
2027-01-16,PN,INS,33544.0
2027-01-16,PN,OTR,3247.0
2027-01-17,PN,ENE,46395.0
2027-01-17,PN,MOB,8717.0
2027-01-17,PN,INS,23448.0
2027-01-17,PN,OTR,2163.0
2027-01-18,PN,ENE,45365.0
2027-01-18,PN,MOB,8331.0
2027-01-18,PN,INS,35151.0
2027-01-18,PN,OTR,2177.0
2027-01-19,PN,ENE,42787.0
2027-01-19,PN,MOB,8511.0
2027-01-19,PN,INS,32181.0
2027-01-19,PN,OTR,2296.0
2027-01-20,PN,ENE,51198.0
2027-01-20,PN,MOB,8886.0
2027-01-20,PN,INS,28294.0
2027-01-20,PN,OTR,2191.0
2027-01-21,PN,ENE,43978.0
2027-01-21,PN,MOB,8511.0
2027-01-21,PN,INS,26817.0
2027-01-21,PN,OTR,2078.0
2027-01-22,PN,ENE,44638.0
2027-01-22,PN,MOB,8297.0
2027-01-22,PN,INS,32217.0
2027-01-22,PN,OTR,2712.0
2027-01-23,PN,ENE,45308.0
2027-01-23,PN,MOB,8541.0
2027-01-23,PN,INS,28079.0
2027-01-23,PN,OTR,1541.0
2027-01-24,PN,ENE,48082.0
2027-01-24,PN,MOB,8682.0
2027-01-24,PN,INS,28504.0
2027-01-24,PN,OTR,2396.0
2027-01-25,PN,ENE,43612.0
2027-01-25,PN,MOB,8566.0
2027-01-25,PN,INS,33140.0
2027-01-25,PN,OTR,1989.0
2027-01-26,PN,ENE,47867.0
2027-01-26,PN,MOB,8463.0
2027-01-26,PN,INS,34473.0
2027-01-26,PN,OTR,2317.0
2027-01-27,PN,ENE,48324.0
2027-01-27,PN,MOB,8589.0
2027-01-27,PN,INS,25478.0
2027-01-27,PN,OTR,2473.0
2027-01-28,PN,ENE,47178.0
2027-01-28,PN,MOB,8499.0
2027-01-28,PN,INS,29262.0
2027-01-28,PN,OTR,1984.0
2027-01-29,PN,ENE,43712.0
2027-01-29,PN,MOB,8459.0
2027-01-29,PN,INS,31370.0
2027-01-29,PN,OTR,2542.0
2027-01-30,PN,ENE,44148.0
2027-01-30,PN,MOB,8640.0
2027-01-30,PN,INS,23192.0
2027-01-30,PN,OTR,1968.0
2027-01-31,PN,ENE,46684.0
2027-01-31,PN,MOB,8310.0
2027-01-31,PN,INS,29015.0
2027-01-31,PN,OTR,3387.0
2027-02-01,PN,ENE,47164.0
2027-02-01,PN,MOB,8377.0
2027-02-01,PN,INS,29247.0
2027-02-01,PN,OTR,2400.0
2027-02-02,PN,ENE,38577.0
2027-02-02,PN,MOB,8865.0
2027-02-02,PN,INS,27829.0
2027-02-02,PN,OTR,3474.0
2027-02-03,PN,ENE,46728.0
2027-02-03,PN,MOB,8498.0
2027-02-03,PN,INS,28217.0
2027-02-03,PN,OTR,2994.0
2027-02-04,PN,ENE,39716.0
2027-02-04,PN,MOB,8419.0
2027-02-04,PN,INS,12765.0
2027-02-04,PN,OTR,2556.0
2027-02-05,PN,ENE,44446.0
2027-02-05,PN,MOB,8270.0
2027-02-05,PN,INS,27385.0
2027-02-05,PN,OTR,1958.0
2027-02-06,PN,ENE,44155.0
2027-02-06,PN,MOB,8287.0
2027-02-06,PN,INS,29716.0
2027-02-06,PN,OTR,3440.0
2027-02-07,PN,ENE,38115.0
2027-02-07,PN,MOB,8412.0
2027-02-07,PN,INS,37203.0
2027-02-07,PN,OTR,2976.0
2027-02-08,PN,ENE,43871.0
2027-02-08,PN,MOB,8479.0
2027-02-08,PN,INS,27805.0
2027-02-08,PN,OTR,2990.0
2027-02-09,PN,ENE,44201.0
2027-02-09,PN,MOB,8573.0
2027-02-09,PN,INS,34647.0
2027-02-09,PN,OTR,2633.0
2027-02-10,PN,ENE,47201.0
2027-02-10,PN,MOB,8300.0
2027-02-10,PN,INS,25888.0
2027-02-10,PN,OTR,2829.0
2027-02-11,PN,ENE,42160.0
2027-02-11,PN,MOB,8718.0
2027-02-11,PN,INS,22392.0
2027-02-11,PN,OTR,1650.0
2027-02-12,PN,ENE,47782.0
2027-02-12,PN,MOB,8450.0
2027-02-12,PN,INS,33161.0
2027-02-12,PN,OTR,2948.0
2027-02-13,PN,ENE,42750.0
2027-02-13,PN,MOB,8603.0
2027-02-13,PN,INS,26610.0
2027-02-13,PN,OTR,3303.0
2027-02-14,PN,ENE,40178.0
2027-02-14,PN,MOB,8621.0
2027-02-14,PN,INS,25816.0
2027-02-14,PN,OTR,2070.0
2027-02-15,PN,ENE,44162.0
2027-02-15,PN,MOB,8730.0
2027-02-15,PN,INS,30242.0
2027-02-15,PN,OTR,2994.0
2027-02-16,PN,ENE,41765.0
2027-02-16,PN,MOB,8224.0
2027-02-16,PN,INS,31195.0
2027-02-16,PN,OTR,2246.0
2027-02-17,PN,ENE,50640.0
2027-02-17,PN,MOB,8236.0
2027-02-17,PN,INS,27866.0
2027-02-17,PN,OTR,2012.0
2027-02-18,PN,ENE,46307.0
2027-02-18,PN,MOB,8570.0
2027-02-18,PN,INS,28290.0
2027-02-18,PN,OTR,2911.0
2027-02-19,PN,ENE,46444.0
2027-02-19,PN,MOB,8402.0
2027-02-19,PN,INS,35697.0
2027-02-19,PN,OTR,2193.0
2027-02-20,PN,ENE,42547.0
2027-02-20,PN,MOB,8326.0
2027-02-20,PN,INS,33236.0
2027-02-20,PN,OTR,3478.0
2027-02-21,PN,ENE,33555.0
2027-02-21,PN,MOB,8407.0
2027-02-21,PN,INS,34188.0
2027-02-21,PN,OTR,2938.0
2027-02-22,PN,ENE,45006.0
2027-02-22,PN,MOB,8491.0
2027-02-22,PN,INS,29203.0
2027-02-22,PN,OTR,3328.0
2027-02-23,PN,ENE,48191.0
2027-02-23,PN,MOB,8798.0
2027-02-23,PN,INS,20581.0
2027-02-23,PN,OTR,1541.0
2027-02-24,PN,ENE,43374.0
2027-02-24,PN,MOB,8454.0
2027-02-24,PN,INS,29433.0
2027-02-24,PN,OTR,1707.0
2027-02-25,PN,ENE,45584.0
2027-02-25,PN,MOB,8654.0
2027-02-25,PN,INS,28575.0
2027-02-25,PN,OTR,2066.0
2027-02-26,PN,ENE,43937.0
2027-02-26,PN,MOB,8607.0
2027-02-26,PN,INS,27467.0
2027-02-26,PN,OTR,2035.0
2027-02-27,PN,ENE,42949.0
2027-02-27,PN,MOB,8736.0
2027-02-27,PN,INS,29520.0
2027-02-27,PN,OTR,2072.0
2027-02-28,PN,ENE,40159.0
2027-02-28,PN,MOB,8373.0
2027-02-28,PN,INS,32006.0
2027-02-28,PN,OTR,1534.0
2027-03-01,PN,ENE,43938.0
2027-03-01,PN,MOB,8442.0
2027-03-01,PN,INS,37112.0
2027-03-01,PN,OTR,2746.0
2027-03-02,PN,ENE,48903.0
2027-03-02,PN,MOB,8260.0
2027-03-02,PN,INS,33265.0
2027-03-02,PN,OTR,2589.0
2027-03-03,PN,ENE,50197.0
2027-03-03,PN,MOB,8396.0
2027-03-03,PN,INS,30814.0
2027-03-03,PN,OTR,1887.0
2027-03-04,PN,ENE,43824.0
2027-03-04,PN,MOB,8557.0
2027-03-04,PN,INS,31522.0
2027-03-04,PN,OTR,2254.0
2027-03-05,PN,ENE,46672.0
2027-03-05,PN,MOB,8654.0
2027-03-05,PN,INS,28805.0
2027-03-05,PN,OTR,1630.0
2027-03-06,PN,ENE,45800.0
2027-03-06,PN,MOB,8622.0
2027-03-06,PN,INS,36650.0
2027-03-06,PN,OTR,3334.0
2027-03-07,PN,ENE,42896.0
2027-03-07,PN,MOB,8591.0
2027-03-07,PN,INS,33663.0
2027-03-07,PN,OTR,3064.0
2027-03-08,PN,ENE,41867.0
2027-03-08,PN,MOB,8421.0
2027-03-08,PN,INS,32389.0
2027-03-08,PN,OTR,1825.0
2027-03-09,PN,ENE,39747.0
2027-03-09,PN,MOB,8508.0
2027-03-09,PN,INS,34956.0
2027-03-09,PN,OTR,2618.0
2027-03-10,PN,ENE,42099.0
2027-03-10,PN,MOB,8598.0
2027-03-10,PN,INS,35412.0
2027-03-10,PN,OTR,3145.0
2027-03-11,PN,ENE,45344.0
2027-03-11,PN,MOB,8690.0
2027-03-11,PN,INS,26484.0
2027-03-11,PN,OTR,3339.0
2027-03-12,PN,ENE,34119.0
2027-03-12,PN,MOB,8333.0
2027-03-12,PN,INS,0.0
2027-03-12,PN,OTR,2362.0
2027-03-13,PN,ENE,48685.0
2027-03-13,PN,MOB,8570.0
2027-03-13,PN,INS,29560.0
2027-03-13,PN,OTR,2479.0
2027-03-14,PN,ENE,40555.0
2027-03-14,PN,MOB,8600.0
2027-03-14,PN,INS,33159.0
2027-03-14,PN,OTR,2261.0
2027-03-15,PN,ENE,48406.0
2027-03-15,PN,MOB,8427.0
2027-03-15,PN,INS,35284.0
2027-03-15,PN,OTR,1887.0
2027-03-16,PN,ENE,47740.0
2027-03-16,PN,MOB,8497.0
2027-03-16,PN,INS,26218.0
2027-03-16,PN,OTR,2744.0
2027-03-17,PN,ENE,44592.0
2027-03-17,PN,MOB,8241.0
2027-03-17,PN,INS,40627.0
2027-03-17,PN,OTR,2614.0
2027-03-18,PN,ENE,43080.0
2027-03-18,PN,MOB,8595.0
2027-03-18,PN,INS,31750.0
2027-03-18,PN,OTR,2122.0
2027-03-19,PN,ENE,42570.0
2027-03-19,PN,MOB,8264.0
2027-03-19,PN,INS,33823.0
2027-03-19,PN,OTR,1695.0
2027-03-20,PN,ENE,43721.0
2027-03-20,PN,MOB,8507.0
2027-03-20,PN,INS,23098.0
2027-03-20,PN,OTR,2916.0
2027-03-21,PN,ENE,45836.0
2027-03-21,PN,MOB,8719.0
2027-03-21,PN,INS,32701.0
2027-03-21,PN,OTR,2971.0
2027-03-22,PN,ENE,45602.0
2027-03-22,PN,MOB,8454.0
2027-03-22,PN,INS,32817.0
2027-03-22,PN,OTR,1580.0
2027-03-23,PN,ENE,44428.0
2027-03-23,PN,MOB,8325.0
2027-03-23,PN,INS,30769.0
2027-03-23,PN,OTR,2551.0
2027-03-24,PN,ENE,45364.0
2027-03-24,PN,MOB,8750.0
2027-03-24,PN,INS,27905.0
2027-03-24,PN,OTR,2729.0
2027-03-25,PN,ENE,44214.0
2027-03-25,PN,MOB,8538.0
2027-03-25,PN,INS,27053.0
2027-03-25,PN,OTR,2991.0
2027-03-26,PN,ENE,46675.0
2027-03-26,PN,MOB,8396.0
2027-03-26,PN,INS,35106.0
2027-03-26,PN,OTR,2062.0
2027-03-27,PN,ENE,39065.0
2027-03-27,PN,MOB,8574.0
2027-03-27,PN,INS,17755.0
2027-03-27,PN,OTR,2932.0
2027-03-28,PN,ENE,43681.0
2027-03-28,PN,MOB,8310.0
2027-03-28,PN,INS,31313.0
2027-03-28,PN,OTR,2665.0
2027-03-29,PN,ENE,43628.0
2027-03-29,PN,MOB,8381.0
2027-03-29,PN,INS,31317.0
2027-03-29,PN,OTR,2339.0
2027-03-30,PN,ENE,43270.0
2027-03-30,PN,MOB,8383.0
2027-03-30,PN,INS,29458.0
2027-03-30,PN,OTR,1973.0
2027-03-31,PN,ENE,43724.0
2027-03-31,PN,MOB,8733.0
2027-03-31,PN,INS,30926.0
2027-03-31,PN,OTR,1738.0
2027-04-01,PN,ENE,42114.0
2027-04-01,PN,MOB,8454.0
2027-04-01,PN,INS,30664.0
2027-04-01,PN,OTR,2492.0
2027-04-02,PN,ENE,44400.0
2027-04-02,PN,MOB,8337.0
2027-04-02,PN,INS,41499.0
2027-04-02,PN,OTR,2090.0
2027-04-03,PN,ENE,47955.0
2027-04-03,PN,MOB,8567.0
2027-04-03,PN,INS,39458.0
2027-04-03,PN,OTR,2177.0
2027-04-04,PN,ENE,50023.0
2027-04-04,PN,MOB,8406.0
2027-04-04,PN,INS,35007.0
2027-04-04,PN,OTR,2088.0
2027-04-05,PN,ENE,36449.0
2027-04-05,PN,MOB,8415.0
2027-04-05,PN,INS,28152.0
2027-04-05,PN,OTR,2756.0
2027-04-06,PN,ENE,42343.0
2027-04-06,PN,MOB,8450.0
2027-04-06,PN,INS,36552.0
2027-04-06,PN,OTR,2364.0
2027-04-07,PN,ENE,45160.0
2027-04-07,PN,MOB,8552.0
2027-04-07,PN,INS,34269.0
2027-04-07,PN,OTR,2713.0
2027-04-08,PN,ENE,45582.0
2027-04-08,PN,MOB,8575.0
2027-04-08,PN,INS,27865.0
2027-04-08,PN,OTR,2472.0
2027-04-09,PN,ENE,43460.0
2027-04-09,PN,MOB,8513.0
2027-04-09,PN,INS,29112.0
2027-04-09,PN,OTR,1991.0
2027-04-10,PN,ENE,45157.0
2027-04-10,PN,MOB,8656.0
2027-04-10,PN,INS,27328.0
2027-04-10,PN,OTR,2080.0
2027-04-11,PN,ENE,41232.0
2027-04-11,PN,MOB,8446.0
2027-04-11,PN,INS,35628.0
2027-04-11,PN,OTR,1990.0
2027-04-12,PN,ENE,45870.0
2027-04-12,PN,MOB,8539.0
2027-04-12,PN,INS,29868.0
2027-04-12,PN,OTR,1692.0
2027-04-13,PN,ENE,51177.0
2027-04-13,PN,MOB,8585.0
2027-04-13,PN,INS,28865.0
2027-04-13,PN,OTR,3204.0
2027-04-14,PN,ENE,43267.0
2027-04-14,PN,MOB,8387.0
2027-04-14,PN,INS,22775.0
2027-04-14,PN,OTR,2318.0
2027-04-15,PN,ENE,38591.0
2027-04-15,PN,MOB,8615.0
2027-04-15,PN,INS,34707.0
2027-04-15,PN,OTR,2862.0
2027-04-16,PN,ENE,43963.0
2027-04-16,PN,MOB,8463.0
2027-04-16,PN,INS,33883.0
2027-04-16,PN,OTR,3463.0
2027-04-17,PN,ENE,43382.0
2027-04-17,PN,MOB,8445.0
2027-04-17,PN,INS,25599.0
2027-04-17,PN,OTR,2273.0
2027-04-18,PN,ENE,40827.0
2027-04-18,PN,MOB,8430.0
2027-04-18,PN,INS,28429.0
2027-04-18,PN,OTR,1931.0
2027-04-19,PN,ENE,47277.0
2027-04-19,PN,MOB,8380.0
2027-04-19,PN,INS,27881.0
2027-04-19,PN,OTR,2542.0
2027-04-20,PN,ENE,49171.0
2027-04-20,PN,MOB,8474.0
2027-04-20,PN,INS,27531.0
2027-04-20,PN,OTR,3497.0
2027-04-21,PN,ENE,40681.0
2027-04-21,PN,MOB,8370.0
2027-04-21,PN,INS,31054.0
2027-04-21,PN,OTR,2235.0
2027-04-22,PN,ENE,48033.0
2027-04-22,PN,MOB,8629.0
2027-04-22,PN,INS,41530.0
2027-04-22,PN,OTR,1937.0
2027-04-23,PN,ENE,41577.0
2027-04-23,PN,MOB,8374.0
2027-04-23,PN,INS,33666.0
2027-04-23,PN,OTR,2818.0
2027-04-24,PN,ENE,49185.0
2027-04-24,PN,MOB,8323.0
2027-04-24,PN,INS,37333.0
2027-04-24,PN,OTR,1723.0
2027-04-25,PN,ENE,43732.0
2027-04-25,PN,MOB,8175.0
2027-04-25,PN,INS,36382.0
2027-04-25,PN,OTR,1922.0
2027-04-26,PN,ENE,47499.0
2027-04-26,PN,MOB,8565.0
2027-04-26,PN,INS,23412.0
2027-04-26,PN,OTR,3425.0
2027-04-27,PN,ENE,45887.0
2027-04-27,PN,MOB,8658.0
2027-04-27,PN,INS,27494.0
2027-04-27,PN,OTR,2087.0
2027-04-28,PN,ENE,45924.0
2027-04-28,PN,MOB,8522.0
2027-04-28,PN,INS,37751.0
2027-04-28,PN,OTR,2545.0
2027-04-29,PN,ENE,50393.0
2027-04-29,PN,MOB,8403.0
2027-04-29,PN,INS,22050.0
2027-04-29,PN,OTR,3423.0
2027-04-30,PN,ENE,43011.0
2027-04-30,PN,MOB,8533.0
2027-04-30,PN,INS,27573.0
2027-04-30,PN,OTR,1821.0
2027-05-01,PN,ENE,42872.0
2027-05-01,PN,MOB,8594.0
2027-05-01,PN,INS,40492.0
2027-05-01,PN,OTR,1898.0
2027-05-02,PN,ENE,37223.0
2027-05-02,PN,MOB,8470.0
2027-05-02,PN,INS,35064.0
2027-05-02,PN,OTR,1679.0
2027-05-03,PN,ENE,41387.0
2027-05-03,PN,MOB,8241.0
2027-05-03,PN,INS,33997.0
2027-05-03,PN,OTR,2824.0
2027-05-04,PN,ENE,43533.0
2027-05-04,PN,MOB,8404.0
2027-05-04,PN,INS,33884.0
2027-05-04,PN,OTR,1805.0
2027-05-05,PN,ENE,42583.0
2027-05-05,PN,MOB,8724.0
2027-05-05,PN,INS,30885.0
2027-05-05,PN,OTR,2069.0
2027-05-06,PN,ENE,43815.0
2027-05-06,PN,MOB,8501.0
2027-05-06,PN,INS,23501.0
2027-05-06,PN,OTR,2298.0
2027-05-07,PN,ENE,42873.0
2027-05-07,PN,MOB,8485.0
2027-05-07,PN,INS,27910.0
2027-05-07,PN,OTR,3150.0
2027-05-08,PN,ENE,43252.0
2027-05-08,PN,MOB,8285.0
2027-05-08,PN,INS,34045.0
2027-05-08,PN,OTR,1949.0
2027-05-09,PN,ENE,43943.0
2027-05-09,PN,MOB,8578.0
2027-05-09,PN,INS,32297.0
2027-05-09,PN,OTR,2214.0
2027-05-10,PN,ENE,44636.0
2027-05-10,PN,MOB,8470.0
2027-05-10,PN,INS,35275.0
2027-05-10,PN,OTR,2864.0
2027-05-11,PN,ENE,44007.0
2027-05-11,PN,MOB,8751.0
2027-05-11,PN,INS,37145.0
2027-05-11,PN,OTR,1820.0
2027-05-12,PN,ENE,43292.0
2027-05-12,PN,MOB,8529.0
2027-05-12,PN,INS,31925.0
2027-05-12,PN,OTR,2832.0
2027-05-13,PN,ENE,43246.0
2027-05-13,PN,MOB,8447.0
2027-05-13,PN,INS,30566.0
2027-05-13,PN,OTR,1700.0
2027-05-14,PN,ENE,42976.0
2027-05-14,PN,MOB,8457.0
2027-05-14,PN,INS,34536.0
2027-05-14,PN,OTR,2951.0
2027-05-15,PN,ENE,50099.0
2027-05-15,PN,MOB,8781.0
2027-05-15,PN,INS,33415.0
2027-05-15,PN,OTR,1637.0
2027-05-16,PN,ENE,46657.0
2027-05-16,PN,MOB,8682.0
2027-05-16,PN,INS,38555.0
2027-05-16,PN,OTR,2586.0
2027-05-17,PN,ENE,46194.0
2027-05-17,PN,MOB,8552.0
2027-05-17,PN,INS,30685.0
2027-05-17,PN,OTR,1859.0
2027-05-18,PN,ENE,47028.0
2027-05-18,PN,MOB,8455.0
2027-05-18,PN,INS,39813.0
2027-05-18,PN,OTR,3476.0
2027-05-19,PN,ENE,46018.0
2027-05-19,PN,MOB,8648.0
2027-05-19,PN,INS,30665.0
2027-05-19,PN,OTR,2510.0
2027-05-20,PN,ENE,49275.0
2027-05-20,PN,MOB,8246.0
2027-05-20,PN,INS,35777.0
2027-05-20,PN,OTR,3239.0
2027-05-21,PN,ENE,45399.0
2027-05-21,PN,MOB,8658.0
2027-05-21,PN,INS,32775.0
2027-05-21,PN,OTR,1676.0
2027-05-22,PN,ENE,41624.0
2027-05-22,PN,MOB,8453.0
2027-05-22,PN,INS,38487.0
2027-05-22,PN,OTR,2629.0
2027-05-23,PN,ENE,49454.0
2027-05-23,PN,MOB,8802.0
2027-05-23,PN,INS,37221.0
2027-05-23,PN,OTR,3220.0
2027-05-24,PN,ENE,47691.0
2027-05-24,PN,MOB,8471.0
2027-05-24,PN,INS,34883.0
2027-05-24,PN,OTR,1640.0
2027-05-25,PN,ENE,45132.0
2027-05-25,PN,MOB,8366.0
2027-05-25,PN,INS,42212.0
2027-05-25,PN,OTR,1619.0
2027-05-26,PN,ENE,44375.0
2027-05-26,PN,MOB,8588.0
2027-05-26,PN,INS,22015.0
2027-05-26,PN,OTR,2670.0
2027-05-27,PN,ENE,44949.0
2027-05-27,PN,MOB,8578.0
2027-05-27,PN,INS,39030.0
2027-05-27,PN,OTR,2154.0
2027-05-28,PN,ENE,37905.0
2027-05-28,PN,MOB,8541.0
2027-05-28,PN,INS,35478.0
2027-05-28,PN,OTR,1952.0
2027-05-29,PN,ENE,47285.0
2027-05-29,PN,MOB,8732.0
2027-05-29,PN,INS,26523.0
2027-05-29,PN,OTR,3010.0
2027-05-30,PN,ENE,42601.0
2027-05-30,PN,MOB,8292.0
2027-05-30,PN,INS,30930.0
2027-05-30,PN,OTR,2995.0
2027-05-31,PN,ENE,49142.0
2027-05-31,PN,MOB,8572.0
2027-05-31,PN,INS,30567.0
2027-05-31,PN,OTR,3014.0
2027-06-01,PN,ENE,51685.0
2027-06-01,PN,MOB,8461.0
2027-06-01,PN,INS,35523.0
2027-06-01,PN,OTR,3452.0
2027-06-02,PN,ENE,49891.0
2027-06-02,PN,MOB,8393.0
2027-06-02,PN,INS,30040.0
2027-06-02,PN,OTR,2371.0
2027-06-03,PN,ENE,48672.0
2027-06-03,PN,MOB,8444.0
2027-06-03,PN,INS,36968.0
2027-06-03,PN,OTR,3033.0
2027-06-04,PN,ENE,46348.0
2027-06-04,PN,MOB,8273.0
2027-06-04,PN,INS,31610.0
2027-06-04,PN,OTR,1688.0
2027-06-05,PN,ENE,44914.0
2027-06-05,PN,MOB,8453.0
2027-06-05,PN,INS,30032.0
2027-06-05,PN,OTR,2897.0
2027-06-06,PN,ENE,43063.0
2027-06-06,PN,MOB,8310.0
2027-06-06,PN,INS,29098.0
2027-06-06,PN,OTR,2268.0
2027-06-07,PN,ENE,36541.0
2027-06-07,PN,MOB,8525.0
2027-06-07,PN,INS,39474.0
2027-06-07,PN,OTR,1662.0
2027-06-08,PN,ENE,42741.0
2027-06-08,PN,MOB,8594.0
2027-06-08,PN,INS,28840.0
2027-06-08,PN,OTR,2531.0
2027-06-09,PN,ENE,42616.0
2027-06-09,PN,MOB,8552.0
2027-06-09,PN,INS,38412.0
2027-06-09,PN,OTR,3242.0
2027-06-10,PN,ENE,47473.0
2027-06-10,PN,MOB,8511.0
2027-06-10,PN,INS,35605.0
2027-06-10,PN,OTR,1726.0
2027-06-11,PN,ENE,51363.0
2027-06-11,PN,MOB,8596.0
2027-06-11,PN,INS,31057.0
2027-06-11,PN,OTR,2984.0
2027-06-12,PN,ENE,47752.0
2027-06-12,PN,MOB,8276.0
2027-06-12,PN,INS,33319.0
2027-06-12,PN,OTR,1675.0
2027-06-13,PN,ENE,47663.0
2027-06-13,PN,MOB,8444.0
2027-06-13,PN,INS,27393.0
2027-06-13,PN,OTR,3077.0
2027-06-14,PN,ENE,41331.0
2027-06-14,PN,MOB,8285.0
2027-06-14,PN,INS,34129.0
2027-06-14,PN,OTR,3130.0
2027-06-15,PN,ENE,49103.0
2027-06-15,PN,MOB,8480.0
2027-06-15,PN,INS,34058.0
2027-06-15,PN,OTR,2153.0
2027-06-16,PN,ENE,43081.0
2027-06-16,PN,MOB,8716.0
2027-06-16,PN,INS,36492.0
2027-06-16,PN,OTR,2028.0
2027-06-17,PN,ENE,48698.0
2027-06-17,PN,MOB,8385.0
2027-06-17,PN,INS,24774.0
2027-06-17,PN,OTR,1640.0
2027-06-18,PN,ENE,46481.0
2027-06-18,PN,MOB,8215.0
2027-06-18,PN,INS,20742.0
2027-06-18,PN,OTR,1900.0
2027-06-19,PN,ENE,40308.0
2027-06-19,PN,MOB,8226.0
2027-06-19,PN,INS,34915.0
2027-06-19,PN,OTR,2628.0
2027-06-20,PN,ENE,47103.0
2027-06-20,PN,MOB,8624.0
2027-06-20,PN,INS,33118.0
2027-06-20,PN,OTR,3305.0
2027-06-21,PN,ENE,48329.0
2027-06-21,PN,MOB,8374.0
2027-06-21,PN,INS,31347.0
2027-06-21,PN,OTR,2518.0
2027-06-22,PN,ENE,40883.0
2027-06-22,PN,MOB,8525.0
2027-06-22,PN,INS,41140.0
2027-06-22,PN,OTR,2592.0
2027-06-23,PN,ENE,47182.0
2027-06-23,PN,MOB,8332.0
2027-06-23,PN,INS,36361.0
2027-06-23,PN,OTR,2632.0
2027-06-24,PN,ENE,52760.0
2027-06-24,PN,MOB,8546.0
2027-06-24,PN,INS,33780.0
2027-06-24,PN,OTR,3460.0
2027-06-25,PN,ENE,40006.0
2027-06-25,PN,MOB,8639.0
2027-06-25,PN,INS,27541.0
2027-06-25,PN,OTR,3148.0
2027-06-26,PN,ENE,38255.0
2027-06-26,PN,MOB,8496.0
2027-06-26,PN,INS,32698.0
2027-06-26,PN,OTR,2590.0
2027-06-27,PN,ENE,44935.0
2027-06-27,PN,MOB,8366.0
2027-06-27,PN,INS,27473.0
2027-06-27,PN,OTR,3422.0
2027-06-28,PN,ENE,43735.0
2027-06-28,PN,MOB,8630.0
2027-06-28,PN,INS,30600.0
2027-06-28,PN,OTR,1684.0
2027-06-29,PN,ENE,43561.0
2027-06-29,PN,MOB,8574.0
2027-06-29,PN,INS,37567.0
2027-06-29,PN,OTR,2385.0
2027-06-30,PN,ENE,51574.0
2027-06-30,PN,MOB,8761.0
2027-06-30,PN,INS,34032.0
2027-06-30,PN,OTR,2176.0
2027-07-01,PN,ENE,46231.0
2027-07-01,PN,MOB,8461.0
2027-07-01,PN,INS,40673.0
2027-07-01,PN,OTR,1670.0
2027-07-02,PN,ENE,42110.0
2027-07-02,PN,MOB,8707.0
2027-07-02,PN,INS,29545.0
2027-07-02,PN,OTR,2450.0
2027-07-03,PN,ENE,44379.0
2027-07-03,PN,MOB,8408.0
2027-07-03,PN,INS,26722.0
2027-07-03,PN,OTR,3300.0
2027-07-04,PN,ENE,38096.0
2027-07-04,PN,MOB,8535.0
2027-07-04,PN,INS,20565.0
2027-07-04,PN,OTR,2834.0
2027-07-05,PN,ENE,50773.0
2027-07-05,PN,MOB,8536.0
2027-07-05,PN,INS,33941.0
2027-07-05,PN,OTR,2923.0
2027-07-06,PN,ENE,47800.0
2027-07-06,PN,MOB,8555.0
2027-07-06,PN,INS,36337.0
2027-07-06,PN,OTR,2086.0
2027-07-07,PN,ENE,46798.0
2027-07-07,PN,MOB,8533.0
2027-07-07,PN,INS,34746.0
2027-07-07,PN,OTR,2223.0
2027-07-08,PN,ENE,43689.0
2027-07-08,PN,MOB,8468.0
2027-07-08,PN,INS,32616.0
2027-07-08,PN,OTR,2079.0
2027-07-09,PN,ENE,49431.0
2027-07-09,PN,MOB,8273.0
2027-07-09,PN,INS,35340.0
2027-07-09,PN,OTR,3074.0
2027-07-10,PN,ENE,42954.0
2027-07-10,PN,MOB,8615.0
2027-07-10,PN,INS,35503.0
2027-07-10,PN,OTR,2430.0
2027-07-11,PN,ENE,45701.0
2027-07-11,PN,MOB,8267.0
2027-07-11,PN,INS,32074.0
2027-07-11,PN,OTR,2839.0
2027-07-12,PN,ENE,48209.0
2027-07-12,PN,MOB,8454.0
2027-07-12,PN,INS,27661.0
2027-07-12,PN,OTR,3461.0
2027-07-13,PN,ENE,39713.0
2027-07-13,PN,MOB,8516.0
2027-07-13,PN,INS,37471.0
2027-07-13,PN,OTR,3353.0
2027-07-14,PN,ENE,43804.0
2027-07-14,PN,MOB,8432.0
2027-07-14,PN,INS,29675.0
2027-07-14,PN,OTR,1517.0
2027-07-15,PN,ENE,42856.0
2027-07-15,PN,MOB,8268.0
2027-07-15,PN,INS,26606.0
2027-07-15,PN,OTR,2409.0
2027-07-16,PN,ENE,38625.0
2027-07-16,PN,MOB,8430.0
2027-07-16,PN,INS,34360.0
2027-07-16,PN,OTR,3417.0
2027-07-17,PN,ENE,42301.0
2027-07-17,PN,MOB,8592.0
2027-07-17,PN,INS,31481.0
2027-07-17,PN,OTR,2583.0
2027-07-18,PN,ENE,43659.0
2027-07-18,PN,MOB,8316.0
2027-07-18,PN,INS,28030.0
2027-07-18,PN,OTR,2148.0
2027-07-19,PN,ENE,39074.0
2027-07-19,PN,MOB,8621.0
2027-07-19,PN,INS,34823.0
2027-07-19,PN,OTR,1613.0
2027-07-20,PN,ENE,47133.0
2027-07-20,PN,MOB,8366.0
2027-07-20,PN,INS,28148.0
2027-07-20,PN,OTR,2799.0
2027-07-21,PN,ENE,46500.0
2027-07-21,PN,MOB,8319.0
2027-07-21,PN,INS,37474.0
2027-07-21,PN,OTR,2587.0
2027-07-22,PN,ENE,39728.0
2027-07-22,PN,MOB,8617.0
2027-07-22,PN,INS,33357.0
2027-07-22,PN,OTR,2226.0
2027-07-23,PN,ENE,39922.0
2027-07-23,PN,MOB,8506.0
2027-07-23,PN,INS,19684.0
2027-07-23,PN,OTR,2907.0
2027-07-24,PN,ENE,41363.0
2027-07-24,PN,MOB,8233.0
2027-07-24,PN,INS,32343.0
2027-07-24,PN,OTR,2712.0
2027-07-25,PN,ENE,43337.0
2027-07-25,PN,MOB,8712.0
2027-07-25,PN,INS,31027.0
2027-07-25,PN,OTR,1510.0
2027-07-26,PN,ENE,40574.0
2027-07-26,PN,MOB,8413.0
2027-07-26,PN,INS,36914.0
2027-07-26,PN,OTR,3075.0
2027-07-27,PN,ENE,50183.0
2027-07-27,PN,MOB,8598.0
2027-07-27,PN,INS,27840.0
2027-07-27,PN,OTR,2011.0
2027-07-28,PN,ENE,43928.0
2027-07-28,PN,MOB,8715.0
2027-07-28,PN,INS,34410.0
2027-07-28,PN,OTR,2409.0
2027-07-29,PN,ENE,45982.0
2027-07-29,PN,MOB,8483.0
2027-07-29,PN,INS,36035.0
2027-07-29,PN,OTR,2502.0
2027-07-30,PN,ENE,39842.0
2027-07-30,PN,MOB,8422.0
2027-07-30,PN,INS,13987.0
2027-07-30,PN,OTR,3311.0
2027-07-31,PN,ENE,40748.0
2027-07-31,PN,MOB,8549.0
2027-07-31,PN,INS,32084.0
2027-07-31,PN,OTR,1796.0
2027-08-01,PN,ENE,43149.0
2027-08-01,PN,MOB,8704.0
2027-08-01,PN,INS,34912.0
2027-08-01,PN,OTR,3489.0
2027-08-02,PN,ENE,48988.0
2027-08-02,PN,MOB,8839.0
2027-08-02,PN,INS,39945.0
2027-08-02,PN,OTR,1876.0
2027-08-03,PN,ENE,43136.0
2027-08-03,PN,MOB,8510.0
2027-08-03,PN,INS,31830.0
2027-08-03,PN,OTR,2943.0
2027-08-04,PN,ENE,44241.0
2027-08-04,PN,MOB,8703.0
2027-08-04,PN,INS,35778.0
2027-08-04,PN,OTR,1831.0
2027-08-05,PN,ENE,46329.0
2027-08-05,PN,MOB,8531.0
2027-08-05,PN,INS,30849.0
2027-08-05,PN,OTR,1692.0
2027-08-06,PN,ENE,43211.0
2027-08-06,PN,MOB,8555.0
2027-08-06,PN,INS,18623.0
2027-08-06,PN,OTR,3325.0
2027-08-07,PN,ENE,48259.0
2027-08-07,PN,MOB,8259.0
2027-08-07,PN,INS,35734.0
2027-08-07,PN,OTR,3252.0
2027-08-08,PN,ENE,42495.0
2027-08-08,PN,MOB,8565.0
2027-08-08,PN,INS,34392.0
2027-08-08,PN,OTR,1506.0
2027-08-09,PN,ENE,36084.0
2027-08-09,PN,MOB,8730.0
2027-08-09,PN,INS,27190.0
2027-08-09,PN,OTR,1937.0
2027-08-10,PN,ENE,40294.0
2027-08-10,PN,MOB,8474.0
2027-08-10,PN,INS,29440.0
2027-08-10,PN,OTR,2065.0
2027-08-11,PN,ENE,47525.0
2027-08-11,PN,MOB,8360.0
2027-08-11,PN,INS,35434.0
2027-08-11,PN,OTR,3029.0
2027-08-12,PN,ENE,48163.0
2027-08-12,PN,MOB,8507.0
2027-08-12,PN,INS,34987.0
2027-08-12,PN,OTR,1750.0
2027-08-13,PN,ENE,50305.0
2027-08-13,PN,MOB,8328.0
2027-08-13,PN,INS,34106.0
2027-08-13,PN,OTR,2433.0
2027-08-14,PN,ENE,48624.0
2027-08-14,PN,MOB,8411.0
2027-08-14,PN,INS,35635.0
2027-08-14,PN,OTR,2199.0
2027-08-15,PN,ENE,47494.0
2027-08-15,PN,MOB,8598.0
2027-08-15,PN,INS,33340.0
2027-08-15,PN,OTR,2563.0
2027-08-16,PN,ENE,43155.0
2027-08-16,PN,MOB,8325.0
2027-08-16,PN,INS,28666.0
2027-08-16,PN,OTR,1653.0
2027-08-17,PN,ENE,41471.0
2027-08-17,PN,MOB,8330.0
2027-08-17,PN,INS,26157.0
2027-08-17,PN,OTR,2285.0
2027-08-18,PN,ENE,45412.0
2027-08-18,PN,MOB,8641.0
2027-08-18,PN,INS,34665.0
2027-08-18,PN,OTR,1788.0
2027-08-19,PN,ENE,47246.0
2027-08-19,PN,MOB,8662.0
2027-08-19,PN,INS,33164.0
2027-08-19,PN,OTR,1945.0
2027-08-20,PN,ENE,43332.0
2027-08-20,PN,MOB,8384.0
2027-08-20,PN,INS,32652.0
2027-08-20,PN,OTR,1714.0
2027-08-21,PN,ENE,45917.0
2027-08-21,PN,MOB,8599.0
2027-08-21,PN,INS,34536.0
2027-08-21,PN,OTR,1972.0
2027-08-22,PN,ENE,42968.0
2027-08-22,PN,MOB,8444.0
2027-08-22,PN,INS,30759.0
2027-08-22,PN,OTR,3429.0
2027-08-23,PN,ENE,44531.0
2027-08-23,PN,MOB,8752.0
2027-08-23,PN,INS,32166.0
2027-08-23,PN,OTR,3313.0
2027-08-24,PN,ENE,42875.0
2027-08-24,PN,MOB,8500.0
2027-08-24,PN,INS,28906.0
2027-08-24,PN,OTR,2000.0
2027-08-25,PN,ENE,43544.0
2027-08-25,PN,MOB,8558.0
2027-08-25,PN,INS,34588.0
2027-08-25,PN,OTR,2568.0
2027-08-26,PN,ENE,48151.0
2027-08-26,PN,MOB,8626.0
2027-08-26,PN,INS,37395.0
2027-08-26,PN,OTR,3130.0
2027-08-27,PN,ENE,41500.0
2027-08-27,PN,MOB,8498.0
2027-08-27,PN,INS,20394.0
2027-08-27,PN,OTR,2359.0
2027-08-28,PN,ENE,39080.0
2027-08-28,PN,MOB,8843.0
2027-08-28,PN,INS,34626.0
2027-08-28,PN,OTR,3202.0
2027-08-29,PN,ENE,38860.0
2027-08-29,PN,MOB,8479.0
2027-08-29,PN,INS,28723.0
2027-08-29,PN,OTR,3226.0
2027-08-30,PN,ENE,43179.0
2027-08-30,PN,MOB,8383.0
2027-08-30,PN,INS,36463.0
2027-08-30,PN,OTR,2404.0
2027-08-31,PN,ENE,45641.0
2027-08-31,PN,MOB,8545.0
2027-08-31,PN,INS,37145.0
2027-08-31,PN,OTR,1754.0
2027-09-01,PN,ENE,46041.0
2027-09-01,PN,MOB,8492.0
2027-09-01,PN,INS,39820.0
2027-09-01,PN,OTR,2933.0
2027-09-02,PN,ENE,45616.0
2027-09-02,PN,MOB,8465.0
2027-09-02,PN,INS,37989.0
2027-09-02,PN,OTR,2103.0
2027-09-03,PN,ENE,50606.0
2027-09-03,PN,MOB,8642.0
2027-09-03,PN,INS,34222.0
2027-09-03,PN,OTR,2427.0
2027-09-04,PN,ENE,46753.0
2027-09-04,PN,MOB,8543.0
2027-09-04,PN,INS,29974.0
2027-09-04,PN,OTR,3367.0
2027-09-05,PN,ENE,42565.0
2027-09-05,PN,MOB,8651.0
2027-09-05,PN,INS,44891.0
2027-09-05,PN,OTR,1601.0
2027-09-06,PN,ENE,46102.0
2027-09-06,PN,MOB,8290.0
2027-09-06,PN,INS,37126.0
2027-09-06,PN,OTR,2482.0
2027-09-07,PN,ENE,48496.0
2027-09-07,PN,MOB,9065.0
2027-09-07,PN,INS,43410.0
2027-09-07,PN,OTR,2052.0
2027-09-08,PN,ENE,51041.0
2027-09-08,PN,MOB,8388.0
2027-09-08,PN,INS,32802.0
2027-09-08,PN,OTR,2552.0
2027-09-09,PN,ENE,40836.0
2027-09-09,PN,MOB,8439.0
2027-09-09,PN,INS,33038.0
2027-09-09,PN,OTR,2137.0
2027-09-10,PN,ENE,39686.0
2027-09-10,PN,MOB,8365.0
2027-09-10,PN,INS,34306.0
2027-09-10,PN,OTR,1502.0
2027-09-11,PN,ENE,40730.0
2027-09-11,PN,MOB,8612.0
2027-09-11,PN,INS,31218.0
2027-09-11,PN,OTR,1644.0
2027-09-12,PN,ENE,44253.0
2027-09-12,PN,MOB,8302.0
2027-09-12,PN,INS,28383.0
2027-09-12,PN,OTR,3027.0
2027-09-13,PN,ENE,50113.0
2027-09-13,PN,MOB,8483.0
2027-09-13,PN,INS,38549.0
2027-09-13,PN,OTR,3454.0
2027-09-14,PN,ENE,42969.0
2027-09-14,PN,MOB,8518.0
2027-09-14,PN,INS,36029.0
2027-09-14,PN,OTR,1933.0
2027-09-15,PN,ENE,42973.0
2027-09-15,PN,MOB,8273.0
2027-09-15,PN,INS,33103.0
2027-09-15,PN,OTR,2642.0
2027-09-16,PN,ENE,40136.0
2027-09-16,PN,MOB,8268.0
2027-09-16,PN,INS,28883.0
2027-09-16,PN,OTR,3341.0
2027-09-17,PN,ENE,47678.0
2027-09-17,PN,MOB,8435.0
2027-09-17,PN,INS,38360.0
2027-09-17,PN,OTR,2437.0
2027-09-18,PN,ENE,42185.0
2027-09-18,PN,MOB,8820.0
2027-09-18,PN,INS,22236.0
2027-09-18,PN,OTR,2832.0
2027-09-19,PN,ENE,42798.0
2027-09-19,PN,MOB,8710.0
2027-09-19,PN,INS,18838.0
2027-09-19,PN,OTR,2390.0
2027-09-20,PN,ENE,50179.0
2027-09-20,PN,MOB,8534.0
2027-09-20,PN,INS,28144.0
2027-09-20,PN,OTR,3321.0
2027-09-21,PN,ENE,42451.0
2027-09-21,PN,MOB,8571.0
2027-09-21,PN,INS,36971.0
2027-09-21,PN,OTR,2564.0
2027-09-22,PN,ENE,41158.0
2027-09-22,PN,MOB,8425.0
2027-09-22,PN,INS,40651.0
2027-09-22,PN,OTR,1723.0
2027-09-23,PN,ENE,41765.0
2027-09-23,PN,MOB,8609.0
2027-09-23,PN,INS,30131.0
2027-09-23,PN,OTR,1860.0
2027-09-24,PN,ENE,40543.0
2027-09-24,PN,MOB,8937.0
2027-09-24,PN,INS,40133.0
2027-09-24,PN,OTR,2154.0
2027-09-25,PN,ENE,39811.0
2027-09-25,PN,MOB,8423.0
2027-09-25,PN,INS,37689.0
2027-09-25,PN,OTR,1876.0
2027-09-26,PN,ENE,45470.0
2027-09-26,PN,MOB,8210.0
2027-09-26,PN,INS,31427.0
2027-09-26,PN,OTR,1978.0
2027-09-27,PN,ENE,48688.0
2027-09-27,PN,MOB,8678.0
2027-09-27,PN,INS,30330.0
2027-09-27,PN,OTR,2108.0
2027-09-28,PN,ENE,34380.0
2027-09-28,PN,MOB,8449.0
2027-09-28,PN,INS,38236.0
2027-09-28,PN,OTR,1947.0
2027-09-29,PN,ENE,43055.0
2027-09-29,PN,MOB,8809.0
2027-09-29,PN,INS,25610.0
2027-09-29,PN,OTR,2281.0
2027-09-30,PN,ENE,42541.0
2027-09-30,PN,MOB,8412.0
2027-09-30,PN,INS,38002.0
2027-09-30,PN,OTR,1838.0
2027-10-01,PN,ENE,41667.0
2027-10-01,PN,MOB,8695.0
2027-10-01,PN,INS,23714.0
2027-10-01,PN,OTR,2543.0
2027-10-02,PN,ENE,47017.0
2027-10-02,PN,MOB,8276.0
2027-10-02,PN,INS,26242.0
2027-10-02,PN,OTR,2642.0
2027-10-03,PN,ENE,42678.0
2027-10-03,PN,MOB,8386.0
2027-10-03,PN,INS,36076.0
2027-10-03,PN,OTR,3084.0
2027-10-04,PN,ENE,48649.0
2027-10-04,PN,MOB,8369.0
2027-10-04,PN,INS,30812.0
2027-10-04,PN,OTR,2798.0
2027-10-05,PN,ENE,47221.0
2027-10-05,PN,MOB,8588.0
2027-10-05,PN,INS,36026.0
2027-10-05,PN,OTR,1883.0
2027-10-06,PN,ENE,43327.0
2027-10-06,PN,MOB,8632.0
2027-10-06,PN,INS,31056.0
2027-10-06,PN,OTR,2967.0
2027-10-07,PN,ENE,47611.0
2027-10-07,PN,MOB,8663.0
2027-10-07,PN,INS,36163.0
2027-10-07,PN,OTR,2260.0
2027-10-08,PN,ENE,48184.0
2027-10-08,PN,MOB,8342.0
2027-10-08,PN,INS,30463.0
2027-10-08,PN,OTR,3242.0
2027-10-09,PN,ENE,43589.0
2027-10-09,PN,MOB,8502.0
2027-10-09,PN,INS,40574.0
2027-10-09,PN,OTR,1659.0
2027-10-10,PN,ENE,41381.0
2027-10-10,PN,MOB,8268.0
2027-10-10,PN,INS,39192.0
2027-10-10,PN,OTR,1860.0
2027-10-11,PN,ENE,43340.0
2027-10-11,PN,MOB,8627.0
2027-10-11,PN,INS,36537.0
2027-10-11,PN,OTR,2251.0
2027-10-12,PN,ENE,45583.0
2027-10-12,PN,MOB,8569.0
2027-10-12,PN,INS,21599.0
2027-10-12,PN,OTR,2855.0
2027-10-13,PN,ENE,47276.0
2027-10-13,PN,MOB,8466.0
2027-10-13,PN,INS,37161.0
2027-10-13,PN,OTR,2406.0
2027-10-14,PN,ENE,45336.0
2027-10-14,PN,MOB,8464.0
2027-10-14,PN,INS,28665.0
2027-10-14,PN,OTR,3390.0
2027-10-15,PN,ENE,52633.0
2027-10-15,PN,MOB,8660.0
2027-10-15,PN,INS,25101.0
2027-10-15,PN,OTR,2746.0
2027-10-16,PN,ENE,40635.0
2027-10-16,PN,MOB,8598.0
2027-10-16,PN,INS,32230.0
2027-10-16,PN,OTR,2934.0
2027-10-17,PN,ENE,41514.0
2027-10-17,PN,MOB,8587.0
2027-10-17,PN,INS,37682.0
2027-10-17,PN,OTR,3315.0
2027-10-18,PN,ENE,47169.0
2027-10-18,PN,MOB,8453.0
2027-10-18,PN,INS,41520.0
2027-10-18,PN,OTR,2941.0
2027-10-19,PN,ENE,42066.0
2027-10-19,PN,MOB,8428.0
2027-10-19,PN,INS,34068.0
2027-10-19,PN,OTR,2812.0
2027-10-20,PN,ENE,44098.0
2027-10-20,PN,MOB,8594.0
2027-10-20,PN,INS,42384.0
2027-10-20,PN,OTR,3164.0
2027-10-21,PN,ENE,48179.0
2027-10-21,PN,MOB,8550.0
2027-10-21,PN,INS,30729.0
2027-10-21,PN,OTR,1987.0
2027-10-22,PN,ENE,47976.0
2027-10-22,PN,MOB,8441.0
2027-10-22,PN,INS,32004.0
2027-10-22,PN,OTR,1798.0
2027-10-23,PN,ENE,40568.0
2027-10-23,PN,MOB,8541.0
2027-10-23,PN,INS,32494.0
2027-10-23,PN,OTR,1970.0
2027-10-24,PN,ENE,48799.0
2027-10-24,PN,MOB,8445.0
2027-10-24,PN,INS,42909.0
2027-10-24,PN,OTR,1768.0
2027-10-25,PN,ENE,43952.0
2027-10-25,PN,MOB,8565.0
2027-10-25,PN,INS,42131.0
2027-10-25,PN,OTR,1874.0
2027-10-26,PN,ENE,43046.0
2027-10-26,PN,MOB,8559.0
2027-10-26,PN,INS,34359.0
2027-10-26,PN,OTR,1550.0
2027-10-27,PN,ENE,40405.0
2027-10-27,PN,MOB,8355.0
2027-10-27,PN,INS,40583.0
2027-10-27,PN,OTR,2795.0
2027-10-28,PN,ENE,45614.0
2027-10-28,PN,MOB,8672.0
2027-10-28,PN,INS,19008.0
2027-10-28,PN,OTR,2203.0
2027-10-29,PN,ENE,45961.0
2027-10-29,PN,MOB,8825.0
2027-10-29,PN,INS,34886.0
2027-10-29,PN,OTR,2791.0
2027-10-30,PN,ENE,47067.0
2027-10-30,PN,MOB,8480.0
2027-10-30,PN,INS,31503.0
2027-10-30,PN,OTR,2625.0
2027-10-31,PN,ENE,46222.0
2027-10-31,PN,MOB,8438.0
2027-10-31,PN,INS,31700.0
2027-10-31,PN,OTR,1838.0
2027-11-01,PN,ENE,43448.0
2027-11-01,PN,MOB,8700.0
2027-11-01,PN,INS,37245.0
2027-11-01,PN,OTR,3300.0
2027-11-02,PN,ENE,43014.0
2027-11-02,PN,MOB,8503.0
2027-11-02,PN,INS,35787.0
2027-11-02,PN,OTR,2162.0
2027-11-03,PN,ENE,42845.0
2027-11-03,PN,MOB,8466.0
2027-11-03,PN,INS,22394.0
2027-11-03,PN,OTR,2432.0
2027-11-04,PN,ENE,42597.0
2027-11-04,PN,MOB,8435.0
2027-11-04,PN,INS,31878.0
2027-11-04,PN,OTR,2177.0
2027-11-05,PN,ENE,43285.0
2027-11-05,PN,MOB,8778.0
2027-11-05,PN,INS,36212.0
2027-11-05,PN,OTR,1797.0
2027-11-06,PN,ENE,39288.0
2027-11-06,PN,MOB,8514.0
2027-11-06,PN,INS,28918.0
2027-11-06,PN,OTR,2400.0
2027-11-07,PN,ENE,45467.0
2027-11-07,PN,MOB,8524.0
2027-11-07,PN,INS,33630.0
2027-11-07,PN,OTR,2906.0
2027-11-08,PN,ENE,42073.0
2027-11-08,PN,MOB,8437.0
2027-11-08,PN,INS,38555.0
2027-11-08,PN,OTR,3328.0
2027-11-09,PN,ENE,37578.0
2027-11-09,PN,MOB,8652.0
2027-11-09,PN,INS,32855.0
2027-11-09,PN,OTR,2053.0
2027-11-10,PN,ENE,45946.0
2027-11-10,PN,MOB,8514.0
2027-11-10,PN,INS,28265.0
2027-11-10,PN,OTR,2280.0
2027-11-11,PN,ENE,43636.0
2027-11-11,PN,MOB,8751.0
2027-11-11,PN,INS,21321.0
2027-11-11,PN,OTR,1809.0
2027-11-12,PN,ENE,43779.0
2027-11-12,PN,MOB,8357.0
2027-11-12,PN,INS,34848.0
2027-11-12,PN,OTR,2315.0
2027-11-13,PN,ENE,42093.0
2027-11-13,PN,MOB,8675.0
2027-11-13,PN,INS,39026.0
2027-11-13,PN,OTR,1844.0
2027-11-14,PN,ENE,48086.0
2027-11-14,PN,MOB,8340.0
2027-11-14,PN,INS,27484.0
2027-11-14,PN,OTR,2400.0
2027-11-15,PN,ENE,47124.0
2027-11-15,PN,MOB,8775.0
2027-11-15,PN,INS,32741.0
2027-11-15,PN,OTR,1798.0
2027-11-16,PN,ENE,48869.0
2027-11-16,PN,MOB,8452.0
2027-11-16,PN,INS,25289.0
2027-11-16,PN,OTR,3382.0
2027-11-17,PN,ENE,51108.0
2027-11-17,PN,MOB,8350.0
2027-11-17,PN,INS,31556.0
2027-11-17,PN,OTR,2038.0
2027-11-18,PN,ENE,43766.0
2027-11-18,PN,MOB,8505.0
2027-11-18,PN,INS,29987.0
2027-11-18,PN,OTR,2987.0
2027-11-19,PN,ENE,43883.0
2027-11-19,PN,MOB,8340.0
2027-11-19,PN,INS,36706.0
2027-11-19,PN,OTR,2426.0
2027-11-20,PN,ENE,45140.0
2027-11-20,PN,MOB,8296.0
2027-11-20,PN,INS,31110.0
2027-11-20,PN,OTR,3358.0
2027-11-21,PN,ENE,43909.0
2027-11-21,PN,MOB,8390.0
2027-11-21,PN,INS,40201.0
2027-11-21,PN,OTR,2222.0
2027-11-22,PN,ENE,44357.0
2027-11-22,PN,MOB,8459.0
2027-11-22,PN,INS,35420.0
2027-11-22,PN,OTR,1829.0
2027-11-23,PN,ENE,43214.0
2027-11-23,PN,MOB,8221.0
2027-11-23,PN,INS,35954.0
2027-11-23,PN,OTR,1929.0
2027-11-24,PN,ENE,48264.0
2027-11-24,PN,MOB,8658.0
2027-11-24,PN,INS,23902.0
2027-11-24,PN,OTR,2016.0
2027-11-25,PN,ENE,41897.0
2027-11-25,PN,MOB,8482.0
2027-11-25,PN,INS,35398.0
2027-11-25,PN,OTR,2924.0
2027-11-26,PN,ENE,44572.0
2027-11-26,PN,MOB,8572.0
2027-11-26,PN,INS,29527.0
2027-11-26,PN,OTR,2815.0
2027-11-27,PN,ENE,47881.0
2027-11-27,PN,MOB,8691.0
2027-11-27,PN,INS,35213.0
2027-11-27,PN,OTR,2987.0
2027-11-28,PN,ENE,50934.0
2027-11-28,PN,MOB,8514.0
2027-11-28,PN,INS,27839.0
2027-11-28,PN,OTR,2712.0
2027-11-29,PN,ENE,42965.0
2027-11-29,PN,MOB,8627.0
2027-11-29,PN,INS,28703.0
2027-11-29,PN,OTR,2224.0
2027-11-30,PN,ENE,44943.0
2027-11-30,PN,MOB,8536.0
2027-11-30,PN,INS,35797.0
2027-11-30,PN,OTR,1946.0
2027-12-01,PN,ENE,44241.0
2027-12-01,PN,MOB,8607.0
2027-12-01,PN,INS,32252.0
2027-12-01,PN,OTR,2857.0
2027-12-02,PN,ENE,43111.0
2027-12-02,PN,MOB,8464.0
2027-12-02,PN,INS,33959.0
2027-12-02,PN,OTR,1766.0
2027-12-03,PN,ENE,42857.0
2027-12-03,PN,MOB,8381.0
2027-12-03,PN,INS,33387.0
2027-12-03,PN,OTR,2943.0
2027-12-04,PN,ENE,41779.0
2027-12-04,PN,MOB,8593.0
2027-12-04,PN,INS,41662.0
2027-12-04,PN,OTR,3126.0
2027-12-05,PN,ENE,40372.0
2027-12-05,PN,MOB,8602.0
2027-12-05,PN,INS,29767.0
2027-12-05,PN,OTR,2268.0
2027-12-06,PN,ENE,48273.0
2027-12-06,PN,MOB,8558.0
2027-12-06,PN,INS,34630.0
2027-12-06,PN,OTR,3183.0
2027-12-07,PN,ENE,51740.0
2027-12-07,PN,MOB,8552.0
2027-12-07,PN,INS,40187.0
2027-12-07,PN,OTR,3305.0
2027-12-08,PN,ENE,45870.0
2027-12-08,PN,MOB,8655.0
2027-12-08,PN,INS,39505.0
2027-12-08,PN,OTR,2233.0
2027-12-09,PN,ENE,46637.0
2027-12-09,PN,MOB,8509.0
2027-12-09,PN,INS,34526.0
2027-12-09,PN,OTR,1634.0
2027-12-10,PN,ENE,43984.0
2027-12-10,PN,MOB,8604.0
2027-12-10,PN,INS,30537.0
2027-12-10,PN,OTR,2649.0
2027-12-11,PN,ENE,44353.0
2027-12-11,PN,MOB,8566.0
2027-12-11,PN,INS,29616.0
2027-12-11,PN,OTR,1775.0
2027-12-12,PN,ENE,43086.0
2027-12-12,PN,MOB,8400.0
2027-12-12,PN,INS,40879.0
2027-12-12,PN,OTR,2303.0
2027-12-13,PN,ENE,34181.0
2027-12-13,PN,MOB,8167.0
2027-12-13,PN,INS,41526.0
2027-12-13,PN,OTR,2901.0
2027-12-14,PN,ENE,50854.0
2027-12-14,PN,MOB,8476.0
2027-12-14,PN,INS,38018.0
2027-12-14,PN,OTR,2345.0
2027-12-15,PN,ENE,44080.0
2027-12-15,PN,MOB,8455.0
2027-12-15,PN,INS,38140.0
2027-12-15,PN,OTR,1973.0
2027-12-16,PN,ENE,47983.0
2027-12-16,PN,MOB,8488.0
2027-12-16,PN,INS,34955.0
2027-12-16,PN,OTR,3427.0
2027-12-17,PN,ENE,48826.0
2027-12-17,PN,MOB,8448.0
2027-12-17,PN,INS,37909.0
2027-12-17,PN,OTR,1962.0
2027-12-18,PN,ENE,47503.0
2027-12-18,PN,MOB,8481.0
2027-12-18,PN,INS,28796.0
2027-12-18,PN,OTR,2029.0
2027-12-19,PN,ENE,46581.0
2027-12-19,PN,MOB,8354.0
2027-12-19,PN,INS,36984.0
2027-12-19,PN,OTR,1702.0
2027-12-20,PN,ENE,43479.0
2027-12-20,PN,MOB,8331.0
2027-12-20,PN,INS,30165.0
2027-12-20,PN,OTR,1570.0
2027-12-21,PN,ENE,46641.0
2027-12-21,PN,MOB,8483.0
2027-12-21,PN,INS,24960.0
2027-12-21,PN,OTR,1598.0
2027-12-22,PN,ENE,47761.0
2027-12-22,PN,MOB,8610.0
2027-12-22,PN,INS,33626.0
2027-12-22,PN,OTR,1577.0
2027-12-23,PN,ENE,52713.0
2027-12-23,PN,MOB,8210.0
2027-12-23,PN,INS,26416.0
2027-12-23,PN,OTR,1742.0
2027-12-24,PN,ENE,47257.0
2027-12-24,PN,MOB,8537.0
2027-12-24,PN,INS,31260.0
2027-12-24,PN,OTR,3239.0
2027-12-25,PN,ENE,47008.0
2027-12-25,PN,MOB,8367.0
2027-12-25,PN,INS,26352.0
2027-12-25,PN,OTR,2450.0
2027-12-26,PN,ENE,44497.0
2027-12-26,PN,MOB,8443.0
2027-12-26,PN,INS,20331.0
2027-12-26,PN,OTR,3369.0
2027-12-27,PN,ENE,39837.0
2027-12-27,PN,MOB,8593.0
2027-12-27,PN,INS,35352.0
2027-12-27,PN,OTR,1543.0
2027-12-28,PN,ENE,44731.0
2027-12-28,PN,MOB,8567.0
2027-12-28,PN,INS,33613.0
2027-12-28,PN,OTR,2410.0
2027-12-29,PN,ENE,46635.0
2027-12-29,PN,MOB,8568.0
2027-12-29,PN,INS,26666.0
2027-12-29,PN,OTR,1609.0
2027-12-30,PN,ENE,48782.0
2027-12-30,PN,MOB,8369.0
2027-12-30,PN,INS,39915.0
2027-12-30,PN,OTR,2399.0
2027-12-31,PN,ENE,52258.0
2027-12-31,PN,MOB,8795.0
2027-12-31,PN,INS,34495.0
2027-12-31,PN,OTR,2433.0
2024-01-01,PC,ENE,48798.0
2024-01-01,PC,MOB,7329.0
2024-01-01,PC,INS,24135.0
2024-01-01,PC,OTR,3453.0
2024-01-02,PC,ENE,43494.0
2024-01-02,PC,MOB,7235.0
2024-01-02,PC,INS,22923.0
2024-01-02,PC,OTR,2599.0
2024-01-03,PC,ENE,40492.0
2024-01-03,PC,MOB,7427.0
2024-01-03,PC,INS,20185.0
2024-01-03,PC,OTR,3391.0
2024-01-04,PC,ENE,40958.0
2024-01-04,PC,MOB,7275.0
2024-01-04,PC,INS,21838.0
2024-01-04,PC,OTR,3262.0
2024-01-05,PC,ENE,41950.0
2024-01-05,PC,MOB,7114.0
2024-01-05,PC,INS,21384.0
2024-01-05,PC,OTR,1956.0
2024-01-06,PC,ENE,41071.0
2024-01-06,PC,MOB,7160.0
2024-01-06,PC,INS,17154.0
2024-01-06,PC,OTR,3104.0
2024-01-07,PC,ENE,47368.0
2024-01-07,PC,MOB,7135.0
2024-01-07,PC,INS,25225.0
2024-01-07,PC,OTR,1928.0
2024-01-08,PC,ENE,42042.0
2024-01-08,PC,MOB,7087.0
2024-01-08,PC,INS,20685.0
2024-01-08,PC,OTR,2223.0
2024-01-09,PC,ENE,45675.0
2024-01-09,PC,MOB,7194.0
2024-01-09,PC,INS,18925.0
2024-01-09,PC,OTR,2070.0
2024-01-10,PC,ENE,42162.0
2024-01-10,PC,MOB,7216.0
2024-01-10,PC,INS,22451.0
2024-01-10,PC,OTR,1839.0
2024-01-11,PC,ENE,41846.0
2024-01-11,PC,MOB,6975.0
2024-01-11,PC,INS,24833.0
2024-01-11,PC,OTR,2654.0
2024-01-12,PC,ENE,42118.0
2024-01-12,PC,MOB,7428.0
2024-01-12,PC,INS,27916.0
2024-01-12,PC,OTR,2460.0
2024-01-13,PC,ENE,34073.0
2024-01-13,PC,MOB,7436.0
2024-01-13,PC,INS,20053.0
2024-01-13,PC,OTR,2128.0
2024-01-14,PC,ENE,37694.0
2024-01-14,PC,MOB,7030.0
2024-01-14,PC,INS,23056.0
2024-01-14,PC,OTR,3354.0
2024-01-15,PC,ENE,38964.0
2024-01-15,PC,MOB,7433.0
2024-01-15,PC,INS,28160.0
2024-01-15,PC,OTR,1521.0
2024-01-16,PC,ENE,42744.0
2024-01-16,PC,MOB,7091.0
2024-01-16,PC,INS,23105.0
2024-01-16,PC,OTR,2887.0
2024-01-17,PC,ENE,49255.0
2024-01-17,PC,MOB,7101.0
2024-01-17,PC,INS,20561.0
2024-01-17,PC,OTR,3214.0
2024-01-18,PC,ENE,42894.0
2024-01-18,PC,MOB,7462.0
2024-01-18,PC,INS,26089.0
2024-01-18,PC,OTR,3219.0
2024-01-19,PC,ENE,45366.0
2024-01-19,PC,MOB,7168.0
2024-01-19,PC,INS,19375.0
2024-01-19,PC,OTR,3394.0
2024-01-20,PC,ENE,46052.0
2024-01-20,PC,MOB,6963.0
2024-01-20,PC,INS,20450.0
2024-01-20,PC,OTR,2188.0
2024-01-21,PC,ENE,43899.0
2024-01-21,PC,MOB,7022.0
2024-01-21,PC,INS,22834.0
2024-01-21,PC,OTR,1567.0
2024-01-22,PC,ENE,39003.0
2024-01-22,PC,MOB,7095.0
2024-01-22,PC,INS,18675.0
2024-01-22,PC,OTR,1811.0
2024-01-23,PC,ENE,48642.0
2024-01-23,PC,MOB,7402.0
2024-01-23,PC,INS,20004.0
2024-01-23,PC,OTR,2278.0
2024-01-24,PC,ENE,43221.0
2024-01-24,PC,MOB,7341.0
2024-01-24,PC,INS,19786.0
2024-01-24,PC,OTR,2564.0
2024-01-25,PC,ENE,49420.0
2024-01-25,PC,MOB,7365.0
2024-01-25,PC,INS,21119.0
2024-01-25,PC,OTR,3086.0
2024-01-26,PC,ENE,44284.0
2024-01-26,PC,MOB,7060.0
2024-01-26,PC,INS,22274.0
2024-01-26,PC,OTR,3458.0
2024-01-27,PC,ENE,47349.0
2024-01-27,PC,MOB,7347.0
2024-01-27,PC,INS,22073.0
2024-01-27,PC,OTR,2069.0
2024-01-28,PC,ENE,39009.0
2024-01-28,PC,MOB,7203.0
2024-01-28,PC,INS,19426.0
2024-01-28,PC,OTR,2090.0
2024-01-29,PC,ENE,41746.0
2024-01-29,PC,MOB,7046.0
2024-01-29,PC,INS,22646.0
2024-01-29,PC,OTR,2474.0
2024-01-30,PC,ENE,38113.0
2024-01-30,PC,MOB,7314.0
2024-01-30,PC,INS,30904.0
2024-01-30,PC,OTR,3017.0
2024-01-31,PC,ENE,43173.0
2024-01-31,PC,MOB,7147.0
2024-01-31,PC,INS,25877.0
2024-01-31,PC,OTR,2892.0
2024-02-01,PC,ENE,43881.0
2024-02-01,PC,MOB,7159.0
2024-02-01,PC,INS,23314.0
2024-02-01,PC,OTR,2805.0
2024-02-02,PC,ENE,39965.0
2024-02-02,PC,MOB,7053.0
2024-02-02,PC,INS,21604.0
2024-02-02,PC,OTR,2963.0
2024-02-03,PC,ENE,42041.0
2024-02-03,PC,MOB,7150.0
2024-02-03,PC,INS,21728.0
2024-02-03,PC,OTR,3427.0
2024-02-04,PC,ENE,38028.0
2024-02-04,PC,MOB,7321.0
2024-02-04,PC,INS,19267.0
2024-02-04,PC,OTR,2730.0
2024-02-05,PC,ENE,45689.0
2024-02-05,PC,MOB,7203.0
2024-02-05,PC,INS,17553.0
2024-02-05,PC,OTR,1952.0
2024-02-06,PC,ENE,39009.0
2024-02-06,PC,MOB,7282.0
2024-02-06,PC,INS,20866.0
2024-02-06,PC,OTR,1565.0
2024-02-07,PC,ENE,39378.0
2024-02-07,PC,MOB,7138.0
2024-02-07,PC,INS,26632.0
2024-02-07,PC,OTR,3290.0
2024-02-08,PC,ENE,36875.0
2024-02-08,PC,MOB,7215.0
2024-02-08,PC,INS,22474.0
2024-02-08,PC,OTR,2871.0
2024-02-09,PC,ENE,46444.0
2024-02-09,PC,MOB,7485.0
2024-02-09,PC,INS,19808.0
2024-02-09,PC,OTR,3475.0
2024-02-10,PC,ENE,38836.0
2024-02-10,PC,MOB,7232.0
2024-02-10,PC,INS,24766.0
2024-02-10,PC,OTR,3123.0
2024-02-11,PC,ENE,41886.0
2024-02-11,PC,MOB,7363.0
2024-02-11,PC,INS,20797.0
2024-02-11,PC,OTR,2796.0
2024-02-12,PC,ENE,39598.0
2024-02-12,PC,MOB,7243.0
2024-02-12,PC,INS,24063.0
2024-02-12,PC,OTR,2309.0
2024-02-13,PC,ENE,40605.0
2024-02-13,PC,MOB,7039.0
2024-02-13,PC,INS,21911.0
2024-02-13,PC,OTR,2309.0
2024-02-14,PC,ENE,44866.0
2024-02-14,PC,MOB,7060.0
2024-02-14,PC,INS,23188.0
2024-02-14,PC,OTR,2147.0
2024-02-15,PC,ENE,42227.0
2024-02-15,PC,MOB,7173.0
2024-02-15,PC,INS,24756.0
2024-02-15,PC,OTR,2224.0
2024-02-16,PC,ENE,42800.0
2024-02-16,PC,MOB,7053.0
2024-02-16,PC,INS,20780.0
2024-02-16,PC,OTR,2513.0
2024-02-17,PC,ENE,40634.0
2024-02-17,PC,MOB,7138.0
2024-02-17,PC,INS,17759.0
2024-02-17,PC,OTR,3253.0
2024-02-18,PC,ENE,41292.0
2024-02-18,PC,MOB,7100.0
2024-02-18,PC,INS,18248.0
2024-02-18,PC,OTR,2113.0
2024-02-19,PC,ENE,41070.0
2024-02-19,PC,MOB,7072.0
2024-02-19,PC,INS,28990.0
2024-02-19,PC,OTR,3067.0
2024-02-20,PC,ENE,41906.0
2024-02-20,PC,MOB,7277.0
2024-02-20,PC,INS,26028.0
2024-02-20,PC,OTR,2651.0
2024-02-21,PC,ENE,41452.0
2024-02-21,PC,MOB,7280.0
2024-02-21,PC,INS,21692.0
2024-02-21,PC,OTR,1876.0
2024-02-22,PC,ENE,49049.0
2024-02-22,PC,MOB,7033.0
2024-02-22,PC,INS,23588.0
2024-02-22,PC,OTR,1929.0
2024-02-23,PC,ENE,42045.0
2024-02-23,PC,MOB,7246.0
2024-02-23,PC,INS,25322.0
2024-02-23,PC,OTR,3152.0
2024-02-24,PC,ENE,41248.0
2024-02-24,PC,MOB,7362.0
2024-02-24,PC,INS,28011.0
2024-02-24,PC,OTR,1697.0
2024-02-25,PC,ENE,38327.0
2024-02-25,PC,MOB,7349.0
2024-02-25,PC,INS,23902.0
2024-02-25,PC,OTR,2787.0
2024-02-26,PC,ENE,41950.0
2024-02-26,PC,MOB,7448.0
2024-02-26,PC,INS,18866.0
2024-02-26,PC,OTR,1879.0
2024-02-27,PC,ENE,41810.0
2024-02-27,PC,MOB,7397.0
2024-02-27,PC,INS,25405.0
2024-02-27,PC,OTR,3295.0
2024-02-28,PC,ENE,48952.0
2024-02-28,PC,MOB,7255.0
2024-02-28,PC,INS,21570.0
2024-02-28,PC,OTR,1823.0
2024-02-29,PC,ENE,45040.0
2024-02-29,PC,MOB,7334.0
2024-02-29,PC,INS,25316.0
2024-02-29,PC,OTR,2542.0
2024-03-01,PC,ENE,50520.0
2024-03-01,PC,MOB,7230.0
2024-03-01,PC,INS,24271.0
2024-03-01,PC,OTR,2895.0
2024-03-02,PC,ENE,45133.0
2024-03-02,PC,MOB,7381.0
2024-03-02,PC,INS,21395.0
2024-03-02,PC,OTR,2536.0
2024-03-03,PC,ENE,40974.0
2024-03-03,PC,MOB,7392.0
2024-03-03,PC,INS,17828.0
2024-03-03,PC,OTR,2363.0
2024-03-04,PC,ENE,42962.0
2024-03-04,PC,MOB,7163.0
2024-03-04,PC,INS,19630.0
2024-03-04,PC,OTR,2724.0
2024-03-05,PC,ENE,42864.0
2024-03-05,PC,MOB,7004.0
2024-03-05,PC,INS,24837.0
2024-03-05,PC,OTR,2826.0
2024-03-06,PC,ENE,39281.0
2024-03-06,PC,MOB,7167.0
2024-03-06,PC,INS,22084.0
2024-03-06,PC,OTR,1660.0
2024-03-07,PC,ENE,48537.0
2024-03-07,PC,MOB,7167.0
2024-03-07,PC,INS,19477.0
2024-03-07,PC,OTR,2197.0
2024-03-08,PC,ENE,40008.0
2024-03-08,PC,MOB,7099.0
2024-03-08,PC,INS,19233.0
2024-03-08,PC,OTR,3312.0
2024-03-09,PC,ENE,44620.0
2024-03-09,PC,MOB,7030.0
2024-03-09,PC,INS,23440.0
2024-03-09,PC,OTR,3025.0
2024-03-10,PC,ENE,46722.0
2024-03-10,PC,MOB,7168.0
2024-03-10,PC,INS,22547.0
2024-03-10,PC,OTR,1878.0
2024-03-11,PC,ENE,48158.0
2024-03-11,PC,MOB,7287.0
2024-03-11,PC,INS,26925.0
2024-03-11,PC,OTR,3036.0
2024-03-12,PC,ENE,46902.0
2024-03-12,PC,MOB,7088.0
2024-03-12,PC,INS,26675.0
2024-03-12,PC,OTR,1743.0
2024-03-13,PC,ENE,40370.0
2024-03-13,PC,MOB,7104.0
2024-03-13,PC,INS,31394.0
2024-03-13,PC,OTR,2637.0
2024-03-14,PC,ENE,42256.0
2024-03-14,PC,MOB,7238.0
2024-03-14,PC,INS,25979.0
2024-03-14,PC,OTR,2733.0
2024-03-15,PC,ENE,46520.0
2024-03-15,PC,MOB,7105.0
2024-03-15,PC,INS,29865.0
2024-03-15,PC,OTR,2374.0
2024-03-16,PC,ENE,42081.0
2024-03-16,PC,MOB,6928.0
2024-03-16,PC,INS,25568.0
2024-03-16,PC,OTR,1649.0
2024-03-17,PC,ENE,47289.0
2024-03-17,PC,MOB,7365.0
2024-03-17,PC,INS,22026.0
2024-03-17,PC,OTR,2051.0
2024-03-18,PC,ENE,47656.0
2024-03-18,PC,MOB,7257.0
2024-03-18,PC,INS,19719.0
2024-03-18,PC,OTR,3068.0
2024-03-19,PC,ENE,36689.0
2024-03-19,PC,MOB,6908.0
2024-03-19,PC,INS,22791.0
2024-03-19,PC,OTR,3401.0
2024-03-20,PC,ENE,40630.0
2024-03-20,PC,MOB,7173.0
2024-03-20,PC,INS,19970.0
2024-03-20,PC,OTR,3205.0
2024-03-21,PC,ENE,45893.0
2024-03-21,PC,MOB,7373.0
2024-03-21,PC,INS,26145.0
2024-03-21,PC,OTR,2341.0
2024-03-22,PC,ENE,43929.0
2024-03-22,PC,MOB,7212.0
2024-03-22,PC,INS,26517.0
2024-03-22,PC,OTR,2473.0
2024-03-23,PC,ENE,49029.0
2024-03-23,PC,MOB,7446.0
2024-03-23,PC,INS,25506.0
2024-03-23,PC,OTR,2172.0
2024-03-24,PC,ENE,40923.0
2024-03-24,PC,MOB,7160.0
2024-03-24,PC,INS,21506.0
2024-03-24,PC,OTR,2018.0
2024-03-25,PC,ENE,38926.0
2024-03-25,PC,MOB,7410.0
2024-03-25,PC,INS,19610.0
2024-03-25,PC,OTR,3411.0
2024-03-26,PC,ENE,42106.0
2024-03-26,PC,MOB,7075.0
2024-03-26,PC,INS,23688.0
2024-03-26,PC,OTR,2021.0
2024-03-27,PC,ENE,43402.0
2024-03-27,PC,MOB,7295.0
2024-03-27,PC,INS,23274.0
2024-03-27,PC,OTR,1995.0
2024-03-28,PC,ENE,47520.0
2024-03-28,PC,MOB,7110.0
2024-03-28,PC,INS,25345.0
2024-03-28,PC,OTR,3322.0
2024-03-29,PC,ENE,47243.0
2024-03-29,PC,MOB,7309.0
2024-03-29,PC,INS,27464.0
2024-03-29,PC,OTR,3095.0
2024-03-30,PC,ENE,36986.0
2024-03-30,PC,MOB,7145.0
2024-03-30,PC,INS,20855.0
2024-03-30,PC,OTR,3322.0
2024-03-31,PC,ENE,44502.0
2024-03-31,PC,MOB,7225.0
2024-03-31,PC,INS,21816.0
2024-03-31,PC,OTR,3166.0
2024-04-01,PC,ENE,49130.0
2024-04-01,PC,MOB,7103.0
2024-04-01,PC,INS,30380.0
2024-04-01,PC,OTR,1668.0
2024-04-02,PC,ENE,45004.0
2024-04-02,PC,MOB,7058.0
2024-04-02,PC,INS,26244.0
2024-04-02,PC,OTR,2589.0
2024-04-03,PC,ENE,46370.0
2024-04-03,PC,MOB,7218.0
2024-04-03,PC,INS,26241.0
2024-04-03,PC,OTR,2577.0
2024-04-04,PC,ENE,46585.0
2024-04-04,PC,MOB,7201.0
2024-04-04,PC,INS,27701.0
2024-04-04,PC,OTR,2604.0
2024-04-05,PC,ENE,46598.0
2024-04-05,PC,MOB,7223.0
2024-04-05,PC,INS,22548.0
2024-04-05,PC,OTR,1922.0
2024-04-06,PC,ENE,41962.0
2024-04-06,PC,MOB,6979.0
2024-04-06,PC,INS,22209.0
2024-04-06,PC,OTR,3258.0
2024-04-07,PC,ENE,47525.0
2024-04-07,PC,MOB,6970.0
2024-04-07,PC,INS,21774.0
2024-04-07,PC,OTR,3460.0
2024-04-08,PC,ENE,47745.0
2024-04-08,PC,MOB,7171.0
2024-04-08,PC,INS,26583.0
2024-04-08,PC,OTR,3416.0
2024-04-09,PC,ENE,46447.0
2024-04-09,PC,MOB,7100.0
2024-04-09,PC,INS,26082.0
2024-04-09,PC,OTR,3372.0
2024-04-10,PC,ENE,41973.0
2024-04-10,PC,MOB,7426.0
2024-04-10,PC,INS,26857.0
2024-04-10,PC,OTR,1555.0
2024-04-11,PC,ENE,43224.0
2024-04-11,PC,MOB,7176.0
2024-04-11,PC,INS,24241.0
2024-04-11,PC,OTR,2495.0
2024-04-12,PC,ENE,46983.0
2024-04-12,PC,MOB,7146.0
2024-04-12,PC,INS,20834.0
2024-04-12,PC,OTR,2814.0
2024-04-13,PC,ENE,47042.0
2024-04-13,PC,MOB,7224.0
2024-04-13,PC,INS,19123.0
2024-04-13,PC,OTR,3494.0
2024-04-14,PC,ENE,44067.0
2024-04-14,PC,MOB,7277.0
2024-04-14,PC,INS,22786.0
2024-04-14,PC,OTR,3296.0
2024-04-15,PC,ENE,44834.0
2024-04-15,PC,MOB,7644.0
2024-04-15,PC,INS,8088.0
2024-04-15,PC,OTR,3327.0
2024-04-16,PC,ENE,49592.0
2024-04-16,PC,MOB,7473.0
2024-04-16,PC,INS,30145.0
2024-04-16,PC,OTR,3171.0
2024-04-17,PC,ENE,47734.0
2024-04-17,PC,MOB,7052.0
2024-04-17,PC,INS,31451.0
2024-04-17,PC,OTR,3375.0
2024-04-18,PC,ENE,49428.0
2024-04-18,PC,MOB,7157.0
2024-04-18,PC,INS,31190.0
2024-04-18,PC,OTR,1639.0
2024-04-19,PC,ENE,50752.0
2024-04-19,PC,MOB,7149.0
2024-04-19,PC,INS,29209.0
2024-04-19,PC,OTR,2481.0
2024-04-20,PC,ENE,41532.0
2024-04-20,PC,MOB,7278.0
2024-04-20,PC,INS,25034.0
2024-04-20,PC,OTR,2443.0
2024-04-21,PC,ENE,46780.0
2024-04-21,PC,MOB,7208.0
2024-04-21,PC,INS,26741.0
2024-04-21,PC,OTR,3463.0
2024-04-22,PC,ENE,38388.0
2024-04-22,PC,MOB,7363.0
2024-04-22,PC,INS,23825.0
2024-04-22,PC,OTR,2595.0
2024-04-23,PC,ENE,40513.0
2024-04-23,PC,MOB,7233.0
2024-04-23,PC,INS,31131.0
2024-04-23,PC,OTR,3477.0
2024-04-24,PC,ENE,40720.0
2024-04-24,PC,MOB,7208.0
2024-04-24,PC,INS,17149.0
2024-04-24,PC,OTR,3072.0
2024-04-25,PC,ENE,43198.0
2024-04-25,PC,MOB,7369.0
2024-04-25,PC,INS,24724.0
2024-04-25,PC,OTR,2688.0
2024-04-26,PC,ENE,49028.0
2024-04-26,PC,MOB,7293.0
2024-04-26,PC,INS,24449.0
2024-04-26,PC,OTR,2510.0
2024-04-27,PC,ENE,41243.0
2024-04-27,PC,MOB,7053.0
2024-04-27,PC,INS,29364.0
2024-04-27,PC,OTR,1790.0
2024-04-28,PC,ENE,38546.0
2024-04-28,PC,MOB,7190.0
2024-04-28,PC,INS,28183.0
2024-04-28,PC,OTR,2612.0
2024-04-29,PC,ENE,45151.0
2024-04-29,PC,MOB,7263.0
2024-04-29,PC,INS,24262.0
2024-04-29,PC,OTR,2199.0
2024-04-30,PC,ENE,36722.0
2024-04-30,PC,MOB,7370.0
2024-04-30,PC,INS,21847.0
2024-04-30,PC,OTR,2679.0
2024-05-01,PC,ENE,51200.0
2024-05-01,PC,MOB,6950.0
2024-05-01,PC,INS,30362.0
2024-05-01,PC,OTR,2808.0
2024-05-02,PC,ENE,40396.0
2024-05-02,PC,MOB,7503.0
2024-05-02,PC,INS,23898.0
2024-05-02,PC,OTR,1982.0
2024-05-03,PC,ENE,45532.0
2024-05-03,PC,MOB,7001.0
2024-05-03,PC,INS,23335.0
2024-05-03,PC,OTR,1870.0
2024-05-04,PC,ENE,43008.0
2024-05-04,PC,MOB,7260.0
2024-05-04,PC,INS,29673.0
2024-05-04,PC,OTR,2001.0
2024-05-05,PC,ENE,48055.0
2024-05-05,PC,MOB,6981.0
2024-05-05,PC,INS,22047.0
2024-05-05,PC,OTR,2638.0
2024-05-06,PC,ENE,43658.0
2024-05-06,PC,MOB,7138.0
2024-05-06,PC,INS,18427.0
2024-05-06,PC,OTR,3230.0
2024-05-07,PC,ENE,46166.0
2024-05-07,PC,MOB,7147.0
2024-05-07,PC,INS,24477.0
2024-05-07,PC,OTR,3067.0
2024-05-08,PC,ENE,46454.0
2024-05-08,PC,MOB,7099.0
2024-05-08,PC,INS,25207.0
2024-05-08,PC,OTR,2836.0
2024-05-09,PC,ENE,39642.0
2024-05-09,PC,MOB,7217.0
2024-05-09,PC,INS,29907.0
2024-05-09,PC,OTR,1540.0
2024-05-10,PC,ENE,46047.0
2024-05-10,PC,MOB,7232.0
2024-05-10,PC,INS,29702.0
2024-05-10,PC,OTR,2446.0
2024-05-11,PC,ENE,47775.0
2024-05-11,PC,MOB,7204.0
2024-05-11,PC,INS,27391.0
2024-05-11,PC,OTR,2720.0
2024-05-12,PC,ENE,42906.0
2024-05-12,PC,MOB,7325.0
2024-05-12,PC,INS,28521.0
2024-05-12,PC,OTR,3438.0
2024-05-13,PC,ENE,40362.0
2024-05-13,PC,MOB,7034.0
2024-05-13,PC,INS,21795.0
2024-05-13,PC,OTR,1906.0
2024-05-14,PC,ENE,45112.0
2024-05-14,PC,MOB,7330.0
2024-05-14,PC,INS,17718.0
2024-05-14,PC,OTR,1993.0
2024-05-15,PC,ENE,47430.0
2024-05-15,PC,MOB,7419.0
2024-05-15,PC,INS,22038.0
2024-05-15,PC,OTR,2491.0
2024-05-16,PC,ENE,44792.0
2024-05-16,PC,MOB,7176.0
2024-05-16,PC,INS,29595.0
2024-05-16,PC,OTR,3109.0
2024-05-17,PC,ENE,42734.0
2024-05-17,PC,MOB,7115.0
2024-05-17,PC,INS,22777.0
2024-05-17,PC,OTR,1918.0
2024-05-18,PC,ENE,39757.0
2024-05-18,PC,MOB,7184.0
2024-05-18,PC,INS,23124.0
2024-05-18,PC,OTR,1635.0
2024-05-19,PC,ENE,41502.0
2024-05-19,PC,MOB,7144.0
2024-05-19,PC,INS,21454.0
2024-05-19,PC,OTR,1891.0
2024-05-20,PC,ENE,52096.0
2024-05-20,PC,MOB,6954.0
2024-05-20,PC,INS,23539.0
2024-05-20,PC,OTR,3021.0
2024-05-21,PC,ENE,47647.0
2024-05-21,PC,MOB,7395.0
2024-05-21,PC,INS,28710.0
2024-05-21,PC,OTR,1890.0
2024-05-22,PC,ENE,46829.0
2024-05-22,PC,MOB,6981.0
2024-05-22,PC,INS,22223.0
2024-05-22,PC,OTR,3220.0
2024-05-23,PC,ENE,44015.0
2024-05-23,PC,MOB,7216.0
2024-05-23,PC,INS,28764.0
2024-05-23,PC,OTR,2611.0
2024-05-24,PC,ENE,42095.0
2024-05-24,PC,MOB,7224.0
2024-05-24,PC,INS,28300.0
2024-05-24,PC,OTR,2067.0
2024-05-25,PC,ENE,46058.0
2024-05-25,PC,MOB,7380.0
2024-05-25,PC,INS,19393.0
2024-05-25,PC,OTR,2128.0
2024-05-26,PC,ENE,46709.0
2024-05-26,PC,MOB,7246.0
2024-05-26,PC,INS,22295.0
2024-05-26,PC,OTR,2421.0
2024-05-27,PC,ENE,46460.0
2024-05-27,PC,MOB,7467.0
2024-05-27,PC,INS,28203.0
2024-05-27,PC,OTR,2225.0
2024-05-28,PC,ENE,39232.0
2024-05-28,PC,MOB,7008.0
2024-05-28,PC,INS,32307.0
2024-05-28,PC,OTR,2601.0
2024-05-29,PC,ENE,42091.0
2024-05-29,PC,MOB,6980.0
2024-05-29,PC,INS,23773.0
2024-05-29,PC,OTR,1713.0
2024-05-30,PC,ENE,42431.0
2024-05-30,PC,MOB,7043.0
2024-05-30,PC,INS,25497.0
2024-05-30,PC,OTR,2549.0
2024-05-31,PC,ENE,42448.0
2024-05-31,PC,MOB,7289.0
2024-05-31,PC,INS,25234.0
2024-05-31,PC,OTR,3421.0
2024-06-01,PC,ENE,48632.0
2024-06-01,PC,MOB,7224.0
2024-06-01,PC,INS,30146.0
2024-06-01,PC,OTR,2967.0
2024-06-02,PC,ENE,39513.0
2024-06-02,PC,MOB,7479.0
2024-06-02,PC,INS,22729.0
2024-06-02,PC,OTR,3180.0
2024-06-03,PC,ENE,41517.0
2024-06-03,PC,MOB,7168.0
2024-06-03,PC,INS,14997.0
2024-06-03,PC,OTR,3116.0
2024-06-04,PC,ENE,48127.0
2024-06-04,PC,MOB,7004.0
2024-06-04,PC,INS,23526.0
2024-06-04,PC,OTR,3465.0
2024-06-05,PC,ENE,38581.0
2024-06-05,PC,MOB,7162.0
2024-06-05,PC,INS,23758.0
2024-06-05,PC,OTR,1624.0
2024-06-06,PC,ENE,49131.0
2024-06-06,PC,MOB,7040.0
2024-06-06,PC,INS,23858.0
2024-06-06,PC,OTR,1706.0
2024-06-07,PC,ENE,51958.0
2024-06-07,PC,MOB,7118.0
2024-06-07,PC,INS,23095.0
2024-06-07,PC,OTR,1938.0
2024-06-08,PC,ENE,47110.0
2024-06-08,PC,MOB,7007.0
2024-06-08,PC,INS,19977.0
2024-06-08,PC,OTR,1868.0
2024-06-09,PC,ENE,44620.0
2024-06-09,PC,MOB,7112.0
2024-06-09,PC,INS,27628.0
2024-06-09,PC,OTR,3243.0
2024-06-10,PC,ENE,49991.0
2024-06-10,PC,MOB,7108.0
2024-06-10,PC,INS,28588.0
2024-06-10,PC,OTR,1678.0
2024-06-11,PC,ENE,45303.0
2024-06-11,PC,MOB,7295.0
2024-06-11,PC,INS,26599.0
2024-06-11,PC,OTR,3268.0
2024-06-12,PC,ENE,48758.0
2024-06-12,PC,MOB,7223.0
2024-06-12,PC,INS,22955.0
2024-06-12,PC,OTR,2120.0
2024-06-13,PC,ENE,43175.0
2024-06-13,PC,MOB,7575.0
2024-06-13,PC,INS,29232.0
2024-06-13,PC,OTR,2631.0
2024-06-14,PC,ENE,47888.0
2024-06-14,PC,MOB,7009.0
2024-06-14,PC,INS,20514.0
2024-06-14,PC,OTR,3169.0
2024-06-15,PC,ENE,51495.0
2024-06-15,PC,MOB,6949.0
2024-06-15,PC,INS,28047.0
2024-06-15,PC,OTR,2482.0
2024-06-16,PC,ENE,41748.0
2024-06-16,PC,MOB,7447.0
2024-06-16,PC,INS,30749.0
2024-06-16,PC,OTR,3088.0
2024-06-17,PC,ENE,39176.0
2024-06-17,PC,MOB,7015.0
2024-06-17,PC,INS,23224.0
2024-06-17,PC,OTR,1997.0
2024-06-18,PC,ENE,48899.0
2024-06-18,PC,MOB,7211.0
2024-06-18,PC,INS,23383.0
2024-06-18,PC,OTR,1958.0
2024-06-19,PC,ENE,39823.0
2024-06-19,PC,MOB,7196.0
2024-06-19,PC,INS,22452.0
2024-06-19,PC,OTR,2545.0
2024-06-20,PC,ENE,47043.0
2024-06-20,PC,MOB,7047.0
2024-06-20,PC,INS,27160.0
2024-06-20,PC,OTR,2242.0
2024-06-21,PC,ENE,42057.0
2024-06-21,PC,MOB,7048.0
2024-06-21,PC,INS,25251.0
2024-06-21,PC,OTR,3334.0
2024-06-22,PC,ENE,41643.0
2024-06-22,PC,MOB,7377.0
2024-06-22,PC,INS,22105.0
2024-06-22,PC,OTR,2842.0
2024-06-23,PC,ENE,46590.0
2024-06-23,PC,MOB,7031.0
2024-06-23,PC,INS,20253.0
2024-06-23,PC,OTR,2956.0
2024-06-24,PC,ENE,49183.0
2024-06-24,PC,MOB,7330.0
2024-06-24,PC,INS,21359.0
2024-06-24,PC,OTR,2914.0
2024-06-25,PC,ENE,44282.0
2024-06-25,PC,MOB,7240.0
2024-06-25,PC,INS,23760.0
2024-06-25,PC,OTR,2476.0
2024-06-26,PC,ENE,41193.0
2024-06-26,PC,MOB,7107.0
2024-06-26,PC,INS,23039.0
2024-06-26,PC,OTR,2040.0
2024-06-27,PC,ENE,47781.0
2024-06-27,PC,MOB,7505.0
2024-06-27,PC,INS,19866.0
2024-06-27,PC,OTR,2975.0
2024-06-28,PC,ENE,45186.0
2024-06-28,PC,MOB,7137.0
2024-06-28,PC,INS,30656.0
2024-06-28,PC,OTR,3122.0
2024-06-29,PC,ENE,42360.0
2024-06-29,PC,MOB,7166.0
2024-06-29,PC,INS,22183.0
2024-06-29,PC,OTR,2018.0
2024-06-30,PC,ENE,46287.0
2024-06-30,PC,MOB,6984.0
2024-06-30,PC,INS,23093.0
2024-06-30,PC,OTR,1536.0
2024-07-01,PC,ENE,40188.0
2024-07-01,PC,MOB,7136.0
2024-07-01,PC,INS,24750.0
2024-07-01,PC,OTR,1794.0
2024-07-02,PC,ENE,49275.0
2024-07-02,PC,MOB,7425.0
2024-07-02,PC,INS,23245.0
2024-07-02,PC,OTR,1536.0
2024-07-03,PC,ENE,41289.0
2024-07-03,PC,MOB,7366.0
2024-07-03,PC,INS,27914.0
2024-07-03,PC,OTR,2176.0
2024-07-04,PC,ENE,46082.0
2024-07-04,PC,MOB,6949.0
2024-07-04,PC,INS,29989.0
2024-07-04,PC,OTR,2621.0
2024-07-05,PC,ENE,36781.0
2024-07-05,PC,MOB,7307.0
2024-07-05,PC,INS,21677.0
2024-07-05,PC,OTR,2053.0
2024-07-06,PC,ENE,39037.0
2024-07-06,PC,MOB,7368.0
2024-07-06,PC,INS,22104.0
2024-07-06,PC,OTR,2675.0
2024-07-07,PC,ENE,45180.0
2024-07-07,PC,MOB,7210.0
2024-07-07,PC,INS,22291.0
2024-07-07,PC,OTR,2933.0
2024-07-08,PC,ENE,46443.0
2024-07-08,PC,MOB,7457.0
2024-07-08,PC,INS,16103.0
2024-07-08,PC,OTR,3153.0
2024-07-09,PC,ENE,48979.0
2024-07-09,PC,MOB,6994.0
2024-07-09,PC,INS,19078.0
2024-07-09,PC,OTR,2551.0
2024-07-10,PC,ENE,45207.0
2024-07-10,PC,MOB,7045.0
2024-07-10,PC,INS,23267.0
2024-07-10,PC,OTR,3466.0
2024-07-11,PC,ENE,42202.0
2024-07-11,PC,MOB,7310.0
2024-07-11,PC,INS,21015.0
2024-07-11,PC,OTR,3405.0
2024-07-12,PC,ENE,39394.0
2024-07-12,PC,MOB,7486.0
2024-07-12,PC,INS,23910.0
2024-07-12,PC,OTR,2327.0
2024-07-13,PC,ENE,39848.0
2024-07-13,PC,MOB,7238.0
2024-07-13,PC,INS,25624.0
2024-07-13,PC,OTR,3350.0
2024-07-14,PC,ENE,44271.0
2024-07-14,PC,MOB,7090.0
2024-07-14,PC,INS,24050.0
2024-07-14,PC,OTR,3126.0
2024-07-15,PC,ENE,45067.0
2024-07-15,PC,MOB,7248.0
2024-07-15,PC,INS,26999.0
2024-07-15,PC,OTR,3302.0
2024-07-16,PC,ENE,46660.0
2024-07-16,PC,MOB,7088.0
2024-07-16,PC,INS,29066.0
2024-07-16,PC,OTR,2154.0
2024-07-17,PC,ENE,48367.0
2024-07-17,PC,MOB,7112.0
2024-07-17,PC,INS,28476.0
2024-07-17,PC,OTR,2680.0
2024-07-18,PC,ENE,42799.0
2024-07-18,PC,MOB,7190.0
2024-07-18,PC,INS,25032.0
2024-07-18,PC,OTR,2490.0
2024-07-19,PC,ENE,48650.0
2024-07-19,PC,MOB,6862.0
2024-07-19,PC,INS,26590.0
2024-07-19,PC,OTR,2778.0
2024-07-20,PC,ENE,46286.0
2024-07-20,PC,MOB,7357.0
2024-07-20,PC,INS,27460.0
2024-07-20,PC,OTR,3439.0
2024-07-21,PC,ENE,43728.0
2024-07-21,PC,MOB,7183.0
2024-07-21,PC,INS,27690.0
2024-07-21,PC,OTR,1610.0
2024-07-22,PC,ENE,44986.0
2024-07-22,PC,MOB,6861.0
2024-07-22,PC,INS,21614.0
2024-07-22,PC,OTR,3148.0
2024-07-23,PC,ENE,43411.0
2024-07-23,PC,MOB,7325.0
2024-07-23,PC,INS,19795.0
2024-07-23,PC,OTR,3070.0
2024-07-24,PC,ENE,39660.0
2024-07-24,PC,MOB,7257.0
2024-07-24,PC,INS,28351.0
2024-07-24,PC,OTR,2340.0
2024-07-25,PC,ENE,41056.0
2024-07-25,PC,MOB,7053.0
2024-07-25,PC,INS,28662.0
2024-07-25,PC,OTR,3356.0
2024-07-26,PC,ENE,40991.0
2024-07-26,PC,MOB,7635.0
2024-07-26,PC,INS,24827.0
2024-07-26,PC,OTR,2051.0
2024-07-27,PC,ENE,39551.0
2024-07-27,PC,MOB,7507.0
2024-07-27,PC,INS,25748.0
2024-07-27,PC,OTR,3013.0
2024-07-28,PC,ENE,39520.0
2024-07-28,PC,MOB,6991.0
2024-07-28,PC,INS,16356.0
2024-07-28,PC,OTR,2578.0
2024-07-29,PC,ENE,40046.0
2024-07-29,PC,MOB,7236.0
2024-07-29,PC,INS,22048.0
2024-07-29,PC,OTR,2448.0
2024-07-30,PC,ENE,44560.0
2024-07-30,PC,MOB,7311.0
2024-07-30,PC,INS,24359.0
2024-07-30,PC,OTR,2033.0
2024-07-31,PC,ENE,39947.0
2024-07-31,PC,MOB,7032.0
2024-07-31,PC,INS,25206.0
2024-07-31,PC,OTR,1733.0
2024-08-01,PC,ENE,48967.0
2024-08-01,PC,MOB,7235.0
2024-08-01,PC,INS,25152.0
2024-08-01,PC,OTR,2695.0
2024-08-02,PC,ENE,40429.0
2024-08-02,PC,MOB,7250.0
2024-08-02,PC,INS,24572.0
2024-08-02,PC,OTR,2933.0
2024-08-03,PC,ENE,44733.0
2024-08-03,PC,MOB,7154.0
2024-08-03,PC,INS,20730.0
2024-08-03,PC,OTR,3242.0
2024-08-04,PC,ENE,42317.0
2024-08-04,PC,MOB,7095.0
2024-08-04,PC,INS,28656.0
2024-08-04,PC,OTR,3367.0
2024-08-05,PC,ENE,46545.0
2024-08-05,PC,MOB,7156.0
2024-08-05,PC,INS,25653.0
2024-08-05,PC,OTR,3187.0
2024-08-06,PC,ENE,47136.0
2024-08-06,PC,MOB,7460.0
2024-08-06,PC,INS,30219.0
2024-08-06,PC,OTR,3422.0
2024-08-07,PC,ENE,41781.0
2024-08-07,PC,MOB,7015.0
2024-08-07,PC,INS,20262.0
2024-08-07,PC,OTR,2260.0
2024-08-08,PC,ENE,50229.0
2024-08-08,PC,MOB,7254.0
2024-08-08,PC,INS,26257.0
2024-08-08,PC,OTR,2671.0
2024-08-09,PC,ENE,40465.0
2024-08-09,PC,MOB,6975.0
2024-08-09,PC,INS,19798.0
2024-08-09,PC,OTR,3084.0
2024-08-10,PC,ENE,34860.0
2024-08-10,PC,MOB,7115.0
2024-08-10,PC,INS,20840.0
2024-08-10,PC,OTR,3042.0
2024-08-11,PC,ENE,42550.0
2024-08-11,PC,MOB,7132.0
2024-08-11,PC,INS,22971.0
2024-08-11,PC,OTR,3139.0
2024-08-12,PC,ENE,43703.0
2024-08-12,PC,MOB,7202.0
2024-08-12,PC,INS,25284.0
2024-08-12,PC,OTR,2267.0
2024-08-13,PC,ENE,43299.0
2024-08-13,PC,MOB,7008.0
2024-08-13,PC,INS,25057.0
2024-08-13,PC,OTR,1593.0
2024-08-14,PC,ENE,39375.0
2024-08-14,PC,MOB,7305.0
2024-08-14,PC,INS,17177.0
2024-08-14,PC,OTR,1655.0
2024-08-15,PC,ENE,46620.0
2024-08-15,PC,MOB,7229.0
2024-08-15,PC,INS,20744.0
2024-08-15,PC,OTR,3460.0
2024-08-16,PC,ENE,39007.0
2024-08-16,PC,MOB,7143.0
2024-08-16,PC,INS,22934.0
2024-08-16,PC,OTR,2950.0
2024-08-17,PC,ENE,45277.0
2024-08-17,PC,MOB,7107.0
2024-08-17,PC,INS,22306.0
2024-08-17,PC,OTR,2662.0
2024-08-18,PC,ENE,35775.0
2024-08-18,PC,MOB,7312.0
2024-08-18,PC,INS,9252.0
2024-08-18,PC,OTR,2505.0
2024-08-19,PC,ENE,40342.0
2024-08-19,PC,MOB,7124.0
2024-08-19,PC,INS,25948.0
2024-08-19,PC,OTR,1927.0
2024-08-20,PC,ENE,37828.0
2024-08-20,PC,MOB,7089.0
2024-08-20,PC,INS,13484.0
2024-08-20,PC,OTR,2093.0
2024-08-21,PC,ENE,42397.0
2024-08-21,PC,MOB,7446.0
2024-08-21,PC,INS,25170.0
2024-08-21,PC,OTR,2902.0
2024-08-22,PC,ENE,43926.0
2024-08-22,PC,MOB,6902.0
2024-08-22,PC,INS,21439.0
2024-08-22,PC,OTR,3323.0
2024-08-23,PC,ENE,48242.0
2024-08-23,PC,MOB,7424.0
2024-08-23,PC,INS,19431.0
2024-08-23,PC,OTR,2039.0
2024-08-24,PC,ENE,41644.0
2024-08-24,PC,MOB,7398.0
2024-08-24,PC,INS,26552.0
2024-08-24,PC,OTR,1892.0
2024-08-25,PC,ENE,49886.0
2024-08-25,PC,MOB,7272.0
2024-08-25,PC,INS,23903.0
2024-08-25,PC,OTR,2092.0
2024-08-26,PC,ENE,50228.0
2024-08-26,PC,MOB,7274.0
2024-08-26,PC,INS,24792.0
2024-08-26,PC,OTR,2463.0
2024-08-27,PC,ENE,41129.0
2024-08-27,PC,MOB,7229.0
2024-08-27,PC,INS,26389.0
2024-08-27,PC,OTR,2570.0
2024-08-28,PC,ENE,41584.0
2024-08-28,PC,MOB,7503.0
2024-08-28,PC,INS,21191.0
2024-08-28,PC,OTR,2911.0
2024-08-29,PC,ENE,46390.0
2024-08-29,PC,MOB,7500.0
2024-08-29,PC,INS,17109.0
2024-08-29,PC,OTR,2831.0
2024-08-30,PC,ENE,44301.0
2024-08-30,PC,MOB,7112.0
2024-08-30,PC,INS,21471.0
2024-08-30,PC,OTR,2459.0
2024-08-31,PC,ENE,38214.0
2024-08-31,PC,MOB,7277.0
2024-08-31,PC,INS,23001.0
2024-08-31,PC,OTR,3043.0
2024-09-01,PC,ENE,42019.0
2024-09-01,PC,MOB,7167.0
2024-09-01,PC,INS,27227.0
2024-09-01,PC,OTR,2161.0
2024-09-02,PC,ENE,42539.0
2024-09-02,PC,MOB,7021.0
2024-09-02,PC,INS,24662.0
2024-09-02,PC,OTR,2776.0
2024-09-03,PC,ENE,44628.0
2024-09-03,PC,MOB,7300.0
2024-09-03,PC,INS,23930.0
2024-09-03,PC,OTR,1609.0
2024-09-04,PC,ENE,42931.0
2024-09-04,PC,MOB,7165.0
2024-09-04,PC,INS,28456.0
2024-09-04,PC,OTR,3391.0
2024-09-05,PC,ENE,50434.0
2024-09-05,PC,MOB,7315.0
2024-09-05,PC,INS,21006.0
2024-09-05,PC,OTR,1696.0
2024-09-06,PC,ENE,45710.0
2024-09-06,PC,MOB,7246.0
2024-09-06,PC,INS,23590.0
2024-09-06,PC,OTR,3388.0
2024-09-07,PC,ENE,47194.0
2024-09-07,PC,MOB,7134.0
2024-09-07,PC,INS,23940.0
2024-09-07,PC,OTR,1518.0
2024-09-08,PC,ENE,47054.0
2024-09-08,PC,MOB,7061.0
2024-09-08,PC,INS,22327.0
2024-09-08,PC,OTR,3081.0
2024-09-09,PC,ENE,41139.0
2024-09-09,PC,MOB,7304.0
2024-09-09,PC,INS,26982.0
2024-09-09,PC,OTR,1695.0
2024-09-10,PC,ENE,44627.0
2024-09-10,PC,MOB,7377.0
2024-09-10,PC,INS,22240.0
2024-09-10,PC,OTR,2010.0
2024-09-11,PC,ENE,45577.0
2024-09-11,PC,MOB,7385.0
2024-09-11,PC,INS,24057.0
2024-09-11,PC,OTR,3189.0
2024-09-12,PC,ENE,41616.0
2024-09-12,PC,MOB,7436.0
2024-09-12,PC,INS,21719.0
2024-09-12,PC,OTR,2578.0
2024-09-13,PC,ENE,44991.0
2024-09-13,PC,MOB,7273.0
2024-09-13,PC,INS,24849.0
2024-09-13,PC,OTR,2176.0
2024-09-14,PC,ENE,50792.0
2024-09-14,PC,MOB,7272.0
2024-09-14,PC,INS,14769.0
2024-09-14,PC,OTR,1755.0
2024-09-15,PC,ENE,42601.0
2024-09-15,PC,MOB,7307.0
2024-09-15,PC,INS,26740.0
2024-09-15,PC,OTR,2930.0
2024-09-16,PC,ENE,44462.0
2024-09-16,PC,MOB,6941.0
2024-09-16,PC,INS,19550.0
2024-09-16,PC,OTR,3273.0
2024-09-17,PC,ENE,50359.0
2024-09-17,PC,MOB,7220.0
2024-09-17,PC,INS,24026.0
2024-09-17,PC,OTR,1687.0
2024-09-18,PC,ENE,45416.0
2024-09-18,PC,MOB,7169.0
2024-09-18,PC,INS,22320.0
2024-09-18,PC,OTR,2148.0
2024-09-19,PC,ENE,45253.0
2024-09-19,PC,MOB,6992.0
2024-09-19,PC,INS,24736.0
2024-09-19,PC,OTR,2492.0
2024-09-20,PC,ENE,41476.0
2024-09-20,PC,MOB,7096.0
2024-09-20,PC,INS,23259.0
2024-09-20,PC,OTR,2500.0
2024-09-21,PC,ENE,47651.0
2024-09-21,PC,MOB,7038.0
2024-09-21,PC,INS,25168.0
2024-09-21,PC,OTR,2153.0
2024-09-22,PC,ENE,42118.0
2024-09-22,PC,MOB,7300.0
2024-09-22,PC,INS,22353.0
2024-09-22,PC,OTR,2205.0
2024-09-23,PC,ENE,39666.0
2024-09-23,PC,MOB,7131.0
2024-09-23,PC,INS,20437.0
2024-09-23,PC,OTR,3421.0
2024-09-24,PC,ENE,48089.0
2024-09-24,PC,MOB,7202.0
2024-09-24,PC,INS,21385.0
2024-09-24,PC,OTR,2506.0
2024-09-25,PC,ENE,49763.0
2024-09-25,PC,MOB,7078.0
2024-09-25,PC,INS,25461.0
2024-09-25,PC,OTR,1620.0
2024-09-26,PC,ENE,37262.0
2024-09-26,PC,MOB,7179.0
2024-09-26,PC,INS,29827.0
2024-09-26,PC,OTR,2712.0
2024-09-27,PC,ENE,49698.0
2024-09-27,PC,MOB,6987.0
2024-09-27,PC,INS,27775.0
2024-09-27,PC,OTR,3273.0
2024-09-28,PC,ENE,44569.0
2024-09-28,PC,MOB,7158.0
2024-09-28,PC,INS,22996.0
2024-09-28,PC,OTR,2550.0
2024-09-29,PC,ENE,42674.0
2024-09-29,PC,MOB,7296.0
2024-09-29,PC,INS,9452.0
2024-09-29,PC,OTR,1867.0
2024-09-30,PC,ENE,46486.0
2024-09-30,PC,MOB,7374.0
2024-09-30,PC,INS,27021.0
2024-09-30,PC,OTR,1898.0
2024-10-01,PC,ENE,44257.0
2024-10-01,PC,MOB,7091.0
2024-10-01,PC,INS,25991.0
2024-10-01,PC,OTR,3345.0
2024-10-02,PC,ENE,47273.0
2024-10-02,PC,MOB,7363.0
2024-10-02,PC,INS,25888.0
2024-10-02,PC,OTR,3053.0
2024-10-03,PC,ENE,49915.0
2024-10-03,PC,MOB,7686.0
2024-10-03,PC,INS,29668.0
2024-10-03,PC,OTR,3488.0
2024-10-04,PC,ENE,41733.0
2024-10-04,PC,MOB,7049.0
2024-10-04,PC,INS,23046.0
2024-10-04,PC,OTR,1590.0
2024-10-05,PC,ENE,45905.0
2024-10-05,PC,MOB,7004.0
2024-10-05,PC,INS,20412.0
2024-10-05,PC,OTR,2036.0
2024-10-06,PC,ENE,44534.0
2024-10-06,PC,MOB,7299.0
2024-10-06,PC,INS,24374.0
2024-10-06,PC,OTR,2224.0
2024-10-07,PC,ENE,42545.0
2024-10-07,PC,MOB,7334.0
2024-10-07,PC,INS,23746.0
2024-10-07,PC,OTR,2868.0
2024-10-08,PC,ENE,44237.0
2024-10-08,PC,MOB,7083.0
2024-10-08,PC,INS,20226.0
2024-10-08,PC,OTR,2098.0
2024-10-09,PC,ENE,49399.0
2024-10-09,PC,MOB,7345.0
2024-10-09,PC,INS,21755.0
2024-10-09,PC,OTR,2738.0
2024-10-10,PC,ENE,47806.0
2024-10-10,PC,MOB,7355.0
2024-10-10,PC,INS,26514.0
2024-10-10,PC,OTR,3062.0
2024-10-11,PC,ENE,47879.0
2024-10-11,PC,MOB,7311.0
2024-10-11,PC,INS,27560.0
2024-10-11,PC,OTR,2907.0
2024-10-12,PC,ENE,47844.0
2024-10-12,PC,MOB,7216.0
2024-10-12,PC,INS,27441.0
2024-10-12,PC,OTR,3320.0
2024-10-13,PC,ENE,47712.0
2024-10-13,PC,MOB,6994.0
2024-10-13,PC,INS,23399.0
2024-10-13,PC,OTR,1827.0
2024-10-14,PC,ENE,43905.0
2024-10-14,PC,MOB,7365.0
2024-10-14,PC,INS,11530.0
2024-10-14,PC,OTR,2443.0
2024-10-15,PC,ENE,43913.0
2024-10-15,PC,MOB,7287.0
2024-10-15,PC,INS,25805.0
2024-10-15,PC,OTR,1521.0
2024-10-16,PC,ENE,43256.0
2024-10-16,PC,MOB,7231.0
2024-10-16,PC,INS,24633.0
2024-10-16,PC,OTR,2430.0
2024-10-17,PC,ENE,45778.0
2024-10-17,PC,MOB,7243.0
2024-10-17,PC,INS,27592.0
2024-10-17,PC,OTR,3491.0
2024-10-18,PC,ENE,46673.0
2024-10-18,PC,MOB,7175.0
2024-10-18,PC,INS,24429.0
2024-10-18,PC,OTR,2543.0
2024-10-19,PC,ENE,42502.0
2024-10-19,PC,MOB,7320.0
2024-10-19,PC,INS,28334.0
2024-10-19,PC,OTR,2987.0
2024-10-20,PC,ENE,47322.0
2024-10-20,PC,MOB,7186.0
2024-10-20,PC,INS,27912.0
2024-10-20,PC,OTR,3030.0
2024-10-21,PC,ENE,48825.0
2024-10-21,PC,MOB,7312.0
2024-10-21,PC,INS,26503.0
2024-10-21,PC,OTR,1767.0
2024-10-22,PC,ENE,46455.0
2024-10-22,PC,MOB,7391.0
2024-10-22,PC,INS,27372.0
2024-10-22,PC,OTR,1877.0
2024-10-23,PC,ENE,48594.0
2024-10-23,PC,MOB,7368.0
2024-10-23,PC,INS,19640.0
2024-10-23,PC,OTR,2145.0
2024-10-24,PC,ENE,41887.0
2024-10-24,PC,MOB,7455.0
2024-10-24,PC,INS,9623.0
2024-10-24,PC,OTR,2131.0
2024-10-25,PC,ENE,46899.0
2024-10-25,PC,MOB,7126.0
2024-10-25,PC,INS,22048.0
2024-10-25,PC,OTR,3201.0
2024-10-26,PC,ENE,50846.0
2024-10-26,PC,MOB,7089.0
2024-10-26,PC,INS,23182.0
2024-10-26,PC,OTR,2156.0
2024-10-27,PC,ENE,38370.0
2024-10-27,PC,MOB,7330.0
2024-10-27,PC,INS,26821.0
2024-10-27,PC,OTR,2727.0
2024-10-28,PC,ENE,44788.0
2024-10-28,PC,MOB,7036.0
2024-10-28,PC,INS,24366.0
2024-10-28,PC,OTR,1816.0
2024-10-29,PC,ENE,40538.0
2024-10-29,PC,MOB,7108.0
2024-10-29,PC,INS,24732.0
2024-10-29,PC,OTR,3148.0
2024-10-30,PC,ENE,44676.0
2024-10-30,PC,MOB,7271.0
2024-10-30,PC,INS,26727.0
2024-10-30,PC,OTR,2616.0
2024-10-31,PC,ENE,41228.0
2024-10-31,PC,MOB,7320.0
2024-10-31,PC,INS,23635.0
2024-10-31,PC,OTR,2696.0
2024-11-01,PC,ENE,46156.0
2024-11-01,PC,MOB,7102.0
2024-11-01,PC,INS,24740.0
2024-11-01,PC,OTR,2416.0
2024-11-02,PC,ENE,50320.0
2024-11-02,PC,MOB,7317.0
2024-11-02,PC,INS,25239.0
2024-11-02,PC,OTR,1832.0
2024-11-03,PC,ENE,52342.0
2024-11-03,PC,MOB,6942.0
2024-11-03,PC,INS,26877.0
2024-11-03,PC,OTR,2072.0
2024-11-04,PC,ENE,48165.0
2024-11-04,PC,MOB,7138.0
2024-11-04,PC,INS,22506.0
2024-11-04,PC,OTR,2718.0
2024-11-05,PC,ENE,52369.0
2024-11-05,PC,MOB,7116.0
2024-11-05,PC,INS,29326.0
2024-11-05,PC,OTR,2585.0
2024-11-06,PC,ENE,45639.0
2024-11-06,PC,MOB,7307.0
2024-11-06,PC,INS,27000.0
2024-11-06,PC,OTR,1624.0
2024-11-07,PC,ENE,43142.0
2024-11-07,PC,MOB,7397.0
2024-11-07,PC,INS,28335.0
2024-11-07,PC,OTR,1602.0
2024-11-08,PC,ENE,50585.0
2024-11-08,PC,MOB,7035.0
2024-11-08,PC,INS,27822.0
2024-11-08,PC,OTR,3321.0
2024-11-09,PC,ENE,39970.0
2024-11-09,PC,MOB,6951.0
2024-11-09,PC,INS,26826.0
2024-11-09,PC,OTR,2880.0
2024-11-10,PC,ENE,51251.0
2024-11-10,PC,MOB,7326.0
2024-11-10,PC,INS,23372.0
2024-11-10,PC,OTR,1816.0
2024-11-11,PC,ENE,47577.0
2024-11-11,PC,MOB,7429.0
2024-11-11,PC,INS,30132.0
2024-11-11,PC,OTR,3294.0
2024-11-12,PC,ENE,42148.0
2024-11-12,PC,MOB,7103.0
2024-11-12,PC,INS,23376.0
2024-11-12,PC,OTR,2493.0
2024-11-13,PC,ENE,45852.0
2024-11-13,PC,MOB,7209.0
2024-11-13,PC,INS,24602.0
2024-11-13,PC,OTR,2273.0
2024-11-14,PC,ENE,44266.0
2024-11-14,PC,MOB,7345.0
2024-11-14,PC,INS,22944.0
2024-11-14,PC,OTR,1573.0
2024-11-15,PC,ENE,41654.0
2024-11-15,PC,MOB,7060.0
2024-11-15,PC,INS,16934.0
2024-11-15,PC,OTR,2060.0
2024-11-16,PC,ENE,46907.0
2024-11-16,PC,MOB,7198.0
2024-11-16,PC,INS,28811.0
2024-11-16,PC,OTR,1774.0
2024-11-17,PC,ENE,45331.0
2024-11-17,PC,MOB,7146.0
2024-11-17,PC,INS,28294.0
2024-11-17,PC,OTR,2072.0
2024-11-18,PC,ENE,37002.0
2024-11-18,PC,MOB,7000.0
2024-11-18,PC,INS,27599.0
2024-11-18,PC,OTR,3004.0
2024-11-19,PC,ENE,51615.0
2024-11-19,PC,MOB,7307.0
2024-11-19,PC,INS,25285.0
2024-11-19,PC,OTR,2641.0
2024-11-20,PC,ENE,42355.0
2024-11-20,PC,MOB,6910.0
2024-11-20,PC,INS,24344.0
2024-11-20,PC,OTR,2561.0
2024-11-21,PC,ENE,37656.0
2024-11-21,PC,MOB,6863.0
2024-11-21,PC,INS,26899.0
2024-11-21,PC,OTR,1710.0
2024-11-22,PC,ENE,49881.0
2024-11-22,PC,MOB,7277.0
2024-11-22,PC,INS,24293.0
2024-11-22,PC,OTR,2162.0
2024-11-23,PC,ENE,40473.0
2024-11-23,PC,MOB,7324.0
2024-11-23,PC,INS,27358.0
2024-11-23,PC,OTR,2191.0
2024-11-24,PC,ENE,43462.0
2024-11-24,PC,MOB,7056.0
2024-11-24,PC,INS,28471.0
2024-11-24,PC,OTR,2779.0
2024-11-25,PC,ENE,45841.0
2024-11-25,PC,MOB,7404.0
2024-11-25,PC,INS,27770.0
2024-11-25,PC,OTR,2061.0
2024-11-26,PC,ENE,39734.0
2024-11-26,PC,MOB,7179.0
2024-11-26,PC,INS,28717.0
2024-11-26,PC,OTR,3147.0
2024-11-27,PC,ENE,52180.0
2024-11-27,PC,MOB,7413.0
2024-11-27,PC,INS,28526.0
2024-11-27,PC,OTR,3116.0
2024-11-28,PC,ENE,45625.0
2024-11-28,PC,MOB,7081.0
2024-11-28,PC,INS,26481.0
2024-11-28,PC,OTR,2570.0
2024-11-29,PC,ENE,52114.0
2024-11-29,PC,MOB,7290.0
2024-11-29,PC,INS,27581.0
2024-11-29,PC,OTR,3307.0
2024-11-30,PC,ENE,40731.0
2024-11-30,PC,MOB,7122.0
2024-11-30,PC,INS,23746.0
2024-11-30,PC,OTR,2119.0
2024-12-01,PC,ENE,39374.0
2024-12-01,PC,MOB,7064.0
2024-12-01,PC,INS,24281.0
2024-12-01,PC,OTR,3004.0
2024-12-02,PC,ENE,37856.0
2024-12-02,PC,MOB,7154.0
2024-12-02,PC,INS,19232.0
2024-12-02,PC,OTR,1657.0
2024-12-03,PC,ENE,41395.0
2024-12-03,PC,MOB,7101.0
2024-12-03,PC,INS,16431.0
2024-12-03,PC,OTR,1886.0
2024-12-04,PC,ENE,47995.0
2024-12-04,PC,MOB,7237.0
2024-12-04,PC,INS,31444.0
2024-12-04,PC,OTR,2751.0
2024-12-05,PC,ENE,52664.0
2024-12-05,PC,MOB,7168.0
2024-12-05,PC,INS,20981.0
2024-12-05,PC,OTR,1656.0
2024-12-06,PC,ENE,52526.0
2024-12-06,PC,MOB,7059.0
2024-12-06,PC,INS,22755.0
2024-12-06,PC,OTR,3057.0
2024-12-07,PC,ENE,41620.0
2024-12-07,PC,MOB,7332.0
2024-12-07,PC,INS,28181.0
2024-12-07,PC,OTR,2183.0
2024-12-08,PC,ENE,43025.0
2024-12-08,PC,MOB,7367.0
2024-12-08,PC,INS,22954.0
2024-12-08,PC,OTR,2437.0
2024-12-09,PC,ENE,39790.0
2024-12-09,PC,MOB,7310.0
2024-12-09,PC,INS,27805.0
2024-12-09,PC,OTR,2774.0
2024-12-10,PC,ENE,43672.0
2024-12-10,PC,MOB,7521.0
2024-12-10,PC,INS,30582.0
2024-12-10,PC,OTR,2430.0
2024-12-11,PC,ENE,45834.0
2024-12-11,PC,MOB,7150.0
2024-12-11,PC,INS,19803.0
2024-12-11,PC,OTR,1862.0
2024-12-12,PC,ENE,41925.0
2024-12-12,PC,MOB,7462.0
2024-12-12,PC,INS,25110.0
2024-12-12,PC,OTR,3347.0
2024-12-13,PC,ENE,34437.0
2024-12-13,PC,MOB,7446.0
2024-12-13,PC,INS,20076.0
2024-12-13,PC,OTR,2877.0
2024-12-14,PC,ENE,40104.0
2024-12-14,PC,MOB,7222.0
2024-12-14,PC,INS,22430.0
2024-12-14,PC,OTR,1556.0
2024-12-15,PC,ENE,39635.0
2024-12-15,PC,MOB,7034.0
2024-12-15,PC,INS,31281.0
2024-12-15,PC,OTR,2055.0
2024-12-16,PC,ENE,52324.0
2024-12-16,PC,MOB,7426.0
2024-12-16,PC,INS,25631.0
2024-12-16,PC,OTR,3000.0
2024-12-17,PC,ENE,44406.0
2024-12-17,PC,MOB,6973.0
2024-12-17,PC,INS,20895.0
2024-12-17,PC,OTR,2944.0
2024-12-18,PC,ENE,41995.0
2024-12-18,PC,MOB,7315.0
2024-12-18,PC,INS,25696.0
2024-12-18,PC,OTR,2916.0
2024-12-19,PC,ENE,47325.0
2024-12-19,PC,MOB,7081.0
2024-12-19,PC,INS,27157.0
2024-12-19,PC,OTR,2904.0
2024-12-20,PC,ENE,45738.0
2024-12-20,PC,MOB,7303.0
2024-12-20,PC,INS,24791.0
2024-12-20,PC,OTR,2020.0
2024-12-21,PC,ENE,42273.0
2024-12-21,PC,MOB,7293.0
2024-12-21,PC,INS,24016.0
2024-12-21,PC,OTR,1941.0
2024-12-22,PC,ENE,45185.0
2024-12-22,PC,MOB,7186.0
2024-12-22,PC,INS,23014.0
2024-12-22,PC,OTR,2560.0
2024-12-23,PC,ENE,46180.0
2024-12-23,PC,MOB,7176.0
2024-12-23,PC,INS,20877.0
2024-12-23,PC,OTR,2767.0
2024-12-24,PC,ENE,46464.0
2024-12-24,PC,MOB,7169.0
2024-12-24,PC,INS,13615.0
2024-12-24,PC,OTR,2755.0
2024-12-25,PC,ENE,49326.0
2024-12-25,PC,MOB,7443.0
2024-12-25,PC,INS,17113.0
2024-12-25,PC,OTR,2405.0
2024-12-26,PC,ENE,46413.0
2024-12-26,PC,MOB,7424.0
2024-12-26,PC,INS,31160.0
2024-12-26,PC,OTR,1911.0
2024-12-27,PC,ENE,44683.0
2024-12-27,PC,MOB,7431.0
2024-12-27,PC,INS,29813.0
2024-12-27,PC,OTR,1803.0
2024-12-28,PC,ENE,41946.0
2024-12-28,PC,MOB,7143.0
2024-12-28,PC,INS,29527.0
2024-12-28,PC,OTR,2522.0
2024-12-29,PC,ENE,51897.0
2024-12-29,PC,MOB,7181.0
2024-12-29,PC,INS,23250.0
2024-12-29,PC,OTR,2159.0
2024-12-30,PC,ENE,44273.0
2024-12-30,PC,MOB,7144.0
2024-12-30,PC,INS,28431.0
2024-12-30,PC,OTR,2520.0
2024-12-31,PC,ENE,46564.0
2024-12-31,PC,MOB,7219.0
2024-12-31,PC,INS,30688.0
2024-12-31,PC,OTR,1770.0
2025-01-01,PC,ENE,39190.0
2025-01-01,PC,MOB,7129.0
2025-01-01,PC,INS,17453.0
2025-01-01,PC,OTR,3434.0
2025-01-02,PC,ENE,39404.0
2025-01-02,PC,MOB,6971.0
2025-01-02,PC,INS,27504.0
2025-01-02,PC,OTR,2455.0
2025-01-03,PC,ENE,40256.0
2025-01-03,PC,MOB,6865.0
2025-01-03,PC,INS,19846.0
2025-01-03,PC,OTR,1817.0
2025-01-04,PC,ENE,40254.0
2025-01-04,PC,MOB,7191.0
2025-01-04,PC,INS,20569.0
2025-01-04,PC,OTR,1692.0
2025-01-05,PC,ENE,41603.0
2025-01-05,PC,MOB,7182.0
2025-01-05,PC,INS,23388.0
2025-01-05,PC,OTR,2191.0
2025-01-06,PC,ENE,42828.0
2025-01-06,PC,MOB,7435.0
2025-01-06,PC,INS,26785.0
2025-01-06,PC,OTR,3260.0
2025-01-07,PC,ENE,47344.0
2025-01-07,PC,MOB,7008.0
2025-01-07,PC,INS,26365.0
2025-01-07,PC,OTR,2404.0
2025-01-08,PC,ENE,49339.0
2025-01-08,PC,MOB,7107.0
2025-01-08,PC,INS,20328.0
2025-01-08,PC,OTR,2475.0
2025-01-09,PC,ENE,41457.0
2025-01-09,PC,MOB,7055.0
2025-01-09,PC,INS,21263.0
2025-01-09,PC,OTR,2880.0
2025-01-10,PC,ENE,48423.0
2025-01-10,PC,MOB,7055.0
2025-01-10,PC,INS,18863.0
2025-01-10,PC,OTR,2450.0
2025-01-11,PC,ENE,36121.0
2025-01-11,PC,MOB,7188.0
2025-01-11,PC,INS,21840.0
2025-01-11,PC,OTR,2267.0
2025-01-12,PC,ENE,43984.0
2025-01-12,PC,MOB,7030.0
2025-01-12,PC,INS,25047.0
2025-01-12,PC,OTR,3396.0
2025-01-13,PC,ENE,43777.0
2025-01-13,PC,MOB,7097.0
2025-01-13,PC,INS,23334.0
2025-01-13,PC,OTR,3329.0
2025-01-14,PC,ENE,38763.0
2025-01-14,PC,MOB,6999.0
2025-01-14,PC,INS,16323.0
2025-01-14,PC,OTR,1906.0
2025-01-15,PC,ENE,38298.0
2025-01-15,PC,MOB,7146.0
2025-01-15,PC,INS,23237.0
2025-01-15,PC,OTR,2912.0
2025-01-16,PC,ENE,45935.0
2025-01-16,PC,MOB,7200.0
2025-01-16,PC,INS,22801.0
2025-01-16,PC,OTR,2878.0
2025-01-17,PC,ENE,47258.0
2025-01-17,PC,MOB,7023.0
2025-01-17,PC,INS,22613.0
2025-01-17,PC,OTR,2110.0
2025-01-18,PC,ENE,46498.0
2025-01-18,PC,MOB,6996.0
2025-01-18,PC,INS,22718.0
2025-01-18,PC,OTR,2066.0
2025-01-19,PC,ENE,47146.0
2025-01-19,PC,MOB,7177.0
2025-01-19,PC,INS,23018.0
2025-01-19,PC,OTR,1778.0
2025-01-20,PC,ENE,41438.0
2025-01-20,PC,MOB,7088.0
2025-01-20,PC,INS,18840.0
2025-01-20,PC,OTR,1742.0
2025-01-21,PC,ENE,48776.0
2025-01-21,PC,MOB,7320.0
2025-01-21,PC,INS,23280.0
2025-01-21,PC,OTR,3106.0
2025-01-22,PC,ENE,45905.0
2025-01-22,PC,MOB,7295.0
2025-01-22,PC,INS,21986.0
2025-01-22,PC,OTR,3089.0
2025-01-23,PC,ENE,38047.0
2025-01-23,PC,MOB,7014.0
2025-01-23,PC,INS,20421.0
2025-01-23,PC,OTR,2525.0
2025-01-24,PC,ENE,38191.0
2025-01-24,PC,MOB,7392.0
2025-01-24,PC,INS,23897.0
2025-01-24,PC,OTR,3091.0
2025-01-25,PC,ENE,39211.0
2025-01-25,PC,MOB,7200.0
2025-01-25,PC,INS,21860.0
2025-01-25,PC,OTR,2497.0
2025-01-26,PC,ENE,44776.0
2025-01-26,PC,MOB,7038.0
2025-01-26,PC,INS,19884.0
2025-01-26,PC,OTR,3064.0
2025-01-27,PC,ENE,46325.0
2025-01-27,PC,MOB,7080.0
2025-01-27,PC,INS,24142.0
2025-01-27,PC,OTR,1699.0
2025-01-28,PC,ENE,47170.0
2025-01-28,PC,MOB,7214.0
2025-01-28,PC,INS,21679.0
2025-01-28,PC,OTR,2446.0
2025-01-29,PC,ENE,39747.0
2025-01-29,PC,MOB,7130.0
2025-01-29,PC,INS,21876.0
2025-01-29,PC,OTR,2194.0
2025-01-30,PC,ENE,38240.0
2025-01-30,PC,MOB,6985.0
2025-01-30,PC,INS,24020.0
2025-01-30,PC,OTR,2562.0
2025-01-31,PC,ENE,45425.0
2025-01-31,PC,MOB,7227.0
2025-01-31,PC,INS,26035.0
2025-01-31,PC,OTR,1731.0
2025-02-01,PC,ENE,37350.0
2025-02-01,PC,MOB,7288.0
2025-02-01,PC,INS,20411.0
2025-02-01,PC,OTR,1822.0
2025-02-02,PC,ENE,39845.0
2025-02-02,PC,MOB,7206.0
2025-02-02,PC,INS,25711.0
2025-02-02,PC,OTR,2378.0
2025-02-03,PC,ENE,43689.0
2025-02-03,PC,MOB,7173.0
2025-02-03,PC,INS,17314.0
2025-02-03,PC,OTR,3231.0
2025-02-04,PC,ENE,43993.0
2025-02-04,PC,MOB,6930.0
2025-02-04,PC,INS,19961.0
2025-02-04,PC,OTR,2642.0
2025-02-05,PC,ENE,45753.0
2025-02-05,PC,MOB,7007.0
2025-02-05,PC,INS,18450.0
2025-02-05,PC,OTR,1938.0
2025-02-06,PC,ENE,39402.0
2025-02-06,PC,MOB,6944.0
2025-02-06,PC,INS,19803.0
2025-02-06,PC,OTR,1758.0
2025-02-07,PC,ENE,38763.0
2025-02-07,PC,MOB,7004.0
2025-02-07,PC,INS,23491.0
2025-02-07,PC,OTR,1961.0
2025-02-08,PC,ENE,47381.0
2025-02-08,PC,MOB,7387.0
2025-02-08,PC,INS,18061.0
2025-02-08,PC,OTR,2385.0
2025-02-09,PC,ENE,42492.0
2025-02-09,PC,MOB,7271.0
2025-02-09,PC,INS,23546.0
2025-02-09,PC,OTR,2038.0
2025-02-10,PC,ENE,42513.0
2025-02-10,PC,MOB,6909.0
2025-02-10,PC,INS,19981.0
2025-02-10,PC,OTR,3172.0
2025-02-11,PC,ENE,44484.0
2025-02-11,PC,MOB,7371.0
2025-02-11,PC,INS,20006.0
2025-02-11,PC,OTR,3076.0
2025-02-12,PC,ENE,40750.0
2025-02-12,PC,MOB,7206.0
2025-02-12,PC,INS,23556.0
2025-02-12,PC,OTR,2308.0
2025-02-13,PC,ENE,46989.0
2025-02-13,PC,MOB,7077.0
2025-02-13,PC,INS,17883.0
2025-02-13,PC,OTR,3141.0
2025-02-14,PC,ENE,45274.0
2025-02-14,PC,MOB,7338.0
2025-02-14,PC,INS,23826.0
2025-02-14,PC,OTR,2773.0
2025-02-15,PC,ENE,43088.0
2025-02-15,PC,MOB,6961.0
2025-02-15,PC,INS,23834.0
2025-02-15,PC,OTR,2257.0
2025-02-16,PC,ENE,39959.0
2025-02-16,PC,MOB,7120.0
2025-02-16,PC,INS,22105.0
2025-02-16,PC,OTR,1764.0
2025-02-17,PC,ENE,44620.0
2025-02-17,PC,MOB,7296.0
2025-02-17,PC,INS,19339.0
2025-02-17,PC,OTR,3200.0
2025-02-18,PC,ENE,47142.0
2025-02-18,PC,MOB,7450.0
2025-02-18,PC,INS,20423.0
2025-02-18,PC,OTR,2879.0
2025-02-19,PC,ENE,40224.0
2025-02-19,PC,MOB,6978.0
2025-02-19,PC,INS,23006.0
2025-02-19,PC,OTR,2605.0
2025-02-20,PC,ENE,41730.0
2025-02-20,PC,MOB,7498.0
2025-02-20,PC,INS,16085.0
2025-02-20,PC,OTR,2026.0
2025-02-21,PC,ENE,39009.0
2025-02-21,PC,MOB,7333.0
2025-02-21,PC,INS,22303.0
2025-02-21,PC,OTR,3416.0
2025-02-22,PC,ENE,39903.0
2025-02-22,PC,MOB,7201.0
2025-02-22,PC,INS,19455.0
2025-02-22,PC,OTR,2497.0
2025-02-23,PC,ENE,32458.0
2025-02-23,PC,MOB,7394.0
2025-02-23,PC,INS,23861.0
2025-02-23,PC,OTR,2711.0
2025-02-24,PC,ENE,39197.0
2025-02-24,PC,MOB,7019.0
2025-02-24,PC,INS,24605.0
2025-02-24,PC,OTR,2652.0
2025-02-25,PC,ENE,38714.0
2025-02-25,PC,MOB,7350.0
2025-02-25,PC,INS,23178.0
2025-02-25,PC,OTR,1540.0
2025-02-26,PC,ENE,42175.0
2025-02-26,PC,MOB,7148.0
2025-02-26,PC,INS,21543.0
2025-02-26,PC,OTR,2956.0
2025-02-27,PC,ENE,41128.0
2025-02-27,PC,MOB,7208.0
2025-02-27,PC,INS,28736.0
2025-02-27,PC,OTR,3177.0
2025-02-28,PC,ENE,41974.0
2025-02-28,PC,MOB,7258.0
2025-02-28,PC,INS,22775.0
2025-02-28,PC,OTR,2633.0
2025-03-01,PC,ENE,45989.0
2025-03-01,PC,MOB,7108.0
2025-03-01,PC,INS,24543.0
2025-03-01,PC,OTR,1517.0
2025-03-02,PC,ENE,40662.0
2025-03-02,PC,MOB,7181.0
2025-03-02,PC,INS,21630.0
2025-03-02,PC,OTR,3440.0
2025-03-03,PC,ENE,42047.0
2025-03-03,PC,MOB,7085.0
2025-03-03,PC,INS,30356.0
2025-03-03,PC,OTR,2712.0
2025-03-04,PC,ENE,43401.0
2025-03-04,PC,MOB,7026.0
2025-03-04,PC,INS,28787.0
2025-03-04,PC,OTR,2264.0
2025-03-05,PC,ENE,37009.0
2025-03-05,PC,MOB,6930.0
2025-03-05,PC,INS,22359.0
2025-03-05,PC,OTR,2428.0
2025-03-06,PC,ENE,45001.0
2025-03-06,PC,MOB,7158.0
2025-03-06,PC,INS,30336.0
2025-03-06,PC,OTR,3364.0
2025-03-07,PC,ENE,44524.0
2025-03-07,PC,MOB,7111.0
2025-03-07,PC,INS,22230.0
2025-03-07,PC,OTR,1519.0
2025-03-08,PC,ENE,46033.0
2025-03-08,PC,MOB,7182.0
2025-03-08,PC,INS,22249.0
2025-03-08,PC,OTR,2316.0
2025-03-09,PC,ENE,46919.0
2025-03-09,PC,MOB,6913.0
2025-03-09,PC,INS,29951.0
2025-03-09,PC,OTR,2743.0
2025-03-10,PC,ENE,33510.0
2025-03-10,PC,MOB,7375.0
2025-03-10,PC,INS,16994.0
2025-03-10,PC,OTR,2340.0
2025-03-11,PC,ENE,47230.0
2025-03-11,PC,MOB,7023.0
2025-03-11,PC,INS,21019.0
2025-03-11,PC,OTR,1506.0
2025-03-12,PC,ENE,44919.0
2025-03-12,PC,MOB,7289.0
2025-03-12,PC,INS,21829.0
2025-03-12,PC,OTR,2443.0
2025-03-13,PC,ENE,43763.0
2025-03-13,PC,MOB,7137.0
2025-03-13,PC,INS,22118.0
2025-03-13,PC,OTR,1877.0
2025-03-14,PC,ENE,40123.0
2025-03-14,PC,MOB,7368.0
2025-03-14,PC,INS,20843.0
2025-03-14,PC,OTR,2305.0
2025-03-15,PC,ENE,39739.0
2025-03-15,PC,MOB,7204.0
2025-03-15,PC,INS,26059.0
2025-03-15,PC,OTR,3340.0
2025-03-16,PC,ENE,41714.0
2025-03-16,PC,MOB,7275.0
2025-03-16,PC,INS,25367.0
2025-03-16,PC,OTR,2692.0
2025-03-17,PC,ENE,43586.0
2025-03-17,PC,MOB,7243.0
2025-03-17,PC,INS,27385.0
2025-03-17,PC,OTR,2557.0
2025-03-18,PC,ENE,38372.0
2025-03-18,PC,MOB,7057.0
2025-03-18,PC,INS,20384.0
2025-03-18,PC,OTR,1826.0
2025-03-19,PC,ENE,43881.0
2025-03-19,PC,MOB,7135.0
2025-03-19,PC,INS,25271.0
2025-03-19,PC,OTR,1628.0
2025-03-20,PC,ENE,42180.0
2025-03-20,PC,MOB,7321.0
2025-03-20,PC,INS,26624.0
2025-03-20,PC,OTR,2515.0
2025-03-21,PC,ENE,48651.0
2025-03-21,PC,MOB,7260.0
2025-03-21,PC,INS,25701.0
2025-03-21,PC,OTR,3323.0
2025-03-22,PC,ENE,44895.0
2025-03-22,PC,MOB,7348.0
2025-03-22,PC,INS,23974.0
2025-03-22,PC,OTR,3155.0
2025-03-23,PC,ENE,43328.0
2025-03-23,PC,MOB,7306.0
2025-03-23,PC,INS,18210.0
2025-03-23,PC,OTR,2162.0
2025-03-24,PC,ENE,43537.0
2025-03-24,PC,MOB,7301.0
2025-03-24,PC,INS,20135.0
2025-03-24,PC,OTR,2244.0
2025-03-25,PC,ENE,41067.0
2025-03-25,PC,MOB,7426.0
2025-03-25,PC,INS,26534.0
2025-03-25,PC,OTR,3168.0
2025-03-26,PC,ENE,44370.0
2025-03-26,PC,MOB,7164.0
2025-03-26,PC,INS,26721.0
2025-03-26,PC,OTR,2212.0
2025-03-27,PC,ENE,45857.0
2025-03-27,PC,MOB,7439.0
2025-03-27,PC,INS,23238.0
2025-03-27,PC,OTR,2509.0
2025-03-28,PC,ENE,37907.0
2025-03-28,PC,MOB,7254.0
2025-03-28,PC,INS,25245.0
2025-03-28,PC,OTR,2075.0
2025-03-29,PC,ENE,41046.0
2025-03-29,PC,MOB,7066.0
2025-03-29,PC,INS,23822.0
2025-03-29,PC,OTR,1576.0
2025-03-30,PC,ENE,44766.0
2025-03-30,PC,MOB,7069.0
2025-03-30,PC,INS,25182.0
2025-03-30,PC,OTR,3443.0
2025-03-31,PC,ENE,37609.0
2025-03-31,PC,MOB,7148.0
2025-03-31,PC,INS,27797.0
2025-03-31,PC,OTR,2836.0
2025-04-01,PC,ENE,40271.0
2025-04-01,PC,MOB,7125.0
2025-04-01,PC,INS,25110.0
2025-04-01,PC,OTR,3042.0
2025-04-02,PC,ENE,43662.0
2025-04-02,PC,MOB,7204.0
2025-04-02,PC,INS,14276.0
2025-04-02,PC,OTR,2007.0
2025-04-03,PC,ENE,47870.0
2025-04-03,PC,MOB,7215.0
2025-04-03,PC,INS,25948.0
2025-04-03,PC,OTR,1537.0
2025-04-04,PC,ENE,47305.0
2025-04-04,PC,MOB,6959.0
2025-04-04,PC,INS,21080.0
2025-04-04,PC,OTR,2085.0
2025-04-05,PC,ENE,44349.0
2025-04-05,PC,MOB,7394.0
2025-04-05,PC,INS,26194.0
2025-04-05,PC,OTR,2826.0
2025-04-06,PC,ENE,43499.0
2025-04-06,PC,MOB,7146.0
2025-04-06,PC,INS,26624.0
2025-04-06,PC,OTR,1583.0
2025-04-07,PC,ENE,43971.0
2025-04-07,PC,MOB,7307.0
2025-04-07,PC,INS,23151.0
2025-04-07,PC,OTR,1504.0
2025-04-08,PC,ENE,41686.0
2025-04-08,PC,MOB,7583.0
2025-04-08,PC,INS,23015.0
2025-04-08,PC,OTR,2813.0
2025-04-09,PC,ENE,49534.0
2025-04-09,PC,MOB,7309.0
2025-04-09,PC,INS,30998.0
2025-04-09,PC,OTR,1705.0
2025-04-10,PC,ENE,45824.0
2025-04-10,PC,MOB,7124.0
2025-04-10,PC,INS,21113.0
2025-04-10,PC,OTR,1679.0
2025-04-11,PC,ENE,40772.0
2025-04-11,PC,MOB,7358.0
2025-04-11,PC,INS,28206.0
2025-04-11,PC,OTR,2706.0
2025-04-12,PC,ENE,49136.0
2025-04-12,PC,MOB,7273.0
2025-04-12,PC,INS,20250.0
2025-04-12,PC,OTR,2939.0
2025-04-13,PC,ENE,42641.0
2025-04-13,PC,MOB,7063.0
2025-04-13,PC,INS,23764.0
2025-04-13,PC,OTR,2853.0
2025-04-14,PC,ENE,42125.0
2025-04-14,PC,MOB,7408.0
2025-04-14,PC,INS,23618.0
2025-04-14,PC,OTR,2047.0
2025-04-15,PC,ENE,43712.0
2025-04-15,PC,MOB,7124.0
2025-04-15,PC,INS,21257.0
2025-04-15,PC,OTR,2852.0
2025-04-16,PC,ENE,50133.0
2025-04-16,PC,MOB,7137.0
2025-04-16,PC,INS,28767.0
2025-04-16,PC,OTR,2527.0
2025-04-17,PC,ENE,44376.0
2025-04-17,PC,MOB,7376.0
2025-04-17,PC,INS,24290.0
2025-04-17,PC,OTR,3477.0
2025-04-18,PC,ENE,40360.0
2025-04-18,PC,MOB,7028.0
2025-04-18,PC,INS,32223.0
2025-04-18,PC,OTR,1582.0
2025-04-19,PC,ENE,41167.0
2025-04-19,PC,MOB,7106.0
2025-04-19,PC,INS,21985.0
2025-04-19,PC,OTR,2942.0
2025-04-20,PC,ENE,43636.0
2025-04-20,PC,MOB,7193.0
2025-04-20,PC,INS,32996.0
2025-04-20,PC,OTR,2452.0
2025-04-21,PC,ENE,42261.0
2025-04-21,PC,MOB,7185.0
2025-04-21,PC,INS,31597.0
2025-04-21,PC,OTR,2564.0
2025-04-22,PC,ENE,44126.0
2025-04-22,PC,MOB,7326.0
2025-04-22,PC,INS,26914.0
2025-04-22,PC,OTR,3354.0
2025-04-23,PC,ENE,43204.0
2025-04-23,PC,MOB,7184.0
2025-04-23,PC,INS,25079.0
2025-04-23,PC,OTR,1899.0
2025-04-24,PC,ENE,43981.0
2025-04-24,PC,MOB,7185.0
2025-04-24,PC,INS,27182.0
2025-04-24,PC,OTR,1562.0
2025-04-25,PC,ENE,49717.0
2025-04-25,PC,MOB,7243.0
2025-04-25,PC,INS,24896.0
2025-04-25,PC,OTR,3155.0
2025-04-26,PC,ENE,43019.0
2025-04-26,PC,MOB,6946.0
2025-04-26,PC,INS,25649.0
2025-04-26,PC,OTR,3198.0
2025-04-27,PC,ENE,48569.0
2025-04-27,PC,MOB,7121.0
2025-04-27,PC,INS,19908.0
2025-04-27,PC,OTR,2660.0
2025-04-28,PC,ENE,44281.0
2025-04-28,PC,MOB,7054.0
2025-04-28,PC,INS,20088.0
2025-04-28,PC,OTR,2156.0
2025-04-29,PC,ENE,39150.0
2025-04-29,PC,MOB,7283.0
2025-04-29,PC,INS,24769.0
2025-04-29,PC,OTR,2647.0
2025-04-30,PC,ENE,43665.0
2025-04-30,PC,MOB,7126.0
2025-04-30,PC,INS,28675.0
2025-04-30,PC,OTR,1581.0
2025-05-01,PC,ENE,44267.0
2025-05-01,PC,MOB,7181.0
2025-05-01,PC,INS,27912.0
2025-05-01,PC,OTR,3214.0
2025-05-02,PC,ENE,44943.0
2025-05-02,PC,MOB,7290.0
2025-05-02,PC,INS,26695.0
2025-05-02,PC,OTR,2895.0
2025-05-03,PC,ENE,47195.0
2025-05-03,PC,MOB,7203.0
2025-05-03,PC,INS,24580.0
2025-05-03,PC,OTR,3479.0
2025-05-04,PC,ENE,44581.0
2025-05-04,PC,MOB,7271.0
2025-05-04,PC,INS,23697.0
2025-05-04,PC,OTR,2166.0
2025-05-05,PC,ENE,47333.0
2025-05-05,PC,MOB,7290.0
2025-05-05,PC,INS,30134.0
2025-05-05,PC,OTR,1959.0
2025-05-06,PC,ENE,41983.0
2025-05-06,PC,MOB,7213.0
2025-05-06,PC,INS,12813.0
2025-05-06,PC,OTR,2740.0
2025-05-07,PC,ENE,37814.0
2025-05-07,PC,MOB,7181.0
2025-05-07,PC,INS,17900.0
2025-05-07,PC,OTR,1901.0
2025-05-08,PC,ENE,48621.0
2025-05-08,PC,MOB,7236.0
2025-05-08,PC,INS,28103.0
2025-05-08,PC,OTR,2271.0
2025-05-09,PC,ENE,46261.0
2025-05-09,PC,MOB,7125.0
2025-05-09,PC,INS,29373.0
2025-05-09,PC,OTR,3392.0
2025-05-10,PC,ENE,38731.0
2025-05-10,PC,MOB,7071.0
2025-05-10,PC,INS,26117.0
2025-05-10,PC,OTR,3408.0
2025-05-11,PC,ENE,46838.0
2025-05-11,PC,MOB,7170.0
2025-05-11,PC,INS,32999.0
2025-05-11,PC,OTR,2551.0
2025-05-12,PC,ENE,45143.0
2025-05-12,PC,MOB,7307.0
2025-05-12,PC,INS,22230.0
2025-05-12,PC,OTR,3407.0
2025-05-13,PC,ENE,45257.0
2025-05-13,PC,MOB,7206.0
2025-05-13,PC,INS,14279.0
2025-05-13,PC,OTR,2265.0
2025-05-14,PC,ENE,46844.0
2025-05-14,PC,MOB,7442.0
2025-05-14,PC,INS,25437.0
2025-05-14,PC,OTR,1783.0
2025-05-15,PC,ENE,44475.0
2025-05-15,PC,MOB,6949.0
2025-05-15,PC,INS,26650.0
2025-05-15,PC,OTR,3250.0
2025-05-16,PC,ENE,42367.0
2025-05-16,PC,MOB,6933.0
2025-05-16,PC,INS,23586.0
2025-05-16,PC,OTR,2812.0
2025-05-17,PC,ENE,47272.0
2025-05-17,PC,MOB,7214.0
2025-05-17,PC,INS,25733.0
2025-05-17,PC,OTR,2588.0
2025-05-18,PC,ENE,47853.0
2025-05-18,PC,MOB,7031.0
2025-05-18,PC,INS,23708.0
2025-05-18,PC,OTR,2820.0
2025-05-19,PC,ENE,42636.0
2025-05-19,PC,MOB,7148.0
2025-05-19,PC,INS,20547.0
2025-05-19,PC,OTR,1752.0
2025-05-20,PC,ENE,48302.0
2025-05-20,PC,MOB,7150.0
2025-05-20,PC,INS,15422.0
2025-05-20,PC,OTR,2157.0
2025-05-21,PC,ENE,44987.0
2025-05-21,PC,MOB,7426.0
2025-05-21,PC,INS,25111.0
2025-05-21,PC,OTR,3077.0
2025-05-22,PC,ENE,41843.0
2025-05-22,PC,MOB,6967.0
2025-05-22,PC,INS,31598.0
2025-05-22,PC,OTR,1896.0
2025-05-23,PC,ENE,40458.0
2025-05-23,PC,MOB,7352.0
2025-05-23,PC,INS,31731.0
2025-05-23,PC,OTR,2447.0
2025-05-24,PC,ENE,42771.0
2025-05-24,PC,MOB,7453.0
2025-05-24,PC,INS,23989.0
2025-05-24,PC,OTR,1530.0
2025-05-25,PC,ENE,46374.0
2025-05-25,PC,MOB,7222.0
2025-05-25,PC,INS,23335.0
2025-05-25,PC,OTR,1980.0
2025-05-26,PC,ENE,45022.0
2025-05-26,PC,MOB,7006.0
2025-05-26,PC,INS,27115.0
2025-05-26,PC,OTR,2154.0
2025-05-27,PC,ENE,42826.0
2025-05-27,PC,MOB,7449.0
2025-05-27,PC,INS,29361.0
2025-05-27,PC,OTR,2605.0
2025-05-28,PC,ENE,47635.0
2025-05-28,PC,MOB,7136.0
2025-05-28,PC,INS,27290.0
2025-05-28,PC,OTR,3339.0
2025-05-29,PC,ENE,48068.0
2025-05-29,PC,MOB,7275.0
2025-05-29,PC,INS,26871.0
2025-05-29,PC,OTR,2934.0
2025-05-30,PC,ENE,48524.0
2025-05-30,PC,MOB,6992.0
2025-05-30,PC,INS,28626.0
2025-05-30,PC,OTR,2271.0
2025-05-31,PC,ENE,41749.0
2025-05-31,PC,MOB,7073.0
2025-05-31,PC,INS,26258.0
2025-05-31,PC,OTR,1950.0
2025-06-01,PC,ENE,47935.0
2025-06-01,PC,MOB,7127.0
2025-06-01,PC,INS,27069.0
2025-06-01,PC,OTR,1601.0
2025-06-02,PC,ENE,45995.0
2025-06-02,PC,MOB,6949.0
2025-06-02,PC,INS,28963.0
2025-06-02,PC,OTR,3088.0
2025-06-03,PC,ENE,40818.0
2025-06-03,PC,MOB,7092.0
2025-06-03,PC,INS,29788.0
2025-06-03,PC,OTR,3226.0
2025-06-04,PC,ENE,44951.0
2025-06-04,PC,MOB,7107.0
2025-06-04,PC,INS,29906.0
2025-06-04,PC,OTR,2797.0
2025-06-05,PC,ENE,41294.0
2025-06-05,PC,MOB,7352.0
2025-06-05,PC,INS,31098.0
2025-06-05,PC,OTR,2692.0
2025-06-06,PC,ENE,40999.0
2025-06-06,PC,MOB,7076.0
2025-06-06,PC,INS,20836.0
2025-06-06,PC,OTR,2069.0
2025-06-07,PC,ENE,47978.0
2025-06-07,PC,MOB,7293.0
2025-06-07,PC,INS,24871.0
2025-06-07,PC,OTR,2883.0
2025-06-08,PC,ENE,41731.0
2025-06-08,PC,MOB,7136.0
2025-06-08,PC,INS,23638.0
2025-06-08,PC,OTR,2287.0
2025-06-09,PC,ENE,42820.0
2025-06-09,PC,MOB,6957.0
2025-06-09,PC,INS,4339.0
2025-06-09,PC,OTR,2225.0
2025-06-10,PC,ENE,42855.0
2025-06-10,PC,MOB,7261.0
2025-06-10,PC,INS,22790.0
2025-06-10,PC,OTR,3169.0
2025-06-11,PC,ENE,46218.0
2025-06-11,PC,MOB,7053.0
2025-06-11,PC,INS,30398.0
2025-06-11,PC,OTR,2109.0
2025-06-12,PC,ENE,44632.0
2025-06-12,PC,MOB,7370.0
2025-06-12,PC,INS,28918.0
2025-06-12,PC,OTR,2507.0
2025-06-13,PC,ENE,46404.0
2025-06-13,PC,MOB,7264.0
2025-06-13,PC,INS,24457.0
2025-06-13,PC,OTR,2816.0
2025-06-14,PC,ENE,48231.0
2025-06-14,PC,MOB,7370.0
2025-06-14,PC,INS,24899.0
2025-06-14,PC,OTR,2572.0
2025-06-15,PC,ENE,42787.0
2025-06-15,PC,MOB,7062.0
2025-06-15,PC,INS,25480.0
2025-06-15,PC,OTR,3197.0
2025-06-16,PC,ENE,46973.0
2025-06-16,PC,MOB,6937.0
2025-06-16,PC,INS,24489.0
2025-06-16,PC,OTR,2940.0
2025-06-17,PC,ENE,41561.0
2025-06-17,PC,MOB,7300.0
2025-06-17,PC,INS,26700.0
2025-06-17,PC,OTR,3026.0
2025-06-18,PC,ENE,40353.0
2025-06-18,PC,MOB,7438.0
2025-06-18,PC,INS,28709.0
2025-06-18,PC,OTR,2676.0
2025-06-19,PC,ENE,46417.0
2025-06-19,PC,MOB,7062.0
2025-06-19,PC,INS,24734.0
2025-06-19,PC,OTR,1779.0
2025-06-20,PC,ENE,39873.0
2025-06-20,PC,MOB,7201.0
2025-06-20,PC,INS,25367.0
2025-06-20,PC,OTR,2955.0
2025-06-21,PC,ENE,43636.0
2025-06-21,PC,MOB,7206.0
2025-06-21,PC,INS,27506.0
2025-06-21,PC,OTR,3166.0
2025-06-22,PC,ENE,42507.0
2025-06-22,PC,MOB,7243.0
2025-06-22,PC,INS,20360.0
2025-06-22,PC,OTR,3297.0
2025-06-23,PC,ENE,46661.0
2025-06-23,PC,MOB,7238.0
2025-06-23,PC,INS,17785.0
2025-06-23,PC,OTR,2482.0
2025-06-24,PC,ENE,43250.0
2025-06-24,PC,MOB,7386.0
2025-06-24,PC,INS,22285.0
2025-06-24,PC,OTR,2959.0
2025-06-25,PC,ENE,42811.0
2025-06-25,PC,MOB,7001.0
2025-06-25,PC,INS,26443.0
2025-06-25,PC,OTR,2462.0
2025-06-26,PC,ENE,46890.0
2025-06-26,PC,MOB,7245.0
2025-06-26,PC,INS,27697.0
2025-06-26,PC,OTR,2937.0
2025-06-27,PC,ENE,47499.0
2025-06-27,PC,MOB,7069.0
2025-06-27,PC,INS,23145.0
2025-06-27,PC,OTR,2752.0
2025-06-28,PC,ENE,42481.0
2025-06-28,PC,MOB,7324.0
2025-06-28,PC,INS,24805.0
2025-06-28,PC,OTR,1965.0
2025-06-29,PC,ENE,48653.0
2025-06-29,PC,MOB,7467.0
2025-06-29,PC,INS,20947.0
2025-06-29,PC,OTR,2885.0
2025-06-30,PC,ENE,45388.0
2025-06-30,PC,MOB,7230.0
2025-06-30,PC,INS,24880.0
2025-06-30,PC,OTR,3407.0
2025-07-01,PC,ENE,46533.0
2025-07-01,PC,MOB,7092.0
2025-07-01,PC,INS,23885.0
2025-07-01,PC,OTR,2813.0
2025-07-02,PC,ENE,45008.0
2025-07-02,PC,MOB,7081.0
2025-07-02,PC,INS,26502.0
2025-07-02,PC,OTR,1589.0
2025-07-03,PC,ENE,44116.0
2025-07-03,PC,MOB,7338.0
2025-07-03,PC,INS,21371.0
2025-07-03,PC,OTR,3090.0
2025-07-04,PC,ENE,45447.0
2025-07-04,PC,MOB,7377.0
2025-07-04,PC,INS,23747.0
2025-07-04,PC,OTR,2760.0
2025-07-05,PC,ENE,41897.0
2025-07-05,PC,MOB,6945.0
2025-07-05,PC,INS,31682.0
2025-07-05,PC,OTR,1544.0
2025-07-06,PC,ENE,42807.0
2025-07-06,PC,MOB,6984.0
2025-07-06,PC,INS,28682.0
2025-07-06,PC,OTR,3434.0
2025-07-07,PC,ENE,43928.0
2025-07-07,PC,MOB,7249.0
2025-07-07,PC,INS,25421.0
2025-07-07,PC,OTR,2180.0
2025-07-08,PC,ENE,39629.0
2025-07-08,PC,MOB,7443.0
2025-07-08,PC,INS,26543.0
2025-07-08,PC,OTR,2635.0
2025-07-09,PC,ENE,46078.0
2025-07-09,PC,MOB,7265.0
2025-07-09,PC,INS,24308.0
2025-07-09,PC,OTR,3279.0
2025-07-10,PC,ENE,41543.0
2025-07-10,PC,MOB,7367.0
2025-07-10,PC,INS,30227.0
2025-07-10,PC,OTR,3215.0
2025-07-11,PC,ENE,46968.0
2025-07-11,PC,MOB,7209.0
2025-07-11,PC,INS,25080.0
2025-07-11,PC,OTR,1709.0
2025-07-12,PC,ENE,45135.0
2025-07-12,PC,MOB,7197.0
2025-07-12,PC,INS,26871.0
2025-07-12,PC,OTR,2274.0
2025-07-13,PC,ENE,40708.0
2025-07-13,PC,MOB,7352.0
2025-07-13,PC,INS,21096.0
2025-07-13,PC,OTR,3283.0
2025-07-14,PC,ENE,49428.0
2025-07-14,PC,MOB,7124.0
2025-07-14,PC,INS,20209.0
2025-07-14,PC,OTR,2775.0
2025-07-15,PC,ENE,47265.0
2025-07-15,PC,MOB,7284.0
2025-07-15,PC,INS,23154.0
2025-07-15,PC,OTR,2606.0
2025-07-16,PC,ENE,42606.0
2025-07-16,PC,MOB,7361.0
2025-07-16,PC,INS,29612.0
2025-07-16,PC,OTR,3442.0
2025-07-17,PC,ENE,44820.0
2025-07-17,PC,MOB,7121.0
2025-07-17,PC,INS,25517.0
2025-07-17,PC,OTR,2145.0
2025-07-18,PC,ENE,48300.0
2025-07-18,PC,MOB,6999.0
2025-07-18,PC,INS,27145.0
2025-07-18,PC,OTR,1500.0
2025-07-19,PC,ENE,43185.0
2025-07-19,PC,MOB,7321.0
2025-07-19,PC,INS,24515.0
2025-07-19,PC,OTR,2901.0
2025-07-20,PC,ENE,44915.0
2025-07-20,PC,MOB,7302.0
2025-07-20,PC,INS,21366.0
2025-07-20,PC,OTR,2216.0
2025-07-21,PC,ENE,44716.0
2025-07-21,PC,MOB,7426.0
2025-07-21,PC,INS,28081.0
2025-07-21,PC,OTR,3146.0
2025-07-22,PC,ENE,43523.0
2025-07-22,PC,MOB,7149.0
2025-07-22,PC,INS,29039.0
2025-07-22,PC,OTR,1870.0
2025-07-23,PC,ENE,46063.0
2025-07-23,PC,MOB,7327.0
2025-07-23,PC,INS,27515.0
2025-07-23,PC,OTR,2840.0
2025-07-24,PC,ENE,44491.0
2025-07-24,PC,MOB,7340.0
2025-07-24,PC,INS,21646.0
2025-07-24,PC,OTR,2990.0
2025-07-25,PC,ENE,41509.0
2025-07-25,PC,MOB,7270.0
2025-07-25,PC,INS,31417.0
2025-07-25,PC,OTR,2035.0
2025-07-26,PC,ENE,44784.0
2025-07-26,PC,MOB,7126.0
2025-07-26,PC,INS,27583.0
2025-07-26,PC,OTR,1933.0
2025-07-27,PC,ENE,42833.0
2025-07-27,PC,MOB,7230.0
2025-07-27,PC,INS,22092.0
2025-07-27,PC,OTR,1648.0
2025-07-28,PC,ENE,44356.0
2025-07-28,PC,MOB,7180.0
2025-07-28,PC,INS,24558.0
2025-07-28,PC,OTR,3112.0
2025-07-29,PC,ENE,43024.0
2025-07-29,PC,MOB,7001.0
2025-07-29,PC,INS,24794.0
2025-07-29,PC,OTR,2460.0
2025-07-30,PC,ENE,46461.0
2025-07-30,PC,MOB,7428.0
2025-07-30,PC,INS,22966.0
2025-07-30,PC,OTR,2807.0
2025-07-31,PC,ENE,45470.0
2025-07-31,PC,MOB,7101.0
2025-07-31,PC,INS,21429.0
2025-07-31,PC,OTR,2415.0
2025-08-01,PC,ENE,44127.0
2025-08-01,PC,MOB,7421.0
2025-08-01,PC,INS,23495.0
2025-08-01,PC,OTR,2894.0
2025-08-02,PC,ENE,38076.0
2025-08-02,PC,MOB,7313.0
2025-08-02,PC,INS,26937.0
2025-08-02,PC,OTR,1743.0
2025-08-03,PC,ENE,44943.0
2025-08-03,PC,MOB,7152.0
2025-08-03,PC,INS,21806.0
2025-08-03,PC,OTR,1977.0
2025-08-04,PC,ENE,40427.0
2025-08-04,PC,MOB,7203.0
2025-08-04,PC,INS,14672.0
2025-08-04,PC,OTR,2082.0
2025-08-05,PC,ENE,48638.0
2025-08-05,PC,MOB,7171.0
2025-08-05,PC,INS,25909.0
2025-08-05,PC,OTR,2898.0
2025-08-06,PC,ENE,46128.0
2025-08-06,PC,MOB,7055.0
2025-08-06,PC,INS,26134.0
2025-08-06,PC,OTR,3368.0
2025-08-07,PC,ENE,45030.0
2025-08-07,PC,MOB,6992.0
2025-08-07,PC,INS,27394.0
2025-08-07,PC,OTR,2974.0
2025-08-08,PC,ENE,39459.0
2025-08-08,PC,MOB,7209.0
2025-08-08,PC,INS,20894.0
2025-08-08,PC,OTR,2815.0
2025-08-09,PC,ENE,45391.0
2025-08-09,PC,MOB,7533.0
2025-08-09,PC,INS,26086.0
2025-08-09,PC,OTR,3232.0
2025-08-10,PC,ENE,47863.0
2025-08-10,PC,MOB,7175.0
2025-08-10,PC,INS,30763.0
2025-08-10,PC,OTR,2798.0
2025-08-11,PC,ENE,43853.0
2025-08-11,PC,MOB,7239.0
2025-08-11,PC,INS,19862.0
2025-08-11,PC,OTR,1650.0
2025-08-12,PC,ENE,46360.0
2025-08-12,PC,MOB,6910.0
2025-08-12,PC,INS,22696.0
2025-08-12,PC,OTR,3129.0
2025-08-13,PC,ENE,39716.0
2025-08-13,PC,MOB,6894.0
2025-08-13,PC,INS,25197.0
2025-08-13,PC,OTR,1690.0
2025-08-14,PC,ENE,44952.0
2025-08-14,PC,MOB,7055.0
2025-08-14,PC,INS,30916.0
2025-08-14,PC,OTR,2463.0
2025-08-15,PC,ENE,38529.0
2025-08-15,PC,MOB,7047.0
2025-08-15,PC,INS,23736.0
2025-08-15,PC,OTR,3468.0
2025-08-16,PC,ENE,43914.0
2025-08-16,PC,MOB,7412.0
2025-08-16,PC,INS,27618.0
2025-08-16,PC,OTR,2555.0
2025-08-17,PC,ENE,44384.0
2025-08-17,PC,MOB,7196.0
2025-08-17,PC,INS,29240.0
2025-08-17,PC,OTR,1700.0
2025-08-18,PC,ENE,47640.0
2025-08-18,PC,MOB,7357.0
2025-08-18,PC,INS,31525.0
2025-08-18,PC,OTR,3126.0
2025-08-19,PC,ENE,40200.0
2025-08-19,PC,MOB,7441.0
2025-08-19,PC,INS,25638.0
2025-08-19,PC,OTR,3334.0
2025-08-20,PC,ENE,48250.0
2025-08-20,PC,MOB,6928.0
2025-08-20,PC,INS,24078.0
2025-08-20,PC,OTR,1787.0
2025-08-21,PC,ENE,36757.0
2025-08-21,PC,MOB,7099.0
2025-08-21,PC,INS,24270.0
2025-08-21,PC,OTR,3038.0
2025-08-22,PC,ENE,48719.0
2025-08-22,PC,MOB,7017.0
2025-08-22,PC,INS,23947.0
2025-08-22,PC,OTR,1846.0
2025-08-23,PC,ENE,45085.0
2025-08-23,PC,MOB,7133.0
2025-08-23,PC,INS,28892.0
2025-08-23,PC,OTR,2391.0
2025-08-24,PC,ENE,46270.0
2025-08-24,PC,MOB,7258.0
2025-08-24,PC,INS,20718.0
2025-08-24,PC,OTR,2214.0
2025-08-25,PC,ENE,40106.0
2025-08-25,PC,MOB,7263.0
2025-08-25,PC,INS,24124.0
2025-08-25,PC,OTR,2049.0
2025-08-26,PC,ENE,46661.0
2025-08-26,PC,MOB,7052.0
2025-08-26,PC,INS,29475.0
2025-08-26,PC,OTR,2120.0
2025-08-27,PC,ENE,48509.0
2025-08-27,PC,MOB,7276.0
2025-08-27,PC,INS,25463.0
2025-08-27,PC,OTR,1951.0
2025-08-28,PC,ENE,40472.0
2025-08-28,PC,MOB,7284.0
2025-08-28,PC,INS,24568.0
2025-08-28,PC,OTR,1820.0
2025-08-29,PC,ENE,36200.0
2025-08-29,PC,MOB,7261.0
2025-08-29,PC,INS,27130.0
2025-08-29,PC,OTR,3153.0
2025-08-30,PC,ENE,45403.0
2025-08-30,PC,MOB,7198.0
2025-08-30,PC,INS,27026.0
2025-08-30,PC,OTR,3301.0
2025-08-31,PC,ENE,48064.0
2025-08-31,PC,MOB,7268.0
2025-08-31,PC,INS,19486.0
2025-08-31,PC,OTR,1980.0
2025-09-01,PC,ENE,49728.0
2025-09-01,PC,MOB,7376.0
2025-09-01,PC,INS,21228.0
2025-09-01,PC,OTR,1615.0
2025-09-02,PC,ENE,50122.0
2025-09-02,PC,MOB,7349.0
2025-09-02,PC,INS,22651.0
2025-09-02,PC,OTR,3274.0
2025-09-03,PC,ENE,44184.0
2025-09-03,PC,MOB,7205.0
2025-09-03,PC,INS,27849.0
2025-09-03,PC,OTR,2500.0
2025-09-04,PC,ENE,45114.0
2025-09-04,PC,MOB,7286.0
2025-09-04,PC,INS,25681.0
2025-09-04,PC,OTR,2913.0
2025-09-05,PC,ENE,39919.0
2025-09-05,PC,MOB,7343.0
2025-09-05,PC,INS,30084.0
2025-09-05,PC,OTR,1538.0
2025-09-06,PC,ENE,48055.0
2025-09-06,PC,MOB,7223.0
2025-09-06,PC,INS,25192.0
2025-09-06,PC,OTR,2281.0
2025-09-07,PC,ENE,42276.0
2025-09-07,PC,MOB,7514.0
2025-09-07,PC,INS,22434.0
2025-09-07,PC,OTR,1649.0
2025-09-08,PC,ENE,39733.0
2025-09-08,PC,MOB,7160.0
2025-09-08,PC,INS,22805.0
2025-09-08,PC,OTR,2063.0
2025-09-09,PC,ENE,48166.0
2025-09-09,PC,MOB,7374.0
2025-09-09,PC,INS,24357.0
2025-09-09,PC,OTR,3119.0
2025-09-10,PC,ENE,41101.0
2025-09-10,PC,MOB,7316.0
2025-09-10,PC,INS,25969.0
2025-09-10,PC,OTR,1651.0
2025-09-11,PC,ENE,50460.0
2025-09-11,PC,MOB,7249.0
2025-09-11,PC,INS,20591.0
2025-09-11,PC,OTR,2433.0
2025-09-12,PC,ENE,49809.0
2025-09-12,PC,MOB,7237.0
2025-09-12,PC,INS,22244.0
2025-09-12,PC,OTR,2559.0
2025-09-13,PC,ENE,44197.0
2025-09-13,PC,MOB,7259.0
2025-09-13,PC,INS,29832.0
2025-09-13,PC,OTR,3100.0
2025-09-14,PC,ENE,40598.0
2025-09-14,PC,MOB,7164.0
2025-09-14,PC,INS,22927.0
2025-09-14,PC,OTR,3181.0
2025-09-15,PC,ENE,41671.0
2025-09-15,PC,MOB,7053.0
2025-09-15,PC,INS,25850.0
2025-09-15,PC,OTR,3174.0
2025-09-16,PC,ENE,41781.0
2025-09-16,PC,MOB,7387.0
2025-09-16,PC,INS,18252.0
2025-09-16,PC,OTR,1675.0
2025-09-17,PC,ENE,41088.0
2025-09-17,PC,MOB,7076.0
2025-09-17,PC,INS,27607.0
2025-09-17,PC,OTR,2522.0
2025-09-18,PC,ENE,44869.0
2025-09-18,PC,MOB,7156.0
2025-09-18,PC,INS,33550.0
2025-09-18,PC,OTR,2425.0
2025-09-19,PC,ENE,41370.0
2025-09-19,PC,MOB,7196.0
2025-09-19,PC,INS,25376.0
2025-09-19,PC,OTR,2642.0
2025-09-20,PC,ENE,47700.0
2025-09-20,PC,MOB,7293.0
2025-09-20,PC,INS,26153.0
2025-09-20,PC,OTR,2879.0
2025-09-21,PC,ENE,45802.0
2025-09-21,PC,MOB,7157.0
2025-09-21,PC,INS,22067.0
2025-09-21,PC,OTR,1884.0
2025-09-22,PC,ENE,43466.0
2025-09-22,PC,MOB,7337.0
2025-09-22,PC,INS,23377.0
2025-09-22,PC,OTR,2106.0
2025-09-23,PC,ENE,43209.0
2025-09-23,PC,MOB,7210.0
2025-09-23,PC,INS,17206.0
2025-09-23,PC,OTR,1893.0
2025-09-24,PC,ENE,46323.0
2025-09-24,PC,MOB,7277.0
2025-09-24,PC,INS,25081.0
2025-09-24,PC,OTR,1663.0
2025-09-25,PC,ENE,45925.0
2025-09-25,PC,MOB,6968.0
2025-09-25,PC,INS,29498.0
2025-09-25,PC,OTR,3076.0
2025-09-26,PC,ENE,49789.0
2025-09-26,PC,MOB,7552.0
2025-09-26,PC,INS,27612.0
2025-09-26,PC,OTR,1885.0
2025-09-27,PC,ENE,48338.0
2025-09-27,PC,MOB,7346.0
2025-09-27,PC,INS,22246.0
2025-09-27,PC,OTR,2426.0
2025-09-28,PC,ENE,48237.0
2025-09-28,PC,MOB,7364.0
2025-09-28,PC,INS,21416.0
2025-09-28,PC,OTR,2389.0
2025-09-29,PC,ENE,47803.0
2025-09-29,PC,MOB,7147.0
2025-09-29,PC,INS,27130.0
2025-09-29,PC,OTR,2374.0
2025-09-30,PC,ENE,47063.0
2025-09-30,PC,MOB,7271.0
2025-09-30,PC,INS,23002.0
2025-09-30,PC,OTR,1575.0
2025-10-01,PC,ENE,45398.0
2025-10-01,PC,MOB,7192.0
2025-10-01,PC,INS,30029.0
2025-10-01,PC,OTR,3136.0
2025-10-02,PC,ENE,48498.0
2025-10-02,PC,MOB,7018.0
2025-10-02,PC,INS,22290.0
2025-10-02,PC,OTR,2940.0
2025-10-03,PC,ENE,51270.0
2025-10-03,PC,MOB,7175.0
2025-10-03,PC,INS,24494.0
2025-10-03,PC,OTR,1599.0
2025-10-04,PC,ENE,42462.0
2025-10-04,PC,MOB,7136.0
2025-10-04,PC,INS,26000.0
2025-10-04,PC,OTR,2483.0
2025-10-05,PC,ENE,47000.0
2025-10-05,PC,MOB,7234.0
2025-10-05,PC,INS,25659.0
2025-10-05,PC,OTR,2949.0
2025-10-06,PC,ENE,41855.0
2025-10-06,PC,MOB,7311.0
2025-10-06,PC,INS,23449.0
2025-10-06,PC,OTR,2217.0
2025-10-07,PC,ENE,50616.0
2025-10-07,PC,MOB,7065.0
2025-10-07,PC,INS,23894.0
2025-10-07,PC,OTR,2918.0
2025-10-08,PC,ENE,45255.0
2025-10-08,PC,MOB,7345.0
2025-10-08,PC,INS,19072.0
2025-10-08,PC,OTR,1670.0
2025-10-09,PC,ENE,49555.0
2025-10-09,PC,MOB,7266.0
2025-10-09,PC,INS,18271.0
2025-10-09,PC,OTR,2221.0
2025-10-10,PC,ENE,42267.0
2025-10-10,PC,MOB,6927.0
2025-10-10,PC,INS,18681.0
2025-10-10,PC,OTR,3108.0
2025-10-11,PC,ENE,43046.0
2025-10-11,PC,MOB,7425.0
2025-10-11,PC,INS,28543.0
2025-10-11,PC,OTR,3107.0
2025-10-12,PC,ENE,43772.0
2025-10-12,PC,MOB,7597.0
2025-10-12,PC,INS,26821.0
2025-10-12,PC,OTR,3053.0
2025-10-13,PC,ENE,44631.0
2025-10-13,PC,MOB,7169.0
2025-10-13,PC,INS,23828.0
2025-10-13,PC,OTR,3450.0
2025-10-14,PC,ENE,43281.0
2025-10-14,PC,MOB,7177.0
2025-10-14,PC,INS,20473.0
2025-10-14,PC,OTR,3300.0
2025-10-15,PC,ENE,48216.0
2025-10-15,PC,MOB,7109.0
2025-10-15,PC,INS,29436.0
2025-10-15,PC,OTR,2682.0
2025-10-16,PC,ENE,44803.0
2025-10-16,PC,MOB,7358.0
2025-10-16,PC,INS,28227.0
2025-10-16,PC,OTR,3207.0
2025-10-17,PC,ENE,51397.0
2025-10-17,PC,MOB,7375.0
2025-10-17,PC,INS,26032.0
2025-10-17,PC,OTR,2171.0
2025-10-18,PC,ENE,49872.0
2025-10-18,PC,MOB,7201.0
2025-10-18,PC,INS,19370.0
2025-10-18,PC,OTR,2825.0
2025-10-19,PC,ENE,45127.0
2025-10-19,PC,MOB,7335.0
2025-10-19,PC,INS,27891.0
2025-10-19,PC,OTR,2884.0
2025-10-20,PC,ENE,42860.0
2025-10-20,PC,MOB,7391.0
2025-10-20,PC,INS,24490.0
2025-10-20,PC,OTR,3050.0
2025-10-21,PC,ENE,41493.0
2025-10-21,PC,MOB,6932.0
2025-10-21,PC,INS,22104.0
2025-10-21,PC,OTR,1870.0
2025-10-22,PC,ENE,46614.0
2025-10-22,PC,MOB,7322.0
2025-10-22,PC,INS,23312.0
2025-10-22,PC,OTR,3133.0
2025-10-23,PC,ENE,48296.0
2025-10-23,PC,MOB,7088.0
2025-10-23,PC,INS,29524.0
2025-10-23,PC,OTR,1870.0
2025-10-24,PC,ENE,49679.0
2025-10-24,PC,MOB,7405.0
2025-10-24,PC,INS,21790.0
2025-10-24,PC,OTR,2336.0
2025-10-25,PC,ENE,41207.0
2025-10-25,PC,MOB,7387.0
2025-10-25,PC,INS,28111.0
2025-10-25,PC,OTR,2042.0
2025-10-26,PC,ENE,49151.0
2025-10-26,PC,MOB,7303.0
2025-10-26,PC,INS,15896.0
2025-10-26,PC,OTR,1967.0
2025-10-27,PC,ENE,42992.0
2025-10-27,PC,MOB,7327.0
2025-10-27,PC,INS,28000.0
2025-10-27,PC,OTR,3091.0
2025-10-28,PC,ENE,50537.0
2025-10-28,PC,MOB,7068.0
2025-10-28,PC,INS,23355.0
2025-10-28,PC,OTR,2080.0
2025-10-29,PC,ENE,40307.0
2025-10-29,PC,MOB,7173.0
2025-10-29,PC,INS,28473.0
2025-10-29,PC,OTR,2101.0
2025-10-30,PC,ENE,43885.0
2025-10-30,PC,MOB,7115.0
2025-10-30,PC,INS,21229.0
2025-10-30,PC,OTR,2376.0
2025-10-31,PC,ENE,46406.0
2025-10-31,PC,MOB,6973.0
2025-10-31,PC,INS,27037.0
2025-10-31,PC,OTR,2295.0
2025-11-01,PC,ENE,42142.0
2025-11-01,PC,MOB,7097.0
2025-11-01,PC,INS,28112.0
2025-11-01,PC,OTR,3370.0
2025-11-02,PC,ENE,45326.0
2025-11-02,PC,MOB,7021.0
2025-11-02,PC,INS,23398.0
2025-11-02,PC,OTR,3129.0
2025-11-03,PC,ENE,36680.0
2025-11-03,PC,MOB,7139.0
2025-11-03,PC,INS,23029.0
2025-11-03,PC,OTR,1655.0
2025-11-04,PC,ENE,47786.0
2025-11-04,PC,MOB,7335.0
2025-11-04,PC,INS,24948.0
2025-11-04,PC,OTR,2905.0
2025-11-05,PC,ENE,49654.0
2025-11-05,PC,MOB,7246.0
2025-11-05,PC,INS,25414.0
2025-11-05,PC,OTR,2066.0
2025-11-06,PC,ENE,46926.0
2025-11-06,PC,MOB,7234.0
2025-11-06,PC,INS,30337.0
2025-11-06,PC,OTR,1844.0
2025-11-07,PC,ENE,47822.0
2025-11-07,PC,MOB,7253.0
2025-11-07,PC,INS,15446.0
2025-11-07,PC,OTR,3322.0
2025-11-08,PC,ENE,50144.0
2025-11-08,PC,MOB,7145.0
2025-11-08,PC,INS,23302.0
2025-11-08,PC,OTR,2863.0
2025-11-09,PC,ENE,43171.0
2025-11-09,PC,MOB,7143.0
2025-11-09,PC,INS,22107.0
2025-11-09,PC,OTR,1626.0
2025-11-10,PC,ENE,40776.0
2025-11-10,PC,MOB,7317.0
2025-11-10,PC,INS,25672.0
2025-11-10,PC,OTR,2908.0
2025-11-11,PC,ENE,42665.0
2025-11-11,PC,MOB,7244.0
2025-11-11,PC,INS,30593.0
2025-11-11,PC,OTR,2469.0
2025-11-12,PC,ENE,41455.0
2025-11-12,PC,MOB,7255.0
2025-11-12,PC,INS,23232.0
2025-11-12,PC,OTR,3050.0
2025-11-13,PC,ENE,45428.0
2025-11-13,PC,MOB,7546.0
2025-11-13,PC,INS,20191.0
2025-11-13,PC,OTR,3326.0
2025-11-14,PC,ENE,42260.0
2025-11-14,PC,MOB,7325.0
2025-11-14,PC,INS,22683.0
2025-11-14,PC,OTR,2609.0
2025-11-15,PC,ENE,51927.0
2025-11-15,PC,MOB,7091.0
2025-11-15,PC,INS,23157.0
2025-11-15,PC,OTR,2720.0
2025-11-16,PC,ENE,46928.0
2025-11-16,PC,MOB,7416.0
2025-11-16,PC,INS,25625.0
2025-11-16,PC,OTR,2248.0
2025-11-17,PC,ENE,41719.0
2025-11-17,PC,MOB,7378.0
2025-11-17,PC,INS,25716.0
2025-11-17,PC,OTR,2251.0
2025-11-18,PC,ENE,48839.0
2025-11-18,PC,MOB,6824.0
2025-11-18,PC,INS,29886.0
2025-11-18,PC,OTR,1873.0
2025-11-19,PC,ENE,43454.0
2025-11-19,PC,MOB,7299.0
2025-11-19,PC,INS,22125.0
2025-11-19,PC,OTR,2077.0
2025-11-20,PC,ENE,50995.0
2025-11-20,PC,MOB,7117.0
2025-11-20,PC,INS,28755.0
2025-11-20,PC,OTR,2638.0
2025-11-21,PC,ENE,38023.0
2025-11-21,PC,MOB,7022.0
2025-11-21,PC,INS,27578.0
2025-11-21,PC,OTR,2243.0
2025-11-22,PC,ENE,42723.0
2025-11-22,PC,MOB,7266.0
2025-11-22,PC,INS,28243.0
2025-11-22,PC,OTR,2716.0
2025-11-23,PC,ENE,43060.0
2025-11-23,PC,MOB,7336.0
2025-11-23,PC,INS,26769.0
2025-11-23,PC,OTR,2475.0
2025-11-24,PC,ENE,41039.0
2025-11-24,PC,MOB,7089.0
2025-11-24,PC,INS,27739.0
2025-11-24,PC,OTR,2027.0
2025-11-25,PC,ENE,43242.0
2025-11-25,PC,MOB,7180.0
2025-11-25,PC,INS,25968.0
2025-11-25,PC,OTR,2229.0
2025-11-26,PC,ENE,45118.0
2025-11-26,PC,MOB,7295.0
2025-11-26,PC,INS,28361.0
2025-11-26,PC,OTR,1504.0
2025-11-27,PC,ENE,36967.0
2025-11-27,PC,MOB,7103.0
2025-11-27,PC,INS,30945.0
2025-11-27,PC,OTR,3332.0
2025-11-28,PC,ENE,46228.0
2025-11-28,PC,MOB,7527.0
2025-11-28,PC,INS,24813.0
2025-11-28,PC,OTR,2053.0
2025-11-29,PC,ENE,49390.0
2025-11-29,PC,MOB,7394.0
2025-11-29,PC,INS,23056.0
2025-11-29,PC,OTR,2350.0
2025-11-30,PC,ENE,45200.0
2025-11-30,PC,MOB,7162.0
2025-11-30,PC,INS,27088.0
2025-11-30,PC,OTR,3476.0
2025-12-01,PC,ENE,50177.0
2025-12-01,PC,MOB,7358.0
2025-12-01,PC,INS,35087.0
2025-12-01,PC,OTR,2799.0
2025-12-02,PC,ENE,42814.0
2025-12-02,PC,MOB,6973.0
2025-12-02,PC,INS,30149.0
2025-12-02,PC,OTR,2746.0
2025-12-03,PC,ENE,36175.0
2025-12-03,PC,MOB,7320.0
2025-12-03,PC,INS,3950.0
2025-12-03,PC,OTR,1566.0
2025-12-04,PC,ENE,43206.0
2025-12-04,PC,MOB,7176.0
2025-12-04,PC,INS,25806.0
2025-12-04,PC,OTR,2389.0
2025-12-05,PC,ENE,47736.0
2025-12-05,PC,MOB,7267.0
2025-12-05,PC,INS,23096.0
2025-12-05,PC,OTR,2285.0
2025-12-06,PC,ENE,40184.0
2025-12-06,PC,MOB,7339.0
2025-12-06,PC,INS,22603.0
2025-12-06,PC,OTR,2675.0
2025-12-07,PC,ENE,40863.0
2025-12-07,PC,MOB,7155.0
2025-12-07,PC,INS,23307.0
2025-12-07,PC,OTR,1886.0
2025-12-08,PC,ENE,41412.0
2025-12-08,PC,MOB,7446.0
2025-12-08,PC,INS,25019.0
2025-12-08,PC,OTR,1824.0
2025-12-09,PC,ENE,47994.0
2025-12-09,PC,MOB,7171.0
2025-12-09,PC,INS,25503.0
2025-12-09,PC,OTR,3463.0
2025-12-10,PC,ENE,41456.0
2025-12-10,PC,MOB,7115.0
2025-12-10,PC,INS,16971.0
2025-12-10,PC,OTR,1748.0
2025-12-11,PC,ENE,39001.0
2025-12-11,PC,MOB,6926.0
2025-12-11,PC,INS,26904.0
2025-12-11,PC,OTR,2069.0
2025-12-12,PC,ENE,46520.0
2025-12-12,PC,MOB,7234.0
2025-12-12,PC,INS,27053.0
2025-12-12,PC,OTR,3156.0
2025-12-13,PC,ENE,40544.0
2025-12-13,PC,MOB,7138.0
2025-12-13,PC,INS,23743.0
2025-12-13,PC,OTR,3024.0
2025-12-14,PC,ENE,41948.0
2025-12-14,PC,MOB,7187.0
2025-12-14,PC,INS,24451.0
2025-12-14,PC,OTR,3009.0
2025-12-15,PC,ENE,39434.0
2025-12-15,PC,MOB,7300.0
2025-12-15,PC,INS,28759.0
2025-12-15,PC,OTR,3391.0
2025-12-16,PC,ENE,51374.0
2025-12-16,PC,MOB,7391.0
2025-12-16,PC,INS,27716.0
2025-12-16,PC,OTR,3119.0
2025-12-17,PC,ENE,47495.0
2025-12-17,PC,MOB,7323.0
2025-12-17,PC,INS,27165.0
2025-12-17,PC,OTR,2174.0
2025-12-18,PC,ENE,45812.0
2025-12-18,PC,MOB,7267.0
2025-12-18,PC,INS,26579.0
2025-12-18,PC,OTR,2616.0
2025-12-19,PC,ENE,48972.0
2025-12-19,PC,MOB,7324.0
2025-12-19,PC,INS,27409.0
2025-12-19,PC,OTR,3403.0
2025-12-20,PC,ENE,39495.0
2025-12-20,PC,MOB,7160.0
2025-12-20,PC,INS,24200.0
2025-12-20,PC,OTR,2467.0
2025-12-21,PC,ENE,41969.0
2025-12-21,PC,MOB,7255.0
2025-12-21,PC,INS,22330.0
2025-12-21,PC,OTR,1557.0
2025-12-22,PC,ENE,47489.0
2025-12-22,PC,MOB,7206.0
2025-12-22,PC,INS,20121.0
2025-12-22,PC,OTR,2854.0
2025-12-23,PC,ENE,40700.0
2025-12-23,PC,MOB,7364.0
2025-12-23,PC,INS,29223.0
2025-12-23,PC,OTR,3241.0
2025-12-24,PC,ENE,46994.0
2025-12-24,PC,MOB,6936.0
2025-12-24,PC,INS,27987.0
2025-12-24,PC,OTR,3346.0
2025-12-25,PC,ENE,44773.0
2025-12-25,PC,MOB,7009.0
2025-12-25,PC,INS,20003.0
2025-12-25,PC,OTR,1923.0
2025-12-26,PC,ENE,47691.0
2025-12-26,PC,MOB,7239.0
2025-12-26,PC,INS,21719.0
2025-12-26,PC,OTR,2038.0
2025-12-27,PC,ENE,39517.0
2025-12-27,PC,MOB,7217.0
2025-12-27,PC,INS,25576.0
2025-12-27,PC,OTR,3466.0
2025-12-28,PC,ENE,46620.0
2025-12-28,PC,MOB,7022.0
2025-12-28,PC,INS,30896.0
2025-12-28,PC,OTR,2848.0
2025-12-29,PC,ENE,45642.0
2025-12-29,PC,MOB,7202.0
2025-12-29,PC,INS,22790.0
2025-12-29,PC,OTR,1804.0
2025-12-30,PC,ENE,41475.0
2025-12-30,PC,MOB,7151.0
2025-12-30,PC,INS,25260.0
2025-12-30,PC,OTR,2378.0
2025-12-31,PC,ENE,51639.0
2025-12-31,PC,MOB,7244.0
2025-12-31,PC,INS,19825.0
2025-12-31,PC,OTR,3372.0
2026-01-01,PC,ENE,44769.0
2026-01-01,PC,MOB,7208.0
2026-01-01,PC,INS,23495.0
2026-01-01,PC,OTR,3463.0
2026-01-02,PC,ENE,37635.0
2026-01-02,PC,MOB,7116.0
2026-01-02,PC,INS,26644.0
2026-01-02,PC,OTR,2415.0
2026-01-03,PC,ENE,41708.0
2026-01-03,PC,MOB,7190.0
2026-01-03,PC,INS,20709.0
2026-01-03,PC,OTR,2626.0
2026-01-04,PC,ENE,41068.0
2026-01-04,PC,MOB,7121.0
2026-01-04,PC,INS,24264.0
2026-01-04,PC,OTR,3287.0
2026-01-05,PC,ENE,38080.0
2026-01-05,PC,MOB,7282.0
2026-01-05,PC,INS,25188.0
2026-01-05,PC,OTR,2537.0
2026-01-06,PC,ENE,49264.0
2026-01-06,PC,MOB,7112.0
2026-01-06,PC,INS,24518.0
2026-01-06,PC,OTR,2397.0
2026-01-07,PC,ENE,44360.0
2026-01-07,PC,MOB,7257.0
2026-01-07,PC,INS,28431.0
2026-01-07,PC,OTR,1894.0
2026-01-08,PC,ENE,43302.0
2026-01-08,PC,MOB,7273.0
2026-01-08,PC,INS,21587.0
2026-01-08,PC,OTR,2874.0
2026-01-09,PC,ENE,41533.0
2026-01-09,PC,MOB,7229.0
2026-01-09,PC,INS,30166.0
2026-01-09,PC,OTR,2160.0
2026-01-10,PC,ENE,41736.0
2026-01-10,PC,MOB,7263.0
2026-01-10,PC,INS,28466.0
2026-01-10,PC,OTR,3469.0
2026-01-11,PC,ENE,44356.0
2026-01-11,PC,MOB,6988.0
2026-01-11,PC,INS,23478.0
2026-01-11,PC,OTR,2417.0
2026-01-12,PC,ENE,45393.0
2026-01-12,PC,MOB,7183.0
2026-01-12,PC,INS,26733.0
2026-01-12,PC,OTR,2626.0
2026-01-13,PC,ENE,45957.0
2026-01-13,PC,MOB,7295.0
2026-01-13,PC,INS,29820.0
2026-01-13,PC,OTR,2448.0
2026-01-14,PC,ENE,41356.0
2026-01-14,PC,MOB,7308.0
2026-01-14,PC,INS,23631.0
2026-01-14,PC,OTR,2563.0
2026-01-15,PC,ENE,32662.0
2026-01-15,PC,MOB,7357.0
2026-01-15,PC,INS,14240.0
2026-01-15,PC,OTR,1725.0
2026-01-16,PC,ENE,47117.0
2026-01-16,PC,MOB,7252.0
2026-01-16,PC,INS,24782.0
2026-01-16,PC,OTR,2389.0
2026-01-17,PC,ENE,41913.0
2026-01-17,PC,MOB,7025.0
2026-01-17,PC,INS,27967.0
2026-01-17,PC,OTR,2484.0
2026-01-18,PC,ENE,42559.0
2026-01-18,PC,MOB,7204.0
2026-01-18,PC,INS,19092.0
2026-01-18,PC,OTR,2549.0
2026-01-19,PC,ENE,44508.0
2026-01-19,PC,MOB,7145.0
2026-01-19,PC,INS,22576.0
2026-01-19,PC,OTR,2265.0
2026-01-20,PC,ENE,42203.0
2026-01-20,PC,MOB,7122.0
2026-01-20,PC,INS,28688.0
2026-01-20,PC,OTR,2128.0
2026-01-21,PC,ENE,47963.0
2026-01-21,PC,MOB,7270.0
2026-01-21,PC,INS,25325.0
2026-01-21,PC,OTR,1970.0
2026-01-22,PC,ENE,41757.0
2026-01-22,PC,MOB,7063.0
2026-01-22,PC,INS,25460.0
2026-01-22,PC,OTR,1563.0
2026-01-23,PC,ENE,36504.0
2026-01-23,PC,MOB,7203.0
2026-01-23,PC,INS,24528.0
2026-01-23,PC,OTR,1849.0
2026-01-24,PC,ENE,36519.0
2026-01-24,PC,MOB,7217.0
2026-01-24,PC,INS,17368.0
2026-01-24,PC,OTR,3367.0
2026-01-25,PC,ENE,39130.0
2026-01-25,PC,MOB,7306.0
2026-01-25,PC,INS,24247.0
2026-01-25,PC,OTR,1555.0
2026-01-26,PC,ENE,41980.0
2026-01-26,PC,MOB,6996.0
2026-01-26,PC,INS,28196.0
2026-01-26,PC,OTR,2464.0
2026-01-27,PC,ENE,41878.0
2026-01-27,PC,MOB,7209.0
2026-01-27,PC,INS,19890.0
2026-01-27,PC,OTR,3418.0
2026-01-28,PC,ENE,39231.0
2026-01-28,PC,MOB,6975.0
2026-01-28,PC,INS,24026.0
2026-01-28,PC,OTR,2169.0
2026-01-29,PC,ENE,41033.0
2026-01-29,PC,MOB,7130.0
2026-01-29,PC,INS,24693.0
2026-01-29,PC,OTR,2333.0
2026-01-30,PC,ENE,40426.0
2026-01-30,PC,MOB,7206.0
2026-01-30,PC,INS,21154.0
2026-01-30,PC,OTR,2788.0
2026-01-31,PC,ENE,40905.0
2026-01-31,PC,MOB,7258.0
2026-01-31,PC,INS,22042.0
2026-01-31,PC,OTR,3461.0
2026-02-01,PC,ENE,37926.0
2026-02-01,PC,MOB,7020.0
2026-02-01,PC,INS,25201.0
2026-02-01,PC,OTR,2153.0
2026-02-02,PC,ENE,40353.0
2026-02-02,PC,MOB,7142.0
2026-02-02,PC,INS,27276.0
2026-02-02,PC,OTR,1681.0
2026-02-03,PC,ENE,36696.0
2026-02-03,PC,MOB,7238.0
2026-02-03,PC,INS,21750.0
2026-02-03,PC,OTR,3374.0
2026-02-04,PC,ENE,41919.0
2026-02-04,PC,MOB,7160.0
2026-02-04,PC,INS,22467.0
2026-02-04,PC,OTR,3244.0
2026-02-05,PC,ENE,36562.0
2026-02-05,PC,MOB,7334.0
2026-02-05,PC,INS,23790.0
2026-02-05,PC,OTR,2390.0
2026-02-06,PC,ENE,40173.0
2026-02-06,PC,MOB,7257.0
2026-02-06,PC,INS,20204.0
2026-02-06,PC,OTR,3077.0
2026-02-07,PC,ENE,37924.0
2026-02-07,PC,MOB,7096.0
2026-02-07,PC,INS,28397.0
2026-02-07,PC,OTR,1887.0
2026-02-08,PC,ENE,42488.0
2026-02-08,PC,MOB,6987.0
2026-02-08,PC,INS,18135.0
2026-02-08,PC,OTR,3086.0
2026-02-09,PC,ENE,40906.0
2026-02-09,PC,MOB,7008.0
2026-02-09,PC,INS,23331.0
2026-02-09,PC,OTR,1614.0
2026-02-10,PC,ENE,41285.0
2026-02-10,PC,MOB,6979.0
2026-02-10,PC,INS,29821.0
2026-02-10,PC,OTR,2026.0
2026-02-11,PC,ENE,38340.0
2026-02-11,PC,MOB,7071.0
2026-02-11,PC,INS,26779.0
2026-02-11,PC,OTR,2401.0
2026-02-12,PC,ENE,44850.0
2026-02-12,PC,MOB,7265.0
2026-02-12,PC,INS,22911.0
2026-02-12,PC,OTR,2932.0
2026-02-13,PC,ENE,47081.0
2026-02-13,PC,MOB,7157.0
2026-02-13,PC,INS,25500.0
2026-02-13,PC,OTR,3416.0
2026-02-14,PC,ENE,43975.0
2026-02-14,PC,MOB,7045.0
2026-02-14,PC,INS,24569.0
2026-02-14,PC,OTR,3449.0
2026-02-15,PC,ENE,47448.0
2026-02-15,PC,MOB,7168.0
2026-02-15,PC,INS,24963.0
2026-02-15,PC,OTR,3086.0
2026-02-16,PC,ENE,40419.0
2026-02-16,PC,MOB,7136.0
2026-02-16,PC,INS,21363.0
2026-02-16,PC,OTR,3253.0
2026-02-17,PC,ENE,43253.0
2026-02-17,PC,MOB,7261.0
2026-02-17,PC,INS,25189.0
2026-02-17,PC,OTR,3137.0
2026-02-18,PC,ENE,36802.0
2026-02-18,PC,MOB,7102.0
2026-02-18,PC,INS,20438.0
2026-02-18,PC,OTR,3307.0
2026-02-19,PC,ENE,43677.0
2026-02-19,PC,MOB,7223.0
2026-02-19,PC,INS,19697.0
2026-02-19,PC,OTR,1763.0
2026-02-20,PC,ENE,44223.0
2026-02-20,PC,MOB,7014.0
2026-02-20,PC,INS,19530.0
2026-02-20,PC,OTR,2567.0
2026-02-21,PC,ENE,40911.0
2026-02-21,PC,MOB,7177.0
2026-02-21,PC,INS,20846.0
2026-02-21,PC,OTR,2210.0
2026-02-22,PC,ENE,37099.0
2026-02-22,PC,MOB,7468.0
2026-02-22,PC,INS,22419.0
2026-02-22,PC,OTR,3220.0
2026-02-23,PC,ENE,40777.0
2026-02-23,PC,MOB,7153.0
2026-02-23,PC,INS,27069.0
2026-02-23,PC,OTR,3077.0
2026-02-24,PC,ENE,43130.0
2026-02-24,PC,MOB,7168.0
2026-02-24,PC,INS,22201.0
2026-02-24,PC,OTR,2403.0
2026-02-25,PC,ENE,40664.0
2026-02-25,PC,MOB,7214.0
2026-02-25,PC,INS,22017.0
2026-02-25,PC,OTR,2676.0
2026-02-26,PC,ENE,44171.0
2026-02-26,PC,MOB,7116.0
2026-02-26,PC,INS,25862.0
2026-02-26,PC,OTR,3456.0
2026-02-27,PC,ENE,43710.0
2026-02-27,PC,MOB,7183.0
2026-02-27,PC,INS,16468.0
2026-02-27,PC,OTR,1597.0
2026-02-28,PC,ENE,39044.0
2026-02-28,PC,MOB,7100.0
2026-02-28,PC,INS,23604.0
2026-02-28,PC,OTR,2053.0
2026-03-01,PC,ENE,47464.0
2026-03-01,PC,MOB,7178.0
2026-03-01,PC,INS,20731.0
2026-03-01,PC,OTR,2716.0
2026-03-02,PC,ENE,44705.0
2026-03-02,PC,MOB,7246.0
2026-03-02,PC,INS,20574.0
2026-03-02,PC,OTR,2900.0
2026-03-03,PC,ENE,42895.0
2026-03-03,PC,MOB,6732.0
2026-03-03,PC,INS,19625.0
2026-03-03,PC,OTR,3481.0
2026-03-04,PC,ENE,42106.0
2026-03-04,PC,MOB,6986.0
2026-03-04,PC,INS,25408.0
2026-03-04,PC,OTR,3147.0
2026-03-05,PC,ENE,38286.0
2026-03-05,PC,MOB,7119.0
2026-03-05,PC,INS,24459.0
2026-03-05,PC,OTR,2176.0
2026-03-06,PC,ENE,45867.0
2026-03-06,PC,MOB,7257.0
2026-03-06,PC,INS,20547.0
2026-03-06,PC,OTR,2383.0
2026-03-07,PC,ENE,41522.0
2026-03-07,PC,MOB,7270.0
2026-03-07,PC,INS,24796.0
2026-03-07,PC,OTR,2061.0
2026-03-08,PC,ENE,43852.0
2026-03-08,PC,MOB,7001.0
2026-03-08,PC,INS,25476.0
2026-03-08,PC,OTR,1594.0
2026-03-09,PC,ENE,42181.0
2026-03-09,PC,MOB,6940.0
2026-03-09,PC,INS,30153.0
2026-03-09,PC,OTR,2026.0
2026-03-10,PC,ENE,37683.0
2026-03-10,PC,MOB,7190.0
2026-03-10,PC,INS,24680.0
2026-03-10,PC,OTR,1572.0
2026-03-11,PC,ENE,37034.0
2026-03-11,PC,MOB,7301.0
2026-03-11,PC,INS,24212.0
2026-03-11,PC,OTR,3349.0
2026-03-12,PC,ENE,45971.0
2026-03-12,PC,MOB,7273.0
2026-03-12,PC,INS,24641.0
2026-03-12,PC,OTR,2253.0
2026-03-13,PC,ENE,39067.0
2026-03-13,PC,MOB,7345.0
2026-03-13,PC,INS,28366.0
2026-03-13,PC,OTR,2015.0
2026-03-14,PC,ENE,38718.0
2026-03-14,PC,MOB,7429.0
2026-03-14,PC,INS,20995.0
2026-03-14,PC,OTR,1614.0
2026-03-15,PC,ENE,46641.0
2026-03-15,PC,MOB,7329.0
2026-03-15,PC,INS,27920.0
2026-03-15,PC,OTR,3163.0
2026-03-16,PC,ENE,46536.0
2026-03-16,PC,MOB,7271.0
2026-03-16,PC,INS,23372.0
2026-03-16,PC,OTR,2056.0
2026-03-17,PC,ENE,43728.0
2026-03-17,PC,MOB,7174.0
2026-03-17,PC,INS,19411.0
2026-03-17,PC,OTR,1615.0
2026-03-18,PC,ENE,45135.0
2026-03-18,PC,MOB,6824.0
2026-03-18,PC,INS,27817.0
2026-03-18,PC,OTR,3121.0
2026-03-19,PC,ENE,45486.0
2026-03-19,PC,MOB,7312.0
2026-03-19,PC,INS,21409.0
2026-03-19,PC,OTR,1504.0
2026-03-20,PC,ENE,45283.0
2026-03-20,PC,MOB,7202.0
2026-03-20,PC,INS,24834.0
2026-03-20,PC,OTR,2594.0
2026-03-21,PC,ENE,43485.0
2026-03-21,PC,MOB,7161.0
2026-03-21,PC,INS,17277.0
2026-03-21,PC,OTR,2621.0
2026-03-22,PC,ENE,48186.0
2026-03-22,PC,MOB,7115.0
2026-03-22,PC,INS,29338.0
2026-03-22,PC,OTR,3089.0
2026-03-23,PC,ENE,39902.0
2026-03-23,PC,MOB,7460.0
2026-03-23,PC,INS,18527.0
2026-03-23,PC,OTR,3318.0
2026-03-24,PC,ENE,43760.0
2026-03-24,PC,MOB,7248.0
2026-03-24,PC,INS,23196.0
2026-03-24,PC,OTR,1602.0
2026-03-25,PC,ENE,45101.0
2026-03-25,PC,MOB,7053.0
2026-03-25,PC,INS,22793.0
2026-03-25,PC,OTR,3070.0
2026-03-26,PC,ENE,49341.0
2026-03-26,PC,MOB,6957.0
2026-03-26,PC,INS,18935.0
2026-03-26,PC,OTR,1700.0
2026-03-27,PC,ENE,45257.0
2026-03-27,PC,MOB,6992.0
2026-03-27,PC,INS,25922.0
2026-03-27,PC,OTR,2799.0
2026-03-28,PC,ENE,46673.0
2026-03-28,PC,MOB,6868.0
2026-03-28,PC,INS,24810.0
2026-03-28,PC,OTR,2470.0
2026-03-29,PC,ENE,46260.0
2026-03-29,PC,MOB,7250.0
2026-03-29,PC,INS,29557.0
2026-03-29,PC,OTR,2297.0
2026-03-30,PC,ENE,46931.0
2026-03-30,PC,MOB,7225.0
2026-03-30,PC,INS,21792.0
2026-03-30,PC,OTR,2597.0
2026-03-31,PC,ENE,43143.0
2026-03-31,PC,MOB,7360.0
2026-03-31,PC,INS,28757.0
2026-03-31,PC,OTR,2787.0
2026-04-01,PC,ENE,41681.0
2026-04-01,PC,MOB,7196.0
2026-04-01,PC,INS,24474.0
2026-04-01,PC,OTR,2863.0
2026-04-02,PC,ENE,47136.0
2026-04-02,PC,MOB,7326.0
2026-04-02,PC,INS,27445.0
2026-04-02,PC,OTR,1612.0
2026-04-03,PC,ENE,50512.0
2026-04-03,PC,MOB,7084.0
2026-04-03,PC,INS,24026.0
2026-04-03,PC,OTR,3260.0
2026-04-04,PC,ENE,51470.0
2026-04-04,PC,MOB,7161.0
2026-04-04,PC,INS,29450.0
2026-04-04,PC,OTR,1790.0
2026-04-05,PC,ENE,37838.0
2026-04-05,PC,MOB,7268.0
2026-04-05,PC,INS,28100.0
2026-04-05,PC,OTR,2476.0
2026-04-06,PC,ENE,47883.0
2026-04-06,PC,MOB,7432.0
2026-04-06,PC,INS,24994.0
2026-04-06,PC,OTR,3371.0
2026-04-07,PC,ENE,46749.0
2026-04-07,PC,MOB,7267.0
2026-04-07,PC,INS,30708.0
2026-04-07,PC,OTR,2856.0
2026-04-08,PC,ENE,41399.0
2026-04-08,PC,MOB,7358.0
2026-04-08,PC,INS,19101.0
2026-04-08,PC,OTR,3140.0
2026-04-09,PC,ENE,46604.0
2026-04-09,PC,MOB,7237.0
2026-04-09,PC,INS,26977.0
2026-04-09,PC,OTR,3498.0
2026-04-10,PC,ENE,51596.0
2026-04-10,PC,MOB,7388.0
2026-04-10,PC,INS,34375.0
2026-04-10,PC,OTR,3294.0
2026-04-11,PC,ENE,37460.0
2026-04-11,PC,MOB,7292.0
2026-04-11,PC,INS,24371.0
2026-04-11,PC,OTR,2274.0
2026-04-12,PC,ENE,41097.0
2026-04-12,PC,MOB,7442.0
2026-04-12,PC,INS,22931.0
2026-04-12,PC,OTR,3010.0
2026-04-13,PC,ENE,47682.0
2026-04-13,PC,MOB,7130.0
2026-04-13,PC,INS,32331.0
2026-04-13,PC,OTR,2476.0
2026-04-14,PC,ENE,51177.0
2026-04-14,PC,MOB,7193.0
2026-04-14,PC,INS,30037.0
2026-04-14,PC,OTR,1597.0
2026-04-15,PC,ENE,42809.0
2026-04-15,PC,MOB,7217.0
2026-04-15,PC,INS,34537.0
2026-04-15,PC,OTR,1712.0
2026-04-16,PC,ENE,46099.0
2026-04-16,PC,MOB,7323.0
2026-04-16,PC,INS,21188.0
2026-04-16,PC,OTR,3347.0
2026-04-17,PC,ENE,48717.0
2026-04-17,PC,MOB,7025.0
2026-04-17,PC,INS,32115.0
2026-04-17,PC,OTR,3190.0
2026-04-18,PC,ENE,44786.0
2026-04-18,PC,MOB,7251.0
2026-04-18,PC,INS,28081.0
2026-04-18,PC,OTR,3198.0
2026-04-19,PC,ENE,43674.0
2026-04-19,PC,MOB,7190.0
2026-04-19,PC,INS,30065.0
2026-04-19,PC,OTR,2145.0
2026-04-20,PC,ENE,42478.0
2026-04-20,PC,MOB,7183.0
2026-04-20,PC,INS,22869.0
2026-04-20,PC,OTR,2356.0
2026-04-21,PC,ENE,35602.0
2026-04-21,PC,MOB,7112.0
2026-04-21,PC,INS,22302.0
2026-04-21,PC,OTR,2581.0
2026-04-22,PC,ENE,40982.0
2026-04-22,PC,MOB,7282.0
2026-04-22,PC,INS,24490.0
2026-04-22,PC,OTR,3097.0
2026-04-23,PC,ENE,43462.0
2026-04-23,PC,MOB,7231.0
2026-04-23,PC,INS,20173.0
2026-04-23,PC,OTR,3116.0
2026-04-24,PC,ENE,43718.0
2026-04-24,PC,MOB,7326.0
2026-04-24,PC,INS,20416.0
2026-04-24,PC,OTR,2975.0
2026-04-25,PC,ENE,36664.0
2026-04-25,PC,MOB,7239.0
2026-04-25,PC,INS,17271.0
2026-04-25,PC,OTR,3498.0
2026-04-26,PC,ENE,46430.0
2026-04-26,PC,MOB,7195.0
2026-04-26,PC,INS,25222.0
2026-04-26,PC,OTR,1927.0
2026-04-27,PC,ENE,41566.0
2026-04-27,PC,MOB,7202.0
2026-04-27,PC,INS,25121.0
2026-04-27,PC,OTR,2192.0
2026-04-28,PC,ENE,42480.0
2026-04-28,PC,MOB,7156.0
2026-04-28,PC,INS,23170.0
2026-04-28,PC,OTR,3419.0
2026-04-29,PC,ENE,49268.0
2026-04-29,PC,MOB,7197.0
2026-04-29,PC,INS,24174.0
2026-04-29,PC,OTR,2166.0
2026-04-30,PC,ENE,51488.0
2026-04-30,PC,MOB,7163.0
2026-04-30,PC,INS,25120.0
2026-04-30,PC,OTR,3389.0
2026-05-01,PC,ENE,45826.0
2026-05-01,PC,MOB,7056.0
2026-05-01,PC,INS,26054.0
2026-05-01,PC,OTR,2564.0
2026-05-02,PC,ENE,50790.0
2026-05-02,PC,MOB,7175.0
2026-05-02,PC,INS,30724.0
2026-05-02,PC,OTR,1885.0
2026-05-03,PC,ENE,50741.0
2026-05-03,PC,MOB,7207.0
2026-05-03,PC,INS,29387.0
2026-05-03,PC,OTR,3476.0
2026-05-04,PC,ENE,42654.0
2026-05-04,PC,MOB,6959.0
2026-05-04,PC,INS,28609.0
2026-05-04,PC,OTR,1971.0
2026-05-05,PC,ENE,48863.0
2026-05-05,PC,MOB,7182.0
2026-05-05,PC,INS,28061.0
2026-05-05,PC,OTR,3317.0
2026-05-06,PC,ENE,42814.0
2026-05-06,PC,MOB,7250.0
2026-05-06,PC,INS,28226.0
2026-05-06,PC,OTR,2815.0
2026-05-07,PC,ENE,50915.0
2026-05-07,PC,MOB,7296.0
2026-05-07,PC,INS,31091.0
2026-05-07,PC,OTR,2526.0
2026-05-08,PC,ENE,44354.0
2026-05-08,PC,MOB,7370.0
2026-05-08,PC,INS,26877.0
2026-05-08,PC,OTR,3381.0
2026-05-09,PC,ENE,51859.0
2026-05-09,PC,MOB,7529.0
2026-05-09,PC,INS,22161.0
2026-05-09,PC,OTR,1512.0
2026-05-10,PC,ENE,42625.0
2026-05-10,PC,MOB,7244.0
2026-05-10,PC,INS,24652.0
2026-05-10,PC,OTR,3062.0
2026-05-11,PC,ENE,44659.0
2026-05-11,PC,MOB,7277.0
2026-05-11,PC,INS,21297.0
2026-05-11,PC,OTR,3124.0
2026-05-12,PC,ENE,46039.0
2026-05-12,PC,MOB,6963.0
2026-05-12,PC,INS,25543.0
2026-05-12,PC,OTR,3162.0
2026-05-13,PC,ENE,46661.0
2026-05-13,PC,MOB,7205.0
2026-05-13,PC,INS,35284.0
2026-05-13,PC,OTR,2831.0
2026-05-14,PC,ENE,44019.0
2026-05-14,PC,MOB,7418.0
2026-05-14,PC,INS,23585.0
2026-05-14,PC,OTR,2445.0
2026-05-15,PC,ENE,44337.0
2026-05-15,PC,MOB,7311.0
2026-05-15,PC,INS,22322.0
2026-05-15,PC,OTR,2315.0
2026-05-16,PC,ENE,40241.0
2026-05-16,PC,MOB,7313.0
2026-05-16,PC,INS,17215.0
2026-05-16,PC,OTR,2465.0
2026-05-17,PC,ENE,47037.0
2026-05-17,PC,MOB,7172.0
2026-05-17,PC,INS,23858.0
2026-05-17,PC,OTR,1852.0
2026-05-18,PC,ENE,43950.0
2026-05-18,PC,MOB,7125.0
2026-05-18,PC,INS,30812.0
2026-05-18,PC,OTR,3313.0
2026-05-19,PC,ENE,40222.0
2026-05-19,PC,MOB,7349.0
2026-05-19,PC,INS,29083.0
2026-05-19,PC,OTR,1703.0
2026-05-20,PC,ENE,40722.0
2026-05-20,PC,MOB,7564.0
2026-05-20,PC,INS,19736.0
2026-05-20,PC,OTR,3280.0
2026-05-21,PC,ENE,44106.0
2026-05-21,PC,MOB,7095.0
2026-05-21,PC,INS,23914.0
2026-05-21,PC,OTR,2136.0
2026-05-22,PC,ENE,48830.0
2026-05-22,PC,MOB,7179.0
2026-05-22,PC,INS,26869.0
2026-05-22,PC,OTR,1781.0
2026-05-23,PC,ENE,50106.0
2026-05-23,PC,MOB,7119.0
2026-05-23,PC,INS,32470.0
2026-05-23,PC,OTR,2772.0
2026-05-24,PC,ENE,43991.0
2026-05-24,PC,MOB,7153.0
2026-05-24,PC,INS,25946.0
2026-05-24,PC,OTR,2911.0
2026-05-25,PC,ENE,40719.0
2026-05-25,PC,MOB,6904.0
2026-05-25,PC,INS,27550.0
2026-05-25,PC,OTR,3071.0
2026-05-26,PC,ENE,42048.0
2026-05-26,PC,MOB,7232.0
2026-05-26,PC,INS,23489.0
2026-05-26,PC,OTR,2190.0
2026-05-27,PC,ENE,43799.0
2026-05-27,PC,MOB,7285.0
2026-05-27,PC,INS,30529.0
2026-05-27,PC,OTR,2549.0
2026-05-28,PC,ENE,41990.0
2026-05-28,PC,MOB,7033.0
2026-05-28,PC,INS,28494.0
2026-05-28,PC,OTR,2516.0
2026-05-29,PC,ENE,50721.0
2026-05-29,PC,MOB,7174.0
2026-05-29,PC,INS,26471.0
2026-05-29,PC,OTR,2588.0
2026-05-30,PC,ENE,44735.0
2026-05-30,PC,MOB,7063.0
2026-05-30,PC,INS,23066.0
2026-05-30,PC,OTR,2778.0
2026-05-31,PC,ENE,36827.0
2026-05-31,PC,MOB,7214.0
2026-05-31,PC,INS,14858.0
2026-05-31,PC,OTR,3173.0
2026-06-01,PC,ENE,37096.0
2026-06-01,PC,MOB,6937.0
2026-06-01,PC,INS,22243.0
2026-06-01,PC,OTR,2227.0
2026-06-02,PC,ENE,43266.0
2026-06-02,PC,MOB,7210.0
2026-06-02,PC,INS,29817.0
2026-06-02,PC,OTR,3346.0
2026-06-03,PC,ENE,48659.0
2026-06-03,PC,MOB,7188.0
2026-06-03,PC,INS,26046.0
2026-06-03,PC,OTR,3335.0
2026-06-04,PC,ENE,47579.0
2026-06-04,PC,MOB,6979.0
2026-06-04,PC,INS,23266.0
2026-06-04,PC,OTR,3049.0
2026-06-05,PC,ENE,44702.0
2026-06-05,PC,MOB,7167.0
2026-06-05,PC,INS,25881.0
2026-06-05,PC,OTR,2061.0
2026-06-06,PC,ENE,40017.0
2026-06-06,PC,MOB,7049.0
2026-06-06,PC,INS,22152.0
2026-06-06,PC,OTR,2128.0
2026-06-07,PC,ENE,49865.0
2026-06-07,PC,MOB,7170.0
2026-06-07,PC,INS,23628.0
2026-06-07,PC,OTR,2799.0
2026-06-08,PC,ENE,45272.0
2026-06-08,PC,MOB,7094.0
2026-06-08,PC,INS,29396.0
2026-06-08,PC,OTR,2814.0
2026-06-09,PC,ENE,44615.0
2026-06-09,PC,MOB,7223.0
2026-06-09,PC,INS,19123.0
2026-06-09,PC,OTR,3056.0
2026-06-10,PC,ENE,46336.0
2026-06-10,PC,MOB,7008.0
2026-06-10,PC,INS,21203.0
2026-06-10,PC,OTR,1984.0
2026-06-11,PC,ENE,41916.0
2026-06-11,PC,MOB,7007.0
2026-06-11,PC,INS,24189.0
2026-06-11,PC,OTR,1984.0
2026-06-12,PC,ENE,41321.0
2026-06-12,PC,MOB,7225.0
2026-06-12,PC,INS,29625.0
2026-06-12,PC,OTR,2348.0
2026-06-13,PC,ENE,47835.0
2026-06-13,PC,MOB,7324.0
2026-06-13,PC,INS,22268.0
2026-06-13,PC,OTR,2569.0
2026-06-14,PC,ENE,48433.0
2026-06-14,PC,MOB,7102.0
2026-06-14,PC,INS,23544.0
2026-06-14,PC,OTR,3259.0
2026-06-15,PC,ENE,46468.0
2026-06-15,PC,MOB,7127.0
2026-06-15,PC,INS,33018.0
2026-06-15,PC,OTR,3360.0
2026-06-16,PC,ENE,46485.0
2026-06-16,PC,MOB,7251.0
2026-06-16,PC,INS,29363.0
2026-06-16,PC,OTR,2420.0
2026-06-17,PC,ENE,43036.0
2026-06-17,PC,MOB,7434.0
2026-06-17,PC,INS,33252.0
2026-06-17,PC,OTR,3082.0
2026-06-18,PC,ENE,49166.0
2026-06-18,PC,MOB,7315.0
2026-06-18,PC,INS,28527.0
2026-06-18,PC,OTR,3213.0
2026-06-19,PC,ENE,41361.0
2026-06-19,PC,MOB,7140.0
2026-06-19,PC,INS,23857.0
2026-06-19,PC,OTR,3203.0
2026-06-20,PC,ENE,44956.0
2026-06-20,PC,MOB,7251.0
2026-06-20,PC,INS,31104.0
2026-06-20,PC,OTR,3223.0
2026-06-21,PC,ENE,50470.0
2026-06-21,PC,MOB,7077.0
2026-06-21,PC,INS,24297.0
2026-06-21,PC,OTR,2083.0
2026-06-22,PC,ENE,41025.0
2026-06-22,PC,MOB,7289.0
2026-06-22,PC,INS,13787.0
2026-06-22,PC,OTR,2681.0
2026-06-23,PC,ENE,41529.0
2026-06-23,PC,MOB,7238.0
2026-06-23,PC,INS,30208.0
2026-06-23,PC,OTR,2036.0
2026-06-24,PC,ENE,49145.0
2026-06-24,PC,MOB,7132.0
2026-06-24,PC,INS,23266.0
2026-06-24,PC,OTR,1798.0
2026-06-25,PC,ENE,44488.0
2026-06-25,PC,MOB,7096.0
2026-06-25,PC,INS,25845.0
2026-06-25,PC,OTR,1744.0
2026-06-26,PC,ENE,49477.0
2026-06-26,PC,MOB,7170.0
2026-06-26,PC,INS,26705.0
2026-06-26,PC,OTR,3379.0
2026-06-27,PC,ENE,42892.0
2026-06-27,PC,MOB,7258.0
2026-06-27,PC,INS,23427.0
2026-06-27,PC,OTR,3214.0
2026-06-28,PC,ENE,45737.0
2026-06-28,PC,MOB,7376.0
2026-06-28,PC,INS,22378.0
2026-06-28,PC,OTR,3488.0
2026-06-29,PC,ENE,44567.0
2026-06-29,PC,MOB,7196.0
2026-06-29,PC,INS,25530.0
2026-06-29,PC,OTR,2903.0
2026-06-30,PC,ENE,47884.0
2026-06-30,PC,MOB,7279.0
2026-06-30,PC,INS,25961.0
2026-06-30,PC,OTR,3222.0
2026-07-01,PC,ENE,45821.0
2026-07-01,PC,MOB,7061.0
2026-07-01,PC,INS,30302.0
2026-07-01,PC,OTR,1646.0
2026-07-02,PC,ENE,41834.0
2026-07-02,PC,MOB,7303.0
2026-07-02,PC,INS,22862.0
2026-07-02,PC,OTR,3357.0
2026-07-03,PC,ENE,45102.0
2026-07-03,PC,MOB,6967.0
2026-07-03,PC,INS,22373.0
2026-07-03,PC,OTR,2890.0
2026-07-04,PC,ENE,44626.0
2026-07-04,PC,MOB,7253.0
2026-07-04,PC,INS,27771.0
2026-07-04,PC,OTR,3088.0
2026-07-05,PC,ENE,49127.0
2026-07-05,PC,MOB,7397.0
2026-07-05,PC,INS,29344.0
2026-07-05,PC,OTR,3074.0
2026-07-06,PC,ENE,45542.0
2026-07-06,PC,MOB,7292.0
2026-07-06,PC,INS,28843.0
2026-07-06,PC,OTR,2693.0
2026-07-07,PC,ENE,43055.0
2026-07-07,PC,MOB,7194.0
2026-07-07,PC,INS,25234.0
2026-07-07,PC,OTR,2707.0
2026-07-08,PC,ENE,41134.0
2026-07-08,PC,MOB,7167.0
2026-07-08,PC,INS,31405.0
2026-07-08,PC,OTR,1668.0
2026-07-09,PC,ENE,42465.0
2026-07-09,PC,MOB,7213.0
2026-07-09,PC,INS,21608.0
2026-07-09,PC,OTR,2912.0
2026-07-10,PC,ENE,39130.0
2026-07-10,PC,MOB,7364.0
2026-07-10,PC,INS,27875.0
2026-07-10,PC,OTR,1556.0
2026-07-11,PC,ENE,44281.0
2026-07-11,PC,MOB,7064.0
2026-07-11,PC,INS,26217.0
2026-07-11,PC,OTR,2613.0
2026-07-12,PC,ENE,41492.0
2026-07-12,PC,MOB,7221.0
2026-07-12,PC,INS,22086.0
2026-07-12,PC,OTR,1712.0
2026-07-13,PC,ENE,39075.0
2026-07-13,PC,MOB,7315.0
2026-07-13,PC,INS,15543.0
2026-07-13,PC,OTR,1642.0
2026-07-14,PC,ENE,43098.0
2026-07-14,PC,MOB,7599.0
2026-07-14,PC,INS,21394.0
2026-07-14,PC,OTR,2798.0
2026-07-15,PC,ENE,48054.0
2026-07-15,PC,MOB,7339.0
2026-07-15,PC,INS,23573.0
2026-07-15,PC,OTR,3428.0
2026-07-16,PC,ENE,38896.0
2026-07-16,PC,MOB,6949.0
2026-07-16,PC,INS,27894.0
2026-07-16,PC,OTR,1569.0
2026-07-17,PC,ENE,40623.0
2026-07-17,PC,MOB,6842.0
2026-07-17,PC,INS,26692.0
2026-07-17,PC,OTR,2788.0
2026-07-18,PC,ENE,45887.0
2026-07-18,PC,MOB,7500.0
2026-07-18,PC,INS,26275.0
2026-07-18,PC,OTR,2790.0
2026-07-19,PC,ENE,45391.0
2026-07-19,PC,MOB,7013.0
2026-07-19,PC,INS,23973.0
2026-07-19,PC,OTR,2712.0
2026-07-20,PC,ENE,46664.0
2026-07-20,PC,MOB,7167.0
2026-07-20,PC,INS,24069.0
2026-07-20,PC,OTR,2465.0
2026-07-21,PC,ENE,46780.0
2026-07-21,PC,MOB,7294.0
2026-07-21,PC,INS,24654.0
2026-07-21,PC,OTR,2263.0
2026-07-22,PC,ENE,44247.0
2026-07-22,PC,MOB,7230.0
2026-07-22,PC,INS,28899.0
2026-07-22,PC,OTR,2679.0
2026-07-23,PC,ENE,40822.0
2026-07-23,PC,MOB,7213.0
2026-07-23,PC,INS,24974.0
2026-07-23,PC,OTR,2955.0
2026-07-24,PC,ENE,33825.0
2026-07-24,PC,MOB,7462.0
2026-07-24,PC,INS,27828.0
2026-07-24,PC,OTR,2083.0
2026-07-25,PC,ENE,45841.0
2026-07-25,PC,MOB,7029.0
2026-07-25,PC,INS,20000.0
2026-07-25,PC,OTR,2512.0
2026-07-26,PC,ENE,40630.0
2026-07-26,PC,MOB,7196.0
2026-07-26,PC,INS,26754.0
2026-07-26,PC,OTR,2535.0
2026-07-27,PC,ENE,44417.0
2026-07-27,PC,MOB,7589.0
2026-07-27,PC,INS,17223.0
2026-07-27,PC,OTR,2586.0
2026-07-28,PC,ENE,42445.0
2026-07-28,PC,MOB,6986.0
2026-07-28,PC,INS,26551.0
2026-07-28,PC,OTR,1576.0
2026-07-29,PC,ENE,45864.0
2026-07-29,PC,MOB,7141.0
2026-07-29,PC,INS,25342.0
2026-07-29,PC,OTR,3175.0
2026-07-30,PC,ENE,42816.0
2026-07-30,PC,MOB,7549.0
2026-07-30,PC,INS,31006.0
2026-07-30,PC,OTR,2246.0
2026-07-31,PC,ENE,41342.0
2026-07-31,PC,MOB,7031.0
2026-07-31,PC,INS,24253.0
2026-07-31,PC,OTR,1748.0
2026-08-01,PC,ENE,40182.0
2026-08-01,PC,MOB,7157.0
2026-08-01,PC,INS,29852.0
2026-08-01,PC,OTR,2015.0
2026-08-02,PC,ENE,39556.0
2026-08-02,PC,MOB,6819.0
2026-08-02,PC,INS,25754.0
2026-08-02,PC,OTR,2149.0
2026-08-03,PC,ENE,44989.0
2026-08-03,PC,MOB,7172.0
2026-08-03,PC,INS,25720.0
2026-08-03,PC,OTR,2544.0
2026-08-04,PC,ENE,44934.0
2026-08-04,PC,MOB,7155.0
2026-08-04,PC,INS,29439.0
2026-08-04,PC,OTR,2269.0
2026-08-05,PC,ENE,40931.0
2026-08-05,PC,MOB,7221.0
2026-08-05,PC,INS,29094.0
2026-08-05,PC,OTR,2888.0
2026-08-06,PC,ENE,42027.0
2026-08-06,PC,MOB,7285.0
2026-08-06,PC,INS,23153.0
2026-08-06,PC,OTR,2170.0
2026-08-07,PC,ENE,41761.0
2026-08-07,PC,MOB,7189.0
2026-08-07,PC,INS,22833.0
2026-08-07,PC,OTR,3335.0
2026-08-08,PC,ENE,41198.0
2026-08-08,PC,MOB,7225.0
2026-08-08,PC,INS,23174.0
2026-08-08,PC,OTR,2287.0
2026-08-09,PC,ENE,41067.0
2026-08-09,PC,MOB,7358.0
2026-08-09,PC,INS,25720.0
2026-08-09,PC,OTR,1761.0
2026-08-10,PC,ENE,45822.0
2026-08-10,PC,MOB,7316.0
2026-08-10,PC,INS,24368.0
2026-08-10,PC,OTR,3444.0
2026-08-11,PC,ENE,41968.0
2026-08-11,PC,MOB,7343.0
2026-08-11,PC,INS,22096.0
2026-08-11,PC,OTR,3303.0
2026-08-12,PC,ENE,49499.0
2026-08-12,PC,MOB,7388.0
2026-08-12,PC,INS,28628.0
2026-08-12,PC,OTR,2307.0
2026-08-13,PC,ENE,48445.0
2026-08-13,PC,MOB,6882.0
2026-08-13,PC,INS,24309.0
2026-08-13,PC,OTR,1696.0
2026-08-14,PC,ENE,48825.0
2026-08-14,PC,MOB,7266.0
2026-08-14,PC,INS,23837.0
2026-08-14,PC,OTR,3098.0
2026-08-15,PC,ENE,43103.0
2026-08-15,PC,MOB,7113.0
2026-08-15,PC,INS,24704.0
2026-08-15,PC,OTR,3322.0
2026-08-16,PC,ENE,37754.0
2026-08-16,PC,MOB,7417.0
2026-08-16,PC,INS,16333.0
2026-08-16,PC,OTR,1972.0
2026-08-17,PC,ENE,45601.0
2026-08-17,PC,MOB,7117.0
2026-08-17,PC,INS,27437.0
2026-08-17,PC,OTR,3432.0
2026-08-18,PC,ENE,48356.0
2026-08-18,PC,MOB,7027.0
2026-08-18,PC,INS,25560.0
2026-08-18,PC,OTR,2066.0
2026-08-19,PC,ENE,43527.0
2026-08-19,PC,MOB,7449.0
2026-08-19,PC,INS,21319.0
2026-08-19,PC,OTR,2784.0
2026-08-20,PC,ENE,40611.0
2026-08-20,PC,MOB,7037.0
2026-08-20,PC,INS,24275.0
2026-08-20,PC,OTR,2364.0
2026-08-21,PC,ENE,44944.0
2026-08-21,PC,MOB,7164.0
2026-08-21,PC,INS,30841.0
2026-08-21,PC,OTR,2964.0
2026-08-22,PC,ENE,47416.0
2026-08-22,PC,MOB,7202.0
2026-08-22,PC,INS,24769.0
2026-08-22,PC,OTR,2878.0
2026-08-23,PC,ENE,35617.0
2026-08-23,PC,MOB,7342.0
2026-08-23,PC,INS,35224.0
2026-08-23,PC,OTR,2163.0
2026-08-24,PC,ENE,44368.0
2026-08-24,PC,MOB,6991.0
2026-08-24,PC,INS,23418.0
2026-08-24,PC,OTR,3090.0
2026-08-25,PC,ENE,49008.0
2026-08-25,PC,MOB,7160.0
2026-08-25,PC,INS,22964.0
2026-08-25,PC,OTR,2747.0
2026-08-26,PC,ENE,42415.0
2026-08-26,PC,MOB,7119.0
2026-08-26,PC,INS,24268.0
2026-08-26,PC,OTR,3418.0
2026-08-27,PC,ENE,43524.0
2026-08-27,PC,MOB,7275.0
2026-08-27,PC,INS,28042.0
2026-08-27,PC,OTR,2261.0
2026-08-28,PC,ENE,48056.0
2026-08-28,PC,MOB,7350.0
2026-08-28,PC,INS,30080.0
2026-08-28,PC,OTR,2783.0
2026-08-29,PC,ENE,50616.0
2026-08-29,PC,MOB,6988.0
2026-08-29,PC,INS,21897.0
2026-08-29,PC,OTR,2867.0
2026-08-30,PC,ENE,42666.0
2026-08-30,PC,MOB,7298.0
2026-08-30,PC,INS,27423.0
2026-08-30,PC,OTR,2096.0
2026-08-31,PC,ENE,44173.0
2026-08-31,PC,MOB,6966.0
2026-08-31,PC,INS,30691.0
2026-08-31,PC,OTR,1705.0
2026-09-01,PC,ENE,46013.0
2026-09-01,PC,MOB,7153.0
2026-09-01,PC,INS,27593.0
2026-09-01,PC,OTR,2913.0
2026-09-02,PC,ENE,44737.0
2026-09-02,PC,MOB,7405.0
2026-09-02,PC,INS,28739.0
2026-09-02,PC,OTR,2132.0
2026-09-03,PC,ENE,47697.0
2026-09-03,PC,MOB,7263.0
2026-09-03,PC,INS,16305.0
2026-09-03,PC,OTR,2585.0
2026-09-04,PC,ENE,46324.0
2026-09-04,PC,MOB,7398.0
2026-09-04,PC,INS,20973.0
2026-09-04,PC,OTR,1751.0
2026-09-05,PC,ENE,41911.0
2026-09-05,PC,MOB,7266.0
2026-09-05,PC,INS,23811.0
2026-09-05,PC,OTR,2621.0
2026-09-06,PC,ENE,48729.0
2026-09-06,PC,MOB,7111.0
2026-09-06,PC,INS,34405.0
2026-09-06,PC,OTR,3332.0
2026-09-07,PC,ENE,41732.0
2026-09-07,PC,MOB,7200.0
2026-09-07,PC,INS,30844.0
2026-09-07,PC,OTR,3106.0
2026-09-08,PC,ENE,47507.0
2026-09-08,PC,MOB,7334.0
2026-09-08,PC,INS,35400.0
2026-09-08,PC,OTR,1741.0
2026-09-09,PC,ENE,49842.0
2026-09-09,PC,MOB,7151.0
2026-09-09,PC,INS,30312.0
2026-09-09,PC,OTR,1847.0
2026-09-10,PC,ENE,44972.0
2026-09-10,PC,MOB,7008.0
2026-09-10,PC,INS,29113.0
2026-09-10,PC,OTR,1950.0
2026-09-11,PC,ENE,42694.0
2026-09-11,PC,MOB,7252.0
2026-09-11,PC,INS,24889.0
2026-09-11,PC,OTR,2076.0
2026-09-12,PC,ENE,43566.0
2026-09-12,PC,MOB,7433.0
2026-09-12,PC,INS,24980.0
2026-09-12,PC,OTR,3149.0
2026-09-13,PC,ENE,43582.0
2026-09-13,PC,MOB,7288.0
2026-09-13,PC,INS,27108.0
2026-09-13,PC,OTR,3143.0
2026-09-14,PC,ENE,48968.0
2026-09-14,PC,MOB,7286.0
2026-09-14,PC,INS,27595.0
2026-09-14,PC,OTR,3290.0
2026-09-15,PC,ENE,44774.0
2026-09-15,PC,MOB,7092.0
2026-09-15,PC,INS,22647.0
2026-09-15,PC,OTR,2067.0
2026-09-16,PC,ENE,45405.0
2026-09-16,PC,MOB,7331.0
2026-09-16,PC,INS,23296.0
2026-09-16,PC,OTR,1822.0
2026-09-17,PC,ENE,48907.0
2026-09-17,PC,MOB,7072.0
2026-09-17,PC,INS,23787.0
2026-09-17,PC,OTR,2323.0
2026-09-18,PC,ENE,42812.0
2026-09-18,PC,MOB,7264.0
2026-09-18,PC,INS,24862.0
2026-09-18,PC,OTR,3434.0
2026-09-19,PC,ENE,42946.0
2026-09-19,PC,MOB,7302.0
2026-09-19,PC,INS,21047.0
2026-09-19,PC,OTR,1628.0
2026-09-20,PC,ENE,38800.0
2026-09-20,PC,MOB,7079.0
2026-09-20,PC,INS,19446.0
2026-09-20,PC,OTR,1535.0
2026-09-21,PC,ENE,45473.0
2026-09-21,PC,MOB,7268.0
2026-09-21,PC,INS,25847.0
2026-09-21,PC,OTR,2007.0
2026-09-22,PC,ENE,42736.0
2026-09-22,PC,MOB,7083.0
2026-09-22,PC,INS,25629.0
2026-09-22,PC,OTR,2377.0
2026-09-23,PC,ENE,42941.0
2026-09-23,PC,MOB,7088.0
2026-09-23,PC,INS,24456.0
2026-09-23,PC,OTR,2624.0
2026-09-24,PC,ENE,44320.0
2026-09-24,PC,MOB,6962.0
2026-09-24,PC,INS,27698.0
2026-09-24,PC,OTR,2281.0
2026-09-25,PC,ENE,40080.0
2026-09-25,PC,MOB,7301.0
2026-09-25,PC,INS,20254.0
2026-09-25,PC,OTR,1708.0
2026-09-26,PC,ENE,43218.0
2026-09-26,PC,MOB,7459.0
2026-09-26,PC,INS,30433.0
2026-09-26,PC,OTR,3499.0
2026-09-27,PC,ENE,46925.0
2026-09-27,PC,MOB,7368.0
2026-09-27,PC,INS,26080.0
2026-09-27,PC,OTR,2128.0
2026-09-28,PC,ENE,43712.0
2026-09-28,PC,MOB,7327.0
2026-09-28,PC,INS,22185.0
2026-09-28,PC,OTR,2923.0
2026-09-29,PC,ENE,48669.0
2026-09-29,PC,MOB,7255.0
2026-09-29,PC,INS,23887.0
2026-09-29,PC,OTR,2398.0
2026-09-30,PC,ENE,42929.0
2026-09-30,PC,MOB,7162.0
2026-09-30,PC,INS,23464.0
2026-09-30,PC,OTR,1685.0
2026-10-01,PC,ENE,40011.0
2026-10-01,PC,MOB,7227.0
2026-10-01,PC,INS,26673.0
2026-10-01,PC,OTR,2225.0
2026-10-02,PC,ENE,50708.0
2026-10-02,PC,MOB,6931.0
2026-10-02,PC,INS,28188.0
2026-10-02,PC,OTR,2258.0
2026-10-03,PC,ENE,45086.0
2026-10-03,PC,MOB,7392.0
2026-10-03,PC,INS,28734.0
2026-10-03,PC,OTR,1614.0
2026-10-04,PC,ENE,50817.0
2026-10-04,PC,MOB,7484.0
2026-10-04,PC,INS,31838.0
2026-10-04,PC,OTR,3351.0
2026-10-05,PC,ENE,44813.0
2026-10-05,PC,MOB,7376.0
2026-10-05,PC,INS,26655.0
2026-10-05,PC,OTR,3036.0
2026-10-06,PC,ENE,44406.0
2026-10-06,PC,MOB,7396.0
2026-10-06,PC,INS,22358.0
2026-10-06,PC,OTR,2309.0
2026-10-07,PC,ENE,42646.0
2026-10-07,PC,MOB,7343.0
2026-10-07,PC,INS,24400.0
2026-10-07,PC,OTR,1776.0
2026-10-08,PC,ENE,42563.0
2026-10-08,PC,MOB,7361.0
2026-10-08,PC,INS,23121.0
2026-10-08,PC,OTR,2845.0
2026-10-09,PC,ENE,49010.0
2026-10-09,PC,MOB,7152.0
2026-10-09,PC,INS,31527.0
2026-10-09,PC,OTR,3496.0
2026-10-10,PC,ENE,49148.0
2026-10-10,PC,MOB,7205.0
2026-10-10,PC,INS,30843.0
2026-10-10,PC,OTR,3032.0
2026-10-11,PC,ENE,39077.0
2026-10-11,PC,MOB,7090.0
2026-10-11,PC,INS,23124.0
2026-10-11,PC,OTR,2343.0
2026-10-12,PC,ENE,44134.0
2026-10-12,PC,MOB,6931.0
2026-10-12,PC,INS,25707.0
2026-10-12,PC,OTR,3069.0
2026-10-13,PC,ENE,43169.0
2026-10-13,PC,MOB,7257.0
2026-10-13,PC,INS,26898.0
2026-10-13,PC,OTR,1982.0
2026-10-14,PC,ENE,48584.0
2026-10-14,PC,MOB,7248.0
2026-10-14,PC,INS,28904.0
2026-10-14,PC,OTR,2052.0
2026-10-15,PC,ENE,35770.0
2026-10-15,PC,MOB,6993.0
2026-10-15,PC,INS,23230.0
2026-10-15,PC,OTR,1527.0
2026-10-16,PC,ENE,41006.0
2026-10-16,PC,MOB,7319.0
2026-10-16,PC,INS,20271.0
2026-10-16,PC,OTR,2978.0
2026-10-17,PC,ENE,47599.0
2026-10-17,PC,MOB,7162.0
2026-10-17,PC,INS,26610.0
2026-10-17,PC,OTR,2922.0
2026-10-18,PC,ENE,45332.0
2026-10-18,PC,MOB,7447.0
2026-10-18,PC,INS,32712.0
2026-10-18,PC,OTR,3426.0
2026-10-19,PC,ENE,44736.0
2026-10-19,PC,MOB,7451.0
2026-10-19,PC,INS,32275.0
2026-10-19,PC,OTR,1657.0
2026-10-20,PC,ENE,47636.0
2026-10-20,PC,MOB,7214.0
2026-10-20,PC,INS,26102.0
2026-10-20,PC,OTR,2413.0
2026-10-21,PC,ENE,43600.0
2026-10-21,PC,MOB,7268.0
2026-10-21,PC,INS,30011.0
2026-10-21,PC,OTR,2352.0
2026-10-22,PC,ENE,42604.0
2026-10-22,PC,MOB,7007.0
2026-10-22,PC,INS,25777.0
2026-10-22,PC,OTR,2841.0
2026-10-23,PC,ENE,47892.0
2026-10-23,PC,MOB,7349.0
2026-10-23,PC,INS,28889.0
2026-10-23,PC,OTR,3468.0
2026-10-24,PC,ENE,51152.0
2026-10-24,PC,MOB,7129.0
2026-10-24,PC,INS,25266.0
2026-10-24,PC,OTR,2098.0
2026-10-25,PC,ENE,49667.0
2026-10-25,PC,MOB,7272.0
2026-10-25,PC,INS,24240.0
2026-10-25,PC,OTR,2101.0
2026-10-26,PC,ENE,46214.0
2026-10-26,PC,MOB,7286.0
2026-10-26,PC,INS,24425.0
2026-10-26,PC,OTR,2513.0
2026-10-27,PC,ENE,50538.0
2026-10-27,PC,MOB,7415.0
2026-10-27,PC,INS,31831.0
2026-10-27,PC,OTR,2939.0
2026-10-28,PC,ENE,44687.0
2026-10-28,PC,MOB,7091.0
2026-10-28,PC,INS,23492.0
2026-10-28,PC,OTR,2418.0
2026-10-29,PC,ENE,42055.0
2026-10-29,PC,MOB,7105.0
2026-10-29,PC,INS,24252.0
2026-10-29,PC,OTR,3145.0
2026-10-30,PC,ENE,49887.0
2026-10-30,PC,MOB,7317.0
2026-10-30,PC,INS,30721.0
2026-10-30,PC,OTR,2742.0
2026-10-31,PC,ENE,37012.0
2026-10-31,PC,MOB,7153.0
2026-10-31,PC,INS,18148.0
2026-10-31,PC,OTR,2036.0
2026-11-01,PC,ENE,37854.0
2026-11-01,PC,MOB,7239.0
2026-11-01,PC,INS,24474.0
2026-11-01,PC,OTR,2227.0
2026-11-02,PC,ENE,45176.0
2026-11-02,PC,MOB,7131.0
2026-11-02,PC,INS,25308.0
2026-11-02,PC,OTR,3363.0
2026-11-03,PC,ENE,45521.0
2026-11-03,PC,MOB,7598.0
2026-11-03,PC,INS,23882.0
2026-11-03,PC,OTR,2083.0
2026-11-04,PC,ENE,42195.0
2026-11-04,PC,MOB,7162.0
2026-11-04,PC,INS,25475.0
2026-11-04,PC,OTR,2860.0
2026-11-05,PC,ENE,46944.0
2026-11-05,PC,MOB,7267.0
2026-11-05,PC,INS,24378.0
2026-11-05,PC,OTR,3211.0
2026-11-06,PC,ENE,42152.0
2026-11-06,PC,MOB,7282.0
2026-11-06,PC,INS,22821.0
2026-11-06,PC,OTR,1986.0
2026-11-07,PC,ENE,47832.0
2026-11-07,PC,MOB,7497.0
2026-11-07,PC,INS,22597.0
2026-11-07,PC,OTR,3192.0
2026-11-08,PC,ENE,44286.0
2026-11-08,PC,MOB,7054.0
2026-11-08,PC,INS,26041.0
2026-11-08,PC,OTR,2561.0
2026-11-09,PC,ENE,44878.0
2026-11-09,PC,MOB,7093.0
2026-11-09,PC,INS,21156.0
2026-11-09,PC,OTR,3455.0
2026-11-10,PC,ENE,51359.0
2026-11-10,PC,MOB,7384.0
2026-11-10,PC,INS,25554.0
2026-11-10,PC,OTR,2851.0
2026-11-11,PC,ENE,42706.0
2026-11-11,PC,MOB,7369.0
2026-11-11,PC,INS,26563.0
2026-11-11,PC,OTR,2010.0
2026-11-12,PC,ENE,39839.0
2026-11-12,PC,MOB,7292.0
2026-11-12,PC,INS,23209.0
2026-11-12,PC,OTR,1957.0
2026-11-13,PC,ENE,44450.0
2026-11-13,PC,MOB,7202.0
2026-11-13,PC,INS,32498.0
2026-11-13,PC,OTR,3349.0
2026-11-14,PC,ENE,48276.0
2026-11-14,PC,MOB,7324.0
2026-11-14,PC,INS,20089.0
2026-11-14,PC,OTR,3388.0
2026-11-15,PC,ENE,42182.0
2026-11-15,PC,MOB,7230.0
2026-11-15,PC,INS,23529.0
2026-11-15,PC,OTR,1712.0
2026-11-16,PC,ENE,42438.0
2026-11-16,PC,MOB,7223.0
2026-11-16,PC,INS,26673.0
2026-11-16,PC,OTR,2281.0
2026-11-17,PC,ENE,43633.0
2026-11-17,PC,MOB,7085.0
2026-11-17,PC,INS,27778.0
2026-11-17,PC,OTR,2836.0
2026-11-18,PC,ENE,44183.0
2026-11-18,PC,MOB,7078.0
2026-11-18,PC,INS,30006.0
2026-11-18,PC,OTR,3473.0
2026-11-19,PC,ENE,50685.0
2026-11-19,PC,MOB,7433.0
2026-11-19,PC,INS,25288.0
2026-11-19,PC,OTR,2347.0
2026-11-20,PC,ENE,42040.0
2026-11-20,PC,MOB,7025.0
2026-11-20,PC,INS,32951.0
2026-11-20,PC,OTR,2308.0
2026-11-21,PC,ENE,44191.0
2026-11-21,PC,MOB,7333.0
2026-11-21,PC,INS,27831.0
2026-11-21,PC,OTR,2122.0
2026-11-22,PC,ENE,45101.0
2026-11-22,PC,MOB,7360.0
2026-11-22,PC,INS,24921.0
2026-11-22,PC,OTR,3143.0
2026-11-23,PC,ENE,38494.0
2026-11-23,PC,MOB,6823.0
2026-11-23,PC,INS,32698.0
2026-11-23,PC,OTR,2534.0
2026-11-24,PC,ENE,41227.0
2026-11-24,PC,MOB,7044.0
2026-11-24,PC,INS,26569.0
2026-11-24,PC,OTR,2871.0
2026-11-25,PC,ENE,46410.0
2026-11-25,PC,MOB,7241.0
2026-11-25,PC,INS,36233.0
2026-11-25,PC,OTR,1872.0
2026-11-26,PC,ENE,41341.0
2026-11-26,PC,MOB,7203.0
2026-11-26,PC,INS,26553.0
2026-11-26,PC,OTR,1848.0
2026-11-27,PC,ENE,42334.0
2026-11-27,PC,MOB,6980.0
2026-11-27,PC,INS,24433.0
2026-11-27,PC,OTR,2927.0
2026-11-28,PC,ENE,46082.0
2026-11-28,PC,MOB,7310.0
2026-11-28,PC,INS,28103.0
2026-11-28,PC,OTR,2641.0
2026-11-29,PC,ENE,40761.0
2026-11-29,PC,MOB,7223.0
2026-11-29,PC,INS,28675.0
2026-11-29,PC,OTR,3324.0
2026-11-30,PC,ENE,44316.0
2026-11-30,PC,MOB,7474.0
2026-11-30,PC,INS,27922.0
2026-11-30,PC,OTR,3332.0
2026-12-01,PC,ENE,46494.0
2026-12-01,PC,MOB,6995.0
2026-12-01,PC,INS,30790.0
2026-12-01,PC,OTR,2278.0
2026-12-02,PC,ENE,49931.0
2026-12-02,PC,MOB,7219.0
2026-12-02,PC,INS,34591.0
2026-12-02,PC,OTR,3340.0
2026-12-03,PC,ENE,45345.0
2026-12-03,PC,MOB,7312.0
2026-12-03,PC,INS,24150.0
2026-12-03,PC,OTR,3373.0
2026-12-04,PC,ENE,45759.0
2026-12-04,PC,MOB,7215.0
2026-12-04,PC,INS,31821.0
2026-12-04,PC,OTR,2426.0
2026-12-05,PC,ENE,40131.0
2026-12-05,PC,MOB,7333.0
2026-12-05,PC,INS,18795.0
2026-12-05,PC,OTR,1596.0
2026-12-06,PC,ENE,50998.0
2026-12-06,PC,MOB,7121.0
2026-12-06,PC,INS,25946.0
2026-12-06,PC,OTR,2548.0
2026-12-07,PC,ENE,40508.0
2026-12-07,PC,MOB,7443.0
2026-12-07,PC,INS,27149.0
2026-12-07,PC,OTR,3406.0
2026-12-08,PC,ENE,48006.0
2026-12-08,PC,MOB,7156.0
2026-12-08,PC,INS,33739.0
2026-12-08,PC,OTR,2374.0
2026-12-09,PC,ENE,41657.0
2026-12-09,PC,MOB,7340.0
2026-12-09,PC,INS,34310.0
2026-12-09,PC,OTR,2823.0
2026-12-10,PC,ENE,45037.0
2026-12-10,PC,MOB,7173.0
2026-12-10,PC,INS,27111.0
2026-12-10,PC,OTR,1522.0
2026-12-11,PC,ENE,49595.0
2026-12-11,PC,MOB,6845.0
2026-12-11,PC,INS,23984.0
2026-12-11,PC,OTR,3179.0
2026-12-12,PC,ENE,43427.0
2026-12-12,PC,MOB,7113.0
2026-12-12,PC,INS,20642.0
2026-12-12,PC,OTR,3322.0
2026-12-13,PC,ENE,42269.0
2026-12-13,PC,MOB,7232.0
2026-12-13,PC,INS,27533.0
2026-12-13,PC,OTR,3181.0
2026-12-14,PC,ENE,49880.0
2026-12-14,PC,MOB,7140.0
2026-12-14,PC,INS,24616.0
2026-12-14,PC,OTR,3253.0
2026-12-15,PC,ENE,44173.0
2026-12-15,PC,MOB,7162.0
2026-12-15,PC,INS,26707.0
2026-12-15,PC,OTR,3090.0
2026-12-16,PC,ENE,43460.0
2026-12-16,PC,MOB,7301.0
2026-12-16,PC,INS,23283.0
2026-12-16,PC,OTR,2393.0
2026-12-17,PC,ENE,39021.0
2026-12-17,PC,MOB,7413.0
2026-12-17,PC,INS,20762.0
2026-12-17,PC,OTR,2782.0
2026-12-18,PC,ENE,40570.0
2026-12-18,PC,MOB,6968.0
2026-12-18,PC,INS,34252.0
2026-12-18,PC,OTR,2422.0
2026-12-19,PC,ENE,46896.0
2026-12-19,PC,MOB,7072.0
2026-12-19,PC,INS,28968.0
2026-12-19,PC,OTR,2557.0
2026-12-20,PC,ENE,37956.0
2026-12-20,PC,MOB,7102.0
2026-12-20,PC,INS,19367.0
2026-12-20,PC,OTR,2168.0
2026-12-21,PC,ENE,45735.0
2026-12-21,PC,MOB,7391.0
2026-12-21,PC,INS,26724.0
2026-12-21,PC,OTR,1876.0
2026-12-22,PC,ENE,44835.0
2026-12-22,PC,MOB,7093.0
2026-12-22,PC,INS,23869.0
2026-12-22,PC,OTR,1879.0
2026-12-23,PC,ENE,50489.0
2026-12-23,PC,MOB,7316.0
2026-12-23,PC,INS,29709.0
2026-12-23,PC,OTR,2575.0
2026-12-24,PC,ENE,48549.0
2026-12-24,PC,MOB,7107.0
2026-12-24,PC,INS,25831.0
2026-12-24,PC,OTR,2691.0
2026-12-25,PC,ENE,49219.0
2026-12-25,PC,MOB,6903.0
2026-12-25,PC,INS,19771.0
2026-12-25,PC,OTR,2085.0
2026-12-26,PC,ENE,40947.0
2026-12-26,PC,MOB,7184.0
2026-12-26,PC,INS,22086.0
2026-12-26,PC,OTR,1949.0
2026-12-27,PC,ENE,46968.0
2026-12-27,PC,MOB,7227.0
2026-12-27,PC,INS,22770.0
2026-12-27,PC,OTR,1983.0
2026-12-28,PC,ENE,47146.0
2026-12-28,PC,MOB,6995.0
2026-12-28,PC,INS,28422.0
2026-12-28,PC,OTR,2518.0
2026-12-29,PC,ENE,49399.0
2026-12-29,PC,MOB,7261.0
2026-12-29,PC,INS,24798.0
2026-12-29,PC,OTR,1577.0
2026-12-30,PC,ENE,43739.0
2026-12-30,PC,MOB,7145.0
2026-12-30,PC,INS,32223.0
2026-12-30,PC,OTR,2900.0
2026-12-31,PC,ENE,47242.0
2026-12-31,PC,MOB,7223.0
2026-12-31,PC,INS,23864.0
2026-12-31,PC,OTR,2908.0
2027-01-01,PC,ENE,45155.0
2027-01-01,PC,MOB,7304.0
2027-01-01,PC,INS,26712.0
2027-01-01,PC,OTR,1879.0
2027-01-02,PC,ENE,40741.0
2027-01-02,PC,MOB,7281.0
2027-01-02,PC,INS,25190.0
2027-01-02,PC,OTR,2097.0
2027-01-03,PC,ENE,45223.0
2027-01-03,PC,MOB,7371.0
2027-01-03,PC,INS,15944.0
2027-01-03,PC,OTR,2995.0
2027-01-04,PC,ENE,44154.0
2027-01-04,PC,MOB,7135.0
2027-01-04,PC,INS,24298.0
2027-01-04,PC,OTR,3240.0
2027-01-05,PC,ENE,41395.0
2027-01-05,PC,MOB,7085.0
2027-01-05,PC,INS,26234.0
2027-01-05,PC,OTR,2010.0
2027-01-06,PC,ENE,42963.0
2027-01-06,PC,MOB,7241.0
2027-01-06,PC,INS,26605.0
2027-01-06,PC,OTR,2700.0
2027-01-07,PC,ENE,43009.0
2027-01-07,PC,MOB,7250.0
2027-01-07,PC,INS,14608.0
2027-01-07,PC,OTR,2111.0
2027-01-08,PC,ENE,40705.0
2027-01-08,PC,MOB,7050.0
2027-01-08,PC,INS,24621.0
2027-01-08,PC,OTR,2216.0
2027-01-09,PC,ENE,46473.0
2027-01-09,PC,MOB,7201.0
2027-01-09,PC,INS,18845.0
2027-01-09,PC,OTR,2399.0
2027-01-10,PC,ENE,40379.0
2027-01-10,PC,MOB,7222.0
2027-01-10,PC,INS,21935.0
2027-01-10,PC,OTR,2272.0
2027-01-11,PC,ENE,47546.0
2027-01-11,PC,MOB,7369.0
2027-01-11,PC,INS,29201.0
2027-01-11,PC,OTR,1569.0
2027-01-12,PC,ENE,43823.0
2027-01-12,PC,MOB,7198.0
2027-01-12,PC,INS,23792.0
2027-01-12,PC,OTR,1803.0
2027-01-13,PC,ENE,40271.0
2027-01-13,PC,MOB,7158.0
2027-01-13,PC,INS,22244.0
2027-01-13,PC,OTR,3170.0
2027-01-14,PC,ENE,38403.0
2027-01-14,PC,MOB,7149.0
2027-01-14,PC,INS,19931.0
2027-01-14,PC,OTR,3220.0
2027-01-15,PC,ENE,42912.0
2027-01-15,PC,MOB,6972.0
2027-01-15,PC,INS,21106.0
2027-01-15,PC,OTR,3487.0
2027-01-16,PC,ENE,41630.0
2027-01-16,PC,MOB,7186.0
2027-01-16,PC,INS,27002.0
2027-01-16,PC,OTR,3071.0
2027-01-17,PC,ENE,40359.0
2027-01-17,PC,MOB,7088.0
2027-01-17,PC,INS,25509.0
2027-01-17,PC,OTR,2450.0
2027-01-18,PC,ENE,41853.0
2027-01-18,PC,MOB,7196.0
2027-01-18,PC,INS,30493.0
2027-01-18,PC,OTR,2118.0
2027-01-19,PC,ENE,38409.0
2027-01-19,PC,MOB,7261.0
2027-01-19,PC,INS,24033.0
2027-01-19,PC,OTR,2340.0
2027-01-20,PC,ENE,39331.0
2027-01-20,PC,MOB,7277.0
2027-01-20,PC,INS,17092.0
2027-01-20,PC,OTR,2048.0
2027-01-21,PC,ENE,41402.0
2027-01-21,PC,MOB,7003.0
2027-01-21,PC,INS,22011.0
2027-01-21,PC,OTR,1857.0
2027-01-22,PC,ENE,43166.0
2027-01-22,PC,MOB,7006.0
2027-01-22,PC,INS,25665.0
2027-01-22,PC,OTR,2396.0
2027-01-23,PC,ENE,48924.0
2027-01-23,PC,MOB,7323.0
2027-01-23,PC,INS,25205.0
2027-01-23,PC,OTR,1957.0
2027-01-24,PC,ENE,46007.0
2027-01-24,PC,MOB,7216.0
2027-01-24,PC,INS,27607.0
2027-01-24,PC,OTR,1875.0
2027-01-25,PC,ENE,47576.0
2027-01-25,PC,MOB,7023.0
2027-01-25,PC,INS,26333.0
2027-01-25,PC,OTR,3457.0
2027-01-26,PC,ENE,39954.0
2027-01-26,PC,MOB,7405.0
2027-01-26,PC,INS,19506.0
2027-01-26,PC,OTR,2375.0
2027-01-27,PC,ENE,48273.0
2027-01-27,PC,MOB,7040.0
2027-01-27,PC,INS,26327.0
2027-01-27,PC,OTR,3328.0
2027-01-28,PC,ENE,45999.0
2027-01-28,PC,MOB,7585.0
2027-01-28,PC,INS,27201.0
2027-01-28,PC,OTR,2954.0
2027-01-29,PC,ENE,45916.0
2027-01-29,PC,MOB,6891.0
2027-01-29,PC,INS,27994.0
2027-01-29,PC,OTR,2695.0
2027-01-30,PC,ENE,41326.0
2027-01-30,PC,MOB,6879.0
2027-01-30,PC,INS,24924.0
2027-01-30,PC,OTR,1930.0
2027-01-31,PC,ENE,41106.0
2027-01-31,PC,MOB,7208.0
2027-01-31,PC,INS,25803.0
2027-01-31,PC,OTR,2551.0
2027-02-01,PC,ENE,40757.0
2027-02-01,PC,MOB,7233.0
2027-02-01,PC,INS,26775.0
2027-02-01,PC,OTR,2112.0
2027-02-02,PC,ENE,42172.0
2027-02-02,PC,MOB,7084.0
2027-02-02,PC,INS,25604.0
2027-02-02,PC,OTR,1529.0
2027-02-03,PC,ENE,46727.0
2027-02-03,PC,MOB,7281.0
2027-02-03,PC,INS,20530.0
2027-02-03,PC,OTR,3098.0
2027-02-04,PC,ENE,34795.0
2027-02-04,PC,MOB,7507.0
2027-02-04,PC,INS,23792.0
2027-02-04,PC,OTR,1618.0
2027-02-05,PC,ENE,47561.0
2027-02-05,PC,MOB,7066.0
2027-02-05,PC,INS,22988.0
2027-02-05,PC,OTR,3468.0
2027-02-06,PC,ENE,45368.0
2027-02-06,PC,MOB,6914.0
2027-02-06,PC,INS,29532.0
2027-02-06,PC,OTR,1685.0
2027-02-07,PC,ENE,40883.0
2027-02-07,PC,MOB,6987.0
2027-02-07,PC,INS,24728.0
2027-02-07,PC,OTR,2738.0
2027-02-08,PC,ENE,46429.0
2027-02-08,PC,MOB,7239.0
2027-02-08,PC,INS,22688.0
2027-02-08,PC,OTR,2952.0
2027-02-09,PC,ENE,44889.0
2027-02-09,PC,MOB,7182.0
2027-02-09,PC,INS,11849.0
2027-02-09,PC,OTR,3480.0
2027-02-10,PC,ENE,43092.0
2027-02-10,PC,MOB,7128.0
2027-02-10,PC,INS,21818.0
2027-02-10,PC,OTR,3193.0
2027-02-11,PC,ENE,43627.0
2027-02-11,PC,MOB,7086.0
2027-02-11,PC,INS,26313.0
2027-02-11,PC,OTR,2860.0
2027-02-12,PC,ENE,46536.0
2027-02-12,PC,MOB,7252.0
2027-02-12,PC,INS,26418.0
2027-02-12,PC,OTR,2770.0
2027-02-13,PC,ENE,46106.0
2027-02-13,PC,MOB,7274.0
2027-02-13,PC,INS,20272.0
2027-02-13,PC,OTR,2567.0
2027-02-14,PC,ENE,41097.0
2027-02-14,PC,MOB,7013.0
2027-02-14,PC,INS,27338.0
2027-02-14,PC,OTR,3023.0
2027-02-15,PC,ENE,36355.0
2027-02-15,PC,MOB,7053.0
2027-02-15,PC,INS,25554.0
2027-02-15,PC,OTR,1689.0
2027-02-16,PC,ENE,44038.0
2027-02-16,PC,MOB,6975.0
2027-02-16,PC,INS,26170.0
2027-02-16,PC,OTR,2002.0
2027-02-17,PC,ENE,41378.0
2027-02-17,PC,MOB,7254.0
2027-02-17,PC,INS,25592.0
2027-02-17,PC,OTR,2451.0
2027-02-18,PC,ENE,41442.0
2027-02-18,PC,MOB,7369.0
2027-02-18,PC,INS,26553.0
2027-02-18,PC,OTR,1952.0
2027-02-19,PC,ENE,46002.0
2027-02-19,PC,MOB,7063.0
2027-02-19,PC,INS,23895.0
2027-02-19,PC,OTR,2887.0
2027-02-20,PC,ENE,45072.0
2027-02-20,PC,MOB,6952.0
2027-02-20,PC,INS,24065.0
2027-02-20,PC,OTR,2047.0
2027-02-21,PC,ENE,42786.0
2027-02-21,PC,MOB,7282.0
2027-02-21,PC,INS,26516.0
2027-02-21,PC,OTR,3020.0
2027-02-22,PC,ENE,44172.0
2027-02-22,PC,MOB,7147.0
2027-02-22,PC,INS,20540.0
2027-02-22,PC,OTR,3443.0
2027-02-23,PC,ENE,40092.0
2027-02-23,PC,MOB,7450.0
2027-02-23,PC,INS,25267.0
2027-02-23,PC,OTR,3473.0
2027-02-24,PC,ENE,44717.0
2027-02-24,PC,MOB,7403.0
2027-02-24,PC,INS,20683.0
2027-02-24,PC,OTR,2559.0
2027-02-25,PC,ENE,41143.0
2027-02-25,PC,MOB,7169.0
2027-02-25,PC,INS,21761.0
2027-02-25,PC,OTR,2471.0
2027-02-26,PC,ENE,40878.0
2027-02-26,PC,MOB,7051.0
2027-02-26,PC,INS,22511.0
2027-02-26,PC,OTR,1611.0
2027-02-27,PC,ENE,40639.0
2027-02-27,PC,MOB,7171.0
2027-02-27,PC,INS,28245.0
2027-02-27,PC,OTR,3397.0
2027-02-28,PC,ENE,43869.0
2027-02-28,PC,MOB,7230.0
2027-02-28,PC,INS,29255.0
2027-02-28,PC,OTR,3292.0
2027-03-01,PC,ENE,42266.0
2027-03-01,PC,MOB,7265.0
2027-03-01,PC,INS,22548.0
2027-03-01,PC,OTR,3302.0
2027-03-02,PC,ENE,38876.0
2027-03-02,PC,MOB,7314.0
2027-03-02,PC,INS,22103.0
2027-03-02,PC,OTR,2048.0
2027-03-03,PC,ENE,43389.0
2027-03-03,PC,MOB,7132.0
2027-03-03,PC,INS,25298.0
2027-03-03,PC,OTR,1702.0
2027-03-04,PC,ENE,44807.0
2027-03-04,PC,MOB,7241.0
2027-03-04,PC,INS,22372.0
2027-03-04,PC,OTR,2824.0
2027-03-05,PC,ENE,47063.0
2027-03-05,PC,MOB,7250.0
2027-03-05,PC,INS,22413.0
2027-03-05,PC,OTR,1504.0
2027-03-06,PC,ENE,40322.0
2027-03-06,PC,MOB,7213.0
2027-03-06,PC,INS,32773.0
2027-03-06,PC,OTR,2135.0
2027-03-07,PC,ENE,45580.0
2027-03-07,PC,MOB,7293.0
2027-03-07,PC,INS,23766.0
2027-03-07,PC,OTR,1999.0
2027-03-08,PC,ENE,45658.0
2027-03-08,PC,MOB,7025.0
2027-03-08,PC,INS,25862.0
2027-03-08,PC,OTR,1579.0
2027-03-09,PC,ENE,47294.0
2027-03-09,PC,MOB,7370.0
2027-03-09,PC,INS,29478.0
2027-03-09,PC,OTR,2669.0
2027-03-10,PC,ENE,44397.0
2027-03-10,PC,MOB,7178.0
2027-03-10,PC,INS,27721.0
2027-03-10,PC,OTR,2957.0
2027-03-11,PC,ENE,45249.0
2027-03-11,PC,MOB,7142.0
2027-03-11,PC,INS,26168.0
2027-03-11,PC,OTR,3386.0
2027-03-12,PC,ENE,41731.0
2027-03-12,PC,MOB,7185.0
2027-03-12,PC,INS,26548.0
2027-03-12,PC,OTR,2457.0
2027-03-13,PC,ENE,41073.0
2027-03-13,PC,MOB,7016.0
2027-03-13,PC,INS,32358.0
2027-03-13,PC,OTR,1998.0
2027-03-14,PC,ENE,41273.0
2027-03-14,PC,MOB,7101.0
2027-03-14,PC,INS,29910.0
2027-03-14,PC,OTR,2665.0
2027-03-15,PC,ENE,46342.0
2027-03-15,PC,MOB,7196.0
2027-03-15,PC,INS,15747.0
2027-03-15,PC,OTR,1704.0
2027-03-16,PC,ENE,42526.0
2027-03-16,PC,MOB,7506.0
2027-03-16,PC,INS,27732.0
2027-03-16,PC,OTR,3496.0
2027-03-17,PC,ENE,33922.0
2027-03-17,PC,MOB,6959.0
2027-03-17,PC,INS,29269.0
2027-03-17,PC,OTR,3326.0
2027-03-18,PC,ENE,38816.0
2027-03-18,PC,MOB,7444.0
2027-03-18,PC,INS,32208.0
2027-03-18,PC,OTR,2614.0
2027-03-19,PC,ENE,48144.0
2027-03-19,PC,MOB,7187.0
2027-03-19,PC,INS,29794.0
2027-03-19,PC,OTR,2118.0
2027-03-20,PC,ENE,42179.0
2027-03-20,PC,MOB,7153.0
2027-03-20,PC,INS,26629.0
2027-03-20,PC,OTR,1694.0
2027-03-21,PC,ENE,38178.0
2027-03-21,PC,MOB,7041.0
2027-03-21,PC,INS,22451.0
2027-03-21,PC,OTR,1618.0
2027-03-22,PC,ENE,41444.0
2027-03-22,PC,MOB,7018.0
2027-03-22,PC,INS,31985.0
2027-03-22,PC,OTR,1690.0
2027-03-23,PC,ENE,48937.0
2027-03-23,PC,MOB,7282.0
2027-03-23,PC,INS,24247.0
2027-03-23,PC,OTR,2253.0
2027-03-24,PC,ENE,40026.0
2027-03-24,PC,MOB,7182.0
2027-03-24,PC,INS,27409.0
2027-03-24,PC,OTR,3198.0
2027-03-25,PC,ENE,49538.0
2027-03-25,PC,MOB,7093.0
2027-03-25,PC,INS,20339.0
2027-03-25,PC,OTR,2575.0
2027-03-26,PC,ENE,46706.0
2027-03-26,PC,MOB,7202.0
2027-03-26,PC,INS,22556.0
2027-03-26,PC,OTR,2453.0
2027-03-27,PC,ENE,39530.0
2027-03-27,PC,MOB,6947.0
2027-03-27,PC,INS,26723.0
2027-03-27,PC,OTR,3011.0
2027-03-28,PC,ENE,40205.0
2027-03-28,PC,MOB,7442.0
2027-03-28,PC,INS,25316.0
2027-03-28,PC,OTR,3444.0
2027-03-29,PC,ENE,47253.0
2027-03-29,PC,MOB,7189.0
2027-03-29,PC,INS,24004.0
2027-03-29,PC,OTR,3171.0
2027-03-30,PC,ENE,43152.0
2027-03-30,PC,MOB,7196.0
2027-03-30,PC,INS,25061.0
2027-03-30,PC,OTR,1577.0
2027-03-31,PC,ENE,36265.0
2027-03-31,PC,MOB,7116.0
2027-03-31,PC,INS,21602.0
2027-03-31,PC,OTR,2761.0
2027-04-01,PC,ENE,45553.0
2027-04-01,PC,MOB,6888.0
2027-04-01,PC,INS,19680.0
2027-04-01,PC,OTR,2349.0
2027-04-02,PC,ENE,46045.0
2027-04-02,PC,MOB,7361.0
2027-04-02,PC,INS,31971.0
2027-04-02,PC,OTR,1901.0
2027-04-03,PC,ENE,44967.0
2027-04-03,PC,MOB,7039.0
2027-04-03,PC,INS,21797.0
2027-04-03,PC,OTR,2984.0
2027-04-04,PC,ENE,51241.0
2027-04-04,PC,MOB,7299.0
2027-04-04,PC,INS,25892.0
2027-04-04,PC,OTR,2536.0
2027-04-05,PC,ENE,43550.0
2027-04-05,PC,MOB,7154.0
2027-04-05,PC,INS,24911.0
2027-04-05,PC,OTR,3008.0
2027-04-06,PC,ENE,42438.0
2027-04-06,PC,MOB,7251.0
2027-04-06,PC,INS,23745.0
2027-04-06,PC,OTR,3044.0
2027-04-07,PC,ENE,41039.0
2027-04-07,PC,MOB,6981.0
2027-04-07,PC,INS,36449.0
2027-04-07,PC,OTR,1779.0
2027-04-08,PC,ENE,39836.0
2027-04-08,PC,MOB,7251.0
2027-04-08,PC,INS,28474.0
2027-04-08,PC,OTR,3301.0
2027-04-09,PC,ENE,51339.0
2027-04-09,PC,MOB,7022.0
2027-04-09,PC,INS,26641.0
2027-04-09,PC,OTR,3199.0
2027-04-10,PC,ENE,45224.0
2027-04-10,PC,MOB,7006.0
2027-04-10,PC,INS,30639.0
2027-04-10,PC,OTR,3333.0
2027-04-11,PC,ENE,44373.0
2027-04-11,PC,MOB,7121.0
2027-04-11,PC,INS,25001.0
2027-04-11,PC,OTR,2455.0
2027-04-12,PC,ENE,40451.0
2027-04-12,PC,MOB,7085.0
2027-04-12,PC,INS,28150.0
2027-04-12,PC,OTR,2544.0
2027-04-13,PC,ENE,46814.0
2027-04-13,PC,MOB,7191.0
2027-04-13,PC,INS,26505.0
2027-04-13,PC,OTR,1656.0
2027-04-14,PC,ENE,40605.0
2027-04-14,PC,MOB,7286.0
2027-04-14,PC,INS,31763.0
2027-04-14,PC,OTR,2384.0
2027-04-15,PC,ENE,48219.0
2027-04-15,PC,MOB,7046.0
2027-04-15,PC,INS,22345.0
2027-04-15,PC,OTR,2540.0
2027-04-16,PC,ENE,49085.0
2027-04-16,PC,MOB,6860.0
2027-04-16,PC,INS,29881.0
2027-04-16,PC,OTR,3206.0
2027-04-17,PC,ENE,45944.0
2027-04-17,PC,MOB,7123.0
2027-04-17,PC,INS,27072.0
2027-04-17,PC,OTR,3124.0
2027-04-18,PC,ENE,48188.0
2027-04-18,PC,MOB,7251.0
2027-04-18,PC,INS,22575.0
2027-04-18,PC,OTR,2048.0
2027-04-19,PC,ENE,46323.0
2027-04-19,PC,MOB,7308.0
2027-04-19,PC,INS,36640.0
2027-04-19,PC,OTR,3179.0
2027-04-20,PC,ENE,39782.0
2027-04-20,PC,MOB,7197.0
2027-04-20,PC,INS,24907.0
2027-04-20,PC,OTR,2935.0
2027-04-21,PC,ENE,41578.0
2027-04-21,PC,MOB,7143.0
2027-04-21,PC,INS,11952.0
2027-04-21,PC,OTR,3303.0
2027-04-22,PC,ENE,42786.0
2027-04-22,PC,MOB,6987.0
2027-04-22,PC,INS,36041.0
2027-04-22,PC,OTR,2374.0
2027-04-23,PC,ENE,49450.0
2027-04-23,PC,MOB,7393.0
2027-04-23,PC,INS,27212.0
2027-04-23,PC,OTR,2149.0
2027-04-24,PC,ENE,44514.0
2027-04-24,PC,MOB,7314.0
2027-04-24,PC,INS,23412.0
2027-04-24,PC,OTR,3482.0
2027-04-25,PC,ENE,43109.0
2027-04-25,PC,MOB,7439.0
2027-04-25,PC,INS,23107.0
2027-04-25,PC,OTR,2308.0
2027-04-26,PC,ENE,47462.0
2027-04-26,PC,MOB,7377.0
2027-04-26,PC,INS,32864.0
2027-04-26,PC,OTR,3133.0
2027-04-27,PC,ENE,43291.0
2027-04-27,PC,MOB,7053.0
2027-04-27,PC,INS,23512.0
2027-04-27,PC,OTR,1550.0
2027-04-28,PC,ENE,45636.0
2027-04-28,PC,MOB,7149.0
2027-04-28,PC,INS,36537.0
2027-04-28,PC,OTR,2125.0
2027-04-29,PC,ENE,47671.0
2027-04-29,PC,MOB,6960.0
2027-04-29,PC,INS,27017.0
2027-04-29,PC,OTR,2998.0
2027-04-30,PC,ENE,49879.0
2027-04-30,PC,MOB,6870.0
2027-04-30,PC,INS,33227.0
2027-04-30,PC,OTR,1843.0
2027-05-01,PC,ENE,43628.0
2027-05-01,PC,MOB,7214.0
2027-05-01,PC,INS,28056.0
2027-05-01,PC,OTR,3013.0
2027-05-02,PC,ENE,43656.0
2027-05-02,PC,MOB,6985.0
2027-05-02,PC,INS,22319.0
2027-05-02,PC,OTR,2851.0
2027-05-03,PC,ENE,43391.0
2027-05-03,PC,MOB,7205.0
2027-05-03,PC,INS,25529.0
2027-05-03,PC,OTR,1882.0
2027-05-04,PC,ENE,48938.0
2027-05-04,PC,MOB,7481.0
2027-05-04,PC,INS,35236.0
2027-05-04,PC,OTR,2735.0
2027-05-05,PC,ENE,42640.0
2027-05-05,PC,MOB,7185.0
2027-05-05,PC,INS,34776.0
2027-05-05,PC,OTR,2024.0
2027-05-06,PC,ENE,42537.0
2027-05-06,PC,MOB,7306.0
2027-05-06,PC,INS,27417.0
2027-05-06,PC,OTR,3392.0
2027-05-07,PC,ENE,39254.0
2027-05-07,PC,MOB,7449.0
2027-05-07,PC,INS,29295.0
2027-05-07,PC,OTR,1681.0
2027-05-08,PC,ENE,47376.0
2027-05-08,PC,MOB,7358.0
2027-05-08,PC,INS,28515.0
2027-05-08,PC,OTR,2904.0
2027-05-09,PC,ENE,44420.0
2027-05-09,PC,MOB,7228.0
2027-05-09,PC,INS,29239.0
2027-05-09,PC,OTR,1858.0
2027-05-10,PC,ENE,50078.0
2027-05-10,PC,MOB,7428.0
2027-05-10,PC,INS,28008.0
2027-05-10,PC,OTR,2260.0
2027-05-11,PC,ENE,41720.0
2027-05-11,PC,MOB,7286.0
2027-05-11,PC,INS,32113.0
2027-05-11,PC,OTR,1579.0
2027-05-12,PC,ENE,42134.0
2027-05-12,PC,MOB,7221.0
2027-05-12,PC,INS,27582.0
2027-05-12,PC,OTR,1636.0
2027-05-13,PC,ENE,42319.0
2027-05-13,PC,MOB,7168.0
2027-05-13,PC,INS,27851.0
2027-05-13,PC,OTR,1811.0
2027-05-14,PC,ENE,43632.0
2027-05-14,PC,MOB,7267.0
2027-05-14,PC,INS,24125.0
2027-05-14,PC,OTR,2670.0
2027-05-15,PC,ENE,48989.0
2027-05-15,PC,MOB,7462.0
2027-05-15,PC,INS,33593.0
2027-05-15,PC,OTR,3316.0
2027-05-16,PC,ENE,50242.0
2027-05-16,PC,MOB,7281.0
2027-05-16,PC,INS,33074.0
2027-05-16,PC,OTR,2544.0
2027-05-17,PC,ENE,49535.0
2027-05-17,PC,MOB,7526.0
2027-05-17,PC,INS,31171.0
2027-05-17,PC,OTR,2816.0
2027-05-18,PC,ENE,42084.0
2027-05-18,PC,MOB,7261.0
2027-05-18,PC,INS,30521.0
2027-05-18,PC,OTR,1638.0
2027-05-19,PC,ENE,46908.0
2027-05-19,PC,MOB,7103.0
2027-05-19,PC,INS,25706.0
2027-05-19,PC,OTR,3439.0
2027-05-20,PC,ENE,44730.0
2027-05-20,PC,MOB,7294.0
2027-05-20,PC,INS,28090.0
2027-05-20,PC,OTR,2031.0
2027-05-21,PC,ENE,41990.0
2027-05-21,PC,MOB,7117.0
2027-05-21,PC,INS,24466.0
2027-05-21,PC,OTR,2951.0
2027-05-22,PC,ENE,44106.0
2027-05-22,PC,MOB,7392.0
2027-05-22,PC,INS,27584.0
2027-05-22,PC,OTR,3306.0
2027-05-23,PC,ENE,49243.0
2027-05-23,PC,MOB,7286.0
2027-05-23,PC,INS,31769.0
2027-05-23,PC,OTR,1676.0
2027-05-24,PC,ENE,43172.0
2027-05-24,PC,MOB,7431.0
2027-05-24,PC,INS,24964.0
2027-05-24,PC,OTR,3149.0
2027-05-25,PC,ENE,44227.0
2027-05-25,PC,MOB,7246.0
2027-05-25,PC,INS,27204.0
2027-05-25,PC,OTR,2239.0
2027-05-26,PC,ENE,42060.0
2027-05-26,PC,MOB,7221.0
2027-05-26,PC,INS,29289.0
2027-05-26,PC,OTR,2915.0
2027-05-27,PC,ENE,44770.0
2027-05-27,PC,MOB,7075.0
2027-05-27,PC,INS,25685.0
2027-05-27,PC,OTR,1930.0
2027-05-28,PC,ENE,46464.0
2027-05-28,PC,MOB,7281.0
2027-05-28,PC,INS,14817.0
2027-05-28,PC,OTR,3212.0
2027-05-29,PC,ENE,47859.0
2027-05-29,PC,MOB,7285.0
2027-05-29,PC,INS,28462.0
2027-05-29,PC,OTR,2086.0
2027-05-30,PC,ENE,40058.0
2027-05-30,PC,MOB,7124.0
2027-05-30,PC,INS,26925.0
2027-05-30,PC,OTR,1555.0
2027-05-31,PC,ENE,49732.0
2027-05-31,PC,MOB,7059.0
2027-05-31,PC,INS,29895.0
2027-05-31,PC,OTR,3142.0
2027-06-01,PC,ENE,43258.0
2027-06-01,PC,MOB,7007.0
2027-06-01,PC,INS,25702.0
2027-06-01,PC,OTR,2195.0
2027-06-02,PC,ENE,49497.0
2027-06-02,PC,MOB,7011.0
2027-06-02,PC,INS,28811.0
2027-06-02,PC,OTR,3406.0
2027-06-03,PC,ENE,49746.0
2027-06-03,PC,MOB,6978.0
2027-06-03,PC,INS,32001.0
2027-06-03,PC,OTR,2435.0
2027-06-04,PC,ENE,42920.0
2027-06-04,PC,MOB,7318.0
2027-06-04,PC,INS,33544.0
2027-06-04,PC,OTR,1735.0
2027-06-05,PC,ENE,47063.0
2027-06-05,PC,MOB,7039.0
2027-06-05,PC,INS,29025.0
2027-06-05,PC,OTR,1821.0
2027-06-06,PC,ENE,41797.0
2027-06-06,PC,MOB,7072.0
2027-06-06,PC,INS,19317.0
2027-06-06,PC,OTR,2934.0
2027-06-07,PC,ENE,43603.0
2027-06-07,PC,MOB,7087.0
2027-06-07,PC,INS,34607.0
2027-06-07,PC,OTR,1646.0
2027-06-08,PC,ENE,43518.0
2027-06-08,PC,MOB,7263.0
2027-06-08,PC,INS,27546.0
2027-06-08,PC,OTR,2095.0
2027-06-09,PC,ENE,40071.0
2027-06-09,PC,MOB,7163.0
2027-06-09,PC,INS,25038.0
2027-06-09,PC,OTR,3010.0
2027-06-10,PC,ENE,44885.0
2027-06-10,PC,MOB,7363.0
2027-06-10,PC,INS,31047.0
2027-06-10,PC,OTR,2836.0
2027-06-11,PC,ENE,48726.0
2027-06-11,PC,MOB,7098.0
2027-06-11,PC,INS,25626.0
2027-06-11,PC,OTR,2519.0
2027-06-12,PC,ENE,46204.0
2027-06-12,PC,MOB,7069.0
2027-06-12,PC,INS,23359.0
2027-06-12,PC,OTR,1614.0
2027-06-13,PC,ENE,49578.0
2027-06-13,PC,MOB,7271.0
2027-06-13,PC,INS,33037.0
2027-06-13,PC,OTR,2600.0
2027-06-14,PC,ENE,45736.0
2027-06-14,PC,MOB,7384.0
2027-06-14,PC,INS,28841.0
2027-06-14,PC,OTR,1638.0
2027-06-15,PC,ENE,46810.0
2027-06-15,PC,MOB,7238.0
2027-06-15,PC,INS,24794.0
2027-06-15,PC,OTR,2296.0
2027-06-16,PC,ENE,50598.0
2027-06-16,PC,MOB,6980.0
2027-06-16,PC,INS,22828.0
2027-06-16,PC,OTR,3238.0
2027-06-17,PC,ENE,38937.0
2027-06-17,PC,MOB,7369.0
2027-06-17,PC,INS,33271.0
2027-06-17,PC,OTR,2595.0
2027-06-18,PC,ENE,50286.0
2027-06-18,PC,MOB,7009.0
2027-06-18,PC,INS,34770.0
2027-06-18,PC,OTR,2554.0
2027-06-19,PC,ENE,43015.0
2027-06-19,PC,MOB,7065.0
2027-06-19,PC,INS,27443.0
2027-06-19,PC,OTR,3186.0
2027-06-20,PC,ENE,42204.0
2027-06-20,PC,MOB,7351.0
2027-06-20,PC,INS,31843.0
2027-06-20,PC,OTR,2488.0
2027-06-21,PC,ENE,46076.0
2027-06-21,PC,MOB,7265.0
2027-06-21,PC,INS,26668.0
2027-06-21,PC,OTR,2093.0
2027-06-22,PC,ENE,43121.0
2027-06-22,PC,MOB,7061.0
2027-06-22,PC,INS,26112.0
2027-06-22,PC,OTR,3285.0
2027-06-23,PC,ENE,49149.0
2027-06-23,PC,MOB,7172.0
2027-06-23,PC,INS,28013.0
2027-06-23,PC,OTR,2823.0
2027-06-24,PC,ENE,46674.0
2027-06-24,PC,MOB,7176.0
2027-06-24,PC,INS,27038.0
2027-06-24,PC,OTR,2042.0
2027-06-25,PC,ENE,45605.0
2027-06-25,PC,MOB,7168.0
2027-06-25,PC,INS,23980.0
2027-06-25,PC,OTR,1694.0
2027-06-26,PC,ENE,46793.0
2027-06-26,PC,MOB,7142.0
2027-06-26,PC,INS,18743.0
2027-06-26,PC,OTR,2851.0
2027-06-27,PC,ENE,46441.0
2027-06-27,PC,MOB,7263.0
2027-06-27,PC,INS,32481.0
2027-06-27,PC,OTR,2158.0
2027-06-28,PC,ENE,47064.0
2027-06-28,PC,MOB,7261.0
2027-06-28,PC,INS,19313.0
2027-06-28,PC,OTR,3405.0
2027-06-29,PC,ENE,45915.0
2027-06-29,PC,MOB,7323.0
2027-06-29,PC,INS,30282.0
2027-06-29,PC,OTR,3219.0
2027-06-30,PC,ENE,42696.0
2027-06-30,PC,MOB,7189.0
2027-06-30,PC,INS,30473.0
2027-06-30,PC,OTR,1936.0
2027-07-01,PC,ENE,41119.0
2027-07-01,PC,MOB,7046.0
2027-07-01,PC,INS,30523.0
2027-07-01,PC,OTR,2421.0
2027-07-02,PC,ENE,41183.0
2027-07-02,PC,MOB,7157.0
2027-07-02,PC,INS,26629.0
2027-07-02,PC,OTR,1798.0
2027-07-03,PC,ENE,45835.0
2027-07-03,PC,MOB,6795.0
2027-07-03,PC,INS,26294.0
2027-07-03,PC,OTR,2936.0
2027-07-04,PC,ENE,40939.0
2027-07-04,PC,MOB,7107.0
2027-07-04,PC,INS,29000.0
2027-07-04,PC,OTR,2317.0
2027-07-05,PC,ENE,45113.0
2027-07-05,PC,MOB,7061.0
2027-07-05,PC,INS,26953.0
2027-07-05,PC,OTR,3060.0
2027-07-06,PC,ENE,43108.0
2027-07-06,PC,MOB,7205.0
2027-07-06,PC,INS,29818.0
2027-07-06,PC,OTR,1652.0
2027-07-07,PC,ENE,47987.0
2027-07-07,PC,MOB,7409.0
2027-07-07,PC,INS,32216.0
2027-07-07,PC,OTR,1710.0
2027-07-08,PC,ENE,49198.0
2027-07-08,PC,MOB,7304.0
2027-07-08,PC,INS,29031.0
2027-07-08,PC,OTR,3379.0
2027-07-09,PC,ENE,34917.0
2027-07-09,PC,MOB,7513.0
2027-07-09,PC,INS,28444.0
2027-07-09,PC,OTR,1570.0
2027-07-10,PC,ENE,41172.0
2027-07-10,PC,MOB,6978.0
2027-07-10,PC,INS,27379.0
2027-07-10,PC,OTR,3159.0
2027-07-11,PC,ENE,45443.0
2027-07-11,PC,MOB,7096.0
2027-07-11,PC,INS,27583.0
2027-07-11,PC,OTR,2291.0
2027-07-12,PC,ENE,47406.0
2027-07-12,PC,MOB,7061.0
2027-07-12,PC,INS,35461.0
2027-07-12,PC,OTR,2405.0
2027-07-13,PC,ENE,47445.0
2027-07-13,PC,MOB,7372.0
2027-07-13,PC,INS,31288.0
2027-07-13,PC,OTR,2504.0
2027-07-14,PC,ENE,43218.0
2027-07-14,PC,MOB,7421.0
2027-07-14,PC,INS,30400.0
2027-07-14,PC,OTR,2921.0
2027-07-15,PC,ENE,43978.0
2027-07-15,PC,MOB,7015.0
2027-07-15,PC,INS,32656.0
2027-07-15,PC,OTR,3428.0
2027-07-16,PC,ENE,47616.0
2027-07-16,PC,MOB,7250.0
2027-07-16,PC,INS,28124.0
2027-07-16,PC,OTR,2791.0
2027-07-17,PC,ENE,35682.0
2027-07-17,PC,MOB,7193.0
2027-07-17,PC,INS,15389.0
2027-07-17,PC,OTR,1753.0
2027-07-18,PC,ENE,40043.0
2027-07-18,PC,MOB,7251.0
2027-07-18,PC,INS,24395.0
2027-07-18,PC,OTR,3002.0
2027-07-19,PC,ENE,37513.0
2027-07-19,PC,MOB,7435.0
2027-07-19,PC,INS,27219.0
2027-07-19,PC,OTR,2679.0
2027-07-20,PC,ENE,46949.0
2027-07-20,PC,MOB,7093.0
2027-07-20,PC,INS,25875.0
2027-07-20,PC,OTR,1777.0
2027-07-21,PC,ENE,43810.0
2027-07-21,PC,MOB,7250.0
2027-07-21,PC,INS,27016.0
2027-07-21,PC,OTR,1737.0
2027-07-22,PC,ENE,44504.0
2027-07-22,PC,MOB,7279.0
2027-07-22,PC,INS,24302.0
2027-07-22,PC,OTR,2838.0
2027-07-23,PC,ENE,44075.0
2027-07-23,PC,MOB,7095.0
2027-07-23,PC,INS,22602.0
2027-07-23,PC,OTR,1656.0
2027-07-24,PC,ENE,41503.0
2027-07-24,PC,MOB,7466.0
2027-07-24,PC,INS,28662.0
2027-07-24,PC,OTR,2499.0
2027-07-25,PC,ENE,47670.0
2027-07-25,PC,MOB,7256.0
2027-07-25,PC,INS,20474.0
2027-07-25,PC,OTR,2806.0
2027-07-26,PC,ENE,42840.0
2027-07-26,PC,MOB,7391.0
2027-07-26,PC,INS,26360.0
2027-07-26,PC,OTR,2594.0
2027-07-27,PC,ENE,45419.0
2027-07-27,PC,MOB,6965.0
2027-07-27,PC,INS,27529.0
2027-07-27,PC,OTR,2221.0
2027-07-28,PC,ENE,49308.0
2027-07-28,PC,MOB,7327.0
2027-07-28,PC,INS,24707.0
2027-07-28,PC,OTR,1741.0
2027-07-29,PC,ENE,45791.0
2027-07-29,PC,MOB,7153.0
2027-07-29,PC,INS,30026.0
2027-07-29,PC,OTR,1707.0
2027-07-30,PC,ENE,46879.0
2027-07-30,PC,MOB,7020.0
2027-07-30,PC,INS,25438.0
2027-07-30,PC,OTR,1677.0
2027-07-31,PC,ENE,33493.0
2027-07-31,PC,MOB,7024.0
2027-07-31,PC,INS,26619.0
2027-07-31,PC,OTR,2295.0
2027-08-01,PC,ENE,40513.0
2027-08-01,PC,MOB,7248.0
2027-08-01,PC,INS,24063.0
2027-08-01,PC,OTR,1536.0
2027-08-02,PC,ENE,38675.0
2027-08-02,PC,MOB,7112.0
2027-08-02,PC,INS,32838.0
2027-08-02,PC,OTR,1567.0
2027-08-03,PC,ENE,40689.0
2027-08-03,PC,MOB,7382.0
2027-08-03,PC,INS,22309.0
2027-08-03,PC,OTR,3151.0
2027-08-04,PC,ENE,38900.0
2027-08-04,PC,MOB,7552.0
2027-08-04,PC,INS,18460.0
2027-08-04,PC,OTR,2529.0
2027-08-05,PC,ENE,46381.0
2027-08-05,PC,MOB,7042.0
2027-08-05,PC,INS,32020.0
2027-08-05,PC,OTR,2672.0
2027-08-06,PC,ENE,44066.0
2027-08-06,PC,MOB,7399.0
2027-08-06,PC,INS,26693.0
2027-08-06,PC,OTR,1678.0
2027-08-07,PC,ENE,44003.0
2027-08-07,PC,MOB,7353.0
2027-08-07,PC,INS,25335.0
2027-08-07,PC,OTR,2431.0
2027-08-08,PC,ENE,44484.0
2027-08-08,PC,MOB,7318.0
2027-08-08,PC,INS,32151.0
2027-08-08,PC,OTR,2627.0
2027-08-09,PC,ENE,41669.0
2027-08-09,PC,MOB,7093.0
2027-08-09,PC,INS,31860.0
2027-08-09,PC,OTR,1761.0
2027-08-10,PC,ENE,42050.0
2027-08-10,PC,MOB,6996.0
2027-08-10,PC,INS,29761.0
2027-08-10,PC,OTR,1589.0
2027-08-11,PC,ENE,39127.0
2027-08-11,PC,MOB,7244.0
2027-08-11,PC,INS,29611.0
2027-08-11,PC,OTR,1995.0
2027-08-12,PC,ENE,42955.0
2027-08-12,PC,MOB,7321.0
2027-08-12,PC,INS,31349.0
2027-08-12,PC,OTR,2827.0
2027-08-13,PC,ENE,43698.0
2027-08-13,PC,MOB,7143.0
2027-08-13,PC,INS,28306.0
2027-08-13,PC,OTR,3062.0
2027-08-14,PC,ENE,40621.0
2027-08-14,PC,MOB,7085.0
2027-08-14,PC,INS,30033.0
2027-08-14,PC,OTR,1703.0
2027-08-15,PC,ENE,42916.0
2027-08-15,PC,MOB,7143.0
2027-08-15,PC,INS,25426.0
2027-08-15,PC,OTR,3326.0
2027-08-16,PC,ENE,46118.0
2027-08-16,PC,MOB,6823.0
2027-08-16,PC,INS,21802.0
2027-08-16,PC,OTR,3261.0
2027-08-17,PC,ENE,39375.0
2027-08-17,PC,MOB,7542.0
2027-08-17,PC,INS,9224.0
2027-08-17,PC,OTR,2894.0
2027-08-18,PC,ENE,46198.0
2027-08-18,PC,MOB,7193.0
2027-08-18,PC,INS,21745.0
2027-08-18,PC,OTR,1506.0
2027-08-19,PC,ENE,45741.0
2027-08-19,PC,MOB,7372.0
2027-08-19,PC,INS,24948.0
2027-08-19,PC,OTR,2027.0
2027-08-20,PC,ENE,41317.0
2027-08-20,PC,MOB,7290.0
2027-08-20,PC,INS,24343.0
2027-08-20,PC,OTR,3350.0
2027-08-21,PC,ENE,46009.0
2027-08-21,PC,MOB,7234.0
2027-08-21,PC,INS,32255.0
2027-08-21,PC,OTR,3129.0
2027-08-22,PC,ENE,40381.0
2027-08-22,PC,MOB,7476.0
2027-08-22,PC,INS,20906.0
2027-08-22,PC,OTR,3475.0
2027-08-23,PC,ENE,38714.0
2027-08-23,PC,MOB,7172.0
2027-08-23,PC,INS,26815.0
2027-08-23,PC,OTR,1817.0
2027-08-24,PC,ENE,46175.0
2027-08-24,PC,MOB,7254.0
2027-08-24,PC,INS,34543.0
2027-08-24,PC,OTR,2144.0
2027-08-25,PC,ENE,47807.0
2027-08-25,PC,MOB,7358.0
2027-08-25,PC,INS,30068.0
2027-08-25,PC,OTR,1615.0
2027-08-26,PC,ENE,46682.0
2027-08-26,PC,MOB,7040.0
2027-08-26,PC,INS,31304.0
2027-08-26,PC,OTR,1807.0
2027-08-27,PC,ENE,47072.0
2027-08-27,PC,MOB,7063.0
2027-08-27,PC,INS,21645.0
2027-08-27,PC,OTR,2955.0
2027-08-28,PC,ENE,38718.0
2027-08-28,PC,MOB,7121.0
2027-08-28,PC,INS,35442.0
2027-08-28,PC,OTR,2586.0
2027-08-29,PC,ENE,37989.0
2027-08-29,PC,MOB,7412.0
2027-08-29,PC,INS,26813.0
2027-08-29,PC,OTR,3141.0
2027-08-30,PC,ENE,41743.0
2027-08-30,PC,MOB,7350.0
2027-08-30,PC,INS,26011.0
2027-08-30,PC,OTR,3000.0
2027-08-31,PC,ENE,41411.0
2027-08-31,PC,MOB,7133.0
2027-08-31,PC,INS,25497.0
2027-08-31,PC,OTR,1613.0
2027-09-01,PC,ENE,48606.0
2027-09-01,PC,MOB,6974.0
2027-09-01,PC,INS,27573.0
2027-09-01,PC,OTR,2267.0
2027-09-02,PC,ENE,42095.0
2027-09-02,PC,MOB,7056.0
2027-09-02,PC,INS,22724.0
2027-09-02,PC,OTR,1731.0
2027-09-03,PC,ENE,39856.0
2027-09-03,PC,MOB,7476.0
2027-09-03,PC,INS,35333.0
2027-09-03,PC,OTR,3043.0
2027-09-04,PC,ENE,50549.0
2027-09-04,PC,MOB,7402.0
2027-09-04,PC,INS,27702.0
2027-09-04,PC,OTR,1570.0
2027-09-05,PC,ENE,44325.0
2027-09-05,PC,MOB,7494.0
2027-09-05,PC,INS,16229.0
2027-09-05,PC,OTR,1756.0
2027-09-06,PC,ENE,49921.0
2027-09-06,PC,MOB,7127.0
2027-09-06,PC,INS,28273.0
2027-09-06,PC,OTR,2225.0
2027-09-07,PC,ENE,47084.0
2027-09-07,PC,MOB,7162.0
2027-09-07,PC,INS,25909.0
2027-09-07,PC,OTR,3235.0
2027-09-08,PC,ENE,49712.0
2027-09-08,PC,MOB,7248.0
2027-09-08,PC,INS,34240.0
2027-09-08,PC,OTR,3378.0
2027-09-09,PC,ENE,40883.0
2027-09-09,PC,MOB,7185.0
2027-09-09,PC,INS,22517.0
2027-09-09,PC,OTR,2869.0
2027-09-10,PC,ENE,40639.0
2027-09-10,PC,MOB,7249.0
2027-09-10,PC,INS,34100.0
2027-09-10,PC,OTR,3012.0
2027-09-11,PC,ENE,44870.0
2027-09-11,PC,MOB,7041.0
2027-09-11,PC,INS,23274.0
2027-09-11,PC,OTR,2707.0
2027-09-12,PC,ENE,48218.0
2027-09-12,PC,MOB,7231.0
2027-09-12,PC,INS,25174.0
2027-09-12,PC,OTR,3380.0
2027-09-13,PC,ENE,48347.0
2027-09-13,PC,MOB,7087.0
2027-09-13,PC,INS,28768.0
2027-09-13,PC,OTR,3236.0
2027-09-14,PC,ENE,41123.0
2027-09-14,PC,MOB,6850.0
2027-09-14,PC,INS,23818.0
2027-09-14,PC,OTR,1884.0
2027-09-15,PC,ENE,43356.0
2027-09-15,PC,MOB,7238.0
2027-09-15,PC,INS,20419.0
2027-09-15,PC,OTR,1638.0
2027-09-16,PC,ENE,50516.0
2027-09-16,PC,MOB,7085.0
2027-09-16,PC,INS,25018.0
2027-09-16,PC,OTR,3337.0
2027-09-17,PC,ENE,52496.0
2027-09-17,PC,MOB,7417.0
2027-09-17,PC,INS,28050.0
2027-09-17,PC,OTR,2961.0
2027-09-18,PC,ENE,43043.0
2027-09-18,PC,MOB,7280.0
2027-09-18,PC,INS,33698.0
2027-09-18,PC,OTR,2410.0
2027-09-19,PC,ENE,48264.0
2027-09-19,PC,MOB,7234.0
2027-09-19,PC,INS,30940.0
2027-09-19,PC,OTR,2897.0
2027-09-20,PC,ENE,47819.0
2027-09-20,PC,MOB,7277.0
2027-09-20,PC,INS,27522.0
2027-09-20,PC,OTR,2150.0
2027-09-21,PC,ENE,41506.0
2027-09-21,PC,MOB,7127.0
2027-09-21,PC,INS,27406.0
2027-09-21,PC,OTR,2595.0
2027-09-22,PC,ENE,46126.0
2027-09-22,PC,MOB,7229.0
2027-09-22,PC,INS,31104.0
2027-09-22,PC,OTR,1754.0
2027-09-23,PC,ENE,45731.0
2027-09-23,PC,MOB,7483.0
2027-09-23,PC,INS,28169.0
2027-09-23,PC,OTR,1500.0
2027-09-24,PC,ENE,45921.0
2027-09-24,PC,MOB,7242.0
2027-09-24,PC,INS,27664.0
2027-09-24,PC,OTR,1511.0
2027-09-25,PC,ENE,44407.0
2027-09-25,PC,MOB,7201.0
2027-09-25,PC,INS,23965.0
2027-09-25,PC,OTR,2915.0
2027-09-26,PC,ENE,46802.0
2027-09-26,PC,MOB,6939.0
2027-09-26,PC,INS,33991.0
2027-09-26,PC,OTR,2339.0
2027-09-27,PC,ENE,52203.0
2027-09-27,PC,MOB,7059.0
2027-09-27,PC,INS,32259.0
2027-09-27,PC,OTR,1558.0
2027-09-28,PC,ENE,42253.0
2027-09-28,PC,MOB,7281.0
2027-09-28,PC,INS,29450.0
2027-09-28,PC,OTR,1591.0
2027-09-29,PC,ENE,46179.0
2027-09-29,PC,MOB,6933.0
2027-09-29,PC,INS,32864.0
2027-09-29,PC,OTR,2351.0
2027-09-30,PC,ENE,51255.0
2027-09-30,PC,MOB,7140.0
2027-09-30,PC,INS,21457.0
2027-09-30,PC,OTR,1515.0
2027-10-01,PC,ENE,48813.0
2027-10-01,PC,MOB,7410.0
2027-10-01,PC,INS,24780.0
2027-10-01,PC,OTR,2112.0
2027-10-02,PC,ENE,39160.0
2027-10-02,PC,MOB,7130.0
2027-10-02,PC,INS,31279.0
2027-10-02,PC,OTR,3421.0
2027-10-03,PC,ENE,47800.0
2027-10-03,PC,MOB,6952.0
2027-10-03,PC,INS,26042.0
2027-10-03,PC,OTR,2787.0
2027-10-04,PC,ENE,44329.0
2027-10-04,PC,MOB,7129.0
2027-10-04,PC,INS,28206.0
2027-10-04,PC,OTR,2127.0
2027-10-05,PC,ENE,49327.0
2027-10-05,PC,MOB,7175.0
2027-10-05,PC,INS,30054.0
2027-10-05,PC,OTR,2975.0
2027-10-06,PC,ENE,41705.0
2027-10-06,PC,MOB,7462.0
2027-10-06,PC,INS,28993.0
2027-10-06,PC,OTR,2177.0
2027-10-07,PC,ENE,40978.0
2027-10-07,PC,MOB,7041.0
2027-10-07,PC,INS,23047.0
2027-10-07,PC,OTR,1700.0
2027-10-08,PC,ENE,42946.0
2027-10-08,PC,MOB,7177.0
2027-10-08,PC,INS,28813.0
2027-10-08,PC,OTR,2577.0
2027-10-09,PC,ENE,44300.0
2027-10-09,PC,MOB,7205.0
2027-10-09,PC,INS,24531.0
2027-10-09,PC,OTR,2357.0
2027-10-10,PC,ENE,39074.0
2027-10-10,PC,MOB,7083.0
2027-10-10,PC,INS,20849.0
2027-10-10,PC,OTR,2849.0
2027-10-11,PC,ENE,42900.0
2027-10-11,PC,MOB,7143.0
2027-10-11,PC,INS,29457.0
2027-10-11,PC,OTR,2283.0
2027-10-12,PC,ENE,40017.0
2027-10-12,PC,MOB,7088.0
2027-10-12,PC,INS,26369.0
2027-10-12,PC,OTR,1979.0
2027-10-13,PC,ENE,42935.0
2027-10-13,PC,MOB,7446.0
2027-10-13,PC,INS,34370.0
2027-10-13,PC,OTR,3079.0
2027-10-14,PC,ENE,44909.0
2027-10-14,PC,MOB,7236.0
2027-10-14,PC,INS,32988.0
2027-10-14,PC,OTR,2400.0
2027-10-15,PC,ENE,45367.0
2027-10-15,PC,MOB,7128.0
2027-10-15,PC,INS,29160.0
2027-10-15,PC,OTR,2501.0
2027-10-16,PC,ENE,43039.0
2027-10-16,PC,MOB,7308.0
2027-10-16,PC,INS,23289.0
2027-10-16,PC,OTR,3076.0
2027-10-17,PC,ENE,42035.0
2027-10-17,PC,MOB,7316.0
2027-10-17,PC,INS,25141.0
2027-10-17,PC,OTR,1677.0
2027-10-18,PC,ENE,47907.0
2027-10-18,PC,MOB,7127.0
2027-10-18,PC,INS,29610.0
2027-10-18,PC,OTR,3248.0
2027-10-19,PC,ENE,47785.0
2027-10-19,PC,MOB,7105.0
2027-10-19,PC,INS,28911.0
2027-10-19,PC,OTR,2578.0
2027-10-20,PC,ENE,48522.0
2027-10-20,PC,MOB,7483.0
2027-10-20,PC,INS,26504.0
2027-10-20,PC,OTR,2933.0
2027-10-21,PC,ENE,43859.0
2027-10-21,PC,MOB,7188.0
2027-10-21,PC,INS,33702.0
2027-10-21,PC,OTR,2177.0
2027-10-22,PC,ENE,42963.0
2027-10-22,PC,MOB,7105.0
2027-10-22,PC,INS,29694.0
2027-10-22,PC,OTR,2701.0
2027-10-23,PC,ENE,40821.0
2027-10-23,PC,MOB,7335.0
2027-10-23,PC,INS,36308.0
2027-10-23,PC,OTR,2100.0
2027-10-24,PC,ENE,48450.0
2027-10-24,PC,MOB,7108.0
2027-10-24,PC,INS,28486.0
2027-10-24,PC,OTR,1712.0
2027-10-25,PC,ENE,43932.0
2027-10-25,PC,MOB,7084.0
2027-10-25,PC,INS,27311.0
2027-10-25,PC,OTR,2238.0
2027-10-26,PC,ENE,47559.0
2027-10-26,PC,MOB,7484.0
2027-10-26,PC,INS,25825.0
2027-10-26,PC,OTR,2947.0
2027-10-27,PC,ENE,39110.0
2027-10-27,PC,MOB,7209.0
2027-10-27,PC,INS,19197.0
2027-10-27,PC,OTR,1543.0
2027-10-28,PC,ENE,40455.0
2027-10-28,PC,MOB,6938.0
2027-10-28,PC,INS,22284.0
2027-10-28,PC,OTR,1941.0
2027-10-29,PC,ENE,40004.0
2027-10-29,PC,MOB,7089.0
2027-10-29,PC,INS,31049.0
2027-10-29,PC,OTR,2589.0
2027-10-30,PC,ENE,47335.0
2027-10-30,PC,MOB,7495.0
2027-10-30,PC,INS,31221.0
2027-10-30,PC,OTR,2970.0
2027-10-31,PC,ENE,45679.0
2027-10-31,PC,MOB,6901.0
2027-10-31,PC,INS,32812.0
2027-10-31,PC,OTR,2490.0
2027-11-01,PC,ENE,41873.0
2027-11-01,PC,MOB,7084.0
2027-11-01,PC,INS,25395.0
2027-11-01,PC,OTR,2751.0
2027-11-02,PC,ENE,38361.0
2027-11-02,PC,MOB,6968.0
2027-11-02,PC,INS,32075.0
2027-11-02,PC,OTR,3257.0
2027-11-03,PC,ENE,46344.0
2027-11-03,PC,MOB,6960.0
2027-11-03,PC,INS,34108.0
2027-11-03,PC,OTR,2788.0
2027-11-04,PC,ENE,46127.0
2027-11-04,PC,MOB,6990.0
2027-11-04,PC,INS,30075.0
2027-11-04,PC,OTR,2654.0
2027-11-05,PC,ENE,48579.0
2027-11-05,PC,MOB,7276.0
2027-11-05,PC,INS,31728.0
2027-11-05,PC,OTR,1975.0
2027-11-06,PC,ENE,43608.0
2027-11-06,PC,MOB,7282.0
2027-11-06,PC,INS,22915.0
2027-11-06,PC,OTR,1616.0
2027-11-07,PC,ENE,36671.0
2027-11-07,PC,MOB,7246.0
2027-11-07,PC,INS,23686.0
2027-11-07,PC,OTR,2182.0
2027-11-08,PC,ENE,45524.0
2027-11-08,PC,MOB,7159.0
2027-11-08,PC,INS,32328.0
2027-11-08,PC,OTR,3077.0
2027-11-09,PC,ENE,39431.0
2027-11-09,PC,MOB,7019.0
2027-11-09,PC,INS,22843.0
2027-11-09,PC,OTR,2620.0
2027-11-10,PC,ENE,47322.0
2027-11-10,PC,MOB,7376.0
2027-11-10,PC,INS,19664.0
2027-11-10,PC,OTR,1502.0
2027-11-11,PC,ENE,48937.0
2027-11-11,PC,MOB,7301.0
2027-11-11,PC,INS,27759.0
2027-11-11,PC,OTR,2649.0
2027-11-12,PC,ENE,42330.0
2027-11-12,PC,MOB,7267.0
2027-11-12,PC,INS,32551.0
2027-11-12,PC,OTR,3203.0
2027-11-13,PC,ENE,45892.0
2027-11-13,PC,MOB,7459.0
2027-11-13,PC,INS,34293.0
2027-11-13,PC,OTR,1569.0
2027-11-14,PC,ENE,51807.0
2027-11-14,PC,MOB,7390.0
2027-11-14,PC,INS,29825.0
2027-11-14,PC,OTR,1879.0
2027-11-15,PC,ENE,50806.0
2027-11-15,PC,MOB,7152.0
2027-11-15,PC,INS,29265.0
2027-11-15,PC,OTR,2477.0
2027-11-16,PC,ENE,43163.0
2027-11-16,PC,MOB,6992.0
2027-11-16,PC,INS,33945.0
2027-11-16,PC,OTR,1529.0
2027-11-17,PC,ENE,38751.0
2027-11-17,PC,MOB,7217.0
2027-11-17,PC,INS,27546.0
2027-11-17,PC,OTR,3183.0
2027-11-18,PC,ENE,41207.0
2027-11-18,PC,MOB,7127.0
2027-11-18,PC,INS,31167.0
2027-11-18,PC,OTR,3285.0
2027-11-19,PC,ENE,48389.0
2027-11-19,PC,MOB,7636.0
2027-11-19,PC,INS,28783.0
2027-11-19,PC,OTR,1861.0
2027-11-20,PC,ENE,47057.0
2027-11-20,PC,MOB,7088.0
2027-11-20,PC,INS,33116.0
2027-11-20,PC,OTR,2219.0
2027-11-21,PC,ENE,45663.0
2027-11-21,PC,MOB,7486.0
2027-11-21,PC,INS,34410.0
2027-11-21,PC,OTR,1734.0
2027-11-22,PC,ENE,38065.0
2027-11-22,PC,MOB,7171.0
2027-11-22,PC,INS,30363.0
2027-11-22,PC,OTR,2112.0
2027-11-23,PC,ENE,39867.0
2027-11-23,PC,MOB,7177.0
2027-11-23,PC,INS,29834.0
2027-11-23,PC,OTR,2296.0
2027-11-24,PC,ENE,42816.0
2027-11-24,PC,MOB,7361.0
2027-11-24,PC,INS,29451.0
2027-11-24,PC,OTR,1972.0
2027-11-25,PC,ENE,45844.0
2027-11-25,PC,MOB,7562.0
2027-11-25,PC,INS,28463.0
2027-11-25,PC,OTR,1731.0
2027-11-26,PC,ENE,44445.0
2027-11-26,PC,MOB,7407.0
2027-11-26,PC,INS,29588.0
2027-11-26,PC,OTR,2763.0
2027-11-27,PC,ENE,49165.0
2027-11-27,PC,MOB,7111.0
2027-11-27,PC,INS,33337.0
2027-11-27,PC,OTR,3033.0
2027-11-28,PC,ENE,44170.0
2027-11-28,PC,MOB,7259.0
2027-11-28,PC,INS,30392.0
2027-11-28,PC,OTR,3404.0
2027-11-29,PC,ENE,41820.0
2027-11-29,PC,MOB,7054.0
2027-11-29,PC,INS,28884.0
2027-11-29,PC,OTR,2839.0
2027-11-30,PC,ENE,49360.0
2027-11-30,PC,MOB,7189.0
2027-11-30,PC,INS,25996.0
2027-11-30,PC,OTR,2712.0
2027-12-01,PC,ENE,49370.0
2027-12-01,PC,MOB,7164.0
2027-12-01,PC,INS,26912.0
2027-12-01,PC,OTR,2175.0
2027-12-02,PC,ENE,43996.0
2027-12-02,PC,MOB,7245.0
2027-12-02,PC,INS,28463.0
2027-12-02,PC,OTR,2094.0
2027-12-03,PC,ENE,52490.0
2027-12-03,PC,MOB,7176.0
2027-12-03,PC,INS,33691.0
2027-12-03,PC,OTR,3372.0
2027-12-04,PC,ENE,46053.0
2027-12-04,PC,MOB,7161.0
2027-12-04,PC,INS,30742.0
2027-12-04,PC,OTR,3370.0
2027-12-05,PC,ENE,41212.0
2027-12-05,PC,MOB,7162.0
2027-12-05,PC,INS,25583.0
2027-12-05,PC,OTR,1678.0
2027-12-06,PC,ENE,47427.0
2027-12-06,PC,MOB,7362.0
2027-12-06,PC,INS,25894.0
2027-12-06,PC,OTR,2676.0
2027-12-07,PC,ENE,47263.0
2027-12-07,PC,MOB,6974.0
2027-12-07,PC,INS,29540.0
2027-12-07,PC,OTR,3007.0
2027-12-08,PC,ENE,39418.0
2027-12-08,PC,MOB,6895.0
2027-12-08,PC,INS,31392.0
2027-12-08,PC,OTR,2603.0
2027-12-09,PC,ENE,42691.0
2027-12-09,PC,MOB,7412.0
2027-12-09,PC,INS,31806.0
2027-12-09,PC,OTR,2203.0
2027-12-10,PC,ENE,44488.0
2027-12-10,PC,MOB,7248.0
2027-12-10,PC,INS,28028.0
2027-12-10,PC,OTR,2000.0
2027-12-11,PC,ENE,45008.0
2027-12-11,PC,MOB,6970.0
2027-12-11,PC,INS,10122.0
2027-12-11,PC,OTR,2640.0
2027-12-12,PC,ENE,48791.0
2027-12-12,PC,MOB,7195.0
2027-12-12,PC,INS,24415.0
2027-12-12,PC,OTR,2767.0
2027-12-13,PC,ENE,44430.0
2027-12-13,PC,MOB,6978.0
2027-12-13,PC,INS,34221.0
2027-12-13,PC,OTR,2790.0
2027-12-14,PC,ENE,49130.0
2027-12-14,PC,MOB,7166.0
2027-12-14,PC,INS,26754.0
2027-12-14,PC,OTR,1809.0
2027-12-15,PC,ENE,44374.0
2027-12-15,PC,MOB,7194.0
2027-12-15,PC,INS,31029.0
2027-12-15,PC,OTR,2914.0
2027-12-16,PC,ENE,50020.0
2027-12-16,PC,MOB,7033.0
2027-12-16,PC,INS,29134.0
2027-12-16,PC,OTR,3276.0
2027-12-17,PC,ENE,48991.0
2027-12-17,PC,MOB,7038.0
2027-12-17,PC,INS,24048.0
2027-12-17,PC,OTR,2818.0
2027-12-18,PC,ENE,43858.0
2027-12-18,PC,MOB,7073.0
2027-12-18,PC,INS,26148.0
2027-12-18,PC,OTR,1627.0
2027-12-19,PC,ENE,43255.0
2027-12-19,PC,MOB,7481.0
2027-12-19,PC,INS,35178.0
2027-12-19,PC,OTR,2547.0
2027-12-20,PC,ENE,47604.0
2027-12-20,PC,MOB,7236.0
2027-12-20,PC,INS,26723.0
2027-12-20,PC,OTR,3064.0
2027-12-21,PC,ENE,42186.0
2027-12-21,PC,MOB,7050.0
2027-12-21,PC,INS,25483.0
2027-12-21,PC,OTR,3042.0
2027-12-22,PC,ENE,45775.0
2027-12-22,PC,MOB,6884.0
2027-12-22,PC,INS,35017.0
2027-12-22,PC,OTR,1610.0
2027-12-23,PC,ENE,50479.0
2027-12-23,PC,MOB,7170.0
2027-12-23,PC,INS,17919.0
2027-12-23,PC,OTR,2874.0
2027-12-24,PC,ENE,48170.0
2027-12-24,PC,MOB,7250.0
2027-12-24,PC,INS,27935.0
2027-12-24,PC,OTR,3202.0
2027-12-25,PC,ENE,45137.0
2027-12-25,PC,MOB,7024.0
2027-12-25,PC,INS,26644.0
2027-12-25,PC,OTR,1921.0
2027-12-26,PC,ENE,42084.0
2027-12-26,PC,MOB,7355.0
2027-12-26,PC,INS,34416.0
2027-12-26,PC,OTR,1509.0
2027-12-27,PC,ENE,42684.0
2027-12-27,PC,MOB,7203.0
2027-12-27,PC,INS,28833.0
2027-12-27,PC,OTR,2454.0
2027-12-28,PC,ENE,43371.0
2027-12-28,PC,MOB,7212.0
2027-12-28,PC,INS,33921.0
2027-12-28,PC,OTR,3094.0
2027-12-29,PC,ENE,43039.0
2027-12-29,PC,MOB,7069.0
2027-12-29,PC,INS,26658.0
2027-12-29,PC,OTR,2592.0
2027-12-30,PC,ENE,41607.0
2027-12-30,PC,MOB,6923.0
2027-12-30,PC,INS,23425.0
2027-12-30,PC,OTR,2366.0
2027-12-31,PC,ENE,49904.0
2027-12-31,PC,MOB,7046.0
2027-12-31,PC,INS,24445.0
2027-12-31,PC,OTR,3154.0
2024-01-01,PS,ENE,44138.0
2024-01-01,PS,MOB,9851.0
2024-01-01,PS,INS,32087.0
2024-01-01,PS,OTR,1609.0
2024-01-02,PS,ENE,44331.0
2024-01-02,PS,MOB,9593.0
2024-01-02,PS,INS,37994.0
2024-01-02,PS,OTR,2406.0
2024-01-03,PS,ENE,51063.0
2024-01-03,PS,MOB,10064.0
2024-01-03,PS,INS,35223.0
2024-01-03,PS,OTR,2737.0
2024-01-04,PS,ENE,41079.0
2024-01-04,PS,MOB,9789.0
2024-01-04,PS,INS,34104.0
2024-01-04,PS,OTR,2799.0
2024-01-05,PS,ENE,46140.0
2024-01-05,PS,MOB,9945.0
2024-01-05,PS,INS,42521.0
2024-01-05,PS,OTR,2502.0
2024-01-06,PS,ENE,43775.0
2024-01-06,PS,MOB,9975.0
2024-01-06,PS,INS,36169.0
2024-01-06,PS,OTR,3289.0
2024-01-07,PS,ENE,35367.0
2024-01-07,PS,MOB,9988.0
2024-01-07,PS,INS,41110.0
2024-01-07,PS,OTR,1743.0
2024-01-08,PS,ENE,47589.0
2024-01-08,PS,MOB,9907.0
2024-01-08,PS,INS,32041.0
2024-01-08,PS,OTR,2898.0
2024-01-09,PS,ENE,46978.0
2024-01-09,PS,MOB,9964.0
2024-01-09,PS,INS,33936.0
2024-01-09,PS,OTR,2638.0
2024-01-10,PS,ENE,41572.0
2024-01-10,PS,MOB,9701.0
2024-01-10,PS,INS,31380.0
2024-01-10,PS,OTR,1780.0
2024-01-11,PS,ENE,41016.0
2024-01-11,PS,MOB,9789.0
2024-01-11,PS,INS,30133.0
2024-01-11,PS,OTR,2100.0
2024-01-12,PS,ENE,46338.0
2024-01-12,PS,MOB,9670.0
2024-01-12,PS,INS,28189.0
2024-01-12,PS,OTR,2340.0
2024-01-13,PS,ENE,46717.0
2024-01-13,PS,MOB,9818.0
2024-01-13,PS,INS,33659.0
2024-01-13,PS,OTR,2909.0
2024-01-14,PS,ENE,44432.0
2024-01-14,PS,MOB,9633.0
2024-01-14,PS,INS,31543.0
2024-01-14,PS,OTR,3297.0
2024-01-15,PS,ENE,49074.0
2024-01-15,PS,MOB,9631.0
2024-01-15,PS,INS,33712.0
2024-01-15,PS,OTR,1752.0
2024-01-16,PS,ENE,42614.0
2024-01-16,PS,MOB,9786.0
2024-01-16,PS,INS,40717.0
2024-01-16,PS,OTR,2094.0
2024-01-17,PS,ENE,42722.0
2024-01-17,PS,MOB,9979.0
2024-01-17,PS,INS,45896.0
2024-01-17,PS,OTR,1746.0
2024-01-18,PS,ENE,43962.0
2024-01-18,PS,MOB,9816.0
2024-01-18,PS,INS,42721.0
2024-01-18,PS,OTR,3044.0
2024-01-19,PS,ENE,40138.0
2024-01-19,PS,MOB,9678.0
2024-01-19,PS,INS,21185.0
2024-01-19,PS,OTR,1537.0
2024-01-20,PS,ENE,41817.0
2024-01-20,PS,MOB,9696.0
2024-01-20,PS,INS,28564.0
2024-01-20,PS,OTR,2559.0
2024-01-21,PS,ENE,43503.0
2024-01-21,PS,MOB,9849.0
2024-01-21,PS,INS,36601.0
2024-01-21,PS,OTR,1905.0
2024-01-22,PS,ENE,47876.0
2024-01-22,PS,MOB,9894.0
2024-01-22,PS,INS,34167.0
2024-01-22,PS,OTR,3263.0
2024-01-23,PS,ENE,45993.0
2024-01-23,PS,MOB,9927.0
2024-01-23,PS,INS,38887.0
2024-01-23,PS,OTR,2045.0
2024-01-24,PS,ENE,41591.0
2024-01-24,PS,MOB,10020.0
2024-01-24,PS,INS,35322.0
2024-01-24,PS,OTR,1824.0
2024-01-25,PS,ENE,43027.0
2024-01-25,PS,MOB,9782.0
2024-01-25,PS,INS,33293.0
2024-01-25,PS,OTR,2536.0
2024-01-26,PS,ENE,46981.0
2024-01-26,PS,MOB,9566.0
2024-01-26,PS,INS,36557.0
2024-01-26,PS,OTR,2913.0
2024-01-27,PS,ENE,50210.0
2024-01-27,PS,MOB,9966.0
2024-01-27,PS,INS,36247.0
2024-01-27,PS,OTR,3437.0
2024-01-28,PS,ENE,42973.0
2024-01-28,PS,MOB,9810.0
2024-01-28,PS,INS,31404.0
2024-01-28,PS,OTR,1980.0
2024-01-29,PS,ENE,48487.0
2024-01-29,PS,MOB,9682.0
2024-01-29,PS,INS,33016.0
2024-01-29,PS,OTR,3438.0
2024-01-30,PS,ENE,49213.0
2024-01-30,PS,MOB,9699.0
2024-01-30,PS,INS,40455.0
2024-01-30,PS,OTR,1607.0
2024-01-31,PS,ENE,44506.0
2024-01-31,PS,MOB,9808.0
2024-01-31,PS,INS,36948.0
2024-01-31,PS,OTR,1770.0
2024-02-01,PS,ENE,49024.0
2024-02-01,PS,MOB,9704.0
2024-02-01,PS,INS,40608.0
2024-02-01,PS,OTR,2384.0
2024-02-02,PS,ENE,37467.0
2024-02-02,PS,MOB,9570.0
2024-02-02,PS,INS,33963.0
2024-02-02,PS,OTR,3148.0
2024-02-03,PS,ENE,46580.0
2024-02-03,PS,MOB,9490.0
2024-02-03,PS,INS,46555.0
2024-02-03,PS,OTR,3230.0
2024-02-04,PS,ENE,41501.0
2024-02-04,PS,MOB,9609.0
2024-02-04,PS,INS,42139.0
2024-02-04,PS,OTR,3462.0
2024-02-05,PS,ENE,50367.0
2024-02-05,PS,MOB,9866.0
2024-02-05,PS,INS,37971.0
2024-02-05,PS,OTR,2729.0
2024-02-06,PS,ENE,43467.0
2024-02-06,PS,MOB,9729.0
2024-02-06,PS,INS,18582.0
2024-02-06,PS,OTR,2482.0
2024-02-07,PS,ENE,40854.0
2024-02-07,PS,MOB,9495.0
2024-02-07,PS,INS,37943.0
2024-02-07,PS,OTR,2513.0
2024-02-08,PS,ENE,40458.0
2024-02-08,PS,MOB,9865.0
2024-02-08,PS,INS,35031.0
2024-02-08,PS,OTR,1637.0
2024-02-09,PS,ENE,36641.0
2024-02-09,PS,MOB,10034.0
2024-02-09,PS,INS,37367.0
2024-02-09,PS,OTR,1668.0
2024-02-10,PS,ENE,38064.0
2024-02-10,PS,MOB,9840.0
2024-02-10,PS,INS,34105.0
2024-02-10,PS,OTR,2732.0
2024-02-11,PS,ENE,45365.0
2024-02-11,PS,MOB,9813.0
2024-02-11,PS,INS,37332.0
2024-02-11,PS,OTR,2377.0
2024-02-12,PS,ENE,41076.0
2024-02-12,PS,MOB,9694.0
2024-02-12,PS,INS,30435.0
2024-02-12,PS,OTR,3215.0
2024-02-13,PS,ENE,42370.0
2024-02-13,PS,MOB,10078.0
2024-02-13,PS,INS,31177.0
2024-02-13,PS,OTR,2309.0
2024-02-14,PS,ENE,45132.0
2024-02-14,PS,MOB,9961.0
2024-02-14,PS,INS,24786.0
2024-02-14,PS,OTR,1968.0
2024-02-15,PS,ENE,48723.0
2024-02-15,PS,MOB,9718.0
2024-02-15,PS,INS,26640.0
2024-02-15,PS,OTR,2235.0
2024-02-16,PS,ENE,48531.0
2024-02-16,PS,MOB,10116.0
2024-02-16,PS,INS,32098.0
2024-02-16,PS,OTR,1717.0
2024-02-17,PS,ENE,45466.0
2024-02-17,PS,MOB,9937.0
2024-02-17,PS,INS,33183.0
2024-02-17,PS,OTR,2128.0
2024-02-18,PS,ENE,48804.0
2024-02-18,PS,MOB,9933.0
2024-02-18,PS,INS,29225.0
2024-02-18,PS,OTR,1696.0
2024-02-19,PS,ENE,47790.0
2024-02-19,PS,MOB,9896.0
2024-02-19,PS,INS,35362.0
2024-02-19,PS,OTR,3466.0
2024-02-20,PS,ENE,40474.0
2024-02-20,PS,MOB,9711.0
2024-02-20,PS,INS,33520.0
2024-02-20,PS,OTR,2074.0
2024-02-21,PS,ENE,39852.0
2024-02-21,PS,MOB,10023.0
2024-02-21,PS,INS,23866.0
2024-02-21,PS,OTR,1675.0
2024-02-22,PS,ENE,49380.0
2024-02-22,PS,MOB,9848.0
2024-02-22,PS,INS,30122.0
2024-02-22,PS,OTR,3310.0
2024-02-23,PS,ENE,44788.0
2024-02-23,PS,MOB,10000.0
2024-02-23,PS,INS,31897.0
2024-02-23,PS,OTR,2737.0
2024-02-24,PS,ENE,38554.0
2024-02-24,PS,MOB,9479.0
2024-02-24,PS,INS,37926.0
2024-02-24,PS,OTR,2849.0
2024-02-25,PS,ENE,44199.0
2024-02-25,PS,MOB,10131.0
2024-02-25,PS,INS,31318.0
2024-02-25,PS,OTR,2693.0
2024-02-26,PS,ENE,42926.0
2024-02-26,PS,MOB,9858.0
2024-02-26,PS,INS,38266.0
2024-02-26,PS,OTR,3305.0
2024-02-27,PS,ENE,44511.0
2024-02-27,PS,MOB,9692.0
2024-02-27,PS,INS,40172.0
2024-02-27,PS,OTR,1972.0
2024-02-28,PS,ENE,41224.0
2024-02-28,PS,MOB,9873.0
2024-02-28,PS,INS,27838.0
2024-02-28,PS,OTR,3157.0
2024-02-29,PS,ENE,48709.0
2024-02-29,PS,MOB,9680.0
2024-02-29,PS,INS,33393.0
2024-02-29,PS,OTR,2298.0
2024-03-01,PS,ENE,47115.0
2024-03-01,PS,MOB,9853.0
2024-03-01,PS,INS,30003.0
2024-03-01,PS,OTR,2697.0
2024-03-02,PS,ENE,50883.0
2024-03-02,PS,MOB,9711.0
2024-03-02,PS,INS,29176.0
2024-03-02,PS,OTR,1522.0
2024-03-03,PS,ENE,49423.0
2024-03-03,PS,MOB,9760.0
2024-03-03,PS,INS,37706.0
2024-03-03,PS,OTR,1511.0
2024-03-04,PS,ENE,47663.0
2024-03-04,PS,MOB,9942.0
2024-03-04,PS,INS,33599.0
2024-03-04,PS,OTR,2873.0
2024-03-05,PS,ENE,49113.0
2024-03-05,PS,MOB,9599.0
2024-03-05,PS,INS,29668.0
2024-03-05,PS,OTR,1974.0
2024-03-06,PS,ENE,45895.0
2024-03-06,PS,MOB,9917.0
2024-03-06,PS,INS,43804.0
2024-03-06,PS,OTR,2874.0
2024-03-07,PS,ENE,45610.0
2024-03-07,PS,MOB,9945.0
2024-03-07,PS,INS,40743.0
2024-03-07,PS,OTR,1730.0
2024-03-08,PS,ENE,39345.0
2024-03-08,PS,MOB,9622.0
2024-03-08,PS,INS,33888.0
2024-03-08,PS,OTR,2164.0
2024-03-09,PS,ENE,42680.0
2024-03-09,PS,MOB,9591.0
2024-03-09,PS,INS,40497.0
2024-03-09,PS,OTR,2524.0
2024-03-10,PS,ENE,43154.0
2024-03-10,PS,MOB,9744.0
2024-03-10,PS,INS,39966.0
2024-03-10,PS,OTR,3152.0
2024-03-11,PS,ENE,42379.0
2024-03-11,PS,MOB,9893.0
2024-03-11,PS,INS,41171.0
2024-03-11,PS,OTR,1524.0
2024-03-12,PS,ENE,45176.0
2024-03-12,PS,MOB,10030.0
2024-03-12,PS,INS,33852.0
2024-03-12,PS,OTR,2958.0
2024-03-13,PS,ENE,37818.0
2024-03-13,PS,MOB,9932.0
2024-03-13,PS,INS,27528.0
2024-03-13,PS,OTR,2756.0
2024-03-14,PS,ENE,41631.0
2024-03-14,PS,MOB,9767.0
2024-03-14,PS,INS,36863.0
2024-03-14,PS,OTR,1793.0
2024-03-15,PS,ENE,48279.0
2024-03-15,PS,MOB,9742.0
2024-03-15,PS,INS,37238.0
2024-03-15,PS,OTR,2355.0
2024-03-16,PS,ENE,45194.0
2024-03-16,PS,MOB,9710.0
2024-03-16,PS,INS,31456.0
2024-03-16,PS,OTR,2963.0
2024-03-17,PS,ENE,42431.0
2024-03-17,PS,MOB,9788.0
2024-03-17,PS,INS,41760.0
2024-03-17,PS,OTR,2137.0
2024-03-18,PS,ENE,41926.0
2024-03-18,PS,MOB,9724.0
2024-03-18,PS,INS,41354.0
2024-03-18,PS,OTR,2619.0
2024-03-19,PS,ENE,43570.0
2024-03-19,PS,MOB,9720.0
2024-03-19,PS,INS,35998.0
2024-03-19,PS,OTR,2021.0
2024-03-20,PS,ENE,45472.0
2024-03-20,PS,MOB,10035.0
2024-03-20,PS,INS,30570.0
2024-03-20,PS,OTR,3335.0
2024-03-21,PS,ENE,34431.0
2024-03-21,PS,MOB,9964.0
2024-03-21,PS,INS,34078.0
2024-03-21,PS,OTR,1878.0
2024-03-22,PS,ENE,50789.0
2024-03-22,PS,MOB,9743.0
2024-03-22,PS,INS,39989.0
2024-03-22,PS,OTR,2355.0
2024-03-23,PS,ENE,44311.0
2024-03-23,PS,MOB,9607.0
2024-03-23,PS,INS,43515.0
2024-03-23,PS,OTR,2781.0
2024-03-24,PS,ENE,44330.0
2024-03-24,PS,MOB,9928.0
2024-03-24,PS,INS,37339.0
2024-03-24,PS,OTR,1550.0
2024-03-25,PS,ENE,45741.0
2024-03-25,PS,MOB,9838.0
2024-03-25,PS,INS,35450.0
2024-03-25,PS,OTR,1799.0
2024-03-26,PS,ENE,46009.0
2024-03-26,PS,MOB,9655.0
2024-03-26,PS,INS,37033.0
2024-03-26,PS,OTR,2503.0
2024-03-27,PS,ENE,40440.0
2024-03-27,PS,MOB,9962.0
2024-03-27,PS,INS,37669.0
2024-03-27,PS,OTR,3244.0
2024-03-28,PS,ENE,49197.0
2024-03-28,PS,MOB,9585.0
2024-03-28,PS,INS,42728.0
2024-03-28,PS,OTR,3124.0
2024-03-29,PS,ENE,38840.0
2024-03-29,PS,MOB,9599.0
2024-03-29,PS,INS,27327.0
2024-03-29,PS,OTR,3003.0
2024-03-30,PS,ENE,43180.0
2024-03-30,PS,MOB,9980.0
2024-03-30,PS,INS,30340.0
2024-03-30,PS,OTR,1845.0
2024-03-31,PS,ENE,46064.0
2024-03-31,PS,MOB,9905.0
2024-03-31,PS,INS,36586.0
2024-03-31,PS,OTR,2499.0
2024-04-01,PS,ENE,42583.0
2024-04-01,PS,MOB,9782.0
2024-04-01,PS,INS,37909.0
2024-04-01,PS,OTR,2400.0
2024-04-02,PS,ENE,45448.0
2024-04-02,PS,MOB,9603.0
2024-04-02,PS,INS,38668.0
2024-04-02,PS,OTR,2180.0
2024-04-03,PS,ENE,50820.0
2024-04-03,PS,MOB,9807.0
2024-04-03,PS,INS,38062.0
2024-04-03,PS,OTR,3115.0
2024-04-04,PS,ENE,52298.0
2024-04-04,PS,MOB,9758.0
2024-04-04,PS,INS,38211.0
2024-04-04,PS,OTR,2549.0
2024-04-05,PS,ENE,49557.0
2024-04-05,PS,MOB,9888.0
2024-04-05,PS,INS,31445.0
2024-04-05,PS,OTR,1920.0
2024-04-06,PS,ENE,51111.0
2024-04-06,PS,MOB,9825.0
2024-04-06,PS,INS,45189.0
2024-04-06,PS,OTR,1647.0
2024-04-07,PS,ENE,47507.0
2024-04-07,PS,MOB,9909.0
2024-04-07,PS,INS,32844.0
2024-04-07,PS,OTR,1674.0
2024-04-08,PS,ENE,48171.0
2024-04-08,PS,MOB,10052.0
2024-04-08,PS,INS,26874.0
2024-04-08,PS,OTR,2289.0
2024-04-09,PS,ENE,50468.0
2024-04-09,PS,MOB,9753.0
2024-04-09,PS,INS,31514.0
2024-04-09,PS,OTR,2327.0
2024-04-10,PS,ENE,47396.0
2024-04-10,PS,MOB,9839.0
2024-04-10,PS,INS,46965.0
2024-04-10,PS,OTR,2702.0
2024-04-11,PS,ENE,43786.0
2024-04-11,PS,MOB,9860.0
2024-04-11,PS,INS,32938.0
2024-04-11,PS,OTR,1959.0
2024-04-12,PS,ENE,41699.0
2024-04-12,PS,MOB,9935.0
2024-04-12,PS,INS,38749.0
2024-04-12,PS,OTR,3224.0
2024-04-13,PS,ENE,45502.0
2024-04-13,PS,MOB,9603.0
2024-04-13,PS,INS,45684.0
2024-04-13,PS,OTR,2054.0
2024-04-14,PS,ENE,44790.0
2024-04-14,PS,MOB,9926.0
2024-04-14,PS,INS,41250.0
2024-04-14,PS,OTR,1897.0
2024-04-15,PS,ENE,44179.0
2024-04-15,PS,MOB,10081.0
2024-04-15,PS,INS,43301.0
2024-04-15,PS,OTR,2510.0
2024-04-16,PS,ENE,43046.0
2024-04-16,PS,MOB,9901.0
2024-04-16,PS,INS,33978.0
2024-04-16,PS,OTR,2514.0
2024-04-17,PS,ENE,52104.0
2024-04-17,PS,MOB,9752.0
2024-04-17,PS,INS,36597.0
2024-04-17,PS,OTR,2230.0
2024-04-18,PS,ENE,46394.0
2024-04-18,PS,MOB,9954.0
2024-04-18,PS,INS,25530.0
2024-04-18,PS,OTR,1991.0
2024-04-19,PS,ENE,42799.0
2024-04-19,PS,MOB,9819.0
2024-04-19,PS,INS,35967.0
2024-04-19,PS,OTR,2939.0
2024-04-20,PS,ENE,42525.0
2024-04-20,PS,MOB,9670.0
2024-04-20,PS,INS,43354.0
2024-04-20,PS,OTR,2030.0
2024-04-21,PS,ENE,47440.0
2024-04-21,PS,MOB,9886.0
2024-04-21,PS,INS,33843.0
2024-04-21,PS,OTR,2143.0
2024-04-22,PS,ENE,39962.0
2024-04-22,PS,MOB,9641.0
2024-04-22,PS,INS,41207.0
2024-04-22,PS,OTR,3380.0
2024-04-23,PS,ENE,45516.0
2024-04-23,PS,MOB,9771.0
2024-04-23,PS,INS,40720.0
2024-04-23,PS,OTR,3023.0
2024-04-24,PS,ENE,48944.0
2024-04-24,PS,MOB,9588.0
2024-04-24,PS,INS,38011.0
2024-04-24,PS,OTR,2290.0
2024-04-25,PS,ENE,45616.0
2024-04-25,PS,MOB,9763.0
2024-04-25,PS,INS,38479.0
2024-04-25,PS,OTR,1845.0
2024-04-26,PS,ENE,46336.0
2024-04-26,PS,MOB,9809.0
2024-04-26,PS,INS,39748.0
2024-04-26,PS,OTR,3392.0
2024-04-27,PS,ENE,44942.0
2024-04-27,PS,MOB,9735.0
2024-04-27,PS,INS,41554.0
2024-04-27,PS,OTR,2602.0
2024-04-28,PS,ENE,46326.0
2024-04-28,PS,MOB,9919.0
2024-04-28,PS,INS,44604.0
2024-04-28,PS,OTR,2290.0
2024-04-29,PS,ENE,42882.0
2024-04-29,PS,MOB,9790.0
2024-04-29,PS,INS,36363.0
2024-04-29,PS,OTR,2849.0
2024-04-30,PS,ENE,48448.0
2024-04-30,PS,MOB,9657.0
2024-04-30,PS,INS,39463.0
2024-04-30,PS,OTR,1590.0
2024-05-01,PS,ENE,50661.0
2024-05-01,PS,MOB,9689.0
2024-05-01,PS,INS,43047.0
2024-05-01,PS,OTR,2608.0
2024-05-02,PS,ENE,52180.0
2024-05-02,PS,MOB,9797.0
2024-05-02,PS,INS,32096.0
2024-05-02,PS,OTR,2617.0
2024-05-03,PS,ENE,42863.0
2024-05-03,PS,MOB,9754.0
2024-05-03,PS,INS,10028.0
2024-05-03,PS,OTR,3236.0
2024-05-04,PS,ENE,45696.0
2024-05-04,PS,MOB,9713.0
2024-05-04,PS,INS,28602.0
2024-05-04,PS,OTR,1552.0
2024-05-05,PS,ENE,49266.0
2024-05-05,PS,MOB,9797.0
2024-05-05,PS,INS,36981.0
2024-05-05,PS,OTR,2366.0
2024-05-06,PS,ENE,46893.0
2024-05-06,PS,MOB,9921.0
2024-05-06,PS,INS,40928.0
2024-05-06,PS,OTR,1961.0
2024-05-07,PS,ENE,45986.0
2024-05-07,PS,MOB,9775.0
2024-05-07,PS,INS,33835.0
2024-05-07,PS,OTR,1871.0
2024-05-08,PS,ENE,40097.0
2024-05-08,PS,MOB,9419.0
2024-05-08,PS,INS,32715.0
2024-05-08,PS,OTR,3013.0
2024-05-09,PS,ENE,39178.0
2024-05-09,PS,MOB,9715.0
2024-05-09,PS,INS,32816.0
2024-05-09,PS,OTR,2650.0
2024-05-10,PS,ENE,46453.0
2024-05-10,PS,MOB,9871.0
2024-05-10,PS,INS,42798.0
2024-05-10,PS,OTR,1543.0
2024-05-11,PS,ENE,47118.0
2024-05-11,PS,MOB,9827.0
2024-05-11,PS,INS,33058.0
2024-05-11,PS,OTR,2250.0
2024-05-12,PS,ENE,47260.0
2024-05-12,PS,MOB,9904.0
2024-05-12,PS,INS,39627.0
2024-05-12,PS,OTR,1724.0
2024-05-13,PS,ENE,51758.0
2024-05-13,PS,MOB,9881.0
2024-05-13,PS,INS,42257.0
2024-05-13,PS,OTR,3434.0
2024-05-14,PS,ENE,43892.0
2024-05-14,PS,MOB,9798.0
2024-05-14,PS,INS,38504.0
2024-05-14,PS,OTR,3308.0
2024-05-15,PS,ENE,45603.0
2024-05-15,PS,MOB,9796.0
2024-05-15,PS,INS,36594.0
2024-05-15,PS,OTR,2220.0
2024-05-16,PS,ENE,41058.0
2024-05-16,PS,MOB,9859.0
2024-05-16,PS,INS,33615.0
2024-05-16,PS,OTR,3204.0
2024-05-17,PS,ENE,49048.0
2024-05-17,PS,MOB,9708.0
2024-05-17,PS,INS,35393.0
2024-05-17,PS,OTR,3442.0
2024-05-18,PS,ENE,44382.0
2024-05-18,PS,MOB,9680.0
2024-05-18,PS,INS,35839.0
2024-05-18,PS,OTR,3055.0
2024-05-19,PS,ENE,45806.0
2024-05-19,PS,MOB,9876.0
2024-05-19,PS,INS,32876.0
2024-05-19,PS,OTR,3293.0
2024-05-20,PS,ENE,45409.0
2024-05-20,PS,MOB,9804.0
2024-05-20,PS,INS,44757.0
2024-05-20,PS,OTR,2020.0
2024-05-21,PS,ENE,42317.0
2024-05-21,PS,MOB,9848.0
2024-05-21,PS,INS,46673.0
2024-05-21,PS,OTR,2439.0
2024-05-22,PS,ENE,48645.0
2024-05-22,PS,MOB,9604.0
2024-05-22,PS,INS,33862.0
2024-05-22,PS,OTR,2497.0
2024-05-23,PS,ENE,42153.0
2024-05-23,PS,MOB,9879.0
2024-05-23,PS,INS,26205.0
2024-05-23,PS,OTR,3283.0
2024-05-24,PS,ENE,47822.0
2024-05-24,PS,MOB,9755.0
2024-05-24,PS,INS,33259.0
2024-05-24,PS,OTR,2670.0
2024-05-25,PS,ENE,47578.0
2024-05-25,PS,MOB,9559.0
2024-05-25,PS,INS,28750.0
2024-05-25,PS,OTR,1997.0
2024-05-26,PS,ENE,36538.0
2024-05-26,PS,MOB,9917.0
2024-05-26,PS,INS,34161.0
2024-05-26,PS,OTR,2676.0
2024-05-27,PS,ENE,47250.0
2024-05-27,PS,MOB,9905.0
2024-05-27,PS,INS,31275.0
2024-05-27,PS,OTR,3003.0
2024-05-28,PS,ENE,52493.0
2024-05-28,PS,MOB,9524.0
2024-05-28,PS,INS,33516.0
2024-05-28,PS,OTR,1771.0
2024-05-29,PS,ENE,41067.0
2024-05-29,PS,MOB,9842.0
2024-05-29,PS,INS,27356.0
2024-05-29,PS,OTR,1578.0
2024-05-30,PS,ENE,46044.0
2024-05-30,PS,MOB,9776.0
2024-05-30,PS,INS,42531.0
2024-05-30,PS,OTR,2404.0
2024-05-31,PS,ENE,43337.0
2024-05-31,PS,MOB,9829.0
2024-05-31,PS,INS,38168.0
2024-05-31,PS,OTR,2775.0
2024-06-01,PS,ENE,44345.0
2024-06-01,PS,MOB,9742.0
2024-06-01,PS,INS,38654.0
2024-06-01,PS,OTR,2881.0
2024-06-02,PS,ENE,48044.0
2024-06-02,PS,MOB,9997.0
2024-06-02,PS,INS,44862.0
2024-06-02,PS,OTR,1581.0
2024-06-03,PS,ENE,41909.0
2024-06-03,PS,MOB,9756.0
2024-06-03,PS,INS,37218.0
2024-06-03,PS,OTR,2516.0
2024-06-04,PS,ENE,52106.0
2024-06-04,PS,MOB,9832.0
2024-06-04,PS,INS,44610.0
2024-06-04,PS,OTR,3049.0
2024-06-05,PS,ENE,43285.0
2024-06-05,PS,MOB,9680.0
2024-06-05,PS,INS,41621.0
2024-06-05,PS,OTR,2554.0
2024-06-06,PS,ENE,50666.0
2024-06-06,PS,MOB,9941.0
2024-06-06,PS,INS,32672.0
2024-06-06,PS,OTR,1557.0
2024-06-07,PS,ENE,46415.0
2024-06-07,PS,MOB,10001.0
2024-06-07,PS,INS,29020.0
2024-06-07,PS,OTR,1693.0
2024-06-08,PS,ENE,43045.0
2024-06-08,PS,MOB,9615.0
2024-06-08,PS,INS,36670.0
2024-06-08,PS,OTR,1964.0
2024-06-09,PS,ENE,51582.0
2024-06-09,PS,MOB,9819.0
2024-06-09,PS,INS,32787.0
2024-06-09,PS,OTR,2209.0
2024-06-10,PS,ENE,48135.0
2024-06-10,PS,MOB,9464.0
2024-06-10,PS,INS,35041.0
2024-06-10,PS,OTR,1899.0
2024-06-11,PS,ENE,46289.0
2024-06-11,PS,MOB,10024.0
2024-06-11,PS,INS,33988.0
2024-06-11,PS,OTR,1806.0
2024-06-12,PS,ENE,51416.0
2024-06-12,PS,MOB,9682.0
2024-06-12,PS,INS,44733.0
2024-06-12,PS,OTR,2631.0
2024-06-13,PS,ENE,41429.0
2024-06-13,PS,MOB,10025.0
2024-06-13,PS,INS,36721.0
2024-06-13,PS,OTR,1641.0
2024-06-14,PS,ENE,47375.0
2024-06-14,PS,MOB,9988.0
2024-06-14,PS,INS,31454.0
2024-06-14,PS,OTR,1965.0
2024-06-15,PS,ENE,43020.0
2024-06-15,PS,MOB,9626.0
2024-06-15,PS,INS,38412.0
2024-06-15,PS,OTR,3183.0
2024-06-16,PS,ENE,48226.0
2024-06-16,PS,MOB,9820.0
2024-06-16,PS,INS,35026.0
2024-06-16,PS,OTR,1892.0
2024-06-17,PS,ENE,41406.0
2024-06-17,PS,MOB,9820.0
2024-06-17,PS,INS,39640.0
2024-06-17,PS,OTR,2508.0
2024-06-18,PS,ENE,52504.0
2024-06-18,PS,MOB,9648.0
2024-06-18,PS,INS,41793.0
2024-06-18,PS,OTR,2617.0
2024-06-19,PS,ENE,51412.0
2024-06-19,PS,MOB,9627.0
2024-06-19,PS,INS,47201.0
2024-06-19,PS,OTR,2361.0
2024-06-20,PS,ENE,45849.0
2024-06-20,PS,MOB,9762.0
2024-06-20,PS,INS,42900.0
2024-06-20,PS,OTR,2686.0
2024-06-21,PS,ENE,51641.0
2024-06-21,PS,MOB,9933.0
2024-06-21,PS,INS,32854.0
2024-06-21,PS,OTR,2541.0
2024-06-22,PS,ENE,51294.0
2024-06-22,PS,MOB,9779.0
2024-06-22,PS,INS,33435.0
2024-06-22,PS,OTR,1621.0
2024-06-23,PS,ENE,49559.0
2024-06-23,PS,MOB,9670.0
2024-06-23,PS,INS,33388.0
2024-06-23,PS,OTR,1509.0
2024-06-24,PS,ENE,40666.0
2024-06-24,PS,MOB,9646.0
2024-06-24,PS,INS,33300.0
2024-06-24,PS,OTR,2983.0
2024-06-25,PS,ENE,46973.0
2024-06-25,PS,MOB,9752.0
2024-06-25,PS,INS,41804.0
2024-06-25,PS,OTR,2011.0
2024-06-26,PS,ENE,43938.0
2024-06-26,PS,MOB,9768.0
2024-06-26,PS,INS,38785.0
2024-06-26,PS,OTR,2579.0
2024-06-27,PS,ENE,43483.0
2024-06-27,PS,MOB,9967.0
2024-06-27,PS,INS,41700.0
2024-06-27,PS,OTR,3335.0
2024-06-28,PS,ENE,39955.0
2024-06-28,PS,MOB,9892.0
2024-06-28,PS,INS,38402.0
2024-06-28,PS,OTR,1510.0
2024-06-29,PS,ENE,45436.0
2024-06-29,PS,MOB,9884.0
2024-06-29,PS,INS,37085.0
2024-06-29,PS,OTR,1587.0
2024-06-30,PS,ENE,50235.0
2024-06-30,PS,MOB,9848.0
2024-06-30,PS,INS,44520.0
2024-06-30,PS,OTR,2982.0
2024-07-01,PS,ENE,41317.0
2024-07-01,PS,MOB,9927.0
2024-07-01,PS,INS,31104.0
2024-07-01,PS,OTR,1960.0
2024-07-02,PS,ENE,39253.0
2024-07-02,PS,MOB,9816.0
2024-07-02,PS,INS,37514.0
2024-07-02,PS,OTR,2333.0
2024-07-03,PS,ENE,45917.0
2024-07-03,PS,MOB,9781.0
2024-07-03,PS,INS,23799.0
2024-07-03,PS,OTR,2508.0
2024-07-04,PS,ENE,46798.0
2024-07-04,PS,MOB,9706.0
2024-07-04,PS,INS,34572.0
2024-07-04,PS,OTR,2187.0
2024-07-05,PS,ENE,45776.0
2024-07-05,PS,MOB,9895.0
2024-07-05,PS,INS,32996.0
2024-07-05,PS,OTR,1951.0
2024-07-06,PS,ENE,44189.0
2024-07-06,PS,MOB,10062.0
2024-07-06,PS,INS,42273.0
2024-07-06,PS,OTR,2194.0
2024-07-07,PS,ENE,42981.0
2024-07-07,PS,MOB,9995.0
2024-07-07,PS,INS,35023.0
2024-07-07,PS,OTR,2991.0
2024-07-08,PS,ENE,48784.0
2024-07-08,PS,MOB,9949.0
2024-07-08,PS,INS,37690.0
2024-07-08,PS,OTR,1982.0
2024-07-09,PS,ENE,40403.0
2024-07-09,PS,MOB,9653.0
2024-07-09,PS,INS,30014.0
2024-07-09,PS,OTR,2312.0
2024-07-10,PS,ENE,43577.0
2024-07-10,PS,MOB,9872.0
2024-07-10,PS,INS,40501.0
2024-07-10,PS,OTR,3165.0
2024-07-11,PS,ENE,47826.0
2024-07-11,PS,MOB,10065.0
2024-07-11,PS,INS,35372.0
2024-07-11,PS,OTR,1623.0
2024-07-12,PS,ENE,44621.0
2024-07-12,PS,MOB,9512.0
2024-07-12,PS,INS,31543.0
2024-07-12,PS,OTR,3380.0
2024-07-13,PS,ENE,37601.0
2024-07-13,PS,MOB,10024.0
2024-07-13,PS,INS,34629.0
2024-07-13,PS,OTR,2020.0
2024-07-14,PS,ENE,44839.0
2024-07-14,PS,MOB,9856.0
2024-07-14,PS,INS,44894.0
2024-07-14,PS,OTR,2519.0
2024-07-15,PS,ENE,42324.0
2024-07-15,PS,MOB,9964.0
2024-07-15,PS,INS,32942.0
2024-07-15,PS,OTR,1643.0
2024-07-16,PS,ENE,43362.0
2024-07-16,PS,MOB,9798.0
2024-07-16,PS,INS,41137.0
2024-07-16,PS,OTR,2328.0
2024-07-17,PS,ENE,44287.0
2024-07-17,PS,MOB,9605.0
2024-07-17,PS,INS,37152.0
2024-07-17,PS,OTR,2324.0
2024-07-18,PS,ENE,46359.0
2024-07-18,PS,MOB,9914.0
2024-07-18,PS,INS,42361.0
2024-07-18,PS,OTR,1700.0
2024-07-19,PS,ENE,41700.0
2024-07-19,PS,MOB,9695.0
2024-07-19,PS,INS,40254.0
2024-07-19,PS,OTR,1694.0
2024-07-20,PS,ENE,43625.0
2024-07-20,PS,MOB,9630.0
2024-07-20,PS,INS,40516.0
2024-07-20,PS,OTR,2944.0
2024-07-21,PS,ENE,47336.0
2024-07-21,PS,MOB,9757.0
2024-07-21,PS,INS,39293.0
2024-07-21,PS,OTR,1783.0
2024-07-22,PS,ENE,40747.0
2024-07-22,PS,MOB,9724.0
2024-07-22,PS,INS,26180.0
2024-07-22,PS,OTR,3443.0
2024-07-23,PS,ENE,43571.0
2024-07-23,PS,MOB,9906.0
2024-07-23,PS,INS,23025.0
2024-07-23,PS,OTR,3374.0
2024-07-24,PS,ENE,46791.0
2024-07-24,PS,MOB,9827.0
2024-07-24,PS,INS,36056.0
2024-07-24,PS,OTR,1870.0
2024-07-25,PS,ENE,39694.0
2024-07-25,PS,MOB,9763.0
2024-07-25,PS,INS,33148.0
2024-07-25,PS,OTR,3078.0
2024-07-26,PS,ENE,45762.0
2024-07-26,PS,MOB,9779.0
2024-07-26,PS,INS,28790.0
2024-07-26,PS,OTR,1630.0
2024-07-27,PS,ENE,45978.0
2024-07-27,PS,MOB,9794.0
2024-07-27,PS,INS,39223.0
2024-07-27,PS,OTR,1756.0
2024-07-28,PS,ENE,41652.0
2024-07-28,PS,MOB,9851.0
2024-07-28,PS,INS,42449.0
2024-07-28,PS,OTR,2063.0
2024-07-29,PS,ENE,50245.0
2024-07-29,PS,MOB,9763.0
2024-07-29,PS,INS,41192.0
2024-07-29,PS,OTR,2801.0
2024-07-30,PS,ENE,47705.0
2024-07-30,PS,MOB,9719.0
2024-07-30,PS,INS,40331.0
2024-07-30,PS,OTR,2678.0
2024-07-31,PS,ENE,45170.0
2024-07-31,PS,MOB,9872.0
2024-07-31,PS,INS,41978.0
2024-07-31,PS,OTR,2056.0
2024-08-01,PS,ENE,41556.0
2024-08-01,PS,MOB,9615.0
2024-08-01,PS,INS,34871.0
2024-08-01,PS,OTR,2700.0
2024-08-02,PS,ENE,41765.0
2024-08-02,PS,MOB,9855.0
2024-08-02,PS,INS,37475.0
2024-08-02,PS,OTR,1652.0
2024-08-03,PS,ENE,40600.0
2024-08-03,PS,MOB,9699.0
2024-08-03,PS,INS,32123.0
2024-08-03,PS,OTR,2051.0
2024-08-04,PS,ENE,44153.0
2024-08-04,PS,MOB,9885.0
2024-08-04,PS,INS,33542.0
2024-08-04,PS,OTR,2255.0
2024-08-05,PS,ENE,36965.0
2024-08-05,PS,MOB,9873.0
2024-08-05,PS,INS,34420.0
2024-08-05,PS,OTR,1812.0
2024-08-06,PS,ENE,42167.0
2024-08-06,PS,MOB,9573.0
2024-08-06,PS,INS,28556.0
2024-08-06,PS,OTR,2806.0
2024-08-07,PS,ENE,43877.0
2024-08-07,PS,MOB,10035.0
2024-08-07,PS,INS,34801.0
2024-08-07,PS,OTR,2681.0
2024-08-08,PS,ENE,39787.0
2024-08-08,PS,MOB,9911.0
2024-08-08,PS,INS,31884.0
2024-08-08,PS,OTR,3086.0
2024-08-09,PS,ENE,46962.0
2024-08-09,PS,MOB,9823.0
2024-08-09,PS,INS,28129.0
2024-08-09,PS,OTR,2390.0
2024-08-10,PS,ENE,41879.0
2024-08-10,PS,MOB,9572.0
2024-08-10,PS,INS,33836.0
2024-08-10,PS,OTR,2029.0
2024-08-11,PS,ENE,43416.0
2024-08-11,PS,MOB,9688.0
2024-08-11,PS,INS,27390.0
2024-08-11,PS,OTR,2607.0
2024-08-12,PS,ENE,41667.0
2024-08-12,PS,MOB,9763.0
2024-08-12,PS,INS,30500.0
2024-08-12,PS,OTR,2067.0
2024-08-13,PS,ENE,42401.0
2024-08-13,PS,MOB,9815.0
2024-08-13,PS,INS,31662.0
2024-08-13,PS,OTR,1784.0
2024-08-14,PS,ENE,42802.0
2024-08-14,PS,MOB,9847.0
2024-08-14,PS,INS,31951.0
2024-08-14,PS,OTR,2729.0
2024-08-15,PS,ENE,41325.0
2024-08-15,PS,MOB,9818.0
2024-08-15,PS,INS,16774.0
2024-08-15,PS,OTR,2902.0
2024-08-16,PS,ENE,47839.0
2024-08-16,PS,MOB,9721.0
2024-08-16,PS,INS,37530.0
2024-08-16,PS,OTR,2444.0
2024-08-17,PS,ENE,46142.0
2024-08-17,PS,MOB,9788.0
2024-08-17,PS,INS,33318.0
2024-08-17,PS,OTR,2907.0
2024-08-18,PS,ENE,45921.0
2024-08-18,PS,MOB,9831.0
2024-08-18,PS,INS,28592.0
2024-08-18,PS,OTR,2983.0
2024-08-19,PS,ENE,43971.0
2024-08-19,PS,MOB,9773.0
2024-08-19,PS,INS,34533.0
2024-08-19,PS,OTR,3361.0
2024-08-20,PS,ENE,44816.0
2024-08-20,PS,MOB,10265.0
2024-08-20,PS,INS,32103.0
2024-08-20,PS,OTR,1680.0
2024-08-21,PS,ENE,44756.0
2024-08-21,PS,MOB,9832.0
2024-08-21,PS,INS,43405.0
2024-08-21,PS,OTR,3228.0
2024-08-22,PS,ENE,40341.0
2024-08-22,PS,MOB,10056.0
2024-08-22,PS,INS,31996.0
2024-08-22,PS,OTR,2155.0
2024-08-23,PS,ENE,43803.0
2024-08-23,PS,MOB,9658.0
2024-08-23,PS,INS,40988.0
2024-08-23,PS,OTR,2716.0
2024-08-24,PS,ENE,40359.0
2024-08-24,PS,MOB,9580.0
2024-08-24,PS,INS,33736.0
2024-08-24,PS,OTR,2028.0
2024-08-25,PS,ENE,44626.0
2024-08-25,PS,MOB,9788.0
2024-08-25,PS,INS,33520.0
2024-08-25,PS,OTR,3240.0
2024-08-26,PS,ENE,46093.0
2024-08-26,PS,MOB,9637.0
2024-08-26,PS,INS,38339.0
2024-08-26,PS,OTR,2872.0
2024-08-27,PS,ENE,45196.0
2024-08-27,PS,MOB,9521.0
2024-08-27,PS,INS,42199.0
2024-08-27,PS,OTR,2550.0
2024-08-28,PS,ENE,45546.0
2024-08-28,PS,MOB,9912.0
2024-08-28,PS,INS,40216.0
2024-08-28,PS,OTR,2418.0
2024-08-29,PS,ENE,44921.0
2024-08-29,PS,MOB,9690.0
2024-08-29,PS,INS,36516.0
2024-08-29,PS,OTR,3221.0
2024-08-30,PS,ENE,45297.0
2024-08-30,PS,MOB,9515.0
2024-08-30,PS,INS,31243.0
2024-08-30,PS,OTR,2176.0
2024-08-31,PS,ENE,43329.0
2024-08-31,PS,MOB,9585.0
2024-08-31,PS,INS,38662.0
2024-08-31,PS,OTR,1800.0
2024-09-01,PS,ENE,41720.0
2024-09-01,PS,MOB,10040.0
2024-09-01,PS,INS,44022.0
2024-09-01,PS,OTR,2515.0
2024-09-02,PS,ENE,41733.0
2024-09-02,PS,MOB,9859.0
2024-09-02,PS,INS,31617.0
2024-09-02,PS,OTR,2256.0
2024-09-03,PS,ENE,45723.0
2024-09-03,PS,MOB,9808.0
2024-09-03,PS,INS,37415.0
2024-09-03,PS,OTR,1825.0
2024-09-04,PS,ENE,49295.0
2024-09-04,PS,MOB,9632.0
2024-09-04,PS,INS,41489.0
2024-09-04,PS,OTR,2969.0
2024-09-05,PS,ENE,46931.0
2024-09-05,PS,MOB,9831.0
2024-09-05,PS,INS,35343.0
2024-09-05,PS,OTR,1533.0
2024-09-06,PS,ENE,44415.0
2024-09-06,PS,MOB,10214.0
2024-09-06,PS,INS,44135.0
2024-09-06,PS,OTR,2478.0
2024-09-07,PS,ENE,48443.0
2024-09-07,PS,MOB,9489.0
2024-09-07,PS,INS,43032.0
2024-09-07,PS,OTR,3298.0
2024-09-08,PS,ENE,45719.0
2024-09-08,PS,MOB,9539.0
2024-09-08,PS,INS,44465.0
2024-09-08,PS,OTR,3091.0
2024-09-09,PS,ENE,43979.0
2024-09-09,PS,MOB,9593.0
2024-09-09,PS,INS,27767.0
2024-09-09,PS,OTR,2044.0
2024-09-10,PS,ENE,44737.0
2024-09-10,PS,MOB,9810.0
2024-09-10,PS,INS,38138.0
2024-09-10,PS,OTR,2449.0
2024-09-11,PS,ENE,52378.0
2024-09-11,PS,MOB,9994.0
2024-09-11,PS,INS,35987.0
2024-09-11,PS,OTR,2949.0
2024-09-12,PS,ENE,41069.0
2024-09-12,PS,MOB,9765.0
2024-09-12,PS,INS,30055.0
2024-09-12,PS,OTR,2210.0
2024-09-13,PS,ENE,46440.0
2024-09-13,PS,MOB,9674.0
2024-09-13,PS,INS,32297.0
2024-09-13,PS,OTR,2091.0
2024-09-14,PS,ENE,39548.0
2024-09-14,PS,MOB,9955.0
2024-09-14,PS,INS,34778.0
2024-09-14,PS,OTR,1719.0
2024-09-15,PS,ENE,45063.0
2024-09-15,PS,MOB,9916.0
2024-09-15,PS,INS,34795.0
2024-09-15,PS,OTR,1989.0
2024-09-16,PS,ENE,43234.0
2024-09-16,PS,MOB,9494.0
2024-09-16,PS,INS,42277.0
2024-09-16,PS,OTR,2862.0
2024-09-17,PS,ENE,46019.0
2024-09-17,PS,MOB,9640.0
2024-09-17,PS,INS,31448.0
2024-09-17,PS,OTR,2755.0
2024-09-18,PS,ENE,47711.0
2024-09-18,PS,MOB,9765.0
2024-09-18,PS,INS,43515.0
2024-09-18,PS,OTR,3053.0
2024-09-19,PS,ENE,37642.0
2024-09-19,PS,MOB,9804.0
2024-09-19,PS,INS,39795.0
2024-09-19,PS,OTR,2097.0
2024-09-20,PS,ENE,41163.0
2024-09-20,PS,MOB,9685.0
2024-09-20,PS,INS,22717.0
2024-09-20,PS,OTR,3262.0
2024-09-21,PS,ENE,52023.0
2024-09-21,PS,MOB,9684.0
2024-09-21,PS,INS,35752.0
2024-09-21,PS,OTR,3170.0
2024-09-22,PS,ENE,43246.0
2024-09-22,PS,MOB,9721.0
2024-09-22,PS,INS,35025.0
2024-09-22,PS,OTR,1749.0
2024-09-23,PS,ENE,42753.0
2024-09-23,PS,MOB,9715.0
2024-09-23,PS,INS,43056.0
2024-09-23,PS,OTR,1628.0
2024-09-24,PS,ENE,48449.0
2024-09-24,PS,MOB,9981.0
2024-09-24,PS,INS,31362.0
2024-09-24,PS,OTR,2604.0
2024-09-25,PS,ENE,50248.0
2024-09-25,PS,MOB,9633.0
2024-09-25,PS,INS,36220.0
2024-09-25,PS,OTR,3397.0
2024-09-26,PS,ENE,43827.0
2024-09-26,PS,MOB,9875.0
2024-09-26,PS,INS,41545.0
2024-09-26,PS,OTR,2176.0
2024-09-27,PS,ENE,47041.0
2024-09-27,PS,MOB,9823.0
2024-09-27,PS,INS,40508.0
2024-09-27,PS,OTR,2451.0
2024-09-28,PS,ENE,41963.0
2024-09-28,PS,MOB,9677.0
2024-09-28,PS,INS,22772.0
2024-09-28,PS,OTR,2159.0
2024-09-29,PS,ENE,42032.0
2024-09-29,PS,MOB,9846.0
2024-09-29,PS,INS,35973.0
2024-09-29,PS,OTR,2871.0
2024-09-30,PS,ENE,39698.0
2024-09-30,PS,MOB,9838.0
2024-09-30,PS,INS,39215.0
2024-09-30,PS,OTR,2250.0
2024-10-01,PS,ENE,40517.0
2024-10-01,PS,MOB,9894.0
2024-10-01,PS,INS,38540.0
2024-10-01,PS,OTR,2611.0
2024-10-02,PS,ENE,42960.0
2024-10-02,PS,MOB,9791.0
2024-10-02,PS,INS,37811.0
2024-10-02,PS,OTR,2663.0
2024-10-03,PS,ENE,47982.0
2024-10-03,PS,MOB,9676.0
2024-10-03,PS,INS,36150.0
2024-10-03,PS,OTR,2209.0
2024-10-04,PS,ENE,42050.0
2024-10-04,PS,MOB,10037.0
2024-10-04,PS,INS,34175.0
2024-10-04,PS,OTR,1666.0
2024-10-05,PS,ENE,39690.0
2024-10-05,PS,MOB,9480.0
2024-10-05,PS,INS,34509.0
2024-10-05,PS,OTR,3366.0
2024-10-06,PS,ENE,48736.0
2024-10-06,PS,MOB,9964.0
2024-10-06,PS,INS,42951.0
2024-10-06,PS,OTR,2306.0
2024-10-07,PS,ENE,40991.0
2024-10-07,PS,MOB,9808.0
2024-10-07,PS,INS,44114.0
2024-10-07,PS,OTR,2581.0
2024-10-08,PS,ENE,41797.0
2024-10-08,PS,MOB,9831.0
2024-10-08,PS,INS,48433.0
2024-10-08,PS,OTR,2684.0
2024-10-09,PS,ENE,43583.0
2024-10-09,PS,MOB,9741.0
2024-10-09,PS,INS,37054.0
2024-10-09,PS,OTR,3054.0
2024-10-10,PS,ENE,42465.0
2024-10-10,PS,MOB,9870.0
2024-10-10,PS,INS,39753.0
2024-10-10,PS,OTR,2328.0
2024-10-11,PS,ENE,42371.0
2024-10-11,PS,MOB,9758.0
2024-10-11,PS,INS,30651.0
2024-10-11,PS,OTR,2095.0
2024-10-12,PS,ENE,49829.0
2024-10-12,PS,MOB,9777.0
2024-10-12,PS,INS,34225.0
2024-10-12,PS,OTR,3208.0
2024-10-13,PS,ENE,39784.0
2024-10-13,PS,MOB,9881.0
2024-10-13,PS,INS,31279.0
2024-10-13,PS,OTR,2666.0
2024-10-14,PS,ENE,45402.0
2024-10-14,PS,MOB,9838.0
2024-10-14,PS,INS,33971.0
2024-10-14,PS,OTR,2236.0
2024-10-15,PS,ENE,51766.0
2024-10-15,PS,MOB,9895.0
2024-10-15,PS,INS,43659.0
2024-10-15,PS,OTR,2598.0
2024-10-16,PS,ENE,49003.0
2024-10-16,PS,MOB,9857.0
2024-10-16,PS,INS,38212.0
2024-10-16,PS,OTR,1887.0
2024-10-17,PS,ENE,43429.0
2024-10-17,PS,MOB,9621.0
2024-10-17,PS,INS,36287.0
2024-10-17,PS,OTR,3479.0
2024-10-18,PS,ENE,49549.0
2024-10-18,PS,MOB,9613.0
2024-10-18,PS,INS,42501.0
2024-10-18,PS,OTR,2675.0
2024-10-19,PS,ENE,44772.0
2024-10-19,PS,MOB,9919.0
2024-10-19,PS,INS,27364.0
2024-10-19,PS,OTR,3249.0
2024-10-20,PS,ENE,36708.0
2024-10-20,PS,MOB,9733.0
2024-10-20,PS,INS,42656.0
2024-10-20,PS,OTR,2466.0
2024-10-21,PS,ENE,49121.0
2024-10-21,PS,MOB,9733.0
2024-10-21,PS,INS,33952.0
2024-10-21,PS,OTR,3421.0
2024-10-22,PS,ENE,46151.0
2024-10-22,PS,MOB,9823.0
2024-10-22,PS,INS,34819.0
2024-10-22,PS,OTR,2468.0
2024-10-23,PS,ENE,47581.0
2024-10-23,PS,MOB,10101.0
2024-10-23,PS,INS,37430.0
2024-10-23,PS,OTR,3053.0
2024-10-24,PS,ENE,40279.0
2024-10-24,PS,MOB,9737.0
2024-10-24,PS,INS,41036.0
2024-10-24,PS,OTR,1765.0
2024-10-25,PS,ENE,41078.0
2024-10-25,PS,MOB,9601.0
2024-10-25,PS,INS,40213.0
2024-10-25,PS,OTR,1931.0
2024-10-26,PS,ENE,48927.0
2024-10-26,PS,MOB,10087.0
2024-10-26,PS,INS,42245.0
2024-10-26,PS,OTR,2569.0
2024-10-27,PS,ENE,43066.0
2024-10-27,PS,MOB,9935.0
2024-10-27,PS,INS,35946.0
2024-10-27,PS,OTR,2762.0
2024-10-28,PS,ENE,51708.0
2024-10-28,PS,MOB,9924.0
2024-10-28,PS,INS,43063.0
2024-10-28,PS,OTR,3363.0
2024-10-29,PS,ENE,41478.0
2024-10-29,PS,MOB,9945.0
2024-10-29,PS,INS,40937.0
2024-10-29,PS,OTR,3384.0
2024-10-30,PS,ENE,43295.0
2024-10-30,PS,MOB,10067.0
2024-10-30,PS,INS,33198.0
2024-10-30,PS,OTR,2462.0
2024-10-31,PS,ENE,45048.0
2024-10-31,PS,MOB,9635.0
2024-10-31,PS,INS,47059.0
2024-10-31,PS,OTR,1696.0
2024-11-01,PS,ENE,48341.0
2024-11-01,PS,MOB,9902.0
2024-11-01,PS,INS,36381.0
2024-11-01,PS,OTR,2313.0
2024-11-02,PS,ENE,51501.0
2024-11-02,PS,MOB,9693.0
2024-11-02,PS,INS,44328.0
2024-11-02,PS,OTR,2798.0
2024-11-03,PS,ENE,45609.0
2024-11-03,PS,MOB,9878.0
2024-11-03,PS,INS,40668.0
2024-11-03,PS,OTR,2186.0
2024-11-04,PS,ENE,43649.0
2024-11-04,PS,MOB,9804.0
2024-11-04,PS,INS,24803.0
2024-11-04,PS,OTR,1780.0
2024-11-05,PS,ENE,44240.0
2024-11-05,PS,MOB,9546.0
2024-11-05,PS,INS,38369.0
2024-11-05,PS,OTR,2889.0
2024-11-06,PS,ENE,50619.0
2024-11-06,PS,MOB,10047.0
2024-11-06,PS,INS,41396.0
2024-11-06,PS,OTR,3263.0
2024-11-07,PS,ENE,48637.0
2024-11-07,PS,MOB,9861.0
2024-11-07,PS,INS,46153.0
2024-11-07,PS,OTR,2548.0
2024-11-08,PS,ENE,49944.0
2024-11-08,PS,MOB,9978.0
2024-11-08,PS,INS,29677.0
2024-11-08,PS,OTR,2073.0
2024-11-09,PS,ENE,41017.0
2024-11-09,PS,MOB,9718.0
2024-11-09,PS,INS,36972.0
2024-11-09,PS,OTR,1788.0
2024-11-10,PS,ENE,47250.0
2024-11-10,PS,MOB,9874.0
2024-11-10,PS,INS,50433.0
2024-11-10,PS,OTR,2324.0
2024-11-11,PS,ENE,50323.0
2024-11-11,PS,MOB,9837.0
2024-11-11,PS,INS,34915.0
2024-11-11,PS,OTR,2127.0
2024-11-12,PS,ENE,42115.0
2024-11-12,PS,MOB,10193.0
2024-11-12,PS,INS,35974.0
2024-11-12,PS,OTR,1634.0
2024-11-13,PS,ENE,46518.0
2024-11-13,PS,MOB,9927.0
2024-11-13,PS,INS,34361.0
2024-11-13,PS,OTR,3026.0
2024-11-14,PS,ENE,47936.0
2024-11-14,PS,MOB,9832.0
2024-11-14,PS,INS,36431.0
2024-11-14,PS,OTR,1890.0
2024-11-15,PS,ENE,42880.0
2024-11-15,PS,MOB,9831.0
2024-11-15,PS,INS,44775.0
2024-11-15,PS,OTR,1563.0
2024-11-16,PS,ENE,47090.0
2024-11-16,PS,MOB,9545.0
2024-11-16,PS,INS,33205.0
2024-11-16,PS,OTR,3382.0
2024-11-17,PS,ENE,42411.0
2024-11-17,PS,MOB,9795.0
2024-11-17,PS,INS,39076.0
2024-11-17,PS,OTR,1516.0
2024-11-18,PS,ENE,47538.0
2024-11-18,PS,MOB,10038.0
2024-11-18,PS,INS,35884.0
2024-11-18,PS,OTR,1921.0
2024-11-19,PS,ENE,45109.0
2024-11-19,PS,MOB,9893.0
2024-11-19,PS,INS,27446.0
2024-11-19,PS,OTR,1597.0
2024-11-20,PS,ENE,41004.0
2024-11-20,PS,MOB,9781.0
2024-11-20,PS,INS,39015.0
2024-11-20,PS,OTR,2332.0
2024-11-21,PS,ENE,40816.0
2024-11-21,PS,MOB,9775.0
2024-11-21,PS,INS,34906.0
2024-11-21,PS,OTR,3110.0
2024-11-22,PS,ENE,50231.0
2024-11-22,PS,MOB,9665.0
2024-11-22,PS,INS,45279.0
2024-11-22,PS,OTR,1576.0
2024-11-23,PS,ENE,46644.0
2024-11-23,PS,MOB,9892.0
2024-11-23,PS,INS,47541.0
2024-11-23,PS,OTR,2755.0
2024-11-24,PS,ENE,45367.0
2024-11-24,PS,MOB,9601.0
2024-11-24,PS,INS,38557.0
2024-11-24,PS,OTR,3090.0
2024-11-25,PS,ENE,49431.0
2024-11-25,PS,MOB,9785.0
2024-11-25,PS,INS,34724.0
2024-11-25,PS,OTR,2765.0
2024-11-26,PS,ENE,46423.0
2024-11-26,PS,MOB,9897.0
2024-11-26,PS,INS,30138.0
2024-11-26,PS,OTR,2250.0
2024-11-27,PS,ENE,40615.0
2024-11-27,PS,MOB,9743.0
2024-11-27,PS,INS,31825.0
2024-11-27,PS,OTR,1659.0
2024-11-28,PS,ENE,45459.0
2024-11-28,PS,MOB,10151.0
2024-11-28,PS,INS,41569.0
2024-11-28,PS,OTR,1947.0
2024-11-29,PS,ENE,43480.0
2024-11-29,PS,MOB,9911.0
2024-11-29,PS,INS,30930.0
2024-11-29,PS,OTR,1921.0
2024-11-30,PS,ENE,44247.0
2024-11-30,PS,MOB,9418.0
2024-11-30,PS,INS,33739.0
2024-11-30,PS,OTR,3278.0
2024-12-01,PS,ENE,49970.0
2024-12-01,PS,MOB,9660.0
2024-12-01,PS,INS,36870.0
2024-12-01,PS,OTR,1894.0
2024-12-02,PS,ENE,43362.0
2024-12-02,PS,MOB,9695.0
2024-12-02,PS,INS,29436.0
2024-12-02,PS,OTR,2275.0
2024-12-03,PS,ENE,45467.0
2024-12-03,PS,MOB,9898.0
2024-12-03,PS,INS,32795.0
2024-12-03,PS,OTR,2384.0
2024-12-04,PS,ENE,48066.0
2024-12-04,PS,MOB,9818.0
2024-12-04,PS,INS,38908.0
2024-12-04,PS,OTR,3210.0
2024-12-05,PS,ENE,52623.0
2024-12-05,PS,MOB,9825.0
2024-12-05,PS,INS,38742.0
2024-12-05,PS,OTR,3398.0
2024-12-06,PS,ENE,49488.0
2024-12-06,PS,MOB,9885.0
2024-12-06,PS,INS,36115.0
2024-12-06,PS,OTR,2070.0
2024-12-07,PS,ENE,44752.0
2024-12-07,PS,MOB,9961.0
2024-12-07,PS,INS,37665.0
2024-12-07,PS,OTR,2110.0
2024-12-08,PS,ENE,43508.0
2024-12-08,PS,MOB,10085.0
2024-12-08,PS,INS,30106.0
2024-12-08,PS,OTR,1751.0
2024-12-09,PS,ENE,41197.0
2024-12-09,PS,MOB,9806.0
2024-12-09,PS,INS,48657.0
2024-12-09,PS,OTR,2043.0
2024-12-10,PS,ENE,46337.0
2024-12-10,PS,MOB,9762.0
2024-12-10,PS,INS,38361.0
2024-12-10,PS,OTR,1571.0
2024-12-11,PS,ENE,44369.0
2024-12-11,PS,MOB,10090.0
2024-12-11,PS,INS,38549.0
2024-12-11,PS,OTR,1955.0
2024-12-12,PS,ENE,43843.0
2024-12-12,PS,MOB,9968.0
2024-12-12,PS,INS,33992.0
2024-12-12,PS,OTR,1562.0
2024-12-13,PS,ENE,45203.0
2024-12-13,PS,MOB,9830.0
2024-12-13,PS,INS,45251.0
2024-12-13,PS,OTR,2715.0
2024-12-14,PS,ENE,46932.0
2024-12-14,PS,MOB,9766.0
2024-12-14,PS,INS,36879.0
2024-12-14,PS,OTR,3246.0
2024-12-15,PS,ENE,48666.0
2024-12-15,PS,MOB,9813.0
2024-12-15,PS,INS,46418.0
2024-12-15,PS,OTR,2685.0
2024-12-16,PS,ENE,49166.0
2024-12-16,PS,MOB,9991.0
2024-12-16,PS,INS,30664.0
2024-12-16,PS,OTR,2825.0
2024-12-17,PS,ENE,46166.0
2024-12-17,PS,MOB,9547.0
2024-12-17,PS,INS,35410.0
2024-12-17,PS,OTR,2222.0
2024-12-18,PS,ENE,42879.0
2024-12-18,PS,MOB,9628.0
2024-12-18,PS,INS,41151.0
2024-12-18,PS,OTR,1724.0
2024-12-19,PS,ENE,47625.0
2024-12-19,PS,MOB,9788.0
2024-12-19,PS,INS,34860.0
2024-12-19,PS,OTR,2229.0
2024-12-20,PS,ENE,41439.0
2024-12-20,PS,MOB,9694.0
2024-12-20,PS,INS,41726.0
2024-12-20,PS,OTR,2530.0
2024-12-21,PS,ENE,42976.0
2024-12-21,PS,MOB,9997.0
2024-12-21,PS,INS,36464.0
2024-12-21,PS,OTR,2463.0
2024-12-22,PS,ENE,44221.0
2024-12-22,PS,MOB,9754.0
2024-12-22,PS,INS,22996.0
2024-12-22,PS,OTR,3058.0
2024-12-23,PS,ENE,39948.0
2024-12-23,PS,MOB,9605.0
2024-12-23,PS,INS,35708.0
2024-12-23,PS,OTR,2817.0
2024-12-24,PS,ENE,47244.0
2024-12-24,PS,MOB,9830.0
2024-12-24,PS,INS,35650.0
2024-12-24,PS,OTR,2446.0
2024-12-25,PS,ENE,46573.0
2024-12-25,PS,MOB,9643.0
2024-12-25,PS,INS,42646.0
2024-12-25,PS,OTR,3066.0
2024-12-26,PS,ENE,42933.0
2024-12-26,PS,MOB,9907.0
2024-12-26,PS,INS,34294.0
2024-12-26,PS,OTR,2144.0
2024-12-27,PS,ENE,40728.0
2024-12-27,PS,MOB,9643.0
2024-12-27,PS,INS,37803.0
2024-12-27,PS,OTR,2135.0
2024-12-28,PS,ENE,49623.0
2024-12-28,PS,MOB,9822.0
2024-12-28,PS,INS,37590.0
2024-12-28,PS,OTR,1926.0
2024-12-29,PS,ENE,45042.0
2024-12-29,PS,MOB,9983.0
2024-12-29,PS,INS,39361.0
2024-12-29,PS,OTR,2028.0
2024-12-30,PS,ENE,44913.0
2024-12-30,PS,MOB,9842.0
2024-12-30,PS,INS,34274.0
2024-12-30,PS,OTR,1949.0
2024-12-31,PS,ENE,50980.0
2024-12-31,PS,MOB,9961.0
2024-12-31,PS,INS,36205.0
2024-12-31,PS,OTR,2391.0
2025-01-01,PS,ENE,48917.0
2025-01-01,PS,MOB,9643.0
2025-01-01,PS,INS,31923.0
2025-01-01,PS,OTR,2892.0
2025-01-02,PS,ENE,46047.0
2025-01-02,PS,MOB,9696.0
2025-01-02,PS,INS,43178.0
2025-01-02,PS,OTR,3302.0
2025-01-03,PS,ENE,41392.0
2025-01-03,PS,MOB,9769.0
2025-01-03,PS,INS,38591.0
2025-01-03,PS,OTR,2615.0
2025-01-04,PS,ENE,43252.0
2025-01-04,PS,MOB,9573.0
2025-01-04,PS,INS,34753.0
2025-01-04,PS,OTR,2344.0
2025-01-05,PS,ENE,36454.0
2025-01-05,PS,MOB,9923.0
2025-01-05,PS,INS,32119.0
2025-01-05,PS,OTR,3085.0
2025-01-06,PS,ENE,43754.0
2025-01-06,PS,MOB,9999.0
2025-01-06,PS,INS,34284.0
2025-01-06,PS,OTR,2852.0
2025-01-07,PS,ENE,43203.0
2025-01-07,PS,MOB,10101.0
2025-01-07,PS,INS,33197.0
2025-01-07,PS,OTR,2043.0
2025-01-08,PS,ENE,40680.0
2025-01-08,PS,MOB,9891.0
2025-01-08,PS,INS,31325.0
2025-01-08,PS,OTR,2483.0
2025-01-09,PS,ENE,48923.0
2025-01-09,PS,MOB,9744.0
2025-01-09,PS,INS,31609.0
2025-01-09,PS,OTR,2075.0
2025-01-10,PS,ENE,42787.0
2025-01-10,PS,MOB,9911.0
2025-01-10,PS,INS,41806.0
2025-01-10,PS,OTR,2267.0
2025-01-11,PS,ENE,41096.0
2025-01-11,PS,MOB,9979.0
2025-01-11,PS,INS,33466.0
2025-01-11,PS,OTR,2467.0
2025-01-12,PS,ENE,48307.0
2025-01-12,PS,MOB,9808.0
2025-01-12,PS,INS,38746.0
2025-01-12,PS,OTR,2142.0
2025-01-13,PS,ENE,46564.0
2025-01-13,PS,MOB,9541.0
2025-01-13,PS,INS,41164.0
2025-01-13,PS,OTR,3070.0
2025-01-14,PS,ENE,43281.0
2025-01-14,PS,MOB,9933.0
2025-01-14,PS,INS,38576.0
2025-01-14,PS,OTR,3413.0
2025-01-15,PS,ENE,42304.0
2025-01-15,PS,MOB,9807.0
2025-01-15,PS,INS,38722.0
2025-01-15,PS,OTR,1613.0
2025-01-16,PS,ENE,44274.0
2025-01-16,PS,MOB,9951.0
2025-01-16,PS,INS,47154.0
2025-01-16,PS,OTR,2501.0
2025-01-17,PS,ENE,38773.0
2025-01-17,PS,MOB,9855.0
2025-01-17,PS,INS,39941.0
2025-01-17,PS,OTR,1911.0
2025-01-18,PS,ENE,39503.0
2025-01-18,PS,MOB,9603.0
2025-01-18,PS,INS,41355.0
2025-01-18,PS,OTR,3221.0
2025-01-19,PS,ENE,43830.0
2025-01-19,PS,MOB,9736.0
2025-01-19,PS,INS,39469.0
2025-01-19,PS,OTR,2027.0
2025-01-20,PS,ENE,45125.0
2025-01-20,PS,MOB,9522.0
2025-01-20,PS,INS,35633.0
2025-01-20,PS,OTR,2558.0
2025-01-21,PS,ENE,46360.0
2025-01-21,PS,MOB,9893.0
2025-01-21,PS,INS,24317.0
2025-01-21,PS,OTR,1801.0
2025-01-22,PS,ENE,44739.0
2025-01-22,PS,MOB,10005.0
2025-01-22,PS,INS,33403.0
2025-01-22,PS,OTR,2247.0
2025-01-23,PS,ENE,39097.0
2025-01-23,PS,MOB,9797.0
2025-01-23,PS,INS,25891.0
2025-01-23,PS,OTR,3130.0
2025-01-24,PS,ENE,46541.0
2025-01-24,PS,MOB,9635.0
2025-01-24,PS,INS,35013.0
2025-01-24,PS,OTR,3015.0
2025-01-25,PS,ENE,43073.0
2025-01-25,PS,MOB,9714.0
2025-01-25,PS,INS,41330.0
2025-01-25,PS,OTR,2769.0
2025-01-26,PS,ENE,40469.0
2025-01-26,PS,MOB,9706.0
2025-01-26,PS,INS,38516.0
2025-01-26,PS,OTR,2031.0
2025-01-27,PS,ENE,43660.0
2025-01-27,PS,MOB,10091.0
2025-01-27,PS,INS,33973.0
2025-01-27,PS,OTR,1782.0
2025-01-28,PS,ENE,40787.0
2025-01-28,PS,MOB,9812.0
2025-01-28,PS,INS,36560.0
2025-01-28,PS,OTR,2913.0
2025-01-29,PS,ENE,38031.0
2025-01-29,PS,MOB,9692.0
2025-01-29,PS,INS,32048.0
2025-01-29,PS,OTR,2380.0
2025-01-30,PS,ENE,48132.0
2025-01-30,PS,MOB,9805.0
2025-01-30,PS,INS,40744.0
2025-01-30,PS,OTR,2506.0
2025-01-31,PS,ENE,47998.0
2025-01-31,PS,MOB,9963.0
2025-01-31,PS,INS,39336.0
2025-01-31,PS,OTR,2640.0
2025-02-01,PS,ENE,41404.0
2025-02-01,PS,MOB,9505.0
2025-02-01,PS,INS,32276.0
2025-02-01,PS,OTR,1788.0
2025-02-02,PS,ENE,41395.0
2025-02-02,PS,MOB,9827.0
2025-02-02,PS,INS,31933.0
2025-02-02,PS,OTR,2414.0
2025-02-03,PS,ENE,47882.0
2025-02-03,PS,MOB,9974.0
2025-02-03,PS,INS,35039.0
2025-02-03,PS,OTR,2838.0
2025-02-04,PS,ENE,42075.0
2025-02-04,PS,MOB,9786.0
2025-02-04,PS,INS,39798.0
2025-02-04,PS,OTR,2470.0
2025-02-05,PS,ENE,41421.0
2025-02-05,PS,MOB,9945.0
2025-02-05,PS,INS,34426.0
2025-02-05,PS,OTR,2929.0
2025-02-06,PS,ENE,41588.0
2025-02-06,PS,MOB,9963.0
2025-02-06,PS,INS,36942.0
2025-02-06,PS,OTR,3044.0
2025-02-07,PS,ENE,41722.0
2025-02-07,PS,MOB,9695.0
2025-02-07,PS,INS,37925.0
2025-02-07,PS,OTR,2541.0
2025-02-08,PS,ENE,38813.0
2025-02-08,PS,MOB,9781.0
2025-02-08,PS,INS,44377.0
2025-02-08,PS,OTR,2119.0
2025-02-09,PS,ENE,38846.0
2025-02-09,PS,MOB,9846.0
2025-02-09,PS,INS,34929.0
2025-02-09,PS,OTR,1524.0
2025-02-10,PS,ENE,45965.0
2025-02-10,PS,MOB,9654.0
2025-02-10,PS,INS,41237.0
2025-02-10,PS,OTR,1829.0
2025-02-11,PS,ENE,45590.0
2025-02-11,PS,MOB,9876.0
2025-02-11,PS,INS,36888.0
2025-02-11,PS,OTR,2562.0
2025-02-12,PS,ENE,42030.0
2025-02-12,PS,MOB,9837.0
2025-02-12,PS,INS,42268.0
2025-02-12,PS,OTR,2342.0
2025-02-13,PS,ENE,45170.0
2025-02-13,PS,MOB,9840.0
2025-02-13,PS,INS,35117.0
2025-02-13,PS,OTR,1593.0
2025-02-14,PS,ENE,50354.0
2025-02-14,PS,MOB,9813.0
2025-02-14,PS,INS,35547.0
2025-02-14,PS,OTR,2361.0
2025-02-15,PS,ENE,42977.0
2025-02-15,PS,MOB,9781.0
2025-02-15,PS,INS,37603.0
2025-02-15,PS,OTR,2223.0
2025-02-16,PS,ENE,41295.0
2025-02-16,PS,MOB,9852.0
2025-02-16,PS,INS,24956.0
2025-02-16,PS,OTR,2260.0
2025-02-17,PS,ENE,47285.0
2025-02-17,PS,MOB,9818.0
2025-02-17,PS,INS,39011.0
2025-02-17,PS,OTR,2210.0
2025-02-18,PS,ENE,44198.0
2025-02-18,PS,MOB,9699.0
2025-02-18,PS,INS,29826.0
2025-02-18,PS,OTR,1868.0
2025-02-19,PS,ENE,48010.0
2025-02-19,PS,MOB,9874.0
2025-02-19,PS,INS,37319.0
2025-02-19,PS,OTR,2167.0
2025-02-20,PS,ENE,48255.0
2025-02-20,PS,MOB,9693.0
2025-02-20,PS,INS,34983.0
2025-02-20,PS,OTR,2644.0
2025-02-21,PS,ENE,47617.0
2025-02-21,PS,MOB,9915.0
2025-02-21,PS,INS,38433.0
2025-02-21,PS,OTR,1917.0
2025-02-22,PS,ENE,45046.0
2025-02-22,PS,MOB,9849.0
2025-02-22,PS,INS,26551.0
2025-02-22,PS,OTR,1736.0
2025-02-23,PS,ENE,41381.0
2025-02-23,PS,MOB,9863.0
2025-02-23,PS,INS,40686.0
2025-02-23,PS,OTR,2970.0
2025-02-24,PS,ENE,42189.0
2025-02-24,PS,MOB,9833.0
2025-02-24,PS,INS,29032.0
2025-02-24,PS,OTR,2407.0
2025-02-25,PS,ENE,42276.0
2025-02-25,PS,MOB,9805.0
2025-02-25,PS,INS,36969.0
2025-02-25,PS,OTR,2795.0
2025-02-26,PS,ENE,42240.0
2025-02-26,PS,MOB,9684.0
2025-02-26,PS,INS,29269.0
2025-02-26,PS,OTR,1771.0
2025-02-27,PS,ENE,45626.0
2025-02-27,PS,MOB,9823.0
2025-02-27,PS,INS,31996.0
2025-02-27,PS,OTR,2183.0
2025-02-28,PS,ENE,42906.0
2025-02-28,PS,MOB,9945.0
2025-02-28,PS,INS,33480.0
2025-02-28,PS,OTR,3299.0
2025-03-01,PS,ENE,47942.0
2025-03-01,PS,MOB,9996.0
2025-03-01,PS,INS,40776.0
2025-03-01,PS,OTR,2189.0
2025-03-02,PS,ENE,44912.0
2025-03-02,PS,MOB,9759.0
2025-03-02,PS,INS,31585.0
2025-03-02,PS,OTR,2590.0
2025-03-03,PS,ENE,49641.0
2025-03-03,PS,MOB,9736.0
2025-03-03,PS,INS,39919.0
2025-03-03,PS,OTR,3249.0
2025-03-04,PS,ENE,44116.0
2025-03-04,PS,MOB,9628.0
2025-03-04,PS,INS,45644.0
2025-03-04,PS,OTR,3162.0
2025-03-05,PS,ENE,41806.0
2025-03-05,PS,MOB,9877.0
2025-03-05,PS,INS,31359.0
2025-03-05,PS,OTR,1652.0
2025-03-06,PS,ENE,49255.0
2025-03-06,PS,MOB,9864.0
2025-03-06,PS,INS,33216.0
2025-03-06,PS,OTR,2450.0
2025-03-07,PS,ENE,43043.0
2025-03-07,PS,MOB,9988.0
2025-03-07,PS,INS,43609.0
2025-03-07,PS,OTR,3053.0
2025-03-08,PS,ENE,49345.0
2025-03-08,PS,MOB,9785.0
2025-03-08,PS,INS,45851.0
2025-03-08,PS,OTR,2453.0
2025-03-09,PS,ENE,40941.0
2025-03-09,PS,MOB,9823.0
2025-03-09,PS,INS,38517.0
2025-03-09,PS,OTR,2540.0
2025-03-10,PS,ENE,46064.0
2025-03-10,PS,MOB,9838.0
2025-03-10,PS,INS,40857.0
2025-03-10,PS,OTR,1557.0
2025-03-11,PS,ENE,51357.0
2025-03-11,PS,MOB,9795.0
2025-03-11,PS,INS,33338.0
2025-03-11,PS,OTR,3401.0
2025-03-12,PS,ENE,44200.0
2025-03-12,PS,MOB,9568.0
2025-03-12,PS,INS,34287.0
2025-03-12,PS,OTR,2742.0
2025-03-13,PS,ENE,44986.0
2025-03-13,PS,MOB,10002.0
2025-03-13,PS,INS,26318.0
2025-03-13,PS,OTR,1731.0
2025-03-14,PS,ENE,44718.0
2025-03-14,PS,MOB,9777.0
2025-03-14,PS,INS,38013.0
2025-03-14,PS,OTR,2147.0
2025-03-15,PS,ENE,41277.0
2025-03-15,PS,MOB,9522.0
2025-03-15,PS,INS,35211.0
2025-03-15,PS,OTR,1934.0
2025-03-16,PS,ENE,43475.0
2025-03-16,PS,MOB,9924.0
2025-03-16,PS,INS,37264.0
2025-03-16,PS,OTR,2880.0
2025-03-17,PS,ENE,46582.0
2025-03-17,PS,MOB,10073.0
2025-03-17,PS,INS,31524.0
2025-03-17,PS,OTR,3248.0
2025-03-18,PS,ENE,42680.0
2025-03-18,PS,MOB,9900.0
2025-03-18,PS,INS,34268.0
2025-03-18,PS,OTR,1635.0
2025-03-19,PS,ENE,44778.0
2025-03-19,PS,MOB,9827.0
2025-03-19,PS,INS,24831.0
2025-03-19,PS,OTR,3173.0
2025-03-20,PS,ENE,46638.0
2025-03-20,PS,MOB,9714.0
2025-03-20,PS,INS,36137.0
2025-03-20,PS,OTR,2894.0
2025-03-21,PS,ENE,46401.0
2025-03-21,PS,MOB,9799.0
2025-03-21,PS,INS,33983.0
2025-03-21,PS,OTR,1931.0
2025-03-22,PS,ENE,47509.0
2025-03-22,PS,MOB,9798.0
2025-03-22,PS,INS,39268.0
2025-03-22,PS,OTR,2834.0
2025-03-23,PS,ENE,43627.0
2025-03-23,PS,MOB,9672.0
2025-03-23,PS,INS,43414.0
2025-03-23,PS,OTR,2671.0
2025-03-24,PS,ENE,49011.0
2025-03-24,PS,MOB,9512.0
2025-03-24,PS,INS,39274.0
2025-03-24,PS,OTR,1659.0
2025-03-25,PS,ENE,47236.0
2025-03-25,PS,MOB,9414.0
2025-03-25,PS,INS,41789.0
2025-03-25,PS,OTR,2386.0
2025-03-26,PS,ENE,42606.0
2025-03-26,PS,MOB,9911.0
2025-03-26,PS,INS,43015.0
2025-03-26,PS,OTR,2468.0
2025-03-27,PS,ENE,45275.0
2025-03-27,PS,MOB,9573.0
2025-03-27,PS,INS,33715.0
2025-03-27,PS,OTR,2708.0
2025-03-28,PS,ENE,47756.0
2025-03-28,PS,MOB,9713.0
2025-03-28,PS,INS,41283.0
2025-03-28,PS,OTR,3134.0
2025-03-29,PS,ENE,43809.0
2025-03-29,PS,MOB,9915.0
2025-03-29,PS,INS,36165.0
2025-03-29,PS,OTR,2959.0
2025-03-30,PS,ENE,47833.0
2025-03-30,PS,MOB,9783.0
2025-03-30,PS,INS,41255.0
2025-03-30,PS,OTR,2445.0
2025-03-31,PS,ENE,47685.0
2025-03-31,PS,MOB,10009.0
2025-03-31,PS,INS,37295.0
2025-03-31,PS,OTR,2366.0
2025-04-01,PS,ENE,42225.0
2025-04-01,PS,MOB,9962.0
2025-04-01,PS,INS,23655.0
2025-04-01,PS,OTR,2805.0
2025-04-02,PS,ENE,42017.0
2025-04-02,PS,MOB,9737.0
2025-04-02,PS,INS,42760.0
2025-04-02,PS,OTR,2618.0
2025-04-03,PS,ENE,50741.0
2025-04-03,PS,MOB,9888.0
2025-04-03,PS,INS,33534.0
2025-04-03,PS,OTR,1798.0
2025-04-04,PS,ENE,49076.0
2025-04-04,PS,MOB,9551.0
2025-04-04,PS,INS,41305.0
2025-04-04,PS,OTR,2481.0
2025-04-05,PS,ENE,40271.0
2025-04-05,PS,MOB,10187.0
2025-04-05,PS,INS,39401.0
2025-04-05,PS,OTR,2002.0
2025-04-06,PS,ENE,43999.0
2025-04-06,PS,MOB,9800.0
2025-04-06,PS,INS,38421.0
2025-04-06,PS,OTR,2637.0
2025-04-07,PS,ENE,45914.0
2025-04-07,PS,MOB,9506.0
2025-04-07,PS,INS,33622.0
2025-04-07,PS,OTR,1653.0
2025-04-08,PS,ENE,49232.0
2025-04-08,PS,MOB,9882.0
2025-04-08,PS,INS,42016.0
2025-04-08,PS,OTR,2756.0
2025-04-09,PS,ENE,45989.0
2025-04-09,PS,MOB,9766.0
2025-04-09,PS,INS,35707.0
2025-04-09,PS,OTR,3269.0
2025-04-10,PS,ENE,42260.0
2025-04-10,PS,MOB,9951.0
2025-04-10,PS,INS,43979.0
2025-04-10,PS,OTR,2161.0
2025-04-11,PS,ENE,42119.0
2025-04-11,PS,MOB,9816.0
2025-04-11,PS,INS,20631.0
2025-04-11,PS,OTR,2688.0
2025-04-12,PS,ENE,46813.0
2025-04-12,PS,MOB,9716.0
2025-04-12,PS,INS,43750.0
2025-04-12,PS,OTR,2879.0
2025-04-13,PS,ENE,45252.0
2025-04-13,PS,MOB,9860.0
2025-04-13,PS,INS,34772.0
2025-04-13,PS,OTR,3377.0
2025-04-14,PS,ENE,47308.0
2025-04-14,PS,MOB,9859.0
2025-04-14,PS,INS,28018.0
2025-04-14,PS,OTR,1771.0
2025-04-15,PS,ENE,39854.0
2025-04-15,PS,MOB,9778.0
2025-04-15,PS,INS,35202.0
2025-04-15,PS,OTR,3299.0
2025-04-16,PS,ENE,49348.0
2025-04-16,PS,MOB,9775.0
2025-04-16,PS,INS,43817.0
2025-04-16,PS,OTR,2866.0
2025-04-17,PS,ENE,45177.0
2025-04-17,PS,MOB,9650.0
2025-04-17,PS,INS,47444.0
2025-04-17,PS,OTR,3392.0
2025-04-18,PS,ENE,47936.0
2025-04-18,PS,MOB,10055.0
2025-04-18,PS,INS,43019.0
2025-04-18,PS,OTR,3348.0
2025-04-19,PS,ENE,42470.0
2025-04-19,PS,MOB,9795.0
2025-04-19,PS,INS,36560.0
2025-04-19,PS,OTR,2577.0
2025-04-20,PS,ENE,46287.0
2025-04-20,PS,MOB,9483.0
2025-04-20,PS,INS,42861.0
2025-04-20,PS,OTR,3454.0
2025-04-21,PS,ENE,52707.0
2025-04-21,PS,MOB,9879.0
2025-04-21,PS,INS,44710.0
2025-04-21,PS,OTR,2577.0
2025-04-22,PS,ENE,43756.0
2025-04-22,PS,MOB,9986.0
2025-04-22,PS,INS,36357.0
2025-04-22,PS,OTR,2976.0
2025-04-23,PS,ENE,43324.0
2025-04-23,PS,MOB,9948.0
2025-04-23,PS,INS,47171.0
2025-04-23,PS,OTR,3112.0
2025-04-24,PS,ENE,41367.0
2025-04-24,PS,MOB,9499.0
2025-04-24,PS,INS,46537.0
2025-04-24,PS,OTR,1521.0
2025-04-25,PS,ENE,50839.0
2025-04-25,PS,MOB,9893.0
2025-04-25,PS,INS,36002.0
2025-04-25,PS,OTR,1598.0
2025-04-26,PS,ENE,44304.0
2025-04-26,PS,MOB,9994.0
2025-04-26,PS,INS,41156.0
2025-04-26,PS,OTR,1638.0
2025-04-27,PS,ENE,42993.0
2025-04-27,PS,MOB,9685.0
2025-04-27,PS,INS,42221.0
2025-04-27,PS,OTR,3220.0
2025-04-28,PS,ENE,39558.0
2025-04-28,PS,MOB,9871.0
2025-04-28,PS,INS,34245.0
2025-04-28,PS,OTR,2179.0
2025-04-29,PS,ENE,51332.0
2025-04-29,PS,MOB,9708.0
2025-04-29,PS,INS,37504.0
2025-04-29,PS,OTR,1714.0
2025-04-30,PS,ENE,41024.0
2025-04-30,PS,MOB,9810.0
2025-04-30,PS,INS,22025.0
2025-04-30,PS,OTR,3277.0
2025-05-01,PS,ENE,49669.0
2025-05-01,PS,MOB,9696.0
2025-05-01,PS,INS,43341.0
2025-05-01,PS,OTR,1716.0
2025-05-02,PS,ENE,45164.0
2025-05-02,PS,MOB,9780.0
2025-05-02,PS,INS,41191.0
2025-05-02,PS,OTR,2730.0
2025-05-03,PS,ENE,45411.0
2025-05-03,PS,MOB,9700.0
2025-05-03,PS,INS,45798.0
2025-05-03,PS,OTR,1881.0
2025-05-04,PS,ENE,43466.0
2025-05-04,PS,MOB,9723.0
2025-05-04,PS,INS,48450.0
2025-05-04,PS,OTR,2702.0
2025-05-05,PS,ENE,49585.0
2025-05-05,PS,MOB,9636.0
2025-05-05,PS,INS,42195.0
2025-05-05,PS,OTR,2775.0
2025-05-06,PS,ENE,47177.0
2025-05-06,PS,MOB,9784.0
2025-05-06,PS,INS,33728.0
2025-05-06,PS,OTR,2333.0
2025-05-07,PS,ENE,49380.0
2025-05-07,PS,MOB,9907.0
2025-05-07,PS,INS,40774.0
2025-05-07,PS,OTR,2827.0
2025-05-08,PS,ENE,51860.0
2025-05-08,PS,MOB,9931.0
2025-05-08,PS,INS,51349.0
2025-05-08,PS,OTR,2737.0
2025-05-09,PS,ENE,52197.0
2025-05-09,PS,MOB,9591.0
2025-05-09,PS,INS,34170.0
2025-05-09,PS,OTR,2765.0
2025-05-10,PS,ENE,44767.0
2025-05-10,PS,MOB,10197.0
2025-05-10,PS,INS,34125.0
2025-05-10,PS,OTR,2950.0
2025-05-11,PS,ENE,45932.0
2025-05-11,PS,MOB,9598.0
2025-05-11,PS,INS,36073.0
2025-05-11,PS,OTR,2597.0
2025-05-12,PS,ENE,45456.0
2025-05-12,PS,MOB,9968.0
2025-05-12,PS,INS,35241.0
2025-05-12,PS,OTR,3363.0
2025-05-13,PS,ENE,46748.0
2025-05-13,PS,MOB,9851.0
2025-05-13,PS,INS,33914.0
2025-05-13,PS,OTR,1664.0
2025-05-14,PS,ENE,44650.0
2025-05-14,PS,MOB,10040.0
2025-05-14,PS,INS,37174.0
2025-05-14,PS,OTR,3489.0
2025-05-15,PS,ENE,41445.0
2025-05-15,PS,MOB,10103.0
2025-05-15,PS,INS,43288.0
2025-05-15,PS,OTR,3125.0
2025-05-16,PS,ENE,40897.0
2025-05-16,PS,MOB,9669.0
2025-05-16,PS,INS,36935.0
2025-05-16,PS,OTR,3188.0
2025-05-17,PS,ENE,43291.0
2025-05-17,PS,MOB,9765.0
2025-05-17,PS,INS,40898.0
2025-05-17,PS,OTR,2950.0
2025-05-18,PS,ENE,39652.0
2025-05-18,PS,MOB,9806.0
2025-05-18,PS,INS,23870.0
2025-05-18,PS,OTR,2012.0
2025-05-19,PS,ENE,44618.0
2025-05-19,PS,MOB,9822.0
2025-05-19,PS,INS,39798.0
2025-05-19,PS,OTR,1503.0
2025-05-20,PS,ENE,42429.0
2025-05-20,PS,MOB,9889.0
2025-05-20,PS,INS,37503.0
2025-05-20,PS,OTR,2028.0
2025-05-21,PS,ENE,52550.0
2025-05-21,PS,MOB,9738.0
2025-05-21,PS,INS,41839.0
2025-05-21,PS,OTR,2649.0
2025-05-22,PS,ENE,48852.0
2025-05-22,PS,MOB,9989.0
2025-05-22,PS,INS,33385.0
2025-05-22,PS,OTR,2100.0
2025-05-23,PS,ENE,43854.0
2025-05-23,PS,MOB,9767.0
2025-05-23,PS,INS,38552.0
2025-05-23,PS,OTR,3287.0
2025-05-24,PS,ENE,45600.0
2025-05-24,PS,MOB,9589.0
2025-05-24,PS,INS,30671.0
2025-05-24,PS,OTR,1718.0
2025-05-25,PS,ENE,50691.0
2025-05-25,PS,MOB,9814.0
2025-05-25,PS,INS,38949.0
2025-05-25,PS,OTR,2328.0
2025-05-26,PS,ENE,46503.0
2025-05-26,PS,MOB,9519.0
2025-05-26,PS,INS,37903.0
2025-05-26,PS,OTR,3021.0
2025-05-27,PS,ENE,46872.0
2025-05-27,PS,MOB,9574.0
2025-05-27,PS,INS,38731.0
2025-05-27,PS,OTR,1686.0
2025-05-28,PS,ENE,47482.0
2025-05-28,PS,MOB,9940.0
2025-05-28,PS,INS,23954.0
2025-05-28,PS,OTR,3487.0
2025-05-29,PS,ENE,49194.0
2025-05-29,PS,MOB,9916.0
2025-05-29,PS,INS,46296.0
2025-05-29,PS,OTR,2225.0
2025-05-30,PS,ENE,45395.0
2025-05-30,PS,MOB,10104.0
2025-05-30,PS,INS,40714.0
2025-05-30,PS,OTR,1717.0
2025-05-31,PS,ENE,46526.0
2025-05-31,PS,MOB,9950.0
2025-05-31,PS,INS,41673.0
2025-05-31,PS,OTR,1800.0
2025-06-01,PS,ENE,50867.0
2025-06-01,PS,MOB,9777.0
2025-06-01,PS,INS,43248.0
2025-06-01,PS,OTR,2596.0
2025-06-02,PS,ENE,43413.0
2025-06-02,PS,MOB,9807.0
2025-06-02,PS,INS,45878.0
2025-06-02,PS,OTR,2050.0
2025-06-03,PS,ENE,40124.0
2025-06-03,PS,MOB,9813.0
2025-06-03,PS,INS,43381.0
2025-06-03,PS,OTR,1924.0
2025-06-04,PS,ENE,48462.0
2025-06-04,PS,MOB,10024.0
2025-06-04,PS,INS,36781.0
2025-06-04,PS,OTR,2311.0
2025-06-05,PS,ENE,44758.0
2025-06-05,PS,MOB,9810.0
2025-06-05,PS,INS,42290.0
2025-06-05,PS,OTR,1690.0
2025-06-06,PS,ENE,42686.0
2025-06-06,PS,MOB,9929.0
2025-06-06,PS,INS,43485.0
2025-06-06,PS,OTR,1874.0
2025-06-07,PS,ENE,52268.0
2025-06-07,PS,MOB,9955.0
2025-06-07,PS,INS,37104.0
2025-06-07,PS,OTR,1652.0
2025-06-08,PS,ENE,47991.0
2025-06-08,PS,MOB,9581.0
2025-06-08,PS,INS,46116.0
2025-06-08,PS,OTR,3324.0
2025-06-09,PS,ENE,50974.0
2025-06-09,PS,MOB,9911.0
2025-06-09,PS,INS,48603.0
2025-06-09,PS,OTR,2216.0
2025-06-10,PS,ENE,44788.0
2025-06-10,PS,MOB,9521.0
2025-06-10,PS,INS,21777.0
2025-06-10,PS,OTR,1874.0
2025-06-11,PS,ENE,50717.0
2025-06-11,PS,MOB,9753.0
2025-06-11,PS,INS,44553.0
2025-06-11,PS,OTR,1605.0
2025-06-12,PS,ENE,46720.0
2025-06-12,PS,MOB,9613.0
2025-06-12,PS,INS,42619.0
2025-06-12,PS,OTR,1623.0
2025-06-13,PS,ENE,45784.0
2025-06-13,PS,MOB,9868.0
2025-06-13,PS,INS,36422.0
2025-06-13,PS,OTR,3098.0
2025-06-14,PS,ENE,41177.0
2025-06-14,PS,MOB,9739.0
2025-06-14,PS,INS,44145.0
2025-06-14,PS,OTR,3152.0
2025-06-15,PS,ENE,46325.0
2025-06-15,PS,MOB,9649.0
2025-06-15,PS,INS,40199.0
2025-06-15,PS,OTR,2319.0
2025-06-16,PS,ENE,47090.0
2025-06-16,PS,MOB,9826.0
2025-06-16,PS,INS,38154.0
2025-06-16,PS,OTR,1644.0
2025-06-17,PS,ENE,45857.0
2025-06-17,PS,MOB,9528.0
2025-06-17,PS,INS,38840.0
2025-06-17,PS,OTR,3141.0
2025-06-18,PS,ENE,41608.0
2025-06-18,PS,MOB,9883.0
2025-06-18,PS,INS,32757.0
2025-06-18,PS,OTR,2455.0
2025-06-19,PS,ENE,44868.0
2025-06-19,PS,MOB,9737.0
2025-06-19,PS,INS,43173.0
2025-06-19,PS,OTR,3226.0
2025-06-20,PS,ENE,50870.0
2025-06-20,PS,MOB,9858.0
2025-06-20,PS,INS,43791.0
2025-06-20,PS,OTR,2899.0
2025-06-21,PS,ENE,43407.0
2025-06-21,PS,MOB,9855.0
2025-06-21,PS,INS,47129.0
2025-06-21,PS,OTR,2581.0
2025-06-22,PS,ENE,49349.0
2025-06-22,PS,MOB,9705.0
2025-06-22,PS,INS,42150.0
2025-06-22,PS,OTR,2211.0
2025-06-23,PS,ENE,46628.0
2025-06-23,PS,MOB,9886.0
2025-06-23,PS,INS,34099.0
2025-06-23,PS,OTR,2281.0
2025-06-24,PS,ENE,44769.0
2025-06-24,PS,MOB,9695.0
2025-06-24,PS,INS,35121.0
2025-06-24,PS,OTR,1912.0
2025-06-25,PS,ENE,45108.0
2025-06-25,PS,MOB,9822.0
2025-06-25,PS,INS,37939.0
2025-06-25,PS,OTR,3005.0
2025-06-26,PS,ENE,41405.0
2025-06-26,PS,MOB,9651.0
2025-06-26,PS,INS,35527.0
2025-06-26,PS,OTR,2044.0
2025-06-27,PS,ENE,46201.0
2025-06-27,PS,MOB,9899.0
2025-06-27,PS,INS,31691.0
2025-06-27,PS,OTR,1628.0
2025-06-28,PS,ENE,46138.0
2025-06-28,PS,MOB,10101.0
2025-06-28,PS,INS,34946.0
2025-06-28,PS,OTR,3016.0
2025-06-29,PS,ENE,47198.0
2025-06-29,PS,MOB,9828.0
2025-06-29,PS,INS,37678.0
2025-06-29,PS,OTR,2112.0
2025-06-30,PS,ENE,48919.0
2025-06-30,PS,MOB,9802.0
2025-06-30,PS,INS,40419.0
2025-06-30,PS,OTR,3128.0
2025-07-01,PS,ENE,43286.0
2025-07-01,PS,MOB,10102.0
2025-07-01,PS,INS,36341.0
2025-07-01,PS,OTR,2891.0
2025-07-02,PS,ENE,41096.0
2025-07-02,PS,MOB,9971.0
2025-07-02,PS,INS,37447.0
2025-07-02,PS,OTR,2118.0
2025-07-03,PS,ENE,40611.0
2025-07-03,PS,MOB,9981.0
2025-07-03,PS,INS,31002.0
2025-07-03,PS,OTR,1995.0
2025-07-04,PS,ENE,45308.0
2025-07-04,PS,MOB,9753.0
2025-07-04,PS,INS,35190.0
2025-07-04,PS,OTR,1668.0
2025-07-05,PS,ENE,49996.0
2025-07-05,PS,MOB,9817.0
2025-07-05,PS,INS,40045.0
2025-07-05,PS,OTR,2659.0
2025-07-06,PS,ENE,43211.0
2025-07-06,PS,MOB,10007.0
2025-07-06,PS,INS,38329.0
2025-07-06,PS,OTR,1721.0
2025-07-07,PS,ENE,48883.0
2025-07-07,PS,MOB,9753.0
2025-07-07,PS,INS,19063.0
2025-07-07,PS,OTR,1607.0
2025-07-08,PS,ENE,42868.0
2025-07-08,PS,MOB,9795.0
2025-07-08,PS,INS,32998.0
2025-07-08,PS,OTR,1891.0
2025-07-09,PS,ENE,40211.0
2025-07-09,PS,MOB,9497.0
2025-07-09,PS,INS,36570.0
2025-07-09,PS,OTR,2583.0
2025-07-10,PS,ENE,42822.0
2025-07-10,PS,MOB,9835.0
2025-07-10,PS,INS,41215.0
2025-07-10,PS,OTR,2695.0
2025-07-11,PS,ENE,43109.0
2025-07-11,PS,MOB,9970.0
2025-07-11,PS,INS,33314.0
2025-07-11,PS,OTR,2131.0
2025-07-12,PS,ENE,39792.0
2025-07-12,PS,MOB,9851.0
2025-07-12,PS,INS,35746.0
2025-07-12,PS,OTR,3007.0
2025-07-13,PS,ENE,43717.0
2025-07-13,PS,MOB,9977.0
2025-07-13,PS,INS,27539.0
2025-07-13,PS,OTR,1506.0
2025-07-14,PS,ENE,46382.0
2025-07-14,PS,MOB,9835.0
2025-07-14,PS,INS,35537.0
2025-07-14,PS,OTR,1738.0
2025-07-15,PS,ENE,44276.0
2025-07-15,PS,MOB,10009.0
2025-07-15,PS,INS,35993.0
2025-07-15,PS,OTR,1655.0
2025-07-16,PS,ENE,49445.0
2025-07-16,PS,MOB,9846.0
2025-07-16,PS,INS,29572.0
2025-07-16,PS,OTR,1559.0
2025-07-17,PS,ENE,36753.0
2025-07-17,PS,MOB,9771.0
2025-07-17,PS,INS,41421.0
2025-07-17,PS,OTR,2802.0
2025-07-18,PS,ENE,34708.0
2025-07-18,PS,MOB,9887.0
2025-07-18,PS,INS,34931.0
2025-07-18,PS,OTR,1866.0
2025-07-19,PS,ENE,47895.0
2025-07-19,PS,MOB,9741.0
2025-07-19,PS,INS,41815.0
2025-07-19,PS,OTR,1708.0
2025-07-20,PS,ENE,41692.0
2025-07-20,PS,MOB,9724.0
2025-07-20,PS,INS,33357.0
2025-07-20,PS,OTR,2120.0
2025-07-21,PS,ENE,40157.0
2025-07-21,PS,MOB,9720.0
2025-07-21,PS,INS,36073.0
2025-07-21,PS,OTR,1938.0
2025-07-22,PS,ENE,43544.0
2025-07-22,PS,MOB,9806.0
2025-07-22,PS,INS,40302.0
2025-07-22,PS,OTR,3120.0
2025-07-23,PS,ENE,48136.0
2025-07-23,PS,MOB,9851.0
2025-07-23,PS,INS,30557.0
2025-07-23,PS,OTR,3113.0
2025-07-24,PS,ENE,47047.0
2025-07-24,PS,MOB,9621.0
2025-07-24,PS,INS,30414.0
2025-07-24,PS,OTR,2749.0
2025-07-25,PS,ENE,49326.0
2025-07-25,PS,MOB,9897.0
2025-07-25,PS,INS,32921.0
2025-07-25,PS,OTR,3357.0
2025-07-26,PS,ENE,38758.0
2025-07-26,PS,MOB,9759.0
2025-07-26,PS,INS,36272.0
2025-07-26,PS,OTR,2614.0
2025-07-27,PS,ENE,47902.0
2025-07-27,PS,MOB,9705.0
2025-07-27,PS,INS,39605.0
2025-07-27,PS,OTR,3465.0
2025-07-28,PS,ENE,42982.0
2025-07-28,PS,MOB,9837.0
2025-07-28,PS,INS,40253.0
2025-07-28,PS,OTR,2119.0
2025-07-29,PS,ENE,41977.0
2025-07-29,PS,MOB,9931.0
2025-07-29,PS,INS,43529.0
2025-07-29,PS,OTR,2610.0
2025-07-30,PS,ENE,44086.0
2025-07-30,PS,MOB,9620.0
2025-07-30,PS,INS,42226.0
2025-07-30,PS,OTR,2515.0
2025-07-31,PS,ENE,42257.0
2025-07-31,PS,MOB,9698.0
2025-07-31,PS,INS,40812.0
2025-07-31,PS,OTR,2918.0
2025-08-01,PS,ENE,49850.0
2025-08-01,PS,MOB,9948.0
2025-08-01,PS,INS,38595.0
2025-08-01,PS,OTR,3310.0
2025-08-02,PS,ENE,36526.0
2025-08-02,PS,MOB,9668.0
2025-08-02,PS,INS,33017.0
2025-08-02,PS,OTR,2059.0
2025-08-03,PS,ENE,46889.0
2025-08-03,PS,MOB,9599.0
2025-08-03,PS,INS,40173.0
2025-08-03,PS,OTR,1608.0
2025-08-04,PS,ENE,44736.0
2025-08-04,PS,MOB,9645.0
2025-08-04,PS,INS,35086.0
2025-08-04,PS,OTR,1544.0
2025-08-05,PS,ENE,40204.0
2025-08-05,PS,MOB,10006.0
2025-08-05,PS,INS,18109.0
2025-08-05,PS,OTR,2696.0
2025-08-06,PS,ENE,41257.0
2025-08-06,PS,MOB,10051.0
2025-08-06,PS,INS,37201.0
2025-08-06,PS,OTR,3247.0
2025-08-07,PS,ENE,44837.0
2025-08-07,PS,MOB,9819.0
2025-08-07,PS,INS,46440.0
2025-08-07,PS,OTR,2027.0
2025-08-08,PS,ENE,47268.0
2025-08-08,PS,MOB,9510.0
2025-08-08,PS,INS,31006.0
2025-08-08,PS,OTR,3430.0
2025-08-09,PS,ENE,43358.0
2025-08-09,PS,MOB,10062.0
2025-08-09,PS,INS,39433.0
2025-08-09,PS,OTR,1730.0
2025-08-10,PS,ENE,46277.0
2025-08-10,PS,MOB,9855.0
2025-08-10,PS,INS,45577.0
2025-08-10,PS,OTR,1685.0
2025-08-11,PS,ENE,46199.0
2025-08-11,PS,MOB,9712.0
2025-08-11,PS,INS,40440.0
2025-08-11,PS,OTR,1819.0
2025-08-12,PS,ENE,43734.0
2025-08-12,PS,MOB,9981.0
2025-08-12,PS,INS,34828.0
2025-08-12,PS,OTR,2004.0
2025-08-13,PS,ENE,41954.0
2025-08-13,PS,MOB,10106.0
2025-08-13,PS,INS,35599.0
2025-08-13,PS,OTR,3067.0
2025-08-14,PS,ENE,46002.0
2025-08-14,PS,MOB,9885.0
2025-08-14,PS,INS,33690.0
2025-08-14,PS,OTR,2115.0
2025-08-15,PS,ENE,41672.0
2025-08-15,PS,MOB,9726.0
2025-08-15,PS,INS,36239.0
2025-08-15,PS,OTR,2187.0
2025-08-16,PS,ENE,48295.0
2025-08-16,PS,MOB,10162.0
2025-08-16,PS,INS,40577.0
2025-08-16,PS,OTR,2958.0
2025-08-17,PS,ENE,42661.0
2025-08-17,PS,MOB,9693.0
2025-08-17,PS,INS,34171.0
2025-08-17,PS,OTR,3310.0
2025-08-18,PS,ENE,40467.0
2025-08-18,PS,MOB,9574.0
2025-08-18,PS,INS,47608.0
2025-08-18,PS,OTR,3013.0
2025-08-19,PS,ENE,41776.0
2025-08-19,PS,MOB,9629.0
2025-08-19,PS,INS,27619.0
2025-08-19,PS,OTR,2629.0
2025-08-20,PS,ENE,40433.0
2025-08-20,PS,MOB,9872.0
2025-08-20,PS,INS,29337.0
2025-08-20,PS,OTR,1626.0
2025-08-21,PS,ENE,47589.0
2025-08-21,PS,MOB,9661.0
2025-08-21,PS,INS,42443.0
2025-08-21,PS,OTR,1969.0
2025-08-22,PS,ENE,43709.0
2025-08-22,PS,MOB,9892.0
2025-08-22,PS,INS,42503.0
2025-08-22,PS,OTR,1788.0
2025-08-23,PS,ENE,46201.0
2025-08-23,PS,MOB,9810.0
2025-08-23,PS,INS,31877.0
2025-08-23,PS,OTR,3074.0
2025-08-24,PS,ENE,45562.0
2025-08-24,PS,MOB,9813.0
2025-08-24,PS,INS,38507.0
2025-08-24,PS,OTR,2597.0
2025-08-25,PS,ENE,40251.0
2025-08-25,PS,MOB,9869.0
2025-08-25,PS,INS,38688.0
2025-08-25,PS,OTR,2769.0
2025-08-26,PS,ENE,43821.0
2025-08-26,PS,MOB,9951.0
2025-08-26,PS,INS,40130.0
2025-08-26,PS,OTR,1712.0
2025-08-27,PS,ENE,43181.0
2025-08-27,PS,MOB,9875.0
2025-08-27,PS,INS,26595.0
2025-08-27,PS,OTR,2661.0
2025-08-28,PS,ENE,47705.0
2025-08-28,PS,MOB,9763.0
2025-08-28,PS,INS,35664.0
2025-08-28,PS,OTR,2466.0
2025-08-29,PS,ENE,41987.0
2025-08-29,PS,MOB,9690.0
2025-08-29,PS,INS,36986.0
2025-08-29,PS,OTR,3376.0
2025-08-30,PS,ENE,41945.0
2025-08-30,PS,MOB,9670.0
2025-08-30,PS,INS,34916.0
2025-08-30,PS,OTR,2899.0
2025-08-31,PS,ENE,44729.0
2025-08-31,PS,MOB,9852.0
2025-08-31,PS,INS,31642.0
2025-08-31,PS,OTR,2910.0
2025-09-01,PS,ENE,44379.0
2025-09-01,PS,MOB,9899.0
2025-09-01,PS,INS,47921.0
2025-09-01,PS,OTR,1798.0
2025-09-02,PS,ENE,44983.0
2025-09-02,PS,MOB,9845.0
2025-09-02,PS,INS,39888.0
2025-09-02,PS,OTR,2837.0
2025-09-03,PS,ENE,42799.0
2025-09-03,PS,MOB,9821.0
2025-09-03,PS,INS,39204.0
2025-09-03,PS,OTR,2459.0
2025-09-04,PS,ENE,51621.0
2025-09-04,PS,MOB,10068.0
2025-09-04,PS,INS,31622.0
2025-09-04,PS,OTR,2839.0
2025-09-05,PS,ENE,47085.0
2025-09-05,PS,MOB,9877.0
2025-09-05,PS,INS,50497.0
2025-09-05,PS,OTR,2726.0
2025-09-06,PS,ENE,45261.0
2025-09-06,PS,MOB,9763.0
2025-09-06,PS,INS,44692.0
2025-09-06,PS,OTR,1989.0
2025-09-07,PS,ENE,41959.0
2025-09-07,PS,MOB,9683.0
2025-09-07,PS,INS,43670.0
2025-09-07,PS,OTR,2345.0
2025-09-08,PS,ENE,51338.0
2025-09-08,PS,MOB,9850.0
2025-09-08,PS,INS,42677.0
2025-09-08,PS,OTR,3021.0
2025-09-09,PS,ENE,47439.0
2025-09-09,PS,MOB,9704.0
2025-09-09,PS,INS,38706.0
2025-09-09,PS,OTR,2135.0
2025-09-10,PS,ENE,40829.0
2025-09-10,PS,MOB,9821.0
2025-09-10,PS,INS,46660.0
2025-09-10,PS,OTR,2178.0
2025-09-11,PS,ENE,49477.0
2025-09-11,PS,MOB,9731.0
2025-09-11,PS,INS,28507.0
2025-09-11,PS,OTR,2376.0
2025-09-12,PS,ENE,47905.0
2025-09-12,PS,MOB,9752.0
2025-09-12,PS,INS,27214.0
2025-09-12,PS,OTR,3179.0
2025-09-13,PS,ENE,44057.0
2025-09-13,PS,MOB,9765.0
2025-09-13,PS,INS,43896.0
2025-09-13,PS,OTR,1865.0
2025-09-14,PS,ENE,49386.0
2025-09-14,PS,MOB,10075.0
2025-09-14,PS,INS,44683.0
2025-09-14,PS,OTR,2936.0
2025-09-15,PS,ENE,39159.0
2025-09-15,PS,MOB,9567.0
2025-09-15,PS,INS,47658.0
2025-09-15,PS,OTR,3449.0
2025-09-16,PS,ENE,51360.0
2025-09-16,PS,MOB,9815.0
2025-09-16,PS,INS,36474.0
2025-09-16,PS,OTR,2139.0
2025-09-17,PS,ENE,48002.0
2025-09-17,PS,MOB,9606.0
2025-09-17,PS,INS,35899.0
2025-09-17,PS,OTR,2912.0
2025-09-18,PS,ENE,40351.0
2025-09-18,PS,MOB,9829.0
2025-09-18,PS,INS,32241.0
2025-09-18,PS,OTR,2253.0
2025-09-19,PS,ENE,52420.0
2025-09-19,PS,MOB,9855.0
2025-09-19,PS,INS,40084.0
2025-09-19,PS,OTR,1580.0
2025-09-20,PS,ENE,47970.0
2025-09-20,PS,MOB,9722.0
2025-09-20,PS,INS,38330.0
2025-09-20,PS,OTR,2264.0
2025-09-21,PS,ENE,43414.0
2025-09-21,PS,MOB,9869.0
2025-09-21,PS,INS,40904.0
2025-09-21,PS,OTR,2943.0
2025-09-22,PS,ENE,46703.0
2025-09-22,PS,MOB,9740.0
2025-09-22,PS,INS,41560.0
2025-09-22,PS,OTR,2375.0
2025-09-23,PS,ENE,41540.0
2025-09-23,PS,MOB,9794.0
2025-09-23,PS,INS,33868.0
2025-09-23,PS,OTR,2770.0
2025-09-24,PS,ENE,46071.0
2025-09-24,PS,MOB,9612.0
2025-09-24,PS,INS,47010.0
2025-09-24,PS,OTR,2037.0
2025-09-25,PS,ENE,44899.0
2025-09-25,PS,MOB,9906.0
2025-09-25,PS,INS,38831.0
2025-09-25,PS,OTR,3062.0
2025-09-26,PS,ENE,42895.0
2025-09-26,PS,MOB,9992.0
2025-09-26,PS,INS,30370.0
2025-09-26,PS,OTR,3399.0
2025-09-27,PS,ENE,42921.0
2025-09-27,PS,MOB,9924.0
2025-09-27,PS,INS,31851.0
2025-09-27,PS,OTR,2290.0
2025-09-28,PS,ENE,50746.0
2025-09-28,PS,MOB,9894.0
2025-09-28,PS,INS,45962.0
2025-09-28,PS,OTR,1739.0
2025-09-29,PS,ENE,47686.0
2025-09-29,PS,MOB,10139.0
2025-09-29,PS,INS,33912.0
2025-09-29,PS,OTR,2881.0
2025-09-30,PS,ENE,42720.0
2025-09-30,PS,MOB,9853.0
2025-09-30,PS,INS,39294.0
2025-09-30,PS,OTR,1831.0
2025-10-01,PS,ENE,48040.0
2025-10-01,PS,MOB,9627.0
2025-10-01,PS,INS,31059.0
2025-10-01,PS,OTR,2616.0
2025-10-02,PS,ENE,49033.0
2025-10-02,PS,MOB,9974.0
2025-10-02,PS,INS,37651.0
2025-10-02,PS,OTR,1869.0
2025-10-03,PS,ENE,47981.0
2025-10-03,PS,MOB,9757.0
2025-10-03,PS,INS,38464.0
2025-10-03,PS,OTR,2966.0
2025-10-04,PS,ENE,41360.0
2025-10-04,PS,MOB,9770.0
2025-10-04,PS,INS,25080.0
2025-10-04,PS,OTR,3116.0
2025-10-05,PS,ENE,41444.0
2025-10-05,PS,MOB,9543.0
2025-10-05,PS,INS,34427.0
2025-10-05,PS,OTR,1599.0
2025-10-06,PS,ENE,44364.0
2025-10-06,PS,MOB,9522.0
2025-10-06,PS,INS,37414.0
2025-10-06,PS,OTR,2386.0
2025-10-07,PS,ENE,42429.0
2025-10-07,PS,MOB,9781.0
2025-10-07,PS,INS,41434.0
2025-10-07,PS,OTR,1877.0
2025-10-08,PS,ENE,50644.0
2025-10-08,PS,MOB,9965.0
2025-10-08,PS,INS,49396.0
2025-10-08,PS,OTR,2712.0
2025-10-09,PS,ENE,46559.0
2025-10-09,PS,MOB,9751.0
2025-10-09,PS,INS,45745.0
2025-10-09,PS,OTR,2438.0
2025-10-10,PS,ENE,51776.0
2025-10-10,PS,MOB,9680.0
2025-10-10,PS,INS,48047.0
2025-10-10,PS,OTR,3271.0
2025-10-11,PS,ENE,44967.0
2025-10-11,PS,MOB,9973.0
2025-10-11,PS,INS,44341.0
2025-10-11,PS,OTR,2273.0
2025-10-12,PS,ENE,52054.0
2025-10-12,PS,MOB,9864.0
2025-10-12,PS,INS,42432.0
2025-10-12,PS,OTR,1971.0
2025-10-13,PS,ENE,44370.0
2025-10-13,PS,MOB,9841.0
2025-10-13,PS,INS,45585.0
2025-10-13,PS,OTR,3325.0
2025-10-14,PS,ENE,44722.0
2025-10-14,PS,MOB,9773.0
2025-10-14,PS,INS,46967.0
2025-10-14,PS,OTR,1669.0
2025-10-15,PS,ENE,46377.0
2025-10-15,PS,MOB,9840.0
2025-10-15,PS,INS,40856.0
2025-10-15,PS,OTR,1957.0
2025-10-16,PS,ENE,45712.0
2025-10-16,PS,MOB,9782.0
2025-10-16,PS,INS,46298.0
2025-10-16,PS,OTR,1970.0
2025-10-17,PS,ENE,46011.0
2025-10-17,PS,MOB,9838.0
2025-10-17,PS,INS,38772.0
2025-10-17,PS,OTR,2049.0
2025-10-18,PS,ENE,45464.0
2025-10-18,PS,MOB,9675.0
2025-10-18,PS,INS,34250.0
2025-10-18,PS,OTR,3403.0
2025-10-19,PS,ENE,38171.0
2025-10-19,PS,MOB,9706.0
2025-10-19,PS,INS,33682.0
2025-10-19,PS,OTR,1712.0
2025-10-20,PS,ENE,45712.0
2025-10-20,PS,MOB,9768.0
2025-10-20,PS,INS,38215.0
2025-10-20,PS,OTR,2683.0
2025-10-21,PS,ENE,51741.0
2025-10-21,PS,MOB,10101.0
2025-10-21,PS,INS,33267.0
2025-10-21,PS,OTR,2313.0
2025-10-22,PS,ENE,47187.0
2025-10-22,PS,MOB,10026.0
2025-10-22,PS,INS,42420.0
2025-10-22,PS,OTR,2853.0
2025-10-23,PS,ENE,45110.0
2025-10-23,PS,MOB,10027.0
2025-10-23,PS,INS,32956.0
2025-10-23,PS,OTR,3336.0
2025-10-24,PS,ENE,48681.0
2025-10-24,PS,MOB,9588.0
2025-10-24,PS,INS,42076.0
2025-10-24,PS,OTR,2347.0
2025-10-25,PS,ENE,46478.0
2025-10-25,PS,MOB,9910.0
2025-10-25,PS,INS,45417.0
2025-10-25,PS,OTR,3259.0
2025-10-26,PS,ENE,47641.0
2025-10-26,PS,MOB,9654.0
2025-10-26,PS,INS,30682.0
2025-10-26,PS,OTR,1535.0
2025-10-27,PS,ENE,52099.0
2025-10-27,PS,MOB,9667.0
2025-10-27,PS,INS,47108.0
2025-10-27,PS,OTR,2445.0
2025-10-28,PS,ENE,41069.0
2025-10-28,PS,MOB,9854.0
2025-10-28,PS,INS,48323.0
2025-10-28,PS,OTR,3485.0
2025-10-29,PS,ENE,49834.0
2025-10-29,PS,MOB,9947.0
2025-10-29,PS,INS,44699.0
2025-10-29,PS,OTR,3281.0
2025-10-30,PS,ENE,47558.0
2025-10-30,PS,MOB,9737.0
2025-10-30,PS,INS,36731.0
2025-10-30,PS,OTR,3422.0
2025-10-31,PS,ENE,43771.0
2025-10-31,PS,MOB,9884.0
2025-10-31,PS,INS,42443.0
2025-10-31,PS,OTR,1770.0
2025-11-01,PS,ENE,45349.0
2025-11-01,PS,MOB,9677.0
2025-11-01,PS,INS,45466.0
2025-11-01,PS,OTR,3097.0
2025-11-02,PS,ENE,43064.0
2025-11-02,PS,MOB,9886.0
2025-11-02,PS,INS,35406.0
2025-11-02,PS,OTR,1839.0
2025-11-03,PS,ENE,40753.0
2025-11-03,PS,MOB,9677.0
2025-11-03,PS,INS,38747.0
2025-11-03,PS,OTR,2014.0
2025-11-04,PS,ENE,48402.0
2025-11-04,PS,MOB,9845.0
2025-11-04,PS,INS,40784.0
2025-11-04,PS,OTR,3193.0
2025-11-05,PS,ENE,46834.0
2025-11-05,PS,MOB,9553.0
2025-11-05,PS,INS,33409.0
2025-11-05,PS,OTR,2143.0
2025-11-06,PS,ENE,46774.0
2025-11-06,PS,MOB,9715.0
2025-11-06,PS,INS,42029.0
2025-11-06,PS,OTR,1873.0
2025-11-07,PS,ENE,48451.0
2025-11-07,PS,MOB,10008.0
2025-11-07,PS,INS,37506.0
2025-11-07,PS,OTR,2847.0
2025-11-08,PS,ENE,46618.0
2025-11-08,PS,MOB,9848.0
2025-11-08,PS,INS,39911.0
2025-11-08,PS,OTR,2149.0
2025-11-09,PS,ENE,47967.0
2025-11-09,PS,MOB,9743.0
2025-11-09,PS,INS,45208.0
2025-11-09,PS,OTR,2896.0
2025-11-10,PS,ENE,46110.0
2025-11-10,PS,MOB,9893.0
2025-11-10,PS,INS,40062.0
2025-11-10,PS,OTR,2332.0
2025-11-11,PS,ENE,46428.0
2025-11-11,PS,MOB,9740.0
2025-11-11,PS,INS,48237.0
2025-11-11,PS,OTR,3205.0
2025-11-12,PS,ENE,48435.0
2025-11-12,PS,MOB,9816.0
2025-11-12,PS,INS,42013.0
2025-11-12,PS,OTR,1965.0
2025-11-13,PS,ENE,46054.0
2025-11-13,PS,MOB,9975.0
2025-11-13,PS,INS,36947.0
2025-11-13,PS,OTR,2831.0
2025-11-14,PS,ENE,45639.0
2025-11-14,PS,MOB,9487.0
2025-11-14,PS,INS,25598.0
2025-11-14,PS,OTR,2735.0
2025-11-15,PS,ENE,42720.0
2025-11-15,PS,MOB,9346.0
2025-11-15,PS,INS,42892.0
2025-11-15,PS,OTR,3128.0
2025-11-16,PS,ENE,44040.0
2025-11-16,PS,MOB,10111.0
2025-11-16,PS,INS,39617.0
2025-11-16,PS,OTR,3370.0
2025-11-17,PS,ENE,47406.0
2025-11-17,PS,MOB,9514.0
2025-11-17,PS,INS,35023.0
2025-11-17,PS,OTR,3346.0
2025-11-18,PS,ENE,51783.0
2025-11-18,PS,MOB,9913.0
2025-11-18,PS,INS,37381.0
2025-11-18,PS,OTR,3152.0
2025-11-19,PS,ENE,48238.0
2025-11-19,PS,MOB,9585.0
2025-11-19,PS,INS,37361.0
2025-11-19,PS,OTR,1988.0
2025-11-20,PS,ENE,40961.0
2025-11-20,PS,MOB,9724.0
2025-11-20,PS,INS,47805.0
2025-11-20,PS,OTR,2279.0
2025-11-21,PS,ENE,46609.0
2025-11-21,PS,MOB,9665.0
2025-11-21,PS,INS,35163.0
2025-11-21,PS,OTR,2748.0
2025-11-22,PS,ENE,49519.0
2025-11-22,PS,MOB,9765.0
2025-11-22,PS,INS,40933.0
2025-11-22,PS,OTR,2729.0
2025-11-23,PS,ENE,44208.0
2025-11-23,PS,MOB,9699.0
2025-11-23,PS,INS,44024.0
2025-11-23,PS,OTR,1952.0
2025-11-24,PS,ENE,46381.0
2025-11-24,PS,MOB,10106.0
2025-11-24,PS,INS,34579.0
2025-11-24,PS,OTR,2711.0
2025-11-25,PS,ENE,46872.0
2025-11-25,PS,MOB,9430.0
2025-11-25,PS,INS,32833.0
2025-11-25,PS,OTR,3196.0
2025-11-26,PS,ENE,46299.0
2025-11-26,PS,MOB,9816.0
2025-11-26,PS,INS,43269.0
2025-11-26,PS,OTR,2297.0
2025-11-27,PS,ENE,48011.0
2025-11-27,PS,MOB,9732.0
2025-11-27,PS,INS,32225.0
2025-11-27,PS,OTR,2592.0
2025-11-28,PS,ENE,52039.0
2025-11-28,PS,MOB,9759.0
2025-11-28,PS,INS,44270.0
2025-11-28,PS,OTR,2419.0
2025-11-29,PS,ENE,49618.0
2025-11-29,PS,MOB,9752.0
2025-11-29,PS,INS,41514.0
2025-11-29,PS,OTR,2743.0
2025-11-30,PS,ENE,47805.0
2025-11-30,PS,MOB,10063.0
2025-11-30,PS,INS,41900.0
2025-11-30,PS,OTR,3011.0
2025-12-01,PS,ENE,46245.0
2025-12-01,PS,MOB,9831.0
2025-12-01,PS,INS,46585.0
2025-12-01,PS,OTR,3103.0
2025-12-02,PS,ENE,47722.0
2025-12-02,PS,MOB,9752.0
2025-12-02,PS,INS,38511.0
2025-12-02,PS,OTR,2186.0
2025-12-03,PS,ENE,43470.0
2025-12-03,PS,MOB,10027.0
2025-12-03,PS,INS,35967.0
2025-12-03,PS,OTR,1888.0
2025-12-04,PS,ENE,46925.0
2025-12-04,PS,MOB,10030.0
2025-12-04,PS,INS,43695.0
2025-12-04,PS,OTR,2004.0
2025-12-05,PS,ENE,43173.0
2025-12-05,PS,MOB,9906.0
2025-12-05,PS,INS,40860.0
2025-12-05,PS,OTR,3111.0
2025-12-06,PS,ENE,43715.0
2025-12-06,PS,MOB,9724.0
2025-12-06,PS,INS,28588.0
2025-12-06,PS,OTR,2947.0
2025-12-07,PS,ENE,42684.0
2025-12-07,PS,MOB,9875.0
2025-12-07,PS,INS,47479.0
2025-12-07,PS,OTR,1653.0
2025-12-08,PS,ENE,45262.0
2025-12-08,PS,MOB,9853.0
2025-12-08,PS,INS,50267.0
2025-12-08,PS,OTR,3067.0
2025-12-09,PS,ENE,41774.0
2025-12-09,PS,MOB,9832.0
2025-12-09,PS,INS,40720.0
2025-12-09,PS,OTR,2593.0
2025-12-10,PS,ENE,48665.0
2025-12-10,PS,MOB,9524.0
2025-12-10,PS,INS,45748.0
2025-12-10,PS,OTR,3460.0
2025-12-11,PS,ENE,44909.0
2025-12-11,PS,MOB,9934.0
2025-12-11,PS,INS,41202.0
2025-12-11,PS,OTR,2918.0
2025-12-12,PS,ENE,43021.0
2025-12-12,PS,MOB,9830.0
2025-12-12,PS,INS,39235.0
2025-12-12,PS,OTR,1932.0
2025-12-13,PS,ENE,49641.0
2025-12-13,PS,MOB,9723.0
2025-12-13,PS,INS,46199.0
2025-12-13,PS,OTR,3312.0
2025-12-14,PS,ENE,44591.0
2025-12-14,PS,MOB,9592.0
2025-12-14,PS,INS,35072.0
2025-12-14,PS,OTR,1958.0
2025-12-15,PS,ENE,47104.0
2025-12-15,PS,MOB,9704.0
2025-12-15,PS,INS,41737.0
2025-12-15,PS,OTR,1609.0
2025-12-16,PS,ENE,41549.0
2025-12-16,PS,MOB,9818.0
2025-12-16,PS,INS,38596.0
2025-12-16,PS,OTR,2618.0
2025-12-17,PS,ENE,45869.0
2025-12-17,PS,MOB,9629.0
2025-12-17,PS,INS,37982.0
2025-12-17,PS,OTR,1581.0
2025-12-18,PS,ENE,42875.0
2025-12-18,PS,MOB,9649.0
2025-12-18,PS,INS,48248.0
2025-12-18,PS,OTR,2351.0
2025-12-19,PS,ENE,44829.0
2025-12-19,PS,MOB,9639.0
2025-12-19,PS,INS,41750.0
2025-12-19,PS,OTR,2647.0
2025-12-20,PS,ENE,47897.0
2025-12-20,PS,MOB,9847.0
2025-12-20,PS,INS,34769.0
2025-12-20,PS,OTR,1506.0
2025-12-21,PS,ENE,46240.0
2025-12-21,PS,MOB,9623.0
2025-12-21,PS,INS,36068.0
2025-12-21,PS,OTR,1761.0
2025-12-22,PS,ENE,38522.0
2025-12-22,PS,MOB,9861.0
2025-12-22,PS,INS,24142.0
2025-12-22,PS,OTR,2658.0
2025-12-23,PS,ENE,47488.0
2025-12-23,PS,MOB,9685.0
2025-12-23,PS,INS,51455.0
2025-12-23,PS,OTR,2295.0
2025-12-24,PS,ENE,43232.0
2025-12-24,PS,MOB,9677.0
2025-12-24,PS,INS,34532.0
2025-12-24,PS,OTR,2436.0
2025-12-25,PS,ENE,45385.0
2025-12-25,PS,MOB,9938.0
2025-12-25,PS,INS,40904.0
2025-12-25,PS,OTR,2376.0
2025-12-26,PS,ENE,37978.0
2025-12-26,PS,MOB,9962.0
2025-12-26,PS,INS,37427.0
2025-12-26,PS,OTR,3137.0
2025-12-27,PS,ENE,39473.0
2025-12-27,PS,MOB,9814.0
2025-12-27,PS,INS,37339.0
2025-12-27,PS,OTR,3242.0
2025-12-28,PS,ENE,44510.0
2025-12-28,PS,MOB,9842.0
2025-12-28,PS,INS,40285.0
2025-12-28,PS,OTR,3357.0
2025-12-29,PS,ENE,44455.0
2025-12-29,PS,MOB,9896.0
2025-12-29,PS,INS,35730.0
2025-12-29,PS,OTR,2999.0
2025-12-30,PS,ENE,46425.0
2025-12-30,PS,MOB,9898.0
2025-12-30,PS,INS,39609.0
2025-12-30,PS,OTR,2979.0
2025-12-31,PS,ENE,45846.0
2025-12-31,PS,MOB,9558.0
2025-12-31,PS,INS,38766.0
2025-12-31,PS,OTR,2824.0
2026-01-01,PS,ENE,41206.0
2026-01-01,PS,MOB,10006.0
2026-01-01,PS,INS,37039.0
2026-01-01,PS,OTR,3006.0
2026-01-02,PS,ENE,37710.0
2026-01-02,PS,MOB,10045.0
2026-01-02,PS,INS,36367.0
2026-01-02,PS,OTR,3485.0
2026-01-03,PS,ENE,47246.0
2026-01-03,PS,MOB,9913.0
2026-01-03,PS,INS,42527.0
2026-01-03,PS,OTR,3204.0
2026-01-04,PS,ENE,44626.0
2026-01-04,PS,MOB,9878.0
2026-01-04,PS,INS,36868.0
2026-01-04,PS,OTR,2919.0
2026-01-05,PS,ENE,42685.0
2026-01-05,PS,MOB,9607.0
2026-01-05,PS,INS,38040.0
2026-01-05,PS,OTR,3062.0
2026-01-06,PS,ENE,47820.0
2026-01-06,PS,MOB,10034.0
2026-01-06,PS,INS,37076.0
2026-01-06,PS,OTR,2711.0
2026-01-07,PS,ENE,49345.0
2026-01-07,PS,MOB,9751.0
2026-01-07,PS,INS,40528.0
2026-01-07,PS,OTR,2125.0
2026-01-08,PS,ENE,46524.0
2026-01-08,PS,MOB,9700.0
2026-01-08,PS,INS,24177.0
2026-01-08,PS,OTR,3438.0
2026-01-09,PS,ENE,41935.0
2026-01-09,PS,MOB,9712.0
2026-01-09,PS,INS,37524.0
2026-01-09,PS,OTR,1866.0
2026-01-10,PS,ENE,47507.0
2026-01-10,PS,MOB,9573.0
2026-01-10,PS,INS,40659.0
2026-01-10,PS,OTR,2356.0
2026-01-11,PS,ENE,42044.0
2026-01-11,PS,MOB,9863.0
2026-01-11,PS,INS,45127.0
2026-01-11,PS,OTR,3240.0
2026-01-12,PS,ENE,42902.0
2026-01-12,PS,MOB,9681.0
2026-01-12,PS,INS,37882.0
2026-01-12,PS,OTR,1828.0
2026-01-13,PS,ENE,45945.0
2026-01-13,PS,MOB,10050.0
2026-01-13,PS,INS,42025.0
2026-01-13,PS,OTR,1900.0
2026-01-14,PS,ENE,44185.0
2026-01-14,PS,MOB,9641.0
2026-01-14,PS,INS,32541.0
2026-01-14,PS,OTR,1964.0
2026-01-15,PS,ENE,48144.0
2026-01-15,PS,MOB,9731.0
2026-01-15,PS,INS,40383.0
2026-01-15,PS,OTR,2833.0
2026-01-16,PS,ENE,43004.0
2026-01-16,PS,MOB,9572.0
2026-01-16,PS,INS,35192.0
2026-01-16,PS,OTR,2691.0
2026-01-17,PS,ENE,46733.0
2026-01-17,PS,MOB,10019.0
2026-01-17,PS,INS,43756.0
2026-01-17,PS,OTR,1596.0
2026-01-18,PS,ENE,48394.0
2026-01-18,PS,MOB,9430.0
2026-01-18,PS,INS,36420.0
2026-01-18,PS,OTR,3465.0
2026-01-19,PS,ENE,42333.0
2026-01-19,PS,MOB,9872.0
2026-01-19,PS,INS,25313.0
2026-01-19,PS,OTR,2019.0
2026-01-20,PS,ENE,44385.0
2026-01-20,PS,MOB,9667.0
2026-01-20,PS,INS,21768.0
2026-01-20,PS,OTR,2935.0
2026-01-21,PS,ENE,43905.0
2026-01-21,PS,MOB,9821.0
2026-01-21,PS,INS,45589.0
2026-01-21,PS,OTR,1801.0
2026-01-22,PS,ENE,35694.0
2026-01-22,PS,MOB,9527.0
2026-01-22,PS,INS,40094.0
2026-01-22,PS,OTR,3282.0
2026-01-23,PS,ENE,47292.0
2026-01-23,PS,MOB,9867.0
2026-01-23,PS,INS,36918.0
2026-01-23,PS,OTR,2637.0
2026-01-24,PS,ENE,41945.0
2026-01-24,PS,MOB,9795.0
2026-01-24,PS,INS,22952.0
2026-01-24,PS,OTR,1877.0
2026-01-25,PS,ENE,44724.0
2026-01-25,PS,MOB,9567.0
2026-01-25,PS,INS,20126.0
2026-01-25,PS,OTR,2265.0
2026-01-26,PS,ENE,46839.0
2026-01-26,PS,MOB,9720.0
2026-01-26,PS,INS,40300.0
2026-01-26,PS,OTR,3112.0
2026-01-27,PS,ENE,41130.0
2026-01-27,PS,MOB,9862.0
2026-01-27,PS,INS,33623.0
2026-01-27,PS,OTR,1688.0
2026-01-28,PS,ENE,39251.0
2026-01-28,PS,MOB,9810.0
2026-01-28,PS,INS,33906.0
2026-01-28,PS,OTR,2356.0
2026-01-29,PS,ENE,49332.0
2026-01-29,PS,MOB,9881.0
2026-01-29,PS,INS,42800.0
2026-01-29,PS,OTR,2422.0
2026-01-30,PS,ENE,48581.0
2026-01-30,PS,MOB,9956.0
2026-01-30,PS,INS,39517.0
2026-01-30,PS,OTR,2523.0
2026-01-31,PS,ENE,41205.0
2026-01-31,PS,MOB,9759.0
2026-01-31,PS,INS,39039.0
2026-01-31,PS,OTR,2837.0
2026-02-01,PS,ENE,43234.0
2026-02-01,PS,MOB,9829.0
2026-02-01,PS,INS,41659.0
2026-02-01,PS,OTR,3488.0
2026-02-02,PS,ENE,43787.0
2026-02-02,PS,MOB,9788.0
2026-02-02,PS,INS,40191.0
2026-02-02,PS,OTR,2297.0
2026-02-03,PS,ENE,44096.0
2026-02-03,PS,MOB,10013.0
2026-02-03,PS,INS,44348.0
2026-02-03,PS,OTR,2574.0
2026-02-04,PS,ENE,41412.0
2026-02-04,PS,MOB,9721.0
2026-02-04,PS,INS,35505.0
2026-02-04,PS,OTR,1579.0
2026-02-05,PS,ENE,43460.0
2026-02-05,PS,MOB,9771.0
2026-02-05,PS,INS,39714.0
2026-02-05,PS,OTR,3440.0
2026-02-06,PS,ENE,48239.0
2026-02-06,PS,MOB,9976.0
2026-02-06,PS,INS,36004.0
2026-02-06,PS,OTR,1712.0
2026-02-07,PS,ENE,43343.0
2026-02-07,PS,MOB,9804.0
2026-02-07,PS,INS,31453.0
2026-02-07,PS,OTR,3474.0
2026-02-08,PS,ENE,48129.0
2026-02-08,PS,MOB,9520.0
2026-02-08,PS,INS,37100.0
2026-02-08,PS,OTR,3405.0
2026-02-09,PS,ENE,45119.0
2026-02-09,PS,MOB,10104.0
2026-02-09,PS,INS,26695.0
2026-02-09,PS,OTR,2419.0
2026-02-10,PS,ENE,44889.0
2026-02-10,PS,MOB,9908.0
2026-02-10,PS,INS,39300.0
2026-02-10,PS,OTR,2143.0
2026-02-11,PS,ENE,44450.0
2026-02-11,PS,MOB,9857.0
2026-02-11,PS,INS,31089.0
2026-02-11,PS,OTR,1668.0
2026-02-12,PS,ENE,45178.0
2026-02-12,PS,MOB,9903.0
2026-02-12,PS,INS,42881.0
2026-02-12,PS,OTR,1636.0
2026-02-13,PS,ENE,46393.0
2026-02-13,PS,MOB,9645.0
2026-02-13,PS,INS,44909.0
2026-02-13,PS,OTR,2791.0
2026-02-14,PS,ENE,45856.0
2026-02-14,PS,MOB,10063.0
2026-02-14,PS,INS,41691.0
2026-02-14,PS,OTR,1721.0
2026-02-15,PS,ENE,43289.0
2026-02-15,PS,MOB,9720.0
2026-02-15,PS,INS,35876.0
2026-02-15,PS,OTR,3106.0
2026-02-16,PS,ENE,43161.0
2026-02-16,PS,MOB,9851.0
2026-02-16,PS,INS,47315.0
2026-02-16,PS,OTR,1586.0
2026-02-17,PS,ENE,48081.0
2026-02-17,PS,MOB,9720.0
2026-02-17,PS,INS,33529.0
2026-02-17,PS,OTR,2023.0
2026-02-18,PS,ENE,45546.0
2026-02-18,PS,MOB,9619.0
2026-02-18,PS,INS,41430.0
2026-02-18,PS,OTR,2086.0
2026-02-19,PS,ENE,40196.0
2026-02-19,PS,MOB,10149.0
2026-02-19,PS,INS,37643.0
2026-02-19,PS,OTR,3262.0
2026-02-20,PS,ENE,46853.0
2026-02-20,PS,MOB,9866.0
2026-02-20,PS,INS,37298.0
2026-02-20,PS,OTR,3031.0
2026-02-21,PS,ENE,46098.0
2026-02-21,PS,MOB,9520.0
2026-02-21,PS,INS,38506.0
2026-02-21,PS,OTR,3223.0
2026-02-22,PS,ENE,41851.0
2026-02-22,PS,MOB,10011.0
2026-02-22,PS,INS,41026.0
2026-02-22,PS,OTR,3475.0
2026-02-23,PS,ENE,49575.0
2026-02-23,PS,MOB,9574.0
2026-02-23,PS,INS,40423.0
2026-02-23,PS,OTR,1680.0
2026-02-24,PS,ENE,41017.0
2026-02-24,PS,MOB,9855.0
2026-02-24,PS,INS,31439.0
2026-02-24,PS,OTR,2884.0
2026-02-25,PS,ENE,43506.0
2026-02-25,PS,MOB,9637.0
2026-02-25,PS,INS,34529.0
2026-02-25,PS,OTR,1832.0
2026-02-26,PS,ENE,48780.0
2026-02-26,PS,MOB,9738.0
2026-02-26,PS,INS,36769.0
2026-02-26,PS,OTR,1688.0
2026-02-27,PS,ENE,49703.0
2026-02-27,PS,MOB,10072.0
2026-02-27,PS,INS,40782.0
2026-02-27,PS,OTR,3219.0
2026-02-28,PS,ENE,38432.0
2026-02-28,PS,MOB,9654.0
2026-02-28,PS,INS,47954.0
2026-02-28,PS,OTR,3303.0
2026-03-01,PS,ENE,40936.0
2026-03-01,PS,MOB,9903.0
2026-03-01,PS,INS,37311.0
2026-03-01,PS,OTR,2070.0
2026-03-02,PS,ENE,45061.0
2026-03-02,PS,MOB,9915.0
2026-03-02,PS,INS,37155.0
2026-03-02,PS,OTR,1570.0
2026-03-03,PS,ENE,37249.0
2026-03-03,PS,MOB,9576.0
2026-03-03,PS,INS,45727.0
2026-03-03,PS,OTR,1929.0
2026-03-04,PS,ENE,45250.0
2026-03-04,PS,MOB,9760.0
2026-03-04,PS,INS,33052.0
2026-03-04,PS,OTR,3224.0
2026-03-05,PS,ENE,48341.0
2026-03-05,PS,MOB,9914.0
2026-03-05,PS,INS,45395.0
2026-03-05,PS,OTR,2498.0
2026-03-06,PS,ENE,43611.0
2026-03-06,PS,MOB,9801.0
2026-03-06,PS,INS,37327.0
2026-03-06,PS,OTR,1789.0
2026-03-07,PS,ENE,48316.0
2026-03-07,PS,MOB,9546.0
2026-03-07,PS,INS,37159.0
2026-03-07,PS,OTR,3366.0
2026-03-08,PS,ENE,48815.0
2026-03-08,PS,MOB,9614.0
2026-03-08,PS,INS,44302.0
2026-03-08,PS,OTR,1518.0
2026-03-09,PS,ENE,46690.0
2026-03-09,PS,MOB,9850.0
2026-03-09,PS,INS,44414.0
2026-03-09,PS,OTR,2096.0
2026-03-10,PS,ENE,44578.0
2026-03-10,PS,MOB,9793.0
2026-03-10,PS,INS,30085.0
2026-03-10,PS,OTR,2090.0
2026-03-11,PS,ENE,47610.0
2026-03-11,PS,MOB,9640.0
2026-03-11,PS,INS,40364.0
2026-03-11,PS,OTR,3452.0
2026-03-12,PS,ENE,38886.0
2026-03-12,PS,MOB,10078.0
2026-03-12,PS,INS,6077.0
2026-03-12,PS,OTR,1826.0
2026-03-13,PS,ENE,45394.0
2026-03-13,PS,MOB,9660.0
2026-03-13,PS,INS,36763.0
2026-03-13,PS,OTR,1538.0
2026-03-14,PS,ENE,47355.0
2026-03-14,PS,MOB,9623.0
2026-03-14,PS,INS,40645.0
2026-03-14,PS,OTR,3455.0
2026-03-15,PS,ENE,43484.0
2026-03-15,PS,MOB,9746.0
2026-03-15,PS,INS,40165.0
2026-03-15,PS,OTR,2114.0
2026-03-16,PS,ENE,39447.0
2026-03-16,PS,MOB,9747.0
2026-03-16,PS,INS,30189.0
2026-03-16,PS,OTR,2425.0
2026-03-17,PS,ENE,46547.0
2026-03-17,PS,MOB,9694.0
2026-03-17,PS,INS,37579.0
2026-03-17,PS,OTR,3208.0
2026-03-18,PS,ENE,50895.0
2026-03-18,PS,MOB,9981.0
2026-03-18,PS,INS,46274.0
2026-03-18,PS,OTR,1759.0
2026-03-19,PS,ENE,40368.0
2026-03-19,PS,MOB,9601.0
2026-03-19,PS,INS,36297.0
2026-03-19,PS,OTR,2172.0
2026-03-20,PS,ENE,49696.0
2026-03-20,PS,MOB,9610.0
2026-03-20,PS,INS,47450.0
2026-03-20,PS,OTR,3184.0
2026-03-21,PS,ENE,47351.0
2026-03-21,PS,MOB,9724.0
2026-03-21,PS,INS,36945.0
2026-03-21,PS,OTR,2191.0
2026-03-22,PS,ENE,49768.0
2026-03-22,PS,MOB,9840.0
2026-03-22,PS,INS,32400.0
2026-03-22,PS,OTR,2854.0
2026-03-23,PS,ENE,42061.0
2026-03-23,PS,MOB,9745.0
2026-03-23,PS,INS,42335.0
2026-03-23,PS,OTR,2080.0
2026-03-24,PS,ENE,45169.0
2026-03-24,PS,MOB,9986.0
2026-03-24,PS,INS,37701.0
2026-03-24,PS,OTR,3174.0
2026-03-25,PS,ENE,43615.0
2026-03-25,PS,MOB,9732.0
2026-03-25,PS,INS,46509.0
2026-03-25,PS,OTR,2848.0
2026-03-26,PS,ENE,41878.0
2026-03-26,PS,MOB,9872.0
2026-03-26,PS,INS,32372.0
2026-03-26,PS,OTR,1941.0
2026-03-27,PS,ENE,45362.0
2026-03-27,PS,MOB,10006.0
2026-03-27,PS,INS,47389.0
2026-03-27,PS,OTR,2899.0
2026-03-28,PS,ENE,44888.0
2026-03-28,PS,MOB,9554.0
2026-03-28,PS,INS,28614.0
2026-03-28,PS,OTR,2103.0
2026-03-29,PS,ENE,43020.0
2026-03-29,PS,MOB,9937.0
2026-03-29,PS,INS,43659.0
2026-03-29,PS,OTR,1602.0
2026-03-30,PS,ENE,49888.0
2026-03-30,PS,MOB,10017.0
2026-03-30,PS,INS,34248.0
2026-03-30,PS,OTR,3463.0
2026-03-31,PS,ENE,43861.0
2026-03-31,PS,MOB,9871.0
2026-03-31,PS,INS,32078.0
2026-03-31,PS,OTR,2931.0
2026-04-01,PS,ENE,44909.0
2026-04-01,PS,MOB,9606.0
2026-04-01,PS,INS,38898.0
2026-04-01,PS,OTR,2607.0
2026-04-02,PS,ENE,45572.0
2026-04-02,PS,MOB,9627.0
2026-04-02,PS,INS,33805.0
2026-04-02,PS,OTR,2759.0
2026-04-03,PS,ENE,49236.0
2026-04-03,PS,MOB,9725.0
2026-04-03,PS,INS,37169.0
2026-04-03,PS,OTR,1858.0
2026-04-04,PS,ENE,48564.0
2026-04-04,PS,MOB,9654.0
2026-04-04,PS,INS,34140.0
2026-04-04,PS,OTR,1564.0
2026-04-05,PS,ENE,50422.0
2026-04-05,PS,MOB,10032.0
2026-04-05,PS,INS,31723.0
2026-04-05,PS,OTR,3201.0
2026-04-06,PS,ENE,46958.0
2026-04-06,PS,MOB,9806.0
2026-04-06,PS,INS,30135.0
2026-04-06,PS,OTR,2610.0
2026-04-07,PS,ENE,45153.0
2026-04-07,PS,MOB,9798.0
2026-04-07,PS,INS,50439.0
2026-04-07,PS,OTR,3420.0
2026-04-08,PS,ENE,42859.0
2026-04-08,PS,MOB,9761.0
2026-04-08,PS,INS,46273.0
2026-04-08,PS,OTR,2367.0
2026-04-09,PS,ENE,48285.0
2026-04-09,PS,MOB,9665.0
2026-04-09,PS,INS,51417.0
2026-04-09,PS,OTR,3276.0
2026-04-10,PS,ENE,43948.0
2026-04-10,PS,MOB,9882.0
2026-04-10,PS,INS,39005.0
2026-04-10,PS,OTR,3465.0
2026-04-11,PS,ENE,49195.0
2026-04-11,PS,MOB,9710.0
2026-04-11,PS,INS,51971.0
2026-04-11,PS,OTR,3333.0
2026-04-12,PS,ENE,36221.0
2026-04-12,PS,MOB,10033.0
2026-04-12,PS,INS,32974.0
2026-04-12,PS,OTR,1747.0
2026-04-13,PS,ENE,46511.0
2026-04-13,PS,MOB,9765.0
2026-04-13,PS,INS,36281.0
2026-04-13,PS,OTR,3471.0
2026-04-14,PS,ENE,47214.0
2026-04-14,PS,MOB,9684.0
2026-04-14,PS,INS,39600.0
2026-04-14,PS,OTR,1522.0
2026-04-15,PS,ENE,41608.0
2026-04-15,PS,MOB,9943.0
2026-04-15,PS,INS,38530.0
2026-04-15,PS,OTR,1827.0
2026-04-16,PS,ENE,49682.0
2026-04-16,PS,MOB,9641.0
2026-04-16,PS,INS,38838.0
2026-04-16,PS,OTR,2242.0
2026-04-17,PS,ENE,45947.0
2026-04-17,PS,MOB,9910.0
2026-04-17,PS,INS,44385.0
2026-04-17,PS,OTR,3400.0
2026-04-18,PS,ENE,43902.0
2026-04-18,PS,MOB,9806.0
2026-04-18,PS,INS,35645.0
2026-04-18,PS,OTR,2484.0
2026-04-19,PS,ENE,48003.0
2026-04-19,PS,MOB,9991.0
2026-04-19,PS,INS,37336.0
2026-04-19,PS,OTR,2372.0
2026-04-20,PS,ENE,39697.0
2026-04-20,PS,MOB,9621.0
2026-04-20,PS,INS,36277.0
2026-04-20,PS,OTR,2977.0
2026-04-21,PS,ENE,41911.0
2026-04-21,PS,MOB,10024.0
2026-04-21,PS,INS,36655.0
2026-04-21,PS,OTR,1596.0
2026-04-22,PS,ENE,36190.0
2026-04-22,PS,MOB,9573.0
2026-04-22,PS,INS,48297.0
2026-04-22,PS,OTR,2304.0
2026-04-23,PS,ENE,42435.0
2026-04-23,PS,MOB,9806.0
2026-04-23,PS,INS,45636.0
2026-04-23,PS,OTR,3053.0
2026-04-24,PS,ENE,45108.0
2026-04-24,PS,MOB,9833.0
2026-04-24,PS,INS,44088.0
2026-04-24,PS,OTR,1648.0
2026-04-25,PS,ENE,42607.0
2026-04-25,PS,MOB,9849.0
2026-04-25,PS,INS,38744.0
2026-04-25,PS,OTR,1860.0
2026-04-26,PS,ENE,48869.0
2026-04-26,PS,MOB,9761.0
2026-04-26,PS,INS,42880.0
2026-04-26,PS,OTR,1884.0
2026-04-27,PS,ENE,47521.0
2026-04-27,PS,MOB,9779.0
2026-04-27,PS,INS,52144.0
2026-04-27,PS,OTR,1990.0
2026-04-28,PS,ENE,46905.0
2026-04-28,PS,MOB,9610.0
2026-04-28,PS,INS,48051.0
2026-04-28,PS,OTR,2927.0
2026-04-29,PS,ENE,45198.0
2026-04-29,PS,MOB,9591.0
2026-04-29,PS,INS,33434.0
2026-04-29,PS,OTR,3284.0
2026-04-30,PS,ENE,39444.0
2026-04-30,PS,MOB,9633.0
2026-04-30,PS,INS,46261.0
2026-04-30,PS,OTR,3494.0
2026-05-01,PS,ENE,41555.0
2026-05-01,PS,MOB,9839.0
2026-05-01,PS,INS,47810.0
2026-05-01,PS,OTR,3114.0
2026-05-02,PS,ENE,42763.0
2026-05-02,PS,MOB,9884.0
2026-05-02,PS,INS,38052.0
2026-05-02,PS,OTR,3403.0
2026-05-03,PS,ENE,48632.0
2026-05-03,PS,MOB,9796.0
2026-05-03,PS,INS,33700.0
2026-05-03,PS,OTR,1588.0
2026-05-04,PS,ENE,46082.0
2026-05-04,PS,MOB,9866.0
2026-05-04,PS,INS,35053.0
2026-05-04,PS,OTR,1709.0
2026-05-05,PS,ENE,42808.0
2026-05-05,PS,MOB,9900.0
2026-05-05,PS,INS,38559.0
2026-05-05,PS,OTR,2971.0
2026-05-06,PS,ENE,49390.0
2026-05-06,PS,MOB,9882.0
2026-05-06,PS,INS,41546.0
2026-05-06,PS,OTR,2554.0
2026-05-07,PS,ENE,41479.0
2026-05-07,PS,MOB,9676.0
2026-05-07,PS,INS,47493.0
2026-05-07,PS,OTR,2185.0
2026-05-08,PS,ENE,43024.0
2026-05-08,PS,MOB,9997.0
2026-05-08,PS,INS,51756.0
2026-05-08,PS,OTR,3086.0
2026-05-09,PS,ENE,46754.0
2026-05-09,PS,MOB,9861.0
2026-05-09,PS,INS,35967.0
2026-05-09,PS,OTR,1834.0
2026-05-10,PS,ENE,44033.0
2026-05-10,PS,MOB,9900.0
2026-05-10,PS,INS,48215.0
2026-05-10,PS,OTR,3211.0
2026-05-11,PS,ENE,48622.0
2026-05-11,PS,MOB,9749.0
2026-05-11,PS,INS,41393.0
2026-05-11,PS,OTR,2261.0
2026-05-12,PS,ENE,45543.0
2026-05-12,PS,MOB,9871.0
2026-05-12,PS,INS,54551.0
2026-05-12,PS,OTR,1668.0
2026-05-13,PS,ENE,43163.0
2026-05-13,PS,MOB,10088.0
2026-05-13,PS,INS,39964.0
2026-05-13,PS,OTR,1873.0
2026-05-14,PS,ENE,48104.0
2026-05-14,PS,MOB,9791.0
2026-05-14,PS,INS,46915.0
2026-05-14,PS,OTR,2473.0
2026-05-15,PS,ENE,48779.0
2026-05-15,PS,MOB,9911.0
2026-05-15,PS,INS,36827.0
2026-05-15,PS,OTR,2750.0
2026-05-16,PS,ENE,50306.0
2026-05-16,PS,MOB,9922.0
2026-05-16,PS,INS,45038.0
2026-05-16,PS,OTR,3368.0
2026-05-17,PS,ENE,45198.0
2026-05-17,PS,MOB,9811.0
2026-05-17,PS,INS,40320.0
2026-05-17,PS,OTR,2176.0
2026-05-18,PS,ENE,48752.0
2026-05-18,PS,MOB,9866.0
2026-05-18,PS,INS,49818.0
2026-05-18,PS,OTR,2619.0
2026-05-19,PS,ENE,43227.0
2026-05-19,PS,MOB,10171.0
2026-05-19,PS,INS,24402.0
2026-05-19,PS,OTR,2650.0
2026-05-20,PS,ENE,41667.0
2026-05-20,PS,MOB,9979.0
2026-05-20,PS,INS,39696.0
2026-05-20,PS,OTR,2858.0
2026-05-21,PS,ENE,47738.0
2026-05-21,PS,MOB,9980.0
2026-05-21,PS,INS,34270.0
2026-05-21,PS,OTR,1778.0
2026-05-22,PS,ENE,47690.0
2026-05-22,PS,MOB,9952.0
2026-05-22,PS,INS,45764.0
2026-05-22,PS,OTR,2110.0
2026-05-23,PS,ENE,39768.0
2026-05-23,PS,MOB,9894.0
2026-05-23,PS,INS,34875.0
2026-05-23,PS,OTR,2045.0
2026-05-24,PS,ENE,51431.0
2026-05-24,PS,MOB,9440.0
2026-05-24,PS,INS,42832.0
2026-05-24,PS,OTR,2291.0
2026-05-25,PS,ENE,49573.0
2026-05-25,PS,MOB,9624.0
2026-05-25,PS,INS,42547.0
2026-05-25,PS,OTR,2450.0
2026-05-26,PS,ENE,46816.0
2026-05-26,PS,MOB,10139.0
2026-05-26,PS,INS,39009.0
2026-05-26,PS,OTR,3373.0
2026-05-27,PS,ENE,50774.0
2026-05-27,PS,MOB,9966.0
2026-05-27,PS,INS,39469.0
2026-05-27,PS,OTR,3133.0
2026-05-28,PS,ENE,41776.0
2026-05-28,PS,MOB,9770.0
2026-05-28,PS,INS,39636.0
2026-05-28,PS,OTR,2216.0
2026-05-29,PS,ENE,39583.0
2026-05-29,PS,MOB,9525.0
2026-05-29,PS,INS,45353.0
2026-05-29,PS,OTR,1735.0
2026-05-30,PS,ENE,38933.0
2026-05-30,PS,MOB,9844.0
2026-05-30,PS,INS,48540.0
2026-05-30,PS,OTR,2670.0
2026-05-31,PS,ENE,46400.0
2026-05-31,PS,MOB,9982.0
2026-05-31,PS,INS,38520.0
2026-05-31,PS,OTR,2043.0
2026-06-01,PS,ENE,49666.0
2026-06-01,PS,MOB,9883.0
2026-06-01,PS,INS,32922.0
2026-06-01,PS,OTR,1922.0
2026-06-02,PS,ENE,46132.0
2026-06-02,PS,MOB,9819.0
2026-06-02,PS,INS,40300.0
2026-06-02,PS,OTR,1946.0
2026-06-03,PS,ENE,43252.0
2026-06-03,PS,MOB,9931.0
2026-06-03,PS,INS,34085.0
2026-06-03,PS,OTR,1643.0
2026-06-04,PS,ENE,38135.0
2026-06-04,PS,MOB,9735.0
2026-06-04,PS,INS,43969.0
2026-06-04,PS,OTR,1671.0
2026-06-05,PS,ENE,47633.0
2026-06-05,PS,MOB,10018.0
2026-06-05,PS,INS,39926.0
2026-06-05,PS,OTR,2911.0
2026-06-06,PS,ENE,50666.0
2026-06-06,PS,MOB,9596.0
2026-06-06,PS,INS,41690.0
2026-06-06,PS,OTR,2122.0
2026-06-07,PS,ENE,50468.0
2026-06-07,PS,MOB,9554.0
2026-06-07,PS,INS,48151.0
2026-06-07,PS,OTR,1771.0
2026-06-08,PS,ENE,44759.0
2026-06-08,PS,MOB,9919.0
2026-06-08,PS,INS,38071.0
2026-06-08,PS,OTR,3320.0
2026-06-09,PS,ENE,43255.0
2026-06-09,PS,MOB,9919.0
2026-06-09,PS,INS,44046.0
2026-06-09,PS,OTR,3306.0
2026-06-10,PS,ENE,48315.0
2026-06-10,PS,MOB,9877.0
2026-06-10,PS,INS,45969.0
2026-06-10,PS,OTR,2651.0
2026-06-11,PS,ENE,41380.0
2026-06-11,PS,MOB,9751.0
2026-06-11,PS,INS,29727.0
2026-06-11,PS,OTR,3084.0
2026-06-12,PS,ENE,47748.0
2026-06-12,PS,MOB,9862.0
2026-06-12,PS,INS,48841.0
2026-06-12,PS,OTR,1928.0
2026-06-13,PS,ENE,39208.0
2026-06-13,PS,MOB,9965.0
2026-06-13,PS,INS,46001.0
2026-06-13,PS,OTR,1699.0
2026-06-14,PS,ENE,40953.0
2026-06-14,PS,MOB,9932.0
2026-06-14,PS,INS,33969.0
2026-06-14,PS,OTR,3354.0
2026-06-15,PS,ENE,43432.0
2026-06-15,PS,MOB,10020.0
2026-06-15,PS,INS,42278.0
2026-06-15,PS,OTR,2973.0
2026-06-16,PS,ENE,41977.0
2026-06-16,PS,MOB,9592.0
2026-06-16,PS,INS,49283.0
2026-06-16,PS,OTR,2729.0
2026-06-17,PS,ENE,46568.0
2026-06-17,PS,MOB,9878.0
2026-06-17,PS,INS,49243.0
2026-06-17,PS,OTR,1757.0
2026-06-18,PS,ENE,47426.0
2026-06-18,PS,MOB,9628.0
2026-06-18,PS,INS,33949.0
2026-06-18,PS,OTR,2356.0
2026-06-19,PS,ENE,46192.0
2026-06-19,PS,MOB,9838.0
2026-06-19,PS,INS,36672.0
2026-06-19,PS,OTR,1642.0
2026-06-20,PS,ENE,49593.0
2026-06-20,PS,MOB,9528.0
2026-06-20,PS,INS,37926.0
2026-06-20,PS,OTR,2619.0
2026-06-21,PS,ENE,44710.0
2026-06-21,PS,MOB,9698.0
2026-06-21,PS,INS,37217.0
2026-06-21,PS,OTR,2521.0
2026-06-22,PS,ENE,48941.0
2026-06-22,PS,MOB,9888.0
2026-06-22,PS,INS,48366.0
2026-06-22,PS,OTR,2763.0
2026-06-23,PS,ENE,47847.0
2026-06-23,PS,MOB,9703.0
2026-06-23,PS,INS,42805.0
2026-06-23,PS,OTR,3399.0
2026-06-24,PS,ENE,51530.0
2026-06-24,PS,MOB,9656.0
2026-06-24,PS,INS,52478.0
2026-06-24,PS,OTR,1684.0
2026-06-25,PS,ENE,44293.0
2026-06-25,PS,MOB,9782.0
2026-06-25,PS,INS,30099.0
2026-06-25,PS,OTR,3234.0
2026-06-26,PS,ENE,43593.0
2026-06-26,PS,MOB,9652.0
2026-06-26,PS,INS,49278.0
2026-06-26,PS,OTR,2972.0
2026-06-27,PS,ENE,51094.0
2026-06-27,PS,MOB,9899.0
2026-06-27,PS,INS,47344.0
2026-06-27,PS,OTR,3224.0
2026-06-28,PS,ENE,48065.0
2026-06-28,PS,MOB,9686.0
2026-06-28,PS,INS,45617.0
2026-06-28,PS,OTR,3038.0
2026-06-29,PS,ENE,41694.0
2026-06-29,PS,MOB,9850.0
2026-06-29,PS,INS,43462.0
2026-06-29,PS,OTR,1987.0
2026-06-30,PS,ENE,50699.0
2026-06-30,PS,MOB,9861.0
2026-06-30,PS,INS,42967.0
2026-06-30,PS,OTR,2606.0
2026-07-01,PS,ENE,42412.0
2026-07-01,PS,MOB,9878.0
2026-07-01,PS,INS,39000.0
2026-07-01,PS,OTR,2348.0
2026-07-02,PS,ENE,43098.0
2026-07-02,PS,MOB,9882.0
2026-07-02,PS,INS,44285.0
2026-07-02,PS,OTR,2773.0
2026-07-03,PS,ENE,40085.0
2026-07-03,PS,MOB,9719.0
2026-07-03,PS,INS,41013.0
2026-07-03,PS,OTR,3330.0
2026-07-04,PS,ENE,49037.0
2026-07-04,PS,MOB,9874.0
2026-07-04,PS,INS,39161.0
2026-07-04,PS,OTR,2204.0
2026-07-05,PS,ENE,39909.0
2026-07-05,PS,MOB,9493.0
2026-07-05,PS,INS,45831.0
2026-07-05,PS,OTR,2436.0
2026-07-06,PS,ENE,50192.0
2026-07-06,PS,MOB,9991.0
2026-07-06,PS,INS,40476.0
2026-07-06,PS,OTR,2287.0
2026-07-07,PS,ENE,45752.0
2026-07-07,PS,MOB,9788.0
2026-07-07,PS,INS,45134.0
2026-07-07,PS,OTR,1552.0
2026-07-08,PS,ENE,46110.0
2026-07-08,PS,MOB,9566.0
2026-07-08,PS,INS,41945.0
2026-07-08,PS,OTR,2143.0
2026-07-09,PS,ENE,48022.0
2026-07-09,PS,MOB,9952.0
2026-07-09,PS,INS,36698.0
2026-07-09,PS,OTR,3480.0
2026-07-10,PS,ENE,40427.0
2026-07-10,PS,MOB,9777.0
2026-07-10,PS,INS,38238.0
2026-07-10,PS,OTR,3459.0
2026-07-11,PS,ENE,41920.0
2026-07-11,PS,MOB,9818.0
2026-07-11,PS,INS,37213.0
2026-07-11,PS,OTR,2554.0
2026-07-12,PS,ENE,49069.0
2026-07-12,PS,MOB,9779.0
2026-07-12,PS,INS,48903.0
2026-07-12,PS,OTR,3244.0
2026-07-13,PS,ENE,44595.0
2026-07-13,PS,MOB,9769.0
2026-07-13,PS,INS,33581.0
2026-07-13,PS,OTR,1671.0
2026-07-14,PS,ENE,48342.0
2026-07-14,PS,MOB,9575.0
2026-07-14,PS,INS,45332.0
2026-07-14,PS,OTR,3264.0
2026-07-15,PS,ENE,50891.0
2026-07-15,PS,MOB,10119.0
2026-07-15,PS,INS,46885.0
2026-07-15,PS,OTR,1882.0
2026-07-16,PS,ENE,44551.0
2026-07-16,PS,MOB,9807.0
2026-07-16,PS,INS,39077.0
2026-07-16,PS,OTR,3485.0
2026-07-17,PS,ENE,48320.0
2026-07-17,PS,MOB,9666.0
2026-07-17,PS,INS,41979.0
2026-07-17,PS,OTR,3010.0
2026-07-18,PS,ENE,44531.0
2026-07-18,PS,MOB,9826.0
2026-07-18,PS,INS,32669.0
2026-07-18,PS,OTR,1912.0
2026-07-19,PS,ENE,40595.0
2026-07-19,PS,MOB,9893.0
2026-07-19,PS,INS,32031.0
2026-07-19,PS,OTR,1991.0
2026-07-20,PS,ENE,47262.0
2026-07-20,PS,MOB,9730.0
2026-07-20,PS,INS,44638.0
2026-07-20,PS,OTR,3317.0
2026-07-21,PS,ENE,41187.0
2026-07-21,PS,MOB,9747.0
2026-07-21,PS,INS,37281.0
2026-07-21,PS,OTR,3493.0
2026-07-22,PS,ENE,38648.0
2026-07-22,PS,MOB,10027.0
2026-07-22,PS,INS,37461.0
2026-07-22,PS,OTR,2756.0
2026-07-23,PS,ENE,38361.0
2026-07-23,PS,MOB,9992.0
2026-07-23,PS,INS,41628.0
2026-07-23,PS,OTR,3006.0
2026-07-24,PS,ENE,40294.0
2026-07-24,PS,MOB,9810.0
2026-07-24,PS,INS,36017.0
2026-07-24,PS,OTR,3240.0
2026-07-25,PS,ENE,47133.0
2026-07-25,PS,MOB,9659.0
2026-07-25,PS,INS,43602.0
2026-07-25,PS,OTR,3174.0
2026-07-26,PS,ENE,38462.0
2026-07-26,PS,MOB,9777.0
2026-07-26,PS,INS,41067.0
2026-07-26,PS,OTR,1574.0
2026-07-27,PS,ENE,42607.0
2026-07-27,PS,MOB,9601.0
2026-07-27,PS,INS,37729.0
2026-07-27,PS,OTR,2481.0
2026-07-28,PS,ENE,48741.0
2026-07-28,PS,MOB,9900.0
2026-07-28,PS,INS,33628.0
2026-07-28,PS,OTR,1790.0
2026-07-29,PS,ENE,39978.0
2026-07-29,PS,MOB,9889.0
2026-07-29,PS,INS,53585.0
2026-07-29,PS,OTR,1705.0
2026-07-30,PS,ENE,43902.0
2026-07-30,PS,MOB,9926.0
2026-07-30,PS,INS,37903.0
2026-07-30,PS,OTR,1859.0
2026-07-31,PS,ENE,49480.0
2026-07-31,PS,MOB,10019.0
2026-07-31,PS,INS,29647.0
2026-07-31,PS,OTR,2011.0
2026-08-01,PS,ENE,47097.0
2026-08-01,PS,MOB,10009.0
2026-08-01,PS,INS,38162.0
2026-08-01,PS,OTR,3037.0
2026-08-02,PS,ENE,40419.0
2026-08-02,PS,MOB,9795.0
2026-08-02,PS,INS,35295.0
2026-08-02,PS,OTR,2737.0
2026-08-03,PS,ENE,47817.0
2026-08-03,PS,MOB,9663.0
2026-08-03,PS,INS,40509.0
2026-08-03,PS,OTR,2019.0
2026-08-04,PS,ENE,42820.0
2026-08-04,PS,MOB,10040.0
2026-08-04,PS,INS,42014.0
2026-08-04,PS,OTR,2000.0
2026-08-05,PS,ENE,47237.0
2026-08-05,PS,MOB,9888.0
2026-08-05,PS,INS,37128.0
2026-08-05,PS,OTR,1885.0
2026-08-06,PS,ENE,44341.0
2026-08-06,PS,MOB,9600.0
2026-08-06,PS,INS,38517.0
2026-08-06,PS,OTR,2456.0
2026-08-07,PS,ENE,42556.0
2026-08-07,PS,MOB,9767.0
2026-08-07,PS,INS,45746.0
2026-08-07,PS,OTR,1544.0
2026-08-08,PS,ENE,41640.0
2026-08-08,PS,MOB,9573.0
2026-08-08,PS,INS,51377.0
2026-08-08,PS,OTR,2093.0
2026-08-09,PS,ENE,37041.0
2026-08-09,PS,MOB,9847.0
2026-08-09,PS,INS,42662.0
2026-08-09,PS,OTR,3417.0
2026-08-10,PS,ENE,47307.0
2026-08-10,PS,MOB,9781.0
2026-08-10,PS,INS,38552.0
2026-08-10,PS,OTR,3140.0
2026-08-11,PS,ENE,43082.0
2026-08-11,PS,MOB,9665.0
2026-08-11,PS,INS,34776.0
2026-08-11,PS,OTR,1526.0
2026-08-12,PS,ENE,38795.0
2026-08-12,PS,MOB,9722.0
2026-08-12,PS,INS,29334.0
2026-08-12,PS,OTR,1932.0
2026-08-13,PS,ENE,40423.0
2026-08-13,PS,MOB,9643.0
2026-08-13,PS,INS,51374.0
2026-08-13,PS,OTR,1692.0
2026-08-14,PS,ENE,47782.0
2026-08-14,PS,MOB,9508.0
2026-08-14,PS,INS,44417.0
2026-08-14,PS,OTR,3149.0
2026-08-15,PS,ENE,43177.0
2026-08-15,PS,MOB,9687.0
2026-08-15,PS,INS,23009.0
2026-08-15,PS,OTR,3098.0
2026-08-16,PS,ENE,49793.0
2026-08-16,PS,MOB,9794.0
2026-08-16,PS,INS,36663.0
2026-08-16,PS,OTR,2477.0
2026-08-17,PS,ENE,41029.0
2026-08-17,PS,MOB,10105.0
2026-08-17,PS,INS,43618.0
2026-08-17,PS,OTR,2466.0
2026-08-18,PS,ENE,47853.0
2026-08-18,PS,MOB,9763.0
2026-08-18,PS,INS,32397.0
2026-08-18,PS,OTR,1856.0
2026-08-19,PS,ENE,45577.0
2026-08-19,PS,MOB,9749.0
2026-08-19,PS,INS,38818.0
2026-08-19,PS,OTR,2056.0
2026-08-20,PS,ENE,42443.0
2026-08-20,PS,MOB,9913.0
2026-08-20,PS,INS,28500.0
2026-08-20,PS,OTR,3326.0
2026-08-21,PS,ENE,47519.0
2026-08-21,PS,MOB,9841.0
2026-08-21,PS,INS,37926.0
2026-08-21,PS,OTR,3209.0
2026-08-22,PS,ENE,47489.0
2026-08-22,PS,MOB,9824.0
2026-08-22,PS,INS,32675.0
2026-08-22,PS,OTR,3346.0
2026-08-23,PS,ENE,40553.0
2026-08-23,PS,MOB,9734.0
2026-08-23,PS,INS,37438.0
2026-08-23,PS,OTR,2827.0
2026-08-24,PS,ENE,45454.0
2026-08-24,PS,MOB,9967.0
2026-08-24,PS,INS,40379.0
2026-08-24,PS,OTR,1601.0
2026-08-25,PS,ENE,48658.0
2026-08-25,PS,MOB,9753.0
2026-08-25,PS,INS,36409.0
2026-08-25,PS,OTR,2977.0
2026-08-26,PS,ENE,46952.0
2026-08-26,PS,MOB,10104.0
2026-08-26,PS,INS,39420.0
2026-08-26,PS,OTR,2551.0
2026-08-27,PS,ENE,45017.0
2026-08-27,PS,MOB,9762.0
2026-08-27,PS,INS,35001.0
2026-08-27,PS,OTR,2000.0
2026-08-28,PS,ENE,49599.0
2026-08-28,PS,MOB,9633.0
2026-08-28,PS,INS,44357.0
2026-08-28,PS,OTR,2299.0
2026-08-29,PS,ENE,47103.0
2026-08-29,PS,MOB,9718.0
2026-08-29,PS,INS,42923.0
2026-08-29,PS,OTR,2696.0
2026-08-30,PS,ENE,47160.0
2026-08-30,PS,MOB,9894.0
2026-08-30,PS,INS,42468.0
2026-08-30,PS,OTR,2185.0
2026-08-31,PS,ENE,41449.0
2026-08-31,PS,MOB,9652.0
2026-08-31,PS,INS,46100.0
2026-08-31,PS,OTR,1531.0
2026-09-01,PS,ENE,42742.0
2026-09-01,PS,MOB,9496.0
2026-09-01,PS,INS,40436.0
2026-09-01,PS,OTR,3206.0
2026-09-02,PS,ENE,45833.0
2026-09-02,PS,MOB,9717.0
2026-09-02,PS,INS,38210.0
2026-09-02,PS,OTR,1580.0
2026-09-03,PS,ENE,46873.0
2026-09-03,PS,MOB,9987.0
2026-09-03,PS,INS,29380.0
2026-09-03,PS,OTR,2272.0
2026-09-04,PS,ENE,48696.0
2026-09-04,PS,MOB,9717.0
2026-09-04,PS,INS,37008.0
2026-09-04,PS,OTR,3256.0
2026-09-05,PS,ENE,44203.0
2026-09-05,PS,MOB,9719.0
2026-09-05,PS,INS,45620.0
2026-09-05,PS,OTR,2904.0
2026-09-06,PS,ENE,49887.0
2026-09-06,PS,MOB,9751.0
2026-09-06,PS,INS,45303.0
2026-09-06,PS,OTR,3221.0
2026-09-07,PS,ENE,44666.0
2026-09-07,PS,MOB,9699.0
2026-09-07,PS,INS,28187.0
2026-09-07,PS,OTR,3087.0
2026-09-08,PS,ENE,40125.0
2026-09-08,PS,MOB,9681.0
2026-09-08,PS,INS,46407.0
2026-09-08,PS,OTR,3408.0
2026-09-09,PS,ENE,41555.0
2026-09-09,PS,MOB,9892.0
2026-09-09,PS,INS,44634.0
2026-09-09,PS,OTR,3045.0
2026-09-10,PS,ENE,47787.0
2026-09-10,PS,MOB,9752.0
2026-09-10,PS,INS,41993.0
2026-09-10,PS,OTR,3109.0
2026-09-11,PS,ENE,40328.0
2026-09-11,PS,MOB,9758.0
2026-09-11,PS,INS,37759.0
2026-09-11,PS,OTR,2631.0
2026-09-12,PS,ENE,45650.0
2026-09-12,PS,MOB,9996.0
2026-09-12,PS,INS,46387.0
2026-09-12,PS,OTR,2581.0
2026-09-13,PS,ENE,49547.0
2026-09-13,PS,MOB,9579.0
2026-09-13,PS,INS,38436.0
2026-09-13,PS,OTR,2351.0
2026-09-14,PS,ENE,47141.0
2026-09-14,PS,MOB,10022.0
2026-09-14,PS,INS,52969.0
2026-09-14,PS,OTR,2600.0
2026-09-15,PS,ENE,52373.0
2026-09-15,PS,MOB,9899.0
2026-09-15,PS,INS,47509.0
2026-09-15,PS,OTR,1677.0
2026-09-16,PS,ENE,44666.0
2026-09-16,PS,MOB,9965.0
2026-09-16,PS,INS,47258.0
2026-09-16,PS,OTR,3209.0
2026-09-17,PS,ENE,46995.0
2026-09-17,PS,MOB,10180.0
2026-09-17,PS,INS,45674.0
2026-09-17,PS,OTR,2573.0
2026-09-18,PS,ENE,49441.0
2026-09-18,PS,MOB,9746.0
2026-09-18,PS,INS,36496.0
2026-09-18,PS,OTR,3165.0
2026-09-19,PS,ENE,44251.0
2026-09-19,PS,MOB,9713.0
2026-09-19,PS,INS,44990.0
2026-09-19,PS,OTR,2954.0
2026-09-20,PS,ENE,43922.0
2026-09-20,PS,MOB,10241.0
2026-09-20,PS,INS,40923.0
2026-09-20,PS,OTR,3061.0
2026-09-21,PS,ENE,49699.0
2026-09-21,PS,MOB,9708.0
2026-09-21,PS,INS,38948.0
2026-09-21,PS,OTR,3342.0
2026-09-22,PS,ENE,40400.0
2026-09-22,PS,MOB,9545.0
2026-09-22,PS,INS,39692.0
2026-09-22,PS,OTR,2629.0
2026-09-23,PS,ENE,42420.0
2026-09-23,PS,MOB,9856.0
2026-09-23,PS,INS,45543.0
2026-09-23,PS,OTR,1862.0
2026-09-24,PS,ENE,50753.0
2026-09-24,PS,MOB,9711.0
2026-09-24,PS,INS,51413.0
2026-09-24,PS,OTR,1526.0
2026-09-25,PS,ENE,48353.0
2026-09-25,PS,MOB,9834.0
2026-09-25,PS,INS,43643.0
2026-09-25,PS,OTR,3374.0
2026-09-26,PS,ENE,46091.0
2026-09-26,PS,MOB,9800.0
2026-09-26,PS,INS,37999.0
2026-09-26,PS,OTR,3096.0
2026-09-27,PS,ENE,39284.0
2026-09-27,PS,MOB,9819.0
2026-09-27,PS,INS,35475.0
2026-09-27,PS,OTR,2224.0
2026-09-28,PS,ENE,43863.0
2026-09-28,PS,MOB,9937.0
2026-09-28,PS,INS,38600.0
2026-09-28,PS,OTR,1919.0
2026-09-29,PS,ENE,48939.0
2026-09-29,PS,MOB,9627.0
2026-09-29,PS,INS,44855.0
2026-09-29,PS,OTR,1799.0
2026-09-30,PS,ENE,41211.0
2026-09-30,PS,MOB,9693.0
2026-09-30,PS,INS,39216.0
2026-09-30,PS,OTR,2795.0
2026-10-01,PS,ENE,47840.0
2026-10-01,PS,MOB,9708.0
2026-10-01,PS,INS,51949.0
2026-10-01,PS,OTR,2022.0
2026-10-02,PS,ENE,44209.0
2026-10-02,PS,MOB,9805.0
2026-10-02,PS,INS,39390.0
2026-10-02,PS,OTR,1992.0
2026-10-03,PS,ENE,49257.0
2026-10-03,PS,MOB,9927.0
2026-10-03,PS,INS,32507.0
2026-10-03,PS,OTR,1821.0
2026-10-04,PS,ENE,48014.0
2026-10-04,PS,MOB,9697.0
2026-10-04,PS,INS,50578.0
2026-10-04,PS,OTR,2084.0
2026-10-05,PS,ENE,42269.0
2026-10-05,PS,MOB,9788.0
2026-10-05,PS,INS,38112.0
2026-10-05,PS,OTR,3072.0
2026-10-06,PS,ENE,47582.0
2026-10-06,PS,MOB,9786.0
2026-10-06,PS,INS,51083.0
2026-10-06,PS,OTR,3220.0
2026-10-07,PS,ENE,40608.0
2026-10-07,PS,MOB,10073.0
2026-10-07,PS,INS,35861.0
2026-10-07,PS,OTR,2049.0
2026-10-08,PS,ENE,48742.0
2026-10-08,PS,MOB,9806.0
2026-10-08,PS,INS,41127.0
2026-10-08,PS,OTR,2614.0
2026-10-09,PS,ENE,38234.0
2026-10-09,PS,MOB,9671.0
2026-10-09,PS,INS,39028.0
2026-10-09,PS,OTR,2133.0
2026-10-10,PS,ENE,43596.0
2026-10-10,PS,MOB,9679.0
2026-10-10,PS,INS,32643.0
2026-10-10,PS,OTR,1533.0
2026-10-11,PS,ENE,42725.0
2026-10-11,PS,MOB,9835.0
2026-10-11,PS,INS,37177.0
2026-10-11,PS,OTR,2864.0
2026-10-12,PS,ENE,48892.0
2026-10-12,PS,MOB,9872.0
2026-10-12,PS,INS,53566.0
2026-10-12,PS,OTR,1559.0
2026-10-13,PS,ENE,45138.0
2026-10-13,PS,MOB,9824.0
2026-10-13,PS,INS,46392.0
2026-10-13,PS,OTR,1579.0
2026-10-14,PS,ENE,42713.0
2026-10-14,PS,MOB,10109.0
2026-10-14,PS,INS,44727.0
2026-10-14,PS,OTR,2016.0
2026-10-15,PS,ENE,48893.0
2026-10-15,PS,MOB,9802.0
2026-10-15,PS,INS,45062.0
2026-10-15,PS,OTR,2464.0
2026-10-16,PS,ENE,48886.0
2026-10-16,PS,MOB,9835.0
2026-10-16,PS,INS,52055.0
2026-10-16,PS,OTR,1556.0
2026-10-17,PS,ENE,50645.0
2026-10-17,PS,MOB,9888.0
2026-10-17,PS,INS,38176.0
2026-10-17,PS,OTR,1586.0
2026-10-18,PS,ENE,44354.0
2026-10-18,PS,MOB,9765.0
2026-10-18,PS,INS,28365.0
2026-10-18,PS,OTR,1716.0
2026-10-19,PS,ENE,45197.0
2026-10-19,PS,MOB,9506.0
2026-10-19,PS,INS,39741.0
2026-10-19,PS,OTR,3390.0
2026-10-20,PS,ENE,49377.0
2026-10-20,PS,MOB,9586.0
2026-10-20,PS,INS,45736.0
2026-10-20,PS,OTR,2379.0
2026-10-21,PS,ENE,42127.0
2026-10-21,PS,MOB,9590.0
2026-10-21,PS,INS,41287.0
2026-10-21,PS,OTR,1671.0
2026-10-22,PS,ENE,50813.0
2026-10-22,PS,MOB,9962.0
2026-10-22,PS,INS,43135.0
2026-10-22,PS,OTR,2243.0
2026-10-23,PS,ENE,43454.0
2026-10-23,PS,MOB,9958.0
2026-10-23,PS,INS,53522.0
2026-10-23,PS,OTR,3157.0
2026-10-24,PS,ENE,50075.0
2026-10-24,PS,MOB,9878.0
2026-10-24,PS,INS,53383.0
2026-10-24,PS,OTR,3102.0
2026-10-25,PS,ENE,51064.0
2026-10-25,PS,MOB,9772.0
2026-10-25,PS,INS,40324.0
2026-10-25,PS,OTR,3120.0
2026-10-26,PS,ENE,43081.0
2026-10-26,PS,MOB,9654.0
2026-10-26,PS,INS,44589.0
2026-10-26,PS,OTR,3216.0
2026-10-27,PS,ENE,43637.0
2026-10-27,PS,MOB,9743.0
2026-10-27,PS,INS,43502.0
2026-10-27,PS,OTR,2338.0
2026-10-28,PS,ENE,43327.0
2026-10-28,PS,MOB,9792.0
2026-10-28,PS,INS,42915.0
2026-10-28,PS,OTR,1943.0
2026-10-29,PS,ENE,45841.0
2026-10-29,PS,MOB,9898.0
2026-10-29,PS,INS,43181.0
2026-10-29,PS,OTR,2059.0
2026-10-30,PS,ENE,44319.0
2026-10-30,PS,MOB,9815.0
2026-10-30,PS,INS,39784.0
2026-10-30,PS,OTR,3129.0
2026-10-31,PS,ENE,43256.0
2026-10-31,PS,MOB,9761.0
2026-10-31,PS,INS,46553.0
2026-10-31,PS,OTR,3092.0
2026-11-01,PS,ENE,45894.0
2026-11-01,PS,MOB,9764.0
2026-11-01,PS,INS,49576.0
2026-11-01,PS,OTR,2862.0
2026-11-02,PS,ENE,46201.0
2026-11-02,PS,MOB,10139.0
2026-11-02,PS,INS,47241.0
2026-11-02,PS,OTR,1956.0
2026-11-03,PS,ENE,44273.0
2026-11-03,PS,MOB,9675.0
2026-11-03,PS,INS,38741.0
2026-11-03,PS,OTR,3453.0
2026-11-04,PS,ENE,46243.0
2026-11-04,PS,MOB,9896.0
2026-11-04,PS,INS,41801.0
2026-11-04,PS,OTR,3107.0
2026-11-05,PS,ENE,50072.0
2026-11-05,PS,MOB,9935.0
2026-11-05,PS,INS,46377.0
2026-11-05,PS,OTR,2283.0
2026-11-06,PS,ENE,40486.0
2026-11-06,PS,MOB,9669.0
2026-11-06,PS,INS,39826.0
2026-11-06,PS,OTR,3493.0
2026-11-07,PS,ENE,46736.0
2026-11-07,PS,MOB,9521.0
2026-11-07,PS,INS,45236.0
2026-11-07,PS,OTR,1736.0
2026-11-08,PS,ENE,46624.0
2026-11-08,PS,MOB,9912.0
2026-11-08,PS,INS,46430.0
2026-11-08,PS,OTR,3205.0
2026-11-09,PS,ENE,42073.0
2026-11-09,PS,MOB,9782.0
2026-11-09,PS,INS,43951.0
2026-11-09,PS,OTR,2073.0
2026-11-10,PS,ENE,45413.0
2026-11-10,PS,MOB,9705.0
2026-11-10,PS,INS,37565.0
2026-11-10,PS,OTR,3088.0
2026-11-11,PS,ENE,41081.0
2026-11-11,PS,MOB,9884.0
2026-11-11,PS,INS,46636.0
2026-11-11,PS,OTR,2038.0
2026-11-12,PS,ENE,45720.0
2026-11-12,PS,MOB,9525.0
2026-11-12,PS,INS,38568.0
2026-11-12,PS,OTR,2791.0
2026-11-13,PS,ENE,39663.0
2026-11-13,PS,MOB,10067.0
2026-11-13,PS,INS,47834.0
2026-11-13,PS,OTR,2588.0
2026-11-14,PS,ENE,46678.0
2026-11-14,PS,MOB,9794.0
2026-11-14,PS,INS,53723.0
2026-11-14,PS,OTR,2958.0
2026-11-15,PS,ENE,47410.0
2026-11-15,PS,MOB,9829.0
2026-11-15,PS,INS,35327.0
2026-11-15,PS,OTR,2166.0
2026-11-16,PS,ENE,41668.0
2026-11-16,PS,MOB,9889.0
2026-11-16,PS,INS,36471.0
2026-11-16,PS,OTR,2814.0
2026-11-17,PS,ENE,42390.0
2026-11-17,PS,MOB,9795.0
2026-11-17,PS,INS,40814.0
2026-11-17,PS,OTR,2507.0
2026-11-18,PS,ENE,43969.0
2026-11-18,PS,MOB,9822.0
2026-11-18,PS,INS,39177.0
2026-11-18,PS,OTR,1639.0
2026-11-19,PS,ENE,46976.0
2026-11-19,PS,MOB,9761.0
2026-11-19,PS,INS,36379.0
2026-11-19,PS,OTR,3385.0
2026-11-20,PS,ENE,49061.0
2026-11-20,PS,MOB,9661.0
2026-11-20,PS,INS,37463.0
2026-11-20,PS,OTR,2682.0
2026-11-21,PS,ENE,42291.0
2026-11-21,PS,MOB,9974.0
2026-11-21,PS,INS,47433.0
2026-11-21,PS,OTR,1857.0
2026-11-22,PS,ENE,49073.0
2026-11-22,PS,MOB,9593.0
2026-11-22,PS,INS,29201.0
2026-11-22,PS,OTR,1834.0
2026-11-23,PS,ENE,44859.0
2026-11-23,PS,MOB,9829.0
2026-11-23,PS,INS,31734.0
2026-11-23,PS,OTR,2273.0
2026-11-24,PS,ENE,49968.0
2026-11-24,PS,MOB,9955.0
2026-11-24,PS,INS,48038.0
2026-11-24,PS,OTR,1704.0
2026-11-25,PS,ENE,45130.0
2026-11-25,PS,MOB,9671.0
2026-11-25,PS,INS,43830.0
2026-11-25,PS,OTR,1663.0
2026-11-26,PS,ENE,42046.0
2026-11-26,PS,MOB,9823.0
2026-11-26,PS,INS,40911.0
2026-11-26,PS,OTR,1757.0
2026-11-27,PS,ENE,50535.0
2026-11-27,PS,MOB,9679.0
2026-11-27,PS,INS,36639.0
2026-11-27,PS,OTR,1625.0
2026-11-28,PS,ENE,44885.0
2026-11-28,PS,MOB,9456.0
2026-11-28,PS,INS,27876.0
2026-11-28,PS,OTR,2141.0
2026-11-29,PS,ENE,43628.0
2026-11-29,PS,MOB,9913.0
2026-11-29,PS,INS,40997.0
2026-11-29,PS,OTR,1736.0
2026-11-30,PS,ENE,48349.0
2026-11-30,PS,MOB,9901.0
2026-11-30,PS,INS,46286.0
2026-11-30,PS,OTR,1684.0
2026-12-01,PS,ENE,46321.0
2026-12-01,PS,MOB,9560.0
2026-12-01,PS,INS,47478.0
2026-12-01,PS,OTR,2258.0
2026-12-02,PS,ENE,41249.0
2026-12-02,PS,MOB,9448.0
2026-12-02,PS,INS,38780.0
2026-12-02,PS,OTR,1963.0
2026-12-03,PS,ENE,50785.0
2026-12-03,PS,MOB,9766.0
2026-12-03,PS,INS,44686.0
2026-12-03,PS,OTR,2393.0
2026-12-04,PS,ENE,45139.0
2026-12-04,PS,MOB,9813.0
2026-12-04,PS,INS,50304.0
2026-12-04,PS,OTR,2322.0
2026-12-05,PS,ENE,43940.0
2026-12-05,PS,MOB,9726.0
2026-12-05,PS,INS,50520.0
2026-12-05,PS,OTR,1866.0
2026-12-06,PS,ENE,43539.0
2026-12-06,PS,MOB,9764.0
2026-12-06,PS,INS,43652.0
2026-12-06,PS,OTR,3262.0
2026-12-07,PS,ENE,42549.0
2026-12-07,PS,MOB,9797.0
2026-12-07,PS,INS,52100.0
2026-12-07,PS,OTR,1993.0
2026-12-08,PS,ENE,47250.0
2026-12-08,PS,MOB,9778.0
2026-12-08,PS,INS,40196.0
2026-12-08,PS,OTR,2268.0
2026-12-09,PS,ENE,48654.0
2026-12-09,PS,MOB,9745.0
2026-12-09,PS,INS,42551.0
2026-12-09,PS,OTR,2273.0
2026-12-10,PS,ENE,45470.0
2026-12-10,PS,MOB,9974.0
2026-12-10,PS,INS,52069.0
2026-12-10,PS,OTR,1637.0
2026-12-11,PS,ENE,49200.0
2026-12-11,PS,MOB,9738.0
2026-12-11,PS,INS,38548.0
2026-12-11,PS,OTR,3389.0
2026-12-12,PS,ENE,44800.0
2026-12-12,PS,MOB,9639.0
2026-12-12,PS,INS,44946.0
2026-12-12,PS,OTR,2609.0
2026-12-13,PS,ENE,44220.0
2026-12-13,PS,MOB,9637.0
2026-12-13,PS,INS,48309.0
2026-12-13,PS,OTR,3368.0
2026-12-14,PS,ENE,47268.0
2026-12-14,PS,MOB,9685.0
2026-12-14,PS,INS,36594.0
2026-12-14,PS,OTR,3117.0
2026-12-15,PS,ENE,47271.0
2026-12-15,PS,MOB,9743.0
2026-12-15,PS,INS,43366.0
2026-12-15,PS,OTR,3470.0
2026-12-16,PS,ENE,48414.0
2026-12-16,PS,MOB,9999.0
2026-12-16,PS,INS,40628.0
2026-12-16,PS,OTR,2368.0
2026-12-17,PS,ENE,40462.0
2026-12-17,PS,MOB,9905.0
2026-12-17,PS,INS,38039.0
2026-12-17,PS,OTR,2072.0
2026-12-18,PS,ENE,49378.0
2026-12-18,PS,MOB,9658.0
2026-12-18,PS,INS,37055.0
2026-12-18,PS,OTR,2116.0
2026-12-19,PS,ENE,48380.0
2026-12-19,PS,MOB,9717.0
2026-12-19,PS,INS,44663.0
2026-12-19,PS,OTR,2398.0
2026-12-20,PS,ENE,45943.0
2026-12-20,PS,MOB,9771.0
2026-12-20,PS,INS,47724.0
2026-12-20,PS,OTR,3244.0
2026-12-21,PS,ENE,42434.0
2026-12-21,PS,MOB,9735.0
2026-12-21,PS,INS,41991.0
2026-12-21,PS,OTR,2616.0
2026-12-22,PS,ENE,39489.0
2026-12-22,PS,MOB,9990.0
2026-12-22,PS,INS,39223.0
2026-12-22,PS,OTR,3421.0
2026-12-23,PS,ENE,49023.0
2026-12-23,PS,MOB,9895.0
2026-12-23,PS,INS,23923.0
2026-12-23,PS,OTR,2392.0
2026-12-24,PS,ENE,41003.0
2026-12-24,PS,MOB,9773.0
2026-12-24,PS,INS,38913.0
2026-12-24,PS,OTR,1857.0
2026-12-25,PS,ENE,46036.0
2026-12-25,PS,MOB,9727.0
2026-12-25,PS,INS,43967.0
2026-12-25,PS,OTR,3093.0
2026-12-26,PS,ENE,44054.0
2026-12-26,PS,MOB,9814.0
2026-12-26,PS,INS,44806.0
2026-12-26,PS,OTR,1976.0
2026-12-27,PS,ENE,49485.0
2026-12-27,PS,MOB,9746.0
2026-12-27,PS,INS,45328.0
2026-12-27,PS,OTR,2546.0
2026-12-28,PS,ENE,52215.0
2026-12-28,PS,MOB,9641.0
2026-12-28,PS,INS,40660.0
2026-12-28,PS,OTR,1680.0
2026-12-29,PS,ENE,45418.0
2026-12-29,PS,MOB,9840.0
2026-12-29,PS,INS,39546.0
2026-12-29,PS,OTR,2765.0
2026-12-30,PS,ENE,41374.0
2026-12-30,PS,MOB,9981.0
2026-12-30,PS,INS,41407.0
2026-12-30,PS,OTR,1809.0
2026-12-31,PS,ENE,46560.0
2026-12-31,PS,MOB,9488.0
2026-12-31,PS,INS,37928.0
2026-12-31,PS,OTR,2051.0
2027-01-01,PS,ENE,45166.0
2027-01-01,PS,MOB,9846.0
2027-01-01,PS,INS,38274.0
2027-01-01,PS,OTR,3425.0
2027-01-02,PS,ENE,43420.0
2027-01-02,PS,MOB,9858.0
2027-01-02,PS,INS,43822.0
2027-01-02,PS,OTR,3263.0
2027-01-03,PS,ENE,43922.0
2027-01-03,PS,MOB,9840.0
2027-01-03,PS,INS,42725.0
2027-01-03,PS,OTR,2633.0
2027-01-04,PS,ENE,38373.0
2027-01-04,PS,MOB,9791.0
2027-01-04,PS,INS,27099.0
2027-01-04,PS,OTR,2369.0
2027-01-05,PS,ENE,40479.0
2027-01-05,PS,MOB,9644.0
2027-01-05,PS,INS,50308.0
2027-01-05,PS,OTR,1526.0
2027-01-06,PS,ENE,49293.0
2027-01-06,PS,MOB,9708.0
2027-01-06,PS,INS,36690.0
2027-01-06,PS,OTR,1801.0
2027-01-07,PS,ENE,40967.0
2027-01-07,PS,MOB,9704.0
2027-01-07,PS,INS,42646.0
2027-01-07,PS,OTR,2924.0
2027-01-08,PS,ENE,46151.0
2027-01-08,PS,MOB,9771.0
2027-01-08,PS,INS,43271.0
2027-01-08,PS,OTR,2889.0
2027-01-09,PS,ENE,40826.0
2027-01-09,PS,MOB,9832.0
2027-01-09,PS,INS,37584.0
2027-01-09,PS,OTR,3362.0
2027-01-10,PS,ENE,43584.0
2027-01-10,PS,MOB,9825.0
2027-01-10,PS,INS,44847.0
2027-01-10,PS,OTR,1897.0
2027-01-11,PS,ENE,43065.0
2027-01-11,PS,MOB,9886.0
2027-01-11,PS,INS,49992.0
2027-01-11,PS,OTR,2142.0
2027-01-12,PS,ENE,42634.0
2027-01-12,PS,MOB,9871.0
2027-01-12,PS,INS,34629.0
2027-01-12,PS,OTR,2915.0
2027-01-13,PS,ENE,45103.0
2027-01-13,PS,MOB,9821.0
2027-01-13,PS,INS,39104.0
2027-01-13,PS,OTR,3217.0
2027-01-14,PS,ENE,42632.0
2027-01-14,PS,MOB,9945.0
2027-01-14,PS,INS,46822.0
2027-01-14,PS,OTR,3012.0
2027-01-15,PS,ENE,38298.0
2027-01-15,PS,MOB,9955.0
2027-01-15,PS,INS,43592.0
2027-01-15,PS,OTR,1666.0
2027-01-16,PS,ENE,47536.0
2027-01-16,PS,MOB,9925.0
2027-01-16,PS,INS,46436.0
2027-01-16,PS,OTR,3413.0
2027-01-17,PS,ENE,48084.0
2027-01-17,PS,MOB,9626.0
2027-01-17,PS,INS,50773.0
2027-01-17,PS,OTR,2170.0
2027-01-18,PS,ENE,45446.0
2027-01-18,PS,MOB,9820.0
2027-01-18,PS,INS,36191.0
2027-01-18,PS,OTR,3414.0
2027-01-19,PS,ENE,48461.0
2027-01-19,PS,MOB,9814.0
2027-01-19,PS,INS,41370.0
2027-01-19,PS,OTR,3005.0
2027-01-20,PS,ENE,47339.0
2027-01-20,PS,MOB,9886.0
2027-01-20,PS,INS,41240.0
2027-01-20,PS,OTR,3391.0
2027-01-21,PS,ENE,49417.0
2027-01-21,PS,MOB,9937.0
2027-01-21,PS,INS,43877.0
2027-01-21,PS,OTR,3134.0
2027-01-22,PS,ENE,36566.0
2027-01-22,PS,MOB,9751.0
2027-01-22,PS,INS,41792.0
2027-01-22,PS,OTR,2181.0
2027-01-23,PS,ENE,40559.0
2027-01-23,PS,MOB,10059.0
2027-01-23,PS,INS,44288.0
2027-01-23,PS,OTR,3091.0
2027-01-24,PS,ENE,42603.0
2027-01-24,PS,MOB,9800.0
2027-01-24,PS,INS,49491.0
2027-01-24,PS,OTR,3127.0
2027-01-25,PS,ENE,34997.0
2027-01-25,PS,MOB,9821.0
2027-01-25,PS,INS,45469.0
2027-01-25,PS,OTR,1527.0
2027-01-26,PS,ENE,45119.0
2027-01-26,PS,MOB,9774.0
2027-01-26,PS,INS,26391.0
2027-01-26,PS,OTR,1548.0
2027-01-27,PS,ENE,46129.0
2027-01-27,PS,MOB,9853.0
2027-01-27,PS,INS,44441.0
2027-01-27,PS,OTR,2328.0
2027-01-28,PS,ENE,50790.0
2027-01-28,PS,MOB,9784.0
2027-01-28,PS,INS,37232.0
2027-01-28,PS,OTR,2723.0
2027-01-29,PS,ENE,43909.0
2027-01-29,PS,MOB,9945.0
2027-01-29,PS,INS,40118.0
2027-01-29,PS,OTR,3163.0
2027-01-30,PS,ENE,42108.0
2027-01-30,PS,MOB,9629.0
2027-01-30,PS,INS,43481.0
2027-01-30,PS,OTR,1708.0
2027-01-31,PS,ENE,42279.0
2027-01-31,PS,MOB,9690.0
2027-01-31,PS,INS,45980.0
2027-01-31,PS,OTR,3203.0
2027-02-01,PS,ENE,42665.0
2027-02-01,PS,MOB,9641.0
2027-02-01,PS,INS,40991.0
2027-02-01,PS,OTR,2919.0
2027-02-02,PS,ENE,48307.0
2027-02-02,PS,MOB,9915.0
2027-02-02,PS,INS,42912.0
2027-02-02,PS,OTR,2225.0
2027-02-03,PS,ENE,41976.0
2027-02-03,PS,MOB,9934.0
2027-02-03,PS,INS,42756.0
2027-02-03,PS,OTR,2013.0
2027-02-04,PS,ENE,44410.0
2027-02-04,PS,MOB,10017.0
2027-02-04,PS,INS,33710.0
2027-02-04,PS,OTR,2943.0
2027-02-05,PS,ENE,46242.0
2027-02-05,PS,MOB,9853.0
2027-02-05,PS,INS,43533.0
2027-02-05,PS,OTR,2934.0
2027-02-06,PS,ENE,41410.0
2027-02-06,PS,MOB,9786.0
2027-02-06,PS,INS,37530.0
2027-02-06,PS,OTR,1712.0
2027-02-07,PS,ENE,44075.0
2027-02-07,PS,MOB,9724.0
2027-02-07,PS,INS,32862.0
2027-02-07,PS,OTR,3214.0
2027-02-08,PS,ENE,48196.0
2027-02-08,PS,MOB,9865.0
2027-02-08,PS,INS,41333.0
2027-02-08,PS,OTR,3156.0
2027-02-09,PS,ENE,43120.0
2027-02-09,PS,MOB,10133.0
2027-02-09,PS,INS,46933.0
2027-02-09,PS,OTR,3302.0
2027-02-10,PS,ENE,47033.0
2027-02-10,PS,MOB,9910.0
2027-02-10,PS,INS,46900.0
2027-02-10,PS,OTR,1995.0
2027-02-11,PS,ENE,41584.0
2027-02-11,PS,MOB,9766.0
2027-02-11,PS,INS,36374.0
2027-02-11,PS,OTR,2103.0
2027-02-12,PS,ENE,47373.0
2027-02-12,PS,MOB,10074.0
2027-02-12,PS,INS,37860.0
2027-02-12,PS,OTR,2361.0
2027-02-13,PS,ENE,46126.0
2027-02-13,PS,MOB,9856.0
2027-02-13,PS,INS,35230.0
2027-02-13,PS,OTR,3033.0
2027-02-14,PS,ENE,50361.0
2027-02-14,PS,MOB,9746.0
2027-02-14,PS,INS,34090.0
2027-02-14,PS,OTR,2149.0
2027-02-15,PS,ENE,48137.0
2027-02-15,PS,MOB,9520.0
2027-02-15,PS,INS,39664.0
2027-02-15,PS,OTR,3055.0
2027-02-16,PS,ENE,48506.0
2027-02-16,PS,MOB,9742.0
2027-02-16,PS,INS,35991.0
2027-02-16,PS,OTR,1558.0
2027-02-17,PS,ENE,46931.0
2027-02-17,PS,MOB,9860.0
2027-02-17,PS,INS,34980.0
2027-02-17,PS,OTR,3313.0
2027-02-18,PS,ENE,47844.0
2027-02-18,PS,MOB,10080.0
2027-02-18,PS,INS,40315.0
2027-02-18,PS,OTR,2081.0
2027-02-19,PS,ENE,47815.0
2027-02-19,PS,MOB,9942.0
2027-02-19,PS,INS,40195.0
2027-02-19,PS,OTR,1614.0
2027-02-20,PS,ENE,41756.0
2027-02-20,PS,MOB,10018.0
2027-02-20,PS,INS,35930.0
2027-02-20,PS,OTR,2947.0
2027-02-21,PS,ENE,48590.0
2027-02-21,PS,MOB,9997.0
2027-02-21,PS,INS,45771.0
2027-02-21,PS,OTR,1847.0
2027-02-22,PS,ENE,48253.0
2027-02-22,PS,MOB,9737.0
2027-02-22,PS,INS,35498.0
2027-02-22,PS,OTR,3021.0
2027-02-23,PS,ENE,43551.0
2027-02-23,PS,MOB,9871.0
2027-02-23,PS,INS,34954.0
2027-02-23,PS,OTR,1913.0
2027-02-24,PS,ENE,41680.0
2027-02-24,PS,MOB,9888.0
2027-02-24,PS,INS,47668.0
2027-02-24,PS,OTR,2904.0
2027-02-25,PS,ENE,47168.0
2027-02-25,PS,MOB,9624.0
2027-02-25,PS,INS,37082.0
2027-02-25,PS,OTR,3025.0
2027-02-26,PS,ENE,43260.0
2027-02-26,PS,MOB,10151.0
2027-02-26,PS,INS,40901.0
2027-02-26,PS,OTR,2074.0
2027-02-27,PS,ENE,45109.0
2027-02-27,PS,MOB,10124.0
2027-02-27,PS,INS,24756.0
2027-02-27,PS,OTR,2172.0
2027-02-28,PS,ENE,36686.0
2027-02-28,PS,MOB,9955.0
2027-02-28,PS,INS,38905.0
2027-02-28,PS,OTR,1687.0
2027-03-01,PS,ENE,43278.0
2027-03-01,PS,MOB,9933.0
2027-03-01,PS,INS,47601.0
2027-03-01,PS,OTR,1977.0
2027-03-02,PS,ENE,40895.0
2027-03-02,PS,MOB,9981.0
2027-03-02,PS,INS,45188.0
2027-03-02,PS,OTR,3114.0
2027-03-03,PS,ENE,42956.0
2027-03-03,PS,MOB,9838.0
2027-03-03,PS,INS,40241.0
2027-03-03,PS,OTR,2500.0
2027-03-04,PS,ENE,40194.0
2027-03-04,PS,MOB,9957.0
2027-03-04,PS,INS,46568.0
2027-03-04,PS,OTR,3201.0
2027-03-05,PS,ENE,44730.0
2027-03-05,PS,MOB,9914.0
2027-03-05,PS,INS,37101.0
2027-03-05,PS,OTR,3228.0
2027-03-06,PS,ENE,41522.0
2027-03-06,PS,MOB,10096.0
2027-03-06,PS,INS,46337.0
2027-03-06,PS,OTR,3476.0
2027-03-07,PS,ENE,45438.0
2027-03-07,PS,MOB,9891.0
2027-03-07,PS,INS,49096.0
2027-03-07,PS,OTR,3090.0
2027-03-08,PS,ENE,48506.0
2027-03-08,PS,MOB,10253.0
2027-03-08,PS,INS,50804.0
2027-03-08,PS,OTR,2983.0
2027-03-09,PS,ENE,42963.0
2027-03-09,PS,MOB,9810.0
2027-03-09,PS,INS,16207.0
2027-03-09,PS,OTR,1716.0
2027-03-10,PS,ENE,41265.0
2027-03-10,PS,MOB,9825.0
2027-03-10,PS,INS,33951.0
2027-03-10,PS,OTR,2961.0
2027-03-11,PS,ENE,42609.0
2027-03-11,PS,MOB,9745.0
2027-03-11,PS,INS,38280.0
2027-03-11,PS,OTR,3442.0
2027-03-12,PS,ENE,42015.0
2027-03-12,PS,MOB,9867.0
2027-03-12,PS,INS,53240.0
2027-03-12,PS,OTR,2134.0
2027-03-13,PS,ENE,45397.0
2027-03-13,PS,MOB,9933.0
2027-03-13,PS,INS,43387.0
2027-03-13,PS,OTR,2234.0
2027-03-14,PS,ENE,37907.0
2027-03-14,PS,MOB,9714.0
2027-03-14,PS,INS,48156.0
2027-03-14,PS,OTR,2652.0
2027-03-15,PS,ENE,49313.0
2027-03-15,PS,MOB,9994.0
2027-03-15,PS,INS,48741.0
2027-03-15,PS,OTR,2122.0
2027-03-16,PS,ENE,44793.0
2027-03-16,PS,MOB,9657.0
2027-03-16,PS,INS,28461.0
2027-03-16,PS,OTR,1532.0
2027-03-17,PS,ENE,41782.0
2027-03-17,PS,MOB,9839.0
2027-03-17,PS,INS,37653.0
2027-03-17,PS,OTR,2210.0
2027-03-18,PS,ENE,46540.0
2027-03-18,PS,MOB,9607.0
2027-03-18,PS,INS,54026.0
2027-03-18,PS,OTR,2889.0
2027-03-19,PS,ENE,47013.0
2027-03-19,PS,MOB,9885.0
2027-03-19,PS,INS,42123.0
2027-03-19,PS,OTR,2376.0
2027-03-20,PS,ENE,41155.0
2027-03-20,PS,MOB,9818.0
2027-03-20,PS,INS,50020.0
2027-03-20,PS,OTR,1538.0
2027-03-21,PS,ENE,42855.0
2027-03-21,PS,MOB,9915.0
2027-03-21,PS,INS,50417.0
2027-03-21,PS,OTR,2936.0
2027-03-22,PS,ENE,45261.0
2027-03-22,PS,MOB,9692.0
2027-03-22,PS,INS,38842.0
2027-03-22,PS,OTR,3494.0
2027-03-23,PS,ENE,42417.0
2027-03-23,PS,MOB,9696.0
2027-03-23,PS,INS,51224.0
2027-03-23,PS,OTR,2529.0
2027-03-24,PS,ENE,49522.0
2027-03-24,PS,MOB,9750.0
2027-03-24,PS,INS,39452.0
2027-03-24,PS,OTR,2302.0
2027-03-25,PS,ENE,33142.0
2027-03-25,PS,MOB,9797.0
2027-03-25,PS,INS,38573.0
2027-03-25,PS,OTR,1646.0
2027-03-26,PS,ENE,43763.0
2027-03-26,PS,MOB,9591.0
2027-03-26,PS,INS,32462.0
2027-03-26,PS,OTR,2249.0
2027-03-27,PS,ENE,46742.0
2027-03-27,PS,MOB,9865.0
2027-03-27,PS,INS,38980.0
2027-03-27,PS,OTR,3387.0
2027-03-28,PS,ENE,44571.0
2027-03-28,PS,MOB,9554.0
2027-03-28,PS,INS,42662.0
2027-03-28,PS,OTR,1795.0
2027-03-29,PS,ENE,47150.0
2027-03-29,PS,MOB,9721.0
2027-03-29,PS,INS,40348.0
2027-03-29,PS,OTR,1553.0
2027-03-30,PS,ENE,43973.0
2027-03-30,PS,MOB,9716.0
2027-03-30,PS,INS,36040.0
2027-03-30,PS,OTR,2113.0
2027-03-31,PS,ENE,40235.0
2027-03-31,PS,MOB,9568.0
2027-03-31,PS,INS,40136.0
2027-03-31,PS,OTR,2660.0
2027-04-01,PS,ENE,43432.0
2027-04-01,PS,MOB,9805.0
2027-04-01,PS,INS,42278.0
2027-04-01,PS,OTR,3190.0
2027-04-02,PS,ENE,47427.0
2027-04-02,PS,MOB,9950.0
2027-04-02,PS,INS,42368.0
2027-04-02,PS,OTR,2519.0
2027-04-03,PS,ENE,52783.0
2027-04-03,PS,MOB,10090.0
2027-04-03,PS,INS,45086.0
2027-04-03,PS,OTR,2727.0
2027-04-04,PS,ENE,43500.0
2027-04-04,PS,MOB,9888.0
2027-04-04,PS,INS,48884.0
2027-04-04,PS,OTR,2266.0
2027-04-05,PS,ENE,47894.0
2027-04-05,PS,MOB,9751.0
2027-04-05,PS,INS,37478.0
2027-04-05,PS,OTR,2732.0
2027-04-06,PS,ENE,49789.0
2027-04-06,PS,MOB,10063.0
2027-04-06,PS,INS,40518.0
2027-04-06,PS,OTR,2509.0
2027-04-07,PS,ENE,43577.0
2027-04-07,PS,MOB,9749.0
2027-04-07,PS,INS,41486.0
2027-04-07,PS,OTR,2800.0
2027-04-08,PS,ENE,40690.0
2027-04-08,PS,MOB,9675.0
2027-04-08,PS,INS,26527.0
2027-04-08,PS,OTR,3286.0
2027-04-09,PS,ENE,43330.0
2027-04-09,PS,MOB,9768.0
2027-04-09,PS,INS,49796.0
2027-04-09,PS,OTR,2743.0
2027-04-10,PS,ENE,46025.0
2027-04-10,PS,MOB,9828.0
2027-04-10,PS,INS,50667.0
2027-04-10,PS,OTR,2271.0
2027-04-11,PS,ENE,39926.0
2027-04-11,PS,MOB,9545.0
2027-04-11,PS,INS,39672.0
2027-04-11,PS,OTR,2264.0
2027-04-12,PS,ENE,45009.0
2027-04-12,PS,MOB,9577.0
2027-04-12,PS,INS,35754.0
2027-04-12,PS,OTR,2956.0
2027-04-13,PS,ENE,44830.0
2027-04-13,PS,MOB,9962.0
2027-04-13,PS,INS,37471.0
2027-04-13,PS,OTR,1552.0
2027-04-14,PS,ENE,40901.0
2027-04-14,PS,MOB,9895.0
2027-04-14,PS,INS,41320.0
2027-04-14,PS,OTR,3477.0
2027-04-15,PS,ENE,45387.0
2027-04-15,PS,MOB,9851.0
2027-04-15,PS,INS,49625.0
2027-04-15,PS,OTR,2696.0
2027-04-16,PS,ENE,43039.0
2027-04-16,PS,MOB,9809.0
2027-04-16,PS,INS,42343.0
2027-04-16,PS,OTR,2115.0
2027-04-17,PS,ENE,45086.0
2027-04-17,PS,MOB,9683.0
2027-04-17,PS,INS,45048.0
2027-04-17,PS,OTR,1657.0
2027-04-18,PS,ENE,47492.0
2027-04-18,PS,MOB,9923.0
2027-04-18,PS,INS,41754.0
2027-04-18,PS,OTR,3395.0
2027-04-19,PS,ENE,47973.0
2027-04-19,PS,MOB,9928.0
2027-04-19,PS,INS,49150.0
2027-04-19,PS,OTR,2085.0
2027-04-20,PS,ENE,43250.0
2027-04-20,PS,MOB,9854.0
2027-04-20,PS,INS,45796.0
2027-04-20,PS,OTR,2206.0
2027-04-21,PS,ENE,43028.0
2027-04-21,PS,MOB,9531.0
2027-04-21,PS,INS,49229.0
2027-04-21,PS,OTR,2766.0
2027-04-22,PS,ENE,44794.0
2027-04-22,PS,MOB,9788.0
2027-04-22,PS,INS,40044.0
2027-04-22,PS,OTR,2456.0
2027-04-23,PS,ENE,43481.0
2027-04-23,PS,MOB,9696.0
2027-04-23,PS,INS,37961.0
2027-04-23,PS,OTR,2021.0
2027-04-24,PS,ENE,43579.0
2027-04-24,PS,MOB,9777.0
2027-04-24,PS,INS,50770.0
2027-04-24,PS,OTR,2799.0
2027-04-25,PS,ENE,43707.0
2027-04-25,PS,MOB,9948.0
2027-04-25,PS,INS,55028.0
2027-04-25,PS,OTR,2600.0
2027-04-26,PS,ENE,43123.0
2027-04-26,PS,MOB,9852.0
2027-04-26,PS,INS,34981.0
2027-04-26,PS,OTR,3002.0
2027-04-27,PS,ENE,44959.0
2027-04-27,PS,MOB,10019.0
2027-04-27,PS,INS,52432.0
2027-04-27,PS,OTR,1518.0
2027-04-28,PS,ENE,49439.0
2027-04-28,PS,MOB,9758.0
2027-04-28,PS,INS,46729.0
2027-04-28,PS,OTR,3481.0
2027-04-29,PS,ENE,47214.0
2027-04-29,PS,MOB,9825.0
2027-04-29,PS,INS,52403.0
2027-04-29,PS,OTR,1895.0
2027-04-30,PS,ENE,49098.0
2027-04-30,PS,MOB,9918.0
2027-04-30,PS,INS,52168.0
2027-04-30,PS,OTR,3430.0
2027-05-01,PS,ENE,45443.0
2027-05-01,PS,MOB,9508.0
2027-05-01,PS,INS,39329.0
2027-05-01,PS,OTR,1941.0
2027-05-02,PS,ENE,47095.0
2027-05-02,PS,MOB,9857.0
2027-05-02,PS,INS,44638.0
2027-05-02,PS,OTR,3299.0
2027-05-03,PS,ENE,46462.0
2027-05-03,PS,MOB,9865.0
2027-05-03,PS,INS,42223.0
2027-05-03,PS,OTR,3162.0
2027-05-04,PS,ENE,42444.0
2027-05-04,PS,MOB,9818.0
2027-05-04,PS,INS,38058.0
2027-05-04,PS,OTR,1906.0
2027-05-05,PS,ENE,42493.0
2027-05-05,PS,MOB,9904.0
2027-05-05,PS,INS,49311.0
2027-05-05,PS,OTR,2509.0
2027-05-06,PS,ENE,48400.0
2027-05-06,PS,MOB,10035.0
2027-05-06,PS,INS,42806.0
2027-05-06,PS,OTR,2660.0
2027-05-07,PS,ENE,46302.0
2027-05-07,PS,MOB,9688.0
2027-05-07,PS,INS,42108.0
2027-05-07,PS,OTR,3153.0
2027-05-08,PS,ENE,43272.0
2027-05-08,PS,MOB,10186.0
2027-05-08,PS,INS,44396.0
2027-05-08,PS,OTR,2230.0
2027-05-09,PS,ENE,37212.0
2027-05-09,PS,MOB,9974.0
2027-05-09,PS,INS,48842.0
2027-05-09,PS,OTR,1613.0
2027-05-10,PS,ENE,47084.0
2027-05-10,PS,MOB,9823.0
2027-05-10,PS,INS,39173.0
2027-05-10,PS,OTR,1932.0
2027-05-11,PS,ENE,47065.0
2027-05-11,PS,MOB,9793.0
2027-05-11,PS,INS,34911.0
2027-05-11,PS,OTR,2109.0
2027-05-12,PS,ENE,41858.0
2027-05-12,PS,MOB,9725.0
2027-05-12,PS,INS,50991.0
2027-05-12,PS,OTR,1889.0
2027-05-13,PS,ENE,41747.0
2027-05-13,PS,MOB,9804.0
2027-05-13,PS,INS,48562.0
2027-05-13,PS,OTR,2501.0
2027-05-14,PS,ENE,42676.0
2027-05-14,PS,MOB,9762.0
2027-05-14,PS,INS,39814.0
2027-05-14,PS,OTR,1608.0
2027-05-15,PS,ENE,50141.0
2027-05-15,PS,MOB,9962.0
2027-05-15,PS,INS,44112.0
2027-05-15,PS,OTR,1827.0
2027-05-16,PS,ENE,47502.0
2027-05-16,PS,MOB,9670.0
2027-05-16,PS,INS,49580.0
2027-05-16,PS,OTR,2202.0
2027-05-17,PS,ENE,41284.0
2027-05-17,PS,MOB,9903.0
2027-05-17,PS,INS,48104.0
2027-05-17,PS,OTR,3170.0
2027-05-18,PS,ENE,47535.0
2027-05-18,PS,MOB,9725.0
2027-05-18,PS,INS,39501.0
2027-05-18,PS,OTR,3226.0
2027-05-19,PS,ENE,40693.0
2027-05-19,PS,MOB,9957.0
2027-05-19,PS,INS,36744.0
2027-05-19,PS,OTR,3112.0
2027-05-20,PS,ENE,49684.0
2027-05-20,PS,MOB,9690.0
2027-05-20,PS,INS,47549.0
2027-05-20,PS,OTR,1827.0
2027-05-21,PS,ENE,43820.0
2027-05-21,PS,MOB,9936.0
2027-05-21,PS,INS,47378.0
2027-05-21,PS,OTR,2051.0
2027-05-22,PS,ENE,41034.0
2027-05-22,PS,MOB,9763.0
2027-05-22,PS,INS,41271.0
2027-05-22,PS,OTR,2842.0
2027-05-23,PS,ENE,51738.0
2027-05-23,PS,MOB,9592.0
2027-05-23,PS,INS,46332.0
2027-05-23,PS,OTR,1783.0
2027-05-24,PS,ENE,39799.0
2027-05-24,PS,MOB,9846.0
2027-05-24,PS,INS,40276.0
2027-05-24,PS,OTR,2732.0
2027-05-25,PS,ENE,48554.0
2027-05-25,PS,MOB,9786.0
2027-05-25,PS,INS,35050.0
2027-05-25,PS,OTR,2486.0
2027-05-26,PS,ENE,47864.0
2027-05-26,PS,MOB,9720.0
2027-05-26,PS,INS,38176.0
2027-05-26,PS,OTR,2188.0
2027-05-27,PS,ENE,41954.0
2027-05-27,PS,MOB,9848.0
2027-05-27,PS,INS,44294.0
2027-05-27,PS,OTR,2476.0
2027-05-28,PS,ENE,44204.0
2027-05-28,PS,MOB,9822.0
2027-05-28,PS,INS,37085.0
2027-05-28,PS,OTR,2131.0
2027-05-29,PS,ENE,47107.0
2027-05-29,PS,MOB,9827.0
2027-05-29,PS,INS,38967.0
2027-05-29,PS,OTR,2693.0
2027-05-30,PS,ENE,48648.0
2027-05-30,PS,MOB,9647.0
2027-05-30,PS,INS,42501.0
2027-05-30,PS,OTR,1721.0
2027-05-31,PS,ENE,44914.0
2027-05-31,PS,MOB,9866.0
2027-05-31,PS,INS,40198.0
2027-05-31,PS,OTR,1928.0
2027-06-01,PS,ENE,49424.0
2027-06-01,PS,MOB,9681.0
2027-06-01,PS,INS,54145.0
2027-06-01,PS,OTR,2307.0
2027-06-02,PS,ENE,46648.0
2027-06-02,PS,MOB,9969.0
2027-06-02,PS,INS,48056.0
2027-06-02,PS,OTR,1658.0
2027-06-03,PS,ENE,47290.0
2027-06-03,PS,MOB,9621.0
2027-06-03,PS,INS,36893.0
2027-06-03,PS,OTR,1847.0
2027-06-04,PS,ENE,51180.0
2027-06-04,PS,MOB,9691.0
2027-06-04,PS,INS,45014.0
2027-06-04,PS,OTR,2745.0
2027-06-05,PS,ENE,47344.0
2027-06-05,PS,MOB,9809.0
2027-06-05,PS,INS,41825.0
2027-06-05,PS,OTR,2844.0
2027-06-06,PS,ENE,42658.0
2027-06-06,PS,MOB,9638.0
2027-06-06,PS,INS,26610.0
2027-06-06,PS,OTR,2876.0
2027-06-07,PS,ENE,50491.0
2027-06-07,PS,MOB,9991.0
2027-06-07,PS,INS,49673.0
2027-06-07,PS,OTR,2667.0
2027-06-08,PS,ENE,46900.0
2027-06-08,PS,MOB,9803.0
2027-06-08,PS,INS,44965.0
2027-06-08,PS,OTR,2386.0
2027-06-09,PS,ENE,42567.0
2027-06-09,PS,MOB,9709.0
2027-06-09,PS,INS,52571.0
2027-06-09,PS,OTR,2364.0
2027-06-10,PS,ENE,43388.0
2027-06-10,PS,MOB,9945.0
2027-06-10,PS,INS,43985.0
2027-06-10,PS,OTR,3266.0
2027-06-11,PS,ENE,39537.0
2027-06-11,PS,MOB,9832.0
2027-06-11,PS,INS,39929.0
2027-06-11,PS,OTR,1919.0
2027-06-12,PS,ENE,45969.0
2027-06-12,PS,MOB,9741.0
2027-06-12,PS,INS,46092.0
2027-06-12,PS,OTR,2031.0
2027-06-13,PS,ENE,46948.0
2027-06-13,PS,MOB,10008.0
2027-06-13,PS,INS,51437.0
2027-06-13,PS,OTR,2372.0
2027-06-14,PS,ENE,46535.0
2027-06-14,PS,MOB,9630.0
2027-06-14,PS,INS,44584.0
2027-06-14,PS,OTR,2719.0
2027-06-15,PS,ENE,49980.0
2027-06-15,PS,MOB,9530.0
2027-06-15,PS,INS,38570.0
2027-06-15,PS,OTR,3363.0
2027-06-16,PS,ENE,42812.0
2027-06-16,PS,MOB,9860.0
2027-06-16,PS,INS,50329.0
2027-06-16,PS,OTR,2936.0
2027-06-17,PS,ENE,49719.0
2027-06-17,PS,MOB,9696.0
2027-06-17,PS,INS,39143.0
2027-06-17,PS,OTR,2980.0
2027-06-18,PS,ENE,44000.0
2027-06-18,PS,MOB,9865.0
2027-06-18,PS,INS,41795.0
2027-06-18,PS,OTR,3153.0
2027-06-19,PS,ENE,48949.0
2027-06-19,PS,MOB,9861.0
2027-06-19,PS,INS,42371.0
2027-06-19,PS,OTR,1727.0
2027-06-20,PS,ENE,38816.0
2027-06-20,PS,MOB,9654.0
2027-06-20,PS,INS,38504.0
2027-06-20,PS,OTR,3137.0
2027-06-21,PS,ENE,46490.0
2027-06-21,PS,MOB,9503.0
2027-06-21,PS,INS,49725.0
2027-06-21,PS,OTR,2175.0
2027-06-22,PS,ENE,42445.0
2027-06-22,PS,MOB,9855.0
2027-06-22,PS,INS,36979.0
2027-06-22,PS,OTR,2379.0
2027-06-23,PS,ENE,52448.0
2027-06-23,PS,MOB,9982.0
2027-06-23,PS,INS,48134.0
2027-06-23,PS,OTR,2908.0
2027-06-24,PS,ENE,41696.0
2027-06-24,PS,MOB,10077.0
2027-06-24,PS,INS,45415.0
2027-06-24,PS,OTR,2974.0
2027-06-25,PS,ENE,49378.0
2027-06-25,PS,MOB,9839.0
2027-06-25,PS,INS,46837.0
2027-06-25,PS,OTR,1718.0
2027-06-26,PS,ENE,43068.0
2027-06-26,PS,MOB,9822.0
2027-06-26,PS,INS,49873.0
2027-06-26,PS,OTR,2892.0
2027-06-27,PS,ENE,44634.0
2027-06-27,PS,MOB,9890.0
2027-06-27,PS,INS,52358.0
2027-06-27,PS,OTR,3219.0
2027-06-28,PS,ENE,42619.0
2027-06-28,PS,MOB,9863.0
2027-06-28,PS,INS,42283.0
2027-06-28,PS,OTR,3107.0
2027-06-29,PS,ENE,40522.0
2027-06-29,PS,MOB,9995.0
2027-06-29,PS,INS,48152.0
2027-06-29,PS,OTR,1647.0
2027-06-30,PS,ENE,40767.0
2027-06-30,PS,MOB,9749.0
2027-06-30,PS,INS,47035.0
2027-06-30,PS,OTR,2851.0
2027-07-01,PS,ENE,42203.0
2027-07-01,PS,MOB,9840.0
2027-07-01,PS,INS,46940.0
2027-07-01,PS,OTR,2579.0
2027-07-02,PS,ENE,45664.0
2027-07-02,PS,MOB,9498.0
2027-07-02,PS,INS,37936.0
2027-07-02,PS,OTR,1827.0
2027-07-03,PS,ENE,36638.0
2027-07-03,PS,MOB,9544.0
2027-07-03,PS,INS,53767.0
2027-07-03,PS,OTR,2789.0
2027-07-04,PS,ENE,46365.0
2027-07-04,PS,MOB,9618.0
2027-07-04,PS,INS,42622.0
2027-07-04,PS,OTR,2709.0
2027-07-05,PS,ENE,46022.0
2027-07-05,PS,MOB,9462.0
2027-07-05,PS,INS,39201.0
2027-07-05,PS,OTR,2504.0
2027-07-06,PS,ENE,50818.0
2027-07-06,PS,MOB,9633.0
2027-07-06,PS,INS,39360.0
2027-07-06,PS,OTR,2078.0
2027-07-07,PS,ENE,49864.0
2027-07-07,PS,MOB,9649.0
2027-07-07,PS,INS,49581.0
2027-07-07,PS,OTR,2751.0
2027-07-08,PS,ENE,45386.0
2027-07-08,PS,MOB,9883.0
2027-07-08,PS,INS,43818.0
2027-07-08,PS,OTR,3463.0
2027-07-09,PS,ENE,48140.0
2027-07-09,PS,MOB,9683.0
2027-07-09,PS,INS,41287.0
2027-07-09,PS,OTR,2451.0
2027-07-10,PS,ENE,48502.0
2027-07-10,PS,MOB,10016.0
2027-07-10,PS,INS,45763.0
2027-07-10,PS,OTR,1641.0
2027-07-11,PS,ENE,46037.0
2027-07-11,PS,MOB,9772.0
2027-07-11,PS,INS,45353.0
2027-07-11,PS,OTR,3182.0
2027-07-12,PS,ENE,41666.0
2027-07-12,PS,MOB,9694.0
2027-07-12,PS,INS,39770.0
2027-07-12,PS,OTR,2586.0
2027-07-13,PS,ENE,41426.0
2027-07-13,PS,MOB,9610.0
2027-07-13,PS,INS,29712.0
2027-07-13,PS,OTR,3188.0
2027-07-14,PS,ENE,46601.0
2027-07-14,PS,MOB,9659.0
2027-07-14,PS,INS,37684.0
2027-07-14,PS,OTR,1510.0
2027-07-15,PS,ENE,44273.0
2027-07-15,PS,MOB,9573.0
2027-07-15,PS,INS,36506.0
2027-07-15,PS,OTR,3187.0
2027-07-16,PS,ENE,48384.0
2027-07-16,PS,MOB,9714.0
2027-07-16,PS,INS,37338.0
2027-07-16,PS,OTR,2045.0
2027-07-17,PS,ENE,45084.0
2027-07-17,PS,MOB,10052.0
2027-07-17,PS,INS,50064.0
2027-07-17,PS,OTR,1578.0
2027-07-18,PS,ENE,44734.0
2027-07-18,PS,MOB,9820.0
2027-07-18,PS,INS,47536.0
2027-07-18,PS,OTR,2098.0
2027-07-19,PS,ENE,42237.0
2027-07-19,PS,MOB,9815.0
2027-07-19,PS,INS,40315.0
2027-07-19,PS,OTR,1970.0
2027-07-20,PS,ENE,48490.0
2027-07-20,PS,MOB,9880.0
2027-07-20,PS,INS,47121.0
2027-07-20,PS,OTR,3476.0
2027-07-21,PS,ENE,44110.0
2027-07-21,PS,MOB,9729.0
2027-07-21,PS,INS,46382.0
2027-07-21,PS,OTR,1661.0
2027-07-22,PS,ENE,38496.0
2027-07-22,PS,MOB,9748.0
2027-07-22,PS,INS,48987.0
2027-07-22,PS,OTR,2865.0
2027-07-23,PS,ENE,43438.0
2027-07-23,PS,MOB,10073.0
2027-07-23,PS,INS,50616.0
2027-07-23,PS,OTR,3157.0
2027-07-24,PS,ENE,45874.0
2027-07-24,PS,MOB,9583.0
2027-07-24,PS,INS,42680.0
2027-07-24,PS,OTR,1930.0
2027-07-25,PS,ENE,43060.0
2027-07-25,PS,MOB,9938.0
2027-07-25,PS,INS,45213.0
2027-07-25,PS,OTR,3490.0
2027-07-26,PS,ENE,48522.0
2027-07-26,PS,MOB,9642.0
2027-07-26,PS,INS,48430.0
2027-07-26,PS,OTR,3368.0
2027-07-27,PS,ENE,36394.0
2027-07-27,PS,MOB,10001.0
2027-07-27,PS,INS,51972.0
2027-07-27,PS,OTR,1598.0
2027-07-28,PS,ENE,40186.0
2027-07-28,PS,MOB,10088.0
2027-07-28,PS,INS,47271.0
2027-07-28,PS,OTR,1664.0
2027-07-29,PS,ENE,40222.0
2027-07-29,PS,MOB,9990.0
2027-07-29,PS,INS,41391.0
2027-07-29,PS,OTR,2932.0
2027-07-30,PS,ENE,42771.0
2027-07-30,PS,MOB,10035.0
2027-07-30,PS,INS,35045.0
2027-07-30,PS,OTR,1602.0
2027-07-31,PS,ENE,44921.0
2027-07-31,PS,MOB,9782.0
2027-07-31,PS,INS,36803.0
2027-07-31,PS,OTR,1766.0
2027-08-01,PS,ENE,43625.0
2027-08-01,PS,MOB,9884.0
2027-08-01,PS,INS,47404.0
2027-08-01,PS,OTR,1898.0
2027-08-02,PS,ENE,45752.0
2027-08-02,PS,MOB,9882.0
2027-08-02,PS,INS,49439.0
2027-08-02,PS,OTR,1763.0
2027-08-03,PS,ENE,41454.0
2027-08-03,PS,MOB,9971.0
2027-08-03,PS,INS,39619.0
2027-08-03,PS,OTR,3073.0
2027-08-04,PS,ENE,42054.0
2027-08-04,PS,MOB,9649.0
2027-08-04,PS,INS,36246.0
2027-08-04,PS,OTR,2155.0
2027-08-05,PS,ENE,42969.0
2027-08-05,PS,MOB,9865.0
2027-08-05,PS,INS,38189.0
2027-08-05,PS,OTR,2634.0
2027-08-06,PS,ENE,43685.0
2027-08-06,PS,MOB,9762.0
2027-08-06,PS,INS,38848.0
2027-08-06,PS,OTR,1562.0
2027-08-07,PS,ENE,41431.0
2027-08-07,PS,MOB,9566.0
2027-08-07,PS,INS,36730.0
2027-08-07,PS,OTR,1797.0
2027-08-08,PS,ENE,44228.0
2027-08-08,PS,MOB,9705.0
2027-08-08,PS,INS,42462.0
2027-08-08,PS,OTR,2026.0
2027-08-09,PS,ENE,47413.0
2027-08-09,PS,MOB,9993.0
2027-08-09,PS,INS,38112.0
2027-08-09,PS,OTR,2832.0
2027-08-10,PS,ENE,40901.0
2027-08-10,PS,MOB,9731.0
2027-08-10,PS,INS,39015.0
2027-08-10,PS,OTR,3253.0
2027-08-11,PS,ENE,40873.0
2027-08-11,PS,MOB,9908.0
2027-08-11,PS,INS,45316.0
2027-08-11,PS,OTR,3051.0
2027-08-12,PS,ENE,47293.0
2027-08-12,PS,MOB,9772.0
2027-08-12,PS,INS,47275.0
2027-08-12,PS,OTR,2507.0
2027-08-13,PS,ENE,46647.0
2027-08-13,PS,MOB,9621.0
2027-08-13,PS,INS,43927.0
2027-08-13,PS,OTR,2473.0
2027-08-14,PS,ENE,45712.0
2027-08-14,PS,MOB,9893.0
2027-08-14,PS,INS,44119.0
2027-08-14,PS,OTR,1551.0
2027-08-15,PS,ENE,41926.0
2027-08-15,PS,MOB,9609.0
2027-08-15,PS,INS,40861.0
2027-08-15,PS,OTR,2179.0
2027-08-16,PS,ENE,45287.0
2027-08-16,PS,MOB,9833.0
2027-08-16,PS,INS,36307.0
2027-08-16,PS,OTR,2237.0
2027-08-17,PS,ENE,38010.0
2027-08-17,PS,MOB,9703.0
2027-08-17,PS,INS,6202.0
2027-08-17,PS,OTR,3286.0
2027-08-18,PS,ENE,40111.0
2027-08-18,PS,MOB,9590.0
2027-08-18,PS,INS,21247.0
2027-08-18,PS,OTR,2845.0
2027-08-19,PS,ENE,35187.0
2027-08-19,PS,MOB,9985.0
2027-08-19,PS,INS,38920.0
2027-08-19,PS,OTR,1590.0
2027-08-20,PS,ENE,49618.0
2027-08-20,PS,MOB,9655.0
2027-08-20,PS,INS,43674.0
2027-08-20,PS,OTR,3000.0
2027-08-21,PS,ENE,42405.0
2027-08-21,PS,MOB,9804.0
2027-08-21,PS,INS,53156.0
2027-08-21,PS,OTR,3169.0
2027-08-22,PS,ENE,44760.0
2027-08-22,PS,MOB,9783.0
2027-08-22,PS,INS,48145.0
2027-08-22,PS,OTR,2198.0
2027-08-23,PS,ENE,44949.0
2027-08-23,PS,MOB,9709.0
2027-08-23,PS,INS,26538.0
2027-08-23,PS,OTR,3253.0
2027-08-24,PS,ENE,42012.0
2027-08-24,PS,MOB,10010.0
2027-08-24,PS,INS,48021.0
2027-08-24,PS,OTR,1830.0
2027-08-25,PS,ENE,44144.0
2027-08-25,PS,MOB,9796.0
2027-08-25,PS,INS,49120.0
2027-08-25,PS,OTR,2935.0
2027-08-26,PS,ENE,41219.0
2027-08-26,PS,MOB,9681.0
2027-08-26,PS,INS,45178.0
2027-08-26,PS,OTR,2719.0
2027-08-27,PS,ENE,40925.0
2027-08-27,PS,MOB,9803.0
2027-08-27,PS,INS,44556.0
2027-08-27,PS,OTR,1999.0
2027-08-28,PS,ENE,47968.0
2027-08-28,PS,MOB,9681.0
2027-08-28,PS,INS,44180.0
2027-08-28,PS,OTR,1803.0
2027-08-29,PS,ENE,43260.0
2027-08-29,PS,MOB,9414.0
2027-08-29,PS,INS,39095.0
2027-08-29,PS,OTR,2991.0
2027-08-30,PS,ENE,42028.0
2027-08-30,PS,MOB,9799.0
2027-08-30,PS,INS,47263.0
2027-08-30,PS,OTR,3307.0
2027-08-31,PS,ENE,43418.0
2027-08-31,PS,MOB,9870.0
2027-08-31,PS,INS,51606.0
2027-08-31,PS,OTR,3161.0
2027-09-01,PS,ENE,41395.0
2027-09-01,PS,MOB,9714.0
2027-09-01,PS,INS,48774.0
2027-09-01,PS,OTR,3252.0
2027-09-02,PS,ENE,40284.0
2027-09-02,PS,MOB,10023.0
2027-09-02,PS,INS,41647.0
2027-09-02,PS,OTR,3088.0
2027-09-03,PS,ENE,45547.0
2027-09-03,PS,MOB,10027.0
2027-09-03,PS,INS,46337.0
2027-09-03,PS,OTR,1930.0
2027-09-04,PS,ENE,39918.0
2027-09-04,PS,MOB,9719.0
2027-09-04,PS,INS,46696.0
2027-09-04,PS,OTR,2914.0
2027-09-05,PS,ENE,46137.0
2027-09-05,PS,MOB,9510.0
2027-09-05,PS,INS,53613.0
2027-09-05,PS,OTR,1510.0
2027-09-06,PS,ENE,47939.0
2027-09-06,PS,MOB,9756.0
2027-09-06,PS,INS,55150.0
2027-09-06,PS,OTR,3331.0
2027-09-07,PS,ENE,47628.0
2027-09-07,PS,MOB,9938.0
2027-09-07,PS,INS,52465.0
2027-09-07,PS,OTR,3131.0
2027-09-08,PS,ENE,45534.0
2027-09-08,PS,MOB,9644.0
2027-09-08,PS,INS,38931.0
2027-09-08,PS,OTR,2312.0
2027-09-09,PS,ENE,41544.0
2027-09-09,PS,MOB,9832.0
2027-09-09,PS,INS,47642.0
2027-09-09,PS,OTR,2558.0
2027-09-10,PS,ENE,50761.0
2027-09-10,PS,MOB,9848.0
2027-09-10,PS,INS,32224.0
2027-09-10,PS,OTR,1534.0
2027-09-11,PS,ENE,46768.0
2027-09-11,PS,MOB,9666.0
2027-09-11,PS,INS,41963.0
2027-09-11,PS,OTR,2025.0
2027-09-12,PS,ENE,49591.0
2027-09-12,PS,MOB,9872.0
2027-09-12,PS,INS,48634.0
2027-09-12,PS,OTR,3164.0
2027-09-13,PS,ENE,43738.0
2027-09-13,PS,MOB,9673.0
2027-09-13,PS,INS,31976.0
2027-09-13,PS,OTR,1542.0
2027-09-14,PS,ENE,45050.0
2027-09-14,PS,MOB,9693.0
2027-09-14,PS,INS,49994.0
2027-09-14,PS,OTR,2835.0
2027-09-15,PS,ENE,46756.0
2027-09-15,PS,MOB,9706.0
2027-09-15,PS,INS,44380.0
2027-09-15,PS,OTR,1525.0
2027-09-16,PS,ENE,45456.0
2027-09-16,PS,MOB,9934.0
2027-09-16,PS,INS,47410.0
2027-09-16,PS,OTR,1668.0
2027-09-17,PS,ENE,51842.0
2027-09-17,PS,MOB,9430.0
2027-09-17,PS,INS,39106.0
2027-09-17,PS,OTR,2146.0
2027-09-18,PS,ENE,51017.0
2027-09-18,PS,MOB,9794.0
2027-09-18,PS,INS,53745.0
2027-09-18,PS,OTR,3285.0
2027-09-19,PS,ENE,50469.0
2027-09-19,PS,MOB,10083.0
2027-09-19,PS,INS,44596.0
2027-09-19,PS,OTR,2422.0
2027-09-20,PS,ENE,47981.0
2027-09-20,PS,MOB,9703.0
2027-09-20,PS,INS,50932.0
2027-09-20,PS,OTR,1518.0
2027-09-21,PS,ENE,50892.0
2027-09-21,PS,MOB,10057.0
2027-09-21,PS,INS,44160.0
2027-09-21,PS,OTR,3055.0
2027-09-22,PS,ENE,48339.0
2027-09-22,PS,MOB,9712.0
2027-09-22,PS,INS,37922.0
2027-09-22,PS,OTR,1934.0
2027-09-23,PS,ENE,49439.0
2027-09-23,PS,MOB,9862.0
2027-09-23,PS,INS,41967.0
2027-09-23,PS,OTR,2179.0
2027-09-24,PS,ENE,51041.0
2027-09-24,PS,MOB,9972.0
2027-09-24,PS,INS,37085.0
2027-09-24,PS,OTR,3399.0
2027-09-25,PS,ENE,47518.0
2027-09-25,PS,MOB,9280.0
2027-09-25,PS,INS,37267.0
2027-09-25,PS,OTR,3275.0
2027-09-26,PS,ENE,41931.0
2027-09-26,PS,MOB,9844.0
2027-09-26,PS,INS,41673.0
2027-09-26,PS,OTR,2350.0
2027-09-27,PS,ENE,51176.0
2027-09-27,PS,MOB,9807.0
2027-09-27,PS,INS,41042.0
2027-09-27,PS,OTR,2790.0
2027-09-28,PS,ENE,51465.0
2027-09-28,PS,MOB,10006.0
2027-09-28,PS,INS,47339.0
2027-09-28,PS,OTR,1922.0
2027-09-29,PS,ENE,45503.0
2027-09-29,PS,MOB,9940.0
2027-09-29,PS,INS,50109.0
2027-09-29,PS,OTR,2356.0
2027-09-30,PS,ENE,43380.0
2027-09-30,PS,MOB,9759.0
2027-09-30,PS,INS,46165.0
2027-09-30,PS,OTR,1656.0
2027-10-01,PS,ENE,51333.0
2027-10-01,PS,MOB,10004.0
2027-10-01,PS,INS,41750.0
2027-10-01,PS,OTR,1712.0
2027-10-02,PS,ENE,45843.0
2027-10-02,PS,MOB,9608.0
2027-10-02,PS,INS,48657.0
2027-10-02,PS,OTR,1806.0
2027-10-03,PS,ENE,52768.0
2027-10-03,PS,MOB,9791.0
2027-10-03,PS,INS,39240.0
2027-10-03,PS,OTR,2262.0
2027-10-04,PS,ENE,44599.0
2027-10-04,PS,MOB,9889.0
2027-10-04,PS,INS,30869.0
2027-10-04,PS,OTR,2744.0
2027-10-05,PS,ENE,46350.0
2027-10-05,PS,MOB,9725.0
2027-10-05,PS,INS,48431.0
2027-10-05,PS,OTR,1547.0
2027-10-06,PS,ENE,47440.0
2027-10-06,PS,MOB,9635.0
2027-10-06,PS,INS,52030.0
2027-10-06,PS,OTR,2033.0
2027-10-07,PS,ENE,36103.0
2027-10-07,PS,MOB,9969.0
2027-10-07,PS,INS,48149.0
2027-10-07,PS,OTR,3416.0
2027-10-08,PS,ENE,44840.0
2027-10-08,PS,MOB,9550.0
2027-10-08,PS,INS,41935.0
2027-10-08,PS,OTR,2793.0
2027-10-09,PS,ENE,46124.0
2027-10-09,PS,MOB,9740.0
2027-10-09,PS,INS,49348.0
2027-10-09,PS,OTR,1927.0
2027-10-10,PS,ENE,42885.0
2027-10-10,PS,MOB,9890.0
2027-10-10,PS,INS,41304.0
2027-10-10,PS,OTR,2519.0
2027-10-11,PS,ENE,44056.0
2027-10-11,PS,MOB,9606.0
2027-10-11,PS,INS,54223.0
2027-10-11,PS,OTR,2124.0
2027-10-12,PS,ENE,44570.0
2027-10-12,PS,MOB,10044.0
2027-10-12,PS,INS,46585.0
2027-10-12,PS,OTR,2586.0
2027-10-13,PS,ENE,47446.0
2027-10-13,PS,MOB,10018.0
2027-10-13,PS,INS,49034.0
2027-10-13,PS,OTR,2009.0
2027-10-14,PS,ENE,42816.0
2027-10-14,PS,MOB,10065.0
2027-10-14,PS,INS,47101.0
2027-10-14,PS,OTR,1575.0
2027-10-15,PS,ENE,45837.0
2027-10-15,PS,MOB,9726.0
2027-10-15,PS,INS,40867.0
2027-10-15,PS,OTR,3452.0
2027-10-16,PS,ENE,42038.0
2027-10-16,PS,MOB,9878.0
2027-10-16,PS,INS,44260.0
2027-10-16,PS,OTR,2466.0
2027-10-17,PS,ENE,46035.0
2027-10-17,PS,MOB,9679.0
2027-10-17,PS,INS,53835.0
2027-10-17,PS,OTR,2648.0
2027-10-18,PS,ENE,45583.0
2027-10-18,PS,MOB,9778.0
2027-10-18,PS,INS,44763.0
2027-10-18,PS,OTR,2114.0
2027-10-19,PS,ENE,44947.0
2027-10-19,PS,MOB,9671.0
2027-10-19,PS,INS,49401.0
2027-10-19,PS,OTR,1614.0
2027-10-20,PS,ENE,50486.0
2027-10-20,PS,MOB,10091.0
2027-10-20,PS,INS,47028.0
2027-10-20,PS,OTR,3490.0
2027-10-21,PS,ENE,40331.0
2027-10-21,PS,MOB,10091.0
2027-10-21,PS,INS,33680.0
2027-10-21,PS,OTR,2413.0
2027-10-22,PS,ENE,41866.0
2027-10-22,PS,MOB,9918.0
2027-10-22,PS,INS,50047.0
2027-10-22,PS,OTR,2796.0
2027-10-23,PS,ENE,44833.0
2027-10-23,PS,MOB,9571.0
2027-10-23,PS,INS,49302.0
2027-10-23,PS,OTR,2929.0
2027-10-24,PS,ENE,41019.0
2027-10-24,PS,MOB,9709.0
2027-10-24,PS,INS,41722.0
2027-10-24,PS,OTR,2797.0
2027-10-25,PS,ENE,43424.0
2027-10-25,PS,MOB,9810.0
2027-10-25,PS,INS,51894.0
2027-10-25,PS,OTR,2911.0
2027-10-26,PS,ENE,46687.0
2027-10-26,PS,MOB,9673.0
2027-10-26,PS,INS,36567.0
2027-10-26,PS,OTR,2151.0
2027-10-27,PS,ENE,49563.0
2027-10-27,PS,MOB,9665.0
2027-10-27,PS,INS,45500.0
2027-10-27,PS,OTR,2770.0
2027-10-28,PS,ENE,40482.0
2027-10-28,PS,MOB,9820.0
2027-10-28,PS,INS,48405.0
2027-10-28,PS,OTR,3203.0
2027-10-29,PS,ENE,44644.0
2027-10-29,PS,MOB,10089.0
2027-10-29,PS,INS,40583.0
2027-10-29,PS,OTR,2383.0
2027-10-30,PS,ENE,50719.0
2027-10-30,PS,MOB,9842.0
2027-10-30,PS,INS,37278.0
2027-10-30,PS,OTR,2231.0
2027-10-31,PS,ENE,47152.0
2027-10-31,PS,MOB,9663.0
2027-10-31,PS,INS,43868.0
2027-10-31,PS,OTR,1651.0
2027-11-01,PS,ENE,41961.0
2027-11-01,PS,MOB,9791.0
2027-11-01,PS,INS,41002.0
2027-11-01,PS,OTR,2831.0
2027-11-02,PS,ENE,40164.0
2027-11-02,PS,MOB,9961.0
2027-11-02,PS,INS,49021.0
2027-11-02,PS,OTR,2490.0
2027-11-03,PS,ENE,47153.0
2027-11-03,PS,MOB,10038.0
2027-11-03,PS,INS,44794.0
2027-11-03,PS,OTR,3096.0
2027-11-04,PS,ENE,52695.0
2027-11-04,PS,MOB,9613.0
2027-11-04,PS,INS,41935.0
2027-11-04,PS,OTR,1875.0
2027-11-05,PS,ENE,41042.0
2027-11-05,PS,MOB,9743.0
2027-11-05,PS,INS,46996.0
2027-11-05,PS,OTR,2274.0
2027-11-06,PS,ENE,50442.0
2027-11-06,PS,MOB,9848.0
2027-11-06,PS,INS,38255.0
2027-11-06,PS,OTR,2000.0
2027-11-07,PS,ENE,49558.0
2027-11-07,PS,MOB,9913.0
2027-11-07,PS,INS,50467.0
2027-11-07,PS,OTR,2287.0
2027-11-08,PS,ENE,48800.0
2027-11-08,PS,MOB,10048.0
2027-11-08,PS,INS,49762.0
2027-11-08,PS,OTR,2545.0
2027-11-09,PS,ENE,44361.0
2027-11-09,PS,MOB,9938.0
2027-11-09,PS,INS,39534.0
2027-11-09,PS,OTR,2951.0
2027-11-10,PS,ENE,49698.0
2027-11-10,PS,MOB,9713.0
2027-11-10,PS,INS,38272.0
2027-11-10,PS,OTR,3282.0
2027-11-11,PS,ENE,41149.0
2027-11-11,PS,MOB,9862.0
2027-11-11,PS,INS,48489.0
2027-11-11,PS,OTR,2593.0
2027-11-12,PS,ENE,49370.0
2027-11-12,PS,MOB,9875.0
2027-11-12,PS,INS,38078.0
2027-11-12,PS,OTR,1979.0
2027-11-13,PS,ENE,46714.0
2027-11-13,PS,MOB,9822.0
2027-11-13,PS,INS,38598.0
2027-11-13,PS,OTR,2482.0
2027-11-14,PS,ENE,46534.0
2027-11-14,PS,MOB,9942.0
2027-11-14,PS,INS,46214.0
2027-11-14,PS,OTR,2887.0
2027-11-15,PS,ENE,35847.0
2027-11-15,PS,MOB,9612.0
2027-11-15,PS,INS,42568.0
2027-11-15,PS,OTR,2561.0
2027-11-16,PS,ENE,48780.0
2027-11-16,PS,MOB,9845.0
2027-11-16,PS,INS,45826.0
2027-11-16,PS,OTR,2042.0
2027-11-17,PS,ENE,41296.0
2027-11-17,PS,MOB,9671.0
2027-11-17,PS,INS,39920.0
2027-11-17,PS,OTR,3496.0
2027-11-18,PS,ENE,39047.0
2027-11-18,PS,MOB,9959.0
2027-11-18,PS,INS,50147.0
2027-11-18,PS,OTR,2281.0
2027-11-19,PS,ENE,45276.0
2027-11-19,PS,MOB,9945.0
2027-11-19,PS,INS,46052.0
2027-11-19,PS,OTR,3380.0
2027-11-20,PS,ENE,36688.0
2027-11-20,PS,MOB,9913.0
2027-11-20,PS,INS,49501.0
2027-11-20,PS,OTR,2095.0
2027-11-21,PS,ENE,52123.0
2027-11-21,PS,MOB,9852.0
2027-11-21,PS,INS,46366.0
2027-11-21,PS,OTR,3348.0
2027-11-22,PS,ENE,51182.0
2027-11-22,PS,MOB,9740.0
2027-11-22,PS,INS,39916.0
2027-11-22,PS,OTR,2298.0
2027-11-23,PS,ENE,40401.0
2027-11-23,PS,MOB,10077.0
2027-11-23,PS,INS,52034.0
2027-11-23,PS,OTR,2080.0
2027-11-24,PS,ENE,49984.0
2027-11-24,PS,MOB,9841.0
2027-11-24,PS,INS,43232.0
2027-11-24,PS,OTR,1514.0
2027-11-25,PS,ENE,40973.0
2027-11-25,PS,MOB,10038.0
2027-11-25,PS,INS,39374.0
2027-11-25,PS,OTR,1898.0
2027-11-26,PS,ENE,42927.0
2027-11-26,PS,MOB,9746.0
2027-11-26,PS,INS,49140.0
2027-11-26,PS,OTR,2229.0
2027-11-27,PS,ENE,42390.0
2027-11-27,PS,MOB,9971.0
2027-11-27,PS,INS,47953.0
2027-11-27,PS,OTR,2369.0
2027-11-28,PS,ENE,45278.0
2027-11-28,PS,MOB,9615.0
2027-11-28,PS,INS,46930.0
2027-11-28,PS,OTR,3489.0
2027-11-29,PS,ENE,43302.0
2027-11-29,PS,MOB,9778.0
2027-11-29,PS,INS,48994.0
2027-11-29,PS,OTR,2928.0
2027-11-30,PS,ENE,51984.0
2027-11-30,PS,MOB,9947.0
2027-11-30,PS,INS,43311.0
2027-11-30,PS,OTR,2070.0
2027-12-01,PS,ENE,42015.0
2027-12-01,PS,MOB,9806.0
2027-12-01,PS,INS,54347.0
2027-12-01,PS,OTR,3163.0
2027-12-02,PS,ENE,45569.0
2027-12-02,PS,MOB,9739.0
2027-12-02,PS,INS,39330.0
2027-12-02,PS,OTR,3002.0
2027-12-03,PS,ENE,41782.0
2027-12-03,PS,MOB,9899.0
2027-12-03,PS,INS,46203.0
2027-12-03,PS,OTR,1825.0
2027-12-04,PS,ENE,43504.0
2027-12-04,PS,MOB,9815.0
2027-12-04,PS,INS,52777.0
2027-12-04,PS,OTR,1857.0
2027-12-05,PS,ENE,43163.0
2027-12-05,PS,MOB,9729.0
2027-12-05,PS,INS,34304.0
2027-12-05,PS,OTR,1680.0
2027-12-06,PS,ENE,47760.0
2027-12-06,PS,MOB,9824.0
2027-12-06,PS,INS,44899.0
2027-12-06,PS,OTR,2381.0
2027-12-07,PS,ENE,50506.0
2027-12-07,PS,MOB,9765.0
2027-12-07,PS,INS,40855.0
2027-12-07,PS,OTR,2564.0
2027-12-08,PS,ENE,44055.0
2027-12-08,PS,MOB,9763.0
2027-12-08,PS,INS,33813.0
2027-12-08,PS,OTR,3031.0
2027-12-09,PS,ENE,45639.0
2027-12-09,PS,MOB,9733.0
2027-12-09,PS,INS,37754.0
2027-12-09,PS,OTR,2443.0
2027-12-10,PS,ENE,42489.0
2027-12-10,PS,MOB,9645.0
2027-12-10,PS,INS,50122.0
2027-12-10,PS,OTR,1733.0
2027-12-11,PS,ENE,47692.0
2027-12-11,PS,MOB,9634.0
2027-12-11,PS,INS,39157.0
2027-12-11,PS,OTR,2861.0
2027-12-12,PS,ENE,46061.0
2027-12-12,PS,MOB,10049.0
2027-12-12,PS,INS,41112.0
2027-12-12,PS,OTR,2553.0
2027-12-13,PS,ENE,44100.0
2027-12-13,PS,MOB,10111.0
2027-12-13,PS,INS,42442.0
2027-12-13,PS,OTR,3442.0
2027-12-14,PS,ENE,44119.0
2027-12-14,PS,MOB,9479.0
2027-12-14,PS,INS,54554.0
2027-12-14,PS,OTR,2509.0
2027-12-15,PS,ENE,51701.0
2027-12-15,PS,MOB,9705.0
2027-12-15,PS,INS,47157.0
2027-12-15,PS,OTR,1858.0
2027-12-16,PS,ENE,46429.0
2027-12-16,PS,MOB,9740.0
2027-12-16,PS,INS,39047.0
2027-12-16,PS,OTR,2837.0
2027-12-17,PS,ENE,43023.0
2027-12-17,PS,MOB,9995.0
2027-12-17,PS,INS,50793.0
2027-12-17,PS,OTR,3499.0
2027-12-18,PS,ENE,47224.0
2027-12-18,PS,MOB,9812.0
2027-12-18,PS,INS,54071.0
2027-12-18,PS,OTR,2773.0
2027-12-19,PS,ENE,40804.0
2027-12-19,PS,MOB,9760.0
2027-12-19,PS,INS,48471.0
2027-12-19,PS,OTR,3101.0
2027-12-20,PS,ENE,46820.0
2027-12-20,PS,MOB,9982.0
2027-12-20,PS,INS,44611.0
2027-12-20,PS,OTR,1871.0
2027-12-21,PS,ENE,41653.0
2027-12-21,PS,MOB,9948.0
2027-12-21,PS,INS,45972.0
2027-12-21,PS,OTR,3127.0
2027-12-22,PS,ENE,44130.0
2027-12-22,PS,MOB,9722.0
2027-12-22,PS,INS,36271.0
2027-12-22,PS,OTR,2886.0
2027-12-23,PS,ENE,44119.0
2027-12-23,PS,MOB,9762.0
2027-12-23,PS,INS,35279.0
2027-12-23,PS,OTR,2992.0
2027-12-24,PS,ENE,46321.0
2027-12-24,PS,MOB,10041.0
2027-12-24,PS,INS,51314.0
2027-12-24,PS,OTR,2627.0
2027-12-25,PS,ENE,50891.0
2027-12-25,PS,MOB,9831.0
2027-12-25,PS,INS,29537.0
2027-12-25,PS,OTR,3313.0
2027-12-26,PS,ENE,46830.0
2027-12-26,PS,MOB,9739.0
2027-12-26,PS,INS,16280.0
2027-12-26,PS,OTR,3290.0
2027-12-27,PS,ENE,42383.0
2027-12-27,PS,MOB,9643.0
2027-12-27,PS,INS,40497.0
2027-12-27,PS,OTR,1517.0
2027-12-28,PS,ENE,43817.0
2027-12-28,PS,MOB,9868.0
2027-12-28,PS,INS,14425.0
2027-12-28,PS,OTR,2037.0
2027-12-29,PS,ENE,44006.0
2027-12-29,PS,MOB,9768.0
2027-12-29,PS,INS,51712.0
2027-12-29,PS,OTR,1817.0
2027-12-30,PS,ENE,46535.0
2027-12-30,PS,MOB,9747.0
2027-12-30,PS,INS,39385.0
2027-12-30,PS,OTR,2994.0
2027-12-31,PS,ENE,47357.0
2027-12-31,PS,MOB,9722.0
2027-12-31,PS,INS,48178.0
2027-12-31,PS,OTR,3190.0
