fecha,equipo_id,horas_operativas,horas_parada,toneladas_procesadas,toneladas_fuera_especificacion,capacidad_nominal_tmh,turno
2027-12-13,PN-EQ-05,24.0,0.0,6629.8,121.3,300.0,
2027-02-21,PN-EQ-01,24.0,0.0,11208.8,219.1,520.0,
2027-03-28,PN-EQ-02,24.0,0.0,8807.9,77.8,430.0,
2026-08-06,PN-EQ-02,24.0,0.0,8816.5,181.3,430.0,
2026-09-22,PN-EQ-04,4.0,20.0,1738.1,45.1,460.0,
2026-06-03,PN-EQ-06,21.4,2.6,5606.6,179.5,300.0,
2026-09-24,PN-EQ-04,24.0,0.0,9617.9,81.4,460.0,
2026-08-14,PN-EQ-05,24.0,0.0,7045.7,101.0,300.0,
2026-01-24,PN-EQ-02,24.0,0.0,8083.4,114.2,430.0,
2026-04-21,PN-EQ-02,24.0,0.0,8684.1,38.7,430.0,
2027-09-18,PN-EQ-06,24.0,0.0,6238.5,89.2,300.0,
2026-02-26,PN-EQ-10,4.6,0.0,2097.3,0.7,500.0,3.0
2026-09-26,PN-EQ-04,18.9,5.1,8088.0,134.4,460.0,
2027-09-04,PN-EQ-10,24.0,0.0,11470.3,197.7,500.0,
2027-05-21,PN-EQ-08,24.0,0.0,8354.4,128.6,400.0,
2027-03-28,PN-EQ-04,24.0,0.0,9515.9,161.7,460.0,
2027-11-19,PN-EQ-03,24.0,0.0,8577.8,163.9,380.0,
2027-08-12,PN-EQ-10,24.0,0.0,11614.2,292.2,500.0,
2027-11-26,PN-EQ-01,24.0,0.0,10954.0,385.1,520.0,
2026-03-13,PN-EQ-09,18.64,0.0,4841.6,16.4,260.0,1.0
2027-01-09,PN-EQ-04,24.0,0.0,10124.9,285.8,460.0,
2026-07-07,PN-EQ-07,22.3,1.7,7404.1,133.9,350.0,
2027-01-01,PN-EQ-04,15.0,9.0,6255.1,81.5,460.0,
2026-09-07,PN-EQ-08,24.0,0.0,9424.1,123.5,400.0,
2027-12-08,PN-EQ-04,24.0,0.0,9493.8,74.4,460.0,
2026-04-28,PN-EQ-04,15.0,9.0,6491.2,83.3,460.0,
2026-07-30,PN-EQ-01,24.0,0.0,11443.6,113.2,520.0,
2026-11-20,PN-EQ-10,12.4,11.6,5588.9,37.2,500.0,
2026-07-18,PN-EQ-01,24.0,0.0,10402.7,268.5,520.0,
2027-10-08,PN-EQ-07,21.2,2.8,6197.3,101.3,350.0,
2027-03-31,PN-EQ-08,15.9,8.1,5399.4,185.3,400.0,
2026-07-16,PN-EQ-02,24.0,0.0,8828.9,294.3,430.0,
2026-06-22,PN-EQ-06,23.3,0.7,6166.9,201.9,300.0,
2026-02-18,PN-EQ-05,24.0,0.0,6473.2,146.0,300.0,
2027-07-31,PN-EQ-10,24.0,0.0,10584.2,0.0,500.0,
2027-01-06,PN-EQ-04,24.0,0.0,9779.7,353.7,460.0,
2026-12-27,PN-EQ-09,24.0,0.0,5725.9,34.1,260.0,
2026-08-24,PN-EQ-05,24.0,0.0,5967.8,47.4,300.0,
2026-04-20,PN-EQ-06,24.0,0.0,6573.9,67.4,300.0,
2026-03-31,PN-EQ-10,14.93,0.0,6840.9,48.1,500.0,1.0
2026-03-18,PN-EQ-10,15.45,0.0,6512.7,68.2,500.0,2.0
2026-05-17,PN-EQ-04,24.0,0.0,10623.0,148.8,460.0,
2026-01-10,PN-EQ-06,24.0,0.0,6453.0,112.4,300.0,
2027-10-24,PN-EQ-01,24.0,0.0,10704.4,197.9,520.0,
2027-11-30,PN-EQ-04,24.0,0.0,9443.2,160.6,460.0,
2026-03-18,PN-EQ-09,18.78,0.0,4235.2,169.3,260.0,2.0
2027-09-10,PN-EQ-08,18.3,5.7,5913.5,53.9,400.0,
2027-10-03,PN-EQ-05,24.0,0.0,5532.7,86.4,300.0,
2027-06-23,PN-EQ-08,22.1,1.9,7280.4,142.6,400.0,
2026-01-12,PN-EQ-05,24.0,0.0,6790.1,119.1,300.0,
2027-01-14,PN-EQ-10,14.3,9.7,6541.3,112.0,500.0,
2026-06-20,PN-EQ-09,24.0,0.0,5906.8,68.8,260.0,
2026-07-21,PN-EQ-01,14.1,9.9,6887.0,154.4,520.0,
2026-05-13,PN-EQ-02,24.0,0.0,10003.1,275.2,430.0,
2027-08-08,PN-EQ-10,22.7,1.3,10717.0,127.9,500.0,
2027-02-16,PN-EQ-02,24.0,0.0,8722.2,118.8,430.0,
2027-02-18,PN-EQ-10,24.0,0.0,11277.3,263.1,500.0,
2027-03-24,PN-EQ-03,24.0,0.0,8730.0,142.0,380.0,
2027-05-27,PN-EQ-01,24.0,0.0,10645.0,254.6,520.0,
2026-04-08,PN-EQ-02,24.0,0.0,8364.0,144.1,430.0,
2026-03-03,PN-EQ-09,6.56,2.54,1685.0,85.7,260.0,1.0
2027-02-06,PN-EQ-07,24.0,0.0,7517.0,,350.0,
2026-02-16,PN-EQ-10,0.52,0.0,312.5,156.9,500.0,3.0
2027-12-05,PN-EQ-09,24.0,0.0,5533.6,87.5,260.0,
2027-01-14,PN-EQ-07,24.0,0.0,7027.2,139.0,350.0,
2027-08-22,PN-EQ-10,24.0,0.0,10150.5,263.1,500.0,
2026-03-31,PN-EQ-10,8.39,0.0,4093.6,111.5,500.0,2.0
2027-02-24,PN-EQ-10,24.0,0.0,11428.1,284.4,500.0,
2026-06-05,PN-EQ-07,24.0,0.0,7276.6,171.1,350.0,
2027-09-25,PN-EQ-04,9.3,14.7,3948.7,84.3,460.0,
2027-12-24,PN-EQ-08,24.0,0.0,9271.2,196.6,400.0,
2026-03-14,PN-EQ-02,24.0,0.0,9618.0,139.8,430.0,
2026-07-03,PN-EQ-05,24.0,0.0,6053.0,127.3,300.0,
2027-02-28,PN-EQ-06,18.6,5.4,5010.9,103.4,300.0,
2027-01-04,PN-EQ-05,18.6,5.4,5357.4,112.7,300.0,
2026-12-10,PN-EQ-01,24.0,0.0,11016.4,291.6,520.0,
2026-06-16,PN-EQ-09,24.0,0.0,5729.2,59.4,260.0,
2026-04-24,PN-EQ-01,15.3,8.7,7336.9,59.3,520.0,
2027-08-08,PN-EQ-08,24.0,0.0,8594.9,266.1,400.0,
2026-04-07,PN-EQ-08,19.7,4.3,7213.8,,400.0,
2027-12-11,PN-EQ-05,24.0,0.0,6951.2,88.7,300.0,
2026-04-24,PN-EQ-06,14.6,9.4,3864.1,78.9,300.0,
2027-12-21,PN-EQ-03,24.0,0.0,8577.0,161.9,380.0,
2027-05-07,PN-EQ-09,20.7,3.3,4770.7,111.8,260.0,
2027-09-20,PN-EQ-10,24.0,0.0,11880.0,61.5,500.0,
2027-10-19,PN-EQ-09,23.4,0.6,4930.1,125.0,260.0,
2027-03-24,PN-EQ-04,24.0,0.0,9938.7,210.1,460.0,
2027-09-04,PN-EQ-01,22.3,1.7,10471.7,244.2,520.0,
2026-03-18,PN-EQ-01,24.0,0.0,11699.6,157.0,520.0,
2026-06-30,PN-EQ-05,15.3,8.7,4203.2,77.7,300.0,
2027-08-12,PN-EQ-04,24.0,0.0,10904.4,149.9,460.0,
2027-09-30,PN-EQ-09,24.0,0.0,5449.7,108.6,260.0,
2026-06-02,PN-EQ-07,24.0,0.0,7167.8,11.9,350.0,
2027-02-01,PN-EQ-03,24.0,0.0,7571.5,217.8,380.0,
2027-08-04,PN-EQ-04,24.0,0.0,9347.5,156.5,460.0,
2026-07-17,PN-EQ-04,24.0,0.0,10434.5,281.6,460.0,
2026-07-06,PN-EQ-02,24.0,0.0,9473.8,194.5,430.0,
2026-01-28,PN-EQ-02,24.0,0.0,9213.1,57.5,430.0,
2027-11-26,PN-EQ-04,24.0,0.0,9433.3,225.5,460.0,
2026-10-08,PN-EQ-01,24.0,0.0,11137.3,159.7,520.0,
2026-01-29,PN-EQ-09,24.0,0.0,5094.7,111.7,260.0,
2026-02-19,PN-EQ-09,15.5,0.0,3570.6,29.0,260.0,1.0
2027-07-24,PN-EQ-06,4.0,20.0,1084.5,22.2,300.0,
2027-11-25,PN-EQ-03,24.0,0.0,8343.9,180.7,380.0,
2026-04-12,PN-EQ-10,17.12,0.0,7632.6,97.7,500.0,3.0
2026-12-25,PN-EQ-03,24.0,0.0,8079.1,121.5,380.0,
2027-11-27,PN-EQ-09,24.0,0.0,5466.8,136.6,260.0,
2026-02-18,PN-EQ-03,24.0,0.0,8233.0,214.9,380.0,
2026-08-14,PN-EQ-10,22.7,1.3,10161.3,161.7,500.0,
2026-02-04,PN-EQ-07,18.1,5.9,6098.5,99.9,350.0,
2026-07-24,PN-EQ-03,24.0,0.0,7626.2,233.9,380.0,
2026-09-03,PN-EQ-08,24.0,0.0,8882.2,166.6,400.0,
2027-08-22,PN-EQ-04,24.0,0.0,10366.8,156.7,460.0,
2026-06-17,PN-EQ-04,18.6,5.4,8451.1,249.9,460.0,
2026-04-30,PN-EQ-07,24.0,0.0,8215.2,208.8,350.0,
2027-06-30,PN-EQ-06,23.5,0.5,6215.6,95.8,300.0,
2026-11-15,PN-EQ-09,24.0,0.0,5354.2,82.5,260.0,
2026-10-21,PN-EQ-09,24.0,0.0,6177.6,124.6,260.0,
2026-03-07,PN-EQ-07,24.0,0.0,8127.9,166.9,350.0,
2026-03-22,PN-EQ-10,10.76,0.0,4625.2,41.1,500.0,1.0
2026-04-26,PN-EQ-02,24.0,0.0,8999.6,200.9,430.0,
2026-06-25,PN-EQ-03,24.0,0.0,8133.0,138.1,380.0,
2026-09-14,PN-EQ-02,24.0,0.0,9257.8,120.8,430.0,
2027-12-28,PN-EQ-01,24.0,0.0,11075.3,217.1,520.0,
2027-06-05,PN-EQ-03,23.5,0.5,8258.6,200.2,380.0,
2027-02-06,PN-EQ-06,24.0,0.0,6221.2,70.5,300.0,
2027-11-21,PN-EQ-09,24.0,0.0,4885.0,133.5,260.0,
2026-05-21,PN-EQ-02,24.0,0.0,9447.0,185.2,430.0,
2026-01-31,PC-EQ-03,24.0,0.0,6479.4,198.1,304.0,
2026-03-25,PN-EQ-10,5.6,0.0,2641.6,99.1,500.0,2.0
2027-05-03,PN-EQ-05,24.0,0.0,6776.8,112.5,300.0,
2027-12-29,PN-EQ-10,16.5,7.5,7279.7,104.8,500.0,
2026-08-04,PN-EQ-10,24.0,0.0,10047.8,69.6,500.0,
2027-06-26,PN-EQ-02,24.0,0.0,8187.1,128.4,430.0,
2027-04-17,PN-EQ-07,22.2,1.8,7066.8,41.7,350.0,
2027-08-21,PN-EQ-06,17.1,6.9,4790.7,148.3,300.0,
2026-12-16,PN-EQ-08,23.5,0.5,8933.3,148.0,400.0,
2027-07-20,PN-EQ-01,24.0,0.0,11475.3,163.8,520.0,
2026-03-27,PN-EQ-03,24.0,0.0,7965.1,220.0,380.0,
2027-05-07,PN-EQ-03,24.0,0.0,8650.9,,380.0,
2027-05-19,PN-EQ-02,14.0,10.0,5747.6,100.2,430.0,
2026-08-28,PN-EQ-03,24.0,0.0,8609.5,279.1,380.0,
2026-05-18,PN-EQ-03,16.2,7.8,5129.5,124.3,380.0,
2027-06-16,PN-EQ-01,24.0,0.0,10977.4,182.2,520.0,
2026-04-09,PN-EQ-10,5.91,0.0,3056.1,58.8,500.0,3.0
2026-06-03,PN-EQ-02,10.0,14.0,3956.0,73.8,430.0,
2026-03-01,PN-EQ-04,17.6,6.4,7656.6,73.3,460.0,
2026-07-24,PN-EQ-10,24.0,0.0,11170.9,278.9,500.0,
2026-11-24,PN-EQ-07,24.0,0.0,7471.6,114.9,350.0,
2026-04-22,PN-EQ-10,7.37,0.0,3094.9,131.9,500.0,1.0
2027-10-03,PN-EQ-03,24.0,0.0,8565.8,94.1,380.0,
2026-12-27,PN-EQ-04,24.0,0.0,9944.6,158.5,460.0,
2026-01-26,PN-EQ-07,24.0,0.0,8049.4,120.5,350.0,
2026-10-25,PN-EQ-06,22.0,2.0,5696.7,147.2,300.0,
2027-08-28,PN-EQ-08,24.0,0.0,8398.2,228.3,400.0,
2027-08-17,PN-EQ-10,24.0,0.0,10985.6,83.9,500.0,
2027-07-03,PN-EQ-08,17.4,6.6,6105.7,162.8,400.0,
2027-03-10,PN-EQ-08,24.0,0.0,9504.0,170.5,400.0,
2027-07-10,PN-EQ-08,24.0,0.0,9404.0,283.5,400.0,
2026-08-06,PN-EQ-01,24.0,0.0,11694.3,337.3,520.0,
2027-08-31,PN-EQ-10,24.0,0.0,10245.8,300.9,500.0,
2027-10-07,PN-EQ-01,5.5,18.5,2373.8,52.0,520.0,
2027-05-08,PN-EQ-02,24.0,0.0,9954.9,226.6,430.0,
2026-07-05,PN-EQ-09,24.0,0.0,5184.4,40.3,260.0,
2026-09-11,PN-EQ-04,24.0,0.0,9676.9,155.4,460.0,
2027-12-28,PN-EQ-06,24.0,0.0,6850.3,240.9,300.0,
2026-05-15,PN-EQ-09,0.05,0.0,56.5,,260.0,2.0
2026-05-21,PN-EQ-06,24.0,0.0,6373.4,262.5,300.0,
2026-03-09,PN-EQ-06,24.0,0.0,5688.8,50.7,300.0,
2027-09-02,PN-EQ-05,24.0,0.0,7128.0,0.0,300.0,
2027-07-10,PN-EQ-05,24.0,0.0,6691.4,216.4,300.0,
2027-04-29,PN-EQ-06,24.0,0.0,5847.3,146.3,300.0,
2027-03-14,PN-EQ-02,22.6,1.4,8310.6,53.3,430.0,
2026-04-17,PN-EQ-07,24.0,0.0,7875.4,82.0,350.0,
2026-05-06,PN-EQ-10,5.43,0.0,2627.5,46.4,500.0,2.0
2027-01-03,PN-EQ-10,24.0,0.0,11371.8,183.8,500.0,
2027-04-16,PN-EQ-06,24.0,0.0,6879.0,80.8,300.0,
2027-10-25,PN-EQ-02,24.0,0.0,9329.8,189.6,430.0,
2027-07-17,PN-EQ-08,18.0,6.0,6058.2,99.0,400.0,
2026-01-25,PN-EQ-02,24.0,0.0,9573.6,249.7,430.0,
2026-01-31,PN-EQ-05,24.0,0.0,6546.9,102.7,300.0,
2027-08-13,PN-EQ-04,24.0,0.0,10191.2,129.5,460.0,
2026-02-21,PN-EQ-09,2.71,0.0,645.7,15.4,260.0,1.0
2026-09-25,PN-EQ-08,24.0,0.0,9363.5,240.6,400.0,
2027-09-27,PN-EQ-09,24.0,0.0,5446.0,135.4,260.0,
2026-10-06,PN-EQ-07,24.0,0.0,7804.6,119.0,350.0,
2027-10-01,PN-EQ-08,24.0,0.0,9329.9,246.0,400.0,
2026-04-05,PN-EQ-08,24.0,0.0,9129.5,164.2,400.0,
2027-05-18,PN-EQ-10,24.0,0.0,10462.6,277.6,500.0,
2027-10-30,PN-EQ-02,24.0,0.0,8505.0,191.5,430.0,
2027-08-15,PN-EQ-10,22.9,1.1,10675.7,277.3,500.0,
2026-12-13,PN-EQ-05,24.0,0.0,7043.5,92.3,300.0,
2026-06-14,PN-EQ-01,21.5,2.5,10089.6,175.6,520.0,
2027-03-04,PN-EQ-03,24.0,0.0,8205.0,148.7,380.0,
2027-07-23,PN-EQ-02,24.0,0.0,8822.9,145.4,430.0,
2026-06-06,PN-EQ-04,24.0,0.0,9193.8,143.1,460.0,
2026-01-17,PN-EQ-07,24.0,0.0,7352.4,184.4,350.0,
2027-10-12,PN-EQ-03,24.0,0.0,8436.6,126.1,380.0,
2027-03-12,PN-EQ-02,22.4,1.6,8185.9,255.0,430.0,
2026-02-22,PN-EQ-02,24.0,0.0,8417.8,69.9,430.0,
2026-04-10,PN-EQ-08,24.0,0.0,8567.9,141.1,400.0,
2027-02-23,PN-EQ-08,24.0,0.0,8611.8,241.6,400.0,
2026-02-15,PN-EQ-02,24.0,0.0,9333.0,257.6,430.0,
2027-01-15,PN-EQ-07,24.0,0.0,8050.5,214.7,350.0,
2027-07-30,PN-EQ-03,24.0,0.0,7780.0,,380.0,
2027-10-21,PC-EQ-04,4.0,20.0,1284.8,27.3,368.0,
2027-08-26,PN-EQ-10,19.8,4.2,8749.7,71.5,500.0,
2026-12-02,PN-EQ-03,24.0,0.0,8258.6,152.8,380.0,
2026-06-11,PN-EQ-08,24.0,0.0,8189.1,76.2,400.0,
2027-07-06,PN-EQ-01,24.0,0.0,10292.7,222.7,520.0,
2027-01-23,PN-EQ-09,22.0,2.0,5034.3,59.1,260.0,
2026-08-09,PN-EQ-10,24.0,0.0,11113.8,277.0,500.0,
2027-11-14,PN-EQ-08,24.0,0.0,9079.2,153.0,400.0,
2026-09-09,PN-EQ-09,24.0,0.0,5620.3,81.4,260.0,
2027-05-17,PN-EQ-07,24.0,0.0,8040.8,124.5,350.0,
2026-12-29,PN-EQ-08,18.2,5.8,5996.5,160.3,400.0,
2026-10-26,PN-EQ-06,16.1,7.9,4759.5,98.9,300.0,
2026-05-28,PN-EQ-03,24.0,0.0,7484.8,180.9,380.0,
2026-04-24,PN-EQ-08,21.8,2.2,8171.8,108.3,400.0,
2027-10-29,PN-EQ-02,14.0,10.0,5023.1,93.6,430.0,
2027-04-09,PN-EQ-04,24.0,0.0,10072.1,304.3,460.0,
2026-11-27,PN-EQ-04,23.4,0.6,9868.3,309.5,460.0,
2026-11-07,PN-EQ-07,24.0,0.0,7298.7,152.0,350.0,
2026-03-13,PN-EQ-02,24.0,0.0,9411.8,181.4,430.0,
2026-10-29,PN-EQ-07,24.0,0.0,6919.7,137.9,350.0,
2026-02-25,PN-EQ-08,24.0,0.0,8095.6,153.7,400.0,
2027-12-02,PN-EQ-05,16.1,7.9,3650.8,27.6,300.0,
2026-07-15,PN-EQ-06,24.0,0.0,6553.7,217.0,300.0,
2027-06-28,PN-EQ-06,24.0,0.0,6852.4,233.1,300.0,
2026-05-29,PN-EQ-01,24.0,0.0,11678.9,283.0,520.0,
2027-06-30,PN-EQ-01,24.0,0.0,12355.2,351.4,520.0,
2026-01-25,PN-EQ-03,24.0,0.0,7675.4,168.4,380.0,
2027-07-11,PN-EQ-03,24.0,0.0,8489.1,199.9,380.0,
2026-06-26,PN-EQ-01,24.0,0.0,11479.9,236.4,520.0,
2026-09-28,PN-EQ-03,24.0,0.0,8038.9,69.9,380.0,
2026-04-18,PN-EQ-03,24.0,0.0,7855.1,203.5,380.0,
2026-05-02,PN-EQ-03,16.0,8.0,4943.4,61.1,380.0,
2026-08-20,PN-EQ-01,24.0,0.0,11788.8,97.9,520.0,
2027-06-15,PN-EQ-04,24.0,0.0,10063.8,165.4,460.0,
2027-08-29,PN-EQ-09,24.0,0.0,5538.9,99.0,260.0,
2027-03-30,PN-EQ-10,9.2,14.8,4092.7,38.9,500.0,
2026-07-23,PN-EQ-02,24.0,0.0,9320.2,176.9,430.0,
2026-10-26,PN-EQ-07,24.0,0.0,7423.2,163.1,350.0,
2026-10-08,PN-EQ-07,24.0,0.0,7312.1,209.9,350.0,
2027-05-23,PN-EQ-07,24.0,0.0,7461.2,114.0,350.0,
2026-05-20,PN-EQ-09,24.0,0.0,5120.1,168.0,260.0,
2026-12-03,PN-EQ-05,24.0,0.0,6216.4,81.6,300.0,
2027-09-26,PN-EQ-05,24.0,0.0,6517.9,113.4,300.0,
2026-08-14,PN-EQ-04,24.0,0.0,8763.7,164.6,460.0,
2027-10-30,PN-EQ-09,21.3,2.7,4860.3,96.1,260.0,
2026-10-14,PN-EQ-10,24.0,0.0,11188.1,265.9,500.0,
2026-09-19,PN-EQ-06,24.0,0.0,6374.4,146.8,300.0,
2026-12-17,PN-EQ-07,24.0,0.0,7939.5,160.3,350.0,
2027-05-03,PN-EQ-04,19.8,4.2,8135.6,203.0,460.0,
2027-10-29,PN-EQ-07,24.0,0.0,7417.0,152.1,350.0,
2026-06-30,PN-EQ-02,24.0,0.0,9469.9,207.6,430.0,
2027-06-04,PN-EQ-03,24.0,0.0,8457.7,208.9,380.0,
2027-11-06,PN-EQ-05,1.1,22.9,274.9,3.5,300.0,
2027-04-26,PN-EQ-05,24.0,0.0,6710.3,221.4,300.0,
2027-09-16,PN-EQ-05,16.4,7.6,4817.8,79.2,300.0,
2026-02-14,PN-EQ-10,20.42,0.0,9345.5,127.7,500.0,1.0
2026-12-09,PN-EQ-02,24.0,0.0,9741.9,118.1,430.0,
2026-12-02,PN-EQ-09,24.0,0.0,5491.0,140.1,260.0,
2026-05-16,PN-EQ-10,13.34,0.0,6140.8,125.3,500.0,1.0
2027-03-09,PN-EQ-09,24.0,0.0,6042.6,156.2,260.0,
2027-03-09,PN-EQ-04,24.0,0.0,8987.9,57.3,460.0,
2027-10-04,PN-EQ-07,24.0,0.0,8029.2,284.9,350.0,
2026-06-06,PN-EQ-05,24.0,0.0,6094.8,137.2,300.0,
2026-06-11,PN-EQ-04,24.0,0.0,10929.6,339.2,460.0,
2027-06-18,PN-EQ-06,24.0,0.0,6756.0,184.7,300.0,
2027-06-07,PN-EQ-08,24.0,0.0,8985.2,124.7,400.0,
2026-11-27,PN-EQ-07,24.0,0.0,6953.8,,350.0,
2026-12-23,PN-EQ-10,4.0,20.0,1759.3,25.7,500.0,
2026-02-28,PN-EQ-04,16.7,7.3,7133.0,129.3,460.0,
2027-01-07,PN-EQ-07,24.0,0.0,7710.7,142.0,350.0,
2026-11-06,PN-EQ-06,24.0,0.0,7077.0,95.5,300.0,
2026-02-07,PN-EQ-10,11.68,0.0,4770.9,71.1,500.0,2.0
2026-11-05,PN-EQ-05,24.0,0.0,6240.9,86.6,300.0,
2027-11-30,PN-EQ-05,24.0,0.0,6367.6,152.8,300.0,
2027-11-23,PN-EQ-02,23.2,0.8,8682.8,157.7,430.0,
2026-02-04,PN-EQ-09,21.6,2.4,4831.1,68.8,260.0,
2026-10-31,PN-EQ-05,24.0,0.0,6989.7,113.3,300.0,
2026-05-09,PN-EQ-01,24.0,0.0,11184.1,292.3,520.0,
2027-05-05,PN-EQ-03,24.0,0.0,7942.9,112.2,380.0,
2026-09-15,PN-EQ-07,24.0,0.0,7459.5,186.9,350.0,
2026-07-01,PN-EQ-08,24.0,0.0,8575.1,86.1,400.0,
2026-04-10,PN-EQ-10,6.34,0.0,2656.3,1.2,500.0,2.0
2027-01-04,PN-EQ-10,8.8,15.2,4005.2,28.1,500.0,
2026-02-12,PN-EQ-10,12.39,0.11,5174.9,13.5,500.0,1.0
2026-11-10,PN-EQ-03,24.0,0.0,8268.5,213.0,380.0,
2027-05-06,PN-EQ-05,24.0,0.0,6145.7,168.2,300.0,
2027-06-29,PN-EQ-10,16.8,7.2,7227.9,98.6,500.0,
2026-05-17,PN-EQ-08,21.6,2.4,8244.7,139.9,400.0,
2026-11-04,PN-EQ-08,23.2,0.8,8708.3,122.6,400.0,
2026-09-09,PN-EQ-03,24.0,0.0,8853.4,90.2,380.0,
2026-10-09,PN-EQ-06,24.0,0.0,5928.5,69.6,300.0,
2027-12-06,PN-EQ-07,24.0,0.0,7352.2,86.5,350.0,
2027-12-24,PN-EQ-04,24.0,0.0,9036.6,237.2,460.0,
2026-04-28,PN-EQ-01,24.0,0.0,10826.1,178.5,520.0,
2026-09-21,PN-EQ-06,24.0,0.0,6917.7,127.0,300.0,
2026-07-07,PN-EQ-04,24.0,0.0,9708.6,157.9,460.0,
2026-05-12,PN-EQ-07,24.0,0.0,7483.4,,350.0,
2026-02-27,PN-EQ-10,0.55,0.0,110.4,64.4,500.0,2.0
2027-09-05,PN-EQ-03,24.0,0.0,9028.8,196.5,380.0,
2026-03-07,PN-EQ-09,0.72,0.0,221.4,34.9,260.0,3.0
2026-03-05,PN-EQ-09,14.81,0.0,3341.4,3.1,260.0,1.0
2027-09-14,PN-EQ-08,24.0,0.0,9139.2,,400.0,
2027-05-09,PN-EQ-03,24.0,0.0,7556.7,256.7,380.0,
2026-06-14,PN-EQ-10,24.0,0.0,10855.1,104.2,500.0,
2026-06-25,PN-EQ-01,24.0,0.0,10859.5,0.0,520.0,
2026-11-29,PN-EQ-10,24.0,0.0,10103.6,84.4,500.0,
2027-02-16,PN-EQ-04,18.2,5.8,7735.9,252.0,460.0,
2026-07-25,PN-EQ-06,24.0,0.0,7128.0,99.5,300.0,
2026-12-21,PN-EQ-03,24.0,0.0,8339.3,242.5,380.0,
2026-02-22,PN-EQ-10,7.6,0.28,3545.3,154.5,500.0,2.0
2027-12-11,PN-EQ-01,24.0,0.0,11842.7,244.0,520.0,
2027-12-26,PN-EQ-05,24.0,0.0,6498.9,174.0,300.0,
2026-08-18,PN-EQ-07,24.0,0.0,7974.4,165.9,350.0,
2026-04-05,PN-EQ-10,17.51,0.0,8326.6,25.0,500.0,2.0
2027-09-21,PN-EQ-05,24.0,0.0,7061.8,61.7,300.0,
2026-05-03,PN-EQ-10,9.81,0.0,4110.8,46.7,500.0,1.0
2026-06-18,PN-EQ-08,24.0,0.0,8267.0,173.5,400.0,
2026-11-01,PN-EQ-05,24.0,0.0,6534.1,152.0,300.0,
2027-10-24,PN-EQ-02,24.0,0.0,8609.5,206.1,430.0,
2026-08-24,PN-EQ-06,24.0,0.0,6672.1,0.0,300.0,
2026-10-30,PN-EQ-02,24.0,0.0,9586.3,306.6,430.0,
2026-08-31,PN-EQ-04,24.0,0.0,10242.9,219.3,460.0,
2026-08-19,PN-EQ-10,24.0,0.0,10663.1,156.2,500.0,
2026-09-13,PN-EQ-02,24.0,0.0,8988.1,170.3,430.0,
2027-07-17,PN-EQ-07,24.0,0.0,7526.6,180.4,350.0,
2027-11-01,PN-EQ-10,24.0,0.0,11304.8,166.3,500.0,
2026-07-05,PN-EQ-05,4.0,20.0,1128.1,21.1,300.0,
2026-12-26,PN-EQ-01,15.2,8.8,6838.7,,520.0,
2026-02-28,PN-EQ-08,24.0,0.0,9395.6,247.1,400.0,
2027-03-13,PN-EQ-04,24.0,0.0,9514.5,83.7,460.0,
2026-06-04,PN-EQ-06,21.6,2.4,6073.7,109.6,300.0,
2026-11-05,PN-EQ-02,17.5,6.5,7138.9,165.9,430.0,
2026-10-30,PN-EQ-01,24.0,0.0,11305.2,317.7,520.0,
2026-01-30,PN-EQ-09,24.0,0.0,5686.0,105.9,260.0,
2027-01-13,PN-EQ-04,4.8,19.2,1969.9,10.7,460.0,
2027-11-22,PN-EQ-08,21.0,3.0,7534.7,94.6,400.0,
2026-04-25,PN-EQ-10,10.35,0.0,4623.3,36.1,500.0,1.0
2026-02-21,PN-EQ-07,21.9,2.1,6870.1,116.7,350.0,
2027-09-03,PN-EQ-05,24.0,0.0,6699.5,117.1,300.0,
2027-06-27,PN-EQ-06,24.0,0.0,6322.5,193.4,300.0,
2027-03-26,PN-EQ-01,24.0,0.0,11555.4,240.0,520.0,
2027-06-19,PN-EQ-09,16.1,7.9,3684.6,64.5,260.0,
2027-04-27,PN-EQ-09,22.7,1.3,5113.7,99.2,260.0,
2027-03-08,PN-EQ-05,18.4,5.6,5096.8,130.2,300.0,
2026-01-12,PN-EQ-03,24.0,0.0,8504.6,137.5,380.0,
2027-02-03,PN-EQ-05,24.0,0.0,6145.9,141.9,300.0,
2026-12-08,PN-EQ-06,24.0,0.0,6606.5,,300.0,
2026-08-21,PN-EQ-09,23.5,0.5,5416.6,100.0,260.0,
2026-12-04,PN-EQ-06,24.0,0.0,6135.5,87.0,300.0,
2026-08-12,PN-EQ-07,24.0,0.0,7243.4,150.1,350.0,
2027-07-23,PN-EQ-07,15.6,8.4,4879.1,124.8,350.0,
2027-10-12,PN-EQ-06,24.0,0.0,6230.4,63.0,300.0,
2027-04-28,PN-EQ-03,15.9,8.1,5069.0,60.4,380.0,
2027-10-06,PN-EQ-06,24.0,0.0,6361.8,120.2,300.0,
2026-09-24,PN-EQ-01,24.0,0.0,10550.8,142.6,520.0,
2026-03-25,PN-EQ-05,24.0,0.0,6485.9,154.7,300.0,
2027-11-03,PN-EQ-09,12.7,11.3,3140.1,58.3,260.0,
2027-11-07,PN-EQ-08,24.0,0.0,7819.1,202.1,400.0,
2027-05-19,PN-EQ-03,23.4,0.6,8104.0,312.4,380.0,
2026-02-24,PN-EQ-10,4.32,0.62,2040.7,6.6,500.0,3.0
2027-08-04,PN-EQ-08,6.1,17.9,2171.2,61.8,400.0,
2027-04-30,PN-EQ-09,18.4,5.6,4494.6,55.4,260.0,
2027-03-14,PN-EQ-09,15.9,8.1,3711.8,105.2,260.0,
2026-07-07,PN-EQ-05,20.8,3.2,5607.4,122.6,300.0,
2027-12-20,PN-EQ-05,19.2,4.8,5494.3,99.4,300.0,
2027-12-13,PN-EQ-04,0.0,24.0,0.0,0.0,460.0,
2026-11-29,PN-EQ-09,24.0,0.0,5578.7,140.3,260.0,
2026-10-16,PN-EQ-05,22.3,1.7,5926.3,117.5,300.0,
2027-10-12,PN-EQ-07,18.6,5.4,5506.4,125.2,350.0,
2027-05-15,PN-EQ-09,22.2,1.8,5433.2,93.7,260.0,
2026-11-26,PN-EQ-08,24.0,0.0,8288.4,211.7,400.0,
2027-12-27,PN-EQ-04,24.0,0.0,9549.2,241.6,460.0,
2027-12-21,PN-EQ-04,24.0,0.0,9074.5,172.7,460.0,
2027-11-17,PN-EQ-03,24.0,0.0,6927.1,128.4,380.0,
2027-03-17,PN-EQ-02,24.0,0.0,9384.7,284.0,430.0,
2026-02-09,PN-EQ-07,24.0,0.0,7738.5,158.0,350.0,
2026-04-29,PN-EQ-02,24.0,0.0,9571.6,329.7,430.0,
2026-06-20,PN-EQ-10,19.0,5.0,8342.6,149.6,500.0,
2027-08-24,PN-EQ-02,24.0,0.0,9495.5,148.1,430.0,
2026-11-24,PN-EQ-03,24.0,0.0,6969.2,129.6,380.0,
2027-11-03,PN-EQ-10,24.0,0.0,10770.6,273.3,500.0,
2027-12-20,PN-EQ-08,22.6,1.4,8186.2,120.9,400.0,
2026-08-14,PN-EQ-01,24.0,0.0,10817.0,332.1,520.0,
2026-03-26,PN-EQ-10,1.87,4.05,1024.6,36.8,500.0,3.0
2026-09-25,PN-EQ-07,21.5,2.5,7139.1,169.3,350.0,
2026-01-10,PN-EQ-01,20.4,3.6,9743.5,20.8,520.0,
2026-06-12,PN-EQ-04,24.0,0.0,10929.6,246.9,460.0,
2026-08-28,PN-EQ-05,24.0,0.0,6202.9,72.2,300.0,
2026-08-30,PN-EQ-03,24.0,0.0,8588.1,159.4,380.0,
2027-05-08,PN-EQ-07,24.0,0.0,6734.5,188.9,350.0,
2026-02-06,PN-EQ-10,24.0,0.0,11638.7,299.5,500.0,
2027-02-22,PN-EQ-04,24.0,0.0,9628.6,104.2,460.0,
2027-11-17,PN-EQ-09,24.0,0.0,5322.7,64.0,260.0,
2026-05-15,PN-EQ-09,5.75,0.0,1496.5,0.9,260.0,1.0
2026-07-11,PN-EQ-09,24.0,0.0,4943.5,163.3,260.0,
2026-02-08,PN-EQ-09,9.5,0.0,2072.6,33.3,260.0,3.0
2026-03-08,PN-EQ-07,24.0,0.0,7130.4,43.8,350.0,
2026-08-06,PN-EQ-04,24.0,0.0,9627.2,281.3,460.0,
2027-04-08,PN-EQ-04,19.6,4.4,8129.6,262.0,460.0,
2026-02-21,PN-EQ-01,24.0,0.0,11975.2,250.9,520.0,
2027-11-15,PN-EQ-10,24.0,0.0,11230.4,358.2,500.0,
2027-07-28,PN-EQ-06,18.1,5.9,5059.7,57.0,300.0,
2026-06-19,PN-EQ-07,24.0,0.0,7169.3,141.0,350.0,
2027-04-26,PN-EQ-08,23.5,0.5,8226.1,179.8,400.0,
2026-05-10,PN-EQ-02,24.0,0.0,9030.6,124.7,430.0,
2026-10-29,PN-EQ-02,22.4,1.6,8433.7,202.6,430.0,
2026-12-14,PN-EQ-08,24.0,0.0,8203.3,139.0,400.0,
2027-08-16,PN-EQ-01,24.0,0.0,12003.2,14.4,520.0,
2026-07-02,PN-EQ-01,24.0,0.0,11376.3,312.8,520.0,
2027-07-24,PN-EQ-03,24.0,0.0,8131.6,171.4,380.0,
2027-11-05,PN-EQ-01,24.0,0.0,11818.0,270.1,520.0,
2026-03-31,PN-EQ-07,24.0,0.0,7092.6,93.4,350.0,
2026-11-16,PN-EQ-07,23.5,0.5,7169.6,102.8,350.0,
2027-02-14,PN-EQ-10,24.0,0.0,10948.0,271.0,500.0,
2027-01-22,PN-EQ-05,24.0,0.0,6724.6,106.3,300.0,
2026-08-22,PN-EQ-05,24.0,0.0,6015.6,108.2,300.0,
2027-09-21,PN-EQ-03,24.0,0.0,7501.5,171.5,380.0,
2026-08-28,PN-EQ-01,24.0,0.0,10707.2,295.8,520.0,
2027-09-30,PN-EQ-07,22.1,1.9,7280.6,195.8,350.0,
2027-12-14,PN-EQ-01,24.0,0.0,10584.9,192.4,520.0,
2026-03-10,PN-EQ-10,16.78,0.41,7598.5,5.2,500.0,2.0
2026-06-06,PN-EQ-06,24.0,0.0,6989.1,80.9,300.0,
2027-10-31,PN-EQ-08,24.0,0.0,8544.0,144.9,400.0,
2027-07-02,PN-EQ-02,24.0,0.0,9358.4,324.2,430.0,
2026-12-05,PN-EQ-04,24.0,0.0,10139.6,93.5,460.0,
2026-09-24,PN-EQ-10,24.0,0.0,11444.9,331.3,500.0,
2027-05-16,PN-EQ-05,24.0,0.0,6182.5,108.7,300.0,
2027-02-09,PN-EQ-06,24.0,0.0,6886.0,153.5,300.0,
2026-02-21,PN-EQ-02,24.0,0.0,8495.5,160.1,430.0,
2027-10-10,PN-EQ-07,24.0,0.0,8059.1,161.4,350.0,
2026-12-14,PN-EQ-03,24.0,0.0,8101.3,117.9,380.0,
2026-09-12,PN-EQ-07,19.9,4.1,5873.3,155.9,350.0,
2026-11-17,PN-EQ-06,24.0,0.0,6546.1,213.0,300.0,
2027-11-24,PN-EQ-06,24.0,0.0,6186.2,134.4,300.0,
2026-07-25,PN-EQ-10,24.0,0.0,10315.2,260.3,500.0,
2026-05-17,PN-EQ-01,24.0,0.0,12355.2,197.6,520.0,
2027-07-07,PN-EQ-01,24.0,0.0,10531.5,212.3,520.0,
2027-05-27,PN-EQ-10,14.9,9.1,5979.0,190.3,500.0,
2027-10-15,PN-EQ-06,24.0,0.0,6476.7,110.2,300.0,
2026-02-19,PN-EQ-10,18.44,0.0,8658.2,6.4,500.0,2.0
2026-03-04,PN-EQ-06,16.7,7.3,4261.9,73.1,300.0,
2026-02-13,PN-EQ-08,24.0,0.0,8367.8,69.2,400.0,
2027-03-06,PN-EQ-04,24.0,0.0,10697.0,306.9,460.0,
2026-04-09,PN-EQ-07,24.0,0.0,6937.7,144.4,350.0,
2026-03-03,PN-EQ-07,24.0,0.0,7760.4,35.8,350.0,
2026-12-29,PN-EQ-02,21.9,2.1,7678.8,215.9,430.0,
2027-08-18,PN-EQ-10,24.0,0.0,11698.1,153.0,500.0,
2026-05-19,PN-EQ-09,24.0,0.0,5634.6,166.2,260.0,
2027-09-22,PN-EQ-02,24.0,0.0,8662.2,179.0,430.0,
2026-07-01,PN-EQ-09,24.0,0.0,5317.0,133.8,260.0,
2027-06-27,PN-EQ-01,24.0,0.0,10426.6,278.5,520.0,
2027-01-31,PN-EQ-07,23.3,0.7,6543.2,99.9,350.0,
2026-04-23,PN-EQ-03,22.5,1.5,8378.8,130.4,380.0,
2027-01-22,PN-EQ-06,24.0,0.0,7122.6,184.4,300.0,
2026-10-23,PN-EQ-07,24.0,0.0,7332.8,134.5,350.0,
2026-05-20,PN-EQ-04,14.2,9.8,5715.1,39.0,460.0,
2027-11-04,PN-EQ-09,24.0,0.0,5992.8,119.3,260.0,
2027-02-28,PN-EQ-08,24.0,0.0,8278.1,134.4,400.0,
2026-03-21,PN-EQ-05,15.9,8.1,4541.1,96.7,300.0,
2027-08-26,PN-EQ-09,24.0,0.0,5682.9,136.1,260.0,
2027-01-16,PN-EQ-05,24.0,0.0,6174.0,70.3,300.0,
2026-05-14,PN-EQ-03,24.0,0.0,8658.6,224.7,380.0,
2026-04-18,PN-EQ-07,22.3,1.7,6828.3,69.3,350.0,
2027-02-23,PN-EQ-09,24.0,0.0,5970.3,157.9,260.0,
2026-05-08,PN-EQ-06,24.0,0.0,6787.2,63.2,300.0,
2026-03-03,PN-EQ-05,24.0,0.0,6152.6,88.6,300.0,
2026-04-20,PN-EQ-02,24.0,0.0,9278.8,100.7,430.0,
2026-02-04,PN-EQ-06,24.0,0.0,6280.3,103.1,300.0,
2026-12-04,PN-EQ-08,24.0,0.0,9009.2,221.8,400.0,
2026-10-08,PN-EQ-02,24.0,0.0,8799.8,145.7,430.0,
2027-12-29,PN-EQ-07,24.0,0.0,6625.4,58.8,350.0,
2026-08-11,PN-EQ-01,24.0,0.0,10468.3,260.8,520.0,
2026-09-21,PN-EQ-08,24.0,0.0,9019.9,216.1,400.0,
2026-07-21,PN-EQ-04,24.0,0.0,9161.8,204.3,460.0,
2026-06-07,PN-EQ-03,24.0,0.0,8295.1,89.4,380.0,
2026-04-07,PN-EQ-04,24.0,0.0,9988.2,84.3,460.0,
2027-01-31,PN-EQ-10,13.2,10.8,5629.4,142.1,500.0,
2027-10-21,PN-EQ-10,24.0,0.0,11433.9,292.9,500.0,
2026-03-11,PN-EQ-04,24.0,0.0,9677.9,323.2,460.0,
2027-04-16,PN-EQ-01,22.6,1.4,10609.0,226.0,520.0,
2026-08-10,PN-EQ-02,24.0,0.0,9264.8,170.2,430.0,
2027-11-11,PN-EQ-07,19.0,5.0,5525.8,54.4,350.0,
2026-11-04,PN-EQ-01,24.0,0.0,10721.7,122.8,520.0,
2026-11-13,PN-EQ-07,24.0,0.0,7467.6,36.3,350.0,
2027-10-17,PN-EQ-01,24.0,0.0,11699.5,371.3,520.0,
2026-05-05,PN-EQ-05,23.0,1.0,6065.6,143.8,300.0,
2027-02-16,PN-EQ-07,24.0,0.0,7528.7,105.7,350.0,
2027-07-31,PN-EQ-09,24.0,0.0,5609.0,123.2,260.0,
2027-08-25,PN-EQ-09,24.0,0.0,5345.2,50.6,260.0,
2026-10-06,PN-EQ-06,24.0,0.0,6798.9,136.6,300.0,
2027-03-17,PN-EQ-10,24.0,0.0,10293.9,307.3,500.0,
2027-05-26,PN-EQ-03,24.0,0.0,8490.1,99.9,380.0,
2027-03-25,PN-EQ-01,24.0,0.0,10984.9,293.2,520.0,
2027-09-13,PN-EQ-02,24.0,0.0,9082.8,191.0,430.0,
2026-08-09,PN-EQ-09,24.0,0.0,5249.5,24.9,260.0,
2027-05-19,PN-EQ-05,24.0,0.0,6256.6,0.0,300.0,
2026-11-14,PN-EQ-02,24.0,0.0,9735.7,120.3,430.0,
2027-10-18,PN-EQ-03,24.0,0.0,8563.9,152.0,380.0,
2026-02-20,PN-EQ-10,8.73,0.0,3685.9,30.2,500.0,1.0
2027-05-01,PN-EQ-05,24.0,0.0,6229.4,156.8,300.0,
2027-05-15,PN-EQ-03,24.0,0.0,8396.0,158.5,380.0,
2026-08-11,PN-EQ-09,24.0,0.0,5563.4,116.8,260.0,
2027-09-22,PN-EQ-09,13.6,10.4,3265.9,44.1,260.0,
2027-03-23,PN-EQ-02,24.0,0.0,8968.7,33.0,430.0,
2027-02-20,PN-EQ-02,24.0,0.0,9277.5,234.7,430.0,
2026-10-02,PN-EQ-05,24.0,0.0,6005.7,166.7,300.0,
2027-07-30,PN-EQ-05,22.3,1.7,4937.0,0.0,300.0,
2027-03-29,PN-EQ-09,22.5,1.5,5634.8,133.7,260.0,
2027-09-25,PN-EQ-01,24.0,0.0,10999.6,125.6,520.0,
2026-06-21,PN-EQ-07,24.0,0.0,7005.0,138.5,350.0,
2027-07-01,PN-EQ-05,24.0,0.0,6395.8,190.6,300.0,
2026-09-06,PN-EQ-06,24.0,0.0,6349.3,119.9,300.0,
2026-11-18,PN-EQ-04,24.0,0.0,9090.3,322.1,460.0,
2027-11-23,PN-EQ-01,24.0,0.0,12355.2,378.3,520.0,
2027-07-15,PN-EQ-09,24.0,0.0,5457.8,136.3,260.0,
2027-07-14,PN-EQ-07,24.0,0.0,7844.6,183.2,350.0,
2027-12-05,PN-EQ-01,20.5,3.5,9821.7,124.6,520.0,
2026-07-07,PN-EQ-10,24.0,0.0,10411.3,151.7,500.0,
2026-10-10,PN-EQ-03,18.5,5.5,6479.9,103.4,380.0,
2027-12-15,PN-EQ-07,24.0,0.0,7323.5,219.8,350.0,
2027-04-19,PN-EQ-02,24.0,0.0,9492.2,188.2,430.0,
2026-12-01,PN-EQ-04,24.0,0.0,10042.4,276.0,460.0,
2026-11-08,PN-EQ-01,24.0,0.0,11579.9,397.5,520.0,
2027-11-28,PN-EQ-07,19.8,4.2,6425.9,65.0,350.0,
2026-08-23,PN-EQ-02,24.0,0.0,9551.4,297.5,430.0,
2027-01-10,PN-EQ-07,24.0,0.0,8316.0,187.7,350.0,
2026-03-22,PN-EQ-03,24.0,0.0,8612.1,118.7,380.0,
2027-04-08,PN-EQ-01,17.8,6.2,9163.4,131.3,520.0,
2027-09-19,PN-EQ-05,24.0,0.0,6870.9,,300.0,
2027-10-02,PN-EQ-01,21.9,2.1,10002.6,170.2,520.0,
2027-04-22,PN-EQ-03,24.0,0.0,8699.9,169.3,380.0,
2026-12-13,PN-EQ-06,24.0,0.0,5780.1,178.6,300.0,
2027-12-06,PN-EQ-04,24.0,0.0,10905.3,327.4,460.0,
2027-04-17,PN-EQ-05,24.0,0.0,6423.5,252.5,300.0,
2026-05-12,PN-EQ-09,16.53,0.0,3904.1,9.9,260.0,1.0
2026-04-17,PN-EQ-10,7.71,0.03,2951.4,35.0,500.0,1.0
2027-07-21,PN-EQ-07,24.0,0.0,8054.6,,350.0,
2027-03-10,PN-EQ-06,23.5,0.5,6689.6,102.9,300.0,
2026-09-03,PN-EQ-07,24.0,0.0,7922.7,54.1,350.0,
2027-09-18,PN-EQ-01,24.0,0.0,9974.5,254.3,520.0,
2026-10-07,PN-EQ-04,24.0,0.0,10100.3,275.4,460.0,
2027-05-16,PN-EQ-04,23.5,0.5,9884.4,157.3,460.0,
2026-08-29,PN-EQ-08,16.4,7.6,5815.4,106.6,400.0,
2026-04-12,PN-EQ-03,24.0,0.0,7963.0,116.7,380.0,
2027-05-23,PN-EQ-09,21.3,2.7,4974.1,,260.0,
2026-09-19,PN-EQ-10,24.0,0.0,11059.9,202.6,500.0,
2027-02-22,PN-EQ-05,24.0,0.0,6902.4,50.4,300.0,
2027-02-09,PN-EQ-10,24.0,0.0,11880.0,219.2,500.0,
2027-07-09,PN-EQ-08,24.0,0.0,8438.1,60.9,400.0,
2026-02-25,PN-EQ-03,24.0,0.0,7943.4,151.2,380.0,
2027-04-02,PN-EQ-07,24.0,0.0,8188.6,76.9,350.0,
2026-10-01,PN-EQ-05,24.0,0.0,6034.4,64.1,300.0,
2026-11-30,PN-EQ-01,23.0,1.0,11111.9,293.5,520.0,
2027-04-28,PN-EQ-01,24.0,0.0,10800.3,169.8,520.0,
2026-02-13,PN-EQ-09,3.47,1.37,864.2,1.4,260.0,1.0
2027-11-02,PN-EQ-08,24.0,0.0,8279.7,145.9,400.0,
2026-07-27,PN-EQ-04,4.0,20.0,1666.5,37.3,460.0,
2026-04-17,PN-EQ-08,24.0,0.0,8761.8,223.0,400.0,
2026-02-11,PN-EQ-03,24.0,0.0,7757.3,147.4,380.0,
2027-07-08,PN-EQ-05,18.8,5.2,4809.7,128.5,300.0,
2027-04-12,PN-EQ-06,24.0,0.0,7085.4,100.6,300.0,
2026-03-27,PN-EQ-02,16.3,7.7,5658.0,118.1,430.0,
2027-08-01,PN-EQ-07,24.0,0.0,6716.1,237.8,350.0,
2027-08-24,PN-EQ-01,24.0,0.0,12355.2,272.4,520.0,
2026-03-07,PN-EQ-10,8.7,0.79,4371.6,37.7,500.0,1.0
2027-12-05,PN-EQ-08,24.0,0.0,9179.8,141.6,400.0,
2027-03-27,PN-EQ-10,24.0,0.0,11455.3,118.6,500.0,
2026-01-25,PN-EQ-08,19.1,4.9,6984.7,139.9,400.0,
2026-11-29,PN-EQ-06,24.0,0.0,6961.3,267.9,300.0,
2026-10-08,PN-EQ-03,24.0,0.0,8122.0,,380.0,
2026-01-15,PN-EQ-08,24.0,0.0,8834.4,254.5,400.0,
2026-07-28,PN-EQ-05,24.0,0.0,6350.9,168.1,300.0,
2026-05-24,PN-EQ-09,24.0,0.0,5377.4,71.6,260.0,
2026-06-26,PN-EQ-09,16.0,8.0,3540.7,84.0,260.0,
2026-06-13,PN-EQ-09,24.0,0.0,5428.0,83.2,260.0,
2027-08-19,PN-EQ-03,24.0,0.0,7972.3,157.7,380.0,
2026-09-22,PN-EQ-05,24.0,0.0,5847.6,194.3,300.0,
2026-06-22,PN-EQ-03,19.1,4.9,6253.6,84.8,380.0,
2027-08-09,PN-EQ-09,16.2,7.8,3900.4,107.9,260.0,
2026-07-25,PN-EQ-05,24.0,0.0,7079.9,80.4,300.0,
2026-06-01,PN-EQ-08,24.0,0.0,8632.7,191.7,400.0,
2026-03-02,PN-EQ-04,24.0,0.0,9895.2,104.0,460.0,
2026-12-18,PN-EQ-03,24.0,0.0,7925.4,204.7,380.0,
2026-03-27,PN-EQ-05,10.2,13.8,2988.8,66.8,300.0,
2026-05-12,PN-EQ-08,24.0,0.0,8703.5,250.0,400.0,
2026-09-01,PN-EQ-10,19.6,4.4,8654.4,109.0,500.0,
2027-12-02,PN-EQ-06,24.0,0.0,5987.2,62.8,300.0,
2027-11-04,PN-EQ-07,24.0,0.0,8316.0,135.5,350.0,
2027-04-10,PN-EQ-07,24.0,0.0,7457.2,177.4,350.0,
2027-12-08,PN-EQ-02,24.0,0.0,9371.0,153.6,430.0,
2026-11-09,PN-EQ-07,24.0,0.0,7392.2,231.7,350.0,
2026-12-15,PN-EQ-02,24.0,0.0,9259.4,120.0,430.0,
2026-02-23,PN-EQ-06,13.1,10.9,3564.9,81.8,300.0,
2026-05-02,PN-EQ-08,24.0,0.0,8267.6,141.7,400.0,
2027-05-30,PN-EQ-01,4.0,20.0,1830.1,16.0,520.0,
2027-10-13,PN-EQ-03,24.0,0.0,9028.8,5.2,380.0,
2026-03-25,PN-EQ-09,3.22,1.0,775.6,31.3,260.0,2.0
2026-03-06,PN-EQ-05,24.0,0.0,6336.3,176.1,300.0,
2027-06-04,PN-EQ-02,24.0,0.0,9521.2,120.4,430.0,
2027-05-24,PN-EQ-01,24.0,0.0,11569.5,0.0,520.0,
2027-06-02,PN-EQ-06,24.0,0.0,6736.1,133.1,300.0,
2027-03-02,PN-EQ-08,24.0,0.0,8419.9,54.1,400.0,
2026-02-19,PN-EQ-09,1.44,0.0,304.3,32.8,260.0,3.0
2026-03-30,PN-EQ-02,24.0,0.0,9236.8,229.2,430.0,
2027-09-20,PN-EQ-09,24.0,0.0,5756.8,77.4,260.0,
2026-02-19,PN-EQ-01,10.8,13.2,4698.0,176.5,520.0,
2026-01-17,PN-EQ-10,22.1,1.9,10319.3,130.2,500.0,
2026-03-10,PN-EQ-01,18.5,5.5,8164.8,88.1,520.0,
2027-11-01,PN-EQ-04,18.4,5.6,7856.8,62.2,460.0,
2026-03-26,PN-EQ-09,9.46,0.0,2307.9,64.8,260.0,1.0
2027-08-07,PN-EQ-10,24.0,0.0,11421.6,235.9,500.0,
2027-07-17,PN-EQ-01,22.8,1.2,11146.5,251.0,520.0,
2026-05-09,PN-EQ-10,18.12,0.0,8754.8,3.1,500.0,2.0
2026-06-22,PN-EQ-02,17.3,6.7,6824.2,163.4,430.0,
2027-03-29,PN-EQ-08,24.0,0.0,8856.3,258.0,400.0,
2026-10-22,PN-EQ-08,24.0,0.0,8509.2,204.2,400.0,
2026-02-27,PN-EQ-09,5.25,0.0,1097.7,24.3,260.0,1.0
2027-02-25,PN-EQ-06,24.0,0.0,7059.3,0.0,300.0,
2027-10-06,PN-EQ-02,24.0,0.0,9959.4,356.3,430.0,
2027-07-04,PN-EQ-08,24.0,0.0,8897.2,53.1,400.0,
2026-03-08,PN-EQ-08,24.0,0.0,8011.4,195.2,400.0,
2026-04-21,PN-EQ-04,24.0,0.0,9637.7,334.2,460.0,
2027-06-28,PN-EQ-05,24.0,0.0,6974.4,156.5,300.0,
2026-03-27,PN-EQ-09,16.87,0.0,3652.0,31.9,260.0,1.0
2027-06-23,PN-EQ-06,24.0,0.0,6919.7,185.3,300.0,
2026-09-25,PN-EQ-04,24.0,0.0,9565.2,,460.0,
2027-03-06,PN-EQ-03,24.0,0.0,9028.8,69.1,380.0,
2026-03-19,PN-EQ-05,24.0,0.0,6035.4,153.3,300.0,
2027-04-09,PN-EQ-03,24.0,0.0,7973.6,133.0,380.0,
2026-08-27,PN-EQ-03,24.0,0.0,8461.8,217.2,380.0,
2026-08-23,PN-EQ-03,24.0,0.0,7400.8,41.0,380.0,
2027-12-22,PN-EQ-03,24.0,0.0,8887.4,129.4,380.0,
2027-02-12,PN-EQ-07,24.0,0.0,7000.9,131.0,350.0,
2026-03-21,PN-EQ-08,24.0,0.0,8711.1,255.0,400.0,
2026-12-26,PN-EQ-10,24.0,0.0,10918.1,114.4,500.0,
2026-04-01,PN-EQ-10,7.3,0.0,3270.0,127.4,500.0,1.0
2027-05-31,PN-EQ-05,24.0,0.0,6476.1,50.5,300.0,
2027-02-17,PN-EQ-03,24.0,0.0,7843.4,315.2,380.0,
2027-10-02,PN-EQ-03,24.0,0.0,9028.8,111.5,380.0,
2026-07-05,PN-EQ-01,24.0,0.0,10613.8,161.2,520.0,
2026-01-27,PN-EQ-02,24.0,0.0,8936.2,74.7,430.0,
2027-03-27,PN-EQ-02,24.0,0.0,9411.0,268.1,430.0,
2027-08-25,PN-EQ-05,24.0,0.0,6140.1,69.4,300.0,
2026-05-21,PN-EQ-10,24.0,0.0,10780.2,281.1,500.0,
2026-05-03,PN-EQ-01,24.0,0.0,10812.5,258.3,520.0,
2027-02-25,PN-EQ-10,24.0,0.0,11642.8,274.9,500.0,
2027-12-22,PN-EQ-01,24.0,0.0,11190.3,230.8,520.0,
2027-08-20,PN-EQ-04,24.0,0.0,10635.5,305.4,460.0,
2026-06-17,PN-EQ-01,24.0,0.0,10454.3,410.3,520.0,
2026-12-11,PN-EQ-01,24.0,0.0,12280.4,271.9,520.0,
2026-05-23,PN-EQ-06,24.0,0.0,5747.5,80.4,300.0,
2027-05-28,PN-EQ-02,24.0,0.0,9794.5,68.7,430.0,
2026-04-27,PN-EQ-10,8.9,0.18,4154.2,13.0,500.0,2.0
2027-11-14,PN-EQ-10,24.0,0.0,10609.7,153.7,500.0,
2026-06-26,PN-EQ-08,24.0,0.0,7781.1,121.5,400.0,
2027-12-23,PN-EQ-07,24.0,0.0,7095.6,37.0,350.0,
2026-08-09,PN-EQ-07,23.5,0.5,7550.0,182.4,350.0,
2027-06-06,PN-EQ-02,24.0,0.0,9114.9,,430.0,
2027-02-25,PN-EQ-01,24.0,0.0,10454.7,218.2,520.0,
2027-01-21,PN-EQ-05,24.0,0.0,6946.8,316.7,300.0,
2027-11-30,PN-EQ-02,24.0,0.0,8849.1,138.7,430.0,
2026-01-26,PN-EQ-01,24.0,0.0,10402.9,186.9,520.0,
2027-10-14,PN-EQ-09,24.0,0.0,5999.6,33.0,260.0,
2027-06-27,PN-EQ-05,24.0,0.0,6042.6,99.9,300.0,
2026-07-30,PN-EQ-03,24.0,0.0,8302.3,166.5,380.0,
2026-05-08,PN-EQ-08,23.4,0.6,8573.7,148.5,400.0,
2026-02-09,PN-EQ-05,15.4,8.6,4277.5,100.5,300.0,
2027-08-08,PN-EQ-02,24.0,0.0,9831.7,90.0,430.0,
2027-05-02,PN-EQ-02,24.0,0.0,8753.1,116.1,430.0,
2027-07-28,PN-EQ-10,4.0,20.0,1857.7,26.6,500.0,
2026-03-26,PN-EQ-06,24.0,0.0,6884.2,213.5,300.0,
2026-11-28,PN-EQ-01,24.0,0.0,11537.8,58.3,520.0,
2026-05-13,PN-EQ-09,5.32,2.35,1373.3,47.2,260.0,2.0
2027-05-31,PN-EQ-01,24.0,0.0,11457.3,483.3,520.0,
2026-10-20,PN-EQ-06,24.0,0.0,6714.7,220.6,300.0,
2026-04-06,PN-EQ-10,11.74,1.33,5374.6,79.0,500.0,2.0
2027-05-08,PN-EQ-09,24.0,0.0,5862.4,47.2,260.0,
2026-10-02,PN-EQ-06,24.0,0.0,6669.0,116.9,300.0,
2027-02-13,PN-EQ-06,24.0,0.0,6249.4,107.6,300.0,
2027-08-12,PN-EQ-03,24.0,0.0,7172.2,161.4,380.0,
2026-07-28,PN-EQ-06,16.7,7.3,4521.7,121.6,300.0,
2026-10-21,PN-EQ-01,24.0,0.0,10664.2,373.9,520.0,
2026-04-01,PN-EQ-09,10.5,0.0,2386.9,41.6,260.0,3.0
2026-03-05,PN-EQ-03,24.0,0.0,8483.8,93.3,380.0,
2027-03-08,PN-EQ-08,24.0,0.0,8430.0,224.9,400.0,
2027-07-19,PN-EQ-08,4.0,20.0,1559.8,38.0,400.0,
2026-12-19,PN-EQ-01,24.0,0.0,11001.2,226.8,520.0,
2027-01-31,PN-EQ-08,24.0,0.0,7970.0,168.2,400.0,
2027-12-09,PN-EQ-04,24.0,0.0,9263.9,178.3,460.0,
2027-01-03,PN-EQ-04,24.0,0.0,9469.0,251.9,460.0,
2026-09-06,PN-EQ-09,24.0,0.0,5906.6,142.3,260.0,
2027-06-30,PN-EQ-08,24.0,0.0,8540.8,264.6,400.0,
2026-10-13,PN-EQ-04,24.0,0.0,8861.5,65.4,460.0,
2027-05-10,PN-EQ-08,24.0,0.0,8092.9,228.4,400.0,
2026-10-22,PN-EQ-01,24.0,0.0,11602.0,118.8,520.0,
2027-12-07,PN-EQ-10,24.0,0.0,10897.9,203.7,500.0,
2027-11-09,PN-EQ-09,23.5,0.5,5006.3,120.7,260.0,
2027-10-10,PN-EQ-04,7.1,16.9,2998.1,56.8,460.0,
2026-02-06,PN-EQ-02,24.0,0.0,8852.8,302.7,430.0,
2027-05-17,PN-EQ-05,24.0,0.0,6303.7,135.1,300.0,
2027-04-23,PN-EQ-07,24.0,0.0,7180.1,98.4,350.0,
2026-02-19,PN-EQ-04,24.0,0.0,10008.6,290.4,460.0,
2027-10-17,PN-EQ-08,24.0,0.0,8415.3,88.0,400.0,
2027-03-16,PN-EQ-06,24.0,0.0,6561.2,,300.0,
2027-04-24,PN-EQ-02,24.0,0.0,9533.6,261.2,430.0,
2026-03-01,PN-EQ-06,24.0,0.0,6368.1,119.5,300.0,
2027-05-08,PN-EQ-08,5.1,18.9,1681.0,41.1,400.0,
2026-03-18,PN-EQ-10,2.41,0.0,1329.6,34.2,500.0,3.0
2027-09-15,PN-EQ-08,22.8,1.2,8341.5,180.9,400.0,
2027-03-11,PN-EQ-08,24.0,0.0,8968.3,150.8,400.0,
2027-12-23,PN-EQ-08,24.0,0.0,8189.0,207.9,400.0,
2026-03-24,PN-EQ-05,24.0,0.0,6402.1,115.4,300.0,
2026-07-31,PN-EQ-04,15.3,8.7,6276.1,142.5,460.0,
2026-07-30,PN-EQ-07,24.0,0.0,7425.0,155.2,350.0,
2027-01-19,PN-EQ-07,24.0,0.0,7200.6,227.6,350.0,
2027-04-21,PN-EQ-03,24.0,0.0,8439.0,94.7,380.0,
2026-07-08,PN-EQ-06,15.6,8.4,4633.2,68.3,300.0,
2026-10-04,PN-EQ-03,24.0,0.0,8494.8,163.5,380.0,
2026-08-25,PN-EQ-10,24.0,0.0,11600.7,211.5,500.0,
2026-03-06,PN-EQ-10,4.14,7.1,1809.4,87.8,500.0,3.0
2026-08-04,PN-EQ-09,18.7,5.3,4539.2,123.1,260.0,
2026-05-25,PN-EQ-10,4.0,20.0,1744.7,39.7,500.0,
2026-10-18,PN-EQ-02,16.7,7.3,6243.3,201.5,430.0,
2026-01-14,PN-EQ-02,23.1,0.9,9511.1,158.8,430.0,
2027-11-24,PN-EQ-07,16.5,7.5,4850.9,46.9,350.0,
2027-11-28,PN-EQ-02,24.0,0.0,9121.9,137.2,430.0,
2027-07-12,PN-EQ-09,24.0,0.0,5583.3,190.3,260.0,
2027-05-03,PN-EQ-02,17.1,6.9,6511.8,136.8,430.0,
2026-09-07,PN-EQ-06,24.0,0.0,6234.2,115.9,300.0,
2027-09-23,PN-EQ-02,24.0,0.0,9695.9,225.7,430.0,
2027-01-08,PN-EQ-05,24.0,0.0,6740.2,117.1,300.0,
2027-09-12,PN-EQ-07,24.0,0.0,6879.6,140.2,350.0,
2027-04-12,PN-EQ-05,24.0,0.0,6198.2,124.4,300.0,
2027-03-28,PN-EQ-06,21.2,2.8,5724.2,70.7,300.0,
2026-12-28,PN-EQ-01,24.0,0.0,11563.5,169.7,520.0,
2027-04-02,PN-EQ-08,24.0,0.0,9167.7,142.8,400.0,
2026-12-02,PN-EQ-10,24.0,0.0,10695.9,,500.0,
2027-03-06,PN-EQ-08,24.0,0.0,8859.4,176.2,400.0,
2026-01-31,PN-EQ-09,24.0,0.0,5406.5,173.7,260.0,
2027-09-01,PN-EQ-01,24.0,0.0,10823.1,,520.0,
2027-02-13,PN-EQ-09,24.0,0.0,5417.8,111.8,260.0,
2027-08-30,PN-EQ-04,24.0,0.0,9689.2,219.2,460.0,
2027-10-21,PN-EQ-06,24.0,0.0,6287.8,117.5,300.0,
2027-05-04,PN-EQ-06,24.0,0.0,6803.1,134.3,300.0,
2026-01-30,PN-EQ-04,22.8,1.2,9413.9,121.4,460.0,
2027-07-02,PN-EQ-04,19.0,5.0,6918.4,119.2,460.0,
2026-05-17,PN-EQ-09,9.5,0.0,2179.4,31.7,260.0,2.0
2027-12-13,PN-EQ-06,4.0,20.0,1079.0,21.4,300.0,
2027-07-13,PN-EQ-05,24.0,0.0,6435.1,148.6,300.0,
2027-04-14,PN-EQ-08,24.0,0.0,8440.5,237.2,400.0,
2027-01-01,PN-EQ-05,24.0,0.0,6671.9,85.1,300.0,
2026-10-11,PN-EQ-04,24.0,0.0,9938.9,246.6,460.0,
2027-09-24,PN-EQ-08,24.0,0.0,8285.8,94.8,400.0,
2027-06-17,PN-EQ-02,24.0,0.0,8973.9,126.8,430.0,
2026-07-24,PN-EQ-05,24.0,0.0,5990.2,168.3,300.0,
2026-03-30,PN-EQ-09,12.31,0.0,2807.3,59.5,260.0,1.0
2026-11-16,PN-EQ-05,24.0,0.0,6842.5,143.7,300.0,
2027-06-15,PN-EQ-10,20.1,3.9,9074.8,49.4,500.0,
2026-08-29,PN-EQ-04,24.0,0.0,9020.1,119.1,460.0,
2026-05-07,PN-EQ-04,24.0,0.0,9711.1,172.3,460.0,
2027-05-03,PN-EQ-07,24.0,0.0,7605.6,70.9,350.0,
2026-07-22,PN-EQ-03,24.0,0.0,7599.4,301.8,380.0,
2027-04-15,PN-EQ-09,24.0,0.0,5652.1,115.7,260.0,
2027-09-08,PN-EQ-10,24.0,0.0,11583.4,320.2,500.0,
2026-10-21,PN-EQ-04,24.0,0.0,10141.3,278.5,460.0,
2026-11-05,PN-EQ-10,15.8,8.2,7356.9,93.2,500.0,
2026-07-28,PN-EQ-02,24.0,0.0,9183.5,139.7,430.0,
2026-09-14,PN-EQ-06,24.0,0.0,6486.1,180.7,300.0,
2027-02-24,PN-EQ-05,24.0,0.0,6521.4,125.8,300.0,
2027-10-18,PN-EQ-06,24.0,0.0,6152.4,183.6,300.0,
2027-09-29,PN-EQ-01,24.0,0.0,11336.8,240.6,520.0,
2027-01-02,PN-EQ-03,24.0,0.0,8035.3,106.0,380.0,
2027-05-16,PN-EQ-09,24.0,0.0,5366.6,91.5,260.0,
2026-09-01,PN-EQ-09,24.0,0.0,5003.9,159.9,260.0,
2026-08-15,PN-EQ-10,7.8,16.2,3358.3,73.7,500.0,
2027-02-01,PN-EQ-01,24.0,0.0,10987.9,254.4,520.0,
2027-06-03,PN-EQ-10,19.3,4.7,8400.5,300.1,500.0,
2027-01-02,PN-EQ-10,20.9,3.1,9019.2,203.1,500.0,
2026-07-21,PN-EQ-07,24.0,0.0,6994.0,57.1,350.0,
2026-11-14,PN-EQ-07,24.0,0.0,8092.8,176.6,350.0,
2027-01-12,PN-EQ-09,24.0,0.0,5135.4,101.6,260.0,
2026-08-15,PN-EQ-05,24.0,0.0,6169.5,192.1,300.0,
2027-05-21,PN-EQ-06,24.0,0.0,6042.8,137.3,300.0,
2027-08-08,PN-EQ-05,24.0,0.0,6137.5,54.2,300.0,
2027-10-04,PN-EQ-10,21.9,2.1,10616.6,226.3,500.0,
2026-07-08,PN-EQ-05,4.0,20.0,1103.6,19.1,300.0,
2027-09-03,PN-EQ-03,24.0,0.0,9028.8,139.3,380.0,
2027-10-31,PN-EQ-03,24.0,0.0,8534.3,140.0,380.0,
2027-08-15,PN-EQ-07,22.2,1.8,7620.5,97.8,350.0,
2027-12-17,PN-EQ-05,24.0,0.0,5840.9,134.2,300.0,
2026-03-17,PN-EQ-09,20.72,0.0,4560.5,43.9,260.0,2.0
2027-01-08,PN-EQ-09,24.0,0.0,5788.4,146.6,260.0,
2026-12-13,PN-EQ-08,24.0,0.0,8584.0,125.6,400.0,
2026-10-05,PN-EQ-02,24.0,0.0,8810.5,196.3,430.0,
2026-03-16,PN-EQ-09,14.3,0.34,3280.8,11.4,260.0,1.0
2027-05-15,PN-EQ-06,24.0,0.0,6551.5,215.5,300.0,
2026-09-28,PN-EQ-02,24.0,0.0,10216.8,207.0,430.0,
2026-12-18,PN-EQ-05,24.0,0.0,6489.8,141.0,300.0,
2026-06-19,PN-EQ-04,24.0,0.0,9874.1,209.3,460.0,
2027-03-25,PN-EQ-09,24.0,0.0,5366.0,170.5,260.0,
2026-07-07,PN-EQ-03,24.0,0.0,8563.3,179.5,380.0,
2026-09-30,PN-EQ-04,24.0,0.0,9370.1,147.2,460.0,
2026-06-05,PN-EQ-05,24.0,0.0,6265.2,151.3,300.0,
2026-11-26,PN-EQ-09,24.0,0.0,5541.0,150.0,260.0,
2026-11-03,PN-EQ-02,24.0,0.0,9481.5,246.5,430.0,
2026-02-07,PN-EQ-10,3.49,0.0,1718.0,127.0,500.0,3.0
2026-07-22,PN-EQ-04,24.0,0.0,9602.1,184.6,460.0,
2027-12-12,PN-EQ-06,24.0,0.0,6628.9,125.0,300.0,
2026-03-08,PN-EQ-06,24.0,0.0,7029.1,203.9,300.0,
2027-08-30,PN-EQ-01,24.0,0.0,12279.3,322.4,520.0,
2026-04-18,PN-EQ-10,0.38,0.0,483.1,7.5,500.0,2.0
2026-03-08,PN-EQ-10,0.8,0.0,101.2,15.0,500.0,1.0
2027-09-22,PN-EQ-05,24.0,0.0,6666.5,166.8,300.0,
2026-06-25,PN-EQ-05,24.0,0.0,6908.2,196.6,300.0,
2027-06-03,PN-EQ-06,24.0,0.0,6822.8,147.3,300.0,
2026-02-14,PN-EQ-05,24.0,0.0,6983.8,124.9,300.0,
2026-03-21,PN-EQ-06,18.4,5.6,4772.4,62.0,300.0,
2026-04-30,PN-EQ-06,24.0,0.0,6851.7,127.8,300.0,
2026-02-25,PN-EQ-07,24.0,0.0,8102.7,128.4,350.0,
2027-04-25,PN-EQ-07,24.0,0.0,6974.1,217.7,350.0,
2026-01-22,PN-EQ-04,24.0,0.0,10208.4,236.2,460.0,
2026-10-17,PN-EQ-04,24.0,0.0,10488.4,156.7,460.0,
2027-02-11,PN-EQ-04,24.0,0.0,10380.1,160.7,460.0,
2026-11-17,PN-EQ-02,17.3,6.7,6740.3,155.8,430.0,
2026-03-25,PN-EQ-10,17.57,0.0,8439.8,25.6,500.0,3.0
2026-09-16,PN-EQ-09,24.0,0.0,5690.0,20.2,260.0,
2026-02-07,PN-EQ-01,24.0,0.0,11126.4,0.0,520.0,
2026-02-26,PN-EQ-08,24.0,0.0,7411.3,209.0,400.0,
2026-10-02,PN-EQ-08,24.0,0.0,8724.7,364.7,400.0,
2026-06-07,PN-EQ-04,24.0,0.0,9884.6,146.7,460.0,
2026-03-13,PN-EQ-05,24.0,0.0,6436.7,201.6,300.0,
2026-09-15,PN-EQ-02,24.0,0.0,10216.8,80.4,430.0,
2027-08-24,PN-EQ-01,24.0,0.0,12355.2,272.4,520.0,
2026-02-05,PN-EQ-05,24.0,0.0,6249.4,,300.0,
2026-02-11,PN-EQ-01,16.1,7.9,8105.6,220.5,520.0,
2027-12-28,PN-EQ-07,24.0,0.0,7791.1,106.9,350.0,
2026-04-14,PN-EQ-10,6.32,0.01,2434.6,37.4,500.0,3.0
2027-04-13,PN-EQ-10,24.0,0.0,10917.1,185.2,500.0,
2026-06-30,PN-EQ-04,24.0,0.0,9705.0,188.4,460.0,
2026-11-22,PN-EQ-02,15.5,8.5,5553.6,56.0,430.0,
2026-06-23,PN-EQ-01,24.0,0.0,11955.8,131.1,520.0,
2026-06-20,PN-EQ-01,21.1,2.9,10862.3,176.5,520.0,
2027-05-08,PN-EQ-01,24.0,0.0,12240.5,247.8,520.0,
2026-11-16,PN-EQ-04,6.7,17.3,2901.3,11.5,460.0,
2027-03-18,PN-EQ-07,24.0,0.0,8134.8,161.2,350.0,
2027-04-08,PN-EQ-09,16.9,7.1,3746.3,115.3,260.0,
2026-12-25,PN-EQ-04,24.0,0.0,10352.6,118.1,460.0,
2027-12-10,PN-EQ-10,24.0,0.0,10051.1,0.0,500.0,
2027-07-12,PN-EQ-06,17.5,6.5,5172.1,149.7,300.0,
2027-10-15,PN-EQ-10,24.0,0.0,10466.5,63.5,500.0,
2026-10-03,PN-EQ-06,24.0,0.0,6626.3,188.3,300.0,
2026-09-08,PN-EQ-04,24.0,0.0,10929.6,296.0,460.0,
2027-03-15,PN-EQ-04,24.0,0.0,10415.1,227.3,460.0,
2027-03-26,PN-EQ-09,21.5,2.5,4990.0,125.2,260.0,
2027-04-02,PN-EQ-09,24.0,0.0,5638.0,92.3,260.0,
2027-02-03,PN-EQ-09,24.0,0.0,5874.7,144.0,260.0,
2026-05-02,PN-EQ-10,5.84,0.1,2750.6,24.6,500.0,1.0
2027-04-04,PN-EQ-09,24.0,0.0,4826.0,35.1,260.0,
2026-06-05,PN-EQ-04,24.0,0.0,10003.2,201.9,460.0,
2026-04-14,PN-EQ-03,24.0,0.0,8506.0,207.4,380.0,
2026-01-23,PN-EQ-05,24.0,0.0,6598.5,69.4,300.0,
2026-05-27,PN-EQ-09,24.0,0.0,5903.8,140.4,260.0,
2027-05-23,PN-EQ-03,24.0,0.0,8251.6,361.5,380.0,
2026-09-21,PN-EQ-02,24.0,0.0,8915.5,258.0,430.0,
2027-06-12,PN-EQ-06,24.0,0.0,5847.1,216.4,300.0,
2026-03-09,PN-EQ-05,24.0,0.0,6952.7,74.3,300.0,
2027-12-27,PN-EQ-10,15.8,8.2,6971.5,103.6,500.0,
2027-07-02,PN-EQ-08,16.2,7.8,5805.5,165.8,400.0,
2027-10-04,PN-EQ-02,24.0,0.0,9258.7,134.5,430.0,
2026-04-24,PN-EQ-09,14.22,0.0,3113.8,62.1,260.0,3.0
2027-05-21,PN-EQ-09,18.9,5.1,4172.5,83.2,260.0,
2026-11-06,PN-EQ-02,24.0,0.0,10129.6,193.7,430.0,
2026-07-11,PN-EQ-06,14.4,9.6,3763.3,60.5,300.0,
2026-08-29,PN-EQ-01,15.4,8.6,7081.2,174.3,520.0,
2026-01-21,PN-EQ-02,16.3,7.7,6041.9,103.1,430.0,
2027-04-19,PN-EQ-05,24.0,0.0,6963.1,213.2,300.0,
2027-12-02,PN-EQ-09,24.0,0.0,5959.5,183.2,260.0,
2027-04-16,PN-EQ-08,24.0,0.0,8689.2,174.4,400.0,
2027-05-27,PN-EQ-03,24.0,0.0,7869.2,148.4,380.0,
2026-07-20,PN-EQ-10,24.0,0.0,11432.5,218.3,500.0,
2027-06-26,PN-EQ-09,24.0,0.0,4931.7,39.0,260.0,
2027-07-22,PN-EQ-04,24.0,0.0,9796.9,,460.0,
2027-02-12,PN-EQ-02,21.7,2.3,8647.6,293.8,430.0,
2026-08-02,PN-EQ-06,24.0,0.0,6695.7,26.4,300.0,
2026-08-31,PN-EQ-08,19.5,4.5,6744.8,152.3,400.0,
2026-08-03,PN-EQ-06,19.0,5.0,5448.9,93.1,300.0,
2026-07-16,PN-EQ-08,24.0,0.0,8293.3,160.7,400.0,
2027-05-05,PN-EQ-10,20.1,3.9,9341.3,55.1,500.0,
2027-01-01,PN-EQ-10,24.0,0.0,11192.5,265.1,500.0,
2026-02-03,PN-EQ-03,24.0,0.0,8807.9,0.0,380.0,
2026-09-02,PN-EQ-04,24.0,0.0,9626.5,137.1,460.0,
2026-02-03,PN-EQ-09,24.0,0.0,5057.2,57.3,260.0,
2026-07-31,PN-EQ-07,24.0,0.0,7711.2,179.7,350.0,
2027-04-15,PN-EQ-03,24.0,0.0,8399.3,119.0,380.0,
2026-09-13,PN-EQ-05,24.0,0.0,6763.2,41.1,300.0,
2026-02-26,PN-EQ-02,24.0,0.0,10085.5,92.1,430.0,
2026-06-05,PN-EQ-01,24.0,0.0,10061.5,237.7,520.0,
2026-12-12,PN-EQ-10,24.0,0.0,11070.7,385.2,500.0,
2026-03-04,PN-EQ-01,24.0,0.0,11852.0,276.2,520.0,
2027-09-29,PN-EQ-07,18.6,5.4,5525.9,153.3,350.0,
2027-07-31,PN-EQ-03,24.0,0.0,8711.1,196.7,380.0,
2026-06-13,PN-EQ-09,24.0,0.0,5428.0,83.2,260.0,
2026-08-28,PN-EQ-06,24.0,0.0,6386.8,35.3,300.0,
2027-09-14,PN-EQ-09,24.0,0.0,6040.4,155.9,260.0,
2026-01-20,PN-EQ-10,24.0,0.0,10593.1,272.4,500.0,
2026-07-29,PN-EQ-01,24.0,0.0,11649.1,212.6,520.0,
2026-04-17,PN-EQ-10,7.9,0.52,3217.1,18.0,500.0,3.0
2027-09-27,PN-EQ-10,24.0,0.0,9585.0,140.8,500.0,
2026-06-29,PN-EQ-09,24.0,0.0,5763.0,197.5,260.0,
2026-08-21,PN-EQ-05,17.4,6.6,5167.8,92.7,300.0,
2026-06-27,PN-EQ-05,24.0,0.0,6956.3,176.0,300.0,
2027-06-10,PN-EQ-09,24.0,0.0,5926.3,143.8,260.0,
2026-07-17,PN-EQ-03,24.0,0.0,9028.8,214.4,380.0,
2027-11-06,PN-EQ-06,24.0,0.0,6282.9,80.0,300.0,
2027-07-25,PN-EQ-03,24.0,0.0,7651.9,157.9,380.0,
2026-05-18,PN-EQ-10,24.0,0.0,10555.1,229.6,500.0,
2026-03-09,PN-EQ-04,24.0,0.0,8745.5,82.5,460.0,
2026-01-14,PN-EQ-07,24.0,0.0,7526.9,145.7,350.0,
2027-11-03,PN-EQ-05,23.5,0.5,6372.1,107.6,300.0,
2027-01-11,PN-EQ-03,24.0,0.0,8245.2,167.8,380.0,
2027-01-29,PN-EQ-08,24.0,0.0,9271.9,131.2,400.0,
2026-04-12,PN-EQ-09,0.25,0.0,54.5,51.7,260.0,1.0
2026-03-14,PN-EQ-09,20.24,0.0,4347.3,11.4,260.0,3.0
2026-11-25,PN-EQ-07,24.0,0.0,8050.5,103.1,350.0,
2026-03-22,PN-EQ-02,22.5,1.5,9005.2,265.7,430.0,
2026-01-18,PN-EQ-09,24.0,0.0,6056.0,110.3,260.0,
2026-04-26,PN-EQ-09,16.46,0.0,3673.7,54.7,260.0,2.0
2027-06-02,PN-EQ-10,24.0,0.0,11215.3,181.4,500.0,
2027-08-02,PN-EQ-01,24.0,0.0,11261.0,242.5,520.0,
2027-07-21,PN-EQ-06,24.0,0.0,7128.0,103.4,300.0,
2027-03-30,PN-EQ-02,15.2,8.8,5684.4,116.1,430.0,
2026-11-12,PN-EQ-04,24.0,0.0,10772.3,76.9,460.0,
2026-11-04,PN-EQ-10,24.0,0.0,10963.8,156.5,500.0,
2026-03-07,PN-EQ-08,24.0,0.0,9397.6,304.4,400.0,
2027-08-01,PN-EQ-01,24.0,0.0,12355.2,335.8,520.0,
2026-06-04,PN-EQ-01,7.3,16.7,3367.9,15.6,520.0,
2027-11-26,PN-EQ-03,24.0,0.0,8086.3,82.1,380.0,
2026-05-20,PN-EQ-05,4.0,20.0,1188.0,37.4,300.0,
2026-02-12,PN-EQ-06,24.0,0.0,6627.6,85.4,300.0,
2026-06-23,PN-EQ-09,24.0,0.0,5970.5,148.2,260.0,
2026-08-02,PN-EQ-01,24.0,0.0,9922.7,264.3,520.0,
2027-10-25,PN-EQ-09,24.0,0.0,5608.6,145.7,260.0,
2026-04-02,PN-EQ-01,24.0,0.0,10680.4,201.7,520.0,
2027-03-28,PN-EQ-05,24.0,0.0,6721.0,100.0,300.0,
2026-02-10,PN-EQ-06,18.0,6.0,4869.5,107.3,300.0,
2027-01-09,PN-EQ-09,24.0,0.0,6177.6,0.0,260.0,
2027-07-07,PN-EQ-03,24.0,0.0,7815.3,139.3,380.0,
2026-07-04,PN-EQ-05,24.0,0.0,7128.0,123.7,300.0,
2027-12-01,PN-EQ-06,24.0,0.0,6308.8,59.1,300.0,
2026-02-06,PN-EQ-09,24.0,0.0,5353.2,56.3,260.0,
2026-10-06,PN-EQ-10,15.9,8.1,7340.6,59.8,500.0,
2026-09-19,PN-EQ-08,24.0,0.0,8951.4,139.0,400.0,
2027-08-18,PN-EQ-02,24.0,0.0,8798.9,204.7,430.0,
2026-07-26,PN-EQ-10,24.0,0.0,10669.3,288.4,500.0,
2026-06-21,PN-EQ-03,24.0,0.0,7850.3,127.7,380.0,
2027-01-01,PN-EQ-07,13.9,10.1,4706.7,125.6,350.0,
2026-03-29,PN-EQ-01,11.2,12.8,4963.2,85.8,520.0,
2026-02-16,PN-EQ-01,21.9,2.1,9825.0,55.5,520.0,
2027-02-02,PN-EQ-01,24.0,0.0,11075.3,98.9,520.0,
2026-05-20,PN-EQ-03,24.0,0.0,8249.5,196.9,380.0,
2027-02-04,PN-EQ-04,24.0,0.0,10109.0,265.9,460.0,
2026-12-09,PN-EQ-04,24.0,0.0,9738.5,180.1,460.0,
2026-08-21,PN-EQ-10,24.0,0.0,11525.5,235.9,500.0,
2026-11-20,PN-EQ-03,24.0,0.0,8313.9,136.1,380.0,
2027-07-28,PN-EQ-02,24.0,0.0,9194.4,38.3,430.0,
2026-03-05,PN-EQ-04,24.0,0.0,9816.4,179.7,460.0,
2026-08-15,PN-EQ-04,24.0,0.0,10726.4,358.9,460.0,
2026-09-19,PN-EQ-05,24.0,0.0,6387.7,117.6,300.0,
2027-10-17,PN-EQ-06,24.0,0.0,6660.4,84.3,300.0,
2027-10-02,PN-EQ-05,16.8,7.2,4372.9,88.6,300.0,
2026-03-07,PN-EQ-05,24.0,0.0,7050.8,126.3,300.0,
2026-06-15,PN-EQ-05,24.0,0.0,6350.1,163.5,300.0,
2026-09-17,PN-EQ-06,24.0,0.0,6345.5,163.7,300.0,
2026-10-23,PN-EQ-06,16.2,7.8,4636.8,37.4,300.0,
2026-02-19,PN-EQ-05,12.5,11.5,3061.7,88.7,300.0,
2027-05-13,PN-EQ-09,24.0,0.0,5566.6,71.2,260.0,
2027-02-24,PN-EQ-01,16.3,7.7,6882.0,227.5,520.0,
2026-06-17,PN-EQ-03,24.0,0.0,7555.3,151.9,380.0,
2027-08-23,PN-EQ-02,24.0,0.0,9296.4,164.9,430.0,
2027-01-05,PN-EQ-06,24.0,0.0,6904.4,243.3,300.0,
2026-01-16,PN-EQ-10,22.8,1.2,10397.9,180.6,500.0,
2027-10-27,PN-EQ-03,24.0,0.0,8011.0,168.2,380.0,
2026-03-26,PN-EQ-10,5.41,0.15,2519.0,54.2,500.0,1.0
2026-03-11,PN-EQ-10,16.82,0.0,7742.8,59.1,500.0,3.0
2027-01-30,PN-EQ-01,24.0,0.0,11286.0,302.7,520.0,
2027-11-22,PN-EQ-09,24.0,0.0,5688.6,41.3,260.0,
2026-05-17,PN-EQ-09,11.91,0.0,2702.6,16.4,260.0,3.0
2027-05-22,PN-EQ-10,19.5,4.5,8604.7,213.8,500.0,
2027-05-28,PN-EQ-10,24.0,0.0,10875.1,138.4,500.0,
2027-11-13,PN-EQ-07,24.0,0.0,7549.1,119.7,350.0,
2026-06-28,PN-EQ-09,24.0,0.0,5871.4,108.3,260.0,
2026-05-10,PN-EQ-01,24.0,0.0,12256.1,168.3,520.0,
2027-11-25,PN-EQ-07,24.0,0.0,7399.2,160.7,350.0,
2027-06-24,PN-EQ-04,24.0,0.0,9821.9,147.9,460.0,
2026-09-04,PN-EQ-10,24.0,0.0,11026.5,,500.0,
2027-07-31,PN-EQ-02,20.9,3.1,7714.8,233.8,430.0,
2026-06-06,PN-EQ-07,24.0,0.0,7625.3,172.1,350.0,
2026-04-29,PN-EQ-10,2.89,0.0,1027.9,21.8,500.0,3.0
2027-07-19,PN-EQ-01,24.0,0.0,11612.6,216.2,520.0,
2027-11-29,PN-EQ-09,16.8,7.2,4167.5,0.0,260.0,
2026-08-01,PN-EQ-01,24.0,0.0,10752.1,420.0,520.0,
2026-03-27,PN-EQ-04,24.0,0.0,10475.4,90.3,460.0,
2026-05-15,PN-EQ-05,24.0,0.0,7128.0,196.0,300.0,
2026-04-23,PN-EQ-09,2.67,0.36,675.7,18.2,260.0,1.0
2026-04-28,PN-EQ-09,5.89,0.0,1323.2,0.2,260.0,2.0
2026-05-15,PN-EQ-04,24.0,0.0,9382.5,285.6,460.0,
2027-07-27,PN-EQ-09,24.0,0.0,5552.0,80.5,260.0,
2026-03-30,PN-EQ-09,10.19,0.0,2050.9,3.0,260.0,2.0
2026-07-25,PN-EQ-09,24.0,0.0,6025.2,119.0,260.0,
2027-10-13,PN-EQ-02,24.0,0.0,9746.3,0.0,430.0,
2026-10-27,PN-EQ-09,24.0,0.0,5417.0,98.5,260.0,
2027-12-12,PN-EQ-02,24.0,0.0,9075.2,175.3,430.0,
2027-12-26,PN-EQ-08,24.0,0.0,9072.8,177.2,400.0,
2026-07-16,PN-EQ-01,24.0,0.0,11695.0,294.8,520.0,
2027-10-01,PN-EQ-03,19.0,5.0,6736.1,76.0,380.0,
2027-02-15,PN-EQ-02,24.0,0.0,9275.8,112.7,430.0,
2027-08-04,PN-EQ-09,24.0,0.0,4974.7,160.4,260.0,
2027-04-30,PN-EQ-01,24.0,0.0,11715.1,188.5,520.0,
2026-03-01,PN-EQ-09,14.14,0.21,3313.3,108.0,260.0,1.0
2027-06-30,PN-EQ-10,24.0,0.0,11634.1,310.0,500.0,
2026-05-18,PN-EQ-09,24.0,0.0,5777.9,123.9,260.0,
2026-11-11,PN-EQ-07,24.0,0.0,8316.0,136.5,350.0,
2026-06-21,PN-EQ-04,22.3,1.7,9149.9,,460.0,
2027-03-01,PN-EQ-10,21.5,2.5,9453.3,71.5,500.0,
2027-09-16,PN-EQ-09,24.0,0.0,5610.0,66.6,260.0,
2027-09-15,PN-EQ-07,24.0,0.0,8316.0,108.3,350.0,
2027-06-05,PN-EQ-10,24.0,0.0,11614.6,170.6,500.0,
2026-04-15,PN-EQ-08,24.0,0.0,8118.2,178.7,400.0,
2027-12-01,PN-EQ-08,19.8,4.2,7242.1,88.0,400.0,
2027-02-04,PN-EQ-10,24.0,0.0,10701.4,,500.0,
2026-11-12,PN-EQ-01,24.0,0.0,11001.5,167.0,520.0,
2026-03-16,PN-EQ-04,24.0,0.0,9913.9,288.8,460.0,
2026-10-05,PN-EQ-06,24.0,0.0,6381.1,165.8,300.0,
2027-12-26,PN-EQ-10,24.0,0.0,10244.1,102.6,500.0,
2027-01-04,PN-EQ-01,5.7,18.3,2773.7,,520.0,
2027-04-13,PN-EQ-07,24.0,0.0,7910.8,141.9,350.0,
2026-01-13,PN-EQ-06,20.0,4.0,5591.3,113.2,300.0,
2026-02-25,PN-EQ-06,20.6,3.4,5424.3,60.6,300.0,
2027-10-05,PN-EQ-10,24.0,0.0,10432.2,258.0,500.0,
2027-09-16,PN-EQ-06,24.0,0.0,6723.2,199.2,300.0,
2026-09-05,PN-EQ-08,24.0,0.0,8187.4,162.9,400.0,
2026-11-15,PN-EQ-08,24.0,0.0,8388.5,83.2,400.0,
2026-09-23,PN-EQ-03,16.7,7.3,5341.8,128.5,380.0,
2026-07-15,PN-EQ-05,0.0,24.0,0.0,0.0,300.0,
2027-03-15,PN-EQ-06,24.0,0.0,6411.1,132.1,300.0,
2027-11-03,PN-EQ-06,24.0,0.0,6843.1,112.0,300.0,
2027-04-05,PN-EQ-09,24.0,0.0,5332.9,107.3,260.0,
2027-01-09,PN-EQ-01,24.0,0.0,11279.4,65.3,520.0,
2027-03-28,PN-EQ-09,24.0,0.0,5125.8,102.5,260.0,
2026-09-28,PN-EQ-01,24.0,0.0,10956.9,176.1,520.0,
2027-04-27,PN-EQ-03,24.0,0.0,8245.9,202.1,380.0,
2026-03-02,PN-EQ-10,17.48,1.53,7757.2,121.5,500.0,2.0
2026-08-25,PN-EQ-05,24.0,0.0,6589.7,53.1,300.0,
2027-10-02,PN-EQ-07,24.0,0.0,7277.4,166.8,350.0,
2026-07-11,PN-EQ-01,24.0,0.0,11582.6,115.7,520.0,
2026-02-16,PN-EQ-04,13.1,10.9,5611.7,96.1,460.0,
2026-08-11,PN-EQ-07,17.8,6.2,5023.0,58.4,350.0,
2027-12-27,PN-EQ-08,24.0,0.0,8037.0,137.0,400.0,
2027-07-12,PN-EQ-01,24.0,0.0,10615.5,120.5,520.0,
2026-03-25,PN-EQ-04,24.0,0.0,9432.1,17.7,460.0,
2026-12-11,PN-EQ-09,24.0,0.0,5435.1,52.3,260.0,
2027-11-29,PN-EQ-06,24.0,0.0,5896.1,57.3,300.0,
2027-03-25,PN-EQ-03,24.0,0.0,8259.7,131.7,380.0,
2026-06-08,PN-EQ-08,19.7,4.3,6808.5,104.4,400.0,
2027-09-02,PN-EQ-08,21.7,2.3,7263.4,197.8,400.0,
2027-08-21,PN-EQ-07,24.0,0.0,7563.2,150.5,350.0,
2026-03-06,PN-EQ-09,18.97,0.0,4595.2,2.5,260.0,3.0
2026-10-30,PN-EQ-09,21.6,2.4,4302.8,57.3,260.0,
2027-12-01,PN-EQ-07,24.0,0.0,8028.6,26.8,350.0,
2026-07-20,PN-EQ-03,24.0,0.0,8241.1,70.6,380.0,
2026-05-05,PN-EQ-03,16.8,7.2,6320.2,113.4,380.0,
2027-06-16,PN-EQ-09,24.0,0.0,5826.7,193.7,260.0,
2026-10-04,PN-EQ-01,15.4,8.6,7658.2,167.1,520.0,
2027-01-21,PN-EQ-09,24.0,0.0,5757.7,56.1,260.0,
2027-08-22,PN-EQ-08,15.7,8.3,5308.9,91.6,400.0,
2027-09-27,PN-EQ-06,24.0,0.0,6155.5,116.4,300.0,
2026-03-28,PN-EQ-09,9.26,0.0,2211.6,9.8,260.0,3.0
2027-01-16,PN-EQ-07,24.0,0.0,8016.8,269.2,350.0,
2026-05-02,PN-EQ-09,8.46,0.0,1916.9,57.2,260.0,1.0
2027-07-17,PN-EQ-10,24.0,0.0,10483.3,137.7,500.0,
2027-09-23,PN-EQ-09,24.0,0.0,5907.0,181.5,260.0,
2026-09-11,PN-EQ-08,24.0,0.0,8868.0,195.4,400.0,
2027-09-12,PN-EQ-03,24.0,0.0,8521.4,291.8,380.0,
2026-06-26,PN-EQ-05,24.0,0.0,6464.5,123.8,300.0,
2026-02-15,PN-EQ-03,21.3,2.7,7448.9,180.9,380.0,
2026-07-18,PN-EQ-10,24.0,0.0,10550.5,242.6,500.0,
2027-03-02,PN-EQ-09,24.0,0.0,5519.9,104.0,260.0,
2027-10-27,PN-EQ-02,24.0,0.0,7993.8,216.4,430.0,
2026-11-07,PN-EQ-04,24.0,0.0,10728.4,102.6,460.0,
2026-03-08,PN-EQ-01,24.0,0.0,11004.4,303.7,520.0,
2026-11-23,PN-EQ-08,24.0,0.0,8376.1,52.4,400.0,
2027-11-17,PN-EQ-10,24.0,0.0,11564.0,361.3,500.0,
2027-03-20,PN-EQ-01,24.0,0.0,9945.2,184.3,520.0,
2027-07-25,PN-EQ-07,24.0,0.0,7182.8,156.4,350.0,
2026-10-08,PN-EQ-09,24.0,0.0,5668.6,79.5,260.0,
2027-01-19,PN-EQ-10,24.0,0.0,10329.6,280.3,500.0,
2027-11-21,PN-EQ-10,24.0,0.0,11376.7,246.1,500.0,
2027-08-04,PN-EQ-10,24.0,0.0,11175.8,330.3,500.0,
2027-11-04,PN-EQ-05,24.0,0.0,6739.9,187.8,300.0,
2027-12-03,PN-EQ-10,24.0,0.0,10311.8,123.8,500.0,
2026-01-14,PN-EQ-06,24.0,0.0,6348.1,120.0,300.0,
2026-12-28,PN-EQ-02,24.0,0.0,9028.6,128.0,430.0,
2027-10-24,PN-EQ-04,24.0,0.0,10929.6,213.2,460.0,
2027-10-11,PN-EQ-02,24.0,0.0,9123.8,151.3,430.0,
2027-12-30,PN-EQ-06,24.0,0.0,6922.3,45.3,300.0,
2027-05-28,PN-EQ-01,14.3,9.7,7094.2,168.3,520.0,
2026-10-18,PN-EQ-09,18.9,5.1,4646.2,116.5,260.0,
2026-12-19,PN-EQ-10,24.0,0.0,10400.6,189.9,500.0,
2026-09-06,PN-EQ-10,24.0,0.0,10717.3,38.5,500.0,
2026-12-27,PN-EQ-03,24.0,0.0,7597.8,199.9,380.0,
2027-01-17,PN-EQ-10,24.0,0.0,11001.5,202.4,500.0,
2026-01-27,PN-EQ-07,24.0,0.0,7875.3,146.3,350.0,
2027-09-04,PN-EQ-03,24.0,0.0,8579.7,75.8,380.0,
2027-12-12,PN-EQ-05,23.5,0.5,6109.9,125.2,300.0,
2026-01-21,PN-EQ-10,24.0,0.0,11011.7,213.1,500.0,
2026-05-02,PN-EQ-10,13.57,0.73,6334.8,161.6,500.0,3.0
2027-07-07,PN-EQ-04,18.1,5.9,8242.7,183.9,460.0,
2026-01-31,PN-EQ-08,24.0,0.0,8836.7,202.8,400.0,
2027-11-01,PN-EQ-02,24.0,0.0,9884.0,153.6,430.0,
2026-04-05,PN-EQ-09,9.46,0.16,2311.3,141.4,260.0,2.0
2027-06-15,PN-EQ-07,24.0,0.0,7535.0,34.3,350.0,
2026-02-17,PN-EQ-04,24.0,0.0,10829.0,239.6,460.0,
2027-10-30,PN-EQ-05,24.0,0.0,6122.8,109.8,300.0,
2026-01-12,PN-EQ-01,24.0,0.0,11309.4,213.4,520.0,
2026-05-04,PN-EQ-10,0.64,0.0,116.9,8.6,500.0,1.0
2027-03-18,PN-EQ-03,24.0,0.0,8332.2,220.4,380.0,
2027-12-29,PN-EQ-05,24.0,0.0,6042.4,130.1,300.0,
2026-10-05,PN-EQ-10,24.0,0.0,10140.8,126.0,500.0,
2027-08-07,PN-EQ-02,24.0,0.0,8866.2,130.5,430.0,
2026-02-25,PN-EQ-02,24.0,0.0,10216.8,109.3,430.0,
2026-05-01,PN-EQ-09,0.57,0.0,57.9,17.7,260.0,2.0
2026-09-02,PN-EQ-08,24.0,0.0,8459.9,20.6,400.0,
2027-07-13,PN-EQ-07,24.0,0.0,7793.6,117.7,350.0,
2027-04-27,PN-EQ-04,24.0,0.0,9966.1,,460.0,
2027-03-08,PN-EQ-03,24.0,0.0,8406.9,225.4,380.0,
2027-04-10,PN-EQ-06,15.1,8.9,3995.6,77.6,300.0,
2026-06-03,PN-EQ-07,24.0,0.0,7536.8,132.3,350.0,
2026-12-11,PN-EQ-06,24.0,0.0,6404.1,84.0,300.0,
2026-11-24,PN-EQ-06,24.0,0.0,6482.7,191.0,300.0,
2027-09-27,PN-EQ-07,24.0,0.0,7339.4,106.0,350.0,
2026-04-16,PN-EQ-05,24.0,0.0,6609.7,171.5,300.0,
2027-09-24,PN-EQ-03,24.0,0.0,8419.8,98.7,380.0,
2026-05-06,PN-EQ-05,23.0,1.0,5992.1,91.7,300.0,
2026-07-30,PN-EQ-02,15.2,8.8,5969.0,59.3,430.0,
2027-08-17,PN-EQ-08,24.0,0.0,8632.7,271.6,400.0,
2026-07-01,PN-EQ-05,24.0,0.0,5839.5,173.7,300.0,
2027-03-05,PN-EQ-05,24.0,0.0,6590.9,73.4,300.0,
2027-06-21,PN-EQ-03,24.0,0.0,8411.4,95.4,380.0,
2026-04-17,PN-EQ-01,15.3,8.7,7876.4,176.2,520.0,
2026-07-29,PN-EQ-08,4.0,20.0,1343.2,21.6,400.0,
2027-05-20,PN-EQ-02,24.0,0.0,9624.7,262.0,430.0,
2026-12-28,PN-EQ-06,23.2,0.8,6106.6,120.0,300.0,
2026-09-09,PN-EQ-05,24.0,0.0,6324.8,152.4,300.0,
2027-04-04,PN-EQ-01,24.0,0.0,9998.4,197.2,520.0,
2026-04-27,PN-EQ-09,18.25,0.0,3797.6,18.4,260.0,1.0
2026-03-29,PN-EQ-09,4.04,0.0,966.2,16.7,260.0,2.0
2027-04-09,PN-EQ-02,24.0,0.0,8530.4,171.5,430.0,
2027-03-03,PN-EQ-03,24.0,0.0,8456.3,228.2,380.0,
2026-03-18,PN-EQ-03,24.0,0.0,8494.4,85.5,380.0,
2027-08-07,PN-EQ-01,24.0,0.0,10756.3,227.4,520.0,
2027-12-01,PN-EQ-05,24.0,0.0,7102.2,234.9,300.0,
2026-04-11,PN-EQ-08,24.0,0.0,7438.9,197.8,400.0,
2026-03-03,PN-EQ-10,11.03,0.0,5019.5,35.8,500.0,2.0
2026-03-24,PN-EQ-10,6.99,0.02,3095.0,45.3,500.0,1.0
2026-05-15,PN-EQ-10,2.32,1.55,1086.2,94.1,500.0,2.0
2027-03-18,PN-EQ-08,24.0,0.0,8366.2,111.6,400.0,
2026-11-03,PN-EQ-06,24.0,0.0,6482.0,166.4,300.0,
2026-02-18,PN-EQ-01,15.5,8.5,6165.2,67.4,520.0,
2027-05-16,PN-EQ-10,24.0,0.0,11225.9,,500.0,
2026-04-11,PN-EQ-10,7.49,0.0,3802.9,86.5,500.0,1.0
2026-05-27,PN-EQ-03,24.0,0.0,8529.3,192.5,380.0,
2026-05-21,PN-EQ-03,24.0,0.0,7947.5,191.4,380.0,
2027-02-19,PN-EQ-07,24.0,0.0,7356.9,97.8,350.0,
2026-11-07,PN-EQ-01,22.6,1.4,11034.6,338.2,520.0,
2026-02-28,PN-EQ-05,19.6,4.4,4835.5,84.3,300.0,
2026-07-15,PN-EQ-04,24.0,0.0,9430.7,307.6,460.0,
2027-11-07,PN-EQ-06,24.0,0.0,7009.3,78.6,300.0,
2026-12-10,PN-EQ-09,24.0,0.0,5662.1,68.1,260.0,
2027-06-17,PN-EQ-04,24.0,0.0,10218.8,283.9,460.0,
2027-04-15,PN-EQ-01,15.3,8.7,7020.9,124.7,520.0,
2026-10-29,PN-EQ-10,19.8,4.2,8669.9,,500.0,
2026-03-24,PN-EQ-10,9.09,3.9,4190.9,21.8,500.0,2.0
2027-06-30,PN-EQ-05,24.0,0.0,6706.2,18.6,300.0,
2026-09-25,PN-EQ-09,23.4,0.6,5419.9,74.9,260.0,
2026-03-30,PN-EQ-10,17.38,0.0,7662.2,45.6,500.0,2.0
2027-06-23,PN-EQ-09,4.0,20.0,922.2,15.4,260.0,
2026-07-04,PN-EQ-06,24.0,0.0,6541.6,80.5,300.0,
2026-04-03,PN-EQ-03,24.0,0.0,8273.3,202.5,380.0,
2027-07-20,PN-EQ-06,24.0,0.0,5784.0,128.2,300.0,
2026-09-25,PN-EQ-06,24.0,0.0,6528.5,189.1,300.0,
2027-02-05,PN-EQ-07,24.0,0.0,7084.2,,350.0,
2027-11-27,PN-EQ-04,24.0,0.0,10172.3,157.7,460.0,
2026-06-10,PN-EQ-04,24.0,0.0,10164.0,190.3,460.0,
2027-06-18,PN-EQ-03,24.0,0.0,8224.7,162.9,380.0,
2027-01-30,PN-EQ-10,24.0,0.0,10227.8,399.7,500.0,
2026-05-19,PN-EQ-06,24.0,0.0,6242.7,63.7,300.0,
2026-03-10,PN-EQ-07,21.4,2.6,7081.8,187.4,350.0,
2026-03-05,PN-EQ-09,7.69,0.0,1747.4,38.0,260.0,3.0
2027-07-09,PN-EQ-05,17.0,7.0,4557.9,106.0,300.0,
2027-05-04,PN-EQ-01,24.0,0.0,12100.5,166.9,520.0,
2026-02-22,PN-EQ-10,7.38,0.59,3337.3,79.3,500.0,3.0
2027-02-22,PN-EQ-06,24.0,0.0,6107.4,164.6,300.0,
2026-02-20,PN-EQ-07,24.0,0.0,7987.8,195.1,350.0,
2027-05-29,PN-EQ-02,24.0,0.0,9384.8,149.3,430.0,
2026-04-09,PN-EQ-04,4.0,20.0,1603.4,17.4,460.0,
2026-11-20,PN-EQ-06,16.1,7.9,4125.8,90.8,300.0,
2027-09-08,PN-EQ-06,24.0,0.0,6429.0,156.5,300.0,
2027-07-13,PN-EQ-06,24.0,0.0,6635.9,150.4,300.0,
2027-10-28,PN-EQ-01,24.0,0.0,10714.9,413.0,520.0,
2026-03-13,PN-EQ-07,24.0,0.0,7233.6,137.7,350.0,
2027-01-12,PN-EQ-07,18.8,5.2,5832.3,129.6,350.0,
2026-01-20,PN-EQ-09,24.0,0.0,5132.0,174.1,260.0,
2027-08-03,PN-EQ-09,24.0,0.0,5236.1,75.1,260.0,
2026-05-23,PN-EQ-10,24.0,0.0,10303.2,210.1,500.0,
2026-12-09,PN-EQ-06,24.0,0.0,6536.1,80.7,300.0,
2027-12-13,PN-EQ-09,24.0,0.0,5327.6,90.2,260.0,
2026-02-02,PN-EQ-10,13.5,10.5,5715.4,66.8,500.0,
2027-03-25,PN-EQ-05,24.0,0.0,6360.7,213.9,300.0,
2027-06-11,PN-EQ-02,24.0,0.0,8649.0,139.9,430.0,
2027-12-26,PN-EQ-02,22.3,1.7,8948.8,205.2,430.0,
2026-12-20,PN-EQ-10,16.0,8.0,7495.0,235.6,500.0,
2026-10-15,PN-EQ-03,21.6,2.4,7175.3,241.5,380.0,
2026-11-09,PN-EQ-02,24.0,0.0,8223.5,190.0,430.0,
2027-04-25,PN-EQ-06,16.0,8.0,4200.0,77.8,300.0,
2027-03-05,PN-EQ-04,24.0,0.0,8713.0,55.5,460.0,
2027-07-22,PN-EQ-02,24.0,0.0,9408.7,213.7,430.0,
2027-06-26,PN-EQ-05,21.5,2.5,5869.7,88.3,300.0,
2027-03-20,PN-EQ-05,24.0,0.0,6177.8,150.0,300.0,
2027-09-23,PN-EQ-10,24.0,0.0,10171.7,299.7,500.0,
2026-09-21,PN-EQ-04,15.5,8.5,6344.6,107.6,460.0,
2026-04-25,PN-EQ-08,24.0,0.0,9504.0,191.5,400.0,
2026-12-16,PN-EQ-06,24.0,0.0,6915.8,161.9,300.0,
2027-06-02,PN-EQ-07,24.0,0.0,7788.3,91.6,350.0,
2027-08-08,PN-EQ-07,24.0,0.0,8220.5,268.0,350.0,
2026-03-22,PN-EQ-04,17.4,6.6,7331.9,117.5,460.0,
2027-05-11,PN-EQ-05,24.0,0.0,6459.0,193.2,300.0,
2026-03-15,PN-EQ-09,0.17,0.0,59.5,66.3,260.0,2.0
2026-09-10,PN-EQ-06,24.0,0.0,6248.7,205.6,300.0,
2026-05-03,PN-EQ-04,4.5,19.5,1834.0,65.4,460.0,
2027-02-08,PN-EQ-04,24.0,0.0,9613.8,321.9,460.0,
2027-04-27,PN-EQ-08,24.0,0.0,8601.1,220.3,400.0,
2027-05-01,PN-EQ-02,24.0,0.0,9317.5,176.6,430.0,
2026-11-22,PN-EQ-04,24.0,0.0,9223.7,265.7,460.0,
2027-02-18,PN-EQ-02,15.8,8.2,6017.1,76.7,430.0,
2027-04-26,PN-EQ-10,24.0,0.0,10516.2,205.6,500.0,
2027-05-25,PN-EQ-01,24.0,0.0,11756.3,449.9,520.0,
2026-02-06,PN-EQ-07,21.0,3.0,6216.5,145.9,350.0,
2026-02-15,PN-EQ-10,12.26,4.64,5261.0,13.0,500.0,3.0
2026-10-14,PN-EQ-01,24.0,0.0,11575.7,226.1,520.0,
2026-12-30,PN-EQ-04,24.0,0.0,10061.6,261.1,460.0,
2026-05-14,PN-EQ-09,8.34,0.0,1759.7,71.8,260.0,2.0
2026-03-31,PN-EQ-03,24.0,0.0,9028.8,107.6,380.0,
2026-07-26,PN-EQ-03,24.0,0.0,8208.2,171.5,380.0,
2027-04-24,PN-EQ-08,24.0,0.0,8467.8,200.8,400.0,
2027-12-12,PN-EQ-03,24.0,0.0,7634.3,246.6,380.0,
2026-04-15,PN-EQ-06,24.0,0.0,6464.1,120.0,300.0,
2026-11-22,PN-EQ-04,24.0,0.0,9223.7,265.7,460.0,
2027-07-31,PN-EQ-06,24.0,0.0,6547.8,249.9,300.0,
2027-07-25,PN-EQ-08,24.0,0.0,8674.0,105.6,400.0,
2027-08-25,PC-EQ-05,24.0,0.0,4779.2,61.3,240.0,
2026-06-27,PN-EQ-07,16.8,7.2,5662.4,70.0,350.0,
2027-01-28,PN-EQ-05,24.0,0.0,6984.8,149.3,300.0,
2026-09-26,PN-EQ-09,24.0,0.0,5781.7,63.0,260.0,
2027-02-26,PN-EQ-05,24.0,0.0,6960.9,83.4,300.0,
2026-08-28,PN-EQ-09,24.0,0.0,5216.3,121.5,260.0,
2027-07-05,PN-EQ-04,24.0,0.0,8699.7,151.2,460.0,
2027-07-06,PN-EQ-10,24.0,0.0,11880.0,222.6,500.0,
2026-06-27,PN-EQ-06,24.0,0.0,6702.7,95.6,300.0,
2027-02-23,PN-EQ-06,23.5,0.5,5933.0,153.1,300.0,
2027-02-22,PN-EQ-09,24.0,0.0,5933.7,81.0,260.0,
2027-07-18,PN-EQ-04,16.1,7.9,6305.7,216.2,460.0,
2027-03-26,PN-EQ-05,24.0,0.0,6233.2,120.8,300.0,
2027-04-03,PN-EQ-01,24.0,0.0,11982.6,134.1,520.0,
2027-04-21,PN-EQ-10,4.0,20.0,1767.0,31.1,500.0,
2027-01-11,PN-EQ-07,24.0,0.0,7336.1,128.2,350.0,
2027-09-20,PN-EQ-04,24.0,0.0,10168.9,152.6,460.0,
2027-12-30,PN-EQ-01,24.0,0.0,12114.3,176.1,520.0,
2026-01-20,PN-EQ-01,24.0,0.0,11350.6,215.4,520.0,
2027-12-22,PN-EQ-05,24.0,0.0,5986.5,230.2,300.0,
2026-04-20,PN-EQ-09,8.17,3.44,1707.6,1.4,260.0,3.0
2026-07-11,PN-EQ-04,13.6,10.4,5756.9,57.3,460.0,
2026-03-24,PN-EQ-01,24.0,0.0,11096.2,220.2,520.0,
2026-11-24,PN-EQ-05,24.0,0.0,6236.0,193.8,300.0,
2027-03-05,PN-EQ-03,24.0,0.0,7909.0,63.5,380.0,
2027-07-03,PN-EQ-02,24.0,0.0,9099.7,103.9,430.0,
2027-09-22,PN-EQ-03,24.0,0.0,8640.0,190.3,380.0,
2026-05-15,PN-EQ-10,2.58,3.08,1174.9,44.5,500.0,1.0
2026-02-15,PN-EQ-10,0.61,3.22,239.3,116.1,500.0,1.0
2026-12-02,PN-EQ-05,24.0,0.0,7012.2,111.2,300.0,
2026-10-26,PN-EQ-09,24.0,0.0,5632.5,,260.0,
2026-01-16,PN-EQ-06,22.0,2.0,6047.6,180.2,300.0,
2026-10-11,PN-EQ-03,24.0,0.0,8423.1,146.4,380.0,
2026-04-30,PN-EQ-05,24.0,0.0,6766.1,158.7,300.0,
2027-07-18,PN-EQ-09,24.0,0.0,5442.3,136.6,260.0,
2027-12-20,PN-EQ-04,18.1,5.9,8242.7,8.4,460.0,
2026-11-18,PN-EQ-10,24.0,0.0,11645.4,258.1,500.0,
2026-03-19,PN-EQ-03,24.0,0.0,7718.5,221.0,380.0,
2027-08-24,PN-EQ-03,24.0,0.0,8396.5,156.7,380.0,
2027-05-31,PN-EQ-10,24.0,0.0,10509.4,377.9,500.0,
2027-01-01,PN-EQ-01,24.0,0.0,11071.6,258.8,520.0,
2026-03-25,PN-EQ-02,24.0,0.0,9292.1,214.2,430.0,
2026-03-13,PN-EQ-10,2.59,0.59,1190.2,169.3,500.0,3.0
2026-06-16,PN-EQ-02,24.0,0.0,8491.3,82.1,430.0,
2027-08-05,PN-EQ-08,21.2,2.8,7689.2,84.6,400.0,
2026-03-15,PN-EQ-05,24.0,0.0,5643.4,70.5,300.0,
2027-04-15,PN-EQ-10,24.0,0.0,11341.3,257.6,500.0,
2026-04-14,PN-EQ-06,24.0,0.0,6710.9,92.9,300.0,
2026-12-23,PN-EQ-08,24.0,0.0,9250.9,290.0,400.0,
2026-12-18,PN-EQ-01,24.0,0.0,10480.0,296.7,520.0,
2027-12-19,PN-EQ-03,24.0,0.0,7991.8,78.1,380.0,
2027-12-01,PN-EQ-10,24.0,0.0,10253.3,,500.0,
2026-09-30,PN-EQ-07,24.0,0.0,7497.3,151.1,350.0,
2027-09-21,PN-EQ-08,24.0,0.0,9040.3,193.4,400.0,
2026-03-15,PN-EQ-02,24.0,0.0,9177.0,250.1,430.0,
2026-07-29,PN-EQ-04,24.0,0.0,9653.0,269.9,460.0,
2027-04-21,PN-EQ-01,24.0,0.0,10702.1,161.8,520.0,
2026-05-22,PN-EQ-06,24.0,0.0,6730.4,118.6,300.0,
2027-07-23,PN-EQ-10,24.0,0.0,11002.8,155.7,500.0,
2026-01-31,PN-EQ-03,24.0,0.0,7440.4,105.0,380.0,
2026-03-04,PN-EQ-04,24.0,0.0,10443.9,221.3,460.0,
2027-08-18,PN-EQ-06,23.5,0.5,6456.8,145.7,300.0,
2027-10-11,PN-EQ-07,21.5,2.5,7202.7,232.5,350.0,
2026-12-29,PN-EQ-09,24.0,0.0,5302.8,,260.0,
2026-09-22,PN-EQ-08,24.0,0.0,8763.4,147.5,400.0,
2027-10-24,PN-EQ-09,24.0,0.0,5707.2,98.3,260.0,
2027-04-07,PN-EQ-03,24.0,0.0,7967.6,152.1,380.0,
2027-10-24,PN-EQ-08,24.0,0.0,9009.8,128.2,400.0,
2026-03-23,PN-EQ-07,24.0,0.0,7038.5,59.9,350.0,
2027-10-26,PN-EQ-03,22.6,1.4,7886.7,259.6,380.0,
2027-04-05,PN-EQ-07,24.0,0.0,7633.7,121.6,350.0,
2026-02-28,PN-EQ-06,24.0,0.0,7107.5,202.3,300.0,
2027-10-25,PN-EQ-06,24.0,0.0,6300.7,134.1,300.0,
2027-02-27,PN-EQ-03,24.0,0.0,8015.6,,380.0,
2026-04-21,PN-EQ-06,24.0,0.0,6477.8,136.0,300.0,
2027-07-28,PN-EQ-03,21.8,2.2,7647.8,129.6,380.0,
2027-08-27,PN-EQ-08,24.0,0.0,9205.1,123.8,400.0,
2026-11-26,PN-EQ-10,24.0,0.0,10975.5,244.9,500.0,
2026-12-29,PN-EQ-09,24.0,0.0,5302.8,,260.0,
2026-03-18,PN-EQ-05,10.2,13.8,2752.1,75.3,300.0,
2027-09-08,PN-EQ-05,24.0,0.0,6213.4,99.5,300.0,
2027-05-13,PN-EQ-03,24.0,0.0,7736.7,53.6,380.0,
2026-07-31,PN-EQ-09,24.0,0.0,5823.5,157.2,260.0,
2027-01-21,PN-EQ-01,18.9,5.1,8703.8,159.0,520.0,
2026-03-06,PN-EQ-07,24.0,0.0,7750.5,99.7,350.0,
2027-06-22,PN-EQ-09,21.1,2.9,5261.7,0.0,260.0,
2027-02-13,PN-EQ-03,24.0,0.0,7491.7,43.6,380.0,
2026-02-27,PN-EQ-10,0.39,0.0,239.7,142.0,500.0,1.0
2026-05-14,PN-EQ-06,24.0,0.0,6130.1,85.4,300.0,
2027-11-05,PN-EQ-08,24.0,0.0,9262.9,37.8,400.0,
2026-04-20,PN-EQ-03,24.0,0.0,8831.7,122.6,380.0,
2027-02-22,PN-EQ-03,24.0,0.0,7826.9,67.3,380.0,
2027-10-16,PN-EQ-04,24.0,0.0,10146.1,143.9,460.0,
2027-05-29,PN-EQ-03,24.0,0.0,7896.5,264.2,380.0,
2027-02-14,PN-EQ-02,24.0,0.0,8463.4,161.0,430.0,
2027-12-05,PN-EQ-04,24.0,0.0,10483.9,71.5,460.0,
2026-09-12,PN-EQ-01,24.0,0.0,11704.6,37.0,520.0,
2026-04-17,PN-EQ-09,1.21,0.0,166.1,0.1,260.0,3.0
2027-11-01,PN-EQ-07,24.0,0.0,7177.3,108.6,350.0,
2027-03-03,PN-EQ-07,24.0,0.0,7020.0,179.1,350.0,
2027-03-18,PN-EQ-05,24.0,0.0,6764.2,195.0,300.0,
2027-05-02,PN-EQ-10,9.6,14.4,4575.1,,500.0,
2027-01-06,PN-EQ-10,24.0,0.0,10583.5,182.1,500.0,
2026-08-02,PN-EQ-08,4.0,20.0,1406.1,35.2,400.0,
2027-06-26,PN-EQ-06,24.0,0.0,6413.5,71.2,300.0,
2026-05-15,PN-EQ-01,24.0,0.0,11265.0,306.5,520.0,
2026-07-30,PN-EQ-10,23.3,0.7,10148.2,168.2,500.0,
2027-05-23,PN-EQ-01,24.0,0.0,12355.2,225.4,520.0,
2027-06-20,PN-EQ-10,20.0,4.0,7723.9,302.9,500.0,
2026-12-30,PN-EQ-10,24.0,0.0,10962.0,238.9,500.0,
2026-09-02,PN-EQ-06,22.0,2.0,6033.5,80.2,300.0,
2027-05-25,PN-EQ-02,24.0,0.0,10216.8,186.8,430.0,
2026-09-02,PN-EQ-02,24.0,0.0,9083.9,158.8,430.0,
2027-09-24,PN-EQ-09,21.8,2.2,5108.0,155.4,260.0,
2027-11-07,PN-EQ-01,18.7,5.3,8946.8,228.4,520.0,
2027-02-20,PN-EQ-07,24.0,0.0,7438.9,63.0,350.0,
2026-01-26,PN-EQ-04,24.0,0.0,10929.6,133.1,460.0,
2026-11-12,PN-EQ-08,24.0,0.0,8364.9,135.0,400.0,
2027-06-08,PN-EQ-08,24.0,0.0,8601.5,272.5,400.0,
2027-11-29,PN-EQ-03,24.0,0.0,7957.2,105.3,380.0,
2026-03-16,PN-EQ-09,2.9,1.35,830.2,139.5,260.0,2.0
2027-08-25,PN-EQ-06,24.0,0.0,7128.0,117.9,300.0,
2026-01-14,PN-EQ-03,24.0,0.0,8448.6,151.3,380.0,
2026-02-04,PN-EQ-03,24.0,0.0,8118.9,142.7,380.0,
2026-01-23,PN-EQ-06,24.0,0.0,6082.3,105.3,300.0,
2026-07-23,PN-EQ-10,16.7,7.3,6654.9,75.8,500.0,
2027-06-20,PN-EQ-03,24.0,0.0,7826.8,103.0,380.0,
2026-05-30,PN-EQ-04,24.0,0.0,9907.6,223.2,460.0,
2026-12-09,PN-EQ-07,24.0,0.0,8316.0,213.3,350.0,
2027-12-26,PN-EQ-01,24.0,0.0,11233.7,294.2,520.0,
2026-12-06,PN-EQ-09,24.0,0.0,5121.8,79.0,260.0,
2027-11-18,PN-EQ-03,24.0,0.0,8105.8,88.2,380.0,
2026-06-07,PN-EQ-07,24.0,0.0,7782.0,223.7,350.0,
2027-01-09,PN-EQ-06,24.0,0.0,5692.1,76.2,300.0,
2027-07-01,PN-EQ-03,24.0,0.0,7960.8,264.5,380.0,
2027-05-26,PN-EQ-01,24.0,0.0,12355.2,229.7,520.0,
2026-05-08,PN-EQ-10,7.45,1.1,3433.9,126.0,500.0,3.0
2026-06-03,PN-EQ-10,24.0,0.0,10729.7,310.3,500.0,
2026-08-29,PN-EQ-05,24.0,0.0,7045.2,137.6,300.0,
2027-12-22,PN-EQ-02,24.0,0.0,9106.9,184.7,430.0,
2026-03-30,PN-EQ-10,1.56,0.0,901.9,111.2,500.0,3.0
2027-06-07,PN-EQ-04,24.0,0.0,9882.7,233.3,460.0,
2027-10-14,PN-EQ-02,21.1,2.9,8659.6,197.1,430.0,
2026-11-23,PN-EQ-09,24.0,0.0,5812.8,123.0,260.0,
2026-06-03,PN-EQ-01,24.0,0.0,11668.3,151.9,520.0,
2026-05-17,PN-EQ-07,24.0,0.0,7685.7,182.3,350.0,
2027-01-17,PN-EQ-03,24.0,0.0,7899.9,202.4,380.0,
2026-07-11,PN-EQ-02,24.0,0.0,8253.4,58.0,430.0,
2026-10-10,PN-EQ-01,24.0,0.0,11102.4,216.7,520.0,
2026-01-26,PN-EQ-02,24.0,0.0,9614.9,209.2,430.0,
2026-08-19,PN-EQ-07,24.0,0.0,8028.8,152.7,350.0,
2027-02-03,PN-EQ-06,24.0,0.0,6623.5,107.8,300.0,
2027-04-16,PN-EQ-10,24.0,0.0,11234.7,56.9,500.0,
2026-10-06,PN-EQ-01,23.3,0.7,11454.2,212.4,520.0,
2026-12-16,PN-EQ-09,24.0,0.0,5622.1,170.6,260.0,
2027-09-12,PN-EQ-10,24.0,0.0,11440.4,48.0,500.0,
2027-06-29,PN-EQ-03,19.4,4.6,7234.3,100.0,380.0,
2027-03-10,PN-EQ-09,24.0,0.0,5461.1,107.2,260.0,
2027-08-24,PN-EQ-05,24.0,0.0,6656.6,116.5,300.0,
2026-12-27,PN-EQ-05,24.0,0.0,6822.3,119.9,300.0,
2027-03-14,PN-EQ-05,16.4,7.6,4295.4,88.2,300.0,
2027-11-13,PN-EQ-06,21.8,2.2,5677.1,117.6,300.0,
2026-05-04,PN-EQ-10,10.54,0.0,5168.7,0.5,500.0,3.0
2027-10-14,PN-EQ-06,24.0,0.0,7076.9,65.5,300.0,
2027-11-23,PN-EQ-10,24.0,0.0,10086.0,195.7,500.0,
2026-02-22,PN-EQ-06,24.0,0.0,6059.6,65.2,300.0,
2027-04-25,PN-EQ-10,24.0,0.0,11204.6,248.8,500.0,
2027-12-29,PN-EQ-08,24.0,0.0,8255.8,180.1,400.0,
2026-10-19,PN-EQ-02,24.0,0.0,9350.5,198.3,430.0,
2026-10-18,PN-EQ-01,24.0,0.0,9333.2,186.0,520.0,
2027-06-25,PN-EQ-09,24.0,0.0,5518.2,143.0,260.0,
2027-03-16,PN-EQ-05,24.0,0.0,6589.2,124.4,300.0,
2026-08-23,PN-EQ-08,23.3,0.7,9047.9,70.2,400.0,
2026-03-04,PN-EQ-09,11.87,0.0,2770.3,13.1,260.0,3.0
2027-08-27,PN-EQ-09,24.0,0.0,5496.6,120.3,260.0,
2026-02-22,PN-EQ-09,0.94,0.0,50.8,16.3,260.0,1.0
2026-05-21,PN-EQ-09,24.0,0.0,4928.2,107.8,260.0,
2026-02-13,PN-EQ-02,24.0,0.0,9905.7,369.6,430.0,
2026-05-10,PN-EQ-05,24.0,0.0,6638.7,135.5,300.0,
2027-10-28,PN-EQ-09,24.0,0.0,5797.8,30.2,260.0,
2027-06-11,PN-EQ-04,24.0,0.0,10150.1,111.1,460.0,
2027-04-23,PN-EQ-01,24.0,0.0,11045.7,168.9,520.0,
2027-03-12,PN-EQ-01,24.0,0.0,10395.4,252.2,520.0,
2026-12-30,PN-EQ-06,24.0,0.0,6358.5,172.9,300.0,
2026-12-31,PN-EQ-05,24.0,0.0,6493.3,182.5,300.0,
2027-07-21,PN-EQ-03,24.0,0.0,7952.7,171.8,380.0,
2026-05-13,PN-EQ-01,24.0,0.0,11603.0,364.1,520.0,
2026-03-17,PN-EQ-01,24.0,0.0,10834.3,153.4,520.0,
2026-07-19,PN-EQ-09,24.0,0.0,6028.9,113.2,260.0,
2026-05-09,PN-EQ-09,10.91,0.21,2530.8,8.3,260.0,2.0
2026-06-19,PN-EQ-09,24.0,0.0,5876.9,131.0,260.0,
2027-12-14,PN-EQ-08,24.0,0.0,8199.8,87.6,400.0,
2027-08-18,PN-EQ-01,24.0,0.0,12355.2,290.2,520.0,
2026-04-11,PN-EQ-05,24.0,0.0,5984.6,146.8,300.0,
2027-07-21,PN-EQ-10,19.5,4.5,8610.8,223.6,500.0,
2027-10-09,PN-EQ-08,24.0,0.0,9084.1,224.1,400.0,
2027-08-15,PN-EQ-08,24.0,0.0,8296.8,174.3,400.0,
2027-01-19,PN-EQ-09,24.0,0.0,5880.1,103.0,260.0,
2027-04-18,PN-EQ-02,21.0,3.0,8407.3,168.2,430.0,
2027-03-25,PN-EQ-10,24.0,0.0,10719.5,204.0,500.0,
2027-02-27,PN-EQ-01,24.0,0.0,11111.6,242.1,520.0,
2026-03-28,PN-EQ-10,0.0,3.26,37.8,,500.0,3.0
2026-12-07,PN-EQ-06,24.0,0.0,6589.9,178.9,300.0,
2027-08-06,PN-EQ-08,24.0,0.0,8171.6,137.5,400.0,
2026-10-31,PN-EQ-03,24.0,0.0,8233.8,195.0,380.0,
2027-02-18,PN-EQ-05,24.0,0.0,5955.3,179.8,300.0,
2026-12-15,PN-EQ-03,24.0,0.0,8187.5,166.3,380.0,
2027-06-17,PN-EQ-03,24.0,0.0,8895.3,224.1,380.0,
2027-09-09,PN-EQ-06,24.0,0.0,5696.7,60.6,300.0,
2026-01-22,PN-EQ-05,24.0,0.0,6487.2,90.5,300.0,
2027-10-05,PN-EQ-06,24.0,0.0,6107.1,150.9,300.0,
2026-12-26,PN-EQ-09,24.0,0.0,5552.3,70.6,260.0,
2026-02-08,PN-EQ-10,7.84,0.0,2741.7,9.3,500.0,2.0
2026-04-16,PN-EQ-09,0.29,0.0,140.5,45.5,260.0,3.0
2026-05-18,PN-EQ-05,24.0,0.0,7128.0,213.0,300.0,
2027-10-03,PN-EQ-01,24.0,0.0,10398.6,295.6,520.0,
2027-03-30,PN-EQ-04,24.0,0.0,10929.6,59.2,460.0,
2026-06-08,PN-EQ-06,24.0,0.0,6183.4,58.9,300.0,
2027-01-30,PN-EQ-08,18.2,5.8,6683.0,167.4,400.0,
2027-07-01,PN-EQ-01,24.0,0.0,10937.9,254.8,520.0,
2027-09-12,PN-EQ-02,24.0,0.0,9463.4,169.5,430.0,
2027-02-21,PN-EQ-07,24.0,0.0,7201.5,69.6,350.0,
2027-03-25,PN-EQ-07,19.7,4.3,6271.7,141.5,350.0,
2027-11-02,PN-EQ-09,24.0,0.0,5874.1,171.9,260.0,
2027-05-03,PN-EQ-10,0.0,24.0,0.0,0.0,500.0,
2026-05-23,PN-EQ-07,24.0,0.0,7654.5,146.5,350.0,
2027-05-06,PN-EQ-09,18.0,6.0,4088.6,104.4,260.0,
2027-07-29,PN-EQ-02,6.3,17.7,2306.7,9.5,430.0,
2027-07-08,PN-EQ-09,24.0,0.0,5811.5,112.0,260.0,
2026-05-03,PN-EQ-10,5.6,0.0,2339.4,62.7,500.0,2.0
2026-04-09,PN-EQ-10,4.21,0.0,1735.0,105.4,500.0,2.0
2027-09-01,PN-EQ-09,24.0,0.0,5281.1,111.3,260.0,
2026-03-20,PN-EQ-09,19.85,0.0,5009.6,107.5,260.0,2.0
2026-06-08,PN-EQ-05,24.0,0.0,6215.7,89.3,300.0,
2026-10-17,PN-EQ-09,24.0,0.0,5602.3,116.5,260.0,
2027-10-15,PN-EQ-09,24.0,0.0,5584.3,96.6,260.0,
2027-01-12,PN-EQ-05,24.0,0.0,5994.3,15.3,300.0,
2027-12-04,PN-EQ-02,24.0,0.0,10099.2,306.6,430.0,
2027-02-05,PN-EQ-10,24.0,0.0,10867.8,145.0,500.0,
2026-10-03,PN-EQ-09,23.0,1.0,4735.6,78.3,260.0,
2026-02-18,PN-EQ-06,24.0,0.0,6491.5,106.5,300.0,
2027-10-09,PN-EQ-01,23.5,0.5,10675.8,178.0,520.0,
2027-08-18,PN-EQ-08,24.0,0.0,8099.0,214.1,400.0,
2026-04-06,PN-EQ-01,24.0,0.0,11071.8,140.1,520.0,
2027-03-26,PN-EQ-10,4.0,20.0,1684.0,28.0,500.0,
2026-06-22,PN-EQ-01,24.0,0.0,11978.1,187.0,520.0,
2026-06-04,PN-EQ-10,24.0,0.0,11880.0,181.2,500.0,
2026-01-28,PN-EQ-06,24.0,0.0,6350.1,157.1,300.0,
2027-07-16,PN-EQ-10,23.5,0.5,11075.5,244.7,500.0,
2027-04-12,PN-EQ-07,24.0,0.0,7852.0,184.2,350.0,
2027-06-17,PN-EQ-09,24.0,0.0,5205.9,85.3,260.0,
2027-04-16,PN-EQ-07,24.0,0.0,7568.8,81.8,350.0,
2027-11-04,PN-EQ-04,20.5,3.5,8652.4,225.9,460.0,
2027-07-08,PN-EQ-08,24.0,0.0,8222.7,234.6,400.0,
2026-12-16,PN-EQ-10,24.0,0.0,10827.2,157.3,500.0,
2027-11-18,PN-EQ-02,24.0,0.0,8451.3,80.6,430.0,
2026-05-01,PN-EQ-10,2.67,0.0,908.9,19.3,500.0,3.0
2026-04-19,PN-EQ-08,24.0,0.0,8793.6,146.2,400.0,
2026-06-02,PN-EQ-10,24.0,0.0,11226.6,19.5,500.0,
2027-12-12,PN-EQ-04,24.0,0.0,9608.9,190.8,460.0,
2027-11-14,PN-EQ-06,24.0,0.0,6691.3,219.7,300.0,
2026-02-26,PN-EQ-09,15.79,0.0,3381.9,16.5,260.0,2.0
2026-03-15,PN-EQ-10,4.83,0.05,2216.1,12.9,500.0,1.0
2026-03-18,PN-EQ-10,6.14,0.0,2470.1,27.8,500.0,1.0
2026-05-08,PN-EQ-07,24.0,0.0,7808.1,174.2,350.0,
2027-12-10,PN-EQ-01,24.0,0.0,9976.8,163.9,520.0,
2026-03-30,PN-EQ-04,24.0,0.0,8446.4,152.7,460.0,
2026-11-20,PN-EQ-02,24.0,0.0,9386.2,140.0,430.0,
2027-12-28,PN-EQ-10,24.0,0.0,11331.0,,500.0,
2026-12-16,PN-EQ-02,10.3,13.7,4313.5,80.4,430.0,
2027-01-14,PN-EQ-01,24.0,0.0,10926.6,266.3,520.0,
2027-06-03,PN-EQ-07,24.0,0.0,7894.2,152.6,350.0,
2027-01-04,PN-EQ-02,17.8,6.2,7214.2,95.4,430.0,
2026-10-04,PN-EQ-10,24.0,0.0,11333.4,268.8,500.0,
2027-07-13,PN-EQ-04,19.4,4.6,8121.7,130.3,460.0,
2027-07-22,PN-EQ-08,24.0,0.0,9247.9,170.8,400.0,
2026-06-19,PN-EQ-06,24.0,0.0,6663.3,127.7,300.0,
2027-07-09,PN-EQ-07,24.0,0.0,8043.2,163.7,350.0,
2026-06-30,PN-EQ-08,24.0,0.0,9191.4,217.1,400.0,
2027-07-16,PN-EQ-06,24.0,0.0,5943.0,181.5,300.0,
2026-05-28,PN-EQ-04,24.0,0.0,9989.4,166.3,460.0,
2026-04-13,PN-EQ-02,24.0,0.0,8461.9,129.6,430.0,
2026-04-12,PN-EQ-01,24.0,0.0,10648.8,217.0,520.0,
2027-03-22,PN-EQ-05,24.0,0.0,6571.7,116.8,300.0,
2027-04-14,PN-EQ-06,21.7,2.3,5145.0,21.5,300.0,
2026-04-30,PN-EQ-04,24.0,0.0,9933.3,248.9,460.0,
2027-04-19,PN-EQ-03,24.0,0.0,7930.6,174.3,380.0,
2026-03-08,PN-EQ-04,17.9,6.1,7129.7,146.5,460.0,
2026-12-20,PN-EQ-03,24.0,0.0,8573.3,215.8,380.0,
2026-04-18,PN-EQ-08,24.0,0.0,8437.1,118.6,400.0,
2027-06-28,PN-EQ-10,15.3,8.7,7042.2,175.0,500.0,
2027-06-30,PN-EQ-07,24.0,0.0,7687.5,132.9,350.0,
2027-01-30,PN-EQ-03,24.0,0.0,8255.5,247.2,380.0,
2026-11-30,PN-EQ-08,24.0,0.0,8231.7,151.0,400.0,
2026-02-18,PN-EQ-09,4.55,0.0,995.1,5.6,260.0,1.0
2026-11-25,PN-EQ-02,24.0,0.0,9504.3,274.4,430.0,
2026-03-01,PN-EQ-03,21.2,2.8,7577.1,224.3,380.0,
2027-05-10,PN-EQ-07,24.0,0.0,7649.1,121.1,350.0,
2027-09-20,PN-EQ-08,23.3,0.7,7528.9,109.2,400.0,
2026-06-10,PN-EQ-10,20.2,3.8,8288.1,161.2,500.0,
2027-01-12,PN-EQ-04,22.1,1.9,9571.1,228.7,460.0,
2026-08-30,PN-EQ-04,24.0,0.0,8771.4,94.6,460.0,
2026-04-06,PN-EQ-03,24.0,0.0,8363.8,167.4,380.0,
2027-03-14,PN-EQ-10,24.0,0.0,11140.6,252.5,500.0,
2026-11-04,PN-EQ-02,15.1,8.9,5855.3,97.9,430.0,
2026-08-22,PN-EQ-04,22.5,1.5,9905.6,209.6,460.0,
2027-12-08,PN-EQ-01,24.0,0.0,11562.8,276.2,520.0,
2027-03-24,PN-EQ-02,23.4,0.6,9424.1,24.5,430.0,
2026-12-19,PN-EQ-08,24.0,0.0,8930.1,187.2,400.0,
2027-02-08,PN-EQ-02,21.3,2.7,8743.9,181.9,430.0,
2026-04-05,PN-EQ-02,24.0,0.0,10216.8,169.2,430.0,
2027-09-14,PN-EQ-03,20.5,3.5,6622.6,147.4,380.0,
2026-07-10,PN-EQ-10,9.3,14.7,4446.3,104.2,500.0,
2026-02-28,PN-EQ-10,14.34,0.0,6233.2,114.0,500.0,2.0
2026-09-20,PN-EQ-06,21.4,2.6,5991.6,39.7,300.0,
2027-07-10,PN-EQ-02,24.0,0.0,9589.7,81.9,430.0,
2026-03-12,PN-EQ-04,24.0,0.0,10008.5,137.7,460.0,
2026-04-23,PN-EQ-05,15.2,8.8,3900.9,82.4,300.0,
2027-07-21,PN-EQ-05,19.5,4.5,5766.3,125.8,300.0,
2026-01-28,PN-EQ-01,24.0,0.0,10761.1,231.6,520.0,
2027-01-10,PN-EQ-10,16.4,7.6,6803.2,200.3,500.0,
2027-03-01,PN-EQ-06,10.5,13.5,2852.5,63.4,300.0,
2026-03-31,PN-EQ-09,2.06,0.84,468.0,15.6,260.0,3.0
2027-06-17,PN-EQ-05,24.0,0.0,6645.1,211.0,300.0,
2026-02-12,PN-EQ-09,3.42,0.0,810.0,0.5,260.0,3.0
2027-05-06,PN-EQ-06,24.0,0.0,7071.2,220.9,300.0,
2027-10-16,PN-EQ-05,4.0,20.0,1110.7,30.8,300.0,
2027-01-27,PN-EQ-05,24.0,0.0,6675.7,162.3,300.0,
2026-11-02,PN-EQ-04,19.3,4.7,8444.7,212.2,460.0,
2026-03-04,PN-EQ-03,24.0,0.0,7934.8,69.7,380.0,
2026-05-25,PN-EQ-01,24.0,0.0,10203.5,271.4,520.0,
2027-06-10,PN-EQ-02,16.4,7.6,6194.0,166.0,430.0,
2026-09-04,PN-EQ-09,24.0,0.0,5886.9,70.4,260.0,
2026-07-19,PN-EQ-08,24.0,0.0,8410.3,83.3,400.0,
2027-03-09,PN-EQ-07,24.0,0.0,7348.7,117.8,350.0,
2027-06-29,PN-EQ-06,24.0,0.0,6439.8,121.5,300.0,
2026-04-23,PN-EQ-04,4.0,20.0,1586.3,49.9,460.0,
2027-10-25,PN-EQ-10,24.0,0.0,10358.2,186.8,500.0,
2026-03-31,PN-EQ-09,3.84,0.41,987.1,59.2,260.0,1.0
2026-05-31,PN-EQ-07,24.0,0.0,7825.9,64.2,350.0,
2027-04-02,PN-EQ-02,24.0,0.0,8424.9,122.7,430.0,
2027-08-11,PN-EQ-01,24.0,0.0,12117.0,410.2,520.0,
2026-09-09,PN-EQ-02,22.3,1.7,8093.5,221.1,430.0,
2027-07-13,PN-EQ-01,24.0,0.0,11431.2,433.2,520.0,
2027-05-04,PN-EQ-07,24.0,0.0,8008.4,197.9,350.0,
2026-03-07,PN-EQ-01,18.2,5.8,8451.3,267.3,520.0,
2027-08-16,PN-EQ-04,4.1,19.9,1690.2,40.1,460.0,
2026-01-27,PN-EQ-08,22.6,1.4,8480.7,215.5,400.0,
2026-06-29,PN-EQ-02,24.0,0.0,9791.9,271.3,430.0,
2027-04-06,PN-EQ-03,24.0,0.0,9020.7,267.8,380.0,
2026-11-24,PN-EQ-02,24.0,0.0,9174.6,154.4,430.0,
2026-10-16,PN-EQ-10,24.0,0.0,10138.5,260.6,500.0,
2027-11-10,PN-EQ-08,18.2,5.8,7012.0,151.9,400.0,
2026-03-04,PN-EQ-02,24.0,0.0,9926.5,151.1,430.0,
2027-12-07,PN-EQ-01,24.0,0.0,11888.7,343.6,520.0,
2027-11-17,PN-EQ-08,24.0,0.0,8186.9,56.6,400.0,
2026-06-01,PN-EQ-07,24.0,0.0,7123.0,111.1,350.0,
2027-01-18,PN-EQ-02,24.0,0.0,9780.7,136.1,430.0,
2026-11-21,PN-EQ-10,18.9,5.1,8433.5,93.8,500.0,
2026-10-28,PN-EQ-01,24.0,0.0,10755.0,289.8,520.0,
2027-02-26,PN-EQ-03,24.0,0.0,8633.1,289.3,380.0,
2027-11-05,PN-EQ-02,24.0,0.0,9502.6,171.1,430.0,
2026-08-06,PN-EQ-03,24.0,0.0,8697.9,91.9,380.0,
2027-09-13,PN-EQ-03,24.0,0.0,7513.5,136.6,380.0,
2026-06-04,PN-EQ-09,24.0,0.0,5585.9,76.2,260.0,
2026-12-18,PN-EQ-08,24.0,0.0,8488.6,198.5,400.0,
2026-08-05,PN-EQ-03,24.0,0.0,7883.7,73.5,380.0,
2026-05-15,PN-EQ-06,14.0,10.0,4158.0,129.3,300.0,
2026-05-17,PN-EQ-10,12.09,0.77,5172.6,0.2,500.0,3.0
2027-02-19,PN-EQ-01,19.7,4.3,9091.5,342.1,520.0,
2027-10-03,PN-EQ-06,22.4,1.6,6231.8,183.4,300.0,
2026-11-29,PN-EQ-01,24.0,0.0,9132.3,66.0,520.0,
2026-09-30,PN-EQ-06,24.0,0.0,6360.0,90.9,300.0,
2026-08-31,PN-EQ-03,21.9,2.1,7359.0,188.8,380.0,
2026-03-04,PN-EQ-05,21.3,2.7,5475.5,70.0,300.0,
2027-01-29,PN-EQ-06,24.0,0.0,6174.4,155.5,300.0,
2026-01-26,PN-EQ-06,24.0,0.0,5822.1,149.8,300.0,
2027-01-07,PN-EQ-10,7.5,16.5,3372.5,74.4,500.0,
2026-12-03,PN-EQ-03,24.0,0.0,7989.9,155.8,380.0,
2026-12-15,PN-EQ-09,9.1,14.9,1983.9,16.4,260.0,
2027-10-14,PN-EQ-01,24.0,0.0,11679.9,211.6,520.0,
2027-05-22,PN-EQ-03,22.7,1.3,8376.3,148.4,380.0,
2026-07-02,PN-EQ-09,24.0,0.0,5886.9,98.3,260.0,
2027-06-14,PN-EQ-01,24.0,0.0,10939.5,169.9,520.0,
2026-03-24,PN-EQ-07,24.0,0.0,7221.3,216.9,350.0,
2027-10-11,PN-EQ-05,4.0,20.0,1078.9,23.9,300.0,
2026-11-13,PN-EQ-02,24.0,0.0,9726.5,88.6,430.0,
2027-11-20,PN-EQ-05,24.0,0.0,6703.8,208.7,300.0,
2027-10-07,PN-EQ-08,24.0,0.0,8718.8,186.4,400.0,
2027-08-10,PN-EQ-07,24.0,0.0,7244.3,129.3,350.0,
2027-07-14,PN-EQ-05,24.0,0.0,6223.5,111.6,300.0,
2027-01-19,PN-EQ-06,24.0,0.0,6663.9,93.3,300.0,
2026-09-17,PN-EQ-03,24.0,0.0,7479.2,245.0,380.0,
2026-06-01,PN-EQ-04,24.0,0.0,9475.0,249.0,460.0,
2026-01-25,PN-EQ-01,24.0,0.0,10113.1,77.0,520.0,
2026-02-20,PN-EQ-05,24.0,0.0,6402.0,250.8,300.0,
2027-08-01,PN-EQ-10,24.0,0.0,11451.1,94.5,500.0,
2027-05-17,PN-EQ-01,24.0,0.0,11178.4,238.2,520.0,
2026-04-13,PN-EQ-05,20.4,3.6,5603.3,103.2,300.0,
2027-06-21,PN-EQ-06,24.0,0.0,5828.2,135.4,300.0,
2026-08-31,PN-EQ-01,24.0,0.0,10602.9,110.2,520.0,
2026-07-01,PN-EQ-06,24.0,0.0,6774.9,88.9,300.0,
2026-02-01,PN-EQ-09,24.0,0.0,4762.4,117.1,260.0,
2026-01-13,PN-EQ-08,24.0,0.0,7834.7,103.5,400.0,
2026-11-06,PN-EQ-08,24.0,0.0,8441.9,107.1,400.0,
2026-09-07,PN-EQ-03,24.0,0.0,8970.3,3.0,380.0,
2026-03-26,PN-EQ-09,13.75,0.0,3462.7,,260.0,3.0
2027-06-28,PN-EQ-09,24.0,0.0,5417.9,112.1,260.0,
2027-12-31,PN-EQ-08,24.0,0.0,8802.8,211.1,400.0,
2027-04-01,PN-EQ-07,24.0,0.0,7504.7,110.0,350.0,
2026-10-17,PN-EQ-07,15.7,8.3,5012.4,33.0,350.0,
2027-04-20,PN-EQ-04,24.0,0.0,10122.0,262.6,460.0,
2026-06-13,PN-EQ-08,24.0,0.0,8780.5,86.6,400.0,
2026-04-20,PN-EQ-07,24.0,0.0,7287.3,214.1,350.0,
2026-11-22,PN-EQ-08,23.0,1.0,8128.8,238.4,400.0,
2026-02-17,PN-EQ-10,13.14,0.0,6326.1,176.0,500.0,3.0
2026-10-14,PN-EQ-09,24.0,0.0,5671.1,79.9,260.0,
2027-03-20,PN-EQ-04,4.0,20.0,1551.5,44.9,460.0,
2026-07-08,PN-EQ-04,18.6,5.4,8275.6,202.9,460.0,
2026-01-20,PN-EQ-06,24.0,0.0,7012.4,95.1,300.0,
2027-04-21,PN-EQ-06,24.0,0.0,6649.1,202.7,300.0,
2027-12-24,PN-EQ-01,24.0,0.0,11308.0,217.1,520.0,
2027-12-01,PN-EQ-03,24.0,0.0,8348.3,138.9,380.0,
2027-02-23,PN-EQ-04,24.0,0.0,9873.9,132.7,460.0,
2027-10-17,PN-EQ-07,24.0,0.0,8148.2,139.0,350.0,
2027-11-27,PN-EQ-05,24.0,0.0,6231.1,157.6,300.0,
2027-12-15,PN-EQ-09,24.0,0.0,5516.4,107.8,260.0,
2026-12-22,PN-EQ-03,24.0,0.0,8247.5,344.4,380.0,
2026-03-27,PN-EQ-01,0.0,24.0,0.0,0.0,520.0,
2027-12-09,PN-EQ-07,24.0,0.0,7415.7,123.0,350.0,
2027-08-17,PN-EQ-02,24.0,0.0,10054.3,,430.0,
2027-11-15,PN-EQ-03,24.0,0.0,8935.8,242.3,380.0,
2027-10-22,PN-EQ-07,24.0,0.0,7747.4,210.6,350.0,
2026-09-12,PN-EQ-09,18.9,5.1,4113.5,69.4,260.0,
2026-10-20,PN-EQ-01,19.6,4.4,8625.5,191.0,520.0,
2027-04-28,PN-EQ-05,24.0,0.0,6651.4,117.2,300.0,
2027-12-26,PN-EQ-06,24.0,0.0,6388.5,131.3,300.0,
2026-05-06,PN-EQ-04,16.3,7.7,7068.2,53.2,460.0,
2027-08-21,PN-EQ-09,24.0,0.0,5481.0,181.5,260.0,
2027-10-12,PN-EQ-01,24.0,0.0,10971.4,58.1,520.0,
2027-02-22,PN-EQ-05,24.0,0.0,6902.4,50.4,300.0,
2027-07-29,PN-EQ-01,24.0,0.0,11109.3,179.9,520.0,
2026-06-17,PN-EQ-02,8.0,16.0,3405.6,48.6,430.0,
2027-01-16,PN-EQ-09,24.0,0.0,4940.0,58.4,260.0,
2026-09-11,PN-EQ-03,24.0,0.0,7335.1,18.9,380.0,
2026-04-25,PN-EQ-01,23.4,0.6,10878.1,198.8,520.0,
2026-09-15,PN-EQ-10,24.0,0.0,10363.6,149.9,500.0,
2026-04-21,PN-EQ-05,24.0,0.0,6262.1,166.7,300.0,
2026-11-26,PN-EQ-05,18.6,5.4,5310.4,81.5,300.0,
2027-07-27,PN-EQ-03,21.7,2.3,7646.6,91.1,380.0,
2027-02-03,PN-EQ-08,15.0,9.0,5615.8,209.9,400.0,
2027-08-05,PN-EQ-10,24.0,0.0,10117.0,51.4,500.0,
2027-12-10,PN-EQ-07,24.0,0.0,7375.0,146.0,350.0,
2026-07-08,PN-EQ-08,15.1,8.9,5933.6,121.0,400.0,
2027-01-04,PN-EQ-04,24.0,0.0,9961.8,214.6,460.0,
2026-03-12,PN-EQ-06,24.0,0.0,6316.6,161.5,300.0,
2026-07-09,PN-EQ-04,24.0,0.0,10929.6,99.2,460.0,
2027-12-25,PN-EQ-10,24.0,0.0,10968.7,225.4,500.0,
2026-04-01,PN-EQ-05,24.0,0.0,6325.3,187.0,300.0,
2026-07-25,PN-EQ-02,24.0,0.0,9439.0,236.3,430.0,
2027-09-11,PN-EQ-05,24.0,0.0,6225.7,61.8,300.0,
2026-07-12,PN-EQ-05,24.0,0.0,6986.0,145.3,300.0,
2026-04-14,PN-EQ-07,17.9,6.1,6114.8,128.4,350.0,
2026-04-24,PN-EQ-02,24.0,0.0,8956.9,200.0,430.0,
2027-09-11,PN-EQ-09,24.0,0.0,5041.3,98.3,260.0,
2027-07-23,PN-EQ-05,11.0,13.0,3098.8,104.5,300.0,
2026-12-01,PN-EQ-09,22.9,1.1,4940.6,117.1,260.0,
2026-02-24,PN-EQ-01,24.0,0.0,12174.6,429.1,520.0,
2026-09-29,PN-EQ-07,24.0,0.0,8233.5,116.1,350.0,
2027-02-08,PN-EQ-03,24.0,0.0,8556.0,235.7,380.0,
2026-02-20,PN-EQ-09,4.56,0.0,1097.7,44.8,260.0,3.0
2026-06-05,PN-EQ-10,22.3,1.7,11038.5,251.1,500.0,
2027-12-31,PN-EQ-05,24.0,0.0,6443.3,253.8,300.0,
2027-12-27,PN-EQ-09,24.0,0.0,5571.9,160.6,260.0,
2026-11-19,PN-EQ-07,24.0,0.0,7473.5,208.8,350.0,
2026-08-01,PN-EQ-04,24.0,0.0,9990.9,184.5,460.0,
2027-07-20,PN-EQ-09,22.8,1.2,5524.2,120.3,260.0,
2026-09-26,PN-EQ-06,24.0,0.0,6440.1,186.3,300.0,
2026-10-11,PN-EQ-09,24.0,0.0,6073.7,119.0,260.0,
2027-11-10,PN-EQ-04,24.0,0.0,10052.3,156.4,460.0,
2026-01-31,PN-EQ-04,24.0,0.0,10556.4,220.7,460.0,
2027-09-09,PN-EQ-07,24.0,0.0,8316.0,181.9,350.0,
2026-01-17,PN-EQ-05,18.2,5.8,5405.4,115.2,300.0,
2027-05-12,PN-EQ-07,24.0,0.0,7727.8,45.7,350.0,
2026-12-14,PN-EQ-10,24.0,0.0,10649.4,126.4,500.0,
2026-11-22,PN-EQ-05,24.0,0.0,6285.5,144.3,300.0,
2026-07-11,PN-EQ-08,24.0,0.0,8835.5,93.7,400.0,
2027-04-20,PN-EQ-01,24.0,0.0,10421.5,104.9,520.0,
2027-11-20,PN-EQ-03,20.0,4.0,7032.2,235.2,380.0,
2026-02-05,PN-EQ-10,24.0,0.0,10907.6,151.4,500.0,
2027-10-29,PN-EQ-08,24.0,0.0,8380.9,131.6,400.0,
2027-03-17,PN-EQ-09,21.1,2.9,5137.6,129.2,260.0,
2027-01-27,PN-EQ-06,19.8,4.2,5313.1,97.0,300.0,
2027-08-23,PN-EQ-05,24.0,0.0,6332.5,117.6,300.0,
2027-07-19,PN-EQ-05,19.5,4.5,5300.5,146.2,300.0,
2027-12-18,PN-EQ-04,24.0,0.0,10204.9,273.7,460.0,
2026-03-17,PN-EQ-09,0.85,0.0,119.3,59.3,260.0,1.0
2027-06-21,PN-EQ-10,21.1,2.9,10090.5,331.8,500.0,
2027-01-14,PN-EQ-05,24.0,0.0,6330.1,58.6,300.0,
2026-02-01,PN-EQ-07,24.0,0.0,6970.6,136.9,350.0,
2026-09-30,PN-EQ-10,24.0,0.0,10010.3,231.3,500.0,
2027-10-05,PN-EQ-02,24.0,0.0,8772.0,257.0,430.0,
2026-07-04,PN-EQ-03,24.0,0.0,7802.8,119.7,380.0,
2027-05-07,PN-EQ-08,24.0,0.0,9504.0,293.6,400.0,
2026-05-26,PN-EQ-06,24.0,0.0,6558.3,180.7,300.0,
2026-12-27,PN-EQ-08,24.0,0.0,8493.7,133.7,400.0,
2026-12-09,PN-EQ-08,21.0,3.0,7267.0,169.9,400.0,
2027-07-01,PN-EQ-09,21.3,2.7,4390.2,114.4,260.0,
2026-01-23,PN-EQ-03,24.0,0.0,8709.9,122.8,380.0,
2027-09-10,PN-EQ-06,18.1,5.9,4487.9,123.2,300.0,
2026-11-27,PN-EQ-09,24.0,0.0,5743.2,79.6,260.0,
2027-05-14,PN-EQ-09,24.0,0.0,5083.8,147.1,260.0,
2027-01-12,PN-EQ-06,24.0,0.0,6148.6,118.7,300.0,
2027-02-18,PN-EQ-06,24.0,0.0,7019.0,172.7,300.0,
2026-03-08,PN-EQ-10,3.13,0.0,1574.9,30.2,500.0,3.0
2026-11-28,PN-EQ-07,24.0,0.0,7513.2,116.2,350.0,
2026-05-03,PN-EQ-09,12.58,0.0,3271.9,27.5,260.0,3.0
2027-01-23,PN-EQ-06,24.0,0.0,6172.3,194.3,300.0,
2026-05-09,PN-EQ-09,11.06,0.11,2449.3,8.1,260.0,1.0
2027-02-20,PN-EQ-06,24.0,0.0,6697.9,159.7,300.0,
2026-02-24,PN-EQ-02,24.0,0.0,9490.2,215.8,430.0,
2027-02-19,PN-EQ-03,24.0,0.0,8570.4,175.0,380.0,
2026-09-02,PN-EQ-10,24.0,0.0,10884.7,132.9,500.0,
2026-10-13,PN-EQ-09,24.0,0.0,5475.0,174.0,260.0,
2026-03-11,PN-EQ-09,5.05,4.53,1271.0,27.6,260.0,1.0
2027-12-09,PN-EQ-05,24.0,0.0,6530.1,67.4,300.0,
2026-04-17,PN-EQ-03,24.0,0.0,8661.1,88.3,380.0,
2027-06-19,PN-EQ-05,24.0,0.0,6438.8,148.9,300.0,
2026-06-12,PN-EQ-03,24.0,0.0,8561.6,195.0,380.0,
2027-07-18,PN-EQ-02,24.0,0.0,8461.3,123.7,430.0,
2027-05-03,PN-EQ-06,24.0,0.0,6311.3,61.5,300.0,
2027-06-04,PN-EQ-07,24.0,0.0,7787.9,105.4,350.0,
2027-12-02,PN-EQ-02,24.0,0.0,9594.0,214.5,430.0,
2026-03-10,PN-EQ-10,5.06,0.41,2527.7,114.8,500.0,3.0
2027-01-29,PN-EQ-04,24.0,0.0,9813.0,222.6,460.0,
2026-11-11,PN-EQ-08,21.6,2.4,7652.0,181.9,400.0,
2027-11-05,PN-EQ-09,24.0,0.0,5783.6,116.5,260.0,
2027-07-17,PN-EQ-05,24.0,0.0,6176.6,136.8,300.0,
2026-12-31,PN-EQ-01,24.0,0.0,11760.0,225.8,520.0,
2026-04-19,PN-EQ-09,0.01,0.0,56.9,47.9,260.0,3.0
2026-02-15,PN-EQ-04,10.2,13.8,4221.3,135.1,460.0,
2026-06-10,PN-EQ-09,24.0,0.0,5404.3,0.0,260.0,
2026-06-10,PN-EQ-05,24.0,0.0,7031.7,108.1,300.0,
2026-09-23,PN-EQ-05,20.3,3.7,5789.6,108.7,300.0,
2027-03-31,PN-EQ-03,24.0,0.0,7890.0,206.0,380.0,
2026-04-08,PN-EQ-08,24.0,0.0,8588.3,175.1,400.0,
2026-02-08,PN-EQ-02,24.0,0.0,8385.1,221.1,430.0,
2026-11-21,PN-EQ-01,24.0,0.0,10904.7,234.0,520.0,
2026-04-28,PN-EQ-08,24.0,0.0,9225.0,169.4,400.0,
2026-05-01,PN-EQ-10,15.83,0.0,7122.8,144.3,500.0,1.0
2026-12-25,PN-EQ-10,24.0,0.0,11017.5,280.0,500.0,
2026-04-26,PN-EQ-09,2.95,0.0,707.6,31.9,260.0,1.0
2027-02-05,PN-EQ-02,21.3,2.7,7991.3,241.7,430.0,
2027-04-06,PN-EQ-04,24.0,0.0,10528.3,337.4,460.0,
2027-08-28,PN-EQ-01,24.0,0.0,11616.9,74.6,520.0,
2026-02-16,PN-EQ-02,24.0,0.0,8875.0,225.9,430.0,
2027-12-21,PN-EQ-01,24.0,0.0,10369.8,465.4,520.0,
2026-01-19,PN-EQ-04,19.5,4.5,7884.5,228.1,460.0,
2026-01-12,PN-EQ-08,24.0,0.0,9010.5,208.8,400.0,
2027-07-03,PN-EQ-04,24.0,0.0,10161.8,,460.0,
2026-07-25,PN-EQ-04,15.1,8.9,5828.8,193.4,460.0,
2027-07-16,PN-EQ-03,24.0,0.0,8188.0,259.1,380.0,
2026-08-10,PN-EQ-07,24.0,0.0,7298.2,42.6,350.0,
2027-04-28,PN-EQ-07,24.0,0.0,8000.2,141.8,350.0,
2027-04-29,PN-EQ-09,24.0,0.0,5769.9,83.4,260.0,
2027-11-18,PN-EQ-04,4.0,20.0,1546.8,30.6,460.0,
2027-01-01,PN-EQ-09,24.0,0.0,5760.1,146.3,260.0,
2026-11-09,PN-EQ-03,24.0,0.0,8106.3,151.4,380.0,
2026-12-04,PN-EQ-04,24.0,0.0,10228.1,297.8,460.0,
2027-05-03,PN-EQ-09,24.0,0.0,5711.2,89.3,260.0,
2026-05-29,PN-EQ-05,24.0,0.0,7051.0,28.0,300.0,
2027-04-24,PN-EQ-05,24.0,0.0,6352.3,115.7,300.0,
2026-06-24,PN-EQ-05,24.0,0.0,6789.9,157.1,300.0,
2026-09-27,PN-EQ-10,24.0,0.0,11016.9,374.2,500.0,
2026-03-02,PN-EQ-03,24.0,0.0,8212.9,162.8,380.0,
2026-07-28,PN-EQ-10,24.0,0.0,10812.5,141.4,500.0,
2027-12-30,PN-EQ-08,24.0,0.0,8565.3,209.5,400.0,
2026-11-30,PN-EQ-05,24.0,0.0,6380.0,29.6,300.0,
2027-06-27,PN-EQ-09,24.0,0.0,5661.9,130.5,260.0,
2027-05-16,PN-EQ-06,24.0,0.0,6279.4,155.0,300.0,
2026-08-21,PN-EQ-08,24.0,0.0,8177.7,181.3,400.0,
2026-07-13,PN-EQ-09,24.0,0.0,5545.5,90.5,260.0,
2026-03-26,PN-EQ-09,0.79,0.0,62.2,46.1,260.0,2.0
2026-09-16,PN-EQ-05,24.0,0.0,6362.2,145.0,300.0,
2027-03-14,PN-EQ-07,24.0,0.0,7691.4,,350.0,
2026-10-07,PN-EQ-01,24.0,0.0,10323.1,176.0,520.0,
2027-03-18,PN-EQ-06,24.0,0.0,6100.5,143.2,300.0,
2027-03-14,PN-EQ-08,24.0,0.0,8507.4,200.0,400.0,
2026-02-25,PN-EQ-05,24.0,0.0,6904.7,92.6,300.0,
2026-04-16,PN-EQ-08,19.2,4.8,6101.7,148.0,400.0,
2026-08-23,PN-EQ-05,24.0,0.0,7128.0,86.1,300.0,
2026-11-09,PN-EQ-06,22.0,2.0,5744.4,107.1,300.0,
2026-12-09,PN-EQ-03,18.1,5.9,5760.3,75.9,380.0,
2027-02-01,PN-EQ-07,24.0,0.0,7183.5,59.3,350.0,
2026-11-03,PN-EQ-03,24.0,0.0,9028.8,298.5,380.0,
2026-03-16,PN-EQ-06,24.0,0.0,6584.9,165.6,300.0,
2026-07-04,PN-EQ-09,24.0,0.0,5636.3,161.9,260.0,
2026-08-15,PN-EQ-03,24.0,0.0,7907.9,150.4,380.0,
2026-03-28,PN-EQ-09,4.28,0.0,1026.3,73.1,260.0,1.0
2027-09-29,PN-EQ-05,24.0,0.0,6831.6,94.4,300.0,
2026-02-28,PN-EQ-03,24.0,0.0,8432.8,250.4,380.0,
2026-05-09,PN-EQ-09,1.53,0.18,361.8,28.1,260.0,3.0
2026-03-16,PN-EQ-07,22.8,1.2,7641.2,87.0,350.0,
2027-04-24,PN-EQ-03,24.0,0.0,8052.0,157.1,380.0,
2027-09-27,PN-EQ-05,24.0,0.0,6323.5,82.7,300.0,
2026-12-06,PN-EQ-10,24.0,0.0,11493.6,174.3,500.0,
2026-12-25,PN-EQ-06,24.0,0.0,6872.0,188.7,300.0,
2027-04-06,PN-EQ-08,24.0,0.0,9504.0,204.6,400.0,
2027-02-17,PN-EQ-09,24.0,0.0,5913.1,204.6,260.0,
2027-02-11,PN-EQ-09,22.9,1.1,5227.0,54.3,260.0,
2026-05-24,PN-EQ-06,24.0,0.0,5695.4,28.4,300.0,
2027-04-24,PN-EQ-01,24.0,0.0,10969.6,194.4,520.0,
2026-03-04,PN-EQ-10,4.53,0.0,2241.7,134.7,500.0,2.0
2027-05-14,PN-EQ-04,24.0,0.0,9192.0,169.5,460.0,
2026-10-19,PN-EQ-09,24.0,0.0,5841.3,,260.0,
2027-12-13,PN-EQ-06,4.0,20.0,1079.0,21.4,300.0,
2027-08-06,PN-EQ-01,24.0,0.0,10031.3,279.3,520.0,
2026-09-30,PN-EQ-05,15.4,8.6,4057.1,104.2,300.0,
2026-09-12,PN-EQ-06,14.1,9.9,3789.6,44.7,300.0,
2026-09-21,PN-EQ-01,24.0,0.0,11780.8,203.1,520.0,
2027-03-15,PN-EQ-10,24.0,0.0,10453.4,276.6,500.0,
2026-07-10,PN-EQ-07,24.0,0.0,7893.4,47.4,350.0,
2026-11-01,PN-EQ-01,24.0,0.0,11392.3,192.3,520.0,
2026-03-11,PN-EQ-09,5.44,3.36,1277.2,15.1,260.0,3.0
2027-08-03,PN-EQ-07,24.0,0.0,7489.0,93.5,350.0,
2026-08-26,PN-EQ-02,24.0,0.0,8904.5,252.3,430.0,
2026-03-12,PN-EQ-09,12.58,0.0,3013.7,33.5,260.0,3.0
2027-02-23,PN-EQ-05,24.0,0.0,6571.8,123.4,300.0,
2026-03-14,PN-EQ-01,24.0,0.0,10796.2,107.1,520.0,
2026-04-13,PN-EQ-10,1.12,0.0,710.5,87.8,500.0,3.0
2026-05-07,PN-EQ-09,6.77,0.0,1632.9,19.5,260.0,3.0
2026-07-15,PN-EQ-01,24.0,0.0,11113.3,380.4,520.0,
2027-11-01,PN-EQ-06,24.0,0.0,6885.5,224.7,300.0,
2027-03-17,PN-EQ-08,24.0,0.0,8611.7,64.4,400.0,
2026-09-16,PN-EQ-01,22.6,1.4,11147.0,378.5,520.0,
2027-02-14,PN-EQ-05,12.4,11.6,3322.3,58.3,300.0,
2026-02-05,PN-EQ-04,24.0,0.0,8935.2,236.6,460.0,
2026-09-02,PN-EQ-09,24.0,0.0,5466.5,135.0,260.0,
2026-12-02,PN-EQ-08,24.0,0.0,8485.9,131.5,400.0,
2027-01-04,PN-EQ-08,24.0,0.0,7980.6,224.9,400.0,
2026-12-18,PN-EQ-02,24.0,0.0,9488.1,93.3,430.0,
2026-05-01,PN-EQ-05,24.0,0.0,6838.2,129.4,300.0,
2027-12-15,PN-EQ-10,16.2,7.8,7488.1,235.3,500.0,
2027-06-03,PN-EQ-04,24.0,0.0,10435.3,250.4,460.0,
2026-02-22,PN-EQ-05,10.4,13.6,2965.5,27.9,300.0,
2026-02-27,PN-EQ-05,13.1,10.9,3750.6,36.2,300.0,
2027-11-26,PN-EQ-05,24.0,0.0,6740.0,95.5,300.0,
2027-01-29,PN-EQ-10,24.0,0.0,10704.6,227.1,500.0,
2027-09-17,PN-EQ-08,24.0,0.0,8343.7,85.7,400.0,
2026-08-22,PN-EQ-03,24.0,0.0,9028.8,70.8,380.0,
2026-09-02,PN-EQ-01,24.0,0.0,10895.9,257.2,520.0,
2026-06-19,PN-EQ-10,24.0,0.0,10580.2,241.4,500.0,
2027-10-05,PN-EQ-08,24.0,0.0,9458.3,138.9,400.0,
2027-07-12,PN-EQ-03,24.0,0.0,7812.9,142.3,380.0,
2027-03-04,PN-EQ-06,21.4,2.6,6018.0,68.3,300.0,
2026-01-31,PN-EQ-06,24.0,0.0,6744.1,129.8,300.0,
2027-10-02,PN-EQ-09,24.0,0.0,5162.3,189.8,260.0,
2026-06-17,PN-EQ-08,24.0,0.0,8561.7,258.1,400.0,
2027-02-08,PN-EQ-07,22.3,1.7,7411.0,260.5,350.0,
2026-05-13,PN-EQ-05,15.4,8.6,4233.7,81.1,300.0,
2026-12-18,PN-EQ-07,24.0,0.0,7372.0,120.1,350.0,
2026-06-05,PN-EQ-08,24.0,0.0,8526.1,268.6,400.0,
2027-07-03,PN-EQ-06,24.0,0.0,6922.4,103.3,300.0,
2026-05-23,PN-EQ-04,22.0,2.0,9324.7,218.8,460.0,
2026-08-04,PN-EQ-03,21.8,2.2,7148.2,267.1,380.0,
2026-03-11,PN-EQ-10,4.65,0.0,2438.3,10.9,500.0,1.0
2027-03-12,PN-EQ-08,24.0,0.0,7839.7,199.9,400.0,
2026-06-24,PN-EQ-01,24.0,0.0,11576.6,177.2,520.0,
2027-03-30,PN-EQ-05,24.0,0.0,6570.1,42.0,300.0,
2027-08-27,PN-EQ-07,15.0,9.0,4759.8,132.3,350.0,
2027-07-14,PN-EQ-10,24.0,0.0,11880.0,75.2,500.0,
2026-09-05,PN-EQ-09,24.0,0.0,5950.0,173.0,260.0,
2026-01-18,PN-EQ-06,24.0,0.0,6733.9,191.0,300.0,
2027-01-01,PN-EQ-03,16.5,7.5,5889.3,200.5,380.0,
2026-03-22,PN-EQ-10,10.41,0.0,5126.6,69.4,500.0,2.0
2027-12-18,PN-EQ-01,16.1,7.9,8265.7,178.0,520.0,
2026-03-10,PN-EQ-04,24.0,0.0,10280.6,231.0,460.0,
2026-08-24,PN-EQ-10,24.0,0.0,11564.8,329.2,500.0,
2026-02-23,PN-EQ-09,4.88,0.7,1266.5,0.0,260.0,2.0
2027-05-09,PN-EQ-07,24.0,0.0,7566.3,198.1,350.0,
2027-11-28,PN-EQ-06,24.0,0.0,7128.0,153.2,300.0,
2027-08-27,PN-EQ-01,24.0,0.0,11247.9,359.3,520.0,
2027-05-15,PN-EQ-01,24.0,0.0,10632.0,109.4,520.0,
2026-01-11,PN-EQ-05,21.1,2.9,5814.4,143.2,300.0,
2027-10-12,PN-EQ-10,24.0,0.0,9708.4,122.3,500.0,
2026-04-26,PN-EQ-10,4.02,1.25,1740.8,23.9,500.0,3.0
2026-03-21,PN-EQ-04,24.0,0.0,9812.5,219.2,460.0,
2027-10-24,PN-EQ-05,23.2,0.8,6625.2,88.1,300.0,
2026-10-16,PN-EQ-09,24.0,0.0,5914.0,98.0,260.0,
2026-02-23,PN-EQ-09,6.45,2.22,1621.7,0.0,260.0,1.0
2027-08-13,PN-EQ-08,24.0,0.0,8558.7,240.5,400.0,
2027-10-09,PN-EQ-04,24.0,0.0,9691.9,294.8,460.0,
2027-12-06,PN-EQ-03,20.1,3.9,7280.0,202.4,380.0,
2026-04-13,PN-EQ-08,24.0,0.0,8641.5,171.0,400.0,
2027-10-13,PN-EQ-08,24.0,0.0,8188.5,364.8,400.0,
2027-07-01,PN-EQ-02,24.0,0.0,9295.1,208.6,430.0,
2027-03-21,PN-EQ-07,24.0,0.0,7594.8,192.6,350.0,
2027-09-15,PN-EQ-09,17.8,6.2,4286.9,116.9,260.0,
2026-12-19,PN-EQ-06,24.0,0.0,5673.6,126.7,300.0,
2026-02-09,PN-EQ-10,6.99,0.0,3164.2,0.5,500.0,1.0
2026-04-30,PN-EQ-09,23.46,0.0,5644.5,18.3,260.0,2.0
2026-04-07,PN-EQ-01,24.0,0.0,11903.8,67.2,520.0,
2027-08-20,PN-EQ-09,24.0,0.0,5142.2,61.0,260.0,
2026-06-03,PN-EQ-08,24.0,0.0,8219.5,210.8,400.0,
2026-07-16,PN-EQ-03,23.5,0.5,8378.8,172.6,380.0,
2027-02-06,PN-EQ-09,19.3,4.7,4354.0,145.2,260.0,
2027-02-02,PN-EQ-04,17.1,6.9,7641.4,135.4,460.0,
2026-10-05,PN-EQ-05,24.0,0.0,6374.3,112.4,300.0,
2026-12-21,PN-EQ-08,24.0,0.0,7826.7,178.3,400.0,
2026-05-27,PN-EQ-04,24.0,0.0,10309.7,191.5,460.0,
2027-10-22,PN-EQ-10,22.5,1.5,10165.5,184.4,500.0,
2027-07-27,PN-EQ-01,24.0,0.0,10999.7,211.4,520.0,
2026-02-13,PN-EQ-04,17.9,6.1,8151.7,112.1,460.0,
2027-09-29,PN-EQ-08,16.2,7.8,5828.2,170.3,400.0,
2027-03-16,PN-EQ-04,24.0,0.0,9378.4,320.0,460.0,
2026-08-05,PN-EQ-02,24.0,0.0,8943.0,144.6,430.0,
2026-02-05,PN-EQ-03,24.0,0.0,7187.3,202.5,380.0,
2027-03-28,PN-EQ-07,23.4,0.6,7126.0,147.4,350.0,
2026-09-24,PN-EQ-09,22.7,1.3,5210.1,134.7,260.0,
2027-02-02,PN-EQ-03,18.2,5.8,6235.8,159.5,380.0,
2026-03-12,PN-EQ-08,16.7,7.3,5456.0,128.5,400.0,
2026-05-07,PN-EQ-10,0.01,6.78,16.3,16.1,500.0,1.0
2026-04-07,PN-EQ-09,2.17,0.0,749.2,25.2,260.0,2.0
2027-04-08,PN-EQ-10,24.0,0.0,10789.1,243.6,500.0,
2027-12-04,PN-EQ-08,23.5,0.5,7894.9,257.6,400.0,
2026-02-12,PN-EQ-01,24.0,0.0,11149.4,404.4,520.0,
2026-08-29,PN-EQ-03,24.0,0.0,8084.9,139.9,380.0,
2027-07-31,PN-EQ-07,24.0,0.0,6787.3,129.2,350.0,
2027-07-13,PN-EQ-02,17.4,6.6,6714.2,69.2,430.0,
2026-12-01,PN-EQ-06,24.0,0.0,6462.8,179.0,300.0,
2027-10-27,PN-EQ-05,24.0,0.0,6386.3,168.4,300.0,
2026-06-04,PN-EQ-05,24.0,0.0,6760.9,95.9,300.0,
2027-06-01,PN-EQ-08,24.0,0.0,8587.6,56.3,400.0,
2026-07-27,PN-EQ-08,24.0,0.0,9408.1,190.4,400.0,
2026-07-17,PN-EQ-09,24.0,0.0,5883.0,92.9,260.0,
2026-05-10,PN-EQ-09,7.47,0.0,1483.7,8.6,260.0,3.0
2027-07-10,PN-EQ-04,24.0,0.0,10575.4,202.4,460.0,
2026-10-09,PN-EQ-05,24.0,0.0,7128.0,189.6,300.0,
2027-04-23,PN-EQ-09,24.0,0.0,5601.2,30.8,260.0,
2026-10-02,PN-EQ-09,24.0,0.0,5245.3,73.9,260.0,
2027-12-08,PN-EQ-06,24.0,0.0,6056.0,181.7,300.0,
2026-05-19,PN-EQ-04,10.9,13.1,4247.2,58.9,460.0,
2026-06-15,PN-EQ-03,24.0,0.0,7374.7,181.0,380.0,
2027-08-19,PN-EQ-05,24.0,0.0,6525.9,181.2,300.0,
2027-08-20,PN-EQ-08,22.8,1.2,7535.0,220.2,400.0,
2026-02-23,PN-EQ-03,14.7,9.3,4940.3,136.1,380.0,
2027-06-10,PN-EQ-10,24.0,0.0,10206.3,47.5,500.0,
2026-07-08,PN-EQ-03,24.0,0.0,8564.6,,380.0,
2026-02-13,PN-EQ-09,5.88,0.3,1590.7,39.3,260.0,3.0
2027-03-12,PN-EQ-04,4.0,20.0,1671.3,30.5,460.0,
2027-10-19,PN-EQ-07,24.0,0.0,7969.5,204.2,350.0,
2026-04-27,PN-EQ-04,24.0,0.0,10414.6,217.6,460.0,
2026-07-06,PN-EQ-10,16.2,7.8,6647.8,143.7,500.0,
2026-09-13,PN-EQ-01,24.0,0.0,11494.5,307.1,520.0,
2027-10-14,PN-EQ-05,24.0,0.0,6221.9,110.6,300.0,
2027-09-26,PN-EQ-06,24.0,0.0,6751.3,7.9,300.0,
2026-09-18,PN-EQ-07,24.0,0.0,7535.7,81.2,350.0,
2026-09-17,PN-EQ-02,24.0,0.0,9032.2,224.9,430.0,
2026-05-14,PN-EQ-09,0.45,0.0,119.1,33.9,260.0,1.0
2026-10-14,PN-EQ-08,24.0,0.0,8669.4,49.0,400.0,
2027-04-30,PN-EQ-05,24.0,0.0,6088.4,152.0,300.0,
2027-02-03,PN-EQ-07,24.0,0.0,7422.1,183.2,350.0,
2027-11-16,PN-EQ-08,24.0,0.0,8563.8,155.1,400.0,
2027-01-07,PN-EQ-03,20.5,3.5,6581.9,128.0,380.0,
2027-03-05,PN-EQ-02,22.2,1.8,8989.2,159.9,430.0,
2027-10-17,PN-EQ-04,24.0,0.0,9399.4,191.8,460.0,
2026-10-01,PN-EQ-08,24.0,0.0,8808.3,142.7,400.0,
2026-05-03,PN-EQ-05,12.5,11.5,3340.5,16.0,300.0,
2027-12-24,PN-EQ-03,24.0,0.0,7836.3,135.2,380.0,
2026-06-28,PN-EQ-01,22.4,1.6,10683.8,22.4,520.0,
2026-05-10,PN-EQ-09,8.55,0.0,1941.0,68.4,260.0,2.0
2026-04-13,PN-EQ-10,10.26,0.0,4512.8,54.5,500.0,2.0
2027-10-22,PN-EQ-08,24.0,0.0,8417.2,191.7,400.0,
2027-11-08,PN-EQ-05,24.0,0.0,6276.8,55.1,300.0,
2026-04-08,PN-EQ-09,2.23,4.34,561.1,85.5,260.0,1.0
2026-05-06,PN-EQ-01,8.4,15.6,3899.3,24.8,520.0,
2026-08-13,PN-EQ-08,24.0,0.0,9279.2,188.3,400.0,
2027-04-12,PN-EQ-09,24.0,0.0,5486.2,101.7,260.0,
2027-11-16,PN-EQ-01,24.0,0.0,11865.0,259.9,520.0,
2026-06-26,PN-EQ-10,24.0,0.0,9611.4,144.5,500.0,
2026-04-18,PN-EQ-10,17.6,0.0,6772.6,15.9,500.0,3.0
2026-01-16,PN-EQ-01,24.0,0.0,11145.5,249.9,520.0,
2027-07-23,PN-EQ-03,22.4,1.6,8043.9,6.1,380.0,
2026-03-21,PN-EQ-07,24.0,0.0,7081.4,62.9,350.0,
2026-02-21,PN-EQ-09,13.13,0.0,3031.7,48.8,260.0,3.0
2027-10-07,PN-EQ-10,24.0,0.0,10987.7,198.0,500.0,
2027-07-19,PN-EQ-06,14.6,9.4,3907.5,86.2,300.0,
2026-05-08,PN-EQ-09,6.0,0.0,1135.6,33.5,260.0,1.0
2026-05-28,PN-EQ-05,24.0,0.0,6615.6,194.0,300.0,
2026-05-26,PN-EQ-09,24.0,0.0,5370.7,95.1,260.0,
2026-02-24,PN-EQ-03,24.0,0.0,7774.0,110.1,380.0,
2027-12-12,PN-EQ-07,24.0,0.0,8299.6,175.9,350.0,
2026-12-02,PN-EQ-07,24.0,0.0,7535.0,200.4,350.0,
2027-09-13,PN-EQ-09,24.0,0.0,5538.8,73.4,260.0,
2027-05-20,PN-EQ-08,24.0,0.0,8852.6,182.5,400.0,
2026-07-18,PN-EQ-06,24.0,0.0,7042.3,234.2,300.0,
2026-05-05,PN-EQ-09,10.47,0.0,2434.3,,260.0,2.0
2026-07-30,PN-EQ-06,18.2,5.8,5285.6,104.8,300.0,
2027-07-16,PN-EQ-04,24.0,0.0,9970.2,229.0,460.0,
2027-12-28,PN-EQ-05,24.0,0.0,6478.0,96.1,300.0,
2027-12-21,PN-EQ-06,24.0,0.0,5899.8,153.7,300.0,
2026-01-24,PN-EQ-08,24.0,0.0,8533.1,377.8,400.0,
2027-07-26,PN-EQ-08,4.0,20.0,1349.5,21.5,400.0,
2026-06-18,PN-EQ-02,24.0,0.0,9051.2,199.8,430.0,
2027-11-23,PN-EQ-04,22.5,1.5,8485.3,318.9,460.0,
2026-07-19,PN-EQ-01,24.0,0.0,10402.1,154.5,520.0,
2026-01-27,PN-EQ-03,24.0,0.0,7917.2,196.8,380.0,
2027-05-19,PN-EQ-07,24.0,0.0,8316.0,17.6,350.0,
2026-12-13,PN-EQ-03,17.5,6.5,5980.9,194.9,380.0,
2027-03-29,PN-EQ-03,24.0,0.0,9028.8,80.6,380.0,
2027-06-26,PN-EQ-04,22.6,1.4,9191.9,166.8,460.0,
2026-02-27,PN-EQ-06,21.9,2.1,5830.3,158.1,300.0,
2027-06-01,PN-EQ-07,24.0,0.0,7908.8,113.5,350.0,
2026-05-12,PN-EQ-08,24.0,0.0,8703.5,250.0,400.0,
2026-01-31,PN-EQ-02,24.0,0.0,9791.8,260.8,430.0,
2026-01-19,PN-EQ-06,16.9,7.1,4681.4,28.6,300.0,
2026-10-30,PN-EQ-10,24.0,0.0,10700.4,339.8,500.0,
2026-11-23,PN-EQ-07,24.0,0.0,7296.4,181.9,350.0,
2027-10-13,PN-EQ-06,24.0,0.0,7010.3,233.3,300.0,
2026-08-28,PN-EQ-04,24.0,0.0,10459.0,200.0,460.0,
2027-08-21,PN-EQ-03,24.0,0.0,7419.5,171.0,380.0,
2026-03-12,PN-EQ-01,24.0,0.0,10953.3,228.4,520.0,
2027-06-03,PN-EQ-09,24.0,0.0,5844.7,60.2,260.0,
2027-02-06,PN-EQ-03,24.0,0.0,8100.7,290.7,380.0,
2026-06-07,PN-EQ-08,24.0,0.0,8248.0,186.2,400.0,
2027-07-22,PN-EQ-01,24.0,0.0,10568.4,295.8,520.0,
2027-01-09,PN-EQ-07,24.0,0.0,7438.2,146.6,350.0,
2027-06-09,PN-EQ-10,24.0,0.0,11235.4,335.9,500.0,
2027-06-09,PN-EQ-06,24.0,0.0,5823.7,70.2,300.0,
2027-09-04,PN-EQ-07,24.0,0.0,7050.5,187.0,350.0,
2027-06-16,PN-EQ-03,24.0,0.0,7690.3,225.4,380.0,
2027-10-13,PN-EQ-05,16.7,7.3,4565.0,113.5,300.0,
2027-11-01,PN-EQ-01,11.9,12.1,5915.0,90.4,520.0,
2026-04-05,PN-EQ-05,24.0,0.0,6646.9,115.6,300.0,
2027-12-20,PN-EQ-10,24.0,0.0,10879.3,218.4,500.0,
2026-06-25,PN-EQ-08,24.0,0.0,8243.1,99.0,400.0,
2026-08-02,PN-EQ-08,4.0,20.0,1406.1,35.2,400.0,
2027-10-23,PN-EQ-08,23.5,0.5,8651.1,227.5,400.0,
2027-02-02,PN-EQ-08,24.0,0.0,8777.8,201.8,400.0,
2026-10-13,PN-EQ-02,21.7,2.3,8266.9,27.2,430.0,
2027-04-29,PN-EQ-07,18.5,5.5,5938.2,194.7,350.0,
2026-10-24,PN-EQ-06,21.3,2.7,6068.2,115.1,300.0,
2027-06-06,PN-EQ-10,24.0,0.0,10527.0,229.7,500.0,
2027-10-09,PN-EQ-10,24.0,0.0,9972.7,240.0,500.0,
2026-09-27,PN-EQ-04,24.0,0.0,10250.3,206.2,460.0,
2027-04-09,PN-EQ-08,23.5,0.5,7847.9,181.1,400.0,
2027-05-08,PN-EQ-06,24.0,0.0,6616.2,128.5,300.0,
2026-04-10,PN-EQ-07,24.0,0.0,7614.4,238.0,350.0,
2026-08-25,PN-EQ-08,24.0,0.0,8097.1,199.3,400.0,
2026-04-17,PN-EQ-10,3.39,4.45,1275.2,15.0,500.0,2.0
2026-05-24,PN-EQ-05,9.0,15.0,2387.3,38.8,300.0,
2027-02-15,PN-EQ-05,24.0,0.0,5974.4,63.8,300.0,
2027-05-17,PN-EQ-06,19.8,4.2,5794.6,101.7,300.0,
2027-10-28,PN-EQ-04,7.2,16.8,2617.9,,460.0,
2027-09-14,PN-EQ-10,24.0,0.0,11181.3,195.3,500.0,
2026-01-18,PN-EQ-04,24.0,0.0,9764.7,331.9,460.0,
2027-04-19,PN-EQ-04,24.0,0.0,10673.3,254.7,460.0,
2027-09-29,PN-EQ-09,24.0,0.0,5728.5,92.8,260.0,
2027-09-02,PN-EQ-07,24.0,0.0,7079.1,211.0,350.0,
2026-12-16,PN-EQ-04,24.0,0.0,9857.7,286.5,460.0,
2027-05-30,PN-EQ-10,24.0,0.0,11042.9,0.0,500.0,
2026-06-07,PN-EQ-09,24.0,0.0,5808.0,185.3,260.0,
2027-02-28,PN-EQ-03,24.0,0.0,8842.9,119.3,380.0,
2027-08-30,PN-EQ-05,4.0,20.0,1083.9,39.8,300.0,
2027-08-23,PN-EQ-01,15.3,8.7,6532.3,86.2,520.0,
2027-09-08,PN-EQ-09,24.0,0.0,6162.0,166.0,260.0,
2027-08-26,PN-EQ-02,24.0,0.0,9941.4,208.7,430.0,
2026-07-14,PN-EQ-06,24.0,0.0,6633.9,140.0,300.0,
2027-08-03,PN-EQ-03,24.0,0.0,8580.8,117.1,380.0,
2027-04-05,PN-EQ-05,18.0,6.0,4994.5,101.7,300.0,
2026-10-26,PN-EQ-03,24.0,0.0,7858.1,109.7,380.0,
2027-10-24,PN-EQ-03,24.0,0.0,8004.3,154.5,380.0,
2027-10-12,PN-EQ-05,19.7,4.3,4869.9,73.7,300.0,
2026-10-12,PN-EQ-03,24.0,0.0,8302.2,181.7,380.0,
2027-12-17,PN-EQ-04,24.0,0.0,10914.7,258.7,460.0,
2026-05-28,PN-EQ-01,24.0,0.0,11339.8,237.7,520.0,
2026-07-17,PN-EQ-07,24.0,0.0,7210.1,,350.0,
2027-03-19,PN-EQ-01,18.0,6.0,7778.5,60.3,520.0,
2027-09-10,PN-EQ-05,22.0,2.0,5964.3,96.3,300.0,
2026-04-25,PN-EQ-10,0.01,0.0,102.0,60.7,500.0,2.0
2027-08-12,PN-EQ-08,24.0,0.0,9222.1,135.4,400.0,
2026-03-30,PN-EQ-01,24.0,0.0,10526.3,224.5,520.0,
2026-03-29,PN-EQ-06,24.0,0.0,5918.7,77.6,300.0,
2026-06-05,PN-EQ-09,16.9,7.1,3783.6,39.9,260.0,
2027-09-24,PN-EQ-02,24.0,0.0,8744.1,217.9,430.0,
2026-10-25,PN-EQ-02,24.0,0.0,8950.9,184.6,430.0,
2027-02-22,PN-EQ-10,15.2,8.8,6850.0,177.6,500.0,
2027-01-19,PN-EQ-04,24.0,0.0,10929.6,263.7,460.0,
2027-04-21,PN-EQ-08,24.0,0.0,8709.7,135.3,400.0,
2027-10-14,PN-EQ-08,24.0,0.0,8640.6,207.6,400.0,
2027-08-01,PN-EQ-03,19.5,4.5,7036.0,81.2,380.0,
2026-05-19,PN-EQ-10,24.0,0.0,11411.0,215.0,500.0,
2026-03-29,PN-EQ-10,13.87,0.0,5593.9,58.1,500.0,2.0
2026-02-08,PN-EQ-07,24.0,0.0,7918.1,145.4,350.0,
2026-09-29,PN-EQ-01,24.0,0.0,10117.9,233.2,520.0,
2026-01-27,PN-EQ-06,24.0,0.0,7128.0,23.8,300.0,
2027-07-14,PN-EQ-03,21.1,2.9,7322.7,191.1,380.0,
2027-05-13,PN-EQ-07,24.0,0.0,7007.1,261.7,350.0,
2026-11-16,PN-EQ-03,18.0,6.0,6406.8,87.8,380.0,
2026-05-28,PN-EQ-06,24.0,0.0,6072.6,142.3,300.0,
2027-09-05,PN-EQ-02,24.0,0.0,9683.7,181.1,430.0,
2027-07-13,PN-EQ-08,20.2,3.8,7298.6,201.2,400.0,
2027-12-17,PN-EQ-03,24.0,0.0,9028.8,294.0,380.0,
2027-07-11,PN-EQ-06,22.6,1.4,5819.2,116.2,300.0,
2027-12-15,PN-EQ-04,24.0,0.0,10420.4,22.0,460.0,
2027-08-22,PN-EQ-09,24.0,0.0,4837.8,126.5,260.0,
2026-11-19,PN-EQ-04,24.0,0.0,9530.7,176.1,460.0,
2027-09-11,PN-EQ-10,24.0,0.0,11471.5,,500.0,
2026-07-29,PN-EQ-09,24.0,0.0,5440.7,126.5,260.0,
2026-12-15,PN-EQ-07,24.0,0.0,7853.3,287.4,350.0,
2027-08-14,PN-EQ-05,24.0,0.0,6993.1,129.3,300.0,
2027-04-11,PN-EQ-10,24.0,0.0,11154.3,154.2,500.0,
2026-02-07,PN-EQ-09,12.26,1.11,3011.9,11.9,260.0,3.0
2027-05-30,PN-EQ-09,24.0,0.0,5758.2,167.5,260.0,
2026-02-01,PN-EQ-08,16.2,7.8,6086.0,148.1,400.0,
2027-10-17,PN-EQ-02,24.0,0.0,9142.1,211.3,430.0,
2026-04-26,PN-EQ-03,24.0,0.0,8078.1,174.6,380.0,
2027-10-29,PN-EQ-04,24.0,0.0,9776.4,290.0,460.0,
2026-12-21,PN-EQ-05,23.5,0.5,6139.2,97.6,300.0,
2026-05-12,PN-EQ-10,4.35,0.0,1985.2,41.6,500.0,3.0
2026-04-07,PN-EQ-10,9.21,0.0,4200.0,191.5,500.0,3.0
2026-06-21,PN-EQ-02,24.0,0.0,9587.0,260.7,430.0,
2026-11-04,PN-EQ-07,24.0,0.0,7840.3,211.5,350.0,
2027-03-08,PN-EQ-10,24.0,0.0,11225.1,294.4,500.0,
2026-03-14,PN-EQ-10,0.86,0.0,596.5,14.5,500.0,2.0
2026-06-15,PN-EQ-08,24.0,0.0,8567.7,101.0,400.0,
2027-04-01,PN-EQ-06,16.9,7.1,4734.1,118.1,300.0,
2027-02-18,PN-EQ-08,24.0,0.0,7947.1,161.1,400.0,
2027-07-06,PN-EQ-07,24.0,0.0,7627.9,165.4,350.0,
2026-10-19,PN-EQ-07,24.0,0.0,6884.4,184.6,350.0,
2027-08-17,PN-EQ-03,24.0,0.0,7776.9,228.7,380.0,
2027-05-12,PN-EQ-02,24.0,0.0,9460.0,234.0,430.0,
2026-08-25,PN-EQ-04,24.0,0.0,9982.5,267.4,460.0,
2026-05-04,PN-EQ-09,4.1,0.0,1028.4,8.0,260.0,2.0
2027-09-08,PN-EQ-08,24.0,0.0,8681.8,183.4,400.0,
2027-09-22,PN-EQ-10,24.0,0.0,11303.1,272.4,500.0,
2027-12-29,PN-EQ-03,24.0,0.0,8411.3,0.0,380.0,
2027-07-20,PN-EQ-02,24.0,0.0,9460.7,108.8,430.0,
2026-02-12,PN-EQ-07,24.0,0.0,7638.5,223.4,350.0,
2026-10-06,PN-EQ-04,24.0,0.0,10818.3,45.3,460.0,
2026-12-22,PN-EQ-07,24.0,0.0,7935.4,217.1,350.0,
2026-10-09,PN-EQ-04,24.0,0.0,9484.6,156.6,460.0,
2027-02-24,PN-EQ-04,24.0,0.0,10068.5,198.7,460.0,
2027-11-20,PN-EQ-02,23.0,1.0,8906.5,203.3,430.0,
2026-09-19,PN-EQ-01,19.4,4.6,9444.6,85.5,520.0,
2027-08-14,PN-EQ-02,24.0,0.0,9017.9,159.9,430.0,
2026-05-10,PN-EQ-09,7.98,0.0,1695.3,6.8,260.0,1.0
2027-08-29,PN-EQ-07,24.0,0.0,7744.9,218.7,350.0,
2027-10-19,PN-EQ-02,24.0,0.0,9586.1,293.0,430.0,
2026-04-11,PN-EQ-04,24.0,0.0,10696.1,286.3,460.0,
2026-11-04,PN-EQ-06,8.3,15.7,2133.2,56.1,300.0,
2026-08-25,PN-EQ-03,21.6,2.4,5950.5,173.4,380.0,
2027-03-16,PN-EQ-02,16.6,7.4,6416.1,31.5,430.0,
2026-06-24,PN-EQ-03,24.0,0.0,7813.9,145.9,380.0,
2026-11-30,PN-EQ-07,24.0,0.0,8042.5,118.8,350.0,
2027-10-06,PN-EQ-08,24.0,0.0,8472.4,79.5,400.0,
2027-09-30,PN-EQ-05,24.0,0.0,6936.2,82.8,300.0,
2027-01-29,PN-EQ-05,24.0,0.0,6472.3,134.0,300.0,
2026-11-27,PN-EQ-06,24.0,0.0,6563.9,140.8,300.0,
2027-09-25,PN-EQ-07,24.0,0.0,6868.4,197.6,350.0,
2027-07-17,PN-EQ-02,21.1,2.9,7864.6,229.1,430.0,
2027-05-27,PN-EQ-09,24.0,0.0,5637.2,159.8,260.0,
2026-12-19,PN-EQ-02,24.0,0.0,10216.8,239.4,430.0,
2026-03-18,PN-EQ-06,24.0,0.0,6316.6,145.9,300.0,
2026-07-25,PN-EQ-08,24.0,0.0,8958.6,109.3,400.0,
2026-08-21,PN-EQ-02,24.0,0.0,9247.8,218.1,430.0,
2026-08-03,PN-EQ-02,24.0,0.0,10216.8,296.8,430.0,
2027-07-15,PN-EQ-03,24.0,0.0,8099.8,215.0,380.0,
2027-11-09,PN-EQ-06,24.0,0.0,6757.4,261.4,300.0,
2027-08-13,PN-EQ-10,24.0,0.0,10782.2,214.8,500.0,
2027-06-25,PN-EQ-02,19.8,4.2,7159.8,181.0,430.0,
2026-09-05,PN-EQ-10,16.1,7.9,7254.0,42.2,500.0,
2027-11-21,PN-EQ-05,24.0,0.0,6326.2,103.4,300.0,
2026-12-13,PN-EQ-01,24.0,0.0,10170.0,120.2,520.0,
2026-12-07,PN-EQ-02,24.0,0.0,8826.8,154.7,430.0,
2026-02-04,PN-EQ-01,22.4,1.6,9876.9,187.8,520.0,
2026-02-26,PN-EQ-09,0.7,0.0,171.5,21.5,260.0,3.0
2026-08-14,PN-EQ-08,24.0,0.0,8735.2,186.2,400.0,
2027-01-05,PN-EQ-08,24.0,0.0,8549.2,184.1,400.0,
2027-09-06,PN-EQ-06,22.6,1.4,5916.5,188.2,300.0,
2026-09-18,PN-EQ-09,24.0,0.0,5634.4,95.4,260.0,
2027-12-29,PN-EQ-09,15.3,8.7,3603.3,81.3,260.0,
2027-08-11,PN-EQ-02,24.0,0.0,9646.3,188.5,430.0,
2026-03-21,PN-EQ-10,0.34,0.0,109.1,0.0,500.0,2.0
2026-05-16,PN-EQ-04,18.7,5.3,7379.8,122.8,460.0,
2026-02-12,PN-EQ-10,1.86,0.55,1054.5,64.8,500.0,3.0
2027-03-27,PN-EQ-01,24.0,0.0,11355.0,226.2,520.0,
2026-12-24,PN-EQ-09,22.0,2.0,4741.0,75.6,260.0,
2027-02-11,PN-EQ-03,24.0,0.0,8518.1,99.7,380.0,
2027-12-06,PN-EQ-02,24.0,0.0,8157.1,213.3,430.0,
2026-06-17,PN-EQ-05,24.0,0.0,7128.0,109.0,300.0,
2026-03-29,PN-EQ-05,24.0,0.0,6219.0,133.7,300.0,
2027-06-05,PN-EQ-01,16.3,7.7,8391.2,200.6,520.0,
2027-06-04,PN-EQ-05,24.0,0.0,6661.8,121.0,300.0,
2026-10-09,PN-EQ-02,24.0,0.0,8002.2,163.3,430.0,
2026-02-17,PN-EQ-09,11.54,0.0,2653.1,7.0,260.0,3.0
2027-07-06,PN-EQ-09,22.7,1.3,4875.9,124.6,260.0,
2027-06-21,PN-EQ-08,14.4,9.6,4960.9,76.2,400.0,
2027-09-21,PN-EQ-09,24.0,0.0,5274.6,62.0,260.0,
2027-04-17,PN-EQ-02,15.5,8.5,6195.0,82.2,430.0,
2026-02-24,PN-EQ-09,0.26,0.0,210.9,4.2,260.0,2.0
2026-05-15,PN-EQ-07,24.0,0.0,7441.0,118.1,350.0,
2026-03-30,PN-EQ-06,24.0,0.0,6536.3,211.0,300.0,
2026-11-16,PN-EQ-08,24.0,0.0,8663.0,187.9,400.0,
2026-04-03,PN-EQ-06,21.4,2.6,5856.8,121.0,300.0,
2026-12-15,PN-EQ-08,24.0,0.0,8027.9,139.6,400.0,
2027-05-01,PN-EQ-04,24.0,0.0,9390.5,199.3,460.0,
2026-03-09,PN-EQ-09,20.18,0.0,4738.7,14.3,260.0,2.0
2026-01-17,PN-EQ-02,24.0,0.0,8665.0,252.0,430.0,
2027-09-04,PN-EQ-05,24.0,0.0,6280.8,168.6,300.0,
2026-04-10,PN-EQ-01,24.0,0.0,11092.3,117.6,520.0,
2027-11-14,PN-EQ-01,24.0,0.0,11799.3,346.4,520.0,
2026-11-16,PN-EQ-09,24.0,0.0,5658.9,109.9,260.0,
2026-04-20,PN-EQ-10,1.61,0.0,289.0,98.0,500.0,1.0
2027-07-20,PN-EQ-08,24.0,0.0,8579.4,152.4,400.0,
2027-11-09,PN-EQ-01,9.1,14.9,4071.1,126.9,520.0,
2026-04-02,PN-EQ-06,24.0,0.0,5840.8,45.1,300.0,
2027-05-05,PN-EQ-02,24.0,0.0,9459.9,147.2,430.0,
2026-05-26,PN-EQ-04,24.0,0.0,10296.5,184.1,460.0,
2027-10-27,PN-EQ-01,24.0,0.0,10550.6,116.5,520.0,
2027-01-10,PN-EQ-05,24.0,0.0,6245.7,180.9,300.0,
2026-02-16,PN-EQ-05,24.0,0.0,6799.7,133.8,300.0,
2026-05-19,PN-EQ-08,24.0,0.0,8084.4,,400.0,
2027-11-24,PN-EQ-08,24.0,0.0,8886.4,44.1,400.0,
2027-03-10,PN-EQ-05,24.0,0.0,6375.0,112.3,300.0,
2026-05-19,PN-EQ-01,24.0,0.0,11633.3,186.4,520.0,
2026-06-23,PN-EQ-10,24.0,0.0,11617.3,327.9,500.0,
2026-03-29,PN-EQ-10,0.67,0.0,275.9,6.5,500.0,1.0
2027-03-08,PN-EQ-09,24.0,0.0,5660.4,49.3,260.0,
2026-06-18,PN-EQ-07,17.1,6.9,5199.1,170.3,350.0,
2026-05-24,PN-EQ-02,24.0,0.0,9070.9,74.7,430.0,
2027-05-11,PN-EQ-06,24.0,0.0,6374.8,173.1,300.0,
2026-10-10,PN-EQ-05,6.8,17.2,1821.0,21.2,300.0,
2026-08-26,PN-EQ-04,7.2,16.8,2956.4,80.4,460.0,
2027-05-18,PN-EQ-05,24.0,0.0,6050.6,103.1,300.0,
2026-08-04,PN-EQ-02,24.0,0.0,9337.7,181.6,430.0,
2026-10-10,PN-EQ-07,24.0,0.0,7261.6,46.0,350.0,
2026-09-26,PN-EQ-02,24.0,0.0,9812.2,174.5,430.0,
2027-08-30,PN-EQ-10,24.0,0.0,11257.1,165.5,500.0,
2026-08-22,PN-EQ-08,24.0,0.0,8614.9,75.6,400.0,
2027-07-26,PN-EQ-05,24.0,0.0,7029.1,213.7,300.0,
2027-12-11,PN-EQ-09,24.0,0.0,5775.1,141.6,260.0,
2026-09-09,PN-EQ-10,24.0,0.0,11395.1,293.7,500.0,
2026-08-05,PN-EQ-07,24.0,0.0,7845.8,173.1,350.0,
2026-11-14,PN-EQ-05,4.0,20.0,1150.1,14.3,300.0,
2026-04-22,PN-EQ-06,24.0,0.0,6267.8,128.8,300.0,
2027-12-07,PN-EQ-03,24.0,0.0,8423.2,250.5,380.0,
2027-03-27,PN-EQ-04,24.0,0.0,10012.6,354.4,460.0,
2026-12-17,PN-EQ-09,24.0,0.0,5501.4,162.7,260.0,
2026-08-13,PN-EQ-07,24.0,0.0,6668.7,110.1,350.0,
2026-09-22,PN-EQ-07,24.0,0.0,7082.4,132.2,350.0,
2026-10-30,PN-EQ-03,24.0,0.0,7968.8,189.9,380.0,
2027-02-06,PN-EQ-08,24.0,0.0,8612.5,105.9,400.0,
2027-05-23,PN-EQ-08,17.3,6.7,6032.0,130.4,400.0,
2027-08-11,PN-EQ-08,24.0,0.0,8134.4,125.9,400.0,
2026-03-07,PN-EQ-03,24.0,0.0,8351.7,188.9,380.0,
2027-10-20,PN-EQ-10,24.0,0.0,11115.1,270.9,500.0,
2027-09-18,PN-EQ-08,24.0,0.0,8869.7,263.3,400.0,
2026-10-16,PN-EQ-08,24.0,0.0,9098.4,172.0,400.0,
2027-06-18,PN-EQ-10,24.0,0.0,10940.7,68.9,500.0,
2026-04-08,PN-EQ-03,24.0,0.0,8177.8,203.2,380.0,
2027-04-16,PN-EQ-02,24.0,0.0,8816.4,121.1,430.0,
2027-02-18,PN-EQ-01,24.0,0.0,10667.5,185.8,520.0,
2026-05-14,PN-EQ-01,21.8,2.2,10261.8,230.5,520.0,
2026-02-24,PN-EQ-07,19.0,5.0,5400.9,66.8,350.0,
2027-04-10,PN-EQ-01,22.2,1.8,10950.3,188.4,520.0,
2027-10-17,PN-EQ-10,17.3,6.7,7484.5,101.5,500.0,
2027-01-15,PN-EQ-02,16.8,7.2,6014.2,147.4,430.0,
2027-03-13,PN-EQ-05,24.0,0.0,6827.8,279.6,300.0,
2027-10-28,PN-EQ-05,24.0,0.0,6611.6,78.6,300.0,
2026-02-10,PN-EQ-04,24.0,0.0,9831.2,170.4,460.0,
2026-02-04,PN-EQ-02,24.0,0.0,8872.1,,430.0,
2026-05-12,PN-EQ-09,0.92,0.0,173.3,49.6,260.0,3.0
2027-01-26,PN-EQ-01,24.0,0.0,11845.1,241.3,520.0,
2027-09-30,PN-EQ-03,24.0,0.0,8349.1,185.5,380.0,
2027-11-05,PN-EQ-04,24.0,0.0,9863.7,274.8,460.0,
2026-06-03,PN-EQ-05,0.0,24.0,0.0,0.0,300.0,
2027-12-05,PN-EQ-10,24.0,0.0,11068.1,166.6,500.0,
2027-03-09,PN-EQ-05,24.0,0.0,6334.8,92.7,300.0,
2026-07-31,PN-EQ-01,22.1,1.9,9185.8,171.6,520.0,
2026-05-14,PN-EQ-08,24.0,0.0,8774.3,193.9,400.0,
2026-05-21,PN-EQ-04,23.5,0.5,9967.4,348.5,460.0,
2026-01-20,PN-EQ-04,24.0,0.0,10521.9,64.4,460.0,
2027-04-19,PN-EQ-10,24.0,0.0,10810.2,294.5,500.0,
2026-02-09,PN-EQ-01,24.0,0.0,10763.9,230.1,520.0,
2027-01-07,PN-EQ-08,24.0,0.0,9391.2,196.0,400.0,
2027-02-18,PN-EQ-04,24.0,0.0,9689.5,111.8,460.0,
2027-09-09,PN-EQ-10,19.4,4.6,8578.6,138.5,500.0,
2027-07-03,PN-EQ-10,24.0,0.0,11154.1,321.1,500.0,
2027-06-19,PN-EQ-04,24.0,0.0,10309.8,5.7,460.0,
2027-09-02,PN-EQ-06,24.0,0.0,5979.5,72.2,300.0,
2027-01-10,PN-EQ-03,24.0,0.0,8725.6,121.9,380.0,
2026-06-10,PN-EQ-02,18.1,5.9,6698.8,91.6,430.0,
2026-12-05,PN-EQ-09,24.0,0.0,5023.8,170.9,260.0,
2026-04-28,PN-EQ-10,16.33,0.0,7336.3,17.3,500.0,2.0
2026-01-18,PN-EQ-03,24.0,0.0,6910.1,83.1,380.0,
2027-08-13,PN-EQ-05,24.0,0.0,6654.1,78.0,300.0,
2026-05-03,PN-EQ-09,4.1,0.0,1119.9,67.2,260.0,2.0
2027-02-21,PN-EQ-06,24.0,0.0,7033.0,163.1,300.0,
2027-01-28,PN-EQ-01,24.0,0.0,10810.2,169.7,520.0,
2027-07-24,PN-EQ-01,18.5,5.5,8818.2,132.2,520.0,
2027-08-13,PN-EQ-09,24.0,0.0,5730.8,61.9,260.0,
2027-06-07,PN-EQ-07,24.0,0.0,7870.1,259.3,350.0,
2027-10-22,PN-EQ-05,24.0,0.0,6582.0,171.6,300.0,
2026-10-02,PN-EQ-04,24.0,0.0,10494.3,41.6,460.0,
2026-01-23,PN-EQ-02,24.0,0.0,8855.6,325.7,430.0,
2027-09-04,PN-EQ-09,24.0,0.0,5891.2,159.3,260.0,
2027-05-02,PN-EQ-05,4.0,20.0,926.0,25.7,300.0,
2026-06-14,PN-EQ-03,22.1,1.9,7331.0,243.6,380.0,
2026-04-21,PN-EQ-08,24.0,0.0,8833.3,188.8,400.0,
2027-03-13,PN-EQ-02,24.0,0.0,9581.5,257.5,430.0,
2027-09-15,PN-EQ-10,17.7,6.3,7847.4,90.2,500.0,
2027-11-18,PN-EQ-05,24.0,0.0,6837.5,109.0,300.0,
2027-07-29,PN-EQ-08,22.2,1.8,8320.7,,400.0,
2026-03-03,PN-EQ-04,24.0,0.0,9585.2,243.1,460.0,
2027-03-07,PN-EQ-07,24.0,0.0,6974.9,165.9,350.0,
2027-12-25,PN-EQ-05,24.0,0.0,6605.3,68.3,300.0,
2027-09-15,PN-EQ-04,24.0,0.0,9649.8,193.2,460.0,
2027-03-15,PN-EQ-07,23.5,0.5,7536.6,152.5,350.0,
2027-11-24,PN-EQ-01,24.0,0.0,10479.1,165.5,520.0,
2026-03-12,PN-EQ-05,24.0,0.0,6541.2,96.1,300.0,
2027-11-25,PN-EQ-08,24.0,0.0,8890.1,285.5,400.0,
2027-02-17,PN-EQ-05,24.0,0.0,6652.0,31.8,300.0,
2026-12-07,PN-EQ-09,24.0,0.0,5857.0,77.0,260.0,
2026-06-29,PN-EQ-01,24.0,0.0,12206.0,223.8,520.0,
2026-01-28,PN-EQ-07,24.0,0.0,8274.4,192.5,350.0,
2027-05-22,PN-EQ-08,23.5,0.5,8197.3,217.8,400.0,
2026-07-16,PN-EQ-10,19.4,4.6,7731.5,166.6,500.0,
2027-07-20,PN-EQ-07,24.0,0.0,7026.4,189.9,350.0,
2026-12-17,PN-EQ-08,24.0,0.0,8954.6,297.4,400.0,
2026-01-29,PN-EQ-02,24.0,0.0,9921.5,130.7,430.0,
2027-10-08,PN-EQ-01,24.0,0.0,11740.4,396.7,520.0,
2026-08-05,PN-EQ-04,24.0,0.0,9681.6,219.3,460.0,
2026-02-20,PN-EQ-06,24.0,0.0,6001.0,64.8,300.0,
2026-11-11,PN-EQ-04,24.0,0.0,10262.1,189.7,460.0,
2026-12-01,PN-EQ-08,24.0,0.0,8741.6,167.8,400.0,
2026-11-11,PN-EQ-05,24.0,0.0,6771.7,93.6,300.0,
2027-01-26,PN-EQ-04,24.0,0.0,9441.1,43.3,460.0,
2026-07-22,PN-EQ-01,24.0,0.0,10835.2,223.5,520.0,
2026-01-21,PN-EQ-01,24.0,0.0,12168.8,289.9,520.0,
2027-07-05,PN-EQ-08,24.0,0.0,7681.4,0.0,400.0,
2026-12-03,PN-EQ-07,24.0,0.0,7186.5,154.9,350.0,
2027-12-22,PN-EQ-08,24.0,0.0,8290.8,158.2,400.0,
2027-07-06,PN-EQ-02,20.3,3.7,7579.7,116.7,430.0,
2027-07-30,PN-EQ-10,24.0,0.0,10775.0,237.4,500.0,
2027-08-09,PN-EQ-07,24.0,0.0,7473.8,,350.0,
2027-06-10,PN-EQ-06,24.0,0.0,6227.4,166.7,300.0,
2026-10-07,PN-EQ-06,24.0,0.0,6776.7,56.9,300.0,
2027-12-16,PN-EQ-05,24.0,0.0,6429.4,155.3,300.0,
2027-01-12,PN-EQ-08,18.7,5.3,6693.7,172.2,400.0,
2026-09-29,PN-EQ-10,24.0,0.0,10959.6,269.9,500.0,
2026-11-26,PN-EQ-01,24.0,0.0,11460.0,256.5,520.0,
2027-04-23,PN-EQ-06,24.0,0.0,6353.6,63.5,300.0,
2027-08-15,PN-EQ-06,24.0,0.0,6553.5,125.2,300.0,
2027-07-09,PN-EQ-10,24.0,0.0,11293.6,276.4,500.0,
2026-04-16,PN-EQ-10,12.53,0.0,5317.7,34.9,500.0,1.0
2027-06-03,PN-EQ-02,24.0,0.0,8832.3,80.5,430.0,
2027-08-09,PN-EQ-03,24.0,0.0,8696.9,275.8,380.0,
2026-01-25,PN-EQ-10,22.6,1.4,9903.9,289.5,500.0,
2027-05-29,PN-EQ-06,24.0,0.0,6029.7,41.4,300.0,
2027-08-19,PN-EQ-04,15.6,8.4,5316.8,102.0,460.0,
2026-02-17,PN-EQ-09,10.56,0.0,2594.0,28.2,260.0,2.0
2027-12-07,PN-EQ-08,24.0,0.0,9298.2,243.4,400.0,
2027-05-22,PN-EQ-09,24.0,0.0,6064.9,120.4,260.0,
2027-12-09,PN-EQ-01,24.0,0.0,10945.0,160.9,520.0,
2026-03-13,PN-EQ-01,24.0,0.0,11391.3,319.3,520.0,
2027-01-09,PN-EQ-08,24.0,0.0,8599.4,,400.0,
2026-06-14,PN-EQ-07,24.0,0.0,7789.9,194.0,350.0,
2027-05-10,PN-EQ-01,24.0,0.0,11057.6,191.0,520.0,
2026-07-02,PN-EQ-06,24.0,0.0,6518.4,197.8,300.0,
2027-06-25,PN-EQ-04,6.3,17.7,2620.7,32.8,460.0,
2026-09-26,PN-EQ-05,4.0,20.0,1094.3,10.2,300.0,
2027-11-21,PN-EQ-06,21.7,2.3,5679.6,92.0,300.0,
2026-05-30,PN-EQ-09,23.5,0.5,5254.6,63.8,260.0,
2027-04-01,PN-EQ-05,24.0,0.0,6386.9,185.5,300.0,
2026-04-10,PN-EQ-09,7.5,0.0,1726.5,7.7,260.0,1.0
2026-10-23,PN-EQ-04,24.0,0.0,9867.3,192.8,460.0,
2026-04-30,PN-EQ-09,0.49,0.0,58.0,9.6,260.0,1.0
2027-05-12,PN-EQ-08,24.0,0.0,8230.3,212.1,400.0,
2027-10-30,PN-EQ-08,24.0,0.0,8386.8,56.5,400.0,
2027-10-08,PN-EQ-06,24.0,0.0,6556.4,183.5,300.0,
2026-02-06,PN-EQ-01,24.0,0.0,10923.9,182.1,520.0,
2027-12-25,PN-EQ-04,4.0,20.0,1748.7,72.8,460.0,
2027-03-22,PN-EQ-03,24.0,0.0,7927.2,178.4,380.0,
2026-03-10,PN-EQ-09,0.84,0.0,67.5,24.5,260.0,1.0
2027-10-23,PN-EQ-10,4.0,20.0,1679.6,31.8,500.0,
2026-01-19,PN-EQ-10,22.8,1.2,10557.5,369.5,500.0,
2026-02-07,PN-EQ-06,24.0,0.0,6050.2,146.5,300.0,
2027-10-19,PN-EQ-05,22.8,1.2,6310.0,123.6,300.0,
2026-04-04,PN-EQ-06,12.2,11.8,3293.8,16.1,300.0,
2027-02-07,PN-EQ-05,18.9,5.1,5320.0,113.6,300.0,
2026-05-16,PN-EQ-08,24.0,0.0,8202.6,140.1,400.0,
2026-05-30,PN-EQ-06,21.7,2.3,5693.6,79.4,300.0,
2026-11-29,PN-EQ-04,24.0,0.0,10929.6,236.1,460.0,
2027-09-04,PN-EQ-08,24.0,0.0,9030.6,216.0,400.0,
2026-10-18,PN-EQ-10,24.0,0.0,11168.6,256.3,500.0,
2026-03-10,PN-EQ-06,24.0,0.0,6027.9,81.5,300.0,
2026-04-22,PN-EQ-04,24.0,0.0,9746.1,295.4,460.0,
2027-06-03,PN-EQ-08,24.0,0.0,8560.8,153.2,400.0,
2026-03-13,PN-EQ-10,6.94,4.1,3216.1,45.5,500.0,2.0
2026-04-06,PN-EQ-09,9.41,0.0,2108.4,0.0,260.0,3.0
2027-11-03,PN-EQ-08,22.8,1.2,9028.8,231.9,400.0,
2026-04-15,PN-EQ-01,24.0,0.0,10555.1,256.8,520.0,
2027-04-29,PN-EQ-05,24.0,0.0,5341.8,186.1,300.0,
2027-08-11,PN-EQ-07,24.0,0.0,7729.9,216.8,350.0,
2026-02-27,PN-EQ-09,11.79,0.0,2782.7,96.4,260.0,2.0
2026-03-05,PN-EQ-02,24.0,0.0,9430.8,341.7,430.0,
2027-01-09,PN-EQ-03,24.0,0.0,8354.1,39.7,380.0,
2027-01-03,PN-EQ-05,24.0,0.0,5983.5,179.2,300.0,
2027-09-01,PN-EQ-10,24.0,0.0,10436.6,168.4,500.0,
2027-01-23,PN-EQ-05,24.0,0.0,6271.3,148.4,300.0,
2027-04-15,PN-EQ-08,24.0,0.0,8077.0,74.6,400.0,
2027-04-05,PN-EQ-10,4.0,20.0,1798.0,25.9,500.0,
2027-07-22,PN-EQ-03,24.0,0.0,7879.8,105.4,380.0,
2027-07-08,PN-EQ-03,24.0,0.0,7762.7,224.9,380.0,
2026-05-16,PN-EQ-03,24.0,0.0,8208.1,166.1,380.0,
2027-06-28,PN-EQ-08,24.0,0.0,7705.4,,400.0,
2026-02-28,PN-EQ-09,21.38,0.0,4690.5,28.3,260.0,3.0
2027-10-26,PN-EQ-05,24.0,0.0,6093.6,126.5,300.0,
2026-09-09,PN-EQ-07,18.1,5.9,5385.4,130.9,350.0,
2027-10-06,PN-EQ-09,17.7,6.3,4230.8,60.7,260.0,
2027-10-15,PN-EQ-03,24.0,0.0,8466.8,113.5,380.0,
2026-08-06,PN-EQ-09,24.0,0.0,5881.5,186.5,260.0,
2026-10-28,PN-EQ-10,22.5,1.5,11049.9,343.4,500.0,
2026-09-24,PN-EQ-02,24.0,0.0,8454.0,221.4,430.0,
2027-06-25,PN-EQ-05,4.0,20.0,1094.2,17.2,300.0,
2026-12-29,PN-EQ-10,24.0,0.0,11007.8,231.1,500.0,
2027-04-02,PN-EQ-10,24.0,0.0,11067.3,270.5,500.0,
2026-09-06,PN-EQ-03,24.0,0.0,8682.8,296.8,380.0,
2026-03-05,PN-EQ-07,24.0,0.0,7595.2,258.0,350.0,
2026-03-04,PN-EQ-10,18.36,0.0,8669.1,109.2,500.0,3.0
2026-05-24,PN-EQ-10,24.0,0.0,11423.9,312.2,500.0,
2027-11-01,PN-EQ-05,20.6,3.4,5740.1,116.4,300.0,
2026-08-28,PN-EQ-07,22.1,1.9,6623.5,31.9,350.0,
2026-11-08,PN-EQ-10,4.0,20.0,1804.1,24.3,500.0,
2026-09-16,PN-EQ-02,24.0,0.0,9831.9,229.2,430.0,
2027-11-23,PN-EQ-06,18.7,5.3,4957.7,63.6,300.0,
2027-01-02,PN-EQ-07,23.5,0.5,7720.3,169.0,350.0,
2026-07-10,PN-EQ-04,13.0,11.0,4910.0,101.9,460.0,
2027-03-11,PN-EQ-02,23.4,0.6,9542.4,187.6,430.0,
2027-09-30,PN-EQ-04,24.0,0.0,9986.3,242.9,460.0,
2027-12-23,PN-EQ-10,24.0,0.0,9901.3,238.4,500.0,
2026-01-11,PN-EQ-10,13.5,10.5,5740.5,148.1,500.0,
2027-12-27,PN-EQ-06,19.9,4.1,5837.7,126.5,300.0,
2027-01-20,PN-EQ-09,24.0,0.0,5897.5,123.5,260.0,
2026-04-19,PN-EQ-02,24.0,0.0,8901.7,259.2,430.0,
2026-11-08,PN-EQ-06,24.0,0.0,6179.2,151.8,300.0,
2027-10-26,PN-EQ-04,24.0,0.0,9870.9,155.7,460.0,
2026-07-23,PN-EQ-09,23.5,0.5,5631.9,173.2,260.0,
2026-08-31,PN-EQ-02,24.0,0.0,7908.3,109.0,430.0,
2027-07-27,PN-EQ-02,24.0,0.0,9349.9,130.2,430.0,
2027-01-11,PN-EQ-08,18.8,5.2,5672.6,203.3,400.0,
2026-05-20,PN-EQ-02,24.0,0.0,9091.2,232.5,430.0,
2026-01-16,PN-EQ-04,15.6,8.4,5937.9,37.7,460.0,
2026-10-22,PN-EQ-03,11.9,12.1,3969.4,118.0,380.0,
2027-12-13,PN-EQ-08,18.3,5.7,6435.2,165.7,400.0,
2027-07-12,PN-EQ-07,24.0,0.0,7706.2,132.5,350.0,
2026-12-12,PN-EQ-07,24.0,0.0,7977.7,195.0,350.0,
2027-09-06,PN-EQ-09,24.0,0.0,5596.5,29.7,260.0,
2026-02-17,PN-EQ-03,24.0,0.0,8004.6,294.1,380.0,
2026-12-02,PN-EQ-06,24.0,0.0,6682.0,163.6,300.0,
2026-06-12,PN-EQ-05,24.0,0.0,6430.1,239.8,300.0,
2026-09-20,PN-EQ-03,16.3,7.7,5227.7,131.9,380.0,
2026-03-09,PN-EQ-09,0.61,0.0,57.4,34.2,260.0,1.0
2026-03-20,PN-EQ-07,24.0,0.0,7031.1,,350.0,
2026-11-19,PN-EQ-03,21.6,2.4,7761.6,156.1,380.0,
2026-09-06,PN-EQ-04,24.0,0.0,8987.9,191.5,460.0,
2027-11-17,PN-EQ-07,24.0,0.0,7280.9,163.1,350.0,
2027-06-06,PN-EQ-01,24.0,0.0,10859.8,130.7,520.0,
2026-08-17,PN-EQ-05,24.0,0.0,6344.0,,300.0,
2027-11-10,PN-EQ-05,24.0,0.0,6666.4,147.0,300.0,
2027-02-06,PN-EQ-02,24.0,0.0,8725.0,193.0,430.0,
2026-01-19,PN-EQ-01,24.0,0.0,10797.3,283.9,520.0,
2027-10-15,PN-EQ-04,24.0,0.0,9317.8,103.8,460.0,
2027-10-01,PN-EQ-10,24.0,0.0,10190.7,174.6,500.0,
2026-03-24,PN-EQ-02,24.0,0.0,9721.5,236.6,430.0,
2026-08-10,PN-EQ-09,22.9,1.1,5252.9,43.8,260.0,
2027-08-16,PN-EQ-02,24.0,0.0,9597.8,156.2,430.0,
2026-10-01,PN-EQ-01,24.0,0.0,10524.8,176.3,520.0,
2027-01-28,PN-EQ-04,24.0,0.0,10252.9,213.6,460.0,
2026-01-23,PN-EQ-04,24.0,0.0,10370.2,248.6,460.0,
2027-09-18,PN-EQ-10,24.0,0.0,10535.7,252.6,500.0,
2026-08-12,PN-EQ-04,11.3,12.7,4556.3,21.4,460.0,
2026-07-10,PN-EQ-01,24.0,0.0,10700.4,308.6,520.0,
2026-03-24,PN-EQ-09,13.27,0.0,2946.9,9.3,260.0,2.0
2027-12-11,PN-EQ-08,24.0,0.0,9114.8,230.4,400.0,
2026-04-11,PN-EQ-09,3.27,0.0,606.8,73.1,260.0,3.0
2027-02-28,PN-EQ-04,11.7,12.3,4949.0,108.7,460.0,
2026-06-19,PN-EQ-01,24.0,0.0,10494.1,351.5,520.0,
2026-04-02,PN-EQ-09,5.14,0.0,1408.5,31.7,260.0,3.0
2026-07-23,PN-EQ-01,24.0,0.0,11291.2,135.0,520.0,
2027-08-06,PN-EQ-09,24.0,0.0,5890.2,95.8,260.0,
2027-07-30,PN-EQ-08,24.0,0.0,8929.6,234.5,400.0,
2026-04-12,PN-EQ-04,24.0,0.0,10558.3,197.4,460.0,
2027-03-09,PN-EQ-01,24.0,0.0,12355.2,204.3,520.0,
2026-12-04,PN-EQ-03,24.0,0.0,8157.6,161.0,380.0,
2027-12-01,PN-EQ-04,24.0,0.0,10399.0,241.8,460.0,
2027-12-23,PN-EQ-06,24.0,0.0,6412.7,76.5,300.0,
2027-09-23,PN-EQ-08,24.0,0.0,8954.1,146.4,400.0,
2027-05-01,PN-EQ-10,24.0,0.0,10386.6,199.3,500.0,
2026-09-04,PN-EQ-06,24.0,0.0,6798.0,202.1,300.0,
2027-11-07,PN-EQ-07,24.0,0.0,7314.6,0.0,350.0,
2027-05-24,PN-EQ-10,23.2,0.8,10095.8,181.9,500.0,
2027-08-27,PN-EQ-03,24.0,0.0,7759.7,28.6,380.0,
2026-11-12,PN-EQ-05,24.0,0.0,6640.4,260.7,300.0,
2026-11-14,PN-EQ-09,24.0,0.0,5638.6,144.7,260.0,
2026-12-21,PN-EQ-10,20.9,3.1,9822.5,254.0,500.0,
2026-05-14,PN-EQ-04,24.0,0.0,9500.4,240.9,460.0,
2027-03-14,PN-EQ-06,24.0,0.0,6323.2,143.9,300.0,
2027-09-21,PN-EQ-06,24.0,0.0,6353.0,136.2,300.0,
2026-06-01,PN-EQ-05,24.0,0.0,6990.3,155.1,300.0,
2027-07-05,PN-EQ-09,24.0,0.0,5170.4,121.5,260.0,
2027-01-05,PN-EQ-09,24.0,0.0,5793.5,86.0,260.0,
2026-11-21,PN-EQ-09,24.0,0.0,4893.3,106.2,260.0,
2026-09-07,PN-EQ-07,24.0,0.0,7658.5,60.4,350.0,
2027-09-02,PN-EQ-09,24.0,0.0,6012.2,88.3,260.0,
2027-11-24,PN-EQ-05,24.0,0.0,7128.0,150.7,300.0,
2026-10-09,PN-EQ-09,24.0,0.0,5446.1,94.0,260.0,
2026-02-07,PN-EQ-08,24.0,0.0,8536.5,256.2,400.0,
2027-04-26,PN-EQ-09,24.0,0.0,5680.2,185.6,260.0,
2027-09-28,PN-EQ-08,24.0,0.0,8717.6,156.8,400.0,
2026-03-07,PN-EQ-09,0.72,0.0,221.4,34.9,260.0,3.0
2027-12-31,PN-EQ-06,24.0,0.0,6546.2,180.9,300.0,
2027-03-27,PN-EQ-07,15.5,8.5,4876.3,33.7,350.0,
2026-12-29,PN-EQ-07,24.0,0.0,6657.0,153.3,350.0,
2026-07-06,PN-EQ-08,24.0,0.0,8714.0,101.1,400.0,
2027-12-15,PN-EQ-08,24.0,0.0,8497.3,131.8,400.0,
2027-05-15,PN-EQ-02,22.6,1.4,8281.1,43.9,430.0,
2026-02-05,PN-EQ-01,24.0,0.0,11393.3,174.5,520.0,
2027-01-20,PN-EQ-06,24.0,0.0,7062.5,46.7,300.0,
2026-09-20,PN-EQ-04,24.0,0.0,9977.8,98.7,460.0,
2027-07-27,PN-EQ-07,24.0,0.0,7248.5,235.9,350.0,
2026-10-04,PN-EQ-09,24.0,0.0,5341.1,100.2,260.0,
2026-02-11,PN-EQ-09,5.74,0.0,1211.7,40.3,260.0,2.0
2027-10-21,PN-EQ-04,24.0,0.0,9930.6,241.5,460.0,
2026-05-12,PN-EQ-02,24.0,0.0,8321.5,206.2,430.0,
2027-02-10,PN-EQ-03,24.0,0.0,7663.6,127.2,380.0,
2027-09-09,PN-EQ-08,23.3,0.7,8370.6,218.5,400.0,
2027-02-11,PN-EQ-07,21.1,2.9,6616.7,208.8,350.0,
2027-12-04,PN-EQ-04,24.0,0.0,9480.1,200.6,460.0,
2027-05-02,PN-EQ-07,24.0,0.0,7450.2,150.9,350.0,
2027-08-04,PN-EQ-06,24.0,0.0,6188.9,132.6,300.0,
2026-09-12,PN-EQ-10,24.0,0.0,10896.4,202.5,500.0,
2027-06-30,PN-EQ-04,24.0,0.0,9443.6,,460.0,
2027-09-27,PN-EQ-08,24.0,0.0,8639.3,126.9,400.0,
2027-11-22,PN-EQ-01,24.0,0.0,11389.5,391.0,520.0,
2027-09-21,PN-EQ-07,24.0,0.0,8042.1,198.9,350.0,
2027-05-22,PN-EQ-02,24.0,0.0,10053.6,172.3,430.0,
2026-01-24,PN-EQ-09,24.0,0.0,5169.8,118.5,260.0,
2026-12-20,PN-EQ-04,16.2,7.8,6313.4,156.2,460.0,
2027-08-29,PN-EQ-08,24.0,0.0,8263.0,208.1,400.0,
2027-11-13,PN-EQ-04,24.0,0.0,10850.3,194.8,460.0,
2027-05-15,PN-EQ-05,24.0,0.0,6670.6,236.7,300.0,
2027-07-09,PN-EQ-01,24.0,0.0,11926.3,217.2,520.0,
2026-07-26,PN-EQ-02,24.0,0.0,9544.8,217.5,430.0,
2027-12-24,PN-EQ-07,22.3,1.7,7016.8,126.4,350.0,
2026-06-12,PN-EQ-08,24.0,0.0,8583.1,172.4,400.0,
2027-10-31,PN-EQ-02,21.9,2.1,7376.8,219.1,430.0,
2027-05-31,PN-EQ-04,24.0,0.0,10285.3,223.9,460.0,
2027-05-24,PN-EQ-07,24.0,0.0,7384.3,140.8,350.0,
2026-03-16,PN-EQ-03,24.0,0.0,7843.8,187.8,380.0,
2026-08-30,PN-EQ-06,24.0,0.0,6494.8,158.1,300.0,
2026-12-18,PN-EQ-06,24.0,0.0,6316.0,28.0,300.0,
2027-07-23,PN-EQ-01,24.0,0.0,10451.3,201.9,520.0,
2026-02-23,PN-EQ-01,24.0,0.0,10795.5,237.4,520.0,
2026-07-20,PN-EQ-04,22.0,2.0,8777.8,165.5,460.0,
2026-05-06,PN-EQ-09,9.99,0.0,2296.9,39.8,260.0,1.0
2026-06-22,PN-EQ-10,23.2,0.8,9874.5,235.2,500.0,
2027-09-22,PN-EQ-04,24.0,0.0,9550.0,208.0,460.0,
2026-01-14,PN-EQ-05,16.0,8.0,4528.9,109.8,300.0,
2026-09-01,PN-EQ-04,24.0,0.0,10106.3,177.6,460.0,
2027-10-03,PN-EQ-02,24.0,0.0,8789.2,177.0,430.0,
2027-01-25,PN-EQ-08,24.0,0.0,9285.9,182.3,400.0,
2027-07-18,PN-EQ-10,19.6,4.4,9107.9,184.6,500.0,
2026-01-19,PN-EQ-02,22.0,2.0,8641.6,283.7,430.0,
2027-12-08,PN-EQ-08,16.7,7.3,5822.2,188.6,400.0,
2026-04-08,PN-EQ-09,3.45,1.46,802.3,18.5,260.0,3.0
2026-03-31,PN-EQ-01,24.0,0.0,11355.9,205.0,520.0,
2026-02-08,PN-EQ-03,18.1,5.9,6544.2,115.2,380.0,
2026-10-01,PN-EQ-07,24.0,0.0,7403.1,235.6,350.0,
2026-09-19,PN-EQ-02,15.6,8.4,6354.0,118.2,430.0,
2026-01-20,PN-EQ-05,24.0,0.0,6227.5,90.3,300.0,
2027-01-18,PN-EQ-09,24.0,0.0,5223.2,142.4,260.0,
2027-01-14,PN-EQ-04,13.3,10.7,5285.9,64.8,460.0,
2026-03-22,PN-EQ-05,16.5,7.5,4279.1,125.0,300.0,
2027-07-17,PN-EQ-03,24.0,0.0,7809.6,243.5,380.0,
2027-06-13,PN-EQ-01,24.0,0.0,10956.2,80.8,520.0,
2027-06-28,PN-EQ-07,24.0,0.0,7648.8,71.6,350.0,
2026-12-05,PN-EQ-03,24.0,0.0,8016.2,35.3,380.0,
2027-07-04,PN-EQ-01,18.4,5.6,8378.3,48.5,520.0,
2026-07-05,PN-EQ-10,24.0,0.0,10675.0,193.0,500.0,
2027-10-27,PN-EQ-09,18.8,5.2,4501.2,141.6,260.0,
2026-08-08,PN-EQ-10,24.0,0.0,10202.1,181.8,500.0,
2026-01-22,PN-EQ-01,24.0,0.0,12355.2,162.1,520.0,
2026-09-09,PN-EQ-01,24.0,0.0,10601.7,,520.0,
2026-01-11,PN-EQ-07,24.0,0.0,7945.0,140.3,350.0,
2026-04-14,PN-EQ-05,24.0,0.0,6461.8,102.1,300.0,
2027-12-07,PN-EQ-06,24.0,0.0,6515.2,65.9,300.0,
2026-03-07,PN-EQ-02,24.0,0.0,9843.7,255.8,430.0,
2027-11-29,PN-EQ-04,21.9,2.1,9138.7,,460.0,
2026-12-28,PN-EQ-04,4.5,19.5,1798.2,43.1,460.0,
2027-07-06,PN-EQ-04,24.0,0.0,10929.6,236.9,460.0,
2027-07-01,PN-EQ-10,24.0,0.0,11488.7,96.9,500.0,
2026-02-03,PN-EQ-04,24.0,0.0,10109.7,204.6,460.0,
2026-06-06,PN-EQ-08,24.0,0.0,8933.6,176.3,400.0,
2027-11-25,PN-EQ-06,24.0,0.0,6649.7,227.5,300.0,
2026-06-28,PN-EQ-02,24.0,0.0,8943.4,203.3,430.0,
2027-10-01,PN-EQ-09,24.0,0.0,5557.5,97.3,260.0,
2027-05-06,PN-EQ-08,24.0,0.0,9285.8,138.3,400.0,
2026-10-04,PN-EQ-05,21.5,2.5,5366.3,77.1,300.0,
2026-11-17,PN-EQ-04,24.0,0.0,10014.5,206.1,460.0,
2026-10-18,PN-EQ-04,20.4,3.6,9281.4,302.6,460.0,
2027-04-04,PN-EQ-08,24.0,0.0,8536.8,102.4,400.0,
2026-03-08,PN-EQ-10,20.07,0.0,8520.2,23.0,500.0,2.0
2027-10-23,PN-EQ-06,24.0,0.0,6271.5,122.0,300.0,
2027-11-02,PN-EQ-06,24.0,0.0,6990.2,136.2,300.0,
2027-05-05,PN-EQ-08,24.0,0.0,8539.5,76.8,400.0,
2026-06-28,PN-EQ-05,24.0,0.0,6712.2,129.9,300.0,
2026-02-14,PN-EQ-04,24.0,0.0,10532.6,138.8,460.0,
2026-03-26,PN-EQ-04,24.0,0.0,9858.0,217.4,460.0,
2026-04-13,PN-EQ-06,24.0,0.0,5836.3,83.8,300.0,
2027-01-03,PN-EQ-01,12.4,11.6,5938.8,46.8,520.0,
2027-11-20,PN-EQ-09,24.0,0.0,5014.3,177.4,260.0,
2026-03-09,PN-EQ-09,3.21,0.0,691.5,41.0,260.0,3.0
2026-03-17,PN-EQ-10,3.49,0.0,1623.4,3.9,500.0,2.0
2026-02-10,PN-EQ-08,24.0,0.0,7409.0,160.3,400.0,
2026-10-03,PN-EQ-02,24.0,0.0,9034.9,247.9,430.0,
2027-09-03,PN-EQ-02,24.0,0.0,10071.7,0.0,430.0,
2027-01-10,PN-EQ-01,24.0,0.0,10087.5,292.6,520.0,
2026-02-14,PN-EQ-09,6.36,0.0,1558.5,8.5,260.0,1.0
2026-03-28,PN-EQ-01,24.0,0.0,12089.8,188.2,520.0,
2026-10-31,PN-EQ-07,24.0,0.0,7852.6,149.9,350.0,
2027-01-27,PN-EQ-02,24.0,0.0,10186.6,249.0,430.0,
2027-02-26,PN-EQ-08,24.0,0.0,8472.4,215.5,400.0,
2027-04-13,PN-EQ-01,24.0,0.0,11065.7,125.4,520.0,
2026-06-30,PN-EQ-09,24.0,0.0,5689.4,92.5,260.0,
2026-11-19,PN-EQ-10,24.0,0.0,10278.3,230.0,500.0,
2027-01-06,PN-EQ-03,18.4,5.6,6662.2,157.3,380.0,
2027-12-26,PN-EQ-09,24.0,0.0,5925.5,172.5,260.0,
2026-11-05,PN-EQ-03,24.0,0.0,8372.4,119.4,380.0,
2026-11-12,PN-EQ-02,24.0,0.0,8912.1,277.8,430.0,
2027-01-20,PN-EQ-08,24.0,0.0,7789.7,149.5,400.0,
2027-07-30,PN-EQ-02,24.0,0.0,9918.5,287.1,430.0,
2026-01-18,PN-EQ-02,24.0,0.0,9184.3,143.5,430.0,
2027-09-25,PN-EQ-10,21.4,2.6,9348.0,188.2,500.0,
2027-07-26,PN-EQ-04,24.0,0.0,10090.3,233.4,460.0,
2026-09-03,PN-EQ-06,21.4,2.6,6173.9,145.8,300.0,
2026-10-14,PN-EQ-03,24.0,0.0,8294.4,214.4,380.0,
2026-07-08,PN-EQ-01,22.6,1.4,9911.5,125.4,520.0,
2026-02-11,PN-EQ-06,23.4,0.6,6378.2,,300.0,
2026-11-10,PN-EQ-08,24.0,0.0,8201.9,79.5,400.0,
2026-10-08,PN-EQ-06,24.0,0.0,6263.3,196.5,300.0,
2026-09-23,PN-EQ-09,24.0,0.0,5258.7,140.2,260.0,
2027-10-18,PN-EQ-08,24.0,0.0,8497.9,145.6,400.0,
2026-12-22,PN-EQ-06,5.2,18.8,1483.0,38.5,300.0,
2026-01-29,PN-EQ-08,24.0,0.0,7825.7,154.4,400.0,
2026-09-12,PN-EQ-05,24.0,0.0,6290.1,119.6,300.0,
2027-01-31,PN-EQ-09,24.0,0.0,5892.9,14.7,260.0,
2027-12-19,PN-EQ-04,24.0,0.0,9837.8,81.6,460.0,
2026-07-25,PN-EQ-03,23.3,0.7,8311.0,200.8,380.0,
2027-09-13,PN-EQ-01,17.9,6.1,9002.0,256.9,520.0,
2027-10-04,PN-EQ-01,24.0,0.0,10553.8,133.9,520.0,
2026-02-07,PN-EQ-09,2.45,4.9,644.3,4.7,260.0,1.0
2026-07-04,PN-EQ-04,8.2,15.8,3422.7,106.5,460.0,
2027-08-18,PN-EQ-05,24.0,0.0,6472.9,204.8,300.0,
2026-08-16,PN-EQ-05,24.0,0.0,6661.6,116.2,300.0,
2026-04-01,PN-EQ-08,24.0,0.0,9273.7,83.2,400.0,
2026-06-24,PN-EQ-06,18.3,5.7,4594.9,111.7,300.0,
2026-03-14,PN-EQ-09,0.9,0.0,334.2,15.1,260.0,2.0
2026-12-06,PN-EQ-05,4.0,20.0,1128.4,22.1,300.0,
2027-11-30,PN-EQ-08,24.0,0.0,8717.4,361.9,400.0,
2026-01-29,PN-EQ-10,18.3,5.7,8895.2,114.5,500.0,
2026-07-10,PN-EQ-08,24.0,0.0,8447.7,238.7,400.0,
2027-03-03,PN-EQ-08,24.0,0.0,8941.1,186.3,400.0,
2026-03-17,PN-EQ-07,24.0,0.0,7830.1,70.2,350.0,
2027-08-24,PN-EQ-07,24.0,0.0,6615.1,154.5,350.0,
2026-12-26,PN-EQ-02,24.0,0.0,8967.4,259.4,430.0,
2027-04-29,PN-EQ-01,24.0,0.0,11264.0,318.6,520.0,
2027-06-19,PN-EQ-10,19.6,4.4,9155.5,317.6,500.0,
2027-10-23,PN-EQ-04,24.0,0.0,10387.6,274.8,460.0,
2027-05-04,PN-EQ-04,20.0,4.0,8333.9,147.1,460.0,
2026-08-20,PN-EQ-03,24.0,0.0,8203.1,219.7,380.0,
2027-03-21,PN-EQ-02,22.1,1.9,8085.0,210.3,430.0,
2026-05-29,PN-EQ-07,24.0,0.0,7357.9,112.4,350.0,
2026-01-29,PN-EQ-07,22.1,1.9,6566.1,153.2,350.0,
2026-04-18,PN-EQ-09,11.37,0.78,2613.0,0.0,260.0,3.0
2027-08-22,PN-EQ-01,13.7,10.3,6660.5,191.9,520.0,
2027-06-12,PN-EQ-05,24.0,0.0,6662.7,133.0,300.0,
2026-04-06,PN-EQ-06,24.0,0.0,6440.4,137.3,300.0,
2027-11-25,PN-EQ-04,21.3,2.7,9347.8,194.9,460.0,
2026-03-25,PN-EQ-09,10.82,3.72,2444.4,11.3,260.0,1.0
2026-02-16,PN-EQ-10,0.31,0.0,101.4,18.8,500.0,2.0
2027-08-13,PN-EQ-02,24.0,0.0,8984.6,84.4,430.0,
2027-11-20,PN-EQ-10,24.0,0.0,11720.1,326.1,500.0,
2027-03-01,PN-EQ-02,24.0,0.0,8748.3,,430.0,
2026-08-27,PN-EQ-06,24.0,0.0,5972.9,125.0,300.0,
2027-03-07,PN-EQ-09,24.0,0.0,5734.2,199.4,260.0,
2026-04-24,PN-EQ-10,1.72,0.0,785.7,104.3,500.0,2.0
2026-10-16,PN-EQ-02,24.0,0.0,9483.6,303.8,430.0,
2026-11-04,PN-EQ-09,18.7,5.3,4627.0,94.9,260.0,
2027-03-12,PN-EQ-06,24.0,0.0,6933.3,93.4,300.0,
2026-10-18,PN-EQ-05,24.0,0.0,6668.5,176.0,300.0,
2026-04-07,PN-EQ-06,24.0,0.0,6482.6,121.2,300.0,
2026-04-13,PN-EQ-01,22.4,1.6,10701.7,124.0,520.0,
2026-11-02,PN-EQ-10,24.0,0.0,10482.8,175.5,500.0,
2027-11-13,PN-EQ-05,18.8,5.2,5269.2,144.3,300.0,
2026-12-19,PN-EQ-09,20.3,3.7,4896.6,17.8,260.0,
2027-10-23,PN-EQ-01,24.0,0.0,11773.5,420.7,520.0,
2027-01-19,PN-EQ-03,16.9,7.1,5370.2,,380.0,
2026-12-13,PN-EQ-09,24.0,0.0,6026.9,81.2,260.0,
2027-12-01,PN-EQ-02,18.0,6.0,6900.1,165.6,430.0,
2026-11-17,PN-EQ-08,24.0,0.0,9272.0,159.3,400.0,
2026-11-12,PN-EQ-10,24.0,0.0,10638.0,264.9,500.0,
2026-09-06,PN-EQ-01,24.0,0.0,11643.8,186.8,520.0,
2027-10-22,PN-EQ-03,24.0,0.0,8566.5,140.0,380.0,
2026-07-02,PN-EQ-04,24.0,0.0,9873.6,404.9,460.0,
2026-04-18,PN-EQ-01,24.0,0.0,10483.8,287.9,520.0,
2026-05-09,PN-EQ-05,24.0,0.0,6770.8,232.1,300.0,
2026-05-16,PN-EQ-05,24.0,0.0,5943.1,101.2,300.0,
2026-09-04,PN-EQ-08,24.0,0.0,8715.2,113.2,400.0,
2027-07-23,PN-EQ-08,24.0,0.0,8837.1,183.5,400.0,
2026-12-22,PN-EQ-01,18.2,5.8,8607.1,125.0,520.0,
2027-03-13,PN-EQ-09,24.0,0.0,5722.6,83.8,260.0,
2027-06-30,PN-EQ-03,24.0,0.0,7814.0,181.8,380.0,
2026-12-31,PN-EQ-04,24.0,0.0,9925.8,17.4,460.0,
2026-06-18,PN-EQ-10,24.0,0.0,11555.4,100.6,500.0,
2027-10-01,PN-EQ-07,21.5,2.5,6388.2,184.4,350.0,
2026-03-05,PN-EQ-09,1.5,0.0,411.5,46.0,260.0,2.0
2027-07-29,PN-EQ-10,24.0,0.0,11041.4,295.7,500.0,
2027-11-12,PN-EQ-05,24.0,0.0,6345.0,159.8,300.0,
2027-07-18,PN-EQ-06,21.3,2.7,5585.0,96.4,300.0,
2027-10-23,PN-EQ-05,24.0,0.0,6852.7,110.8,300.0,
2026-09-21,PN-EQ-05,9.4,14.6,2536.8,59.6,300.0,
2026-09-08,PN-EQ-02,13.8,10.2,5091.6,153.6,430.0,
2027-02-01,PN-EQ-06,24.0,0.0,5889.7,49.3,300.0,
2027-06-21,PN-EQ-09,24.0,0.0,5315.8,126.2,260.0,
2026-03-19,PN-EQ-06,12.8,11.2,3437.7,17.3,300.0,
2026-09-18,PN-EQ-01,24.0,0.0,10467.4,306.2,520.0,
2026-11-08,PN-EQ-09,24.0,0.0,5145.2,184.0,260.0,
2027-03-18,PN-EQ-02,24.0,0.0,9733.6,103.8,430.0,
2027-08-18,PN-EQ-07,21.7,2.3,6890.8,122.2,350.0,
2026-03-24,PN-EQ-10,3.22,0.78,1382.2,173.9,500.0,3.0
2027-01-13,PN-EQ-03,24.0,0.0,7947.8,211.4,380.0,
2027-06-13,PN-EQ-02,24.0,0.0,10216.8,229.0,430.0,
2027-04-22,PN-EQ-04,24.0,0.0,10083.4,218.6,460.0,
2027-11-12,PN-EQ-09,24.0,0.0,5906.3,98.3,260.0,
2026-06-19,PN-EQ-05,21.9,2.1,6115.7,157.9,300.0,
2027-01-04,PN-EQ-09,24.0,0.0,6142.3,147.3,260.0,
2026-10-25,PN-EQ-08,24.0,0.0,9309.5,162.9,400.0,
2027-04-12,PN-EQ-08,24.0,0.0,8387.8,146.9,400.0,
2026-04-12,PN-EQ-07,24.0,0.0,7375.5,166.0,350.0,
2027-01-10,PN-EQ-02,24.0,0.0,8532.2,155.7,430.0,
2027-04-01,PN-EQ-09,24.0,0.0,5891.0,193.4,260.0,
2026-04-13,PN-EQ-09,7.73,0.0,1678.5,10.6,260.0,1.0
2026-05-12,PN-EQ-06,15.6,8.4,3883.9,113.0,300.0,
2027-02-01,PN-EQ-10,24.0,0.0,9888.2,115.2,500.0,
2026-05-07,PN-EQ-10,2.98,8.37,1245.0,,500.0,2.0
2026-10-15,PN-EQ-07,24.0,0.0,7903.6,85.8,350.0,
2026-04-08,PN-EQ-01,24.0,0.0,11551.5,,520.0,
2027-01-24,PN-EQ-03,24.0,0.0,8378.4,157.8,380.0,
2027-07-01,PN-EQ-06,24.0,0.0,5430.0,76.1,300.0,
2026-06-24,PN-EQ-08,24.0,0.0,9218.1,110.8,400.0,
2027-08-29,PN-EQ-02,23.5,0.5,8924.7,124.7,430.0,
2027-05-09,PN-EQ-08,22.4,1.6,8249.7,193.3,400.0,
2027-06-20,PN-EQ-07,24.0,0.0,8092.0,142.0,350.0,
2026-11-19,PN-EQ-08,17.3,6.7,6597.6,109.8,400.0,
2026-06-15,PN-EQ-06,24.0,0.0,7038.3,152.9,300.0,
2026-12-23,PN-EQ-03,24.0,0.0,8277.7,94.4,380.0,
2026-11-18,PN-EQ-09,21.3,2.7,4903.4,101.3,260.0,
2027-10-20,PN-EQ-01,24.0,0.0,11260.3,257.5,520.0,
2027-07-03,PN-EQ-09,24.0,0.0,5422.0,181.9,260.0,
2027-03-20,PN-EQ-10,15.6,8.4,7005.5,185.7,500.0,
2026-08-24,PN-EQ-03,24.0,0.0,8607.8,,380.0,
2026-12-26,PN-EQ-05,24.0,0.0,7128.0,177.0,300.0,
2027-01-28,PN-EQ-09,24.0,0.0,5849.2,74.3,260.0,
2026-12-28,PN-EQ-10,24.0,0.0,10578.4,181.7,500.0,
2026-05-08,PN-EQ-09,6.97,0.0,1863.9,27.4,260.0,3.0
2026-05-21,PN-EQ-01,24.0,0.0,11146.7,242.2,520.0,
2026-06-27,PN-EQ-04,24.0,0.0,9524.1,330.2,460.0,
2026-12-14,PN-EQ-07,24.0,0.0,7490.1,39.7,350.0,
2026-03-20,PN-EQ-09,3.14,0.0,756.0,61.2,260.0,3.0
2026-05-11,PN-EQ-04,24.0,0.0,9769.8,194.7,460.0,
2027-05-24,PN-EQ-08,24.0,0.0,8197.6,181.4,400.0,
2026-09-23,PN-EQ-08,24.0,0.0,8356.2,57.4,400.0,
2026-12-07,PN-EQ-10,24.0,0.0,11425.9,335.5,500.0,
2026-09-14,PN-EQ-01,24.0,0.0,11319.2,114.6,520.0,
2026-04-19,PN-EQ-09,9.93,0.0,2377.2,50.7,260.0,2.0
2026-05-07,PN-EQ-01,24.0,0.0,11434.2,211.3,520.0,
2026-05-10,PN-EQ-07,24.0,0.0,7376.2,259.1,350.0,
2026-09-16,PN-EQ-04,14.4,9.6,6372.9,146.3,460.0,
2027-09-06,PN-EQ-08,24.0,0.0,8040.7,51.7,400.0,
2026-11-02,PN-EQ-03,15.6,8.4,5383.6,120.0,380.0,
2026-08-13,PN-EQ-05,24.0,0.0,6186.6,134.5,300.0,
2027-08-24,PN-EQ-06,24.0,0.0,6968.3,146.9,300.0,
2026-03-30,PN-EQ-07,24.0,0.0,6900.8,150.0,350.0,
2026-08-18,PN-EQ-05,24.0,0.0,7022.7,154.0,300.0,
2027-06-25,PN-EQ-06,23.2,0.8,6508.1,126.6,300.0,
2027-09-16,PN-EQ-08,24.0,0.0,9183.1,209.6,400.0,
2027-06-26,PN-EQ-10,5.5,18.5,2473.7,61.7,500.0,
2026-04-19,PN-EQ-10,2.95,0.0,1512.3,16.5,500.0,1.0
2026-03-23,PN-EQ-08,24.0,0.0,9188.3,148.3,400.0,
2026-05-01,PN-EQ-02,24.0,0.0,9177.9,217.1,430.0,
2027-05-01,PN-EQ-06,24.0,0.0,6443.3,83.5,300.0,
2026-04-06,PN-EQ-09,10.44,0.0,2519.2,0.7,260.0,1.0
2027-07-21,PN-EQ-08,24.0,0.0,8507.7,193.6,400.0,
2027-08-11,PN-EQ-10,24.0,0.0,10893.6,156.8,500.0,
2026-12-17,PN-EQ-05,24.0,0.0,7128.0,136.2,300.0,
2026-03-28,PN-EQ-10,1.01,16.41,380.7,11.9,500.0,2.0
2026-07-19,PN-EQ-10,24.0,0.0,9756.7,337.6,500.0,
2027-08-06,PN-EQ-03,21.9,2.1,7730.5,162.4,380.0,
2027-01-14,PN-EQ-06,24.0,0.0,6832.4,123.7,300.0,
2027-04-10,PN-EQ-05,24.0,0.0,6751.2,102.3,300.0,
2026-01-14,PN-EQ-08,24.0,0.0,8494.8,240.4,400.0,
2026-04-09,PN-EQ-09,14.67,0.0,3731.2,45.5,260.0,2.0
2026-07-01,PN-EQ-01,24.0,0.0,12136.2,83.1,520.0,
2027-09-08,PN-EQ-04,24.0,0.0,9981.7,224.1,460.0,
2026-02-26,PN-EQ-03,24.0,0.0,8083.2,171.6,380.0,
2026-05-13,PN-EQ-09,1.88,0.48,387.8,32.4,260.0,3.0
2026-02-06,PN-EQ-04,22.9,1.1,9519.8,289.9,460.0,
2026-08-03,PN-EQ-04,24.0,0.0,9722.1,219.3,460.0,
2027-03-01,PN-EQ-04,24.0,0.0,10449.9,,460.0,
2027-06-14,PN-EQ-02,24.0,0.0,9556.4,234.1,430.0,
2027-08-20,PN-EQ-06,24.0,0.0,6626.7,229.6,300.0,
2026-10-30,PN-EQ-05,24.0,0.0,7060.3,58.5,300.0,
2026-06-10,PN-EQ-07,24.0,0.0,8186.1,220.3,350.0,
2027-07-10,PN-EQ-09,24.0,0.0,5574.9,48.7,260.0,
2026-03-23,PN-EQ-09,7.63,0.0,1899.5,1.6,260.0,2.0
2027-11-01,PN-EQ-08,24.0,0.0,8573.1,223.0,400.0,
2026-04-29,PN-EQ-09,14.13,0.0,3454.4,22.5,260.0,1.0
2026-04-01,PN-EQ-02,24.0,0.0,9386.4,190.0,430.0,
2027-06-13,PN-EQ-04,24.0,0.0,9258.1,168.9,460.0,
2026-08-18,PN-EQ-08,24.0,0.0,8300.3,241.4,400.0,
2026-10-15,PN-EQ-10,24.0,0.0,11190.7,181.1,500.0,
2026-06-09,PN-EQ-03,21.4,2.6,7224.6,200.0,380.0,
2026-02-13,PN-EQ-03,22.7,1.3,8125.7,125.9,380.0,
2026-03-03,PN-EQ-08,24.0,0.0,8485.4,89.0,400.0,
2027-02-14,PN-EQ-08,24.0,0.0,8631.7,149.4,400.0,
2026-11-27,PN-EQ-01,17.0,7.0,8610.0,136.7,520.0,
2027-07-02,PN-EQ-09,24.0,0.0,5686.1,26.5,260.0,
2027-02-13,PN-EQ-01,24.0,0.0,11694.6,419.0,520.0,
2026-05-19,PN-EQ-07,24.0,0.0,7316.8,251.4,350.0,
2026-06-11,PN-EQ-03,24.0,0.0,7934.9,194.1,380.0,
2027-09-20,PN-EQ-05,24.0,0.0,6374.2,158.4,300.0,
2026-06-14,PN-EQ-02,22.7,1.3,9607.0,,430.0,
2026-08-19,PN-EQ-08,24.0,0.0,8347.4,34.2,400.0,
2026-12-03,PN-EQ-01,24.0,0.0,10006.3,281.2,520.0,
2026-07-01,PN-EQ-04,24.0,0.0,9197.2,192.5,460.0,
2026-03-17,PN-EQ-08,24.0,0.0,8789.0,95.0,400.0,
2027-06-03,PN-EQ-01,18.4,5.6,8357.1,162.2,520.0,
2026-07-09,PN-EQ-10,24.0,0.0,11164.5,235.5,500.0,
2027-02-13,PN-EQ-08,24.0,0.0,8316.8,80.7,400.0,
2026-09-15,PN-EQ-05,24.0,0.0,6769.9,49.8,300.0,
2026-02-10,PN-EQ-05,24.0,0.0,6740.1,113.2,300.0,
2027-04-23,PN-EQ-02,24.0,0.0,9734.7,249.9,430.0,
2027-04-03,PN-EQ-10,24.0,0.0,10553.8,343.0,500.0,
2027-12-20,PN-EQ-07,19.1,4.9,6031.1,136.4,350.0,
2026-07-11,PN-EQ-07,21.5,2.5,7449.8,156.7,350.0,
2027-07-04,PN-EQ-02,24.0,0.0,9321.6,170.2,430.0,
2027-11-03,PN-EQ-04,24.0,0.0,10929.6,281.4,460.0,
2026-05-07,PN-EQ-05,24.0,0.0,6474.8,96.7,300.0,
2027-06-27,PN-EQ-02,24.0,0.0,9185.6,150.8,430.0,
2027-02-24,PN-EQ-07,24.0,0.0,7657.9,197.1,350.0,
2026-04-27,PN-EQ-07,24.0,0.0,7528.8,227.2,350.0,
2027-07-27,PN-EQ-08,24.0,0.0,6629.7,135.9,400.0,
2027-02-12,PN-EQ-04,24.0,0.0,10892.3,419.4,460.0,
2027-04-23,PN-EQ-03,24.0,0.0,7950.8,208.1,380.0,
2027-09-20,PN-EQ-01,24.0,0.0,10668.4,95.2,520.0,
2026-02-16,PN-EQ-03,24.0,0.0,7834.7,101.9,380.0,
2026-04-08,PN-EQ-09,10.12,2.4,2357.2,50.4,260.0,2.0
2026-10-16,PN-EQ-07,24.0,0.0,7391.3,,350.0,
2026-05-12,PN-EQ-10,13.64,0.0,5725.4,15.9,500.0,2.0
2027-06-06,PN-EQ-09,24.0,0.0,5760.5,66.0,260.0,
2026-02-19,PN-EQ-10,4.61,0.0,2194.7,201.1,500.0,1.0
2027-03-04,PN-EQ-10,24.0,0.0,10510.5,,500.0,
2026-01-30,PN-EQ-10,17.4,6.6,8084.0,203.4,500.0,
2026-05-19,PN-EQ-05,24.0,0.0,6714.3,295.2,300.0,
2026-09-02,PN-EQ-05,24.0,0.0,6346.9,,300.0,
2026-06-21,PN-EQ-08,24.0,0.0,9504.0,370.9,400.0,
2027-12-10,PN-EQ-08,24.0,0.0,8686.3,144.9,400.0,
2027-09-27,PN-EQ-03,24.0,0.0,8252.8,221.3,380.0,
2026-02-07,PN-EQ-10,8.83,0.0,3664.8,43.1,500.0,1.0
2027-07-10,PN-EQ-06,5.5,18.5,1584.5,25.6,300.0,
2026-01-30,PN-EQ-03,14.7,9.3,5140.0,96.2,380.0,
2027-06-12,PN-EQ-01,24.0,0.0,11557.9,210.4,520.0,
2026-03-10,PN-EQ-03,24.0,0.0,7933.5,146.8,380.0,
2026-06-26,PN-EQ-02,4.0,20.0,1536.2,31.5,430.0,
2027-12-19,PN-EQ-08,24.0,0.0,8102.0,69.2,400.0,
2026-06-19,PN-EQ-03,24.0,0.0,7650.2,207.5,380.0,
2026-09-21,PN-EQ-10,1.5,22.5,672.3,18.2,500.0,
2027-01-27,PN-EQ-10,24.0,0.0,10108.4,155.5,500.0,
2027-09-02,PN-EQ-02,24.0,0.0,8271.3,145.8,430.0,
2027-11-23,PN-EQ-05,24.0,0.0,6107.9,72.9,300.0,
2026-05-21,PN-EQ-05,24.0,0.0,6213.8,130.2,300.0,
2027-04-06,PN-EQ-06,24.0,0.0,6818.7,96.0,300.0,
2027-09-21,PN-EQ-02,24.0,0.0,9140.5,178.7,430.0,
2026-12-06,PN-EQ-06,17.6,6.4,4883.4,163.9,300.0,
2026-03-14,PN-EQ-07,24.0,0.0,8055.6,151.2,350.0,
2026-11-14,PN-EQ-08,24.0,0.0,8117.9,105.6,400.0,
2027-02-03,PN-EQ-02,15.4,8.6,5647.4,104.0,430.0,
2026-02-26,PN-EQ-01,22.7,1.3,10967.8,99.0,520.0,
2026-10-31,PN-EQ-06,24.0,0.0,6370.4,57.5,300.0,
2027-12-04,PN-EQ-10,7.8,16.2,3690.8,57.4,500.0,
2027-06-07,PN-EQ-10,19.1,4.9,8569.2,190.5,500.0,
2026-09-24,PN-EQ-05,18.7,5.3,5553.9,60.5,300.0,
2027-01-28,PN-EQ-07,24.0,0.0,7247.4,117.1,350.0,
2026-02-19,PN-EQ-10,0.95,0.0,442.2,22.3,500.0,3.0
2026-03-06,PN-EQ-01,24.0,0.0,11368.8,367.5,520.0,
2027-03-24,PN-EQ-05,24.0,0.0,6962.3,82.0,300.0,
2026-12-04,PN-EQ-01,24.0,0.0,10410.7,309.2,520.0,
2027-06-22,PN-EQ-05,13.5,10.5,3862.1,127.2,300.0,
2026-02-14,PN-EQ-06,24.0,0.0,7084.7,189.6,300.0,
2026-06-24,PN-EQ-07,24.0,0.0,6409.3,134.3,350.0,
2026-08-07,PN-EQ-02,24.0,0.0,9155.3,198.2,430.0,
2026-07-20,PN-EQ-09,24.0,0.0,5306.7,65.4,260.0,
2026-11-16,PN-EQ-06,19.3,4.7,5176.1,33.3,300.0,
2026-06-01,PN-EQ-02,16.9,7.1,6289.7,57.9,430.0,
2027-05-27,PN-EQ-04,8.6,15.4,3605.6,101.6,460.0,
2026-04-16,PN-EQ-10,7.09,0.0,3199.5,34.4,500.0,2.0
2027-09-23,PN-EQ-04,24.0,0.0,8856.8,240.7,460.0,
2027-11-24,PN-EQ-02,24.0,0.0,9156.8,141.8,430.0,
2027-01-01,PN-EQ-02,24.0,0.0,8441.2,190.9,430.0,
2026-05-06,PN-EQ-07,24.0,0.0,7344.1,166.3,350.0,
2026-03-09,PN-EQ-01,22.1,1.9,10385.9,183.1,520.0,
2026-08-09,PN-EQ-06,24.0,0.0,6066.8,180.5,300.0,
2027-02-10,PN-EQ-10,24.0,0.0,10820.7,158.7,500.0,
2026-05-03,PN-EQ-09,7.32,0.0,1785.8,5.8,260.0,1.0
2026-05-25,PN-EQ-06,24.0,0.0,6519.0,119.0,300.0,
2027-01-05,PN-EQ-05,7.6,16.4,2055.9,53.0,300.0,
2027-12-20,PN-EQ-09,24.0,0.0,4978.1,104.3,260.0,
2027-10-08,PN-EQ-10,24.0,0.0,11214.0,312.9,500.0,
2026-02-13,PN-EQ-09,3.47,1.37,864.2,1.4,260.0,1.0
2026-05-07,PN-EQ-10,1.01,4.85,459.4,20.4,500.0,3.0
2026-12-10,PN-EQ-03,16.0,8.0,5142.0,109.5,380.0,
2027-08-04,PN-EQ-02,24.0,0.0,9862.8,255.1,430.0,
2027-08-14,PN-EQ-04,24.0,0.0,9207.5,106.7,460.0,
2026-06-19,PN-EQ-08,21.1,2.9,7048.8,148.1,400.0,
2026-08-01,PN-EQ-02,24.0,0.0,9258.3,276.9,430.0,
2026-09-23,PN-EQ-06,24.0,0.0,6543.6,222.4,300.0,
2026-11-10,PN-EQ-02,24.0,0.0,9659.1,151.0,430.0,
2027-10-15,PN-EQ-08,24.0,0.0,9175.1,180.1,400.0,
2026-12-08,PN-EQ-02,19.2,4.8,6823.4,0.0,430.0,
2027-12-28,PN-EQ-02,24.0,0.0,8967.5,171.7,430.0,
2026-12-17,PN-EQ-10,12.3,11.7,6088.5,48.5,500.0,
2026-02-23,PN-EQ-04,24.0,0.0,9632.8,272.9,460.0,
2026-02-18,PN-EQ-09,2.61,0.0,598.6,2.0,260.0,2.0
2026-07-12,PN-EQ-01,24.0,0.0,10640.9,287.7,520.0,
2027-12-02,PN-EQ-03,19.2,4.8,7122.0,164.7,380.0,
2027-07-12,PN-EQ-10,24.0,0.0,10597.4,191.5,500.0,
2027-08-17,PN-EQ-04,4.0,20.0,1687.5,43.7,460.0,
2027-11-28,PN-EQ-01,24.0,0.0,11227.0,210.1,520.0,
2026-02-18,PN-EQ-09,16.84,0.0,4057.8,137.3,260.0,3.0
2026-04-13,PN-EQ-03,24.0,0.0,7827.5,94.5,380.0,
2026-12-07,PN-EQ-08,24.0,0.0,8834.1,150.4,400.0,
2027-10-13,PN-EQ-07,24.0,0.0,7989.5,116.1,350.0,
2027-07-31,PN-EQ-04,12.4,11.6,5087.3,73.9,460.0,
2026-12-25,PN-EQ-05,24.0,0.0,6324.5,115.5,300.0,
2027-07-13,PN-EQ-10,24.0,0.0,9094.9,320.6,500.0,
2027-06-04,PN-EQ-10,18.7,5.3,7896.3,157.8,500.0,
2026-08-11,PN-EQ-05,24.0,0.0,6910.6,203.0,300.0,
2026-12-20,PN-EQ-01,24.0,0.0,10595.5,154.8,520.0,
2027-08-03,PN-EQ-01,20.0,4.0,9214.6,106.8,520.0,
2027-12-09,PN-EQ-09,24.0,0.0,5439.6,126.3,260.0,
2027-02-26,PN-EQ-02,19.9,4.1,7540.2,202.5,430.0,
2027-10-13,PN-EQ-01,24.0,0.0,11214.6,0.0,520.0,
2026-01-26,PN-EQ-09,24.0,0.0,5673.8,106.9,260.0,
2027-02-10,PN-EQ-06,15.6,8.4,3924.6,44.7,300.0,
2026-01-22,PN-EQ-09,18.6,5.4,4317.5,71.2,260.0,
2026-02-13,PN-EQ-01,24.0,0.0,10352.3,283.5,520.0,
2026-04-25,PN-EQ-09,6.58,0.0,1420.5,13.3,260.0,1.0
2026-09-12,PN-EQ-08,24.0,0.0,8550.2,203.4,400.0,
2026-09-30,PN-EQ-01,24.0,0.0,10488.1,69.1,520.0,
2026-09-02,PN-EQ-03,24.0,0.0,7143.4,125.4,380.0,
2026-07-20,PN-EQ-01,24.0,0.0,10435.3,319.1,520.0,
2026-08-02,PN-EQ-02,24.0,0.0,9466.5,271.9,430.0,
2027-01-04,PN-EQ-06,24.0,0.0,7128.0,103.9,300.0,
2027-08-21,PN-EQ-02,24.0,0.0,9458.0,257.4,430.0,
2026-11-18,PN-EQ-02,23.4,0.6,9111.4,137.2,430.0,
2026-06-14,PN-EQ-05,24.0,0.0,6182.9,58.4,300.0,
2027-01-23,PN-EQ-03,24.0,0.0,7921.4,166.7,380.0,
2027-03-04,PN-EQ-01,24.0,0.0,10172.0,251.0,520.0,
2027-04-01,PN-EQ-01,24.0,0.0,10195.3,200.9,520.0,
2027-11-02,PN-EQ-10,24.0,0.0,11585.7,236.9,500.0,
2027-09-02,PN-EQ-01,24.0,0.0,11526.7,195.2,520.0,
2027-11-27,PN-EQ-10,24.0,0.0,11449.6,287.1,500.0,
2026-12-11,PN-EQ-02,24.0,0.0,9070.0,38.9,430.0,
2027-04-07,PN-EQ-01,24.0,0.0,11286.0,,520.0,
2026-09-18,PN-EQ-10,24.0,0.0,11604.2,274.2,500.0,
2027-08-29,PN-EQ-06,24.0,0.0,7128.0,175.9,300.0,
2027-10-19,PN-EQ-10,24.0,0.0,11019.0,341.0,500.0,
2026-03-14,PN-EQ-05,24.0,0.0,6618.5,219.4,300.0,
2027-12-11,PN-EQ-10,24.0,0.0,11157.2,212.6,500.0,
2027-08-20,PN-EQ-10,4.0,20.0,1732.3,38.6,500.0,
2026-02-12,PN-EQ-09,1.36,0.0,293.9,1.1,260.0,1.0
2027-02-20,PN-EQ-03,24.0,0.0,7769.4,153.4,380.0,
2026-03-09,PN-EQ-02,24.0,0.0,9696.8,238.7,430.0,
2026-04-01,PN-EQ-10,15.37,0.0,6384.8,46.1,500.0,2.0
2026-08-17,PN-EQ-02,24.0,0.0,9326.3,127.7,430.0,
2027-12-24,PN-EQ-06,24.0,0.0,6412.5,51.2,300.0,
2026-08-10,PN-EQ-03,24.0,0.0,7788.2,193.7,380.0,
2026-09-01,PN-EQ-07,24.0,0.0,6976.9,111.1,350.0,
2027-01-16,PN-EQ-01,24.0,0.0,11989.5,203.6,520.0,
2026-02-18,PN-EQ-10,2.97,1.29,1301.5,1.7,500.0,2.0
2027-03-06,PN-EQ-07,24.0,0.0,7486.9,177.5,350.0,
2027-01-30,PN-EQ-04,7.9,16.1,3196.3,98.1,460.0,
2027-08-14,PN-EQ-10,24.0,0.0,10428.1,218.7,500.0,
2026-06-23,PN-EQ-07,24.0,0.0,8037.6,232.5,350.0,
2027-10-09,PN-EQ-09,24.0,0.0,5961.4,,260.0,
2026-07-29,PN-EQ-03,24.0,0.0,8058.8,112.1,380.0,
2027-10-04,PN-EQ-03,24.0,0.0,8745.5,130.7,380.0,
2027-07-23,PN-EQ-09,24.0,0.0,5964.3,130.4,260.0,
2027-03-17,PN-EQ-07,24.0,0.0,7982.4,113.3,350.0,
2026-04-06,PN-EQ-08,23.5,0.5,8817.1,213.8,400.0,
2026-08-05,PN-EQ-09,24.0,0.0,5672.0,141.8,260.0,
2027-03-03,PN-EQ-04,24.0,0.0,9571.9,212.7,460.0,
2027-01-31,PN-EQ-06,24.0,0.0,6624.5,122.9,300.0,
2027-02-11,PN-EQ-06,24.0,0.0,6348.2,95.2,300.0,
2027-08-09,PN-EQ-06,24.0,0.0,6527.3,88.1,300.0,
2026-06-17,PN-EQ-10,24.0,0.0,9697.3,131.5,500.0,
2026-04-05,PN-EQ-04,24.0,0.0,9189.1,162.8,460.0,
2027-10-05,PN-EQ-03,24.0,0.0,7439.3,36.5,380.0,
2027-05-15,PN-EQ-10,24.0,0.0,10831.4,106.3,500.0,
2026-08-23,PN-EQ-06,24.0,0.0,6281.7,162.2,300.0,
2026-05-16,PN-EQ-09,7.8,0.0,1668.6,,260.0,1.0
2026-03-13,PN-EQ-08,10.1,13.9,3963.4,88.4,400.0,
2027-05-02,PN-EQ-01,24.0,0.0,11143.2,146.5,520.0,
2026-08-25,PN-EQ-09,24.0,0.0,5402.7,80.4,260.0,
2027-11-16,PN-EQ-04,22.4,1.6,9065.3,66.2,460.0,
2026-08-04,PN-EQ-08,24.0,0.0,8740.7,107.0,400.0,
2026-10-21,PN-EQ-06,24.0,0.0,6011.1,106.5,300.0,
2026-08-03,PN-EQ-09,23.5,0.5,5953.1,51.9,260.0,
2027-11-14,PN-EQ-07,24.0,0.0,7357.3,103.5,350.0,
2026-03-18,PN-EQ-09,4.51,0.0,1145.8,8.5,260.0,1.0
2026-09-08,PN-EQ-10,23.3,0.7,9368.8,196.0,500.0,
2026-07-27,PN-EQ-02,22.5,1.5,8408.5,122.7,430.0,
2027-05-10,PN-EQ-04,24.0,0.0,9102.5,142.7,460.0,
2027-03-05,PN-EQ-07,24.0,0.0,6816.4,145.3,350.0,
2026-08-20,PN-EQ-10,24.0,0.0,10158.1,207.7,500.0,
2026-08-07,PN-EQ-06,24.0,0.0,6681.9,50.8,300.0,
2027-09-06,PN-EQ-01,21.6,2.4,10533.2,136.3,520.0,
2026-12-29,PN-EQ-04,24.0,0.0,10004.8,163.2,460.0,
2026-02-05,PN-EQ-02,24.0,0.0,9278.4,292.1,430.0,
2026-12-08,PN-EQ-05,21.0,3.0,5572.8,65.2,300.0,
2027-10-10,PN-EQ-10,24.0,0.0,11104.2,251.5,500.0,
2026-02-17,PN-EQ-02,24.0,0.0,10142.2,212.3,430.0,
2026-03-09,PN-EQ-07,17.8,6.2,5648.6,73.4,350.0,
2027-10-30,PN-EQ-01,24.0,0.0,11274.1,233.2,520.0,
2026-08-15,PN-EQ-02,7.4,16.6,2893.7,26.9,430.0,
2026-09-13,PN-EQ-06,24.0,0.0,6855.9,129.5,300.0,
2026-04-11,PN-EQ-10,14.63,0.0,6760.8,75.9,500.0,2.0
2026-06-28,PN-EQ-10,24.0,0.0,10180.0,202.7,500.0,
2026-07-17,PN-EQ-05,24.0,0.0,6881.1,183.2,300.0,
2026-10-09,PN-EQ-10,24.0,0.0,11282.7,457.1,500.0,
2027-07-02,PN-EQ-07,22.2,1.8,7253.8,60.3,350.0,
2027-04-03,PN-EQ-09,24.0,0.0,5096.6,37.4,260.0,
2026-04-22,PN-EQ-09,19.98,0.0,4412.0,32.4,260.0,2.0
2026-04-21,PN-EQ-09,12.34,0.0,3112.2,117.6,260.0,2.0
2027-12-25,PN-EQ-08,24.0,0.0,9303.9,56.9,400.0,
2027-06-12,PN-EQ-07,24.0,0.0,6757.9,0.0,350.0,
2026-09-22,PN-EQ-06,18.8,5.2,5076.0,153.8,300.0,
2026-10-15,PN-EQ-01,24.0,0.0,12002.6,38.0,520.0,
2026-07-04,PN-EQ-10,23.5,0.5,10493.1,228.4,500.0,
2027-01-08,PN-EQ-10,22.2,1.8,10216.6,308.6,500.0,
2027-02-17,PN-EQ-07,24.0,0.0,7523.7,103.5,350.0,
2026-05-04,PN-EQ-07,17.0,7.0,4901.9,43.6,350.0,
2027-10-25,PN-EQ-05,22.9,1.1,6251.0,147.6,300.0,
2026-10-25,PN-EQ-07,24.0,0.0,7371.7,136.2,350.0,
2027-06-12,PN-EQ-08,19.7,4.3,7216.6,148.9,400.0,
2027-06-19,PN-EQ-06,24.0,0.0,7128.0,123.2,300.0,
2026-04-10,PN-EQ-04,24.0,0.0,9841.0,275.2,460.0,
2027-03-12,PN-EQ-05,4.0,20.0,1002.7,14.6,300.0,
2026-11-28,PN-EQ-08,24.0,0.0,9490.8,287.2,400.0,
2026-10-17,PN-EQ-03,24.0,0.0,8073.7,233.3,380.0,
2026-11-04,PN-EQ-03,24.0,0.0,7883.9,175.0,380.0,
2026-02-24,PN-EQ-09,3.81,0.0,863.5,56.5,260.0,1.0
2026-03-25,PN-EQ-06,24.0,0.0,5939.7,126.0,300.0,
2027-12-20,PN-EQ-06,24.0,0.0,6780.2,1.8,300.0,
2027-01-18,PN-EQ-05,10.9,13.1,3033.9,72.9,300.0,
2027-06-23,PN-EQ-02,24.0,0.0,9824.0,235.7,430.0,
2026-12-13,PN-EQ-02,24.0,0.0,9426.5,194.2,430.0,
2026-05-12,PN-EQ-01,24.0,0.0,11761.1,214.3,520.0,
2026-01-15,PN-EQ-07,24.0,0.0,7202.5,178.7,350.0,
2026-10-16,PN-EQ-06,24.0,0.0,6020.6,44.5,300.0,
2026-05-07,PN-EQ-09,10.49,0.0,2377.6,64.8,260.0,2.0
2027-06-19,PN-EQ-03,24.0,0.0,8521.8,191.8,380.0,
2026-06-11,PN-EQ-06,24.0,0.0,6374.8,200.1,300.0,
2027-08-11,PN-EQ-05,24.0,0.0,5818.9,163.4,300.0,
2027-02-06,PN-EQ-05,21.2,2.8,5340.7,86.3,300.0,
2027-09-03,PN-EQ-06,24.0,0.0,6497.6,71.2,300.0,
2027-05-16,PN-EQ-07,24.0,0.0,7671.7,186.9,350.0,
2027-04-22,PN-EQ-06,24.0,0.0,6376.0,59.3,300.0,
2026-07-17,PN-EQ-01,24.0,0.0,11061.4,188.0,520.0,
2026-11-03,PN-EQ-04,3.8,20.2,1636.7,18.3,460.0,
2026-07-16,PN-EQ-09,24.0,0.0,5694.8,66.8,260.0,
2027-03-04,PN-EQ-07,24.0,0.0,7258.9,81.2,350.0,
2027-06-18,PN-EQ-02,24.0,0.0,9455.4,223.2,430.0,
2027-09-13,PN-EQ-04,24.0,0.0,10483.2,236.0,460.0,
2027-06-20,PN-EQ-09,24.0,0.0,5354.3,189.1,260.0,
2027-03-08,PN-EQ-06,21.1,2.9,5777.9,132.0,300.0,
2027-03-04,PN-EQ-02,24.0,0.0,8646.7,48.9,430.0,
2027-02-02,PN-EQ-06,24.0,0.0,6475.4,199.3,300.0,
2026-07-14,PN-EQ-01,24.0,0.0,12189.7,533.5,520.0,
2027-08-27,PN-EQ-02,24.0,0.0,8696.6,206.2,430.0,
2026-02-24,PN-EQ-04,17.5,6.5,6970.0,157.1,460.0,
2026-11-21,PN-EQ-08,4.0,20.0,1413.8,24.7,400.0,
2027-05-12,PN-EQ-01,24.0,0.0,11001.7,218.6,520.0,
2026-11-01,PN-EQ-02,24.0,0.0,9759.2,182.6,430.0,
2026-11-05,PN-EQ-08,24.0,0.0,8710.6,234.4,400.0,
2026-05-24,PN-EQ-07,24.0,0.0,7802.9,103.0,350.0,
2027-03-21,PN-EQ-04,24.0,0.0,9800.4,160.3,460.0,
2026-09-17,PN-EQ-08,24.0,0.0,9232.0,171.5,400.0,
2027-08-13,PN-EQ-01,23.5,0.5,10340.8,213.3,520.0,
2026-08-21,PN-EQ-07,22.5,1.5,7119.5,142.5,350.0,
2026-05-08,PN-EQ-04,24.0,0.0,9791.4,242.2,460.0,
2027-06-17,PN-EQ-08,24.0,0.0,8453.1,32.1,400.0,
2027-05-22,PN-EQ-05,22.1,1.9,6105.3,51.4,300.0,
2026-08-09,PN-EQ-02,18.3,5.7,7128.8,118.2,430.0,
2026-02-10,PN-EQ-10,6.8,0.0,2961.7,18.9,500.0,3.0
2026-12-30,PN-EQ-01,24.0,0.0,11176.4,253.4,520.0,
2026-06-28,PN-EQ-08,24.0,0.0,9319.9,190.8,400.0,
2027-12-15,PN-EQ-05,22.2,1.8,5880.5,117.6,300.0,
2026-07-23,PN-EQ-03,24.0,0.0,8591.3,213.9,380.0,
2026-10-12,PN-EQ-01,24.0,0.0,11371.2,312.4,520.0,
2026-03-19,PN-EQ-07,24.0,0.0,6958.1,104.1,350.0,
2026-07-29,PN-EQ-05,4.8,19.2,1249.3,18.9,300.0,
2026-04-11,PN-EQ-10,1.88,0.0,844.4,20.5,500.0,3.0
2027-06-10,PN-EQ-07,24.0,0.0,6832.4,136.5,350.0,
2027-02-25,PN-EQ-05,24.0,0.0,6454.4,143.9,300.0,
2026-08-01,PN-EQ-09,24.0,0.0,5593.4,207.1,260.0,
2027-05-18,PN-EQ-03,17.4,6.6,6545.9,83.6,380.0,
2026-06-23,PN-EQ-02,23.1,0.9,8718.9,206.5,430.0,
2027-01-17,PN-EQ-01,24.0,0.0,10514.0,312.1,520.0,
2027-03-25,PN-EQ-04,21.9,2.1,9172.7,74.2,460.0,
2026-01-11,PN-EQ-09,24.0,0.0,5906.2,123.7,260.0,
2027-09-12,PN-EQ-04,24.0,0.0,10011.7,176.9,460.0,
2026-05-08,PN-EQ-01,18.9,5.1,8544.4,165.5,520.0,
2027-08-20,PN-EQ-03,24.0,0.0,8088.0,130.1,380.0,
2027-07-18,PN-EQ-08,24.0,0.0,9111.5,136.6,400.0,
2027-06-08,PN-EQ-02,24.0,0.0,9189.6,290.3,430.0,
2026-03-08,PN-EQ-09,6.44,0.0,1688.0,49.7,260.0,1.0
2027-02-22,PN-EQ-07,24.0,0.0,7373.1,212.3,350.0,
2027-11-21,PN-EQ-08,15.2,8.8,5481.6,187.3,400.0,
2026-08-27,PN-EQ-10,24.0,0.0,10084.2,144.8,500.0,
2026-10-29,PN-EQ-04,22.4,1.6,9812.2,228.4,460.0,
2027-03-31,PN-EQ-01,24.0,0.0,10163.6,195.9,520.0,
2027-09-11,PN-EQ-02,24.0,0.0,8748.7,127.0,430.0,
2027-02-23,PN-EQ-03,24.0,0.0,6852.4,77.2,380.0,
2026-08-08,PN-EQ-02,24.0,0.0,9305.5,252.1,430.0,
2026-04-23,PN-EQ-09,8.76,4.75,2050.9,53.3,260.0,2.0
2026-03-14,PN-EQ-10,20.76,0.0,8644.4,34.0,500.0,3.0
2026-09-01,PN-EQ-02,24.0,0.0,9472.8,209.4,430.0,
2027-06-29,PN-EQ-08,24.0,0.0,8297.8,238.4,400.0,
2027-11-01,PN-EQ-09,24.0,0.0,5281.3,72.1,260.0,
2027-10-25,PN-EQ-07,24.0,0.0,7986.2,183.8,350.0,
2026-11-22,PN-EQ-03,24.0,0.0,7677.8,175.2,380.0,
2026-12-01,PN-EQ-03,21.4,2.6,7513.8,162.6,380.0,
2027-09-23,PN-EQ-07,24.0,0.0,7742.9,227.3,350.0,
2027-09-05,PN-EQ-10,24.0,0.0,10392.8,302.0,500.0,
2027-07-20,PN-EQ-04,24.0,0.0,9035.7,122.1,460.0,
2026-12-30,PN-EQ-07,18.2,5.8,4770.3,144.2,350.0,
2027-04-09,PN-EQ-10,24.0,0.0,11481.7,246.2,500.0,
2026-04-01,PN-EQ-03,24.0,0.0,7814.5,133.3,380.0,
2027-12-22,PN-EQ-10,24.0,0.0,11307.7,350.8,500.0,
2026-05-26,PN-EQ-02,24.0,0.0,9260.2,194.5,430.0,
2026-09-25,PN-EQ-10,24.0,0.0,11371.9,132.1,500.0,
2027-02-07,PN-EQ-01,18.4,5.6,7496.6,125.7,520.0,
2027-04-25,PN-EQ-09,24.0,0.0,5868.9,129.7,260.0,
2026-07-01,PN-EQ-03,24.0,0.0,8475.5,243.7,380.0,
2026-03-25,PN-EQ-10,0.83,0.0,798.6,50.3,500.0,1.0
2027-02-14,PN-EQ-01,23.4,0.6,11927.7,136.8,520.0,
2027-09-20,PN-EQ-02,24.0,0.0,8627.6,41.8,430.0,
2027-08-09,PN-EQ-10,24.0,0.0,11280.6,128.2,500.0,
2026-03-18,PN-EQ-09,0.71,0.0,53.1,3.5,260.0,3.0
2027-03-30,PN-EQ-07,24.0,0.0,7562.3,229.5,350.0,
2027-01-05,PN-EQ-03,24.0,0.0,8428.3,242.5,380.0,
2026-06-16,PN-EQ-04,24.0,0.0,9638.5,196.2,460.0,
2027-05-04,PN-EQ-10,24.0,0.0,10416.1,279.7,500.0,
2027-12-22,PN-EQ-04,4.0,20.0,1643.0,28.7,460.0,
2026-07-18,PN-EQ-09,14.2,9.8,3419.2,74.4,260.0,
2027-11-21,PN-EQ-07,24.0,0.0,7534.7,111.2,350.0,
2026-03-22,PN-EQ-10,2.83,0.0,1338.2,9.0,500.0,3.0
2026-03-17,PN-EQ-02,24.0,0.0,8320.7,175.9,430.0,
2027-04-14,PN-EQ-02,24.0,0.0,8443.9,157.9,430.0,
2027-09-28,PN-EQ-09,21.1,2.9,5431.1,102.4,260.0,
2027-02-05,PN-EQ-06,24.0,0.0,5971.0,142.0,300.0,
2027-05-23,PN-EQ-10,24.0,0.0,11880.0,103.2,500.0,
2027-06-09,PN-EQ-04,24.0,0.0,10430.6,241.9,460.0,
2026-08-26,PN-EQ-03,24.0,0.0,7198.8,169.9,380.0,
2027-06-16,PN-EQ-08,24.0,0.0,9034.6,114.5,400.0,
2026-10-20,PN-EQ-09,24.0,0.0,5636.8,92.6,260.0,
2027-01-24,PN-EQ-01,24.0,0.0,10837.4,55.3,520.0,
2026-05-05,PN-EQ-10,2.62,0.0,1110.7,143.1,500.0,3.0
2026-07-27,PN-EQ-05,24.0,0.0,5979.8,141.5,300.0,
2027-02-04,PN-EQ-02,24.0,0.0,9387.6,320.1,430.0,
2026-10-25,PN-EQ-04,24.0,0.0,10034.9,147.7,460.0,
2027-11-12,PN-EQ-03,24.0,0.0,7970.9,315.1,380.0,
2026-10-15,PN-EQ-09,24.0,0.0,5961.7,150.8,260.0,
2026-05-14,PN-EQ-10,15.75,0.86,6782.1,33.5,500.0,1.0
2026-03-02,PN-EQ-09,1.89,1.52,472.5,36.4,260.0,3.0
2026-02-24,PN-EQ-05,24.0,0.0,6492.2,123.9,300.0,
2027-02-06,PN-EQ-01,20.9,3.1,9288.3,239.0,520.0,
2027-09-05,PN-EQ-06,24.0,0.0,6570.7,168.5,300.0,
2027-11-27,PN-EQ-01,16.4,7.6,7831.2,392.0,520.0,
2027-07-07,PN-EQ-08,22.4,1.6,7542.7,154.3,400.0,
2026-05-01,PN-EQ-09,7.56,0.0,1687.8,72.7,260.0,3.0
2027-05-26,PN-EQ-08,24.0,0.0,8118.9,78.7,400.0,
2027-10-10,PN-EQ-09,24.0,0.0,5432.1,138.8,260.0,
2026-04-20,PN-EQ-04,17.1,6.9,7360.9,222.4,460.0,
2026-03-02,PN-EQ-06,24.0,0.0,6428.0,69.7,300.0,
2027-04-22,PN-EQ-07,24.0,0.0,7821.7,87.4,350.0,
2026-12-29,PN-EQ-03,24.0,0.0,8692.4,162.3,380.0,
2026-12-09,PN-EQ-05,24.0,0.0,7128.0,171.7,300.0,
2026-11-21,PN-EQ-04,16.3,7.7,6205.4,212.2,460.0,
2026-12-10,PN-EQ-06,24.0,0.0,5925.2,80.1,300.0,
2026-02-09,PN-EQ-04,24.0,0.0,10051.6,66.9,460.0,
2026-02-27,PN-EQ-07,24.0,0.0,7743.7,165.2,350.0,
2027-07-04,PN-EQ-03,24.0,0.0,7905.2,215.0,380.0,
2026-06-13,PN-EQ-05,4.8,19.2,1287.0,23.9,300.0,
2026-04-18,PN-EQ-10,6.02,0.0,2669.8,41.2,500.0,1.0
2027-03-29,PN-EQ-07,24.0,0.0,7277.2,140.3,350.0,
2027-01-22,PN-EQ-10,23.4,0.6,10390.4,317.7,500.0,
2027-01-22,PN-EQ-01,24.0,0.0,11005.2,360.1,520.0,
2026-03-31,PN-EQ-08,24.0,0.0,8828.9,158.4,400.0,
2027-12-28,PN-EQ-04,24.0,0.0,10713.6,187.0,460.0,
2027-09-07,PN-EQ-02,18.7,5.3,7244.2,143.7,430.0,
2026-04-10,PN-EQ-10,12.05,0.0,5872.4,135.3,500.0,3.0
2026-08-11,PN-EQ-03,24.0,0.0,7363.9,45.2,380.0,
2027-11-04,PN-EQ-08,21.6,2.4,7853.9,180.4,400.0,
2026-11-02,PN-EQ-07,24.0,0.0,7986.0,164.7,350.0,
2027-04-17,PN-EQ-09,24.0,0.0,5161.0,66.4,260.0,
2026-12-21,PN-EQ-02,24.0,0.0,9956.9,155.3,430.0,
2027-08-01,PN-EQ-05,24.0,0.0,6244.6,100.0,300.0,
2027-04-15,PN-EQ-04,24.0,0.0,10851.9,80.3,460.0,
2026-07-09,PN-EQ-05,24.0,0.0,7094.8,225.4,300.0,
2026-05-27,PN-EQ-01,24.0,0.0,11802.4,217.5,520.0,
2026-09-05,PN-EQ-03,24.0,0.0,8260.2,210.2,380.0,
2026-08-18,PN-EQ-01,24.0,0.0,11005.6,309.1,520.0,
2026-01-21,PN-EQ-07,24.0,0.0,7959.3,157.8,350.0,
2027-02-17,PN-EQ-06,22.3,1.7,6065.6,122.8,300.0,
2027-04-03,PN-EQ-04,24.0,0.0,10077.5,298.5,460.0,
2027-10-03,PN-EQ-05,24.0,0.0,5532.7,86.4,300.0,
2026-11-11,PN-EQ-01,24.0,0.0,11533.8,127.0,520.0,
2027-08-16,PN-EQ-05,11.3,12.7,2649.7,55.0,300.0,
2026-08-31,PN-EQ-09,24.0,0.0,5522.6,63.8,260.0,
2027-12-10,PN-EQ-06,21.8,2.2,5943.8,179.6,300.0,
2026-06-16,PN-EQ-05,24.0,0.0,5818.8,38.1,300.0,
2026-11-25,PN-EQ-05,24.0,0.0,6145.9,91.8,300.0,
2027-09-03,PN-EQ-01,20.2,3.8,8776.1,143.0,520.0,
2027-12-20,PN-EQ-02,24.0,0.0,9605.3,263.4,430.0,
2027-10-20,PN-EQ-09,24.0,0.0,5214.2,129.6,260.0,
2026-04-27,PN-EQ-02,22.1,1.9,8783.1,3.5,430.0,
2027-11-02,PN-EQ-04,13.7,10.3,5509.9,67.5,460.0,
2026-03-13,PN-EQ-04,12.0,12.0,5204.3,159.1,460.0,
2026-12-20,PN-EQ-02,24.0,0.0,9627.6,238.8,430.0,
2026-01-31,PN-EQ-10,24.0,0.0,10352.5,236.4,500.0,
2027-02-27,PN-EQ-09,15.5,8.5,3747.6,43.2,260.0,
2027-12-07,PN-EQ-04,24.0,0.0,10301.7,101.5,460.0,
2026-02-03,PN-EQ-08,14.2,9.8,5483.6,169.2,400.0,
2027-12-06,PN-EQ-08,24.0,0.0,7650.3,185.9,400.0,
2027-08-27,PN-EQ-05,4.6,19.4,1247.0,15.5,300.0,
2026-11-26,PN-EQ-03,24.0,0.0,8070.4,80.8,380.0,
2027-04-29,PN-EQ-08,24.0,0.0,8579.1,206.1,400.0,
2026-11-02,PN-EQ-01,24.0,0.0,11214.9,217.8,520.0,
2026-07-27,PN-EQ-10,24.0,0.0,10572.5,167.0,500.0,
2027-04-21,PN-EQ-04,24.0,0.0,9735.9,136.7,460.0,
2026-02-25,PN-EQ-01,24.0,0.0,10893.9,331.6,520.0,
2026-07-04,PN-EQ-02,24.0,0.0,9498.1,295.0,430.0,
2026-02-15,PN-EQ-09,2.97,0.0,754.7,22.3,260.0,2.0
2026-07-22,PN-EQ-10,21.0,3.0,9167.2,225.4,500.0,
2026-04-08,PN-EQ-04,24.0,0.0,10134.4,164.0,460.0,
2026-12-23,PN-EQ-01,24.0,0.0,10512.4,274.7,520.0,
2027-02-20,PN-EQ-09,24.0,0.0,5389.1,106.3,260.0,
2026-07-15,PN-EQ-03,23.5,0.5,7891.0,277.1,380.0,
2027-06-22,PN-EQ-07,24.0,0.0,8298.0,204.1,350.0,
2026-04-23,PN-EQ-01,16.9,7.1,8327.3,250.3,520.0,
2027-01-07,PN-EQ-05,24.0,0.0,6364.4,58.8,300.0,
2026-08-20,PN-EQ-05,24.0,0.0,6398.6,93.0,300.0,
2026-05-28,PN-EQ-07,24.0,0.0,7918.1,155.9,350.0,
2026-03-01,PN-EQ-05,8.6,15.4,2411.7,46.1,300.0,
2026-10-24,PN-EQ-01,24.0,0.0,10386.4,174.0,520.0,
2026-07-18,PN-EQ-07,16.4,7.6,4715.5,13.4,350.0,
2026-11-06,PN-EQ-03,24.0,0.0,8477.8,78.6,380.0,
2027-09-17,PN-EQ-03,24.0,0.0,8393.7,64.2,380.0,
2027-01-22,PN-EQ-02,24.0,0.0,9761.0,241.0,430.0,
2027-10-26,PN-EQ-01,24.0,0.0,10861.5,279.2,520.0,
2026-11-19,PN-EQ-01,4.0,20.0,2004.3,16.1,520.0,
2026-11-07,PN-EQ-09,24.0,0.0,5474.0,107.5,260.0,
2026-05-01,PN-EQ-09,15.87,0.0,3909.9,25.0,260.0,1.0
2026-08-06,PN-EQ-10,13.3,10.7,5859.3,71.0,500.0,
2027-09-07,PN-EQ-04,24.0,0.0,9434.4,31.4,460.0,
2026-09-19,PN-EQ-03,24.0,0.0,8647.5,280.0,380.0,
2026-01-31,PN-EQ-07,24.0,0.0,6683.2,221.3,350.0,
2026-02-24,PN-EQ-09,19.93,0.0,4355.4,55.9,260.0,3.0
2027-02-01,PN-EQ-02,22.0,2.0,8151.5,143.1,430.0,
2027-07-04,PN-EQ-07,16.1,7.9,5253.7,132.8,350.0,
2026-04-03,PN-EQ-10,0.62,0.38,498.7,81.4,500.0,1.0
2026-02-08,PN-EQ-04,24.0,0.0,10484.5,161.8,460.0,
2026-02-26,PN-EQ-03,24.0,0.0,8083.2,171.6,380.0,
2026-12-11,PN-EQ-03,24.0,0.0,8042.8,135.2,380.0,
2027-01-23,PN-EQ-08,24.0,0.0,8483.7,184.9,400.0,
2026-05-12,PN-EQ-09,6.55,0.0,1521.5,32.1,260.0,2.0
2026-01-13,PN-EQ-05,15.8,8.2,4209.5,89.9,300.0,
2027-11-20,PN-EQ-04,24.0,0.0,10424.8,55.4,460.0,
2027-09-05,PN-EQ-07,24.0,0.0,8155.0,194.3,350.0,
2027-03-14,PN-EQ-01,24.0,0.0,12207.2,123.1,520.0,
2026-07-18,PN-EQ-04,24.0,0.0,10513.6,362.4,460.0,
2026-10-01,PN-EQ-02,24.0,0.0,9916.5,202.4,430.0,
2026-10-12,PN-EQ-09,24.0,0.0,4931.7,43.0,260.0,
2026-02-12,PN-EQ-04,24.0,0.0,9730.8,284.3,460.0,
2027-08-03,PN-EQ-08,24.0,0.0,7594.1,142.1,400.0,
2026-06-04,PN-EQ-04,24.0,0.0,9953.9,152.7,460.0,
2027-02-24,PN-EQ-02,24.0,0.0,9448.0,162.1,430.0,
2027-04-03,PN-EQ-06,24.0,0.0,6429.3,94.6,300.0,
2027-04-26,PN-EQ-04,21.0,3.0,8608.9,116.2,460.0,
2026-12-29,PN-EQ-05,24.0,0.0,7128.0,,300.0,
2026-09-20,PN-EQ-02,24.0,0.0,9504.8,60.4,430.0,
2027-05-30,PN-EQ-05,24.0,0.0,6052.3,108.2,300.0,
2026-11-21,PN-EQ-02,24.0,0.0,9594.2,68.5,430.0,
2026-02-04,PN-EQ-04,24.0,0.0,9798.8,277.3,460.0,
2026-06-29,PN-EQ-05,24.0,0.0,6646.7,182.1,300.0,
2027-04-06,PN-EQ-05,24.0,0.0,5872.8,122.3,300.0,
2026-06-21,PN-EQ-09,24.0,0.0,5376.5,105.5,260.0,
2027-12-09,PN-EQ-10,24.0,0.0,11177.0,344.8,500.0,
2027-06-12,PN-EQ-02,24.0,0.0,9036.3,184.1,430.0,
2027-11-18,PN-EQ-07,21.9,2.1,6717.8,99.1,350.0,
2027-07-10,PN-EQ-07,24.0,0.0,7990.2,88.9,350.0,
2027-09-21,PN-EQ-10,24.0,0.0,10266.0,305.5,500.0,
2027-12-13,PN-EQ-10,22.1,1.9,8680.0,,500.0,
2027-10-21,PN-EQ-07,22.3,1.7,6739.1,172.1,350.0,
2027-06-18,PN-EQ-08,24.0,0.0,8544.6,96.9,400.0,
2026-04-03,PN-EQ-01,24.0,0.0,10385.4,303.1,520.0,
2027-06-26,PN-EQ-08,7.6,16.4,2684.6,72.2,400.0,
2027-11-27,PN-EQ-07,24.0,0.0,7809.8,214.8,350.0,
2026-09-22,PN-EQ-09,23.3,0.7,4957.2,173.6,260.0,
2027-01-02,PN-EQ-02,24.0,0.0,9684.5,176.0,430.0,
2027-07-26,PN-EQ-03,24.0,0.0,7948.6,120.9,380.0,
2027-10-15,PN-EQ-01,24.0,0.0,10955.9,259.0,520.0,
2026-10-31,PN-EQ-10,24.0,0.0,10589.7,256.4,500.0,
2027-02-23,PN-EQ-07,16.9,7.1,5328.5,94.1,350.0,
2027-11-22,PN-EQ-05,24.0,0.0,6743.1,24.8,300.0,
2026-01-23,PN-EQ-08,24.0,0.0,9504.0,188.5,400.0,
2026-07-05,PN-EQ-06,17.3,6.7,4033.3,115.0,300.0,
2026-10-04,PN-EQ-04,6.5,17.5,2240.2,78.5,460.0,
2027-09-06,PN-EQ-04,24.0,0.0,10189.6,51.9,460.0,
2026-11-24,PN-EQ-09,24.0,0.0,6141.5,127.6,260.0,
2026-12-24,PN-EQ-10,24.0,0.0,11329.1,142.3,500.0,
2027-10-28,PN-EQ-10,20.9,3.1,9039.3,161.2,500.0,
2027-12-06,PN-EQ-01,24.0,0.0,10104.9,259.0,520.0,
2026-08-06,PN-EQ-05,4.0,20.0,1001.1,27.4,300.0,
2026-06-27,PN-EQ-02,24.0,0.0,9362.4,230.8,430.0,
2027-12-10,PN-EQ-02,18.9,5.1,7325.3,150.2,430.0,
2026-03-07,PN-EQ-04,24.0,0.0,10425.0,260.7,460.0,
2027-03-11,PN-EQ-05,24.0,0.0,5921.8,162.1,300.0,
2026-10-06,PN-EQ-09,24.0,0.0,5265.8,128.2,260.0,
2027-02-25,PN-EQ-08,24.0,0.0,8781.4,84.7,400.0,
2026-02-13,PN-EQ-10,15.2,0.22,6558.2,29.9,500.0,3.0
2027-10-27,PN-EQ-04,20.6,3.4,8284.6,158.6,460.0,
2026-03-07,PN-EQ-10,2.36,0.12,1033.3,181.3,500.0,3.0
2026-04-11,PN-EQ-06,24.0,0.0,6477.3,102.6,300.0,
2026-05-06,PN-EQ-03,4.0,20.0,1329.9,25.4,380.0,
2026-08-06,PN-EQ-07,24.0,0.0,7478.3,101.3,350.0,
2027-12-21,PN-EQ-07,22.4,1.6,6534.3,102.3,350.0,
2026-11-11,PN-EQ-03,24.0,0.0,6463.8,182.8,380.0,
2027-01-26,PN-EQ-08,24.0,0.0,8999.9,133.4,400.0,
2027-11-12,PN-EQ-02,24.0,0.0,9929.0,154.5,430.0,
2027-06-15,PN-EQ-01,21.7,2.3,9968.3,233.7,520.0,
2027-04-13,PN-EQ-04,24.0,0.0,10903.1,279.3,460.0,
2027-09-11,PN-EQ-01,24.0,0.0,10042.4,216.6,520.0,
2026-05-05,PN-EQ-04,24.0,0.0,9955.3,280.0,460.0,
2026-03-22,PN-EQ-09,15.65,0.0,3725.8,27.8,260.0,3.0
2026-07-27,PN-EQ-06,24.0,0.0,6133.0,197.1,300.0,
2026-06-23,PN-EQ-05,16.6,7.4,4424.7,81.0,300.0,
2026-08-01,PN-EQ-03,24.0,0.0,9028.8,134.4,380.0,
2027-03-17,PN-EQ-01,24.0,0.0,10705.4,237.3,520.0,
2027-09-01,PN-EQ-02,24.0,0.0,9787.7,127.0,430.0,
2027-01-13,PN-EQ-06,24.0,0.0,6241.1,132.1,300.0,
2027-11-08,PN-EQ-01,22.4,1.6,9872.6,231.9,520.0,
2027-10-23,PN-EQ-09,24.0,0.0,5941.1,126.8,260.0,
2026-12-07,PN-EQ-07,23.4,0.6,7528.5,170.0,350.0,
2026-07-22,PN-EQ-06,24.0,0.0,6592.4,142.3,300.0,
2026-04-14,PN-EQ-09,0.93,0.0,285.7,12.1,260.0,2.0
2027-05-22,PN-EQ-04,24.0,0.0,10717.6,257.9,460.0,
2027-10-12,PN-EQ-02,15.0,9.0,5778.1,79.8,430.0,
2026-03-20,PN-EQ-08,24.0,0.0,8099.0,203.9,400.0,
2026-01-30,PN-EQ-05,21.2,2.8,5735.2,59.4,300.0,
2027-02-22,PN-EQ-01,24.0,0.0,12077.3,304.9,520.0,
2027-10-28,PN-EQ-07,16.8,7.2,5045.2,98.5,350.0,
2027-07-11,PN-EQ-04,24.0,0.0,10122.9,180.6,460.0,
2026-04-03,PN-EQ-09,2.48,0.0,662.7,130.6,260.0,3.0
2027-06-06,PN-EQ-04,24.0,0.0,10495.4,121.5,460.0,
2026-04-23,PN-EQ-10,1.19,0.0,335.1,2.2,500.0,1.0
2027-01-12,PN-EQ-10,24.0,0.0,10548.1,114.5,500.0,
2026-04-29,PN-EQ-06,24.0,0.0,6113.4,93.5,300.0,
2026-03-16,PN-EQ-02,24.0,0.0,8289.9,,430.0,
2027-10-16,PN-EQ-03,24.0,0.0,8677.9,128.7,380.0,
2026-05-12,PN-EQ-04,24.0,0.0,9775.2,248.8,460.0,
2026-06-18,PN-EQ-05,24.0,0.0,6503.8,135.0,300.0,
2026-10-14,PN-EQ-06,24.0,0.0,6364.3,189.4,300.0,
2026-08-16,PN-EQ-08,16.1,7.9,6000.9,185.6,400.0,
2027-01-27,PN-EQ-03,24.0,0.0,7994.5,196.5,380.0,
2027-12-19,PN-EQ-09,24.0,0.0,5915.5,138.3,260.0,
2026-04-03,PN-EQ-09,3.67,0.0,775.0,2.0,260.0,1.0
2026-05-02,PN-EQ-09,12.66,0.0,3125.1,34.2,260.0,2.0
2026-06-20,PN-EQ-03,23.2,0.8,8370.5,141.4,380.0,
2026-08-14,PN-EQ-03,24.0,0.0,8078.5,121.4,380.0,
2027-04-14,PN-EQ-10,24.0,0.0,10825.1,276.2,500.0,
2026-04-24,PN-EQ-09,1.54,0.0,194.1,37.9,260.0,1.0
2027-07-07,PN-EQ-06,21.4,2.6,6116.0,117.0,300.0,
2027-09-21,PN-EQ-01,24.0,0.0,11110.4,126.5,520.0,
2027-02-27,PN-EQ-01,24.0,0.0,11111.6,242.1,520.0,
2027-12-03,PN-EQ-05,20.6,3.4,5727.8,75.5,300.0,
2027-05-26,PN-EQ-02,24.0,0.0,10055.0,186.0,430.0,
2026-11-28,PN-EQ-09,24.0,0.0,5879.0,172.2,260.0,
2026-11-21,PN-EQ-07,24.0,0.0,7503.4,257.2,350.0,
2027-05-29,PN-EQ-08,24.0,0.0,7979.7,126.8,400.0,
2027-04-12,PN-EQ-03,24.0,0.0,8231.6,120.7,380.0,
2026-10-05,PN-EQ-08,24.0,0.0,8153.3,226.3,400.0,
2027-12-09,PN-EQ-03,23.3,0.7,7852.2,175.1,380.0,
2026-07-02,PN-EQ-05,24.0,0.0,7128.0,204.4,300.0,
2026-07-13,PN-EQ-03,24.0,0.0,7368.2,130.1,380.0,
2027-12-12,PN-EQ-01,24.0,0.0,11360.7,267.0,520.0,
2026-04-15,PN-EQ-03,21.4,2.6,7450.7,195.2,380.0,
2027-02-15,PN-EQ-06,24.0,0.0,6061.2,33.6,300.0,
2026-04-16,PN-EQ-01,4.0,20.0,1746.7,7.2,520.0,
2027-03-13,PN-EQ-07,24.0,0.0,7101.9,167.3,350.0,
2026-05-22,PN-EQ-03,24.0,0.0,8461.6,165.3,380.0,
2027-08-16,PN-EQ-08,24.0,0.0,8051.9,176.9,400.0,
2027-01-23,PN-EQ-04,18.3,5.7,7314.8,68.9,460.0,
2027-07-22,PN-EQ-09,24.0,0.0,5974.9,114.7,260.0,
2026-03-28,PN-EQ-10,2.99,0.33,1325.7,5.9,500.0,1.0
2027-05-20,PN-EQ-05,24.0,0.0,6777.4,150.0,300.0,
2026-04-24,PN-EQ-10,16.74,0.0,7125.2,17.6,500.0,1.0
2027-02-06,PN-EQ-04,24.0,0.0,10004.1,,460.0,
2026-06-22,PN-EQ-08,24.0,0.0,8777.8,269.0,400.0,
2026-05-06,PN-EQ-06,4.0,20.0,1042.7,28.9,300.0,
2026-10-06,PN-EQ-08,24.0,0.0,8902.5,186.0,400.0,
2027-06-21,PN-EQ-04,19.4,4.6,8335.1,154.1,460.0,
2027-10-17,PN-EQ-05,15.0,9.0,4361.1,116.7,300.0,
2026-10-20,PN-EQ-10,19.9,4.1,8039.4,37.3,500.0,
2026-04-28,PN-EQ-03,24.0,0.0,7977.4,221.7,380.0,
2026-04-01,PN-EQ-10,1.33,0.0,935.7,36.3,500.0,3.0
2026-05-11,PN-EQ-10,7.39,0.0,3117.6,4.8,500.0,3.0
2026-05-10,PN-EQ-04,24.0,0.0,10640.9,203.1,460.0,
2027-08-25,PN-EQ-01,24.0,0.0,11420.9,301.8,520.0,
2026-03-30,PN-EQ-08,24.0,0.0,9264.1,229.3,400.0,
2026-04-17,PN-EQ-05,24.0,0.0,6136.6,137.4,300.0,
2026-08-08,PN-EQ-08,24.0,0.0,8703.5,57.0,400.0,
2027-10-09,PN-EQ-06,24.0,0.0,5996.2,162.9,300.0,
2027-06-10,PN-EQ-01,24.0,0.0,11271.0,77.2,520.0,
2026-08-03,PN-EQ-05,17.0,7.0,4578.8,51.5,300.0,
2026-08-07,PN-EQ-07,24.0,0.0,8177.5,177.5,350.0,
2027-02-24,PN-EQ-08,24.0,0.0,8948.0,215.7,400.0,
2026-09-30,PN-EQ-02,22.5,1.5,8642.7,12.3,430.0,
2026-08-28,PN-EQ-02,23.4,0.6,8523.2,129.6,430.0,
2026-10-09,PN-EQ-01,24.0,0.0,10944.7,138.0,520.0,
2027-04-18,PN-EQ-06,23.0,1.0,6366.0,166.5,300.0,
2026-06-01,PN-EQ-06,20.7,3.3,5810.2,138.1,300.0,
2026-03-27,PN-EQ-10,3.88,0.0,1836.2,149.6,500.0,2.0
2026-06-23,PN-EQ-08,15.9,8.1,5092.2,185.7,400.0,
2026-01-10,PN-EQ-08,18.7,5.3,7102.6,76.3,400.0,
2026-06-18,PN-EQ-03,15.7,8.3,5467.5,74.5,380.0,
2026-12-19,PN-EQ-05,24.0,0.0,6497.2,139.8,300.0,
2027-05-14,PN-EQ-03,24.0,0.0,8808.9,53.3,380.0,
2027-08-10,PN-EQ-04,18.7,5.3,7580.8,264.4,460.0,
2027-09-04,PN-EQ-02,24.0,0.0,8432.9,64.6,430.0,
2027-01-22,PN-EQ-04,24.0,0.0,9921.8,273.7,460.0,
2026-01-12,PN-EQ-04,15.8,8.2,6311.1,70.7,460.0,
2026-02-19,PN-EQ-02,24.0,0.0,9854.3,304.4,430.0,
2026-03-12,PN-EQ-10,4.74,0.0,2055.9,77.4,500.0,1.0
2027-05-13,PN-EQ-08,24.0,0.0,8597.1,270.7,400.0,
2026-02-10,PN-EQ-07,24.0,0.0,7899.4,233.2,350.0,
2026-10-10,PN-EQ-08,24.0,0.0,9198.2,256.6,400.0,
2026-05-15,PN-EQ-08,24.0,0.0,9029.4,354.3,400.0,
2026-01-18,PN-EQ-01,24.0,0.0,11541.4,177.2,520.0,
2026-09-28,PN-EQ-07,15.7,8.3,5089.8,93.6,350.0,
2027-04-27,PN-EQ-10,24.0,0.0,10647.6,293.9,500.0,
2027-03-02,PN-EQ-02,22.7,1.3,8997.1,111.8,430.0,
2027-11-21,PN-EQ-01,24.0,0.0,11441.2,294.8,520.0,
2027-02-12,PN-EQ-03,24.0,0.0,7635.0,119.7,380.0,
2027-09-17,PN-EQ-04,19.3,4.7,8322.3,146.6,460.0,
2026-06-20,PN-EQ-06,24.0,0.0,6228.8,76.1,300.0,
2027-07-21,PN-EQ-02,24.0,0.0,9419.9,120.4,430.0,
2027-01-20,PN-EQ-05,24.0,0.0,6073.1,74.7,300.0,
2027-04-22,PN-EQ-10,14.1,9.9,6398.4,136.7,500.0,
2027-04-19,PN-EQ-01,24.0,0.0,11568.2,170.7,520.0,
2027-05-11,PN-EQ-02,24.0,0.0,9195.8,285.1,430.0,
2027-02-15,PN-EQ-01,24.0,0.0,11860.1,123.1,520.0,
2027-09-24,PN-EQ-07,24.0,0.0,7715.6,94.3,350.0,
2026-05-08,PN-EQ-03,24.0,0.0,8500.0,192.6,380.0,
2027-01-23,PN-EQ-01,24.0,0.0,11757.0,147.6,520.0,
2027-09-18,PN-EQ-05,24.0,0.0,6805.0,180.1,300.0,
2027-04-25,PN-EQ-03,24.0,0.0,8201.8,101.9,380.0,
2026-10-18,PN-EQ-03,20.8,3.2,7116.4,101.6,380.0,
2027-02-03,PN-EQ-01,24.0,0.0,11716.7,210.8,520.0,
2027-04-07,PN-EQ-04,24.0,0.0,10876.3,210.4,460.0,
2027-10-13,PN-EQ-04,24.0,0.0,10332.5,208.6,460.0,
2026-07-18,PN-EQ-05,24.0,0.0,6875.2,8.3,300.0,
2027-11-03,PN-EQ-02,24.0,0.0,8707.2,286.1,430.0,
2027-05-27,PN-EQ-02,24.0,0.0,8682.4,88.2,430.0,
2027-06-20,PN-EQ-08,24.0,0.0,8548.2,188.1,400.0,
2027-06-08,PN-EQ-03,15.8,8.2,5895.1,193.3,380.0,
2026-05-06,PN-EQ-02,24.0,0.0,9054.6,135.4,430.0,
2027-06-20,PN-EQ-02,23.5,0.5,8809.7,157.0,430.0,
2027-05-21,PN-EQ-02,24.0,0.0,9961.5,327.1,430.0,
2026-11-22,PN-EQ-07,16.7,7.3,5311.5,148.5,350.0,
2026-03-28,PN-EQ-08,21.7,2.3,8573.6,284.9,400.0,
2026-08-22,PN-EQ-10,24.0,0.0,11724.8,160.4,500.0,
2027-10-12,PN-EQ-04,24.0,0.0,8957.9,170.9,460.0,
2026-01-15,PN-EQ-02,24.0,0.0,8601.3,304.9,430.0,
2027-11-30,PN-EQ-03,24.0,0.0,8462.4,,380.0,
2027-06-07,PN-EQ-02,5.1,18.9,2057.9,29.2,430.0,
2026-01-10,PN-EQ-04,24.0,0.0,9167.7,,460.0,
2026-03-19,PN-EQ-10,0.48,0.0,273.7,134.6,500.0,1.0
2026-05-12,PN-EQ-05,24.0,0.0,6105.2,158.3,300.0,
2027-06-09,PN-EQ-08,12.9,11.1,4928.4,81.4,400.0,
2027-06-04,PN-EQ-08,18.9,5.1,6788.9,71.1,400.0,
2027-12-25,PN-EQ-07,24.0,0.0,7344.7,188.7,350.0,
2027-11-28,PN-EQ-09,24.0,0.0,5752.2,76.8,260.0,
2027-09-25,PN-EQ-05,24.0,0.0,6570.4,178.0,300.0,
2027-07-02,PN-EQ-06,24.0,0.0,6406.5,81.8,300.0,
2026-09-18,PN-EQ-06,24.0,0.0,6598.3,159.0,300.0,
2026-01-10,PN-EQ-10,17.2,6.8,7945.8,126.7,500.0,
2026-11-23,PN-EQ-01,24.0,0.0,11833.9,258.2,520.0,
2027-04-17,PN-EQ-06,24.0,0.0,6723.5,97.1,300.0,
2027-04-22,PN-EQ-05,24.0,0.0,6465.8,209.9,300.0,
2027-03-02,PN-EQ-05,15.6,8.4,4273.9,66.4,300.0,
2027-10-10,PN-EQ-02,20.0,4.0,7274.7,140.1,430.0,
2026-04-30,PN-EQ-10,0.26,2.93,103.6,2.3,500.0,1.0
2026-11-30,PN-EQ-06,24.0,0.0,6887.8,226.8,300.0,
2026-12-10,PN-EQ-05,24.0,0.0,6976.6,114.7,300.0,
2026-05-30,PN-EQ-07,24.0,0.0,6767.5,162.9,350.0,
2026-10-22,PN-EQ-06,23.3,0.7,6634.1,226.9,300.0,
2026-02-01,PN-EQ-01,24.0,0.0,12355.2,215.9,520.0,
2027-10-22,PN-EQ-01,24.0,0.0,11432.0,344.9,520.0,
2026-07-28,PN-EQ-08,24.0,0.0,8946.2,193.2,400.0,
2027-05-26,PN-EQ-05,24.0,0.0,6480.9,219.1,300.0,
2026-07-14,PN-EQ-03,19.1,4.9,6752.5,183.8,380.0,
2027-11-07,PN-EQ-02,19.9,4.1,8084.0,56.7,430.0,
2026-05-07,PN-EQ-09,6.74,0.0,1460.4,40.8,260.0,1.0
2026-05-05,PN-EQ-07,24.0,0.0,6960.4,92.8,350.0,
2027-01-15,PN-EQ-04,23.5,0.5,10371.8,168.5,460.0,
2026-01-24,PN-EQ-01,24.0,0.0,10985.7,346.1,520.0,
2026-03-20,PN-EQ-04,24.0,0.0,9755.8,159.2,460.0,
2027-04-05,PN-EQ-08,24.0,0.0,9363.5,177.8,400.0,
2026-05-17,PN-EQ-02,24.0,0.0,8429.1,154.0,430.0,
2026-10-11,PN-EQ-06,24.0,0.0,6037.8,141.6,300.0,
2027-09-20,PN-EQ-07,24.0,0.0,7632.5,153.5,350.0,
2027-05-27,PN-EQ-06,24.0,0.0,6845.8,,300.0,
2027-12-18,PN-EQ-05,19.7,4.3,5448.2,62.1,300.0,
2027-05-24,PN-EQ-02,24.0,0.0,8868.1,269.9,430.0,
2027-11-22,PN-EQ-06,24.0,0.0,5922.3,151.8,300.0,
2027-07-09,PN-EQ-03,24.0,0.0,8353.1,27.9,380.0,
2027-09-07,PN-EQ-09,24.0,0.0,5897.4,86.0,260.0,
2027-04-06,PN-EQ-07,24.0,0.0,7779.8,83.5,350.0,
2026-11-06,PN-EQ-01,24.0,0.0,12207.8,223.9,520.0,
2026-08-06,PN-EQ-06,24.0,0.0,5975.6,126.5,300.0,
2027-06-30,PN-EQ-02,24.0,0.0,9668.1,117.2,430.0,
2026-07-13,PN-EQ-01,13.9,10.1,6245.8,159.0,520.0,
2027-08-12,PN-EQ-05,24.0,0.0,6416.0,139.9,300.0,
2026-03-22,PN-EQ-07,24.0,0.0,8140.9,176.1,350.0,
2026-01-30,PN-EQ-01,24.0,0.0,12017.9,207.9,520.0,
2026-08-09,PN-EQ-05,24.0,0.0,6615.4,72.4,300.0,
2027-05-07,PN-EQ-01,24.0,0.0,11368.6,367.4,520.0,
2026-05-22,PN-EQ-08,24.0,0.0,8362.2,221.3,400.0,
2026-06-15,PN-EQ-09,24.0,0.0,5745.7,87.4,260.0,
2027-05-20,PN-EQ-01,24.0,0.0,11894.9,107.0,520.0,
2026-05-05,PN-EQ-10,10.49,0.0,4299.3,3.0,500.0,1.0
2026-04-25,PN-EQ-06,24.0,0.0,6363.0,119.4,300.0,
2026-05-07,PN-EQ-03,22.4,1.6,8426.9,24.3,380.0,
2026-03-31,PN-EQ-02,24.0,0.0,8946.7,108.7,430.0,
2026-04-27,PN-EQ-03,24.0,0.0,8531.2,25.6,380.0,
2026-04-09,PN-EQ-08,24.0,0.0,8367.9,163.8,400.0,
2026-11-10,PN-EQ-04,22.1,1.9,9280.0,246.9,460.0,
2026-09-27,PN-EQ-01,24.0,0.0,10890.3,248.0,520.0,
2026-02-18,PN-EQ-08,24.0,0.0,8926.3,138.9,400.0,
2026-01-22,PN-EQ-10,24.0,0.0,10398.1,269.1,500.0,
2026-10-07,PN-EQ-09,24.0,0.0,6010.8,117.7,260.0,
2026-05-11,PN-EQ-05,22.8,1.2,6104.4,165.2,300.0,
2026-07-09,PN-EQ-09,24.0,0.0,5012.8,132.4,260.0,
2026-10-21,PN-EQ-02,24.0,0.0,8701.2,126.4,430.0,
2027-03-28,PN-EQ-08,24.0,0.0,7820.7,210.5,400.0,
2027-10-20,PN-EQ-02,24.0,0.0,9406.3,207.2,430.0,
2027-03-09,PN-EQ-02,24.0,0.0,9507.1,218.1,430.0,
2026-03-31,PN-EQ-09,16.1,0.75,3829.6,33.1,260.0,2.0
2026-05-12,PN-EQ-03,24.0,0.0,7391.4,88.3,380.0,
2027-09-09,PN-EQ-03,24.0,0.0,8216.5,106.3,380.0,
2026-03-19,PN-EQ-08,21.5,2.5,8064.6,112.7,400.0,
2027-08-01,PN-EQ-09,22.1,1.9,5208.7,134.2,260.0,
2026-05-27,PN-EQ-07,24.0,0.0,7214.5,139.2,350.0,
2026-10-24,PN-EQ-07,24.0,0.0,8019.7,139.8,350.0,
2027-11-09,PN-EQ-04,21.4,2.6,8711.9,213.6,460.0,
2027-07-03,PN-EQ-03,22.7,1.3,7057.0,,380.0,
2027-01-17,PN-EQ-09,24.0,0.0,5844.7,73.4,260.0,
2026-03-03,PN-EQ-02,24.0,0.0,9704.5,,430.0,
2027-10-26,PN-EQ-06,24.0,0.0,6046.2,115.2,300.0,
2027-10-15,PN-EQ-02,24.0,0.0,9983.4,235.1,430.0,
2026-02-28,PN-EQ-02,22.8,1.2,9426.3,216.2,430.0,
2027-06-11,PN-EQ-06,24.0,0.0,6384.9,156.8,300.0,
2026-10-01,PN-EQ-04,24.0,0.0,10557.8,226.9,460.0,
2026-11-24,PN-EQ-08,24.0,0.0,9093.4,195.1,400.0,
2026-09-11,PN-EQ-05,24.0,0.0,6361.6,156.4,300.0,
2026-05-09,PN-EQ-02,24.0,0.0,10216.8,61.1,430.0,
2026-03-06,PN-EQ-03,24.0,0.0,8606.9,159.7,380.0,
2027-06-14,PN-EQ-03,24.0,0.0,8646.5,126.0,380.0,
2026-02-11,PN-EQ-04,24.0,0.0,9485.1,276.8,460.0,
2027-02-10,PN-EQ-04,21.8,2.2,8527.2,198.3,460.0,
2026-11-06,PN-EQ-10,24.0,0.0,10645.1,175.2,500.0,
2027-05-07,PN-EQ-10,24.0,0.0,9704.8,273.3,500.0,
2027-05-19,PN-EQ-10,24.0,0.0,10773.3,94.6,500.0,
2026-09-18,PN-EQ-04,24.0,0.0,9976.9,61.3,460.0,
2027-06-02,PN-EQ-02,24.0,0.0,9133.1,206.6,430.0,
2026-05-11,PN-EQ-09,14.03,0.02,3050.3,51.6,260.0,2.0
2027-05-22,PN-EQ-01,23.0,1.0,10119.6,196.6,520.0,
2026-01-22,PN-EQ-03,24.0,0.0,8593.3,226.3,380.0,
2027-11-09,PN-EQ-05,15.4,8.6,4192.6,74.5,300.0,
2026-03-15,PN-EQ-03,17.3,6.7,6398.3,114.1,380.0,
2026-09-29,PN-EQ-05,4.0,20.0,1131.3,33.4,300.0,
2026-02-21,PN-EQ-09,8.16,0.0,1848.7,82.0,260.0,2.0
2026-04-01,PN-EQ-07,24.0,0.0,7892.0,173.4,350.0,
2026-07-06,PN-EQ-07,23.5,0.5,7123.4,109.0,350.0,
2026-03-13,PN-EQ-09,1.02,0.0,314.8,26.4,260.0,3.0
2026-05-26,PN-EQ-05,24.0,0.0,6489.7,147.1,300.0,
2027-02-26,PN-EQ-01,24.0,0.0,11347.5,237.4,520.0,
2026-02-10,PN-EQ-02,21.3,2.7,7842.2,140.3,430.0,
2026-11-25,PN-EQ-03,24.0,0.0,8005.9,95.3,380.0,
2027-02-03,PN-EQ-04,24.0,0.0,9947.4,299.2,460.0,
2026-08-12,PN-EQ-09,24.0,0.0,5360.8,108.2,260.0,
2027-11-08,PN-EQ-10,16.8,7.2,7150.7,90.2,500.0,
2026-03-05,PN-EQ-05,24.0,0.0,6664.8,190.0,300.0,
2026-04-13,PN-EQ-10,12.62,0.0,5906.0,224.2,500.0,1.0
2027-01-19,PN-EQ-01,24.0,0.0,12341.4,246.7,520.0,
2026-12-23,PN-EQ-09,24.0,0.0,5506.5,160.7,260.0,
2026-06-16,PN-EQ-08,22.7,1.3,8949.0,236.4,400.0,
2026-08-20,PN-EQ-06,24.0,0.0,7128.0,221.0,300.0,
2027-01-29,PN-EQ-01,24.0,0.0,11789.3,220.3,520.0,
2026-08-22,PN-EQ-01,24.0,0.0,10722.4,,520.0,
2027-03-16,PN-EQ-09,24.0,0.0,5645.9,0.0,260.0,
2027-05-02,PN-EQ-04,20.2,3.8,8326.2,135.3,460.0,
2027-12-04,PN-EQ-01,24.0,0.0,11711.5,264.4,520.0,
2027-08-07,PN-EQ-07,24.0,0.0,7368.1,184.0,350.0,
2027-01-17,PN-EQ-06,24.0,0.0,6582.9,128.7,300.0,
2026-04-21,PN-EQ-09,7.25,0.0,1916.9,11.7,260.0,3.0
2027-10-23,PN-EQ-02,24.0,0.0,9871.7,217.6,430.0,
2027-12-14,PN-EQ-04,24.0,0.0,9926.0,207.0,460.0,
2027-03-18,PN-EQ-10,24.0,0.0,11205.1,195.0,500.0,
2026-10-28,PN-EQ-02,24.0,0.0,9412.0,109.8,430.0,
2027-06-04,PN-EQ-04,24.0,0.0,10484.7,157.2,460.0,
2027-10-28,PN-EQ-02,24.0,0.0,8693.6,159.4,430.0,
2026-05-29,PN-EQ-04,21.4,2.6,8735.2,82.0,460.0,
2027-08-10,PN-EQ-05,24.0,0.0,7128.0,246.9,300.0,
2026-11-25,PN-EQ-10,24.0,0.0,10321.1,213.6,500.0,
2027-06-24,PN-EQ-07,24.0,0.0,8090.5,143.0,350.0,
2026-01-16,PN-EQ-03,15.1,8.9,5087.2,41.3,380.0,
2026-03-22,PN-EQ-09,5.2,0.0,1157.5,30.5,260.0,1.0
2027-09-19,PN-EQ-07,12.5,11.5,3876.7,116.8,350.0,
2026-02-11,PN-EQ-10,10.82,2.33,5040.3,51.5,500.0,1.0
2026-03-23,PN-EQ-09,4.68,0.0,1209.3,104.2,260.0,3.0
2026-09-26,PN-EQ-08,24.0,0.0,8629.4,31.3,400.0,
2027-03-21,PN-EQ-08,20.9,3.1,8189.1,216.8,400.0,
2027-09-11,PN-EQ-07,24.0,0.0,7146.2,212.9,350.0,
2026-03-21,PN-EQ-01,24.0,0.0,10548.9,10.6,520.0,
2026-07-07,PN-EQ-08,18.1,5.9,6226.1,141.1,400.0,
2027-01-21,PN-EQ-06,24.0,0.0,7128.0,241.0,300.0,
2027-09-30,PN-EQ-02,24.0,0.0,8858.0,134.9,430.0,
2026-06-28,PN-EQ-06,24.0,0.0,7029.2,203.4,300.0,
2027-12-22,PN-EQ-06,24.0,0.0,5887.0,171.7,300.0,
2026-01-25,PN-EQ-04,24.0,0.0,9648.1,203.4,460.0,
2027-05-22,PN-EQ-07,23.5,0.5,7797.3,266.3,350.0,
2026-12-12,PN-EQ-03,24.0,0.0,7951.1,75.9,380.0,
2026-11-28,PN-EQ-03,23.5,0.5,8206.8,116.9,380.0,
2026-12-13,PN-EQ-10,18.8,5.2,9123.4,216.2,500.0,
2027-09-24,PN-EQ-06,24.0,0.0,6547.7,93.8,300.0,
2026-03-10,PN-EQ-08,4.0,20.0,1491.6,32.5,400.0,
2027-10-19,PN-EQ-04,22.6,1.4,9294.4,223.3,460.0,
2027-03-22,PN-EQ-10,24.0,0.0,11880.0,303.6,500.0,
2027-09-24,PN-EQ-10,24.0,0.0,10913.4,111.1,500.0,
2026-10-06,PN-EQ-03,24.0,0.0,8471.0,220.7,380.0,
2026-05-18,PN-EQ-04,24.0,0.0,9635.5,183.3,460.0,
2027-12-31,PN-EQ-02,23.5,0.5,9235.3,356.7,430.0,
2026-02-16,PN-EQ-09,0.46,0.0,129.8,4.0,260.0,1.0
2027-06-21,PN-EQ-05,24.0,0.0,6625.5,155.7,300.0,
2027-11-22,PN-EQ-03,24.0,0.0,8542.4,161.5,380.0,
2026-10-19,PN-EQ-01,24.0,0.0,11291.2,349.7,520.0,
2026-12-05,PN-EQ-05,24.0,0.0,6160.7,99.1,300.0,
2027-09-28,PN-EQ-02,12.1,11.9,5055.1,164.9,430.0,
2026-05-25,PN-EQ-08,24.0,0.0,8463.2,112.9,400.0,
2026-01-20,PN-EQ-03,24.0,0.0,8631.9,262.7,380.0,
2027-05-29,PN-EQ-09,24.0,0.0,5530.3,188.8,260.0,
2027-05-10,PN-EQ-09,24.0,0.0,5705.2,157.7,260.0,
2026-03-31,PN-EQ-10,0.68,0.0,491.8,16.1,500.0,3.0
2027-09-12,PN-EQ-09,24.0,0.0,5623.0,143.8,260.0,
2027-02-15,PN-EQ-08,23.3,0.7,8541.7,117.6,400.0,
2027-01-16,PN-EQ-08,24.0,0.0,8386.9,195.6,400.0,
2026-02-23,PN-EQ-08,24.0,0.0,8228.3,125.8,400.0,
2027-12-08,PN-EQ-05,24.0,0.0,6569.0,53.6,300.0,
2026-06-22,PN-EQ-05,24.0,0.0,6164.0,163.6,300.0,
2026-03-30,PN-EQ-09,1.5,0.0,347.4,94.5,260.0,3.0
2026-09-22,PN-EQ-03,24.0,0.0,7803.0,219.2,380.0,
2026-05-30,PN-EQ-05,23.4,0.6,6039.3,160.4,300.0,
2027-08-21,PN-EQ-05,24.0,0.0,6885.2,55.6,300.0,
2027-08-25,PN-EQ-04,17.3,6.7,6820.7,195.6,460.0,
2026-10-27,PN-EQ-07,24.0,0.0,7336.7,87.8,350.0,
2026-12-01,PN-EQ-07,20.5,3.5,6934.0,188.0,350.0,
2026-04-21,PN-EQ-10,5.55,0.0,2563.6,52.4,500.0,3.0
2027-08-07,PN-EQ-04,16.4,7.6,5826.3,152.8,460.0,
2027-03-03,PN-EQ-09,24.0,0.0,5724.5,82.5,260.0,
2027-03-03,PN-EQ-01,24.0,0.0,10887.5,155.0,520.0,
2026-05-10,PN-EQ-10,19.43,0.0,8688.5,72.5,500.0,2.0
2027-07-04,PN-EQ-10,24.0,0.0,10818.5,79.5,500.0,
2026-12-06,PN-EQ-07,24.0,0.0,8316.0,146.1,350.0,
2027-01-05,PN-EQ-01,24.0,0.0,11105.0,85.1,520.0,
2027-10-30,PN-EQ-06,24.0,0.0,6642.5,112.1,300.0,
2026-05-04,PN-EQ-06,24.0,0.0,6504.3,80.9,300.0,
2027-04-22,PN-EQ-01,24.0,0.0,10984.0,177.4,520.0,
2027-04-10,PN-EQ-02,24.0,0.0,9265.3,99.4,430.0,
2027-12-27,PN-EQ-01,7.0,17.0,3345.8,63.2,520.0,
2027-05-01,PN-EQ-08,24.0,0.0,8240.7,243.8,400.0,
2026-10-29,PN-EQ-08,24.0,0.0,8503.4,118.9,400.0,
2027-11-05,PN-EQ-10,24.0,0.0,11410.8,110.9,500.0,
2026-06-27,PN-EQ-01,24.0,0.0,12065.2,193.0,520.0,
2026-12-04,PN-EQ-10,16.2,7.8,7029.9,188.0,500.0,
2026-06-12,PN-EQ-07,21.3,2.7,6912.7,173.4,350.0,
2027-06-12,PN-EQ-03,24.0,0.0,9028.8,89.9,380.0,
2027-03-22,PN-EQ-09,24.0,0.0,5683.8,86.2,260.0,
2026-08-08,PN-EQ-03,24.0,0.0,8111.2,102.5,380.0,
2026-06-25,PN-EQ-02,23.3,0.7,8104.8,138.0,430.0,
2027-08-22,PN-EQ-03,24.0,0.0,8476.0,35.6,380.0,
2026-11-20,PN-EQ-01,24.0,0.0,11612.9,430.7,520.0,
2026-12-15,PN-EQ-10,24.0,0.0,9944.1,179.4,500.0,
2026-08-21,PN-EQ-05,17.4,6.6,5167.8,92.7,300.0,
2027-06-15,PN-EQ-03,24.0,0.0,7911.8,19.1,380.0,
2027-10-06,PN-EQ-07,24.0,0.0,7329.8,79.7,350.0,
2027-04-03,PN-EQ-05,24.0,0.0,5848.0,177.6,300.0,
2027-08-23,PN-EQ-03,24.0,0.0,7184.8,180.3,380.0,
2026-04-06,PN-EQ-10,8.17,0.35,3627.0,67.8,500.0,1.0
2026-03-23,PN-EQ-01,24.0,0.0,10369.2,157.8,520.0,
2027-02-14,PN-EQ-07,24.0,0.0,7399.3,222.9,350.0,
2027-04-18,PN-EQ-07,24.0,0.0,7966.1,135.2,350.0,
2027-09-18,PN-EQ-07,19.0,5.0,5743.2,116.9,350.0,
2027-04-14,PN-EQ-03,24.0,0.0,8143.2,184.0,380.0,
2026-03-02,PN-EQ-05,24.0,0.0,6346.5,86.4,300.0,
2026-03-01,PN-EQ-01,24.0,0.0,10441.3,203.6,520.0,
2027-07-28,PN-EQ-09,24.0,0.0,5361.8,160.9,260.0,
2027-02-27,PN-EQ-06,24.0,0.0,5975.6,147.1,300.0,
2027-07-17,PN-EQ-09,24.0,0.0,5979.8,156.6,260.0,
2027-08-27,PN-EQ-06,24.0,0.0,6333.3,177.8,300.0,
2026-07-09,PN-EQ-08,24.0,0.0,8039.9,81.9,400.0,
2026-02-17,PN-EQ-10,3.38,0.0,1356.1,186.6,500.0,2.0
2026-07-09,PN-EQ-07,24.0,0.0,6990.9,235.8,350.0,
2026-11-29,PN-EQ-08,24.0,0.0,8534.9,345.6,400.0,
2026-08-05,PN-EQ-05,24.0,0.0,6509.8,0.0,300.0,
2026-09-17,PN-EQ-01,15.7,8.3,7635.7,179.5,520.0,
2026-03-15,PN-EQ-09,12.36,0.0,3046.5,51.4,260.0,3.0
2027-11-18,PN-EQ-08,24.0,0.0,9184.4,134.1,400.0,
2026-12-28,PN-EQ-03,24.0,0.0,7999.9,118.1,380.0,
2027-11-13,PN-EQ-09,24.0,0.0,4929.1,49.5,260.0,
2026-04-16,PN-EQ-03,15.5,8.5,5360.6,58.4,380.0,
2027-03-01,PN-EQ-09,24.0,0.0,6126.2,76.2,260.0,
2026-09-22,PN-EQ-02,24.0,0.0,9920.4,158.6,430.0,
2026-10-20,PN-EQ-07,7.9,16.1,2494.6,41.5,350.0,
2027-03-31,PN-EQ-07,24.0,0.0,7789.1,97.4,350.0,
2027-06-19,PN-EQ-07,24.0,0.0,7667.5,80.5,350.0,
2027-08-01,PN-EQ-04,24.0,0.0,10294.6,105.6,460.0,
2027-09-19,PN-EQ-06,24.0,0.0,7097.7,,300.0,
2026-02-02,PN-EQ-08,24.0,0.0,8709.7,156.2,400.0,
2027-06-13,PN-EQ-09,24.0,0.0,5536.2,89.2,260.0,
2026-05-02,PN-EQ-01,24.0,0.0,11150.4,279.4,520.0,
2027-08-15,PN-EQ-02,17.5,6.5,7152.8,232.4,430.0,
2026-06-09,PN-EQ-05,24.0,0.0,6581.9,137.4,300.0,
2026-12-10,PN-EQ-08,24.0,0.0,8692.1,259.2,400.0,
2027-03-31,PN-EQ-09,24.0,0.0,5563.8,195.3,260.0,
2027-11-19,PN-EQ-07,24.0,0.0,6771.6,196.8,350.0,
2027-01-06,PN-EQ-05,24.0,0.0,6710.6,144.6,300.0,
2027-02-23,PN-EQ-02,24.0,0.0,9050.4,172.4,430.0,
2027-10-31,PN-EQ-09,24.0,0.0,5326.6,64.0,260.0,
2027-08-15,PN-EQ-04,24.0,0.0,9479.9,163.6,460.0,
2027-12-17,PN-EQ-08,24.0,0.0,8529.7,240.3,400.0,
2027-08-11,PN-EQ-04,24.0,0.0,10929.6,,460.0,
2026-04-06,PN-EQ-04,24.0,0.0,9774.9,199.3,460.0,
2027-05-23,PN-EQ-06,24.0,0.0,5932.7,144.1,300.0,
2026-08-05,PN-EQ-06,23.0,1.0,6135.5,125.9,300.0,
2027-04-02,PN-EQ-04,24.0,0.0,10927.5,148.2,460.0,
2027-05-02,PN-EQ-03,23.0,1.0,7275.5,,380.0,
2026-07-03,PN-EQ-08,24.0,0.0,8239.7,98.6,400.0,
2026-03-02,PN-EQ-02,9.6,14.4,3747.3,120.4,430.0,
2026-09-07,PN-EQ-05,20.3,3.7,5622.7,122.2,300.0,
2026-04-12,PN-EQ-09,9.55,0.0,2287.4,101.7,260.0,2.0
2027-04-18,PN-EQ-04,24.0,0.0,10091.1,203.2,460.0,
2027-01-13,PN-EQ-01,24.0,0.0,10314.8,127.1,520.0,
2027-04-14,PN-EQ-05,24.0,0.0,6222.7,111.4,300.0,
2026-04-12,PN-EQ-10,1.45,0.0,739.7,129.9,500.0,1.0
2026-05-01,PN-EQ-10,5.5,0.0,2429.8,103.2,500.0,2.0
2026-01-25,PN-EQ-06,21.8,2.2,6078.8,208.0,300.0,
2027-02-05,PN-EQ-09,24.0,0.0,5692.9,98.8,260.0,
2027-05-11,PN-EQ-09,24.0,0.0,5674.6,174.9,260.0,
2027-02-10,PN-EQ-07,24.0,0.0,6890.2,75.1,350.0,
2026-09-20,PN-EQ-05,24.0,0.0,6145.3,99.5,300.0,
2027-08-18,PN-EQ-09,24.0,0.0,5697.1,65.4,260.0,
2026-01-22,PN-EQ-02,24.0,0.0,9377.9,194.2,430.0,
2027-07-16,PN-EQ-02,24.0,0.0,8937.1,273.1,430.0,
2026-03-03,PN-EQ-09,0.18,2.68,138.1,17.5,260.0,3.0
2027-03-13,PN-EQ-06,24.0,0.0,7021.5,121.8,300.0,
2027-11-16,PN-EQ-05,24.0,0.0,6652.4,164.6,300.0,
2027-03-26,PN-EQ-08,24.0,0.0,8744.6,146.1,400.0,
2026-05-22,PN-EQ-04,24.0,0.0,10577.9,309.1,460.0,
2026-06-13,PN-EQ-01,24.0,0.0,10557.3,165.2,520.0,
2027-06-28,PN-EQ-02,24.0,0.0,8945.7,140.1,430.0,
2026-03-14,PN-EQ-04,24.0,0.0,10020.8,338.8,460.0,
2027-07-29,PN-EQ-03,24.0,0.0,8505.5,,380.0,
2026-03-16,PN-EQ-08,23.5,0.5,7674.8,129.1,400.0,
2027-02-25,PN-EQ-03,24.0,0.0,8154.3,95.8,380.0,
2026-01-22,PN-EQ-08,24.0,0.0,8046.8,152.4,400.0,
2027-06-24,PN-EQ-09,24.0,0.0,5495.6,52.6,260.0,
2026-04-16,PN-EQ-06,21.5,2.5,5647.2,68.3,300.0,
2027-08-05,PN-EQ-04,24.0,0.0,9562.3,324.3,460.0,
2026-04-29,PN-EQ-10,9.04,0.0,3678.7,107.4,500.0,1.0
2026-05-18,PN-EQ-01,24.0,0.0,10757.9,135.6,520.0,
2027-06-11,PN-EQ-10,24.0,0.0,11065.0,245.7,500.0,
2026-07-17,PN-EQ-08,24.0,0.0,8883.2,58.6,400.0,
2026-01-30,PN-EQ-07,24.0,0.0,7670.6,150.2,350.0,
2027-04-28,PN-EQ-08,24.0,0.0,7999.7,185.5,400.0,
2027-10-11,PN-EQ-09,24.0,0.0,5557.8,97.0,260.0,
2027-12-18,PN-EQ-02,24.0,0.0,10165.0,176.5,430.0,
2026-11-20,PN-EQ-09,24.0,0.0,5486.6,79.5,260.0,
2026-06-25,PN-EQ-09,24.0,0.0,5352.9,80.3,260.0,
2026-04-02,PN-EQ-08,24.0,0.0,8240.9,104.9,400.0,
2027-11-04,PN-EQ-06,24.0,0.0,6399.5,158.1,300.0,
2027-05-18,PN-EQ-07,24.0,0.0,7816.9,164.1,350.0,
2027-12-03,PN-EQ-08,8.0,16.0,2501.0,57.7,400.0,
2026-04-26,PN-EQ-04,24.0,0.0,10107.5,181.6,460.0,
2026-06-17,PN-EQ-07,24.0,0.0,6744.2,161.1,350.0,
2026-08-09,PN-EQ-04,24.0,0.0,9908.4,229.4,460.0,
2026-04-19,PN-EQ-10,16.33,0.0,7792.8,103.1,500.0,2.0
2027-09-13,PN-EQ-08,24.0,0.0,8710.9,95.2,400.0,
2027-11-06,PN-EQ-09,24.0,0.0,5873.5,147.8,260.0,
2026-04-24,PN-EQ-10,5.54,0.0,2599.3,74.5,500.0,3.0
2026-07-05,PN-EQ-08,24.0,0.0,8183.0,247.3,400.0,
2026-11-28,PN-EQ-10,24.0,0.0,10035.2,160.2,500.0,
2027-06-06,PN-EQ-07,24.0,0.0,6647.8,133.9,350.0,
2026-12-27,PN-EQ-06,4.0,20.0,1051.5,14.5,300.0,
2027-01-28,PN-EQ-10,24.0,0.0,11030.9,243.8,500.0,
2026-08-04,PN-EQ-06,24.0,0.0,6319.9,117.6,300.0,
2026-08-09,PN-EQ-08,24.0,0.0,8543.8,174.3,400.0,
2026-05-14,PN-EQ-07,23.4,0.6,7437.4,164.6,350.0,
2027-11-15,PN-EQ-09,24.0,0.0,5611.5,10.7,260.0,
2027-04-09,PN-EQ-09,24.0,0.0,6177.6,187.5,260.0,
2026-04-19,PN-EQ-06,24.0,0.0,6546.5,91.9,300.0,
2026-05-03,PN-EQ-02,23.3,0.7,8857.0,196.2,430.0,
2027-04-08,PN-EQ-06,24.0,0.0,6319.5,88.1,300.0,
2026-04-04,PN-EQ-09,11.31,0.0,2910.6,40.5,260.0,1.0
2027-04-04,PN-EQ-02,24.0,0.0,8885.7,,430.0,
2027-02-04,PN-EQ-06,24.0,0.0,6389.7,65.7,300.0,
2026-05-04,PN-EQ-02,24.0,0.0,8632.3,169.8,430.0,
2027-07-11,PN-EQ-05,24.0,0.0,6554.0,106.7,300.0,
2026-09-14,PN-EQ-10,21.8,2.2,9555.2,336.6,500.0,
2026-03-12,PN-EQ-10,4.74,0.0,2055.9,77.4,500.0,1.0
2026-02-01,PN-EQ-06,24.0,0.0,7075.3,150.0,300.0,
2027-04-19,PN-EQ-08,19.7,4.3,7004.8,167.2,400.0,
2026-04-29,PN-EQ-09,5.92,0.0,1648.4,74.0,260.0,2.0
2027-03-22,PN-EQ-02,15.8,8.2,6494.4,156.0,430.0,
2027-10-25,PN-EQ-08,24.0,0.0,9312.9,188.8,400.0,
2026-11-06,PN-EQ-05,21.1,2.9,4879.1,147.8,300.0,
2026-04-10,PN-EQ-03,24.0,0.0,8108.5,132.5,380.0,
2027-08-09,PN-EQ-04,24.0,0.0,10176.6,,460.0,
2027-12-30,PN-EQ-07,24.0,0.0,8091.9,226.5,350.0,
2027-09-25,PN-EQ-03,24.0,0.0,8145.0,197.4,380.0,
2027-07-03,PN-EQ-01,24.0,0.0,11199.0,320.8,520.0,
2026-09-27,PN-EQ-07,22.5,1.5,7483.3,30.3,350.0,
2026-10-05,PN-EQ-07,21.0,3.0,6554.2,180.4,350.0,
2026-09-11,PN-EQ-02,24.0,0.0,9078.8,150.5,430.0,
2027-05-23,PN-EQ-04,22.4,1.6,9286.2,61.8,460.0,
2026-02-24,PN-EQ-10,17.22,0.75,8290.2,55.4,500.0,2.0
2026-04-25,PN-EQ-07,24.0,0.0,7597.3,92.7,350.0,
2027-12-10,PN-EQ-09,24.0,0.0,5367.6,58.6,260.0,
2026-03-27,PN-EQ-07,24.0,0.0,7489.2,185.8,350.0,
2026-11-16,PN-EQ-10,24.0,0.0,10872.1,245.3,500.0,
2026-08-03,PN-EQ-02,24.0,0.0,10216.8,296.8,430.0,
2026-08-11,PN-EQ-06,4.0,20.0,980.9,33.4,300.0,
2027-08-20,PN-EQ-07,24.0,0.0,7266.5,103.9,350.0,
2027-06-08,PN-EQ-01,20.3,3.7,9001.0,184.0,520.0,
2027-05-18,PN-EQ-09,24.0,0.0,5914.2,155.9,260.0,
2026-12-05,PN-EQ-07,24.0,0.0,7850.1,132.1,350.0,
2026-01-29,PN-EQ-04,24.0,0.0,9982.6,62.7,460.0,
2027-04-23,PN-EQ-01,24.0,0.0,11045.7,168.9,520.0,
2026-10-15,PN-EQ-04,18.6,5.4,7986.5,148.0,460.0,
2027-09-28,PN-EQ-10,19.7,4.3,9088.3,264.8,500.0,
2026-10-23,PN-EQ-05,24.0,0.0,6117.8,77.0,300.0,
2027-08-30,PN-EQ-06,24.0,0.0,6538.6,138.8,300.0,
2026-08-01,PN-EQ-10,24.0,0.0,11302.8,,500.0,
2026-03-08,PN-EQ-02,24.0,0.0,8442.3,168.6,430.0,
2027-11-18,PN-EQ-10,24.0,0.0,9518.0,85.5,500.0,
2027-01-28,PN-EQ-08,24.0,0.0,8772.5,105.7,400.0,
2027-09-25,PN-EQ-08,24.0,0.0,8597.1,130.4,400.0,
2027-08-04,PN-EQ-05,24.0,0.0,5735.7,68.2,300.0,
2026-02-10,PN-EQ-10,12.83,0.0,5709.9,19.1,500.0,1.0
2027-01-13,PN-EQ-05,24.0,0.0,6192.9,269.8,300.0,
2026-08-29,PN-EQ-09,24.0,0.0,5654.9,129.2,260.0,
2026-01-28,PN-EQ-05,24.0,0.0,6228.6,233.9,300.0,
2027-03-20,PN-EQ-03,24.0,0.0,8294.9,148.1,380.0,
2027-09-08,PN-EQ-07,24.0,0.0,7767.0,283.0,350.0,
2026-07-24,PN-EQ-08,24.0,0.0,8795.2,148.8,400.0,
2026-05-01,PN-EQ-08,24.0,0.0,8594.3,133.0,400.0,
2026-05-31,PN-EQ-08,24.0,0.0,8220.3,247.7,400.0,
2026-10-11,PN-EQ-07,24.0,0.0,6843.7,139.2,350.0,
2026-10-07,PN-EQ-05,24.0,0.0,5915.5,126.3,300.0,
2026-02-04,PN-EQ-08,24.0,0.0,9504.0,76.6,400.0,
2026-06-29,PN-EQ-03,24.0,0.0,8262.7,122.3,380.0,
2027-04-14,PN-EQ-09,7.6,16.4,1695.3,48.3,260.0,
2026-03-26,PN-EQ-08,23.4,0.6,8655.4,40.0,400.0,
2026-10-06,PN-EQ-02,24.0,0.0,9631.2,129.6,430.0,
2027-03-07,PN-EQ-02,23.3,0.7,8979.2,182.8,430.0,
2026-05-16,PN-EQ-06,24.0,0.0,6824.9,149.6,300.0,
2026-10-07,PN-EQ-03,24.0,0.0,8696.3,106.0,380.0,
2026-03-17,PN-EQ-05,15.4,8.6,4102.4,118.5,300.0,
2027-09-26,PN-EQ-01,24.0,0.0,11751.0,258.8,520.0,
2026-06-27,PN-EQ-09,24.0,0.0,4922.8,75.5,260.0,
2026-06-26,PN-EQ-03,24.0,0.0,8086.6,287.2,380.0,
2026-12-06,PN-EQ-04,24.0,0.0,8920.4,167.6,460.0,
2026-08-02,PN-EQ-04,24.0,0.0,10409.6,298.6,460.0,
2026-12-21,PN-EQ-04,24.0,0.0,10222.7,343.3,460.0,
2026-06-21,PN-EQ-05,24.0,0.0,6295.0,119.6,300.0,
2027-04-19,PN-EQ-07,24.0,0.0,7041.9,200.0,350.0,
2026-05-11,PN-EQ-02,24.0,0.0,8658.4,124.3,430.0,
2026-09-12,PN-EQ-02,20.7,3.3,8771.4,323.2,430.0,
2026-08-13,PN-EQ-03,24.0,0.0,8409.8,147.5,380.0,
2026-01-16,PN-EQ-05,24.0,0.0,7038.4,110.4,300.0,
2027-11-15,PN-EQ-05,24.0,0.0,5947.0,136.9,300.0,
2027-08-19,PN-EQ-06,24.0,0.0,6725.9,82.4,300.0,
2027-01-20,PN-EQ-04,24.0,0.0,10069.6,141.9,460.0,
2027-08-15,PN-EQ-01,24.0,0.0,11756.2,282.4,520.0,
2027-09-26,PN-EQ-04,24.0,0.0,8851.5,76.2,460.0,
2026-08-15,PN-EQ-08,24.0,0.0,8776.5,202.7,400.0,
2027-09-13,PN-EQ-05,24.0,0.0,6110.9,135.7,300.0,
2027-03-28,PN-EQ-03,24.0,0.0,8216.1,107.9,380.0,
2026-08-20,PN-EQ-08,24.0,0.0,8678.0,147.6,400.0,
2027-04-27,PN-EQ-02,24.0,0.0,9001.6,264.9,430.0,
2026-04-08,PN-EQ-05,24.0,0.0,5696.8,128.0,300.0,
2027-12-16,PN-EQ-07,22.9,1.1,6689.0,129.9,350.0,
2027-11-25,PN-EQ-01,24.0,0.0,10463.3,199.5,520.0,
2027-03-02,PN-EQ-07,24.0,0.0,7386.3,142.9,350.0,
2026-09-20,PN-EQ-09,24.0,0.0,5515.0,26.2,260.0,
2027-03-10,PN-EQ-07,24.0,0.0,7077.1,175.4,350.0,
2026-01-28,PN-EQ-10,21.9,2.1,9534.3,214.5,500.0,
2027-01-02,PN-EQ-01,23.1,0.9,11811.0,222.3,520.0,
2026-03-31,PN-EQ-06,24.0,0.0,6421.2,98.1,300.0,
2027-01-13,PN-EQ-08,21.2,2.8,6983.9,78.7,400.0,
2026-05-26,PN-EQ-10,22.4,1.6,10452.4,239.0,500.0,
2027-04-15,PN-EQ-02,4.0,20.0,1576.9,14.7,430.0,
2026-04-14,PN-EQ-10,6.13,2.29,2414.5,10.5,500.0,1.0
2026-06-06,PN-EQ-03,21.7,2.3,7304.4,0.0,380.0,
2026-06-14,PN-EQ-09,24.0,0.0,5724.4,176.1,260.0,
2027-07-05,PN-EQ-06,24.0,0.0,6355.5,211.4,300.0,
2027-09-19,PN-EQ-03,24.0,0.0,8119.6,155.0,380.0,
2026-03-11,PN-EQ-10,2.53,0.0,1056.0,95.1,500.0,2.0
2026-04-16,PN-EQ-09,15.64,0.0,3437.8,12.3,260.0,1.0
2026-01-21,PN-EQ-06,24.0,0.0,6569.7,100.8,300.0,
2027-05-06,PN-EQ-01,24.0,0.0,10397.7,108.4,520.0,
2027-11-07,PN-EQ-09,24.0,0.0,5270.1,96.6,260.0,
2027-11-08,PN-EQ-07,22.7,1.3,7342.7,93.4,350.0,
2026-03-20,PN-EQ-02,7.2,16.8,3034.9,84.6,430.0,
2027-04-26,PN-EQ-03,23.5,0.5,8636.7,240.0,380.0,
2027-07-25,PN-EQ-09,24.0,0.0,5291.1,44.4,260.0,
2027-01-29,PN-EQ-09,24.0,0.0,5429.4,120.0,260.0,
2027-04-26,PN-EQ-06,24.0,0.0,6147.3,153.5,300.0,
2027-03-20,PN-EQ-06,24.0,0.0,6570.5,92.9,300.0,
2027-12-23,PN-EQ-03,24.0,0.0,7907.3,206.3,380.0,
2026-06-03,PN-EQ-03,24.0,0.0,8134.6,166.2,380.0,
2027-05-30,PN-EQ-04,24.0,0.0,10772.5,147.6,460.0,
2027-11-26,PN-EQ-09,24.0,0.0,5657.9,,260.0,
2027-08-14,PN-EQ-08,21.7,2.3,7685.5,239.4,400.0,
2026-11-01,PN-EQ-08,16.4,7.6,6160.3,141.0,400.0,
2027-02-28,PN-EQ-07,24.0,0.0,6786.1,50.5,350.0,
2026-07-14,PN-EQ-04,23.0,1.0,10211.4,187.6,460.0,
2026-04-21,PN-EQ-07,24.0,0.0,7529.1,265.8,350.0,
2027-08-16,PN-EQ-06,24.0,0.0,6432.4,202.4,300.0,
2026-02-24,PN-EQ-10,0.46,0.63,370.3,98.7,500.0,1.0
2027-05-28,PN-EQ-09,11.4,12.6,2644.7,77.0,260.0,
2026-06-09,PN-EQ-09,24.0,0.0,6009.0,146.9,260.0,
2027-12-15,PN-EQ-03,22.2,1.8,6610.7,118.5,380.0,
2026-08-19,PN-EQ-09,23.4,0.6,5878.6,77.4,260.0,
2027-02-20,PN-EQ-04,24.0,0.0,10235.7,,460.0,
2026-04-15,PN-EQ-07,24.0,0.0,7839.3,69.2,350.0,
2026-12-21,PN-EQ-07,24.0,0.0,7755.3,242.4,350.0,
2027-04-07,PN-EQ-02,24.0,0.0,9207.8,300.3,430.0,
2027-09-29,PN-EQ-04,24.0,0.0,10311.1,87.5,460.0,
2027-11-09,PN-EQ-03,24.0,0.0,8389.1,192.8,380.0,
2027-10-06,PN-EQ-03,24.0,0.0,7674.0,144.3,380.0,
2026-11-05,PN-EQ-06,12.1,11.9,3336.6,79.9,300.0,
2026-05-05,PN-EQ-08,4.0,20.0,1441.1,15.4,400.0,
2026-03-05,PN-EQ-10,6.28,0.0,2803.1,61.8,500.0,3.0
2027-01-11,PN-EQ-10,24.0,0.0,10601.5,157.5,500.0,
2026-05-24,PN-EQ-08,24.0,0.0,8101.8,119.1,400.0,
2026-03-09,PN-EQ-10,16.3,0.07,7874.0,179.7,500.0,3.0
2026-04-25,PN-EQ-04,24.0,0.0,9853.7,294.1,460.0,
2027-06-11,PN-EQ-07,24.0,0.0,7015.4,77.6,350.0,
2026-12-30,PN-EQ-08,21.7,2.3,8444.2,223.1,400.0,
2026-10-02,PN-EQ-07,24.0,0.0,7656.3,98.3,350.0,
2027-06-11,PN-EQ-08,23.5,0.5,8987.1,216.1,400.0,
2026-11-13,PN-EQ-06,24.0,0.0,7010.0,81.4,300.0,
2027-10-15,PN-EQ-05,24.0,0.0,6630.7,222.6,300.0,
2026-05-08,PN-EQ-02,24.0,0.0,9760.3,289.7,430.0,
2027-06-06,PN-EQ-06,24.0,0.0,6531.0,223.5,300.0,
2027-05-27,PN-EQ-07,24.0,0.0,7738.5,121.8,350.0,
2027-08-15,PN-EQ-05,24.0,0.0,6031.7,108.8,300.0,
2027-10-18,PN-EQ-04,16.2,7.8,6690.4,165.5,460.0,
2026-08-19,PN-EQ-06,24.0,0.0,6679.1,55.2,300.0,
2026-02-22,PN-EQ-07,24.0,0.0,7480.9,217.7,350.0,
2026-11-30,PN-EQ-04,24.0,0.0,10252.6,255.5,460.0,
2027-06-19,PN-EQ-02,24.0,0.0,9288.3,258.4,430.0,
2026-05-10,PN-EQ-08,24.0,0.0,8686.1,162.8,400.0,
2027-05-10,PN-EQ-03,23.3,0.7,7244.0,137.3,380.0,
2027-12-03,PN-EQ-07,24.0,0.0,7538.6,172.0,350.0,
2027-05-21,PN-EQ-04,4.0,20.0,1615.5,23.8,460.0,
2027-08-09,PN-EQ-08,22.8,1.2,8246.7,147.9,400.0,
2026-03-11,PN-EQ-07,24.0,0.0,7723.6,66.1,350.0,
2026-04-04,PN-EQ-03,24.0,0.0,8097.7,204.7,380.0,
2026-04-19,PN-EQ-05,24.0,0.0,6130.8,182.7,300.0,
2026-06-05,PN-EQ-06,24.0,0.0,6445.1,224.7,300.0,
2026-05-05,PN-EQ-09,9.83,0.0,2310.8,16.9,260.0,3.0
2026-08-17,PN-EQ-09,24.0,0.0,4969.0,74.0,260.0,
2026-05-22,PN-EQ-07,21.1,2.9,6752.0,82.0,350.0,
2026-10-28,PN-EQ-07,9.1,14.9,2703.0,63.6,350.0,
2026-08-12,PN-EQ-03,24.0,0.0,8282.0,157.7,380.0,
2026-07-10,PN-EQ-06,24.0,0.0,6941.2,83.3,300.0,
2027-02-03,PN-EQ-10,24.0,0.0,11368.2,273.1,500.0,
2027-11-16,PN-EQ-02,24.0,0.0,9100.7,71.8,430.0,
2027-10-01,PN-EQ-02,24.0,0.0,8644.9,55.5,430.0,
2026-09-05,PN-EQ-06,15.8,8.2,4195.6,77.2,300.0,
2027-04-23,PN-EQ-10,24.0,0.0,11128.5,277.6,500.0,
2027-10-16,PN-EQ-07,24.0,0.0,7749.4,128.9,350.0,
2026-10-15,PN-EQ-06,24.0,0.0,5811.2,124.8,300.0,
2027-01-28,PN-EQ-02,24.0,0.0,8273.0,131.0,430.0,
2027-12-16,PN-EQ-03,24.0,0.0,8558.1,174.7,380.0,
2026-03-15,PN-EQ-09,11.47,0.0,2581.8,26.2,260.0,1.0
2026-09-04,PN-EQ-05,17.9,6.1,4744.4,90.9,300.0,
2026-03-02,PN-EQ-09,6.72,0.53,1667.3,42.0,260.0,1.0
2026-06-12,PN-EQ-01,14.8,9.2,7619.0,215.2,520.0,
2026-11-03,PN-EQ-09,24.0,0.0,5552.0,55.6,260.0,
2027-06-08,PN-EQ-05,24.0,0.0,6773.8,20.8,300.0,
2027-12-11,PN-EQ-04,24.0,0.0,10836.4,232.1,460.0,
2026-08-17,PN-EQ-03,16.3,7.7,5495.8,62.0,380.0,
2027-11-29,PN-EQ-01,24.0,0.0,11192.6,163.5,520.0,
2026-04-10,PN-EQ-09,5.29,0.0,1443.7,28.2,260.0,3.0
2026-02-21,PN-EQ-10,2.01,0.91,975.7,76.4,500.0,3.0
2026-03-21,PN-EQ-09,15.57,0.0,3957.7,25.2,260.0,2.0
2027-08-09,PN-EQ-05,24.0,0.0,6597.8,135.9,300.0,
2027-04-22,PN-EQ-08,24.0,0.0,8776.7,121.6,400.0,
2027-09-01,PN-EQ-05,4.0,20.0,1105.1,,300.0,
2027-10-18,PN-EQ-09,24.0,0.0,6162.4,133.0,260.0,
2026-03-15,PN-EQ-08,24.0,0.0,9299.2,124.3,400.0,
2027-10-29,PN-EQ-06,24.0,0.0,6685.2,115.7,300.0,
2027-04-04,PN-EQ-07,24.0,0.0,7144.5,161.3,350.0,
2027-06-05,PN-EQ-02,24.0,0.0,9664.2,302.1,430.0,
2026-02-13,PN-EQ-07,14.9,9.1,4501.5,95.9,350.0,
2027-12-17,PN-EQ-01,24.0,0.0,11352.0,388.0,520.0,
2027-03-30,PN-EQ-08,24.0,0.0,8432.5,95.4,400.0,
2026-06-15,PN-EQ-05,24.0,0.0,6350.1,163.5,300.0,
2026-03-29,PN-EQ-02,24.0,0.0,8859.3,152.7,430.0,
2026-01-16,PN-EQ-02,24.0,0.0,9546.7,263.0,430.0,
2026-04-24,PN-EQ-07,8.9,15.1,2890.5,56.0,350.0,
2026-03-12,PN-EQ-02,24.0,0.0,8531.5,8.2,430.0,
2026-01-20,PN-EQ-07,24.0,0.0,8316.0,122.9,350.0,
2026-02-10,PN-EQ-03,24.0,0.0,7805.5,179.9,380.0,
2026-02-03,PN-EQ-10,14.9,9.1,6408.3,34.7,500.0,
2027-03-19,PN-EQ-03,24.0,0.0,6902.1,147.5,380.0,
2026-11-28,PN-EQ-04,24.0,0.0,9374.1,265.3,460.0,
2027-02-05,PN-EQ-04,24.0,0.0,10582.5,255.8,460.0,
2026-08-16,PN-EQ-09,24.0,0.0,5721.7,124.5,260.0,
2026-10-27,PN-EQ-06,24.0,0.0,6036.6,159.6,300.0,
2026-03-19,PN-EQ-10,2.79,0.0,1116.0,63.5,500.0,3.0
2027-11-10,PN-EQ-01,24.0,0.0,11809.9,276.0,520.0,
2027-06-01,PN-EQ-10,24.0,0.0,10387.7,294.8,500.0,
2026-04-18,PN-EQ-02,8.1,15.9,3102.8,77.3,430.0,
2027-06-25,PN-EQ-03,24.0,0.0,9028.8,139.4,380.0,
2026-04-03,PN-EQ-05,24.0,0.0,6422.0,116.4,300.0,
2026-10-15,PN-EQ-05,24.0,0.0,7111.1,70.5,300.0,
2027-07-22,PN-EQ-10,0.0,24.0,0.0,0.0,500.0,
2027-04-01,PN-EQ-08,18.4,5.6,5942.4,130.2,400.0,
2027-08-31,PN-EQ-09,24.0,0.0,5845.0,173.3,260.0,
2026-11-28,PN-EQ-02,24.0,0.0,10170.6,94.0,430.0,
2027-11-08,PN-EQ-06,13.9,10.1,3828.2,108.4,300.0,
2027-08-22,PN-EQ-05,24.0,0.0,6071.0,110.7,300.0,
2027-02-07,PN-EQ-08,24.0,0.0,8541.5,218.5,400.0,
2026-08-04,PN-EQ-01,24.0,0.0,9699.4,236.1,520.0,
2026-05-24,PN-EQ-03,24.0,0.0,9028.8,149.1,380.0,
2027-03-07,PN-EQ-08,24.0,0.0,8613.9,175.9,400.0,
2026-07-16,PN-EQ-06,21.9,2.1,5989.8,150.2,300.0,
2027-10-30,PN-EQ-10,23.5,0.5,9780.6,182.3,500.0,
2027-12-17,PN-EQ-07,24.0,0.0,7294.5,180.6,350.0,
2026-05-10,PN-EQ-10,0.72,0.0,621.2,72.3,500.0,1.0
2027-10-04,PN-EQ-08,21.3,2.7,6086.7,156.8,400.0,
2027-11-02,PN-EQ-02,24.0,0.0,8612.4,166.0,430.0,
2026-04-26,PN-EQ-01,24.0,0.0,10998.2,276.5,520.0,
2026-03-05,PN-EQ-10,4.34,0.0,1548.5,45.8,500.0,1.0
2027-09-04,PN-EQ-06,24.0,0.0,6536.2,133.2,300.0,
2027-04-09,PN-EQ-07,24.0,0.0,7310.1,136.7,350.0,
2027-05-01,PN-EQ-03,24.0,0.0,7948.8,290.3,380.0,
2026-06-09,PN-EQ-06,24.0,0.0,6169.0,73.8,300.0,
2026-02-13,PN-EQ-09,6.05,6.93,1404.3,6.4,260.0,2.0
2026-09-08,PN-EQ-07,24.0,0.0,6953.4,9.3,350.0,
2026-03-27,PN-EQ-09,1.71,0.0,401.9,3.0,260.0,3.0
2026-10-16,PN-EQ-04,24.0,0.0,10929.6,178.1,460.0,
2026-04-07,PN-EQ-09,19.15,0.0,4059.3,,260.0,1.0
2027-11-14,PN-EQ-05,24.0,0.0,6265.9,92.3,300.0,
2026-12-15,PN-EQ-06,8.7,15.3,2567.3,68.6,300.0,
2027-03-30,PN-EQ-06,24.0,0.0,6356.5,75.9,300.0,
2026-04-04,PN-EQ-05,24.0,0.0,6716.7,119.2,300.0,
2026-06-11,PN-EQ-10,24.0,0.0,11123.9,,500.0,
2027-11-24,PN-EQ-04,18.3,5.7,6686.6,234.6,460.0,
2026-04-02,PN-EQ-09,2.74,0.0,742.7,24.9,260.0,1.0
2027-06-16,PN-EQ-05,17.9,6.1,5072.3,154.8,300.0,
2026-05-26,PN-EQ-07,24.0,0.0,7455.4,78.7,350.0,
2026-07-02,PN-EQ-01,24.0,0.0,11376.3,312.8,520.0,
2027-02-09,PN-EQ-03,24.0,0.0,8592.4,51.9,380.0,
2026-08-04,PN-EQ-04,4.0,20.0,1655.2,35.2,460.0,
2026-07-12,PN-EQ-03,24.0,0.0,7717.6,191.8,380.0,
2026-04-26,PN-EQ-10,8.95,4.49,4243.6,47.8,500.0,2.0
2027-11-16,PN-EQ-07,16.7,7.3,4927.8,130.9,350.0,
2027-09-06,PN-EQ-05,24.0,0.0,6826.1,131.1,300.0,
2026-07-03,PN-EQ-06,24.0,0.0,7128.0,98.4,300.0,
2026-03-02,PN-EQ-01,24.0,0.0,10823.5,136.8,520.0,
2027-08-11,PN-EQ-09,24.0,0.0,5489.6,122.2,260.0,
2027-09-26,PN-EQ-03,24.0,0.0,8018.9,212.4,380.0,
2026-08-30,PN-EQ-02,19.1,4.9,6894.7,131.3,430.0,
2027-11-13,PN-EQ-01,24.0,0.0,11857.0,16.8,520.0,
2026-01-19,PN-EQ-05,24.0,0.0,6547.6,111.8,300.0,
2026-04-23,PN-EQ-10,22.18,0.0,9197.8,28.4,500.0,2.0
2026-08-22,PN-EQ-02,24.0,0.0,8925.7,48.1,430.0,
2026-04-21,PN-EQ-10,17.25,0.0,7730.2,22.4,500.0,2.0
2027-10-09,PN-EQ-02,24.0,0.0,9535.2,305.9,430.0,
2027-05-05,PN-EQ-06,24.0,0.0,6670.8,96.2,300.0,
2026-10-05,PN-EQ-04,21.2,2.8,8616.8,111.5,460.0,
2026-04-08,PN-EQ-07,24.0,0.0,6429.9,,350.0,
2026-08-25,PN-EQ-09,24.0,0.0,5402.7,80.4,260.0,
2027-07-20,PN-EQ-05,24.0,0.0,7128.0,,300.0,
2027-11-06,PN-EQ-04,24.0,0.0,8960.9,153.5,460.0,
2027-06-28,PN-EQ-03,24.0,0.0,8513.2,74.1,380.0,
2026-10-31,PN-EQ-08,24.0,0.0,7987.3,136.6,400.0,
2026-04-30,PN-EQ-03,24.0,0.0,9028.8,174.5,380.0,
2027-07-19,PN-EQ-04,24.0,0.0,9276.5,278.5,460.0,
2026-08-01,PN-EQ-06,24.0,0.0,6046.3,,300.0,
2027-01-24,PN-EQ-10,24.0,0.0,10352.5,161.8,500.0,
2026-10-02,PN-EQ-10,24.0,0.0,10100.0,116.6,500.0,
2026-12-12,PN-EQ-01,24.0,0.0,10766.9,300.9,520.0,
2026-10-20,PN-EQ-03,21.0,3.0,7604.6,164.4,380.0,
2026-03-14,PN-EQ-10,2.38,0.0,1082.7,106.4,500.0,1.0
2026-11-19,PN-EQ-09,24.0,0.0,5234.1,69.9,260.0,
2027-12-06,PN-EQ-05,24.0,0.0,6528.3,186.1,300.0,
2027-06-23,PN-EQ-07,24.0,0.0,7385.4,,350.0,
2026-11-07,PN-EQ-03,18.0,6.0,6133.1,13.7,380.0,
2027-06-09,PN-EQ-05,24.0,0.0,6422.7,93.7,300.0,
2027-01-27,PN-EQ-07,24.0,0.0,7348.0,42.9,350.0,
2027-01-14,PN-EQ-08,24.0,0.0,8474.6,80.0,400.0,
2027-05-26,PN-EQ-04,24.0,0.0,8956.3,74.4,460.0,
2027-06-30,PN-EQ-09,24.0,0.0,5813.1,,260.0,
2026-04-15,PN-EQ-09,13.39,0.0,3073.3,46.3,260.0,3.0
2026-01-15,PN-EQ-05,24.0,0.0,5958.1,202.9,300.0,
2026-08-03,PN-EQ-07,16.6,7.4,4861.9,117.8,350.0,
2027-05-21,PN-EQ-03,24.0,0.0,8520.1,127.7,380.0,
2027-04-15,PN-EQ-06,24.0,0.0,6624.7,184.3,300.0,
2026-04-04,PN-EQ-08,24.0,0.0,8652.7,261.8,400.0,
2027-12-12,PN-EQ-09,24.0,0.0,5542.9,100.8,260.0,
2027-11-18,PN-EQ-01,24.0,0.0,11403.0,209.6,520.0,
2027-02-05,PN-EQ-01,24.0,0.0,11853.4,244.0,520.0,
2027-09-07,PN-EQ-08,24.0,0.0,8958.4,86.4,400.0,
2026-04-06,PN-EQ-09,4.15,0.0,938.6,0.1,260.0,2.0
2026-03-11,PN-EQ-03,17.6,6.4,6158.8,90.4,380.0,
2026-08-19,PN-EQ-03,22.1,1.9,7070.4,146.1,380.0,
2026-08-17,PN-EQ-07,23.0,1.0,7969.5,121.0,350.0,
2027-10-18,PN-EQ-02,24.0,0.0,9332.6,229.5,430.0,
2026-07-07,PN-EQ-09,24.0,0.0,5622.4,82.8,260.0,
2027-08-20,PN-EQ-05,24.0,0.0,6471.7,112.0,300.0,
2027-04-05,PN-EQ-02,24.0,0.0,8203.5,194.6,430.0,
2027-07-08,PN-EQ-02,24.0,0.0,8841.3,150.5,430.0,
2027-09-26,PN-EQ-10,24.0,0.0,11123.1,253.7,500.0,
2027-04-07,PN-EQ-05,24.0,0.0,6839.2,127.6,300.0,
2027-06-17,PN-EQ-07,18.9,5.1,5236.0,121.4,350.0,
2027-05-16,PN-EQ-03,24.0,0.0,7906.6,63.6,380.0,
2026-08-10,PN-EQ-08,24.0,0.0,8910.7,218.8,400.0,
2026-07-11,PN-EQ-05,24.0,0.0,5627.3,99.7,300.0,
2027-11-14,PN-EQ-02,24.0,0.0,10216.8,224.8,430.0,
2026-07-15,PN-EQ-02,21.5,2.5,8399.5,174.0,430.0,
2027-04-20,PN-EQ-09,16.7,7.3,3948.4,36.1,260.0,
2026-02-18,PN-EQ-02,18.0,6.0,7206.7,164.4,430.0,
2026-07-06,PN-EQ-09,22.9,1.1,5515.4,147.4,260.0,
2026-03-11,PN-EQ-06,24.0,0.0,6043.7,64.1,300.0,
2027-02-11,PN-EQ-08,24.0,0.0,8316.0,207.7,400.0,
2026-01-12,PN-EQ-10,24.0,0.0,10624.2,0.0,500.0,
2026-06-08,PN-EQ-03,24.0,0.0,8496.6,146.5,380.0,
2026-03-12,PN-EQ-09,2.41,0.0,722.9,30.6,260.0,2.0
2027-09-15,PN-EQ-02,22.9,1.1,9475.7,120.5,430.0,
2027-07-15,PN-EQ-10,24.0,0.0,11880.0,159.0,500.0,
2026-01-11,PN-EQ-03,22.9,1.1,7357.4,53.9,380.0,
2027-09-06,PN-EQ-03,24.0,0.0,8332.1,141.2,380.0,
2027-01-16,PN-EQ-02,24.0,0.0,10144.1,207.3,430.0,
2027-10-03,PN-EQ-07,24.0,0.0,7413.0,194.4,350.0,
2026-03-15,PN-EQ-01,24.0,0.0,11128.7,206.8,520.0,
2027-06-22,PN-EQ-04,24.0,0.0,9418.6,232.6,460.0,
2027-07-26,PN-EQ-07,24.0,0.0,7602.0,241.2,350.0,
2027-05-30,PN-EQ-08,24.0,0.0,8981.1,102.7,400.0,
2027-11-09,PN-EQ-02,24.0,0.0,9344.8,119.5,430.0,
2027-03-11,PN-EQ-03,20.1,3.9,7137.2,296.5,380.0,
2026-03-21,PN-EQ-02,24.0,0.0,8854.1,,430.0,
2027-08-03,PN-EQ-06,24.0,0.0,7128.0,202.2,300.0,
2027-05-05,PN-EQ-01,24.0,0.0,11574.1,129.0,520.0,
2026-05-23,PN-EQ-05,24.0,0.0,6417.5,108.0,300.0,
2026-07-20,PN-EQ-07,24.0,0.0,7804.7,119.1,350.0,
2027-07-18,PN-EQ-07,24.0,0.0,7194.2,103.0,350.0,
2026-02-25,PN-EQ-10,10.4,0.84,4402.0,19.4,500.0,3.0
2026-07-31,PN-EQ-10,24.0,0.0,11042.8,164.3,500.0,
2027-12-18,PN-EQ-06,24.0,0.0,6401.1,142.4,300.0,
2027-01-31,PN-EQ-01,23.4,0.6,11429.1,309.0,520.0,
2026-11-18,PN-EQ-05,22.8,1.2,6462.3,132.6,300.0,
2027-07-10,PN-EQ-10,23.5,0.5,9940.6,86.4,500.0,
2027-04-17,PN-EQ-08,24.0,0.0,8423.9,187.5,400.0,
2026-08-22,PN-EQ-09,20.0,4.0,4942.9,,260.0,
2026-05-31,PN-EQ-09,24.0,0.0,5422.4,65.7,260.0,
2026-05-30,PN-EQ-08,23.5,0.5,7943.7,58.5,400.0,
2026-01-14,PN-EQ-09,24.0,0.0,4817.7,89.4,260.0,
2027-11-06,PN-EQ-07,24.0,0.0,7965.5,25.5,350.0,
2026-09-15,PN-EQ-06,21.4,2.6,5276.6,149.1,300.0,
2027-10-03,PN-EQ-10,21.1,2.9,9688.2,261.4,500.0,
2027-10-25,PN-EQ-03,24.0,0.0,7943.2,154.6,380.0,
2027-10-05,PN-EQ-01,24.0,0.0,12271.6,162.1,520.0,
2026-11-03,PN-EQ-07,21.6,2.4,6910.7,121.4,350.0,
2027-12-24,PN-EQ-02,24.0,0.0,9617.1,207.4,430.0,
2027-06-08,PN-EQ-09,24.0,0.0,5847.4,101.7,260.0,
2027-07-27,PN-EQ-04,24.0,0.0,9246.3,142.2,460.0,
2027-05-02,PN-EQ-09,24.0,0.0,4706.9,74.1,260.0,
2026-03-16,PN-EQ-10,0.2,0.0,109.8,4.7,500.0,3.0
2027-05-25,PN-EQ-06,24.0,0.0,6732.3,79.1,300.0,
2026-11-30,PN-EQ-03,24.0,0.0,8580.0,147.8,380.0,
2026-02-12,PN-EQ-10,7.75,1.34,3320.9,10.0,500.0,2.0
2026-09-17,PN-EQ-10,24.0,0.0,11236.2,273.8,500.0,
2027-08-23,PN-EQ-10,21.9,2.1,9874.5,281.7,500.0,
2027-10-18,PN-EQ-10,24.0,0.0,11192.3,233.6,500.0,
2027-09-16,PN-EQ-10,24.0,0.0,11519.8,324.4,500.0,
2026-04-02,PN-EQ-10,13.02,0.0,5560.8,104.2,500.0,3.0
2026-02-20,PN-EQ-10,3.6,0.0,1727.0,290.1,500.0,3.0
2027-02-19,PN-EQ-03,24.0,0.0,8570.4,175.0,380.0,
2027-10-16,PN-EQ-10,4.0,20.0,1773.8,33.2,500.0,
2026-05-15,PN-EQ-10,8.9,5.57,4357.7,10.6,500.0,3.0
2026-03-10,PN-EQ-10,1.06,0.28,425.4,178.5,500.0,1.0
2027-03-06,PN-EQ-09,24.0,0.0,4771.7,37.0,260.0,
2026-07-31,PN-EQ-03,14.6,9.4,5316.4,101.6,380.0,
2027-04-30,PN-EQ-08,24.0,0.0,8330.1,238.9,400.0,
2026-02-23,PN-EQ-10,11.32,0.0,5150.1,18.0,500.0,1.0
2027-02-26,PN-EQ-06,17.9,6.1,4661.7,132.3,300.0,
2026-07-26,PN-EQ-08,23.5,0.5,9306.0,227.5,400.0,
2027-03-28,PN-EQ-01,24.0,0.0,11300.2,305.3,520.0,
2026-03-14,PN-EQ-08,16.6,7.4,6011.6,59.3,400.0,
2027-01-26,PN-EQ-07,24.0,0.0,7544.3,192.9,350.0,
2027-06-01,PN-EQ-04,24.0,0.0,9744.1,103.2,460.0,
2026-12-20,PN-EQ-06,23.1,0.9,5813.3,100.6,300.0,
2026-04-11,PN-EQ-09,5.2,0.0,1348.1,100.5,260.0,1.0
2027-08-25,PN-EQ-03,21.5,2.5,7714.5,85.8,380.0,
2026-08-03,PN-EQ-01,24.0,0.0,11269.6,66.4,520.0,
2026-03-19,PN-EQ-02,24.0,0.0,9484.1,204.9,430.0,
2026-11-22,PN-EQ-01,24.0,0.0,11124.6,169.1,520.0,
2026-05-31,PN-EQ-01,24.0,0.0,11494.6,95.0,520.0,
2027-04-12,PN-EQ-01,23.0,1.0,10597.6,209.6,520.0,
2027-08-16,PN-EQ-09,24.0,0.0,5742.6,88.9,260.0,
2027-11-27,PN-EQ-08,15.9,8.1,6080.5,231.7,400.0,
2026-04-09,PN-EQ-01,24.0,0.0,11168.5,277.3,520.0,
2027-08-02,PN-EQ-03,24.0,0.0,8505.6,148.9,380.0,
2026-06-06,PN-EQ-02,24.0,0.0,9014.0,212.6,430.0,
2026-07-13,PN-EQ-04,24.0,0.0,10109.4,179.8,460.0,
2026-12-14,PN-EQ-04,17.5,6.5,6936.3,,460.0,
2027-05-05,PN-EQ-09,24.0,0.0,5407.4,107.1,260.0,
2027-09-02,PN-EQ-10,20.0,4.0,9435.1,102.8,500.0,
2026-02-25,PN-EQ-09,15.21,0.17,3278.3,17.8,260.0,3.0
2027-02-15,PN-EQ-09,24.0,0.0,5757.9,99.0,260.0,
2026-12-15,PN-EQ-04,24.0,0.0,10777.3,250.4,460.0,
2026-11-01,PN-EQ-07,17.8,6.2,6122.5,88.5,350.0,
2026-01-23,PN-EQ-01,24.0,0.0,11253.9,130.5,520.0,
2026-11-29,PN-EQ-02,19.6,4.4,7414.8,109.2,430.0,
2027-05-02,PN-EQ-08,24.0,0.0,7380.4,174.6,400.0,
2027-06-06,PN-EQ-08,24.0,0.0,7770.5,113.9,400.0,
2027-03-21,PN-EQ-06,24.0,0.0,6296.1,173.0,300.0,
2026-04-11,PN-EQ-03,24.0,0.0,8301.8,190.1,380.0,
2027-11-11,PN-EQ-06,24.0,0.0,6262.3,173.1,300.0,
2026-05-05,PN-EQ-02,21.2,2.8,7907.1,47.4,430.0,
2027-04-29,PN-EQ-02,24.0,0.0,9474.8,54.8,430.0,
2027-03-27,PN-EQ-08,24.0,0.0,8710.0,268.9,400.0,
2026-10-04,PN-EQ-08,24.0,0.0,8988.1,139.7,400.0,
2027-04-29,PN-EQ-03,24.0,0.0,8557.5,185.6,380.0,
2027-02-21,PN-EQ-05,12.3,11.7,3340.8,67.5,300.0,
2027-12-16,PN-EQ-01,24.0,0.0,11628.0,305.5,520.0,
2026-05-25,PN-EQ-07,18.7,5.3,6017.6,121.6,350.0,
2027-11-15,PN-EQ-02,16.1,7.9,6065.4,189.3,430.0,
2026-03-02,PN-EQ-09,1.89,1.52,472.5,36.4,260.0,3.0
2026-02-06,PN-EQ-06,24.0,0.0,6317.8,204.8,300.0,
2026-07-11,PN-EQ-10,24.0,0.0,10571.3,123.1,500.0,
2026-06-04,PN-EQ-03,24.0,0.0,8461.1,269.6,380.0,
2027-05-13,PN-EQ-02,24.0,0.0,8923.4,198.7,430.0,
2027-06-18,PN-EQ-05,9.0,15.0,2631.7,58.4,300.0,
2026-02-17,PN-EQ-10,7.48,0.0,3063.4,27.3,500.0,1.0
2027-10-26,PN-EQ-07,24.0,0.0,7052.3,138.6,350.0,
2026-08-30,PN-EQ-09,19.6,4.4,4462.1,3.3,260.0,
2027-02-24,PN-EQ-06,24.0,0.0,6516.1,127.8,300.0,
2027-09-07,PN-EQ-03,24.0,0.0,8022.7,189.6,380.0,
2027-07-30,PN-EQ-09,24.0,0.0,5693.2,93.1,260.0,
2026-12-07,PN-EQ-03,23.2,0.8,7561.6,79.5,380.0,
2026-03-04,PN-EQ-10,1.11,0.0,353.5,1.6,500.0,1.0
2027-05-17,PN-EQ-10,24.0,0.0,10960.4,108.6,500.0,
2027-02-07,PN-EQ-10,7.5,16.5,3559.4,89.6,500.0,
2027-12-09,PN-EQ-02,24.0,0.0,9097.9,259.8,430.0,
2026-05-23,PN-EQ-03,24.0,0.0,8369.5,176.8,380.0,
2027-02-13,PN-EQ-04,24.0,0.0,9651.5,82.3,460.0,
2027-11-15,PN-EQ-08,24.0,0.0,8760.0,139.7,400.0,
2027-04-20,PN-EQ-07,24.0,0.0,7432.6,82.0,350.0,
2026-07-18,PN-EQ-03,24.0,0.0,8000.7,132.0,380.0,
2026-05-22,PN-EQ-09,24.0,0.0,5661.5,20.2,260.0,
2026-04-02,PN-EQ-04,24.0,0.0,10216.6,4.5,460.0,
2026-04-04,PN-EQ-04,24.0,0.0,8615.2,226.5,460.0,
2027-04-17,PN-EQ-01,24.0,0.0,10059.5,250.0,520.0,
2027-10-06,PN-EQ-01,4.2,19.8,1920.9,,520.0,
2027-05-12,PN-EQ-04,15.2,8.8,6557.3,113.6,460.0,
2026-05-11,PN-EQ-08,8.8,15.2,3118.6,71.7,400.0,
2027-03-09,PN-EQ-10,0.0,24.0,0.0,0.0,500.0,
2026-12-17,PN-EQ-03,24.0,0.0,7991.2,189.3,380.0,
2027-03-29,PN-EQ-10,17.5,6.5,7186.3,180.8,500.0,
2027-10-25,PN-EQ-01,24.0,0.0,10732.8,190.1,520.0,
2026-12-22,PN-EQ-09,24.0,0.0,5438.0,58.5,260.0,
2026-11-19,PN-EQ-02,24.0,0.0,9457.3,211.4,430.0,
2026-02-23,PN-EQ-05,24.0,0.0,6625.3,182.0,300.0,
2027-05-13,PN-EQ-10,24.0,0.0,10065.8,122.9,500.0,
2026-03-10,PN-EQ-10,1.06,0.28,425.4,178.5,500.0,1.0
2026-12-14,PN-EQ-05,24.0,0.0,5884.0,94.0,300.0,
2026-03-20,PN-EQ-10,8.68,0.0,3877.3,25.0,500.0,2.0
2026-09-11,PN-EQ-10,24.0,0.0,9898.1,301.6,500.0,
2027-08-21,PN-EQ-08,11.0,13.0,4029.5,75.5,400.0,
2027-05-11,PN-EQ-07,24.0,0.0,8018.1,102.7,350.0,
2026-04-26,PN-EQ-06,24.0,0.0,6809.9,11.5,300.0,
2027-12-19,PN-EQ-05,13.7,10.3,3432.6,47.8,300.0,
2026-05-29,PN-EQ-06,24.0,0.0,6246.3,113.5,300.0,
2027-02-19,PN-EQ-06,24.0,0.0,6384.5,99.2,300.0,
2026-02-22,PN-EQ-03,12.8,11.2,4472.8,60.8,380.0,
2027-09-24,PN-EQ-01,24.0,0.0,10834.1,269.5,520.0,
2026-01-19,PN-EQ-07,24.0,0.0,6961.1,56.7,350.0,
2026-11-14,PN-EQ-06,24.0,0.0,6546.5,114.5,300.0,
2027-02-16,PN-EQ-01,15.3,8.7,7291.2,220.0,520.0,
2026-03-15,PN-EQ-10,2.23,0.04,1200.2,40.4,500.0,2.0
2027-11-24,PN-EQ-10,19.2,4.8,8773.3,197.8,500.0,
2026-10-13,PN-EQ-01,24.0,0.0,10745.1,254.3,520.0,
2026-05-27,PN-EQ-06,24.0,0.0,6801.0,197.0,300.0,
2026-05-13,PN-EQ-06,24.0,0.0,6819.2,160.9,300.0,
2026-02-06,PN-EQ-08,24.0,0.0,8103.3,197.7,400.0,
2026-01-17,PN-EQ-06,24.0,0.0,6340.2,132.6,300.0,
2027-10-06,PN-EQ-08,24.0,0.0,8472.4,79.5,400.0,
2026-04-13,PN-EQ-07,22.7,1.3,6918.1,168.4,350.0,
2026-12-14,PN-EQ-09,24.0,0.0,5304.8,97.7,260.0,
2026-03-03,PN-EQ-01,24.0,0.0,10684.5,42.0,520.0,
2027-12-11,PN-EQ-03,24.0,0.0,8671.0,64.4,380.0,
2026-05-04,PN-EQ-08,24.0,0.0,8741.6,138.2,400.0,
2026-10-17,PN-EQ-05,24.0,0.0,6849.4,134.6,300.0,
2027-01-15,PN-EQ-03,24.0,0.0,8052.7,209.4,380.0,
2026-05-24,PN-EQ-04,19.4,4.6,8217.8,190.5,460.0,
2027-02-03,PN-EQ-03,24.0,0.0,8066.1,273.8,380.0,
2026-05-02,PN-EQ-05,24.0,0.0,6529.1,74.6,300.0,
2026-02-16,PN-EQ-10,23.17,0.0,9714.7,90.9,500.0,1.0
2026-03-20,PN-EQ-10,10.52,0.0,4682.8,187.0,500.0,3.0
2027-02-16,PN-EQ-06,24.0,0.0,6882.5,145.6,300.0,
2027-04-23,PN-EQ-04,18.8,5.2,7330.4,65.5,460.0,
2026-07-14,PN-EQ-10,24.0,0.0,11736.1,176.2,500.0,
2026-03-08,PN-EQ-03,24.0,0.0,8734.3,28.7,380.0,
2026-12-11,PN-EQ-05,24.0,0.0,6386.0,189.9,300.0,
2026-03-14,PN-EQ-09,2.86,0.0,668.9,15.9,260.0,1.0
2027-08-10,PN-EQ-10,16.3,7.7,6810.6,58.0,500.0,
2026-07-12,PN-EQ-10,24.0,0.0,11858.5,182.0,500.0,
2027-06-01,PN-EQ-02,24.0,0.0,10216.8,177.8,430.0,
2027-07-20,PN-EQ-10,24.0,0.0,11022.3,243.8,500.0,
2026-04-18,PN-EQ-05,19.9,4.1,5273.7,113.7,300.0,
2027-09-08,PN-EQ-02,24.0,0.0,8905.1,195.5,430.0,
2026-10-22,PN-EQ-02,12.7,11.3,4874.2,22.3,430.0,
2027-11-30,PN-EQ-09,24.0,0.0,5816.5,68.0,260.0,
2026-10-22,PN-EQ-05,24.0,0.0,6720.1,112.5,300.0,
2026-09-05,PN-EQ-04,24.0,0.0,9640.7,232.9,460.0,
2027-03-30,PN-EQ-01,24.0,0.0,11269.9,84.1,520.0,
2026-03-20,PN-EQ-06,24.0,0.0,6583.4,182.5,300.0,
2026-05-16,PN-EQ-09,7.3,0.0,1980.6,86.4,260.0,3.0
2027-03-29,PN-EQ-02,23.5,0.5,8697.5,144.3,430.0,
2026-09-19,PN-EQ-09,24.0,0.0,6022.1,144.6,260.0,
2026-04-08,PN-EQ-10,19.01,0.0,8729.8,96.9,500.0,2.0
2026-05-09,PN-EQ-06,21.6,2.4,5648.4,116.8,300.0,
2026-10-19,PN-EQ-08,24.0,0.0,9251.8,146.3,400.0,
2026-10-24,PN-EQ-10,24.0,0.0,11321.2,272.4,500.0,
2026-11-10,PN-EQ-06,24.0,0.0,6680.6,237.8,300.0,
2027-12-28,PN-EQ-03,24.0,0.0,7932.5,194.6,380.0,
2027-07-14,PN-EQ-08,24.0,0.0,8085.4,121.2,400.0,
2026-04-02,PN-EQ-05,24.0,0.0,5468.2,86.5,300.0,
2027-12-21,PN-EQ-10,15.5,8.5,7149.8,181.5,500.0,
2026-06-28,PN-EQ-07,24.0,0.0,8290.8,82.6,350.0,
2026-05-16,PN-EQ-07,24.0,0.0,7596.4,260.5,350.0,
2026-05-29,PN-EQ-09,22.8,1.2,5522.3,97.1,260.0,
2027-08-28,PN-EQ-10,24.0,0.0,11655.5,246.4,500.0,
2027-09-19,PN-EQ-09,24.0,0.0,5702.3,92.5,260.0,
2027-08-14,PN-EQ-09,24.0,0.0,5277.1,187.1,260.0,
2027-01-24,PN-EQ-08,24.0,0.0,8917.0,173.7,400.0,
2027-02-16,PN-EQ-08,18.9,5.1,6576.8,215.1,400.0,
2026-06-21,PN-EQ-01,24.0,0.0,11069.9,405.4,520.0,
2027-03-19,PN-EQ-07,24.0,0.0,8086.3,192.1,350.0,
2026-08-08,PN-EQ-06,24.0,0.0,6354.8,20.4,300.0,
2026-06-30,PN-EQ-07,24.0,0.0,8079.2,0.0,350.0,
2026-03-19,PN-EQ-01,24.0,0.0,12346.7,226.0,520.0,
2026-02-20,PN-EQ-02,24.0,0.0,8978.3,65.9,430.0,
2026-04-05,PN-EQ-01,24.0,0.0,11887.6,246.8,520.0,
2026-03-01,PN-EQ-09,1.39,0.28,250.8,2.6,260.0,2.0
2026-05-01,PN-EQ-01,24.0,0.0,10184.2,206.1,520.0,
2027-05-04,PN-EQ-02,24.0,0.0,9690.8,212.5,430.0,
2026-09-17,PN-EQ-05,23.1,0.9,6239.5,130.1,300.0,
2026-02-20,PN-EQ-03,24.0,0.0,7957.2,219.5,380.0,
2026-06-04,PN-EQ-08,24.0,0.0,8084.2,142.3,400.0,
2026-09-13,PN-EQ-03,24.0,0.0,8328.3,109.0,380.0,
2027-05-31,PN-EQ-03,24.0,0.0,8043.3,101.4,380.0,
2026-12-26,PN-EQ-08,24.0,0.0,8763.3,182.1,400.0,
2027-03-24,PN-EQ-07,24.0,0.0,6914.8,195.6,350.0,
2027-02-17,PN-EQ-08,24.0,0.0,8132.7,172.1,400.0,
2026-03-19,PN-EQ-09,0.09,0.0,56.4,59.7,260.0,1.0
2027-01-25,PN-EQ-04,9.7,14.3,3988.4,25.3,460.0,
2026-10-29,PN-EQ-03,17.9,6.1,5795.6,154.5,380.0,
2027-03-20,PN-EQ-09,18.5,5.5,4196.3,106.7,260.0,
2026-11-18,PN-EQ-01,24.0,0.0,12355.2,183.8,520.0,
2026-02-17,PN-EQ-08,24.0,0.0,8762.5,72.7,400.0,
2027-10-16,PN-EQ-09,24.0,0.0,5566.3,190.2,260.0,
2027-04-12,PN-EQ-10,24.0,0.0,11424.8,259.5,500.0,
2026-12-20,PN-EQ-05,24.0,0.0,5815.1,143.6,300.0,
2027-11-25,PN-EQ-05,24.0,0.0,5879.9,61.8,300.0,
2026-12-24,PN-EQ-06,24.0,0.0,6205.6,143.9,300.0,
2027-03-26,PN-EQ-03,24.0,0.0,8229.7,105.6,380.0,
2027-06-06,PN-EQ-05,21.3,2.7,6326.1,97.6,300.0,
2026-11-09,PN-EQ-01,24.0,0.0,11025.8,267.5,520.0,
2026-01-24,PN-EQ-10,24.0,0.0,10830.9,203.7,500.0,
2027-05-13,PN-EQ-06,21.3,2.7,5765.1,125.9,300.0,
2026-02-11,PN-EQ-09,12.38,0.0,2815.0,30.9,260.0,1.0
2027-04-10,PN-EQ-09,22.6,1.4,5140.8,59.9,260.0,
2026-03-17,PN-EQ-03,24.0,0.0,8904.0,169.0,380.0,
2026-08-23,PN-EQ-01,24.0,0.0,11335.2,26.4,520.0,
2027-04-24,PN-EQ-06,24.0,0.0,6293.8,39.0,300.0,
2026-03-23,PN-EQ-10,10.18,0.0,5320.8,47.6,500.0,1.0
2027-10-18,PN-EQ-01,24.0,0.0,11410.6,22.2,520.0,
2026-02-26,PN-EQ-10,16.51,0.0,7492.4,17.2,500.0,1.0
2027-12-31,PN-EQ-07,24.0,0.0,7517.9,136.8,350.0,
2027-10-24,PN-EQ-06,24.0,0.0,6172.0,159.7,300.0,
2026-05-13,PN-EQ-03,24.0,0.0,9028.8,119.2,380.0,
2026-10-17,PN-EQ-06,24.0,0.0,6808.9,195.0,300.0,
2026-07-04,PN-EQ-01,19.2,4.8,8999.9,163.6,520.0,
2027-02-02,PN-EQ-07,24.0,0.0,7220.5,159.8,350.0,
2026-06-19,PN-EQ-02,20.2,3.8,7599.4,162.7,430.0,
2026-02-28,PN-EQ-09,1.69,0.0,211.4,22.7,260.0,1.0
2027-01-21,PN-EQ-08,24.0,0.0,8686.9,216.0,400.0,
2026-02-09,PN-EQ-09,1.44,0.0,247.3,4.5,260.0,1.0
2027-06-05,PN-EQ-06,24.0,0.0,6029.4,108.7,300.0,
2026-08-17,PN-EQ-08,24.0,0.0,8507.6,221.0,400.0,
2026-04-22,PN-EQ-02,19.0,5.0,7601.9,81.6,430.0,
2027-05-11,PN-EQ-04,24.0,0.0,10593.2,153.6,460.0,
2026-10-21,PN-EQ-05,24.0,0.0,6387.2,5.1,300.0,
2026-02-13,PN-EQ-10,0.42,1.57,80.3,31.6,500.0,2.0
2026-07-23,PN-EQ-04,22.1,1.9,9355.2,228.6,460.0,
2027-02-26,PN-EQ-10,24.0,0.0,10928.0,250.8,500.0,
2026-07-14,PN-EQ-07,24.0,0.0,7315.0,167.9,350.0,
2026-04-04,PN-EQ-07,21.4,2.6,6728.4,122.0,350.0,
2026-06-08,PN-EQ-10,24.0,0.0,10595.1,240.8,500.0,
2026-12-25,PN-EQ-02,24.0,0.0,10071.4,164.2,430.0,
2026-10-26,PN-EQ-01,18.7,5.3,8549.2,106.0,520.0,
2027-04-03,PN-EQ-02,24.0,0.0,9777.5,168.6,430.0,
2026-02-14,PN-EQ-08,24.0,0.0,8237.2,111.3,400.0,
2027-04-08,PN-EQ-02,16.7,7.3,5939.9,78.6,430.0,
2027-10-18,PN-EQ-02,24.0,0.0,9332.6,229.5,430.0,
2026-02-18,PN-EQ-04,20.9,3.1,8771.1,106.7,460.0,
2027-04-14,PN-EQ-01,24.0,0.0,12355.2,290.6,520.0,
2026-12-30,PN-EQ-05,17.8,6.2,5241.0,152.5,300.0,
2026-05-17,PN-EQ-09,2.59,0.0,555.3,60.9,260.0,1.0
2027-03-26,PN-EQ-07,24.0,0.0,7397.7,124.1,350.0,
2026-04-04,PN-EQ-10,5.48,3.4,2461.8,,500.0,2.0
2026-03-10,PN-EQ-02,24.0,0.0,8423.8,13.4,430.0,
2027-02-27,PN-EQ-10,24.0,0.0,10672.7,248.6,500.0,
2026-02-22,PN-EQ-04,19.4,4.6,8691.9,109.6,460.0,
2027-05-16,PN-EQ-01,13.7,10.3,6663.0,126.3,520.0,
2026-12-08,PN-EQ-08,19.6,4.4,6708.9,177.9,400.0,
2026-09-11,PN-EQ-06,24.0,0.0,6450.0,122.2,300.0,
2027-02-27,PN-EQ-08,24.0,0.0,9166.5,89.7,400.0,
2026-04-27,PN-EQ-10,3.19,1.03,1754.6,60.8,500.0,1.0
2027-01-25,PN-EQ-01,24.0,0.0,12057.8,163.2,520.0,
2026-08-13,PN-EQ-10,18.1,5.9,8959.5,284.9,500.0,
2027-10-16,PN-EQ-01,19.6,4.4,9033.1,99.9,520.0,
2026-08-17,PN-EQ-10,24.0,0.0,10037.0,281.4,500.0,
2027-08-28,PN-EQ-06,24.0,0.0,6956.6,242.1,300.0,
2027-07-21,PN-EQ-01,22.1,1.9,10140.9,301.3,520.0,
2026-05-13,PN-EQ-08,24.0,0.0,8780.8,93.6,400.0,
2027-12-13,PN-EQ-02,24.0,0.0,8719.0,241.4,430.0,
2027-06-05,PN-EQ-08,24.0,0.0,7493.7,,400.0,
2027-08-29,PN-EQ-04,4.0,20.0,1672.8,41.7,460.0,
2026-04-18,PN-EQ-09,6.27,0.1,1389.2,0.0,260.0,2.0
2026-04-03,PN-EQ-04,24.0,0.0,10126.6,80.9,460.0,
2026-02-20,PN-EQ-04,24.0,0.0,10688.6,200.2,460.0,
2026-06-21,PN-EQ-06,24.0,0.0,6872.8,158.7,300.0,
2026-05-31,PN-EQ-06,21.8,2.2,6057.7,69.7,300.0,
2026-12-03,PN-EQ-02,24.0,0.0,9072.7,130.2,430.0,
2027-09-02,PN-EQ-03,24.0,0.0,9012.7,169.1,380.0,
2027-12-27,PN-EQ-03,24.0,0.0,7812.0,241.7,380.0,
2027-07-29,PN-EQ-09,24.0,0.0,5709.1,99.8,260.0,
2027-05-01,PN-EQ-07,24.0,0.0,8126.4,161.7,350.0,
2026-04-27,PN-EQ-05,24.0,0.0,7128.0,178.2,300.0,
2027-07-26,PN-EQ-06,24.0,0.0,6559.6,131.1,300.0,
2027-05-20,PN-EQ-10,24.0,0.0,11050.8,142.9,500.0,
2027-09-18,PN-EQ-04,17.1,6.9,6925.5,249.1,460.0,
2026-11-14,PN-EQ-01,24.0,0.0,9805.1,274.7,520.0,
2027-03-06,PN-EQ-10,24.0,0.0,10022.7,247.3,500.0,
2027-07-16,PN-EQ-05,24.0,0.0,6539.2,180.5,300.0,
2026-02-11,PN-EQ-05,24.0,0.0,6187.9,162.7,300.0,
2027-04-06,PN-EQ-09,18.3,5.7,4434.2,90.5,260.0,
2026-11-13,PN-EQ-05,24.0,0.0,6240.4,117.7,300.0,
2027-12-04,PN-EQ-03,24.0,0.0,7955.6,108.1,380.0,
2027-06-29,PN-EQ-04,24.0,0.0,8955.4,121.9,460.0,
2026-09-29,PN-EQ-06,24.0,0.0,6031.7,155.7,300.0,
2027-12-23,PN-EQ-01,24.0,0.0,10749.0,221.0,520.0,
2026-04-16,PN-EQ-07,22.4,1.6,6580.3,74.6,350.0,
2027-04-26,PN-EQ-02,24.0,0.0,9160.7,279.8,430.0,
2027-07-10,PN-EQ-03,18.1,5.9,6392.9,153.7,380.0,
2027-03-10,PN-EQ-04,24.0,0.0,10608.6,309.1,460.0,
2027-01-23,PN-EQ-10,24.0,0.0,10626.1,295.6,500.0,
2026-07-03,PN-EQ-03,23.2,0.8,8025.8,165.4,380.0,
2026-05-13,PN-EQ-10,5.69,0.0,2382.4,2.0,500.0,2.0
2027-06-05,PN-EQ-05,20.0,4.0,5434.7,152.9,300.0,
2026-07-19,PN-EQ-07,24.0,0.0,7667.6,177.3,350.0,
2026-07-03,PN-EQ-04,24.0,0.0,10301.6,250.6,460.0,
2027-11-21,PN-EQ-04,24.0,0.0,10286.9,199.9,460.0,
2026-09-10,PN-EQ-03,24.0,0.0,8792.1,132.3,380.0,
2027-03-17,PN-EQ-05,22.4,1.6,6010.0,,300.0,
2027-10-11,PN-EQ-03,22.2,1.8,7559.7,89.5,380.0,
2026-02-14,PN-EQ-04,24.0,0.0,10532.6,138.8,460.0,
2026-04-18,PN-EQ-09,4.06,1.42,878.1,0.0,260.0,1.0
2026-12-24,PN-EQ-05,17.4,6.6,3996.3,49.5,300.0,
2027-01-24,PN-EQ-05,24.0,0.0,6596.5,238.7,300.0,
2027-02-14,PN-EQ-06,23.5,0.5,6770.8,197.7,300.0,
2027-04-09,PN-EQ-01,14.8,9.2,6650.2,56.0,520.0,
2027-04-04,PN-EQ-05,24.0,0.0,6340.6,194.8,300.0,
2026-07-29,PN-EQ-10,24.0,0.0,10363.1,164.9,500.0,
2027-01-01,PN-EQ-08,24.0,0.0,8803.9,87.5,400.0,
2026-06-07,PN-EQ-10,24.0,0.0,10270.1,332.5,500.0,
2027-08-20,PN-EQ-01,21.5,2.5,10607.8,307.7,520.0,
2026-05-25,PN-EQ-05,24.0,0.0,6545.2,11.9,300.0,
2026-02-11,PN-EQ-02,16.6,7.4,6281.9,166.5,430.0,
2027-12-12,PN-EQ-08,22.7,1.3,7664.8,173.6,400.0,
2026-12-03,PN-EQ-10,24.0,0.0,10932.3,169.8,500.0,
2027-01-31,PN-EQ-02,24.0,0.0,9729.6,317.1,430.0,
2026-04-06,PN-EQ-05,18.4,5.6,4880.7,37.9,300.0,
2027-03-26,PN-EQ-04,24.0,0.0,10132.1,120.7,460.0,
2027-11-17,PN-EQ-01,22.4,1.6,10300.9,181.2,520.0,
2026-12-11,PN-EQ-08,24.0,0.0,9151.8,144.0,400.0,
2027-01-26,PN-EQ-05,19.9,4.1,5622.7,141.8,300.0,
2026-05-06,PN-EQ-08,24.0,0.0,8781.7,60.9,400.0,
2026-06-07,PN-EQ-01,24.0,0.0,11650.6,330.0,520.0,
2027-08-06,PN-EQ-05,24.0,0.0,6953.5,112.7,300.0,
2027-11-29,PN-EQ-07,24.0,0.0,7624.2,188.1,350.0,
2027-05-09,PN-EQ-06,24.0,0.0,6423.4,112.6,300.0,
2026-07-21,PN-EQ-09,24.0,0.0,5142.6,89.7,260.0,
2027-01-14,PN-EQ-02,24.0,0.0,10216.8,189.9,430.0,
2027-02-27,PN-EQ-04,21.4,2.6,9273.0,37.8,460.0,
2026-10-27,PN-EQ-02,24.0,0.0,9188.2,264.0,430.0,
2026-10-05,PN-EQ-01,24.0,0.0,11028.8,330.8,520.0,
2026-07-03,PN-EQ-08,24.0,0.0,8239.7,98.6,400.0,
2026-05-22,PN-EQ-10,24.0,0.0,11465.1,344.0,500.0,
2026-12-01,PN-EQ-05,4.0,20.0,1133.6,13.4,300.0,
2027-08-13,PN-EQ-07,24.0,0.0,7259.9,,350.0,
2027-03-04,PN-EQ-04,24.0,0.0,9701.7,89.2,460.0,
2026-11-12,PN-EQ-06,24.0,0.0,7028.1,217.4,300.0,
2027-11-04,PN-EQ-03,24.0,0.0,8699.7,187.9,380.0,
2026-12-31,PN-EQ-02,24.0,0.0,9683.2,208.0,430.0,
2026-09-30,PN-EQ-09,16.6,7.4,3515.4,10.0,260.0,
2027-07-30,PN-EQ-04,24.0,0.0,8391.8,134.3,460.0,
2027-05-09,PN-EQ-01,24.0,0.0,10776.4,90.2,520.0,
2027-03-04,PN-EQ-08,24.0,0.0,9287.0,214.4,400.0,
2027-02-26,PN-EQ-07,24.0,0.0,7607.3,228.2,350.0,
2027-03-07,PN-EQ-05,24.0,0.0,6760.9,172.9,300.0,
2027-12-24,PN-EQ-09,24.0,0.0,6036.8,158.8,260.0,
2027-01-02,PN-EQ-09,22.6,1.4,5503.4,49.5,260.0,
2026-08-06,PN-EQ-08,24.0,0.0,8542.6,229.0,400.0,
2027-12-13,PN-EQ-01,24.0,0.0,11188.3,166.6,520.0,
2027-07-01,PN-EQ-07,24.0,0.0,7813.6,150.2,350.0,
2026-05-06,PN-EQ-09,9.52,0.0,2121.5,64.8,260.0,2.0
2026-05-08,PN-EQ-09,11.03,0.0,2684.9,110.6,260.0,2.0
2026-06-02,PN-EQ-03,24.0,0.0,8522.8,138.9,380.0,
2026-09-08,PN-EQ-05,4.0,20.0,1188.0,19.6,300.0,
2027-10-13,PN-EQ-10,24.0,0.0,10570.6,244.8,500.0,
2027-04-13,PN-EQ-09,24.0,0.0,6010.2,65.0,260.0,
2027-05-28,PN-EQ-07,24.0,0.0,7656.0,155.6,350.0,
2027-01-26,PN-EQ-02,24.0,0.0,9401.1,113.6,430.0,
2026-01-24,PN-EQ-05,24.0,0.0,5914.2,181.5,300.0,
2026-04-14,PN-EQ-02,24.0,0.0,8651.0,256.1,430.0,
2026-05-14,PN-EQ-02,24.0,0.0,9592.0,211.5,430.0,
2027-02-04,PN-EQ-08,24.0,0.0,8676.5,144.4,400.0,
2026-08-02,PN-EQ-10,24.0,0.0,10951.9,295.6,500.0,
2027-03-27,PN-EQ-09,24.0,0.0,5677.7,170.6,260.0,
2026-09-24,PN-EQ-06,24.0,0.0,6381.4,92.8,300.0,
2027-06-11,PN-EQ-01,24.0,0.0,10147.5,183.2,520.0,
2026-08-18,PN-EQ-03,24.0,0.0,7605.5,33.0,380.0,
2026-03-18,PN-EQ-07,24.0,0.0,7394.2,156.6,350.0,
2027-11-16,PN-EQ-06,24.0,0.0,6339.0,75.7,300.0,
2027-03-24,PN-EQ-01,24.0,0.0,11420.7,89.3,520.0,
2026-08-31,PN-EQ-06,24.0,0.0,5983.7,128.8,300.0,
2027-05-23,PN-EQ-05,24.0,0.0,6273.5,187.0,300.0,
2027-08-29,PN-EQ-10,24.0,0.0,11254.5,222.8,500.0,
2026-02-09,PN-EQ-10,10.34,0.0,4246.1,73.6,500.0,3.0
2026-07-08,PN-EQ-02,24.0,0.0,8823.2,172.8,430.0,
2026-05-29,PN-EQ-02,24.0,0.0,9649.0,192.7,430.0,
2027-03-29,PN-EQ-05,17.0,7.0,4334.7,57.5,300.0,
2027-02-21,PN-EQ-03,15.2,8.8,4734.1,157.6,380.0,
2026-10-03,PN-EQ-03,24.0,0.0,8027.8,173.0,380.0,
2027-03-02,PN-EQ-06,24.0,0.0,6010.4,190.9,300.0,
2027-04-27,PN-EQ-07,24.0,0.0,7086.0,251.7,350.0,
2026-05-02,PN-EQ-04,13.3,10.7,5675.8,45.3,460.0,
2026-11-21,PN-EQ-06,24.0,0.0,6192.1,133.5,300.0,
2027-01-16,PN-EQ-03,22.1,1.9,7603.9,138.3,380.0,
2027-11-30,PN-EQ-01,24.0,0.0,10320.9,,520.0,
2026-07-24,PN-EQ-02,24.0,0.0,8971.9,287.4,430.0,
2026-04-23,PN-EQ-10,0.63,0.0,441.0,150.2,500.0,3.0
2026-12-17,PN-EQ-02,21.2,2.8,8323.4,203.5,430.0,
2027-09-10,PN-EQ-10,16.4,7.6,8118.0,182.3,500.0,
2027-05-31,PN-EQ-02,24.0,0.0,8495.0,129.2,430.0,
2027-08-02,PN-EQ-10,24.0,0.0,11076.8,143.8,500.0,
2027-06-07,PN-EQ-06,24.0,0.0,6788.4,175.2,300.0,
2027-09-10,PN-EQ-01,24.0,0.0,10365.7,187.0,520.0,
2026-01-21,PN-EQ-03,24.0,0.0,8613.5,76.8,380.0,
2026-01-13,PN-EQ-03,24.0,0.0,8402.2,107.0,380.0,
2027-04-01,PN-EQ-10,17.4,6.6,8141.4,191.5,500.0,
2027-04-04,PN-EQ-10,24.0,0.0,11515.0,230.0,500.0,
2027-11-22,PN-EQ-04,24.0,0.0,9853.5,239.8,460.0,
2026-11-08,PN-EQ-08,24.0,0.0,8792.4,141.0,400.0,
2027-03-15,PN-EQ-01,24.0,0.0,10537.2,246.8,520.0,
2026-10-13,PN-EQ-03,24.0,0.0,8652.6,153.3,380.0,
2026-05-25,PN-EQ-09,24.0,0.0,5681.2,177.7,260.0,
2026-10-28,PN-EQ-08,24.0,0.0,8502.0,215.4,400.0,
2026-11-28,PN-EQ-06,21.3,2.7,6020.2,88.3,300.0,
2026-04-11,PN-EQ-01,24.0,0.0,12052.0,326.4,520.0,
2026-02-16,PN-EQ-06,24.0,0.0,6173.3,105.7,300.0,
2027-01-24,PN-EQ-06,24.0,0.0,6823.0,152.2,300.0,
2026-02-05,PN-EQ-06,24.0,0.0,6081.4,,300.0,
2026-02-18,PN-EQ-10,0.78,10.72,298.4,8.6,500.0,1.0
2027-05-13,PN-EQ-04,18.1,5.9,6318.6,112.7,460.0,
2027-10-10,PN-EQ-08,8.0,16.0,3168.0,49.7,400.0,
2026-07-23,PN-EQ-06,24.0,0.0,6405.3,12.4,300.0,
2026-08-23,PN-EQ-10,18.3,5.7,8855.6,296.0,500.0,
2026-06-25,PN-EQ-09,24.0,0.0,5352.9,80.3,260.0,
2027-10-07,PN-EQ-07,24.0,0.0,7647.0,122.5,350.0,
2026-06-05,PN-EQ-03,15.7,8.3,5795.1,81.6,380.0,
2027-08-02,PN-EQ-07,24.0,0.0,7398.1,117.1,350.0,
2026-12-08,PN-EQ-09,24.0,0.0,5667.7,122.8,260.0,
2027-08-30,PN-EQ-03,24.0,0.0,8705.9,66.7,380.0,
2027-10-26,PN-EQ-02,24.0,0.0,9250.2,154.3,430.0,
2027-02-21,PN-EQ-02,1.9,22.1,759.0,10.6,430.0,
2026-09-08,PN-EQ-03,12.1,11.9,4128.9,69.2,380.0,
2027-11-23,PN-EQ-07,24.0,0.0,7877.0,102.8,350.0,
2027-03-21,PN-EQ-10,24.0,0.0,11230.5,261.8,500.0,
2026-02-15,PN-EQ-06,24.0,0.0,6218.4,58.6,300.0,
2027-03-21,PN-EQ-01,24.0,0.0,11740.2,98.2,520.0,
2026-06-20,PN-EQ-04,18.4,5.6,8379.4,88.1,460.0,
2026-03-04,PN-EQ-08,24.0,0.0,8437.1,313.1,400.0,
2026-04-14,PN-EQ-01,24.0,0.0,10662.4,191.6,520.0,
2026-03-15,PN-EQ-07,24.0,0.0,7925.0,240.4,350.0,
2026-12-30,PN-EQ-02,24.0,0.0,8888.6,93.7,430.0,
2026-07-21,PN-EQ-08,24.0,0.0,8968.0,83.1,400.0,
2027-08-26,PN-EQ-06,24.0,0.0,5883.4,124.1,300.0,
2027-04-16,PN-EQ-09,24.0,0.0,5250.5,65.0,260.0,
2027-07-16,PN-EQ-07,24.0,0.0,7916.9,219.1,350.0,
2026-01-24,PN-EQ-03,24.0,0.0,8508.3,184.5,380.0,
2026-09-10,PN-EQ-04,24.0,0.0,8993.3,214.9,460.0,
2027-05-11,PN-EQ-08,19.1,4.9,7232.9,122.2,400.0,
2026-03-26,PN-EQ-02,24.0,0.0,8856.0,300.3,430.0,
2027-01-08,PN-EQ-07,24.0,0.0,7701.3,124.6,350.0,
2027-04-18,PN-EQ-08,24.0,0.0,8009.2,89.5,400.0,
2026-03-09,PN-EQ-08,24.0,0.0,8698.3,181.3,400.0,
2027-07-07,PN-EQ-10,24.0,0.0,10583.0,146.2,500.0,
2026-01-11,PN-EQ-06,24.0,0.0,6843.1,122.4,300.0,
2027-12-04,PN-EQ-09,21.8,2.2,5020.4,126.0,260.0,
2026-06-18,PN-EQ-06,24.0,0.0,6093.0,172.6,300.0,
2027-10-02,PN-EQ-06,24.0,0.0,6401.7,169.2,300.0,
2026-11-15,PN-EQ-01,24.0,0.0,11679.3,127.2,520.0,
2026-05-16,PN-EQ-01,24.0,0.0,10690.0,155.8,520.0,
2026-04-07,PN-EQ-10,0.51,0.0,115.7,15.6,500.0,2.0
2026-10-19,PN-EQ-05,24.0,0.0,6318.5,155.3,300.0,
2027-12-31,PN-EQ-03,24.0,0.0,9028.8,99.8,380.0,
2026-05-04,PN-EQ-09,4.42,0.0,861.1,45.1,260.0,3.0
2027-05-02,PN-EQ-06,24.0,0.0,6826.7,239.7,300.0,
2026-04-27,PN-EQ-09,0.61,0.0,118.9,23.8,260.0,3.0
2026-11-05,PN-EQ-07,24.0,0.0,7258.2,82.6,350.0,
2026-04-22,PN-EQ-09,0.54,0.0,50.8,79.8,260.0,3.0
2026-04-24,PN-EQ-03,23.3,0.7,8209.5,182.2,380.0,
2027-08-10,PN-EQ-09,7.9,16.1,1683.0,55.2,260.0,
2026-04-07,PN-EQ-07,24.0,0.0,7391.7,110.4,350.0,
2026-09-29,PN-EQ-09,24.0,0.0,5570.8,141.9,260.0,
2027-01-21,PN-EQ-07,24.0,0.0,7324.2,226.0,350.0,
2027-01-19,PN-EQ-08,24.0,0.0,7883.8,319.4,400.0,
2026-03-09,PN-EQ-10,2.32,0.56,1393.4,23.4,500.0,2.0
2027-06-09,PN-EQ-02,24.0,0.0,9796.5,82.2,430.0,
2026-04-02,PN-EQ-09,16.12,0.0,4026.4,81.2,260.0,2.0
2027-07-26,PN-EQ-01,24.0,0.0,11430.4,253.9,520.0,
2026-09-16,PN-EQ-08,24.0,0.0,7967.7,167.0,400.0,
2026-10-24,PN-EQ-03,24.0,0.0,8764.5,267.8,380.0,
2027-06-12,PN-EQ-10,24.0,0.0,9909.8,188.8,500.0,
2027-10-31,PN-EQ-04,24.0,0.0,9887.1,230.3,460.0,
2027-11-02,PN-EQ-05,17.6,6.4,5120.5,118.5,300.0,
2027-05-19,PN-EQ-01,24.0,0.0,11442.1,277.9,520.0,
2027-08-05,PN-EQ-03,18.8,5.2,6378.7,163.3,380.0,
2026-09-20,PN-EQ-08,21.5,2.5,8239.6,97.4,400.0,
2027-12-18,PN-EQ-07,24.0,0.0,7252.9,165.3,350.0,
2027-03-10,PN-EQ-10,24.0,0.0,9998.4,224.8,500.0,
2026-05-23,PN-EQ-01,20.0,4.0,9930.7,270.2,520.0,
2027-05-20,PN-EQ-09,24.0,0.0,5856.8,115.9,260.0,
2027-06-24,PN-EQ-06,24.0,0.0,6829.6,153.0,300.0,
2026-07-21,PN-EQ-10,11.9,12.1,5790.6,133.9,500.0,
2027-07-19,PN-EQ-09,24.0,0.0,5558.3,194.5,260.0,
2027-08-07,PN-EQ-05,24.0,0.0,6163.7,11.9,300.0,
2027-08-17,PN-EQ-05,24.0,0.0,5949.2,186.0,300.0,
2026-04-11,PN-EQ-02,24.0,0.0,8673.7,184.8,430.0,
2027-11-02,PN-EQ-01,20.1,3.9,9572.4,204.6,520.0,
2026-05-11,PN-EQ-06,24.0,0.0,6414.4,95.5,300.0,
2026-11-27,PN-EQ-03,24.0,0.0,8217.7,173.4,380.0,
2027-01-18,PN-EQ-08,24.0,0.0,8870.2,103.0,400.0,
2027-04-24,PN-EQ-04,24.0,0.0,9738.4,84.6,460.0,
2026-06-13,PN-EQ-07,24.0,0.0,8284.3,119.2,350.0,
2027-07-07,PN-EQ-07,24.0,0.0,7850.6,206.7,350.0,
2026-07-10,PN-EQ-02,24.0,0.0,9246.9,128.2,430.0,
2026-08-15,PN-EQ-07,24.0,0.0,8076.1,230.3,350.0,
2027-01-26,PN-EQ-09,17.8,6.2,4245.8,127.6,260.0,
2026-07-15,PN-EQ-07,24.0,0.0,6986.0,75.8,350.0,
2027-01-12,PN-EQ-03,24.0,0.0,7671.4,73.2,380.0,
2027-06-23,PN-EQ-01,24.0,0.0,12355.2,220.4,520.0,
2027-08-19,PN-EQ-01,24.0,0.0,11650.2,115.3,520.0,
2027-02-16,PN-EQ-05,24.0,0.0,5858.1,137.2,300.0,
2027-03-19,PN-EQ-10,24.0,0.0,11880.0,357.0,500.0,
2027-10-19,PN-EQ-08,12.7,11.3,4782.5,134.0,400.0,
2026-06-08,PN-EQ-02,24.0,0.0,9824.2,86.4,430.0,
2027-04-27,PN-EQ-06,17.4,6.6,5135.4,157.1,300.0,
2026-02-22,PN-EQ-01,24.0,0.0,11362.9,301.0,520.0,
2027-07-30,PN-EQ-01,24.0,0.0,12355.2,212.0,520.0,
2027-12-12,PN-EQ-10,24.0,0.0,9898.5,279.2,500.0,
2027-02-28,PN-EQ-05,15.2,8.8,4085.2,53.3,300.0,
2026-07-24,PN-EQ-06,24.0,0.0,6872.5,22.4,300.0,
2027-01-25,PN-EQ-09,24.0,0.0,4988.8,96.3,260.0,
2026-10-30,PN-EQ-08,18.2,5.8,6459.1,120.3,400.0,
2027-04-13,PN-EQ-03,22.2,1.8,7222.2,112.5,380.0,
2027-09-22,PN-EQ-07,24.0,0.0,8032.5,225.5,350.0,
2027-06-01,PN-EQ-03,24.0,0.0,8119.8,190.9,380.0,
2027-03-10,PN-EQ-03,24.0,0.0,8511.3,75.3,380.0,
2026-07-19,PN-EQ-06,24.0,0.0,5834.9,98.6,300.0,
2027-12-31,PN-EQ-09,24.0,0.0,5502.1,198.5,260.0,
2026-09-06,PN-EQ-02,24.0,0.0,9693.0,158.9,430.0,
2026-03-22,PN-EQ-01,22.9,1.1,10638.7,439.5,520.0,
2027-05-29,PN-EQ-07,24.0,0.0,6810.5,,350.0,
2027-03-01,PN-EQ-03,24.0,0.0,8482.0,155.5,380.0,
2026-04-28,PN-EQ-09,17.94,0.0,3809.4,67.1,260.0,1.0
2026-04-07,PN-EQ-10,14.28,0.0,7150.3,59.9,500.0,1.0
2026-05-30,PN-EQ-03,24.0,0.0,7404.1,44.6,380.0,
2026-09-15,PN-EQ-03,24.0,0.0,8114.2,212.9,380.0,
2026-08-29,PN-EQ-10,24.0,0.0,10314.5,78.4,500.0,
2026-05-10,PN-EQ-10,3.85,0.0,1898.5,105.7,500.0,3.0
2026-03-09,PN-EQ-10,4.58,0.17,1857.1,25.4,500.0,1.0
2026-02-03,PN-EQ-02,24.0,0.0,8954.9,128.4,430.0,
2027-08-28,PN-EQ-07,24.0,0.0,8084.2,95.0,350.0,
2026-09-26,PN-EQ-07,24.0,0.0,7379.9,270.6,350.0,
2027-01-13,PN-EQ-10,24.0,0.0,11880.0,87.8,500.0,
2026-02-20,PN-EQ-09,0.71,0.0,321.0,70.7,260.0,1.0
2027-07-09,PN-EQ-09,24.0,0.0,5758.5,90.9,260.0,
2026-11-29,PN-EQ-03,24.0,0.0,8007.4,161.0,380.0,
2027-09-22,PN-EQ-01,22.4,1.6,10111.4,189.9,520.0,
2027-01-20,PN-EQ-01,24.0,0.0,11084.2,148.6,520.0,
2027-01-27,PN-EQ-08,24.0,0.0,9269.4,104.7,400.0,
2026-12-31,PN-EQ-03,24.0,0.0,8258.8,,380.0,
2026-03-15,PN-EQ-04,24.0,0.0,9963.5,113.8,460.0,
2026-01-26,PN-EQ-05,24.0,0.0,6989.9,17.4,300.0,
2026-05-06,PN-EQ-09,4.49,0.0,1017.6,20.1,260.0,3.0
2026-05-03,PN-EQ-07,24.0,0.0,7053.6,126.8,350.0,
2026-07-26,PN-EQ-04,24.0,0.0,10800.8,206.4,460.0,
2026-01-12,PN-EQ-07,19.1,4.9,5991.7,65.3,350.0,
2027-07-11,PN-EQ-10,24.0,0.0,11059.8,260.8,500.0,
2027-02-10,PN-EQ-09,24.0,0.0,5046.0,66.2,260.0,
2027-06-09,PN-EQ-01,22.4,1.6,10484.2,280.3,520.0,
2026-03-31,PN-EQ-05,24.0,0.0,7128.0,160.2,300.0,
2026-01-19,PN-EQ-03,24.0,0.0,8583.4,172.1,380.0,
2026-07-02,PN-EQ-10,24.0,0.0,10985.2,257.7,500.0,
2026-11-09,PN-EQ-05,24.0,0.0,6358.0,85.8,300.0,
2026-01-18,PN-EQ-10,24.0,0.0,10117.1,,500.0,
2026-12-10,PN-EQ-10,4.0,20.0,1729.8,25.3,500.0,
2026-10-10,PN-EQ-04,8.0,16.0,3465.4,48.9,460.0,
2026-02-23,PN-EQ-02,24.0,0.0,8805.9,98.6,430.0,
2027-10-08,PN-EQ-03,22.2,1.8,7610.0,142.2,380.0,
2026-11-12,PN-EQ-09,24.0,0.0,5577.6,156.6,260.0,
2027-07-03,PN-EQ-05,6.9,17.1,1890.8,49.5,300.0,
2026-06-02,PN-EQ-02,24.0,0.0,10031.1,148.1,430.0,
2026-08-04,PN-EQ-05,9.7,14.3,2462.9,66.6,300.0,
2026-05-05,PN-EQ-06,17.1,6.9,4923.1,61.1,300.0,
2026-07-06,PN-EQ-06,7.3,16.7,1886.7,,300.0,
2026-08-01,PN-EQ-08,24.0,0.0,8031.7,169.0,400.0,
2026-12-08,PN-EQ-03,24.0,0.0,7672.6,114.8,380.0,
2026-03-21,PN-EQ-09,2.02,0.0,546.5,65.4,260.0,1.0
2026-05-11,PN-EQ-09,2.86,0.14,687.5,18.6,260.0,3.0
2027-11-03,PN-EQ-03,24.0,0.0,8151.4,151.8,380.0,
2026-11-13,PN-EQ-03,24.0,0.0,8419.9,141.9,380.0,
2026-03-20,PN-EQ-03,22.1,1.9,7628.2,197.0,380.0,
2026-02-13,PN-EQ-06,22.0,2.0,5855.6,85.9,300.0,
2027-02-01,PN-EQ-04,24.0,0.0,9864.5,191.8,460.0,
2027-05-20,PN-EQ-07,24.0,0.0,7857.6,221.4,350.0,
2026-07-27,PN-EQ-09,24.0,0.0,5261.3,115.2,260.0,
2026-02-28,PN-EQ-01,24.0,0.0,12355.2,373.7,520.0,
2027-09-17,PN-EQ-10,12.2,11.8,5115.1,54.0,500.0,
2027-12-07,PN-EQ-09,24.0,0.0,5188.3,116.1,260.0,
2026-02-24,PN-EQ-09,19.93,0.0,4355.4,55.9,260.0,3.0
2026-09-02,PN-EQ-07,21.6,2.4,5912.4,164.4,350.0,
2027-12-15,PN-EQ-06,24.0,0.0,6073.0,76.3,300.0,
2027-09-17,PN-EQ-07,22.7,1.3,7780.1,156.2,350.0,
2026-11-29,PN-EQ-07,24.0,0.0,7054.5,279.8,350.0,
2027-03-23,PN-EQ-06,24.0,0.0,6800.4,99.8,300.0,
2026-10-07,PN-EQ-02,24.0,0.0,8860.9,249.5,430.0,
2026-07-14,PN-EQ-09,24.0,0.0,5206.4,102.2,260.0,
2027-02-04,PN-EQ-05,24.0,0.0,6726.1,161.6,300.0,
2027-05-07,PN-EQ-06,23.0,1.0,6787.8,171.3,300.0,
2026-02-21,PN-EQ-10,4.11,4.46,1578.4,4.0,500.0,1.0
2026-02-17,PN-EQ-07,24.0,0.0,7324.4,180.4,350.0,
2026-04-13,PN-EQ-03,24.0,0.0,7827.5,94.5,380.0,
2026-03-06,PN-EQ-06,24.0,0.0,7079.4,227.9,300.0,
2026-05-17,PN-EQ-10,1.3,4.4,532.9,116.5,500.0,1.0
2026-04-29,PN-EQ-07,24.0,0.0,7506.2,208.0,350.0,
2026-05-16,PN-EQ-10,6.86,0.0,3173.5,56.5,500.0,3.0
2027-05-13,PN-EQ-08,24.0,0.0,8597.1,270.7,400.0,
2027-12-23,PN-EQ-09,24.0,0.0,6002.1,110.3,260.0,
2026-05-08,PN-EQ-10,4.09,4.51,1705.6,140.9,500.0,2.0
2027-02-25,PN-EQ-07,20.7,3.3,6756.7,309.3,350.0,
2027-12-04,PN-EQ-06,24.0,0.0,6512.0,87.8,300.0,
2027-05-27,PN-EQ-04,8.6,15.4,3605.6,101.6,460.0,
2026-02-19,PN-EQ-06,24.0,0.0,6336.7,111.0,300.0,
2027-11-29,PN-EQ-02,24.0,0.0,8655.0,109.6,430.0,
2027-07-27,PN-EQ-10,24.0,0.0,9804.8,169.4,500.0,
2027-07-15,PN-EQ-04,24.0,0.0,10572.1,224.6,460.0,
2026-08-27,PN-EQ-09,24.0,0.0,6177.6,83.6,260.0,
2026-04-15,PN-EQ-02,24.0,0.0,9283.7,193.6,430.0,
2027-04-25,PN-EQ-01,24.0,0.0,11914.9,81.2,520.0,
2027-09-14,PN-EQ-07,24.0,0.0,7432.4,229.7,350.0,
2026-04-15,PN-EQ-04,24.0,0.0,10481.9,97.6,460.0,
2027-04-28,PN-EQ-06,24.0,0.0,5567.9,201.2,300.0,
2027-05-14,PN-EQ-02,24.0,0.0,9340.4,222.3,430.0,
2027-10-20,PN-EQ-06,16.4,7.6,4105.0,72.3,300.0,
2026-09-23,PN-EQ-01,24.0,0.0,11435.8,217.3,520.0,
2027-12-14,PN-EQ-02,24.0,0.0,9688.7,132.9,430.0,
2027-08-26,PN-EQ-05,24.0,0.0,6450.3,118.6,300.0,
2027-02-12,PN-EQ-05,24.0,0.0,6303.6,140.7,300.0,
2027-02-15,PN-EQ-07,24.0,0.0,7876.7,168.9,350.0,
2027-03-14,PN-EQ-01,24.0,0.0,12207.2,123.1,520.0,
2026-07-01,PN-EQ-07,24.0,0.0,8076.0,240.6,350.0,
2026-08-27,PN-EQ-01,24.0,0.0,11080.0,391.8,520.0,
2027-01-24,PN-EQ-07,24.0,0.0,7174.7,148.0,350.0,
2026-05-28,PN-EQ-08,24.0,0.0,8880.0,113.5,400.0,
2027-03-01,PN-EQ-07,24.0,0.0,7902.6,161.7,350.0,
2027-06-11,PN-EQ-05,24.0,0.0,6224.7,218.7,300.0,
2027-06-16,PN-EQ-04,24.0,0.0,10155.1,207.4,460.0,
2027-01-24,PN-EQ-04,24.0,0.0,9882.6,280.0,460.0,
2027-07-21,PN-EQ-04,24.0,0.0,10428.3,208.2,460.0,
2026-10-02,PN-EQ-01,24.0,0.0,11157.4,255.6,520.0,
2026-04-19,PN-EQ-09,14.06,0.0,3123.6,1.2,260.0,1.0
2026-06-10,PN-EQ-03,21.6,2.4,7329.5,108.9,380.0,
2027-11-05,PN-EQ-06,16.3,7.7,4841.1,108.3,300.0,
2027-10-30,PN-EQ-07,24.0,0.0,7040.0,121.0,350.0,
2026-12-12,PN-EQ-08,19.1,4.9,6877.9,194.7,400.0,
2026-02-11,PN-EQ-10,3.65,1.7,1616.1,38.7,500.0,3.0
2027-08-06,PN-EQ-04,24.0,0.0,10095.0,313.0,460.0,
2027-01-05,PN-EQ-02,24.0,0.0,9639.1,42.1,430.0,
2026-09-15,PN-EQ-04,24.0,0.0,10231.3,236.1,460.0,
2027-01-15,PN-EQ-05,24.0,0.0,6243.6,116.7,300.0,
2026-07-30,PN-EQ-05,24.0,0.0,6521.5,175.7,300.0,
2026-05-15,PN-EQ-03,24.0,0.0,9028.8,187.0,380.0,
2026-08-27,PN-EQ-07,24.0,0.0,7702.1,,350.0,
2027-01-08,PN-EQ-03,22.3,1.7,7390.8,152.0,380.0,
2027-05-28,PN-EQ-04,19.4,4.6,7927.3,233.4,460.0,
2027-03-14,PN-EQ-03,24.0,0.0,8462.7,194.2,380.0,
2027-07-31,PN-EQ-05,13.8,10.2,3445.0,103.7,300.0,
2027-03-29,PN-EQ-06,22.6,1.4,5877.5,184.4,300.0,
2027-12-23,PN-EQ-05,24.0,0.0,6381.4,115.5,300.0,
2027-07-19,PN-EQ-03,19.0,5.0,6162.9,145.1,380.0,
2027-03-24,PN-EQ-06,24.0,0.0,6842.0,154.2,300.0,
2026-10-13,PN-EQ-10,24.0,0.0,10728.2,153.7,500.0,
2026-03-28,PN-EQ-03,24.0,0.0,9028.8,244.2,380.0,
2026-02-05,PN-EQ-07,24.0,0.0,7778.4,101.2,350.0,
2026-09-17,PN-EQ-07,13.1,10.9,4030.7,64.0,350.0,
2027-02-09,PN-EQ-02,24.0,0.0,9119.5,135.0,430.0,
2027-06-13,PN-EQ-03,24.0,0.0,7925.1,114.0,380.0,
2027-02-27,PN-EQ-05,24.0,0.0,6435.4,132.2,300.0,
2027-08-19,PN-EQ-07,24.0,0.0,6685.7,129.3,350.0,
2026-05-18,PN-EQ-08,8.9,15.1,3026.2,25.7,400.0,
2026-05-09,PN-EQ-07,24.0,0.0,7434.4,127.6,350.0,
2026-10-27,PN-EQ-01,24.0,0.0,10892.7,96.8,520.0,
2026-08-07,PN-EQ-10,24.0,0.0,10509.9,224.1,500.0,
2027-08-22,PN-EQ-02,24.0,0.0,8462.8,212.1,430.0,
2026-08-08,PN-EQ-01,16.3,7.7,7500.0,157.8,520.0,
2026-07-26,PN-EQ-09,24.0,0.0,5526.5,88.1,260.0,
2026-01-27,PN-EQ-10,24.0,0.0,11300.3,237.5,500.0,
2027-04-20,PN-EQ-02,24.0,0.0,9026.4,235.3,430.0,
2027-11-26,PN-EQ-06,24.0,0.0,6451.4,106.0,300.0,
2026-04-03,PN-EQ-09,17.85,0.0,3820.9,60.6,260.0,2.0
2026-05-05,PN-EQ-10,10.89,0.0,4594.8,35.9,500.0,2.0
2026-02-27,PN-EQ-09,6.96,0.0,1833.1,39.1,260.0,3.0
2026-09-03,PN-EQ-02,24.0,0.0,8791.7,303.1,430.0,
2027-07-11,PN-EQ-09,24.0,0.0,5847.0,112.3,260.0,
2027-01-05,PN-EQ-10,24.0,0.0,10833.8,389.7,500.0,
2027-12-15,PN-EQ-01,24.0,0.0,10929.5,192.9,520.0,
2026-02-07,PN-EQ-05,11.3,12.7,2807.4,28.0,300.0,
2026-04-12,PN-EQ-06,24.0,0.0,6560.6,60.8,300.0,
2027-04-05,PN-EQ-03,7.7,16.3,2467.2,,380.0,
2027-07-30,PN-EQ-06,6.1,17.9,1562.7,23.0,300.0,
2027-07-08,PN-EQ-06,24.0,0.0,7128.0,216.6,300.0,
2026-04-22,PN-EQ-09,3.48,0.0,1014.2,37.0,260.0,1.0
2027-07-14,PN-EQ-01,24.0,0.0,11591.6,228.9,520.0,
2026-12-06,PN-EQ-03,24.0,0.0,7889.5,158.2,380.0,
2027-11-23,PN-EQ-03,24.0,0.0,8616.9,153.2,380.0,
2027-12-01,PN-EQ-09,24.0,0.0,6131.2,124.5,260.0,
2027-09-11,PN-EQ-06,21.4,2.6,5964.6,135.7,300.0,
2027-05-31,PN-EQ-06,24.0,0.0,6206.1,45.1,300.0,
2027-05-07,PN-EQ-07,24.0,0.0,7000.9,36.2,350.0,
2027-12-08,PN-EQ-10,24.0,0.0,10405.9,146.2,500.0,
2026-04-03,PN-EQ-10,7.4,0.15,3061.0,2.8,500.0,3.0
2027-05-15,PN-EQ-08,24.0,0.0,8287.8,179.2,400.0,
2027-08-02,PN-EQ-06,24.0,0.0,6351.3,21.2,300.0,
2026-04-16,PN-EQ-04,24.0,0.0,10244.8,181.2,460.0,
2027-11-10,PN-EQ-10,24.0,0.0,11499.3,229.0,500.0,
2026-11-18,PN-EQ-07,15.4,8.6,4698.0,113.1,350.0,
2026-02-12,PN-EQ-06,24.0,0.0,6627.6,85.4,300.0,
2026-10-28,PN-EQ-03,22.3,1.7,8172.2,193.8,380.0,
2026-09-12,PN-EQ-04,24.0,0.0,10189.7,210.7,460.0,
2026-10-20,PN-EQ-08,24.0,0.0,8633.7,249.3,400.0,
2026-03-06,PN-EQ-04,24.0,0.0,9523.0,178.7,460.0,
2027-03-08,PN-EQ-01,24.0,0.0,11250.8,330.4,520.0,
2026-10-22,PN-EQ-10,24.0,0.0,10661.1,120.9,500.0,
2026-07-20,PN-EQ-06,24.0,0.0,7031.5,58.3,300.0,
2026-12-29,PN-EQ-01,24.0,0.0,10468.7,226.5,520.0,
2027-03-02,PN-EQ-01,24.0,0.0,11995.0,158.6,520.0,
2026-05-09,PN-EQ-10,3.59,0.0,1690.4,10.8,500.0,1.0
2027-12-16,PN-EQ-04,24.0,0.0,10266.4,164.6,460.0,
2027-01-16,PN-EQ-04,12.4,11.6,5398.2,133.4,460.0,
2026-10-26,PN-EQ-10,24.0,0.0,9270.4,188.6,500.0,
2026-09-13,PN-EQ-10,23.2,0.8,11071.1,251.8,500.0,
2026-06-15,PN-EQ-04,24.0,0.0,9294.3,200.2,460.0,
2026-03-20,PN-EQ-10,4.8,0.0,1949.7,8.8,500.0,1.0
2027-10-09,PN-EQ-03,18.1,5.9,6388.5,179.9,380.0,
2026-07-27,PN-EQ-07,24.0,0.0,6978.4,167.2,350.0,
2026-08-26,PN-EQ-09,24.0,0.0,6177.6,78.5,260.0,
2027-08-01,PN-EQ-06,24.0,0.0,6038.3,32.2,300.0,
2026-08-27,PN-EQ-05,24.0,0.0,6709.6,148.0,300.0,
2026-08-12,PN-EQ-05,20.1,3.9,5263.7,165.7,300.0,
2027-11-26,PN-EQ-10,24.0,0.0,11267.5,257.8,500.0,
2026-12-11,PN-EQ-10,24.0,0.0,11231.9,158.6,500.0,
2026-10-30,PN-EQ-06,24.0,0.0,6752.4,95.5,300.0,
2026-07-26,PN-EQ-07,24.0,0.0,7458.0,27.8,350.0,
2027-10-04,PN-EQ-06,24.0,0.0,6255.8,144.3,300.0,
2026-07-01,PN-EQ-10,21.1,2.9,8513.1,111.2,500.0,
2026-06-23,PN-EQ-06,24.0,0.0,6294.9,166.9,300.0,
2026-06-17,PN-EQ-06,24.0,0.0,6912.7,67.5,300.0,
2026-11-04,PN-EQ-05,24.0,0.0,6317.5,140.7,300.0,
2026-08-27,PN-EQ-08,24.0,0.0,8453.0,295.2,400.0,
2026-11-17,PN-EQ-03,17.8,6.2,5876.7,119.3,380.0,
2026-06-07,PN-EQ-05,24.0,0.0,6286.7,97.7,300.0,
2027-01-06,PN-EQ-07,24.0,0.0,7738.7,206.5,350.0,
2026-11-23,PN-EQ-03,24.0,0.0,8717.7,237.6,380.0,
2026-05-16,PN-EQ-02,24.0,0.0,9910.6,229.3,430.0,
2027-04-22,PN-EQ-09,24.0,0.0,5616.2,82.7,260.0,
2026-06-14,PN-EQ-08,21.8,2.2,7827.5,117.3,400.0,
2027-08-04,PN-EQ-07,24.0,0.0,7605.3,114.2,350.0,
2027-05-14,PN-EQ-01,24.0,0.0,11850.9,189.0,520.0,
2026-09-13,PN-EQ-08,24.0,0.0,8521.8,,400.0,
2026-05-02,PN-EQ-06,24.0,0.0,6127.2,141.2,300.0,
2027-09-11,PN-EQ-04,10.6,13.4,4482.3,67.3,460.0,
2027-12-29,PN-EQ-06,24.0,0.0,5721.3,26.3,300.0,
2027-06-04,PN-EQ-09,15.5,8.5,3626.8,82.0,260.0,
2026-07-03,PN-EQ-01,24.0,0.0,10581.7,232.0,520.0,
2027-12-02,PN-EQ-04,24.0,0.0,8832.4,110.9,460.0,
2026-08-09,PN-EQ-03,24.0,0.0,7805.7,133.0,380.0,
2026-12-24,PN-EQ-04,17.7,6.3,6699.8,87.8,460.0,
2026-09-04,PN-EQ-03,17.2,6.8,6280.4,123.6,380.0,
2026-08-05,PN-EQ-08,24.0,0.0,8397.6,175.9,400.0,
2027-05-12,PN-EQ-10,21.1,2.9,9374.5,126.4,500.0,
2026-11-23,PN-EQ-05,15.5,8.5,4262.9,76.3,300.0,
2026-11-07,PN-EQ-05,10.1,13.9,2552.5,35.5,300.0,
2026-09-30,PN-EQ-08,24.0,0.0,8879.4,114.0,400.0,
2026-02-22,PN-EQ-09,16.17,0.0,3552.0,56.6,260.0,2.0
2027-10-11,PN-EQ-06,24.0,0.0,6497.9,35.6,300.0,
2026-12-06,PN-EQ-02,24.0,0.0,9202.0,274.2,430.0,
2027-11-30,PN-EQ-07,24.0,0.0,7919.2,125.2,350.0,
2027-04-05,PN-EQ-06,24.0,0.0,6409.3,194.3,300.0,
2027-07-24,PN-EQ-08,24.0,0.0,8224.7,193.6,400.0,
2027-05-18,PN-EQ-08,24.0,0.0,8986.2,131.9,400.0,
2026-10-05,PN-EQ-03,24.0,0.0,7900.9,230.0,380.0,
2027-10-17,PN-EQ-09,24.0,0.0,5263.6,78.0,260.0,
2027-12-02,PN-EQ-08,10.8,13.2,3726.0,106.3,400.0,
2027-08-31,PN-EQ-02,24.0,0.0,9390.7,71.1,430.0,
2026-05-28,PN-EQ-09,24.0,0.0,4984.5,98.4,260.0,
2027-06-12,PN-EQ-09,24.0,0.0,6092.8,159.7,260.0,
2027-06-25,PN-EQ-05,4.0,20.0,1094.2,17.2,300.0,
2026-03-01,PN-EQ-09,7.17,0.81,1605.2,6.8,260.0,3.0
2027-04-13,PN-EQ-06,21.7,2.3,6036.0,153.9,300.0,
2026-09-28,PN-EQ-04,24.0,0.0,10111.0,119.3,460.0,
2027-11-27,PN-EQ-02,24.0,0.0,9295.6,195.4,430.0,
2026-09-17,PN-EQ-09,24.0,0.0,5898.6,80.6,260.0,
2027-12-05,PN-EQ-06,24.0,0.0,6439.1,106.3,300.0,
2026-02-03,PN-EQ-07,24.0,0.0,7638.0,252.7,350.0,
2026-03-15,PN-EQ-06,24.0,0.0,5888.8,133.9,300.0,
2026-02-19,PN-EQ-08,24.0,0.0,8470.0,215.4,400.0,
2027-09-09,PN-EQ-09,22.6,1.4,4985.0,85.5,260.0,
2027-01-04,PN-EQ-03,24.0,0.0,7893.2,136.7,380.0,
2026-04-30,PN-EQ-10,0.18,17.66,81.9,0.2,500.0,3.0
2027-07-14,PN-EQ-04,24.0,0.0,9091.1,250.5,460.0,
2026-04-25,PN-EQ-02,24.0,0.0,9251.2,125.1,430.0,
2026-10-28,PN-EQ-06,24.0,0.0,6853.0,133.5,300.0,
2026-07-13,PN-EQ-10,4.0,20.0,1714.7,64.6,500.0,
2027-09-26,PN-EQ-07,24.0,0.0,8125.3,139.1,350.0,
2026-07-14,PN-EQ-08,24.0,0.0,8640.3,123.7,400.0,
2027-03-23,PN-EQ-01,24.0,0.0,11826.6,273.9,520.0,
2026-04-05,PN-EQ-03,24.0,0.0,8399.9,187.0,380.0,
2026-06-14,PN-EQ-06,24.0,0.0,6679.6,185.0,300.0,
2026-10-27,PN-EQ-08,24.0,0.0,7703.8,136.3,400.0,
2026-05-15,PN-EQ-09,18.2,0.0,4377.2,31.3,260.0,3.0
2027-04-12,PN-EQ-04,24.0,0.0,9918.6,249.9,460.0,
2026-06-16,PN-EQ-10,19.8,4.2,9061.6,173.9,500.0,
2026-09-27,PN-EQ-09,24.0,0.0,6177.6,126.8,260.0,
2027-05-15,PN-EQ-04,24.0,0.0,8733.5,210.0,460.0,
2027-11-09,PN-EQ-10,7.0,17.0,3345.4,72.2,500.0,
2026-11-10,PN-EQ-01,24.0,0.0,11775.5,209.4,520.0,
2027-01-18,PN-EQ-06,24.0,0.0,6423.5,109.7,300.0,
2027-08-31,PN-EQ-06,24.0,0.0,6426.7,75.3,300.0,
2027-01-11,PN-EQ-06,15.1,8.9,4368.1,133.6,300.0,
2027-08-31,PN-EQ-07,24.0,0.0,7254.6,149.8,350.0,
2026-06-17,PN-EQ-09,23.5,0.5,6048.9,211.2,260.0,
2027-06-20,PN-EQ-04,24.0,0.0,9244.2,176.0,460.0,
2026-09-09,PN-EQ-04,24.0,0.0,9765.0,128.2,460.0,
2027-04-25,PN-EQ-04,24.0,0.0,9933.7,141.1,460.0,
2027-12-25,PN-EQ-02,24.0,0.0,9309.3,126.5,430.0,
2026-08-24,PN-EQ-04,23.1,0.9,8829.9,163.0,460.0,
2026-12-21,PN-EQ-01,24.0,0.0,11798.1,310.3,520.0,
2026-05-07,PN-EQ-06,24.0,0.0,6270.4,130.1,300.0,
2026-02-09,PN-EQ-03,24.0,0.0,8111.7,164.0,380.0,
2027-07-06,PN-EQ-06,24.0,0.0,6525.4,116.3,300.0,
2027-08-19,PN-EQ-02,22.2,1.8,8377.7,270.4,430.0,
2027-11-19,PN-EQ-04,24.0,0.0,10020.7,145.0,460.0,
2026-04-03,PN-EQ-08,24.0,0.0,8349.7,179.1,400.0,
2027-12-02,PN-EQ-01,24.0,0.0,12096.7,267.4,520.0,
2026-09-10,PN-EQ-10,24.0,0.0,9661.5,126.5,500.0,
2027-03-20,PN-EQ-09,18.5,5.5,4196.3,106.7,260.0,
2026-11-20,PN-EQ-07,24.0,0.0,7783.9,123.1,350.0,
2026-07-03,PN-EQ-07,24.0,0.0,7360.1,215.7,350.0,
2026-10-15,PN-EQ-08,24.0,0.0,8624.4,134.0,400.0,
2026-08-19,PN-EQ-05,21.4,2.6,6355.8,122.2,300.0,
2027-12-16,PN-EQ-06,24.0,0.0,5896.6,115.3,300.0,
2026-11-09,PN-EQ-08,24.0,0.0,8574.8,169.8,400.0,
2027-12-25,PN-EQ-09,24.0,0.0,5797.4,69.6,260.0,
2027-10-06,PN-EQ-04,24.0,0.0,9242.4,84.9,460.0,
2027-03-27,PN-EQ-06,4.0,20.0,973.7,12.1,300.0,
2026-12-26,PN-EQ-04,24.0,0.0,10677.2,277.9,460.0,
2027-05-04,PN-EQ-09,24.0,0.0,5670.4,120.5,260.0,
2026-08-09,PN-EQ-01,24.0,0.0,12164.4,271.9,520.0,
2026-02-23,PN-EQ-07,24.0,0.0,7056.5,178.3,350.0,
2026-01-10,PN-EQ-05,24.0,0.0,6639.5,192.1,300.0,
2026-11-06,PN-EQ-07,24.0,0.0,7161.0,217.1,350.0,
2027-04-24,PN-EQ-07,22.8,1.2,7899.1,217.0,350.0,
2026-04-21,PN-EQ-09,4.41,0.0,1026.3,10.1,260.0,1.0
2026-10-22,PN-EQ-04,24.0,0.0,9703.4,131.5,460.0,
2026-04-20,PN-EQ-01,24.0,0.0,10879.8,231.9,520.0,
2026-08-16,PN-EQ-01,24.0,0.0,12164.3,196.6,520.0,
2026-07-10,PN-EQ-03,24.0,0.0,7683.3,53.0,380.0,
2027-06-21,PN-EQ-07,24.0,0.0,6877.2,132.3,350.0,
2027-12-08,PN-EQ-03,24.0,0.0,8682.3,204.3,380.0,
2027-07-31,PN-EQ-01,24.0,0.0,11491.5,42.4,520.0,
2026-07-24,PN-EQ-09,24.0,0.0,5931.1,131.9,260.0,
2027-04-27,PN-EQ-05,22.2,1.8,5977.8,98.1,300.0,
2026-07-13,PN-EQ-02,24.0,0.0,8271.8,139.6,430.0,
2027-12-19,PN-EQ-02,24.0,0.0,8783.1,102.2,430.0,
2027-05-09,PN-EQ-02,24.0,0.0,8644.3,124.0,430.0,
2027-04-11,PN-EQ-03,24.0,0.0,7571.0,117.4,380.0,
2026-05-26,PN-EQ-08,24.0,0.0,8690.6,139.4,400.0,
2027-09-30,PN-EQ-10,24.0,0.0,10641.3,300.6,500.0,
2026-07-28,PN-EQ-01,18.0,6.0,8111.6,100.3,520.0,
2026-07-21,PN-EQ-02,17.8,6.2,6583.7,163.7,430.0,
2027-07-17,PN-EQ-04,5.4,18.6,2255.2,92.0,460.0,
2026-02-09,PN-EQ-06,10.5,13.5,2916.8,62.5,300.0,
2026-10-10,PN-EQ-02,24.0,0.0,9200.2,164.7,430.0,
2026-07-13,PN-EQ-06,24.0,0.0,5871.3,114.2,300.0,
2027-11-26,PN-EQ-08,7.7,16.3,2771.0,45.2,400.0,
2026-05-31,PN-EQ-05,24.0,0.0,6506.6,139.6,300.0,
2026-11-06,PN-EQ-09,24.0,0.0,6173.4,125.3,260.0,
2027-10-11,PN-EQ-08,24.0,0.0,8760.9,150.3,400.0,
2027-02-19,PN-EQ-09,24.0,0.0,5655.5,196.9,260.0,
2026-02-11,PN-EQ-09,5.88,0.0,1315.6,3.6,260.0,3.0
2026-08-14,PN-EQ-06,24.0,0.0,6496.5,131.6,300.0,
2026-08-08,PN-EQ-04,24.0,0.0,10418.1,264.8,460.0,
2027-10-27,PN-EQ-08,24.0,0.0,8784.3,292.4,400.0,
2027-08-04,PN-EQ-01,24.0,0.0,12327.0,184.3,520.0,
2027-02-23,PN-EQ-01,20.3,3.7,9325.7,269.9,520.0,
2027-08-04,PN-EQ-03,24.0,0.0,8142.5,223.2,380.0,
2027-12-30,PN-EQ-04,24.0,0.0,10076.7,267.6,460.0,
2027-03-03,PN-EQ-02,24.0,0.0,8807.9,96.8,430.0,
2027-05-09,PN-EQ-09,21.7,2.3,5089.6,95.8,260.0,
2027-08-30,PN-EQ-09,17.3,6.7,4198.7,51.9,260.0,
2027-12-11,PN-EQ-06,24.0,0.0,6732.7,268.1,300.0,
2027-11-19,PN-EQ-06,15.7,8.3,4139.9,115.7,300.0,
2027-09-14,PN-EQ-01,24.0,0.0,11485.7,176.9,520.0,
2026-08-18,PN-EQ-06,24.0,0.0,6301.0,116.1,300.0,
2027-07-01,PN-EQ-04,24.0,0.0,9428.1,136.0,460.0,
2026-11-15,PN-EQ-03,24.0,0.0,7682.3,0.0,380.0,
2026-10-03,PN-EQ-05,24.0,0.0,6553.9,205.1,300.0,
2026-04-15,PN-EQ-10,16.42,0.0,7649.9,14.3,500.0,2.0
2027-01-29,PN-EQ-03,24.0,0.0,7916.7,284.8,380.0,
2027-04-11,PN-EQ-01,24.0,0.0,11886.7,343.6,520.0,
2027-12-21,PN-EQ-09,24.0,0.0,6015.7,27.6,260.0,
2026-07-26,PN-EQ-01,24.0,0.0,12099.4,259.5,520.0,
2027-05-30,PN-EQ-06,21.2,2.8,5628.5,104.8,300.0,
2026-09-05,PN-EQ-05,20.5,3.5,5300.3,145.6,300.0,
2027-11-28,PN-EQ-08,24.0,0.0,8733.2,248.8,400.0,
2027-09-29,PN-EQ-03,24.0,0.0,8385.7,155.1,380.0,
2027-05-24,PN-EQ-03,24.0,0.0,7645.9,191.8,380.0,
2026-02-03,PN-EQ-05,24.0,0.0,6188.0,96.2,300.0,
2027-10-21,PN-EQ-08,24.0,0.0,8810.8,,400.0,
2026-10-28,PN-EQ-04,24.0,0.0,9678.8,190.2,460.0,
2027-05-13,PN-EQ-01,14.9,9.1,7026.2,159.0,520.0,
2026-04-27,PN-EQ-01,24.0,0.0,11633.6,161.6,520.0,
2027-12-08,PN-EQ-09,17.4,6.6,4247.1,43.8,260.0,
2027-07-25,PN-EQ-02,24.0,0.0,8375.7,180.2,430.0,
2026-08-11,PN-EQ-04,24.0,0.0,8601.3,145.5,460.0,
2026-04-04,PN-EQ-10,7.21,2.14,3391.4,36.3,500.0,1.0
2026-09-14,PN-EQ-08,24.0,0.0,8164.9,202.5,400.0,
2027-04-09,PN-EQ-05,17.6,6.4,4908.0,83.8,300.0,
2026-11-21,PN-EQ-05,24.0,0.0,6135.0,130.0,300.0,
2027-05-09,PN-EQ-04,24.0,0.0,9940.9,216.9,460.0,
2027-04-06,PN-EQ-02,24.0,0.0,9389.6,190.0,430.0,
2027-03-19,PN-EQ-04,24.0,0.0,9537.3,223.1,460.0,
2027-06-02,PN-EQ-04,24.0,0.0,10360.9,158.6,460.0,
2027-11-04,PN-EQ-10,24.0,0.0,11246.9,154.3,500.0,
2027-04-20,PN-EQ-08,24.0,0.0,8744.6,87.4,400.0,
2026-04-25,PN-EQ-10,13.64,0.0,5680.9,20.3,500.0,3.0
2027-10-16,PN-EQ-08,24.0,0.0,8469.5,329.0,400.0,
2027-10-31,PN-EQ-07,24.0,0.0,7205.9,135.8,350.0,
2027-04-17,PN-EQ-10,13.7,10.3,6132.2,171.7,500.0,
2026-01-28,PN-EQ-04,7.8,16.2,3292.1,47.1,460.0,
2026-03-19,PN-EQ-09,13.07,0.0,3153.6,144.0,260.0,2.0
2027-01-22,PN-EQ-08,24.0,0.0,8417.7,30.0,400.0,
2027-08-06,PN-EQ-06,24.0,0.0,6503.0,97.0,300.0,
2026-11-02,PN-EQ-05,15.0,9.0,4131.6,62.6,300.0,
2026-03-02,PN-EQ-09,12.59,0.75,3011.7,37.7,260.0,2.0
2027-10-14,PN-EQ-04,24.0,0.0,9500.3,115.8,460.0,
2026-04-16,PN-EQ-02,24.0,0.0,9509.2,32.4,430.0,
2027-09-10,PN-EQ-02,24.0,0.0,9901.3,75.7,430.0,
2026-05-02,PN-EQ-07,24.0,0.0,7419.1,247.1,350.0,
2026-05-20,PN-EQ-01,23.3,0.7,11149.5,341.5,520.0,
2026-04-05,PN-EQ-06,24.0,0.0,6289.4,94.7,300.0,
2027-08-03,PN-EQ-05,24.0,0.0,6582.8,177.9,300.0,
2027-07-06,PN-EQ-03,24.0,0.0,7153.4,243.8,380.0,
2027-12-31,PN-EQ-10,24.0,0.0,10449.1,193.0,500.0,
2026-03-13,PN-EQ-07,24.0,0.0,7233.6,137.7,350.0,
2027-12-22,PN-EQ-07,24.0,0.0,6996.2,82.7,350.0,
2026-07-03,PN-EQ-02,24.0,0.0,8849.2,126.8,430.0,
2026-02-14,PN-EQ-01,21.5,2.5,10745.6,119.1,520.0,
2026-08-21,PN-EQ-06,24.0,0.0,6696.5,183.3,300.0,
2027-05-06,PN-EQ-03,24.0,0.0,8284.3,243.0,380.0,
2026-10-19,PN-EQ-10,23.5,0.5,10618.5,68.7,500.0,
2026-12-02,PN-EQ-01,24.0,0.0,11356.3,183.1,520.0,
2027-05-28,PN-EQ-05,24.0,0.0,6360.3,78.0,300.0,
2027-01-20,PN-EQ-03,24.0,0.0,7999.7,148.4,380.0,
2027-04-18,PN-EQ-10,4.0,20.0,1753.3,47.6,500.0,
2026-03-15,PN-EQ-10,16.44,0.41,7383.5,91.0,500.0,3.0
2026-07-14,PN-EQ-02,24.0,0.0,9731.5,48.3,430.0,
2026-09-24,PN-EQ-08,24.0,0.0,8964.9,124.3,400.0,
2026-07-22,PN-EQ-08,4.0,20.0,1477.3,19.1,400.0,
2026-10-31,PN-EQ-02,24.0,0.0,8949.0,189.1,430.0,
2026-12-05,PN-EQ-06,24.0,0.0,6037.7,183.5,300.0,
2026-12-27,PN-EQ-10,24.0,0.0,9983.4,127.6,500.0,
2026-05-13,PN-EQ-04,24.0,0.0,9398.2,137.6,460.0,
2026-11-01,PN-EQ-03,24.0,0.0,8587.2,121.8,380.0,
2027-07-11,PN-EQ-02,24.0,0.0,10216.8,274.7,430.0,
2026-05-13,PN-EQ-07,24.0,0.0,7205.3,168.8,350.0,
2027-03-03,PN-EQ-06,21.5,2.5,5931.2,88.1,300.0,
2026-09-13,PN-EQ-04,24.0,0.0,9981.0,194.5,460.0,
2027-11-27,PN-EQ-03,24.0,0.0,8001.7,208.4,380.0,
2026-03-06,PN-EQ-10,2.71,1.79,1145.3,48.6,500.0,2.0
2027-10-02,PN-EQ-02,24.0,0.0,9786.9,233.9,430.0,
2026-10-12,PN-EQ-10,24.0,0.0,10598.8,266.6,500.0,
2026-11-24,PN-EQ-04,24.0,0.0,10591.1,189.9,460.0,
2026-12-23,PN-EQ-02,24.0,0.0,9402.6,235.2,430.0,
2026-01-31,PN-EQ-01,19.8,4.2,8757.9,189.1,520.0,
2027-09-22,PN-EQ-06,24.0,0.0,5866.0,117.5,300.0,
2026-04-14,PN-EQ-09,15.26,0.0,3315.9,57.8,260.0,1.0
2026-05-27,PN-EQ-08,24.0,0.0,8373.1,58.1,400.0,
2026-12-15,PN-EQ-01,24.0,0.0,12116.2,344.8,520.0,
2026-06-08,PN-EQ-04,24.0,0.0,9294.0,38.7,460.0,
2026-04-26,PN-EQ-10,0.53,4.76,153.0,28.3,500.0,1.0
2027-06-08,PN-EQ-04,19.3,4.7,8789.2,371.2,460.0,
2027-03-23,PN-EQ-09,24.0,0.0,6078.1,81.0,260.0,
2027-07-03,PN-EQ-07,24.0,0.0,6778.3,185.1,350.0,
2027-11-12,PN-EQ-06,23.3,0.7,6232.9,11.9,300.0,
2027-04-14,PN-EQ-04,24.0,0.0,9878.3,,460.0,
2027-06-03,PN-EQ-03,24.0,0.0,7888.9,,380.0,
2027-10-03,PN-EQ-08,24.0,0.0,8232.6,215.5,400.0,
2026-12-12,PN-EQ-02,24.0,0.0,8918.5,268.6,430.0,
2027-12-17,PN-EQ-10,24.0,0.0,10504.2,27.1,500.0,
2026-11-10,PN-EQ-10,24.0,0.0,11470.2,327.3,500.0,
2027-03-14,PN-EQ-04,24.0,0.0,10284.3,156.6,460.0,
2026-07-09,PN-EQ-06,24.0,0.0,5880.3,61.0,300.0,
2027-07-29,PN-EQ-05,24.0,0.0,6692.5,133.5,300.0,
2027-02-16,PN-EQ-10,24.0,0.0,11880.0,271.1,500.0,
2027-04-01,PN-EQ-04,24.0,0.0,10817.0,53.3,460.0,
2026-07-05,PN-EQ-04,15.8,8.2,6810.4,77.0,460.0,
2026-01-23,PN-EQ-09,19.8,4.2,4403.1,128.5,260.0,
2027-06-01,PN-EQ-06,24.0,0.0,6349.3,152.7,300.0,
2027-10-13,PN-EQ-09,22.8,1.2,4831.2,,260.0,
2027-04-26,PN-EQ-07,16.7,7.3,5219.7,67.2,350.0,
2027-07-15,PN-EQ-07,22.5,1.5,6846.2,95.9,350.0,
2026-04-16,PN-EQ-09,8.07,0.0,1766.2,105.4,260.0,2.0
2027-02-19,PN-EQ-04,23.5,0.5,9966.1,208.7,460.0,
2027-06-13,PN-EQ-05,24.0,0.0,6377.7,199.5,300.0,
2026-01-14,PN-EQ-04,24.0,0.0,9958.7,171.3,460.0,
2027-08-03,PN-EQ-10,4.0,20.0,1863.8,15.1,500.0,
2026-03-07,PN-EQ-10,11.94,0.09,5980.1,51.0,500.0,2.0
2027-04-30,PN-EQ-07,24.0,0.0,7610.5,212.7,350.0,
2026-01-13,PN-EQ-01,21.4,2.6,10098.4,134.6,520.0,
2027-06-19,PN-EQ-08,24.0,0.0,7820.5,138.6,400.0,
2026-02-09,PN-EQ-09,15.73,0.0,3493.4,10.8,260.0,2.0
2027-01-21,PN-EQ-04,24.0,0.0,10303.9,,460.0,
2026-04-11,PN-EQ-09,15.53,0.0,3773.5,24.7,260.0,2.0
2026-08-02,PN-EQ-09,24.0,0.0,5863.0,184.0,260.0,
2027-06-15,PN-EQ-08,24.0,0.0,8398.1,142.7,400.0,
2027-04-19,PN-EQ-06,24.0,0.0,5670.6,162.2,300.0,
2027-07-02,PN-EQ-10,24.0,0.0,9700.4,162.3,500.0,
2026-08-15,PN-EQ-09,24.0,0.0,5923.5,77.6,260.0,
2027-07-19,PN-EQ-02,24.0,0.0,9733.4,229.9,430.0,
2027-10-05,PN-EQ-04,24.0,0.0,10147.9,347.1,460.0,
2026-11-15,PN-EQ-05,10.0,14.0,2688.8,87.3,300.0,
2026-02-05,PN-EQ-08,24.0,0.0,9435.5,147.6,400.0,
2026-05-25,PN-EQ-02,24.0,0.0,8379.9,102.8,430.0,
2027-08-14,PN-EQ-03,24.0,0.0,8192.1,248.1,380.0,
2027-05-14,PN-EQ-07,24.0,0.0,7292.4,105.1,350.0,
2027-10-29,PN-EQ-05,22.7,1.3,5455.7,30.4,300.0,
2027-10-01,PN-EQ-05,9.5,14.5,2821.5,38.5,300.0,
2027-01-12,PN-EQ-01,24.0,0.0,11491.5,312.4,520.0,
2026-12-07,PN-EQ-04,14.5,9.5,5851.4,87.5,460.0,
2026-06-27,PN-EQ-03,24.0,0.0,7970.7,99.4,380.0,
2027-01-03,PN-EQ-07,24.0,0.0,7133.9,188.9,350.0,
2027-04-20,PN-EQ-03,24.0,0.0,8538.4,157.9,380.0,
2027-03-23,PN-EQ-07,24.0,0.0,7000.0,66.8,350.0,
2026-03-29,PN-EQ-04,22.4,1.6,9719.6,212.6,460.0,
2027-03-11,PN-EQ-10,24.0,0.0,10999.5,99.7,500.0,
2026-08-30,PN-EQ-05,24.0,0.0,6933.6,161.1,300.0,
2026-09-06,PN-EQ-05,24.0,0.0,6792.0,188.7,300.0,
2027-12-29,PN-EQ-01,24.0,0.0,11673.6,0.0,520.0,
2026-05-05,PN-EQ-09,3.7,0.0,1023.0,48.9,260.0,1.0
2027-12-03,PN-EQ-06,16.6,7.4,4357.9,77.1,300.0,
2027-07-04,PN-EQ-06,24.0,0.0,5952.6,114.9,300.0,
2026-04-22,PN-EQ-05,21.2,2.8,5626.4,143.3,300.0,
2026-10-27,PN-EQ-04,22.9,1.1,9300.8,146.2,460.0,
2027-04-30,PN-EQ-10,24.0,0.0,11869.5,115.0,500.0,
2027-02-21,PN-EQ-04,24.0,0.0,10601.9,178.0,460.0,
2027-07-20,PN-EQ-09,22.8,1.2,5524.2,120.3,260.0,
2027-03-19,PN-EQ-08,24.0,0.0,8293.6,203.4,400.0,
2026-02-28,PN-EQ-10,2.43,0.0,866.3,73.2,500.0,1.0
2027-04-06,PN-EQ-10,24.0,0.0,11001.5,275.1,500.0,
2026-01-25,PN-EQ-05,24.0,0.0,6787.9,197.8,300.0,
2027-01-15,PN-EQ-09,24.0,0.0,5545.1,160.9,260.0,
2026-03-23,PN-EQ-05,24.0,0.0,6231.9,120.3,300.0,
2026-03-20,PN-EQ-01,24.0,0.0,11069.8,206.0,520.0,
2026-08-27,PN-EQ-04,24.0,0.0,9836.5,73.0,460.0,
2026-07-13,PN-EQ-08,24.0,0.0,9062.1,49.4,400.0,
2027-02-05,PN-EQ-03,24.0,0.0,8135.5,190.3,380.0,
2027-11-29,PN-EQ-08,24.0,0.0,8399.6,140.0,400.0,
2027-09-30,PN-EQ-08,24.0,0.0,9218.7,156.7,400.0,
2026-10-08,PN-EQ-08,16.1,7.9,5259.9,43.0,400.0,
2026-11-30,PN-EQ-10,24.0,0.0,11271.7,113.8,500.0,
2027-10-23,PN-EQ-03,17.4,6.6,6040.5,258.7,380.0,
2027-07-11,PN-EQ-07,24.0,0.0,7980.3,218.9,350.0,
2027-11-12,PN-EQ-10,24.0,0.0,11287.1,219.0,500.0,
2026-01-12,PN-EQ-06,23.4,0.6,5932.4,105.2,300.0,
2027-09-28,PN-EQ-06,16.6,7.4,4626.4,125.9,300.0,
2026-08-28,PN-EQ-08,24.0,0.0,8487.7,148.2,400.0,
2027-09-05,PN-EQ-09,24.0,0.0,5851.5,201.6,260.0,
2026-11-16,PN-EQ-01,24.0,0.0,10458.9,310.7,520.0,
2026-10-30,PN-EQ-07,24.0,0.0,7158.3,96.8,350.0,
2026-12-23,PN-EQ-04,24.0,0.0,10234.4,269.8,460.0,
2026-10-21,PN-EQ-07,24.0,0.0,7820.9,10.3,350.0,
2027-05-05,PN-EQ-07,24.0,0.0,6597.5,,350.0,
2027-04-26,PN-EQ-01,24.0,0.0,11579.4,96.7,520.0,
2027-02-26,PN-EQ-04,24.0,0.0,9693.0,131.6,460.0,
2027-03-11,PN-EQ-01,24.0,0.0,11189.9,268.9,520.0,
2026-12-22,PN-EQ-02,23.3,0.7,9466.4,123.4,430.0,
2026-04-04,PN-EQ-09,5.33,0.0,1305.9,2.9,260.0,3.0
2027-06-01,PN-EQ-05,24.0,0.0,6392.4,137.6,300.0,
2027-01-24,PN-EQ-09,24.0,0.0,6177.6,146.9,260.0,
2027-10-31,PN-EQ-05,17.2,6.8,4587.7,113.3,300.0,
2027-01-23,PN-EQ-07,24.0,0.0,6595.5,122.9,350.0,
2027-06-14,PN-EQ-08,24.0,0.0,9432.9,138.0,400.0,
2027-12-04,PN-EQ-07,24.0,0.0,7454.9,23.2,350.0,
2027-04-12,PN-EQ-02,4.0,20.0,1521.8,48.6,430.0,
2027-11-08,PN-EQ-04,24.0,0.0,9368.1,243.7,460.0,
2027-12-30,PN-EQ-03,24.0,0.0,8376.7,181.1,380.0,
2027-12-18,PN-EQ-03,24.0,0.0,7805.1,83.0,380.0,
2026-03-21,PN-EQ-10,22.26,0.0,9556.4,139.1,500.0,3.0
2026-09-28,PN-EQ-09,24.0,0.0,5482.6,36.7,260.0,
2027-07-28,PN-EQ-04,24.0,0.0,10028.2,112.2,460.0,
2026-07-16,PN-EQ-05,24.0,0.0,6612.9,0.0,300.0,
2027-10-07,PN-EQ-02,24.0,0.0,8879.7,166.6,430.0,
2026-08-23,PN-EQ-09,24.0,0.0,5526.2,54.3,260.0,
2027-10-29,PN-EQ-10,24.0,0.0,10448.3,113.2,500.0,
2026-12-01,PN-EQ-10,24.0,0.0,11859.9,270.2,500.0,
2027-04-18,PN-EQ-01,24.0,0.0,11529.3,191.3,520.0,
2027-11-10,PN-EQ-02,24.0,0.0,9008.3,176.9,430.0,
2027-08-26,PN-EQ-07,24.0,0.0,7300.3,138.2,350.0,
2026-04-24,PN-EQ-04,24.0,0.0,10574.0,228.4,460.0,
2027-09-03,PN-EQ-10,24.0,0.0,9908.8,115.7,500.0,
2026-12-05,PN-EQ-02,21.3,2.7,7981.8,247.8,430.0,
2026-08-07,PN-EQ-08,24.0,0.0,8435.1,118.7,400.0,
2027-04-10,PN-EQ-03,24.0,0.0,7957.6,174.6,380.0,
2026-11-03,PN-EQ-06,24.0,0.0,6482.0,166.4,300.0,
2026-09-21,PN-EQ-03,24.0,0.0,8014.1,229.0,380.0,
2027-12-22,PN-EQ-09,24.0,0.0,5557.3,149.2,260.0,
2027-09-12,PN-EQ-06,24.0,0.0,6785.6,138.2,300.0,
2027-12-14,PN-EQ-06,24.0,0.0,6949.0,119.1,300.0,
2026-11-07,PN-EQ-08,24.0,0.0,8547.9,265.5,400.0,
2027-03-06,PN-EQ-06,24.0,0.0,6468.2,161.3,300.0,
2027-11-12,PN-EQ-07,24.0,0.0,7376.5,214.0,350.0,
2026-06-21,PN-EQ-10,24.0,0.0,11064.9,134.1,500.0,
2027-02-02,PN-EQ-05,16.1,7.9,4199.1,50.9,300.0,
2027-08-22,PN-EQ-06,24.0,0.0,6653.6,84.6,300.0,
2026-03-23,PN-EQ-10,5.5,0.0,2822.9,16.1,500.0,3.0
2027-12-09,PN-EQ-08,24.0,0.0,9098.6,228.4,400.0,
2026-06-11,PN-EQ-09,24.0,0.0,5873.1,,260.0,
2026-10-11,PN-EQ-02,24.0,0.0,9496.2,260.3,430.0,
2027-10-30,PN-EQ-03,24.0,0.0,8317.2,169.0,380.0,
2027-01-01,PN-EQ-06,24.0,0.0,6058.6,91.2,300.0,
2026-02-03,PN-EQ-06,24.0,0.0,7110.9,,300.0,
2026-02-21,PN-EQ-05,14.1,9.9,3648.5,18.5,300.0,
2026-08-13,PC-EQ-03,24.0,0.0,6442.3,105.0,304.0,
2026-08-15,PN-EQ-01,24.0,0.0,12355.2,308.6,520.0,
2026-07-06,PN-EQ-01,24.0,0.0,12233.0,134.8,520.0,
2027-04-21,PN-EQ-09,24.0,0.0,6177.6,116.6,260.0,
2027-10-01,PN-EQ-06,24.0,0.0,6683.3,49.9,300.0,
2026-06-20,PN-EQ-07,24.0,0.0,7507.5,72.1,350.0,
2027-12-26,PN-EQ-03,24.0,0.0,7644.7,166.7,380.0,
2026-02-16,PN-EQ-09,22.38,0.0,5225.7,18.2,260.0,2.0
2026-08-26,PN-EQ-08,21.7,2.3,7430.0,136.1,400.0,
2027-06-15,PN-EQ-09,24.0,0.0,5229.7,70.9,260.0,
2026-04-19,PN-EQ-07,24.0,0.0,7566.7,232.4,350.0,
2027-07-05,PN-EQ-10,21.4,2.6,8840.6,204.2,500.0,
2026-12-06,PN-EQ-01,24.0,0.0,11038.5,259.7,520.0,
2027-04-12,PN-EQ-01,23.0,1.0,10597.6,209.6,520.0,
2027-08-21,PN-EQ-10,24.0,0.0,10812.3,329.1,500.0,
2027-04-11,PN-EQ-02,24.0,0.0,9254.0,237.0,430.0,
2027-08-23,PN-EQ-08,24.0,0.0,8679.6,126.9,400.0,
2026-12-18,PN-EQ-09,24.0,0.0,5415.7,102.6,260.0,
2026-09-24,PN-EQ-07,24.0,0.0,8105.3,161.0,350.0,
2027-01-27,PN-EQ-09,24.0,0.0,5299.3,154.0,260.0,
2027-01-03,PN-EQ-03,24.0,0.0,7788.2,126.8,380.0,
2027-12-20,PN-EQ-03,15.5,8.5,5276.4,112.5,380.0,
2026-04-05,PN-EQ-04,24.0,0.0,9189.1,162.8,460.0,
2026-03-21,PN-EQ-03,24.0,0.0,7878.4,211.0,380.0,
2027-11-06,PN-EQ-08,21.5,2.5,7970.7,181.2,400.0,
2026-04-18,PN-EQ-06,23.0,1.0,6196.7,159.9,300.0,
2027-10-29,PN-EQ-01,24.0,0.0,11116.6,216.1,520.0,
2027-01-09,PN-EQ-02,24.0,0.0,9628.3,236.0,430.0,
2027-01-07,PN-EQ-09,24.0,0.0,5791.7,118.8,260.0,
2026-06-30,PN-EQ-10,24.0,0.0,10439.8,197.2,500.0,
2026-11-08,PN-EQ-02,24.0,0.0,9640.0,229.4,430.0,
2027-01-19,PN-EQ-05,4.0,20.0,1175.8,17.4,300.0,
2026-12-05,PN-EQ-10,24.0,0.0,10540.4,192.2,500.0,
2026-09-21,PN-EQ-07,24.0,0.0,7367.4,112.5,350.0,
2027-12-07,PN-EQ-05,24.0,0.0,6236.6,102.8,300.0,
2027-10-17,PN-EQ-03,24.0,0.0,7686.3,147.9,380.0,
2026-03-26,PN-EQ-05,17.9,6.1,4955.5,126.9,300.0,
2026-01-30,PN-EQ-08,23.5,0.5,8701.6,236.4,400.0,
2027-09-24,PN-EQ-05,17.9,6.1,4804.4,85.8,300.0,
2027-08-05,PN-EQ-06,23.4,0.6,6126.0,173.4,300.0,
2026-07-11,PN-EQ-03,24.0,0.0,7757.5,223.9,380.0,
2026-04-21,PN-EQ-01,12.4,11.6,5482.9,113.5,520.0,
2027-07-12,PN-EQ-05,24.0,0.0,6552.3,148.0,300.0,
2026-08-23,PN-EQ-07,24.0,0.0,7035.3,213.5,350.0,
2026-04-24,PN-EQ-09,8.24,0.0,1791.0,0.4,260.0,2.0
2026-08-16,PN-EQ-10,15.7,8.3,7244.1,89.7,500.0,
2026-04-09,PN-EQ-10,13.88,0.0,6370.4,96.9,500.0,1.0
2027-09-21,PN-EQ-04,15.3,8.7,6366.6,136.8,460.0,
2026-03-22,PN-EQ-06,21.3,2.7,6057.5,176.6,300.0,
2026-12-30,PN-EQ-03,24.0,0.0,8152.5,267.3,380.0,
2026-04-05,PN-EQ-10,6.1,0.0,2991.9,6.9,500.0,1.0
2027-09-09,PN-EQ-02,24.0,0.0,9569.0,169.3,430.0,
2027-10-14,PN-EQ-03,24.0,0.0,8239.9,230.3,380.0,
2027-11-17,PN-EQ-02,24.0,0.0,9322.6,86.2,430.0,
2026-10-24,PN-EQ-08,24.0,0.0,8990.2,134.1,400.0,
2027-03-05,PN-EQ-01,24.0,0.0,10987.7,202.8,520.0,
2026-08-10,PN-EQ-06,24.0,0.0,6230.5,100.2,300.0,
2026-02-26,PN-EQ-06,18.3,5.7,4989.8,121.7,300.0,
2026-06-28,PN-EQ-04,24.0,0.0,10579.2,236.5,460.0,
2026-09-23,PN-EQ-10,4.0,20.0,1636.9,33.8,500.0,
2027-09-18,PN-EQ-09,24.0,0.0,6124.7,214.3,260.0,
2027-03-11,PN-EQ-04,24.0,0.0,9427.8,259.4,460.0,
2027-02-01,PN-EQ-05,24.0,0.0,6852.3,46.3,300.0,
2026-02-25,PN-EQ-09,5.31,0.03,1319.7,155.2,260.0,2.0
2027-07-09,PN-EQ-04,24.0,0.0,9696.5,247.0,460.0,
2027-11-22,PN-EQ-10,4.0,20.0,1841.8,16.8,500.0,
2027-07-24,PN-EQ-02,14.8,9.2,6237.5,80.6,430.0,
2027-11-08,PN-EQ-09,24.0,0.0,5599.0,79.1,260.0,
2026-08-31,PN-EQ-07,24.0,0.0,7413.1,116.3,350.0,
2027-12-10,PN-EQ-05,24.0,0.0,6305.8,111.0,300.0,
2027-10-28,PN-EQ-03,24.0,0.0,8489.9,339.0,380.0,
2026-11-02,PN-EQ-08,24.0,0.0,9136.5,153.3,400.0,
2027-09-28,PN-EQ-07,24.0,0.0,8316.0,132.4,350.0,
2027-06-27,PN-EQ-08,24.0,0.0,8243.0,192.1,400.0,
2027-01-02,PN-EQ-08,23.4,0.6,8097.4,204.7,400.0,
2026-06-25,PN-EQ-10,24.0,0.0,10725.2,214.3,500.0,
2026-04-30,PN-EQ-08,19.9,4.1,6820.1,61.5,400.0,
2026-02-27,PN-EQ-08,22.3,1.7,8616.7,161.1,400.0,
2027-12-21,PN-EQ-08,24.0,0.0,8346.8,136.6,400.0,
2027-12-05,PN-EQ-03,21.6,2.4,7832.9,169.8,380.0,
2027-02-08,PN-EQ-05,22.2,1.8,5970.3,147.0,300.0,
2026-03-29,PN-EQ-08,20.0,4.0,7059.7,211.6,400.0,
2026-06-18,PN-EQ-04,17.8,6.2,6849.5,87.5,460.0,
2027-09-08,PN-EQ-03,24.0,0.0,8111.2,135.9,380.0,
2027-08-30,PN-EQ-08,24.0,0.0,9425.9,205.4,400.0,
2026-01-11,PN-EQ-01,24.0,0.0,10483.0,294.0,520.0,
2026-02-24,PN-EQ-06,22.8,1.2,6050.5,107.6,300.0,
2027-11-17,PN-EQ-06,24.0,0.0,6220.4,103.8,300.0,
2026-12-03,PN-EQ-04,24.0,0.0,9833.2,229.4,460.0,
2027-05-09,PN-EQ-10,24.0,0.0,10748.5,203.5,500.0,
2027-06-21,PN-EQ-02,21.6,2.4,8081.2,136.6,430.0,
2026-12-31,PN-EQ-06,24.0,0.0,6501.6,82.5,300.0,
2026-06-13,PN-EQ-06,24.0,0.0,7022.0,210.2,300.0,
2026-01-13,PN-EQ-02,21.1,2.9,8982.3,123.4,430.0,
2026-05-13,PN-EQ-10,1.91,0.0,997.2,98.5,500.0,1.0
2027-08-15,PN-EQ-10,22.9,1.1,10675.7,277.3,500.0,
2026-04-01,PN-EQ-06,24.0,0.0,6781.3,91.8,300.0,
2026-02-21,PN-EQ-10,10.18,2.33,4549.3,1.3,500.0,2.0
2027-12-25,PN-EQ-03,24.0,0.0,8362.3,157.9,380.0,
2026-06-01,PN-EQ-03,24.0,0.0,8908.6,186.2,380.0,
2026-08-26,PN-EQ-05,24.0,0.0,5752.7,117.3,300.0,
2026-03-17,PN-EQ-10,13.65,0.0,6335.1,28.6,500.0,3.0
2026-09-01,PN-EQ-01,24.0,0.0,10724.4,346.4,520.0,
2027-02-26,PN-EQ-09,24.0,0.0,6084.8,185.5,260.0,
2027-01-13,PN-EQ-07,24.0,0.0,8124.9,156.7,350.0,
2026-10-13,PN-EQ-08,24.0,0.0,9109.9,262.9,400.0,
2027-12-18,PN-EQ-08,24.0,0.0,9458.9,143.5,400.0,
2026-02-07,PN-EQ-07,24.0,0.0,7362.5,27.4,350.0,
2026-07-16,PN-EQ-07,24.0,0.0,7641.0,109.8,350.0,
2027-01-03,PN-EQ-02,24.0,0.0,8906.9,165.9,430.0,
2027-03-02,PN-EQ-10,24.0,0.0,10604.1,232.7,500.0,
2026-03-26,PN-EQ-10,10.02,2.5,4658.1,88.0,500.0,2.0
2026-12-12,PN-EQ-09,24.0,0.0,5153.2,69.3,260.0,
2026-03-03,PN-EQ-10,11.88,0.0,5400.8,11.7,500.0,3.0
2027-11-03,PN-EQ-07,17.4,6.6,5476.3,150.9,350.0,
2026-01-17,PN-EQ-09,24.0,0.0,4642.7,95.8,260.0,
2026-02-12,PN-EQ-08,18.0,6.0,6451.8,213.0,400.0,
2027-01-17,PN-EQ-05,24.0,0.0,6341.0,166.3,300.0,
2026-04-05,PN-EQ-09,7.88,0.26,1937.1,35.5,260.0,1.0
2026-03-28,PN-EQ-02,24.0,0.0,8278.7,156.4,430.0,
2027-01-15,PN-EQ-10,9.6,14.4,4535.7,138.7,500.0,
2026-03-19,PN-EQ-04,24.0,0.0,9829.6,174.4,460.0,
2026-09-09,PN-EQ-08,24.0,0.0,8324.9,170.0,400.0,
2026-02-10,PN-EQ-09,7.14,0.0,1805.7,46.0,260.0,2.0
2026-10-22,PN-EQ-07,24.0,0.0,7290.2,96.8,350.0,
2026-09-18,PN-EQ-03,24.0,0.0,8399.4,268.4,380.0,
2026-04-29,PN-EQ-03,22.1,1.9,8314.0,235.0,380.0,
2027-08-05,PN-EQ-02,24.0,0.0,10138.8,274.6,430.0,
2026-08-26,PN-EQ-06,24.0,0.0,6434.1,146.3,300.0,
2027-11-11,PN-EQ-10,18.6,5.4,8644.5,192.3,500.0,
2026-04-12,PN-EQ-09,14.2,0.0,3215.6,16.5,260.0,3.0
2027-11-20,PN-EQ-07,24.0,0.0,7716.9,69.3,350.0,
2026-08-31,PN-EQ-05,24.0,0.0,6283.8,189.3,300.0,
2026-11-13,PN-EQ-08,24.0,0.0,8895.0,187.2,400.0,
2026-06-27,PN-EQ-08,4.0,20.0,1415.5,39.2,400.0,
2026-05-27,PN-EQ-02,24.0,0.0,8897.3,289.5,430.0,
2026-07-19,PN-EQ-03,24.0,0.0,8078.2,159.6,380.0,
2026-08-23,PN-EQ-04,4.0,20.0,1759.8,35.0,460.0,
2027-10-08,PN-EQ-02,23.3,0.7,8513.9,103.4,430.0,
2026-02-10,PN-EQ-01,24.0,0.0,10524.2,210.9,520.0,
2026-01-25,PN-EQ-07,24.0,0.0,8186.5,241.2,350.0,
2026-07-19,PN-EQ-02,24.0,0.0,8976.2,158.8,430.0,
2027-05-01,PN-EQ-01,16.2,7.8,7680.3,249.6,520.0,
2026-01-15,PN-EQ-06,24.0,0.0,5268.0,102.1,300.0,
2027-09-07,PN-EQ-07,24.0,0.0,7778.3,112.6,350.0,
2026-11-02,PN-EQ-02,24.0,0.0,9898.8,287.8,430.0,
2027-01-15,PN-EQ-01,24.0,0.0,11719.4,367.1,520.0,
2027-09-30,PN-EQ-06,19.7,4.3,5559.4,173.2,300.0,
2026-11-17,PN-EQ-05,24.0,0.0,6062.3,202.5,300.0,
2026-03-24,PN-EQ-04,24.0,0.0,9555.6,278.4,460.0,
2026-06-06,PN-EQ-01,24.0,0.0,11554.0,387.2,520.0,
2026-02-16,PN-EQ-07,24.0,0.0,8110.8,137.5,350.0,
2027-11-15,PN-EQ-06,24.0,0.0,5828.1,169.1,300.0,
2026-07-23,PN-EQ-05,6.9,17.1,1980.0,14.3,300.0,
2027-09-15,PN-EQ-01,24.0,0.0,10558.0,260.4,520.0,
2026-09-15,PN-EQ-01,24.0,0.0,11460.1,241.7,520.0,
2026-12-25,PN-EQ-09,22.9,1.1,5490.3,171.5,260.0,
2027-05-07,PN-EQ-05,24.0,0.0,6637.1,218.2,300.0,
2026-10-11,PN-EQ-05,17.5,6.5,4054.4,99.9,300.0,
2027-12-17,PN-EQ-06,24.0,0.0,6560.7,141.0,300.0,
2027-04-07,PN-EQ-06,24.0,0.0,6746.8,140.4,300.0,
2027-09-14,PN-EQ-04,18.5,5.5,7141.2,44.7,460.0,
2026-01-24,PN-EQ-06,24.0,0.0,6344.0,242.7,300.0,
2027-02-24,PN-EQ-09,24.0,0.0,5659.3,162.2,260.0,
2027-04-09,PN-EQ-06,24.0,0.0,6653.9,187.7,300.0,
2027-08-15,PN-EQ-09,24.0,0.0,5774.9,156.6,260.0,
2026-03-30,PN-EQ-10,5.06,0.0,2040.4,30.9,500.0,1.0
2027-02-14,PN-EQ-04,24.0,0.0,9715.1,207.4,460.0,
2027-06-28,PN-EQ-04,21.4,2.6,8589.6,175.9,460.0,
2026-08-25,PN-EQ-06,8.4,15.6,2446.3,45.4,300.0,
2026-10-26,PN-EQ-02,24.0,0.0,8756.4,270.0,430.0,
2027-08-30,PN-EQ-02,24.0,0.0,8324.3,108.6,430.0,
2026-07-29,PN-EQ-06,24.0,0.0,6595.0,121.3,300.0,
2027-08-27,PN-EQ-04,12.6,11.4,5280.1,75.4,460.0,
2027-03-23,PN-EQ-05,15.6,8.4,4075.2,147.9,300.0,
2027-08-29,PN-EQ-05,24.0,0.0,5860.8,160.8,300.0,
2026-02-17,PN-EQ-05,24.0,0.0,6712.8,128.1,300.0,
2026-04-28,PN-EQ-05,24.0,0.0,5930.3,132.8,300.0,
2027-02-13,PN-EQ-05,15.1,8.9,3776.5,112.9,300.0,
2026-07-16,PN-EQ-04,24.0,0.0,10531.4,240.0,460.0,
2026-06-04,PN-EQ-07,24.0,0.0,7499.6,,350.0,
2026-07-28,PN-EQ-04,24.0,0.0,9282.7,167.8,460.0,
2026-10-23,PN-EQ-09,20.9,3.1,5157.4,132.2,260.0,
2026-10-29,PN-EQ-05,24.0,0.0,6796.8,142.8,300.0,
2027-07-23,PN-EQ-04,22.1,1.9,8814.6,190.6,460.0,
2026-04-28,PN-EQ-02,24.0,0.0,8863.6,200.1,430.0,
2026-12-02,PN-EQ-02,24.0,0.0,9175.1,,430.0,
2026-03-03,PN-EQ-10,1.09,0.0,619.3,78.9,500.0,1.0
2026-03-02,PN-EQ-10,1.92,0.78,923.4,49.8,500.0,1.0
2026-09-06,PN-EQ-07,24.0,0.0,8134.3,175.4,350.0,
2026-06-13,PN-EQ-04,24.0,0.0,10195.9,108.7,460.0,
2026-11-26,PN-EQ-02,22.0,2.0,8136.8,,430.0,
2026-03-07,PN-EQ-09,1.56,0.0,160.2,27.5,260.0,1.0
2027-01-18,PN-EQ-07,24.0,0.0,7246.8,139.2,350.0,
2026-10-06,PN-EQ-05,24.0,0.0,6107.8,147.4,300.0,
2027-05-24,PN-EQ-04,24.0,0.0,10929.6,230.6,460.0,
2026-10-13,PN-EQ-07,24.0,0.0,7686.9,171.6,350.0,
2026-05-17,PN-EQ-10,0.41,5.03,156.8,71.7,500.0,2.0
2026-06-28,PN-EQ-03,24.0,0.0,9028.8,245.2,380.0,
2026-09-18,PN-EQ-05,21.1,2.9,5709.9,86.6,300.0,
2027-04-15,PN-EQ-05,24.0,0.0,6663.9,90.8,300.0,
2027-10-14,PN-EQ-10,22.6,1.4,10831.3,233.8,500.0,
2027-09-16,PN-EQ-02,4.0,20.0,1537.9,8.9,430.0,
2027-04-16,PN-EQ-04,24.0,0.0,9654.4,99.4,460.0,
2026-05-21,PN-EQ-07,24.0,0.0,8218.0,175.0,350.0,
2027-04-05,PN-EQ-01,24.0,0.0,11508.9,142.9,520.0,
2027-02-19,PN-EQ-02,14.8,9.2,5537.9,69.9,430.0,
2026-12-08,PN-EQ-01,24.0,0.0,10598.2,186.8,520.0,
2026-09-10,PN-EQ-05,24.0,0.0,6582.6,75.6,300.0,
2026-09-08,PN-EQ-06,22.7,1.3,6480.4,198.4,300.0,
2027-01-22,PN-EQ-09,24.0,0.0,5615.5,149.4,260.0,
2027-12-30,PN-EQ-10,24.0,0.0,11515.9,89.5,500.0,
2027-03-08,PN-EQ-04,17.1,6.9,6773.7,145.5,460.0,
2026-04-04,PN-EQ-01,24.0,0.0,11228.6,230.2,520.0,
2026-09-20,PN-EQ-01,24.0,0.0,11139.6,158.8,520.0,
2027-08-05,PN-EQ-01,24.0,0.0,11084.2,236.5,520.0,
2027-10-28,PN-EQ-06,24.0,0.0,6693.4,147.2,300.0,
2027-12-03,PN-EQ-02,24.0,0.0,9987.4,380.1,430.0,
2026-09-23,PN-EQ-02,24.0,0.0,8470.0,169.7,430.0,
2026-07-12,PN-EQ-04,24.0,0.0,10297.1,237.8,460.0,
2026-05-19,PN-EQ-02,4.0,20.0,1571.0,40.0,430.0,
2026-09-29,PN-EQ-04,24.0,0.0,9262.4,92.7,460.0,
2026-02-14,PN-EQ-09,15.48,0.0,3357.8,16.2,260.0,3.0
2027-04-11,PN-EQ-07,24.0,0.0,7303.0,109.9,350.0,
2026-04-20,PN-EQ-09,1.73,5.5,334.0,36.5,260.0,1.0
2026-06-06,PN-EQ-10,24.0,0.0,10920.9,270.2,500.0,
2027-05-17,PN-EQ-08,24.0,0.0,8108.2,147.1,400.0,
2026-05-07,PN-EQ-02,24.0,0.0,9565.7,114.2,430.0,
2026-07-31,PN-EQ-08,4.4,19.6,1690.6,43.8,400.0,
2027-05-22,PN-EQ-06,24.0,0.0,6331.0,251.5,300.0,
2026-05-23,PN-EQ-02,24.0,0.0,9597.0,286.2,430.0,
2026-06-03,PN-EQ-09,24.0,0.0,5904.0,81.6,260.0,
2027-01-17,PN-EQ-08,24.0,0.0,9121.8,74.1,400.0,
2026-02-17,PN-EQ-06,24.0,0.0,6985.1,155.0,300.0,
2027-03-16,PN-EQ-01,24.0,0.0,11152.5,84.6,520.0,
2026-04-28,PN-EQ-06,17.2,6.8,5108.4,147.3,300.0,
2026-07-20,PN-EQ-02,24.0,0.0,9742.7,0.0,430.0,
2026-01-17,PN-EQ-03,24.0,0.0,8276.5,261.0,380.0,
2027-01-29,PN-EQ-02,24.0,0.0,9367.4,143.5,430.0,
2027-09-25,PN-EQ-06,24.0,0.0,6903.7,192.5,300.0,
2026-07-13,PN-EQ-05,24.0,0.0,7128.0,114.6,300.0,
2027-09-13,PN-EQ-10,24.0,0.0,10166.9,285.5,500.0,
2026-02-02,PN-EQ-06,24.0,0.0,5876.1,169.1,300.0,
2027-06-18,PN-EQ-04,24.0,0.0,10089.8,297.1,460.0,
2026-10-21,PN-EQ-10,24.0,0.0,10775.6,120.2,500.0,
2026-08-07,PN-EQ-05,24.0,0.0,6546.8,166.9,300.0,
2026-06-12,PN-EQ-02,22.8,1.2,8536.0,135.9,430.0,
2027-12-11,PN-EQ-07,24.0,0.0,7657.8,96.2,350.0,
2027-07-18,PN-EQ-01,24.0,0.0,11976.8,265.6,520.0,
2026-05-01,PN-EQ-07,21.5,2.5,7400.6,156.1,350.0,
2027-03-13,PN-EQ-08,18.5,5.5,6691.0,112.2,400.0,
2026-01-10,PN-EQ-07,24.0,0.0,7717.5,107.4,350.0,
2026-07-12,PN-EQ-07,24.0,0.0,7439.7,155.3,350.0,
2026-04-12,PN-EQ-10,5.43,0.0,2373.9,61.0,500.0,2.0
2026-03-26,PN-EQ-01,24.0,0.0,10958.3,182.1,520.0,
2027-09-17,PN-EQ-05,22.3,1.7,5726.0,68.1,300.0,
2026-08-07,PN-EQ-04,24.0,0.0,9043.5,205.3,460.0,
2027-08-08,PN-EQ-09,24.0,0.0,5169.4,34.7,260.0,
2026-08-25,PN-EQ-02,24.0,0.0,9988.3,223.4,430.0,
2027-09-23,PN-EQ-06,24.0,0.0,6337.3,132.6,300.0,
2026-11-02,PN-EQ-09,21.1,2.9,4965.8,167.8,260.0,
2027-09-23,PN-EQ-05,24.0,0.0,6811.3,130.7,300.0,
2027-01-19,PN-EQ-02,24.0,0.0,9839.8,,430.0,
2027-01-08,PN-EQ-08,11.0,13.0,3878.3,151.0,400.0,
2026-04-02,PN-EQ-03,24.0,0.0,8313.4,117.2,380.0,
2026-12-19,PN-EQ-03,24.0,0.0,8343.0,219.7,380.0,
2027-12-11,PN-EQ-02,24.0,0.0,8925.1,141.5,430.0,
2026-03-23,PN-EQ-06,24.0,0.0,6601.0,164.4,300.0,
2027-07-11,PN-EQ-08,23.5,0.5,8032.2,185.1,400.0,
2026-06-01,PN-EQ-10,24.0,0.0,10228.3,121.4,500.0,
2026-08-16,PN-EQ-07,5.9,18.1,1779.2,54.7,350.0,
2026-12-16,PN-EQ-03,24.0,0.0,8587.7,149.5,380.0,
2027-10-05,PN-EQ-09,24.0,0.0,6037.3,136.7,260.0,
2027-12-03,PN-EQ-01,8.6,15.4,4377.7,71.2,520.0,
2026-08-26,PN-EQ-10,24.0,0.0,10652.4,199.4,500.0,
2027-01-25,PN-EQ-07,24.0,0.0,7897.1,94.4,350.0,
2026-04-12,PN-EQ-08,24.0,0.0,7981.0,218.9,400.0,
2026-09-25,PN-EQ-03,24.0,0.0,8775.9,143.8,380.0,
2026-11-01,PN-EQ-09,24.0,0.0,5707.3,175.4,260.0,
2027-04-21,PN-EQ-05,8.3,15.7,2263.4,73.8,300.0,
2026-04-19,PN-EQ-04,24.0,0.0,10168.5,125.7,460.0,
2026-03-02,PN-EQ-10,2.2,0.09,655.9,158.8,500.0,3.0
2027-03-06,PN-EQ-02,24.0,0.0,9465.8,178.6,430.0,
2026-04-15,PN-EQ-09,6.93,0.0,1817.4,52.5,260.0,1.0
2027-05-26,PN-EQ-01,24.0,0.0,12355.2,229.7,520.0,
2026-11-08,PN-EQ-03,24.0,0.0,7922.2,89.8,380.0,
2027-02-19,PN-EQ-10,16.4,7.6,7197.7,154.4,500.0,
2026-01-21,PN-EQ-08,24.0,0.0,8340.8,209.5,400.0,
2027-06-29,PN-EQ-01,24.0,0.0,11063.7,202.7,520.0,
2027-06-16,PN-EQ-07,24.0,0.0,7381.4,191.5,350.0,
2026-07-10,PN-EQ-09,24.0,0.0,5566.8,122.3,260.0,
2026-07-22,PN-EQ-05,24.0,0.0,6458.6,162.6,300.0,
2026-03-14,PN-EQ-03,24.0,0.0,7521.7,241.0,380.0,
2027-02-11,PN-EQ-10,23.0,1.0,10640.0,94.4,500.0,
2027-08-12,PN-EQ-07,24.0,0.0,7518.7,101.1,350.0,
2026-06-30,PN-EQ-01,24.0,0.0,11332.2,176.7,520.0,
2026-12-21,PN-EQ-09,21.5,2.5,5118.2,122.9,260.0,
2027-07-02,PN-EQ-05,24.0,0.0,6271.0,141.7,300.0,
2027-06-29,PN-EQ-02,24.0,0.0,9495.5,172.9,430.0,
2027-10-07,PN-EQ-09,24.0,0.0,5943.1,129.0,260.0,
2026-09-29,PN-EQ-02,24.0,0.0,8581.9,225.6,430.0,
2027-03-22,PN-EQ-07,22.7,1.3,6964.5,178.6,350.0,
2026-03-12,PN-EQ-10,1.36,0.0,746.2,14.7,500.0,2.0
2027-05-25,PN-EQ-04,24.0,0.0,9750.7,193.7,460.0,
2027-10-22,PN-EQ-04,12.1,11.9,5434.0,48.0,460.0,
2027-09-03,PN-EQ-08,24.0,0.0,9400.9,165.2,400.0,
2027-09-19,PN-EQ-10,24.0,0.0,10395.2,278.8,500.0,
2026-02-02,PN-EQ-02,22.0,2.0,8520.4,223.2,430.0,
2027-12-08,PN-EQ-05,24.0,0.0,6569.0,53.6,300.0,
2027-08-28,PN-EQ-03,17.8,6.2,5996.2,19.7,380.0,
2027-12-02,PN-EQ-07,24.0,0.0,7705.9,169.2,350.0,
2026-11-03,PN-EQ-05,24.0,0.0,6556.4,94.5,300.0,
2027-07-28,PN-EQ-08,24.0,0.0,8532.3,195.4,400.0,
2026-12-11,PN-EQ-04,24.0,0.0,9784.3,152.5,460.0,
2026-04-21,PN-EQ-03,24.0,0.0,7731.7,183.6,380.0,
2026-03-07,PN-EQ-06,24.0,0.0,6137.7,177.3,300.0,
2027-05-04,PN-EQ-08,19.6,4.4,7241.3,141.5,400.0,
2027-09-22,PN-EQ-08,24.0,0.0,7896.1,182.0,400.0,
2027-06-02,PN-EQ-05,24.0,0.0,6072.9,42.4,300.0,
2027-02-06,PN-EQ-10,24.0,0.0,10825.7,380.5,500.0,
2026-12-04,PN-EQ-02,23.5,0.5,8026.1,212.3,430.0,
2026-04-22,PN-EQ-07,24.0,0.0,7175.3,83.8,350.0,
2027-05-08,PN-EQ-04,18.8,5.2,7891.2,111.2,460.0,
2027-10-20,PN-EQ-08,11.3,12.7,4474.8,76.6,400.0,
2026-04-25,PN-EQ-05,14.5,9.5,4034.2,107.7,300.0,
2026-07-05,PN-EQ-02,24.0,0.0,9320.2,174.1,430.0,
2026-05-30,PN-EQ-02,14.4,9.6,5547.5,65.7,430.0,
2026-02-23,PN-EQ-10,1.68,0.0,716.2,5.0,500.0,2.0
2027-06-27,PN-EQ-10,15.0,9.0,6221.0,170.8,500.0,
2027-11-25,PN-EQ-02,24.0,0.0,9820.7,178.2,430.0,
2027-02-21,PN-EQ-10,24.0,0.0,9914.0,149.8,500.0,
2026-01-17,PN-EQ-08,24.0,0.0,7758.7,12.5,400.0,
2026-07-27,PN-EQ-01,24.0,0.0,11687.0,116.4,520.0,
2026-12-07,PN-EQ-05,24.0,0.0,6589.0,163.7,300.0,
2027-06-17,PN-EQ-01,24.0,0.0,11452.2,152.7,520.0,
2026-12-08,PN-EQ-07,24.0,0.0,7456.3,169.6,350.0,
2026-07-19,PN-EQ-04,24.0,0.0,10343.6,220.7,460.0,
2026-11-25,PN-EQ-08,24.0,0.0,8785.5,275.9,400.0,
2026-04-10,PN-EQ-10,5.61,0.0,2746.0,5.0,500.0,1.0
2026-11-11,PN-EQ-06,24.0,0.0,6971.7,212.8,300.0,
2027-04-10,PN-EQ-04,24.0,0.0,10211.1,256.5,460.0,
2027-08-07,PN-EQ-03,24.0,0.0,7967.4,203.1,380.0,
2026-09-27,PN-EQ-05,22.8,1.2,6074.7,128.8,300.0,
2026-10-14,PN-EQ-07,23.5,0.5,7586.3,121.5,350.0,
2027-08-07,PN-EQ-08,20.0,4.0,6843.6,159.6,400.0,
2026-09-08,PN-EQ-08,21.3,2.7,7784.2,128.4,400.0,
2027-12-02,PN-EQ-10,24.0,0.0,11297.6,118.6,500.0,
2027-09-18,PN-EQ-02,24.0,0.0,8779.4,184.8,430.0,
2026-05-22,PN-EQ-05,24.0,0.0,5889.1,163.7,300.0,
2027-10-31,PN-EQ-10,24.0,0.0,9289.1,293.3,500.0,
2026-09-17,PN-EQ-04,24.0,0.0,9391.0,191.5,460.0,
2026-02-27,PN-EQ-03,24.0,0.0,8703.2,158.2,380.0,
2027-05-27,PN-EQ-08,24.0,0.0,9166.0,238.4,400.0,
2026-03-27,PN-EQ-09,5.42,0.0,1283.2,67.7,260.0,2.0
2027-09-01,PN-EQ-08,24.0,0.0,8805.2,219.2,400.0,
2026-02-08,PN-EQ-05,24.0,0.0,5963.3,121.1,300.0,
2026-05-24,PN-EQ-01,24.0,0.0,12031.3,360.1,520.0,
2027-10-02,PN-EQ-10,24.0,0.0,11276.6,251.9,500.0,
2026-05-31,PN-EQ-02,24.0,0.0,9926.7,192.1,430.0,
2027-09-10,PN-EQ-09,11.7,12.3,2901.2,48.2,260.0,
2026-05-30,PN-EQ-01,24.0,0.0,11675.9,254.7,520.0,
2026-12-13,PN-EQ-04,24.0,0.0,10119.1,253.1,460.0,
2026-01-26,PN-EQ-08,24.0,0.0,7923.8,71.4,400.0,
2027-06-02,PN-EQ-09,24.0,0.0,5759.1,114.3,260.0,
2026-03-05,PN-EQ-01,24.0,0.0,12355.2,236.9,520.0,
2026-12-16,PN-EQ-01,24.0,0.0,11961.5,322.0,520.0,
2027-02-09,PN-EQ-08,24.0,0.0,8872.0,208.6,400.0,
2026-09-13,PN-EQ-07,21.5,2.5,6941.7,184.6,350.0,
2026-05-20,PN-EQ-10,24.0,0.0,10403.5,30.2,500.0,
2026-12-27,PN-EQ-01,24.0,0.0,11254.9,263.8,520.0,
2027-04-20,PN-EQ-05,24.0,0.0,6085.0,143.9,300.0,
2026-10-17,PN-EQ-08,22.8,1.2,7784.6,148.4,400.0,
2026-08-21,PN-EQ-01,24.0,0.0,10173.9,173.1,520.0,
2026-05-16,PN-EQ-10,3.8,0.0,1985.7,24.8,500.0,2.0
2027-03-18,PN-EQ-01,24.0,0.0,9831.8,232.9,520.0,
2027-11-11,PN-EQ-03,17.6,6.4,6087.2,214.2,380.0,
2026-09-12,PN-EQ-03,24.0,0.0,8576.7,211.9,380.0,
2026-03-30,PN-EQ-05,24.0,0.0,6894.5,162.6,300.0,
2026-05-26,PN-EQ-03,24.0,0.0,8837.6,208.6,380.0,
2026-11-17,PN-EQ-01,24.0,0.0,11002.5,315.9,520.0,
2027-05-12,PN-EQ-09,24.0,0.0,4956.9,135.8,260.0,
2026-12-06,PN-EQ-08,24.0,0.0,8827.2,158.6,400.0,
2027-07-30,PN-EQ-07,11.3,12.7,3583.7,0.0,350.0,
2026-01-16,PN-EQ-09,24.0,0.0,5802.3,178.1,260.0,
2026-05-08,PN-EQ-10,4.66,2.19,2150.6,21.1,500.0,1.0
2027-12-18,PN-EQ-09,24.0,0.0,5157.3,50.2,260.0,
2026-10-26,PN-EQ-08,24.0,0.0,8958.2,124.6,400.0,
2027-07-25,PN-EQ-06,24.0,0.0,6058.2,162.5,300.0,
2026-02-01,PN-EQ-02,24.0,0.0,9198.1,253.6,430.0,
2027-05-29,PN-EQ-10,24.0,0.0,10372.8,43.5,500.0,
2027-05-20,PN-EQ-03,24.0,0.0,7924.1,164.9,380.0,
2027-06-15,PN-EQ-05,24.0,0.0,6631.5,156.7,300.0,
2027-06-12,PN-EQ-04,24.0,0.0,9326.1,262.2,460.0,
2026-12-03,PN-EQ-08,23.5,0.5,8609.1,134.4,400.0,
2027-02-23,PN-EQ-10,24.0,0.0,10207.4,82.2,500.0,
2027-01-17,PN-EQ-02,24.0,0.0,8936.2,271.5,430.0,
2027-10-02,PN-EQ-08,24.0,0.0,8556.6,160.6,400.0,
2027-01-05,PN-EQ-07,24.0,0.0,7246.0,98.3,350.0,
2027-12-19,PN-EQ-07,24.0,0.0,7686.3,93.9,350.0,
2026-10-21,PN-EQ-08,24.0,0.0,8213.6,186.2,400.0,
2027-04-06,PN-EQ-01,24.0,0.0,10992.6,156.0,520.0,
2027-03-01,PN-EQ-08,24.0,0.0,8742.2,103.1,400.0,
2026-09-18,PN-EQ-02,13.2,10.8,5018.7,76.6,430.0,
2026-11-05,PN-EQ-01,15.3,8.7,7410.4,123.3,520.0,
2027-11-14,PN-EQ-03,24.0,0.0,7779.6,178.2,380.0,
2026-06-29,PN-EQ-10,24.0,0.0,10738.5,250.8,500.0,
2027-01-28,PN-EQ-03,24.0,0.0,8257.9,78.5,380.0,
2026-12-30,PN-EQ-09,24.0,0.0,5501.8,22.2,260.0,
2027-03-31,PN-EQ-02,24.0,0.0,8102.2,139.8,430.0,
2027-08-31,PN-EQ-05,24.0,0.0,6580.4,254.6,300.0,
2027-04-29,PN-EQ-10,24.0,0.0,11593.8,194.1,500.0,
2027-11-19,PN-EQ-10,24.0,0.0,10213.1,314.5,500.0,
2026-05-04,PN-EQ-03,24.0,0.0,9028.8,301.2,380.0,
2027-11-02,PN-EQ-07,24.0,0.0,7497.3,190.2,350.0,
2027-04-21,PN-EQ-02,24.0,0.0,8998.5,169.1,430.0,
2026-02-06,PN-EQ-03,24.0,0.0,9028.8,294.2,380.0,
2027-12-21,PN-EQ-02,24.0,0.0,9132.8,86.5,430.0,
2027-02-19,PN-EQ-08,24.0,0.0,8177.4,91.3,400.0,
2026-04-30,PN-EQ-10,0.46,2.51,200.9,5.2,500.0,2.0
2027-07-24,PN-EQ-03,24.0,0.0,8131.6,171.4,380.0,
2026-03-25,PN-EQ-07,24.0,0.0,6911.3,89.6,350.0,
2027-11-19,PN-EQ-05,24.0,0.0,5534.4,25.6,300.0,
2026-10-12,PN-EQ-05,24.0,0.0,5696.4,37.7,300.0,
2027-07-29,PN-EQ-07,23.5,0.5,7405.2,71.9,350.0,
2026-10-04,PN-EQ-06,24.0,0.0,6281.8,155.4,300.0,
2026-06-07,PN-EQ-06,24.0,0.0,6385.7,95.9,300.0,
2027-10-08,PN-EQ-04,24.0,0.0,9563.1,232.1,460.0,
2026-09-07,PN-EQ-04,16.2,7.8,7076.3,35.2,460.0,
2026-08-14,PN-EQ-02,24.0,0.0,9659.1,180.7,430.0,
2026-01-14,PN-EQ-01,17.7,6.3,7232.9,145.3,520.0,
2026-05-03,PN-EQ-08,24.0,0.0,8510.6,112.3,400.0,
2026-12-24,PN-EQ-03,24.0,0.0,7991.8,85.8,380.0,
2027-02-20,PN-EQ-01,24.0,0.0,9739.8,234.4,520.0,
2026-02-19,PN-EQ-07,24.0,0.0,7192.7,0.3,350.0,
2027-10-30,PN-EQ-04,24.0,0.0,10017.6,158.8,460.0,
2027-10-21,PN-EQ-05,24.0,0.0,6561.9,173.8,300.0,
2027-03-05,PN-EQ-10,24.0,0.0,10823.0,186.5,500.0,
2027-03-30,PN-EQ-03,24.0,0.0,7934.9,192.7,380.0,
2027-07-17,PN-EQ-06,24.0,0.0,6824.4,74.5,300.0,
2026-03-22,PN-EQ-09,3.15,0.0,849.3,100.1,260.0,2.0
2027-01-08,PN-EQ-02,19.7,4.3,7599.1,152.8,430.0,
2027-07-26,PN-EQ-09,17.1,6.9,3650.5,109.4,260.0,
2026-04-20,PN-EQ-08,13.0,11.0,4826.3,120.8,400.0,
2027-09-30,PN-EQ-01,24.0,0.0,11003.0,410.5,520.0,
2026-01-20,PN-EQ-02,24.0,0.0,10216.8,193.7,430.0,
2026-02-08,PN-EQ-09,14.14,0.0,3407.3,42.4,260.0,2.0
2027-06-09,PN-EQ-07,24.0,0.0,7615.8,131.2,350.0,
2027-01-26,PN-EQ-06,24.0,0.0,6888.2,276.2,300.0,
2027-01-02,PN-EQ-04,24.0,0.0,10595.2,297.5,460.0,
2027-04-02,PN-EQ-01,24.0,0.0,11705.6,148.3,520.0,
2027-08-12,PN-EQ-01,24.0,0.0,11282.9,160.3,520.0,
2027-07-14,PN-EQ-02,24.0,0.0,8818.7,227.6,430.0,
2027-01-26,PN-EQ-03,24.0,0.0,7180.7,168.3,380.0,
2027-04-04,PN-EQ-06,15.4,8.6,4056.3,62.3,300.0,
2027-07-04,PN-EQ-09,15.4,8.6,3218.5,63.8,260.0,
2027-04-11,PN-EQ-04,10.5,13.5,4667.1,11.0,460.0,
2027-05-25,PN-EQ-08,4.0,20.0,1468.8,16.1,400.0,
2027-05-31,PN-EQ-09,24.0,0.0,5374.6,40.9,260.0,
2027-09-02,PN-EQ-04,24.0,0.0,10614.1,163.1,460.0,
2026-06-22,PN-EQ-07,24.0,0.0,7705.0,125.4,350.0,
2026-03-11,PN-EQ-09,5.01,0.61,1181.4,48.1,260.0,2.0
2027-07-25,PN-EQ-05,22.5,1.5,6650.3,180.6,300.0,
2027-04-01,PN-EQ-03,23.5,0.5,8499.3,29.3,380.0,
2026-04-27,PN-EQ-08,24.0,0.0,8651.4,95.7,400.0,
2027-03-15,PN-EQ-09,24.0,0.0,5379.6,55.5,260.0,
2027-07-14,PN-EQ-06,24.0,0.0,6524.9,89.9,300.0,
2027-05-14,PN-EQ-05,0.0,24.0,0.0,0.0,300.0,
2026-06-24,PN-EQ-04,24.0,0.0,9810.9,256.0,460.0,
2027-12-09,PN-EQ-06,17.2,6.8,4320.1,84.7,300.0,
2026-10-27,PN-EQ-05,24.0,0.0,6233.2,88.3,300.0,
2027-05-24,PN-EQ-09,24.0,0.0,5444.1,121.9,260.0,
2027-09-16,PN-EQ-01,24.0,0.0,11442.1,262.8,520.0,
2027-01-31,PN-EQ-04,24.0,0.0,10929.6,225.1,460.0,
2027-12-27,PN-EQ-02,24.0,0.0,9513.3,211.5,430.0,
2027-12-05,PN-EQ-07,21.7,2.3,6593.0,162.3,350.0,
2026-03-29,PN-EQ-09,14.36,0.0,3494.4,29.0,260.0,3.0
2027-12-24,PN-EQ-05,24.0,0.0,7128.0,164.9,300.0,
2027-08-12,PN-EQ-06,17.7,6.3,4848.4,100.4,300.0,
2027-01-21,PN-EQ-02,24.0,0.0,9737.7,188.6,430.0,
2026-06-10,PN-EQ-08,24.0,0.0,9389.3,62.1,400.0,
2026-11-25,PN-EQ-02,24.0,0.0,9504.3,274.4,430.0,
2026-09-10,PN-EQ-01,24.0,0.0,11726.9,210.4,520.0,
2027-10-20,PN-EQ-05,24.0,0.0,6504.5,180.0,300.0,
2027-08-20,PN-EQ-02,24.0,0.0,9868.8,228.9,430.0,
2026-03-27,PN-EQ-10,12.72,0.0,5379.5,32.2,500.0,1.0
2026-11-11,PN-EQ-10,24.0,0.0,10901.9,167.8,500.0,
2026-04-07,PN-EQ-03,24.0,0.0,8434.1,94.7,380.0,
2027-12-29,PN-EQ-04,24.0,0.0,8674.8,336.5,460.0,
2027-06-14,PN-EQ-05,21.4,2.6,5898.4,153.2,300.0,
2026-03-28,PN-EQ-04,24.0,0.0,9548.4,128.0,460.0,
2026-05-08,PN-EQ-05,4.0,20.0,957.5,27.6,300.0,
2026-04-09,PN-EQ-02,24.0,0.0,9407.2,132.0,430.0,
2026-09-04,PN-EQ-02,24.0,0.0,9537.4,23.5,430.0,
2026-02-19,PN-EQ-09,7.06,0.0,1646.8,58.8,260.0,2.0
2026-05-10,PN-EQ-03,24.0,0.0,7843.3,255.9,380.0,
2027-08-15,PN-EQ-03,23.5,0.5,7615.5,209.3,380.0,
2027-03-19,PN-EQ-02,24.0,0.0,10216.8,294.2,430.0,
2026-02-27,PN-EQ-02,22.7,1.3,8100.5,252.6,430.0,
2026-04-27,PN-EQ-06,24.0,0.0,6390.8,153.3,300.0,
2026-12-18,PN-EQ-04,4.0,20.0,1821.6,43.5,460.0,
2026-08-11,PN-EQ-08,23.5,0.5,8156.5,176.0,400.0,
2026-03-11,PN-EQ-08,20.7,3.3,7364.0,93.7,400.0,
2026-12-25,PN-EQ-08,20.9,3.1,6202.2,143.4,400.0,
2026-03-25,PN-EQ-01,24.0,0.0,11120.6,256.5,520.0,
2026-03-05,PN-EQ-08,24.0,0.0,7689.5,107.1,400.0,
2026-06-08,PN-EQ-01,24.0,0.0,10604.0,321.6,520.0,
2027-07-22,PN-EQ-07,24.0,0.0,7425.8,,350.0,
2027-06-13,PN-EQ-10,24.0,0.0,11288.2,169.0,500.0,
2027-05-21,PN-EQ-10,24.0,0.0,10923.3,287.2,500.0,
2027-06-22,PN-EQ-01,8.2,15.8,3832.8,25.7,520.0,
2026-01-15,PN-EQ-04,24.0,0.0,10250.8,427.8,460.0,
2027-02-20,PN-EQ-08,24.0,0.0,8065.2,83.4,400.0,
2027-04-11,PN-EQ-08,24.0,0.0,8480.7,210.2,400.0,
2027-06-05,PN-EQ-09,24.0,0.0,5491.5,,260.0,
2027-05-10,PN-EQ-10,24.0,0.0,10725.6,160.4,500.0,
2026-03-08,PN-EQ-09,9.44,0.0,2301.2,59.0,260.0,2.0
2027-02-18,PN-EQ-03,21.2,2.8,7575.2,220.4,380.0,
2027-10-31,PN-EQ-01,24.0,0.0,11498.1,117.1,520.0,
2026-05-22,PN-EQ-02,9.4,14.6,3686.5,63.9,430.0,
2026-06-18,PN-EQ-09,24.0,0.0,5630.2,137.7,260.0,
2027-09-27,PN-EQ-02,16.0,8.0,6318.4,100.4,430.0,
2026-07-26,PN-EQ-06,24.0,0.0,6685.1,16.5,300.0,
2026-10-25,PN-EQ-10,24.0,0.0,9280.4,66.5,500.0,
2027-05-14,PN-EQ-10,24.0,0.0,10541.4,348.9,500.0,
2027-05-24,PN-EQ-06,24.0,0.0,6967.2,286.5,300.0,
2026-04-02,PN-EQ-02,24.0,0.0,9694.8,217.9,430.0,
2026-10-23,PN-EQ-08,24.0,0.0,9070.6,219.7,400.0,
2026-09-01,PN-EQ-06,24.0,0.0,6187.7,220.1,300.0,
2027-01-14,PN-EQ-03,24.0,0.0,8305.7,97.1,380.0,
2027-11-12,PN-EQ-08,24.0,0.0,8259.5,270.6,400.0,
2026-08-19,PN-EQ-04,17.7,6.3,7315.6,216.5,460.0,
2027-05-26,PN-EQ-07,16.1,7.9,5075.0,35.6,350.0,
2027-08-16,PN-EQ-07,23.5,0.5,7810.7,113.6,350.0,
2026-10-30,PN-EQ-04,24.0,0.0,10374.9,296.6,460.0,
2027-07-15,PN-EQ-01,24.0,0.0,10996.8,206.5,520.0,
2026-05-29,PN-EQ-10,16.3,7.7,7701.2,162.2,500.0,
2026-07-09,PN-EQ-03,24.0,0.0,8892.7,151.8,380.0,
2027-03-07,PN-EQ-03,24.0,0.0,8887.4,90.0,380.0,
2027-06-04,PN-EQ-06,18.2,5.8,4434.5,96.1,300.0,
2027-08-23,PN-EQ-04,24.0,0.0,8963.7,307.9,460.0,
2027-07-08,PN-EQ-10,4.0,20.0,1768.2,48.2,500.0,
2027-07-28,PN-EQ-05,24.0,0.0,6229.1,134.0,300.0,
2027-05-06,PN-EQ-02,24.0,0.0,9183.8,185.8,430.0,
2026-03-11,PN-EQ-02,24.0,0.0,9011.3,110.6,430.0,
2026-07-06,PN-EQ-04,24.0,0.0,9600.9,176.3,460.0,
2026-11-20,PN-EQ-04,24.0,0.0,10490.6,332.4,460.0,
2026-02-07,PN-EQ-03,24.0,0.0,7646.3,144.9,380.0,
2027-06-02,PN-EQ-08,24.0,0.0,8237.8,120.4,400.0,
2026-10-02,PN-EQ-02,24.0,0.0,9704.2,149.1,430.0,
2026-02-15,PN-EQ-08,24.0,0.0,9149.3,80.5,400.0,
2027-12-31,PN-EQ-01,24.0,0.0,11576.9,331.8,520.0,
2026-08-24,PN-EQ-08,20.6,3.4,7244.0,73.4,400.0,
2027-09-29,PN-EQ-06,24.0,0.0,6533.7,28.5,300.0,
2026-10-23,PN-EQ-10,8.5,15.5,3846.8,71.3,500.0,
2026-06-10,PN-EQ-01,23.4,0.6,11136.5,394.0,520.0,
2026-02-13,PN-EQ-05,24.0,0.0,6003.5,134.2,300.0,
2026-08-31,PN-EQ-01,24.0,0.0,10602.9,110.2,520.0,
2027-01-07,PN-EQ-04,24.0,0.0,9642.7,274.1,460.0,
2026-12-27,PN-EQ-02,15.6,8.4,5737.8,167.2,430.0,
2027-11-13,PN-EQ-02,8.5,15.5,3293.5,84.8,430.0,
2027-04-17,PN-EQ-04,24.0,0.0,10643.2,171.6,460.0,
2026-08-24,PN-EQ-01,24.0,0.0,12079.1,286.2,520.0,
2027-02-20,PN-EQ-05,24.0,0.0,6296.0,163.1,300.0,
2026-10-24,PN-EQ-05,24.0,0.0,6768.2,150.8,300.0,
2026-05-03,PN-EQ-06,24.0,0.0,7065.3,182.1,300.0,
2026-01-19,PN-EQ-08,24.0,0.0,8593.6,241.3,400.0,
2027-10-25,PN-EQ-04,24.0,0.0,9779.6,157.8,460.0,
2026-04-05,PN-EQ-10,0.39,0.0,111.1,285.9,500.0,3.0
2026-02-18,PN-EQ-09,2.61,0.0,598.6,2.0,260.0,2.0
2027-02-10,PN-EQ-05,24.0,0.0,6278.0,112.2,300.0,
2026-11-26,PN-EQ-07,24.0,0.0,7638.2,175.3,350.0,
2026-02-15,PN-EQ-07,24.0,0.0,6944.9,152.2,350.0,
2027-08-09,PN-EQ-01,15.2,8.8,7173.6,213.6,520.0,
2026-08-18,PN-EQ-10,24.0,0.0,10650.4,167.3,500.0,
2027-12-07,PN-EQ-02,24.0,0.0,8987.5,,430.0,
2026-03-29,PN-EQ-07,17.7,6.3,5494.3,148.6,350.0,
2026-04-28,PN-EQ-10,1.35,0.0,568.8,15.9,500.0,3.0
2027-11-25,PN-EQ-09,24.0,0.0,6177.6,94.5,260.0,
2027-07-16,PN-EQ-08,24.0,0.0,8341.0,,400.0,
2027-04-07,PN-EQ-07,24.0,0.0,7819.9,111.8,350.0,
2027-09-01,PN-EQ-04,24.0,0.0,8513.0,205.3,460.0,
2026-09-29,PN-EQ-03,24.0,0.0,8698.0,141.4,380.0,
2026-11-11,PN-EQ-09,23.5,0.5,5178.4,33.5,260.0,
2027-11-20,PN-EQ-08,24.0,0.0,8755.2,243.6,400.0,
2026-01-15,PN-EQ-01,24.0,0.0,10736.5,405.3,520.0,
2027-01-28,PN-EQ-06,19.5,4.5,5431.0,110.8,300.0,
2027-04-25,PN-EQ-05,24.0,0.0,6874.5,110.3,300.0,
2027-03-08,PN-EQ-07,24.0,0.0,7666.6,92.4,350.0,
2027-08-08,PN-EQ-04,23.4,0.6,10337.6,340.2,460.0,
2027-04-30,PN-EQ-02,24.0,0.0,9183.8,243.5,430.0,
2026-01-10,PN-EQ-03,24.0,0.0,7998.2,231.3,380.0,
2026-06-08,PN-EQ-09,22.2,1.8,5140.8,139.2,260.0,
2027-06-09,PN-EQ-03,24.0,0.0,7972.2,168.0,380.0,
2026-10-21,PN-EQ-03,24.0,0.0,7886.8,117.8,380.0,
2026-12-10,PN-EQ-02,24.0,0.0,9561.2,201.6,430.0,
2026-05-04,PN-EQ-10,12.82,0.0,6147.3,17.9,500.0,2.0
2027-03-21,PN-EQ-03,24.0,0.0,8381.2,249.1,380.0,
2027-04-25,PN-EQ-08,24.0,0.0,7627.6,275.1,400.0,
2026-06-02,PN-EQ-06,17.1,6.9,4822.2,7.9,300.0,
2027-04-18,PN-EQ-05,24.0,0.0,6665.9,80.7,300.0,
2026-10-04,PN-EQ-02,16.5,7.5,6986.0,120.8,430.0,
2026-11-23,PN-EQ-02,24.0,0.0,9062.3,321.8,430.0,
2027-04-23,PN-EQ-05,0.0,24.0,0.0,0.0,300.0,
2026-12-28,PN-EQ-05,24.0,0.0,6535.7,112.5,300.0,
2026-01-13,PN-EQ-07,24.0,0.0,7764.7,40.1,350.0,
2026-05-14,PN-EQ-05,24.0,0.0,6223.6,196.8,300.0,
2026-02-02,PN-EQ-09,24.0,0.0,5570.9,132.8,260.0,
2026-10-09,PN-EQ-03,24.0,0.0,7681.3,213.9,380.0,
2027-06-25,PN-EQ-10,16.1,7.9,7450.8,133.8,500.0,
2026-09-23,PN-EQ-04,24.0,0.0,10337.5,263.3,460.0,
2027-08-16,PN-EQ-03,24.0,0.0,8724.6,167.4,380.0,
2026-06-25,PN-EQ-04,24.0,0.0,10063.3,265.9,460.0,
2027-05-06,PN-EQ-10,24.0,0.0,11532.9,176.7,500.0,
2027-07-16,PN-EQ-09,4.0,20.0,925.4,,260.0,
2027-09-01,PN-EQ-07,23.2,0.8,7501.0,162.3,350.0,
2026-06-02,PN-EQ-01,24.0,0.0,11664.0,270.6,520.0,
2026-10-17,PN-EQ-02,24.0,0.0,8294.4,205.6,430.0,
2026-04-23,PN-EQ-06,23.5,0.5,6564.4,135.6,300.0,
2026-02-14,PN-EQ-07,24.0,0.0,6718.1,104.6,350.0,
2026-02-08,PN-EQ-10,2.59,0.0,1015.2,59.7,500.0,1.0
2027-09-07,PN-EQ-01,22.3,1.7,10726.0,144.4,520.0,
2026-08-01,PN-EQ-05,24.0,0.0,6373.9,124.0,300.0,
2027-11-19,PN-EQ-02,4.0,20.0,1549.9,3.4,430.0,
2027-04-04,PN-EQ-04,21.4,2.6,8496.2,148.3,460.0,
2026-02-08,PN-EQ-08,20.4,3.6,7601.5,239.4,400.0,
2027-11-25,PN-EQ-10,16.6,7.4,7307.2,143.2,500.0,
2026-04-14,PN-EQ-08,24.0,0.0,8677.3,210.5,400.0,
2026-07-29,PN-EQ-07,24.0,0.0,7962.6,116.0,350.0,
2027-03-12,PN-EQ-10,23.5,0.5,9563.7,14.4,500.0,
2026-07-20,PN-EQ-08,24.0,0.0,8439.5,247.1,400.0,
2026-12-17,PN-EQ-06,24.0,0.0,6703.7,62.8,300.0,
2027-02-08,PN-EQ-08,24.0,0.0,9170.1,274.8,400.0,
2027-02-28,PN-EQ-01,24.0,0.0,11692.6,472.2,520.0,
2026-10-12,PN-EQ-07,24.0,0.0,7296.1,88.4,350.0,
2027-02-16,PN-EQ-03,24.0,0.0,7902.6,171.2,380.0,
2026-10-24,PN-EQ-02,24.0,0.0,9439.0,219.9,430.0,
2026-06-23,PN-EQ-03,24.0,0.0,8595.2,235.3,380.0,
2027-05-25,PN-EQ-03,24.0,0.0,8706.1,252.5,380.0,
2026-02-09,PN-EQ-02,24.0,0.0,8541.0,154.4,430.0,
2026-07-23,PN-EQ-08,24.0,0.0,8191.1,238.2,400.0,
2027-02-18,PN-EQ-09,17.5,6.5,4504.5,65.7,260.0,
2026-04-10,PN-EQ-09,11.21,0.0,2487.9,28.5,260.0,2.0
2026-08-13,PN-EQ-09,4.0,20.0,890.5,8.6,260.0,
2026-03-10,PN-EQ-09,14.86,0.0,3465.3,16.1,260.0,2.0
2027-12-21,PN-EQ-05,16.1,7.9,4616.5,58.5,300.0,
2027-12-16,PN-EQ-02,24.0,0.0,9790.2,184.1,430.0,
2026-05-14,PN-EQ-10,1.42,2.36,581.7,16.6,500.0,2.0
2027-09-14,PN-EQ-06,24.0,0.0,6335.3,,300.0,
2026-09-26,PN-EQ-10,4.0,20.0,1868.8,13.1,500.0,
2027-12-23,PN-EQ-04,24.0,0.0,10309.7,218.6,460.0,
2027-01-30,PN-EQ-02,24.0,0.0,9286.5,196.2,430.0,
2026-02-02,PN-EQ-03,21.3,2.7,6952.3,140.8,380.0,
2026-08-05,PN-EQ-01,24.0,0.0,10722.6,115.3,520.0,
2027-07-22,PN-EQ-06,18.1,5.9,5060.9,80.9,300.0,
2027-12-27,PN-EQ-05,21.3,2.7,5831.2,130.3,300.0,
2026-08-12,PN-EQ-01,24.0,0.0,12053.3,142.6,520.0,
2027-11-30,PN-EQ-06,8.0,16.0,2326.6,68.7,300.0,
2026-04-02,PN-EQ-10,6.66,0.0,3022.1,27.5,500.0,2.0
2027-02-01,PN-EQ-09,24.0,0.0,5083.3,176.1,260.0,
2026-05-02,PN-EQ-10,3.29,0.47,1315.5,103.4,500.0,2.0
2026-10-13,PN-EQ-06,20.9,3.1,5332.1,102.6,300.0,
2026-05-31,PN-EQ-03,24.0,0.0,7630.6,135.7,380.0,
2027-02-25,PN-EQ-04,24.0,0.0,9517.5,162.8,460.0,
2027-03-29,PN-EQ-01,12.5,11.5,5949.9,117.7,520.0,
2026-09-22,PN-EQ-01,24.0,0.0,10443.6,262.0,520.0,
2027-04-29,PN-EQ-04,24.0,0.0,10929.6,230.3,460.0,
2026-02-16,PN-EQ-09,1.16,0.0,198.9,1.5,260.0,3.0
2026-07-21,PN-EQ-03,24.0,0.0,8449.8,109.2,380.0,
2026-01-18,PN-EQ-05,24.0,0.0,6731.1,113.2,300.0,
2026-10-25,PN-EQ-03,19.2,4.8,6708.4,197.1,380.0,
2027-06-24,PN-EQ-10,24.0,0.0,11637.3,451.1,500.0,
2027-03-16,PN-EQ-08,24.0,0.0,9504.0,166.4,400.0,
2026-05-12,PN-EQ-10,6.01,0.0,3152.8,217.8,500.0,1.0
2027-03-26,PN-EQ-06,24.0,0.0,6177.1,96.7,300.0,
2027-11-28,PN-EQ-10,24.0,0.0,11066.0,118.3,500.0,
2026-10-15,PN-EQ-02,23.5,0.5,9264.8,179.9,430.0,
2026-07-17,PN-EQ-10,24.0,0.0,10551.5,207.4,500.0,
2026-10-11,PN-EQ-10,24.0,0.0,9841.4,269.6,500.0,
2027-03-27,PN-EQ-03,24.0,0.0,8122.9,68.5,380.0,
2027-04-25,PN-EQ-02,24.0,0.0,9162.1,165.2,430.0,
2027-08-29,PN-EQ-01,24.0,0.0,11613.1,105.9,520.0,
2027-08-22,PN-EQ-07,24.0,0.0,7281.2,107.8,350.0,
2026-02-02,PN-EQ-07,24.0,0.0,7621.3,120.6,350.0,
2026-03-28,PN-EQ-05,24.0,0.0,6638.6,190.8,300.0,
2027-06-24,PN-EQ-02,24.0,0.0,9723.2,395.1,430.0,
2027-02-11,PN-EQ-02,24.0,0.0,9484.4,216.8,430.0,
2027-05-12,PN-EQ-03,24.0,0.0,8525.3,153.5,380.0,
2026-07-24,PN-EQ-07,24.0,0.0,8316.0,,350.0,
2027-04-21,PN-EQ-07,24.0,0.0,6902.3,170.1,350.0,
2026-04-05,PN-EQ-07,24.0,0.0,7208.4,47.1,350.0,
2026-11-19,PN-EQ-05,24.0,0.0,6425.6,216.7,300.0,
2027-01-25,PN-EQ-06,24.0,0.0,6139.9,159.3,300.0,
2026-12-24,PN-EQ-02,24.0,0.0,9072.7,160.1,430.0,
2027-02-12,PN-EQ-06,24.0,0.0,7128.0,228.0,300.0,
2026-12-22,PN-EQ-08,16.1,7.9,6251.5,120.1,400.0,
2027-05-19,PN-EQ-08,23.5,0.5,8972.2,,400.0,
2026-02-17,PN-EQ-09,1.9,0.0,570.5,39.1,260.0,1.0
2027-12-08,PN-EQ-07,24.0,0.0,7504.1,67.2,350.0,
2027-03-20,PN-EQ-08,24.0,0.0,8223.2,294.9,400.0,
2026-06-09,PN-EQ-07,15.3,8.7,4627.5,141.1,350.0,
2026-04-20,PN-EQ-09,1.2,3.96,356.7,29.2,260.0,2.0
2027-08-05,PN-EQ-07,24.0,0.0,7818.2,0.0,350.0,
2026-01-28,PN-EQ-08,24.0,0.0,8571.9,100.6,400.0,
2026-12-26,PN-EQ-03,24.0,0.0,8076.8,175.8,380.0,
2027-10-02,PN-EQ-04,22.5,1.5,9351.9,115.7,460.0,
2026-11-08,PN-EQ-04,24.0,0.0,10281.6,278.7,460.0,
2026-03-23,PN-EQ-10,8.32,0.0,3625.2,89.5,500.0,2.0
2026-02-27,PN-EQ-04,24.0,0.0,10122.5,243.7,460.0,
2026-04-22,PN-EQ-08,24.0,0.0,8480.1,175.0,400.0,
2027-02-04,PN-EQ-09,24.0,0.0,5575.7,115.8,260.0,
2027-07-25,PN-EQ-01,24.0,0.0,10743.5,237.4,520.0,
2026-12-16,PN-EQ-07,24.0,0.0,7288.9,158.7,350.0,
2027-11-17,PN-EQ-04,24.0,0.0,9297.9,165.6,460.0,
2027-05-05,PN-EQ-04,24.0,0.0,9575.5,265.4,460.0,
2027-11-16,PN-EQ-10,24.0,0.0,10667.7,111.0,500.0,
2026-01-30,PN-EQ-09,24.0,0.0,5686.0,105.9,260.0,
2026-06-13,PN-EQ-10,8.6,15.4,3679.2,38.9,500.0,
2027-04-30,PN-EQ-04,24.0,0.0,10540.7,174.4,460.0,
2026-03-24,PN-EQ-09,2.31,0.0,416.3,126.3,260.0,1.0
2027-01-22,PN-EQ-07,24.0,0.0,7150.8,72.7,350.0,
2026-03-19,PN-EQ-09,10.84,0.0,2568.6,4.6,260.0,3.0
2026-09-01,PN-EQ-08,24.0,0.0,9097.2,240.0,400.0,
2026-10-23,PN-EQ-02,24.0,0.0,8453.9,247.1,430.0,
2026-11-11,PN-EQ-02,24.0,0.0,9109.8,152.8,430.0,
2026-09-11,PN-EQ-07,24.0,0.0,7184.5,169.2,350.0,
2026-09-15,PN-EQ-09,24.0,0.0,5527.2,104.4,260.0,
2026-10-20,PN-EQ-02,24.0,0.0,8998.0,152.3,430.0,
2026-06-22,PN-EQ-09,24.0,0.0,5603.2,138.4,260.0,
2026-06-23,PN-EQ-04,24.0,0.0,9821.9,159.6,460.0,
2026-09-25,PN-EQ-01,24.0,0.0,11033.8,307.4,520.0,
2027-06-26,PN-EQ-01,24.0,0.0,10957.1,139.5,520.0,
2027-11-15,PN-EQ-01,24.0,0.0,11260.3,211.8,520.0,
2027-04-20,PN-EQ-10,24.0,0.0,11530.4,368.6,500.0,
2027-10-19,PN-EQ-01,24.0,0.0,10914.1,229.7,520.0,
2026-08-27,PN-EQ-02,24.0,0.0,8944.4,150.2,430.0,
2027-12-05,PN-EQ-02,24.0,0.0,9587.2,157.9,430.0,
2027-07-25,PN-EQ-04,24.0,0.0,10600.8,276.6,460.0,
2027-10-08,PN-EQ-08,24.0,0.0,8349.1,194.0,400.0,
2026-02-02,PN-EQ-04,24.0,0.0,10283.7,179.7,460.0,
2026-06-30,PN-EQ-03,24.0,0.0,7835.7,158.8,380.0,
2026-09-27,PN-EQ-06,22.3,1.7,6153.3,107.9,300.0,
2027-03-19,PN-EQ-05,24.0,0.0,6601.2,,300.0,
2026-09-27,PN-EQ-03,24.0,0.0,8878.4,279.9,380.0,
2026-02-15,PN-EQ-10,3.13,0.14,1329.8,0.3,500.0,2.0
2027-01-11,PN-EQ-05,24.0,0.0,6631.8,169.0,300.0,
2027-08-14,PN-EQ-06,24.0,0.0,6435.7,66.6,300.0,
2027-08-02,PN-EQ-09,24.0,0.0,5873.4,194.6,260.0,
2026-10-27,PN-EQ-03,24.0,0.0,7994.2,108.8,380.0,
2027-01-11,PN-EQ-01,24.0,0.0,10910.0,284.0,520.0,
2027-08-24,PN-EQ-10,16.6,7.4,7660.8,178.5,500.0,
2027-09-26,PN-EQ-02,15.3,8.7,6274.8,33.9,430.0,
2026-01-13,PN-EQ-09,24.0,0.0,6177.6,152.6,260.0,
2027-09-17,PN-EQ-01,24.0,0.0,10019.0,221.4,520.0,
2026-07-07,PN-EQ-02,18.0,6.0,7607.4,188.8,430.0,
2026-05-28,PN-EQ-02,24.0,0.0,9202.9,207.2,430.0,
2027-04-13,PN-EQ-05,24.0,0.0,6654.3,121.2,300.0,
2027-12-25,PN-EQ-01,24.0,0.0,11652.1,299.6,520.0,
2027-02-05,PN-EQ-05,24.0,0.0,6384.0,159.0,300.0,
2026-12-08,PN-EQ-10,24.0,0.0,10205.2,99.9,500.0,
2027-10-10,PN-EQ-06,24.0,0.0,6118.4,165.2,300.0,
2026-06-15,PN-EQ-02,24.0,0.0,8701.4,205.6,430.0,
2027-11-19,PN-EQ-01,24.0,0.0,11443.9,226.8,520.0,
2026-10-29,PN-EQ-01,19.4,4.6,8627.6,178.4,520.0,
2026-08-15,PN-EQ-06,16.6,7.4,4930.2,87.5,300.0,
2026-11-10,PN-EQ-09,24.0,0.0,5659.3,182.9,260.0,
2026-01-30,PN-EQ-02,24.0,0.0,9732.6,234.1,430.0,
2027-08-28,PN-EQ-05,4.7,19.3,1078.8,26.7,300.0,
2026-10-25,PN-EQ-01,24.0,0.0,11372.9,248.7,520.0,
2027-12-20,PN-EQ-01,14.2,9.8,7160.7,200.2,520.0,
2027-03-28,PN-EQ-10,22.7,1.3,10765.8,184.6,500.0,
2027-05-31,PN-EQ-07,24.0,0.0,7312.1,138.5,350.0,
2027-01-27,PN-EQ-01,24.0,0.0,11064.3,204.8,520.0,
2026-07-15,PN-EQ-09,16.5,7.5,4231.7,35.4,260.0,
2026-07-30,PN-EQ-08,24.0,0.0,8507.1,146.2,400.0,
2026-02-11,PN-EQ-07,24.0,0.0,7832.6,122.5,350.0,
2027-11-11,PN-EQ-05,24.0,0.0,6900.6,79.0,300.0,
2026-11-13,PN-EQ-01,24.0,0.0,11304.2,89.3,520.0,
2027-06-23,PN-EQ-04,24.0,0.0,10929.6,189.3,460.0,
2026-04-30,PN-EQ-09,0.05,0.0,235.3,104.9,260.0,3.0
2027-07-15,PN-EQ-02,24.0,0.0,8443.0,130.7,430.0,
2027-12-16,PN-EQ-09,24.0,0.0,5412.0,91.9,260.0,
2027-07-08,PN-EQ-01,24.0,0.0,11048.0,306.0,520.0,
2027-12-30,PN-EQ-09,24.0,0.0,6036.7,116.5,260.0,
2026-05-07,PN-EQ-07,24.0,0.0,7612.7,,350.0,
2026-01-28,PN-EQ-09,24.0,0.0,5734.5,69.4,260.0,
2027-02-07,PN-EQ-03,23.2,0.8,7664.7,164.8,380.0,
2027-03-17,PN-EQ-10,24.0,0.0,10293.9,307.3,500.0,
2027-01-08,PN-EQ-01,21.9,2.1,9447.1,344.9,520.0,
2026-06-09,PN-EQ-02,24.0,0.0,7674.1,63.5,430.0,
2026-07-29,PN-EQ-02,23.3,0.7,9607.6,,430.0,
2026-11-20,PN-EQ-08,21.1,2.9,8202.1,195.2,400.0,
2026-12-20,PN-EQ-08,24.0,0.0,8819.8,298.7,400.0,
2027-11-05,PN-EQ-07,24.0,0.0,7660.9,138.9,350.0,
2026-05-09,PN-EQ-10,2.29,0.0,943.2,5.0,500.0,3.0
2026-04-16,PN-EQ-10,4.38,0.0,1894.5,31.1,500.0,3.0
2027-11-14,PN-EQ-09,24.0,0.0,5718.8,77.4,260.0,
2026-08-13,PN-EQ-02,24.0,0.0,10216.8,285.0,430.0,
2027-10-08,PN-EQ-05,24.0,0.0,6665.6,166.0,300.0,
2027-01-15,PN-EQ-06,24.0,0.0,6624.5,84.1,300.0,
2026-05-26,PN-EQ-01,24.0,0.0,11943.2,310.5,520.0,
2027-02-27,PN-EQ-07,24.0,0.0,6618.3,,350.0,
2027-03-09,PN-EQ-06,24.0,0.0,5778.2,199.6,300.0,
2026-11-14,PN-EQ-03,24.0,0.0,8914.4,158.2,380.0,
2027-12-26,PN-EQ-04,24.0,0.0,10366.3,223.2,460.0,
2026-05-14,PN-EQ-09,15.21,0.0,3195.2,11.6,260.0,3.0
2027-11-23,PN-EQ-09,20.5,3.5,4424.4,115.1,260.0,
2027-05-18,PN-EQ-01,22.3,1.7,10369.6,201.3,520.0,
2027-05-03,PN-EQ-08,23.1,0.9,8872.5,126.1,400.0,
2026-08-28,PN-EQ-10,22.4,1.6,10246.6,1.9,500.0,
2027-11-29,PN-EQ-05,19.3,4.7,5378.7,135.3,300.0,
2027-08-23,PN-EQ-06,24.0,0.0,6328.5,123.8,300.0,
2026-06-29,PN-EQ-09,24.0,0.0,5763.0,197.5,260.0,
2027-03-07,PN-EQ-04,22.7,1.3,10239.2,254.5,460.0,
2027-03-16,PN-EQ-03,24.0,0.0,8337.2,174.5,380.0,
2026-11-01,PN-EQ-10,20.0,4.0,8825.7,143.4,500.0,
2026-08-12,PN-EQ-02,24.0,0.0,8741.7,139.8,430.0,
2027-11-03,PN-EQ-01,24.0,0.0,11484.4,247.2,520.0,
2027-02-09,PN-EQ-05,18.1,5.9,4852.4,101.0,300.0,
2026-10-31,PN-EQ-09,24.0,0.0,5528.0,157.6,260.0,
2026-07-24,PN-EQ-04,24.0,0.0,10124.2,244.9,460.0,
2026-09-16,PN-EQ-07,24.0,0.0,7987.2,196.8,350.0,
2026-03-27,PN-EQ-08,24.0,0.0,8668.8,285.1,400.0,
2026-11-09,PN-EQ-09,24.0,0.0,6177.6,46.6,260.0,
2026-12-09,PN-EQ-10,24.0,0.0,10378.7,48.6,500.0,
2027-07-25,PN-EQ-10,24.0,0.0,10207.4,156.7,500.0,
2027-05-25,PN-EQ-09,24.0,0.0,5545.2,33.3,260.0,
2026-02-03,PN-EQ-01,24.0,0.0,10683.7,253.3,520.0,
2027-03-05,PN-EQ-09,24.0,0.0,5897.2,114.1,260.0,
2026-07-18,PN-EQ-08,24.0,0.0,9504.0,109.9,400.0,
2027-05-11,PN-EQ-01,20.3,3.7,9786.4,262.7,520.0,
2026-10-26,PN-EQ-05,17.8,6.2,5124.9,156.6,300.0,
2027-10-01,PN-EQ-04,24.0,0.0,10497.6,210.8,460.0,
2027-09-07,PN-EQ-06,24.0,0.0,6795.5,165.3,300.0,
2026-03-08,PN-EQ-05,24.0,0.0,6133.2,121.4,300.0,
2027-08-10,PN-EQ-03,21.8,2.2,7395.0,152.3,380.0,
2026-12-23,PN-EQ-06,24.0,0.0,6106.6,122.7,300.0,
2026-04-09,PN-EQ-05,24.0,0.0,6615.7,197.0,300.0,
2027-03-03,PN-EQ-01,24.0,0.0,10887.5,155.0,520.0,
2026-11-30,PN-EQ-09,24.0,0.0,5824.7,78.1,260.0,
2027-10-12,PN-EQ-09,24.0,0.0,5902.0,79.6,260.0,
2026-07-08,PN-EQ-09,24.0,0.0,5718.3,179.5,260.0,
2027-06-11,PN-EQ-03,24.0,0.0,7494.2,210.1,380.0,
2027-11-14,PN-EQ-04,11.9,12.1,4384.0,160.6,460.0,
2027-06-15,PN-EQ-06,24.0,0.0,7128.0,226.1,300.0,
2026-04-20,PN-EQ-05,4.0,20.0,1021.8,13.8,300.0,
2026-02-23,PN-EQ-09,4.87,4.88,1184.5,0.0,260.0,3.0
2026-04-28,PN-EQ-10,6.32,0.0,3335.1,27.3,500.0,1.0
2027-11-23,PN-EQ-08,21.3,2.7,7829.3,45.6,400.0,
2027-09-09,PN-EQ-04,16.6,7.4,6921.2,214.1,460.0,
2027-02-08,PN-EQ-01,24.0,0.0,10712.2,231.4,520.0,
2027-03-19,PN-EQ-09,24.0,0.0,5270.2,84.6,260.0,
2026-02-14,PN-EQ-09,2.16,0.0,373.5,36.5,260.0,2.0
2027-08-25,PN-EQ-07,24.0,0.0,7286.0,120.3,350.0,
2026-08-07,PN-EQ-09,24.0,0.0,5232.8,127.3,260.0,
2026-03-16,PN-EQ-10,1.02,0.0,318.9,162.4,500.0,1.0
2027-01-02,PN-EQ-05,24.0,0.0,5839.8,124.3,300.0,
2027-03-02,PN-EQ-04,24.0,0.0,9720.6,139.9,460.0,
2027-05-06,PN-EQ-04,4.0,20.0,1659.4,23.7,460.0,
2026-02-11,PN-EQ-10,2.33,3.17,680.4,49.0,500.0,2.0
2026-07-14,PN-EQ-05,4.0,20.0,1107.3,27.0,300.0,
2026-08-26,PN-EQ-07,24.0,0.0,7719.9,68.8,350.0,
2026-10-10,PN-EQ-06,18.0,6.0,5027.4,97.2,300.0,
2026-04-09,PN-EQ-03,24.0,0.0,8444.0,143.1,380.0,
2026-12-11,PN-EQ-07,19.5,4.5,6139.9,24.5,350.0,
2027-12-30,PN-EQ-05,23.4,0.6,6949.8,171.8,300.0,
2026-12-20,PN-EQ-07,24.0,0.0,7632.8,196.9,350.0,
2026-01-17,PN-EQ-04,24.0,0.0,9477.4,277.5,460.0,
2026-08-31,PN-EQ-10,24.0,0.0,10311.9,225.1,500.0,
2027-07-08,PN-EQ-07,24.0,0.0,6945.7,86.4,350.0,
2027-11-09,PN-EQ-07,24.0,0.0,7538.4,191.6,350.0,
2026-04-15,PN-EQ-05,22.2,1.8,6214.2,176.3,300.0,
2026-11-21,PN-EQ-03,24.0,0.0,8446.5,185.6,380.0,
2027-06-20,PN-EQ-06,24.0,0.0,6731.5,198.0,300.0,
2026-05-31,PN-EQ-04,24.0,0.0,10470.6,192.3,460.0,
2026-11-23,PN-EQ-04,24.0,0.0,9089.7,121.9,460.0,
2026-02-20,PN-EQ-09,18.73,0.0,4582.0,8.4,260.0,2.0
2026-01-20,PN-EQ-08,24.0,0.0,9368.8,115.7,400.0,
2027-09-06,PN-EQ-02,15.2,8.8,6470.6,176.7,430.0,
2026-09-19,PN-EQ-04,18.5,5.5,7334.0,125.7,460.0,
2026-08-07,PN-EQ-01,24.0,0.0,11494.7,307.6,520.0,
2027-12-16,PN-EQ-10,24.0,0.0,10766.3,215.0,500.0,
2027-12-10,PN-EQ-04,24.0,0.0,9205.2,231.7,460.0,
2027-06-14,PN-EQ-09,24.0,0.0,6074.7,109.8,260.0,
2027-05-27,PN-EQ-10,14.9,9.1,5979.0,190.3,500.0,
2026-12-17,PN-EQ-04,24.0,0.0,9089.4,229.9,460.0,
2027-05-21,PN-EQ-05,24.0,0.0,5975.0,120.0,300.0,
2027-08-06,PN-EQ-10,23.5,0.5,9903.2,92.0,500.0,
2026-10-03,PN-EQ-08,24.0,0.0,9247.4,72.1,400.0,
2026-02-21,PN-EQ-06,24.0,0.0,6791.4,0.0,300.0,
2027-11-11,PN-EQ-08,5.9,18.1,2336.4,,400.0,
2027-11-10,PN-EQ-07,24.0,0.0,7072.4,131.0,350.0,
2027-03-21,PN-EQ-05,22.0,2.0,5793.1,98.1,300.0,
2027-10-16,PN-EQ-02,24.0,0.0,9026.4,147.3,430.0,
2027-12-10,PN-EQ-03,24.0,0.0,8323.7,195.6,380.0,
2027-06-14,PN-EQ-10,24.0,0.0,11367.6,122.2,500.0,
2027-08-17,PN-EQ-07,24.0,0.0,7266.4,132.8,350.0,
2027-04-02,PN-EQ-06,24.0,0.0,5898.0,96.7,300.0,
2027-06-25,PN-EQ-01,24.0,0.0,11791.3,265.9,520.0,
2026-11-27,PN-EQ-02,24.0,0.0,9355.9,288.1,430.0,
2027-06-21,PN-EQ-01,24.0,0.0,11838.3,152.8,520.0,
2026-01-25,PN-EQ-09,24.0,0.0,5905.7,152.0,260.0,
2027-04-04,PN-EQ-03,23.4,0.6,7819.4,175.3,380.0,
2026-02-28,PN-EQ-09,0.93,0.0,261.8,4.7,260.0,2.0
2027-12-14,PN-EQ-09,22.9,1.1,5857.2,129.7,260.0,
2026-07-08,PN-EQ-07,24.0,0.0,7559.7,199.6,350.0,
2026-11-13,PN-EQ-10,24.0,0.0,11008.8,199.1,500.0,
2026-11-25,PN-EQ-09,19.9,4.1,4202.6,100.1,260.0,
2026-09-28,PN-EQ-05,15.5,8.5,4603.5,114.4,300.0,
2027-09-14,PN-EQ-05,3.4,20.6,901.3,27.8,300.0,
2026-12-24,PN-EQ-08,24.0,0.0,9252.2,129.1,400.0,
2026-04-03,PN-EQ-07,24.0,0.0,8292.5,248.2,350.0,
2026-04-01,PN-EQ-01,24.0,0.0,11072.0,64.4,520.0,
2026-10-29,PN-EQ-06,4.3,19.7,1133.0,11.2,300.0,
2027-06-19,PN-EQ-01,19.8,4.2,9575.0,123.5,520.0,
2027-07-02,PN-EQ-01,24.0,0.0,11903.1,322.2,520.0,
2026-08-19,PN-EQ-01,21.1,2.9,9507.2,104.0,520.0,
2027-06-11,PN-EQ-09,24.0,0.0,5487.3,177.2,260.0,
2026-05-10,PN-EQ-06,24.0,0.0,6831.3,88.2,300.0,
2027-10-22,PN-EQ-02,24.0,0.0,9601.4,266.9,430.0,
2027-05-24,PN-EQ-05,24.0,0.0,6780.1,130.5,300.0,
2026-10-09,PN-EQ-07,24.0,0.0,7938.2,120.4,350.0,
2026-02-14,PN-EQ-10,1.97,0.0,1085.2,204.6,500.0,3.0
2027-10-26,PN-EQ-10,24.0,0.0,11152.9,211.8,500.0,
2027-11-04,PN-EQ-01,24.0,0.0,10687.0,205.6,520.0,
2027-07-31,PN-EQ-08,24.0,0.0,8523.9,231.2,400.0,
2027-12-06,PN-EQ-06,24.0,0.0,6174.8,137.9,300.0,
2026-09-25,PN-EQ-05,24.0,0.0,6316.9,102.3,300.0,
2026-08-17,PN-EQ-01,24.0,0.0,11866.5,263.6,520.0,
2026-02-06,PN-EQ-05,23.5,0.5,6979.5,134.3,300.0,
2027-06-13,PN-EQ-08,24.0,0.0,8553.1,281.1,400.0,
2026-10-10,PN-EQ-10,24.0,0.0,11657.2,172.2,500.0,
2027-03-22,PN-EQ-06,24.0,0.0,6282.1,163.6,300.0,
2026-05-06,PN-EQ-10,0.34,0.0,116.0,2.7,500.0,3.0
2026-11-25,PN-EQ-01,24.0,0.0,10334.4,450.0,520.0,
2026-12-10,PN-EQ-04,18.5,5.5,8084.5,113.3,460.0,
2027-07-27,PN-EQ-06,24.0,0.0,6124.1,219.8,300.0,
2027-08-23,PN-EQ-09,18.6,5.4,4023.1,37.3,260.0,
2027-06-27,PN-EQ-07,24.0,0.0,7690.5,239.2,350.0,
2026-08-16,PN-EQ-06,24.0,0.0,6679.8,151.3,300.0,
2027-09-01,PN-EQ-06,24.0,0.0,6475.9,114.4,300.0,
2027-07-21,PN-EQ-09,21.5,2.5,5330.0,187.8,260.0,
2026-04-23,PN-EQ-02,24.0,0.0,9777.0,266.4,430.0,
2026-08-30,PN-EQ-10,24.0,0.0,9617.0,214.9,500.0,
2027-01-18,PN-EQ-01,24.0,0.0,11203.0,220.1,520.0,
2027-08-21,PN-EQ-01,24.0,0.0,11560.9,174.0,520.0,
2026-11-13,PN-EQ-04,24.0,0.0,10929.6,185.5,460.0,
2027-10-04,PN-EQ-09,23.5,0.5,4957.0,120.9,260.0,
2027-06-10,PN-EQ-08,24.0,0.0,8706.4,97.8,400.0,
2027-04-17,PN-EQ-03,24.0,0.0,8044.8,106.6,380.0,
2027-05-14,PN-EQ-08,20.1,3.9,7195.3,120.2,400.0,
2026-12-26,PN-EQ-06,24.0,0.0,6576.9,89.5,300.0,
2027-05-21,PN-EQ-01,20.0,4.0,10296.0,300.9,520.0,
2027-08-18,PN-EQ-04,24.0,0.0,9953.3,348.4,460.0,
2027-02-09,PN-EQ-09,17.0,7.0,4198.0,50.2,260.0,
2026-06-08,PN-EQ-07,24.0,0.0,7800.6,106.0,350.0,
2027-07-02,PN-EQ-07,22.2,1.8,7253.8,60.3,350.0,
2027-06-16,PN-EQ-02,24.0,0.0,9542.3,197.5,430.0,
2027-08-10,PN-EQ-01,24.0,0.0,11326.4,73.1,520.0,
2026-07-30,PN-EQ-04,24.0,0.0,10929.6,192.0,460.0,
2026-02-25,PN-EQ-10,3.76,0.45,1636.3,4.0,500.0,1.0
2027-01-07,PN-EQ-01,24.0,0.0,11249.8,232.2,520.0,
2027-02-16,PN-EQ-09,22.7,1.3,5090.6,139.8,260.0,
2027-02-22,PN-EQ-08,24.0,0.0,8530.6,132.7,400.0,
2027-05-25,PN-EQ-10,24.0,0.0,9897.6,151.6,500.0,
2026-07-19,PN-EQ-05,24.0,0.0,6946.5,112.4,300.0,
2027-01-30,PN-EQ-09,24.0,0.0,5651.5,121.7,260.0,
2026-04-29,PN-EQ-01,24.0,0.0,11049.2,281.1,520.0,
2027-10-20,PN-EQ-04,24.0,0.0,10463.0,252.9,460.0,
2026-09-03,PN-EQ-03,24.0,0.0,7503.8,117.9,380.0,
2026-11-17,PN-EQ-09,24.0,0.0,5206.9,48.5,260.0,
2026-02-01,PN-EQ-03,24.0,0.0,7852.4,250.8,380.0,
2026-09-21,PN-EQ-09,24.0,0.0,5944.6,49.5,260.0,
2027-11-20,PN-EQ-06,24.0,0.0,6637.0,117.3,300.0,
2026-12-25,PN-EQ-07,24.0,0.0,7840.0,83.7,350.0,
2027-11-22,PN-EQ-07,24.0,0.0,7023.8,241.5,350.0,
2026-08-14,PN-EQ-07,24.0,0.0,7474.9,,350.0,
2026-08-03,PN-EQ-10,24.0,0.0,11769.3,354.1,500.0,
2027-12-15,PN-EQ-02,24.0,0.0,9847.6,203.7,430.0,
2027-03-18,PN-EQ-09,24.0,0.0,5487.1,138.9,260.0,
2026-05-25,PN-EQ-03,24.0,0.0,7705.6,107.4,380.0,
2027-06-25,PN-EQ-07,24.0,0.0,7658.5,132.8,350.0,
2027-11-21,PN-EQ-03,24.0,0.0,7270.0,107.9,380.0,
2027-02-11,PN-EQ-05,24.0,0.0,6836.3,217.2,300.0,
2026-05-27,PN-EQ-10,24.0,0.0,10411.9,259.0,500.0,
2027-03-29,PN-EQ-04,21.5,2.5,8889.9,223.0,460.0,
2026-01-15,PN-EQ-10,14.9,9.1,6523.2,204.3,500.0,
2027-02-07,PN-EQ-09,24.0,0.0,5324.5,145.1,260.0,
2027-04-15,PN-EQ-07,24.0,0.0,7172.4,124.4,350.0,
2027-02-09,PN-EQ-04,24.0,0.0,10462.0,224.3,460.0,
2026-12-04,PN-EQ-05,24.0,0.0,6909.1,140.1,300.0,
2026-12-19,PN-EQ-07,20.3,3.7,6105.9,117.1,350.0,
2026-05-01,PN-EQ-04,24.0,0.0,10161.0,223.3,460.0,
2027-07-18,PN-EQ-04,16.1,7.9,6305.7,216.2,460.0,
2026-04-29,PN-EQ-10,12.07,0.0,4874.1,98.2,500.0,2.0
2027-09-05,PN-EQ-08,24.0,0.0,8623.1,86.1,400.0,
2026-12-20,PN-EQ-09,24.0,0.0,6101.1,164.4,260.0,
2027-03-17,PN-EQ-06,24.0,0.0,6349.4,141.6,300.0,
2027-11-28,PN-EQ-03,24.0,0.0,8069.1,119.6,380.0,
2026-01-10,PN-EQ-09,24.0,0.0,5906.8,160.5,260.0,
2027-03-27,PN-EQ-05,24.0,0.0,6902.8,152.0,300.0,
2026-04-02,PN-EQ-07,23.5,0.5,7289.0,161.6,350.0,
2027-05-29,PN-EQ-04,24.0,0.0,10258.3,101.7,460.0,
2026-11-29,PN-EQ-05,24.0,0.0,5704.1,82.7,300.0,
2027-06-15,PN-EQ-02,24.0,0.0,9213.1,135.9,430.0,
2027-05-17,PN-EQ-09,22.0,2.0,4785.9,34.0,260.0,
2027-11-10,PN-EQ-09,24.0,0.0,5714.3,105.4,260.0,
2026-06-10,PN-EQ-06,24.0,0.0,6372.2,183.1,300.0,
2027-04-13,PN-EQ-08,24.0,0.0,8578.0,305.7,400.0,
2026-04-04,PN-EQ-10,5.61,0.16,2824.3,145.3,500.0,3.0
2026-04-14,PN-EQ-04,24.0,0.0,9453.6,80.1,460.0,
2027-11-18,PN-EQ-06,21.3,2.7,5700.3,102.7,300.0,
2026-11-01,PN-EQ-06,24.0,0.0,6023.5,146.6,300.0,
2027-05-04,PN-EQ-03,24.0,0.0,7970.5,194.3,380.0,
2027-02-28,PN-EQ-02,13.6,10.4,5024.6,44.2,430.0,
2026-11-05,PN-EQ-04,24.0,0.0,9637.8,91.2,460.0,
2027-03-31,PN-EQ-05,24.0,0.0,6776.6,209.0,300.0,
2026-10-24,PN-EQ-09,24.0,0.0,6070.5,233.5,260.0,
2026-10-19,PN-EQ-04,24.0,0.0,10109.3,139.9,460.0,
2026-04-29,PN-EQ-05,24.0,0.0,6428.4,82.5,300.0,
2026-12-28,PN-EQ-08,24.0,0.0,8059.6,208.9,400.0,
2026-05-08,PN-EQ-10,7.45,1.1,3433.9,126.0,500.0,3.0
2027-09-25,PN-EQ-02,11.1,12.9,4178.6,137.6,430.0,
2026-02-10,PN-EQ-10,4.37,0.0,2404.5,80.0,500.0,2.0
2027-11-11,PN-EQ-01,24.0,0.0,10589.1,144.3,520.0,
2027-01-31,PN-EQ-03,24.0,0.0,8044.7,197.4,380.0,
2027-03-04,PN-EQ-05,24.0,0.0,6456.2,206.6,300.0,
2027-02-04,PN-EQ-03,24.0,0.0,7744.6,78.1,380.0,
2027-09-11,PN-EQ-03,18.5,5.5,6395.1,205.2,380.0,
2026-05-18,PN-EQ-07,24.0,0.0,7412.0,142.7,350.0,
2027-07-14,PN-EQ-09,24.0,0.0,5777.4,121.6,260.0,
2027-06-10,PN-EQ-05,24.0,0.0,7079.4,,300.0,
2027-05-17,PN-EQ-02,21.0,3.0,8256.9,253.2,430.0,
2027-05-07,PN-EQ-02,24.0,0.0,9758.2,116.1,430.0,
2026-02-22,PN-EQ-09,6.89,0.0,1430.9,54.0,260.0,3.0
2027-08-01,PN-EQ-08,24.0,0.0,9388.7,152.3,400.0,
2026-02-05,PN-EQ-09,24.0,0.0,5854.4,66.0,260.0,
2026-03-25,PN-EQ-03,16.5,7.5,5994.1,151.9,380.0,
2026-03-05,PN-EQ-06,24.0,0.0,6686.4,101.7,300.0,
2027-09-05,PN-EQ-05,13.7,10.3,3606.6,96.0,300.0,
2027-04-16,PN-EQ-05,4.0,20.0,1188.0,23.1,300.0,
2027-07-02,PN-EQ-03,24.0,0.0,8527.5,251.8,380.0,
2027-07-12,PN-EQ-08,24.0,0.0,7564.8,167.9,400.0,
2026-02-08,PN-EQ-09,0.36,0.0,89.9,41.7,260.0,1.0
2027-05-29,PN-EQ-05,8.4,15.6,2143.1,25.9,300.0,
2027-10-10,PN-EQ-05,21.5,2.5,6063.2,165.7,300.0,
2026-11-22,PN-EQ-06,24.0,0.0,5695.0,150.2,300.0,
2027-08-25,PN-EQ-08,24.0,0.0,7751.4,136.8,400.0,
2027-05-09,PN-EQ-05,11.7,12.3,3474.9,70.5,300.0,
2026-06-09,PN-EQ-04,24.0,0.0,9219.3,,460.0,
2027-03-31,PN-EQ-06,24.0,0.0,6657.0,126.5,300.0,
2026-08-18,PN-EQ-02,21.4,2.6,7917.3,181.1,430.0,
2026-05-11,PN-EQ-09,6.61,0.34,1420.5,8.0,260.0,1.0
2027-04-18,PN-EQ-03,24.0,0.0,8440.9,134.8,380.0,
2027-01-25,PN-EQ-02,24.0,0.0,9379.1,230.4,430.0,
2027-07-24,PN-EQ-05,24.0,0.0,6089.0,154.3,300.0,
2027-08-25,PN-EQ-02,24.0,0.0,9731.2,226.5,430.0,
2027-03-24,PN-EQ-08,24.0,0.0,8987.0,190.4,400.0,
2026-06-27,PN-EQ-10,11.7,12.3,4992.9,169.0,500.0,
2026-04-01,PN-EQ-09,6.84,0.0,1648.6,66.4,260.0,1.0
2027-10-06,PN-EQ-10,24.0,0.0,10146.6,205.2,500.0,
2027-09-28,PN-EQ-03,24.0,0.0,8945.9,48.2,380.0,
2026-03-12,PN-EQ-10,17.9,0.0,7887.1,98.0,500.0,3.0
2027-06-24,PN-EQ-01,24.0,0.0,11730.5,248.6,520.0,
2026-12-24,PN-EQ-01,23.5,0.5,10370.3,234.7,520.0,
2027-11-11,PN-EQ-02,24.0,0.0,9228.8,82.2,430.0,
2026-05-09,PN-EQ-03,24.0,0.0,8330.5,169.2,380.0,
2026-02-18,PN-EQ-07,19.4,4.6,6140.7,144.8,350.0,
2027-11-09,PN-EQ-08,24.0,0.0,8438.7,70.5,400.0,
2026-09-28,PN-EQ-08,24.0,0.0,8183.8,149.7,400.0,
2026-12-31,PN-EQ-08,24.0,0.0,8918.9,99.4,400.0,
2027-09-06,PN-EQ-10,24.0,0.0,11297.6,224.2,500.0,
2026-05-18,PN-EQ-06,24.0,0.0,6359.6,78.9,300.0,
2026-06-13,PN-EQ-03,22.0,2.0,6917.3,49.7,380.0,
2026-04-15,PN-EQ-10,1.97,0.0,874.2,28.1,500.0,3.0
2027-02-28,PN-EQ-09,24.0,0.0,5556.4,74.0,260.0,
2027-10-24,PN-EQ-07,24.0,0.0,7601.8,92.9,350.0,
2026-02-08,PN-EQ-01,24.0,0.0,11211.0,196.0,520.0,
2026-07-22,PN-EQ-09,24.0,0.0,5485.8,196.3,260.0,
2026-08-03,PN-EQ-03,24.0,0.0,7749.3,247.5,380.0,
2027-07-13,PN-EQ-03,24.0,0.0,7931.1,165.6,380.0,
2027-11-12,PN-EQ-04,15.2,8.8,5886.0,48.0,460.0,
2026-11-07,PN-EQ-10,21.7,2.3,9167.5,205.8,500.0,
2026-04-29,PN-EQ-09,3.95,0.0,1064.8,31.8,260.0,3.0
2026-05-04,PN-EQ-05,24.0,0.0,6685.6,114.5,300.0,
2026-10-19,PN-EQ-06,4.0,20.0,1188.0,30.0,300.0,
2026-02-28,PN-EQ-10,7.23,0.0,3016.0,110.5,500.0,3.0
2027-06-08,PN-EQ-10,24.0,0.0,10435.9,302.6,500.0,
2027-08-26,PN-EQ-01,14.8,9.2,6721.5,206.9,520.0,
2026-04-15,PN-EQ-10,5.61,0.0,2474.9,118.2,500.0,1.0
2026-09-14,PN-EQ-07,24.0,0.0,7718.8,188.3,350.0,
2027-04-16,PN-EQ-03,24.0,0.0,8190.8,145.6,380.0,
2026-01-20,PN-EQ-08,24.0,0.0,9368.8,115.7,400.0,
2027-02-11,PN-EQ-01,24.0,0.0,11522.2,182.3,520.0,
2027-10-10,PN-EQ-03,24.0,0.0,8771.8,179.9,380.0,
2026-09-24,PN-EQ-03,24.0,0.0,8490.7,174.5,380.0,
2027-05-18,PN-EQ-06,22.6,1.4,6396.6,18.9,300.0,
2027-03-25,PN-EQ-02,24.0,0.0,8391.5,142.0,430.0,
2026-09-27,PN-EQ-08,23.5,0.5,8892.2,152.2,400.0,
2026-06-04,PC-EQ-09,24.0,0.0,4590.9,17.9,208.0,
2027-03-31,PN-EQ-04,24.0,0.0,9534.9,330.8,460.0,
2026-11-27,PN-EQ-05,24.0,0.0,6478.3,192.4,300.0,
2027-06-26,PN-EQ-07,24.0,0.0,8202.2,106.7,350.0,
2026-01-29,PN-EQ-05,24.0,0.0,6358.5,83.6,300.0,
2026-11-12,PN-EQ-03,24.0,0.0,7551.7,125.2,380.0,
2027-03-12,PN-EQ-09,24.0,0.0,5364.3,78.9,260.0,
2027-04-23,PN-EQ-08,24.0,0.0,8342.4,222.9,400.0,
2027-10-28,PN-EQ-08,24.0,0.0,8469.0,131.6,400.0,
2026-03-04,PN-EQ-09,2.35,0.0,573.8,77.0,260.0,2.0
2026-03-12,PN-EQ-07,16.3,7.7,5058.0,140.5,350.0,
2026-06-26,PN-EQ-06,24.0,0.0,6789.7,159.0,300.0,
2026-04-08,PN-EQ-10,3.23,0.0,1649.4,21.9,500.0,3.0
2026-02-26,PN-EQ-07,22.3,1.7,6986.0,123.7,350.0,
2026-11-02,PN-EQ-06,24.0,0.0,6874.8,34.6,300.0,
2026-02-04,PN-EQ-10,24.0,0.0,10878.2,255.1,500.0,
2026-12-28,PN-EQ-09,18.3,5.7,4283.4,110.6,260.0,
2026-08-11,PN-EQ-10,24.0,0.0,10766.1,281.1,500.0,
2026-09-06,PN-EQ-08,24.0,0.0,7948.0,,400.0,
2027-10-19,PN-EQ-03,18.3,5.7,6007.2,173.4,380.0,
2027-09-20,PN-EQ-06,24.0,0.0,6534.5,140.5,300.0,
2027-12-16,PN-EQ-08,24.0,0.0,9002.9,169.7,400.0,
2026-12-31,PN-EQ-09,24.0,0.0,6024.2,19.2,260.0,
2026-03-23,PN-EQ-09,11.69,0.0,2739.4,7.1,260.0,1.0
2026-01-11,PN-EQ-02,24.0,0.0,9729.8,201.1,430.0,
2026-09-09,PN-EQ-06,24.0,0.0,6173.2,112.3,300.0,
2027-07-05,PN-EQ-05,24.0,0.0,7128.0,198.9,300.0,
2026-12-22,PN-EQ-10,14.2,9.8,6689.4,220.9,500.0,
2027-08-05,PN-EQ-09,24.0,0.0,5861.8,74.6,260.0,
2027-11-30,PN-EQ-10,24.0,0.0,10737.4,207.0,500.0,
2026-04-17,PN-EQ-04,24.0,0.0,10902.6,299.6,460.0,
2026-01-14,PN-EQ-10,6.1,17.9,2631.1,80.8,500.0,
2027-05-28,PN-EQ-06,15.5,8.5,3918.3,106.1,300.0,
2027-06-24,PN-EQ-08,24.0,0.0,8721.6,191.0,400.0,
2027-01-10,PN-EQ-04,24.0,0.0,10929.6,205.2,460.0,
2027-02-22,PN-EQ-02,24.0,0.0,9625.3,163.9,430.0,
2027-10-27,PN-EQ-06,24.0,0.0,6707.8,225.3,300.0,
2026-08-12,PN-EQ-10,24.0,0.0,10257.4,142.6,500.0,
2026-03-29,PN-EQ-09,5.6,0.0,1327.7,36.9,260.0,1.0
2027-10-07,PN-EQ-03,24.0,0.0,8201.0,214.5,380.0,
2026-02-26,PN-EQ-09,7.51,0.0,1501.5,66.1,260.0,1.0
2027-11-07,PN-EQ-03,21.0,3.0,7681.9,94.6,380.0,
2027-03-04,PN-EQ-09,24.0,0.0,5243.5,132.8,260.0,
2027-09-09,PN-EQ-05,4.0,20.0,1032.6,23.1,300.0,
2026-08-20,PN-EQ-04,24.0,0.0,9803.3,153.0,460.0,
2027-02-07,PN-EQ-06,24.0,0.0,6335.1,30.7,300.0,
2026-03-17,PN-EQ-10,6.86,0.0,3085.6,7.5,500.0,1.0
2026-11-20,PN-EQ-05,24.0,0.0,6241.9,124.1,300.0,
2027-07-15,PN-EQ-05,21.7,2.3,5696.4,111.2,300.0,
2027-09-06,PN-EQ-07,24.0,0.0,8151.5,123.1,350.0,
2027-06-09,PN-EQ-09,24.0,0.0,5597.8,14.7,260.0,
2027-01-10,PN-EQ-08,24.0,0.0,8853.1,175.2,400.0,
2027-01-23,PN-EQ-02,24.0,0.0,9949.4,256.1,430.0,
2026-01-26,PN-EQ-03,24.0,0.0,7718.2,180.7,380.0,
2026-02-16,PN-EQ-08,24.0,0.0,8642.8,232.7,400.0,
2026-09-16,PN-EQ-06,19.6,4.4,5091.1,143.7,300.0,
2026-03-20,PN-EQ-09,1.01,0.0,294.9,36.7,260.0,1.0
2027-08-31,PN-EQ-01,24.0,0.0,11960.8,233.4,520.0,
2027-04-08,PN-EQ-07,24.0,0.0,7303.8,187.5,350.0,
2026-07-13,PN-EQ-07,24.0,0.0,7843.6,239.4,350.0,
2027-06-29,PN-EQ-09,22.3,1.7,4954.4,79.9,260.0,
2027-03-31,PN-EQ-10,24.0,0.0,10535.2,0.0,500.0,
2027-04-28,PN-EQ-04,24.0,0.0,9994.1,194.9,460.0,
2027-01-11,PN-EQ-09,24.0,0.0,5915.7,46.5,260.0,
2026-07-02,PN-EQ-07,24.0,0.0,6013.2,147.9,350.0,
2027-08-19,PN-EQ-08,24.0,0.0,8076.7,84.2,400.0,
2026-06-02,PN-EQ-08,24.0,0.0,8813.1,7.6,400.0,
2026-10-07,PN-EQ-10,21.7,2.3,9519.3,,500.0,
2026-12-22,PN-EQ-05,24.0,0.0,6346.6,104.2,300.0,
2026-01-29,PN-EQ-01,23.5,0.5,10256.2,129.9,520.0,
2026-05-29,PN-EQ-08,21.9,2.1,7630.6,147.6,400.0,
2026-05-04,PN-EQ-01,16.6,7.4,8227.1,0.0,520.0,
2027-02-10,PN-EQ-08,24.0,0.0,8933.7,89.6,400.0,
2027-05-08,PN-EQ-03,24.0,0.0,9028.8,113.2,380.0,
2027-06-23,PN-EQ-10,24.0,0.0,9701.7,187.8,500.0,
2027-11-15,PN-EQ-07,24.0,0.0,8316.0,159.9,350.0,
2027-07-12,PN-EQ-04,24.0,0.0,9550.3,133.6,460.0,
2026-08-18,PN-EQ-04,20.0,4.0,7978.7,79.2,460.0,
2026-12-09,PN-EQ-01,22.7,1.3,10748.1,171.2,520.0,
2026-02-12,PN-EQ-05,24.0,0.0,7018.3,101.3,300.0,
2027-07-24,PN-EQ-09,24.0,0.0,5869.7,60.4,260.0,
2026-08-07,PN-EQ-03,24.0,0.0,7986.2,219.7,380.0,
2026-09-14,PN-EQ-04,24.0,0.0,9809.9,201.7,460.0,
2026-08-30,PN-EQ-08,24.0,0.0,8315.1,309.2,400.0,
2026-12-02,PN-EQ-04,24.0,0.0,10864.6,139.2,460.0,
2026-03-02,PN-EQ-07,24.0,0.0,7400.4,183.8,350.0,
2027-05-10,PN-EQ-05,24.0,0.0,7055.3,111.7,300.0,
2026-02-07,PN-EQ-09,2.99,0.29,687.6,26.6,260.0,2.0
2026-04-28,PN-EQ-07,24.0,0.0,7208.0,254.7,350.0,
2026-12-27,PN-EQ-07,24.0,0.0,7645.1,206.7,350.0,
2027-05-31,PN-EQ-08,22.6,1.4,7181.8,187.4,400.0,
2027-01-13,PN-EQ-09,24.0,0.0,5801.2,114.3,260.0,
2026-08-22,PN-EQ-07,17.8,6.2,5495.5,46.1,350.0,
2027-01-06,PN-EQ-02,24.0,0.0,9688.8,111.8,430.0,
2026-07-12,PN-EQ-06,24.0,0.0,6116.7,64.9,300.0,
2026-02-02,PN-EQ-05,24.0,0.0,6159.1,96.8,300.0,
2026-04-22,PN-EQ-03,21.8,2.2,7589.8,160.2,380.0,
2027-05-16,PN-EQ-08,24.0,0.0,8291.6,199.9,400.0,
2027-11-16,PN-EQ-03,24.0,0.0,8967.0,254.8,380.0,
2027-09-26,PN-EQ-09,24.0,0.0,5431.6,123.3,260.0,
2026-12-04,PN-EQ-07,24.0,0.0,7048.8,82.2,350.0,
2026-01-30,PN-EQ-06,23.2,0.8,6726.3,76.4,300.0,
2027-11-28,PN-EQ-05,24.0,0.0,6586.0,125.9,300.0,
2027-11-22,PN-EQ-02,24.0,0.0,9853.6,110.4,430.0,
2026-04-25,PN-EQ-09,1.68,0.0,268.0,1.9,260.0,3.0
2026-11-17,PN-EQ-07,24.0,0.0,7445.0,158.1,350.0,
2027-05-12,PN-EQ-05,22.7,1.3,6169.0,87.6,300.0,
2027-07-23,PN-EQ-06,24.0,0.0,6430.0,170.1,300.0,
2026-12-14,PN-EQ-02,22.1,1.9,7869.8,210.2,430.0,
2027-06-23,PN-EQ-05,24.0,0.0,7087.3,,300.0,
2026-09-05,PN-EQ-07,24.0,0.0,7894.4,247.7,350.0,
2027-01-06,PN-EQ-09,24.0,0.0,5678.8,123.5,260.0,
2026-02-28,PN-EQ-07,24.0,0.0,6895.9,142.5,350.0,
2027-10-05,PN-EQ-05,24.0,0.0,6710.2,257.9,300.0,
2026-03-03,PN-EQ-03,24.0,0.0,8390.8,182.3,380.0,
2027-02-07,PN-EQ-02,14.2,9.8,5167.2,116.9,430.0,
2027-02-10,PN-EQ-02,24.0,0.0,8691.8,254.5,430.0,
2027-05-17,PN-EQ-04,24.0,0.0,10561.8,292.5,460.0,
2026-09-08,PN-EQ-01,24.0,0.0,11993.5,272.3,520.0,
2026-10-24,PN-EQ-04,24.0,0.0,9365.7,141.2,460.0,
2026-08-25,PN-EQ-07,24.0,0.0,6813.2,114.8,350.0,
2026-10-16,PN-EQ-03,22.5,1.5,7555.2,186.3,380.0,
2027-11-12,PN-EQ-01,24.0,0.0,11341.5,253.5,520.0,
2026-02-18,PN-EQ-10,0.25,7.99,146.9,21.6,500.0,3.0
2027-01-06,PN-EQ-06,24.0,0.0,6808.0,121.8,300.0,
2026-03-03,PN-EQ-09,11.36,0.68,2787.6,10.6,260.0,2.0
2026-09-26,PN-EQ-01,24.0,0.0,11254.5,143.3,520.0,
2026-12-01,PN-EQ-01,21.3,2.7,10132.4,244.2,520.0,
2026-11-03,PN-EQ-08,23.5,0.5,8627.6,87.2,400.0,
2026-04-07,PN-EQ-05,23.5,0.5,6420.5,107.1,300.0,
2027-10-21,PN-EQ-01,14.3,9.7,6300.3,138.3,520.0,
2027-09-29,PN-EQ-02,24.0,0.0,9662.0,125.5,430.0,
2027-07-24,PN-EQ-04,24.0,0.0,10929.6,224.5,460.0,
2027-04-03,PN-EQ-08,24.0,0.0,8947.9,,400.0,
2027-04-07,PN-EQ-10,24.0,0.0,10273.2,189.5,500.0,
2026-04-26,PN-EQ-07,24.0,0.0,7635.5,150.5,350.0,
2027-09-12,PN-EQ-01,24.0,0.0,12259.4,485.3,520.0,
2027-01-20,PN-EQ-07,21.1,2.9,6553.2,217.8,350.0,
2026-02-09,PN-EQ-08,24.0,0.0,8805.9,50.8,400.0,
2027-06-17,PN-EQ-06,24.0,0.0,6094.3,99.5,300.0,
2027-10-08,PN-EQ-09,15.7,8.3,3619.9,64.4,260.0,
2027-08-31,PN-EQ-03,19.9,4.1,6402.0,202.0,380.0,
2027-03-03,PN-EQ-05,23.1,0.9,6367.0,178.5,300.0,
2027-05-10,PN-EQ-06,24.0,0.0,6688.2,155.1,300.0,
2027-03-07,PN-EQ-10,24.0,0.0,10438.3,248.5,500.0,
2026-03-11,PN-EQ-05,24.0,0.0,6379.2,149.3,300.0,
2027-06-23,PN-EQ-03,24.0,0.0,7880.8,175.5,380.0,
2026-01-17,PN-EQ-01,16.2,7.8,7447.5,76.9,520.0,
2027-09-24,PN-EQ-04,10.8,13.2,4618.5,86.8,460.0,
2027-02-15,PN-EQ-10,24.0,0.0,11409.5,115.6,500.0,
2026-03-28,PN-EQ-07,24.0,0.0,7538.4,90.1,350.0,
2027-07-19,PN-EQ-10,24.0,0.0,11016.7,250.5,500.0,
2026-05-17,PN-EQ-05,23.5,0.5,6878.7,204.3,300.0,
2027-09-03,PN-EQ-07,24.0,0.0,7301.9,132.7,350.0,
2027-09-19,PN-EQ-02,24.0,0.0,8993.5,169.3,430.0,
2027-09-16,PN-EQ-07,24.0,0.0,6974.4,159.8,350.0,
2027-03-30,PN-EQ-09,22.2,1.8,5311.4,163.9,260.0,
2027-03-23,PN-EQ-10,24.0,0.0,10453.7,163.5,500.0,
2026-09-18,PN-EQ-08,14.0,10.0,5127.5,199.8,400.0,
2026-03-14,PN-EQ-06,24.0,0.0,6325.3,165.9,300.0,
2026-05-04,PN-EQ-04,24.0,0.0,10415.2,114.4,460.0,
2026-04-30,PN-EQ-02,24.0,0.0,10216.8,255.3,430.0,
2026-11-16,PN-EQ-02,4.0,20.0,1593.8,53.9,430.0,
2026-07-02,PN-EQ-08,24.0,0.0,8693.6,108.7,400.0,
2027-11-07,PN-EQ-10,24.0,0.0,10373.6,274.0,500.0,
2026-09-03,PN-EQ-10,23.2,0.8,10817.2,324.2,500.0,
2027-03-14,PN-EQ-09,15.9,8.1,3711.8,105.2,260.0,
2026-03-16,PN-EQ-05,24.0,0.0,6317.8,123.5,300.0,
2027-03-22,PN-EQ-04,15.9,8.1,6013.9,129.9,460.0,
2027-02-12,PN-EQ-10,24.0,0.0,11880.0,220.1,500.0,
2026-08-26,PN-EQ-01,24.0,0.0,10699.5,252.1,520.0,
2027-05-08,PN-EQ-10,24.0,0.0,10710.6,206.2,500.0,
2026-03-01,PN-EQ-10,5.32,0.29,2456.9,36.4,500.0,3.0
2027-02-25,PN-EQ-02,24.0,0.0,8887.1,166.9,430.0,
2027-08-31,PN-EQ-04,24.0,0.0,10094.0,207.4,460.0,
2026-08-24,PN-EQ-07,24.0,0.0,7192.1,,350.0,
2027-10-20,PN-EQ-03,24.0,0.0,8166.7,168.5,380.0,
2026-11-14,PN-EQ-04,24.0,0.0,9426.1,121.7,460.0,
2027-06-27,PN-EQ-03,24.0,0.0,7482.4,157.6,380.0,
2026-05-01,PN-EQ-03,24.0,0.0,8137.8,176.1,380.0,
2027-12-04,PN-EQ-05,24.0,0.0,6234.1,100.5,300.0,
2027-04-11,PN-EQ-05,24.0,0.0,6542.5,141.1,300.0,
2027-12-03,PN-EQ-09,24.0,0.0,5838.6,177.1,260.0,
2026-06-12,PN-EQ-10,24.0,0.0,11071.0,153.4,500.0,
2026-08-13,PN-EQ-06,24.0,0.0,6301.0,64.9,300.0,
2027-04-02,PN-EQ-05,24.0,0.0,6266.3,49.5,300.0,
2026-06-09,PN-EQ-10,17.3,6.7,7308.8,158.5,500.0,
2026-07-25,PN-EQ-01,24.0,0.0,10886.6,24.2,520.0,
2026-04-25,PN-EQ-03,24.0,0.0,8261.3,205.6,380.0,
2027-02-07,PN-EQ-04,24.0,0.0,9990.0,310.3,460.0,
2027-01-02,PN-EQ-06,24.0,0.0,6342.0,135.3,300.0,
2027-02-20,PN-EQ-10,24.0,0.0,10224.9,167.2,500.0,
2026-03-06,PN-EQ-09,0.94,0.0,175.0,92.9,260.0,2.0
2027-12-05,PN-EQ-05,11.9,12.1,3409.2,60.2,300.0,
2027-11-21,PN-EQ-02,24.0,0.0,8782.2,179.5,430.0,
2027-04-13,PN-EQ-02,24.0,0.0,9121.4,74.1,430.0,
2026-07-17,PN-EQ-06,24.0,0.0,6687.4,141.7,300.0,
2026-12-20,PN-EQ-06,23.1,0.9,5813.3,100.6,300.0,
2026-06-29,PN-EQ-08,24.0,0.0,8551.7,217.6,400.0,
2027-05-08,PN-EQ-05,24.0,0.0,6836.4,141.8,300.0,
2027-02-08,PN-EQ-09,24.0,0.0,6177.6,210.7,260.0,
2027-07-27,PN-EQ-05,24.0,0.0,6658.6,146.3,300.0,
2027-05-17,PN-EQ-03,24.0,0.0,9028.8,191.1,380.0,
2027-02-27,PN-EQ-02,20.8,3.2,8036.9,211.8,430.0,
2026-09-05,PN-EQ-02,24.0,0.0,9945.6,230.5,430.0,
2026-03-18,PN-EQ-02,17.0,7.0,6421.5,187.2,430.0,
2026-10-09,PN-EQ-08,24.0,0.0,8474.3,63.1,400.0,
2027-06-13,PN-EQ-07,21.6,2.4,6368.7,168.1,350.0,
2027-09-07,PN-EQ-10,13.8,10.2,6292.2,109.6,500.0,
2027-08-08,PN-EQ-03,24.0,0.0,8078.3,120.3,380.0,
2026-06-25,PN-EQ-06,24.0,0.0,6555.3,93.4,300.0,
2026-09-14,PN-EQ-09,24.0,0.0,5987.0,137.0,260.0,
2027-05-28,PN-EQ-03,24.0,0.0,7614.2,204.4,380.0,
2026-08-18,PN-EQ-09,24.0,0.0,5502.3,147.4,260.0,
2026-02-12,PN-EQ-03,24.0,0.0,8541.8,176.3,380.0,
2026-01-13,PN-EQ-10,24.0,0.0,10986.4,117.6,500.0,
2026-04-19,PN-EQ-01,24.0,0.0,11472.1,226.5,520.0,
2027-03-10,PN-EQ-01,19.8,4.2,9384.9,181.7,520.0,
2027-10-18,PN-EQ-07,24.0,0.0,7786.9,105.2,350.0,
2027-11-18,PN-EQ-09,24.0,0.0,5986.5,152.5,260.0,
2027-10-21,PN-EQ-03,24.0,0.0,8532.8,217.7,380.0,
2026-05-11,PN-EQ-03,24.0,0.0,8379.7,196.0,380.0,
2026-04-10,PN-EQ-02,24.0,0.0,9229.1,83.4,430.0,
2027-01-14,PN-EQ-09,15.0,9.0,3454.9,100.1,260.0,
2026-05-03,PN-EQ-03,24.0,0.0,8797.6,246.1,380.0,
2027-03-13,PN-EQ-03,24.0,0.0,8230.5,189.9,380.0,
2027-12-07,PN-EQ-07,24.0,0.0,8306.5,254.5,350.0,
2027-01-21,PN-EQ-03,22.8,1.2,7357.4,84.6,380.0,
2027-06-22,PN-EQ-10,24.0,0.0,10278.6,242.0,500.0,
2027-07-29,PN-EQ-06,24.0,0.0,7008.6,17.4,300.0,
2026-09-28,PN-EQ-06,24.0,0.0,6367.3,235.2,300.0,
2026-09-15,PN-EQ-08,17.0,7.0,5872.6,76.4,400.0,
2027-07-13,PN-EQ-09,20.2,3.8,4357.4,62.4,260.0,
2027-03-17,PN-EQ-04,24.0,0.0,10040.1,230.2,460.0,
2027-09-10,PN-EQ-07,24.0,0.0,7445.2,143.8,350.0,
2026-11-07,PN-EQ-06,21.2,2.8,5461.8,153.2,300.0,
2026-01-16,PN-EQ-07,24.0,0.0,7828.0,130.4,350.0,
2027-01-17,PN-EQ-07,19.7,4.3,6193.9,112.6,350.0,
2027-12-01,PN-EQ-01,20.1,3.9,8716.2,57.9,520.0,
2026-04-13,PN-EQ-09,1.41,0.0,211.2,118.5,260.0,3.0
2026-07-21,PN-EQ-06,21.0,3.0,5419.5,94.9,300.0,
2027-02-17,PN-EQ-01,24.0,0.0,10984.5,132.3,520.0,
2026-01-21,PN-EQ-05,24.0,0.0,5889.9,121.7,300.0,
2026-09-04,PN-EQ-01,21.3,2.7,10294.7,205.7,520.0,
2027-08-30,PN-EQ-07,24.0,0.0,6897.8,152.6,350.0,
2026-06-18,PN-EQ-01,24.0,0.0,11240.6,216.6,520.0,
2026-04-14,PN-EQ-09,7.81,0.0,1661.0,0.5,260.0,3.0
2026-05-31,PN-EQ-10,24.0,0.0,11232.7,208.2,500.0,
2027-06-24,PN-EQ-05,24.0,0.0,6240.7,123.5,300.0,
2027-11-26,PN-EQ-02,24.0,0.0,9280.7,134.7,430.0,
2026-08-29,PN-EQ-02,24.0,0.0,9342.4,199.7,430.0,
2027-09-05,PN-EQ-04,24.0,0.0,9664.3,287.4,460.0,
2027-08-12,PN-EQ-02,24.0,0.0,9382.2,119.9,430.0,
2026-06-12,PN-EQ-06,16.0,8.0,4428.7,30.5,300.0,
2026-02-14,PN-EQ-03,24.0,0.0,8441.6,239.7,380.0,
2026-08-20,PN-EQ-02,24.0,0.0,9585.8,97.5,430.0,
2027-06-29,PN-EQ-07,24.0,0.0,7678.4,136.8,350.0,
2026-09-07,PN-EQ-10,24.0,0.0,11407.6,212.0,500.0,
2026-02-21,PN-EQ-08,15.9,8.1,6296.4,150.7,400.0,
2027-08-19,PN-EQ-10,24.0,0.0,10474.8,100.0,500.0,
2026-11-10,PN-EQ-05,19.1,4.9,5065.8,59.0,300.0,
2026-08-08,PN-EQ-09,24.0,0.0,5631.0,125.3,260.0,
2026-03-07,PN-EQ-09,21.72,0.0,5156.3,8.2,260.0,2.0
2026-06-22,PN-EQ-04,24.0,0.0,10067.0,99.0,460.0,
2026-03-18,PN-EQ-08,24.0,0.0,7607.3,116.1,400.0,
2027-08-06,PN-EQ-07,16.4,7.6,5083.1,134.5,350.0,
2026-03-29,PN-EQ-03,21.0,3.0,7701.7,226.9,380.0,
2026-03-06,PN-EQ-09,4.09,0.0,887.7,4.1,260.0,1.0
2027-09-16,PN-EQ-04,24.0,0.0,10446.0,214.8,460.0,
2026-09-04,PN-EQ-04,24.0,0.0,10862.6,115.8,460.0,
2026-08-10,PN-EQ-04,24.0,0.0,9905.4,257.2,460.0,
2027-01-07,PN-EQ-06,24.0,0.0,5790.9,91.0,300.0,
2027-04-07,PN-EQ-08,24.0,0.0,8177.4,204.3,400.0,
2027-08-14,PN-EQ-01,24.0,0.0,12058.1,229.4,520.0,
2026-04-23,PN-EQ-09,4.97,2.49,1209.2,64.7,260.0,3.0
2026-03-31,PN-EQ-04,18.5,5.5,7889.1,282.5,460.0,
2026-10-18,PN-EQ-06,24.0,0.0,6438.9,86.6,300.0,
2026-12-03,PN-EQ-06,24.0,0.0,6690.8,45.0,300.0,
2026-04-22,PN-EQ-10,4.47,0.0,2069.3,26.6,500.0,2.0
2027-03-15,PN-EQ-08,24.0,0.0,8709.6,286.2,400.0,
2027-09-19,PN-EQ-01,24.0,0.0,10717.9,261.4,520.0,
2026-10-03,PN-EQ-10,24.0,0.0,10846.8,42.3,500.0,
2026-04-11,PN-EQ-07,24.0,0.0,7391.5,160.9,350.0,
2026-02-01,PN-EQ-05,24.0,0.0,6604.4,140.3,300.0,
2027-09-23,PN-EQ-01,11.1,12.9,4681.6,100.3,520.0,
2026-07-21,PN-EQ-05,24.0,0.0,6280.1,106.9,300.0,
2026-07-28,PN-EQ-09,24.0,0.0,5969.7,78.6,260.0,
2027-07-06,PN-EQ-08,24.0,0.0,8328.6,227.3,400.0,
2027-07-29,PN-EQ-04,24.0,0.0,10929.6,276.2,460.0,
2026-03-16,PN-EQ-10,22.78,0.0,10470.9,,500.0,2.0
2027-03-18,PN-EQ-04,24.0,0.0,10099.2,191.8,460.0,
2027-04-10,PN-EQ-08,23.3,0.7,8313.1,226.4,400.0,
2027-04-24,PN-EQ-10,24.0,0.0,10746.7,180.2,500.0,
2027-03-15,PN-EQ-02,24.0,0.0,10216.8,101.5,430.0,
2026-04-22,PN-EQ-01,24.0,0.0,11300.4,140.9,520.0,
2027-01-16,PN-EQ-06,4.0,20.0,1167.5,16.4,300.0,
2026-11-19,PN-EQ-06,17.9,6.1,5000.9,62.2,300.0,
2027-02-21,PN-EQ-09,24.0,0.0,5510.5,133.6,260.0,
2026-02-26,PN-EQ-05,24.0,0.0,6434.5,85.8,300.0,
2026-04-09,PN-EQ-09,2.57,0.0,769.1,43.1,260.0,1.0
2027-05-19,PN-EQ-04,22.6,1.4,8396.3,160.5,460.0,
2027-01-03,PN-EQ-06,24.0,0.0,6749.5,74.6,300.0,
2027-08-12,PN-EQ-09,24.0,0.0,5571.8,74.8,260.0,
2026-03-02,PN-EQ-08,24.0,0.0,8110.9,235.7,400.0,
2027-09-16,PN-EQ-10,24.0,0.0,11519.8,324.4,500.0,
2026-10-10,PN-EQ-09,24.0,0.0,5811.6,181.2,260.0,
2026-01-24,PN-EQ-04,24.0,0.0,8549.1,147.4,460.0,
2026-10-02,PN-EQ-03,24.0,0.0,8978.5,222.4,380.0,
2026-02-21,PN-EQ-03,24.0,0.0,8442.7,182.5,380.0,
2026-09-20,PN-EQ-07,24.0,0.0,7784.3,103.5,350.0,
2027-01-18,PN-EQ-10,21.6,2.4,10692.0,357.0,500.0,
2026-01-27,PN-EQ-04,14.3,9.7,5107.1,39.2,460.0,
2026-07-22,PN-EQ-07,19.8,4.2,6272.2,138.8,350.0,
2026-12-31,PN-EQ-10,24.0,0.0,11668.5,271.0,500.0,
2027-10-29,PN-EQ-03,24.0,0.0,8049.5,148.5,380.0,
2026-01-28,PN-EQ-03,24.0,0.0,8042.9,,380.0,
2026-08-24,PN-EQ-09,24.0,0.0,5102.4,151.0,260.0,
2026-06-07,PN-EQ-02,24.0,0.0,8062.9,61.7,430.0,
2026-11-13,PN-EQ-09,22.3,1.7,5124.5,55.7,260.0,
2026-10-17,PN-EQ-06,24.0,0.0,6808.9,195.0,300.0,
2027-09-15,PN-EQ-05,24.0,0.0,6854.2,171.3,300.0,
2027-05-30,PN-EQ-03,24.0,0.0,8534.7,196.1,380.0,
2027-02-13,PN-EQ-10,24.0,0.0,9682.4,0.0,500.0,
2027-06-22,PN-EQ-08,24.0,0.0,9477.1,159.5,400.0,
2026-04-24,PN-EQ-05,24.0,0.0,6322.3,154.8,300.0,
2027-10-19,PN-EQ-06,24.0,0.0,6580.3,151.3,300.0,
2026-02-10,PN-EQ-09,0.6,0.0,60.6,57.1,260.0,1.0
2027-05-30,PN-EQ-07,24.0,0.0,7435.3,149.5,350.0,
2027-12-19,PN-EQ-06,24.0,0.0,6686.1,255.2,300.0,
2026-03-12,PN-EQ-09,9.01,0.0,1914.8,22.8,260.0,1.0
2027-08-01,PN-EQ-02,24.0,0.0,9065.9,294.7,430.0,
2027-10-26,PN-EQ-08,24.0,0.0,9319.4,242.8,400.0,
2027-10-15,PN-EQ-07,24.0,0.0,6977.2,63.6,350.0,
2026-08-02,PN-EQ-07,24.0,0.0,6985.6,73.7,350.0,
2026-07-09,PN-EQ-01,21.1,2.9,10669.6,120.8,520.0,
2027-05-12,PN-EQ-06,24.0,0.0,6789.6,37.4,300.0,
2026-06-25,PN-EQ-07,24.0,0.0,7514.9,195.6,350.0,
2026-12-07,PN-EQ-01,24.0,0.0,11332.2,160.0,520.0,
2027-11-08,PN-EQ-02,14.2,9.8,5600.6,48.9,430.0,
2026-05-09,PN-EQ-04,24.0,0.0,10024.6,239.9,460.0,
2026-06-09,PN-EQ-08,24.0,0.0,7780.0,180.8,400.0,
2027-08-16,PN-EQ-10,24.0,0.0,11559.6,290.5,500.0,
2026-02-02,PN-EQ-01,24.0,0.0,11557.1,371.2,520.0,
2026-04-10,PN-EQ-05,24.0,0.0,6196.5,69.8,300.0,
2027-01-06,PN-EQ-01,24.0,0.0,11867.2,165.7,520.0,
2027-10-11,PN-EQ-10,24.0,0.0,11692.0,236.9,500.0,
2026-05-11,PN-EQ-10,3.03,0.0,1583.4,91.8,500.0,1.0
2026-04-17,PN-EQ-09,21.64,0.0,5368.0,3.9,260.0,1.0
2026-02-15,PN-EQ-05,23.1,0.9,6534.8,79.1,300.0,
2027-05-11,PN-EQ-10,24.0,0.0,10214.5,137.8,500.0,
2027-09-20,PN-EQ-03,24.0,0.0,8525.9,229.8,380.0,
2027-04-11,PN-EQ-09,24.0,0.0,5811.9,172.8,260.0,
2026-02-27,PN-EQ-01,19.6,4.4,9581.1,237.9,520.0,
2027-06-29,PN-EQ-05,24.0,0.0,6927.2,23.6,300.0,
2027-06-14,PN-EQ-06,5.8,18.2,1623.8,39.4,300.0,
2026-04-07,PN-EQ-09,2.68,0.0,618.8,47.2,260.0,3.0
2027-02-02,PN-EQ-09,24.0,0.0,5170.6,36.3,260.0,
2027-01-09,PN-EQ-05,24.0,0.0,6632.9,98.1,300.0,
2027-12-17,PN-EQ-02,17.7,6.3,7349.1,51.6,430.0,
2026-05-09,PN-EQ-08,24.0,0.0,8903.3,158.7,400.0,
2027-12-29,PN-EQ-02,24.0,0.0,8783.7,159.9,430.0,
2027-12-14,PN-EQ-10,24.0,0.0,11096.5,230.9,500.0,
2027-11-04,PN-EQ-02,24.0,0.0,8317.7,92.3,430.0,
2027-08-27,PN-EQ-10,24.0,0.0,9221.0,123.6,500.0,
2027-09-28,PN-EQ-05,24.0,0.0,6131.6,103.1,300.0,
2026-02-08,PN-EQ-10,13.57,0.0,5361.9,,500.0,3.0
2027-07-07,PN-EQ-05,24.0,0.0,6979.1,144.4,300.0,
2026-10-05,PN-EQ-09,24.0,0.0,5440.2,58.4,260.0,
2026-11-06,PN-EQ-04,24.0,0.0,10929.6,333.9,460.0,
2027-04-03,PN-EQ-07,24.0,0.0,7935.2,260.9,350.0,
2027-04-08,PN-EQ-08,24.0,0.0,8390.9,221.3,400.0,
2027-11-17,PN-EQ-05,22.9,1.1,6114.7,107.1,300.0,
2026-07-12,PN-EQ-08,24.0,0.0,8591.8,150.2,400.0,
2026-03-16,PN-EQ-09,4.8,0.31,1200.2,0.4,260.0,3.0
2027-01-29,PN-EQ-07,24.0,0.0,7643.2,187.7,350.0,
2026-06-16,PN-EQ-06,22.3,1.7,6323.4,152.2,300.0,
2027-04-14,PN-EQ-07,16.4,7.6,5065.0,143.4,350.0,
2026-01-26,PN-EQ-10,24.0,0.0,10228.6,203.8,500.0,
2027-12-31,PN-EQ-04,24.0,0.0,9795.8,209.5,460.0,
2027-01-10,PN-EQ-06,24.0,0.0,6581.5,142.9,300.0,
2027-01-26,PN-EQ-10,24.0,0.0,10857.4,272.9,500.0,
2027-07-15,PN-EQ-08,24.0,0.0,8951.2,197.2,400.0,
2027-02-18,PN-EQ-07,21.4,2.6,6654.7,75.6,350.0,
2027-10-01,PN-EQ-01,24.0,0.0,11765.8,243.6,520.0,
2027-08-08,PN-EQ-01,24.0,0.0,11702.2,171.3,520.0,
2026-02-07,PN-EQ-04,24.0,0.0,10454.2,182.1,460.0,
2027-11-08,PN-EQ-08,24.0,0.0,9461.7,185.6,400.0,
2026-01-23,PN-EQ-10,24.0,0.0,10707.5,207.7,500.0,
2027-01-18,PN-EQ-03,24.0,0.0,8412.3,151.4,380.0,
2027-12-27,PN-EQ-07,23.5,0.5,7407.8,122.7,350.0,
2026-05-03,PN-EQ-10,8.59,0.0,4050.1,167.8,500.0,3.0
2026-06-03,PN-EQ-04,21.4,2.6,9682.1,211.4,460.0,
2027-10-22,PN-EQ-09,24.0,0.0,5337.6,108.6,260.0,
2027-07-10,PN-EQ-01,24.0,0.0,11308.1,150.9,520.0,
2026-06-02,PN-EQ-09,24.0,0.0,4742.1,151.7,260.0,
2026-03-08,PN-EQ-09,8.12,0.0,1929.1,117.7,260.0,3.0
2027-08-09,PN-EQ-02,4.0,20.0,1677.7,29.9,430.0,
2026-03-06,PN-EQ-02,24.0,0.0,9270.4,97.2,430.0,
2026-03-19,PN-EQ-10,20.73,0.0,9477.4,62.6,500.0,2.0
2027-03-15,PN-EQ-05,24.0,0.0,6755.2,107.0,300.0,
2027-03-06,PN-EQ-05,24.0,0.0,6377.5,100.0,300.0,
2026-04-17,PN-EQ-02,20.3,3.7,7914.3,92.7,430.0,
2027-07-26,PN-EQ-02,24.0,0.0,8763.7,248.3,430.0,
2026-10-14,PN-EQ-05,24.0,0.0,6625.5,20.0,300.0,
2027-08-21,PN-EQ-04,24.0,0.0,10913.3,314.3,460.0,
2026-07-31,PN-EQ-02,24.0,0.0,9372.8,166.9,430.0,
2026-02-14,PN-EQ-02,24.0,0.0,8488.4,115.9,430.0,
2027-08-24,PN-EQ-04,22.1,1.9,8896.1,102.9,460.0,
2027-04-10,PN-EQ-10,24.0,0.0,10707.7,108.6,500.0,
2026-07-04,PN-EQ-08,11.6,12.4,4301.2,114.5,400.0,
2027-07-26,PN-EQ-10,22.9,1.1,10772.9,253.4,500.0,
2027-11-02,PN-EQ-03,24.0,0.0,8761.1,154.8,380.0,
2026-06-16,PN-EQ-03,21.7,2.3,6700.6,251.6,380.0,
2027-09-12,PN-EQ-05,24.0,0.0,6559.6,149.6,300.0,
2026-02-26,PN-EQ-04,24.0,0.0,10865.5,173.7,460.0,
2027-03-13,PN-EQ-10,24.0,0.0,11098.2,212.8,500.0,
2027-07-05,PN-EQ-07,24.0,0.0,7702.5,186.2,350.0,
2027-07-24,PN-EQ-07,24.0,0.0,7541.8,209.0,350.0,
2026-03-24,PN-EQ-09,8.42,0.0,1868.5,41.2,260.0,3.0
2027-05-19,PN-EQ-06,24.0,0.0,5747.8,101.4,300.0,
2027-10-04,PN-EQ-05,19.2,4.8,5402.9,61.2,300.0,
2027-06-25,PN-EQ-08,24.0,0.0,9024.9,174.6,400.0,
2026-12-04,PN-EQ-09,17.2,6.8,3651.7,96.6,260.0,
2026-08-20,PN-EQ-07,24.0,0.0,7788.2,,350.0,
2027-06-18,PN-EQ-07,16.1,7.9,4828.7,85.2,350.0,
2026-10-12,PN-EQ-02,24.0,0.0,9989.0,197.5,430.0,
2027-03-17,PN-EQ-03,24.0,0.0,8258.8,269.8,380.0,
2027-06-08,PN-EQ-06,24.0,0.0,7062.0,,300.0,
2027-11-24,PN-EQ-03,24.0,0.0,8773.1,190.5,380.0,
2027-08-28,PN-EQ-02,24.0,0.0,9393.7,305.1,430.0,
2027-05-03,PN-EQ-01,24.0,0.0,10892.4,85.9,520.0,
2026-11-23,PN-EQ-10,24.0,0.0,10283.7,212.6,500.0,
2027-07-07,PN-EQ-02,24.0,0.0,9677.2,211.5,430.0,
2026-06-12,PN-EQ-09,24.0,0.0,5092.3,54.8,260.0,
2027-10-03,PN-EQ-04,24.0,0.0,9552.7,147.5,460.0,
2026-09-10,PN-EQ-08,24.0,0.0,8446.0,,400.0,
2026-11-17,PN-EQ-10,13.7,10.3,6156.9,68.6,500.0,
2026-08-13,PN-EQ-01,24.0,0.0,10937.3,142.6,520.0,
2026-07-20,PN-EQ-05,24.0,0.0,6275.6,128.3,300.0,
2026-09-25,PN-EQ-02,24.0,0.0,9574.0,214.7,430.0,
2026-03-24,PN-EQ-06,24.0,0.0,6469.2,143.9,300.0,
2027-06-16,PN-EQ-06,24.0,0.0,6569.0,,300.0,
2026-12-19,PN-EQ-04,24.0,0.0,9931.9,190.4,460.0,
2027-11-19,PN-EQ-09,17.4,6.6,3990.2,49.7,260.0,
2026-04-20,PN-EQ-10,20.41,0.0,9450.3,7.0,500.0,2.0
2027-12-25,PN-EQ-06,24.0,0.0,6602.7,67.7,300.0,
2026-09-14,PN-EQ-03,24.0,0.0,8359.1,77.4,380.0,
2027-02-07,PN-EQ-07,24.0,0.0,7832.6,176.8,350.0,
2026-01-12,PN-EQ-09,24.0,0.0,5749.3,132.8,260.0,
2026-04-22,PN-EQ-10,12.16,0.0,5454.9,7.5,500.0,3.0
2026-08-14,PN-EQ-09,24.0,0.0,5569.2,118.4,260.0,
2027-08-24,PN-EQ-08,24.0,0.0,8649.2,148.0,400.0,
2026-08-29,PN-EQ-07,24.0,0.0,7541.6,166.3,350.0,
2026-11-28,PN-EQ-05,24.0,0.0,5943.5,121.5,300.0,
2026-09-14,PN-EQ-05,24.0,0.0,7128.0,125.6,300.0,
2026-02-25,PN-EQ-04,24.0,0.0,10094.2,200.7,460.0,
2026-12-08,PN-EQ-04,24.0,0.0,10398.8,186.1,460.0,
2027-04-01,PN-EQ-02,24.0,0.0,9446.1,176.4,430.0,
2026-03-13,PN-EQ-10,9.37,0.41,4115.6,22.6,500.0,1.0
2026-01-21,PN-EQ-04,17.8,6.2,6932.6,110.2,460.0,
2026-07-22,PN-EQ-02,24.0,0.0,9880.5,332.3,430.0,
2026-05-07,PN-EQ-08,15.3,8.7,5328.5,40.2,400.0,
2026-11-22,PN-EQ-09,21.1,2.9,4493.8,99.8,260.0,
2026-04-07,PN-EQ-02,24.0,0.0,9957.3,175.5,430.0,
2026-09-13,PN-EQ-09,24.0,0.0,5306.3,,260.0,
2026-12-23,PN-EQ-07,24.0,0.0,7082.3,59.6,350.0,
2027-01-18,PN-EQ-04,21.1,2.9,9165.4,141.2,460.0,
2027-01-03,PN-EQ-08,24.0,0.0,9504.0,186.5,400.0,
2026-09-10,PN-EQ-09,24.0,0.0,5684.9,114.6,260.0,
2026-04-05,PN-EQ-09,4.96,1.28,1174.5,4.0,260.0,3.0
2026-04-13,PN-EQ-09,14.86,0.0,3768.6,24.6,260.0,2.0
2026-09-03,PN-EQ-09,24.0,0.0,5824.2,145.9,260.0,
2027-06-04,PN-EQ-01,24.0,0.0,11596.3,82.5,520.0,
2027-12-18,PN-EQ-10,24.0,0.0,11345.6,329.9,500.0,
2027-07-16,PN-EQ-01,19.8,4.2,9434.1,211.5,520.0,
2027-11-15,PN-EQ-04,24.0,0.0,10237.7,308.2,460.0,
2027-06-05,PN-EQ-04,24.0,0.0,10123.3,150.7,460.0,
2026-10-03,PN-EQ-07,24.0,0.0,7569.8,184.2,350.0,
2027-10-21,PN-EQ-02,24.0,0.0,9760.0,0.0,430.0,
2027-08-26,PN-EQ-03,20.4,3.6,6407.9,191.2,380.0,
2026-07-18,PN-EQ-02,24.0,0.0,8645.6,140.8,430.0,
2027-06-16,PN-EQ-10,24.0,0.0,11236.2,220.0,500.0,
2026-11-09,PN-EQ-04,24.0,0.0,8615.6,152.0,460.0,
2027-09-25,PN-EQ-09,24.0,0.0,5570.7,71.9,260.0,
2026-07-31,PN-EQ-05,24.0,0.0,6595.3,139.3,300.0,
2026-12-13,PN-EQ-07,24.0,0.0,7952.6,183.8,350.0,
2026-09-22,PN-EQ-10,24.0,0.0,11465.4,326.1,500.0,
2027-01-13,PN-EQ-02,24.0,0.0,9503.9,62.0,430.0,
2027-09-07,PN-EQ-05,24.0,0.0,6135.4,65.6,300.0,
2026-08-22,PN-EQ-06,24.0,0.0,7128.0,204.3,300.0,
2026-03-04,PN-EQ-09,9.78,0.0,2143.1,32.9,260.0,1.0
2027-02-14,PN-EQ-03,18.6,5.4,5715.8,128.4,380.0,
2027-02-05,PN-EQ-08,16.7,7.3,5995.0,147.0,400.0,
2026-02-13,PN-EQ-10,3.18,3.41,1375.1,45.6,500.0,1.0
2026-01-11,PN-EQ-08,24.0,0.0,8719.2,222.2,400.0,
2027-04-30,PN-EQ-03,23.0,1.0,7338.1,122.3,380.0,
2027-03-25,PN-EQ-08,24.0,0.0,8500.2,222.4,400.0,
2026-04-08,PN-EQ-10,1.76,0.0,795.5,101.5,500.0,1.0
2027-09-15,PN-EQ-06,24.0,0.0,6302.7,125.1,300.0,
2027-08-26,PN-EQ-08,24.0,0.0,8620.2,160.1,400.0,
2026-03-01,PN-EQ-02,16.1,7.9,6775.4,172.4,430.0,
2026-05-22,PN-EQ-01,24.0,0.0,10307.5,289.4,520.0,
2027-09-19,PN-EQ-04,20.4,3.6,8676.6,133.1,460.0,
2026-08-12,PN-EQ-06,24.0,0.0,5842.3,109.7,300.0,
2027-10-03,PN-EQ-09,19.2,4.8,4053.5,83.9,260.0,
2026-06-16,PN-EQ-07,24.0,0.0,7812.3,90.4,350.0,
2027-03-23,PN-EQ-03,24.0,0.0,8351.3,183.5,380.0,
2027-08-10,PN-EQ-06,4.0,20.0,1058.1,33.3,300.0,
2026-04-23,PN-EQ-08,24.0,0.0,8928.7,76.3,400.0,
2027-02-12,PN-EQ-09,24.0,0.0,6009.3,186.7,260.0,
2026-10-14,PN-EQ-02,24.0,0.0,9974.8,338.4,430.0,
2026-07-06,PN-EQ-05,24.0,0.0,6633.6,150.4,300.0,
2026-03-17,PN-EQ-04,16.1,7.9,6471.8,128.7,460.0,
2027-09-09,PN-EQ-01,24.0,0.0,11656.2,477.6,520.0,
2027-09-28,PN-EQ-04,7.1,16.9,2762.6,61.6,460.0,
2026-07-05,PN-EQ-03,24.0,0.0,7316.6,109.7,380.0,
2026-11-18,PN-EQ-06,24.0,0.0,6529.6,175.2,300.0,
2027-08-11,PN-EQ-06,24.0,0.0,6352.9,140.3,300.0,
2026-09-03,PN-EQ-01,24.0,0.0,11377.6,358.1,520.0,
2026-07-09,PN-EQ-02,24.0,0.0,8722.3,102.7,430.0,
2027-03-03,PN-EQ-10,24.0,0.0,10640.1,112.4,500.0,
2027-05-16,PN-EQ-02,24.0,0.0,9482.6,264.8,430.0,
2026-06-20,PN-EQ-08,24.0,0.0,9504.0,302.6,400.0,
2026-02-21,PN-EQ-04,4.0,20.0,1770.8,22.9,460.0,
2027-06-07,PN-EQ-09,24.0,0.0,5561.4,91.1,260.0,
2027-03-20,PN-EQ-02,24.0,0.0,8850.0,181.0,430.0,
2026-10-29,PN-EQ-09,24.0,0.0,5627.5,91.6,260.0,
2026-11-18,PN-EQ-03,24.0,0.0,9028.8,250.9,380.0,
2026-06-01,PN-EQ-09,24.0,0.0,5404.8,134.3,260.0,
2026-10-25,PN-EQ-05,24.0,0.0,6744.1,176.0,300.0,
2026-02-20,PN-EQ-01,24.0,0.0,11668.1,285.6,520.0,
2026-07-15,PN-EQ-10,4.0,20.0,1853.6,19.9,500.0,
2026-07-08,PN-EQ-10,24.0,0.0,11873.9,240.6,500.0,
2026-05-11,PN-EQ-01,24.0,0.0,11311.9,161.3,520.0,
2026-02-04,PN-EQ-05,4.0,20.0,1015.4,19.4,300.0,
2026-01-22,PN-EQ-06,18.5,5.5,4646.1,94.9,300.0,
2026-08-03,PN-EQ-08,24.0,0.0,8507.0,194.7,400.0,
2026-02-15,PN-EQ-09,1.64,0.0,492.4,12.7,260.0,1.0
2026-06-24,PN-EQ-02,24.0,0.0,8541.3,247.9,430.0,
2026-08-10,PN-EQ-10,0.3,23.7,125.3,4.1,500.0,
2027-01-07,PN-EQ-02,24.0,0.0,9604.7,144.5,430.0,
2027-12-14,PN-EQ-05,24.0,0.0,6649.8,177.8,300.0,
2027-09-23,PN-EQ-03,24.0,0.0,8706.1,266.7,380.0,
2027-07-15,PN-EQ-06,24.0,0.0,6261.5,133.5,300.0,
2027-03-19,PN-EQ-06,16.5,7.5,4687.6,129.0,300.0,
2027-09-01,PN-EQ-03,24.0,0.0,7777.6,191.2,380.0,
2026-10-16,PN-EQ-01,24.0,0.0,10702.4,382.1,520.0,
2027-06-01,PN-EQ-01,24.0,0.0,10558.9,125.0,520.0,
2026-11-18,PN-EQ-08,24.0,0.0,8710.4,51.9,400.0,
2027-01-17,PN-EQ-04,24.0,0.0,10929.6,183.6,460.0,
2026-04-18,PN-EQ-04,24.0,0.0,9439.6,197.1,460.0,
2027-03-24,PN-EQ-10,24.0,0.0,10860.4,160.1,500.0,
2026-04-08,PN-EQ-06,24.0,0.0,7032.2,176.4,300.0,
2027-01-04,PN-EQ-07,24.0,0.0,7521.7,211.9,350.0,
2027-06-06,PN-EQ-06,24.0,0.0,6531.0,223.5,300.0,
2026-08-04,PN-EQ-07,23.4,0.6,6790.4,139.7,350.0,
2027-02-08,PN-EQ-10,24.0,0.0,10988.0,177.2,500.0,
2027-08-02,PN-EQ-04,24.0,0.0,9855.9,167.7,460.0,
2026-06-30,PN-EQ-06,24.0,0.0,5574.4,185.8,300.0,
2027-02-19,PN-EQ-05,24.0,0.0,6202.3,50.4,300.0,
2026-12-17,PN-EQ-01,21.8,2.2,10808.1,272.8,520.0,
2026-04-29,PN-EQ-04,24.0,0.0,10047.9,176.5,460.0,
2027-08-13,PN-EQ-06,24.0,0.0,6630.1,211.0,300.0,
2027-03-11,PN-EQ-06,24.0,0.0,6258.2,174.7,300.0,
2026-05-20,PN-EQ-08,24.0,0.0,8518.5,203.0,400.0,
2026-10-18,PN-EQ-08,24.0,0.0,8372.2,181.1,400.0,
2026-10-12,PN-EQ-08,24.0,0.0,9484.0,232.3,400.0,
2026-01-27,PN-EQ-05,23.1,0.9,6086.2,88.6,300.0,
2026-05-02,PN-EQ-09,2.88,0.0,770.8,135.7,260.0,3.0
2026-02-12,PN-EQ-02,24.0,0.0,9136.8,99.3,430.0,
2027-03-06,PN-EQ-01,24.0,0.0,11095.2,335.8,520.0,
2026-04-27,PN-EQ-09,5.14,0.0,1258.4,122.3,260.0,2.0
2027-11-26,PN-EQ-07,24.0,0.0,6936.3,166.2,350.0,
2026-03-18,PN-EQ-04,24.0,0.0,9508.7,209.2,460.0,
2027-04-08,PN-EQ-05,24.0,0.0,6872.8,0.0,300.0,
2026-10-31,PN-EQ-04,24.0,0.0,9847.2,300.5,460.0,
2027-03-12,PN-EQ-07,0.2,23.8,65.6,1.5,350.0,
2027-06-14,PN-EQ-07,24.0,0.0,7792.0,135.9,350.0,
2026-08-13,PN-EQ-04,24.0,0.0,8958.5,210.2,460.0,
2027-03-25,PN-EQ-06,24.0,0.0,6343.3,113.8,300.0,
2027-08-07,PN-EQ-06,24.0,0.0,7128.0,141.0,300.0,
2026-02-20,PN-EQ-08,24.0,0.0,8487.6,255.1,400.0,
2027-03-11,PN-EQ-09,24.0,0.0,6166.0,123.0,260.0,
2026-10-03,PN-EQ-01,24.0,0.0,12338.1,183.8,520.0,
2026-12-12,PN-EQ-05,16.0,8.0,4162.5,85.1,300.0,
2027-05-07,PN-EQ-04,24.0,0.0,9736.8,158.8,460.0,
2026-12-22,PN-EQ-04,24.0,0.0,10061.2,125.1,460.0,
2027-03-22,PN-EQ-08,24.0,0.0,7548.0,161.6,400.0,
2026-05-23,PN-EQ-09,22.8,1.2,5647.7,20.2,260.0,
2027-05-26,PN-EQ-09,24.0,0.0,4904.2,148.7,260.0,
2027-06-13,PN-EQ-06,24.0,0.0,6151.2,91.1,300.0,
2027-05-25,PN-EQ-07,24.0,0.0,7946.4,195.4,350.0,
2026-03-29,PN-EQ-10,9.46,0.0,4180.0,38.2,500.0,3.0
2027-10-07,PN-EQ-06,24.0,0.0,6534.4,145.7,300.0,
2027-01-06,PN-EQ-08,24.0,0.0,8941.1,140.3,400.0,
2027-09-03,PN-EQ-04,24.0,0.0,10599.8,391.0,460.0,
2027-10-22,PN-EQ-06,24.0,0.0,6667.5,153.2,300.0,
2026-03-01,PN-EQ-08,24.0,0.0,9099.6,218.8,400.0,
2027-11-10,PN-EQ-03,24.0,0.0,8277.6,195.5,380.0,
2027-02-04,PN-EQ-07,12.3,11.7,3669.4,108.3,350.0,
2026-07-06,PN-EQ-08,24.0,0.0,8714.0,101.1,400.0,
2027-11-07,PN-EQ-05,24.0,0.0,6147.0,50.2,300.0,
2026-10-11,PN-EQ-01,24.0,0.0,10943.7,210.0,520.0,
2026-08-29,PN-EQ-06,24.0,0.0,6065.0,135.1,300.0,
2027-08-31,PN-EQ-08,24.0,0.0,9059.2,131.1,400.0,
2027-07-09,PN-EQ-02,24.0,0.0,9497.9,247.2,430.0,
2026-01-21,PN-EQ-09,24.0,0.0,5524.3,123.5,260.0,
2026-05-25,PN-EQ-04,18.0,6.0,7449.2,181.9,460.0,
2026-08-21,PN-EQ-03,24.0,0.0,8612.3,189.2,380.0,
2026-07-14,PN-EQ-07,24.0,0.0,7315.0,167.9,350.0,
2027-07-05,PN-EQ-01,24.0,0.0,11243.3,,520.0,
2026-12-03,PN-EQ-09,24.0,0.0,5265.3,98.4,260.0,
2026-06-06,PN-EQ-09,22.8,1.2,5397.6,142.8,260.0,
2026-10-27,PN-EQ-10,19.1,4.9,9023.3,192.2,500.0,
2027-05-06,PN-EQ-07,16.1,7.9,4437.2,88.5,350.0,
2027-08-07,PN-EQ-09,24.0,0.0,5748.7,132.9,260.0,
2027-10-16,PN-EQ-06,22.7,1.3,5595.5,110.4,300.0,
2027-05-26,PN-EQ-10,24.0,0.0,10011.0,172.2,500.0,
2026-08-10,PN-EQ-05,24.0,0.0,6530.2,132.3,300.0,
2026-04-19,PN-EQ-10,4.72,0.0,2250.7,122.1,500.0,3.0
2027-04-09,PN-EQ-07,24.0,0.0,7310.1,136.7,350.0,
2027-01-05,PN-EQ-04,19.9,4.1,8380.7,239.8,460.0,
2026-07-28,PN-EQ-07,24.0,0.0,7934.8,245.5,350.0,
2026-03-24,PN-EQ-08,24.0,0.0,8887.8,288.3,400.0,
2026-12-23,PN-EQ-05,21.6,2.4,5571.8,,300.0,
2027-07-01,PN-EQ-08,24.0,0.0,9038.7,148.2,400.0,
2026-03-10,PN-EQ-09,8.3,0.0,2084.6,48.6,260.0,3.0
2027-04-28,PN-EQ-09,24.0,0.0,5525.8,95.2,260.0,
2027-10-21,PN-EQ-09,24.0,0.0,6177.6,43.5,260.0,
2027-09-26,PN-EQ-08,24.0,0.0,8264.6,134.2,400.0,
2027-04-27,PN-EQ-01,24.0,0.0,11173.8,28.5,520.0,
2027-08-17,PN-EQ-01,24.0,0.0,12090.3,281.7,520.0,
2026-12-24,PN-EQ-07,24.0,0.0,7035.9,109.2,350.0,
2026-12-31,PN-EQ-07,24.0,0.0,7033.5,197.4,350.0,
2027-11-24,PN-EQ-09,24.0,0.0,5917.7,142.8,260.0,
2026-01-15,PN-EQ-09,23.3,0.7,5771.3,190.8,260.0,
2026-05-04,PN-EQ-09,15.48,0.0,3832.9,33.9,260.0,1.0
2027-06-20,PN-EQ-05,15.8,8.2,4492.3,78.0,300.0,
2027-12-19,PN-EQ-10,24.0,0.0,10410.4,246.5,500.0,
2027-08-05,PN-EQ-05,16.0,8.0,4210.7,51.8,300.0,
2027-06-05,PN-EQ-07,24.0,0.0,7627.1,201.2,350.0,
2027-01-08,PN-EQ-06,24.0,0.0,6915.6,139.9,300.0,
2026-01-27,PN-EQ-09,24.0,0.0,5459.6,0.0,260.0,
2026-09-11,PN-EQ-09,24.0,0.0,5922.8,198.6,260.0,
2026-07-06,PN-EQ-03,20.9,3.1,7365.2,107.0,380.0,
2026-04-15,PN-EQ-09,3.68,0.0,819.5,11.1,260.0,2.0
2027-06-06,PN-EQ-03,10.8,13.2,3442.5,110.3,380.0,
2027-07-12,PN-EQ-02,24.0,0.0,9022.5,,430.0,
2027-01-20,PN-EQ-08,24.0,0.0,7789.7,149.5,400.0,
2026-04-01,PN-EQ-09,6.66,0.0,1580.2,47.7,260.0,2.0
2026-03-04,PN-EQ-07,24.0,0.0,7190.0,82.6,350.0,
2026-03-25,PN-EQ-08,21.3,2.7,7727.8,90.8,400.0,
2026-07-30,PN-EQ-09,24.0,0.0,5514.9,48.5,260.0,
2027-07-24,PN-EQ-10,24.0,0.0,10342.9,185.9,500.0,
2026-02-01,PN-EQ-04,24.0,0.0,9511.2,239.0,460.0,
2027-12-26,PN-EQ-07,13.6,10.4,4233.4,103.1,350.0,
2026-11-26,PN-EQ-04,24.0,0.0,10473.4,172.5,460.0,
2027-09-16,PN-EQ-03,24.0,0.0,7755.6,145.5,380.0,
2027-10-31,PN-EQ-06,24.0,0.0,5642.1,70.7,300.0,
2026-10-04,PN-EQ-07,24.0,0.0,7253.6,192.5,350.0,
2026-05-06,PN-EQ-10,18.23,0.0,8168.4,165.7,500.0,1.0
2027-03-01,PN-EQ-05,24.0,0.0,6532.7,,300.0,
2027-03-12,PN-EQ-03,24.0,0.0,8182.4,201.1,380.0,
2026-10-03,PN-EQ-04,23.0,1.0,9660.7,222.8,460.0,
2027-04-03,PN-EQ-03,24.0,0.0,7606.6,303.6,380.0,
2026-11-15,PN-EQ-07,23.5,0.5,7253.8,202.4,350.0,
2026-09-03,PN-EQ-05,24.0,0.0,7128.0,7.6,300.0,
2027-10-22,PN-EQ-04,12.1,11.9,5434.0,48.0,460.0,
2027-11-07,PN-EQ-04,17.4,6.6,7487.3,211.1,460.0,
2026-10-18,PN-EQ-07,24.0,0.0,7256.3,79.2,350.0,
2027-06-24,PN-EQ-03,24.0,0.0,8014.2,158.6,380.0,
2027-01-12,PN-EQ-02,24.0,0.0,9899.0,189.9,430.0,
2026-01-23,PN-EQ-07,24.0,0.0,7708.1,182.7,350.0,
2027-11-10,PN-EQ-06,24.0,0.0,6858.1,194.2,300.0,
2026-04-04,PN-EQ-02,15.7,8.3,6151.6,131.9,430.0,
2026-05-21,PN-EQ-08,24.0,0.0,9358.5,151.4,400.0,
2026-12-14,PN-EQ-01,17.3,6.7,7738.9,237.6,520.0,
2026-06-14,PN-EQ-04,23.2,0.8,9040.6,,460.0,
2026-05-19,PN-EQ-03,24.0,0.0,9028.8,190.3,380.0,
2026-01-18,PN-EQ-07,24.0,0.0,7700.7,188.5,350.0,
2027-12-28,PN-EQ-09,24.0,0.0,5747.7,95.5,260.0,
2027-04-24,PN-EQ-09,24.0,0.0,5592.8,85.6,260.0,
2026-10-22,PN-EQ-09,24.0,0.0,5370.5,172.7,260.0,
2026-12-29,PN-EQ-06,24.0,0.0,6155.1,158.9,300.0,
2027-10-23,PN-EQ-07,24.0,0.0,8316.0,186.7,350.0,
2026-04-29,PN-EQ-08,24.0,0.0,8389.9,194.3,400.0,
2027-03-16,PN-EQ-10,24.0,0.0,10104.9,294.6,500.0,
2026-11-07,PN-EQ-02,24.0,0.0,9054.0,231.2,430.0,
2026-03-06,PN-EQ-10,6.45,1.81,2660.3,13.8,500.0,1.0
2026-06-20,PN-EQ-02,16.2,7.8,6688.5,150.6,430.0,
2026-05-01,PN-EQ-06,24.0,0.0,6332.6,235.3,300.0,
2026-09-27,PN-EQ-10,24.0,0.0,11016.9,374.2,500.0,
2027-09-11,PN-EQ-08,24.0,0.0,8287.7,157.6,400.0,
2027-06-20,PN-EQ-01,24.0,0.0,11364.5,,520.0,
2027-10-12,PN-EQ-08,24.0,0.0,7804.8,164.8,400.0,
2026-07-01,PN-EQ-02,24.0,0.0,8861.1,125.3,430.0,
2026-02-15,PN-EQ-01,24.0,0.0,11131.5,298.2,520.0,
2027-11-05,PN-EQ-03,24.0,0.0,8066.3,123.0,380.0,
2027-08-03,PN-EQ-02,24.0,0.0,9348.7,278.1,430.0,
2027-03-11,PN-EQ-07,24.0,0.0,7205.6,178.8,350.0,
2027-08-14,PN-EQ-07,24.0,0.0,7471.2,161.2,350.0,
2027-07-19,PN-EQ-07,24.0,0.0,7752.9,139.2,350.0,
2026-03-01,PN-EQ-10,5.19,2.6,2295.9,37.8,500.0,2.0
2026-07-28,PN-EQ-03,24.0,0.0,7923.5,187.9,380.0,
2026-03-16,PN-EQ-01,24.0,0.0,12355.2,123.1,520.0,
2027-02-15,PN-EQ-03,24.0,0.0,8045.7,175.6,380.0,
2026-03-11,PN-EQ-01,24.0,0.0,11841.1,339.7,520.0,
2026-01-19,PN-EQ-09,24.0,0.0,5247.5,97.3,260.0,
2026-04-06,PN-EQ-02,24.0,0.0,8742.0,337.9,430.0,
2027-01-11,PN-EQ-02,18.8,5.2,7579.6,141.6,430.0,
2027-07-05,PN-EQ-03,24.0,0.0,8886.9,113.6,380.0,
2026-06-01,PN-EQ-01,24.0,0.0,11729.0,367.5,520.0,
2026-07-07,PN-EQ-06,4.0,20.0,1036.9,16.9,300.0,
2026-03-17,PN-EQ-09,2.43,0.0,792.3,17.4,260.0,3.0
2026-05-13,PN-EQ-09,11.5,2.47,2936.2,39.8,260.0,1.0
2027-02-17,PN-EQ-10,24.0,0.0,11531.2,319.1,500.0,
2027-05-11,PN-EQ-03,24.0,0.0,8074.4,107.9,380.0,
2027-11-06,PN-EQ-03,24.0,0.0,8134.0,242.1,380.0,
2026-09-27,PN-EQ-02,24.0,0.0,9291.7,223.8,430.0,
2026-03-21,PN-EQ-10,1.4,0.0,840.5,48.3,500.0,1.0
2026-07-05,PN-EQ-07,24.0,0.0,7532.8,77.7,350.0,
2027-06-26,PN-EQ-03,24.0,0.0,7790.5,220.2,380.0,
2026-05-18,PN-EQ-02,24.0,0.0,10216.8,204.1,430.0,
2026-01-29,PN-EQ-06,23.1,0.9,6248.6,150.6,300.0,
2026-06-11,PN-EQ-05,24.0,0.0,6293.6,158.6,300.0,
2027-12-13,PN-EQ-03,24.0,0.0,8128.3,129.7,380.0,
2026-10-17,PN-EQ-10,22.4,1.6,10206.7,215.8,500.0,
2026-07-03,PN-EQ-10,24.0,0.0,10752.6,268.9,500.0,
2027-03-23,PN-EQ-08,24.0,0.0,9090.1,147.8,400.0,
2026-09-16,PN-EQ-03,24.0,0.0,9028.8,235.3,380.0,
2026-04-09,PN-EQ-09,6.76,0.0,1677.3,65.1,260.0,3.0
2027-03-21,PN-EQ-09,24.0,0.0,5611.3,44.0,260.0,
2026-01-27,PN-EQ-01,24.0,0.0,10790.0,130.6,520.0,
2027-12-30,PN-EQ-02,22.6,1.4,8672.0,110.6,430.0,
2027-05-13,PN-EQ-05,24.0,0.0,5693.1,11.0,300.0,
2026-06-29,PN-EQ-07,24.0,0.0,7277.9,208.1,350.0,
2026-09-07,PN-EQ-02,24.0,0.0,10144.8,205.7,430.0,
2026-02-14,PN-EQ-10,1.61,0.0,668.2,11.0,500.0,2.0
2026-05-27,PN-EQ-05,4.2,19.8,1247.4,34.3,300.0,
2026-08-30,PN-EQ-07,24.0,0.0,7729.0,82.5,350.0,
2026-06-09,PN-EQ-01,24.0,0.0,9837.3,221.5,520.0,
2026-12-26,PN-EQ-07,24.0,0.0,8036.0,203.5,350.0,
2026-02-24,PN-EQ-08,24.0,0.0,8233.9,103.9,400.0,
2026-07-03,PN-EQ-09,24.0,0.0,6129.3,171.8,260.0,
2027-04-19,PN-EQ-09,24.0,0.0,5778.2,92.8,260.0,
2026-12-21,PN-EQ-06,24.0,0.0,6102.9,38.5,300.0,
2026-06-02,PN-EQ-04,24.0,0.0,8824.1,198.3,460.0,
2026-05-16,PN-EQ-09,8.9,0.0,2040.2,16.1,260.0,2.0
2027-09-04,PN-EQ-04,24.0,0.0,9652.3,196.9,460.0,
2027-02-02,PN-EQ-02,24.0,0.0,9433.6,293.2,430.0,
2026-09-28,PN-EQ-10,24.0,0.0,10340.1,441.0,500.0,
2026-09-07,PN-EQ-09,24.0,0.0,6177.6,173.4,260.0,
2027-11-27,PN-EQ-06,24.0,0.0,6319.5,108.9,300.0,
2026-03-23,PN-EQ-03,24.0,0.0,8274.0,231.2,380.0,
2027-10-29,PN-EQ-09,24.0,0.0,5584.5,125.2,260.0,
2026-08-02,PN-EQ-05,16.8,7.2,4486.4,115.3,300.0,
2026-04-21,PN-EQ-10,1.2,0.0,931.0,142.0,500.0,1.0
2026-07-26,PN-EQ-05,24.0,0.0,6181.0,168.6,300.0,
2026-03-26,PN-EQ-07,24.0,0.0,8049.5,195.6,350.0,
2026-05-17,PN-EQ-06,24.0,0.0,6834.1,49.8,300.0,
2026-02-01,PN-EQ-10,24.0,0.0,11880.0,70.4,500.0,
2026-03-24,PN-EQ-03,24.0,0.0,7504.4,253.2,380.0,
2027-08-02,PN-EQ-08,24.0,0.0,8203.7,116.2,400.0,
2027-09-10,PN-EQ-04,16.7,7.3,6353.3,110.2,460.0,
2026-11-08,PN-EQ-05,24.0,0.0,5995.0,114.0,300.0,
2026-09-04,PN-EQ-07,21.4,2.6,6899.7,45.8,350.0,
2026-08-19,PN-EQ-02,24.0,0.0,8697.9,132.7,430.0,
2026-04-17,PN-EQ-09,1.15,0.0,297.9,27.6,260.0,2.0
2026-12-05,PN-EQ-08,24.0,0.0,8773.9,134.7,400.0,
2026-05-11,PN-EQ-10,13.58,0.0,6401.6,26.4,500.0,2.0
2026-04-02,PN-EQ-10,4.32,0.0,1925.4,89.8,500.0,1.0
2027-10-27,PN-EQ-07,24.0,0.0,7942.4,52.3,350.0,
2026-11-25,PN-EQ-06,24.0,0.0,6600.3,193.4,300.0,
2026-04-13,PN-EQ-04,24.0,0.0,10053.3,193.1,460.0,
2026-01-11,PN-EQ-04,24.0,0.0,10528.6,283.5,460.0,
2027-08-10,PN-EQ-08,24.0,0.0,8572.9,184.1,400.0,
2026-10-01,PN-EQ-06,24.0,0.0,6552.1,3.8,300.0,
2026-01-16,PN-EQ-08,24.0,0.0,8778.3,250.5,400.0,
2026-11-23,PN-EQ-06,24.0,0.0,5897.9,100.5,300.0,
2027-02-21,PN-EQ-08,19.2,4.8,7242.9,159.3,400.0,
2026-12-15,PN-EQ-05,24.0,0.0,6448.5,119.8,300.0,
2026-09-09,PN-EQ-04,24.0,0.0,9765.0,128.2,460.0,
2026-07-12,PN-EQ-02,22.8,1.2,8616.2,238.5,430.0,
2026-05-29,PN-EQ-03,24.0,0.0,7526.3,77.1,380.0,
2026-06-29,PN-EQ-06,24.0,0.0,6344.7,83.1,300.0,
2027-06-02,PN-EQ-01,24.0,0.0,11646.9,288.5,520.0,
2026-06-26,PN-EQ-04,24.0,0.0,10409.7,212.8,460.0,
2026-08-16,PN-EQ-03,20.7,3.3,7631.2,211.0,380.0,
2027-12-13,PN-EQ-07,24.0,0.0,7906.2,212.3,350.0,
2026-03-12,PN-EQ-03,24.0,0.0,7896.0,161.8,380.0,
2026-02-09,PN-EQ-10,6.67,0.0,2703.4,50.1,500.0,2.0
2026-06-26,PN-EQ-07,24.0,0.0,7984.0,151.5,350.0,
2027-10-10,PN-EQ-01,13.6,10.4,6670.5,126.1,520.0,
2027-02-17,PN-EQ-02,24.0,0.0,9965.1,299.6,430.0,
2026-10-07,PN-EQ-07,24.0,0.0,8190.1,215.4,350.0,
2027-08-17,PN-EQ-06,24.0,0.0,6020.6,135.5,300.0,
2026-03-27,PN-EQ-10,7.4,0.0,3210.0,14.7,500.0,3.0
2026-02-19,PN-EQ-03,24.0,0.0,8263.6,169.5,380.0,
2027-05-28,PN-EQ-08,24.0,0.0,8608.7,130.8,400.0,
2027-06-07,PN-EQ-05,12.4,11.6,3412.5,109.7,300.0,
2027-11-29,PN-EQ-10,4.0,20.0,1980.0,47.8,500.0,
2026-02-20,PN-EQ-10,11.67,0.0,5156.1,7.3,500.0,2.0
2026-10-01,PN-EQ-03,24.0,0.0,8455.0,142.5,380.0,
2027-04-08,PN-EQ-03,24.0,0.0,8354.6,220.6,380.0,
2026-12-28,PN-EQ-07,24.0,0.0,7916.2,164.5,350.0,
2027-09-17,PN-EQ-09,24.0,0.0,5644.3,235.9,260.0,
2026-03-13,PN-EQ-03,24.0,0.0,8471.1,244.0,380.0,
2027-04-05,PN-EQ-04,24.0,0.0,10094.9,123.6,460.0,
2026-09-05,PN-EQ-01,24.0,0.0,10566.3,150.3,520.0,
2026-11-30,PN-EQ-02,24.0,0.0,9275.6,164.5,430.0,
2026-11-24,PN-EQ-01,24.0,0.0,10937.0,141.9,520.0,
2027-07-07,PN-EQ-09,24.0,0.0,5344.8,136.4,260.0,
2027-05-01,PN-EQ-09,24.0,0.0,5738.9,54.9,260.0,
2027-01-10,PN-EQ-09,24.0,0.0,5567.3,156.5,260.0,
2026-06-11,PN-EQ-01,24.0,0.0,11556.0,,520.0,
2027-09-15,PN-EQ-03,24.0,0.0,8381.3,154.1,380.0,
2026-10-20,PN-EQ-05,24.0,0.0,6419.8,196.7,300.0,
2027-01-25,PN-EQ-10,24.0,0.0,10888.7,85.6,500.0,
2027-07-09,PN-EQ-06,24.0,0.0,6959.5,161.8,300.0,
2026-11-08,PN-EQ-07,24.0,0.0,6859.5,70.7,350.0,
2027-03-01,PN-EQ-01,24.0,0.0,10615.1,194.9,520.0,
2026-10-01,PN-EQ-09,24.0,0.0,5988.2,129.3,260.0,
2027-07-11,PN-EQ-01,17.6,6.4,8244.3,83.9,520.0,
2026-11-26,PN-EQ-06,21.9,2.1,5635.2,116.9,300.0,
2027-10-18,PN-EQ-05,24.0,0.0,6732.3,138.8,300.0,
2027-11-08,PN-EQ-03,24.0,0.0,8271.7,82.7,380.0,
2027-11-16,PN-EQ-09,24.0,0.0,5464.5,127.4,260.0,
2027-09-08,PN-EQ-01,22.3,1.7,10596.5,367.9,520.0,
2027-10-14,PN-EQ-07,24.0,0.0,7273.7,95.5,350.0,
2026-11-03,PN-EQ-10,24.0,0.0,11088.3,309.8,500.0,
2027-01-24,PN-EQ-02,24.0,0.0,9113.2,295.0,430.0,
2026-04-30,PN-EQ-01,24.0,0.0,11708.2,224.0,520.0,
2027-12-06,PN-EQ-10,24.0,0.0,10897.0,228.2,500.0,
2026-07-12,PN-EQ-09,22.8,1.2,5115.7,55.4,260.0,
2026-09-10,PN-EQ-02,24.0,0.0,9400.5,123.8,430.0,
2026-02-07,PN-EQ-02,15.9,8.1,6562.5,149.8,430.0,
2027-03-24,PN-EQ-09,24.0,0.0,5945.8,102.5,260.0,
2026-06-02,PN-EQ-05,24.0,0.0,6730.4,94.7,300.0,
2027-05-20,PN-EQ-06,24.0,0.0,6988.1,217.9,300.0,
2026-06-15,PN-EQ-10,21.4,2.6,10059.1,223.8,500.0,
2026-08-16,PN-EQ-04,24.0,0.0,10781.8,265.9,460.0,
2026-05-30,PN-EQ-10,24.0,0.0,10397.0,224.4,500.0,
2026-04-26,PN-EQ-09,4.59,0.0,1188.5,8.2,260.0,3.0
2026-11-04,PN-EQ-04,24.0,0.0,9538.2,251.9,460.0,
2026-02-26,PN-EQ-10,2.89,0.0,798.6,60.2,500.0,2.0
2027-05-18,PN-EQ-04,24.0,0.0,9957.1,141.3,460.0,
2026-04-27,PN-EQ-10,10.01,0.69,4635.5,10.3,500.0,3.0
2027-08-28,PN-EQ-04,24.0,0.0,10337.2,324.9,460.0,
2026-04-17,PN-EQ-06,24.0,0.0,6224.7,104.0,300.0,
2027-11-18,PN-EQ-07,21.9,2.1,6717.8,99.1,350.0,
2027-04-30,PN-EQ-06,24.0,0.0,6866.1,58.9,300.0,
2026-12-25,PN-EQ-01,18.7,5.3,9134.4,301.3,520.0,
2027-10-07,PN-EQ-05,24.0,0.0,6132.1,165.6,300.0,
2027-08-02,PN-EQ-02,24.0,0.0,8934.5,173.9,430.0,
2026-06-15,PC-EQ-08,24.0,0.0,6782.1,140.1,320.0,
2026-09-07,PN-EQ-01,24.0,0.0,10610.8,134.3,520.0,
2027-09-27,PN-EQ-01,24.0,0.0,10403.1,330.7,520.0,
2027-09-28,PN-EQ-01,15.1,8.9,6852.7,240.3,520.0,
2027-06-18,PN-EQ-09,24.0,0.0,5958.1,129.8,260.0,
2026-03-06,PN-EQ-08,11.8,12.2,4065.4,57.8,400.0,
2027-12-03,PN-EQ-03,24.0,0.0,7702.1,132.0,380.0,
2027-10-05,PN-EQ-07,24.0,0.0,7455.4,149.4,350.0,
2026-06-13,PN-EQ-02,24.0,0.0,10216.8,205.0,430.0,
2026-10-25,PN-EQ-09,24.0,0.0,5835.5,146.3,260.0,
2026-02-15,PN-EQ-09,19.39,0.0,4559.2,52.2,260.0,3.0
2027-02-17,PN-EQ-04,24.0,0.0,10929.6,353.4,460.0,
2026-03-13,PN-EQ-06,24.0,0.0,6699.0,144.4,300.0,
2027-02-01,PN-EQ-08,24.0,0.0,9340.3,150.8,400.0,
2026-07-02,PN-EQ-03,24.0,0.0,7888.1,310.5,380.0,
2027-08-19,PN-EQ-09,24.0,0.0,5862.7,6.4,260.0,
2026-12-18,PN-EQ-10,24.0,0.0,10247.3,322.0,500.0,
2026-08-10,PN-EQ-01,24.0,0.0,12125.9,154.5,520.0,
2026-05-05,PN-EQ-01,24.0,0.0,10265.9,134.3,520.0,
2027-12-14,PN-EQ-03,24.0,0.0,8191.4,77.9,380.0,
2027-11-13,PN-EQ-03,24.0,0.0,8275.8,200.6,380.0,
2027-02-09,PN-EQ-07,24.0,0.0,7812.5,165.4,350.0,
2027-07-28,PN-EQ-07,24.0,0.0,7254.6,245.1,350.0,
2026-12-14,PN-EQ-06,24.0,0.0,6539.2,142.5,300.0,
2027-08-24,PN-EQ-09,24.0,0.0,5681.0,134.6,260.0,
2026-04-20,PN-EQ-10,1.98,0.0,580.9,103.4,500.0,3.0
2026-05-13,PN-EQ-10,16.4,0.0,7339.3,18.8,500.0,3.0
2026-11-24,PN-EQ-10,4.0,20.0,1656.1,36.0,500.0,
2027-06-10,PN-EQ-04,17.1,6.9,6802.8,227.2,460.0,
2027-05-30,PN-EQ-02,24.0,0.0,8800.7,312.1,430.0,
2026-02-25,PN-EQ-10,6.54,2.01,2855.9,9.5,500.0,2.0
2026-11-12,PN-EQ-07,24.0,0.0,7479.1,138.7,350.0,
2026-09-08,PN-EQ-09,24.0,0.0,5496.5,137.3,260.0,
2027-06-08,PN-EQ-07,22.2,1.8,5763.4,51.6,350.0,
2027-03-09,PN-EQ-03,24.0,0.0,7391.8,138.7,380.0,
2026-04-23,PN-EQ-07,22.7,1.3,7355.4,156.8,350.0,
2027-08-23,PN-EQ-07,24.0,0.0,7360.3,193.0,350.0,
2027-04-22,PN-EQ-02,24.0,0.0,8891.2,250.5,430.0,
2026-03-23,PN-EQ-02,24.0,0.0,10104.0,186.9,430.0,
2027-10-26,PN-EQ-09,16.9,7.1,3784.4,89.5,260.0,
2026-03-30,PN-EQ-03,24.0,0.0,8926.2,159.9,380.0,
2027-05-27,PN-EQ-05,21.1,2.9,5550.7,62.7,300.0,
2026-10-26,PN-EQ-04,24.0,0.0,10929.6,228.7,460.0,
2027-01-03,PN-EQ-09,24.0,0.0,5273.7,76.3,260.0,
2027-10-09,PN-EQ-05,24.0,0.0,6595.4,194.4,300.0,
2026-03-09,PN-EQ-03,24.0,0.0,7978.8,150.5,380.0,
2026-11-14,PN-EQ-10,21.4,2.6,10549.3,296.7,500.0,
2026-12-06,PC-EQ-07,24.0,0.0,6394.2,170.7,280.0,
2026-10-08,PN-EQ-10,24.0,0.0,10897.3,205.8,500.0,
2027-05-15,PN-EQ-07,24.0,0.0,6810.5,121.9,350.0,
2027-05-05,PN-EQ-05,24.0,0.0,6357.3,124.3,300.0,
2026-10-31,PN-EQ-01,22.2,1.8,9766.2,,520.0,
2027-01-25,PN-EQ-03,24.0,0.0,7904.5,140.7,380.0,
2027-10-07,PN-EQ-04,24.0,0.0,9117.9,216.0,460.0,
2026-11-05,PN-EQ-09,22.2,1.8,5135.3,132.6,260.0,
2026-05-17,PN-EQ-03,24.0,0.0,8716.7,242.0,380.0,
2027-04-28,PN-EQ-10,22.1,1.9,10669.0,65.4,500.0,
2026-07-07,PN-EQ-01,24.0,0.0,10307.3,,520.0,
2026-03-23,PN-EQ-04,23.0,1.0,9626.8,39.8,460.0,
2027-04-11,PN-EQ-06,19.5,4.5,5125.2,42.3,300.0,
2026-08-24,PN-EQ-02,24.0,0.0,10171.1,159.1,430.0,
2026-11-01,PN-EQ-04,19.2,4.8,7475.1,122.7,460.0,
2027-06-18,PN-EQ-01,24.0,0.0,12001.7,206.4,520.0,
2026-10-08,PN-EQ-05,24.0,0.0,6205.9,98.2,300.0,
2026-08-17,PN-EQ-06,24.0,0.0,6780.0,166.2,300.0,
2026-03-10,PN-EQ-05,24.0,0.0,6305.8,116.5,300.0,
2027-01-20,PN-EQ-10,24.0,0.0,10031.2,71.9,500.0,
2027-11-11,PN-EQ-09,24.0,0.0,5175.3,144.3,260.0,
2027-01-30,PN-EQ-07,22.0,2.0,6598.0,117.4,350.0,
2027-12-19,PN-EQ-01,12.8,11.2,4983.2,115.1,520.0,
2026-02-12,PN-EQ-09,19.22,0.0,4778.5,146.9,260.0,2.0
2026-02-17,PN-EQ-01,24.0,0.0,12145.1,170.1,520.0,
2026-07-27,PN-EQ-03,24.0,0.0,8209.1,89.5,380.0,
2027-07-20,PN-EQ-03,24.0,0.0,7872.7,116.4,380.0,
2026-10-17,PN-EQ-01,24.0,0.0,12355.2,168.7,520.0,
2027-07-08,PN-EQ-04,24.0,0.0,10168.6,126.6,460.0,
2026-03-28,PN-EQ-09,10.46,0.0,2482.6,44.4,260.0,2.0
2027-06-18,PN-EQ-10,24.0,0.0,10940.7,68.9,500.0,
2027-01-31,PN-EQ-05,24.0,0.0,6212.8,198.2,300.0,
2027-02-25,PN-EQ-09,24.0,0.0,5806.8,113.2,260.0,
2027-03-05,PN-EQ-08,24.0,0.0,9307.3,147.5,400.0,
2026-09-01,PN-EQ-05,24.0,0.0,6623.1,69.7,300.0,
2027-06-01,PN-EQ-09,24.0,0.0,5440.7,136.9,260.0,
2027-08-29,PN-EQ-03,24.0,0.0,8442.4,177.0,380.0,
2026-09-26,PN-EQ-03,24.0,0.0,8257.3,98.0,380.0,
2026-02-22,PN-EQ-10,7.82,0.33,3468.7,44.3,500.0,1.0
2027-03-26,PN-EQ-02,24.0,0.0,8825.3,192.4,430.0,
2027-03-07,PN-EQ-06,24.0,0.0,6373.3,120.6,300.0,
2027-03-09,PN-EQ-08,17.1,6.9,6285.3,67.7,400.0,
2027-09-18,PN-EQ-03,24.0,0.0,8382.4,170.7,380.0,
2026-10-12,PN-EQ-06,24.0,0.0,6516.3,104.9,300.0,
2027-03-13,PN-EQ-01,24.0,0.0,11455.3,277.9,520.0,
2026-12-12,PN-EQ-04,24.0,0.0,9334.7,110.4,460.0,
2027-11-20,PN-EQ-01,24.0,0.0,10316.7,129.8,520.0,
2027-12-24,PN-EQ-10,24.0,0.0,10772.7,47.3,500.0,
2026-08-20,PN-EQ-09,24.0,0.0,5464.1,137.7,260.0,
2026-06-20,PN-EQ-05,24.0,0.0,6431.5,133.3,300.0,
2027-02-09,PN-EQ-01,24.0,0.0,11264.9,322.0,520.0,
2027-03-16,PN-EQ-07,21.7,2.3,6515.3,75.0,350.0,
2027-06-22,PN-EQ-02,24.0,0.0,8996.4,140.2,430.0,
2026-04-26,PN-EQ-05,4.0,20.0,1021.5,27.0,300.0,
2027-03-02,PN-EQ-03,24.0,0.0,7570.8,120.0,380.0,
2026-04-09,PN-EQ-06,23.5,0.5,6341.8,214.3,300.0,
2026-09-30,PN-EQ-03,24.0,0.0,8580.6,127.6,380.0,
2027-09-03,PN-EQ-09,24.0,0.0,5752.2,127.5,260.0,
2026-06-11,PN-EQ-07,18.2,5.8,5280.4,120.5,350.0,
2026-04-01,PN-EQ-04,19.0,5.0,7720.0,166.7,460.0,
2026-06-15,PN-EQ-01,16.5,7.5,7564.5,90.5,520.0,
2027-10-06,PN-EQ-05,21.3,2.7,5520.7,110.8,300.0,
2026-09-10,PN-EQ-07,24.0,0.0,7403.5,212.4,350.0,
2026-11-15,PN-EQ-10,24.0,0.0,10921.6,51.0,500.0,
2027-09-10,PN-EQ-03,24.0,0.0,8362.3,190.9,380.0,
2026-10-14,PN-EQ-04,24.0,0.0,9770.9,195.5,460.0,
2027-04-20,PN-EQ-06,24.0,0.0,5753.1,198.8,300.0,
2026-04-12,PN-EQ-02,24.0,0.0,10118.0,170.2,430.0,
2027-02-15,PN-EQ-04,16.2,7.8,7377.5,70.5,460.0,
2027-09-17,PN-EQ-06,24.0,0.0,6624.8,210.7,300.0,
2027-06-14,PN-EQ-04,17.9,6.1,7672.0,172.8,460.0,
2026-11-22,PN-EQ-10,24.0,0.0,10815.3,196.9,500.0,
2026-08-08,PN-EQ-05,24.0,0.0,5992.0,128.0,300.0,
2026-03-21,PN-EQ-09,6.41,0.0,1673.4,15.6,260.0,3.0
2026-08-01,PN-EQ-07,24.0,0.0,7013.2,169.0,350.0,
2026-08-11,PN-EQ-02,24.0,0.0,10216.8,154.4,430.0,
2026-11-03,PN-EQ-01,24.0,0.0,10613.4,159.9,520.0,
2026-08-17,PN-EQ-04,24.0,0.0,10417.7,120.2,460.0,
2027-02-12,PN-EQ-01,24.0,0.0,11287.3,252.5,520.0,
2027-09-17,PN-EQ-02,24.0,0.0,8343.0,278.0,430.0,
2026-10-28,PN-EQ-05,24.0,0.0,6770.2,161.1,300.0,
2027-02-08,PN-EQ-06,18.1,5.9,4771.4,125.4,300.0,
2027-10-09,PN-EQ-07,24.0,0.0,7945.6,253.0,350.0,
2026-10-07,PN-EQ-08,24.0,0.0,8496.9,109.4,400.0,
2027-06-28,PN-EQ-01,24.0,0.0,11575.7,249.1,520.0,
2027-01-09,PN-EQ-10,24.0,0.0,9866.6,106.1,500.0,
2026-12-05,PN-EQ-01,24.0,0.0,11292.8,355.8,520.0,
2026-02-22,PN-EQ-08,20.2,3.8,6808.7,73.5,400.0,
2026-10-11,PN-EQ-08,22.7,1.3,7893.7,143.4,400.0,
2027-08-08,PN-EQ-06,15.1,8.9,3956.2,64.5,300.0,
2027-07-06,PN-EQ-05,24.0,0.0,7097.6,170.8,300.0,
2027-09-13,PN-EQ-07,24.0,0.0,7630.9,238.1,350.0,
2027-05-23,PN-EQ-02,24.0,0.0,9351.2,218.1,430.0,
2026-03-05,PN-EQ-10,13.38,0.0,6602.2,48.0,500.0,2.0
2027-07-04,PN-EQ-04,24.0,0.0,9963.1,288.2,460.0,
2027-01-08,PN-EQ-04,24.0,0.0,9276.7,176.0,460.0,
2027-11-28,PN-EQ-04,21.6,2.4,8567.8,61.5,460.0,
2026-10-13,PN-EQ-05,17.4,6.6,4464.9,127.8,300.0,
2026-06-15,PN-EQ-07,12.0,12.0,3741.0,0.0,350.0,
2026-12-09,PN-EQ-09,15.8,8.2,3752.9,77.1,260.0,
2026-05-11,PN-EQ-07,24.0,0.0,7550.3,77.4,350.0,
2026-11-15,PN-EQ-06,24.0,0.0,6812.4,83.3,300.0,
2027-04-02,PN-EQ-03,24.0,0.0,7584.0,141.0,380.0,
2026-04-06,PN-EQ-07,24.0,0.0,7159.2,212.3,350.0,
2027-06-07,PN-EQ-01,24.0,0.0,10469.2,377.7,520.0,
2026-05-04,PN-EQ-09,15.48,0.0,3832.9,33.9,260.0,1.0
2026-02-11,PN-EQ-08,24.0,0.0,8703.2,74.8,400.0,
2027-10-20,PN-EQ-07,24.0,0.0,7810.0,191.2,350.0,
2027-02-13,PN-EQ-02,24.0,0.0,8966.8,101.4,430.0,
2026-01-18,PN-EQ-08,21.7,2.3,8238.0,183.8,400.0,
2027-11-06,PN-EQ-01,24.0,0.0,11268.8,,520.0,
2026-05-15,PN-EQ-02,13.2,10.8,5175.7,76.7,430.0,
2026-06-24,PN-EQ-10,24.0,0.0,11284.9,339.1,500.0,
2026-11-15,PN-EQ-04,24.0,0.0,10010.4,295.2,460.0,
2026-04-04,PN-EQ-09,7.36,0.0,1769.8,111.3,260.0,2.0
2027-11-05,PN-EQ-05,24.0,0.0,6327.0,254.5,300.0,
2027-12-06,PN-EQ-09,24.0,0.0,5554.6,134.2,260.0,
2026-04-06,PN-EQ-10,1.69,0.72,1172.2,70.0,500.0,3.0
2026-04-26,PN-EQ-08,22.9,1.1,7906.4,141.5,400.0,
2026-10-12,PN-EQ-04,23.5,0.5,9419.0,187.9,460.0,
2027-09-27,PN-EQ-04,19.8,4.2,8431.1,137.2,460.0,
2027-05-26,PN-EQ-06,24.0,0.0,7066.3,223.4,300.0,
2027-05-19,PN-EQ-09,20.7,3.3,4543.9,83.7,260.0,
2027-07-18,PN-EQ-05,24.0,0.0,7128.0,178.1,300.0,
2026-05-20,PN-EQ-06,24.0,0.0,6369.0,,300.0,
2027-02-14,PN-EQ-09,24.0,0.0,5875.7,117.6,260.0,
2026-12-10,PN-EQ-07,24.0,0.0,7462.4,147.8,350.0,
2026-03-01,PN-EQ-07,24.0,0.0,7432.7,252.0,350.0,
2026-03-28,PN-EQ-06,23.5,0.5,6905.7,92.9,300.0,
2027-09-29,PN-EQ-10,24.0,0.0,10470.6,238.1,500.0,
2026-04-28,PN-EQ-09,0.17,0.0,49.8,5.6,260.0,3.0
2027-04-28,PN-EQ-02,24.0,0.0,9684.9,116.4,430.0,
2027-02-12,PN-EQ-08,24.0,0.0,7504.0,150.9,400.0,
2027-01-15,PN-EQ-08,24.0,0.0,8812.0,175.6,400.0,
2027-02-24,PN-EQ-03,24.0,0.0,8186.9,158.3,380.0,
2027-03-15,PN-EQ-03,15.6,8.4,5625.6,61.9,380.0,
2027-10-11,PN-EQ-01,24.0,0.0,10601.5,271.7,520.0,
2027-01-20,PN-EQ-02,24.0,0.0,9319.7,192.0,430.0,
2026-06-16,PN-EQ-01,24.0,0.0,11884.2,134.9,520.0,
2026-10-20,PN-EQ-04,24.0,0.0,10058.7,218.0,460.0,
2027-05-10,PN-EQ-02,24.0,0.0,9975.7,76.2,430.0,
2026-09-16,PN-EQ-10,24.0,0.0,11007.0,223.0,500.0,
2027-08-02,PN-EQ-05,24.0,0.0,6801.6,61.1,300.0,
2026-11-10,PN-EQ-07,24.0,0.0,7487.6,149.3,350.0,
2027-09-19,PN-EQ-08,19.5,4.5,7648.3,0.0,400.0,
2026-04-03,PN-EQ-02,24.0,0.0,9343.5,234.1,430.0,
2026-08-05,PN-EQ-10,18.2,5.8,8833.3,269.6,500.0,
2026-06-24,PN-EQ-09,24.0,0.0,5931.4,106.1,260.0,
2026-01-24,PN-EQ-07,24.0,0.0,7424.1,124.0,350.0,
2026-03-26,PN-EQ-03,17.9,6.1,6734.0,270.4,380.0,
2027-05-25,PN-EQ-05,24.0,0.0,6580.4,107.1,300.0,
2027-08-17,PN-EQ-09,24.0,0.0,5855.0,,260.0,
2027-06-27,PN-EQ-04,24.0,0.0,10264.2,362.2,460.0,
2027-01-21,PN-EQ-10,24.0,0.0,11502.1,135.5,500.0,
2026-07-25,PN-EQ-07,24.0,0.0,7705.1,104.4,350.0,
2027-05-14,PN-EQ-06,23.1,0.9,6062.5,163.7,300.0,
2027-06-10,PN-EQ-03,21.4,2.6,7529.6,51.4,380.0,
2026-06-11,PN-EQ-02,24.0,0.0,8748.5,220.2,430.0,
2026-07-31,PN-EQ-06,24.0,0.0,6994.0,33.0,300.0,
2026-01-22,PN-EQ-07,24.0,0.0,7528.2,23.7,350.0,
2027-05-20,PN-EQ-04,13.8,10.2,5620.5,50.0,460.0,
2026-02-25,PN-EQ-09,2.68,0.6,564.2,7.7,260.0,1.0
2027-05-03,PN-EQ-03,23.2,0.8,8098.3,232.6,380.0,
2027-01-30,PN-EQ-06,24.0,0.0,6189.1,189.0,300.0,
2027-08-28,PN-EQ-09,24.0,0.0,5679.6,123.9,260.0,
2027-08-25,PN-EQ-10,24.0,0.0,10924.9,201.0,500.0,
2027-03-05,PN-EQ-06,24.0,0.0,6362.6,113.7,300.0,
2027-08-03,PN-EQ-04,24.0,0.0,9545.8,158.9,460.0,
2027-07-05,PN-EQ-02,24.0,0.0,9148.8,130.8,430.0,
2026-08-16,PN-EQ-02,24.0,0.0,9098.9,126.7,430.0,
2027-05-29,PN-EQ-01,24.0,0.0,11125.3,199.9,520.0,
2026-10-01,PN-EQ-10,24.0,0.0,11880.0,185.0,500.0,
2026-02-08,PN-EQ-06,24.0,0.0,6240.9,138.1,300.0,
2026-09-20,PN-EQ-10,20.0,4.0,9082.0,135.2,500.0,
2026-07-02,PN-EQ-02,24.0,0.0,8724.6,137.3,430.0,
2026-04-10,PN-EQ-06,16.3,7.7,4187.5,89.7,300.0,
2027-01-07,PN-EQ-06,24.0,0.0,5790.9,91.0,300.0,
2026-05-10,PN-EQ-09,8.55,0.0,1941.0,68.4,260.0,2.0
2027-01-16,PN-EQ-10,24.0,0.0,11367.4,359.4,500.0,
2026-07-15,PN-EQ-08,9.0,15.0,3501.8,134.1,400.0,
2027-02-13,PN-EQ-07,17.7,6.3,5865.9,70.2,350.0,
2027-06-22,PN-EQ-06,15.3,8.7,3936.7,104.2,300.0,
2027-12-23,PN-EQ-02,24.0,0.0,8864.5,203.6,430.0,
2027-08-18,PN-EQ-03,24.0,0.0,7274.6,151.2,380.0,
2026-03-11,PN-EQ-10,16.82,0.0,7742.8,59.1,500.0,3.0
2026-04-12,PN-EQ-05,24.0,0.0,6727.6,136.1,300.0,
2026-05-20,PN-EQ-07,24.0,0.0,7072.5,150.1,350.0,
2027-11-06,PN-EQ-02,24.0,0.0,9082.6,147.0,430.0,
2026-06-04,PN-EQ-02,24.0,0.0,9410.2,4.7,430.0,
2027-01-22,PN-EQ-03,24.0,0.0,7839.6,238.1,380.0,
2027-09-14,PN-EQ-02,24.0,0.0,9519.5,134.0,430.0,
2027-01-11,PN-EQ-04,24.0,0.0,9739.4,178.3,460.0,
2027-09-13,PN-EQ-06,21.8,2.2,5396.4,112.4,300.0,
2026-07-10,PN-EQ-05,20.9,3.1,5331.8,65.7,300.0,
2027-05-21,PN-EQ-07,24.0,0.0,7496.2,162.7,350.0,
2026-09-23,PN-EQ-07,24.0,0.0,8316.0,226.7,350.0,
2026-01-10,PN-EQ-02,24.0,0.0,9359.9,236.6,430.0,
2027-08-26,PN-EQ-04,24.0,0.0,8697.8,215.3,460.0,
2026-10-23,PN-EQ-03,24.0,0.0,7857.1,78.5,380.0,
2027-08-11,PN-EQ-03,23.1,0.9,7573.4,182.8,380.0,
2027-07-22,PN-EQ-05,21.7,2.3,5929.3,95.0,300.0,
2026-04-19,PN-EQ-03,24.0,0.0,8156.9,96.3,380.0,
2027-03-10,PN-EQ-02,24.0,0.0,10025.5,118.6,430.0,
2026-05-28,PN-EQ-10,21.9,2.1,10219.2,,500.0,
2026-07-23,PN-EQ-07,24.0,0.0,7112.2,139.7,350.0,
2026-12-16,PN-EQ-05,24.0,0.0,6569.2,109.8,300.0,
2026-08-12,PN-EQ-08,24.0,0.0,8438.3,2.0,400.0,
2026-02-23,PN-EQ-10,11.0,0.0,4937.2,149.2,500.0,3.0
2026-07-04,PN-EQ-07,24.0,0.0,8019.0,227.3,350.0,
2026-03-03,PN-EQ-06,22.7,1.3,6560.2,107.6,300.0,
2027-04-18,PN-EQ-09,24.0,0.0,5511.2,,260.0,
2027-12-17,PN-EQ-09,24.0,0.0,5530.3,91.9,260.0,
2026-03-17,PN-EQ-06,18.5,5.5,4697.4,93.1,300.0,
2026-10-08,PN-EQ-04,24.0,0.0,10663.1,332.5,460.0,
2026-11-15,PN-EQ-02,24.0,0.0,10142.5,199.4,430.0,
2027-12-14,PN-EQ-07,24.0,0.0,7140.9,291.9,350.0,
2027-11-06,PN-EQ-10,24.0,0.0,11770.0,339.0,500.0,
2026-09-11,PN-EQ-01,24.0,0.0,11065.5,208.0,520.0,
2026-03-25,PN-EQ-09,4.56,0.68,1020.8,34.6,260.0,3.0
2026-09-01,PN-EQ-03,24.0,0.0,8421.9,179.1,380.0,
2027-07-28,PN-EQ-01,24.0,0.0,12042.1,234.6,520.0,
2026-01-13,PN-EQ-04,24.0,0.0,10044.2,242.8,460.0,
2027-11-11,PN-EQ-04,24.0,0.0,10817.0,339.6,460.0,
2027-06-22,PN-EQ-03,24.0,0.0,8297.4,,380.0,
2027-10-27,PN-EQ-10,12.3,11.7,5383.3,77.0,500.0,
2027-10-04,PN-EQ-04,24.0,0.0,9219.6,279.1,460.0,
2026-10-19,PN-EQ-03,22.3,1.7,7796.3,150.5,380.0,
2026-01-12,PN-EQ-02,24.0,0.0,8972.8,88.5,430.0,
2026-04-03,PN-EQ-10,15.38,0.07,6871.1,8.7,500.0,2.0
2027-11-01,PN-EQ-03,24.0,0.0,8770.6,305.5,380.0,
2027-03-23,PN-EQ-04,24.0,0.0,9972.8,352.7,460.0,
2027-01-27,PN-EQ-04,24.0,0.0,9254.2,93.7,460.0,
2027-06-17,PN-EQ-10,24.0,0.0,10501.9,14.9,500.0,
2027-06-02,PN-EQ-03,24.0,0.0,8490.6,81.2,380.0,
2027-05-04,PN-EQ-05,7.1,16.9,1987.5,36.3,300.0,
2026-08-02,PN-EQ-03,24.0,0.0,8215.6,46.7,380.0,
2026-12-12,PN-EQ-06,22.4,1.6,5967.0,117.0,300.0,
2026-05-23,PN-EQ-08,19.7,4.3,7351.4,149.9,400.0,
2026-03-27,PN-EQ-06,24.0,0.0,6460.1,127.9,300.0,
2026-05-14,PN-EQ-10,0.83,2.78,223.3,12.6,500.0,3.0
2027-02-04,PN-EQ-01,22.7,1.3,11237.8,166.7,520.0,
2026-06-29,PN-EQ-04,24.0,0.0,9460.7,58.4,460.0,
2026-08-08,PN-EQ-07,24.0,0.0,7794.8,105.1,350.0,
2027-02-28,PN-EQ-10,24.0,0.0,10506.9,158.8,500.0,
2026-08-21,PN-EQ-04,24.0,0.0,9980.8,213.5,460.0,
2027-06-07,PN-EQ-03,21.2,2.8,7266.1,64.0,380.0,
2027-10-11,PN-EQ-04,8.3,15.7,3504.6,96.4,460.0,
2027-11-19,PN-EQ-08,24.0,0.0,8585.9,322.7,400.0,
2026-11-25,PN-EQ-04,24.0,0.0,10056.9,208.1,460.0,
2026-04-25,PN-EQ-09,15.74,0.0,3574.1,10.8,260.0,2.0
2027-07-04,PN-EQ-05,0.0,24.0,0.0,0.0,300.0,
2026-07-24,PN-EQ-01,24.0,0.0,10797.5,277.1,520.0,
2027-02-02,PN-EQ-10,24.0,0.0,10884.0,150.9,500.0,
2027-03-08,PN-EQ-02,24.0,0.0,9114.6,156.5,430.0,
2026-10-28,PN-EQ-09,21.4,2.6,5216.7,33.5,260.0,
2026-12-01,PN-EQ-02,24.0,0.0,9391.5,235.9,430.0,
2026-03-01,PN-EQ-10,10.49,0.11,4380.4,18.2,500.0,1.0
2027-03-16,PN-EQ-04,24.0,0.0,9378.4,320.0,460.0,
2027-12-03,PN-EQ-04,24.0,0.0,10861.4,223.2,460.0,
2026-09-19,PN-EQ-07,24.0,0.0,7680.3,158.8,350.0,
2026-01-15,PN-EQ-03,24.0,0.0,8346.1,108.5,380.0,
2026-11-09,PN-EQ-10,24.0,0.0,11225.0,136.6,500.0,
2026-02-09,PN-EQ-09,6.83,0.0,1695.5,18.8,260.0,3.0
2027-08-10,PN-EQ-02,23.2,0.8,8991.0,216.0,430.0,
2026-03-13,PN-EQ-09,4.34,0.0,992.5,182.2,260.0,2.0
2027-06-03,PN-EQ-05,24.0,0.0,6459.9,78.4,300.0,
2026-03-22,PN-EQ-08,24.0,0.0,8281.4,237.8,400.0,
2027-09-12,PN-EQ-08,24.0,0.0,8996.5,211.5,400.0,
2027-03-22,PN-EQ-01,24.0,0.0,12232.6,191.7,520.0,
2026-08-30,PN-EQ-01,24.0,0.0,10451.1,340.2,520.0,
2027-11-13,PN-EQ-10,24.0,0.0,11194.3,200.8,500.0,
2026-02-27,PN-EQ-10,23.06,0.0,10681.0,37.2,500.0,3.0
2027-03-07,PN-EQ-01,23.5,0.5,11472.7,214.0,520.0,
2026-11-27,PN-EQ-10,17.8,6.2,8067.5,205.2,500.0,
2027-01-25,PN-EQ-05,24.0,0.0,6642.7,112.2,300.0,
2026-05-02,PN-EQ-02,24.0,0.0,9138.2,112.7,430.0,
2026-04-14,PN-EQ-10,3.85,5.4,1602.9,7.0,500.0,2.0
2026-11-27,PN-EQ-08,24.0,0.0,8941.2,65.7,400.0,
2027-08-13,PN-EQ-03,24.0,0.0,8294.3,196.4,380.0,
2027-02-10,PN-EQ-01,24.0,0.0,11299.7,52.9,520.0,
2026-09-03,PN-EQ-04,24.0,0.0,10294.7,153.2,460.0,
2027-10-24,PN-EQ-10,24.0,0.0,11536.7,287.7,500.0,
2027-11-13,PN-EQ-08,19.8,4.2,7422.4,143.3,400.0,
2027-12-11,PC-EQ-02,24.0,0.0,7305.0,199.8,344.0,
2027-05-18,PN-EQ-02,24.0,0.0,8650.0,214.4,430.0,
2027-01-30,PN-EQ-05,17.5,6.5,4877.1,103.2,300.0,
2026-07-17,PN-EQ-02,24.0,0.0,8752.4,256.5,430.0,
2027-12-28,PN-EQ-08,21.7,2.3,6806.7,136.0,400.0,
2027-03-20,PN-EQ-07,21.4,2.6,6358.7,117.3,350.0,
2026-01-29,PN-EQ-03,24.0,0.0,8183.7,143.3,380.0,
2026-06-05,PN-EQ-02,24.0,0.0,9701.9,136.5,430.0,
2027-09-05,PN-EQ-01,24.0,0.0,10857.2,179.6,520.0,
2027-08-06,PN-EQ-02,24.0,0.0,9905.7,281.8,430.0,
2027-04-07,PN-EQ-09,24.0,0.0,5722.1,169.2,260.0,
2027-07-18,PN-EQ-03,24.0,0.0,7797.4,,380.0,
2026-08-25,PN-EQ-01,24.0,0.0,10604.9,65.8,520.0,
2026-10-23,PN-EQ-01,24.0,0.0,10973.9,255.6,520.0,
2026-09-29,PN-EQ-08,8.4,15.6,3074.3,73.3,400.0,
2026-03-20,PN-EQ-05,24.0,0.0,7057.5,29.7,300.0,
2026-02-10,PN-EQ-09,16.26,0.0,4062.3,3.9,260.0,3.0
