orden_id,parada_id,equipo_id,fecha_apertura,tipo_orden,horas_hombre,num_tecnicos,repuesto_principal,costo_repuestos_soles
OT-004314,PAR-005657,PC-EQ-06,2024-05-28,Correctiva,12.7,3,Faja/correa,493.0
OT-005483,PAR-007230,PC-EQ-10,2027-08-24,Correctiva,13.1,2,Ninguno (solo mano de obra),4001.0
OT-003042,PAR-004020,PC-EQ-01,2027-09-11,Preventiva,9.7,3,Ninguno (solo mano de obra),1002.0
OT-005094,PAR-006708,PC-EQ-09,2025-10-03,Correctiva,0.6,2,Ninguno (solo mano de obra),5051.0
OT-004318,PAR-005661,PC-EQ-06,2024-06-06,Correctiva,1.0,2,,5757.0
OT-002947,PAR-003882,PC-EQ-01,2026-04-03,Correctiva,4.4,1,Rodamiento,5385.0
OT-003084,PAR-004072,PC-EQ-02,2024-04-26,Correctiva,4.5,3,Ninguno (solo mano de obra),3910.0
OT-004048,PAR-005329,PC-EQ-05,2025-08-01,Correctiva,18.4,2,Motor eléctrico,186.0
OT-003959,PAR-005217,PC-EQ-05,2024-07-25,Preventiva,13.6,1,Faja/correa,1556.0
OT-003906,PAR-005151,PC-EQ-04,2027-12-04,Correctiva,18.7,3,Sello mecánico,5948.0
OT-003889,PAR-005132,PC-EQ-04,2027-10-15,Correctiva,4.8,3,Ninguno (solo mano de obra),3773.0
OT-005461,PAR-007201,PC-EQ-10,2027-04-25,Correctiva,0.6,1,Rodamiento,3063.0
OT-004098,PAR-005395,PC-EQ-05,2026-02-10,Correctiva,28.5,1,Sello mecánico,956.0
OT-004391,PAR-005760,PC-EQ-06,2025-08-24,Correctiva,3.5,3,Motor eléctrico,3243.0
OT-005241,PAR-006911,PC-EQ-10,2024-04-08,Correctiva,2.0,2,Ninguno (solo mano de obra),4285.0
OT-003919,PAR-005168,PC-EQ-05,2024-02-23,Preventiva,8.2,3,Revestimiento (liner),1485.0
OT-005427,PAR-007158,PC-EQ-10,2026-11-01,Correctiva,31.5,2,Rodamiento,5169.0
OT-005433,PAR-007166,PC-EQ-10,2026-11-24,Preventiva,8.7,1,Ninguno (solo mano de obra),1823.0
OT-004131,PAR-005437,PC-EQ-05,2026-05-21,Preventiva,6.4,2,Sello mecánico,932.0
OT-004705,PAR-006177,PC-EQ-07,2027-04-01,Correctiva,3.2,3,Rodamiento,6312.0
OT-003784,PAR-005000,PC-EQ-04,2026-08-23,Correctiva,30.8,1,Faja/correa,1476.0
OT-005358,PAR-007064,PC-EQ-10,2025-10-19,Correctiva,21.4,3,Revestimiento (liner),320.0
OT-004613,PAR-006044,PC-EQ-07,2025-04-19,Preventiva,7.7,3,Sensor/instrumento,1130.0
OT-005469,PAR-007211,PC-EQ-10,2027-06-04,Preventiva,7.5,2,Sello mecánico,1864.0
OT-003895,PAR-005138,PC-EQ-04,2027-10-24,Correctiva,14.4,1,Rodamiento,4245.0
OT-004242,PAR-005574,PC-EQ-05,2027-08-02,Correctiva,1.9,1,Rodamiento,3553.0
OT-003328,PAR-004401,PC-EQ-02,2027-11-24,Correctiva,12.6,1,,3051.0
OT-003093,PAR-004088,PC-EQ-02,2024-06-21,Correctiva,7.3,3,Rodamiento,3609.0
OT-004202,PAR-005522,PC-EQ-05,2027-02-15,Correctiva,30.0,3,Motor eléctrico,5767.0
OT-003743,PAR-004954,PC-EQ-04,2026-04-09,Preventiva,7.3,1,Ninguno (solo mano de obra),501.0
OT-003571,PAR-004740,PC-EQ-04,2024-06-01,Preventiva,5.4,2,Sensor/instrumento,1821.0
OT-003387,PAR-004479,PC-EQ-03,2025-01-28,Preventiva,9.5,3,Revestimiento (liner),2256.0
OT-004702,PAR-006173,PC-EQ-07,2027-03-15,Preventiva,6.1,1,Rodamiento,342.0
OT-004542,PAR-005945,PC-EQ-06,2027-10-03,Correctiva,0.6,2,Motor eléctrico,7251.0
OT-003872,PAR-005111,PC-EQ-04,2027-08-02,Correctiva,0.8,2,Motor eléctrico,2554.0
OT-003205,PAR-004244,PC-EQ-02,2026-03-13,Correctiva,3.6,3,Sensor/instrumento,437.0
OT-005182,PAR-006827,PC-EQ-09,2027-04-27,Correctiva,15.0,1,Ninguno (solo mano de obra),2516.0
OT-004879,PAR-006403,PC-EQ-08,2025-11-18,Preventiva,5.7,2,Rodamiento,1557.0
OT-004440,PAR-005818,PC-EQ-06,2026-04-21,Correctiva,25.3,1,Ninguno (solo mano de obra),6991.0
OT-004636,PAR-006075,PC-EQ-07,2025-10-30,Correctiva,0.5,3,Sello mecánico,7256.0
OT-004952,PAR-006514,PC-EQ-08,2027-01-14,Correctiva,4.2,2,Sensor/instrumento,3185.0
OT-004298,PAR-005639,PC-EQ-06,2024-03-08,Correctiva,12.7,2,Sello mecánico,5311.0
OT-004199,PAR-005517,PC-EQ-05,2027-01-26,Correctiva,2.2,1,Motor eléctrico,5187.0
OT-002889,PAR-003798,PC-EQ-01,2025-05-22,Correctiva,0.5,3,Revestimiento (liner),1258.0
OT-004236,PAR-005566,PC-EQ-05,2027-07-10,Correctiva,18.0,3,Sensor/instrumento,5147.0
OT-002871,PAR-003774,PC-EQ-01,2025-02-14,Correctiva,5.6,1,Rodamiento,1403.0
OT-003653,PAR-004843,PC-EQ-04,2025-04-02,Correctiva,23.3,2,Ninguno (solo mano de obra),6551.0
OT-003460,PAR-004596,PC-EQ-03,2026-07-15,Correctiva,9.3,3,Ninguno (solo mano de obra),2782.0
OT-005263,PAR-006938,PC-EQ-10,2024-07-31,Correctiva,19.3,1,Revestimiento (liner),2678.0
OT-003618,PAR-004799,PC-EQ-04,2024-11-21,Correctiva,11.9,1,Faja/correa,4100.0
OT-004590,PAR-006009,PC-EQ-07,2024-10-08,Preventiva,7.9,2,Sensor/instrumento,1637.0
OT-005389,PAR-007107,PC-EQ-10,2026-04-19,Correctiva,3.4,3,Sensor/instrumento,5524.0
OT-005275,PAR-006954,PC-EQ-10,2024-09-12,Correctiva,4.5,1,Motor eléctrico,940.0
OT-002845,PAR-003738,PC-EQ-01,2024-09-25,Correctiva,7.4,2,Sensor/instrumento,990.0
OT-004569,PAR-005984,PC-EQ-07,2024-05-14,Preventiva,6.3,1,Motor eléctrico,1264.0
OT-005442,PAR-007179,PC-EQ-10,2027-01-19,Correctiva,5.6,2,Ninguno (solo mano de obra),4712.0
OT-004934,PAR-006480,PC-EQ-08,2026-09-25,Correctiva,17.5,2,Faja/correa,5695.0
OT-004658,PAR-006102,PC-EQ-07,2026-03-03,Preventiva,9.5,1,Ninguno (solo mano de obra),1471.0
OT-003241,PAR-004292,PC-EQ-02,2026-09-18,Correctiva,1.6,3,Sensor/instrumento,1104.0
OT-005142,PAR-006782,PC-EQ-09,2026-08-21,Preventiva,11.6,3,Faja/correa,2108.0
OT-004713,PAR-006191,PC-EQ-07,2027-05-28,Correctiva,9.0,2,Motor eléctrico,7402.0
OT-005478,PAR-007223,PC-EQ-10,2027-07-31,Correctiva,18.8,1,Revestimiento (liner),4141.0
OT-003676,PAR-004871,PC-EQ-04,2025-07-15,Correctiva,6.7,2,Faja/correa,2615.0
OT-002806,PAR-003689,PC-EQ-01,2024-02-17,Correctiva,32.0,2,Faja/correa,4743.0
OT-005327,PAR-007024,PC-EQ-10,2025-06-06,Correctiva,27.0,1,Faja/correa,3045.0
OT-004826,PAR-006339,PC-EQ-08,2025-03-20,Preventiva,9.8,2,Ninguno (solo mano de obra),598.0
OT-003943,PAR-005195,PC-EQ-05,2024-05-27,Correctiva,14.2,3,Faja/correa,4015.0
OT-003044,PAR-004022,PC-EQ-01,2027-09-13,Correctiva,4.3,1,Rodamiento,7086.0
OT-005124,PAR-006754,PC-EQ-09,2026-04-16,Preventiva,12.3,1,Motor eléctrico,697.0
OT-004112,PAR-005411,PC-EQ-05,2026-03-15,Preventiva,4.6,1,Revestimiento (liner),2104.0
OT-003197,PAR-004234,PC-EQ-02,2026-01-29,Correctiva,5.0,1,Revestimiento (liner),1631.0
OT-005431,PAR-007164,PC-EQ-10,2026-11-16,Correctiva,26.2,2,Sensor/instrumento,6332.0
OT-003081,PAR-004067,PC-EQ-02,2024-03-27,Preventiva,8.2,2,Rodamiento,1610.0
OT-005003,PAR-006581,PC-EQ-08,2027-10-27,Correctiva,21.6,1,Rodamiento,812.0
OT-004382,PAR-005750,PC-EQ-06,2025-07-21,Preventiva,8.5,2,Rodamiento,1428.0
OT-005120,PAR-006750,PC-EQ-09,2026-03-28,Preventiva,5.4,3,Sello mecánico,1996.0
OT-003742,PAR-004953,PC-EQ-04,2026-04-05,Correctiva,0.7,2,Revestimiento (liner),1436.0
OT-003034,PAR-004008,PC-EQ-01,2027-08-06,Preventiva,8.8,3,Rodamiento,2060.0
OT-005473,PAR-007216,PC-EQ-10,2027-06-29,Correctiva,2.1,1,Sensor/instrumento,3981.0
OT-002843,PAR-003736,PC-EQ-01,2024-09-12,Correctiva,4.0,2,Motor eléctrico,6236.0
OT-003787,PAR-005004,PC-EQ-04,2026-09-05,Correctiva,20.6,1,Ninguno (solo mano de obra),5733.0
OT-004546,PAR-005951,PC-EQ-06,2027-11-01,Correctiva,11.8,1,Sensor/instrumento,4222.0
OT-005192,PAR-006839,PC-EQ-09,2027-06-03,Correctiva,2.3,2,Faja/correa,177.0
OT-003193,PAR-004229,PC-EQ-02,2026-01-23,Correctiva,30.2,1,Rodamiento,7696.0
OT-004184,PAR-005501,PC-EQ-05,2026-12-05,Correctiva,24.0,3,Sensor/instrumento,2430.0
OT-003780,PAR-004994,PC-EQ-04,2026-08-09,Correctiva,8.3,2,Sensor/instrumento,3119.0
OT-003510,PAR-004665,PC-EQ-03,2027-08-20,Correctiva,7.2,2,Revestimiento (liner),7678.0
OT-005460,PAR-007200,PC-EQ-10,2027-04-20,Preventiva,5.9,3,Rodamiento,1081.0
OT-003549,PAR-004717,PC-EQ-04,2024-04-03,Preventiva,9.7,1,Faja/correa,2429.0
OT-003206,PAR-004245,PC-EQ-02,2026-03-14,Preventiva,4.7,3,Faja/correa,1720.0
OT-005429,PAR-007160,PC-EQ-10,2026-11-06,Correctiva,5.9,3,Rodamiento,5954.0
OT-003099,PAR-004099,PC-EQ-02,2024-07-24,Correctiva,17.1,1,Sensor/instrumento,5955.0
OT-004156,PAR-005470,PC-EQ-05,2026-08-18,Preventiva,7.8,3,Revestimiento (liner),748.0
OT-004667,PAR-006116,PC-EQ-07,2026-05-20,Correctiva,10.1,1,Sensor/instrumento,4252.0
OT-003165,PAR-004190,PC-EQ-02,2025-08-13,Correctiva,14.3,1,Motor eléctrico,7925.0
OT-003310,PAR-004378,PC-EQ-02,2027-08-26,Correctiva,12.0,3,Ninguno (solo mano de obra),3993.0
OT-003938,PAR-005190,PC-EQ-05,2024-05-15,Preventiva,6.4,3,Faja/correa,817.0
OT-005169,PAR-006811,PC-EQ-09,2026-12-27,Correctiva,0.8,1,Ninguno (solo mano de obra),6081.0
OT-005117,PAR-006743,PC-EQ-09,2026-02-21,Correctiva,8.4,2,Motor eléctrico,4281.0
OT-003363,PAR-004447,PC-EQ-03,2024-07-23,Correctiva,0.6,1,Sello mecánico,4819.0
OT-003378,PAR-004467,PC-EQ-03,2024-11-18,Correctiva,7.4,2,Rodamiento,5833.0
OT-005027,PAR-006609,PC-EQ-09,2024-04-09,Preventiva,5.9,3,Faja/correa,594.0
OT-005264,PAR-006939,PC-EQ-10,2024-08-02,Correctiva,12.3,3,Rodamiento,5404.0
OT-004378,PAR-005742,PC-EQ-06,2025-06-04,Correctiva,6.1,2,Motor eléctrico,1178.0
OT-004049,PAR-005331,PC-EQ-05,2025-08-02,Correctiva,29.6,2,Rodamiento,3689.0
OT-004287,PAR-005624,PC-EQ-06,2024-01-06,Correctiva,3.4,1,Ninguno (solo mano de obra),974.0
OT-003209,PAR-004250,PC-EQ-02,2026-04-05,Correctiva,3.2,1,Sensor/instrumento,3732.0
OT-003045,PAR-004023,PC-EQ-01,2027-09-19,Correctiva,0.6,2,Ninguno (solo mano de obra),862.0
OT-002913,PAR-003832,PC-EQ-01,2025-11-01,Correctiva,8.6,2,Ninguno (solo mano de obra),1128.0
OT-003601,PAR-004779,PC-EQ-04,2024-09-20,Correctiva,19.3,1,Faja/correa,1254.0
OT-003210,PAR-004251,PC-EQ-02,2026-04-06,Preventiva,7.3,1,Motor eléctrico,2476.0
OT-004534,PAR-005934,PC-EQ-06,2027-08-28,Preventiva,7.1,3,Rodamiento,1041.0
OT-004383,PAR-005752,PC-EQ-06,2025-07-23,Correctiva,4.4,3,Motor eléctrico,2263.0
OT-004485,PAR-005868,PC-EQ-06,2026-12-05,Correctiva,3.7,3,Motor eléctrico,2952.0
OT-003658,PAR-004849,PC-EQ-04,2025-04-30,Correctiva,9.3,3,Rodamiento,6329.0
OT-003870,PAR-005108,PC-EQ-04,2027-07-22,Correctiva,16.2,2,Faja/correa,3894.0
OT-002933,PAR-003862,PC-EQ-01,2026-02-03,Correctiva,11.3,1,Sensor/instrumento,6896.0
OT-005087,PAR-006698,PC-EQ-09,2025-08-17,Correctiva,2.0,3,Sello mecánico,2055.0
OT-004051,PAR-005334,PC-EQ-05,2025-08-09,Preventiva,9.8,1,Ninguno (solo mano de obra),1893.0
OT-003899,PAR-005142,PC-EQ-04,2027-11-04,Correctiva,0.7,3,Revestimiento (liner),854.0
OT-004764,PAR-006258,PC-EQ-08,2024-04-25,Correctiva,0.7,2,Sello mecánico,66.0
OT-004945,PAR-006500,PC-EQ-08,2026-11-26,Preventiva,5.7,1,Motor eléctrico,48.0
OT-003186,PAR-004219,PC-EQ-02,2025-12-29,Correctiva,3.1,2,Revestimiento (liner),7556.0
OT-003253,PAR-004305,PC-EQ-02,2026-10-30,Correctiva,5.5,3,Motor eléctrico,5939.0
OT-003298,PAR-004364,PC-EQ-02,2027-06-18,Preventiva,7.9,1,Ninguno (solo mano de obra),1174.0
OT-003875,PAR-005114,PC-EQ-04,2027-08-08,Preventiva,9.9,2,,2024.0
OT-005095,PAR-006709,PC-EQ-09,2025-10-14,Correctiva,9.0,3,Revestimiento (liner),3263.0
OT-004484,PAR-005867,PC-EQ-06,2026-11-23,Correctiva,17.0,3,Revestimiento (liner),376.0
OT-003942,PAR-005194,PC-EQ-05,2024-05-25,Correctiva,30.6,3,Rodamiento,1635.0
OT-003767,PAR-004981,PC-EQ-04,2026-06-27,Correctiva,7.5,3,Rodamiento,4447.0
OT-003913,PAR-005160,PC-EQ-05,2024-01-14,Correctiva,15.1,1,Revestimiento (liner),4876.0
OT-005039,PAR-006627,PC-EQ-09,2024-07-14,Correctiva,0.7,1,Sello mecánico,3827.0
OT-004293,PAR-005631,PC-EQ-06,2024-01-26,Correctiva,6.3,2,Motor eléctrico,5014.0
OT-002813,PAR-003696,PC-EQ-01,2024-03-15,Correctiva,1.4,3,Motor eléctrico,7736.0
OT-005316,PAR-007009,PC-EQ-10,2025-04-17,Preventiva,4.2,3,Rodamiento,2377.0
OT-005432,PAR-007165,PC-EQ-10,2026-11-20,Correctiva,7.8,3,Motor eléctrico,3114.0
OT-003832,PAR-005063,PC-EQ-04,2027-03-21,Correctiva,14.4,3,Sensor/instrumento,848.0
OT-005260,PAR-006935,PC-EQ-10,2024-07-17,Correctiva,6.4,2,Faja/correa,879.0
OT-003779,PAR-004993,PC-EQ-04,2026-08-06,Correctiva,31.9,3,Motor eléctrico,5312.0
OT-005179,PAR-006823,PC-EQ-09,2027-03-08,Correctiva,16.7,1,Rodamiento,4948.0
OT-003861,PAR-005097,PC-EQ-04,2027-07-03,Correctiva,23.8,2,Ninguno (solo mano de obra),2096.0
OT-005209,PAR-006861,PC-EQ-09,2027-09-24,Correctiva,6.4,2,Ninguno (solo mano de obra),4042.0
OT-003176,PAR-004205,PC-EQ-02,2025-10-14,Correctiva,13.2,3,Sello mecánico,5200.0
OT-002982,PAR-003931,PC-EQ-01,2026-10-31,Correctiva,5.7,2,Faja/correa,918.0
OT-005303,PAR-006990,PC-EQ-10,2025-02-07,Correctiva,4.8,3,Motor eléctrico,5534.0
OT-003266,PAR-004318,PC-EQ-02,2027-01-05,Correctiva,6.3,2,Sensor/instrumento,1825.0
OT-003187,PAR-004220,PC-EQ-02,2026-01-03,Correctiva,9.2,2,Rodamiento,7821.0
OT-003004,PAR-003962,PC-EQ-01,2027-03-06,Correctiva,8.8,3,Rodamiento,5591.0
OT-003423,PAR-004535,PC-EQ-03,2025-10-28,Correctiva,4.3,1,Rodamiento,344.0
OT-005354,PAR-007058,PC-EQ-10,2025-10-01,Correctiva,0.7,2,Revestimiento (liner),6921.0
OT-004062,PAR-005347,PC-EQ-05,2025-09-21,Correctiva,7.3,3,Motor eléctrico,2883.0
OT-005280,PAR-006959,PC-EQ-10,2024-10-01,Correctiva,31.2,1,Ninguno (solo mano de obra),5286.0
OT-003385,PAR-004476,PC-EQ-03,2025-01-05,Correctiva,7.9,2,Faja/correa,990.0
OT-005123,PAR-006753,PC-EQ-09,2026-04-09,Correctiva,0.7,1,Ninguno (solo mano de obra),4880.0
OT-005116,PAR-006742,PC-EQ-09,2026-02-20,Correctiva,4.3,2,Revestimiento (liner),3531.0
OT-003158,PAR-004179,PC-EQ-02,2025-07-19,Correctiva,2.4,1,Motor eléctrico,6883.0
OT-003468,PAR-004606,PC-EQ-03,2026-09-05,Correctiva,6.1,2,Rodamiento,5830.0
OT-004349,PAR-005700,PC-EQ-06,2024-12-12,Correctiva,31.8,2,Ninguno (solo mano de obra),6805.0
OT-003949,PAR-005207,PC-EQ-05,2024-06-28,Correctiva,0.4,2,,7792.0
OT-002838,PAR-003730,PC-EQ-01,2024-08-13,Preventiva,12.9,3,Faja/correa,1490.0
OT-002928,PAR-003857,PC-EQ-01,2026-01-23,Correctiva,3.1,1,Rodamiento,983.0
OT-005089,PAR-006701,PC-EQ-09,2025-08-23,Correctiva,0.4,2,Sello mecánico,2762.0
OT-005238,PAR-006906,PC-EQ-10,2024-03-24,Correctiva,10.6,1,Motor eléctrico,5320.0
OT-003605,PAR-004783,PC-EQ-04,2024-10-10,Correctiva,13.6,1,Ninguno (solo mano de obra),1394.0
OT-004100,PAR-005397,PC-EQ-05,2026-02-14,Correctiva,18.9,2,Sello mecánico,6738.0
OT-005324,PAR-007020,PC-EQ-10,2025-05-17,Correctiva,4.8,3,Ninguno (solo mano de obra),187.0
OT-003588,PAR-004761,PC-EQ-04,2024-07-28,Preventiva,11.7,2,Sensor/instrumento,1707.0
OT-003830,PAR-005061,PC-EQ-04,2027-03-05,Preventiva,9.0,2,Rodamiento,1539.0
OT-005370,PAR-007080,PC-EQ-10,2026-01-05,Preventiva,8.1,2,Sello mecánico,1402.0
OT-005207,PAR-006859,PC-EQ-09,2027-09-09,Correctiva,0.7,2,Ninguno (solo mano de obra),2015.0
OT-002837,PAR-003729,PC-EQ-01,2024-08-12,Correctiva,8.5,3,Motor eléctrico,5942.0
OT-003154,PAR-004175,PC-EQ-02,2025-06-22,Preventiva,6.6,3,Sello mecánico,2041.0
OT-004424,PAR-005799,PC-EQ-06,2026-02-09,Correctiva,15.3,2,Ninguno (solo mano de obra),2997.0
OT-003951,PAR-005209,PC-EQ-05,2024-07-03,Correctiva,8.4,1,Faja/correa,7398.0
OT-003792,PAR-005013,PC-EQ-04,2026-09-23,Correctiva,10.2,1,Sensor/instrumento,4671.0
OT-003048,PAR-004026,PC-EQ-01,2027-10-09,Correctiva,0.5,1,Revestimiento (liner),4464.0
OT-003384,PAR-004474,PC-EQ-03,2024-12-23,Preventiva,6.9,3,Sensor/instrumento,489.0
OT-004412,PAR-005784,PC-EQ-06,2025-12-07,Correctiva,26.7,3,Rodamiento,4864.0
OT-003212,PAR-004253,PC-EQ-02,2026-04-12,Correctiva,8.9,1,Rodamiento,4870.0
OT-005218,PAR-006877,PC-EQ-09,2027-11-26,Correctiva,2.2,3,Sensor/instrumento,7775.0
OT-003164,PAR-004188,PC-EQ-02,2025-08-11,Correctiva,10.3,1,Revestimiento (liner),5846.0
OT-004137,PAR-005445,PC-EQ-05,2026-06-06,Preventiva,6.9,3,Sello mecánico,2432.0
OT-005129,PAR-006765,PC-EQ-09,2026-05-26,Preventiva,8.2,2,Revestimiento (liner),1020.0
OT-003482,PAR-004623,PC-EQ-03,2026-12-15,Preventiva,6.0,3,Revestimiento (liner),1970.0
OT-004685,PAR-006147,PC-EQ-07,2026-11-09,Correctiva,5.0,1,Sensor/instrumento,7693.0
OT-005267,PAR-006944,PC-EQ-10,2024-08-13,Correctiva,1.3,3,Rodamiento,5270.0
OT-003867,PAR-005104,PC-EQ-04,2027-07-13,Correctiva,1.2,3,Faja/correa,5726.0
OT-002894,PAR-003803,PC-EQ-01,2025-07-05,Correctiva,20.9,2,Sensor/instrumento,7177.0
OT-005314,PAR-007007,PC-EQ-10,2025-04-05,Correctiva,3.6,3,Rodamiento,5190.0
OT-004171,PAR-005485,PC-EQ-05,2026-10-17,Correctiva,25.8,2,Sello mecánico,2233.0
OT-003537,PAR-004702,PC-EQ-04,2024-02-12,Preventiva,8.7,3,Faja/correa,256.0
OT-003293,PAR-004356,PC-EQ-02,2027-05-09,Correctiva,1.1,1,Faja/correa,1888.0
OT-005297,PAR-006983,PC-EQ-10,2025-01-17,Preventiva,11.3,3,Faja/correa,2439.0
OT-005076,PAR-006680,PC-EQ-09,2025-05-11,Preventiva,6.4,2,,1141.0
OT-004386,PAR-005755,PC-EQ-06,2025-08-06,Correctiva,8.9,2,Faja/correa,1856.0
OT-002897,PAR-003807,PC-EQ-01,2025-07-29,Preventiva,6.2,3,Motor eléctrico,66.0
OT-004234,PAR-005564,PC-EQ-05,2027-07-01,Correctiva,10.3,3,Ninguno (solo mano de obra),2413.0
OT-002916,PAR-003835,PC-EQ-01,2025-11-21,Preventiva,11.0,2,Faja/correa,663.0
OT-004193,PAR-005511,PC-EQ-05,2027-01-07,Correctiva,2.9,2,Sensor/instrumento,7051.0
OT-003930,PAR-005180,PC-EQ-05,2024-04-06,Correctiva,9.9,1,Sensor/instrumento,3789.0
OT-003582,PAR-004755,PC-EQ-04,2024-07-12,Correctiva,3.6,2,Ninguno (solo mano de obra),5355.0
OT-004953,PAR-006515,PC-EQ-08,2027-01-16,Correctiva,5.6,2,Ninguno (solo mano de obra),7321.0
OT-003107,PAR-004109,PC-EQ-02,2024-08-31,Preventiva,9.7,1,Ninguno (solo mano de obra),1904.0
OT-003189,PAR-004222,PC-EQ-02,2026-01-04,Correctiva,9.1,2,Ninguno (solo mano de obra),4020.0
OT-004804,PAR-006311,PC-EQ-08,2024-11-21,Correctiva,21.4,1,Faja/correa,7262.0
OT-003840,PAR-005071,PC-EQ-04,2027-04-12,Preventiva,10.7,3,Sensor/instrumento,193.0
OT-003085,PAR-004074,PC-EQ-02,2024-04-28,Preventiva,8.1,1,Sello mecánico,981.0
OT-002893,PAR-003802,PC-EQ-01,2025-06-27,Correctiva,18.0,3,Ninguno (solo mano de obra),7542.0
OT-003597,PAR-004775,PC-EQ-04,2024-08-31,Preventiva,6.2,2,Sensor/instrumento,1607.0
OT-003983,PAR-005244,PC-EQ-05,2024-10-19,Correctiva,15.5,2,Sensor/instrumento,281.0
OT-004475,PAR-005858,PC-EQ-06,2026-10-10,Correctiva,8.7,1,Motor eléctrico,7840.0
OT-003428,PAR-004544,PC-EQ-03,2025-11-26,Preventiva,10.1,1,Motor eléctrico,43.0
OT-004565,PAR-005980,PC-EQ-07,2024-04-15,Correctiva,15.9,3,Motor eléctrico,2948.0
OT-004515,PAR-005912,PC-EQ-06,2027-05-21,Preventiva,10.5,1,Faja/correa,1332.0
OT-005500,PAR-007250,PC-EQ-10,2027-11-09,Correctiva,15.5,1,Ninguno (solo mano de obra),4291.0
OT-002846,PAR-003741,PC-EQ-01,2024-09-30,Preventiva,6.8,1,Revestimiento (liner),2429.0
OT-005254,PAR-006929,PC-EQ-10,2024-06-08,Correctiva,17.9,1,,7406.0
OT-005379,PAR-007092,PC-EQ-10,2026-02-25,Correctiva,3.7,2,Sello mecánico,2556.0
OT-003017,PAR-003979,PC-EQ-01,2027-04-19,Preventiva,11.0,2,Faja/correa,130.0
OT-003339,PAR-004412,PC-EQ-03,2024-01-14,Preventiva,5.5,3,Motor eléctrico,615.0
OT-005145,PAR-006785,PC-EQ-09,2026-08-30,Correctiva,0.4,1,Sensor/instrumento,1488.0
OT-004699,PAR-006169,PC-EQ-07,2027-02-19,Correctiva,1.1,1,Motor eléctrico,905.0
OT-003280,PAR-004341,PC-EQ-02,2027-03-26,Correctiva,7.8,2,Motor eléctrico,544.0
OT-003674,PAR-004869,PC-EQ-04,2025-07-08,Preventiva,8.4,3,Rodamiento,1813.0
OT-003439,PAR-004564,PC-EQ-03,2026-02-02,Correctiva,0.6,1,Faja/correa,7300.0
OT-003148,PAR-004167,PC-EQ-02,2025-05-20,Preventiva,7.3,2,Motor eléctrico,845.0
OT-003229,PAR-004279,PC-EQ-02,2026-07-26,Correctiva,26.2,1,Sello mecánico,7924.0
OT-003059,PAR-004040,PC-EQ-01,2027-12-08,Preventiva,9.4,1,Sello mecánico,1531.0
OT-003100,PAR-004100,PC-EQ-02,2024-07-26,Preventiva,9.5,3,Faja/correa,1988.0
OT-003282,PAR-004343,PC-EQ-02,2027-03-31,Preventiva,10.3,3,Ninguno (solo mano de obra),1913.0
OT-003970,PAR-005228,PC-EQ-05,2024-08-28,Correctiva,16.3,1,Sensor/instrumento,3073.0
OT-003877,PAR-005116,PC-EQ-04,2027-08-13,Correctiva,5.7,2,Rodamiento,5395.0
OT-003697,PAR-004894,PC-EQ-04,2025-09-19,Preventiva,7.2,3,Sello mecánico,1329.0
OT-004893,PAR-006423,PC-EQ-08,2026-02-05,Preventiva,5.3,1,Ninguno (solo mano de obra),812.0
OT-004592,PAR-006011,PC-EQ-07,2024-10-19,Correctiva,4.5,3,Sello mecánico,4895.0
OT-003665,PAR-004858,PC-EQ-04,2025-05-27,Correctiva,4.2,3,Ninguno (solo mano de obra),2431.0
OT-004465,PAR-005848,PC-EQ-06,2026-08-18,Correctiva,3.6,3,Ninguno (solo mano de obra),5445.0
OT-004380,PAR-005745,PC-EQ-06,2025-06-30,Preventiva,8.1,2,Faja/correa,1831.0
OT-003127,PAR-004136,PC-EQ-02,2025-01-02,Correctiva,14.0,3,Sello mecánico,7680.0
OT-004368,PAR-005724,PC-EQ-06,2025-03-31,Correctiva,2.5,3,Revestimiento (liner),3094.0
OT-002938,PAR-003870,PC-EQ-01,2026-03-04,Correctiva,6.9,1,Ninguno (solo mano de obra),5358.0
OT-003005,PAR-003963,PC-EQ-01,2027-03-10,Correctiva,29.1,1,Sensor/instrumento,1796.0
OT-002803,PAR-003686,PC-EQ-01,2024-01-22,Preventiva,8.7,2,Motor eléctrico,1228.0
OT-003738,PAR-004947,PC-EQ-04,2026-03-03,Preventiva,7.3,3,Ninguno (solo mano de obra),2163.0
OT-004837,PAR-006351,PC-EQ-08,2025-04-20,Correctiva,0.7,1,Revestimiento (liner),4951.0
OT-004753,PAR-006244,PC-EQ-08,2024-02-18,Correctiva,2.2,2,Rodamiento,4140.0
OT-004272,PAR-005607,PC-EQ-05,2027-11-20,Correctiva,5.0,3,Sensor/instrumento,6621.0
OT-004011,PAR-005287,PC-EQ-05,2025-03-06,Preventiva,5.4,3,Rodamiento,366.0
OT-003712,PAR-004912,PC-EQ-04,2025-11-27,Correctiva,21.4,3,Faja/correa,3690.0
OT-005024,PAR-006606,PC-EQ-09,2024-03-02,Preventiva,8.8,1,Revestimiento (liner),915.0
OT-005486,PAR-007233,PC-EQ-10,2027-09-08,Correctiva,6.8,2,Sello mecánico,7120.0
OT-003104,PAR-004106,PC-EQ-02,2024-08-18,Correctiva,11.7,1,Ninguno (solo mano de obra),525.0
OT-004994,PAR-006570,PC-EQ-08,2027-09-14,Correctiva,9.1,3,,1828.0
OT-003007,PAR-003965,PC-EQ-01,2027-03-16,Correctiva,10.6,1,Ninguno (solo mano de obra),6186.0
OT-002809,PAR-003692,PC-EQ-01,2024-02-26,Correctiva,6.4,3,Motor eléctrico,4496.0
OT-004558,PAR-005971,PC-EQ-07,2024-02-17,Correctiva,3.3,2,Sello mecánico,1970.0
OT-003650,PAR-004840,PC-EQ-04,2025-03-29,Preventiva,5.4,1,Sensor/instrumento,1886.0
OT-004191,PAR-005508,PC-EQ-05,2026-12-30,Preventiva,7.9,1,Motor eléctrico,78.0
OT-003421,PAR-004528,PC-EQ-03,2025-10-03,Correctiva,6.4,3,Sello mecánico,5971.0
OT-003924,PAR-005174,PC-EQ-05,2024-03-16,Preventiva,6.6,2,,1628.0
OT-004849,PAR-006365,PC-EQ-08,2025-06-18,Correctiva,23.0,3,Faja/correa,2153.0
OT-004284,PAR-005621,PC-EQ-05,2027-12-29,Correctiva,5.5,3,Motor eléctrico,1473.0
OT-004821,PAR-006334,PC-EQ-08,2025-03-10,Correctiva,4.9,1,Rodamiento,189.0
OT-003235,PAR-004286,PC-EQ-02,2026-08-25,Correctiva,1.4,3,Sensor/instrumento,6489.0
OT-003934,PAR-005185,PC-EQ-05,2024-04-22,Correctiva,19.1,3,Sensor/instrumento,2096.0
OT-005494,PAR-007244,PC-EQ-10,2027-10-27,Correctiva,4.5,3,Faja/correa,810.0
OT-003733,PAR-004937,PC-EQ-04,2026-02-07,Correctiva,20.3,2,Ninguno (solo mano de obra),6445.0
OT-004532,PAR-005932,PC-EQ-06,2027-08-20,Correctiva,7.7,2,Sello mecánico,2747.0
OT-003523,PAR-004685,PC-EQ-03,2027-12-06,Correctiva,5.2,3,Ninguno (solo mano de obra),4303.0
OT-003662,PAR-004853,PC-EQ-04,2025-05-10,Correctiva,31.1,3,Ninguno (solo mano de obra),4071.0
OT-004888,PAR-006416,PC-EQ-08,2026-01-02,Correctiva,12.6,3,Sello mecánico,2385.0
OT-004971,PAR-006536,PC-EQ-08,2027-04-03,Correctiva,5.0,3,,2431.0
OT-005279,PAR-006958,PC-EQ-10,2024-09-29,Preventiva,7.3,2,Ninguno (solo mano de obra),152.0
OT-004453,PAR-005833,PC-EQ-06,2026-06-24,Preventiva,10.6,1,Revestimiento (liner),1004.0
OT-003312,PAR-004381,PC-EQ-02,2027-09-10,Preventiva,12.1,3,Ninguno (solo mano de obra),838.0
OT-003994,PAR-005262,PC-EQ-05,2024-12-15,Correctiva,8.4,2,Revestimiento (liner),3217.0
OT-003710,PAR-004910,PC-EQ-04,2025-11-14,Correctiva,6.3,1,Sensor/instrumento,3519.0
OT-004781,PAR-006281,PC-EQ-08,2024-07-12,Correctiva,10.7,1,Rodamiento,5234.0
OT-003140,PAR-004155,PC-EQ-02,2025-03-26,Correctiva,3.6,2,Sensor/instrumento,5888.0
OT-005174,PAR-006818,PC-EQ-09,2027-02-11,Correctiva,0.6,1,Rodamiento,2189.0
OT-003371,PAR-004457,PC-EQ-03,2024-09-12,Correctiva,3.4,3,Rodamiento,260.0
OT-004927,PAR-006472,PC-EQ-08,2026-08-28,Correctiva,14.7,1,Sello mecánico,1175.0
OT-004088,PAR-005382,PC-EQ-05,2026-01-03,Correctiva,6.1,3,Sensor/instrumento,3561.0
OT-005268,PAR-006945,PC-EQ-10,2024-08-14,Correctiva,4.8,3,Revestimiento (liner),3050.0
OT-005119,PAR-006749,PC-EQ-09,2026-03-23,Correctiva,8.0,1,Faja/correa,4515.0
OT-003842,PAR-005074,PC-EQ-04,2027-04-20,Correctiva,4.3,3,Sello mecánico,2999.0
OT-005100,PAR-006717,PC-EQ-09,2025-11-03,Preventiva,12.5,3,Ninguno (solo mano de obra),817.0
OT-003681,PAR-004876,PC-EQ-04,2025-07-23,Correctiva,7.5,3,Rodamiento,2643.0
OT-005481,PAR-007227,PC-EQ-10,2027-08-04,Correctiva,18.0,1,Rodamiento,4326.0
OT-004754,PAR-006245,PC-EQ-08,2024-02-25,Correctiva,24.0,1,Motor eléctrico,2690.0
OT-003411,PAR-004517,PC-EQ-03,2025-07-30,Preventiva,7.9,3,Rodamiento,1304.0
OT-002983,PAR-003935,PC-EQ-01,2026-11-08,Preventiva,6.9,3,Sello mecánico,502.0
OT-002802,PAR-003685,PC-EQ-01,2024-01-18,Correctiva,7.8,3,Sensor/instrumento,4609.0
OT-003893,PAR-005136,PC-EQ-04,2027-10-21,Correctiva,18.3,1,Sensor/instrumento,3760.0
OT-004056,PAR-005339,PC-EQ-05,2025-08-24,Correctiva,10.7,1,Motor eléctrico,1975.0
OT-002910,PAR-003828,PC-EQ-01,2025-10-27,Correctiva,3.5,2,Motor eléctrico,6660.0
OT-003247,PAR-004298,PC-EQ-02,2026-10-03,Correctiva,2.9,1,Revestimiento (liner),7974.0
OT-005325,PAR-007021,PC-EQ-10,2025-05-23,Preventiva,7.3,1,Motor eléctrico,410.0
OT-004944,PAR-006494,PC-EQ-08,2026-11-06,Correctiva,4.9,3,Revestimiento (liner),2740.0
OT-003579,PAR-004752,PC-EQ-04,2024-07-09,Correctiva,0.5,1,Sensor/instrumento,1306.0
OT-003011,PAR-003970,PC-EQ-01,2027-03-26,Correctiva,4.1,1,Motor eléctrico,588.0
OT-004884,PAR-006411,PC-EQ-08,2025-12-20,Correctiva,15.0,3,Sello mecánico,5548.0
OT-004557,PAR-005970,PC-EQ-07,2024-02-14,Preventiva,4.0,3,Motor eléctrico,663.0
OT-004742,PAR-006227,PC-EQ-07,2027-12-11,Correctiva,21.8,3,Sensor/instrumento,7231.0
OT-005425,PAR-007156,PC-EQ-10,2026-10-15,Correctiva,16.6,3,Ninguno (solo mano de obra),6818.0
OT-004700,PAR-006171,PC-EQ-07,2027-02-23,Correctiva,1.4,2,Sensor/instrumento,7162.0
OT-003123,PAR-004130,PC-EQ-02,2024-12-01,Preventiva,6.5,3,Rodamiento,1167.0
OT-004997,PAR-006573,PC-EQ-08,2027-09-21,Correctiva,27.4,1,Rodamiento,3430.0
OT-003488,PAR-004631,PC-EQ-03,2027-01-19,Correctiva,19.7,3,Sello mecánico,4088.0
OT-004891,PAR-006420,PC-EQ-08,2026-01-24,Correctiva,12.1,3,Rodamiento,7639.0
OT-004847,PAR-006363,PC-EQ-08,2025-06-07,Correctiva,0.7,1,Ninguno (solo mano de obra),5110.0
OT-003675,PAR-004870,PC-EQ-04,2025-07-13,Correctiva,2.0,1,Revestimiento (liner),4310.0
OT-005067,PAR-006667,PC-EQ-09,2025-03-03,Preventiva,9.3,1,Sensor/instrumento,493.0
OT-003782,PAR-004997,PC-EQ-04,2026-08-12,Preventiva,7.1,2,Ninguno (solo mano de obra),1721.0
OT-004295,PAR-005634,PC-EQ-06,2024-02-08,Preventiva,13.4,1,Ninguno (solo mano de obra),1577.0
OT-004116,PAR-005418,PC-EQ-05,2026-04-01,Correctiva,19.5,1,Sello mecánico,1633.0
OT-003526,PAR-004689,PC-EQ-03,2027-12-17,Preventiva,11.9,3,Faja/correa,2323.0
OT-003554,PAR-004722,PC-EQ-04,2024-04-10,Correctiva,12.6,2,Motor eléctrico,5992.0
OT-002937,PAR-003869,PC-EQ-01,2026-02-28,Correctiva,5.6,3,Sello mecánico,120.0
OT-004859,PAR-006378,PC-EQ-08,2025-08-14,Preventiva,8.3,3,Revestimiento (liner),1983.0
OT-005257,PAR-006932,PC-EQ-10,2024-07-07,Preventiva,10.0,3,Motor eléctrico,2117.0
OT-005367,PAR-007077,PC-EQ-10,2025-12-15,Correctiva,6.1,2,Rodamiento,1000.0
OT-003493,PAR-004640,PC-EQ-03,2027-03-25,Correctiva,2.9,1,Motor eléctrico,6411.0
OT-005505,PAR-007257,PC-EQ-10,2027-12-12,Correctiva,3.7,1,Faja/correa,7627.0
OT-005395,PAR-007116,PC-EQ-10,2026-05-19,Correctiva,13.2,3,Ninguno (solo mano de obra),6306.0
OT-005357,PAR-007063,PC-EQ-10,2025-10-16,Preventiva,4.8,1,Revestimiento (liner),1595.0
OT-005398,PAR-007120,PC-EQ-10,2026-06-02,Correctiva,3.2,2,Faja/correa,1394.0
OT-005215,PAR-006872,PC-EQ-09,2027-11-16,Correctiva,1.8,3,Rodamiento,1765.0
OT-004503,PAR-005896,PC-EQ-06,2027-03-02,Correctiva,13.6,2,,1967.0
OT-003682,PAR-004877,PC-EQ-04,2025-07-24,Correctiva,3.2,3,Faja/correa,4745.0
OT-004996,PAR-006572,PC-EQ-08,2027-09-20,Correctiva,7.5,3,Sello mecánico,445.0
OT-004379,PAR-005743,PC-EQ-06,2025-06-16,Preventiva,6.0,1,Ninguno (solo mano de obra),614.0
OT-004905,PAR-006441,PC-EQ-08,2026-04-21,Correctiva,16.7,3,Rodamiento,6545.0
OT-003958,PAR-005216,PC-EQ-05,2024-07-24,Correctiva,5.9,1,Revestimiento (liner),7424.0
OT-003548,PAR-004716,PC-EQ-04,2024-04-01,Correctiva,2.7,2,Ninguno (solo mano de obra),2647.0
OT-003452,PAR-004581,PC-EQ-03,2026-05-06,Correctiva,4.1,2,Sensor/instrumento,2711.0
OT-004513,PAR-005909,PC-EQ-06,2027-04-30,Preventiva,7.4,1,Revestimiento (liner),487.0
OT-003141,PAR-004156,PC-EQ-02,2025-04-04,Correctiva,6.8,1,Rodamiento,6071.0
OT-002944,PAR-003879,PC-EQ-01,2026-03-27,Correctiva,12.9,1,Sensor/instrumento,5148.0
OT-002872,PAR-003775,PC-EQ-01,2025-02-17,Correctiva,2.3,1,Sensor/instrumento,1873.0
OT-004177,PAR-005491,PC-EQ-05,2026-11-04,Preventiva,12.7,3,Rodamiento,1389.0
OT-002915,PAR-003834,PC-EQ-01,2025-11-11,Correctiva,0.7,2,Revestimiento (liner),3343.0
OT-005311,PAR-007003,PC-EQ-10,2025-03-24,Correctiva,1.8,3,Motor eléctrico,4464.0
OT-004584,PAR-006002,PC-EQ-07,2024-09-14,Correctiva,6.9,1,Revestimiento (liner),4288.0
OT-003999,PAR-005268,PC-EQ-05,2024-12-22,Correctiva,1.4,1,Faja/correa,1949.0
OT-003380,PAR-004469,PC-EQ-03,2024-11-28,Correctiva,9.4,2,Revestimiento (liner),4533.0
OT-003799,PAR-005021,PC-EQ-04,2026-10-20,Correctiva,3.0,1,Faja/correa,616.0
OT-004603,PAR-006026,PC-EQ-07,2025-01-19,Correctiva,0.8,2,Revestimiento (liner),4476.0
OT-003352,PAR-004430,PC-EQ-03,2024-04-10,Correctiva,10.5,1,Rodamiento,7003.0
OT-003538,PAR-004703,PC-EQ-04,2024-02-13,Correctiva,12.3,3,Faja/correa,5936.0
OT-003677,PAR-004872,PC-EQ-04,2025-07-17,Correctiva,12.3,3,Motor eléctrico,7847.0
OT-005172,PAR-006815,PC-EQ-09,2027-02-02,Preventiva,5.9,3,Sello mecánico,1150.0
OT-002961,PAR-003903,PC-EQ-01,2026-07-06,Correctiva,4.9,2,Motor eléctrico,1970.0
OT-003431,PAR-004550,PC-EQ-03,2025-12-10,Preventiva,6.1,2,Faja/correa,490.0
OT-003820,PAR-005048,PC-EQ-04,2027-01-15,Correctiva,29.0,3,Sensor/instrumento,265.0
OT-003928,PAR-005178,PC-EQ-05,2024-03-31,Correctiva,6.3,2,Sello mecánico,3921.0
OT-005186,PAR-006831,PC-EQ-09,2027-05-14,Correctiva,0.5,1,Sello mecánico,1167.0
OT-004089,PAR-005383,PC-EQ-05,2026-01-04,Correctiva,12.6,3,Sello mecánico,62.0
OT-004924,PAR-006465,PC-EQ-08,2026-08-03,Correctiva,2.8,1,Revestimiento (liner),3360.0
OT-004704,PAR-006176,PC-EQ-07,2027-03-30,Correctiva,1.8,2,Revestimiento (liner),6838.0
OT-005017,PAR-006599,PC-EQ-08,2027-12-22,Correctiva,8.0,1,Ninguno (solo mano de obra),5487.0
OT-003416,PAR-004522,PC-EQ-03,2025-08-15,Correctiva,14.2,3,Rodamiento,5646.0
OT-005458,PAR-007198,PC-EQ-10,2027-04-16,Correctiva,4.9,1,Revestimiento (liner),5086.0
OT-003817,PAR-005045,PC-EQ-04,2026-12-23,Preventiva,4.1,2,Ninguno (solo mano de obra),2188.0
OT-003077,PAR-004062,PC-EQ-02,2024-03-04,Preventiva,13.2,2,Ninguno (solo mano de obra),592.0
OT-002852,PAR-003750,PC-EQ-01,2024-11-09,Correctiva,4.4,2,Sensor/instrumento,6302.0
OT-003596,PAR-004773,PC-EQ-04,2024-08-29,Correctiva,11.9,1,Revestimiento (liner),7670.0
OT-004020,PAR-005297,PC-EQ-05,2025-04-08,Correctiva,5.2,3,Ninguno (solo mano de obra),3777.0
OT-005277,PAR-006956,PC-EQ-10,2024-09-21,Correctiva,15.6,3,Rodamiento,2072.0
OT-003730,PAR-004933,PC-EQ-04,2026-01-28,Correctiva,8.6,1,Ninguno (solo mano de obra),1768.0
OT-005355,PAR-007059,PC-EQ-10,2025-10-02,Preventiva,5.5,3,Motor eléctrico,1406.0
OT-005259,PAR-006934,PC-EQ-10,2024-07-11,Correctiva,4.1,1,Motor eléctrico,2323.0
OT-004170,PAR-005484,PC-EQ-05,2026-10-15,Preventiva,6.8,3,Faja/correa,427.0
OT-003459,PAR-004595,PC-EQ-03,2026-07-07,Preventiva,8.8,3,Motor eléctrico,2070.0
OT-005195,PAR-006842,PC-EQ-09,2027-06-10,Correctiva,5.7,1,Sello mecánico,3061.0
OT-003260,PAR-004312,PC-EQ-02,2026-12-07,Correctiva,12.4,3,Sello mecánico,6986.0
OT-004886,PAR-006413,PC-EQ-08,2025-12-27,Correctiva,27.5,3,Sensor/instrumento,4681.0
OT-003768,PAR-004982,PC-EQ-04,2026-06-28,Correctiva,7.4,3,Faja/correa,2999.0
OT-004867,PAR-006390,PC-EQ-08,2025-09-14,Correctiva,2.8,2,Ninguno (solo mano de obra),4371.0
OT-004573,PAR-005989,PC-EQ-07,2024-06-17,Preventiva,7.8,2,Revestimiento (liner),1643.0
OT-004183,PAR-005500,PC-EQ-05,2026-11-27,Correctiva,12.8,2,Faja/correa,60.0
OT-002890,PAR-003799,PC-EQ-01,2025-05-29,Correctiva,4.9,3,,6768.0
OT-003522,PAR-004684,PC-EQ-03,2027-12-02,Preventiva,6.9,1,Rodamiento,1934.0
OT-004938,PAR-006488,PC-EQ-08,2026-10-12,Correctiva,4.8,1,Sello mecánico,264.0
OT-005418,PAR-007147,PC-EQ-10,2026-09-08,Correctiva,3.2,2,Revestimiento (liner),1768.0
OT-003821,PAR-005049,PC-EQ-04,2027-01-16,Correctiva,0.6,2,Sello mecánico,5389.0
OT-005114,PAR-006739,PC-EQ-09,2026-02-05,Preventiva,7.2,2,Sello mecánico,2088.0
OT-004197,PAR-005515,PC-EQ-05,2027-01-19,Correctiva,9.7,3,Rodamiento,4307.0
OT-004976,PAR-006545,PC-EQ-08,2027-05-19,Correctiva,3.2,3,Faja/correa,7042.0
OT-005361,PAR-007068,PC-EQ-10,2025-11-08,Preventiva,8.5,2,Revestimiento (liner),1124.0
OT-003063,PAR-004045,PC-EQ-02,2024-01-13,Correctiva,11.2,3,Motor eléctrico,4084.0
OT-003353,PAR-004431,PC-EQ-03,2024-04-21,Preventiva,7.8,2,Ninguno (solo mano de obra),2353.0
OT-005098,PAR-006712,PC-EQ-09,2025-10-20,Correctiva,6.3,2,Sello mecánico,7144.0
OT-004973,PAR-006539,PC-EQ-08,2027-04-13,Correctiva,6.6,1,Revestimiento (liner),4859.0
OT-003759,PAR-004972,PC-EQ-04,2026-06-01,Correctiva,26.7,2,Sello mecánico,2484.0
OT-003990,PAR-005256,PC-EQ-05,2024-12-01,Correctiva,18.9,1,Sello mecánico,1132.0
OT-003836,PAR-005067,PC-EQ-04,2027-04-03,Correctiva,7.1,3,Rodamiento,2482.0
OT-003025,PAR-003992,PC-EQ-01,2027-06-21,Correctiva,5.0,3,Ninguno (solo mano de obra),6413.0
OT-004823,PAR-006336,PC-EQ-08,2025-03-15,Correctiva,1.8,3,Revestimiento (liner),7524.0
OT-004634,PAR-006073,PC-EQ-07,2025-10-10,Preventiva,11.7,3,Sello mecánico,369.0
OT-005101,PAR-006718,PC-EQ-09,2025-11-03,Correctiva,3.2,2,Rodamiento,4495.0
OT-004678,PAR-006137,PC-EQ-07,2026-10-11,Preventiva,5.6,1,Sensor/instrumento,428.0
OT-002856,PAR-003756,PC-EQ-01,2024-12-02,Correctiva,0.4,1,Ninguno (solo mano de obra),399.0
OT-005028,PAR-006611,PC-EQ-09,2024-04-13,Correctiva,3.5,2,Sensor/instrumento,6135.0
OT-004510,PAR-005906,PC-EQ-06,2027-04-15,Preventiva,6.0,3,Sensor/instrumento,1369.0
OT-004549,PAR-005957,PC-EQ-06,2027-11-23,Preventiva,11.3,1,Ninguno (solo mano de obra),2420.0
OT-003124,PAR-004131,PC-EQ-02,2024-12-13,Correctiva,15.2,1,Revestimiento (liner),1238.0
OT-004808,PAR-006317,PC-EQ-08,2024-12-10,Preventiva,6.5,2,Rodamiento,2297.0
OT-005315,PAR-007008,PC-EQ-10,2025-04-12,Correctiva,1.7,2,Rodamiento,2300.0
OT-005292,PAR-006977,PC-EQ-10,2024-12-11,Correctiva,0.6,2,Revestimiento (liner),7234.0
OT-004325,PAR-005669,PC-EQ-06,2024-07-18,Correctiva,9.6,1,Sensor/instrumento,1946.0
OT-005408,PAR-007131,PC-EQ-10,2026-07-11,Correctiva,4.4,1,Revestimiento (liner),2721.0
OT-004136,PAR-005444,PC-EQ-05,2026-06-03,Correctiva,8.4,1,Sello mecánico,208.0
OT-003506,PAR-004660,PC-EQ-03,2027-07-26,Preventiva,6.2,3,Faja/correa,1491.0
OT-004158,PAR-005472,PC-EQ-05,2026-08-22,Correctiva,2.5,3,Rodamiento,6441.0
OT-002972,PAR-003917,PC-EQ-01,2026-09-03,Correctiva,4.2,1,Revestimiento (liner),345.0
OT-005416,PAR-007145,PC-EQ-10,2026-09-01,Correctiva,3.2,3,Sensor/instrumento,6869.0
OT-003927,PAR-005177,PC-EQ-05,2024-03-30,Correctiva,17.8,2,Faja/correa,388.0
OT-003602,PAR-004780,PC-EQ-04,2024-09-22,Preventiva,5.1,2,Sensor/instrumento,384.0
OT-004037,PAR-005317,PC-EQ-05,2025-06-25,Correctiva,1.1,2,Sensor/instrumento,5546.0
OT-003649,PAR-004839,PC-EQ-04,2025-03-23,Correctiva,0.6,1,Revestimiento (liner),4206.0
OT-004052,PAR-005335,PC-EQ-05,2025-08-09,Correctiva,8.3,3,Sello mecánico,3333.0
OT-003866,PAR-005103,PC-EQ-04,2027-07-11,Correctiva,16.6,2,Ninguno (solo mano de obra),39.0
OT-003347,PAR-004421,PC-EQ-03,2024-02-18,Preventiva,7.2,3,Rodamiento,1128.0
OT-005499,PAR-007249,PC-EQ-10,2027-11-07,Correctiva,1.1,3,Sello mecánico,1047.0
OT-004890,PAR-006419,PC-EQ-08,2026-01-19,Correctiva,27.0,1,Rodamiento,1300.0
OT-003728,PAR-004931,PC-EQ-04,2026-01-10,Correctiva,4.8,1,Motor eléctrico,2731.0
OT-004262,PAR-005597,PC-EQ-05,2027-10-07,Correctiva,17.3,3,Rodamiento,4800.0
OT-004876,PAR-006400,PC-EQ-08,2025-10-29,Correctiva,0.6,3,Ninguno (solo mano de obra),928.0
OT-005412,PAR-007136,PC-EQ-10,2026-07-29,Correctiva,16.2,3,Faja/correa,6803.0
OT-004025,PAR-005303,PC-EQ-05,2025-04-25,Correctiva,4.8,2,Rodamiento,39.0
OT-003773,PAR-004987,PC-EQ-04,2026-07-10,Correctiva,26.3,2,Ninguno (solo mano de obra),1196.0
OT-004273,PAR-005608,PC-EQ-05,2027-11-21,Correctiva,3.9,3,Sello mecánico,3430.0
OT-004970,PAR-006534,PC-EQ-08,2027-03-28,Preventiva,9.8,1,Revestimiento (liner),765.0
OT-002945,PAR-003880,PC-EQ-01,2026-03-29,Correctiva,1.7,2,Sello mecánico,6890.0
OT-004982,PAR-006552,PC-EQ-08,2027-06-13,Preventiva,12.3,1,Revestimiento (liner),1927.0
OT-003659,PAR-004850,PC-EQ-04,2025-05-04,Correctiva,5.1,2,Ninguno (solo mano de obra),2730.0
OT-004486,PAR-005869,PC-EQ-06,2026-12-11,Preventiva,7.3,2,Ninguno (solo mano de obra),1386.0
OT-003484,PAR-004626,PC-EQ-03,2027-01-01,Preventiva,8.6,1,Revestimiento (liner),579.0
OT-004506,PAR-005901,PC-EQ-06,2027-03-30,Correctiva,6.2,1,Faja/correa,6176.0
OT-002957,PAR-003897,PC-EQ-01,2026-06-12,Correctiva,29.6,3,Sello mecánico,963.0
OT-003508,PAR-004663,PC-EQ-03,2027-08-13,Correctiva,2.9,3,Revestimiento (liner),6034.0
OT-003348,PAR-004423,PC-EQ-03,2024-03-03,Preventiva,9.8,2,Ninguno (solo mano de obra),2495.0
OT-002858,PAR-003758,PC-EQ-01,2024-12-13,Correctiva,8.7,3,Motor eléctrico,5962.0
OT-004958,PAR-006520,PC-EQ-08,2027-02-03,Preventiva,6.3,2,Revestimiento (liner),826.0
OT-004868,PAR-006391,PC-EQ-08,2025-09-17,Correctiva,17.0,2,Motor eléctrico,3205.0
OT-005470,PAR-007213,PC-EQ-10,2027-06-17,Correctiva,16.8,1,Faja/correa,821.0
OT-004499,PAR-005888,PC-EQ-06,2027-01-29,Preventiva,5.3,3,Faja/correa,91.0
OT-004423,PAR-005797,PC-EQ-06,2026-02-07,Correctiva,14.3,2,Faja/correa,2226.0
OT-005394,PAR-007115,PC-EQ-10,2026-05-16,Preventiva,11.8,3,Rodamiento,469.0
OT-004935,PAR-006481,PC-EQ-08,2026-10-01,Correctiva,14.9,1,Rodamiento,1540.0
OT-003709,PAR-004909,PC-EQ-04,2025-11-14,Preventiva,4.1,2,Sello mecánico,324.0
OT-002880,PAR-003787,PC-EQ-01,2025-03-30,Correctiva,17.3,2,Revestimiento (liner),7936.0
OT-005125,PAR-006755,PC-EQ-09,2026-04-18,Correctiva,4.2,2,Ninguno (solo mano de obra),6570.0
OT-003408,PAR-004513,PC-EQ-03,2025-07-13,Preventiva,5.8,1,Motor eléctrico,681.0
OT-003505,PAR-004657,PC-EQ-03,2027-07-09,Preventiva,6.9,2,Ninguno (solo mano de obra),2301.0
OT-003425,PAR-004538,PC-EQ-03,2025-11-11,Preventiva,7.2,3,Sensor/instrumento,43.0
OT-003200,PAR-004238,PC-EQ-02,2026-02-09,Correctiva,5.8,1,Sello mecánico,7120.0
OT-003231,PAR-004281,PC-EQ-02,2026-08-01,Correctiva,13.4,1,Sello mecánico,864.0
OT-003864,PAR-005100,PC-EQ-04,2027-07-06,Correctiva,1.0,1,Motor eléctrico,2121.0
OT-003152,PAR-004173,PC-EQ-02,2025-06-09,Correctiva,5.5,1,Revestimiento (liner),3219.0
OT-005415,PAR-007140,PC-EQ-10,2026-08-16,Preventiva,3.9,1,Faja/correa,1513.0
OT-003394,PAR-004493,PC-EQ-03,2025-04-03,Correctiva,2.0,3,Motor eléctrico,7968.0
OT-003882,PAR-005123,PC-EQ-04,2027-09-07,Correctiva,5.7,1,Ninguno (solo mano de obra),351.0
OT-004832,PAR-006346,PC-EQ-08,2025-04-11,Correctiva,21.8,1,Revestimiento (liner),346.0
OT-004672,PAR-006123,PC-EQ-07,2026-07-13,Correctiva,10.0,2,Rodamiento,4503.0
OT-003891,PAR-005134,PC-EQ-04,2027-10-18,Correctiva,16.5,2,Revestimiento (liner),910.0
OT-005508,PAR-007261,PC-EQ-10,2027-12-25,Correctiva,5.5,3,Revestimiento (liner),5370.0
OT-005211,PAR-006863,PC-EQ-09,2027-10-02,Correctiva,1.7,3,Revestimiento (liner),4872.0
OT-004594,PAR-006014,PC-EQ-07,2024-10-24,Correctiva,21.4,2,Motor eléctrico,5378.0
OT-003391,PAR-004487,PC-EQ-03,2025-02-20,Correctiva,16.1,1,Sensor/instrumento,4222.0
OT-005158,PAR-006799,PC-EQ-09,2026-11-03,Correctiva,0.6,2,Sello mecánico,7394.0
OT-005210,PAR-006862,PC-EQ-09,2027-10-01,Preventiva,7.0,2,Sello mecánico,751.0
OT-004042,PAR-005322,PC-EQ-05,2025-07-06,Correctiva,14.5,1,Faja/correa,3673.0
OT-003495,PAR-004642,PC-EQ-03,2027-04-04,Correctiva,1.2,1,Ninguno (solo mano de obra),1288.0
OT-003989,PAR-005255,PC-EQ-05,2024-11-30,Correctiva,11.7,2,Sensor/instrumento,423.0
OT-003985,PAR-005250,PC-EQ-05,2024-11-12,Preventiva,5.1,2,Rodamiento,2308.0
OT-005188,PAR-006834,PC-EQ-09,2027-05-21,Preventiva,5.7,2,Sello mecánico,575.0
OT-003753,PAR-004964,PC-EQ-04,2026-05-12,Correctiva,3.8,2,Revestimiento (liner),2841.0
OT-004005,PAR-005277,PC-EQ-05,2025-02-01,Correctiva,3.0,1,Sello mecánico,6077.0
OT-003534,PAR-004698,PC-EQ-04,2024-02-02,Correctiva,10.3,1,Motor eléctrico,6564.0
OT-005411,PAR-007135,PC-EQ-10,2026-07-25,Correctiva,25.8,1,Faja/correa,2278.0
OT-004547,PAR-005954,PC-EQ-06,2027-11-18,Correctiva,2.8,3,Sensor/instrumento,3800.0
OT-005068,PAR-006668,PC-EQ-09,2025-03-22,Preventiva,7.4,2,Rodamiento,1111.0
OT-004677,PAR-006136,PC-EQ-07,2026-09-25,Preventiva,6.3,2,Faja/correa,1848.0
OT-002827,PAR-003712,PC-EQ-01,2024-06-06,Preventiva,6.4,3,Ninguno (solo mano de obra),1746.0
OT-003661,PAR-004852,PC-EQ-04,2025-05-09,Preventiva,11.9,3,Sello mecánico,1601.0
OT-004653,PAR-006095,PC-EQ-07,2026-01-15,Correctiva,6.0,3,Faja/correa,7888.0
OT-004185,PAR-005502,PC-EQ-05,2026-12-13,Correctiva,23.6,2,Ninguno (solo mano de obra),4471.0
OT-003089,PAR-004083,PC-EQ-02,2024-05-31,Preventiva,9.8,2,Revestimiento (liner),1319.0
OT-005250,PAR-006921,PC-EQ-10,2024-05-15,Correctiva,14.5,1,Ninguno (solo mano de obra),1740.0
OT-005025,PAR-006607,PC-EQ-09,2024-03-24,Preventiva,10.1,3,Rodamiento,1825.0
OT-004235,PAR-005565,PC-EQ-05,2027-07-04,Preventiva,5.8,2,Revestimiento (liner),1504.0
OT-004313,PAR-005656,PC-EQ-06,2024-05-19,Correctiva,24.6,1,Rodamiento,5588.0
OT-004783,PAR-006283,PC-EQ-08,2024-07-20,Correctiva,0.6,2,Motor eléctrico,994.0
OT-003178,PAR-004207,PC-EQ-02,2025-11-03,Correctiva,6.4,3,Rodamiento,689.0
OT-004731,PAR-006214,PC-EQ-07,2027-09-09,Correctiva,2.5,3,Ninguno (solo mano de obra),3292.0
OT-003684,PAR-004879,PC-EQ-04,2025-08-09,Preventiva,9.6,3,Sensor/instrumento,884.0
OT-005053,PAR-006649,PC-EQ-09,2024-11-22,Correctiva,2.4,2,Rodamiento,6253.0
OT-003027,PAR-003994,PC-EQ-01,2027-06-28,Preventiva,8.9,2,Sensor/instrumento,2155.0
OT-003904,PAR-005147,PC-EQ-04,2027-11-24,Correctiva,16.7,2,Rodamiento,5707.0
OT-003453,PAR-004583,PC-EQ-03,2026-05-07,Correctiva,3.5,3,Motor eléctrico,3563.0
OT-005018,PAR-006600,PC-EQ-08,2027-12-28,Correctiva,1.6,1,Motor eléctrico,6515.0
OT-003712,PAR-004912,PC-EQ-04,2025-11-27,Correctiva,21.4,3,Faja/correa,3690.0
OT-004366,PAR-005720,PC-EQ-06,2025-03-24,Correctiva,1.3,3,Motor eléctrico,2206.0
OT-005444,PAR-007181,PC-EQ-10,2027-01-24,Correctiva,8.2,3,Sello mecánico,6355.0
OT-004917,PAR-006455,PC-EQ-08,2026-06-22,Correctiva,7.4,3,Faja/correa,848.0
OT-003622,PAR-004804,PC-EQ-04,2024-12-07,Correctiva,2.6,2,,5862.0
OT-003336,PAR-004409,PC-EQ-03,2024-01-07,Correctiva,8.8,1,Rodamiento,7483.0
OT-005313,PAR-007006,PC-EQ-10,2025-04-03,Preventiva,5.6,1,Faja/correa,1299.0
OT-004359,PAR-005711,PC-EQ-06,2025-02-22,Preventiva,7.1,1,Revestimiento (liner),1424.0
OT-004965,PAR-006528,PC-EQ-08,2027-03-13,Preventiva,10.4,3,Rodamiento,1063.0
OT-005400,PAR-007122,PC-EQ-10,2026-06-05,Correctiva,7.7,3,Motor eléctrico,3128.0
OT-003226,PAR-004276,PC-EQ-02,2026-07-12,Correctiva,0.9,2,Sensor/instrumento,7232.0
OT-005282,PAR-006963,PC-EQ-10,2024-10-23,Correctiva,1.1,2,Ninguno (solo mano de obra),7430.0
OT-004843,PAR-006358,PC-EQ-08,2025-05-20,Correctiva,1.4,1,Ninguno (solo mano de obra),6993.0
OT-004845,PAR-006361,PC-EQ-08,2025-06-01,Correctiva,2.5,1,,5802.0
OT-005185,PAR-006830,PC-EQ-09,2027-05-09,Correctiva,11.6,2,Faja/correa,7543.0
OT-004495,PAR-005884,PC-EQ-06,2027-01-20,Correctiva,8.4,2,Sello mecánico,2906.0
OT-003533,PAR-004697,PC-EQ-04,2024-01-28,Preventiva,5.4,3,Motor eléctrico,711.0
OT-005430,PAR-007161,PC-EQ-10,2026-11-07,Correctiva,16.1,2,Revestimiento (liner),1054.0
OT-005141,PAR-006780,PC-EQ-09,2026-08-11,Correctiva,13.3,3,Ninguno (solo mano de obra),7109.0
OT-004231,PAR-005560,PC-EQ-05,2027-06-17,Preventiva,8.7,1,Sello mecánico,457.0
OT-004126,PAR-005429,PC-EQ-05,2026-04-25,Correctiva,0.6,1,Faja/correa,3459.0
OT-003194,PAR-004230,PC-EQ-02,2026-01-24,Preventiva,7.4,2,Ninguno (solo mano de obra),1672.0
OT-004625,PAR-006061,PC-EQ-07,2025-07-27,Correctiva,6.2,3,Sello mecánico,4366.0
OT-005320,PAR-007015,PC-EQ-10,2025-05-01,Preventiva,10.5,3,Revestimiento (liner),1961.0
OT-002850,PAR-003748,PC-EQ-01,2024-10-23,Preventiva,6.9,2,Ninguno (solo mano de obra),521.0
OT-005051,PAR-006647,PC-EQ-09,2024-11-16,Preventiva,9.3,1,Rodamiento,1935.0
OT-004640,PAR-006081,PC-EQ-07,2025-11-23,Preventiva,4.2,1,Sello mecánico,1601.0
OT-005007,PAR-006588,PC-EQ-08,2027-11-10,Preventiva,9.9,1,Revestimiento (liner),778.0
OT-003670,PAR-004863,PC-EQ-04,2025-06-14,Correctiva,4.8,1,Revestimiento (liner),2498.0
OT-004363,PAR-005717,PC-EQ-06,2025-03-10,Correctiva,18.9,3,Sensor/instrumento,3191.0
OT-004351,PAR-005702,PC-EQ-06,2024-12-15,Preventiva,7.6,3,Revestimiento (liner),1219.0
OT-003057,PAR-004036,PC-EQ-01,2027-11-24,Preventiva,11.3,3,Sensor/instrumento,223.0
OT-004392,PAR-005761,PC-EQ-06,2025-08-26,Preventiva,5.6,2,Rodamiento,2039.0
OT-003932,PAR-005182,PC-EQ-05,2024-04-09,Correctiva,0.4,3,Ninguno (solo mano de obra),7352.0
OT-003386,PAR-004477,PC-EQ-03,2025-01-13,Preventiva,4.7,1,Sello mecánico,630.0
OT-004578,PAR-005995,PC-EQ-07,2024-08-14,Preventiva,11.8,3,Sello mecánico,1349.0
OT-003342,PAR-004415,PC-EQ-03,2024-01-22,Correctiva,4.0,3,Sensor/instrumento,3173.0
OT-002817,PAR-003700,PC-EQ-01,2024-04-11,Correctiva,1.8,3,,3259.0
OT-004075,PAR-005366,PC-EQ-05,2025-11-24,Correctiva,23.6,3,Motor eléctrico,3197.0
OT-004844,PAR-006359,PC-EQ-08,2025-05-21,Correctiva,3.0,2,Rodamiento,7591.0
OT-003623,PAR-004805,PC-EQ-04,2024-12-13,Correctiva,14.0,1,Sello mecánico,2836.0
OT-005255,PAR-006930,PC-EQ-10,2024-06-20,Preventiva,7.1,3,Ninguno (solo mano de obra),246.0
OT-003012,PAR-003971,PC-EQ-01,2027-03-31,Correctiva,24.7,3,Faja/correa,891.0
OT-003393,PAR-004492,PC-EQ-03,2025-03-27,Preventiva,8.5,1,Sello mecánico,1412.0
OT-003237,PAR-004288,PC-EQ-02,2026-09-01,Correctiva,5.0,3,,6649.0
OT-005121,PAR-006751,PC-EQ-09,2026-04-01,Correctiva,2.4,3,Revestimiento (liner),6916.0
OT-004606,PAR-006032,PC-EQ-07,2025-02-13,Correctiva,1.4,2,Revestimiento (liner),5556.0
OT-003088,PAR-004080,PC-EQ-02,2024-05-18,Correctiva,14.9,1,Revestimiento (liner),7874.0
OT-004561,PAR-005974,PC-EQ-07,2024-03-10,Correctiva,2.9,1,Rodamiento,3348.0
OT-004583,PAR-006001,PC-EQ-07,2024-09-07,Correctiva,6.7,2,Faja/correa,5608.0
OT-004001,PAR-005270,PC-EQ-05,2025-01-06,Correctiva,28.0,3,Sensor/instrumento,4835.0
OT-004885,PAR-006412,PC-EQ-08,2025-12-25,Preventiva,7.8,1,Ninguno (solo mano de obra),1299.0
OT-002861,PAR-003762,PC-EQ-01,2025-01-01,Preventiva,8.6,2,Sensor/instrumento,2111.0
OT-003757,PAR-004969,PC-EQ-04,2026-05-24,Correctiva,18.5,1,Motor eléctrico,1392.0
OT-003392,PAR-004488,PC-EQ-03,2025-03-05,Preventiva,11.7,2,Motor eléctrico,1358.0
OT-004027,PAR-005306,PC-EQ-05,2025-05-05,Preventiva,7.7,2,Faja/correa,89.0
OT-003655,PAR-004846,PC-EQ-04,2025-04-08,Correctiva,1.3,3,Motor eléctrico,5655.0
OT-003673,PAR-004868,PC-EQ-04,2025-07-05,Correctiva,8.1,2,Sensor/instrumento,4748.0
OT-005048,PAR-006641,PC-EQ-09,2024-10-24,Preventiva,3.9,3,Motor eléctrico,1384.0
OT-004226,PAR-005555,PC-EQ-05,2027-05-25,Correctiva,16.9,1,Sello mecánico,4365.0
OT-004211,PAR-005533,PC-EQ-05,2027-04-02,Correctiva,11.6,2,Sensor/instrumento,6765.0
OT-003374,PAR-004461,PC-EQ-03,2024-09-29,Preventiva,10.5,2,Sello mecánico,1266.0
OT-004919,PAR-006458,PC-EQ-08,2026-07-09,Preventiva,4.5,3,Motor eléctrico,1486.0
OT-003370,PAR-004456,PC-EQ-03,2024-09-01,Preventiva,10.9,1,Ninguno (solo mano de obra),2014.0
OT-003781,PAR-004996,PC-EQ-04,2026-08-11,Correctiva,3.5,1,Ninguno (solo mano de obra),1744.0
OT-004646,PAR-006088,PC-EQ-07,2025-12-10,Preventiva,8.6,1,Faja/correa,195.0
OT-004153,PAR-005466,PC-EQ-05,2026-08-05,Correctiva,12.6,1,Revestimiento (liner),4316.0
OT-003318,PAR-004388,PC-EQ-02,2027-10-03,Correctiva,9.6,1,Faja/correa,7086.0
OT-005203,PAR-006855,PC-EQ-09,2027-08-25,Preventiva,6.5,2,Rodamiento,948.0
OT-004223,PAR-005552,PC-EQ-05,2027-05-19,Correctiva,18.2,1,Faja/correa,1071.0
OT-004395,PAR-005764,PC-EQ-06,2025-09-19,Correctiva,15.2,2,Ninguno (solo mano de obra),4851.0
OT-004523,PAR-005923,PC-EQ-06,2027-07-17,Correctiva,21.0,3,Faja/correa,5123.0
OT-002906,PAR-003823,PC-EQ-01,2025-09-22,Preventiva,11.0,3,Sensor/instrumento,1528.0
OT-005464,PAR-007206,PC-EQ-10,2027-05-08,Correctiva,4.5,1,Sello mecánico,2136.0
OT-003529,PAR-004693,PC-EQ-04,2024-01-13,Correctiva,17.4,3,Faja/correa,570.0
OT-004206,PAR-005527,PC-EQ-05,2027-02-26,Preventiva,5.9,3,Sello mecánico,1006.0
OT-004790,PAR-006290,PC-EQ-08,2024-08-12,Preventiva,3.7,2,Revestimiento (liner),293.0
OT-004955,PAR-006517,PC-EQ-08,2027-01-27,Correctiva,6.5,3,Revestimiento (liner),2826.0
OT-005332,PAR-007031,PC-EQ-10,2025-07-02,Correctiva,2.1,1,Motor eléctrico,6078.0
OT-004041,PAR-005321,PC-EQ-05,2025-07-05,Correctiva,6.9,3,Sensor/instrumento,4863.0
OT-003264,PAR-004316,PC-EQ-02,2026-12-24,Preventiva,5.7,2,Motor eléctrico,1523.0
OT-003448,PAR-004574,PC-EQ-03,2026-03-18,Preventiva,4.6,2,Motor eléctrico,1011.0
OT-003243,PAR-004294,PC-EQ-02,2026-09-20,Correctiva,19.9,3,Revestimiento (liner),4181.0
OT-004175,PAR-005489,PC-EQ-05,2026-10-31,Correctiva,31.3,1,Sensor/instrumento,1767.0
OT-003566,PAR-004735,PC-EQ-04,2024-05-12,Correctiva,19.8,1,Sello mecánico,6930.0
OT-004189,PAR-005506,PC-EQ-05,2026-12-19,Correctiva,10.5,1,Revestimiento (liner),432.0
OT-004871,PAR-006395,PC-EQ-08,2025-10-04,Preventiva,6.1,1,Motor eléctrico,531.0
OT-003853,PAR-005087,PC-EQ-04,2027-05-31,Preventiva,12.5,3,,802.0
OT-005227,PAR-006889,PC-EQ-10,2024-01-24,Correctiva,3.8,3,Sensor/instrumento,424.0
OT-004789,PAR-006289,PC-EQ-08,2024-08-06,Correctiva,2.8,1,Sello mecánico,4656.0
OT-003327,PAR-004400,PC-EQ-02,2027-11-22,Preventiva,9.3,2,Sensor/instrumento,731.0
OT-004111,PAR-005410,PC-EQ-05,2026-03-14,Correctiva,19.5,3,Sensor/instrumento,5087.0
OT-003058,PAR-004039,PC-EQ-01,2027-12-05,Correctiva,11.2,3,Motor eléctrico,1775.0
OT-004543,PAR-005947,PC-EQ-06,2027-10-17,Preventiva,6.8,3,Revestimiento (liner),1701.0
OT-004645,PAR-006087,PC-EQ-07,2025-12-08,Correctiva,0.5,2,Sello mecánico,5746.0
OT-002855,PAR-003755,PC-EQ-01,2024-11-25,Preventiva,6.3,1,Rodamiento,1981.0
OT-003076,PAR-004061,PC-EQ-02,2024-03-02,Correctiva,14.9,1,Sensor/instrumento,6109.0
OT-003008,PAR-003966,PC-EQ-01,2027-03-18,Preventiva,7.8,1,Faja/correa,2136.0
OT-003978,PAR-005239,PC-EQ-05,2024-09-28,Correctiva,11.8,3,Sensor/instrumento,7383.0
OT-003143,PAR-004159,PC-EQ-02,2025-04-09,Correctiva,0.8,3,Sello mecánico,1086.0
OT-003221,PAR-004269,PC-EQ-02,2026-06-07,Correctiva,5.7,2,Revestimiento (liner),6001.0
OT-003307,PAR-004375,PC-EQ-02,2027-08-20,Correctiva,1.6,3,Ninguno (solo mano de obra),7815.0
OT-003010,PAR-003969,PC-EQ-01,2027-03-24,Correctiva,8.6,3,Sello mecánico,5994.0
OT-005377,PAR-007090,PC-EQ-10,2026-02-08,Preventiva,6.9,3,Ninguno (solo mano de obra),2428.0
OT-003984,PAR-005245,PC-EQ-05,2024-10-22,Preventiva,7.2,2,Sello mecánico,615.0
OT-003306,PAR-004374,PC-EQ-02,2027-08-13,Correctiva,6.2,2,Sensor/instrumento,3246.0
OT-004114,PAR-005414,PC-EQ-05,2026-03-29,Preventiva,7.9,2,Revestimiento (liner),457.0
OT-004792,PAR-006293,PC-EQ-08,2024-09-12,Correctiva,2.2,1,Sensor/instrumento,6425.0
OT-003470,PAR-004610,PC-EQ-03,2026-10-03,Correctiva,6.6,2,Faja/correa,4994.0
OT-003547,PAR-004714,PC-EQ-04,2024-03-27,Correctiva,7.9,1,Ninguno (solo mano de obra),6527.0
OT-005225,PAR-006887,PC-EQ-10,2024-01-13,Correctiva,0.5,1,Rodamiento,5843.0
OT-004479,PAR-005862,PC-EQ-06,2026-11-01,Correctiva,3.2,2,Ninguno (solo mano de obra),3780.0
OT-005296,PAR-006982,PC-EQ-10,2025-01-15,Correctiva,6.9,2,Rodamiento,4168.0
OT-004922,PAR-006462,PC-EQ-08,2026-07-24,Correctiva,10.0,1,Ninguno (solo mano de obra),4679.0
OT-003230,PAR-004280,PC-EQ-02,2026-07-31,Correctiva,4.0,1,Faja/correa,5406.0
OT-005014,PAR-006596,PC-EQ-08,2027-12-13,Preventiva,8.7,1,Sensor/instrumento,386.0
OT-005284,PAR-006966,PC-EQ-10,2024-10-26,Correctiva,2.3,3,Faja/correa,7057.0
OT-003771,PAR-004985,PC-EQ-04,2026-07-04,Preventiva,4.6,1,Ninguno (solo mano de obra),1877.0
OT-004010,PAR-005285,PC-EQ-05,2025-02-27,Correctiva,5.7,2,Faja/correa,5258.0
OT-004701,PAR-006172,PC-EQ-07,2027-03-01,Preventiva,6.0,1,Ninguno (solo mano de obra),784.0
OT-002956,PAR-003896,PC-EQ-01,2026-06-10,Correctiva,8.0,3,Sello mecánico,3520.0
OT-004580,PAR-005998,PC-EQ-07,2024-08-20,Correctiva,11.8,3,Ninguno (solo mano de obra),523.0
OT-004420,PAR-005794,PC-EQ-06,2026-01-29,Correctiva,0.6,2,Sello mecánico,263.0
OT-004489,PAR-005875,PC-EQ-06,2026-12-23,Correctiva,3.0,3,Revestimiento (liner),4594.0
OT-003908,PAR-005155,PC-EQ-04,2027-12-10,Correctiva,16.3,2,Rodamiento,3489.0
OT-004688,PAR-006150,PC-EQ-07,2026-12-05,Preventiva,9.2,2,Sello mecánico,1463.0
OT-003541,PAR-004706,PC-EQ-04,2024-03-03,Correctiva,12.4,1,Rodamiento,5726.0
OT-004215,PAR-005538,PC-EQ-05,2027-04-15,Correctiva,0.8,2,Sensor/instrumento,703.0
OT-003584,PAR-004757,PC-EQ-04,2024-07-17,Correctiva,5.3,3,Motor eléctrico,5474.0
OT-004080,PAR-005372,PC-EQ-05,2025-12-06,Correctiva,19.6,3,Sello mecánico,6833.0
OT-003234,PAR-004285,PC-EQ-02,2026-08-24,Correctiva,30.2,2,Sensor/instrumento,575.0
OT-004012,PAR-005288,PC-EQ-05,2025-03-10,Correctiva,2.7,1,Motor eléctrico,7367.0
OT-003551,PAR-004719,PC-EQ-04,2024-04-05,Correctiva,27.0,3,Ninguno (solo mano de obra),6122.0
OT-004838,PAR-006352,PC-EQ-08,2025-04-26,Correctiva,1.5,1,Rodamiento,6238.0
OT-005240,PAR-006908,PC-EQ-10,2024-03-31,Preventiva,9.9,2,Revestimiento (liner),935.0
OT-005011,PAR-006592,PC-EQ-08,2027-11-19,Correctiva,0.9,2,Rodamiento,4827.0
OT-003354,PAR-004432,PC-EQ-03,2024-04-29,Correctiva,1.2,2,Faja/correa,6097.0
OT-004718,PAR-006198,PC-EQ-07,2027-07-17,Preventiva,9.3,2,Motor eléctrico,317.0
OT-004081,PAR-005373,PC-EQ-05,2025-12-10,Correctiva,15.1,1,Faja/correa,3487.0
OT-004840,PAR-006354,PC-EQ-08,2025-05-07,Correctiva,6.0,2,Sello mecánico,762.0
OT-004857,PAR-006376,PC-EQ-08,2025-08-03,Correctiva,8.7,1,Sello mecánico,2197.0
OT-004261,PAR-005596,PC-EQ-05,2027-10-04,Correctiva,14.2,2,Motor eléctrico,751.0
OT-003717,PAR-004917,PC-EQ-04,2025-12-12,Correctiva,1.2,3,Rodamiento,6438.0
OT-003530,PAR-004694,PC-EQ-04,2024-01-14,Preventiva,6.5,2,Ninguno (solo mano de obra),2155.0
OT-003847,PAR-005080,PC-EQ-04,2027-05-10,Correctiva,11.2,3,Motor eléctrico,5423.0
OT-004140,PAR-005449,PC-EQ-05,2026-06-19,Correctiva,3.4,1,Sello mecánico,977.0
OT-004345,PAR-005696,PC-EQ-06,2024-11-18,Correctiva,10.3,3,Sello mecánico,4928.0
OT-003302,PAR-004369,PC-EQ-02,2027-07-18,Correctiva,4.9,3,Faja/correa,1624.0
OT-003295,PAR-004359,PC-EQ-02,2027-05-20,Correctiva,1.8,1,Rodamiento,6558.0
OT-003843,PAR-005075,PC-EQ-04,2027-04-27,Preventiva,5.7,1,Faja/correa,836.0
OT-005285,PAR-006967,PC-EQ-10,2024-10-28,Correctiva,6.5,3,Rodamiento,2767.0
OT-005428,PAR-007159,PC-EQ-10,2026-11-04,Preventiva,8.2,1,Rodamiento,828.0
OT-003256,PAR-004308,PC-EQ-02,2026-11-09,Preventiva,11.9,1,Sensor/instrumento,1177.0
OT-004277,PAR-005614,PC-EQ-05,2027-12-09,Correctiva,2.3,2,Sello mecánico,2150.0
OT-005045,PAR-006634,PC-EQ-09,2024-09-16,Preventiva,7.6,1,Motor eléctrico,502.0
OT-002948,PAR-003884,PC-EQ-01,2026-04-12,Correctiva,12.5,1,Ninguno (solo mano de obra),2715.0
OT-004796,PAR-006298,PC-EQ-08,2024-10-08,Preventiva,6.7,2,Sensor/instrumento,1205.0
OT-002918,PAR-003840,PC-EQ-01,2025-12-06,Correctiva,1.0,1,Sensor/instrumento,1250.0
OT-003478,PAR-004619,PC-EQ-03,2026-11-13,Preventiva,6.3,3,Rodamiento,2062.0
OT-004756,PAR-006248,PC-EQ-08,2024-02-29,Preventiva,5.4,2,Motor eléctrico,2101.0
OT-004228,PAR-005557,PC-EQ-05,2027-06-03,Preventiva,7.2,2,Motor eléctrico,1202.0
OT-004208,PAR-005529,PC-EQ-05,2027-03-17,Correctiva,2.7,3,Rodamiento,5279.0
OT-003810,PAR-005036,PC-EQ-04,2026-11-20,Preventiva,8.6,3,Revestimiento (liner),234.0
OT-004319,PAR-005662,PC-EQ-06,2024-06-09,Preventiva,11.0,1,Sensor/instrumento,1194.0
OT-004472,PAR-005855,PC-EQ-06,2026-09-21,Correctiva,9.4,3,Revestimiento (liner),7427.0
OT-003625,PAR-004807,PC-EQ-04,2024-12-16,Correctiva,1.8,3,Faja/correa,3290.0
OT-004311,PAR-005654,PC-EQ-06,2024-05-13,Correctiva,5.6,2,Sensor/instrumento,5044.0
OT-004286,PAR-005623,PC-EQ-06,2024-01-04,Correctiva,0.6,3,Rodamiento,5426.0
OT-003656,PAR-004847,PC-EQ-04,2025-04-19,Preventiva,7.7,3,Rodamiento,1661.0
OT-003770,PAR-004984,PC-EQ-04,2026-07-02,Correctiva,4.6,2,Sello mecánico,6320.0
OT-002979,PAR-003927,PC-EQ-01,2026-10-16,Correctiva,8.9,2,Sello mecánico,5785.0
OT-005056,PAR-006653,PC-EQ-09,2024-12-18,Correctiva,10.4,3,Revestimiento (liner),6460.0
OT-004651,PAR-006093,PC-EQ-07,2025-12-31,Correctiva,3.4,2,Sensor/instrumento,5644.0
OT-003704,PAR-004901,PC-EQ-04,2025-10-12,Correctiva,6.9,2,Sensor/instrumento,2569.0
OT-004863,PAR-006384,PC-EQ-08,2025-08-27,Correctiva,8.7,1,Motor eléctrico,3486.0
OT-005422,PAR-007153,PC-EQ-10,2026-10-04,Correctiva,2.1,3,Ninguno (solo mano de obra),7856.0
OT-004782,PAR-006282,PC-EQ-08,2024-07-14,Correctiva,2.8,1,Rodamiento,1692.0
OT-005002,PAR-006578,PC-EQ-08,2027-10-21,Preventiva,9.0,1,Sensor/instrumento,881.0
OT-003808,PAR-005034,PC-EQ-04,2026-11-12,Correctiva,21.7,3,Sensor/instrumento,5103.0
OT-004060,PAR-005345,PC-EQ-05,2025-09-15,Correctiva,14.2,2,Rodamiento,5708.0
OT-005134,PAR-006771,PC-EQ-09,2026-06-30,Correctiva,0.9,1,Ninguno (solo mano de obra),3799.0
OT-002831,PAR-003719,PC-EQ-01,2024-06-29,Correctiva,6.3,2,Rodamiento,1957.0
OT-003265,PAR-004317,PC-EQ-02,2026-12-26,Correctiva,21.5,1,Ninguno (solo mano de obra),676.0
OT-004749,PAR-006240,PC-EQ-08,2024-01-29,Correctiva,8.8,1,Revestimiento (liner),2820.0
OT-004356,PAR-005708,PC-EQ-06,2025-01-20,Preventiva,6.3,1,Sello mecánico,346.0
OT-002926,PAR-003852,PC-EQ-01,2026-01-05,Correctiva,3.3,3,Rodamiento,7974.0
OT-005295,PAR-006981,PC-EQ-10,2025-01-09,Correctiva,23.9,1,Motor eléctrico,1011.0
OT-005342,PAR-007044,PC-EQ-10,2025-08-25,Correctiva,25.7,3,Sensor/instrumento,5395.0
OT-004309,PAR-005652,PC-EQ-06,2024-05-02,Correctiva,10.2,2,Motor eléctrico,1629.0
OT-003183,PAR-004215,PC-EQ-02,2025-12-02,Correctiva,10.0,3,Ninguno (solo mano de obra),1478.0
OT-003746,PAR-004957,PC-EQ-04,2026-04-20,Correctiva,6.7,2,Ninguno (solo mano de obra),4666.0
OT-002868,PAR-003771,PC-EQ-01,2025-02-01,Correctiva,16.1,1,Faja/correa,4569.0
OT-004686,PAR-006148,PC-EQ-07,2026-11-14,Preventiva,8.2,3,Sello mecánico,127.0
OT-002818,PAR-003701,PC-EQ-01,2024-04-12,Preventiva,8.4,2,Faja/correa,1899.0
OT-003322,PAR-004393,PC-EQ-02,2027-10-23,Correctiva,11.0,2,Revestimiento (liner),5506.0
OT-005130,PAR-006766,PC-EQ-09,2026-05-31,Correctiva,12.7,1,Ninguno (solo mano de obra),583.0
OT-003597,PAR-004775,PC-EQ-04,2024-08-31,Preventiva,6.2,2,Sensor/instrumento,1607.0
OT-002969,PAR-003912,PC-EQ-01,2026-08-08,Correctiva,0.8,1,Sello mecánico,6754.0
OT-004752,PAR-006243,PC-EQ-08,2024-02-16,Correctiva,14.9,1,Rodamiento,6007.0
OT-003507,PAR-004662,PC-EQ-03,2027-08-07,Correctiva,0.7,2,Ninguno (solo mano de obra),984.0
OT-002892,PAR-003801,PC-EQ-01,2025-06-23,Preventiva,5.6,2,Sello mecánico,875.0
OT-004335,PAR-005684,PC-EQ-06,2024-09-09,Correctiva,5.2,3,Sello mecánico,4511.0
OT-003685,PAR-004880,PC-EQ-04,2025-08-09,Correctiva,0.8,3,Sensor/instrumento,4873.0
OT-003270,PAR-004322,PC-EQ-02,2027-01-21,Correctiva,5.2,2,Ninguno (solo mano de obra),7408.0
OT-005214,PAR-006871,PC-EQ-09,2027-11-13,Correctiva,4.8,2,Sensor/instrumento,1188.0
OT-002912,PAR-003831,PC-EQ-01,2025-10-30,Correctiva,0.4,2,Ninguno (solo mano de obra),1233.0
OT-005171,PAR-006814,PC-EQ-09,2027-01-18,Preventiva,5.0,2,Faja/correa,1937.0
OT-003687,PAR-004883,PC-EQ-04,2025-08-16,Correctiva,11.5,1,Motor eléctrico,1708.0
OT-004103,PAR-005400,PC-EQ-05,2026-02-23,Preventiva,7.9,3,Rodamiento,2068.0
OT-003725,PAR-004928,PC-EQ-04,2026-01-07,Correctiva,14.8,3,Motor eléctrico,5535.0
OT-005317,PAR-007010,PC-EQ-10,2025-04-18,Correctiva,12.2,2,Revestimiento (liner),5605.0
OT-004291,PAR-005629,PC-EQ-06,2024-01-22,Correctiva,12.3,2,Ninguno (solo mano de obra),7686.0
OT-004665,PAR-006114,PC-EQ-07,2026-05-16,Correctiva,8.4,1,Revestimiento (liner),167.0
OT-004661,PAR-006106,PC-EQ-07,2026-03-26,Correctiva,1.6,3,Ninguno (solo mano de obra),6124.0
OT-003979,PAR-005240,PC-EQ-05,2024-10-02,Preventiva,9.7,3,,2253.0
OT-004870,PAR-006393,PC-EQ-08,2025-09-22,Correctiva,4.4,3,Revestimiento (liner),2181.0
OT-005151,PAR-006792,PC-EQ-09,2026-09-25,Correctiva,6.4,3,Rodamiento,79.0
OT-005392,PAR-007110,PC-EQ-10,2026-04-27,Correctiva,9.6,3,Revestimiento (liner),1684.0
OT-003473,PAR-004614,PC-EQ-03,2026-10-21,Preventiva,4.8,2,Sello mecánico,577.0
OT-004993,PAR-006569,PC-EQ-08,2027-09-14,Preventiva,7.9,1,Sello mecánico,1260.0
OT-004377,PAR-005741,PC-EQ-06,2025-05-27,Correctiva,7.7,1,Sensor/instrumento,4113.0
OT-004288,PAR-005625,PC-EQ-06,2024-01-14,Correctiva,1.0,3,Faja/correa,182.0
OT-003263,PAR-004315,PC-EQ-02,2026-12-22,Correctiva,1.3,1,Motor eléctrico,4236.0
OT-003389,PAR-004481,PC-EQ-03,2025-01-30,Correctiva,2.3,2,Rodamiento,5413.0
OT-003814,PAR-005040,PC-EQ-04,2026-12-03,Correctiva,11.6,1,Motor eléctrico,4670.0
OT-003996,PAR-005265,PC-EQ-05,2024-12-18,Correctiva,26.1,2,Rodamiento,3294.0
OT-003149,PAR-004170,PC-EQ-02,2025-06-03,Preventiva,6.1,1,Motor eléctrico,1309.0
OT-003907,PAR-005153,PC-EQ-04,2027-12-06,Correctiva,13.9,1,Revestimiento (liner),6535.0
OT-004581,PAR-005999,PC-EQ-07,2024-08-29,Preventiva,8.2,2,Sensor/instrumento,1314.0
OT-004984,PAR-006554,PC-EQ-08,2027-07-01,Preventiva,10.1,3,Sensor/instrumento,1130.0
OT-003502,PAR-004654,PC-EQ-03,2027-06-20,Preventiva,7.4,2,Sello mecánico,1347.0
OT-003608,PAR-004788,PC-EQ-04,2024-10-23,Correctiva,4.1,2,Faja/correa,7471.0
OT-004187,PAR-005504,PC-EQ-05,2026-12-17,Correctiva,26.4,3,Rodamiento,1758.0
OT-004873,PAR-006397,PC-EQ-08,2025-10-16,Correctiva,1.6,1,Sensor/instrumento,5661.0
OT-004416,PAR-005788,PC-EQ-06,2026-01-03,Correctiva,13.8,1,Rodamiento,3436.0
OT-003639,PAR-004828,PC-EQ-04,2025-02-09,Correctiva,4.5,2,Rodamiento,308.0
OT-004882,PAR-006408,PC-EQ-08,2025-12-11,Correctiva,13.5,1,Motor eléctrico,6194.0
OT-004120,PAR-005422,PC-EQ-05,2026-04-12,Correctiva,1.0,1,Sello mecánico,2880.0
OT-004255,PAR-005589,PC-EQ-05,2027-09-19,Correctiva,0.7,2,Faja/correa,1841.0
OT-003902,PAR-005145,PC-EQ-04,2027-11-18,Correctiva,12.4,3,Motor eléctrico,903.0
OT-003064,PAR-004046,PC-EQ-02,2024-01-14,Correctiva,20.6,3,Rodamiento,5237.0
OT-003633,PAR-004818,PC-EQ-04,2025-01-14,Preventiva,6.4,1,Ninguno (solo mano de obra),1323.0
OT-005498,PAR-007248,PC-EQ-10,2027-11-03,Preventiva,7.0,1,Motor eléctrico,2088.0
OT-005272,PAR-006949,PC-EQ-10,2024-08-28,Correctiva,0.7,2,Rodamiento,357.0
OT-003514,PAR-004673,PC-EQ-03,2027-10-09,Preventiva,4.4,3,Revestimiento (liner),125.0
OT-004772,PAR-006269,PC-EQ-08,2024-06-04,Preventiva,7.0,2,Sensor/instrumento,2328.0
OT-004113,PAR-005412,PC-EQ-05,2026-03-17,Correctiva,10.3,2,Faja/correa,919.0
OT-003890,PAR-005133,PC-EQ-04,2027-10-16,Correctiva,4.0,2,Faja/correa,6464.0
OT-003636,PAR-004823,PC-EQ-04,2025-01-20,Correctiva,0.6,2,Sello mecánico,3427.0
OT-003841,PAR-005073,PC-EQ-04,2027-04-16,Correctiva,6.7,1,Sensor/instrumento,3755.0
OT-002953,PAR-003893,PC-EQ-01,2026-05-21,Correctiva,15.4,2,Sensor/instrumento,7365.0
OT-003911,PAR-005158,PC-EQ-04,2027-12-26,Correctiva,3.0,2,Ninguno (solo mano de obra),7399.0
OT-004447,PAR-005827,PC-EQ-06,2026-05-26,Correctiva,14.2,2,Rodamiento,1714.0
OT-003612,PAR-004793,PC-EQ-04,2024-11-04,Correctiva,5.2,1,Sello mecánico,6224.0
OT-003286,PAR-004348,PC-EQ-02,2027-04-14,Correctiva,7.8,2,Revestimiento (liner),5369.0
OT-004978,PAR-006547,PC-EQ-08,2027-05-21,Correctiva,1.5,2,Ninguno (solo mano de obra),2739.0
OT-004125,PAR-005427,PC-EQ-05,2026-04-18,Correctiva,19.1,3,Sello mecánico,3260.0
OT-005112,PAR-006736,PC-EQ-09,2026-01-23,Correctiva,11.4,2,Rodamiento,4209.0
OT-003578,PAR-004751,PC-EQ-04,2024-07-03,Correctiva,9.3,2,Motor eléctrico,5343.0
OT-004219,PAR-005543,PC-EQ-05,2027-04-28,Preventiva,13.9,1,Faja/correa,1068.0
OT-002955,PAR-003895,PC-EQ-01,2026-06-06,Correctiva,2.6,2,Motor eléctrico,1657.0
OT-004217,PAR-005540,PC-EQ-05,2027-04-24,Correctiva,14.6,2,Sensor/instrumento,6247.0
OT-004334,PAR-005682,PC-EQ-06,2024-09-06,Preventiva,7.0,1,Revestimiento (liner),822.0
OT-003232,PAR-004282,PC-EQ-02,2026-08-05,Preventiva,7.8,1,Ninguno (solo mano de obra),1951.0
OT-004055,PAR-005338,PC-EQ-05,2025-08-21,Correctiva,10.7,2,Sello mecánico,520.0
OT-003014,PAR-003973,PC-EQ-01,2027-04-05,Preventiva,8.0,3,Sensor/instrumento,336.0
OT-002873,PAR-003776,PC-EQ-01,2025-02-22,Correctiva,22.7,1,Motor eléctrico,3377.0
OT-003715,PAR-004915,PC-EQ-04,2025-12-06,Preventiva,9.5,2,Sensor/instrumento,2123.0
OT-005187,PAR-006832,PC-EQ-09,2027-05-15,Correctiva,0.6,3,Rodamiento,389.0
OT-003795,PAR-005017,PC-EQ-04,2026-10-06,Correctiva,27.5,3,Faja/correa,7493.0
OT-004009,PAR-005284,PC-EQ-05,2025-02-24,Correctiva,25.2,1,Faja/correa,2965.0
OT-004118,PAR-005420,PC-EQ-05,2026-04-07,Correctiva,22.6,2,Rodamiento,2290.0
OT-003818,PAR-005046,PC-EQ-04,2026-12-24,Correctiva,6.0,1,Faja/correa,3049.0
OT-004981,PAR-006550,PC-EQ-08,2027-05-26,Correctiva,16.0,3,Faja/correa,4549.0
OT-004344,PAR-005695,PC-EQ-06,2024-11-12,Correctiva,1.4,3,Revestimiento (liner),5216.0
OT-003972,PAR-005230,PC-EQ-05,2024-09-08,Correctiva,17.5,1,Ninguno (solo mano de obra),2678.0
OT-003054,PAR-004033,PC-EQ-01,2027-11-11,Correctiva,1.4,2,Faja/correa,2095.0
OT-004521,PAR-005921,PC-EQ-06,2027-07-08,Correctiva,1.7,1,Faja/correa,5947.0
OT-005251,PAR-006924,PC-EQ-10,2024-05-25,Correctiva,0.7,3,Rodamiento,351.0
OT-003708,PAR-004908,PC-EQ-04,2025-11-13,Correctiva,13.6,2,Rodamiento,1683.0
OT-004371,PAR-005731,PC-EQ-06,2025-04-20,Correctiva,17.4,1,Sensor/instrumento,4574.0
OT-003565,PAR-004733,PC-EQ-04,2024-05-10,Correctiva,15.3,2,Rodamiento,4484.0
OT-004130,PAR-005435,PC-EQ-05,2026-05-11,Correctiva,14.0,1,Sensor/instrumento,2591.0
OT-003155,PAR-004176,PC-EQ-02,2025-07-02,Correctiva,1.6,2,Ninguno (solo mano de obra),2196.0
OT-004633,PAR-006072,PC-EQ-07,2025-10-08,Correctiva,4.7,3,Sensor/instrumento,6412.0
OT-005099,PAR-006714,PC-EQ-09,2025-10-29,Correctiva,1.2,2,Sello mecánico,6374.0
OT-003672,PAR-004867,PC-EQ-04,2025-07-04,Correctiva,13.5,2,Sensor/instrumento,4035.0
OT-003593,PAR-004767,PC-EQ-04,2024-08-18,Correctiva,0.8,2,Revestimiento (liner),6063.0
OT-003785,PAR-005002,PC-EQ-04,2026-08-26,Correctiva,13.6,1,Rodamiento,5933.0
OT-004337,PAR-005686,PC-EQ-06,2024-09-23,Correctiva,29.2,2,Rodamiento,6856.0
OT-005026,PAR-006608,PC-EQ-09,2024-04-02,Correctiva,4.2,1,Rodamiento,3437.0
OT-002886,PAR-003794,PC-EQ-01,2025-05-04,Correctiva,31.7,1,Rodamiento,6075.0
OT-005461,PAR-007201,PC-EQ-10,2027-04-25,Correctiva,0.6,1,Rodamiento,3063.0
OT-004931,PAR-006477,PC-EQ-08,2026-09-15,Correctiva,4.4,2,Revestimiento (liner),278.0
OT-003772,PAR-004986,PC-EQ-04,2026-07-04,Correctiva,18.3,1,Ninguno (solo mano de obra),6131.0
OT-005162,PAR-006803,PC-EQ-09,2026-11-15,Preventiva,4.6,3,Ninguno (solo mano de obra),2480.0
OT-004850,PAR-006366,PC-EQ-08,2025-06-20,Preventiva,9.0,3,Ninguno (solo mano de obra),1589.0
OT-004869,PAR-006392,PC-EQ-08,2025-09-19,Preventiva,7.0,2,Revestimiento (liner),217.0
OT-005199,PAR-006846,PC-EQ-09,2027-07-19,Preventiva,4.6,1,Motor eléctrico,2150.0
OT-003249,PAR-004301,PC-EQ-02,2026-10-20,Correctiva,1.1,1,Revestimiento (liner),3158.0
OT-002930,PAR-003859,PC-EQ-01,2026-01-26,Preventiva,6.2,3,Sensor/instrumento,2179.0
OT-003080,PAR-004065,PC-EQ-02,2024-03-25,Correctiva,30.2,1,Ninguno (solo mano de obra),5086.0
OT-004396,PAR-005765,PC-EQ-06,2025-09-23,Correctiva,11.5,3,Rodamiento,1115.0
OT-004071,PAR-005360,PC-EQ-05,2025-11-10,Correctiva,30.9,1,Ninguno (solo mano de obra),7168.0
OT-003562,PAR-004730,PC-EQ-04,2024-04-30,Correctiva,24.8,1,Motor eléctrico,7316.0
OT-003939,PAR-005191,PC-EQ-05,2024-05-18,Correctiva,29.0,3,Faja/correa,5550.0
OT-003729,PAR-004932,PC-EQ-04,2026-01-26,Preventiva,10.9,3,Rodamiento,131.0
OT-003225,PAR-004275,PC-EQ-02,2026-07-10,Correctiva,20.6,3,Sello mecánico,6164.0
OT-002815,PAR-003698,PC-EQ-01,2024-03-29,Preventiva,7.9,1,Motor eléctrico,545.0
OT-004354,PAR-005706,PC-EQ-06,2025-01-15,Correctiva,23.3,2,Ninguno (solo mano de obra),3523.0
OT-002851,PAR-003749,PC-EQ-01,2024-11-06,Preventiva,8.1,1,Revestimiento (liner),327.0
OT-004431,PAR-005808,PC-EQ-06,2026-03-09,Preventiva,7.2,2,Revestimiento (liner),1212.0
OT-004307,PAR-005650,PC-EQ-06,2024-04-28,Preventiva,6.6,2,Faja/correa,1982.0
OT-004739,PAR-006224,PC-EQ-07,2027-11-22,Correctiva,1.4,3,Rodamiento,7956.0
OT-004004,PAR-005276,PC-EQ-05,2025-01-30,Correctiva,23.7,1,Rodamiento,5566.0
OT-003060,PAR-004041,PC-EQ-01,2027-12-16,Correctiva,2.5,2,Faja/correa,3196.0
OT-004426,PAR-005802,PC-EQ-06,2026-02-16,Correctiva,4.4,2,Revestimiento (liner),637.0
OT-005191,PAR-006838,PC-EQ-09,2027-06-01,Correctiva,0.8,3,Faja/correa,5749.0
OT-003513,PAR-004670,PC-EQ-03,2027-09-21,Correctiva,4.5,1,Faja/correa,3138.0
OT-005331,PAR-007029,PC-EQ-10,2025-06-25,Preventiva,9.1,2,Revestimiento (liner),66.0
OT-004985,PAR-006555,PC-EQ-08,2027-07-04,Correctiva,9.5,3,Sello mecánico,6677.0
OT-005170,PAR-006812,PC-EQ-09,2027-01-08,Correctiva,2.9,2,Ninguno (solo mano de obra),3318.0
OT-005032,PAR-006616,PC-EQ-09,2024-05-24,Preventiva,6.7,3,Faja/correa,1173.0
OT-004602,PAR-006025,PC-EQ-07,2025-01-14,Preventiva,7.6,2,Revestimiento (liner),1448.0
OT-004248,PAR-005582,PC-EQ-05,2027-08-29,Correctiva,27.9,1,Revestimiento (liner),4674.0
OT-003916,PAR-005163,PC-EQ-05,2024-02-04,Correctiva,29.8,1,Rodamiento,3775.0
OT-003905,PAR-005148,PC-EQ-04,2027-11-29,Correctiva,27.5,3,Sello mecánico,2923.0
OT-003418,PAR-004525,PC-EQ-03,2025-08-19,Correctiva,2.9,3,Rodamiento,6519.0
OT-003395,PAR-004494,PC-EQ-03,2025-04-05,Correctiva,13.0,2,Motor eléctrico,3992.0
OT-005049,PAR-006642,PC-EQ-09,2024-10-29,Correctiva,2.1,2,Motor eléctrico,2785.0
OT-003806,PAR-005032,PC-EQ-04,2026-11-09,Correctiva,0.5,3,Faja/correa,5611.0
OT-003558,PAR-004726,PC-EQ-04,2024-04-18,Correctiva,4.8,2,Ninguno (solo mano de obra),2056.0
OT-005406,PAR-007129,PC-EQ-10,2026-06-26,Preventiva,7.6,2,Motor eléctrico,1440.0
OT-002848,PAR-003745,PC-EQ-01,2024-10-14,Correctiva,9.3,3,Rodamiento,657.0
OT-004842,PAR-006357,PC-EQ-08,2025-05-15,Preventiva,13.2,2,Ninguno (solo mano de obra),991.0
OT-003341,PAR-004414,PC-EQ-03,2024-01-21,Correctiva,1.4,1,Revestimiento (liner),3265.0
OT-004030,PAR-005309,PC-EQ-05,2025-05-23,Correctiva,10.3,3,Motor eléctrico,4280.0
OT-004304,PAR-005645,PC-EQ-06,2024-04-06,Preventiva,4.7,3,Sensor/instrumento,1371.0
OT-003337,PAR-004410,PC-EQ-03,2024-01-11,Correctiva,2.7,3,Motor eléctrico,4264.0
OT-002876,PAR-003781,PC-EQ-01,2025-02-27,Correctiva,15.5,3,Revestimiento (liner),6748.0
OT-004724,PAR-006206,PC-EQ-07,2027-08-19,Correctiva,0.6,1,Rodamiento,3713.0
OT-004198,PAR-005516,PC-EQ-05,2027-01-22,Preventiva,9.7,2,Sensor/instrumento,1269.0
OT-005035,PAR-006622,PC-EQ-09,2024-06-16,Preventiva,6.9,3,Rodamiento,1691.0
OT-003199,PAR-004237,PC-EQ-02,2026-02-04,Correctiva,0.5,3,Faja/correa,2541.0
OT-004251,PAR-005585,PC-EQ-05,2027-09-05,Correctiva,12.2,1,Ninguno (solo mano de obra),6093.0
OT-005042,PAR-006630,PC-EQ-09,2024-08-07,Preventiva,5.8,3,Sensor/instrumento,2312.0
OT-004266,PAR-005601,PC-EQ-05,2027-10-25,Correctiva,21.3,1,Ninguno (solo mano de obra),2015.0
OT-003294,PAR-004357,PC-EQ-02,2027-05-12,Preventiva,9.4,1,Revestimiento (liner),1970.0
OT-004109,PAR-005407,PC-EQ-05,2026-03-09,Correctiva,11.4,3,Revestimiento (liner),557.0
OT-004763,PAR-006256,PC-EQ-08,2024-04-14,Preventiva,7.6,3,Rodamiento,825.0
OT-004998,PAR-006574,PC-EQ-08,2027-09-22,Correctiva,1.1,1,Rodamiento,2789.0
OT-004827,PAR-006341,PC-EQ-08,2025-03-23,Correctiva,11.0,1,Sensor/instrumento,3329.0
OT-003170,PAR-004196,PC-EQ-02,2025-09-02,Correctiva,0.5,2,Sensor/instrumento,7375.0
OT-004895,PAR-006426,PC-EQ-08,2026-02-22,Correctiva,15.9,2,Sensor/instrumento,475.0
OT-005038,PAR-006626,PC-EQ-09,2024-07-02,Correctiva,0.7,2,Sensor/instrumento,1638.0
OT-004460,PAR-005842,PC-EQ-06,2026-07-24,Correctiva,14.7,2,Motor eléctrico,5952.0
OT-003267,PAR-004319,PC-EQ-02,2027-01-13,Preventiva,7.0,2,Ninguno (solo mano de obra),610.0
OT-003657,PAR-004848,PC-EQ-04,2025-04-21,Correctiva,5.5,2,Ninguno (solo mano de obra),6534.0
OT-005004,PAR-006584,PC-EQ-08,2027-11-02,Correctiva,25.1,3,Faja/correa,5419.0
OT-005163,PAR-006804,PC-EQ-09,2026-11-21,Correctiva,0.7,1,Faja/correa,2735.0
OT-005193,PAR-006840,PC-EQ-09,2027-06-04,Correctiva,4.3,1,Revestimiento (liner),880.0
OT-004316,PAR-005659,PC-EQ-06,2024-06-01,Correctiva,3.5,1,Revestimiento (liner),1945.0
OT-003839,PAR-005070,PC-EQ-04,2027-04-11,Correctiva,2.2,2,Sello mecánico,7652.0
OT-003330,PAR-004403,PC-EQ-02,2027-12-02,Correctiva,16.1,1,Sensor/instrumento,4666.0
OT-002819,PAR-003702,PC-EQ-01,2024-04-20,Correctiva,15.3,3,Ninguno (solo mano de obra),3829.0
OT-005176,PAR-006820,PC-EQ-09,2027-02-18,Preventiva,5.1,1,Sello mecánico,2236.0
OT-004913,PAR-006450,PC-EQ-08,2026-06-01,Preventiva,9.1,2,Faja/correa,1707.0
OT-002989,PAR-003944,PC-EQ-01,2026-12-08,Correctiva,5.6,1,Sensor/instrumento,7550.0
OT-003278,PAR-004338,PC-EQ-02,2027-03-16,Correctiva,0.7,3,Ninguno (solo mano de obra),3644.0
OT-003654,PAR-004845,PC-EQ-04,2025-04-06,Correctiva,8.3,2,Ninguno (solo mano de obra),938.0
OT-003364,PAR-004448,PC-EQ-03,2024-07-27,Preventiva,9.5,2,Motor eléctrico,493.0
OT-004550,PAR-005959,PC-EQ-06,2027-11-29,Correctiva,5.4,1,Faja/correa,649.0
OT-004074,PAR-005365,PC-EQ-05,2025-11-21,Correctiva,31.5,3,Sello mecánico,6538.0
OT-002899,PAR-003812,PC-EQ-01,2025-08-17,Preventiva,5.2,1,Motor eléctrico,1111.0
OT-002888,PAR-003796,PC-EQ-01,2025-05-15,Preventiva,7.1,2,Faja/correa,1166.0
OT-002822,PAR-003706,PC-EQ-01,2024-05-13,Correctiva,17.1,1,Rodamiento,6129.0
OT-003962,PAR-005220,PC-EQ-05,2024-08-02,Correctiva,22.7,3,Rodamiento,4550.0
OT-004292,PAR-005630,PC-EQ-06,2024-01-23,Correctiva,3.6,1,Ninguno (solo mano de obra),2081.0
OT-004824,PAR-006337,PC-EQ-08,2025-03-16,Correctiva,5.6,2,Rodamiento,3530.0
OT-005477,PAR-007221,PC-EQ-10,2027-07-17,Preventiva,7.1,3,Faja/correa,18.0
OT-003595,PAR-004770,PC-EQ-04,2024-08-22,Correctiva,14.2,3,Sello mecánico,3106.0
OT-005375,PAR-007088,PC-EQ-10,2026-02-06,Correctiva,31.8,2,Ninguno (solo mano de obra),5308.0
OT-003469,PAR-004608,PC-EQ-03,2026-09-16,Preventiva,5.3,2,Revestimiento (liner),151.0
OT-004006,PAR-005280,PC-EQ-05,2025-02-06,Correctiva,9.3,3,Revestimiento (liner),7791.0
OT-004065,PAR-005351,PC-EQ-05,2025-10-10,Correctiva,6.3,1,Rodamiento,7038.0
OT-003563,PAR-004731,PC-EQ-04,2024-05-05,Correctiva,28.8,1,Revestimiento (liner),6519.0
OT-004537,PAR-005938,PC-EQ-06,2027-09-10,Correctiva,28.4,3,Sello mecánico,6433.0
OT-004014,PAR-005290,PC-EQ-05,2025-03-22,Correctiva,11.5,3,Ninguno (solo mano de obra),2555.0
OT-004101,PAR-005398,PC-EQ-05,2026-02-16,Correctiva,17.9,2,Revestimiento (liner),7546.0
OT-004070,PAR-005358,PC-EQ-05,2025-11-05,Correctiva,5.1,2,Revestimiento (liner),4397.0
OT-005479,PAR-007224,PC-EQ-10,2027-08-02,Preventiva,6.7,3,Rodamiento,719.0
OT-005226,PAR-006888,PC-EQ-10,2024-01-15,Preventiva,12.1,3,Faja/correa,1106.0
OT-003365,PAR-004449,PC-EQ-03,2024-07-28,Correctiva,5.9,1,Ninguno (solo mano de obra),7193.0
OT-004480,PAR-005863,PC-EQ-06,2026-11-04,Preventiva,6.9,1,Sensor/instrumento,1555.0
OT-005184,PAR-006829,PC-EQ-09,2027-05-07,Preventiva,5.8,2,Faja/correa,1417.0
OT-004267,PAR-005602,PC-EQ-05,2027-10-29,Correctiva,21.2,1,Motor eléctrico,4767.0
OT-005245,PAR-006915,PC-EQ-10,2024-04-23,Correctiva,16.1,1,Revestimiento (liner),5961.0
OT-005312,PAR-007005,PC-EQ-10,2025-03-31,Correctiva,6.4,2,Ninguno (solo mano de obra),1946.0
OT-004115,PAR-005417,PC-EQ-05,2026-03-31,Correctiva,22.5,3,Rodamiento,1779.0
OT-004771,PAR-006267,PC-EQ-08,2024-05-29,Correctiva,27.4,1,Sensor/instrumento,5120.0
OT-003466,PAR-004604,PC-EQ-03,2026-08-19,Preventiva,8.2,1,Sensor/instrumento,404.0
OT-004803,PAR-006310,PC-EQ-08,2024-11-20,Preventiva,7.7,3,Ninguno (solo mano de obra),2249.0
OT-003663,PAR-004854,PC-EQ-04,2025-05-17,Correctiva,16.4,2,Rodamiento,1656.0
OT-004172,PAR-005486,PC-EQ-05,2026-10-22,Correctiva,15.4,3,Ninguno (solo mano de obra),7204.0
OT-005019,PAR-006601,PC-EQ-08,2027-12-30,Correctiva,10.8,3,Sensor/instrumento,2417.0
OT-003440,PAR-004565,PC-EQ-03,2026-02-11,Preventiva,5.4,2,Motor eléctrico,1460.0
OT-005069,PAR-006669,PC-EQ-09,2025-03-31,Correctiva,0.5,1,Sensor/instrumento,7027.0
OT-004518,PAR-005917,PC-EQ-06,2027-06-09,Preventiva,4.0,2,Sello mecánico,332.0
OT-003909,PAR-005156,PC-EQ-04,2027-12-13,Preventiva,10.4,1,Sensor/instrumento,1962.0
OT-003257,PAR-004309,PC-EQ-02,2026-11-11,Correctiva,11.5,3,Rodamiento,2245.0
OT-003973,PAR-005232,PC-EQ-05,2024-09-16,Correctiva,17.2,1,Revestimiento (liner),2540.0
OT-003308,PAR-004376,PC-EQ-02,2027-08-21,Preventiva,6.7,3,Rodamiento,953.0
OT-004102,PAR-005399,PC-EQ-05,2026-02-22,Correctiva,19.5,2,Sello mecánico,1941.0
OT-003671,PAR-004864,PC-EQ-04,2025-06-17,Preventiva,9.8,1,Revestimiento (liner),499.0
OT-004712,PAR-006189,PC-EQ-07,2027-05-26,Correctiva,1.6,3,Sensor/instrumento,327.0
OT-004214,PAR-005536,PC-EQ-05,2027-04-12,Correctiva,3.2,3,Sensor/instrumento,930.0
OT-003910,PAR-005157,PC-EQ-04,2027-12-19,Correctiva,17.1,2,Rodamiento,7901.0
OT-004281,PAR-005618,PC-EQ-05,2027-12-18,Correctiva,3.9,2,Sensor/instrumento,810.0
OT-004529,PAR-005929,PC-EQ-06,2027-08-11,Correctiva,20.0,1,Revestimiento (liner),5431.0
OT-003414,PAR-004520,PC-EQ-03,2025-08-04,Correctiva,5.2,2,Sensor/instrumento,7337.0
OT-003621,PAR-004803,PC-EQ-04,2024-12-04,Preventiva,8.9,3,Ninguno (solo mano de obra),25.0
OT-005351,PAR-007054,PC-EQ-10,2025-09-19,Correctiva,25.2,2,Sello mecánico,4143.0
OT-005202,PAR-006852,PC-EQ-09,2027-08-04,Preventiva,9.6,1,Ninguno (solo mano de obra),187.0
OT-004548,PAR-005956,PC-EQ-06,2027-11-22,Correctiva,11.9,1,Faja/correa,9.0
OT-004324,PAR-005668,PC-EQ-06,2024-07-13,Correctiva,10.5,1,Motor eléctrico,5763.0
OT-004095,PAR-005391,PC-EQ-05,2026-02-03,Preventiva,6.6,1,Motor eléctrico,2464.0
OT-003417,PAR-004523,PC-EQ-03,2025-08-17,Preventiva,10.5,2,Revestimiento (liner),526.0
OT-004795,PAR-006297,PC-EQ-08,2024-09-26,Correctiva,24.4,3,Ninguno (solo mano de obra),1969.0
OT-005467,PAR-007209,PC-EQ-10,2027-05-23,Correctiva,8.0,3,Ninguno (solo mano de obra),6731.0
OT-004090,PAR-005385,PC-EQ-05,2026-01-11,Correctiva,0.4,1,Sello mecánico,5978.0
OT-005173,PAR-006816,PC-EQ-09,2027-02-06,Correctiva,4.9,3,Rodamiento,1267.0
OT-005132,PAR-006769,PC-EQ-09,2026-06-29,Preventiva,7.3,1,Motor eléctrico,1103.0
OT-003722,PAR-004923,PC-EQ-04,2025-12-23,Correctiva,19.5,3,Revestimiento (liner),3595.0
OT-003000,PAR-003957,PC-EQ-01,2027-02-09,Preventiva,4.3,2,Motor eléctrico,390.0
OT-003936,PAR-005187,PC-EQ-05,2024-04-27,Correctiva,6.3,1,Rodamiento,690.0
OT-003874,PAR-005113,PC-EQ-04,2027-08-06,Correctiva,0.7,1,Rodamiento,7233.0
OT-005084,PAR-006694,PC-EQ-09,2025-07-14,Correctiva,2.8,1,Rodamiento,1633.0
OT-004260,PAR-005594,PC-EQ-05,2027-09-30,Correctiva,5.2,1,Motor eléctrico,4555.0
OT-005230,PAR-006892,PC-EQ-10,2024-02-02,Preventiva,10.1,1,Motor eléctrico,953.0
OT-004810,PAR-006321,PC-EQ-08,2024-12-30,Correctiva,8.7,3,Ninguno (solo mano de obra),7551.0
OT-004620,PAR-006055,PC-EQ-07,2025-06-09,Correctiva,26.0,3,Faja/correa,5750.0
OT-004507,PAR-005902,PC-EQ-06,2027-03-31,Correctiva,19.9,3,Revestimiento (liner),6147.0
OT-005474,PAR-007218,PC-EQ-10,2027-07-08,Correctiva,1.0,1,Sello mecánico,5512.0
OT-004240,PAR-005570,PC-EQ-05,2027-07-19,Preventiva,6.4,1,Faja/correa,602.0
OT-004733,PAR-006216,PC-EQ-07,2027-09-15,Correctiva,7.7,1,Motor eléctrico,5331.0
OT-003851,PAR-005085,PC-EQ-04,2027-05-25,Correctiva,0.5,1,Motor eléctrico,6621.0
OT-003454,PAR-004584,PC-EQ-03,2026-05-14,Preventiva,8.8,3,Sensor/instrumento,1373.0
OT-003777,PAR-004991,PC-EQ-04,2026-07-23,Correctiva,3.2,1,Motor eléctrico,2363.0
OT-004091,PAR-005386,PC-EQ-05,2026-01-15,Preventiva,10.4,3,Faja/correa,2098.0
OT-004833,PAR-006347,PC-EQ-08,2025-04-12,Preventiva,6.8,1,Sello mecánico,1898.0
OT-003615,PAR-004796,PC-EQ-04,2024-11-13,Correctiva,12.0,3,Rodamiento,7658.0
OT-003809,PAR-005035,PC-EQ-04,2026-11-13,Correctiva,21.3,2,Rodamiento,2339.0
OT-003628,PAR-004812,PC-EQ-04,2024-12-31,Correctiva,4.9,1,Sello mecánico,5633.0
OT-003242,PAR-004293,PC-EQ-02,2026-09-19,Correctiva,0.7,1,Motor eléctrico,6604.0
OT-005391,PAR-007109,PC-EQ-10,2026-04-26,Preventiva,11.2,2,Rodamiento,492.0
OT-003340,PAR-004413,PC-EQ-03,2024-01-15,Correctiva,6.4,3,Sello mecánico,1765.0
OT-004768,PAR-006264,PC-EQ-08,2024-05-13,Correctiva,9.3,1,Sensor/instrumento,4507.0
OT-004165,PAR-005479,PC-EQ-05,2026-09-27,Correctiva,7.9,3,Sello mecánico,1771.0
OT-003090,PAR-004084,PC-EQ-02,2024-06-04,Correctiva,12.3,3,Motor eléctrico,7474.0
OT-003976,PAR-005237,PC-EQ-05,2024-09-24,Correctiva,6.0,2,Sensor/instrumento,3284.0
OT-003051,PAR-004029,PC-EQ-01,2027-10-28,Correctiva,18.7,3,Revestimiento (liner),5659.0
OT-003066,PAR-004048,PC-EQ-02,2024-01-20,Preventiva,4.2,1,Ninguno (solo mano de obra),635.0
OT-003184,PAR-004216,PC-EQ-02,2025-12-14,Correctiva,7.5,2,Faja/correa,364.0
OT-004405,PAR-005776,PC-EQ-06,2025-10-29,Correctiva,13.3,3,Faja/correa,3371.0
OT-003688,PAR-004884,PC-EQ-04,2025-08-19,Correctiva,17.1,1,Rodamiento,4272.0
OT-004568,PAR-005983,PC-EQ-07,2024-05-06,Correctiva,3.7,2,Sensor/instrumento,5242.0
OT-004079,PAR-005371,PC-EQ-05,2025-12-04,Correctiva,20.7,1,Motor eléctrico,5323.0
OT-004239,PAR-005569,PC-EQ-05,2027-07-18,Correctiva,6.4,2,Sello mecánico,4662.0
OT-003754,PAR-004966,PC-EQ-04,2026-05-16,Correctiva,29.3,3,Sello mecánico,5124.0
OT-004614,PAR-006047,PC-EQ-07,2025-05-06,Preventiva,7.1,1,Sello mecánico,1635.0
OT-005030,PAR-006613,PC-EQ-09,2024-05-04,Correctiva,0.6,3,Faja/correa,4218.0
OT-005249,PAR-006920,PC-EQ-10,2024-05-14,Preventiva,11.5,2,Rodamiento,1999.0
OT-004579,PAR-005997,PC-EQ-07,2024-08-18,Correctiva,13.1,3,Rodamiento,659.0
OT-003324,PAR-004397,PC-EQ-02,2027-11-13,Correctiva,6.3,2,Sensor/instrumento,6237.0
OT-003435,PAR-004555,PC-EQ-03,2026-01-02,Preventiva,8.6,1,Sello mecánico,80.0
OT-002971,PAR-003915,PC-EQ-01,2026-08-19,Correctiva,1.0,2,Motor eléctrico,1896.0
OT-003211,PAR-004252,PC-EQ-02,2026-04-08,Correctiva,20.1,2,Revestimiento (liner),7335.0
OT-004900,PAR-006434,PC-EQ-08,2026-04-02,Preventiva,8.3,2,Faja/correa,838.0
OT-003464,PAR-004600,PC-EQ-03,2026-07-29,Preventiva,5.2,1,Sensor/instrumento,204.0
OT-004802,PAR-006309,PC-EQ-08,2024-11-18,Correctiva,30.5,2,Revestimiento (liner),5778.0
OT-004572,PAR-005988,PC-EQ-07,2024-06-11,Correctiva,3.2,3,Rodamiento,6475.0
OT-004635,PAR-006074,PC-EQ-07,2025-10-26,Correctiva,5.9,1,Sensor/instrumento,2547.0
OT-004444,PAR-005824,PC-EQ-06,2026-05-20,Preventiva,10.8,3,Ninguno (solo mano de obra),2393.0
OT-004477,PAR-005860,PC-EQ-06,2026-10-24,Correctiva,5.5,3,Sensor/instrumento,3860.0
OT-005082,PAR-006689,PC-EQ-09,2025-07-09,Correctiva,7.5,2,Faja/correa,7749.0
OT-004076,PAR-005367,PC-EQ-05,2025-11-25,Correctiva,9.9,1,Ninguno (solo mano de obra),3352.0
OT-004128,PAR-005432,PC-EQ-05,2026-05-01,Correctiva,2.6,3,Rodamiento,1507.0
OT-003001,PAR-003958,PC-EQ-01,2027-02-15,Correctiva,5.5,3,Motor eléctrico,4726.0
OT-004491,PAR-005877,PC-EQ-06,2026-12-26,Preventiva,6.4,1,Revestimiento (liner),398.0
OT-002991,PAR-003946,PC-EQ-01,2026-12-20,Correctiva,23.6,1,Rodamiento,357.0
OT-004442,PAR-005821,PC-EQ-06,2026-04-27,Preventiva,5.5,3,Faja/correa,69.0
OT-004298,PAR-005639,PC-EQ-06,2024-03-08,Correctiva,12.7,2,Sello mecánico,5311.0
OT-004450,PAR-005830,PC-EQ-06,2026-06-04,Preventiva,8.1,1,Ninguno (solo mano de obra),529.0
OT-004961,PAR-006523,PC-EQ-08,2027-02-18,Preventiva,11.8,1,Sensor/instrumento,373.0
OT-005388,PAR-007106,PC-EQ-10,2026-04-15,Correctiva,8.3,3,Sensor/instrumento,2663.0
OT-005363,PAR-007072,PC-EQ-10,2025-11-28,Correctiva,0.8,1,Sello mecánico,890.0
OT-004866,PAR-006388,PC-EQ-08,2025-09-09,Correctiva,0.7,3,Revestimiento (liner),1035.0
OT-003571,PAR-004740,PC-EQ-04,2024-06-01,Preventiva,5.4,2,Sensor/instrumento,1821.0
OT-003885,PAR-005127,PC-EQ-04,2027-09-20,Preventiva,6.8,2,Ninguno (solo mano de obra),237.0
OT-003880,PAR-005120,PC-EQ-04,2027-08-30,Correctiva,6.1,3,Ninguno (solo mano de obra),124.0
OT-005231,PAR-006893,PC-EQ-10,2024-02-07,Correctiva,2.4,2,Revestimiento (liner),3878.0
OT-004533,PAR-005933,PC-EQ-06,2027-08-23,Correctiva,4.5,3,Sensor/instrumento,1140.0
OT-005075,PAR-006676,PC-EQ-09,2025-04-23,Preventiva,7.9,1,Ninguno (solo mano de obra),1605.0
OT-004641,PAR-006082,PC-EQ-07,2025-11-24,Correctiva,0.7,3,Faja/correa,5111.0
OT-004991,PAR-006567,PC-EQ-08,2027-09-02,Correctiva,2.1,1,Rodamiento,2863.0
OT-003903,PAR-005146,PC-EQ-04,2027-11-21,Preventiva,8.4,1,Ninguno (solo mano de obra),204.0
OT-005144,PAR-006784,PC-EQ-09,2026-08-27,Correctiva,4.7,2,Sello mecánico,3787.0
OT-004574,PAR-005990,PC-EQ-07,2024-07-08,Preventiva,12.1,2,Rodamiento,1151.0
OT-004470,PAR-005853,PC-EQ-06,2026-09-04,Preventiva,7.9,2,Ninguno (solo mano de obra),1982.0
OT-003101,PAR-004101,PC-EQ-02,2024-07-27,Correctiva,0.7,1,Sensor/instrumento,3260.0
OT-004430,PAR-005806,PC-EQ-06,2026-03-03,Correctiva,8.6,3,Ninguno (solo mano de obra),2122.0
OT-003465,PAR-004601,PC-EQ-03,2026-08-03,Correctiva,18.1,2,Motor eléctrico,3609.0
OT-004747,PAR-006236,PC-EQ-08,2024-01-22,Preventiva,6.3,1,Rodamiento,1257.0
OT-004466,PAR-005849,PC-EQ-06,2026-08-20,Preventiva,6.8,2,Sello mecánico,135.0
OT-004224,PAR-005553,PC-EQ-05,2027-05-20,Correctiva,31.8,2,Revestimiento (liner),7976.0
OT-004482,PAR-005865,PC-EQ-06,2026-11-14,Correctiva,9.8,3,Faja/correa,476.0
OT-004398,PAR-005768,PC-EQ-06,2025-10-05,Preventiva,7.6,2,Sensor/instrumento,2391.0
OT-004975,PAR-006543,PC-EQ-08,2027-05-07,Preventiva,8.9,3,Ninguno (solo mano de obra),1157.0
OT-003314,PAR-004384,PC-EQ-02,2027-09-19,Correctiva,5.4,1,Motor eléctrico,6546.0
OT-005222,PAR-006883,PC-EQ-09,2027-12-16,Preventiva,7.3,1,Sensor/instrumento,943.0
OT-002878,PAR-003785,PC-EQ-01,2025-03-14,Correctiva,16.8,2,Rodamiento,7018.0
OT-004912,PAR-006448,PC-EQ-08,2026-05-19,Correctiva,6.8,2,Faja/correa,6290.0
OT-003923,PAR-005173,PC-EQ-05,2024-03-13,Correctiva,18.6,2,Motor eléctrico,6971.0
OT-002810,PAR-003693,PC-EQ-01,2024-03-04,Correctiva,16.1,3,Motor eléctrico,1748.0
OT-004425,PAR-005800,PC-EQ-06,2026-02-11,Correctiva,21.6,1,Motor eléctrico,2274.0
OT-005291,PAR-006976,PC-EQ-10,2024-12-09,Preventiva,8.8,3,Sensor/instrumento,1122.0
OT-005183,PAR-006828,PC-EQ-09,2027-05-06,Correctiva,11.6,1,Motor eléctrico,6212.0
OT-004167,PAR-005481,PC-EQ-05,2026-10-03,Correctiva,9.3,1,Rodamiento,2613.0
OT-004498,PAR-005887,PC-EQ-06,2027-01-28,Correctiva,5.2,2,Motor eléctrico,4492.0
OT-005252,PAR-006925,PC-EQ-10,2024-05-31,Preventiva,9.8,3,Rodamiento,465.0
OT-004028,PAR-005307,PC-EQ-05,2025-05-09,Correctiva,16.1,1,Motor eléctrico,4551.0
OT-004852,PAR-006369,PC-EQ-08,2025-07-06,Correctiva,2.9,1,Sello mecánico,6099.0
OT-003977,PAR-005238,PC-EQ-05,2024-09-26,Correctiva,20.6,3,Sensor/instrumento,1653.0
OT-003172,PAR-004201,PC-EQ-02,2025-09-22,Preventiva,7.2,2,Revestimiento (liner),1541.0
OT-003521,PAR-004683,PC-EQ-03,2027-11-23,Correctiva,11.0,1,Revestimiento (liner),5446.0
OT-004036,PAR-005316,PC-EQ-05,2025-06-20,Correctiva,22.1,1,Rodamiento,1833.0
OT-003269,PAR-004321,PC-EQ-02,2027-01-20,Correctiva,15.5,2,Faja/correa,7675.0
OT-002951,PAR-003890,PC-EQ-01,2026-05-11,Preventiva,5.8,2,Sello mecánico,411.0
OT-004147,PAR-005457,PC-EQ-05,2026-07-16,Correctiva,22.8,1,Faja/correa,7314.0
OT-005502,PAR-007253,PC-EQ-10,2027-11-19,Correctiva,12.7,2,Ninguno (solo mano de obra),7253.0
OT-003311,PAR-004379,PC-EQ-02,2027-09-03,Correctiva,8.6,3,Sello mecánico,3574.0
OT-002975,PAR-003921,PC-EQ-01,2026-09-24,Correctiva,2.5,3,Ninguno (solo mano de obra),4627.0
OT-004463,PAR-005845,PC-EQ-06,2026-08-12,Correctiva,1.7,3,Revestimiento (liner),124.0
OT-005154,PAR-006795,PC-EQ-09,2026-10-08,Preventiva,8.6,2,Rodamiento,2143.0
OT-004612,PAR-006042,PC-EQ-07,2025-04-05,Correctiva,4.1,2,Sello mecánico,1603.0
OT-004066,PAR-005352,PC-EQ-05,2025-10-13,Preventiva,10.8,3,Revestimiento (liner),795.0
OT-003055,PAR-004034,PC-EQ-01,2027-11-15,Correctiva,7.4,1,Ninguno (solo mano de obra),4761.0
OT-004179,PAR-005494,PC-EQ-05,2026-11-09,Correctiva,25.6,3,Revestimiento (liner),79.0
OT-005419,PAR-007149,PC-EQ-10,2026-09-22,Correctiva,3.8,3,Faja/correa,6602.0
OT-003660,PAR-004851,PC-EQ-04,2025-05-07,Correctiva,11.5,1,Faja/correa,83.0
OT-004560,PAR-005973,PC-EQ-07,2024-03-07,Correctiva,0.8,1,Sello mecánico,48.0
OT-004632,PAR-006070,PC-EQ-07,2025-09-23,Preventiva,7.3,3,Ninguno (solo mano de obra),123.0
OT-004926,PAR-006468,PC-EQ-08,2026-08-19,Preventiva,8.5,1,Revestimiento (liner),276.0
OT-003775,PAR-004989,PC-EQ-04,2026-07-20,Correctiva,4.0,1,Rodamiento,3485.0
OT-004805,PAR-006312,PC-EQ-08,2024-11-25,Correctiva,8.3,3,Sello mecánico,5711.0
OT-005451,PAR-007189,PC-EQ-10,2027-02-27,Correctiva,8.3,3,Motor eléctrico,4976.0
OT-004406,PAR-005777,PC-EQ-06,2025-10-30,Correctiva,20.5,2,Ninguno (solo mano de obra),6744.0
OT-003283,PAR-004345,PC-EQ-02,2027-04-07,Correctiva,4.1,1,Sensor/instrumento,6737.0
OT-004244,PAR-005576,PC-EQ-05,2027-08-07,Preventiva,6.6,1,Revestimiento (liner),1885.0
OT-002987,PAR-003941,PC-EQ-01,2026-11-29,Preventiva,7.0,1,Ninguno (solo mano de obra),84.0
OT-003887,PAR-005129,PC-EQ-04,2027-10-09,Preventiva,9.1,3,Sello mecánico,857.0
OT-003116,PAR-004120,PC-EQ-02,2024-10-27,Correctiva,5.2,1,Motor eléctrico,6006.0
OT-003648,PAR-004838,PC-EQ-04,2025-03-20,Correctiva,4.2,3,Revestimiento (liner),310.0
OT-004788,PAR-006288,PC-EQ-08,2024-07-31,Correctiva,10.4,2,Sello mecánico,3341.0
OT-005448,PAR-007185,PC-EQ-10,2027-02-19,Correctiva,0.5,2,Motor eléctrico,5805.0
OT-004663,PAR-006112,PC-EQ-07,2026-04-20,Correctiva,3.8,1,Motor eléctrico,1157.0
OT-002923,PAR-003848,PC-EQ-01,2025-12-23,Correctiva,4.2,3,Motor eléctrico,4266.0
OT-002998,PAR-003954,PC-EQ-01,2027-01-24,Preventiva,8.2,3,Motor eléctrico,1715.0
OT-005501,PAR-007252,PC-EQ-10,2027-11-16,Correctiva,1.0,3,Motor eléctrico,1650.0
OT-003491,PAR-004636,PC-EQ-03,2027-02-20,Preventiva,9.4,2,Rodamiento,335.0
OT-005335,PAR-007034,PC-EQ-10,2025-07-14,Correctiva,4.3,3,Sensor/instrumento,3049.0
OT-003876,PAR-005115,PC-EQ-04,2027-08-10,Correctiva,25.7,1,Faja/correa,3835.0
OT-005102,PAR-006720,PC-EQ-09,2025-11-17,Correctiva,10.3,2,Sensor/instrumento,970.0
OT-005294,PAR-006979,PC-EQ-10,2024-12-30,Preventiva,6.0,2,Rodamiento,1327.0
OT-004061,PAR-005346,PC-EQ-05,2025-09-20,Preventiva,7.7,1,Ninguno (solo mano de obra),1176.0
OT-003255,PAR-004307,PC-EQ-02,2026-11-02,Correctiva,0.4,2,Faja/correa,3161.0
OT-003067,PAR-004049,PC-EQ-02,2024-01-29,Correctiva,9.0,1,Sensor/instrumento,3246.0
OT-004375,PAR-005739,PC-EQ-06,2025-05-22,Correctiva,1.5,1,Ninguno (solo mano de obra),1525.0
OT-004017,PAR-005293,PC-EQ-05,2025-03-28,Correctiva,16.9,2,Sello mecánico,5435.0
OT-004347,PAR-005698,PC-EQ-06,2024-12-02,Correctiva,27.9,2,Sello mecánico,4641.0
OT-003120,PAR-004126,PC-EQ-02,2024-11-21,Correctiva,14.3,3,Ninguno (solo mano de obra),6731.0
OT-003634,PAR-004819,PC-EQ-04,2025-01-14,Correctiva,7.5,1,Rodamiento,3288.0
OT-003844,PAR-005076,PC-EQ-04,2027-05-03,Correctiva,2.9,2,Faja/correa,4823.0
OT-002854,PAR-003753,PC-EQ-01,2024-11-20,Correctiva,2.2,2,Ninguno (solo mano de obra),5873.0
OT-004451,PAR-005831,PC-EQ-06,2026-06-08,Correctiva,8.6,1,Motor eléctrico,3738.0
OT-002999,PAR-003955,PC-EQ-01,2027-02-02,Correctiva,2.0,1,Revestimiento (liner),427.0
OT-003398,PAR-004500,PC-EQ-03,2025-05-07,Preventiva,5.3,2,Sello mecánico,2103.0
OT-004297,PAR-005637,PC-EQ-06,2024-03-02,Correctiva,0.5,2,Sello mecánico,1059.0
OT-004729,PAR-006211,PC-EQ-07,2027-08-29,Correctiva,8.8,2,Revestimiento (liner),4186.0
OT-002874,PAR-003778,PC-EQ-01,2025-02-25,Preventiva,8.5,3,Ninguno (solo mano de obra),1925.0
OT-004628,PAR-006064,PC-EQ-07,2025-08-21,Correctiva,0.7,3,Motor eléctrico,2273.0
OT-005283,PAR-006965,PC-EQ-10,2024-10-24,Correctiva,9.4,3,Ninguno (solo mano de obra),1783.0
OT-003568,PAR-004737,PC-EQ-04,2024-05-21,Correctiva,17.9,2,Motor eléctrico,248.0
OT-003192,PAR-004227,PC-EQ-02,2026-01-17,Correctiva,1.1,1,Revestimiento (liner),1388.0
OT-003745,PAR-004956,PC-EQ-04,2026-04-19,Correctiva,11.2,1,Ninguno (solo mano de obra),4655.0
OT-002994,PAR-003949,PC-EQ-01,2027-01-04,Correctiva,2.9,2,Motor eléctrico,3453.0
OT-004173,PAR-005487,PC-EQ-05,2026-10-23,Correctiva,12.1,1,Faja/correa,4680.0
OT-003061,PAR-004043,PC-EQ-01,2027-12-28,Preventiva,9.5,3,Sello mecánico,2384.0
OT-003543,PAR-004708,PC-EQ-04,2024-03-06,Correctiva,2.8,2,Motor eléctrico,3691.0
OT-002927,PAR-003854,PC-EQ-01,2026-01-15,Correctiva,25.6,3,Sello mecánico,1509.0
OT-003933,PAR-005184,PC-EQ-05,2024-04-15,Correctiva,1.0,3,Sello mecánico,234.0
OT-003438,PAR-004562,PC-EQ-03,2026-01-29,Correctiva,6.9,1,Sello mecánico,1156.0
OT-005081,PAR-006686,PC-EQ-09,2025-06-27,Correctiva,0.8,3,Rodamiento,2111.0
OT-002896,PAR-003805,PC-EQ-01,2025-07-10,Preventiva,8.4,3,Faja/correa,264.0
OT-003816,PAR-005043,PC-EQ-04,2026-12-09,Correctiva,28.6,1,Rodamiento,1638.0
OT-004092,PAR-005388,PC-EQ-05,2026-01-25,Correctiva,28.9,2,Rodamiento,1237.0
OT-003424,PAR-004536,PC-EQ-03,2025-10-29,Correctiva,16.7,2,Sello mecánico,3958.0
OT-002875,PAR-003780,PC-EQ-01,2025-02-25,Correctiva,1.6,2,Rodamiento,4143.0
OT-002934,PAR-003863,PC-EQ-01,2026-02-08,Correctiva,6.2,3,Revestimiento (liner),1836.0
OT-003986,PAR-005251,PC-EQ-05,2024-11-14,Correctiva,2.8,1,Revestimiento (liner),6222.0
OT-002849,PAR-003746,PC-EQ-01,2024-10-21,Correctiva,8.1,3,Faja/correa,7244.0
OT-004738,PAR-006222,PC-EQ-07,2027-11-10,Preventiva,7.9,2,Motor eléctrico,1135.0
OT-004022,PAR-005299,PC-EQ-05,2025-04-14,Preventiva,14.0,1,Revestimiento (liner),224.0
OT-003159,PAR-004181,PC-EQ-02,2025-07-23,Correctiva,0.7,1,Faja/correa,5608.0
OT-003950,PAR-005208,PC-EQ-05,2024-06-30,Correctiva,7.5,3,Ninguno (solo mano de obra),1930.0
OT-003871,PAR-005109,PC-EQ-04,2027-07-31,Correctiva,19.5,2,Rodamiento,4077.0
OT-003611,PAR-004792,PC-EQ-04,2024-10-31,Correctiva,5.4,2,Rodamiento,7863.0
OT-004032,PAR-005312,PC-EQ-05,2025-06-11,Preventiva,7.4,3,Ninguno (solo mano de obra),1589.0
OT-003191,PAR-004226,PC-EQ-02,2026-01-13,Correctiva,0.6,1,Motor eléctrico,1833.0
OT-003719,PAR-004919,PC-EQ-04,2025-12-14,Correctiva,29.7,2,Motor eléctrico,3332.0
OT-004512,PAR-005908,PC-EQ-06,2027-04-21,Correctiva,3.3,2,,6546.0
OT-004684,PAR-006144,PC-EQ-07,2026-11-02,Correctiva,0.6,3,Revestimiento (liner),6808.0
OT-004421,PAR-005795,PC-EQ-06,2026-02-03,Correctiva,3.3,3,Rodamiento,876.0
OT-003881,PAR-005121,PC-EQ-04,2027-09-03,Correctiva,29.3,1,Revestimiento (liner),567.0
OT-004920,PAR-006459,PC-EQ-08,2026-07-10,Correctiva,4.9,1,Motor eléctrico,1856.0
OT-003833,PAR-005064,PC-EQ-04,2027-03-22,Correctiva,22.1,2,Sello mecánico,7984.0
OT-003598,PAR-004776,PC-EQ-04,2024-09-03,Correctiva,13.8,1,Revestimiento (liner),5324.0
OT-005201,PAR-006851,PC-EQ-09,2027-08-02,Correctiva,1.1,2,Rodamiento,1847.0
OT-005082,PAR-006689,PC-EQ-09,2025-07-09,Correctiva,7.5,2,Faja/correa,7749.0
OT-004717,PAR-006196,PC-EQ-07,2027-06-28,Correctiva,9.1,2,Sensor/instrumento,2217.0
OT-003146,PAR-004163,PC-EQ-02,2025-04-29,Correctiva,1.8,1,Sensor/instrumento,2876.0
OT-005346,PAR-007048,PC-EQ-10,2025-09-01,Correctiva,1.5,2,Revestimiento (liner),2914.0
OT-003748,PAR-004959,PC-EQ-04,2026-04-24,Correctiva,23.7,1,Ninguno (solo mano de obra),520.0
OT-003449,PAR-004576,PC-EQ-03,2026-04-06,Preventiva,7.4,2,Revestimiento (liner),1885.0
OT-004317,PAR-005660,PC-EQ-06,2024-06-03,Correctiva,4.0,1,Revestimiento (liner),1219.0
OT-003046,PAR-004024,PC-EQ-01,2027-10-02,Preventiva,6.7,2,Sello mecánico,1775.0
OT-002857,PAR-003757,PC-EQ-01,2024-12-12,Preventiva,5.8,1,Faja/correa,124.0
OT-003629,PAR-004813,PC-EQ-04,2025-01-04,Correctiva,7.8,2,Rodamiento,6792.0
OT-004773,PAR-006270,PC-EQ-08,2024-06-11,Correctiva,5.2,1,Rodamiento,6027.0
OT-004880,PAR-006406,PC-EQ-08,2025-11-30,Correctiva,20.9,2,Revestimiento (liner),2825.0
OT-004034,PAR-005314,PC-EQ-05,2025-06-14,Correctiva,1.9,3,Sensor/instrumento,5331.0
OT-004627,PAR-006063,PC-EQ-07,2025-08-20,Preventiva,6.5,3,Motor eléctrico,2415.0
OT-004333,PAR-005681,PC-EQ-06,2024-08-24,Correctiva,7.1,3,Motor eléctrico,1187.0
OT-004013,PAR-005289,PC-EQ-05,2025-03-15,Correctiva,26.5,2,Rodamiento,931.0
OT-003734,PAR-004939,PC-EQ-04,2026-02-10,Preventiva,10.9,2,Motor eléctrico,127.0
OT-004119,PAR-005421,PC-EQ-05,2026-04-11,Correctiva,21.5,2,Revestimiento (liner),3873.0
OT-004415,PAR-005787,PC-EQ-06,2025-12-27,Preventiva,9.3,1,Rodamiento,655.0
OT-003509,PAR-004664,PC-EQ-03,2027-08-14,Preventiva,5.5,3,Sello mecánico,814.0
OT-003783,PAR-004998,PC-EQ-04,2026-08-16,Correctiva,20.9,3,Ninguno (solo mano de obra),676.0
OT-005306,PAR-006995,PC-EQ-10,2025-02-20,Correctiva,6.2,1,Rodamiento,4501.0
OT-002844,PAR-003737,PC-EQ-01,2024-09-15,Preventiva,9.7,3,Motor eléctrico,1221.0
OT-005110,PAR-006734,PC-EQ-09,2026-01-20,Correctiva,1.4,2,Revestimiento (liner),5030.0
OT-004230,PAR-005559,PC-EQ-05,2027-06-12,Correctiva,13.5,2,Faja/correa,6900.0
OT-004923,PAR-006464,PC-EQ-08,2026-08-01,Preventiva,7.6,1,Ninguno (solo mano de obra),169.0
OT-003516,PAR-004677,PC-EQ-03,2027-10-28,Preventiva,5.7,2,Sello mecánico,732.0
OT-003760,PAR-004973,PC-EQ-04,2026-06-02,Correctiva,13.7,2,Sello mecánico,2951.0
OT-003632,PAR-004817,PC-EQ-04,2025-01-12,Correctiva,20.9,3,Motor eléctrico,5852.0
OT-004837,PAR-006351,PC-EQ-08,2025-04-20,Correctiva,0.7,1,Revestimiento (liner),4951.0
OT-005219,PAR-006879,PC-EQ-09,2027-12-08,Correctiva,3.0,3,Faja/correa,2342.0
OT-004428,PAR-005804,PC-EQ-06,2026-02-26,Correctiva,3.4,3,Rodamiento,6853.0
OT-005177,PAR-006821,PC-EQ-09,2027-02-23,Correctiva,0.5,3,Sensor/instrumento,3292.0
OT-005321,PAR-007016,PC-EQ-10,2025-05-02,Correctiva,12.8,3,Ninguno (solo mano de obra),5987.0
OT-003800,PAR-005022,PC-EQ-04,2026-10-21,Correctiva,7.0,3,Faja/correa,1476.0
OT-004434,PAR-005811,PC-EQ-06,2026-03-18,Correctiva,4.2,3,Sensor/instrumento,7297.0
OT-004540,PAR-005943,PC-EQ-06,2027-10-01,Preventiva,9.1,3,Motor eléctrico,1955.0
OT-004562,PAR-005975,PC-EQ-07,2024-03-18,Correctiva,3.0,2,Revestimiento (liner),6033.0
OT-005073,PAR-006674,PC-EQ-09,2025-04-08,Preventiva,8.6,2,Ninguno (solo mano de obra),1493.0
OT-004918,PAR-006456,PC-EQ-08,2026-06-29,Correctiva,6.2,3,Revestimiento (liner),5182.0
OT-002904,PAR-003820,PC-EQ-01,2025-09-06,Correctiva,14.9,3,Motor eléctrico,3619.0
OT-004986,PAR-006556,PC-EQ-08,2027-07-24,Preventiva,9.5,2,Sensor/instrumento,1607.0
OT-003288,PAR-004350,PC-EQ-02,2027-04-20,Correctiva,28.6,2,Ninguno (solo mano de obra),3162.0
OT-003437,PAR-004560,PC-EQ-03,2026-01-23,Preventiva,6.7,3,Sensor/instrumento,1213.0
OT-003494,PAR-004641,PC-EQ-03,2027-04-03,Preventiva,11.0,1,Rodamiento,1510.0
OT-002958,PAR-003899,PC-EQ-01,2026-06-22,Preventiva,8.2,2,Revestimiento (liner),71.0
OT-004937,PAR-006487,PC-EQ-08,2026-10-11,Correctiva,20.0,2,Sensor/instrumento,476.0
OT-005033,PAR-006618,PC-EQ-09,2024-05-28,Correctiva,3.4,1,Motor eléctrico,511.0
OT-004201,PAR-005521,PC-EQ-05,2027-02-05,Preventiva,6.1,2,Sello mecánico,1921.0
OT-005223,PAR-006885,PC-EQ-10,2024-01-04,Correctiva,7.9,1,Revestimiento (liner),5215.0
OT-004851,PAR-006368,PC-EQ-08,2025-06-24,Correctiva,9.4,2,Faja/correa,1730.0
OT-003195,PAR-004232,PC-EQ-02,2026-01-25,Correctiva,2.3,3,Motor eléctrico,5935.0
OT-005001,PAR-006577,PC-EQ-08,2027-10-12,Correctiva,18.8,1,Faja/correa,2765.0
OT-002859,PAR-003760,PC-EQ-01,2024-12-23,Correctiva,4.4,1,Revestimiento (liner),3533.0
OT-003489,PAR-004632,PC-EQ-03,2027-02-02,Preventiva,9.0,3,Motor eléctrico,1666.0
OT-005198,PAR-006845,PC-EQ-09,2027-07-18,Correctiva,1.1,2,Faja/correa,826.0
OT-004755,PAR-006247,PC-EQ-08,2024-02-28,Correctiva,1.8,2,Rodamiento,182.0
OT-004692,PAR-006155,PC-EQ-07,2027-01-07,Correctiva,11.3,2,Rodamiento,2403.0
OT-005060,PAR-006658,PC-EQ-09,2025-01-11,Correctiva,4.6,2,Faja/correa,6726.0
OT-005200,PAR-006850,PC-EQ-09,2027-07-31,Correctiva,30.3,3,Sello mecánico,3262.0
OT-005194,PAR-006841,PC-EQ-09,2027-06-09,Preventiva,5.5,2,Motor eléctrico,579.0
OT-004743,PAR-006231,PC-EQ-07,2027-12-23,Preventiva,6.6,2,Faja/correa,745.0
OT-003524,PAR-004687,PC-EQ-03,2027-12-08,Correctiva,5.5,1,Sensor/instrumento,3310.0
OT-004374,PAR-005737,PC-EQ-06,2025-05-13,Correctiva,20.4,1,Faja/correa,7012.0
OT-003835,PAR-005066,PC-EQ-04,2027-03-25,Correctiva,3.5,1,Faja/correa,5842.0
OT-004252,PAR-005586,PC-EQ-05,2027-09-11,Preventiva,11.0,1,Ninguno (solo mano de obra),309.0
OT-004608,PAR-006036,PC-EQ-07,2025-03-10,Preventiva,9.5,3,Sensor/instrumento,158.0
OT-003343,PAR-004416,PC-EQ-03,2024-01-29,Correctiva,3.7,2,Motor eléctrico,6958.0
OT-004107,PAR-005405,PC-EQ-05,2026-03-05,Correctiva,31.4,1,Motor eléctrico,5595.0
OT-002977,PAR-003925,PC-EQ-01,2026-10-07,Correctiva,20.0,1,Sello mecánico,7378.0
OT-002960,PAR-003901,PC-EQ-01,2026-07-01,Correctiva,0.7,3,Motor eléctrico,5497.0
OT-004848,PAR-006364,PC-EQ-08,2025-06-15,Correctiva,5.5,2,Rodamiento,1420.0
OT-004911,PAR-006447,PC-EQ-08,2026-05-18,Correctiva,4.3,2,Revestimiento (liner),333.0
OT-004898,PAR-006432,PC-EQ-08,2026-03-13,Preventiva,7.6,3,Sensor/instrumento,147.0
OT-004939,PAR-006489,PC-EQ-08,2026-10-16,Correctiva,3.7,3,Sensor/instrumento,5344.0
OT-003182,PAR-004214,PC-EQ-02,2025-11-27,Preventiva,3.7,3,Sensor/instrumento,1530.0
OT-004320,PAR-005663,PC-EQ-06,2024-06-17,Correctiva,9.1,1,Ninguno (solo mano de obra),6156.0
OT-005079,PAR-006683,PC-EQ-09,2025-05-30,Preventiva,12.9,1,Motor eléctrico,238.0
OT-003865,PAR-005101,PC-EQ-04,2027-07-09,Correctiva,16.4,3,Faja/correa,5494.0
OT-002805,PAR-003688,PC-EQ-01,2024-02-05,Preventiva,8.1,2,Sensor/instrumento,5.0
OT-005152,PAR-006793,PC-EQ-09,2026-10-01,Correctiva,4.6,1,Revestimiento (liner),6244.0
OT-003069,PAR-004051,PC-EQ-02,2024-02-04,Preventiva,5.3,1,Rodamiento,232.0
OT-004637,PAR-006076,PC-EQ-07,2025-11-02,Preventiva,3.4,3,Faja/correa,1626.0
OT-005434,PAR-007168,PC-EQ-10,2026-12-07,Correctiva,5.2,1,Ninguno (solo mano de obra),1168.0
OT-003196,PAR-004233,PC-EQ-02,2026-01-27,Correctiva,2.3,3,Ninguno (solo mano de obra),382.0
OT-002821,PAR-003705,PC-EQ-01,2024-05-04,Preventiva,6.3,1,Faja/correa,1477.0
OT-004332,PAR-005679,PC-EQ-06,2024-08-21,Correctiva,11.2,1,Motor eléctrico,6381.0
OT-005237,PAR-006903,PC-EQ-10,2024-03-19,Correctiva,13.3,3,Ninguno (solo mano de obra),4386.0
OT-003815,PAR-005041,PC-EQ-04,2026-12-04,Preventiva,7.8,2,Sensor/instrumento,1055.0
OT-004737,PAR-006221,PC-EQ-07,2027-11-01,Correctiva,4.0,2,Sensor/instrumento,3664.0
OT-004397,PAR-005767,PC-EQ-06,2025-10-02,Correctiva,2.6,2,Ninguno (solo mano de obra),5964.0
OT-005046,PAR-006636,PC-EQ-09,2024-10-01,Correctiva,15.4,1,Motor eléctrico,6642.0
OT-004180,PAR-005496,PC-EQ-05,2026-11-17,Correctiva,16.8,2,Sello mecánico,919.0
OT-003620,PAR-004802,PC-EQ-04,2024-12-03,Correctiva,22.7,2,Faja/correa,2514.0
OT-004745,PAR-006234,PC-EQ-08,2024-01-05,Correctiva,3.5,1,Faja/correa,3413.0
OT-004856,PAR-006374,PC-EQ-08,2025-07-27,Correctiva,1.5,2,Motor eléctrico,682.0
OT-005326,PAR-007023,PC-EQ-10,2025-06-05,Correctiva,21.4,2,Sello mecánico,4354.0
OT-005205,PAR-006857,PC-EQ-09,2027-09-04,Correctiva,4.6,3,Rodamiento,1462.0
OT-003162,PAR-004185,PC-EQ-02,2025-08-01,Correctiva,1.0,1,Sello mecánico,1717.0
OT-003129,PAR-004138,PC-EQ-02,2025-01-11,Correctiva,11.1,1,Faja/correa,3586.0
OT-005341,PAR-007043,PC-EQ-10,2025-08-23,Correctiva,2.3,2,Revestimiento (liner),2764.0
OT-004662,PAR-006109,PC-EQ-07,2026-04-08,Preventiva,6.6,3,Sensor/instrumento,1528.0
OT-005396,PAR-007117,PC-EQ-10,2026-05-30,Correctiva,25.0,2,Sensor/instrumento,5238.0
OT-004999,PAR-006575,PC-EQ-08,2027-09-28,Preventiva,4.5,1,Ninguno (solo mano de obra),2142.0
OT-003321,PAR-004391,PC-EQ-02,2027-10-16,Correctiva,4.1,3,Revestimiento (liner),7633.0
OT-004516,PAR-005914,PC-EQ-06,2027-05-31,Correctiva,0.8,2,Sello mecánico,4680.0
OT-003244,PAR-004295,PC-EQ-02,2026-09-24,Correctiva,11.1,1,Revestimiento (liner),2637.0
OT-003555,PAR-004723,PC-EQ-04,2024-04-12,Correctiva,10.8,2,Sensor/instrumento,7336.0
OT-004455,PAR-005835,PC-EQ-06,2026-06-29,Correctiva,13.8,1,Motor eléctrico,3484.0
OT-004744,PAR-006233,PC-EQ-08,2024-01-04,Correctiva,8.1,2,Sello mecánico,753.0
OT-003912,PAR-005159,PC-EQ-04,2027-12-30,Preventiva,6.5,2,Rodamiento,2013.0
OT-005217,PAR-006875,PC-EQ-09,2027-11-23,Preventiva,4.0,3,Faja/correa,649.0
OT-004816,PAR-006328,PC-EQ-08,2025-01-25,Preventiva,12.3,3,Revestimiento (liner),1655.0
OT-004362,PAR-005716,PC-EQ-06,2025-03-07,Correctiva,4.3,3,Revestimiento (liner),4833.0
OT-004638,PAR-006077,PC-EQ-07,2025-11-07,Correctiva,10.5,3,Sensor/instrumento,321.0
OT-004404,PAR-005775,PC-EQ-06,2025-10-28,Correctiva,4.2,2,,5320.0
OT-003177,PAR-004206,PC-EQ-02,2025-10-25,Preventiva,5.4,3,Rodamiento,1777.0
OT-005190,PAR-006837,PC-EQ-09,2027-05-27,Correctiva,4.3,1,Sello mecánico,2921.0
OT-004766,PAR-006260,PC-EQ-08,2024-04-30,Preventiva,10.7,2,Ninguno (solo mano de obra),1751.0
OT-005228,PAR-006890,PC-EQ-10,2024-01-29,Correctiva,9.8,1,Motor eléctrico,3573.0
OT-004296,PAR-005636,PC-EQ-06,2024-02-27,Preventiva,4.7,1,Ninguno (solo mano de obra),270.0
OT-004963,PAR-006526,PC-EQ-08,2027-03-03,Correctiva,1.6,3,Revestimiento (liner),1964.0
OT-003461,PAR-004597,PC-EQ-03,2026-07-17,Correctiva,3.9,3,Rodamiento,5337.0
OT-004163,PAR-005477,PC-EQ-05,2026-09-24,Correctiva,9.0,1,Revestimiento (liner),5061.0
OT-003894,PAR-005137,PC-EQ-04,2027-10-22,Correctiva,29.8,3,Faja/correa,6316.0
OT-003591,PAR-004765,PC-EQ-04,2024-08-10,Correctiva,29.7,2,Sello mecánico,4471.0
OT-005329,PAR-007026,PC-EQ-10,2025-06-10,Preventiva,11.7,3,Faja/correa,2428.0
OT-002870,PAR-003773,PC-EQ-01,2025-02-13,Correctiva,0.5,3,Sensor/instrumento,4905.0
OT-005236,PAR-006902,PC-EQ-10,2024-03-14,Preventiva,10.4,3,Revestimiento (liner),675.0
OT-003035,PAR-004010,PC-EQ-01,2027-08-09,Correctiva,6.9,3,Sensor/instrumento,985.0
OT-003268,PAR-004320,PC-EQ-02,2027-01-17,Correctiva,11.4,1,Ninguno (solo mano de obra),3108.0
OT-005336,PAR-007035,PC-EQ-10,2025-07-16,Preventiva,6.3,3,Sensor/instrumento,2389.0
OT-004117,PAR-005419,PC-EQ-05,2026-04-05,Correctiva,13.1,1,Faja/correa,4110.0
OT-003652,PAR-004842,PC-EQ-04,2025-04-01,Correctiva,31.6,2,Ninguno (solo mano de obra),1051.0
OT-003499,PAR-004646,PC-EQ-03,2027-05-09,Correctiva,3.5,3,Sello mecánico,2533.0
OT-005118,PAR-006746,PC-EQ-09,2026-03-13,Preventiva,7.4,2,Revestimiento (liner),334.0
OT-003207,PAR-004247,PC-EQ-02,2026-03-19,Correctiva,9.4,2,Motor eléctrico,3517.0
OT-004657,PAR-006101,PC-EQ-07,2026-02-27,Correctiva,8.7,3,Ninguno (solo mano de obra),5575.0
OT-004082,PAR-005375,PC-EQ-05,2025-12-14,Correctiva,1.6,2,Motor eléctrico,6520.0
OT-004338,PAR-005687,PC-EQ-06,2024-09-26,Correctiva,1.8,2,Motor eléctrico,5926.0
OT-003590,PAR-004763,PC-EQ-04,2024-08-09,Correctiva,31.4,3,,3988.0
OT-004350,PAR-005701,PC-EQ-06,2024-12-14,Correctiva,1.1,1,Sello mecánico,3403.0
OT-004787,PAR-006287,PC-EQ-08,2024-07-29,Correctiva,10.8,1,Sensor/instrumento,5156.0
OT-004541,PAR-005944,PC-EQ-06,2027-10-02,Correctiva,2.4,1,Faja/correa,2807.0
OT-004593,PAR-006012,PC-EQ-07,2024-10-23,Preventiva,4.4,3,Ninguno (solo mano de obra),551.0
OT-005333,PAR-007032,PC-EQ-10,2025-07-08,Correctiva,17.6,1,Sensor/instrumento,1954.0
OT-003038,PAR-004014,PC-EQ-01,2027-08-17,Correctiva,16.5,3,Ninguno (solo mano de obra),372.0
OT-003443,PAR-004568,PC-EQ-03,2026-02-16,Correctiva,0.4,1,Faja/correa,201.0
OT-004830,PAR-006344,PC-EQ-08,2025-03-28,Correctiva,7.9,2,Sensor/instrumento,4974.0
OT-004914,PAR-006451,PC-EQ-08,2026-06-05,Correctiva,10.4,3,Revestimiento (liner),5878.0
OT-003402,PAR-004506,PC-EQ-03,2025-05-23,Preventiva,7.4,3,Ninguno (solo mano de obra),956.0
OT-003114,PAR-004117,PC-EQ-02,2024-10-11,Preventiva,8.4,3,Ninguno (solo mano de obra),1320.0
OT-004381,PAR-005747,PC-EQ-06,2025-07-08,Correctiva,17.1,1,Motor eléctrico,7444.0
OT-002828,PAR-003715,PC-EQ-01,2024-06-21,Preventiva,6.2,2,Sensor/instrumento,1227.0
OT-003138,PAR-004150,PC-EQ-02,2025-03-06,Correctiva,1.2,2,Faja/correa,7192.0
OT-004104,PAR-005401,PC-EQ-05,2026-02-24,Correctiva,2.7,1,Faja/correa,3388.0
OT-004908,PAR-006444,PC-EQ-08,2026-05-11,Preventiva,11.1,3,Revestimiento (liner),1596.0
OT-003607,PAR-004785,PC-EQ-04,2024-10-15,Correctiva,0.8,3,Revestimiento (liner),3009.0
OT-005322,PAR-007018,PC-EQ-10,2025-05-11,Correctiva,4.8,2,Sensor/instrumento,215.0
OT-005310,PAR-007001,PC-EQ-10,2025-03-18,Correctiva,19.7,3,Rodamiento,7196.0
OT-003303,PAR-004370,PC-EQ-02,2027-07-20,Preventiva,6.1,1,Revestimiento (liner),970.0
OT-004105,PAR-005403,PC-EQ-05,2026-02-26,Correctiva,4.3,2,Rodamiento,4202.0
OT-003366,PAR-004450,PC-EQ-03,2024-08-03,Correctiva,1.7,3,Sensor/instrumento,6766.0
OT-004791,PAR-006292,PC-EQ-08,2024-09-03,Preventiva,6.2,2,Ninguno (solo mano de obra),2436.0
OT-005497,PAR-007247,PC-EQ-10,2027-11-02,Correctiva,23.9,1,Ninguno (solo mano de obra),5778.0
OT-005385,PAR-007103,PC-EQ-10,2026-04-05,Correctiva,0.7,2,Ninguno (solo mano de obra),3461.0
OT-004647,PAR-006089,PC-EQ-07,2025-12-10,Correctiva,6.0,2,Revestimiento (liner),1092.0
OT-005271,PAR-006948,PC-EQ-10,2024-08-25,Correctiva,4.5,3,Motor eléctrico,6801.0
OT-004854,PAR-006371,PC-EQ-08,2025-07-10,Correctiva,6.1,1,Sello mecánico,2344.0
OT-003002,PAR-003959,PC-EQ-01,2027-02-27,Correctiva,9.8,2,Sello mecánico,4437.0
OT-004904,PAR-006440,PC-EQ-08,2026-04-18,Preventiva,4.8,1,Rodamiento,202.0
OT-004493,PAR-005880,PC-EQ-06,2027-01-14,Preventiva,5.0,3,Ninguno (solo mano de obra),849.0
OT-002905,PAR-003822,PC-EQ-01,2025-09-16,Correctiva,6.2,3,Revestimiento (liner),6825.0
OT-003644,PAR-004833,PC-EQ-04,2025-03-02,Correctiva,3.3,1,Sensor/instrumento,6610.0
OT-003092,PAR-004087,PC-EQ-02,2024-06-21,Preventiva,13.7,2,Revestimiento (liner),132.0
OT-003188,PAR-004221,PC-EQ-02,2026-01-04,Preventiva,4.8,3,Sello mecánico,551.0
OT-003036,PAR-004011,PC-EQ-01,2027-08-10,Correctiva,0.9,3,Ninguno (solo mano de obra),7098.0
OT-004901,PAR-006435,PC-EQ-08,2026-04-03,Correctiva,5.3,3,Ninguno (solo mano de obra),1296.0
OT-005471,PAR-007214,PC-EQ-10,2027-06-23,Correctiva,3.6,3,Sensor/instrumento,6989.0
OT-004078,PAR-005369,PC-EQ-05,2025-12-02,Correctiva,5.6,2,Sensor/instrumento,1495.0
OT-003589,PAR-004762,PC-EQ-04,2024-08-03,Correctiva,6.0,1,Sello mecánico,5552.0
OT-004599,PAR-006022,PC-EQ-07,2024-12-24,Correctiva,5.7,1,Sello mecánico,5161.0
OT-004983,PAR-006553,PC-EQ-08,2027-06-21,Correctiva,10.5,3,Sello mecánico,665.0
OT-003776,PAR-004990,PC-EQ-04,2026-07-22,Preventiva,10.0,3,Motor eléctrico,2493.0
OT-003635,PAR-004821,PC-EQ-04,2025-01-15,Correctiva,1.6,1,Faja/correa,2643.0
OT-004943,PAR-006493,PC-EQ-08,2026-11-05,Preventiva,7.9,1,Ninguno (solo mano de obra),875.0
OT-003457,PAR-004590,PC-EQ-03,2026-06-01,Correctiva,1.7,3,Rodamiento,3682.0
OT-004418,PAR-005790,PC-EQ-06,2026-01-15,Preventiva,6.9,3,Ninguno (solo mano de obra),1918.0
OT-003485,PAR-004627,PC-EQ-03,2027-01-02,Correctiva,4.4,1,Motor eléctrico,2977.0
OT-002901,PAR-003816,PC-EQ-01,2025-08-26,Correctiva,4.5,1,Sensor/instrumento,7335.0
OT-005071,PAR-006672,PC-EQ-09,2025-04-02,Correctiva,7.4,1,Faja/correa,4673.0
OT-005136,PAR-006775,PC-EQ-09,2026-07-13,Preventiva,6.8,2,Sello mecánico,1874.0
OT-003351,PAR-004429,PC-EQ-03,2024-04-05,Preventiva,7.9,3,Sensor/instrumento,1185.0
OT-003403,PAR-004507,PC-EQ-03,2025-06-07,Preventiva,7.0,3,Ninguno (solo mano de obra),832.0
OT-004274,PAR-005609,PC-EQ-05,2027-11-23,Correctiva,25.7,3,Faja/correa,3780.0
OT-004387,PAR-005756,PC-EQ-06,2025-08-07,Preventiva,7.7,2,Faja/correa,990.0
OT-003373,PAR-004459,PC-EQ-03,2024-09-24,Correctiva,5.3,2,Sello mecánico,7168.0
OT-003824,PAR-005053,PC-EQ-04,2027-02-04,Correctiva,18.9,3,Sensor/instrumento,1967.0
OT-003022,PAR-003988,PC-EQ-01,2027-06-09,Preventiva,8.8,2,Sensor/instrumento,1398.0
OT-004346,PAR-005697,PC-EQ-06,2024-11-30,Preventiva,5.6,3,Revestimiento (liner),592.0
OT-003109,PAR-004111,PC-EQ-02,2024-09-09,Correctiva,12.9,2,Rodamiento,5983.0
OT-004257,PAR-005591,PC-EQ-05,2027-09-26,Correctiva,17.1,1,Revestimiento (liner),3331.0
OT-004290,PAR-005628,PC-EQ-06,2024-01-21,Correctiva,1.3,2,Faja/correa,1864.0
OT-005330,PAR-007027,PC-EQ-10,2025-06-10,Correctiva,1.4,2,Faja/correa,4331.0
OT-003545,PAR-004710,PC-EQ-04,2024-03-12,Correctiva,17.3,2,Sensor/instrumento,944.0
OT-004196,PAR-005514,PC-EQ-05,2027-01-15,Correctiva,4.2,3,,1750.0
OT-004751,PAR-006242,PC-EQ-08,2024-02-09,Preventiva,6.0,1,,920.0
OT-004588,PAR-006006,PC-EQ-07,2024-10-01,Correctiva,0.5,3,Ninguno (solo mano de obra),788.0
OT-004002,PAR-005271,PC-EQ-05,2025-01-13,Correctiva,7.6,1,Sello mecánico,2053.0
OT-004327,PAR-005672,PC-EQ-06,2024-07-22,Correctiva,10.3,2,Ninguno (solo mano de obra),7281.0
OT-003110,PAR-004112,PC-EQ-02,2024-09-18,Preventiva,6.3,1,Sello mecánico,1798.0
OT-004152,PAR-005464,PC-EQ-05,2026-08-02,Preventiva,10.0,1,Sensor/instrumento,335.0
OT-004303,PAR-005644,PC-EQ-06,2024-03-28,Correctiva,4.0,1,Revestimiento (liner),3248.0
OT-003023,PAR-003990,PC-EQ-01,2027-06-11,Correctiva,2.4,3,Motor eléctrico,4583.0
OT-002825,PAR-003709,PC-EQ-01,2024-05-28,Correctiva,31.7,2,Ninguno (solo mano de obra),7103.0
OT-003486,PAR-004628,PC-EQ-03,2027-01-04,Correctiva,3.9,2,Sello mecánico,2423.0
OT-005138,PAR-006777,PC-EQ-09,2026-07-22,Correctiva,4.5,2,Motor eléctrico,783.0
OT-003179,PAR-004209,PC-EQ-02,2025-11-12,Preventiva,7.8,2,Sello mecánico,605.0
OT-004148,PAR-005459,PC-EQ-05,2026-07-19,Correctiva,4.4,2,Sello mecánico,1592.0
OT-005005,PAR-006586,PC-EQ-08,2027-11-07,Correctiva,9.0,3,Rodamiento,4934.0
OT-004355,PAR-005707,PC-EQ-06,2025-01-17,Correctiva,1.8,3,Ninguno (solo mano de obra),6273.0
OT-003560,PAR-004728,PC-EQ-04,2024-04-22,Correctiva,2.0,1,Sensor/instrumento,1638.0
OT-005424,PAR-007155,PC-EQ-10,2026-10-12,Correctiva,16.7,3,Rodamiento,2708.0
OT-002974,PAR-003920,PC-EQ-01,2026-09-07,Preventiva,4.6,3,Sensor/instrumento,1072.0
OT-003030,PAR-004002,PC-EQ-01,2027-07-19,Correctiva,1.8,3,Sello mecánico,2224.0
OT-003503,PAR-004655,PC-EQ-03,2027-06-22,Correctiva,3.3,3,Faja/correa,4665.0
OT-003313,PAR-004383,PC-EQ-02,2027-09-18,Correctiva,23.1,2,Motor eléctrico,1398.0
OT-003480,PAR-004621,PC-EQ-03,2026-11-25,Correctiva,8.9,2,Sello mecánico,3480.0
OT-003301,PAR-004367,PC-EQ-02,2027-07-13,Correctiva,1.0,2,Revestimiento (liner),376.0
OT-003920,PAR-005169,PC-EQ-05,2024-02-27,Correctiva,6.9,3,Faja/correa,3089.0
OT-004858,PAR-006377,PC-EQ-08,2025-08-06,Correctiva,4.3,2,Sensor/instrumento,4507.0
OT-003062,PAR-004044,PC-EQ-02,2024-01-08,Correctiva,10.2,1,Ninguno (solo mano de obra),986.0
OT-004595,PAR-006015,PC-EQ-07,2024-11-15,Preventiva,8.4,1,Revestimiento (liner),203.0
OT-003217,PAR-004261,PC-EQ-02,2026-05-05,Correctiva,8.3,2,Motor eléctrico,2820.0
OT-004459,PAR-005841,PC-EQ-06,2026-07-21,Correctiva,4.5,2,Revestimiento (liner),7083.0
OT-003147,PAR-004165,PC-EQ-02,2025-05-10,Correctiva,8.5,3,Motor eléctrico,3696.0
OT-002950,PAR-003889,PC-EQ-01,2026-05-05,Correctiva,2.8,2,Faja/correa,3535.0
OT-003103,PAR-004105,PC-EQ-02,2024-08-14,Preventiva,9.9,1,Rodamiento,1577.0
OT-004265,PAR-005600,PC-EQ-05,2027-10-19,Preventiva,6.7,2,Motor eléctrico,695.0
OT-002925,PAR-003851,PC-EQ-01,2026-01-04,Preventiva,6.8,1,Ninguno (solo mano de obra),192.0
OT-004282,PAR-005619,PC-EQ-05,2027-12-21,Preventiva,6.7,3,Sensor/instrumento,209.0
OT-004330,PAR-005677,PC-EQ-06,2024-08-11,Correctiva,26.6,2,Motor eléctrico,7291.0
OT-005339,PAR-007038,PC-EQ-10,2025-08-03,Preventiva,6.3,2,Motor eléctrico,921.0
OT-004522,PAR-005922,PC-EQ-06,2027-07-15,Preventiva,8.4,1,Motor eléctrico,873.0
OT-002997,PAR-003952,PC-EQ-01,2027-01-12,Correctiva,31.0,2,Revestimiento (liner),6040.0
OT-003987,PAR-005252,PC-EQ-05,2024-11-15,Correctiva,1.0,2,Motor eléctrico,827.0
OT-004680,PAR-006139,PC-EQ-07,2026-10-16,Correctiva,6.0,3,Ninguno (solo mano de obra),6040.0
OT-003878,PAR-005118,PC-EQ-04,2027-08-23,Correctiva,30.6,1,Ninguno (solo mano de obra),2367.0
OT-004609,PAR-006037,PC-EQ-07,2025-03-20,Correctiva,0.4,1,,4503.0
OT-005387,PAR-007105,PC-EQ-10,2026-04-11,Preventiva,6.9,2,Ninguno (solo mano de obra),1832.0
OT-003166,PAR-004192,PC-EQ-02,2025-08-16,Correctiva,3.7,1,Ninguno (solo mano de obra),3359.0
OT-003096,PAR-004093,PC-EQ-02,2024-07-05,Correctiva,15.8,2,,5229.0
OT-003144,PAR-004160,PC-EQ-02,2025-04-24,Correctiva,1.5,2,Faja/correa,7431.0
OT-003957,PAR-005215,PC-EQ-05,2024-07-23,Correctiva,0.6,2,Rodamiento,4359.0
OT-005337,PAR-007036,PC-EQ-10,2025-07-20,Correctiva,0.6,2,Revestimiento (liner),4855.0
OT-004762,PAR-006255,PC-EQ-08,2024-04-13,Correctiva,2.4,1,Revestimiento (liner),7947.0
OT-003953,PAR-005211,PC-EQ-05,2024-07-06,Preventiva,6.4,1,Faja/correa,2021.0
OT-003305,PAR-004373,PC-EQ-02,2027-08-08,Correctiva,2.0,1,Revestimiento (liner),4789.0
OT-004336,PAR-005685,PC-EQ-06,2024-09-13,Correctiva,1.3,2,Sensor/instrumento,1264.0
OT-003284,PAR-004346,PC-EQ-02,2027-04-11,Correctiva,2.5,1,Sello mecánico,5755.0
OT-005441,PAR-007177,PC-EQ-10,2027-01-17,Preventiva,4.8,3,Rodamiento,983.0
OT-005113,PAR-006738,PC-EQ-09,2026-02-03,Correctiva,8.1,3,Ninguno (solo mano de obra),2889.0
OT-003070,PAR-004053,PC-EQ-02,2024-02-08,Correctiva,29.5,2,Sello mecánico,3973.0
OT-004967,PAR-006530,PC-EQ-08,2027-03-17,Correctiva,23.3,3,Faja/correa,5170.0
OT-004326,PAR-005670,PC-EQ-06,2024-07-20,Preventiva,9.5,2,Ninguno (solo mano de obra),1402.0
OT-004110,PAR-005408,PC-EQ-05,2026-03-10,Correctiva,18.3,3,Sensor/instrumento,4973.0
OT-005061,PAR-006659,PC-EQ-09,2025-01-13,Preventiva,5.0,1,Rodamiento,1676.0
OT-004099,PAR-005396,PC-EQ-05,2026-02-11,Correctiva,8.9,1,Sello mecánico,335.0
OT-003897,PAR-005140,PC-EQ-04,2027-10-29,Correctiva,23.5,1,Ninguno (solo mano de obra),5798.0
OT-005016,PAR-006598,PC-EQ-08,2027-12-20,Correctiva,0.9,2,Sello mecánico,4714.0
OT-003455,PAR-004586,PC-EQ-03,2026-05-18,Correctiva,4.5,1,,1176.0
OT-004626,PAR-006062,PC-EQ-07,2025-08-04,Preventiva,6.9,2,Sensor/instrumento,2262.0
OT-003720,PAR-004920,PC-EQ-04,2025-12-20,Preventiva,10.9,1,Sensor/instrumento,121.0
OT-004018,PAR-005294,PC-EQ-05,2025-03-29,Correctiva,15.7,2,Faja/correa,580.0
OT-002816,PAR-003699,PC-EQ-01,2024-04-08,Correctiva,3.2,2,Revestimiento (liner),6318.0
OT-004778,PAR-006277,PC-EQ-08,2024-07-01,Correctiva,3.9,1,Sensor/instrumento,5148.0
OT-004672,PAR-006123,PC-EQ-07,2026-07-13,Correctiva,10.0,2,Rodamiento,4503.0
OT-004734,PAR-006217,PC-EQ-07,2027-09-25,Preventiva,10.1,1,Sensor/instrumento,272.0
OT-003287,PAR-004349,PC-EQ-02,2027-04-17,Correctiva,8.5,1,Sensor/instrumento,3700.0
OT-003233,PAR-004284,PC-EQ-02,2026-08-23,Preventiva,5.1,2,Sello mecánico,63.0
OT-004054,PAR-005337,PC-EQ-05,2025-08-19,Correctiva,0.8,2,Motor eléctrico,4099.0
OT-003645,PAR-004834,PC-EQ-04,2025-03-05,Correctiva,26.4,2,Revestimiento (liner),1186.0
OT-003849,PAR-005082,PC-EQ-04,2027-05-12,Correctiva,24.0,1,Faja/correa,7306.0
OT-004087,PAR-005381,PC-EQ-05,2025-12-30,Preventiva,6.5,1,Sello mecánico,1123.0
OT-004394,PAR-005763,PC-EQ-06,2025-09-16,Preventiva,9.0,3,Rodamiento,1852.0
OT-002908,PAR-003825,PC-EQ-01,2025-10-11,Preventiva,5.1,1,Motor eléctrico,734.0
OT-005031,PAR-006614,PC-EQ-09,2024-05-09,Preventiva,8.5,1,Revestimiento (liner),532.0
OT-003778,PAR-004992,PC-EQ-04,2026-07-25,Correctiva,0.7,3,Faja/correa,5559.0
OT-005457,PAR-007197,PC-EQ-10,2027-04-12,Correctiva,0.6,3,Sensor/instrumento,2027.0
OT-005374,PAR-007087,PC-EQ-10,2026-02-03,Correctiva,26.5,2,Rodamiento,4832.0
OT-005338,PAR-007037,PC-EQ-10,2025-07-23,Correctiva,2.6,2,Rodamiento,3081.0
OT-003829,PAR-005060,PC-EQ-04,2027-03-04,Correctiva,27.6,1,Sensor/instrumento,7015.0
OT-002862,PAR-003764,PC-EQ-01,2025-01-12,Correctiva,0.5,3,Rodamiento,6360.0
OT-004889,PAR-006418,PC-EQ-08,2026-01-13,Preventiva,7.2,3,Rodamiento,1039.0
OT-003419,PAR-004526,PC-EQ-03,2025-09-08,Preventiva,6.8,3,Sello mecánico,1820.0
OT-004591,PAR-006010,PC-EQ-07,2024-10-14,Correctiva,15.1,2,Sensor/instrumento,6916.0
OT-004388,PAR-005757,PC-EQ-06,2025-08-14,Correctiva,3.4,1,Revestimiento (liner),7165.0
OT-003680,PAR-004875,PC-EQ-04,2025-07-22,Preventiva,4.0,1,Ninguno (solo mano de obra),1035.0
OT-005308,PAR-006998,PC-EQ-10,2025-03-10,Correctiva,10.9,3,Sello mecánico,6259.0
OT-003432,PAR-004551,PC-EQ-03,2025-12-11,Correctiva,6.7,1,Faja/correa,5619.0
OT-004779,PAR-006278,PC-EQ-08,2024-07-03,Correctiva,4.6,1,Revestimiento (liner),1808.0
OT-002922,PAR-003846,PC-EQ-01,2025-12-20,Correctiva,4.4,1,Motor eléctrico,6594.0
OT-004520,PAR-005919,PC-EQ-06,2027-06-30,Preventiva,5.8,2,Revestimiento (liner),2064.0
OT-003769,PAR-004983,PC-EQ-04,2026-06-30,Correctiva,11.3,3,Sello mecánico,305.0
OT-004720,PAR-006202,PC-EQ-07,2027-08-01,Correctiva,5.9,2,Ninguno (solo mano de obra),1759.0
OT-004160,PAR-005474,PC-EQ-05,2026-08-31,Correctiva,3.0,3,Sello mecánico,2123.0
OT-003019,PAR-003985,PC-EQ-01,2027-05-24,Correctiva,1.7,3,Revestimiento (liner),4135.0
OT-003201,PAR-004239,PC-EQ-02,2026-02-12,Preventiva,11.5,1,Motor eléctrico,1091.0
OT-002866,PAR-003769,PC-EQ-01,2025-01-30,Correctiva,8.1,1,Ninguno (solo mano de obra),2351.0
OT-004501,PAR-005893,PC-EQ-06,2027-02-14,Preventiva,12.3,2,Ninguno (solo mano de obra),66.0
OT-004670,PAR-006120,PC-EQ-07,2026-06-22,Correctiva,3.7,1,Motor eléctrico,4398.0
OT-003345,PAR-004418,PC-EQ-03,2024-02-04,Correctiva,1.6,3,Ninguno (solo mano de obra),5307.0
OT-003492,PAR-004639,PC-EQ-03,2027-03-11,Preventiva,8.6,1,Faja/correa,312.0
OT-004817,PAR-006330,PC-EQ-08,2025-02-13,Preventiva,8.9,2,Sello mecánico,1451.0
OT-004964,PAR-006527,PC-EQ-08,2027-03-12,Correctiva,6.2,3,Sensor/instrumento,4405.0
OT-003749,PAR-004960,PC-EQ-04,2026-04-25,Correctiva,16.7,3,Motor eléctrico,5227.0
OT-003072,PAR-004056,PC-EQ-02,2024-02-16,Correctiva,9.7,1,Sensor/instrumento,4950.0
OT-003216,PAR-004259,PC-EQ-02,2026-04-26,Preventiva,4.3,1,Ninguno (solo mano de obra),1437.0
OT-004135,PAR-005443,PC-EQ-05,2026-06-01,Correctiva,24.4,3,Sello mecánico,7313.0
OT-004600,PAR-006023,PC-EQ-07,2024-12-25,Correctiva,10.5,2,Revestimiento (liner),5354.0
OT-003683,PAR-004878,PC-EQ-04,2025-07-29,Correctiva,2.3,3,Revestimiento (liner),1890.0
OT-004604,PAR-006027,PC-EQ-07,2025-01-25,Correctiva,3.0,1,Sello mecánico,2405.0
OT-004946,PAR-006504,PC-EQ-08,2026-12-11,Correctiva,3.5,1,Faja/correa,724.0
OT-003944,PAR-005197,PC-EQ-05,2024-06-02,Preventiva,5.3,3,Rodamiento,989.0
OT-004674,PAR-006126,PC-EQ-07,2026-08-08,Correctiva,5.2,1,Sello mecánico,825.0
OT-004046,PAR-005327,PC-EQ-05,2025-07-25,Correctiva,12.9,3,Sensor/instrumento,4930.0
OT-005413,PAR-007137,PC-EQ-10,2026-07-30,Correctiva,2.9,2,Sensor/instrumento,2831.0
OT-003381,PAR-004471,PC-EQ-03,2024-12-08,Preventiva,4.9,3,Sello mecánico,527.0
OT-004536,PAR-005937,PC-EQ-06,2027-09-02,Correctiva,8.2,3,Motor eléctrico,6319.0
OT-003367,PAR-004451,PC-EQ-03,2024-08-04,Correctiva,0.4,2,Rodamiento,6546.0
OT-004084,PAR-005378,PC-EQ-05,2025-12-17,Correctiva,27.5,1,Revestimiento (liner),7574.0
OT-003071,PAR-004054,PC-EQ-02,2024-02-12,Correctiva,1.6,2,Revestimiento (liner),5603.0
OT-003102,PAR-004102,PC-EQ-02,2024-07-31,Correctiva,13.6,2,Faja/correa,5664.0
OT-004370,PAR-005730,PC-EQ-06,2025-04-16,Correctiva,5.5,1,Ninguno (solo mano de obra),3237.0
OT-003873,PAR-005112,PC-EQ-04,2027-08-03,Correctiva,22.5,1,,4589.0
OT-003326,PAR-004399,PC-EQ-02,2027-11-18,Correctiva,17.1,2,Motor eléctrico,7367.0
OT-003701,PAR-004898,PC-EQ-04,2025-10-05,Correctiva,7.2,2,Rodamiento,7177.0
OT-004449,PAR-005829,PC-EQ-06,2026-06-01,Correctiva,3.1,1,Faja/correa,6281.0
OT-004264,PAR-005599,PC-EQ-05,2027-10-11,Correctiva,18.5,1,Rodamiento,2439.0
OT-003713,PAR-004913,PC-EQ-04,2025-12-01,Correctiva,14.5,2,Ninguno (solo mano de obra),5602.0
OT-005319,PAR-007014,PC-EQ-10,2025-04-26,Correctiva,21.1,2,Sello mecánico,6698.0
OT-004746,PAR-006235,PC-EQ-08,2024-01-15,Correctiva,3.5,2,Faja/correa,5024.0
OT-004439,PAR-005817,PC-EQ-06,2026-04-16,Correctiva,8.4,3,Ninguno (solo mano de obra),7308.0
OT-004467,PAR-005850,PC-EQ-06,2026-08-20,Correctiva,27.2,1,Faja/correa,6436.0
OT-004308,PAR-005651,PC-EQ-06,2024-04-30,Correctiva,4.1,2,Sello mecánico,2395.0
OT-003735,PAR-004943,PC-EQ-04,2026-02-25,Correctiva,5.6,3,Sensor/instrumento,4320.0
OT-005290,PAR-006975,PC-EQ-10,2024-11-24,Correctiva,11.0,3,Rodamiento,679.0
OT-005281,PAR-006961,PC-EQ-10,2024-10-14,Preventiva,5.0,1,Sensor/instrumento,1168.0
OT-003727,PAR-004930,PC-EQ-04,2026-01-09,Correctiva,7.2,1,Ninguno (solo mano de obra),6432.0
OT-005360,PAR-007067,PC-EQ-10,2025-10-28,Correctiva,2.1,1,Sello mecánico,5244.0
OT-003789,PAR-005008,PC-EQ-04,2026-09-15,Preventiva,7.9,3,Sensor/instrumento,59.0
OT-005298,PAR-006984,PC-EQ-10,2025-01-17,Correctiva,0.7,1,Revestimiento (liner),4080.0
OT-004237,PAR-005567,PC-EQ-05,2027-07-11,Correctiva,4.5,2,Ninguno (solo mano de obra),7142.0
OT-004511,PAR-005907,PC-EQ-06,2027-04-20,Correctiva,7.4,2,Rodamiento,1361.0
OT-003329,PAR-004402,PC-EQ-02,2027-11-25,Correctiva,5.4,1,Ninguno (solo mano de obra),383.0
OT-004835,PAR-006349,PC-EQ-08,2025-04-15,Correctiva,10.5,3,Sello mecánico,7133.0
OT-004384,PAR-005753,PC-EQ-06,2025-07-26,Correctiva,29.5,3,Faja/correa,7473.0
OT-004134,PAR-005442,PC-EQ-05,2026-05-27,Correctiva,8.6,1,Sensor/instrumento,3356.0
OT-002921,PAR-003843,PC-EQ-01,2025-12-12,Correctiva,4.7,2,Sello mecánico,7152.0
OT-003400,PAR-004502,PC-EQ-03,2025-05-12,Correctiva,5.8,1,Faja/correa,3953.0
OT-005066,PAR-006666,PC-EQ-09,2025-02-24,Correctiva,3.0,2,Motor eléctrico,6527.0
OT-004096,PAR-005392,PC-EQ-05,2026-02-03,Correctiva,14.0,1,Motor eléctrico,5399.0
OT-003819,PAR-005047,PC-EQ-04,2027-01-15,Preventiva,11.5,1,Revestimiento (liner),217.0
OT-002970,PAR-003914,PC-EQ-01,2026-08-17,Preventiva,6.2,2,Revestimiento (liner),2336.0
OT-003863,PAR-005099,PC-EQ-04,2027-07-05,Correctiva,16.2,2,Ninguno (solo mano de obra),4322.0
OT-002911,PAR-003830,PC-EQ-01,2025-10-29,Correctiva,4.3,2,Sensor/instrumento,2913.0
OT-003643,PAR-004832,PC-EQ-04,2025-02-23,Correctiva,18.4,1,Motor eléctrico,7573.0
OT-002920,PAR-003842,PC-EQ-01,2025-12-12,Preventiva,7.7,3,Faja/correa,2429.0
OT-004587,PAR-006005,PC-EQ-07,2024-09-29,Correctiva,23.6,2,Rodamiento,2726.0
OT-004146,PAR-005456,PC-EQ-05,2026-07-16,Preventiva,7.8,3,Sello mecánico,150.0
OT-002903,PAR-003819,PC-EQ-01,2025-09-04,Preventiva,8.2,2,Revestimiento (liner),1980.0
OT-003852,PAR-005086,PC-EQ-04,2027-05-26,Correctiva,6.2,1,Ninguno (solo mano de obra),1555.0
OT-004077,PAR-005368,PC-EQ-05,2025-11-28,Preventiva,3.6,2,Revestimiento (liner),336.0
OT-003501,PAR-004651,PC-EQ-03,2027-06-06,Preventiva,6.7,1,Motor eléctrico,847.0
OT-004476,PAR-005859,PC-EQ-06,2026-10-14,Preventiva,6.6,3,Motor eléctrico,2400.0
OT-002902,PAR-003817,PC-EQ-01,2025-08-29,Correctiva,5.5,2,Sensor/instrumento,3731.0
OT-003532,PAR-004696,PC-EQ-04,2024-01-21,Correctiva,3.4,3,Sensor/instrumento,4669.0
OT-005368,PAR-007078,PC-EQ-10,2025-12-19,Preventiva,7.7,2,Motor eléctrico,2149.0
OT-004268,PAR-005603,PC-EQ-05,2027-11-06,Correctiva,24.1,2,Faja/correa,3567.0
OT-003695,PAR-004891,PC-EQ-04,2025-09-15,Correctiva,25.2,2,Rodamiento,3414.0
OT-003360,PAR-004444,PC-EQ-03,2024-07-09,Preventiva,6.7,2,Ninguno (solo mano de obra),2006.0
OT-004806,PAR-006314,PC-EQ-08,2024-12-06,Correctiva,0.5,3,Ninguno (solo mano de obra),5759.0
OT-003679,PAR-004874,PC-EQ-04,2025-07-21,Correctiva,1.0,3,Ninguno (solo mano de obra),2012.0
OT-003020,PAR-003986,PC-EQ-01,2027-05-25,Preventiva,5.0,1,Sello mecánico,2286.0
OT-005143,PAR-006783,PC-EQ-09,2026-08-23,Correctiva,5.9,1,Ninguno (solo mano de obra),3883.0
OT-005362,PAR-007069,PC-EQ-10,2025-11-11,Correctiva,2.0,1,Sello mecánico,7794.0
OT-004059,PAR-005343,PC-EQ-05,2025-09-05,Correctiva,22.9,1,Sensor/instrumento,6101.0
OT-003094,PAR-004089,PC-EQ-02,2024-06-23,Correctiva,2.4,2,Sello mecánico,3669.0
OT-004270,PAR-005605,PC-EQ-05,2027-11-09,Correctiva,6.1,2,Sensor/instrumento,3559.0
OT-004192,PAR-005509,PC-EQ-05,2026-12-30,Correctiva,6.8,1,Ninguno (solo mano de obra),7465.0
OT-003296,PAR-004360,PC-EQ-02,2027-05-21,Correctiva,5.9,2,Rodamiento,7000.0
OT-003300,PAR-004366,PC-EQ-02,2027-07-02,Preventiva,8.5,2,Ninguno (solo mano de obra),2458.0
OT-003573,PAR-004742,PC-EQ-04,2024-06-03,Correctiva,24.3,2,Ninguno (solo mano de obra),2636.0
OT-002932,PAR-003861,PC-EQ-01,2026-02-02,Correctiva,16.9,1,Rodamiento,1561.0
OT-002949,PAR-003886,PC-EQ-01,2026-04-21,Preventiva,7.1,3,Faja/correa,772.0
OT-003988,PAR-005253,PC-EQ-05,2024-11-26,Correctiva,0.6,2,Faja/correa,1280.0
OT-005496,PAR-007246,PC-EQ-10,2027-10-30,Correctiva,19.7,3,Motor eléctrico,7896.0
OT-005168,PAR-006810,PC-EQ-09,2026-12-26,Preventiva,4.8,2,Faja/correa,386.0
OT-004706,PAR-006178,PC-EQ-07,2027-04-03,Preventiva,6.0,2,Faja/correa,305.0
OT-005180,PAR-006825,PC-EQ-09,2027-03-30,Preventiva,6.0,3,Sello mecánico,1880.0
OT-004057,PAR-005340,PC-EQ-05,2025-08-29,Correctiva,11.2,1,Ninguno (solo mano de obra),6072.0
OT-004306,PAR-005649,PC-EQ-06,2024-04-26,Correctiva,0.8,2,Ninguno (solo mano de obra),1603.0
OT-005348,PAR-007051,PC-EQ-10,2025-09-10,Preventiva,8.3,2,Rodamiento,891.0
OT-005503,PAR-007255,PC-EQ-10,2027-11-26,Preventiva,8.9,1,Rodamiento,2309.0
OT-004539,PAR-005940,PC-EQ-06,2027-09-12,Correctiva,14.4,3,Rodamiento,1157.0
OT-003941,PAR-005193,PC-EQ-05,2024-05-23,Correctiva,2.7,1,Sensor/instrumento,5956.0
OT-005266,PAR-006942,PC-EQ-10,2024-08-10,Correctiva,7.1,3,Sensor/instrumento,3459.0
OT-004162,PAR-005476,PC-EQ-05,2026-09-18,Correctiva,6.9,2,Motor eléctrico,5035.0
OT-005352,PAR-007055,PC-EQ-10,2025-09-21,Correctiva,6.8,2,Motor eléctrico,557.0
OT-003065,PAR-004047,PC-EQ-02,2024-01-18,Correctiva,0.7,1,Sello mecánico,5271.0
OT-003647,PAR-004837,PC-EQ-04,2025-03-10,Preventiva,6.9,1,Motor eléctrico,277.0
OT-004159,PAR-005473,PC-EQ-05,2026-08-23,Correctiva,8.8,2,Sello mecánico,5628.0
OT-004836,PAR-006350,PC-EQ-08,2025-04-18,Correctiva,31.4,3,Faja/correa,7478.0
OT-003222,PAR-004271,PC-EQ-02,2026-06-20,Correctiva,0.7,2,Sello mecánico,3646.0
OT-004928,PAR-006473,PC-EQ-08,2026-08-30,Correctiva,14.3,2,Sensor/instrumento,2086.0
OT-005485,PAR-007232,PC-EQ-10,2027-08-29,Correctiva,5.7,3,Revestimiento (liner),7375.0
OT-003441,PAR-004566,PC-EQ-03,2026-02-11,Correctiva,2.7,2,Sello mecánico,5664.0
OT-004571,PAR-005986,PC-EQ-07,2024-06-03,Preventiva,13.1,1,Revestimiento (liner),893.0
OT-003359,PAR-004442,PC-EQ-03,2024-06-20,Preventiva,10.5,3,Faja/correa,1294.0
OT-003163,PAR-004187,PC-EQ-02,2025-08-11,Preventiva,5.9,1,Ninguno (solo mano de obra),2155.0
OT-005421,PAR-007151,PC-EQ-10,2026-09-30,Correctiva,3.3,3,Faja/correa,6408.0
OT-003585,PAR-004758,PC-EQ-04,2024-07-18,Correctiva,3.8,1,Sensor/instrumento,3489.0
OT-004443,PAR-005822,PC-EQ-06,2026-04-28,Correctiva,5.8,2,Revestimiento (liner),3374.0
OT-004299,PAR-005640,PC-EQ-06,2024-03-13,Correctiva,0.8,1,Sello mecánico,507.0
OT-004481,PAR-005864,PC-EQ-06,2026-11-12,Correctiva,4.3,3,Motor eléctrico,4386.0
OT-004164,PAR-005478,PC-EQ-05,2026-09-27,Preventiva,10.1,3,Sello mecánico,1805.0
OT-004570,PAR-005985,PC-EQ-07,2024-05-19,Correctiva,6.2,1,Sello mecánico,6601.0
OT-005253,PAR-006928,PC-EQ-10,2024-06-05,Correctiva,14.5,1,Motor eléctrico,7929.0
OT-004586,PAR-006004,PC-EQ-07,2024-09-24,Correctiva,1.8,3,Ninguno (solo mano de obra),715.0
OT-003355,PAR-004434,PC-EQ-03,2024-04-30,Correctiva,23.9,3,Sello mecánico,6410.0
OT-004675,PAR-006127,PC-EQ-07,2026-08-16,Preventiva,6.0,1,Sensor/instrumento,2325.0
OT-003273,PAR-004328,PC-EQ-02,2027-02-11,Correctiva,6.9,1,Sello mecánico,7016.0
OT-004770,PAR-006266,PC-EQ-08,2024-05-23,Correctiva,2.0,2,Ninguno (solo mano de obra),2948.0
OT-003525,PAR-004688,PC-EQ-03,2027-12-10,Correctiva,12.7,1,Faja/correa,6477.0
OT-003173,PAR-004202,PC-EQ-02,2025-09-29,Correctiva,5.0,1,Rodamiento,780.0
OT-004241,PAR-005571,PC-EQ-05,2027-07-19,Correctiva,30.7,2,Rodamiento,869.0
OT-004861,PAR-006381,PC-EQ-08,2025-08-21,Correctiva,24.2,2,Motor eléctrico,6784.0
OT-004154,PAR-005467,PC-EQ-05,2026-08-08,Correctiva,1.1,1,Revestimiento (liner),4234.0
OT-004621,PAR-006057,PC-EQ-07,2025-06-22,Preventiva,6.8,2,Sensor/instrumento,1060.0
OT-003481,PAR-004622,PC-EQ-03,2026-11-29,Preventiva,6.4,2,Motor eléctrico,1258.0
OT-004669,PAR-006119,PC-EQ-07,2026-06-22,Preventiva,8.4,1,Faja/correa,525.0
OT-005384,PAR-007100,PC-EQ-10,2026-03-19,Preventiva,3.5,1,Rodamiento,1579.0
OT-005160,PAR-006801,PC-EQ-09,2026-11-09,Correctiva,2.7,2,Motor eléctrico,3131.0
OT-004464,PAR-005847,PC-EQ-06,2026-08-17,Correctiva,13.4,3,Motor eléctrico,4619.0
OT-003082,PAR-004068,PC-EQ-02,2024-03-28,Correctiva,2.1,2,Sensor/instrumento,5006.0
OT-004765,PAR-006259,PC-EQ-08,2024-04-29,Correctiva,4.8,3,Motor eléctrico,6869.0
OT-004047,PAR-005328,PC-EQ-05,2025-07-27,Correctiva,7.5,1,Ninguno (solo mano de obra),6081.0
OT-004473,PAR-005856,PC-EQ-06,2026-09-23,Preventiva,9.7,1,Motor eléctrico,1858.0
OT-004896,PAR-006427,PC-EQ-08,2026-02-23,Correctiva,2.0,3,Sello mecánico,4508.0
OT-004544,PAR-005948,PC-EQ-06,2027-10-27,Correctiva,17.3,1,Motor eléctrico,2615.0
OT-004957,PAR-006519,PC-EQ-08,2027-01-31,Correctiva,17.6,1,Faja/correa,3730.0
OT-004728,PAR-006210,PC-EQ-07,2027-08-27,Correctiva,13.4,3,Motor eléctrico,2604.0
OT-003796,PAR-005018,PC-EQ-04,2026-10-15,Correctiva,20.1,3,Motor eléctrico,6140.0
OT-004786,PAR-006286,PC-EQ-08,2024-07-25,Preventiva,5.9,3,Revestimiento (liner),2342.0
OT-004899,PAR-006433,PC-EQ-08,2026-03-21,Correctiva,0.6,3,Rodamiento,3487.0
OT-004735,PAR-006219,PC-EQ-07,2027-10-10,Preventiva,6.2,2,,1341.0
OT-003825,PAR-005054,PC-EQ-04,2027-02-07,Correctiva,7.7,3,Revestimiento (liner),5672.0
OT-005242,PAR-006912,PC-EQ-10,2024-04-14,Preventiva,10.8,2,Sensor/instrumento,1599.0
OT-004643,PAR-006084,PC-EQ-07,2025-12-03,Correctiva,26.6,3,Motor eléctrico,75.0
OT-003334,PAR-004407,PC-EQ-03,2024-01-01,Correctiva,0.6,1,Sello mecánico,3601.0
OT-004767,PAR-006261,PC-EQ-08,2024-04-30,Correctiva,5.7,3,Motor eléctrico,6953.0
OT-005229,PAR-006891,PC-EQ-10,2024-01-30,Correctiva,17.4,1,Faja/correa,5039.0
OT-005463,PAR-007205,PC-EQ-10,2027-05-06,Correctiva,5.6,1,Faja/correa,3822.0
OT-004445,PAR-005825,PC-EQ-06,2026-05-21,Correctiva,0.8,3,Motor eléctrico,576.0
OT-004064,PAR-005349,PC-EQ-05,2025-09-28,Correctiva,3.2,1,Sello mecánico,5740.0
OT-004987,PAR-006557,PC-EQ-08,2027-07-25,Correctiva,2.3,2,Faja/correa,980.0
OT-003692,PAR-004888,PC-EQ-04,2025-09-04,Correctiva,17.8,1,Ninguno (solo mano de obra),6883.0
OT-003362,PAR-004446,PC-EQ-03,2024-07-21,Correctiva,11.8,3,Ninguno (solo mano de obra),4500.0
OT-005080,PAR-006685,PC-EQ-09,2025-06-17,Preventiva,7.1,1,Sensor/instrumento,1733.0
OT-003390,PAR-004484,PC-EQ-03,2025-02-12,Preventiva,9.3,1,Rodamiento,1989.0
OT-005196,PAR-006843,PC-EQ-09,2027-06-30,Preventiva,7.0,2,Sensor/instrumento,371.0
OT-004220,PAR-005544,PC-EQ-05,2027-05-01,Correctiva,13.6,2,Sensor/instrumento,5905.0
OT-004977,PAR-006546,PC-EQ-08,2027-05-21,Preventiva,6.0,3,Faja/correa,1660.0
OT-002860,PAR-003761,PC-EQ-01,2024-12-28,Correctiva,26.7,2,Ninguno (solo mano de obra),1912.0
OT-003118,PAR-004123,PC-EQ-02,2024-11-15,Preventiva,5.6,1,Sensor/instrumento,1227.0
OT-004139,PAR-005447,PC-EQ-05,2026-06-15,Correctiva,8.6,3,Motor eléctrico,2521.0
OT-005181,PAR-006826,PC-EQ-09,2027-04-16,Preventiva,10.9,2,Sensor/instrumento,1196.0
OT-004341,PAR-005691,PC-EQ-06,2024-10-18,Correctiva,25.8,3,Sello mecánico,7626.0
OT-004563,PAR-005976,PC-EQ-07,2024-03-20,Preventiva,10.7,2,Sensor/instrumento,1338.0
OT-005097,PAR-006711,PC-EQ-09,2025-10-19,Preventiva,9.5,3,Rodamiento,2328.0
OT-005446,PAR-007183,PC-EQ-10,2027-01-30,Correctiva,7.0,3,Motor eléctrico,1060.0
OT-003128,PAR-004137,PC-EQ-02,2025-01-06,Correctiva,2.9,1,Revestimiento (liner),4176.0
OT-004390,PAR-005759,PC-EQ-06,2025-08-21,Correctiva,5.2,2,,7496.0
OT-003624,PAR-004806,PC-EQ-04,2024-12-14,Correctiva,22.7,2,Rodamiento,4874.0
OT-003901,PAR-005144,PC-EQ-04,2027-11-12,Correctiva,8.5,3,Revestimiento (liner),6296.0
OT-005265,PAR-006940,PC-EQ-10,2024-08-05,Preventiva,8.5,1,Sensor/instrumento,1444.0
OT-005015,PAR-006597,PC-EQ-08,2027-12-14,Correctiva,2.7,2,Motor eléctrico,3509.0
OT-003218,PAR-004262,PC-EQ-02,2026-05-15,Preventiva,10.4,3,Sensor/instrumento,1314.0
OT-004438,PAR-005816,PC-EQ-06,2026-04-11,Preventiva,8.1,2,Revestimiento (liner),1787.0
OT-004527,PAR-005927,PC-EQ-06,2027-08-04,Correctiva,15.0,1,Sello mecánico,3407.0
OT-003542,PAR-004707,PC-EQ-04,2024-03-05,Correctiva,2.6,3,Revestimiento (liner),3511.0
OT-005206,PAR-006858,PC-EQ-09,2027-09-07,Correctiva,0.9,2,Motor eléctrico,357.0
OT-004545,PAR-005950,PC-EQ-06,2027-11-01,Preventiva,12.4,1,Motor eléctrico,739.0
OT-003527,PAR-004690,PC-EQ-03,2027-12-26,Correctiva,4.2,1,Sensor/instrumento,7417.0
OT-004003,PAR-005274,PC-EQ-05,2025-01-24,Preventiva,9.5,1,Sensor/instrumento,838.0
OT-004322,PAR-005665,PC-EQ-06,2024-07-01,Preventiva,6.7,2,Sensor/instrumento,1192.0
OT-004609,PAR-006037,PC-EQ-07,2025-03-20,Correctiva,0.4,1,,4503.0
OT-003594,PAR-004769,PC-EQ-04,2024-08-21,Correctiva,14.6,2,Motor eléctrico,332.0
OT-005104,PAR-006724,PC-EQ-09,2025-12-03,Correctiva,5.7,3,Faja/correa,5427.0
OT-003699,PAR-004896,PC-EQ-04,2025-09-29,Correctiva,1.4,1,Sensor/instrumento,7512.0
OT-003483,PAR-004624,PC-EQ-03,2026-12-25,Correctiva,2.4,2,Rodamiento,891.0
OT-002914,PAR-003833,PC-EQ-01,2025-11-03,Preventiva,4.9,1,Sello mecánico,1326.0
OT-004058,PAR-005341,PC-EQ-05,2025-08-31,Preventiva,9.1,3,Sello mecánico,1068.0
OT-003250,PAR-004302,PC-EQ-02,2026-10-21,Correctiva,19.8,2,Revestimiento (liner),4076.0
OT-004865,PAR-006387,PC-EQ-08,2025-09-04,Preventiva,5.6,1,Sello mecánico,1887.0
OT-005164,PAR-006805,PC-EQ-09,2026-11-23,Correctiva,14.4,1,Revestimiento (liner),3156.0
OT-004716,PAR-006195,PC-EQ-07,2027-06-26,Preventiva,12.2,1,Motor eléctrico,142.0
OT-004225,PAR-005554,PC-EQ-05,2027-05-22,Correctiva,30.3,3,Ninguno (solo mano de obra),5203.0
OT-003472,PAR-004613,PC-EQ-03,2026-10-10,Correctiva,0.7,1,Faja/correa,7772.0
OT-003113,PAR-004116,PC-EQ-02,2024-10-04,Correctiva,14.9,2,Faja/correa,2807.0
OT-003561,PAR-004729,PC-EQ-04,2024-04-23,Preventiva,8.9,3,Ninguno (solo mano de obra),864.0
OT-004155,PAR-005469,PC-EQ-05,2026-08-15,Correctiva,9.4,1,Faja/correa,1292.0
OT-005256,PAR-006931,PC-EQ-10,2024-06-30,Correctiva,3.5,2,Faja/correa,5431.0
OT-004525,PAR-005925,PC-EQ-06,2027-07-24,Correctiva,7.9,1,Sensor/instrumento,2109.0
OT-005008,PAR-006589,PC-EQ-08,2027-11-12,Correctiva,7.9,3,Sensor/instrumento,147.0
OT-003208,PAR-004249,PC-EQ-02,2026-03-24,Correctiva,7.6,2,Rodamiento,5547.0
OT-004948,PAR-006509,PC-EQ-08,2026-12-22,Correctiva,22.1,1,Sello mecánico,4285.0
OT-004828,PAR-006342,PC-EQ-08,2025-03-24,Correctiva,1.0,1,Faja/correa,2345.0
OT-005274,PAR-006953,PC-EQ-10,2024-09-12,Preventiva,6.5,3,Sello mecánico,1641.0
OT-003803,PAR-005027,PC-EQ-04,2026-11-01,Correctiva,18.8,2,Rodamiento,5644.0
OT-003850,PAR-005083,PC-EQ-04,2027-05-21,Correctiva,0.8,1,Ninguno (solo mano de obra),2036.0
OT-003980,PAR-005241,PC-EQ-05,2024-10-05,Correctiva,4.8,1,Rodamiento,3701.0
OT-004133,PAR-005441,PC-EQ-05,2026-05-24,Correctiva,0.6,2,Sello mecánico,2177.0
OT-005258,PAR-006933,PC-EQ-10,2024-07-10,Correctiva,6.6,3,Revestimiento (liner),3886.0
OT-003356,PAR-004437,PC-EQ-03,2024-05-13,Preventiva,6.6,1,Faja/correa,1989.0
OT-005137,PAR-006776,PC-EQ-09,2026-07-21,Correctiva,6.8,2,Motor eléctrico,5017.0
OT-003576,PAR-004749,PC-EQ-04,2024-06-22,Correctiva,19.9,2,Motor eléctrico,6984.0
OT-003888,PAR-005130,PC-EQ-04,2027-10-10,Correctiva,21.0,3,Revestimiento (liner),7154.0
OT-004664,PAR-006113,PC-EQ-07,2026-04-25,Preventiva,6.6,1,Ninguno (solo mano de obra),668.0
OT-005393,PAR-007113,PC-EQ-10,2026-05-04,Correctiva,0.9,2,Motor eléctrico,7858.0
OT-003714,PAR-004914,PC-EQ-04,2025-12-03,Correctiva,7.3,1,Rodamiento,5024.0
OT-003993,PAR-005261,PC-EQ-05,2024-12-13,Correctiva,10.6,3,Sello mecánico,2215.0
OT-005086,PAR-006697,PC-EQ-09,2025-08-03,Correctiva,7.6,1,Faja/correa,2897.0
OT-003224,PAR-004274,PC-EQ-02,2026-07-07,Correctiva,20.2,2,Faja/correa,4157.0
OT-003401,PAR-004505,PC-EQ-03,2025-05-18,Correctiva,21.3,2,Rodamiento,537.0
OT-004086,PAR-005380,PC-EQ-05,2025-12-28,Correctiva,14.6,2,Rodamiento,196.0
OT-003739,PAR-004948,PC-EQ-04,2026-03-11,Correctiva,16.2,3,Motor eléctrico,501.0
OT-004825,PAR-006338,PC-EQ-08,2025-03-19,Correctiva,2.0,2,Motor eléctrico,5264.0
OT-004597,PAR-006017,PC-EQ-07,2024-12-03,Preventiva,4.0,3,Revestimiento (liner),1811.0
OT-004161,PAR-005475,PC-EQ-05,2026-09-07,Preventiva,7.8,1,Sensor/instrumento,2324.0
OT-003740,PAR-004950,PC-EQ-04,2026-03-19,Preventiva,5.4,2,Ninguno (solo mano de obra),286.0
OT-003331,PAR-004404,PC-EQ-02,2027-12-07,Preventiva,13.1,3,Ninguno (solo mano de obra),197.0
OT-004500,PAR-005890,PC-EQ-06,2027-02-02,Correctiva,1.5,2,Rodamiento,3868.0
OT-003705,PAR-004904,PC-EQ-04,2025-10-26,Preventiva,5.5,1,Sello mecánico,2115.0
OT-003929,PAR-005179,PC-EQ-05,2024-04-06,Preventiva,7.1,1,Sensor/instrumento,2410.0
OT-004288,PAR-005625,PC-EQ-06,2024-01-14,Correctiva,1.0,3,Faja/correa,182.0
OT-002829,PAR-003716,PC-EQ-01,2024-06-24,Correctiva,7.7,1,Revestimiento (liner),776.0
OT-005054,PAR-006650,PC-EQ-09,2024-12-01,Preventiva,11.7,2,Faja/correa,66.0
OT-004340,PAR-005690,PC-EQ-06,2024-10-17,Preventiva,3.6,1,Faja/correa,415.0
OT-003721,PAR-004922,PC-EQ-04,2025-12-21,Correctiva,15.5,2,Sensor/instrumento,7124.0
OT-002898,PAR-003810,PC-EQ-01,2025-08-13,Correctiva,13.2,1,Revestimiento (liner),7166.0
OT-004053,PAR-005336,PC-EQ-05,2025-08-15,Correctiva,6.7,1,Faja/correa,2665.0
OT-003490,PAR-004634,PC-EQ-03,2027-02-10,Correctiva,2.8,1,Motor eléctrico,7497.0
OT-003603,PAR-004781,PC-EQ-04,2024-09-26,Correctiva,11.0,1,Sensor/instrumento,5161.0
OT-004008,PAR-005283,PC-EQ-05,2025-02-19,Correctiva,1.4,3,Sello mecánico,753.0
OT-003021,PAR-003987,PC-EQ-01,2027-05-30,Correctiva,23.1,2,Sensor/instrumento,2792.0
OT-004872,PAR-006396,PC-EQ-08,2025-10-05,Correctiva,1.4,1,Sello mecánico,7301.0
OT-004968,PAR-006532,PC-EQ-08,2027-03-22,Correctiva,7.3,3,Sello mecánico,7495.0
OT-004294,PAR-005633,PC-EQ-06,2024-02-07,Correctiva,19.9,1,Sensor/instrumento,4413.0
OT-005261,PAR-006936,PC-EQ-10,2024-07-22,Preventiva,7.4,3,Ninguno (solo mano de obra),2163.0
OT-004785,PAR-006285,PC-EQ-08,2024-07-23,Correctiva,5.4,2,Revestimiento (liner),5236.0
OT-003117,PAR-004121,PC-EQ-02,2024-11-10,Correctiva,1.1,1,Faja/correa,2955.0
OT-004488,PAR-005873,PC-EQ-06,2026-12-20,Correctiva,9.8,1,Ninguno (solo mano de obra),1049.0
OT-003451,PAR-004579,PC-EQ-03,2026-04-25,Preventiva,9.1,3,Sello mecánico,163.0
OT-003350,PAR-004425,PC-EQ-03,2024-03-22,Preventiva,11.4,3,Rodamiento,813.0
OT-005414,PAR-007138,PC-EQ-10,2026-07-31,Preventiva,6.0,2,Revestimiento (liner),255.0
OT-003528,PAR-004692,PC-EQ-04,2024-01-12,Correctiva,20.9,1,Revestimiento (liner),2287.0
OT-002867,PAR-003770,PC-EQ-01,2025-01-31,Correctiva,8.3,3,Rodamiento,3696.0
OT-005144,PAR-006784,PC-EQ-09,2026-08-27,Correctiva,4.7,2,Sello mecánico,3787.0
OT-004555,PAR-005967,PC-EQ-07,2024-01-21,Correctiva,1.3,3,Faja/correa,5867.0
OT-003024,PAR-003991,PC-EQ-01,2027-06-20,Correctiva,4.3,1,Rodamiento,7681.0
OT-002804,PAR-003687,PC-EQ-01,2024-01-27,Correctiva,6.3,1,Ninguno (solo mano de obra),5438.0
OT-003707,PAR-004907,PC-EQ-04,2025-11-11,Correctiva,7.9,1,Rodamiento,7484.0
OT-003031,PAR-004003,PC-EQ-01,2027-07-20,Preventiva,8.4,2,Sensor/instrumento,1380.0
OT-004954,PAR-006516,PC-EQ-08,2027-01-20,Correctiva,4.7,1,Sensor/instrumento,3214.0
OT-003275,PAR-004331,PC-EQ-02,2027-02-18,Correctiva,3.5,2,Revestimiento (liner),2525.0
OT-004123,PAR-005425,PC-EQ-05,2026-04-15,Correctiva,17.7,2,Sensor/instrumento,7986.0
OT-004950,PAR-006511,PC-EQ-08,2026-12-31,Preventiva,8.6,2,Revestimiento (liner),1848.0
OT-003496,PAR-004643,PC-EQ-03,2027-04-21,Preventiva,5.3,3,Faja/correa,1084.0
OT-003357,PAR-004440,PC-EQ-03,2024-05-29,Preventiva,7.0,1,Sensor/instrumento,736.0
OT-003834,PAR-005065,PC-EQ-04,2027-03-24,Preventiva,8.2,3,Sello mecánico,1345.0
OT-004312,PAR-005655,PC-EQ-06,2024-05-17,Preventiva,9.0,1,Faja/correa,1206.0
OT-004936,PAR-006483,PC-EQ-08,2026-10-03,Preventiva,5.2,1,Ninguno (solo mano de obra),387.0
OT-004659,PAR-006103,PC-EQ-07,2026-03-04,Correctiva,1.4,2,Rodamiento,7229.0
OT-004063,PAR-005348,PC-EQ-05,2025-09-25,Correctiva,12.4,2,Sello mecánico,122.0
OT-005064,PAR-006663,PC-EQ-09,2025-01-29,Preventiva,7.5,3,Faja/correa,653.0
OT-004016,PAR-005292,PC-EQ-05,2025-03-25,Preventiva,4.1,3,Motor eléctrico,1988.0
OT-003316,PAR-004386,PC-EQ-02,2027-09-28,Preventiva,8.4,3,Rodamiento,337.0
OT-003396,PAR-004495,PC-EQ-03,2025-04-15,Preventiva,10.8,3,Revestimiento (liner),2123.0
OT-004358,PAR-005710,PC-EQ-06,2025-02-08,Preventiva,9.1,3,Sensor/instrumento,540.0
OT-004921,PAR-006461,PC-EQ-08,2026-07-23,Correctiva,22.0,3,Sello mecánico,5824.0
OT-005420,PAR-007150,PC-EQ-10,2026-09-28,Preventiva,7.2,1,Rodamiento,607.0
OT-004966,PAR-006529,PC-EQ-08,2027-03-14,Correctiva,13.4,1,Revestimiento (liner),4789.0
OT-005244,PAR-006914,PC-EQ-10,2024-04-22,Correctiva,3.8,3,Sello mecánico,3111.0
OT-004121,PAR-005423,PC-EQ-05,2026-04-13,Preventiva,6.9,2,Sensor/instrumento,685.0
OT-004605,PAR-006028,PC-EQ-07,2025-02-03,Preventiva,7.5,2,Faja/correa,1182.0
OT-002917,PAR-003838,PC-EQ-01,2025-12-03,Correctiva,17.2,2,Revestimiento (liner),1816.0
OT-004143,PAR-005452,PC-EQ-05,2026-06-27,Correctiva,24.0,3,Sensor/instrumento,3785.0
OT-003153,PAR-004174,PC-EQ-02,2025-06-12,Correctiva,8.3,2,Faja/correa,3138.0
OT-002847,PAR-003742,PC-EQ-01,2024-10-02,Correctiva,7.6,3,Rodamiento,7541.0
OT-003559,PAR-004727,PC-EQ-04,2024-04-21,Correctiva,0.4,1,Rodamiento,4051.0
OT-005453,PAR-007191,PC-EQ-10,2027-03-12,Preventiva,9.2,1,Faja/correa,1979.0
OT-005445,PAR-007182,PC-EQ-10,2027-01-28,Correctiva,0.5,3,Rodamiento,2091.0
OT-004864,PAR-006386,PC-EQ-08,2025-09-01,Correctiva,2.0,1,Ninguno (solo mano de obra),7156.0
OT-005504,PAR-007256,PC-EQ-10,2027-12-02,Correctiva,7.2,1,Rodamiento,7380.0
OT-004227,PAR-005556,PC-EQ-05,2027-05-27,Correctiva,6.1,3,Sello mecánico,4222.0
OT-003940,PAR-005192,PC-EQ-05,2024-05-22,Correctiva,1.0,2,Sello mecánico,6864.0
OT-003764,PAR-004977,PC-EQ-04,2026-06-17,Correctiva,13.6,1,Sello mecánico,5013.0
OT-003204,PAR-004242,PC-EQ-02,2026-02-27,Preventiva,5.7,2,Sensor/instrumento,2006.0
OT-003518,PAR-004680,PC-EQ-03,2027-11-18,Preventiva,5.2,2,Sensor/instrumento,587.0
OT-002959,PAR-003900,PC-EQ-01,2026-06-25,Correctiva,3.0,1,Rodamiento,7554.0
OT-004505,PAR-005899,PC-EQ-06,2027-03-24,Preventiva,12.3,3,Motor eléctrico,1805.0
OT-004679,PAR-006138,PC-EQ-07,2026-10-11,Correctiva,1.6,3,Rodamiento,3552.0
OT-005189,PAR-006835,PC-EQ-09,2027-05-23,Correctiva,2.8,1,Rodamiento,4344.0
OT-004122,PAR-005424,PC-EQ-05,2026-04-13,Correctiva,6.2,2,Sensor/instrumento,2139.0
OT-003945,PAR-005200,PC-EQ-05,2024-06-11,Correctiva,0.7,3,Motor eléctrico,425.0
OT-004794,PAR-006295,PC-EQ-08,2024-09-20,Correctiva,1.5,1,Rodamiento,1440.0
OT-003434,PAR-004554,PC-EQ-03,2025-12-23,Correctiva,17.6,1,Revestimiento (liner),4556.0
OT-004328,PAR-005673,PC-EQ-06,2024-07-28,Correctiva,19.3,2,Rodamiento,1261.0
OT-003215,PAR-004258,PC-EQ-02,2026-04-25,Correctiva,13.1,2,Sello mecánico,3136.0
OT-003078,PAR-004063,PC-EQ-02,2024-03-13,Correctiva,26.4,3,Sensor/instrumento,3615.0
OT-004589,PAR-006007,PC-EQ-07,2024-10-03,Correctiva,0.7,2,Faja/correa,3191.0
OT-003641,PAR-004830,PC-EQ-04,2025-02-21,Preventiva,8.3,2,,621.0
OT-005232,PAR-006894,PC-EQ-10,2024-02-11,Correctiva,12.2,1,Ninguno (solo mano de obra),3513.0
OT-005156,PAR-006797,PC-EQ-09,2026-10-27,Correctiva,1.9,3,Sensor/instrumento,7361.0
OT-004085,PAR-005379,PC-EQ-05,2025-12-22,Correctiva,5.8,2,Sensor/instrumento,2731.0
OT-004668,PAR-006117,PC-EQ-07,2026-05-31,Preventiva,11.8,3,Rodamiento,1026.0
OT-003583,PAR-004756,PC-EQ-04,2024-07-14,Correctiva,5.6,1,Ninguno (solo mano de obra),5314.0
OT-003858,PAR-005093,PC-EQ-04,2027-06-22,Correctiva,20.8,3,Revestimiento (liner),6816.0
OT-003917,PAR-005164,PC-EQ-05,2024-02-06,Preventiva,11.1,3,Sensor/instrumento,1727.0
OT-004243,PAR-005575,PC-EQ-05,2027-08-03,Correctiva,22.5,2,,3773.0
OT-004195,PAR-005513,PC-EQ-05,2027-01-14,Correctiva,17.0,1,Sello mecánico,6823.0
OT-003180,PAR-004210,PC-EQ-02,2025-11-16,Correctiva,3.0,1,Sensor/instrumento,6056.0
OT-002881,PAR-003788,PC-EQ-01,2025-04-04,Preventiva,9.3,3,Ninguno (solo mano de obra),520.0
OT-005454,PAR-007194,PC-EQ-10,2027-03-29,Correctiva,7.7,2,Sello mecánico,5132.0
OT-004361,PAR-005715,PC-EQ-06,2025-03-01,Correctiva,7.9,3,Sensor/instrumento,4386.0
OT-003333,PAR-004406,PC-EQ-02,2027-12-30,Preventiva,6.7,1,Revestimiento (liner),1083.0
OT-005126,PAR-006758,PC-EQ-09,2026-04-27,Correctiva,1.2,2,Faja/correa,5839.0
OT-002963,PAR-003906,PC-EQ-01,2026-07-12,Correctiva,7.9,2,Sensor/instrumento,4568.0
OT-002981,PAR-003929,PC-EQ-01,2026-10-21,Correctiva,7.0,1,Revestimiento (liner),2944.0
OT-003965,PAR-005223,PC-EQ-05,2024-08-10,Preventiva,5.5,2,Faja/correa,1715.0
OT-003935,PAR-005186,PC-EQ-05,2024-04-25,Correctiva,3.9,3,Motor eléctrico,3466.0
OT-003477,PAR-004618,PC-EQ-03,2026-11-08,Correctiva,1.9,2,Faja/correa,1225.0
OT-004567,PAR-005982,PC-EQ-07,2024-04-24,Preventiva,7.4,2,Faja/correa,400.0
OT-004714,PAR-006192,PC-EQ-07,2027-06-06,Preventiva,7.7,3,Faja/correa,354.0
OT-003462,PAR-004598,PC-EQ-03,2026-07-24,Correctiva,9.5,3,Rodamiento,5491.0
OT-004031,PAR-005310,PC-EQ-05,2025-05-24,Preventiva,9.0,3,Sello mecánico,1330.0
OT-002962,PAR-003904,PC-EQ-01,2026-07-08,Correctiva,4.4,3,Motor eléctrico,4837.0
OT-003604,PAR-004782,PC-EQ-04,2024-10-07,Preventiva,12.4,3,Sensor/instrumento,2271.0
OT-002865,PAR-003767,PC-EQ-01,2025-01-24,Preventiva,6.5,3,Revestimiento (liner),1797.0
OT-003998,PAR-005267,PC-EQ-05,2024-12-19,Correctiva,16.9,1,Revestimiento (liner),7660.0
OT-003361,PAR-004445,PC-EQ-03,2024-07-14,Correctiva,3.9,1,Faja/correa,2944.0
OT-004760,PAR-006253,PC-EQ-08,2024-03-31,Preventiva,7.0,2,Ninguno (solo mano de obra),2007.0
OT-005440,PAR-007176,PC-EQ-10,2027-01-12,Correctiva,4.4,3,Faja/correa,256.0
OT-003798,PAR-005020,PC-EQ-04,2026-10-19,Preventiva,6.0,1,Sello mecánico,1423.0
OT-004722,PAR-006204,PC-EQ-07,2027-08-04,Correctiva,0.5,3,Rodamiento,719.0
OT-005402,PAR-007124,PC-EQ-10,2026-06-16,Correctiva,2.7,2,Rodamiento,5637.0
OT-003570,PAR-004739,PC-EQ-04,2024-05-27,Correctiva,2.9,1,Sensor/instrumento,2914.0
OT-004210,PAR-005531,PC-EQ-05,2027-03-20,Preventiva,9.7,1,Faja/correa,66.0
OT-003961,PAR-005219,PC-EQ-05,2024-07-30,Correctiva,2.8,3,Faja/correa,1914.0
OT-004069,PAR-005357,PC-EQ-05,2025-11-02,Correctiva,0.6,1,Sensor/instrumento,287.0
OT-004454,PAR-005834,PC-EQ-06,2026-06-25,Correctiva,9.9,1,Ninguno (solo mano de obra),4960.0
OT-004502,PAR-005895,PC-EQ-06,2027-03-02,Preventiva,5.9,3,Rodamiento,80.0
OT-003228,PAR-004278,PC-EQ-02,2026-07-23,Correctiva,7.1,2,Sensor/instrumento,5766.0
OT-002984,PAR-003937,PC-EQ-01,2026-11-15,Correctiva,2.4,1,Sensor/instrumento,1109.0
OT-004642,PAR-006083,PC-EQ-07,2025-11-27,Correctiva,1.4,2,Rodamiento,6194.0
OT-003955,PAR-005213,PC-EQ-05,2024-07-14,Correctiva,8.4,2,Sensor/instrumento,4083.0
OT-003703,PAR-004900,PC-EQ-04,2025-10-09,Preventiva,4.0,3,Revestimiento (liner),318.0
OT-004200,PAR-005519,PC-EQ-05,2027-01-31,Correctiva,20.2,3,Sello mecánico,6557.0
OT-003213,PAR-004254,PC-EQ-02,2026-04-13,Correctiva,6.4,1,Ninguno (solo mano de obra),4153.0
OT-004275,PAR-005611,PC-EQ-05,2027-11-27,Correctiva,0.7,1,Faja/correa,7948.0
OT-003898,PAR-005141,PC-EQ-04,2027-11-02,Correctiva,30.4,3,Sensor/instrumento,7746.0
OT-003991,PAR-005257,PC-EQ-05,2024-12-02,Preventiva,11.3,3,Sello mecánico,1316.0
OT-004715,PAR-006194,PC-EQ-07,2027-06-19,Correctiva,3.1,3,Sello mecánico,3079.0
OT-002885,PAR-003792,PC-EQ-01,2025-04-22,Correctiva,1.8,1,Sello mecánico,7434.0
OT-005404,PAR-007127,PC-EQ-10,2026-06-23,Correctiva,1.2,3,Sensor/instrumento,2268.0
OT-004238,PAR-005568,PC-EQ-05,2027-07-17,Correctiva,28.7,2,Sensor/instrumento,1963.0
OT-003925,PAR-005175,PC-EQ-05,2024-03-19,Correctiva,28.4,3,Rodamiento,3188.0
OT-002807,PAR-003690,PC-EQ-01,2024-02-19,Correctiva,8.5,2,Sello mecánico,2268.0
OT-004799,PAR-006304,PC-EQ-08,2024-10-31,Preventiva,12.5,3,,1889.0
OT-004719,PAR-006201,PC-EQ-07,2027-07-25,Correctiva,7.0,1,Revestimiento (liner),180.0
OT-003564,PAR-004732,PC-EQ-04,2024-05-09,Preventiva,13.1,3,Ninguno (solo mano de obra),2045.0
OT-005289,PAR-006974,PC-EQ-10,2024-11-23,Preventiva,8.6,1,Faja/correa,1254.0
OT-004021,PAR-005298,PC-EQ-05,2025-04-12,Correctiva,4.3,2,Sello mecánico,1426.0
OT-005399,PAR-007121,PC-EQ-10,2026-06-03,Preventiva,12.5,1,,1138.0
OT-002966,PAR-003909,PC-EQ-01,2026-07-20,Correctiva,13.7,2,Revestimiento (liner),1722.0
OT-003325,PAR-004398,PC-EQ-02,2027-11-17,Correctiva,29.8,2,Sello mecánico,1721.0
OT-003214,PAR-004257,PC-EQ-02,2026-04-22,Correctiva,19.2,3,Ninguno (solo mano de obra),3174.0
OT-005276,PAR-006955,PC-EQ-10,2024-09-13,Correctiva,0.6,1,Motor eléctrico,6986.0
OT-004839,PAR-006353,PC-EQ-08,2025-05-01,Preventiva,6.7,2,Ninguno (solo mano de obra),351.0
OT-003119,PAR-004124,PC-EQ-02,2024-11-18,Correctiva,1.0,1,Motor eléctrico,3247.0
OT-003606,PAR-004784,PC-EQ-04,2024-10-13,Correctiva,1.1,2,Revestimiento (liner),701.0
OT-004218,PAR-005541,PC-EQ-05,2027-04-25,Correctiva,24.3,1,Sello mecánico,4886.0
OT-003248,PAR-004300,PC-EQ-02,2026-10-20,Preventiva,6.6,1,Sensor/instrumento,1489.0
OT-002884,PAR-003791,PC-EQ-01,2025-04-22,Preventiva,10.7,3,Motor eléctrico,549.0
OT-003292,PAR-004355,PC-EQ-02,2027-05-07,Correctiva,22.6,2,Rodamiento,6843.0
OT-004801,PAR-006308,PC-EQ-08,2024-11-12,Correctiva,28.1,1,Sello mecánico,2978.0
OT-005224,PAR-006886,PC-EQ-10,2024-01-07,Correctiva,0.4,3,Faja/correa,7800.0
OT-002900,PAR-003815,PC-EQ-01,2025-08-23,Correctiva,15.1,2,Faja/correa,4192.0
OT-004410,PAR-005782,PC-EQ-06,2025-11-27,Preventiva,7.6,2,Faja/correa,372.0
OT-004910,PAR-006446,PC-EQ-08,2026-05-14,Correctiva,23.8,3,Sello mecánico,4234.0
OT-003846,PAR-005079,PC-EQ-04,2027-05-08,Correctiva,9.1,2,,6872.0
OT-004683,PAR-006143,PC-EQ-07,2026-10-31,Preventiva,8.9,1,Sello mecánico,2467.0
OT-005057,PAR-006654,PC-EQ-09,2024-12-21,Preventiva,5.7,3,Motor eléctrico,220.0
OT-002814,PAR-003697,PC-EQ-01,2024-03-22,Correctiva,11.3,3,Sensor/instrumento,5081.0
OT-005009,PAR-006590,PC-EQ-08,2027-11-16,Correctiva,2.2,2,Revestimiento (liner),4671.0
OT-003171,PAR-004200,PC-EQ-02,2025-09-19,Correctiva,4.6,3,Revestimiento (liner),128.0
OT-003245,PAR-004296,PC-EQ-02,2026-09-25,Correctiva,2.0,3,Motor eléctrico,3255.0
OT-003379,PAR-004468,PC-EQ-03,2024-11-21,Preventiva,12.1,2,Rodamiento,375.0
OT-003125,PAR-004132,PC-EQ-02,2024-12-15,Preventiva,10.5,1,Ninguno (solo mano de obra),1666.0
OT-005127,PAR-006759,PC-EQ-09,2026-05-04,Preventiva,5.0,3,Sensor/instrumento,2442.0
OT-005135,PAR-006772,PC-EQ-09,2026-07-02,Correctiva,7.2,2,Motor eléctrico,468.0
OT-004969,PAR-006533,PC-EQ-08,2027-03-27,Correctiva,24.0,1,Rodamiento,578.0
OT-004949,PAR-006510,PC-EQ-08,2026-12-27,Correctiva,8.7,1,Ninguno (solo mano de obra),5640.0
OT-003358,PAR-004441,PC-EQ-03,2024-06-18,Correctiva,4.1,2,Faja/correa,1073.0
OT-003261,PAR-004313,PC-EQ-02,2026-12-13,Correctiva,25.8,1,Sensor/instrumento,4828.0
OT-004414,PAR-005786,PC-EQ-06,2025-12-11,Preventiva,7.9,3,Ninguno (solo mano de obra),456.0
OT-004741,PAR-006226,PC-EQ-07,2027-12-05,Correctiva,5.5,1,Rodamiento,766.0
OT-004300,PAR-005641,PC-EQ-06,2024-03-21,Preventiva,6.0,3,Sensor/instrumento,335.0
OT-003937,PAR-005188,PC-EQ-05,2024-04-28,Preventiva,5.3,3,Ninguno (solo mano de obra),2405.0
OT-004881,PAR-006407,PC-EQ-08,2025-12-07,Preventiva,3.6,3,Motor eléctrico,707.0
OT-004607,PAR-006033,PC-EQ-07,2025-02-20,Preventiva,13.0,1,Sensor/instrumento,925.0
OT-005023,PAR-006605,PC-EQ-09,2024-02-17,Correctiva,15.4,1,Motor eléctrico,2388.0
OT-004142,PAR-005451,PC-EQ-05,2026-06-23,Preventiva,9.8,3,Rodamiento,2333.0
OT-003826,PAR-005055,PC-EQ-04,2027-02-12,Correctiva,3.3,2,Rodamiento,746.0
OT-004632,PAR-006070,PC-EQ-07,2025-09-23,Preventiva,7.3,3,Ninguno (solo mano de obra),123.0
OT-003479,PAR-004620,PC-EQ-03,2026-11-15,Correctiva,4.5,1,Sensor/instrumento,3747.0
OT-005111,PAR-006735,PC-EQ-09,2026-01-22,Preventiva,11.6,1,Rodamiento,255.0
OT-004204,PAR-005525,PC-EQ-05,2027-02-19,Correctiva,4.6,1,Motor eléctrico,2886.0
OT-002869,PAR-003772,PC-EQ-01,2025-02-11,Preventiva,8.4,1,Motor eléctrico,120.0
OT-005365,PAR-007075,PC-EQ-10,2025-12-02,Correctiva,4.0,3,Sensor/instrumento,1251.0
OT-004342,PAR-005692,PC-EQ-06,2024-10-20,Correctiva,2.8,3,Sensor/instrumento,3019.0
OT-005103,PAR-006721,PC-EQ-09,2025-11-25,Preventiva,5.0,3,Motor eléctrico,934.0
OT-003918,PAR-005166,PC-EQ-05,2024-02-07,Correctiva,31.0,3,Ninguno (solo mano de obra),3210.0
OT-004029,PAR-005308,PC-EQ-05,2025-05-22,Correctiva,16.9,1,Sensor/instrumento,5430.0
OT-003281,PAR-004342,PC-EQ-02,2027-03-28,Correctiva,0.6,1,Motor eléctrico,7814.0
OT-005484,PAR-007231,PC-EQ-10,2027-08-26,Correctiva,2.8,2,Rodamiento,2749.0
OT-004181,PAR-005497,PC-EQ-05,2026-11-19,Correctiva,5.7,1,Motor eléctrico,1035.0
OT-005410,PAR-007133,PC-EQ-10,2026-07-14,Preventiva,9.1,1,Sensor/instrumento,2058.0
OT-003121,PAR-004127,PC-EQ-02,2024-11-23,Correctiva,12.4,1,Sello mecánico,1658.0
OT-003592,PAR-004766,PC-EQ-04,2024-08-17,Preventiva,12.4,2,Sello mecánico,511.0
OT-004682,PAR-006142,PC-EQ-07,2026-10-23,Correctiva,1.9,3,Motor eléctrico,501.0
OT-003617,PAR-004798,PC-EQ-04,2024-11-20,Preventiva,10.7,2,Revestimiento (liner),2409.0
OT-005234,PAR-006896,PC-EQ-10,2024-02-21,Preventiva,8.0,2,Revestimiento (liner),399.0
OT-005443,PAR-007180,PC-EQ-10,2027-01-22,Correctiva,19.8,2,Sello mecánico,5223.0
OT-004710,PAR-006184,PC-EQ-07,2027-04-21,Correctiva,10.1,1,Ninguno (solo mano de obra),2870.0
OT-004757,PAR-006249,PC-EQ-08,2024-03-02,Correctiva,1.7,1,Motor eléctrico,4907.0
OT-003095,PAR-004092,PC-EQ-02,2024-07-01,Correctiva,8.8,3,Ninguno (solo mano de obra),761.0
OT-004915,PAR-006453,PC-EQ-08,2026-06-17,Preventiva,11.0,2,Sensor/instrumento,1262.0
OT-003427,PAR-004543,PC-EQ-03,2025-11-19,Correctiva,1.0,2,Revestimiento (liner),5810.0
OT-004687,PAR-006149,PC-EQ-07,2026-11-22,Correctiva,2.4,2,Faja/correa,3475.0
OT-005376,PAR-007089,PC-EQ-10,2026-02-07,Correctiva,30.6,2,Revestimiento (liner),916.0
OT-003974,PAR-005233,PC-EQ-05,2024-09-18,Preventiva,4.4,1,Revestimiento (liner),973.0
OT-003240,PAR-004291,PC-EQ-02,2026-09-14,Correctiva,15.4,3,Ninguno (solo mano de obra),4450.0
OT-003794,PAR-005016,PC-EQ-04,2026-10-03,Preventiva,4.3,2,Sello mecánico,337.0
OT-004980,PAR-006549,PC-EQ-08,2027-05-23,Correctiva,3.3,1,Rodamiento,7100.0
OT-005495,PAR-007245,PC-EQ-10,2027-10-28,Correctiva,3.6,3,Motor eléctrico,7659.0
OT-003581,PAR-004754,PC-EQ-04,2024-07-10,Correctiva,1.5,2,Sello mecánico,270.0
OT-002832,PAR-003720,PC-EQ-01,2024-07-01,Correctiva,2.4,3,Rodamiento,5137.0
OT-003690,PAR-004886,PC-EQ-04,2025-08-30,Preventiva,12.4,2,Rodamiento,428.0
OT-003053,PAR-004032,PC-EQ-01,2027-11-07,Preventiva,9.8,3,Sensor/instrumento,1270.0
OT-003016,PAR-003978,PC-EQ-01,2027-04-17,Correctiva,13.3,3,Rodamiento,1432.0
OT-005246,PAR-006916,PC-EQ-10,2024-04-24,Correctiva,6.5,3,Motor eléctrico,6371.0
OT-004708,PAR-006181,PC-EQ-07,2027-04-11,Correctiva,3.9,1,Rodamiento,7938.0
OT-002988,PAR-003942,PC-EQ-01,2026-12-01,Correctiva,7.1,3,Sello mecánico,6726.0
OT-004446,PAR-005826,PC-EQ-06,2026-05-25,Correctiva,25.2,3,Ninguno (solo mano de obra),5107.0
OT-004673,PAR-006124,PC-EQ-07,2026-07-27,Preventiva,7.5,2,Ninguno (solo mano de obra),1375.0
OT-004813,PAR-006324,PC-EQ-08,2025-01-13,Correctiva,6.0,2,Rodamiento,1193.0
OT-004301,PAR-005642,PC-EQ-06,2024-03-22,Correctiva,10.3,2,Faja/correa,2304.0
OT-003049,PAR-004027,PC-EQ-01,2027-10-23,Correctiva,5.9,2,Ninguno (solo mano de obra),3349.0
OT-002973,PAR-003919,PC-EQ-01,2026-09-04,Correctiva,10.8,1,Sello mecánico,3503.0
OT-004956,PAR-006518,PC-EQ-08,2027-01-30,Correctiva,2.6,2,Rodamiento,7524.0
OT-003276,PAR-004334,PC-EQ-02,2027-03-09,Preventiva,6.2,2,Revestimiento (liner),2499.0
OT-004469,PAR-005852,PC-EQ-06,2026-09-02,Correctiva,19.0,1,,1673.0
OT-003997,PAR-005266,PC-EQ-05,2024-12-19,Preventiva,12.6,1,Sello mecánico,307.0
OT-003724,PAR-004927,PC-EQ-04,2026-01-05,Preventiva,12.3,1,Faja/correa,970.0
OT-004253,PAR-005587,PC-EQ-05,2027-09-15,Correctiva,1.5,1,Sensor/instrumento,6172.0
OT-005405,PAR-007128,PC-EQ-10,2026-06-24,Correctiva,5.0,3,Sensor/instrumento,2763.0
OT-005090,PAR-006702,PC-EQ-09,2025-09-01,Correctiva,4.6,3,Sensor/instrumento,5488.0
OT-004671,PAR-006122,PC-EQ-07,2026-07-09,Preventiva,11.6,1,Motor eléctrico,882.0
OT-005307,PAR-006997,PC-EQ-10,2025-03-06,Correctiva,5.0,3,Rodamiento,6520.0
OT-003619,PAR-004800,PC-EQ-04,2024-11-26,Correctiva,24.5,2,Revestimiento (liner),7855.0
OT-005233,PAR-006895,PC-EQ-10,2024-02-12,Correctiva,14.3,1,Sensor/instrumento,1965.0
OT-003848,PAR-005081,PC-EQ-04,2027-05-11,Preventiva,10.1,3,Revestimiento (liner),1816.0
OT-004909,PAR-006445,PC-EQ-08,2026-05-13,Correctiva,7.0,1,Sensor/instrumento,6512.0
OT-005309,PAR-006999,PC-EQ-10,2025-03-11,Preventiva,6.5,2,Ninguno (solo mano de obra),2404.0
OT-004519,PAR-005918,PC-EQ-06,2027-06-15,Correctiva,15.3,1,Motor eléctrico,7695.0
OT-004462,PAR-005844,PC-EQ-06,2026-08-04,Correctiva,2.5,2,Rodamiento,5634.0
OT-003133,PAR-004145,PC-EQ-02,2025-02-12,Preventiva,4.5,1,Ninguno (solo mano de obra),1685.0
OT-003823,PAR-005052,PC-EQ-04,2027-01-30,Preventiva,7.4,2,Sensor/instrumento,1674.0
OT-003442,PAR-004567,PC-EQ-03,2026-02-12,Correctiva,4.4,3,Rodamiento,7048.0
OT-004400,PAR-005771,PC-EQ-06,2025-10-14,Correctiva,1.7,2,Sello mecánico,5324.0
OT-003013,PAR-003972,PC-EQ-01,2027-04-03,Correctiva,1.2,2,Ninguno (solo mano de obra),3967.0
OT-002990,PAR-003945,PC-EQ-01,2026-12-20,Preventiva,3.4,1,Sensor/instrumento,936.0
OT-004524,PAR-005924,PC-EQ-06,2027-07-18,Correctiva,4.1,1,Sello mecánico,2631.0
OT-003145,PAR-004162,PC-EQ-02,2025-04-27,Preventiva,6.1,1,Motor eléctrico,1945.0
OT-004097,PAR-005394,PC-EQ-05,2026-02-05,Correctiva,30.8,1,Rodamiento,1349.0
OT-004887,PAR-006414,PC-EQ-08,2025-12-28,Correctiva,4.3,3,Sensor/instrumento,1586.0
OT-005140,PAR-006779,PC-EQ-09,2026-08-02,Preventiva,6.5,1,Revestimiento (liner),1646.0
OT-005447,PAR-007184,PC-EQ-10,2027-02-04,Preventiva,10.8,1,Motor eléctrico,1427.0
OT-003409,PAR-004515,PC-EQ-03,2025-07-16,Correctiva,6.2,3,Sello mecánico,5966.0
OT-004769,PAR-006265,PC-EQ-08,2024-05-19,Preventiva,4.8,2,Ninguno (solo mano de obra),2006.0
OT-004245,PAR-005577,PC-EQ-05,2027-08-14,Correctiva,4.5,2,Revestimiento (liner),3986.0
OT-003297,PAR-004362,PC-EQ-02,2027-05-30,Preventiva,8.3,1,Sello mecánico,1358.0
OT-002919,PAR-003841,PC-EQ-01,2025-12-08,Correctiva,6.7,1,Motor eléctrico,6567.0
OT-003134,PAR-004146,PC-EQ-02,2025-02-15,Correctiva,16.1,1,Sensor/instrumento,7978.0
OT-005304,PAR-006991,PC-EQ-10,2025-02-08,Correctiva,5.0,3,Rodamiento,1623.0
OT-004697,PAR-006165,PC-EQ-07,2027-02-09,Preventiva,8.0,2,Faja/correa,607.0
OT-004403,PAR-005774,PC-EQ-06,2025-10-23,Correctiva,6.9,2,Revestimiento (liner),5444.0
OT-002887,PAR-003795,PC-EQ-01,2025-05-06,Correctiva,9.4,2,Ninguno (solo mano de obra),1362.0
OT-004656,PAR-006100,PC-EQ-07,2026-02-19,Correctiva,2.9,1,Sello mecánico,6564.0
OT-003613,PAR-004794,PC-EQ-04,2024-11-06,Correctiva,1.5,2,Sensor/instrumento,2898.0
OT-003073,PAR-004057,PC-EQ-02,2024-02-19,Preventiva,8.2,3,Rodamiento,1140.0
OT-005055,PAR-006651,PC-EQ-09,2024-12-02,Correctiva,0.5,1,Ninguno (solo mano de obra),2674.0
OT-004246,PAR-005579,PC-EQ-05,2027-08-20,Correctiva,27.9,1,Sello mecánico,5823.0
OT-004528,PAR-005928,PC-EQ-06,2027-08-07,Preventiva,9.4,2,Motor eléctrico,910.0
OT-003540,PAR-004705,PC-EQ-04,2024-02-27,Preventiva,6.7,2,Sensor/instrumento,171.0
OT-003142,PAR-004157,PC-EQ-02,2025-04-09,Preventiva,7.7,3,Faja/correa,1837.0
OT-005489,PAR-007237,PC-EQ-10,2027-10-04,Correctiva,1.9,3,Faja/correa,6312.0
OT-005278,PAR-006957,PC-EQ-10,2024-09-28,Correctiva,6.0,3,Revestimiento (liner),335.0
OT-003827,PAR-005056,PC-EQ-04,2027-02-14,Correctiva,20.8,3,Sello mecánico,177.0
OT-004748,PAR-006239,PC-EQ-08,2024-01-28,Correctiva,18.2,2,Ninguno (solo mano de obra),6099.0
OT-003447,PAR-004573,PC-EQ-03,2026-03-16,Correctiva,8.3,2,Sensor/instrumento,6481.0
OT-003369,PAR-004454,PC-EQ-03,2024-08-22,Correctiva,3.8,1,Rodamiento,6013.0
OT-004676,PAR-006131,PC-EQ-07,2026-09-03,Preventiva,8.6,2,Ninguno (solo mano de obra),1033.0
OT-004820,PAR-006333,PC-EQ-08,2025-03-03,Preventiva,8.0,1,Rodamiento,242.0
OT-003963,PAR-005221,PC-EQ-05,2024-08-03,Correctiva,0.6,3,Revestimiento (liner),3178.0
OT-004855,PAR-006373,PC-EQ-08,2025-07-25,Preventiva,5.5,2,Sensor/instrumento,1280.0
OT-003202,PAR-004240,PC-EQ-02,2026-02-21,Correctiva,10.7,2,Ninguno (solo mano de obra),5047.0
OT-004487,PAR-005871,PC-EQ-06,2026-12-16,Correctiva,3.5,3,Sensor/instrumento,689.0
OT-003838,PAR-005069,PC-EQ-04,2027-04-10,Correctiva,22.1,1,Motor eléctrico,5971.0
OT-005262,PAR-006937,PC-EQ-10,2024-07-27,Correctiva,4.8,3,,898.0
OT-004280,PAR-005617,PC-EQ-05,2027-12-15,Correctiva,27.0,3,Revestimiento (liner),7671.0
OT-005036,PAR-006624,PC-EQ-09,2024-06-26,Correctiva,11.9,1,Faja/correa,5745.0
OT-005247,PAR-006918,PC-EQ-10,2024-04-30,Preventiva,7.2,2,,2373.0
OT-003372,PAR-004458,PC-EQ-03,2024-09-15,Preventiva,6.7,2,Sello mecánico,2383.0
OT-004249,PAR-005583,PC-EQ-05,2027-09-01,Correctiva,1.5,3,Faja/correa,1286.0
OT-004775,PAR-006273,PC-EQ-08,2024-06-19,Preventiva,7.7,2,Rodamiento,1515.0
OT-003126,PAR-004135,PC-EQ-02,2025-01-02,Preventiva,8.7,1,Sello mecánico,396.0
OT-005300,PAR-006987,PC-EQ-10,2025-01-31,Preventiva,7.0,2,Rodamiento,2358.0
OT-004553,PAR-005964,PC-EQ-06,2027-12-18,Correctiva,10.2,3,Sello mecánico,1298.0
OT-002839,PAR-003731,PC-EQ-01,2024-08-14,Correctiva,9.4,2,Faja/correa,896.0
OT-004693,PAR-006157,PC-EQ-07,2027-01-11,Correctiva,0.7,1,Ninguno (solo mano de obra),1613.0
OT-003831,PAR-005062,PC-EQ-04,2027-03-17,Correctiva,8.0,1,Faja/correa,4714.0
OT-003544,PAR-004709,PC-EQ-04,2024-03-10,Correctiva,3.4,3,Faja/correa,511.0
OT-003610,PAR-004791,PC-EQ-04,2024-10-29,Correctiva,6.2,1,Faja/correa,3.0
OT-004209,PAR-005530,PC-EQ-05,2027-03-18,Correctiva,12.9,3,Faja/correa,1421.0
OT-002954,PAR-003894,PC-EQ-01,2026-05-31,Preventiva,8.7,1,Sello mecánico,905.0
OT-002864,PAR-003766,PC-EQ-01,2025-01-16,Correctiva,0.5,3,Sello mecánico,811.0
OT-003504,PAR-004656,PC-EQ-03,2027-06-27,Correctiva,1.0,1,Sello mecánico,84.0
OT-003550,PAR-004718,PC-EQ-04,2024-04-04,Correctiva,5.1,1,Ninguno (solo mano de obra),3541.0
OT-004894,PAR-006425,PC-EQ-08,2026-02-21,Preventiva,8.2,1,Rodamiento,1046.0
OT-004681,PAR-006140,PC-EQ-07,2026-10-19,Correctiva,1.8,2,Ninguno (solo mano de obra),4726.0
OT-005112,PAR-006736,PC-EQ-09,2026-01-23,Correctiva,11.4,2,Rodamiento,4209.0
OT-003954,PAR-005212,PC-EQ-05,2024-07-06,Correctiva,20.0,3,Revestimiento (liner),4575.0
OT-003086,PAR-004075,PC-EQ-02,2024-05-02,Correctiva,24.9,2,Sensor/instrumento,3138.0
OT-003765,PAR-004978,PC-EQ-04,2026-06-23,Correctiva,0.5,1,Rodamiento,5137.0
OT-005091,PAR-006705,PC-EQ-09,2025-09-13,Preventiva,9.9,3,Faja/correa,695.0
OT-003139,PAR-004153,PC-EQ-02,2025-03-25,Preventiva,7.8,1,Faja/correa,1397.0
OT-005178,PAR-006822,PC-EQ-09,2027-03-07,Preventiva,5.9,2,Ninguno (solo mano de obra),1998.0
OT-003886,PAR-005128,PC-EQ-04,2027-09-26,Correctiva,5.5,2,Sensor/instrumento,4467.0
OT-004496,PAR-005885,PC-EQ-06,2027-01-21,Correctiva,14.0,3,Motor eléctrico,7447.0
OT-004170,PAR-005484,PC-EQ-05,2026-10-15,Preventiva,6.8,3,Faja/correa,427.0
OT-004168,PAR-005482,PC-EQ-05,2026-10-08,Correctiva,5.3,1,Revestimiento (liner),991.0
OT-003319,PAR-004389,PC-EQ-02,2027-10-06,Correctiva,19.7,3,Rodamiento,295.0
OT-003854,PAR-005089,PC-EQ-04,2027-06-09,Correctiva,4.6,3,Motor eléctrico,3235.0
OT-005044,PAR-006633,PC-EQ-09,2024-09-12,Correctiva,5.4,3,Sello mecánico,4695.0
OT-003666,PAR-004859,PC-EQ-04,2025-05-31,Preventiva,8.0,2,Revestimiento (liner),1759.0
OT-004691,PAR-006154,PC-EQ-07,2027-01-03,Preventiva,5.7,1,Motor eléctrico,1665.0
OT-004564,PAR-005977,PC-EQ-07,2024-04-08,Preventiva,5.3,1,Faja/correa,1488.0
OT-003274,PAR-004330,PC-EQ-02,2027-02-17,Preventiva,9.1,3,Rodamiento,1831.0
OT-005371,PAR-007082,PC-EQ-10,2026-01-22,Correctiva,10.6,3,Sensor/instrumento,4491.0
OT-003539,PAR-004704,PC-EQ-04,2024-02-17,Correctiva,2.2,2,Motor eléctrico,1745.0
OT-004106,PAR-005404,PC-EQ-05,2026-03-02,Correctiva,1.7,3,Faja/correa,4527.0
OT-003136,PAR-004148,PC-EQ-02,2025-02-23,Correctiva,21.6,1,Sensor/instrumento,2766.0
OT-003040,PAR-004016,PC-EQ-01,2027-08-24,Correctiva,5.4,2,Sensor/instrumento,2840.0
OT-002992,PAR-003947,PC-EQ-01,2027-01-02,Correctiva,31.0,1,Motor eléctrico,650.0
OT-003544,PAR-004709,PC-EQ-04,2024-03-10,Correctiva,3.4,3,Faja/correa,511.0
OT-002931,PAR-003860,PC-EQ-01,2026-01-27,Correctiva,9.6,1,Sensor/instrumento,439.0
OT-004367,PAR-005723,PC-EQ-06,2025-03-30,Preventiva,9.1,2,,2128.0
OT-005344,PAR-007046,PC-EQ-10,2025-08-28,Correctiva,28.5,3,Sello mecánico,4359.0
OT-005166,PAR-006808,PC-EQ-09,2026-12-03,Preventiva,3.9,2,Rodamiento,1198.0
OT-005204,PAR-006856,PC-EQ-09,2027-08-28,Correctiva,4.3,1,Faja/correa,7999.0
OT-003068,PAR-004050,PC-EQ-02,2024-02-01,Correctiva,17.2,2,Sello mecánico,855.0
OT-004229,PAR-005558,PC-EQ-05,2027-06-10,Correctiva,4.3,2,Revestimiento (liner),3705.0
OT-003520,PAR-004682,PC-EQ-03,2027-11-20,Correctiva,3.4,3,Rodamiento,2077.0
OT-004721,PAR-006203,PC-EQ-07,2027-08-04,Preventiva,9.1,1,Rodamiento,1194.0
OT-003517,PAR-004678,PC-EQ-03,2027-11-13,Correctiva,2.6,3,Faja/correa,6784.0
OT-003804,PAR-005029,PC-EQ-04,2026-11-06,Preventiva,7.8,1,Sensor/instrumento,1347.0
OT-004933,PAR-006479,PC-EQ-08,2026-09-24,Correctiva,1.6,1,Sello mecánico,3674.0
OT-003763,PAR-004976,PC-EQ-04,2026-06-16,Preventiva,5.1,3,Motor eléctrico,868.0
OT-004437,PAR-005814,PC-EQ-06,2026-03-30,Correctiva,13.5,3,Ninguno (solo mano de obra),5373.0
OT-005063,PAR-006662,PC-EQ-09,2025-01-27,Correctiva,5.7,1,Rodamiento,4194.0
OT-003915,PAR-005162,PC-EQ-05,2024-01-28,Correctiva,26.3,3,Rodamiento,7001.0
OT-003026,PAR-003993,PC-EQ-01,2027-06-26,Correctiva,0.9,1,Motor eléctrico,3788.0
OT-005131,PAR-006767,PC-EQ-09,2026-06-09,Preventiva,8.1,2,Faja/correa,832.0
OT-005480,PAR-007225,PC-EQ-10,2027-08-02,Correctiva,19.4,1,Motor eléctrico,211.0
OT-004360,PAR-005712,PC-EQ-06,2025-02-25,Correctiva,6.7,3,Sensor/instrumento,2027.0
OT-003756,PAR-004968,PC-EQ-04,2026-05-20,Correctiva,20.5,2,Faja/correa,321.0
OT-003646,PAR-004836,PC-EQ-04,2025-03-07,Correctiva,1.8,2,Rodamiento,4361.0
OT-003791,PAR-005010,PC-EQ-04,2026-09-16,Correctiva,0.9,3,Ninguno (solo mano de obra),2878.0
OT-004194,PAR-005512,PC-EQ-05,2027-01-10,Correctiva,26.4,1,Revestimiento (liner),5523.0
OT-005221,PAR-006881,PC-EQ-09,2027-12-12,Correctiva,3.7,2,Faja/correa,1587.0
OT-002978,PAR-003926,PC-EQ-01,2026-10-13,Correctiva,20.3,3,Motor eléctrico,6512.0
OT-005347,PAR-007050,PC-EQ-10,2025-09-07,Correctiva,16.6,2,Sensor/instrumento,1120.0
OT-002883,PAR-003790,PC-EQ-01,2025-04-21,Correctiva,3.9,2,Motor eléctrico,952.0
OT-003174,PAR-004203,PC-EQ-02,2025-10-06,Correctiva,6.7,1,Sello mecánico,5479.0
OT-005109,PAR-006732,PC-EQ-09,2026-01-05,Preventiva,7.3,3,Motor eléctrico,1176.0
OT-003426,PAR-004542,PC-EQ-03,2025-11-18,Correctiva,2.2,2,Rodamiento,6986.0
OT-004147,PAR-005457,PC-EQ-05,2026-07-16,Correctiva,22.8,1,Faja/correa,7314.0
OT-002840,PAR-003732,PC-EQ-01,2024-08-19,Correctiva,5.9,3,Motor eléctrico,3940.0
OT-005350,PAR-007053,PC-EQ-10,2025-09-12,Correctiva,0.8,3,Motor eléctrico,2716.0
OT-004834,PAR-006348,PC-EQ-08,2025-04-13,Correctiva,18.2,2,Ninguno (solo mano de obra),4358.0
OT-004797,PAR-006300,PC-EQ-08,2024-10-14,Correctiva,5.9,3,Sensor/instrumento,4225.0
OT-004433,PAR-005810,PC-EQ-06,2026-03-13,Correctiva,6.6,2,Sello mecánico,2348.0
OT-002841,PAR-003733,PC-EQ-01,2024-08-30,Preventiva,7.3,1,Sensor/instrumento,1749.0
OT-003375,PAR-004462,PC-EQ-03,2024-10-21,Preventiva,10.8,1,Revestimiento (liner),215.0
OT-005287,PAR-006970,PC-EQ-10,2024-11-07,Correctiva,3.7,3,Faja/correa,6425.0
OT-004793,PAR-006294,PC-EQ-08,2024-09-19,Preventiva,6.1,2,Sensor/instrumento,573.0
OT-002967,PAR-003910,PC-EQ-01,2026-07-28,Preventiva,6.5,3,Ninguno (solo mano de obra),1611.0
OT-004622,PAR-006058,PC-EQ-07,2025-06-23,Correctiva,7.7,1,Ninguno (solo mano de obra),3800.0
OT-004276,PAR-005612,PC-EQ-05,2027-11-28,Preventiva,10.6,1,Rodamiento,1286.0
OT-003567,PAR-004736,PC-EQ-04,2024-05-18,Correctiva,10.1,3,Sello mecánico,1069.0
OT-003640,PAR-004829,PC-EQ-04,2025-02-11,Correctiva,2.9,2,Faja/correa,4498.0
OT-003246,PAR-004297,PC-EQ-02,2026-09-27,Preventiva,11.8,3,Faja/correa,1750.0
OT-003290,PAR-004352,PC-EQ-02,2027-04-27,Correctiva,1.1,2,Faja/correa,3658.0
OT-003862,PAR-005098,PC-EQ-04,2027-07-04,Correctiva,8.4,2,Revestimiento (liner),3483.0
OT-002909,PAR-003826,PC-EQ-01,2025-10-19,Correctiva,1.8,3,Faja/correa,1409.0
OT-004289,PAR-005627,PC-EQ-06,2024-01-18,Preventiva,6.7,3,Faja/correa,2200.0
OT-004474,PAR-005857,PC-EQ-06,2026-09-28,Correctiva,25.4,2,,2871.0
OT-005122,PAR-006752,PC-EQ-09,2026-04-02,Correctiva,1.1,2,Faja/correa,5807.0
OT-003410,PAR-004516,PC-EQ-03,2025-07-19,Correctiva,3.6,2,Faja/correa,6292.0
OT-004258,PAR-005592,PC-EQ-05,2027-09-29,Preventiva,5.1,3,Ninguno (solo mano de obra),14.0
OT-004992,PAR-006568,PC-EQ-08,2027-09-09,Correctiva,18.5,1,Motor eléctrico,1799.0
OT-003277,PAR-004335,PC-EQ-02,2027-03-09,Correctiva,8.9,1,Faja/correa,4464.0
OT-003112,PAR-004115,PC-EQ-02,2024-10-02,Correctiva,3.0,2,Sello mecánico,6723.0
OT-004283,PAR-005620,PC-EQ-05,2027-12-25,Correctiva,13.0,2,,2186.0
OT-005493,PAR-007242,PC-EQ-10,2027-10-22,Correctiva,1.7,2,Sensor/instrumento,5670.0
OT-003422,PAR-004534,PC-EQ-03,2025-10-22,Preventiva,7.1,2,Faja/correa,163.0
OT-005148,PAR-006789,PC-EQ-09,2026-09-19,Preventiva,6.4,2,Ninguno (solo mano de obra),1097.0
OT-003726,PAR-004929,PC-EQ-04,2026-01-08,Correctiva,1.7,3,Rodamiento,7232.0
OT-004302,PAR-005643,PC-EQ-06,2024-03-26,Correctiva,0.5,3,Motor eléctrico,5045.0
OT-005040,PAR-006628,PC-EQ-09,2024-07-16,Preventiva,7.0,2,Rodamiento,762.0
OT-002826,PAR-003710,PC-EQ-01,2024-05-31,Correctiva,25.0,1,Sensor/instrumento,2315.0
OT-005318,PAR-007013,PC-EQ-10,2025-04-25,Correctiva,1.9,1,Rodamiento,3831.0
OT-004138,PAR-005446,PC-EQ-05,2026-06-11,Correctiva,24.5,1,Revestimiento (liner),6118.0
OT-005074,PAR-006675,PC-EQ-09,2025-04-11,Correctiva,4.9,1,Revestimiento (liner),7198.0
OT-005065,PAR-006664,PC-EQ-09,2025-02-14,Preventiva,9.0,1,Sensor/instrumento,2378.0
OT-004883,PAR-006410,PC-EQ-08,2025-12-15,Correctiva,11.3,2,Ninguno (solo mano de obra),3886.0
OT-004385,PAR-005754,PC-EQ-06,2025-07-28,Correctiva,0.9,1,Revestimiento (liner),3414.0
OT-003837,PAR-005068,PC-EQ-04,2027-04-06,Correctiva,18.2,1,Revestimiento (liner),6598.0
OT-003966,PAR-005224,PC-EQ-05,2024-08-16,Correctiva,22.5,3,Rodamiento,6314.0
OT-004372,PAR-005732,PC-EQ-06,2025-04-22,Preventiva,12.0,3,Motor eléctrico,1005.0
OT-004959,PAR-006521,PC-EQ-08,2027-02-04,Correctiva,17.5,2,Sensor/instrumento,2096.0
OT-005459,PAR-007199,PC-EQ-10,2027-04-18,Correctiva,0.9,3,Revestimiento (liner),1698.0
OT-003415,PAR-004521,PC-EQ-03,2025-08-14,Correctiva,0.6,1,Motor eléctrico,1970.0
OT-005378,PAR-007091,PC-EQ-10,2026-02-25,Preventiva,9.7,3,Motor eléctrico,255.0
OT-003236,PAR-004287,PC-EQ-02,2026-08-30,Correctiva,0.5,2,Ninguno (solo mano de obra),6891.0
OT-003580,PAR-004753,PC-EQ-04,2024-07-10,Preventiva,7.2,1,Motor eléctrico,322.0
OT-003637,PAR-004825,PC-EQ-04,2025-02-01,Preventiva,11.6,3,Faja/correa,1648.0
OT-004108,PAR-005406,PC-EQ-05,2026-03-06,Correctiva,22.3,2,Faja/correa,7698.0
OT-003079,PAR-004064,PC-EQ-02,2024-03-18,Correctiva,2.6,3,Faja/correa,5477.0
OT-004247,PAR-005580,PC-EQ-05,2027-08-27,Preventiva,9.9,3,Rodamiento,1608.0
OT-003807,PAR-005033,PC-EQ-04,2026-11-10,Correctiva,1.6,1,Ninguno (solo mano de obra),2481.0
OT-003627,PAR-004811,PC-EQ-04,2024-12-26,Correctiva,7.5,2,Ninguno (solo mano de obra),106.0
OT-003320,PAR-004390,PC-EQ-02,2027-10-13,Preventiva,10.8,2,Rodamiento,1889.0
OT-003015,PAR-003974,PC-EQ-01,2027-04-05,Correctiva,8.9,1,Sello mecánico,2514.0
OT-004759,PAR-006252,PC-EQ-08,2024-03-30,Correctiva,9.1,2,Revestimiento (liner),5193.0
OT-003969,PAR-005227,PC-EQ-05,2024-08-27,Preventiva,8.4,2,Motor eléctrico,1737.0
OT-004611,PAR-006040,PC-EQ-07,2025-04-02,Preventiva,7.6,3,Motor eléctrico,33.0
OT-004452,PAR-005832,PC-EQ-06,2026-06-11,Correctiva,1.2,1,Rodamiento,7875.0
OT-004598,PAR-006021,PC-EQ-07,2024-12-24,Preventiva,12.7,1,Revestimiento (liner),466.0
OT-003382,PAR-004472,PC-EQ-03,2024-12-13,Correctiva,4.3,2,Faja/correa,2975.0
OT-003967,PAR-005225,PC-EQ-05,2024-08-17,Correctiva,8.1,3,Rodamiento,7534.0
OT-004038,PAR-005318,PC-EQ-05,2025-06-27,Correctiva,5.2,3,Ninguno (solo mano de obra),4404.0
OT-003047,PAR-004025,PC-EQ-01,2027-10-04,Correctiva,9.1,1,Rodamiento,7849.0
OT-005343,PAR-007045,PC-EQ-10,2025-08-26,Preventiva,9.2,2,Sensor/instrumento,575.0
OT-005115,PAR-006741,PC-EQ-09,2026-02-19,Preventiva,4.7,3,Sensor/instrumento,2255.0
OT-004585,PAR-006003,PC-EQ-07,2024-09-16,Preventiva,8.7,2,Ninguno (solo mano de obra),1193.0
OT-003667,PAR-004860,PC-EQ-04,2025-06-02,Correctiva,10.6,2,Ninguno (solo mano de obra),3837.0
OT-003921,PAR-005170,PC-EQ-05,2024-03-03,Correctiva,14.0,1,Rodamiento,6751.0
OT-002853,PAR-003751,PC-EQ-01,2024-11-13,Correctiva,6.4,3,Sello mecánico,6838.0
OT-003696,PAR-004893,PC-EQ-04,2025-09-18,Correctiva,11.2,2,Sello mecánico,6778.0
OT-003412,PAR-004518,PC-EQ-03,2025-07-31,Correctiva,0.4,2,Sensor/instrumento,1193.0
OT-003869,PAR-005106,PC-EQ-04,2027-07-19,Correctiva,21.1,3,Sello mecánico,7820.0
OT-005372,PAR-007083,PC-EQ-10,2026-01-25,Preventiva,7.2,3,Sensor/instrumento,703.0
OT-005208,PAR-006860,PC-EQ-09,2027-09-14,Preventiva,11.5,3,Sello mecánico,352.0
OT-003433,PAR-004553,PC-EQ-03,2025-12-16,Correctiva,3.2,2,Ninguno (solo mano de obra),5899.0
OT-003755,PAR-004967,PC-EQ-04,2026-05-17,Correctiva,16.1,2,Sello mecánico,4118.0
OT-004624,PAR-006060,PC-EQ-07,2025-07-13,Preventiva,6.3,2,Sensor/instrumento,2144.0
OT-003405,PAR-004509,PC-EQ-03,2025-06-23,Preventiva,7.0,2,Revestimiento (liner),1831.0
OT-003793,PAR-005015,PC-EQ-04,2026-09-28,Correctiva,1.0,1,Sensor/instrumento,6758.0
OT-005456,PAR-007196,PC-EQ-10,2027-04-05,Correctiva,1.6,1,Rodamiento,3319.0
OT-003315,PAR-004385,PC-EQ-02,2027-09-23,Correctiva,10.3,3,Rodamiento,820.0
OT-003700,PAR-004897,PC-EQ-04,2025-09-30,Correctiva,13.3,3,Motor eléctrico,3819.0
OT-005426,PAR-007157,PC-EQ-10,2026-10-21,Preventiva,7.6,3,Faja/correa,2030.0
OT-004073,PAR-005362,PC-EQ-05,2025-11-12,Correctiva,5.4,1,Revestimiento (liner),7760.0
OT-004947,PAR-006508,PC-EQ-08,2026-12-16,Preventiva,8.2,2,Rodamiento,1320.0
OT-004631,PAR-006068,PC-EQ-07,2025-09-17,Correctiva,2.6,1,Sello mecánico,5040.0
OT-005128,PAR-006760,PC-EQ-09,2026-05-10,Correctiva,12.9,1,Revestimiento (liner),5946.0
OT-003420,PAR-004527,PC-EQ-03,2025-10-01,Preventiva,9.1,3,Ninguno (solo mano de obra),2225.0
OT-004736,PAR-006220,PC-EQ-07,2027-10-27,Preventiva,8.3,1,Sensor/instrumento,999.0
OT-004441,PAR-005819,PC-EQ-06,2026-04-22,Correctiva,14.5,3,Ninguno (solo mano de obra),6478.0
OT-004435,PAR-005812,PC-EQ-06,2026-03-25,Preventiva,6.7,1,Motor eléctrico,1556.0
OT-002968,PAR-003911,PC-EQ-01,2026-08-02,Correctiva,1.6,1,Rodamiento,5663.0
OT-004727,PAR-006209,PC-EQ-07,2027-08-23,Correctiva,0.5,2,Rodamiento,5168.0
OT-003397,PAR-004499,PC-EQ-03,2025-05-05,Correctiva,4.7,2,Motor eléctrico,5049.0
OT-003702,PAR-004899,PC-EQ-04,2025-10-06,Correctiva,24.8,2,Rodamiento,2857.0
OT-005273,PAR-006950,PC-EQ-10,2024-08-29,Correctiva,1.7,2,Motor eléctrico,745.0
OT-003254,PAR-004306,PC-EQ-02,2026-10-31,Correctiva,20.0,3,Ninguno (solo mano de obra),7281.0
OT-003572,PAR-004741,PC-EQ-04,2024-06-02,Correctiva,27.3,3,Sensor/instrumento,4629.0
OT-003790,PAR-005009,PC-EQ-04,2026-09-15,Correctiva,16.6,2,Motor eléctrico,5081.0
OT-004402,PAR-005773,PC-EQ-06,2025-10-22,Preventiva,8.8,1,Ninguno (solo mano de obra),2486.0
OT-005037,PAR-006625,PC-EQ-09,2024-07-02,Preventiva,10.4,1,Sensor/instrumento,1404.0
OT-003131,PAR-004142,PC-EQ-02,2025-01-23,Correctiva,12.1,3,Revestimiento (liner),4905.0
OT-004456,PAR-005836,PC-EQ-06,2026-07-01,Correctiva,1.3,1,Revestimiento (liner),3417.0
OT-003995,PAR-005264,PC-EQ-05,2024-12-17,Correctiva,6.1,2,Sensor/instrumento,2914.0
OT-004941,PAR-006491,PC-EQ-08,2026-10-21,Correctiva,0.6,1,Motor eléctrico,1424.0
OT-004509,PAR-005904,PC-EQ-06,2027-04-08,Correctiva,1.2,2,Faja/correa,3442.0
OT-005133,PAR-006770,PC-EQ-09,2026-06-29,Correctiva,1.3,2,Sensor/instrumento,5135.0
OT-003106,PAR-004108,PC-EQ-02,2024-08-30,Correctiva,8.5,1,Ninguno (solo mano de obra),4816.0
OT-003083,PAR-004071,PC-EQ-02,2024-04-11,Preventiva,11.8,1,Rodamiento,903.0
OT-004689,PAR-006151,PC-EQ-07,2026-12-20,Preventiva,10.2,1,Motor eléctrico,1894.0
OT-003992,PAR-005258,PC-EQ-05,2024-12-09,Correctiva,9.4,3,Rodamiento,3682.0
OT-003474,PAR-004615,PC-EQ-03,2026-10-22,Correctiva,7.2,1,Revestimiento (liner),1588.0
OT-005359,PAR-007065,PC-EQ-10,2025-10-21,Correctiva,11.3,3,Rodamiento,1279.0
OT-003157,PAR-004178,PC-EQ-02,2025-07-06,Preventiva,12.2,1,Ninguno (solo mano de obra),1613.0
OT-004709,PAR-006183,PC-EQ-07,2027-04-21,Preventiva,7.7,1,Rodamiento,1265.0
OT-003859,PAR-005094,PC-EQ-04,2027-06-29,Preventiva,7.0,3,Motor eléctrico,867.0
OT-004461,PAR-005843,PC-EQ-06,2026-07-31,Preventiva,8.0,2,Revestimiento (liner),1315.0
OT-003430,PAR-004549,PC-EQ-03,2025-12-09,Correctiva,19.9,1,Revestimiento (liner),422.0
OT-003132,PAR-004144,PC-EQ-02,2025-02-10,Correctiva,6.5,1,Rodamiento,6363.0
OT-004478,PAR-005861,PC-EQ-06,2026-10-25,Correctiva,0.6,3,Rodamiento,5744.0
OT-004694,PAR-006160,PC-EQ-07,2027-01-20,Preventiva,11.7,3,Revestimiento (liner),2105.0
OT-004050,PAR-005333,PC-EQ-05,2025-08-08,Correctiva,29.0,2,Rodamiento,6166.0
OT-003964,PAR-005222,PC-EQ-05,2024-08-08,Correctiva,0.5,2,Sello mecánico,6486.0
OT-005012,PAR-006593,PC-EQ-08,2027-11-26,Preventiva,12.1,3,Ninguno (solo mano de obra),1916.0
OT-002895,PAR-003804,PC-EQ-01,2025-07-06,Correctiva,5.8,1,Revestimiento (liner),5951.0
OT-003546,PAR-004711,PC-EQ-04,2024-03-15,Preventiva,7.5,3,Rodamiento,634.0
OT-004458,PAR-005839,PC-EQ-06,2026-07-18,Correctiva,5.2,2,Sensor/instrumento,5429.0
OT-003694,PAR-004890,PC-EQ-04,2025-09-14,Correctiva,16.3,2,Faja/correa,6534.0
OT-004221,PAR-005546,PC-EQ-05,2027-05-03,Correctiva,15.8,1,Revestimiento (liner),4958.0
OT-003553,PAR-004721,PC-EQ-04,2024-04-09,Correctiva,6.0,3,Ninguno (solo mano de obra),3914.0
OT-003630,PAR-004814,PC-EQ-04,2025-01-07,Correctiva,0.7,3,Motor eléctrico,7259.0
OT-004259,PAR-005593,PC-EQ-05,2027-09-29,Correctiva,5.9,2,Rodamiento,6477.0
OT-004000,PAR-005269,PC-EQ-05,2025-01-03,Preventiva,5.2,2,Ninguno (solo mano de obra),536.0
OT-003050,PAR-004028,PC-EQ-01,2027-10-24,Preventiva,8.3,3,Ninguno (solo mano de obra),1422.0
OT-004124,PAR-005426,PC-EQ-05,2026-04-17,Correctiva,14.6,2,Rodamiento,4169.0
OT-004024,PAR-005302,PC-EQ-05,2025-04-24,Correctiva,5.5,2,Rodamiento,5581.0
OT-005328,PAR-007025,PC-EQ-10,2025-06-07,Correctiva,0.5,3,Motor eléctrico,3702.0
OT-005092,PAR-006706,PC-EQ-09,2025-09-14,Correctiva,1.4,2,Sello mecánico,2555.0
OT-005435,PAR-007171,PC-EQ-10,2026-12-16,Correctiva,3.0,1,Ninguno (solo mano de obra),6482.0
OT-003577,PAR-004750,PC-EQ-04,2024-06-23,Preventiva,9.0,3,Sensor/instrumento,2297.0
OT-005439,PAR-007175,PC-EQ-10,2027-01-05,Correctiva,7.2,2,Ninguno (solo mano de obra),4202.0
OT-003884,PAR-005126,PC-EQ-04,2027-09-14,Correctiva,21.0,3,Motor eléctrico,1214.0
OT-004774,PAR-006272,PC-EQ-08,2024-06-14,Correctiva,14.2,1,Motor eléctrico,7414.0
OT-004369,PAR-005729,PC-EQ-06,2025-04-15,Correctiva,2.2,2,Motor eléctrico,6418.0
OT-005509,PAR-007262,PC-EQ-10,2027-12-27,Correctiva,14.2,1,Sello mecánico,6286.0
OT-003368,PAR-004453,PC-EQ-03,2024-08-18,Preventiva,9.7,1,Sensor/instrumento,1234.0
OT-004732,PAR-006215,PC-EQ-07,2027-09-11,Correctiva,8.0,3,Sello mecánico,7204.0
OT-005334,PAR-007033,PC-EQ-10,2025-07-12,Correctiva,10.5,2,Rodamiento,1880.0
OT-004655,PAR-006099,PC-EQ-07,2026-02-08,Preventiva,10.7,1,Sello mecánico,2449.0
OT-004566,PAR-005981,PC-EQ-07,2024-04-22,Correctiva,4.1,3,Sensor/instrumento,1175.0
OT-004457,PAR-005838,PC-EQ-06,2026-07-17,Preventiva,7.1,1,Motor eléctrico,2422.0
OT-003487,PAR-004630,PC-EQ-03,2027-01-16,Preventiva,12.3,1,Revestimiento (liner),200.0
OT-004750,PAR-006241,PC-EQ-08,2024-01-30,Correctiva,13.2,2,Ninguno (solo mano de obra),1176.0
OT-003536,PAR-004701,PC-EQ-04,2024-02-10,Correctiva,21.0,1,Faja/correa,4941.0
OT-003968,PAR-005226,PC-EQ-05,2024-08-20,Correctiva,24.7,2,Sensor/instrumento,712.0
OT-002879,PAR-003786,PC-EQ-01,2025-03-19,Preventiva,9.1,3,Motor eléctrico,386.0
OT-003262,PAR-004314,PC-EQ-02,2026-12-15,Correctiva,1.2,1,Revestimiento (liner),137.0
OT-003413,PAR-004519,PC-EQ-03,2025-08-02,Correctiva,1.3,1,Sensor/instrumento,7493.0
OT-003446,PAR-004572,PC-EQ-03,2026-03-07,Correctiva,14.4,3,Faja/correa,2897.0
OT-002808,PAR-003691,PC-EQ-01,2024-02-23,Preventiva,7.6,3,Sensor/instrumento,1167.0
OT-003289,PAR-004351,PC-EQ-02,2027-04-22,Preventiva,7.4,1,Ninguno (solo mano de obra),1222.0
OT-003797,PAR-005019,PC-EQ-04,2026-10-16,Correctiva,30.9,3,Revestimiento (liner),7440.0
OT-005106,PAR-006727,PC-EQ-09,2025-12-14,Preventiva,5.6,2,Rodamiento,2467.0
OT-004575,PAR-005992,PC-EQ-07,2024-07-28,Preventiva,10.7,2,Rodamiento,820.0
OT-002965,PAR-003908,PC-EQ-01,2026-07-17,Correctiva,14.8,2,Motor eléctrico,292.0
OT-003239,PAR-004290,PC-EQ-02,2026-09-11,Preventiva,3.8,1,Rodamiento,1990.0
OT-004144,PAR-005453,PC-EQ-05,2026-06-30,Correctiva,10.0,2,Motor eléctrico,730.0
OT-002823,PAR-003707,PC-EQ-01,2024-05-18,Preventiva,6.4,1,Faja/correa,723.0
OT-003115,PAR-004119,PC-EQ-02,2024-10-27,Preventiva,7.2,3,Motor eléctrico,1393.0
OT-003960,PAR-005218,PC-EQ-05,2024-07-27,Correctiva,27.6,3,Faja/correa,1991.0
OT-004007,PAR-005282,PC-EQ-05,2025-02-16,Preventiva,9.6,2,Faja/correa,2103.0
OT-005220,PAR-006880,PC-EQ-09,2027-12-10,Correctiva,12.1,1,Rodamiento,7786.0
OT-004323,PAR-005666,PC-EQ-06,2024-07-04,Correctiva,17.1,1,Revestimiento (liner),2430.0
OT-003198,PAR-004236,PC-EQ-02,2026-02-02,Correctiva,6.5,3,Revestimiento (liner),5515.0
OT-003752,PAR-004963,PC-EQ-04,2026-05-12,Preventiva,5.5,2,Sello mecánico,1119.0
OT-003883,PAR-005124,PC-EQ-04,2027-09-09,Correctiva,2.4,2,Sello mecánico,6130.0
OT-003252,PAR-004304,PC-EQ-02,2026-10-28,Correctiva,1.7,1,Sensor/instrumento,5475.0
OT-004644,PAR-006085,PC-EQ-07,2025-12-04,Correctiva,3.7,2,Faja/correa,1159.0
OT-003535,PAR-004699,PC-EQ-04,2024-02-06,Correctiva,7.7,1,Faja/correa,6000.0
OT-005050,PAR-006645,PC-EQ-09,2024-11-12,Correctiva,1.3,1,Ninguno (solo mano de obra),3870.0
OT-004044,PAR-005325,PC-EQ-05,2025-07-18,Preventiva,4.2,3,Sello mecánico,216.0
OT-003429,PAR-004545,PC-EQ-03,2025-11-27,Correctiva,13.6,3,Ninguno (solo mano de obra),7191.0
OT-004979,PAR-006548,PC-EQ-08,2027-05-22,Correctiva,10.6,2,Rodamiento,5019.0
OT-005286,PAR-006968,PC-EQ-10,2024-10-31,Preventiva,9.0,2,Sensor/instrumento,2472.0
OT-005491,PAR-007240,PC-EQ-10,2027-10-14,Correctiva,17.8,3,Sello mecánico,1152.0
OT-004758,PAR-006251,PC-EQ-08,2024-03-15,Preventiva,6.7,1,Rodamiento,2111.0
OT-003892,PAR-005135,PC-EQ-04,2027-10-19,Correctiva,23.0,1,Faja/correa,1948.0
OT-003556,PAR-004724,PC-EQ-04,2024-04-13,Correctiva,29.8,1,Motor eléctrico,7599.0
OT-004617,PAR-006050,PC-EQ-07,2025-05-13,Correctiva,9.7,1,Sello mecánico,1814.0
OT-004846,PAR-006362,PC-EQ-08,2025-06-03,Preventiva,7.4,3,Sensor/instrumento,2442.0
OT-005235,PAR-006898,PC-EQ-10,2024-03-03,Correctiva,8.9,1,Motor eléctrico,2887.0
OT-003111,PAR-004113,PC-EQ-02,2024-09-22,Correctiva,27.2,1,Faja/correa,4898.0
OT-003766,PAR-004980,PC-EQ-04,2026-06-26,Correctiva,6.5,2,Faja/correa,241.0
OT-004559,PAR-005972,PC-EQ-07,2024-03-04,Preventiva,7.2,1,Faja/correa,395.0
OT-005380,PAR-007093,PC-EQ-10,2026-03-01,Correctiva,0.7,2,Rodamiento,822.0
OT-003931,PAR-005181,PC-EQ-05,2024-04-07,Correctiva,27.2,1,Motor eléctrico,3798.0
OT-005248,PAR-006919,PC-EQ-10,2024-05-09,Correctiva,10.8,2,Motor eléctrico,2014.0
OT-003033,PAR-004006,PC-EQ-01,2027-08-02,Correctiva,0.6,1,Motor eléctrico,744.0
OT-003463,PAR-004599,PC-EQ-03,2026-07-27,Correctiva,13.1,3,Sello mecánico,3648.0
OT-002976,PAR-003924,PC-EQ-01,2026-09-28,Preventiva,10.1,2,Sensor/instrumento,1264.0
OT-004343,PAR-005694,PC-EQ-06,2024-11-08,Preventiva,3.9,2,Faja/correa,414.0
OT-005161,PAR-006802,PC-EQ-09,2026-11-11,Correctiva,0.6,1,Motor eléctrico,2149.0
OT-004535,PAR-005935,PC-EQ-06,2027-08-28,Correctiva,8.1,2,Ninguno (solo mano de obra),4191.0
OT-005013,PAR-006594,PC-EQ-08,2027-11-30,Correctiva,8.7,2,Motor eléctrico,5263.0
OT-004989,PAR-006565,PC-EQ-08,2027-08-29,Preventiva,5.4,3,,2123.0
OT-005507,PAR-007259,PC-EQ-10,2027-12-18,Preventiva,9.3,2,Sensor/instrumento,1670.0
OT-005085,PAR-006696,PC-EQ-09,2025-07-31,Preventiva,12.0,1,Faja/correa,1004.0
OT-004623,PAR-006059,PC-EQ-07,2025-06-29,Correctiva,3.1,2,Sensor/instrumento,7027.0
OT-004776,PAR-006274,PC-EQ-08,2024-06-21,Correctiva,1.6,2,Sello mecánico,7183.0
OT-004331,PAR-005678,PC-EQ-06,2024-08-18,Preventiva,8.3,1,Rodamiento,2229.0
OT-004812,PAR-006323,PC-EQ-08,2025-01-02,Preventiva,6.3,2,Faja/correa,1531.0
OT-003631,PAR-004816,PC-EQ-04,2025-01-11,Correctiva,19.3,2,Faja/correa,7926.0
OT-004401,PAR-005772,PC-EQ-06,2025-10-19,Correctiva,1.2,2,Revestimiento (liner),4020.0
OT-003926,PAR-005176,PC-EQ-05,2024-03-28,Correctiva,6.8,1,Faja/correa,4773.0
OT-004995,PAR-006571,PC-EQ-08,2027-09-18,Correctiva,4.0,3,Ninguno (solo mano de obra),6963.0
OT-004798,PAR-006303,PC-EQ-08,2024-10-27,Correctiva,29.8,1,Motor eléctrico,7032.0
OT-004707,PAR-006179,PC-EQ-07,2027-04-03,Correctiva,5.0,1,Ninguno (solo mano de obra),790.0
OT-004213,PAR-005535,PC-EQ-05,2027-04-12,Preventiva,8.6,3,Rodamiento,2277.0
OT-005062,PAR-006661,PC-EQ-09,2025-01-21,Correctiva,3.4,3,Revestimiento (liner),1918.0
OT-005401,PAR-007123,PC-EQ-10,2026-06-06,Correctiva,22.5,2,Sello mecánico,6420.0
OT-004365,PAR-005719,PC-EQ-06,2025-03-20,Correctiva,8.6,2,Revestimiento (liner),2643.0
OT-005373,PAR-007085,PC-EQ-10,2026-01-28,Correctiva,31.6,1,Sello mecánico,5817.0
OT-005107,PAR-006728,PC-EQ-09,2025-12-27,Correctiva,5.1,2,Rodamiento,6040.0
OT-004552,PAR-005962,PC-EQ-06,2027-12-09,Preventiva,6.3,2,Sensor/instrumento,337.0
OT-005305,PAR-006994,PC-EQ-10,2025-02-17,Preventiva,6.1,2,Motor eléctrico,2285.0
OT-004601,PAR-006024,PC-EQ-07,2025-01-01,Correctiva,3.1,2,Sello mecánico,1100.0
OT-004015,PAR-005291,PC-EQ-05,2025-03-24,Correctiva,13.2,1,Sello mecánico,1488.0
OT-005407,PAR-007130,PC-EQ-10,2026-07-07,Correctiva,4.8,1,Rodamiento,4909.0
OT-004393,PAR-005762,PC-EQ-06,2025-09-06,Correctiva,4.3,3,Sensor/instrumento,1305.0
OT-004129,PAR-005433,PC-EQ-05,2026-05-04,Preventiva,7.5,1,Revestimiento (liner),2401.0
OT-004127,PAR-005430,PC-EQ-05,2026-04-29,Correctiva,3.4,1,Sensor/instrumento,5133.0
OT-005490,PAR-007238,PC-EQ-10,2027-10-08,Correctiva,22.5,1,Rodamiento,1995.0
OT-003087,PAR-004079,PC-EQ-02,2024-05-16,Preventiva,9.3,1,Motor eléctrico,1814.0
OT-004960,PAR-006522,PC-EQ-08,2027-02-17,Correctiva,8.0,3,Faja/correa,2844.0
OT-004951,PAR-006513,PC-EQ-08,2027-01-14,Preventiva,10.2,2,Ninguno (solo mano de obra),1276.0
OT-003868,PAR-005105,PC-EQ-04,2027-07-17,Preventiva,4.9,1,Sello mecánico,2072.0
OT-003097,PAR-004095,PC-EQ-02,2024-07-08,Preventiva,7.5,1,Rodamiento,1704.0
OT-003900,PAR-005143,PC-EQ-04,2027-11-09,Correctiva,2.3,2,Revestimiento (liner),4674.0
OT-004040,PAR-005320,PC-EQ-05,2025-07-03,Correctiva,0.4,1,Faja/correa,1974.0
OT-005293,PAR-006978,PC-EQ-10,2024-12-23,Correctiva,0.6,1,Ninguno (solo mano de obra),2654.0
OT-003914,PAR-005161,PC-EQ-05,2024-01-15,Preventiva,7.6,1,Sensor/instrumento,422.0
OT-003761,PAR-004974,PC-EQ-04,2026-06-05,Correctiva,3.1,3,Sensor/instrumento,1180.0
OT-005488,PAR-007236,PC-EQ-10,2027-10-02,Preventiva,7.0,3,Ninguno (solo mano de obra),968.0
OT-005288,PAR-006973,PC-EQ-10,2024-11-22,Correctiva,6.4,1,Sensor/instrumento,5842.0
OT-005159,PAR-006800,PC-EQ-09,2026-11-07,Correctiva,0.5,2,Rodamiento,4156.0
OT-002941,PAR-003874,PC-EQ-01,2026-03-15,Correctiva,9.8,2,Rodamiento,3257.0
OT-002891,PAR-003800,PC-EQ-01,2025-06-04,Preventiva,5.1,1,Faja/correa,298.0
OT-005381,PAR-007094,PC-EQ-10,2026-03-03,Correctiva,1.3,3,Faja/correa,5124.0
OT-004730,PAR-006213,PC-EQ-07,2027-09-05,Preventiva,10.0,3,Faja/correa,1004.0
OT-002836,PAR-003728,PC-EQ-01,2024-08-10,Correctiva,26.2,3,Sello mecánico,7172.0
OT-005021,PAR-006603,PC-EQ-09,2024-01-21,Preventiva,7.7,3,Rodamiento,1111.0
OT-005157,PAR-006798,PC-EQ-09,2026-10-29,Preventiva,8.4,3,Sello mecánico,1506.0
OT-005269,PAR-006946,PC-EQ-10,2024-08-19,Correctiva,22.5,3,Sello mecánico,7088.0
OT-005301,PAR-006988,PC-EQ-10,2025-02-02,Correctiva,5.6,2,Faja/correa,7022.0
OT-005349,PAR-007052,PC-EQ-10,2025-09-10,Correctiva,8.0,3,Revestimiento (liner),4927.0
OT-004619,PAR-006054,PC-EQ-07,2025-06-06,Preventiva,10.2,3,Sensor/instrumento,790.0
OT-002995,PAR-003950,PC-EQ-01,2027-01-09,Correctiva,1.0,2,Revestimiento (liner),1848.0
OT-004666,PAR-006115,PC-EQ-07,2026-05-17,Preventiva,6.1,2,Faja/correa,129.0
OT-005409,PAR-007132,PC-EQ-10,2026-07-13,Correctiva,10.1,1,Ninguno (solo mano de obra),1134.0
OT-004432,PAR-005809,PC-EQ-06,2026-03-11,Correctiva,13.7,1,Faja/correa,4259.0
OT-002833,PAR-003721,PC-EQ-01,2024-07-05,Preventiva,6.6,1,Motor eléctrico,1200.0
OT-003227,PAR-004277,PC-EQ-02,2026-07-19,Preventiva,4.0,3,Ninguno (solo mano de obra),2208.0
OT-003845,PAR-005078,PC-EQ-04,2027-05-06,Correctiva,17.1,3,Ninguno (solo mano de obra),258.0
OT-003802,PAR-005026,PC-EQ-04,2026-10-30,Correctiva,2.2,1,Sello mecánico,1718.0
OT-004514,PAR-005910,PC-EQ-06,2027-05-05,Correctiva,10.6,1,Revestimiento (liner),7534.0
OT-005463,PAR-007205,PC-EQ-10,2027-05-06,Correctiva,5.6,1,Faja/correa,3822.0
OT-005150,PAR-006791,PC-EQ-09,2026-09-22,Correctiva,5.6,2,Rodamiento,6313.0
OT-004897,PAR-006430,PC-EQ-08,2026-03-11,Correctiva,18.0,2,Ninguno (solo mano de obra),7411.0
OT-004780,PAR-006279,PC-EQ-08,2024-07-05,Preventiva,5.9,3,Ninguno (solo mano de obra),738.0
OT-005197,PAR-006844,PC-EQ-09,2027-07-06,Correctiva,1.3,3,Ninguno (solo mano de obra),5424.0
OT-002830,PAR-003717,PC-EQ-01,2024-06-25,Correctiva,10.2,1,Sensor/instrumento,2779.0
OT-003948,PAR-005205,PC-EQ-05,2024-06-21,Correctiva,25.0,3,Sello mecánico,6540.0
OT-003498,PAR-004645,PC-EQ-03,2027-05-06,Correctiva,4.0,1,Sensor/instrumento,4945.0
OT-004232,PAR-005561,PC-EQ-05,2027-06-17,Correctiva,1.2,3,Ninguno (solo mano de obra),3666.0
OT-003098,PAR-004096,PC-EQ-02,2024-07-10,Correctiva,11.6,3,Rodamiento,7958.0
OT-004389,PAR-005758,PC-EQ-06,2025-08-18,Correctiva,5.1,1,Faja/correa,2080.0
OT-005466,PAR-007208,PC-EQ-10,2027-05-18,Preventiva,7.0,1,Ninguno (solo mano de obra),2409.0
OT-003805,PAR-005030,PC-EQ-04,2026-11-06,Correctiva,3.2,2,Sensor/instrumento,6325.0
OT-004141,PAR-005450,PC-EQ-05,2026-06-21,Correctiva,1.4,2,Sello mecánico,1084.0
OT-003456,PAR-004588,PC-EQ-03,2026-05-31,Preventiva,5.2,2,Rodamiento,1232.0
OT-003686,PAR-004882,PC-EQ-04,2025-08-13,Correctiva,17.7,3,Sello mecánico,1118.0
OT-004150,PAR-005462,PC-EQ-05,2026-07-30,Correctiva,4.3,3,Motor eléctrico,6910.0
OT-004352,PAR-005704,PC-EQ-06,2024-12-27,Correctiva,3.5,2,Sello mecánico,5746.0
OT-004233,PAR-005562,PC-EQ-05,2027-06-21,Correctiva,1.0,3,Sello mecánico,3923.0
OT-004660,PAR-006105,PC-EQ-07,2026-03-21,Preventiva,8.9,1,Sensor/instrumento,277.0
OT-003497,PAR-004644,PC-EQ-03,2027-05-01,Correctiva,6.5,3,Faja/correa,3872.0
OT-005487,PAR-007234,PC-EQ-10,2027-09-11,Preventiva,5.2,3,Sensor/instrumento,240.0
OT-003691,PAR-004887,PC-EQ-04,2025-09-02,Correctiva,1.1,2,Revestimiento (liner),7900.0
OT-002929,PAR-003858,PC-EQ-01,2026-01-25,Correctiva,4.5,1,Faja/correa,2809.0
OT-004093,PAR-005389,PC-EQ-05,2026-01-30,Correctiva,9.9,3,Faja/correa,174.0
OT-003557,PAR-004725,PC-EQ-04,2024-04-14,Correctiva,5.9,3,Faja/correa,2774.0
OT-003855,PAR-005090,PC-EQ-04,2027-06-10,Correctiva,14.4,2,Motor eléctrico,3847.0
OT-004067,PAR-005354,PC-EQ-05,2025-10-25,Correctiva,8.4,2,Ninguno (solo mano de obra),6749.0
OT-004149,PAR-005461,PC-EQ-05,2026-07-24,Correctiva,27.9,2,Rodamiento,6006.0
OT-004373,PAR-005734,PC-EQ-06,2025-05-06,Preventiva,8.9,1,Faja/correa,1667.0
OT-004389,PAR-005758,PC-EQ-06,2025-08-18,Correctiva,5.1,1,Faja/correa,2080.0
OT-004151,PAR-005463,PC-EQ-05,2026-08-01,Correctiva,7.0,2,Faja/correa,6217.0
OT-004930,PAR-006475,PC-EQ-08,2026-09-11,Preventiva,6.1,2,Sensor/instrumento,2139.0
OT-003458,PAR-004593,PC-EQ-03,2026-06-15,Preventiva,7.5,1,,1572.0
OT-003279,PAR-004339,PC-EQ-02,2027-03-17,Correctiva,15.5,1,Revestimiento (liner),6751.0
OT-003947,PAR-005204,PC-EQ-05,2024-06-17,Preventiva,4.9,3,Rodamiento,1972.0
OT-004616,PAR-006049,PC-EQ-07,2025-05-07,Correctiva,12.9,2,Sello mecánico,1274.0
OT-004269,PAR-005604,PC-EQ-05,2027-11-07,Preventiva,7.7,2,Rodamiento,2280.0
OT-004942,PAR-006492,PC-EQ-08,2026-10-26,Correctiva,4.3,1,Sello mecánico,912.0
OT-003956,PAR-005214,PC-EQ-05,2024-07-19,Correctiva,5.1,1,Sello mecánico,6887.0
OT-003471,PAR-004611,PC-EQ-03,2026-10-06,Preventiva,9.9,3,Revestimiento (liner),2276.0
OT-003130,PAR-004141,PC-EQ-02,2025-01-23,Preventiva,9.7,3,Sensor/instrumento,575.0
OT-003750,PAR-004961,PC-EQ-04,2026-04-27,Preventiva,9.9,1,Rodamiento,97.0
OT-004740,PAR-006225,PC-EQ-07,2027-11-30,Preventiva,5.8,1,Faja/correa,231.0
OT-005239,PAR-006907,PC-EQ-10,2024-03-30,Correctiva,2.2,3,Sello mecánico,942.0
OT-004357,PAR-005709,PC-EQ-06,2025-02-04,Correctiva,9.6,3,Ninguno (solo mano de obra),2580.0
OT-004582,PAR-006000,PC-EQ-07,2024-09-02,Correctiva,0.5,3,Sello mecánico,1315.0
OT-005438,PAR-007174,PC-EQ-10,2027-01-03,Preventiva,5.3,3,Sensor/instrumento,864.0
OT-003285,PAR-004347,PC-EQ-02,2027-04-13,Correctiva,19.2,1,Motor eléctrico,5986.0
OT-005475,PAR-007219,PC-EQ-10,2027-07-09,Correctiva,30.3,2,Faja/correa,5187.0
OT-004962,PAR-006524,PC-EQ-08,2027-02-20,Correctiva,12.0,3,Sensor/instrumento,6156.0
OT-002907,PAR-003824,PC-EQ-01,2025-09-30,Correctiva,12.2,2,Ninguno (solo mano de obra),6113.0
OT-005093,PAR-006707,PC-EQ-09,2025-09-28,Preventiva,8.9,3,Sello mecánico,1949.0
OT-004596,PAR-006016,PC-EQ-07,2024-11-22,Correctiva,3.5,2,Motor eléctrico,584.0
OT-005465,PAR-007207,PC-EQ-10,2027-05-16,Correctiva,2.6,1,Sensor/instrumento,665.0
OT-003747,PAR-004958,PC-EQ-04,2026-04-23,Correctiva,6.9,3,Faja/correa,6502.0
OT-004448,PAR-005828,PC-EQ-06,2026-05-28,Correctiva,9.6,3,Revestimiento (liner),3383.0
OT-002940,PAR-003873,PC-EQ-01,2026-03-10,Preventiva,10.1,1,Motor eléctrico,2435.0
OT-004279,PAR-005616,PC-EQ-05,2027-12-13,Correctiva,16.6,1,Sello mecánico,6329.0
OT-003219,PAR-004267,PC-EQ-02,2026-05-30,Correctiva,6.5,1,Rodamiento,356.0
OT-005468,PAR-007210,PC-EQ-10,2027-06-01,Correctiva,11.8,1,Motor eléctrico,6082.0
OT-005078,PAR-006682,PC-EQ-09,2025-05-21,Correctiva,4.7,3,Rodamiento,860.0
OT-005386,PAR-007104,PC-EQ-10,2026-04-09,Correctiva,0.9,3,Sello mecánico,2089.0
OT-003018,PAR-003981,PC-EQ-01,2027-05-08,Preventiva,5.8,3,Sello mecánico,217.0
OT-004554,PAR-005965,PC-EQ-06,2027-12-26,Preventiva,7.5,1,Sello mecánico,809.0
OT-003204,PAR-004242,PC-EQ-02,2026-02-27,Preventiva,5.7,2,Sensor/instrumento,2006.0
OT-004468,PAR-005851,PC-EQ-06,2026-08-29,Correctiva,0.6,3,Rodamiento,185.0
OT-005153,PAR-006794,PC-EQ-09,2026-10-06,Correctiva,10.0,1,Motor eléctrico,5354.0
OT-005059,PAR-006656,PC-EQ-09,2024-12-28,Correctiva,2.7,3,Motor eléctrico,1060.0
OT-003383,PAR-004473,PC-EQ-03,2024-12-20,Correctiva,11.6,1,Ninguno (solo mano de obra),1511.0
OT-005165,PAR-006806,PC-EQ-09,2026-11-28,Correctiva,1.0,3,Sensor/instrumento,4671.0
OT-003896,PAR-005139,PC-EQ-04,2027-10-29,Preventiva,6.2,3,Faja/correa,2236.0
OT-003344,PAR-004417,PC-EQ-03,2024-01-31,Preventiva,11.9,3,Faja/correa,645.0
OT-002882,PAR-003789,PC-EQ-01,2025-04-10,Correctiva,19.1,3,Sello mecánico,7880.0
OT-004809,PAR-006318,PC-EQ-08,2024-12-13,Correctiva,6.8,2,Sello mecánico,687.0
OT-004784,PAR-006284,PC-EQ-08,2024-07-21,Correctiva,0.8,3,Faja/correa,4719.0
OT-004892,PAR-006421,PC-EQ-08,2026-01-31,Correctiva,6.2,1,Revestimiento (liner),5247.0
OT-002924,PAR-003849,PC-EQ-01,2025-12-27,Correctiva,0.7,2,Ninguno (solo mano de obra),1824.0
OT-004874,PAR-006398,PC-EQ-08,2025-10-21,Preventiva,10.1,1,Revestimiento (liner),759.0
OT-002824,PAR-003708,PC-EQ-01,2024-05-25,Correctiva,9.2,3,Revestimiento (liner),6986.0
OT-003105,PAR-004107,PC-EQ-02,2024-08-20,Correctiva,10.1,1,Sensor/instrumento,5318.0
OT-004413,PAR-005785,PC-EQ-06,2025-12-08,Correctiva,26.8,2,Rodamiento,2343.0
OT-002877,PAR-003784,PC-EQ-01,2025-03-13,Correctiva,5.8,1,Sello mecánico,7204.0
OT-004703,PAR-006174,PC-EQ-07,2027-03-20,Correctiva,0.7,2,Faja/correa,870.0
OT-003091,PAR-004086,PC-EQ-02,2024-06-19,Correctiva,14.8,3,Ninguno (solo mano de obra),2511.0
OT-003512,PAR-004669,PC-EQ-03,2027-09-20,Preventiva,5.4,2,Revestimiento (liner),130.0
OT-003788,PAR-005007,PC-EQ-04,2026-09-12,Correctiva,4.1,3,Revestimiento (liner),4898.0
OT-003272,PAR-004326,PC-EQ-02,2027-02-06,Correctiva,10.5,1,Sensor/instrumento,1231.0
OT-003404,PAR-004508,PC-EQ-03,2025-06-11,Correctiva,0.5,2,Sensor/instrumento,6368.0
OT-003857,PAR-005092,PC-EQ-04,2027-06-14,Preventiva,4.7,3,Faja/correa,466.0
OT-003952,PAR-005210,PC-EQ-05,2024-07-05,Correctiva,5.1,2,Faja/correa,5730.0
OT-003801,PAR-005024,PC-EQ-04,2026-10-23,Correctiva,3.7,1,Motor eléctrico,1660.0
OT-003108,PAR-004110,PC-EQ-02,2024-09-02,Correctiva,10.5,2,Faja/correa,4290.0
OT-005083,PAR-006690,PC-EQ-09,2025-07-10,Preventiva,5.8,2,,909.0
OT-004618,PAR-006052,PC-EQ-07,2025-05-20,Preventiva,7.2,2,Sello mecánico,984.0
OT-005323,PAR-007019,PC-EQ-10,2025-05-16,Correctiva,5.0,3,Motor eléctrico,5361.0
OT-004929,PAR-006474,PC-EQ-08,2026-09-07,Correctiva,23.7,3,Ninguno (solo mano de obra),2096.0
OT-003946,PAR-005202,PC-EQ-05,2024-06-13,Correctiva,7.1,3,Rodamiento,3686.0
OT-004419,PAR-005791,PC-EQ-06,2026-01-15,Correctiva,11.1,1,Ninguno (solo mano de obra),3608.0
OT-004492,PAR-005879,PC-EQ-06,2027-01-04,Correctiva,0.6,3,Motor eléctrico,1783.0
OT-003156,PAR-004177,PC-EQ-02,2025-07-04,Correctiva,7.1,1,Rodamiento,6842.0
OT-004417,PAR-005789,PC-EQ-06,2026-01-07,Correctiva,9.4,1,Ninguno (solo mano de obra),3054.0
OT-004321,PAR-005664,PC-EQ-06,2024-06-30,Correctiva,5.6,3,Revestimiento (liner),1605.0
OT-004083,PAR-005376,PC-EQ-05,2025-12-15,Preventiva,7.0,3,Faja/correa,1440.0
OT-003304,PAR-004371,PC-EQ-02,2027-08-06,Preventiva,9.0,3,Rodamiento,916.0
OT-005243,PAR-006913,PC-EQ-10,2024-04-17,Correctiva,1.9,2,Ninguno (solo mano de obra),5294.0
OT-003716,PAR-004916,PC-EQ-04,2025-12-07,Correctiva,0.5,2,Ninguno (solo mano de obra),3396.0
OT-003609,PAR-004790,PC-EQ-04,2024-10-29,Preventiva,4.7,1,Rodamiento,129.0
OT-005462,PAR-007204,PC-EQ-10,2027-05-04,Preventiva,5.2,3,Rodamiento,2306.0
OT-003251,PAR-004303,PC-EQ-02,2026-10-23,Correctiva,4.5,1,Rodamiento,6786.0
OT-003732,PAR-004935,PC-EQ-04,2026-02-05,Correctiva,2.6,3,Motor eléctrico,3053.0
OT-004577,PAR-005994,PC-EQ-07,2024-08-03,Correctiva,2.0,1,Revestimiento (liner),4982.0
OT-004182,PAR-005498,PC-EQ-05,2026-11-23,Preventiva,12.4,2,Rodamiento,393.0
OT-004169,PAR-005483,PC-EQ-05,2026-10-13,Correctiva,16.1,2,Faja/correa,2919.0
OT-003811,PAR-005037,PC-EQ-04,2026-11-23,Correctiva,22.8,1,Sensor/instrumento,7929.0
OT-004026,PAR-005305,PC-EQ-05,2025-04-29,Correctiva,24.8,3,Rodamiento,3901.0
OT-005149,PAR-006790,PC-EQ-09,2026-09-19,Correctiva,9.0,2,Revestimiento (liner),3595.0
OT-003181,PAR-004212,PC-EQ-02,2025-11-22,Correctiva,6.4,3,Motor eléctrico,4306.0
OT-005345,PAR-007047,PC-EQ-10,2025-08-29,Correctiva,18.1,1,Faja/correa,6620.0
OT-002842,PAR-003734,PC-EQ-01,2024-09-04,Correctiva,1.8,3,Motor eléctrico,7159.0
OT-004551,PAR-005960,PC-EQ-06,2027-12-05,Correctiva,3.8,3,Ninguno (solo mano de obra),5398.0
OT-003009,PAR-003968,PC-EQ-01,2027-03-21,Correctiva,18.7,2,Rodamiento,4526.0
OT-003476,PAR-004617,PC-EQ-03,2026-10-25,Correctiva,10.6,2,Motor eléctrico,1496.0
OT-003185,PAR-004217,PC-EQ-02,2025-12-18,Preventiva,9.5,2,Rodamiento,2211.0
OT-004815,PAR-006327,PC-EQ-08,2025-01-22,Correctiva,6.5,3,Ninguno (solo mano de obra),7747.0
OT-003475,PAR-004616,PC-EQ-03,2026-10-24,Correctiva,2.2,3,Sensor/instrumento,4779.0
OT-004483,PAR-005866,PC-EQ-06,2026-11-19,Preventiva,4.4,2,Sensor/instrumento,1847.0
OT-003922,PAR-005171,PC-EQ-05,2024-03-06,Correctiva,25.9,2,Motor eléctrico,7010.0
OT-004145,PAR-005455,PC-EQ-05,2026-07-11,Correctiva,6.4,2,Sello mecánico,638.0
OT-004831,PAR-006345,PC-EQ-08,2025-04-09,Correctiva,5.4,2,Revestimiento (liner),1147.0
OT-003971,PAR-005229,PC-EQ-05,2024-08-31,Correctiva,14.6,3,Rodamiento,2236.0
OT-005146,PAR-006786,PC-EQ-09,2026-09-04,Preventiva,13.6,3,Revestimiento (liner),2341.0
OT-005452,PAR-007190,PC-EQ-10,2027-03-01,Correctiva,18.5,2,Faja/correa,7182.0
OT-002942,PAR-003876,PC-EQ-01,2026-03-23,Correctiva,6.1,3,Ninguno (solo mano de obra),2123.0
OT-003436,PAR-004557,PC-EQ-03,2026-01-09,Correctiva,0.5,2,Sello mecánico,4551.0
OT-005000,PAR-006576,PC-EQ-08,2027-10-02,Correctiva,4.8,1,Revestimiento (liner),2304.0
OT-004497,PAR-005886,PC-EQ-06,2027-01-25,Correctiva,2.2,1,Motor eléctrico,508.0
OT-004652,PAR-006094,PC-EQ-07,2026-01-08,Preventiva,8.1,2,Rodamiento,838.0
OT-003467,PAR-004605,PC-EQ-03,2026-09-02,Preventiva,6.1,2,Revestimiento (liner),2164.0
OT-004212,PAR-005534,PC-EQ-05,2027-04-08,Correctiva,27.5,3,Motor eléctrico,4047.0
OT-003975,PAR-005235,PC-EQ-05,2024-09-19,Correctiva,10.1,2,Faja/correa,5601.0
OT-003151,PAR-004172,PC-EQ-02,2025-06-08,Correctiva,15.8,3,Motor eléctrico,7322.0
OT-003335,PAR-004408,PC-EQ-03,2024-01-03,Correctiva,2.0,1,Revestimiento (liner),498.0
OT-003664,PAR-004855,PC-EQ-04,2025-05-19,Correctiva,26.2,2,Ninguno (solo mano de obra),4433.0
OT-005216,PAR-006874,PC-EQ-09,2027-11-21,Correctiva,16.4,3,Rodamiento,2631.0
OT-004860,PAR-006379,PC-EQ-08,2025-08-16,Correctiva,8.7,2,Rodamiento,2909.0
OT-004490,PAR-005876,PC-EQ-06,2026-12-24,Correctiva,8.2,2,Sello mecánico,7068.0
OT-003813,PAR-005039,PC-EQ-04,2026-11-26,Correctiva,8.0,3,Ninguno (solo mano de obra),3340.0
OT-005417,PAR-007146,PC-EQ-10,2026-09-07,Preventiva,7.2,1,Sensor/instrumento,2410.0
OT-003450,PAR-004578,PC-EQ-03,2026-04-20,Correctiva,16.2,2,Motor eléctrico,1489.0
OT-004916,PAR-006454,PC-EQ-08,2026-06-19,Correctiva,27.2,2,Motor eléctrico,5782.0
OT-003028,PAR-003999,PC-EQ-01,2027-07-15,Correctiva,0.5,3,Motor eléctrico,7441.0
OT-005070,PAR-006671,PC-EQ-09,2025-04-01,Correctiva,8.3,1,Ninguno (solo mano de obra),4737.0
OT-002943,PAR-003878,PC-EQ-01,2026-03-25,Correctiva,3.4,3,Ninguno (solo mano de obra),361.0
OT-003642,PAR-004831,PC-EQ-04,2025-02-21,Correctiva,26.2,1,Ninguno (solo mano de obra),1982.0
OT-004630,PAR-006067,PC-EQ-07,2025-09-16,Correctiva,8.5,1,Sensor/instrumento,7433.0
OT-003110,PAR-004112,PC-EQ-02,2024-09-18,Preventiva,6.3,1,Sello mecánico,1798.0
OT-004305,PAR-005648,PC-EQ-06,2024-04-25,Correctiva,14.9,3,Ninguno (solo mano de obra),1843.0
OT-004878,PAR-006402,PC-EQ-08,2025-11-14,Correctiva,1.2,3,Sello mecánico,1673.0
OT-002936,PAR-003867,PC-EQ-01,2026-02-18,Correctiva,24.3,3,Sensor/instrumento,7105.0
OT-003137,PAR-004149,PC-EQ-02,2025-03-06,Preventiva,6.7,2,Ninguno (solo mano de obra),2314.0
OT-004263,PAR-005598,PC-EQ-05,2027-10-08,Correctiva,4.6,3,Rodamiento,3947.0
OT-004250,PAR-005584,PC-EQ-05,2027-09-03,Correctiva,26.2,3,Rodamiento,7757.0
OT-003706,PAR-004906,PC-EQ-04,2025-11-03,Correctiva,14.0,3,Rodamiento,7037.0
OT-004761,PAR-006254,PC-EQ-08,2024-04-04,Correctiva,18.6,3,Sello mecánico,6621.0
OT-003074,PAR-004058,PC-EQ-02,2024-02-19,Correctiva,1.7,1,Sello mecánico,5372.0
OT-004974,PAR-006540,PC-EQ-08,2027-04-14,Preventiva,9.2,1,Faja/correa,2063.0
OT-004408,PAR-005779,PC-EQ-06,2025-11-11,Preventiva,3.6,3,Ninguno (solo mano de obra),449.0
OT-004271,PAR-005606,PC-EQ-05,2027-11-12,Correctiva,1.7,2,Rodamiento,3075.0
OT-004094,PAR-005390,PC-EQ-05,2026-02-01,Correctiva,18.8,1,Rodamiento,4600.0
OT-005403,PAR-007126,PC-EQ-10,2026-06-22,Correctiva,13.9,3,Rodamiento,1275.0
OT-005472,PAR-007215,PC-EQ-10,2027-06-26,Preventiva,6.8,1,Rodamiento,1074.0
OT-004285,PAR-005622,PC-EQ-06,2024-01-02,Correctiva,8.8,1,,2218.0
OT-003599,PAR-004777,PC-EQ-04,2024-09-07,Correctiva,18.8,3,Sello mecánico,306.0
OT-004526,PAR-005926,PC-EQ-06,2027-07-31,Correctiva,2.5,3,Sensor/instrumento,3212.0
OT-004317,PAR-005660,PC-EQ-06,2024-06-03,Correctiva,4.0,1,Revestimiento (liner),1219.0
OT-002834,PAR-003723,PC-EQ-01,2024-07-26,Preventiva,13.0,1,Rodamiento,1396.0
OT-003731,PAR-004934,PC-EQ-04,2026-02-02,Correctiva,0.4,1,Sensor/instrumento,4484.0
OT-003122,PAR-004128,PC-EQ-02,2024-11-24,Correctiva,27.5,2,Sensor/instrumento,4732.0
OT-004186,PAR-005503,PC-EQ-05,2026-12-16,Preventiva,4.9,3,Sensor/instrumento,137.0
OT-003039,PAR-004015,PC-EQ-01,2027-08-22,Preventiva,7.6,3,,1569.0
OT-005492,PAR-007241,PC-EQ-10,2027-10-17,Preventiva,8.8,3,Rodamiento,1242.0
OT-003309,PAR-004377,PC-EQ-02,2027-08-21,Correctiva,7.0,1,Ninguno (solo mano de obra),3101.0
OT-004654,PAR-006098,PC-EQ-07,2026-01-24,Preventiva,11.1,3,Motor eléctrico,1544.0
OT-004190,PAR-005507,PC-EQ-05,2026-12-21,Correctiva,17.8,2,,6793.0
OT-004988,PAR-006562,PC-EQ-08,2027-08-14,Preventiva,7.9,2,Motor eléctrico,1295.0
OT-005359,PAR-007065,PC-EQ-10,2025-10-21,Correctiva,11.3,3,Rodamiento,1279.0
OT-004339,PAR-005688,PC-EQ-06,2024-09-29,Preventiva,9.5,1,Rodamiento,1149.0
OT-005382,PAR-007096,PC-EQ-10,2026-03-07,Correctiva,3.7,1,Revestimiento (liner),4509.0
OT-004039,PAR-005319,PC-EQ-05,2025-06-28,Preventiva,12.2,3,Rodamiento,1258.0
OT-004427,PAR-005803,PC-EQ-06,2026-02-23,Preventiva,4.2,3,Ninguno (solo mano de obra),295.0
OT-003203,PAR-004241,PC-EQ-02,2026-02-24,Correctiva,18.4,1,Sello mecánico,455.0
OT-005270,PAR-006947,PC-EQ-10,2024-08-21,Preventiva,8.6,2,Sensor/instrumento,240.0
OT-005383,PAR-007097,PC-EQ-10,2026-03-12,Correctiva,3.6,1,Sello mecánico,37.0
OT-005034,PAR-006621,PC-EQ-09,2024-06-15,Correctiva,1.4,1,Sensor/instrumento,7149.0
OT-003741,PAR-004951,PC-EQ-04,2026-03-31,Correctiva,4.7,1,Rodamiento,2180.0
OT-003651,PAR-004841,PC-EQ-04,2025-03-31,Correctiva,21.2,1,Motor eléctrico,554.0
OT-004800,PAR-006305,PC-EQ-08,2024-11-02,Correctiva,9.1,1,Revestimiento (liner),3021.0
OT-002980,PAR-003928,PC-EQ-01,2026-10-18,Preventiva,5.1,1,Sensor/instrumento,2464.0
OT-004023,PAR-005301,PC-EQ-05,2025-04-21,Correctiva,15.5,3,Sello mecánico,1435.0
OT-004777,PAR-006276,PC-EQ-08,2024-06-26,Correctiva,24.6,2,Motor eléctrico,840.0
OT-003220,PAR-004268,PC-EQ-02,2026-06-06,Preventiva,9.7,3,Revestimiento (liner),1379.0
OT-004517,PAR-005916,PC-EQ-06,2027-06-05,Correctiva,2.9,3,Sello mecánico,5740.0
OT-002964,PAR-003907,PC-EQ-01,2026-07-14,Preventiva,8.1,2,Sello mecánico,154.0
OT-004530,PAR-005930,PC-EQ-06,2027-08-12,Correctiva,7.2,1,Rodamiento,130.0
OT-003737,PAR-004945,PC-EQ-04,2026-02-28,Correctiva,22.1,2,Ninguno (solo mano de obra),552.0
OT-003003,PAR-003960,PC-EQ-01,2027-03-03,Preventiva,10.9,1,Sensor/instrumento,811.0
OT-004990,PAR-006566,PC-EQ-08,2027-08-31,Correctiva,15.0,3,Faja/correa,5734.0
OT-004725,PAR-006207,PC-EQ-07,2027-08-22,Preventiva,6.7,2,Faja/correa,1415.0
OT-003041,PAR-004018,PC-EQ-01,2027-09-01,Correctiva,8.4,3,Motor eléctrico,6294.0
OT-005356,PAR-007061,PC-EQ-10,2025-10-11,Correctiva,0.7,2,Rodamiento,5066.0
OT-003511,PAR-004667,PC-EQ-03,2027-09-03,Preventiva,6.0,3,Faja/correa,1204.0
OT-003169,PAR-004195,PC-EQ-02,2025-08-31,Preventiva,6.3,3,Sello mecánico,2361.0
OT-004278,PAR-005615,PC-EQ-05,2027-12-12,Correctiva,7.4,3,Ninguno (solo mano de obra),3790.0
OT-003626,PAR-004810,PC-EQ-04,2024-12-24,Preventiva,5.6,1,Sello mecánico,1124.0
OT-004310,PAR-005653,PC-EQ-06,2024-05-06,Correctiva,28.0,1,Ninguno (solo mano de obra),3185.0
OT-003167,PAR-004193,PC-EQ-02,2025-08-23,Correctiva,11.3,1,Revestimiento (liner),965.0
OT-004409,PAR-005781,PC-EQ-06,2025-11-23,Correctiva,2.0,1,Faja/correa,2381.0
OT-002820,PAR-003704,PC-EQ-01,2024-04-28,Correctiva,17.1,1,Ninguno (solo mano de obra),5248.0
OT-003587,PAR-004760,PC-EQ-04,2024-07-27,Correctiva,30.4,3,Faja/correa,2011.0
OT-003458,PAR-004593,PC-EQ-03,2026-06-15,Preventiva,7.5,1,,1572.0
OT-004556,PAR-005968,PC-EQ-07,2024-01-22,Preventiva,9.2,2,Revestimiento (liner),2279.0
OT-003377,PAR-004466,PC-EQ-03,2024-11-04,Preventiva,10.2,1,Faja/correa,80.0
OT-004033,PAR-005313,PC-EQ-05,2025-06-12,Correctiva,29.0,3,Sensor/instrumento,1252.0
OT-003271,PAR-004324,PC-EQ-02,2027-01-28,Preventiva,5.8,3,Rodamiento,1584.0
OT-003500,PAR-004648,PC-EQ-03,2027-05-14,Preventiva,6.0,1,Ninguno (solo mano de obra),648.0
OT-005437,PAR-007173,PC-EQ-10,2027-01-02,Correctiva,11.9,2,Ninguno (solo mano de obra),6630.0
OT-004205,PAR-005526,PC-EQ-05,2027-02-23,Correctiva,3.3,3,Sello mecánico,6611.0
OT-004132,PAR-005439,PC-EQ-05,2026-05-22,Correctiva,4.6,1,Revestimiento (liner),3112.0
OT-002835,PAR-003726,PC-EQ-01,2024-08-06,Correctiva,19.0,2,Rodamiento,2225.0
OT-005020,PAR-006602,PC-EQ-09,2024-01-03,Correctiva,4.6,1,Ninguno (solo mano de obra),2134.0
OT-003630,PAR-004814,PC-EQ-04,2025-01-07,Correctiva,0.7,3,Motor eléctrico,7259.0
OT-003043,PAR-004021,PC-EQ-01,2027-09-12,Correctiva,7.4,1,Faja/correa,3549.0
OT-005476,PAR-007220,PC-EQ-10,2027-07-11,Correctiva,3.8,2,Faja/correa,7549.0
OT-005302,PAR-006989,PC-EQ-10,2025-02-06,Correctiva,0.6,3,Sensor/instrumento,5961.0
OT-003711,PAR-004911,PC-EQ-04,2025-11-22,Correctiva,21.3,3,Faja/correa,5943.0
OT-004853,PAR-006370,PC-EQ-08,2025-07-09,Preventiva,6.1,1,Ninguno (solo mano de obra),993.0
OT-005047,PAR-006637,PC-EQ-09,2024-10-06,Preventiva,9.5,2,Ninguno (solo mano de obra),1012.0
OT-002993,PAR-003948,PC-EQ-01,2027-01-03,Preventiva,10.2,2,Faja/correa,226.0
OT-004407,PAR-005778,PC-EQ-06,2025-11-09,Correctiva,3.5,3,Sello mecánico,3621.0
OT-005397,PAR-007118,PC-EQ-10,2026-06-01,Correctiva,20.6,1,,1025.0
OT-005167,PAR-006809,PC-EQ-09,2026-12-04,Correctiva,3.5,1,Sensor/instrumento,2928.0
OT-003586,PAR-004759,PC-EQ-04,2024-07-21,Correctiva,7.1,2,Ninguno (solo mano de obra),5296.0
OT-003828,PAR-005057,PC-EQ-04,2027-02-19,Preventiva,8.6,1,Rodamiento,1798.0
OT-003616,PAR-004797,PC-EQ-04,2024-11-18,Correctiva,8.5,1,Revestimiento (liner),2230.0
OT-003856,PAR-005091,PC-EQ-04,2027-06-12,Correctiva,13.8,3,Ninguno (solo mano de obra),2887.0
OT-004538,PAR-005939,PC-EQ-06,2027-09-11,Preventiva,9.3,1,Sello mecánico,1461.0
OT-002986,PAR-003940,PC-EQ-01,2026-11-26,Correctiva,8.0,2,Sello mecánico,4244.0
OT-004649,PAR-006091,PC-EQ-07,2025-12-22,Correctiva,11.8,3,Ninguno (solo mano de obra),2973.0
OT-002863,PAR-003765,PC-EQ-01,2025-01-14,Correctiva,4.9,2,Ninguno (solo mano de obra),155.0
OT-004875,PAR-006399,PC-EQ-08,2025-10-27,Correctiva,2.7,1,Motor eléctrico,525.0
OT-003669,PAR-004862,PC-EQ-04,2025-06-06,Correctiva,17.3,2,Ninguno (solo mano de obra),3429.0
OT-005423,PAR-007154,PC-EQ-10,2026-10-05,Correctiva,23.1,1,Faja/correa,7747.0
OT-004178,PAR-005492,PC-EQ-05,2026-11-05,Correctiva,23.8,3,Faja/correa,4388.0
OT-005108,PAR-006730,PC-EQ-09,2025-12-30,Correctiva,9.5,1,Revestimiento (liner),785.0
OT-004348,PAR-005699,PC-EQ-06,2024-12-07,Correctiva,8.8,2,Sello mecánico,167.0
OT-003150,PAR-004171,PC-EQ-02,2025-06-07,Correctiva,8.6,3,Sensor/instrumento,7082.0
OT-005010,PAR-006591,PC-EQ-08,2027-11-17,Correctiva,13.2,1,Sensor/instrumento,2662.0
OT-003693,PAR-004889,PC-EQ-04,2025-09-08,Correctiva,21.3,2,Ninguno (solo mano de obra),6501.0
OT-003751,PAR-004962,PC-EQ-04,2026-04-28,Correctiva,25.2,2,Revestimiento (liner),428.0
OT-004471,PAR-005854,PC-EQ-06,2026-09-10,Correctiva,12.1,2,Ninguno (solo mano de obra),4906.0
OT-002826,PAR-003710,PC-EQ-01,2024-05-31,Correctiva,25.0,1,Sensor/instrumento,2315.0
OT-003981,PAR-005242,PC-EQ-05,2024-10-06,Correctiva,1.3,3,Ninguno (solo mano de obra),4859.0
OT-004629,PAR-006065,PC-EQ-07,2025-09-07,Preventiva,6.0,1,Sello mecánico,2301.0
OT-003758,PAR-004971,PC-EQ-04,2026-05-31,Preventiva,9.7,1,Rodamiento,277.0
OT-004504,PAR-005898,PC-EQ-06,2027-03-21,Correctiva,0.5,2,Motor eléctrico,3310.0
OT-004043,PAR-005323,PC-EQ-05,2025-07-10,Correctiva,0.5,1,Sello mecánico,2359.0
OT-004862,PAR-006382,PC-EQ-08,2025-08-22,Correctiva,0.5,3,Ninguno (solo mano de obra),959.0
OT-004925,PAR-006466,PC-EQ-08,2026-08-07,Correctiva,6.3,2,Sensor/instrumento,2830.0
OT-004207,PAR-005528,PC-EQ-05,2027-03-11,Correctiva,14.1,3,Faja/correa,5706.0
OT-004176,PAR-005490,PC-EQ-05,2026-11-01,Correctiva,15.9,1,Motor eléctrico,2900.0
OT-005052,PAR-006648,PC-EQ-09,2024-11-20,Correctiva,2.9,3,Motor eléctrico,6504.0
OT-004698,PAR-006167,PC-EQ-07,2027-02-15,Correctiva,2.5,1,Faja/correa,1299.0
OT-003668,PAR-004861,PC-EQ-04,2025-06-03,Correctiva,16.3,2,Rodamiento,7907.0
OT-005105,PAR-006725,PC-EQ-09,2025-12-04,Correctiva,8.8,2,Faja/correa,703.0
OT-005077,PAR-006681,PC-EQ-09,2025-05-15,Correctiva,14.2,3,Ninguno (solo mano de obra),5573.0
OT-004932,PAR-006478,PC-EQ-08,2026-09-21,Correctiva,5.9,3,Sensor/instrumento,5552.0
OT-004035,PAR-005315,PC-EQ-05,2025-06-18,Correctiva,25.5,1,Rodamiento,2173.0
OT-003860,PAR-005096,PC-EQ-04,2027-07-01,Correctiva,10.5,2,Motor eléctrico,563.0
OT-004072,PAR-005361,PC-EQ-05,2025-11-12,Preventiva,6.9,3,Rodamiento,109.0
OT-002935,PAR-003866,PC-EQ-01,2026-02-18,Preventiva,7.3,3,Revestimiento (liner),1109.0
OT-005449,PAR-007187,PC-EQ-10,2027-02-22,Preventiva,7.6,1,Faja/correa,812.0
OT-005139,PAR-006778,PC-EQ-09,2026-07-28,Correctiva,2.0,2,Sello mecánico,2833.0
OT-004726,PAR-006208,PC-EQ-07,2027-08-22,Correctiva,1.0,3,Faja/correa,1799.0
OT-004695,PAR-006162,PC-EQ-07,2027-01-26,Correctiva,8.1,2,Ninguno (solo mano de obra),7570.0
OT-005213,PAR-006869,PC-EQ-09,2027-11-07,Preventiva,7.9,2,Sello mecánico,411.0
OT-004429,PAR-005805,PC-EQ-06,2026-03-02,Correctiva,15.6,2,Revestimiento (liner),5792.0
OT-004376,PAR-005740,PC-EQ-06,2025-05-24,Preventiva,9.4,1,Motor eléctrico,2475.0
OT-005482,PAR-007229,PC-EQ-10,2027-08-22,Preventiva,8.5,3,Revestimiento (liner),1597.0
OT-004494,PAR-005882,PC-EQ-06,2027-01-17,Correctiva,11.1,2,Revestimiento (liner),1611.0
OT-004807,PAR-006315,PC-EQ-08,2024-12-07,Correctiva,10.1,3,Ninguno (solo mano de obra),4514.0
OT-002996,PAR-003951,PC-EQ-01,2027-01-11,Correctiva,7.0,2,Ninguno (solo mano de obra),497.0
OT-004940,PAR-006490,PC-EQ-08,2026-10-20,Preventiva,7.8,3,Sello mecánico,1862.0
OT-004422,PAR-005796,PC-EQ-06,2026-02-05,Preventiva,5.7,1,Rodamiento,2174.0
OT-004068,PAR-005355,PC-EQ-05,2025-10-29,Preventiva,7.1,1,Faja/correa,1819.0
OT-005450,PAR-007188,PC-EQ-10,2027-02-25,Correctiva,20.9,1,Sello mecánico,287.0
OT-003406,PAR-004511,PC-EQ-03,2025-07-02,Correctiva,23.1,2,Rodamiento,5115.0
OT-004174,PAR-005488,PC-EQ-05,2026-10-29,Correctiva,5.2,2,Sensor/instrumento,231.0
OT-003332,PAR-004405,PC-EQ-02,2027-12-26,Correctiva,1.3,2,Rodamiento,7006.0
OT-004818,PAR-006331,PC-EQ-08,2025-02-23,Correctiva,28.7,3,Sello mecánico,1149.0
OT-004508,PAR-005903,PC-EQ-06,2027-04-07,Correctiva,21.4,2,Revestimiento (liner),5163.0
OT-005029,PAR-006612,PC-EQ-09,2024-04-25,Preventiva,13.9,1,Faja/correa,383.0
OT-004436,PAR-005813,PC-EQ-06,2026-03-25,Correctiva,1.9,2,Ninguno (solo mano de obra),1991.0
OT-003399,PAR-004501,PC-EQ-03,2025-05-10,Correctiva,4.1,1,Motor eléctrico,5084.0
OT-004203,PAR-005524,PC-EQ-05,2027-02-18,Correctiva,17.6,1,Revestimiento (liner),7394.0
OT-003744,PAR-004955,PC-EQ-04,2026-04-10,Correctiva,0.5,2,Sensor/instrumento,7986.0
OT-003223,PAR-004272,PC-EQ-02,2026-06-27,Preventiva,6.0,3,,1547.0
OT-004723,PAR-006205,PC-EQ-07,2027-08-17,Correctiva,23.1,2,Sello mecánico,2687.0
OT-003056,PAR-004035,PC-EQ-01,2027-11-22,Correctiva,11.1,1,Rodamiento,4978.0
OT-005366,PAR-007076,PC-EQ-10,2025-12-03,Correctiva,1.6,2,Ninguno (solo mano de obra),1281.0
OT-004877,PAR-006401,PC-EQ-08,2025-11-04,Preventiva,7.4,3,Revestimiento (liner),1066.0
OT-003569,PAR-004738,PC-EQ-04,2024-05-23,Correctiva,19.6,1,Ninguno (solo mano de obra),888.0
OT-003812,PAR-005038,PC-EQ-04,2026-11-25,Correctiva,10.9,1,Motor eléctrico,756.0
OT-005390,PAR-007108,PC-EQ-10,2026-04-20,Correctiva,0.5,3,Faja/correa,6890.0
OT-003075,PAR-004060,PC-EQ-02,2024-02-22,Correctiva,0.7,2,Rodamiento,2970.0
OT-005155,PAR-006796,PC-EQ-09,2026-10-15,Correctiva,11.0,1,Ninguno (solo mano de obra),659.0
OT-004639,PAR-006079,PC-EQ-07,2025-11-14,Correctiva,5.0,1,Revestimiento (liner),6880.0
OT-005299,PAR-006986,PC-EQ-10,2025-01-29,Correctiva,3.7,2,Sensor/instrumento,5411.0
OT-004841,PAR-006356,PC-EQ-08,2025-05-10,Correctiva,0.5,1,Ninguno (solo mano de obra),655.0
OT-003774,PAR-004988,PC-EQ-04,2026-07-18,Correctiva,5.1,2,Faja/correa,5041.0
OT-004829,PAR-006343,PC-EQ-08,2025-03-26,Correctiva,6.7,3,Motor eléctrico,6491.0
OT-005506,PAR-007258,PC-EQ-10,2027-12-16,Correctiva,0.7,3,Ninguno (solo mano de obra),2477.0
OT-004696,PAR-006164,PC-EQ-07,2027-01-31,Correctiva,2.0,1,Ninguno (solo mano de obra),4114.0
OT-005088,PAR-006700,PC-EQ-09,2025-08-21,Preventiva,13.6,3,Sello mecánico,812.0
OT-003299,PAR-004365,PC-EQ-02,2027-06-29,Correctiva,16.3,3,Revestimiento (liner),7768.0
OT-003006,PAR-003964,PC-EQ-01,2027-03-14,Correctiva,23.2,2,,4092.0
OT-003190,PAR-004225,PC-EQ-02,2026-01-12,Correctiva,7.3,2,Sello mecánico,2796.0
OT-003052,PAR-004030,PC-EQ-01,2027-11-01,Correctiva,21.4,3,Rodamiento,4868.0
OT-004254,PAR-005588,PC-EQ-05,2027-09-18,Correctiva,22.8,2,Sensor/instrumento,5162.0
OT-003388,PAR-004480,PC-EQ-03,2025-01-29,Correctiva,19.6,2,Revestimiento (liner),5420.0
OT-005072,PAR-006673,PC-EQ-09,2025-04-07,Correctiva,6.0,3,Ninguno (solo mano de obra),4298.0
OT-003175,PAR-004204,PC-EQ-02,2025-10-09,Preventiva,5.3,3,Faja/correa,2412.0
OT-004353,PAR-005705,PC-EQ-06,2024-12-30,Preventiva,8.4,1,Faja/correa,412.0
OT-003614,PAR-004795,PC-EQ-04,2024-11-09,Correctiva,21.1,1,Ninguno (solo mano de obra),5255.0
OT-003346,PAR-004420,PC-EQ-03,2024-02-14,Correctiva,1.9,2,Motor eléctrico,7615.0
OT-003444,PAR-004569,PC-EQ-03,2026-02-18,Correctiva,0.9,3,Motor eléctrico,1438.0
OT-005175,PAR-006819,PC-EQ-09,2027-02-14,Correctiva,7.9,3,Revestimiento (liner),316.0
OT-003161,PAR-004184,PC-EQ-02,2025-07-31,Correctiva,4.0,1,Revestimiento (liner),2232.0
OT-004650,PAR-006092,PC-EQ-07,2025-12-25,Preventiva,10.6,3,Motor eléctrico,1580.0
OT-004329,PAR-005675,PC-EQ-06,2024-08-04,Preventiva,7.7,2,Sello mecánico,1471.0
OT-002946,PAR-003881,PC-EQ-01,2026-03-31,Preventiva,5.6,2,Sensor/instrumento,552.0
OT-004972,PAR-006537,PC-EQ-08,2027-04-04,Correctiva,0.6,3,Motor eléctrico,2529.0
OT-003259,PAR-004311,PC-EQ-02,2026-12-02,Preventiva,6.1,3,Motor eléctrico,1301.0
OT-005353,PAR-007057,PC-EQ-10,2025-09-27,Correctiva,1.4,3,Motor eléctrico,1691.0
OT-004902,PAR-006437,PC-EQ-08,2026-04-05,Correctiva,21.2,2,Sensor/instrumento,984.0
OT-004045,PAR-005326,PC-EQ-05,2025-07-23,Correctiva,7.6,3,Rodamiento,6987.0
OT-003718,PAR-004918,PC-EQ-04,2025-12-13,Correctiva,17.1,2,Revestimiento (liner),5210.0
OT-003519,PAR-004681,PC-EQ-03,2027-11-19,Correctiva,3.0,1,Ninguno (solo mano de obra),3510.0
OT-004690,PAR-006153,PC-EQ-07,2026-12-26,Correctiva,3.1,3,Sensor/instrumento,2424.0
OT-004906,PAR-006442,PC-EQ-08,2026-04-28,Correctiva,3.4,3,Rodamiento,830.0
OT-004166,PAR-005480,PC-EQ-05,2026-10-01,Correctiva,13.5,1,Rodamiento,2312.0
OT-005369,PAR-007079,PC-EQ-10,2025-12-24,Correctiva,3.5,2,Sello mecánico,1942.0
OT-004819,PAR-006332,PC-EQ-08,2025-03-02,Correctiva,12.2,2,Faja/correa,5717.0
OT-005058,PAR-006655,PC-EQ-09,2024-12-23,Correctiva,0.7,2,Rodamiento,3991.0
OT-004399,PAR-005770,PC-EQ-06,2025-10-11,Correctiva,23.1,3,Faja/correa,3131.0
OT-003698,PAR-004895,PC-EQ-04,2025-09-26,Correctiva,4.2,1,Faja/correa,4541.0
OT-003445,PAR-004570,PC-EQ-03,2026-03-04,Preventiva,12.2,1,Sensor/instrumento,647.0
OT-003762,PAR-004975,PC-EQ-04,2026-06-09,Correctiva,16.9,1,Motor eléctrico,7559.0
OT-004615,PAR-006048,PC-EQ-07,2025-05-06,Correctiva,5.7,2,Sensor/instrumento,5737.0
OT-004711,PAR-006187,PC-EQ-07,2027-05-14,Preventiva,10.2,1,Sello mecánico,1775.0
OT-003376,PAR-004464,PC-EQ-03,2024-10-29,Correctiva,6.6,2,Motor eléctrico,6474.0
OT-003678,PAR-004873,PC-EQ-04,2025-07-18,Correctiva,4.6,3,Faja/correa,5610.0
OT-004814,PAR-006325,PC-EQ-08,2025-01-15,Correctiva,13.2,1,Faja/correa,7858.0
OT-004822,PAR-006335,PC-EQ-08,2025-03-14,Correctiva,24.3,3,Faja/correa,6258.0
OT-004907,PAR-006443,PC-EQ-08,2026-05-04,Correctiva,6.1,2,Faja/correa,4236.0
OT-004364,PAR-005718,PC-EQ-06,2025-03-15,Preventiva,10.4,2,Ninguno (solo mano de obra),760.0
OT-003822,PAR-005050,PC-EQ-04,2027-01-18,Correctiva,11.3,3,Ninguno (solo mano de obra),911.0
OT-003689,PAR-004885,PC-EQ-04,2025-08-26,Correctiva,0.7,3,Ninguno (solo mano de obra),7149.0
OT-003600,PAR-004778,PC-EQ-04,2024-09-13,Correctiva,13.2,2,Faja/correa,1831.0
OT-003879,PAR-005119,PC-EQ-04,2027-08-28,Preventiva,5.5,2,Ninguno (solo mano de obra),475.0
OT-004222,PAR-005549,PC-EQ-05,2027-05-13,Preventiva,6.6,3,Sello mecánico,2151.0
OT-005340,PAR-007041,PC-EQ-10,2025-08-08,Correctiva,6.7,2,Revestimiento (liner),5928.0
OT-005364,PAR-007073,PC-EQ-10,2025-11-29,Preventiva,12.5,3,Motor eléctrico,404.0
OT-003552,PAR-004720,PC-EQ-04,2024-04-08,Correctiva,15.5,1,Sensor/instrumento,5861.0
OT-004315,PAR-005658,PC-EQ-06,2024-05-30,Correctiva,24.3,2,Sensor/instrumento,3522.0
OT-003317,PAR-004387,PC-EQ-02,2027-09-29,Correctiva,0.7,3,Rodamiento,5076.0
OT-003135,PAR-004147,PC-EQ-02,2025-02-21,Correctiva,9.9,2,Ninguno (solo mano de obra),5673.0
OT-005455,PAR-007195,PC-EQ-10,2027-03-30,Preventiva,6.8,2,Faja/correa,1878.0
OT-005006,PAR-006587,PC-EQ-08,2027-11-09,Correctiva,10.3,2,Sello mecánico,6696.0
OT-003407,PAR-004512,PC-EQ-03,2025-07-03,Correctiva,4.9,1,Faja/correa,3703.0
OT-003723,PAR-004925,PC-EQ-04,2025-12-30,Correctiva,6.2,2,Sensor/instrumento,4747.0
OT-004411,PAR-005783,PC-EQ-06,2025-12-03,Correctiva,12.7,1,Sensor/instrumento,6475.0
OT-004216,PAR-005539,PC-EQ-05,2027-04-21,Correctiva,7.1,2,Sello mecánico,6002.0
OT-003638,PAR-004827,PC-EQ-04,2025-02-07,Correctiva,8.2,3,Ninguno (solo mano de obra),2156.0
OT-003515,PAR-004675,PC-EQ-03,2027-10-11,Correctiva,2.9,3,Faja/correa,5241.0
OT-003736,PAR-004944,PC-EQ-04,2026-02-27,Correctiva,15.9,1,Revestimiento (liner),7484.0
OT-003323,PAR-004394,PC-EQ-02,2027-11-03,Preventiva,7.4,2,Revestimiento (liner),1021.0
OT-002812,PAR-003695,PC-EQ-01,2024-03-12,Preventiva,4.7,1,Rodamiento,2056.0
OT-003531,PAR-004695,PC-EQ-04,2024-01-17,Correctiva,3.6,1,Revestimiento (liner),7107.0
OT-003037,PAR-004013,PC-EQ-01,2027-08-16,Correctiva,3.2,2,Sello mecánico,5666.0
OT-005096,PAR-006710,PC-EQ-09,2025-10-18,Correctiva,5.7,1,,4665.0
OT-003160,PAR-004183,PC-EQ-02,2025-07-27,Preventiva,12.2,3,Sello mecánico,2313.0
OT-004019,PAR-005295,PC-EQ-05,2025-04-05,Correctiva,23.2,3,Ninguno (solo mano de obra),3165.0
OT-003132,PAR-004144,PC-EQ-02,2025-02-10,Correctiva,6.5,1,Rodamiento,6363.0
OT-005436,PAR-007172,PC-EQ-10,2026-12-17,Preventiva,5.7,1,Faja/correa,976.0
OT-005043,PAR-006631,PC-EQ-09,2024-08-30,Preventiva,7.3,2,Faja/correa,268.0
OT-003258,PAR-004310,PC-EQ-02,2026-11-22,Correctiva,9.8,3,Faja/correa,3325.0
OT-003029,PAR-004000,PC-EQ-01,2027-07-17,Correctiva,0.8,2,Rodamiento,3327.0
OT-002952,PAR-003891,PC-EQ-01,2026-05-15,Correctiva,9.6,3,Faja/correa,2770.0
OT-003574,PAR-004743,PC-EQ-04,2024-06-05,Correctiva,30.8,2,Sensor/instrumento,4840.0
OT-002811,PAR-003694,PC-EQ-01,2024-03-07,Correctiva,5.7,2,Sensor/instrumento,3557.0
OT-004903,PAR-006438,PC-EQ-08,2026-04-07,Correctiva,4.3,1,Rodamiento,5889.0
OT-003786,PAR-005003,PC-EQ-04,2026-08-27,Preventiva,9.1,2,Ninguno (solo mano de obra),1628.0
OT-005022,PAR-006604,PC-EQ-09,2024-02-13,Preventiva,5.1,2,Ninguno (solo mano de obra),707.0
OT-003168,PAR-004194,PC-EQ-02,2025-08-29,Correctiva,26.9,3,Faja/correa,3503.0
OT-003291,PAR-004353,PC-EQ-02,2027-05-02,Correctiva,23.4,3,Rodamiento,3646.0
OT-005041,PAR-006629,PC-EQ-09,2024-08-03,Correctiva,18.0,3,Sello mecánico,4966.0
OT-004095,PAR-005391,PC-EQ-05,2026-02-03,Preventiva,6.6,1,Motor eléctrico,2464.0
OT-004576,PAR-005993,PC-EQ-07,2024-07-29,Correctiva,0.4,3,Ninguno (solo mano de obra),107.0
OT-003982,PAR-005243,PC-EQ-05,2024-10-07,Correctiva,10.1,1,Motor eléctrico,7433.0
OT-004531,PAR-005931,PC-EQ-06,2027-08-18,Correctiva,0.5,1,Motor eléctrico,5666.0
OT-005212,PAR-006867,PC-EQ-09,2027-10-16,Preventiva,8.3,1,Ninguno (solo mano de obra),1076.0
OT-004811,PAR-006322,PC-EQ-08,2024-12-31,Correctiva,31.6,3,Revestimiento (liner),6174.0
OT-003032,PAR-004005,PC-EQ-01,2027-08-01,Correctiva,5.7,1,Rodamiento,6709.0
OT-004157,PAR-005471,PC-EQ-05,2026-08-20,Correctiva,15.3,3,Revestimiento (liner),4727.0
OT-003575,PAR-004745,PC-EQ-04,2024-06-16,Correctiva,1.7,3,Faja/correa,6220.0
OT-004648,PAR-006090,PC-EQ-07,2025-12-13,Correctiva,7.0,1,Rodamiento,638.0
OT-004188,PAR-005505,PC-EQ-05,2026-12-18,Correctiva,23.4,2,Sello mecánico,73.0
OT-002939,PAR-003871,PC-EQ-01,2026-03-05,Correctiva,0.7,3,Sello mecánico,3071.0
OT-003338,PAR-004411,PC-EQ-03,2024-01-13,Correctiva,30.3,2,Ninguno (solo mano de obra),5774.0
OT-005147,PAR-006788,PC-EQ-09,2026-09-15,Correctiva,0.8,3,Sensor/instrumento,6743.0
OT-003349,PAR-004424,PC-EQ-03,2024-03-20,Correctiva,0.9,2,Sello mecánico,7199.0
OT-002985,PAR-003939,PC-EQ-01,2026-11-24,Correctiva,3.7,2,Sensor/instrumento,2870.0
OT-004610,PAR-006038,PC-EQ-07,2025-03-24,Correctiva,8.7,2,Sello mecánico,385.0
OT-003238,PAR-004289,PC-EQ-02,2026-09-06,Correctiva,2.2,2,Motor eléctrico,5208.0
OT-004256,PAR-005590,PC-EQ-05,2027-09-23,Correctiva,7.9,1,Faja/correa,676.0
