orden_id,parada_id,equipo_id,fecha_apertura,tipo_orden,horas_hombre,num_tecnicos,repuesto_principal,costo_repuestos_soles
OT-006852,PAR-009048,PS-EQ-06,2024-10-14,Preventiva,3.8,3,Sensor/instrumento,1951.0
OT-006899,PAR-009107,PS-EQ-06,2025-06-24,Correctiva,1.8,1,Rodamiento,5263.0
OT-007564,PAR-010013,PS-EQ-09,2024-09-17,Correctiva,10.5,2,Sello mecánico,4010.0
OT-006307,PAR-008321,PS-EQ-04,2024-12-29,Correctiva,1.0,2,Sensor/instrumento,2647.0
OT-005711,PAR-007532,PS-EQ-01,2027-01-31,Preventiva,4.4,3,Rodamiento,2069.0
OT-007010,PAR-009250,PS-EQ-06,2026-12-27,Preventiva,4.2,2,Sensor/instrumento,468.0
OT-006654,PAR-008767,PS-EQ-05,2025-11-09,Preventiva,6.8,2,Rodamiento,2194.0
OT-006352,PAR-008374,PS-EQ-04,2025-08-20,Correctiva,2.7,1,Sello mecánico,5881.0
OT-006525,PAR-008608,PS-EQ-05,2024-02-10,Correctiva,22.3,2,Motor eléctrico,7272.0
OT-005712,PAR-007535,PS-EQ-01,2027-02-17,Preventiva,11.3,1,Faja/correa,991.0
OT-006279,PAR-008283,PS-EQ-04,2024-07-24,Correctiva,3.2,2,Faja/correa,5304.0
OT-005540,PAR-007301,PS-EQ-01,2024-06-13,Preventiva,8.0,2,,637.0
OT-007092,PAR-009351,PS-EQ-07,2024-02-14,Correctiva,11.1,1,Sensor/instrumento,7594.0
OT-006636,PAR-008745,PS-EQ-05,2025-08-02,Preventiva,6.8,2,Rodamiento,117.0
OT-006853,PAR-009050,PS-EQ-06,2024-10-24,Correctiva,22.5,2,Faja/correa,7992.0
OT-007854,PAR-010441,PS-EQ-10,2027-01-09,Preventiva,12.7,1,Faja/correa,1107.0
OT-005733,PAR-007563,PS-EQ-01,2027-06-18,Correctiva,3.1,2,Faja/correa,4441.0
OT-007512,PAR-009931,PS-EQ-08,2027-07-30,Correctiva,7.3,1,Faja/correa,1486.0
OT-006616,PAR-008721,PS-EQ-05,2025-04-20,Correctiva,0.5,1,Faja/correa,7878.0
OT-005839,PAR-007694,PS-EQ-02,2025-01-20,Correctiva,11.4,3,Rodamiento,7178.0
OT-007375,PAR-009756,PS-EQ-08,2025-07-28,Preventiva,6.6,1,Sensor/instrumento,332.0
OT-006268,PAR-008270,PS-EQ-04,2024-05-21,Correctiva,9.5,2,Sello mecánico,2215.0
OT-007708,PAR-010223,PS-EQ-09,2027-10-24,Correctiva,2.7,1,,7532.0
OT-006337,PAR-008355,PS-EQ-04,2025-05-07,Correctiva,4.7,2,Motor eléctrico,2502.0
OT-007122,PAR-009398,PS-EQ-07,2024-11-16,Correctiva,0.6,1,Revestimiento (liner),4683.0
OT-006948,PAR-009166,PS-EQ-06,2026-02-06,Correctiva,1.1,2,Revestimiento (liner),3567.0
OT-006467,PAR-008526,PS-EQ-04,2027-03-29,Correctiva,12.0,2,,1841.0
OT-005737,PAR-007570,PS-EQ-01,2027-07-25,Correctiva,21.1,3,Sello mecánico,1908.0
OT-007490,PAR-009900,PS-EQ-08,2027-02-21,Correctiva,6.0,2,Sello mecánico,6234.0
OT-007305,PAR-009668,PS-EQ-08,2024-08-05,Preventiva,5.1,1,Revestimiento (liner),19.0
OT-007774,PAR-010321,PS-EQ-10,2025-02-28,Correctiva,7.3,2,Revestimiento (liner),4041.0
OT-007764,PAR-010306,PS-EQ-10,2024-12-11,Correctiva,1.1,3,Ninguno (solo mano de obra),5643.0
OT-007029,PAR-009275,PS-EQ-06,2027-05-02,Correctiva,4.4,2,Revestimiento (liner),5429.0
OT-007429,PAR-009820,PS-EQ-08,2026-04-04,Correctiva,0.9,2,Sello mecánico,7677.0
OT-007678,PAR-010180,PS-EQ-09,2027-01-11,Preventiva,5.9,2,Revestimiento (liner),1370.0
OT-006428,PAR-008477,PS-EQ-04,2026-09-30,Correctiva,23.3,1,Ninguno (solo mano de obra),2904.0
OT-006883,PAR-009089,PS-EQ-06,2025-03-21,Correctiva,11.1,2,Revestimiento (liner),99.0
OT-007703,PAR-010214,PS-EQ-09,2027-08-08,Preventiva,10.8,3,Motor eléctrico,1175.0
OT-006621,PAR-008728,PS-EQ-05,2025-05-15,Correctiva,6.5,3,Faja/correa,1661.0
OT-007069,PAR-009327,PS-EQ-06,2027-11-17,Correctiva,28.4,2,Motor eléctrico,3537.0
OT-006394,PAR-008431,PS-EQ-04,2026-04-02,Preventiva,10.6,1,Rodamiento,742.0
OT-006165,PAR-008134,PS-EQ-03,2026-05-18,Preventiva,11.5,2,Faja/correa,1285.0
OT-005510,PAR-007263,PS-EQ-01,2024-01-04,Correctiva,28.8,3,Motor eléctrico,2038.0
OT-006753,PAR-008904,PS-EQ-05,2027-03-31,Correctiva,3.2,2,Sello mecánico,3651.0
OT-005642,PAR-007438,PS-EQ-01,2026-01-30,Correctiva,0.7,2,Revestimiento (liner),1428.0
OT-007273,PAR-009623,PS-EQ-08,2024-01-30,Correctiva,0.7,3,Revestimiento (liner),7050.0
OT-005692,PAR-007508,PS-EQ-01,2026-11-13,Preventiva,7.0,1,Revestimiento (liner),138.0
OT-006228,PAR-008220,PS-EQ-03,2027-10-02,Preventiva,5.8,2,Sello mecánico,1034.0
OT-005604,PAR-007386,PS-EQ-01,2025-06-27,Correctiva,8.2,3,Motor eléctrico,6447.0
OT-006816,PAR-008998,PS-EQ-06,2024-05-06,Correctiva,7.4,2,Faja/correa,6586.0
OT-007045,PAR-009294,PS-EQ-06,2027-07-23,Preventiva,7.7,3,Motor eléctrico,980.0
OT-006143,PAR-008106,PS-EQ-03,2025-11-08,Correctiva,0.5,1,Revestimiento (liner),4662.0
OT-005961,PAR-007852,PS-EQ-02,2026-09-20,Correctiva,9.3,2,Ninguno (solo mano de obra),5701.0
OT-005658,PAR-007459,PS-EQ-01,2026-04-30,Correctiva,1.1,1,Motor eléctrico,3315.0
OT-006670,PAR-008789,PS-EQ-05,2026-01-19,Correctiva,6.0,1,Faja/correa,7253.0
OT-006917,PAR-009130,PS-EQ-06,2025-09-15,Correctiva,9.0,1,Motor eléctrico,4410.0
OT-005554,PAR-007316,PS-EQ-01,2024-08-31,Preventiva,9.0,3,Sello mecánico,2122.0
OT-005605,PAR-007388,PS-EQ-01,2025-07-02,Preventiva,5.0,2,Motor eléctrico,83.0
OT-007618,PAR-010091,PS-EQ-09,2025-09-10,Preventiva,6.9,2,Ninguno (solo mano de obra),1879.0
OT-006208,PAR-008188,PS-EQ-03,2027-04-04,Correctiva,25.4,3,Faja/correa,2972.0
OT-007130,PAR-009408,PS-EQ-07,2025-01-23,Correctiva,6.5,2,Faja/correa,6383.0
OT-006226,PAR-008217,PS-EQ-03,2027-09-06,Correctiva,2.4,2,Sensor/instrumento,1093.0
OT-006053,PAR-007978,PS-EQ-02,2027-11-20,Preventiva,5.2,3,Revestimiento (liner),1126.0
OT-005626,PAR-007415,PS-EQ-01,2025-11-07,Correctiva,9.8,3,Ninguno (solo mano de obra),6078.0
OT-006120,PAR-008079,PS-EQ-03,2025-06-10,Correctiva,7.8,1,Faja/correa,6139.0
OT-006373,PAR-008405,PS-EQ-04,2025-12-26,Correctiva,20.7,2,Sensor/instrumento,6665.0
OT-007079,PAR-009337,PS-EQ-06,2027-12-30,Correctiva,4.2,3,Rodamiento,919.0
OT-007424,PAR-009815,PS-EQ-08,2026-03-09,Correctiva,17.1,1,Rodamiento,4222.0
OT-006153,PAR-008120,PS-EQ-03,2026-02-04,Correctiva,0.7,1,Rodamiento,1480.0
OT-006657,PAR-008770,PS-EQ-05,2025-11-25,Preventiva,5.0,3,Rodamiento,547.0
OT-005826,PAR-007677,PS-EQ-02,2024-11-16,Correctiva,7.5,2,Rodamiento,3654.0
OT-007390,PAR-009772,PS-EQ-08,2025-10-20,Correctiva,3.4,2,Revestimiento (liner),7882.0
OT-007154,PAR-009446,PS-EQ-07,2025-08-20,Preventiva,6.8,2,Faja/correa,2302.0
OT-006962,PAR-009187,PS-EQ-06,2026-04-20,Preventiva,7.7,1,Faja/correa,1154.0
OT-006865,PAR-009064,PS-EQ-06,2024-12-25,Correctiva,1.3,3,Faja/correa,6525.0
OT-005523,PAR-007281,PS-EQ-01,2024-03-13,Preventiva,7.0,2,Rodamiento,1272.0
OT-006774,PAR-008935,PS-EQ-05,2027-07-12,Preventiva,12.3,1,Sello mecánico,870.0
OT-007056,PAR-009311,PS-EQ-06,2027-09-12,Preventiva,10.0,2,Revestimiento (liner),341.0
OT-007773,PAR-010320,PS-EQ-10,2025-02-09,Correctiva,7.6,3,Motor eléctrico,2612.0
OT-006649,PAR-008760,PS-EQ-05,2025-10-06,Correctiva,1.3,3,Rodamiento,5093.0
OT-007710,PAR-010225,PS-EQ-09,2027-11-06,Correctiva,2.0,3,Revestimiento (liner),5246.0
OT-005615,PAR-007399,PS-EQ-01,2025-09-18,Preventiva,11.3,3,Ninguno (solo mano de obra),2051.0
OT-006284,PAR-008290,PS-EQ-04,2024-09-03,Preventiva,6.3,3,Rodamiento,689.0
OT-007593,PAR-010056,PS-EQ-09,2025-03-29,Correctiva,2.7,1,Ninguno (solo mano de obra),5967.0
OT-005874,PAR-007737,PS-EQ-02,2025-06-16,Correctiva,0.6,3,Rodamiento,2159.0
OT-005939,PAR-007823,PS-EQ-02,2026-06-04,Correctiva,7.5,3,Motor eléctrico,1813.0
OT-006658,PAR-008771,PS-EQ-05,2025-11-26,Correctiva,10.5,1,Revestimiento (liner),5286.0
OT-006991,PAR-009223,PS-EQ-06,2026-10-01,Correctiva,7.0,2,Ninguno (solo mano de obra),5806.0
OT-006721,PAR-008859,PS-EQ-05,2026-10-07,Preventiva,3.6,3,Ninguno (solo mano de obra),2457.0
OT-007196,PAR-009512,PS-EQ-07,2026-06-25,Preventiva,6.6,1,Motor eléctrico,1682.0
OT-006554,PAR-008651,PS-EQ-05,2024-07-13,Correctiva,0.5,3,Ninguno (solo mano de obra),1029.0
OT-006136,PAR-008099,PS-EQ-03,2025-09-18,Correctiva,1.3,1,Revestimiento (liner),4247.0
OT-007695,PAR-010204,PS-EQ-09,2027-05-26,Preventiva,7.3,2,Sello mecánico,2216.0
OT-006263,PAR-008265,PS-EQ-04,2024-04-28,Correctiva,9.1,1,Sensor/instrumento,7819.0
OT-007354,PAR-009731,PS-EQ-08,2025-05-06,Correctiva,0.5,2,Ninguno (solo mano de obra),5438.0
OT-007673,PAR-010172,PS-EQ-09,2026-12-01,Correctiva,0.6,2,Revestimiento (liner),5312.0
OT-005922,PAR-007801,PS-EQ-02,2026-03-26,Correctiva,2.6,2,Sensor/instrumento,2189.0
OT-005893,PAR-007761,PS-EQ-02,2025-10-01,Correctiva,10.0,1,Ninguno (solo mano de obra),651.0
OT-005972,PAR-007868,PS-EQ-02,2026-11-01,Correctiva,0.7,1,Motor eléctrico,499.0
OT-005576,PAR-007346,PS-EQ-01,2025-01-19,Correctiva,6.7,2,Motor eléctrico,5975.0
OT-006849,PAR-009042,PS-EQ-06,2024-09-19,Correctiva,12.7,3,Sello mecánico,4065.0
OT-007644,PAR-010130,PS-EQ-09,2026-04-20,Preventiva,9.4,1,Revestimiento (liner),1642.0
OT-006557,PAR-008655,PS-EQ-05,2024-07-31,Correctiva,16.2,1,Faja/correa,6075.0
OT-007427,PAR-009818,PS-EQ-08,2026-03-21,Correctiva,9.0,1,Sensor/instrumento,1656.0
OT-005570,PAR-007340,PS-EQ-01,2024-12-13,Preventiva,8.1,2,Revestimiento (liner),1308.0
OT-006329,PAR-008347,PS-EQ-04,2025-04-03,Correctiva,7.8,1,Motor eléctrico,7101.0
OT-007621,PAR-010095,PS-EQ-09,2025-09-23,Correctiva,12.6,1,Sensor/instrumento,6833.0
OT-007017,PAR-009258,PS-EQ-06,2027-02-08,Correctiva,0.6,2,Rodamiento,3425.0
OT-007312,PAR-009675,PS-EQ-08,2024-09-08,Correctiva,7.0,3,Sensor/instrumento,2696.0
OT-007216,PAR-009538,PS-EQ-07,2026-11-28,Preventiva,8.6,2,Rodamiento,1774.0
OT-007018,PAR-009260,PS-EQ-06,2027-02-15,Preventiva,6.8,2,Rodamiento,55.0
OT-006348,PAR-008369,PS-EQ-04,2025-08-09,Preventiva,5.7,2,Ninguno (solo mano de obra),106.0
OT-006392,PAR-008428,PS-EQ-04,2026-03-27,Correctiva,0.7,3,Motor eléctrico,6686.0
OT-007460,PAR-009860,PS-EQ-08,2026-09-02,Preventiva,10.5,1,Faja/correa,1190.0
OT-006809,PAR-008989,PS-EQ-06,2024-03-29,Correctiva,28.7,1,Ninguno (solo mano de obra),87.0
OT-006023,PAR-007939,PS-EQ-02,2027-07-01,Correctiva,2.1,2,Ninguno (solo mano de obra),2520.0
OT-006148,PAR-008112,PS-EQ-03,2025-12-16,Preventiva,7.0,3,Sello mecánico,1709.0
OT-006916,PAR-009129,PS-EQ-06,2025-09-10,Correctiva,9.0,3,Faja/correa,3771.0
OT-005704,PAR-007523,PS-EQ-01,2027-01-02,Correctiva,13.8,1,Rodamiento,4148.0
OT-006125,PAR-008084,PS-EQ-03,2025-07-18,Preventiva,5.7,2,Faja/correa,2382.0
OT-006758,PAR-008909,PS-EQ-05,2027-04-11,Correctiva,14.5,1,Sensor/instrumento,3891.0
OT-005792,PAR-007635,PS-EQ-02,2024-05-16,Correctiva,18.1,2,Ninguno (solo mano de obra),7520.0
OT-006612,PAR-008716,PS-EQ-05,2025-03-18,Correctiva,6.6,1,Sello mecánico,1039.0
OT-007780,PAR-010331,PS-EQ-10,2025-04-25,Preventiva,6.0,3,Motor eléctrico,387.0
OT-006473,PAR-008536,PS-EQ-04,2027-04-18,Correctiva,2.8,1,Faja/correa,1269.0
OT-005639,PAR-007435,PS-EQ-01,2026-01-22,Correctiva,10.5,3,Sensor/instrumento,3981.0
OT-006966,PAR-009191,PS-EQ-06,2026-05-13,Preventiva,10.8,1,,2228.0
OT-006261,PAR-008263,PS-EQ-04,2024-04-15,Correctiva,9.4,2,Motor eléctrico,1715.0
OT-007447,PAR-009843,PS-EQ-08,2026-07-02,Correctiva,11.6,2,Rodamiento,7109.0
OT-007047,PAR-009297,PS-EQ-06,2027-08-05,Correctiva,19.2,1,Motor eléctrico,5827.0
OT-006620,PAR-008726,PS-EQ-05,2025-05-12,Preventiva,7.2,3,Sello mecánico,105.0
OT-007112,PAR-009381,PS-EQ-07,2024-07-26,Preventiva,8.3,1,Faja/correa,1054.0
OT-005898,PAR-007766,PS-EQ-02,2025-10-31,Correctiva,2.0,2,Motor eléctrico,484.0
OT-006102,PAR-008048,PS-EQ-03,2025-01-10,Correctiva,5.8,3,Sello mecánico,282.0
OT-006372,PAR-008404,PS-EQ-04,2025-12-20,Correctiva,2.8,3,Faja/correa,5539.0
OT-005616,PAR-007400,PS-EQ-01,2025-10-02,Correctiva,11.5,2,Rodamiento,2652.0
OT-006330,PAR-008348,PS-EQ-04,2025-04-05,Correctiva,4.9,3,Faja/correa,7398.0
OT-006410,PAR-008452,PS-EQ-04,2026-06-08,Preventiva,7.3,2,Sensor/instrumento,391.0
OT-007042,PAR-009291,PS-EQ-06,2027-07-10,Correctiva,6.7,1,Rodamiento,6200.0
OT-007070,PAR-009328,PS-EQ-06,2027-11-22,Correctiva,1.4,3,Motor eléctrico,1858.0
OT-007522,PAR-009946,PS-EQ-08,2027-10-16,Correctiva,3.9,3,Rodamiento,1739.0
OT-005673,PAR-007480,PS-EQ-01,2026-07-05,Preventiva,7.5,2,Revestimiento (liner),2476.0
OT-006177,PAR-008150,PS-EQ-03,2026-08-30,Preventiva,3.6,3,Motor eléctrico,1966.0
OT-006408,PAR-008450,PS-EQ-04,2026-05-22,Correctiva,15.8,1,Ninguno (solo mano de obra),1286.0
OT-006117,PAR-008072,PS-EQ-03,2025-04-23,Preventiva,7.1,1,Ninguno (solo mano de obra),484.0
OT-006515,PAR-008595,PS-EQ-04,2027-12-16,Correctiva,18.7,3,Motor eléctrico,878.0
OT-005645,PAR-007441,PS-EQ-01,2026-02-20,Correctiva,6.4,1,Rodamiento,7247.0
OT-005917,PAR-007793,PS-EQ-02,2026-02-22,Preventiva,11.4,1,Motor eléctrico,635.0
OT-007035,PAR-009283,PS-EQ-06,2027-06-02,Correctiva,6.4,1,Rodamiento,88.0
OT-005730,PAR-007560,PS-EQ-01,2027-05-27,Correctiva,3.4,2,Faja/correa,2079.0
OT-007175,PAR-009481,PS-EQ-07,2026-02-09,Preventiva,5.6,1,Faja/correa,1939.0
OT-007543,PAR-009978,PS-EQ-09,2024-02-18,Correctiva,1.9,2,Rodamiento,5524.0
OT-006446,PAR-008503,PS-EQ-04,2026-12-26,Correctiva,5.6,2,Ninguno (solo mano de obra),5110.0
OT-005723,PAR-007552,PS-EQ-01,2027-04-08,Correctiva,1.2,1,Sello mecánico,3544.0
OT-007727,PAR-010256,PS-EQ-10,2024-03-21,Correctiva,29.5,1,Revestimiento (liner),5553.0
OT-005521,PAR-007279,PS-EQ-01,2024-03-01,Correctiva,0.6,3,Revestimiento (liner),4861.0
OT-006264,PAR-008266,PS-EQ-04,2024-05-06,Preventiva,7.3,3,Revestimiento (liner),2041.0
OT-006194,PAR-008170,PS-EQ-03,2026-12-19,Correctiva,6.8,1,Ninguno (solo mano de obra),2113.0
OT-007840,PAR-010421,PS-EQ-10,2026-09-07,Preventiva,4.9,3,Motor eléctrico,1669.0
OT-007687,PAR-010192,PS-EQ-09,2027-03-10,Correctiva,0.5,3,Rodamiento,5630.0
OT-007705,PAR-010216,PS-EQ-09,2027-08-31,Preventiva,6.8,2,Revestimiento (liner),1713.0
OT-005736,PAR-007568,PS-EQ-01,2027-07-18,Correctiva,1.0,1,Sensor/instrumento,6133.0
OT-006746,PAR-008891,PS-EQ-05,2027-02-03,Correctiva,2.9,3,Sello mecánico,6755.0
OT-007721,PAR-010243,PS-EQ-10,2024-01-30,Preventiva,6.1,1,Ninguno (solo mano de obra),244.0
OT-007599,PAR-010064,PS-EQ-09,2025-05-15,Correctiva,18.0,3,Ninguno (solo mano de obra),6875.0
OT-007417,PAR-009808,PS-EQ-08,2026-02-19,Preventiva,9.5,1,Faja/correa,2051.0
OT-005621,PAR-007406,PS-EQ-01,2025-10-15,Correctiva,22.8,1,Sensor/instrumento,2606.0
OT-006144,PAR-008107,PS-EQ-03,2025-11-17,Preventiva,6.1,1,Revestimiento (liner),461.0
OT-007712,PAR-010228,PS-EQ-09,2027-11-29,Correctiva,3.5,3,Sensor/instrumento,6263.0
OT-006100,PAR-008046,PS-EQ-03,2024-12-24,Correctiva,7.6,2,Rodamiento,6599.0
OT-007110,PAR-009378,PS-EQ-07,2024-07-22,Correctiva,8.4,1,Sello mecánico,4495.0
OT-006000,PAR-007906,PS-EQ-02,2027-04-02,Correctiva,13.0,1,Faja/correa,1983.0
OT-006970,PAR-009196,PS-EQ-06,2026-06-10,Correctiva,9.3,3,Sensor/instrumento,3563.0
OT-006779,PAR-008945,PS-EQ-05,2027-08-17,Correctiva,10.4,3,Revestimiento (liner),3836.0
OT-006294,PAR-008303,PS-EQ-04,2024-10-18,Correctiva,3.2,2,Revestimiento (liner),1537.0
OT-007171,PAR-009477,PS-EQ-07,2026-01-20,Correctiva,9.1,3,Ninguno (solo mano de obra),5615.0
OT-006049,PAR-007974,PS-EQ-02,2027-11-03,Preventiva,8.9,2,Faja/correa,1720.0
OT-006424,PAR-008471,PS-EQ-04,2026-09-03,Preventiva,8.3,1,Sello mecánico,143.0
OT-007684,PAR-010188,PS-EQ-09,2027-02-27,Correctiva,0.6,2,Rodamiento,5265.0
OT-006336,PAR-008354,PS-EQ-04,2025-05-03,Correctiva,14.4,2,Motor eléctrico,1802.0
OT-007561,PAR-010010,PS-EQ-09,2024-08-20,Correctiva,6.5,2,Faja/correa,1957.0
OT-005884,PAR-007749,PS-EQ-02,2025-08-19,Preventiva,6.2,1,,173.0
OT-006225,PAR-008216,PS-EQ-03,2027-09-02,Correctiva,8.7,1,Sello mecánico,1375.0
OT-006249,PAR-008248,PS-EQ-04,2024-02-24,Correctiva,15.7,1,Revestimiento (liner),2981.0
OT-005761,PAR-007599,PS-EQ-01,2027-12-06,Correctiva,9.2,3,Sensor/instrumento,2648.0
OT-006074,PAR-008003,PS-EQ-03,2024-04-14,Preventiva,6.5,1,Rodamiento,2199.0
OT-005583,PAR-007356,PS-EQ-01,2025-03-01,Preventiva,4.5,1,Motor eléctrico,1150.0
OT-005582,PAR-007355,PS-EQ-01,2025-02-15,Correctiva,8.7,2,Sensor/instrumento,4452.0
OT-006020,PAR-007934,PS-EQ-02,2027-06-24,Preventiva,5.5,3,Motor eléctrico,392.0
OT-007039,PAR-009287,PS-EQ-06,2027-06-20,Correctiva,1.9,1,Sello mecánico,6530.0
OT-007501,PAR-009918,PS-EQ-08,2027-06-03,Correctiva,7.7,3,Revestimiento (liner),5062.0
OT-007285,PAR-009641,PS-EQ-08,2024-04-22,Preventiva,7.2,2,Sello mecánico,72.0
OT-006395,PAR-008432,PS-EQ-04,2026-04-08,Correctiva,16.4,1,Ninguno (solo mano de obra),95.0
OT-005984,PAR-007882,PS-EQ-02,2026-12-13,Correctiva,2.9,3,Sello mecánico,7933.0
OT-006841,PAR-009032,PS-EQ-06,2024-08-30,Correctiva,0.9,1,Motor eléctrico,7037.0
OT-005942,PAR-007827,PS-EQ-02,2026-06-14,Correctiva,6.1,2,Sello mecánico,5668.0
OT-006629,PAR-008737,PS-EQ-05,2025-06-15,Correctiva,10.4,3,Faja/correa,560.0
OT-007643,PAR-010126,PS-EQ-09,2026-03-28,Preventiva,7.0,2,Motor eléctrico,317.0
OT-007562,PAR-010011,PS-EQ-09,2024-08-22,Preventiva,7.7,1,Rodamiento,832.0
OT-007140,PAR-009423,PS-EQ-07,2025-04-30,Preventiva,8.6,1,Motor eléctrico,97.0
OT-006199,PAR-008177,PS-EQ-03,2027-02-01,Preventiva,7.0,2,Sensor/instrumento,121.0
OT-007667,PAR-010164,PS-EQ-09,2026-10-31,Correctiva,3.7,1,Motor eléctrico,6192.0
OT-006892,PAR-009099,PS-EQ-06,2025-05-01,Correctiva,0.7,3,Revestimiento (liner),7890.0
OT-005577,PAR-007347,PS-EQ-01,2025-01-20,Correctiva,0.4,2,Motor eléctrico,597.0
OT-007903,PAR-010522,PS-EQ-10,2027-12-16,Correctiva,0.7,2,Ninguno (solo mano de obra),6806.0
OT-006827,PAR-009011,PS-EQ-06,2024-06-03,Preventiva,11.5,3,Sello mecánico,1197.0
OT-005882,PAR-007746,PS-EQ-02,2025-07-26,Correctiva,21.7,3,Revestimiento (liner),1380.0
OT-006785,PAR-008954,PS-EQ-05,2027-09-13,Preventiva,9.4,2,Sensor/instrumento,1148.0
OT-005661,PAR-007463,PS-EQ-01,2026-05-12,Preventiva,6.5,3,Sensor/instrumento,340.0
OT-007616,PAR-010087,PS-EQ-09,2025-08-26,Correctiva,1.9,2,Rodamiento,7720.0
OT-007085,PAR-009343,PS-EQ-07,2024-01-23,Correctiva,2.6,1,Rodamiento,4715.0
OT-007129,PAR-009407,PS-EQ-07,2025-01-21,Preventiva,5.8,2,Ninguno (solo mano de obra),745.0
OT-005697,PAR-007515,PS-EQ-01,2026-12-03,Preventiva,5.5,3,Rodamiento,2397.0
OT-006716,PAR-008854,PS-EQ-05,2026-09-16,Correctiva,17.4,2,Faja/correa,2052.0
OT-005769,PAR-007611,PS-EQ-02,2024-01-29,Correctiva,4.8,2,Rodamiento,7583.0
OT-006150,PAR-008116,PS-EQ-03,2025-12-27,Correctiva,2.6,1,Sensor/instrumento,2216.0
OT-007158,PAR-009452,PS-EQ-07,2025-09-07,Correctiva,0.4,1,Motor eléctrico,5403.0
OT-006391,PAR-008427,PS-EQ-04,2026-03-24,Correctiva,11.2,3,,7381.0
OT-006624,PAR-008731,PS-EQ-05,2025-05-19,Correctiva,1.2,1,Faja/correa,3473.0
OT-006511,PAR-008587,PS-EQ-04,2027-11-26,Preventiva,7.6,3,Ninguno (solo mano de obra),1069.0
OT-006560,PAR-008658,PS-EQ-05,2024-08-05,Preventiva,8.1,3,Ninguno (solo mano de obra),2487.0
OT-006482,PAR-008546,PS-EQ-04,2027-06-01,Correctiva,6.6,1,Faja/correa,1157.0
OT-007649,PAR-010139,PS-EQ-09,2026-06-17,Preventiva,5.0,2,Sensor/instrumento,413.0
OT-006538,PAR-008622,PS-EQ-05,2024-04-07,Correctiva,4.3,3,Ninguno (solo mano de obra),3477.0
OT-007662,PAR-010159,PS-EQ-09,2026-10-09,Correctiva,20.0,3,Sensor/instrumento,3205.0
OT-007574,PAR-010025,PS-EQ-09,2024-11-21,Correctiva,9.1,1,Revestimiento (liner),1671.0
OT-007142,PAR-009427,PS-EQ-07,2025-05-28,Correctiva,9.9,3,Revestimiento (liner),3660.0
OT-005556,PAR-007320,PS-EQ-01,2024-09-19,Correctiva,8.4,3,Faja/correa,159.0
OT-006861,PAR-009058,PS-EQ-06,2024-11-21,Correctiva,23.5,1,Rodamiento,4537.0
OT-007494,PAR-009906,PS-EQ-08,2027-03-25,Correctiva,12.5,3,,815.0
OT-007316,PAR-009681,PS-EQ-08,2024-10-05,Correctiva,6.8,3,Rodamiento,3792.0
OT-006500,PAR-008572,PS-EQ-04,2027-09-24,Preventiva,7.4,1,Revestimiento (liner),2494.0
OT-006634,PAR-008743,PS-EQ-05,2025-07-18,Correctiva,15.5,3,Ninguno (solo mano de obra),6769.0
OT-007132,PAR-009410,PS-EQ-07,2025-02-05,Preventiva,6.7,3,Sensor/instrumento,612.0
OT-006407,PAR-008449,PS-EQ-04,2026-05-21,Correctiva,6.4,3,Sello mecánico,4322.0
OT-007782,PAR-010334,PS-EQ-10,2025-05-13,Correctiva,4.0,3,Revestimiento (liner),7862.0
OT-006414,PAR-008459,PS-EQ-04,2026-07-10,Correctiva,12.9,2,Motor eléctrico,4895.0
OT-006152,PAR-008119,PS-EQ-03,2026-01-19,Preventiva,8.6,1,Motor eléctrico,1900.0
OT-006378,PAR-008411,PS-EQ-04,2026-01-19,Preventiva,7.0,2,Ninguno (solo mano de obra),2496.0
OT-006783,PAR-008952,PS-EQ-05,2027-09-05,Correctiva,5.5,1,Rodamiento,7701.0
OT-006396,PAR-008434,PS-EQ-04,2026-04-14,Correctiva,0.6,3,Sensor/instrumento,440.0
OT-007264,PAR-009609,PS-EQ-07,2027-12-23,Preventiva,10.1,1,Motor eléctrico,1128.0
OT-005912,PAR-007786,PS-EQ-02,2026-02-01,Preventiva,7.9,3,Motor eléctrico,1392.0
OT-007116,PAR-009387,PS-EQ-07,2024-08-22,Correctiva,2.5,2,Ninguno (solo mano de obra),4982.0
OT-005567,PAR-007336,PS-EQ-01,2024-11-20,Preventiva,6.0,2,Revestimiento (liner),2360.0
OT-006671,PAR-008791,PS-EQ-05,2026-02-03,Correctiva,1.0,1,Sensor/instrumento,2805.0
OT-005708,PAR-007527,PS-EQ-01,2027-01-15,Correctiva,23.7,2,Sello mecánico,2351.0
OT-006518,PAR-008598,PS-EQ-05,2024-01-07,Correctiva,17.7,3,Motor eléctrico,2372.0
OT-006163,PAR-008132,PS-EQ-03,2026-05-13,Correctiva,7.5,1,Revestimiento (liner),1709.0
OT-007441,PAR-009836,PS-EQ-08,2026-06-08,Preventiva,7.1,3,Rodamiento,2385.0
OT-005988,PAR-007887,PS-EQ-02,2026-12-24,Correctiva,21.6,3,Rodamiento,715.0
OT-005794,PAR-007638,PS-EQ-02,2024-05-21,Correctiva,0.6,3,Sello mecánico,6036.0
OT-007454,PAR-009852,PS-EQ-08,2026-07-30,Correctiva,4.7,1,Revestimiento (liner),3174.0
OT-005765,PAR-007605,PS-EQ-02,2024-01-06,Correctiva,11.2,2,Sello mecánico,1601.0
OT-007351,PAR-009728,PS-EQ-08,2025-05-01,Correctiva,4.3,2,Motor eléctrico,6241.0
OT-005754,PAR-007589,PS-EQ-01,2027-10-22,Correctiva,10.7,2,Motor eléctrico,3971.0
OT-007887,PAR-010493,PS-EQ-10,2027-08-14,Preventiva,11.1,2,Faja/correa,2451.0
OT-007791,PAR-010349,PS-EQ-10,2025-07-31,Correctiva,2.4,2,Sensor/instrumento,3974.0
OT-007011,PAR-009252,PS-EQ-06,2027-01-12,Correctiva,10.6,1,Faja/correa,466.0
OT-006370,PAR-008399,PS-EQ-04,2025-11-26,Preventiva,8.3,2,Motor eléctrico,566.0
OT-007641,PAR-010122,PS-EQ-09,2026-03-17,Correctiva,1.1,2,Motor eléctrico,4144.0
OT-007888,PAR-010494,PS-EQ-10,2027-08-19,Correctiva,0.7,2,Revestimiento (liner),2180.0
OT-007783,PAR-010335,PS-EQ-10,2025-05-27,Preventiva,6.1,2,Sello mecánico,1880.0
OT-006541,PAR-008626,PS-EQ-05,2024-04-15,Correctiva,1.5,2,Motor eléctrico,7225.0
OT-005705,PAR-007524,PS-EQ-01,2027-01-07,Correctiva,2.4,2,Sello mecánico,6539.0
OT-006262,PAR-008264,PS-EQ-04,2024-04-20,Correctiva,0.6,2,Sensor/instrumento,5063.0
OT-007583,PAR-010039,PS-EQ-09,2025-01-11,Correctiva,13.7,3,Revestimiento (liner),7363.0
OT-006157,PAR-008124,PS-EQ-03,2026-02-28,Correctiva,11.7,2,Sensor/instrumento,3483.0
OT-005630,PAR-007420,PS-EQ-01,2025-12-06,Preventiva,7.3,2,Revestimiento (liner),909.0
OT-005696,PAR-007514,PS-EQ-01,2026-11-27,Correctiva,1.2,3,Sello mecánico,3978.0
OT-007297,PAR-009658,PS-EQ-08,2024-07-02,Preventiva,4.7,2,Faja/correa,892.0
OT-006961,PAR-009186,PS-EQ-06,2026-04-19,Correctiva,4.4,1,Ninguno (solo mano de obra),6542.0
OT-005731,PAR-007561,PS-EQ-01,2027-06-04,Preventiva,7.0,1,Revestimiento (liner),286.0
OT-007189,PAR-009504,PS-EQ-07,2026-05-03,Preventiva,8.4,2,Rodamiento,2487.0
OT-005992,PAR-007891,PS-EQ-02,2027-01-12,Preventiva,10.2,3,Sello mecánico,246.0
OT-007540,PAR-009975,PS-EQ-09,2024-02-07,Preventiva,6.0,3,Faja/correa,2355.0
OT-006111,PAR-008061,PS-EQ-03,2025-02-27,Preventiva,4.5,3,Ninguno (solo mano de obra),1530.0
OT-005800,PAR-007645,PS-EQ-02,2024-06-19,Correctiva,0.9,1,Faja/correa,7928.0
OT-006476,PAR-008540,PS-EQ-04,2027-05-09,Correctiva,10.1,3,Revestimiento (liner),3367.0
OT-006147,PAR-008110,PS-EQ-03,2025-12-04,Correctiva,3.2,2,Rodamiento,5539.0
OT-007344,PAR-009718,PS-EQ-08,2025-03-12,Preventiva,6.6,3,,1118.0
OT-006605,PAR-008708,PS-EQ-05,2025-01-29,Correctiva,8.8,2,Motor eléctrico,7085.0
OT-007786,PAR-010341,PS-EQ-10,2025-07-01,Correctiva,10.2,1,Revestimiento (liner),1570.0
OT-007805,PAR-010374,PS-EQ-10,2025-11-25,Preventiva,9.7,2,Sello mecánico,420.0
OT-005545,PAR-007307,PS-EQ-01,2024-07-11,Correctiva,8.3,3,Sensor/instrumento,935.0
OT-007671,PAR-010170,PS-EQ-09,2026-11-18,Correctiva,0.8,3,Rodamiento,4655.0
OT-007146,PAR-009434,PS-EQ-07,2025-06-29,Correctiva,4.1,1,Faja/correa,2777.0
OT-005830,PAR-007681,PS-EQ-02,2024-12-03,Preventiva,4.5,2,Motor eléctrico,2248.0
OT-006513,PAR-008592,PS-EQ-04,2027-12-11,Preventiva,7.5,3,Sello mecánico,2118.0
OT-005548,PAR-007310,PS-EQ-01,2024-07-19,Correctiva,11.3,3,Motor eléctrico,4520.0
OT-005533,PAR-007292,PS-EQ-01,2024-04-12,Correctiva,3.3,3,Ninguno (solo mano de obra),4343.0
OT-006498,PAR-008569,PS-EQ-04,2027-09-11,Correctiva,2.4,2,Rodamiento,480.0
OT-006211,PAR-008193,PS-EQ-03,2027-04-27,Preventiva,10.3,3,Revestimiento (liner),2108.0
OT-007295,PAR-009654,PS-EQ-08,2024-06-14,Correctiva,12.0,2,Motor eléctrico,7483.0
OT-007795,PAR-010360,PS-EQ-10,2025-09-13,Preventiva,7.6,3,Rodamiento,889.0
OT-005752,PAR-007586,PS-EQ-01,2027-09-22,Correctiva,0.7,3,Revestimiento (liner),1649.0
OT-007187,PAR-009500,PS-EQ-07,2026-04-12,Preventiva,7.5,1,Motor eléctrico,1042.0
OT-006045,PAR-007969,PS-EQ-02,2027-10-16,Preventiva,11.3,2,Motor eléctrico,652.0
OT-007082,PAR-009340,PS-EQ-07,2024-01-19,Preventiva,8.2,1,Faja/correa,177.0
OT-007008,PAR-009247,PS-EQ-06,2026-12-16,Correctiva,3.8,2,Sensor/instrumento,1116.0
OT-006103,PAR-008050,PS-EQ-03,2025-01-15,Correctiva,6.9,1,Faja/correa,6413.0
OT-006963,PAR-009188,PS-EQ-06,2026-04-20,Correctiva,18.5,3,Rodamiento,7133.0
OT-006357,PAR-008379,PS-EQ-04,2025-09-10,Preventiva,6.5,3,Rodamiento,2252.0
OT-006603,PAR-008706,PS-EQ-05,2025-01-24,Correctiva,12.0,1,Ninguno (solo mano de obra),2615.0
OT-006534,PAR-008618,PS-EQ-05,2024-03-19,Preventiva,5.5,1,Motor eléctrico,1702.0
OT-007412,PAR-009803,PS-EQ-08,2026-01-24,Correctiva,14.3,2,Ninguno (solo mano de obra),755.0
OT-007514,PAR-009934,PS-EQ-08,2027-08-06,Preventiva,8.6,1,Faja/correa,1763.0
OT-007275,PAR-009625,PS-EQ-08,2024-02-04,Preventiva,10.5,2,Sensor/instrumento,1742.0
OT-006206,PAR-008185,PS-EQ-03,2027-03-14,Correctiva,5.4,2,Rodamiento,5476.0
OT-007855,PAR-010442,PS-EQ-10,2027-01-14,Correctiva,1.3,1,Sensor/instrumento,206.0
OT-006108,PAR-008057,PS-EQ-03,2025-02-05,Preventiva,11.4,1,Sensor/instrumento,2413.0
OT-007152,PAR-009444,PS-EQ-07,2025-08-08,Correctiva,0.9,3,Rodamiento,3430.0
OT-007313,PAR-009676,PS-EQ-08,2024-09-09,Preventiva,9.3,2,Rodamiento,1257.0
OT-007020,PAR-009265,PS-EQ-06,2027-03-22,Correctiva,11.2,3,Sensor/instrumento,372.0
OT-006198,PAR-008175,PS-EQ-03,2027-01-15,Preventiva,8.2,2,Faja/correa,1404.0
OT-005906,PAR-007779,PS-EQ-02,2025-12-27,Correctiva,19.5,3,Motor eléctrico,619.0
OT-006725,PAR-008864,PS-EQ-05,2026-10-26,Correctiva,8.2,3,Sensor/instrumento,1950.0
OT-007078,PAR-009336,PS-EQ-06,2027-12-21,Correctiva,8.6,1,Motor eléctrico,3627.0
OT-005683,PAR-007495,PS-EQ-01,2026-09-01,Preventiva,10.9,1,Motor eléctrico,1053.0
OT-007868,PAR-010461,PS-EQ-10,2027-04-11,Preventiva,4.4,1,Faja/correa,681.0
OT-007853,PAR-010439,PS-EQ-10,2026-12-18,Preventiva,6.2,1,Sensor/instrumento,271.0
OT-006627,PAR-008735,PS-EQ-05,2025-06-09,Correctiva,0.7,3,Faja/correa,2587.0
OT-006933,PAR-009149,PS-EQ-06,2025-12-13,Correctiva,6.0,2,Motor eléctrico,745.0
OT-007578,PAR-010030,PS-EQ-09,2024-12-13,Correctiva,5.9,1,Revestimiento (liner),3511.0
OT-007066,PAR-009324,PS-EQ-06,2027-11-07,Correctiva,0.8,2,Sensor/instrumento,3457.0
OT-006587,PAR-008689,PS-EQ-05,2024-12-02,Preventiva,7.8,2,Ninguno (solo mano de obra),2174.0
OT-007549,PAR-009985,PS-EQ-09,2024-04-08,Correctiva,0.7,1,Faja/correa,1046.0
OT-006036,PAR-007956,PS-EQ-02,2027-08-31,Correctiva,23.2,2,Motor eléctrico,3583.0
OT-006190,PAR-008166,PS-EQ-03,2026-12-08,Correctiva,8.9,1,Ninguno (solo mano de obra),2285.0
OT-007431,PAR-009822,PS-EQ-08,2026-04-08,Preventiva,3.5,3,,1600.0
OT-007058,PAR-009314,PS-EQ-06,2027-09-28,Correctiva,0.8,2,Faja/correa,4095.0
OT-006726,PAR-008865,PS-EQ-05,2026-10-31,Correctiva,21.5,1,Faja/correa,5538.0
OT-005546,PAR-007308,PS-EQ-01,2024-07-12,Correctiva,24.1,3,Motor eléctrico,1071.0
OT-006133,PAR-008095,PS-EQ-03,2025-09-03,Preventiva,10.0,2,Sensor/instrumento,1970.0
OT-006836,PAR-009026,PS-EQ-06,2024-07-28,Correctiva,12.7,1,Ninguno (solo mano de obra),1258.0
OT-006915,PAR-009128,PS-EQ-06,2025-09-06,Preventiva,8.2,3,Ninguno (solo mano de obra),112.0
OT-006742,PAR-008887,PS-EQ-05,2027-01-23,Preventiva,8.1,2,Sensor/instrumento,2438.0
OT-007224,PAR-009549,PS-EQ-07,2027-01-26,Preventiva,9.7,1,Ninguno (solo mano de obra),1609.0
OT-007141,PAR-009425,PS-EQ-07,2025-05-18,Preventiva,9.1,1,Sello mecánico,584.0
OT-007067,PAR-009325,PS-EQ-06,2027-11-09,Preventiva,4.2,2,Ninguno (solo mano de obra),1481.0
OT-007480,PAR-009887,PS-EQ-08,2027-01-11,Correctiva,21.7,2,Faja/correa,5727.0
OT-006184,PAR-008160,PS-EQ-03,2026-10-26,Correctiva,5.0,3,Rodamiento,6806.0
OT-006891,PAR-009098,PS-EQ-06,2025-04-30,Correctiva,3.9,2,Revestimiento (liner),2603.0
OT-006832,PAR-009020,PS-EQ-06,2024-07-06,Correctiva,14.5,3,Rodamiento,133.0
OT-007885,PAR-010490,PS-EQ-10,2027-08-10,Correctiva,11.5,3,Sensor/instrumento,7361.0
OT-006093,PAR-008032,PS-EQ-03,2024-10-04,Preventiva,5.2,1,Ninguno (solo mano de obra),2069.0
OT-007108,PAR-009373,PS-EQ-07,2024-06-14,Preventiva,6.2,1,Sensor/instrumento,1709.0
OT-006202,PAR-008180,PS-EQ-03,2027-02-24,Preventiva,12.0,2,Ninguno (solo mano de obra),2435.0
OT-005996,PAR-007900,PS-EQ-02,2027-03-11,Correctiva,17.0,2,Sello mecánico,4514.0
OT-006118,PAR-008074,PS-EQ-03,2025-05-13,Preventiva,6.8,1,Faja/correa,1016.0
OT-006321,PAR-008338,PS-EQ-04,2025-02-27,Correctiva,15.9,3,Rodamiento,5659.0
OT-006830,PAR-009016,PS-EQ-06,2024-06-24,Preventiva,7.1,1,Sello mecánico,2198.0
OT-006775,PAR-008937,PS-EQ-05,2027-07-22,Correctiva,4.5,2,Ninguno (solo mano de obra),6635.0
OT-006953,PAR-009174,PS-EQ-06,2026-03-09,Correctiva,2.9,3,Sensor/instrumento,5078.0
OT-005722,PAR-007548,PS-EQ-01,2027-04-01,Correctiva,12.3,2,Motor eléctrico,495.0
OT-006075,PAR-008007,PS-EQ-03,2024-05-03,Preventiva,7.9,1,Sello mecánico,795.0
OT-007348,PAR-009723,PS-EQ-08,2025-04-02,Correctiva,3.1,3,Motor eléctrico,4843.0
OT-007801,PAR-010369,PS-EQ-10,2025-11-05,Preventiva,10.4,1,Revestimiento (liner),1999.0
OT-005601,PAR-007382,PS-EQ-01,2025-05-30,Correctiva,6.3,2,Revestimiento (liner),5733.0
OT-007218,PAR-009541,PS-EQ-07,2026-12-18,Preventiva,4.8,3,Faja/correa,1053.0
OT-005650,PAR-007446,PS-EQ-01,2026-03-19,Correctiva,7.4,1,Rodamiento,6525.0
OT-006650,PAR-008762,PS-EQ-05,2025-10-09,Preventiva,10.0,3,Rodamiento,220.0
OT-005619,PAR-007403,PS-EQ-01,2025-10-07,Preventiva,7.6,2,Sello mecánico,84.0
OT-006805,PAR-008984,PS-EQ-06,2024-02-24,Preventiva,5.6,1,Motor eléctrico,1576.0
OT-006471,PAR-008532,PS-EQ-04,2027-04-09,Preventiva,8.7,1,Sello mecánico,1052.0
OT-006524,PAR-008607,PS-EQ-05,2024-02-09,Preventiva,12.4,2,Revestimiento (liner),305.0
OT-006296,PAR-008306,PS-EQ-04,2024-10-29,Correctiva,3.7,1,Rodamiento,750.0
OT-006687,PAR-008811,PS-EQ-05,2026-04-22,Correctiva,6.8,1,Sensor/instrumento,897.0
OT-007763,PAR-010304,PS-EQ-10,2024-11-26,Preventiva,4.8,3,Ninguno (solo mano de obra),444.0
OT-007242,PAR-009576,PS-EQ-07,2027-07-08,Correctiva,2.4,3,Motor eléctrico,5922.0
OT-006825,PAR-009009,PS-EQ-06,2024-05-26,Correctiva,31.1,3,Ninguno (solo mano de obra),7901.0
OT-005963,PAR-007854,PS-EQ-02,2026-09-27,Preventiva,5.2,3,Rodamiento,1301.0
OT-006540,PAR-008624,PS-EQ-05,2024-04-10,Correctiva,1.4,1,Ninguno (solo mano de obra),6665.0
OT-007905,PAR-010524,PS-EQ-10,2027-12-21,Correctiva,2.3,1,Faja/correa,3124.0
OT-007248,PAR-009583,PS-EQ-07,2027-08-18,Correctiva,19.2,1,Sensor/instrumento,3986.0
OT-006975,PAR-009201,PS-EQ-06,2026-07-08,Correctiva,12.9,1,Rodamiento,266.0
OT-006868,PAR-009068,PS-EQ-06,2025-01-02,Correctiva,1.9,1,Ninguno (solo mano de obra),6552.0
OT-007199,PAR-009517,PS-EQ-07,2026-07-31,Preventiva,7.7,3,Sello mecánico,2354.0
OT-006521,PAR-008603,PS-EQ-05,2024-01-21,Preventiva,6.8,3,Faja/correa,1425.0
OT-007590,PAR-010049,PS-EQ-09,2025-02-28,Preventiva,10.3,3,Ninguno (solo mano de obra),2351.0
OT-006842,PAR-009033,PS-EQ-06,2024-09-02,Correctiva,9.8,1,Sensor/instrumento,2016.0
OT-005518,PAR-007275,PS-EQ-01,2024-02-20,Correctiva,1.5,1,Motor eléctrico,2282.0
OT-007646,PAR-010132,PS-EQ-09,2026-05-05,Preventiva,6.9,3,Motor eléctrico,2272.0
OT-007205,PAR-009525,PS-EQ-07,2026-09-07,Correctiva,7.5,2,Ninguno (solo mano de obra),5244.0
OT-007594,PAR-010058,PS-EQ-09,2025-04-06,Correctiva,3.7,3,Motor eléctrico,1076.0
OT-007123,PAR-009399,PS-EQ-07,2024-11-19,Preventiva,13.2,2,Faja/correa,321.0
OT-007464,PAR-009866,PS-EQ-08,2026-10-12,Preventiva,6.0,2,Ninguno (solo mano de obra),1807.0
OT-007874,PAR-010473,PS-EQ-10,2027-05-14,Correctiva,10.5,3,Rodamiento,4341.0
OT-005997,PAR-007901,PS-EQ-02,2027-03-14,Preventiva,5.9,3,Ninguno (solo mano de obra),1740.0
OT-007076,PAR-009334,PS-EQ-06,2027-12-18,Preventiva,11.1,3,Motor eléctrico,925.0
OT-006851,PAR-009046,PS-EQ-06,2024-10-01,Correctiva,17.7,1,Rodamiento,1013.0
OT-007588,PAR-010047,PS-EQ-09,2025-02-14,Correctiva,0.6,2,Faja/correa,2107.0
OT-005676,PAR-007485,PS-EQ-01,2026-07-23,Correctiva,18.2,2,Rodamiento,4417.0
OT-006121,PAR-008080,PS-EQ-03,2025-06-11,Preventiva,7.9,1,Faja/correa,2116.0
OT-007106,PAR-009369,PS-EQ-07,2024-05-22,Correctiva,1.2,1,Sello mecánico,7647.0
OT-006371,PAR-008402,PS-EQ-04,2025-12-14,Preventiva,9.9,2,Sello mecánico,314.0
OT-007702,PAR-010213,PS-EQ-09,2027-07-28,Correctiva,23.6,1,Revestimiento (liner),4820.0
OT-007829,PAR-010407,PS-EQ-10,2026-05-31,Correctiva,3.2,3,Ninguno (solo mano de obra),672.0
OT-006214,PAR-008196,PS-EQ-03,2027-05-22,Correctiva,8.1,2,Revestimiento (liner),2996.0
OT-007541,PAR-009976,PS-EQ-09,2024-02-14,Correctiva,8.7,3,Ninguno (solo mano de obra),7997.0
OT-007227,PAR-009555,PS-EQ-07,2027-02-16,Correctiva,0.7,1,Rodamiento,8.0
OT-006032,PAR-007951,PS-EQ-02,2027-08-08,Correctiva,12.6,2,Sello mecánico,7562.0
OT-007118,PAR-009393,PS-EQ-07,2024-09-20,Correctiva,10.5,2,Motor eléctrico,730.0
OT-005892,PAR-007759,PS-EQ-02,2025-09-23,Preventiva,6.1,3,Faja/correa,283.0
OT-007816,PAR-010387,PS-EQ-10,2026-02-14,Correctiva,0.5,2,Sello mecánico,6863.0
OT-006292,PAR-008300,PS-EQ-04,2024-10-08,Correctiva,1.5,3,Faja/correa,6574.0
OT-007364,PAR-009742,PS-EQ-08,2025-06-19,Correctiva,6.1,2,Sensor/instrumento,6463.0
OT-005709,PAR-007528,PS-EQ-01,2027-01-22,Correctiva,13.8,2,Sensor/instrumento,2722.0
OT-006070,PAR-007999,PS-EQ-03,2024-03-19,Correctiva,3.2,2,Faja/correa,952.0
OT-006485,PAR-008554,PS-EQ-04,2027-07-01,Correctiva,5.5,2,Revestimiento (liner),545.0
OT-007166,PAR-009466,PS-EQ-07,2025-12-03,Correctiva,1.1,2,Rodamiento,1899.0
OT-006848,PAR-009041,PS-EQ-06,2024-09-16,Correctiva,23.8,1,Motor eléctrico,2038.0
OT-005770,PAR-007612,PS-EQ-02,2024-02-01,Preventiva,6.5,3,Sensor/instrumento,2312.0
OT-007200,PAR-009518,PS-EQ-07,2026-08-01,Correctiva,1.1,1,Rodamiento,6298.0
OT-007368,PAR-009746,PS-EQ-08,2025-06-26,Correctiva,24.9,2,Revestimiento (liner),4129.0
OT-005807,PAR-007655,PS-EQ-02,2024-08-03,Correctiva,22.5,3,Ninguno (solo mano de obra),2288.0
OT-007497,PAR-009913,PS-EQ-08,2027-04-24,Preventiva,5.1,3,Ninguno (solo mano de obra),1807.0
OT-007073,PAR-009331,PS-EQ-06,2027-11-28,Preventiva,4.5,1,Sello mecánico,475.0
OT-007155,PAR-009448,PS-EQ-07,2025-08-27,Correctiva,9.9,1,Motor eléctrico,5482.0
OT-007826,PAR-010402,PS-EQ-10,2026-05-07,Preventiva,4.2,1,Ninguno (solo mano de obra),2349.0
OT-006076,PAR-008009,PS-EQ-03,2024-05-13,Correctiva,3.8,3,Revestimiento (liner),4924.0
OT-005883,PAR-007748,PS-EQ-02,2025-08-05,Preventiva,11.3,1,Revestimiento (liner),265.0
OT-007652,PAR-010142,PS-EQ-09,2026-07-19,Correctiva,4.6,3,Motor eléctrico,7452.0
OT-007103,PAR-009366,PS-EQ-07,2024-05-07,Correctiva,4.1,2,Ninguno (solo mano de obra),1112.0
OT-007755,PAR-010291,PS-EQ-10,2024-10-08,Correctiva,8.8,3,Faja/correa,3460.0
OT-007050,PAR-009301,PS-EQ-06,2027-08-10,Correctiva,26.9,2,Sensor/instrumento,4466.0
OT-005768,PAR-007610,PS-EQ-02,2024-01-22,Correctiva,5.0,1,Sello mecánico,3592.0
OT-007477,PAR-009883,PS-EQ-08,2026-12-24,Preventiva,11.4,2,Ninguno (solo mano de obra),807.0
OT-005776,PAR-007618,PS-EQ-02,2024-02-27,Correctiva,2.6,3,Ninguno (solo mano de obra),3164.0
OT-005744,PAR-007577,PS-EQ-01,2027-08-19,Correctiva,2.2,2,Sello mecánico,1003.0
OT-006427,PAR-008476,PS-EQ-04,2026-09-19,Preventiva,5.2,3,Ninguno (solo mano de obra),2485.0
OT-007627,PAR-010105,PS-EQ-09,2025-11-13,Correctiva,7.9,1,Rodamiento,7229.0
OT-006952,PAR-009172,PS-EQ-06,2026-02-24,Correctiva,1.7,3,Revestimiento (liner),5180.0
OT-007513,PAR-009932,PS-EQ-08,2027-08-01,Correctiva,9.5,3,Revestimiento (liner),1765.0
OT-006765,PAR-008917,PS-EQ-05,2027-05-08,Preventiva,4.9,3,Revestimiento (liner),1367.0
OT-006788,PAR-008959,PS-EQ-05,2027-10-13,Correctiva,10.9,3,Sello mecánico,4023.0
OT-006237,PAR-008234,PS-EQ-03,2027-12-09,Correctiva,2.8,3,Revestimiento (liner),943.0
OT-006815,PAR-008996,PS-EQ-06,2024-04-26,Correctiva,11.7,3,Sensor/instrumento,2151.0
OT-005608,PAR-007391,PS-EQ-01,2025-07-12,Correctiva,16.2,1,Revestimiento (liner),3832.0
OT-007862,PAR-010454,PS-EQ-10,2027-02-28,Correctiva,17.7,3,Sello mecánico,6342.0
OT-007309,PAR-009672,PS-EQ-08,2024-08-18,Correctiva,6.0,2,Motor eléctrico,585.0
OT-006857,PAR-009054,PS-EQ-06,2024-11-05,Correctiva,6.1,2,Rodamiento,2478.0
OT-006780,PAR-008946,PS-EQ-05,2027-08-24,Correctiva,12.2,3,Revestimiento (liner),4634.0
OT-005726,PAR-007555,PS-EQ-01,2027-04-16,Correctiva,5.6,3,Ninguno (solo mano de obra),4057.0
OT-006135,PAR-008098,PS-EQ-03,2025-09-18,Preventiva,6.5,2,Rodamiento,293.0
OT-007683,PAR-010186,PS-EQ-09,2027-02-12,Preventiva,6.3,2,Faja/correa,2300.0
OT-005543,PAR-007304,PS-EQ-01,2024-07-04,Correctiva,10.9,3,Faja/correa,4712.0
OT-006862,PAR-009059,PS-EQ-06,2024-11-23,Correctiva,4.8,3,Sensor/instrumento,2428.0
OT-007261,PAR-009603,PS-EQ-07,2027-11-24,Correctiva,7.2,3,Rodamiento,7024.0
OT-007235,PAR-009565,PS-EQ-07,2027-04-26,Preventiva,9.3,1,Ninguno (solo mano de obra),179.0
OT-007758,PAR-010294,PS-EQ-10,2024-10-30,Correctiva,1.0,2,Ninguno (solo mano de obra),4120.0
OT-007075,PAR-009333,PS-EQ-06,2027-12-17,Correctiva,23.5,1,Faja/correa,6273.0
OT-007093,PAR-009353,PS-EQ-07,2024-02-21,Preventiva,10.3,3,Faja/correa,1147.0
OT-006050,PAR-007975,PS-EQ-02,2027-11-09,Correctiva,5.2,3,Sello mecánico,1211.0
OT-006854,PAR-009051,PS-EQ-06,2024-10-29,Correctiva,1.9,3,Motor eléctrico,7427.0
OT-007021,PAR-009266,PS-EQ-06,2027-03-28,Preventiva,14.1,1,Faja/correa,1571.0
OT-007579,PAR-010032,PS-EQ-09,2024-12-20,Correctiva,9.7,2,Faja/correa,5869.0
OT-005574,PAR-007344,PS-EQ-01,2025-01-13,Correctiva,2.9,1,Ninguno (solo mano de obra),5800.0
OT-005823,PAR-007672,PS-EQ-02,2024-10-26,Preventiva,5.2,2,Ninguno (solo mano de obra),547.0
OT-006119,PAR-008077,PS-EQ-03,2025-05-27,Preventiva,7.4,3,Revestimiento (liner),1095.0
OT-007094,PAR-009354,PS-EQ-07,2024-02-22,Correctiva,9.6,3,Rodamiento,816.0
OT-005973,PAR-007869,PS-EQ-02,2026-11-06,Correctiva,16.3,1,Faja/correa,2139.0
OT-005953,PAR-007842,PS-EQ-02,2026-08-17,Correctiva,25.4,1,Motor eléctrico,384.0
OT-006715,PAR-008853,PS-EQ-05,2026-09-09,Correctiva,16.0,1,Revestimiento (liner),5454.0
OT-005681,PAR-007490,PS-EQ-01,2026-08-09,Preventiva,13.5,1,Rodamiento,1912.0
OT-005698,PAR-007516,PS-EQ-01,2026-12-04,Correctiva,8.5,2,Sello mecánico,3818.0
OT-006817,PAR-008999,PS-EQ-06,2024-05-08,Correctiva,14.5,2,Sello mecánico,3991.0
OT-006678,PAR-008799,PS-EQ-05,2026-03-17,Correctiva,16.0,2,Ninguno (solo mano de obra),7007.0
OT-005610,PAR-007394,PS-EQ-01,2025-08-02,Correctiva,19.0,1,Sello mecánico,5668.0
OT-006588,PAR-008690,PS-EQ-05,2024-12-03,Correctiva,16.8,1,Ninguno (solo mano de obra),1104.0
OT-007538,PAR-009972,PS-EQ-09,2024-01-25,Correctiva,1.9,2,Motor eléctrico,3304.0
OT-005924,PAR-007804,PS-EQ-02,2026-04-01,Preventiva,8.4,1,Motor eléctrico,1474.0
OT-005899,PAR-007767,PS-EQ-02,2025-11-01,Preventiva,8.0,3,Ninguno (solo mano de obra),295.0
OT-007400,PAR-009786,PS-EQ-08,2025-12-11,Correctiva,13.0,3,Motor eléctrico,5093.0
OT-007748,PAR-010284,PS-EQ-10,2024-08-27,Preventiva,8.9,3,Motor eléctrico,2249.0
OT-005891,PAR-007758,PS-EQ-02,2025-09-22,Correctiva,6.3,2,Ninguno (solo mano de obra),3102.0
OT-005820,PAR-007668,PS-EQ-02,2024-10-05,Preventiva,4.6,1,Faja/correa,1446.0
OT-006973,PAR-009199,PS-EQ-06,2026-06-27,Correctiva,1.8,2,Sello mecánico,5789.0
OT-007100,PAR-009362,PS-EQ-07,2024-04-29,Correctiva,5.9,3,Rodamiento,6346.0
OT-005668,PAR-007470,PS-EQ-01,2026-06-03,Preventiva,13.0,2,Faja/correa,1557.0
OT-006179,PAR-008154,PS-EQ-03,2026-09-22,Preventiva,8.0,3,Rodamiento,2412.0
OT-007611,PAR-010082,PS-EQ-09,2025-08-01,Correctiva,4.0,1,Sello mecánico,1355.0
OT-006978,PAR-009204,PS-EQ-06,2026-07-22,Correctiva,15.2,1,Motor eléctrico,5949.0
OT-007642,PAR-010123,PS-EQ-09,2026-03-18,Correctiva,1.0,1,Sello mecánico,4473.0
OT-006361,PAR-008384,PS-EQ-04,2025-10-06,Correctiva,19.4,2,Sensor/instrumento,6137.0
OT-007715,PAR-010234,PS-EQ-09,2027-12-27,Correctiva,0.7,3,Revestimiento (liner),4266.0
OT-006533,PAR-008617,PS-EQ-05,2024-03-18,Correctiva,8.0,2,Faja/correa,1162.0
OT-007750,PAR-010286,PS-EQ-10,2024-09-07,Correctiva,0.7,1,Revestimiento (liner),960.0
OT-005710,PAR-007529,PS-EQ-01,2027-01-24,Correctiva,1.5,3,Ninguno (solo mano de obra),7429.0
OT-005586,PAR-007363,PS-EQ-01,2025-03-24,Correctiva,6.6,1,Revestimiento (liner),806.0
OT-007162,PAR-009458,PS-EQ-07,2025-10-01,Correctiva,8.9,2,Ninguno (solo mano de obra),4449.0
OT-005833,PAR-007686,PS-EQ-02,2024-12-31,Correctiva,1.4,1,Sensor/instrumento,1941.0
OT-007201,PAR-009521,PS-EQ-07,2026-08-15,Correctiva,10.0,3,Rodamiento,1539.0
OT-006787,PAR-008957,PS-EQ-05,2027-10-06,Preventiva,4.7,3,Ninguno (solo mano de obra),1690.0
OT-007027,PAR-009273,PS-EQ-06,2027-04-20,Preventiva,12.6,1,Ninguno (solo mano de obra),2355.0
OT-007326,PAR-009696,PS-EQ-08,2024-12-08,Preventiva,7.4,2,Sello mecánico,655.0
OT-006871,PAR-009072,PS-EQ-06,2025-01-17,Preventiva,4.7,2,Motor eléctrico,2333.0
OT-007638,PAR-010119,PS-EQ-09,2026-02-25,Correctiva,2.7,3,Motor eléctrico,4066.0
OT-006151,PAR-008118,PS-EQ-03,2025-12-31,Preventiva,9.6,2,Rodamiento,831.0
OT-006383,PAR-008417,PS-EQ-04,2026-02-20,Correctiva,6.4,2,Sensor/instrumento,2078.0
OT-005895,PAR-007763,PS-EQ-02,2025-10-09,Preventiva,9.3,1,Faja/correa,1646.0
OT-006038,PAR-007959,PS-EQ-02,2027-09-08,Correctiva,13.7,3,Motor eléctrico,75.0
OT-006235,PAR-008231,PS-EQ-03,2027-11-25,Correctiva,5.6,1,Ninguno (solo mano de obra),2283.0
OT-006789,PAR-008961,PS-EQ-05,2027-10-24,Correctiva,9.1,2,Rodamiento,5299.0
OT-007145,PAR-009433,PS-EQ-07,2025-06-27,Preventiva,6.7,2,Ninguno (solo mano de obra),1286.0
OT-005849,PAR-007705,PS-EQ-02,2025-02-28,Preventiva,11.6,3,Revestimiento (liner),819.0
OT-006703,PAR-008836,PS-EQ-05,2026-07-24,Preventiva,12.1,2,Rodamiento,1932.0
OT-006701,PAR-008834,PS-EQ-05,2026-07-03,Preventiva,11.7,1,Sello mecánico,782.0
OT-007217,PAR-009540,PS-EQ-07,2026-12-14,Correctiva,3.6,3,Revestimiento (liner),4975.0
OT-006080,PAR-008017,PS-EQ-03,2024-06-10,Preventiva,3.7,1,Revestimiento (liner),1913.0
OT-005783,PAR-007626,PS-EQ-02,2024-04-13,Correctiva,3.2,1,Revestimiento (liner),6407.0
OT-006550,PAR-008645,PS-EQ-05,2024-06-28,Preventiva,10.9,3,Rodamiento,1990.0
OT-005831,PAR-007683,PS-EQ-02,2024-12-24,Preventiva,8.6,2,Ninguno (solo mano de obra),2188.0
OT-006297,PAR-008307,PS-EQ-04,2024-10-31,Preventiva,8.6,2,Sello mecánico,2430.0
OT-006635,PAR-008744,PS-EQ-05,2025-07-28,Correctiva,19.4,1,Sensor/instrumento,6443.0
OT-007516,PAR-009937,PS-EQ-08,2027-08-25,Correctiva,4.2,1,Ninguno (solo mano de obra),89.0
OT-005774,PAR-007616,PS-EQ-02,2024-02-21,Preventiva,8.9,3,Faja/correa,1435.0
OT-007432,PAR-009823,PS-EQ-08,2026-04-10,Correctiva,11.0,3,Faja/correa,7752.0
OT-006983,PAR-009211,PS-EQ-06,2026-08-12,Correctiva,10.0,3,Sensor/instrumento,2174.0
OT-006152,PAR-008119,PS-EQ-03,2026-01-19,Preventiva,8.6,1,Motor eléctrico,1900.0
OT-007632,PAR-010111,PS-EQ-09,2026-01-01,Correctiva,0.8,1,Rodamiento,3362.0
OT-006404,PAR-008446,PS-EQ-04,2026-05-13,Correctiva,10.1,1,Ninguno (solo mano de obra),801.0
OT-007752,PAR-010288,PS-EQ-10,2024-09-26,Correctiva,10.1,2,Motor eléctrico,246.0
OT-007737,PAR-010271,PS-EQ-10,2024-06-22,Correctiva,4.2,1,Revestimiento (liner),7973.0
OT-007119,PAR-009395,PS-EQ-07,2024-09-28,Preventiva,7.2,3,Rodamiento,1152.0
OT-006244,PAR-008243,PS-EQ-04,2024-01-21,Preventiva,5.6,3,Ninguno (solo mano de obra),715.0
OT-007180,PAR-009490,PS-EQ-07,2026-03-10,Preventiva,6.0,2,Sello mecánico,20.0
OT-005787,PAR-007630,PS-EQ-02,2024-04-26,Correctiva,8.7,1,Rodamiento,768.0
OT-007024,PAR-009269,PS-EQ-06,2027-04-04,Correctiva,0.6,1,Faja/correa,4703.0
OT-007391,PAR-009773,PS-EQ-08,2025-10-26,Correctiva,3.7,2,Faja/correa,3182.0
OT-007691,PAR-010198,PS-EQ-09,2027-04-14,Correctiva,9.4,2,Sensor/instrumento,884.0
OT-006295,PAR-008304,PS-EQ-04,2024-10-19,Correctiva,26.6,2,,7986.0
OT-006549,PAR-008641,PS-EQ-05,2024-06-08,Preventiva,12.8,1,,603.0
OT-005623,PAR-007408,PS-EQ-01,2025-10-19,Correctiva,23.2,2,Sello mecánico,6639.0
OT-007622,PAR-010096,PS-EQ-09,2025-09-24,Preventiva,7.8,3,Rodamiento,1211.0
OT-006170,PAR-008140,PS-EQ-03,2026-06-08,Preventiva,11.3,3,Sensor/instrumento,282.0
OT-007811,PAR-010380,PS-EQ-10,2026-01-15,Preventiva,9.3,2,Sello mecánico,674.0
OT-007259,PAR-009600,PS-EQ-07,2027-11-13,Preventiva,6.4,3,Ninguno (solo mano de obra),431.0
OT-005982,PAR-007880,PS-EQ-02,2026-12-07,Correctiva,8.5,3,Ninguno (solo mano de obra),4884.0
OT-005699,PAR-007517,PS-EQ-01,2026-12-08,Correctiva,11.0,3,Ninguno (solo mano de obra),945.0
OT-006344,PAR-008365,PS-EQ-04,2025-07-18,Correctiva,18.3,1,Sensor/instrumento,2036.0
OT-007468,PAR-009871,PS-EQ-08,2026-11-02,Correctiva,3.2,1,Revestimiento (liner),5673.0
OT-005719,PAR-007544,PS-EQ-01,2027-03-20,Correctiva,16.8,3,Motor eléctrico,3605.0
OT-007794,PAR-010359,PS-EQ-10,2025-09-12,Correctiva,0.8,1,Revestimiento (liner),3359.0
OT-006450,PAR-008508,PS-EQ-04,2027-01-13,Correctiva,7.8,3,Rodamiento,4171.0
OT-007835,PAR-010414,PS-EQ-10,2026-07-11,Preventiva,4.8,1,Sello mecánico,1832.0
OT-007895,PAR-010507,PS-EQ-10,2027-10-22,Correctiva,6.2,2,Faja/correa,1422.0
OT-005864,PAR-007726,PS-EQ-02,2025-05-10,Correctiva,1.4,3,Motor eléctrico,7268.0
OT-007260,PAR-009601,PS-EQ-07,2027-11-16,Correctiva,2.2,1,Sensor/instrumento,4618.0
OT-006256,PAR-008256,PS-EQ-04,2024-03-21,Preventiva,12.1,1,Sello mecánico,1989.0
OT-006090,PAR-008028,PS-EQ-03,2024-09-02,Preventiva,11.2,1,Sello mecánico,604.0
OT-005740,PAR-007573,PS-EQ-01,2027-07-31,Correctiva,7.6,1,Faja/correa,5796.0
OT-006369,PAR-008397,PS-EQ-04,2025-11-21,Correctiva,12.4,1,Revestimiento (liner),576.0
OT-006927,PAR-009141,PS-EQ-06,2025-10-31,Correctiva,4.1,1,Faja/correa,5643.0
OT-007396,PAR-009780,PS-EQ-08,2025-11-21,Correctiva,6.3,1,Rodamiento,1527.0
OT-007607,PAR-010075,PS-EQ-09,2025-06-29,Correctiva,11.5,1,Revestimiento (liner),7584.0
OT-006821,PAR-009003,PS-EQ-06,2024-05-16,Correctiva,17.3,1,Sensor/instrumento,3638.0
OT-007133,PAR-009413,PS-EQ-07,2025-02-16,Correctiva,13.6,3,Rodamiento,7522.0
OT-005986,PAR-007885,PS-EQ-02,2026-12-21,Correctiva,2.5,1,Rodamiento,7100.0
OT-006756,PAR-008907,PS-EQ-05,2027-04-08,Preventiva,4.3,3,Sensor/instrumento,590.0
OT-007596,PAR-010060,PS-EQ-09,2025-04-11,Correctiva,8.6,2,Rodamiento,5929.0
OT-005707,PAR-007526,PS-EQ-01,2027-01-13,Preventiva,7.8,1,Revestimiento (liner),1863.0
OT-006388,PAR-008422,PS-EQ-04,2026-03-02,Correctiva,0.9,2,Faja/correa,1244.0
OT-006240,PAR-008238,PS-EQ-03,2027-12-24,Correctiva,3.6,1,Sello mecánico,2237.0
OT-007492,PAR-009902,PS-EQ-08,2027-03-02,Correctiva,0.7,2,Ninguno (solo mano de obra),1202.0
OT-006802,PAR-008979,PS-EQ-06,2024-01-18,Preventiva,7.4,1,Revestimiento (liner),346.0
OT-007371,PAR-009752,PS-EQ-08,2025-07-08,Correctiva,9.7,1,Ninguno (solo mano de obra),7886.0
OT-005949,PAR-007838,PS-EQ-02,2026-07-24,Correctiva,0.6,1,Ninguno (solo mano de obra),5030.0
OT-006984,PAR-009212,PS-EQ-06,2026-08-19,Preventiva,7.0,3,Ninguno (solo mano de obra),3.0
OT-007381,PAR-009763,PS-EQ-08,2025-09-12,Correctiva,5.0,2,Faja/correa,5629.0
OT-007428,PAR-009819,PS-EQ-08,2026-03-24,Preventiva,8.8,1,Sensor/instrumento,2403.0
OT-007153,PAR-009445,PS-EQ-07,2025-08-19,Correctiva,4.6,2,Motor eléctrico,612.0
OT-006577,PAR-008678,PS-EQ-05,2024-10-18,Correctiva,3.3,1,Faja/correa,5204.0
OT-006185,PAR-008161,PS-EQ-03,2026-10-29,Preventiva,7.9,3,Sello mecánico,559.0
OT-006031,PAR-007950,PS-EQ-02,2027-08-04,Preventiva,12.0,1,Faja/correa,2218.0
OT-006932,PAR-009147,PS-EQ-06,2025-12-09,Preventiva,10.8,3,Sello mecánico,2301.0
OT-006876,PAR-009081,PS-EQ-06,2025-02-16,Correctiva,4.6,3,Sensor/instrumento,4787.0
OT-006091,PAR-008029,PS-EQ-03,2024-09-19,Preventiva,8.4,2,Motor eléctrico,1770.0
OT-007194,PAR-009510,PS-EQ-07,2026-06-14,Correctiva,3.7,3,Sello mecánico,4124.0
OT-006592,PAR-008694,PS-EQ-05,2024-12-21,Correctiva,2.8,2,Ninguno (solo mano de obra),4582.0
OT-006704,PAR-008837,PS-EQ-05,2026-07-26,Correctiva,22.1,3,Sello mecánico,2464.0
OT-005784,PAR-007627,PS-EQ-02,2024-04-16,Preventiva,11.2,1,Rodamiento,1332.0
OT-006875,PAR-009079,PS-EQ-06,2025-02-05,Correctiva,2.7,3,Sensor/instrumento,7848.0
OT-006406,PAR-008448,PS-EQ-04,2026-05-19,Correctiva,1.9,1,Revestimiento (liner),733.0
OT-006669,PAR-008787,PS-EQ-05,2026-01-16,Preventiva,11.0,1,Revestimiento (liner),792.0
OT-005980,PAR-007878,PS-EQ-02,2026-12-01,Correctiva,7.6,2,Sello mecánico,5525.0
OT-007600,PAR-010065,PS-EQ-09,2025-05-16,Correctiva,4.7,1,Sello mecánico,4168.0
OT-005750,PAR-007583,PS-EQ-01,2027-09-16,Correctiva,4.0,1,Rodamiento,4925.0
OT-006873,PAR-009074,PS-EQ-06,2025-01-23,Correctiva,6.8,2,Sensor/instrumento,142.0
OT-007256,PAR-009596,PS-EQ-07,2027-10-21,Preventiva,13.1,3,Rodamiento,502.0
OT-007473,PAR-009878,PS-EQ-08,2026-12-05,Correctiva,0.6,2,Revestimiento (liner),4052.0
OT-007551,PAR-009988,PS-EQ-09,2024-05-01,Correctiva,6.3,3,Rodamiento,6890.0
OT-006921,PAR-009135,PS-EQ-06,2025-10-19,Correctiva,2.8,2,Ninguno (solo mano de obra),1825.0
OT-007776,PAR-010323,PS-EQ-10,2025-03-02,Preventiva,6.9,3,,535.0
OT-007376,PAR-009757,PS-EQ-08,2025-08-11,Preventiva,5.5,2,Sello mecánico,1586.0
OT-007602,PAR-010067,PS-EQ-09,2025-05-23,Preventiva,4.6,3,Motor eléctrico,843.0
OT-006897,PAR-009105,PS-EQ-06,2025-06-14,Correctiva,7.5,2,Ninguno (solo mano de obra),6121.0
OT-005659,PAR-007460,PS-EQ-01,2026-05-02,Correctiva,16.6,3,Faja/correa,7879.0
OT-007524,PAR-009949,PS-EQ-08,2027-10-29,Correctiva,4.8,2,Motor eléctrico,779.0
OT-007057,PAR-009312,PS-EQ-06,2027-09-14,Correctiva,8.6,2,Rodamiento,3149.0
OT-007124,PAR-009400,PS-EQ-07,2024-11-29,Correctiva,5.2,3,Revestimiento (liner),1543.0
OT-007379,PAR-009761,PS-EQ-08,2025-08-25,Preventiva,13.8,3,Revestimiento (liner),442.0
OT-005838,PAR-007693,PS-EQ-02,2025-01-17,Correctiva,10.4,3,Motor eléctrico,2603.0
OT-006084,PAR-008021,PS-EQ-03,2024-07-19,Correctiva,1.8,2,,1532.0
OT-007904,PAR-010523,PS-EQ-10,2027-12-17,Correctiva,4.0,1,Ninguno (solo mano de obra),7691.0
OT-007617,PAR-010090,PS-EQ-09,2025-09-09,Correctiva,2.0,1,Revestimiento (liner),511.0
OT-006651,PAR-008763,PS-EQ-05,2025-10-17,Correctiva,2.4,2,Revestimiento (liner),5810.0
OT-006421,PAR-008468,PS-EQ-04,2026-08-04,Correctiva,22.7,3,Sensor/instrumento,6247.0
OT-006797,PAR-008972,PS-EQ-05,2027-12-03,Correctiva,2.4,3,Revestimiento (liner),4398.0
OT-006302,PAR-008315,PS-EQ-04,2024-12-03,Preventiva,10.6,3,Revestimiento (liner),1951.0
OT-007821,PAR-010393,PS-EQ-10,2026-03-13,Preventiva,5.8,1,Revestimiento (liner),879.0
OT-005775,PAR-007617,PS-EQ-02,2024-02-24,Correctiva,2.0,3,Rodamiento,6536.0
OT-006002,PAR-007909,PS-EQ-02,2027-04-10,Correctiva,12.7,1,Sello mecánico,1744.0
OT-006922,PAR-009136,PS-EQ-06,2025-10-20,Correctiva,19.8,2,Revestimiento (liner),4291.0
OT-005687,PAR-007500,PS-EQ-01,2026-10-07,Preventiva,9.5,3,Sello mecánico,1314.0
OT-007135,PAR-009416,PS-EQ-07,2025-03-13,Correctiva,5.9,3,Rodamiento,4895.0
OT-006097,PAR-008040,PS-EQ-03,2024-11-11,Preventiva,7.1,3,Faja/correa,2450.0
OT-006941,PAR-009158,PS-EQ-06,2026-01-11,Preventiva,7.8,2,Motor eléctrico,38.0
OT-006333,PAR-008351,PS-EQ-04,2025-04-15,Correctiva,28.2,2,,643.0
OT-006711,PAR-008848,PS-EQ-05,2026-08-23,Correctiva,17.9,2,Rodamiento,2202.0
OT-006477,PAR-008541,PS-EQ-04,2027-05-11,Preventiva,8.2,1,Ninguno (solo mano de obra),210.0
OT-007213,PAR-009535,PS-EQ-07,2026-11-13,Correctiva,4.0,3,Motor eléctrico,6950.0
OT-007002,PAR-009239,PS-EQ-06,2026-11-20,Correctiva,4.3,2,Sensor/instrumento,213.0
OT-006174,PAR-008147,PS-EQ-03,2026-08-09,Preventiva,10.1,3,Ninguno (solo mano de obra),2381.0
OT-007222,PAR-009546,PS-EQ-07,2027-01-08,Correctiva,2.7,1,,3861.0
OT-006122,PAR-008081,PS-EQ-03,2025-06-12,Correctiva,2.1,1,Revestimiento (liner),4870.0
OT-007901,PAR-010518,PS-EQ-10,2027-11-20,Correctiva,28.6,3,Rodamiento,4909.0
OT-007533,PAR-009965,PS-EQ-08,2027-12-22,Correctiva,21.1,2,Rodamiento,6372.0
OT-006856,PAR-009053,PS-EQ-06,2024-10-31,Correctiva,4.5,2,Sensor/instrumento,5406.0
OT-006212,PAR-008194,PS-EQ-03,2027-05-08,Correctiva,1.4,3,Sensor/instrumento,6902.0
OT-007088,PAR-009347,PS-EQ-07,2024-02-04,Correctiva,2.0,1,Sello mecánico,4057.0
OT-005958,PAR-007849,PS-EQ-02,2026-09-11,Correctiva,26.5,3,Faja/correa,1584.0
OT-006239,PAR-008237,PS-EQ-03,2027-12-22,Preventiva,7.4,1,Revestimiento (liner),1166.0
OT-006956,PAR-009178,PS-EQ-06,2026-03-27,Correctiva,1.3,1,Faja/correa,2012.0
OT-006343,PAR-008364,PS-EQ-04,2025-07-09,Preventiva,7.0,3,Ninguno (solo mano de obra),2466.0
OT-007209,PAR-009529,PS-EQ-07,2026-10-03,Correctiva,4.2,2,Ninguno (solo mano de obra),2144.0
OT-006300,PAR-008313,PS-EQ-04,2024-11-27,Correctiva,30.3,2,Rodamiento,4084.0
OT-006618,PAR-008723,PS-EQ-05,2025-04-28,Correctiva,6.0,3,Sello mecánico,2206.0
OT-007191,PAR-009507,PS-EQ-07,2026-05-23,Correctiva,0.7,2,Faja/correa,4255.0
OT-005594,PAR-007373,PS-EQ-01,2025-04-28,Correctiva,10.2,1,Motor eléctrico,4551.0
OT-006332,PAR-008350,PS-EQ-04,2025-04-10,Correctiva,13.7,3,Revestimiento (liner),3697.0
OT-007310,PAR-009673,PS-EQ-08,2024-08-24,Preventiva,8.8,2,Rodamiento,625.0
OT-006265,PAR-008267,PS-EQ-04,2024-05-07,Correctiva,15.8,3,Motor eléctrico,1274.0
OT-005795,PAR-007639,PS-EQ-02,2024-05-26,Correctiva,22.7,1,Sello mecánico,1238.0
OT-007550,PAR-009986,PS-EQ-09,2024-04-16,Preventiva,8.9,2,Faja/correa,868.0
OT-005919,PAR-007796,PS-EQ-02,2026-03-04,Correctiva,3.1,1,Revestimiento (liner),645.0
OT-007244,PAR-009579,PS-EQ-07,2027-07-31,Correctiva,1.0,3,Revestimiento (liner),3587.0
OT-006094,PAR-008034,PS-EQ-03,2024-10-10,Correctiva,15.5,3,Ninguno (solo mano de obra),2283.0
OT-006379,PAR-008412,PS-EQ-04,2026-01-22,Correctiva,8.0,3,Faja/correa,4807.0
OT-007852,PAR-010438,PS-EQ-10,2026-12-17,Correctiva,3.7,1,Sensor/instrumento,1877.0
OT-006646,PAR-008757,PS-EQ-05,2025-09-17,Correctiva,0.5,3,Motor eléctrico,340.0
OT-007036,PAR-009284,PS-EQ-06,2027-06-06,Correctiva,8.5,1,Sensor/instrumento,6077.0
OT-006877,PAR-009082,PS-EQ-06,2025-02-23,Preventiva,10.7,2,Faja/correa,490.0
OT-007700,PAR-010211,PS-EQ-09,2027-07-16,Preventiva,6.0,2,Faja/correa,15.0
OT-006730,PAR-008869,PS-EQ-05,2026-11-15,Correctiva,2.1,1,Sensor/instrumento,4217.0
OT-007016,PAR-009257,PS-EQ-06,2027-02-06,Correctiva,14.2,1,Sello mecánico,5995.0
OT-007531,PAR-009962,PS-EQ-08,2027-12-10,Correctiva,17.1,2,Sensor/instrumento,4577.0
OT-005745,PAR-007578,PS-EQ-01,2027-08-26,Correctiva,0.5,3,Sello mecánico,1556.0
OT-006870,PAR-009070,PS-EQ-06,2025-01-14,Correctiva,2.8,3,Faja/correa,4661.0
OT-006311,PAR-008327,PS-EQ-04,2025-01-21,Correctiva,2.3,2,Ninguno (solo mano de obra),93.0
OT-007581,PAR-010034,PS-EQ-09,2024-12-26,Correctiva,22.5,1,Faja/correa,888.0
OT-005715,PAR-007540,PS-EQ-01,2027-03-04,Correctiva,20.0,2,Motor eléctrico,7356.0
OT-007015,PAR-009256,PS-EQ-06,2027-01-31,Correctiva,5.3,1,Motor eléctrico,2787.0
OT-006734,PAR-008876,PS-EQ-05,2026-12-17,Preventiva,8.2,1,Sello mecánico,1166.0
OT-006447,PAR-008505,PS-EQ-04,2027-01-01,Correctiva,2.5,2,Faja/correa,1225.0
OT-006969,PAR-009195,PS-EQ-06,2026-06-04,Preventiva,9.5,3,Ninguno (solo mano de obra),2374.0
OT-006610,PAR-008714,PS-EQ-05,2025-03-16,Preventiva,6.9,1,Sello mecánico,2256.0
OT-005782,PAR-007625,PS-EQ-02,2024-04-12,Correctiva,5.5,1,Rodamiento,5704.0
OT-007865,PAR-010457,PS-EQ-10,2027-03-06,Preventiva,9.7,1,Sello mecánico,985.0
OT-007584,PAR-010041,PS-EQ-09,2025-01-23,Preventiva,4.8,1,Faja/correa,485.0
OT-006436,PAR-008488,PS-EQ-04,2026-11-07,Correctiva,11.1,3,Motor eléctrico,5519.0
OT-007812,PAR-010382,PS-EQ-10,2026-01-24,Correctiva,3.5,3,Sello mecánico,1940.0
OT-006675,PAR-008795,PS-EQ-05,2026-02-27,Correctiva,0.7,2,Ninguno (solo mano de obra),5859.0
OT-007483,PAR-009892,PS-EQ-08,2027-01-23,Correctiva,15.3,2,Ninguno (solo mano de obra),3422.0
OT-007858,PAR-010446,PS-EQ-10,2027-01-26,Preventiva,10.0,1,Revestimiento (liner),58.0
OT-006960,PAR-009185,PS-EQ-06,2026-04-16,Correctiva,8.4,2,Sensor/instrumento,956.0
OT-005844,PAR-007700,PS-EQ-02,2025-02-05,Correctiva,12.5,1,Ninguno (solo mano de obra),5551.0
OT-006439,PAR-008492,PS-EQ-04,2026-11-16,Correctiva,12.9,2,Revestimiento (liner),4309.0
OT-007231,PAR-009559,PS-EQ-07,2027-03-07,Correctiva,2.2,1,Rodamiento,3049.0
OT-006920,PAR-009134,PS-EQ-06,2025-10-11,Preventiva,11.8,1,Sello mecánico,66.0
OT-006461,PAR-008520,PS-EQ-04,2027-03-06,Correctiva,4.7,2,Faja/correa,5847.0
OT-007568,PAR-010018,PS-EQ-09,2024-10-23,Preventiva,5.2,2,Ninguno (solo mano de obra),1176.0
OT-005536,PAR-007296,PS-EQ-01,2024-05-09,Preventiva,11.2,1,Rodamiento,1818.0
OT-006761,PAR-008913,PS-EQ-05,2027-04-23,Correctiva,13.3,1,Sello mecánico,7986.0
OT-006012,PAR-007922,PS-EQ-02,2027-05-13,Correctiva,11.3,1,Sensor/instrumento,5711.0
OT-007306,PAR-009669,PS-EQ-08,2024-08-05,Correctiva,14.8,1,Ninguno (solo mano de obra),5882.0
OT-005612,PAR-007396,PS-EQ-01,2025-08-25,Correctiva,12.4,3,Motor eléctrico,6281.0
OT-007810,PAR-010379,PS-EQ-10,2026-01-02,Correctiva,8.4,3,Sello mecánico,4110.0
OT-006667,PAR-008785,PS-EQ-05,2026-01-09,Correctiva,14.2,3,Revestimiento (liner),1595.0
OT-006106,PAR-008053,PS-EQ-03,2025-01-22,Preventiva,6.6,3,Ninguno (solo mano de obra),1940.0
OT-006210,PAR-008190,PS-EQ-03,2027-04-16,Correctiva,31.1,3,Revestimiento (liner),7809.0
OT-006251,PAR-008250,PS-EQ-04,2024-03-05,Correctiva,14.9,3,Faja/correa,5189.0
OT-006375,PAR-008407,PS-EQ-04,2025-12-29,Preventiva,8.0,1,Sensor/instrumento,1742.0
OT-007281,PAR-009636,PS-EQ-08,2024-03-21,Correctiva,1.8,3,Ninguno (solo mano de obra),1852.0
OT-005682,PAR-007491,PS-EQ-01,2026-08-09,Correctiva,3.7,2,Ninguno (solo mano de obra),1771.0
OT-007822,PAR-010396,PS-EQ-10,2026-04-03,Preventiva,6.6,1,Motor eléctrico,1193.0
OT-006278,PAR-008282,PS-EQ-04,2024-07-21,Correctiva,3.7,1,Rodamiento,1265.0
OT-007713,PAR-010231,PS-EQ-09,2027-12-13,Preventiva,6.0,3,Faja/correa,2018.0
OT-005680,PAR-007489,PS-EQ-01,2026-08-02,Correctiva,6.1,3,Sello mecánico,6430.0
OT-006178,PAR-008151,PS-EQ-03,2026-09-08,Correctiva,1.7,2,Ninguno (solo mano de obra),3415.0
OT-006472,PAR-008534,PS-EQ-04,2027-04-12,Correctiva,23.3,1,Motor eléctrico,6911.0
OT-006189,PAR-008165,PS-EQ-03,2026-11-30,Preventiva,7.6,3,Sensor/instrumento,2318.0
OT-006131,PAR-008093,PS-EQ-03,2025-08-26,Correctiva,3.8,1,Sello mecánico,7165.0
OT-007299,PAR-009660,PS-EQ-08,2024-07-09,Correctiva,3.0,3,Motor eléctrico,6647.0
OT-005909,PAR-007782,PS-EQ-02,2026-01-17,Correctiva,7.7,1,Motor eléctrico,7629.0
OT-007704,PAR-010215,PS-EQ-09,2027-08-19,Correctiva,11.4,1,Motor eléctrico,5195.0
OT-006025,PAR-007944,PS-EQ-02,2027-07-13,Preventiva,7.1,2,Sensor/instrumento,192.0
OT-007411,PAR-009802,PS-EQ-08,2026-01-22,Correctiva,16.1,3,Sensor/instrumento,7245.0
OT-006602,PAR-008705,PS-EQ-05,2025-01-21,Correctiva,9.3,1,Rodamiento,1319.0
OT-006362,PAR-008385,PS-EQ-04,2025-10-13,Correctiva,4.0,1,Faja/correa,280.0
OT-006945,PAR-009162,PS-EQ-06,2026-01-28,Correctiva,4.6,1,,7842.0
OT-006367,PAR-008392,PS-EQ-04,2025-11-03,Preventiva,5.5,3,Motor eléctrico,1338.0
OT-007276,PAR-009628,PS-EQ-08,2024-02-10,Correctiva,0.8,3,Sensor/instrumento,3131.0
OT-006236,PAR-008233,PS-EQ-03,2027-11-29,Preventiva,8.6,2,Sello mecánico,1343.0
OT-005802,PAR-007649,PS-EQ-02,2024-07-09,Preventiva,11.2,2,Ninguno (solo mano de obra),677.0
OT-007367,PAR-009745,PS-EQ-08,2025-06-24,Correctiva,24.6,2,Ninguno (solo mano de obra),7387.0
OT-007251,PAR-009587,PS-EQ-07,2027-09-03,Correctiva,0.4,2,Ninguno (solo mano de obra),2130.0
OT-005877,PAR-007741,PS-EQ-02,2025-07-11,Correctiva,3.1,1,Ninguno (solo mano de obra),2283.0
OT-005667,PAR-007469,PS-EQ-01,2026-05-30,Correctiva,13.7,1,Revestimiento (liner),73.0
OT-007393,PAR-009775,PS-EQ-08,2025-11-03,Preventiva,8.4,3,Faja/correa,2436.0
OT-006098,PAR-008041,PS-EQ-03,2024-11-26,Preventiva,4.8,2,Sensor/instrumento,1728.0
OT-006134,PAR-008096,PS-EQ-03,2025-09-05,Correctiva,0.7,3,Sensor/instrumento,2605.0
OT-006341,PAR-008362,PS-EQ-04,2025-06-19,Correctiva,6.0,2,Sello mecánico,3663.0
OT-005566,PAR-007333,PS-EQ-01,2024-11-01,Correctiva,2.3,1,Sello mecánico,6878.0
OT-005763,PAR-007601,PS-EQ-01,2027-12-16,Preventiva,8.1,2,Sello mecánico,140.0
OT-005558,PAR-007323,PS-EQ-01,2024-09-23,Preventiva,6.5,2,Motor eléctrico,989.0
OT-007147,PAR-009435,PS-EQ-07,2025-07-03,Correctiva,8.2,3,Rodamiento,7814.0
OT-006543,PAR-008631,PS-EQ-05,2024-04-30,Preventiva,9.5,1,Revestimiento (liner),1253.0
OT-007267,PAR-009612,PS-EQ-07,2027-12-28,Correctiva,20.9,1,Revestimiento (liner),4801.0
OT-007760,PAR-010299,PS-EQ-10,2024-11-12,Preventiva,4.9,2,Revestimiento (liner),1615.0
OT-006433,PAR-008484,PS-EQ-04,2026-10-30,Preventiva,6.5,2,Sensor/instrumento,875.0
OT-006061,PAR-007987,PS-EQ-03,2024-02-06,Preventiva,12.1,2,Sensor/instrumento,1265.0
OT-006308,PAR-008322,PS-EQ-04,2025-01-06,Preventiva,10.6,2,Rodamiento,1815.0
OT-007503,PAR-009920,PS-EQ-08,2027-06-09,Preventiva,10.9,3,Faja/correa,751.0
OT-005890,PAR-007757,PS-EQ-02,2025-09-21,Correctiva,10.6,1,Sensor/instrumento,3872.0
OT-006484,PAR-008550,PS-EQ-04,2027-06-20,Preventiva,10.3,3,Revestimiento (liner),369.0
OT-006469,PAR-008528,PS-EQ-04,2027-04-02,Correctiva,0.6,3,Faja/correa,3933.0
OT-007570,PAR-010021,PS-EQ-09,2024-11-04,Correctiva,2.2,3,Sello mecánico,5831.0
OT-006770,PAR-008927,PS-EQ-05,2027-06-12,Preventiva,12.1,2,Sello mecánico,1320.0
OT-007370,PAR-009750,PS-EQ-08,2025-07-06,Preventiva,6.0,1,Ninguno (solo mano de obra),963.0
OT-006510,PAR-008586,PS-EQ-04,2027-11-25,Correctiva,20.1,2,Revestimiento (liner),1873.0
OT-006140,PAR-008103,PS-EQ-03,2025-10-25,Preventiva,11.7,1,Ninguno (solo mano de obra),2074.0
OT-007114,PAR-009385,PS-EQ-07,2024-08-18,Preventiva,7.7,2,Ninguno (solo mano de obra),1118.0
OT-007554,PAR-009993,PS-EQ-09,2024-05-23,Preventiva,10.4,3,Ninguno (solo mano de obra),240.0
OT-005850,PAR-007709,PS-EQ-02,2025-03-16,Correctiva,4.2,2,Sensor/instrumento,3163.0
OT-007178,PAR-009486,PS-EQ-07,2026-02-24,Preventiva,6.9,1,Motor eléctrico,25.0
OT-005858,PAR-007719,PS-EQ-02,2025-04-22,Correctiva,20.9,3,Rodamiento,7376.0
OT-007283,PAR-009639,PS-EQ-08,2024-03-31,Preventiva,5.4,1,Revestimiento (liner),2122.0
OT-006666,PAR-008784,PS-EQ-05,2026-01-08,Correctiva,2.3,1,Revestimiento (liner),5958.0
OT-007803,PAR-010372,PS-EQ-10,2025-11-20,Correctiva,6.3,1,Revestimiento (liner),7026.0
OT-005818,PAR-007666,PS-EQ-02,2024-09-29,Correctiva,3.2,2,Faja/correa,6191.0
OT-006028,PAR-007947,PS-EQ-02,2027-07-27,Correctiva,23.2,2,Rodamiento,2272.0
OT-006463,PAR-008522,PS-EQ-04,2027-03-13,Correctiva,7.4,3,Ninguno (solo mano de obra),697.0
OT-007814,PAR-010385,PS-EQ-10,2026-01-30,Correctiva,2.6,2,Rodamiento,7037.0
OT-005729,PAR-007559,PS-EQ-01,2027-05-19,Preventiva,6.2,1,Ninguno (solo mano de obra),2210.0
OT-006062,PAR-007989,PS-EQ-03,2024-02-13,Correctiva,16.2,1,Faja/correa,1404.0
OT-006642,PAR-008752,PS-EQ-05,2025-09-07,Correctiva,22.5,2,Motor eléctrico,580.0
OT-007509,PAR-009928,PS-EQ-08,2027-07-17,Correctiva,14.6,2,,6501.0
OT-005542,PAR-007303,PS-EQ-01,2024-06-29,Correctiva,5.3,2,Ninguno (solo mano de obra),6022.0
OT-006972,PAR-009198,PS-EQ-06,2026-06-26,Preventiva,4.0,3,Ninguno (solo mano de obra),2157.0
OT-007380,PAR-009762,PS-EQ-08,2025-09-11,Correctiva,2.2,2,Ninguno (solo mano de obra),332.0
OT-006625,PAR-008732,PS-EQ-05,2025-05-26,Preventiva,10.1,2,Sensor/instrumento,373.0
OT-006202,PAR-008180,PS-EQ-03,2027-02-24,Preventiva,12.0,2,Ninguno (solo mano de obra),2435.0
OT-006803,PAR-008981,PS-EQ-06,2024-02-09,Correctiva,4.0,1,Faja/correa,6216.0
OT-006068,PAR-007996,PS-EQ-03,2024-03-11,Preventiva,7.8,3,Faja/correa,512.0
OT-006764,PAR-008916,PS-EQ-05,2027-05-02,Correctiva,7.8,3,Revestimiento (liner),2928.0
OT-006200,PAR-008178,PS-EQ-03,2027-02-06,Correctiva,2.7,1,Motor eléctrico,4042.0
OT-007475,PAR-009880,PS-EQ-08,2026-12-14,Correctiva,5.0,1,Motor eléctrico,4852.0
OT-007875,PAR-010474,PS-EQ-10,2027-05-19,Correctiva,2.8,3,Revestimiento (liner),4427.0
OT-006124,PAR-008083,PS-EQ-03,2025-07-04,Preventiva,8.3,3,Motor eléctrico,1863.0
OT-006001,PAR-007907,PS-EQ-02,2027-04-04,Preventiva,8.0,1,Faja/correa,2325.0
OT-007422,PAR-009813,PS-EQ-08,2026-03-05,Correctiva,1.4,3,Rodamiento,6824.0
OT-007193,PAR-009509,PS-EQ-07,2026-06-11,Preventiva,9.0,1,Motor eléctrico,2239.0
OT-006578,PAR-008679,PS-EQ-05,2024-10-29,Preventiva,9.8,3,Rodamiento,2117.0
OT-007519,PAR-009942,PS-EQ-08,2027-09-26,Preventiva,9.9,3,Ninguno (solo mano de obra),2326.0
OT-005552,PAR-007314,PS-EQ-01,2024-08-14,Correctiva,2.3,1,Ninguno (solo mano de obra),7105.0
OT-005868,PAR-007731,PS-EQ-02,2025-05-29,Correctiva,3.1,1,Motor eléctrico,2322.0
OT-005836,PAR-007691,PS-EQ-02,2025-01-15,Correctiva,6.6,2,Motor eléctrico,240.0
OT-007023,PAR-009268,PS-EQ-06,2027-04-02,Correctiva,1.8,3,Sensor/instrumento,3216.0
OT-006250,PAR-008249,PS-EQ-04,2024-02-28,Preventiva,8.0,1,Sello mecánico,73.0
OT-006886,PAR-009093,PS-EQ-06,2025-04-06,Correctiva,9.7,2,Rodamiento,589.0
OT-007749,PAR-010285,PS-EQ-10,2024-09-03,Correctiva,2.0,1,Faja/correa,3592.0
OT-006890,PAR-009097,PS-EQ-06,2025-04-28,Preventiva,8.7,3,Rodamiento,1929.0
OT-006784,PAR-008953,PS-EQ-05,2027-09-06,Correctiva,5.4,3,Motor eléctrico,4011.0
OT-006579,PAR-008680,PS-EQ-05,2024-11-01,Correctiva,1.4,2,Revestimiento (liner),6286.0
OT-007252,PAR-009588,PS-EQ-07,2027-09-10,Correctiva,8.7,2,Faja/correa,66.0
OT-007796,PAR-010361,PS-EQ-10,2025-09-20,Correctiva,0.8,2,Ninguno (solo mano de obra),4273.0
OT-006980,PAR-009208,PS-EQ-06,2026-07-29,Preventiva,10.2,1,Faja/correa,716.0
OT-007510,PAR-009929,PS-EQ-08,2027-07-18,Preventiva,10.8,1,Sello mecánico,334.0
OT-005934,PAR-007816,PS-EQ-02,2026-05-10,Correctiva,25.4,1,Faja/correa,4035.0
OT-006167,PAR-008137,PS-EQ-03,2026-06-02,Correctiva,13.6,2,Sensor/instrumento,1256.0
OT-007369,PAR-009748,PS-EQ-08,2025-06-30,Correctiva,0.6,2,Ninguno (solo mano de obra),3129.0
OT-006325,PAR-008343,PS-EQ-04,2025-03-27,Correctiva,3.8,3,Rodamiento,2078.0
OT-006299,PAR-008312,PS-EQ-04,2024-11-19,Preventiva,12.4,3,Faja/correa,1705.0
OT-007559,PAR-010004,PS-EQ-09,2024-07-22,Preventiva,13.4,2,Rodamiento,1236.0
OT-006437,PAR-008489,PS-EQ-04,2026-11-08,Correctiva,13.3,3,Rodamiento,3717.0
OT-006146,PAR-008109,PS-EQ-03,2025-12-02,Correctiva,3.7,2,Ninguno (solo mano de obra),1261.0
OT-006347,PAR-008368,PS-EQ-04,2025-08-04,Correctiva,5.6,2,Sello mecánico,4027.0
OT-007724,PAR-010248,PS-EQ-10,2024-02-20,Preventiva,5.7,2,Revestimiento (liner),1968.0
OT-007404,PAR-009790,PS-EQ-08,2025-12-22,Preventiva,4.9,3,Faja/correa,749.0
OT-007465,PAR-009868,PS-EQ-08,2026-10-25,Correctiva,0.8,1,Rodamiento,1460.0
OT-005524,PAR-007282,PS-EQ-01,2024-03-21,Correctiva,19.9,2,Rodamiento,6276.0
OT-006751,PAR-008898,PS-EQ-05,2027-02-27,Preventiva,9.1,3,Revestimiento (liner),2353.0
OT-005718,PAR-007543,PS-EQ-01,2027-03-17,Correctiva,14.5,1,Sensor/instrumento,537.0
OT-005797,PAR-007641,PS-EQ-02,2024-06-02,Correctiva,0.8,2,Rodamiento,2299.0
OT-005526,PAR-007284,PS-EQ-01,2024-03-25,Correctiva,6.8,2,Ninguno (solo mano de obra),7334.0
OT-005529,PAR-007288,PS-EQ-01,2024-04-02,Correctiva,9.9,2,Sello mecánico,4632.0
OT-006445,PAR-008499,PS-EQ-04,2026-12-20,Preventiva,11.8,3,Rodamiento,630.0
OT-006215,PAR-008197,PS-EQ-03,2027-05-31,Preventiva,7.2,3,Sensor/instrumento,1504.0
OT-007357,PAR-009734,PS-EQ-08,2025-05-14,Correctiva,4.0,2,Sensor/instrumento,4349.0
OT-007877,PAR-010476,PS-EQ-10,2027-06-06,Preventiva,11.8,2,Rodamiento,1382.0
OT-006462,PAR-008521,PS-EQ-04,2027-03-10,Correctiva,7.3,1,Ninguno (solo mano de obra),6869.0
OT-006287,PAR-008293,PS-EQ-04,2024-09-10,Correctiva,5.0,2,Sensor/instrumento,3970.0
OT-006158,PAR-008125,PS-EQ-03,2026-03-05,Correctiva,3.3,2,Faja/correa,3395.0
OT-007290,PAR-009648,PS-EQ-08,2024-05-27,Correctiva,11.7,3,Ninguno (solo mano de obra),3043.0
OT-006840,PAR-009031,PS-EQ-06,2024-08-24,Preventiva,6.2,3,Revestimiento (liner),1824.0
OT-006340,PAR-008360,PS-EQ-04,2025-05-31,Preventiva,9.3,1,Rodamiento,1581.0
OT-006128,PAR-008089,PS-EQ-03,2025-08-09,Correctiva,11.5,1,Sello mecánico,646.0
OT-005587,PAR-007364,PS-EQ-01,2025-03-26,Correctiva,2.5,3,Sensor/instrumento,4631.0
OT-007203,PAR-009523,PS-EQ-07,2026-09-03,Correctiva,8.2,3,Sello mecánico,2096.0
OT-007183,PAR-009496,PS-EQ-07,2026-03-28,Preventiva,7.3,2,Rodamiento,559.0
OT-006656,PAR-008769,PS-EQ-05,2025-11-22,Correctiva,1.5,1,Revestimiento (liner),6496.0
OT-007266,PAR-009611,PS-EQ-07,2027-12-26,Correctiva,14.1,1,Sensor/instrumento,7745.0
OT-006522,PAR-008604,PS-EQ-05,2024-02-01,Correctiva,2.1,1,Motor eléctrico,5095.0
OT-007766,PAR-010308,PS-EQ-10,2024-12-18,Preventiva,8.5,1,Revestimiento (liner),466.0
OT-006514,PAR-008593,PS-EQ-04,2027-12-11,Correctiva,5.0,1,Revestimiento (liner),3847.0
OT-006766,PAR-008918,PS-EQ-05,2027-05-11,Correctiva,3.4,1,Sello mecánico,1038.0
OT-006442,PAR-008495,PS-EQ-04,2026-12-02,Preventiva,6.9,2,Sensor/instrumento,1327.0
OT-007415,PAR-009806,PS-EQ-08,2026-02-04,Correctiva,24.9,1,Faja/correa,7939.0
OT-006561,PAR-008659,PS-EQ-05,2024-08-16,Correctiva,2.2,1,Faja/correa,185.0
OT-006556,PAR-008654,PS-EQ-05,2024-07-30,Correctiva,4.9,3,Ninguno (solo mano de obra),4241.0
OT-005743,PAR-007576,PS-EQ-01,2027-08-09,Preventiva,11.6,3,Sello mecánico,1163.0
OT-007476,PAR-009881,PS-EQ-08,2026-12-20,Correctiva,8.5,3,Sello mecánico,2878.0
OT-005568,PAR-007337,PS-EQ-01,2024-11-30,Correctiva,4.5,3,Sello mecánico,4469.0
OT-007765,PAR-010307,PS-EQ-10,2024-12-13,Correctiva,14.3,1,Motor eléctrico,4776.0
OT-007019,PAR-009263,PS-EQ-06,2027-03-08,Preventiva,8.6,2,Revestimiento (liner),1056.0
OT-006013,PAR-007923,PS-EQ-02,2027-05-18,Correctiva,7.3,3,Sello mecánico,2391.0
OT-006458,PAR-008517,PS-EQ-04,2027-03-01,Correctiva,0.6,3,Faja/correa,143.0
OT-006276,PAR-008279,PS-EQ-04,2024-07-13,Correctiva,23.9,2,Rodamiento,3127.0
OT-007804,PAR-010373,PS-EQ-10,2025-11-24,Correctiva,2.9,2,Ninguno (solo mano de obra),3499.0
OT-007470,PAR-009874,PS-EQ-08,2026-11-23,Correctiva,19.0,3,Sello mecánico,5951.0
OT-007202,PAR-009522,PS-EQ-07,2026-08-20,Preventiva,7.7,3,Sensor/instrumento,1211.0
OT-006039,PAR-007960,PS-EQ-02,2027-09-09,Preventiva,8.8,1,Faja/correa,2189.0
OT-006229,PAR-008221,PS-EQ-03,2027-10-07,Correctiva,7.5,1,Ninguno (solo mano de obra),4849.0
OT-006217,PAR-008204,PS-EQ-03,2027-06-18,Preventiva,4.5,2,Sello mecánico,1999.0
OT-005741,PAR-007574,PS-EQ-01,2027-08-04,Correctiva,29.5,2,Faja/correa,160.0
OT-007054,PAR-009306,PS-EQ-06,2027-08-26,Preventiva,7.6,3,Revestimiento (liner),1737.0
OT-006160,PAR-008127,PS-EQ-03,2026-04-12,Preventiva,4.7,3,Ninguno (solo mano de obra),101.0
OT-006619,PAR-008724,PS-EQ-05,2025-05-01,Correctiva,1.2,2,Ninguno (solo mano de obra),4914.0
OT-007747,PAR-010283,PS-EQ-10,2024-08-13,Correctiva,0.6,3,Sello mecánico,446.0
OT-007353,PAR-009730,PS-EQ-08,2025-05-02,Correctiva,3.1,2,Motor eléctrico,3663.0
OT-007143,PAR-009428,PS-EQ-07,2025-06-10,Preventiva,11.9,3,Motor eléctrico,136.0
OT-007225,PAR-009552,PS-EQ-07,2027-02-04,Correctiva,0.6,1,Sello mecánico,4005.0
OT-006195,PAR-008171,PS-EQ-03,2026-12-22,Correctiva,2.3,3,Ninguno (solo mano de obra),3900.0
OT-006435,PAR-008486,PS-EQ-04,2026-11-04,Correctiva,19.1,1,Rodamiento,1435.0
OT-005834,PAR-007689,PS-EQ-02,2025-01-10,Correctiva,10.7,1,Sensor/instrumento,3768.0
OT-005994,PAR-007896,PS-EQ-02,2027-02-04,Correctiva,0.6,1,Faja/correa,3883.0
OT-005686,PAR-007499,PS-EQ-01,2026-09-27,Correctiva,4.0,3,Revestimiento (liner),7732.0
OT-006497,PAR-008567,PS-EQ-04,2027-09-03,Correctiva,17.8,3,Rodamiento,429.0
OT-007274,PAR-009624,PS-EQ-08,2024-02-02,Correctiva,17.9,2,Sensor/instrumento,48.0
OT-007478,PAR-009885,PS-EQ-08,2026-12-27,Correctiva,6.9,1,Ninguno (solo mano de obra),7946.0
OT-005827,PAR-007678,PS-EQ-02,2024-11-18,Correctiva,4.6,3,Revestimiento (liner),7640.0
OT-006072,PAR-008001,PS-EQ-03,2024-03-26,Correctiva,1.5,2,Motor eléctrico,984.0
OT-006792,PAR-008966,PS-EQ-05,2027-11-13,Preventiva,6.2,3,,1333.0
OT-007359,PAR-009736,PS-EQ-08,2025-05-27,Correctiva,6.4,3,Ninguno (solo mano de obra),7427.0
OT-007080,PAR-009338,PS-EQ-06,2027-12-31,Correctiva,14.9,2,Revestimiento (liner),6269.0
OT-006583,PAR-008685,PS-EQ-05,2024-11-20,Correctiva,6.1,2,Faja/correa,6378.0
OT-005753,PAR-007587,PS-EQ-01,2027-10-07,Preventiva,13.1,2,Sensor/instrumento,429.0
OT-007421,PAR-009812,PS-EQ-08,2026-03-03,Correctiva,31.0,1,Ninguno (solo mano de obra),4723.0
OT-007377,PAR-009758,PS-EQ-08,2025-08-14,Correctiva,9.6,1,Ninguno (solo mano de obra),2369.0
OT-006731,PAR-008871,PS-EQ-05,2026-11-26,Preventiva,7.3,1,Motor eléctrico,972.0
OT-005975,PAR-007871,PS-EQ-02,2026-11-10,Correctiva,2.0,1,Rodamiento,6955.0
OT-007504,PAR-009921,PS-EQ-08,2027-06-10,Correctiva,1.7,1,Ninguno (solo mano de obra),3871.0
OT-006567,PAR-008666,PS-EQ-05,2024-09-29,Preventiva,5.5,1,Rodamiento,1203.0
OT-006052,PAR-007977,PS-EQ-02,2027-11-16,Correctiva,11.6,1,Motor eléctrico,2215.0
OT-007041,PAR-009290,PS-EQ-06,2027-06-30,Preventiva,12.7,1,Rodamiento,1173.0
OT-007479,PAR-009886,PS-EQ-08,2027-01-07,Preventiva,9.3,1,Motor eléctrico,425.0
OT-005959,PAR-007850,PS-EQ-02,2026-09-12,Correctiva,15.8,2,Sello mecánico,5388.0
OT-006057,PAR-007982,PS-EQ-02,2027-12-27,Preventiva,6.4,1,Motor eléctrico,2327.0
OT-007892,PAR-010502,PS-EQ-10,2027-09-22,Preventiva,10.0,3,Motor eléctrico,464.0
OT-006145,PAR-008108,PS-EQ-03,2025-12-02,Preventiva,7.7,2,Ninguno (solo mano de obra),90.0
OT-006748,PAR-008893,PS-EQ-05,2027-02-09,Correctiva,20.6,3,Motor eléctrico,6505.0
OT-007342,PAR-009715,PS-EQ-08,2025-02-23,Preventiva,5.0,1,Rodamiento,2379.0
OT-005512,PAR-007268,PS-EQ-01,2024-01-23,Preventiva,9.3,3,Motor eléctrico,1061.0
OT-007165,PAR-009462,PS-EQ-07,2025-11-14,Preventiva,9.9,3,Revestimiento (liner),599.0
OT-007690,PAR-010197,PS-EQ-09,2027-04-14,Preventiva,8.7,3,Motor eléctrico,1686.0
OT-006176,PAR-008149,PS-EQ-03,2026-08-20,Correctiva,3.7,3,Sensor/instrumento,3353.0
OT-006381,PAR-008415,PS-EQ-04,2026-02-09,Preventiva,6.7,2,Faja/correa,2295.0
OT-005758,PAR-007595,PS-EQ-01,2027-11-17,Correctiva,15.0,3,Ninguno (solo mano de obra),444.0
OT-007606,PAR-010074,PS-EQ-09,2025-06-29,Preventiva,7.6,1,Sello mecánico,601.0
OT-006318,PAR-008335,PS-EQ-04,2025-02-13,Correctiva,2.9,3,Motor eléctrico,3593.0
OT-007323,PAR-009691,PS-EQ-08,2024-11-14,Correctiva,2.0,3,Rodamiento,1089.0
OT-007651,PAR-010141,PS-EQ-09,2026-07-03,Preventiva,4.5,3,Ninguno (solo mano de obra),99.0
OT-007355,PAR-009732,PS-EQ-08,2025-05-11,Correctiva,1.7,3,Rodamiento,7301.0
OT-005828,PAR-007679,PS-EQ-02,2024-11-29,Correctiva,3.6,2,Motor eléctrico,1628.0
OT-007738,PAR-010272,PS-EQ-10,2024-06-24,Preventiva,9.7,1,Rodamiento,113.0
OT-007871,PAR-010468,PS-EQ-10,2027-05-04,Preventiva,4.4,3,Motor eléctrico,315.0
OT-005809,PAR-007657,PS-EQ-02,2024-08-08,Correctiva,5.7,3,Rodamiento,2401.0
OT-006116,PAR-008071,PS-EQ-03,2025-04-18,Correctiva,8.9,1,Motor eléctrico,2303.0
OT-007263,PAR-009606,PS-EQ-07,2027-12-12,Correctiva,5.6,3,Motor eléctrico,2243.0
OT-007569,PAR-010020,PS-EQ-09,2024-10-24,Correctiva,0.9,1,Ninguno (solo mano de obra),1862.0
OT-006247,PAR-008246,PS-EQ-04,2024-02-17,Correctiva,4.3,3,Motor eléctrico,3639.0
OT-006314,PAR-008331,PS-EQ-04,2025-01-26,Preventiva,3.9,1,Revestimiento (liner),2121.0
OT-006489,PAR-008558,PS-EQ-04,2027-08-05,Correctiva,11.3,2,Sensor/instrumento,2482.0
OT-006800,PAR-008977,PS-EQ-06,2024-01-01,Correctiva,1.7,2,Rodamiento,4486.0
OT-006566,PAR-008665,PS-EQ-05,2024-09-19,Correctiva,5.1,1,Revestimiento (liner),3593.0
OT-007360,PAR-009737,PS-EQ-08,2025-06-04,Preventiva,6.8,3,Faja/correa,770.0
OT-006026,PAR-007945,PS-EQ-02,2027-07-15,Correctiva,5.0,1,Revestimiento (liner),997.0
OT-006289,PAR-008297,PS-EQ-04,2024-09-28,Correctiva,27.2,1,Sello mecánico,6624.0
OT-007726,PAR-010254,PS-EQ-10,2024-03-13,Correctiva,15.9,2,Rodamiento,5247.0
OT-006245,PAR-008244,PS-EQ-04,2024-01-24,Correctiva,5.4,1,Rodamiento,3720.0
OT-006706,PAR-008839,PS-EQ-05,2026-08-08,Preventiva,9.2,1,Sello mecánico,1048.0
OT-005991,PAR-007890,PS-EQ-02,2027-01-09,Correctiva,10.4,3,Sello mecánico,2603.0
OT-006387,PAR-008421,PS-EQ-04,2026-02-28,Preventiva,10.1,3,Faja/correa,1183.0
OT-006523,PAR-008605,PS-EQ-05,2024-02-04,Correctiva,10.6,1,Rodamiento,7465.0
OT-007609,PAR-010078,PS-EQ-09,2025-07-13,Preventiva,6.4,2,Faja/correa,1947.0
OT-007437,PAR-009830,PS-EQ-08,2026-05-17,Preventiva,9.6,3,Sello mecánico,770.0
OT-007117,PAR-009390,PS-EQ-07,2024-09-09,Preventiva,9.2,2,Faja/correa,374.0
OT-006393,PAR-008430,PS-EQ-04,2026-03-31,Correctiva,6.3,2,Sensor/instrumento,3109.0
OT-005907,PAR-007780,PS-EQ-02,2026-01-15,Preventiva,8.3,2,Sensor/instrumento,1779.0
OT-007640,PAR-010121,PS-EQ-09,2026-03-13,Preventiva,8.6,1,Faja/correa,649.0
OT-005636,PAR-007431,PS-EQ-01,2025-12-31,Correctiva,22.0,2,Faja/correa,1461.0
OT-005852,PAR-007712,PS-EQ-02,2025-03-27,Correctiva,13.5,2,Sensor/instrumento,225.0
OT-007603,PAR-010069,PS-EQ-09,2025-06-12,Preventiva,9.3,3,Sello mecánico,9.0
OT-006707,PAR-008841,PS-EQ-05,2026-08-14,Correctiva,6.3,3,Rodamiento,7976.0
OT-005581,PAR-007353,PS-EQ-01,2025-02-10,Preventiva,7.3,2,Sello mecánico,1941.0
OT-005779,PAR-007621,PS-EQ-02,2024-03-14,Preventiva,13.3,2,Revestimiento (liner),382.0
OT-005564,PAR-007331,PS-EQ-01,2024-10-25,Correctiva,12.0,1,Sensor/instrumento,7075.0
OT-007459,PAR-009859,PS-EQ-08,2026-08-26,Correctiva,1.5,3,Revestimiento (liner),3110.0
OT-006839,PAR-009029,PS-EQ-06,2024-08-05,Correctiva,11.5,2,Ninguno (solo mano de obra),986.0
OT-006065,PAR-007992,PS-EQ-03,2024-02-23,Correctiva,14.6,3,Rodamiento,3667.0
OT-007577,PAR-010029,PS-EQ-09,2024-12-01,Preventiva,5.5,2,Motor eléctrico,1624.0
OT-006193,PAR-008169,PS-EQ-03,2026-12-17,Correctiva,9.5,2,Faja/correa,6776.0
OT-007761,PAR-010301,PS-EQ-10,2024-11-16,Correctiva,4.1,1,Rodamiento,1202.0
OT-006196,PAR-008172,PS-EQ-03,2026-12-25,Correctiva,2.4,1,Faja/correa,7528.0
OT-006822,PAR-009004,PS-EQ-06,2024-05-20,Correctiva,5.5,2,Sello mecánico,1567.0
OT-006044,PAR-007968,PS-EQ-02,2027-10-12,Correctiva,16.4,2,Sensor/instrumento,2704.0
OT-005617,PAR-007401,PS-EQ-01,2025-10-03,Correctiva,5.3,3,Sensor/instrumento,5763.0
OT-005943,PAR-007828,PS-EQ-02,2026-06-16,Correctiva,18.2,3,Ninguno (solo mano de obra),7928.0
OT-006564,PAR-008663,PS-EQ-05,2024-08-28,Correctiva,0.8,3,Ninguno (solo mano de obra),6315.0
OT-006694,PAR-008821,PS-EQ-05,2026-05-19,Correctiva,11.3,2,Rodamiento,7414.0
OT-007128,PAR-009406,PS-EQ-07,2025-01-11,Correctiva,7.4,2,Rodamiento,30.0
OT-006906,PAR-009116,PS-EQ-06,2025-07-26,Correctiva,2.5,2,Ninguno (solo mano de obra),5269.0
OT-006139,PAR-008102,PS-EQ-03,2025-10-21,Correctiva,2.1,1,Sello mecánico,7976.0
OT-006017,PAR-007930,PS-EQ-02,2027-06-11,Correctiva,20.5,2,Faja/correa,6225.0
OT-006058,PAR-007983,PS-EQ-02,2027-12-28,Correctiva,4.8,1,Faja/correa,2700.0
OT-006438,PAR-008491,PS-EQ-04,2026-11-15,Preventiva,5.5,1,Rodamiento,1481.0
OT-006905,PAR-009115,PS-EQ-06,2025-07-25,Correctiva,2.0,1,Rodamiento,6555.0
OT-007659,PAR-010154,PS-EQ-09,2026-09-22,Correctiva,0.4,2,Motor eléctrico,1879.0
OT-007052,PAR-009303,PS-EQ-06,2027-08-12,Correctiva,10.4,1,Rodamiento,7420.0
OT-007150,PAR-009440,PS-EQ-07,2025-08-05,Preventiva,3.8,1,Faja/correa,2044.0
OT-005738,PAR-007571,PS-EQ-01,2027-07-26,Preventiva,9.7,3,Revestimiento (liner),2205.0
OT-007430,PAR-009821,PS-EQ-08,2026-04-07,Correctiva,4.1,1,Revestimiento (liner),6982.0
OT-006303,PAR-008316,PS-EQ-04,2024-12-18,Preventiva,8.4,1,Rodamiento,279.0
OT-005786,PAR-007629,PS-EQ-02,2024-04-23,Correctiva,4.9,2,Ninguno (solo mano de obra),2349.0
OT-006535,PAR-008619,PS-EQ-05,2024-03-23,Correctiva,2.7,1,Rodamiento,3888.0
OT-005674,PAR-007483,PS-EQ-01,2026-07-20,Correctiva,8.7,1,Ninguno (solo mano de obra),5636.0
OT-006188,PAR-008164,PS-EQ-03,2026-11-16,Preventiva,3.9,3,Rodamiento,472.0
OT-006529,PAR-008613,PS-EQ-05,2024-03-02,Correctiva,1.2,1,Rodamiento,3949.0
OT-007806,PAR-010375,PS-EQ-10,2025-11-26,Correctiva,2.9,1,Rodamiento,6878.0
OT-006776,PAR-008938,PS-EQ-05,2027-07-27,Preventiva,8.7,1,Sello mecánico,2106.0
OT-006466,PAR-008525,PS-EQ-04,2027-03-26,Correctiva,14.6,3,Sensor/instrumento,46.0
OT-006416,PAR-008462,PS-EQ-04,2026-07-17,Correctiva,1.8,1,Rodamiento,1527.0
OT-006260,PAR-008262,PS-EQ-04,2024-04-13,Preventiva,6.3,1,Faja/correa,110.0
OT-006397,PAR-008435,PS-EQ-04,2026-04-17,Preventiva,9.9,2,Rodamiento,2264.0
OT-006354,PAR-008376,PS-EQ-04,2025-08-22,Correctiva,3.8,2,Ninguno (solo mano de obra),3401.0
OT-007136,PAR-009418,PS-EQ-07,2025-03-19,Preventiva,11.1,1,Sensor/instrumento,2182.0
OT-006979,PAR-009206,PS-EQ-06,2026-07-25,Correctiva,4.9,2,Sello mecánico,7144.0
OT-005817,PAR-007665,PS-EQ-02,2024-09-24,Correctiva,5.9,1,Ninguno (solo mano de obra),6031.0
OT-005879,PAR-007743,PS-EQ-02,2025-07-18,Correctiva,4.9,3,Sello mecánico,2823.0
OT-005872,PAR-007735,PS-EQ-02,2025-06-04,Correctiva,9.2,3,Motor eléctrico,2835.0
OT-006874,PAR-009076,PS-EQ-06,2025-02-01,Preventiva,7.3,1,Sensor/instrumento,1808.0
OT-006918,PAR-009131,PS-EQ-06,2025-09-17,Correctiva,8.4,1,Ninguno (solo mano de obra),436.0
OT-007897,PAR-010510,PS-EQ-10,2027-11-09,Correctiva,9.4,1,Sello mecánico,1034.0
OT-007313,PAR-009676,PS-EQ-08,2024-09-09,Preventiva,9.3,2,Rodamiento,1257.0
OT-007463,PAR-009864,PS-EQ-08,2026-09-28,Correctiva,12.6,1,Sensor/instrumento,4820.0
OT-007779,PAR-010329,PS-EQ-10,2025-04-08,Preventiva,11.2,1,,88.0
OT-006793,PAR-008967,PS-EQ-05,2027-11-15,Correctiva,6.8,3,Faja/correa,1295.0
OT-007408,PAR-009797,PS-EQ-08,2026-01-13,Correctiva,18.7,2,Rodamiento,828.0
OT-006501,PAR-008573,PS-EQ-04,2027-10-07,Correctiva,12.5,1,Motor eléctrico,5955.0
OT-006137,PAR-008100,PS-EQ-03,2025-09-24,Correctiva,1.6,3,Ninguno (solo mano de obra),1551.0
OT-005677,PAR-007486,PS-EQ-01,2026-07-24,Correctiva,15.2,1,Rodamiento,7415.0
OT-006456,PAR-008514,PS-EQ-04,2027-02-12,Preventiva,6.4,1,Ninguno (solo mano de obra),1501.0
OT-007358,PAR-009735,PS-EQ-08,2025-05-20,Preventiva,9.1,2,Revestimiento (liner),566.0
OT-006576,PAR-008676,PS-EQ-05,2024-10-14,Correctiva,4.2,1,Motor eléctrico,1474.0
OT-006258,PAR-008259,PS-EQ-04,2024-04-04,Correctiva,1.1,1,Motor eléctrico,2776.0
OT-005684,PAR-007497,PS-EQ-01,2026-09-08,Correctiva,23.6,2,Motor eléctrico,542.0
OT-006563,PAR-008662,PS-EQ-05,2024-08-27,Preventiva,7.2,2,Sello mecánico,1890.0
OT-007413,PAR-009804,PS-EQ-08,2026-01-31,Preventiva,6.5,1,Faja/correa,1314.0
OT-007279,PAR-009633,PS-EQ-08,2024-03-16,Correctiva,5.0,3,Faja/correa,2840.0
OT-007061,PAR-009318,PS-EQ-06,2027-10-08,Correctiva,7.7,2,Motor eléctrico,2890.0
OT-006109,PAR-008058,PS-EQ-03,2025-02-05,Correctiva,1.8,2,Rodamiento,6972.0
OT-007405,PAR-009791,PS-EQ-08,2025-12-22,Correctiva,31.1,2,,1066.0
OT-006401,PAR-008443,PS-EQ-04,2026-05-03,Preventiva,4.0,3,Sensor/instrumento,1453.0
OT-006547,PAR-008638,PS-EQ-05,2024-05-29,Correctiva,28.6,3,Sensor/instrumento,7631.0
OT-006402,PAR-008444,PS-EQ-04,2026-05-08,Correctiva,28.2,3,Rodamiento,995.0
OT-007451,PAR-009847,PS-EQ-08,2026-07-09,Correctiva,0.6,1,Motor eléctrico,4299.0
OT-007033,PAR-009279,PS-EQ-06,2027-05-17,Correctiva,28.3,1,Faja/correa,554.0
OT-006083,PAR-008020,PS-EQ-03,2024-07-11,Correctiva,4.9,1,Faja/correa,5509.0
OT-007031,PAR-009277,PS-EQ-06,2027-05-09,Preventiva,12.0,1,Sensor/instrumento,763.0
OT-007716,PAR-010235,PS-EQ-09,2027-12-28,Correctiva,4.6,2,Sensor/instrumento,7819.0
OT-006478,PAR-008542,PS-EQ-04,2027-05-19,Correctiva,11.3,3,Sensor/instrumento,6886.0
OT-007457,PAR-009857,PS-EQ-08,2026-08-12,Correctiva,16.3,3,Rodamiento,6108.0
OT-007670,PAR-010169,PS-EQ-09,2026-11-17,Correctiva,3.3,2,Motor eléctrico,7117.0
OT-006790,PAR-008962,PS-EQ-05,2027-10-28,Preventiva,6.5,3,Rodamiento,2315.0
OT-006697,PAR-008828,PS-EQ-05,2026-06-04,Correctiva,10.7,3,Faja/correa,2053.0
OT-006838,PAR-009028,PS-EQ-06,2024-08-03,Correctiva,6.1,1,Ninguno (solo mano de obra),5502.0
OT-006491,PAR-008561,PS-EQ-04,2027-08-19,Correctiva,25.2,3,Ninguno (solo mano de obra),847.0
OT-005618,PAR-007402,PS-EQ-01,2025-10-04,Correctiva,3.0,3,Ninguno (solo mano de obra),1976.0
OT-006019,PAR-007933,PS-EQ-02,2027-06-17,Correctiva,9.4,1,Rodamiento,2869.0
OT-006553,PAR-008650,PS-EQ-05,2024-07-10,Correctiva,20.3,2,Sello mecánico,7893.0
OT-007399,PAR-009783,PS-EQ-08,2025-12-04,Preventiva,11.9,2,Sensor/instrumento,639.0
OT-007049,PAR-009300,PS-EQ-06,2027-08-07,Correctiva,8.8,2,Faja/correa,1939.0
OT-006641,PAR-008751,PS-EQ-05,2025-09-03,Preventiva,12.2,1,Motor eléctrico,1375.0
OT-007461,PAR-009862,PS-EQ-08,2026-09-19,Preventiva,9.6,3,Sello mecánico,2187.0
OT-005806,PAR-007654,PS-EQ-02,2024-07-28,Preventiva,5.6,2,Faja/correa,18.0
OT-006192,PAR-008168,PS-EQ-03,2026-12-16,Correctiva,7.5,1,Sello mecánico,3835.0
OT-005929,PAR-007809,PS-EQ-02,2026-04-26,Correctiva,7.8,3,Sello mecánico,507.0
OT-006487,PAR-008556,PS-EQ-04,2027-07-12,Preventiva,10.6,1,Revestimiento (liner),401.0
OT-006423,PAR-008470,PS-EQ-04,2026-08-29,Correctiva,3.9,2,Rodamiento,29.0
OT-006364,PAR-008388,PS-EQ-04,2025-10-19,Preventiva,9.9,3,Rodamiento,749.0
OT-007356,PAR-009733,PS-EQ-08,2025-05-13,Correctiva,0.7,3,Ninguno (solo mano de obra),6685.0
OT-007658,PAR-010151,PS-EQ-09,2026-09-05,Preventiva,6.4,3,Faja/correa,1293.0
OT-007575,PAR-010026,PS-EQ-09,2024-11-24,Correctiva,3.1,3,Rodamiento,2900.0
OT-007301,PAR-009664,PS-EQ-08,2024-07-23,Correctiva,9.7,2,Ninguno (solo mano de obra),1801.0
OT-006168,PAR-008138,PS-EQ-03,2026-06-05,Correctiva,4.9,1,Motor eléctrico,2997.0
OT-007711,PAR-010227,PS-EQ-09,2027-11-20,Preventiva,7.5,3,Sensor/instrumento,1015.0
OT-007686,PAR-010191,PS-EQ-09,2027-03-05,Preventiva,10.9,1,Ninguno (solo mano de obra),1501.0
OT-007898,PAR-010512,PS-EQ-10,2027-11-15,Correctiva,2.5,2,Sensor/instrumento,6184.0
OT-007385,PAR-009767,PS-EQ-08,2025-10-02,Correctiva,1.9,2,Faja/correa,1176.0
OT-007304,PAR-009667,PS-EQ-08,2024-08-04,Correctiva,14.8,2,Faja/correa,7510.0
OT-007572,PAR-010023,PS-EQ-09,2024-11-10,Preventiva,6.7,2,Rodamiento,1277.0
OT-006812,PAR-008993,PS-EQ-06,2024-04-12,Correctiva,3.3,2,Ninguno (solo mano de obra),2328.0
OT-006386,PAR-008420,PS-EQ-04,2026-02-25,Correctiva,1.4,1,Revestimiento (liner),935.0
OT-005808,PAR-007656,PS-EQ-02,2024-08-04,Correctiva,10.6,2,Motor eléctrico,3373.0
OT-005572,PAR-007342,PS-EQ-01,2025-01-10,Correctiva,0.7,1,Sensor/instrumento,4136.0
OT-005538,PAR-007298,PS-EQ-01,2024-05-29,Preventiva,13.8,3,Sensor/instrumento,687.0
OT-006530,PAR-008614,PS-EQ-05,2024-03-10,Correctiva,7.8,1,Revestimiento (liner),5155.0
OT-006405,PAR-008447,PS-EQ-04,2026-05-18,Preventiva,10.0,1,Revestimiento (liner),381.0
OT-007817,PAR-010388,PS-EQ-10,2026-02-16,Correctiva,11.4,3,Faja/correa,209.0
OT-006837,PAR-009027,PS-EQ-06,2024-08-01,Preventiva,4.4,2,Sello mecánico,2162.0
OT-006003,PAR-007910,PS-EQ-02,2027-04-11,Correctiva,1.5,3,Ninguno (solo mano de obra),5714.0
OT-007645,PAR-010131,PS-EQ-09,2026-04-30,Correctiva,5.5,2,Revestimiento (liner),511.0
OT-007236,PAR-009566,PS-EQ-07,2027-05-01,Correctiva,1.4,3,Faja/correa,5615.0
OT-005622,PAR-007407,PS-EQ-01,2025-10-16,Correctiva,10.4,2,Faja/correa,7066.0
OT-006390,PAR-008426,PS-EQ-04,2026-03-23,Correctiva,20.1,3,Sello mecánico,49.0
OT-005544,PAR-007305,PS-EQ-01,2024-07-05,Preventiva,4.4,3,Faja/correa,987.0
OT-007138,PAR-009420,PS-EQ-07,2025-04-11,Preventiva,11.9,3,Sello mecánico,1231.0
OT-006864,PAR-009063,PS-EQ-06,2024-12-19,Correctiva,27.2,2,Ninguno (solo mano de obra),1869.0
OT-007436,PAR-009829,PS-EQ-08,2026-05-14,Correctiva,9.0,1,Rodamiento,1087.0
OT-006648,PAR-008759,PS-EQ-05,2025-09-22,Correctiva,2.1,3,Sensor/instrumento,7337.0
OT-006663,PAR-008780,PS-EQ-05,2025-12-25,Correctiva,25.7,1,Sello mecánico,3524.0
OT-007004,PAR-009241,PS-EQ-06,2026-12-01,Correctiva,6.0,1,Revestimiento (liner),6971.0
OT-006569,PAR-008668,PS-EQ-05,2024-10-01,Correctiva,8.7,1,Sensor/instrumento,7269.0
OT-006804,PAR-008982,PS-EQ-06,2024-02-10,Preventiva,8.6,3,Faja/correa,1223.0
OT-007742,PAR-010277,PS-EQ-10,2024-07-18,Correctiva,3.2,3,Motor eléctrico,4366.0
OT-006470,PAR-008529,PS-EQ-04,2027-04-04,Correctiva,11.9,3,Motor eléctrico,2777.0
OT-006928,PAR-009142,PS-EQ-06,2025-11-01,Preventiva,9.3,1,Sensor/instrumento,1128.0
OT-005841,PAR-007696,PS-EQ-02,2025-01-22,Correctiva,17.4,1,Ninguno (solo mano de obra),119.0
OT-005993,PAR-007894,PS-EQ-02,2027-02-03,Preventiva,10.4,3,Motor eléctrico,1680.0
OT-005530,PAR-007289,PS-EQ-01,2024-04-05,Correctiva,2.6,1,Revestimiento (liner),877.0
OT-006585,PAR-008687,PS-EQ-05,2024-11-26,Correctiva,7.1,1,Sensor/instrumento,6301.0
OT-005796,PAR-007640,PS-EQ-02,2024-05-29,Preventiva,6.5,1,Faja/correa,744.0
OT-006326,PAR-008344,PS-EQ-04,2025-03-29,Correctiva,4.2,2,Faja/correa,3040.0
OT-007328,PAR-009699,PS-EQ-08,2024-12-10,Correctiva,12.8,3,Ninguno (solo mano de obra),1685.0
OT-006069,PAR-007997,PS-EQ-03,2024-03-14,Correctiva,2.5,2,Faja/correa,2815.0
OT-007666,PAR-010163,PS-EQ-09,2026-10-30,Preventiva,4.2,3,Sensor/instrumento,480.0
OT-007869,PAR-010465,PS-EQ-10,2027-04-27,Correctiva,0.8,2,Motor eléctrico,40.0
OT-006081,PAR-008018,PS-EQ-03,2024-06-20,Correctiva,25.5,2,Faja/correa,961.0
OT-005885,PAR-007750,PS-EQ-02,2025-08-19,Correctiva,4.8,3,Sensor/instrumento,6848.0
OT-007558,PAR-010003,PS-EQ-09,2024-07-16,Correctiva,6.1,1,Rodamiento,2513.0
OT-007258,PAR-009599,PS-EQ-07,2027-11-12,Correctiva,1.7,1,Revestimiento (liner),1491.0
OT-007701,PAR-010212,PS-EQ-09,2027-07-16,Correctiva,3.1,3,Faja/correa,4617.0
OT-006073,PAR-008002,PS-EQ-03,2024-04-08,Correctiva,0.7,1,Rodamiento,3565.0
OT-007837,PAR-010417,PS-EQ-10,2026-08-13,Correctiva,10.2,2,Ninguno (solo mano de obra),6663.0
OT-006990,PAR-009222,PS-EQ-06,2026-09-27,Correctiva,4.5,2,Rodamiento,1730.0
OT-007394,PAR-009777,PS-EQ-08,2025-11-17,Correctiva,6.6,2,Motor eléctrico,7734.0
OT-007452,PAR-009849,PS-EQ-08,2026-07-23,Preventiva,10.4,1,Sello mecánico,356.0
OT-005842,PAR-007698,PS-EQ-02,2025-01-28,Preventiva,8.1,1,Revestimiento (liner),1980.0
OT-007164,PAR-009461,PS-EQ-07,2025-10-26,Preventiva,11.4,3,Motor eléctrico,1791.0
OT-007240,PAR-009573,PS-EQ-07,2027-06-06,Correctiva,14.7,1,,4499.0
OT-007206,PAR-009526,PS-EQ-07,2026-09-21,Correctiva,0.8,3,Faja/correa,6577.0
OT-007435,PAR-009827,PS-EQ-08,2026-04-24,Preventiva,7.2,1,Rodamiento,1745.0
OT-006366,PAR-008390,PS-EQ-04,2025-10-30,Correctiva,16.3,2,Rodamiento,5107.0
OT-005759,PAR-007596,PS-EQ-01,2027-12-02,Preventiva,7.0,1,Revestimiento (liner),436.0
OT-005610,PAR-007394,PS-EQ-01,2025-08-02,Correctiva,19.0,1,Sello mecánico,5668.0
OT-007345,PAR-009719,PS-EQ-08,2025-03-19,Correctiva,2.2,1,Rodamiento,277.0
OT-007278,PAR-009632,PS-EQ-08,2024-03-12,Preventiva,5.1,3,Motor eléctrico,1999.0
OT-007896,PAR-010508,PS-EQ-10,2027-10-28,Preventiva,8.2,1,Sensor/instrumento,2217.0
OT-007718,PAR-010238,PS-EQ-10,2024-01-13,Correctiva,1.7,1,Sello mecánico,1819.0
OT-007486,PAR-009895,PS-EQ-08,2027-02-10,Preventiva,4.6,2,Revestimiento (liner),1290.0
OT-006149,PAR-008114,PS-EQ-03,2025-12-18,Correctiva,18.5,3,Ninguno (solo mano de obra),7671.0
OT-007802,PAR-010370,PS-EQ-10,2025-11-06,Correctiva,1.1,2,Motor eléctrico,1794.0
OT-005781,PAR-007623,PS-EQ-02,2024-03-30,Preventiva,10.6,3,Sensor/instrumento,772.0
OT-007890,PAR-010498,PS-EQ-10,2027-09-05,Preventiva,4.7,1,Revestimiento (liner),75.0
OT-006767,PAR-008920,PS-EQ-05,2027-05-19,Correctiva,9.0,3,Revestimiento (liner),2527.0
OT-005669,PAR-007472,PS-EQ-01,2026-06-09,Correctiva,7.1,2,Motor eléctrico,6789.0
OT-006665,PAR-008782,PS-EQ-05,2026-01-02,Correctiva,2.2,1,Ninguno (solo mano de obra),4014.0
OT-006772,PAR-008930,PS-EQ-05,2027-06-28,Preventiva,10.0,2,Faja/correa,650.0
OT-007650,PAR-010140,PS-EQ-09,2026-06-26,Correctiva,2.8,1,Rodamiento,137.0
OT-007148,PAR-009437,PS-EQ-07,2025-07-07,Correctiva,5.0,3,Rodamiento,2772.0
OT-007223,PAR-009547,PS-EQ-07,2027-01-10,Correctiva,1.1,3,Rodamiento,2007.0
OT-007387,PAR-009769,PS-EQ-08,2025-10-16,Correctiva,18.7,2,Rodamiento,779.0
OT-005703,PAR-007522,PS-EQ-01,2026-12-26,Preventiva,6.0,1,Ninguno (solo mano de obra),2001.0
OT-006996,PAR-009229,PS-EQ-06,2026-10-23,Correctiva,1.7,1,Sello mecánico,715.0
OT-006959,PAR-009182,PS-EQ-06,2026-04-02,Correctiva,14.3,3,Ninguno (solo mano de obra),6955.0
OT-007144,PAR-009430,PS-EQ-07,2025-06-15,Correctiva,4.6,1,Revestimiento (liner),1641.0
OT-007062,PAR-009319,PS-EQ-06,2027-10-18,Correctiva,19.3,1,Faja/correa,2455.0
OT-007254,PAR-009591,PS-EQ-07,2027-09-26,Correctiva,4.0,3,Faja/correa,108.0
OT-006161,PAR-008128,PS-EQ-03,2026-04-14,Correctiva,1.1,2,Ninguno (solo mano de obra),936.0
OT-006112,PAR-008062,PS-EQ-03,2025-03-06,Correctiva,1.4,2,Sensor/instrumento,5704.0
OT-006512,PAR-008589,PS-EQ-04,2027-11-27,Correctiva,11.8,2,Ninguno (solo mano de obra),161.0
OT-006277,PAR-008281,PS-EQ-04,2024-07-19,Correctiva,14.0,2,Motor eléctrico,7727.0
OT-007186,PAR-009499,PS-EQ-07,2026-04-06,Correctiva,5.0,3,Ninguno (solo mano de obra),2302.0
OT-005854,PAR-007714,PS-EQ-02,2025-04-06,Preventiva,4.8,2,Rodamiento,2054.0
OT-007255,PAR-009595,PS-EQ-07,2027-10-04,Preventiva,7.8,3,Revestimiento (liner),1608.0
OT-006923,PAR-009137,PS-EQ-06,2025-10-21,Correctiva,1.1,1,,5304.0
OT-007789,PAR-010346,PS-EQ-10,2025-07-27,Correctiva,1.5,1,Motor eléctrico,7481.0
OT-005813,PAR-007661,PS-EQ-02,2024-09-02,Correctiva,3.9,1,Sello mecánico,4183.0
OT-006089,PAR-008027,PS-EQ-03,2024-08-29,Correctiva,9.8,3,Revestimiento (liner),1620.0
OT-007410,PAR-009801,PS-EQ-08,2026-01-20,Correctiva,4.3,3,Revestimiento (liner),7142.0
OT-006673,PAR-008793,PS-EQ-05,2026-02-14,Correctiva,1.3,3,Revestimiento (liner),6421.0
OT-006591,PAR-008693,PS-EQ-05,2024-12-15,Correctiva,11.0,2,Sello mecánico,4610.0
OT-007620,PAR-010094,PS-EQ-09,2025-09-18,Correctiva,0.9,3,Sello mecánico,7388.0
OT-005894,PAR-007762,PS-EQ-02,2025-10-06,Correctiva,8.0,3,Rodamiento,1833.0
OT-005905,PAR-007778,PS-EQ-02,2025-12-26,Correctiva,12.9,2,Faja/correa,3693.0
OT-007423,PAR-009814,PS-EQ-08,2026-03-07,Preventiva,6.6,2,Sensor/instrumento,2328.0
OT-005541,PAR-007302,PS-EQ-01,2024-06-28,Correctiva,12.2,3,Ninguno (solo mano de obra),1545.0
OT-005790,PAR-007633,PS-EQ-02,2024-05-09,Correctiva,1.0,2,Ninguno (solo mano de obra),7677.0
OT-007736,PAR-010270,PS-EQ-10,2024-06-17,Correctiva,11.7,2,Sello mecánico,1098.0
OT-005685,PAR-007498,PS-EQ-01,2026-09-22,Preventiva,11.6,1,Sello mecánico,1466.0
OT-005995,PAR-007897,PS-EQ-02,2027-02-19,Preventiva,6.5,1,Revestimiento (liner),1899.0
OT-006105,PAR-008052,PS-EQ-03,2025-01-21,Correctiva,1.1,3,,7420.0
OT-006281,PAR-008286,PS-EQ-04,2024-07-29,Correctiva,7.2,2,Sensor/instrumento,3326.0
OT-006227,PAR-008218,PS-EQ-03,2027-09-15,Preventiva,6.4,1,Motor eléctrico,1747.0
OT-006685,PAR-008808,PS-EQ-05,2026-04-07,Preventiva,11.6,3,Sello mecánico,1514.0
OT-007498,PAR-009914,PS-EQ-08,2027-05-09,Preventiva,9.7,3,Sello mecánico,891.0
OT-007294,PAR-009653,PS-EQ-08,2024-06-13,Preventiva,4.8,3,Sello mecánico,577.0
OT-007284,PAR-009640,PS-EQ-08,2024-04-10,Correctiva,24.6,2,Revestimiento (liner),3703.0
OT-006310,PAR-008325,PS-EQ-04,2025-01-18,Correctiva,6.3,2,Sello mecánico,5325.0
OT-005602,PAR-007383,PS-EQ-01,2025-05-31,Correctiva,4.2,1,Sensor/instrumento,7436.0
OT-006964,PAR-009189,PS-EQ-06,2026-04-21,Correctiva,18.9,1,Rodamiento,1820.0
OT-006316,PAR-008333,PS-EQ-04,2025-02-06,Correctiva,2.5,1,Motor eléctrico,3499.0
OT-006113,PAR-008063,PS-EQ-03,2025-03-18,Preventiva,7.6,3,Rodamiento,179.0
OT-007882,PAR-010482,PS-EQ-10,2027-07-10,Preventiva,4.5,3,Motor eléctrico,566.0
OT-005596,PAR-007376,PS-EQ-01,2025-05-12,Preventiva,7.6,2,Revestimiento (liner),1525.0
OT-006339,PAR-008357,PS-EQ-04,2025-05-11,Preventiva,7.3,3,Ninguno (solo mano de obra),2283.0
OT-007484,PAR-009893,PS-EQ-08,2027-01-29,Correctiva,1.7,2,Revestimiento (liner),3262.0
OT-006506,PAR-008581,PS-EQ-04,2027-11-13,Correctiva,2.2,1,Faja/correa,4841.0
OT-006880,PAR-009086,PS-EQ-06,2025-03-09,Preventiva,6.7,3,Rodamiento,1642.0
OT-006338,PAR-008356,PS-EQ-04,2025-05-10,Correctiva,6.0,1,Rodamiento,1529.0
OT-006241,PAR-008240,PS-EQ-04,2024-01-07,Correctiva,18.8,2,Sello mecánico,3462.0
OT-007195,PAR-009511,PS-EQ-07,2026-06-18,Correctiva,8.5,2,Motor eléctrico,4770.0
OT-006159,PAR-008126,PS-EQ-03,2026-03-21,Preventiva,12.0,3,Sensor/instrumento,517.0
OT-007876,PAR-010475,PS-EQ-10,2027-05-20,Preventiva,10.6,3,Sello mecánico,1345.0
OT-005956,PAR-007846,PS-EQ-02,2026-08-31,Correctiva,3.6,1,Motor eléctrico,7341.0
OT-007101,PAR-009364,PS-EQ-07,2024-05-03,Correctiva,20.9,1,Sensor/instrumento,6177.0
OT-007900,PAR-010515,PS-EQ-10,2027-11-17,Correctiva,4.8,3,Rodamiento,4046.0
OT-006259,PAR-008260,PS-EQ-04,2024-04-06,Correctiva,0.4,3,Rodamiento,3166.0
OT-005977,PAR-007875,PS-EQ-02,2026-11-20,Preventiva,9.6,1,Rodamiento,495.0
OT-005801,PAR-007648,PS-EQ-02,2024-07-02,Correctiva,4.3,1,Sello mecánico,2400.0
OT-005575,PAR-007345,PS-EQ-01,2025-01-19,Preventiva,6.3,1,Sensor/instrumento,1004.0
OT-006033,PAR-007953,PS-EQ-02,2027-08-19,Preventiva,5.7,1,Sensor/instrumento,1691.0
OT-006607,PAR-008710,PS-EQ-05,2025-02-01,Preventiva,4.3,2,Rodamiento,1475.0
OT-007597,PAR-010061,PS-EQ-09,2025-04-28,Correctiva,6.0,1,Ninguno (solo mano de obra),1136.0
OT-006644,PAR-008755,PS-EQ-05,2025-09-13,Correctiva,6.4,2,Revestimiento (liner),3498.0
OT-006385,PAR-008419,PS-EQ-04,2026-02-24,Correctiva,6.4,2,Ninguno (solo mano de obra),3402.0
OT-005767,PAR-007608,PS-EQ-02,2024-01-17,Preventiva,7.7,3,Ninguno (solo mano de obra),526.0
OT-006844,PAR-009035,PS-EQ-06,2024-09-06,Correctiva,22.7,1,Faja/correa,7395.0
OT-005714,PAR-007539,PS-EQ-01,2027-03-03,Preventiva,7.0,2,Sensor/instrumento,367.0
OT-007120,PAR-009396,PS-EQ-07,2024-10-19,Preventiva,7.6,3,Motor eléctrico,312.0
OT-005720,PAR-007545,PS-EQ-01,2027-03-25,Preventiva,10.5,3,Rodamiento,709.0
OT-005793,PAR-007637,PS-EQ-02,2024-05-19,Correctiva,18.9,2,Rodamiento,3118.0
OT-007798,PAR-010365,PS-EQ-10,2025-10-19,Preventiva,12.0,2,Sensor/instrumento,963.0
OT-006290,PAR-008298,PS-EQ-04,2024-10-01,Correctiva,6.6,3,Sensor/instrumento,3301.0
OT-007517,PAR-009939,PS-EQ-08,2027-09-08,Preventiva,7.8,2,Ninguno (solo mano de obra),311.0
OT-005527,PAR-007286,PS-EQ-01,2024-03-31,Preventiva,8.8,2,Ninguno (solo mano de obra),1037.0
OT-007095,PAR-009355,PS-EQ-07,2024-03-08,Preventiva,5.2,1,Revestimiento (liner),593.0
OT-005648,PAR-007444,PS-EQ-01,2026-03-08,Preventiva,12.4,2,Ninguno (solo mano de obra),1961.0
OT-006747,PAR-008892,PS-EQ-05,2027-02-06,Correctiva,22.9,2,Ninguno (solo mano de obra),581.0
OT-005634,PAR-007426,PS-EQ-01,2025-12-21,Correctiva,16.1,2,Revestimiento (liner),6210.0
OT-006010,PAR-007919,PS-EQ-02,2027-05-05,Preventiva,7.8,1,Sello mecánico,1594.0
OT-006712,PAR-008850,PS-EQ-05,2026-08-31,Correctiva,3.0,2,Rodamiento,5000.0
OT-007740,PAR-010274,PS-EQ-10,2024-07-05,Correctiva,8.1,3,Rodamiento,1588.0
OT-007576,PAR-010028,PS-EQ-09,2024-11-30,Correctiva,0.9,3,Revestimiento (liner),5615.0
OT-007689,PAR-010196,PS-EQ-09,2027-04-13,Correctiva,5.2,2,Revestimiento (liner),5070.0
OT-005739,PAR-007572,PS-EQ-01,2027-07-29,Correctiva,14.2,3,Ninguno (solo mano de obra),4870.0
OT-006426,PAR-008475,PS-EQ-04,2026-09-16,Correctiva,0.6,1,Rodamiento,7619.0
OT-006280,PAR-008284,PS-EQ-04,2024-07-25,Preventiva,10.3,2,Sello mecánico,2280.0
OT-007401,PAR-009787,PS-EQ-08,2025-12-13,Correctiva,10.0,1,Rodamiento,2539.0
OT-005528,PAR-007287,PS-EQ-01,2024-03-31,Correctiva,3.7,1,Sensor/instrumento,2276.0
OT-005579,PAR-007349,PS-EQ-01,2025-02-05,Correctiva,5.5,1,Ninguno (solo mano de obra),76.0
OT-006774,PAR-008935,PS-EQ-05,2027-07-12,Preventiva,12.3,1,Sello mecánico,870.0
OT-006631,PAR-008739,PS-EQ-05,2025-07-06,Correctiva,2.4,2,Revestimiento (liner),5938.0
OT-007807,PAR-010376,PS-EQ-10,2025-12-11,Preventiva,9.3,1,Rodamiento,2431.0
OT-005702,PAR-007521,PS-EQ-01,2026-12-17,Correctiva,20.0,1,Revestimiento (liner),5210.0
OT-007500,PAR-009917,PS-EQ-08,2027-05-28,Correctiva,6.7,3,Faja/correa,2330.0
OT-006911,PAR-009122,PS-EQ-06,2025-08-19,Correctiva,2.3,1,Motor eléctrico,4545.0
OT-006349,PAR-008371,PS-EQ-04,2025-08-15,Correctiva,14.4,2,Sello mecánico,2455.0
OT-007488,PAR-009898,PS-EQ-08,2027-02-16,Correctiva,3.8,2,Sensor/instrumento,3303.0
OT-007462,PAR-009863,PS-EQ-08,2026-09-23,Correctiva,4.8,1,,1331.0
OT-007192,PAR-009508,PS-EQ-07,2026-06-07,Correctiva,2.2,1,Sensor/instrumento,308.0
OT-007759,PAR-010298,PS-EQ-10,2024-11-10,Correctiva,4.0,1,Sello mecánico,2275.0
OT-005985,PAR-007884,PS-EQ-02,2026-12-19,Correctiva,7.3,1,Sensor/instrumento,6107.0
OT-006027,PAR-007946,PS-EQ-02,2027-07-22,Correctiva,2.0,2,Revestimiento (liner),4720.0
OT-007472,PAR-009877,PS-EQ-08,2026-12-02,Correctiva,8.3,2,Rodamiento,6423.0
OT-006791,PAR-008965,PS-EQ-05,2027-11-11,Correctiva,22.5,2,Sensor/instrumento,3300.0
OT-005780,PAR-007622,PS-EQ-02,2024-03-28,Correctiva,0.5,3,Sensor/instrumento,1520.0
OT-007040,PAR-009289,PS-EQ-06,2027-06-28,Correctiva,1.7,3,Revestimiento (liner),5019.0
OT-006009,PAR-007918,PS-EQ-02,2027-05-04,Correctiva,7.3,3,Faja/correa,2028.0
OT-005531,PAR-007290,PS-EQ-01,2024-04-06,Correctiva,4.4,1,Ninguno (solo mano de obra),4670.0
OT-007907,PAR-010526,PS-EQ-10,2027-12-29,Correctiva,3.6,3,Revestimiento (liner),3545.0
OT-005656,PAR-007457,PS-EQ-01,2026-04-23,Correctiva,13.9,3,Sensor/instrumento,6324.0
OT-007292,PAR-009651,PS-EQ-08,2024-06-05,Correctiva,12.7,1,Revestimiento (liner),7284.0
OT-006677,PAR-008797,PS-EQ-05,2026-03-14,Correctiva,6.6,2,Faja/correa,1309.0
OT-005537,PAR-007297,PS-EQ-01,2024-05-26,Correctiva,5.8,1,Motor eléctrico,6369.0
OT-005746,PAR-007579,PS-EQ-01,2027-08-29,Correctiva,14.5,2,Motor eléctrico,7682.0
OT-005721,PAR-007546,PS-EQ-01,2027-03-25,Correctiva,14.5,2,Revestimiento (liner),2530.0
OT-006312,PAR-008329,PS-EQ-04,2025-01-22,Correctiva,2.5,1,Sensor/instrumento,4134.0
OT-005947,PAR-007835,PS-EQ-02,2026-07-22,Preventiva,5.9,1,Sensor/instrumento,2339.0
OT-007048,PAR-009299,PS-EQ-06,2027-08-06,Correctiva,2.8,1,Motor eléctrico,6153.0
OT-005599,PAR-007379,PS-EQ-01,2025-05-22,Correctiva,3.2,1,Sensor/instrumento,3653.0
OT-006843,PAR-009034,PS-EQ-06,2024-09-03,Correctiva,1.8,2,Revestimiento (liner),4214.0
OT-007605,PAR-010072,PS-EQ-09,2025-06-13,Correctiva,17.4,3,Sensor/instrumento,1046.0
OT-006647,PAR-008758,PS-EQ-05,2025-09-20,Preventiva,13.3,2,Sello mecánico,419.0
OT-006801,PAR-008978,PS-EQ-06,2024-01-14,Correctiva,21.6,2,Motor eléctrico,6416.0
OT-006233,PAR-008226,PS-EQ-03,2027-10-29,Correctiva,4.4,3,Sello mecánico,4905.0
OT-006562,PAR-008661,PS-EQ-05,2024-08-23,Correctiva,12.1,2,Sello mecánico,7464.0
OT-007346,PAR-009720,PS-EQ-08,2025-03-20,Correctiva,10.0,2,Faja/correa,3250.0
OT-007089,PAR-009348,PS-EQ-07,2024-02-06,Preventiva,7.9,2,Sello mecánico,1441.0
OT-006910,PAR-009120,PS-EQ-06,2025-08-06,Correctiva,9.9,2,Revestimiento (liner),4207.0
OT-007046,PAR-009296,PS-EQ-06,2027-08-02,Correctiva,2.3,2,Rodamiento,2147.0
OT-007526,PAR-009952,PS-EQ-08,2027-11-02,Correctiva,9.1,2,Sello mecánico,2609.0
OT-007311,PAR-009674,PS-EQ-08,2024-08-26,Correctiva,1.2,1,Motor eléctrico,6605.0
OT-007648,PAR-010136,PS-EQ-09,2026-05-26,Preventiva,4.7,2,Sensor/instrumento,1676.0
OT-007623,PAR-010098,PS-EQ-09,2025-10-02,Correctiva,5.3,2,Revestimiento (liner),4722.0
OT-006040,PAR-007962,PS-EQ-02,2027-09-12,Correctiva,8.2,3,Rodamiento,479.0
OT-006904,PAR-009113,PS-EQ-06,2025-07-23,Correctiva,8.2,3,,4550.0
OT-006796,PAR-008971,PS-EQ-05,2027-11-28,Correctiva,0.8,1,Motor eléctrico,7007.0
OT-006570,PAR-008669,PS-EQ-05,2024-10-02,Correctiva,11.3,3,Motor eléctrico,2513.0
OT-005805,PAR-007653,PS-EQ-02,2024-07-25,Correctiva,3.6,1,Sello mecánico,6076.0
OT-007709,PAR-010224,PS-EQ-09,2027-10-28,Preventiva,9.6,3,Faja/correa,959.0
OT-007591,PAR-010052,PS-EQ-09,2025-03-10,Correctiva,4.2,1,Revestimiento (liner),6078.0
OT-006130,PAR-008091,PS-EQ-03,2025-08-20,Preventiva,5.7,1,Sello mecánico,2076.0
OT-007471,PAR-009876,PS-EQ-08,2026-11-25,Correctiva,7.2,1,Faja/correa,2610.0
OT-007532,PAR-009964,PS-EQ-08,2027-12-18,Correctiva,4.5,1,Sensor/instrumento,2633.0
OT-006419,PAR-008465,PS-EQ-04,2026-07-30,Preventiva,12.0,1,Revestimiento (liner),100.0
OT-007456,PAR-009856,PS-EQ-08,2026-08-10,Preventiva,11.8,2,Motor eléctrico,1722.0
OT-006633,PAR-008742,PS-EQ-05,2025-07-17,Preventiva,5.5,1,Sensor/instrumento,1924.0
OT-005798,PAR-007642,PS-EQ-02,2024-06-05,Correctiva,12.7,2,Faja/correa,1813.0
OT-006234,PAR-008229,PS-EQ-03,2027-11-08,Preventiva,9.3,3,Ninguno (solo mano de obra),990.0
OT-005974,PAR-007870,PS-EQ-02,2026-11-09,Correctiva,1.2,1,Sello mecánico,3697.0
OT-006305,PAR-008318,PS-EQ-04,2024-12-20,Correctiva,4.2,3,Motor eléctrico,855.0
OT-006035,PAR-007955,PS-EQ-02,2027-08-21,Correctiva,4.7,2,Ninguno (solo mano de obra),2665.0
OT-007846,PAR-010432,PS-EQ-10,2026-10-14,Correctiva,23.9,3,Rodamiento,3620.0
OT-007827,PAR-010404,PS-EQ-10,2026-05-14,Correctiva,0.7,3,Revestimiento (liner),3350.0
OT-006309,PAR-008323,PS-EQ-04,2025-01-09,Correctiva,6.5,3,Revestimiento (liner),4932.0
OT-006974,PAR-009200,PS-EQ-06,2026-06-28,Correctiva,13.4,3,Rodamiento,753.0
OT-007445,PAR-009841,PS-EQ-08,2026-06-29,Correctiva,5.2,2,Ninguno (solo mano de obra),3001.0
OT-006831,PAR-009019,PS-EQ-06,2024-07-04,Correctiva,2.3,1,Revestimiento (liner),3815.0
OT-005886,PAR-007752,PS-EQ-02,2025-09-04,Correctiva,0.7,1,Faja/correa,5759.0
OT-005888,PAR-007755,PS-EQ-02,2025-09-19,Correctiva,1.7,1,Revestimiento (liner),5217.0
OT-006640,PAR-008750,PS-EQ-05,2025-08-26,Correctiva,2.7,1,Rodamiento,7458.0
OT-005971,PAR-007867,PS-EQ-02,2026-10-29,Preventiva,4.8,2,Rodamiento,2021.0
OT-005742,PAR-007575,PS-EQ-01,2027-08-07,Correctiva,9.8,1,Motor eléctrico,7701.0
OT-006219,PAR-008206,PS-EQ-03,2027-07-03,Correctiva,14.2,2,Rodamiento,6028.0
OT-007824,PAR-010398,PS-EQ-10,2026-04-18,Preventiva,9.9,3,Rodamiento,791.0
OT-006552,PAR-008647,PS-EQ-05,2024-07-01,Correctiva,3.5,1,Sello mecánico,6607.0
OT-006138,PAR-008101,PS-EQ-03,2025-10-05,Preventiva,4.3,1,Rodamiento,2329.0
OT-006544,PAR-008632,PS-EQ-05,2024-05-03,Correctiva,3.7,3,Motor eléctrico,1223.0
OT-005620,PAR-007405,PS-EQ-01,2025-10-14,Correctiva,18.1,2,Sello mecánico,5047.0
OT-007870,PAR-010467,PS-EQ-10,2027-04-30,Correctiva,2.2,2,Motor eléctrico,6836.0
OT-006982,PAR-009210,PS-EQ-06,2026-08-09,Correctiva,7.7,3,Rodamiento,6882.0
OT-006724,PAR-008863,PS-EQ-05,2026-10-23,Correctiva,20.1,2,Sello mecánico,3480.0
OT-006884,PAR-009091,PS-EQ-06,2025-03-25,Preventiva,10.8,3,Motor eléctrico,834.0
OT-005700,PAR-007519,PS-EQ-01,2026-12-15,Correctiva,15.8,3,Motor eléctrico,1566.0
OT-005816,PAR-007664,PS-EQ-02,2024-09-20,Preventiva,9.4,3,Sello mecánico,2433.0
OT-007378,PAR-009759,PS-EQ-08,2025-08-17,Correctiva,23.8,2,Faja/correa,6154.0
OT-006320,PAR-008337,PS-EQ-04,2025-02-26,Preventiva,6.1,2,Sello mecánico,1049.0
OT-006078,PAR-008013,PS-EQ-03,2024-05-21,Correctiva,8.9,2,Rodamiento,102.0
OT-006919,PAR-009133,PS-EQ-06,2025-09-22,Preventiva,8.0,3,Rodamiento,1900.0
OT-007308,PAR-009671,PS-EQ-08,2024-08-12,Correctiva,14.2,3,Ninguno (solo mano de obra),6524.0
OT-006942,PAR-009159,PS-EQ-06,2026-01-12,Correctiva,24.9,1,Sensor/instrumento,2970.0
OT-007341,PAR-009714,PS-EQ-08,2025-02-17,Correctiva,7.9,1,Rodamiento,4837.0
OT-005691,PAR-007507,PS-EQ-01,2026-11-08,Correctiva,0.7,3,Sensor/instrumento,6973.0
OT-005657,PAR-007458,PS-EQ-01,2026-04-28,Preventiva,5.2,2,Sello mecánico,127.0
OT-007333,PAR-009705,PS-EQ-08,2025-01-17,Preventiva,6.5,3,Ninguno (solo mano de obra),299.0
OT-007434,PAR-009825,PS-EQ-08,2026-04-15,Correctiva,16.3,3,Revestimiento (liner),6386.0
OT-006695,PAR-008824,PS-EQ-05,2026-05-28,Preventiva,7.7,2,Ninguno (solo mano de obra),1932.0
OT-007293,PAR-009652,PS-EQ-08,2024-06-11,Correctiva,7.3,3,Revestimiento (liner),6033.0
OT-007220,PAR-009544,PS-EQ-07,2026-12-23,Correctiva,13.3,2,Sensor/instrumento,2217.0
OT-007657,PAR-010148,PS-EQ-09,2026-08-13,Preventiva,7.9,3,Motor eléctrico,1410.0
OT-007757,PAR-010293,PS-EQ-10,2024-10-20,Preventiva,9.0,2,Revestimiento (liner),797.0
OT-007556,PAR-010000,PS-EQ-09,2024-06-29,Preventiva,9.0,2,Ninguno (solo mano de obra),972.0
OT-006021,PAR-007935,PS-EQ-02,2027-06-27,Correctiva,9.1,1,Faja/correa,3211.0
OT-006931,PAR-009145,PS-EQ-06,2025-11-20,Preventiva,10.4,2,Rodamiento,758.0
OT-006846,PAR-009038,PS-EQ-06,2024-09-10,Correctiva,7.1,2,Revestimiento (liner),6275.0
OT-006034,PAR-007954,PS-EQ-02,2027-08-19,Correctiva,8.9,3,Sello mecánico,7401.0
OT-005625,PAR-007412,PS-EQ-01,2025-10-28,Preventiva,6.3,2,Sello mecánico,1780.0
OT-007845,PAR-010431,PS-EQ-10,2026-10-12,Correctiva,2.8,3,Motor eléctrico,2959.0
OT-006548,PAR-008639,PS-EQ-05,2024-05-31,Correctiva,17.7,3,Ninguno (solo mano de obra),2791.0
OT-007769,PAR-010314,PS-EQ-10,2025-01-11,Correctiva,11.4,2,Ninguno (solo mano de obra),4028.0
OT-006630,PAR-008738,PS-EQ-05,2025-07-01,Preventiva,8.1,3,Rodamiento,1336.0
OT-006186,PAR-008162,PS-EQ-03,2026-11-10,Correctiva,23.5,3,Rodamiento,5477.0
OT-006504,PAR-008578,PS-EQ-04,2027-10-31,Correctiva,2.1,1,Sello mecánico,7593.0
OT-006398,PAR-008436,PS-EQ-04,2026-04-20,Correctiva,12.9,2,Revestimiento (liner),4410.0
OT-006611,PAR-008715,PS-EQ-05,2025-03-16,Correctiva,1.8,3,Rodamiento,1506.0
OT-006660,PAR-008776,PS-EQ-05,2025-12-10,Preventiva,5.2,3,Sensor/instrumento,670.0
OT-006968,PAR-009194,PS-EQ-06,2026-05-19,Correctiva,3.2,1,Ninguno (solo mano de obra),6273.0
OT-006609,PAR-008712,PS-EQ-05,2025-02-24,Preventiva,9.1,1,Motor eléctrico,117.0
OT-007881,PAR-010481,PS-EQ-10,2027-06-26,Correctiva,6.8,1,Rodamiento,5351.0
OT-007828,PAR-010406,PS-EQ-10,2026-05-27,Preventiva,4.1,2,Faja/correa,2282.0
OT-006936,PAR-009152,PS-EQ-06,2025-12-24,Preventiva,8.9,3,Faja/correa,2145.0
OT-006949,PAR-009167,PS-EQ-06,2026-02-08,Correctiva,12.7,3,Revestimiento (liner),975.0
OT-006582,PAR-008684,PS-EQ-05,2024-11-18,Correctiva,1.5,1,Ninguno (solo mano de obra),4460.0
OT-006858,PAR-009055,PS-EQ-06,2024-11-12,Correctiva,1.6,3,Sello mecánico,2770.0
OT-007733,PAR-010264,PS-EQ-10,2024-05-04,Correctiva,2.7,3,Motor eléctrico,2448.0
OT-006967,PAR-009192,PS-EQ-06,2026-05-15,Correctiva,19.5,1,Motor eléctrico,4620.0
OT-005810,PAR-007658,PS-EQ-02,2024-08-12,Preventiva,8.3,1,Sensor/instrumento,850.0
OT-007098,PAR-009358,PS-EQ-07,2024-03-29,Preventiva,11.2,2,Sello mecánico,830.0
OT-007485,PAR-009894,PS-EQ-08,2027-02-05,Correctiva,2.6,2,Sensor/instrumento,455.0
OT-007790,PAR-010347,PS-EQ-10,2025-07-29,Correctiva,0.7,1,Rodamiento,7519.0
OT-005788,PAR-007631,PS-EQ-02,2024-04-30,Preventiva,9.2,3,Ninguno (solo mano de obra),2265.0
OT-006156,PAR-008123,PS-EQ-03,2026-02-28,Preventiva,5.7,3,Motor eléctrico,119.0
OT-006449,PAR-008507,PS-EQ-04,2027-01-04,Correctiva,18.3,3,Ninguno (solo mano de obra),332.0
OT-005962,PAR-007853,PS-EQ-02,2026-09-24,Correctiva,3.2,2,,7122.0
OT-005928,PAR-007808,PS-EQ-02,2026-04-23,Correctiva,13.2,1,Rodamiento,5523.0
OT-007337,PAR-009710,PS-EQ-08,2025-02-08,Preventiva,12.5,1,Revestimiento (liner),2358.0
OT-007134,PAR-009414,PS-EQ-07,2025-02-26,Preventiva,5.4,2,Faja/correa,1994.0
OT-005931,PAR-007812,PS-EQ-02,2026-05-01,Correctiva,5.9,2,Motor eléctrico,2616.0
OT-007065,PAR-009323,PS-EQ-06,2027-11-01,Correctiva,31.3,3,Rodamiento,1241.0
OT-006334,PAR-008352,PS-EQ-04,2025-04-26,Preventiva,9.0,1,Revestimiento (liner),1980.0
OT-006705,PAR-008838,PS-EQ-05,2026-08-04,Correctiva,2.8,1,Rodamiento,3785.0
OT-005967,PAR-007860,PS-EQ-02,2026-10-07,Correctiva,2.0,3,Faja/correa,7813.0
OT-006420,PAR-008467,PS-EQ-04,2026-08-02,Correctiva,14.4,1,Rodamiento,5123.0
OT-007077,PAR-009335,PS-EQ-06,2027-12-19,Correctiva,12.0,2,Sensor/instrumento,5838.0
OT-007386,PAR-009768,PS-EQ-08,2025-10-04,Preventiva,7.2,2,Rodamiento,834.0
OT-005889,PAR-007756,PS-EQ-02,2025-09-20,Correctiva,10.2,2,Ninguno (solo mano de obra),4651.0
OT-007720,PAR-010241,PS-EQ-10,2024-01-16,Correctiva,17.6,1,Motor eléctrico,910.0
OT-006993,PAR-009226,PS-EQ-06,2026-10-15,Preventiva,6.1,3,Motor eléctrico,1663.0
OT-005628,PAR-007418,PS-EQ-01,2025-11-16,Preventiva,8.3,2,Revestimiento (liner),1361.0
OT-007392,PAR-009774,PS-EQ-08,2025-10-28,Correctiva,27.2,1,Ninguno (solo mano de obra),5709.0
OT-007137,PAR-009419,PS-EQ-07,2025-04-01,Correctiva,8.3,1,Faja/correa,913.0
OT-007271,PAR-009619,PS-EQ-08,2024-01-20,Preventiva,4.0,2,Ninguno (solo mano de obra),1918.0
OT-007300,PAR-009661,PS-EQ-08,2024-07-16,Preventiva,8.5,1,Revestimiento (liner),168.0
OT-005773,PAR-007615,PS-EQ-02,2024-02-12,Correctiva,9.6,1,Revestimiento (liner),3689.0
OT-005902,PAR-007774,PS-EQ-02,2025-12-07,Preventiva,5.4,3,Sensor/instrumento,2150.0
OT-007239,PAR-009572,PS-EQ-07,2027-06-03,Correctiva,2.6,3,,1101.0
OT-005900,PAR-007771,PS-EQ-02,2025-11-22,Preventiva,3.9,1,Sello mecánico,1884.0
OT-006683,PAR-008806,PS-EQ-05,2026-04-01,Correctiva,9.6,3,Sensor/instrumento,3527.0
OT-006422,PAR-008469,PS-EQ-04,2026-08-19,Preventiva,7.0,2,Rodamiento,834.0
OT-006222,PAR-008212,PS-EQ-03,2027-08-13,Preventiva,10.7,1,Revestimiento (liner),802.0
OT-007836,PAR-010416,PS-EQ-10,2026-08-03,Preventiva,6.7,3,Faja/correa,2065.0
OT-006593,PAR-008695,PS-EQ-05,2024-12-23,Correctiva,19.2,2,Sensor/instrumento,1950.0
OT-007232,PAR-009560,PS-EQ-07,2027-03-09,Correctiva,18.0,3,Revestimiento (liner),1910.0
OT-005915,PAR-007791,PS-EQ-02,2026-02-11,Correctiva,3.5,2,Sensor/instrumento,5147.0
OT-005611,PAR-007395,PS-EQ-01,2025-08-13,Preventiva,6.4,1,Faja/correa,1611.0
OT-006507,PAR-008582,PS-EQ-04,2027-11-14,Correctiva,21.8,3,Rodamiento,7814.0
OT-006813,PAR-008994,PS-EQ-06,2024-04-19,Preventiva,7.9,3,Rodamiento,63.0
OT-007332,PAR-009703,PS-EQ-08,2024-12-29,Correctiva,1.9,3,Sello mecánico,5092.0
OT-006638,PAR-008748,PS-EQ-05,2025-08-16,Correctiva,9.5,3,Revestimiento (liner),4814.0
OT-007177,PAR-009483,PS-EQ-07,2026-02-11,Correctiva,4.1,3,Rodamiento,2444.0
OT-007831,PAR-010410,PS-EQ-10,2026-06-17,Correctiva,1.7,3,Rodamiento,1819.0
OT-007467,PAR-009870,PS-EQ-08,2026-10-31,Preventiva,5.9,2,Sensor/instrumento,868.0
OT-005911,PAR-007785,PS-EQ-02,2026-01-28,Correctiva,7.2,1,Faja/correa,7322.0
OT-006517,PAR-008597,PS-EQ-04,2027-12-27,Preventiva,7.4,2,Revestimiento (liner),2253.0
OT-006908,PAR-009118,PS-EQ-06,2025-08-03,Correctiva,1.0,2,Sensor/instrumento,5476.0
OT-006889,PAR-009096,PS-EQ-06,2025-04-20,Correctiva,0.7,1,Faja/correa,5044.0
OT-005633,PAR-007423,PS-EQ-01,2025-12-16,Correctiva,1.2,1,Sello mecánico,284.0
OT-006997,PAR-009232,PS-EQ-06,2026-10-30,Correctiva,17.5,2,Rodamiento,3428.0
OT-007442,PAR-009837,PS-EQ-08,2026-06-09,Correctiva,5.2,2,Motor eléctrico,1826.0
OT-007357,PAR-009734,PS-EQ-08,2025-05-14,Correctiva,4.0,2,Sensor/instrumento,4349.0
OT-006492,PAR-008562,PS-EQ-04,2027-08-27,Correctiva,3.6,2,Sensor/instrumento,7016.0
OT-005815,PAR-007663,PS-EQ-02,2024-09-06,Correctiva,0.5,2,Sensor/instrumento,3300.0
OT-005522,PAR-007280,PS-EQ-01,2024-03-11,Correctiva,16.5,1,Revestimiento (liner),2363.0
OT-007598,PAR-010062,PS-EQ-09,2025-04-30,Preventiva,8.3,1,Sello mecánico,1170.0
OT-006741,PAR-008885,PS-EQ-05,2027-01-16,Correctiva,3.1,2,Sello mecánico,2279.0
OT-006860,PAR-009057,PS-EQ-06,2024-11-21,Preventiva,7.5,3,Faja/correa,2482.0
OT-006288,PAR-008295,PS-EQ-04,2024-09-19,Preventiva,9.9,2,Rodamiento,2459.0
OT-007320,PAR-009688,PS-EQ-08,2024-11-03,Correctiva,25.2,2,Rodamiento,6635.0
OT-006810,PAR-008990,PS-EQ-06,2024-03-30,Preventiva,5.6,3,Faja/correa,1146.0
OT-007838,PAR-010418,PS-EQ-10,2026-08-23,Preventiva,5.4,1,Revestimiento (liner),2221.0
OT-007226,PAR-009554,PS-EQ-07,2027-02-13,Preventiva,5.5,3,Revestimiento (liner),1828.0
OT-007149,PAR-009439,PS-EQ-07,2025-07-13,Preventiva,6.2,2,Revestimiento (liner),1727.0
OT-007859,PAR-010450,PS-EQ-10,2027-02-05,Correctiva,5.4,1,Motor eléctrico,6078.0
OT-007125,PAR-009401,PS-EQ-07,2024-12-08,Preventiva,7.6,2,Revestimiento (liner),2029.0
OT-005925,PAR-007805,PS-EQ-02,2026-04-10,Correctiva,2.7,3,Revestimiento (liner),561.0
OT-007696,PAR-010205,PS-EQ-09,2027-05-30,Correctiva,3.7,3,Revestimiento (liner),3702.0
OT-006580,PAR-008682,PS-EQ-05,2024-11-09,Correctiva,21.1,3,Sello mecánico,962.0
OT-007208,PAR-009528,PS-EQ-07,2026-09-27,Correctiva,1.9,1,Faja/correa,6512.0
OT-005516,PAR-007273,PS-EQ-01,2024-02-09,Correctiva,15.2,1,Revestimiento (liner),1803.0
OT-006584,PAR-008686,PS-EQ-05,2024-11-22,Correctiva,11.1,3,Sensor/instrumento,6326.0
OT-006077,PAR-008012,PS-EQ-03,2024-05-21,Preventiva,6.4,2,Motor eléctrico,690.0
OT-005944,PAR-007829,PS-EQ-02,2026-06-29,Preventiva,8.0,1,Revestimiento (liner),1901.0
OT-005789,PAR-007632,PS-EQ-02,2024-05-02,Correctiva,0.6,3,Sello mecánico,6691.0
OT-006460,PAR-008519,PS-EQ-04,2027-03-05,Correctiva,7.1,1,Motor eléctrico,6285.0
OT-007221,PAR-009545,PS-EQ-07,2027-01-04,Preventiva,5.5,1,Faja/correa,230.0
OT-005941,PAR-007826,PS-EQ-02,2026-06-10,Correctiva,5.3,2,Sensor/instrumento,5625.0
OT-005814,PAR-007662,PS-EQ-02,2024-09-03,Preventiva,6.8,3,Sello mecánico,258.0
OT-005600,PAR-007381,PS-EQ-01,2025-05-26,Preventiva,7.7,2,Sello mecánico,607.0
OT-007880,PAR-010480,PS-EQ-10,2027-06-24,Preventiva,10.5,1,Motor eléctrico,1443.0
OT-007407,PAR-009794,PS-EQ-08,2026-01-02,Correctiva,23.7,1,Rodamiento,7878.0
OT-005822,PAR-007671,PS-EQ-02,2024-10-25,Correctiva,29.6,2,Sello mecánico,1282.0
OT-006141,PAR-008104,PS-EQ-03,2025-10-26,Correctiva,9.2,3,Faja/correa,4950.0
OT-006545,PAR-008635,PS-EQ-05,2024-05-18,Preventiva,8.3,3,Faja/correa,1130.0
OT-006209,PAR-008189,PS-EQ-03,2027-04-13,Preventiva,9.3,2,Rodamiento,952.0
OT-005592,PAR-007371,PS-EQ-01,2025-04-24,Correctiva,6.0,3,,4417.0
OT-007374,PAR-009755,PS-EQ-08,2025-07-19,Correctiva,6.7,3,Sensor/instrumento,6679.0
OT-005901,PAR-007772,PS-EQ-02,2025-11-22,Correctiva,2.5,3,Revestimiento (liner),5652.0
OT-006459,PAR-008518,PS-EQ-04,2027-03-04,Correctiva,5.7,1,Ninguno (solo mano de obra),104.0
OT-007449,PAR-009845,PS-EQ-08,2026-07-05,Correctiva,3.1,1,Faja/correa,5709.0
OT-005627,PAR-007416,PS-EQ-01,2025-11-11,Correctiva,4.5,1,Sensor/instrumento,5194.0
OT-007592,PAR-010054,PS-EQ-09,2025-03-20,Preventiva,6.2,1,Sello mecánico,1429.0
OT-005641,PAR-007437,PS-EQ-01,2026-01-28,Correctiva,11.4,2,Faja/correa,7760.0
OT-007350,PAR-009726,PS-EQ-08,2025-04-28,Correctiva,13.4,2,Motor eléctrico,5743.0
OT-007668,PAR-010166,PS-EQ-09,2026-11-09,Correctiva,2.8,2,Motor eléctrico,6650.0
OT-006107,PAR-008055,PS-EQ-03,2025-02-02,Correctiva,3.5,1,Ninguno (solo mano de obra),7060.0
OT-005855,PAR-007715,PS-EQ-02,2025-04-07,Correctiva,6.6,1,Rodamiento,7570.0
OT-005887,PAR-007754,PS-EQ-02,2025-09-07,Preventiva,8.2,2,Motor eléctrico,1455.0
OT-006474,PAR-008537,PS-EQ-04,2027-04-23,Preventiva,9.8,3,Sello mecánico,1698.0
OT-007197,PAR-009513,PS-EQ-07,2026-06-26,Correctiva,0.7,2,Sensor/instrumento,4431.0
OT-006572,PAR-008671,PS-EQ-05,2024-10-07,Correctiva,20.1,2,Revestimiento (liner),1106.0
OT-006313,PAR-008330,PS-EQ-04,2025-01-24,Correctiva,3.9,2,Ninguno (solo mano de obra),6434.0
OT-006018,PAR-007931,PS-EQ-02,2027-06-14,Correctiva,2.0,2,Rodamiento,338.0
OT-007614,PAR-010085,PS-EQ-09,2025-08-18,Correctiva,4.2,3,Revestimiento (liner),6038.0
OT-005606,PAR-007389,PS-EQ-01,2025-07-08,Correctiva,12.8,3,Sensor/instrumento,4280.0
OT-007793,PAR-010353,PS-EQ-10,2025-08-26,Preventiva,5.8,3,Faja/correa,188.0
OT-006011,PAR-007921,PS-EQ-02,2027-05-09,Correctiva,26.8,3,Ninguno (solo mano de obra),3926.0
OT-005609,PAR-007393,PS-EQ-01,2025-07-24,Preventiva,4.2,3,Sello mecánico,2369.0
OT-005946,PAR-007832,PS-EQ-02,2026-07-14,Correctiva,9.4,1,Sello mecánico,2689.0
OT-006429,PAR-008478,PS-EQ-04,2026-10-09,Preventiva,5.6,1,Ninguno (solo mano de obra),1957.0
OT-007656,PAR-010147,PS-EQ-09,2026-08-02,Correctiva,9.1,2,Faja/correa,1882.0
OT-007788,PAR-010344,PS-EQ-10,2025-07-17,Preventiva,9.8,1,Motor eléctrico,660.0
OT-006575,PAR-008674,PS-EQ-05,2024-10-13,Preventiva,6.9,1,Ninguno (solo mano de obra),1818.0
OT-006581,PAR-008683,PS-EQ-05,2024-11-17,Preventiva,5.9,1,Sensor/instrumento,1102.0
OT-006355,PAR-008377,PS-EQ-04,2025-08-25,Preventiva,5.9,2,Motor eléctrico,1755.0
OT-006555,PAR-008652,PS-EQ-05,2024-07-21,Preventiva,11.8,3,Sensor/instrumento,1113.0
OT-007542,PAR-009977,PS-EQ-09,2024-02-16,Correctiva,1.9,3,Motor eléctrico,7217.0
OT-006365,PAR-008389,PS-EQ-04,2025-10-25,Correctiva,5.4,3,Faja/correa,6902.0
OT-006760,PAR-008912,PS-EQ-05,2027-04-23,Preventiva,7.3,2,Motor eléctrico,1166.0
OT-007778,PAR-010326,PS-EQ-10,2025-03-24,Preventiva,5.2,1,Motor eléctrico,245.0
OT-007288,PAR-009645,PS-EQ-08,2024-05-14,Preventiva,9.7,3,Ninguno (solo mano de obra),359.0
OT-005613,PAR-007397,PS-EQ-01,2025-08-26,Correctiva,4.9,2,Faja/correa,340.0
OT-006273,PAR-008276,PS-EQ-04,2024-06-23,Correctiva,0.8,1,Motor eléctrico,7931.0
OT-007669,PAR-010168,PS-EQ-09,2026-11-16,Correctiva,19.9,2,Revestimiento (liner),1935.0
OT-007753,PAR-010289,PS-EQ-10,2024-09-29,Preventiva,3.6,3,Ninguno (solo mano de obra),1044.0
OT-007693,PAR-010201,PS-EQ-09,2027-05-04,Preventiva,11.1,1,Ninguno (solo mano de obra),1964.0
OT-007172,PAR-009478,PS-EQ-07,2026-01-24,Correctiva,8.7,3,Faja/correa,1441.0
OT-006323,PAR-008340,PS-EQ-04,2025-03-16,Correctiva,19.3,3,Motor eléctrico,2389.0
OT-007044,PAR-009293,PS-EQ-06,2027-07-22,Correctiva,23.4,2,Motor eléctrico,3851.0
OT-005747,PAR-007580,PS-EQ-01,2027-08-31,Preventiva,9.6,2,Rodamiento,1159.0
OT-007043,PAR-009292,PS-EQ-06,2027-07-11,Correctiva,13.1,2,Motor eléctrico,2592.0
OT-007767,PAR-010309,PS-EQ-10,2024-12-21,Correctiva,4.0,3,Rodamiento,6383.0
OT-006220,PAR-008208,PS-EQ-03,2027-07-08,Preventiva,5.1,1,Ninguno (solo mano de obra),1066.0
OT-006327,PAR-008345,PS-EQ-04,2025-04-01,Correctiva,2.8,2,Ninguno (solo mano de obra),249.0
OT-007214,PAR-009536,PS-EQ-07,2026-11-17,Correctiva,1.0,1,Motor eléctrico,4496.0
OT-007777,PAR-010325,PS-EQ-10,2025-03-15,Correctiva,2.5,3,Motor eléctrico,5833.0
OT-006947,PAR-009164,PS-EQ-06,2026-02-01,Correctiva,5.7,3,Faja/correa,5247.0
OT-006238,PAR-008235,PS-EQ-03,2027-12-11,Correctiva,1.9,2,Rodamiento,6140.0
OT-006240,PAR-008238,PS-EQ-03,2027-12-24,Correctiva,3.6,1,Sello mecánico,2237.0
OT-007850,PAR-010436,PS-EQ-10,2026-11-27,Correctiva,9.0,3,Rodamiento,7436.0
OT-005556,PAR-007320,PS-EQ-01,2024-09-19,Correctiva,8.4,3,Faja/correa,159.0
OT-005881,PAR-007745,PS-EQ-02,2025-07-22,Correctiva,7.5,3,,4988.0
OT-007317,PAR-009682,PS-EQ-08,2024-10-13,Preventiva,5.2,3,Revestimiento (liner),559.0
OT-006203,PAR-008182,PS-EQ-03,2027-03-06,Correctiva,11.6,3,Rodamiento,555.0
OT-005663,PAR-007465,PS-EQ-01,2026-05-20,Correctiva,4.8,3,Faja/correa,6683.0
OT-007889,PAR-010497,PS-EQ-10,2027-09-03,Correctiva,1.0,1,Rodamiento,5597.0
OT-007113,PAR-009384,PS-EQ-07,2024-08-15,Correctiva,10.6,2,Rodamiento,800.0
OT-007286,PAR-009642,PS-EQ-08,2024-04-22,Correctiva,6.7,1,Ninguno (solo mano de obra),4802.0
OT-006926,PAR-009140,PS-EQ-06,2025-10-29,Correctiva,4.0,2,Revestimiento (liner),4475.0
OT-007013,PAR-009254,PS-EQ-06,2027-01-28,Correctiva,1.6,2,Rodamiento,1572.0
OT-005799,PAR-007644,PS-EQ-02,2024-06-17,Preventiva,9.3,2,Faja/correa,1193.0
OT-006992,PAR-009224,PS-EQ-06,2026-10-04,Correctiva,4.4,2,Ninguno (solo mano de obra),3961.0
OT-007071,PAR-009329,PS-EQ-06,2027-11-23,Correctiva,29.4,3,Revestimiento (liner),5271.0
OT-007352,PAR-009729,PS-EQ-08,2025-05-02,Preventiva,10.3,2,Faja/correa,432.0
OT-007160,PAR-009454,PS-EQ-07,2025-09-12,Correctiva,7.8,3,Faja/correa,1630.0
OT-006494,PAR-008564,PS-EQ-04,2027-09-01,Correctiva,22.6,3,Sello mecánico,4507.0
OT-006043,PAR-007966,PS-EQ-02,2027-10-10,Correctiva,3.4,3,Faja/correa,816.0
OT-007181,PAR-009492,PS-EQ-07,2026-03-12,Correctiva,18.6,1,Ninguno (solo mano de obra),6909.0
OT-005865,PAR-007727,PS-EQ-02,2025-05-14,Correctiva,5.0,3,Rodamiento,7614.0
OT-006204,PAR-008183,PS-EQ-03,2027-03-11,Correctiva,3.3,1,Ninguno (solo mano de obra),2075.0
OT-007469,PAR-009873,PS-EQ-08,2026-11-16,Preventiva,11.8,3,Rodamiento,735.0
OT-006590,PAR-008692,PS-EQ-05,2024-12-14,Correctiva,5.0,1,Ninguno (solo mano de obra),6653.0
OT-005989,PAR-007888,PS-EQ-02,2026-12-30,Correctiva,3.5,3,Sello mecánico,3265.0
OT-007589,PAR-010048,PS-EQ-09,2025-02-25,Correctiva,4.9,2,Sello mecánico,629.0
OT-005569,PAR-007338,PS-EQ-01,2024-12-01,Correctiva,4.6,3,Rodamiento,2296.0
OT-005689,PAR-007503,PS-EQ-01,2026-10-24,Correctiva,3.6,3,Sensor/instrumento,854.0
OT-006684,PAR-008807,PS-EQ-05,2026-04-04,Correctiva,1.6,1,Motor eléctrico,6164.0
OT-007823,PAR-010397,PS-EQ-10,2026-04-17,Correctiva,8.0,3,Revestimiento (liner),1986.0
OT-006643,PAR-008754,PS-EQ-05,2025-09-10,Correctiva,0.6,3,Faja/correa,4175.0
OT-006030,PAR-007949,PS-EQ-02,2027-08-01,Correctiva,1.4,3,Faja/correa,3921.0
OT-007115,PAR-009386,PS-EQ-07,2024-08-20,Correctiva,2.8,3,Sello mecánico,44.0
OT-005695,PAR-007513,PS-EQ-01,2026-11-25,Correctiva,5.8,1,Sensor/instrumento,1553.0
OT-006739,PAR-008883,PS-EQ-05,2027-01-12,Correctiva,0.5,2,Motor eléctrico,2211.0
OT-006608,PAR-008711,PS-EQ-05,2025-02-23,Correctiva,9.8,2,Sensor/instrumento,3078.0
OT-007539,PAR-009973,PS-EQ-09,2024-01-30,Correctiva,2.9,2,Sensor/instrumento,2486.0
OT-006182,PAR-008158,PS-EQ-03,2026-10-15,Correctiva,3.7,3,Sello mecánico,5517.0
OT-006283,PAR-008289,PS-EQ-04,2024-08-22,Correctiva,0.7,1,Sensor/instrumento,3738.0
OT-007872,PAR-010471,PS-EQ-10,2027-05-08,Correctiva,2.3,3,Ninguno (solo mano de obra),7025.0
OT-005777,PAR-007619,PS-EQ-02,2024-02-29,Correctiva,2.2,1,Ninguno (solo mano de obra),1534.0
OT-007547,PAR-009983,PS-EQ-09,2024-03-14,Preventiva,8.5,1,Faja/correa,1493.0
OT-007072,PAR-009330,PS-EQ-06,2027-11-27,Correctiva,1.4,2,Rodamiento,2613.0
OT-007770,PAR-010316,PS-EQ-10,2025-01-20,Preventiva,12.8,1,Motor eléctrico,2155.0
OT-007398,PAR-009782,PS-EQ-08,2025-12-01,Correctiva,4.8,1,Rodamiento,5416.0
OT-006532,PAR-008616,PS-EQ-05,2024-03-14,Correctiva,5.3,1,Sello mecánico,5110.0
OT-006055,PAR-007980,PS-EQ-02,2027-12-08,Preventiva,5.1,2,Motor eléctrico,1069.0
OT-006319,PAR-008336,PS-EQ-04,2025-02-25,Correctiva,10.5,1,Ninguno (solo mano de obra),3185.0
OT-005914,PAR-007790,PS-EQ-02,2026-02-09,Correctiva,5.0,2,Faja/correa,1207.0
OT-006976,PAR-009202,PS-EQ-06,2026-07-12,Preventiva,5.9,1,Motor eléctrico,1003.0
OT-005860,PAR-007721,PS-EQ-02,2025-04-27,Correctiva,4.5,2,Sensor/instrumento,6184.0
OT-007655,PAR-010145,PS-EQ-09,2026-07-24,Correctiva,8.7,3,Ninguno (solo mano de obra),5517.0
OT-005878,PAR-007742,PS-EQ-02,2025-07-17,Correctiva,29.9,1,Faja/correa,4552.0
OT-007768,PAR-010313,PS-EQ-10,2025-01-06,Preventiva,11.0,3,,267.0
OT-007402,PAR-009788,PS-EQ-08,2025-12-18,Correctiva,6.7,3,Motor eléctrico,3494.0
OT-005859,PAR-007720,PS-EQ-02,2025-04-23,Preventiva,6.9,1,Sello mecánico,858.0
OT-005825,PAR-007676,PS-EQ-02,2024-11-14,Correctiva,10.5,2,Sello mecánico,4377.0
OT-006637,PAR-008747,PS-EQ-05,2025-08-09,Correctiva,15.2,2,Revestimiento (liner),4828.0
OT-005867,PAR-007730,PS-EQ-02,2025-05-20,Correctiva,2.8,3,Sello mecánico,7379.0
OT-007637,PAR-010118,PS-EQ-09,2026-02-22,Preventiva,10.0,2,Rodamiento,2402.0
OT-007544,PAR-009979,PS-EQ-09,2024-02-23,Correctiva,1.1,2,Rodamiento,1681.0
OT-007560,PAR-010007,PS-EQ-09,2024-08-07,Preventiva,9.1,1,Ninguno (solo mano de obra),170.0
OT-006051,PAR-007976,PS-EQ-02,2027-11-15,Correctiva,17.2,2,Sensor/instrumento,7575.0
OT-007660,PAR-010156,PS-EQ-09,2026-09-25,Preventiva,7.6,2,Sello mecánico,364.0
OT-006205,PAR-008184,PS-EQ-03,2027-03-12,Preventiva,4.6,3,Faja/correa,1838.0
OT-005675,PAR-007484,PS-EQ-01,2026-07-21,Preventiva,8.1,1,Motor eléctrico,1119.0
OT-007006,PAR-009245,PS-EQ-06,2026-12-11,Preventiva,7.2,3,Sensor/instrumento,354.0
OT-006819,PAR-009001,PS-EQ-06,2024-05-11,Preventiva,10.7,2,Rodamiento,1816.0
OT-006400,PAR-008438,PS-EQ-04,2026-04-25,Correctiva,5.2,3,Revestimiento (liner),347.0
OT-007207,PAR-009527,PS-EQ-07,2026-09-27,Preventiva,4.1,1,Ninguno (solo mano de obra),540.0
OT-007499,PAR-009916,PS-EQ-08,2027-05-25,Preventiva,6.5,1,Sello mecánico,1512.0
OT-005921,PAR-007799,PS-EQ-02,2026-03-16,Preventiva,6.1,2,Faja/correa,176.0
OT-005908,PAR-007781,PS-EQ-02,2026-01-16,Correctiva,4.8,2,Faja/correa,248.0
OT-007732,PAR-010263,PS-EQ-10,2024-04-29,Preventiva,10.6,1,Sello mecánico,1281.0
OT-006679,PAR-008800,PS-EQ-05,2026-03-19,Correctiva,20.4,3,Ninguno (solo mano de obra),576.0
OT-005565,PAR-007332,PS-EQ-01,2024-10-31,Preventiva,7.7,3,Sensor/instrumento,484.0
OT-007507,PAR-009924,PS-EQ-08,2027-06-28,Correctiva,0.5,2,Ninguno (solo mano de obra),2920.0
OT-007879,PAR-010478,PS-EQ-10,2027-06-20,Correctiva,22.4,2,Motor eléctrico,475.0
OT-005679,PAR-007488,PS-EQ-01,2026-07-29,Correctiva,10.9,2,Motor eléctrico,4740.0
OT-006509,PAR-008585,PS-EQ-04,2027-11-24,Correctiva,3.8,3,Faja/correa,5886.0
OT-007403,PAR-009789,PS-EQ-08,2025-12-21,Correctiva,2.0,1,Sello mecánico,1262.0
OT-006951,PAR-009170,PS-EQ-06,2026-02-22,Preventiva,5.5,1,Revestimiento (liner),2010.0
OT-007809,PAR-010378,PS-EQ-10,2025-12-30,Preventiva,7.8,3,Motor eléctrico,872.0
OT-005727,PAR-007557,PS-EQ-01,2027-04-30,Preventiva,7.1,2,,1825.0
OT-007257,PAR-009597,PS-EQ-07,2027-10-22,Correctiva,0.6,2,Sensor/instrumento,2802.0
OT-007409,PAR-009798,PS-EQ-08,2026-01-14,Preventiva,7.5,1,Revestimiento (liner),2324.0
OT-007653,PAR-010143,PS-EQ-09,2026-07-21,Correctiva,4.3,1,Ninguno (solo mano de obra),3942.0
OT-007237,PAR-009568,PS-EQ-07,2027-05-11,Preventiva,4.3,1,Rodamiento,861.0
OT-007159,PAR-009453,PS-EQ-07,2025-09-11,Preventiva,5.6,1,Revestimiento (liner),273.0
OT-005933,PAR-007815,PS-EQ-02,2026-05-08,Preventiva,10.1,1,Ninguno (solo mano de obra),2261.0
OT-007184,PAR-009497,PS-EQ-07,2026-04-04,Correctiva,3.0,3,Sensor/instrumento,4368.0
OT-006806,PAR-008985,PS-EQ-06,2024-03-10,Correctiva,20.6,1,Faja/correa,2979.0
OT-007730,PAR-010260,PS-EQ-10,2024-04-12,Correctiva,10.2,3,Motor eléctrico,2277.0
OT-006531,PAR-008615,PS-EQ-05,2024-03-12,Correctiva,28.1,3,Faja/correa,5280.0
OT-007743,PAR-010278,PS-EQ-10,2024-07-27,Correctiva,11.0,3,Revestimiento (liner),5934.0
OT-007580,PAR-010033,PS-EQ-09,2024-12-23,Preventiva,9.1,1,Rodamiento,2227.0
OT-006686,PAR-008810,PS-EQ-05,2026-04-20,Correctiva,1.4,3,Revestimiento (liner),7999.0
OT-006270,PAR-008273,PS-EQ-04,2024-06-11,Preventiva,6.8,2,Sello mecánico,1091.0
OT-007026,PAR-009272,PS-EQ-06,2027-04-17,Correctiva,4.5,2,Faja/correa,6245.0
OT-006914,PAR-009126,PS-EQ-06,2025-08-29,Correctiva,9.0,1,Ninguno (solo mano de obra),1733.0
OT-006360,PAR-008382,PS-EQ-04,2025-09-26,Correctiva,21.4,1,,1796.0
OT-006879,PAR-009085,PS-EQ-06,2025-03-07,Correctiva,24.8,1,Motor eléctrico,5005.0
OT-006486,PAR-008555,PS-EQ-04,2027-07-11,Correctiva,8.3,2,,2953.0
OT-007028,PAR-009274,PS-EQ-06,2027-04-30,Correctiva,1.6,3,Sello mecánico,1756.0
OT-006266,PAR-008268,PS-EQ-04,2024-05-09,Correctiva,2.5,1,Faja/correa,6078.0
OT-006064,PAR-007991,PS-EQ-03,2024-02-21,Preventiva,13.3,1,Faja/correa,1662.0
OT-007674,PAR-010173,PS-EQ-09,2026-12-06,Preventiva,6.4,3,Sello mecánico,385.0
OT-006079,PAR-008014,PS-EQ-03,2024-05-22,Correctiva,8.2,2,Ninguno (solo mano de obra),329.0
OT-006723,PAR-008862,PS-EQ-05,2026-10-21,Preventiva,6.6,1,Sensor/instrumento,2014.0
OT-006674,PAR-008794,PS-EQ-05,2026-02-21,Correctiva,2.5,1,Ninguno (solo mano de obra),347.0
OT-006934,PAR-009150,PS-EQ-06,2025-12-16,Correctiva,10.3,2,Motor eléctrico,1384.0
OT-005643,PAR-007439,PS-EQ-01,2026-02-06,Correctiva,3.6,3,Motor eléctrico,2283.0
OT-006759,PAR-008911,PS-EQ-05,2027-04-21,Correctiva,8.9,3,Sensor/instrumento,143.0
OT-005965,PAR-007857,PS-EQ-02,2026-10-02,Correctiva,9.8,1,Sello mecánico,7536.0
OT-006014,PAR-007924,PS-EQ-02,2027-05-19,Preventiva,7.2,2,Sensor/instrumento,356.0
OT-006475,PAR-008539,PS-EQ-04,2027-05-08,Correctiva,12.8,3,Revestimiento (liner),2466.0
OT-007450,PAR-009846,PS-EQ-08,2026-07-07,Correctiva,7.5,1,Sensor/instrumento,4579.0
OT-007636,PAR-010117,PS-EQ-09,2026-02-15,Correctiva,6.3,2,Sello mecánico,1258.0
OT-005547,PAR-007309,PS-EQ-01,2024-07-16,Correctiva,9.5,3,,2905.0
OT-006799,PAR-008976,PS-EQ-05,2027-12-31,Correctiva,4.4,3,Rodamiento,7710.0
OT-005871,PAR-007734,PS-EQ-02,2025-06-03,Correctiva,31.5,3,Sensor/instrumento,7277.0
OT-005755,PAR-007590,PS-EQ-01,2027-10-24,Preventiva,7.4,2,Revestimiento (liner),621.0
OT-007751,PAR-010287,PS-EQ-10,2024-09-12,Preventiva,9.4,1,Sensor/instrumento,1664.0
OT-007366,PAR-009744,PS-EQ-08,2025-06-22,Correctiva,18.2,3,Motor eléctrico,5693.0
OT-007762,PAR-010303,PS-EQ-10,2024-11-17,Correctiva,10.1,3,Rodamiento,5672.0
OT-005832,PAR-007685,PS-EQ-02,2024-12-27,Correctiva,20.7,2,Motor eléctrico,390.0
OT-006246,PAR-008245,PS-EQ-04,2024-02-11,Preventiva,4.8,1,Motor eléctrico,1367.0
OT-005654,PAR-007454,PS-EQ-01,2026-04-12,Preventiva,5.9,3,Motor eléctrico,2434.0
OT-006254,PAR-008254,PS-EQ-04,2024-03-19,Correctiva,4.1,3,Sello mecánico,7375.0
OT-007893,PAR-010505,PS-EQ-10,2027-10-05,Correctiva,14.4,1,Revestimiento (liner),3709.0
OT-006520,PAR-008601,PS-EQ-05,2024-01-14,Correctiva,11.7,3,Ninguno (solo mano de obra),3635.0
OT-007813,PAR-010383,PS-EQ-10,2026-01-26,Correctiva,4.9,1,Revestimiento (liner),779.0
OT-006912,PAR-009124,PS-EQ-06,2025-08-22,Preventiva,8.7,3,Faja/correa,1249.0
OT-006977,PAR-009203,PS-EQ-06,2026-07-20,Correctiva,6.1,1,Rodamiento,2670.0
OT-007262,PAR-009605,PS-EQ-07,2027-12-05,Preventiva,13.4,2,Revestimiento (liner),306.0
OT-006615,PAR-008720,PS-EQ-05,2025-04-07,Correctiva,0.8,1,Motor eléctrico,3015.0
OT-007619,PAR-010092,PS-EQ-09,2025-09-15,Correctiva,11.6,3,Sello mecánico,329.0
OT-005578,PAR-007348,PS-EQ-01,2025-01-21,Correctiva,5.0,3,Sello mecánico,6013.0
OT-007571,PAR-010022,PS-EQ-09,2024-11-07,Correctiva,4.2,2,Ninguno (solo mano de obra),69.0
OT-005987,PAR-007886,PS-EQ-02,2026-12-22,Preventiva,10.0,2,Rodamiento,1981.0
OT-006496,PAR-008566,PS-EQ-04,2027-09-02,Correctiva,4.3,1,Ninguno (solo mano de obra),5972.0
OT-006573,PAR-008672,PS-EQ-05,2024-10-11,Correctiva,6.0,3,Ninguno (solo mano de obra),4661.0
OT-006479,PAR-008543,PS-EQ-04,2027-05-24,Correctiva,27.7,3,Ninguno (solo mano de obra),360.0
OT-005812,PAR-007660,PS-EQ-02,2024-08-30,Correctiva,13.5,3,Motor eléctrico,2531.0
OT-005690,PAR-007505,PS-EQ-01,2026-10-29,Correctiva,7.1,3,Revestimiento (liner),6869.0
OT-007847,PAR-010433,PS-EQ-10,2026-10-26,Correctiva,2.2,1,Faja/correa,7025.0
OT-007406,PAR-009792,PS-EQ-08,2025-12-27,Correctiva,8.1,3,Faja/correa,2688.0
OT-006833,PAR-009021,PS-EQ-06,2024-07-10,Preventiva,3.6,2,Sensor/instrumento,190.0
OT-007268,PAR-009615,PS-EQ-08,2024-01-08,Correctiva,17.0,3,Sello mecánico,5149.0
OT-006301,PAR-008314,PS-EQ-04,2024-11-29,Correctiva,6.8,1,Rodamiento,366.0
OT-006465,PAR-008524,PS-EQ-04,2027-03-25,Correctiva,19.6,3,Faja/correa,3779.0
OT-007030,PAR-009276,PS-EQ-06,2027-05-06,Correctiva,12.6,1,Ninguno (solo mano de obra),1722.0
OT-006483,PAR-008549,PS-EQ-04,2027-06-11,Correctiva,11.5,1,Sello mecánico,6846.0
OT-005514,PAR-007271,PS-EQ-01,2024-02-05,Correctiva,2.7,1,Ninguno (solo mano de obra),7272.0
OT-005757,PAR-007594,PS-EQ-01,2027-11-15,Correctiva,8.6,3,Rodamiento,4979.0
OT-007032,PAR-009278,PS-EQ-06,2027-05-12,Correctiva,0.7,2,Faja/correa,5951.0
OT-006925,PAR-009139,PS-EQ-06,2025-10-24,Correctiva,1.6,1,Sensor/instrumento,7021.0
OT-007815,PAR-010386,PS-EQ-10,2026-02-07,Preventiva,9.5,1,Faja/correa,679.0
OT-005955,PAR-007845,PS-EQ-02,2026-08-26,Correctiva,5.8,2,Faja/correa,1777.0
OT-005665,PAR-007467,PS-EQ-01,2026-05-26,Correctiva,11.0,1,Ninguno (solo mano de obra),3434.0
OT-007706,PAR-010219,PS-EQ-09,2027-09-16,Preventiva,6.3,3,Sello mecánico,2290.0
OT-006717,PAR-008855,PS-EQ-05,2026-09-23,Preventiva,10.2,2,Sensor/instrumento,130.0
OT-005913,PAR-007788,PS-EQ-02,2026-02-04,Correctiva,2.8,2,Motor eléctrico,3769.0
OT-007744,PAR-010279,PS-EQ-10,2024-08-05,Preventiva,10.6,3,Rodamiento,815.0
OT-005520,PAR-007277,PS-EQ-01,2024-02-27,Preventiva,8.6,1,Sello mecánico,1986.0
OT-007458,PAR-009858,PS-EQ-08,2026-08-21,Correctiva,11.1,3,Sello mecánico,3521.0
OT-007324,PAR-009692,PS-EQ-08,2024-11-15,Correctiva,3.4,3,Revestimiento (liner),1499.0
OT-006659,PAR-008775,PS-EQ-05,2025-12-07,Correctiva,27.3,3,Faja/correa,5860.0
OT-007338,PAR-009711,PS-EQ-08,2025-02-09,Correctiva,17.5,2,Revestimiento (liner),6725.0
OT-005926,PAR-007806,PS-EQ-02,2026-04-12,Correctiva,31.3,3,Faja/correa,5786.0
OT-006358,PAR-008380,PS-EQ-04,2025-09-18,Correctiva,29.3,2,Motor eléctrico,3691.0
OT-007557,PAR-010001,PS-EQ-09,2024-07-08,Correctiva,0.4,2,Sensor/instrumento,5234.0
OT-006595,PAR-008697,PS-EQ-05,2024-12-30,Correctiva,4.0,2,Motor eléctrico,5531.0
OT-005846,PAR-007702,PS-EQ-02,2025-02-08,Correctiva,5.2,2,Faja/correa,6786.0
OT-006110,PAR-008059,PS-EQ-03,2025-02-11,Correctiva,0.4,2,Motor eléctrico,7866.0
OT-006024,PAR-007943,PS-EQ-02,2027-07-12,Correctiva,14.2,3,Revestimiento (liner),7337.0
OT-006850,PAR-009045,PS-EQ-06,2024-09-29,Preventiva,6.9,3,Rodamiento,1910.0
OT-006418,PAR-008464,PS-EQ-04,2026-07-25,Correctiva,3.3,3,Faja/correa,4304.0
OT-007582,PAR-010036,PS-EQ-09,2025-01-07,Preventiva,7.8,3,Rodamiento,1670.0
OT-006067,PAR-007995,PS-EQ-03,2024-03-08,Correctiva,7.6,1,Faja/correa,803.0
OT-007001,PAR-009238,PS-EQ-06,2026-11-19,Preventiva,7.1,2,Motor eléctrico,1900.0
OT-006528,PAR-008612,PS-EQ-05,2024-03-01,Correctiva,2.3,2,Ninguno (solo mano de obra),5054.0
OT-005652,PAR-007449,PS-EQ-01,2026-03-23,Correctiva,0.7,3,Sensor/instrumento,4022.0
OT-007894,PAR-010506,PS-EQ-10,2027-10-12,Preventiva,7.8,1,Ninguno (solo mano de obra),371.0
OT-006490,PAR-008559,PS-EQ-04,2027-08-15,Preventiva,9.5,1,Rodamiento,2168.0
OT-007139,PAR-009421,PS-EQ-07,2025-04-13,Correctiva,0.8,1,Sello mecánico,1501.0
OT-006755,PAR-008906,PS-EQ-05,2027-04-06,Correctiva,6.5,3,Motor eléctrico,7998.0
OT-005932,PAR-007814,PS-EQ-02,2026-05-07,Correctiva,19.3,1,Faja/correa,2739.0
OT-007343,PAR-009717,PS-EQ-08,2025-03-10,Correctiva,3.5,3,Sensor/instrumento,6782.0
OT-006866,PAR-009066,PS-EQ-06,2024-12-29,Correctiva,10.5,2,Sensor/instrumento,5511.0
OT-007170,PAR-009476,PS-EQ-07,2026-01-19,Correctiva,12.0,2,Rodamiento,4625.0
OT-007433,PAR-009824,PS-EQ-08,2026-04-13,Correctiva,23.4,3,Ninguno (solo mano de obra),4920.0
OT-007719,PAR-010240,PS-EQ-10,2024-01-16,Preventiva,7.2,2,Revestimiento (liner),2309.0
OT-007694,PAR-010203,PS-EQ-09,2027-05-22,Correctiva,3.3,2,Sensor/instrumento,6601.0
OT-005571,PAR-007341,PS-EQ-01,2024-12-27,Preventiva,6.4,2,Rodamiento,1421.0
OT-005513,PAR-007269,PS-EQ-01,2024-01-27,Correctiva,5.3,2,Sensor/instrumento,5727.0
OT-006384,PAR-008418,PS-EQ-04,2026-02-21,Correctiva,0.7,3,Sensor/instrumento,6880.0
OT-007453,PAR-009851,PS-EQ-08,2026-07-29,Correctiva,10.4,3,Ninguno (solo mano de obra),2069.0
OT-006597,PAR-008700,PS-EQ-05,2025-01-05,Correctiva,16.4,1,Ninguno (solo mano de obra),4954.0
OT-006056,PAR-007981,PS-EQ-02,2027-12-09,Correctiva,3.2,3,Rodamiento,5004.0
OT-005897,PAR-007765,PS-EQ-02,2025-10-18,Correctiva,3.0,1,Revestimiento (liner),1387.0
OT-005873,PAR-007736,PS-EQ-02,2025-06-15,Preventiva,9.5,2,Rodamiento,2083.0
OT-007083,PAR-009341,PS-EQ-07,2024-01-19,Correctiva,6.6,3,Sensor/instrumento,4316.0
OT-006594,PAR-008696,PS-EQ-05,2024-12-24,Preventiva,5.5,3,Sensor/instrumento,1445.0
OT-005903,PAR-007776,PS-EQ-02,2025-12-17,Correctiva,9.3,3,Sensor/instrumento,2508.0
OT-006894,PAR-009102,PS-EQ-06,2025-05-22,Correctiva,6.1,3,Rodamiento,5954.0
OT-006859,PAR-009056,PS-EQ-06,2024-11-20,Correctiva,7.8,1,Faja/correa,1337.0
OT-005555,PAR-007318,PS-EQ-01,2024-09-01,Correctiva,17.4,3,Motor eléctrico,6964.0
OT-007615,PAR-010086,PS-EQ-09,2025-08-20,Preventiva,5.3,2,Sensor/instrumento,1678.0
OT-007321,PAR-009689,PS-EQ-08,2024-11-04,Correctiva,10.7,1,Sello mecánico,7937.0
OT-006285,PAR-008291,PS-EQ-04,2024-09-05,Correctiva,1.1,3,Ninguno (solo mano de obra),5914.0
OT-006223,PAR-008214,PS-EQ-03,2027-08-30,Preventiva,5.7,3,Sensor/instrumento,810.0
OT-006448,PAR-008506,PS-EQ-04,2027-01-03,Preventiva,9.3,3,Sello mecánico,1822.0
OT-005923,PAR-007802,PS-EQ-02,2026-03-27,Correctiva,5.8,3,Faja/correa,4384.0
OT-006708,PAR-008842,PS-EQ-05,2026-08-15,Correctiva,3.1,2,Ninguno (solo mano de obra),5535.0
OT-007315,PAR-009679,PS-EQ-08,2024-09-27,Preventiva,7.1,1,Faja/correa,1647.0
OT-007601,PAR-010066,PS-EQ-09,2025-05-17,Correctiva,9.3,3,Ninguno (solo mano de obra),3101.0
OT-005749,PAR-007582,PS-EQ-01,2027-09-15,Correctiva,12.3,2,Motor eléctrico,103.0
OT-007505,PAR-009922,PS-EQ-08,2027-06-19,Correctiva,15.4,2,Sensor/instrumento,3445.0
OT-006661,PAR-008777,PS-EQ-05,2025-12-19,Correctiva,11.7,2,Faja/correa,4870.0
OT-007161,PAR-009456,PS-EQ-07,2025-09-26,Correctiva,1.6,1,Faja/correa,7452.0
OT-005724,PAR-007553,PS-EQ-01,2027-04-09,Correctiva,0.8,3,Motor eléctrico,7685.0
OT-007848,PAR-010434,PS-EQ-10,2026-10-28,Preventiva,7.2,1,Sello mecánico,1500.0
OT-006306,PAR-008319,PS-EQ-04,2024-12-23,Correctiva,6.6,3,Faja/correa,2854.0
OT-007586,PAR-010045,PS-EQ-09,2025-02-06,Correctiva,5.8,1,Faja/correa,7451.0
OT-007329,PAR-009700,PS-EQ-08,2024-12-27,Correctiva,2.2,1,Revestimiento (liner),7271.0
OT-006719,PAR-008857,PS-EQ-05,2026-09-25,Correctiva,2.6,3,Faja/correa,2196.0
OT-007212,PAR-009534,PS-EQ-07,2026-11-06,Preventiva,7.2,3,,1597.0
OT-006047,PAR-007972,PS-EQ-02,2027-10-31,Correctiva,7.5,1,Motor eléctrico,1410.0
OT-006351,PAR-008373,PS-EQ-04,2025-08-18,Correctiva,24.9,1,Sello mecánico,7641.0
OT-006389,PAR-008424,PS-EQ-04,2026-03-17,Preventiva,7.0,2,Revestimiento (liner),1876.0
OT-005856,PAR-007716,PS-EQ-02,2025-04-09,Correctiva,5.9,2,Faja/correa,1059.0
OT-007282,PAR-009638,PS-EQ-08,2024-03-25,Correctiva,1.3,1,Rodamiento,5683.0
OT-006480,PAR-008544,PS-EQ-04,2027-05-26,Correctiva,9.9,3,Sensor/instrumento,6166.0
OT-007735,PAR-010269,PS-EQ-10,2024-06-08,Preventiva,7.7,3,Revestimiento (liner),1249.0
OT-007665,PAR-010162,PS-EQ-09,2026-10-27,Correctiva,11.0,1,Revestimiento (liner),2053.0
OT-006672,PAR-008792,PS-EQ-05,2026-02-07,Preventiva,8.3,3,Faja/correa,2343.0
OT-007173,PAR-009479,PS-EQ-07,2026-01-25,Preventiva,9.1,2,Rodamiento,1056.0
OT-007074,PAR-009332,PS-EQ-06,2027-12-06,Correctiva,0.8,3,Sensor/instrumento,556.0
OT-005979,PAR-007877,PS-EQ-02,2026-11-25,Correctiva,0.5,2,Faja/correa,5064.0
OT-007884,PAR-010486,PS-EQ-10,2027-07-30,Preventiva,7.7,1,Ninguno (solo mano de obra),952.0
OT-007784,PAR-010337,PS-EQ-10,2025-06-14,Preventiva,7.9,2,Sensor/instrumento,1500.0
OT-007819,PAR-010390,PS-EQ-10,2026-02-21,Correctiva,0.5,2,Faja/correa,928.0
OT-006762,PAR-008914,PS-EQ-05,2027-04-25,Correctiva,7.8,2,Faja/correa,6547.0
OT-006768,PAR-008922,PS-EQ-05,2027-05-24,Correctiva,15.2,2,Motor eléctrico,4637.0
OT-006453,PAR-008511,PS-EQ-04,2027-01-26,Correctiva,1.1,1,Revestimiento (liner),2500.0
OT-006901,PAR-009109,PS-EQ-06,2025-06-29,Correctiva,0.4,2,Motor eléctrico,7933.0
OT-007081,PAR-009339,PS-EQ-07,2024-01-10,Correctiva,3.4,1,Motor eléctrico,4452.0
OT-006114,PAR-008067,PS-EQ-03,2025-04-01,Preventiva,10.1,2,Sensor/instrumento,2104.0
OT-006863,PAR-009062,PS-EQ-06,2024-12-10,Preventiva,8.5,3,Rodamiento,179.0
OT-005640,PAR-007436,PS-EQ-01,2026-01-24,Preventiva,6.4,3,,1514.0
OT-006718,PAR-008856,PS-EQ-05,2026-09-23,Correctiva,20.1,3,Ninguno (solo mano de obra),7745.0
OT-007012,PAR-009253,PS-EQ-06,2027-01-15,Preventiva,12.2,1,Rodamiento,341.0
OT-006007,PAR-007915,PS-EQ-02,2027-04-29,Correctiva,10.3,1,Sensor/instrumento,2994.0
OT-007247,PAR-009582,PS-EQ-07,2027-08-17,Correctiva,25.5,2,Ninguno (solo mano de obra),7159.0
OT-005857,PAR-007718,PS-EQ-02,2025-04-19,Correctiva,13.3,1,Faja/correa,5997.0
OT-007832,PAR-010411,PS-EQ-10,2026-06-18,Preventiva,8.4,1,Sensor/instrumento,1807.0
OT-006380,PAR-008414,PS-EQ-04,2026-02-02,Correctiva,4.7,2,Rodamiento,4645.0
OT-007319,PAR-009687,PS-EQ-08,2024-10-30,Preventiva,10.9,3,Rodamiento,208.0
OT-005549,PAR-007311,PS-EQ-01,2024-07-24,Preventiva,9.0,1,Rodamiento,2212.0
OT-006005,PAR-007912,PS-EQ-02,2027-04-20,Preventiva,9.6,1,Motor eléctrico,2300.0
OT-007091,PAR-009350,PS-EQ-07,2024-02-12,Correctiva,3.2,1,Ninguno (solo mano de obra),5422.0
OT-007097,PAR-009357,PS-EQ-07,2024-03-16,Correctiva,3.9,3,Faja/correa,4368.0
OT-006600,PAR-008703,PS-EQ-05,2025-01-16,Preventiva,8.1,1,Ninguno (solo mano de obra),419.0
OT-006902,PAR-009110,PS-EQ-06,2025-07-07,Correctiva,2.9,1,Motor eléctrico,2880.0
OT-007303,PAR-009666,PS-EQ-08,2024-08-02,Correctiva,2.4,1,Sello mecánico,2451.0
OT-006598,PAR-008701,PS-EQ-05,2025-01-08,Correctiva,19.8,2,Rodamiento,2924.0
OT-007692,PAR-010200,PS-EQ-09,2027-04-17,Correctiva,0.7,3,Ninguno (solo mano de obra),3360.0
OT-006930,PAR-009144,PS-EQ-06,2025-11-18,Correctiva,0.5,1,Ninguno (solo mano de obra),1898.0
OT-005845,PAR-007701,PS-EQ-02,2025-02-06,Correctiva,0.5,3,Revestimiento (liner),2948.0
OT-006181,PAR-008156,PS-EQ-03,2026-10-07,Correctiva,5.4,1,Motor eléctrico,5626.0
OT-007121,PAR-009397,PS-EQ-07,2024-11-04,Preventiva,10.8,2,Rodamiento,1808.0
OT-006481,PAR-008545,PS-EQ-04,2027-05-29,Preventiva,6.3,2,Revestimiento (liner),1485.0
OT-006291,PAR-008299,PS-EQ-04,2024-10-08,Preventiva,9.0,3,Revestimiento (liner),1871.0
OT-005945,PAR-007830,PS-EQ-02,2026-07-03,Correctiva,4.8,1,Sello mecánico,5561.0
OT-007269,PAR-009616,PS-EQ-08,2024-01-09,Correctiva,1.5,1,Rodamiento,5960.0
OT-006363,PAR-008386,PS-EQ-04,2025-10-17,Correctiva,9.9,1,Faja/correa,1777.0
OT-006794,PAR-008969,PS-EQ-05,2027-11-27,Correctiva,1.0,1,Sensor/instrumento,4470.0
OT-005966,PAR-007858,PS-EQ-02,2026-10-05,Correctiva,18.2,3,Rodamiento,7755.0
OT-005847,PAR-007703,PS-EQ-02,2025-02-12,Correctiva,20.2,3,Sello mecánico,4965.0
OT-007741,PAR-010276,PS-EQ-10,2024-07-16,Preventiva,9.5,2,Faja/correa,992.0
OT-006896,PAR-009104,PS-EQ-06,2025-06-13,Correctiva,1.3,3,Faja/correa,4977.0
OT-006872,PAR-009073,PS-EQ-06,2025-01-19,Correctiva,3.6,3,Rodamiento,284.0
OT-005766,PAR-007606,PS-EQ-02,2024-01-07,Correctiva,15.4,1,Faja/correa,6682.0
OT-006700,PAR-008833,PS-EQ-05,2026-06-14,Preventiva,8.6,3,Rodamiento,747.0
OT-006733,PAR-008875,PS-EQ-05,2026-12-11,Correctiva,6.3,1,Sensor/instrumento,727.0
OT-005840,PAR-007695,PS-EQ-02,2025-01-21,Correctiva,5.1,3,Motor eléctrico,3005.0
OT-006808,PAR-008987,PS-EQ-06,2024-03-20,Correctiva,11.2,3,Rodamiento,2455.0
OT-007280,PAR-009634,PS-EQ-08,2024-03-18,Correctiva,7.5,3,Revestimiento (liner),3556.0
OT-006441,PAR-008494,PS-EQ-04,2026-11-28,Correctiva,15.2,3,Sello mecánico,4802.0
OT-006681,PAR-008803,PS-EQ-05,2026-03-24,Preventiva,5.4,1,Rodamiento,1149.0
OT-005519,PAR-007276,PS-EQ-01,2024-02-24,Correctiva,31.9,1,Motor eléctrico,5696.0
OT-007336,PAR-009708,PS-EQ-08,2025-02-01,Correctiva,21.8,2,,3575.0
OT-005735,PAR-007566,PS-EQ-01,2027-07-08,Preventiva,3.6,2,Rodamiento,381.0
OT-005938,PAR-007822,PS-EQ-02,2026-05-30,Correctiva,5.9,1,Faja/correa,5.0
OT-006737,PAR-008880,PS-EQ-05,2027-01-07,Preventiva,8.6,1,Revestimiento (liner),277.0
OT-007861,PAR-010453,PS-EQ-10,2027-02-21,Correctiva,3.4,1,Motor eléctrico,7917.0
OT-007654,PAR-010144,PS-EQ-09,2026-07-24,Preventiva,5.9,2,Ninguno (solo mano de obra),205.0
OT-005651,PAR-007448,PS-EQ-01,2026-03-22,Correctiva,2.5,1,Faja/correa,2031.0
OT-005666,PAR-007468,PS-EQ-01,2026-05-29,Correctiva,23.2,3,Ninguno (solo mano de obra),1751.0
OT-006628,PAR-008736,PS-EQ-05,2025-06-12,Preventiva,12.6,1,Rodamiento,2357.0
OT-006692,PAR-008818,PS-EQ-05,2026-05-13,Preventiva,5.4,2,Faja/correa,472.0
OT-007612,PAR-010083,PS-EQ-09,2025-08-03,Preventiva,7.7,1,Sensor/instrumento,1416.0
OT-007628,PAR-010106,PS-EQ-09,2025-11-18,Correctiva,2.6,1,Sello mecánico,1624.0
OT-007633,PAR-010112,PS-EQ-09,2026-01-02,Correctiva,9.2,1,,4780.0
OT-006244,PAR-008243,PS-EQ-04,2024-01-21,Preventiva,5.6,3,Ninguno (solo mano de obra),715.0
OT-005511,PAR-007264,PS-EQ-01,2024-01-12,Correctiva,10.0,2,Faja/correa,4667.0
OT-007518,PAR-009941,PS-EQ-08,2027-09-15,Correctiva,5.6,3,Rodamiento,2245.0
OT-006054,PAR-007979,PS-EQ-02,2027-12-03,Correctiva,3.2,2,Sello mecánico,6954.0
OT-006786,PAR-008956,PS-EQ-05,2027-09-21,Correctiva,2.8,1,Ninguno (solo mano de obra),6012.0
OT-007834,PAR-010413,PS-EQ-10,2026-07-01,Correctiva,9.8,3,Revestimiento (liner),5380.0
OT-006495,PAR-008565,PS-EQ-04,2027-09-02,Preventiva,11.3,1,Sensor/instrumento,543.0
OT-007587,PAR-010046,PS-EQ-09,2025-02-13,Preventiva,7.8,1,Sello mecánico,1058.0
OT-006939,PAR-009156,PS-EQ-06,2026-01-05,Correctiva,2.4,2,Rodamiento,7857.0
OT-006444,PAR-008498,PS-EQ-04,2026-12-18,Correctiva,2.6,2,Revestimiento (liner),7227.0
OT-006881,PAR-009087,PS-EQ-06,2025-03-13,Correctiva,0.6,2,Rodamiento,1570.0
OT-005948,PAR-007836,PS-EQ-02,2026-07-22,Correctiva,13.0,1,Ninguno (solo mano de obra),708.0
OT-007151,PAR-009442,PS-EQ-07,2025-08-05,Correctiva,8.1,3,Motor eléctrico,7058.0
OT-007322,PAR-009690,PS-EQ-08,2024-11-07,Correctiva,2.6,2,Faja/correa,1011.0
OT-005791,PAR-007634,PS-EQ-02,2024-05-14,Preventiva,7.8,1,Rodamiento,2227.0
OT-007548,PAR-009984,PS-EQ-09,2024-04-01,Preventiva,4.4,1,Sensor/instrumento,583.0
OT-006499,PAR-008571,PS-EQ-04,2027-09-18,Correctiva,1.3,3,Motor eléctrico,5083.0
OT-007228,PAR-009556,PS-EQ-07,2027-02-18,Correctiva,2.8,3,Motor eléctrico,5119.0
OT-006503,PAR-008577,PS-EQ-04,2027-10-30,Correctiva,1.2,2,Sensor/instrumento,2278.0
OT-007482,PAR-009891,PS-EQ-08,2027-01-22,Preventiva,12.6,2,Faja/correa,480.0
OT-007365,PAR-009743,PS-EQ-08,2025-06-20,Correctiva,9.4,2,Sello mecánico,5967.0
OT-006814,PAR-008995,PS-EQ-06,2024-04-20,Correctiva,11.7,3,Ninguno (solo mano de obra),7704.0
OT-007489,PAR-009899,PS-EQ-08,2027-02-19,Correctiva,4.9,2,Rodamiento,7097.0
OT-006680,PAR-008801,PS-EQ-05,2026-03-22,Correctiva,4.2,2,Sensor/instrumento,4911.0
OT-005772,PAR-007614,PS-EQ-02,2024-02-08,Correctiva,29.5,2,Sensor/instrumento,2649.0
OT-006903,PAR-009111,PS-EQ-06,2025-07-10,Preventiva,6.5,1,Faja/correa,23.0
OT-006599,PAR-008702,PS-EQ-05,2025-01-15,Correctiva,15.7,2,Faja/correa,680.0
OT-007339,PAR-009712,PS-EQ-08,2025-02-10,Correctiva,8.8,2,Sensor/instrumento,1442.0
OT-007363,PAR-009741,PS-EQ-08,2025-06-18,Preventiva,5.2,1,Faja/correa,619.0
OT-007493,PAR-009904,PS-EQ-08,2027-03-20,Preventiva,8.5,3,Faja/correa,2023.0
OT-007373,PAR-009754,PS-EQ-08,2025-07-10,Correctiva,8.8,2,Faja/correa,6928.0
OT-007728,PAR-010257,PS-EQ-10,2024-03-29,Preventiva,6.5,1,Motor eléctrico,687.0
OT-007383,PAR-009765,PS-EQ-08,2025-09-15,Correctiva,1.3,2,Motor eléctrico,3133.0
OT-007681,PAR-010184,PS-EQ-09,2027-01-27,Preventiva,7.2,3,Ninguno (solo mano de obra),2417.0
OT-007087,PAR-009345,PS-EQ-07,2024-01-28,Correctiva,6.0,1,Sensor/instrumento,4330.0
OT-006374,PAR-008406,PS-EQ-04,2025-12-27,Correctiva,18.9,1,Sello mecánico,7494.0
OT-005970,PAR-007866,PS-EQ-02,2026-10-21,Correctiva,14.0,2,Sensor/instrumento,685.0
OT-007536,PAR-009968,PS-EQ-09,2024-01-06,Correctiva,1.7,3,Sello mecánico,7140.0
OT-006645,PAR-008756,PS-EQ-05,2025-09-14,Correctiva,4.6,3,Sensor/instrumento,6038.0
OT-006835,PAR-009025,PS-EQ-06,2024-07-22,Correctiva,2.1,1,Faja/correa,3199.0
OT-007528,PAR-009956,PS-EQ-08,2027-11-18,Preventiva,13.3,2,Revestimiento (liner),2375.0
OT-006653,PAR-008766,PS-EQ-05,2025-10-28,Correctiva,10.9,2,Rodamiento,5167.0
OT-007699,PAR-010208,PS-EQ-09,2027-06-28,Preventiva,9.3,1,Rodamiento,1098.0
OT-006867,PAR-009067,PS-EQ-06,2024-12-30,Preventiva,7.9,2,Sensor/instrumento,2360.0
OT-007772,PAR-010319,PS-EQ-10,2025-02-07,Preventiva,8.8,3,Rodamiento,2500.0
OT-006257,PAR-008258,PS-EQ-04,2024-03-27,Correctiva,13.6,1,Revestimiento (liner),3952.0
OT-007318,PAR-009684,PS-EQ-08,2024-10-20,Correctiva,17.9,1,Motor eléctrico,3684.0
OT-006403,PAR-008445,PS-EQ-04,2026-05-10,Correctiva,0.7,3,Ninguno (solo mano de obra),418.0
OT-006798,PAR-008974,PS-EQ-05,2027-12-14,Preventiva,11.2,3,Rodamiento,1122.0
OT-006015,PAR-007928,PS-EQ-02,2027-05-28,Correctiva,30.6,3,Faja/correa,7999.0
OT-006430,PAR-008480,PS-EQ-04,2026-10-20,Correctiva,1.3,1,Faja/correa,3537.0
OT-005829,PAR-007680,PS-EQ-02,2024-12-01,Correctiva,0.7,1,Ninguno (solo mano de obra),5969.0
OT-007063,PAR-009321,PS-EQ-06,2027-10-21,Preventiva,7.6,1,Sensor/instrumento,2274.0
OT-006502,PAR-008575,PS-EQ-04,2027-10-17,Preventiva,11.4,1,Sensor/instrumento,1039.0
OT-007270,PAR-009617,PS-EQ-08,2024-01-11,Correctiva,12.1,3,Revestimiento (liner),2589.0
OT-007372,PAR-009753,PS-EQ-08,2025-07-09,Correctiva,12.5,2,Rodamiento,7350.0
OT-006565,PAR-008664,PS-EQ-05,2024-09-12,Preventiva,8.3,3,Motor eléctrico,1931.0
OT-005927,PAR-007807,PS-EQ-02,2026-04-16,Preventiva,4.5,1,Motor eléctrico,2215.0
OT-006929,PAR-009143,PS-EQ-06,2025-11-11,Correctiva,12.0,3,Motor eléctrico,5430.0
OT-006155,PAR-008122,PS-EQ-03,2026-02-19,Correctiva,0.5,2,Ninguno (solo mano de obra),555.0
OT-007053,PAR-009305,PS-EQ-06,2027-08-22,Correctiva,4.0,1,Motor eléctrico,4326.0
OT-006622,PAR-008729,PS-EQ-05,2025-05-17,Correctiva,28.2,1,Sensor/instrumento,6776.0
OT-005655,PAR-007456,PS-EQ-01,2026-04-18,Correctiva,1.3,2,Sello mecánico,798.0
OT-006224,PAR-008215,PS-EQ-03,2027-09-01,Correctiva,1.7,1,Revestimiento (liner),7264.0
OT-006350,PAR-008372,PS-EQ-04,2025-08-17,Correctiva,9.0,3,Rodamiento,6691.0
OT-006029,PAR-007948,PS-EQ-02,2027-07-31,Correctiva,9.4,3,Ninguno (solo mano de obra),6961.0
OT-006464,PAR-008523,PS-EQ-04,2027-03-18,Preventiva,5.3,3,Sensor/instrumento,1873.0
OT-005728,PAR-007558,PS-EQ-01,2027-05-12,Correctiva,15.4,2,Motor eléctrico,4501.0
OT-007287,PAR-009643,PS-EQ-08,2024-04-26,Correctiva,2.6,3,Rodamiento,4579.0
OT-006898,PAR-009106,PS-EQ-06,2025-06-18,Preventiva,6.3,2,Motor eléctrico,170.0
OT-006807,PAR-008986,PS-EQ-06,2024-03-13,Preventiva,10.9,1,Ninguno (solo mano de obra),1357.0
OT-005597,PAR-007377,PS-EQ-01,2025-05-14,Correctiva,18.3,1,Motor eléctrico,3693.0
OT-007567,PAR-010017,PS-EQ-09,2024-10-13,Correctiva,1.7,2,Sensor/instrumento,7675.0
OT-007745,PAR-010280,PS-EQ-10,2024-08-09,Correctiva,2.1,2,Sensor/instrumento,5976.0
OT-007022,PAR-009267,PS-EQ-06,2027-03-30,Correctiva,0.6,1,Faja/correa,7710.0
OT-006516,PAR-008596,PS-EQ-04,2027-12-19,Correctiva,6.7,1,Rodamiento,6362.0
OT-005716,PAR-007541,PS-EQ-01,2027-03-07,Correctiva,17.7,1,Faja/correa,4740.0
OT-007731,PAR-010262,PS-EQ-10,2024-04-16,Correctiva,1.0,2,Sello mecánico,6035.0
OT-007613,PAR-010084,PS-EQ-09,2025-08-10,Correctiva,10.1,1,Faja/correa,5613.0
OT-007685,PAR-010190,PS-EQ-09,2027-03-02,Correctiva,1.9,3,Motor eléctrico,6351.0
OT-007787,PAR-010343,PS-EQ-10,2025-07-14,Correctiva,4.6,3,Faja/correa,28.0
OT-007249,PAR-009585,PS-EQ-07,2027-08-23,Preventiva,7.7,2,Sello mecánico,2492.0
OT-007825,PAR-010400,PS-EQ-10,2026-05-02,Correctiva,14.2,2,Sello mecánico,7094.0
OT-006885,PAR-009092,PS-EQ-06,2025-03-26,Correctiva,9.4,3,Motor eléctrico,5256.0
OT-005968,PAR-007863,PS-EQ-02,2026-10-13,Preventiva,11.0,2,Motor eléctrico,1558.0
OT-006171,PAR-008142,PS-EQ-03,2026-06-25,Preventiva,5.0,3,Sensor/instrumento,602.0
OT-006955,PAR-009177,PS-EQ-06,2026-03-14,Correctiva,1.4,3,Ninguno (solo mano de obra),635.0
OT-006994,PAR-009227,PS-EQ-06,2026-10-17,Correctiva,3.8,2,Sello mecánico,1366.0
OT-007800,PAR-010367,PS-EQ-10,2025-10-28,Correctiva,5.2,3,Revestimiento (liner),2285.0
OT-006271,PAR-008274,PS-EQ-04,2024-06-16,Correctiva,0.7,3,Sensor/instrumento,5409.0
OT-005870,PAR-007733,PS-EQ-02,2025-06-01,Preventiva,6.3,1,Revestimiento (liner),1792.0
OT-006172,PAR-008144,PS-EQ-03,2026-07-11,Preventiva,11.0,2,Revestimiento (liner),808.0
OT-006328,PAR-008346,PS-EQ-04,2025-04-02,Correctiva,19.3,1,Motor eléctrico,7830.0
OT-007198,PAR-009514,PS-EQ-07,2026-07-13,Preventiva,5.7,1,Rodamiento,1316.0
OT-006895,PAR-009103,PS-EQ-06,2025-06-03,Preventiva,8.1,1,Sello mecánico,662.0
OT-007084,PAR-009342,PS-EQ-07,2024-01-20,Correctiva,8.8,2,Sello mecánico,5405.0
OT-005853,PAR-007713,PS-EQ-02,2025-04-05,Correctiva,5.1,2,Faja/correa,587.0
OT-006820,PAR-009002,PS-EQ-06,2024-05-12,Correctiva,21.3,3,,4858.0
OT-006272,PAR-008275,PS-EQ-04,2024-06-22,Correctiva,0.7,1,Revestimiento (liner),4377.0
OT-007418,PAR-009809,PS-EQ-08,2026-02-24,Correctiva,11.0,1,Faja/correa,7700.0
OT-006317,PAR-008334,PS-EQ-04,2025-02-10,Preventiva,8.4,1,Sensor/instrumento,2432.0
OT-006559,PAR-008657,PS-EQ-05,2024-08-04,Correctiva,0.5,3,Sello mecánico,4197.0
OT-007419,PAR-009810,PS-EQ-08,2026-02-25,Correctiva,3.7,3,Faja/correa,1400.0
OT-007446,PAR-009842,PS-EQ-08,2026-07-01,Preventiva,9.6,2,Revestimiento (liner),345.0
OT-007886,PAR-010491,PS-EQ-10,2027-08-12,Correctiva,3.7,2,Rodamiento,2117.0
OT-005559,PAR-007325,PS-EQ-01,2024-10-01,Correctiva,5.4,2,Sello mecánico,3755.0
OT-005706,PAR-007525,PS-EQ-01,2027-01-09,Correctiva,17.8,1,Ninguno (solo mano de obra),5675.0
OT-007697,PAR-010206,PS-EQ-09,2027-06-10,Correctiva,16.5,1,Sello mecánico,5716.0
OT-006493,PAR-008563,PS-EQ-04,2027-08-31,Correctiva,2.8,2,Sello mecánico,1142.0
OT-006732,PAR-008874,PS-EQ-05,2026-12-10,Correctiva,23.3,2,Rodamiento,1475.0
OT-006253,PAR-008252,PS-EQ-04,2024-03-08,Correctiva,24.4,2,Sensor/instrumento,2951.0
OT-007707,PAR-010221,PS-EQ-09,2027-10-06,Preventiva,7.0,3,Rodamiento,907.0
OT-006127,PAR-008087,PS-EQ-03,2025-08-02,Preventiva,7.2,2,Rodamiento,1343.0
OT-005978,PAR-007876,PS-EQ-02,2026-11-21,Correctiva,5.4,2,Motor eléctrico,7279.0
OT-007624,PAR-010101,PS-EQ-09,2025-10-11,Preventiva,5.5,1,,1945.0
OT-006409,PAR-008451,PS-EQ-04,2026-05-30,Correctiva,11.4,2,Sensor/instrumento,2440.0
OT-006353,PAR-008375,PS-EQ-04,2025-08-21,Correctiva,19.0,3,Rodamiento,3662.0
OT-007566,PAR-010016,PS-EQ-09,2024-10-02,Preventiva,7.6,2,Sensor/instrumento,1434.0
OT-006777,PAR-008940,PS-EQ-05,2027-07-27,Correctiva,15.3,1,Faja/correa,6033.0
OT-006411,PAR-008455,PS-EQ-04,2026-06-11,Correctiva,4.0,1,Motor eléctrico,4065.0
OT-006682,PAR-008805,PS-EQ-05,2026-03-29,Correctiva,2.3,1,Revestimiento (liner),3880.0
OT-007055,PAR-009309,PS-EQ-06,2027-09-09,Correctiva,15.2,3,Revestimiento (liner),1948.0
OT-006432,PAR-008483,PS-EQ-04,2026-10-29,Correctiva,8.1,3,Motor eléctrico,7045.0
OT-007698,PAR-010207,PS-EQ-09,2027-06-11,Preventiva,6.3,2,Revestimiento (liner),1281.0
OT-007629,PAR-010107,PS-EQ-09,2025-11-21,Preventiva,7.7,3,Faja/correa,1386.0
OT-007792,PAR-010351,PS-EQ-10,2025-08-07,Preventiva,12.8,2,Revestimiento (liner),2488.0
OT-006698,PAR-008830,PS-EQ-05,2026-06-05,Correctiva,9.9,2,Sello mecánico,399.0
OT-005693,PAR-007509,PS-EQ-01,2026-11-13,Correctiva,14.9,3,Faja/correa,150.0
OT-007289,PAR-009646,PS-EQ-08,2024-05-25,Correctiva,2.0,1,Sello mecánico,2427.0
OT-006662,PAR-008778,PS-EQ-05,2025-12-22,Correctiva,0.7,3,Sello mecánico,5180.0
OT-006095,PAR-008038,PS-EQ-03,2024-10-26,Preventiva,3.4,1,Rodamiento,1667.0
OT-007204,PAR-009524,PS-EQ-07,2026-09-04,Preventiva,7.7,3,Motor eléctrico,1429.0
OT-007099,PAR-009360,PS-EQ-07,2024-04-18,Preventiva,6.1,2,Revestimiento (liner),2456.0
OT-005821,PAR-007670,PS-EQ-02,2024-10-20,Correctiva,26.2,2,Sensor/instrumento,2619.0
OT-007680,PAR-010182,PS-EQ-09,2027-01-22,Correctiva,2.0,1,Sensor/instrumento,5354.0
OT-006508,PAR-008584,PS-EQ-04,2027-11-18,Correctiva,26.1,1,Ninguno (solo mano de obra),3165.0
OT-007291,PAR-009649,PS-EQ-08,2024-05-30,Preventiva,5.8,1,Rodamiento,1659.0
OT-005629,PAR-007419,PS-EQ-01,2025-12-02,Correctiva,7.2,2,Ninguno (solo mano de obra),5930.0
OT-006129,PAR-008090,PS-EQ-03,2025-08-15,Correctiva,0.5,1,Faja/correa,4252.0
OT-007086,PAR-009344,PS-EQ-07,2024-01-25,Correctiva,4.7,2,Rodamiento,3457.0
OT-007891,PAR-010499,PS-EQ-10,2027-09-08,Correctiva,2.3,1,Motor eléctrico,7446.0
OT-006060,PAR-007986,PS-EQ-03,2024-02-02,Correctiva,4.3,1,Sensor/instrumento,6748.0
OT-006909,PAR-009119,PS-EQ-06,2025-08-05,Correctiva,7.4,3,Sensor/instrumento,7420.0
OT-005778,PAR-007620,PS-EQ-02,2024-03-03,Correctiva,3.3,2,Sello mecánico,723.0
OT-005764,PAR-007604,PS-EQ-01,2027-12-28,Correctiva,1.9,1,Sello mecánico,926.0
OT-007388,PAR-009770,PS-EQ-08,2025-10-17,Correctiva,8.1,2,Revestimiento (liner),944.0
OT-006415,PAR-008460,PS-EQ-04,2026-07-16,Preventiva,8.9,1,Sensor/instrumento,194.0
OT-005560,PAR-007326,PS-EQ-01,2024-10-02,Correctiva,3.4,1,Motor eléctrico,4572.0
OT-005869,PAR-007732,PS-EQ-02,2025-05-31,Correctiva,1.0,3,Revestimiento (liner),4990.0
OT-007863,PAR-010455,PS-EQ-10,2027-03-01,Correctiva,4.9,2,Faja/correa,5944.0
OT-005940,PAR-007825,PS-EQ-02,2026-06-10,Preventiva,7.8,3,Revestimiento (liner),196.0
OT-005562,PAR-007329,PS-EQ-01,2024-10-14,Preventiva,4.0,3,Sensor/instrumento,927.0
OT-006740,PAR-008884,PS-EQ-05,2027-01-15,Correctiva,16.5,3,Sensor/instrumento,6272.0
OT-006946,PAR-009163,PS-EQ-06,2026-01-30,Preventiva,9.9,2,Motor eléctrico,2487.0
OT-007634,PAR-010115,PS-EQ-09,2026-01-17,Preventiva,4.3,3,Motor eléctrico,482.0
OT-007717,PAR-010236,PS-EQ-09,2027-12-31,Correctiva,3.3,1,Motor eléctrico,1608.0
OT-005660,PAR-007462,PS-EQ-01,2026-05-07,Correctiva,25.8,2,Revestimiento (liner),2712.0
OT-005896,PAR-007764,PS-EQ-02,2025-10-17,Correctiva,6.1,2,Rodamiento,1509.0
OT-006738,PAR-008881,PS-EQ-05,2027-01-08,Correctiva,6.0,1,Sello mecánico,848.0
OT-006346,PAR-008367,PS-EQ-04,2025-07-28,Correctiva,12.1,1,Revestimiento (liner),2632.0
OT-007487,PAR-009897,PS-EQ-08,2027-02-11,Correctiva,6.2,1,Sello mecánico,5258.0
OT-007839,PAR-010420,PS-EQ-10,2026-09-04,Correctiva,1.5,1,Sello mecánico,588.0
OT-007426,PAR-009817,PS-EQ-08,2026-03-17,Correctiva,2.4,1,Sensor/instrumento,3025.0
OT-006606,PAR-008709,PS-EQ-05,2025-01-30,Correctiva,0.8,2,Sensor/instrumento,4131.0
OT-006082,PAR-008019,PS-EQ-03,2024-07-02,Preventiva,7.2,1,Ninguno (solo mano de obra),2489.0
OT-006999,PAR-009234,PS-EQ-06,2026-11-11,Correctiva,20.2,3,Rodamiento,7825.0
OT-005918,PAR-007795,PS-EQ-02,2026-02-22,Correctiva,3.2,2,Ninguno (solo mano de obra),3552.0
OT-007635,PAR-010116,PS-EQ-09,2026-02-07,Preventiva,5.7,1,Faja/correa,1040.0
OT-007179,PAR-009489,PS-EQ-07,2026-03-05,Correctiva,2.7,2,Sello mecánico,2421.0
OT-005999,PAR-007905,PS-EQ-02,2027-03-31,Correctiva,23.7,1,Sello mecánico,3899.0
OT-005588,PAR-007365,PS-EQ-01,2025-04-05,Preventiva,6.9,1,Sensor/instrumento,469.0
OT-005644,PAR-007440,PS-EQ-01,2026-02-16,Preventiva,11.2,2,Sensor/instrumento,630.0
OT-007553,PAR-009991,PS-EQ-09,2024-05-14,Correctiva,3.0,2,Motor eléctrico,2951.0
OT-006213,PAR-008195,PS-EQ-03,2027-05-16,Preventiva,6.0,3,Sensor/instrumento,594.0
OT-006399,PAR-008437,PS-EQ-04,2026-04-22,Correctiva,24.4,2,Sensor/instrumento,252.0
OT-006104,PAR-008051,PS-EQ-03,2025-01-19,Correctiva,4.3,3,Revestimiento (liner),3436.0
OT-006688,PAR-008812,PS-EQ-05,2026-04-25,Correctiva,2.6,1,Faja/correa,6027.0
OT-006954,PAR-009176,PS-EQ-06,2026-03-14,Preventiva,14.0,3,Faja/correa,1766.0
OT-007090,PAR-009349,PS-EQ-07,2024-02-07,Correctiva,3.5,1,Ninguno (solo mano de obra),6427.0
OT-007005,PAR-009243,PS-EQ-06,2026-12-06,Correctiva,22.3,2,Sensor/instrumento,1524.0
OT-006048,PAR-007973,PS-EQ-02,2027-11-02,Correctiva,22.9,1,Revestimiento (liner),6384.0
OT-006059,PAR-007985,PS-EQ-03,2024-01-16,Preventiva,5.6,3,Faja/correa,2020.0
OT-007382,PAR-009764,PS-EQ-08,2025-09-15,Preventiva,12.9,2,Revestimiento (liner),220.0
OT-007565,PAR-010015,PS-EQ-09,2024-10-01,Correctiva,8.7,1,Faja/correa,782.0
OT-006368,PAR-008394,PS-EQ-04,2025-11-04,Correctiva,11.3,2,Ninguno (solo mano de obra),4930.0
OT-006243,PAR-008242,PS-EQ-04,2024-01-18,Correctiva,12.4,2,Sensor/instrumento,1342.0
OT-006745,PAR-008890,PS-EQ-05,2027-01-31,Correctiva,3.3,2,Rodamiento,2640.0
OT-007167,PAR-009467,PS-EQ-07,2025-12-06,Preventiva,7.9,2,Sello mecánico,95.0
OT-006735,PAR-008877,PS-EQ-05,2026-12-30,Correctiva,0.8,2,Sensor/instrumento,5212.0
OT-007444,PAR-009840,PS-EQ-08,2026-06-26,Correctiva,5.0,1,Rodamiento,3523.0
OT-005937,PAR-007821,PS-EQ-02,2026-05-23,Correctiva,12.8,3,Revestimiento (liner),1751.0
OT-006166,PAR-008135,PS-EQ-03,2026-05-22,Correctiva,6.2,3,,3615.0
OT-006324,PAR-008341,PS-EQ-04,2025-03-20,Correctiva,2.2,3,Sensor/instrumento,2705.0
OT-005688,PAR-007502,PS-EQ-01,2026-10-21,Preventiva,8.6,1,Revestimiento (liner),1787.0
OT-006440,PAR-008493,PS-EQ-04,2026-11-26,Correctiva,4.8,1,Revestimiento (liner),7435.0
OT-005646,PAR-007442,PS-EQ-01,2026-03-03,Correctiva,14.2,2,Sensor/instrumento,7086.0
OT-007647,PAR-010134,PS-EQ-09,2026-05-16,Correctiva,11.8,1,Ninguno (solo mano de obra),2271.0
OT-005551,PAR-007313,PS-EQ-01,2024-08-11,Preventiva,8.1,3,Sensor/instrumento,1783.0
OT-007664,PAR-010161,PS-EQ-09,2026-10-16,Correctiva,5.7,2,Revestimiento (liner),2449.0
OT-006664,PAR-008781,PS-EQ-05,2025-12-28,Preventiva,9.7,2,Motor eléctrico,2234.0
OT-006907,PAR-009117,PS-EQ-06,2025-07-31,Preventiva,6.3,2,Motor eléctrico,2400.0
OT-006558,PAR-008656,PS-EQ-05,2024-08-03,Correctiva,21.2,1,Ninguno (solo mano de obra),7956.0
OT-007729,PAR-010259,PS-EQ-10,2024-04-12,Preventiva,8.9,2,Motor eléctrico,2297.0
OT-007856,PAR-010443,PS-EQ-10,2027-01-19,Correctiva,2.8,2,Faja/correa,172.0
OT-006218,PAR-008205,PS-EQ-03,2027-06-28,Correctiva,1.5,3,Faja/correa,5795.0
OT-005935,PAR-007818,PS-EQ-02,2026-05-20,Correctiva,6.9,1,Sello mecánico,3545.0
OT-007038,PAR-009286,PS-EQ-06,2027-06-18,Correctiva,21.2,2,Ninguno (solo mano de obra),5520.0
OT-006216,PAR-008199,PS-EQ-03,2027-06-02,Correctiva,0.5,3,Ninguno (solo mano de obra),5334.0
OT-007106,PAR-009369,PS-EQ-07,2024-05-22,Correctiva,1.2,1,Sello mecánico,7647.0
OT-007059,PAR-009316,PS-EQ-06,2027-10-04,Preventiva,8.7,1,Motor eléctrico,529.0
OT-006795,PAR-008970,PS-EQ-05,2027-11-28,Preventiva,4.7,3,Revestimiento (liner),1925.0
OT-007340,PAR-009713,PS-EQ-08,2025-02-15,Correctiva,3.0,1,Sello mecánico,3409.0
OT-005591,PAR-007368,PS-EQ-01,2025-04-16,Correctiva,4.4,3,Motor eléctrico,5920.0
OT-005532,PAR-007291,PS-EQ-01,2024-04-11,Correctiva,5.9,3,Sello mecánico,1059.0
OT-006527,PAR-008611,PS-EQ-05,2024-02-29,Correctiva,0.6,2,Revestimiento (liner),2244.0
OT-007535,PAR-009967,PS-EQ-09,2024-01-01,Correctiva,0.6,2,Sello mecánico,3687.0
OT-006855,PAR-009052,PS-EQ-06,2024-10-30,Preventiva,11.2,2,Sensor/instrumento,2153.0
OT-007663,PAR-010160,PS-EQ-09,2026-10-16,Preventiva,5.9,3,Sello mecánico,2187.0
OT-006652,PAR-008765,PS-EQ-05,2025-10-26,Preventiva,6.0,3,Rodamiento,2242.0
OT-006016,PAR-007929,PS-EQ-02,2027-06-08,Preventiva,8.5,2,Ninguno (solo mano de obra),2288.0
OT-007219,PAR-009542,PS-EQ-07,2026-12-22,Correctiva,4.4,2,Sensor/instrumento,7894.0
OT-007331,PAR-009702,PS-EQ-08,2024-12-29,Preventiva,8.2,3,Rodamiento,1700.0
OT-007384,PAR-009766,PS-EQ-08,2025-09-17,Correctiva,9.3,1,Revestimiento (liner),5789.0
OT-007265,PAR-009610,PS-EQ-07,2027-12-25,Correctiva,9.1,1,Revestimiento (liner),5576.0
OT-006457,PAR-008515,PS-EQ-04,2027-02-26,Preventiva,9.8,3,Revestimiento (liner),1379.0
OT-006519,PAR-008600,PS-EQ-05,2024-01-10,Correctiva,0.8,3,Motor eléctrico,3703.0
OT-007330,PAR-009701,PS-EQ-08,2024-12-28,Correctiva,2.0,1,Motor eléctrico,3209.0
OT-006304,PAR-008317,PS-EQ-04,2024-12-19,Correctiva,1.3,1,Revestimiento (liner),2305.0
OT-005670,PAR-007475,PS-EQ-01,2026-06-20,Preventiva,6.6,3,Motor eléctrico,636.0
OT-006096,PAR-008039,PS-EQ-03,2024-11-06,Correctiva,3.6,2,Ninguno (solo mano de obra),929.0
OT-006882,PAR-009088,PS-EQ-06,2025-03-15,Correctiva,22.0,3,,6214.0
OT-007481,PAR-009888,PS-EQ-08,2027-01-13,Correctiva,14.7,1,Rodamiento,2772.0
OT-005998,PAR-007904,PS-EQ-02,2027-03-25,Correctiva,18.0,3,Rodamiento,703.0
OT-006505,PAR-008579,PS-EQ-04,2027-11-05,Preventiva,9.9,3,Sensor/instrumento,2359.0
OT-006689,PAR-008813,PS-EQ-05,2026-04-29,Preventiva,6.7,1,Ninguno (solo mano de obra),484.0
OT-007756,PAR-010292,PS-EQ-10,2024-10-09,Correctiva,1.1,1,Motor eléctrico,2230.0
OT-006142,PAR-008105,PS-EQ-03,2025-10-31,Correctiva,28.9,2,Sello mecánico,1758.0
OT-006940,PAR-009157,PS-EQ-06,2026-01-09,Correctiva,7.7,2,Faja/correa,51.0
OT-007511,PAR-009930,PS-EQ-08,2027-07-19,Correctiva,0.7,2,Revestimiento (liner),700.0
OT-007325,PAR-009694,PS-EQ-08,2024-11-20,Preventiva,5.0,3,Sensor/instrumento,377.0
OT-007443,PAR-009839,PS-EQ-08,2026-06-17,Correctiva,11.3,1,Sensor/instrumento,7464.0
OT-006452,PAR-008510,PS-EQ-04,2027-01-25,Correctiva,16.6,2,Motor eléctrico,6342.0
OT-005525,PAR-007283,PS-EQ-01,2024-03-23,Correctiva,26.9,3,Ninguno (solo mano de obra),715.0
OT-006826,PAR-009010,PS-EQ-06,2024-06-01,Correctiva,0.7,1,Faja/correa,5652.0
OT-006995,PAR-009228,PS-EQ-06,2026-10-21,Correctiva,9.9,3,Motor eléctrico,3287.0
OT-007491,PAR-009901,PS-EQ-08,2027-02-28,Preventiva,11.0,2,Rodamiento,171.0
OT-005595,PAR-007375,PS-EQ-01,2025-05-07,Correctiva,4.4,3,Ninguno (solo mano de obra),1985.0
OT-007246,PAR-009581,PS-EQ-07,2027-08-13,Correctiva,1.3,1,Motor eléctrico,7892.0
OT-005880,PAR-007744,PS-EQ-02,2025-07-20,Preventiva,8.0,1,Sensor/instrumento,1680.0
OT-007142,PAR-009427,PS-EQ-07,2025-05-28,Correctiva,9.9,3,Revestimiento (liner),3660.0
OT-005824,PAR-007675,PS-EQ-02,2024-11-14,Preventiva,4.1,3,Sello mecánico,1520.0
OT-006322,PAR-008339,PS-EQ-04,2025-03-16,Preventiva,8.4,2,Sello mecánico,1420.0
OT-006008,PAR-007917,PS-EQ-02,2027-05-02,Correctiva,14.4,2,Ninguno (solo mano de obra),2779.0
OT-006267,PAR-008269,PS-EQ-04,2024-05-17,Correctiva,19.5,2,Sensor/instrumento,1690.0
OT-006924,PAR-009138,PS-EQ-06,2025-10-22,Correctiva,16.1,2,Faja/correa,5576.0
OT-006183,PAR-008159,PS-EQ-03,2026-10-22,Correctiva,4.1,2,Ninguno (solo mano de obra),6024.0
OT-007906,PAR-010525,PS-EQ-10,2027-12-23,Preventiva,10.7,3,Revestimiento (liner),762.0
OT-006087,PAR-008025,PS-EQ-03,2024-08-11,Preventiva,11.1,2,Ninguno (solo mano de obra),196.0
OT-006998,PAR-009233,PS-EQ-06,2026-10-31,Preventiva,4.9,3,Motor eléctrico,377.0
OT-005624,PAR-007411,PS-EQ-01,2025-10-24,Correctiva,10.3,3,Revestimiento (liner),4223.0
OT-007808,PAR-010377,PS-EQ-10,2025-12-19,Correctiva,4.4,3,Sensor/instrumento,4158.0
OT-007243,PAR-009577,PS-EQ-07,2027-07-13,Preventiva,7.1,2,Sensor/instrumento,1218.0
OT-007466,PAR-009869,PS-EQ-08,2026-10-28,Correctiva,25.7,2,Sensor/instrumento,7090.0
OT-007537,PAR-009970,PS-EQ-09,2024-01-18,Preventiva,7.4,2,Sensor/instrumento,1385.0
OT-006613,PAR-008718,PS-EQ-05,2025-03-31,Correctiva,7.4,3,Ninguno (solo mano de obra),5073.0
OT-005573,PAR-007343,PS-EQ-01,2025-01-11,Correctiva,26.4,2,Ninguno (solo mano de obra),5557.0
OT-007714,PAR-010232,PS-EQ-09,2027-12-15,Correctiva,2.8,2,Rodamiento,5928.0
OT-006345,PAR-008366,PS-EQ-04,2025-07-26,Preventiva,6.6,3,Revestimiento (liner),1317.0
OT-007781,PAR-010332,PS-EQ-10,2025-05-11,Preventiva,8.2,1,Motor eléctrico,2084.0
OT-007307,PAR-009670,PS-EQ-08,2024-08-07,Correctiva,12.5,2,Revestimiento (liner),2138.0
OT-007883,PAR-010485,PS-EQ-10,2027-07-29,Correctiva,0.7,1,Faja/correa,3464.0
OT-006965,PAR-009190,PS-EQ-06,2026-04-22,Correctiva,11.3,3,Ninguno (solo mano de obra),634.0
OT-006744,PAR-008889,PS-EQ-05,2027-01-25,Correctiva,30.4,3,Revestimiento (liner),2787.0
OT-007037,PAR-009285,PS-EQ-06,2027-06-16,Preventiva,5.1,3,Sello mecánico,264.0
OT-005701,PAR-007520,PS-EQ-01,2026-12-16,Correctiva,3.6,3,Revestimiento (liner),267.0
OT-006413,PAR-008458,PS-EQ-04,2026-07-04,Correctiva,4.7,1,Ninguno (solo mano de obra),1858.0
OT-007864,PAR-010456,PS-EQ-10,2027-03-02,Correctiva,5.1,2,Ninguno (solo mano de obra),5139.0
OT-005803,PAR-007650,PS-EQ-02,2024-07-15,Correctiva,0.5,1,Motor eléctrico,1656.0
OT-005936,PAR-007820,PS-EQ-02,2026-05-23,Preventiva,6.8,1,Motor eléctrico,1761.0
OT-006042,PAR-007965,PS-EQ-02,2027-10-07,Correctiva,23.8,3,Revestimiento (liner),2132.0
OT-005590,PAR-007367,PS-EQ-01,2025-04-12,Correctiva,9.5,2,Motor eléctrico,2855.0
OT-005607,PAR-007390,PS-EQ-01,2025-07-09,Correctiva,25.3,3,Faja/correa,6574.0
OT-007851,PAR-010437,PS-EQ-10,2026-11-28,Preventiva,11.3,3,Motor eléctrico,1867.0
OT-005717,PAR-007542,PS-EQ-01,2027-03-14,Correctiva,17.3,2,Rodamiento,234.0
OT-005920,PAR-007797,PS-EQ-02,2026-03-11,Correctiva,19.2,1,Sensor/instrumento,7426.0
OT-006568,PAR-008667,PS-EQ-05,2024-09-30,Correctiva,30.3,3,Revestimiento (liner),171.0
OT-005678,PAR-007487,PS-EQ-01,2026-07-27,Correctiva,10.5,3,Revestimiento (liner),6680.0
OT-007610,PAR-010080,PS-EQ-09,2025-07-24,Correctiva,5.8,1,Motor eléctrico,3996.0
OT-007420,PAR-009811,PS-EQ-08,2026-03-02,Correctiva,4.4,3,Sello mecánico,7575.0
OT-007878,PAR-010477,PS-EQ-10,2027-06-12,Correctiva,23.5,3,Ninguno (solo mano de obra),4816.0
OT-005649,PAR-007445,PS-EQ-01,2026-03-10,Correctiva,6.8,2,Rodamiento,446.0
OT-006275,PAR-008278,PS-EQ-04,2024-07-03,Preventiva,7.1,3,Motor eléctrico,1999.0
OT-007625,PAR-010102,PS-EQ-09,2025-10-13,Correctiva,1.4,2,Rodamiento,4190.0
OT-005561,PAR-007328,PS-EQ-01,2024-10-13,Correctiva,10.5,1,Rodamiento,3541.0
OT-006551,PAR-008646,PS-EQ-05,2024-06-28,Correctiva,22.7,1,Faja/correa,6639.0
OT-007007,PAR-009246,PS-EQ-06,2026-12-14,Correctiva,2.1,3,Sello mecánico,5140.0
OT-005756,PAR-007593,PS-EQ-01,2027-11-10,Preventiva,6.9,2,Ninguno (solo mano de obra),2022.0
OT-006063,PAR-007990,PS-EQ-03,2024-02-20,Correctiva,1.7,2,Sello mecánico,5933.0
OT-007688,PAR-010195,PS-EQ-09,2027-03-28,Preventiva,6.4,3,Rodamiento,1820.0
OT-007448,PAR-009844,PS-EQ-08,2026-07-03,Correctiva,6.7,1,Faja/correa,4973.0
OT-007096,PAR-009356,PS-EQ-07,2024-03-14,Correctiva,5.0,2,Rodamiento,7050.0
OT-006434,PAR-008485,PS-EQ-04,2026-10-30,Correctiva,2.3,2,Ninguno (solo mano de obra),3622.0
OT-005861,PAR-007722,PS-EQ-02,2025-05-05,Correctiva,8.4,1,Motor eléctrico,3140.0
OT-007520,PAR-009944,PS-EQ-08,2027-10-04,Correctiva,7.0,1,Faja/correa,5819.0
OT-007573,PAR-010024,PS-EQ-09,2024-11-18,Correctiva,4.1,2,,516.0
OT-007327,PAR-009697,PS-EQ-08,2024-12-09,Correctiva,28.5,2,Revestimiento (liner),6939.0
OT-007025,PAR-009270,PS-EQ-06,2027-04-10,Correctiva,19.1,3,Ninguno (solo mano de obra),1440.0
OT-007302,PAR-009665,PS-EQ-08,2024-07-26,Correctiva,9.4,3,Rodamiento,4992.0
OT-005598,PAR-007378,PS-EQ-01,2025-05-16,Correctiva,6.6,1,Rodamiento,832.0
OT-005843,PAR-007699,PS-EQ-02,2025-01-29,Correctiva,26.2,1,Sello mecánico,1134.0
OT-005916,PAR-007792,PS-EQ-02,2026-02-12,Correctiva,0.9,2,Revestimiento (liner),7865.0
OT-006655,PAR-008768,PS-EQ-05,2025-11-15,Correctiva,7.9,1,Motor eléctrico,2239.0
OT-007785,PAR-010340,PS-EQ-10,2025-06-30,Preventiva,5.7,1,Motor eléctrico,1595.0
OT-005837,PAR-007692,PS-EQ-02,2025-01-16,Correctiva,16.4,2,Motor eléctrico,5771.0
OT-006115,PAR-008068,PS-EQ-03,2025-04-01,Correctiva,8.5,3,Ninguno (solo mano de obra),5661.0
OT-007506,PAR-009923,PS-EQ-08,2027-06-26,Preventiva,11.8,3,Rodamiento,818.0
OT-005633,PAR-007423,PS-EQ-01,2025-12-16,Correctiva,1.2,1,Sello mecánico,284.0
OT-006046,PAR-007970,PS-EQ-02,2027-10-22,Correctiva,19.0,2,Sello mecánico,3542.0
OT-007595,PAR-010059,PS-EQ-09,2025-04-11,Preventiva,12.8,1,Sello mecánico,285.0
OT-007626,PAR-010104,PS-EQ-09,2025-11-01,Preventiva,4.1,2,Ninguno (solo mano de obra),1379.0
OT-006847,PAR-009039,PS-EQ-06,2024-09-14,Correctiva,29.1,3,Sensor/instrumento,5093.0
OT-005995,PAR-007897,PS-EQ-02,2027-02-19,Preventiva,6.5,1,Revestimiento (liner),1899.0
OT-007397,PAR-009781,PS-EQ-08,2025-11-30,Correctiva,1.6,3,Rodamiento,3470.0
OT-006639,PAR-008749,PS-EQ-05,2025-08-19,Preventiva,8.0,2,Revestimiento (liner),1576.0
OT-006989,PAR-009221,PS-EQ-06,2026-09-22,Preventiva,6.4,3,Revestimiento (liner),239.0
OT-007860,PAR-010452,PS-EQ-10,2027-02-17,Preventiva,7.2,1,Sensor/instrumento,171.0
OT-007229,PAR-009557,PS-EQ-07,2027-02-20,Correctiva,1.8,2,Sello mecánico,5521.0
OT-005760,PAR-007598,PS-EQ-01,2027-12-05,Correctiva,3.2,2,Motor eléctrico,5945.0
OT-007525,PAR-009951,PS-EQ-08,2027-11-02,Preventiva,7.2,2,Motor eléctrico,453.0
OT-007631,PAR-010109,PS-EQ-09,2025-12-26,Preventiva,4.7,1,Faja/correa,1424.0
OT-007857,PAR-010444,PS-EQ-10,2027-01-21,Correctiva,9.2,1,Sello mecánico,177.0
OT-005638,PAR-007434,PS-EQ-01,2026-01-18,Correctiva,8.4,3,Sello mecánico,6125.0
OT-006781,PAR-008949,PS-EQ-05,2027-08-28,Preventiva,7.7,2,Motor eléctrico,1923.0
OT-006180,PAR-008155,PS-EQ-03,2026-10-06,Preventiva,9.3,2,Faja/correa,1917.0
OT-007107,PAR-009370,PS-EQ-07,2024-05-23,Preventiva,6.9,3,Revestimiento (liner),1596.0
OT-006727,PAR-008866,PS-EQ-05,2026-11-07,Correctiva,7.1,2,Motor eléctrico,6972.0
OT-007003,PAR-009240,PS-EQ-06,2026-11-25,Correctiva,7.8,2,Revestimiento (liner),6091.0
OT-006986,PAR-009216,PS-EQ-06,2026-08-24,Correctiva,5.9,2,Motor eléctrico,5374.0
OT-006468,PAR-008527,PS-EQ-04,2027-03-31,Correctiva,7.9,1,Ninguno (solo mano de obra),2495.0
OT-006869,PAR-009069,PS-EQ-06,2025-01-03,Correctiva,2.1,3,Motor eléctrico,2804.0
OT-007818,PAR-010389,PS-EQ-10,2026-02-17,Correctiva,14.8,2,,138.0
OT-006207,PAR-008186,PS-EQ-03,2027-03-27,Preventiva,6.3,3,Faja/correa,1150.0
OT-007797,PAR-010362,PS-EQ-10,2025-10-05,Preventiva,7.0,1,Rodamiento,224.0
OT-005603,PAR-007384,PS-EQ-01,2025-06-13,Preventiva,6.3,3,Rodamiento,2174.0
OT-007771,PAR-010318,PS-EQ-10,2025-02-06,Correctiva,2.4,3,Sensor/instrumento,3923.0
OT-005614,PAR-007398,PS-EQ-01,2025-08-30,Preventiva,4.7,2,Sensor/instrumento,2115.0
OT-005952,PAR-007841,PS-EQ-02,2026-08-06,Preventiva,6.5,3,Revestimiento (liner),1485.0
OT-007104,PAR-009367,PS-EQ-07,2024-05-08,Preventiva,4.8,2,Rodamiento,867.0
OT-005593,PAR-007372,PS-EQ-01,2025-04-28,Preventiva,5.4,3,Sello mecánico,24.0
OT-006187,PAR-008163,PS-EQ-03,2026-11-11,Correctiva,3.5,2,Ninguno (solo mano de obra),1472.0
OT-005990,PAR-007889,PS-EQ-02,2026-12-31,Correctiva,1.7,2,Rodamiento,4416.0
OT-007529,PAR-009960,PS-EQ-08,2027-12-01,Correctiva,16.2,2,Revestimiento (liner),2978.0
OT-007157,PAR-009451,PS-EQ-07,2025-09-04,Correctiva,1.8,1,Faja/correa,2859.0
OT-005535,PAR-007294,PS-EQ-01,2024-04-29,Correctiva,5.5,1,Revestimiento (liner),2572.0
OT-006778,PAR-008944,PS-EQ-05,2027-08-14,Preventiva,9.1,1,Ninguno (solo mano de obra),1083.0
OT-007349,PAR-009724,PS-EQ-08,2025-04-18,Preventiva,9.3,1,Revestimiento (liner),1987.0
OT-006286,PAR-008292,PS-EQ-04,2024-09-07,Correctiva,3.6,3,Rodamiento,3188.0
OT-007474,PAR-009879,PS-EQ-08,2026-12-09,Preventiva,5.1,1,Motor eléctrico,1917.0
OT-007799,PAR-010366,PS-EQ-10,2025-10-23,Correctiva,5.0,3,Motor eléctrico,3918.0
OT-006957,PAR-009180,PS-EQ-06,2026-03-30,Preventiva,9.7,2,Sello mecánico,697.0
OT-007060,PAR-009317,PS-EQ-06,2027-10-07,Correctiva,10.5,3,Sello mecánico,2058.0
OT-006451,PAR-008509,PS-EQ-04,2027-01-22,Preventiva,12.4,3,Ninguno (solo mano de obra),422.0
OT-006887,PAR-009094,PS-EQ-06,2025-04-14,Preventiva,4.0,2,Faja/correa,350.0
OT-006488,PAR-008557,PS-EQ-04,2027-07-30,Preventiva,6.8,1,Rodamiento,1417.0
OT-006331,PAR-008349,PS-EQ-04,2025-04-06,Preventiva,6.9,1,,307.0
OT-005983,PAR-007881,PS-EQ-02,2026-12-10,Correctiva,8.2,1,Sello mecánico,4690.0
OT-006269,PAR-008272,PS-EQ-04,2024-05-27,Preventiva,6.0,2,Revestimiento (liner),1168.0
OT-006282,PAR-008287,PS-EQ-04,2024-08-14,Preventiva,7.6,1,Revestimiento (liner),2093.0
OT-007867,PAR-010460,PS-EQ-10,2027-04-07,Correctiva,3.1,2,Ninguno (solo mano de obra),6638.0
OT-006132,PAR-008094,PS-EQ-03,2025-08-31,Correctiva,4.3,3,Rodamiento,5013.0
OT-006623,PAR-008730,PS-EQ-05,2025-05-18,Correctiva,14.0,3,Sensor/instrumento,409.0
OT-007455,PAR-009855,PS-EQ-08,2026-08-09,Correctiva,0.4,1,Rodamiento,4566.0
OT-006037,PAR-007957,PS-EQ-02,2027-09-04,Correctiva,29.5,3,Faja/correa,6648.0
OT-007210,PAR-009531,PS-EQ-07,2026-10-18,Preventiva,8.1,2,Sello mecánico,451.0
OT-006255,PAR-008255,PS-EQ-04,2024-03-20,Correctiva,6.9,2,Ninguno (solo mano de obra),7713.0
OT-007523,PAR-009948,PS-EQ-08,2027-10-25,Correctiva,3.9,3,Revestimiento (liner),3717.0
OT-005785,PAR-007628,PS-EQ-02,2024-04-22,Correctiva,22.6,1,Rodamiento,7112.0
OT-005632,PAR-007422,PS-EQ-01,2025-12-14,Correctiva,3.2,3,Faja/correa,5884.0
OT-005751,PAR-007585,PS-EQ-01,2027-09-19,Preventiva,5.4,3,Faja/correa,1453.0
OT-007829,PAR-010407,PS-EQ-10,2026-05-31,Correctiva,3.2,3,Ninguno (solo mano de obra),672.0
OT-006173,PAR-008146,PS-EQ-03,2026-07-25,Preventiva,4.0,2,Rodamiento,1419.0
OT-006728,PAR-008867,PS-EQ-05,2026-11-12,Preventiva,11.6,2,Sensor/instrumento,334.0
OT-006221,PAR-008211,PS-EQ-03,2027-07-24,Preventiva,8.4,2,Rodamiento,1130.0
OT-006041,PAR-007964,PS-EQ-02,2027-09-26,Preventiva,8.1,1,Ninguno (solo mano de obra),455.0
OT-007515,PAR-009936,PS-EQ-08,2027-08-25,Preventiva,9.1,1,Revestimiento (liner),2161.0
OT-005748,PAR-007581,PS-EQ-01,2027-09-09,Correctiva,0.7,2,Revestimiento (liner),6965.0
OT-006845,PAR-009037,PS-EQ-06,2024-09-10,Preventiva,6.6,1,Faja/correa,1796.0
OT-006154,PAR-008121,PS-EQ-03,2026-02-11,Preventiva,4.3,2,Ninguno (solo mano de obra),2361.0
OT-007725,PAR-010252,PS-EQ-10,2024-03-10,Preventiva,10.8,3,Ninguno (solo mano de obra),2494.0
OT-007361,PAR-009738,PS-EQ-08,2025-06-05,Correctiva,4.5,2,Sensor/instrumento,5339.0
OT-005631,PAR-007421,PS-EQ-01,2025-12-11,Correctiva,1.3,2,Sello mecánico,2801.0
OT-006574,PAR-008673,PS-EQ-05,2024-10-12,Correctiva,2.7,2,Faja/correa,226.0
OT-006720,PAR-008858,PS-EQ-05,2026-10-04,Correctiva,6.2,2,Motor eléctrico,5928.0
OT-007438,PAR-009832,PS-EQ-08,2026-05-23,Correctiva,0.7,1,Rodamiento,1503.0
OT-005635,PAR-007427,PS-EQ-01,2025-12-23,Preventiva,5.6,1,Ninguno (solo mano de obra),2096.0
OT-005732,PAR-007562,PS-EQ-01,2027-06-18,Preventiva,6.2,3,Faja/correa,39.0
OT-006971,PAR-009197,PS-EQ-06,2026-06-19,Correctiva,6.3,1,Motor eléctrico,762.0
OT-006823,PAR-009006,PS-EQ-06,2024-05-23,Correctiva,1.9,1,Ninguno (solo mano de obra),2688.0
OT-006713,PAR-008851,PS-EQ-05,2026-09-06,Preventiva,7.4,1,Ninguno (solo mano de obra),139.0
OT-007734,PAR-010267,PS-EQ-10,2024-05-16,Preventiva,9.5,2,Revestimiento (liner),620.0
OT-007651,PAR-010141,PS-EQ-09,2026-07-03,Preventiva,4.5,3,Ninguno (solo mano de obra),99.0
OT-007527,PAR-009953,PS-EQ-08,2027-11-03,Correctiva,7.1,3,Ninguno (solo mano de obra),1074.0
OT-007215,PAR-009537,PS-EQ-07,2026-11-22,Correctiva,3.6,3,Sensor/instrumento,5887.0
OT-006773,PAR-008932,PS-EQ-05,2027-07-03,Correctiva,16.1,3,Faja/correa,7404.0
OT-007102,PAR-009365,PS-EQ-07,2024-05-04,Correctiva,10.8,1,Motor eléctrico,7750.0
OT-006431,PAR-008482,PS-EQ-04,2026-10-28,Correctiva,0.7,1,Faja/correa,3477.0
OT-005517,PAR-007274,PS-EQ-01,2024-02-18,Correctiva,2.1,2,Sello mecánico,6810.0
OT-007849,PAR-010435,PS-EQ-10,2026-11-14,Preventiva,4.4,1,Sensor/instrumento,222.0
OT-006668,PAR-008786,PS-EQ-05,2026-01-11,Correctiva,4.1,1,Rodamiento,504.0
OT-007169,PAR-009472,PS-EQ-07,2026-01-08,Preventiva,8.7,1,Faja/correa,1552.0
OT-007563,PAR-010012,PS-EQ-09,2024-09-09,Preventiva,6.2,3,Faja/correa,2015.0
OT-005762,PAR-007600,PS-EQ-01,2027-12-10,Correctiva,31.3,1,Sensor/instrumento,5231.0
OT-007131,PAR-009409,PS-EQ-07,2025-02-04,Correctiva,0.8,2,Motor eléctrico,4219.0
OT-005539,PAR-007300,PS-EQ-01,2024-06-01,Correctiva,24.8,1,Faja/correa,261.0
OT-007546,PAR-009982,PS-EQ-09,2024-03-05,Correctiva,0.7,2,Revestimiento (liner),4507.0
OT-006693,PAR-008820,PS-EQ-05,2026-05-17,Correctiva,20.4,3,Revestimiento (liner),3553.0
OT-005811,PAR-007659,PS-EQ-02,2024-08-14,Correctiva,3.1,1,Sello mecánico,4535.0
OT-006092,PAR-008031,PS-EQ-03,2024-09-28,Correctiva,4.4,2,Faja/correa,5486.0
OT-006425,PAR-008473,PS-EQ-04,2026-09-06,Correctiva,1.3,1,Sello mecánico,7454.0
OT-007661,PAR-010157,PS-EQ-09,2026-10-02,Correctiva,1.1,1,Rodamiento,5088.0
OT-007105,PAR-009368,PS-EQ-07,2024-05-18,Correctiva,5.6,3,Motor eléctrico,2004.0
OT-006743,PAR-008888,PS-EQ-05,2027-01-24,Correctiva,6.2,3,Sensor/instrumento,5994.0
OT-006710,PAR-008847,PS-EQ-05,2026-08-23,Preventiva,7.3,1,Ninguno (solo mano de obra),589.0
OT-007277,PAR-009630,PS-EQ-08,2024-02-19,Preventiva,6.6,1,Ninguno (solo mano de obra),494.0
OT-007534,PAR-009966,PS-EQ-08,2027-12-26,Preventiva,4.8,3,Rodamiento,1831.0
OT-006382,PAR-008416,PS-EQ-04,2026-02-16,Correctiva,2.9,1,Sensor/instrumento,1761.0
OT-007723,PAR-010246,PS-EQ-10,2024-02-12,Correctiva,9.4,1,Faja/correa,1199.0
OT-007211,PAR-009533,PS-EQ-07,2026-11-03,Correctiva,0.8,1,Motor eléctrico,1203.0
OT-007111,PAR-009380,PS-EQ-07,2024-07-23,Correctiva,3.2,3,Motor eléctrico,2232.0
OT-006335,PAR-008353,PS-EQ-04,2025-04-26,Correctiva,3.9,3,Motor eléctrico,3666.0
OT-005835,PAR-007690,PS-EQ-02,2025-01-13,Preventiva,5.7,2,Ninguno (solo mano de obra),2387.0
OT-007156,PAR-009449,PS-EQ-07,2025-09-02,Correctiva,4.7,2,Motor eléctrico,4510.0
OT-006771,PAR-008929,PS-EQ-05,2027-06-20,Correctiva,8.2,1,Sello mecánico,2221.0
OT-006782,PAR-008950,PS-EQ-05,2027-08-30,Correctiva,16.0,3,Motor eléctrico,5408.0
OT-007395,PAR-009778,PS-EQ-08,2025-11-19,Preventiva,9.3,2,Ninguno (solo mano de obra),2009.0
OT-007188,PAR-009501,PS-EQ-07,2026-04-15,Correctiva,2.7,2,Revestimiento (liner),6937.0
OT-007822,PAR-010396,PS-EQ-10,2026-04-03,Preventiva,6.6,1,Motor eléctrico,1193.0
OT-006893,PAR-009100,PS-EQ-06,2025-05-12,Preventiva,6.1,2,Motor eléctrico,1061.0
OT-006242,PAR-008241,PS-EQ-04,2024-01-16,Correctiva,12.4,2,Sello mecánico,435.0
OT-007682,PAR-010185,PS-EQ-09,2027-02-07,Correctiva,10.7,3,Revestimiento (liner),3843.0
OT-006944,PAR-009161,PS-EQ-06,2026-01-27,Correctiva,0.4,1,Sensor/instrumento,7642.0
OT-005848,PAR-007704,PS-EQ-02,2025-02-13,Preventiva,12.8,1,Ninguno (solo mano de obra),2497.0
OT-006888,PAR-009095,PS-EQ-06,2025-04-16,Correctiva,9.0,1,Ninguno (solo mano de obra),3366.0
OT-007530,PAR-009961,PS-EQ-08,2027-12-05,Preventiva,6.7,1,Revestimiento (liner),387.0
OT-005713,PAR-007537,PS-EQ-01,2027-02-22,Correctiva,1.3,1,Rodamiento,7188.0
OT-006987,PAR-009218,PS-EQ-06,2026-09-04,Preventiva,9.9,1,Faja/correa,2386.0
OT-007439,PAR-009833,PS-EQ-08,2026-05-25,Correctiva,7.6,3,Revestimiento (liner),998.0
OT-007416,PAR-009807,PS-EQ-08,2026-02-15,Correctiva,21.0,2,Revestimiento (liner),786.0
OT-007830,PAR-010408,PS-EQ-10,2026-06-03,Correctiva,0.6,1,Faja/correa,7644.0
OT-005981,PAR-007879,PS-EQ-02,2026-12-07,Preventiva,10.7,3,Motor eléctrico,444.0
OT-006757,PAR-008908,PS-EQ-05,2027-04-10,Correctiva,5.1,1,Rodamiento,7785.0
OT-007233,PAR-009562,PS-EQ-07,2027-03-16,Preventiva,7.2,2,Sensor/instrumento,0.0
OT-007521,PAR-009945,PS-EQ-08,2027-10-12,Preventiva,5.1,1,Sensor/instrumento,1110.0
OT-006230,PAR-008222,PS-EQ-03,2027-10-14,Correctiva,3.6,2,Faja/correa,1682.0
OT-007608,PAR-010076,PS-EQ-09,2025-07-01,Correctiva,13.7,1,Rodamiento,4837.0
OT-007844,PAR-010429,PS-EQ-10,2026-10-11,Preventiva,7.6,2,Revestimiento (liner),1878.0
OT-006071,PAR-008000,PS-EQ-03,2024-03-25,Preventiva,8.3,3,Ninguno (solo mano de obra),1599.0
OT-006123,PAR-008082,PS-EQ-03,2025-06-24,Correctiva,9.6,3,Ninguno (solo mano de obra),6015.0
OT-006709,PAR-008846,PS-EQ-05,2026-08-22,Correctiva,8.4,1,Sensor/instrumento,5100.0
OT-006298,PAR-008308,PS-EQ-04,2024-11-04,Correctiva,5.2,3,Sello mecánico,7829.0
OT-006900,PAR-009108,PS-EQ-06,2025-06-26,Correctiva,10.0,2,Sensor/instrumento,6180.0
OT-007230,PAR-009558,PS-EQ-07,2027-02-27,Preventiva,10.5,1,Ninguno (solo mano de obra),1506.0
OT-006938,PAR-009155,PS-EQ-06,2026-01-01,Correctiva,11.2,1,Sensor/instrumento,633.0
OT-006377,PAR-008410,PS-EQ-04,2026-01-14,Correctiva,1.8,3,Ninguno (solo mano de obra),5485.0
OT-007064,PAR-009322,PS-EQ-06,2027-10-22,Correctiva,31.6,1,Rodamiento,7627.0
OT-006981,PAR-009209,PS-EQ-06,2026-08-01,Correctiva,14.0,1,Ninguno (solo mano de obra),5000.0
OT-006546,PAR-008636,PS-EQ-05,2024-05-21,Correctiva,8.4,3,Faja/correa,4799.0
OT-005969,PAR-007864,PS-EQ-02,2026-10-14,Correctiva,7.5,2,Rodamiento,2777.0
OT-006668,PAR-008786,PS-EQ-05,2026-01-11,Correctiva,4.1,1,Rodamiento,504.0
OT-006749,PAR-008894,PS-EQ-05,2027-02-11,Preventiva,8.8,2,Ninguno (solo mano de obra),894.0
OT-006099,PAR-008043,PS-EQ-03,2024-12-13,Preventiva,5.6,1,Sello mecánico,760.0
OT-006004,PAR-007911,PS-EQ-02,2027-04-14,Correctiva,14.2,3,Sensor/instrumento,6849.0
OT-005694,PAR-007512,PS-EQ-01,2026-11-19,Correctiva,11.0,3,Motor eléctrico,307.0
OT-006985,PAR-009213,PS-EQ-06,2026-08-20,Correctiva,8.3,1,Ninguno (solo mano de obra),2885.0
OT-007841,PAR-010423,PS-EQ-10,2026-09-12,Correctiva,2.7,1,Faja/correa,5779.0
OT-007051,PAR-009302,PS-EQ-06,2027-08-11,Preventiva,8.8,2,Faja/correa,1308.0
OT-006356,PAR-008378,PS-EQ-04,2025-08-27,Correctiva,19.0,3,Ninguno (solo mano de obra),2622.0
OT-005563,PAR-007330,PS-EQ-01,2024-10-17,Correctiva,4.7,2,Revestimiento (liner),7128.0
OT-006006,PAR-007913,PS-EQ-02,2027-04-21,Correctiva,7.3,3,Revestimiento (liner),2941.0
OT-007414,PAR-009805,PS-EQ-08,2026-02-01,Correctiva,1.6,3,Faja/correa,4828.0
OT-006232,PAR-008225,PS-EQ-03,2027-10-25,Preventiva,7.3,2,Revestimiento (liner),285.0
OT-006169,PAR-008139,PS-EQ-03,2026-06-06,Correctiva,4.5,3,Sello mecánico,4077.0
OT-007496,PAR-009911,PS-EQ-08,2027-04-11,Correctiva,18.6,1,Faja/correa,2437.0
OT-006596,PAR-008699,PS-EQ-05,2025-01-02,Correctiva,10.9,3,Ninguno (solo mano de obra),4282.0
OT-007679,PAR-010181,PS-EQ-09,2027-01-20,Correctiva,3.7,3,Sensor/instrumento,5264.0
OT-007174,PAR-009480,PS-EQ-07,2026-01-27,Correctiva,2.9,3,Motor eléctrico,184.0
OT-007555,PAR-009998,PS-EQ-09,2024-06-14,Preventiva,10.8,1,Sensor/instrumento,2385.0
OT-007899,PAR-010513,PS-EQ-10,2027-11-17,Preventiva,9.9,2,Revestimiento (liner),1328.0
OT-005957,PAR-007848,PS-EQ-02,2026-09-10,Preventiva,7.2,2,Rodamiento,232.0
OT-007833,PAR-010412,PS-EQ-10,2026-06-18,Correctiva,7.7,3,Sello mecánico,7659.0
OT-005664,PAR-007466,PS-EQ-01,2026-05-23,Correctiva,9.7,1,Ninguno (solo mano de obra),230.0
OT-007238,PAR-009570,PS-EQ-07,2027-05-31,Preventiva,5.2,3,Ninguno (solo mano de obra),1789.0
OT-006252,PAR-008251,PS-EQ-04,2024-03-06,Correctiva,18.1,1,Faja/correa,3923.0
OT-006455,PAR-008513,PS-EQ-04,2027-02-10,Correctiva,1.5,3,Ninguno (solo mano de obra),7151.0
OT-005771,PAR-007613,PS-EQ-02,2024-02-07,Correctiva,0.4,3,Faja/correa,3061.0
OT-007746,PAR-010281,PS-EQ-10,2024-08-12,Correctiva,1.2,2,Sello mecánico,173.0
OT-007185,PAR-009498,PS-EQ-07,2026-04-05,Correctiva,4.6,2,Faja/correa,1703.0
OT-006874,PAR-009076,PS-EQ-06,2025-02-01,Preventiva,7.3,1,Sensor/instrumento,1808.0
OT-006088,PAR-008026,PS-EQ-03,2024-08-26,Correctiva,22.2,3,Motor eléctrico,5200.0
OT-006359,PAR-008381,PS-EQ-04,2025-09-26,Preventiva,6.6,1,Revestimiento (liner),101.0
OT-006690,PAR-008815,PS-EQ-05,2026-05-02,Correctiva,10.4,3,Sensor/instrumento,6106.0
OT-007334,PAR-009706,PS-EQ-08,2025-01-26,Correctiva,22.5,2,Ninguno (solo mano de obra),5156.0
OT-005875,PAR-007738,PS-EQ-02,2025-06-30,Preventiva,9.1,3,Faja/correa,2006.0
OT-006248,PAR-008247,PS-EQ-04,2024-02-19,Correctiva,11.0,1,Sensor/instrumento,5837.0
OT-005672,PAR-007477,PS-EQ-01,2026-06-26,Correctiva,14.3,2,Sensor/instrumento,39.0
OT-007754,PAR-010290,PS-EQ-10,2024-10-04,Correctiva,2.7,1,Revestimiento (liner),6089.0
OT-005948,PAR-007836,PS-EQ-02,2026-07-22,Correctiva,13.0,1,Ninguno (solo mano de obra),708.0
OT-005585,PAR-007361,PS-EQ-01,2025-03-18,Preventiva,7.5,3,Sello mecánico,982.0
OT-006085,PAR-008022,PS-EQ-03,2024-07-22,Preventiva,7.6,3,Motor eléctrico,1850.0
OT-007182,PAR-009493,PS-EQ-07,2026-03-16,Correctiva,6.0,1,Sello mecánico,7093.0
OT-007908,PAR-010527,PS-EQ-10,2027-12-30,Correctiva,1.3,3,Motor eléctrico,6586.0
OT-005910,PAR-007784,PS-EQ-02,2026-01-24,Correctiva,2.9,1,Faja/correa,6705.0
OT-006164,PAR-008133,PS-EQ-03,2026-05-14,Correctiva,14.2,3,Rodamiento,4561.0
OT-006769,PAR-008923,PS-EQ-05,2027-05-25,Preventiva,4.4,2,Sello mecánico,491.0
OT-006412,PAR-008457,PS-EQ-04,2026-06-29,Preventiva,8.8,3,Faja/correa,770.0
OT-005580,PAR-007351,PS-EQ-01,2025-02-08,Correctiva,18.4,1,Motor eléctrico,5172.0
OT-007639,PAR-010120,PS-EQ-09,2026-03-06,Correctiva,2.5,1,Sensor/instrumento,1702.0
OT-006086,PAR-008024,PS-EQ-03,2024-08-04,Correctiva,6.9,3,Sensor/instrumento,6697.0
OT-005876,PAR-007740,PS-EQ-02,2025-07-03,Correctiva,2.7,1,Rodamiento,1987.0
OT-006197,PAR-008173,PS-EQ-03,2026-12-30,Preventiva,8.9,2,Rodamiento,1116.0
OT-006542,PAR-008629,PS-EQ-05,2024-04-28,Correctiva,2.1,3,Ninguno (solo mano de obra),2046.0
OT-007676,PAR-010176,PS-EQ-09,2026-12-22,Preventiva,8.0,3,Motor eléctrico,1274.0
OT-005960,PAR-007851,PS-EQ-02,2026-09-17,Correctiva,24.8,2,Motor eléctrico,1960.0
OT-006066,PAR-007994,PS-EQ-03,2024-03-07,Correctiva,2.4,1,Ninguno (solo mano de obra),7370.0
OT-007866,PAR-010459,PS-EQ-10,2027-03-22,Preventiva,10.6,2,Sello mecánico,1266.0
OT-006958,PAR-009181,PS-EQ-06,2026-04-01,Correctiva,17.2,1,Ninguno (solo mano de obra),3887.0
OT-007253,PAR-009589,PS-EQ-07,2027-09-13,Preventiva,8.7,3,Faja/correa,1439.0
OT-005863,PAR-007724,PS-EQ-02,2025-05-07,Correctiva,1.9,3,Revestimiento (liner),2892.0
OT-006950,PAR-009168,PS-EQ-06,2026-02-09,Correctiva,12.1,2,Ninguno (solo mano de obra),3462.0
OT-006417,PAR-008463,PS-EQ-04,2026-07-23,Correctiva,22.0,1,Faja/correa,3068.0
OT-006589,PAR-008691,PS-EQ-05,2024-12-13,Correctiva,2.1,1,Ninguno (solo mano de obra),3909.0
OT-006175,PAR-008148,PS-EQ-03,2026-08-14,Correctiva,8.6,2,Faja/correa,477.0
OT-006376,PAR-008408,PS-EQ-04,2026-01-01,Correctiva,5.1,1,Rodamiento,5805.0
OT-005950,PAR-007839,PS-EQ-02,2026-07-30,Correctiva,16.2,1,Rodamiento,5928.0
OT-006526,PAR-008609,PS-EQ-05,2024-02-25,Preventiva,11.0,2,Motor eléctrico,2482.0
OT-007842,PAR-010424,PS-EQ-10,2026-09-13,Correctiva,3.6,1,Revestimiento (liner),3420.0
OT-007314,PAR-009678,PS-EQ-08,2024-09-23,Correctiva,9.4,3,Sensor/instrumento,5939.0
OT-007272,PAR-009622,PS-EQ-08,2024-01-28,Correctiva,24.0,2,Faja/correa,3750.0
OT-006750,PAR-008896,PS-EQ-05,2027-02-13,Correctiva,6.3,3,Sello mecánico,5746.0
OT-006722,PAR-008860,PS-EQ-05,2026-10-11,Correctiva,25.0,2,Rodamiento,1487.0
OT-005671,PAR-007476,PS-EQ-01,2026-06-22,Correctiva,5.9,2,Sello mecánico,162.0
OT-005553,PAR-007315,PS-EQ-01,2024-08-25,Correctiva,9.3,3,Rodamiento,5362.0
OT-006878,PAR-009083,PS-EQ-06,2025-02-24,Correctiva,9.3,1,Sensor/instrumento,7648.0
OT-006702,PAR-008835,PS-EQ-05,2026-07-21,Correctiva,12.8,3,Sello mecánico,2187.0
OT-006443,PAR-008497,PS-EQ-04,2026-12-09,Correctiva,3.3,1,Sello mecánico,5827.0
OT-007585,PAR-010043,PS-EQ-09,2025-02-04,Correctiva,17.3,1,Ninguno (solo mano de obra),447.0
OT-006696,PAR-008826,PS-EQ-05,2026-05-29,Correctiva,9.9,1,Revestimiento (liner),1258.0
OT-006824,PAR-009008,PS-EQ-06,2024-05-25,Correctiva,1.6,1,Sensor/instrumento,79.0
OT-005851,PAR-007710,PS-EQ-02,2025-03-19,Preventiva,9.9,3,Motor eléctrico,724.0
OT-007126,PAR-009403,PS-EQ-07,2024-12-22,Preventiva,11.8,2,Motor eléctrico,2425.0
OT-006935,PAR-009151,PS-EQ-06,2025-12-21,Correctiva,12.2,2,Revestimiento (liner),6102.0
OT-006022,PAR-007937,PS-EQ-02,2027-06-29,Correctiva,16.8,2,Motor eléctrico,7396.0
OT-005534,PAR-007293,PS-EQ-01,2024-04-23,Preventiva,9.1,1,Ninguno (solo mano de obra),2191.0
OT-005589,PAR-007366,PS-EQ-01,2025-04-05,Correctiva,10.6,2,Faja/correa,54.0
OT-006604,PAR-008707,PS-EQ-05,2025-01-28,Correctiva,1.5,3,Revestimiento (liner),5171.0
OT-007296,PAR-009655,PS-EQ-08,2024-06-15,Correctiva,28.0,2,Sensor/instrumento,5724.0
OT-007250,PAR-009586,PS-EQ-07,2027-08-30,Correctiva,2.9,3,Faja/correa,1246.0
OT-006454,PAR-008512,PS-EQ-04,2027-02-01,Correctiva,11.5,3,Sello mecánico,4831.0
OT-007163,PAR-009459,PS-EQ-07,2025-10-04,Preventiva,6.3,1,Revestimiento (liner),980.0
OT-006729,PAR-008868,PS-EQ-05,2026-11-14,Correctiva,4.2,2,Sensor/instrumento,4285.0
OT-005862,PAR-007723,PS-EQ-02,2025-05-06,Correctiva,11.3,2,Revestimiento (liner),7298.0
OT-006699,PAR-008832,PS-EQ-05,2026-06-13,Correctiva,30.3,3,Rodamiento,4150.0
OT-005819,PAR-007667,PS-EQ-02,2024-10-01,Correctiva,1.9,3,Ninguno (solo mano de obra),759.0
OT-007389,PAR-009771,PS-EQ-08,2025-10-19,Preventiva,8.9,2,Faja/correa,224.0
OT-007168,PAR-009471,PS-EQ-07,2025-12-22,Preventiva,12.3,2,Sensor/instrumento,1594.0
OT-006943,PAR-009160,PS-EQ-06,2026-01-23,Correctiva,8.4,2,Faja/correa,2538.0
OT-007843,PAR-010426,PS-EQ-10,2026-09-27,Preventiva,5.0,1,Rodamiento,2394.0
OT-006201,PAR-008179,PS-EQ-03,2027-02-13,Correctiva,2.4,2,Sello mecánico,3773.0
OT-007245,PAR-009580,PS-EQ-07,2027-08-05,Preventiva,5.7,3,Motor eléctrico,2429.0
OT-005725,PAR-007554,PS-EQ-01,2027-04-12,Preventiva,12.2,2,Sensor/instrumento,1302.0
OT-006537,PAR-008621,PS-EQ-05,2024-04-03,Correctiva,7.6,2,Sello mecánico,5007.0
OT-007000,PAR-009237,PS-EQ-06,2026-11-17,Correctiva,24.2,3,Faja/correa,7602.0
OT-006736,PAR-008878,PS-EQ-05,2026-12-31,Correctiva,4.5,1,Revestimiento (liner),5104.0
OT-007335,PAR-009707,PS-EQ-08,2025-01-31,Correctiva,1.0,3,Revestimiento (liner),6797.0
OT-006293,PAR-008302,PS-EQ-04,2024-10-16,Correctiva,11.5,3,Revestimiento (liner),2484.0
OT-005662,PAR-007464,PS-EQ-01,2026-05-13,Correctiva,8.3,2,Revestimiento (liner),1903.0
OT-007425,PAR-009816,PS-EQ-08,2026-03-16,Correctiva,11.2,1,Rodamiento,6140.0
OT-006752,PAR-008901,PS-EQ-05,2027-03-17,Preventiva,8.2,2,Sello mecánico,504.0
OT-006811,PAR-008992,PS-EQ-06,2024-04-09,Correctiva,4.1,2,Ninguno (solo mano de obra),4040.0
OT-007508,PAR-009925,PS-EQ-08,2027-06-29,Correctiva,7.5,2,Sensor/instrumento,512.0
OT-006571,PAR-008670,PS-EQ-05,2024-10-05,Correctiva,14.4,1,Revestimiento (liner),6101.0
OT-006539,PAR-008623,PS-EQ-05,2024-04-09,Preventiva,3.9,1,Ninguno (solo mano de obra),853.0
OT-006231,PAR-008223,PS-EQ-03,2027-10-19,Correctiva,13.7,3,Revestimiento (liner),6263.0
OT-006601,PAR-008704,PS-EQ-05,2025-01-18,Correctiva,15.3,3,Faja/correa,3329.0
OT-005557,PAR-007322,PS-EQ-01,2024-09-22,Correctiva,12.2,3,Sensor/instrumento,3909.0
OT-005930,PAR-007811,PS-EQ-02,2026-04-30,Correctiva,12.9,2,Rodamiento,6882.0
OT-006691,PAR-008817,PS-EQ-05,2026-05-10,Correctiva,9.3,3,Sensor/instrumento,6881.0
OT-006818,PAR-009000,PS-EQ-06,2024-05-09,Correctiva,17.4,2,Rodamiento,185.0
OT-006342,PAR-008363,PS-EQ-04,2025-06-23,Preventiva,10.0,1,Revestimiento (liner),1574.0
OT-006834,PAR-009023,PS-EQ-06,2024-07-15,Correctiva,30.4,3,Ninguno (solo mano de obra),4354.0
OT-005584,PAR-007357,PS-EQ-01,2025-03-05,Correctiva,16.4,3,Sello mecánico,6745.0
OT-006536,PAR-008620,PS-EQ-05,2024-03-31,Correctiva,4.0,3,Motor eléctrico,199.0
OT-007545,PAR-009980,PS-EQ-09,2024-02-24,Preventiva,9.0,2,Sello mecánico,1581.0
OT-007034,PAR-009282,PS-EQ-06,2027-05-27,Preventiva,5.2,3,Rodamiento,2314.0
OT-007009,PAR-009249,PS-EQ-06,2026-12-26,Correctiva,10.5,2,Sensor/instrumento,4462.0
OT-007677,PAR-010179,PS-EQ-09,2027-01-05,Correctiva,16.8,2,Faja/correa,7406.0
OT-007552,PAR-009989,PS-EQ-09,2024-05-04,Preventiva,11.1,3,Rodamiento,1311.0
OT-006101,PAR-008047,PS-EQ-03,2025-01-05,Preventiva,7.2,2,Sensor/instrumento,347.0
OT-006586,PAR-008688,PS-EQ-05,2024-11-28,Correctiva,3.7,1,,7153.0
OT-007675,PAR-010175,PS-EQ-09,2026-12-20,Correctiva,0.5,1,Ninguno (solo mano de obra),1345.0
OT-007347,PAR-009721,PS-EQ-08,2025-03-29,Preventiva,10.6,3,Motor eléctrico,1794.0
OT-006162,PAR-008131,PS-EQ-03,2026-04-30,Preventiva,11.2,2,Faja/correa,1421.0
OT-005954,PAR-007843,PS-EQ-02,2026-08-20,Preventiva,9.1,3,Sello mecánico,399.0
OT-006714,PAR-008852,PS-EQ-05,2026-09-06,Correctiva,0.5,1,Ninguno (solo mano de obra),2188.0
OT-006191,PAR-008167,PS-EQ-03,2026-12-16,Preventiva,6.8,3,Sensor/instrumento,1669.0
OT-007298,PAR-009659,PS-EQ-08,2024-07-02,Correctiva,25.9,3,Faja/correa,4327.0
OT-005647,PAR-007443,PS-EQ-01,2026-03-04,Correctiva,1.0,1,Faja/correa,2098.0
OT-007630,PAR-010108,PS-EQ-09,2025-12-06,Preventiva,3.7,1,Rodamiento,1902.0
OT-007820,PAR-010391,PS-EQ-10,2026-02-27,Preventiva,8.8,3,Sello mecánico,1695.0
OT-007109,PAR-009377,PS-EQ-07,2024-07-03,Preventiva,7.9,2,Sensor/instrumento,1490.0
OT-007672,PAR-010171,PS-EQ-09,2026-11-20,Preventiva,7.3,1,Rodamiento,285.0
OT-006676,PAR-008796,PS-EQ-05,2026-03-01,Preventiva,4.8,2,Motor eléctrico,1429.0
OT-007241,PAR-009575,PS-EQ-07,2027-06-22,Preventiva,8.0,3,Revestimiento (liner),1674.0
OT-007739,PAR-010273,PS-EQ-10,2024-07-01,Correctiva,8.9,3,Faja/correa,6010.0
OT-007902,PAR-010520,PS-EQ-10,2027-12-07,Preventiva,9.4,3,Sello mecánico,170.0
OT-006763,PAR-008915,PS-EQ-05,2027-04-29,Correctiva,1.1,1,Faja/correa,622.0
OT-005866,PAR-007728,PS-EQ-02,2025-05-16,Preventiva,7.3,3,Ninguno (solo mano de obra),442.0
OT-007127,PAR-009405,PS-EQ-07,2025-01-05,Preventiva,6.1,2,Motor eléctrico,2240.0
OT-007176,PAR-009482,PS-EQ-07,2026-02-09,Correctiva,0.5,2,Motor eléctrico,5495.0
OT-007031,PAR-009277,PS-EQ-06,2027-05-09,Preventiva,12.0,1,Sensor/instrumento,763.0
OT-007873,PAR-010472,PS-EQ-10,2027-05-09,Correctiva,2.3,3,Sensor/instrumento,6577.0
OT-007234,PAR-009564,PS-EQ-07,2027-04-08,Preventiva,6.8,2,Motor eléctrico,2122.0
OT-007362,PAR-009739,PS-EQ-08,2025-06-06,Correctiva,30.6,1,Sensor/instrumento,5943.0
OT-007440,PAR-009834,PS-EQ-08,2026-05-28,Correctiva,6.5,1,Revestimiento (liner),5641.0
OT-007190,PAR-009506,PS-EQ-07,2026-05-19,Preventiva,9.7,3,Ninguno (solo mano de obra),2033.0
OT-006315,PAR-008332,PS-EQ-04,2025-01-27,Correctiva,18.5,1,Sensor/instrumento,3023.0
OT-006754,PAR-008905,PS-EQ-05,2027-04-02,Correctiva,9.3,3,Faja/correa,3676.0
OT-006614,PAR-008719,PS-EQ-05,2025-04-01,Preventiva,11.3,2,Faja/correa,1324.0
OT-006274,PAR-008277,PS-EQ-04,2024-06-29,Correctiva,4.5,3,Rodamiento,4020.0
OT-005550,PAR-007312,PS-EQ-01,2024-08-08,Correctiva,9.7,1,Motor eléctrico,381.0
OT-006913,PAR-009125,PS-EQ-06,2025-08-23,Correctiva,6.0,1,Sello mecánico,3923.0
OT-006937,PAR-009153,PS-EQ-06,2025-12-25,Correctiva,8.3,1,Sello mecánico,3159.0
OT-007502,PAR-009919,PS-EQ-08,2027-06-05,Correctiva,5.9,3,Rodamiento,3946.0
OT-007722,PAR-010244,PS-EQ-10,2024-01-31,Correctiva,1.6,1,Sello mecánico,502.0
OT-007775,PAR-010322,PS-EQ-10,2025-03-01,Correctiva,5.6,2,Sensor/instrumento,311.0
OT-006829,PAR-009014,PS-EQ-06,2024-06-17,Correctiva,0.6,1,Sello mecánico,1008.0
OT-007676,PAR-010176,PS-EQ-09,2026-12-22,Preventiva,8.0,3,Motor eléctrico,1274.0
OT-006988,PAR-009220,PS-EQ-06,2026-09-17,Correctiva,2.9,1,Sello mecánico,1013.0
OT-006632,PAR-008741,PS-EQ-05,2025-07-12,Correctiva,1.2,1,Revestimiento (liner),3518.0
OT-005804,PAR-007651,PS-EQ-02,2024-07-16,Correctiva,1.3,1,Revestimiento (liner),3149.0
OT-005904,PAR-007777,PS-EQ-02,2025-12-23,Preventiva,7.8,2,Revestimiento (liner),2324.0
OT-007495,PAR-009909,PS-EQ-08,2027-04-05,Preventiva,9.3,3,Ninguno (solo mano de obra),137.0
OT-006828,PAR-009012,PS-EQ-06,2024-06-13,Correctiva,4.3,3,Ninguno (solo mano de obra),4166.0
OT-005753,PAR-007587,PS-EQ-01,2027-10-07,Preventiva,13.1,2,Sensor/instrumento,429.0
OT-006126,PAR-008085,PS-EQ-03,2025-07-21,Correctiva,14.7,2,Motor eléctrico,2496.0
OT-007604,PAR-010070,PS-EQ-09,2025-06-12,Correctiva,1.3,1,Ninguno (solo mano de obra),2654.0
OT-005637,PAR-007432,PS-EQ-01,2026-01-08,Preventiva,9.2,1,Revestimiento (liner),1654.0
OT-006617,PAR-008722,PS-EQ-05,2025-04-24,Preventiva,8.1,2,Sensor/instrumento,2217.0
OT-005976,PAR-007873,PS-EQ-02,2026-11-11,Correctiva,3.0,1,Rodamiento,6835.0
OT-007458,PAR-009858,PS-EQ-08,2026-08-21,Correctiva,11.1,3,Sello mecánico,3521.0
OT-005515,PAR-007272,PS-EQ-01,2024-02-09,Preventiva,11.0,3,Faja/correa,2407.0
OT-005964,PAR-007856,PS-EQ-02,2026-09-28,Correctiva,12.5,2,Rodamiento,6455.0
OT-006626,PAR-008733,PS-EQ-05,2025-06-03,Correctiva,15.3,1,Sensor/instrumento,4445.0
OT-007068,PAR-009326,PS-EQ-06,2027-11-15,Correctiva,14.7,3,Ninguno (solo mano de obra),1804.0
OT-005951,PAR-007840,PS-EQ-02,2026-08-01,Correctiva,4.3,3,Ninguno (solo mano de obra),872.0
OT-005653,PAR-007450,PS-EQ-01,2026-03-28,Preventiva,5.5,2,Faja/correa,744.0
OT-007014,PAR-009255,PS-EQ-06,2027-01-30,Preventiva,9.1,2,Ninguno (solo mano de obra),2173.0
OT-005734,PAR-007565,PS-EQ-01,2027-06-27,Correctiva,1.0,2,Revestimiento (liner),7778.0
