Fecha,Cod_Equipo,Horas_Trab,Horas_Parada,Ton_Producidas,Ton_Rechazo,Cap_Nominal_TMH,Fecha_Carga
03/12/2024,PN-EQ-07	,24.0,0.0,7220.2,227.0,350.0,2024-12-04 00:00:00
18/09/2024,PN-EQ-05	,24.0,0.0,6572.6,50.1,300.0,2024-09-19 00:00:00
21/04/2025,PN_EQ_07,24.0,0.0,7139.1,109.8,350.0,2025-04-22 00:00:00
12/04/2024, PN-EQ-01,24.0,0.0,11141.7,90.0,520.0,2024-04-13 00:00:00
16/02/2024,PN_EQ_02,24.0,0.0,8809.7,160.9,430.0,2024-02-17 00:00:00
31/03/2025,pn-eq-01,24.0,0.0,11194.1,234.1,520.0,2025-04-01 00:00:00
26/10/2025,PNEQ07,24.0,0.0,7620.1,133.6,350.0,2025-10-27 00:00:00
02/01/2026, PN-EQ-04,16.7,7.3,7040.1,183.1,460.0,2026-01-03 00:00:00
05/07/2024,PN-EQ-03 ,24.0,0.0,8643.7,270.6,380.0,2024-07-06 00:00:00
14/08/2025,PN-EQ-01,24.0,0.0,10840.2,193.1,520.0,2025-08-15 00:00:00
23/01/2024,PN-EQ-05 ,21.6,2.4,5851.7,66.2,300.0,2024-01-24 00:00:00
25/11/2024,PN-EQ-09 ,24.0,0.0,5688.1,124.9,260.0,2024-11-26 00:00:00
29/09/2025,PN-EQ-05	,24.0,,5901.7,62.2,300.0,2025-09-30 00:00:00
22/11/2024,PN_EQ_07,16.1,7.9,5033.2,160.8,350.0,2024-11-23 00:00:00
27/09/2024,PN-EQ-07 ,23.5,0.5,7532.3,165.2,350.0,2024-09-28 00:00:00
29/10/2024, PN-EQ-08,24.0,0.0,8867.7,232.6,400.0,2024-10-30 00:00:00
09/01/2025,PNEQ01,24.0,0.0,11147.1,202.3,520.0,2025-01-10 00:00:00
10/05/2025,pn-eq-09,24.0,0.0,5404.7,,260.0,2025-05-11 00:00:00
15/04/2025,PN-EQ-03 ,24.0,0.0,8555.7,203.8,380.0,2025-04-16 00:00:00
06/08/2024,PNEQ08,24.0,0.0,8470.1,160.8,400.0,2024-08-07 00:00:00
12/11/2024,PN-EQ-06	,24.0,0.0,6489.3,262.3,300.0,2024-11-13 00:00:00
09/11/2025,PN-EQ-09,24.0,0.0,5257.1,37.6,260.0,2025-11-10 00:00:00
25/02/2024,pn-eq-03,24.0,0.0,7952.4,215.6,380.0,2024-02-26 00:00:00
10/12/2024,PNEQ03,24.0,0.0,8477.4,99.6,380.0,2024-12-11 00:00:00
15/04/2025,PN-EQ-05,24.0,0.0,6294.0,148.1,300.0,2025-04-16 00:00:00
09/12/2024,PNEQ04,24.0,0.0,10267.5,295.8,460.0,2024-12-10 00:00:00
27/12/2025,pn-eq-05,24.0,0.0,6632.3,128.5,300.0,2025-12-28 00:00:00
23/03/2024,PN_EQ_06,24.0,0.0,6165.7,123.4,300.0,2024-03-24 00:00:00
12/09/2024,PN_EQ_04,24.0,0.0,10589.6,286.3,460.0,2024-09-13 00:00:00
28/07/2024,PN-EQ-04,24.0,0.0,9629.8,162.6,460.0,2024-07-29 00:00:00
23/08/2024,pn-eq-07,24.0,0.0,7118.6,94.0,350.0,2024-08-24 00:00:00
21/12/2024,PN_EQ_08,24.0,0.0,9067.6,199.8,400.0,2024-12-22 00:00:00
02/12/2025,PN-EQ-09,24.0,0.0,5191.9,57.1,260.0,2025-12-03 00:00:00
13/08/2024,PN-EQ-09 ,24.0,0.0,5335.2,74.0,260.0,2024-08-14 00:00:00
21/05/2024, PN-EQ-04,24.0,0.0,9021.4,177.7,460.0,2024-05-22 00:00:00
12/09/2025, PN-EQ-04,24.0,0.0,10898.1,200.6,460.0,2025-09-13 00:00:00
29/06/2025,PN-EQ-09 ,24.0,0.0,5801.2,116.8,260.0,2025-06-30 00:00:00
31/05/2025,PN-EQ-10,24.0,0.0,10108.4,75.0,500.0,2025-06-01 00:00:00
10/01/2024,PN-EQ-10	,4.0,20.0,1651.5,23.1,500.0,2024-01-11 00:00:00
08/07/2025,PN_EQ_06,24.0,0.0,6093.5,62.5,300.0,2025-07-09 00:00:00
17/01/2025,PN-EQ-08 ,24.0,0.0,7989.1,211.7,400.0,2025-01-18 00:00:00
07/08/2024, PN-EQ-10,22.3,1.7,10694.8,94.2,500.0,2024-08-08 00:00:00
02/07/2025,PN-EQ-01,24.0,0.0,11725.7,354.9,520.0,2025-07-03 00:00:00
17/03/2025,pn-eq-01,4.0,20.0,1892.6,20.7,520.0,2025-03-18 00:00:00
11/08/2024,PN-EQ-03 ,10.4,13.6,3493.0,77.1,380.0,2024-08-12 00:00:00
04/08/2025,PN-EQ-01 ,24.0,0.0,11454.2,75.6,520.0,2025-08-05 00:00:00
13/01/2025,PN-EQ-10,24.0,0.0,9774.6,243.2,500.0,2025-01-14 00:00:00
28/05/2025,PN-EQ-05	,23.3,0.7,6674.9,110.3,300.0,2025-05-29 00:00:00
20/01/2025,PNEQ10,24.0,0.0,10739.8,232.8,500.0,2025-01-21 00:00:00
22/03/2025,pn-eq-01,22.0,2.0,9662.2,158.2,520.0,2025-03-23 00:00:00
21/12/2025,PN-EQ-09,24.0,0.0,5684.8,147.5,260.0,2025-12-22 00:00:00
23/07/2024,PNEQ02,24.0,0.0,9295.7,145.1,430.0,2024-07-24 00:00:00
18/11/2024,PN-EQ-10,24.0,0.0,10244.3,149.4,500.0,2024-11-16 00:00:00
13/07/2025,PN_EQ_08,24.0,0.0,8512.4,123.9,400.0,2025-07-14 00:00:00
05/01/2024, PN-EQ-08,24.0,0.0,8610.6,133.1,400.0,2024-01-06 00:00:00
04/07/2024,PNEQ10,12.2,11.8,6039.0,123.5,500.0,2024-07-05 00:00:00
30/04/2024,PNEQ09,24.0,0.0,6177.6,88.4,260.0,2024-05-01 00:00:00
13/04/2024,pn-eq-10,24.0,0.0,11081.6,191.3,500.0,2024-04-14 00:00:00
08/02/2025,pn-eq-03,22.5,1.5,7602.5,221.2,380.0,2025-02-09 00:00:00
12/12/2024, PN-EQ-05,24.0,0.0,6134.0,119.4,300.0,2024-12-13 00:00:00
04/03/2025,PN-EQ-10,24.0,0.0,10831.5,157.0,500.0,2025-03-05 00:00:00
28/11/2025,PN-EQ-10 ,24.0,0.0,11200.9,191.9,500.0,2025-11-29 00:00:00
04/03/2025,pn-eq-09,24.0,0.0,5192.0,123.6,260.0,2025-03-05 00:00:00
10/06/2024,PN-EQ-01	,22.9,1.1,11447.2,176.8,520.0,2024-06-11 00:00:00
22/02/2024,PNEQ07,24.0,0.0,6962.6,133.7,350.0,2024-02-23 00:00:00
16/05/2024,PN_EQ_09,24.0,0.0,5346.7,95.8,260.0,2024-05-17 00:00:00
21/09/2024,PN-EQ-02 ,24.0,0.0,8853.0,207.3,430.0,2024-09-22 00:00:00
19/10/2025, PN-EQ-07,24.0,0.0,7379.2,208.5,350.0,2025-10-20 00:00:00
07/01/2025,PN-EQ-06	,24.0,0.0,5575.7,165.2,300.0,2025-01-06 00:00:00
01/11/2024,pn-eq-04,24.0,0.0,10028.0,155.6,460.0,2024-11-02 00:00:00
30/08/2025,PN-EQ-02	,24.0,0.0,9155.7,198.2,430.0,2025-08-31 00:00:00
25/10/2025,PN-EQ-10 ,4.0,20.0,1764.5,18.3,500.0,2025-10-26 00:00:00
14/02/2024,pn-eq-07,24.0,0.0,7382.2,241.1,350.0,2024-02-15 00:00:00
20/06/2025,PN_EQ_08,24.0,0.0,8745.0,215.6,400.0,2025-06-21 00:00:00
27/02/2025,PN-EQ-03 ,24.0,0.0,7961.9,197.4,380.0,2025-02-28 00:00:00
23/12/2025,PN-EQ-01,24.0,0.0,11334.1,215.6,520.0,2025-12-24 00:00:00
01/09/2024,PN-EQ-01 ,24.0,0.0,11307.7,158.1,520.0,2024-09-02 00:00:00
21/06/2025,PNEQ09,17.1,6.9,3883.6,93.3,260.0,2025-06-22 00:00:00
26/02/2025, PN-EQ-09,10.8,13.2,2539.6,43.2,260.0,2025-02-27 00:00:00
10/04/2025,PN_EQ_07,24.0,0.0,7962.4,254.3,350.0,2025-04-11 00:00:00
02/12/2025,PN_EQ_10,24.0,,10030.1,160.0,500.0,2025-12-03 00:00:00
08/12/2025,PN-EQ-05,22.9,1.1,6038.6,159.3,300.0,2025-12-09 00:00:00
31/08/2025,PN-EQ-03 ,16.9,,5882.5,88.8,380.0,2025-09-01 00:00:00
06/11/2025, PN-EQ-10,24.0,0.0,11208.7,208.3,500.0,2025-11-07 00:00:00
01/08/2024,PN-EQ-02 ,24.0,0.0,8879.5,222.0,430.0,2024-08-02 00:00:00
23/07/2024,PN-EQ-06,24.0,0.0,6313.6,0.0,300.0,2024-07-24 00:00:00
30/08/2024,PNEQ08,24.0,0.0,8698.5,174.7,400.0,2024-08-31 00:00:00
04/11/2025,PNEQ05,24.0,0.0,6312.2,196.7,300.0,2025-11-05 00:00:00
27/08/2024,pn-eq-03,24.0,0.0,8580.5,179.6,380.0,2024-08-28 00:00:00
29/08/2024,PN-EQ-08,24.0,0.0,8735.9,337.9,400.0,2024-08-30 00:00:00
13/03/2024,PN_EQ_05,24.0,0.0,6594.8,101.1,300.0,2024-03-14 00:00:00
14/03/2025,pn-eq-04,24.0,0.0,9903.6,246.4,460.0,2025-03-15 00:00:00
09/04/2024, PN-EQ-09,24.0,0.0,5918.8,201.4,260.0,2024-04-10 00:00:00
12/08/2024,PN-EQ-07	,24.0,0.0,7048.9,238.2,350.0,2024-08-13 00:00:00
12/04/2024,PN-EQ-09 ,22.1,1.9,5170.6,161.5,260.0,2024-04-13 00:00:00
21/11/2024,pn-eq-04,22.4,1.6,8555.0,215.3,460.0,2024-11-22 00:00:00
05/01/2025,pn-eq-10,15.6,8.4,6869.6,201.4,500.0,2025-01-06 00:00:00
14/06/2025,PN-EQ-06,24.0,0.0,6956.0,155.2,300.0,2025-06-15 00:00:00
09/05/2024,PN_EQ_09,24.0,0.0,5790.1,51.3,260.0,2024-05-10 00:00:00
17/12/2025,PNEQ01,24.0,0.0,11057.7,245.0,520.0,2025-12-18 00:00:00
18/01/2024,PN-EQ-05,24.0,0.0,6828.3,,300.0,2024-01-19 00:00:00
22/01/2024,PN-EQ-07,24.0,0.0,7677.2,134.5,350.0,2024-01-23 00:00:00
22/12/2024, PN-EQ-01,24.0,0.0,10764.1,202.6,520.0,2024-12-23 00:00:00
17/11/2025,PNEQ03,24.0,0.0,8796.1,194.2,380.0,2025-11-18 00:00:00
08/07/2025,PN-EQ-05	,24.0,0.0,6658.7,101.8,300.0,2025-07-09 00:00:00
22/09/2024, PN-EQ-02,24.0,0.0,8790.3,152.8,430.0,2024-09-23 00:00:00
20/05/2024,PNEQ09,24.0,0.0,5435.9,101.5,260.0,2024-05-21 00:00:00
14/11/2024,pn-eq-06,21.7,2.3,6444.9,206.1,300.0,2024-11-15 00:00:00
13/11/2024, PN-EQ-03,24.0,0.0,8401.0,208.7,380.0,2024-11-14 00:00:00
29/08/2024,pn-eq-02,12.6,11.4,5034.4,65.1,430.0,2024-08-30 00:00:00
17/12/2024,PN-EQ-04 ,24.0,0.0,9773.5,155.7,460.0,2024-12-18 00:00:00
31/01/2024,PN-EQ-09 ,16.0,8.0,3600.9,,260.0,2024-02-01 00:00:00
09/03/2025,PN-EQ-01 ,24.0,0.0,11191.3,339.0,520.0,2025-03-10 00:00:00
05/01/2025,pn-eq-09,24.0,0.0,5543.6,31.5,260.0,2025-01-06 00:00:00
02/06/2025,PN-EQ-10 ,24.0,0.0,11172.1,163.4,500.0,2025-06-03 00:00:00
28/03/2025,PN-EQ-03	,23.1,0.9,8347.1,229.1,380.0,2025-03-29 00:00:00
03/04/2025,PN_EQ_10,18.1,5.9,8390.8,144.2,500.0,2025-04-04 00:00:00
02/02/2024,pn-eq-05,24.0,0.0,6161.2,77.1,300.0,2024-02-03 00:00:00
08/07/2025,PN-EQ-02	,24.0,0.0,9268.0,114.0,430.0,2025-07-09 00:00:00
10/11/2024,PNEQ09,24.0,0.0,5672.0,69.1,260.0,2024-11-11 00:00:00
08/12/2025,PN_EQ_02,24.0,0.0,9389.8,288.8,430.0,2025-12-09 00:00:00
06/01/2024,PNEQ02,24.0,0.0,9556.9,159.8,430.0,2024-01-07 00:00:00
13/12/2024,PN-EQ-09,24.0,0.0,5560.5,129.0,260.0,2024-12-14 00:00:00
23/08/2024,PN_EQ_03,24.0,0.0,7557.9,25.1,380.0,2024-08-24 00:00:00
11/10/2025,PN_EQ_04,22.4,1.6,8881.2,219.1,460.0,2025-10-12 00:00:00
28/06/2024,PN-EQ-02	,24.0,0.0,9271.8,203.7,430.0,2024-06-29 00:00:00
29/06/2025,PN_EQ_02,24.0,,9681.6,0.0,430.0,2025-06-30 00:00:00
31/12/2025,PN-EQ-05	,18.2,5.8,4992.2,138.4,300.0,2026-01-01 00:00:00
09/06/2024,PN-EQ-03 ,24.0,0.0,7573.1,89.5,380.0,2024-06-10 00:00:00
01/08/2025,PN_EQ_05,24.0,0.0,6310.9,199.5,300.0,2025-08-02 00:00:00
25/09/2025,pn-eq-03,24.0,0.0,8319.6,239.9,380.0,2025-09-26 00:00:00
13/05/2025,PN_EQ_08,24.0,0.0,8284.6,76.8,400.0,2025-05-14 00:00:00
22/07/2024,PNEQ10,24.0,0.0,9691.3,,500.0,2024-07-23 00:00:00
03/04/2024,PN-EQ-02 ,24.0,0.0,9345.1,178.6,430.0,2024-04-04 00:00:00
19/05/2024,pn-eq-08,24.0,0.0,8007.8,193.4,400.0,2024-05-20 00:00:00
03/04/2024,PN_EQ_08,24.0,0.0,8060.8,58.8,400.0,2024-04-01 00:00:00
16/08/2024,pn-eq-01,24.0,0.0,11667.2,,520.0,2024-08-17 00:00:00
12/05/2025,PN-EQ-06	,24.0,0.0,6295.5,40.1,300.0,2025-05-13 00:00:00
09/09/2025,PNEQ09,14.9,9.1,3727.9,,260.0,2025-09-10 00:00:00
12/01/2025,PNEQ07,24.0,0.0,7882.6,127.5,350.0,2025-01-13 00:00:00
28/06/2024,PN-EQ-08 ,24.0,0.0,8368.1,130.4,400.0,2024-06-29 00:00:00
22/05/2024,PN-EQ-09	,24.0,0.0,5956.9,153.7,260.0,2024-05-23 00:00:00
07/05/2025,PN-EQ-08 ,24.0,0.0,7816.0,143.0,400.0,2025-05-08 00:00:00
07/03/2024,PNEQ03,24.0,0.0,8309.7,129.7,380.0,2024-03-08 00:00:00
07/03/2025,pn-eq-06,24.0,0.0,6663.8,96.0,300.0,2025-03-08 00:00:00
03/06/2025,PN-EQ-01	,24.0,0.0,10361.1,153.1,520.0,2025-06-04 00:00:00
20/11/2024,pn-eq-08,18.1,5.9,6108.9,199.9,400.0,2024-11-21 00:00:00
13/04/2024,PN-EQ-06,24.0,0.0,6610.9,140.5,300.0,2024-04-14 00:00:00
17/09/2024,pn-eq-06,19.9,4.1,5268.9,76.4,300.0,2024-09-18 00:00:00
29/10/2025,PN_EQ_10,24.0,,10879.7,305.1,500.0,2025-10-30 00:00:00
17/04/2024,PN_EQ_03,23.1,0.9,8616.6,199.1,380.0,2024-04-18 00:00:00
21/02/2025,PN_EQ_03,13.2,10.8,4514.1,111.2,380.0,2025-02-22 00:00:00
20/11/2024,PN_EQ_09,21.0,3.0,5008.0,101.7,260.0,2024-11-21 00:00:00
27/10/2025,pn-eq-08,24.0,0.0,8804.6,23.4,400.0,2025-10-28 00:00:00
02/02/2024,PN-EQ-03,24.0,0.0,7630.1,65.4,380.0,2024-02-03 00:00:00
21/06/2024,PN_EQ_09,24.0,0.0,5622.0,107.4,260.0,2024-06-22 00:00:00
04/07/2024,PNEQ06,24.0,0.0,6599.6,195.1,300.0,2024-07-05 00:00:00
09/12/2024,pn-eq-09,24.0,0.0,6003.7,133.1,260.0,2024-12-10 00:00:00
08/01/2026,PN-EQ-05	,24.0,,6451.0,48.9,300.0,2026-01-09 00:00:00
07/11/2024,PNEQ09,19.7,4.3,4728.7,41.7,260.0,2024-11-08 00:00:00
01/06/2024,pn-eq-04,24.0,0.0,9421.9,116.2,460.0,2024-06-02 00:00:00
04/01/2025, PN-EQ-06,24.0,0.0,6872.5,72.0,300.0,2025-01-05 00:00:00
18/02/2024,PN-EQ-05 ,24.0,0.0,6784.5,84.2,300.0,2024-02-19 00:00:00
07/12/2024, PN-EQ-05,24.0,0.0,6546.9,117.1,300.0,2024-12-08 00:00:00
27/07/2025,PNEQ03,24.0,0.0,7733.5,128.2,380.0,2025-07-28 00:00:00
18/10/2024,PN-EQ-07,24.0,0.0,7360.8,180.5,350.0,2024-10-19 00:00:00
03/05/2024,PN-EQ-09	,24.0,0.0,5533.9,28.5,260.0,2024-05-04 00:00:00
14/02/2024,PN-EQ-05	,24.0,0.0,5973.5,121.1,300.0,2024-02-15 00:00:00
18/07/2025,PN-EQ-01,24.0,0.0,11264.7,295.1,520.0,2025-07-19 00:00:00
21/04/2025,pn-eq-09,24.0,0.0,5740.5,88.2,260.0,2025-04-22 00:00:00
18/05/2024,PN-EQ-03,24.0,0.0,8100.4,119.2,380.0,2024-05-19 00:00:00
09/07/2024,PN-EQ-06,24.0,0.0,6994.6,100.6,300.0,2024-07-10 00:00:00
06/03/2024,pn-eq-01,21.8,2.2,10517.0,100.7,520.0,2024-03-07 00:00:00
14/12/2025,PNEQ07,22.7,1.3,6298.1,217.9,350.0,2025-12-15 00:00:00
09/04/2024,PN-EQ-10 ,4.0,20.0,1594.7,32.1,500.0,2024-04-10 00:00:00
31/03/2024,pn-eq-07,24.0,0.0,7455.0,143.8,350.0,2024-04-01 00:00:00
20/11/2024,PN-EQ-05	,24.0,0.0,6419.2,138.8,300.0,2024-11-21 00:00:00
16/03/2025, PN-EQ-06,24.0,0.0,6588.3,216.1,300.0,2025-03-17 00:00:00
13/08/2024,PN_EQ_02,24.0,0.0,9218.0,93.0,430.0,2024-08-14 00:00:00
31/12/2025,PN-EQ-10	,22.0,2.0,9728.6,238.5,500.0,2026-01-01 00:00:00
04/08/2025,pn-eq-09,24.0,0.0,5990.1,21.4,260.0,2025-08-05 00:00:00
23/04/2025,pn-eq-01,15.2,8.8,7611.6,235.6,520.0,2025-04-24 00:00:00
22/12/2025,PN-EQ-02 ,23.5,,8915.9,190.6,430.0,2025-12-23 00:00:00
04/12/2024,PN-EQ-07	,24.0,0.0,7961.6,184.4,350.0,2024-12-05 00:00:00
26/10/2024,PN-EQ-10	,24.0,0.0,10322.7,201.6,500.0,2024-10-27 00:00:00
26/11/2025,pn-eq-01,24.0,0.0,10011.9,246.3,520.0,2025-11-27 00:00:00
10/01/2024, PN-EQ-06,24.0,0.0,7117.8,183.3,300.0,2024-01-11 00:00:00
21/08/2025,PN_EQ_10,24.0,0.0,10921.0,345.0,500.0,2025-08-22 00:00:00
28/12/2024,PN-EQ-03 ,24.0,0.0,8155.3,197.7,380.0,2024-12-29 00:00:00
14/11/2024,PN-EQ-01	,24.0,0.0,12355.2,182.6,520.0,2024-11-15 00:00:00
07/10/2024,PN-EQ-06 ,21.5,2.5,5396.0,51.5,300.0,2024-10-08 00:00:00
19/12/2024,PN_EQ_02,9.7,14.3,3740.1,107.2,430.0,2024-12-20 00:00:00
08/05/2024,PN-EQ-05 ,24.0,0.0,7096.8,208.5,300.0,2024-05-09 00:00:00
12/11/2025,PN_EQ_06,24.0,0.0,6168.2,163.6,300.0,2025-11-13 00:00:00
16/07/2025,pn-eq-08,24.0,0.0,8611.8,269.0,400.0,2025-07-17 00:00:00
20/10/2024,PN-EQ-08,24.0,0.0,8567.2,182.8,400.0,2024-10-21 00:00:00
21/12/2024,PNEQ03,24.0,0.0,8408.6,264.3,380.0,2024-12-22 00:00:00
31/10/2025,PN-EQ-07,18.6,5.4,6359.3,66.1,350.0,2025-11-01 00:00:00
18/02/2025,PN_EQ_09,24.0,0.0,4987.4,124.0,260.0,2025-02-19 00:00:00
12/04/2025,PN-EQ-03	,18.8,5.2,6865.8,79.2,380.0,2025-04-13 00:00:00
04/10/2025,PN_EQ_07,9.6,14.4,3091.6,68.3,350.0,2025-10-05 00:00:00
26/12/2024,PN-EQ-10	,24.0,0.0,11583.0,356.4,500.0,2024-12-27 00:00:00
22/04/2024,PN_EQ_01,24.0,0.0,11343.2,,520.0,2024-04-23 00:00:00
09/01/2024,PN-EQ-02	,24.0,0.0,9345.6,177.0,430.0,2024-01-10 00:00:00
05/10/2025,PNEQ08,24.0,0.0,8601.8,293.9,400.0,2025-10-06 00:00:00
12/03/2025,PN_EQ_03,24.0,0.0,7729.8,213.9,380.0,2025-03-13 00:00:00
26/12/2024,PN-EQ-04	,24.0,0.0,10076.2,195.9,460.0,2024-12-27 00:00:00
28/08/2024,PN-EQ-10 ,24.0,0.0,10659.1,284.6,500.0,2024-08-29 00:00:00
21/07/2024,PN-EQ-08,22.5,1.5,7960.5,157.0,400.0,2024-07-22 00:00:00
24/02/2024,PN-EQ-10 ,16.1,7.9,6966.4,92.9,500.0,2024-02-25 00:00:00
26/09/2024, PN-EQ-01,22.7,1.3,10766.9,338.1,520.0,2024-09-27 00:00:00
23/01/2025,PNEQ08,24.0,0.0,7725.9,257.6,400.0,2025-01-22 00:00:00
20/05/2024, PN-EQ-07,24.0,0.0,7834.4,,350.0,2024-05-21 00:00:00
27/03/2024,PN_EQ_01,22.0,2.0,9135.3,246.6,520.0,2024-03-28 00:00:00
10/10/2024,PNEQ07,22.3,1.7,6896.6,160.0,350.0,2024-10-11 00:00:00
21/10/2025,PNEQ01,24.0,0.0,11454.4,261.1,520.0,2025-10-22 00:00:00
27/08/2025,PN-EQ-08,9.4,14.6,3216.3,87.5,400.0,2025-08-28 00:00:00
05/05/2025,PNEQ03,21.1,2.9,6875.4,322.5,380.0,2025-05-04 00:00:00
02/12/2024,PNEQ02,18.6,5.4,7124.8,64.6,430.0,2024-12-03 00:00:00
20/04/2025,PNEQ08,21.0,3.0,7560.9,182.2,400.0,2025-04-21 00:00:00
15/05/2024,pn-eq-07,17.9,6.1,5232.3,131.7,350.0,2024-05-16 00:00:00
10/01/2024,pn-eq-03,24.0,0.0,7896.2,242.1,380.0,2024-01-11 00:00:00
04/10/2024,PN-EQ-04 ,17.3,6.7,7878.4,172.8,460.0,2024-10-05 00:00:00
26/12/2024, PN-EQ-08,24.0,0.0,8858.3,31.2,400.0,2024-12-27 00:00:00
04/01/2026,pn-eq-02,24.0,0.0,8612.7,181.9,430.0,2026-01-05 00:00:00
26/02/2025, PN-EQ-03,24.0,0.0,8162.4,202.1,380.0,2025-02-27 00:00:00
17/07/2025,pn-eq-10,24.0,0.0,10867.8,201.9,500.0,2025-07-18 00:00:00
12/08/2025,pn-eq-07,24.0,0.0,7236.6,176.0,350.0,2025-08-13 00:00:00
21/03/2025,pn-eq-10,4.0,20.0,1688.2,42.2,500.0,2025-03-22 00:00:00
25/06/2024,PN-EQ-09 ,24.0,0.0,5189.4,70.6,260.0,2024-06-26 00:00:00
01/11/2024,PN-EQ-08 ,16.6,7.4,6292.7,142.3,400.0,2024-11-02 00:00:00
14/02/2024,PN-EQ-02,24.0,0.0,9468.0,331.7,430.0,2024-02-15 00:00:00
24/08/2024,PN_EQ_03,24.0,0.0,7739.0,,380.0,2024-08-24 00:00:00
28/06/2024,PNEQ09,24.0,0.0,5366.0,154.5,260.0,2024-06-29 00:00:00
03/09/2024, PN-EQ-04,18.1,5.9,7539.2,176.4,460.0,2024-09-04 00:00:00
17/11/2024,PN_EQ_02,24.0,0.0,9277.4,141.1,430.0,2024-11-18 00:00:00
01/04/2025,PNEQ07,24.0,0.0,7089.3,,350.0,2025-04-02 00:00:00
09/07/2025, PN-EQ-05,24.0,0.0,7088.8,121.5,300.0,2025-07-10 00:00:00
29/04/2024,PN_EQ_08,24.0,0.0,9046.1,102.8,400.0,2024-04-30 00:00:00
17/11/2024,PN_EQ_03,17.0,7.0,5937.2,64.6,380.0,2024-11-18 00:00:00
26/05/2025,PN-EQ-09	,16.5,7.5,4048.9,82.8,260.0,2025-05-27 00:00:00
25/08/2024,PN-EQ-10 ,24.0,0.0,9610.3,126.9,500.0,2024-08-26 00:00:00
03/01/2026,PN-EQ-10 ,23.1,0.9,10992.9,271.2,500.0,2026-01-04 00:00:00
04/10/2024, PN-EQ-02,24.0,0.0,10216.8,136.1,430.0,2024-10-05 00:00:00
26/06/2024,PN-EQ-06,24.0,0.0,5195.4,77.9,300.0,2024-06-27 00:00:00
01/07/2025,PNEQ06,24.0,0.0,6596.4,133.1,300.0,2025-07-02 00:00:00
24/06/2025,PN-EQ-06	,24.0,0.0,5968.9,85.5,300.0,2025-06-25 00:00:00
04/08/2024,PN-EQ-01,24.0,0.0,11409.8,183.2,520.0,2024-08-05 00:00:00
26/01/2024,PNEQ04,24.0,0.0,9465.9,177.3,460.0,2024-01-27 00:00:00
09/06/2025,PN-EQ-06,24.0,0.0,6703.6,98.9,300.0,2025-06-10 00:00:00
05/05/2025, PN-EQ-08,21.2,2.8,7303.2,144.6,400.0,2025-05-06 00:00:00
18/04/2025,PN-EQ-02 ,24.0,0.0,9525.0,191.3,430.0,2025-04-19 00:00:00
29/10/2024,PN-EQ-01 ,16.0,8.0,7278.0,67.2,520.0,2024-10-30 00:00:00
12/01/2024,PNEQ08,24.0,0.0,9215.2,86.3,400.0,2024-01-13 00:00:00
26/01/2025,PN-EQ-04,4.0,20.0,1337.7,23.8,460.0,2025-01-26 00:00:00
29/10/2024,PN-EQ-07 ,8.8,15.2,2606.1,59.9,350.0,2024-10-30 00:00:00
05/04/2025,PN_EQ_04,24.0,0.0,10085.6,98.8,460.0,2025-04-06 00:00:00
25/09/2024, PN-EQ-07,24.0,0.0,7149.2,165.5,350.0,2024-09-26 00:00:00
18/01/2024,PNEQ10,23.1,0.9,10970.1,300.7,500.0,2024-01-19 00:00:00
14/05/2024,PNEQ01,24.0,,12355.2,108.3,520.0,2024-05-15 00:00:00
07/02/2024,PN-EQ-02,24.0,0.0,9396.6,238.0,430.0,2024-02-08 00:00:00
19/04/2024,PN-EQ-10 ,24.0,0.0,10527.4,256.9,500.0,2024-04-20 00:00:00
05/10/2025,PN-EQ-02,24.0,0.0,9131.2,267.1,430.0,2025-10-06 00:00:00
08/11/2025,PN-EQ-09	,24.0,0.0,5317.1,131.6,260.0,2025-11-09 00:00:00
29/04/2025,PN-EQ-06 ,24.0,0.0,6428.6,117.7,300.0,2025-04-30 00:00:00
09/01/2025, PN-EQ-03,24.0,0.0,8182.4,42.2,380.0,2025-01-10 00:00:00
11/12/2025, PN-EQ-06,24.0,0.0,6405.5,199.2,300.0,2025-12-12 00:00:00
27/01/2025,PNEQ10,24.0,0.0,11170.5,138.6,500.0,2025-01-28 00:00:00
24/03/2024, PN-EQ-08,21.9,2.1,7515.7,218.3,400.0,2024-03-25 00:00:00
11/01/2024,pn-eq-09,24.0,0.0,5539.7,69.9,260.0,2024-01-12 00:00:00
16/08/2025, PN-EQ-08,24.0,0.0,8560.9,140.3,400.0,2025-08-17 00:00:00
28/02/2025,PN_EQ_08,24.0,0.0,8565.8,90.8,400.0,2025-03-01 00:00:00
31/03/2025, PN-EQ-08,24.0,0.0,8794.7,242.8,400.0,2025-04-01 00:00:00
24/07/2025,PN-EQ-07 ,24.0,0.0,7725.9,196.7,350.0,2025-07-25 00:00:00
17/01/2025, PN-EQ-06,24.0,0.0,6037.4,192.1,300.0,2025-01-18 00:00:00
09/06/2025,PN_EQ_07,24.0,0.0,7603.8,193.2,350.0,2025-06-10 00:00:00
28/06/2024,pn-eq-01,24.0,0.0,11855.9,270.8,520.0,2024-06-29 00:00:00
03/12/2025,PN-EQ-03,24.0,0.0,8658.3,219.4,380.0,2025-12-04 00:00:00
30/09/2024,PN_EQ_09,24.0,0.0,5775.8,131.8,260.0,2024-10-01 00:00:00
29/05/2025,PN-EQ-01 ,24.0,0.0,11306.0,159.6,520.0,2025-05-30 00:00:00
09/05/2024, PN-EQ-06,19.1,4.9,4675.7,74.9,300.0,2024-05-10 00:00:00
25/09/2025,pn-eq-07,24.0,0.0,6702.2,230.9,350.0,2025-09-26 00:00:00
12/07/2025,PN_EQ_02,24.0,0.0,9430.2,156.0,430.0,2025-07-13 00:00:00
15/04/2025,PN-EQ-02	,21.7,2.3,9076.5,197.4,430.0,2025-04-16 00:00:00
29/05/2025,PN-EQ-04	,24.0,0.0,9328.4,158.5,460.0,2025-05-30 00:00:00
30/03/2025,pn-eq-02,21.4,2.6,8094.4,230.6,430.0,2025-03-31 00:00:00
03/10/2025,PN-EQ-08	,24.0,0.0,8518.6,133.2,400.0,2025-10-04 00:00:00
24/11/2024,PN-EQ-09,16.6,7.4,3910.0,,260.0,2024-11-25 00:00:00
29/09/2025,PNEQ01,24.0,0.0,10986.5,251.0,520.0,2025-09-30 00:00:00
26/03/2024,PN-EQ-09,24.0,0.0,5420.9,,260.0,2024-03-27 00:00:00
27/05/2025,PN-EQ-06 ,24.0,0.0,6597.7,139.6,300.0,2025-05-28 00:00:00
30/09/2025, PN-EQ-08,24.0,0.0,9371.0,172.8,400.0,2025-10-01 00:00:00
21/10/2024,PN-EQ-08,22.3,1.7,7630.6,202.0,400.0,2024-10-22 00:00:00
10/06/2025,PN-EQ-03,24.0,0.0,8721.1,194.2,380.0,2025-06-11 00:00:00
26/03/2024,PN-EQ-05 ,24.0,0.0,6842.6,117.2,300.0,2024-03-27 00:00:00
12/12/2025,pn-eq-10,24.0,0.0,10787.2,179.8,500.0,2025-12-13 00:00:00
08/02/2025,PN_EQ_02,24.0,0.0,9590.1,,430.0,2025-02-09 00:00:00
01/07/2024,PN-EQ-04,24.0,0.0,9773.2,89.0,460.0,2024-07-02 00:00:00
10/08/2025,PN-EQ-10,24.0,0.0,11299.6,253.7,500.0,2025-08-11 00:00:00
22/05/2025, PN-EQ-07,24.0,0.0,6612.8,178.0,350.0,2025-05-23 00:00:00
29/02/2024,PN-EQ-09 ,24.0,0.0,5714.6,132.9,260.0,2024-03-01 00:00:00
05/03/2025, PN-EQ-10,24.0,0.0,10736.7,121.3,500.0,2025-03-06 00:00:00
07/10/2025,PN-EQ-05	,24.0,0.0,6244.5,74.9,300.0,2025-10-08 00:00:00
04/08/2024, PN-EQ-07,24.0,,7110.9,122.7,350.0,2024-08-05 00:00:00
20/03/2025,pn-eq-04,24.0,0.0,9933.9,8.0,460.0,2025-03-21 00:00:00
12/09/2024,pn-eq-05,24.0,,6653.4,140.0,300.0,2024-09-13 00:00:00
07/01/2024,PN-EQ-10	,24.0,0.0,10409.8,206.6,500.0,2024-01-08 00:00:00
31/08/2024,PNEQ03,24.0,0.0,8962.5,213.7,380.0,2024-09-01 00:00:00
04/02/2025, PN-EQ-05,13.3,10.7,3738.3,73.7,300.0,2025-02-05 00:00:00
02/04/2024,PN_EQ_04,14.3,9.7,5774.0,99.9,460.0,2024-04-03 00:00:00
14/07/2024,PN_EQ_05,24.0,0.0,6775.8,111.2,300.0,2024-07-15 00:00:00
11/01/2025,PN-EQ-07	,24.0,0.0,6651.2,187.2,350.0,2025-01-12 00:00:00
14/04/2025,PN_EQ_04,24.0,0.0,9781.9,234.7,460.0,2025-04-15 00:00:00
25/03/2025,PN_EQ_06,17.3,6.7,4253.0,46.5,300.0,2025-03-26 00:00:00
24/04/2024,PN-EQ-08	,24.0,0.0,8322.3,246.8,400.0,2024-04-25 00:00:00
06/08/2024, PN-EQ-03,24.0,0.0,8196.1,128.6,380.0,2024-08-07 00:00:00
12/03/2024,PN_EQ_05,24.0,0.0,5969.7,147.8,300.0,2024-03-13 00:00:00
03/04/2025, PN-EQ-02,24.0,0.0,8704.2,130.2,430.0,2025-03-05 00:00:00
18/12/2025,pn-eq-07,24.0,0.0,7408.1,49.0,350.0,2025-12-19 00:00:00
09/02/2025,PN-EQ-04 ,5.7,18.3,2223.5,19.4,460.0,2025-02-10 00:00:00
10/04/2024,PNEQ10,24.0,0.0,11300.5,182.9,500.0,2024-04-11 00:00:00
04/04/2025,PN-EQ-03 ,24.0,,8385.7,113.1,380.0,2025-04-05 00:00:00
12/09/2024,PN-EQ-03 ,24.0,0.0,8555.8,152.9,380.0,2024-09-13 00:00:00
15/05/2024, PN-EQ-10,24.0,0.0,10408.6,235.2,500.0,2024-05-16 00:00:00
07/04/2025,pn-eq-04,24.0,0.0,9783.0,305.6,460.0,2025-04-08 00:00:00
16/08/2025,PN-EQ-04,24.0,0.0,10687.9,71.1,460.0,2025-08-17 00:00:00
14/07/2024, PN-EQ-01,24.0,0.0,11197.9,80.2,520.0,2024-07-15 00:00:00
04/01/2026,PN-EQ-03	,24.0,0.0,6989.6,184.9,380.0,2026-01-05 00:00:00
19/06/2024,PNEQ01,22.8,1.2,11374.9,134.0,520.0,2024-06-20 00:00:00
09/12/2025,PN-EQ-04,24.0,0.0,9331.1,147.6,460.0,2025-12-08 00:00:00
30/09/2025,PNEQ03,24.0,0.0,8102.2,113.3,380.0,2025-10-01 00:00:00
28/05/2024, PN-EQ-09,24.0,0.0,5950.6,66.6,260.0,2024-05-29 00:00:00
23/06/2024,PN-EQ-04 ,24.0,0.0,9908.9,42.3,460.0,2024-06-24 00:00:00
19/06/2024,PNEQ01,22.8,1.2,10226.8,134.0,520.0,2024-06-18 00:00:00
13/09/2025,PN-EQ-03	,24.0,0.0,9028.8,102.6,380.0,2025-09-14 00:00:00
11/09/2024,PN-EQ-02	,24.0,0.0,10144.7,153.2,430.0,2024-09-12 00:00:00
27/05/2025,PN_EQ_03,24.0,0.0,7846.6,161.4,380.0,2025-05-28 00:00:00
29/10/2025,pn-eq-02,24.0,0.0,9498.0,182.3,430.0,2025-10-30 00:00:00
27/08/2025, PN-EQ-01,22.3,1.7,10541.4,131.0,520.0,2025-08-28 00:00:00
20/07/2024,PNEQ03,18.0,6.0,6164.8,83.2,380.0,2024-07-21 00:00:00
17/06/2024, PN-EQ-06,24.0,0.0,5957.0,36.2,300.0,2024-06-18 00:00:00
15/03/2025,PN-EQ-04 ,24.0,0.0,9835.5,144.0,460.0,2025-03-16 00:00:00
11/06/2024,PN-EQ-04,24.0,0.0,9741.8,212.6,460.0,2024-06-12 00:00:00
31/01/2024,PN-EQ-10,17.0,7.0,7312.2,241.7,500.0,2024-02-01 00:00:00
24/10/2024, PN-EQ-04,24.0,0.0,9808.2,144.0,460.0,2024-10-25 00:00:00
08/01/2026,pn-eq-09,24.0,0.0,5483.1,72.3,260.0,2026-01-09 00:00:00
14/10/2024,PN-EQ-03 ,24.0,0.0,8449.8,152.2,380.0,2024-10-15 00:00:00
11/08/2024,PN-EQ-01	,24.0,,10132.4,52.0,520.0,2024-08-12 00:00:00
11/07/2024, PN-EQ-10,24.0,0.0,11266.1,142.6,500.0,2024-07-12 00:00:00
31/07/2025,pn-eq-07,17.0,7.0,4492.4,110.0,350.0,2025-08-01 00:00:00
10/07/2025,PNEQ04,24.0,0.0,9019.9,,460.0,2025-07-11 00:00:00
30/01/2025,pn-eq-08,24.0,0.0,8819.1,224.9,400.0,2025-01-31 00:00:00
23/09/2024, PN-EQ-03,15.8,8.2,5477.1,46.6,380.0,2024-09-24 00:00:00
21/06/2024,pn-eq-04,24.0,0.0,9632.8,227.6,460.0,2024-06-22 00:00:00
11/04/2025,PN-EQ-07 ,24.0,0.0,7543.2,170.4,350.0,2025-04-12 00:00:00
21/01/2024,PNEQ05,24.0,0.0,6204.6,133.5,300.0,2024-01-22 00:00:00
10/09/2025,PN-EQ-02	,14.4,9.6,5445.4,105.8,430.0,2025-09-11 00:00:00
12/07/2025, PN-EQ-07,24.0,0.0,8316.0,127.3,350.0,2025-07-13 00:00:00
14/12/2025,PN_EQ_03,24.0,0.0,7819.2,250.8,380.0,2025-12-15 00:00:00
23/06/2025,pn-eq-09,24.0,0.0,5357.5,151.1,260.0,2025-06-24 00:00:00
24/04/2024,pn-eq-03,24.0,0.0,7800.5,188.9,380.0,2024-04-25 00:00:00
23/08/2024,PN-EQ-06 ,24.0,0.0,6902.9,0.0,300.0,2024-08-24 00:00:00
16/05/2024,PN_EQ_10,4.0,20.0,1875.3,49.8,500.0,2024-05-17 00:00:00
05/01/2026,PN-EQ-04	,4.0,,1554.9,38.5,460.0,2026-01-06 00:00:00
17/12/2025, PN-EQ-06,24.0,0.0,6462.9,170.0,300.0,2025-12-18 00:00:00
16/12/2024,PN-EQ-08,24.0,0.0,8185.9,281.6,400.0,2024-12-17 00:00:00
12/07/2024,PNEQ08,16.7,7.3,5893.3,183.2,400.0,2024-07-13 00:00:00
19/10/2025,PN-EQ-08 ,24.0,0.0,8594.3,275.4,400.0,2025-10-20 00:00:00
14/04/2025,pn-eq-09,22.8,1.2,5403.8,115.6,260.0,2025-04-15 00:00:00
03/06/2024,PN_EQ_07,24.0,0.0,7126.4,237.6,350.0,2024-06-04 00:00:00
26/09/2025,PN-EQ-10	,21.6,2.4,9760.4,182.0,500.0,2025-09-27 00:00:00
15/10/2025,PN-EQ-08	,18.4,5.6,6460.6,49.4,400.0,2025-10-16 00:00:00
24/06/2025,pn-eq-08,0.7,23.3,254.7,4.0,400.0,2025-06-25 00:00:00
11/12/2024,PN-EQ-02,24.0,0.0,8823.3,340.9,430.0,2024-12-12 00:00:00
23/08/2024,PN-EQ-08	,24.0,0.0,7545.6,18.4,400.0,2024-08-24 00:00:00
01/08/2024, PN-EQ-05,24.0,0.0,7027.7,0.0,300.0,2024-08-02 00:00:00
27/03/2025,PNEQ02,24.0,0.0,10216.8,299.9,430.0,2025-03-28 00:00:00
10/07/2024,PNEQ01,24.0,0.0,10673.3,203.8,520.0,2024-07-11 00:00:00
13/12/2025, PN-EQ-08,24.0,0.0,8269.7,85.0,400.0,2025-12-14 00:00:00
19/07/2024,PN-EQ-10 ,24.0,0.0,9800.6,117.3,500.0,2024-07-20 00:00:00
18/08/2025,PN-EQ-09,24.0,0.0,5663.8,159.1,260.0,2025-08-18 00:00:00
20/06/2024,pn-eq-08,24.0,0.0,7837.7,155.0,400.0,2024-06-21 00:00:00
23/05/2025,pn-eq-01,24.0,0.0,10854.9,238.5,520.0,2025-05-24 00:00:00
13/07/2024, PN-EQ-09,19.3,4.7,3658.3,45.6,260.0,2024-07-12 00:00:00
19/03/2024,PN-EQ-05	,24.0,0.0,6786.8,92.9,300.0,2024-03-20 00:00:00
02/06/2025,pn-eq-08,22.0,2.0,7634.9,178.6,400.0,2025-06-03 00:00:00
12/08/2025,PN-EQ-02	,24.0,0.0,9012.0,236.8,430.0,2025-08-13 00:00:00
24/03/2025,PN-EQ-05,24.0,0.0,6413.1,61.4,300.0,2025-03-25 00:00:00
04/02/2025,PN-EQ-08,24.0,0.0,7539.1,251.7,400.0,2025-02-03 00:00:00
10/11/2025, PN-EQ-03,21.1,2.9,7073.4,0.0,380.0,2025-11-11 00:00:00
28/06/2024,PN-EQ-05	,24.0,0.0,6613.4,41.8,300.0,2024-06-29 00:00:00
30/05/2024,PN-EQ-06 ,24.0,0.0,6267.8,123.5,300.0,2024-05-31 00:00:00
17/06/2025,PN-EQ-01,21.6,,9455.7,261.4,520.0,2025-06-18 00:00:00
29/05/2025,pn-eq-06,24.0,0.0,5767.2,82.1,300.0,2025-05-30 00:00:00
19/05/2025,PN-EQ-06,24.0,0.0,7128.0,117.9,300.0,2025-05-20 00:00:00
12/08/2024,PN_EQ_02,24.0,0.0,9290.6,209.4,430.0,2024-08-13 00:00:00
23/10/2025,PN-EQ-01	,22.3,1.7,10194.3,207.3,520.0,2025-10-24 00:00:00
15/10/2024,PN-EQ-02,22.5,1.5,9055.3,104.8,430.0,2024-10-16 00:00:00
09/04/2024,PNEQ05,24.0,0.0,5907.0,106.4,300.0,2024-04-10 00:00:00
07/05/2025,PN-EQ-09	,24.0,0.0,5369.1,134.7,260.0,2025-05-08 00:00:00
23/06/2024, PN-EQ-07,24.0,0.0,8316.0,249.5,350.0,2024-06-24 00:00:00
08/09/2025,PNEQ06,23.5,0.5,6637.6,52.6,300.0,2025-09-09 00:00:00
29/03/2025,PNEQ04,24.0,0.0,10000.6,200.4,460.0,2025-03-30 00:00:00
06/09/2024,PN-EQ-09 ,24.0,0.0,5283.3,168.6,260.0,2024-09-07 00:00:00
04/09/2025,PN-EQ-02	,24.0,0.0,9252.7,200.5,430.0,2025-09-05 00:00:00
14/10/2024,PN-EQ-01,24.0,0.0,11133.8,187.0,520.0,2024-10-15 00:00:00
14/09/2025,PN-EQ-05 ,24.0,0.0,6690.3,124.4,300.0,2025-09-15 00:00:00
23/06/2024,pn-eq-08,24.0,0.0,8821.2,119.8,400.0,2024-06-24 00:00:00
10/10/2024,PN_EQ_05,24.0,0.0,5879.0,165.5,300.0,2024-10-11 00:00:00
07/02/2024,PNEQ10,24.0,0.0,10398.5,96.7,500.0,2024-02-08 00:00:00
16/12/2025,PN_EQ_08,24.0,0.0,8669.2,170.8,400.0,2025-12-17 00:00:00
24/09/2024,PNEQ01,19.3,,8320.9,74.2,520.0,2024-09-25 00:00:00
27/06/2024,PN_EQ_01,24.0,0.0,10643.7,293.9,520.0,2024-06-28 00:00:00
05/07/2025,PN-EQ-03,24.0,0.0,7777.3,192.3,380.0,2025-07-06 00:00:00
27/09/2025,PN-EQ-08 ,0.0,24.0,0.0,0.0,400.0,2025-09-28 00:00:00
13/11/2024,PN-EQ-07,24.0,0.0,7328.5,150.8,350.0,2024-11-14 00:00:00
25/05/2025, PN-EQ-03,24.0,,7619.1,96.8,380.0,2025-05-26 00:00:00
22/03/2024,pn-eq-10,24.0,0.0,10380.4,337.2,500.0,2024-03-23 00:00:00
27/05/2024,PN_EQ_03,24.0,0.0,7900.4,138.0,380.0,2024-05-28 00:00:00
23/07/2025,PN-EQ-06	,18.5,5.5,5045.1,101.4,300.0,2025-07-24 00:00:00
28/07/2025,PN_EQ_10,24.0,0.0,10528.1,196.7,500.0,2025-07-29 00:00:00
04/02/2024,PN-EQ-09,24.0,0.0,5837.4,168.5,260.0,2024-02-05 00:00:00
22/01/2025,PN-EQ-10,24.0,0.0,11087.1,130.0,500.0,2025-01-23 00:00:00
06/07/2024,PN-EQ-08 ,24.0,0.0,8685.3,208.5,400.0,2024-07-07 00:00:00
01/03/2025,PN-EQ-06 ,24.0,0.0,5603.7,103.5,300.0,2025-02-27 00:00:00
24/08/2025, PN-EQ-08,17.7,6.3,6423.2,132.5,400.0,2025-08-25 00:00:00
19/02/2025,PN-EQ-09,24.0,0.0,5238.6,68.7,260.0,2025-02-20 00:00:00
13/02/2024,PN-EQ-02	,21.1,2.9,7579.2,76.7,430.0,2024-02-14 00:00:00
22/04/2024,PN-EQ-02 ,19.1,,7046.1,41.5,430.0,2024-04-22 00:00:00
27/06/2024, PN-EQ-02,24.0,0.0,9471.8,253.2,430.0,2024-06-28 00:00:00
13/08/2025, PN-EQ-04,24.0,0.0,9779.8,165.2,460.0,2025-08-14 00:00:00
26/09/2024,pn-eq-03,24.0,0.0,8528.1,97.9,380.0,2024-09-27 00:00:00
03/01/2025,pn-eq-01,22.9,1.1,11633.2,82.5,520.0,2025-01-04 00:00:00
10/07/2025,PN-EQ-03,24.0,0.0,8512.1,127.3,380.0,2025-07-11 00:00:00
01/11/2025,PN-EQ-03 ,24.0,0.0,8408.3,84.1,380.0,2025-11-02 00:00:00
12/12/2025,PN-EQ-08 ,24.0,0.0,9139.0,124.4,400.0,2025-12-13 00:00:00
02/02/2025,PN-EQ-09 ,17.5,6.5,4038.3,50.6,260.0,2025-02-03 00:00:00
11/07/2025,PN-EQ-06 ,24.0,0.0,6777.4,139.9,300.0,2025-07-12 00:00:00
04/03/2025,PN-EQ-04,22.0,2.0,8737.3,,460.0,2025-03-04 00:00:00
17/04/2025, PN-EQ-07,24.0,0.0,8316.0,267.9,350.0,2025-04-18 00:00:00
04/10/2024,PN-EQ-10	,24.0,0.0,11708.9,186.3,500.0,2024-10-05 00:00:00
22/08/2024,PN-EQ-03	,24.0,0.0,7768.7,184.0,380.0,2024-08-23 00:00:00
02/04/2025, PN-EQ-06,24.0,0.0,6773.3,40.1,300.0,2025-04-03 00:00:00
27/03/2025,PN_EQ_05,24.0,0.0,6175.6,179.7,300.0,2025-03-28 00:00:00
22/04/2025,PN-EQ-09	,24.0,0.0,5630.9,173.2,260.0,2025-04-23 00:00:00
09/04/2024,PNEQ06,24.0,0.0,6665.9,,300.0,2024-04-10 00:00:00
22/02/2025,PN-EQ-09 ,23.5,0.5,5455.2,27.8,260.0,2025-02-23 00:00:00
31/03/2024,PNEQ09,24.0,0.0,5272.4,97.4,260.0,2024-04-01 00:00:00
18/06/2024,PN-EQ-08,24.0,0.0,8214.7,155.1,400.0,2024-06-19 00:00:00
27/04/2025,PN-EQ-02	,24.0,0.0,8529.1,218.9,430.0,2025-04-28 00:00:00
10/04/2024,PN_EQ_09,24.0,0.0,5937.7,75.3,260.0,2024-04-11 00:00:00
31/08/2025,PN_EQ_02,24.0,0.0,9285.7,185.2,430.0,2025-09-01 00:00:00
13/11/2025,PN-EQ-07	,24.0,0.0,8227.4,192.1,350.0,2025-11-14 00:00:00
06/11/2024,PN-EQ-01 ,21.0,3.0,8816.3,163.8,520.0,2024-11-07 00:00:00
30/09/2025,PNEQ04,24.0,0.0,9616.2,254.8,460.0,2025-09-28 00:00:00
17/08/2025, PN-EQ-09,24.0,0.0,6177.6,77.6,260.0,2025-08-18 00:00:00
14/12/2024,PNEQ05,24.0,0.0,6758.2,200.6,300.0,2024-12-15 00:00:00
04/04/2025,PN-EQ-04 ,24.0,0.0,9659.7,168.1,460.0,2025-04-05 00:00:00
10/05/2024,PN_EQ_01,24.0,0.0,11125.2,341.9,520.0,2024-05-11 00:00:00
17/07/2025, PN-EQ-02,24.0,0.0,9765.1,113.1,430.0,2025-07-18 00:00:00
02/07/2024,PN_EQ_08,24.0,0.0,8506.4,207.0,400.0,2024-07-03 00:00:00
30/08/2024, PN-EQ-09,24.0,0.0,5668.7,131.6,260.0,2024-08-31 00:00:00
29/10/2025,pn-eq-09,24.0,0.0,5932.0,62.8,260.0,2025-10-30 00:00:00
19/11/2024,PN-EQ-03,24.0,0.0,8128.2,155.5,380.0,2024-11-20 00:00:00
26/11/2024,PN-EQ-02,24.0,0.0,8953.8,104.5,430.0,2024-11-27 00:00:00
31/12/2024, PN-EQ-05,24.0,0.0,7121.9,148.3,300.0,2025-01-01 00:00:00
26/01/2024,pn-eq-08,24.0,,8485.4,190.6,400.0,2024-01-27 00:00:00
01/05/2024,PN-EQ-05 ,24.0,0.0,6468.4,143.9,300.0,2024-01-06 00:00:00
25/08/2025,PN-EQ-04	,18.5,5.5,8155.5,,460.0,2025-08-26 00:00:00
02/08/2024,PN-EQ-03,24.0,0.0,8440.6,192.7,380.0,2024-08-03 00:00:00
03/06/2024,PN-EQ-02,24.0,0.0,9551.3,184.2,430.0,2024-06-04 00:00:00
11/02/2025,pn-eq-05,24.0,0.0,6401.0,183.0,300.0,2025-02-12 00:00:00
29/08/2025,pn-eq-01,22.1,1.9,9679.8,342.0,520.0,2025-08-30 00:00:00
05/08/2025,PN-EQ-02	,24.0,0.0,8539.5,185.4,430.0,2025-08-06 00:00:00
17/09/2024, PN-EQ-03,24.0,0.0,9028.8,288.4,380.0,2024-09-18 00:00:00
04/07/2024,PN_EQ_02,24.0,0.0,9481.7,278.8,430.0,2024-07-05 00:00:00
10/11/2024,PN-EQ-03 ,24.0,0.0,8265.0,213.8,380.0,2024-11-11 00:00:00
07/10/2024,PNEQ03,19.7,4.3,6424.0,83.0,380.0,2024-10-08 00:00:00
12/05/2025,PNEQ10,4.0,20.0,1697.4,14.5,500.0,2025-05-13 00:00:00
24/09/2025,PN_EQ_02,24.0,,8546.2,197.0,430.0,2025-09-25 00:00:00
12/04/2024,PN-EQ-10,24.0,0.0,11300.6,199.8,500.0,2024-04-13 00:00:00
25/12/2025, PN-EQ-01,24.0,0.0,11568.0,356.4,520.0,2025-12-26 00:00:00
08/10/2024,pn-eq-02,24.0,,9096.9,246.9,430.0,2024-10-09 00:00:00
04/10/2024,PN_EQ_01,24.0,0.0,11383.8,234.6,520.0,2024-10-05 00:00:00
25/07/2024,PNEQ07,24.0,0.0,7575.4,133.5,350.0,2024-07-26 00:00:00
22/01/2024,PN-EQ-03 ,23.5,0.5,7964.3,128.7,380.0,2024-01-23 00:00:00
22/01/2024,PN-EQ-04 ,24.0,0.0,9197.5,313.8,460.0,2024-01-20 00:00:00
30/07/2024,PN-EQ-06 ,9.5,14.5,2398.8,35.7,300.0,2024-07-31 00:00:00
16/06/2024,PNEQ04,24.0,0.0,10089.0,369.6,460.0,2024-06-17 00:00:00
23/12/2025,PN-EQ-04	,24.0,0.0,9192.3,166.2,460.0,2025-12-24 00:00:00
30/06/2025,PN-EQ-08,24.0,0.0,7615.9,115.9,400.0,2025-07-01 00:00:00
10/01/2025,pn-eq-04,24.0,0.0,10097.0,345.2,460.0,2025-01-11 00:00:00
17/12/2024,PN-EQ-09 ,24.0,0.0,5198.1,88.1,260.0,2024-12-18 00:00:00
20/08/2025,PNEQ08,24.0,0.0,8077.2,259.1,400.0,2025-08-21 00:00:00
28/03/2025,PN-EQ-04	,0.0,24.0,0.0,0.0,460.0,2025-03-29 00:00:00
15/09/2025,PN_EQ_03,18.4,5.6,6922.1,117.5,380.0,2025-09-16 00:00:00
20/04/2024,PN-EQ-06,24.0,0.0,6491.2,159.1,300.0,2024-04-21 00:00:00
27/12/2025,PN-EQ-08,24.0,0.0,8326.8,126.2,400.0,2025-12-28 00:00:00
30/03/2024,PN-EQ-07,24.0,,8068.9,133.8,350.0,2024-03-31 00:00:00
07/03/2024, PN-EQ-05,24.0,0.0,6289.1,159.0,300.0,2024-03-08 00:00:00
15/12/2025,PN-EQ-01 ,24.0,0.0,11297.0,242.9,520.0,2025-12-16 00:00:00
06/10/2025,pn-eq-10,20.0,4.0,8995.0,201.8,500.0,2025-10-07 00:00:00
05/04/2025,PN_EQ_07,23.1,0.9,7441.4,195.8,350.0,2025-04-06 00:00:00
24/05/2025,pn-eq-02,24.0,0.0,9838.7,104.6,430.0,2025-05-25 00:00:00
26/08/2025,PN-EQ-08 ,24.0,0.0,8551.9,108.2,400.0,2025-08-27 00:00:00
09/10/2025,PN-EQ-06	,24.0,0.0,6647.0,172.1,300.0,2025-10-10 00:00:00
05/12/2024,pn-eq-02,22.3,1.7,8582.4,258.7,430.0,2024-12-06 00:00:00
15/03/2024,PN-EQ-06 ,19.3,4.7,5353.9,114.4,300.0,2024-03-16 00:00:00
05/02/2024,PNEQ02,8.2,15.8,3489.4,46.3,430.0,2024-02-06 00:00:00
23/03/2025,PNEQ04,24.0,0.0,10642.9,183.0,460.0,2025-03-24 00:00:00
01/05/2024,PN_EQ_05,0.0,24.0,0.0,0.0,300.0,2024-05-02 00:00:00
02/11/2024,PN_EQ_09,24.0,0.0,5880.0,129.5,260.0,2024-11-03 00:00:00
23/09/2025,pn-eq-03,24.0,0.0,8232.4,213.4,380.0,2025-09-24 00:00:00
23/09/2024,PN-EQ-02,22.2,1.8,8099.7,130.1,430.0,2024-09-24 00:00:00
24/09/2025,PN-EQ-05	,16.4,7.6,4756.8,92.1,300.0,2025-09-25 00:00:00
07/11/2025,pn-eq-01,24.0,0.0,11303.7,251.3,520.0,2025-11-08 00:00:00
20/06/2024,pn-eq-06,24.0,0.0,6308.6,83.6,300.0,2024-06-21 00:00:00
11/02/2024,pn-eq-02,24.0,0.0,8719.8,260.4,430.0,2024-02-12 00:00:00
21/09/2024,PN-EQ-04	,19.5,4.5,7851.4,169.4,460.0,2024-09-22 00:00:00
17/12/2024,pn-eq-08,24.0,0.0,8854.0,168.9,400.0,2024-12-18 00:00:00
31/07/2024,PNEQ10,24.0,0.0,10428.2,165.7,500.0,2024-08-01 00:00:00
25/11/2025,PN-EQ-09,24.0,0.0,5645.4,113.6,260.0,2025-11-26 00:00:00
02/01/2026, PN-EQ-04,16.7,7.3,6436.9,183.1,460.0,2026-01-02 00:00:00
19/10/2025,PN-EQ-02	,24.0,0.0,10139.8,177.3,430.0,2025-10-20 00:00:00
09/03/2025,PN_EQ_02,24.0,0.0,8877.8,144.8,430.0,2025-03-10 00:00:00
17/09/2025,PN-EQ-08	,24.0,0.0,7391.7,,400.0,2025-09-18 00:00:00
24/04/2025,PNEQ04,24.0,0.0,9355.1,256.5,460.0,2025-04-25 00:00:00
18/10/2025,PN_EQ_01,24.0,0.0,11818.3,165.2,520.0,2025-10-19 00:00:00
20/05/2025,PN-EQ-08	,24.0,0.0,8574.3,83.4,400.0,2025-05-21 00:00:00
16/11/2025, PN-EQ-09,24.0,,5203.5,172.9,260.0,2025-11-17 00:00:00
07/07/2025,PN-EQ-01	,24.0,0.0,11275.6,258.4,520.0,2025-07-08 00:00:00
01/06/2024, PN-EQ-03,24.0,0.0,7672.8,186.8,380.0,2024-06-02 00:00:00
03/09/2024,PN-EQ-08,24.0,0.0,9504.0,398.3,400.0,2024-09-04 00:00:00
17/10/2025,PN-EQ-08 ,24.0,0.0,8106.6,0.0,400.0,2025-10-17 00:00:00
23/06/2024,PN_EQ_06,24.0,0.0,7035.6,74.4,300.0,2024-06-24 00:00:00
27/02/2024, PN-EQ-05,24.0,0.0,6596.8,155.9,300.0,2024-02-28 00:00:00
03/10/2025,PN-EQ-09,24.0,0.0,4543.7,178.3,260.0,2025-10-01 00:00:00
27/09/2025,PNEQ09,24.0,0.0,5660.5,99.9,260.0,2025-09-28 00:00:00
29/03/2025,PN-EQ-07 ,24.0,0.0,6817.4,,350.0,2025-03-29 00:00:00
14/03/2025,PN_EQ_03,24.0,0.0,7964.9,131.5,380.0,2025-03-15 00:00:00
29/10/2025,PN_EQ_08,18.2,5.8,6669.0,195.4,400.0,2025-10-30 00:00:00
30/06/2024, PN-EQ-04,24.0,0.0,10059.4,300.5,460.0,2024-07-01 00:00:00
26/05/2025,PNEQ05,9.7,14.3,2745.9,64.1,300.0,2025-05-27 00:00:00
15/06/2025,PN_EQ_10,24.0,0.0,10924.0,233.8,500.0,2025-06-16 00:00:00
07/09/2024,PN-EQ-10 ,24.0,0.0,11495.8,65.3,500.0,2024-09-08 00:00:00
16/05/2024,PN-EQ-02,15.7,8.3,6433.1,161.1,430.0,2024-05-17 00:00:00
08/02/2024,PN-EQ-06,24.0,0.0,6281.7,123.0,300.0,2024-02-09 00:00:00
19/12/2024,PNEQ09,24.0,,5748.0,167.7,260.0,2024-12-20 00:00:00
05/02/2024,PN-EQ-09	,24.0,0.0,5190.2,130.0,260.0,2024-02-06 00:00:00
24/04/2025, PN-EQ-08,16.5,7.5,5782.4,213.0,400.0,2025-04-25 00:00:00
23/07/2024,PNEQ01,24.0,0.0,11170.0,152.1,520.0,2024-07-24 00:00:00
31/10/2025,pn-eq-08,24.0,0.0,8688.5,229.6,400.0,2025-11-01 00:00:00
04/02/2024,PNEQ04,24.0,0.0,9383.1,166.8,460.0,2024-02-05 00:00:00
07/05/2024,PN_EQ_04,24.0,0.0,9942.3,119.5,460.0,2024-05-08 00:00:00
15/08/2024,PN-EQ-02	,24.0,0.0,9447.0,213.1,430.0,2024-08-16 00:00:00
05/09/2025, PN-EQ-07,24.0,0.0,7692.6,184.0,350.0,2025-09-06 00:00:00
10/07/2025, PN-EQ-01,24.0,0.0,12355.2,183.9,520.0,2025-07-11 00:00:00
26/02/2024,PNEQ03,24.0,0.0,7728.4,148.9,380.0,2024-02-27 00:00:00
24/04/2024,PN-EQ-10 ,24.0,0.0,10753.5,234.5,500.0,2024-04-25 00:00:00
10/01/2025,PN-EQ-01 ,24.0,0.0,10983.0,166.2,520.0,2025-01-11 00:00:00
15/09/2024,PN-EQ-03 ,24.0,0.0,7689.5,112.6,380.0,2024-09-16 00:00:00
12/02/2025,PN_EQ_05,24.0,0.0,6964.7,197.4,300.0,2025-02-13 00:00:00
16/03/2024,pn-eq-01,24.0,0.0,11612.8,214.2,520.0,2024-03-17 00:00:00
28/04/2024,PN-EQ-05	,24.0,0.0,6753.0,167.4,300.0,2024-04-29 00:00:00
17/11/2025,PN-EQ-09,24.0,0.0,5439.9,111.3,260.0,2025-11-18 00:00:00
14/10/2024,PNEQ02,24.0,0.0,8014.9,203.6,430.0,2024-10-12 00:00:00
29/04/2025,PN-EQ-08	,24.0,0.0,8225.5,91.1,400.0,2025-04-30 00:00:00
30/09/2025,pn-eq-10,18.3,5.7,8215.0,167.0,500.0,2025-10-01 00:00:00
03/08/2024,PNEQ08,16.8,7.2,6213.7,148.0,400.0,2024-08-04 00:00:00
28/09/2025, PN-EQ-04,22.0,2.0,9373.9,179.7,460.0,2025-09-29 00:00:00
08/08/2024, PN-EQ-03,24.0,0.0,7704.3,163.0,380.0,2024-08-09 00:00:00
13/08/2025,PN_EQ_01,24.0,0.0,12102.8,,520.0,2025-08-14 00:00:00
30/06/2024, PN-EQ-02,24.0,0.0,9156.9,212.9,430.0,2024-07-01 00:00:00
05/08/2024,pn-eq-02,24.0,0.0,9624.1,181.7,430.0,2024-08-06 00:00:00
04/06/2025,PN-EQ-06 ,24.0,0.0,5473.8,133.1,300.0,2025-06-05 00:00:00
08/12/2024,PNEQ05,24.0,0.0,6884.4,152.2,300.0,2024-12-09 00:00:00
11/03/2025,PN-EQ-05,5.5,18.5,1633.5,39.9,300.0,2025-03-12 00:00:00
04/11/2025,PN-EQ-02 ,24.0,0.0,9704.7,213.5,430.0,2025-11-05 00:00:00
03/01/2026,PNEQ08,24.0,0.0,8484.1,117.9,400.0,2026-01-04 00:00:00
20/06/2024,PN-EQ-03 ,24.0,0.0,8083.4,166.8,380.0,2024-06-21 00:00:00
01/07/2024,PN_EQ_01,24.0,0.0,11413.6,278.6,520.0,2024-07-02 00:00:00
21/07/2025, PN-EQ-03,24.0,0.0,8268.1,157.3,380.0,2025-07-22 00:00:00
04/01/2026,PN_EQ_07,21.5,2.5,7121.3,88.1,350.0,2026-01-05 00:00:00
27/04/2024,PN-EQ-06,23.5,0.5,6183.8,160.6,300.0,2024-04-28 00:00:00
25/01/2025,PN-EQ-06,24.0,0.0,6424.6,28.2,300.0,2025-01-26 00:00:00
01/07/2025, PN-EQ-05,24.0,0.0,6651.1,37.5,300.0,2025-07-02 00:00:00
21/04/2024,pn-eq-01,24.0,0.0,10761.2,314.4,520.0,2024-04-20 00:00:00
15/04/2024,PNEQ01,24.0,0.0,10499.9,215.8,520.0,2024-04-16 00:00:00
29/12/2024,PN-EQ-05	,24.0,0.0,6188.2,133.0,300.0,2024-12-30 00:00:00
11/05/2025,PNEQ08,24.0,0.0,8078.1,109.4,400.0,2025-05-12 00:00:00
12/05/2025,PNEQ08,24.0,0.0,8695.4,150.3,400.0,2025-05-13 00:00:00
15/03/2025,PNEQ09,24.0,0.0,5477.5,47.2,260.0,2025-03-16 00:00:00
04/11/2025,PN-EQ-09 ,24.0,0.0,6124.4,78.3,260.0,2025-11-05 00:00:00
10/07/2025, PN-EQ-06,24.0,0.0,6024.1,121.2,300.0,2025-07-11 00:00:00
01/10/2024,pn-eq-05,24.0,0.0,6701.9,105.2,300.0,2024-10-02 00:00:00
26/08/2024,PN-EQ-03 ,24.0,0.0,8830.9,161.7,380.0,2024-08-27 00:00:00
04/08/2024, PN-EQ-05,24.0,0.0,5832.1,186.6,300.0,2024-08-05 00:00:00
25/08/2025,PN_EQ_02,22.9,1.1,8671.8,185.9,430.0,2025-08-26 00:00:00
05/04/2024,PN-EQ-10	,24.0,0.0,10812.9,306.9,500.0,2024-04-06 00:00:00
05/05/2024,PN-EQ-01 ,24.0,0.0,10849.4,216.7,520.0,2024-05-06 00:00:00
09/09/2024,PN-EQ-10	,24.0,0.0,10141.8,151.9,500.0,2024-09-10 00:00:00
17/08/2025, PN-EQ-02,16.7,7.3,6691.7,156.8,430.0,2025-08-18 00:00:00
03/01/2025,PN-EQ-07	,24.0,0.0,7598.2,185.9,350.0,2025-01-04 00:00:00
13/01/2024,PN-EQ-04	,18.1,5.9,7501.3,167.2,460.0,2024-01-14 00:00:00
29/07/2024,pn-eq-02,21.0,3.0,8518.6,323.3,430.0,2024-07-30 00:00:00
11/07/2024,PN-EQ-09,24.0,0.0,5681.6,148.5,260.0,2024-07-12 00:00:00
27/06/2025, PN-EQ-07,24.0,0.0,6981.4,212.9,350.0,2025-06-28 00:00:00
28/05/2025, PN-EQ-08,24.0,0.0,8989.9,130.3,400.0,2025-05-29 00:00:00
27/11/2025,PN-EQ-03,24.0,0.0,8724.0,157.4,380.0,2025-11-28 00:00:00
14/07/2024, PN-EQ-06,24.0,0.0,6994.4,45.1,300.0,2024-07-15 00:00:00
09/06/2024,pn-eq-04,24.0,0.0,10841.4,339.6,460.0,2024-06-10 00:00:00
06/09/2025, PN-EQ-04,24.0,0.0,8410.3,313.4,460.0,2025-09-06 00:00:00
27/09/2025,PN_EQ_04,21.0,3.0,8877.4,45.8,460.0,2025-09-28 00:00:00
06/10/2024,PN-EQ-02,18.0,6.0,6358.1,6.6,430.0,2024-10-07 00:00:00
09/06/2024,PN-EQ-02,24.0,0.0,8817.6,279.0,430.0,2024-06-10 00:00:00
03/12/2024,PN-EQ-09	,24.0,0.0,6177.6,105.2,260.0,2024-12-04 00:00:00
11/02/2025,PN_EQ_09,24.0,0.0,5701.6,139.7,260.0,2025-02-12 00:00:00
05/08/2024,PN-EQ-09,24.0,0.0,5501.2,83.9,260.0,2024-08-06 00:00:00
17/08/2024,PNEQ03,24.0,0.0,7541.5,125.8,380.0,2024-08-18 00:00:00
14/10/2025,PN-EQ-04	,22.0,2.0,9129.0,205.1,460.0,2025-10-15 00:00:00
31/01/2024,PN-EQ-04,23.0,1.0,9054.9,0.0,460.0,2024-02-01 00:00:00
23/09/2025,PN_EQ_04,18.1,5.9,8002.8,217.0,460.0,2025-09-24 00:00:00
19/06/2024,PN-EQ-07	,24.0,0.0,7842.5,71.2,350.0,2024-06-20 00:00:00
31/05/2025,PN-EQ-06,24.0,0.0,6127.2,147.8,300.0,2025-06-01 00:00:00
04/11/2025,PN_EQ_08,24.0,0.0,8765.1,176.2,400.0,2025-04-12 00:00:00
25/03/2025,PNEQ07,24.0,0.0,7556.4,116.0,350.0,2025-03-26 00:00:00
24/06/2025, PN-EQ-05,17.8,6.2,4122.6,73.5,300.0,2025-06-25 00:00:00
15/10/2024, PN-EQ-06,24.0,0.0,6387.3,134.8,300.0,2024-10-16 00:00:00
31/12/2024,PN-EQ-10 ,24.0,0.0,10184.7,169.3,500.0,2025-01-01 00:00:00
19/05/2025,PN-EQ-03,24.0,0.0,7674.8,212.4,380.0,2025-05-20 00:00:00
16/09/2024,PN_EQ_10,21.0,3.0,9324.1,96.4,500.0,2024-09-17 00:00:00
03/01/2026,pn-eq-03,24.0,0.0,8739.6,269.4,380.0,2026-01-04 00:00:00
18/01/2025, PN-EQ-01,24.0,0.0,12200.3,302.4,520.0,2025-01-19 00:00:00
01/11/2025,PN-EQ-05 ,24.0,0.0,6495.9,113.3,300.0,2025-11-02 00:00:00
26/06/2025,PN_EQ_10,24.0,0.0,10599.3,225.6,500.0,2025-06-27 00:00:00
15/03/2025,PNEQ08,24.0,0.0,9100.4,315.9,400.0,2025-03-16 00:00:00
26/09/2024,PN-EQ-02,17.9,6.1,6885.0,185.0,430.0,2024-09-27 00:00:00
25/05/2024, PN-EQ-08,24.0,0.0,8013.5,143.0,400.0,2024-05-26 00:00:00
17/05/2024,pn-eq-02,24.0,0.0,9005.8,200.2,430.0,2024-05-18 00:00:00
15/07/2024, PN-EQ-10,24.0,0.0,11693.4,143.1,500.0,2024-07-16 00:00:00
27/07/2025,PNEQ06,22.8,1.2,6407.2,104.3,300.0,2025-07-28 00:00:00
20/10/2025,PNEQ01,24.0,0.0,10945.5,306.6,520.0,2025-10-21 00:00:00
25/11/2024,PN-EQ-08	,24.0,0.0,8457.3,153.8,400.0,2024-11-26 00:00:00
27/06/2025,PN_EQ_05,24.0,0.0,6660.2,143.9,300.0,2025-06-28 00:00:00
12/11/2024,pn-eq-10,24.0,0.0,10521.9,148.1,500.0,2024-11-13 00:00:00
07/11/2025,PNEQ09,21.1,2.9,5204.0,67.7,260.0,2025-11-08 00:00:00
13/11/2024,PNEQ08,24.0,0.0,8297.0,223.9,400.0,2024-11-14 00:00:00
26/12/2025,PN-EQ-06,24.0,0.0,5961.0,157.8,300.0,2025-12-27 00:00:00
13/10/2025,PN_EQ_07,21.2,2.8,6724.2,77.8,350.0,2025-10-14 00:00:00
08/06/2025, PN-EQ-01,24.0,0.0,11718.9,237.9,520.0,2025-06-09 00:00:00
23/04/2024,PN-EQ-09,17.9,6.1,4041.4,96.9,260.0,2024-04-24 00:00:00
06/10/2025,PN-EQ-06,24.0,0.0,6226.0,143.1,300.0,2025-10-07 00:00:00
16/02/2025, PN-EQ-09,24.0,0.0,5607.9,125.2,260.0,2025-02-17 00:00:00
15/09/2025,PN-EQ-06	,20.0,4.0,5082.2,49.4,300.0,2025-09-16 00:00:00
15/08/2024,PN-EQ-07	,24.0,0.0,7485.1,107.7,350.0,2024-08-16 00:00:00
13/11/2025, PN-EQ-02,24.0,0.0,8738.7,180.4,430.0,2025-11-14 00:00:00
01/10/2025,PN-EQ-03	,24.0,0.0,8167.6,224.0,380.0,2025-10-02 00:00:00
10/05/2024,PN-EQ-09,24.0,0.0,5372.4,101.9,260.0,2024-05-11 00:00:00
26/10/2024,PN_EQ_02,24.0,0.0,9336.3,49.3,430.0,2024-10-27 00:00:00
19/06/2024,PN-EQ-09	,24.0,0.0,5102.2,82.9,260.0,2024-06-20 00:00:00
29/09/2025,PN-EQ-03 ,24.0,0.0,7723.3,149.2,380.0,2025-09-30 00:00:00
21/01/2025,PN-EQ-04 ,24.0,0.0,9540.8,292.8,460.0,2025-01-22 00:00:00
13/07/2024, PN-EQ-07,24.0,0.0,7414.0,,350.0,2024-07-14 00:00:00
14/07/2025,PN-EQ-08 ,24.0,0.0,8318.5,153.0,400.0,2025-07-15 00:00:00
15/12/2024, PN-EQ-08,24.0,0.0,8379.2,230.3,400.0,2024-12-16 00:00:00
25/08/2025,PN-EQ-05 ,24.0,0.0,6672.5,160.2,300.0,2025-08-26 00:00:00
10/09/2024,pn-eq-02,24.0,0.0,10085.5,270.6,430.0,2024-09-11 00:00:00
06/09/2025,pn-eq-02,24.0,0.0,9682.4,161.2,430.0,2025-09-07 00:00:00
27/03/2024, PN-EQ-07,24.0,0.0,8039.8,151.2,350.0,2024-03-28 00:00:00
14/07/2025,PN_EQ_06,24.0,0.0,6337.4,,300.0,2025-07-15 00:00:00
13/01/2025,PNEQ07,24.0,0.0,8316.0,216.8,350.0,2025-01-14 00:00:00
16/10/2024,PNEQ01,21.3,2.7,9561.5,100.4,520.0,2024-10-17 00:00:00
21/06/2025, PN-EQ-03,16.2,7.8,5214.2,148.4,380.0,2025-06-21 00:00:00
13/12/2025,PN_EQ_10,6.9,17.1,2826.0,40.0,500.0,2025-12-14 00:00:00
16/09/2024,PN-EQ-01	,24.0,0.0,10693.7,146.8,520.0,2024-09-17 00:00:00
09/01/2025,PN-EQ-04 ,24.0,0.0,10463.4,238.8,460.0,2025-01-10 00:00:00
03/02/2025,PN_EQ_02,24.0,,9168.1,129.5,430.0,2025-02-04 00:00:00
04/01/2024, PN-EQ-03,24.0,0.0,8834.9,90.8,380.0,2024-01-05 00:00:00
31/03/2024, PN-EQ-04,24.0,0.0,9596.5,,460.0,2024-04-01 00:00:00
12/08/2024,PN-EQ-06 ,24.0,0.0,6935.8,96.7,300.0,2024-08-13 00:00:00
16/03/2024,pn-eq-03,24.0,0.0,9028.8,249.2,380.0,2024-03-17 00:00:00
23/03/2025,PNEQ01,24.0,0.0,10960.3,118.4,520.0,2025-03-24 00:00:00
02/10/2025,PNEQ01,23.1,0.9,11386.9,212.1,520.0,2025-10-03 00:00:00
11/06/2024,PN-EQ-06,24.0,0.0,5821.9,117.4,300.0,2024-06-12 00:00:00
18/05/2024,PN_EQ_09,24.0,0.0,5327.3,117.4,260.0,2024-05-19 00:00:00
01/01/2026,PN_EQ_09,24.0,0.0,5976.9,155.8,260.0,2026-01-02 00:00:00
24/01/2025,PNEQ09,24.0,0.0,5183.8,79.3,260.0,2025-01-25 00:00:00
03/07/2024, PN-EQ-07,24.0,0.0,7411.3,194.8,350.0,2024-07-04 00:00:00
25/09/2024,PN_EQ_04,24.0,0.0,10562.0,257.4,460.0,2024-09-26 00:00:00
06/11/2024, PN-EQ-03,24.0,0.0,8084.9,234.3,380.0,2024-11-07 00:00:00
27/04/2024,PN_EQ_05,24.0,0.0,6782.0,70.8,300.0,2024-04-28 00:00:00
23/08/2025,PNEQ06,24.0,0.0,6591.2,152.4,300.0,2025-08-24 00:00:00
28/09/2024,PNEQ10,18.8,5.2,8678.6,200.4,500.0,2024-09-29 00:00:00
30/12/2024,PN-EQ-06 ,24.0,0.0,7128.0,124.9,300.0,2024-12-31 00:00:00
10/12/2025, PN-EQ-04,15.2,8.8,5973.3,132.1,460.0,2025-12-11 00:00:00
18/11/2025,pn-eq-09,24.0,0.0,5514.5,120.9,260.0,2025-11-19 00:00:00
13/03/2025,pn-eq-04,24.0,0.0,10624.1,138.0,460.0,2025-03-14 00:00:00
04/06/2024,PN_EQ_05,24.0,0.0,7128.0,127.4,300.0,2024-06-05 00:00:00
25/10/2024,PNEQ01,24.0,0.0,10398.2,211.1,520.0,2024-10-26 00:00:00
01/10/2025, PN-EQ-04,23.0,,9551.2,197.8,460.0,2025-10-02 00:00:00
24/02/2024, PN-EQ-09,24.0,0.0,5552.6,122.2,260.0,2024-02-25 00:00:00
06/02/2025,PN-EQ-01	,24.0,0.0,10794.0,149.4,520.0,2025-02-07 00:00:00
06/03/2025, PN-EQ-06,24.0,0.0,6485.4,70.8,300.0,2025-03-07 00:00:00
10/11/2025,PN_EQ_01,24.0,0.0,10508.2,107.5,5200.0,2025-11-11 00:00:00
12/09/2024,pn-eq-10,24.0,0.0,10465.4,166.4,500.0,2024-09-13 00:00:00
19/09/2025,PN-EQ-01 ,16.6,7.4,8314.5,196.7,520.0,2025-09-20 00:00:00
29/06/2025,PNEQ01,24.0,0.0,10837.8,483.7,520.0,2025-06-30 00:00:00
08/09/2025,PN_EQ_08,15.1,8.9,5038.8,107.2,400.0,2025-09-07 00:00:00
17/06/2025,PN-EQ-03 ,24.0,0.0,8316.1,172.7,380.0,2025-06-18 00:00:00
02/04/2025,PN-EQ-08,24.0,0.0,8747.9,155.6,400.0,2025-04-03 00:00:00
26/12/2025,PNEQ05,24.0,0.0,5607.9,30.1,300.0,2025-12-27 00:00:00
20/08/2025,PN_EQ_07,24.0,0.0,7402.1,135.1,350.0,2025-08-21 00:00:00
08/10/2024,PN-EQ-06,24.0,0.0,6312.3,60.8,300.0,2024-10-09 00:00:00
24/10/2024, PN-EQ-08,24.0,0.0,8117.3,102.6,400.0,2024-10-25 00:00:00
10/10/2025,PN-EQ-07,24.0,0.0,7510.6,174.2,350.0,2025-10-11 00:00:00
10/11/2025,PN-EQ-02,24.0,0.0,9027.0,186.6,430.0,2025-11-11 00:00:00
26/06/2024, PN-EQ-09,24.0,0.0,6041.4,161.6,260.0,2024-06-27 00:00:00
20/03/2024, PN-EQ-05,24.0,0.0,6779.1,145.9,300.0,2024-03-21 00:00:00
08/03/2025,PN-EQ-03,24.0,0.0,8035.5,108.2,380.0,2025-03-09 00:00:00
24/05/2024,PNEQ03,24.0,0.0,9028.8,183.9,380.0,2024-05-25 00:00:00
02/01/2026,PN-EQ-07,24.0,0.0,8090.9,166.9,350.0,2026-01-03 00:00:00
10/09/2024,pn-eq-01,24.0,0.0,11682.8,195.8,520.0,2024-09-11 00:00:00
04/06/2025,PN-EQ-04 ,24.0,0.0,9295.2,319.4,460.0,2025-06-05 00:00:00
13/07/2024,PN_EQ_10,24.0,0.0,10300.7,204.3,500.0,2024-07-14 00:00:00
11/12/2024, PN-EQ-09,24.0,0.0,5893.0,127.1,260.0,2024-12-12 00:00:00
28/08/2024, PN-EQ-08,24.0,0.0,9032.2,221.6,400.0,2024-08-29 00:00:00
02/06/2024,pn-eq-05,24.0,0.0,6396.5,159.9,300.0,2024-06-03 00:00:00
06/01/2025,PN-EQ-08 ,24.0,0.0,9050.4,97.8,400.0,2025-01-07 00:00:00
28/11/2025,PN-EQ-02 ,24.0,0.0,9858.3,222.6,430.0,2025-11-29 00:00:00
31/10/2025,PN-EQ-03	,15.9,8.1,5170.7,124.6,380.0,2025-11-01 00:00:00
31/10/2025,PNEQ10,24.0,0.0,10111.8,,500.0,2025-11-01 00:00:00
22/11/2024,PN_EQ_02,24.0,0.0,8928.1,198.5,430.0,2024-11-23 00:00:00
01/09/2025, PN-EQ-07,24.0,0.0,7577.9,59.3,350.0,2025-09-02 00:00:00
21/09/2025,pn-eq-01,24.0,0.0,11858.2,237.0,520.0,2025-09-22 00:00:00
20/08/2025,PN-EQ-04,24.0,0.0,9668.7,231.1,460.0,2025-08-21 00:00:00
05/12/2025,PN-EQ-09,24.0,0.0,5806.9,161.2,260.0,2025-12-06 00:00:00
27/08/2025,PN-EQ-07,24.0,0.0,7836.7,146.1,350.0,2025-08-28 00:00:00
29/07/2024,PN-EQ-09 ,24.0,0.0,5725.3,90.5,260.0,2024-07-30 00:00:00
05/01/2024,PN-EQ-06,24.0,0.0,6898.1,67.6,300.0,2024-01-06 00:00:00
12/10/2025,PN-EQ-10 ,16.1,7.9,7006.7,,500.0,2025-10-13 00:00:00
11/05/2025,PNEQ06,24.0,0.0,6288.0,168.0,300.0,2025-05-12 00:00:00
15/11/2024,PN_EQ_03,24.0,0.0,7772.3,232.7,380.0,2024-11-16 00:00:00
30/05/2025,PNEQ02,24.0,0.0,9435.6,182.7,430.0,2025-05-31 00:00:00
07/01/2026,PN-EQ-10 ,24.0,0.0,11607.0,341.8,500.0,2026-01-08 00:00:00
05/12/2025, PN-EQ-05,21.7,2.3,5767.0,95.9,300.0,2025-12-06 00:00:00
04/11/2025,pn-eq-06,19.5,4.5,4880.9,155.7,300.0,2025-11-04 00:00:00
28/07/2025,PN-EQ-09	,24.0,0.0,5534.0,118.0,260.0,2025-07-29 00:00:00
11/10/2025, PN-EQ-06,24.0,0.0,6360.0,121.2,300.0,2025-10-12 00:00:00
10/11/2024,PN-EQ-08	,24.0,0.0,7302.1,135.8,400.0,2024-11-11 00:00:00
31/03/2025,PNEQ04,24.0,0.0,9911.3,135.7,460.0,2025-04-01 00:00:00
28/06/2024,PN-EQ-10 ,24.0,0.0,10863.5,134.6,500.0,2024-06-29 00:00:00
07/06/2024,PN-EQ-04	,24.0,0.0,9639.2,305.8,460.0,2024-06-08 00:00:00
08/05/2025,PN-EQ-06	,24.0,0.0,6837.6,120.6,300.0,2025-05-09 00:00:00
09/03/2024,PN-EQ-10 ,24.0,0.0,11142.5,253.4,500.0,2024-03-10 00:00:00
24/01/2024,PN_EQ_09,24.0,0.0,5280.1,57.9,260.0,2024-01-24 00:00:00
13/02/2025,PN_EQ_01,24.0,0.0,11427.9,263.7,520.0,2025-02-14 00:00:00
22/12/2025, PN-EQ-08,24.0,0.0,9025.1,152.7,400.0,2025-12-23 00:00:00
02/11/2024,PN-EQ-01,24.0,0.0,11320.4,334.7,520.0,2024-11-03 00:00:00
22/11/2025,PN-EQ-08	,16.3,7.7,5845.5,,400.0,2025-11-23 00:00:00
17/01/2024,PNEQ07,24.0,0.0,7458.0,78.8,350.0,2024-01-18 00:00:00
23/11/2024,PNEQ03,24.0,0.0,8461.0,123.0,380.0,2024-11-24 00:00:00
16/11/2024,PN_EQ_09,24.0,0.0,5817.1,86.1,260.0,2024-11-17 00:00:00
28/10/2025,pn-eq-06,24.0,0.0,6656.8,172.5,300.0,2025-10-29 00:00:00
30/12/2024, PN-EQ-02,21.7,,8844.1,89.7,430.0,2024-12-31 00:00:00
19/11/2024,PN_EQ_07,24.0,0.0,6515.0,109.2,350.0,2024-11-20 00:00:00
22/06/2024, PN-EQ-07,24.0,0.0,7616.1,125.0,350.0,2024-06-23 00:00:00
12/12/2024,PN-EQ-08,24.0,0.0,7981.1,83.9,400.0,2024-12-13 00:00:00
31/05/2024,PN-EQ-02,24.0,0.0,8983.2,151.6,430.0,2024-06-01 00:00:00
18/03/2025,PN_EQ_10,19.9,4.1,8803.3,95.3,500.0,2025-03-19 00:00:00
08/04/2024,PN-EQ-08 ,24.0,0.0,8119.3,193.3,400.0,2024-04-09 00:00:00
16/06/2024, PN-EQ-09,24.0,0.0,6177.6,78.2,260.0,2024-06-17 00:00:00
19/04/2025,pn-eq-06,24.0,0.0,6719.3,83.5,300.0,2025-04-20 00:00:00
01/11/2025,PNEQ01,24.0,0.0,10611.5,128.4,5200.0,2025-11-01 00:00:00
14/04/2024, PN-EQ-02,21.5,2.5,9070.8,189.3,430.0,2024-04-15 00:00:00
23/08/2024,PN_EQ_04,14.5,9.5,6077.3,71.5,460.0,2024-08-24 00:00:00
23/12/2024,PNEQ04,21.5,2.5,9440.4,123.4,460.0,2024-12-24 00:00:00
29/12/2024,PNEQ06,13.7,10.3,3789.6,46.2,300.0,2024-12-30 00:00:00
01/02/2024,PNEQ03,24.0,0.0,7849.5,118.5,380.0,2024-02-02 00:00:00
01/11/2025,PNEQ01,24.0,0.0,12020.0,128.4,5200.0,2025-11-02 00:00:00
18/07/2024,pn-eq-09,24.0,0.0,5781.7,80.4,260.0,2024-07-19 00:00:00
11/12/2025,PN-EQ-04	,24.0,0.0,10301.9,178.9,460.0,2025-12-12 00:00:00
26/04/2025,PN-EQ-08 ,24.0,0.0,9105.3,264.6,400.0,2025-04-27 00:00:00
30/10/2025,PN-EQ-03	,24.0,0.0,8288.0,247.4,380.0,2025-10-31 00:00:00
27/03/2024,pn-eq-03,24.0,0.0,8208.0,169.4,380.0,2024-03-28 00:00:00
05/07/2025,PN_EQ_02,24.0,0.0,8863.5,262.1,430.0,2025-07-06 00:00:00
02/05/2024,PN_EQ_06,24.0,0.0,6638.5,,300.0,2024-05-03 00:00:00
18/01/2024,PN-EQ-08 ,24.0,0.0,7845.4,145.0,400.0,2024-01-19 00:00:00
17/07/2024,PNEQ07,22.1,1.9,7247.3,59.2,350.0,2024-07-18 00:00:00
14/07/2024,PN-EQ-09	,24.0,0.0,5354.2,55.8,260.0,2024-07-15 00:00:00
22/06/2025,PN-EQ-03 ,24.0,0.0,8735.4,100.7,380.0,2025-06-23 00:00:00
13/03/2025,pn-eq-10,24.0,0.0,10557.1,269.5,500.0,2025-03-14 00:00:00
02/03/2024,PN_EQ_07,24.0,0.0,7680.4,159.1,350.0,2024-03-03 00:00:00
29/01/2024,PN-EQ-01,18.6,5.4,9575.3,85.8,520.0,2024-01-30 00:00:00
14/05/2024,PNEQ07,22.1,1.9,7657.6,88.1,350.0,2024-05-15 00:00:00
05/04/2025,PN_EQ_02,20.4,3.6,6862.8,208.7,430.0,2025-04-06 00:00:00
09/05/2025,PN-EQ-08 ,24.0,0.0,7993.1,228.7,400.0,2025-05-10 00:00:00
21/12/2025,PN-EQ-06 ,23.3,0.7,6743.8,40.9,300.0,2025-12-22 00:00:00
02/05/2025,PN-EQ-02 ,24.0,0.0,9544.6,165.0,430.0,2025-05-03 00:00:00
29/11/2024,pn-eq-06,24.0,0.0,6416.5,247.9,300.0,2024-11-30 00:00:00
23/11/2024,PNEQ05,24.0,0.0,6501.4,180.5,300.0,2024-11-24 00:00:00
22/01/2024,PN-EQ-05 ,24.0,0.0,6083.4,96.8,300.0,2024-01-23 00:00:00
20/10/2024,PN-EQ-07	,24.0,0.0,7729.1,166.4,350.0,2024-10-21 00:00:00
31/10/2024, PN-EQ-06,24.0,0.0,6870.8,148.6,300.0,2024-11-01 00:00:00
05/08/2025,PN-EQ-06	,22.6,1.4,5842.9,161.8,300.0,2025-08-06 00:00:00
25/08/2025,pn-eq-03,24.0,0.0,8420.8,248.4,380.0,2025-08-26 00:00:00
24/02/2025,PN-EQ-04,24.0,0.0,10414.7,270.1,460.0,2025-02-25 00:00:00
09/09/2025,PN-EQ-10,24.0,0.0,10877.4,261.8,500.0,2025-09-10 00:00:00
01/01/2024,pn-eq-07,24.0,0.0,7825.3,37.0,350.0,2024-01-02 00:00:00
02/10/2024,PN-EQ-05,21.8,2.2,5699.3,188.8,300.0,2024-10-03 00:00:00
02/04/2024,PNEQ01,24.0,0.0,10994.8,233.8,520.0,2024-04-03 00:00:00
18/05/2024,PN-EQ-08	,21.1,2.9,7558.4,145.4,400.0,2024-05-19 00:00:00
13/08/2025,PN-EQ-07 ,24.0,0.0,6888.4,108.5,350.0,2025-08-14 00:00:00
14/11/2025,PN-EQ-04,24.0,0.0,10175.1,102.7,460.0,2025-11-15 00:00:00
25/05/2024,PN_EQ_04,16.6,7.4,6661.1,60.9,460.0,2024-05-26 00:00:00
13/09/2024, PN-EQ-09,21.9,2.1,5254.3,66.4,260.0,2024-09-14 00:00:00
15/08/2025, PN-EQ-10,24.0,0.0,11060.6,352.0,500.0,2025-08-16 00:00:00
21/07/2025,PN-EQ-04 ,24.0,0.0,9797.1,160.3,460.0,2025-07-22 00:00:00
12/01/2024,PN-EQ-06 ,24.0,0.0,6725.4,183.2,300.0,2024-01-13 00:00:00
29/11/2025, PN-EQ-04,17.0,7.0,7008.2,186.5,460.0,2025-11-30 00:00:00
10/05/2025, PN-EQ-04,24.0,0.0,10600.2,368.7,460.0,2025-05-11 00:00:00
03/01/2025,PN_EQ_06,15.4,8.6,4161.6,120.8,300.0,2025-01-04 00:00:00
24/02/2025,pn-eq-03,24.0,0.0,8035.7,110.6,380.0,2025-02-25 00:00:00
09/01/2026,PN_EQ_05,24.0,0.0,6329.0,73.5,300.0,2026-01-10 00:00:00
09/05/2024,PNEQ10,14.5,9.5,6542.0,161.9,500.0,2024-05-10 00:00:00
02/05/2024, PN-EQ-03,24.0,0.0,7460.0,121.5,380.0,2024-05-03 00:00:00
16/05/2025,PN_EQ_01,21.3,2.7,9531.4,168.3,520.0,2025-05-17 00:00:00
23/07/2024,PNEQ05,24.0,0.0,6523.3,205.5,300.0,2024-07-24 00:00:00
01/06/2024, PN-EQ-01,17.5,6.5,7788.7,200.9,520.0,2024-06-02 00:00:00
24/12/2024,PN-EQ-07 ,17.3,6.7,5994.4,104.9,350.0,2024-12-25 00:00:00
26/02/2024,pn-eq-08,24.0,0.0,8740.5,319.5,400.0,2024-02-27 00:00:00
09/10/2025,pn-eq-08,24.0,0.0,9052.3,,400.0,2025-10-10 00:00:00
10/12/2025,pn-eq-03,24.0,0.0,7999.2,153.3,380.0,2025-12-11 00:00:00
11/11/2025,PN_EQ_09,24.0,0.0,5527.2,145.8,260.0,2025-11-12 00:00:00
29/03/2025,PN-EQ-03	,24.0,0.0,8408.0,241.6,380.0,2025-03-30 00:00:00
28/09/2024,PN-EQ-04	,4.0,20.0,1603.2,20.6,460.0,2024-09-29 00:00:00
19/02/2025,PN-EQ-08,24.0,0.0,8996.1,187.0,400.0,2025-02-20 00:00:00
31/05/2024,PN-EQ-08 ,24.0,0.0,8574.7,213.7,400.0,2024-06-01 00:00:00
17/02/2025,PNEQ01,24.0,0.0,10671.5,73.2,520.0,2025-02-18 00:00:00
14/03/2024,pn-eq-09,24.0,0.0,6177.6,128.1,260.0,2024-03-15 00:00:00
22/03/2024,PN-EQ-01	,24.0,0.0,12016.3,339.0,520.0,2024-03-23 00:00:00
30/01/2025, PN-EQ-07,24.0,0.0,7004.7,170.3,350.0,2025-01-31 00:00:00
05/10/2025,PN-EQ-05 ,22.2,1.8,6002.8,130.9,300.0,2025-10-06 00:00:00
20/08/2024,PN-EQ-03	,20.6,3.4,7073.3,146.6,380.0,2024-08-21 00:00:00
30/08/2025,pn-eq-05,24.0,0.0,7128.0,61.0,300.0,2025-08-31 00:00:00
08/12/2025,PN-EQ-03,24.0,0.0,8484.0,168.4,380.0,2025-12-09 00:00:00
24/11/2024,PN-EQ-02,24.0,0.0,9859.5,293.2,430.0,2024-11-25 00:00:00
09/10/2024, PN-EQ-09,24.0,0.0,5827.0,148.5,260.0,2024-10-10 00:00:00
20/09/2024,PN-EQ-10	,22.2,1.8,10567.6,23.8,500.0,2024-09-21 00:00:00
07/09/2025,PN-EQ-10 ,6.6,17.4,3267.0,55.5,500.0,2025-09-08 00:00:00
16/07/2025,PN-EQ-05	,24.0,,6950.0,114.6,300.0,2025-07-17 00:00:00
25/05/2025,pn-eq-02,24.0,0.0,8780.4,103.3,430.0,2025-05-26 00:00:00
12/03/2024,PN-EQ-03,24.0,0.0,8317.0,194.2,380.0,2024-03-13 00:00:00
15/06/2024,PN-EQ-10 ,24.0,0.0,10308.0,319.1,500.0,2024-06-16 00:00:00
05/10/2024,PN-EQ-03,24.0,0.0,8673.7,212.2,380.0,2024-10-06 00:00:00
16/02/2024,PN-EQ-06	,24.0,0.0,7128.0,161.7,300.0,2024-02-17 00:00:00
07/05/2025,PNEQ03,24.0,0.0,8165.6,165.3,380.0,2025-05-08 00:00:00
16/03/2025,PN-EQ-07	,19.7,4.3,6155.6,157.4,350.0,2025-03-17 00:00:00
20/03/2024,PN-EQ-08 ,24.0,0.0,8009.4,186.8,400.0,2024-03-21 00:00:00
13/09/2024,PN-EQ-05,24.0,0.0,6545.5,,300.0,2024-09-14 00:00:00
01/01/2025,PNEQ01,15.4,8.6,7631.3,218.9,520.0,2025-01-02 00:00:00
28/05/2024, PN-EQ-06,21.2,2.8,5655.3,151.5,300.0,2024-05-29 00:00:00
23/01/2024,PN_EQ_08,18.5,5.5,6774.7,132.9,400.0,2024-01-24 00:00:00
15/08/2025,PN-EQ-08,24.0,0.0,8599.4,204.5,400.0,2025-08-16 00:00:00
14/04/2024,pn-eq-09,24.0,0.0,6177.6,162.2,260.0,2024-04-15 00:00:00
24/09/2025,PNEQ04,24.0,0.0,9777.6,0.0,460.0,2025-09-25 00:00:00
10/10/2025,PN-EQ-03	,24.0,0.0,8673.6,162.1,380.0,2025-10-11 00:00:00
08/03/2025,PNEQ09,24.0,0.0,5269.9,172.2,260.0,2025-03-09 00:00:00
02/02/2025,pn-eq-02,24.0,0.0,8789.1,155.5,430.0,2025-02-03 00:00:00
06/09/2025,PN-EQ-03	,14.3,9.7,5191.6,77.8,380.0,2025-09-07 00:00:00
23/03/2025,PN-EQ-05	,24.0,0.0,6472.1,102.1,300.0,2025-03-24 00:00:00
24/06/2025,PNEQ02,24.0,0.0,9873.6,303.4,430.0,2025-06-25 00:00:00
27/04/2024,PN-EQ-10,17.9,6.1,7767.1,94.6,500.0,2024-04-28 00:00:00
08/01/2026,PN-EQ-10 ,24.0,0.0,11035.8,207.6,500.0,2026-01-09 00:00:00
11/10/2025,PN-EQ-08,24.0,0.0,8670.9,,400.0,2025-10-12 00:00:00
25/07/2025,PNEQ07,24.0,0.0,8129.3,226.6,350.0,2025-07-26 00:00:00
19/11/2025, PN-EQ-06,24.0,0.0,6997.7,118.6,300.0,2025-11-20 00:00:00
19/06/2025, PN-EQ-06,24.0,0.0,6758.1,178.5,300.0,2025-06-20 00:00:00
07/05/2025,PN_EQ_06,24.0,0.0,6125.4,164.9,300.0,2025-05-08 00:00:00
28/10/2025, PN-EQ-09,21.5,2.5,5412.5,26.3,260.0,2025-10-29 00:00:00
16/03/2025,PN-EQ-10,24.0,0.0,10739.3,350.9,500.0,2025-03-17 00:00:00
09/08/2025,PNEQ06,24.0,0.0,6590.5,300.3,300.0,2025-08-10 00:00:00
08/10/2024, PN-EQ-07,24.0,0.0,7713.3,248.0,350.0,2024-10-09 00:00:00
20/10/2024,pn-eq-09,24.0,0.0,6092.8,90.7,260.0,2024-10-21 00:00:00
19/02/2025,PN-EQ-04,14.1,9.9,6128.4,145.6,460.0,2025-02-20 00:00:00
08/10/2025,PN_EQ_10,24.0,0.0,10783.1,207.7,500.0,2025-10-09 00:00:00
27/10/2024,PN-EQ-03 ,24.0,0.0,8314.0,228.3,380.0,2024-10-28 00:00:00
01/11/2024, PN-EQ-02,24.0,0.0,10216.8,228.8,430.0,2024-11-02 00:00:00
28/04/2025,PN-EQ-04	,24.0,0.0,9822.4,209.2,460.0,2025-04-29 00:00:00
12/01/2025, PN-EQ-02,24.0,0.0,8266.1,198.6,430.0,2025-01-13 00:00:00
29/03/2024,PN-EQ-08 ,24.0,0.0,8931.3,245.9,400.0,2024-03-30 00:00:00
09/05/2025, PN-EQ-02,24.0,0.0,9200.1,201.7,430.0,2025-05-10 00:00:00
12/09/2024,PN_EQ_06,23.5,0.5,6979.5,192.9,300.0,2024-09-13 00:00:00
13/05/2024,PN-EQ-08	,24.0,0.0,8529.6,193.4,400.0,2024-05-14 00:00:00
10/02/2024,PN_EQ_07,24.0,0.0,7442.3,84.2,350.0,2024-02-11 00:00:00
19/06/2025,PNEQ01,24.0,0.0,11119.5,282.1,520.0,2025-06-20 00:00:00
04/12/2025,PN-EQ-08 ,24.0,0.0,9001.1,96.8,400.0,2025-12-05 00:00:00
15/02/2025,PN-EQ-05	,24.0,0.0,6307.9,187.9,300.0,2025-02-16 00:00:00
16/01/2025,pn-eq-06,24.0,0.0,6653.7,275.6,300.0,2025-01-17 00:00:00
20/11/2024,PN-EQ-10 ,24.0,0.0,10380.0,266.4,500.0,2024-11-21 00:00:00
01/01/2025,PN-EQ-04	,24.0,0.0,9439.1,169.8,460.0,2025-01-02 00:00:00
20/10/2025,pn-eq-03,23.2,0.8,7530.1,209.4,380.0,2025-10-21 00:00:00
11/12/2024,pn-eq-04,4.9,19.1,2104.7,36.2,460.0,2024-12-12 00:00:00
18/11/2024,PN-EQ-09 ,24.0,0.0,5333.7,165.0,260.0,2024-11-19 00:00:00
31/05/2024,PNEQ04,23.5,0.5,10089.9,,460.0,2024-06-01 00:00:00
06/04/2025,PN-EQ-07 ,24.0,0.0,8250.4,212.6,350.0,2025-04-07 00:00:00
28/03/2024,pn-eq-01,13.3,,6721.7,97.8,520.0,2024-03-29 00:00:00
20/03/2025,PN-EQ-10,24.0,0.0,10599.4,359.1,500.0,2025-03-21 00:00:00
23/05/2024,PN-EQ-04 ,24.0,0.0,10914.1,350.2,460.0,2024-05-24 00:00:00
20/03/2025,PNEQ01,24.0,0.0,11110.9,253.9,520.0,2025-03-21 00:00:00
19/05/2024,PN_EQ_02,23.4,0.6,9792.6,386.1,430.0,2024-05-20 00:00:00
13/01/2024,PN-EQ-09,23.5,0.5,5637.2,104.2,260.0,2024-01-14 00:00:00
09/04/2024,PN_EQ_08,24.0,0.0,8275.8,290.0,400.0,2024-04-10 00:00:00
30/12/2025,pn-eq-06,24.0,0.0,5723.4,192.0,300.0,2025-12-31 00:00:00
11/07/2024, PN-EQ-07,24.0,0.0,7626.3,102.0,350.0,2024-07-12 00:00:00
09/02/2024,pn-eq-10,24.0,0.0,10504.9,161.5,500.0,2024-02-10 00:00:00
04/02/2025,PN-EQ-08,24.0,0.0,8416.1,251.7,400.0,2025-02-05 00:00:00
27/11/2024,PNEQ08,24.0,0.0,8603.3,235.0,400.0,2024-11-28 00:00:00
25/05/2025,PN-EQ-04	,18.0,6.0,6891.4,63.3,460.0,2025-05-26 00:00:00
29/12/2024,PN-EQ-01 ,24.0,0.0,11574.6,160.2,520.0,2024-12-30 00:00:00
30/03/2025,PN_EQ_06,24.0,0.0,6749.4,64.2,300.0,2025-03-31 00:00:00
06/05/2025,PNEQ06,13.1,10.9,3355.9,77.2,300.0,2025-05-07 00:00:00
05/07/2024,pn-eq-05,24.0,,6060.0,,300.0,2024-07-06 00:00:00
13/04/2025,PN-EQ-01,24.0,0.0,10766.4,217.6,520.0,2025-04-14 00:00:00
23/03/2024,PN-EQ-09 ,22.2,1.8,4838.0,51.1,260.0,2024-03-24 00:00:00
12/06/2025,PNEQ03,24.0,,8907.8,106.4,380.0,2025-06-13 00:00:00
30/05/2025,PN-EQ-01	,24.0,0.0,10152.9,237.6,520.0,2025-05-31 00:00:00
30/11/2024,pn-eq-03,24.0,0.0,9028.8,103.1,380.0,2024-12-01 00:00:00
25/01/2025,PN_EQ_05,24.0,0.0,6569.1,84.5,300.0,2025-01-26 00:00:00
09/04/2024,PN-EQ-01 ,24.0,0.0,10060.2,189.3,520.0,2024-04-10 00:00:00
19/09/2024,PN-EQ-05	,24.0,0.0,7128.0,98.1,300.0,2024-09-20 00:00:00
11/05/2024,PN-EQ-02,24.0,0.0,8949.1,193.8,430.0,2024-05-12 00:00:00
29/07/2024,PN-EQ-04 ,16.4,7.6,6942.4,,460.0,2024-07-30 00:00:00
04/02/2025,PN-EQ-06 ,24.0,0.0,6382.0,136.8,300.0,2025-02-05 00:00:00
28/09/2024,PN-EQ-03	,22.7,1.3,8473.0,244.4,380.0,2024-09-29 00:00:00
05/09/2024,PN-EQ-10 ,24.0,0.0,10707.1,213.7,500.0,2024-09-06 00:00:00
07/10/2024,pn-eq-10,4.7,19.3,2326.5,30.3,500.0,2024-10-08 00:00:00
13/10/2024,PNEQ08,24.0,0.0,8463.2,39.6,400.0,2024-10-14 00:00:00
30/12/2025,PN_EQ_02,24.0,0.0,8955.2,72.4,430.0,2025-12-31 00:00:00
21/03/2024,pn-eq-07,24.0,0.0,7713.5,73.5,350.0,2024-03-22 00:00:00
21/11/2025,pn-eq-09,24.0,0.0,5258.5,59.5,260.0,2025-11-19 00:00:00
04/01/2024,PN-EQ-07	,24.0,0.0,7876.5,115.0,350.0,2024-01-05 00:00:00
20/01/2024,PN_EQ_09,24.0,0.0,5640.4,129.6,260.0,2024-01-21 00:00:00
22/07/2024,PN-EQ-06,24.0,0.0,6251.3,87.6,300.0,2024-07-23 00:00:00
23/08/2025,PNEQ02,24.0,0.0,10018.8,175.9,430.0,2025-08-24 00:00:00
11/03/2024,PN-EQ-07	,24.0,0.0,7762.9,105.2,350.0,2024-03-12 00:00:00
07/11/2025,PNEQ02,24.0,0.0,10216.8,206.7,430.0,2025-11-08 00:00:00
06/05/2024,PN-EQ-10,15.5,8.5,6929.9,174.7,500.0,2024-05-07 00:00:00
01/02/2025,PNEQ01,24.0,0.0,12355.2,201.2,520.0,2025-02-02 00:00:00
29/11/2024,PN-EQ-04	,24.0,0.0,9563.4,,460.0,2024-11-30 00:00:00
24/08/2025, PN-EQ-07,4.0,20.0,1201.2,15.9,350.0,2025-08-25 00:00:00
13/05/2025,PN_EQ_02,4.0,20.0,1489.1,18.3,430.0,2025-05-14 00:00:00
08/03/2025,PNEQ01,16.3,7.7,7464.1,241.3,520.0,2025-03-09 00:00:00
10/10/2024,PN-EQ-02 ,24.0,0.0,9205.2,28.9,430.0,2024-10-11 00:00:00
17/12/2025,PN-EQ-10	,24.0,0.0,10567.4,113.7,500.0,2025-12-18 00:00:00
16/05/2025,PN-EQ-10 ,24.0,0.0,10328.0,304.2,500.0,2025-05-17 00:00:00
01/08/2025, PN-EQ-08,24.0,0.0,7938.8,251.2,400.0,2025-07-31 00:00:00
24/01/2024,PNEQ03,24.0,0.0,8467.8,228.7,380.0,2024-01-25 00:00:00
02/01/2026,PN-EQ-05,24.0,0.0,6140.7,205.5,300.0,2026-01-03 00:00:00
31/07/2024,PN-EQ-02	,24.0,0.0,9965.4,,430.0,2024-08-01 00:00:00
14/08/2024,pn-eq-03,24.0,0.0,7729.3,0.0,380.0,2024-08-15 00:00:00
27/11/2024,PNEQ04,24.0,0.0,10388.1,228.0,460.0,2024-11-28 00:00:00
21/01/2024,PN-EQ-07	,24.0,0.0,6180.4,138.1,350.0,2024-01-19 00:00:00
15/07/2024,PN-EQ-05,24.0,0.0,6529.5,55.7,300.0,2024-07-16 00:00:00
30/05/2024,PN-EQ-07	,24.0,0.0,7276.4,109.0,350.0,2024-05-31 00:00:00
29/09/2025,PN_EQ_04,24.0,0.0,9279.0,125.3,460.0,2025-09-30 00:00:00
23/11/2025,PN-EQ-05 ,24.0,0.0,6707.2,150.1,300.0,2025-11-24 00:00:00
14/12/2025,PN_EQ_01,24.0,0.0,11372.1,337.1,520.0,2025-12-15 00:00:00
01/01/2025,PNEQ08,24.0,0.0,9037.3,185.6,400.0,2025-01-02 00:00:00
28/12/2024,PN-EQ-08	,23.1,0.9,8727.3,,400.0,2024-12-29 00:00:00
11/12/2025,PNEQ01,24.0,0.0,11520.4,153.6,520.0,2025-12-12 00:00:00
29/11/2024,PN-EQ-09	,24.0,0.0,5244.6,121.3,260.0,2024-11-29 00:00:00
17/02/2025,PNEQ09,24.0,0.0,5682.2,171.0,260.0,2025-02-18 00:00:00
19/07/2025,PN-EQ-06 ,24.0,0.0,6799.4,175.2,300.0,2025-07-20 00:00:00
08/08/2025,PN_EQ_10,24.0,0.0,11373.4,395.7,500.0,2025-08-09 00:00:00
14/07/2025,pn-eq-10,24.0,0.0,10922.8,197.9,500.0,2025-07-15 00:00:00
28/05/2025,PN-EQ-04,24.0,0.0,9980.1,275.2,460.0,2025-05-29 00:00:00
03/01/2025,PNEQ05,24.0,0.0,6678.1,,300.0,2025-01-04 00:00:00
12/04/2025,PN_EQ_02,24.0,0.0,8425.4,151.7,430.0,2025-04-13 00:00:00
11/02/2024, PN-EQ-07,24.0,0.0,7256.2,196.4,350.0,2024-02-12 00:00:00
30/11/2024,PN_EQ_09,24.0,,5711.8,97.1,260.0,2024-12-01 00:00:00
11/06/2025,PN_EQ_05,24.0,0.0,6275.9,136.7,300.0,2025-06-12 00:00:00
20/05/2024,PN-EQ-05	,24.0,0.0,7047.2,126.6,300.0,2024-05-21 00:00:00
26/03/2025,PN-EQ-03	,24.0,0.0,7950.2,149.1,380.0,2025-03-27 00:00:00
26/10/2024,PN_EQ_05,24.0,0.0,6837.3,84.1,300.0,2024-10-27 00:00:00
07/09/2024,PN-EQ-06	,24.0,0.0,6818.1,263.5,300.0,2024-09-08 00:00:00
05/12/2024,PN-EQ-01 ,24.0,0.0,11778.7,190.3,520.0,2024-12-06 00:00:00
03/10/2025,PN-EQ-05	,24.0,0.0,6921.4,122.0,300.0,2025-10-04 00:00:00
03/11/2025,PN-EQ-09	,16.6,7.4,3608.8,38.2,260.0,2025-11-04 00:00:00
13/09/2024,pn-eq-10,24.0,0.0,10983.2,166.9,500.0,2024-09-14 00:00:00
23/10/2025,PNEQ07,24.0,0.0,7524.3,,350.0,2025-10-24 00:00:00
25/11/2024,PN_EQ_02,24.0,0.0,7949.3,151.9,430.0,2024-11-25 00:00:00
31/01/2025,pn-eq-05,24.0,0.0,6438.1,88.3,300.0,2025-02-01 00:00:00
01/07/2024,PNEQ07,20.0,4.0,5973.1,64.6,350.0,2024-07-02 00:00:00
13/04/2024,PN_EQ_07,24.0,0.0,7131.7,81.7,350.0,2024-04-14 00:00:00
21/06/2024, PN-EQ-05,14.8,9.2,3942.8,66.4,300.0,2024-06-22 00:00:00
01/06/2025,PN-EQ-09,24.0,0.0,6031.5,141.5,260.0,2025-06-02 00:00:00
28/10/2024,PN-EQ-04,20.4,3.6,8024.3,187.6,460.0,2024-10-29 00:00:00
07/10/2024,PN-EQ-01,24.0,0.0,10836.1,208.5,520.0,2024-10-08 00:00:00
21/07/2025,PN-EQ-08 ,23.0,1.0,8710.3,163.1,400.0,2025-07-22 00:00:00
09/01/2025,PNEQ08,24.0,0.0,9504.0,55.2,400.0,2025-01-10 00:00:00
21/08/2025,PN_EQ_09,24.0,0.0,5290.8,16.4,260.0,2025-08-22 00:00:00
03/11/2024,PN-EQ-02,21.9,2.1,8453.5,198.9,430.0,2024-11-04 00:00:00
17/12/2025,PN-EQ-09,22.9,1.1,5281.7,85.5,260.0,2025-12-18 00:00:00
11/05/2024,PNEQ06,23.2,0.8,5874.0,104.8,300.0,2024-05-12 00:00:00
02/04/2024,PN-EQ-02,24.0,0.0,9265.7,277.3,430.0,2024-04-03 00:00:00
23/08/2025,PN_EQ_04,24.0,0.0,9312.9,244.8,460.0,2025-08-24 00:00:00
18/02/2024,PN_EQ_01,24.0,0.0,12183.1,341.8,520.0,2024-02-19 00:00:00
30/08/2025,PN_EQ_08,15.2,8.8,5426.0,99.9,400.0,2025-08-31 00:00:00
25/10/2025,PNEQ02,22.2,1.8,7858.8,243.8,430.0,2025-10-26 00:00:00
11/07/2025,PN-EQ-05 ,18.9,5.1,5517.6,55.4,300.0,2025-07-12 00:00:00
02/02/2024,PN-EQ-07,24.0,0.0,7577.5,71.2,350.0,2024-02-03 00:00:00
08/03/2025,PN-EQ-02 ,24.0,0.0,9038.3,118.9,430.0,2025-03-09 00:00:00
29/05/2024, PN-EQ-06,16.4,7.6,4437.8,84.3,300.0,2024-05-30 00:00:00
14/08/2025,PN-EQ-05 ,4.0,20.0,979.7,14.7,300.0,2025-08-15 00:00:00
28/03/2024, PN-EQ-08,17.4,6.6,6890.4,81.4,400.0,2024-03-29 00:00:00
26/08/2024,PNEQ08,24.0,0.0,8395.1,180.9,400.0,2024-08-27 00:00:00
12/02/2025,PN_EQ_01,24.0,0.0,11729.6,261.6,520.0,2025-02-13 00:00:00
15/01/2024,PNEQ03,12.7,11.3,4411.5,67.6,380.0,2024-01-16 00:00:00
31/08/2025,PN-EQ-08,23.2,0.8,8522.8,226.7,400.0,2025-09-01 00:00:00
14/05/2024,PNEQ07,22.1,1.9,6591.2,88.1,350.0,2024-05-12 00:00:00
05/08/2024,PN-EQ-08 ,24.0,0.0,8460.5,192.5,400.0,2024-08-06 00:00:00
20/09/2025,PN-EQ-03 ,24.0,0.0,8150.4,73.6,380.0,2025-09-21 00:00:00
25/04/2025,PN-EQ-01,24.0,,11794.9,194.1,520.0,2025-04-26 00:00:00
26/06/2025,PN-EQ-05,24.0,0.0,6915.4,97.9,300.0,2025-06-27 00:00:00
28/11/2024,PN_EQ_05,24.0,0.0,6333.5,261.5,300.0,2024-11-29 00:00:00
10/08/2024,PN-EQ-10 ,24.0,0.0,9788.5,158.0,500.0,2024-08-11 00:00:00
06/06/2025, PN-EQ-09,15.2,8.8,3844.0,75.3,260.0,2025-06-07 00:00:00
12/07/2024,PN-EQ-05,24.0,0.0,5942.0,154.2,300.0,2024-07-13 00:00:00
24/10/2025,PN-EQ-05 ,24.0,0.0,6122.8,149.0,300.0,2025-10-25 00:00:00
03/05/2024,PN-EQ-04	,24.0,0.0,10156.5,177.2,460.0,2024-05-04 00:00:00
01/08/2025,PN_EQ_02,5.9,18.1,2511.1,44.7,430.0,2025-08-02 00:00:00
13/07/2025,PNEQ09,24.0,0.0,5579.3,46.7,260.0,2025-07-14 00:00:00
17/08/2024,PNEQ05,24.0,0.0,5894.1,165.8,300.0,2024-08-18 00:00:00
20/07/2025,PN_EQ_09,24.0,0.0,5235.9,158.4,260.0,2025-07-21 00:00:00
07/01/2026,pn-eq-06,24.0,0.0,6533.8,92.6,300.0,2026-01-08 00:00:00
16/07/2025,pn-eq-03,24.0,0.0,8381.7,117.1,380.0,2025-07-17 00:00:00
29/08/2024,PN-EQ-05 ,24.0,0.0,6516.5,161.7,300.0,2024-08-30 00:00:00
07/03/2025,PN-EQ-03	,24.0,0.0,8720.6,241.3,380.0,2025-03-08 00:00:00
27/09/2024,pn-eq-09,24.0,0.0,5719.4,86.2,260.0,2024-09-28 00:00:00
30/05/2025,PNEQ06,22.4,1.6,6096.0,106.7,300.0,2025-05-31 00:00:00
24/09/2025,pn-eq-01,24.0,,11172.3,,520.0,2025-09-25 00:00:00
23/12/2024,PN-EQ-02 ,18.5,,6499.8,148.0,430.0,2024-12-24 00:00:00
23/02/2024,PN-EQ-08	,24.0,0.0,8841.3,183.0,400.0,2024-02-24 00:00:00
09/06/2025,PN_EQ_01,24.0,,10413.1,311.3,520.0,2025-06-10 00:00:00
25/08/2024, PN-EQ-04,24.0,0.0,9976.0,152.8,460.0,2024-08-26 00:00:00
29/12/2024,PN_EQ_04,24.0,0.0,9507.2,217.2,460.0,2024-12-30 00:00:00
09/12/2025,PN-EQ-06,24.0,0.0,6862.1,5.7,300.0,2025-12-10 00:00:00
06/01/2024,PN-EQ-10,24.0,0.0,10032.6,278.7,500.0,2024-01-07 00:00:00
29/08/2024,PNEQ04,23.1,0.9,9784.1,322.4,460.0,2024-08-30 00:00:00
02/03/2024,pn-eq-02,24.0,0.0,9488.3,314.6,430.0,2024-03-03 00:00:00
13/05/2025,PN-EQ-05,24.0,0.0,6197.8,209.7,300.0,2025-05-14 00:00:00
24/07/2024,PN-EQ-10,24.0,0.0,11183.0,197.2,500.0,2024-07-25 00:00:00
21/03/2024,PN-EQ-10	,24.0,0.0,10684.7,185.4,500.0,2024-03-22 00:00:00
10/02/2024,PNEQ09,24.0,,6000.3,152.6,260.0,2024-02-11 00:00:00
22/05/2024,PN-EQ-04 ,24.0,0.0,10929.6,273.4,460.0,2024-05-23 00:00:00
03/01/2024,pn-eq-04,24.0,0.0,9736.9,25.4,460.0,2024-01-04 00:00:00
31/12/2025,PN-EQ-03,24.0,0.0,8914.0,117.1,380.0,2026-01-01 00:00:00
04/07/2025,pn-eq-02,24.0,0.0,9946.8,289.2,430.0,2025-07-05 00:00:00
30/05/2025, PN-EQ-07,24.0,0.0,7677.7,196.1,350.0,2025-05-31 00:00:00
28/06/2025,PN-EQ-07	,23.5,0.5,6768.5,100.6,350.0,2025-06-29 00:00:00
14/03/2025,PNEQ08,24.0,0.0,9483.0,0.0,400.0,2025-03-15 00:00:00
21/05/2024,PNEQ09,24.0,0.0,5509.7,96.0,260.0,2024-05-22 00:00:00
12/05/2024,PNEQ09,24.0,,5270.2,31.6,260.0,2024-05-13 00:00:00
16/11/2025, PN-EQ-03,24.0,0.0,8982.7,114.4,380.0,2025-11-17 00:00:00
22/03/2025,PN-EQ-04,24.0,0.0,10041.1,267.4,460.0,2025-03-23 00:00:00
29/11/2024,PNEQ08,21.4,2.6,8242.5,121.4,400.0,2024-11-30 00:00:00
14/05/2025,PN_EQ_05,24.0,0.0,7021.6,205.6,300.0,2025-05-15 00:00:00
04/03/2025,PN-EQ-08	,24.0,0.0,8538.8,199.5,400.0,2025-03-05 00:00:00
15/02/2025,PN-EQ-03,24.0,0.0,9028.8,232.0,380.0,2025-02-16 00:00:00
14/05/2024,PN_EQ_04,24.0,0.0,9627.9,217.0,460.0,2024-05-15 00:00:00
15/08/2024, PN-EQ-03,21.2,2.8,7354.4,251.1,380.0,2024-08-16 00:00:00
23/08/2024,PN-EQ-10,21.1,2.9,9454.1,356.0,500.0,2024-08-24 00:00:00
07/04/2024,PN-EQ-07 ,24.0,0.0,7816.1,241.0,350.0,2024-04-08 00:00:00
09/07/2024, PN-EQ-09,24.0,0.0,5885.7,90.4,260.0,2024-07-10 00:00:00
19/09/2024,PN-EQ-02	,17.4,6.6,6723.1,163.4,430.0,2024-09-20 00:00:00
18/10/2024,PN_EQ_01,24.0,0.0,11463.2,243.3,520.0,2024-10-19 00:00:00
30/04/2025,PN-EQ-01,24.0,0.0,11182.3,147.9,520.0,2025-05-01 00:00:00
16/12/2025,PN-EQ-10	,21.7,2.3,9360.0,139.3,500.0,2025-12-15 00:00:00
31/03/2025, PN-EQ-03,24.0,0.0,8564.3,189.2,380.0,2025-04-01 00:00:00
19/11/2024,PN_EQ_09,24.0,0.0,5902.7,147.6,260.0,2024-11-20 00:00:00
22/10/2025,PNEQ08,24.0,0.0,8790.9,196.9,400.0,2025-10-23 00:00:00
01/06/2024,pn-eq-10,24.0,0.0,11835.2,258.4,500.0,2024-06-02 00:00:00
16/07/2025,PN-EQ-04	,24.0,0.0,9604.7,110.9,460.0,2025-07-17 00:00:00
23/09/2024, PN-EQ-07,24.0,0.0,7435.7,85.7,350.0,2024-09-24 00:00:00
02/07/2024, PN-EQ-10,19.6,4.4,8472.5,116.2,500.0,2024-07-03 00:00:00
13/12/2024,PN-EQ-03	,17.7,6.3,5638.1,48.8,380.0,2024-12-14 00:00:00
28/11/2025,PN-EQ-07,24.0,,7288.5,156.0,350.0,2025-11-29 00:00:00
19/08/2024,PN_EQ_04,24.0,0.0,8863.3,177.0,460.0,2024-08-20 00:00:00
18/08/2025,PN-EQ-09,24.0,0.0,6174.7,159.1,260.0,2025-08-19 00:00:00
19/07/2024,PN_EQ_05,24.0,0.0,6111.5,187.2,300.0,2024-07-20 00:00:00
02/11/2025,PN-EQ-02	,18.9,5.1,7098.6,,430.0,2025-11-03 00:00:00
12/06/2024,PN_EQ_07,24.0,0.0,6999.4,173.6,350.0,2024-06-13 00:00:00
21/05/2024,PNEQ07,24.0,0.0,7379.3,208.3,350.0,2024-05-22 00:00:00
15/11/2025,pn-eq-10,23.4,0.6,10689.7,224.5,500.0,2025-11-16 00:00:00
12/09/2025,pn-eq-05,4.0,20.0,1003.8,7.8,300.0,2025-09-13 00:00:00
07/02/2025,PN_EQ_05,19.8,4.2,4782.6,112.8,300.0,2025-02-08 00:00:00
09/04/2025,pn-eq-08,24.0,0.0,9409.5,111.7,400.0,2025-09-05 00:00:00
02/11/2024,PNEQ02,24.0,0.0,9490.5,223.7,430.0,2024-11-03 00:00:00
14/07/2024,PNEQ07,24.0,0.0,7628.0,161.9,350.0,2024-07-15 00:00:00
01/10/2025,PN-EQ-07,24.0,0.0,7933.5,288.7,350.0,2025-10-02 00:00:00
10/09/2025,PN-EQ-06 ,24.0,0.0,6912.6,56.9,300.0,2025-09-11 00:00:00
14/10/2025,PN-EQ-05,24.0,0.0,6490.2,158.1,300.0,2025-10-15 00:00:00
05/06/2025,PN_EQ_03,24.0,0.0,8022.5,98.5,380.0,2025-06-06 00:00:00
15/04/2024,PNEQ09,24.0,0.0,6051.9,68.7,260.0,2024-04-16 00:00:00
28/08/2024,pn-eq-07,15.9,8.1,5423.6,135.7,350.0,2024-08-29 00:00:00
19/01/2024,PNEQ04,24.0,0.0,10704.2,291.8,460.0,2024-01-20 00:00:00
01/02/2024,PN_EQ_01,24.0,0.0,11257.3,289.6,520.0,2024-02-02 00:00:00
28/04/2024,PN-EQ-09	,22.2,1.8,5085.1,61.1,260.0,2024-04-29 00:00:00
10/03/2024,PN_EQ_03,24.0,0.0,8376.1,342.4,380.0,2024-03-11 00:00:00
25/07/2025,PN-EQ-03,24.0,0.0,8519.3,238.6,380.0,2025-07-26 00:00:00
16/01/2024, PN-EQ-02,24.0,0.0,10199.2,233.2,430.0,2024-01-17 00:00:00
16/03/2025,PN_EQ_04,24.0,0.0,9728.1,,460.0,2025-03-17 00:00:00
20/03/2024, PN-EQ-10,14.3,9.7,6482.9,167.1,500.0,2024-03-21 00:00:00
01/01/2025, PN-EQ-09,24.0,0.0,5396.9,119.2,260.0,2025-01-02 00:00:00
28/02/2025,PNEQ01,24.0,0.0,10287.3,217.4,520.0,2025-02-27 00:00:00
28/04/2025,PN-EQ-06,15.3,8.7,4429.0,130.1,300.0,2025-04-29 00:00:00
06/07/2025,pn-eq-05,24.0,0.0,6436.7,62.8,300.0,2025-07-07 00:00:00
06/11/2025,PN-EQ-08,23.5,0.5,8308.4,183.2,400.0,2025-11-07 00:00:00
28/09/2025,PN-EQ-03	,24.0,0.0,8156.4,87.5,380.0,2025-09-29 00:00:00
12/02/2025,PNEQ07,24.0,0.0,7193.0,123.8,350.0,2025-02-13 00:00:00
04/07/2024,PNEQ09,23.1,0.9,5633.3,165.6,260.0,2024-07-05 00:00:00
09/03/2025,PN-EQ-03	,24.0,0.0,8781.9,171.9,380.0,2025-03-10 00:00:00
10/08/2024,PN-EQ-03 ,24.0,0.0,8462.4,77.1,380.0,2024-08-11 00:00:00
28/09/2025,PN-EQ-01,24.0,0.0,11856.2,330.7,520.0,2025-09-29 00:00:00
30/04/2024,PN-EQ-02 ,16.8,7.2,6464.5,96.8,430.0,2024-05-01 00:00:00
15/11/2025,PN-EQ-01 ,24.0,0.0,10945.1,115.9,520.0,2025-11-16 00:00:00
05/11/2025,pn-eq-07,23.4,0.6,7158.5,167.9,350.0,2025-11-06 00:00:00
31/05/2024,PN_EQ_03,24.0,0.0,8320.5,0.0,380.0,2024-06-01 00:00:00
04/11/2025,pn-eq-06,19.5,4.5,5267.9,155.7,300.0,2025-11-05 00:00:00
07/01/2025,PN-EQ-02 ,24.0,0.0,8386.1,183.8,430.0,2025-01-08 00:00:00
15/10/2025,PNEQ03,24.0,0.0,8172.0,51.2,380.0,2025-10-16 00:00:00
03/12/2024,PNEQ10,24.0,0.0,9794.1,99.4,500.0,2024-12-01 00:00:00
02/05/2024,pn-eq-04,24.0,0.0,9870.7,273.3,460.0,2024-05-03 00:00:00
14/12/2025,PN-EQ-09,24.0,0.0,5483.7,147.3,260.0,2025-12-15 00:00:00
23/08/2024,PN-EQ-01	,24.0,0.0,11051.0,261.0,520.0,2024-08-24 00:00:00
28/06/2024, PN-EQ-04,24.0,0.0,10100.2,313.8,460.0,2024-06-29 00:00:00
26/11/2025,PN-EQ-06 ,24.0,0.0,6278.2,35.6,300.0,2025-11-27 00:00:00
19/12/2024,PN_EQ_10,24.0,0.0,11797.4,399.4,500.0,2024-12-20 00:00:00
30/11/2025,PNEQ04,24.0,0.0,9615.5,101.4,460.0,2025-12-01 00:00:00
02/09/2025, PN-EQ-01,24.0,0.0,11683.6,116.2,520.0,2025-09-03 00:00:00
07/08/2024,PNEQ08,24.0,0.0,8328.0,238.1,400.0,2024-08-08 00:00:00
23/08/2024,PN-EQ-02 ,24.0,0.0,8554.5,228.1,430.0,2024-08-24 00:00:00
06/08/2025,PN_EQ_01,24.0,0.0,11548.5,243.4,520.0,2025-08-07 00:00:00
10/05/2024,pn-eq-08,19.9,4.1,7197.4,78.8,400.0,2024-05-11 00:00:00
21/09/2024,PN-EQ-05	,24.0,0.0,6600.5,201.3,300.0,2024-09-22 00:00:00
23/04/2024,PN-EQ-06	,24.0,0.0,6164.0,6.4,300.0,2024-04-24 00:00:00
08/06/2025,PN-EQ-05,24.0,0.0,6184.3,43.8,300.0,2025-06-09 00:00:00
19/03/2024, PN-EQ-09,24.0,0.0,5710.3,160.6,260.0,2024-03-20 00:00:00
08/09/2025,PN-EQ-02	,24.0,0.0,9582.1,89.4,430.0,2025-09-09 00:00:00
04/12/2024,PN-EQ-08	,20.0,4.0,6674.7,132.7,400.0,2024-12-05 00:00:00
05/06/2025,PN_EQ_02,22.3,1.7,8052.0,187.0,430.0,2025-06-04 00:00:00
20/09/2024,PN-EQ-02 ,24.0,0.0,8808.6,256.7,430.0,2024-09-21 00:00:00
20/06/2024,PN_EQ_01,24.0,0.0,12355.2,254.3,520.0,2024-06-21 00:00:00
11/01/2024, PN-EQ-10,24.0,0.0,11486.5,182.1,500.0,2024-01-12 00:00:00
16/11/2025,pn-eq-10,24.0,0.0,10825.2,224.5,500.0,2025-11-17 00:00:00
08/07/2024, PN-EQ-02,21.3,2.7,8963.3,111.1,430.0,2024-07-09 00:00:00
14/05/2025,PN_EQ_07,24.0,0.0,7529.9,190.8,350.0,2025-05-15 00:00:00
15/04/2025,PN-EQ-04,24.0,0.0,9520.3,160.6,460.0,2025-04-16 00:00:00
20/01/2025,PNEQ05,17.9,6.1,5083.9,71.5,300.0,2025-01-21 00:00:00
04/04/2025, PN-EQ-10,24.0,0.0,11126.4,283.6,500.0,2025-04-05 00:00:00
08/06/2025, PN-EQ-10,24.0,0.0,11497.8,416.8,500.0,2025-06-09 00:00:00
03/07/2025,PN_EQ_05,24.0,0.0,6361.8,197.7,300.0,2025-07-04 00:00:00
13/11/2025,PN_EQ_04,24.0,0.0,10203.2,243.6,460.0,2025-11-14 00:00:00
07/11/2024, PN-EQ-05,22.0,2.0,5747.6,145.7,300.0,2024-11-08 00:00:00
28/11/2024,PN-EQ-03 ,24.0,0.0,8292.2,53.6,380.0,2024-11-29 00:00:00
14/06/2025,PN_EQ_08,24.0,0.0,7869.5,179.4,400.0,2025-06-15 00:00:00
23/02/2025, PN-EQ-03,24.0,0.0,8304.8,108.0,380.0,2025-02-24 00:00:00
13/11/2024, PN-EQ-02,24.0,0.0,8103.9,192.8,430.0,2024-11-13 00:00:00
19/06/2025,pn-eq-10,4.0,20.0,1786.2,53.9,500.0,2025-06-20 00:00:00
13/10/2024,PN-EQ-07	,24.0,0.0,7818.9,160.6,350.0,2024-10-14 00:00:00
29/05/2025,PN-EQ-07 ,24.0,0.0,7806.2,137.5,350.0,2025-05-30 00:00:00
04/06/2024,PN_EQ_09,24.0,0.0,5606.6,109.7,260.0,2024-04-07 00:00:00
10/08/2025,pn-eq-02,24.0,0.0,9392.9,216.6,430.0,2025-08-11 00:00:00
30/03/2024, PN-EQ-04,18.0,6.0,7097.7,109.4,460.0,2024-03-31 00:00:00
09/02/2025,PN-EQ-09 ,24.0,0.0,5394.9,125.6,260.0,2025-02-10 00:00:00
28/12/2024,PN-EQ-06,24.0,,6851.9,85.3,300.0,2024-12-29 00:00:00
04/09/2024, PN-EQ-05,4.0,20.0,1036.2,25.2,300.0,2024-09-05 00:00:00
17/10/2025,PN-EQ-05 ,24.0,0.0,5708.8,158.6,300.0,2025-10-18 00:00:00
10/06/2025,pn-eq-06,24.0,0.0,5589.3,84.5,300.0,2025-06-11 00:00:00
14/05/2025,PN-EQ-02 ,24.0,0.0,9183.9,159.6,430.0,2025-05-15 00:00:00
31/08/2024,PN-EQ-10 ,24.0,0.0,11071.5,267.0,500.0,2024-09-01 00:00:00
18/03/2024,PN-EQ-06	,24.0,0.0,6848.6,166.6,300.0,2024-03-19 00:00:00
01/10/2024,pn-eq-06,24.0,0.0,6491.7,91.3,300.0,2024-10-02 00:00:00
01/01/2026,PNEQ06,24.0,0.0,6403.6,166.0,300.0,2026-01-02 00:00:00
22/02/2024,PNEQ09,24.0,0.0,4477.6,89.3,260.0,2024-02-21 00:00:00
11/01/2024,pn-eq-02,24.0,0.0,9634.4,137.6,430.0,2024-01-12 00:00:00
13/03/2025,PN-EQ-08,24.0,0.0,8511.7,300.9,400.0,2025-03-14 00:00:00
06/10/2024,PN_EQ_08,24.0,0.0,8365.7,10.7,400.0,2024-10-07 00:00:00
22/04/2024,PNEQ10,24.0,0.0,10774.5,174.9,500.0,2024-04-23 00:00:00
15/05/2024,PN-EQ-06 ,24.0,,6629.5,20.7,300.0,2024-05-16 00:00:00
30/01/2024,PN-EQ-06 ,24.0,,6015.4,174.6,300.0,2024-01-31 00:00:00
25/11/2024, PN-EQ-01,21.3,2.7,9816.8,175.6,520.0,2024-11-26 00:00:00
16/10/2024,PNEQ09,18.7,5.3,4752.3,129.0,260.0,2024-10-17 00:00:00
10/06/2025, PN-EQ-04,24.0,0.0,9822.8,204.7,460.0,2025-06-11 00:00:00
16/11/2024,PN-EQ-06,24.0,0.0,6409.3,183.2,300.0,2024-11-17 00:00:00
07/12/2025,PN-EQ-08	,12.5,11.5,4620.9,130.8,400.0,2025-12-08 00:00:00
08/12/2025,PN_EQ_07,24.0,0.0,7705.6,102.1,350.0,2025-12-09 00:00:00
27/01/2025,PNEQ03,23.2,0.8,7941.3,301.2,380.0,2025-01-28 00:00:00
13/11/2025,PN-EQ-08 ,24.0,0.0,8794.1,185.4,400.0,2025-11-14 00:00:00
25/10/2024,PN_EQ_08,11.6,12.4,4484.6,138.6,400.0,2024-10-26 00:00:00
01/07/2025, PN-EQ-02,24.0,0.0,8363.3,236.6,430.0,2025-07-02 00:00:00
04/06/2024, PN-EQ-10,24.0,0.0,11348.4,335.4,500.0,2024-06-05 00:00:00
05/08/2024,PN-EQ-06	,24.0,0.0,6461.2,32.5,300.0,2024-08-06 00:00:00
19/11/2024,PN-EQ-05 ,15.4,8.6,4345.4,29.2,300.0,2024-11-20 00:00:00
04/03/2025,PN-EQ-07 ,24.0,0.0,7528.3,110.1,350.0,2025-03-05 00:00:00
03/06/2024,PN-EQ-10	,24.0,0.0,11079.8,369.2,500.0,2024-06-04 00:00:00
10/01/2025,PNEQ06,24.0,0.0,6410.1,96.5,300.0,2025-01-11 00:00:00
27/08/2024,PN-EQ-05	,16.2,7.8,4399.7,105.9,300.0,2024-08-28 00:00:00
25/04/2025, PN-EQ-03,24.0,0.0,8076.0,198.0,380.0,2025-04-26 00:00:00
05/02/2024,PN_EQ_08,24.0,0.0,9066.3,99.9,400.0,2024-02-06 00:00:00
31/03/2024, PN-EQ-06,19.5,4.5,5555.7,56.3,300.0,2024-04-01 00:00:00
14/12/2025,PN-EQ-10	,24.0,0.0,11017.5,234.0,500.0,2025-12-15 00:00:00
03/07/2025,PN-EQ-03 ,24.0,0.0,8166.3,163.8,380.0,2025-07-04 00:00:00
14/01/2024,PN-EQ-04,24.0,0.0,10039.6,102.5,460.0,2024-01-15 00:00:00
23/08/2025,pn-eq-03,24.0,0.0,8300.9,297.6,380.0,2025-08-24 00:00:00
20/01/2024, PN-EQ-08,24.0,0.0,8470.6,166.9,400.0,2024-01-21 00:00:00
17/07/2024, PN-EQ-04,22.1,1.9,9724.0,140.9,460.0,2024-07-18 00:00:00
04/07/2025,pn-eq-09,24.0,0.0,5918.9,160.6,260.0,2025-07-05 00:00:00
16/09/2025,PN-EQ-09 ,24.0,0.0,6177.6,64.2,260.0,2025-09-17 00:00:00
03/06/2024,PN_EQ_09,24.0,0.0,5127.6,118.6,260.0,2024-06-04 00:00:00
20/06/2025,PN-EQ-05 ,24.0,0.0,6905.2,184.8,300.0,2025-06-21 00:00:00
18/10/2024,PNEQ02,24.0,0.0,9713.6,265.0,430.0,2024-10-19 00:00:00
05/02/2025,PN-EQ-03 ,24.0,0.0,8824.8,,380.0,2025-02-06 00:00:00
21/02/2024,pn-eq-01,24.0,0.0,11006.3,141.0,520.0,2024-02-22 00:00:00
11/02/2024,PN-EQ-08 ,19.9,4.1,7636.3,185.8,400.0,2024-02-12 00:00:00
07/05/2024,PN_EQ_07,24.0,,7827.8,120.1,350.0,2024-05-08 00:00:00
14/10/2025,PN-EQ-10	,24.0,0.0,10660.6,186.0,500.0,2025-10-15 00:00:00
27/09/2025,PN-EQ-01	,24.0,0.0,12215.4,207.3,520.0,2025-09-28 00:00:00
10/08/2024,pn-eq-05,24.0,0.0,5963.1,117.1,300.0,2024-08-11 00:00:00
15/12/2024,pn-eq-06,4.0,20.0,1122.6,27.8,300.0,2024-12-16 00:00:00
14/09/2024, PN-EQ-08,24.0,0.0,8793.8,145.3,400.0,2024-09-15 00:00:00
28/01/2024,PNEQ08,22.2,1.8,7922.3,119.4,400.0,2024-01-29 00:00:00
18/02/2025,PNEQ01,24.0,0.0,11597.1,246.6,520.0,2025-02-19 00:00:00
01/01/2026, PN-EQ-03,24.0,0.0,8420.3,218.5,380.0,2026-01-02 00:00:00
15/01/2025,PN-EQ-04 ,24.0,0.0,10106.8,311.2,460.0,2025-01-16 00:00:00
25/04/2025,PN-EQ-08	,24.0,0.0,8306.1,123.2,400.0,2025-04-26 00:00:00
10/04/2025,PNEQ08,24.0,0.0,9000.5,260.2,400.0,2025-04-11 00:00:00
15/06/2025,PN-EQ-04	,15.8,8.2,6269.2,90.3,460.0,2025-06-16 00:00:00
11/11/2024,PNEQ05,24.0,0.0,7128.0,175.9,300.0,2024-11-12 00:00:00
15/08/2024, PN-EQ-09,24.0,0.0,5598.8,,260.0,2024-08-16 00:00:00
06/04/2024,PN-EQ-07	,20.1,3.9,5670.4,95.0,350.0,2024-04-07 00:00:00
24/01/2025,PN_EQ_03,24.0,0.0,9028.8,195.6,380.0,2025-01-25 00:00:00
18/06/2024,PNEQ03,24.0,0.0,8658.3,247.9,380.0,2024-06-19 00:00:00
25/03/2024,PN_EQ_06,24.0,0.0,6776.9,111.4,300.0,2024-03-26 00:00:00
14/10/2025,PN-EQ-02	,24.0,0.0,9245.3,108.6,430.0,2025-10-15 00:00:00
21/07/2024, PN-EQ-10,17.3,6.7,8068.0,214.9,500.0,2024-07-22 00:00:00
25/07/2025,PN-EQ-09 ,24.0,0.0,5394.5,123.0,260.0,2025-07-26 00:00:00
12/02/2025,PNEQ03,21.3,2.7,7314.2,141.8,380.0,2025-02-13 00:00:00
11/09/2025,pn-eq-09,16.7,7.3,4261.4,108.7,260.0,2025-09-12 00:00:00
04/09/2025,PN-EQ-01,24.0,0.0,10690.9,258.0,520.0,2025-09-05 00:00:00
01/11/2025,PN-EQ-06 ,24.0,0.0,5798.7,111.4,300.0,2025-11-02 00:00:00
27/12/2024,PN_EQ_07,19.6,4.4,6415.0,114.8,350.0,2024-12-28 00:00:00
08/10/2024, PN-EQ-08,24.0,0.0,9046.4,225.4,400.0,2024-10-09 00:00:00
08/05/2025,PN-EQ-05 ,24.0,0.0,6076.4,27.3,300.0,2025-05-09 00:00:00
05/09/2025, PN-EQ-06,24.0,0.0,6476.2,208.9,300.0,2025-09-06 00:00:00
04/05/2024,PN_EQ_04,24.0,0.0,9468.0,238.5,460.0,2024-05-05 00:00:00
22/10/2025,pn-eq-01,24.0,0.0,11463.4,87.5,520.0,2025-10-23 00:00:00
06/06/2024,PN_EQ_01,24.0,0.0,11969.9,,520.0,2024-06-07 00:00:00
13/05/2025, PN-EQ-03,24.0,0.0,8505.1,167.6,380.0,2025-05-14 00:00:00
01/07/2025,PN-EQ-04	,24.0,0.0,9991.6,243.4,460.0,2025-07-02 00:00:00
07/02/2024,PN-EQ-03 ,24.0,0.0,8717.0,208.5,380.0,2024-02-08 00:00:00
17/05/2025,PN-EQ-06	,18.7,5.3,5120.3,123.6,300.0,2025-05-18 00:00:00
06/04/2025,PNEQ06,24.0,0.0,6592.2,152.0,300.0,2025-04-07 00:00:00
11/04/2025,PNEQ09,24.0,0.0,5188.3,81.2,260.0,2025-04-12 00:00:00
27/06/2025,PNEQ02,24.0,0.0,9836.5,182.3,430.0,2025-06-28 00:00:00
18/03/2025,PNEQ07,24.0,0.0,7265.3,233.2,350.0,2025-03-19 00:00:00
17/06/2025,pn-eq-05,23.1,0.9,6189.5,163.4,300.0,2025-06-18 00:00:00
07/01/2024,PN-EQ-04	,4.0,20.0,1465.3,12.6,460.0,2024-01-08 00:00:00
06/05/2024,PN_EQ_05,24.0,0.0,6032.3,104.0,300.0,2024-05-07 00:00:00
12/08/2025, PN-EQ-10,24.0,0.0,10113.1,107.5,500.0,2025-08-13 00:00:00
18/01/2025,PN-EQ-05,22.4,1.6,5909.0,102.1,300.0,2025-01-19 00:00:00
07/08/2024,PN-EQ-07 ,24.0,0.0,7225.0,71.3,350.0,2024-08-08 00:00:00
09/12/2025,PN-EQ-01,24.0,0.0,11149.1,50.9,520.0,2025-12-10 00:00:00
04/05/2024,PN-EQ-09	,24.0,0.0,5622.4,149.8,260.0,2024-05-05 00:00:00
20/02/2025,PN-EQ-08 ,24.0,0.0,8755.7,202.1,400.0,2025-02-21 00:00:00
05/01/2024,PN-EQ-03,24.0,0.0,7996.1,238.3,380.0,2024-01-06 00:00:00
20/12/2024,pn-eq-09,24.0,0.0,5943.8,112.6,260.0,2024-12-21 00:00:00
07/06/2025,PN-EQ-09	,22.7,1.3,5451.8,224.2,260.0,2025-06-08 00:00:00
25/03/2025,PN-EQ-08,24.0,0.0,7699.1,127.6,400.0,2025-03-26 00:00:00
20/12/2024,PN-EQ-10 ,24.0,0.0,10550.2,198.6,500.0,2024-12-21 00:00:00
14/03/2024,PN-EQ-02 ,24.0,0.0,9301.7,151.7,430.0,2024-03-15 00:00:00
02/10/2024, PN-EQ-08,24.0,0.0,8562.2,209.1,400.0,2024-10-03 00:00:00
24/06/2024,pn-eq-06,22.3,1.7,5861.6,124.0,300.0,2024-06-25 00:00:00
26/04/2024, PN-EQ-07,24.0,0.0,7480.9,87.1,350.0,2024-04-27 00:00:00
06/11/2024,PN-EQ-04 ,23.3,0.7,10009.1,139.6,460.0,2024-11-07 00:00:00
10/04/2025,PN-EQ-01 ,24.0,0.0,11724.5,113.9,520.0,2025-04-11 00:00:00
12/10/2025,PNEQ09,24.0,0.0,5572.4,41.6,260.0,2025-10-13 00:00:00
20/10/2025,PN-EQ-07,24.0,0.0,8167.5,173.3,350.0,2025-10-21 00:00:00
31/01/2024,pn-eq-06,24.0,,6288.4,106.0,300.0,2024-02-01 00:00:00
23/08/2025,PN-EQ-01 ,24.0,0.0,11113.2,261.3,520.0,2025-08-24 00:00:00
29/01/2025,PNEQ10,24.0,0.0,10963.9,314.9,500.0,2025-01-30 00:00:00
03/04/2025,PN-EQ-03,24.0,0.0,7796.0,133.6,380.0,2025-04-04 00:00:00
04/09/2025, PN-EQ-07,24.0,0.0,7765.5,216.2,350.0,2025-09-05 00:00:00
30/10/2025,PN-EQ-04 ,24.0,0.0,10388.0,235.9,460.0,2025-10-31 00:00:00
08/10/2025,PN_EQ_06,24.0,0.0,6253.9,198.6,300.0,2025-10-09 00:00:00
05/06/2025, PN-EQ-07,24.0,0.0,7557.7,87.6,350.0,2025-06-06 00:00:00
15/03/2025,PN-EQ-02,24.0,0.0,8936.5,197.2,430.0,2025-03-16 00:00:00
28/04/2024,PNEQ03,24.0,0.0,9028.8,89.5,380.0,2024-04-29 00:00:00
04/08/2024,PN-EQ-09,24.0,0.0,5906.1,78.2,260.0,2024-08-05 00:00:00
19/06/2025,pn-eq-03,24.0,0.0,8931.6,224.5,380.0,2025-06-20 00:00:00
08/08/2025,PNEQ07,24.0,0.0,7537.6,96.2,350.0,2025-08-09 00:00:00
05/06/2025,PN-EQ-06,24.0,0.0,6210.5,122.7,300.0,2025-06-06 00:00:00
10/04/2024,pn-eq-01,24.0,0.0,12285.2,228.3,520.0,2024-04-11 00:00:00
07/12/2025,PNEQ01,15.5,8.5,7262.2,228.0,520.0,2025-12-08 00:00:00
10/03/2025,pn-eq-06,24.0,0.0,6686.1,146.3,300.0,2025-03-11 00:00:00
25/03/2024,PN-EQ-05 ,24.0,0.0,6623.3,,300.0,2024-03-26 00:00:00
02/08/2025,PNEQ02,24.0,0.0,9137.5,116.4,430.0,2025-08-03 00:00:00
22/10/2025,PN-EQ-02 ,22.8,1.2,9306.4,293.4,430.0,2025-10-23 00:00:00
05/01/2024,PN-EQ-02,24.0,0.0,8592.1,109.2,430.0,2024-01-06 00:00:00
28/01/2025,PNEQ03,24.0,0.0,8291.5,112.0,380.0,2025-01-29 00:00:00
06/05/2024, PN-EQ-08,24.0,0.0,8993.7,179.9,400.0,2024-05-07 00:00:00
29/02/2024,pn-eq-05,24.0,0.0,5621.2,193.6,300.0,2024-02-29 00:00:00
02/10/2025,PN_EQ_08,24.0,0.0,7796.8,160.1,400.0,2025-10-03 00:00:00
04/03/2025,PN-EQ-05 ,24.0,0.0,6627.3,171.7,300.0,2025-03-05 00:00:00
29/09/2025,pn-eq-02,4.0,20.0,1523.5,41.4,430.0,2025-09-30 00:00:00
05/05/2024,PN-EQ-05	,24.0,0.0,6520.1,165.8,300.0,2024-05-06 00:00:00
08/01/2024,pn-eq-09,24.0,0.0,6082.9,111.3,260.0,2024-01-09 00:00:00
05/07/2025,PN-EQ-05 ,22.3,1.7,6089.9,63.4,300.0,2025-07-06 00:00:00
04/10/2024,PN-EQ-05	,19.6,4.4,5462.7,85.2,300.0,2024-10-05 00:00:00
25/09/2024,PN_EQ_10,24.0,0.0,11587.2,285.8,500.0,2024-09-26 00:00:00
17/09/2025, PN-EQ-09,24.0,0.0,5891.4,83.1,260.0,2025-09-18 00:00:00
08/05/2025,PN-EQ-08 ,24.0,0.0,7666.4,,400.0,2025-05-09 00:00:00
20/06/2024,pn-eq-02,24.0,0.0,9128.9,182.4,430.0,2024-06-21 00:00:00
01/02/2025,PNEQ08,24.0,0.0,8711.6,111.5,400.0,2025-02-02 00:00:00
25/09/2025, PN-EQ-02,12.5,11.5,5012.3,2.9,430.0,2025-09-26 00:00:00
05/01/2026,PN-EQ-06	,24.0,0.0,6156.2,150.9,300.0,2026-01-06 00:00:00
31/07/2024,PN-EQ-05,24.0,0.0,7001.6,184.9,300.0,2024-08-01 00:00:00
02/05/2025,pn-eq-09,21.6,2.4,4971.9,98.4,260.0,2025-05-03 00:00:00
17/02/2025,PN-EQ-07 ,21.2,2.8,6132.1,223.5,350.0,2025-02-15 00:00:00
16/01/2025,pn-eq-10,24.0,0.0,10304.2,242.5,500.0,2025-01-17 00:00:00
01/09/2025, PN-EQ-09,24.0,0.0,6119.8,167.8,260.0,2025-09-02 00:00:00
11/11/2024,PNEQ04,24.0,0.0,9139.8,234.0,460.0,2024-11-12 00:00:00
11/04/2024,PNEQ07,19.8,4.2,5764.9,83.2,350.0,2024-04-12 00:00:00
13/09/2024, PN-EQ-02,24.0,0.0,9771.6,300.7,430.0,2024-09-14 00:00:00
16/03/2025,PN-EQ-09 ,24.0,0.0,5754.6,60.5,260.0,2025-03-17 00:00:00
19/12/2025,PN-EQ-05,12.7,11.3,2983.5,47.3,300.0,2025-12-20 00:00:00
18/08/2025,PNEQ01,17.8,6.2,8999.2,148.3,520.0,2025-08-19 00:00:00
24/03/2025,PN-EQ-01	,22.7,1.3,10647.3,129.0,520.0,2025-03-25 00:00:00
17/04/2024,PN-EQ-07,15.3,8.7,4790.8,63.6,350.0,2024-04-18 00:00:00
04/07/2025,PN-EQ-10 ,24.0,0.0,10585.9,130.9,500.0,2025-07-05 00:00:00
26/08/2025,PN-EQ-02	,24.0,0.0,8618.6,231.4,430.0,2025-08-27 00:00:00
13/12/2024,PN-EQ-01	,24.0,0.0,11935.0,160.1,520.0,2024-12-14 00:00:00
11/04/2025,PN-EQ-06,15.0,9.0,3711.3,107.9,300.0,2025-04-12 00:00:00
03/11/2024,pn-eq-07,24.0,0.0,7366.3,239.6,350.0,2024-11-04 00:00:00
06/08/2024,PN-EQ-06 ,24.0,0.0,6717.2,234.6,300.0,2024-08-07 00:00:00
29/04/2024,PN-EQ-04 ,24.0,0.0,10415.3,175.7,460.0,2024-04-30 00:00:00
17/02/2025,PN-EQ-07 ,21.2,2.8,6894.5,223.5,350.0,2025-02-18 00:00:00
31/03/2024,PN_EQ_05,18.2,5.8,5405.4,33.1,300.0,2024-04-01 00:00:00
19/08/2024,PN-EQ-07	,24.0,0.0,6909.7,99.6,350.0,2024-08-20 00:00:00
24/10/2024,PN-EQ-05,7.6,16.4,2193.8,66.0,300.0,2024-10-25 00:00:00
06/07/2025,pn-eq-07,24.0,0.0,7882.5,274.9,350.0,2025-07-07 00:00:00
14/02/2025, PN-EQ-01,18.6,,8201.5,80.9,520.0,2025-02-15 00:00:00
12/02/2025,PN_EQ_10,24.0,0.0,10757.0,445.6,500.0,2025-02-13 00:00:00
25/12/2024, PN-EQ-02,24.0,0.0,9145.9,81.0,430.0,2024-12-26 00:00:00
05/08/2024,PN_EQ_01,24.0,0.0,11511.0,193.5,520.0,2024-08-06 00:00:00
28/10/2025, PN-EQ-05,24.0,0.0,6186.4,158.3,300.0,2025-10-29 00:00:00
21/12/2025,PN-EQ-01	,24.0,0.0,11828.4,331.7,520.0,2025-12-22 00:00:00
25/03/2024,PNEQ03,24.0,0.0,8059.0,190.4,380.0,2024-03-26 00:00:00
07/04/2025,PNEQ06,24.0,0.0,6791.9,153.2,300.0,2025-04-08 00:00:00
30/04/2025,pn-eq-02,24.0,0.0,9199.3,,430.0,2025-05-01 00:00:00
05/09/2024,PNEQ02,24.0,0.0,9614.4,388.0,430.0,2024-09-06 00:00:00
11/05/2025,pn-eq-04,17.4,6.6,7169.1,155.7,460.0,2025-05-12 00:00:00
24/09/2024,PN-EQ-09,24.0,0.0,5490.2,133.7,260.0,2024-09-25 00:00:00
17/12/2025, PN-EQ-02,24.0,0.0,9323.4,269.4,430.0,2025-12-18 00:00:00
21/03/2025,PN_EQ_09,24.0,0.0,5656.5,26.4,260.0,2025-03-22 00:00:00
14/03/2025,PN-EQ-02 ,24.0,0.0,8835.0,76.3,430.0,2025-03-15 00:00:00
17/04/2025,PN-EQ-04	,24.0,0.0,9523.4,202.0,460.0,2025-04-18 00:00:00
09/01/2026,PN_EQ_03,24.0,0.0,8227.8,201.8,380.0,2026-01-10 00:00:00
06/09/2024, PN-EQ-06,24.0,0.0,6282.0,244.3,300.0,2024-09-07 00:00:00
30/07/2024,PN-EQ-07	,24.0,,7645.5,43.1,350.0,2024-07-31 00:00:00
13/03/2024,PN-EQ-02 ,24.0,0.0,8987.7,130.9,430.0,2024-03-14 00:00:00
13/08/2025,PN-EQ-09 ,24.0,0.0,6170.1,156.4,260.0,2025-08-14 00:00:00
11/02/2024,PN-EQ-01 ,24.0,0.0,9805.7,377.4,520.0,2024-02-12 00:00:00
02/01/2024,PN-EQ-09,24.0,0.0,5573.4,2.3,260.0,2024-01-03 00:00:00
16/07/2024,PN-EQ-06 ,24.0,0.0,6356.5,188.2,300.0,2024-07-17 00:00:00
20/08/2024, PN-EQ-07,24.0,0.0,7965.4,89.0,350.0,2024-08-21 00:00:00
18/04/2025,PN_EQ_05,24.0,0.0,6306.1,67.7,300.0,2025-04-19 00:00:00
24/04/2025,PN-EQ-10	,24.0,0.0,10518.7,96.2,500.0,2025-04-25 00:00:00
21/10/2024,PN-EQ-03,24.0,0.0,8859.0,161.5,380.0,2024-10-22 00:00:00
14/10/2025,PN_EQ_07,24.0,0.0,8152.4,251.6,350.0,2025-10-15 00:00:00
18/02/2025,PN-EQ-02	,21.1,2.9,8581.9,162.1,430.0,2025-02-19 00:00:00
12/07/2025,PN-EQ-08	,24.0,0.0,9504.0,239.1,400.0,2025-07-13 00:00:00
16/10/2024,PN-EQ-03	,24.0,0.0,8169.3,194.4,380.0,2024-10-17 00:00:00
12/09/2024,PN_EQ_09,24.0,0.0,5998.2,89.8,260.0,2024-09-13 00:00:00
28/08/2025,PN-EQ-01 ,24.0,0.0,11327.7,208.5,520.0,2025-08-29 00:00:00
18/05/2024,PN-EQ-07 ,24.0,0.0,7686.5,189.1,350.0,2024-05-19 00:00:00
07/12/2024,PN-EQ-03 ,24.0,0.0,8404.6,210.7,380.0,2024-12-08 00:00:00
13/03/2025,PN-EQ-03,24.0,0.0,8465.9,228.3,380.0,2025-03-14 00:00:00
10/11/2024,PNEQ07,24.0,0.0,6944.0,52.3,350.0,2024-11-11 00:00:00
03/09/2025,PN-EQ-02	,18.8,5.2,7838.8,269.4,430.0,2025-09-04 00:00:00
25/07/2025,PN_EQ_02,24.0,0.0,8945.2,243.4,430.0,2025-07-26 00:00:00
23/09/2025,PN_EQ_10,24.0,,11090.2,151.7,500.0,2025-09-24 00:00:00
17/07/2025,PN_EQ_03,24.0,0.0,7916.3,81.0,380.0,2025-07-18 00:00:00
03/08/2024,PN_EQ_03,15.8,8.2,5750.0,105.9,380.0,2024-08-04 00:00:00
07/12/2024,PN_EQ_09,24.0,0.0,5965.1,107.7,260.0,2024-12-08 00:00:00
25/12/2024,pn-eq-04,24.0,0.0,9111.4,203.8,460.0,2024-12-26 00:00:00
09/02/2025,PN-EQ-03 ,24.0,0.0,8119.7,159.6,380.0,2025-02-10 00:00:00
11/06/2025,PN-EQ-07,24.0,0.0,6877.9,184.6,350.0,2025-06-12 00:00:00
20/05/2024,PNEQ01,24.0,0.0,11839.7,128.0,520.0,2024-05-21 00:00:00
05/12/2024,PN-EQ-08,24.0,0.0,8498.4,228.7,400.0,2024-12-06 00:00:00
10/03/2024,PN-EQ-06 ,21.4,2.6,5839.8,144.4,300.0,2024-03-11 00:00:00
19/07/2025,PN_EQ_02,15.5,8.5,6173.8,92.6,430.0,2025-07-20 00:00:00
07/05/2024,PN-EQ-10,24.0,0.0,11700.5,224.7,500.0,2024-05-08 00:00:00
03/10/2025,PNEQ02,24.0,0.0,9802.9,224.6,430.0,2025-10-04 00:00:00
11/10/2025,PN-EQ-07,24.0,0.0,7273.4,,350.0,2025-10-12 00:00:00
06/11/2024,PNEQ08,24.0,0.0,8399.9,303.7,400.0,2024-11-07 00:00:00
04/04/2024,PN-EQ-03 ,17.1,6.9,5566.9,103.3,380.0,2024-04-05 00:00:00
07/08/2025,PN_EQ_02,24.0,0.0,9195.9,237.9,430.0,2025-08-08 00:00:00
08/11/2024, PN-EQ-09,24.0,0.0,6052.6,155.2,260.0,2024-11-09 00:00:00
08/04/2024,PN-EQ-10 ,24.0,0.0,10950.5,309.2,500.0,2024-04-09 00:00:00
02/10/2025, PN-EQ-06,17.9,,4126.1,171.3,300.0,2025-10-01 00:00:00
16/03/2025, PN-EQ-03,24.0,0.0,7227.4,235.2,380.0,2025-03-17 00:00:00
30/09/2024,PN-EQ-07 ,24.0,0.0,7075.7,70.0,350.0,2024-10-01 00:00:00
08/01/2026,PN-EQ-03,17.8,6.2,5715.9,118.4,380.0,2026-01-09 00:00:00
27/11/2025,PN-EQ-07,16.7,7.3,5318.5,179.2,350.0,2025-11-28 00:00:00
31/08/2024,PN-EQ-08 ,23.2,0.8,7851.3,100.9,400.0,2024-09-01 00:00:00
27/11/2024,PN_EQ_06,24.0,0.0,6501.3,156.6,300.0,2024-11-28 00:00:00
06/08/2024,PN-EQ-10,21.0,3.0,9619.7,149.7,500.0,2024-08-07 00:00:00
12/05/2024,PN-EQ-10 ,24.0,0.0,10864.9,235.4,500.0,2024-05-13 00:00:00
15/11/2025,PN-EQ-08	,24.0,0.0,8533.6,162.0,400.0,2025-11-16 00:00:00
16/03/2024,PN-EQ-08	,24.0,0.0,8362.8,187.9,400.0,2024-03-17 00:00:00
29/09/2025,PN-EQ-07	,24.0,0.0,7712.6,155.1,350.0,2025-09-30 00:00:00
29/10/2024,pn-eq-06,24.0,0.0,6793.8,129.2,300.0,2024-10-30 00:00:00
15/06/2025,pn-eq-03,24.0,0.0,7813.5,85.5,380.0,2025-06-16 00:00:00
19/05/2024,PNEQ01,24.0,0.0,10101.0,175.6,520.0,2024-05-20 00:00:00
22/09/2025,pn-eq-05,24.0,0.0,5594.2,82.9,300.0,2025-09-23 00:00:00
26/10/2024,PNEQ07,24.0,0.0,6750.7,12.8,350.0,2024-10-27 00:00:00
22/04/2024,PN-EQ-07 ,24.0,0.0,7090.5,133.4,350.0,2024-04-23 00:00:00
04/03/2024,pn-eq-03,24.0,0.0,8134.3,147.4,380.0,2024-03-05 00:00:00
08/09/2025,PNEQ01,24.0,0.0,10421.5,226.4,520.0,2025-09-09 00:00:00
15/01/2025,pn-eq-05,24.0,0.0,6700.9,247.1,300.0,2025-01-16 00:00:00
21/08/2024,PN-EQ-09,24.0,0.0,5175.9,,260.0,2024-08-22 00:00:00
11/08/2024,PN-EQ-06 ,24.0,0.0,6729.2,174.7,300.0,2024-08-12 00:00:00
14/09/2024,PN-EQ-07,16.9,7.1,5430.1,81.0,350.0,2024-09-15 00:00:00
09/04/2025,pn-eq-01,24.0,0.0,11399.5,327.7,520.0,2025-04-10 00:00:00
14/02/2025,PN_EQ_02,24.0,0.0,10090.5,150.2,430.0,2025-02-15 00:00:00
09/08/2024,PN-EQ-02	,24.0,0.0,8480.0,94.5,430.0,2024-08-10 00:00:00
03/04/2024,pn-eq-10,24.0,0.0,11142.5,178.7,500.0,2024-04-04 00:00:00
25/01/2024,PN-EQ-10,13.0,11.0,5732.2,166.1,500.0,2024-01-26 00:00:00
05/10/2024,pn-eq-02,24.0,0.0,8769.8,258.2,430.0,2024-10-06 00:00:00
12/02/2024,pn-eq-03,24.0,0.0,7717.7,122.3,380.0,2024-02-13 00:00:00
10/09/2024,PN_EQ_05,24.0,,6428.9,174.9,300.0,2024-09-11 00:00:00
26/05/2025,PN-EQ-03	,24.0,0.0,8038.3,164.0,380.0,2025-05-27 00:00:00
13/11/2025,PN-EQ-01	,20.9,3.1,9516.4,311.2,520.0,2025-11-14 00:00:00
20/06/2025,PNEQ04,24.0,0.0,9620.3,148.7,460.0,2025-06-21 00:00:00
26/06/2025,PN_EQ_02,24.0,0.0,9175.2,166.2,430.0,2025-06-27 00:00:00
05/06/2024,PN_EQ_09,22.7,1.3,5471.1,83.1,260.0,2024-06-06 00:00:00
06/04/2025,pn-eq-09,24.0,0.0,5664.9,90.2,260.0,2025-04-07 00:00:00
20/02/2025,PN-EQ-09,18.1,5.9,4626.4,126.5,260.0,2025-02-21 00:00:00
17/08/2025,PNEQ03,24.0,0.0,8473.7,312.7,380.0,2025-08-18 00:00:00
06/09/2024,PN-EQ-03	,24.0,0.0,8946.4,139.4,380.0,2024-09-07 00:00:00
24/06/2024,PNEQ09,15.4,8.6,3554.8,86.1,260.0,2024-06-25 00:00:00
20/01/2024,PN-EQ-03 ,24.0,0.0,8194.9,227.8,380.0,2024-01-21 00:00:00
29/03/2024,PNEQ07,24.0,0.0,7296.3,141.3,350.0,2024-03-30 00:00:00
23/12/2025,PN_EQ_02,24.0,0.0,10125.4,319.8,430.0,2025-12-24 00:00:00
27/04/2024,PN_EQ_07,17.0,7.0,4753.3,101.1,350.0,2024-04-28 00:00:00
02/09/2025,PN-EQ-02	,24.0,0.0,9118.6,9.1,430.0,2025-09-03 00:00:00
30/06/2025,PN-EQ-06	,24.0,0.0,6244.4,90.4,300.0,2025-07-01 00:00:00
08/07/2024,PN-EQ-09 ,24.0,0.0,5232.8,74.7,260.0,2024-07-09 00:00:00
24/04/2025,PNEQ05,24.0,0.0,5866.1,144.0,300.0,2025-04-25 00:00:00
26/03/2024,PN-EQ-03,24.0,0.0,8070.0,195.6,380.0,2024-03-27 00:00:00
27/07/2024,PN_EQ_04,24.0,0.0,10176.0,209.0,460.0,2024-07-28 00:00:00
27/10/2024,PN-EQ-04,21.3,2.7,9700.0,111.1,460.0,2024-10-28 00:00:00
13/01/2024,PN_EQ_03,24.0,0.0,8142.1,184.8,380.0,2024-01-14 00:00:00
16/03/2024,PN-EQ-07	,24.0,0.0,8316.0,187.8,350.0,2024-03-17 00:00:00
03/11/2024,PN-EQ-01 ,24.0,0.0,10819.1,252.9,520.0,2024-11-04 00:00:00
29/04/2024,pn-eq-06,24.0,0.0,6361.8,80.0,300.0,2024-04-30 00:00:00
11/01/2025,PN-EQ-02,24.0,0.0,8829.3,,430.0,2025-01-12 00:00:00
10/09/2024,PNEQ04,24.0,0.0,10024.6,167.3,460.0,2024-09-11 00:00:00
03/03/2025,PN-EQ-03,24.0,0.0,8729.5,193.9,380.0,2025-03-04 00:00:00
31/10/2025,pn-eq-02,24.0,,10015.3,92.1,430.0,2025-11-01 00:00:00
25/06/2025, PN-EQ-09,24.0,0.0,5446.1,97.6,260.0,2025-06-26 00:00:00
15/05/2024,PN-EQ-02 ,24.0,0.0,8453.1,344.3,430.0,2024-05-16 00:00:00
13/12/2024,PN-EQ-08,24.0,0.0,8771.2,267.3,400.0,2024-12-14 00:00:00
16/07/2024,pn-eq-01,11.9,12.1,5181.0,102.7,520.0,2024-07-17 00:00:00
21/01/2024,PNEQ06,24.0,0.0,6620.3,208.8,300.0,2024-01-22 00:00:00
12/11/2025,PN-EQ-10 ,24.0,0.0,9973.7,102.1,500.0,2025-11-13 00:00:00
14/03/2025,PN_EQ_06,24.0,0.0,6493.7,119.8,300.0,2025-03-15 00:00:00
18/04/2025,PNEQ10,21.0,3.0,9667.7,184.4,500.0,2025-04-19 00:00:00
04/06/2024,PNEQ01,20.3,3.7,9639.7,228.3,520.0,2024-06-05 00:00:00
04/05/2025,PN_EQ_01,24.0,0.0,11154.6,287.2,520.0,2025-05-05 00:00:00
04/07/2024,PNEQ08,24.0,0.0,9056.7,203.7,400.0,2024-07-05 00:00:00
01/02/2024,PN-EQ-05,23.4,0.6,6119.7,83.6,300.0,2024-02-02 00:00:00
25/02/2024,PN-EQ-06	,24.0,0.0,7039.8,84.2,300.0,2024-02-26 00:00:00
03/02/2024,PN-EQ-06	,24.0,0.0,6255.6,196.2,300.0,2024-02-04 00:00:00
22/11/2024,PN_EQ_03,24.0,0.0,8057.8,155.3,380.0,2024-11-23 00:00:00
05/12/2024,PN-EQ-10	,21.6,2.4,9511.9,307.3,500.0,2024-12-06 00:00:00
21/03/2025,PN-EQ-03,24.0,0.0,8654.7,117.5,380.0,2025-03-22 00:00:00
29/09/2024,PN-EQ-03 ,24.0,0.0,7874.8,94.9,380.0,2024-09-30 00:00:00
02/05/2025,PN-EQ-01	,24.0,0.0,11945.1,224.8,520.0,2025-05-03 00:00:00
17/06/2025,PN-EQ-09 ,24.0,0.0,5807.1,135.3,260.0,2025-06-18 00:00:00
22/03/2024,PN-EQ-04	,24.0,0.0,9310.6,66.5,460.0,2024-03-23 00:00:00
05/09/2025,PNEQ08,24.0,0.0,8836.4,299.1,400.0,2025-09-06 00:00:00
15/08/2025,PNEQ03,24.0,0.0,7834.1,161.2,380.0,2025-08-16 00:00:00
03/02/2024,PN-EQ-04	,18.6,5.4,7759.6,184.5,460.0,2024-02-04 00:00:00
29/08/2025, PN-EQ-04,24.0,0.0,9670.1,237.6,460.0,2025-08-30 00:00:00
30/03/2025,PN-EQ-04 ,12.9,11.1,4936.4,128.4,460.0,2025-03-31 00:00:00
01/05/2024,PN-EQ-08,24.0,0.0,8446.4,0.0,400.0,2024-05-02 00:00:00
01/02/2025,PN-EQ-09 ,24.0,0.0,5289.3,113.7,260.0,2025-02-02 00:00:00
15/05/2024,PN-EQ-04,24.0,0.0,10336.2,37.6,460.0,2024-05-16 00:00:00
15/11/2024,PN_EQ_07,24.0,0.0,7173.8,26.5,350.0,2024-11-16 00:00:00
23/10/2024,PN-EQ-03 ,24.0,0.0,8009.0,96.9,380.0,2024-10-24 00:00:00
03/07/2024,PN-EQ-06	,24.0,0.0,6698.1,107.1,300.0,2024-07-04 00:00:00
01/10/2024,PN-EQ-10 ,4.0,20.0,1827.9,20.5,500.0,2024-10-02 00:00:00
19/09/2024,PN-EQ-07	,24.0,0.0,7666.8,188.1,350.0,2024-09-20 00:00:00
26/08/2024,PNEQ09,24.0,0.0,5879.7,149.5,260.0,2024-08-27 00:00:00
04/10/2025,PN_EQ_09,24.0,,6056.3,117.8,260.0,2025-10-05 00:00:00
04/07/2024, PN-EQ-01,8.2,15.8,3912.5,111.2,520.0,2024-07-05 00:00:00
21/06/2025,PN-EQ-07 ,22.8,1.2,7072.5,116.9,350.0,2025-06-22 00:00:00
07/07/2024,PN-EQ-03,24.0,0.0,8562.3,252.5,380.0,2024-07-08 00:00:00
07/04/2025,PNEQ09,24.0,0.0,6079.6,89.1,260.0,2025-04-08 00:00:00
11/11/2025,PN-EQ-01,24.0,0.0,10192.3,381.1,520.0,2025-11-12 00:00:00
29/05/2025,PN_EQ_10,24.0,0.0,10555.5,272.3,500.0,2025-05-30 00:00:00
28/01/2024,PNEQ09,24.0,0.0,5464.7,77.2,260.0,2024-01-29 00:00:00
26/07/2025,PN-EQ-04	,24.0,,9778.6,101.0,460.0,2025-07-27 00:00:00
18/06/2024, PN-EQ-09,24.0,0.0,5806.7,201.5,260.0,2024-06-19 00:00:00
21/09/2025,PN-EQ-05 ,24.0,0.0,5501.4,120.6,300.0,2025-09-22 00:00:00
16/05/2025,PNEQ02,24.0,0.0,9546.0,6.9,430.0,2025-05-17 00:00:00
21/06/2025,PN-EQ-04 ,24.0,0.0,9729.9,186.9,460.0,2025-06-22 00:00:00
11/12/2025,PN-EQ-08	,4.0,20.0,1415.7,37.9,400.0,2025-12-12 00:00:00
11/05/2024,PN-EQ-09,24.0,0.0,5448.3,169.7,260.0,2024-05-12 00:00:00
21/11/2024,PN_EQ_02,24.0,0.0,8688.3,267.3,430.0,2024-11-22 00:00:00
01/06/2025,PNEQ08,22.1,1.9,8719.5,216.5,400.0,2025-06-02 00:00:00
15/05/2025,PN-EQ-06	,20.8,3.2,5465.1,165.9,300.0,2025-05-16 00:00:00
06/04/2024,PN-EQ-08	,24.0,0.0,8885.3,112.5,400.0,2024-04-07 00:00:00
04/07/2025,pn-eq-03,24.0,0.0,7062.4,154.6,380.0,2025-07-05 00:00:00
19/04/2025,PN-EQ-01	,24.0,0.0,11110.4,179.3,520.0,2025-04-20 00:00:00
24/02/2024, PN-EQ-02,24.0,0.0,10103.9,256.0,430.0,2024-02-25 00:00:00
06/05/2025,PN-EQ-05 ,22.5,1.5,6116.3,129.1,300.0,2025-05-07 00:00:00
18/10/2024,PN_EQ_05,24.0,0.0,5711.1,31.2,300.0,2024-10-19 00:00:00
04/04/2025,PN-EQ-09,24.0,0.0,5749.3,99.6,260.0,2025-04-05 00:00:00
05/06/2024,pn-eq-04,22.5,1.5,9456.6,183.8,460.0,2024-06-06 00:00:00
20/09/2024,PNEQ09,13.8,,3291.3,57.3,260.0,2024-09-21 00:00:00
07/11/2024,PN_EQ_08,24.0,0.0,9504.0,,400.0,2024-11-08 00:00:00
27/11/2025,PN-EQ-10,24.0,0.0,8810.8,208.3,500.0,2025-11-25 00:00:00
12/05/2024,PN_EQ_04,24.0,0.0,10026.7,141.6,460.0,2024-05-13 00:00:00
14/05/2025,PN-EQ-06,24.0,0.0,6232.4,124.1,300.0,2025-05-15 00:00:00
24/11/2025, PN-EQ-04,24.0,0.0,10011.2,351.0,460.0,2025-11-25 00:00:00
10/08/2025,PN-EQ-03 ,24.0,0.0,8090.9,254.8,380.0,2025-08-11 00:00:00
12/08/2024,PN-EQ-08,24.0,0.0,8728.0,153.7,400.0,2024-08-13 00:00:00
19/01/2024,PN_EQ_10,24.0,0.0,11169.1,66.5,500.0,2024-01-20 00:00:00
08/06/2024,PN-EQ-09	,24.0,0.0,6090.0,142.8,260.0,2024-06-09 00:00:00
01/05/2024,PN-EQ-03 ,24.0,0.0,8406.7,265.7,380.0,2024-05-02 00:00:00
29/07/2025,PN_EQ_07,24.0,0.0,6761.8,174.5,350.0,2025-07-30 00:00:00
03/03/2025,PN-EQ-04,19.3,4.7,8073.2,100.9,460.0,2025-03-04 00:00:00
24/08/2025,PN-EQ-06,24.0,0.0,6450.0,,300.0,2025-08-25 00:00:00
13/09/2024,PN-EQ-06 ,24.0,0.0,6394.0,34.6,300.0,2024-09-14 00:00:00
25/03/2025,PN_EQ_05,24.0,0.0,6109.5,102.8,300.0,2025-03-26 00:00:00
01/03/2024,PN_EQ_03,23.3,0.7,7581.3,39.5,380.0,2024-03-02 00:00:00
16/10/2024,PNEQ06,24.0,0.0,6478.3,160.8,300.0,2024-10-17 00:00:00
05/07/2024,PN_EQ_08,24.0,0.0,9109.5,197.5,400.0,2024-07-06 00:00:00
14/12/2024,PNEQ03,24.0,0.0,6945.6,149.4,380.0,2024-12-15 00:00:00
16/02/2024,PNEQ09,24.0,0.0,5354.0,81.6,260.0,2024-02-17 00:00:00
06/01/2025,pn-eq-10,24.0,0.0,11752.5,215.5,500.0,2025-01-07 00:00:00
31/08/2025,pn-eq-05,24.0,0.0,6262.0,155.2,300.0,2025-09-01 00:00:00
05/01/2026, PN-EQ-05,24.0,0.0,6843.9,97.3,300.0,2026-01-06 00:00:00
07/01/2025,PN-EQ-09,24.0,0.0,5397.5,103.7,260.0,2025-01-07 00:00:00
05/10/2024,PN-EQ-04,13.2,10.8,5724.1,83.9,460.0,2024-10-06 00:00:00
24/12/2024, PN-EQ-08,24.0,0.0,8597.6,88.9,400.0,2024-12-25 00:00:00
19/08/2025, PN-EQ-09,24.0,0.0,5700.6,126.2,260.0,2025-08-20 00:00:00
15/09/2024,PN-EQ-02,24.0,0.0,8690.9,175.5,430.0,2024-09-16 00:00:00
05/01/2025,PN-EQ-03,24.0,0.0,7550.5,130.8,380.0,2025-01-06 00:00:00
06/05/2025, PN-EQ-03,24.0,0.0,8243.5,169.8,380.0,2025-05-07 00:00:00
20/11/2025, PN-EQ-05,24.0,0.0,6535.9,205.3,300.0,2025-11-21 00:00:00
08/02/2024,pn-eq-03,17.2,6.8,6064.1,119.1,380.0,2024-02-09 00:00:00
10/02/2024,PNEQ02,24.0,0.0,9157.8,185.6,430.0,2024-02-11 00:00:00
03/08/2025,pn-eq-09,24.0,0.0,5039.6,92.3,260.0,2025-08-04 00:00:00
13/10/2024,PNEQ10,4.0,20.0,1605.1,7.2,500.0,2024-10-14 00:00:00
05/03/2024,pn-eq-08,15.2,8.8,5947.9,111.2,400.0,2024-03-06 00:00:00
11/08/2024,PN_EQ_05,24.0,0.0,5763.4,,300.0,2024-08-12 00:00:00
08/08/2024,PN_EQ_06,16.8,7.2,4317.1,107.2,300.0,2024-08-09 00:00:00
03/07/2024,PN-EQ-10	,18.9,5.1,8802.1,26.4,500.0,2024-07-04 00:00:00
01/06/2025,PN-EQ-05,24.0,0.0,6481.0,79.5,300.0,2025-06-02 00:00:00
02/03/2024,PN-EQ-03 ,24.0,0.0,8578.2,260.3,380.0,2024-03-03 00:00:00
18/09/2024,PN-EQ-09	,24.0,0.0,5822.2,107.4,260.0,2024-09-19 00:00:00
02/09/2025, PN-EQ-03,24.0,0.0,8015.6,81.2,380.0,2025-09-03 00:00:00
08/08/2024, PN-EQ-02,17.8,6.2,6837.1,126.0,430.0,2024-08-09 00:00:00
12/06/2025,PN-EQ-09	,24.0,0.0,5355.8,92.1,260.0,2025-06-13 00:00:00
03/03/2025,PN-EQ-10 ,24.0,0.0,10040.9,218.5,500.0,2025-03-04 00:00:00
30/04/2025,PN-EQ-06,21.8,2.2,5456.2,85.4,300.0,2025-05-01 00:00:00
22/04/2025, PN-EQ-05,24.0,0.0,6527.2,199.2,300.0,2025-04-23 00:00:00
26/11/2024,PN-EQ-05 ,24.0,0.0,6879.4,79.7,300.0,2024-11-27 00:00:00
30/11/2025,PN-EQ-05,24.0,,5756.7,170.2,300.0,2025-12-01 00:00:00
06/01/2026,PN-EQ-08 ,16.2,7.8,6230.8,49.0,400.0,2026-01-07 00:00:00
14/02/2024,PN-EQ-04	,24.0,0.0,9517.8,191.2,460.0,2024-02-15 00:00:00
04/01/2024,PN-EQ-06 ,24.0,0.0,7128.0,175.8,300.0,2024-01-05 00:00:00
02/08/2025,pn-eq-03,24.0,0.0,7358.3,196.4,380.0,2025-08-02 00:00:00
04/02/2025,PN-EQ-03	,24.0,0.0,7553.2,,380.0,2025-02-05 00:00:00
19/05/2025,PN-EQ-02	,17.7,6.3,6808.3,187.1,430.0,2025-05-20 00:00:00
02/11/2024,PN-EQ-03 ,24.0,,8850.7,59.4,380.0,2024-11-03 00:00:00
25/11/2025,PNEQ04,19.4,4.6,8466.2,280.4,460.0,2025-11-26 00:00:00
12/06/2024,PNEQ01,24.0,0.0,12214.9,245.4,520.0,2024-06-13 00:00:00
07/01/2025,PN-EQ-07,24.0,0.0,7792.9,46.9,350.0,2025-01-08 00:00:00
04/02/2024,PN-EQ-07 ,24.0,0.0,6851.7,182.1,350.0,2024-02-05 00:00:00
15/07/2024,PN-EQ-09,24.0,0.0,5350.1,166.8,260.0,2024-07-16 00:00:00
06/07/2025,PN-EQ-09 ,24.0,0.0,5965.3,162.2,260.0,2025-07-07 00:00:00
19/01/2024,PN-EQ-03 ,24.0,,8381.3,112.4,380.0,2024-01-20 00:00:00
17/08/2025,PN_EQ_07,21.4,2.6,6925.8,141.5,350.0,2025-08-18 00:00:00
21/04/2025, PN-EQ-04,22.4,1.6,8562.7,111.8,460.0,2025-04-22 00:00:00
17/04/2024,PN-EQ-06	,24.0,0.0,6421.5,4.3,300.0,2024-04-18 00:00:00
09/09/2024,PN-EQ-05,24.0,0.0,5881.7,73.7,300.0,2024-09-10 00:00:00
24/11/2024,PN-EQ-05	,24.0,0.0,7069.5,269.2,300.0,2024-11-25 00:00:00
01/11/2025,pn-eq-09,17.4,6.6,4298.1,63.6,260.0,2025-11-02 00:00:00
02/02/2024,PN_EQ_08,24.0,0.0,8896.3,174.1,400.0,2024-02-03 00:00:00
29/03/2024, PN-EQ-01,24.0,0.0,10894.4,161.2,520.0,2024-03-30 00:00:00
12/05/2024,PN-EQ-03	,24.0,0.0,8740.9,116.1,380.0,2024-05-13 00:00:00
19/01/2025,pn-eq-03,24.0,0.0,7861.4,131.1,380.0,2025-01-20 00:00:00
09/08/2025,PN-EQ-08,24.0,0.0,8876.0,181.5,400.0,2025-08-10 00:00:00
05/03/2025,PN-EQ-07	,24.0,0.0,7807.4,196.8,350.0,2025-03-06 00:00:00
26/12/2024,PN_EQ_09,21.1,2.9,5106.5,150.4,260.0,2024-12-27 00:00:00
08/02/2025,PN_EQ_08,24.0,0.0,8864.8,302.2,400.0,2025-02-09 00:00:00
25/04/2024,PN-EQ-06	,13.9,10.1,3983.7,97.9,300.0,2024-04-26 00:00:00
22/08/2025, PN-EQ-05,24.0,0.0,6481.0,58.3,300.0,2025-08-23 00:00:00
22/01/2025,PN_EQ_01,16.5,7.5,8494.2,103.0,520.0,2025-01-23 00:00:00
09/09/2024,PN-EQ-02	,24.0,0.0,9960.4,163.3,430.0,2024-09-10 00:00:00
28/01/2025, PN-EQ-06,24.0,0.0,5890.4,103.5,300.0,2025-01-29 00:00:00
12/11/2025,PN_EQ_03,22.4,1.6,7945.6,251.0,380.0,2025-11-13 00:00:00
13/01/2025, PN-EQ-08,24.0,0.0,8736.4,74.3,400.0,2025-01-14 00:00:00
21/07/2025,PN-EQ-07 ,24.0,0.0,7309.9,136.7,350.0,2025-07-22 00:00:00
30/07/2024,PNEQ04,24.0,0.0,9241.3,205.5,460.0,2024-07-31 00:00:00
21/10/2025,PN-EQ-10 ,24.0,0.0,10763.4,113.8,500.0,2025-10-22 00:00:00
10/09/2024, PN-EQ-07,24.0,0.0,7516.1,213.6,350.0,2024-09-11 00:00:00
08/06/2024, PN-EQ-02,24.0,0.0,10010.5,155.5,430.0,2024-06-09 00:00:00
01/06/2025, PN-EQ-06,15.3,8.7,4269.5,173.7,300.0,2025-06-02 00:00:00
26/05/2025, PN-EQ-07,24.0,0.0,7449.0,149.4,350.0,2025-05-27 00:00:00
17/09/2024, PN-EQ-01,24.0,0.0,10785.5,278.4,520.0,2024-09-18 00:00:00
23/06/2025,PN_EQ_06,24.0,0.0,6454.6,51.9,300.0,2025-06-24 00:00:00
04/11/2024,pn-eq-04,24.0,0.0,9850.5,197.5,460.0,2024-11-05 00:00:00
14/04/2025,PN-EQ-05,24.0,0.0,6266.6,153.4,300.0,2025-04-15 00:00:00
23/12/2025,PN-EQ-06	,24.0,0.0,6796.8,150.0,300.0,2025-12-24 00:00:00
17/02/2024,PN-EQ-04 ,24.0,0.0,10239.8,166.5,460.0,2024-02-18 00:00:00
12/01/2025,PN_EQ_01,24.0,0.0,10879.9,108.4,520.0,2025-01-13 00:00:00
08/04/2024,PN_EQ_02,24.0,0.0,9216.2,149.1,430.0,2024-04-09 00:00:00
26/05/2024,PN_EQ_10,17.8,6.2,7875.7,183.6,500.0,2024-05-27 00:00:00
13/08/2025,PN-EQ-03	,24.0,0.0,7989.4,237.8,380.0,2025-08-14 00:00:00
12/05/2025,PN_EQ_07,16.8,7.2,5533.5,121.7,350.0,2025-05-13 00:00:00
26/04/2024, PN-EQ-10,24.0,0.0,11002.6,425.5,500.0,2024-04-27 00:00:00
18/08/2025,PNEQ03,24.0,0.0,8072.5,297.3,380.0,2025-08-19 00:00:00
16/08/2025,pn-eq-02,24.0,0.0,10216.8,148.0,430.0,2025-08-17 00:00:00
03/07/2025,PN-EQ-01,22.6,1.4,10136.2,289.3,520.0,2025-07-04 00:00:00
01/08/2025,PN_EQ_10,13.1,10.9,5845.3,143.9,500.0,2025-08-02 00:00:00
18/03/2025,PN-EQ-02	,24.0,0.0,9372.4,268.7,430.0,2025-03-19 00:00:00
08/01/2026, PN-EQ-02,24.0,0.0,8693.5,,430.0,2026-01-09 00:00:00
03/10/2024,PN-EQ-05,16.3,7.7,3840.8,102.9,300.0,2024-03-11 00:00:00
12/04/2024,PN-EQ-05 ,24.0,0.0,6079.5,31.3,300.0,2024-04-13 00:00:00
18/10/2024,PNEQ06,14.1,9.9,3836.2,86.0,300.0,2024-10-19 00:00:00
19/10/2024,PN_EQ_10,24.0,0.0,9851.2,142.4,500.0,2024-10-20 00:00:00
28/01/2025,PNEQ05,24.0,0.0,6723.9,23.3,300.0,2025-01-29 00:00:00
20/08/2024,PN-EQ-05	,24.0,0.0,6974.7,174.4,300.0,2024-08-21 00:00:00
04/03/2024,PN-EQ-08,24.0,0.0,9023.5,223.5,400.0,2024-03-05 00:00:00
27/09/2025,PN-EQ-07	,24.0,0.0,8016.8,258.0,350.0,2025-09-28 00:00:00
02/09/2024,PN-EQ-02 ,24.0,0.0,9595.1,226.0,430.0,2024-09-03 00:00:00
22/08/2025,pn-eq-04,16.9,7.1,6987.2,144.5,460.0,2025-08-23 00:00:00
10/02/2025,PNEQ10,22.4,1.6,10119.9,140.5,500.0,2025-02-11 00:00:00
04/02/2024,PN-EQ-01 ,24.0,0.0,10777.3,235.7,520.0,2024-02-05 00:00:00
01/06/2025,PN-EQ-10,24.0,0.0,10576.8,80.1,500.0,2025-06-02 00:00:00
28/11/2024, PN-EQ-01,24.0,0.0,10326.2,360.8,520.0,2024-11-29 00:00:00
30/10/2024,pn-eq-08,24.0,0.0,8333.3,160.2,400.0,2024-10-31 00:00:00
07/05/2024, PN-EQ-01,24.0,0.0,10309.5,189.7,520.0,2024-05-08 00:00:00
20/03/2025,PN-EQ-08 ,24.0,0.0,7910.2,113.3,400.0,2025-03-21 00:00:00
21/05/2024,pn-eq-03,24.0,0.0,8522.2,235.3,380.0,2024-05-22 00:00:00
26/12/2024, PN-EQ-03,19.2,,5977.4,108.5,380.0,2024-12-27 00:00:00
03/11/2025,PN_EQ_08,21.3,2.7,7929.6,182.4,400.0,2025-11-04 00:00:00
13/05/2024,PNEQ02,24.0,0.0,8681.8,204.5,430.0,2024-05-14 00:00:00
24/04/2024,PN_EQ_04,24.0,0.0,9243.5,133.8,460.0,2024-04-25 00:00:00
21/08/2024,PNEQ03,24.0,0.0,8178.6,265.1,380.0,2024-08-22 00:00:00
18/11/2024,pn-eq-05,24.0,,6918.0,179.4,300.0,2024-11-19 00:00:00
04/07/2025,PN-EQ-04	,24.0,0.0,10224.6,121.9,460.0,2025-07-05 00:00:00
07/01/2026,PN-EQ-09	,24.0,0.0,5229.0,80.8,260.0,2026-01-08 00:00:00
24/06/2024,PN_EQ_04,24.0,0.0,9613.1,149.9,460.0,2024-06-25 00:00:00
01/10/2025,PN-EQ-02	,24.0,0.0,8939.7,101.7,430.0,2025-10-02 00:00:00
12/06/2024,pn-eq-04,16.8,7.2,7539.2,53.3,460.0,2024-06-13 00:00:00
13/12/2025,pn-eq-01,24.0,0.0,11347.7,248.8,520.0,2025-12-14 00:00:00
01/10/2024,PN-EQ-08	,24.0,0.0,9054.7,183.0,400.0,2024-10-02 00:00:00
30/04/2025,PN_EQ_04,24.0,,9026.6,301.5,460.0,2025-05-01 00:00:00
03/04/2025,PN-EQ-03,24.0,0.0,6722.5,133.6,380.0,2025-04-01 00:00:00
20/12/2025,PNEQ04,24.0,0.0,8555.6,98.5,460.0,2025-12-21 00:00:00
03/09/2025, PN-EQ-09,24.0,0.0,5084.8,60.0,260.0,2025-09-04 00:00:00
21/07/2024,PN-EQ-09 ,24.0,0.0,5390.7,118.8,260.0,2024-07-22 00:00:00
06/08/2024, PN-EQ-07,24.0,0.0,6811.9,121.6,350.0,2024-08-07 00:00:00
04/01/2024,PN_EQ_02,24.0,0.0,9419.3,120.9,430.0,2024-01-05 00:00:00
26/11/2025,pn-eq-04,24.0,0.0,9242.7,105.5,460.0,2025-11-27 00:00:00
20/11/2024,pn-eq-06,22.0,2.0,6534.0,204.3,300.0,2024-11-21 00:00:00
14/07/2024,PN_EQ_04,24.0,0.0,9004.9,177.4,460.0,2024-07-15 00:00:00
24/12/2025,PN-EQ-02	,24.0,0.0,9417.8,176.7,430.0,2025-12-25 00:00:00
10/08/2025,PN-EQ-06	,24.0,0.0,5691.7,80.8,300.0,2025-08-11 00:00:00
07/09/2024,PN-EQ-04,24.0,0.0,10298.9,160.5,460.0,2024-09-08 00:00:00
28/05/2024,PN-EQ-02	,24.0,0.0,8731.2,110.4,430.0,2024-05-29 00:00:00
25/10/2024,PN-EQ-10	,24.0,0.0,10364.1,297.1,500.0,2024-10-26 00:00:00
26/08/2025,PN_EQ_07,24.0,0.0,8316.0,271.6,350.0,2025-08-27 00:00:00
04/12/2025,PN_EQ_03,24.0,0.0,7447.0,139.8,380.0,2025-12-05 00:00:00
05/09/2025,PN-EQ-03	,24.0,0.0,8180.9,229.8,380.0,2025-09-06 00:00:00
11/12/2025,pn-eq-03,24.0,0.0,8745.3,117.7,380.0,2025-12-12 00:00:00
27/03/2024,PNEQ06,24.0,0.0,6800.7,142.4,300.0,2024-03-28 00:00:00
04/05/2025,PN-EQ-06 ,24.0,0.0,5939.7,122.2,300.0,2025-05-05 00:00:00
26/08/2024, PN-EQ-10,24.0,0.0,11880.0,325.6,500.0,2024-08-27 00:00:00
18/01/2025,pn-eq-06,24.0,0.0,6528.9,75.0,300.0,2025-01-19 00:00:00
17/06/2024,PN_EQ_10,24.0,0.0,11538.7,103.4,500.0,2024-06-18 00:00:00
16/07/2024,PNEQ05,24.0,0.0,6641.5,223.4,300.0,2024-07-17 00:00:00
14/02/2024,PN_EQ_08,24.0,0.0,8417.1,82.9,400.0,2024-02-15 00:00:00
21/10/2025,PNEQ09,24.0,0.0,4768.8,89.1,260.0,2025-10-22 00:00:00
13/02/2025,PN_EQ_06,24.0,0.0,6804.8,143.0,300.0,2025-02-14 00:00:00
05/04/2025, PN-EQ-08,24.0,0.0,8438.4,,400.0,2025-04-06 00:00:00
24/12/2024,PN_EQ_03,24.0,0.0,8840.2,66.6,380.0,2024-12-25 00:00:00
28/02/2024,PN-EQ-07	,18.6,5.4,6056.9,144.4,350.0,2024-02-29 00:00:00
21/01/2025,PN_EQ_02,24.0,0.0,9277.8,154.1,430.0,2025-01-22 00:00:00
06/09/2025,PN-EQ-07,23.2,0.8,7294.8,254.3,350.0,2025-09-07 00:00:00
21/09/2025,PN-EQ-08 ,24.0,0.0,8644.9,280.1,400.0,2025-09-22 00:00:00
15/07/2024, PN-EQ-04,24.0,0.0,9012.3,215.6,460.0,2024-07-15 00:00:00
07/03/2024,pn-eq-01,16.1,7.9,7010.7,242.0,520.0,2024-03-08 00:00:00
24/01/2025,PN_EQ_06,24.0,0.0,6387.7,66.2,300.0,2025-01-25 00:00:00
19/03/2024,pn-eq-08,24.0,0.0,8305.7,197.5,400.0,2024-03-20 00:00:00
15/11/2025, PN-EQ-03,24.0,0.0,8228.1,223.4,380.0,2025-11-16 00:00:00
28/08/2025,pn-eq-02,24.0,,8923.5,180.1,430.0,2025-08-29 00:00:00
09/11/2024,PN-EQ-01	,19.3,4.7,9922.6,259.4,520.0,2024-11-10 00:00:00
10/12/2024,PN_EQ_05,24.0,0.0,6937.5,177.7,300.0,2024-12-11 00:00:00
01/12/2024, PN-EQ-01,15.2,8.8,6761.9,125.2,520.0,2024-12-02 00:00:00
15/04/2025, PN-EQ-10,24.0,0.0,10632.9,188.9,500.0,2025-04-16 00:00:00
01/04/2025,pn-eq-08,24.0,0.0,7181.8,118.5,400.0,2025-04-02 00:00:00
05/10/2025,PN-EQ-06	,24.0,0.0,6865.5,77.6,300.0,2025-10-06 00:00:00
19/06/2025,PNEQ09,24.0,0.0,5614.5,98.8,260.0,2025-06-20 00:00:00
22/08/2025,PN-EQ-08	,22.6,1.4,8050.5,114.7,400.0,2025-08-23 00:00:00
15/08/2024,PNEQ06,24.0,0.0,6107.7,112.5,300.0,2024-08-16 00:00:00
03/03/2025,PN-EQ-07	,24.0,0.0,6976.9,139.4,350.0,2025-03-04 00:00:00
17/10/2025,PN_EQ_03,24.0,0.0,8159.1,135.9,380.0,2025-10-18 00:00:00
26/05/2025,pn-eq-01,24.0,0.0,11486.0,392.5,520.0,2025-05-27 00:00:00
26/03/2025,PN-EQ-06,24.0,0.0,6449.5,,300.0,2025-03-27 00:00:00
27/03/2024,pn-eq-02,22.6,1.4,8361.5,43.3,430.0,2024-03-28 00:00:00
16/11/2024,PN_EQ_04,24.0,0.0,9655.1,283.0,460.0,2024-11-17 00:00:00
19/02/2025,PN-EQ-07 ,24.0,0.0,7093.8,125.5,350.0,2025-02-20 00:00:00
27/06/2025,pn-eq-10,19.5,4.5,8484.2,213.0,500.0,2025-06-28 00:00:00
24/12/2024,PNEQ01,24.0,0.0,11051.0,374.7,520.0,2024-12-25 00:00:00
22/08/2024, PN-EQ-04,24.0,0.0,10617.2,225.3,460.0,2024-08-23 00:00:00
06/03/2025, PN-EQ-08,24.0,0.0,9413.7,232.8,400.0,2025-06-04 00:00:00
26/03/2025,PN-EQ-01 ,24.0,0.0,10715.9,251.3,520.0,2025-03-27 00:00:00
22/01/2025,PNEQ03,24.0,0.0,8552.1,147.9,380.0,2025-01-23 00:00:00
24/07/2025,PN-EQ-05,24.0,0.0,6724.0,126.6,300.0,2025-07-25 00:00:00
16/11/2024,PN-EQ-02,23.0,1.0,7903.1,134.8,430.0,2024-11-17 00:00:00
05/04/2024,PNEQ05,24.0,0.0,6920.0,288.0,300.0,2024-04-06 00:00:00
16/01/2024,PNEQ05,24.0,0.0,6716.8,190.9,300.0,2024-01-17 00:00:00
09/05/2025,PN-EQ-07,24.0,0.0,7421.3,223.3,350.0,2025-05-10 00:00:00
24/10/2025,pn-eq-10,24.0,0.0,10896.8,184.2,500.0,2025-10-25 00:00:00
08/05/2025,PN_EQ_01,19.5,4.5,8567.6,200.7,520.0,2025-05-09 00:00:00
05/02/2024,PNEQ07,24.0,,7509.4,134.4,350.0,2024-02-06 00:00:00
02/02/2024,PN-EQ-06	,24.0,0.0,6211.0,79.9,300.0,2024-02-03 00:00:00
13/02/2024,PN-EQ-07 ,17.3,6.7,5382.7,,350.0,2024-02-14 00:00:00
23/08/2025,PNEQ09,24.0,0.0,5592.8,73.5,260.0,2025-08-24 00:00:00
12/07/2024,PN_EQ_06,24.0,0.0,6033.4,177.6,300.0,2024-07-13 00:00:00
16/02/2024,PNEQ10,24.0,0.0,11254.6,272.9,500.0,2024-02-17 00:00:00
13/10/2024,PN-EQ-06,16.5,7.5,4507.3,64.6,300.0,2024-10-14 00:00:00
14/09/2024,PN_EQ_09,24.0,0.0,5541.5,160.7,260.0,2024-09-15 00:00:00
22/05/2024,PN-EQ-01,24.0,0.0,11648.3,94.1,520.0,2024-05-23 00:00:00
11/09/2024,PN_EQ_05,24.0,0.0,6600.6,139.3,300.0,2024-09-12 00:00:00
07/12/2024,PN-EQ-02,24.0,0.0,9830.4,113.0,430.0,2024-12-08 00:00:00
23/09/2024,PN-EQ-04	,24.0,0.0,10004.7,187.5,460.0,2024-09-24 00:00:00
25/05/2025,PNEQ10,24.0,0.0,10468.4,137.3,500.0,2025-05-26 00:00:00
01/12/2025,PN-EQ-02	,23.5,0.5,9238.2,157.3,430.0,2025-12-02 00:00:00
12/12/2025, PN-EQ-03,24.0,0.0,8591.7,90.6,380.0,2025-12-13 00:00:00
04/10/2024,pn-eq-06,24.0,0.0,6645.1,108.9,300.0,2024-10-05 00:00:00
29/06/2024, PN-EQ-07,24.0,0.0,7303.2,101.2,350.0,2024-06-30 00:00:00
26/03/2024,PN-EQ-02,19.2,4.8,6918.0,218.1,430.0,2024-03-27 00:00:00
12/07/2024,PN-EQ-02,18.3,5.7,6860.6,169.2,430.0,2024-07-13 00:00:00
27/12/2024,PNEQ05,24.0,0.0,6139.9,108.5,300.0,2024-12-28 00:00:00
05/10/2024,PN_EQ_07,16.5,7.5,5477.9,173.6,350.0,2024-10-06 00:00:00
08/07/2024,PN-EQ-04	,20.2,3.8,8008.2,159.5,460.0,2024-07-09 00:00:00
12/04/2025,PNEQ01,24.0,0.0,10678.7,246.5,520.0,2025-04-13 00:00:00
20/04/2025,PNEQ07,24.0,0.0,7050.3,203.5,350.0,2025-04-21 00:00:00
15/07/2024,PN_EQ_01,24.0,0.0,10933.5,149.9,520.0,2024-07-16 00:00:00
04/08/2025,PN-EQ-07 ,24.0,0.0,7643.9,122.1,350.0,2025-08-05 00:00:00
01/03/2024, PN-EQ-06,24.0,0.0,6903.2,94.1,300.0,2024-03-02 00:00:00
24/11/2025,PN-EQ-01,24.0,0.0,11510.4,181.2,520.0,2025-11-25 00:00:00
22/07/2024,pn-eq-05,24.0,0.0,6566.2,109.5,300.0,2024-07-23 00:00:00
05/01/2024,PN-EQ-10,24.0,0.0,10777.1,169.4,500.0,2024-01-06 00:00:00
11/07/2024,pn-eq-02,24.0,0.0,9312.9,199.1,430.0,2024-07-12 00:00:00
27/11/2025,pn-eq-09,21.5,2.5,4885.3,103.2,260.0,2025-11-28 00:00:00
02/04/2025,PN-EQ-07,24.0,0.0,7378.6,168.3,350.0,2025-04-03 00:00:00
14/04/2024,pn-eq-05,24.0,0.0,6019.2,199.4,300.0,2024-04-15 00:00:00
25/02/2025,PN-EQ-07	,24.0,0.0,8213.9,180.2,350.0,2025-02-26 00:00:00
24/04/2025,PN-EQ-06 ,24.0,0.0,5621.1,87.9,300.0,2025-04-25 00:00:00
21/08/2025, PN-EQ-02,14.8,9.2,5726.8,207.6,430.0,2025-08-22 00:00:00
06/05/2025, PN-EQ-04,18.7,5.3,7706.7,123.5,460.0,2025-05-07 00:00:00
06/02/2025,PN-EQ-06	,24.0,,6611.7,92.4,300.0,2025-02-07 00:00:00
14/09/2024, PN-EQ-03,24.0,0.0,8118.9,115.7,380.0,2024-09-15 00:00:00
30/04/2024,PN-EQ-07 ,24.0,0.0,7950.1,171.3,350.0,2024-05-01 00:00:00
24/01/2024, PN-EQ-04,4.0,20.0,1694.0,,460.0,2024-01-25 00:00:00
22/11/2025,PN-EQ-05	,19.4,4.6,5289.4,81.9,300.0,2025-11-23 00:00:00
05/07/2024,PN-EQ-07	,24.0,0.0,6859.2,115.2,350.0,2024-07-06 00:00:00
26/03/2025, PN-EQ-07,24.0,0.0,7206.2,200.7,350.0,2025-03-27 00:00:00
22/09/2025,PN-EQ-07	,24.0,0.0,7541.4,81.7,350.0,2025-09-23 00:00:00
27/10/2025,PN_EQ_01,24.0,0.0,10469.2,253.6,520.0,2025-10-28 00:00:00
24/11/2025,PNEQ09,24.0,0.0,5875.7,20.7,260.0,2025-11-25 00:00:00
24/06/2025,PNEQ07,24.0,0.0,6826.4,33.4,350.0,2025-06-25 00:00:00
26/11/2024, PN-EQ-03,24.0,0.0,8626.3,70.9,380.0,2024-11-27 00:00:00
24/02/2025,PN-EQ-07 ,24.0,0.0,7715.0,149.5,350.0,2025-02-25 00:00:00
31/10/2025, PN-EQ-01,24.0,0.0,11059.1,343.0,520.0,2025-11-01 00:00:00
21/02/2025, PN-EQ-02,24.0,0.0,9298.8,257.4,430.0,2025-02-22 00:00:00
19/08/2024,PN-EQ-02,24.0,0.0,9654.9,134.2,430.0,2024-08-20 00:00:00
03/10/2024,pn-eq-06,24.0,0.0,6756.0,217.3,300.0,2024-10-04 00:00:00
06/12/2024,PN-EQ-04	,24.0,0.0,9206.8,206.4,460.0,2024-12-07 00:00:00
08/11/2024,PN-EQ-02 ,24.0,0.0,10022.1,163.3,430.0,2024-11-09 00:00:00
10/10/2024,pn-eq-09,24.0,0.0,5974.9,155.5,260.0,2024-10-11 00:00:00
13/03/2024,pn-eq-01,21.7,2.3,10283.8,159.0,520.0,2024-03-14 00:00:00
17/08/2024,PN_EQ_04,24.0,0.0,10489.1,275.9,460.0,2024-08-18 00:00:00
24/03/2025,PNEQ09,24.0,0.0,6069.9,27.4,260.0,2025-03-25 00:00:00
25/11/2024,PN-EQ-10 ,18.5,5.5,8179.1,291.4,500.0,2024-11-26 00:00:00
28/06/2024,PN-EQ-06,24.0,,6230.4,252.0,300.0,2024-06-29 00:00:00
18/07/2024,PN-EQ-07	,24.0,0.0,7135.3,249.4,350.0,2024-07-19 00:00:00
08/11/2024, PN-EQ-03,24.0,0.0,7298.9,143.2,380.0,2024-11-07 00:00:00
03/03/2025,PNEQ02,24.0,0.0,8708.4,243.7,430.0,2025-03-04 00:00:00
13/09/2025,pn-eq-04,24.0,,10302.7,404.8,460.0,2025-09-14 00:00:00
12/11/2025,PN-EQ-04 ,24.0,0.0,9246.8,279.6,460.0,2025-11-13 00:00:00
26/07/2024,pn-eq-07,22.7,1.3,7155.6,173.8,350.0,2024-07-27 00:00:00
10/08/2025,PNEQ05,24.0,0.0,7128.0,139.2,300.0,2025-08-11 00:00:00
16/04/2025, PN-EQ-05,22.6,1.4,6370.3,209.3,300.0,2025-04-17 00:00:00
15/07/2025,PN-EQ-09 ,24.0,0.0,5762.1,85.3,260.0,2025-07-16 00:00:00
06/12/2025, PN-EQ-06,24.0,0.0,6317.8,199.3,300.0,2025-12-07 00:00:00
19/12/2025,PN-EQ-01	,24.0,0.0,11927.2,347.8,520.0,2025-12-20 00:00:00
24/02/2025,PN-EQ-08,24.0,0.0,8918.9,212.6,400.0,2025-02-25 00:00:00
08/09/2025,pn-eq-04,20.7,3.3,8622.1,153.2,460.0,2025-09-09 00:00:00
07/10/2024, PN-EQ-08,24.0,,9333.8,151.7,400.0,2024-10-08 00:00:00
10/06/2024,PNEQ07,24.0,0.0,8220.4,164.4,350.0,2024-06-11 00:00:00
13/08/2025,PN-EQ-10	,21.9,2.1,9002.3,323.1,500.0,2025-08-14 00:00:00
31/03/2024,pn-eq-02,24.0,0.0,8472.0,168.8,430.0,2024-04-01 00:00:00
09/03/2025, PN-EQ-09,24.0,0.0,6055.8,151.3,260.0,2025-03-10 00:00:00
30/12/2025,PN-EQ-05	,24.0,0.0,6305.7,93.2,300.0,2025-12-31 00:00:00
05/03/2025,PN-EQ-01	,24.0,0.0,11446.7,297.8,520.0,2025-03-06 00:00:00
09/11/2024,PN_EQ_04,24.0,0.0,9762.3,158.2,460.0,2024-11-10 00:00:00
28/03/2025,PN-EQ-10,24.0,0.0,10276.5,249.5,500.0,2025-03-29 00:00:00
12/12/2024, PN-EQ-09,18.9,5.1,4424.1,55.1,260.0,2024-12-13 00:00:00
31/08/2025,PN-EQ-04 ,24.0,0.0,9433.6,278.5,460.0,2025-09-01 00:00:00
09/06/2025,PNEQ03,24.0,0.0,8310.5,42.0,380.0,2025-06-10 00:00:00
27/12/2024,PN_EQ_01,24.0,0.0,12339.7,289.4,520.0,2024-12-28 00:00:00
14/05/2025,PN_EQ_01,24.0,0.0,11958.9,197.7,520.0,2025-05-15 00:00:00
13/10/2025,pn-eq-08,24.0,0.0,9314.7,208.9,400.0,2025-10-14 00:00:00
27/09/2024,PN-EQ-01	,24.0,0.0,11376.1,193.3,520.0,2024-09-28 00:00:00
07/01/2026,PNEQ07,24.0,0.0,6621.7,83.9,350.0,2026-01-08 00:00:00
06/04/2025,PN_EQ_05,17.4,6.6,4471.4,123.9,300.0,2025-04-07 00:00:00
27/04/2025,PN_EQ_04,23.5,0.5,9133.7,136.6,460.0,2025-04-28 00:00:00
04/12/2024,PN-EQ-04,24.0,0.0,10929.6,32.3,460.0,2024-12-05 00:00:00
16/07/2025,PN-EQ-02,24.0,0.0,9988.0,213.1,430.0,2025-07-17 00:00:00
03/07/2024,PN_EQ_08,24.0,0.0,9011.8,,400.0,2024-07-04 00:00:00
26/06/2024,PN_EQ_08,24.0,0.0,7859.8,117.1,400.0,2024-06-27 00:00:00
10/12/2024,PN_EQ_02,24.0,0.0,9084.0,187.3,430.0,2024-12-11 00:00:00
04/09/2025, PN-EQ-06,24.0,0.0,6696.2,118.4,300.0,2025-09-05 00:00:00
02/07/2024,pn-eq-04,24.0,0.0,9561.6,62.3,460.0,2024-07-03 00:00:00
14/11/2024,PN-EQ-02,9.5,14.5,3514.6,78.1,430.0,2024-11-15 00:00:00
06/03/2025,PN-EQ-07 ,24.0,0.0,6974.5,121.5,350.0,2025-03-07 00:00:00
26/07/2025,PN-EQ-10 ,6.3,,2789.8,5.7,500.0,2025-07-27 00:00:00
13/05/2025,PN-EQ-09,17.3,6.7,4314.0,54.0,260.0,2025-05-14 00:00:00
03/04/2025,PN-EQ-08	,24.0,0.0,8798.7,136.0,400.0,2025-04-04 00:00:00
01/06/2025,PN-EQ-01,24.0,0.0,10760.0,290.9,520.0,2025-06-02 00:00:00
06/01/2026,PN-EQ-03 ,24.0,0.0,8349.5,200.5,380.0,2026-01-07 00:00:00
15/07/2024,PN_EQ_08,18.0,,6349.3,103.4,400.0,2024-07-16 00:00:00
28/04/2024,PN-EQ-04 ,16.3,7.7,6763.1,170.6,460.0,2024-04-29 00:00:00
23/07/2025,PNEQ09,24.0,0.0,5469.7,94.7,260.0,2025-07-24 00:00:00
22/10/2025, PN-EQ-09,24.0,0.0,4998.1,,260.0,2025-10-23 00:00:00
30/09/2024,PN-EQ-01	,24.0,0.0,11594.3,238.4,520.0,2024-10-01 00:00:00
15/09/2025,PN-EQ-04 ,19.5,4.5,8384.5,104.2,460.0,2025-09-16 00:00:00
18/02/2025,PN-EQ-04	,18.8,5.2,6246.4,179.6,460.0,2025-02-19 00:00:00
09/11/2025,PN-EQ-07 ,24.0,0.0,7132.5,139.3,350.0,2025-11-10 00:00:00
31/01/2025,PN-EQ-04,24.0,0.0,10189.8,150.9,460.0,2025-02-01 00:00:00
09/08/2024, PN-EQ-04,24.0,0.0,9637.7,203.5,460.0,2024-08-10 00:00:00
21/06/2025,PNEQ01,19.5,4.5,8293.6,206.9,520.0,2025-06-22 00:00:00
07/07/2024,PN-EQ-06 ,22.6,1.4,5436.8,122.9,300.0,2024-07-08 00:00:00
28/07/2024,pn-eq-02,24.0,0.0,8921.6,245.1,430.0,2024-07-29 00:00:00
08/06/2025,pn-eq-06,24.0,0.0,6275.9,83.8,300.0,2025-06-09 00:00:00
25/09/2025, PN-EQ-06,24.0,0.0,6453.5,133.7,300.0,2025-09-26 00:00:00
17/03/2024,pn-eq-08,16.3,7.7,5863.0,165.4,400.0,2024-03-18 00:00:00
23/06/2025,PNEQ07,24.0,0.0,7553.2,103.3,350.0,2025-06-24 00:00:00
29/06/2025,PN_EQ_08,24.0,0.0,8788.0,177.8,400.0,2025-06-30 00:00:00
31/01/2025,PN-EQ-06,24.0,0.0,6037.0,124.1,300.0,2025-02-01 00:00:00
17/01/2024,PN-EQ-02,24.0,0.0,8723.1,186.3,430.0,2024-01-18 00:00:00
29/03/2025,PN-EQ-07 ,24.0,0.0,7814.2,,350.0,2025-03-30 00:00:00
05/07/2025, PN-EQ-06,24.0,0.0,6081.1,59.1,300.0,2025-07-06 00:00:00
20/07/2024,PN-EQ-05 ,24.0,0.0,6366.7,106.0,300.0,2024-07-21 00:00:00
05/02/2025, PN-EQ-10,24.0,0.0,10281.5,174.6,500.0,2025-02-06 00:00:00
04/11/2025,PN-EQ-07 ,24.0,0.0,7569.4,105.5,350.0,2025-11-05 00:00:00
21/08/2024,PN-EQ-09,24.0,0.0,4620.1,,260.0,2024-08-20 00:00:00
06/06/2025, PN-EQ-06,24.0,0.0,6431.8,172.4,300.0,2025-06-07 00:00:00
08/12/2024,PN_EQ_10,24.0,0.0,10919.1,83.8,500.0,2024-12-09 00:00:00
23/05/2024, PN-EQ-06,24.0,0.0,6748.5,97.0,300.0,2024-05-24 00:00:00
16/08/2025,pn-eq-06,23.2,0.8,5699.6,106.6,300.0,2025-08-17 00:00:00
14/06/2025,PN-EQ-10,19.1,4.9,8844.5,,500.0,2025-06-15 00:00:00
12/03/2024,PN-EQ-09,15.1,8.9,3823.6,60.1,260.0,2024-03-13 00:00:00
12/07/2025,PN-EQ-06	,24.0,0.0,6795.3,67.7,300.0,2025-07-13 00:00:00
08/06/2024,pn-eq-07,24.0,0.0,7664.4,228.9,350.0,2024-06-09 00:00:00
23/09/2025,PN-EQ-08 ,24.0,0.0,8411.6,167.7,400.0,2025-09-24 00:00:00
07/02/2024,PNEQ01,24.0,0.0,10913.6,345.5,520.0,2024-02-08 00:00:00
14/05/2024,PN_EQ_09,17.1,6.9,3666.8,113.8,260.0,2024-05-15 00:00:00
25/06/2024,PN-EQ-05 ,24.0,0.0,6282.4,130.8,300.0,2024-06-26 00:00:00
16/04/2024, PN-EQ-02,24.0,0.0,8296.2,256.0,430.0,2024-04-17 00:00:00
25/05/2024,PN-EQ-09 ,24.0,0.0,5869.7,,260.0,2024-05-26 00:00:00
23/10/2025,PN-EQ-04,24.0,0.0,9732.1,141.3,460.0,2025-10-24 00:00:00
10/06/2024,PN-EQ-02 ,24.0,0.0,9503.2,233.1,430.0,2024-06-11 00:00:00
19/10/2025,pn-eq-03,24.0,0.0,8235.9,,380.0,2025-10-20 00:00:00
16/05/2024,PNEQ06,24.0,0.0,6701.2,194.9,300.0,2024-05-17 00:00:00
31/10/2025,PNEQ05,22.3,1.7,6498.8,72.6,300.0,2025-11-01 00:00:00
03/06/2025,PN-EQ-04,24.0,0.0,10005.3,94.4,460.0,2025-06-04 00:00:00
21/06/2024,PN-EQ-02 ,24.0,0.0,9324.8,300.7,430.0,2024-06-22 00:00:00
04/12/2025,PN_EQ_10,24.0,,11515.7,24.2,500.0,2025-12-05 00:00:00
03/01/2026,PN-EQ-01	,24.0,0.0,10396.6,155.1,520.0,2026-01-04 00:00:00
08/09/2025,PN_EQ_08,15.1,8.9,5420.3,107.2,400.0,2025-09-09 00:00:00
08/07/2025,PN_EQ_03,16.1,7.9,5713.5,79.9,380.0,2025-07-09 00:00:00
13/07/2024,PN_EQ_05,19.9,4.1,5297.3,159.4,300.0,2024-07-14 00:00:00
13/09/2025,pn-eq-02,7.9,16.1,3123.1,33.7,430.0,2025-09-14 00:00:00
03/10/2025,PNEQ07,24.0,0.0,7202.2,109.5,350.0,2025-10-04 00:00:00
24/10/2024, PN-EQ-01,24.0,0.0,10665.5,231.9,520.0,2024-10-25 00:00:00
08/10/2024,PN-EQ-03	,24.0,0.0,8444.3,135.1,380.0,2024-10-09 00:00:00
02/07/2024, PN-EQ-02,24.0,0.0,8956.3,96.5,430.0,2024-07-03 00:00:00
10/11/2024,PN-EQ-02 ,24.0,0.0,9540.2,272.4,430.0,2024-11-11 00:00:00
08/05/2024,pn-eq-09,24.0,0.0,5884.7,122.0,260.0,2024-05-09 00:00:00
17/09/2024,PN-EQ-02,24.0,0.0,8776.4,0.0,430.0,2024-09-18 00:00:00
15/09/2025,PN_EQ_10,24.0,0.0,11057.0,8.6,500.0,2025-09-16 00:00:00
20/02/2025,PN-EQ-07	,21.8,2.2,6966.0,168.9,350.0,2025-02-21 00:00:00
11/08/2025,PN-EQ-10,24.0,0.0,11453.4,203.6,500.0,2025-08-12 00:00:00
27/08/2024,PN_EQ_04,24.0,0.0,10929.6,113.7,460.0,2024-08-28 00:00:00
13/04/2025,PN-EQ-08	,24.0,0.0,8610.0,137.7,400.0,2025-04-14 00:00:00
07/08/2025,pn-eq-04,24.0,0.0,10049.7,224.6,460.0,2025-08-08 00:00:00
16/08/2025, PN-EQ-05,24.0,0.0,6675.3,161.6,300.0,2025-08-17 00:00:00
29/01/2025,PN-EQ-09,24.0,0.0,5316.9,118.4,260.0,2025-01-30 00:00:00
31/01/2025,pn-eq-10,24.0,0.0,8824.2,124.8,500.0,2025-01-29 00:00:00
09/03/2024,PN-EQ-08 ,13.4,10.6,4949.4,10.4,400.0,2024-03-10 00:00:00
18/04/2024,PN_EQ_02,24.0,0.0,9078.2,,430.0,2024-04-19 00:00:00
16/11/2024,PN-EQ-08 ,24.0,0.0,8974.1,157.1,400.0,2024-11-17 00:00:00
21/05/2025, PN-EQ-04,24.0,0.0,9955.5,157.0,460.0,2025-05-22 00:00:00
24/11/2024, PN-EQ-10,24.0,0.0,10985.4,55.4,500.0,2024-11-25 00:00:00
08/09/2025,PN-EQ-10 ,24.0,0.0,11880.0,238.5,500.0,2025-09-09 00:00:00
11/03/2024,PN-EQ-02	,24.0,0.0,9016.8,131.9,430.0,2024-03-12 00:00:00
07/03/2025,PN_EQ_08,24.0,0.0,8439.2,270.3,400.0,2025-03-08 00:00:00
31/01/2025,PN-EQ-09 ,24.0,0.0,5257.0,67.1,260.0,2025-02-01 00:00:00
27/02/2025,PN-EQ-02	,24.0,0.0,9184.9,154.4,430.0,2025-02-28 00:00:00
16/01/2024,PN-EQ-06 ,24.0,0.0,6454.4,121.8,300.0,2024-01-17 00:00:00
09/04/2025,pn-eq-04,24.0,0.0,9738.7,155.3,460.0,2025-04-10 00:00:00
26/09/2025,PNEQ05,24.0,0.0,5772.4,73.5,300.0,2025-09-25 00:00:00
28/12/2024,PN-EQ-09	,17.8,6.2,3728.4,131.3,260.0,2024-12-29 00:00:00
01/10/2024,PN_EQ_07,24.0,0.0,7656.4,207.0,350.0,2024-10-02 00:00:00
06/12/2024,PN-EQ-03	,19.1,4.9,6847.2,147.8,380.0,2024-12-07 00:00:00
26/09/2025,PN-EQ-01,24.0,0.0,11837.4,89.3,520.0,2025-09-27 00:00:00
02/01/2026,PN_EQ_01,24.0,0.0,10634.8,177.8,520.0,2026-01-03 00:00:00
01/03/2025,PNEQ02,24.0,0.0,9455.2,199.8,430.0,2025-03-02 00:00:00
17/11/2024, PN-EQ-08,22.6,1.4,7900.8,208.2,400.0,2024-11-18 00:00:00
26/07/2024,PN-EQ-03 ,24.0,0.0,8540.3,164.3,380.0,2024-07-27 00:00:00
13/06/2024,pn-eq-03,21.7,2.3,7909.5,217.8,380.0,2024-06-14 00:00:00
28/01/2024,PN-EQ-02	,24.0,0.0,9811.9,60.5,430.0,2024-01-29 00:00:00
02/03/2024,PN_EQ_08,24.0,0.0,8877.2,170.7,400.0,2024-03-03 00:00:00
03/10/2024,PNEQ08,24.0,0.0,9385.8,149.3,400.0,2024-10-04 00:00:00
18/05/2024,PN_EQ_04,24.0,0.0,10442.2,217.3,460.0,2024-05-19 00:00:00
07/04/2024,PN-EQ-06	,24.0,0.0,5822.1,70.9,300.0,2024-04-08 00:00:00
23/07/2025,PN-EQ-05,11.9,12.1,3383.5,82.4,300.0,2025-07-24 00:00:00
18/03/2024,pn-eq-01,24.0,0.0,9919.5,,520.0,2024-03-19 00:00:00
02/10/2025,PNEQ07,24.0,0.0,7761.9,141.9,350.0,2025-10-03 00:00:00
11/11/2025,PN_EQ_06,23.5,,6576.8,202.7,300.0,2025-11-12 00:00:00
15/09/2024,pn-eq-07,24.0,0.0,7265.1,221.5,350.0,2024-09-16 00:00:00
31/01/2024,PNEQ07,24.0,0.0,7557.4,122.7,350.0,2024-02-01 00:00:00
11/10/2024,PN-EQ-02,24.0,0.0,9433.6,151.8,430.0,2024-10-12 00:00:00
20/03/2025,PNEQ07,24.0,0.0,7723.3,133.8,350.0,2025-03-21 00:00:00
12/03/2025,PN-EQ-10	,24.0,0.0,10837.6,156.9,500.0,2025-03-13 00:00:00
01/05/2024,PN-EQ-02 ,24.0,0.0,8994.1,138.1,430.0,2024-05-02 00:00:00
30/12/2025,PN_EQ_10,24.0,0.0,10492.2,85.0,500.0,2025-12-31 00:00:00
17/03/2025, PN-EQ-06,24.0,,6749.5,217.5,300.0,2025-03-18 00:00:00
28/09/2024,pn-eq-08,24.0,0.0,8955.8,108.0,400.0,2024-09-29 00:00:00
03/01/2024,PN-EQ-03,24.0,0.0,8543.7,96.8,380.0,2024-01-04 00:00:00
14/08/2025,PN-EQ-10,24.0,0.0,9348.3,137.7,500.0,2025-08-12 00:00:00
30/10/2024,PNEQ06,24.0,0.0,6356.7,76.1,300.0,2024-10-31 00:00:00
23/04/2025,PNEQ09,24.0,0.0,5324.4,115.8,260.0,2025-04-24 00:00:00
30/09/2025,PN-EQ-09 ,15.9,8.1,3650.4,48.9,260.0,2025-10-01 00:00:00
04/09/2024,PN-EQ-06 ,24.0,0.0,6507.2,154.0,300.0,2024-09-05 00:00:00
10/08/2025,PN_EQ_09,24.0,0.0,5396.2,110.1,260.0,2025-08-11 00:00:00
03/02/2024, PN-EQ-02,24.0,0.0,9344.0,245.9,430.0,2024-02-04 00:00:00
05/09/2024, PN-EQ-08,18.0,6.0,7099.3,263.9,400.0,2024-09-06 00:00:00
01/04/2024,PN-EQ-07 ,24.0,0.0,7762.3,81.4,350.0,2024-04-02 00:00:00
05/11/2025,PN-EQ-08 ,13.6,10.4,5077.6,68.9,400.0,2025-11-06 00:00:00
16/03/2024,PNEQ05,22.0,2.0,5507.1,146.0,300.0,2024-03-17 00:00:00
17/11/2024,PN-EQ-06 ,24.0,0.0,6376.7,8.9,300.0,2024-11-18 00:00:00
26/02/2024,PN-EQ-02,24.0,0.0,9549.5,273.9,430.0,2024-02-27 00:00:00
13/12/2024, PN-EQ-05,14.0,10.0,3836.9,70.8,300.0,2024-12-14 00:00:00
03/06/2024,PN-EQ-03 ,24.0,0.0,7914.8,181.7,380.0,2024-06-04 00:00:00
18/12/2025,PNEQ03,24.0,0.0,7741.4,226.7,380.0,2025-12-19 00:00:00
11/07/2025,pn-eq-04,24.0,0.0,10600.5,195.4,460.0,2025-07-12 00:00:00
17/02/2025,PNEQ04,24.0,0.0,10868.1,243.8,460.0,2025-02-18 00:00:00
15/06/2025,PN_EQ_09,24.0,0.0,5915.3,101.2,260.0,2025-06-16 00:00:00
08/05/2024,pn-eq-07,24.0,0.0,7738.0,84.4,350.0,2024-05-09 00:00:00
28/08/2025,PN-EQ-07	,24.0,0.0,7268.4,78.1,350.0,2025-08-29 00:00:00
06/09/2024, PN-EQ-05,24.0,0.0,6639.0,180.4,300.0,2024-09-07 00:00:00
25/09/2024,PN_EQ_05,24.0,0.0,6209.3,154.8,300.0,2024-09-26 00:00:00
13/05/2025,PN-EQ-01 ,24.0,0.0,10233.6,69.6,520.0,2025-05-14 00:00:00
05/09/2024,pn-eq-01,24.0,0.0,10424.5,317.6,520.0,2024-09-03 00:00:00
05/08/2024,pn-eq-05,18.3,5.7,4610.7,93.9,300.0,2024-08-06 00:00:00
18/04/2025,pn-eq-03,24.0,0.0,8219.5,162.3,380.0,2025-04-19 00:00:00
12/01/2024,PN-EQ-03	,24.0,0.0,8853.2,237.2,380.0,2024-01-13 00:00:00
19/05/2024,PN-EQ-06	,24.0,0.0,6242.5,158.1,300.0,2024-05-20 00:00:00
09/07/2024,PN-EQ-01,24.0,0.0,11867.6,372.3,520.0,2024-07-10 00:00:00
04/12/2024,pn-eq-10,24.0,0.0,10812.6,235.8,500.0,2024-12-05 00:00:00
29/08/2025,PN-EQ-05	,24.0,0.0,5687.7,144.2,300.0,2025-08-30 00:00:00
18/05/2025,pn-eq-10,24.0,0.0,10195.6,209.0,500.0,2025-05-19 00:00:00
30/09/2025,PN-EQ-02	,24.0,0.0,9603.6,142.0,430.0,2025-10-01 00:00:00
22/02/2025,PN-EQ-04	,22.1,1.9,9316.2,246.5,460.0,2025-02-23 00:00:00
06/05/2024,PN_EQ_02,24.0,0.0,8811.1,138.4,430.0,2024-05-07 00:00:00
12/03/2024,pn-eq-08,22.1,1.9,8417.2,50.4,400.0,2024-03-13 00:00:00
09/12/2024,PN-EQ-05 ,21.5,,5658.5,182.3,300.0,2024-12-10 00:00:00
26/12/2024,PN-EQ-01	,23.1,,10424.5,274.5,520.0,2024-12-27 00:00:00
01/02/2025,PN-EQ-03 ,18.6,5.4,6784.9,64.8,380.0,2025-02-02 00:00:00
19/04/2024,PN-EQ-01,24.0,0.0,8946.5,282.0,520.0,2024-04-19 00:00:00
02/09/2024,PN-EQ-09	,24.0,0.0,5742.7,91.7,260.0,2024-09-03 00:00:00
09/11/2024,pn-eq-02,24.0,0.0,9396.1,172.2,430.0,2024-11-10 00:00:00
13/06/2025, PN-EQ-10,24.0,0.0,10488.1,195.5,500.0,2025-06-14 00:00:00
15/08/2025,PN-EQ-07	,24.0,0.0,7242.7,148.4,350.0,2025-08-16 00:00:00
11/03/2024, PN-EQ-04,24.0,0.0,10040.8,265.7,460.0,2024-03-12 00:00:00
13/12/2024,PN-EQ-06	,24.0,0.0,6629.9,81.1,300.0,2024-12-14 00:00:00
16/09/2025,PN-EQ-10	,19.0,5.0,8473.3,143.8,500.0,2025-09-17 00:00:00
11/05/2024,PN-EQ-01,24.0,0.0,11715.4,376.8,520.0,2024-05-12 00:00:00
04/07/2025,PN-EQ-07 ,24.0,0.0,7476.3,223.8,350.0,2025-07-05 00:00:00
26/04/2024,PN-EQ-03,16.0,8.0,5990.2,118.4,380.0,2024-04-27 00:00:00
17/06/2025,pn-eq-02,24.0,0.0,8182.0,135.9,430.0,2025-06-18 00:00:00
11/10/2024,pn-eq-05,24.0,0.0,6427.1,128.3,300.0,2024-10-12 00:00:00
05/05/2025,PNEQ05,24.0,0.0,6639.3,91.0,300.0,2025-05-06 00:00:00
29/10/2024,PNEQ03,15.1,8.9,5257.2,143.4,380.0,2024-10-30 00:00:00
23/04/2024,PN-EQ-10 ,24.0,0.0,10576.6,246.1,500.0,2024-04-24 00:00:00
04/08/2025,PN_EQ_03,24.0,0.0,7672.4,120.9,380.0,2025-08-05 00:00:00
05/12/2025,PN_EQ_08,21.5,2.5,7480.6,156.9,400.0,2025-12-06 00:00:00
08/03/2025, PN-EQ-10,24.0,0.0,10605.6,239.1,500.0,2025-03-09 00:00:00
17/07/2025,PN-EQ-01,24.0,0.0,11416.2,255.1,520.0,2025-07-18 00:00:00
06/01/2024,PN-EQ-05	,24.0,0.0,5813.2,89.2,300.0,2024-01-07 00:00:00
19/12/2025,pn-eq-09,24.0,0.0,4718.2,125.8,260.0,2025-12-20 00:00:00
27/08/2025,pn-eq-04,24.0,0.0,10274.1,148.4,460.0,2025-08-28 00:00:00
22/06/2025,PN_EQ_08,11.1,12.9,4020.0,52.8,400.0,2025-06-23 00:00:00
06/04/2024,pn-eq-03,24.0,0.0,7932.4,90.0,380.0,2024-04-07 00:00:00
21/05/2024,PN-EQ-05,24.0,0.0,6201.5,72.1,300.0,2024-05-22 00:00:00
17/10/2024,PN-EQ-04	,24.0,0.0,10047.3,196.9,460.0,2024-10-18 00:00:00
17/01/2025,PN-EQ-02	,24.0,0.0,9868.0,166.1,430.0,2025-01-18 00:00:00
18/03/2024,PN-EQ-02,24.0,0.0,9838.4,192.7,430.0,2024-03-19 00:00:00
08/01/2025,PN-EQ-02	,24.0,0.0,9590.6,361.8,430.0,2025-01-09 00:00:00
15/12/2024,PN-EQ-02	,24.0,0.0,8947.0,132.0,430.0,2024-12-16 00:00:00
21/08/2025,PN-EQ-01 ,24.0,0.0,10913.6,169.7,520.0,2025-08-22 00:00:00
26/10/2024,PNEQ01,18.7,5.3,9533.8,254.2,520.0,2024-10-27 00:00:00
26/09/2025,PN-EQ-04	,24.0,0.0,8800.2,217.5,460.0,2025-09-27 00:00:00
19/04/2024,PNEQ08,24.0,0.0,8677.3,171.0,400.0,2024-04-20 00:00:00
17/01/2024,PN-EQ-10	,24.0,0.0,10576.1,431.4,500.0,2024-01-18 00:00:00
02/08/2024,PN-EQ-05	,24.0,0.0,6946.7,128.4,300.0,2024-08-03 00:00:00
30/10/2024,PN-EQ-01 ,24.0,0.0,11494.8,453.2,520.0,2024-10-31 00:00:00
23/04/2025,PN-EQ-04,24.0,0.0,8688.5,,460.0,2025-04-24 00:00:00
10/08/2024,PNEQ06,24.0,0.0,5896.5,97.2,300.0,2024-08-11 00:00:00
03/05/2025,PN-EQ-02 ,24.0,0.0,9044.1,25.8,430.0,2025-05-04 00:00:00
23/01/2025,PN-EQ-05,24.0,0.0,6507.9,168.7,300.0,2025-01-24 00:00:00
28/04/2024, PN-EQ-08,19.9,4.1,6295.8,90.1,400.0,2024-04-29 00:00:00
10/12/2024,PNEQ01,23.3,0.7,10434.7,269.1,520.0,2024-12-11 00:00:00
07/10/2025,pn-eq-02,24.0,0.0,8994.3,199.3,430.0,2025-10-08 00:00:00
22/05/2024,PN_EQ_06,24.0,0.0,7071.0,111.5,300.0,2024-05-23 00:00:00
30/04/2024,PN-EQ-10	,23.5,0.5,10144.3,210.8,500.0,2024-05-01 00:00:00
07/03/2025,PN-EQ-09 ,24.0,0.0,5028.6,90.1,260.0,2025-03-08 00:00:00
15/07/2025,PN_EQ_02,24.0,0.0,9053.3,149.6,430.0,2025-07-16 00:00:00
23/05/2024,pn-eq-07,21.4,2.6,7000.1,67.8,350.0,2024-05-24 00:00:00
16/03/2025,pn-eq-08,22.2,1.8,7989.8,133.8,400.0,2025-03-17 00:00:00
03/02/2025,PN-EQ-07,24.0,0.0,7410.2,141.7,350.0,2025-02-04 00:00:00
29/07/2025,PN-EQ-06	,23.2,0.8,6114.1,129.4,300.0,2025-07-30 00:00:00
12/01/2025,PN-EQ-04,5.6,18.4,2141.0,66.6,460.0,2025-01-13 00:00:00
05/10/2024,pn-eq-05,24.0,0.0,6133.4,89.1,300.0,2024-10-06 00:00:00
28/10/2025,PNEQ10,19.9,4.1,8198.0,128.3,500.0,2025-10-29 00:00:00
16/10/2024,PNEQ05,17.8,6.2,5032.3,149.0,300.0,2024-10-17 00:00:00
09/09/2025,PN-EQ-03	,23.3,0.7,7769.2,104.1,380.0,2025-09-10 00:00:00
23/03/2024, PN-EQ-02,24.0,0.0,8064.8,281.4,430.0,2024-03-22 00:00:00
28/12/2025,PNEQ09,24.0,,5449.0,95.8,260.0,2025-12-29 00:00:00
20/12/2024,PNEQ07,16.9,7.1,5139.5,73.7,350.0,2024-12-21 00:00:00
23/03/2024, PN-EQ-02,24.0,0.0,9214.1,281.4,430.0,2024-03-24 00:00:00
11/02/2025,PN-EQ-02,24.0,0.0,8588.9,193.8,430.0,2025-02-12 00:00:00
01/09/2024,PN-EQ-06 ,24.0,0.0,6336.7,208.2,300.0,2024-09-02 00:00:00
07/04/2025,pn-eq-05,24.0,0.0,6995.0,143.0,300.0,2025-04-08 00:00:00
05/03/2025, PN-EQ-09,24.0,0.0,5057.8,126.6,260.0,2025-03-06 00:00:00
13/03/2024,PNEQ10,24.0,0.0,10653.5,187.1,500.0,2024-03-14 00:00:00
09/10/2025,PNEQ05,24.0,0.0,6355.7,157.7,300.0,2025-10-10 00:00:00
09/10/2025,PN-EQ-04,24.0,0.0,10270.9,140.8,460.0,2025-10-10 00:00:00
29/10/2025,PN-EQ-06,24.0,0.0,6467.7,135.0,300.0,2025-10-30 00:00:00
05/04/2024,PN_EQ_07,24.0,0.0,7444.0,239.8,350.0,2024-04-06 00:00:00
06/07/2024,PN-EQ-09 ,24.0,0.0,5626.4,27.3,260.0,2024-07-07 00:00:00
03/10/2025, PN-EQ-10,22.9,1.1,9021.9,79.5,500.0,2025-10-04 00:00:00
31/10/2024,PN-EQ-07,24.0,0.0,8026.5,195.7,350.0,2024-11-01 00:00:00
03/08/2025,pn-eq-06,24.0,0.0,6166.2,163.9,300.0,2025-08-04 00:00:00
19/02/2024,PN-EQ-01,16.4,7.6,7086.6,286.1,520.0,2024-02-20 00:00:00
01/07/2025,pn-eq-08,24.0,0.0,8078.2,209.8,400.0,2025-07-02 00:00:00
19/07/2025,PN-EQ-01	,24.0,0.0,12213.7,198.5,520.0,2025-07-20 00:00:00
25/04/2025,PN-EQ-05 ,22.2,1.8,5752.8,223.3,300.0,2025-04-26 00:00:00
06/08/2024,PN_EQ_04,8.3,15.7,3274.6,59.8,460.0,2024-08-07 00:00:00
06/01/2026,PN-EQ-05 ,24.0,0.0,6627.3,137.2,300.0,2026-01-07 00:00:00
18/06/2024,PN-EQ-01,23.2,0.8,10869.4,190.4,520.0,2024-06-19 00:00:00
06/04/2024,PNEQ02,24.0,0.0,9743.0,189.7,430.0,2024-04-07 00:00:00
05/06/2024,PN-EQ-08,24.0,0.0,8179.4,163.5,400.0,2024-06-06 00:00:00
29/08/2024,pn-eq-01,24.0,0.0,11105.4,310.6,520.0,2024-08-30 00:00:00
03/04/2025,PN-EQ-06,22.7,1.3,5688.4,145.7,300.0,2025-04-04 00:00:00
08/12/2025,PN-EQ-06 ,23.5,0.5,5871.9,67.7,300.0,2025-12-09 00:00:00
19/06/2024,PNEQ04,4.9,19.1,2044.2,29.7,460.0,2024-06-20 00:00:00
03/02/2024,PN-EQ-09,24.0,0.0,5376.2,98.7,260.0,2024-02-04 00:00:00
20/03/2025,pn-eq-09,4.0,20.0,964.6,12.9,260.0,2025-03-21 00:00:00
12/02/2024, PN-EQ-01,24.0,0.0,10522.7,289.1,520.0,2024-02-13 00:00:00
04/03/2025,PN-EQ-01,24.0,0.0,10444.8,118.9,520.0,2025-03-05 00:00:00
19/03/2025,PN_EQ_01,24.0,0.0,11643.7,212.4,520.0,2025-03-20 00:00:00
03/11/2025,PN_EQ_06,24.0,0.0,6794.4,147.5,300.0,2025-11-04 00:00:00
29/05/2024,PNEQ04,24.0,0.0,9519.5,194.1,460.0,2024-05-30 00:00:00
19/05/2024,PN-EQ-04,24.0,0.0,10846.2,211.6,460.0,2024-05-20 00:00:00
30/07/2025,PN-EQ-05	,24.0,0.0,6085.4,98.9,300.0,2025-07-31 00:00:00
01/06/2024,PN-EQ-02,24.0,0.0,9600.9,241.7,430.0,2024-06-02 00:00:00
23/01/2025,PN_EQ_02,24.0,0.0,10216.8,326.6,430.0,2025-01-24 00:00:00
26/02/2024,PNEQ05,23.5,0.5,5770.2,107.1,300.0,2024-02-27 00:00:00
06/01/2026,PN_EQ_04,24.0,0.0,10929.6,245.8,460.0,2026-01-07 00:00:00
13/07/2025,PN_EQ_04,24.0,0.0,10100.9,311.5,460.0,2025-07-14 00:00:00
02/08/2024,PN_EQ_10,24.0,0.0,9605.3,239.8,500.0,2024-08-03 00:00:00
09/10/2024,PN_EQ_08,24.0,0.0,8652.6,195.0,400.0,2024-10-10 00:00:00
22/09/2025, PN-EQ-08,24.0,0.0,8683.9,273.0,400.0,2025-09-23 00:00:00
13/06/2024,PN-EQ-08 ,24.0,0.0,9146.3,194.6,400.0,2024-06-14 00:00:00
23/10/2024,PN_EQ_07,24.0,0.0,7672.1,156.9,350.0,2024-10-24 00:00:00
02/05/2024,PNEQ02,24.0,0.0,9257.4,81.0,430.0,2024-05-03 00:00:00
21/05/2024, PN-EQ-06,21.7,2.3,5485.6,214.5,300.0,2024-05-22 00:00:00
11/06/2025,PN-EQ-10	,24.0,0.0,11182.3,121.5,500.0,2025-06-12 00:00:00
03/02/2025,PN-EQ-08 ,23.5,0.5,8833.2,115.4,400.0,2025-02-04 00:00:00
02/12/2024,PN-EQ-08	,22.5,1.5,7322.1,60.0,400.0,2024-12-03 00:00:00
03/07/2025,pn-eq-02,5.8,18.2,2179.7,49.0,430.0,2025-07-04 00:00:00
08/06/2024,PN-EQ-05,24.0,0.0,6864.0,195.2,300.0,2024-06-09 00:00:00
20/12/2024, PN-EQ-04,7.8,16.2,3290.9,60.4,460.0,2024-12-21 00:00:00
16/08/2024, PN-EQ-03,24.0,0.0,7714.4,168.3,380.0,2024-08-17 00:00:00
17/03/2024,PN-EQ-09	,24.0,0.0,5988.0,102.3,260.0,2024-03-18 00:00:00
03/03/2024,PN-EQ-03	,24.0,0.0,8799.3,0.0,380.0,2024-03-04 00:00:00
12/11/2024,PN-EQ-07 ,24.0,0.0,7891.3,172.0,350.0,2024-11-13 00:00:00
29/10/2024,PNEQ09,24.0,0.0,5612.7,193.5,260.0,2024-10-30 00:00:00
04/01/2026,PN_EQ_08,24.0,0.0,7892.3,183.7,400.0,2026-01-05 00:00:00
30/08/2025,PNEQ07,24.0,0.0,8207.2,114.1,350.0,2025-08-31 00:00:00
27/10/2025,pn-eq-03,24.0,,8149.1,78.6,380.0,2025-10-28 00:00:00
13/07/2024,PN-EQ-02	,23.5,0.5,9621.0,113.9,430.0,2024-07-14 00:00:00
14/06/2024,PN-EQ-06 ,19.0,5.0,5328.8,86.8,300.0,2024-06-15 00:00:00
20/11/2024,PN-EQ-07,24.0,0.0,7993.1,,350.0,2024-11-21 00:00:00
10/03/2024,PN-EQ-07,24.0,,7565.6,36.8,350.0,2024-03-11 00:00:00
23/04/2025,pn-eq-01,15.2,8.8,6934.6,235.6,520.0,2025-04-23 00:00:00
30/09/2025, PN-EQ-01,20.3,3.7,9374.2,142.6,520.0,2025-10-01 00:00:00
19/06/2025,PN-EQ-07,24.0,0.0,8316.0,228.0,350.0,2025-06-20 00:00:00
01/10/2025, PN-EQ-08,21.4,2.6,7258.1,,400.0,2025-10-02 00:00:00
01/09/2025, PN-EQ-08,24.0,0.0,9156.6,218.0,400.0,2025-09-02 00:00:00
11/09/2025,PN-EQ-08,24.0,0.0,8844.0,0.0,400.0,2025-09-12 00:00:00
07/10/2025,PN_EQ_03,22.2,1.8,8027.6,40.3,380.0,2025-10-08 00:00:00
11/02/2025, PN-EQ-03,24.0,0.0,8050.7,193.2,380.0,2025-02-12 00:00:00
20/01/2025, PN-EQ-07,20.1,3.9,6150.3,92.1,350.0,2025-01-21 00:00:00
30/10/2025,PNEQ09,24.0,0.0,5753.9,119.6,260.0,2025-10-31 00:00:00
24/09/2025,PN-EQ-06,4.0,20.0,1075.5,6.9,300.0,2025-09-25 00:00:00
27/08/2024, PN-EQ-10,24.0,0.0,11357.0,205.6,500.0,2024-08-28 00:00:00
06/03/2024,PN_EQ_05,24.0,0.0,7128.0,130.9,300.0,2024-03-07 00:00:00
15/05/2024,PN-EQ-05 ,24.0,0.0,6312.0,125.1,300.0,2024-05-16 00:00:00
18/05/2025,pn-eq-09,24.0,0.0,5544.3,,260.0,2025-05-19 00:00:00
19/03/2024,PN-EQ-06 ,24.0,0.0,5967.0,141.5,300.0,2024-03-20 00:00:00
09/06/2025, PN-EQ-08,24.0,0.0,8172.9,107.0,400.0,2025-06-10 00:00:00
04/11/2024,PN-EQ-06 ,24.0,0.0,6473.1,121.9,300.0,2024-11-05 00:00:00
01/05/2025,PN-EQ-10,24.0,0.0,11880.0,155.7,500.0,2025-05-02 00:00:00
28/10/2025,pn-eq-03,24.0,0.0,7371.0,149.7,380.0,2025-10-29 00:00:00
20/03/2024,PN-EQ-06,23.4,0.6,6515.6,124.3,300.0,2024-03-21 00:00:00
03/12/2025,pn-eq-01,18.3,5.7,8649.3,274.9,520.0,2025-12-04 00:00:00
27/08/2024, PN-EQ-06,24.0,0.0,6330.1,146.3,300.0,2024-08-28 00:00:00
14/09/2024,PN-EQ-05 ,16.8,7.2,4009.9,86.7,300.0,2024-09-15 00:00:00
19/12/2024,pn-eq-06,24.0,0.0,6106.8,123.0,300.0,2024-12-20 00:00:00
19/01/2024,PN-EQ-09	,22.8,1.2,5346.6,130.5,260.0,2024-01-20 00:00:00
31/08/2025,PNEQ06,24.0,0.0,7128.0,127.4,300.0,2025-09-01 00:00:00
08/03/2024,PN-EQ-04,24.0,0.0,9876.0,302.5,460.0,2024-03-09 00:00:00
26/05/2024,PN-EQ-02 ,24.0,0.0,10216.8,196.9,430.0,2024-05-27 00:00:00
17/08/2024,PNEQ08,24.0,0.0,9115.0,78.1,400.0,2024-08-18 00:00:00
05/02/2025,PN_EQ_06,24.0,0.0,7221.9,171.6,300.0,2025-02-06 00:00:00
13/10/2024,PNEQ02,24.0,0.0,9690.0,234.1,430.0,2024-10-14 00:00:00
08/12/2024, PN-EQ-06,24.0,0.0,6205.9,158.7,300.0,2024-12-09 00:00:00
19/09/2025, PN-EQ-06,24.0,0.0,6926.5,195.0,300.0,2025-09-20 00:00:00
20/10/2024,PN-EQ-01,24.0,0.0,11477.2,283.0,520.0,2024-10-21 00:00:00
05/02/2024, PN-EQ-10,24.0,0.0,10093.3,164.1,500.0,2024-02-06 00:00:00
27/02/2024,PNEQ02,24.0,0.0,8896.2,269.3,430.0,2024-02-28 00:00:00
08/01/2024,PN-EQ-07,24.0,0.0,7856.5,80.9,350.0,2024-01-09 00:00:00
29/07/2025,PN-EQ-08	,24.0,0.0,8514.9,119.8,400.0,2025-07-30 00:00:00
23/08/2024,PN-EQ-09 ,24.0,0.0,5284.5,90.6,260.0,2024-08-24 00:00:00
25/01/2025,PN-EQ-07,22.8,1.2,7422.9,142.0,350.0,2025-01-26 00:00:00
26/07/2025,PNEQ09,24.0,0.0,6177.6,36.5,260.0,2025-07-27 00:00:00
17/07/2024,PN_EQ_10,21.5,2.5,9742.9,178.3,500.0,2024-07-18 00:00:00
02/12/2025,PN-EQ-03,24.0,0.0,7353.3,91.4,380.0,2025-12-03 00:00:00
02/01/2025,PN_EQ_06,21.2,2.8,5561.4,71.7,300.0,2025-01-03 00:00:00
26/02/2025,pn-eq-06,21.7,2.3,5982.2,181.8,300.0,2025-02-27 00:00:00
04/04/2024,PN_EQ_04,24.0,0.0,10796.8,171.1,460.0,2024-04-05 00:00:00
26/10/2025,PNEQ06,24.0,0.0,6911.3,137.4,300.0,2025-10-27 00:00:00
13/06/2025,PN-EQ-02	,24.0,0.0,8974.6,60.0,430.0,2025-06-14 00:00:00
26/09/2024, PN-EQ-08,24.0,0.0,8486.2,179.7,400.0,2024-09-27 00:00:00
14/04/2025,PNEQ07,24.0,0.0,8316.0,179.2,350.0,2025-04-15 00:00:00
13/02/2024,pn-eq-01,24.0,0.0,11990.5,302.3,520.0,2024-02-14 00:00:00
24/05/2025,PN-EQ-04,24.0,0.0,10018.8,222.1,460.0,2025-05-25 00:00:00
22/09/2024, PN-EQ-03,24.0,0.0,7736.9,140.0,380.0,2024-09-23 00:00:00
04/09/2025, PN-EQ-03,24.0,0.0,8303.1,180.0,380.0,2025-09-05 00:00:00
21/12/2024,PN-EQ-01 ,1.4,22.6,593.4,9.3,520.0,2024-12-22 00:00:00
28/04/2025,PNEQ07,24.0,0.0,8174.7,140.1,350.0,2025-04-29 00:00:00
16/04/2024,PN_EQ_09,24.0,0.0,6177.6,114.2,260.0,2024-04-17 00:00:00
03/06/2024,PNEQ08,24.0,0.0,8709.2,200.9,400.0,2024-06-04 00:00:00
07/11/2025,PNEQ08,24.0,0.0,8548.7,212.4,400.0,2025-11-08 00:00:00
19/05/2025,PN-EQ-08,24.0,0.0,8698.2,119.1,400.0,2025-05-20 00:00:00
07/05/2024,PN-EQ-02 ,24.0,0.0,9424.9,,430.0,2024-05-08 00:00:00
03/01/2024,PN_EQ_08,24.0,0.0,8023.3,49.2,400.0,2024-01-04 00:00:00
26/02/2024,PN-EQ-04 ,24.0,0.0,9854.7,294.8,460.0,2024-02-27 00:00:00
26/09/2025, PN-EQ-09,24.0,0.0,5190.4,85.8,260.0,2025-09-27 00:00:00
14/05/2024,PN_EQ_05,24.0,0.0,6310.0,142.0,300.0,2024-05-15 00:00:00
27/03/2024, PN-EQ-10,24.0,0.0,9621.9,288.0,500.0,2024-03-28 00:00:00
04/09/2025,PN_EQ_04,12.5,11.5,5331.3,44.2,460.0,2025-09-05 00:00:00
31/08/2024,PNEQ05,20.7,3.3,5848.6,176.6,300.0,2024-09-01 00:00:00
06/10/2024,PN_EQ_06,24.0,0.0,6621.8,32.5,300.0,2024-10-07 00:00:00
24/09/2024,PN-EQ-02	,8.3,15.7,3131.0,59.8,430.0,2024-09-25 00:00:00
23/02/2024,PN-EQ-05,23.5,0.5,6724.2,133.2,300.0,2024-02-24 00:00:00
08/08/2025, PN-EQ-04,22.3,1.7,9056.7,119.0,460.0,2025-08-09 00:00:00
17/01/2025,PN-EQ-09	,24.0,0.0,5753.3,134.1,260.0,2025-01-18 00:00:00
29/01/2025,PNEQ04,11.6,12.4,4822.4,80.4,460.0,2025-01-30 00:00:00
28/10/2025,pn-eq-01,8.1,15.9,3473.3,61.6,520.0,2025-10-29 00:00:00
04/03/2024,PN_EQ_06,24.0,0.0,6264.0,134.8,300.0,2024-03-05 00:00:00
03/01/2025,PN-EQ-03,24.0,0.0,9028.8,116.6,380.0,2025-01-04 00:00:00
29/04/2024,PN-EQ-03,22.5,1.5,7479.3,175.0,380.0,2024-04-30 00:00:00
01/06/2025,PN_EQ_07,24.0,0.0,6662.7,101.0,350.0,2025-06-02 00:00:00
25/10/2025, PN-EQ-05,24.0,0.0,6304.0,209.6,300.0,2025-10-26 00:00:00
08/11/2024, PN-EQ-06,24.0,0.0,6444.5,130.6,300.0,2024-11-09 00:00:00
04/05/2024,pn-eq-08,17.7,6.3,6619.4,,400.0,2024-05-05 00:00:00
31/12/2025,PN-EQ-04	,23.5,0.5,9655.3,140.8,460.0,2026-01-01 00:00:00
06/08/2025,pn-eq-06,24.0,0.0,6517.6,101.4,300.0,2025-08-07 00:00:00
10/10/2024,PN-EQ-04,24.0,0.0,10641.7,144.6,460.0,2024-10-11 00:00:00
08/01/2024,pn-eq-05,24.0,0.0,6185.9,191.3,300.0,2024-01-09 00:00:00
05/05/2025,PNEQ03,21.1,2.9,7937.8,322.5,380.0,2025-05-06 00:00:00
11/11/2024,PN-EQ-02 ,19.4,4.6,7219.0,0.0,430.0,2024-11-12 00:00:00
06/07/2024, PN-EQ-03,24.0,0.0,6983.7,111.4,380.0,2024-07-06 00:00:00
22/09/2025, PN-EQ-02,24.0,0.0,9119.9,153.7,430.0,2025-09-23 00:00:00
11/06/2024,PN-EQ-10	,24.0,0.0,10480.6,209.7,500.0,2024-06-12 00:00:00
05/06/2024,PN_EQ_06,24.0,0.0,6403.9,161.9,300.0,2024-06-06 00:00:00
04/03/2024,PN-EQ-10 ,24.0,0.0,9923.0,58.2,500.0,2024-03-05 00:00:00
05/08/2025,PN-EQ-10 ,24.0,0.0,10862.4,203.9,500.0,2025-08-06 00:00:00
22/08/2024,PNEQ10,24.0,0.0,10221.5,238.0,500.0,2024-08-23 00:00:00
20/04/2025,PNEQ04,24.0,0.0,9982.1,119.7,460.0,2025-04-21 00:00:00
23/12/2024,pn-eq-09,24.0,0.0,5110.6,158.7,260.0,2024-12-22 00:00:00
23/03/2024,pn-eq-08,24.0,0.0,7865.6,174.9,400.0,2024-03-24 00:00:00
10/06/2025,PN-EQ-07,24.0,0.0,7036.9,61.3,350.0,2025-06-11 00:00:00
16/09/2024,PN-EQ-06 ,19.3,4.7,5143.4,123.5,300.0,2024-09-17 00:00:00
21/05/2024,PN_EQ_08,24.0,0.0,8361.2,156.6,400.0,2024-05-22 00:00:00
10/01/2025,PN-EQ-09 ,24.0,0.0,5327.2,122.4,260.0,2025-01-11 00:00:00
12/04/2024, PN-EQ-08,24.0,0.0,8741.5,113.6,400.0,2024-04-13 00:00:00
18/12/2024,PN-EQ-06	,23.3,0.7,6476.8,161.6,300.0,2024-12-19 00:00:00
27/09/2025,PN-EQ-02,24.0,0.0,8665.1,215.0,430.0,2025-09-28 00:00:00
12/07/2024,pn-eq-07,24.0,0.0,7547.7,241.2,350.0,2024-07-13 00:00:00
04/02/2024,PNEQ02,24.0,0.0,9038.3,131.2,430.0,2024-02-05 00:00:00
24/04/2024, PN-EQ-05,24.0,0.0,6022.9,93.5,300.0,2024-04-25 00:00:00
16/07/2024,PN-EQ-04,24.0,0.0,9299.6,196.3,460.0,2024-07-17 00:00:00
09/10/2025, PN-EQ-02,24.0,0.0,9173.2,187.9,430.0,2025-10-10 00:00:00
18/08/2025,pn-eq-10,24.0,0.0,10593.7,272.7,500.0,2025-08-19 00:00:00
08/09/2025,pn-eq-09,24.0,0.0,5766.0,60.3,260.0,2025-09-09 00:00:00
27/09/2025,PN-EQ-05,24.0,0.0,6504.5,200.9,300.0,2025-09-28 00:00:00
04/05/2024,pn-eq-10,24.0,,10199.5,243.9,500.0,2024-05-05 00:00:00
19/01/2025, PN-EQ-02,24.0,0.0,9317.0,242.3,430.0,2025-01-20 00:00:00
29/06/2024, PN-EQ-03,24.0,0.0,7448.0,151.9,380.0,2024-06-30 00:00:00
24/02/2025,PNEQ01,23.1,0.9,10374.9,112.0,520.0,2025-02-25 00:00:00
14/02/2024,pn-eq-10,24.0,0.0,10811.3,322.0,500.0,2024-02-15 00:00:00
12/06/2024,PN-EQ-03	,24.0,0.0,8186.4,96.9,380.0,2024-06-13 00:00:00
07/04/2025,PN-EQ-10,24.0,0.0,10373.4,167.5,500.0,2025-04-08 00:00:00
04/01/2024, PN-EQ-08,24.0,0.0,8375.2,155.2,400.0,2024-01-05 00:00:00
05/10/2025,PN-EQ-09 ,24.0,0.0,5191.3,88.4,260.0,2025-10-06 00:00:00
22/09/2024,pn-eq-08,24.0,0.0,8416.6,125.1,400.0,2024-09-23 00:00:00
14/02/2024,PNEQ06,24.0,0.0,6911.3,178.3,300.0,2024-02-15 00:00:00
25/06/2025,PN-EQ-08,24.0,0.0,9216.0,215.8,400.0,2025-06-26 00:00:00
29/09/2024, PN-EQ-06,24.0,0.0,6565.6,97.1,300.0,2024-09-30 00:00:00
01/05/2024,PNEQ09,23.3,0.7,4977.0,86.5,260.0,2024-05-02 00:00:00
07/07/2024, PN-EQ-10,24.0,0.0,10896.9,342.4,500.0,2024-07-08 00:00:00
01/02/2025,PN-EQ-05 ,24.0,0.0,6133.1,83.3,300.0,2025-02-02 00:00:00
31/05/2024,pn-eq-05,4.0,20.0,1051.8,33.6,300.0,2024-06-01 00:00:00
06/04/2025,PN-EQ-02	,24.0,0.0,9582.1,231.5,430.0,2025-04-07 00:00:00
05/01/2026,PN-EQ-10,24.0,0.0,10710.7,314.1,500.0,2026-01-06 00:00:00
15/03/2025, PN-EQ-10,24.0,0.0,11059.7,363.0,500.0,2025-03-16 00:00:00
25/04/2024,PN-EQ-05 ,23.5,0.5,6073.5,77.9,300.0,2024-04-26 00:00:00
03/01/2024,PNEQ10,5.2,18.8,2366.1,48.0,500.0,2024-01-04 00:00:00
16/06/2024,PNEQ08,24.0,0.0,8757.6,168.2,400.0,2024-06-17 00:00:00
06/02/2024,pn-eq-03,24.0,0.0,7919.9,320.9,380.0,2024-02-07 00:00:00
30/12/2024,PNEQ07,24.0,0.0,6878.4,196.3,350.0,2024-12-31 00:00:00
02/03/2025,PNEQ05,24.0,0.0,6570.7,34.1,300.0,2025-03-03 00:00:00
05/11/2024,PN-EQ-08,24.0,0.0,9098.7,270.4,400.0,2024-11-06 00:00:00
13/09/2024,PN-EQ-07,24.0,0.0,7090.8,192.9,350.0,2024-09-14 00:00:00
07/11/2025,PN-EQ-05,22.3,1.7,5848.8,63.2,300.0,2025-11-08 00:00:00
10/01/2025, PN-EQ-10,24.0,0.0,10853.0,112.3,500.0,2025-01-11 00:00:00
11/08/2024,PNEQ02,24.0,0.0,8993.9,244.1,430.0,2024-08-12 00:00:00
09/01/2025,PN-EQ-05,24.0,0.0,6450.6,180.2,300.0,2025-01-10 00:00:00
24/03/2024,PNEQ10,24.0,0.0,11880.0,365.8,500.0,2024-03-25 00:00:00
02/07/2025,PN-EQ-08 ,24.0,0.0,9476.5,131.5,400.0,2025-07-03 00:00:00
22/06/2024,PN-EQ-04 ,24.0,0.0,9153.3,175.6,460.0,2024-06-23 00:00:00
09/12/2024, PN-EQ-01,24.0,0.0,10621.3,264.6,520.0,2024-12-10 00:00:00
15/07/2024,PNEQ03,24.0,0.0,8092.0,188.6,380.0,2024-07-16 00:00:00
03/05/2025, PN-EQ-09,24.0,0.0,5606.1,71.4,260.0,2025-05-04 00:00:00
17/05/2024, PN-EQ-07,24.0,0.0,7952.1,186.5,350.0,2024-05-18 00:00:00
08/02/2025,PN-EQ-05,24.0,0.0,6765.7,63.1,300.0,2025-02-09 00:00:00
14/01/2025,PN_EQ_04,24.0,0.0,9228.7,97.1,460.0,2025-01-15 00:00:00
17/09/2024,PN-EQ-10	,24.0,0.0,10675.3,128.4,500.0,2024-09-18 00:00:00
31/03/2025,PN_EQ_06,24.0,0.0,6332.2,99.4,300.0,2025-04-01 00:00:00
25/03/2025,PN-EQ-09	,24.0,0.0,5119.4,121.2,260.0,2025-03-26 00:00:00
09/08/2025,PN-EQ-02,24.0,0.0,9631.2,324.7,430.0,2025-08-10 00:00:00
11/02/2024,PN-EQ-04 ,24.0,0.0,10276.4,223.8,460.0,2024-02-12 00:00:00
30/04/2024,pn-eq-06,24.0,0.0,6316.5,196.4,300.0,2024-05-01 00:00:00
29/11/2025,PN-EQ-09 ,24.0,0.0,5543.7,107.3,260.0,2025-11-30 00:00:00
01/12/2024,PN_EQ_02,24.0,0.0,9787.3,191.1,430.0,2024-12-02 00:00:00
03/09/2025, PN-EQ-07,24.0,0.0,7437.9,200.0,350.0,2025-09-04 00:00:00
25/11/2024,pn-eq-04,24.0,0.0,9762.4,201.1,460.0,2024-11-26 00:00:00
08/03/2025,PNEQ05,12.0,12.0,3311.4,34.0,300.0,2025-03-09 00:00:00
10/05/2025,PNEQ03,21.8,2.2,7033.5,128.3,380.0,2025-05-11 00:00:00
03/08/2024,PN-EQ-01	,13.8,10.2,6404.5,161.1,520.0,2024-08-04 00:00:00
29/02/2024,PN-EQ-07,24.0,0.0,7402.7,176.5,350.0,2024-03-01 00:00:00
22/11/2024,PN-EQ-09,24.0,0.0,5538.6,160.0,260.0,2024-11-23 00:00:00
18/04/2025,PN-EQ-06	,24.0,0.0,6628.7,144.5,300.0,2025-04-19 00:00:00
21/03/2025,PN-EQ-01,19.5,4.5,8516.8,132.9,520.0,2025-03-22 00:00:00
17/10/2025,PN-EQ-10 ,24.0,0.0,10382.4,173.9,500.0,2025-10-18 00:00:00
11/07/2025,PNEQ07,24.0,0.0,7905.4,,350.0,2025-07-12 00:00:00
14/12/2024,PN_EQ_06,24.0,0.0,6773.1,189.3,300.0,2024-12-15 00:00:00
18/01/2024,PNEQ06,19.9,4.1,5101.7,119.4,300.0,2024-01-19 00:00:00
19/06/2025,PN_EQ_04,8.0,16.0,3434.8,25.6,460.0,2025-06-20 00:00:00
12/07/2025,PNEQ10,24.0,0.0,11685.3,204.5,500.0,2025-07-13 00:00:00
01/02/2024,PN-EQ-02	,24.0,0.0,8483.5,212.2,430.0,2024-02-02 00:00:00
23/12/2024,PN-EQ-03	,22.6,1.4,8151.8,130.2,380.0,2024-12-24 00:00:00
19/05/2025,PN-EQ-09 ,18.3,5.7,4079.2,82.3,260.0,2025-05-20 00:00:00
19/10/2024,PNEQ04,9.2,14.8,3738.2,103.2,460.0,2024-10-20 00:00:00
19/11/2024,PN-EQ-08 ,19.1,4.9,7022.2,71.7,400.0,2024-11-20 00:00:00
17/06/2024,PN_EQ_07,24.0,0.0,7254.0,97.1,350.0,2024-06-18 00:00:00
21/02/2024,PNEQ07,24.0,0.0,6996.9,264.7,350.0,2024-02-22 00:00:00
24/11/2025,pn-eq-07,24.0,0.0,7715.3,176.8,350.0,2025-11-25 00:00:00
28/04/2025,pn-eq-05,24.0,0.0,6344.8,141.2,300.0,2025-04-29 00:00:00
24/07/2025, PN-EQ-02,24.0,0.0,8778.4,0.0,430.0,2025-07-25 00:00:00
13/03/2025,PNEQ02,21.7,2.3,8787.9,247.3,430.0,2025-03-14 00:00:00
22/04/2024,PNEQ06,24.0,0.0,5906.6,147.9,300.0,2024-04-23 00:00:00
07/07/2025, PN-EQ-08,24.0,0.0,9095.0,244.0,400.0,2025-07-08 00:00:00
07/04/2024,pn-eq-09,21.2,2.8,5111.9,134.4,260.0,2024-04-08 00:00:00
18/12/2025,PN_EQ_02,24.0,0.0,9519.5,159.7,430.0,2025-12-19 00:00:00
21/08/2024,PNEQ07,24.0,0.0,7870.1,85.4,350.0,2024-08-22 00:00:00
20/06/2025,pn-eq-07,24.0,0.0,7640.6,213.1,350.0,2025-06-21 00:00:00
03/11/2024,PN_EQ_09,24.0,0.0,5643.7,105.2,260.0,2024-11-04 00:00:00
08/10/2024,PN-EQ-04,21.6,2.4,9352.8,259.6,460.0,2024-10-09 00:00:00
14/01/2024,PN_EQ_09,24.0,,5678.1,68.6,260.0,2024-01-15 00:00:00
19/07/2024, PN-EQ-01,24.0,0.0,12188.1,349.9,520.0,2024-07-20 00:00:00
06/08/2025,PN_EQ_08,24.0,0.0,9012.8,,400.0,2025-08-07 00:00:00
02/10/2024,PN-EQ-09	,24.0,0.0,5133.7,87.3,260.0,2024-10-03 00:00:00
23/10/2024, PN-EQ-09,16.2,7.8,3921.2,83.2,260.0,2024-10-24 00:00:00
29/05/2025,PN-EQ-03	,24.0,0.0,8117.9,80.0,380.0,2025-05-30 00:00:00
04/11/2024,pn-eq-05,21.4,2.6,5674.7,,300.0,2024-11-05 00:00:00
30/10/2024,PNEQ09,24.0,0.0,5505.2,82.0,260.0,2024-10-31 00:00:00
07/03/2024,PN-EQ-06,24.0,0.0,5655.7,151.5,300.0,2024-03-08 00:00:00
26/11/2024,pn-eq-09,24.0,0.0,6012.0,120.1,260.0,2024-11-27 00:00:00
29/07/2025,PN-EQ-05 ,4.6,,1279.7,32.9,300.0,2025-07-30 00:00:00
28/10/2024,PN-EQ-02,14.9,9.1,5628.3,71.5,430.0,2024-10-29 00:00:00
27/03/2025,pn-eq-01,24.0,0.0,10722.5,241.4,520.0,2025-03-28 00:00:00
25/03/2025,PN_EQ_04,24.0,0.0,10099.1,265.7,460.0,2025-03-26 00:00:00
01/03/2024, PN-EQ-02,24.0,0.0,9168.7,248.7,430.0,2024-03-02 00:00:00
13/07/2025,PN-EQ-07,24.0,0.0,7410.7,92.9,350.0,2025-07-14 00:00:00
20/02/2024,PN-EQ-07	,16.2,7.8,5335.2,120.5,350.0,2024-02-21 00:00:00
25/04/2025,PN_EQ_06,24.0,0.0,6291.2,104.8,300.0,2025-04-26 00:00:00
24/07/2025,PN-EQ-08,24.0,0.0,8936.6,204.4,400.0,2025-07-25 00:00:00
07/10/2024,PN-EQ-07 ,24.0,0.0,8316.0,283.0,350.0,2024-10-08 00:00:00
28/06/2025,PN-EQ-09	,24.0,0.0,6177.6,98.6,260.0,2025-06-29 00:00:00
30/09/2024, PN-EQ-10,22.9,1.1,10503.7,212.3,500.0,2024-10-01 00:00:00
26/01/2025,PN-EQ-03 ,22.8,1.2,8417.8,151.1,380.0,2025-01-27 00:00:00
03/04/2025,PNEQ02,19.8,4.2,7727.6,262.4,430.0,2025-04-04 00:00:00
02/08/2025,PN-EQ-06,24.0,0.0,6664.2,158.1,300.0,2025-08-03 00:00:00
13/07/2024,PN-EQ-03,24.0,0.0,8355.1,197.0,380.0,2024-07-14 00:00:00
15/11/2024,PN-EQ-09	,24.0,0.0,5944.8,65.1,260.0,2024-11-16 00:00:00
11/12/2024,PNEQ10,17.2,6.8,7648.1,187.8,500.0,2024-12-12 00:00:00
02/11/2024, PN-EQ-07,24.0,0.0,8316.0,87.6,350.0,2024-11-03 00:00:00
14/05/2025,PN-EQ-04	,22.3,1.7,8840.5,33.7,460.0,2025-05-15 00:00:00
16/11/2025,PNEQ02,24.0,,9475.1,276.1,430.0,2025-11-17 00:00:00
12/12/2025,PN_EQ_06,24.0,0.0,6828.4,117.9,300.0,2025-12-13 00:00:00
17/12/2025,PN_EQ_03,24.0,0.0,8521.6,92.9,380.0,2025-12-18 00:00:00
19/09/2025,PN-EQ-03,24.0,0.0,8949.6,204.1,380.0,2025-09-20 00:00:00
14/06/2024,PNEQ05,24.0,0.0,7128.0,66.4,300.0,2024-06-15 00:00:00
01/12/2024, PN-EQ-05,24.0,0.0,6499.4,95.0,300.0,2024-12-02 00:00:00
08/02/2024,PNEQ01,24.0,0.0,10874.0,47.2,520.0,2024-02-09 00:00:00
21/04/2024,PN_EQ_06,18.1,5.9,5173.0,157.8,300.0,2024-04-22 00:00:00
11/08/2024,PN_EQ_08,22.1,1.9,7912.2,123.4,400.0,2024-08-12 00:00:00
19/07/2025,PN-EQ-05,24.0,0.0,6030.5,170.6,300.0,2025-07-20 00:00:00
13/03/2025,PN_EQ_09,24.0,0.0,6177.6,78.3,260.0,2025-03-14 00:00:00
16/01/2024,PNEQ01,24.0,0.0,11220.7,366.5,520.0,2024-01-17 00:00:00
06/01/2025,PN-EQ-03 ,24.0,0.0,7506.3,113.9,380.0,2025-01-07 00:00:00
09/06/2024,PN-EQ-05	,24.0,0.0,6861.4,127.5,300.0,2024-06-10 00:00:00
26/11/2024,PNEQ04,24.0,0.0,9774.5,,460.0,2024-11-27 00:00:00
22/12/2024,PN-EQ-03	,24.0,0.0,8884.0,97.0,380.0,2024-12-23 00:00:00
01/11/2025,PN-EQ-04,24.0,0.0,10502.0,84.9,460.0,2025-11-02 00:00:00
10/02/2024,PNEQ02,24.0,0.0,8100.1,185.6,430.0,2024-02-08 00:00:00
05/12/2024, PN-EQ-06,24.0,0.0,5586.3,70.5,300.0,2024-12-06 00:00:00
18/08/2025,PNEQ02,24.0,0.0,9055.6,64.5,430.0,2025-08-19 00:00:00
05/04/2024,PN-EQ-04,22.7,1.3,8919.0,165.6,460.0,2024-04-06 00:00:00
20/10/2024,PN-EQ-03 ,24.0,0.0,8513.0,118.8,380.0,2024-10-21 00:00:00
04/04/2024,PNEQ06,24.0,0.0,6299.9,91.1,300.0,2024-04-05 00:00:00
09/06/2025, PN-EQ-09,19.9,4.1,4366.2,83.9,260.0,2025-06-10 00:00:00
04/11/2024,pn-eq-07,18.5,5.5,5712.4,129.8,350.0,2024-11-05 00:00:00
16/12/2024,PN-EQ-04	,24.0,0.0,9624.7,172.4,460.0,2024-12-17 00:00:00
11/01/2025,PN-EQ-03,24.0,0.0,7315.5,160.7,380.0,2025-01-12 00:00:00
23/04/2024,PN_EQ_04,21.7,2.3,9024.8,338.6,460.0,2024-04-24 00:00:00
07/03/2024,pn-eq-10,11.4,12.6,4958.1,124.5,500.0,2024-03-08 00:00:00
06/11/2024,PNEQ02,24.0,0.0,8808.5,153.4,430.0,2024-11-07 00:00:00
17/07/2025,pn-eq-09,24.0,0.0,5980.4,91.3,260.0,2025-07-18 00:00:00
09/11/2025, PN-EQ-06,24.0,0.0,6783.2,226.1,300.0,2025-11-10 00:00:00
02/04/2025,PN-EQ-05,24.0,0.0,6822.4,128.5,300.0,2025-04-03 00:00:00
22/11/2025,PNEQ04,24.0,0.0,9947.8,282.6,460.0,2025-11-23 00:00:00
23/05/2025,PNEQ10,24.0,0.0,10999.9,190.5,500.0,2025-05-24 00:00:00
30/07/2025, PN-EQ-03,24.0,0.0,8547.4,195.7,380.0,2025-07-31 00:00:00
29/12/2025,PNEQ09,24.0,0.0,6177.6,88.9,260.0,2025-12-30 00:00:00
22/11/2024,PNEQ06,24.0,0.0,5381.5,103.2,300.0,2024-11-23 00:00:00
28/11/2024,pn-eq-07,24.0,0.0,7815.3,180.0,350.0,2024-11-29 00:00:00
21/12/2025,PN-EQ-10 ,24.0,0.0,10685.9,184.4,500.0,2025-12-22 00:00:00
29/08/2025,PN_EQ_03,24.0,0.0,8680.0,162.3,380.0,2025-08-30 00:00:00
29/12/2025,PN-EQ-05,24.0,0.0,6560.7,177.3,300.0,2025-12-30 00:00:00
25/10/2024,PN-EQ-04	,24.0,0.0,10207.0,189.9,460.0,2024-10-26 00:00:00
15/09/2024,PN-EQ-10	,24.0,0.0,11436.9,187.9,500.0,2024-09-16 00:00:00
24/11/2024,PN-EQ-08 ,24.0,0.0,8589.6,206.7,400.0,2024-11-25 00:00:00
20/12/2025,PN-EQ-09	,24.0,0.0,6177.6,11.8,260.0,2025-12-21 00:00:00
25/04/2024,PN-EQ-07,24.0,0.0,7732.3,305.4,350.0,2024-04-26 00:00:00
15/07/2024, PN-EQ-04,24.0,0.0,10273.3,215.6,460.0,2024-07-16 00:00:00
08/01/2024,PN-EQ-10 ,24.0,0.0,11607.9,,500.0,2024-01-09 00:00:00
09/09/2025,pn-eq-02,18.1,5.9,7705.2,,430.0,2025-09-10 00:00:00
04/01/2026,PN-EQ-05 ,23.5,0.5,6290.6,129.8,300.0,2026-01-05 00:00:00
02/04/2024,PN-EQ-03 ,24.0,0.0,8485.5,154.1,380.0,2024-04-03 00:00:00
16/09/2025,PN-EQ-01	,24.0,0.0,10923.9,181.8,520.0,2025-09-17 00:00:00
13/09/2025,PN-EQ-08	,24.0,0.0,8559.4,147.9,400.0,2025-09-14 00:00:00
30/12/2024,PN-EQ-08,24.0,0.0,9504.0,183.4,400.0,2024-12-31 00:00:00
01/07/2025,PN_EQ_03,23.1,0.9,8368.1,106.1,380.0,2025-07-02 00:00:00
27/10/2024,PN_EQ_02,24.0,0.0,8728.4,156.1,430.0,2024-10-28 00:00:00
27/12/2024,PN_EQ_04,24.0,,9903.8,194.4,460.0,2024-12-28 00:00:00
02/07/2025,PN-EQ-02 ,24.0,0.0,9522.1,222.9,430.0,2025-07-03 00:00:00
22/07/2025,PNEQ02,23.2,0.8,9284.6,121.2,430.0,2025-07-23 00:00:00
07/02/2024,PN_EQ_04,24.0,0.0,10929.6,241.1,460.0,2024-02-08 00:00:00
08/06/2024,pn-eq-08,23.0,1.0,9108.0,170.0,400.0,2024-06-09 00:00:00
08/01/2026,PN_EQ_04,24.0,0.0,9312.1,130.2,460.0,2026-01-09 00:00:00
01/04/2025,PN-EQ-05,24.0,0.0,5916.4,169.3,300.0,2025-04-02 00:00:00
25/12/2024,PNEQ07,24.0,0.0,7256.6,39.9,350.0,2024-12-26 00:00:00
14/12/2024,PN-EQ-08	,24.0,0.0,9504.0,160.5,400.0,2024-12-15 00:00:00
23/05/2025, PN-EQ-08,24.0,0.0,9504.0,182.2,400.0,2025-05-24 00:00:00
12/05/2025,PN-EQ-01	,24.0,0.0,11396.1,196.8,520.0,2025-05-13 00:00:00
25/08/2024,pn-eq-02,24.0,0.0,10216.8,130.0,430.0,2024-08-26 00:00:00
24/08/2024,PN-EQ-05,1.9,22.1,503.2,16.1,300.0,2024-08-25 00:00:00
26/02/2025,PN_EQ_04,18.8,5.2,7135.1,126.7,460.0,2025-02-27 00:00:00
01/03/2025,PN_EQ_07,24.0,0.0,7510.6,197.8,350.0,2025-03-02 00:00:00
09/01/2024,pn-eq-07,24.0,0.0,8190.7,91.3,350.0,2024-01-10 00:00:00
27/09/2024,PN-EQ-08	,20.0,4.0,6987.9,131.5,400.0,2024-09-28 00:00:00
23/01/2024,PN-EQ-03,24.0,0.0,8678.7,252.1,380.0,2024-01-24 00:00:00
17/07/2024,PN_EQ_02,24.0,0.0,9571.6,182.6,430.0,2024-07-18 00:00:00
13/09/2024,PN_EQ_01,21.1,2.9,9687.9,122.3,520.0,2024-09-14 00:00:00
14/04/2025,PN-EQ-08 ,24.0,0.0,9245.5,146.1,400.0,2025-04-15 00:00:00
19/02/2024,PN-EQ-08 ,24.0,0.0,9104.9,194.9,400.0,2024-02-20 00:00:00
17/07/2024,PNEQ06,16.5,7.5,4193.3,20.3,300.0,2024-07-18 00:00:00
29/05/2025, PN-EQ-09,24.0,0.0,5862.2,77.7,260.0,2025-05-30 00:00:00
12/03/2025,PN-EQ-09	,24.0,0.0,5284.2,164.2,260.0,2025-03-13 00:00:00
06/12/2024,PNEQ08,24.0,0.0,9224.9,207.6,400.0,2024-12-07 00:00:00
18/06/2025,PN-EQ-01	,24.0,0.0,10962.4,249.7,520.0,2025-06-19 00:00:00
01/12/2025,PN_EQ_05,24.0,,6078.9,53.9,300.0,2025-12-02 00:00:00
09/07/2025,PN-EQ-06 ,24.0,0.0,5424.2,132.5,300.0,2025-07-10 00:00:00
03/05/2025,PNEQ07,24.0,0.0,6973.3,142.9,350.0,2025-05-04 00:00:00
06/09/2024,PN-EQ-10 ,18.6,5.4,8461.3,272.4,500.0,2024-09-07 00:00:00
21/02/2025,PN-EQ-01,24.0,0.0,11477.3,250.7,520.0,2025-02-22 00:00:00
30/05/2025,PN_EQ_05,24.0,0.0,6266.9,181.3,300.0,2025-05-31 00:00:00
01/03/2024,PN_EQ_08,24.0,0.0,8562.2,150.6,400.0,2024-03-02 00:00:00
05/10/2024,PN-EQ-10	,21.6,2.4,10156.6,209.5,500.0,2024-10-06 00:00:00
24/03/2024, PN-EQ-01,10.3,13.7,5030.5,104.9,520.0,2024-03-25 00:00:00
30/04/2025,PNEQ03,23.4,,7931.3,305.1,380.0,2025-05-01 00:00:00
04/11/2024,PN-EQ-02	,5.5,18.5,2230.6,34.3,430.0,2024-11-05 00:00:00
03/08/2024,PN-EQ-05	,24.0,0.0,6353.4,130.5,300.0,2024-08-04 00:00:00
16/04/2024, PN-EQ-05,4.0,20.0,1100.7,16.2,300.0,2024-04-17 00:00:00
06/09/2024,PNEQ07,24.0,0.0,7737.1,149.5,350.0,2024-09-07 00:00:00
07/10/2024,PN_EQ_04,24.0,0.0,10017.6,175.5,460.0,2024-10-08 00:00:00
03/10/2025,PN-EQ-04	,24.0,0.0,9186.4,192.7,460.0,2025-10-04 00:00:00
22/12/2025,pn-eq-09,24.0,0.0,5683.2,58.5,260.0,2025-12-23 00:00:00
12/02/2024,PNEQ09,24.0,0.0,5857.3,41.0,260.0,2024-02-13 00:00:00
01/02/2024,pn-eq-07,24.0,0.0,7290.8,160.8,350.0,2024-02-02 00:00:00
21/04/2024,pn-eq-01,24.0,0.0,11747.9,314.4,520.0,2024-04-22 00:00:00
22/10/2024,PN-EQ-08	,24.0,0.0,8031.1,119.8,400.0,2024-10-23 00:00:00
05/10/2024,PN-EQ-08 ,24.0,0.0,8996.1,132.6,400.0,2024-10-06 00:00:00
13/10/2025,PN-EQ-10	,24.0,0.0,11331.6,263.3,500.0,2025-10-14 00:00:00
25/05/2024,pn-eq-06,24.0,0.0,5631.4,98.5,300.0,2024-05-26 00:00:00
22/05/2025,PNEQ05,22.0,2.0,6034.2,155.4,300.0,2025-05-23 00:00:00
10/10/2025,PN-EQ-05 ,24.0,0.0,6378.2,144.2,300.0,2025-10-11 00:00:00
28/08/2024,PN_EQ_05,24.0,0.0,6343.8,112.0,300.0,2024-08-29 00:00:00
02/05/2024,PNEQ07,24.0,0.0,8316.0,183.2,350.0,2024-05-03 00:00:00
27/11/2025,pn-eq-06,16.5,7.5,3966.3,112.2,300.0,2025-11-25 00:00:00
05/03/2024,pn-eq-09,24.0,0.0,5001.7,81.0,260.0,2024-03-06 00:00:00
24/07/2025,PN-EQ-03 ,24.0,,7956.6,184.8,380.0,2025-07-25 00:00:00
11/08/2024,PN-EQ-07 ,24.0,0.0,8316.0,131.8,350.0,2024-08-12 00:00:00
02/11/2024,pn-eq-10,24.0,0.0,9347.3,181.9,500.0,2024-11-03 00:00:00
10/10/2024,PN-EQ-01	,24.0,0.0,12266.5,258.2,520.0,2024-10-11 00:00:00
05/03/2025, PN-EQ-04,23.0,1.0,9753.4,77.3,460.0,2025-03-06 00:00:00
30/10/2025,PN-EQ-02	,24.0,0.0,8810.2,170.0,430.0,2025-10-31 00:00:00
30/08/2024,PN-EQ-04 ,24.0,0.0,10061.3,255.7,460.0,2024-08-31 00:00:00
13/02/2025,PN_EQ_03,12.8,11.2,4460.4,0.9,380.0,2025-02-14 00:00:00
03/09/2025, PN-EQ-05,24.0,0.0,6826.2,138.7,300.0,2025-09-04 00:00:00
18/10/2024,PN-EQ-10 ,0.0,24.0,0.0,,500.0,2024-10-19 00:00:00
13/05/2024,PNEQ01,24.0,0.0,10842.4,107.7,520.0,2024-05-14 00:00:00
13/02/2025,PN_EQ_09,24.0,0.0,5019.7,96.1,260.0,2025-02-14 00:00:00
22/07/2025,PN_EQ_01,24.0,0.0,10789.9,,520.0,2025-07-23 00:00:00
27/11/2025,PN-EQ-08 ,24.0,0.0,8653.5,143.1,400.0,2025-11-28 00:00:00
20/07/2024,PN-EQ-04,24.0,0.0,10174.6,,460.0,2024-07-21 00:00:00
02/02/2024,PN_EQ_04,24.0,0.0,10247.5,187.2,460.0,2024-02-03 00:00:00
10/05/2024,pn-eq-06,14.6,9.4,4161.7,8.5,300.0,2024-05-11 00:00:00
16/03/2024,pn-eq-06,21.7,2.3,5996.4,,300.0,2024-03-17 00:00:00
12/06/2025,PNEQ01,24.0,0.0,11057.4,250.5,520.0,2025-06-13 00:00:00
09/11/2024,PN-EQ-08	,24.0,0.0,8603.8,139.9,400.0,2024-11-10 00:00:00
18/10/2025,pn-eq-06,24.0,0.0,6407.5,130.7,300.0,2025-10-19 00:00:00
01/01/2025, PN-EQ-02,24.0,0.0,8946.7,230.5,430.0,2025-01-02 00:00:00
22/06/2025, PN-EQ-09,24.0,0.0,5314.2,52.4,260.0,2025-06-23 00:00:00
01/04/2025,PN-EQ-10 ,24.0,0.0,10160.0,164.9,500.0,2025-04-02 00:00:00
01/09/2024,PN-EQ-05,22.1,1.9,5998.0,66.5,300.0,2024-09-02 00:00:00
08/08/2024,pn-eq-01,24.0,0.0,11384.9,306.7,520.0,2024-08-09 00:00:00
08/04/2024,PN_EQ_04,24.0,0.0,10083.7,188.1,460.0,2024-04-09 00:00:00
25/01/2024,PNEQ05,24.0,0.0,7128.0,101.4,300.0,2024-01-26 00:00:00
20/09/2025,PNEQ07,24.0,0.0,7803.5,51.8,350.0,2025-09-21 00:00:00
23/10/2025,PN_EQ_08,24.0,0.0,8921.3,220.4,400.0,2025-10-24 00:00:00
02/12/2025,PNEQ02,24.0,0.0,8978.0,129.9,430.0,2025-12-03 00:00:00
03/07/2024,PNEQ09,24.0,0.0,5533.7,103.8,260.0,2024-07-04 00:00:00
23/05/2025,PN_EQ_05,24.0,0.0,6390.5,99.8,300.0,2025-05-24 00:00:00
10/11/2025,pn-eq-04,24.0,0.0,10228.4,114.3,460.0,2025-11-11 00:00:00
16/01/2024, PN-EQ-09,18.7,5.3,4265.7,124.0,260.0,2024-01-17 00:00:00
14/11/2025, PN-EQ-08,24.0,0.0,8132.1,122.7,400.0,2025-11-15 00:00:00
21/04/2025,PNEQ01,24.0,0.0,11382.3,42.2,520.0,2025-04-22 00:00:00
09/11/2024,PN-EQ-06 ,24.0,0.0,6772.0,141.5,300.0,2024-11-10 00:00:00
18/06/2025,PN-EQ-02,24.0,0.0,10031.8,254.0,430.0,2025-06-19 00:00:00
06/06/2024,PNEQ02,24.0,0.0,9714.2,241.9,430.0,2024-06-07 00:00:00
14/01/2024,PN-EQ-03,24.0,0.0,7613.6,147.5,380.0,2024-01-15 00:00:00
25/12/2024,PN-EQ-06	,24.0,0.0,6829.6,236.5,300.0,2024-12-26 00:00:00
14/04/2024, PN-EQ-08,17.3,6.7,6523.1,127.2,400.0,2024-04-15 00:00:00
20/04/2024,pn-eq-08,21.0,3.0,7737.2,100.5,400.0,2024-04-21 00:00:00
23/11/2025,PN-EQ-09 ,24.0,0.0,5804.3,140.6,260.0,2025-11-24 00:00:00
27/01/2024,PN-EQ-05,20.9,3.1,5490.3,153.3,300.0,2024-01-28 00:00:00
11/10/2024,PN_EQ_03,24.0,0.0,8968.1,206.3,380.0,2024-10-12 00:00:00
16/08/2025,pn-eq-07,21.7,2.3,6899.5,145.7,350.0,2025-08-17 00:00:00
10/02/2025, PN-EQ-07,24.0,0.0,-7468.4,101.1,350.0,2025-02-11 00:00:00
30/03/2025,PN-EQ-05,24.0,0.0,6304.8,159.3,300.0,2025-03-31 00:00:00
29/07/2025, PN-EQ-03,24.0,0.0,7820.6,145.7,380.0,2025-07-30 00:00:00
10/12/2025,PNEQ10,24.0,0.0,11880.0,238.6,500.0,2025-12-11 00:00:00
30/01/2025,PNEQ03,24.0,0.0,7746.9,220.7,380.0,2025-01-31 00:00:00
26/05/2024,PNEQ04,19.5,,7344.3,177.3,460.0,2024-05-27 00:00:00
20/07/2025,PN-EQ-01 ,24.0,0.0,12299.3,276.5,520.0,2025-07-21 00:00:00
07/09/2024,PN-EQ-08,24.0,0.0,7383.2,162.6,400.0,2024-09-08 00:00:00
16/02/2024,PN-EQ-05,23.0,1.0,6437.7,128.9,300.0,2024-02-17 00:00:00
17/08/2025,pn-eq-04,24.0,0.0,9923.0,238.5,460.0,2025-08-18 00:00:00
31/05/2024, PN-EQ-07,24.0,,7569.5,0.0,350.0,2024-06-01 00:00:00
30/11/2025, PN-EQ-06,21.7,2.3,6205.1,44.0,300.0,2025-12-01 00:00:00
14/06/2024,pn-eq-03,24.0,0.0,8157.8,143.2,380.0,2024-06-15 00:00:00
12/01/2024,PNEQ10,24.0,0.0,10602.5,248.2,500.0,2024-01-13 00:00:00
21/12/2024, PN-EQ-02,24.0,0.0,9321.7,238.1,430.0,2024-12-22 00:00:00
27/10/2024,PNEQ05,22.8,,5171.4,174.1,300.0,2024-10-25 00:00:00
12/05/2025,pn-eq-03,24.0,0.0,8151.8,145.7,380.0,2025-05-13 00:00:00
25/02/2024,pn-eq-07,21.3,2.7,5937.6,128.5,350.0,2024-02-26 00:00:00
11/04/2024,PN_EQ_03,14.4,9.6,4777.6,91.6,380.0,2024-04-12 00:00:00
20/08/2025,PN-EQ-06 ,24.0,0.0,7128.0,,300.0,2025-08-21 00:00:00
18/07/2024,PN-EQ-05 ,24.0,0.0,6932.9,169.0,300.0,2024-07-19 00:00:00
24/04/2025,PN-EQ-03	,24.0,0.0,8692.4,121.4,380.0,2025-04-25 00:00:00
13/10/2024,pn-eq-05,24.0,0.0,6858.1,157.9,300.0,2024-10-14 00:00:00
25/03/2024,PN-EQ-04 ,24.0,0.0,10929.6,5.4,460.0,2024-03-26 00:00:00
03/02/2025,PN-EQ-03	,24.0,0.0,8216.7,85.0,380.0,2025-02-04 00:00:00
13/01/2024,PN-EQ-10	,24.0,0.0,11385.8,332.4,500.0,2024-01-14 00:00:00
12/02/2024,PN-EQ-07 ,24.0,0.0,6991.7,59.4,350.0,2024-02-13 00:00:00
18/12/2024, PN-EQ-03,24.0,0.0,8087.8,221.6,380.0,2024-12-19 00:00:00
02/07/2024,PN-EQ-03 ,24.0,,8334.1,129.1,380.0,2024-07-03 00:00:00
04/06/2025,PNEQ02,24.0,0.0,9392.6,83.1,430.0,2025-06-05 00:00:00
24/11/2025,PN-EQ-05,24.0,0.0,6615.5,186.5,300.0,2025-11-25 00:00:00
11/09/2024, PN-EQ-01,24.0,0.0,11123.9,191.9,520.0,2024-09-12 00:00:00
01/09/2025,PN-EQ-03 ,24.0,0.0,9028.8,181.2,380.0,2025-09-02 00:00:00
30/01/2025,pn-eq-06,17.5,6.5,4474.0,45.6,300.0,2025-01-31 00:00:00
24/05/2025,PN-EQ-08	,20.9,3.1,7456.6,43.0,400.0,2025-05-25 00:00:00
22/08/2024,PN_EQ_02,24.0,,9194.2,166.0,430.0,2024-08-23 00:00:00
01/03/2025,PNEQ03,24.0,0.0,8090.7,218.8,380.0,2025-03-02 00:00:00
12/07/2025,PN_EQ_01,24.0,0.0,11413.9,213.0,520.0,2025-07-13 00:00:00
04/01/2024,pn-eq-10,24.0,0.0,9789.3,155.3,500.0,2024-01-05 00:00:00
17/10/2024,PN-EQ-03,24.0,0.0,8321.1,75.1,380.0,2024-10-18 00:00:00
20/05/2024,PN-EQ-02,24.0,0.0,9829.2,204.0,430.0,2024-05-21 00:00:00
13/02/2024,PNEQ04,14.2,9.8,5322.9,63.0,460.0,2024-02-14 00:00:00
19/08/2025, PN-EQ-10,17.6,6.4,8361.1,155.1,500.0,2025-08-20 00:00:00
27/07/2024,PN-EQ-05 ,4.0,20.0,960.2,3.9,300.0,2024-07-28 00:00:00
18/11/2024,PN-EQ-07,24.0,,8035.9,94.4,350.0,2024-11-19 00:00:00
18/12/2024, PN-EQ-08,24.0,0.0,9504.0,174.9,400.0,2024-12-19 00:00:00
28/06/2024,PN-EQ-07	,9.0,15.0,2815.7,53.3,350.0,2024-06-29 00:00:00
22/03/2024, PN-EQ-03,18.6,5.4,6664.6,198.5,380.0,2024-03-23 00:00:00
29/05/2024,PN-EQ-08,24.0,0.0,8670.0,196.2,400.0,2024-05-30 00:00:00
20/02/2024, PN-EQ-03,21.2,2.8,7025.0,85.3,380.0,2024-02-21 00:00:00
14/03/2024,PN_EQ_03,24.0,0.0,8842.7,173.5,380.0,2024-03-15 00:00:00
22/07/2024,PN-EQ-03 ,24.0,0.0,8078.2,99.6,380.0,2024-07-23 00:00:00
16/05/2025,pn-eq-05,24.0,0.0,6176.4,51.9,300.0,2025-05-17 00:00:00
02/12/2025,PN-EQ-01 ,24.0,0.0,11038.3,327.5,520.0,2025-12-03 00:00:00
14/04/2025,PN-EQ-03	,22.6,1.4,7390.9,127.2,380.0,2025-04-15 00:00:00
13/02/2025,PNEQ07,24.0,0.0,7964.5,190.1,350.0,2025-02-14 00:00:00
31/10/2024,PN_EQ_03,21.6,2.4,8125.9,152.4,380.0,2024-11-01 00:00:00
06/09/2025, PN-EQ-08,24.0,0.0,8541.8,87.4,400.0,2025-09-07 00:00:00
22/10/2024, PN-EQ-04,24.0,0.0,9782.0,302.8,460.0,2024-10-23 00:00:00
16/01/2025,PN-EQ-02,24.0,0.0,9715.3,252.8,430.0,2025-01-17 00:00:00
29/08/2025,PN-EQ-02	,24.0,,9339.2,172.1,430.0,2025-08-30 00:00:00
15/07/2025,PNEQ08,24.0,0.0,8038.5,82.3,400.0,2025-07-16 00:00:00
09/06/2025,PNEQ10,24.0,0.0,10621.3,175.5,500.0,2025-06-10 00:00:00
07/03/2025,pn-eq-02,24.0,0.0,9257.4,,430.0,2025-03-08 00:00:00
10/12/2024,pn-eq-09,24.0,0.0,5859.8,49.0,260.0,2024-12-11 00:00:00
15/08/2024,PN-EQ-01	,24.0,0.0,12081.2,374.3,520.0,2024-08-16 00:00:00
13/08/2025,PN_EQ_02,24.0,0.0,9645.9,210.5,430.0,2025-08-14 00:00:00
29/12/2025, PN-EQ-04,24.0,0.0,10304.9,62.7,460.0,2025-12-30 00:00:00
28/04/2025,PN-EQ-03 ,18.0,6.0,5806.9,89.9,380.0,2025-04-29 00:00:00
26/05/2025,pn-eq-06,18.2,5.8,5087.3,81.5,300.0,2025-05-27 00:00:00
25/04/2024,PN-EQ-05 ,23.5,0.5,5523.1,77.9,300.0,2024-04-25 00:00:00
17/04/2025,PN_EQ_09,24.0,0.0,4999.7,71.7,260.0,2025-04-18 00:00:00
15/09/2024, PN-EQ-06,24.0,0.0,6072.2,200.4,300.0,2024-09-16 00:00:00
22/02/2024,pn-eq-04,15.1,8.9,6414.0,190.5,460.0,2024-02-23 00:00:00
22/10/2024,PN_EQ_06,24.0,0.0,6132.2,133.5,300.0,2024-10-23 00:00:00
23/12/2025, PN-EQ-08,24.0,0.0,9063.4,276.6,400.0,2025-12-24 00:00:00
09/07/2024,PN-EQ-10,21.9,2.1,9619.2,332.4,500.0,2024-07-10 00:00:00
22/05/2025,PN_EQ_10,15.3,8.7,7426.2,215.3,500.0,2025-05-23 00:00:00
04/01/2024, PN-EQ-05,24.0,0.0,6709.8,149.6,300.0,2024-01-05 00:00:00
30/11/2024,pn-eq-05,24.0,0.0,6912.0,98.4,300.0,2024-12-01 00:00:00
14/12/2025,PN-EQ-06,15.3,8.7,3876.7,,300.0,2025-12-15 00:00:00
18/04/2024,PN-EQ-10 ,12.0,12.0,5392.5,49.8,500.0,2024-04-19 00:00:00
06/05/2024,PN-EQ-01 ,22.0,2.0,9786.5,41.9,520.0,2024-05-07 00:00:00
16/06/2025,PN-EQ-10 ,24.0,0.0,10354.1,159.2,500.0,2025-06-17 00:00:00
19/12/2025,PN_EQ_10,24.0,0.0,10285.0,375.1,500.0,2025-12-20 00:00:00
21/08/2024,pn-eq-06,24.0,0.0,6080.9,56.4,300.0,2024-08-22 00:00:00
10/12/2024,PN-EQ-10,24.0,0.0,11178.5,217.5,500.0,2024-12-11 00:00:00
14/02/2024,pn-eq-01,22.2,1.8,9942.2,245.8,520.0,2024-02-15 00:00:00
28/06/2025,PN-EQ-08	,24.0,0.0,8915.2,100.0,400.0,2025-06-29 00:00:00
22/03/2025,PN-EQ-05	,24.0,0.0,6492.8,135.3,300.0,2025-03-23 00:00:00
11/11/2025,PNEQ05,24.0,0.0,6792.4,,300.0,2025-11-12 00:00:00
17/06/2024,pn-eq-01,24.0,0.0,11191.0,123.6,520.0,2024-06-18 00:00:00
30/03/2025,PNEQ08,24.0,0.0,8678.0,265.8,400.0,2025-03-31 00:00:00
28/01/2024,PNEQ09,24.0,0.0,4923.7,77.2,260.0,2024-01-27 00:00:00
24/02/2024,PN-EQ-06,24.0,0.0,7020.2,84.0,300.0,2024-02-25 00:00:00
21/07/2024,PN_EQ_01,24.0,0.0,11440.6,228.0,520.0,2024-07-22 00:00:00
25/08/2024,PN-EQ-09	,24.0,0.0,5338.2,129.7,260.0,2024-08-26 00:00:00
10/05/2024,PNEQ10,24.0,0.0,10738.6,325.3,500.0,2024-05-11 00:00:00
30/05/2024,pn-eq-04,24.0,0.0,9493.5,256.3,460.0,2024-05-31 00:00:00
01/08/2025,PN-EQ-09 ,24.0,0.0,5709.3,30.5,260.0,2025-08-02 00:00:00
09/07/2025,PN-EQ-08 ,13.7,10.3,4738.1,68.2,400.0,2025-07-10 00:00:00
07/05/2025,PN_EQ_10,8.7,15.3,4047.5,128.8,500.0,2025-05-08 00:00:00
29/03/2024,PNEQ04,24.0,0.0,10404.6,174.1,460.0,2024-03-30 00:00:00
09/05/2025,PN-EQ-05 ,24.0,0.0,6591.6,204.0,300.0,2025-05-10 00:00:00
08/08/2024, PN-EQ-09,24.0,0.0,5443.7,92.0,260.0,2024-08-09 00:00:00
04/03/2024,PN-EQ-02	,24.0,0.0,9398.1,203.7,430.0,2024-03-05 00:00:00
11/11/2024, PN-EQ-10,24.0,0.0,10637.2,269.4,500.0,2024-11-12 00:00:00
09/12/2024,PN_EQ_03,24.0,0.0,7444.8,149.5,380.0,2024-12-10 00:00:00
02/06/2024,PN-EQ-07 ,24.0,0.0,7447.1,234.8,350.0,2024-06-03 00:00:00
05/01/2025,PN-EQ-08	,21.2,2.8,7837.9,96.7,400.0,2025-01-06 00:00:00
06/08/2024,pn-eq-09,24.0,0.0,5334.0,97.6,260.0,2024-08-07 00:00:00
29/12/2025,PNEQ02,15.9,8.1,6583.9,129.0,430.0,2025-12-30 00:00:00
10/09/2025,PN-EQ-09,24.0,0.0,5319.2,69.4,260.0,2025-09-11 00:00:00
16/08/2024,pn-eq-08,24.0,0.0,8418.1,173.4,400.0,2024-08-17 00:00:00
26/04/2024,pn-eq-02,20.0,4.0,8309.6,185.9,430.0,2024-04-27 00:00:00
11/04/2024,pn-eq-08,24.0,0.0,8862.9,180.9,400.0,2024-04-12 00:00:00
20/04/2025, PN-EQ-02,24.0,0.0,9800.2,241.4,430.0,2025-04-21 00:00:00
25/03/2025,PN-EQ-09	,24.0,0.0,4474.6,121.2,260.0,2025-03-25 00:00:00
30/12/2024,PN-EQ-09 ,21.7,2.3,4906.6,106.1,260.0,2024-12-31 00:00:00
08/03/2024,PN-EQ-09	,24.0,0.0,5914.7,137.3,260.0,2024-03-09 00:00:00
13/01/2024,pn-eq-07,24.0,0.0,8305.5,5.2,350.0,2024-01-14 00:00:00
11/11/2025,PNEQ02,24.0,0.0,9684.0,69.4,430.0,2025-11-12 00:00:00
15/04/2025,pn-eq-08,24.0,0.0,9132.1,187.7,400.0,2025-04-16 00:00:00
01/06/2024,PNEQ09,23.5,0.5,4978.7,136.5,260.0,2024-06-02 00:00:00
12/04/2025, PN-EQ-05,24.0,0.0,7067.1,157.5,300.0,2025-04-13 00:00:00
27/04/2025,PN_EQ_05,24.0,0.0,6473.9,139.0,300.0,2025-04-28 00:00:00
09/04/2025,pn-eq-10,4.0,20.0,1910.8,59.9,500.0,2025-04-10 00:00:00
17/11/2024,PN-EQ-09	,24.0,0.0,6022.1,204.1,260.0,2024-11-18 00:00:00
30/06/2024,PN-EQ-08	,24.0,0.0,7653.7,200.0,400.0,2024-06-28 00:00:00
03/08/2024,PN-EQ-02 ,4.0,20.0,1425.6,15.0,430.0,2024-08-04 00:00:00
20/02/2025,PN-EQ-05 ,11.9,12.1,3534.3,48.7,300.0,2025-02-21 00:00:00
12/12/2024,PN_EQ_07,24.0,0.0,7697.0,99.7,350.0,2024-12-13 00:00:00
16/03/2024,PN-EQ-09,24.0,0.0,5549.6,156.1,260.0,2024-03-17 00:00:00
24/01/2025,pn-eq-05,24.0,0.0,6039.8,63.9,300.0,2025-01-25 00:00:00
09/11/2025, PN-EQ-10,6.5,17.5,2613.2,64.0,500.0,2025-11-10 00:00:00
24/03/2025,PN-EQ-03,15.4,8.6,5228.2,72.4,380.0,2025-03-25 00:00:00
27/01/2024,PN_EQ_02,24.0,0.0,9541.1,225.2,430.0,2024-01-28 00:00:00
18/10/2025,PN-EQ-03	,24.0,0.0,8278.6,222.4,380.0,2025-10-19 00:00:00
08/07/2024,PN-EQ-03,24.0,0.0,9028.8,107.8,380.0,2024-07-09 00:00:00
09/07/2024,PN_EQ_07,24.0,0.0,7790.3,144.2,350.0,2024-07-10 00:00:00
11/05/2024,PN_EQ_08,24.0,0.0,9041.3,200.7,400.0,2024-05-12 00:00:00
30/03/2025,PNEQ07,24.0,0.0,8031.3,232.9,350.0,2025-03-31 00:00:00
08/01/2024,pn-eq-01,24.0,0.0,12177.4,184.8,520.0,2024-01-09 00:00:00
18/10/2025,PN_EQ_07,22.9,1.1,7518.0,176.1,350.0,2025-10-19 00:00:00
09/10/2025,PN-EQ-03,24.0,0.0,8060.5,252.2,380.0,2025-10-10 00:00:00
23/07/2025,PNEQ07,24.0,0.0,7574.6,140.9,350.0,2025-07-24 00:00:00
12/09/2025,PN_EQ_02,16.4,7.6,6441.9,142.9,430.0,2025-09-13 00:00:00
28/01/2025,PN-EQ-01,24.0,0.0,10510.8,195.3,520.0,2025-01-29 00:00:00
03/03/2024, PN-EQ-04,24.0,0.0,10842.9,305.6,460.0,2024-03-04 00:00:00
16/06/2025,PN-EQ-04 ,0.0,24.0,0.0,0.0,460.0,2025-06-17 00:00:00
13/01/2024,PNEQ01,24.0,0.0,11902.1,356.7,520.0,2024-01-14 00:00:00
05/03/2024,PNEQ10,24.0,0.0,11880.0,256.2,500.0,2024-03-06 00:00:00
20/11/2025,PN_EQ_04,24.0,0.0,9097.3,121.7,460.0,2025-11-21 00:00:00
16/12/2025,PNEQ07,24.0,0.0,7356.4,182.2,350.0,2025-12-17 00:00:00
29/10/2025,PN-EQ-05	,9.7,14.3,2565.1,12.9,300.0,2025-10-30 00:00:00
01/11/2024,PN_EQ_10,24.0,0.0,11434.7,336.2,500.0,2024-11-02 00:00:00
04/06/2025, PN-EQ-10,24.0,0.0,11242.8,95.8,500.0,2025-06-05 00:00:00
22/09/2024, PN-EQ-02,24.0,0.0,7961.0,152.8,430.0,2024-09-21 00:00:00
09/01/2026,PNEQ10,24.0,0.0,9930.0,237.9,500.0,2026-01-10 00:00:00
26/01/2024,pn-eq-10,24.0,,10949.3,169.8,500.0,2024-01-27 00:00:00
05/03/2024,PN-EQ-04 ,15.9,8.1,7240.9,0.0,460.0,2024-03-06 00:00:00
26/07/2024,pn-eq-04,24.0,0.0,9478.4,139.9,460.0,2024-07-27 00:00:00
07/10/2025, PN-EQ-08,24.0,0.0,8111.8,236.8,400.0,2025-10-08 00:00:00
08/09/2024, PN-EQ-05,24.0,,6436.7,124.2,300.0,2024-09-09 00:00:00
29/08/2025,PN-EQ-09,24.0,0.0,5436.2,77.6,260.0,2025-08-30 00:00:00
20/09/2024,pn-eq-08,24.0,0.0,8083.8,109.6,400.0,2024-09-21 00:00:00
26/11/2025,PN-EQ-10,24.0,0.0,10780.3,183.2,500.0,2025-11-27 00:00:00
28/08/2025,PN-EQ-09,24.0,0.0,5307.2,130.2,260.0,2025-08-29 00:00:00
19/04/2024,PN_EQ_05,11.1,12.9,3296.7,72.0,300.0,2024-04-20 00:00:00
13/05/2025, PN-EQ-06,24.0,0.0,6905.4,90.5,300.0,2025-05-14 00:00:00
10/09/2025,PNEQ04,24.0,0.0,9483.9,337.1,460.0,2025-09-11 00:00:00
01/03/2025,PN_EQ_10,24.0,0.0,10899.6,11.9,500.0,2025-03-02 00:00:00
05/10/2024,PN-EQ-09	,24.0,0.0,5918.3,204.1,260.0,2024-10-06 00:00:00
17/12/2024,PN_EQ_07,24.0,0.0,7727.6,176.9,350.0,2024-12-18 00:00:00
24/04/2024, PN-EQ-06,24.0,0.0,6986.7,138.1,300.0,2024-04-25 00:00:00
17/02/2025, PN-EQ-10,2.1,21.9,987.2,18.7,500.0,2025-02-18 00:00:00
03/03/2024,pn-eq-07,24.0,0.0,6966.2,103.7,350.0,2024-03-04 00:00:00
17/02/2025,PN-EQ-06	,24.0,0.0,6119.1,,300.0,2025-02-18 00:00:00
28/02/2025,PNEQ05,24.0,0.0,6356.1,146.6,300.0,2025-03-01 00:00:00
26/06/2025,pn-eq-07,24.0,0.0,7404.6,185.2,350.0,2025-06-27 00:00:00
24/08/2025,PN-EQ-01 ,24.0,0.0,11574.2,201.7,520.0,2025-08-25 00:00:00
05/07/2025,PN-EQ-07	,24.0,0.0,7843.1,152.2,350.0,2025-07-06 00:00:00
11/07/2024,PN-EQ-06,24.0,,6699.1,73.6,300.0,2024-07-12 00:00:00
16/12/2024,PN_EQ_03,24.0,0.0,8472.0,316.0,380.0,2024-12-17 00:00:00
09/10/2025,PN-EQ-01	,22.7,1.3,10655.7,325.1,520.0,2025-10-10 00:00:00
22/09/2025,PNEQ06,24.0,0.0,6869.0,61.0,300.0,2025-09-23 00:00:00
26/05/2024,PN-EQ-05,22.7,1.3,6477.5,0.0,300.0,2024-05-27 00:00:00
14/12/2025, PN-EQ-08,24.0,0.0,7951.1,22.8,400.0,2025-12-15 00:00:00
12/02/2024,PNEQ10,24.0,0.0,10442.7,300.9,500.0,2024-02-13 00:00:00
06/05/2025,PN-EQ-02 ,17.1,6.9,6439.6,133.8,430.0,2025-05-07 00:00:00
17/04/2025, PN-EQ-02,17.8,6.2,7262.4,154.1,430.0,2025-04-18 00:00:00
18/07/2025,PN-EQ-06,24.0,,6520.2,81.1,300.0,2025-07-19 00:00:00
25/12/2024,PN-EQ-09	,24.0,0.0,5427.7,59.7,260.0,2024-12-26 00:00:00
28/07/2025,PNEQ07,24.0,0.0,7845.6,218.5,350.0,2025-07-29 00:00:00
27/01/2025,pn-eq-09,24.0,0.0,5566.3,99.1,260.0,2025-01-28 00:00:00
08/09/2025,PN-EQ-07	,24.0,0.0,8225.2,98.7,350.0,2025-09-09 00:00:00
26/05/2025,PN-EQ-02	,15.0,9.0,5818.5,100.7,430.0,2025-05-27 00:00:00
25/07/2025,PN-EQ-10 ,24.0,0.0,11146.7,250.1,500.0,2025-07-26 00:00:00
08/07/2024, PN-EQ-01,16.0,8.0,7284.0,201.5,520.0,2024-07-09 00:00:00
19/11/2025,PN-EQ-01 ,24.0,0.0,12170.5,506.3,520.0,2025-11-20 00:00:00
14/11/2025, PN-EQ-09,24.0,0.0,5294.3,80.7,260.0,2025-11-15 00:00:00
01/03/2024,PN-EQ-09 ,24.0,0.0,4979.5,83.9,260.0,2024-03-02 00:00:00
04/10/2025,PNEQ10,24.0,0.0,10997.0,220.0,500.0,2025-10-05 00:00:00
19/08/2025, PN-EQ-02,24.0,0.0,9181.6,63.7,430.0,2025-08-20 00:00:00
19/01/2024,pn-eq-02,24.0,0.0,8401.6,216.9,430.0,2024-01-20 00:00:00
22/01/2025,PN-EQ-08	,19.5,4.5,7112.2,160.2,400.0,2025-01-23 00:00:00
01/12/2025,PN-EQ-08	,24.0,0.0,8901.3,79.2,400.0,2025-12-02 00:00:00
02/01/2026,PN-EQ-09	,24.0,0.0,5098.5,104.8,260.0,2026-01-03 00:00:00
11/12/2025,PN_EQ_09,19.3,4.7,4303.9,76.4,260.0,2025-12-12 00:00:00
10/10/2024,PN-EQ-06	,24.0,0.0,6027.5,65.6,300.0,2024-10-11 00:00:00
13/11/2025,PN-EQ-06,24.0,0.0,6189.9,170.4,300.0,2025-11-14 00:00:00
24/08/2024, PN-EQ-09,24.0,0.0,5755.4,112.9,260.0,2024-08-25 00:00:00
10/01/2025,PN-EQ-02 ,24.0,0.0,9152.9,63.8,430.0,2025-01-11 00:00:00
21/06/2024,PNEQ06,22.2,1.8,5648.8,158.7,300.0,2024-06-22 00:00:00
10/12/2025, PN-EQ-07,24.0,0.0,7329.0,86.5,350.0,2025-12-11 00:00:00
05/10/2025,PN-EQ-07 ,24.0,0.0,7744.7,188.4,350.0,2025-10-06 00:00:00
01/01/2026,PNEQ07,23.0,1.0,6866.2,103.3,350.0,2026-01-02 00:00:00
07/01/2025,PN-EQ-09,24.0,0.0,6087.7,103.7,260.0,2025-01-08 00:00:00
18/02/2024,PN-EQ-06,24.0,,7052.1,62.2,300.0,2024-02-19 00:00:00
01/05/2025,pn-eq-03,21.3,2.7,6937.4,153.4,380.0,2025-05-02 00:00:00
04/06/2024,PN-EQ-06 ,24.0,0.0,6130.3,104.9,300.0,2024-06-05 00:00:00
05/05/2024,PNEQ07,24.0,0.0,7824.1,,350.0,2024-05-06 00:00:00
23/09/2025,pn-eq-02,22.9,1.1,8092.7,46.0,430.0,2025-09-24 00:00:00
11/11/2024, PN-EQ-06,23.5,0.5,6188.5,107.7,300.0,2024-11-12 00:00:00
22/11/2025,PNEQ03,24.0,0.0,8252.0,191.6,380.0,2025-11-23 00:00:00
04/09/2024,pn-eq-08,24.0,0.0,8756.8,225.9,400.0,2024-09-05 00:00:00
22/01/2024,pn-eq-02,24.0,0.0,9198.3,225.8,430.0,2024-01-23 00:00:00
21/07/2024,pn-eq-02,15.6,8.4,5549.5,96.7,430.0,2024-07-22 00:00:00
18/09/2025,PN-EQ-01	,24.0,0.0,12278.4,249.2,520.0,2025-09-19 00:00:00
05/04/2025,pn-eq-01,24.0,0.0,10814.7,352.3,520.0,2025-04-06 00:00:00
22/09/2024,pn-eq-04,24.0,0.0,9403.4,173.7,460.0,2024-09-23 00:00:00
13/02/2025,PNEQ10,16.7,7.3,6384.3,161.4,500.0,2025-02-12 00:00:00
06/11/2024, PN-EQ-06,20.6,3.4,5351.3,154.1,300.0,2024-11-07 00:00:00
25/11/2025,PN-EQ-10,20.0,4.0,8457.8,242.0,500.0,2025-11-26 00:00:00
07/06/2024,PN-EQ-06	,24.0,,5816.7,162.7,300.0,2024-06-08 00:00:00
06/12/2025,pn-eq-10,4.0,,1584.8,19.7,500.0,2025-12-07 00:00:00
21/06/2025,PN-EQ-10	,23.5,0.5,9999.3,99.4,500.0,2025-06-22 00:00:00
23/09/2024,PN-EQ-09	,24.0,0.0,4953.3,64.5,260.0,2024-09-24 00:00:00
12/01/2025,pn-eq-06,24.0,0.0,6456.9,143.0,300.0,2025-01-13 00:00:00
09/02/2025,PNEQ07,24.0,0.0,7030.1,235.6,350.0,2025-02-10 00:00:00
18/03/2025, PN-EQ-09,24.0,0.0,6092.4,146.2,260.0,2025-03-19 00:00:00
01/08/2024,pn-eq-04,24.0,0.0,9234.6,170.7,460.0,2024-08-02 00:00:00
31/05/2025,PN_EQ_01,19.3,4.7,8644.1,133.1,520.0,2025-06-01 00:00:00
24/12/2025,PN-EQ-09	,22.0,2.0,4670.1,107.9,260.0,2025-12-25 00:00:00
21/10/2024,PN-EQ-01,24.0,0.0,11456.3,256.9,520.0,2024-10-22 00:00:00
27/06/2025,pn-eq-01,24.0,0.0,10613.3,309.6,520.0,2025-06-28 00:00:00
21/11/2024,PN-EQ-07	,24.0,0.0,7383.7,83.1,350.0,2024-11-22 00:00:00
01/09/2025,PN_EQ_02,24.0,0.0,8857.3,113.9,430.0,2025-09-02 00:00:00
15/11/2024,PN_EQ_07,24.0,0.0,6123.8,26.5,350.0,2024-11-15 00:00:00
20/02/2024,PNEQ09,17.3,6.7,4292.4,85.5,260.0,2024-02-21 00:00:00
19/08/2024,PN_EQ_08,24.0,0.0,7222.8,152.7,400.0,2024-08-20 00:00:00
28/03/2025, PN-EQ-02,24.0,0.0,9182.1,251.5,430.0,2025-03-29 00:00:00
22/06/2025,PNEQ10,11.8,12.2,5443.4,110.7,500.0,2025-06-23 00:00:00
20/07/2025,pn-eq-04,0.0,24.0,0.0,0.0,460.0,2025-07-21 00:00:00
19/01/2025,PN_EQ_04,24.0,0.0,10073.2,245.0,460.0,2025-01-20 00:00:00
04/02/2024,PNEQ05,24.0,0.0,6770.1,21.3,300.0,2024-02-05 00:00:00
19/09/2025,PN-EQ-04 ,24.0,0.0,9396.2,189.3,460.0,2025-09-20 00:00:00
31/10/2024,PN_EQ_09,24.0,0.0,5553.3,94.9,260.0,2024-11-01 00:00:00
19/11/2024,pn-eq-01,24.0,0.0,12049.2,221.6,520.0,2024-11-20 00:00:00
09/12/2024, PN-EQ-07,24.0,0.0,7047.5,153.0,350.0,2024-12-10 00:00:00
06/08/2024,PN-EQ-02,24.0,0.0,10216.8,36.4,430.0,2024-08-07 00:00:00
05/06/2025,pn-eq-10,24.0,0.0,10754.9,283.6,500.0,2025-06-06 00:00:00
25/10/2025,pn-eq-04,18.7,5.3,7641.9,108.6,460.0,2025-10-26 00:00:00
23/03/2024,PNEQ04,21.4,2.6,8207.4,120.6,460.0,2024-03-24 00:00:00
09/02/2025,PN-EQ-01	,24.0,0.0,10448.2,216.9,520.0,2025-02-10 00:00:00
02/04/2024,PN-EQ-08,24.0,0.0,8943.5,244.2,400.0,2024-04-03 00:00:00
05/09/2024,PN_EQ_07,24.0,0.0,7561.7,144.1,350.0,2024-09-06 00:00:00
02/07/2024,PN_EQ_09,24.0,0.0,5928.8,138.4,260.0,2024-07-03 00:00:00
12/06/2025, PN-EQ-04,4.0,20.0,1648.8,10.6,460.0,2025-06-13 00:00:00
02/01/2024,PNEQ10,18.3,5.7,8268.2,44.3,500.0,2024-01-03 00:00:00
20/08/2024, PN-EQ-10,4.0,20.0,1672.3,29.0,500.0,2024-08-21 00:00:00
21/03/2025,PN-EQ-02,24.0,0.0,9562.9,324.3,430.0,2025-03-22 00:00:00
28/04/2025,pn-eq-09,24.0,0.0,5784.8,91.6,260.0,2025-04-29 00:00:00
18/01/2025, PN-EQ-10,24.0,0.0,11452.2,130.7,500.0,2025-01-19 00:00:00
16/05/2025,PN-EQ-09	,24.0,0.0,5473.7,140.7,260.0,2025-05-17 00:00:00
15/10/2024,pn-eq-01,24.0,0.0,11334.2,103.3,520.0,2024-10-16 00:00:00
08/02/2025,PN-EQ-01,24.0,0.0,10556.2,71.0,520.0,2025-02-09 00:00:00
08/03/2025,PN_EQ_07,24.0,0.0,7785.4,195.8,350.0,2025-03-09 00:00:00
23/03/2024,PNEQ10,24.0,0.0,10222.1,354.0,500.0,2024-03-24 00:00:00
12/03/2025,PNEQ06,24.0,0.0,6289.0,149.0,300.0,2025-03-13 00:00:00
06/01/2024, PN-EQ-07,24.0,0.0,7382.6,184.0,350.0,2024-01-07 00:00:00
23/04/2024,PN-EQ-02,24.0,0.0,9488.5,144.9,430.0,2024-04-24 00:00:00
22/02/2024,PNEQ02,24.0,0.0,9493.5,283.5,430.0,2024-02-23 00:00:00
24/06/2024,PN_EQ_08,24.0,0.0,8970.5,221.9,400.0,2024-06-25 00:00:00
15/10/2024,PNEQ04,22.7,1.3,9116.3,200.3,460.0,2024-10-16 00:00:00
02/10/2024,pn-eq-06,24.0,0.0,6660.3,55.9,300.0,2024-10-03 00:00:00
03/03/2024, PN-EQ-08,24.0,0.0,8336.2,193.6,400.0,2024-03-04 00:00:00
08/01/2025,pn-eq-09,24.0,0.0,5315.0,48.1,260.0,2025-01-09 00:00:00
29/01/2024,PNEQ03,24.0,0.0,7747.5,190.0,380.0,2024-01-30 00:00:00
28/10/2025,PN_EQ_02,24.0,0.0,8998.0,230.1,430.0,2025-10-29 00:00:00
16/06/2024,PN_EQ_10,24.0,0.0,9869.5,153.5,500.0,2024-06-17 00:00:00
11/10/2024,PN_EQ_10,24.0,0.0,11489.4,201.9,500.0,2024-10-12 00:00:00
26/02/2024,pn-eq-01,24.0,0.0,11340.0,208.3,520.0,2024-02-27 00:00:00
28/07/2025, PN-EQ-03,16.7,7.3,5926.6,90.9,380.0,2025-07-29 00:00:00
05/10/2024,PN_EQ_01,24.0,0.0,11552.1,344.3,520.0,2024-10-06 00:00:00
03/11/2025,pn-eq-01,24.0,0.0,11785.7,187.9,520.0,2025-11-04 00:00:00
03/10/2024,pn-eq-03,24.0,0.0,8246.3,137.5,380.0,2024-10-04 00:00:00
18/12/2025, PN-EQ-04,24.0,0.0,9537.6,251.8,460.0,2025-12-19 00:00:00
02/11/2024,PNEQ06,24.0,0.0,6419.4,132.8,300.0,2024-11-03 00:00:00
19/10/2025,PN-EQ-04	,24.0,0.0,9507.1,169.8,460.0,2025-10-20 00:00:00
02/01/2025,PN-EQ-01,24.0,0.0,10792.8,215.3,520.0,2025-01-03 00:00:00
26/01/2024,PN-EQ-03	,24.0,0.0,7502.2,148.1,380.0,2024-01-27 00:00:00
06/12/2025,PNEQ03,24.0,0.0,8279.0,128.6,380.0,2025-12-07 00:00:00
20/08/2024,PNEQ08,24.0,0.0,8828.0,220.4,400.0,2024-08-21 00:00:00
31/05/2025,PNEQ03,21.6,2.4,7825.5,126.9,380.0,2025-06-01 00:00:00
02/05/2024,PNEQ08,24.0,0.0,8003.3,103.7,400.0,2024-05-03 00:00:00
23/10/2025,PN_EQ_10,24.0,0.0,11029.7,315.9,500.0,2025-10-24 00:00:00
23/12/2025,PN-EQ-10 ,24.0,,10944.3,0.0,500.0,2025-12-24 00:00:00
03/01/2024, PN-EQ-06,23.2,,5948.4,67.0,300.0,2024-01-04 00:00:00
28/03/2024,PNEQ03,24.0,0.0,8759.5,146.5,380.0,2024-03-29 00:00:00
10/11/2025,pn-eq-06,23.5,0.5,6129.4,155.1,300.0,2025-11-11 00:00:00
16/11/2025,PN_EQ_01,4.0,20.0,2007.0,30.6,5200.0,2025-11-17 00:00:00
28/01/2024,PN-EQ-01 ,24.0,0.0,11261.3,188.7,520.0,2024-01-29 00:00:00
13/03/2024,PN_EQ_03,24.0,0.0,8695.5,197.8,380.0,2024-03-14 00:00:00
08/08/2025, PN-EQ-02,24.0,0.0,8287.2,222.3,430.0,2025-08-09 00:00:00
19/03/2024,PN-EQ-03 ,22.4,1.6,7664.4,144.0,380.0,2024-03-20 00:00:00
21/02/2025,PN-EQ-10	,18.3,5.7,8366.8,155.2,500.0,2025-02-22 00:00:00
09/04/2024, PN-EQ-07,24.0,0.0,6644.3,173.7,350.0,2024-04-10 00:00:00
22/08/2024,PN-EQ-01,10.8,13.2,4944.2,119.6,520.0,2024-08-23 00:00:00
18/02/2024,PN_EQ_07,24.0,0.0,8282.2,151.4,350.0,2024-02-19 00:00:00
20/07/2024,PNEQ03,18.0,6.0,5538.1,83.2,380.0,2024-07-18 00:00:00
11/06/2025,PN-EQ-02 ,24.0,0.0,9474.3,168.5,430.0,2025-06-12 00:00:00
08/04/2025,PNEQ08,24.0,0.0,8983.8,146.3,400.0,2025-04-09 00:00:00
03/04/2024, PN-EQ-09,15.6,8.4,3487.2,27.5,260.0,2024-04-04 00:00:00
22/12/2025,PN-EQ-04	,24.0,0.0,10005.3,223.0,460.0,2025-12-23 00:00:00
01/07/2025,pn-eq-07,24.0,0.0,7281.3,,350.0,2025-07-02 00:00:00
29/12/2025,PN-EQ-07 ,24.0,0.0,6871.2,113.1,350.0,2025-12-30 00:00:00
12/01/2024,PN-EQ-02 ,24.0,0.0,10022.9,160.1,430.0,2024-01-13 00:00:00
18/12/2025,PN-EQ-06,24.0,0.0,6046.2,70.6,300.0,2025-12-19 00:00:00
07/06/2025,PN-EQ-01,24.0,0.0,10079.5,95.5,520.0,2025-06-08 00:00:00
21/10/2024,PN-EQ-02 ,24.0,0.0,8821.3,204.6,430.0,2024-10-22 00:00:00
24/07/2024, PN-EQ-09,18.9,5.1,4703.2,57.8,260.0,2024-07-25 00:00:00
07/05/2024,PNEQ08,24.0,0.0,7879.6,256.5,400.0,2024-05-08 00:00:00
31/12/2024,pn-eq-02,24.0,0.0,8479.0,27.5,430.0,2024-12-31 00:00:00
20/07/2025, PN-EQ-05,21.6,2.4,5632.8,128.7,300.0,2025-07-21 00:00:00
11/02/2024,PN-EQ-06	,24.0,0.0,6257.2,151.2,300.0,2024-02-12 00:00:00
27/12/2024,PNEQ09,24.0,0.0,5865.1,153.1,260.0,2024-12-28 00:00:00
25/06/2025,PN-EQ-01 ,24.0,0.0,11101.5,169.6,520.0,2025-06-26 00:00:00
15/03/2025,PNEQ03,24.0,0.0,7943.7,225.0,380.0,2025-03-16 00:00:00
10/03/2024, PN-EQ-08,24.0,0.0,9267.9,250.9,400.0,2024-03-11 00:00:00
21/11/2024,PN-EQ-01	,24.0,0.0,11159.8,288.7,520.0,2024-11-22 00:00:00
07/11/2024,PN-EQ-01 ,24.0,0.0,10884.2,,520.0,2024-11-08 00:00:00
02/12/2024,pn-eq-04,24.0,0.0,10457.0,305.3,460.0,2024-12-03 00:00:00
19/07/2025, PN-EQ-10,24.0,0.0,10612.1,117.9,500.0,2025-07-20 00:00:00
17/10/2024,pn-eq-10,22.6,1.4,9321.8,290.7,500.0,2024-10-18 00:00:00
28/04/2024,pn-eq-06,24.0,0.0,6534.5,137.0,300.0,2024-04-29 00:00:00
13/01/2025, PN-EQ-02,24.0,0.0,9424.0,238.1,430.0,2025-01-14 00:00:00
31/05/2025,PN-EQ-07	,24.0,0.0,7295.7,98.7,350.0,2025-06-01 00:00:00
30/03/2024, PN-EQ-08,24.0,0.0,8654.4,116.4,400.0,2024-03-31 00:00:00
06/08/2025,pn-eq-07,24.0,0.0,7177.0,149.2,350.0,2025-08-05 00:00:00
17/03/2025,PN-EQ-05,22.7,1.3,6627.2,138.9,300.0,2025-03-18 00:00:00
29/11/2024,pn-eq-06,24.0,0.0,5475.3,247.9,300.0,2024-11-28 00:00:00
24/12/2025,PN-EQ-06,24.0,0.0,6659.1,144.2,300.0,2025-12-25 00:00:00
13/03/2025,PN-EQ-05,4.0,20.0,1132.2,34.7,300.0,2025-03-14 00:00:00
13/04/2024,PN-EQ-05 ,24.0,0.0,5552.1,69.3,300.0,2024-04-14 00:00:00
23/07/2025,PN_EQ_08,19.3,4.7,7035.9,65.1,400.0,2025-07-24 00:00:00
02/03/2025, PN-EQ-04,24.0,0.0,9434.4,142.5,460.0,2025-03-03 00:00:00
02/09/2024,PN-EQ-03,24.0,0.0,8132.6,160.1,380.0,2024-09-03 00:00:00
26/12/2025,PNEQ08,24.0,0.0,8988.6,232.6,400.0,2025-12-27 00:00:00
13/09/2024,PN-EQ-04	,24.0,0.0,9288.4,147.9,460.0,2024-09-14 00:00:00
07/09/2025,PN-EQ-09	,24.0,0.0,5687.2,154.0,260.0,2025-09-08 00:00:00
13/09/2025,PN-EQ-05,24.0,0.0,5632.7,61.9,300.0,2025-09-14 00:00:00
13/12/2025,PN_EQ_09,19.4,4.6,4568.5,74.0,260.0,2025-12-14 00:00:00
26/05/2025,PN-EQ-04 ,22.1,1.9,10064.3,10.5,460.0,2025-05-27 00:00:00
02/03/2025,PN-EQ-06 ,18.1,5.9,4806.1,72.0,300.0,2025-03-03 00:00:00
16/12/2024,PN-EQ-06	,24.0,0.0,6728.6,87.0,300.0,2024-12-17 00:00:00
25/01/2024,PN_EQ_09,24.0,0.0,5824.3,95.0,260.0,2024-01-26 00:00:00
01/08/2024,PN-EQ-10,15.4,8.6,7623.0,104.8,500.0,2024-08-02 00:00:00
11/11/2024,PN_EQ_01,24.0,0.0,11034.9,373.0,5200.0,2024-11-12 00:00:00
01/12/2025,PN-EQ-09	,24.0,0.0,5537.9,83.8,260.0,2025-11-30 00:00:00
20/07/2025, PN-EQ-07,21.2,2.8,6679.2,248.9,350.0,2025-07-21 00:00:00
16/05/2025, PN-EQ-06,24.0,,6294.2,114.2,300.0,2025-05-17 00:00:00
30/01/2025,pn-eq-04,24.0,0.0,9510.7,254.7,460.0,2025-01-31 00:00:00
12/12/2025,PN-EQ-01,24.0,0.0,12355.2,291.1,520.0,2025-12-13 00:00:00
31/01/2025,pn-eq-10,24.0,0.0,10198.3,124.8,500.0,2025-02-01 00:00:00
25/06/2025,PN-EQ-03,24.0,0.0,8077.0,199.5,380.0,2025-06-26 00:00:00
16/01/2024,PNEQ03,24.0,0.0,8365.4,85.1,380.0,2024-01-17 00:00:00
30/10/2024,PN_EQ_07,24.0,0.0,7498.9,84.8,350.0,2024-10-31 00:00:00
07/08/2024,PN-EQ-04,24.0,0.0,9020.2,223.6,460.0,2024-08-08 00:00:00
23/02/2024,PN-EQ-06	,23.5,0.5,5961.3,161.4,300.0,2024-02-24 00:00:00
05/07/2024,pn-eq-04,17.8,6.2,7544.3,125.7,460.0,2024-07-06 00:00:00
08/09/2024,PN_EQ_01,24.0,0.0,10908.5,186.6,520.0,2024-09-09 00:00:00
24/05/2024, PN-EQ-01,12.7,11.3,5846.5,102.5,520.0,2024-05-25 00:00:00
19/09/2025, PN-EQ-02,24.0,0.0,9253.6,58.1,430.0,2025-09-20 00:00:00
06/09/2024,PN-EQ-10 ,18.6,5.4,7775.0,272.4,500.0,2024-09-06 00:00:00
10/06/2024,PN-EQ-06,24.0,0.0,6763.7,117.8,300.0,2024-06-11 00:00:00
26/11/2025,PN-EQ-08 ,24.0,0.0,8175.3,229.9,400.0,2025-11-27 00:00:00
29/02/2024,PN-EQ-04,24.0,0.0,10184.9,209.7,460.0,2024-03-01 00:00:00
04/06/2024,pn-eq-04,24.0,0.0,9324.2,87.1,460.0,2024-06-05 00:00:00
03/02/2024,PN-EQ-01 ,24.0,0.0,11326.5,,520.0,2024-02-04 00:00:00
20/07/2024,PN-EQ-06	,24.0,0.0,6631.5,131.0,300.0,2024-07-21 00:00:00
21/10/2025,PN-EQ-06,17.3,6.7,4700.0,67.1,300.0,2025-10-22 00:00:00
27/03/2025,PN-EQ-07 ,23.5,0.5,8142.8,117.0,350.0,2025-03-28 00:00:00
10/12/2024,PN-EQ-06 ,12.1,,3072.1,102.5,300.0,2024-12-11 00:00:00
23/01/2024, PN-EQ-04,24.0,0.0,9877.1,261.2,460.0,2024-01-24 00:00:00
21/08/2025, PN-EQ-08,24.0,0.0,8610.4,207.0,400.0,2025-08-22 00:00:00
14/11/2024,pn-eq-08,24.0,0.0,8944.8,208.0,400.0,2024-11-15 00:00:00
02/04/2024,PN-EQ-10	,24.0,0.0,10741.1,174.6,500.0,2024-04-03 00:00:00
17/03/2025,PN-EQ-09 ,24.0,0.0,5846.2,137.6,260.0,2025-03-18 00:00:00
24/03/2024, PN-EQ-04,24.0,0.0,10929.6,324.3,460.0,2024-03-25 00:00:00
20/03/2025,PN_EQ_03,24.0,0.0,7758.7,276.2,380.0,2025-03-21 00:00:00
04/05/2024,pn-eq-03,24.0,0.0,8580.2,204.6,380.0,2024-05-05 00:00:00
15/06/2024,pn-eq-04,24.0,,10347.7,123.6,460.0,2024-06-16 00:00:00
16/07/2024,PNEQ08,24.0,0.0,8204.3,259.5,400.0,2024-07-17 00:00:00
21/02/2025,PN-EQ-05,19.8,4.2,4806.3,86.9,300.0,2025-02-22 00:00:00
29/08/2024,PNEQ09,21.9,2.1,5107.1,172.5,260.0,2024-08-30 00:00:00
20/04/2024,PN-EQ-09,21.5,2.5,5053.6,62.2,260.0,2024-04-21 00:00:00
18/09/2025,pn-eq-05,24.0,0.0,6808.6,163.0,300.0,2025-09-19 00:00:00
14/12/2025,PNEQ05,17.9,6.1,5238.8,145.1,300.0,2025-12-15 00:00:00
29/05/2024,PN-EQ-02 ,24.0,0.0,9480.7,298.2,430.0,2024-05-30 00:00:00
23/01/2024,PN-EQ-07	,24.0,0.0,7941.4,215.9,350.0,2024-01-24 00:00:00
25/12/2025,PN_EQ_07,24.0,0.0,7660.2,82.9,350.0,2025-12-26 00:00:00
24/09/2024,PN-EQ-03	,24.0,0.0,8871.6,221.7,380.0,2024-09-25 00:00:00
02/07/2025,pn-eq-10,7.5,16.5,3550.8,110.0,500.0,2025-07-03 00:00:00
26/02/2024,PN-EQ-09	,24.0,0.0,5651.2,77.8,260.0,2024-02-27 00:00:00
15/06/2024,PN-EQ-01 ,24.0,0.0,10906.3,158.1,520.0,2024-06-16 00:00:00
22/05/2024,PN-EQ-10	,24.0,0.0,10786.3,259.2,500.0,2024-05-23 00:00:00
28/01/2024,PN-EQ-03 ,24.0,0.0,8258.3,133.4,380.0,2024-01-29 00:00:00
02/08/2024,pn-eq-07,24.0,0.0,7347.4,193.3,350.0,2024-08-03 00:00:00
30/03/2024,PN-EQ-06	,24.0,0.0,6317.1,44.8,300.0,2024-03-31 00:00:00
17/12/2025, PN-EQ-06,24.0,0.0,5842.5,170.0,300.0,2025-12-15 00:00:00
15/11/2024,PN_EQ_05,24.0,0.0,6074.7,50.2,300.0,2024-11-16 00:00:00
15/04/2024,PN_EQ_06,24.0,0.0,6809.9,71.8,300.0,2024-04-16 00:00:00
16/05/2025, PN-EQ-07,24.0,0.0,7461.7,,350.0,2025-05-17 00:00:00
12/03/2025,PN-EQ-01	,24.0,0.0,12355.2,243.3,520.0,2025-03-13 00:00:00
13/03/2024,PN-EQ-09	,16.3,7.7,4012.4,79.6,260.0,2024-03-14 00:00:00
19/04/2024,PN_EQ_03,24.0,0.0,7964.2,59.3,380.0,2024-04-20 00:00:00
13/12/2024,PNEQ10,4.0,20.0,1898.3,34.0,500.0,2024-12-14 00:00:00
17/12/2024, PN-EQ-03,24.0,0.0,8038.9,340.3,380.0,2024-12-18 00:00:00
01/10/2025,PNEQ10,24.0,0.0,11537.5,152.7,500.0,2025-10-02 00:00:00
03/01/2025,PN-EQ-08 ,24.0,0.0,7862.8,45.2,400.0,2025-01-04 00:00:00
27/10/2024,pn-eq-06,24.0,0.0,6502.7,60.2,300.0,2024-10-28 00:00:00
16/01/2025, PN-EQ-04,24.0,0.0,10257.3,227.7,460.0,2025-01-17 00:00:00
27/04/2025,PN_EQ_10,24.0,0.0,10920.7,171.4,500.0,2025-04-28 00:00:00
10/04/2024,PN_EQ_05,24.0,0.0,6245.4,258.0,300.0,2024-04-11 00:00:00
27/11/2024,PN_EQ_03,24.0,0.0,8133.9,202.5,380.0,2024-11-28 00:00:00
21/02/2024,PN-EQ-09	,24.0,0.0,5499.9,129.3,260.0,2024-02-22 00:00:00
14/10/2024,PN-EQ-07	,24.0,0.0,7511.8,216.5,350.0,2024-10-15 00:00:00
15/02/2024,pn-eq-04,24.0,0.0,9268.5,101.4,460.0,2024-02-16 00:00:00
24/08/2024,PN_EQ_07,24.0,0.0,7158.5,119.5,350.0,2024-08-25 00:00:00
02/12/2024,PN-EQ-01	,24.0,0.0,10713.8,225.4,520.0,2024-12-03 00:00:00
02/08/2024,pn-eq-08,24.0,0.0,8931.1,154.7,400.0,2024-08-03 00:00:00
29/02/2024,PN-EQ-02,22.1,,8802.4,208.3,430.0,2024-03-01 00:00:00
09/09/2024,PN-EQ-06 ,24.0,0.0,6214.9,132.3,300.0,2024-09-09 00:00:00
17/09/2025, PN-EQ-01,19.6,4.4,8944.5,133.3,520.0,2025-09-18 00:00:00
08/08/2025,pn-eq-01,24.0,0.0,11648.5,121.9,520.0,2025-08-09 00:00:00
28/11/2025,PN-EQ-05	,24.0,0.0,6083.0,200.4,300.0,2025-11-29 00:00:00
11/08/2024,pn-eq-09,24.0,0.0,5997.0,89.3,260.0,2024-08-12 00:00:00
30/06/2025,PNEQ03,24.0,,9028.8,165.5,380.0,2025-07-01 00:00:00
30/06/2024,pn-eq-09,24.0,0.0,5529.7,175.3,260.0,2024-07-01 00:00:00
02/06/2024,PN-EQ-10	,1.2,22.8,471.8,12.6,500.0,2024-06-01 00:00:00
04/01/2026,PN-EQ-06,14.6,9.4,3623.1,63.8,300.0,2026-01-05 00:00:00
17/10/2024,PN-EQ-05,22.4,1.6,5791.5,100.1,300.0,2024-10-18 00:00:00
11/02/2025,PN_EQ_01,20.8,3.2,9049.7,210.0,520.0,2025-02-12 00:00:00
24/10/2024,PN_EQ_02,24.0,0.0,9779.9,224.6,430.0,2024-10-25 00:00:00
19/02/2024,pn-eq-04,24.0,0.0,9956.8,52.4,460.0,2024-02-20 00:00:00
06/11/2025,PN_EQ_01,24.0,0.0,11731.6,262.5,5200.0,2025-11-07 00:00:00
25/12/2024,PNEQ08,24.0,0.0,8161.1,117.0,400.0,2024-12-26 00:00:00
20/12/2024, PN-EQ-05,18.4,5.6,4708.5,110.3,300.0,2024-12-21 00:00:00
06/04/2024,PN-EQ-05	,24.0,0.0,6465.3,197.8,300.0,2024-04-07 00:00:00
15/09/2024,PN_EQ_08,24.0,0.0,8828.3,,400.0,2024-09-16 00:00:00
07/12/2024,PN_EQ_01,24.0,0.0,11677.1,216.4,520.0,2024-12-08 00:00:00
20/09/2024,PN-EQ-06,22.9,1.1,6233.6,74.5,300.0,2024-09-21 00:00:00
04/05/2025,PN-EQ-05,24.0,0.0,6344.8,108.8,300.0,2025-05-05 00:00:00
04/12/2024, PN-EQ-02,24.0,0.0,9035.4,275.5,430.0,2024-12-05 00:00:00
15/05/2025,PN-EQ-08 ,24.0,0.0,7494.3,226.8,400.0,2025-05-16 00:00:00
27/01/2024, PN-EQ-08,24.0,0.0,7818.7,72.4,400.0,2024-01-28 00:00:00
05/12/2025,PN-EQ-07 ,24.0,0.0,7991.3,195.9,350.0,2025-12-06 00:00:00
23/04/2024,PNEQ05,24.0,0.0,6175.5,208.1,300.0,2024-04-24 00:00:00
19/10/2024,PN_EQ_07,24.0,0.0,7967.5,163.2,350.0,2024-10-20 00:00:00
31/12/2025,PN_EQ_07,18.3,5.7,5950.4,162.5,350.0,2026-01-01 00:00:00
15/10/2024,PNEQ03,24.0,0.0,8747.1,196.5,380.0,2024-10-16 00:00:00
24/11/2025,PN-EQ-02,15.3,8.7,6037.6,123.8,430.0,2025-11-25 00:00:00
12/06/2025,pn-eq-02,24.0,0.0,8553.8,142.6,430.0,2025-06-13 00:00:00
18/11/2025,PN_EQ_05,24.0,0.0,6481.5,152.9,300.0,2025-11-19 00:00:00
08/06/2024,PN-EQ-04,22.2,1.8,9179.6,175.9,460.0,2024-06-09 00:00:00
19/03/2025,PN-EQ-02	,24.0,,8793.3,151.6,430.0,2025-03-20 00:00:00
23/12/2024,pn-eq-09,24.0,0.0,5893.4,158.7,260.0,2024-12-24 00:00:00
01/03/2025,PNEQ08,24.0,0.0,8830.4,88.8,400.0,2025-03-02 00:00:00
03/09/2024,pn-eq-06,21.9,,5930.0,205.9,300.0,2024-09-04 00:00:00
19/10/2025,PN-EQ-01	,24.0,0.0,9536.5,0.0,520.0,2025-10-19 00:00:00
12/03/2024, PN-EQ-07,24.0,0.0,7616.4,293.3,350.0,2024-03-13 00:00:00
15/01/2024,PNEQ04,4.0,20.0,1503.1,28.5,460.0,2024-01-16 00:00:00
28/10/2025,PN-EQ-08	,23.5,0.5,8167.6,213.8,400.0,2025-10-29 00:00:00
25/06/2024,PN-EQ-07,24.0,0.0,7926.9,236.8,350.0,2024-06-26 00:00:00
20/01/2024,PN-EQ-04,24.0,0.0,10714.6,211.2,460.0,2024-01-21 00:00:00
06/11/2025,PN-EQ-06 ,24.0,0.0,6424.6,109.8,300.0,2025-11-07 00:00:00
09/05/2024,PNEQ02,24.0,0.0,9774.4,102.3,430.0,2024-05-10 00:00:00
08/05/2025, PN-EQ-09,24.0,0.0,5468.5,182.8,260.0,2025-05-09 00:00:00
31/12/2024,pn-eq-02,24.0,0.0,9517.0,27.5,430.0,2025-01-01 00:00:00
09/04/2025,PN-EQ-09,24.0,0.0,5470.9,122.7,260.0,2025-04-10 00:00:00
09/12/2024,PNEQ02,24.0,0.0,9185.0,42.7,430.0,2024-12-10 00:00:00
09/12/2024,PN-EQ-06 ,24.0,0.0,6486.6,135.2,300.0,2024-12-10 00:00:00
24/08/2025,PNEQ09,24.0,0.0,5432.7,160.8,260.0,2025-08-25 00:00:00
20/01/2025,PNEQ02,4.0,20.0,1627.2,48.1,430.0,2025-01-21 00:00:00
15/06/2024,PN-EQ-02 ,21.4,2.6,8165.7,122.0,430.0,2024-06-16 00:00:00
12/08/2025,PN_EQ_06,16.4,7.6,4441.1,88.3,300.0,2025-08-13 00:00:00
20/02/2025,PN_EQ_03,17.4,6.6,5980.1,86.6,380.0,2025-02-21 00:00:00
29/12/2024,PN-EQ-03 ,24.0,0.0,8196.2,150.6,380.0,2024-12-30 00:00:00
04/10/2025,PN-EQ-05,15.8,8.2,4381.9,84.6,300.0,2025-10-05 00:00:00
30/08/2025,pn-eq-06,24.0,0.0,6676.2,120.3,300.0,2025-08-31 00:00:00
16/04/2025,PN-EQ-09,22.5,1.5,4938.3,136.9,260.0,2025-04-17 00:00:00
25/12/2025,PNEQ03,24.0,0.0,8941.9,228.4,380.0,2025-12-26 00:00:00
09/02/2024,PN_EQ_01,24.0,0.0,11427.1,282.1,520.0,2024-02-10 00:00:00
22/01/2024, PN-EQ-10,24.0,0.0,10539.1,265.3,500.0,2024-01-23 00:00:00
30/10/2025,PN-EQ-01,24.0,0.0,11543.5,31.8,520.0,2025-10-31 00:00:00
02/05/2025,PN-EQ-05	,24.0,0.0,6531.4,155.5,300.0,2025-05-03 00:00:00
11/10/2024, PN-EQ-08,24.0,0.0,8435.4,334.5,400.0,2024-10-12 00:00:00
30/05/2024,PNEQ02,24.0,0.0,9583.2,282.7,430.0,2024-05-31 00:00:00
17/10/2025,PN-EQ-07,16.3,7.7,4909.8,130.1,350.0,2025-10-18 00:00:00
02/04/2024,PNEQ09,24.0,0.0,5355.8,108.1,260.0,2024-04-03 00:00:00
19/10/2025,PN-EQ-01	,24.0,0.0,10331.4,0.0,520.0,2025-10-20 00:00:00
22/04/2024,pn-eq-09,22.8,1.2,5355.9,99.2,260.0,2024-04-23 00:00:00
16/06/2025,PN-EQ-02 ,16.7,7.3,6810.9,196.1,430.0,2025-06-17 00:00:00
18/08/2024, PN-EQ-08,24.0,0.0,8319.2,292.0,400.0,2024-08-19 00:00:00
12/10/2025,PN_EQ_02,24.0,0.0,9249.2,91.0,430.0,2025-10-13 00:00:00
03/11/2025,PN-EQ-10	,24.0,0.0,9446.1,222.8,500.0,2025-11-04 00:00:00
17/09/2024,PN-EQ-09,17.3,6.7,4259.8,132.6,260.0,2024-09-18 00:00:00
30/07/2025,PN_EQ_09,24.0,0.0,5324.3,169.8,260.0,2025-07-31 00:00:00
03/08/2025,pn-eq-01,24.0,,10899.6,170.4,520.0,2025-08-04 00:00:00
08/11/2025,PN-EQ-03	,24.0,0.0,8528.3,126.3,380.0,2025-11-09 00:00:00
25/02/2024,PNEQ08,24.0,0.0,8749.5,308.5,400.0,2024-02-26 00:00:00
03/01/2025,PN-EQ-04	,12.3,11.7,5189.6,110.9,460.0,2025-01-04 00:00:00
17/05/2024,pn-eq-04,24.0,0.0,10218.5,169.4,460.0,2024-05-18 00:00:00
17/06/2025,PN-EQ-04	,24.0,0.0,9335.1,,460.0,2025-06-18 00:00:00
13/03/2024,PNEQ08,24.0,0.0,8649.9,120.9,400.0,2024-03-14 00:00:00
06/07/2025,PN_EQ_10,24.0,0.0,11415.9,138.7,500.0,2025-07-07 00:00:00
20/09/2025,PN-EQ-04	,24.0,0.0,9924.6,137.9,460.0,2025-09-21 00:00:00
10/08/2024,PN-EQ-08 ,24.0,0.0,8715.3,159.2,400.0,2024-08-11 00:00:00
22/04/2025, PN-EQ-10,24.0,0.0,11165.3,246.4,500.0,2025-04-23 00:00:00
11/01/2025,PNEQ01,24.0,0.0,10535.7,220.0,520.0,2025-01-12 00:00:00
11/04/2025, PN-EQ-10,24.0,0.0,10900.2,398.6,500.0,2025-04-12 00:00:00
21/09/2024,PN-EQ-10,24.0,0.0,10137.8,143.1,500.0,2024-09-22 00:00:00
01/01/2025,PNEQ06,21.5,2.5,5428.3,171.1,300.0,2025-01-02 00:00:00
30/06/2025,PN-EQ-09 ,22.2,1.8,4532.4,60.4,260.0,2025-07-01 00:00:00
24/05/2024,PN-EQ-02,24.0,0.0,9729.2,224.9,430.0,2024-05-25 00:00:00
20/10/2025,PN-EQ-09 ,24.0,0.0,5789.3,188.6,260.0,2025-10-21 00:00:00
21/11/2025,PN_EQ_03,21.7,,7792.9,173.7,380.0,2025-11-22 00:00:00
06/10/2025,PNEQ09,24.0,0.0,5058.9,140.9,260.0,2025-10-07 00:00:00
24/05/2024,PN_EQ_10,23.3,0.7,11533.5,289.8,500.0,2024-05-25 00:00:00
04/01/2025,PN-EQ-04 ,6.2,17.8,2511.4,43.7,460.0,2025-01-05 00:00:00
21/04/2025,PNEQ10,24.0,0.0,10269.5,193.8,500.0,2025-04-22 00:00:00
17/12/2024, PN-EQ-10,24.0,0.0,10393.0,265.8,500.0,2024-12-18 00:00:00
22/06/2024,PNEQ01,17.2,6.8,8623.2,212.8,520.0,2024-06-23 00:00:00
02/09/2024,PNEQ04,24.0,0.0,9792.1,212.3,460.0,2024-09-03 00:00:00
13/06/2025, PN-EQ-03,24.0,0.0,7877.0,,380.0,2025-06-14 00:00:00
30/07/2025,pn-eq-01,24.0,0.0,11562.1,305.0,520.0,2025-07-31 00:00:00
20/06/2025,PN-EQ-02 ,24.0,0.0,9339.2,166.2,430.0,2025-06-21 00:00:00
05/01/2024,PNEQ01,24.0,0.0,11435.2,165.7,520.0,2024-01-06 00:00:00
18/07/2024,PN-EQ-04	,15.9,8.1,6070.9,34.9,460.0,2024-07-19 00:00:00
20/04/2025,PN-EQ-05,15.4,8.6,4249.3,85.1,300.0,2025-04-21 00:00:00
15/06/2025,PN-EQ-05 ,24.0,0.0,6565.3,188.1,300.0,2025-06-16 00:00:00
06/01/2026,PN-EQ-09,24.0,0.0,5201.5,102.3,260.0,2026-01-07 00:00:00
18/01/2024,PN-EQ-07 ,24.0,0.0,7976.9,241.4,350.0,2024-01-19 00:00:00
01/07/2025,pn-eq-09,24.0,0.0,5854.0,47.0,260.0,2025-07-02 00:00:00
23/08/2025,pn-eq-10,24.0,0.0,10240.9,302.6,500.0,2025-08-24 00:00:00
26/07/2024,PN-EQ-08,24.0,0.0,8722.8,270.6,400.0,2024-07-27 00:00:00
14/04/2025, PN-EQ-02,24.0,0.0,7987.8,111.6,430.0,2025-04-15 00:00:00
31/07/2024,PN_EQ_06,24.0,0.0,5485.2,100.4,300.0,2024-08-01 00:00:00
10/09/2025,PNEQ05,24.0,0.0,6531.7,87.7,300.0,2025-09-11 00:00:00
02/08/2024,PNEQ06,24.0,0.0,6536.5,47.9,300.0,2024-08-03 00:00:00
11/12/2024,PN-EQ-05,24.0,0.0,6047.4,34.2,300.0,2024-12-12 00:00:00
06/05/2025,PN-EQ-01 ,24.0,0.0,11499.4,218.4,520.0,2025-05-07 00:00:00
03/12/2024,PN-EQ-01	,18.4,5.6,8386.8,148.0,520.0,2024-12-04 00:00:00
18/07/2024,PN_EQ_01,24.0,0.0,11300.9,256.6,520.0,2024-07-19 00:00:00
11/05/2025,PN-EQ-01 ,18.3,5.7,9087.9,150.7,520.0,2025-05-12 00:00:00
21/09/2024,PN_EQ_08,19.3,4.7,6620.5,281.6,400.0,2024-09-22 00:00:00
05/06/2024,PN-EQ-02	,24.0,0.0,9536.6,206.9,430.0,2024-06-06 00:00:00
09/08/2025,PN-EQ-10 ,10.9,13.1,4898.1,90.1,500.0,2025-08-10 00:00:00
04/07/2025,PN-EQ-01 ,24.0,0.0,10718.3,304.0,520.0,2025-07-05 00:00:00
14/11/2025,PN-EQ-10	,24.0,0.0,10725.2,315.9,500.0,2025-11-15 00:00:00
27/05/2024,PN_EQ_05,24.0,0.0,6836.2,218.8,300.0,2024-05-28 00:00:00
07/01/2026,PNEQ01,24.0,0.0,11015.0,239.6,520.0,2026-01-08 00:00:00
05/08/2025,PN_EQ_05,24.0,0.0,6492.7,,300.0,2025-08-06 00:00:00
05/07/2024,PNEQ02,24.0,0.0,9152.5,71.5,430.0,2024-07-06 00:00:00
28/07/2025,PN-EQ-01,24.0,0.0,11511.9,344.7,520.0,2025-07-29 00:00:00
13/08/2024,PN-EQ-10	,24.0,0.0,11880.0,249.7,500.0,2024-08-14 00:00:00
23/01/2025,PN-EQ-04,24.0,0.0,9992.5,161.4,460.0,2025-01-24 00:00:00
05/06/2024,pn-eq-10,7.1,16.9,2997.1,100.8,500.0,2024-06-06 00:00:00
14/11/2024, PN-EQ-09,24.0,,6067.6,155.5,260.0,2024-11-15 00:00:00
25/10/2025,pn-eq-06,24.0,0.0,7128.0,130.4,300.0,2025-10-26 00:00:00
28/01/2024, PN-EQ-04,24.0,0.0,8669.4,160.1,460.0,2024-01-29 00:00:00
08/03/2025,PNEQ06,24.0,0.0,6468.1,219.6,300.0,2025-03-09 00:00:00
29/08/2025,pn-eq-06,24.0,0.0,6837.9,63.1,300.0,2025-08-30 00:00:00
28/08/2024,PN-EQ-03	,24.0,0.0,8137.2,162.6,380.0,2024-08-29 00:00:00
20/07/2025,PN-EQ-10,24.0,0.0,11033.7,235.1,500.0,2025-07-21 00:00:00
28/07/2025,PN_EQ_06,24.0,0.0,6337.2,135.2,300.0,2025-07-29 00:00:00
24/08/2024,PN_EQ_02,4.0,20.0,1569.7,27.8,430.0,2024-08-25 00:00:00
01/12/2025,pn-eq-10,20.0,4.0,9054.0,142.5,500.0,2025-12-02 00:00:00
09/02/2024,pn-eq-08,24.0,0.0,8552.3,106.6,400.0,2024-02-10 00:00:00
09/09/2024,PN_EQ_04,24.0,0.0,10313.2,264.2,460.0,2024-09-10 00:00:00
26/01/2024,PN-EQ-07 ,24.0,,7463.5,181.9,350.0,2024-01-27 00:00:00
04/08/2024,PN-EQ-06,24.0,,6199.3,171.2,300.0,2024-08-05 00:00:00
30/03/2025, PN-EQ-09,23.1,0.9,5573.9,151.7,260.0,2025-03-31 00:00:00
30/11/2024,PNEQ08,24.0,0.0,8831.7,98.5,400.0,2024-12-01 00:00:00
05/01/2026,PN-EQ-07 ,24.0,0.0,7112.4,164.2,350.0,2026-01-06 00:00:00
10/03/2025,pn-eq-02,24.0,0.0,7975.7,192.9,430.0,2025-03-11 00:00:00
29/03/2025,PNEQ02,24.0,0.0,8888.4,219.2,430.0,2025-03-27 00:00:00
17/02/2024,PN-EQ-08 ,24.0,0.0,8236.6,137.1,400.0,2024-02-18 00:00:00
03/04/2024,PN-EQ-06 ,24.0,0.0,6853.2,66.0,300.0,2024-04-04 00:00:00
17/11/2024,pn-eq-10,24.0,0.0,10107.1,219.8,500.0,2024-11-18 00:00:00
02/03/2025,PN-EQ-02	,24.0,0.0,8942.3,191.1,430.0,2025-03-03 00:00:00
29/01/2024,PN_EQ_08,24.0,0.0,9502.8,262.1,400.0,2024-01-30 00:00:00
20/06/2025,PN_EQ_09,24.0,0.0,5741.8,147.1,260.0,2025-06-21 00:00:00
09/03/2025, PN-EQ-08,24.0,0.0,8909.0,129.6,400.0,2025-03-10 00:00:00
26/11/2024,PN-EQ-08 ,24.0,0.0,9369.6,256.0,400.0,2024-11-27 00:00:00
11/12/2024, PN-EQ-07,24.0,0.0,7985.9,224.9,350.0,2024-12-12 00:00:00
02/06/2024,PN-EQ-08,24.0,0.0,8616.6,161.5,400.0,2024-06-03 00:00:00
08/09/2024,PNEQ10,24.0,0.0,11367.0,273.4,500.0,2024-09-09 00:00:00
01/02/2025,PN_EQ_04,17.0,7.0,6475.6,125.5,460.0,2025-02-02 00:00:00
22/12/2024,PN-EQ-08,24.0,0.0,8285.7,176.2,400.0,2024-12-23 00:00:00
17/08/2024, PN-EQ-01,24.0,0.0,11525.6,251.5,520.0,2024-08-18 00:00:00
02/09/2025, PN-EQ-06,24.0,0.0,6094.2,,300.0,2025-09-03 00:00:00
12/08/2024,PNEQ01,24.0,0.0,11918.8,343.5,520.0,2024-08-13 00:00:00
06/09/2025,PN_EQ_01,24.0,0.0,11474.7,333.1,520.0,2025-09-07 00:00:00
06/05/2024,pn-eq-04,24.0,0.0,9983.4,274.9,460.0,2024-05-07 00:00:00
30/12/2025,PN-EQ-03	,24.0,0.0,7760.2,203.5,380.0,2025-12-29 00:00:00
21/07/2025, PN-EQ-05,24.0,0.0,6691.4,41.9,300.0,2025-07-22 00:00:00
15/02/2024,PN-EQ-05	,24.0,0.0,6304.1,137.7,300.0,2024-02-16 00:00:00
01/04/2024,PN-EQ-09,24.0,0.0,5642.1,60.9,260.0,2024-04-02 00:00:00
17/08/2025,PN_EQ_05,24.0,0.0,6832.4,125.7,300.0,2025-08-18 00:00:00
21/01/2025,PN-EQ-10	,24.0,0.0,10719.2,252.2,500.0,2025-01-22 00:00:00
02/06/2024,PN-EQ-09	,23.5,0.5,5699.0,139.3,260.0,2024-06-03 00:00:00
29/11/2024,PN-EQ-10 ,24.0,0.0,10844.4,142.1,500.0,2024-11-30 00:00:00
19/07/2024, PN-EQ-02,24.0,0.0,9985.5,300.6,430.0,2024-07-20 00:00:00
05/02/2024, PN-EQ-05,24.0,0.0,6888.3,157.5,300.0,2024-02-06 00:00:00
25/10/2024,pn-eq-03,24.0,0.0,8400.3,183.6,380.0,2024-10-26 00:00:00
21/05/2024,PN-EQ-10 ,24.0,0.0,11214.7,179.8,500.0,2024-05-22 00:00:00
18/11/2025,PN_EQ_08,24.0,0.0,8720.6,187.6,400.0,2025-11-19 00:00:00
14/03/2024,PN-EQ-01,21.5,2.5,9268.9,158.4,520.0,2024-03-15 00:00:00
27/06/2024,PN-EQ-08,24.0,0.0,8802.5,347.2,400.0,2024-06-28 00:00:00
21/07/2025, PN-EQ-01,24.0,0.0,10347.3,239.1,520.0,2025-07-22 00:00:00
04/01/2025, PN-EQ-09,24.0,0.0,5858.2,98.7,260.0,2025-01-05 00:00:00
14/07/2024,PN-EQ-02,24.0,0.0,8916.4,56.5,430.0,2024-07-15 00:00:00
07/01/2026,PNEQ02,22.7,1.3,8930.9,33.6,430.0,2026-01-08 00:00:00
29/05/2025,PN-EQ-02,20.6,3.4,7838.1,160.2,430.0,2025-05-30 00:00:00
09/01/2026,PN-EQ-04 ,24.0,0.0,9978.7,,460.0,2026-01-10 00:00:00
15/03/2025,PN-EQ-06,24.0,0.0,6399.2,146.9,300.0,2025-03-16 00:00:00
16/06/2024,pn-eq-02,24.0,0.0,8261.9,175.4,430.0,2024-06-17 00:00:00
02/11/2025,PN-EQ-09,24.0,,6045.2,110.6,260.0,2025-11-03 00:00:00
15/06/2024,PN-EQ-07,24.0,0.0,7692.3,297.6,350.0,2024-06-16 00:00:00
14/11/2025, PN-EQ-01,10.5,13.5,5280.3,71.1,520.0,2025-11-15 00:00:00
08/05/2024, PN-EQ-02,24.0,0.0,10171.3,133.3,430.0,2024-05-09 00:00:00
05/04/2025,PN-EQ-06,24.0,0.0,6935.1,92.5,300.0,2025-04-06 00:00:00
16/04/2024,pn-eq-04,24.0,0.0,9853.3,115.8,460.0,2024-04-17 00:00:00
27/11/2024,pn-eq-10,24.0,0.0,9627.6,167.9,500.0,2024-11-26 00:00:00
20/05/2024,PNEQ04,24.0,0.0,10853.4,250.6,460.0,2024-05-21 00:00:00
19/04/2025,PN-EQ-02,24.0,0.0,8324.7,142.9,430.0,2025-04-20 00:00:00
06/06/2024,PN_EQ_10,4.0,20.0,1727.7,54.2,500.0,2024-06-07 00:00:00
08/09/2024, PN-EQ-07,24.0,0.0,6745.1,51.8,350.0,2024-09-09 00:00:00
24/04/2024,PN-EQ-09	,24.0,0.0,6098.6,184.3,260.0,2024-04-25 00:00:00
23/07/2024,PNEQ08,24.0,0.0,8448.3,181.2,400.0,2024-07-24 00:00:00
08/01/2026,PN-EQ-08,24.0,0.0,8929.9,156.4,400.0,2026-01-09 00:00:00
07/01/2024,PN_EQ_07,24.0,0.0,8216.3,131.7,350.0,2024-01-08 00:00:00
07/02/2025,pn-eq-01,24.0,0.0,10302.6,235.9,520.0,2025-02-08 00:00:00
05/11/2025,PN-EQ-02	,24.0,0.0,8750.6,296.8,430.0,2025-11-06 00:00:00
09/04/2025,PN_EQ_06,24.0,0.0,6826.8,100.5,300.0,2025-04-10 00:00:00
02/11/2024,pn-eq-04,18.0,6.0,7630.3,234.6,460.0,2024-11-03 00:00:00
03/12/2025,pn-eq-04,24.0,0.0,9842.9,272.1,460.0,2025-12-04 00:00:00
08/04/2024,PN-EQ-01 ,24.0,0.0,11004.3,196.5,520.0,2024-04-09 00:00:00
21/04/2024,PN-EQ-08 ,24.0,,8702.9,122.9,400.0,2024-04-22 00:00:00
20/09/2024,PN_EQ_04,24.0,0.0,10146.2,278.5,460.0,2024-09-21 00:00:00
01/09/2025, PN-EQ-05,22.7,1.3,6152.4,168.6,300.0,2025-09-02 00:00:00
28/02/2024,PN-EQ-01	,24.0,0.0,11692.5,,520.0,2024-02-29 00:00:00
13/11/2025,PN-EQ-09 ,24.0,0.0,5730.4,,260.0,2025-11-14 00:00:00
03/05/2025,pn-eq-04,24.0,0.0,9641.3,66.3,460.0,2025-05-04 00:00:00
17/11/2025,PN_EQ_07,24.0,0.0,7279.4,89.7,350.0,2025-11-18 00:00:00
14/08/2025,PN_EQ_07,24.0,0.0,7870.9,207.9,350.0,2025-08-15 00:00:00
16/10/2025,PNEQ07,24.0,0.0,7389.9,100.2,350.0,2025-10-17 00:00:00
04/08/2024,PN_EQ_08,24.0,0.0,9485.4,147.9,400.0,2024-08-05 00:00:00
24/01/2024,pn-eq-02,24.0,0.0,8534.8,125.1,430.0,2024-01-25 00:00:00
21/02/2024,PNEQ04,20.6,3.4,7784.5,227.9,460.0,2024-02-22 00:00:00
04/01/2025,PN_EQ_05,24.0,0.0,6721.0,,300.0,2025-01-05 00:00:00
30/08/2024,PN-EQ-05,24.0,0.0,6301.2,145.3,300.0,2024-08-31 00:00:00
26/07/2025,pn-eq-05,24.0,0.0,6439.7,146.8,300.0,2025-07-27 00:00:00
18/09/2025,PNEQ04,24.0,0.0,10069.3,182.9,460.0,2025-09-19 00:00:00
22/08/2025,PN-EQ-10 ,24.0,0.0,10448.3,292.3,500.0,2025-08-23 00:00:00
07/11/2024, PN-EQ-10,24.0,0.0,11530.8,390.9,500.0,2024-11-08 00:00:00
03/10/2024,PN_EQ_05,24.0,0.0,6198.8,109.6,300.0,2024-10-04 00:00:00
24/12/2024,PN-EQ-09	,24.0,0.0,5559.9,67.2,260.0,2024-12-25 00:00:00
10/07/2024,PNEQ09,18.4,5.6,4185.8,68.4,260.0,2024-07-11 00:00:00
02/12/2025,pn-eq-08,24.0,0.0,9167.3,102.8,400.0,2025-12-03 00:00:00
12/12/2025,PN-EQ-02,24.0,0.0,8958.4,242.6,430.0,2025-12-13 00:00:00
16/10/2024,PNEQ10,12.4,11.6,5440.2,103.1,500.0,2024-10-17 00:00:00
06/11/2024,PNEQ09,24.0,0.0,5839.9,157.8,260.0,2024-11-07 00:00:00
09/12/2024, PN-EQ-10,18.1,5.9,7814.4,118.1,500.0,2024-12-10 00:00:00
29/08/2024,PN_EQ_07,24.0,0.0,7742.9,115.9,350.0,2024-08-30 00:00:00
07/05/2024,PN-EQ-05,24.0,0.0,6504.3,196.0,300.0,2024-05-08 00:00:00
04/05/2024,PN-EQ-05	,24.0,0.0,6803.1,34.2,300.0,2024-05-05 00:00:00
26/06/2025, PN-EQ-03,24.0,0.0,8425.2,265.2,380.0,2025-06-27 00:00:00
19/03/2025,pn-eq-03,24.0,0.0,7836.2,60.7,380.0,2025-03-20 00:00:00
16/07/2025,PN-EQ-07 ,24.0,0.0,6829.4,192.1,350.0,2025-07-17 00:00:00
24/02/2025,PN-EQ-09,24.0,0.0,5807.7,166.8,260.0,2025-02-25 00:00:00
25/02/2024,PN-EQ-01 ,24.0,0.0,10828.5,121.6,520.0,2024-02-26 00:00:00
22/06/2025, PN-EQ-02,24.0,0.0,8876.5,160.8,430.0,2025-06-23 00:00:00
17/04/2024,PN-EQ-04 ,16.3,7.7,6688.5,70.4,460.0,2024-04-18 00:00:00
02/03/2025,PN-EQ-03,24.0,0.0,8726.4,261.9,380.0,2025-03-03 00:00:00
05/07/2025,pn-eq-10,22.3,1.7,10386.3,310.7,500.0,2025-07-06 00:00:00
23/02/2025,pn-eq-04,24.0,0.0,9893.7,345.9,460.0,2025-02-24 00:00:00
21/11/2025,pn-eq-09,24.0,0.0,5716.8,59.5,260.0,2025-11-22 00:00:00
24/04/2024,pn-eq-07,24.0,0.0,7079.3,171.1,350.0,2024-04-25 00:00:00
14/01/2024,PN-EQ-10 ,24.0,0.0,10533.7,264.4,500.0,2024-01-15 00:00:00
11/12/2025,PN-EQ-10	,24.0,0.0,9710.6,299.6,500.0,2025-12-12 00:00:00
05/07/2024,PN-EQ-01 ,24.0,0.0,10754.6,75.9,520.0,2024-07-06 00:00:00
16/04/2024, PN-EQ-07,18.9,5.1,6261.8,,350.0,2024-04-17 00:00:00
25/03/2025,PN-EQ-10	,24.0,0.0,11174.2,394.5,500.0,2025-03-26 00:00:00
21/06/2025, PN-EQ-06,24.0,0.0,5433.3,119.5,300.0,2025-06-22 00:00:00
23/10/2024,PN-EQ-05 ,24.0,0.0,6832.5,,300.0,2024-10-24 00:00:00
09/08/2025,PN-EQ-09,24.0,0.0,5366.9,118.1,260.0,2025-08-10 00:00:00
22/08/2024,PN-EQ-07 ,24.0,0.0,8084.7,229.0,350.0,2024-08-23 00:00:00
01/02/2024,PN-EQ-06 ,24.0,0.0,6795.5,88.3,300.0,2024-02-02 00:00:00
20/04/2024,PN-EQ-10 ,24.0,0.0,11241.6,381.2,500.0,2024-04-21 00:00:00
04/05/2025,pn-eq-03,24.0,0.0,8990.0,159.0,380.0,2025-05-05 00:00:00
12/08/2024,PNEQ03,24.0,0.0,8240.5,118.1,380.0,2024-08-13 00:00:00
10/02/2025, PN-EQ-05,4.0,20.0,1102.2,27.9,300.0,2025-02-11 00:00:00
01/02/2024,PNEQ10,12.7,11.3,5367.2,108.6,500.0,2024-02-02 00:00:00
23/02/2024,PN-EQ-02	,24.0,0.0,9112.3,195.5,430.0,2024-02-24 00:00:00
16/11/2025,PN-EQ-05	,24.0,0.0,7030.7,224.4,300.0,2025-11-17 00:00:00
31/01/2024,PN_EQ_03,22.4,1.6,8177.7,128.8,380.0,2024-02-01 00:00:00
18/11/2025,PN-EQ-10	,24.0,0.0,11425.2,103.8,500.0,2025-11-19 00:00:00
24/03/2025,PN-EQ-02 ,24.0,0.0,9401.4,351.3,430.0,2025-03-25 00:00:00
29/09/2024,PN-EQ-01 ,24.0,0.0,10343.1,195.1,520.0,2024-09-30 00:00:00
21/11/2024,PN-EQ-09	,24.0,0.0,5287.5,159.7,260.0,2024-11-20 00:00:00
11/07/2024,PN-EQ-04 ,7.1,16.9,2881.0,36.4,460.0,2024-07-12 00:00:00
22/05/2025,PN_EQ_01,24.0,0.0,11056.8,270.9,520.0,2025-05-23 00:00:00
25/02/2024,PN-EQ-04 ,24.0,0.0,10929.6,97.7,460.0,2024-02-26 00:00:00
02/01/2025,PNEQ04,15.8,,6506.1,71.7,460.0,2025-01-03 00:00:00
18/07/2024,pn-eq-08,24.0,0.0,9052.3,182.0,400.0,2024-07-19 00:00:00
29/10/2025,PN-EQ-04,24.0,0.0,9491.2,95.1,460.0,2025-10-30 00:00:00
27/01/2024,PN_EQ_04,24.0,0.0,10470.8,237.9,460.0,2024-01-28 00:00:00
10/12/2025,PN-EQ-06	,22.0,2.0,6164.0,150.7,300.0,2025-12-11 00:00:00
27/09/2024, PN-EQ-02,24.0,,9883.2,171.7,430.0,2024-09-28 00:00:00
09/06/2025,PN-EQ-02,23.0,1.0,8650.8,88.1,430.0,2025-06-10 00:00:00
25/03/2025,PN_EQ_01,20.9,3.1,10495.5,179.5,520.0,2025-03-26 00:00:00
11/04/2024,PN-EQ-02,21.6,2.4,8746.3,176.2,430.0,2024-04-12 00:00:00
31/12/2024,PN-EQ-09	,24.0,0.0,5723.4,200.6,260.0,2025-01-01 00:00:00
16/05/2024,PN-EQ-05	,24.0,0.0,6890.9,180.0,300.0,2024-05-17 00:00:00
09/07/2024,PN_EQ_04,24.0,0.0,10093.8,324.4,460.0,2024-07-10 00:00:00
19/11/2025,PN_EQ_10,3.7,20.3,1658.4,43.5,500.0,2025-11-20 00:00:00
31/07/2025,PN_EQ_01,24.0,0.0,11039.1,281.9,520.0,2025-08-01 00:00:00
03/11/2024,PN-EQ-06,21.2,2.8,5132.7,73.9,300.0,2024-11-04 00:00:00
16/08/2025,PN-EQ-01 ,24.0,0.0,9896.4,287.8,520.0,2025-08-17 00:00:00
28/08/2024,PN-EQ-06	,17.1,,4730.0,82.1,300.0,2024-08-29 00:00:00
13/10/2025,PN_EQ_06,24.0,0.0,6939.2,150.0,300.0,2025-10-14 00:00:00
10/05/2025,PN-EQ-10,14.8,9.2,6366.3,155.3,500.0,2025-05-11 00:00:00
19/08/2025,pn-eq-08,24.0,0.0,8032.4,201.3,400.0,2025-08-20 00:00:00
24/08/2025,PN-EQ-03,9.4,14.6,3164.9,96.3,380.0,2025-08-25 00:00:00
15/12/2025, PN-EQ-07,22.0,,7143.6,210.3,350.0,2025-12-16 00:00:00
15/10/2025,PN-EQ-06	,24.0,0.0,6545.6,157.1,300.0,2025-10-16 00:00:00
25/05/2024, PN-EQ-10,24.0,0.0,10259.7,167.9,500.0,2024-05-26 00:00:00
24/02/2024,PN-EQ-08,24.0,0.0,8563.9,261.7,400.0,2024-02-24 00:00:00
21/03/2025,PNEQ04,12.1,11.9,4950.8,89.0,460.0,2025-03-22 00:00:00
18/04/2025,PN_EQ_07,24.0,0.0,7544.1,137.9,350.0,2025-04-19 00:00:00
23/10/2025,PN-EQ-06 ,24.0,0.0,6402.0,93.9,300.0,2025-10-24 00:00:00
17/03/2024,PN-EQ-02	,24.0,0.0,9376.2,170.5,430.0,2024-03-18 00:00:00
26/04/2024,PN-EQ-08	,4.0,20.0,1469.5,34.6,400.0,2024-04-27 00:00:00
05/11/2024,PN_EQ_02,24.0,0.0,9032.6,230.4,430.0,2024-11-06 00:00:00
13/10/2024,PN_EQ_09,24.0,0.0,5139.9,102.1,260.0,2024-10-14 00:00:00
23/05/2025,PNEQ06,19.7,4.3,5007.1,68.8,300.0,2025-05-24 00:00:00
26/06/2025,PN-EQ-04,24.0,0.0,10920.1,265.9,460.0,2025-06-27 00:00:00
11/10/2025,pn-eq-10,4.0,20.0,1851.2,34.3,500.0,2025-10-12 00:00:00
23/06/2024,PN-EQ-10	,24.0,0.0,11543.4,,500.0,2024-06-24 00:00:00
21/10/2024, PN-EQ-05,24.0,0.0,5776.4,109.2,300.0,2024-10-22 00:00:00
19/01/2025,PN-EQ-01,24.0,0.0,10999.8,126.5,520.0,2025-01-20 00:00:00
07/06/2024,PN-EQ-01 ,24.0,0.0,12355.2,244.9,520.0,2024-06-08 00:00:00
08/01/2025,PNEQ07,24.0,0.0,7517.3,184.8,350.0,2025-01-09 00:00:00
18/06/2024,pn-eq-05,19.7,4.3,5362.1,78.4,300.0,2024-06-19 00:00:00
12/09/2024,PN-EQ-01,24.0,,11038.8,126.9,520.0,2024-09-13 00:00:00
14/10/2024,PNEQ09,23.5,0.5,5765.2,109.6,260.0,2024-10-15 00:00:00
04/12/2025,pn-eq-07,23.2,0.8,7504.6,124.2,350.0,2025-12-05 00:00:00
17/05/2024,PN-EQ-01 ,24.0,0.0,11471.3,221.1,520.0,2024-05-18 00:00:00
01/03/2024,PN-EQ-07	,24.0,0.0,7043.7,196.6,350.0,2024-03-02 00:00:00
21/05/2025,PN_EQ_09,23.4,0.6,5095.1,68.0,260.0,2025-05-22 00:00:00
30/07/2024,PN-EQ-08,24.0,0.0,8759.7,123.7,400.0,2024-07-31 00:00:00
24/04/2025,pn-eq-09,24.0,0.0,5076.6,76.3,260.0,2025-04-25 00:00:00
02/11/2025,PN-EQ-01,24.0,0.0,10997.2,248.2,520.0,2025-11-03 00:00:00
23/07/2025, PN-EQ-02,24.0,0.0,10128.9,219.5,430.0,2025-07-24 00:00:00
06/03/2025,PNEQ04,24.0,0.0,9783.1,197.2,460.0,2025-03-07 00:00:00
02/09/2024,PN-EQ-05	,24.0,0.0,6381.4,193.2,300.0,2024-09-03 00:00:00
04/08/2024,PN-EQ-03,24.0,0.0,8026.6,145.1,380.0,2024-08-05 00:00:00
26/04/2024,PN-EQ-04	,11.5,12.5,4802.4,80.3,460.0,2024-04-27 00:00:00
06/07/2025,PN-EQ-08 ,24.0,0.0,9109.7,187.9,400.0,2025-07-07 00:00:00
13/08/2024,PN-EQ-05 ,24.0,0.0,6315.6,108.8,300.0,2024-08-14 00:00:00
15/07/2025,PN-EQ-06	,5.2,18.8,1415.7,47.0,300.0,2025-07-16 00:00:00
11/06/2025,PN-EQ-08,24.0,0.0,9113.9,38.0,400.0,2025-06-12 00:00:00
26/06/2025,PN-EQ-09,20.8,3.2,4704.6,82.2,260.0,2025-06-27 00:00:00
16/01/2024,PN-EQ-10	,24.0,0.0,9068.7,225.9,500.0,2024-01-16 00:00:00
20/11/2025, PN-EQ-01,24.0,0.0,12201.2,181.3,520.0,2025-11-21 00:00:00
06/01/2024,PN-EQ-09 ,23.0,1.0,5889.6,54.7,260.0,2024-01-07 00:00:00
15/02/2025,PN-EQ-02 ,24.0,0.0,9299.3,147.5,430.0,2025-02-16 00:00:00
30/01/2024,PN-EQ-09 ,24.0,0.0,5530.5,145.7,260.0,2024-01-31 00:00:00
23/11/2025,pn-eq-01,24.0,0.0,11105.4,,520.0,2025-11-24 00:00:00
01/02/2024,pn-eq-09,21.4,2.6,5442.5,113.7,260.0,2024-02-02 00:00:00
09/09/2025,PNEQ01,24.0,0.0,10875.9,64.9,520.0,2025-09-10 00:00:00
22/10/2025, PN-EQ-10,24.0,0.0,10837.4,252.6,500.0,2025-10-23 00:00:00
29/02/2024,PN_EQ_06,19.2,4.8,5585.3,48.6,300.0,2024-03-01 00:00:00
09/01/2025,PN_EQ_06,24.0,,7032.5,124.4,300.0,2025-01-10 00:00:00
21/09/2024,PN-EQ-07	,24.0,0.0,7889.8,77.7,350.0,2024-09-22 00:00:00
25/08/2024,PN-EQ-07	,24.0,0.0,7664.5,181.6,350.0,2024-08-26 00:00:00
11/03/2024, PN-EQ-03,24.0,0.0,8328.2,93.9,380.0,2024-03-12 00:00:00
11/05/2024, PN-EQ-10,6.2,17.8,2852.3,61.0,500.0,2024-05-12 00:00:00
19/03/2025, PN-EQ-07,24.0,0.0,7125.4,96.3,350.0,2025-03-20 00:00:00
21/12/2024,PN-EQ-05 ,9.0,15.0,2323.7,13.0,300.0,2024-12-22 00:00:00
11/11/2025,PN-EQ-08 ,24.0,0.0,8276.0,,400.0,2025-11-12 00:00:00
14/11/2024, PN-EQ-07,24.0,0.0,7029.2,197.0,350.0,2024-11-15 00:00:00
18/08/2024, PN-EQ-07,24.0,0.0,7255.2,84.6,350.0,2024-08-19 00:00:00
28/05/2024,PN-EQ-10	,24.0,0.0,9921.0,178.9,500.0,2024-05-29 00:00:00
24/11/2025,PN_EQ_08,24.0,,8199.7,231.8,400.0,2025-11-25 00:00:00
12/08/2025,PN-EQ-05	,20.6,3.4,5677.6,131.7,300.0,2025-08-13 00:00:00
18/09/2025,PN-EQ-07 ,24.0,0.0,6345.6,151.9,350.0,2025-09-19 00:00:00
15/07/2025,PN-EQ-01	,24.0,0.0,11125.3,231.5,520.0,2025-07-16 00:00:00
15/08/2025,PNEQ05,24.0,0.0,6287.7,182.6,300.0,2025-08-16 00:00:00
25/12/2024,PN_EQ_03,24.0,,7785.8,169.8,380.0,2024-12-26 00:00:00
14/01/2025,PN_EQ_07,24.0,0.0,6963.5,214.6,350.0,2025-01-15 00:00:00
15/09/2025,PN_EQ_02,24.0,0.0,9969.0,147.6,430.0,2025-09-16 00:00:00
05/02/2025,PN-EQ-01	,24.0,0.0,10866.9,215.2,520.0,2025-02-06 00:00:00
29/03/2025,pn-eq-09,24.0,0.0,5707.2,70.9,260.0,2025-03-30 00:00:00
23/03/2025,PN-EQ-09 ,24.0,0.0,5950.4,103.2,260.0,2025-03-24 00:00:00
09/03/2024,PNEQ01,24.0,0.0,11360.4,169.6,520.0,2024-03-10 00:00:00
25/08/2025,PN-EQ-07,21.9,2.1,7066.3,36.0,350.0,2025-08-26 00:00:00
30/09/2025,PN-EQ-05	,24.0,0.0,6090.4,168.5,300.0,2025-10-01 00:00:00
10/02/2024,pn-eq-05,24.0,0.0,6267.0,235.7,300.0,2024-02-11 00:00:00
07/01/2025,PNEQ01,4.0,20.0,1777.1,51.5,520.0,2025-01-08 00:00:00
06/02/2025,PN_EQ_09,24.0,0.0,5903.7,84.6,260.0,2025-02-07 00:00:00
28/07/2024, PN-EQ-08,13.4,10.6,4810.2,140.9,400.0,2024-07-29 00:00:00
18/08/2025,pn-eq-08,22.2,1.8,7524.7,190.6,400.0,2025-08-19 00:00:00
04/12/2025,PN-EQ-04 ,12.7,11.3,4531.8,103.1,460.0,2025-12-03 00:00:00
29/09/2024, PN-EQ-08,24.0,0.0,7651.8,85.0,400.0,2024-09-30 00:00:00
21/01/2024,pn-eq-02,18.4,5.6,6435.9,171.5,430.0,2024-01-22 00:00:00
03/07/2025,PN-EQ-07 ,24.0,0.0,7210.1,106.4,350.0,2025-07-04 00:00:00
29/06/2024,PN-EQ-01,24.0,0.0,9955.0,135.8,520.0,2024-06-29 00:00:00
18/02/2024,PN_EQ_03,24.0,0.0,8425.4,253.8,380.0,2024-02-19 00:00:00
01/05/2024,pn-eq-06,24.0,0.0,6088.1,,300.0,2024-05-02 00:00:00
25/11/2024,PN_EQ_02,24.0,0.0,9168.0,151.9,430.0,2024-11-26 00:00:00
28/08/2025,PN-EQ-10,24.0,0.0,11177.2,373.4,500.0,2025-08-29 00:00:00
04/05/2025,PN-EQ-06 ,24.0,0.0,5094.8,122.2,300.0,2025-05-04 00:00:00
15/05/2025,PN-EQ-04	,24.0,0.0,10485.2,204.9,460.0,2025-05-16 00:00:00
24/12/2024,PN-EQ-10,16.5,7.5,7128.4,157.5,500.0,2024-12-25 00:00:00
29/09/2024,PN_EQ_07,18.7,5.3,6110.0,108.0,350.0,2024-09-30 00:00:00
25/02/2025,PN_EQ_03,24.0,0.0,7601.9,140.3,380.0,2025-02-26 00:00:00
15/05/2025,PN_EQ_01,24.0,0.0,11676.4,,520.0,2025-05-16 00:00:00
04/08/2024, PN-EQ-04,24.0,0.0,10420.6,222.3,460.0,2024-08-05 00:00:00
24/09/2025,PN-EQ-07,19.7,4.3,6248.2,184.0,350.0,2025-09-25 00:00:00
01/04/2025,PNEQ04,24.0,0.0,10224.3,189.9,460.0,2025-04-02 00:00:00
25/05/2024, PN-EQ-05,24.0,0.0,7027.1,166.7,300.0,2024-05-26 00:00:00
20/05/2025,PN-EQ-05,15.6,8.4,3871.6,103.3,300.0,2025-05-21 00:00:00
23/11/2024,PN_EQ_02,24.0,0.0,9761.3,,430.0,2024-11-24 00:00:00
19/01/2024,pn-eq-06,24.0,0.0,6363.0,172.9,300.0,2024-01-20 00:00:00
20/05/2025,pn-eq-09,24.0,0.0,5656.8,87.7,260.0,2025-05-21 00:00:00
19/12/2025,PN-EQ-08 ,24.0,0.0,8811.6,,400.0,2025-12-20 00:00:00
29/06/2024,PN-EQ-09 ,24.0,0.0,5687.4,160.8,260.0,2024-06-30 00:00:00
06/08/2025,PN-EQ-09 ,24.0,0.0,5476.3,149.5,260.0,2025-08-07 00:00:00
14/05/2024,PN-EQ-10	,4.0,20.0,1844.0,27.7,500.0,2024-05-15 00:00:00
20/08/2024,PN-EQ-01,23.5,0.5,11174.0,239.2,520.0,2024-08-21 00:00:00
29/04/2024,PN-EQ-01	,24.0,0.0,11283.2,188.7,520.0,2024-04-30 00:00:00
09/05/2024,PN-EQ-07 ,24.0,0.0,7639.3,241.1,350.0,2024-05-10 00:00:00
21/04/2025,PNEQ05,14.4,9.6,3876.0,71.8,300.0,2025-04-22 00:00:00
23/05/2025,PN-EQ-02 ,24.0,0.0,9292.0,188.3,430.0,2025-05-24 00:00:00
06/08/2025,PNEQ05,24.0,0.0,6319.4,128.8,300.0,2025-08-07 00:00:00
07/04/2024,PN-EQ-04	,24.0,0.0,10312.0,111.6,460.0,2024-04-08 00:00:00
17/06/2024,PNEQ05,24.0,0.0,6313.5,149.9,300.0,2024-06-18 00:00:00
09/08/2024,PN_EQ_08,21.7,2.3,7797.7,39.0,400.0,2024-08-10 00:00:00
12/04/2024,PN-EQ-07 ,22.1,1.9,6937.6,164.2,350.0,2024-04-13 00:00:00
13/10/2024, PN-EQ-04,6.2,17.8,2474.6,67.8,460.0,2024-10-14 00:00:00
24/02/2025,PN-EQ-02 ,19.3,4.7,7178.4,65.3,430.0,2025-02-25 00:00:00
07/04/2025,pn-eq-08,18.4,5.6,6343.6,251.3,400.0,2025-04-08 00:00:00
07/03/2024,PNEQ09,24.0,0.0,5197.5,92.5,260.0,2024-03-08 00:00:00
07/02/2024,PN_EQ_05,24.0,0.0,6524.4,56.7,300.0,2024-02-08 00:00:00
01/11/2024,PN-EQ-06	,17.5,6.5,4313.2,60.6,300.0,2024-11-02 00:00:00
02/02/2025,PN_EQ_01,24.0,0.0,10999.6,301.7,520.0,2025-02-03 00:00:00
14/06/2024, PN-EQ-07,24.0,0.0,7023.4,103.5,350.0,2024-06-15 00:00:00
28/05/2024,PN-EQ-07	,22.0,2.0,6784.3,141.4,350.0,2024-05-29 00:00:00
05/04/2024,PNEQ02,24.0,0.0,9664.9,231.4,430.0,2024-04-06 00:00:00
31/07/2024,PN-EQ-09 ,24.0,0.0,5525.3,166.8,260.0,2024-08-01 00:00:00
03/10/2024,PNEQ02,18.2,5.8,6290.3,166.0,430.0,2024-10-04 00:00:00
18/06/2025,PN-EQ-05 ,24.0,0.0,6640.3,93.6,300.0,2025-06-19 00:00:00
27/11/2025,pn-eq-06,16.5,7.5,4266.1,112.2,300.0,2025-11-28 00:00:00
23/03/2024,pn-eq-07,24.0,0.0,7704.6,71.2,350.0,2024-03-24 00:00:00
01/05/2025,PN-EQ-06 ,21.3,2.7,5599.5,142.2,300.0,2025-05-02 00:00:00
20/07/2024,pn-eq-07,24.0,,7265.4,224.8,350.0,2024-07-21 00:00:00
20/07/2024, PN-EQ-02,24.0,0.0,8910.1,170.6,430.0,2024-07-21 00:00:00
28/12/2025, PN-EQ-06,22.5,1.5,6071.5,227.8,300.0,2025-12-29 00:00:00
18/07/2025,PNEQ09,24.0,0.0,5334.5,124.3,260.0,2025-07-19 00:00:00
07/01/2025,PN-EQ-06	,24.0,0.0,6422.3,165.2,300.0,2025-01-08 00:00:00
27/09/2025,PN_EQ_10,24.0,0.0,9911.2,0.2,500.0,2025-09-28 00:00:00
03/03/2024,PN-EQ-06	,24.0,0.0,6426.8,235.0,300.0,2024-03-04 00:00:00
21/10/2024,PN-EQ-09 ,24.0,0.0,5489.8,50.3,260.0,2024-10-22 00:00:00
04/10/2025,PNEQ02,4.0,20.0,1554.8,14.7,430.0,2025-10-05 00:00:00
27/02/2024,PN-EQ-06 ,24.0,0.0,6350.5,211.3,300.0,2024-02-28 00:00:00
04/12/2025,PN-EQ-02	,24.0,0.0,9980.1,,430.0,2025-12-05 00:00:00
08/01/2024,PNEQ04,23.5,0.5,10447.5,126.3,460.0,2024-01-09 00:00:00
19/07/2025,PN-EQ-04 ,24.0,0.0,9325.0,82.6,460.0,2025-07-20 00:00:00
05/06/2025,PN-EQ-08 ,24.0,0.0,8518.8,171.9,400.0,2025-06-06 00:00:00
06/02/2025,PNEQ07,20.7,3.3,6575.8,177.5,350.0,2025-02-07 00:00:00
17/05/2025,PNEQ05,24.0,0.0,6487.7,173.4,300.0,2025-05-18 00:00:00
28/12/2025,PN-EQ-03,14.6,9.4,5106.5,87.0,380.0,2025-12-29 00:00:00
11/11/2025,PN-EQ-03 ,24.0,0.0,8511.8,,380.0,2025-11-12 00:00:00
04/01/2025,PN-EQ-08,24.0,0.0,9230.1,103.3,400.0,2025-01-05 00:00:00
23/02/2024,PN-EQ-03,24.0,,7984.9,94.5,380.0,2024-02-24 00:00:00
19/07/2025,pn-eq-08,24.0,0.0,9058.3,235.2,400.0,2025-07-20 00:00:00
08/05/2025,PN-EQ-05 ,24.0,0.0,5312.3,27.3,300.0,2025-05-06 00:00:00
28/12/2024, PN-EQ-10,24.0,0.0,10807.1,271.8,500.0,2024-12-29 00:00:00
11/06/2024,PN-EQ-01	,24.0,0.0,11968.7,195.7,520.0,2024-06-12 00:00:00
12/10/2024,PNEQ03,24.0,0.0,8802.8,169.9,380.0,2024-10-13 00:00:00
21/12/2024,pn-eq-06,17.9,6.1,4989.6,83.0,300.0,2024-12-22 00:00:00
22/11/2025, PN-EQ-01,24.0,0.0,10817.6,120.9,520.0,2025-11-23 00:00:00
25/02/2025,PN-EQ-09,24.0,,5288.3,28.4,260.0,2025-02-26 00:00:00
21/04/2024,pn-eq-09,24.0,0.0,5970.4,98.9,260.0,2024-04-22 00:00:00
24/11/2024,PNEQ04,24.0,0.0,9005.2,227.2,460.0,2024-11-25 00:00:00
11/12/2025, PN-EQ-07,24.0,0.0,8316.0,217.7,350.0,2025-12-12 00:00:00
10/08/2025,PNEQ01,24.0,0.0,10946.3,,520.0,2025-08-11 00:00:00
19/03/2025,PN_EQ_08,4.0,20.0,1444.8,22.8,400.0,2025-03-20 00:00:00
09/07/2025,PNEQ07,24.0,0.0,7695.8,208.9,350.0,2025-07-10 00:00:00
13/06/2025, PN-EQ-06,24.0,0.0,6259.1,95.3,300.0,2025-06-14 00:00:00
04/07/2024,PN_EQ_03,24.0,0.0,8849.8,176.0,380.0,2024-07-05 00:00:00
03/02/2025,PNEQ06,24.0,0.0,7069.6,111.6,300.0,2025-02-04 00:00:00
27/07/2025,PNEQ01,24.0,0.0,11478.9,154.7,520.0,2025-07-28 00:00:00
08/09/2025,PN-EQ-07	,24.0,0.0,7364.0,98.7,350.0,2025-09-07 00:00:00
28/03/2024, PN-EQ-06,24.0,0.0,6682.4,161.6,300.0,2024-03-29 00:00:00
22/01/2025,PN_EQ_06,24.0,0.0,5785.3,121.1,300.0,2025-01-23 00:00:00
08/02/2024, PN-EQ-09,24.0,0.0,5939.9,29.3,260.0,2024-02-09 00:00:00
24/07/2025,pn-eq-09,24.0,,5585.5,150.4,260.0,2025-07-25 00:00:00
26/01/2025,pn-eq-02,19.3,4.7,7884.0,137.3,430.0,2025-01-27 00:00:00
06/06/2025,PN-EQ-05 ,24.0,0.0,6947.7,78.8,300.0,2025-06-07 00:00:00
05/01/2025,PN-EQ-07,24.0,0.0,8032.6,138.1,350.0,2025-01-06 00:00:00
02/09/2024, PN-EQ-08,24.0,0.0,9221.4,230.6,400.0,2024-09-03 00:00:00
13/06/2024,PN-EQ-04	,22.7,1.3,9834.8,88.1,460.0,2024-06-14 00:00:00
12/01/2024,PN-EQ-09	,24.0,0.0,5929.2,168.1,260.0,2024-01-13 00:00:00
14/09/2025, PN-EQ-02,24.0,0.0,9591.9,183.6,430.0,2025-09-15 00:00:00
26/09/2025,PN-EQ-03	,23.5,0.5,8369.7,262.2,380.0,2025-09-27 00:00:00
11/09/2025,PN-EQ-04 ,24.0,0.0,9357.4,66.0,460.0,2025-09-12 00:00:00
16/06/2024,PNEQ07,24.0,0.0,7652.7,85.7,350.0,2024-06-17 00:00:00
10/11/2025,PN_EQ_10,20.7,3.3,8220.9,252.9,500.0,2025-11-11 00:00:00
15/05/2025,pn-eq-03,18.4,5.6,6409.6,79.3,380.0,2025-05-16 00:00:00
18/10/2025, PN-EQ-10,8.1,15.9,3787.7,150.6,500.0,2025-10-19 00:00:00
16/07/2024,PN_EQ_03,4.9,19.1,1801.1,,380.0,2024-07-17 00:00:00
20/02/2025,PN-EQ-04	,24.0,0.0,9499.0,204.1,460.0,2025-02-21 00:00:00
12/10/2025,PN-EQ-04 ,24.0,0.0,9092.7,97.2,460.0,2025-10-10 00:00:00
19/10/2024,PN-EQ-08,24.0,0.0,8891.9,201.2,400.0,2024-10-20 00:00:00
28/04/2025,PN-EQ-10,21.8,2.2,9890.3,186.6,500.0,2025-04-29 00:00:00
30/12/2025,PN-EQ-01	,9.0,15.0,3808.4,102.1,520.0,2025-12-31 00:00:00
08/01/2025,PN-EQ-08,24.0,0.0,8608.8,149.9,400.0,2025-01-09 00:00:00
18/04/2025,PNEQ04,15.8,8.2,6605.2,241.2,460.0,2025-04-19 00:00:00
14/09/2025,PNEQ09,16.9,7.1,3790.4,76.9,260.0,2025-09-15 00:00:00
15/02/2025,PN_EQ_10,24.0,0.0,10465.0,342.8,500.0,2025-02-16 00:00:00
23/06/2025,PN-EQ-08 ,23.2,0.8,8492.0,138.2,400.0,2025-06-24 00:00:00
21/04/2025,PN_EQ_06,24.0,0.0,6748.7,179.7,300.0,2025-04-22 00:00:00
16/03/2024,PN-EQ-04	,24.0,0.0,9650.4,233.5,460.0,2024-03-17 00:00:00
24/08/2024,PN-EQ-01 ,24.0,0.0,10096.6,292.5,520.0,2024-08-25 00:00:00
09/12/2025, PN-EQ-08,24.0,0.0,9504.0,220.1,400.0,2025-12-10 00:00:00
04/04/2024,PN-EQ-02 ,24.0,0.0,8879.4,276.6,430.0,2024-04-05 00:00:00
13/05/2025,PN-EQ-07 ,24.0,0.0,7880.6,118.8,350.0,2025-05-14 00:00:00
11/11/2024,pn-eq-03,24.0,0.0,8128.9,100.7,380.0,2024-11-12 00:00:00
09/09/2025,PN_EQ_04,24.0,0.0,9956.4,134.8,460.0,2025-09-10 00:00:00
20/06/2025,PNEQ10,24.0,0.0,10809.0,196.7,500.0,2025-06-21 00:00:00
07/01/2026,pn-eq-03,24.0,0.0,8913.6,95.6,380.0,2026-01-08 00:00:00
02/09/2025,PN-EQ-08 ,24.0,0.0,8645.3,197.9,400.0,2025-09-03 00:00:00
29/11/2025,PNEQ05,9.5,14.5,2457.7,54.5,300.0,2025-11-30 00:00:00
17/02/2024,PN-EQ-07,24.0,0.0,7038.1,204.7,350.0,2024-02-18 00:00:00
10/02/2024, PN-EQ-06,24.0,0.0,6445.5,118.4,300.0,2024-02-11 00:00:00
22/09/2024, PN-EQ-07,24.0,0.0,7234.9,80.7,350.0,2024-09-23 00:00:00
22/06/2024, PN-EQ-10,24.0,0.0,10900.8,243.7,500.0,2024-06-23 00:00:00
08/09/2024,PN_EQ_09,21.6,2.4,4927.9,119.4,260.0,2024-09-09 00:00:00
09/05/2024,pn-eq-04,17.8,6.2,7560.1,265.1,460.0,2024-05-10 00:00:00
26/04/2025,pn-eq-10,24.0,0.0,10663.0,135.0,500.0,2025-04-27 00:00:00
20/04/2024,PN_EQ_02,21.7,2.3,8468.1,133.6,430.0,2024-04-21 00:00:00
26/01/2025,PN-EQ-05	,24.0,0.0,5941.7,196.7,300.0,2025-01-27 00:00:00
18/02/2024,PN_EQ_09,16.1,7.9,3846.2,30.7,260.0,2024-02-19 00:00:00
27/12/2025,PNEQ07,24.0,0.0,6935.1,75.2,350.0,2025-12-28 00:00:00
12/11/2024,pn-eq-01,24.0,0.0,10951.6,175.7,520.0,2024-11-13 00:00:00
19/08/2024,pn-eq-05,24.0,0.0,6463.6,89.7,300.0,2024-08-20 00:00:00
15/10/2024,pn-eq-08,24.0,0.0,8350.5,239.3,400.0,2024-10-16 00:00:00
27/11/2024,pn-eq-10,24.0,0.0,10456.7,167.9,500.0,2024-11-28 00:00:00
29/08/2024,PN-EQ-03,22.5,1.5,7091.7,147.9,380.0,2024-08-30 00:00:00
29/05/2025, PN-EQ-05,24.0,0.0,6968.7,156.0,300.0,2025-05-30 00:00:00
26/05/2024, PN-EQ-06,24.0,0.0,5929.4,95.4,300.0,2024-05-27 00:00:00
20/10/2024,PN-EQ-04,24.0,0.0,9206.7,302.2,460.0,2024-10-21 00:00:00
14/06/2025,PN_EQ_09,24.0,0.0,5654.6,96.5,260.0,2025-06-15 00:00:00
12/07/2025,PN_EQ_09,23.5,0.5,5688.7,188.4,260.0,2025-07-13 00:00:00
08/04/2025,PN-EQ-07	,24.0,0.0,7602.5,241.2,350.0,2025-04-09 00:00:00
26/05/2024,PNEQ01,24.0,0.0,9316.3,126.2,520.0,2024-05-26 00:00:00
31/07/2024,PN-EQ-04	,24.0,0.0,10233.6,100.0,460.0,2024-08-01 00:00:00
15/04/2024,PN-EQ-04 ,15.6,8.4,6466.0,261.4,460.0,2024-04-16 00:00:00
20/08/2025,pn-eq-01,24.0,0.0,10033.2,161.0,520.0,2025-08-21 00:00:00
03/07/2025, PN-EQ-06,18.7,5.3,4708.9,134.0,300.0,2025-07-04 00:00:00
17/12/2024,PN_EQ_06,24.0,0.0,6455.6,170.8,300.0,2024-12-18 00:00:00
18/10/2024, PN-EQ-03,24.0,0.0,8226.5,131.2,380.0,2024-10-19 00:00:00
19/12/2025,PN_EQ_02,22.9,1.1,9497.3,127.2,430.0,2025-12-20 00:00:00
23/12/2024,PN-EQ-10	,24.0,0.0,10690.0,134.4,500.0,2024-12-24 00:00:00
01/06/2024, PN-EQ-06,24.0,0.0,6719.5,176.4,300.0,2024-06-02 00:00:00
30/05/2025,PN-EQ-04 ,24.0,,9264.5,171.3,460.0,2025-05-31 00:00:00
29/11/2024, PN-EQ-05,17.8,6.2,4731.0,102.6,300.0,2024-11-30 00:00:00
14/08/2025,pn-eq-09,24.0,0.0,5267.9,112.2,260.0,2025-08-15 00:00:00
12/06/2025,PN-EQ-10 ,24.0,0.0,9575.6,179.9,500.0,2025-06-13 00:00:00
04/07/2024,PNEQ05,15.3,8.7,4310.0,111.6,300.0,2024-07-05 00:00:00
30/10/2025,PN-EQ-07 ,24.0,0.0,7158.9,197.2,350.0,2025-10-31 00:00:00
28/08/2025,PN-EQ-04 ,13.4,10.6,5413.6,110.5,460.0,2025-08-29 00:00:00
04/06/2025,PN_EQ_03,18.8,5.2,6256.9,125.1,380.0,2025-06-05 00:00:00
12/12/2024,PN-EQ-02 ,24.0,0.0,9790.9,,430.0,2024-12-13 00:00:00
19/10/2024,PN-EQ-09 ,24.0,0.0,5102.9,159.9,260.0,2024-10-20 00:00:00
25/07/2025, PN-EQ-08,19.4,4.6,6958.7,146.6,400.0,2025-07-26 00:00:00
07/01/2024,PNEQ02,24.0,0.0,9431.4,134.1,430.0,2024-01-08 00:00:00
03/07/2024,PNEQ03,24.0,0.0,9028.8,78.4,380.0,2024-07-04 00:00:00
13/09/2025,PNEQ10,24.0,0.0,10999.7,159.2,500.0,2025-09-14 00:00:00
23/07/2025, PN-EQ-01,24.0,0.0,11807.6,263.0,520.0,2025-07-24 00:00:00
16/08/2024, PN-EQ-05,24.0,0.0,6414.2,187.6,300.0,2024-08-17 00:00:00
08/12/2024,pn-eq-01,24.0,0.0,12355.2,230.8,520.0,2024-12-09 00:00:00
10/01/2024, PN-EQ-01,24.0,0.0,11046.3,162.5,520.0,2024-01-11 00:00:00
18/03/2024,PN-EQ-04,24.0,0.0,9684.5,215.6,460.0,2024-03-19 00:00:00
20/03/2024,PNEQ09,24.0,0.0,5566.9,73.0,260.0,2024-03-21 00:00:00
11/06/2025,PNEQ04,24.0,0.0,9981.5,173.4,460.0,2025-06-12 00:00:00
26/08/2024,PN-EQ-06	,24.0,0.0,6642.1,180.0,300.0,2024-08-27 00:00:00
31/12/2024,PN-EQ-01 ,12.3,,6073.2,3.1,520.0,2025-01-01 00:00:00
22/12/2024, PN-EQ-10,9.4,14.6,4066.6,84.9,500.0,2024-12-23 00:00:00
04/10/2025,pn-eq-08,24.0,0.0,8769.9,252.2,400.0,2025-10-05 00:00:00
21/07/2025,PN-EQ-07 ,24.0,0.0,6793.2,136.7,350.0,2025-07-19 00:00:00
15/01/2024,PN-EQ-07,24.0,0.0,7585.1,65.4,350.0,2024-01-16 00:00:00
13/04/2025,PN_EQ_09,24.0,0.0,5359.0,76.0,260.0,2025-04-14 00:00:00
06/08/2025,pn-eq-07,24.0,0.0,8042.3,149.2,350.0,2025-08-07 00:00:00
13/02/2025,PN-EQ-04	,5.0,19.0,1944.0,26.0,460.0,2025-02-14 00:00:00
28/05/2025,PN-EQ-03	,24.0,0.0,9018.6,213.6,380.0,2025-05-29 00:00:00
09/01/2024,PN-EQ-01	,21.5,2.5,10084.3,202.6,520.0,2024-01-10 00:00:00
06/05/2025,PNEQ08,24.0,0.0,9417.9,175.4,400.0,2025-05-07 00:00:00
25/03/2024, PN-EQ-10,24.0,0.0,11360.6,257.3,500.0,2024-03-26 00:00:00
02/03/2025,PN_EQ_10,21.1,2.9,8941.6,170.7,500.0,2025-03-03 00:00:00
02/09/2024,pn-eq-06,22.0,2.0,5696.8,37.6,300.0,2024-09-03 00:00:00
05/12/2024,PN-EQ-07 ,21.4,2.6,6196.1,122.7,350.0,2024-12-06 00:00:00
11/09/2024,PN-EQ-03,21.8,2.2,6713.8,94.3,380.0,2024-09-12 00:00:00
11/11/2025,PNEQ04,18.1,5.9,7429.0,79.7,460.0,2025-11-12 00:00:00
19/09/2025,PN-EQ-10	,24.0,,11040.0,167.3,500.0,2025-09-20 00:00:00
12/01/2024,PN-EQ-01 ,24.0,0.0,12355.2,269.9,520.0,2024-01-13 00:00:00
16/07/2024,PN-EQ-02 ,24.0,0.0,9097.1,203.7,430.0,2024-07-17 00:00:00
02/10/2025,pn-eq-02,24.0,0.0,9448.9,217.6,430.0,2025-10-03 00:00:00
06/07/2024, PN-EQ-05,24.0,0.0,6046.7,108.5,300.0,2024-07-07 00:00:00
18/07/2025,PNEQ10,24.0,0.0,10702.5,125.3,500.0,2025-07-19 00:00:00
15/09/2024,PN-EQ-05	,18.7,5.3,4924.6,79.1,300.0,2024-09-16 00:00:00
06/02/2025,PN_EQ_10,24.0,0.0,9678.5,195.2,500.0,2025-02-07 00:00:00
06/05/2025,PN-EQ-10,24.0,0.0,10332.3,328.0,500.0,2025-05-07 00:00:00
09/01/2024, PN-EQ-05,24.0,0.0,6019.6,146.5,300.0,2024-01-10 00:00:00
30/04/2025,PN-EQ-08,10.1,13.9,3999.6,,400.0,2025-05-01 00:00:00
14/08/2024,pn-eq-01,17.4,6.6,8778.5,276.9,520.0,2024-08-15 00:00:00
14/05/2024, PN-EQ-03,17.4,6.6,5443.1,115.5,380.0,2024-05-15 00:00:00
03/03/2024,PN-EQ-02 ,24.0,0.0,10022.2,123.0,430.0,2024-03-04 00:00:00
14/07/2024,PN-EQ-09	,24.0,0.0,4735.4,55.8,260.0,2024-07-13 00:00:00
20/11/2024,PN-EQ-04 ,24.0,,9494.6,137.3,460.0,2024-11-21 00:00:00
28/07/2025,PN-EQ-05	,24.0,0.0,6404.5,151.3,300.0,2025-07-29 00:00:00
06/02/2024,PN_EQ_08,24.0,0.0,8574.2,93.2,400.0,2024-02-07 00:00:00
11/04/2024,PN-EQ-06	,24.0,0.0,6525.9,82.8,300.0,2024-04-12 00:00:00
23/10/2024, PN-EQ-01,24.0,0.0,11039.1,294.0,520.0,2024-10-24 00:00:00
27/04/2024,PN-EQ-01	,24.0,0.0,11454.0,171.1,520.0,2024-04-28 00:00:00
12/02/2025,PN_EQ_04,16.5,7.5,6427.6,104.6,460.0,2025-02-13 00:00:00
24/12/2025, PN-EQ-01,24.0,0.0,10805.3,246.4,520.0,2025-12-25 00:00:00
04/10/2025,PN-EQ-06	,24.0,0.0,7094.0,148.3,300.0,2025-10-05 00:00:00
31/10/2024, PN-EQ-01,24.0,0.0,11402.5,142.5,520.0,2024-11-01 00:00:00
09/11/2024,PN-EQ-06,24.0,0.0,6598.2,136.4,300.0,2024-09-12 00:00:00
15/03/2025,PN-EQ-05,24.0,0.0,6375.1,63.4,300.0,2025-03-16 00:00:00
08/01/2026,PN_EQ_07,24.0,0.0,7535.4,131.9,350.0,2026-01-09 00:00:00
04/01/2025, PN-EQ-02,24.0,,8971.9,260.6,430.0,2025-01-05 00:00:00
03/05/2025, PN-EQ-03,24.0,0.0,8158.1,101.4,380.0,2025-05-04 00:00:00
14/09/2024,PN_EQ_04,24.0,0.0,9424.2,203.9,460.0,2024-09-15 00:00:00
18/08/2024, PN-EQ-02,24.0,0.0,9876.1,112.3,430.0,2024-08-19 00:00:00
01/07/2024,PN_EQ_05,24.0,0.0,7128.0,252.8,300.0,2024-07-02 00:00:00
02/02/2024, PN-EQ-10,24.0,0.0,11221.1,263.7,500.0,2024-02-03 00:00:00
08/07/2024,PN-EQ-08 ,24.0,0.0,8232.7,200.2,400.0,2024-07-09 00:00:00
02/10/2024,PNEQ10,24.0,0.0,11513.0,247.4,500.0,2024-10-03 00:00:00
12/07/2024,PNEQ01,24.0,0.0,12355.2,402.0,520.0,2024-07-13 00:00:00
13/02/2024,PN-EQ-03	,24.0,0.0,7592.8,124.6,380.0,2024-02-14 00:00:00
09/04/2024,PN-EQ-04,24.0,0.0,10425.8,157.5,460.0,2024-04-10 00:00:00
05/03/2024,PN_EQ_07,24.0,0.0,7574.0,143.9,350.0,2024-03-06 00:00:00
13/07/2025,PN-EQ-02	,24.0,0.0,9337.0,216.4,430.0,2025-07-14 00:00:00
06/02/2025,PN_EQ_02,24.0,0.0,10071.6,206.1,430.0,2025-02-07 00:00:00
22/09/2024,PN-EQ-09	,16.8,7.2,4048.9,158.7,260.0,2024-09-23 00:00:00
20/11/2025,PN-EQ-03	,24.0,0.0,8799.2,107.6,380.0,2025-11-21 00:00:00
09/10/2024,PN_EQ_05,24.0,0.0,6204.6,144.3,300.0,2024-10-10 00:00:00
18/05/2024,pn-eq-06,24.0,0.0,6850.8,118.0,300.0,2024-05-19 00:00:00
02/06/2025,PNEQ01,24.0,0.0,10693.4,199.0,520.0,2025-06-03 00:00:00
12/12/2025,PN_EQ_05,24.0,0.0,6544.0,148.2,300.0,2025-12-13 00:00:00
18/09/2024,pn-eq-07,24.0,0.0,7575.4,164.9,350.0,2024-09-19 00:00:00
16/03/2025,PN-EQ-05	,24.0,0.0,6103.5,63.2,300.0,2025-03-17 00:00:00
24/12/2024,PN_EQ_06,24.0,0.0,6569.8,92.1,300.0,2024-12-25 00:00:00
30/08/2025,PN-EQ-04 ,19.2,4.8,7162.8,238.8,460.0,2025-08-31 00:00:00
19/12/2024,PN-EQ-05 ,24.0,0.0,6817.4,,300.0,2024-12-20 00:00:00
29/03/2024,pn-eq-02,24.0,0.0,9687.0,172.9,430.0,2024-03-30 00:00:00
13/06/2025,PNEQ05,24.0,,6535.9,153.3,300.0,2025-06-14 00:00:00
27/10/2024,PN-EQ-08 ,19.9,4.1,7880.4,92.3,400.0,2024-10-28 00:00:00
04/01/2026,PN-EQ-04,24.0,0.0,9691.0,181.0,460.0,2026-01-05 00:00:00
29/03/2024,PN-EQ-09,24.0,0.0,5548.7,26.9,260.0,2024-03-30 00:00:00
16/11/2025,pn-eq-04,24.0,0.0,9525.6,270.7,460.0,2025-11-14 00:00:00
05/11/2024, PN-EQ-05,4.0,20.0,1098.2,20.0,300.0,2024-11-06 00:00:00
24/12/2024,PN-EQ-05 ,24.0,0.0,6494.6,129.1,300.0,2024-12-25 00:00:00
03/04/2024,pn-eq-03,24.0,0.0,7239.0,247.4,380.0,2024-04-04 00:00:00
07/01/2024,pn-eq-05,24.0,0.0,6053.8,130.4,300.0,2024-01-08 00:00:00
23/02/2024,PN-EQ-07	,24.0,0.0,8190.7,109.7,350.0,2024-02-24 00:00:00
15/10/2024,PN-EQ-07,24.0,0.0,8076.8,82.3,350.0,2024-10-16 00:00:00
16/11/2025,PN_EQ_07,24.0,0.0,7381.9,39.0,350.0,2025-11-17 00:00:00
17/12/2024,PN-EQ-05	,19.9,4.1,5626.2,175.7,300.0,2024-12-18 00:00:00
10/07/2024,PN_EQ_10,24.0,0.0,11502.8,200.4,500.0,2024-07-11 00:00:00
30/01/2025,PN_EQ_02,24.0,0.0,9176.0,157.6,430.0,2025-01-31 00:00:00
22/09/2024,PN-EQ-05 ,24.0,0.0,5884.9,157.8,300.0,2024-09-23 00:00:00
20/03/2024,PN-EQ-04 ,24.0,0.0,10116.9,288.9,460.0,2024-03-21 00:00:00
02/03/2024,PN-EQ-06	,24.0,0.0,6802.2,101.5,300.0,2024-03-03 00:00:00
26/04/2025,PN-EQ-01 ,16.6,7.4,7880.1,52.7,520.0,2025-04-27 00:00:00
01/06/2025,PN-EQ-09,24.0,0.0,5576.9,141.5,260.0,2025-06-01 00:00:00
11/04/2025,PN-EQ-02	,24.0,0.0,9070.1,209.4,430.0,2025-04-12 00:00:00
05/02/2024,PN-EQ-03,24.0,0.0,8114.6,206.2,380.0,2024-02-06 00:00:00
05/07/2024,pn-eq-09,24.0,0.0,5344.3,48.7,260.0,2024-07-06 00:00:00
21/01/2025, PN-EQ-09,24.0,,6128.8,144.3,260.0,2025-01-22 00:00:00
07/03/2025,PN_EQ_05,22.2,1.8,5958.2,108.1,300.0,2025-03-08 00:00:00
19/05/2024,PN-EQ-05,24.0,0.0,6358.0,103.9,300.0,2024-05-20 00:00:00
28/10/2025,PN-EQ-04	,24.0,,9955.1,221.3,460.0,2025-10-29 00:00:00
23/06/2024,PN-EQ-02	,18.2,5.8,7499.0,199.4,430.0,2024-06-24 00:00:00
16/10/2024,PN-EQ-07,24.0,0.0,8193.9,35.5,350.0,2024-10-17 00:00:00
15/06/2025,PN-EQ-07	,21.7,2.3,7144.7,195.7,350.0,2025-06-16 00:00:00
05/11/2024,pn-eq-09,24.0,0.0,5714.3,93.1,260.0,2024-11-06 00:00:00
10/05/2025,PN-EQ-08,24.0,0.0,8524.3,161.3,400.0,2025-05-11 00:00:00
06/07/2025,pn-eq-06,24.0,0.0,6210.0,216.3,300.0,2025-07-07 00:00:00
18/09/2025,pn-eq-06,24.0,0.0,6290.1,109.4,300.0,2025-09-19 00:00:00
24/01/2025,PNEQ07,24.0,0.0,8038.4,240.1,350.0,2025-01-25 00:00:00
10/03/2025,PNEQ09,24.0,,6177.6,164.8,260.0,2025-03-11 00:00:00
03/08/2024, PN-EQ-10,21.6,2.4,9511.6,224.7,500.0,2024-08-04 00:00:00
12/04/2025,pn-eq-04,24.0,0.0,10116.2,104.7,460.0,2025-04-13 00:00:00
28/02/2024,pn-eq-10,24.0,0.0,11527.7,112.5,500.0,2024-02-29 00:00:00
30/12/2025,PN-EQ-04,24.0,0.0,10929.6,127.0,460.0,2025-12-31 00:00:00
22/04/2024,PN_EQ_05,24.0,0.0,6578.8,142.5,300.0,2024-04-23 00:00:00
16/02/2024, PN-EQ-01,24.0,0.0,11280.2,211.9,520.0,2024-02-17 00:00:00
26/01/2024,PNEQ02,15.8,8.2,5643.4,114.8,430.0,2024-01-27 00:00:00
14/08/2024,PN-EQ-10,24.0,0.0,10128.2,191.9,500.0,2024-08-15 00:00:00
25/01/2025, PN-EQ-10,24.0,0.0,10198.7,310.9,500.0,2025-01-26 00:00:00
07/02/2025,PNEQ02,24.0,0.0,8391.5,191.1,430.0,2025-02-05 00:00:00
28/04/2024,pn-eq-07,24.0,0.0,7920.4,43.9,350.0,2024-04-29 00:00:00
15/09/2024,PNEQ04,24.0,0.0,9641.8,140.7,460.0,2024-09-16 00:00:00
28/02/2024,PN-EQ-01	,24.0,0.0,10246.5,,520.0,2024-02-27 00:00:00
08/10/2025,PN-EQ-03 ,19.3,4.7,6934.8,161.1,380.0,2025-10-09 00:00:00
02/11/2025,PN-EQ-03,24.0,0.0,8144.6,281.5,380.0,2025-11-03 00:00:00
01/02/2025, PN-EQ-02,24.0,0.0,8705.5,126.1,430.0,2025-02-02 00:00:00
23/09/2025,PN-EQ-09,24.0,0.0,5768.2,6.7,260.0,2025-09-24 00:00:00
14/09/2025,PN_EQ_10,24.0,0.0,11127.0,497.7,500.0,2025-09-15 00:00:00
30/05/2024,PN_EQ_03,24.0,0.0,7929.1,237.9,380.0,2024-05-31 00:00:00
18/11/2024,PN-EQ-08,16.2,7.8,6269.1,70.8,400.0,2024-11-19 00:00:00
31/08/2024,PN-EQ-09,24.0,0.0,5573.6,115.6,260.0,2024-09-01 00:00:00
15/02/2024,PN-EQ-01,24.0,0.0,10513.3,281.1,520.0,2024-02-16 00:00:00
10/09/2024,PN-EQ-09,24.0,0.0,5377.2,151.3,260.0,2024-09-11 00:00:00
02/09/2024,PNEQ10,24.0,0.0,10523.1,,500.0,2024-09-03 00:00:00
10/10/2024,PN-EQ-08	,24.0,0.0,8975.9,184.5,400.0,2024-10-11 00:00:00
24/07/2024,PNEQ07,24.0,0.0,7478.8,128.3,350.0,2024-07-25 00:00:00
16/09/2025, PN-EQ-08,21.2,2.8,7985.5,157.3,400.0,2025-09-17 00:00:00
02/12/2024,PN-EQ-10	,24.0,0.0,10218.7,75.4,500.0,2024-12-03 00:00:00
28/12/2025, PN-EQ-05,24.0,0.0,7128.0,140.6,300.0,2025-12-29 00:00:00
07/12/2025, PN-EQ-02,24.0,0.0,10198.0,101.1,430.0,2025-12-08 00:00:00
15/07/2024,PN-EQ-07,22.5,1.5,7148.9,220.9,350.0,2024-07-16 00:00:00
18/09/2024,PNEQ02,24.0,0.0,9775.9,226.7,430.0,2024-09-19 00:00:00
27/05/2025,PN-EQ-07,24.0,0.0,7877.2,135.0,350.0,2025-05-28 00:00:00
12/07/2025,PN-EQ-03	,24.0,,8323.9,144.6,380.0,2025-07-13 00:00:00
29/11/2024,PN-EQ-07 ,24.0,0.0,7496.8,103.9,350.0,2024-11-30 00:00:00
12/11/2024,PN-EQ-02	,24.0,0.0,9362.8,,430.0,2024-11-13 00:00:00
17/07/2025,PNEQ06,24.0,0.0,6418.4,156.7,300.0,2025-07-18 00:00:00
17/06/2025, PN-EQ-07,24.0,0.0,6941.8,168.6,350.0,2025-06-18 00:00:00
26/03/2025, PN-EQ-10,24.0,0.0,11197.9,194.6,500.0,2025-03-27 00:00:00
28/09/2024,PN-EQ-02 ,24.0,0.0,9789.0,265.9,430.0,2024-09-29 00:00:00
24/01/2025,PN-EQ-01,23.3,0.7,10712.5,314.5,520.0,2025-01-25 00:00:00
20/12/2025,PN_EQ_06,24.0,0.0,6745.7,180.3,300.0,2025-12-21 00:00:00
21/04/2024,PN_EQ_04,24.0,0.0,9543.4,333.2,460.0,2024-04-22 00:00:00
09/06/2024,PNEQ09,23.5,0.5,5484.2,171.4,260.0,2024-06-10 00:00:00
21/02/2024, PN-EQ-06,22.3,1.7,6171.2,190.0,300.0,2024-02-22 00:00:00
28/04/2024, PN-EQ-02,24.0,0.0,8943.1,105.6,430.0,2024-04-29 00:00:00
01/01/2026,PN-EQ-01 ,24.0,0.0,10578.1,237.1,520.0,2026-01-02 00:00:00
17/05/2025,PNEQ09,20.0,4.0,4778.1,59.0,260.0,2025-05-18 00:00:00
09/03/2024,PN-EQ-02,24.0,0.0,9566.7,199.6,430.0,2024-03-10 00:00:00
09/07/2024,PN-EQ-05	,24.0,0.0,7064.8,211.0,300.0,2024-07-10 00:00:00
02/06/2024,PN_EQ_01,24.0,0.0,12355.2,239.3,520.0,2024-06-03 00:00:00
12/05/2025,pn-eq-04,24.0,0.0,8976.7,124.2,460.0,2025-05-13 00:00:00
28/01/2024,PN_EQ_06,24.0,,6499.0,204.6,300.0,2024-01-29 00:00:00
17/05/2024,PN-EQ-10	,24.0,0.0,11086.5,209.3,500.0,2024-05-18 00:00:00
27/02/2024,PN-EQ-01,24.0,0.0,11326.6,185.9,520.0,2024-02-28 00:00:00
14/03/2025,pn-eq-09,15.3,8.7,3720.0,49.5,260.0,2025-03-15 00:00:00
16/02/2024,PN-EQ-03,21.9,2.1,7892.1,228.1,380.0,2024-02-17 00:00:00
16/09/2024,PN-EQ-03,24.0,0.0,7652.7,170.8,380.0,2024-09-17 00:00:00
10/04/2025,PN_EQ_03,24.0,0.0,7189.9,159.7,380.0,2025-04-11 00:00:00
06/08/2025,PN_EQ_04,19.2,4.8,7983.2,217.2,460.0,2025-08-07 00:00:00
30/12/2025, PN-EQ-07,24.0,,7038.5,223.6,350.0,2025-12-31 00:00:00
17/12/2025,PN-EQ-07 ,24.0,0.0,8316.0,228.2,350.0,2025-12-18 00:00:00
29/01/2024,PNEQ04,24.0,0.0,9014.3,,460.0,2024-01-30 00:00:00
23/05/2024,PN_EQ_02,21.4,2.6,8513.3,167.9,430.0,2024-05-24 00:00:00
29/12/2024,pn-eq-10,24.0,0.0,11791.7,158.5,500.0,2024-12-30 00:00:00
06/11/2025,PN_EQ_05,24.0,0.0,6392.8,178.7,300.0,2025-11-07 00:00:00
29/08/2024, PN-EQ-10,24.0,0.0,11501.8,283.3,500.0,2024-08-30 00:00:00
27/04/2024, PN-EQ-04,24.0,0.0,10109.3,157.5,460.0,2024-04-28 00:00:00
27/12/2025,PN_EQ_10,24.0,0.0,11668.4,94.5,500.0,2025-12-28 00:00:00
17/06/2025,pn-eq-06,24.0,0.0,6773.9,176.7,300.0,2025-06-18 00:00:00
09/02/2025,PN-EQ-08	,18.1,5.9,7117.4,104.4,400.0,2025-02-10 00:00:00
24/08/2024,PNEQ06,2.8,21.2,684.9,13.4,300.0,2024-08-25 00:00:00
30/05/2024,PN_EQ_05,24.0,0.0,5872.7,89.8,300.0,2024-05-31 00:00:00
21/03/2025,PNEQ08,19.3,4.7,7395.0,106.7,400.0,2025-03-22 00:00:00
10/07/2025,PN-EQ-10	,24.0,0.0,11046.8,153.2,500.0,2025-07-11 00:00:00
30/03/2025, PN-EQ-03,24.0,0.0,8563.2,40.9,380.0,2025-03-31 00:00:00
25/04/2025,PN-EQ-10,4.7,19.3,2241.2,37.7,500.0,2025-04-26 00:00:00
11/12/2024,PNEQ03,24.0,0.0,8649.1,211.9,380.0,2024-12-12 00:00:00
16/11/2025,pn-eq-04,24.0,0.0,10342.2,270.7,460.0,2025-11-17 00:00:00
21/12/2025,PNEQ08,21.1,,7880.4,145.4,400.0,2025-12-22 00:00:00
23/01/2024,PN-EQ-06,24.0,0.0,7057.0,251.3,300.0,2024-01-24 00:00:00
19/05/2024,PNEQ07,24.0,0.0,7361.1,92.4,350.0,2024-05-20 00:00:00
08/11/2024, PN-EQ-03,24.0,0.0,8528.5,143.2,380.0,2024-11-09 00:00:00
07/02/2025,PNEQ09,22.8,1.2,5843.2,61.8,260.0,2025-02-08 00:00:00
06/10/2025,PN-EQ-07,24.0,0.0,7474.5,146.3,350.0,2025-10-07 00:00:00
20/05/2024,PN-EQ-06 ,24.0,0.0,6289.2,73.6,300.0,2024-05-21 00:00:00
05/08/2024,PN-EQ-07	,17.5,6.5,4906.0,114.2,350.0,2024-08-05 00:00:00
26/02/2025,PN-EQ-07 ,24.0,0.0,8097.8,165.6,350.0,2025-02-27 00:00:00
19/08/2025,PN-EQ-07	,24.0,0.0,7106.8,101.3,350.0,2025-08-19 00:00:00
19/06/2024, PN-EQ-08,24.0,0.0,8923.8,176.6,400.0,2024-06-20 00:00:00
06/01/2026, PN-EQ-02,21.7,2.3,8476.4,166.9,430.0,2026-01-07 00:00:00
26/04/2025, PN-EQ-07,24.0,0.0,7967.6,208.7,350.0,2025-04-27 00:00:00
09/11/2025, PN-EQ-03,22.2,,8057.0,180.7,380.0,2025-11-10 00:00:00
27/09/2024,PNEQ06,13.9,10.1,3825.2,82.6,300.0,2024-09-28 00:00:00
27/04/2024,PNEQ08,24.0,0.0,8666.3,241.8,400.0,2024-04-28 00:00:00
09/02/2025,PN-EQ-02	,17.7,6.3,6953.6,147.2,430.0,2025-02-10 00:00:00
08/11/2025,PN-EQ-09	,24.0,0.0,4816.3,131.6,260.0,2025-11-08 00:00:00
01/02/2025,PN_EQ_04,17.0,7.0,5522.7,125.5,460.0,2025-01-31 00:00:00
24/09/2024, PN-EQ-04,23.3,0.7,9177.7,343.6,460.0,2024-09-25 00:00:00
12/04/2025,PN-EQ-09 ,24.0,0.0,5342.1,106.8,260.0,2025-04-13 00:00:00
14/12/2024,PN_EQ_02,24.0,0.0,9175.4,138.7,430.0,2024-12-15 00:00:00
23/11/2024,PN_EQ_07,24.0,0.0,7997.0,,350.0,2024-11-24 00:00:00
14/04/2024,PN-EQ-04 ,24.0,0.0,10429.2,215.5,460.0,2024-04-15 00:00:00
21/11/2024,PN_EQ_03,24.0,0.0,8534.7,37.3,380.0,2024-11-22 00:00:00
28/12/2025,PN-EQ-07 ,24.0,0.0,7167.4,19.1,350.0,2025-12-29 00:00:00
28/01/2024,PNEQ05,24.0,,6685.3,88.7,300.0,2024-01-29 00:00:00
30/09/2025,PNEQ04,24.0,0.0,10731.5,254.8,460.0,2025-10-01 00:00:00
31/08/2024,PN-EQ-09,24.0,0.0,4946.2,115.6,260.0,2024-08-29 00:00:00
29/11/2025,PN-EQ-07,24.0,0.0,8191.8,184.9,350.0,2025-11-30 00:00:00
09/04/2025,pn-eq-02,24.0,0.0,9035.4,188.3,430.0,2025-04-10 00:00:00
19/06/2024,PN_EQ_10,24.0,0.0,11643.3,,500.0,2024-06-20 00:00:00
06/09/2024, PN-EQ-08,13.0,11.0,4660.6,84.2,400.0,2024-09-07 00:00:00
26/05/2025,PN-EQ-10 ,15.0,9.0,6514.1,113.2,500.0,2025-05-27 00:00:00
19/11/2025,PNEQ05,24.0,0.0,6753.0,169.2,300.0,2025-11-20 00:00:00
15/12/2025,pn-eq-10,24.0,0.0,9896.2,153.9,500.0,2025-12-16 00:00:00
21/11/2025,PNEQ02,24.0,0.0,8566.0,57.3,430.0,2025-11-22 00:00:00
05/03/2025,PN-EQ-02	,24.0,0.0,8177.0,115.0,430.0,2025-03-06 00:00:00
03/12/2024, PN-EQ-06,8.4,15.6,2198.9,56.8,300.0,2024-12-04 00:00:00
20/11/2025,PNEQ07,24.0,0.0,7687.3,155.8,350.0,2025-11-21 00:00:00
30/11/2025,PN-EQ-05,24.0,,5020.6,170.2,300.0,2025-11-28 00:00:00
16/07/2025,PN-EQ-06	,24.0,0.0,6089.8,123.7,300.0,2025-07-17 00:00:00
16/12/2025,PN_EQ_02,24.0,0.0,9523.0,167.8,430.0,2025-12-17 00:00:00
05/06/2024,PN-EQ-05,24.0,0.0,5889.7,49.3,300.0,2024-06-06 00:00:00
25/07/2024,PN-EQ-05	,24.0,0.0,6583.3,150.5,300.0,2024-07-26 00:00:00
01/05/2025,pn-eq-04,24.0,0.0,10250.0,178.9,460.0,2025-05-02 00:00:00
27/02/2025,PNEQ07,17.3,6.7,5911.1,56.9,350.0,2025-02-28 00:00:00
29/07/2025,PN-EQ-09 ,24.0,0.0,5080.1,141.0,260.0,2025-07-30 00:00:00
14/08/2025,PN_EQ_06,24.0,0.0,6707.2,199.1,300.0,2025-08-15 00:00:00
17/05/2025,PNEQ08,19.0,5.0,6829.9,59.5,400.0,2025-05-18 00:00:00
26/01/2024, PN-EQ-05,24.0,0.0,7043.1,76.9,300.0,2024-01-27 00:00:00
22/10/2025,pn-eq-05,24.0,0.0,7087.0,69.4,300.0,2025-10-23 00:00:00
19/06/2024, PN-EQ-06,23.2,0.8,5865.3,133.7,300.0,2024-06-20 00:00:00
24/05/2025,PN-EQ-05	,24.0,0.0,6438.6,239.4,300.0,2025-05-25 00:00:00
09/03/2025,PN-EQ-10 ,24.0,0.0,10922.1,125.7,500.0,2025-03-10 00:00:00
31/12/2025, PN-EQ-08,21.2,2.8,7668.5,119.3,400.0,2026-01-01 00:00:00
30/10/2025,PN-EQ-06 ,24.0,0.0,6727.4,44.6,300.0,2025-10-31 00:00:00
19/12/2025,PN-EQ-06 ,24.0,0.0,6692.7,119.6,300.0,2025-12-20 00:00:00
14/02/2025,PNEQ03,24.0,0.0,8705.0,,380.0,2025-02-15 00:00:00
18/10/2025,PN-EQ-08	,24.0,0.0,7617.5,87.4,400.0,2025-10-19 00:00:00
23/11/2025,PN_EQ_08,24.0,0.0,8348.3,169.9,400.0,2025-11-24 00:00:00
13/07/2025,PN-EQ-10 ,24.0,0.0,11805.8,344.8,500.0,2025-07-14 00:00:00
11/08/2025, PN-EQ-01,24.0,0.0,11119.0,95.4,520.0,2025-08-12 00:00:00
06/06/2025,pn-eq-07,24.0,0.0,8191.0,238.8,350.0,2025-06-07 00:00:00
03/04/2025,PN-EQ-05,24.0,0.0,6796.4,120.1,300.0,2025-04-04 00:00:00
09/04/2025,PN_EQ_03,21.2,2.8,7159.7,208.2,380.0,2025-04-10 00:00:00
26/10/2025,PN-EQ-04 ,24.0,0.0,9888.6,391.3,460.0,2025-10-27 00:00:00
01/12/2025,PN-EQ-09	,24.0,0.0,6059.7,83.8,260.0,2025-12-02 00:00:00
13/05/2024,PN-EQ-06,24.0,0.0,6755.6,200.4,300.0,2024-05-14 00:00:00
06/12/2024,PN-EQ-01	,24.0,0.0,11038.6,249.5,520.0,2024-12-07 00:00:00
26/06/2025,PNEQ06,19.7,4.3,5648.4,64.9,300.0,2025-06-27 00:00:00
27/10/2025,PN-EQ-06,24.0,0.0,6235.8,93.3,300.0,2025-10-28 00:00:00
12/06/2024,PN_EQ_10,22.1,1.9,10173.7,202.3,500.0,2024-06-13 00:00:00
28/02/2024,PN-EQ-09	,24.0,0.0,5705.5,126.6,260.0,2024-02-29 00:00:00
02/10/2024,PN-EQ-01 ,19.1,4.9,8564.2,174.0,520.0,2024-10-03 00:00:00
07/01/2025,PN-EQ-08,8.3,15.7,3217.3,56.3,400.0,2025-01-08 00:00:00
04/10/2024,PN-EQ-07	,24.0,0.0,7577.0,52.6,350.0,2024-10-05 00:00:00
07/09/2025,PN-EQ-01 ,12.2,11.8,5679.4,168.5,520.0,2025-09-08 00:00:00
21/10/2025,pn-eq-03,24.0,0.0,8790.0,116.0,380.0,2025-10-22 00:00:00
22/07/2025,PN_EQ_06,24.0,0.0,6567.4,90.9,300.0,2025-07-23 00:00:00
04/06/2024, PN-EQ-03,16.7,7.3,6219.3,183.7,380.0,2024-06-05 00:00:00
22/03/2024,PN-EQ-07 ,24.0,0.0,7709.2,205.9,350.0,2024-03-23 00:00:00
14/10/2024,PN-EQ-10,24.0,0.0,11849.8,338.9,500.0,2024-10-15 00:00:00
10/09/2024,PN-EQ-10	,24.0,0.0,11727.9,306.3,500.0,2024-09-11 00:00:00
17/10/2025,PNEQ09,22.1,1.9,5320.5,131.6,260.0,2025-10-18 00:00:00
23/10/2024,PNEQ02,24.0,0.0,8292.0,,430.0,2024-10-24 00:00:00
07/08/2024,PN-EQ-06	,24.0,0.0,6598.3,99.9,300.0,2024-08-08 00:00:00
23/05/2024,PN-EQ-08,24.0,0.0,8213.0,215.4,400.0,2024-05-24 00:00:00
25/07/2025,PN-EQ-04,24.0,0.0,10171.9,219.9,460.0,2025-07-26 00:00:00
25/05/2025,PN-EQ-07,24.0,0.0,7407.0,114.0,350.0,2025-05-26 00:00:00
25/06/2025,pn-eq-06,24.0,0.0,5996.5,73.7,300.0,2025-06-26 00:00:00
08/10/2025,PNEQ04,16.1,7.9,6532.6,162.7,460.0,2025-10-09 00:00:00
20/02/2024,PN-EQ-10	,24.0,0.0,11009.6,291.2,500.0,2024-02-21 00:00:00
08/02/2024,PN-EQ-04	,24.0,0.0,10413.1,232.9,460.0,2024-02-09 00:00:00
15/04/2025,PN-EQ-06 ,24.0,0.0,7047.1,,300.0,2025-04-16 00:00:00
22/10/2025,pn-eq-07,24.0,0.0,7669.3,184.2,350.0,2025-10-23 00:00:00
08/04/2024,PN-EQ-05	,24.0,0.0,6279.1,246.3,300.0,2024-04-09 00:00:00
07/09/2024,PN-EQ-02,22.6,1.4,9094.0,130.5,430.0,2024-09-08 00:00:00
02/10/2025,PN-EQ-10	,24.0,0.0,11426.2,136.4,500.0,2025-10-03 00:00:00
05/10/2025,PN_EQ_03,24.0,0.0,9028.8,73.9,380.0,2025-10-06 00:00:00
14/08/2025,PN-EQ-10,24.0,0.0,10867.6,137.7,500.0,2025-08-15 00:00:00
23/02/2025,PN-EQ-08	,24.0,0.0,8781.1,166.4,400.0,2025-02-24 00:00:00
13/12/2024,PNEQ04,24.0,0.0,10054.2,182.6,460.0,2024-12-14 00:00:00
23/02/2024,PN-EQ-10 ,24.0,0.0,10314.8,162.8,500.0,2024-02-24 00:00:00
18/11/2024, PN-EQ-02,24.0,0.0,8647.8,172.8,430.0,2024-11-19 00:00:00
30/08/2025,PN-EQ-09	,24.0,0.0,6177.6,175.2,260.0,2025-08-31 00:00:00
11/07/2024,PN-EQ-05	,24.0,0.0,6709.3,110.6,300.0,2024-07-12 00:00:00
05/12/2024,PNEQ03,24.0,0.0,7631.8,247.6,380.0,2024-12-04 00:00:00
24/12/2024,PN-EQ-09	,24.0,0.0,4821.7,67.2,260.0,2024-12-24 00:00:00
16/09/2025,PN_EQ_03,24.0,0.0,8049.8,201.0,380.0,2025-09-17 00:00:00
25/09/2025,PN-EQ-09 ,24.0,0.0,5856.1,148.3,260.0,2025-09-26 00:00:00
02/03/2024,PN_EQ_01,24.0,0.0,11405.8,180.5,520.0,2024-03-03 00:00:00
10/04/2024,PN-EQ-04 ,24.0,0.0,9507.8,243.7,460.0,2024-04-11 00:00:00
01/05/2025,PN-EQ-07,24.0,0.0,8091.8,197.0,350.0,2025-05-02 00:00:00
05/07/2024,PNEQ06,16.0,8.0,4378.6,114.7,300.0,2024-07-06 00:00:00
03/04/2025,pn-eq-07,24.0,0.0,7128.8,57.4,350.0,2025-04-04 00:00:00
10/10/2024,PN_EQ_10,24.0,0.0,10300.5,228.3,500.0,2024-10-11 00:00:00
14/12/2025,pn-eq-04,24.0,0.0,9686.7,144.0,460.0,2025-12-15 00:00:00
16/02/2025, PN-EQ-02,24.0,0.0,8754.6,0.0,430.0,2025-02-17 00:00:00
10/04/2024, PN-EQ-03,23.5,0.5,8215.1,175.3,380.0,2024-04-11 00:00:00
18/06/2024, PN-EQ-04,24.0,0.0,9990.8,292.8,460.0,2024-06-19 00:00:00
19/06/2024,pn-eq-05,24.0,0.0,6379.3,128.8,300.0,2024-06-20 00:00:00
05/04/2024, PN-EQ-08,24.0,0.0,8205.3,176.3,400.0,2024-04-06 00:00:00
26/08/2024,PNEQ05,24.0,0.0,7128.0,,300.0,2024-08-27 00:00:00
21/06/2024,pn-eq-08,18.4,5.6,6588.5,146.1,400.0,2024-06-22 00:00:00
05/11/2024,PNEQ03,24.0,0.0,8083.7,153.3,380.0,2024-11-06 00:00:00
19/03/2025,PN-EQ-09	,23.0,1.0,5024.0,74.7,260.0,2025-03-20 00:00:00
17/05/2025,PN-EQ-03,24.0,0.0,8487.5,250.2,380.0,2025-05-18 00:00:00
06/06/2024,pn-eq-06,24.0,0.0,6134.2,117.8,300.0,2024-06-07 00:00:00
04/08/2025,PN_EQ_06,24.0,0.0,6158.9,139.2,300.0,2025-08-05 00:00:00
25/06/2024,PN-EQ-01 ,24.0,0.0,10527.5,309.6,520.0,2024-06-26 00:00:00
15/01/2025,PNEQ07,24.0,0.0,7290.7,143.7,350.0,2025-01-16 00:00:00
08/06/2024,PN_EQ_03,24.0,0.0,7891.6,84.1,380.0,2024-06-09 00:00:00
22/09/2024,PN-EQ-06,24.0,0.0,6584.1,139.4,300.0,2024-09-23 00:00:00
23/02/2024,pn-eq-09,24.0,0.0,6155.8,78.9,260.0,2024-02-24 00:00:00
14/06/2024,PN_EQ_08,24.0,0.0,8307.9,141.7,400.0,2024-06-15 00:00:00
03/01/2026,pn-eq-06,19.2,4.8,4944.9,151.4,300.0,2026-01-04 00:00:00
28/12/2024,PN-EQ-01 ,24.0,0.0,10219.3,194.0,520.0,2024-12-29 00:00:00
19/05/2025,PN_EQ_07,23.5,0.5,7446.3,197.9,350.0,2025-05-20 00:00:00
16/10/2024,PN-EQ-04	,16.5,,7177.3,47.5,460.0,2024-10-17 00:00:00
12/10/2025,PN-EQ-07	,24.0,0.0,7300.2,137.1,350.0,2025-10-13 00:00:00
05/07/2025,PNEQ04,24.0,0.0,9537.8,272.9,460.0,2025-07-06 00:00:00
07/01/2025,PN-EQ-04	,24.0,0.0,9462.6,244.0,460.0,2025-01-08 00:00:00
06/11/2025,PN_EQ_02,24.0,0.0,8805.6,120.2,430.0,2025-11-07 00:00:00
04/11/2025,pn-eq-01,24.0,0.0,12107.8,324.4,520.0,2025-11-05 00:00:00
19/04/2025, PN-EQ-07,12.6,11.4,3850.9,62.3,350.0,2025-04-20 00:00:00
29/09/2024,PN-EQ-05	,24.0,0.0,7128.0,139.4,300.0,2024-09-30 00:00:00
21/03/2025,PN-EQ-06	,23.1,0.9,6860.7,170.6,300.0,2025-03-22 00:00:00
23/11/2025, PN-EQ-04,24.0,0.0,9491.2,93.3,460.0,2025-11-24 00:00:00
31/07/2025,PN_EQ_10,24.0,0.0,11762.4,104.0,500.0,2025-08-01 00:00:00
06/03/2024, PN-EQ-04,24.0,0.0,10823.3,184.0,460.0,2024-03-07 00:00:00
17/01/2025,PN-EQ-04,18.6,5.4,6966.9,69.3,460.0,2025-01-18 00:00:00
05/09/2024,PNEQ05,24.0,0.0,6024.3,152.4,300.0,2024-09-06 00:00:00
23/05/2024,PNEQ03,24.0,0.0,7842.0,44.4,380.0,2024-05-24 00:00:00
07/03/2024, PN-EQ-02,17.0,7.0,6519.9,129.6,430.0,2024-03-08 00:00:00
20/12/2024,PN_EQ_03,24.0,0.0,7654.7,36.3,380.0,2024-12-21 00:00:00
13/12/2025, PN-EQ-07,24.0,0.0,7498.3,222.4,350.0,2025-12-14 00:00:00
04/12/2024,PN-EQ-09 ,24.0,0.0,5383.1,76.5,260.0,2024-12-05 00:00:00
10/06/2025,PN-EQ-05,24.0,0.0,5894.1,94.6,300.0,2025-06-11 00:00:00
25/02/2025,pn-eq-10,4.0,20.0,1829.5,9.9,500.0,2025-02-26 00:00:00
04/04/2024,pn-eq-08,24.0,0.0,8896.4,108.6,400.0,2024-04-05 00:00:00
02/06/2025,PNEQ09,24.0,0.0,5793.1,129.5,260.0,2025-06-03 00:00:00
21/11/2025,PNEQ01,24.0,0.0,10268.8,,5200.0,2025-11-22 00:00:00
15/01/2025,pn-eq-01,24.0,0.0,10091.6,308.3,520.0,2025-01-16 00:00:00
07/11/2024,PN-EQ-06	,24.0,0.0,6624.6,176.7,300.0,2024-11-08 00:00:00
09/03/2025,pn-eq-04,4.0,20.0,1518.9,25.1,460.0,2025-03-10 00:00:00
16/02/2024,PNEQ09,24.0,0.0,4621.5,81.6,260.0,2024-02-14 00:00:00
05/06/2024, PN-EQ-07,24.0,0.0,7846.1,221.8,350.0,2024-06-06 00:00:00
08/01/2025,PN-EQ-01	,24.0,0.0,10098.9,203.0,520.0,2025-01-09 00:00:00
18/09/2024,PN-EQ-03	,20.5,3.5,6528.0,164.8,380.0,2024-09-19 00:00:00
15/04/2025,PN_EQ_01,24.0,0.0,12188.3,68.2,520.0,2025-04-16 00:00:00
20/04/2024,PN-EQ-01 ,24.0,0.0,12033.3,1.4,520.0,2024-04-21 00:00:00
17/10/2024, PN-EQ-07,15.5,8.5,4910.4,110.0,350.0,2024-10-18 00:00:00
10/06/2024,PN_EQ_04,11.1,12.9,4800.7,109.8,460.0,2024-06-11 00:00:00
06/03/2025,PN_EQ_09,24.0,0.0,5855.6,83.9,260.0,2025-03-07 00:00:00
20/03/2025, PN-EQ-06,24.0,0.0,6309.9,128.1,300.0,2025-03-21 00:00:00
01/11/2024,PN-EQ-01,24.0,0.0,11560.7,171.9,520.0,2024-11-02 00:00:00
30/03/2024, PN-EQ-05,24.0,0.0,6364.9,193.7,300.0,2024-03-31 00:00:00
12/10/2024,pn-eq-07,24.0,0.0,7485.8,204.4,350.0,2024-10-13 00:00:00
07/09/2024,PN-EQ-01,24.0,0.0,12108.1,113.1,520.0,2024-09-08 00:00:00
17/09/2025,PN_EQ_10,24.0,0.0,10942.8,264.1,500.0,2025-09-18 00:00:00
03/08/2025,PNEQ08,24.0,0.0,8056.7,262.4,400.0,2025-08-04 00:00:00
24/10/2024,PNEQ10,23.1,,9967.5,,500.0,2024-10-25 00:00:00
03/01/2025,PN-EQ-10	,24.0,0.0,11122.2,267.8,500.0,2025-01-04 00:00:00
28/07/2024,PN-EQ-06 ,24.0,0.0,5951.0,110.3,300.0,2024-07-29 00:00:00
17/05/2025,PN-EQ-07,24.0,0.0,7743.9,106.5,350.0,2025-05-18 00:00:00
23/01/2024,pn-eq-10,24.0,0.0,11040.7,318.9,500.0,2024-01-24 00:00:00
19/06/2025, PN-EQ-05,14.0,,3816.5,101.6,300.0,2025-06-20 00:00:00
01/03/2024,PN-EQ-04,24.0,0.0,10482.6,89.9,460.0,2024-03-02 00:00:00
31/12/2024,PNEQ04,24.0,0.0,9780.0,204.2,460.0,2025-01-01 00:00:00
16/09/2024,PN_EQ_08,24.0,0.0,7893.6,170.3,400.0,2024-09-17 00:00:00
17/10/2024,PN-EQ-06 ,24.0,0.0,6806.7,159.2,300.0,2024-10-18 00:00:00
21/01/2024, PN-EQ-01,24.0,0.0,10064.1,294.6,520.0,2024-01-22 00:00:00
06/03/2024,PN-EQ-08,24.0,0.0,8134.5,176.0,400.0,2024-03-07 00:00:00
07/09/2024,PN-EQ-05	,24.0,0.0,7128.0,326.6,300.0,2024-09-08 00:00:00
18/10/2024,PN_EQ_09,24.0,0.0,5204.3,101.4,260.0,2024-10-19 00:00:00
23/03/2025,pn-eq-06,19.1,4.9,5172.4,122.1,300.0,2025-03-24 00:00:00
29/06/2025, PN-EQ-10,24.0,0.0,10880.3,150.5,500.0,2025-06-30 00:00:00
28/12/2025,PNEQ08,18.2,5.8,6115.9,178.5,400.0,2025-12-29 00:00:00
25/04/2024,PN-EQ-02 ,24.0,0.0,8769.7,245.8,430.0,2024-04-26 00:00:00
04/09/2024,PN_EQ_02,24.0,0.0,9590.9,233.1,430.0,2024-09-05 00:00:00
15/05/2025, PN-EQ-09,24.0,0.0,5424.5,76.0,260.0,2025-05-16 00:00:00
21/04/2025,pn-eq-08,24.0,0.0,8473.4,141.7,400.0,2025-04-22 00:00:00
03/07/2025,PNEQ09,19.3,4.7,4393.1,45.1,260.0,2025-07-04 00:00:00
18/01/2024,PNEQ03,24.0,0.0,8487.1,234.4,380.0,2024-01-19 00:00:00
03/08/2025,PNEQ10,12.8,11.2,5729.1,177.1,500.0,2025-08-04 00:00:00
23/06/2025,PN_EQ_10,24.0,0.0,10910.8,355.4,500.0,2025-06-24 00:00:00
25/08/2024,PN-EQ-01	,24.0,0.0,10138.7,321.5,520.0,2024-08-26 00:00:00
20/12/2025,PN-EQ-03,24.0,0.0,7984.0,147.1,380.0,2025-12-21 00:00:00
02/05/2025,PN-EQ-03,24.0,0.0,8270.8,195.0,380.0,2025-05-03 00:00:00
01/03/2024, PN-EQ-10,24.0,0.0,10598.8,298.2,500.0,2024-03-02 00:00:00
15/03/2024,PN-EQ-02,24.0,0.0,9769.4,107.8,430.0,2024-03-16 00:00:00
23/06/2024,PN_EQ_03,13.7,10.3,4768.8,135.5,380.0,2024-06-24 00:00:00
25/02/2025,PN-EQ-04	,24.0,0.0,9074.4,309.4,460.0,2025-02-26 00:00:00
15/08/2025,PN-EQ-04,24.0,0.0,9977.1,225.0,460.0,2025-08-16 00:00:00
16/03/2024,PN-EQ-10 ,24.0,0.0,10535.9,363.0,500.0,2024-03-17 00:00:00
27/11/2024,PN-EQ-02,24.0,0.0,9627.7,92.4,430.0,2024-11-28 00:00:00
27/01/2024,PN_EQ_10,4.0,20.0,1673.9,19.4,500.0,2024-01-28 00:00:00
04/04/2024,PN-EQ-07,24.0,0.0,7433.5,237.3,350.0,2024-04-05 00:00:00
20/01/2025,pn-eq-09,24.0,0.0,6051.1,177.0,260.0,2025-01-21 00:00:00
09/01/2026,pn-eq-01,19.2,4.8,8758.7,179.2,520.0,2026-01-10 00:00:00
19/08/2025, PN-EQ-05,24.0,0.0,6886.4,154.5,300.0,2025-08-20 00:00:00
07/12/2025,PN_EQ_06,24.0,0.0,6498.2,188.6,300.0,2025-12-08 00:00:00
23/04/2025,PNEQ06,24.0,0.0,6837.9,124.1,300.0,2025-04-24 00:00:00
02/10/2025,PN-EQ-09 ,24.0,0.0,5675.8,135.4,260.0,2025-10-03 00:00:00
29/06/2024,pn-eq-08,21.5,2.5,8200.7,177.0,400.0,2024-06-30 00:00:00
05/11/2025,PN-EQ-05	,24.0,0.0,6067.9,131.5,300.0,2025-11-06 00:00:00
03/08/2024, PN-EQ-06,24.0,0.0,6748.8,114.2,300.0,2024-08-04 00:00:00
28/05/2025,PN-EQ-01 ,22.0,2.0,9918.0,262.8,520.0,2025-05-29 00:00:00
06/07/2025,PN_EQ_01,24.0,0.0,10189.3,160.7,520.0,2025-07-07 00:00:00
26/10/2024,PN-EQ-06 ,18.4,5.6,4822.2,79.9,300.0,2024-10-27 00:00:00
19/06/2025,PN-EQ-08	,16.0,8.0,4989.0,119.0,400.0,2025-06-20 00:00:00
31/12/2024,PN-EQ-06	,22.5,1.5,5915.2,127.0,300.0,2025-01-01 00:00:00
27/05/2025,PN_EQ_01,24.0,0.0,10661.9,229.3,520.0,2025-05-28 00:00:00
21/07/2024,pn-eq-04,24.0,0.0,9992.9,104.0,460.0,2024-07-22 00:00:00
02/07/2025,PN_EQ_03,24.0,0.0,7751.0,116.6,380.0,2025-07-03 00:00:00
12/05/2024,PN-EQ-06,24.0,0.0,6428.1,203.8,300.0,2024-05-13 00:00:00
08/07/2025,PN-EQ-04	,24.0,0.0,10114.4,354.8,460.0,2025-07-09 00:00:00
06/03/2025,pn-eq-10,24.0,0.0,10553.4,193.8,500.0,2025-03-07 00:00:00
15/12/2024,PN_EQ_01,15.8,8.2,7033.3,117.3,520.0,2024-12-16 00:00:00
07/11/2024,pn-eq-02,24.0,0.0,9035.2,,430.0,2024-11-08 00:00:00
11/11/2024,PN_EQ_09,24.0,0.0,5117.6,90.2,260.0,2024-11-12 00:00:00
18/10/2025,PN-EQ-02	,24.0,0.0,9118.8,271.7,430.0,2025-10-19 00:00:00
25/01/2025,PN-EQ-01	,24.0,0.0,10793.5,305.8,520.0,2025-01-26 00:00:00
08/12/2024,PN_EQ_07,24.0,0.0,7660.9,209.4,350.0,2024-12-09 00:00:00
14/09/2024,PNEQ01,24.0,0.0,11093.0,206.4,520.0,2024-09-15 00:00:00
23/04/2024,PN_EQ_08,24.0,0.0,8577.8,149.0,400.0,2024-04-24 00:00:00
16/10/2025,PN-EQ-05 ,24.0,0.0,6390.0,134.9,300.0,2025-10-17 00:00:00
14/08/2024,PN-EQ-05,22.4,1.6,5536.0,258.1,300.0,2024-08-15 00:00:00
30/06/2024,PN-EQ-07 ,24.0,0.0,7485.0,149.0,350.0,2024-07-01 00:00:00
28/05/2025,PN-EQ-09	,24.0,0.0,5993.4,157.1,260.0,2025-05-29 00:00:00
16/10/2024,PN-EQ-02,24.0,0.0,9536.0,64.0,430.0,2024-10-17 00:00:00
02/06/2025,PNEQ05,17.9,6.1,4876.3,102.1,300.0,2025-06-03 00:00:00
09/09/2025,PN-EQ-08,15.6,8.4,5926.7,33.7,400.0,2025-09-10 00:00:00
14/04/2025,pn-eq-09,22.8,1.2,4990.1,115.6,260.0,2025-04-12 00:00:00
21/03/2024,PN-EQ-01,24.0,0.0,11664.5,237.0,520.0,2024-03-22 00:00:00
11/06/2025,PN-EQ-03	,24.0,0.0,8261.5,258.8,380.0,2025-06-12 00:00:00
17/08/2025,PNEQ06,23.2,0.8,5953.5,103.0,300.0,2025-08-18 00:00:00
28/11/2024,PN-EQ-08 ,24.0,0.0,9095.1,176.5,400.0,2024-11-29 00:00:00
10/03/2025,PNEQ05,24.0,0.0,6220.6,129.8,300.0,2025-03-11 00:00:00
05/01/2024,PN-EQ-04	,24.0,0.0,9689.0,155.9,460.0,2024-01-06 00:00:00
24/04/2024,PN-EQ-01,21.7,,8709.1,132.2,520.0,2024-04-24 00:00:00
05/02/2025,PN_EQ_02,11.2,12.8,4767.8,95.1,430.0,2025-02-06 00:00:00
16/07/2024,pn-eq-10,24.0,0.0,10916.7,268.6,500.0,2024-07-17 00:00:00
04/09/2024,PN-EQ-10,24.0,0.0,11291.1,276.1,500.0,2024-09-05 00:00:00
22/02/2024,PNEQ08,24.0,0.0,8436.8,112.3,400.0,2024-02-23 00:00:00
03/01/2026,pn-eq-07,24.0,0.0,7328.3,137.6,350.0,2026-01-04 00:00:00
24/10/2025,PN_EQ_06,24.0,0.0,6744.4,139.4,300.0,2025-10-25 00:00:00
10/03/2024,PN-EQ-01	,18.3,5.7,8072.1,101.8,520.0,2024-03-11 00:00:00
12/12/2025,pn-eq-04,24.0,0.0,9708.5,121.4,460.0,2025-12-13 00:00:00
15/08/2024,pn-eq-05,21.3,2.7,6110.1,102.8,300.0,2024-08-16 00:00:00
20/06/2025,PN_EQ_06,24.0,0.0,6620.6,141.3,300.0,2025-06-21 00:00:00
26/10/2025,PN_EQ_10,15.7,8.3,7289.9,121.0,500.0,2025-10-27 00:00:00
03/06/2025,PN-EQ-09,22.9,1.1,4553.0,112.2,260.0,2025-06-01 00:00:00
25/02/2025, PN-EQ-08,24.0,0.0,8400.4,201.7,400.0,2025-02-26 00:00:00
21/08/2024,PN-EQ-10 ,24.0,0.0,11038.1,,500.0,2024-08-22 00:00:00
18/03/2024,PN-EQ-07	,24.0,0.0,7556.0,136.6,350.0,2024-03-19 00:00:00
06/01/2025,pn-eq-04,24.0,0.0,10066.9,326.3,460.0,2025-01-07 00:00:00
21/12/2024,PN-EQ-09	,24.0,0.0,5566.1,58.8,260.0,2024-12-22 00:00:00
17/07/2024,PN_EQ_03,24.0,0.0,8443.5,213.3,380.0,2024-07-18 00:00:00
30/12/2024,PN-EQ-03 ,23.5,0.5,6871.2,111.2,380.0,2024-12-31 00:00:00
02/10/2024,PN-EQ-07,24.0,0.0,6835.8,109.0,350.0,2024-10-03 00:00:00
07/01/2024, PN-EQ-01,24.0,0.0,10355.0,188.0,520.0,2024-01-08 00:00:00
09/02/2024,pn-eq-06,18.4,5.6,5115.5,103.5,300.0,2024-02-10 00:00:00
24/09/2024,PN-EQ-05	,11.7,12.3,3238.4,27.6,300.0,2024-09-25 00:00:00
11/09/2025,PN-EQ-05,24.0,,6784.0,166.3,300.0,2025-09-12 00:00:00
05/10/2025, PN-EQ-10,24.0,0.0,11880.0,224.3,500.0,2025-10-06 00:00:00
20/07/2024,PN_EQ_09,24.0,0.0,5601.0,20.2,260.0,2024-07-21 00:00:00
26/09/2024,PN-EQ-09	,24.0,0.0,4813.5,97.7,260.0,2024-09-27 00:00:00
05/01/2025, PN-EQ-02,24.0,0.0,9607.4,137.1,430.0,2025-01-06 00:00:00
15/08/2024,PN-EQ-08,24.0,0.0,9185.0,291.2,400.0,2024-08-16 00:00:00
20/08/2024,pn-eq-04,24.0,0.0,9656.8,162.0,460.0,2024-08-21 00:00:00
23/09/2024,PNEQ08,9.4,14.6,3623.6,71.5,400.0,2024-09-24 00:00:00
09/11/2025, PN-EQ-05,24.0,0.0,6639.4,119.6,300.0,2025-11-10 00:00:00
09/11/2024,PN_EQ_09,24.0,0.0,5853.2,65.2,260.0,2024-11-10 00:00:00
25/02/2025,PNEQ02,24.0,0.0,9638.3,198.9,430.0,2025-02-26 00:00:00
22/06/2025,PNEQ07,24.0,0.0,6962.6,198.1,350.0,2025-06-23 00:00:00
01/08/2024,PNEQ03,24.0,0.0,8111.1,148.5,380.0,2024-08-02 00:00:00
06/08/2024,PN-EQ-01,24.0,0.0,11265.7,207.9,520.0,2024-08-07 00:00:00
31/10/2024,PN_EQ_08,24.0,0.0,7281.1,186.4,400.0,2024-10-30 00:00:00
30/05/2025, PN-EQ-10,20.4,3.6,9368.2,160.1,500.0,2025-05-31 00:00:00
08/04/2024,PN-EQ-06	,24.0,0.0,6223.1,155.3,300.0,2024-04-09 00:00:00
23/02/2025,PN_EQ_01,24.0,0.0,11091.2,295.9,520.0,2025-02-24 00:00:00
27/07/2024,PNEQ03,24.0,0.0,8754.3,285.7,380.0,2024-07-28 00:00:00
24/12/2025,PN-EQ-06,24.0,0.0,5705.7,144.2,300.0,2025-12-24 00:00:00
31/01/2025,PN-EQ-08,24.0,0.0,8566.3,125.8,400.0,2025-02-01 00:00:00
22/02/2024,pn-eq-05,15.3,8.7,4280.3,81.4,300.0,2024-02-23 00:00:00
02/01/2024,PN_EQ_05,24.0,0.0,7041.6,96.9,300.0,2024-01-03 00:00:00
15/09/2024,pn-eq-01,24.0,0.0,10581.9,222.3,520.0,2024-09-16 00:00:00
14/05/2025,PN-EQ-10	,24.0,0.0,10478.0,382.1,500.0,2025-05-15 00:00:00
03/09/2024,PN_EQ_05,24.0,0.0,5852.8,176.1,300.0,2024-09-04 00:00:00
22/11/2024,PN-EQ-10,23.0,1.0,10114.1,140.9,500.0,2024-11-23 00:00:00
11/06/2025,PN-EQ-03	,24.0,0.0,7610.6,258.8,380.0,2025-06-11 00:00:00
18/11/2024,PN_EQ_01,24.0,0.0,10580.1,221.3,5200.0,2024-11-19 00:00:00
12/09/2024,PN-EQ-01,24.0,,9502.8,126.9,520.0,2024-09-12 00:00:00
10/10/2025,PN-EQ-02	,24.0,0.0,9662.9,212.2,430.0,2025-10-11 00:00:00
29/09/2024,PN-EQ-01 ,24.0,0.0,9605.3,195.1,520.0,2024-09-29 00:00:00
31/08/2025,PN_EQ_07,24.0,0.0,7625.1,141.7,350.0,2025-09-01 00:00:00
25/06/2024,PN-EQ-08 ,24.0,0.0,8658.6,,400.0,2024-06-26 00:00:00
25/07/2024,PN-EQ-02 ,24.0,0.0,7883.9,157.8,430.0,2024-07-26 00:00:00
19/07/2024,PNEQ06,21.8,2.2,5517.6,121.7,300.0,2024-07-20 00:00:00
30/10/2025,pn-eq-10,24.0,0.0,10623.2,276.8,500.0,2025-10-31 00:00:00
08/06/2024,PN-EQ-06,24.0,0.0,6367.4,41.3,300.0,2024-06-09 00:00:00
23/12/2024,PN-EQ-07 ,24.0,0.0,7348.4,171.1,350.0,2024-12-24 00:00:00
03/02/2025,PN-EQ-04,13.8,10.2,5620.3,0.0,460.0,2025-02-04 00:00:00
09/05/2025,PN-EQ-09	,24.0,0.0,5552.3,184.3,260.0,2025-05-10 00:00:00
14/06/2025,PN-EQ-07	,24.0,0.0,7116.1,246.3,350.0,2025-06-15 00:00:00
25/01/2025,pn-eq-02,24.0,0.0,9907.8,206.2,430.0,2025-01-26 00:00:00
09/10/2025, PN-EQ-07,24.0,0.0,7482.6,197.9,350.0,2025-10-10 00:00:00
20/11/2024,PN-EQ-03	,24.0,0.0,7690.5,276.0,380.0,2024-11-21 00:00:00
05/09/2024,PN_EQ_06,24.0,0.0,6732.9,111.5,300.0,2024-09-06 00:00:00
14/01/2024,PN-EQ-02	,24.0,0.0,9819.1,68.7,430.0,2024-01-15 00:00:00
19/11/2025, PN-EQ-03,24.0,0.0,7845.6,217.7,380.0,2025-11-20 00:00:00
10/06/2024, PN-EQ-03,24.0,0.0,8346.0,217.3,380.0,2024-06-11 00:00:00
10/04/2024,PN-EQ-06 ,24.0,0.0,6787.1,130.7,300.0,2024-04-11 00:00:00
06/07/2024,PN-EQ-01	,24.0,0.0,10699.0,180.9,520.0,2024-07-07 00:00:00
28/11/2025,PN-EQ-06 ,22.0,2.0,5956.7,101.9,300.0,2025-11-29 00:00:00
29/11/2024,PN-EQ-09	,24.0,0.0,5661.1,121.3,260.0,2024-11-30 00:00:00
07/06/2025,PN_EQ_10,22.8,1.2,10418.3,182.9,500.0,2025-06-08 00:00:00
08/12/2025,PNEQ08,15.7,,6149.7,0.0,400.0,2025-12-09 00:00:00
01/01/2026,PN-EQ-04	,24.0,0.0,10558.8,104.3,460.0,2026-01-02 00:00:00
20/01/2024, PN-EQ-05,24.0,0.0,6550.3,101.4,300.0,2024-01-21 00:00:00
30/06/2025,PN-EQ-06	,24.0,0.0,5468.4,90.4,300.0,2025-06-29 00:00:00
18/02/2025, PN-EQ-06,21.4,2.6,6041.5,118.4,300.0,2025-02-19 00:00:00
25/04/2024,PN-EQ-04	,24.0,0.0,10740.2,170.6,460.0,2024-04-26 00:00:00
26/09/2024,pn-eq-07,24.0,0.0,7096.9,95.9,350.0,2024-09-27 00:00:00
09/09/2025,PN_EQ_07,24.0,0.0,7856.5,86.3,350.0,2025-09-10 00:00:00
12/09/2025, PN-EQ-03,24.0,0.0,7603.5,121.0,380.0,2025-09-13 00:00:00
29/11/2025,PNEQ10,6.8,17.2,3214.4,48.6,500.0,2025-11-30 00:00:00
19/09/2025,PN-EQ-08	,24.0,0.0,8158.6,139.7,400.0,2025-09-20 00:00:00
06/10/2025,PN_EQ_04,24.0,0.0,9897.7,161.6,460.0,2025-10-07 00:00:00
08/03/2024,PN-EQ-02 ,24.0,0.0,8660.4,75.5,430.0,2024-03-09 00:00:00
14/06/2024,PN_EQ_02,17.6,6.4,6574.6,111.9,430.0,2024-06-15 00:00:00
22/09/2024,PN_EQ_01,19.6,4.4,9787.5,243.4,520.0,2024-09-23 00:00:00
18/12/2025,PN_EQ_09,15.3,8.7,3374.8,86.2,260.0,2025-12-19 00:00:00
23/11/2024,pn-eq-06,24.0,0.0,6782.0,230.7,300.0,2024-11-24 00:00:00
24/06/2025,PN-EQ-09 ,24.0,0.0,5509.1,122.6,260.0,2025-06-25 00:00:00
01/04/2024,PN-EQ-04 ,24.0,0.0,9877.4,228.6,460.0,2024-04-02 00:00:00
02/07/2025,PNEQ07,24.0,0.0,6530.6,170.3,350.0,2025-07-03 00:00:00
15/04/2025,PN-EQ-07 ,24.0,0.0,7582.1,72.7,350.0,2025-04-16 00:00:00
22/02/2024, PN-EQ-06,24.0,0.0,6408.9,202.3,300.0,2024-02-23 00:00:00
04/01/2025,pn-eq-01,24.0,0.0,9954.7,249.4,520.0,2025-01-05 00:00:00
01/02/2024,PNEQ08,24.0,0.0,8834.9,204.8,400.0,2024-02-02 00:00:00
03/05/2024, PN-EQ-01,19.8,4.2,9551.5,215.9,520.0,2024-05-04 00:00:00
10/10/2024,PN_EQ_03,24.0,0.0,7996.7,74.6,380.0,2024-10-11 00:00:00
05/04/2025,PN-EQ-10 ,10.1,13.9,4653.3,138.5,500.0,2025-04-06 00:00:00
07/09/2025,PN-EQ-03,24.0,0.0,8141.8,168.7,380.0,2025-09-08 00:00:00
31/10/2025,PN-EQ-09,24.0,0.0,5847.6,158.5,260.0,2025-11-01 00:00:00
22/07/2024, PN-EQ-04,24.0,0.0,9745.2,105.1,460.0,2024-07-23 00:00:00
04/11/2024,PN_EQ_08,21.8,2.2,8349.6,46.5,400.0,2024-11-05 00:00:00
27/11/2024,PN-EQ-07	,24.0,0.0,7435.1,217.6,350.0,2024-11-28 00:00:00
21/09/2025,pn-eq-10,24.0,0.0,9758.6,199.4,500.0,2025-09-22 00:00:00
09/08/2025,PN_EQ_03,24.0,0.0,7924.7,216.7,380.0,2025-08-10 00:00:00
01/07/2025,PN-EQ-10 ,13.8,10.2,5598.7,93.8,500.0,2025-07-02 00:00:00
23/10/2024,PN_EQ_04,19.7,4.3,7893.5,142.9,460.0,2024-10-24 00:00:00
26/03/2025,pn-eq-09,23.4,0.6,5516.1,124.8,260.0,2025-03-27 00:00:00
22/06/2024, PN-EQ-08,24.0,0.0,7813.1,162.9,400.0,2024-06-23 00:00:00
11/08/2025,PN_EQ_08,24.0,0.0,8437.3,160.9,400.0,2025-08-12 00:00:00
21/11/2025,PN-EQ-07 ,24.0,0.0,8296.8,209.7,350.0,2025-11-22 00:00:00
05/11/2025,pn-eq-09,24.0,0.0,5357.1,106.9,260.0,2025-11-06 00:00:00
23/05/2025,PN-EQ-07 ,24.0,0.0,7880.2,124.8,350.0,2025-05-24 00:00:00
31/08/2025,PN-EQ-09	,19.4,4.6,4075.5,98.0,260.0,2025-09-01 00:00:00
06/09/2025,PN-EQ-06,24.0,0.0,6429.2,117.5,300.0,2025-09-07 00:00:00
08/01/2024,PN-EQ-08 ,24.0,0.0,8575.8,129.4,400.0,2024-01-09 00:00:00
17/11/2025,PN-EQ-01	,24.0,0.0,11887.5,255.1,520.0,2025-11-18 00:00:00
02/09/2025,pn-eq-04,24.0,0.0,9298.4,199.8,460.0,2025-09-03 00:00:00
28/11/2024, PN-EQ-10,21.2,2.8,9877.7,144.9,500.0,2024-11-29 00:00:00
12/11/2024,pn-eq-04,24.0,0.0,9832.2,280.5,460.0,2024-11-13 00:00:00
14/07/2024, PN-EQ-03,24.0,,8103.4,143.3,380.0,2024-07-15 00:00:00
04/12/2025,PN-EQ-04 ,12.7,11.3,5271.2,103.1,460.0,2025-12-05 00:00:00
15/06/2024,pn-eq-05,23.5,0.5,6686.5,221.9,300.0,2024-06-16 00:00:00
08/03/2024,PNEQ01,24.0,0.0,11936.9,162.9,520.0,2024-03-09 00:00:00
03/09/2025, PN-EQ-08,24.0,0.0,8128.2,,400.0,2025-09-04 00:00:00
28/07/2025,PN-EQ-08	,24.0,0.0,8446.2,227.6,400.0,2025-07-29 00:00:00
17/09/2024,PN-EQ-08	,24.0,0.0,8693.8,200.8,400.0,2024-09-18 00:00:00
28/03/2024,PN-EQ-02 ,24.0,0.0,9289.1,154.9,430.0,2024-03-29 00:00:00
11/09/2025,PNEQ06,24.0,0.0,6245.7,165.1,300.0,2025-09-12 00:00:00
14/05/2025, PN-EQ-09,24.0,0.0,5298.7,90.9,260.0,2025-05-15 00:00:00
27/11/2025,PN_EQ_02,24.0,0.0,8907.4,159.0,430.0,2025-11-28 00:00:00
02/10/2025, PN-EQ-06,17.9,,4838.1,171.3,300.0,2025-10-03 00:00:00
03/10/2024,PN-EQ-07	,16.1,7.9,5537.6,152.0,350.0,2024-10-04 00:00:00
01/10/2025,PN-EQ-01 ,24.0,0.0,11162.8,100.6,520.0,2025-10-02 00:00:00
07/11/2024,PN-EQ-04,24.0,0.0,9788.8,320.2,460.0,2024-11-08 00:00:00
13/09/2024,PN-EQ-03 ,24.0,0.0,8713.8,183.7,380.0,2024-09-14 00:00:00
05/12/2025,pn-eq-02,19.4,4.6,7402.0,167.4,430.0,2025-12-06 00:00:00
10/06/2025,pn-eq-02,24.0,0.0,9877.2,246.9,430.0,2025-06-11 00:00:00
24/05/2024,PN-EQ-06	,24.0,0.0,6825.9,140.3,300.0,2024-05-25 00:00:00
16/02/2024,PN_EQ_07,24.0,0.0,7708.1,118.7,350.0,2024-02-17 00:00:00
20/09/2024, PN-EQ-05,12.8,11.2,3491.5,124.8,300.0,2024-09-21 00:00:00
09/12/2025,PN-EQ-02,24.0,0.0,9377.1,117.0,430.0,2025-12-10 00:00:00
08/07/2024,PNEQ05,24.0,0.0,6465.2,120.1,300.0,2024-07-09 00:00:00
24/11/2025,PN-EQ-03 ,24.0,0.0,8246.5,87.4,380.0,2025-11-25 00:00:00
01/10/2024,pn-eq-04,24.0,0.0,9675.6,287.2,460.0,2024-10-02 00:00:00
12/01/2025,PNEQ03,24.0,0.0,8712.0,167.9,380.0,2025-01-13 00:00:00
03/10/2025,pn-eq-01,24.0,0.0,10755.2,226.9,520.0,2025-10-04 00:00:00
07/03/2025, PN-EQ-07,24.0,0.0,7442.0,72.2,350.0,2025-03-08 00:00:00
19/01/2025,PN_EQ_09,24.0,0.0,5537.1,70.1,260.0,2025-01-20 00:00:00
16/07/2024,PN-EQ-07,17.9,6.1,5584.0,19.0,350.0,2024-07-17 00:00:00
30/03/2024, PN-EQ-03,24.0,0.0,8447.7,59.9,380.0,2024-03-31 00:00:00
15/03/2024,PN_EQ_08,21.0,3.0,7949.8,190.0,400.0,2024-03-16 00:00:00
03/04/2024,PN_EQ_05,24.0,0.0,6277.5,131.9,300.0,2024-04-04 00:00:00
17/04/2025, PN-EQ-10,24.0,0.0,11290.3,186.7,500.0,2025-04-18 00:00:00
05/03/2025,PN-EQ-08	,24.0,0.0,8688.8,71.2,400.0,2025-03-06 00:00:00
13/06/2025,PN-EQ-09	,24.0,0.0,5973.3,133.4,260.0,2025-06-14 00:00:00
27/08/2024,PNEQ09,24.0,0.0,5813.3,83.9,260.0,2024-08-28 00:00:00
23/02/2025,PN-EQ-09,17.8,6.2,4274.3,91.9,260.0,2025-02-24 00:00:00
15/06/2025,pn-eq-02,24.0,0.0,9795.5,171.7,430.0,2025-06-16 00:00:00
20/05/2024,PN-EQ-03	,24.0,0.0,7878.6,,380.0,2024-05-21 00:00:00
07/02/2025,PN-EQ-07	,24.0,0.0,7748.3,166.3,350.0,2025-02-08 00:00:00
17/03/2024, PN-EQ-07,24.0,0.0,7513.7,283.0,350.0,2024-03-18 00:00:00
20/08/2025,PN-EQ-10 ,24.0,0.0,10799.2,274.3,500.0,2025-08-21 00:00:00
14/01/2025,PN-EQ-09 ,18.3,5.7,4112.2,95.3,260.0,2025-01-15 00:00:00
08/07/2024,PN-EQ-06	,24.0,0.0,6552.8,164.6,300.0,2024-07-09 00:00:00
19/03/2024,PN-EQ-06 ,24.0,0.0,5216.6,141.5,300.0,2024-03-18 00:00:00
31/07/2025,PN_EQ_09,24.0,0.0,5844.0,57.4,260.0,2025-08-01 00:00:00
27/10/2025,PN-EQ-10	,4.4,19.6,2131.6,39.1,500.0,2025-10-28 00:00:00
24/03/2024,PN-EQ-03	,24.0,0.0,7921.5,89.2,380.0,2024-03-25 00:00:00
17/04/2024,PN-EQ-08 ,14.2,9.8,5457.4,32.2,400.0,2024-04-18 00:00:00
14/04/2024,PN_EQ_07,24.0,0.0,7980.9,177.0,350.0,2024-04-15 00:00:00
26/01/2024,PN-EQ-09 ,24.0,0.0,5407.9,133.5,260.0,2024-01-27 00:00:00
07/10/2025,pn-eq-06,24.0,0.0,5484.2,206.3,300.0,2025-10-07 00:00:00
05/06/2024,PNEQ03,24.0,,7618.9,217.4,380.0,2024-06-06 00:00:00
11/10/2024, PN-EQ-06,24.0,0.0,6016.7,153.7,300.0,2024-10-12 00:00:00
20/05/2025,PN-EQ-02,24.0,0.0,8065.2,237.2,430.0,2025-05-21 00:00:00
26/06/2025,PN-EQ-01 ,23.5,0.5,10775.1,228.0,520.0,2025-06-27 00:00:00
06/12/2024,PN-EQ-05,24.0,0.0,6823.4,266.8,300.0,2024-12-07 00:00:00
18/11/2025,PN-EQ-06,24.0,0.0,6396.5,76.8,300.0,2025-11-19 00:00:00
19/02/2024,PN_EQ_03,24.0,0.0,7941.5,98.6,380.0,2024-02-20 00:00:00
22/06/2025,PN-EQ-01,21.8,2.2,10180.9,252.3,520.0,2025-06-23 00:00:00
08/04/2024, PN-EQ-07,24.0,0.0,7248.7,110.2,350.0,2024-04-09 00:00:00
04/11/2025,PN_EQ_03,24.0,0.0,7827.3,153.6,380.0,2025-11-05 00:00:00
26/02/2025,pn-eq-01,24.0,0.0,11722.9,,520.0,2025-02-27 00:00:00
13/04/2024,PN_EQ_02,16.2,7.8,6334.2,45.4,430.0,2024-04-14 00:00:00
04/02/2025,PN-EQ-04	,24.0,0.0,9799.4,224.8,460.0,2025-02-05 00:00:00
16/04/2024,PN-EQ-08 ,14.5,9.5,4798.6,102.9,400.0,2024-04-17 00:00:00
23/11/2024, PN-EQ-08,24.0,0.0,8219.8,186.7,400.0,2024-11-24 00:00:00
05/07/2025,PNEQ01,18.0,6.0,8477.0,102.2,520.0,2025-07-06 00:00:00
20/04/2024,PNEQ07,24.0,0.0,6977.7,68.9,350.0,2024-04-21 00:00:00
19/01/2025,PN-EQ-08	,15.4,8.6,5858.2,130.3,400.0,2025-01-20 00:00:00
03/06/2025,PN-EQ-06,24.0,0.0,6392.2,166.9,300.0,2025-06-04 00:00:00
31/07/2024,PN_EQ_03,24.0,0.0,7542.8,96.1,380.0,2024-08-01 00:00:00
03/05/2024,PN_EQ_10,24.0,0.0,9628.5,247.3,500.0,2024-05-04 00:00:00
28/06/2025,PN-EQ-01 ,24.0,0.0,11383.3,35.6,520.0,2025-06-29 00:00:00
06/03/2025,PN-EQ-03	,14.5,9.5,4773.8,79.4,380.0,2025-03-07 00:00:00
19/07/2024,PN-EQ-04,24.0,,10628.4,272.7,460.0,2024-07-20 00:00:00
07/11/2025,PNEQ03,24.0,0.0,8616.1,131.0,380.0,2025-11-08 00:00:00
16/10/2025,PN-EQ-03	,24.0,0.0,8374.9,166.2,380.0,2025-10-17 00:00:00
14/08/2024,PN-EQ-08 ,24.0,0.0,8812.6,146.2,400.0,2024-08-15 00:00:00
25/12/2025,PNEQ08,17.2,6.8,6754.4,207.3,400.0,2025-12-26 00:00:00
26/10/2025,PN-EQ-09	,24.0,0.0,5589.3,172.2,260.0,2025-10-27 00:00:00
19/03/2024,PNEQ01,24.0,0.0,11358.4,103.7,520.0,2024-03-20 00:00:00
11/09/2025,PN-EQ-07,24.0,0.0,8167.4,74.5,350.0,2025-09-12 00:00:00
09/09/2024,PN-EQ-07,24.0,,8277.6,174.0,350.0,2024-09-10 00:00:00
25/01/2024,PN-EQ-04,21.0,3.0,9040.3,161.3,460.0,2024-01-26 00:00:00
07/08/2025,PNEQ03,24.0,0.0,9028.8,136.2,380.0,2025-08-08 00:00:00
28/03/2024,PN-EQ-05,18.9,5.1,5094.6,126.7,300.0,2024-03-29 00:00:00
28/11/2025,PN-EQ-04 ,24.0,0.0,10472.9,262.2,460.0,2025-11-29 00:00:00
21/05/2025,PN_EQ_07,22.3,1.7,6385.1,204.2,350.0,2025-05-22 00:00:00
17/02/2024,PNEQ03,24.0,0.0,8004.1,219.3,380.0,2024-02-18 00:00:00
21/11/2025,PN-EQ-08,24.0,0.0,9030.3,288.6,400.0,2025-11-22 00:00:00
07/01/2026,PN-EQ-05,24.0,0.0,6041.5,231.2,300.0,2026-01-08 00:00:00
05/11/2025,pn-eq-07,23.4,0.6,6168.7,167.9,350.0,2025-11-05 00:00:00
31/08/2024,PN-EQ-02	,24.0,0.0,9359.7,46.0,430.0,2024-09-01 00:00:00
16/08/2024,PN-EQ-04	,24.0,0.0,10467.4,66.8,460.0,2024-08-17 00:00:00
16/10/2025,PN-EQ-06,24.0,0.0,6986.7,251.9,300.0,2025-10-17 00:00:00
22/04/2025,PN-EQ-06 ,21.7,2.3,5433.7,105.2,300.0,2025-04-23 00:00:00
05/04/2024,pn-eq-06,23.2,,6290.6,132.7,300.0,2024-04-06 00:00:00
18/06/2024,PN-EQ-10,19.1,4.9,9074.9,256.7,500.0,2024-06-19 00:00:00
19/07/2024,PN-EQ-03,24.0,0.0,8735.2,287.2,380.0,2024-07-20 00:00:00
05/12/2024,PNEQ03,24.0,0.0,8803.1,247.6,380.0,2024-12-06 00:00:00
07/08/2025,PN-EQ-01	,24.0,0.0,11175.0,141.7,520.0,2025-08-08 00:00:00
20/02/2025,PN-EQ-02 ,24.0,,9331.2,137.5,430.0,2025-02-21 00:00:00
20/01/2025,PNEQ04,24.0,0.0,9727.3,408.0,460.0,2025-01-21 00:00:00
10/11/2024,PN-EQ-10 ,24.0,0.0,11323.7,257.7,500.0,2024-11-11 00:00:00
30/04/2024, PN-EQ-08,24.0,0.0,9284.9,298.3,400.0,2024-05-01 00:00:00
11/04/2025,PN-EQ-02	,24.0,0.0,8390.2,209.4,430.0,2025-04-09 00:00:00
14/10/2024,PN-EQ-08	,16.2,7.8,5635.8,118.7,400.0,2024-10-15 00:00:00
31/05/2024,PN-EQ-01,24.0,,12007.3,371.7,520.0,2024-06-01 00:00:00
08/08/2025,pn-eq-05,22.5,1.5,5706.5,135.2,300.0,2025-08-09 00:00:00
31/03/2025,PN-EQ-09	,24.0,0.0,5655.3,183.0,260.0,2025-04-01 00:00:00
21/02/2024,PNEQ08,24.0,0.0,8288.3,0.0,400.0,2024-02-22 00:00:00
31/12/2024, PN-EQ-08,24.0,0.0,8623.2,151.4,400.0,2025-01-01 00:00:00
05/03/2025,PNEQ05,24.0,0.0,6732.7,165.2,300.0,2025-03-06 00:00:00
03/11/2024,PN_EQ_08,24.0,0.0,8340.6,15.8,400.0,2024-11-04 00:00:00
22/07/2025,PNEQ07,24.0,0.0,8014.2,246.9,350.0,2025-07-23 00:00:00
21/12/2024,PN-EQ-04	,24.0,0.0,10260.4,144.3,460.0,2024-12-22 00:00:00
03/07/2025,PN-EQ-10	,21.9,2.1,9764.2,153.2,500.0,2025-07-04 00:00:00
11/01/2024, PN-EQ-05,22.1,1.9,5778.6,50.7,300.0,2024-01-12 00:00:00
15/09/2025,PN-EQ-08 ,24.0,0.0,8724.4,182.0,400.0,2025-09-16 00:00:00
30/04/2024,PN_EQ_01,24.0,0.0,12063.3,343.3,520.0,2024-05-01 00:00:00
30/03/2025,PN_EQ_10,24.0,0.0,10059.2,218.2,500.0,2025-03-31 00:00:00
28/05/2024, PN-EQ-04,24.0,0.0,9584.4,88.9,460.0,2024-05-29 00:00:00
14/04/2025,PN-EQ-03	,22.6,1.4,6539.0,127.2,380.0,2025-04-13 00:00:00
31/12/2024,PNEQ07,24.0,0.0,7838.7,140.5,350.0,2025-01-01 00:00:00
07/06/2024,PN-EQ-08 ,24.0,0.0,8901.4,176.3,400.0,2024-06-08 00:00:00
19/05/2025, PN-EQ-10,24.0,0.0,10945.8,309.1,500.0,2025-05-20 00:00:00
12/08/2024, PN-EQ-04,24.0,0.0,8924.1,187.3,460.0,2024-08-11 00:00:00
15/02/2025,pn-eq-07,23.1,0.9,6927.6,176.5,350.0,2025-02-16 00:00:00
20/06/2024, PN-EQ-07,24.0,,6934.2,150.9,350.0,2024-06-21 00:00:00
20/04/2024,PN-EQ-03,24.0,0.0,7890.6,127.6,380.0,2024-04-21 00:00:00
21/07/2024,PN-EQ-05,15.5,8.5,4167.1,38.8,300.0,2024-07-22 00:00:00
18/03/2024,PN-EQ-06	,24.0,0.0,5994.6,166.6,300.0,2024-03-16 00:00:00
31/12/2024,PN-EQ-03	,24.0,0.0,7639.8,127.5,380.0,2025-01-01 00:00:00
18/01/2025,PNEQ08,24.0,0.0,8732.2,176.8,400.0,2025-01-19 00:00:00
22/03/2024,PNEQ08,24.0,0.0,8958.7,161.8,400.0,2024-03-23 00:00:00
02/10/2025,PN-EQ-04 ,4.0,20.0,1701.4,48.6,460.0,2025-10-03 00:00:00
04/10/2024,PNEQ08,5.9,18.1,2037.2,14.8,400.0,2024-10-05 00:00:00
29/01/2024,PN_EQ_02,24.0,0.0,9124.5,228.2,430.0,2024-01-30 00:00:00
02/03/2024, PN-EQ-04,23.3,0.7,9592.2,196.1,460.0,2024-03-03 00:00:00
08/03/2024,PN_EQ_08,24.0,0.0,8840.0,130.2,400.0,2024-03-09 00:00:00
06/05/2025,PNEQ07,24.0,0.0,8093.9,76.8,350.0,2025-05-07 00:00:00
10/01/2024,PN_EQ_02,24.0,0.0,9386.4,259.1,430.0,2024-01-11 00:00:00
11/01/2025,PN_EQ_09,24.0,0.0,5546.6,92.5,260.0,2025-01-12 00:00:00
22/10/2024,PN_EQ_03,24.0,0.0,8565.9,116.2,380.0,2024-10-23 00:00:00
11/12/2025,PN-EQ-02	,24.0,0.0,9584.4,244.5,430.0,2025-12-12 00:00:00
20/11/2025,pn-eq-08,24.0,0.0,8271.2,192.6,400.0,2025-11-21 00:00:00
06/01/2026,PN-EQ-10 ,12.4,11.6,5713.7,130.5,500.0,2026-01-07 00:00:00
13/08/2024,PN-EQ-04	,22.5,1.5,9273.9,189.4,460.0,2024-08-14 00:00:00
28/11/2024,PN_EQ_06,24.0,0.0,7080.2,97.6,300.0,2024-11-29 00:00:00
24/08/2025,PNEQ04,11.8,12.2,4494.6,87.0,460.0,2025-08-25 00:00:00
02/01/2025,pn-eq-03,24.0,0.0,8780.3,270.2,380.0,2025-01-03 00:00:00
30/01/2024, PN-EQ-03,24.0,0.0,8328.7,170.8,380.0,2024-01-31 00:00:00
06/09/2024,PN-EQ-02 ,24.0,0.0,9259.3,72.5,430.0,2024-09-07 00:00:00
06/01/2025,PN-EQ-05 ,16.5,7.5,4500.5,154.5,300.0,2025-01-07 00:00:00
08/02/2024,pn-eq-07,24.0,,7944.0,176.9,350.0,2024-02-09 00:00:00
18/05/2025,PN-EQ-05	,24.0,0.0,6742.9,46.0,300.0,2025-05-19 00:00:00
18/02/2024,PN-EQ-04,4.0,20.0,1621.8,28.3,460.0,2024-02-19 00:00:00
16/03/2024,PN-EQ-02,24.0,0.0,9901.1,110.1,430.0,2024-03-17 00:00:00
15/01/2025,PN-EQ-10 ,3.7,20.3,1745.5,,500.0,2025-01-16 00:00:00
01/12/2025,PN-EQ-03	,24.0,0.0,7986.7,217.3,380.0,2025-12-02 00:00:00
01/01/2024,PN_EQ_03,24.0,0.0,8101.2,277.6,380.0,2024-01-02 00:00:00
23/01/2025, PN-EQ-07,24.0,0.0,6769.3,116.8,350.0,2025-01-24 00:00:00
03/05/2025, PN-EQ-10,24.0,0.0,10736.6,159.9,500.0,2025-05-04 00:00:00
11/02/2024,PN_EQ_03,24.0,0.0,7586.5,128.8,380.0,2024-02-12 00:00:00
12/11/2025,PNEQ05,24.0,0.0,6400.1,,300.0,2025-11-13 00:00:00
24/03/2025,PN-EQ-07,24.0,0.0,6699.8,194.9,350.0,2025-03-25 00:00:00
03/02/2025,PN_EQ_01,23.1,0.9,10704.9,214.5,520.0,2025-02-04 00:00:00
18/09/2025, PN-EQ-03,24.0,0.0,8279.5,211.8,380.0,2025-09-19 00:00:00
09/12/2025,PN_EQ_07,24.0,0.0,8140.3,218.4,350.0,2025-12-10 00:00:00
01/01/2026,PNEQ05,24.0,,5937.8,155.2,300.0,2026-01-02 00:00:00
31/05/2025, PN-EQ-02,24.0,0.0,8956.7,300.1,430.0,2025-06-01 00:00:00
14/04/2025,PN_EQ_01,24.0,0.0,11680.7,210.2,520.0,2025-04-15 00:00:00
17/04/2024,PN-EQ-04 ,16.3,7.7,5933.7,70.4,460.0,2024-04-16 00:00:00
24/01/2024,PN_EQ_05,24.0,0.0,6393.4,198.0,300.0,2024-01-25 00:00:00
23/12/2025, PN-EQ-05,24.0,0.0,6025.8,44.8,300.0,2025-12-24 00:00:00
01/06/2025,PNEQ02,24.0,0.0,9612.2,217.8,430.0,2025-06-02 00:00:00
05/01/2025,PN-EQ-04 ,6.8,17.2,2892.9,41.5,460.0,2025-01-06 00:00:00
16/08/2025,PN_EQ_03,24.0,0.0,9028.8,245.1,380.0,2025-08-17 00:00:00
06/11/2025,PNEQ09,24.0,0.0,5229.1,49.8,260.0,2025-11-07 00:00:00
26/02/2025,PN-EQ-08 ,17.6,6.4,6144.5,95.9,400.0,2025-02-27 00:00:00
22/05/2024,PN-EQ-03 ,24.0,0.0,8183.8,242.4,380.0,2024-05-23 00:00:00
27/01/2024,PN-EQ-01,21.3,2.7,10524.3,165.9,520.0,2024-01-28 00:00:00
14/08/2025, PN-EQ-04,21.0,3.0,8320.2,258.1,460.0,2025-08-15 00:00:00
01/08/2024,pn-eq-08,24.0,,8760.7,150.7,400.0,2024-08-02 00:00:00
16/10/2025, PN-EQ-08,24.0,0.0,8193.6,142.7,400.0,2025-10-17 00:00:00
24/12/2024,PNEQ02,24.0,0.0,9781.2,169.2,430.0,2024-12-25 00:00:00
21/02/2024,PNEQ02,14.7,9.3,5830.1,60.8,430.0,2024-02-22 00:00:00
18/12/2025,PN-EQ-10,15.6,8.4,7328.8,115.2,500.0,2025-12-19 00:00:00
26/08/2025,PN-EQ-04	,24.0,0.0,9659.4,379.0,460.0,2025-08-27 00:00:00
13/06/2024,PN-EQ-10 ,24.0,0.0,10840.6,121.9,500.0,2024-06-14 00:00:00
15/01/2024,PN-EQ-01,19.3,4.7,8566.3,247.2,520.0,2024-01-16 00:00:00
22/09/2025,PN-EQ-09,24.0,0.0,5545.3,93.2,260.0,2025-09-23 00:00:00
18/06/2024,PN-EQ-02 ,24.0,0.0,9131.2,234.2,430.0,2024-06-19 00:00:00
28/11/2024,PN-EQ-04 ,24.0,0.0,9420.9,186.7,460.0,2024-11-29 00:00:00
01/03/2024,PN-EQ-05	,24.0,0.0,6702.4,127.8,300.0,2024-03-02 00:00:00
02/06/2024,PN_EQ_02,24.0,0.0,9547.2,210.3,430.0,2024-06-03 00:00:00
11/02/2024, PN-EQ-10,24.0,0.0,11880.0,328.9,500.0,2024-02-12 00:00:00
12/06/2024,PN-EQ-02	,24.0,0.0,8486.1,213.6,430.0,2024-06-13 00:00:00
07/04/2024,PN-EQ-03,24.0,0.0,8442.3,114.7,380.0,2024-04-08 00:00:00
09/01/2026,PNEQ07,24.0,0.0,6717.4,69.3,350.0,2026-01-10 00:00:00
09/04/2025,PN-EQ-07	,24.0,0.0,6966.8,122.1,350.0,2025-04-10 00:00:00
22/02/2024,PNEQ09,24.0,0.0,5068.4,89.3,260.0,2024-02-23 00:00:00
27/12/2025, PN-EQ-06,24.0,0.0,6756.5,173.8,300.0,2025-12-28 00:00:00
11/08/2025, PN-EQ-04,17.5,6.5,7317.1,174.4,460.0,2025-08-12 00:00:00
06/06/2025,pn-eq-02,22.4,1.6,8786.9,164.1,430.0,2025-06-07 00:00:00
25/09/2024,PN-EQ-09	,24.0,0.0,5121.3,87.6,260.0,2024-09-26 00:00:00
12/10/2024,PN-EQ-02 ,24.0,0.0,10216.8,66.4,430.0,2024-10-13 00:00:00
15/01/2024,PN-EQ-09 ,24.0,0.0,5411.7,79.7,260.0,2024-01-16 00:00:00
19/02/2025,PN-EQ-06,21.3,2.7,5834.2,33.8,300.0,2025-02-20 00:00:00
16/08/2025,PN-EQ-10 ,24.0,0.0,10340.0,78.4,500.0,2025-08-17 00:00:00
24/08/2025,PN-EQ-05	,24.0,0.0,6603.9,50.6,300.0,2025-08-25 00:00:00
13/08/2025,PNEQ06,24.0,0.0,6680.6,125.7,300.0,2025-08-14 00:00:00
13/09/2025,PN-EQ-06 ,5.0,,1357.8,7.3,300.0,2025-09-14 00:00:00
08/03/2024,PN-EQ-06,24.0,0.0,6545.7,125.8,300.0,2024-03-09 00:00:00
13/06/2025,PN-EQ-01	,21.5,2.5,10047.9,268.8,520.0,2025-06-14 00:00:00
15/11/2024,PN-EQ-02,24.0,0.0,9104.0,15.1,430.0,2024-11-16 00:00:00
18/04/2024,PN-EQ-03 ,24.0,0.0,7816.8,160.4,380.0,2024-04-19 00:00:00
13/11/2024, PN-EQ-02,24.0,0.0,9014.6,192.8,430.0,2024-11-14 00:00:00
10/11/2025,PNEQ05,24.0,0.0,6327.6,96.4,300.0,2025-11-11 00:00:00
07/07/2024,PN-EQ-04 ,24.0,,9599.4,75.0,460.0,2024-07-08 00:00:00
06/08/2025,PN_EQ_03,24.0,0.0,8702.2,141.3,380.0,2025-08-07 00:00:00
05/03/2025,PN-EQ-03 ,24.0,0.0,8410.9,160.5,380.0,2025-03-06 00:00:00
15/03/2024,PN-EQ-10 ,8.4,15.6,3946.8,81.0,500.0,2024-03-16 00:00:00
17/04/2025,PN_EQ_03,24.0,0.0,8889.5,239.8,380.0,2025-04-18 00:00:00
30/09/2024,PN-EQ-04	,24.0,0.0,9309.9,149.8,460.0,2024-10-01 00:00:00
24/07/2025,pn-eq-10,22.0,2.0,10321.1,146.3,500.0,2025-07-25 00:00:00
09/08/2024,PN-EQ-03 ,24.0,0.0,7845.6,142.7,380.0,2024-08-10 00:00:00
17/09/2025,PN-EQ-05	,4.0,20.0,1090.6,28.7,300.0,2025-09-18 00:00:00
09/06/2024,PNEQ08,24.0,0.0,8399.2,154.9,400.0,2024-06-10 00:00:00
26/08/2024, PN-EQ-07,24.0,0.0,7670.2,64.7,350.0,2024-08-27 00:00:00
21/08/2024,PN_EQ_02,24.0,0.0,9764.3,256.1,430.0,2024-08-22 00:00:00
14/04/2024,PN-EQ-06,24.0,0.0,6994.4,184.7,300.0,2024-04-15 00:00:00
06/01/2025,PN-EQ-07	,21.9,2.1,7269.6,164.4,350.0,2025-01-07 00:00:00
13/03/2025,PN-EQ-07,24.0,0.0,6750.5,134.0,350.0,2025-03-14 00:00:00
30/01/2025,pn-eq-09,24.0,0.0,6177.6,138.4,260.0,2025-01-31 00:00:00
20/02/2024,PNEQ01,4.0,20.0,1898.5,6.8,520.0,2024-02-21 00:00:00
13/12/2024,PN-EQ-02 ,15.8,8.2,6490.8,106.7,430.0,2024-12-14 00:00:00
13/12/2025,PN_EQ_03,24.0,0.0,8274.6,170.4,380.0,2025-12-14 00:00:00
09/09/2024,PN-EQ-08	,20.7,3.3,6898.0,198.7,400.0,2024-09-10 00:00:00
12/12/2024,pn-eq-10,20.6,3.4,7829.7,159.1,500.0,2024-12-13 00:00:00
18/03/2025,PN-EQ-06,24.0,0.0,6344.3,119.2,300.0,2025-03-19 00:00:00
30/12/2024,PN_EQ_01,24.0,0.0,11578.3,207.6,520.0,2024-12-31 00:00:00
28/12/2025, PN-EQ-01,24.0,0.0,10911.9,208.5,520.0,2025-12-29 00:00:00
12/03/2024,PN-EQ-02,24.0,0.0,9778.8,171.2,430.0,2024-03-13 00:00:00
18/05/2024,PN-EQ-01,18.6,5.4,8781.8,123.3,520.0,2024-05-19 00:00:00
08/05/2024,PNEQ03,24.0,0.0,8278.4,216.1,380.0,2024-05-09 00:00:00
31/03/2024,PN-EQ-01 ,22.7,1.3,11255.4,325.9,520.0,2024-04-01 00:00:00
09/02/2024,PN-EQ-05,24.0,0.0,5876.9,176.8,300.0,2024-02-10 00:00:00
28/05/2024,pn-eq-03,24.0,0.0,7344.4,157.0,380.0,2024-05-29 00:00:00
03/11/2024,PNEQ04,24.0,0.0,9235.9,220.9,460.0,2024-11-04 00:00:00
04/11/2025,PN_EQ_10,24.0,0.0,10310.4,224.2,500.0,2025-11-05 00:00:00
13/10/2025,PN-EQ-03	,24.0,0.0,8346.5,146.7,380.0,2025-10-14 00:00:00
01/04/2024,pn-eq-02,24.0,0.0,9092.7,176.2,430.0,2024-04-02 00:00:00
08/11/2024,PN-EQ-10	,24.0,0.0,11880.0,218.3,500.0,2024-11-09 00:00:00
25/08/2024,PN-EQ-05	,24.0,0.0,7128.0,102.8,300.0,2024-08-26 00:00:00
20/12/2025,PNEQ10,5.9,18.1,2713.2,26.6,500.0,2025-12-21 00:00:00
22/03/2024,pn-eq-05,22.7,1.3,6471.1,116.4,300.0,2024-03-23 00:00:00
05/03/2024,PNEQ01,24.0,0.0,10583.8,127.5,520.0,2024-03-06 00:00:00
26/12/2025,PN-EQ-02,24.0,0.0,9977.4,283.7,430.0,2025-12-27 00:00:00
03/10/2025,PN-EQ-09,24.0,0.0,5291.2,178.3,260.0,2025-10-04 00:00:00
09/01/2024,PN_EQ_09,23.3,0.7,5148.9,135.8,260.0,2024-01-10 00:00:00
20/01/2024, PN-EQ-07,24.0,0.0,7463.6,137.3,350.0,2024-01-21 00:00:00
13/04/2025,PN-EQ-07,24.0,0.0,7327.0,168.3,350.0,2025-04-14 00:00:00
20/10/2025,PN_EQ_04,24.0,0.0,10579.6,349.0,460.0,2025-10-21 00:00:00
24/09/2024,PNEQ08,24.0,0.0,9372.6,341.8,400.0,2024-09-25 00:00:00
27/12/2025, PN-EQ-04,24.0,0.0,9239.4,271.4,460.0,2025-12-28 00:00:00
23/02/2025,PN_EQ_05,13.5,10.5,3750.7,31.6,300.0,2025-02-24 00:00:00
28/12/2024,pn-eq-07,24.0,0.0,7674.4,195.2,350.0,2024-12-29 00:00:00
06/09/2025,pn-eq-09,24.0,0.0,6163.1,221.7,260.0,2025-09-07 00:00:00
01/01/2024,PN-EQ-01 ,24.0,0.0,11571.4,142.4,520.0,2024-01-02 00:00:00
10/01/2025, PN-EQ-08,24.0,0.0,8234.8,186.3,400.0,2025-01-11 00:00:00
19/04/2025,PN_EQ_08,24.0,0.0,8017.4,233.2,400.0,2025-04-20 00:00:00
03/11/2025,PN-EQ-07 ,24.0,0.0,7423.0,123.3,350.0,2025-11-04 00:00:00
22/07/2024, PN-EQ-07,24.0,0.0,6239.9,196.6,350.0,2024-07-20 00:00:00
08/09/2024,PN_EQ_02,12.0,12.0,4538.0,50.7,430.0,2024-09-09 00:00:00
08/05/2025, PN-EQ-03,24.0,0.0,8691.9,146.3,380.0,2025-05-09 00:00:00
13/02/2025,PN-EQ-08,24.0,,8704.0,279.2,400.0,2025-02-14 00:00:00
12/02/2024,PN-EQ-08,24.0,0.0,8577.7,140.4,400.0,2024-02-13 00:00:00
19/10/2024,PN-EQ-06,24.0,0.0,6345.7,108.4,300.0,2024-10-20 00:00:00
05/05/2024,PN-EQ-10	,24.0,0.0,10461.0,176.0,500.0,2024-05-06 00:00:00
25/10/2025,PN-EQ-09,24.0,0.0,5359.4,81.8,260.0,2025-10-26 00:00:00
16/04/2024,PN-EQ-01 ,24.0,0.0,11604.9,120.8,520.0,2024-04-17 00:00:00
19/11/2024,PN-EQ-06,22.6,1.4,5917.9,70.0,300.0,2024-11-20 00:00:00
06/04/2025,pn-eq-04,14.9,9.1,5067.3,121.3,460.0,2025-04-06 00:00:00
29/05/2024, PN-EQ-10,24.0,0.0,10831.0,150.4,500.0,2024-05-30 00:00:00
27/07/2025,PNEQ10,24.0,0.0,10843.4,224.0,500.0,2025-07-28 00:00:00
30/01/2025,PN_EQ_05,20.3,3.7,5623.8,201.0,300.0,2025-01-31 00:00:00
04/07/2024,PN-EQ-07 ,24.0,0.0,7776.9,163.9,350.0,2024-07-05 00:00:00
05/07/2025,PN-EQ-09	,24.0,0.0,5770.9,152.8,260.0,2025-07-06 00:00:00
05/08/2024,PN-EQ-07	,17.5,6.5,5653.2,114.2,350.0,2024-08-06 00:00:00
27/02/2024,pn-eq-07,23.3,0.7,7581.7,157.0,350.0,2024-02-28 00:00:00
27/08/2025,PN-EQ-02	,24.0,,9700.3,167.4,430.0,2025-08-28 00:00:00
06/04/2024,PN_EQ_01,24.0,0.0,11039.6,126.4,520.0,2024-04-07 00:00:00
27/10/2024,PN-EQ-01,24.0,0.0,11429.4,361.9,520.0,2024-10-28 00:00:00
03/06/2025,PN-EQ-05	,24.0,0.0,6254.2,111.8,300.0,2025-06-04 00:00:00
11/01/2025,PN-EQ-08,10.8,13.2,3738.9,92.7,400.0,2025-01-12 00:00:00
17/07/2025,PN-EQ-05	,24.0,0.0,6109.3,102.3,300.0,2025-07-18 00:00:00
27/07/2024,PN_EQ_07,24.0,0.0,7505.6,65.2,350.0,2024-07-28 00:00:00
17/02/2024,PNEQ09,24.0,0.0,4833.0,51.1,260.0,2024-02-18 00:00:00
08/10/2024,PN-EQ-09 ,21.3,2.7,4737.8,42.0,260.0,2024-10-09 00:00:00
17/11/2025,pn-eq-02,24.0,0.0,9713.2,,430.0,2025-11-18 00:00:00
02/06/2025,PN-EQ-02,24.0,0.0,8675.2,217.9,430.0,2025-06-03 00:00:00
02/08/2025,PN-EQ-07,24.0,0.0,7739.9,205.0,350.0,2025-08-03 00:00:00
12/02/2024,PN-EQ-04	,24.0,0.0,10021.5,290.8,460.0,2024-02-13 00:00:00
29/09/2025,PN-EQ-06	,24.0,0.0,6242.6,57.0,300.0,2025-09-30 00:00:00
22/09/2025, PN-EQ-03,24.0,0.0,8464.3,150.8,380.0,2025-09-23 00:00:00
12/04/2024,PN-EQ-04,24.0,0.0,9703.8,157.9,460.0,2024-04-13 00:00:00
11/11/2024,PN-EQ-08 ,24.0,0.0,8359.2,183.0,400.0,2024-11-12 00:00:00
30/07/2025,PNEQ06,24.0,,6751.4,45.9,300.0,2025-07-31 00:00:00
19/08/2025,PN-EQ-07	,24.0,0.0,7678.8,101.3,350.0,2025-08-20 00:00:00
03/02/2024, PN-EQ-10,24.0,0.0,10769.1,242.8,500.0,2024-02-04 00:00:00
29/01/2024,PN-EQ-06	,24.0,0.0,6514.0,185.8,300.0,2024-01-30 00:00:00
13/08/2025,PN-EQ-08	,24.0,0.0,8152.3,174.2,400.0,2025-08-14 00:00:00
06/05/2024, PN-EQ-06,24.0,0.0,6811.0,51.8,300.0,2024-05-07 00:00:00
14/04/2024,PN-EQ-03 ,24.0,0.0,8005.5,47.8,380.0,2024-04-15 00:00:00
23/08/2025,PN_EQ_05,24.0,0.0,6673.3,68.1,300.0,2025-08-24 00:00:00
30/03/2024,PN-EQ-10	,15.6,8.4,6314.3,227.6,500.0,2024-03-31 00:00:00
27/07/2025,PN_EQ_05,24.0,0.0,6156.9,79.9,300.0,2025-07-28 00:00:00
23/07/2024,pn-eq-03,24.0,0.0,8646.0,60.7,380.0,2024-07-24 00:00:00
05/01/2026,PN-EQ-08	,18.7,5.3,6635.3,165.6,400.0,2026-01-06 00:00:00
06/02/2024,PN_EQ_05,23.2,0.8,5850.2,109.3,300.0,2024-02-07 00:00:00
16/12/2024, PN-EQ-02,24.0,0.0,-9720.9,134.0,430.0,2024-12-17 00:00:00
30/11/2025,pn-eq-10,24.0,0.0,11052.4,195.7,500.0,2025-12-01 00:00:00
03/01/2026,PN-EQ-04	,4.0,20.0,1811.1,46.7,460.0,2026-01-04 00:00:00
30/01/2024,PN-EQ-05 ,16.2,7.8,4558.9,,300.0,2024-01-31 00:00:00
03/02/2024, PN-EQ-05,2.8,21.2,739.7,13.8,300.0,2024-02-04 00:00:00
19/08/2024,PN_EQ_06,21.4,2.6,5835.5,68.8,300.0,2024-08-20 00:00:00
20/03/2024, PN-EQ-03,24.0,0.0,8627.9,252.0,380.0,2024-03-21 00:00:00
08/03/2024,pn-eq-07,24.0,0.0,7047.9,24.2,350.0,2024-03-09 00:00:00
16/04/2024, PN-EQ-03,24.0,0.0,8158.3,220.9,380.0,2024-04-17 00:00:00
13/06/2024,PN-EQ-01 ,24.0,0.0,10794.4,327.8,520.0,2024-06-14 00:00:00
18/08/2025,PN-EQ-04	,23.0,1.0,10474.2,259.7,460.0,2025-08-19 00:00:00
18/07/2025,PN_EQ_03,24.0,0.0,8698.9,249.3,380.0,2025-07-19 00:00:00
29/04/2025,PN-EQ-05	,24.0,0.0,6099.9,201.6,300.0,2025-04-30 00:00:00
18/11/2024,pn-eq-06,18.6,5.4,4873.3,125.9,300.0,2024-11-19 00:00:00
19/12/2025,PN-EQ-03 ,23.3,0.7,8073.6,208.0,380.0,2025-12-20 00:00:00
01/04/2025,PN-EQ-01 ,24.0,0.0,11570.9,157.7,520.0,2025-04-02 00:00:00
23/06/2025,PN-EQ-05,8.1,15.9,2111.4,44.1,300.0,2025-06-24 00:00:00
25/02/2024,PN_EQ_10,20.4,3.6,9000.9,37.4,500.0,2024-02-26 00:00:00
23/12/2024,PNEQ05,24.0,0.0,6011.9,109.1,300.0,2024-12-24 00:00:00
08/05/2025,PNEQ10,24.0,0.0,10376.8,108.7,500.0,2025-05-09 00:00:00
07/12/2024,PNEQ06,24.0,0.0,6126.3,144.2,300.0,2024-12-08 00:00:00
03/10/2024,PN-EQ-01 ,22.9,1.1,11203.7,308.4,520.0,2024-10-04 00:00:00
07/06/2024, PN-EQ-09,24.0,0.0,5106.4,10.4,260.0,2024-06-08 00:00:00
05/05/2024,PN_EQ_02,24.0,0.0,10006.0,177.5,430.0,2024-05-06 00:00:00
19/12/2025,PN-EQ-08 ,24.0,0.0,7872.0,,400.0,2025-12-17 00:00:00
12/03/2024,PN-EQ-04,24.0,,9463.2,279.3,460.0,2024-03-13 00:00:00
20/12/2025,PN-EQ-05	,24.0,0.0,6488.2,202.8,300.0,2025-12-21 00:00:00
08/06/2024,PN-EQ-10,7.8,16.2,3705.9,104.9,500.0,2024-06-09 00:00:00
06/10/2024, PN-EQ-04,24.0,0.0,9519.9,269.3,460.0,2024-10-07 00:00:00
22/03/2025,PN_EQ_09,22.3,1.7,5366.1,75.6,260.0,2025-03-23 00:00:00
13/03/2024,PNEQ04,23.4,0.6,9857.9,,460.0,2024-03-14 00:00:00
29/09/2024,PN-EQ-02,24.0,0.0,9325.9,216.5,430.0,2024-09-30 00:00:00
20/01/2025,PN-EQ-06 ,15.5,8.5,4556.9,40.2,300.0,2025-01-21 00:00:00
30/07/2025,PN-EQ-07	,24.0,0.0,7509.0,92.4,350.0,2025-07-31 00:00:00
23/08/2025,PN-EQ-07 ,15.2,8.8,4956.7,137.2,350.0,2025-08-24 00:00:00
05/09/2025,PN_EQ_10,24.0,0.0,11755.9,217.3,500.0,2025-09-06 00:00:00
12/12/2024,PN_EQ_04,24.0,0.0,10136.6,42.4,460.0,2024-12-13 00:00:00
24/06/2025,PNEQ01,24.0,0.0,11704.0,205.9,520.0,2025-06-25 00:00:00
18/03/2025,PN-EQ-01,24.0,0.0,10007.6,283.9,520.0,2025-03-19 00:00:00
29/01/2024,PN-EQ-09	,24.0,0.0,6177.6,100.4,260.0,2024-01-30 00:00:00
28/03/2024,PNEQ04,7.5,16.5,3089.8,50.2,460.0,2024-03-29 00:00:00
03/11/2024,PNEQ05,24.0,0.0,7128.0,239.3,300.0,2024-11-04 00:00:00
09/11/2025,PN_EQ_08,24.0,0.0,8712.4,161.2,400.0,2025-11-10 00:00:00
02/08/2024,pn-eq-02,24.0,0.0,9129.3,219.0,430.0,2024-08-03 00:00:00
26/01/2025,PN_EQ_06,24.0,0.0,7128.0,115.0,300.0,2025-01-27 00:00:00
04/11/2025,PN_EQ_04,24.0,0.0,9600.6,230.0,460.0,2025-11-05 00:00:00
26/02/2024,PN_EQ_10,24.0,0.0,9276.5,143.8,500.0,2024-02-27 00:00:00
18/04/2024, PN-EQ-04,24.0,0.0,10469.0,157.9,460.0,2024-04-19 00:00:00
15/07/2024,pn-eq-06,24.0,0.0,6198.3,122.7,300.0,2024-07-16 00:00:00
14/03/2024,PN-EQ-04 ,22.9,1.1,10127.5,92.7,460.0,2024-03-15 00:00:00
03/10/2025,PNEQ03,24.0,0.0,7776.4,120.0,380.0,2025-10-04 00:00:00
11/11/2025,PN_EQ_10,24.0,0.0,11880.0,368.0,500.0,2025-11-12 00:00:00
22/01/2025,PN_EQ_07,24.0,0.0,8127.8,215.5,350.0,2025-01-23 00:00:00
14/11/2024,pn-eq-03,24.0,0.0,8331.9,215.4,380.0,2024-11-15 00:00:00
03/04/2024,PN_EQ_01,24.0,0.0,12355.2,80.7,520.0,2024-04-04 00:00:00
29/01/2025,PNEQ02,15.3,8.7,6168.4,159.7,430.0,2025-01-30 00:00:00
09/04/2025,PN-EQ-05	,24.0,0.0,6348.3,160.7,300.0,2025-04-10 00:00:00
06/03/2024,pn-eq-02,24.0,0.0,8246.1,236.5,430.0,2024-03-07 00:00:00
06/02/2024, PN-EQ-09,24.0,,5358.3,90.7,260.0,2024-02-07 00:00:00
22/01/2024,PNEQ09,24.0,0.0,5388.7,165.6,260.0,2024-01-23 00:00:00
01/11/2025,PN-EQ-07,24.0,0.0,7248.3,246.1,350.0,2025-11-02 00:00:00
26/03/2025,PN_EQ_08,24.0,0.0,8487.7,145.0,400.0,2025-03-27 00:00:00
13/07/2024,pn-eq-08,4.0,20.0,1410.9,18.3,400.0,2024-07-14 00:00:00
16/07/2024,PN-EQ-09,24.0,0.0,6004.5,192.9,260.0,2024-07-17 00:00:00
30/08/2024,PN_EQ_07,24.0,0.0,7306.9,218.2,350.0,2024-08-31 00:00:00
14/02/2025,PN_EQ_02,24.0,0.0,9358.4,150.2,430.0,2025-02-14 00:00:00
18/09/2025,PN-EQ-10	,24.0,0.0,11054.6,200.7,500.0,2025-09-19 00:00:00
15/10/2024,PN-EQ-05,24.0,0.0,7128.0,164.2,300.0,2024-10-16 00:00:00
24/08/2024,PN-EQ-08,24.0,0.0,8895.2,71.6,400.0,2024-08-25 00:00:00
10/10/2025,PN-EQ-01 ,18.5,5.5,7709.6,61.4,520.0,2025-10-11 00:00:00
19/10/2025,pn-eq-06,24.0,0.0,6609.6,117.5,300.0,2025-10-20 00:00:00
05/11/2025, PN-EQ-04,20.4,3.6,8158.0,236.9,460.0,2025-11-06 00:00:00
06/12/2025,PN-EQ-08,24.0,,8130.3,154.1,400.0,2025-12-07 00:00:00
28/12/2024,PN_EQ_02,23.3,0.7,9756.4,204.2,430.0,2024-12-29 00:00:00
16/09/2024,PN_EQ_07,16.4,7.6,5179.0,128.3,350.0,2024-09-17 00:00:00
04/02/2025,PN-EQ-01 ,21.9,2.1,10971.1,187.1,520.0,2025-02-05 00:00:00
25/09/2024,PN-EQ-01 ,24.0,0.0,10196.9,281.7,520.0,2024-09-26 00:00:00
30/10/2025,PN_EQ_05,16.9,7.1,4887.7,81.3,300.0,2025-10-31 00:00:00
06/06/2024,PN_EQ_08,24.0,0.0,8669.3,274.8,400.0,2024-06-07 00:00:00
22/02/2025,PN-EQ-02 ,22.8,1.2,9109.9,89.1,430.0,2025-02-23 00:00:00
21/03/2024,PN-EQ-09,24.0,0.0,5419.8,136.8,260.0,2024-03-22 00:00:00
08/10/2024,PN-EQ-10 ,24.0,0.0,10039.7,77.7,500.0,2024-10-09 00:00:00
26/03/2024,pn-eq-06,22.2,1.8,5979.4,185.4,300.0,2024-03-27 00:00:00
21/02/2024,PN-EQ-03,24.0,0.0,8681.3,171.0,380.0,2024-02-22 00:00:00
07/10/2025,PN_EQ_10,24.0,,10315.9,93.8,500.0,2025-10-08 00:00:00
23/09/2024,PN-EQ-05	,24.0,0.0,6467.4,204.2,300.0,2024-09-24 00:00:00
01/12/2024,PN-EQ-03 ,22.2,1.8,7413.8,103.3,380.0,2024-12-02 00:00:00
22/08/2025,PN-EQ-07 ,24.0,0.0,7818.3,42.6,350.0,2025-08-23 00:00:00
10/03/2025,pn-eq-07,24.0,0.0,6939.0,104.1,350.0,2025-03-11 00:00:00
15/11/2024,PN-EQ-06	,24.0,0.0,6554.1,136.0,300.0,2024-11-16 00:00:00
30/06/2024,PN-EQ-08	,24.0,0.0,8432.2,200.0,400.0,2024-07-01 00:00:00
26/03/2025,PN_EQ_02,24.0,0.0,9368.7,182.0,430.0,2025-03-27 00:00:00
19/10/2025,PN_EQ_05,24.0,0.0,6438.8,169.3,300.0,2025-10-20 00:00:00
19/11/2024,PN-EQ-04	,24.0,0.0,9754.2,248.6,460.0,2024-11-20 00:00:00
18/02/2024,PN_EQ_10,24.0,0.0,11197.9,337.0,500.0,2024-02-19 00:00:00
17/08/2024,PN-EQ-07	,24.0,0.0,7547.9,131.9,350.0,2024-08-18 00:00:00
09/05/2025,PN_EQ_01,24.0,0.0,11310.9,405.2,520.0,2025-05-10 00:00:00
31/07/2024,PN-EQ-07,24.0,0.0,8196.4,199.5,350.0,2024-08-01 00:00:00
08/07/2025,PN-EQ-08 ,24.0,0.0,9032.9,162.9,400.0,2025-07-09 00:00:00
06/10/2024,PN-EQ-10 ,22.1,1.9,9706.6,110.0,500.0,2024-10-07 00:00:00
30/07/2024,PNEQ01,18.4,5.6,8261.8,214.7,520.0,2024-07-31 00:00:00
08/03/2025,PN_EQ_08,24.0,0.0,7346.2,160.1,400.0,2025-03-09 00:00:00
09/10/2024,PNEQ02,21.0,3.0,7744.2,146.3,430.0,2024-10-10 00:00:00
03/01/2025,PN-EQ-02 ,20.0,4.0,7535.4,147.2,430.0,2025-01-04 00:00:00
20/09/2024, PN-EQ-07,24.0,0.0,7685.5,166.9,350.0,2024-09-21 00:00:00
21/08/2025,PN-EQ-03,24.0,0.0,7999.1,165.8,380.0,2025-08-22 00:00:00
18/06/2025,PN-EQ-10	,4.0,20.0,1862.0,0.0,500.0,2025-06-19 00:00:00
18/02/2025,pn-eq-03,24.0,0.0,9028.8,256.3,380.0,2025-02-19 00:00:00
29/07/2025,PN-EQ-09 ,24.0,0.0,4496.2,141.0,260.0,2025-07-28 00:00:00
16/09/2024,PNEQ09,23.3,0.7,5315.6,69.1,260.0,2024-09-17 00:00:00
26/12/2024,PNEQ02,24.0,0.0,9143.7,137.9,430.0,2024-12-27 00:00:00
08/05/2024,PN-EQ-10	,24.0,0.0,10441.4,211.1,500.0,2024-05-09 00:00:00
25/05/2024,pn-eq-07,24.0,0.0,7137.0,213.8,350.0,2024-05-26 00:00:00
24/11/2024,PN-EQ-03,24.0,0.0,8057.6,168.4,380.0,2024-11-25 00:00:00
15/12/2024,PN-EQ-04	,24.0,0.0,9626.3,174.8,460.0,2024-12-16 00:00:00
25/02/2025,PN_EQ_05,22.5,1.5,5982.9,158.4,300.0,2025-02-26 00:00:00
18/04/2025,PN_EQ_09,18.5,5.5,4536.4,101.0,260.0,2025-04-19 00:00:00
02/02/2025,PNEQ07,24.0,0.0,8250.2,170.2,350.0,2025-02-03 00:00:00
12/05/2024,PNEQ01,24.0,0.0,11778.0,380.0,520.0,2024-05-13 00:00:00
03/04/2025,pn-eq-09,17.9,6.1,4097.7,129.5,260.0,2025-04-04 00:00:00
01/12/2025, PN-EQ-06,24.0,0.0,6103.7,99.6,300.0,2025-12-02 00:00:00
15/02/2024, PN-EQ-02,24.0,0.0,9533.8,105.8,430.0,2024-02-16 00:00:00
10/11/2024,PN-EQ-04 ,24.0,0.0,10500.9,227.9,460.0,2024-11-11 00:00:00
15/12/2024,PN-EQ-09 ,24.0,0.0,4499.6,105.1,260.0,2024-12-15 00:00:00
27/04/2025,PNEQ07,24.0,0.0,7907.2,72.1,350.0,2025-04-28 00:00:00
19/09/2024, PN-EQ-03,24.0,0.0,8317.0,176.3,380.0,2024-09-20 00:00:00
19/06/2025,pn-eq-02,24.0,0.0,9092.8,87.7,430.0,2025-06-20 00:00:00
01/06/2024,pn-eq-07,24.0,0.0,8247.5,124.3,350.0,2024-06-02 00:00:00
22/04/2025,PN-EQ-04	,24.0,0.0,9348.1,207.7,460.0,2025-04-23 00:00:00
08/12/2024,PN_EQ_09,24.0,0.0,5329.7,61.8,260.0,2024-12-09 00:00:00
16/11/2024, PN-EQ-05,24.0,0.0,6822.5,,300.0,2024-11-17 00:00:00
16/02/2025,PN-EQ-03 ,22.9,1.1,7629.9,228.3,380.0,2025-02-17 00:00:00
10/06/2025,PN-EQ-10 ,24.0,0.0,9679.7,158.9,500.0,2025-06-11 00:00:00
09/08/2024,PNEQ06,24.0,0.0,5630.1,62.5,300.0,2024-08-10 00:00:00
17/05/2024, PN-EQ-03,24.0,0.0,8286.5,313.6,380.0,2024-05-18 00:00:00
10/03/2025,PNEQ01,23.5,0.5,10818.0,246.5,520.0,2025-03-11 00:00:00
17/04/2025,PNEQ06,24.0,0.0,6927.2,63.7,300.0,2025-04-18 00:00:00
22/09/2025, PN-EQ-10,24.0,0.0,10437.0,,500.0,2025-09-23 00:00:00
29/02/2024,pn-eq-05,24.0,0.0,6588.8,193.6,300.0,2024-03-01 00:00:00
11/12/2024, PN-EQ-01,24.0,0.0,11765.8,161.3,520.0,2024-12-12 00:00:00
16/10/2024,PN-EQ-08,24.0,0.0,8205.2,116.4,400.0,2024-10-17 00:00:00
03/11/2025,PN-EQ-03 ,24.0,0.0,8618.8,155.7,380.0,2025-11-04 00:00:00
19/12/2024,PN_EQ_08,21.5,2.5,6899.0,123.8,400.0,2024-12-20 00:00:00
13/02/2024,PNEQ05,24.0,0.0,7128.0,226.6,300.0,2024-02-14 00:00:00
10/05/2025,PN-EQ-06	,24.0,0.0,6997.9,169.3,300.0,2025-05-11 00:00:00
26/09/2024,PN-EQ-04 ,17.6,6.4,7354.8,161.2,460.0,2024-09-27 00:00:00
26/05/2025,pn-eq-08,21.8,2.2,7428.5,115.1,400.0,2025-05-27 00:00:00
14/04/2024,PN_EQ_01,24.0,0.0,11765.1,164.5,520.0,2024-04-15 00:00:00
23/08/2025,PN_EQ_08,17.0,7.0,5763.6,119.9,400.0,2025-08-24 00:00:00
23/09/2025,PN_EQ_07,14.0,10.0,4511.2,,350.0,2025-09-24 00:00:00
22/12/2024,PN-EQ-07,24.0,0.0,7041.2,164.0,350.0,2024-12-23 00:00:00
18/12/2024,PNEQ02,12.4,11.6,5007.0,138.2,430.0,2024-12-19 00:00:00
22/12/2024,PN_EQ_05,24.0,0.0,6095.8,108.2,300.0,2024-12-23 00:00:00
17/10/2024,PN_EQ_09,24.0,0.0,5638.7,128.4,260.0,2024-10-18 00:00:00
26/12/2025,PN-EQ-01,24.0,0.0,12096.8,,520.0,2025-12-27 00:00:00
02/01/2024,pn-eq-02,24.0,0.0,9860.5,269.4,430.0,2024-01-03 00:00:00
22/07/2025,PN-EQ-04	,16.3,7.7,5963.6,86.7,460.0,2025-07-23 00:00:00
20/11/2025,PN-EQ-10	,23.0,1.0,11330.7,143.5,500.0,2025-11-21 00:00:00
06/05/2025,PN_EQ_09,24.0,0.0,6091.9,85.9,260.0,2025-05-07 00:00:00
26/10/2025, PN-EQ-03,24.0,0.0,8198.7,172.1,380.0,2025-10-27 00:00:00
05/09/2025,PN-EQ-05,15.4,8.6,4189.3,88.3,300.0,2025-09-06 00:00:00
10/07/2025,PN-EQ-08,24.0,0.0,8351.7,160.2,400.0,2025-07-11 00:00:00
20/08/2024,PN_EQ_09,24.0,0.0,5688.4,112.0,260.0,2024-08-21 00:00:00
02/12/2025,PN_EQ_04,24.0,0.0,10552.6,139.6,460.0,2025-12-03 00:00:00
20/08/2025,PN-EQ-02	,24.0,0.0,9271.6,161.7,430.0,2025-08-21 00:00:00
09/01/2024,PN_EQ_08,23.2,0.8,8569.2,9.0,400.0,2024-01-10 00:00:00
13/06/2024,PN_EQ_06,20.3,3.7,5178.3,137.4,300.0,2024-06-14 00:00:00
11/04/2025,PN_EQ_01,24.0,0.0,11354.8,296.8,520.0,2025-04-12 00:00:00
02/02/2025, PN-EQ-03,24.0,0.0,8022.1,81.8,380.0,2025-02-03 00:00:00
01/05/2024,PNEQ10,24.0,0.0,11219.9,167.7,500.0,2024-05-02 00:00:00
22/12/2025,PNEQ03,24.0,0.0,8312.7,162.5,380.0,2025-12-23 00:00:00
30/06/2025,PNEQ07,24.0,0.0,7225.7,107.4,350.0,2025-07-01 00:00:00
01/10/2024,PN_EQ_02,24.0,0.0,8876.3,161.5,430.0,2024-10-02 00:00:00
29/03/2025,PNEQ10,17.8,6.2,8446.8,149.8,500.0,2025-03-30 00:00:00
25/08/2025,PN-EQ-08,24.0,0.0,8953.3,0.0,400.0,2025-08-26 00:00:00
26/07/2024,pn-eq-06,24.0,0.0,6338.5,158.9,300.0,2024-07-27 00:00:00
25/08/2024,PN_EQ_08,22.6,1.4,8126.6,335.0,400.0,2024-08-26 00:00:00
13/05/2024,PN_EQ_05,24.0,0.0,6648.8,180.3,300.0,2024-05-14 00:00:00
05/06/2024,PN_EQ_01,24.0,0.0,11233.5,300.2,520.0,2024-06-06 00:00:00
30/11/2025,PN-EQ-09 ,24.0,0.0,5683.3,98.9,260.0,2025-12-01 00:00:00
10/09/2024,PN-EQ-06 ,24.0,0.0,6318.0,164.8,300.0,2024-09-11 00:00:00
23/06/2025,PN_EQ_03,24.0,0.0,8786.3,171.5,380.0,2025-06-24 00:00:00
25/11/2024,PNEQ06,24.0,,6403.0,117.4,300.0,2024-11-26 00:00:00
23/03/2025,pn-eq-03,24.0,0.0,7860.5,135.2,380.0,2025-03-24 00:00:00
08/09/2025,PN-EQ-03 ,24.0,0.0,7457.8,107.2,380.0,2025-09-09 00:00:00
28/09/2025,PNEQ10,4.0,20.0,1724.8,14.6,500.0,2025-09-29 00:00:00
23/04/2025,PN-EQ-07,19.6,4.4,6481.0,0.0,350.0,2025-04-24 00:00:00
27/06/2025,PNEQ03,24.0,0.0,8716.5,143.2,380.0,2025-06-28 00:00:00
12/03/2025,PN-EQ-07 ,24.0,0.0,7346.7,136.1,350.0,2025-03-13 00:00:00
05/12/2025, PN-EQ-04,24.0,,10078.8,129.0,460.0,2025-12-06 00:00:00
31/10/2025,PNEQ06,24.0,0.0,6543.6,70.7,300.0,2025-11-01 00:00:00
13/06/2025,PN-EQ-09	,24.0,0.0,5414.2,133.4,260.0,2025-06-13 00:00:00
25/01/2024,PN-EQ-07	,24.0,0.0,6739.3,62.5,350.0,2024-01-26 00:00:00
28/08/2024,PN-EQ-01,23.1,0.9,10937.0,217.8,520.0,2024-08-29 00:00:00
02/03/2025,PN_EQ_08,24.0,0.0,8559.9,221.7,400.0,2025-03-03 00:00:00
20/01/2024,pn-eq-02,24.0,0.0,9191.6,147.2,430.0,2024-01-21 00:00:00
20/11/2025,PN_EQ_06,24.0,0.0,5732.7,62.3,300.0,2025-11-21 00:00:00
18/08/2025, PN-EQ-05,18.7,5.3,5123.7,112.4,300.0,2025-08-19 00:00:00
30/03/2025,PN-EQ-01	,15.1,,6952.3,317.4,520.0,2025-03-31 00:00:00
25/02/2024,PN-EQ-09	,24.0,0.0,5457.5,102.8,260.0,2024-02-26 00:00:00
05/03/2024,PN-EQ-06,24.0,0.0,5589.4,195.5,300.0,2024-03-05 00:00:00
29/02/2024,PNEQ01,24.0,0.0,11543.9,267.9,520.0,2024-03-01 00:00:00
24/04/2025,PN-EQ-01,24.0,0.0,11848.7,280.5,520.0,2025-04-25 00:00:00
18/11/2025,PN-EQ-02 ,24.0,0.0,9297.7,297.1,430.0,2025-11-19 00:00:00
16/04/2025,PN-EQ-08	,23.0,1.0,8282.1,200.4,400.0,2025-04-17 00:00:00
27/03/2025, PN-EQ-04,24.0,0.0,9913.3,170.5,460.0,2025-03-28 00:00:00
23/10/2025,PN-EQ-09,24.0,0.0,5325.2,129.2,260.0,2025-10-24 00:00:00
21/08/2025,pn-eq-04,24.0,0.0,9733.8,281.9,460.0,2025-08-22 00:00:00
09/08/2024,PNEQ05,24.0,0.0,6119.1,140.0,300.0,2024-08-10 00:00:00
17/06/2025,PN-EQ-08,24.0,0.0,8328.5,232.6,400.0,2025-06-18 00:00:00
06/02/2025,pn-eq-04,24.0,0.0,10552.7,220.3,460.0,2025-02-07 00:00:00
17/03/2025,PN-EQ-02	,24.0,0.0,10029.8,171.8,430.0,2025-03-18 00:00:00
26/10/2024,pn-eq-03,24.0,0.0,7992.5,217.1,380.0,2024-10-27 00:00:00
29/03/2025,PN-EQ-01,24.0,0.0,11092.2,358.8,520.0,2025-03-30 00:00:00
26/04/2025,PN_EQ_04,24.0,0.0,10050.8,241.7,460.0,2025-04-27 00:00:00
11/05/2025,PN-EQ-09	,22.8,1.2,4941.4,,260.0,2025-05-12 00:00:00
12/12/2025,pn-eq-09,24.0,0.0,5925.8,98.2,260.0,2025-12-13 00:00:00
04/04/2025,PN_EQ_05,19.5,4.5,5109.1,66.3,300.0,2025-04-05 00:00:00
14/02/2024,pn-eq-03,24.0,0.0,7851.0,130.3,380.0,2024-02-15 00:00:00
28/02/2025,PNEQ01,24.0,0.0,11391.4,217.4,520.0,2025-03-01 00:00:00
01/06/2024,PN-EQ-05	,24.0,0.0,6110.3,119.3,300.0,2024-06-02 00:00:00
20/03/2024,PN-EQ-07	,24.0,0.0,6930.9,222.6,350.0,2024-03-21 00:00:00
21/09/2024,PNEQ06,24.0,0.0,5898.1,122.3,300.0,2024-09-22 00:00:00
22/09/2025,PN-EQ-04	,20.4,3.6,8154.5,99.9,460.0,2025-09-23 00:00:00
11/10/2024,PN-EQ-04,23.2,0.8,9636.2,177.5,460.0,2024-10-12 00:00:00
29/09/2024, PN-EQ-04,24.0,,9937.4,233.4,460.0,2024-09-30 00:00:00
17/05/2024,PN_EQ_05,23.5,,6113.5,217.3,300.0,2024-05-18 00:00:00
29/12/2025,PN-EQ-10,22.8,1.2,10264.5,141.4,500.0,2025-12-30 00:00:00
26/04/2025, PN-EQ-03,24.0,0.0,8936.4,14.3,380.0,2025-04-27 00:00:00
08/01/2024,PN_EQ_03,24.0,0.0,8198.3,212.4,380.0,2024-01-09 00:00:00
04/06/2024,PN-EQ-02	,24.0,0.0,9158.4,40.8,430.0,2024-06-05 00:00:00
25/11/2025,PN-EQ-07	,24.0,0.0,6891.4,143.1,350.0,2025-11-26 00:00:00
01/07/2024,pn-eq-09,24.0,0.0,5483.6,5.1,260.0,2024-07-02 00:00:00
27/06/2024,PN-EQ-09 ,24.0,0.0,5394.4,102.9,260.0,2024-06-28 00:00:00
13/04/2024,PN-EQ-01	,18.1,5.9,8908.5,206.4,520.0,2024-04-14 00:00:00
02/04/2024,PN-EQ-06 ,16.5,7.5,4167.6,94.4,300.0,2024-04-03 00:00:00
02/11/2024,pn-eq-05,24.0,0.0,6940.1,85.6,300.0,2024-11-03 00:00:00
02/04/2025,pn-eq-04,24.0,0.0,10768.3,,460.0,2025-04-03 00:00:00
25/06/2025,PN-EQ-02 ,24.0,0.0,9754.7,224.7,430.0,2025-06-26 00:00:00
28/02/2025,PNEQ09,24.0,0.0,6009.9,175.4,260.0,2025-03-01 00:00:00
20/10/2024,PN-EQ-02	,12.2,11.8,4549.2,74.4,430.0,2024-10-21 00:00:00
31/01/2024,pn-eq-02,24.0,0.0,10004.2,98.9,430.0,2024-02-01 00:00:00
11/07/2025,pn-eq-08,23.4,0.6,7912.6,113.8,400.0,2025-07-12 00:00:00
03/03/2025,PN_EQ_06,16.1,7.9,4403.3,82.1,300.0,2025-03-04 00:00:00
13/06/2025,pn-eq-07,24.0,0.0,7240.4,140.7,350.0,2025-06-14 00:00:00
25/04/2025,PN-EQ-02 ,24.0,0.0,9078.9,96.1,430.0,2025-04-26 00:00:00
09/05/2025,PNEQ04,21.6,2.4,9491.5,185.4,460.0,2025-05-10 00:00:00
09/06/2024,PN-EQ-01,24.0,0.0,10312.2,117.3,520.0,2024-06-10 00:00:00
04/11/2024,pn-eq-10,24.0,0.0,11733.1,267.1,500.0,2024-11-05 00:00:00
27/09/2024, PN-EQ-03,24.0,0.0,8977.8,247.9,380.0,2024-09-28 00:00:00
30/10/2024,PN-EQ-10	,24.0,0.0,10615.7,245.7,500.0,2024-10-31 00:00:00
29/01/2025, PN-EQ-07,24.0,0.0,7456.2,252.1,350.0,2025-01-30 00:00:00
06/10/2025,PN-EQ-02	,8.8,15.2,3599.6,108.0,430.0,2025-10-07 00:00:00
14/09/2025,PN-EQ-08	,23.0,1.0,8885.0,109.0,400.0,2025-09-15 00:00:00
19/07/2025,PN-EQ-07	,24.0,0.0,7239.3,99.9,350.0,2025-07-20 00:00:00
29/07/2024,PN-EQ-08	,24.0,0.0,7867.4,267.9,400.0,2024-07-30 00:00:00
14/06/2024, PN-EQ-04,24.0,0.0,10287.7,270.5,460.0,2024-06-15 00:00:00
14/09/2025,PN-EQ-01	,24.0,0.0,11362.5,174.5,520.0,2025-09-15 00:00:00
07/05/2025,PN-EQ-04 ,24.0,0.0,10049.0,361.6,460.0,2025-05-08 00:00:00
24/02/2024,PN-EQ-05	,21.7,,6135.6,120.3,300.0,2024-02-25 00:00:00
20/10/2025, PN-EQ-10,23.0,1.0,10079.9,121.2,500.0,2025-10-21 00:00:00
27/11/2025,PN-EQ-04,24.0,0.0,10046.2,166.5,460.0,2025-11-28 00:00:00
28/12/2024,PNEQ04,24.0,0.0,10535.3,108.2,460.0,2024-12-29 00:00:00
10/05/2025,PN_EQ_05,15.6,8.4,4499.3,62.8,300.0,2025-05-11 00:00:00
14/06/2025,PN_EQ_02,24.0,0.0,9237.4,316.6,430.0,2025-06-15 00:00:00
14/04/2025,PN-EQ-06 ,24.0,0.0,6094.2,133.6,300.0,2025-04-15 00:00:00
17/06/2024,PN-EQ-04	,24.0,,9711.0,208.5,460.0,2024-06-18 00:00:00
03/12/2025,PN_EQ_05,23.4,0.6,5862.8,37.8,300.0,2025-12-04 00:00:00
25/04/2024,pn-eq-08,24.0,0.0,8254.3,209.5,400.0,2024-04-26 00:00:00
17/06/2025, PN-EQ-10,24.0,0.0,10328.6,168.8,500.0,2025-06-18 00:00:00
10/04/2024, PN-EQ-08,24.0,0.0,8581.7,204.6,400.0,2024-04-11 00:00:00
10/06/2024,PN-EQ-05 ,24.0,0.0,6741.5,111.1,300.0,2024-06-11 00:00:00
22/08/2024, PN-EQ-09,24.0,0.0,5879.2,67.8,260.0,2024-08-23 00:00:00
30/07/2024,PN-EQ-05,24.0,,6453.5,135.5,300.0,2024-07-31 00:00:00
08/11/2024,PN-EQ-04,24.0,0.0,10814.3,209.0,460.0,2024-11-09 00:00:00
30/11/2025,PNEQ03,24.0,0.0,8217.3,204.1,380.0,2025-12-01 00:00:00
01/03/2025,PN_EQ_04,24.0,0.0,8731.4,249.6,460.0,2025-03-01 00:00:00
01/08/2025, PN-EQ-07,22.0,,6943.2,186.8,350.0,2025-08-02 00:00:00
18/09/2024,PN-EQ-06	,22.5,1.5,6371.2,67.5,300.0,2024-09-19 00:00:00
27/08/2024,pn-eq-01,23.2,0.8,11453.0,286.5,520.0,2024-08-28 00:00:00
22/06/2025,pn-eq-06,24.0,0.0,7060.9,267.8,300.0,2025-06-23 00:00:00
19/03/2025,PN_EQ_10,19.8,4.2,8791.4,92.2,500.0,2025-03-20 00:00:00
01/01/2026,PN-EQ-08 ,24.0,0.0,9485.1,238.1,400.0,2026-01-02 00:00:00
22/06/2024,PN-EQ-09	,24.0,0.0,5616.8,108.8,260.0,2024-06-23 00:00:00
03/03/2024,PN-EQ-09,13.6,,3315.6,45.9,260.0,2024-03-04 00:00:00
15/05/2024,PN-EQ-08	,24.0,0.0,8040.3,171.6,400.0,2024-05-16 00:00:00
11/09/2025,PN-EQ-02 ,24.0,0.0,9483.4,331.3,430.0,2025-09-12 00:00:00
14/10/2024,pn-eq-05,24.0,0.0,6946.6,52.0,300.0,2024-10-15 00:00:00
22/07/2025,PN-EQ-03 ,22.3,1.7,7746.6,273.0,380.0,2025-07-23 00:00:00
09/05/2025,PN-EQ-03,20.9,3.1,7182.3,146.0,380.0,2025-05-10 00:00:00
20/06/2025,PN-EQ-02 ,24.0,0.0,8358.6,166.2,430.0,2025-06-20 00:00:00
24/01/2025,PN_EQ_08,24.0,0.0,8612.7,171.6,400.0,2025-01-25 00:00:00
16/06/2025, PN-EQ-09,24.0,0.0,4978.5,65.5,260.0,2025-06-17 00:00:00
09/03/2024,PN-EQ-05	,16.4,7.6,4391.5,59.4,300.0,2024-03-10 00:00:00
28/05/2024,PNEQ01,24.0,,11612.4,329.5,520.0,2024-05-29 00:00:00
25/12/2025,PNEQ05,24.0,0.0,6821.0,53.2,300.0,2025-12-26 00:00:00
19/02/2025, PN-EQ-02,24.0,0.0,9446.9,176.3,430.0,2025-02-20 00:00:00
14/09/2025,PNEQ03,22.3,1.7,8164.7,0.0,380.0,2025-09-15 00:00:00
22/12/2024,pn-eq-06,24.0,0.0,5903.5,145.3,300.0,2024-12-23 00:00:00
08/10/2025,PNEQ08,24.0,0.0,8112.2,102.0,400.0,2025-10-09 00:00:00
05/08/2025,PN_EQ_03,24.0,0.0,8876.9,224.7,380.0,2025-08-06 00:00:00
11/04/2024,PNEQ10,24.0,0.0,11053.2,99.2,500.0,2024-04-12 00:00:00
07/11/2024,PN-EQ-03	,24.0,0.0,7968.6,219.8,380.0,2024-11-08 00:00:00
29/06/2024, PN-EQ-06,4.0,20.0,1121.2,20.4,300.0,2024-06-30 00:00:00
14/09/2024,PN-EQ-02	,24.0,0.0,9952.4,144.5,430.0,2024-09-15 00:00:00
12/09/2025,PNEQ01,24.0,0.0,10262.6,244.1,520.0,2025-09-13 00:00:00
14/12/2024,PNEQ07,24.0,0.0,7295.6,209.0,350.0,2024-12-15 00:00:00
22/03/2024,PN-EQ-02	,24.0,0.0,9390.9,169.6,430.0,2024-03-23 00:00:00
19/09/2024,PN-EQ-09	,24.0,0.0,5643.8,163.4,260.0,2024-09-20 00:00:00
15/03/2024,pn-eq-04,24.0,0.0,10152.7,268.8,460.0,2024-03-16 00:00:00
29/06/2025,PN-EQ-07	,24.0,0.0,6890.3,88.8,350.0,2025-06-30 00:00:00
20/05/2025, PN-EQ-10,24.0,0.0,10831.6,331.1,500.0,2025-05-21 00:00:00
27/10/2025,PNEQ05,24.0,0.0,6971.4,84.9,300.0,2025-10-28 00:00:00
30/01/2024, PN-EQ-02,24.0,0.0,8567.6,224.9,430.0,2024-01-31 00:00:00
29/03/2025,PNEQ02,24.0,0.0,10216.8,219.2,430.0,2025-03-30 00:00:00
14/03/2024,PN_EQ_10,24.0,0.0,11043.8,255.9,500.0,2024-03-15 00:00:00
28/03/2024,PNEQ10,24.0,0.0,10996.8,123.0,500.0,2024-03-29 00:00:00
19/10/2025, PN-EQ-09,24.0,0.0,5783.3,169.8,260.0,2025-10-20 00:00:00
09/05/2024,PNEQ02,24.0,0.0,8423.9,102.3,430.0,2024-05-08 00:00:00
09/01/2024,PNEQ04,24.0,0.0,9893.4,210.3,460.0,2024-01-10 00:00:00
22/08/2025,PN-EQ-09,24.0,0.0,5481.7,108.2,260.0,2025-08-23 00:00:00
07/08/2025,PNEQ08,16.3,7.7,6119.8,169.5,400.0,2025-08-08 00:00:00
05/07/2024,PNEQ10,17.4,6.6,7895.8,221.9,500.0,2024-07-06 00:00:00
25/10/2024,PNEQ06,24.0,0.0,6477.4,126.2,300.0,2024-10-26 00:00:00
14/08/2024,pn-eq-06,24.0,0.0,7032.6,125.3,300.0,2024-08-15 00:00:00
23/08/2024,pn-eq-05,24.0,0.0,6893.2,54.4,300.0,2024-08-24 00:00:00
11/04/2025,PN-EQ-04	,14.1,9.9,5748.3,206.5,460.0,2025-04-12 00:00:00
12/08/2024, PN-EQ-04,24.0,0.0,10111.4,187.3,460.0,2024-08-13 00:00:00
18/07/2024,PN-EQ-03,24.0,0.0,7815.7,89.0,380.0,2024-07-19 00:00:00
02/12/2024, PN-EQ-05,23.4,0.6,5933.8,103.3,300.0,2024-12-03 00:00:00
18/11/2025,PN_EQ_04,24.0,0.0,10643.0,219.2,460.0,2025-11-19 00:00:00
25/10/2025,PN-EQ-08,24.0,0.0,8686.4,196.0,400.0,2025-10-26 00:00:00
18/08/2025,PN-EQ-06 ,24.0,0.0,6239.7,115.7,300.0,2025-08-19 00:00:00
02/09/2024,pn-eq-07,24.0,0.0,7184.4,234.6,350.0,2024-09-02 00:00:00
15/11/2025,pn-eq-04,24.0,0.0,10929.6,418.2,460.0,2025-11-16 00:00:00
23/09/2025,PNEQ06,24.0,0.0,6323.1,33.1,300.0,2025-09-24 00:00:00
28/07/2024,PNEQ10,6.9,17.1,2941.7,49.2,500.0,2024-07-29 00:00:00
29/04/2024,PN-EQ-09	,24.0,0.0,5618.9,94.0,260.0,2024-04-30 00:00:00
30/03/2024,PN_EQ_09,21.9,2.1,5258.0,98.9,260.0,2024-03-31 00:00:00
19/11/2024,pn-eq-02,24.0,0.0,9567.9,115.4,430.0,2024-11-20 00:00:00
14/02/2025,PN-EQ-08 ,24.0,0.0,9147.2,170.5,400.0,2025-02-15 00:00:00
15/12/2025,pn-eq-05,24.0,0.0,7023.9,160.6,300.0,2025-12-16 00:00:00
13/07/2025,PNEQ03,24.0,0.0,8120.3,178.2,380.0,2025-07-14 00:00:00
07/06/2025,PNEQ08,17.2,6.8,6070.8,192.8,400.0,2025-06-08 00:00:00
08/11/2025,PN_EQ_05,23.5,0.5,6177.9,84.1,300.0,2025-11-09 00:00:00
10/03/2025,pn-eq-04,24.0,0.0,9693.0,241.6,460.0,2025-03-11 00:00:00
02/12/2024, PN-EQ-07,24.0,0.0,7060.6,171.3,350.0,2024-12-03 00:00:00
25/10/2025,PN_EQ_03,23.5,0.5,7871.7,235.3,380.0,2025-10-26 00:00:00
29/12/2025,PN-EQ-06 ,24.0,0.0,6084.3,0.0,300.0,2025-12-30 00:00:00
13/01/2025, PN-EQ-04,4.2,19.8,1831.6,18.0,460.0,2025-01-14 00:00:00
06/09/2024,PN-EQ-04 ,5.2,18.8,2214.4,36.9,460.0,2024-09-07 00:00:00
02/11/2025, PN-EQ-08,24.0,0.0,8435.8,107.3,400.0,2025-11-03 00:00:00
04/02/2025,PN-EQ-02,24.0,0.0,9501.0,287.4,430.0,2025-02-05 00:00:00
19/05/2024,PNEQ09,24.0,0.0,5410.1,120.5,260.0,2024-05-20 00:00:00
24/10/2024,PN_EQ_03,24.0,,7968.3,207.2,380.0,2024-10-25 00:00:00
02/01/2024,PN-EQ-08 ,24.0,0.0,8806.4,168.5,400.0,2024-01-03 00:00:00
21/02/2024,pn-eq-10,15.9,8.1,7253.9,63.6,500.0,2024-02-22 00:00:00
05/01/2025, PN-EQ-06,24.0,0.0,6584.2,207.6,300.0,2025-01-06 00:00:00
15/06/2024,PN-EQ-09	,24.0,0.0,5314.7,157.4,260.0,2024-06-16 00:00:00
20/07/2024,PN-EQ-01,24.0,0.0,11911.4,195.2,520.0,2024-07-21 00:00:00
04/02/2024, PN-EQ-10,18.0,6.0,8175.2,40.7,500.0,2024-02-05 00:00:00
22/06/2024,PN-EQ-05,13.8,10.2,3618.2,,300.0,2024-06-23 00:00:00
24/07/2024,PNEQ05,24.0,0.0,6669.6,145.1,300.0,2024-07-25 00:00:00
11/05/2024,PN-EQ-02,24.0,0.0,8101.1,193.8,430.0,2024-05-09 00:00:00
03/03/2025,pn-eq-08,24.0,0.0,7904.1,133.2,400.0,2025-03-04 00:00:00
30/09/2024,PN-EQ-06	,24.0,0.0,6567.6,201.7,300.0,2024-10-01 00:00:00
25/06/2025,PNEQ05,24.0,0.0,6428.7,193.9,300.0,2025-06-26 00:00:00
20/01/2024,PN-EQ-01	,24.0,0.0,10913.1,135.6,520.0,2024-01-21 00:00:00
10/02/2025,PN-EQ-02	,24.0,0.0,9241.7,147.0,430.0,2025-02-11 00:00:00
28/02/2024,PN-EQ-05	,24.0,0.0,7118.1,149.7,300.0,2024-02-29 00:00:00
31/03/2025, PN-EQ-07,15.4,8.6,4558.1,101.5,350.0,2025-04-01 00:00:00
04/06/2024,PN-EQ-08 ,24.0,0.0,8769.0,128.4,400.0,2024-06-05 00:00:00
06/11/2025,PNEQ07,24.0,0.0,7874.6,100.9,350.0,2025-11-07 00:00:00
28/10/2024,PN-EQ-07	,24.0,0.0,7728.8,82.8,350.0,2024-10-29 00:00:00
17/11/2024, PN-EQ-04,24.0,0.0,10116.6,204.8,460.0,2024-11-18 00:00:00
18/01/2024,PN-EQ-01,24.0,0.0,11426.8,304.1,520.0,2024-01-19 00:00:00
08/02/2025,PNEQ06,18.8,5.2,5974.4,129.1,300.0,2025-02-09 00:00:00
16/09/2025,PN-EQ-07,24.0,0.0,7435.7,139.7,350.0,2025-09-17 00:00:00
09/05/2024,pn-eq-03,24.0,0.0,8046.8,104.0,380.0,2024-05-10 00:00:00
28/03/2025,pn-eq-07,24.0,0.0,7616.3,186.4,350.0,2025-03-29 00:00:00
28/08/2024,PN_EQ_02,24.0,0.0,9196.6,189.1,430.0,2024-08-29 00:00:00
17/01/2024,PN_EQ_01,24.0,0.0,10747.0,315.3,520.0,2024-01-18 00:00:00
24/06/2025, PN-EQ-04,24.0,0.0,9074.1,295.9,460.0,2025-06-25 00:00:00
19/11/2025,PN-EQ-02	,24.0,0.0,8531.3,32.3,430.0,2025-11-20 00:00:00
08/09/2024,pn-eq-03,24.0,0.0,8343.0,229.8,380.0,2024-09-09 00:00:00
17/11/2025,pn-eq-04,24.0,0.0,10195.3,294.8,460.0,2025-11-18 00:00:00
26/10/2024,PN-EQ-10	,24.0,0.0,9438.7,201.6,500.0,2024-10-24 00:00:00
07/11/2025, PN-EQ-10,24.0,,11237.7,179.3,500.0,2025-11-08 00:00:00
17/01/2025,PN-EQ-01 ,24.0,0.0,11849.6,,520.0,2025-01-18 00:00:00
21/11/2024,PN-EQ-06	,24.0,0.0,6341.7,123.9,300.0,2024-11-22 00:00:00
20/12/2025,PN-EQ-08 ,12.0,12.0,4406.2,74.7,400.0,2025-12-21 00:00:00
29/08/2024,pn-eq-06,16.7,7.3,4959.9,72.8,300.0,2024-08-30 00:00:00
19/11/2025,PN-EQ-07	,24.0,0.0,7447.9,,350.0,2025-11-20 00:00:00
25/11/2024,PN_EQ_05,24.0,0.0,6711.7,58.8,300.0,2024-11-26 00:00:00
19/06/2024, PN-EQ-02,24.0,0.0,9568.3,220.0,430.0,2024-06-20 00:00:00
29/12/2024,PNEQ07,24.0,0.0,7792.4,75.4,350.0,2024-12-30 00:00:00
30/06/2024,pn-eq-05,24.0,0.0,6492.0,143.7,300.0,2024-07-01 00:00:00
01/12/2024, PN-EQ-09,24.0,0.0,5445.4,179.0,260.0,2024-12-02 00:00:00
12/09/2025, PN-EQ-09,24.0,,5508.0,125.7,260.0,2025-09-13 00:00:00
29/07/2024,PN_EQ_05,24.0,0.0,6904.4,182.3,300.0,2024-07-30 00:00:00
18/05/2025,PN_EQ_08,24.0,0.0,8731.3,335.3,400.0,2025-05-19 00:00:00
03/09/2024,PN-EQ-07 ,22.9,1.1,6979.5,89.9,350.0,2024-09-04 00:00:00
03/07/2025,PNEQ08,20.8,3.2,7793.7,138.0,400.0,2025-07-04 00:00:00
11/06/2025,PNEQ09,21.9,2.1,5510.7,200.5,260.0,2025-06-12 00:00:00
25/06/2025, PN-EQ-10,24.0,,11294.1,260.7,500.0,2025-06-26 00:00:00
21/10/2024,PN-EQ-10 ,24.0,0.0,10539.3,258.7,500.0,2024-10-22 00:00:00
11/03/2024,PNEQ06,24.0,0.0,6474.6,75.3,300.0,2024-03-12 00:00:00
14/08/2025,PN_EQ_08,24.0,0.0,7901.7,122.3,400.0,2025-08-15 00:00:00
23/12/2024,PN_EQ_08,24.0,0.0,8582.4,190.0,400.0,2024-12-24 00:00:00
17/08/2024,PN-EQ-09	,18.5,5.5,4370.3,48.2,260.0,2024-08-18 00:00:00
18/07/2024,PN-EQ-06 ,24.0,0.0,5831.3,102.1,300.0,2024-07-19 00:00:00
11/07/2024,PN-EQ-03 ,24.0,0.0,9028.8,306.3,380.0,2024-07-12 00:00:00
24/06/2024,PN-EQ-10 ,24.0,0.0,10699.4,120.7,500.0,2024-06-25 00:00:00
20/01/2025,PN-EQ-01,24.0,0.0,-11395.1,338.0,520.0,2025-01-21 00:00:00
04/12/2025,PNEQ05,24.0,0.0,6433.9,125.3,300.0,2025-12-05 00:00:00
19/05/2024,PN-EQ-03	,24.0,0.0,8412.8,191.4,380.0,2024-05-20 00:00:00
09/05/2025,PN-EQ-10	,3.0,21.0,1430.1,53.6,500.0,2025-05-10 00:00:00
18/12/2025,PNEQ05,24.0,0.0,6086.2,143.7,300.0,2025-12-19 00:00:00
14/05/2024,PN-EQ-08 ,15.2,8.8,5202.1,41.3,400.0,2024-05-15 00:00:00
05/11/2025,PN_EQ_01,24.0,0.0,11945.0,157.8,5200.0,2025-11-06 00:00:00
27/12/2025, PN-EQ-02,22.0,2.0,8836.3,100.5,430.0,2025-12-28 00:00:00
27/07/2024,PN-EQ-02,24.0,0.0,8998.0,246.5,430.0,2024-07-28 00:00:00
08/05/2024,PN_EQ_08,24.0,0.0,9504.0,270.5,400.0,2024-05-09 00:00:00
04/08/2024,pn-eq-02,24.0,0.0,8844.3,290.8,430.0,2024-08-05 00:00:00
26/09/2024,PN-EQ-10 ,4.5,19.5,1888.3,40.6,500.0,2024-09-27 00:00:00
22/03/2025, PN-EQ-08,24.0,0.0,8342.5,146.6,400.0,2025-03-23 00:00:00
03/09/2024,PNEQ01,22.4,,10104.4,153.6,520.0,2024-09-04 00:00:00
15/11/2024, PN-EQ-01,22.8,1.2,9668.5,39.3,520.0,2024-11-16 00:00:00
26/04/2025,PN-EQ-06,23.5,0.5,6594.0,178.3,300.0,2025-04-27 00:00:00
06/03/2025,PNEQ05,24.0,0.0,6554.2,168.6,300.0,2025-03-07 00:00:00
01/10/2025,PN-EQ-09 ,24.0,0.0,5753.1,85.6,260.0,2025-10-02 00:00:00
02/12/2024,PN_EQ_06,24.0,0.0,6131.7,153.2,300.0,2024-12-03 00:00:00
29/09/2024,PN_EQ_09,24.0,0.0,6010.7,108.5,260.0,2024-09-30 00:00:00
08/10/2025,pn-eq-02,24.0,0.0,9179.3,302.1,430.0,2025-10-09 00:00:00
07/04/2024,PN_EQ_05,24.0,0.0,6213.2,105.6,300.0,2024-04-08 00:00:00
12/06/2024,PNEQ06,24.0,0.0,5504.4,85.0,300.0,2024-06-13 00:00:00
20/05/2025,PN-EQ-04 ,24.0,0.0,10030.7,150.7,460.0,2025-05-21 00:00:00
01/04/2024,PN-EQ-05 ,4.0,20.0,1074.7,21.9,300.0,2024-04-02 00:00:00
13/10/2025,pn-eq-08,24.0,0.0,7942.1,208.9,400.0,2025-10-12 00:00:00
27/06/2024,PN-EQ-06,24.0,0.0,6471.7,79.3,300.0,2024-06-28 00:00:00
07/04/2024,PNEQ10,22.8,1.2,10690.6,239.3,500.0,2024-04-08 00:00:00
21/04/2024,pn-eq-05,24.0,0.0,6420.1,111.4,300.0,2024-04-22 00:00:00
08/01/2025,PN-EQ-03,24.0,0.0,8186.0,79.6,380.0,2025-01-09 00:00:00
21/02/2025,PN_EQ_07,24.0,0.0,7923.6,38.8,350.0,2025-02-22 00:00:00
30/04/2024,PN-EQ-04 ,24.0,0.0,9997.7,140.7,460.0,2024-05-01 00:00:00
27/02/2025,PN-EQ-09 ,24.0,0.0,5836.7,167.5,260.0,2025-02-28 00:00:00
24/04/2025, PN-EQ-07,24.0,0.0,8007.2,111.1,350.0,2025-04-25 00:00:00
28/10/2024, PN-EQ-05,24.0,0.0,6071.4,135.9,300.0,2024-10-29 00:00:00
26/04/2024,pn-eq-06,24.0,0.0,6158.1,,300.0,2024-04-27 00:00:00
01/10/2025,PN_EQ_06,24.0,0.0,6217.4,80.3,300.0,2025-10-02 00:00:00
26/12/2025,pn-eq-03,24.0,0.0,7989.0,207.7,380.0,2025-12-27 00:00:00
31/05/2025,pn-eq-08,24.0,0.0,7974.4,214.8,400.0,2025-06-01 00:00:00
11/04/2024,PN_EQ_05,24.0,0.0,6307.4,69.9,300.0,2024-04-12 00:00:00
03/04/2024,PN_EQ_04,24.0,0.0,10188.6,419.6,460.0,2024-04-04 00:00:00
06/04/2024,PN-EQ-06,22.9,1.1,6093.4,171.6,300.0,2024-04-07 00:00:00
16/05/2024,PN_EQ_04,24.0,0.0,10395.9,113.5,460.0,2024-05-17 00:00:00
23/05/2025,PNEQ03,24.0,0.0,7460.3,186.4,380.0,2025-05-24 00:00:00
05/05/2025,PN-EQ-10 ,24.0,0.0,10643.4,208.5,500.0,2025-05-06 00:00:00
19/09/2025,PN_EQ_05,24.0,0.0,6178.4,112.0,300.0,2025-09-20 00:00:00
28/09/2024,PNEQ05,23.4,0.6,6949.8,253.5,300.0,2024-09-29 00:00:00
08/04/2025,PNEQ10,24.0,0.0,10964.4,240.7,500.0,2025-04-09 00:00:00
24/12/2024,PN_EQ_04,24.0,0.0,9471.2,222.1,460.0,2024-12-25 00:00:00
21/04/2024,PN-EQ-03 ,24.0,0.0,8818.4,141.1,380.0,2024-04-22 00:00:00
01/08/2024,PN_EQ_06,24.0,0.0,6299.7,114.7,300.0,2024-08-02 00:00:00
01/04/2025,PN-EQ-03 ,24.0,0.0,7984.8,285.9,380.0,2025-04-02 00:00:00
16/02/2025,PN-EQ-04	,15.7,8.3,7149.8,163.3,460.0,2025-02-17 00:00:00
22/10/2025,pn-eq-06,24.0,0.0,6129.1,181.3,300.0,2025-10-23 00:00:00
26/04/2025,PN_EQ_09,24.0,0.0,6014.4,20.3,260.0,2025-04-27 00:00:00
20/12/2024,PN-EQ-02 ,15.2,8.8,5668.8,155.2,430.0,2024-12-21 00:00:00
12/02/2025, PN-EQ-06,24.0,0.0,6405.3,29.2,300.0,2025-02-13 00:00:00
13/12/2025,PN_EQ_06,24.0,0.0,6338.8,174.3,300.0,2025-12-14 00:00:00
14/10/2025,PN-EQ-03 ,24.0,0.0,7903.3,141.1,380.0,2025-10-15 00:00:00
18/06/2025,PN_EQ_06,24.0,0.0,5982.4,117.5,300.0,2025-06-19 00:00:00
31/10/2024,pn-eq-05,24.0,0.0,6729.0,81.3,300.0,2024-11-01 00:00:00
15/06/2024,PNEQ03,24.0,0.0,8141.7,138.3,380.0,2024-06-16 00:00:00
27/01/2025,PN-EQ-06,24.0,0.0,6203.4,184.6,300.0,2025-01-28 00:00:00
11/12/2024,PN_EQ_06,19.5,4.5,5791.5,117.5,300.0,2024-12-12 00:00:00
18/08/2024,PN-EQ-01	,24.0,0.0,12270.2,157.0,520.0,2024-08-19 00:00:00
24/03/2025,pn-eq-08,24.0,0.0,7993.0,275.6,400.0,2025-03-25 00:00:00
05/10/2024, PN-EQ-06,24.0,0.0,6821.1,75.0,300.0,2024-10-06 00:00:00
11/04/2024,PN-EQ-04	,20.0,,8179.5,117.4,460.0,2024-04-12 00:00:00
12/03/2024,PN_EQ_01,24.0,0.0,10821.1,196.5,520.0,2024-03-13 00:00:00
06/01/2025,PN-EQ-06,24.0,0.0,6174.2,124.2,300.0,2025-01-07 00:00:00
25/04/2024,PN-EQ-03 ,24.0,0.0,8077.9,133.0,380.0,2024-04-26 00:00:00
15/08/2024,pn-eq-04,24.0,0.0,10461.5,216.6,460.0,2024-08-16 00:00:00
03/02/2025,PN-EQ-10 ,24.0,0.0,9781.5,56.3,500.0,2025-02-04 00:00:00
01/04/2025,PNEQ06,24.0,,6780.5,128.6,300.0,2025-04-02 00:00:00
12/01/2024,PN-EQ-05	,24.0,0.0,6734.8,137.4,300.0,2024-01-13 00:00:00
19/03/2024,PN-EQ-07 ,21.5,2.5,6652.5,127.8,350.0,2024-03-20 00:00:00
03/10/2024,PNEQ04,24.0,0.0,10232.2,258.7,460.0,2024-10-04 00:00:00
09/09/2024,PN-EQ-06 ,24.0,0.0,6761.4,132.3,300.0,2024-09-10 00:00:00
26/06/2024,PN-EQ-05,24.0,,6592.0,186.8,300.0,2024-06-27 00:00:00
15/11/2024,PNEQ04,11.0,13.0,4161.0,143.4,460.0,2024-11-16 00:00:00
01/09/2024,PN-EQ-03,24.0,0.0,8599.3,95.3,380.0,2024-09-02 00:00:00
12/07/2024,PN_EQ_03,24.0,0.0,8175.5,220.2,380.0,2024-07-13 00:00:00
23/10/2024,PNEQ10,24.0,0.0,11505.3,,500.0,2024-10-24 00:00:00
12/04/2025,PN-EQ-08	,24.0,0.0,8330.7,253.2,400.0,2025-04-13 00:00:00
05/08/2024,PN-EQ-04 ,24.0,0.0,10617.7,285.9,460.0,2024-08-06 00:00:00
31/07/2024,PN-EQ-08 ,23.3,0.7,7890.7,70.9,400.0,2024-08-01 00:00:00
25/05/2024, PN-EQ-03,24.0,0.0,8756.2,140.0,380.0,2024-05-26 00:00:00
21/03/2024,PN_EQ_05,24.0,0.0,6373.4,151.2,300.0,2024-03-22 00:00:00
30/03/2024,PN_EQ_01,24.0,0.0,10895.1,313.2,520.0,2024-03-31 00:00:00
01/03/2024,PN_EQ_01,24.0,0.0,10757.0,92.3,520.0,2024-03-02 00:00:00
15/02/2024, PN-EQ-09,24.0,0.0,4988.4,88.8,260.0,2024-02-16 00:00:00
22/02/2025,PNEQ03,24.0,0.0,7424.5,202.5,380.0,2025-02-23 00:00:00
29/12/2025,pn-eq-08,24.0,0.0,8674.8,286.1,400.0,2025-12-30 00:00:00
13/10/2025,PNEQ01,24.0,0.0,10814.4,347.0,520.0,2025-10-14 00:00:00
13/07/2024,PN-EQ-04	,24.0,0.0,10296.8,188.6,460.0,2024-07-14 00:00:00
19/09/2024,PNEQ04,24.0,0.0,10592.4,197.7,460.0,2024-09-20 00:00:00
09/12/2025,PN-EQ-10	,24.0,0.0,9457.8,203.9,500.0,2025-12-10 00:00:00
12/12/2024,PN-EQ-01,24.0,0.0,11200.3,293.9,520.0,2024-12-13 00:00:00
13/07/2025,pn-eq-06,22.0,2.0,5613.2,54.8,300.0,2025-07-14 00:00:00
24/08/2024, PN-EQ-09,24.0,0.0,5325.5,112.9,260.0,2024-08-24 00:00:00
24/12/2025, PN-EQ-08,24.0,0.0,8115.4,216.6,400.0,2025-12-25 00:00:00
28/06/2025,PN_EQ_06,24.0,,6624.4,209.9,300.0,2025-06-29 00:00:00
15/02/2024,PN-EQ-07	,22.4,1.6,7495.7,192.6,350.0,2024-02-16 00:00:00
30/08/2024,PN-EQ-03 ,24.0,0.0,8579.3,43.8,380.0,2024-08-31 00:00:00
28/10/2024, PN-EQ-01,24.0,0.0,11098.0,215.4,520.0,2024-10-29 00:00:00
26/12/2025,PN-EQ-10 ,24.0,0.0,10450.8,118.0,500.0,2025-12-27 00:00:00
30/06/2025,PN-EQ-04	,24.0,0.0,9970.1,245.4,460.0,2025-07-01 00:00:00
01/06/2024, PN-EQ-06,24.0,0.0,6042.0,176.4,300.0,2024-05-30 00:00:00
26/04/2024,PN-EQ-05 ,20.9,3.1,5726.6,167.1,300.0,2024-04-27 00:00:00
18/11/2024,PN_EQ_03,24.0,0.0,7876.8,64.7,380.0,2024-11-19 00:00:00
11/01/2025, PN-EQ-05,24.0,0.0,6525.9,78.5,300.0,2025-01-12 00:00:00
22/06/2024,PN-EQ-03,24.0,0.0,8101.9,131.0,380.0,2024-06-23 00:00:00
27/07/2025,PN_EQ_02,24.0,0.0,8358.1,177.8,430.0,2025-07-28 00:00:00
12/09/2025,PN-EQ-08 ,24.0,0.0,8345.5,138.7,400.0,2025-09-13 00:00:00
08/01/2026, PN-EQ-06,24.0,0.0,6607.2,141.1,300.0,2026-01-09 00:00:00
20/10/2024,PN-EQ-10,24.0,0.0,10753.7,207.5,500.0,2024-10-21 00:00:00
02/01/2025,PN-EQ-10 ,16.2,7.8,7497.7,17.1,500.0,2025-01-03 00:00:00
19/11/2024,PN-EQ-10	,24.0,0.0,11372.7,225.8,500.0,2024-11-20 00:00:00
12/10/2024,PN-EQ-05,24.0,0.0,6319.0,185.6,300.0,2024-10-13 00:00:00
29/10/2025,PN_EQ_01,24.0,0.0,11428.3,173.5,520.0,2025-10-30 00:00:00
16/01/2025,PN-EQ-03,24.0,0.0,8321.8,194.9,380.0,2025-01-17 00:00:00
27/08/2024,PNEQ07,24.0,0.0,7551.2,109.1,350.0,2024-08-28 00:00:00
04/03/2024,PN-EQ-01	,24.0,0.0,11355.7,216.4,520.0,2024-03-05 00:00:00
16/08/2024,pn-eq-02,21.6,2.4,7943.0,141.6,430.0,2024-08-17 00:00:00
26/12/2024,PNEQ07,24.0,0.0,7153.3,94.0,350.0,2024-12-27 00:00:00
06/02/2024,PN-EQ-02 ,24.0,0.0,8987.1,215.9,430.0,2024-02-07 00:00:00
04/12/2025,PNEQ09,24.0,0.0,5516.3,175.9,260.0,2025-12-05 00:00:00
08/11/2024,PN_EQ_01,24.0,0.0,11136.9,220.6,5200.0,2024-11-09 00:00:00
03/04/2025,PN-EQ-01 ,24.0,0.0,11764.9,254.4,520.0,2025-04-04 00:00:00
02/10/2025,PN-EQ-03	,24.0,0.0,9017.1,153.5,380.0,2025-10-03 00:00:00
03/07/2024,PN-EQ-04	,18.3,5.7,8003.5,147.5,460.0,2024-07-04 00:00:00
20/02/2024,PN-EQ-04	,10.8,13.2,4445.2,111.9,460.0,2024-02-21 00:00:00
06/11/2024,pn-eq-05,24.0,0.0,6585.7,108.1,300.0,2024-11-07 00:00:00
10/09/2025,PN-EQ-10	,24.0,0.0,10613.8,164.4,500.0,2025-09-11 00:00:00
18/08/2024, PN-EQ-10,23.4,0.6,10461.0,176.2,500.0,2024-08-19 00:00:00
03/01/2024,PN-EQ-01 ,24.0,0.0,11921.1,452.3,520.0,2024-01-04 00:00:00
10/04/2025,PN-EQ-10,16.8,7.2,7180.6,222.1,500.0,2025-04-11 00:00:00
03/06/2024,PN-EQ-06,22.8,1.2,6323.3,103.3,300.0,2024-06-04 00:00:00
17/12/2025,PN_EQ_08,24.0,0.0,8418.1,214.7,400.0,2025-12-18 00:00:00
18/09/2024, PN-EQ-04,4.0,20.0,1727.5,17.7,460.0,2024-09-19 00:00:00
15/12/2024,PN-EQ-09 ,24.0,0.0,5130.3,105.1,260.0,2024-12-16 00:00:00
02/02/2024,PN-EQ-01 ,24.0,0.0,12355.2,370.5,520.0,2024-02-03 00:00:00
15/02/2025,PN-EQ-08,24.0,0.0,8850.0,160.7,400.0,2025-02-16 00:00:00
09/07/2024,PN-EQ-03	,24.0,0.0,7958.9,191.3,380.0,2024-07-10 00:00:00
24/03/2025,PN-EQ-04,14.1,9.9,5404.0,115.2,460.0,2025-03-25 00:00:00
22/08/2025,PNEQ03,24.0,0.0,8039.0,101.9,380.0,2025-08-23 00:00:00
07/02/2025,PNEQ02,24.0,0.0,9264.0,191.1,430.0,2025-02-08 00:00:00
01/10/2024,pn-eq-01,24.0,0.0,11555.2,253.1,520.0,2024-10-02 00:00:00
25/01/2025,PN_EQ_04,24.0,0.0,10101.2,276.6,460.0,2025-01-26 00:00:00
17/01/2025,pn-eq-05,24.0,0.0,6261.9,238.3,300.0,2025-01-18 00:00:00
07/06/2024, PN-EQ-05,24.0,0.0,6360.2,150.4,300.0,2024-06-08 00:00:00
09/03/2024,PN-EQ-03 ,23.5,0.5,7916.7,235.7,380.0,2024-03-10 00:00:00
18/03/2025,PN-EQ-04	,15.0,9.0,6486.5,108.4,460.0,2025-03-19 00:00:00
06/12/2025,pn-eq-01,24.0,0.0,10736.8,223.0,520.0,2025-12-07 00:00:00
05/11/2025,PN_EQ_10,24.0,,10344.9,337.9,500.0,2025-11-06 00:00:00
21/03/2024,PN_EQ_06,24.0,0.0,6734.9,106.0,300.0,2024-03-22 00:00:00
25/12/2025,PN-EQ-09 ,24.0,0.0,5597.6,159.8,260.0,2025-12-26 00:00:00
21/09/2024,PN-EQ-03	,24.0,0.0,8172.9,167.7,380.0,2024-09-22 00:00:00
12/04/2025,pn-eq-06,24.0,0.0,6410.1,122.8,300.0,2025-04-13 00:00:00
28/09/2024,PN-EQ-01 ,24.0,0.0,10894.1,129.6,520.0,2024-09-29 00:00:00
14/09/2025,PN-EQ-01	,24.0,0.0,10344.3,174.5,520.0,2025-09-13 00:00:00
21/01/2025,pn-eq-08,24.0,0.0,8242.2,176.7,400.0,2025-01-22 00:00:00
08/01/2024,PN-EQ-06	,24.0,0.0,6021.2,106.5,300.0,2024-01-09 00:00:00
04/01/2026, PN-EQ-01,21.3,2.7,10400.0,184.0,520.0,2026-01-05 00:00:00
22/06/2024,PN-EQ-02	,24.0,0.0,8131.0,234.9,430.0,2024-06-23 00:00:00
07/07/2024,PN-EQ-09	,24.0,0.0,5842.5,170.0,260.0,2024-07-08 00:00:00
08/10/2025,PN-EQ-05,24.0,0.0,6494.1,,300.0,2025-10-09 00:00:00
09/01/2026,PN_EQ_06,24.0,0.0,6154.4,113.7,300.0,2026-01-10 00:00:00
09/06/2024,pn-eq-07,24.0,0.0,6906.8,165.6,350.0,2024-06-10 00:00:00
09/02/2025,pn-eq-05,24.0,0.0,6085.4,134.0,300.0,2025-02-10 00:00:00
22/01/2024,PN-EQ-06 ,21.1,2.9,5692.3,152.7,300.0,2024-01-23 00:00:00
20/06/2024,PN-EQ-05,24.0,0.0,6337.0,167.1,300.0,2024-06-21 00:00:00
27/03/2024, PN-EQ-04,17.2,6.8,7068.2,74.3,460.0,2024-03-28 00:00:00
15/09/2024, PN-EQ-09,24.0,0.0,5120.3,99.6,260.0,2024-09-16 00:00:00
31/10/2024, PN-EQ-02,24.0,0.0,9461.5,282.5,430.0,2024-11-01 00:00:00
14/02/2024,pn-eq-09,24.0,0.0,5625.8,108.1,260.0,2024-02-15 00:00:00
09/04/2025,PN_EQ_08,24.0,0.0,8421.0,341.6,400.0,2025-04-10 00:00:00
30/12/2025, PN-EQ-09,24.0,0.0,5505.1,,260.0,2025-12-31 00:00:00
18/02/2025,PNEQ10,19.0,5.0,8700.1,160.5,500.0,2025-02-19 00:00:00
24/03/2024,PN-EQ-02	,24.0,0.0,9308.2,228.2,430.0,2024-03-25 00:00:00
28/08/2025,PN-EQ-08	,24.0,0.0,8972.8,183.2,400.0,2025-08-29 00:00:00
03/06/2025,PN-EQ-10	,17.4,6.6,8464.6,115.8,500.0,2025-06-04 00:00:00
14/01/2024,PN-EQ-05	,4.0,20.0,1057.5,25.0,300.0,2024-01-15 00:00:00
12/06/2025,PN-EQ-05	,24.0,0.0,6597.4,106.5,300.0,2025-06-13 00:00:00
25/03/2024, PN-EQ-01,18.4,5.6,8727.0,,520.0,2024-03-26 00:00:00
20/09/2025,PN-EQ-06 ,22.4,1.6,6425.5,120.7,300.0,2025-09-21 00:00:00
23/11/2024,pn-eq-09,24.0,0.0,5907.7,147.7,260.0,2024-11-24 00:00:00
23/02/2025,PN-EQ-10 ,15.0,9.0,6658.3,42.7,500.0,2025-02-24 00:00:00
26/07/2024, PN-EQ-05,22.4,1.6,6095.1,96.4,300.0,2024-07-27 00:00:00
10/04/2025, PN-EQ-06,20.0,4.0,5148.2,118.7,300.0,2025-04-11 00:00:00
31/07/2025,PN_EQ_08,24.0,0.0,8281.6,175.8,400.0,2025-08-01 00:00:00
29/03/2025,PN-EQ-08	,19.2,4.8,7172.7,197.8,400.0,2025-03-30 00:00:00
15/12/2024,PN_EQ_07,24.0,0.0,6791.5,115.6,350.0,2024-12-16 00:00:00
24/09/2024,PN-EQ-07 ,23.4,0.6,7220.9,0.0,350.0,2024-09-25 00:00:00
20/02/2024,PN-EQ-08	,24.0,0.0,8472.3,207.4,400.0,2024-02-21 00:00:00
12/01/2024,PN-EQ-07 ,24.0,0.0,8316.0,53.5,350.0,2024-01-13 00:00:00
15/02/2024,pn-eq-10,24.0,0.0,11019.4,326.2,500.0,2024-02-16 00:00:00
16/08/2025,PN-EQ-09	,24.0,0.0,5551.5,40.6,260.0,2025-08-17 00:00:00
28/01/2025,PNEQ08,22.6,1.4,7541.7,166.1,400.0,2025-01-29 00:00:00
04/06/2024,PNEQ09,14.3,9.7,3398.2,59.2,260.0,2024-06-05 00:00:00
15/03/2025,PN-EQ-07	,21.5,2.5,6813.1,137.7,350.0,2025-03-16 00:00:00
25/03/2025,PN-EQ-02	,24.0,0.0,9923.6,202.4,430.0,2025-03-26 00:00:00
18/12/2024,PNEQ10,24.0,0.0,10800.8,99.8,500.0,2024-12-19 00:00:00
04/07/2025,PNEQ06,9.4,14.6,2667.5,53.1,300.0,2025-07-05 00:00:00
30/07/2024,pn-eq-09,24.0,0.0,6177.6,112.0,260.0,2024-07-31 00:00:00
18/01/2025,pn-eq-02,24.0,,9505.1,303.8,430.0,2025-01-19 00:00:00
27/10/2024,PN-EQ-09 ,24.0,0.0,5970.4,125.5,260.0,2024-10-28 00:00:00
17/02/2024,PNEQ10,24.0,0.0,11880.0,283.4,500.0,2024-02-18 00:00:00
07/01/2025, PN-EQ-05,24.0,0.0,6006.0,46.6,300.0,2025-01-08 00:00:00
06/06/2025,PN_EQ_08,16.9,7.1,6217.0,70.5,400.0,2025-06-07 00:00:00
17/04/2025,PN-EQ-08 ,24.0,0.0,8537.1,205.4,400.0,2025-04-18 00:00:00
07/10/2025,PN-EQ-07	,24.0,0.0,7892.8,239.3,350.0,2025-10-08 00:00:00
22/11/2024,PNEQ01,12.8,11.2,6217.2,241.0,5200.0,2024-11-23 00:00:00
04/05/2025,PNEQ07,24.0,,7465.2,94.9,350.0,2025-05-05 00:00:00
16/12/2025,PN-EQ-06,24.0,0.0,6709.2,101.4,300.0,2025-12-17 00:00:00
19/12/2024,pn-eq-04,24.0,0.0,9465.3,169.2,460.0,2024-12-20 00:00:00
11/03/2025, PN-EQ-06,24.0,0.0,6279.0,123.9,300.0,2025-03-12 00:00:00
25/10/2025,PNEQ01,18.5,5.5,8685.9,209.4,520.0,2025-10-26 00:00:00
23/07/2025,PN-EQ-04 ,24.0,0.0,10099.3,267.2,460.0,2025-07-24 00:00:00
27/03/2025,PN_EQ_08,24.0,0.0,7679.2,51.7,400.0,2025-03-28 00:00:00
06/03/2024,PN-EQ-09 ,24.0,0.0,5594.9,136.9,260.0,2024-03-07 00:00:00
23/04/2025,PNEQ02,24.0,0.0,8559.9,243.3,430.0,2025-04-24 00:00:00
26/04/2024,PN-EQ-09 ,24.0,0.0,5723.7,178.9,260.0,2024-04-27 00:00:00
11/12/2025,PN-EQ-05	,4.0,20.0,965.2,,300.0,2025-12-12 00:00:00
08/01/2025,PN-EQ-10,24.0,0.0,11880.0,404.3,500.0,2025-01-09 00:00:00
03/09/2025,PN-EQ-06,24.0,0.0,6066.3,64.8,300.0,2025-09-04 00:00:00
18/02/2024,PN-EQ-08	,24.0,0.0,9026.0,,400.0,2024-02-19 00:00:00
12/08/2025, PN-EQ-09,23.2,0.8,5455.8,6.0,260.0,2025-08-13 00:00:00
21/08/2025,PN-EQ-05	,24.0,0.0,6116.4,74.8,300.0,2025-08-22 00:00:00
14/06/2025,PNEQ05,4.0,20.0,1053.8,21.1,300.0,2025-06-15 00:00:00
02/01/2024,PN_EQ_04,24.0,0.0,10016.3,122.3,460.0,2024-01-03 00:00:00
01/01/2024,PN-EQ-10	,24.0,0.0,11219.3,116.0,500.0,2024-01-02 00:00:00
10/12/2024,PN-EQ-04,23.1,0.9,8921.5,124.5,460.0,2024-12-11 00:00:00
17/08/2024,PN-EQ-06	,21.1,2.9,6202.9,116.9,300.0,2024-08-18 00:00:00
24/01/2024,PN-EQ-01 ,24.0,0.0,11452.2,325.8,520.0,2024-01-25 00:00:00
29/05/2024, PN-EQ-05,24.0,0.0,6820.8,98.0,300.0,2024-05-30 00:00:00
29/09/2025,PN-EQ-08 ,24.0,0.0,7735.1,125.3,400.0,2025-09-30 00:00:00
01/04/2024,PNEQ01,24.0,0.0,10907.6,334.7,520.0,2024-04-02 00:00:00
26/12/2025,PNEQ07,24.0,0.0,7189.0,86.8,350.0,2025-12-27 00:00:00
24/12/2025, PN-EQ-10,15.7,8.3,6849.9,189.2,500.0,2025-12-25 00:00:00
15/05/2025,pn-eq-07,24.0,0.0,8258.7,145.9,350.0,2025-05-16 00:00:00
17/08/2024,PN-EQ-10 ,13.9,10.1,6654.7,70.2,500.0,2024-08-18 00:00:00
13/05/2025,PNEQ10,24.0,0.0,10954.4,345.6,500.0,2025-05-14 00:00:00
24/07/2025,PNEQ04,24.0,0.0,10809.7,12.9,460.0,2025-07-25 00:00:00
28/04/2025, PN-EQ-01,24.0,0.0,10737.8,453.2,520.0,2025-04-29 00:00:00
16/02/2025, PN-EQ-06,8.3,15.7,2267.2,36.0,300.0,2025-02-17 00:00:00
21/08/2025,PN_EQ_06,24.0,0.0,6337.2,141.0,300.0,2025-08-22 00:00:00
19/02/2024,pn-eq-07,24.0,0.0,6935.4,216.5,350.0,2024-02-20 00:00:00
23/04/2024,pn-eq-01,24.0,0.0,10979.3,147.7,520.0,2024-04-24 00:00:00
09/02/2024,PN-EQ-07,24.0,0.0,7419.7,177.2,350.0,2024-02-10 00:00:00
20/10/2025,pn-eq-02,24.0,0.0,8161.0,178.6,430.0,2025-10-21 00:00:00
17/09/2024,PN-EQ-05 ,24.0,0.0,6553.4,90.1,300.0,2024-09-18 00:00:00
28/03/2025,PN_EQ_05,24.0,0.0,7128.0,97.3,300.0,2025-03-29 00:00:00
25/01/2024,PN-EQ-06 ,21.4,2.6,5729.0,87.3,300.0,2024-01-26 00:00:00
14/01/2025,PN-EQ-05,24.0,0.0,6449.7,131.4,300.0,2025-01-15 00:00:00
07/09/2024,PN-EQ-07 ,24.0,0.0,7385.0,287.7,350.0,2024-09-08 00:00:00
22/07/2025,PN-EQ-10	,22.4,1.6,10886.4,272.9,500.0,2025-07-23 00:00:00
14/02/2025,PN_EQ_06,24.0,0.0,6483.2,123.0,300.0,2025-02-15 00:00:00
27/06/2024,PN_EQ_03,24.0,0.0,9011.1,165.2,380.0,2024-06-28 00:00:00
06/10/2024,PN-EQ-05,24.0,0.0,7017.1,198.8,300.0,2024-10-07 00:00:00
21/12/2025,PNEQ05,24.0,0.0,6540.1,0.0,300.0,2025-12-22 00:00:00
25/03/2024,PN-EQ-07 ,24.0,0.0,7517.9,188.5,350.0,2024-03-26 00:00:00
12/07/2025,PNEQ04,24.0,0.0,9672.5,137.5,460.0,2025-07-13 00:00:00
12/10/2024,PN_EQ_09,24.0,0.0,5674.2,79.7,260.0,2024-10-13 00:00:00
12/02/2024,PN-EQ-02,24.0,0.0,9250.4,214.5,430.0,2024-02-13 00:00:00
20/06/2025, PN-EQ-03,24.0,0.0,8269.7,201.0,380.0,2025-06-21 00:00:00
18/07/2024,pn-eq-02,24.0,0.0,8995.0,131.2,430.0,2024-07-19 00:00:00
14/11/2024,PNEQ04,6.7,17.3,2906.5,61.7,460.0,2024-11-15 00:00:00
12/03/2025, PN-EQ-05,24.0,0.0,6568.2,65.7,300.0,2025-03-13 00:00:00
29/03/2025,PN-EQ-05	,24.0,0.0,6709.4,121.0,300.0,2025-03-30 00:00:00
07/01/2024,PN-EQ-08,24.0,0.0,9354.5,219.5,400.0,2024-01-08 00:00:00
13/10/2025,PN-EQ-09 ,24.0,0.0,5046.4,44.4,260.0,2025-10-14 00:00:00
22/05/2025, PN-EQ-08,24.0,0.0,8381.7,105.2,400.0,2025-05-23 00:00:00
20/02/2025,PN-EQ-06	,22.4,1.6,6075.2,84.5,300.0,2025-02-21 00:00:00
20/07/2025,PN-EQ-08 ,24.0,0.0,8969.8,140.5,400.0,2025-07-21 00:00:00
06/12/2024, PN-EQ-07,15.8,8.2,4946.2,90.8,350.0,2024-12-07 00:00:00
16/11/2024,PN_EQ_01,24.0,0.0,10398.9,144.5,5200.0,2024-11-17 00:00:00
24/06/2025,PN-EQ-10,24.0,0.0,11227.3,246.0,500.0,2025-06-25 00:00:00
16/12/2025,PN-EQ-09,24.0,0.0,5430.2,131.1,260.0,2025-12-17 00:00:00
30/08/2024,PN_EQ_06,24.0,0.0,6737.7,127.8,300.0,2024-08-31 00:00:00
14/08/2024,PN-EQ-02,23.5,0.5,9682.5,307.2,430.0,2024-08-15 00:00:00
11/03/2025,PNEQ04,19.5,4.5,8733.8,285.9,460.0,2025-03-12 00:00:00
01/03/2025, PN-EQ-09,24.0,0.0,5384.8,116.3,260.0,2025-03-02 00:00:00
12/08/2025,PN-EQ-01 ,24.0,,10638.6,349.7,520.0,2025-08-13 00:00:00
15/04/2024,PN-EQ-10,10.6,13.4,4181.6,91.0,500.0,2024-04-16 00:00:00
28/12/2025,PN_EQ_02,24.0,0.0,8911.5,128.9,430.0,2025-12-29 00:00:00
17/05/2025,PN_EQ_02,24.0,0.0,8935.2,215.2,430.0,2025-05-18 00:00:00
09/07/2025,pn-eq-02,21.8,2.2,8511.7,124.3,430.0,2025-07-10 00:00:00
05/03/2024,PN-EQ-02,24.0,0.0,9042.6,239.6,430.0,2024-03-06 00:00:00
03/05/2024,PN_EQ_08,21.1,2.9,7169.6,111.4,400.0,2024-05-04 00:00:00
06/06/2024,PNEQ07,24.0,0.0,7443.4,159.8,350.0,2024-06-07 00:00:00
10/07/2025,pn-eq-05,4.0,20.0,1044.1,21.8,300.0,2025-07-11 00:00:00
07/06/2024,pn-eq-07,17.3,6.7,5160.9,100.5,350.0,2024-06-08 00:00:00
21/09/2025,PN-EQ-06	,24.0,0.0,6439.5,147.1,300.0,2025-09-22 00:00:00
07/08/2025, PN-EQ-09,24.0,0.0,5947.4,121.9,260.0,2025-08-08 00:00:00
04/12/2025,PNEQ01,24.0,0.0,10494.5,210.7,520.0,2025-12-05 00:00:00
11/01/2024,pn-eq-06,24.0,0.0,7118.1,108.5,300.0,2024-01-12 00:00:00
06/08/2025,PN-EQ-02 ,24.0,0.0,9711.7,209.3,430.0,2025-08-07 00:00:00
02/09/2024,pn-eq-07,24.0,0.0,7953.6,234.6,350.0,2024-09-03 00:00:00
08/05/2024,pn-eq-06,24.0,0.0,6247.9,113.3,300.0,2024-05-09 00:00:00
14/01/2025,PN-EQ-03 ,24.0,0.0,8027.7,253.4,380.0,2025-01-15 00:00:00
07/08/2024,PN-EQ-03	,24.0,0.0,8532.0,127.1,380.0,2024-08-08 00:00:00
06/10/2025, PN-EQ-08,24.0,0.0,8899.2,251.4,400.0,2025-10-07 00:00:00
02/10/2024,PN_EQ_03,24.0,0.0,8671.8,84.6,380.0,2024-10-03 00:00:00
19/01/2024,PN-EQ-05 ,24.0,0.0,6328.2,97.8,300.0,2024-01-20 00:00:00
27/02/2025,PNEQ04,18.3,5.7,7001.5,32.1,460.0,2025-02-28 00:00:00
16/06/2024,PN-EQ-03	,24.0,0.0,7741.5,66.1,380.0,2024-06-17 00:00:00
18/05/2024,PN-EQ-02 ,24.0,0.0,9538.2,338.1,430.0,2024-05-19 00:00:00
10/01/2024,PN_EQ_04,14.9,9.1,6154.1,,460.0,2024-01-11 00:00:00
01/09/2024,pn-eq-08,24.0,0.0,9293.4,291.3,400.0,2024-09-02 00:00:00
06/10/2024, PN-EQ-03,24.0,0.0,7822.2,35.2,380.0,2024-10-07 00:00:00
04/11/2025,PN-EQ-07 ,24.0,0.0,6646.7,105.5,350.0,2025-11-04 00:00:00
27/03/2024,PN_EQ_01,22.0,2.0,8463.0,246.6,520.0,2024-03-25 00:00:00
27/06/2025,pn-eq-09,24.0,0.0,5466.7,0.8,260.0,2025-06-28 00:00:00
15/09/2025,PN_EQ_07,24.0,0.0,7642.2,220.4,350.0,2025-09-16 00:00:00
05/05/2024,PNEQ08,24.0,0.0,8024.3,205.8,400.0,2024-05-06 00:00:00
16/07/2024,PN-EQ-09,24.0,0.0,5436.9,192.9,260.0,2024-07-16 00:00:00
08/12/2025,PN_EQ_01,24.0,0.0,11833.9,255.9,520.0,2025-12-09 00:00:00
26/02/2024,PN-EQ-06 ,16.3,7.7,4478.8,135.5,300.0,2024-02-27 00:00:00
12/10/2024,PN-EQ-08,24.0,0.0,7835.0,227.4,400.0,2024-10-13 00:00:00
18/03/2024,pn-eq-08,24.0,0.0,8189.7,182.3,400.0,2024-03-19 00:00:00
21/05/2025, PN-EQ-10,4.0,20.0,1784.0,8.7,500.0,2025-05-22 00:00:00
09/03/2025,PN-EQ-07,24.0,0.0,7195.2,,350.0,2025-03-10 00:00:00
23/06/2025,PN-EQ-01	,24.0,0.0,11636.0,373.4,520.0,2025-06-24 00:00:00
21/12/2025,PN-EQ-03 ,24.0,0.0,8842.3,252.8,380.0,2025-12-22 00:00:00
02/01/2025,PN-EQ-02 ,19.9,4.1,7439.4,95.5,430.0,2025-01-03 00:00:00
12/10/2024,PN-EQ-10	,14.9,9.1,6782.9,149.5,500.0,2024-10-13 00:00:00
25/09/2024,PN-EQ-08,24.0,,8928.6,289.3,400.0,2024-09-26 00:00:00
14/06/2025,pn-eq-01,24.0,0.0,11509.3,187.3,520.0,2025-06-15 00:00:00
17/08/2025,PNEQ08,22.2,1.8,8025.6,129.6,400.0,2025-08-18 00:00:00
07/03/2024, PN-EQ-08,24.0,0.0,8587.2,123.5,400.0,2024-03-08 00:00:00
19/04/2024,PN-EQ-04 ,24.0,,10765.6,168.2,460.0,2024-04-20 00:00:00
31/12/2025, PN-EQ-01,20.6,3.4,9429.6,119.8,520.0,2026-01-01 00:00:00
25/05/2025,PNEQ05,10.9,13.1,2941.2,60.1,300.0,2025-05-26 00:00:00
18/06/2024,PNEQ07,24.0,0.0,6819.5,100.6,350.0,2024-06-19 00:00:00
28/12/2024, PN-EQ-05,24.0,0.0,6658.0,14.0,300.0,2024-12-29 00:00:00
11/10/2024,PN-EQ-01 ,24.0,0.0,10670.3,243.0,520.0,2024-10-12 00:00:00
09/03/2025,PNEQ06,24.0,0.0,6470.3,133.3,300.0,2025-03-10 00:00:00
11/10/2024,PN-EQ-09 ,24.0,0.0,5037.8,,260.0,2024-10-12 00:00:00
22/07/2024,PN-EQ-08	,24.0,0.0,8146.0,151.6,400.0,2024-07-23 00:00:00
03/12/2024,PN-EQ-08 ,24.0,0.0,7730.6,186.7,400.0,2024-12-04 00:00:00
01/01/2024,PN-EQ-09 ,24.0,0.0,6104.1,66.1,260.0,2024-01-02 00:00:00
21/01/2025,PN_EQ_01,24.0,0.0,10976.8,270.4,520.0,2025-01-22 00:00:00
08/09/2024,PNEQ06,24.0,0.0,6077.4,141.9,300.0,2024-09-09 00:00:00
30/11/2025, PN-EQ-01,24.0,0.0,10864.8,351.1,520.0,2025-12-01 00:00:00
29/01/2024,pn-eq-05,24.0,0.0,6816.1,191.0,300.0,2024-01-30 00:00:00
31/01/2024,PN_EQ_08,24.0,0.0,8659.2,0.0,400.0,2024-02-01 00:00:00
15/02/2025,PN-EQ-06	,24.0,0.0,6096.8,154.4,300.0,2025-02-16 00:00:00
15/12/2025,PN-EQ-09 ,24.0,0.0,5851.8,70.9,260.0,2025-12-16 00:00:00
04/01/2025,PN_EQ_07,24.0,0.0,7437.9,122.9,350.0,2025-01-05 00:00:00
10/09/2025,PN-EQ-03,24.0,0.0,8056.4,207.1,380.0,2025-09-11 00:00:00
04/10/2024,PNEQ03,24.0,0.0,8115.0,110.4,380.0,2024-10-05 00:00:00
14/09/2024,PN-EQ-10,24.0,0.0,10504.0,111.3,500.0,2024-09-15 00:00:00
28/08/2024,PN-EQ-09,24.0,0.0,5079.5,114.4,260.0,2024-08-29 00:00:00
02/06/2025,PN-EQ-04 ,24.0,0.0,10160.0,359.0,460.0,2025-06-03 00:00:00
20/10/2024,PN-EQ-05	,15.7,8.3,3782.9,107.4,300.0,2024-10-21 00:00:00
31/07/2025,PN-EQ-06 ,22.4,,6194.3,215.5,300.0,2025-08-01 00:00:00
23/06/2024,PN-EQ-09,24.0,0.0,5575.5,160.4,260.0,2024-06-24 00:00:00
27/06/2024,PN-EQ-10	,24.0,0.0,10370.7,302.9,500.0,2024-06-28 00:00:00
14/01/2025,PN_EQ_02,24.0,0.0,9426.3,34.3,430.0,2025-01-15 00:00:00
20/06/2024,pn-eq-02,24.0,0.0,8294.8,182.4,430.0,2024-06-19 00:00:00
02/04/2024,PN-EQ-05	,21.3,2.7,5880.8,88.1,300.0,2024-04-03 00:00:00
31/08/2024,pn-eq-07,24.0,0.0,7084.6,150.1,350.0,2024-09-01 00:00:00
30/07/2024,pn-eq-03,24.0,0.0,7911.7,94.2,380.0,2024-07-31 00:00:00
24/12/2025,PN-EQ-07	,20.5,3.5,6055.2,153.2,350.0,2025-12-25 00:00:00
03/06/2025,PN-EQ-07,24.0,0.0,7730.2,157.1,350.0,2025-06-04 00:00:00
17/10/2025, PN-EQ-06,23.5,0.5,5951.2,55.3,300.0,2025-10-18 00:00:00
23/11/2025,PN-EQ-06 ,21.8,2.2,5837.2,132.9,300.0,2025-11-24 00:00:00
01/01/2025,PN_EQ_05,6.1,17.9,1672.3,19.9,300.0,2025-01-02 00:00:00
30/05/2024,PN-EQ-01	,24.0,0.0,11412.9,63.3,520.0,2024-05-31 00:00:00
21/09/2025,PN-EQ-02,19.9,4.1,7231.0,63.3,430.0,2025-09-22 00:00:00
27/12/2025,PN-EQ-09	,24.0,0.0,5247.3,71.1,260.0,2025-12-28 00:00:00
31/10/2024,PN_EQ_08,24.0,0.0,8018.3,186.4,400.0,2024-11-01 00:00:00
12/06/2024,pn-eq-05,24.0,0.0,6954.3,87.4,300.0,2024-06-13 00:00:00
13/01/2024,pn-eq-02,24.0,0.0,9372.2,171.3,430.0,2024-01-14 00:00:00
03/12/2025,PNEQ06,24.0,0.0,6509.4,44.7,300.0,2025-12-04 00:00:00
30/06/2024,PN-EQ-03,24.0,0.0,8117.9,81.4,380.0,2024-07-01 00:00:00
20/11/2025,PN_EQ_09,24.0,0.0,5523.3,104.9,260.0,2025-11-21 00:00:00
19/12/2024,PN-EQ-07 ,24.0,0.0,7521.3,215.7,350.0,2024-12-20 00:00:00
20/02/2025,PN-EQ-01 ,24.0,0.0,11628.1,185.1,520.0,2025-02-21 00:00:00
11/03/2025,pn-eq-07,24.0,0.0,8021.6,166.1,350.0,2025-03-12 00:00:00
03/03/2025,PN-EQ-01 ,17.3,6.7,7911.0,197.1,520.0,2025-03-04 00:00:00
27/11/2024,pn-eq-09,24.0,0.0,6163.0,75.7,260.0,2024-11-28 00:00:00
04/11/2024,PN-EQ-03	,24.0,0.0,7780.4,117.9,380.0,2024-11-05 00:00:00
28/04/2025,PN-EQ-02	,24.0,0.0,9237.7,83.7,430.0,2025-04-29 00:00:00
28/02/2025,PNEQ02,24.0,0.0,9184.7,,430.0,2025-03-01 00:00:00
24/06/2024,pn-eq-02,24.0,0.0,9822.0,180.9,430.0,2024-06-25 00:00:00
27/05/2025,pn-eq-08,24.0,0.0,7820.9,100.7,400.0,2025-05-28 00:00:00
27/09/2024,PN_EQ_04,15.9,8.1,6736.7,157.0,460.0,2024-09-28 00:00:00
20/09/2025,PN-EQ-05	,24.0,0.0,6457.0,45.7,300.0,2025-09-21 00:00:00
07/08/2024,PN-EQ-01 ,24.0,0.0,11311.8,536.3,520.0,2024-08-08 00:00:00
26/11/2024,pn-eq-01,24.0,0.0,11314.7,327.0,520.0,2024-11-27 00:00:00
20/07/2025,PN-EQ-03 ,24.0,0.0,7387.6,82.6,380.0,2025-07-21 00:00:00
14/11/2024,PNEQ10,24.0,0.0,9894.2,239.5,500.0,2024-11-15 00:00:00
02/11/2025, PN-EQ-05,24.0,0.0,6536.0,208.4,300.0,2025-11-03 00:00:00
05/02/2025,PNEQ09,24.0,0.0,5488.6,89.2,260.0,2025-02-06 00:00:00
16/08/2024,PNEQ10,24.0,0.0,10522.8,216.1,500.0,2024-08-17 00:00:00
24/11/2024,PN-EQ-07	,24.0,0.0,8219.7,63.8,350.0,2024-11-25 00:00:00
14/03/2025,pn-eq-05,24.0,0.0,6544.3,13.4,300.0,2025-03-15 00:00:00
01/12/2025,PN-EQ-07,24.0,0.0,7452.4,108.7,350.0,2025-12-02 00:00:00
13/11/2024, PN-EQ-09,24.0,,5509.8,81.6,260.0,2024-11-14 00:00:00
15/12/2024,PN-EQ-03,15.4,8.6,5189.2,82.9,380.0,2024-12-16 00:00:00
08/11/2024, PN-EQ-07,22.3,1.7,6601.7,194.9,350.0,2024-11-09 00:00:00
25/07/2025,PN_EQ_06,24.0,0.0,6538.3,176.0,300.0,2025-07-26 00:00:00
13/03/2024,pn-eq-07,19.9,4.1,6576.4,188.6,350.0,2024-03-14 00:00:00
22/04/2024,PN-EQ-02 ,19.1,,7715.5,41.5,430.0,2024-04-23 00:00:00
10/08/2024,PN-EQ-01,17.3,6.7,8442.2,124.1,520.0,2024-08-11 00:00:00
29/05/2024,PN_EQ_07,24.0,0.0,7407.6,19.1,350.0,2024-05-30 00:00:00
28/01/2025,pn-eq-02,24.0,0.0,9200.6,0.0,430.0,2025-01-29 00:00:00
27/08/2024,PNEQ08,24.0,0.0,8204.5,113.7,400.0,2024-08-28 00:00:00
31/07/2025,PNEQ05,24.0,0.0,6151.8,161.2,300.0,2025-08-01 00:00:00
11/03/2024,pn-eq-05,24.0,0.0,6727.4,98.6,300.0,2024-03-12 00:00:00
04/03/2024,PN-EQ-09 ,24.0,0.0,5989.1,48.6,260.0,2024-03-05 00:00:00
16/04/2025,PN_EQ_02,22.8,1.2,7909.7,45.9,430.0,2025-04-17 00:00:00
10/01/2024, PN-EQ-07,24.0,0.0,7947.8,167.9,350.0,2024-01-11 00:00:00
14/03/2024,PN-EQ-07	,24.0,0.0,7551.5,120.1,350.0,2024-03-15 00:00:00
03/09/2024,PN-EQ-09,24.0,0.0,5650.6,187.9,260.0,2024-09-04 00:00:00
04/10/2025,PN-EQ-06	,24.0,0.0,6326.0,148.3,300.0,2025-10-04 00:00:00
15/07/2025,PN-EQ-10	,21.9,2.1,9645.1,341.0,500.0,2025-07-16 00:00:00
27/11/2025,PNEQ05,24.0,0.0,5943.9,155.3,300.0,2025-11-28 00:00:00
26/09/2024,PNEQ06,24.0,0.0,7128.0,86.7,300.0,2024-09-27 00:00:00
11/06/2024,PNEQ07,24.0,0.0,6802.3,164.8,350.0,2024-06-12 00:00:00
18/05/2024,PN-EQ-05 ,16.1,7.9,4577.3,95.8,300.0,2024-05-19 00:00:00
29/07/2025,PN-EQ-01 ,24.0,0.0,11770.2,127.8,520.0,2025-07-30 00:00:00
03/11/2024,PN_EQ_08,24.0,0.0,7330.8,15.8,400.0,2024-11-01 00:00:00
22/01/2024,pn-eq-01,24.0,0.0,11520.8,73.5,520.0,2024-01-23 00:00:00
20/08/2025,PN_EQ_05,24.0,0.0,6091.5,81.7,300.0,2025-08-21 00:00:00
06/02/2025, PN-EQ-05,21.5,2.5,5273.8,46.7,300.0,2025-02-07 00:00:00
22/04/2025,pn-eq-07,24.0,0.0,7706.1,157.2,350.0,2025-04-23 00:00:00
07/11/2025,PN-EQ-04 ,24.0,0.0,9852.9,300.3,460.0,2025-11-08 00:00:00
20/03/2025,PN-EQ-05	,24.0,0.0,7024.2,281.9,300.0,2025-03-21 00:00:00
16/01/2025,PN-EQ-09 ,24.0,0.0,5504.8,84.3,260.0,2025-01-17 00:00:00
28/01/2025,PN-EQ-04 ,24.0,0.0,9154.0,197.4,460.0,2025-01-29 00:00:00
25/04/2025,PN-EQ-09	,24.0,0.0,5793.9,20.4,260.0,2025-04-26 00:00:00
15/03/2024,PN-EQ-07,24.0,0.0,7405.9,150.5,350.0,2024-03-16 00:00:00
03/06/2024, PN-EQ-04,24.0,0.0,10341.9,93.5,460.0,2024-06-04 00:00:00
17/08/2025, PN-EQ-01,14.1,9.9,6613.2,124.9,520.0,2025-08-18 00:00:00
04/12/2024,pn-eq-01,24.0,0.0,11084.9,152.7,520.0,2024-12-05 00:00:00
29/01/2025,PN-EQ-01	,24.0,0.0,10996.8,138.5,520.0,2025-01-30 00:00:00
21/06/2024,PN_EQ_07,24.0,,7738.8,129.5,350.0,2024-06-22 00:00:00
09/11/2024,PNEQ03,24.0,0.0,8076.9,226.0,380.0,2024-11-10 00:00:00
19/11/2025,PNEQ08,24.0,0.0,8561.4,219.2,400.0,2025-11-20 00:00:00
09/07/2024,PN-EQ-02,24.0,0.0,8781.5,147.9,430.0,2024-07-10 00:00:00
12/05/2025,PN_EQ_09,24.0,0.0,5795.2,55.7,260.0,2025-05-13 00:00:00
23/10/2025,PN-EQ-03	,24.0,0.0,8526.0,255.8,380.0,2025-10-24 00:00:00
07/05/2024,PN-EQ-09 ,24.0,0.0,5853.0,157.7,260.0,2024-05-08 00:00:00
01/05/2024,PN-EQ-04	,24.0,0.0,10292.6,354.2,460.0,2024-05-02 00:00:00
14/11/2024,PN-EQ-05	,15.1,8.9,4237.6,65.3,300.0,2024-11-15 00:00:00
01/11/2025,PN-EQ-10,17.2,6.8,7020.7,114.8,500.0,2025-11-02 00:00:00
05/11/2024,PNEQ10,24.0,0.0,11433.5,301.6,500.0,2024-11-06 00:00:00
02/03/2024,PN-EQ-10,4.0,20.0,1955.8,20.5,500.0,2024-03-03 00:00:00
04/09/2024, PN-EQ-03,24.0,0.0,8060.5,165.3,380.0,2024-09-05 00:00:00
11/10/2025,PNEQ01,18.3,5.7,7877.9,,520.0,2025-10-12 00:00:00
27/04/2025,PN-EQ-03 ,24.0,0.0,8214.4,229.6,380.0,2025-04-28 00:00:00
15/08/2025,PN_EQ_06,24.0,0.0,6410.4,59.4,300.0,2025-08-16 00:00:00
24/06/2024,pn-eq-07,24.0,0.0,8261.7,100.0,350.0,2024-06-25 00:00:00
17/04/2025,pn-eq-01,24.0,0.0,11011.3,352.8,520.0,2025-04-18 00:00:00
12/09/2025,PN_EQ_06,17.9,6.1,5102.9,264.8,300.0,2025-09-13 00:00:00
21/10/2024,pn-eq-06,21.8,2.2,5521.1,105.8,300.0,2024-10-22 00:00:00
09/09/2024,PN_EQ_03,24.0,0.0,7935.1,129.0,380.0,2024-09-10 00:00:00
01/11/2025,pn-eq-08,24.0,0.0,8959.7,189.2,400.0,2025-11-02 00:00:00
26/11/2024,PN-EQ-07,24.0,,7466.8,161.2,350.0,2024-11-27 00:00:00
23/11/2025,PN-EQ-10,24.0,0.0,10667.2,175.2,500.0,2025-11-24 00:00:00
31/07/2025, PN-EQ-03,24.0,0.0,8442.7,118.5,380.0,2025-08-01 00:00:00
16/01/2024,PN_EQ_07,24.0,0.0,7549.0,206.3,350.0,2024-01-17 00:00:00
02/08/2025,PN-EQ-08	,24.0,0.0,8366.2,231.9,400.0,2025-08-03 00:00:00
18/06/2025, PN-EQ-09,24.0,0.0,5880.4,127.6,260.0,2025-06-19 00:00:00
26/02/2025,PN-EQ-05	,24.0,0.0,5947.2,173.9,300.0,2025-02-27 00:00:00
06/01/2026,PN-EQ-06,24.0,0.0,6474.0,116.3,300.0,2026-01-07 00:00:00
25/01/2024,PN-EQ-03	,24.0,0.0,8648.5,197.1,380.0,2024-01-26 00:00:00
26/01/2025,PN-EQ-04,4.0,20.0,1510.2,23.8,460.0,2025-01-27 00:00:00
23/03/2024,PN-EQ-01	,15.0,9.0,6983.6,123.5,520.0,2024-03-24 00:00:00
05/08/2025,PN-EQ-04	,24.0,0.0,10846.0,98.2,460.0,2025-08-06 00:00:00
18/02/2025,PN-EQ-05	,24.0,0.0,6436.6,141.6,300.0,2025-02-19 00:00:00
27/07/2025,PNEQ09,24.0,0.0,5622.2,75.2,260.0,2025-07-28 00:00:00
30/12/2024,PN-EQ-10	,22.4,1.6,10911.5,210.6,500.0,2024-12-31 00:00:00
19/07/2024,PNEQ08,14.5,9.5,5172.5,134.1,400.0,2024-07-20 00:00:00
27/10/2025,pn-eq-02,24.0,0.0,9662.7,159.5,430.0,2025-10-28 00:00:00
26/03/2024,PN-EQ-01 ,24.0,0.0,11709.0,284.7,520.0,2024-03-27 00:00:00
26/10/2025,PN-EQ-05 ,24.0,0.0,6166.8,162.7,300.0,2025-10-27 00:00:00
15/08/2025,PN_EQ_02,24.0,0.0,9256.6,186.1,430.0,2025-08-16 00:00:00
29/10/2025,PN-EQ-03 ,24.0,0.0,8408.5,153.5,380.0,2025-10-30 00:00:00
14/07/2025,PNEQ07,24.0,0.0,7732.0,83.8,350.0,2025-07-15 00:00:00
26/02/2025,PN-EQ-10,24.0,0.0,10725.7,243.0,500.0,2025-02-27 00:00:00
11/02/2024,PNEQ09,24.0,0.0,5771.2,77.5,260.0,2024-02-12 00:00:00
21/09/2025,PN-EQ-07	,24.0,0.0,7269.3,142.2,350.0,2025-09-22 00:00:00
18/04/2024,PN-EQ-07 ,24.0,0.0,7426.2,60.2,350.0,2024-04-19 00:00:00
22/04/2024,PNEQ08,24.0,0.0,9100.6,194.3,400.0,2024-04-23 00:00:00
07/12/2024,PNEQ08,24.0,0.0,8134.4,114.1,400.0,2024-12-08 00:00:00
27/07/2025, PN-EQ-04,24.0,0.0,10068.8,254.2,460.0,2025-07-28 00:00:00
08/10/2025, PN-EQ-07,24.0,0.0,7255.2,47.8,350.0,2025-10-09 00:00:00
10/11/2025,PNEQ07,24.0,0.0,7704.9,164.6,350.0,2025-11-11 00:00:00
26/11/2024,pn-eq-10,24.0,0.0,10559.5,176.1,500.0,2024-11-27 00:00:00
11/06/2024,PN-EQ-03 ,24.0,0.0,8352.4,148.8,380.0,2024-06-12 00:00:00
17/11/2024,PN-EQ-01 ,24.0,0.0,9665.0,146.6,520.0,2024-11-18 00:00:00
21/10/2024,PN-EQ-07	,24.0,0.0,7264.4,146.1,350.0,2024-10-22 00:00:00
05/11/2025,PN_EQ_03,24.0,0.0,8180.3,83.7,380.0,2025-11-06 00:00:00
11/05/2024,PN-EQ-03	,24.0,0.0,8426.4,119.7,380.0,2024-05-12 00:00:00
09/11/2025,PN_EQ_04,23.4,0.6,9263.7,237.6,460.0,2025-11-10 00:00:00
09/11/2025,pn-eq-01,24.0,0.0,10857.0,208.2,520.0,2025-11-10 00:00:00
19/02/2025, PN-EQ-01,23.5,0.5,10305.2,256.9,520.0,2025-02-20 00:00:00
30/10/2024,pn-eq-03,24.0,0.0,8679.6,229.8,380.0,2024-10-31 00:00:00
05/02/2024, PN-EQ-01,24.0,0.0,12002.9,282.4,520.0,2024-02-06 00:00:00
07/06/2025,PNEQ05,21.4,2.6,5606.9,125.2,300.0,2025-06-08 00:00:00
25/08/2025,PN-EQ-09 ,24.0,0.0,5688.3,159.7,260.0,2025-08-26 00:00:00
17/07/2024,PNEQ08,24.0,0.0,9289.2,242.9,400.0,2024-07-18 00:00:00
18/09/2024,pn-eq-10,21.2,2.8,9434.4,324.5,500.0,2024-09-19 00:00:00
28/05/2025,PN-EQ-07,15.8,8.2,5061.5,32.9,350.0,2025-05-29 00:00:00
13/02/2025,PN-EQ-02	,24.0,0.0,9264.7,78.0,430.0,2025-02-14 00:00:00
13/04/2025,PN-EQ-03 ,24.0,0.0,8251.0,177.7,380.0,2025-04-14 00:00:00
08/07/2024,PN-EQ-10,24.0,0.0,11246.8,239.1,500.0,2024-07-09 00:00:00
30/11/2025,PN-EQ-02,24.0,0.0,8911.6,179.8,430.0,2025-12-01 00:00:00
16/11/2024,pn-eq-03,24.0,0.0,6609.4,120.4,380.0,2024-11-15 00:00:00
10/04/2025,PN-EQ-09	,24.0,0.0,5734.2,64.8,260.0,2025-04-11 00:00:00
18/08/2024,PN-EQ-04	,24.0,0.0,10007.2,82.5,460.0,2024-08-19 00:00:00
04/12/2024,pn-eq-06,24.0,,5983.5,51.9,300.0,2024-12-05 00:00:00
22/07/2024, PN-EQ-07,24.0,0.0,7031.4,196.6,350.0,2024-07-23 00:00:00
21/02/2025,PN-EQ-06	,24.0,0.0,6204.5,110.9,300.0,2025-02-22 00:00:00
12/04/2024,PN_EQ_06,24.0,0.0,7069.0,165.8,300.0,2024-04-13 00:00:00
24/02/2024,PN_EQ_04,24.0,0.0,9394.0,229.0,460.0,2024-02-25 00:00:00
13/02/2024,PN-EQ-06	,4.0,20.0,1092.8,19.4,300.0,2024-02-14 00:00:00
10/02/2024,PNEQ08,24.0,0.0,9431.9,207.9,400.0,2024-02-11 00:00:00
29/04/2024,PNEQ02,22.7,1.3,8244.8,119.6,430.0,2024-04-30 00:00:00
22/10/2025,PNEQ03,24.0,,8753.7,185.2,380.0,2025-10-23 00:00:00
28/11/2025,PN-EQ-01,24.0,0.0,11081.7,252.1,520.0,2025-11-29 00:00:00
27/06/2025,PN_EQ_06,24.0,,6499.0,266.2,300.0,2025-06-28 00:00:00
21/11/2024, PN-EQ-05,24.0,0.0,6774.0,150.2,300.0,2024-11-22 00:00:00
08/11/2024,PN-EQ-05 ,4.0,20.0,1114.7,12.1,300.0,2024-11-09 00:00:00
26/07/2024,PN-EQ-02,21.8,2.2,8825.7,130.3,430.0,2024-07-27 00:00:00
12/07/2024,PN-EQ-04 ,5.3,18.7,2223.1,30.0,460.0,2024-07-13 00:00:00
19/06/2024, PN-EQ-03,24.0,0.0,8047.0,126.7,380.0,2024-06-20 00:00:00
13/06/2024, PN-EQ-02,24.0,0.0,10127.1,134.6,430.0,2024-06-14 00:00:00
20/04/2025, PN-EQ-01,24.0,0.0,9947.9,159.0,520.0,2025-04-21 00:00:00
27/07/2025,PN-EQ-08	,24.0,0.0,9504.0,229.0,400.0,2025-07-28 00:00:00
29/02/2024,PN-EQ-10	,24.0,0.0,10119.3,279.2,500.0,2024-03-01 00:00:00
31/10/2025,PN-EQ-04	,24.0,0.0,10383.9,314.6,460.0,2025-11-01 00:00:00
28/11/2024,PN_EQ_02,24.0,0.0,8911.5,205.3,430.0,2024-11-29 00:00:00
26/12/2024,PNEQ05,24.0,0.0,6537.8,101.9,300.0,2024-12-27 00:00:00
29/04/2024,pn-eq-10,24.0,0.0,10934.3,275.2,500.0,2024-04-30 00:00:00
02/12/2025,PN-EQ-07 ,16.6,7.4,4937.5,116.4,350.0,2025-12-03 00:00:00
28/07/2024,PNEQ09,24.0,,5624.9,141.8,260.0,2024-07-29 00:00:00
06/06/2024,PN_EQ_04,24.0,0.0,9731.5,241.9,460.0,2024-06-07 00:00:00
21/11/2024,PNEQ10,24.0,0.0,11363.7,115.5,500.0,2024-11-22 00:00:00
20/10/2025, PN-EQ-06,24.0,0.0,6877.3,119.5,300.0,2025-10-21 00:00:00
19/09/2025,PN-EQ-09,24.0,0.0,5858.8,153.1,260.0,2025-09-20 00:00:00
28/01/2024,pn-eq-07,24.0,0.0,7665.6,151.3,350.0,2024-01-29 00:00:00
09/11/2024,PN-EQ-05,24.0,0.0,6782.0,150.9,300.0,2024-11-10 00:00:00
11/09/2024,PN_EQ_04,14.3,9.7,5211.0,147.0,460.0,2024-09-12 00:00:00
29/11/2025,PN_EQ_02,24.0,0.0,9571.9,57.5,430.0,2025-11-30 00:00:00
09/09/2024,PN-EQ-09	,24.0,0.0,5540.8,77.1,260.0,2024-09-10 00:00:00
28/07/2024, PN-EQ-07,24.0,0.0,7319.2,41.1,350.0,2024-07-29 00:00:00
11/10/2024,pn-eq-07,24.0,0.0,7310.2,168.5,350.0,2024-10-12 00:00:00
11/03/2024,PN-EQ-08,24.0,0.0,8595.7,135.1,400.0,2024-03-12 00:00:00
28/01/2025,PN-EQ-07 ,24.0,0.0,8246.0,185.6,350.0,2025-01-29 00:00:00
24/03/2024,PN_EQ_09,24.0,0.0,5419.4,139.2,260.0,2024-03-25 00:00:00
14/10/2025,PN-EQ-09,24.0,0.0,5396.5,28.9,260.0,2025-10-15 00:00:00
04/05/2025,PN-EQ-09 ,24.0,0.0,5288.5,117.4,260.0,2025-05-05 00:00:00
27/03/2025,PN-EQ-09,21.2,2.8,5047.5,94.2,260.0,2025-03-28 00:00:00
15/12/2024,pn-eq-10,24.0,0.0,10510.5,247.7,500.0,2024-12-16 00:00:00
15/08/2025,PN-EQ-09	,24.0,0.0,5343.5,67.7,260.0,2025-08-16 00:00:00
06/02/2024,PN_EQ_10,24.0,0.0,10708.9,249.5,500.0,2024-02-07 00:00:00
10/07/2025, PN-EQ-07,24.0,0.0,6957.3,204.9,350.0,2025-07-11 00:00:00
13/12/2025,pn-eq-02,24.0,0.0,9639.5,253.8,430.0,2025-12-14 00:00:00
17/06/2024,PN_EQ_03,24.0,0.0,7923.2,177.5,380.0,2024-06-18 00:00:00
25/08/2024,PNEQ06,24.0,,6471.1,70.2,300.0,2024-08-26 00:00:00
15/10/2025,PNEQ01,24.0,0.0,10702.3,307.4,520.0,2025-10-16 00:00:00
10/05/2024,PN_EQ_07,24.0,0.0,7865.9,27.0,350.0,2024-05-11 00:00:00
30/12/2024,PN-EQ-05	,24.0,0.0,6335.4,142.4,300.0,2024-12-31 00:00:00
17/09/2024,PN-EQ-07,24.0,0.0,7415.1,145.4,350.0,2024-09-18 00:00:00
12/06/2025,PN-EQ-07 ,24.0,0.0,7519.0,293.1,350.0,2025-06-13 00:00:00
11/06/2024,PNEQ08,24.0,0.0,8491.3,138.5,400.0,2024-06-12 00:00:00
07/01/2024,PN_EQ_09,21.4,2.6,4593.8,118.9,260.0,2024-01-08 00:00:00
15/08/2024,PN-EQ-10,24.0,0.0,10978.5,328.5,500.0,2024-08-16 00:00:00
16/06/2025,PNEQ01,24.0,0.0,11141.9,279.3,520.0,2025-06-17 00:00:00
22/06/2025,PN-EQ-04	,24.0,0.0,10047.1,36.5,460.0,2025-06-23 00:00:00
11/09/2025,PN_EQ_01,24.0,0.0,11075.1,186.1,520.0,2025-09-12 00:00:00
23/04/2025, PN-EQ-08,24.0,0.0,8644.2,206.2,400.0,2025-04-24 00:00:00
18/05/2025, PN-EQ-07,24.0,0.0,8316.0,161.0,350.0,2025-05-19 00:00:00
22/10/2024,PN-EQ-09 ,24.0,0.0,5728.0,91.9,260.0,2024-10-23 00:00:00
27/10/2024,PNEQ07,24.0,0.0,7833.6,278.0,350.0,2024-10-28 00:00:00
22/12/2024,PN-EQ-02,24.0,0.0,9203.0,,430.0,2024-12-23 00:00:00
11/03/2025,PNEQ01,24.0,0.0,9956.1,256.3,520.0,2025-03-12 00:00:00
17/03/2025,PN-EQ-03	,24.0,0.0,8208.1,188.2,380.0,2025-03-18 00:00:00
12/03/2025,PN-EQ-08,24.0,0.0,8081.0,190.4,400.0,2025-03-13 00:00:00
02/04/2024,PN-EQ-07,24.0,0.0,7640.4,221.2,350.0,2024-04-03 00:00:00
13/04/2025,PNEQ06,24.0,0.0,6800.7,106.7,300.0,2025-04-14 00:00:00
24/02/2025,PN-EQ-10 ,24.0,0.0,9440.6,148.0,500.0,2025-02-25 00:00:00
28/02/2024,pn-eq-03,24.0,0.0,8153.1,334.9,380.0,2024-02-29 00:00:00
14/01/2025, PN-EQ-01,24.0,0.0,10720.0,140.2,520.0,2025-01-15 00:00:00
05/11/2024,PN-EQ-04,24.0,0.0,9996.7,211.8,460.0,2024-11-06 00:00:00
17/12/2024,PNEQ02,24.0,0.0,9403.8,223.1,430.0,2024-12-18 00:00:00
24/09/2025,PN-EQ-10	,24.0,0.0,11591.5,270.0,500.0,2025-09-25 00:00:00
27/01/2025,PN-EQ-01 ,19.0,5.0,8913.9,57.5,520.0,2025-01-28 00:00:00
01/05/2025,PN-EQ-09,24.0,,6090.2,117.3,260.0,2025-05-02 00:00:00
28/09/2025, PN-EQ-08,24.0,0.0,8147.0,135.0,400.0,2025-09-29 00:00:00
22/12/2025,PNEQ07,23.0,1.0,7861.1,148.4,350.0,2025-12-23 00:00:00
19/03/2025,pn-eq-04,24.0,,9095.9,78.8,460.0,2025-03-20 00:00:00
13/11/2025,PN-EQ-10,24.0,0.0,10656.8,270.6,500.0,2025-11-14 00:00:00
14/09/2025,pn-eq-04,20.9,3.1,8881.0,209.9,460.0,2025-09-15 00:00:00
27/12/2024,PN-EQ-08,11.1,12.9,3976.2,58.3,400.0,2024-12-28 00:00:00
17/10/2025,PN-EQ-08 ,24.0,0.0,8779.3,0.0,400.0,2025-10-18 00:00:00
15/06/2024,PN-EQ-08,14.5,9.5,5511.8,132.9,400.0,2024-06-16 00:00:00
19/01/2025,pn-eq-05,24.0,0.0,6600.8,141.4,300.0,2025-01-20 00:00:00
25/12/2025,PN-EQ-02 ,24.0,0.0,8668.1,193.3,430.0,2025-12-26 00:00:00
24/09/2025,PN_EQ_08,24.0,0.0,7910.6,148.2,400.0,2025-09-25 00:00:00
28/01/2024,PN-EQ-10 ,21.1,2.9,10039.3,66.0,500.0,2024-01-29 00:00:00
25/09/2025,PN_EQ_10,24.0,0.0,11674.4,157.8,500.0,2025-09-26 00:00:00
09/10/2024,PN_EQ_04,24.0,0.0,9155.8,155.6,460.0,2024-10-10 00:00:00
08/11/2025,pn-eq-08,22.4,1.6,8040.4,148.6,400.0,2025-11-09 00:00:00
14/09/2025,PN-EQ-06 ,24.0,0.0,6320.1,139.5,300.0,2025-09-15 00:00:00
12/01/2025,PNEQ08,24.0,0.0,9084.3,337.7,400.0,2025-01-13 00:00:00
19/02/2025,PNEQ10,24.0,0.0,10650.5,181.9,500.0,2025-02-20 00:00:00
17/04/2024, PN-EQ-02,24.0,0.0,9027.3,216.8,430.0,2024-04-18 00:00:00
27/06/2024,PN-EQ-05	,24.0,0.0,7128.0,177.5,300.0,2024-06-28 00:00:00
01/02/2025,PN_EQ_10,24.0,0.0,10436.2,223.6,500.0,2025-02-02 00:00:00
19/04/2024,PN-EQ-07	,24.0,0.0,6872.0,205.3,350.0,2024-04-20 00:00:00
22/12/2025, PN-EQ-01,24.0,0.0,11125.2,61.4,520.0,2025-12-23 00:00:00
22/09/2025,PN-EQ-01	,24.0,0.0,-11094.4,345.0,520.0,2025-09-23 00:00:00
04/09/2024,PN_EQ_01,24.0,0.0,11310.2,251.3,520.0,2024-09-05 00:00:00
05/06/2025,pn-eq-09,24.0,0.0,5024.2,131.7,260.0,2025-06-04 00:00:00
04/10/2024,PN-EQ-09 ,24.0,0.0,4824.5,98.2,260.0,2024-10-05 00:00:00
02/02/2025,PNEQ06,24.0,0.0,7751.7,189.4,300.0,2025-02-03 00:00:00
09/10/2024,PN-EQ-10	,24.0,0.0,11383.4,356.2,500.0,2024-10-10 00:00:00
15/07/2025, PN-EQ-04,24.0,0.0,9501.4,208.3,460.0,2025-07-16 00:00:00
29/01/2024,PN-EQ-10,24.0,0.0,11672.9,305.0,500.0,2024-01-30 00:00:00
29/12/2025,PNEQ03,24.0,0.0,7763.8,105.3,380.0,2025-12-30 00:00:00
24/02/2024,PNEQ01,24.0,0.0,11471.8,246.3,520.0,2024-02-25 00:00:00
28/05/2024,PNEQ08,24.0,0.0,9305.7,148.1,400.0,2024-05-29 00:00:00
09/07/2025,PN-EQ-10 ,24.0,0.0,10806.6,198.1,500.0,2025-07-10 00:00:00
16/04/2025, PN-EQ-01,24.0,0.0,11640.1,327.9,520.0,2025-04-17 00:00:00
19/08/2024,pn-eq-09,18.4,5.6,4657.7,87.1,260.0,2024-08-20 00:00:00
07/10/2024,PN-EQ-05	,10.1,13.9,2718.5,50.8,300.0,2024-10-08 00:00:00
28/10/2024,PNEQ08,24.0,0.0,8532.2,149.3,400.0,2024-10-29 00:00:00
26/06/2024,PN-EQ-10 ,24.0,0.0,10673.5,416.8,500.0,2024-06-27 00:00:00
04/11/2024,pn-eq-09,24.0,0.0,5802.2,118.6,260.0,2024-11-05 00:00:00
27/08/2024, PN-EQ-02,24.0,0.0,9303.1,26.3,430.0,2024-08-28 00:00:00
07/06/2025,pn-eq-03,24.0,0.0,8692.2,162.2,380.0,2025-06-08 00:00:00
08/10/2025,PN-EQ-01,24.0,0.0,11560.8,277.3,520.0,2025-10-09 00:00:00
18/12/2024,PN_EQ_04,16.5,7.5,6812.9,147.8,460.0,2024-12-19 00:00:00
29/09/2025, PN-EQ-10,23.1,0.9,10137.3,145.6,500.0,2025-09-30 00:00:00
22/04/2025,PN-EQ-03	,24.0,0.0,8306.5,93.3,380.0,2025-04-23 00:00:00
10/01/2024,PN-EQ-09,24.0,0.0,5481.9,168.6,260.0,2024-01-11 00:00:00
16/04/2024,PN_EQ_10,21.7,2.3,10609.5,131.3,500.0,2024-04-17 00:00:00
03/09/2024,pn-eq-10,24.0,0.0,9847.9,237.3,500.0,2024-09-04 00:00:00
03/08/2025,PN_EQ_03,23.5,,8689.7,259.6,380.0,2025-08-04 00:00:00
12/10/2025,PNEQ05,24.0,0.0,6007.1,78.6,300.0,2025-10-13 00:00:00
21/05/2025,PNEQ01,24.0,0.0,11483.3,294.0,520.0,2025-05-22 00:00:00
02/08/2025,PN_EQ_04,24.0,0.0,10083.2,154.6,460.0,2025-08-03 00:00:00
20/10/2025,PNEQ05,24.0,0.0,6500.5,186.8,300.0,2025-10-21 00:00:00
10/03/2025,PNEQ08,24.0,0.0,9504.0,131.8,400.0,2025-03-11 00:00:00
16/01/2025, PN-EQ-07,17.7,6.3,5877.7,108.3,350.0,2025-01-17 00:00:00
13/09/2025,PN-EQ-07	,24.0,0.0,7616.1,120.8,350.0,2025-09-14 00:00:00
03/12/2025,PNEQ08,24.0,0.0,9248.6,152.9,400.0,2025-12-04 00:00:00
02/07/2024,PN-EQ-05,24.0,0.0,6217.8,174.8,300.0,2024-07-03 00:00:00
30/11/2024,PN-EQ-06	,24.0,0.0,5887.1,192.2,300.0,2024-12-01 00:00:00
31/01/2024,pn-eq-01,22.5,1.5,10365.5,223.0,520.0,2024-02-01 00:00:00
03/01/2026, PN-EQ-02,24.0,0.0,9155.9,311.5,430.0,2026-01-04 00:00:00
18/03/2024,PN-EQ-03,15.5,8.5,5560.9,86.5,380.0,2024-03-19 00:00:00
11/02/2025,PNEQ10,24.0,,11728.7,293.9,500.0,2025-02-12 00:00:00
03/06/2025, PN-EQ-03,22.8,1.2,7935.0,87.9,380.0,2025-06-04 00:00:00
22/08/2024,PN-EQ-08 ,15.1,8.9,5444.3,85.3,400.0,2024-08-23 00:00:00
29/05/2024,PN-EQ-09	,24.0,0.0,5764.1,160.5,260.0,2024-05-30 00:00:00
10/02/2024,PNEQ04,24.0,0.0,10698.2,128.3,460.0,2024-02-11 00:00:00
27/08/2025,PN-EQ-09	,24.0,0.0,5205.5,72.3,260.0,2025-08-28 00:00:00
04/02/2025,PN-EQ-09,24.0,0.0,5930.5,63.3,260.0,2025-02-05 00:00:00
23/10/2025,PN_EQ_05,17.2,6.8,4292.5,,300.0,2025-10-24 00:00:00
27/12/2024, PN-EQ-03,22.3,1.7,7378.2,140.5,380.0,2024-12-28 00:00:00
13/11/2024,PN_EQ_06,24.0,0.0,5944.1,122.4,300.0,2024-11-14 00:00:00
24/03/2025,PN-EQ-10,24.0,0.0,10153.4,285.4,500.0,2025-03-25 00:00:00
28/03/2025,PNEQ09,24.0,0.0,5146.8,51.4,260.0,2025-03-29 00:00:00
15/01/2024,PN-EQ-06 ,24.0,0.0,6991.3,,300.0,2024-01-16 00:00:00
05/01/2026,pn-eq-01,24.0,0.0,11928.9,350.9,520.0,2026-01-06 00:00:00
29/11/2024,PNEQ01,24.0,0.0,10642.9,217.6,5200.0,2024-11-30 00:00:00
16/02/2024,PNEQ08,24.0,0.0,9351.8,118.0,400.0,2024-02-17 00:00:00
26/10/2025,PN-EQ-02,24.0,0.0,9006.6,153.9,430.0,2025-10-27 00:00:00
09/07/2025,PN_EQ_09,24.0,0.0,5428.7,77.2,260.0,2025-07-10 00:00:00
22/03/2024,PN-EQ-09 ,21.0,3.0,4899.6,146.6,260.0,2024-03-23 00:00:00
16/04/2025,PNEQ07,24.0,0.0,7009.9,114.4,350.0,2025-04-17 00:00:00
24/12/2025,PNEQ04,24.0,0.0,9854.4,99.5,460.0,2025-12-25 00:00:00
03/06/2024,pn-eq-01,16.7,7.3,7896.8,300.0,520.0,2024-06-04 00:00:00
15/01/2024,PN_EQ_02,24.0,,8802.8,290.8,430.0,2024-01-16 00:00:00
15/12/2025,PN-EQ-04,20.3,3.7,8767.2,118.0,460.0,2025-12-16 00:00:00
02/01/2026, PN-EQ-08,24.0,0.0,8538.3,292.2,400.0,2026-01-03 00:00:00
22/12/2025, PN-EQ-06,24.0,0.0,6787.9,191.6,300.0,2025-12-23 00:00:00
11/03/2025,PN-EQ-03 ,24.0,0.0,8789.7,173.0,380.0,2025-03-12 00:00:00
05/01/2026,pn-eq-09,24.0,0.0,5611.6,69.8,260.0,2026-01-06 00:00:00
16/09/2024,PNEQ05,24.0,0.0,6882.1,68.7,300.0,2024-09-17 00:00:00
21/08/2024, PN-EQ-01,12.7,,5570.1,69.2,520.0,2024-08-22 00:00:00
20/03/2025,PN-EQ-02 ,24.0,0.0,9136.7,270.4,430.0,2025-03-21 00:00:00
04/12/2025,PN-EQ-06 ,24.0,0.0,6223.2,66.8,300.0,2025-12-05 00:00:00
18/04/2024,PN-EQ-06	,24.0,0.0,6900.7,206.6,300.0,2024-04-19 00:00:00
29/07/2024,PN-EQ-03	,24.0,0.0,8085.2,211.9,380.0,2024-07-30 00:00:00
13/04/2025,pn-eq-02,24.0,0.0,8649.5,234.3,430.0,2025-04-14 00:00:00
25/03/2024,PN-EQ-08 ,24.0,0.0,8701.4,72.0,400.0,2024-03-26 00:00:00
08/08/2024,PN-EQ-07,24.0,0.0,7408.9,138.6,350.0,2024-08-09 00:00:00
03/09/2025,PN-EQ-04,24.0,0.0,9584.7,111.1,460.0,2025-09-04 00:00:00
06/12/2025,PN_EQ_09,24.0,0.0,5470.2,143.6,260.0,2025-12-07 00:00:00
14/02/2025,PN-EQ-07 ,24.0,0.0,8059.6,185.9,350.0,2025-02-15 00:00:00
08/06/2025,PN-EQ-04 ,21.4,2.6,8498.6,204.0,460.0,2025-06-09 00:00:00
26/07/2025,PN-EQ-01	,24.0,0.0,10473.4,154.0,520.0,2025-07-27 00:00:00
23/02/2025,PN-EQ-07	,24.0,0.0,6796.7,136.3,350.0,2025-02-24 00:00:00
15/03/2025,PN-EQ-01	,24.0,0.0,11337.3,274.7,520.0,2025-03-16 00:00:00
14/03/2025,PNEQ10,24.0,0.0,11591.4,133.0,500.0,2025-03-15 00:00:00
12/08/2024,PN-EQ-05 ,22.6,1.4,5405.8,28.4,300.0,2024-08-13 00:00:00
24/03/2024,PN_EQ_05,24.0,,6505.6,150.4,300.0,2024-03-25 00:00:00
06/06/2024,PN_EQ_03,24.0,0.0,8597.8,150.4,380.0,2024-06-07 00:00:00
24/05/2025,pn-eq-09,20.7,3.3,5328.2,94.0,260.0,2025-05-25 00:00:00
23/07/2024,PNEQ04,18.4,5.6,7712.7,165.0,460.0,2024-07-24 00:00:00
21/05/2024,pn-eq-01,24.0,0.0,11884.2,233.6,520.0,2024-05-22 00:00:00
20/08/2025,PN-EQ-09	,13.4,10.6,3247.2,46.5,260.0,2025-08-21 00:00:00
11/09/2024,pn-eq-09,24.0,0.0,5845.2,90.9,260.0,2024-09-12 00:00:00
24/07/2024,PN-EQ-08	,24.0,0.0,7806.8,99.2,400.0,2024-07-25 00:00:00
16/11/2025,PN-EQ-08,0.0,24.0,0.0,0.0,400.0,2025-11-17 00:00:00
15/07/2025,PNEQ03,24.0,0.0,8186.8,63.3,380.0,2025-07-16 00:00:00
27/11/2024,PN-EQ-05	,24.0,0.0,6437.1,96.7,300.0,2024-11-28 00:00:00
27/03/2025,pn-eq-06,12.7,11.3,3523.5,127.4,300.0,2025-03-28 00:00:00
26/11/2025,PN-EQ-05,9.6,14.4,2639.7,37.2,300.0,2025-11-27 00:00:00
13/04/2025,PN-EQ-10 ,24.0,0.0,9983.5,217.9,500.0,2025-04-14 00:00:00
02/07/2025,PN-EQ-05 ,24.0,0.0,6057.7,120.0,300.0,2025-07-03 00:00:00
20/07/2024,pn-eq-08,24.0,0.0,8820.9,244.0,400.0,2024-07-21 00:00:00
10/08/2024,pn-eq-09,22.8,1.2,5273.4,129.5,260.0,2024-08-11 00:00:00
27/12/2025,PN-EQ-03,24.0,0.0,7963.5,138.3,380.0,2025-12-28 00:00:00
06/01/2025,PN-EQ-02	,24.0,0.0,10002.5,98.0,430.0,2025-01-07 00:00:00
05/11/2024,PN-EQ-06	,24.0,0.0,6199.2,75.5,300.0,2024-11-06 00:00:00
04/01/2026,PN-EQ-09 ,15.1,8.9,3316.5,88.4,260.0,2026-01-05 00:00:00
22/07/2024,PNEQ09,24.0,0.0,5731.4,,260.0,2024-07-23 00:00:00
17/06/2024,PN-EQ-08	,24.0,0.0,8627.9,88.6,400.0,2024-06-18 00:00:00
21/11/2024, PN-EQ-08,24.0,0.0,8520.1,132.2,400.0,2024-11-22 00:00:00
23/03/2025,PN-EQ-10 ,24.0,0.0,10909.5,245.5,500.0,2025-03-24 00:00:00
13/07/2024, PN-EQ-09,19.3,4.7,4195.2,45.6,260.0,2024-07-14 00:00:00
07/06/2025,PN_EQ_07,24.0,0.0,8251.1,238.4,350.0,2025-06-08 00:00:00
20/05/2025, PN-EQ-03,24.0,0.0,8314.7,99.3,380.0,2025-05-21 00:00:00
08/01/2025,PN-EQ-06 ,20.4,3.6,5911.3,,300.0,2025-01-09 00:00:00
06/12/2024,PNEQ10,24.0,0.0,10505.4,119.8,500.0,2024-12-07 00:00:00
02/01/2024,PN-EQ-03 ,23.3,0.7,7947.8,182.5,380.0,2024-01-03 00:00:00
31/01/2024, PN-EQ-05,24.0,0.0,6700.6,81.7,300.0,2024-02-01 00:00:00
25/05/2025,PN-EQ-01 ,19.7,4.3,9369.9,247.8,520.0,2025-05-26 00:00:00
01/11/2024, PN-EQ-03,24.0,0.0,8235.7,191.6,380.0,2024-11-02 00:00:00
24/05/2025,pn-eq-02,24.0,0.0,9093.4,104.6,430.0,2025-05-24 00:00:00
21/09/2024,PN-EQ-01	,24.0,0.0,11061.4,223.3,520.0,2024-09-22 00:00:00
30/05/2024,PN-EQ-09 ,23.4,0.6,5465.7,115.4,260.0,2024-05-31 00:00:00
08/12/2024,PN-EQ-08 ,24.0,0.0,8224.5,229.4,400.0,2024-12-09 00:00:00
24/06/2024, PN-EQ-05,24.0,0.0,6114.5,60.0,300.0,2024-06-25 00:00:00
11/02/2025,pn-eq-08,24.0,0.0,8734.6,132.8,400.0,2025-02-12 00:00:00
07/10/2025,PN_EQ_09,24.0,0.0,5323.0,88.5,260.0,2025-10-08 00:00:00
06/10/2025, PN-EQ-01,24.0,0.0,11160.3,171.1,520.0,2025-10-07 00:00:00
12/02/2025,PN-EQ-09 ,22.0,2.0,5504.2,50.2,260.0,2025-02-13 00:00:00
10/08/2024,PN-EQ-07	,24.0,0.0,7918.9,130.6,350.0,2024-08-11 00:00:00
01/09/2024,PN-EQ-02 ,21.2,2.8,7929.2,120.9,430.0,2024-09-02 00:00:00
20/04/2024,PNEQ05,24.0,0.0,6929.9,102.3,300.0,2024-04-21 00:00:00
21/01/2024,pn-eq-03,24.0,0.0,8314.4,156.9,380.0,2024-01-22 00:00:00
25/01/2024,PN_EQ_08,24.0,0.0,8860.9,200.3,400.0,2024-01-26 00:00:00
31/12/2025,PN-EQ-06	,24.0,,6264.6,106.1,300.0,2026-01-01 00:00:00
08/09/2024,PN-EQ-04,21.2,2.8,8883.4,189.1,460.0,2024-09-09 00:00:00
02/01/2025,PN-EQ-09,24.0,0.0,5513.9,186.8,260.0,2025-01-03 00:00:00
26/07/2025,PN_EQ_07,24.0,0.0,7271.9,83.8,350.0,2025-07-27 00:00:00
02/06/2025,PN_EQ_07,24.0,0.0,7581.4,223.4,350.0,2025-06-03 00:00:00
18/07/2025,PNEQ02,19.9,4.1,7996.1,186.3,430.0,2025-07-19 00:00:00
21/05/2024, PN-EQ-06,21.7,2.3,4702.2,214.5,300.0,2024-05-21 00:00:00
08/11/2025,PN-EQ-10 ,24.0,0.0,10405.2,187.6,500.0,2025-11-09 00:00:00
21/12/2025,PN-EQ-04,24.0,0.0,9079.0,328.6,460.0,2025-12-22 00:00:00
28/10/2024,PN_EQ_03,24.0,0.0,8697.1,96.8,380.0,2024-10-29 00:00:00
27/02/2025,PN-EQ-08	,17.5,6.5,6196.7,25.7,400.0,2025-02-28 00:00:00
08/04/2025,pn-eq-06,15.2,8.8,4133.1,83.5,300.0,2025-04-09 00:00:00
12/02/2025,PN-EQ-08 ,24.0,0.0,8112.2,167.9,400.0,2025-02-13 00:00:00
18/06/2025,PN-EQ-08	,20.8,3.2,7549.6,81.1,400.0,2025-06-19 00:00:00
23/11/2025,PN_EQ_02,24.0,0.0,9573.1,310.5,430.0,2025-11-24 00:00:00
04/08/2025,pn-eq-05,4.0,20.0,1062.1,20.8,300.0,2025-08-05 00:00:00
28/05/2024,PNEQ05,24.0,0.0,6322.7,165.7,300.0,2024-05-29 00:00:00
20/10/2024,PN-EQ-06 ,22.2,1.8,5853.8,102.2,300.0,2024-10-21 00:00:00
31/05/2025,PN-EQ-04,16.6,7.4,7257.9,180.2,460.0,2025-06-01 00:00:00
08/06/2025,pn-eq-08,22.1,1.9,7236.6,159.8,400.0,2025-06-09 00:00:00
09/06/2025,PNEQ04,24.0,0.0,10914.7,201.9,460.0,2025-06-10 00:00:00
02/06/2024,pn-eq-04,24.0,0.0,9695.9,219.8,460.0,2024-06-03 00:00:00
08/01/2025, PN-EQ-04,24.0,0.0,10432.1,190.3,460.0,2025-01-09 00:00:00
27/12/2024,PNEQ10,24.0,0.0,9992.2,272.1,500.0,2024-12-28 00:00:00
26/02/2024,PN-EQ-07	,24.0,0.0,7357.9,57.3,350.0,2024-02-27 00:00:00
19/04/2024,PNEQ09,24.0,0.0,5932.4,72.0,260.0,2024-04-20 00:00:00
05/05/2024,PN-EQ-04,24.0,0.0,9319.9,253.9,460.0,2024-05-06 00:00:00
08/10/2025,PN-EQ-09 ,24.0,0.0,6048.5,149.8,260.0,2025-10-09 00:00:00
03/07/2024,PN_EQ_01,24.0,0.0,11858.7,243.3,520.0,2024-07-04 00:00:00
24/10/2025,PN_EQ_01,24.0,0.0,10730.1,147.4,520.0,2025-10-25 00:00:00
28/09/2025,PN-EQ-06,24.0,0.0,6543.7,99.6,300.0,2025-09-29 00:00:00
16/10/2025,PN-EQ-10 ,24.0,0.0,10850.0,155.3,500.0,2025-10-17 00:00:00
03/12/2024,PN_EQ_02,24.0,0.0,9361.8,162.1,430.0,2024-12-04 00:00:00
21/10/2025,PN-EQ-07	,22.6,1.4,7583.1,113.2,350.0,2025-10-22 00:00:00
17/03/2024,PN-EQ-01 ,22.4,1.6,10290.5,172.1,520.0,2024-03-18 00:00:00
19/10/2024,pn-eq-02,24.0,0.0,9846.3,346.2,430.0,2024-10-20 00:00:00
26/03/2024,pn-eq-10,24.0,0.0,10763.9,167.0,500.0,2024-03-27 00:00:00
02/09/2025,PN_EQ_05,24.0,0.0,6067.8,184.0,300.0,2025-09-03 00:00:00
12/02/2024,PN-EQ-05,24.0,0.0,6485.8,112.2,300.0,2024-02-13 00:00:00
26/03/2025,PN-EQ-04 ,24.0,0.0,9583.5,108.8,460.0,2025-03-27 00:00:00
25/11/2025,PN_EQ_02,24.0,0.0,8800.9,174.9,430.0,2025-11-26 00:00:00
22/10/2024,PN-EQ-10,21.2,2.8,9768.2,156.6,500.0,2024-10-23 00:00:00
23/06/2024,PN-EQ-01	,24.0,0.0,11718.3,68.8,520.0,2024-06-24 00:00:00
02/05/2024,PNEQ05,24.0,0.0,6320.6,133.3,300.0,2024-05-03 00:00:00
02/08/2025,PN_EQ_09,24.0,,5959.5,96.4,260.0,2025-08-03 00:00:00
26/07/2024,PN_EQ_09,24.0,0.0,5660.4,172.1,260.0,2024-07-27 00:00:00
27/02/2025,PN-EQ-06	,24.0,0.0,6981.4,138.7,300.0,2025-02-28 00:00:00
19/11/2025,PNEQ04,24.0,0.0,10354.1,130.1,460.0,2025-11-20 00:00:00
24/11/2024,pn-eq-01,24.0,0.0,12355.2,253.9,520.0,2024-11-25 00:00:00
21/02/2025, PN-EQ-04,13.8,10.2,5748.5,,460.0,2025-02-22 00:00:00
09/10/2025,PN-EQ-09 ,24.0,,5905.5,19.6,260.0,2025-10-10 00:00:00
10/01/2025, PN-EQ-07,24.0,0.0,7311.8,66.0,350.0,2025-01-11 00:00:00
15/08/2025,pn-eq-01,19.1,4.9,8461.6,0.0,520.0,2025-08-16 00:00:00
01/04/2024,PN-EQ-03,21.4,2.6,7365.9,164.9,380.0,2024-04-02 00:00:00
21/06/2024,PNEQ03,24.0,0.0,8000.3,183.3,380.0,2024-06-22 00:00:00
30/11/2024, PN-EQ-02,24.0,0.0,8638.0,160.6,430.0,2024-12-01 00:00:00
02/02/2025,PN-EQ-09 ,17.5,6.5,3558.5,50.6,260.0,2025-02-02 00:00:00
20/07/2025, PN-EQ-02,23.1,0.9,8740.2,194.1,430.0,2025-07-21 00:00:00
03/03/2024, PN-EQ-01,24.0,,10378.3,310.3,520.0,2024-03-04 00:00:00
02/08/2024, PN-EQ-09,24.0,0.0,5453.2,87.0,260.0,2024-08-03 00:00:00
12/01/2025,PN_EQ_10,24.0,0.0,10422.3,305.2,500.0,2025-01-13 00:00:00
12/12/2024,PN_EQ_06,24.0,0.0,6261.8,104.9,300.0,2024-12-13 00:00:00
21/05/2025,pn-eq-06,24.0,0.0,6179.7,109.6,300.0,2025-05-22 00:00:00
04/09/2025,PNEQ05,4.0,20.0,950.3,17.9,300.0,2025-09-05 00:00:00
05/12/2024,pn-eq-09,24.0,0.0,5856.7,,260.0,2024-12-06 00:00:00
15/01/2025,PNEQ06,24.0,0.0,6428.2,149.0,300.0,2025-01-16 00:00:00
11/03/2024,PNEQ10,24.0,0.0,11611.5,204.2,500.0,2024-03-12 00:00:00
18/09/2024,PN-EQ-08	,22.6,1.4,8523.3,245.9,400.0,2024-09-19 00:00:00
31/05/2024,PN-EQ-10	,24.0,0.0,10595.5,244.6,500.0,2024-06-01 00:00:00
15/01/2025,PN-EQ-02,22.9,1.1,8736.2,318.8,430.0,2025-01-16 00:00:00
07/09/2025,PN-EQ-05	,24.0,0.0,6116.6,60.3,300.0,2025-09-08 00:00:00
13/07/2025,pn-eq-05,17.3,6.7,5052.2,69.3,300.0,2025-07-14 00:00:00
15/04/2024,PN_EQ_05,16.4,7.6,4341.7,0.0,300.0,2024-04-16 00:00:00
29/06/2024,PN-EQ-01,24.0,0.0,11237.5,135.8,520.0,2024-06-30 00:00:00
26/12/2025,PN-EQ-04 ,4.0,20.0,1634.0,42.7,460.0,2025-12-27 00:00:00
11/03/2025,PN-EQ-02,24.0,0.0,9138.1,107.7,430.0,2025-03-12 00:00:00
18/12/2024,PNEQ10,24.0,0.0,9948.0,99.8,500.0,2024-12-17 00:00:00
17/12/2025,PN-EQ-04 ,24.0,0.0,10421.0,167.3,460.0,2025-12-18 00:00:00
15/04/2024, PN-EQ-08,24.0,0.0,9070.8,206.1,400.0,2024-04-16 00:00:00
01/12/2024,PNEQ10,24.0,0.0,10230.2,145.1,500.0,2024-12-02 00:00:00
03/05/2024,PN_EQ_07,24.0,0.0,7373.6,230.6,350.0,2024-05-04 00:00:00
28/12/2025,PN-EQ-04,24.0,0.0,9951.8,121.6,460.0,2025-12-29 00:00:00
29/03/2024,PN-EQ-03 ,24.0,0.0,8160.0,186.9,380.0,2024-03-30 00:00:00
05/05/2025,PN-EQ-09 ,17.7,6.3,3883.0,68.8,260.0,2025-05-06 00:00:00
29/11/2025,PN-EQ-08	,12.4,11.6,4711.4,44.9,400.0,2025-11-30 00:00:00
23/01/2025,PNEQ03,24.0,0.0,7981.8,38.9,380.0,2025-01-24 00:00:00
14/11/2025,pn-eq-03,24.0,0.0,8376.9,303.3,380.0,2025-11-15 00:00:00
12/11/2024,PNEQ08,24.0,0.0,8375.5,112.3,400.0,2024-11-13 00:00:00
23/09/2024,PN-EQ-05	,24.0,0.0,5980.4,204.2,300.0,2024-09-21 00:00:00
05/05/2025,PN-EQ-06,24.0,0.0,6740.6,196.2,300.0,2025-05-06 00:00:00
01/05/2025,PN-EQ-01,10.8,13.2,5356.3,99.8,520.0,2025-05-02 00:00:00
02/03/2025,PN_EQ_01,24.0,0.0,11985.5,273.4,520.0,2025-03-03 00:00:00
27/07/2024,pn-eq-10,19.5,4.5,8830.8,164.8,500.0,2024-07-28 00:00:00
21/11/2024,PN-EQ-09	,24.0,0.0,5717.7,159.7,260.0,2024-11-22 00:00:00
25/11/2025, PN-EQ-06,24.0,0.0,6583.1,85.3,300.0,2025-11-26 00:00:00
15/04/2024,PN-EQ-02,24.0,0.0,9268.1,223.1,430.0,2024-04-16 00:00:00
19/12/2025, PN-EQ-07,24.0,0.0,7267.8,105.5,350.0,2025-12-20 00:00:00
10/12/2025,PN-EQ-09,24.0,0.0,5216.1,78.7,260.0,2025-12-11 00:00:00
28/03/2024,PNEQ07,18.7,5.3,6149.6,195.9,350.0,2024-03-29 00:00:00
24/01/2025,PN-EQ-10	,24.0,0.0,10257.7,262.0,500.0,2025-01-25 00:00:00
27/10/2024,pn-eq-10,24.0,0.0,10325.7,212.5,500.0,2024-10-28 00:00:00
17/08/2025,PN-EQ-10 ,24.0,,11633.4,161.0,500.0,2025-08-18 00:00:00
08/07/2025, PN-EQ-07,16.7,7.3,5322.2,112.5,350.0,2025-07-09 00:00:00
16/06/2024,PN-EQ-06	,24.0,0.0,6137.3,104.0,300.0,2024-06-17 00:00:00
30/09/2024,PN_EQ_03,24.0,0.0,8407.8,158.8,380.0,2024-10-01 00:00:00
09/11/2024,PNEQ07,24.0,0.0,7229.0,128.4,350.0,2024-11-10 00:00:00
11/05/2024,PNEQ04,24.0,0.0,9631.8,198.3,460.0,2024-05-12 00:00:00
03/01/2024,PN_EQ_07,24.0,0.0,7783.5,188.2,350.0,2024-01-04 00:00:00
11/07/2024,PN-EQ-08 ,24.0,0.0,8606.3,236.8,400.0,2024-07-12 00:00:00
15/12/2025,PNEQ03,24.0,0.0,8119.0,176.5,380.0,2025-12-16 00:00:00
02/05/2024,PN-EQ-01	,17.7,6.3,7874.5,200.4,520.0,2024-05-03 00:00:00
21/03/2025,pn-eq-07,24.0,0.0,7417.9,152.9,350.0,2025-03-22 00:00:00
01/08/2024,PN-EQ-07,24.0,0.0,6767.1,162.2,350.0,2024-08-02 00:00:00
07/02/2025,PN-EQ-08	,24.0,0.0,9032.6,180.4,400.0,2025-02-08 00:00:00
15/09/2025,PN-EQ-09	,24.0,0.0,5366.4,102.1,260.0,2025-09-16 00:00:00
29/06/2025, PN-EQ-05,24.0,0.0,6348.0,141.2,300.0,2025-06-30 00:00:00
26/08/2025,pn-eq-01,24.0,0.0,10904.3,103.1,520.0,2025-08-27 00:00:00
18/01/2025,PN-EQ-07,24.0,0.0,7365.1,189.5,350.0,2025-01-19 00:00:00
08/03/2025,PN_EQ_04,22.0,2.0,8854.2,279.5,460.0,2025-03-09 00:00:00
18/07/2025,pn-eq-08,13.6,10.4,5108.3,140.1,400.0,2025-07-19 00:00:00
06/03/2024, PN-EQ-07,20.9,3.1,6007.1,207.2,350.0,2024-03-04 00:00:00
28/05/2025,pn-eq-06,21.0,3.0,5630.7,109.6,300.0,2025-05-28 00:00:00
14/09/2025,PN-EQ-07,24.0,0.0,7825.4,275.9,350.0,2025-09-15 00:00:00
23/04/2024,PN-EQ-07,24.0,0.0,8316.0,266.9,350.0,2024-04-24 00:00:00
05/03/2024,pn-eq-05,24.0,0.0,4852.3,86.5,300.0,2024-03-05 00:00:00
24/02/2024, PN-EQ-07,24.0,0.0,6350.0,235.3,350.0,2024-02-23 00:00:00
16/11/2025,PNEQ06,24.0,0.0,6094.8,199.3,300.0,2025-11-17 00:00:00
29/04/2024,PN-EQ-05	,24.0,0.0,6836.9,125.7,300.0,2024-04-30 00:00:00
13/10/2025,PN-EQ-04 ,24.0,0.0,10221.4,,460.0,2025-10-14 00:00:00
12/10/2024, PN-EQ-01,24.0,0.0,11431.4,375.2,520.0,2024-10-13 00:00:00
13/06/2024,PN-EQ-05 ,24.0,0.0,6470.7,22.4,300.0,2024-06-14 00:00:00
15/09/2025,PNEQ05,24.0,0.0,5822.3,73.4,300.0,2025-09-16 00:00:00
09/02/2025,PN-EQ-06	,24.0,0.0,6404.4,89.1,300.0,2025-02-10 00:00:00
12/01/2025,PN-EQ-05,24.0,0.0,6042.6,172.2,300.0,2025-01-13 00:00:00
23/10/2024, PN-EQ-08,24.0,0.0,8102.3,53.2,400.0,2024-10-24 00:00:00
04/05/2025,PNEQ04,24.0,0.0,9839.1,,460.0,2025-05-05 00:00:00
03/11/2025, PN-EQ-04,24.0,0.0,10284.8,142.5,460.0,2025-11-04 00:00:00
21/04/2024,pn-eq-10,24.0,0.0,11209.9,213.5,500.0,2024-04-22 00:00:00
06/09/2025, PN-EQ-05,24.0,0.0,6759.3,244.9,300.0,2025-09-07 00:00:00
04/07/2024,PN-EQ-07 ,24.0,0.0,6782.5,163.9,350.0,2024-07-02 00:00:00
18/06/2025,pn-eq-03,24.0,0.0,8010.5,212.9,380.0,2025-06-19 00:00:00
26/07/2025,PN_EQ_06,21.8,2.2,6258.4,54.9,300.0,2025-07-27 00:00:00
14/07/2025,PN-EQ-02 ,24.0,0.0,9194.9,316.4,430.0,2025-07-15 00:00:00
23/04/2025, PN-EQ-10,14.9,9.1,6398.1,274.8,500.0,2025-04-24 00:00:00
02/12/2024, PN-EQ-09,24.0,0.0,5943.6,198.1,260.0,2024-12-03 00:00:00
23/11/2024, PN-EQ-10,24.0,0.0,10177.9,204.2,500.0,2024-11-24 00:00:00
10/11/2024,PN-EQ-03 ,24.0,0.0,7067.3,213.8,380.0,2024-11-09 00:00:00
15/11/2025,PN-EQ-05	,24.0,0.0,6256.0,144.1,300.0,2025-11-16 00:00:00
16/09/2024,PN_EQ_02,21.9,2.1,8178.1,185.6,430.0,2024-09-17 00:00:00
16/07/2025,PN-EQ-01 ,24.0,0.0,9949.5,199.0,520.0,2025-07-17 00:00:00
05/04/2024,pn-eq-03,24.0,0.0,8712.9,220.7,380.0,2024-04-06 00:00:00
27/05/2024,PN-EQ-08	,24.0,0.0,8148.3,240.4,400.0,2024-05-28 00:00:00
23/07/2025,PN-EQ-03 ,24.0,0.0,7809.1,150.9,380.0,2025-07-24 00:00:00
23/07/2024,PN_EQ_07,24.0,0.0,7398.5,165.8,350.0,2024-07-24 00:00:00
31/01/2025, PN-EQ-02,9.5,14.5,3551.0,11.1,430.0,2025-02-01 00:00:00
18/11/2025,PN-EQ-03,16.6,7.4,5370.6,56.2,380.0,2025-11-19 00:00:00
06/12/2025, PN-EQ-02,24.0,0.0,9072.6,295.6,430.0,2025-12-07 00:00:00
04/05/2024,PNEQ06,24.0,0.0,6620.5,176.0,300.0,2024-05-05 00:00:00
06/02/2025,PNEQ03,24.0,0.0,9028.8,9.8,380.0,2025-02-07 00:00:00
24/05/2025,pn-eq-07,24.0,0.0,6908.9,32.2,350.0,2025-05-25 00:00:00
09/09/2024,PNEQ01,24.0,0.0,11142.8,378.7,520.0,2024-09-10 00:00:00
28/12/2025,pn-eq-10,24.0,0.0,11289.5,266.7,500.0,2025-12-29 00:00:00
10/05/2025,PN-EQ-02 ,24.0,,8856.2,202.5,430.0,2025-05-11 00:00:00
12/05/2025,PNEQ05,22.8,1.2,5647.1,114.7,300.0,2025-05-13 00:00:00
28/05/2025, PN-EQ-02,11.1,12.9,4725.3,148.0,430.0,2025-05-29 00:00:00
19/09/2024,pn-eq-10,23.4,0.6,10564.4,192.6,500.0,2024-09-20 00:00:00
08/08/2025,PN_EQ_03,24.0,0.0,8383.4,85.3,380.0,2025-08-09 00:00:00
25/05/2025,PN-EQ-08 ,24.0,0.0,9490.8,171.2,400.0,2025-05-26 00:00:00
21/07/2025,PN-EQ-10,15.3,8.7,7302.4,172.2,500.0,2025-07-22 00:00:00
22/03/2025,PN_EQ_10,24.0,0.0,10384.0,295.4,500.0,2025-03-23 00:00:00
29/12/2024,PN-EQ-09	,23.2,0.8,5189.0,111.6,260.0,2024-12-30 00:00:00
23/06/2025,PN-EQ-02,24.0,0.0,9550.4,240.7,430.0,2025-06-24 00:00:00
14/03/2024,PN-EQ-06 ,24.0,0.0,6215.3,162.1,300.0,2024-03-15 00:00:00
06/05/2024,PN-EQ-09	,24.0,0.0,5513.2,125.4,260.0,2024-05-07 00:00:00
02/01/2025, PN-EQ-05,24.0,0.0,5557.0,72.9,300.0,2025-01-03 00:00:00
22/11/2024,pn-eq-08,24.0,0.0,8525.7,,400.0,2024-11-23 00:00:00
02/03/2024,PN_EQ_09,15.0,9.0,3458.4,49.9,260.0,2024-03-03 00:00:00
15/11/2024, PN-EQ-08,24.0,0.0,8175.8,127.8,400.0,2024-11-16 00:00:00
27/02/2024,PN_EQ_04,24.0,0.0,9848.0,215.1,460.0,2024-02-28 00:00:00
12/11/2025,PN_EQ_01,24.0,0.0,11608.7,213.9,5200.0,2025-11-13 00:00:00
07/09/2025,PN-EQ-08 ,24.0,0.0,8722.9,234.8,400.0,2025-09-08 00:00:00
11/05/2024,PN-EQ-07 ,24.0,0.0,7163.2,143.8,350.0,2024-05-12 00:00:00
15/03/2024,PN_EQ_01,16.1,7.9,7600.5,115.9,520.0,2024-03-16 00:00:00
12/10/2024, PN-EQ-06,24.0,0.0,6461.3,207.1,300.0,2024-10-13 00:00:00
27/04/2025,PN-EQ-06 ,24.0,0.0,5982.1,162.9,300.0,2025-04-28 00:00:00
07/04/2025,PN-EQ-02 ,22.8,1.2,8325.9,259.5,430.0,2025-04-08 00:00:00
26/04/2025,PN-EQ-05 ,24.0,0.0,6628.9,71.5,300.0,2025-04-27 00:00:00
01/07/2024,PNEQ06,24.0,0.0,6868.0,30.0,300.0,2024-07-02 00:00:00
11/09/2025,PN_EQ_03,24.0,0.0,7726.2,108.0,380.0,2025-09-12 00:00:00
12/10/2025, PN-EQ-08,24.0,0.0,8140.9,128.6,400.0,2025-10-13 00:00:00
06/04/2025,pn-eq-04,14.9,9.1,5814.3,121.3,460.0,2025-04-07 00:00:00
23/07/2024,PN-EQ-09 ,24.0,0.0,5884.3,112.9,260.0,2024-07-24 00:00:00
07/10/2025,PN-EQ-04,24.0,0.0,10376.9,171.7,460.0,2025-10-08 00:00:00
09/12/2024,PN_EQ_08,24.0,0.0,9264.9,226.7,400.0,2024-12-10 00:00:00
28/02/2024,pn-eq-04,24.0,0.0,9200.2,191.0,460.0,2024-02-29 00:00:00
01/09/2025,PN-EQ-01,24.0,0.0,11314.8,270.6,520.0,2025-09-02 00:00:00
23/05/2024,PN-EQ-10,24.0,0.0,11103.6,194.1,500.0,2024-05-24 00:00:00
02/02/2025,PN-EQ-04	,24.0,0.0,9523.3,118.7,460.0,2025-02-03 00:00:00
27/07/2025,pn-eq-07,23.5,0.5,6786.7,78.4,350.0,2025-07-25 00:00:00
30/01/2024,PN-EQ-04 ,24.0,0.0,10340.5,93.4,460.0,2024-01-31 00:00:00
04/01/2025,PN-EQ-10 ,24.0,0.0,10761.0,200.5,500.0,2025-01-05 00:00:00
03/10/2024,PN-EQ-10	,24.0,0.0,11280.2,315.2,500.0,2024-10-04 00:00:00
18/01/2025, PN-EQ-04,24.0,0.0,10343.0,163.6,460.0,2025-01-19 00:00:00
17/05/2024,PN-EQ-09	,24.0,0.0,5463.3,158.7,260.0,2024-05-18 00:00:00
25/01/2025,PN-EQ-08,24.0,0.0,8788.4,273.4,400.0,2025-01-26 00:00:00
01/01/2025,PNEQ10,24.0,0.0,11126.8,112.6,500.0,2025-01-02 00:00:00
16/10/2025,pn-eq-09,24.0,0.0,5544.3,109.0,260.0,2025-10-17 00:00:00
13/02/2024,pn-eq-10,24.0,0.0,9950.8,249.6,500.0,2024-02-14 00:00:00
21/03/2024,PN_EQ_02,24.0,0.0,10216.8,188.9,430.0,2024-03-22 00:00:00
16/10/2025, PN-EQ-02,24.0,0.0,9453.6,247.0,430.0,2025-10-17 00:00:00
03/05/2024,PN-EQ-05 ,14.5,9.5,4204.9,82.9,300.0,2024-05-04 00:00:00
17/05/2025, PN-EQ-04,24.0,0.0,10244.4,216.5,460.0,2025-05-18 00:00:00
21/02/2025,pn-eq-09,24.0,0.0,5220.3,76.2,260.0,2025-02-22 00:00:00
21/09/2024,PNEQ09,24.0,0.0,5852.4,111.6,260.0,2024-09-22 00:00:00
29/05/2024,PN-EQ-03,24.0,0.0,8488.2,267.1,380.0,2024-05-30 00:00:00
13/11/2024,PN_EQ_01,24.0,0.0,10590.6,167.2,5200.0,2024-11-14 00:00:00
02/02/2024,PN-EQ-02 ,21.7,2.3,8747.0,306.7,430.0,2024-02-03 00:00:00
07/07/2025,PN_EQ_10,15.5,8.5,6820.2,192.8,500.0,2025-07-08 00:00:00
02/01/2024, PN-EQ-07,24.0,,7736.2,143.2,350.0,2024-01-03 00:00:00
08/09/2025,PNEQ05,4.0,20.0,1043.0,8.0,300.0,2025-09-09 00:00:00
23/12/2025,PNEQ09,24.0,0.0,5803.1,148.5,260.0,2025-12-24 00:00:00
18/10/2025, PN-EQ-05,24.0,0.0,5863.3,114.2,300.0,2025-10-19 00:00:00
21/06/2025,pn-eq-02,20.5,3.5,7896.1,149.1,430.0,2025-06-22 00:00:00
27/02/2025, PN-EQ-05,24.0,0.0,6733.6,70.7,300.0,2025-02-28 00:00:00
07/02/2024,pn-eq-09,24.0,0.0,5350.9,220.3,260.0,2024-02-08 00:00:00
23/07/2025,PN-EQ-10 ,21.7,2.3,9585.1,203.8,500.0,2025-07-24 00:00:00
25/11/2024,PN-EQ-07,24.0,0.0,7038.7,124.9,350.0,2024-11-26 00:00:00
15/03/2024,PN-EQ-05 ,23.1,0.9,6222.0,127.8,300.0,2024-03-16 00:00:00
24/10/2025,PN_EQ_07,24.0,0.0,6964.7,124.0,350.0,2025-10-25 00:00:00
03/03/2025,PN-EQ-09	,24.0,0.0,5959.6,194.7,260.0,2025-03-04 00:00:00
24/02/2025,PN_EQ_05,24.0,0.0,6494.9,119.1,300.0,2025-02-25 00:00:00
23/01/2025,PNEQ08,24.0,0.0,8644.3,257.6,400.0,2025-01-24 00:00:00
15/07/2025,pn-eq-05,6.5,17.5,1807.9,22.8,300.0,2025-07-16 00:00:00
25/07/2025,pn-eq-01,15.4,8.6,7011.8,211.9,520.0,2025-07-26 00:00:00
21/07/2025,PN-EQ-02 ,21.8,2.2,8312.8,247.2,430.0,2025-07-22 00:00:00
07/07/2025, PN-EQ-04,24.0,0.0,9351.9,164.1,460.0,2025-07-08 00:00:00
21/09/2025,pn-eq-04,24.0,0.0,9325.5,108.6,460.0,2025-09-22 00:00:00
03/05/2025,pn-eq-01,24.0,0.0,11280.0,406.1,520.0,2025-05-04 00:00:00
15/11/2025,PN_EQ_06,21.8,2.2,5814.9,50.7,300.0,2025-11-16 00:00:00
06/11/2024,PN-EQ-10 ,4.0,20.0,1835.2,14.3,500.0,2024-11-07 00:00:00
02/11/2025,PN-EQ-07 ,24.0,0.0,8124.2,216.8,350.0,2025-11-03 00:00:00
02/10/2024, PN-EQ-02,24.0,0.0,9028.0,102.8,430.0,2024-10-03 00:00:00
27/05/2025,PNEQ05,11.8,12.2,3278.5,,300.0,2025-05-28 00:00:00
29/07/2025,pn-eq-02,24.0,0.0,10216.8,246.3,430.0,2025-07-30 00:00:00
02/05/2025,PN-EQ-10	,24.0,0.0,10068.3,287.2,500.0,2025-05-03 00:00:00
06/09/2025,PN-EQ-10 ,24.0,0.0,10309.6,270.6,500.0,2025-09-07 00:00:00
01/09/2024,pn-eq-07,24.0,0.0,6842.3,128.5,350.0,2024-09-02 00:00:00
06/03/2024, PN-EQ-07,20.9,3.1,6838.2,207.2,350.0,2024-03-07 00:00:00
30/07/2025, PN-EQ-02,24.0,0.0,8690.5,79.3,430.0,2025-07-31 00:00:00
02/03/2025,PN-EQ-07	,24.0,0.0,7990.5,232.6,350.0,2025-03-03 00:00:00
17/10/2024, PN-EQ-08,24.0,0.0,8486.2,194.4,400.0,2024-10-18 00:00:00
06/01/2026,PN-EQ-07 ,24.0,0.0,7320.7,251.9,350.0,2026-01-07 00:00:00
20/03/2024,PN-EQ-01	,24.0,0.0,11446.4,250.7,520.0,2024-03-21 00:00:00
08/04/2025,pn-eq-04,24.0,0.0,9489.7,132.8,460.0,2025-04-09 00:00:00
24/05/2024,PN_EQ_08,24.0,0.0,9317.0,186.7,400.0,2024-05-25 00:00:00
28/03/2025,PN_EQ_08,24.0,0.0,8238.1,129.0,400.0,2025-03-29 00:00:00
16/02/2025,PNEQ10,23.5,0.5,10254.5,136.2,500.0,2025-02-17 00:00:00
25/06/2024,PN-EQ-06 ,24.0,0.0,6330.1,159.7,300.0,2024-06-26 00:00:00
09/12/2025, PN-EQ-03,24.0,0.0,8012.4,83.4,380.0,2025-12-10 00:00:00
27/02/2024,pn-eq-09,24.0,0.0,5464.7,138.9,260.0,2024-02-28 00:00:00
26/08/2025,PN-EQ-03	,24.0,0.0,7240.1,146.8,380.0,2025-08-27 00:00:00
26/07/2024,pn-eq-01,18.5,5.5,8163.6,190.7,520.0,2024-07-27 00:00:00
14/02/2025,PN-EQ-09,24.0,0.0,5469.4,143.3,260.0,2025-02-15 00:00:00
09/09/2025,PN-EQ-05,24.0,0.0,6844.5,156.6,300.0,2025-09-10 00:00:00
16/05/2025,PN-EQ-08,24.0,0.0,8836.8,155.3,400.0,2025-05-17 00:00:00
17/07/2024,PNEQ01,24.0,0.0,9938.7,205.1,520.0,2024-07-18 00:00:00
06/10/2024, PN-EQ-07,24.0,0.0,8316.0,302.3,350.0,2024-10-07 00:00:00
08/11/2025,PNEQ07,24.0,0.0,7884.3,57.4,350.0,2025-11-09 00:00:00
19/10/2024,PNEQ03,24.0,0.0,7601.3,,380.0,2024-10-20 00:00:00
11/05/2025,pn-eq-07,24.0,0.0,6820.4,213.2,350.0,2025-05-12 00:00:00
18/05/2025, PN-EQ-02,24.0,0.0,8971.9,125.3,430.0,2025-05-19 00:00:00
21/01/2024,PN-EQ-08 ,22.0,2.0,7863.6,251.4,400.0,2024-01-22 00:00:00
07/01/2026, PN-EQ-08,24.0,0.0,8145.1,211.3,400.0,2026-01-08 00:00:00
22/04/2025,PN-EQ-01,24.0,0.0,11507.6,134.7,520.0,2025-04-23 00:00:00
27/05/2024,pn-eq-07,24.0,0.0,7008.2,122.4,350.0,2024-05-28 00:00:00
06/10/2024,pn-eq-01,24.0,0.0,11369.1,212.7,520.0,2024-10-07 00:00:00
20/08/2024,pn-eq-06,24.0,0.0,5992.5,127.3,300.0,2024-08-21 00:00:00
16/09/2025,PN-EQ-05	,24.0,0.0,6342.0,177.6,300.0,2025-09-17 00:00:00
28/09/2025, PN-EQ-02,24.0,0.0,9109.3,222.6,430.0,2025-09-29 00:00:00
01/12/2024,pn-eq-07,24.0,0.0,7935.2,116.0,350.0,2024-12-02 00:00:00
11/08/2025,PNEQ03,24.0,0.0,8231.0,127.8,380.0,2025-08-12 00:00:00
22/07/2025,PNEQ08,24.0,0.0,8926.5,143.7,400.0,2025-07-23 00:00:00
13/07/2024,PN-EQ-06,24.0,0.0,6418.4,193.9,300.0,2024-07-14 00:00:00
05/12/2025, PN-EQ-01,20.4,3.6,9606.3,184.4,520.0,2025-12-06 00:00:00
22/04/2025,PN-EQ-02	,24.0,0.0,8891.7,213.1,430.0,2025-04-23 00:00:00
28/05/2025,pn-eq-06,21.0,3.0,6176.2,109.6,300.0,2025-05-29 00:00:00
02/08/2025,pn-eq-01,24.0,0.0,11349.3,196.8,520.0,2025-08-03 00:00:00
28/08/2025,PN-EQ-07	,24.0,0.0,6492.2,78.1,350.0,2025-08-27 00:00:00
07/12/2025,PN_EQ_05,24.0,0.0,7128.0,134.0,300.0,2025-12-08 00:00:00
04/09/2024,PN-EQ-09,24.0,0.0,4942.6,168.5,260.0,2024-09-05 00:00:00
01/02/2024,PN_EQ_04,24.0,0.0,10536.4,274.4,460.0,2024-02-02 00:00:00
22/11/2024,PN-EQ-05,22.7,1.3,6088.5,149.8,300.0,2024-11-23 00:00:00
06/07/2024,PN_EQ_04,24.0,0.0,10052.4,252.3,460.0,2024-07-07 00:00:00
06/01/2025,PN-EQ-01	,24.0,0.0,11059.5,166.0,520.0,2025-01-07 00:00:00
08/10/2024,pn-eq-01,24.0,0.0,11919.6,277.1,520.0,2024-10-09 00:00:00
16/01/2025,PN-EQ-08,24.0,0.0,8952.0,200.8,400.0,2025-01-17 00:00:00
17/03/2025,PNEQ10,1.6,22.4,690.1,10.8,500.0,2025-03-18 00:00:00
14/04/2025,PN-EQ-10,24.0,0.0,10967.3,113.4,500.0,2025-04-15 00:00:00
07/05/2025,PN-EQ-01,24.0,0.0,11183.5,120.6,520.0,2025-05-08 00:00:00
06/03/2024, PN-EQ-03,24.0,0.0,8434.6,174.0,380.0,2024-03-07 00:00:00
09/01/2025,pn-eq-02,24.0,0.0,10159.6,244.7,430.0,2025-01-10 00:00:00
07/03/2025,PN-EQ-04	,23.3,0.7,9181.2,99.4,460.0,2025-03-08 00:00:00
06/02/2024,PN-EQ-01,24.0,0.0,12097.7,230.7,520.0,2024-02-07 00:00:00
07/07/2024,PNEQ05,24.0,0.0,6393.4,105.7,300.0,2024-07-08 00:00:00
07/12/2025,PNEQ07,24.0,0.0,8052.6,156.5,350.0,2025-12-08 00:00:00
31/03/2025,PN_EQ_05,24.0,0.0,6240.8,114.9,300.0,2025-04-01 00:00:00
27/01/2025,PNEQ08,24.0,0.0,8720.8,174.9,400.0,2025-01-28 00:00:00
09/06/2025,PNEQ05,24.0,0.0,6312.5,,300.0,2025-06-10 00:00:00
03/11/2025,PNEQ02,16.3,7.7,5735.2,109.1,430.0,2025-11-04 00:00:00
13/11/2024,PN_EQ_04,24.0,0.0,10589.2,138.0,460.0,2024-11-14 00:00:00
29/09/2025,pn-eq-09,19.1,4.9,3979.8,52.3,260.0,2025-09-30 00:00:00
31/03/2025,PNEQ10,24.0,0.0,9969.2,220.3,500.0,2025-04-01 00:00:00
11/05/2025,PNEQ02,24.0,0.0,8281.8,105.5,430.0,2025-05-12 00:00:00
19/09/2024,PNEQ06,24.0,0.0,5977.2,173.6,300.0,2024-09-20 00:00:00
16/02/2025,pn-eq-01,19.2,4.8,8816.3,208.7,520.0,2025-02-17 00:00:00
28/02/2024,PN_EQ_02,24.0,,9848.2,199.4,430.0,2024-02-29 00:00:00
26/01/2025,PN_EQ_07,24.0,0.0,8302.3,172.5,350.0,2025-01-27 00:00:00
18/03/2025,pn-eq-05,11.5,12.5,3050.8,36.7,300.0,2025-03-19 00:00:00
27/02/2024,PN-EQ-10 ,24.0,0.0,10218.2,11.9,500.0,2024-02-28 00:00:00
22/01/2025,PNEQ09,24.0,0.0,5943.6,104.0,260.0,2025-01-23 00:00:00
15/10/2025,PNEQ07,24.0,0.0,7566.2,56.3,350.0,2025-10-16 00:00:00
16/03/2025,PN-EQ-02,17.3,6.7,7364.6,201.9,430.0,2025-03-17 00:00:00
25/12/2024,PN-EQ-05	,24.0,0.0,6443.7,120.8,300.0,2024-12-26 00:00:00
23/01/2024,PNEQ02,24.0,0.0,9552.3,215.7,430.0,2024-01-24 00:00:00
01/06/2025,PN-EQ-03 ,24.0,,7744.6,146.3,380.0,2025-06-02 00:00:00
04/04/2024,PN-EQ-05 ,24.0,0.0,6570.8,214.6,300.0,2024-04-05 00:00:00
07/02/2024,PN-EQ-06	,24.0,,6639.9,107.3,300.0,2024-02-08 00:00:00
28/03/2025, PN-EQ-01,24.0,0.0,12062.6,232.5,520.0,2025-03-29 00:00:00
05/09/2025,PN-EQ-09 ,24.0,0.0,5289.0,61.6,260.0,2025-09-06 00:00:00
05/05/2024,PNEQ09,23.4,0.6,5361.9,78.5,260.0,2024-05-06 00:00:00
01/04/2025,PNEQ09,24.0,0.0,5713.6,95.6,260.0,2025-04-02 00:00:00
16/01/2024,PN-EQ-10	,24.0,0.0,10115.6,225.9,500.0,2024-01-17 00:00:00
26/04/2024,pn-eq-01,23.1,0.9,10622.9,159.9,520.0,2024-04-27 00:00:00
06/10/2025,PN-EQ-05 ,24.0,0.0,6658.4,172.5,300.0,2025-10-07 00:00:00
21/09/2025,PN-EQ-03	,24.0,0.0,8243.6,135.3,380.0,2025-09-22 00:00:00
31/01/2025,PN-EQ-06,24.0,0.0,5145.2,124.1,300.0,2025-01-30 00:00:00
16/07/2025,PN_EQ_10,24.0,0.0,10462.4,265.7,500.0,2025-07-17 00:00:00
03/12/2024, PN-EQ-04,24.0,0.0,9999.9,0.0,460.0,2024-12-04 00:00:00
20/02/2024, PN-EQ-05,24.0,0.0,6219.3,145.9,300.0,2024-02-21 00:00:00
31/03/2024,PN-EQ-08 ,24.0,0.0,8599.4,238.9,400.0,2024-04-01 00:00:00
14/03/2024, PN-EQ-08,24.0,0.0,8938.7,196.3,400.0,2024-03-15 00:00:00
26/08/2024,PN-EQ-01	,24.0,0.0,11415.0,170.3,520.0,2024-08-27 00:00:00
24/12/2025,PN-EQ-03 ,11.1,12.9,4175.8,127.7,380.0,2025-12-25 00:00:00
06/08/2024,pn-eq-05,24.0,0.0,6425.0,141.4,300.0,2024-08-07 00:00:00
30/12/2025,PN-EQ-03	,24.0,0.0,8648.0,203.5,380.0,2025-12-31 00:00:00
01/01/2024,PNEQ06,24.0,0.0,5746.3,136.9,300.0,2024-01-02 00:00:00
15/10/2025,PNEQ05,24.0,0.0,7005.9,156.5,300.0,2025-10-16 00:00:00
11/05/2025,PN-EQ-03	,24.0,0.0,8277.3,164.1,380.0,2025-05-12 00:00:00
25/06/2024, PN-EQ-03,24.0,0.0,9028.8,233.1,380.0,2024-06-26 00:00:00
22/01/2024,PN_EQ_08,24.0,0.0,7621.7,55.1,400.0,2024-01-23 00:00:00
06/12/2024,pn-eq-02,24.0,0.0,9200.6,94.5,430.0,2024-12-07 00:00:00
27/01/2024,PN_EQ_09,24.0,0.0,5277.2,128.8,260.0,2024-01-28 00:00:00
30/07/2024, PN-EQ-02,24.0,0.0,9092.1,237.4,430.0,2024-07-31 00:00:00
30/01/2024, PN-EQ-10,24.0,0.0,11193.8,230.6,500.0,2024-01-31 00:00:00
25/01/2024,PN-EQ-01	,11.5,12.5,5394.9,122.3,520.0,2024-01-26 00:00:00
20/09/2025, PN-EQ-10,24.0,0.0,11581.2,160.6,500.0,2025-09-21 00:00:00
03/09/2024,PN-EQ-02 ,24.0,0.0,10053.4,127.5,430.0,2024-09-04 00:00:00
14/07/2025,PN-EQ-05 ,24.0,0.0,6180.8,124.6,300.0,2025-07-15 00:00:00
29/11/2024,PN-EQ-02	,22.7,1.3,8935.0,218.5,430.0,2024-11-30 00:00:00
05/10/2025,PN_EQ_04,17.4,6.6,7024.4,,460.0,2025-10-06 00:00:00
22/07/2024,PNEQ02,24.0,0.0,9024.9,176.1,430.0,2024-07-23 00:00:00
02/12/2025,PN-EQ-05	,24.0,0.0,6754.2,106.1,300.0,2025-12-03 00:00:00
07/12/2025,PN-EQ-09 ,24.0,0.0,5486.9,124.0,260.0,2025-12-08 00:00:00
30/05/2025,PN-EQ-09 ,24.0,0.0,5624.3,69.5,260.0,2025-05-31 00:00:00
05/11/2024,PNEQ07,22.8,1.2,7294.5,166.6,350.0,2024-11-06 00:00:00
19/05/2024,PN-EQ-10,24.0,0.0,9836.3,210.7,500.0,2024-05-20 00:00:00
18/01/2024,pn-eq-09,24.0,0.0,5342.9,73.6,260.0,2024-01-19 00:00:00
27/01/2024,PN-EQ-03 ,24.0,0.0,8401.5,195.1,380.0,2024-01-28 00:00:00
29/11/2025,PN-EQ-01	,24.0,0.0,11420.2,193.3,520.0,2025-11-30 00:00:00
21/01/2025,PN-EQ-03	,24.0,0.0,8199.6,183.5,380.0,2025-01-22 00:00:00
14/06/2024,PN_EQ_10,24.0,0.0,10442.3,173.6,500.0,2024-06-15 00:00:00
02/12/2025,PNEQ02,24.0,0.0,7780.8,129.9,430.0,2025-12-01 00:00:00
22/11/2025, PN-EQ-10,24.0,0.0,10800.1,217.5,500.0,2025-11-23 00:00:00
18/03/2024,PN-EQ-10,24.0,0.0,10303.1,249.0,500.0,2024-03-19 00:00:00
11/07/2025,PN-EQ-10,7.1,16.9,3258.2,89.3,500.0,2025-07-12 00:00:00
22/07/2024,PN-EQ-01,24.0,0.0,11403.6,259.1,520.0,2024-07-23 00:00:00
13/04/2024,PN-EQ-03 ,24.0,0.0,9028.8,82.9,380.0,2024-04-14 00:00:00
13/01/2025,PN-EQ-01,24.0,0.0,11705.0,162.2,520.0,2025-01-14 00:00:00
01/10/2024,PN_EQ_09,14.2,9.8,3526.3,68.1,260.0,2024-10-02 00:00:00
13/05/2025,PN_EQ_04,11.5,12.5,4498.9,127.4,460.0,2025-05-14 00:00:00
10/02/2025,pn-eq-03,24.0,0.0,7900.2,130.1,380.0,2025-02-11 00:00:00
14/11/2025, PN-EQ-07,24.0,0.0,7811.1,226.7,350.0,2025-11-15 00:00:00
06/01/2024,PN_EQ_04,24.0,0.0,9358.2,241.0,460.0,2024-01-07 00:00:00
05/03/2024,PN-EQ-06,24.0,0.0,6192.8,195.5,300.0,2024-03-06 00:00:00
02/11/2025,PN-EQ-04,24.0,,9172.6,182.1,460.0,2025-11-03 00:00:00
11/09/2025,PN-EQ-10,24.0,0.0,10539.7,214.3,500.0,2025-09-12 00:00:00
25/07/2024,PN-EQ-06,21.1,2.9,5431.7,143.3,300.0,2024-07-26 00:00:00
10/02/2024,PN-EQ-01	,24.0,,10797.5,259.0,520.0,2024-02-11 00:00:00
11/09/2024,PNEQ10,24.0,0.0,10760.1,261.9,500.0,2024-09-12 00:00:00
22/08/2024,PN_EQ_05,22.9,1.1,5843.0,48.7,300.0,2024-08-23 00:00:00
25/09/2024,PN-EQ-03,21.8,2.2,7822.3,172.3,380.0,2024-09-26 00:00:00
24/06/2024, PN-EQ-03,17.0,7.0,5668.4,96.5,380.0,2024-06-25 00:00:00
15/12/2025,PNEQ06,24.0,0.0,6536.7,117.1,300.0,2025-12-16 00:00:00
26/05/2024,PN-EQ-07	,24.0,0.0,7973.3,119.7,350.0,2024-05-27 00:00:00
10/03/2025,pn-eq-03,22.8,1.2,8342.9,130.4,380.0,2025-03-11 00:00:00
20/09/2024, PN-EQ-03,24.0,0.0,8289.5,203.8,380.0,2024-09-21 00:00:00
09/08/2025,PN-EQ-07 ,24.0,0.0,7152.0,146.7,350.0,2025-08-10 00:00:00
02/11/2025,PN-EQ-06 ,24.0,0.0,6434.9,124.3,300.0,2025-11-03 00:00:00
18/09/2024,PN-EQ-01	,24.0,0.0,12123.2,221.7,520.0,2024-09-19 00:00:00
08/01/2026,PN-EQ-01	,24.0,0.0,11402.7,166.7,520.0,2026-01-09 00:00:00
25/12/2025,PN-EQ-06,24.0,0.0,7128.0,228.6,300.0,2025-12-26 00:00:00
03/05/2024, PN-EQ-06,24.0,0.0,6908.3,115.5,300.0,2024-05-04 00:00:00
06/05/2024,PN_EQ_07,24.0,0.0,7668.6,232.9,350.0,2024-05-07 00:00:00
10/05/2024,PN-EQ-05,24.0,0.0,5775.2,155.1,300.0,2024-05-11 00:00:00
08/10/2024, PN-EQ-05,24.0,0.0,6201.5,160.2,300.0,2024-10-09 00:00:00
02/06/2025,PN_EQ_06,21.6,,6261.4,218.0,300.0,2025-06-03 00:00:00
19/07/2024,PN-EQ-09 ,24.0,0.0,5653.9,136.0,260.0,2024-07-20 00:00:00
07/12/2025,PNEQ10,19.9,4.1,8643.0,101.0,500.0,2025-12-08 00:00:00
15/01/2025,PN-EQ-03	,24.0,0.0,8244.7,217.4,380.0,2025-01-16 00:00:00
03/12/2025,PN_EQ_07,24.0,0.0,8316.0,196.3,350.0,2025-12-04 00:00:00
23/01/2025,PN-EQ-10 ,24.0,0.0,10590.4,292.4,500.0,2025-01-24 00:00:00
27/07/2024,pn-eq-08,24.0,0.0,8949.3,,400.0,2024-07-28 00:00:00
14/01/2025,PN-EQ-10,24.0,0.0,10765.8,246.6,500.0,2025-01-15 00:00:00
24/02/2025,PN-EQ-06,24.0,0.0,6268.0,139.9,300.0,2025-02-25 00:00:00
02/08/2024, PN-EQ-04,24.0,0.0,9736.0,96.7,460.0,2024-08-03 00:00:00
28/11/2024,PNEQ09,24.0,0.0,5890.8,185.9,260.0,2024-11-29 00:00:00
15/05/2024,PN_EQ_09,24.0,0.0,5279.0,38.7,260.0,2024-05-16 00:00:00
08/11/2025,pn-eq-06,24.0,0.0,6515.8,38.8,300.0,2025-11-09 00:00:00
19/12/2025,PN-EQ-04 ,24.0,0.0,10253.1,234.3,460.0,2025-12-20 00:00:00
05/12/2025,pn-eq-03,17.8,6.2,5963.7,123.0,380.0,2025-12-06 00:00:00
12/09/2024,PN-EQ-08	,24.0,0.0,9039.5,202.2,400.0,2024-09-13 00:00:00
28/07/2025,PN-EQ-02 ,24.0,0.0,9369.1,134.2,430.0,2025-07-29 00:00:00
01/01/2024,pn-eq-02,24.0,0.0,9308.5,212.1,430.0,2024-01-02 00:00:00
10/06/2025,pn-eq-09,24.0,0.0,5398.9,66.5,260.0,2025-06-11 00:00:00
11/03/2024,PNEQ01,24.0,0.0,11121.5,411.3,520.0,2024-03-12 00:00:00
14/08/2024, PN-EQ-04,15.1,8.9,6444.6,17.2,460.0,2024-08-15 00:00:00
27/06/2025,PN_EQ_05,24.0,0.0,5871.7,143.9,300.0,2025-06-26 00:00:00
01/09/2024,PN_EQ_04,24.0,0.0,8590.0,151.5,460.0,2024-09-02 00:00:00
11/05/2025,pn-eq-05,24.0,0.0,6577.2,136.1,300.0,2025-05-12 00:00:00
13/04/2024,PN-EQ-04	,24.0,0.0,10421.3,28.0,460.0,2024-04-14 00:00:00
01/04/2024,PN-EQ-10,24.0,0.0,10675.7,306.1,500.0,2024-04-02 00:00:00
21/09/2025,pn-eq-09,24.0,0.0,5539.9,174.9,260.0,2025-09-22 00:00:00
27/06/2025,pn-eq-08,24.0,0.0,8560.8,207.0,400.0,2025-06-28 00:00:00
07/08/2025,PN-EQ-10,20.8,3.2,9375.9,37.0,500.0,2025-08-08 00:00:00
12/07/2025, PN-EQ-05,24.0,0.0,6807.1,64.7,300.0,2025-07-13 00:00:00
05/09/2024,pn-eq-01,24.0,0.0,11985.7,317.6,520.0,2024-09-06 00:00:00
04/10/2025,pn-eq-03,24.0,0.0,8245.0,235.4,380.0,2025-10-05 00:00:00
26/12/2025,PN-EQ-09	,24.0,0.0,5384.3,141.4,260.0,2025-12-27 00:00:00
10/03/2024,PN-EQ-09 ,24.0,0.0,5117.2,45.2,260.0,2024-03-11 00:00:00
15/01/2025,PNEQ09,24.0,0.0,5513.6,56.6,260.0,2025-01-16 00:00:00
10/12/2025,PNEQ02,16.3,7.7,6197.6,200.7,430.0,2025-12-11 00:00:00
11/05/2024,PN_EQ_05,24.0,0.0,6927.3,202.0,300.0,2024-05-12 00:00:00
14/12/2024,PN-EQ-04	,0.0,24.0,0.0,0.0,460.0,2024-12-15 00:00:00
11/10/2025,PNEQ09,24.0,0.0,6021.6,,260.0,2025-10-12 00:00:00
15/10/2025, PN-EQ-09,19.4,4.6,4814.4,78.9,260.0,2025-10-16 00:00:00
17/05/2025, PN-EQ-01,18.7,5.3,9222.3,103.0,520.0,2025-05-18 00:00:00
23/02/2025,PN-EQ-02 ,19.4,4.6,7673.6,207.9,430.0,2025-02-24 00:00:00
19/01/2024,pn-eq-01,20.1,3.9,9314.2,145.2,520.0,2024-01-20 00:00:00
25/11/2025,pn-eq-01,21.8,2.2,10639.5,111.2,520.0,2025-11-26 00:00:00
16/06/2025,PNEQ05,24.0,0.0,6613.4,105.5,300.0,2025-06-17 00:00:00
11/03/2025,PN-EQ-10,24.0,0.0,10640.5,144.0,500.0,2025-03-12 00:00:00
07/03/2024, PN-EQ-07,24.0,0.0,8000.1,207.9,350.0,2024-03-08 00:00:00
29/01/2025,pn-eq-05,24.0,0.0,6243.4,93.7,300.0,2025-01-30 00:00:00
27/03/2025,PNEQ10,18.5,5.5,8522.9,,500.0,2025-03-28 00:00:00
17/09/2024,pn-eq-04,24.0,0.0,9829.7,326.2,460.0,2024-09-18 00:00:00
25/12/2025,pn-eq-04,21.1,2.9,8029.0,195.0,460.0,2025-12-26 00:00:00
24/07/2024,pn-eq-03,24.0,0.0,8414.0,100.6,380.0,2024-07-25 00:00:00
03/08/2024,PN-EQ-04 ,24.0,0.0,9960.1,273.1,460.0,2024-08-04 00:00:00
28/09/2025,PN-EQ-07,20.6,3.4,5807.7,62.5,350.0,2025-09-29 00:00:00
04/07/2024,pn-eq-04,24.0,0.0,9629.5,219.2,460.0,2024-07-05 00:00:00
20/05/2024,pn-eq-10,24.0,0.0,11411.0,271.6,500.0,2024-05-21 00:00:00
03/11/2024,PN-EQ-03	,24.0,0.0,8540.2,168.4,380.0,2024-11-04 00:00:00
06/08/2025,PN-EQ-10,17.6,6.4,7861.6,,500.0,2025-08-07 00:00:00
11/02/2024, PN-EQ-05,7.4,16.6,2008.5,26.2,300.0,2024-02-12 00:00:00
30/01/2025,PN_EQ_10,24.0,0.0,10523.3,147.1,500.0,2025-01-31 00:00:00
19/08/2025,PN_EQ_04,24.0,0.0,9372.3,153.8,460.0,2025-08-20 00:00:00
24/05/2024, PN-EQ-05,24.0,0.0,6524.9,188.1,300.0,2024-05-25 00:00:00
13/05/2024,PN-EQ-09	,24.0,0.0,6081.3,136.2,260.0,2024-05-14 00:00:00
18/09/2025, PN-EQ-02,24.0,0.0,8811.5,233.5,430.0,2025-09-19 00:00:00
06/06/2025,PN-EQ-04 ,24.0,0.0,10020.6,301.6,460.0,2025-06-07 00:00:00
28/06/2024,PN-EQ-06,24.0,,5642.5,252.0,300.0,2024-06-28 00:00:00
23/11/2024,PN-EQ-01,24.0,0.0,11545.9,242.7,520.0,2024-11-24 00:00:00
03/02/2024,PN-EQ-08,24.0,0.0,8318.6,148.4,400.0,2024-02-04 00:00:00
26/06/2024,PN-EQ-02	,21.3,2.7,8311.3,104.3,430.0,2024-06-27 00:00:00
09/02/2024, PN-EQ-09,24.0,0.0,6177.6,58.0,260.0,2024-02-10 00:00:00
12/05/2024,PN_EQ_05,24.0,0.0,6680.5,,300.0,2024-05-13 00:00:00
29/04/2024,PN_EQ_07,19.6,4.4,6121.6,135.2,350.0,2024-04-30 00:00:00
06/01/2024,PN-EQ-06	,24.0,0.0,7117.8,148.2,300.0,2024-01-07 00:00:00
13/01/2025, PN-EQ-03,18.1,5.9,6710.4,149.8,380.0,2025-01-14 00:00:00
20/08/2025,PN_EQ_05,24.0,0.0,5431.8,81.7,300.0,2025-08-19 00:00:00
27/07/2024,PN-EQ-06,24.0,0.0,6424.6,99.8,300.0,2024-07-28 00:00:00
11/04/2025,pn-eq-05,24.0,0.0,6337.0,150.4,300.0,2025-04-12 00:00:00
30/04/2025, PN-EQ-05,6.1,17.9,1648.2,22.1,300.0,2025-05-01 00:00:00
26/05/2024,pn-eq-03,23.0,1.0,8274.8,202.5,380.0,2024-05-27 00:00:00
03/07/2025, PN-EQ-04,18.2,5.8,7474.3,177.7,460.0,2025-07-04 00:00:00
20/09/2025,PN_EQ_02,24.0,0.0,9240.6,231.2,430.0,2025-09-21 00:00:00
25/11/2025,PN-EQ-03,24.0,0.0,8629.4,145.5,380.0,2025-11-26 00:00:00
01/11/2024,PN-EQ-03 ,23.0,1.0,7479.5,236.1,380.0,2024-01-12 00:00:00
25/10/2024,PN-EQ-07 ,24.0,0.0,7410.2,136.1,350.0,2024-10-26 00:00:00
08/11/2025,PN_EQ_01,24.0,0.0,11685.9,170.3,5200.0,2025-11-09 00:00:00
02/08/2024,pn-eq-01,24.0,0.0,11356.0,312.0,520.0,2024-08-03 00:00:00
10/01/2025,PN-EQ-03 ,24.0,0.0,7409.6,233.9,380.0,2025-01-11 00:00:00
18/06/2024,PN-EQ-06 ,24.0,,6014.1,103.7,300.0,2024-06-19 00:00:00
05/02/2025,PNEQ07,18.3,5.7,5499.8,161.4,350.0,2025-02-06 00:00:00
23/03/2025, PN-EQ-07,24.0,0.0,8034.1,215.5,350.0,2025-03-24 00:00:00
19/10/2024,PN-EQ-05	,24.0,0.0,6834.0,117.6,300.0,2024-10-20 00:00:00
20/08/2024,PN-EQ-02,24.0,0.0,9363.1,307.7,430.0,2024-08-21 00:00:00
12/04/2024, PN-EQ-02,22.6,1.4,9094.5,315.0,430.0,2024-04-13 00:00:00
18/12/2024,PN-EQ-01,24.0,0.0,11707.3,117.5,520.0,2024-12-19 00:00:00
04/04/2025,PN-EQ-06,24.0,0.0,6526.1,151.5,300.0,2025-04-05 00:00:00
06/01/2024,PN-EQ-08	,24.0,0.0,8664.2,290.8,400.0,2024-01-07 00:00:00
31/07/2024,PN-EQ-02	,24.0,0.0,8653.2,,430.0,2024-07-30 00:00:00
08/09/2024,PN-EQ-08	,24.0,0.0,8959.2,161.1,400.0,2024-09-09 00:00:00
10/02/2025,PN-EQ-06 ,24.0,,7128.0,313.6,300.0,2025-02-11 00:00:00
06/04/2025,PN-EQ-01 ,24.0,0.0,11454.6,178.1,520.0,2025-04-07 00:00:00
25/06/2025, PN-EQ-04,24.0,0.0,9372.9,211.0,460.0,2025-06-26 00:00:00
14/10/2024,PNEQ06,24.0,0.0,6263.4,218.2,300.0,2024-10-15 00:00:00
30/06/2024,PN-EQ-06	,24.0,0.0,5890.4,66.8,300.0,2024-07-01 00:00:00
16/02/2025,PNEQ05,23.3,0.7,6313.2,242.6,300.0,2025-02-17 00:00:00
01/07/2024,PN_EQ_02,19.0,5.0,7693.1,162.5,430.0,2024-07-02 00:00:00
17/02/2025,PN-EQ-03 ,24.0,0.0,8827.9,167.4,380.0,2025-02-18 00:00:00
27/11/2024,PN-EQ-01 ,24.0,0.0,11337.3,184.8,520.0,2024-11-28 00:00:00
14/07/2024,pn-eq-08,24.0,0.0,8579.8,135.1,400.0,2024-07-15 00:00:00
01/12/2025,PNEQ04,24.0,0.0,9818.2,278.6,460.0,2025-12-02 00:00:00
18/01/2025,PN-EQ-09	,24.0,0.0,6115.0,118.9,260.0,2025-01-19 00:00:00
28/08/2024,PNEQ04,24.0,0.0,10929.6,152.0,460.0,2024-08-29 00:00:00
04/03/2025,pn-eq-06,24.0,0.0,6395.2,106.1,300.0,2025-03-05 00:00:00
03/04/2024,PN_EQ_08,24.0,0.0,9048.6,58.8,400.0,2024-04-04 00:00:00
27/05/2024,PN-EQ-01 ,24.0,0.0,11654.7,140.5,520.0,2024-05-28 00:00:00
23/03/2025,PN-EQ-02	,24.0,0.0,10182.1,230.9,430.0,2025-03-24 00:00:00
01/12/2025,PN-EQ-01,24.0,0.0,11593.8,136.0,520.0,2025-12-02 00:00:00
22/05/2024,PNEQ08,24.0,0.0,8861.3,278.8,400.0,2024-05-23 00:00:00
20/07/2025,pn-eq-06,21.4,2.6,5853.1,117.8,300.0,2025-07-21 00:00:00
07/03/2024,PNEQ04,16.9,7.1,7122.1,168.2,460.0,2024-03-08 00:00:00
20/04/2025,PN_EQ_06,24.0,0.0,6248.3,186.5,300.0,2025-04-21 00:00:00
24/10/2025,pn-eq-04,4.0,20.0,1592.3,26.3,460.0,2025-10-25 00:00:00
13/10/2025,PN-EQ-02	,24.0,0.0,9770.3,132.4,430.0,2025-10-14 00:00:00
24/08/2024,PN-EQ-10 ,17.3,6.7,8004.6,127.6,500.0,2024-08-25 00:00:00
18/11/2024,PN-EQ-04 ,24.0,0.0,9428.9,356.0,460.0,2024-11-19 00:00:00
28/04/2025,pn-eq-08,24.0,0.0,8579.4,303.0,400.0,2025-04-29 00:00:00
10/03/2024,PN-EQ-10 ,24.0,0.0,10772.4,0.0,500.0,2024-03-11 00:00:00
16/11/2024,pn-eq-03,24.0,0.0,7204.3,120.4,380.0,2024-11-17 00:00:00
23/09/2024,PN-EQ-01 ,24.0,0.0,11863.4,392.7,520.0,2024-09-24 00:00:00
30/04/2024, PN-EQ-05,24.0,0.0,6682.4,98.7,300.0,2024-05-01 00:00:00
27/05/2024,PN-EQ-10,24.0,0.0,10699.0,239.5,500.0,2024-05-28 00:00:00
15/02/2025,PN_EQ_10,24.0,0.0,9477.7,342.8,500.0,2025-02-13 00:00:00
16/05/2024,PN-EQ-01 ,24.0,0.0,11609.4,186.3,520.0,2024-05-17 00:00:00
09/08/2024,PNEQ07,24.0,0.0,7540.0,164.1,350.0,2024-08-10 00:00:00
22/10/2024,PNEQ02,16.0,8.0,5894.0,93.5,430.0,2024-10-23 00:00:00
05/02/2025,PN-EQ-04	,24.0,0.0,10210.7,162.3,460.0,2025-02-06 00:00:00
26/10/2025, PN-EQ-08,24.0,0.0,8414.0,156.9,400.0,2025-10-27 00:00:00
13/10/2024,PN_EQ_03,24.0,0.0,8107.7,252.0,380.0,2024-10-14 00:00:00
05/06/2025,pn-eq-09,24.0,0.0,5576.0,131.7,260.0,2025-06-06 00:00:00
22/06/2025,PN-EQ-05,4.0,20.0,1103.2,23.8,300.0,2025-06-23 00:00:00
03/12/2024,PNEQ10,24.0,0.0,10943.0,99.4,500.0,2024-12-04 00:00:00
17/03/2025, PN-EQ-07,24.0,0.0,7254.3,230.6,350.0,2025-03-18 00:00:00
05/08/2025,PNEQ01,24.0,0.0,10200.8,372.5,520.0,2025-08-06 00:00:00
05/12/2025,PN-EQ-10,24.0,0.0,11195.6,349.0,500.0,2025-12-06 00:00:00
12/10/2025,PN_EQ_01,23.1,0.9,11603.0,,520.0,2025-10-13 00:00:00
17/09/2025, PN-EQ-03,24.0,0.0,8623.2,145.6,380.0,2025-09-18 00:00:00
28/06/2024,PN-EQ-03,22.5,,7446.9,98.9,380.0,2024-06-29 00:00:00
21/04/2025,PN_EQ_02,24.0,0.0,10216.8,166.4,430.0,2025-04-22 00:00:00
10/05/2024,pn-eq-08,19.9,4.1,6364.4,78.8,400.0,2024-05-08 00:00:00
26/06/2024,PN-EQ-04 ,24.0,0.0,9422.6,,460.0,2024-06-27 00:00:00
08/08/2025,PN-EQ-09,24.0,0.0,5252.9,82.5,260.0,2025-08-09 00:00:00
24/08/2024,PN-EQ-04 ,24.0,,9866.5,46.0,460.0,2024-08-25 00:00:00
13/06/2025,PNEQ04,24.0,0.0,10676.5,166.0,460.0,2025-06-14 00:00:00
03/04/2025,PN-EQ-04,17.4,6.6,7029.3,225.9,460.0,2025-04-04 00:00:00
21/05/2024,PN-EQ-02	,24.0,0.0,10119.3,89.6,430.0,2024-05-22 00:00:00
02/07/2024, PN-EQ-06,23.0,1.0,6466.0,137.4,300.0,2024-07-03 00:00:00
21/12/2024,PNEQ10,15.0,9.0,6933.2,83.6,500.0,2024-12-22 00:00:00
06/06/2024,pn-eq-05,24.0,0.0,6392.8,43.5,300.0,2024-06-07 00:00:00
16/08/2024,PN-EQ-07,24.0,0.0,8223.4,166.5,350.0,2024-08-17 00:00:00
15/01/2025,PN-EQ-08	,24.0,0.0,8030.9,125.6,400.0,2025-01-16 00:00:00
28/07/2025,PN-EQ-04 ,24.0,0.0,9646.1,268.3,460.0,2025-07-29 00:00:00
19/08/2025,pn-eq-03,24.0,0.0,8371.7,188.4,380.0,2025-08-20 00:00:00
06/07/2025, PN-EQ-03,24.0,0.0,8204.2,204.6,380.0,2025-07-07 00:00:00
30/11/2025,PN_EQ_07,24.0,0.0,8297.6,115.2,350.0,2025-12-01 00:00:00
19/07/2025,PN-EQ-03	,24.0,0.0,8168.1,306.5,380.0,2025-07-20 00:00:00
28/08/2025,PN-EQ-05,23.5,0.5,6074.8,152.1,300.0,2025-08-29 00:00:00
29/01/2025,PNEQ06,24.0,0.0,6630.0,10.8,300.0,2025-01-30 00:00:00
04/09/2025,pn-eq-10,24.0,0.0,10710.5,138.4,500.0,2025-09-05 00:00:00
23/04/2025,PN-EQ-03 ,24.0,0.0,8102.5,126.0,380.0,2025-04-24 00:00:00
12/12/2025,PN_EQ_06,24.0,0.0,5944.9,117.9,300.0,2025-12-10 00:00:00
16/06/2025,PN-EQ-06	,21.5,2.5,4819.8,74.8,300.0,2025-06-17 00:00:00
22/02/2025,PNEQ08,24.0,0.0,8668.6,260.9,400.0,2025-02-23 00:00:00
16/02/2024,PN_EQ_04,24.0,0.0,10222.6,127.0,460.0,2024-02-17 00:00:00
28/06/2025,PN_EQ_10,24.0,0.0,11286.1,242.4,500.0,2025-06-29 00:00:00
11/09/2024,PNEQ07,24.0,0.0,8179.4,302.0,350.0,2024-09-12 00:00:00
07/02/2024,PN-EQ-08,24.0,0.0,8986.3,145.3,400.0,2024-02-08 00:00:00
17/07/2024,PNEQ09,24.0,0.0,5717.9,108.7,260.0,2024-07-18 00:00:00
17/07/2025,PNEQ08,19.6,4.4,6975.4,82.9,400.0,2025-07-18 00:00:00
23/01/2024,PN-EQ-09 ,24.0,0.0,5454.6,97.7,260.0,2024-01-24 00:00:00
05/09/2024, PN-EQ-09,24.0,0.0,6177.6,75.3,260.0,2024-09-06 00:00:00
07/01/2025,PN-EQ-10 ,24.0,0.0,11034.4,259.3,500.0,2025-01-08 00:00:00
30/01/2024,PN_EQ_08,24.0,0.0,8939.0,321.6,400.0,2024-01-31 00:00:00
29/04/2025,PN-EQ-03	,24.0,,8343.7,115.7,380.0,2025-04-30 00:00:00
13/07/2024, PN-EQ-01,24.0,0.0,10228.6,343.1,520.0,2024-07-14 00:00:00
22/01/2024,PN-EQ-04 ,24.0,0.0,10187.9,313.8,460.0,2024-01-23 00:00:00
04/02/2024,PN-EQ-08 ,24.0,0.0,8595.7,204.9,400.0,2024-02-05 00:00:00
08/05/2025,PN_EQ_07,24.0,0.0,7368.5,140.3,350.0,2025-08-06 00:00:00
18/08/2024,PN-EQ-09 ,22.6,1.4,5669.6,187.7,260.0,2024-08-19 00:00:00
21/01/2025,PN-EQ-07 ,21.4,2.6,6128.3,46.0,350.0,2025-01-22 00:00:00
30/09/2024,PN-EQ-08,23.5,0.5,8003.3,175.3,400.0,2024-10-01 00:00:00
12/04/2025,PNEQ07,24.0,0.0,8316.0,145.0,350.0,2025-04-13 00:00:00
22/01/2025,pn-eq-04,24.0,0.0,10045.8,224.1,460.0,2025-01-23 00:00:00
08/12/2024,pn-eq-02,24.0,0.0,9175.7,,430.0,2024-12-09 00:00:00
22/05/2025,PNEQ02,24.0,0.0,9827.8,159.6,430.0,2025-05-23 00:00:00
30/04/2024, PN-EQ-03,24.0,0.0,8439.8,99.7,380.0,2024-05-01 00:00:00
07/02/2025,PNEQ06,24.0,0.0,7215.0,108.5,300.0,2025-02-08 00:00:00
01/10/2024,PN-EQ-03 ,24.0,0.0,8306.5,193.6,380.0,2024-10-02 00:00:00
01/03/2025,PNEQ01,24.0,0.0,11506.9,210.8,520.0,2025-03-02 00:00:00
13/02/2024,pn-eq-09,24.0,0.0,5554.4,108.4,260.0,2024-02-14 00:00:00
10/06/2025,PN-EQ-01 ,23.5,0.5,10745.8,218.6,520.0,2025-06-11 00:00:00
13/08/2024,PN-EQ-07	,24.0,,7698.1,107.8,350.0,2024-08-14 00:00:00
06/07/2025,PNEQ02,24.0,,9343.0,225.2,430.0,2025-07-07 00:00:00
25/01/2024,PN_EQ_02,24.0,0.0,9517.9,190.0,430.0,2024-01-26 00:00:00
11/01/2024,PN-EQ-07,24.0,0.0,7352.7,187.0,350.0,2024-01-12 00:00:00
15/10/2024,PN-EQ-09,24.0,0.0,5908.0,147.8,260.0,2024-10-16 00:00:00
28/09/2024,pn-eq-07,24.0,0.0,7706.8,105.9,350.0,2024-09-29 00:00:00
17/01/2025, PN-EQ-07,24.0,0.0,7773.9,213.1,350.0,2025-01-18 00:00:00
26/11/2025,PN-EQ-09	,19.2,4.8,4942.1,68.2,260.0,2025-11-27 00:00:00
21/03/2024,PNEQ04,24.0,0.0,10272.4,18.4,460.0,2024-03-22 00:00:00
11/06/2024,PN-EQ-09 ,24.0,0.0,5292.7,140.5,260.0,2024-06-12 00:00:00
19/10/2024,PNEQ01,21.5,2.5,9758.6,271.3,520.0,2024-10-20 00:00:00
10/11/2024,PN-EQ-05,24.0,0.0,6721.7,55.9,300.0,2024-11-11 00:00:00
06/06/2025, PN-EQ-01,24.0,0.0,12251.5,301.1,520.0,2025-06-07 00:00:00
10/01/2025,PN_EQ_05,19.2,4.8,5064.7,119.2,300.0,2025-01-11 00:00:00
01/04/2025,PN-EQ-02 ,24.0,0.0,8842.3,228.4,430.0,2025-04-02 00:00:00
05/04/2025,PN-EQ-05	,24.0,0.0,5875.1,172.6,300.0,2025-04-06 00:00:00
14/10/2024, PN-EQ-04,24.0,0.0,9542.8,222.5,460.0,2024-10-15 00:00:00
19/03/2024,PNEQ10,24.0,0.0,11515.2,225.0,500.0,2024-03-20 00:00:00
22/08/2025, PN-EQ-02,24.0,0.0,7707.6,131.7,430.0,2025-08-21 00:00:00
26/01/2025,PN-EQ-10	,21.8,2.2,9300.4,101.2,500.0,2025-01-27 00:00:00
25/01/2025,PN-EQ-09,24.0,0.0,5177.6,111.0,260.0,2025-01-25 00:00:00
05/02/2024,PN_EQ_04,24.0,0.0,10105.1,140.1,460.0,2024-02-06 00:00:00
15/02/2024, PN-EQ-06,24.0,0.0,6398.8,156.0,300.0,2024-02-16 00:00:00
06/04/2024,PNEQ10,24.0,0.0,10455.3,158.2,500.0,2024-04-07 00:00:00
27/12/2025,PN-EQ-01	,24.0,0.0,11667.9,282.8,520.0,2025-12-28 00:00:00
09/03/2024, PN-EQ-07,24.0,0.0,7014.4,103.4,350.0,2024-03-10 00:00:00
07/08/2024,PN-EQ-09 ,24.0,0.0,4828.2,90.9,260.0,2024-08-05 00:00:00
25/03/2025,PNEQ03,24.0,0.0,8515.8,137.5,380.0,2025-03-26 00:00:00
16/02/2025, PN-EQ-08,24.0,0.0,8671.1,124.8,400.0,2025-02-17 00:00:00
03/01/2026,PN-EQ-05 ,22.1,1.9,6013.8,95.5,300.0,2026-01-04 00:00:00
04/01/2024,PN-EQ-09,24.0,0.0,5393.7,145.6,260.0,2024-01-05 00:00:00
06/09/2025, PN-EQ-04,24.0,0.0,9765.7,313.4,460.0,2025-09-07 00:00:00
15/02/2025,PN-EQ-09	,24.0,0.0,5336.4,69.7,260.0,2025-02-16 00:00:00
15/07/2024,PNEQ02,24.0,0.0,9111.3,312.4,430.0,2024-07-16 00:00:00
11/08/2025,PNEQ05,24.0,0.0,6724.3,129.0,300.0,2025-08-12 00:00:00
15/06/2025,PN-EQ-06	,17.3,6.7,4704.7,95.1,300.0,2025-06-16 00:00:00
11/07/2025, PN-EQ-09,24.0,0.0,5045.6,114.0,260.0,2025-07-12 00:00:00
24/07/2024,PN-EQ-02,16.1,7.9,6146.9,128.5,430.0,2024-07-25 00:00:00
16/05/2024,PN-EQ-07	,24.0,0.0,7465.1,204.1,350.0,2024-05-17 00:00:00
07/07/2025,PN-EQ-07,24.0,0.0,7571.6,156.1,350.0,2025-07-08 00:00:00
09/03/2024,PN-EQ-04	,24.0,0.0,9745.9,278.3,460.0,2024-03-10 00:00:00
08/01/2025, PN-EQ-05,24.0,0.0,6569.0,34.9,300.0,2025-01-09 00:00:00
14/01/2025,PN-EQ-06 ,24.0,0.0,5999.0,146.7,300.0,2025-01-15 00:00:00
08/06/2025, PN-EQ-07,24.0,0.0,7518.2,122.9,350.0,2025-06-09 00:00:00
23/12/2024,PN_EQ_01,18.4,5.6,8018.0,214.6,520.0,2024-12-24 00:00:00
11/03/2025,PN-EQ-08 ,24.0,0.0,8147.1,49.8,400.0,2025-03-12 00:00:00
08/04/2025,PN-EQ-05 ,24.0,0.0,6540.7,212.8,300.0,2025-04-09 00:00:00
27/02/2024,PN-EQ-03	,24.0,0.0,7796.7,136.3,380.0,2024-02-28 00:00:00
05/04/2024, PN-EQ-01,24.0,0.0,12355.2,215.9,520.0,2024-04-06 00:00:00
29/07/2025,PN-EQ-10 ,24.0,0.0,11651.6,158.2,500.0,2025-07-30 00:00:00
27/01/2025,PN-EQ-04	,24.0,0.0,9997.3,133.9,460.0,2025-01-28 00:00:00
30/11/2025,PN-EQ-08	,24.0,0.0,8753.4,254.8,400.0,2025-12-01 00:00:00
05/04/2025,pn-eq-09,22.8,1.2,5427.4,185.8,260.0,2025-04-06 00:00:00
26/01/2024,pn-eq-01,24.0,0.0,10854.5,,520.0,2024-01-27 00:00:00
30/11/2024,pn-eq-10,4.5,19.5,2227.5,38.7,500.0,2024-12-01 00:00:00
09/12/2025,PN-EQ-04,24.0,0.0,10093.6,147.6,460.0,2025-12-10 00:00:00
24/06/2025,PN-EQ-03 ,24.0,0.0,8425.0,210.8,380.0,2025-06-25 00:00:00
18/06/2025,PNEQ07,24.0,0.0,7907.3,186.7,350.0,2025-06-19 00:00:00
30/06/2025,PN-EQ-01	,24.0,0.0,12257.5,224.9,520.0,2025-07-01 00:00:00
09/08/2025,PNEQ01,24.0,0.0,10787.5,101.1,520.0,2025-08-10 00:00:00
06/03/2025,PNEQ01,24.0,0.0,10514.8,186.9,520.0,2025-03-07 00:00:00
09/06/2024, PN-EQ-06,24.0,0.0,6142.9,183.1,300.0,2024-06-10 00:00:00
12/07/2024,pn-eq-10,23.0,1.0,10722.0,130.7,500.0,2024-07-13 00:00:00
02/06/2025,PNEQ03,24.0,0.0,8404.1,178.0,380.0,2025-06-03 00:00:00
27/07/2024,pn-eq-01,24.0,,11617.9,337.1,520.0,2024-07-28 00:00:00
01/08/2024,PN-EQ-01,22.7,1.3,11159.7,285.5,520.0,2024-08-02 00:00:00
16/01/2024,PN-EQ-04	,24.0,0.0,9206.7,126.7,460.0,2024-01-17 00:00:00
09/09/2025,pn-eq-06,24.0,0.0,6028.6,,300.0,2025-09-10 00:00:00
10/12/2024,PN_EQ_08,15.3,8.7,5340.9,108.3,400.0,2024-12-11 00:00:00
22/12/2025,PN-EQ-10	,17.6,6.4,8496.1,178.5,500.0,2025-12-23 00:00:00
06/06/2025,PN-EQ-03	,24.0,0.0,8451.6,326.7,380.0,2025-06-07 00:00:00
20/02/2025,PN-EQ-10,21.2,2.8,9833.9,212.0,500.0,2025-02-21 00:00:00
04/05/2025,PN-EQ-02,24.0,0.0,10216.8,145.6,430.0,2025-05-05 00:00:00
14/12/2025,pn-eq-02,24.0,0.0,9374.7,85.0,430.0,2025-12-15 00:00:00
14/07/2025,pn-eq-04,24.0,0.0,9858.8,332.5,460.0,2025-07-15 00:00:00
18/01/2025,PN-EQ-03,24.0,0.0,8329.4,108.0,380.0,2025-01-19 00:00:00
21/07/2025,PN-EQ-06 ,24.0,0.0,6833.9,,300.0,2025-07-22 00:00:00
19/05/2025,PNEQ05,24.0,0.0,6786.9,130.2,300.0,2025-05-20 00:00:00
10/08/2025,PNEQ08,24.0,0.0,8674.5,120.9,400.0,2025-08-11 00:00:00
05/01/2026,PN-EQ-03,24.0,,8458.6,165.6,380.0,2026-01-06 00:00:00
27/10/2025,PN-EQ-09,24.0,0.0,5489.7,166.5,260.0,2025-10-28 00:00:00
30/09/2024,PN-EQ-02,24.0,0.0,9581.2,72.8,430.0,2024-10-01 00:00:00
10/08/2025,PN_EQ_04,22.1,1.9,9585.9,89.9,460.0,2025-08-11 00:00:00
25/04/2024,PNEQ09,24.0,0.0,6177.6,135.2,260.0,2024-04-26 00:00:00
07/01/2024,PN-EQ-03 ,24.0,0.0,8758.4,107.8,380.0,2024-01-08 00:00:00
14/12/2024,PN_EQ_01,24.0,0.0,11294.6,239.5,520.0,2024-12-15 00:00:00
05/01/2025,PN_EQ_01,24.0,0.0,11378.4,,520.0,2025-01-06 00:00:00
08/12/2024,PNEQ04,24.0,0.0,10529.0,417.6,460.0,2024-12-09 00:00:00
22/08/2024,pn-eq-06,24.0,0.0,6408.8,182.9,300.0,2024-08-23 00:00:00
10/11/2024,pn-eq-06,24.0,0.0,6004.8,195.9,300.0,2024-11-11 00:00:00
05/05/2024,PN-EQ-06,24.0,,6950.2,241.2,300.0,2024-05-06 00:00:00
18/12/2024, PN-EQ-05,24.0,,6699.3,52.6,300.0,2024-12-19 00:00:00
01/05/2025,pn-eq-08,24.0,0.0,8890.1,169.3,400.0,2025-05-02 00:00:00
13/11/2024, PN-EQ-05,24.0,0.0,6796.7,167.0,300.0,2024-11-14 00:00:00
23/04/2024,PN_EQ_03,24.0,0.0,7933.4,0.0,380.0,2024-04-24 00:00:00
29/05/2025,pn-eq-08,24.0,0.0,8367.2,250.0,400.0,2025-05-30 00:00:00
17/04/2024,PN-EQ-05,24.0,0.0,6648.5,112.2,300.0,2024-04-18 00:00:00
29/06/2025,PN-EQ-04 ,24.0,0.0,9106.0,96.8,460.0,2025-06-30 00:00:00
08/06/2025,PNEQ02,23.0,1.0,9535.2,169.2,430.0,2025-06-09 00:00:00
08/05/2025,PN-EQ-07	,24.0,0.0,6763.6,148.5,350.0,2025-05-09 00:00:00
29/10/2024,PN-EQ-10	,24.0,0.0,10628.6,208.2,500.0,2024-10-30 00:00:00
16/08/2024,PN_EQ_09,19.5,4.5,4063.5,113.1,260.0,2024-08-17 00:00:00
03/03/2024,PN-EQ-10 ,22.7,1.3,10432.9,239.2,500.0,2024-03-04 00:00:00
19/09/2024,pn-eq-01,24.0,0.0,10520.7,334.8,520.0,2024-09-20 00:00:00
12/11/2025,PN-EQ-07 ,24.0,0.0,7146.4,131.1,350.0,2025-11-13 00:00:00
27/03/2024,PN-EQ-09	,24.0,0.0,5843.4,180.4,260.0,2024-03-28 00:00:00
08/08/2024,pn-eq-08,24.0,0.0,8196.2,165.0,400.0,2024-08-09 00:00:00
15/11/2024,PNEQ10,9.5,14.5,4566.2,140.5,500.0,2024-11-16 00:00:00
16/08/2025,pn-eq-07,21.7,2.3,6004.4,145.7,350.0,2025-08-16 00:00:00
13/08/2024,PN-EQ-03	,24.0,0.0,7913.9,206.0,380.0,2024-08-14 00:00:00
02/11/2025,PN-EQ-10 ,24.0,0.0,11512.0,277.9,500.0,2025-11-03 00:00:00
18/05/2024,PN-EQ-10 ,24.0,0.0,9176.8,115.5,500.0,2024-05-19 00:00:00
18/10/2024,PNEQ08,24.0,0.0,9008.0,230.7,400.0,2024-10-19 00:00:00
19/02/2024, PN-EQ-02,24.0,0.0,9366.0,419.8,430.0,2024-02-20 00:00:00
24/05/2024,PN-EQ-09 ,24.0,0.0,5682.4,111.7,260.0,2024-05-25 00:00:00
07/06/2025,PN-EQ-02	,24.0,0.0,9607.8,197.2,430.0,2025-06-08 00:00:00
13/06/2025,PNEQ08,24.0,0.0,9032.2,173.3,400.0,2025-06-14 00:00:00
23/09/2025,pn-eq-05,12.1,11.9,3276.7,43.7,300.0,2025-09-24 00:00:00
27/02/2025, PN-EQ-01,24.0,,11978.0,277.4,520.0,2025-02-28 00:00:00
02/09/2025,PNEQ07,24.0,0.0,7603.6,57.1,350.0,2025-09-03 00:00:00
23/05/2025,PN-EQ-09	,24.0,,5493.8,118.1,260.0,2025-05-24 00:00:00
25/12/2025, PN-EQ-10,24.0,0.0,11364.8,381.5,500.0,2025-12-26 00:00:00
26/08/2025,PN-EQ-10 ,17.3,6.7,8094.4,163.1,500.0,2025-08-27 00:00:00
06/07/2024,PNEQ07,16.5,7.5,5127.4,65.3,350.0,2024-07-07 00:00:00
04/02/2025,PN_EQ_10,24.0,0.0,10049.0,249.6,500.0,2025-02-05 00:00:00
28/01/2025,PNEQ09,24.0,0.0,5534.5,51.3,260.0,2025-01-29 00:00:00
16/11/2024,PN-EQ-10 ,14.3,,6858.4,116.5,500.0,2024-11-17 00:00:00
23/09/2025,PN-EQ-01,24.0,0.0,11297.0,324.2,520.0,2025-09-24 00:00:00
30/01/2024, PN-EQ-01,24.0,,10653.1,70.6,520.0,2024-01-31 00:00:00
19/04/2024,PN-EQ-01,24.0,0.0,10484.7,282.0,520.0,2024-04-20 00:00:00
10/10/2025,PN-EQ-06,24.0,0.0,6082.2,110.3,300.0,2025-10-11 00:00:00
19/01/2025,PN_EQ_10,24.0,0.0,9940.9,156.1,500.0,2025-01-20 00:00:00
16/07/2025,PNEQ09,24.0,0.0,5264.5,106.6,260.0,2025-07-17 00:00:00
24/01/2024,pn-eq-07,24.0,0.0,7430.0,104.5,350.0,2024-01-25 00:00:00
17/11/2025,PN-EQ-08,24.0,0.0,7855.8,98.1,400.0,2025-11-18 00:00:00
27/06/2024,PN_EQ_04,24.0,0.0,10225.3,209.0,460.0,2024-06-28 00:00:00
23/01/2025,PN-EQ-01 ,24.0,0.0,12104.3,216.7,520.0,2025-01-24 00:00:00
02/03/2024,PNEQ05,24.0,0.0,6445.2,155.4,300.0,2024-03-03 00:00:00
26/09/2025,PNEQ06,24.0,0.0,6826.5,2.3,300.0,2025-09-27 00:00:00
29/07/2024,PN-EQ-10,24.0,0.0,11157.2,259.1,500.0,2024-07-30 00:00:00
09/05/2024, PN-EQ-05,24.0,0.0,5837.3,205.5,300.0,2024-05-10 00:00:00
05/07/2025,PNEQ07,24.0,0.0,6744.0,179.9,350.0,2025-05-08 00:00:00
19/08/2024,PN-EQ-10	,24.0,0.0,9493.8,266.9,500.0,2024-08-20 00:00:00
30/05/2024, PN-EQ-08,13.8,10.2,4816.7,83.2,400.0,2024-05-31 00:00:00
12/06/2024,PNEQ08,22.8,1.2,7810.5,172.6,400.0,2024-06-13 00:00:00
03/08/2024,PN-EQ-09 ,24.0,0.0,5813.6,93.3,260.0,2024-08-04 00:00:00
07/09/2025,PN-EQ-06,24.0,0.0,6376.2,246.7,300.0,2025-09-08 00:00:00
16/11/2024,PN_EQ_07,24.0,0.0,7833.5,187.0,350.0,2024-11-17 00:00:00
09/02/2024,PN-EQ-03	,22.4,1.6,7605.2,149.9,380.0,2024-02-10 00:00:00
03/07/2024,PN_EQ_02,24.0,0.0,10120.3,205.4,430.0,2024-07-04 00:00:00
19/04/2025,pn-eq-09,24.0,0.0,5908.5,148.0,260.0,2025-04-20 00:00:00
29/10/2025,PN-EQ-07,24.0,0.0,6443.0,74.3,350.0,2025-10-30 00:00:00
24/02/2024, PN-EQ-07,24.0,0.0,7272.7,235.3,350.0,2024-02-25 00:00:00
04/01/2026,PN_EQ_10,24.0,0.0,10457.1,114.3,500.0,2026-01-05 00:00:00
06/02/2024,PN-EQ-06,24.0,0.0,6227.7,190.5,300.0,2024-02-07 00:00:00
26/09/2025, PN-EQ-02,24.0,0.0,9462.1,140.7,430.0,2025-09-27 00:00:00
21/11/2025,PN-EQ-04 ,4.0,20.0,1665.6,34.9,460.0,2025-11-22 00:00:00
23/01/2025, PN-EQ-06,24.0,0.0,6206.9,116.5,300.0,2025-01-24 00:00:00
14/07/2025,PN-EQ-09	,4.0,20.0,922.6,26.1,260.0,2025-07-15 00:00:00
25/08/2024,pn-eq-03,24.0,0.0,8537.9,131.1,380.0,2024-08-26 00:00:00
20/12/2025, PN-EQ-07,24.0,0.0,7608.4,90.6,350.0,2025-12-21 00:00:00
28/06/2025,PN_EQ_02,20.0,4.0,7960.6,152.1,430.0,2025-06-29 00:00:00
03/02/2024,PN-EQ-07 ,24.0,0.0,7284.0,215.7,350.0,2024-02-04 00:00:00
21/05/2025,PN_EQ_03,24.0,0.0,7789.8,92.9,380.0,2025-05-22 00:00:00
02/01/2026,PN-EQ-06,24.0,0.0,6900.3,124.9,300.0,2026-01-03 00:00:00
16/06/2025, PN-EQ-08,24.0,0.0,7687.3,164.1,400.0,2025-06-17 00:00:00
07/08/2024,PN-EQ-09 ,24.0,0.0,5643.3,90.9,260.0,2024-08-08 00:00:00
14/01/2025,PN-EQ-08	,24.0,0.0,8439.4,92.9,400.0,2025-01-15 00:00:00
03/07/2024,PN_EQ_05,21.1,2.9,5694.1,111.3,300.0,2024-07-04 00:00:00
10/06/2024,PN-EQ-10,16.7,7.3,8056.4,194.2,500.0,2024-06-11 00:00:00
11/12/2024,PN_EQ_08,24.0,0.0,7768.3,252.0,400.0,2024-12-12 00:00:00
29/03/2024, PN-EQ-06,21.1,2.9,6072.5,,300.0,2024-03-30 00:00:00
07/09/2025,PNEQ07,24.0,0.0,8155.3,122.6,350.0,2025-09-08 00:00:00
07/07/2025,PN-EQ-03	,24.0,0.0,8437.7,57.9,380.0,2025-07-08 00:00:00
04/03/2024,pn-eq-07,22.2,1.8,7057.5,143.6,350.0,2024-03-05 00:00:00
28/02/2025,PNEQ03,24.0,0.0,8399.4,240.0,380.0,2025-03-01 00:00:00
30/05/2025,PN_EQ_03,24.0,0.0,8008.2,122.2,380.0,2025-05-31 00:00:00
20/06/2024,PN_EQ_09,24.0,0.0,5940.1,160.8,260.0,2024-06-21 00:00:00
23/05/2024, PN-EQ-01,21.4,2.6,8672.9,232.9,520.0,2024-05-24 00:00:00
10/10/2025, PN-EQ-10,24.0,0.0,10157.9,101.3,500.0,2025-10-11 00:00:00
23/11/2025,pn-eq-07,24.0,0.0,8316.0,63.5,350.0,2025-11-24 00:00:00
17/11/2025,PN_EQ_10,17.1,6.9,7504.3,157.6,500.0,2025-11-18 00:00:00
22/03/2024, PN-EQ-06,24.0,0.0,6155.4,145.9,300.0,2024-03-23 00:00:00
10/02/2025,pn-eq-09,24.0,0.0,6075.4,181.8,260.0,2025-02-11 00:00:00
28/04/2024,PN-EQ-01 ,24.0,0.0,11588.4,244.9,520.0,2024-04-29 00:00:00
18/04/2024, PN-EQ-05,4.0,20.0,1064.1,16.7,300.0,2024-04-19 00:00:00
21/04/2025,PNEQ03,24.0,0.0,8480.4,191.7,380.0,2025-04-22 00:00:00
04/04/2025, PN-EQ-02,24.0,0.0,9181.2,326.1,430.0,2025-04-05 00:00:00
02/04/2025,PN-EQ-02 ,17.7,6.3,5761.3,38.4,430.0,2025-04-03 00:00:00
23/09/2024,PN-EQ-06	,24.0,,6174.9,146.0,300.0,2024-09-24 00:00:00
18/01/2024,PN-EQ-08 ,24.0,0.0,6707.7,145.0,400.0,2024-01-17 00:00:00
19/05/2025,PN_EQ_04,24.0,0.0,10419.4,179.4,460.0,2025-05-20 00:00:00
20/10/2025,PN-EQ-08	,24.0,0.0,9200.7,167.2,400.0,2025-10-21 00:00:00
05/01/2026,PN-EQ-02	,22.6,1.4,8972.8,243.5,430.0,2026-01-06 00:00:00
01/09/2024, PN-EQ-09,17.6,6.4,4100.2,75.3,260.0,2024-09-02 00:00:00
07/06/2025,PNEQ06,24.0,0.0,6493.7,187.4,300.0,2025-06-08 00:00:00
17/11/2024,PN_EQ_07,24.0,0.0,8286.4,127.8,350.0,2024-11-18 00:00:00
26/08/2025,PN-EQ-06,24.0,0.0,6406.9,175.5,300.0,2025-08-27 00:00:00
01/08/2025,PN-EQ-04,24.0,0.0,10019.2,157.5,460.0,2025-08-02 00:00:00
02/01/2025,PN-EQ-08,17.5,6.5,6618.8,174.2,400.0,2025-01-03 00:00:00
12/10/2025,PN-EQ-04 ,24.0,0.0,10351.3,97.2,460.0,2025-10-13 00:00:00
29/02/2024,PN_EQ_08,24.0,,7706.5,251.2,400.0,2024-03-01 00:00:00
08/03/2024, PN-EQ-03,24.0,0.0,7545.6,80.8,380.0,2024-03-09 00:00:00
15/06/2025,PN-EQ-01	,24.0,0.0,11543.9,224.4,520.0,2025-06-16 00:00:00
15/05/2024,PNEQ03,24.0,0.0,8397.2,154.9,380.0,2024-05-16 00:00:00
20/09/2025,PN-EQ-09	,24.0,0.0,5688.7,98.1,260.0,2025-09-21 00:00:00
11/08/2025,PNEQ02,22.3,1.7,9493.1,228.9,430.0,2025-08-12 00:00:00
23/01/2025, PN-EQ-09,24.0,0.0,5994.0,91.0,260.0,2025-01-24 00:00:00
15/04/2024,PNEQ07,24.0,,7290.5,89.2,350.0,2024-04-16 00:00:00
21/03/2025,PN_EQ_05,24.0,0.0,6799.0,195.6,300.0,2025-03-22 00:00:00
29/08/2025,pn-eq-07,24.0,,7538.2,144.3,350.0,2025-08-30 00:00:00
29/07/2024,PN_EQ_07,24.0,0.0,8069.8,181.4,350.0,2024-07-30 00:00:00
08/02/2025,PN-EQ-07 ,24.0,0.0,7832.3,219.1,350.0,2025-02-09 00:00:00
28/01/2025,PN_EQ_10,24.0,0.0,10940.0,153.4,500.0,2025-01-29 00:00:00
27/01/2025,PN-EQ-05	,24.0,0.0,6406.5,154.7,300.0,2025-01-28 00:00:00
18/08/2025,pn-eq-07,24.0,0.0,7653.1,194.6,350.0,2025-08-19 00:00:00
06/10/2025,PN-EQ-03 ,24.0,0.0,8439.4,210.9,380.0,2025-10-07 00:00:00
20/08/2025,PN-EQ-03	,24.0,0.0,8528.7,166.3,380.0,2025-08-21 00:00:00
10/07/2024,PN_EQ_06,24.0,0.0,6505.7,108.1,300.0,2024-07-11 00:00:00
01/06/2024,PN-EQ-02,24.0,0.0,8397.6,241.7,430.0,2024-05-30 00:00:00
12/08/2025,pn-eq-04,24.0,0.0,9072.2,201.7,460.0,2025-08-13 00:00:00
26/03/2024,PN_EQ_07,24.0,0.0,8316.0,242.5,350.0,2024-03-27 00:00:00
11/01/2025,pn-eq-04,24.0,0.0,10461.7,275.5,460.0,2025-01-12 00:00:00
11/06/2025,PN-EQ-06	,24.0,0.0,5972.8,115.4,300.0,2025-06-12 00:00:00
18/01/2024,pn-eq-02,17.7,6.3,7448.9,,430.0,2024-01-19 00:00:00
12/01/2025,PN_EQ_09,20.4,3.6,4765.2,133.8,260.0,2025-01-13 00:00:00
24/03/2024,pn-eq-06,24.0,0.0,6756.6,201.2,300.0,2024-03-25 00:00:00
13/09/2024,PN-EQ-08	,24.0,0.0,9504.0,258.2,400.0,2024-09-14 00:00:00
08/08/2024,PN-EQ-04,24.0,0.0,8817.6,252.8,460.0,2024-08-09 00:00:00
17/01/2024,PNEQ08,24.0,0.0,8180.4,125.9,400.0,2024-01-18 00:00:00
24/05/2025,PN-EQ-03	,24.0,0.0,7810.7,165.1,380.0,2025-05-25 00:00:00
01/08/2024,PN_EQ_09,24.0,0.0,6177.6,12.5,260.0,2024-08-02 00:00:00
07/07/2024,PN_EQ_07,22.5,1.5,7796.2,243.1,350.0,2024-07-08 00:00:00
13/11/2024,pn-eq-10,24.0,0.0,10208.9,147.7,500.0,2024-11-14 00:00:00
17/04/2025,pn-eq-05,7.6,16.4,1814.6,62.0,300.0,2025-04-18 00:00:00
09/10/2024,PNEQ02,21.0,3.0,6721.1,146.3,430.0,2024-10-07 00:00:00
07/08/2025,PN-EQ-06,24.0,0.0,6448.6,181.0,300.0,2025-08-08 00:00:00
22/03/2025,PN-EQ-02	,24.0,0.0,8875.9,87.9,430.0,2025-03-23 00:00:00
24/01/2024,PN-EQ-08 ,24.0,0.0,8294.1,189.4,400.0,2024-01-25 00:00:00
23/11/2024,pn-eq-04,16.7,7.3,6347.0,147.7,460.0,2024-11-24 00:00:00
04/10/2025,PN-EQ-04,15.4,8.6,7013.2,128.8,460.0,2025-10-05 00:00:00
13/01/2024,PN-EQ-08,22.7,1.3,8552.8,176.3,400.0,2024-01-14 00:00:00
21/12/2024, PN-EQ-07,24.0,0.0,7774.2,195.8,350.0,2024-12-22 00:00:00
21/01/2024,PN-EQ-07	,24.0,0.0,7032.0,138.1,350.0,2024-01-22 00:00:00
19/02/2024,PN_EQ_06,24.0,0.0,6873.2,113.2,300.0,2024-02-20 00:00:00
12/02/2025,PN-EQ-02	,24.0,0.0,9672.3,164.4,430.0,2025-02-13 00:00:00
21/10/2025,PNEQ04,24.0,0.0,8611.2,153.8,460.0,2025-10-22 00:00:00
15/02/2024,PNEQ03,24.0,0.0,8534.5,136.7,380.0,2024-02-16 00:00:00
03/01/2026, PN-EQ-09,24.0,0.0,5528.5,101.8,260.0,2026-01-04 00:00:00
05/02/2024,PNEQ06,24.0,0.0,7539.9,99.8,300.0,2024-02-06 00:00:00
22/10/2024, PN-EQ-01,24.0,0.0,10865.2,283.4,520.0,2024-10-23 00:00:00
09/10/2024,PN-EQ-03	,24.0,0.0,7579.8,310.8,380.0,2024-10-10 00:00:00
26/06/2024,PN-EQ-01 ,24.0,0.0,11501.4,217.4,520.0,2024-06-27 00:00:00
24/10/2025,PN_EQ_02,24.0,0.0,8833.6,236.7,430.0,2025-10-25 00:00:00
18/05/2025,PN-EQ-04 ,24.0,0.0,9529.0,275.9,460.0,2025-05-19 00:00:00
13/11/2025,PN-EQ-05,24.0,0.0,6536.5,45.7,300.0,2025-11-14 00:00:00
02/07/2024,PN-EQ-07 ,24.0,0.0,7573.9,203.0,350.0,2024-07-03 00:00:00
15/05/2025,PN-EQ-10,24.0,0.0,10221.8,310.7,500.0,2025-05-16 00:00:00
20/06/2024, PN-EQ-04,24.0,0.0,9677.8,315.0,460.0,2024-06-21 00:00:00
19/12/2024, PN-EQ-01,24.0,0.0,12260.1,236.7,520.0,2024-12-20 00:00:00
13/04/2024, PN-EQ-09,24.0,0.0,5496.9,86.8,260.0,2024-04-14 00:00:00
26/09/2024, PN-EQ-05,24.0,0.0,6288.2,182.3,300.0,2024-09-27 00:00:00
19/09/2024, PN-EQ-08,24.0,0.0,9210.4,128.9,400.0,2024-09-20 00:00:00
28/06/2025, PN-EQ-03,24.0,0.0,7825.2,177.5,380.0,2025-06-29 00:00:00
31/01/2025,PNEQ07,24.0,0.0,7125.0,,350.0,2025-02-01 00:00:00
24/07/2025,PNEQ06,24.0,0.0,6253.7,,300.0,2025-07-25 00:00:00
19/05/2025, PN-EQ-01,24.0,0.0,11386.1,325.3,520.0,2025-05-20 00:00:00
13/09/2025,PN-EQ-09 ,24.0,0.0,5788.6,65.7,260.0,2025-09-14 00:00:00
24/07/2024,pn-eq-01,24.0,0.0,11337.3,159.2,520.0,2024-07-25 00:00:00
02/04/2025,PN-EQ-10	,24.0,0.0,11190.5,296.1,500.0,2025-04-03 00:00:00
26/11/2025,PN-EQ-07 ,24.0,0.0,7405.3,223.6,350.0,2025-11-27 00:00:00
08/12/2024, PN-EQ-03,24.0,,8122.6,222.1,380.0,2024-12-09 00:00:00
21/11/2025,PNEQ05,13.3,10.7,3581.5,98.4,300.0,2025-11-22 00:00:00
30/10/2025,PN-EQ-08	,24.0,0.0,8738.8,,400.0,2025-10-31 00:00:00
28/02/2025, PN-EQ-07,24.0,0.0,8196.0,247.4,350.0,2025-03-01 00:00:00
24/04/2024,PN-EQ-02,24.0,0.0,9279.6,277.2,430.0,2024-04-25 00:00:00
03/01/2024,PNEQ09,24.0,0.0,5995.0,158.0,260.0,2024-01-04 00:00:00
20/04/2025,PN-EQ-10 ,17.4,6.6,7594.1,129.8,500.0,2025-04-21 00:00:00
07/11/2025,PNEQ06,24.0,0.0,6484.1,147.6,300.0,2025-11-08 00:00:00
02/09/2025,PN-EQ-10	,24.0,0.0,11290.1,435.3,500.0,2025-09-03 00:00:00
14/07/2024, PN-EQ-10,24.0,0.0,10226.8,392.4,500.0,2024-07-15 00:00:00
17/01/2025,pn-eq-10,14.3,9.7,6839.7,188.9,500.0,2025-01-18 00:00:00
15/07/2025, PN-EQ-07,22.9,1.1,7027.5,235.4,350.0,2025-07-16 00:00:00
03/08/2025,PN-EQ-05,19.3,4.7,5027.5,96.8,300.0,2025-08-04 00:00:00
29/08/2025,PN_EQ_08,24.0,0.0,9504.0,205.0,400.0,2025-08-30 00:00:00
04/06/2025,PN-EQ-05 ,24.0,0.0,6182.0,94.0,300.0,2025-06-05 00:00:00
20/01/2024,PN-EQ-06	,24.0,0.0,6322.6,151.8,300.0,2024-01-21 00:00:00
07/11/2024,pn-eq-07,20.9,3.1,5815.1,123.9,350.0,2024-11-08 00:00:00
19/07/2025,PN_EQ_09,24.0,0.0,5615.7,129.8,260.0,2025-07-20 00:00:00
12/08/2025,pn-eq-03,24.0,,8179.3,0.3,380.0,2025-08-13 00:00:00
22/03/2025,PN_EQ_07,24.0,0.0,8316.0,125.7,350.0,2025-03-23 00:00:00
03/09/2025,PN-EQ-03	,24.0,0.0,8061.9,178.4,380.0,2025-09-04 00:00:00
12/09/2024,PN-EQ-02,24.0,0.0,9636.2,216.1,430.0,2024-09-13 00:00:00
26/11/2025, PN-EQ-02,24.0,0.0,9151.7,233.6,430.0,2025-11-27 00:00:00
18/11/2024,PN-EQ-10,24.0,0.0,11382.0,149.4,500.0,2024-11-19 00:00:00
28/09/2024,PN-EQ-09,24.0,0.0,5998.0,143.3,260.0,2024-09-29 00:00:00
23/07/2024,PNEQ10,24.0,0.0,10388.9,152.2,500.0,2024-07-24 00:00:00
06/02/2024,PN-EQ-07,24.0,0.0,7453.0,192.2,350.0,2024-02-07 00:00:00
29/02/2024,PN_EQ_03,24.0,0.0,7995.8,238.6,380.0,2024-03-01 00:00:00
02/01/2026,PN-EQ-10	,24.0,0.0,11671.1,250.5,500.0,2026-01-03 00:00:00
31/03/2024, PN-EQ-03,24.0,0.0,8682.0,60.9,380.0,2024-04-01 00:00:00
01/08/2025,PN-EQ-06	,24.0,0.0,6262.3,114.2,300.0,2025-08-02 00:00:00
07/05/2024,PN-EQ-06	,24.0,0.0,5891.0,108.5,300.0,2024-05-08 00:00:00
11/03/2025, PN-EQ-09,24.0,0.0,5431.4,196.9,260.0,2025-03-12 00:00:00
19/03/2024,PN-EQ-04 ,14.4,9.6,5942.2,80.0,460.0,2024-03-20 00:00:00
09/11/2024,PN-EQ-10,14.4,9.6,6459.3,156.9,500.0,2024-11-10 00:00:00
26/09/2025,pn-eq-07,24.0,0.0,7666.0,187.6,350.0,2025-09-27 00:00:00
18/01/2024,PNEQ04,24.0,0.0,8907.7,63.4,460.0,2024-01-19 00:00:00
16/12/2025,PN-EQ-01 ,24.0,0.0,10995.8,196.3,520.0,2025-12-17 00:00:00
14/03/2025,PN-EQ-01 ,24.0,0.0,12137.6,324.9,520.0,2025-03-15 00:00:00
03/01/2025,PNEQ09,24.0,0.0,5432.8,119.3,260.0,2025-01-04 00:00:00
19/08/2025,PN-EQ-06	,24.0,0.0,6096.4,128.2,300.0,2025-08-20 00:00:00
04/11/2025, PN-EQ-08,21.2,2.8,7975.9,180.2,400.0,2025-11-05 00:00:00
03/10/2024,PN-EQ-09 ,24.0,0.0,5449.8,148.2,260.0,2024-10-04 00:00:00
09/07/2025,PNEQ04,24.0,0.0,10624.3,191.0,460.0,2025-07-10 00:00:00
28/11/2025,PNEQ08,24.0,,8597.0,121.3,400.0,2025-11-29 00:00:00
08/07/2024,PNEQ07,24.0,0.0,7382.6,62.0,350.0,2024-07-09 00:00:00
21/07/2024,PN-EQ-07	,16.9,7.1,5188.0,156.1,350.0,2024-07-22 00:00:00
12/05/2024,PN-EQ-07 ,24.0,0.0,7181.1,62.6,350.0,2024-05-13 00:00:00
31/05/2025,PN-EQ-05,24.0,0.0,6400.6,249.2,300.0,2025-06-01 00:00:00
04/04/2025,PN_EQ_01,15.2,8.8,7307.4,110.4,520.0,2025-04-05 00:00:00
05/03/2024,PNEQ03,24.0,0.0,8427.9,177.9,380.0,2024-03-06 00:00:00
24/10/2025,pn-eq-08,24.0,0.0,8836.5,149.9,400.0,2025-10-25 00:00:00
21/01/2024,PNEQ09,24.0,0.0,5050.2,74.2,260.0,2024-01-22 00:00:00
24/01/2024,PN-EQ-06 ,24.0,0.0,7037.4,204.1,300.0,2024-01-25 00:00:00
01/01/2024,PN_EQ_04,24.0,0.0,9408.8,405.6,460.0,2024-01-02 00:00:00
26/02/2025,PN-EQ-02 ,24.0,,9893.2,103.2,430.0,2025-02-27 00:00:00
04/08/2025,pn-eq-04,24.0,0.0,9513.2,103.7,460.0,2025-08-05 00:00:00
25/05/2024, PN-EQ-01,24.0,0.0,11548.6,90.9,520.0,2024-05-26 00:00:00
28/03/2024,PN_EQ_09,24.0,0.0,5421.1,96.0,260.0,2024-03-29 00:00:00
30/06/2025,PN-EQ-10	,24.0,0.0,10536.6,205.5,500.0,2025-07-01 00:00:00
26/10/2024,PN_EQ_08,24.0,0.0,7194.7,153.8,400.0,2024-10-27 00:00:00
03/02/2024,PN-EQ-03,24.0,0.0,7998.2,223.2,380.0,2024-02-04 00:00:00
14/02/2025,PN-EQ-10	,21.5,,9508.1,215.8,500.0,2025-02-15 00:00:00
06/02/2024,PN_EQ_10,24.0,0.0,9282.5,249.5,500.0,2024-02-04 00:00:00
15/04/2025,pn-eq-09,24.0,0.0,4782.5,,260.0,2025-04-16 00:00:00
10/07/2024,PNEQ08,24.0,0.0,8809.8,153.2,400.0,2024-07-11 00:00:00
06/01/2024, PN-EQ-01,24.0,0.0,11528.2,52.5,520.0,2024-01-07 00:00:00
04/02/2024,PN-EQ-06	,24.0,0.0,6825.0,114.2,300.0,2024-02-05 00:00:00
04/01/2024, PN-EQ-01,24.0,,11261.5,383.3,520.0,2024-01-05 00:00:00
10/11/2024, PN-EQ-01,24.0,0.0,10508.9,186.9,520.0,2024-11-11 00:00:00
17/03/2024,PNEQ10,24.0,0.0,10820.5,106.2,500.0,2024-03-18 00:00:00
09/11/2025,PN-EQ-02 ,24.0,0.0,9243.7,144.7,430.0,2025-11-10 00:00:00
10/06/2025,PNEQ08,24.0,0.0,7681.2,148.6,400.0,2025-06-11 00:00:00
24/07/2025, PN-EQ-01,21.2,2.8,9898.6,241.3,520.0,2025-07-25 00:00:00
25/11/2024,PN_EQ_03,24.0,0.0,8680.0,181.1,380.0,2024-11-26 00:00:00
23/03/2024,PN-EQ-05,24.0,0.0,6762.5,228.6,300.0,2024-03-24 00:00:00
09/08/2025,PN-EQ-04	,24.0,0.0,10155.1,93.5,460.0,2025-08-10 00:00:00
25/12/2024, PN-EQ-10,16.3,7.7,6771.1,97.6,500.0,2024-12-26 00:00:00
23/12/2024,PN_EQ_06,22.9,1.1,6050.4,0.0,300.0,2024-12-24 00:00:00
07/06/2025,pn-eq-04,24.0,0.0,10146.2,194.3,460.0,2025-06-08 00:00:00
07/07/2025,PN-EQ-02,24.0,0.0,8792.0,156.4,430.0,2025-07-08 00:00:00
10/07/2025,PN-EQ-09	,24.0,0.0,5341.4,146.1,260.0,2025-07-11 00:00:00
19/08/2025,PNEQ01,22.4,1.6,10913.9,368.2,520.0,2025-08-20 00:00:00
29/01/2024,PN-EQ-07	,17.4,6.6,5864.0,134.2,350.0,2024-01-30 00:00:00
11/08/2025,PN-EQ-07	,24.0,0.0,8316.0,185.1,350.0,2025-08-12 00:00:00
07/12/2024,PN-EQ-07	,24.0,0.0,7995.9,167.8,350.0,2024-12-08 00:00:00
21/03/2024, PN-EQ-08,24.0,0.0,9504.0,215.0,400.0,2024-03-22 00:00:00
02/06/2024,PNEQ03,24.0,0.0,8583.6,184.9,380.0,2024-06-03 00:00:00
09/02/2025,PNEQ10,24.0,0.0,10559.0,,500.0,2025-02-10 00:00:00
14/01/2024,PN_EQ_08,24.0,0.0,8662.5,128.9,400.0,2024-01-15 00:00:00
24/04/2024,PN-EQ-01,21.7,,10090.4,132.2,520.0,2024-04-25 00:00:00
06/07/2024,PNEQ10,6.6,17.4,2902.8,81.6,500.0,2024-07-07 00:00:00
05/11/2024,PN_EQ_01,21.4,2.6,10746.7,146.6,5200.0,2024-11-06 00:00:00
27/05/2024,PN-EQ-09	,23.4,0.6,4736.1,45.6,260.0,2024-05-25 00:00:00
16/01/2024,PNEQ08,24.0,0.0,8880.3,226.3,400.0,2024-01-17 00:00:00
07/08/2025,PN-EQ-05	,24.0,0.0,6905.1,183.1,300.0,2025-08-08 00:00:00
24/05/2025,PN-EQ-01 ,24.0,0.0,10172.9,150.8,520.0,2025-05-25 00:00:00
26/03/2024,PN-EQ-08	,24.0,0.0,8527.6,100.6,400.0,2024-03-27 00:00:00
20/04/2025,PN-EQ-09,24.0,0.0,5800.8,144.5,260.0,2025-04-21 00:00:00
01/09/2025,PN-EQ-10	,24.0,0.0,11341.6,192.5,500.0,2025-09-02 00:00:00
06/02/2025,PNEQ08,4.0,20.0,1485.2,24.1,400.0,2025-02-07 00:00:00
30/04/2025,PNEQ10,24.0,0.0,10975.4,196.0,500.0,2025-05-01 00:00:00
03/09/2024,PN-EQ-03 ,18.4,5.6,6593.9,110.5,380.0,2024-09-04 00:00:00
05/04/2024,PN-EQ-09	,22.5,1.5,5060.5,44.9,260.0,2024-04-06 00:00:00
10/12/2025,PNEQ05,24.0,0.0,6805.3,122.9,300.0,2025-12-11 00:00:00
01/06/2025,PN_EQ_04,24.0,0.0,10118.1,293.7,460.0,2025-06-02 00:00:00
11/07/2025, PN-EQ-03,24.0,0.0,8225.7,143.2,380.0,2025-07-12 00:00:00
18/04/2024,PN-EQ-09,24.0,0.0,5391.4,95.7,260.0,2024-04-19 00:00:00
29/10/2024,PN-EQ-02	,24.0,0.0,8851.9,242.6,430.0,2024-10-30 00:00:00
10/01/2024, PN-EQ-08,24.0,0.0,8639.5,160.8,400.0,2024-01-11 00:00:00
18/10/2025,PN-EQ-04,24.0,0.0,9320.7,34.2,460.0,2025-10-19 00:00:00
03/08/2024,PN_EQ_07,24.0,0.0,7529.5,218.1,350.0,2024-08-04 00:00:00
13/06/2024,PN-EQ-07 ,24.0,0.0,7329.3,209.9,350.0,2024-06-14 00:00:00
03/03/2025, PN-EQ-05,24.0,0.0,6414.3,95.8,300.0,2025-03-04 00:00:00
27/10/2024,PNEQ05,22.8,,5870.4,174.1,300.0,2024-10-28 00:00:00
14/07/2025,PN-EQ-03	,24.0,0.0,8108.4,201.6,380.0,2025-07-15 00:00:00
16/04/2025,PN-EQ-03 ,24.0,0.0,7545.1,122.8,380.0,2025-04-17 00:00:00
08/03/2024, PN-EQ-10,22.2,,9491.2,191.5,500.0,2024-03-09 00:00:00
06/02/2024,PNEQ04,13.2,10.8,5093.3,48.8,460.0,2024-02-07 00:00:00
20/07/2024,PN-EQ-10 ,24.0,0.0,10750.6,218.5,500.0,2024-07-21 00:00:00
14/05/2024,PNEQ02,24.0,0.0,8499.4,184.1,430.0,2024-05-15 00:00:00
12/09/2025,PNEQ10,24.0,0.0,11436.1,258.5,500.0,2025-09-13 00:00:00
05/11/2025,PNEQ06,24.0,,6214.7,162.2,300.0,2025-11-06 00:00:00
22/04/2025,PN_EQ_08,24.0,0.0,7641.9,188.8,400.0,2025-04-23 00:00:00
22/09/2024,PN-EQ-10,24.0,0.0,11054.3,172.4,500.0,2024-09-23 00:00:00
17/01/2024,PNEQ09,24.0,0.0,5843.4,168.7,260.0,2024-01-18 00:00:00
22/07/2025,pn-eq-05,24.0,0.0,6665.3,91.7,300.0,2025-07-23 00:00:00
15/05/2024,PNEQ01,24.0,0.0,12355.2,186.6,520.0,2024-05-16 00:00:00
06/04/2025,pn-eq-03,24.0,0.0,8348.1,101.9,380.0,2025-04-07 00:00:00
05/01/2025,PN-EQ-05	,24.0,0.0,6979.3,21.8,300.0,2025-01-06 00:00:00
21/11/2025,PN-EQ-10,24.0,0.0,10418.1,141.8,500.0,2025-11-22 00:00:00
08/11/2025,PN-EQ-04 ,16.9,7.1,7395.7,135.2,460.0,2025-11-09 00:00:00
10/10/2025,pn-eq-09,24.0,0.0,5393.2,81.3,260.0,2025-10-11 00:00:00
28/07/2024,PN-EQ-01 ,11.5,12.5,5173.4,145.0,520.0,2024-07-29 00:00:00
23/02/2024,PN_EQ_04,22.8,1.2,9600.9,197.5,460.0,2024-02-24 00:00:00
16/12/2025,PN-EQ-04	,24.0,0.0,9720.5,316.6,460.0,2025-12-17 00:00:00
29/04/2025,PN-EQ-09 ,24.0,0.0,5327.2,87.2,260.0,2025-04-30 00:00:00
31/03/2024,PN_EQ_10,24.0,0.0,10152.8,321.8,500.0,2024-04-01 00:00:00
21/06/2025,pn-eq-05,24.0,0.0,6586.7,23.3,300.0,2025-06-22 00:00:00
04/09/2024,PN-EQ-04,24.0,0.0,9828.7,104.8,460.0,2024-09-05 00:00:00
21/07/2024,PNEQ03,24.0,0.0,8145.2,126.5,380.0,2024-07-22 00:00:00
01/04/2024,PN-EQ-08 ,22.8,1.2,8229.5,204.0,400.0,2024-04-02 00:00:00
21/10/2025,PN-EQ-08	,24.0,0.0,8892.3,121.0,400.0,2025-10-22 00:00:00
01/06/2024,PN_EQ_08,24.0,0.0,8735.4,217.6,400.0,2024-06-02 00:00:00
03/01/2025,PN-EQ-05	,18.6,5.4,5256.4,10.0,300.0,2025-03-02 00:00:00
09/01/2026,PN-EQ-02 ,22.8,1.2,8022.2,221.7,430.0,2026-01-10 00:00:00
31/08/2024,PN-EQ-06 ,19.2,4.8,4976.3,126.4,300.0,2024-09-01 00:00:00
10/07/2025,PN_EQ_02,24.0,0.0,9375.5,317.8,430.0,2025-07-11 00:00:00
13/12/2025,PN-EQ-04	,23.3,0.7,9391.5,244.0,460.0,2025-12-14 00:00:00
20/01/2025,PN-EQ-03	,23.5,0.5,8227.9,28.3,380.0,2025-01-21 00:00:00
07/12/2025,PN-EQ-04,15.8,8.2,6876.8,152.7,460.0,2025-12-08 00:00:00
28/10/2025,PNEQ07,24.0,0.0,7875.5,,350.0,2025-10-29 00:00:00
28/10/2024,PN_EQ_06,24.0,0.0,6234.7,78.2,300.0,2024-10-29 00:00:00
07/01/2026,PN-EQ-04	,24.0,0.0,9580.5,305.0,460.0,2026-01-08 00:00:00
13/03/2025,PN-EQ-01,24.0,0.0,11590.8,193.5,520.0,2025-03-14 00:00:00
23/06/2025,PN-EQ-04	,24.0,0.0,10206.7,334.1,460.0,2025-06-24 00:00:00
18/11/2025,PN_EQ_01,24.0,0.0,12236.0,235.8,5200.0,2025-11-19 00:00:00
24/10/2025,PN-EQ-03 ,24.0,0.0,8615.6,105.6,380.0,2025-10-25 00:00:00
02/01/2026,PNEQ03,17.2,6.8,5922.6,93.3,380.0,2026-01-03 00:00:00
18/03/2025,PNEQ03,24.0,0.0,8212.1,73.1,380.0,2025-03-19 00:00:00
31/03/2024,PNEQ09,24.0,0.0,4754.9,97.4,260.0,2024-03-29 00:00:00
10/07/2024,PN-EQ-04 ,24.0,0.0,9138.7,205.6,460.0,2024-07-11 00:00:00
25/02/2024,PN_EQ_05,24.0,0.0,6904.6,176.1,300.0,2024-02-26 00:00:00
01/12/2024,PN_EQ_08,24.0,0.0,8373.9,127.8,400.0,2024-12-02 00:00:00
27/12/2024, PN-EQ-06,24.0,0.0,6149.0,26.6,300.0,2024-12-28 00:00:00
22/08/2025, PN-EQ-01,24.0,0.0,11189.9,265.0,520.0,2025-08-23 00:00:00
01/11/2024,PNEQ07,24.0,0.0,7741.3,187.8,350.0,2024-11-02 00:00:00
09/01/2024,PN-EQ-03	,24.0,0.0,7658.6,188.2,380.0,2024-01-10 00:00:00
09/06/2024,PNEQ10,24.0,0.0,11365.1,284.7,500.0,2024-06-10 00:00:00
24/08/2025,PN-EQ-10	,24.0,0.0,11337.7,246.2,500.0,2025-08-25 00:00:00
12/11/2025,PN-EQ-09 ,24.0,0.0,5348.3,153.8,260.0,2025-11-13 00:00:00
30/11/2024,PN-EQ-01	,24.0,0.0,11956.5,277.0,520.0,2024-12-01 00:00:00
05/09/2025,pn-eq-04,20.9,3.1,8717.5,129.6,460.0,2025-09-06 00:00:00
17/10/2025,PN_EQ_02,19.3,4.7,7599.0,122.0,430.0,2025-10-18 00:00:00
01/01/2024,PN-EQ-05 ,24.0,0.0,6976.4,220.9,300.0,2024-01-02 00:00:00
08/08/2024,PN-EQ-10	,24.0,0.0,10550.0,118.2,500.0,2024-08-09 00:00:00
02/09/2025,PN-EQ-09 ,24.0,0.0,5674.5,44.4,260.0,2025-09-03 00:00:00
18/12/2025,pn-eq-01,24.0,0.0,10787.4,319.2,520.0,2025-12-19 00:00:00
18/07/2025,PNEQ05,24.0,0.0,6033.6,171.6,300.0,2025-07-19 00:00:00
03/05/2024, PN-EQ-03,22.0,2.0,7266.0,110.5,380.0,2024-05-04 00:00:00
25/11/2025,PNEQ08,24.0,0.0,8815.7,256.3,400.0,2025-11-26 00:00:00
18/02/2025,PN-EQ-08 ,24.0,0.0,8916.7,152.5,400.0,2025-02-19 00:00:00
04/09/2024,PN-EQ-07	,24.0,0.0,7434.6,53.9,350.0,2024-09-05 00:00:00
11/08/2024,PN-EQ-10 ,19.8,4.2,8630.4,145.4,500.0,2024-08-12 00:00:00
12/03/2024,PNEQ06,24.0,0.0,6528.1,159.5,300.0,2024-03-13 00:00:00
22/10/2024,PNEQ05,24.0,0.0,7128.0,134.1,300.0,2024-10-23 00:00:00
20/04/2025,PN-EQ-03	,23.4,0.6,7807.8,235.2,380.0,2025-04-21 00:00:00
10/05/2025,PN-EQ-07 ,24.0,0.0,6638.2,,350.0,2025-05-11 00:00:00
26/07/2025,PN_EQ_08,24.0,,9019.1,99.1,400.0,2025-07-27 00:00:00
24/01/2024,PN_EQ_09,24.0,0.0,5866.5,57.9,260.0,2024-01-25 00:00:00
28/10/2024,PN-EQ-09	,24.0,,5494.8,97.4,260.0,2024-10-29 00:00:00
29/06/2024, PN-EQ-02,24.0,0.0,9570.9,153.0,430.0,2024-06-30 00:00:00
17/03/2024,PNEQ03,17.2,6.8,6296.9,212.3,380.0,2024-03-18 00:00:00
08/12/2025, PN-EQ-09,24.0,0.0,5174.6,80.8,260.0,2025-12-09 00:00:00
15/06/2024,PN-EQ-06 ,24.0,0.0,7128.0,142.9,300.0,2024-06-16 00:00:00
12/05/2024,PN_EQ_02,22.0,2.0,9210.4,202.5,430.0,2024-05-13 00:00:00
14/05/2024,PN_EQ_06,16.0,8.0,4587.7,37.3,300.0,2024-05-15 00:00:00
25/09/2025,PNEQ08,24.0,0.0,8736.5,118.8,400.0,2025-09-26 00:00:00
04/02/2025,PN-EQ-07,24.0,0.0,7922.7,152.9,350.0,2025-02-05 00:00:00
04/11/2024,PN-EQ-01 ,24.0,,11524.3,203.6,520.0,2024-11-05 00:00:00
10/01/2024, PN-EQ-05,4.0,20.0,960.1,23.4,300.0,2024-01-11 00:00:00
25/06/2024,PN_EQ_02,24.0,0.0,9708.3,390.4,430.0,2024-06-26 00:00:00
05/01/2024,PN_EQ_07,24.0,0.0,7739.8,128.3,350.0,2024-01-06 00:00:00
02/02/2025,PN_EQ_05,24.0,0.0,6693.1,,300.0,2025-02-03 00:00:00
09/10/2024, PN-EQ-01,18.6,5.4,9214.0,193.7,520.0,2024-10-10 00:00:00
04/05/2024,PNEQ07,24.0,0.0,8182.8,258.5,350.0,2024-05-05 00:00:00
30/12/2025, PN-EQ-08,24.0,0.0,8348.1,243.6,400.0,2025-12-31 00:00:00
24/07/2024,PN-EQ-06 ,16.4,7.6,4330.9,132.5,300.0,2024-07-25 00:00:00
24/06/2024,PN-EQ-01,21.9,2.1,10679.3,216.6,520.0,2024-06-25 00:00:00
09/05/2024,PN_EQ_08,24.0,0.0,8656.1,113.0,400.0,2024-05-10 00:00:00
05/10/2025,PN-EQ-01 ,24.0,0.0,11524.8,171.2,520.0,2025-10-06 00:00:00
10/10/2025, PN-EQ-04,24.0,0.0,9441.4,170.7,460.0,2025-10-11 00:00:00
28/10/2024,pn-eq-10,24.0,0.0,11123.3,246.7,500.0,2024-10-29 00:00:00
07/02/2025,pn-eq-03,24.0,0.0,9028.8,154.3,380.0,2025-02-08 00:00:00
26/11/2025,PN-EQ-03,24.0,0.0,8267.6,134.7,380.0,2025-11-27 00:00:00
18/07/2025,PN-EQ-07	,24.0,0.0,7642.8,0.0,350.0,2025-07-19 00:00:00
26/10/2025, PN-EQ-01,24.0,0.0,11665.8,341.6,520.0,2025-10-27 00:00:00
10/08/2024, PN-EQ-04,24.0,0.0,10929.6,134.6,460.0,2024-08-11 00:00:00
26/08/2024,PN-EQ-02 ,24.0,0.0,9183.8,184.7,430.0,2024-08-27 00:00:00
10/05/2025,pn-eq-01,24.0,0.0,11204.8,274.0,520.0,2025-05-11 00:00:00
20/05/2025,PN_EQ_01,24.0,0.0,10417.2,297.1,520.0,2025-05-21 00:00:00
09/01/2025,PN-EQ-10	,24.0,0.0,11091.1,102.8,500.0,2025-01-10 00:00:00
01/10/2025,PN-EQ-05	,24.0,0.0,5817.0,95.2,300.0,2025-10-02 00:00:00
30/01/2025, PN-EQ-07,24.0,0.0,6104.6,170.3,350.0,2025-01-30 00:00:00
12/06/2024,PN-EQ-09	,22.8,1.2,4822.5,156.7,260.0,2024-06-13 00:00:00
17/02/2024,PN_EQ_05,24.0,0.0,6463.1,93.2,300.0,2024-02-18 00:00:00
10/11/2025,PN-EQ-08,24.0,0.0,8425.6,126.0,400.0,2025-11-11 00:00:00
23/05/2024,PNEQ09,24.0,0.0,5193.2,81.1,260.0,2024-05-24 00:00:00
01/09/2025,PN_EQ_04,24.0,0.0,9906.6,252.3,460.0,2025-09-02 00:00:00
29/03/2024,pn-eq-10,24.0,0.0,10769.1,311.4,500.0,2024-03-30 00:00:00
11/01/2024,PNEQ01,24.0,0.0,11461.3,171.0,520.0,2024-01-12 00:00:00
01/07/2024, PN-EQ-08,24.0,0.0,8356.9,224.6,400.0,2024-07-02 00:00:00
11/05/2025,pn-eq-10,22.6,1.4,10904.3,215.8,500.0,2025-05-12 00:00:00
29/09/2024,pn-eq-10,24.0,0.0,11880.0,268.1,500.0,2024-09-30 00:00:00
17/09/2025,pn-eq-06,24.0,0.0,6349.6,169.5,300.0,2025-09-18 00:00:00
18/02/2024,PN-EQ-02,24.0,0.0,9773.5,142.3,430.0,2024-02-19 00:00:00
12/01/2024,PN-EQ-04	,24.0,0.0,9989.1,84.0,460.0,2024-01-13 00:00:00
06/11/2025,pn-eq-04,24.0,0.0,9431.2,210.2,460.0,2025-11-07 00:00:00
07/03/2025, PN-EQ-01,24.0,0.0,10959.7,120.1,520.0,2025-03-08 00:00:00
24/10/2025,PN-EQ-09 ,24.0,0.0,5466.6,77.9,260.0,2025-10-25 00:00:00
02/02/2024,PN_EQ_09,18.8,5.2,4347.7,94.7,260.0,2024-02-03 00:00:00
09/01/2024,PN-EQ-10,22.7,1.3,9724.7,236.0,500.0,2024-01-10 00:00:00
20/04/2024,PN-EQ-04,24.0,0.0,10013.2,127.1,460.0,2024-04-21 00:00:00
10/04/2025,pn-eq-04,24.0,0.0,10375.2,185.3,460.0,2025-04-11 00:00:00
28/02/2024,pn-eq-06,24.0,0.0,6124.6,197.7,300.0,2024-02-29 00:00:00
14/08/2024,PN-EQ-07	,20.5,3.5,6193.0,190.4,350.0,2024-08-15 00:00:00
09/10/2024,PNEQ07,24.0,0.0,7563.0,126.4,350.0,2024-10-10 00:00:00
23/12/2025,pn-eq-03,24.0,0.0,7930.9,164.5,380.0,2025-12-24 00:00:00
23/02/2024,PN-EQ-01,24.0,0.0,10868.7,140.8,520.0,2024-02-24 00:00:00
25/02/2024, PN-EQ-02,24.0,0.0,9703.5,88.0,430.0,2024-02-26 00:00:00
05/02/2025, PN-EQ-08,24.0,0.0,8907.7,274.3,400.0,2025-02-06 00:00:00
27/05/2025,PN-EQ-04,24.0,0.0,10284.8,242.3,460.0,2025-05-28 00:00:00
31/08/2024, PN-EQ-04,24.0,0.0,9973.2,188.8,460.0,2024-09-01 00:00:00
17/06/2024,PN-EQ-02 ,4.0,20.0,1501.6,33.8,430.0,2024-06-18 00:00:00
26/05/2024,PNEQ01,24.0,0.0,10955.0,126.2,520.0,2024-05-27 00:00:00
14/11/2025,PNEQ02,24.0,0.0,9633.7,204.4,430.0,2025-11-15 00:00:00
29/12/2025,PNEQ01,24.0,0.0,10998.1,206.6,520.0,2025-12-30 00:00:00
18/10/2025,PN-EQ-09	,24.0,0.0,5981.9,63.2,260.0,2025-10-19 00:00:00
13/05/2024,PN-EQ-03 ,24.0,0.0,8203.3,93.1,380.0,2024-05-14 00:00:00
07/07/2025,PN-EQ-09 ,17.6,6.4,4219.8,73.3,260.0,2025-07-08 00:00:00
02/12/2025, PN-EQ-06,24.0,0.0,7118.2,96.0,300.0,2025-12-03 00:00:00
30/06/2025,PN-EQ-05,24.0,0.0,6824.1,122.4,300.0,2025-07-01 00:00:00
04/03/2025,PN-EQ-04,22.0,2.0,9813.0,,460.0,2025-03-05 00:00:00
27/05/2025,PN-EQ-02 ,24.0,0.0,9621.7,211.0,430.0,2025-05-28 00:00:00
13/06/2024,PN-EQ-09,24.0,0.0,4622.8,66.2,260.0,2024-06-14 00:00:00
12/02/2024,PN-EQ-06	,24.0,0.0,6329.6,59.2,300.0,2024-02-13 00:00:00
08/11/2025, PN-EQ-02,5.5,18.5,2265.1,44.6,430.0,2025-11-09 00:00:00
11/04/2025,pn-eq-03,24.0,0.0,7938.1,179.0,380.0,2025-04-12 00:00:00
01/01/2024,PN_EQ_08,24.0,0.0,8332.1,207.1,400.0,2024-01-02 00:00:00
02/04/2025, PN-EQ-03,24.0,0.0,8792.6,101.5,380.0,2025-04-03 00:00:00
03/02/2025,PNEQ09,24.0,0.0,5937.1,115.1,260.0,2025-02-04 00:00:00
22/11/2025, PN-EQ-02,18.9,5.1,7280.5,178.5,430.0,2025-11-23 00:00:00
14/10/2025,PNEQ01,24.0,,10465.7,116.7,520.0,2025-10-15 00:00:00
16/09/2025,PN-EQ-06,24.0,0.0,6534.2,107.0,300.0,2025-09-17 00:00:00
19/08/2024,PN-EQ-01 ,24.0,0.0,11833.4,354.0,520.0,2024-08-20 00:00:00
13/05/2024,PN_EQ_04,24.0,0.0,10591.6,223.8,460.0,2024-05-14 00:00:00
08/02/2024,PN-EQ-05,24.0,0.0,6094.0,156.2,300.0,2024-02-09 00:00:00
25/03/2024, PN-EQ-02,24.0,0.0,9501.0,202.2,430.0,2024-03-26 00:00:00
11/07/2025,PN-EQ-02,24.0,0.0,8777.3,138.7,430.0,2025-07-12 00:00:00
20/11/2024,PN-EQ-01,11.9,12.1,6068.6,141.2,520.0,2024-11-21 00:00:00
14/11/2024,PN-EQ-05	,15.1,8.9,3905.1,65.3,300.0,2024-11-12 00:00:00
21/04/2024,PN_EQ_07,24.0,0.0,7502.0,189.1,350.0,2024-04-22 00:00:00
26/07/2025, PN-EQ-02,24.0,0.0,9753.2,198.7,430.0,2025-07-27 00:00:00
27/05/2025,pn-eq-09,24.0,0.0,5683.5,129.2,260.0,2025-05-28 00:00:00
19/10/2025,PN-EQ-10 ,24.0,0.0,11001.1,187.8,500.0,2025-10-20 00:00:00
25/05/2025,pn-eq-09,24.0,0.0,5062.4,114.4,260.0,2025-05-26 00:00:00
24/10/2024,pn-eq-07,24.0,0.0,7536.0,127.0,350.0,2024-10-25 00:00:00
25/07/2024,PN-EQ-09,24.0,0.0,5504.0,11.9,260.0,2024-07-26 00:00:00
17/06/2024,PN-EQ-09 ,24.0,0.0,5307.7,52.1,260.0,2024-06-18 00:00:00
27/03/2024,PN_EQ_08,24.0,0.0,8045.6,108.3,400.0,2024-03-28 00:00:00
04/05/2024,PNEQ02,4.0,20.0,1529.7,0.0,430.0,2024-05-05 00:00:00
12/11/2025,PN-EQ-08,24.0,,7216.5,181.2,400.0,2025-11-11 00:00:00
03/09/2025,PN-EQ-01 ,24.0,0.0,10733.2,190.4,520.0,2025-09-04 00:00:00
12/05/2025,PN-EQ-02,24.0,0.0,10216.8,203.5,430.0,2025-05-13 00:00:00
30/07/2025, PN-EQ-10,24.0,0.0,10242.7,232.1,500.0,2025-07-31 00:00:00
22/02/2025,pn-eq-01,24.0,0.0,10467.9,210.1,520.0,2025-02-23 00:00:00
27/07/2024,PN-EQ-09,24.0,0.0,5654.6,93.7,260.0,2024-07-28 00:00:00
02/07/2025,PN-EQ-09,18.7,5.3,4813.4,123.4,260.0,2025-07-03 00:00:00
07/12/2024,PN-EQ-10,24.0,0.0,11059.5,99.4,500.0,2024-12-08 00:00:00
12/11/2024,PNEQ05,19.4,4.6,4988.9,169.3,300.0,2024-11-13 00:00:00
08/10/2024, PN-EQ-07,24.0,0.0,7156.0,248.0,350.0,2024-10-08 00:00:00
08/03/2025,PNEQ06,24.0,0.0,5817.3,219.6,300.0,2025-03-06 00:00:00
22/02/2024,pn-eq-01,24.0,0.0,11737.4,244.5,520.0,2024-02-23 00:00:00
08/08/2025,PN-EQ-08,24.0,0.0,9196.5,41.9,400.0,2025-08-09 00:00:00
13/12/2025,PN-EQ-05 ,24.0,0.0,6580.3,112.8,300.0,2025-12-14 00:00:00
07/08/2024,PN-EQ-05 ,24.0,0.0,6620.5,85.3,300.0,2024-08-08 00:00:00
13/08/2024,PN_EQ_06,24.0,0.0,6411.8,129.8,300.0,2024-08-14 00:00:00
30/01/2025, PN-EQ-01,23.0,1.0,10430.3,191.5,520.0,2025-01-31 00:00:00
11/04/2024,PN_EQ_09,24.0,0.0,5507.2,134.2,260.0,2024-04-12 00:00:00
08/12/2025,PN-EQ-10	,24.0,0.0,10109.9,200.4,500.0,2025-12-09 00:00:00
10/07/2024,PN_EQ_05,24.0,0.0,6105.8,100.6,300.0,2024-07-11 00:00:00
22/08/2025,PN-EQ-06,24.0,0.0,6348.4,167.9,300.0,2025-08-23 00:00:00
04/04/2024,PN_EQ_01,19.4,4.6,9127.5,201.4,520.0,2024-04-05 00:00:00
04/01/2024,PN-EQ-04,17.9,6.1,7129.3,0.0,460.0,2024-01-05 00:00:00
18/07/2024,PN-EQ-10 ,24.0,0.0,11062.8,175.8,500.0,2024-07-19 00:00:00
02/06/2024,PN-EQ-06,24.0,0.0,5900.7,101.7,300.0,2024-06-03 00:00:00
31/12/2025,PNEQ02,24.0,0.0,8961.4,211.6,430.0,2026-01-01 00:00:00
07/04/2024, PN-EQ-08,24.0,0.0,8852.1,166.7,400.0,2024-04-08 00:00:00
01/12/2024,pn-eq-06,24.0,0.0,6181.9,148.1,300.0,2024-12-02 00:00:00
18/12/2024,PN-EQ-07,24.0,0.0,6699.1,143.7,350.0,2024-12-19 00:00:00
19/04/2025,PN-EQ-03,24.0,0.0,7785.0,192.9,380.0,2025-04-20 00:00:00
31/10/2024,pn-eq-10,24.0,0.0,10087.7,218.2,500.0,2024-11-01 00:00:00
09/07/2024,PN_EQ_08,24.0,0.0,8857.8,144.8,400.0,2024-07-10 00:00:00
18/10/2024, PN-EQ-03,24.0,0.0,7506.6,131.2,380.0,2024-10-16 00:00:00
05/08/2024, PN-EQ-03,23.5,0.5,8343.9,294.7,380.0,2024-08-06 00:00:00
03/12/2025,PN-EQ-02,24.0,0.0,9585.8,,430.0,2025-12-04 00:00:00
08/04/2025,PN-EQ-03 ,24.0,0.0,8153.8,223.0,380.0,2025-04-09 00:00:00
10/09/2025,PN_EQ_08,24.0,0.0,9120.3,316.4,400.0,2025-09-11 00:00:00
29/01/2025,pn-eq-03,21.5,2.5,6887.7,50.5,380.0,2025-01-30 00:00:00
31/12/2025, PN-EQ-09,24.0,0.0,5842.4,124.1,260.0,2026-01-01 00:00:00
12/09/2024,pn-eq-07,24.0,0.0,7500.5,239.2,350.0,2024-09-13 00:00:00
26/08/2024,pn-eq-04,24.0,0.0,9572.2,80.7,460.0,2024-08-27 00:00:00
26/01/2024,PNEQ06,24.0,,7004.3,162.5,300.0,2024-01-27 00:00:00
09/03/2025,PN-EQ-05,24.0,0.0,6128.7,118.9,300.0,2025-03-10 00:00:00
25/06/2024,PN-EQ-10 ,24.0,0.0,11208.8,363.2,500.0,2024-06-26 00:00:00
15/03/2024,PN-EQ-03 ,24.0,0.0,8097.0,198.2,380.0,2024-03-16 00:00:00
10/05/2024,PN-EQ-02,23.0,1.0,9658.9,146.3,430.0,2024-05-11 00:00:00
18/12/2024,PN-EQ-09	,24.0,0.0,5758.0,145.3,260.0,2024-12-19 00:00:00
06/11/2024,PN-EQ-07	,18.6,5.4,5543.6,100.7,350.0,2024-11-07 00:00:00
30/07/2025,PN-EQ-04 ,20.2,3.8,8184.6,157.5,460.0,2025-07-31 00:00:00
07/06/2024,PN-EQ-02,24.0,0.0,9492.7,101.4,430.0,2024-06-08 00:00:00
22/02/2025, PN-EQ-07,24.0,0.0,7796.6,213.8,350.0,2025-02-23 00:00:00
22/11/2025, PN-EQ-07,24.0,0.0,7276.9,190.1,350.0,2025-11-23 00:00:00
23/12/2025,PN-EQ-07,14.2,9.8,4253.8,76.9,350.0,2025-12-24 00:00:00
07/01/2024,pn-eq-06,24.0,0.0,6427.2,,300.0,2024-01-08 00:00:00
11/04/2024,pn-eq-08,24.0,0.0,8198.3,180.9,400.0,2024-04-10 00:00:00
15/10/2025,PN-EQ-02	,21.1,2.9,8126.6,147.8,430.0,2025-10-16 00:00:00
08/03/2024,PN_EQ_05,24.0,0.0,6740.8,117.0,300.0,2024-03-09 00:00:00
22/12/2024,PNEQ04,24.0,0.0,10022.6,225.0,460.0,2024-12-23 00:00:00
27/12/2024,PNEQ02,24.0,0.0,9773.1,186.0,430.0,2024-12-28 00:00:00
29/03/2025,PN-EQ-06	,24.0,0.0,5844.5,60.6,300.0,2025-03-30 00:00:00
07/04/2024,PN-EQ-01	,24.0,0.0,11050.7,266.0,520.0,2024-04-08 00:00:00
07/11/2025,PN-EQ-07,24.0,0.0,7862.5,118.3,350.0,2025-11-08 00:00:00
11/04/2024,PN_EQ_05,24.0,0.0,5586.9,69.9,300.0,2024-04-10 00:00:00
02/07/2025,PN-EQ-04 ,16.7,7.3,7257.8,135.8,460.0,2025-07-03 00:00:00
17/10/2024,PN_EQ_02,22.3,1.7,8998.9,130.9,430.0,2024-10-18 00:00:00
08/02/2024,PNEQ02,24.0,0.0,9304.8,119.6,430.0,2024-02-09 00:00:00
29/05/2024,PN-EQ-01 ,24.0,0.0,11368.3,228.8,520.0,2024-05-30 00:00:00
05/05/2025,PN_EQ_02,24.0,0.0,9268.7,92.8,430.0,2025-05-06 00:00:00
07/12/2024, PN-EQ-04,4.0,20.0,1728.6,46.7,460.0,2024-12-08 00:00:00
07/06/2025,PN_EQ_04,21.4,2.6,8738.4,208.2,460.0,2025-07-07 00:00:00
29/09/2025,PN-EQ-07	,24.0,0.0,6660.1,155.1,350.0,2025-09-28 00:00:00
01/01/2025,PN-EQ-03 ,23.4,0.6,8485.3,209.9,380.0,2025-01-02 00:00:00
03/12/2024,PN_EQ_03,24.0,0.0,7813.7,271.0,380.0,2024-12-04 00:00:00
20/06/2025,PNEQ01,15.6,8.4,7379.8,171.6,520.0,2025-06-21 00:00:00
21/08/2024,PN-EQ-08	,24.0,0.0,9094.5,87.7,400.0,2024-08-22 00:00:00
15/05/2025,PN-EQ-05	,24.0,0.0,6518.5,176.7,300.0,2025-05-16 00:00:00
10/07/2024,PN-EQ-07	,24.0,0.0,7332.3,271.4,350.0,2024-07-11 00:00:00
26/07/2025,PN_EQ_03,24.0,0.0,8744.9,195.6,380.0,2025-07-27 00:00:00
05/08/2025,pn-eq-08,24.0,0.0,8920.0,201.4,400.0,2025-08-06 00:00:00
02/01/2026,PN_EQ_02,24.0,0.0,9153.6,203.1,430.0,2026-01-03 00:00:00
13/01/2024,pn-eq-06,24.0,0.0,5944.6,89.8,300.0,2024-01-14 00:00:00
12/08/2024,PNEQ09,24.0,0.0,5778.7,78.0,260.0,2024-08-13 00:00:00
08/02/2025, PN-EQ-09,24.0,0.0,5217.5,39.7,260.0,2025-02-09 00:00:00
08/02/2025,PN-EQ-10 ,17.0,7.0,7432.0,66.8,500.0,2025-02-09 00:00:00
29/06/2025,PN-EQ-06	,24.0,0.0,5956.5,103.2,300.0,2025-06-30 00:00:00
14/01/2024,PN_EQ_01,24.0,0.0,10906.6,374.8,520.0,2024-01-15 00:00:00
20/08/2025,PN-EQ-02	,24.0,0.0,8261.2,161.7,430.0,2025-08-20 00:00:00
14/12/2024,PN-EQ-10,24.0,0.0,10891.8,298.5,500.0,2024-12-15 00:00:00
14/08/2024,PN-EQ-09,24.0,0.0,5900.8,156.8,260.0,2024-08-15 00:00:00
17/02/2025, PN-EQ-02,24.0,0.0,9190.6,122.6,430.0,2025-02-18 00:00:00
30/10/2024,pn-eq-02,24.0,0.0,8983.7,289.5,430.0,2024-10-31 00:00:00
22/01/2025,PN-EQ-05,24.0,,6240.7,184.4,300.0,2025-01-23 00:00:00
16/09/2025,PNEQ04,24.0,0.0,9617.2,169.1,460.0,2025-09-17 00:00:00
12/03/2024,pn-eq-10,24.0,0.0,10770.3,340.9,500.0,2024-03-13 00:00:00
13/12/2024,PN-EQ-07 ,24.0,0.0,7637.9,105.9,350.0,2024-12-14 00:00:00
04/08/2024,PN-EQ-10	,12.0,12.0,5272.6,98.0,500.0,2024-08-05 00:00:00
18/03/2024,PN_EQ_09,24.0,0.0,5356.1,114.0,260.0,2024-03-19 00:00:00
10/12/2025,PN-EQ-08,11.8,12.2,4399.6,92.2,400.0,2025-12-11 00:00:00
11/02/2024,PN_EQ_03,24.0,0.0,6948.2,128.8,380.0,2024-02-11 00:00:00
11/06/2025,PN_EQ_01,24.0,0.0,11644.0,250.1,520.0,2025-06-12 00:00:00
06/07/2024, PN-EQ-03,24.0,0.0,7902.1,111.4,380.0,2024-07-07 00:00:00
31/05/2024,PN-EQ-09,24.0,0.0,5460.9,155.5,260.0,2024-06-01 00:00:00
24/11/2024, PN-EQ-06,4.0,,1079.5,,300.0,2024-11-25 00:00:00
02/08/2025,pn-eq-03,24.0,0.0,7919.9,196.4,380.0,2025-08-03 00:00:00
24/10/2024,PN-EQ-09,24.0,0.0,5400.9,131.5,260.0,2024-10-25 00:00:00
26/11/2024,PN-EQ-06 ,24.0,0.0,6096.0,81.4,300.0,2024-11-27 00:00:00
21/08/2025,PN-EQ-07	,24.0,0.0,8061.7,160.7,350.0,2025-08-22 00:00:00
16/08/2024,PN-EQ-06	,24.0,0.0,6935.4,167.4,300.0,2024-08-17 00:00:00
01/05/2025,pn-eq-02,24.0,0.0,9838.6,124.7,430.0,2025-05-02 00:00:00
23/05/2025, PN-EQ-04,24.0,0.0,8885.9,127.2,460.0,2025-05-24 00:00:00
19/03/2024,pn-eq-02,24.0,0.0,8929.5,165.7,430.0,2024-03-20 00:00:00
18/05/2025,PN_EQ_01,24.0,0.0,11224.5,206.8,520.0,2025-05-19 00:00:00
27/01/2025,PN-EQ-02 ,19.0,5.0,7179.4,80.6,430.0,2025-01-28 00:00:00
24/03/2024,PN_EQ_07,24.0,0.0,7443.2,110.8,350.0,2024-03-25 00:00:00
07/06/2025,PN-EQ-09	,22.7,1.3,5007.3,224.2,260.0,2025-06-06 00:00:00
09/08/2025,PN-EQ-05	,24.0,0.0,6318.1,80.0,300.0,2025-08-10 00:00:00
20/09/2025,PNEQ08,24.0,0.0,8221.3,235.1,400.0,2025-09-21 00:00:00
21/01/2024,PN-EQ-10,24.0,0.0,10215.1,321.4,500.0,2024-01-22 00:00:00
11/11/2025,PN-EQ-07 ,24.0,0.0,7967.2,136.4,350.0,2025-11-12 00:00:00
24/03/2025, PN-EQ-06,24.0,0.0,5939.6,99.4,300.0,2025-03-25 00:00:00
21/10/2025,PN-EQ-02	,21.9,2.1,8584.2,243.0,430.0,2025-10-22 00:00:00
15/11/2025,PN_EQ_09,24.0,0.0,5706.0,77.2,260.0,2025-11-16 00:00:00
13/01/2025,PN-EQ-06	,24.0,0.0,6563.4,136.9,300.0,2025-01-14 00:00:00
24/09/2025,PN-EQ-03 ,24.0,0.0,8530.4,195.1,380.0,2025-09-25 00:00:00
09/01/2025,pn-eq-07,24.0,0.0,6968.6,155.9,350.0,2025-01-10 00:00:00
10/09/2025,PN-EQ-01 ,24.0,0.0,10670.8,301.3,520.0,2025-09-11 00:00:00
27/10/2025,PN-EQ-04	,24.0,0.0,9624.4,267.8,460.0,2025-10-28 00:00:00
14/12/2024,PNEQ09,24.0,0.0,5889.2,80.4,260.0,2024-12-15 00:00:00
25/08/2025,pn-eq-01,24.0,0.0,11785.7,252.7,520.0,2025-08-26 00:00:00
03/06/2025,PN-EQ-09,22.9,1.1,5178.7,112.2,260.0,2025-06-04 00:00:00
19/01/2024,PN-EQ-07,24.0,0.0,7877.5,129.3,350.0,2024-01-20 00:00:00
27/08/2025,PN_EQ_05,22.7,1.3,6255.0,61.1,300.0,2025-08-28 00:00:00
21/07/2025,PN-EQ-09 ,15.7,8.3,3544.7,70.1,260.0,2025-07-22 00:00:00
01/09/2024,PNEQ10,24.0,0.0,10002.0,169.6,500.0,2024-09-02 00:00:00
07/12/2025,PN-EQ-03 ,24.0,0.0,8487.0,334.7,380.0,2025-12-08 00:00:00
05/06/2025,PN-EQ-04 ,24.0,0.0,9714.8,212.9,460.0,2025-06-06 00:00:00
28/05/2025,pn-eq-10,24.0,0.0,9813.6,,500.0,2025-05-29 00:00:00
28/02/2025,PN-EQ-04 ,15.0,9.0,6182.3,156.7,460.0,2025-03-01 00:00:00
13/02/2024,PNEQ08,21.0,3.0,7403.8,137.1,400.0,2024-02-14 00:00:00
17/03/2024,pn-eq-05,24.0,0.0,6620.0,181.9,300.0,2024-03-18 00:00:00
11/03/2024, PN-EQ-09,24.0,0.0,5216.4,68.1,260.0,2024-03-12 00:00:00
28/06/2025,PN-EQ-04	,24.0,0.0,10314.2,154.9,460.0,2025-06-29 00:00:00
30/08/2024, PN-EQ-01,24.0,0.0,11294.6,319.3,520.0,2024-08-31 00:00:00
11/01/2025,PN_EQ_10,24.0,0.0,9104.6,116.2,500.0,2025-01-12 00:00:00
13/03/2024,PN-EQ-06 ,24.0,0.0,6064.9,150.2,300.0,2024-03-14 00:00:00
24/01/2025,PNEQ04,15.1,8.9,6417.0,129.3,460.0,2025-01-25 00:00:00
17/04/2024,PN-EQ-01 ,21.4,2.6,10061.1,118.2,520.0,2024-04-18 00:00:00
13/01/2025,PN-EQ-09	,24.0,0.0,5832.6,76.3,260.0,2025-01-14 00:00:00
05/07/2025,pn-eq-08,24.0,0.0,9504.0,221.7,400.0,2025-07-06 00:00:00
20/12/2024,pn-eq-01,18.9,5.1,9095.5,185.0,520.0,2024-12-21 00:00:00
18/06/2025,PNEQ04,24.0,0.0,9749.1,153.3,460.0,2025-06-19 00:00:00
08/07/2025,pn-eq-10,4.0,20.0,1887.1,55.3,500.0,2025-07-09 00:00:00
08/05/2025,pn-eq-02,4.0,20.0,1496.8,38.3,430.0,2025-05-09 00:00:00
27/07/2025,pn-eq-07,23.5,0.5,7299.2,78.4,350.0,2025-07-28 00:00:00
17/02/2025,pn-eq-08,24.0,0.0,8041.7,,400.0,2025-02-18 00:00:00
08/04/2025,PN-EQ-01	,21.4,2.6,10264.4,181.9,520.0,2025-04-09 00:00:00
21/02/2025,PN_EQ_08,22.4,1.6,8091.8,236.5,400.0,2025-02-22 00:00:00
21/06/2024,pn-eq-10,24.0,0.0,10204.3,192.5,500.0,2024-06-22 00:00:00
07/03/2025,PNEQ10,24.0,0.0,10510.4,312.6,500.0,2025-03-08 00:00:00
27/05/2024,PN-EQ-02,24.0,0.0,9152.6,121.0,430.0,2024-05-28 00:00:00
20/06/2024,pn-eq-10,24.0,0.0,10697.3,213.9,500.0,2024-06-21 00:00:00
25/07/2024,PN_EQ_10,24.0,0.0,9918.9,206.8,500.0,2024-07-26 00:00:00
25/09/2024,PN-EQ-02,21.2,2.8,8339.1,205.4,430.0,2024-09-26 00:00:00
10/02/2025,PN_EQ_04,24.0,0.0,10316.4,181.9,460.0,2025-02-11 00:00:00
21/10/2025,PN-EQ-05	,24.0,0.0,6045.0,83.7,300.0,2025-10-22 00:00:00
17/02/2024,PN-EQ-06	,24.0,0.0,6125.1,169.7,300.0,2024-02-18 00:00:00
15/01/2024,pn-eq-10,18.9,5.1,8385.2,70.8,500.0,2024-01-16 00:00:00
08/04/2024, PN-EQ-09,24.0,0.0,5414.1,133.7,260.0,2024-04-09 00:00:00
02/02/2025,PN-EQ-08	,20.9,3.1,6990.2,135.2,400.0,2025-02-03 00:00:00
06/06/2024,PN_EQ_09,21.8,2.2,5325.0,148.3,260.0,2024-06-07 00:00:00
10/12/2025,PN-EQ-01	,16.9,7.1,7394.7,236.8,520.0,2025-12-11 00:00:00
28/04/2024,PNEQ10,24.0,0.0,10357.5,100.1,500.0,2024-04-29 00:00:00
30/08/2024,PN_EQ_10,24.0,0.0,11475.8,157.8,500.0,2024-08-31 00:00:00
02/01/2024,PN-EQ-06 ,24.0,0.0,6386.8,142.4,300.0,2024-01-03 00:00:00
31/07/2025,PN_EQ_04,24.0,0.0,8761.2,165.9,460.0,2025-08-01 00:00:00
09/01/2026,PN-EQ-09 ,24.0,0.0,5083.8,116.1,260.0,2026-01-10 00:00:00
16/04/2025, PN-EQ-10,24.0,0.0,9744.9,143.8,500.0,2025-04-17 00:00:00
03/05/2024, PN-EQ-02,20.3,3.7,7664.9,,430.0,2024-05-04 00:00:00
22/05/2024,PN-EQ-02 ,19.4,4.6,6859.9,156.7,430.0,2024-05-23 00:00:00
05/01/2024,PNEQ09,23.2,0.8,5314.2,80.0,260.0,2024-01-06 00:00:00
17/01/2024,pn-eq-03,16.5,7.5,5558.1,73.5,380.0,2024-01-18 00:00:00
07/10/2025,PN-EQ-01,14.6,9.4,6525.0,158.9,520.0,2025-10-08 00:00:00
16/04/2025,PN-EQ-04 ,24.0,0.0,9909.1,248.7,460.0,2025-04-17 00:00:00
20/02/2024,pn-eq-06,24.0,0.0,6733.0,203.8,300.0,2024-02-21 00:00:00
19/11/2025,PN-EQ-09,24.0,0.0,5405.0,153.4,260.0,2025-11-20 00:00:00
10/02/2024, PN-EQ-03,24.0,0.0,8563.5,145.7,380.0,2024-02-11 00:00:00
26/03/2025,PN-EQ-05	,15.7,8.3,4336.7,89.7,300.0,2025-03-27 00:00:00
02/04/2025,pn-eq-01,24.0,0.0,12078.6,,520.0,2025-04-03 00:00:00
12/05/2024,PN-EQ-08 ,24.0,0.0,8949.2,144.1,400.0,2024-05-13 00:00:00
24/11/2025,PN-EQ-06	,24.0,0.0,6717.5,128.5,300.0,2025-11-25 00:00:00
29/05/2025, PN-EQ-09,24.0,0.0,5388.2,77.7,260.0,2025-05-27 00:00:00
07/10/2024,PN-EQ-02	,24.0,0.0,9402.1,189.2,430.0,2024-10-08 00:00:00
17/05/2025,PN-EQ-10 ,24.0,0.0,11365.8,254.1,500.0,2025-05-18 00:00:00
07/07/2025,pn-eq-06,24.0,0.0,6923.5,120.4,300.0,2025-07-08 00:00:00
09/05/2024,PN_EQ_01,24.0,0.0,10203.1,211.5,520.0,2024-05-10 00:00:00
08/01/2024,PN-EQ-02	,24.0,0.0,9042.5,291.8,430.0,2024-01-09 00:00:00
13/11/2025,pn-eq-03,24.0,0.0,7673.6,217.3,380.0,2025-11-14 00:00:00
22/10/2025,pn-eq-04,11.6,12.4,4787.9,64.8,460.0,2025-10-23 00:00:00
25/05/2024,PN_EQ_02,24.0,0.0,9625.8,104.3,430.0,2024-05-26 00:00:00
06/06/2025,PN_EQ_10,24.0,0.0,9321.4,76.4,500.0,2025-06-07 00:00:00
18/04/2024,PN-EQ-01,24.0,,10996.8,217.8,520.0,2024-04-19 00:00:00
26/01/2025,PN-EQ-09	,24.0,0.0,5602.6,150.6,260.0,2025-01-27 00:00:00
08/12/2025,PN_EQ_04,24.0,0.0,10713.9,260.8,460.0,2025-12-09 00:00:00
19/03/2025,PN-EQ-02	,24.0,,7825.8,151.6,430.0,2025-03-19 00:00:00
30/12/2024,PN-EQ-04	,24.0,0.0,9938.5,245.9,460.0,2024-12-31 00:00:00
19/02/2025,PN-EQ-05,24.0,0.0,7128.0,103.5,300.0,2025-02-20 00:00:00
29/11/2025,pn-eq-06,24.0,0.0,7128.0,128.7,300.0,2025-11-30 00:00:00
17/01/2025,PNEQ03,24.0,0.0,7325.1,,380.0,2025-01-18 00:00:00
12/11/2024,PN-EQ-09	,24.0,0.0,5560.3,104.4,260.0,2024-11-13 00:00:00
14/06/2024,PN_EQ_01,24.0,0.0,12002.5,198.3,520.0,2024-06-15 00:00:00
27/04/2025,PN-EQ-08,24.0,0.0,8688.2,213.6,400.0,2025-04-28 00:00:00
24/08/2024,PN_EQ_03,24.0,0.0,8734.7,,380.0,2024-08-25 00:00:00
20/09/2024,PN-EQ-01,21.6,2.4,11016.2,254.9,520.0,2024-09-21 00:00:00
12/04/2024, PN-EQ-03,24.0,0.0,7862.0,120.5,380.0,2024-04-13 00:00:00
05/12/2024,PN-EQ-05 ,24.0,0.0,7128.0,129.2,300.0,2024-12-06 00:00:00
10/07/2024,PN_EQ_03,24.0,0.0,8863.1,147.5,380.0,2024-07-11 00:00:00
13/03/2025,PN-EQ-06	,24.0,,6191.3,167.7,300.0,2025-03-14 00:00:00
28/08/2025,PN-EQ-03	,24.0,0.0,7794.7,,380.0,2025-08-29 00:00:00
24/09/2024,PN-EQ-06	,24.0,0.0,6492.0,195.6,300.0,2024-09-25 00:00:00
10/09/2025,PN_EQ_07,18.4,5.6,5928.0,92.6,350.0,2025-09-11 00:00:00
06/09/2024,PN-EQ-01,24.0,0.0,11530.5,167.6,520.0,2024-09-07 00:00:00
29/03/2024,PN-EQ-05,12.8,11.2,3425.2,,300.0,2024-03-30 00:00:00
11/10/2025,pn-eq-02,24.0,0.0,9581.4,152.9,430.0,2025-10-12 00:00:00
02/10/2025,PN-EQ-05 ,24.0,0.0,7096.2,105.7,300.0,2025-10-03 00:00:00
26/09/2025,PN-EQ-08	,24.0,0.0,8185.9,147.5,400.0,2025-09-27 00:00:00
27/09/2025,PN-EQ-03,24.0,0.0,8668.7,83.8,380.0,2025-09-28 00:00:00
18/04/2025,PN_EQ_08,22.1,1.9,8639.6,64.3,400.0,2025-04-19 00:00:00
25/06/2025,PN-EQ-07,24.0,0.0,7343.5,160.6,350.0,2025-06-26 00:00:00
10/04/2024,PN_EQ_07,24.0,0.0,7509.6,223.8,350.0,2024-04-11 00:00:00
04/04/2024,PNEQ09,24.0,0.0,5443.5,69.9,260.0,2024-04-05 00:00:00
11/07/2025,PNEQ01,24.0,0.0,11929.8,392.6,520.0,2025-07-12 00:00:00
04/01/2025,pn-eq-03,24.0,0.0,8249.9,108.0,380.0,2025-01-05 00:00:00
16/12/2025,PN-EQ-10	,21.7,2.3,10395.0,139.3,500.0,2025-12-17 00:00:00
21/08/2024,PNEQ05,24.0,0.0,6260.6,199.7,300.0,2024-08-22 00:00:00
15/03/2024,pn-eq-09,24.0,0.0,5583.8,74.7,260.0,2024-03-16 00:00:00
17/12/2025, PN-EQ-05,24.0,0.0,5910.8,58.6,300.0,2025-12-18 00:00:00
09/10/2025,PN-EQ-10,24.0,0.0,11208.9,187.3,500.0,2025-10-10 00:00:00
17/10/2025,PN-EQ-01,24.0,0.0,11498.1,196.8,520.0,2025-10-18 00:00:00
07/09/2025,PN-EQ-02,22.4,1.6,8091.2,232.2,430.0,2025-09-08 00:00:00
23/03/2024,PN-EQ-03	,24.0,,8368.1,126.8,380.0,2024-03-24 00:00:00
24/05/2024,PN_EQ_04,24.0,0.0,10302.8,252.3,460.0,2024-05-25 00:00:00
30/08/2024,pn-eq-02,18.8,5.2,7579.5,154.2,430.0,2024-08-31 00:00:00
02/08/2025,PNEQ04,24.0,0.0,9373.8,278.5,460.0,2025-02-09 00:00:00
07/04/2025,PN-EQ-03,24.0,0.0,8191.0,133.4,380.0,2025-04-08 00:00:00
15/09/2024, PN-EQ-09,24.0,0.0,4675.3,99.6,260.0,2024-09-15 00:00:00
16/12/2024,PN_EQ_05,24.0,0.0,6517.4,60.4,300.0,2024-12-17 00:00:00
24/01/2025,PN_EQ_02,19.9,4.1,7684.6,200.1,430.0,2025-01-25 00:00:00
18/05/2025,PN-EQ-03 ,24.0,0.0,8045.3,130.6,380.0,2025-05-19 00:00:00
06/11/2025,PNEQ03,24.0,0.0,7721.8,151.1,380.0,2025-11-07 00:00:00
10/06/2024,PN-EQ-09,24.0,0.0,5668.9,195.8,260.0,2024-06-11 00:00:00
18/02/2025,PN-EQ-07,24.0,0.0,6869.2,97.8,350.0,2025-02-19 00:00:00
18/10/2024,PN-EQ-04,24.0,0.0,9196.0,312.8,460.0,2024-10-19 00:00:00
30/03/2024,pn-eq-02,24.0,0.0,9149.4,0.8,430.0,2024-03-31 00:00:00
17/02/2024,PN-EQ-01	,24.0,0.0,11633.2,209.5,520.0,2024-02-18 00:00:00
18/03/2025,PNEQ08,24.0,,8590.9,159.6,400.0,2025-03-19 00:00:00
04/06/2025,PN_EQ_07,22.4,1.6,7271.0,194.8,350.0,2025-06-05 00:00:00
15/12/2024,PN-EQ-05,24.0,0.0,6731.8,73.9,300.0,2024-12-16 00:00:00
14/04/2024,PN-EQ-10	,24.0,0.0,11004.4,381.2,500.0,2024-04-15 00:00:00
13/01/2024,PN-EQ-05	,24.0,0.0,6847.0,136.6,300.0,2024-01-14 00:00:00
13/10/2024,PNEQ01,24.0,0.0,10722.4,,520.0,2024-10-14 00:00:00
25/06/2024,pn-eq-04,24.0,0.0,10281.7,162.2,460.0,2024-06-26 00:00:00
01/07/2024, PN-EQ-10,24.0,0.0,10593.1,255.2,500.0,2024-07-02 00:00:00
03/03/2024,PN-EQ-05 ,24.0,0.0,7068.1,181.5,300.0,2024-03-04 00:00:00
15/01/2024,pn-eq-05,15.4,8.6,3873.0,56.3,300.0,2024-01-16 00:00:00
17/10/2024,PNEQ01,24.0,0.0,11069.3,247.4,520.0,2024-10-18 00:00:00
23/04/2025, PN-EQ-05,24.0,0.0,6699.2,,300.0,2025-04-24 00:00:00
27/10/2025,PN_EQ_07,24.0,0.0,7374.3,153.5,350.0,2025-10-28 00:00:00
22/02/2024,PN-EQ-10	,24.0,0.0,11055.2,205.4,500.0,2024-02-23 00:00:00
22/02/2025,PN-EQ-06	,24.0,0.0,6522.7,221.7,300.0,2025-02-23 00:00:00
14/08/2025,PN-EQ-03,15.8,8.2,5180.2,137.3,380.0,2025-08-15 00:00:00
30/06/2024,PN-EQ-01 ,24.0,0.0,11144.5,263.1,520.0,2024-07-01 00:00:00
26/09/2025,PNEQ05,24.0,0.0,6297.7,73.5,300.0,2025-09-27 00:00:00
11/08/2024,pn-eq-04,24.0,0.0,9048.2,233.9,460.0,2024-08-12 00:00:00
06/12/2025,PN_EQ_05,24.0,0.0,6536.6,70.2,300.0,2025-12-07 00:00:00
24/09/2024,pn-eq-10,9.5,14.5,4565.0,60.6,500.0,2024-09-25 00:00:00
03/05/2025,PN-EQ-08,24.0,0.0,8721.4,117.6,400.0,2025-05-04 00:00:00
19/02/2024,pn-eq-10,21.1,2.9,9318.1,214.5,500.0,2024-02-20 00:00:00
08/04/2025,PN-EQ-09	,24.0,0.0,5986.7,93.1,260.0,2025-04-09 00:00:00
03/11/2025,PN_EQ_05,24.0,0.0,7128.0,167.6,300.0,2025-11-04 00:00:00
16/12/2024,PNEQ01,23.5,0.5,9530.8,233.4,520.0,2024-12-17 00:00:00
14/11/2025,pn-eq-05,24.0,0.0,6965.3,146.5,300.0,2025-11-15 00:00:00
18/08/2024,PN-EQ-03	,24.0,0.0,9028.8,225.6,380.0,2024-08-19 00:00:00
05/05/2024,PN-EQ-03,24.0,0.0,7691.6,119.9,380.0,2024-05-06 00:00:00
19/08/2024,PN_EQ_03,17.4,6.6,5928.2,75.7,380.0,2024-08-20 00:00:00
24/05/2024,PN-EQ-07,24.0,0.0,7983.0,64.1,350.0,2024-05-25 00:00:00
05/05/2025,PN-EQ-07	,24.0,0.0,7399.3,127.3,350.0,2025-05-06 00:00:00
19/12/2024, PN-EQ-03,24.0,0.0,7904.7,214.3,380.0,2024-12-20 00:00:00
11/01/2024,PN-EQ-04,24.0,0.0,9293.3,19.8,460.0,2024-01-12 00:00:00
26/06/2025, PN-EQ-08,24.0,0.0,8876.3,187.9,400.0,2025-06-27 00:00:00
17/11/2024,PNEQ05,24.0,0.0,5613.3,92.5,300.0,2024-11-18 00:00:00
09/03/2024,PN-EQ-06,24.0,0.0,6595.8,238.0,300.0,2024-03-10 00:00:00
24/01/2024,PN-EQ-10,24.0,0.0,10584.2,190.7,500.0,2024-01-25 00:00:00
22/04/2024, PN-EQ-03,24.0,0.0,8485.2,327.4,380.0,2024-04-23 00:00:00
08/08/2025,PN-EQ-06,24.0,0.0,6528.2,79.9,300.0,2025-08-09 00:00:00
21/01/2025,PN_EQ_05,24.0,0.0,6460.4,96.0,300.0,2025-01-22 00:00:00
12/08/2025,PN-EQ-08,24.0,0.0,8575.1,149.8,400.0,2025-08-13 00:00:00
27/09/2024,PNEQ05,24.0,0.0,7128.0,292.4,300.0,2024-09-28 00:00:00
14/06/2024,PN-EQ-09,24.0,0.0,6064.9,111.3,260.0,2024-06-15 00:00:00
21/04/2024,PN-EQ-02 ,24.0,0.0,9453.9,225.7,430.0,2024-04-22 00:00:00
22/05/2024,PN-EQ-07,24.0,0.0,7801.5,221.0,350.0,2024-05-23 00:00:00
04/02/2024,PN-EQ-03	,24.0,0.0,7655.2,69.3,380.0,2024-02-05 00:00:00
07/07/2024,pn-eq-01,24.0,0.0,11436.4,204.6,520.0,2024-07-08 00:00:00
14/08/2025,pn-eq-02,24.0,0.0,9865.7,298.0,430.0,2025-08-15 00:00:00
27/03/2025,pn-eq-03,24.0,0.0,8389.2,138.5,380.0,2025-03-28 00:00:00
10/10/2025,PN-EQ-08,24.0,0.0,9269.3,285.2,400.0,2025-10-11 00:00:00
23/05/2024,PNEQ05,24.0,0.0,6957.9,125.2,300.0,2024-05-24 00:00:00
04/09/2025, PN-EQ-09,24.0,0.0,5660.9,123.5,260.0,2025-09-05 00:00:00
25/04/2024, PN-EQ-10,24.0,0.0,10202.7,258.7,500.0,2024-04-26 00:00:00
25/07/2024,PN-EQ-04	,16.9,7.1,6684.4,137.9,460.0,2024-07-26 00:00:00
13/01/2025,PN-EQ-05 ,24.0,0.0,6874.6,157.3,300.0,2025-01-14 00:00:00
02/05/2025,PN-EQ-04	,12.5,11.5,5044.8,150.5,460.0,2025-05-03 00:00:00
24/08/2025,PN-EQ-02	,24.0,0.0,8909.1,173.7,430.0,2025-08-25 00:00:00
17/07/2024,PNEQ05,24.0,0.0,6038.6,164.9,300.0,2024-07-18 00:00:00
27/01/2024,PN_EQ_09,24.0,0.0,4536.5,128.8,260.0,2024-01-27 00:00:00
27/08/2025,PN_EQ_03,24.0,0.0,8388.9,144.5,380.0,2025-08-28 00:00:00
04/05/2024,PN_EQ_01,17.1,6.9,8616.2,85.8,520.0,2024-05-05 00:00:00
20/12/2024,PN_EQ_08,24.0,0.0,8984.7,154.6,400.0,2024-12-21 00:00:00
03/08/2025,PN-EQ-04,21.4,2.6,9007.4,270.5,460.0,2025-08-04 00:00:00
30/05/2025,PN-EQ-08 ,24.0,0.0,8973.1,123.0,400.0,2025-05-31 00:00:00
09/08/2024, PN-EQ-01,24.0,0.0,11169.2,252.8,520.0,2024-08-10 00:00:00
09/01/2024,PN_EQ_06,24.0,0.0,6519.2,82.3,300.0,2024-01-10 00:00:00
16/06/2025,PN_EQ_03,24.0,0.0,8176.6,73.5,380.0,2025-06-17 00:00:00
24/07/2024,PN_EQ_04,24.0,0.0,9887.5,273.2,460.0,2024-07-25 00:00:00
25/09/2025, PN-EQ-05,24.0,0.0,6143.6,106.2,300.0,2025-09-26 00:00:00
21/08/2024,PN-EQ-04 ,24.0,0.0,9366.2,234.2,460.0,2024-08-22 00:00:00
06/03/2025,PN_EQ_08,24.0,0.0,8214.8,121.1,400.0,2025-03-07 00:00:00
30/05/2024,PN_EQ_10,24.0,0.0,10426.7,144.9,500.0,2024-05-31 00:00:00
02/08/2025,PN-EQ-05,24.0,0.0,6782.5,134.7,300.0,2025-08-03 00:00:00
05/05/2025,PN-EQ-04	,20.6,3.4,9042.1,,460.0,2025-05-06 00:00:00
17/05/2024,PN_EQ_06,24.0,0.0,6366.9,197.8,300.0,2024-05-18 00:00:00
03/04/2024, PN-EQ-07,24.0,0.0,6769.2,75.9,350.0,2024-04-04 00:00:00
13/04/2025,PN-EQ-05	,24.0,0.0,6116.9,102.4,300.0,2025-04-14 00:00:00
13/08/2024,pn-eq-08,24.0,0.0,7506.8,182.6,400.0,2024-08-14 00:00:00
26/10/2024,PN-EQ-09,24.0,0.0,5488.6,147.5,260.0,2024-10-27 00:00:00
24/09/2025,PN_EQ_09,24.0,0.0,5400.0,120.8,260.0,2025-09-25 00:00:00
28/07/2024,PN-EQ-05,24.0,0.0,6636.3,141.9,300.0,2024-07-29 00:00:00
22/02/2025,PN-EQ-05,17.3,6.7,4649.3,55.0,300.0,2025-02-23 00:00:00
30/11/2024,pn-eq-04,24.0,0.0,10247.7,148.0,460.0,2024-12-01 00:00:00
15/11/2025,PN-EQ-07	,15.8,8.2,4870.4,70.0,350.0,2025-11-16 00:00:00
26/08/2025,pn-eq-09,15.9,8.1,3606.3,,260.0,2025-08-27 00:00:00
18/08/2024, PN-EQ-05,24.0,0.0,6518.8,224.3,300.0,2024-08-19 00:00:00
11/09/2024, PN-EQ-01,24.0,0.0,9475.7,191.9,520.0,2024-09-11 00:00:00
20/11/2025,PNEQ02,24.0,0.0,9315.5,94.5,430.0,2025-11-21 00:00:00
07/02/2024, PN-EQ-07,24.0,0.0,7279.9,204.9,350.0,2024-02-08 00:00:00
01/03/2024,PN_EQ_08,24.0,0.0,7620.1,150.6,400.0,2024-02-28 00:00:00
17/07/2025,PN-EQ-04	,24.0,0.0,10702.0,109.9,460.0,2025-07-18 00:00:00
01/01/2026,PN-EQ-02	,23.5,0.5,8790.6,166.9,430.0,2026-01-02 00:00:00
27/05/2024,PNEQ06,24.0,0.0,6467.7,77.2,300.0,2024-05-28 00:00:00
15/09/2025,PN-EQ-01	,24.0,0.0,12355.2,325.6,520.0,2025-09-16 00:00:00
04/08/2025,PN-EQ-02	,24.0,0.0,8698.2,91.5,430.0,2025-08-05 00:00:00
25/12/2024,pn-eq-01,24.0,0.0,11274.2,190.3,520.0,2024-12-26 00:00:00
03/01/2024,pn-eq-05,24.0,0.0,6218.8,172.6,300.0,2024-01-04 00:00:00
03/11/2024,PN-EQ-10	,24.0,0.0,10297.3,282.5,500.0,2024-11-04 00:00:00
17/03/2025, PN-EQ-04,24.0,0.0,10338.4,196.7,460.0,2025-03-18 00:00:00
06/01/2026,PN_EQ_01,24.0,0.0,9774.9,241.2,520.0,2026-01-07 00:00:00
30/09/2024, PN-EQ-05,24.0,0.0,6571.6,72.6,300.0,2024-10-01 00:00:00
09/07/2025,PN_EQ_03,24.0,0.0,8525.4,208.5,380.0,2025-07-10 00:00:00
15/01/2024,pn-eq-08,24.0,0.0,8768.4,162.0,400.0,2024-01-16 00:00:00
03/05/2025,PN-EQ-06 ,22.5,1.5,6003.1,125.8,300.0,2025-05-04 00:00:00
01/02/2025,PN-EQ-07	,19.2,4.8,5668.1,145.5,350.0,2025-02-02 00:00:00
24/02/2024,PNEQ03,18.0,6.0,5938.6,75.7,380.0,2024-02-25 00:00:00
21/01/2025,pn-eq-06,24.0,0.0,6169.9,35.8,300.0,2025-01-22 00:00:00
16/05/2025, PN-EQ-03,24.0,0.0,8096.1,208.6,380.0,2025-05-17 00:00:00
14/01/2024, PN-EQ-06,24.0,0.0,6478.4,71.6,300.0,2024-01-15 00:00:00
02/07/2025,PN-EQ-08 ,24.0,0.0,8125.3,131.5,400.0,2025-07-02 00:00:00
01/07/2025,PNEQ01,16.3,7.7,7469.9,235.1,520.0,2025-07-02 00:00:00
22/05/2025,PN-EQ-04 ,14.0,10.0,5623.4,69.3,460.0,2025-05-23 00:00:00
20/01/2025,PN-EQ-08	,24.0,0.0,8671.5,148.5,400.0,2025-01-21 00:00:00
09/08/2024,pn-eq-09,22.8,1.2,5379.3,65.5,260.0,2024-08-10 00:00:00
22/08/2025, PN-EQ-02,24.0,0.0,8748.6,131.7,430.0,2025-08-23 00:00:00
04/05/2025,PN-EQ-10	,11.5,12.5,4921.9,136.5,500.0,2025-05-05 00:00:00
07/10/2024,PNEQ09,12.2,11.8,2947.9,29.7,260.0,2024-10-08 00:00:00
16/10/2025,PN_EQ_04,16.6,7.4,6603.3,60.9,460.0,2025-10-17 00:00:00
23/11/2025, PN-EQ-03,24.0,0.0,7962.4,199.3,380.0,2025-11-24 00:00:00
03/12/2025,PN_EQ_09,24.0,0.0,6177.6,54.6,260.0,2025-12-04 00:00:00
21/06/2025, PN-EQ-03,16.2,7.8,5880.3,148.4,380.0,2025-06-22 00:00:00
29/03/2025,pn-eq-09,24.0,0.0,4898.0,70.9,260.0,2025-03-27 00:00:00
20/05/2024,PNEQ08,24.0,0.0,8494.6,272.0,400.0,2024-05-21 00:00:00
12/12/2025,pn-eq-07,24.0,0.0,7012.3,72.3,350.0,2025-12-13 00:00:00
10/08/2024,pn-eq-02,24.0,0.0,8423.9,195.5,430.0,2024-08-11 00:00:00
21/05/2025,PN-EQ-05 ,24.0,0.0,6914.8,107.8,300.0,2025-05-22 00:00:00
19/05/2025,PN_EQ_04,24.0,0.0,9161.8,179.4,460.0,2025-05-19 00:00:00
27/01/2024,pn-eq-07,24.0,0.0,7110.9,133.5,350.0,2024-01-28 00:00:00
19/07/2024,PN-EQ-07 ,5.2,18.8,1683.8,35.8,350.0,2024-07-20 00:00:00
16/01/2025, PN-EQ-05,24.0,,6403.7,78.9,300.0,2025-01-17 00:00:00
22/03/2025,PN-EQ-06 ,21.1,2.9,6066.4,164.8,300.0,2025-03-23 00:00:00
04/08/2025,PNEQ10,24.0,0.0,10645.2,374.7,500.0,2025-08-05 00:00:00
12/11/2025,PN-EQ-02 ,24.0,0.0,8520.7,84.3,430.0,2025-11-13 00:00:00
02/05/2024,PN-EQ-09,24.0,0.0,5614.6,104.3,260.0,2024-05-03 00:00:00
06/03/2024,PN-EQ-10	,24.0,0.0,10559.9,283.6,500.0,2024-03-07 00:00:00
07/06/2024,PN-EQ-10	,24.0,0.0,10602.5,242.4,500.0,2024-06-08 00:00:00
22/01/2025,pn-eq-02,24.0,0.0,8725.0,140.7,430.0,2025-01-23 00:00:00
01/03/2025,PN_EQ_04,24.0,0.0,10180.4,249.6,460.0,2025-03-02 00:00:00
02/05/2025,PN-EQ-07 ,24.0,0.0,7725.0,158.9,350.0,2025-05-03 00:00:00
19/04/2025,PNEQ04,24.0,0.0,10536.4,247.4,460.0,2025-04-20 00:00:00
19/01/2025, PN-EQ-06,24.0,0.0,6702.1,131.2,300.0,2025-01-20 00:00:00
10/03/2024,PN-EQ-04 ,17.6,6.4,8015.0,268.2,460.0,2024-03-11 00:00:00
16/09/2025,PN_EQ_02,18.0,6.0,7337.1,139.4,430.0,2025-09-17 00:00:00
25/10/2024,PNEQ02,24.0,0.0,9827.0,149.8,430.0,2024-10-26 00:00:00
09/07/2025,PN-EQ-01	,24.0,,11132.9,259.6,520.0,2025-07-10 00:00:00
11/02/2025,PN_EQ_04,24.0,0.0,9353.0,89.5,460.0,2025-02-12 00:00:00
27/01/2024,PN-EQ-06 ,24.0,0.0,6318.7,242.4,300.0,2024-01-28 00:00:00
30/01/2024,PN-EQ-07 ,24.0,0.0,7537.6,146.1,350.0,2024-01-31 00:00:00
11/08/2025,pn-eq-09,16.4,7.6,3814.6,25.6,260.0,2025-08-12 00:00:00
26/10/2024,PN-EQ-04	,24.0,0.0,9913.4,169.8,460.0,2024-10-27 00:00:00
04/05/2025,pn-eq-08,24.0,0.0,8778.5,95.8,400.0,2025-05-05 00:00:00
21/06/2025,PN-EQ-08	,24.0,0.0,8072.2,89.8,400.0,2025-06-22 00:00:00
16/12/2025,PN-EQ-03,24.0,0.0,8600.3,262.6,380.0,2025-12-17 00:00:00
01/02/2025,PN-EQ-06	,24.0,,6762.6,68.8,300.0,2025-02-02 00:00:00
30/04/2025,PN-EQ-07,24.0,0.0,7489.9,110.2,350.0,2025-05-01 00:00:00
25/05/2025,PN_EQ_06,24.0,0.0,6377.9,145.6,300.0,2025-05-26 00:00:00
04/06/2025,PN-EQ-01,24.0,0.0,11517.2,157.7,520.0,2025-06-05 00:00:00
05/06/2025,pn-eq-01,24.0,0.0,12348.5,333.0,520.0,2025-06-06 00:00:00
08/04/2024,PN-EQ-03 ,24.0,0.0,7930.9,53.8,380.0,2024-04-09 00:00:00
10/06/2024,PN-EQ-08,24.0,0.0,7973.2,190.7,400.0,2024-06-11 00:00:00
11/06/2024,PN-EQ-02,24.0,0.0,9870.1,116.3,430.0,2024-06-12 00:00:00
29/04/2025,PN_EQ_04,11.2,12.8,4661.7,56.3,460.0,2025-04-30 00:00:00
12/07/2024,PN_EQ_09,24.0,0.0,5471.0,139.8,260.0,2024-07-13 00:00:00
29/10/2024,pn-eq-05,24.0,0.0,7064.4,213.9,300.0,2024-10-30 00:00:00
31/08/2025,PN-EQ-01	,16.2,7.8,7956.8,68.6,520.0,2025-09-01 00:00:00
21/07/2024,PN-EQ-06,24.0,0.0,6928.8,106.8,300.0,2024-07-22 00:00:00
25/09/2025,PN_EQ_01,24.0,0.0,11903.8,341.6,520.0,2025-09-26 00:00:00
06/07/2024,PN-EQ-06,24.0,0.0,6504.3,134.7,300.0,2024-07-07 00:00:00
14/10/2025,pn-eq-08,24.0,0.0,8253.6,196.1,400.0,2025-10-15 00:00:00
11/09/2024,PN_EQ_08,24.0,0.0,8830.3,67.3,400.0,2024-09-12 00:00:00
17/08/2024,PN-EQ-02 ,24.0,0.0,8713.5,93.1,430.0,2024-08-18 00:00:00
31/05/2024,PN-EQ-06	,24.0,0.0,5854.9,105.3,300.0,2024-06-01 00:00:00
29/11/2025,pn-eq-03,22.6,1.4,7578.7,130.9,380.0,2025-11-30 00:00:00
26/05/2024,PN_EQ_09,24.0,0.0,5905.3,98.8,260.0,2024-05-27 00:00:00
19/04/2024,PN_EQ_02,21.7,2.3,8725.8,192.8,430.0,2024-04-20 00:00:00
26/04/2025,PN-EQ-02	,24.0,0.0,9138.1,182.2,430.0,2025-04-27 00:00:00
16/10/2025,PN-EQ-01 ,24.0,0.0,11843.7,163.5,520.0,2025-10-17 00:00:00
04/07/2025,PN-EQ-08	,24.0,0.0,9504.0,133.4,400.0,2025-07-05 00:00:00
04/08/2025,PN-EQ-08 ,24.0,0.0,9041.7,130.9,400.0,2025-08-05 00:00:00
28/07/2024,pn-eq-03,24.0,0.0,7823.9,314.5,380.0,2024-07-29 00:00:00
01/11/2024,PN-EQ-09	,17.1,6.9,3982.7,86.1,260.0,2024-11-02 00:00:00
16/05/2025,PN-EQ-04,24.0,0.0,10321.4,243.9,460.0,2025-05-17 00:00:00
06/01/2024,PN_EQ_03,24.0,0.0,8239.3,258.3,380.0,2024-01-07 00:00:00
07/09/2024,PN-EQ-09	,24.0,0.0,5105.6,69.1,260.0,2024-09-08 00:00:00
05/03/2024,pn-eq-05,24.0,0.0,5595.1,86.5,300.0,2024-03-06 00:00:00
05/03/2025,PN-EQ-06 ,24.0,0.0,6465.8,60.1,300.0,2025-03-06 00:00:00
25/02/2025,PN-EQ-01	,24.0,0.0,11981.3,178.2,520.0,2025-02-26 00:00:00
11/04/2024,PN-EQ-01	,24.0,0.0,10864.8,328.2,520.0,2024-04-12 00:00:00
06/03/2024,PN-EQ-06 ,24.0,0.0,6922.5,145.8,300.0,2024-03-07 00:00:00
14/01/2024,pn-eq-07,18.6,5.4,5223.6,146.2,350.0,2024-01-15 00:00:00
31/08/2024,PN-EQ-01	,24.0,0.0,10434.3,104.8,520.0,2024-09-01 00:00:00
08/04/2025,PN-EQ-02,24.0,0.0,9183.6,296.0,430.0,2025-04-09 00:00:00
03/10/2025,PNEQ06,24.0,0.0,6438.0,150.4,300.0,2025-10-04 00:00:00
18/04/2025,PN-EQ-01	,24.0,0.0,11279.7,393.4,520.0,2025-04-19 00:00:00
10/04/2025,PN-EQ-05,22.4,1.6,5894.7,151.3,300.0,2025-04-11 00:00:00
08/06/2025,PN-EQ-09 ,24.0,0.0,5304.8,105.2,260.0,2025-06-09 00:00:00
22/02/2024,PN-EQ-03,24.0,0.0,-8016.5,96.2,380.0,2024-02-23 00:00:00
29/07/2025,PN-EQ-04	,22.6,1.4,8933.0,170.2,460.0,2025-07-30 00:00:00
16/01/2025,PN_EQ_01,23.0,1.0,10041.6,0.0,520.0,2025-01-17 00:00:00
03/12/2024,pn-eq-05,24.0,0.0,7027.7,81.4,300.0,2024-12-04 00:00:00
13/05/2024,PN_EQ_07,24.0,0.0,7473.0,140.7,350.0,2024-05-14 00:00:00
25/11/2025,pn-eq-05,24.0,0.0,6290.1,91.8,300.0,2025-11-26 00:00:00
27/05/2024,PN-EQ-09	,23.4,0.6,5293.2,45.6,260.0,2024-05-28 00:00:00
10/03/2025,PNEQ10,19.5,4.5,7984.4,144.4,500.0,2025-03-11 00:00:00
25/03/2024,PN-EQ-09,24.0,0.0,6022.9,136.1,260.0,2024-03-26 00:00:00
31/03/2025,PN_EQ_02,4.5,19.5,1702.1,52.8,430.0,2025-04-01 00:00:00
14/05/2025,PN_EQ_03,10.9,13.1,3827.1,62.3,380.0,2025-05-15 00:00:00
04/03/2025,pn-eq-03,24.0,0.0,8040.2,98.1,380.0,2025-03-05 00:00:00
09/03/2025, PN-EQ-08,24.0,0.0,8075.0,129.6,400.0,2025-03-09 00:00:00
19/02/2024,PN_EQ_05,24.0,0.0,6776.0,66.4,300.0,2024-02-20 00:00:00
07/10/2025,pn-eq-06,24.0,0.0,6104.9,206.3,300.0,2025-10-08 00:00:00
04/04/2025,PN-EQ-08 ,24.0,0.0,7990.4,200.7,400.0,2025-04-05 00:00:00
27/05/2025,pn-eq-10,24.0,0.0,10684.1,85.3,500.0,2025-05-28 00:00:00
29/06/2024,PN-EQ-04,24.0,0.0,9767.6,246.4,460.0,2024-06-30 00:00:00
20/09/2025,PNEQ01,24.0,0.0,11935.4,327.0,520.0,2025-09-21 00:00:00
27/08/2025,PN-EQ-06	,24.0,0.0,6797.9,234.4,300.0,2025-08-28 00:00:00
06/04/2024,pn-eq-04,16.5,7.5,6597.6,86.1,460.0,2024-04-07 00:00:00
02/05/2025, PN-EQ-08,24.0,0.0,8249.2,240.3,400.0,2025-05-03 00:00:00
10/09/2024,PN-EQ-08,24.0,0.0,8847.8,,400.0,2024-09-11 00:00:00
28/09/2025, PN-EQ-05,24.0,0.0,6640.9,142.8,300.0,2025-09-29 00:00:00
28/02/2024,pn-eq-08,24.0,0.0,9184.0,225.4,400.0,2024-02-29 00:00:00
08/06/2024,PNEQ01,24.0,0.0,10964.2,92.2,520.0,2024-06-09 00:00:00
22/05/2025,PN-EQ-06	,24.0,0.0,6211.0,164.3,300.0,2025-05-23 00:00:00
09/10/2024,PN-EQ-06,16.0,8.0,4495.0,119.1,300.0,2024-10-10 00:00:00
01/08/2025, PN-EQ-08,24.0,0.0,9229.6,251.2,400.0,2025-08-02 00:00:00
04/03/2024,PN_EQ_05,24.0,0.0,6286.6,30.8,300.0,2024-03-05 00:00:00
09/04/2024, PN-EQ-03,24.0,0.0,9028.8,61.9,380.0,2024-04-10 00:00:00
20/01/2024,PN-EQ-10,24.0,0.0,11066.7,211.1,500.0,2024-01-21 00:00:00
08/08/2024,PN-EQ-05 ,21.0,3.0,5960.0,69.1,300.0,2024-08-09 00:00:00
17/09/2025,PNEQ04,4.0,20.0,1731.5,50.7,460.0,2025-09-18 00:00:00
11/08/2025,PN-EQ-06,21.8,,5393.1,144.0,300.0,2025-08-12 00:00:00
05/06/2025,PN_EQ_02,22.3,1.7,9204.0,187.0,430.0,2025-06-06 00:00:00
15/12/2025, PN-EQ-08,24.0,0.0,8581.9,155.6,400.0,2025-12-16 00:00:00
10/12/2024,PN_EQ_07,24.0,0.0,8002.5,151.2,350.0,2024-12-11 00:00:00
12/10/2024,pn-eq-04,24.0,0.0,9756.5,156.6,460.0,2024-10-13 00:00:00
17/03/2024,PN-EQ-06 ,17.9,6.1,4492.9,99.4,300.0,2024-03-18 00:00:00
18/11/2025,PN-EQ-07 ,24.0,0.0,7517.5,0.0,350.0,2025-11-19 00:00:00
10/03/2024,PN-EQ-02,24.0,0.0,9956.1,88.6,430.0,2024-03-11 00:00:00
07/05/2024,PN_EQ_03,24.0,0.0,7694.6,109.3,380.0,2024-05-08 00:00:00
24/10/2024,pn-eq-06,24.0,,6763.1,218.1,300.0,2024-10-25 00:00:00
17/01/2024,PNEQ04,19.2,4.8,7964.4,178.4,460.0,2024-01-18 00:00:00
10/09/2024,PN-EQ-03,24.0,0.0,8667.6,177.5,380.0,2024-09-11 00:00:00
29/10/2024,pn-eq-04,24.0,0.0,10485.8,257.2,460.0,2024-10-30 00:00:00
02/11/2024,PN_EQ_08,20.9,3.1,8029.9,62.6,400.0,2024-11-03 00:00:00
27/06/2025,PN-EQ-04	,24.0,0.0,8861.2,178.4,460.0,2025-06-28 00:00:00
06/10/2024, PN-EQ-09,24.0,0.0,5305.4,175.3,260.0,2024-10-07 00:00:00
26/01/2025,PN-EQ-08	,24.0,0.0,8446.7,169.8,400.0,2025-01-27 00:00:00
22/08/2024,PNEQ10,24.0,0.0,9019.2,238.0,500.0,2024-08-20 00:00:00
11/06/2024,PN-EQ-05,24.0,0.0,6188.5,63.4,300.0,2024-06-12 00:00:00
27/03/2024,PN-EQ-05,21.8,2.2,5711.4,139.2,300.0,2024-03-28 00:00:00
17/05/2024, PN-EQ-08,21.7,,7974.4,136.7,400.0,2024-05-18 00:00:00
29/06/2024,PN-EQ-05 ,24.0,0.0,6260.7,227.1,300.0,2024-06-30 00:00:00
31/01/2025,PN-EQ-01 ,23.1,0.9,10958.0,234.4,520.0,2025-02-01 00:00:00
12/11/2024,PN-EQ-03 ,24.0,0.0,9028.8,154.4,380.0,2024-11-13 00:00:00
22/11/2025,PN-EQ-09 ,24.0,0.0,5598.1,94.6,260.0,2025-11-23 00:00:00
15/10/2025,PN_EQ_10,24.0,0.0,10197.3,118.8,500.0,2025-10-16 00:00:00
23/09/2024, PN-EQ-10,21.8,2.2,9614.4,227.0,500.0,2024-09-24 00:00:00
17/03/2024,pn-eq-04,24.0,0.0,10360.6,203.7,460.0,2024-03-18 00:00:00
07/06/2024,PN-EQ-03	,24.0,0.0,7584.0,177.1,380.0,2024-06-08 00:00:00
27/04/2025,PN_EQ_09,24.0,0.0,5374.7,34.1,260.0,2025-04-28 00:00:00
07/04/2025,PN-EQ-07	,24.0,0.0,8316.0,47.1,350.0,2025-04-08 00:00:00
02/02/2025,PN_EQ_10,24.0,0.0,10088.0,153.1,500.0,2025-02-03 00:00:00
22/07/2025, PN-EQ-09,24.0,0.0,5725.7,116.9,260.0,2025-07-23 00:00:00
03/05/2025,PNEQ05,23.1,0.9,5922.3,109.9,300.0,2025-05-04 00:00:00
02/07/2024,PN-EQ-01	,24.0,0.0,11785.4,285.4,520.0,2024-07-03 00:00:00
16/04/2025,PN-EQ-06,8.4,15.6,2255.8,40.7,300.0,2025-04-17 00:00:00
17/09/2025,PN-EQ-02,24.0,0.0,9766.4,270.9,430.0,2025-09-18 00:00:00
20/12/2025,PNEQ01,24.0,0.0,10349.6,340.4,520.0,2025-12-21 00:00:00
20/02/2024,PNEQ02,10.6,13.4,3582.5,78.9,430.0,2024-02-21 00:00:00
01/05/2024,PNEQ01,24.0,0.0,10374.3,420.6,520.0,2024-05-02 00:00:00
30/07/2025,PN-EQ-08,24.0,0.0,8629.5,123.8,400.0,2025-07-31 00:00:00
25/02/2025,pn-eq-06,24.0,0.0,5572.5,91.9,300.0,2025-02-26 00:00:00
15/12/2025,pn-eq-02,15.0,9.0,5476.1,133.8,430.0,2025-12-16 00:00:00
10/02/2024, PN-EQ-10,9.3,14.7,4226.3,91.4,500.0,2024-02-11 00:00:00
15/10/2024,PN-EQ-10	,24.0,0.0,11336.8,216.0,500.0,2024-10-16 00:00:00
09/03/2024,PN-EQ-09 ,24.0,0.0,5531.7,146.5,260.0,2024-03-10 00:00:00
24/05/2025,PN_EQ_10,15.2,,6359.2,121.4,500.0,2025-05-25 00:00:00
14/07/2025,PNEQ01,24.0,0.0,11043.6,120.5,520.0,2025-07-15 00:00:00
20/03/2024,pn-eq-02,22.3,1.7,8056.8,211.7,430.0,2024-03-21 00:00:00
01/05/2024,pn-eq-07,24.0,0.0,7596.2,155.2,350.0,2024-05-02 00:00:00
20/11/2024,PN_EQ_02,24.0,0.0,10064.2,293.7,430.0,2024-11-21 00:00:00
13/02/2025,PNEQ10,16.7,7.3,6947.9,161.4,500.0,2025-02-14 00:00:00
06/04/2025,PN-EQ-10 ,20.9,3.1,9471.0,284.9,500.0,2025-04-07 00:00:00
03/08/2025,PN_EQ_02,15.5,8.5,6264.4,86.9,430.0,2025-08-04 00:00:00
09/02/2024,PN-EQ-03	,22.4,1.6,6839.9,149.9,380.0,2024-02-08 00:00:00
12/12/2024,PNEQ03,24.0,0.0,9028.8,143.2,380.0,2024-12-13 00:00:00
04/07/2025,PN-EQ-05,24.0,0.0,6992.1,166.8,300.0,2025-07-05 00:00:00
21/03/2024, PN-EQ-03,24.0,0.0,7993.0,158.4,380.0,2024-03-22 00:00:00
06/05/2024,PN_EQ_03,24.0,0.0,7628.8,136.9,380.0,2024-05-07 00:00:00
29/12/2024,PN-EQ-02,24.0,0.0,8595.5,130.2,430.0,2024-12-30 00:00:00
10/02/2025,PN_EQ_01,24.0,0.0,11701.9,185.3,520.0,2025-02-11 00:00:00
30/04/2025,pn-eq-09,24.0,,5769.8,94.9,260.0,2025-05-01 00:00:00
09/01/2025,PNEQ09,24.0,0.0,5847.8,60.6,260.0,2025-01-10 00:00:00
15/02/2025, PN-EQ-04,23.4,0.6,8887.9,281.2,460.0,2025-02-16 00:00:00
06/12/2025,PN-EQ-04 ,24.0,0.0,10929.6,,460.0,2025-12-07 00:00:00
07/04/2024,PNEQ02,24.0,0.0,9644.5,68.6,430.0,2024-04-08 00:00:00
29/12/2024,PN-EQ-08,24.0,0.0,9413.9,174.0,400.0,2024-12-30 00:00:00
28/09/2024,PN-EQ-06,24.0,0.0,6920.4,243.5,300.0,2024-09-29 00:00:00
29/04/2025,pn-eq-10,24.0,0.0,10410.1,147.5,500.0,2025-04-30 00:00:00
30/06/2025,PN-EQ-02,24.0,0.0,9808.9,216.3,430.0,2025-07-01 00:00:00
20/12/2024,PN-EQ-06 ,24.0,0.0,6663.6,39.9,300.0,2024-12-21 00:00:00
24/12/2025,PN-EQ-05	,24.0,0.0,6807.6,122.7,300.0,2025-12-25 00:00:00
28/06/2025, PN-EQ-05,4.0,20.0,1157.5,24.8,300.0,2025-06-29 00:00:00
25/04/2024,PN-EQ-01 ,16.7,7.3,8223.2,136.8,520.0,2024-04-26 00:00:00
21/10/2024,PN-EQ-04 ,24.0,0.0,9700.6,281.5,460.0,2024-10-22 00:00:00
14/05/2025, PN-EQ-08,24.0,0.0,8707.4,225.0,400.0,2025-05-15 00:00:00
13/08/2024,PN-EQ-01	,24.0,0.0,11863.6,238.7,520.0,2024-08-14 00:00:00
12/03/2025,PNEQ02,24.0,0.0,8501.4,126.0,430.0,2025-03-13 00:00:00
11/02/2025,PN_EQ_06,24.0,0.0,7460.4,77.3,300.0,2025-02-12 00:00:00
15/10/2025,PN-EQ-04,24.0,0.0,9810.4,245.5,460.0,2025-10-16 00:00:00
23/03/2025, PN-EQ-08,24.0,0.0,9078.5,299.1,400.0,2025-03-24 00:00:00
03/08/2025,pn-eq-07,22.6,1.4,6952.6,204.9,350.0,2025-08-04 00:00:00
18/08/2024,PN_EQ_06,24.0,0.0,6407.9,159.3,300.0,2024-08-19 00:00:00
05/06/2025,pn-eq-05,24.0,0.0,6317.8,2.2,300.0,2025-06-06 00:00:00
09/04/2024,PN-EQ-02 ,22.0,2.0,8903.8,63.5,430.0,2024-04-10 00:00:00
15/04/2024,PN-EQ-03 ,24.0,0.0,8329.4,218.6,380.0,2024-04-16 00:00:00
19/01/2025, PN-EQ-07,24.0,0.0,7888.6,159.6,350.0,2025-01-20 00:00:00
23/10/2024,PN-EQ-06 ,24.0,0.0,6902.5,149.1,300.0,2024-10-24 00:00:00
30/09/2025,PN-EQ-06 ,18.5,5.5,4975.4,97.1,300.0,2025-10-01 00:00:00
15/11/2025, PN-EQ-02,24.0,0.0,9023.4,113.1,430.0,2025-11-16 00:00:00
26/01/2025,PN-EQ-01	,15.1,8.9,7057.9,233.6,520.0,2025-01-27 00:00:00
29/06/2025,PN-EQ-03,24.0,0.0,8218.8,268.3,380.0,2025-06-30 00:00:00
26/05/2024,PN-EQ-08 ,24.0,0.0,8026.2,226.3,400.0,2024-05-27 00:00:00
27/04/2024, PN-EQ-02,24.0,0.0,9292.7,359.1,430.0,2024-04-28 00:00:00
24/11/2025,PN-EQ-10 ,24.0,,10299.9,135.6,500.0,2025-11-25 00:00:00
13/02/2025,PN-EQ-05,24.0,0.0,6402.7,179.6,300.0,2025-02-14 00:00:00
29/07/2024,PN-EQ-01 ,24.0,0.0,10563.4,313.4,520.0,2024-07-30 00:00:00
25/07/2024,pn-eq-08,24.0,0.0,8397.9,109.4,400.0,2024-07-26 00:00:00
15/05/2025,PN_EQ_01,24.0,0.0,10259.9,,520.0,2025-05-15 00:00:00
25/10/2024,PN_EQ_09,24.0,0.0,5869.0,185.8,260.0,2024-10-26 00:00:00
17/03/2025,PNEQ08,21.4,,8256.1,152.4,400.0,2025-03-18 00:00:00
04/06/2024,PN-EQ-07,24.0,0.0,8316.0,195.0,350.0,2024-06-05 00:00:00
10/07/2024,PN-EQ-02,21.8,2.2,8349.1,122.2,430.0,2024-07-11 00:00:00
22/05/2025,PNEQ03,15.9,8.1,5825.1,120.0,380.0,2025-05-23 00:00:00
14/02/2025,PN-EQ-05,24.0,0.0,6362.6,189.4,300.0,2025-02-15 00:00:00
02/01/2024,PN-EQ-01	,24.0,0.0,11669.7,,520.0,2024-01-03 00:00:00
13/08/2025, PN-EQ-05,24.0,0.0,6180.1,109.7,300.0,2025-08-14 00:00:00
26/06/2024,pn-eq-07,17.9,6.1,6157.1,,350.0,2024-06-27 00:00:00
15/05/2025,PN-EQ-02 ,24.0,0.0,9424.9,157.8,430.0,2025-05-16 00:00:00
16/05/2024,PN-EQ-03 ,24.0,0.0,8627.9,303.3,380.0,2024-05-17 00:00:00
31/01/2025,PN-EQ-03 ,24.0,0.0,7772.2,110.6,380.0,2025-02-01 00:00:00
08/07/2025,PN_EQ_09,22.4,1.6,5399.4,140.2,260.0,2025-07-09 00:00:00
06/03/2025,PNEQ02,24.0,0.0,9516.0,129.6,430.0,2025-03-07 00:00:00
27/02/2025,pn-eq-10,24.0,0.0,11039.4,262.8,500.0,2025-02-28 00:00:00
19/09/2024, PN-EQ-08,24.0,0.0,8551.1,128.9,400.0,2024-09-18 00:00:00
10/05/2024,pn-eq-03,24.0,0.0,8095.3,232.3,380.0,2024-05-11 00:00:00
25/04/2025,PN-EQ-04 ,22.8,1.2,9529.6,122.9,460.0,2025-04-26 00:00:00
14/03/2025,PNEQ07,17.0,7.0,5577.0,111.1,350.0,2025-03-15 00:00:00
02/11/2025,PN-EQ-03,24.0,0.0,7029.6,281.5,380.0,2025-10-31 00:00:00
09/05/2025,pn-eq-06,24.0,0.0,6494.9,95.0,300.0,2025-05-10 00:00:00
21/01/2024,PN-EQ-04 ,24.0,0.0,9299.3,174.8,460.0,2024-01-22 00:00:00
19/09/2025,PN-EQ-07,24.0,0.0,6751.2,111.3,350.0,2025-09-20 00:00:00
10/11/2025,PN_EQ_09,24.0,0.0,5496.5,39.3,260.0,2025-11-11 00:00:00
08/07/2025,PN-EQ-01 ,21.8,2.2,10472.7,131.0,520.0,2025-07-09 00:00:00
28/09/2025, PN-EQ-02,24.0,0.0,8355.7,222.6,430.0,2025-09-28 00:00:00
27/09/2025,PN-EQ-06 ,24.0,,5555.7,177.0,300.0,2025-09-28 00:00:00
17/09/2025,PN-EQ-07,24.0,0.0,7904.6,31.6,350.0,2025-09-18 00:00:00
14/10/2025, PN-EQ-06,24.0,0.0,6252.0,120.5,300.0,2025-10-15 00:00:00
07/09/2024,PN_EQ_03,24.0,0.0,8095.5,126.0,380.0,2024-09-08 00:00:00
18/09/2025,pn-eq-08,24.0,0.0,8910.5,236.9,400.0,2025-09-19 00:00:00
21/12/2025,PN-EQ-07	,24.0,0.0,7343.9,165.5,350.0,2025-12-22 00:00:00
06/04/2025,pn-eq-08,24.0,0.0,8056.5,317.8,400.0,2025-04-07 00:00:00
22/10/2024,PN-EQ-07	,21.9,2.1,6818.0,178.5,350.0,2024-10-23 00:00:00
21/11/2025, PN-EQ-06,24.0,0.0,6146.9,153.9,300.0,2025-11-22 00:00:00
11/02/2025,PN-EQ-07	,24.0,0.0,7587.5,216.4,350.0,2025-02-12 00:00:00
17/12/2024,PN-EQ-01 ,24.0,0.0,11746.5,150.0,520.0,2024-12-18 00:00:00
27/11/2025,PN-EQ-10,24.0,0.0,10159.6,208.3,500.0,2025-11-28 00:00:00
29/04/2025,pn-eq-02,24.0,0.0,8895.4,197.8,430.0,2025-04-30 00:00:00
02/04/2025,PN-EQ-09	,24.0,0.0,5640.8,92.7,260.0,2025-04-03 00:00:00
12/06/2025,PN-EQ-08 ,22.6,1.4,7966.3,157.0,400.0,2025-06-13 00:00:00
22/06/2024,PN-EQ-06 ,24.0,0.0,6961.8,75.7,300.0,2024-06-23 00:00:00
29/01/2025,PN_EQ_08,24.0,0.0,8372.3,45.9,400.0,2025-01-30 00:00:00
03/02/2025,PN_EQ_05,24.0,0.0,6982.0,222.5,300.0,2025-02-04 00:00:00
15/06/2025,PN-EQ-08 ,24.0,0.0,8932.7,141.4,400.0,2025-06-16 00:00:00
28/02/2025,PNEQ10,24.0,0.0,10650.6,308.0,500.0,2025-03-01 00:00:00
25/01/2025,PN-EQ-03 ,24.0,0.0,7431.6,203.9,380.0,2025-01-26 00:00:00
19/04/2024,PN_EQ_06,24.0,0.0,6394.0,131.7,300.0,2024-04-20 00:00:00
05/09/2024,PN-EQ-04,24.0,0.0,10307.0,238.5,460.0,2024-09-06 00:00:00
01/08/2025,pn-eq-01,24.0,0.0,12355.2,82.4,520.0,2025-08-02 00:00:00
18/12/2025,PN-EQ-08,24.0,0.0,8731.5,163.1,400.0,2025-12-19 00:00:00
03/06/2024,PN_EQ_05,18.2,5.8,4795.2,22.5,300.0,2024-06-04 00:00:00
22/02/2025,pn-eq-10,24.0,0.0,10360.4,,500.0,2025-02-23 00:00:00
04/12/2024,PN-EQ-03	,24.0,0.0,8819.7,200.7,380.0,2024-12-05 00:00:00
09/01/2026,pn-eq-08,24.0,0.0,8863.7,201.6,400.0,2026-01-10 00:00:00
24/04/2025,PN-EQ-02	,17.5,6.5,6663.4,64.2,430.0,2025-04-25 00:00:00
23/01/2024, PN-EQ-01,24.0,0.0,10985.9,324.9,520.0,2024-01-24 00:00:00
01/01/2026,PNEQ10,24.0,0.0,10721.7,263.0,500.0,2026-01-02 00:00:00
20/02/2025,PN-EQ-07	,21.8,2.2,6197.8,168.9,350.0,2025-02-18 00:00:00
27/04/2024,PN-EQ-09,24.0,,5488.8,117.1,260.0,2024-04-28 00:00:00
11/11/2024,PN-EQ-07,24.0,0.0,7660.7,285.8,350.0,2024-11-12 00:00:00
16/12/2024,pn-eq-10,24.0,0.0,10799.9,96.0,500.0,2024-12-17 00:00:00
06/12/2024,PN_EQ_09,24.0,0.0,5576.5,83.4,260.0,2024-12-07 00:00:00
11/07/2024,PN_EQ_01,24.0,0.0,11322.1,,520.0,2024-07-12 00:00:00
14/09/2024,PN-EQ-06,24.0,0.0,6718.9,204.4,300.0,2024-09-15 00:00:00
28/11/2025, PN-EQ-09,24.0,0.0,5909.1,48.4,260.0,2025-11-29 00:00:00
15/02/2024,PN-EQ-08 ,24.0,0.0,8299.4,218.8,400.0,2024-02-16 00:00:00
30/10/2024,PNEQ04,17.6,6.4,7198.3,184.4,460.0,2024-10-31 00:00:00
07/07/2024,PN-EQ-08	,24.0,0.0,8223.8,61.3,400.0,2024-07-08 00:00:00
19/03/2025,PNEQ05,17.0,7.0,4395.7,58.3,300.0,2025-03-20 00:00:00
18/07/2025,pn-eq-04,24.0,0.0,9669.7,91.3,460.0,2025-07-19 00:00:00
25/10/2025,PN_EQ_07,24.0,0.0,7767.3,58.8,350.0,2025-10-26 00:00:00
22/11/2024,pn-eq-04,4.0,,1671.1,19.5,460.0,2024-11-23 00:00:00
04/04/2024,pn-eq-10,24.0,0.0,11650.0,335.8,500.0,2024-04-05 00:00:00
27/04/2024, PN-EQ-03,24.0,0.0,7876.0,97.0,380.0,2024-04-28 00:00:00
02/03/2025,PN-EQ-09	,24.0,,4727.0,106.5,260.0,2025-03-03 00:00:00
28/03/2025,pn-eq-06,24.0,0.0,6407.8,158.7,300.0,2025-03-29 00:00:00
28/09/2025,pn-eq-09,24.0,0.0,5830.5,146.6,260.0,2025-09-29 00:00:00
01/03/2025,PN-EQ-06 ,24.0,0.0,6537.6,103.5,300.0,2025-03-02 00:00:00
02/05/2024,PN-EQ-10,21.9,2.1,9922.5,190.8,500.0,2024-05-03 00:00:00
07/07/2024,pn-eq-02,24.0,0.0,8955.8,185.6,430.0,2024-07-08 00:00:00
19/04/2025,PN-EQ-05,24.0,0.0,6587.5,137.1,300.0,2025-04-20 00:00:00
10/08/2025,PN-EQ-07 ,24.0,0.0,7649.9,180.5,350.0,2025-08-11 00:00:00
17/07/2025,PN-EQ-07	,24.0,0.0,7969.0,102.0,350.0,2025-07-18 00:00:00
14/06/2025,PN-EQ-04	,24.0,0.0,9650.0,92.3,460.0,2025-06-15 00:00:00
19/04/2025, PN-EQ-10,24.0,0.0,10228.1,212.9,500.0,2025-04-20 00:00:00
21/02/2024,PN_EQ_05,24.0,0.0,5762.6,71.6,300.0,2024-02-22 00:00:00
02/07/2025, PN-EQ-06,24.0,0.0,6346.2,,300.0,2025-07-03 00:00:00
07/04/2025,PN_EQ_01,19.9,4.1,8359.1,,520.0,2025-04-08 00:00:00
17/01/2024,pn-eq-06,24.0,0.0,6688.6,107.7,300.0,2024-01-18 00:00:00
23/06/2024,PN-EQ-05,4.0,20.0,1085.9,13.3,300.0,2024-06-24 00:00:00
28/08/2025,PNEQ06,17.5,6.5,5197.5,81.3,300.0,2025-08-29 00:00:00
02/05/2025,pn-eq-06,24.0,0.0,6727.3,,300.0,2025-05-03 00:00:00
29/12/2024,PN_EQ_04,24.0,0.0,8277.1,217.2,460.0,2024-12-29 00:00:00
05/02/2025,PN-EQ-05	,24.0,0.0,6968.6,85.8,300.0,2025-02-06 00:00:00
17/04/2024,PN_EQ_10,24.0,0.0,11110.6,,500.0,2024-04-18 00:00:00
20/05/2025,PN-EQ-07	,24.0,0.0,7585.3,149.9,350.0,2025-05-21 00:00:00
11/01/2024,PN-EQ-08,21.4,2.6,7299.1,228.6,400.0,2024-01-12 00:00:00
30/10/2024,pn-eq-05,21.9,2.1,5982.7,175.1,300.0,2024-10-31 00:00:00
05/08/2024,PN-EQ-10 ,22.5,1.5,11053.0,122.0,500.0,2024-08-06 00:00:00
16/12/2025, PN-EQ-05,24.0,0.0,6845.4,247.7,300.0,2025-12-17 00:00:00
21/05/2025,PN-EQ-02 ,24.0,0.0,9014.0,151.6,430.0,2025-05-22 00:00:00
27/06/2024,PN-EQ-07	,24.0,0.0,7264.2,25.7,350.0,2024-06-28 00:00:00
16/04/2024,PN-EQ-06	,24.0,0.0,6628.4,153.2,300.0,2024-04-17 00:00:00
26/06/2024,PN-EQ-03,24.0,0.0,8623.5,208.3,380.0,2024-06-27 00:00:00
24/02/2024,PN-EQ-08,24.0,0.0,9351.3,261.7,400.0,2024-02-25 00:00:00
24/05/2025,PN-EQ-06 ,24.0,0.0,6115.6,138.8,300.0,2025-05-25 00:00:00
22/11/2025,PN-EQ-06 ,3.2,20.8,708.5,21.8,300.0,2025-11-23 00:00:00
05/09/2024,PN-EQ-03 ,24.0,0.0,8517.4,142.5,380.0,2024-09-06 00:00:00
07/02/2025, PN-EQ-04,24.0,0.0,9537.3,270.8,460.0,2025-02-08 00:00:00
31/05/2025,PNEQ09,24.0,0.0,5350.2,87.3,260.0,2025-06-01 00:00:00
13/03/2025,PN_EQ_09,24.0,0.0,5515.7,78.3,260.0,2025-03-13 00:00:00
16/09/2024,PN_EQ_07,16.4,7.6,4700.5,128.3,350.0,2024-09-14 00:00:00
03/09/2025, PN-EQ-10,24.0,0.0,11776.5,306.3,500.0,2025-09-04 00:00:00
08/05/2024,PN-EQ-04	,24.0,0.0,10929.6,189.0,460.0,2024-05-09 00:00:00
12/03/2025,PN-EQ-04	,4.0,20.0,1423.6,32.3,460.0,2025-03-13 00:00:00
18/03/2024,PN-EQ-05,24.0,0.0,5989.9,159.7,300.0,2024-03-19 00:00:00
12/10/2025,PN-EQ-03,24.0,0.0,8147.1,220.9,380.0,2025-10-13 00:00:00
11/10/2025,PN-EQ-03,24.0,0.0,9028.8,285.4,380.0,2025-10-12 00:00:00
04/12/2024,PNEQ05,24.0,0.0,6206.9,152.2,300.0,2024-12-05 00:00:00
12/09/2025,PN-EQ-07 ,24.0,0.0,7562.4,212.9,350.0,2025-09-13 00:00:00
10/04/2024,PN-EQ-02 ,24.0,0.0,8797.7,81.8,430.0,2024-04-11 00:00:00
30/06/2024,PNEQ10,23.0,1.0,9961.3,111.3,500.0,2024-07-01 00:00:00
12/05/2025,PNEQ06,21.2,2.8,5988.2,141.8,300.0,2025-12-06 00:00:00
02/08/2025,PN-EQ-10,24.0,0.0,11340.1,321.1,500.0,2025-08-03 00:00:00
26/07/2024,PNEQ10,24.0,0.0,10390.3,224.5,500.0,2024-07-27 00:00:00
09/02/2024,pn-eq-04,24.0,0.0,10133.8,221.8,460.0,2024-02-10 00:00:00
28/11/2025,PN-EQ-03 ,10.0,14.0,3062.8,83.1,380.0,2025-11-29 00:00:00
28/02/2025,PN_EQ_06,24.0,0.0,7546.8,166.7,300.0,2025-03-01 00:00:00
01/04/2024,PN-EQ-06,24.0,0.0,5924.3,102.5,300.0,2024-04-02 00:00:00
13/05/2024,PNEQ10,24.0,0.0,10527.5,106.2,500.0,2024-05-14 00:00:00
25/09/2024, PN-EQ-06,24.0,0.0,7128.0,143.0,300.0,2024-09-26 00:00:00
09/12/2025,pn-eq-09,24.0,0.0,5828.1,119.5,260.0,2025-12-10 00:00:00
12/04/2025,PN-EQ-10,24.0,0.0,11880.0,341.6,500.0,2025-04-13 00:00:00
17/11/2025,PN_EQ_05,24.0,0.0,6099.4,138.9,300.0,2025-11-18 00:00:00
07/02/2025,PN-EQ-10 ,24.0,0.0,10612.6,387.9,500.0,2025-02-08 00:00:00
31/07/2024, PN-EQ-01,24.0,0.0,11476.8,314.8,520.0,2024-08-01 00:00:00
30/08/2025, PN-EQ-03,24.0,0.0,8195.3,139.9,380.0,2025-08-31 00:00:00
14/03/2024,pn-eq-05,24.0,0.0,7128.0,0.0,300.0,2024-03-15 00:00:00
15/02/2025,pn-eq-01,24.0,0.0,11597.8,172.4,520.0,2025-02-16 00:00:00
07/05/2025,pn-eq-02,17.0,7.0,5811.7,96.6,430.0,2025-05-08 00:00:00
10/02/2025,PN_EQ_08,24.0,0.0,8971.6,271.2,400.0,2025-02-11 00:00:00
12/06/2025,PN-EQ-06	,24.0,0.0,6364.9,114.2,300.0,2025-06-13 00:00:00
31/10/2024,PN-EQ-04 ,24.0,,10331.0,167.7,460.0,2024-11-01 00:00:00
03/12/2025,PN-EQ-10	,24.0,0.0,11254.2,346.9,500.0,2025-12-04 00:00:00
08/02/2024,PN_EQ_10,24.0,0.0,10904.0,220.1,500.0,2024-02-09 00:00:00
06/12/2024,PN-EQ-06	,24.0,0.0,6478.8,167.4,300.0,2024-12-07 00:00:00
18/05/2025,PN-EQ-06 ,16.3,7.7,4322.4,88.4,300.0,2025-05-19 00:00:00
25/01/2025,PN-EQ-09,24.0,0.0,6064.0,111.0,260.0,2025-01-26 00:00:00
30/11/2024,PN-EQ-07	,24.0,0.0,7653.1,234.1,350.0,2024-12-01 00:00:00
03/01/2024,PN_EQ_02,24.0,0.0,9489.8,292.5,430.0,2024-01-04 00:00:00
19/02/2025,PN-EQ-03,24.0,0.0,8083.2,211.2,380.0,2025-02-20 00:00:00
04/06/2025,PN_EQ_08,24.0,0.0,8512.1,243.2,400.0,2025-06-05 00:00:00
16/02/2025,PN_EQ_07,24.0,0.0,7437.7,66.0,350.0,2025-02-17 00:00:00
29/04/2025,PN-EQ-07 ,24.0,,7776.7,23.2,350.0,2025-04-30 00:00:00
06/01/2025,pn-eq-09,24.0,0.0,5743.7,123.6,260.0,2025-01-07 00:00:00
30/09/2025,PN_EQ_07,24.0,0.0,8316.0,81.6,350.0,2025-10-01 00:00:00
29/07/2024,PN_EQ_06,6.5,17.5,1833.0,55.6,300.0,2024-07-30 00:00:00
04/10/2025,PN-EQ-01	,21.1,2.9,9025.0,192.8,520.0,2025-10-05 00:00:00
08/05/2024,PN-EQ-01 ,24.0,0.0,12060.1,257.4,520.0,2024-05-09 00:00:00
25/04/2025,pn-eq-07,24.0,0.0,7791.3,72.8,350.0,2025-04-26 00:00:00
25/07/2025,PN_EQ_05,23.5,0.5,6237.6,,300.0,2025-07-26 00:00:00
13/09/2025,pn-eq-01,24.0,0.0,11844.2,304.4,520.0,2025-09-14 00:00:00
21/12/2025,PNEQ02,24.0,0.0,9620.5,58.2,430.0,2025-12-22 00:00:00
06/12/2025,PN-EQ-07 ,24.0,0.0,7812.4,142.8,350.0,2025-12-07 00:00:00
01/12/2024,PN-EQ-04	,24.0,0.0,10575.5,88.0,460.0,2024-12-02 00:00:00
02/09/2024,pn-eq-01,15.7,8.3,7325.5,140.3,520.0,2024-09-03 00:00:00
05/08/2025,PN-EQ-09	,14.4,9.6,3152.8,74.3,260.0,2025-08-06 00:00:00
13/07/2025,PNEQ01,23.5,0.5,11751.5,67.7,520.0,2025-07-14 00:00:00
08/02/2024,PN-EQ-08 ,13.2,10.8,4738.8,88.7,400.0,2024-02-09 00:00:00
01/11/2024,PN_EQ_05,24.0,,6671.3,190.9,300.0,2024-11-02 00:00:00
09/08/2024,PN-EQ-10 ,24.0,0.0,10592.4,272.3,500.0,2024-08-10 00:00:00
29/06/2024,PN-EQ-10,24.0,0.0,10470.2,203.7,500.0,2024-06-30 00:00:00
14/11/2025,PN-EQ-06	,24.0,0.0,7056.1,104.6,300.0,2025-11-15 00:00:00
10/04/2025,pn-eq-02,24.0,0.0,9378.5,209.9,430.0,2025-04-11 00:00:00
16/12/2024,PN-EQ-09	,24.0,0.0,5766.0,156.1,260.0,2024-12-17 00:00:00
02/10/2024,PN-EQ-04 ,24.0,0.0,9156.0,219.2,460.0,2024-10-03 00:00:00
23/02/2025, PN-EQ-06,24.0,0.0,6453.4,142.8,300.0,2025-02-24 00:00:00
01/11/2025,PN-EQ-02	,16.4,7.6,6981.5,46.6,430.0,2025-11-02 00:00:00
13/10/2025,PN_EQ_05,24.0,0.0,6707.0,116.8,300.0,2025-10-14 00:00:00
12/10/2025,pn-eq-06,24.0,0.0,6436.0,221.3,300.0,2025-10-13 00:00:00
03/06/2025,PN-EQ-02,24.0,0.0,10216.8,345.2,430.0,2025-06-04 00:00:00
22/05/2024, PN-EQ-05,24.0,0.0,6754.7,81.8,300.0,2024-05-23 00:00:00
19/03/2025,PN_EQ_06,24.0,0.0,6750.0,,300.0,2025-03-20 00:00:00
17/02/2025,pn-eq-05,17.1,6.9,4152.4,68.1,300.0,2025-02-18 00:00:00
17/11/2025,PNEQ06,24.0,0.0,7128.0,188.6,300.0,2025-11-18 00:00:00
14/02/2025,PN_EQ_04,23.5,0.5,9616.2,171.8,460.0,2025-02-15 00:00:00
19/01/2024, PN-EQ-08,9.1,14.9,3559.4,97.2,400.0,2024-01-20 00:00:00
01/01/2025,PN_EQ_07,24.0,0.0,7461.1,114.0,350.0,2025-01-02 00:00:00
22/05/2025, PN-EQ-09,24.0,0.0,5623.9,82.8,260.0,2025-05-23 00:00:00
26/08/2025,PN-EQ-05 ,24.0,0.0,6356.3,145.4,300.0,2025-08-27 00:00:00
13/01/2025, PN-EQ-03,18.1,5.9,6134.4,149.8,380.0,2025-01-12 00:00:00
17/02/2024,pn-eq-02,24.0,0.0,9944.6,218.1,430.0,2024-02-18 00:00:00
25/10/2024, PN-EQ-05,15.2,8.8,4180.2,97.2,300.0,2024-10-26 00:00:00
01/09/2025,pn-eq-06,24.0,0.0,6848.4,101.1,300.0,2025-09-02 00:00:00
16/06/2024,PN-EQ-05	,10.7,13.3,2813.6,47.0,300.0,2024-06-17 00:00:00
16/03/2025,pn-eq-01,24.0,0.0,12355.2,218.0,520.0,2025-03-17 00:00:00
07/08/2025,pn-eq-07,24.0,0.0,7871.1,195.7,350.0,2025-08-08 00:00:00
10/05/2024,pn-eq-04,22.0,2.0,9371.3,203.0,460.0,2024-05-11 00:00:00
18/09/2025,PN_EQ_09,21.7,2.3,5215.9,89.5,260.0,2025-09-19 00:00:00
02/12/2024,PN-EQ-03,24.0,0.0,8273.0,68.7,380.0,2024-12-03 00:00:00
05/09/2025,PN-EQ-02,24.0,0.0,9079.8,304.6,430.0,2025-09-06 00:00:00
13/04/2024,PN-EQ-08,24.0,0.0,8309.0,199.8,400.0,2024-04-14 00:00:00
11/01/2025,PN-EQ-06,24.0,0.0,6247.0,153.6,300.0,2025-01-12 00:00:00
16/05/2024,PN-EQ-08	,24.0,0.0,9080.9,192.7,400.0,2024-05-17 00:00:00
08/05/2025,PN-EQ-04 ,24.0,0.0,9252.0,212.2,460.0,2025-05-09 00:00:00
27/04/2025,PN_EQ_01,24.0,0.0,10617.2,302.5,520.0,2025-04-28 00:00:00
14/06/2025,PN_EQ_03,24.0,0.0,7522.9,150.1,380.0,2025-06-15 00:00:00
05/09/2025,pn-eq-01,24.0,0.0,10672.4,222.4,520.0,2025-09-06 00:00:00
16/06/2025,PN-EQ-07	,18.4,5.6,6222.7,145.0,350.0,2025-06-17 00:00:00
25/07/2024, PN-EQ-01,20.7,3.3,8574.5,146.9,520.0,2024-07-26 00:00:00
27/05/2024,PN-EQ-04	,24.0,0.0,9935.6,158.3,460.0,2024-05-28 00:00:00
20/05/2025,PN-EQ-06 ,24.0,0.0,6645.2,170.6,300.0,2025-05-21 00:00:00
25/07/2024, PN-EQ-03,24.0,,8580.0,226.0,380.0,2024-07-26 00:00:00
29/11/2024,PN-EQ-03	,24.0,0.0,8224.4,235.7,380.0,2024-11-30 00:00:00
29/04/2025,PN-EQ-01 ,24.0,0.0,10766.3,286.7,520.0,2025-04-30 00:00:00
08/11/2024,PN-EQ-08	,24.0,0.0,8237.5,181.0,400.0,2024-11-09 00:00:00
07/08/2024, PN-EQ-02,24.0,0.0,9595.7,315.5,430.0,2024-08-08 00:00:00
27/09/2024, PN-EQ-10,4.0,,1842.1,13.9,500.0,2024-09-28 00:00:00
14/10/2024,PNEQ02,24.0,0.0,8728.6,203.6,430.0,2024-10-15 00:00:00
07/01/2025,PN-EQ-03	,24.0,0.0,8168.9,219.4,380.0,2025-01-08 00:00:00
17/04/2024,PN-EQ-09	,24.0,0.0,5534.1,96.3,260.0,2024-04-18 00:00:00
25/09/2025,pn-eq-04,18.0,6.0,7404.5,135.3,460.0,2025-09-26 00:00:00
11/10/2025,PN_EQ_05,14.3,9.7,3742.4,77.9,300.0,2025-10-12 00:00:00
18/04/2024,PNEQ08,24.0,0.0,8749.9,214.3,400.0,2024-04-19 00:00:00
26/12/2024,PN-EQ-06	,22.9,1.1,6307.6,174.4,300.0,2024-12-27 00:00:00
13/04/2025,PN-EQ-04	,24.0,0.0,9793.8,221.8,460.0,2025-04-14 00:00:00
22/04/2024,PNEQ04,24.0,0.0,10102.5,0.0,460.0,2024-04-23 00:00:00
25/07/2024, PN-EQ-01,20.7,3.3,7632.2,146.9,520.0,2024-07-23 00:00:00
05/12/2024,PN_EQ_04,24.0,,8991.4,135.8,460.0,2024-12-06 00:00:00
02/06/2024,PN-EQ-10	,1.2,22.8,550.8,12.6,500.0,2024-06-03 00:00:00
22/12/2024,PN-EQ-09,24.0,0.0,5683.2,80.6,260.0,2024-12-23 00:00:00
20/12/2025,PN-EQ-02,24.0,0.0,8924.9,229.0,430.0,2025-12-21 00:00:00
16/12/2024,PN_EQ_07,24.0,0.0,7798.6,245.4,350.0,2024-12-17 00:00:00
05/05/2025,pn-eq-01,24.0,0.0,11866.2,89.1,520.0,2025-05-06 00:00:00
02/01/2025,PN-EQ-10 ,16.2,7.8,6484.4,17.1,500.0,2024-12-31 00:00:00
04/06/2025,PN_EQ_09,24.0,0.0,5568.9,79.0,260.0,2025-06-05 00:00:00
22/12/2025,PN_EQ_05,24.0,0.0,6098.5,181.0,300.0,2025-12-23 00:00:00
07/05/2025,PNEQ05,17.2,6.8,4563.3,94.2,300.0,2025-05-08 00:00:00
27/11/2025,PN-EQ-01	,24.0,0.0,10478.2,181.9,520.0,2025-11-28 00:00:00
12/11/2025,PN-EQ-08,24.0,,8101.0,181.2,400.0,2025-11-13 00:00:00
05/04/2025,PNEQ03,24.0,0.0,7533.6,152.3,380.0,2025-04-06 00:00:00
22/03/2025,PN-EQ-03,24.0,0.0,8612.5,,380.0,2025-03-23 00:00:00
23/10/2025,PNEQ02,24.0,0.0,9666.6,217.4,430.0,2025-10-24 00:00:00
19/02/2024,PN_EQ_09,24.0,0.0,5581.4,71.8,260.0,2024-02-20 00:00:00
01/07/2024,PN_EQ_03,24.0,0.0,7622.6,257.7,380.0,2024-07-02 00:00:00
09/02/2024,PN-EQ-02,24.0,0.0,8767.0,195.9,430.0,2024-02-10 00:00:00
26/03/2024, PN-EQ-04,24.0,0.0,8997.7,195.6,460.0,2024-03-27 00:00:00
04/04/2025,PN-EQ-07,24.0,0.0,8148.5,197.7,350.0,2025-04-05 00:00:00
02/01/2025,PN-EQ-07,24.0,0.0,7748.6,229.1,350.0,2025-01-03 00:00:00
01/08/2025,PN-EQ-03	,24.0,0.0,8466.9,134.5,380.0,2025-08-02 00:00:00
16/02/2024,PN-EQ-03,21.9,2.1,7202.5,228.1,380.0,2024-02-16 00:00:00
25/08/2025,PN-EQ-06,24.0,0.0,6475.0,153.6,300.0,2025-08-26 00:00:00
16/09/2024,PN-EQ-04	,21.6,2.4,8588.0,226.8,460.0,2024-09-17 00:00:00
15/12/2024,PN_EQ_07,24.0,0.0,6291.1,115.6,350.0,2024-12-14 00:00:00
18/04/2024,PN-EQ-10 ,12.0,12.0,4698.0,49.8,500.0,2024-04-16 00:00:00
21/05/2025,PN-EQ-08,24.0,0.0,7621.3,211.6,400.0,2025-05-22 00:00:00
12/08/2024,PN-EQ-10 ,24.0,0.0,10866.2,184.7,500.0,2024-08-13 00:00:00
01/05/2025,PN-EQ-05,4.0,20.0,1094.5,9.3,300.0,2025-05-02 00:00:00
17/10/2025, PN-EQ-04,24.0,0.0,10370.6,146.4,460.0,2025-10-18 00:00:00
17/01/2024,PNEQ05,4.0,20.0,972.1,3.6,300.0,2024-01-18 00:00:00
07/09/2025,PN_EQ_04,24.0,0.0,8854.3,65.2,460.0,2025-09-08 00:00:00
21/06/2024,PN-EQ-01 ,24.0,,11113.5,241.5,520.0,2024-06-22 00:00:00
27/02/2024,PN_EQ_08,21.7,2.3,7437.6,145.7,400.0,2024-02-28 00:00:00
16/06/2024,PN-EQ-01 ,24.0,0.0,9894.4,244.4,520.0,2024-06-17 00:00:00
07/07/2025,pn-eq-05,20.2,3.8,5354.4,81.0,300.0,2025-07-08 00:00:00
27/01/2025,PNEQ07,24.0,0.0,7439.0,159.1,350.0,2025-01-28 00:00:00
06/07/2024, PN-EQ-02,24.0,0.0,8804.7,24.2,430.0,2024-07-07 00:00:00
31/07/2025,PN-EQ-02,24.0,0.0,8918.9,111.1,430.0,2025-08-01 00:00:00
04/03/2024,PN_EQ_04,24.0,0.0,9249.3,227.6,460.0,2024-03-05 00:00:00
08/06/2025,PN-EQ-03	,24.0,0.0,8866.9,102.0,380.0,2025-06-09 00:00:00
09/12/2025,PN_EQ_05,24.0,0.0,6706.2,47.2,300.0,2025-12-10 00:00:00
30/08/2025,PN-EQ-01 ,24.0,0.0,12001.2,254.1,520.0,2025-08-31 00:00:00
30/07/2024,PN-EQ-10,24.0,0.0,10635.5,348.9,500.0,2024-07-31 00:00:00
