orden_id,parada_id,equipo_id,fecha_apertura,tipo_orden,horas_hombre,num_tecnicos,repuesto_principal,costo_repuestos_soles
OT-001973,PAR-002610,PN-EQ-08,2024-09-23,Correctiva,13.3,2,Rodamiento,3583.0
OT-002636,PAR-003478,PN-EQ-10,2026-03-06,Preventiva,13.7,2,Faja/correa,1137.0
OT-001914,PAR-002530,PN-EQ-07,2027-09-29,Correctiva,7.3,2,Faja/correa,2492.0
OT-002633,PAR-003475,PN-EQ-10,2026-02-25,Correctiva,3.4,2,Ninguno (solo mano de obra),7607.0
OT-001142,PAR-001502,PN-EQ-05,2024-05-03,Correctiva,9.2,1,Revestimiento (liner),81.0
OT-001066,PAR-001404,PN-EQ-04,2027-07-02,Preventiva,6.4,2,Faja/correa,1203.0
OT-000838,PAR-001127,PN-EQ-04,2025-02-03,Correctiva,16.2,1,Ninguno (solo mano de obra),5216.0
OT-000324,PAR-000442,PN-EQ-02,2024-12-02,Preventiva,4.5,1,Revestimiento (liner),1726.0
OT-000044,PAR-000056,PN-EQ-01,2024-08-10,Correctiva,8.7,3,Motor eléctrico,2257.0
OT-000541,PAR-000722,PN-EQ-03,2024-01-11,Correctiva,1.1,1,Revestimiento (liner),6710.0
OT-002424,PAR-003209,PN-EQ-09,2027-11-29,Correctiva,6.1,3,Sensor/instrumento,4873.0
OT-001212,PAR-001589,PN-EQ-05,2025-03-18,Correctiva,12.5,2,Rodamiento,6184.0
OT-000127,PAR-000167,PN-EQ-01,2025-10-11,Preventiva,8.4,1,Rodamiento,358.0
OT-002352,PAR-003109,PN-EQ-09,2026-08-30,Correctiva,6.9,2,Sensor/instrumento,7424.0
OT-000150,PAR-000194,PN-EQ-01,2026-02-11,Correctiva,7.9,1,Ninguno (solo mano de obra),7525.0
OT-000947,PAR-001259,PN-EQ-04,2026-02-18,Correctiva,4.5,2,Sello mecánico,3.0
OT-000907,PAR-001212,PN-EQ-04,2025-09-23,Correctiva,7.2,3,Faja/correa,3573.0
OT-001738,PAR-002281,PN-EQ-07,2024-03-13,Preventiva,6.3,3,Faja/correa,2331.0
OT-002378,PAR-003150,PN-EQ-09,2027-03-14,Preventiva,11.0,1,Sello mecánico,608.0
OT-002726,PAR-003590,PN-EQ-10,2027-01-31,Preventiva,12.8,3,Ninguno (solo mano de obra),1177.0
OT-002165,PAR-002856,PN-EQ-08,2027-06-21,Correctiva,8.6,2,Motor eléctrico,1410.0
OT-002771,PAR-003644,PN-EQ-10,2027-08-06,Correctiva,0.7,3,Revestimiento (liner),6691.0
OT-000584,PAR-000781,PN-EQ-03,2024-12-23,Correctiva,1.9,1,Faja/correa,4875.0
OT-000884,PAR-001182,PN-EQ-04,2025-06-19,Correctiva,16.7,3,Ninguno (solo mano de obra),331.0
OT-000422,PAR-000570,PN-EQ-02,2026-04-22,Preventiva,5.1,3,Rodamiento,1025.0
OT-001345,PAR-001755,PN-EQ-05,2026-09-29,Correctiva,25.7,3,Motor eléctrico,2979.0
OT-000995,PAR-001320,PN-EQ-04,2026-09-19,Correctiva,6.2,1,Ninguno (solo mano de obra),7084.0
OT-002730,PAR-003596,PN-EQ-10,2027-03-01,Correctiva,3.0,3,Faja/correa,2747.0
OT-000747,PAR-001019,PN-EQ-04,2024-01-31,Correctiva,1.3,3,Faja/correa,6571.0
OT-002437,PAR-003227,PN-EQ-10,2024-02-19,Correctiva,4.4,2,Faja/correa,4590.0
OT-002646,PAR-003492,PN-EQ-10,2026-04-17,Correctiva,5.3,3,Sello mecánico,1569.0
OT-002386,PAR-003160,PN-EQ-09,2027-04-20,Preventiva,11.4,3,Motor eléctrico,1879.0
OT-000841,PAR-001130,PN-EQ-04,2025-02-13,Correctiva,26.2,2,Faja/correa,2958.0
OT-002389,PAR-003163,PN-EQ-09,2027-05-06,Preventiva,6.1,1,Rodamiento,689.0
OT-000781,PAR-001061,PN-EQ-04,2024-07-05,Correctiva,6.3,2,Revestimiento (liner),311.0
OT-000934,PAR-001243,PN-EQ-04,2025-12-31,Correctiva,0.6,2,Faja/correa,1590.0
OT-001677,PAR-002199,PN-EQ-06,2027-03-04,Correctiva,2.9,2,Faja/correa,3997.0
OT-000142,PAR-000184,PN-EQ-01,2025-12-31,Correctiva,2.8,2,Sello mecánico,7895.0
OT-000092,PAR-000121,PN-EQ-01,2025-03-30,Correctiva,13.8,2,Faja/correa,1374.0
OT-002768,PAR-003640,PN-EQ-10,2027-07-22,Correctiva,28.4,2,Rodamiento,4813.0
OT-001326,PAR-001734,PN-EQ-05,2026-07-23,Correctiva,22.4,3,Motor eléctrico,2998.0
OT-002718,PAR-003578,PN-EQ-10,2026-12-22,Correctiva,13.9,2,Faja/correa,4324.0
OT-002134,PAR-002819,PN-EQ-08,2026-12-29,Correctiva,4.7,3,Motor eléctrico,454.0
OT-001037,PAR-001371,PN-EQ-04,2027-03-08,Preventiva,6.7,3,Motor eléctrico,89.0
OT-000801,PAR-001084,PN-EQ-04,2024-09-26,Preventiva,5.8,3,Sello mecánico,1100.0
OT-002342,PAR-003091,PN-EQ-09,2026-05-30,Correctiva,0.6,1,Faja/correa,4550.0
OT-000959,PAR-001274,PN-EQ-04,2026-04-01,Preventiva,5.3,3,Faja/correa,1111.0
OT-000831,PAR-001119,PN-EQ-04,2025-01-12,Correctiva,22.1,2,Faja/correa,346.0
OT-002627,PAR-003468,PN-EQ-10,2026-02-12,Correctiva,1.8,3,Sello mecánico,1276.0
OT-002539,PAR-003358,PN-EQ-10,2025-03-27,Correctiva,5.7,1,Rodamiento,7120.0
OT-002379,PAR-003152,PN-EQ-09,2027-03-20,Correctiva,5.4,2,Sello mecánico,4761.0
OT-001482,PAR-001926,PN-EQ-06,2024-05-09,Preventiva,4.3,3,Sensor/instrumento,424.0
OT-000090,PAR-000119,PN-EQ-01,2025-03-24,Correctiva,1.8,2,,1755.0
OT-001827,PAR-002408,PN-EQ-07,2026-02-21,Correctiva,2.0,3,Faja/correa,236.0
OT-001332,PAR-001740,PN-EQ-05,2026-08-12,Correctiva,5.6,1,Rodamiento,6585.0
OT-000166,PAR-000217,PN-EQ-01,2026-05-04,Preventiva,7.6,3,Motor eléctrico,2259.0
OT-002691,PAR-003547,PN-EQ-10,2026-09-20,Preventiva,6.0,1,Sello mecánico,945.0
OT-002060,PAR-002723,PN-EQ-08,2025-12-28,Correctiva,6.6,1,Ninguno (solo mano de obra),3677.0
OT-001470,PAR-001910,PN-EQ-06,2024-02-26,Correctiva,7.2,3,Faja/correa,5631.0
OT-002413,PAR-003196,PN-EQ-09,2027-10-03,Correctiva,7.3,2,Sensor/instrumento,6390.0
OT-001171,PAR-001539,PN-EQ-05,2024-10-04,Preventiva,5.5,2,Sello mecánico,527.0
OT-001400,PAR-001821,PN-EQ-05,2027-05-22,Correctiva,1.9,3,Revestimiento (liner),1267.0
OT-001373,PAR-001787,PN-EQ-05,2027-02-06,Correctiva,2.4,2,Revestimiento (liner),6228.0
OT-001371,PAR-001785,PN-EQ-05,2027-01-30,Correctiva,6.3,3,Sensor/instrumento,3649.0
OT-000804,PAR-001087,PN-EQ-04,2024-10-04,Correctiva,9.4,2,Rodamiento,7674.0
OT-000668,PAR-000910,PN-EQ-03,2026-09-20,Preventiva,10.9,2,Ninguno (solo mano de obra),1751.0
OT-000511,PAR-000683,PN-EQ-02,2027-07-24,Correctiva,9.7,2,Motor eléctrico,7215.0
OT-002765,PAR-003637,PN-EQ-10,2027-07-18,Correctiva,3.8,2,Rodamiento,5468.0
OT-001567,PAR-002047,PN-EQ-06,2025-08-05,Correctiva,1.5,3,Sello mecánico,5234.0
OT-001013,PAR-001344,PN-EQ-04,2026-12-10,Preventiva,6.8,1,Sello mecánico,2346.0
OT-002494,PAR-003300,PN-EQ-10,2024-10-01,Correctiva,22.2,1,Revestimiento (liner),3903.0
OT-001553,PAR-002026,PN-EQ-06,2025-05-17,Preventiva,7.1,3,Sensor/instrumento,2443.0
OT-001953,PAR-002584,PN-EQ-08,2024-05-30,Preventiva,6.6,3,Revestimiento (liner),1713.0
OT-000517,PAR-000692,PN-EQ-02,2027-08-29,Correctiva,0.4,1,Ninguno (solo mano de obra),810.0
OT-000718,PAR-000980,PN-EQ-03,2027-08-05,Preventiva,6.4,1,Revestimiento (liner),1732.0
OT-000792,PAR-001074,PN-EQ-04,2024-08-23,Correctiva,13.2,3,Rodamiento,4052.0
OT-001923,PAR-002543,PN-EQ-07,2027-11-24,Correctiva,12.0,2,Revestimiento (liner),740.0
OT-001203,PAR-001578,PN-EQ-05,2025-02-21,Correctiva,5.5,1,Sensor/instrumento,357.0
OT-002758,PAR-003629,PN-EQ-10,2027-06-26,Correctiva,16.6,2,Motor eléctrico,6159.0
OT-001531,PAR-001997,PN-EQ-06,2025-01-20,Preventiva,9.7,2,Rodamiento,1011.0
OT-002155,PAR-002845,PN-EQ-08,2027-05-11,Correctiva,4.6,1,Sello mecánico,7712.0
OT-000447,PAR-000597,PN-EQ-02,2026-07-30,Preventiva,12.6,2,Motor eléctrico,2365.0
OT-001820,PAR-002398,PN-EQ-07,2025-12-24,Correctiva,3.5,3,Motor eléctrico,4301.0
OT-000705,PAR-000961,PN-EQ-03,2027-05-18,Preventiva,7.1,3,Revestimiento (liner),2316.0
OT-002745,PAR-003613,PN-EQ-10,2027-05-02,Correctiva,20.5,2,Faja/correa,5496.0
OT-000777,PAR-001056,PN-EQ-04,2024-06-10,Correctiva,20.6,3,Revestimiento (liner),2958.0
OT-001616,PAR-002114,PN-EQ-06,2026-05-05,Correctiva,7.6,2,Motor eléctrico,4983.0
OT-000200,PAR-000266,PN-EQ-01,2027-01-03,Preventiva,6.3,2,Revestimiento (liner),1321.0
OT-001688,PAR-002215,PN-EQ-06,2027-04-27,Correctiva,9.5,3,Sensor/instrumento,6564.0
OT-000597,PAR-000806,PN-EQ-03,2025-04-14,Correctiva,1.8,3,Revestimiento (liner),6370.0
OT-001493,PAR-001942,PN-EQ-06,2024-07-07,Correctiva,1.6,1,Motor eléctrico,2696.0
OT-000740,PAR-001010,PN-EQ-04,2024-01-07,Correctiva,16.2,3,Sensor/instrumento,944.0
OT-002160,PAR-002850,PN-EQ-08,2027-05-25,Correctiva,26.8,3,Ninguno (solo mano de obra),1915.0
OT-001545,PAR-002014,PN-EQ-06,2025-04-10,Correctiva,6.2,2,Sensor/instrumento,1059.0
OT-001700,PAR-002233,PN-EQ-06,2027-07-19,Correctiva,13.5,3,Sello mecánico,5548.0
OT-002448,PAR-003240,PN-EQ-10,2024-04-09,Correctiva,27.7,1,Rodamiento,391.0
OT-002418,PAR-003202,PN-EQ-09,2027-10-26,Correctiva,11.1,2,Motor eléctrico,6697.0
OT-000377,PAR-000512,PN-EQ-02,2025-09-09,Correctiva,6.7,3,,7103.0
OT-001139,PAR-001499,PN-EQ-05,2024-04-26,Correctiva,3.3,3,Sello mecánico,4864.0
OT-001776,PAR-002329,PN-EQ-07,2024-12-05,Correctiva,2.7,1,Sensor/instrumento,2422.0
OT-002348,PAR-003103,PN-EQ-09,2026-08-04,Preventiva,7.0,2,Ninguno (solo mano de obra),474.0
OT-001510,PAR-001966,PN-EQ-06,2024-09-27,Correctiva,14.4,3,Faja/correa,4357.0
OT-002280,PAR-003010,PN-EQ-09,2025-04-16,Correctiva,2.0,3,Sello mecánico,5146.0
OT-000260,PAR-000349,PN-EQ-01,2027-12-03,Correctiva,12.8,2,Revestimiento (liner),1452.0
OT-000573,PAR-000767,PN-EQ-03,2024-09-03,Preventiva,4.6,3,Ninguno (solo mano de obra),2177.0
OT-002279,PAR-003008,PN-EQ-09,2025-04-05,Correctiva,1.8,1,Revestimiento (liner),2601.0
OT-001172,PAR-001540,PN-EQ-05,2024-10-07,Correctiva,14.2,3,Faja/correa,1713.0
OT-002698,PAR-003556,PN-EQ-10,2026-10-20,Correctiva,4.1,3,Rodamiento,390.0
OT-000816,PAR-001103,PN-EQ-04,2024-11-15,Correctiva,18.4,3,Motor eléctrico,2394.0
OT-000975,PAR-001295,PN-EQ-04,2026-06-18,Correctiva,6.9,1,Revestimiento (liner),4831.0
OT-002030,PAR-002683,PN-EQ-08,2025-07-25,Correctiva,7.0,3,Sensor/instrumento,920.0
OT-001648,PAR-002160,PN-EQ-06,2026-10-23,Correctiva,8.0,1,Motor eléctrico,3383.0
OT-002606,PAR-003441,PN-EQ-10,2025-12-01,Correctiva,1.8,1,Ninguno (solo mano de obra),1195.0
OT-002670,PAR-003524,PN-EQ-10,2026-07-13,Correctiva,28.5,3,Rodamiento,2903.0
OT-001057,PAR-001395,PN-EQ-04,2027-05-27,Correctiva,18.1,2,Ninguno (solo mano de obra),4927.0
OT-000462,PAR-000617,PN-EQ-02,2026-11-05,Correctiva,7.9,1,Faja/correa,1235.0
OT-000948,PAR-001260,PN-EQ-04,2026-02-21,Correctiva,28.0,3,Revestimiento (liner),5860.0
OT-001678,PAR-002200,PN-EQ-06,2027-03-08,Correctiva,3.3,1,Ninguno (solo mano de obra),549.0
OT-002326,PAR-003069,PN-EQ-09,2026-02-07,Correctiva,5.9,2,Motor eléctrico,5437.0
OT-001413,PAR-001838,PN-EQ-05,2027-07-08,Correctiva,4.9,2,Faja/correa,3138.0
OT-000460,PAR-000615,PN-EQ-02,2026-10-29,Correctiva,1.9,2,Motor eléctrico,2507.0
OT-002086,PAR-002757,PN-EQ-08,2026-04-26,Correctiva,0.9,1,Ninguno (solo mano de obra),6153.0
OT-000041,PAR-000052,PN-EQ-01,2024-07-28,Correctiva,14.0,1,Revestimiento (liner),5345.0
OT-001003,PAR-001330,PN-EQ-04,2026-10-15,Preventiva,6.3,2,Revestimiento (liner),126.0
OT-002770,PAR-003643,PN-EQ-10,2027-08-03,Correctiva,21.3,3,Revestimiento (liner),5875.0
OT-001821,PAR-002399,PN-EQ-07,2025-12-31,Correctiva,7.3,3,Sensor/instrumento,7719.0
OT-000719,PAR-000984,PN-EQ-03,2027-08-15,Correctiva,0.4,3,Rodamiento,5736.0
OT-001831,PAR-002413,PN-EQ-07,2026-03-12,Preventiva,6.4,3,Ninguno (solo mano de obra),1142.0
OT-002103,PAR-002780,PN-EQ-08,2026-07-22,Correctiva,30.3,3,Ninguno (solo mano de obra),6393.0
OT-002385,PAR-003159,PN-EQ-09,2027-04-14,Correctiva,15.6,1,Ninguno (solo mano de obra),2136.0
OT-000761,PAR-001037,PN-EQ-04,2024-03-27,Correctiva,7.9,3,Revestimiento (liner),6748.0
OT-000741,PAR-001011,PN-EQ-04,2024-01-08,Correctiva,0.6,3,Ninguno (solo mano de obra),435.0
OT-002521,PAR-003337,PN-EQ-10,2025-01-17,Correctiva,4.6,3,Faja/correa,5337.0
OT-001685,PAR-002210,PN-EQ-06,2027-04-11,Correctiva,4.9,2,Sensor/instrumento,966.0
OT-001613,PAR-002111,PN-EQ-06,2026-04-23,Correctiva,0.6,3,Sensor/instrumento,1462.0
OT-000580,PAR-000777,PN-EQ-03,2024-12-01,Correctiva,2.0,2,Ninguno (solo mano de obra),4281.0
OT-000193,PAR-000257,PN-EQ-01,2026-12-01,Correctiva,3.3,2,Rodamiento,369.0
OT-001394,PAR-001810,PN-EQ-05,2027-04-23,Correctiva,18.9,3,Sensor/instrumento,5032.0
OT-002027,PAR-002680,PN-EQ-08,2025-07-18,Correctiva,12.6,1,Sello mecánico,6988.0
OT-000967,PAR-001283,PN-EQ-04,2026-05-16,Correctiva,7.8,1,Sensor/instrumento,163.0
OT-001174,PAR-001542,PN-EQ-05,2024-10-17,Correctiva,1.9,3,Rodamiento,127.0
OT-002711,PAR-003571,PN-EQ-10,2026-11-27,Correctiva,7.3,1,Faja/correa,5546.0
OT-001096,PAR-001441,PN-EQ-04,2027-10-27,Correctiva,4.0,1,Motor eléctrico,3451.0
OT-001393,PAR-001809,PN-EQ-05,2027-04-23,Preventiva,6.2,1,Faja/correa,2156.0
OT-001295,PAR-001694,PN-EQ-05,2026-03-22,Preventiva,8.9,1,Rodamiento,2174.0
OT-002141,PAR-002828,PN-EQ-08,2027-02-05,Correctiva,6.0,2,Ninguno (solo mano de obra),2737.0
OT-001178,PAR-001550,PN-EQ-05,2024-11-05,Correctiva,18.5,1,Motor eléctrico,4751.0
OT-001976,PAR-002613,PN-EQ-08,2024-10-04,Correctiva,23.4,1,Faja/correa,696.0
OT-002486,PAR-003288,PN-EQ-10,2024-08-24,Correctiva,9.0,3,Revestimiento (liner),1594.0
OT-001449,PAR-001881,PN-EQ-05,2027-10-31,Correctiva,5.9,3,Faja/correa,1680.0
OT-002794,PAR-003675,PN-EQ-10,2027-11-24,Preventiva,6.1,2,Sensor/instrumento,1888.0
OT-000468,PAR-000623,PN-EQ-02,2026-11-29,Correctiva,4.8,3,Sensor/instrumento,1673.0
OT-002315,PAR-003054,PN-EQ-09,2025-11-01,Correctiva,7.8,2,Ninguno (solo mano de obra),5268.0
OT-000259,PAR-000348,PN-EQ-01,2027-12-01,Correctiva,4.6,3,Sensor/instrumento,5284.0
OT-002005,PAR-002650,PN-EQ-08,2025-03-19,Correctiva,18.8,1,Faja/correa,6271.0
OT-000204,PAR-000270,PN-EQ-01,2027-01-21,Preventiva,6.5,2,Sensor/instrumento,776.0
OT-002759,PAR-003630,PN-EQ-10,2027-06-27,Correctiva,10.2,3,Motor eléctrico,4314.0
OT-000813,PAR-001100,PN-EQ-04,2024-11-02,Preventiva,4.8,2,Revestimiento (liner),1794.0
OT-000290,PAR-000394,PN-EQ-02,2024-06-14,Preventiva,10.0,3,Ninguno (solo mano de obra),1552.0
OT-001606,PAR-002101,PN-EQ-06,2026-03-19,Correctiva,11.6,2,Ninguno (solo mano de obra),2380.0
OT-000802,PAR-001085,PN-EQ-04,2024-09-27,Correctiva,11.1,2,Faja/correa,1556.0
OT-000035,PAR-000045,PN-EQ-01,2024-06-24,Correctiva,2.5,2,Rodamiento,5051.0
OT-000387,PAR-000524,PN-EQ-02,2025-10-06,Correctiva,13.1,1,Motor eléctrico,922.0
OT-002496,PAR-003304,PN-EQ-10,2024-10-12,Correctiva,8.9,1,Ninguno (solo mano de obra),7593.0
OT-001343,PAR-001753,PN-EQ-05,2026-09-27,Correctiva,1.5,1,Ninguno (solo mano de obra),6227.0
OT-000113,PAR-000146,PN-EQ-01,2025-07-13,Correctiva,0.6,2,Motor eléctrico,1268.0
OT-002101,PAR-002778,PN-EQ-08,2026-07-08,Preventiva,14.2,3,Revestimiento (liner),982.0
OT-001547,PAR-002017,PN-EQ-06,2025-04-16,Correctiva,11.4,2,Sello mecánico,2869.0
OT-001622,PAR-002122,PN-EQ-06,2026-06-02,Preventiva,7.6,3,Sensor/instrumento,1719.0
OT-000600,PAR-000809,PN-EQ-03,2025-04-30,Correctiva,0.9,1,Revestimiento (liner),4084.0
OT-002198,PAR-002899,PN-EQ-08,2027-11-21,Correctiva,10.9,1,Faja/correa,6312.0
OT-002351,PAR-003108,PN-EQ-09,2026-08-22,Preventiva,4.6,2,Rodamiento,478.0
OT-002696,PAR-003554,PN-EQ-10,2026-10-17,Correctiva,2.2,3,Sello mecánico,3284.0
OT-000886,PAR-001184,PN-EQ-04,2025-07-03,Correctiva,5.9,3,Motor eléctrico,2781.0
OT-000256,PAR-000345,PN-EQ-01,2027-11-09,Correctiva,21.6,3,Revestimiento (liner),4538.0
OT-001046,PAR-001383,PN-EQ-04,2027-05-02,Correctiva,1.2,2,Sensor/instrumento,6219.0
OT-002712,PAR-003572,PN-EQ-10,2026-12-04,Preventiva,10.8,2,Motor eléctrico,1086.0
OT-000203,PAR-000269,PN-EQ-01,2027-01-08,Correctiva,3.2,3,Motor eléctrico,1516.0
OT-000231,PAR-000309,PN-EQ-01,2027-07-04,Preventiva,5.0,2,Rodamiento,1853.0
OT-001252,PAR-001642,PN-EQ-05,2025-09-05,Preventiva,9.5,1,Rodamiento,1670.0
OT-001349,PAR-001760,PN-EQ-05,2026-10-13,Preventiva,5.5,3,Sello mecánico,413.0
OT-001270,PAR-001666,PN-EQ-05,2025-12-14,Preventiva,7.6,2,Faja/correa,1588.0
OT-000379,PAR-000514,PN-EQ-02,2025-09-12,Correctiva,10.4,1,Rodamiento,5911.0
OT-000316,PAR-000432,PN-EQ-02,2024-10-20,Correctiva,13.1,1,Rodamiento,5040.0
OT-001025,PAR-001357,PN-EQ-04,2027-01-16,Preventiva,4.9,3,Motor eléctrico,1715.0
OT-000729,PAR-000996,PN-EQ-03,2027-10-19,Correctiva,6.6,2,Revestimiento (liner),1442.0
OT-001359,PAR-001771,PN-EQ-05,2026-11-26,Correctiva,7.9,1,Revestimiento (liner),3288.0
OT-002663,PAR-003516,PN-EQ-10,2026-06-16,Correctiva,4.0,1,Motor eléctrico,6292.0
OT-002731,PAR-003597,PN-EQ-10,2027-03-09,Preventiva,10.1,3,Revestimiento (liner),1181.0
OT-001367,PAR-001781,PN-EQ-05,2027-01-05,Correctiva,16.5,3,Motor eléctrico,114.0
OT-000806,PAR-001089,PN-EQ-04,2024-10-08,Correctiva,3.5,2,Rodamiento,6219.0
OT-002752,PAR-003622,PN-EQ-10,2027-06-04,Correctiva,4.7,2,Revestimiento (liner),4198.0
OT-002560,PAR-003380,PN-EQ-10,2025-05-24,Preventiva,7.2,1,Faja/correa,1629.0
OT-000209,PAR-000277,PN-EQ-01,2027-02-19,Correctiva,4.8,3,Faja/correa,5662.0
OT-000207,PAR-000274,PN-EQ-01,2027-02-07,Preventiva,6.2,2,Sensor/instrumento,2473.0
OT-002114,PAR-002791,PN-EQ-08,2026-08-29,Correctiva,7.2,3,Rodamiento,1249.0
OT-001990,PAR-002632,PN-EQ-08,2025-01-02,Preventiva,6.5,2,Faja/correa,1611.0
OT-001768,PAR-002318,PN-EQ-07,2024-10-05,Correctiva,10.0,2,Sensor/instrumento,793.0
OT-002359,PAR-003119,PN-EQ-09,2026-10-28,Correctiva,3.6,2,Faja/correa,3018.0
OT-000672,PAR-000918,PN-EQ-03,2026-10-20,Correctiva,1.8,3,Ninguno (solo mano de obra),6103.0
OT-002705,PAR-003564,PN-EQ-10,2026-11-08,Correctiva,21.1,1,Sello mecánico,3935.0
OT-001636,PAR-002143,PN-EQ-06,2026-08-15,Preventiva,6.7,3,Sello mecánico,1483.0
OT-002459,PAR-003252,PN-EQ-10,2024-05-16,Correctiva,17.5,2,Sensor/instrumento,1065.0
OT-002796,PAR-003677,PN-EQ-10,2027-11-29,Correctiva,21.3,1,Sensor/instrumento,5943.0
OT-000880,PAR-001178,PN-EQ-04,2025-06-12,Correctiva,26.5,2,Sensor/instrumento,6382.0
OT-002169,PAR-002862,PN-EQ-08,2027-07-11,Correctiva,0.5,3,Sensor/instrumento,5275.0
OT-002525,PAR-003341,PN-EQ-10,2025-02-13,Correctiva,8.1,3,Sensor/instrumento,1896.0
OT-000547,PAR-000729,PN-EQ-03,2024-02-16,Correctiva,3.0,1,Ninguno (solo mano de obra),1954.0
OT-000766,PAR-001043,PN-EQ-04,2024-04-11,Correctiva,4.9,3,Motor eléctrico,1678.0
OT-000836,PAR-001125,PN-EQ-04,2025-01-29,Correctiva,13.3,1,Faja/correa,183.0
OT-000779,PAR-001059,PN-EQ-04,2024-06-19,Correctiva,21.8,3,Sello mecánico,4659.0
OT-002791,PAR-003672,PN-EQ-10,2027-11-09,Correctiva,15.7,2,Motor eléctrico,3788.0
OT-000484,PAR-000644,PN-EQ-02,2027-02-18,Correctiva,8.1,3,Sensor/instrumento,4265.0
OT-000051,PAR-000064,PN-EQ-01,2024-09-03,Correctiva,2.1,3,Rodamiento,5345.0
OT-000887,PAR-001186,PN-EQ-04,2025-07-20,Preventiva,7.1,2,Faja/correa,1354.0
OT-002012,PAR-002660,PN-EQ-08,2025-05-05,Correctiva,4.2,3,Sello mecánico,5274.0
OT-001001,PAR-001328,PN-EQ-04,2026-10-10,Correctiva,13.9,2,Motor eléctrico,1686.0
OT-002625,PAR-003466,PN-EQ-10,2026-02-03,Correctiva,11.9,2,Rodamiento,7111.0
OT-001651,PAR-002166,PN-EQ-06,2026-10-29,Preventiva,3.9,1,Faja/correa,708.0
OT-002487,PAR-003289,PN-EQ-10,2024-09-06,Preventiva,5.5,3,Sello mecánico,1778.0
OT-000892,PAR-001192,PN-EQ-04,2025-08-03,Correctiva,3.8,3,Sensor/instrumento,5148.0
OT-000271,PAR-000363,PN-EQ-02,2024-02-05,Correctiva,9.9,1,Sensor/instrumento,1603.0
OT-000119,PAR-000156,PN-EQ-01,2025-08-31,Preventiva,12.3,3,Rodamiento,310.0
OT-002429,PAR-003217,PN-EQ-10,2024-01-10,Correctiva,26.2,2,Sensor/instrumento,1715.0
OT-002559,PAR-003379,PN-EQ-10,2025-05-22,Correctiva,13.4,1,Sensor/instrumento,2678.0
OT-000939,PAR-001248,PN-EQ-04,2026-01-16,Correctiva,8.5,2,Sensor/instrumento,7222.0
OT-000783,PAR-001063,PN-EQ-04,2024-07-11,Correctiva,15.9,1,Motor eléctrico,6246.0
OT-002084,PAR-002754,PN-EQ-08,2026-04-16,Preventiva,4.9,2,Revestimiento (liner),519.0
OT-000543,PAR-000724,PN-EQ-03,2024-01-17,Preventiva,7.4,3,Revestimiento (liner),2465.0
OT-000427,PAR-000575,PN-EQ-02,2026-05-15,Correctiva,4.0,1,Rodamiento,3366.0
OT-000117,PAR-000151,PN-EQ-01,2025-08-17,Correctiva,8.1,3,Faja/correa,120.0
OT-000977,PAR-001298,PN-EQ-04,2026-07-04,Correctiva,16.0,2,Ninguno (solo mano de obra),6457.0
OT-000312,PAR-000425,PN-EQ-02,2024-09-26,Correctiva,9.7,1,Rodamiento,1420.0
OT-002260,PAR-002984,PN-EQ-09,2024-11-20,Correctiva,2.5,3,Revestimiento (liner),5550.0
OT-001772,PAR-002325,PN-EQ-07,2024-11-06,Correctiva,7.1,1,Ninguno (solo mano de obra),3042.0
OT-000139,PAR-000181,PN-EQ-01,2025-12-10,Correctiva,9.2,2,Rodamiento,7332.0
OT-001040,PAR-001374,PN-EQ-04,2027-03-22,Preventiva,11.3,1,Revestimiento (liner),2377.0
OT-000334,PAR-000455,PN-EQ-02,2025-01-20,Correctiva,17.7,3,,4920.0
OT-000800,PAR-001082,PN-EQ-04,2024-09-21,Correctiva,6.7,1,Revestimiento (liner),5217.0
OT-001726,PAR-002265,PN-EQ-06,2027-12-09,Preventiva,6.4,3,Sello mecánico,1902.0
OT-001608,PAR-002104,PN-EQ-06,2026-03-28,Correctiva,0.5,2,Sello mecánico,2073.0
OT-001267,PAR-001660,PN-EQ-05,2025-11-26,Correctiva,22.4,2,Sello mecánico,1380.0
OT-002501,PAR-003311,PN-EQ-10,2024-10-24,Correctiva,1.2,3,Revestimiento (liner),5780.0
OT-002753,PAR-003623,PN-EQ-10,2027-06-07,Preventiva,7.3,2,Sello mecánico,1819.0
OT-001542,PAR-002010,PN-EQ-06,2025-03-25,Correctiva,9.7,3,Faja/correa,6337.0
OT-002300,PAR-003035,PN-EQ-09,2025-07-14,Correctiva,25.7,3,,518.0
OT-001333,PAR-001742,PN-EQ-05,2026-08-21,Preventiva,6.4,2,Sensor/instrumento,1470.0
OT-001111,PAR-001461,PN-EQ-04,2027-12-20,Correctiva,7.3,2,Sensor/instrumento,5477.0
OT-002596,PAR-003426,PN-EQ-10,2025-10-26,Preventiva,10.6,2,Revestimiento (liner),1865.0
OT-001505,PAR-001959,PN-EQ-06,2024-09-02,Correctiva,1.6,3,Sello mecánico,5891.0
OT-000003,PAR-000003,PN-EQ-01,2024-01-19,Correctiva,5.2,1,Ninguno (solo mano de obra),4601.0
OT-001779,PAR-002332,PN-EQ-07,2024-12-24,Preventiva,8.9,3,Motor eléctrico,909.0
OT-000933,PAR-001242,PN-EQ-04,2025-12-26,Correctiva,24.4,3,Motor eléctrico,1966.0
OT-002462,PAR-003257,PN-EQ-10,2024-06-05,Correctiva,15.3,1,Sello mecánico,5243.0
OT-000997,PAR-001323,PN-EQ-04,2026-09-22,Correctiva,16.6,1,Revestimiento (liner),5857.0
OT-002364,PAR-003129,PN-EQ-09,2026-11-25,Preventiva,3.3,3,Motor eléctrico,2236.0
OT-000288,PAR-000391,PN-EQ-02,2024-05-19,Correctiva,0.8,3,Revestimiento (liner),2849.0
OT-002583,PAR-003408,PN-EQ-10,2025-08-09,Correctiva,20.8,3,Sello mecánico,1142.0
OT-001272,PAR-001668,PN-EQ-05,2025-12-31,Preventiva,3.7,3,Revestimiento (liner),854.0
OT-000544,PAR-000725,PN-EQ-03,2024-01-22,Correctiva,0.6,1,Faja/correa,451.0
OT-001800,PAR-002365,PN-EQ-07,2025-07-08,Preventiva,11.4,2,Sello mecánico,428.0
OT-000043,PAR-000055,PN-EQ-01,2024-08-03,Correctiva,13.5,3,Motor eléctrico,4465.0
OT-002600,PAR-003431,PN-EQ-10,2025-11-09,Correctiva,26.7,1,Ninguno (solo mano de obra),3944.0
OT-002662,PAR-003515,PN-EQ-10,2026-06-15,Correctiva,3.3,2,Sensor/instrumento,5854.0
OT-001303,PAR-001703,PN-EQ-05,2026-04-22,Correctiva,3.1,1,Ninguno (solo mano de obra),7921.0
OT-001410,PAR-001835,PN-EQ-05,2027-07-03,Correctiva,22.2,1,Sensor/instrumento,6142.0
OT-001264,PAR-001657,PN-EQ-05,2025-11-08,Correctiva,0.5,3,Rodamiento,7049.0
OT-000189,PAR-000252,PN-EQ-01,2026-11-05,Preventiva,10.5,2,Ninguno (solo mano de obra),508.0
OT-001431,PAR-001858,PN-EQ-05,2027-09-09,Correctiva,25.3,2,Revestimiento (liner),440.0
OT-000129,PAR-000169,PN-EQ-01,2025-10-23,Correctiva,2.0,2,Faja/correa,1620.0
OT-001184,PAR-001556,PN-EQ-05,2024-11-22,Correctiva,1.1,1,Sensor/instrumento,735.0
OT-001781,PAR-002335,PN-EQ-07,2025-01-16,Preventiva,8.6,2,Faja/correa,989.0
OT-000596,PAR-000805,PN-EQ-03,2025-04-12,Preventiva,5.3,1,Motor eléctrico,554.0
OT-000074,PAR-000098,PN-EQ-01,2025-01-16,Correctiva,1.2,1,Faja/correa,2583.0
OT-001490,PAR-001939,PN-EQ-06,2024-06-29,Correctiva,24.1,2,Revestimiento (liner),929.0
OT-001175,PAR-001543,PN-EQ-05,2024-10-20,Correctiva,6.8,1,Revestimiento (liner),2518.0
OT-002108,PAR-002785,PN-EQ-08,2026-08-02,Correctiva,20.6,2,Sensor/instrumento,2342.0
OT-001551,PAR-002024,PN-EQ-06,2025-05-06,Correctiva,12.6,3,Faja/correa,3315.0
OT-000296,PAR-000402,PN-EQ-02,2024-07-12,Correctiva,7.0,3,Ninguno (solo mano de obra),2997.0
OT-001065,PAR-001403,PN-EQ-04,2027-06-28,Correctiva,2.7,1,Rodamiento,1909.0
OT-002237,PAR-002954,PN-EQ-09,2024-06-09,Correctiva,0.5,1,Sello mecánico,1673.0
OT-000496,PAR-000664,PN-EQ-02,2027-03-30,Preventiva,13.1,3,Motor eléctrico,610.0
OT-001609,PAR-002106,PN-EQ-06,2026-04-04,Correctiva,12.8,3,Faja/correa,3454.0
OT-002707,PAR-003567,PN-EQ-10,2026-11-20,Preventiva,4.9,3,Sello mecánico,772.0
OT-002438,PAR-003228,PN-EQ-10,2024-02-21,Preventiva,9.4,2,Sensor/instrumento,939.0
OT-000773,PAR-001052,PN-EQ-04,2024-05-26,Preventiva,5.2,1,Sensor/instrumento,1158.0
OT-000331,PAR-000451,PN-EQ-02,2024-12-30,Correctiva,2.4,3,Rodamiento,877.0
OT-001124,PAR-001479,PN-EQ-05,2024-02-22,Preventiva,12.2,3,Rodamiento,779.0
OT-001374,PAR-001788,PN-EQ-05,2027-02-07,Correctiva,6.4,1,Sensor/instrumento,3341.0
OT-000130,PAR-000170,PN-EQ-01,2025-10-25,Preventiva,5.8,2,Faja/correa,1287.0
OT-001491,PAR-001940,PN-EQ-06,2024-07-02,Correctiva,1.3,3,Rodamiento,7760.0
OT-002183,PAR-002881,PN-EQ-08,2027-09-10,Correctiva,1.3,2,Faja/correa,6301.0
OT-002209,PAR-002912,PN-EQ-08,2027-12-13,Preventiva,7.9,2,Rodamiento,659.0
OT-001045,PAR-001381,PN-EQ-04,2027-04-26,Correctiva,4.5,3,Rodamiento,4577.0
OT-001521,PAR-001982,PN-EQ-06,2024-11-24,Correctiva,17.2,2,Sello mecánico,1310.0
OT-002162,PAR-002853,PN-EQ-08,2027-06-09,Correctiva,11.9,1,Revestimiento (liner),2907.0
OT-002024,PAR-002676,PN-EQ-08,2025-07-03,Correctiva,3.2,1,Sello mecánico,1094.0
OT-002575,PAR-003396,PN-EQ-10,2025-07-08,Correctiva,23.3,3,Revestimiento (liner),7206.0
OT-000096,PAR-000125,PN-EQ-01,2025-04-23,Preventiva,13.3,1,Sensor/instrumento,480.0
OT-000845,PAR-001135,PN-EQ-04,2025-02-19,Correctiva,12.0,2,Sello mecánico,2505.0
OT-001624,PAR-002126,PN-EQ-06,2026-06-04,Correctiva,1.6,2,Sensor/instrumento,3425.0
OT-000158,PAR-000206,PN-EQ-01,2026-03-27,Preventiva,9.0,3,Faja/correa,1664.0
OT-002687,PAR-003542,PN-EQ-10,2026-09-03,Correctiva,1.1,1,Sello mecánico,3173.0
OT-001656,PAR-002173,PN-EQ-06,2026-11-16,Correctiva,5.1,2,Motor eléctrico,6021.0
OT-001244,PAR-001631,PN-EQ-05,2025-07-29,Correctiva,18.8,1,Rodamiento,5972.0
OT-002304,PAR-003039,PN-EQ-09,2025-08-11,Correctiva,11.5,2,Faja/correa,1752.0
OT-002075,PAR-002743,PN-EQ-08,2026-03-12,Correctiva,7.9,2,Ninguno (solo mano de obra),617.0
OT-002684,PAR-003539,PN-EQ-10,2026-08-23,Correctiva,6.2,2,Motor eléctrico,920.0
OT-001471,PAR-001911,PN-EQ-06,2024-02-29,Preventiva,4.7,2,Faja/correa,2356.0
OT-001727,PAR-002266,PN-EQ-06,2027-12-09,Correctiva,1.6,2,Rodamiento,7030.0
OT-000540,PAR-000721,PN-EQ-03,2024-01-02,Correctiva,0.6,3,Motor eléctrico,7965.0
OT-000674,PAR-000920,PN-EQ-03,2026-10-25,Correctiva,7.3,3,Ninguno (solo mano de obra),5905.0
OT-000500,PAR-000668,PN-EQ-02,2027-04-17,Preventiva,13.0,3,Sensor/instrumento,268.0
OT-001294,PAR-001693,PN-EQ-05,2026-03-21,Correctiva,7.6,3,Sensor/instrumento,2014.0
OT-002417,PAR-003201,PN-EQ-09,2027-10-19,Correctiva,0.9,1,Faja/correa,5895.0
OT-002797,PAR-003678,PN-EQ-10,2027-12-04,Correctiva,17.9,1,Sello mecánico,6321.0
OT-000182,PAR-000244,PN-EQ-01,2026-09-17,Preventiva,9.2,3,Revestimiento (liner),1805.0
OT-000554,PAR-000740,PN-EQ-03,2024-04-04,Preventiva,6.4,1,Rodamiento,1652.0
OT-000890,PAR-001190,PN-EQ-04,2025-07-29,Correctiva,1.4,3,Sello mecánico,7123.0
OT-001421,PAR-001847,PN-EQ-05,2027-07-30,Correctiva,2.7,2,Faja/correa,246.0
OT-002615,PAR-003452,PN-EQ-10,2026-01-03,Correctiva,1.1,1,Revestimiento (liner),3984.0
OT-002694,PAR-003551,PN-EQ-10,2026-09-26,Correctiva,31.9,3,Ninguno (solo mano de obra),568.0
OT-002557,PAR-003377,PN-EQ-10,2025-05-12,Correctiva,21.8,3,Faja/correa,4781.0
OT-000912,PAR-001219,PN-EQ-04,2025-10-05,Preventiva,4.3,1,Rodamiento,1998.0
OT-002050,PAR-002710,PN-EQ-08,2025-11-16,Preventiva,7.9,2,Revestimiento (liner),788.0
OT-000378,PAR-000513,PN-EQ-02,2025-09-10,Correctiva,12.7,2,Ninguno (solo mano de obra),941.0
OT-002236,PAR-002953,PN-EQ-09,2024-06-06,Correctiva,2.7,1,Ninguno (solo mano de obra),1121.0
OT-000630,PAR-000851,PN-EQ-03,2025-12-24,Correctiva,10.9,3,Motor eléctrico,5069.0
OT-001907,PAR-002516,PN-EQ-07,2027-07-23,Preventiva,11.3,2,Ninguno (solo mano de obra),1958.0
OT-001793,PAR-002354,PN-EQ-07,2025-04-19,Correctiva,9.4,3,Motor eléctrico,7052.0
OT-002283,PAR-003014,PN-EQ-09,2025-05-11,Correctiva,1.0,3,Sello mecánico,4717.0
OT-000286,PAR-000387,PN-EQ-02,2024-05-10,Correctiva,1.3,3,Sensor/instrumento,7926.0
OT-000603,PAR-000815,PN-EQ-03,2025-05-14,Correctiva,8.1,1,Motor eléctrico,7918.0
OT-002277,PAR-003006,PN-EQ-09,2025-03-30,Correctiva,1.3,1,Faja/correa,4575.0
OT-001454,PAR-001887,PN-EQ-05,2027-11-09,Preventiva,7.4,1,Ninguno (solo mano de obra),1616.0
OT-001117,PAR-001468,PN-EQ-05,2024-01-15,Correctiva,0.5,3,Revestimiento (liner),1047.0
OT-002108,PAR-002785,PN-EQ-08,2026-08-02,Correctiva,20.6,2,Sensor/instrumento,2342.0
OT-000551,PAR-000735,PN-EQ-03,2024-03-17,Correctiva,8.9,1,Rodamiento,5968.0
OT-000408,PAR-000550,PN-EQ-02,2026-01-14,Correctiva,1.1,1,Sello mecánico,1102.0
OT-001639,PAR-002148,PN-EQ-06,2026-09-08,Correctiva,2.0,2,Rodamiento,2494.0
OT-002638,PAR-003480,PN-EQ-10,2026-03-07,Correctiva,1.2,1,Motor eléctrico,922.0
OT-002062,PAR-002726,PN-EQ-08,2026-01-06,Correctiva,9.3,2,Ninguno (solo mano de obra),2310.0
OT-002097,PAR-002772,PN-EQ-08,2026-06-23,Preventiva,7.4,3,Faja/correa,1691.0
OT-002681,PAR-003535,PN-EQ-10,2026-08-13,Correctiva,6.2,1,Rodamiento,6172.0
OT-001209,PAR-001586,PN-EQ-05,2025-03-11,Correctiva,21.2,1,Ninguno (solo mano de obra),525.0
OT-002049,PAR-002709,PN-EQ-08,2025-11-08,Correctiva,1.7,2,Rodamiento,7730.0
OT-001819,PAR-002396,PN-EQ-07,2025-12-23,Preventiva,12.3,3,Revestimiento (liner),2002.0
OT-000755,PAR-001028,PN-EQ-04,2024-03-02,Correctiva,1.1,3,Sensor/instrumento,7695.0
OT-000366,PAR-000495,PN-EQ-02,2025-07-03,Preventiva,12.1,3,Sello mecánico,1200.0
OT-000305,PAR-000414,PN-EQ-02,2024-08-29,Correctiva,13.8,3,Sello mecánico,6161.0
OT-001865,PAR-002464,PN-EQ-07,2026-11-01,Preventiva,5.2,3,Sello mecánico,2252.0
OT-000725,PAR-000990,PN-EQ-03,2027-09-14,Correctiva,5.2,2,Rodamiento,6884.0
OT-002675,PAR-003529,PN-EQ-10,2026-07-23,Preventiva,8.9,1,Rodamiento,127.0
OT-001446,PAR-001877,PN-EQ-05,2027-10-19,Correctiva,1.8,3,Faja/correa,6734.0
OT-001791,PAR-002352,PN-EQ-07,2025-03-31,Preventiva,13.5,2,Ninguno (solo mano de obra),685.0
OT-001240,PAR-001627,PN-EQ-05,2025-07-15,Correctiva,26.6,3,Motor eléctrico,2403.0
OT-001220,PAR-001600,PN-EQ-05,2025-04-30,Correctiva,22.1,1,Rodamiento,7486.0
OT-002126,PAR-002807,PN-EQ-08,2026-11-19,Preventiva,7.5,2,Sensor/instrumento,2100.0
OT-002595,PAR-003425,PN-EQ-10,2025-10-25,Correctiva,26.1,3,Rodamiento,3861.0
OT-002104,PAR-002781,PN-EQ-08,2026-07-26,Correctiva,0.6,2,Sello mecánico,567.0
OT-002282,PAR-003013,PN-EQ-09,2025-05-05,Preventiva,8.7,2,Revestimiento (liner),512.0
OT-001143,PAR-001503,PN-EQ-05,2024-05-17,Correctiva,0.6,3,Rodamiento,6504.0
OT-002475,PAR-003273,PN-EQ-10,2024-07-27,Correctiva,6.2,3,Revestimiento (liner),7270.0
OT-001260,PAR-001651,PN-EQ-05,2025-10-11,Correctiva,3.5,2,Faja/correa,1990.0
OT-000020,PAR-000028,PN-EQ-01,2024-04-24,Correctiva,2.7,1,Faja/correa,6043.0
OT-002801,PAR-003683,PN-EQ-10,2027-12-29,Preventiva,9.8,3,Sello mecánico,2369.0
OT-001122,PAR-001475,PN-EQ-05,2024-02-03,Correctiva,25.8,3,Sello mecánico,109.0
OT-002609,PAR-003444,PN-EQ-10,2025-12-13,Correctiva,18.8,3,Sello mecánico,2309.0
OT-001638,PAR-002147,PN-EQ-06,2026-09-05,Preventiva,12.1,3,Ninguno (solo mano de obra),2296.0
OT-002153,PAR-002842,PN-EQ-08,2027-05-04,Preventiva,4.4,1,Motor eléctrico,271.0
OT-000924,PAR-001232,PN-EQ-04,2025-11-11,Correctiva,5.3,2,Ninguno (solo mano de obra),1914.0
OT-001248,PAR-001636,PN-EQ-05,2025-08-14,Correctiva,25.9,2,Motor eléctrico,4958.0
OT-000787,PAR-001068,PN-EQ-04,2024-07-25,Preventiva,5.6,3,Rodamiento,183.0
OT-001164,PAR-001530,PN-EQ-05,2024-08-31,Correctiva,5.2,2,Sello mecánico,6612.0
OT-001147,PAR-001507,PN-EQ-05,2024-06-03,Preventiva,7.2,1,Revestimiento (liner),1798.0
OT-001896,PAR-002502,PN-EQ-07,2027-04-17,Correctiva,2.7,2,Rodamiento,3319.0
OT-002490,PAR-003295,PN-EQ-10,2024-09-24,Correctiva,19.6,3,,1885.0
OT-000258,PAR-000347,PN-EQ-01,2027-11-27,Preventiva,6.9,1,Sensor/instrumento,572.0
OT-002015,PAR-002664,PN-EQ-08,2025-06-01,Correctiva,2.8,2,Ninguno (solo mano de obra),1722.0
OT-002467,PAR-003264,PN-EQ-10,2024-07-02,Correctiva,6.5,3,Faja/correa,1856.0
OT-001227,PAR-001611,PN-EQ-05,2025-05-27,Correctiva,12.9,1,Sensor/instrumento,3714.0
OT-001654,PAR-002170,PN-EQ-06,2026-11-05,Correctiva,9.9,2,Ninguno (solo mano de obra),352.0
OT-001870,PAR-002470,PN-EQ-07,2026-12-01,Correctiva,4.8,3,Motor eléctrico,1446.0
OT-001479,PAR-001923,PN-EQ-06,2024-04-21,Preventiva,8.6,1,Motor eléctrico,1261.0
OT-001435,PAR-001865,PN-EQ-05,2027-10-01,Correctiva,19.3,2,Sello mecánico,5750.0
OT-000978,PAR-001299,PN-EQ-04,2026-07-05,Correctiva,6.7,3,Motor eléctrico,2930.0
OT-000853,PAR-001147,PN-EQ-04,2025-03-11,Preventiva,7.2,1,Faja/correa,1157.0
OT-000900,PAR-001205,PN-EQ-04,2025-09-04,Correctiva,13.7,1,Sensor/instrumento,1810.0
OT-002640,PAR-003484,PN-EQ-10,2026-03-15,Correctiva,0.8,3,Ninguno (solo mano de obra),7208.0
OT-001709,PAR-002242,PN-EQ-06,2027-08-12,Correctiva,7.7,3,,7166.0
OT-002077,PAR-002745,PN-EQ-08,2026-03-14,Preventiva,9.9,2,Sensor/instrumento,147.0
OT-000905,PAR-001210,PN-EQ-04,2025-09-17,Correctiva,19.5,1,Sensor/instrumento,6433.0
OT-000585,PAR-000782,PN-EQ-03,2024-12-26,Preventiva,7.7,2,Motor eléctrico,1490.0
OT-001130,PAR-001488,PN-EQ-05,2024-03-27,Correctiva,2.9,2,Motor eléctrico,1704.0
OT-002740,PAR-003607,PN-EQ-10,2027-04-17,Preventiva,10.3,3,Ninguno (solo mano de obra),1407.0
OT-000549,PAR-000732,PN-EQ-03,2024-02-24,Correctiva,1.0,3,Sello mecánico,7210.0
OT-001548,PAR-002019,PN-EQ-06,2025-04-26,Correctiva,0.6,3,Faja/correa,114.0
OT-001751,PAR-002299,PN-EQ-07,2024-07-01,Correctiva,5.1,2,Motor eléctrico,1878.0
OT-002423,PAR-003208,PN-EQ-09,2027-11-23,Correctiva,3.2,3,Sello mecánico,755.0
OT-002705,PAR-003564,PN-EQ-10,2026-11-08,Correctiva,21.1,1,Sello mecánico,3935.0
OT-001223,PAR-001605,PN-EQ-05,2025-05-10,Preventiva,10.2,2,Rodamiento,1932.0
OT-000216,PAR-000284,PN-EQ-01,2027-04-08,Preventiva,8.2,1,Sensor/instrumento,364.0
OT-000665,PAR-000907,PN-EQ-03,2026-08-31,Correctiva,2.4,2,Revestimiento (liner),2334.0
OT-001313,PAR-001719,PN-EQ-05,2026-05-30,Correctiva,0.7,2,Sello mecánico,1879.0
OT-001370,PAR-001784,PN-EQ-05,2027-01-26,Preventiva,4.3,3,Motor eléctrico,439.0
OT-002334,PAR-003079,PN-EQ-09,2026-03-25,Preventiva,4.8,2,Faja/correa,958.0
OT-000680,PAR-000927,PN-EQ-03,2026-11-17,Correctiva,7.5,1,Sello mecánico,552.0
OT-000878,PAR-001176,PN-EQ-04,2025-05-31,Preventiva,9.7,3,Sello mecánico,685.0
OT-000488,PAR-000650,PN-EQ-02,2027-02-27,Correctiva,2.6,3,Motor eléctrico,4065.0
OT-001279,PAR-001676,PN-EQ-05,2026-01-17,Correctiva,1.5,1,Faja/correa,2450.0
OT-002695,PAR-003552,PN-EQ-10,2026-10-06,Preventiva,11.7,2,Sello mecánico,1163.0
OT-000793,PAR-001075,PN-EQ-04,2024-08-29,Correctiva,0.9,2,Motor eléctrico,5861.0
OT-000842,PAR-001131,PN-EQ-04,2025-02-14,Correctiva,0.5,2,Faja/correa,1165.0
OT-002766,PAR-003638,PN-EQ-10,2027-07-21,Correctiva,4.3,1,Faja/correa,7376.0
OT-001430,PAR-001857,PN-EQ-05,2027-09-05,Correctiva,9.3,1,Sensor/instrumento,6597.0
OT-001736,PAR-002279,PN-EQ-07,2024-03-04,Correctiva,1.9,1,Sello mecánico,4186.0
OT-001450,PAR-001882,PN-EQ-05,2027-11-01,Correctiva,5.0,1,Revestimiento (liner),2179.0
OT-002190,PAR-002891,PN-EQ-08,2027-10-20,Correctiva,10.2,3,Revestimiento (liner),6940.0
OT-002574,PAR-003395,PN-EQ-10,2025-07-07,Preventiva,9.2,2,Sello mecánico,2484.0
OT-001985,PAR-002625,PN-EQ-08,2024-11-29,Correctiva,2.8,2,Sensor/instrumento,1818.0
OT-000730,PAR-000997,PN-EQ-03,2027-10-23,Preventiva,9.1,2,Motor eléctrico,1532.0
OT-000094,PAR-000123,PN-EQ-01,2025-04-07,Preventiva,6.3,1,Ninguno (solo mano de obra),2140.0
OT-002481,PAR-003282,PN-EQ-10,2024-08-11,Correctiva,4.0,2,Sensor/instrumento,1987.0
OT-002172,PAR-002865,PN-EQ-08,2027-07-19,Correctiva,22.7,2,,4165.0
OT-000441,PAR-000590,PN-EQ-02,2026-06-26,Correctiva,23.3,3,Rodamiento,416.0
OT-000486,PAR-000648,PN-EQ-02,2027-02-21,Correctiva,19.4,1,Sello mecánico,5666.0
OT-002122,PAR-002802,PN-EQ-08,2026-10-30,Preventiva,6.6,1,Sensor/instrumento,341.0
OT-000857,PAR-001152,PN-EQ-04,2025-03-24,Correctiva,11.1,3,Revestimiento (liner),4317.0
OT-002716,PAR-003576,PN-EQ-10,2026-12-20,Preventiva,7.3,1,Motor eléctrico,533.0
OT-001549,PAR-002020,PN-EQ-06,2025-04-28,Preventiva,11.8,3,Ninguno (solo mano de obra),1702.0
OT-000638,PAR-000863,PN-EQ-03,2026-02-22,Preventiva,8.6,2,,18.0
OT-001601,PAR-002095,PN-EQ-06,2026-02-25,Correctiva,3.3,2,Rodamiento,5077.0
OT-000771,PAR-001049,PN-EQ-04,2024-05-09,Preventiva,8.8,3,Sello mecánico,1574.0
OT-002400,PAR-003178,PN-EQ-09,2027-07-04,Preventiva,10.3,1,Motor eléctrico,1190.0
OT-001629,PAR-002133,PN-EQ-06,2026-07-07,Correctiva,26.9,3,Revestimiento (liner),2659.0
OT-000048,PAR-000060,PN-EQ-01,2024-08-22,Correctiva,12.3,1,Rodamiento,2581.0
OT-000249,PAR-000336,PN-EQ-01,2027-10-10,Correctiva,10.5,2,Rodamiento,3109.0
OT-001422,PAR-001848,PN-EQ-05,2027-07-31,Correctiva,10.5,2,Rodamiento,7936.0
OT-002219,PAR-002929,PN-EQ-09,2024-03-03,Correctiva,14.1,1,Sensor/instrumento,697.0
OT-000107,PAR-000139,PN-EQ-01,2025-06-21,Correctiva,3.7,2,Sello mecánico,3133.0
OT-001015,PAR-001347,PN-EQ-04,2026-12-18,Correctiva,27.7,3,Revestimiento (liner),476.0
OT-001568,PAR-002049,PN-EQ-06,2025-08-12,Preventiva,11.8,1,,376.0
OT-001092,PAR-001436,PN-EQ-04,2027-10-10,Correctiva,13.7,2,Revestimiento (liner),6689.0
OT-001843,PAR-002430,PN-EQ-07,2026-06-11,Correctiva,7.1,3,Rodamiento,4351.0
OT-002228,PAR-002941,PN-EQ-09,2024-04-23,Preventiva,9.2,1,Ninguno (solo mano de obra),18.0
OT-001699,PAR-002231,PN-EQ-06,2027-07-12,Preventiva,6.4,1,Rodamiento,1213.0
OT-001442,PAR-001873,PN-EQ-05,2027-10-13,Correctiva,7.4,1,Faja/correa,5166.0
OT-002113,PAR-002790,PN-EQ-08,2026-08-26,Correctiva,3.1,1,Sensor/instrumento,1669.0
OT-002308,PAR-003043,PN-EQ-09,2025-08-31,Correctiva,4.8,3,Rodamiento,5236.0
OT-000810,PAR-001096,PN-EQ-04,2024-10-23,Correctiva,6.4,1,Rodamiento,1023.0
OT-000609,PAR-000821,PN-EQ-03,2025-06-21,Preventiva,10.3,3,Revestimiento (liner),1035.0
OT-002325,PAR-003067,PN-EQ-09,2026-01-23,Preventiva,5.0,1,,1618.0
OT-001433,PAR-001862,PN-EQ-05,2027-09-16,Preventiva,9.8,1,Sello mecánico,208.0
OT-002714,PAR-003574,PN-EQ-10,2026-12-13,Correctiva,5.3,2,Revestimiento (liner),2350.0
OT-000654,PAR-000891,PN-EQ-03,2026-06-18,Correctiva,9.9,1,Revestimiento (liner),2304.0
OT-002082,PAR-002752,PN-EQ-08,2026-04-06,Correctiva,0.6,2,Faja/correa,285.0
OT-001189,PAR-001563,PN-EQ-05,2024-12-21,Correctiva,16.0,3,Sensor/instrumento,2637.0
OT-001261,PAR-001652,PN-EQ-05,2025-10-23,Correctiva,9.2,3,Ninguno (solo mano de obra),4305.0
OT-002110,PAR-002787,PN-EQ-08,2026-08-16,Preventiva,11.2,1,Sensor/instrumento,1382.0
OT-001073,PAR-001415,PN-EQ-04,2027-08-10,Correctiva,4.3,3,Motor eléctrico,2224.0
OT-001515,PAR-001974,PN-EQ-06,2024-11-01,Preventiva,9.2,3,Motor eléctrico,1173.0
OT-002249,PAR-002972,PN-EQ-09,2024-09-17,Correctiva,6.4,3,Rodamiento,6919.0
OT-001263,PAR-001654,PN-EQ-05,2025-10-30,Preventiva,10.7,2,Revestimiento (liner),155.0
OT-001266,PAR-001659,PN-EQ-05,2025-11-22,Preventiva,4.0,1,Sello mecánico,983.0
OT-001366,PAR-001780,PN-EQ-05,2027-01-04,Preventiva,7.8,3,Sensor/instrumento,1415.0
OT-002599,PAR-003430,PN-EQ-10,2025-11-01,Correctiva,9.2,1,Revestimiento (liner),5462.0
OT-001180,PAR-001552,PN-EQ-05,2024-11-08,Correctiva,21.9,1,Revestimiento (liner),5262.0
OT-002353,PAR-003110,PN-EQ-09,2026-09-12,Preventiva,5.4,3,Motor eléctrico,3.0
OT-001528,PAR-001991,PN-EQ-06,2024-12-29,Correctiva,11.7,2,Sensor/instrumento,5333.0
OT-000438,PAR-000586,PN-EQ-02,2026-06-20,Preventiva,11.3,3,Faja/correa,1241.0
OT-002581,PAR-003406,PN-EQ-10,2025-08-06,Preventiva,6.9,1,Motor eléctrico,1366.0
OT-002704,PAR-003562,PN-EQ-10,2026-11-05,Correctiva,7.1,1,Motor eléctrico,5777.0
OT-000220,PAR-000292,PN-EQ-01,2027-05-11,Correctiva,5.3,1,Ninguno (solo mano de obra),3907.0
OT-001120,PAR-001471,PN-EQ-05,2024-01-27,Correctiva,4.6,1,Motor eléctrico,2851.0
OT-000860,PAR-001156,PN-EQ-04,2025-03-30,Correctiva,12.5,3,Sello mecánico,7356.0
OT-000102,PAR-000132,PN-EQ-01,2025-05-25,Correctiva,4.3,1,Motor eléctrico,242.0
OT-000300,PAR-000406,PN-EQ-02,2024-07-26,Correctiva,2.4,3,Motor eléctrico,7671.0
OT-000146,PAR-000189,PN-EQ-01,2026-01-14,Preventiva,5.1,2,Rodamiento,2350.0
OT-001864,PAR-002463,PN-EQ-07,2026-10-28,Correctiva,17.4,2,Sensor/instrumento,5380.0
OT-002232,PAR-002946,PN-EQ-09,2024-05-27,Correctiva,0.8,2,Faja/correa,904.0
OT-002263,PAR-002987,PN-EQ-09,2024-12-26,Correctiva,3.8,2,Revestimiento (liner),1521.0
OT-000262,PAR-000351,PN-EQ-01,2027-12-18,Preventiva,8.7,2,Rodamiento,1794.0
OT-002299,PAR-003034,PN-EQ-09,2025-07-12,Correctiva,0.5,3,Revestimiento (liner),1916.0
OT-000726,PAR-000991,PN-EQ-03,2027-10-01,Preventiva,6.6,1,Revestimiento (liner),2065.0
OT-002320,PAR-003061,PN-EQ-09,2025-12-17,Correctiva,1.0,1,Revestimiento (liner),4335.0
OT-001355,PAR-001766,PN-EQ-05,2026-11-10,Correctiva,4.1,2,Motor eléctrico,2065.0
OT-000111,PAR-000143,PN-EQ-01,2025-07-03,Correctiva,1.2,1,Rodamiento,342.0
OT-002230,PAR-002944,PN-EQ-09,2024-05-05,Correctiva,0.6,2,Ninguno (solo mano de obra),3130.0
OT-000935,PAR-001244,PN-EQ-04,2026-01-02,Preventiva,8.5,2,Motor eléctrico,613.0
OT-001475,PAR-001916,PN-EQ-06,2024-03-20,Correctiva,0.6,3,Sello mecánico,7866.0
OT-002216,PAR-002926,PN-EQ-09,2024-02-18,Correctiva,12.0,1,Revestimiento (liner),7066.0
OT-001196,PAR-001570,PN-EQ-05,2025-01-30,Correctiva,5.1,2,Faja/correa,6586.0
OT-001644,PAR-002155,PN-EQ-06,2026-10-10,Preventiva,9.5,2,Faja/correa,1868.0
OT-000068,PAR-000089,PN-EQ-01,2024-12-20,Correctiva,4.8,2,Ninguno (solo mano de obra),5077.0
OT-001415,PAR-001840,PN-EQ-05,2027-07-15,Correctiva,3.3,3,Faja/correa,2098.0
OT-001586,PAR-002072,PN-EQ-06,2025-11-30,Correctiva,3.6,1,Motor eléctrico,4033.0
OT-000789,PAR-001071,PN-EQ-04,2024-08-06,Correctiva,19.5,2,Rodamiento,754.0
OT-000906,PAR-001211,PN-EQ-04,2025-09-22,Correctiva,4.6,1,Sensor/instrumento,2439.0
OT-002358,PAR-003118,PN-EQ-09,2026-10-23,Correctiva,0.7,2,Ninguno (solo mano de obra),6690.0
OT-000021,PAR-000029,PN-EQ-01,2024-04-25,Correctiva,11.1,1,Rodamiento,993.0
OT-000571,PAR-000764,PN-EQ-03,2024-08-19,Preventiva,7.6,3,Ninguno (solo mano de obra),1924.0
OT-001544,PAR-002013,PN-EQ-06,2025-04-08,Preventiva,9.9,1,Ninguno (solo mano de obra),1075.0
OT-000386,PAR-000523,PN-EQ-02,2025-10-04,Correctiva,31.1,3,Sensor/instrumento,5464.0
OT-000299,PAR-000405,PN-EQ-02,2024-07-24,Preventiva,10.1,2,Ninguno (solo mano de obra),583.0
OT-000169,PAR-000221,PN-EQ-01,2026-05-20,Correctiva,1.0,3,Motor eléctrico,3908.0
OT-002410,PAR-003191,PN-EQ-09,2027-09-10,Correctiva,13.3,1,Sello mecánico,6400.0
OT-000608,PAR-000820,PN-EQ-03,2025-06-04,Preventiva,5.1,1,Rodamiento,253.0
OT-000108,PAR-000140,PN-EQ-01,2025-06-22,Correctiva,2.3,1,Sello mecánico,1767.0
OT-001426,PAR-001853,PN-EQ-05,2027-08-27,Correctiva,11.2,3,Faja/correa,1070.0
OT-001784,PAR-002341,PN-EQ-07,2025-02-05,Preventiva,5.2,2,Ninguno (solo mano de obra),2386.0
OT-000446,PAR-000596,PN-EQ-02,2026-07-29,Correctiva,1.1,3,Rodamiento,3258.0
OT-000397,PAR-000537,PN-EQ-02,2025-12-05,Correctiva,4.9,1,Motor eléctrico,5081.0
OT-002535,PAR-003354,PN-EQ-10,2025-03-17,Correctiva,31.3,3,Faja/correa,667.0
OT-000624,PAR-000842,PN-EQ-03,2025-11-09,Correctiva,2.0,3,Motor eléctrico,3394.0
OT-002551,PAR-003370,PN-EQ-10,2025-04-28,Correctiva,3.2,3,Faja/correa,3102.0
OT-002466,PAR-003262,PN-EQ-10,2024-06-18,Preventiva,5.8,3,Sello mecánico,2074.0
OT-001583,PAR-002068,PN-EQ-06,2025-11-22,Correctiva,24.0,3,Sello mecánico,2757.0
OT-000798,PAR-001080,PN-EQ-04,2024-09-16,Correctiva,3.1,2,Sello mecánico,4193.0
OT-002562,PAR-003382,PN-EQ-10,2025-05-30,Correctiva,4.6,1,Sello mecánico,7526.0
OT-001978,PAR-002616,PN-EQ-08,2024-10-25,Correctiva,13.2,3,Faja/correa,7538.0
OT-002313,PAR-003049,PN-EQ-09,2025-09-30,Preventiva,5.5,2,Ninguno (solo mano de obra),1450.0
OT-001942,PAR-002569,PN-EQ-08,2024-03-28,Preventiva,6.3,2,Faja/correa,281.0
OT-000599,PAR-000808,PN-EQ-03,2025-04-28,Preventiva,6.3,2,Sello mecánico,1332.0
OT-001014,PAR-001346,PN-EQ-04,2026-12-14,Correctiva,5.3,3,Motor eléctrico,7713.0
OT-002136,PAR-002822,PN-EQ-08,2027-01-08,Correctiva,16.9,2,Rodamiento,663.0
OT-000840,PAR-001129,PN-EQ-04,2025-02-12,Correctiva,7.3,1,Faja/correa,6167.0
OT-001382,PAR-001797,PN-EQ-05,2027-03-08,Correctiva,4.9,2,Ninguno (solo mano de obra),5617.0
OT-002090,PAR-002761,PN-EQ-08,2026-05-08,Correctiva,0.8,3,Motor eléctrico,2585.0
OT-001208,PAR-001585,PN-EQ-05,2025-03-08,Correctiva,11.8,1,Faja/correa,880.0
OT-002744,PAR-003612,PN-EQ-10,2027-04-28,Correctiva,2.4,1,Motor eléctrico,5957.0
OT-000498,PAR-000666,PN-EQ-02,2027-04-12,Correctiva,27.2,1,Sello mecánico,2865.0
OT-002025,PAR-002677,PN-EQ-08,2025-07-09,Correctiva,10.9,3,Sensor/instrumento,6195.0
OT-000191,PAR-000255,PN-EQ-01,2026-11-27,Preventiva,8.0,1,Ninguno (solo mano de obra),865.0
OT-001628,PAR-002132,PN-EQ-06,2026-07-06,Correctiva,16.3,2,Ninguno (solo mano de obra),7987.0
OT-001462,PAR-001897,PN-EQ-05,2027-12-19,Correctiva,15.5,1,Motor eléctrico,3440.0
OT-000721,PAR-000986,PN-EQ-03,2027-08-26,Correctiva,4.0,1,Ninguno (solo mano de obra),168.0
OT-000649,PAR-000881,PN-EQ-03,2026-05-06,Correctiva,25.0,3,Revestimiento (liner),5223.0
OT-000406,PAR-000548,PN-EQ-02,2026-01-09,Correctiva,1.6,2,Faja/correa,773.0
OT-001756,PAR-002304,PN-EQ-07,2024-07-17,Correctiva,1.9,2,Ninguno (solo mano de obra),3640.0
OT-002312,PAR-003048,PN-EQ-09,2025-09-29,Correctiva,6.8,1,Faja/correa,3817.0
OT-001322,PAR-001729,PN-EQ-05,2026-07-10,Correctiva,3.1,3,Rodamiento,6336.0
OT-002021,PAR-002672,PN-EQ-08,2025-06-22,Correctiva,11.3,2,Motor eléctrico,6680.0
OT-002435,PAR-003225,PN-EQ-10,2024-02-04,Correctiva,8.3,2,Ninguno (solo mano de obra),3278.0
OT-001832,PAR-002414,PN-EQ-07,2026-03-16,Correctiva,1.7,2,Ninguno (solo mano de obra),7805.0
OT-002069,PAR-002735,PN-EQ-08,2026-02-12,Correctiva,9.3,1,Rodamiento,5065.0
OT-001757,PAR-002305,PN-EQ-07,2024-07-19,Correctiva,16.3,3,Revestimiento (liner),595.0
OT-001960,PAR-002592,PN-EQ-08,2024-07-13,Correctiva,20.3,3,Motor eléctrico,6323.0
OT-001804,PAR-002374,PN-EQ-07,2025-08-23,Preventiva,8.1,2,Sello mecánico,1618.0
OT-000087,PAR-000115,PN-EQ-01,2025-03-10,Correctiva,0.5,1,Revestimiento (liner),6489.0
OT-000963,PAR-001279,PN-EQ-04,2026-04-28,Correctiva,12.1,1,Sensor/instrumento,7414.0
OT-001356,PAR-001767,PN-EQ-05,2026-11-14,Correctiva,23.3,2,Sensor/instrumento,1354.0
OT-001299,PAR-001698,PN-EQ-05,2026-04-07,Correctiva,0.8,3,Sello mecánico,5035.0
OT-001526,PAR-001988,PN-EQ-06,2024-12-21,Correctiva,9.6,2,Ninguno (solo mano de obra),2930.0
OT-002349,PAR-003105,PN-EQ-09,2026-08-13,Correctiva,17.3,1,Revestimiento (liner),7251.0
OT-001007,PAR-001336,PN-EQ-04,2026-11-02,Correctiva,6.8,3,Ninguno (solo mano de obra),3499.0
OT-001161,PAR-001524,PN-EQ-05,2024-08-14,Correctiva,2.3,2,Faja/correa,1939.0
OT-001851,PAR-002440,PN-EQ-07,2026-08-03,Preventiva,8.7,3,Motor eléctrico,382.0
OT-000320,PAR-000437,PN-EQ-02,2024-11-04,Correctiva,23.1,2,Motor eléctrico,3895.0
OT-002170,PAR-002863,PN-EQ-08,2027-07-13,Correctiva,5.6,3,Rodamiento,3722.0
OT-002145,PAR-002833,PN-EQ-08,2027-03-13,Correctiva,5.6,1,Rodamiento,2639.0
OT-001396,PAR-001814,PN-EQ-05,2027-05-04,Correctiva,16.9,3,,5509.0
OT-002221,PAR-002931,PN-EQ-09,2024-03-13,Preventiva,12.1,2,Sello mecánico,1790.0
OT-001152,PAR-001513,PN-EQ-05,2024-06-22,Correctiva,12.5,2,Sensor/instrumento,3492.0
OT-001890,PAR-002493,PN-EQ-07,2027-03-15,Correctiva,0.6,2,,5801.0
OT-000365,PAR-000494,PN-EQ-02,2025-06-28,Correctiva,4.5,1,Sello mecánico,7282.0
OT-001593,PAR-002083,PN-EQ-06,2026-01-16,Correctiva,1.8,3,Sello mecánico,2843.0
OT-002022,PAR-002674,PN-EQ-08,2025-06-24,Preventiva,4.9,3,Faja/correa,1130.0
OT-002329,PAR-003072,PN-EQ-09,2026-02-23,Correctiva,9.3,2,Rodamiento,3631.0
OT-001662,PAR-002182,PN-EQ-06,2026-12-22,Preventiva,6.6,2,Revestimiento (liner),1255.0
OT-000135,PAR-000175,PN-EQ-01,2025-11-16,Correctiva,31.9,3,Sensor/instrumento,3980.0
OT-001451,PAR-001883,PN-EQ-05,2027-11-02,Correctiva,9.0,3,Sello mecánico,772.0
OT-001368,PAR-001782,PN-EQ-05,2027-01-18,Correctiva,18.1,3,Revestimiento (liner),4308.0
OT-000025,PAR-000033,PN-EQ-01,2024-05-04,Correctiva,8.7,1,Sensor/instrumento,6417.0
OT-001378,PAR-001792,PN-EQ-05,2027-02-14,Correctiva,12.1,1,Revestimiento (liner),2840.0
OT-002419,PAR-003203,PN-EQ-09,2027-10-27,Preventiva,4.9,1,Motor eléctrico,156.0
OT-002288,PAR-003020,PN-EQ-09,2025-05-26,Correctiva,7.9,2,Faja/correa,1307.0
OT-000889,PAR-001189,PN-EQ-04,2025-07-22,Correctiva,6.6,2,Motor eléctrico,7527.0
OT-002131,PAR-002816,PN-EQ-08,2026-12-16,Correctiva,0.4,3,Rodamiento,2229.0
OT-000695,PAR-000949,PN-EQ-03,2027-03-15,Preventiva,10.5,1,Revestimiento (liner),1041.0
OT-001947,PAR-002575,PN-EQ-08,2024-04-26,Correctiva,21.3,1,Sensor/instrumento,4342.0
OT-002343,PAR-003092,PN-EQ-09,2026-06-05,Preventiva,8.8,1,Motor eléctrico,548.0
OT-000513,PAR-000685,PN-EQ-02,2027-07-29,Correctiva,13.4,1,Faja/correa,3837.0
OT-001397,PAR-001816,PN-EQ-05,2027-05-09,Correctiva,16.3,3,Ninguno (solo mano de obra),6162.0
OT-001918,PAR-002537,PN-EQ-07,2027-10-28,Preventiva,10.5,3,Rodamiento,249.0
OT-002645,PAR-003491,PN-EQ-10,2026-04-14,Preventiva,10.5,2,Rodamiento,1072.0
OT-001459,PAR-001893,PN-EQ-05,2027-12-05,Correctiva,13.0,2,Ninguno (solo mano de obra),6786.0
OT-000882,PAR-001180,PN-EQ-04,2025-06-16,Preventiva,6.3,3,Ninguno (solo mano de obra),1565.0
OT-001565,PAR-002042,PN-EQ-06,2025-07-23,Preventiva,4.9,2,Faja/correa,274.0
OT-000562,PAR-000754,PN-EQ-03,2024-06-23,Correctiva,15.6,2,Sello mecánico,4238.0
OT-001657,PAR-002174,PN-EQ-06,2026-11-19,Correctiva,9.2,2,Ninguno (solo mano de obra),4500.0
OT-002193,PAR-002894,PN-EQ-08,2027-11-04,Correctiva,2.0,2,Faja/correa,2687.0
OT-002154,PAR-002843,PN-EQ-08,2027-05-08,Correctiva,15.2,3,Sello mecánico,1021.0
OT-002336,PAR-003084,PN-EQ-09,2026-04-20,Correctiva,10.7,2,Ninguno (solo mano de obra),2440.0
OT-002171,PAR-002864,PN-EQ-08,2027-07-17,Preventiva,7.3,3,Sensor/instrumento,218.0
OT-001597,PAR-002089,PN-EQ-06,2026-02-09,Correctiva,15.5,2,Faja/correa,7083.0
OT-002116,PAR-002794,PN-EQ-08,2026-09-15,Preventiva,10.2,1,Motor eléctrico,1498.0
OT-001564,PAR-002040,PN-EQ-06,2025-07-15,Correctiva,22.5,3,Motor eléctrico,5198.0
OT-001807,PAR-002379,PN-EQ-07,2025-09-23,Correctiva,15.8,3,,6633.0
OT-002576,PAR-003397,PN-EQ-10,2025-07-11,Correctiva,18.1,1,Sello mecánico,6027.0
OT-002095,PAR-002768,PN-EQ-08,2026-06-08,Preventiva,4.4,1,Rodamiento,592.0
OT-002242,PAR-002962,PN-EQ-09,2024-08-10,Correctiva,1.2,3,Faja/correa,4008.0
OT-000332,PAR-000452,PN-EQ-02,2025-01-02,Correctiva,4.8,2,Motor eléctrico,6280.0
OT-002317,PAR-003057,PN-EQ-09,2025-11-26,Preventiva,5.4,1,Revestimiento (liner),134.0
OT-000478,PAR-000637,PN-EQ-02,2027-02-01,Correctiva,3.1,1,Sensor/instrumento,5142.0
OT-001690,PAR-002219,PN-EQ-06,2027-05-17,Preventiva,3.4,3,Faja/correa,1143.0
OT-000348,PAR-000472,PN-EQ-02,2025-04-02,Correctiva,6.2,2,Sensor/instrumento,4660.0
OT-002345,PAR-003096,PN-EQ-09,2026-06-26,Preventiva,10.7,1,Faja/correa,2086.0
OT-000923,PAR-001230,PN-EQ-04,2025-11-09,Correctiva,0.6,1,Ninguno (solo mano de obra),1446.0
OT-002294,PAR-003028,PN-EQ-09,2025-06-26,Correctiva,5.0,3,Rodamiento,7586.0
OT-002409,PAR-003190,PN-EQ-09,2027-09-09,Correctiva,1.8,2,Faja/correa,5892.0
OT-001466,PAR-001906,PN-EQ-06,2024-02-09,Preventiva,5.9,2,Sensor/instrumento,198.0
OT-000606,PAR-000818,PN-EQ-03,2025-05-31,Correctiva,2.3,3,Motor eléctrico,164.0
OT-002087,PAR-002758,PN-EQ-08,2026-04-30,Correctiva,5.7,1,Sello mecánico,7528.0
OT-001225,PAR-001609,PN-EQ-05,2025-05-25,Correctiva,14.2,1,,6952.0
OT-001298,PAR-001697,PN-EQ-05,2026-04-06,Preventiva,8.3,2,Sello mecánico,144.0
OT-001480,PAR-001924,PN-EQ-06,2024-04-25,Correctiva,11.9,3,Sello mecánico,7416.0
OT-001679,PAR-002201,PN-EQ-06,2027-03-10,Correctiva,0.4,3,Faja/correa,7073.0
OT-001894,PAR-002499,PN-EQ-07,2027-03-27,Preventiva,7.1,2,Sensor/instrumento,2087.0
OT-001718,PAR-002254,PN-EQ-06,2027-11-05,Preventiva,6.2,2,Ninguno (solo mano de obra),1602.0
OT-002648,PAR-003495,PN-EQ-10,2026-04-30,Preventiva,8.2,3,Sensor/instrumento,1679.0
OT-000364,PAR-000493,PN-EQ-02,2025-06-21,Correctiva,4.7,3,Ninguno (solo mano de obra),4493.0
OT-001362,PAR-001775,PN-EQ-05,2026-12-12,Preventiva,11.5,1,Revestimiento (liner),409.0
OT-000214,PAR-000282,PN-EQ-01,2027-03-19,Preventiva,7.7,3,Faja/correa,1274.0
OT-001181,PAR-001553,PN-EQ-05,2024-11-12,Correctiva,5.4,1,Ninguno (solo mano de obra),4225.0
OT-002309,PAR-003044,PN-EQ-09,2025-09-09,Correctiva,14.4,2,Revestimiento (liner),3331.0
OT-002549,PAR-003368,PN-EQ-10,2025-04-23,Correctiva,14.4,3,Rodamiento,6221.0
OT-000329,PAR-000448,PN-EQ-02,2024-12-20,Preventiva,12.9,1,Faja/correa,1686.0
OT-000505,PAR-000676,PN-EQ-02,2027-06-10,Preventiva,7.4,2,Rodamiento,152.0
OT-002070,PAR-002736,PN-EQ-08,2026-02-21,Preventiva,11.3,1,Sello mecánico,565.0
OT-001123,PAR-001477,PN-EQ-05,2024-02-11,Correctiva,16.7,1,Revestimiento (liner),6376.0
OT-000929,PAR-001237,PN-EQ-04,2025-12-07,Correctiva,6.6,1,,3644.0
OT-001664,PAR-002184,PN-EQ-06,2026-12-27,Correctiva,29.1,2,Motor eléctrico,2806.0
OT-000738,PAR-001007,PN-EQ-03,2027-12-20,Preventiva,10.5,3,Revestimiento (liner),227.0
OT-000494,PAR-000661,PN-EQ-02,2027-03-22,Correctiva,8.6,2,Revestimiento (liner),2308.0
OT-001887,PAR-002490,PN-EQ-07,2027-02-25,Correctiva,4.1,2,Faja/correa,452.0
OT-001782,PAR-002337,PN-EQ-07,2025-01-20,Correctiva,3.5,2,Motor eléctrico,5344.0
OT-002762,PAR-003634,PN-EQ-10,2027-07-08,Correctiva,31.4,2,Sello mecánico,6316.0
OT-002756,PAR-003626,PN-EQ-10,2027-06-20,Correctiva,3.2,1,Revestimiento (liner),3642.0
OT-001751,PAR-002299,PN-EQ-07,2024-07-01,Correctiva,5.1,2,Motor eléctrico,1878.0
OT-000370,PAR-000502,PN-EQ-02,2025-07-21,Correctiva,2.8,3,Faja/correa,2287.0
OT-000631,PAR-000852,PN-EQ-03,2025-12-28,Preventiva,4.7,3,Rodamiento,1921.0
OT-001899,PAR-002505,PN-EQ-07,2027-04-29,Correctiva,6.9,3,Sello mecánico,7600.0
OT-000657,PAR-000894,PN-EQ-03,2026-07-03,Correctiva,0.8,1,Motor eléctrico,2209.0
OT-001559,PAR-002032,PN-EQ-06,2025-06-01,Preventiva,9.3,2,Revestimiento (liner),1126.0
OT-001071,PAR-001412,PN-EQ-04,2027-07-31,Correctiva,9.4,3,Rodamiento,6537.0
OT-000928,PAR-001236,PN-EQ-04,2025-12-04,Correctiva,12.8,2,Rodamiento,5393.0
OT-001106,PAR-001454,PN-EQ-04,2027-11-24,Preventiva,9.1,1,Sello mecánico,1833.0
OT-000710,PAR-000968,PN-EQ-03,2027-06-08,Correctiva,7.7,2,Sello mecánico,2285.0
OT-002020,PAR-002671,PN-EQ-08,2025-06-19,Correctiva,8.8,3,Ninguno (solo mano de obra),5600.0
OT-000326,PAR-000445,PN-EQ-02,2024-12-13,Correctiva,8.5,1,Sello mecánico,2450.0
OT-001070,PAR-001409,PN-EQ-04,2027-07-18,Preventiva,5.1,1,Faja/correa,886.0
OT-001930,PAR-002550,PN-EQ-07,2027-12-26,Correctiva,12.3,3,Sensor/instrumento,2166.0
OT-001308,PAR-001711,PN-EQ-05,2026-05-08,Correctiva,30.6,3,Rodamiento,6564.0
OT-000429,PAR-000577,PN-EQ-02,2026-05-22,Correctiva,13.9,1,Sello mecánico,6416.0
OT-000590,PAR-000794,PN-EQ-03,2025-02-13,Correctiva,17.3,2,Faja/correa,4742.0
OT-002724,PAR-003586,PN-EQ-10,2027-01-14,Correctiva,13.7,3,Revestimiento (liner),6653.0
OT-000237,PAR-000316,PN-EQ-01,2027-08-09,Preventiva,12.3,3,Ninguno (solo mano de obra),896.0
OT-002009,PAR-002655,PN-EQ-08,2025-04-18,Correctiva,2.2,3,Sensor/instrumento,6290.0
OT-000137,PAR-000179,PN-EQ-01,2025-12-05,Correctiva,3.9,2,Rodamiento,4984.0
OT-001118,PAR-001469,PN-EQ-05,2024-01-17,Correctiva,29.6,2,Sello mecánico,2157.0
OT-001365,PAR-001779,PN-EQ-05,2026-12-30,Correctiva,9.3,3,Faja/correa,6354.0
OT-000227,PAR-000302,PN-EQ-01,2027-06-05,Preventiva,11.1,3,Faja/correa,2213.0
OT-001970,PAR-002606,PN-EQ-08,2024-09-06,Correctiva,9.1,1,Sensor/instrumento,2568.0
OT-002697,PAR-003555,PN-EQ-10,2026-10-19,Correctiva,0.7,3,Faja/correa,7781.0
OT-002598,PAR-003429,PN-EQ-10,2025-10-28,Correctiva,5.9,2,Motor eléctrico,2062.0
OT-002115,PAR-002792,PN-EQ-08,2026-08-31,Preventiva,5.6,3,Ninguno (solo mano de obra),855.0
OT-000302,PAR-000409,PN-EQ-02,2024-08-08,Preventiva,6.5,3,Motor eléctrico,1616.0
OT-001075,PAR-001417,PN-EQ-04,2027-08-17,Correctiva,28.5,2,Ninguno (solo mano de obra),6308.0
OT-000827,PAR-001115,PN-EQ-04,2025-01-02,Preventiva,11.1,3,Ninguno (solo mano de obra),437.0
OT-000628,PAR-000847,PN-EQ-03,2025-11-28,Correctiva,18.1,1,Sello mecánico,183.0
OT-002019,PAR-002670,PN-EQ-08,2025-06-18,Correctiva,3.6,1,Rodamiento,2177.0
OT-000753,PAR-001025,PN-EQ-04,2024-02-21,Correctiva,5.3,3,,4045.0
OT-002652,PAR-003499,PN-EQ-10,2026-05-08,Correctiva,10.8,2,Faja/correa,308.0
OT-000100,PAR-000129,PN-EQ-01,2025-05-11,Correctiva,8.4,2,Faja/correa,7186.0
OT-001892,PAR-002497,PN-EQ-07,2027-03-22,Correctiva,1.6,1,Sello mecánico,4590.0
OT-002664,PAR-003517,PN-EQ-10,2026-06-20,Correctiva,7.5,2,Rodamiento,4325.0
OT-002407,PAR-003188,PN-EQ-09,2027-08-23,Correctiva,8.1,3,Sensor/instrumento,4150.0
OT-001998,PAR-002642,PN-EQ-08,2025-02-09,Preventiva,6.4,3,Sensor/instrumento,662.0
OT-000465,PAR-000620,PN-EQ-02,2026-11-18,Correctiva,0.6,3,Rodamiento,460.0
OT-001986,PAR-002626,PN-EQ-08,2024-12-02,Correctiva,1.3,1,Rodamiento,591.0
OT-002612,PAR-003448,PN-EQ-10,2025-12-22,Preventiva,9.9,3,Motor eléctrico,687.0
OT-000516,PAR-000690,PN-EQ-02,2027-08-15,Preventiva,10.1,2,Ninguno (solo mano de obra),954.0
OT-002764,PAR-003636,PN-EQ-10,2027-07-16,Correctiva,0.6,3,Rodamiento,6461.0
OT-001494,PAR-001943,PN-EQ-06,2024-07-17,Correctiva,9.0,2,Rodamiento,7286.0
OT-001541,PAR-002009,PN-EQ-06,2025-03-23,Preventiva,6.1,3,Rodamiento,1586.0
OT-002689,PAR-003545,PN-EQ-10,2026-09-13,Correctiva,0.8,1,Revestimiento (liner),1707.0
OT-001063,PAR-001401,PN-EQ-04,2027-06-25,Correctiva,17.5,1,Motor eléctrico,1762.0
OT-002427,PAR-003214,PN-EQ-10,2024-01-02,Correctiva,9.1,1,Ninguno (solo mano de obra),1046.0
OT-002363,PAR-003127,PN-EQ-09,2026-11-18,Correctiva,3.2,3,Ninguno (solo mano de obra),5699.0
OT-002660,PAR-003513,PN-EQ-10,2026-06-13,Preventiva,10.3,1,Ninguno (solo mano de obra),1290.0
OT-002665,PAR-003519,PN-EQ-10,2026-06-27,Correctiva,17.7,3,Sello mecánico,1889.0
OT-000868,PAR-001165,PN-EQ-04,2025-04-29,Correctiva,16.4,1,Sello mecánico,2635.0
OT-000088,PAR-000116,PN-EQ-01,2025-03-17,Correctiva,19.7,1,Rodamiento,5151.0
OT-002678,PAR-003532,PN-EQ-10,2026-08-06,Correctiva,9.1,2,Faja/correa,7044.0
OT-001108,PAR-001457,PN-EQ-04,2027-11-29,Correctiva,2.9,1,Rodamiento,4034.0
OT-001197,PAR-001571,PN-EQ-05,2025-02-04,Correctiva,14.5,1,Sensor/instrumento,3544.0
OT-001502,PAR-001955,PN-EQ-06,2024-08-28,Preventiva,6.1,1,Rodamiento,2203.0
OT-001780,PAR-002333,PN-EQ-07,2024-12-27,Correctiva,4.2,2,Sensor/instrumento,5341.0
OT-001633,PAR-002139,PN-EQ-06,2026-07-30,Preventiva,5.0,2,Motor eléctrico,573.0
OT-001249,PAR-001637,PN-EQ-05,2025-08-18,Preventiva,5.2,3,Sello mecánico,2290.0
OT-001949,PAR-002579,PN-EQ-08,2024-05-04,Correctiva,4.8,2,Rodamiento,6899.0
OT-002231,PAR-002945,PN-EQ-09,2024-05-14,Preventiva,5.8,3,Motor eléctrico,1580.0
OT-001074,PAR-001416,PN-EQ-04,2027-08-16,Correctiva,16.7,1,Faja/correa,147.0
OT-000313,PAR-000426,PN-EQ-02,2024-10-03,Correctiva,7.2,3,Revestimiento (liner),6399.0
OT-001803,PAR-002371,PN-EQ-07,2025-08-03,Correctiva,1.4,3,Faja/correa,1266.0
OT-002729,PAR-003595,PN-EQ-10,2027-02-22,Correctiva,11.4,1,Motor eléctrico,6606.0
OT-001476,PAR-001919,PN-EQ-06,2024-03-31,Correctiva,4.3,2,Sensor/instrumento,3361.0
OT-000353,PAR-000479,PN-EQ-02,2025-04-24,Correctiva,9.5,1,Faja/correa,3069.0
OT-002522,PAR-003338,PN-EQ-10,2025-01-26,Correctiva,1.9,2,Motor eléctrico,327.0
OT-001134,PAR-001492,PN-EQ-05,2024-04-01,Correctiva,22.0,2,Faja/correa,1320.0
OT-001532,PAR-001998,PN-EQ-06,2025-01-30,Correctiva,6.6,3,Sensor/instrumento,7906.0
OT-001592,PAR-002082,PN-EQ-06,2026-01-13,Correctiva,3.6,1,Faja/correa,3026.0
OT-000292,PAR-000396,PN-EQ-02,2024-06-17,Correctiva,16.9,3,Sensor/instrumento,3086.0
OT-000883,PAR-001181,PN-EQ-04,2025-06-16,Correctiva,19.9,3,Ninguno (solo mano de obra),702.0
OT-001550,PAR-002022,PN-EQ-06,2025-05-01,Correctiva,3.5,2,Motor eléctrico,2670.0
OT-002167,PAR-002859,PN-EQ-08,2027-07-02,Correctiva,8.4,3,Rodamiento,6551.0
OT-002536,PAR-003355,PN-EQ-10,2025-03-18,Correctiva,5.6,1,Faja/correa,6208.0
OT-001360,PAR-001772,PN-EQ-05,2026-12-01,Correctiva,31.1,1,Sello mecánico,7398.0
OT-000909,PAR-001216,PN-EQ-04,2025-10-01,Correctiva,1.4,2,Motor eléctrico,2276.0
OT-000212,PAR-000280,PN-EQ-01,2027-03-07,Correctiva,0.5,3,Rodamiento,7494.0
OT-001647,PAR-002159,PN-EQ-06,2026-10-22,Correctiva,0.7,1,Motor eléctrico,4469.0
OT-002311,PAR-003046,PN-EQ-09,2025-09-14,Correctiva,8.8,2,Sensor/instrumento,587.0
OT-000136,PAR-000178,PN-EQ-01,2025-12-03,Correctiva,6.3,2,Sello mecánico,6184.0
OT-001006,PAR-001335,PN-EQ-04,2026-11-01,Preventiva,6.5,3,Sensor/instrumento,1138.0
OT-001815,PAR-002390,PN-EQ-07,2025-11-27,Correctiva,11.1,1,Revestimiento (liner),3601.0
OT-001230,PAR-001615,PN-EQ-05,2025-06-14,Correctiva,16.9,3,Rodamiento,727.0
OT-001846,PAR-002434,PN-EQ-07,2026-06-27,Preventiva,9.3,1,Revestimiento (liner),1601.0
OT-002003,PAR-002648,PN-EQ-08,2025-03-16,Correctiva,2.7,1,Faja/correa,1541.0
OT-001109,PAR-001458,PN-EQ-04,2027-12-13,Preventiva,3.8,1,Revestimiento (liner),976.0
OT-000118,PAR-000152,PN-EQ-01,2025-08-18,Correctiva,6.1,3,Motor eléctrico,469.0
OT-000701,PAR-000957,PN-EQ-03,2027-04-30,Correctiva,1.0,1,Sensor/instrumento,5529.0
OT-000760,PAR-001035,PN-EQ-04,2024-03-19,Correctiva,8.1,3,Revestimiento (liner),403.0
OT-001170,PAR-001536,PN-EQ-05,2024-09-24,Correctiva,13.3,2,Revestimiento (liner),2329.0
OT-000287,PAR-000390,PN-EQ-02,2024-05-16,Correctiva,6.9,1,Faja/correa,6717.0
OT-000066,PAR-000087,PN-EQ-01,2024-12-15,Preventiva,7.9,3,Rodamiento,1563.0
OT-000170,PAR-000222,PN-EQ-01,2026-05-23,Preventiva,3.3,2,Motor eléctrico,2196.0
OT-002534,PAR-003352,PN-EQ-10,2025-03-10,Preventiva,5.1,2,Revestimiento (liner),2161.0
OT-001754,PAR-002302,PN-EQ-07,2024-07-15,Correctiva,1.3,1,Sensor/instrumento,3157.0
OT-002085,PAR-002755,PN-EQ-08,2026-04-20,Correctiva,10.2,3,Ninguno (solo mano de obra),6460.0
OT-000010,PAR-000013,PN-EQ-01,2024-03-10,Correctiva,8.5,1,Rodamiento,2870.0
OT-002245,PAR-002965,PN-EQ-09,2024-08-18,Correctiva,1.6,3,Sello mecánico,5237.0
OT-001730,PAR-002270,PN-EQ-07,2024-01-14,Preventiva,4.6,2,Faja/correa,1991.0
OT-000989,PAR-001313,PN-EQ-04,2026-08-19,Correctiva,6.3,1,Rodamiento,7025.0
OT-001226,PAR-001610,PN-EQ-05,2025-05-26,Correctiva,16.5,1,Sello mecánico,5529.0
OT-002289,PAR-003021,PN-EQ-09,2025-06-03,Correctiva,0.9,3,Sensor/instrumento,1593.0
OT-000660,PAR-000898,PN-EQ-03,2026-07-16,Correctiva,0.5,2,Faja/correa,1888.0
OT-000414,PAR-000561,PN-EQ-02,2026-03-01,Preventiva,8.5,2,Sello mecánico,2390.0
OT-001258,PAR-001648,PN-EQ-05,2025-10-04,Correctiva,8.7,2,Sensor/instrumento,6269.0
OT-001496,PAR-001945,PN-EQ-06,2024-07-24,Preventiva,7.4,2,Revestimiento (liner),1724.0
OT-002553,PAR-003372,PN-EQ-10,2025-05-07,Correctiva,18.2,3,Sensor/instrumento,2581.0
OT-002404,PAR-003184,PN-EQ-09,2027-07-26,Preventiva,9.8,1,Rodamiento,196.0
OT-001610,PAR-002107,PN-EQ-06,2026-04-09,Correctiva,0.8,2,Ninguno (solo mano de obra),863.0
OT-000317,PAR-000433,PN-EQ-02,2024-10-22,Correctiva,7.4,2,Motor eléctrico,7964.0
OT-002397,PAR-003173,PN-EQ-09,2027-06-19,Preventiva,10.9,2,Sensor/instrumento,2341.0
OT-001020,PAR-001352,PN-EQ-04,2027-01-05,Correctiva,6.5,3,Ninguno (solo mano de obra),447.0
OT-001888,PAR-002491,PN-EQ-07,2027-03-12,Preventiva,9.8,2,Sensor/instrumento,1003.0
OT-001775,PAR-002328,PN-EQ-07,2024-11-22,Preventiva,10.9,3,Revestimiento (liner),682.0
OT-001908,PAR-002519,PN-EQ-07,2027-07-30,Correctiva,10.8,2,Ninguno (solo mano de obra),3133.0
OT-001254,PAR-001644,PN-EQ-05,2025-09-12,Correctiva,18.9,3,Rodamiento,6077.0
OT-001920,PAR-002539,PN-EQ-07,2027-11-08,Correctiva,1.3,3,Sensor/instrumento,4652.0
OT-002480,PAR-003279,PN-EQ-10,2024-08-05,Correctiva,1.6,2,Motor eléctrico,6337.0
OT-001574,PAR-002058,PN-EQ-06,2025-09-24,Correctiva,17.7,1,Rodamiento,1459.0
OT-002798,PAR-003680,PN-EQ-10,2027-12-15,Preventiva,8.3,2,Rodamiento,124.0
OT-000754,PAR-001026,PN-EQ-04,2024-02-22,Preventiva,9.2,1,Revestimiento (liner),248.0
OT-000177,PAR-000234,PN-EQ-01,2026-07-13,Correctiva,15.3,2,Sensor/instrumento,2611.0
OT-001543,PAR-002011,PN-EQ-06,2025-03-27,Correctiva,16.0,2,Motor eléctrico,1786.0
OT-002186,PAR-002886,PN-EQ-08,2027-09-29,Preventiva,11.3,3,Ninguno (solo mano de obra),746.0
OT-002488,PAR-003290,PN-EQ-10,2024-09-16,Correctiva,3.3,1,Revestimiento (liner),812.0
OT-002734,PAR-003600,PN-EQ-10,2027-03-20,Correctiva,12.1,2,Motor eléctrico,7503.0
OT-002484,PAR-003286,PN-EQ-10,2024-08-20,Correctiva,26.2,2,Rodamiento,4811.0
OT-000421,PAR-000569,PN-EQ-02,2026-04-18,Correctiva,21.2,1,Sensor/instrumento,3719.0
OT-002208,PAR-002911,PN-EQ-08,2027-12-12,Correctiva,1.6,1,Motor eléctrico,3295.0
OT-002414,PAR-003197,PN-EQ-09,2027-10-04,Correctiva,0.4,1,Revestimiento (liner),3764.0
OT-001665,PAR-002185,PN-EQ-06,2026-12-28,Correctiva,1.2,3,Ninguno (solo mano de obra),1401.0
OT-002393,PAR-003169,PN-EQ-09,2027-05-21,Preventiva,5.6,1,Motor eléctrico,668.0
OT-000242,PAR-000323,PN-EQ-01,2027-09-03,Correctiva,5.8,3,Sensor/instrumento,4527.0
OT-001931,PAR-002551,PN-EQ-07,2027-12-27,Correctiva,0.5,3,Rodamiento,7290.0
OT-002519,PAR-003335,PN-EQ-10,2025-01-15,Correctiva,20.9,1,Sensor/instrumento,5609.0
OT-000399,PAR-000539,PN-EQ-02,2025-12-15,Correctiva,14.3,1,Faja/correa,542.0
OT-002391,PAR-003165,PN-EQ-09,2027-05-09,Correctiva,2.6,2,Revestimiento (liner),447.0
OT-000084,PAR-000111,PN-EQ-01,2025-02-19,Correctiva,0.6,2,Motor eléctrico,6019.0
OT-002474,PAR-003272,PN-EQ-10,2024-07-21,Correctiva,9.9,3,Sello mecánico,1259.0
OT-000799,PAR-001081,PN-EQ-04,2024-09-18,Correctiva,21.5,3,Sello mecánico,545.0
OT-001321,PAR-001728,PN-EQ-05,2026-07-08,Correctiva,24.6,1,Rodamiento,7176.0
OT-001797,PAR-002360,PN-EQ-07,2025-06-04,Correctiva,1.5,2,Sello mecánico,7658.0
OT-000919,PAR-001226,PN-EQ-04,2025-10-24,Correctiva,28.4,1,Sensor/instrumento,2406.0
OT-002206,PAR-002909,PN-EQ-08,2027-12-04,Correctiva,0.7,2,Sello mecánico,1160.0
OT-001395,PAR-001812,PN-EQ-05,2027-05-02,Correctiva,19.3,1,Sello mecánico,6794.0
OT-001978,PAR-002616,PN-EQ-08,2024-10-25,Correctiva,13.2,3,Faja/correa,7538.0
OT-001094,PAR-001438,PN-EQ-04,2027-10-18,Preventiva,12.4,2,Revestimiento (liner),522.0
OT-001042,PAR-001378,PN-EQ-04,2027-04-08,Preventiva,3.6,2,Faja/correa,1879.0
OT-000577,PAR-000773,PN-EQ-03,2024-10-07,Preventiva,4.4,3,Faja/correa,1082.0
OT-000558,PAR-000745,PN-EQ-03,2024-04-26,Preventiva,6.0,2,Faja/correa,284.0
OT-000626,PAR-000844,PN-EQ-03,2025-11-12,Correctiva,2.2,2,Motor eléctrico,7994.0
OT-000381,PAR-000516,PN-EQ-02,2025-09-16,Correctiva,8.2,2,Sello mecánico,2418.0
OT-001247,PAR-001635,PN-EQ-05,2025-08-12,Correctiva,3.0,3,Rodamiento,2000.0
OT-000168,PAR-000219,PN-EQ-01,2026-05-08,Correctiva,6.8,2,Sensor/instrumento,7032.0
OT-000611,PAR-000823,PN-EQ-03,2025-07-08,Preventiva,11.3,2,Sensor/instrumento,1628.0
OT-002140,PAR-002827,PN-EQ-08,2027-02-03,Correctiva,13.1,1,Faja/correa,611.0
OT-000218,PAR-000288,PN-EQ-01,2027-04-15,Correctiva,11.6,1,Revestimiento (liner),1149.0
OT-002495,PAR-003303,PN-EQ-10,2024-10-07,Correctiva,16.4,3,Sello mecánico,7491.0
OT-002428,PAR-003215,PN-EQ-10,2024-01-03,Correctiva,24.3,1,Sensor/instrumento,5371.0
OT-000424,PAR-000572,PN-EQ-02,2026-05-03,Correctiva,0.9,2,Rodamiento,6813.0
OT-000140,PAR-000182,PN-EQ-01,2025-12-30,Preventiva,7.2,3,Sensor/instrumento,837.0
OT-001489,PAR-001936,PN-EQ-06,2024-06-19,Correctiva,0.6,1,Ninguno (solo mano de obra),5210.0
OT-001835,PAR-002417,PN-EQ-07,2026-04-04,Correctiva,2.1,3,Ninguno (solo mano de obra),4431.0
OT-002521,PAR-003337,PN-EQ-10,2025-01-17,Correctiva,4.6,3,Faja/correa,5337.0
OT-002783,PAR-003660,PN-EQ-10,2027-09-28,Preventiva,4.4,2,Rodamiento,281.0
OT-000818,PAR-001105,PN-EQ-04,2024-11-22,Correctiva,17.6,1,Motor eléctrico,7046.0
OT-002354,PAR-003111,PN-EQ-09,2026-09-22,Correctiva,1.1,2,Faja/correa,5136.0
OT-000563,PAR-000755,PN-EQ-03,2024-06-24,Preventiva,10.5,1,Faja/correa,440.0
OT-001587,PAR-002073,PN-EQ-06,2025-12-05,Correctiva,2.6,3,Sello mecánico,151.0
OT-000675,PAR-000922,PN-EQ-03,2026-10-29,Correctiva,6.0,2,Revestimiento (liner),6616.0
OT-000244,PAR-000330,PN-EQ-01,2027-09-23,Correctiva,16.1,3,Ninguno (solo mano de obra),7147.0
OT-002545,PAR-003364,PN-EQ-10,2025-04-09,Correctiva,19.6,2,Ninguno (solo mano de obra),1456.0
OT-000707,PAR-000964,PN-EQ-03,2027-06-05,Correctiva,0.6,1,Rodamiento,3029.0
OT-001077,PAR-001420,PN-EQ-04,2027-08-25,Preventiva,8.9,1,Ninguno (solo mano de obra),1713.0
OT-001822,PAR-002401,PN-EQ-07,2026-01-04,Correctiva,3.8,3,Revestimiento (liner),5948.0
OT-000593,PAR-000798,PN-EQ-03,2025-03-06,Preventiva,6.7,2,Sensor/instrumento,2392.0
OT-000143,PAR-000186,PN-EQ-01,2026-01-09,Correctiva,4.3,3,Sello mecánico,7715.0
OT-000485,PAR-000646,PN-EQ-02,2027-02-19,Correctiva,10.1,1,Rodamiento,7423.0
OT-000991,PAR-001315,PN-EQ-04,2026-08-23,Correctiva,27.2,2,Ninguno (solo mano de obra),5259.0
OT-002149,PAR-002837,PN-EQ-08,2027-04-09,Correctiva,0.4,3,Ninguno (solo mano de obra),1658.0
OT-001456,PAR-001890,PN-EQ-05,2027-11-29,Preventiva,4.9,1,Rodamiento,1714.0
OT-001937,PAR-002559,PN-EQ-08,2024-02-08,Correctiva,9.1,3,Faja/correa,970.0
OT-002257,PAR-002981,PN-EQ-09,2024-10-23,Preventiva,10.3,2,Revestimiento (liner),381.0
OT-002285,PAR-003016,PN-EQ-09,2025-05-17,Correctiva,3.2,1,Sello mecánico,3313.0
OT-001748,PAR-002296,PN-EQ-07,2024-06-07,Preventiva,7.7,2,Rodamiento,304.0
OT-002248,PAR-002968,PN-EQ-09,2024-09-01,Preventiva,6.6,1,Rodamiento,624.0
OT-001809,PAR-002381,PN-EQ-07,2025-09-28,Correctiva,2.7,2,Sensor/instrumento,6577.0
OT-001337,PAR-001746,PN-EQ-05,2026-09-08,Correctiva,20.3,1,Sello mecánico,2694.0
OT-002755,PAR-003625,PN-EQ-10,2027-06-19,Correctiva,6.6,3,Ninguno (solo mano de obra),6173.0
OT-001087,PAR-001430,PN-EQ-04,2027-09-21,Correctiva,8.2,3,Sensor/instrumento,1373.0
OT-000483,PAR-000643,PN-EQ-02,2027-02-12,Correctiva,2.3,2,Sello mecánico,545.0
OT-002264,PAR-002988,PN-EQ-09,2024-12-28,Preventiva,5.3,1,Sello mecánico,695.0
OT-000197,PAR-000262,PN-EQ-01,2026-12-24,Correctiva,0.8,2,Revestimiento (liner),4233.0
OT-000856,PAR-001151,PN-EQ-04,2025-03-21,Correctiva,13.0,2,Rodamiento,6995.0
OT-001630,PAR-002134,PN-EQ-06,2026-07-08,Preventiva,11.2,2,Faja/correa,344.0
OT-001441,PAR-001872,PN-EQ-05,2027-10-12,Correctiva,6.8,2,Revestimiento (liner),6721.0
OT-000417,PAR-000564,PN-EQ-02,2026-03-20,Correctiva,24.3,3,Ninguno (solo mano de obra),2764.0
OT-001369,PAR-001783,PN-EQ-05,2027-01-19,Correctiva,27.0,3,Motor eléctrico,2760.0
OT-000272,PAR-000365,PN-EQ-02,2024-02-20,Correctiva,14.7,3,Sello mecánico,6878.0
OT-002679,PAR-003533,PN-EQ-10,2026-08-10,Preventiva,6.3,3,Revestimiento (liner),1350.0
OT-000344,PAR-000467,PN-EQ-02,2025-02-24,Preventiva,4.0,1,Sensor/instrumento,722.0
OT-001697,PAR-002228,PN-EQ-06,2027-07-07,Correctiva,4.0,2,Revestimiento (liner),2027.0
OT-002372,PAR-003142,PN-EQ-09,2027-01-26,Correctiva,8.9,2,Motor eléctrico,4296.0
OT-000052,PAR-000067,PN-EQ-01,2024-09-22,Correctiva,3.5,1,Rodamiento,4540.0
OT-001135,PAR-001494,PN-EQ-05,2024-04-15,Preventiva,6.3,2,Motor eléctrico,678.0
OT-002693,PAR-003550,PN-EQ-10,2026-09-23,Correctiva,28.6,3,Sello mecánico,5436.0
OT-002064,PAR-002729,PN-EQ-08,2026-01-25,Correctiva,7.5,3,Ninguno (solo mano de obra),2902.0
OT-000788,PAR-001070,PN-EQ-04,2024-07-29,Correctiva,10.5,3,Rodamiento,1620.0
OT-001217,PAR-001596,PN-EQ-05,2025-04-17,Correctiva,18.8,3,Ninguno (solo mano de obra),7006.0
OT-002191,PAR-002892,PN-EQ-08,2027-10-23,Correctiva,0.7,1,Rodamiento,2337.0
OT-001149,PAR-001510,PN-EQ-05,2024-06-16,Correctiva,16.4,1,Rodamiento,5198.0
OT-002143,PAR-002831,PN-EQ-08,2027-02-21,Correctiva,7.3,1,Sello mecánico,7644.0
OT-002035,PAR-002690,PN-EQ-08,2025-08-24,Correctiva,8.0,3,Sello mecánico,3954.0
OT-001159,PAR-001521,PN-EQ-05,2024-08-05,Preventiva,6.6,3,Sello mecánico,1862.0
OT-001154,PAR-001515,PN-EQ-05,2024-07-03,Correctiva,3.7,1,Sello mecánico,64.0
OT-000070,PAR-000092,PN-EQ-01,2024-12-23,Correctiva,8.0,1,,6011.0
OT-000223,PAR-000297,PN-EQ-01,2027-05-21,Preventiva,6.4,3,Motor eléctrico,109.0
OT-002350,PAR-003107,PN-EQ-09,2026-08-21,Correctiva,0.5,3,Ninguno (solo mano de obra),320.0
OT-002455,PAR-003248,PN-EQ-10,2024-05-06,Preventiva,7.1,3,Motor eléctrico,1267.0
OT-001965,PAR-002598,PN-EQ-08,2024-08-03,Preventiva,8.3,3,Sensor/instrumento,1366.0
OT-002203,PAR-002906,PN-EQ-08,2027-12-01,Correctiva,4.7,3,Ninguno (solo mano de obra),4516.0
OT-001144,PAR-001504,PN-EQ-05,2024-05-18,Preventiva,9.0,3,Sensor/instrumento,626.0
OT-000499,PAR-000667,PN-EQ-02,2027-04-15,Correctiva,26.4,3,Sello mecánico,1223.0
OT-000175,PAR-000231,PN-EQ-01,2026-07-04,Preventiva,5.8,1,Ninguno (solo mano de obra),1592.0
OT-001331,PAR-001739,PN-EQ-05,2026-08-06,Correctiva,31.7,3,Rodamiento,4226.0
OT-002590,PAR-003418,PN-EQ-10,2025-09-30,Correctiva,5.0,2,Sensor/instrumento,1004.0
OT-002330,PAR-003073,PN-EQ-09,2026-02-25,Correctiva,0.7,1,Faja/correa,558.0
OT-000535,PAR-000715,PN-EQ-02,2027-12-01,Preventiva,9.4,1,Sensor/instrumento,1477.0
OT-001684,PAR-002208,PN-EQ-06,2027-04-10,Preventiva,6.0,3,Ninguno (solo mano de obra),2186.0
OT-001902,PAR-002508,PN-EQ-07,2027-05-26,Preventiva,11.4,2,Revestimiento (liner),27.0
OT-002157,PAR-002847,PN-EQ-08,2027-05-19,Correctiva,0.5,1,Sensor/instrumento,4990.0
OT-001237,PAR-001624,PN-EQ-05,2025-07-10,Correctiva,20.2,3,Revestimiento (liner),1544.0
OT-001798,PAR-002362,PN-EQ-07,2025-06-16,Preventiva,8.4,2,Sello mecánico,2380.0
OT-001672,PAR-002192,PN-EQ-06,2027-02-14,Correctiva,0.7,1,Motor eléctrico,1610.0
OT-000875,PAR-001172,PN-EQ-04,2025-05-14,Correctiva,1.9,3,Sensor/instrumento,887.0
OT-001458,PAR-001892,PN-EQ-05,2027-12-03,Correctiva,3.5,2,Faja/correa,4855.0
OT-000341,PAR-000463,PN-EQ-02,2025-02-09,Preventiva,8.2,3,Faja/correa,2217.0
OT-002408,PAR-003189,PN-EQ-09,2027-08-30,Preventiva,8.4,2,Sello mecánico,1800.0
OT-000398,PAR-000538,PN-EQ-02,2025-12-10,Preventiva,10.0,2,Sensor/instrumento,2389.0
OT-001507,PAR-001962,PN-EQ-06,2024-09-16,Correctiva,4.1,1,Sensor/instrumento,1319.0
OT-000632,PAR-000853,PN-EQ-03,2025-12-28,Correctiva,4.3,1,Faja/correa,167.0
OT-001418,PAR-001844,PN-EQ-05,2027-07-22,Correctiva,1.9,3,Sello mecánico,3312.0
OT-002091,PAR-002762,PN-EQ-08,2026-05-11,Correctiva,17.8,2,Revestimiento (liner),2764.0
OT-002800,PAR-003682,PN-EQ-10,2027-12-27,Correctiva,11.0,3,Ninguno (solo mano de obra),7813.0
OT-000915,PAR-001222,PN-EQ-04,2025-10-11,Correctiva,2.2,2,Sello mecánico,1388.0
OT-002524,PAR-003340,PN-EQ-10,2025-02-10,Correctiva,2.2,3,Rodamiento,7060.0
OT-000908,PAR-001213,PN-EQ-04,2025-09-25,Correctiva,8.0,3,Ninguno (solo mano de obra),5113.0
OT-001980,PAR-002618,PN-EQ-08,2024-11-01,Preventiva,8.2,3,Faja/correa,1688.0
OT-002464,PAR-003259,PN-EQ-10,2024-06-08,Correctiva,24.4,2,Revestimiento (liner),5876.0
OT-000001,PAR-000001,PN-EQ-01,2024-01-09,Correctiva,3.3,1,Rodamiento,6676.0
OT-002344,PAR-003095,PN-EQ-09,2026-06-17,Correctiva,0.7,3,Faja/correa,6403.0
OT-001280,PAR-001677,PN-EQ-05,2026-01-27,Correctiva,1.1,3,Rodamiento,5770.0
OT-000196,PAR-000261,PN-EQ-01,2026-12-22,Correctiva,6.4,3,Rodamiento,2795.0
OT-001245,PAR-001632,PN-EQ-05,2025-08-03,Preventiva,6.0,1,Revestimiento (liner),1751.0
OT-000264,PAR-000354,PN-EQ-01,2027-12-19,Correctiva,8.9,1,Faja/correa,5371.0
OT-001787,PAR-002347,PN-EQ-07,2025-02-27,Preventiva,8.9,3,Rodamiento,1487.0
OT-000520,PAR-000696,PN-EQ-02,2027-09-16,Correctiva,26.2,2,Sello mecánico,7688.0
OT-001133,PAR-001491,PN-EQ-05,2024-03-31,Preventiva,6.5,3,Revestimiento (liner),1120.0
OT-002124,PAR-002804,PN-EQ-08,2026-11-03,Correctiva,0.7,3,Rodamiento,5340.0
OT-001867,PAR-002467,PN-EQ-07,2026-11-16,Correctiva,0.5,2,Ninguno (solo mano de obra),2138.0
OT-002585,PAR-003411,PN-EQ-10,2025-08-26,Preventiva,7.4,2,Faja/correa,1204.0
OT-000454,PAR-000607,PN-EQ-02,2026-09-18,Correctiva,11.8,3,Sello mecánico,5910.0
OT-001891,PAR-002496,PN-EQ-07,2027-03-20,Correctiva,3.0,1,Motor eléctrico,6264.0
OT-001637,PAR-002144,PN-EQ-06,2026-08-25,Correctiva,22.0,1,Ninguno (solo mano de obra),2290.0
OT-002054,PAR-002716,PN-EQ-08,2025-12-07,Correctiva,13.6,1,Faja/correa,274.0
OT-002489,PAR-003292,PN-EQ-10,2024-09-19,Correctiva,0.7,2,Revestimiento (liner),4492.0
OT-000897,PAR-001201,PN-EQ-04,2025-08-25,Preventiva,7.5,1,Rodamiento,1401.0
OT-000969,PAR-001285,PN-EQ-04,2026-05-20,Correctiva,15.3,1,Faja/correa,935.0
OT-000154,PAR-000202,PN-EQ-01,2026-03-07,Correctiva,3.0,3,Faja/correa,4972.0
OT-000445,PAR-000595,PN-EQ-02,2026-07-27,Correctiva,1.7,3,Rodamiento,2526.0
OT-000490,PAR-000652,PN-EQ-02,2027-02-28,Correctiva,1.9,1,Rodamiento,2818.0
OT-002403,PAR-003182,PN-EQ-09,2027-07-20,Correctiva,1.9,2,Faja/correa,3672.0
OT-001317,PAR-001724,PN-EQ-05,2026-06-23,Preventiva,8.2,3,Faja/correa,1335.0
OT-000659,PAR-000896,PN-EQ-03,2026-07-14,Preventiva,6.4,3,Faja/correa,1629.0
OT-000124,PAR-000163,PN-EQ-01,2025-10-04,Correctiva,1.1,2,Ninguno (solo mano de obra),1105.0
OT-001195,PAR-001569,PN-EQ-05,2025-01-20,Preventiva,6.0,2,Motor eléctrico,826.0
OT-001391,PAR-001807,PN-EQ-05,2027-04-16,Correctiva,19.1,1,Rodamiento,5455.0
OT-001484,PAR-001929,PN-EQ-06,2024-05-14,Correctiva,9.7,3,Ninguno (solo mano de obra),3306.0
OT-002034,PAR-002689,PN-EQ-08,2025-08-23,Preventiva,5.7,1,Revestimiento (liner),1680.0
OT-000036,PAR-000046,PN-EQ-01,2024-07-04,Correctiva,21.5,1,Ninguno (solo mano de obra),7941.0
OT-002268,PAR-002994,PN-EQ-09,2025-02-07,Correctiva,1.1,2,Sello mecánico,1514.0
OT-001778,PAR-002331,PN-EQ-07,2024-12-20,Correctiva,7.2,1,Sensor/instrumento,4859.0
OT-001023,PAR-001355,PN-EQ-04,2027-01-14,Correctiva,17.0,3,,2915.0
OT-000179,PAR-000237,PN-EQ-01,2026-07-28,Correctiva,6.1,2,Rodamiento,6188.0
OT-002273,PAR-002999,PN-EQ-09,2025-02-26,Correctiva,15.4,2,Faja/correa,2053.0
OT-000509,PAR-000680,PN-EQ-02,2027-07-06,Correctiva,3.6,3,Ninguno (solo mano de obra),5669.0
OT-000782,PAR-001062,PN-EQ-04,2024-07-08,Correctiva,3.5,1,Revestimiento (liner),6091.0
OT-001204,PAR-001579,PN-EQ-05,2025-02-22,Correctiva,6.9,2,Sello mecánico,4512.0
OT-002763,PAR-003635,PN-EQ-10,2027-07-10,Correctiva,0.5,1,Rodamiento,3077.0
OT-001767,PAR-002317,PN-EQ-07,2024-10-03,Correctiva,10.6,1,Motor eléctrico,1130.0
OT-002068,PAR-002734,PN-EQ-08,2026-02-08,Correctiva,3.2,3,Sello mecánico,1771.0
OT-002556,PAR-003375,PN-EQ-10,2025-05-10,Correctiva,8.5,1,Sello mecánico,6745.0
OT-001218,PAR-001597,PN-EQ-05,2025-04-20,Preventiva,9.6,1,Motor eléctrico,888.0
OT-001132,PAR-001490,PN-EQ-05,2024-03-29,Correctiva,13.0,2,Rodamiento,244.0
OT-001052,PAR-001389,PN-EQ-04,2027-05-13,Preventiva,7.9,3,Ninguno (solo mano de obra),1546.0
OT-001487,PAR-001934,PN-EQ-06,2024-06-13,Correctiva,3.3,2,Ninguno (solo mano de obra),3004.0
OT-000337,PAR-000458,PN-EQ-02,2025-01-27,Correctiva,6.5,2,Rodamiento,7356.0
OT-001278,PAR-001675,PN-EQ-05,2026-01-17,Preventiva,5.9,2,Revestimiento (liner),638.0
OT-002432,PAR-003221,PN-EQ-10,2024-01-27,Correctiva,24.1,1,Sello mecánico,187.0
OT-000693,PAR-000947,PN-EQ-03,2027-02-21,Preventiva,10.0,3,Revestimiento (liner),1933.0
OT-001770,PAR-002322,PN-EQ-07,2024-10-29,Correctiva,20.6,3,Sensor/instrumento,4366.0
OT-002584,PAR-003410,PN-EQ-10,2025-08-19,Correctiva,7.1,3,Revestimiento (liner),6738.0
OT-000550,PAR-000734,PN-EQ-03,2024-03-09,Correctiva,0.7,2,Faja/correa,6792.0
OT-000774,PAR-001053,PN-EQ-04,2024-05-31,Correctiva,0.6,2,Sensor/instrumento,2521.0
OT-000017,PAR-000023,PN-EQ-01,2024-03-28,Correctiva,15.7,3,Faja/correa,1825.0
OT-002322,PAR-003063,PN-EQ-09,2025-12-24,Correctiva,1.7,3,Faja/correa,4014.0
OT-001285,PAR-001682,PN-EQ-05,2026-02-09,Preventiva,8.5,3,Motor eléctrico,117.0
OT-001088,PAR-001431,PN-EQ-04,2027-09-24,Correctiva,12.1,1,Sensor/instrumento,1537.0
OT-000965,PAR-001281,PN-EQ-04,2026-05-03,Correctiva,15.9,3,Sello mecánico,6551.0
OT-000486,PAR-000648,PN-EQ-02,2027-02-21,Correctiva,19.4,1,Sello mecánico,5666.0
OT-000588,PAR-000787,PN-EQ-03,2025-01-20,Correctiva,0.7,3,Sello mecánico,984.0
OT-001058,PAR-001396,PN-EQ-04,2027-05-28,Preventiva,5.5,1,Sello mecánico,1175.0
OT-000435,PAR-000583,PN-EQ-02,2026-06-14,Correctiva,1.9,1,Sello mecánico,1257.0
OT-001595,PAR-002085,PN-EQ-06,2026-01-22,Preventiva,6.4,3,Faja/correa,2051.0
OT-000050,PAR-000063,PN-EQ-01,2024-09-02,Preventiva,6.8,3,Motor eléctrico,2129.0
OT-000476,PAR-000635,PN-EQ-02,2027-01-11,Correctiva,4.6,1,Revestimiento (liner),4807.0
OT-000106,PAR-000138,PN-EQ-01,2025-06-20,Preventiva,10.7,2,Sensor/instrumento,1623.0
OT-000254,PAR-000342,PN-EQ-01,2027-11-07,Preventiva,6.5,1,Motor eléctrico,1237.0
OT-001739,PAR-002283,PN-EQ-07,2024-03-28,Preventiva,4.8,2,Ninguno (solo mano de obra),828.0
OT-002197,PAR-002898,PN-EQ-08,2027-11-13,Correctiva,5.2,1,Ninguno (solo mano de obra),1018.0
OT-000863,PAR-001159,PN-EQ-04,2025-04-11,Correctiva,15.7,1,Sensor/instrumento,1282.0
OT-001661,PAR-002180,PN-EQ-06,2026-12-15,Correctiva,23.1,2,Faja/correa,1252.0
OT-000373,PAR-000507,PN-EQ-02,2025-08-17,Preventiva,9.2,1,Rodamiento,686.0
OT-001427,PAR-001854,PN-EQ-05,2027-08-28,Correctiva,18.4,2,Faja/correa,1744.0
OT-000122,PAR-000159,PN-EQ-01,2025-09-19,Preventiva,10.9,2,Faja/correa,2017.0
OT-000208,PAR-000276,PN-EQ-01,2027-02-16,Correctiva,8.9,1,Sello mecánico,1306.0
OT-001746,PAR-002293,PN-EQ-07,2024-05-15,Preventiva,7.1,2,Sensor/instrumento,60.0
OT-000683,PAR-000934,PN-EQ-03,2026-12-10,Correctiva,8.1,1,Rodamiento,1510.0
OT-002357,PAR-003116,PN-EQ-09,2026-10-18,Preventiva,7.3,2,Sello mecánico,265.0
OT-000938,PAR-001247,PN-EQ-04,2026-01-12,Correctiva,9.2,3,Sello mecánico,2646.0
OT-002656,PAR-003504,PN-EQ-10,2026-05-25,Correctiva,19.3,3,,1626.0
OT-000832,PAR-001120,PN-EQ-04,2025-01-13,Correctiva,18.8,2,Sensor/instrumento,3669.0
OT-000893,PAR-001193,PN-EQ-04,2025-08-06,Correctiva,4.7,2,Faja/correa,2752.0
OT-001447,PAR-001879,PN-EQ-05,2027-10-25,Correctiva,1.6,2,Faja/correa,5802.0
OT-000252,PAR-000340,PN-EQ-01,2027-11-01,Correctiva,19.2,3,Sensor/instrumento,6575.0
OT-000808,PAR-001093,PN-EQ-04,2024-10-16,Preventiva,10.9,3,Ninguno (solo mano de obra),1084.0
OT-000163,PAR-000213,PN-EQ-01,2026-04-21,Correctiva,11.6,1,Faja/correa,5308.0
OT-001411,PAR-001836,PN-EQ-05,2027-07-04,Preventiva,11.4,3,Sello mecánico,1280.0
OT-000673,PAR-000919,PN-EQ-03,2026-10-22,Correctiva,18.8,3,Motor eléctrico,6364.0
OT-002046,PAR-002704,PN-EQ-08,2025-10-29,Preventiva,8.5,1,Sensor/instrumento,2039.0
OT-000973,PAR-001292,PN-EQ-04,2026-06-03,Correctiva,3.6,3,Sello mecánico,7631.0
OT-001627,PAR-002131,PN-EQ-06,2026-07-05,Correctiva,5.8,1,Motor eléctrico,6310.0
OT-001686,PAR-002213,PN-EQ-06,2027-04-18,Correctiva,1.5,3,Faja/correa,6150.0
OT-000180,PAR-000239,PN-EQ-01,2026-08-08,Preventiva,10.1,2,Rodamiento,376.0
OT-000869,PAR-001166,PN-EQ-04,2025-05-02,Correctiva,10.7,1,Revestimiento (liner),5173.0
OT-001131,PAR-001489,PN-EQ-05,2024-03-28,Correctiva,7.2,2,Ninguno (solo mano de obra),4171.0
OT-001802,PAR-002369,PN-EQ-07,2025-07-31,Preventiva,8.6,3,Revestimiento (liner),1517.0
OT-000437,PAR-000585,PN-EQ-02,2026-06-19,Correctiva,4.7,1,Sensor/instrumento,3522.0
OT-000866,PAR-001162,PN-EQ-04,2025-04-21,Correctiva,1.9,2,Ninguno (solo mano de obra),154.0
OT-000615,PAR-000829,PN-EQ-03,2025-08-24,Correctiva,12.1,3,Sensor/instrumento,2942.0
OT-001694,PAR-002225,PN-EQ-06,2027-06-22,Preventiva,7.8,3,Sello mecánico,621.0
OT-000497,PAR-000665,PN-EQ-02,2027-04-08,Correctiva,6.2,3,Motor eléctrico,7505.0
OT-000005,PAR-000006,PN-EQ-01,2024-01-29,Preventiva,7.3,2,Sello mecánico,773.0
OT-002751,PAR-003621,PN-EQ-10,2027-06-03,Correctiva,7.1,1,Sensor/instrumento,1844.0
OT-000824,PAR-001112,PN-EQ-04,2024-12-18,Correctiva,7.1,2,Faja/correa,6194.0
OT-000850,PAR-001141,PN-EQ-04,2025-03-03,Correctiva,4.5,3,Faja/correa,1300.0
OT-001991,PAR-002634,PN-EQ-08,2025-01-07,Correctiva,21.5,3,Faja/correa,7753.0
OT-001951,PAR-002581,PN-EQ-08,2024-05-14,Preventiva,7.5,2,Ninguno (solo mano de obra),143.0
OT-000528,PAR-000706,PN-EQ-02,2027-10-29,Correctiva,0.9,3,Rodamiento,2936.0
OT-002563,PAR-003383,PN-EQ-10,2025-06-03,Correctiva,8.6,1,Sensor/instrumento,5415.0
OT-000945,PAR-001257,PN-EQ-04,2026-02-15,Correctiva,17.7,1,Faja/correa,6740.0
OT-001061,PAR-001399,PN-EQ-04,2027-06-14,Preventiva,7.9,2,Motor eléctrico,530.0
OT-002159,PAR-002849,PN-EQ-08,2027-05-23,Preventiva,8.2,3,Revestimiento (liner),42.0
OT-001354,PAR-001765,PN-EQ-05,2026-11-07,Correctiva,17.1,3,Sensor/instrumento,3435.0
OT-000383,PAR-000520,PN-EQ-02,2025-09-25,Preventiva,6.3,1,Revestimiento (liner),2402.0
OT-001829,PAR-002410,PN-EQ-07,2026-02-26,Correctiva,2.5,1,Motor eléctrico,437.0
OT-001765,PAR-002315,PN-EQ-07,2024-09-27,Correctiva,0.8,3,Rodamiento,5802.0
OT-000315,PAR-000429,PN-EQ-02,2024-10-09,Correctiva,1.4,2,Motor eléctrico,3138.0
OT-000219,PAR-000290,PN-EQ-01,2027-05-01,Preventiva,9.4,2,Motor eléctrico,1993.0
OT-000109,PAR-000141,PN-EQ-01,2025-06-26,Correctiva,0.4,1,Ninguno (solo mano de obra),4631.0
OT-000470,PAR-000626,PN-EQ-02,2026-12-08,Preventiva,6.9,3,Faja/correa,1595.0
OT-002735,PAR-003601,PN-EQ-10,2027-03-26,Correctiva,19.0,2,Rodamiento,104.0
OT-001160,PAR-001522,PN-EQ-05,2024-08-08,Correctiva,4.3,3,Sello mecánico,1579.0
OT-002187,PAR-002887,PN-EQ-08,2027-10-04,Correctiva,2.9,1,Faja/correa,2265.0
OT-002566,PAR-003386,PN-EQ-10,2025-06-18,Correctiva,20.4,2,Ninguno (solo mano de obra),1018.0
OT-002111,PAR-002788,PN-EQ-08,2026-08-23,Correctiva,0.7,1,Rodamiento,5837.0
OT-001097,PAR-001442,PN-EQ-04,2027-10-28,Correctiva,23.2,2,Sello mecánico,1067.0
OT-001625,PAR-002127,PN-EQ-06,2026-06-12,Correctiva,12.1,2,Motor eléctrico,2813.0
OT-000986,PAR-001310,PN-EQ-04,2026-08-04,Correctiva,23.2,2,Revestimiento (liner),4600.0
OT-000828,PAR-001116,PN-EQ-04,2025-01-03,Correctiva,9.9,1,Ninguno (solo mano de obra),6235.0
OT-002621,PAR-003461,PN-EQ-10,2026-01-25,Correctiva,1.6,2,Faja/correa,6760.0
OT-001233,PAR-001619,PN-EQ-05,2025-06-23,Correctiva,23.8,2,Rodamiento,3464.0
OT-002473,PAR-003270,PN-EQ-10,2024-07-12,Correctiva,1.1,3,Faja/correa,2888.0
OT-002647,PAR-003493,PN-EQ-10,2026-04-26,Correctiva,12.1,3,Motor eléctrico,165.0
OT-002262,PAR-002986,PN-EQ-09,2024-12-12,Preventiva,4.2,2,Sello mecánico,1912.0
OT-002331,PAR-003074,PN-EQ-09,2026-03-01,Correctiva,1.7,1,Sello mecánico,3865.0
OT-001346,PAR-001756,PN-EQ-05,2026-09-30,Correctiva,12.1,2,Sensor/instrumento,4673.0
OT-001830,PAR-002411,PN-EQ-07,2026-03-09,Correctiva,5.9,1,Motor eléctrico,7167.0
OT-000489,PAR-000651,PN-EQ-02,2027-02-28,Preventiva,11.2,1,Sello mecánico,398.0
OT-000116,PAR-000150,PN-EQ-01,2025-08-15,Preventiva,4.0,1,Revestimiento (liner),221.0
OT-001081,PAR-001424,PN-EQ-04,2027-09-10,Correctiva,11.5,2,Sello mecánico,2003.0
OT-002564,PAR-003384,PN-EQ-10,2025-06-07,Correctiva,1.9,2,Sensor/instrumento,257.0
OT-002241,PAR-002960,PN-EQ-09,2024-07-24,Preventiva,7.8,1,Sensor/instrumento,1682.0
OT-001813,PAR-002387,PN-EQ-07,2025-10-31,Preventiva,4.4,1,Sello mecánico,1736.0
OT-001682,PAR-002206,PN-EQ-06,2027-04-01,Correctiva,5.8,2,Motor eléctrico,2755.0
OT-000097,PAR-000126,PN-EQ-01,2025-04-26,Correctiva,8.3,1,Motor eléctrico,1323.0
OT-001429,PAR-001856,PN-EQ-05,2027-09-01,Correctiva,25.6,2,Motor eléctrico,1404.0
OT-002750,PAR-003620,PN-EQ-10,2027-05-27,Correctiva,12.0,3,Sello mecánico,7375.0
OT-001183,PAR-001555,PN-EQ-05,2024-11-19,Correctiva,9.2,3,Ninguno (solo mano de obra),6597.0
OT-002604,PAR-003438,PN-EQ-10,2025-11-25,Correctiva,5.7,3,Faja/correa,6139.0
OT-000503,PAR-000673,PN-EQ-02,2027-05-19,Preventiva,7.2,2,Sello mecánico,1562.0
OT-001940,PAR-002564,PN-EQ-08,2024-03-09,Correctiva,12.0,2,Ninguno (solo mano de obra),3813.0
OT-000172,PAR-000225,PN-EQ-01,2026-06-10,Correctiva,0.8,2,Faja/correa,7087.0
OT-000955,PAR-001269,PN-EQ-04,2026-03-17,Preventiva,8.9,1,Motor eléctrico,601.0
OT-000309,PAR-000421,PN-EQ-02,2024-09-19,Preventiva,7.3,2,Motor eléctrico,1263.0
OT-001437,PAR-001868,PN-EQ-05,2027-10-04,Correctiva,4.0,1,Sello mecánico,3392.0
OT-002001,PAR-002646,PN-EQ-08,2025-02-27,Preventiva,6.1,2,Sensor/instrumento,2302.0
OT-002677,PAR-003531,PN-EQ-10,2026-08-05,Correctiva,7.5,2,Sensor/instrumento,4740.0
OT-001158,PAR-001520,PN-EQ-05,2024-07-27,Correctiva,24.6,2,,4426.0
OT-000328,PAR-000447,PN-EQ-02,2024-12-19,Correctiva,15.0,2,Faja/correa,2954.0
OT-002180,PAR-002875,PN-EQ-08,2027-08-21,Correctiva,11.8,2,Rodamiento,2889.0
OT-001193,PAR-001567,PN-EQ-05,2025-01-10,Correctiva,6.8,2,Sello mecánico,6102.0
OT-000696,PAR-000950,PN-EQ-03,2027-04-01,Correctiva,0.5,1,Faja/correa,142.0
OT-001116,PAR-001467,PN-EQ-05,2024-01-15,Preventiva,9.8,2,Faja/correa,230.0
OT-001755,PAR-002303,PN-EQ-07,2024-07-16,Preventiva,5.1,3,Sensor/instrumento,1653.0
OT-000016,PAR-000021,PN-EQ-01,2024-03-25,Correctiva,7.0,3,Sello mecánico,2047.0
OT-001497,PAR-001946,PN-EQ-06,2024-07-25,Correctiva,3.7,2,Sello mecánico,7947.0
OT-001667,PAR-002187,PN-EQ-06,2027-01-16,Correctiva,22.6,2,Motor eléctrico,7879.0
OT-001631,PAR-002135,PN-EQ-06,2026-07-11,Correctiva,15.2,3,Motor eléctrico,7807.0
OT-001747,PAR-002295,PN-EQ-07,2024-05-28,Correctiva,2.9,2,Faja/correa,5450.0
OT-000575,PAR-000770,PN-EQ-03,2024-09-23,Preventiva,10.0,2,Motor eléctrico,213.0
OT-000709,PAR-000966,PN-EQ-03,2027-06-06,Correctiva,7.9,3,Sello mecánico,7120.0
OT-000431,PAR-000579,PN-EQ-02,2026-06-01,Preventiva,10.1,1,Rodamiento,252.0
OT-000024,PAR-000032,PN-EQ-01,2024-05-03,Correctiva,5.4,3,Rodamiento,4157.0
OT-000032,PAR-000041,PN-EQ-01,2024-06-10,Correctiva,1.7,2,Sensor/instrumento,722.0
OT-001841,PAR-002428,PN-EQ-07,2026-05-25,Preventiva,7.2,3,Sensor/instrumento,1027.0
OT-002514,PAR-003328,PN-EQ-10,2024-12-22,Correctiva,16.5,2,Ninguno (solo mano de obra),1749.0
OT-000110,PAR-000142,PN-EQ-01,2025-07-01,Correctiva,7.3,3,Ninguno (solo mano de obra),1395.0
OT-001729,PAR-002269,PN-EQ-06,2027-12-27,Preventiva,6.1,3,Motor eléctrico,2274.0
OT-000086,PAR-000114,PN-EQ-01,2025-03-08,Correctiva,11.9,2,Sello mecánico,2356.0
OT-001219,PAR-001598,PN-EQ-05,2025-04-21,Correctiva,8.7,3,Rodamiento,4580.0
OT-000238,PAR-000317,PN-EQ-01,2027-08-13,Correctiva,0.7,2,Motor eléctrico,4070.0
OT-000132,PAR-000172,PN-EQ-01,2025-11-13,Correctiva,4.0,1,Sello mecánico,4501.0
OT-000723,PAR-000988,PN-EQ-03,2027-08-31,Correctiva,3.7,1,Motor eléctrico,1829.0
OT-000523,PAR-000699,PN-EQ-02,2027-09-27,Correctiva,12.3,3,Motor eléctrico,4975.0
OT-002306,PAR-003041,PN-EQ-09,2025-08-20,Correctiva,15.0,1,Motor eléctrico,3428.0
OT-002415,PAR-003198,PN-EQ-09,2027-10-06,Correctiva,8.8,1,Sello mecánico,127.0
OT-000983,PAR-001307,PN-EQ-04,2026-07-25,Correctiva,11.9,3,Sensor/instrumento,885.0
OT-000896,PAR-001200,PN-EQ-04,2025-08-24,Correctiva,17.0,1,Motor eléctrico,5964.0
OT-001706,PAR-002239,PN-EQ-06,2027-08-05,Correctiva,0.6,1,Motor eléctrico,2496.0
OT-000361,PAR-000487,PN-EQ-02,2025-05-29,Correctiva,5.0,2,Ninguno (solo mano de obra),3396.0
OT-001984,PAR-002624,PN-EQ-08,2024-11-20,Correctiva,5.1,1,Sensor/instrumento,1560.0
OT-001064,PAR-001402,PN-EQ-04,2027-06-26,Correctiva,1.3,1,Sello mecánico,6476.0
OT-000174,PAR-000228,PN-EQ-01,2026-06-15,Preventiva,8.0,3,Sensor/instrumento,506.0
OT-001913,PAR-002528,PN-EQ-07,2027-09-19,Preventiva,7.4,2,Motor eléctrico,1005.0
OT-000784,PAR-001064,PN-EQ-04,2024-07-12,Correctiva,21.4,2,Motor eléctrico,2849.0
OT-001840,PAR-002425,PN-EQ-07,2026-05-04,Preventiva,10.0,2,Ninguno (solo mano de obra),258.0
OT-000251,PAR-000339,PN-EQ-01,2027-10-21,Correctiva,6.1,1,Faja/correa,3145.0
OT-000724,PAR-000989,PN-EQ-03,2027-09-11,Preventiva,7.5,2,Faja/correa,1783.0
OT-001049,PAR-001386,PN-EQ-04,2027-05-06,Correctiva,26.3,3,Faja/correa,5385.0
OT-002341,PAR-003089,PN-EQ-09,2026-05-23,Correctiva,1.6,1,Motor eléctrico,3485.0
OT-000536,PAR-000716,PN-EQ-02,2027-12-10,Correctiva,5.4,1,Sello mecánico,982.0
OT-000951,PAR-001263,PN-EQ-04,2026-02-28,Preventiva,9.5,3,Motor eléctrico,205.0
OT-001034,PAR-001368,PN-EQ-04,2027-02-27,Correctiva,2.6,1,Sensor/instrumento,6827.0
OT-001556,PAR-002029,PN-EQ-06,2025-05-26,Correctiva,5.3,3,Rodamiento,2102.0
OT-002316,PAR-003055,PN-EQ-09,2025-11-03,Preventiva,11.3,1,Motor eléctrico,2281.0
OT-000570,PAR-000763,PN-EQ-03,2024-08-15,Correctiva,3.5,2,Sello mecánico,4457.0
OT-002550,PAR-003369,PN-EQ-10,2025-04-25,Correctiva,21.7,2,Motor eléctrico,6120.0
OT-001872,PAR-002472,PN-EQ-07,2026-12-11,Preventiva,7.2,3,Sello mecánico,2151.0
OT-001044,PAR-001380,PN-EQ-04,2027-04-23,Preventiva,8.2,1,Faja/correa,997.0
OT-000865,PAR-001161,PN-EQ-04,2025-04-18,Correctiva,3.4,3,Faja/correa,4138.0
OT-000694,PAR-000948,PN-EQ-03,2027-03-11,Correctiva,5.6,1,Revestimiento (liner),2243.0
OT-000343,PAR-000466,PN-EQ-02,2025-02-23,Correctiva,7.1,2,Ninguno (solo mano de obra),813.0
OT-001769,PAR-002320,PN-EQ-07,2024-10-17,Preventiva,12.1,2,Sello mecánico,135.0
OT-002690,PAR-003546,PN-EQ-10,2026-09-14,Correctiva,1.9,1,Sensor/instrumento,2601.0
OT-002685,PAR-003540,PN-EQ-10,2026-08-28,Correctiva,2.4,2,Revestimiento (liner),3162.0
OT-000067,PAR-000088,PN-EQ-01,2024-12-16,Correctiva,0.7,1,Ninguno (solo mano de obra),4111.0
OT-000095,PAR-000124,PN-EQ-01,2025-04-08,Correctiva,2.9,1,Revestimiento (liner),1701.0
OT-002333,PAR-003077,PN-EQ-09,2026-03-11,Correctiva,10.1,3,Revestimiento (liner),3295.0
OT-000342,PAR-000465,PN-EQ-02,2025-02-22,Correctiva,1.9,1,Sensor/instrumento,6756.0
OT-000790,PAR-001072,PN-EQ-04,2024-08-13,Correctiva,2.1,3,Sensor/instrumento,3801.0
OT-000038,PAR-000048,PN-EQ-01,2024-07-16,Correctiva,19.3,2,Rodamiento,1821.0
OT-002528,PAR-003345,PN-EQ-10,2025-02-17,Correctiva,21.0,1,Sensor/instrumento,1961.0
OT-001776,PAR-002329,PN-EQ-07,2024-12-05,Correctiva,2.7,1,Sensor/instrumento,2422.0
OT-002571,PAR-003391,PN-EQ-10,2025-07-01,Correctiva,8.4,2,,6722.0
OT-002388,PAR-003162,PN-EQ-09,2027-04-30,Correctiva,7.4,3,Sensor/instrumento,1259.0
OT-002298,PAR-003032,PN-EQ-09,2025-07-07,Preventiva,10.2,2,Ninguno (solo mano de obra),680.0
OT-000085,PAR-000113,PN-EQ-01,2025-03-03,Preventiva,6.1,3,Sensor/instrumento,139.0
OT-002368,PAR-003134,PN-EQ-09,2026-12-19,Correctiva,3.5,3,Ninguno (solo mano de obra),7582.0
OT-001492,PAR-001941,PN-EQ-06,2024-07-05,Preventiva,8.0,1,Faja/correa,2051.0
OT-002540,PAR-003359,PN-EQ-10,2025-03-29,Preventiva,4.7,2,Rodamiento,735.0
OT-000004,PAR-000004,PN-EQ-01,2024-01-25,Correctiva,13.1,3,Faja/correa,4.0
OT-002006,PAR-002651,PN-EQ-08,2025-03-21,Preventiva,5.6,3,Motor eléctrico,1025.0
OT-000400,PAR-000540,PN-EQ-02,2025-12-19,Correctiva,1.6,1,Rodamiento,1452.0
OT-002492,PAR-003297,PN-EQ-10,2024-09-27,Correctiva,29.1,3,Sensor/instrumento,6614.0
OT-000733,PAR-001001,PN-EQ-03,2027-11-20,Correctiva,5.4,1,Ninguno (solo mano de obra),6757.0
OT-001752,PAR-002300,PN-EQ-07,2024-07-06,Correctiva,10.5,2,Sensor/instrumento,5319.0
OT-000099,PAR-000128,PN-EQ-01,2025-05-08,Preventiva,4.5,3,Revestimiento (liner),450.0
OT-002513,PAR-003327,PN-EQ-10,2024-12-21,Correctiva,11.4,3,Revestimiento (liner),4866.0
OT-000592,PAR-000797,PN-EQ-03,2025-02-21,Correctiva,13.5,1,Sello mecánico,5975.0
OT-001243,PAR-001630,PN-EQ-05,2025-07-25,Correctiva,0.5,2,Revestimiento (liner),2792.0
OT-001607,PAR-002102,PN-EQ-06,2026-03-21,Preventiva,8.0,3,Revestimiento (liner),150.0
OT-000026,PAR-000034,PN-EQ-01,2024-05-06,Correctiva,2.1,3,,5002.0
OT-002210,PAR-002914,PN-EQ-08,2027-12-28,Correctiva,2.8,3,Faja/correa,7573.0
OT-001101,PAR-001447,PN-EQ-04,2027-11-07,Preventiva,8.2,2,Rodamiento,1118.0
OT-002013,PAR-002661,PN-EQ-08,2025-05-17,Preventiva,6.3,1,Rodamiento,1796.0
OT-000861,PAR-001157,PN-EQ-04,2025-04-03,Correctiva,8.7,2,Ninguno (solo mano de obra),2740.0
OT-002561,PAR-003381,PN-EQ-10,2025-05-26,Correctiva,11.5,3,Sello mecánico,6231.0
OT-000521,PAR-000697,PN-EQ-02,2027-09-25,Correctiva,11.6,3,Sensor/instrumento,1608.0
OT-000474,PAR-000633,PN-EQ-02,2027-01-04,Correctiva,7.4,1,Ninguno (solo mano de obra),238.0
OT-001673,PAR-002194,PN-EQ-06,2027-02-23,Correctiva,0.5,2,Ninguno (solo mano de obra),7197.0
OT-000210,PAR-000278,PN-EQ-01,2027-02-23,Correctiva,3.4,1,Sensor/instrumento,461.0
OT-002246,PAR-002966,PN-EQ-09,2024-08-19,Correctiva,8.3,1,Ninguno (solo mano de obra),3278.0
OT-001060,PAR-001398,PN-EQ-04,2027-06-10,Correctiva,5.6,1,Revestimiento (liner),5501.0
OT-000708,PAR-000965,PN-EQ-03,2027-06-06,Preventiva,8.4,1,Sensor/instrumento,2254.0
OT-000458,PAR-000613,PN-EQ-02,2026-10-18,Preventiva,8.0,2,Faja/correa,503.0
OT-000147,PAR-000190,PN-EQ-01,2026-01-17,Correctiva,8.8,3,Ninguno (solo mano de obra),6634.0
OT-001560,PAR-002034,PN-EQ-06,2025-06-15,Preventiva,5.8,2,Revestimiento (liner),2093.0
OT-000409,PAR-000552,PN-EQ-02,2026-01-21,Preventiva,6.3,2,Ninguno (solo mano de obra),1818.0
OT-001909,PAR-002520,PN-EQ-07,2027-08-06,Preventiva,7.3,3,Revestimiento (liner),2442.0
OT-000466,PAR-000621,PN-EQ-02,2026-11-22,Preventiva,11.9,3,Revestimiento (liner),193.0
OT-001083,PAR-001426,PN-EQ-04,2027-09-14,Correctiva,4.6,1,Revestimiento (liner),6372.0
OT-001103,PAR-001449,PN-EQ-04,2027-11-12,Correctiva,8.5,1,Sensor/instrumento,6640.0
OT-000112,PAR-000144,PN-EQ-01,2025-07-05,Preventiva,7.1,2,Sello mecánico,1610.0
OT-001234,PAR-001620,PN-EQ-05,2025-06-24,Preventiva,5.7,1,Motor eléctrico,1221.0
OT-002076,PAR-002744,PN-EQ-08,2026-03-13,Correctiva,17.7,3,Sello mecánico,6941.0
OT-000981,PAR-001303,PN-EQ-04,2026-07-11,Correctiva,14.7,3,Ninguno (solo mano de obra),5774.0
OT-000545,PAR-000726,PN-EQ-03,2024-01-31,Correctiva,2.1,3,Faja/correa,5654.0
OT-002672,PAR-003526,PN-EQ-10,2026-07-16,Correctiva,4.3,1,Motor eléctrico,6039.0
OT-000492,PAR-000658,PN-EQ-02,2027-03-14,Correctiva,1.8,3,Rodamiento,293.0
OT-001137,PAR-001496,PN-EQ-05,2024-04-18,Correctiva,30.7,1,Sello mecánico,2203.0
OT-001897,PAR-002503,PN-EQ-07,2027-04-24,Correctiva,1.9,3,Faja/correa,95.0
OT-002366,PAR-003132,PN-EQ-09,2026-12-09,Preventiva,11.1,1,Rodamiento,2388.0
OT-001965,PAR-002598,PN-EQ-08,2024-08-03,Preventiva,8.3,3,Sensor/instrumento,1366.0
OT-000862,PAR-001158,PN-EQ-04,2025-04-06,Correctiva,14.1,2,Faja/correa,1195.0
OT-001409,PAR-001833,PN-EQ-05,2027-06-25,Correctiva,17.8,2,Ninguno (solo mano de obra),832.0
OT-001031,PAR-001365,PN-EQ-04,2027-02-15,Correctiva,8.8,3,Sensor/instrumento,4598.0
OT-002303,PAR-003038,PN-EQ-09,2025-08-05,Correctiva,3.8,1,Faja/correa,4285.0
OT-000392,PAR-000532,PN-EQ-02,2025-11-03,Preventiva,6.3,2,Sensor/instrumento,2100.0
OT-000922,PAR-001229,PN-EQ-04,2025-11-08,Preventiva,5.8,3,Ninguno (solo mano de obra),1177.0
OT-002152,PAR-002840,PN-EQ-08,2027-04-26,Correctiva,0.7,3,Sello mecánico,3407.0
OT-000958,PAR-001273,PN-EQ-04,2026-03-31,Correctiva,4.4,2,Motor eléctrico,999.0
OT-001893,PAR-002498,PN-EQ-07,2027-03-25,Correctiva,5.9,3,Sensor/instrumento,296.0
OT-000234,PAR-000313,PN-EQ-01,2027-07-21,Correctiva,2.8,2,Ninguno (solo mano de obra),5348.0
OT-000291,PAR-000395,PN-EQ-02,2024-06-15,Correctiva,3.5,3,Faja/correa,2852.0
OT-000198,PAR-000263,PN-EQ-01,2026-12-25,Correctiva,6.0,2,Rodamiento,1158.0
OT-002778,PAR-003653,PN-EQ-10,2027-09-07,Correctiva,12.5,2,Sello mecánico,5209.0
OT-001945,PAR-002572,PN-EQ-08,2024-04-16,Correctiva,14.8,3,Motor eléctrico,361.0
OT-000994,PAR-001319,PN-EQ-04,2026-09-16,Correctiva,9.9,2,Faja/correa,705.0
OT-000061,PAR-000081,PN-EQ-01,2024-11-20,Correctiva,19.2,3,Motor eléctrico,7624.0
OT-000250,PAR-000337,PN-EQ-01,2027-10-16,Preventiva,3.9,2,Ninguno (solo mano de obra),1586.0
OT-002128,PAR-002811,PN-EQ-08,2026-12-03,Correctiva,0.6,1,,705.0
OT-002362,PAR-003125,PN-EQ-09,2026-11-11,Correctiva,0.5,2,Sello mecánico,2477.0
OT-000739,PAR-001009,PN-EQ-04,2024-01-04,Correctiva,4.3,2,Sensor/instrumento,2939.0
OT-002703,PAR-003561,PN-EQ-10,2026-11-01,Correctiva,4.2,2,Faja/correa,5675.0
OT-001837,PAR-002421,PN-EQ-07,2026-04-18,Correctiva,2.0,1,Sensor/instrumento,221.0
OT-002266,PAR-002992,PN-EQ-09,2025-01-14,Preventiva,8.5,3,Ninguno (solo mano de obra),180.0
OT-001387,PAR-001802,PN-EQ-05,2027-03-23,Preventiva,8.9,3,Sello mecánico,1041.0
OT-002292,PAR-003025,PN-EQ-09,2025-06-09,Correctiva,3.7,2,Sensor/instrumento,5123.0
OT-001933,PAR-002553,PN-EQ-08,2024-01-11,Correctiva,4.0,3,Motor eléctrico,5788.0
OT-002137,PAR-002823,PN-EQ-08,2027-01-11,Correctiva,6.6,2,Sensor/instrumento,1299.0
OT-002434,PAR-003224,PN-EQ-10,2024-02-01,Correctiva,14.7,1,Ninguno (solo mano de obra),3009.0
OT-001199,PAR-001574,PN-EQ-05,2025-02-10,Correctiva,31.1,1,Sensor/instrumento,4791.0
OT-000834,PAR-001122,PN-EQ-04,2025-01-24,Correctiva,12.2,1,Sello mecánico,7422.0
OT-002256,PAR-002980,PN-EQ-09,2024-10-16,Correctiva,5.7,1,Motor eléctrico,4817.0
OT-001983,PAR-002623,PN-EQ-08,2024-11-19,Preventiva,6.9,3,Faja/correa,890.0
OT-002339,PAR-003087,PN-EQ-09,2026-05-11,Correctiva,0.5,3,Ninguno (solo mano de obra),383.0
OT-002450,PAR-003242,PN-EQ-10,2024-04-16,Correctiva,3.5,3,Sensor/instrumento,5855.0
OT-000748,PAR-001020,PN-EQ-04,2024-02-03,Preventiva,8.4,3,Ninguno (solo mano de obra),1294.0
OT-002099,PAR-002776,PN-EQ-08,2026-07-04,Correctiva,15.9,2,Rodamiento,2980.0
OT-000968,PAR-001284,PN-EQ-04,2026-05-19,Correctiva,20.9,3,Ninguno (solo mano de obra),1033.0
OT-000610,PAR-000822,PN-EQ-03,2025-07-01,Correctiva,0.9,2,Sello mecánico,5886.0
OT-000567,PAR-000760,PN-EQ-03,2024-08-03,Preventiva,7.8,1,Rodamiento,257.0
OT-001963,PAR-002595,PN-EQ-08,2024-07-21,Correctiva,1.6,2,Sello mecánico,2135.0
OT-002587,PAR-003413,PN-EQ-10,2025-09-07,Correctiva,26.5,2,Sello mecánico,3329.0
OT-001468,PAR-001908,PN-EQ-06,2024-02-21,Correctiva,2.6,1,Sensor/instrumento,2638.0
OT-001357,PAR-001768,PN-EQ-05,2026-11-15,Correctiva,14.5,2,Motor eléctrico,2210.0
OT-001072,PAR-001413,PN-EQ-04,2027-08-07,Preventiva,10.1,2,Sello mecánico,2181.0
OT-002727,PAR-003592,PN-EQ-10,2027-02-07,Correctiva,23.3,3,Motor eléctrico,3365.0
OT-000123,PAR-000160,PN-EQ-01,2025-09-30,Correctiva,5.8,3,Motor eléctrico,2597.0
OT-002790,PAR-003671,PN-EQ-10,2027-11-08,Preventiva,9.8,3,Faja/correa,2359.0
OT-000078,PAR-000103,PN-EQ-01,2025-01-27,Correctiva,6.5,1,Revestimiento (liner),4643.0
OT-002465,PAR-003260,PN-EQ-10,2024-06-10,Correctiva,7.0,3,Rodamiento,5226.0
OT-001873,PAR-002473,PN-EQ-07,2026-12-19,Correctiva,5.4,2,Faja/correa,2862.0
OT-000950,PAR-001262,PN-EQ-04,2026-02-24,Correctiva,5.7,1,Sensor/instrumento,7057.0
OT-001717,PAR-002253,PN-EQ-06,2027-10-20,Preventiva,8.9,2,Motor eléctrico,789.0
OT-001824,PAR-002404,PN-EQ-07,2026-02-04,Preventiva,7.2,2,Revestimiento (liner),2470.0
OT-002761,PAR-003632,PN-EQ-10,2027-06-29,Preventiva,7.0,2,Sello mecánico,1492.0
OT-000448,PAR-000598,PN-EQ-02,2026-08-09,Correctiva,6.5,1,Sello mecánico,2827.0
OT-001194,PAR-001568,PN-EQ-05,2025-01-18,Correctiva,2.0,2,Sello mecánico,1380.0
OT-000598,PAR-000807,PN-EQ-03,2025-04-20,Correctiva,0.8,1,,5547.0
OT-001162,PAR-001528,PN-EQ-05,2024-08-24,Correctiva,31.4,2,Ninguno (solo mano de obra),1940.0
OT-000931,PAR-001239,PN-EQ-04,2025-12-13,Correctiva,1.1,2,Ninguno (solo mano de obra),5137.0
OT-000899,PAR-001203,PN-EQ-04,2025-08-30,Correctiva,4.4,3,Rodamiento,1664.0
OT-000914,PAR-001221,PN-EQ-04,2025-10-08,Correctiva,12.5,3,Ninguno (solo mano de obra),1740.0
OT-000450,PAR-000600,PN-EQ-02,2026-08-15,Correctiva,17.9,2,Ninguno (solo mano de obra),2432.0
OT-001038,PAR-001372,PN-EQ-04,2027-03-12,Correctiva,20.3,3,Revestimiento (liner),689.0
OT-002772,PAR-003646,PN-EQ-10,2027-08-10,Preventiva,11.0,1,Motor eléctrico,2114.0
OT-000633,PAR-000854,PN-EQ-03,2026-01-02,Correctiva,10.1,1,Revestimiento (liner),6183.0
OT-001641,PAR-002151,PN-EQ-06,2026-09-16,Correctiva,5.0,1,Rodamiento,2671.0
OT-001911,PAR-002524,PN-EQ-07,2027-08-27,Preventiva,9.2,2,Sensor/instrumento,1725.0
OT-000165,PAR-000215,PN-EQ-01,2026-04-24,Correctiva,9.7,1,Motor eléctrico,684.0
OT-001749,PAR-002297,PN-EQ-07,2024-06-26,Preventiva,9.6,2,Rodamiento,809.0
OT-000277,PAR-000372,PN-EQ-02,2024-03-27,Correctiva,1.6,3,Motor eléctrico,4880.0
OT-000553,PAR-000738,PN-EQ-03,2024-03-22,Correctiva,6.5,1,Ninguno (solo mano de obra),2914.0
OT-002722,PAR-003583,PN-EQ-10,2027-01-07,Correctiva,25.3,1,Sello mecánico,5724.0
OT-002146,PAR-002834,PN-EQ-08,2027-03-21,Correctiva,3.2,3,Revestimiento (liner),2427.0
OT-000464,PAR-000619,PN-EQ-02,2026-11-17,Correctiva,5.9,2,Sello mecánico,462.0
OT-002188,PAR-002888,PN-EQ-08,2027-10-10,Correctiva,14.8,3,Rodamiento,4074.0
OT-001852,PAR-002442,PN-EQ-07,2026-08-09,Correctiva,0.5,2,Sello mecánico,2011.0
OT-002259,PAR-002983,PN-EQ-09,2024-11-07,Preventiva,6.0,3,Motor eléctrico,1357.0
OT-001098,PAR-001444,PN-EQ-04,2027-11-01,Correctiva,6.7,2,Rodamiento,4470.0
OT-001036,PAR-001370,PN-EQ-04,2027-03-07,Correctiva,1.2,3,Sensor/instrumento,1158.0
OT-000702,PAR-000958,PN-EQ-03,2027-05-02,Correctiva,1.2,1,Faja/correa,151.0
OT-001703,PAR-002236,PN-EQ-06,2027-07-28,Correctiva,5.2,1,Faja/correa,7668.0
OT-002121,PAR-002800,PN-EQ-08,2026-10-11,Correctiva,1.2,2,Sensor/instrumento,6076.0
OT-000817,PAR-001104,PN-EQ-04,2024-11-21,Correctiva,2.0,1,Ninguno (solo mano de obra),7778.0
OT-001283,PAR-001680,PN-EQ-05,2026-02-06,Correctiva,0.4,2,Ninguno (solo mano de obra),280.0
OT-000283,PAR-000384,PN-EQ-02,2024-04-30,Correctiva,0.4,2,Faja/correa,3583.0
OT-002179,PAR-002873,PN-EQ-08,2027-08-14,Correctiva,3.3,1,Ninguno (solo mano de obra),2828.0
OT-000346,PAR-000470,PN-EQ-02,2025-03-30,Correctiva,2.2,3,,4358.0
OT-002580,PAR-003405,PN-EQ-10,2025-08-03,Correctiva,9.3,2,Ninguno (solo mano de obra),2730.0
OT-000962,PAR-001277,PN-EQ-04,2026-04-23,Correctiva,16.3,1,Revestimiento (liner),4561.0
OT-000384,PAR-000521,PN-EQ-02,2025-09-25,Correctiva,7.4,3,Motor eléctrico,7580.0
OT-002509,PAR-003323,PN-EQ-10,2024-12-09,Correctiva,9.3,1,Motor eléctrico,6569.0
OT-000663,PAR-000903,PN-EQ-03,2026-08-16,Correctiva,4.1,1,Sello mecánico,3811.0
OT-001440,PAR-001871,PN-EQ-05,2027-10-11,Correctiva,22.8,3,Revestimiento (liner),3303.0
OT-002092,PAR-002764,PN-EQ-08,2026-05-18,Correctiva,21.9,1,Revestimiento (liner),3989.0
OT-001315,PAR-001721,PN-EQ-05,2026-06-03,Correctiva,16.5,3,Revestimiento (liner),1709.0
OT-000055,PAR-000072,PN-EQ-01,2024-10-09,Preventiva,6.4,3,Motor eléctrico,1743.0
OT-001293,PAR-001692,PN-EQ-05,2026-03-18,Correctiva,16.2,2,Rodamiento,5221.0
OT-001405,PAR-001829,PN-EQ-05,2027-06-16,Correctiva,4.7,2,Sello mecánico,4672.0
OT-002318,PAR-003059,PN-EQ-09,2025-12-11,Correctiva,6.6,2,Motor eléctrico,6106.0
OT-000627,PAR-000845,PN-EQ-03,2025-11-18,Preventiva,7.6,3,Sello mecánico,1888.0
OT-001646,PAR-002158,PN-EQ-06,2026-10-19,Correctiva,19.9,3,Revestimiento (liner),2583.0
OT-001691,PAR-002221,PN-EQ-06,2027-05-28,Correctiva,10.6,3,Ninguno (solo mano de obra),7712.0
OT-001773,PAR-002326,PN-EQ-07,2024-11-07,Correctiva,4.9,1,Sensor/instrumento,478.0
OT-002552,PAR-003371,PN-EQ-10,2025-05-04,Correctiva,16.9,1,Sensor/instrumento,603.0
OT-002620,PAR-003457,PN-EQ-10,2026-01-15,Correctiva,12.4,1,Sello mecánico,7009.0
OT-000619,PAR-000835,PN-EQ-03,2025-09-15,Preventiva,7.7,3,Motor eléctrico,2399.0
OT-001856,PAR-002447,PN-EQ-07,2026-08-22,Preventiva,9.3,2,Rodamiento,2390.0
OT-002511,PAR-003325,PN-EQ-10,2024-12-12,Correctiva,4.6,2,Rodamiento,1872.0
OT-000369,PAR-000500,PN-EQ-02,2025-07-19,Correctiva,6.3,3,Sello mecánico,4414.0
OT-000101,PAR-000131,PN-EQ-01,2025-05-17,Correctiva,7.4,3,Motor eléctrico,6924.0
OT-000453,PAR-000606,PN-EQ-02,2026-09-12,Correctiva,3.9,1,Sello mecánico,2545.0
OT-001148,PAR-001508,PN-EQ-05,2024-06-15,Correctiva,0.6,1,Sensor/instrumento,6007.0
OT-002166,PAR-002858,PN-EQ-08,2027-06-26,Correctiva,25.3,1,Motor eléctrico,713.0
OT-001968,PAR-002604,PN-EQ-08,2024-09-05,Preventiva,5.6,1,Sello mecánico,2190.0
OT-001473,PAR-001914,PN-EQ-06,2024-03-16,Correctiva,2.5,2,Rodamiento,3667.0
OT-000839,PAR-001128,PN-EQ-04,2025-02-09,Correctiva,14.7,2,Ninguno (solo mano de obra),1689.0
OT-000185,PAR-000247,PN-EQ-01,2026-10-06,Correctiva,0.7,1,Sensor/instrumento,3037.0
OT-000844,PAR-001134,PN-EQ-04,2025-02-18,Correctiva,6.6,3,Ninguno (solo mano de obra),5451.0
OT-001214,PAR-001591,PN-EQ-05,2025-03-26,Correctiva,7.0,3,Sello mecánico,2637.0
OT-001826,PAR-002407,PN-EQ-07,2026-02-18,Preventiva,5.4,3,Sello mecánico,1524.0
OT-001253,PAR-001643,PN-EQ-05,2025-09-08,Correctiva,19.4,2,,6533.0
OT-000993,PAR-001318,PN-EQ-04,2026-09-07,Preventiva,11.4,1,Rodamiento,2360.0
OT-000671,PAR-000915,PN-EQ-03,2026-10-18,Correctiva,4.9,2,Revestimiento (liner),7218.0
OT-002471,PAR-003268,PN-EQ-10,2024-07-06,Correctiva,21.1,2,Faja/correa,282.0
OT-000323,PAR-000440,PN-EQ-02,2024-11-16,Correctiva,0.9,3,Motor eléctrico,87.0
OT-002733,PAR-003599,PN-EQ-10,2027-03-12,Correctiva,0.6,3,Faja/correa,4105.0
OT-000769,PAR-001047,PN-EQ-04,2024-04-26,Correctiva,13.6,1,Rodamiento,3397.0
OT-002376,PAR-003147,PN-EQ-09,2027-02-18,Correctiva,6.5,1,Rodamiento,473.0
OT-002523,PAR-003339,PN-EQ-10,2025-02-08,Preventiva,11.1,2,Motor eléctrico,202.0
OT-002252,PAR-002975,PN-EQ-09,2024-10-01,Correctiva,14.4,1,Revestimiento (liner),4127.0
OT-001323,PAR-001730,PN-EQ-05,2026-07-14,Correctiva,31.9,1,Faja/correa,7273.0
OT-000248,PAR-000335,PN-EQ-01,2027-10-09,Correctiva,0.6,2,Faja/correa,1151.0
OT-000432,PAR-000580,PN-EQ-02,2026-06-03,Correctiva,14.1,2,Revestimiento (liner),159.0
OT-000205,PAR-000271,PN-EQ-01,2027-01-31,Correctiva,0.8,2,Faja/correa,4040.0
OT-001655,PAR-002171,PN-EQ-06,2026-11-07,Correctiva,2.6,1,Ninguno (solo mano de obra),4037.0
OT-002243,PAR-002963,PN-EQ-09,2024-08-16,Preventiva,3.7,1,Sensor/instrumento,2486.0
OT-000069,PAR-000091,PN-EQ-01,2024-12-21,Correctiva,28.6,3,Rodamiento,5182.0
OT-000335,PAR-000456,PN-EQ-02,2025-01-24,Preventiva,3.6,2,Sello mecánico,1417.0
OT-002717,PAR-003577,PN-EQ-10,2026-12-21,Correctiva,4.8,3,Faja/correa,3316.0
OT-001952,PAR-002583,PN-EQ-08,2024-05-18,Correctiva,4.5,2,Sello mecánico,6110.0
OT-000040,PAR-000051,PN-EQ-01,2024-07-26,Correctiva,5.8,1,Rodamiento,4437.0
OT-001975,PAR-002612,PN-EQ-08,2024-09-30,Correctiva,0.5,2,Ninguno (solo mano de obra),382.0
OT-002048,PAR-002708,PN-EQ-08,2025-11-06,Correctiva,0.4,3,Revestimiento (liner),3637.0
OT-001762,PAR-002311,PN-EQ-07,2024-09-03,Correctiva,1.7,3,Faja/correa,2562.0
OT-000653,PAR-000890,PN-EQ-03,2026-06-16,Correctiva,2.7,3,Revestimiento (liner),4477.0
OT-001300,PAR-001699,PN-EQ-05,2026-04-13,Correctiva,3.6,2,Sello mecánico,2261.0
OT-000224,PAR-000299,PN-EQ-01,2027-05-28,Correctiva,10.8,3,Sensor/instrumento,7484.0
OT-001833,PAR-002415,PN-EQ-07,2026-03-29,Preventiva,8.3,3,Sello mecánico,1436.0
OT-000809,PAR-001095,PN-EQ-04,2024-10-19,Correctiva,13.6,3,Sello mecánico,1402.0
OT-001808,PAR-002380,PN-EQ-07,2025-09-24,Preventiva,6.8,1,Sensor/instrumento,1999.0
OT-001414,PAR-001839,PN-EQ-05,2027-07-09,Correctiva,8.9,1,Sensor/instrumento,3448.0
OT-001524,PAR-001985,PN-EQ-06,2024-12-11,Preventiva,4.8,1,Motor eléctrico,862.0
OT-002661,PAR-003514,PN-EQ-10,2026-06-13,Correctiva,6.5,3,Rodamiento,2134.0
OT-001276,PAR-001673,PN-EQ-05,2026-01-13,Correctiva,8.7,3,Ninguno (solo mano de obra),442.0
OT-002657,PAR-003507,PN-EQ-10,2026-05-29,Preventiva,11.5,3,Revestimiento (liner),936.0
OT-001277,PAR-001674,PN-EQ-05,2026-01-14,Correctiva,7.8,3,Ninguno (solo mano de obra),26.0
OT-001506,PAR-001961,PN-EQ-06,2024-09-12,Correctiva,0.6,1,Ninguno (solo mano de obra),2523.0
OT-000819,PAR-001106,PN-EQ-04,2024-11-23,Preventiva,10.1,3,Ninguno (solo mano de obra),1390.0
OT-002338,PAR-003086,PN-EQ-09,2026-05-09,Correctiva,0.7,1,Revestimiento (liner),6944.0
OT-001704,PAR-002237,PN-EQ-06,2027-07-30,Preventiva,7.5,2,Rodamiento,1995.0
OT-002567,PAR-003387,PN-EQ-10,2025-06-19,Correctiva,20.2,1,Ninguno (solo mano de obra),125.0
OT-001916,PAR-002535,PN-EQ-07,2027-10-12,Preventiva,8.4,3,Rodamiento,2017.0
OT-002177,PAR-002871,PN-EQ-08,2027-08-07,Correctiva,5.3,3,Ninguno (solo mano de obra),7639.0
OT-001185,PAR-001557,PN-EQ-05,2024-11-29,Preventiva,9.0,3,Rodamiento,1814.0
OT-000722,PAR-000987,PN-EQ-03,2027-08-28,Preventiva,9.0,2,Motor eléctrico,2192.0
OT-002568,PAR-003388,PN-EQ-10,2025-06-21,Correctiva,0.6,2,Faja/correa,7468.0
OT-002544,PAR-003363,PN-EQ-10,2025-04-06,Correctiva,3.7,2,Sensor/instrumento,284.0
OT-001571,PAR-002054,PN-EQ-06,2025-09-12,Correctiva,9.5,3,Ninguno (solo mano de obra),300.0
OT-000918,PAR-001225,PN-EQ-04,2025-10-22,Correctiva,18.1,1,Sensor/instrumento,2854.0
OT-000785,PAR-001066,PN-EQ-04,2024-07-18,Correctiva,7.6,1,Ninguno (solo mano de obra),5069.0
OT-002444,PAR-003235,PN-EQ-10,2024-03-15,Preventiva,9.6,1,Rodamiento,326.0
OT-001112,PAR-001462,PN-EQ-04,2027-12-22,Correctiva,16.4,3,Sensor/instrumento,7700.0
OT-000275,PAR-000370,PN-EQ-02,2024-03-20,Correctiva,2.3,2,Sello mecánico,2498.0
OT-000687,PAR-000938,PN-EQ-03,2027-01-07,Correctiva,5.0,3,Sensor/instrumento,1991.0
OT-002399,PAR-003175,PN-EQ-09,2027-06-23,Correctiva,21.3,3,Ninguno (solo mano de obra),689.0
OT-000688,PAR-000939,PN-EQ-03,2027-01-08,Correctiva,2.2,2,Sensor/instrumento,6959.0
OT-000079,PAR-000104,PN-EQ-01,2025-01-30,Correctiva,0.9,2,Revestimiento (liner),4983.0
OT-000240,PAR-000320,PN-EQ-01,2027-08-23,Preventiva,7.2,3,Motor eléctrico,504.0
OT-000752,PAR-001024,PN-EQ-04,2024-02-20,Correctiva,18.6,3,Rodamiento,5727.0
OT-000953,PAR-001266,PN-EQ-04,2026-03-08,Correctiva,5.0,1,Ninguno (solo mano de obra),3300.0
OT-001478,PAR-001921,PN-EQ-06,2024-04-05,Correctiva,0.7,1,Sello mecánico,6922.0
OT-000634,PAR-000855,PN-EQ-03,2026-01-08,Correctiva,6.5,2,Sello mecánico,4819.0
OT-001576,PAR-002060,PN-EQ-06,2025-10-02,Preventiva,6.2,2,Faja/correa,300.0
OT-000796,PAR-001078,PN-EQ-04,2024-09-08,Correctiva,3.9,1,Sensor/instrumento,501.0
OT-002674,PAR-003528,PN-EQ-10,2026-07-22,Correctiva,4.3,3,Sensor/instrumento,644.0
OT-000226,PAR-000301,PN-EQ-01,2027-06-03,Correctiva,4.7,3,Motor eléctrico,4340.0
OT-000311,PAR-000423,PN-EQ-02,2024-09-24,Correctiva,22.4,2,Faja/correa,1802.0
OT-002161,PAR-002852,PN-EQ-08,2027-06-04,Correctiva,4.8,1,Faja/correa,2503.0
OT-002271,PAR-002997,PN-EQ-09,2025-02-22,Correctiva,0.7,2,Revestimiento (liner),2849.0
OT-001693,PAR-002224,PN-EQ-06,2027-06-14,Correctiva,19.5,1,Revestimiento (liner),5285.0
OT-002605,PAR-003439,PN-EQ-10,2025-11-29,Correctiva,21.2,1,Sensor/instrumento,7872.0
OT-002780,PAR-003656,PN-EQ-10,2027-09-10,Correctiva,7.2,2,Revestimiento (liner),6507.0
OT-001618,PAR-002116,PN-EQ-06,2026-05-09,Correctiva,2.2,3,Sensor/instrumento,4287.0
OT-000568,PAR-000761,PN-EQ-03,2024-08-05,Correctiva,0.4,2,Rodamiento,551.0
OT-000403,PAR-000543,PN-EQ-02,2025-12-29,Preventiva,7.7,1,Ninguno (solo mano de obra),2475.0
OT-001917,PAR-002536,PN-EQ-07,2027-10-21,Correctiva,2.3,2,Revestimiento (liner),1957.0
OT-001552,PAR-002025,PN-EQ-06,2025-05-15,Correctiva,4.1,2,Revestimiento (liner),6061.0
OT-001461,PAR-001896,PN-EQ-05,2027-12-18,Correctiva,6.6,1,Sello mecánico,3548.0
OT-000560,PAR-000749,PN-EQ-03,2024-05-14,Preventiva,4.6,1,Faja/correa,1834.0
OT-001898,PAR-002504,PN-EQ-07,2027-04-26,Correctiva,7.0,3,Rodamiento,1822.0
OT-000772,PAR-001051,PN-EQ-04,2024-05-25,Correctiva,10.5,2,Motor eléctrico,6907.0
OT-002302,PAR-003037,PN-EQ-09,2025-08-05,Preventiva,7.5,3,Sello mecánico,1090.0
OT-001513,PAR-001970,PN-EQ-06,2024-10-18,Correctiva,12.6,3,Rodamiento,5760.0
OT-000155,PAR-000203,PN-EQ-01,2026-03-09,Correctiva,2.8,2,Motor eléctrico,883.0
OT-001364,PAR-001778,PN-EQ-05,2026-12-24,Correctiva,6.1,3,Sensor/instrumento,1507.0
OT-001763,PAR-002312,PN-EQ-07,2024-09-14,Preventiva,10.4,3,Revestimiento (liner),193.0
OT-002201,PAR-002903,PN-EQ-08,2027-11-26,Correctiva,15.9,3,Rodamiento,1791.0
OT-000433,PAR-000581,PN-EQ-02,2026-06-10,Correctiva,4.9,3,Motor eléctrico,4039.0
OT-002293,PAR-003027,PN-EQ-09,2025-06-21,Preventiva,10.3,2,Motor eléctrico,1763.0
OT-000265,PAR-000355,PN-EQ-01,2027-12-20,Correctiva,14.0,2,Sello mecánico,5814.0
OT-001575,PAR-002059,PN-EQ-06,2025-09-30,Correctiva,8.3,1,Sensor/instrumento,7204.0
OT-002194,PAR-002895,PN-EQ-08,2027-11-06,Correctiva,2.0,2,Faja/correa,5231.0
OT-001915,PAR-002531,PN-EQ-07,2027-09-30,Correctiva,1.9,2,Motor eléctrico,2364.0
OT-000037,PAR-000047,PN-EQ-01,2024-07-08,Preventiva,12.4,3,Rodamiento,1866.0
OT-002708,PAR-003568,PN-EQ-10,2026-11-20,Correctiva,6.0,3,Rodamiento,118.0
OT-001660,PAR-002179,PN-EQ-06,2026-12-12,Correctiva,1.6,3,Rodamiento,6852.0
OT-002080,PAR-002750,PN-EQ-08,2026-03-28,Correctiva,3.0,3,Sensor/instrumento,46.0
OT-001043,PAR-001379,PN-EQ-04,2027-04-11,Correctiva,19.3,1,Motor eléctrico,446.0
OT-001129,PAR-001487,PN-EQ-05,2024-03-22,Correctiva,1.5,2,Rodamiento,4336.0
OT-000690,PAR-000942,PN-EQ-03,2027-01-21,Correctiva,1.3,1,Sensor/instrumento,4529.0
OT-001012,PAR-001343,PN-EQ-04,2026-12-07,Correctiva,9.3,2,Motor eléctrico,6162.0
OT-002291,PAR-003023,PN-EQ-09,2025-06-07,Correctiva,1.3,3,Faja/correa,5907.0
OT-002593,PAR-003422,PN-EQ-10,2025-10-12,Correctiva,7.4,3,Sello mecánico,2610.0
OT-002578,PAR-003403,PN-EQ-10,2025-07-26,Correctiva,19.1,2,Ninguno (solo mano de obra),261.0
OT-001082,PAR-001425,PN-EQ-04,2027-09-11,Correctiva,16.9,2,Motor eléctrico,4798.0
OT-001946,PAR-002573,PN-EQ-08,2024-04-17,Correctiva,11.0,3,Motor eléctrico,6661.0
OT-002516,PAR-003330,PN-EQ-10,2024-12-25,Preventiva,9.6,1,Revestimiento (liner),2024.0
OT-002527,PAR-003343,PN-EQ-10,2025-02-16,Correctiva,0.7,2,Sello mecánico,121.0
OT-000273,PAR-000366,PN-EQ-02,2024-02-21,Preventiva,13.3,3,Sello mecánico,1213.0
OT-001529,PAR-001995,PN-EQ-06,2025-01-03,Preventiva,13.0,1,Revestimiento (liner),2294.0
OT-000082,PAR-000109,PN-EQ-01,2025-02-14,Preventiva,7.6,2,Sello mecánico,2151.0
OT-002278,PAR-003007,PN-EQ-09,2025-04-03,Preventiva,5.6,1,Sello mecánico,1598.0
OT-000944,PAR-001256,PN-EQ-04,2026-02-13,Preventiva,8.1,2,,513.0
OT-001389,PAR-001805,PN-EQ-05,2027-04-05,Correctiva,8.4,3,Revestimiento (liner),6322.0
OT-002781,PAR-003657,PN-EQ-10,2027-09-15,Correctiva,9.4,2,Motor eléctrico,4477.0
OT-001818,PAR-002395,PN-EQ-07,2025-12-22,Correctiva,0.8,1,Rodamiento,513.0
OT-000996,PAR-001322,PN-EQ-04,2026-09-21,Correctiva,8.0,1,Motor eléctrico,186.0
OT-001878,PAR-002478,PN-EQ-07,2027-01-17,Preventiva,5.5,3,Ninguno (solo mano de obra),2426.0
OT-001941,PAR-002567,PN-EQ-08,2024-03-17,Correctiva,11.8,3,Sensor/instrumento,2320.0
OT-002754,PAR-003624,PN-EQ-10,2027-06-15,Correctiva,4.4,3,Ninguno (solo mano de obra),4930.0
OT-002078,PAR-002746,PN-EQ-08,2026-03-16,Correctiva,0.8,3,Sensor/instrumento,5151.0
OT-000013,PAR-000018,PN-EQ-01,2024-03-23,Preventiva,9.4,2,Sensor/instrumento,2123.0
OT-000301,PAR-000408,PN-EQ-02,2024-08-03,Correctiva,17.0,3,Ninguno (solo mano de obra),5572.0
OT-001206,PAR-001582,PN-EQ-05,2025-03-01,Preventiva,5.3,3,Ninguno (solo mano de obra),527.0
OT-001291,PAR-001689,PN-EQ-05,2026-03-01,Correctiva,19.9,1,Sensor/instrumento,1254.0
OT-000152,PAR-000198,PN-EQ-01,2026-02-19,Correctiva,11.6,1,Sello mecánico,4574.0
OT-002775,PAR-003650,PN-EQ-10,2027-08-24,Correctiva,10.7,1,Rodamiento,2157.0
OT-000679,PAR-000926,PN-EQ-03,2026-11-16,Preventiva,8.4,3,Revestimiento (liner),1868.0
OT-001188,PAR-001562,PN-EQ-05,2024-12-20,Preventiva,8.3,2,Motor eléctrico,2440.0
OT-000054,PAR-000070,PN-EQ-01,2024-10-02,Correctiva,5.3,1,Rodamiento,7298.0
OT-000614,PAR-000827,PN-EQ-03,2025-08-14,Preventiva,12.3,2,Sensor/instrumento,146.0
OT-000507,PAR-000678,PN-EQ-02,2027-06-21,Correctiva,3.0,2,Faja/correa,3865.0
OT-001649,PAR-002163,PN-EQ-06,2026-10-25,Correctiva,0.8,2,Rodamiento,6258.0
OT-001734,PAR-002275,PN-EQ-07,2024-02-20,Correctiva,10.0,2,Motor eléctrico,6749.0
OT-002683,PAR-003538,PN-EQ-10,2026-08-16,Correctiva,8.1,1,Sello mecánico,2247.0
OT-000698,PAR-000953,PN-EQ-03,2027-04-05,Correctiva,15.3,1,Sensor/instrumento,6102.0
OT-002676,PAR-003530,PN-EQ-10,2026-07-30,Correctiva,0.9,1,Rodamiento,5563.0
OT-002739,PAR-003606,PN-EQ-10,2027-04-05,Correctiva,29.6,2,Ninguno (solo mano de obra),5935.0
OT-000333,PAR-000453,PN-EQ-02,2025-01-03,Preventiva,5.5,3,Motor eléctrico,837.0
OT-002441,PAR-003231,PN-EQ-10,2024-03-02,Correctiva,25.4,2,Revestimiento (liner),7206.0
OT-001205,PAR-001580,PN-EQ-05,2025-02-23,Correctiva,14.3,3,Faja/correa,5428.0
OT-001224,PAR-001607,PN-EQ-05,2025-05-20,Correctiva,6.9,2,Revestimiento (liner),3452.0
OT-000504,PAR-000675,PN-EQ-02,2027-06-07,Correctiva,23.7,3,Sello mecánico,2679.0
OT-000072,PAR-000095,PN-EQ-01,2025-01-01,Preventiva,12.2,2,Faja/correa,1953.0
OT-000457,PAR-000612,PN-EQ-02,2026-10-15,Correctiva,0.5,1,Ninguno (solo mano de obra),1518.0
OT-001286,PAR-001684,PN-EQ-05,2026-02-19,Correctiva,16.6,2,Ninguno (solo mano de obra),6262.0
OT-002573,PAR-003393,PN-EQ-10,2025-07-03,Correctiva,3.0,1,Faja/correa,2494.0
OT-001002,PAR-001329,PN-EQ-04,2026-10-12,Correctiva,0.5,1,Faja/correa,397.0
OT-001328,PAR-001736,PN-EQ-05,2026-08-02,Correctiva,11.4,1,Sensor/instrumento,7786.0
OT-002158,PAR-002848,PN-EQ-08,2027-05-22,Correctiva,0.7,3,Revestimiento (liner),6427.0
OT-001284,PAR-001681,PN-EQ-05,2026-02-07,Correctiva,14.7,2,Faja/correa,1157.0
OT-002470,PAR-003267,PN-EQ-10,2024-07-05,Preventiva,8.8,3,Rodamiento,933.0
OT-002719,PAR-003579,PN-EQ-10,2026-12-23,Correctiva,22.3,2,Ninguno (solo mano de obra),6781.0
OT-001652,PAR-002168,PN-EQ-06,2026-10-29,Correctiva,13.6,1,Motor eléctrico,4613.0
OT-002570,PAR-003390,PN-EQ-10,2025-06-27,Correctiva,5.2,1,Faja/correa,1876.0
OT-001645,PAR-002157,PN-EQ-06,2026-10-13,Correctiva,2.2,2,Rodamiento,7624.0
OT-000811,PAR-001098,PN-EQ-04,2024-10-28,Correctiva,4.7,2,Rodamiento,294.0
OT-002402,PAR-003181,PN-EQ-09,2027-07-16,Correctiva,18.3,2,Sello mecánico,7202.0
OT-000298,PAR-000404,PN-EQ-02,2024-07-21,Correctiva,8.8,3,Sensor/instrumento,5847.0
OT-001054,PAR-001391,PN-EQ-04,2027-05-19,Correctiva,1.3,3,Motor eléctrico,1265.0
OT-000388,PAR-000526,PN-EQ-02,2025-10-17,Preventiva,7.4,2,Motor eléctrico,2038.0
OT-001512,PAR-001969,PN-EQ-06,2024-10-13,Correctiva,8.9,3,Motor eléctrico,968.0
OT-001533,PAR-001999,PN-EQ-06,2025-02-08,Preventiva,6.9,3,Sensor/instrumento,1998.0
OT-000009,PAR-000012,PN-EQ-01,2024-03-07,Preventiva,7.1,3,Revestimiento (liner),2053.0
OT-000685,PAR-000936,PN-EQ-03,2027-01-01,Preventiva,9.6,1,Revestimiento (liner),1341.0
OT-002529,PAR-003346,PN-EQ-10,2025-02-18,Correctiva,7.8,1,Sello mecánico,4979.0
OT-001860,PAR-002455,PN-EQ-07,2026-09-17,Correctiva,15.9,1,Revestimiento (liner),1223.0
OT-001257,PAR-001647,PN-EQ-05,2025-09-24,Preventiva,8.7,3,Ninguno (solo mano de obra),1265.0
OT-000607,PAR-000819,PN-EQ-03,2025-06-03,Correctiva,1.0,2,Motor eléctrico,5768.0
OT-000217,PAR-000285,PN-EQ-01,2027-04-09,Correctiva,9.4,2,Rodamiento,3500.0
OT-002629,PAR-003470,PN-EQ-10,2026-02-15,Correctiva,10.6,2,Motor eléctrico,7281.0
OT-000647,PAR-000879,PN-EQ-03,2026-05-02,Preventiva,10.4,2,Revestimiento (liner),2487.0
OT-001119,PAR-001470,PN-EQ-05,2024-01-23,Correctiva,3.4,1,Faja/correa,7775.0
OT-001974,PAR-002611,PN-EQ-08,2024-09-27,Correctiva,4.4,2,Rodamiento,6650.0
OT-001863,PAR-002462,PN-EQ-07,2026-10-20,Correctiva,14.3,1,Ninguno (solo mano de obra),3879.0
OT-002093,PAR-002765,PN-EQ-08,2026-05-23,Preventiva,4.7,1,Rodamiento,2021.0
OT-000546,PAR-000727,PN-EQ-03,2024-02-08,Preventiva,6.3,1,Motor eléctrico,2202.0
OT-001881,PAR-002483,PN-EQ-07,2027-02-04,Correctiva,6.0,2,Faja/correa,5541.0
OT-000686,PAR-000937,PN-EQ-03,2027-01-06,Correctiva,6.2,3,Revestimiento (liner),1462.0
OT-000065,PAR-000085,PN-EQ-01,2024-12-03,Correctiva,4.5,1,Faja/correa,2074.0
OT-002533,PAR-003351,PN-EQ-10,2025-03-02,Correctiva,4.1,1,Faja/correa,4406.0
OT-002045,PAR-002703,PN-EQ-08,2025-10-28,Correctiva,0.6,3,Rodamiento,2697.0
OT-001926,PAR-002546,PN-EQ-07,2027-12-16,Correctiva,1.7,3,Sensor/instrumento,129.0
OT-002037,PAR-002692,PN-EQ-08,2025-08-30,Correctiva,9.5,1,Sello mecánico,5802.0
OT-000757,PAR-001030,PN-EQ-04,2024-03-07,Correctiva,6.7,3,Motor eléctrico,7459.0
OT-000376,PAR-000511,PN-EQ-02,2025-09-07,Correctiva,1.7,1,Revestimiento (liner),5094.0
OT-001146,PAR-001506,PN-EQ-05,2024-05-31,Correctiva,19.4,2,Sensor/instrumento,7635.0
OT-000669,PAR-000911,PN-EQ-03,2026-09-23,Correctiva,9.7,3,Motor eléctrico,678.0
OT-000045,PAR-000057,PN-EQ-01,2024-08-14,Preventiva,9.4,2,Sensor/instrumento,930.0
OT-000791,PAR-001073,PN-EQ-04,2024-08-14,Preventiva,7.4,3,Revestimiento (liner),1487.0
OT-000002,PAR-000002,PN-EQ-01,2024-01-15,Preventiva,4.0,1,Ninguno (solo mano de obra),267.0
OT-002176,PAR-002870,PN-EQ-08,2027-08-05,Correctiva,3.3,1,Ninguno (solo mano de obra),815.0
OT-000033,PAR-000043,PN-EQ-01,2024-06-19,Correctiva,1.7,1,Revestimiento (liner),4439.0
OT-002616,PAR-003453,PN-EQ-10,2026-01-06,Correctiva,13.4,2,Revestimiento (liner),5788.0
OT-001377,PAR-001791,PN-EQ-05,2027-02-13,Preventiva,13.7,1,Motor eléctrico,1640.0
OT-001190,PAR-001564,PN-EQ-05,2025-01-01,Correctiva,16.8,2,Ninguno (solo mano de obra),3131.0
OT-002655,PAR-003503,PN-EQ-10,2026-05-17,Correctiva,11.7,1,Faja/correa,4865.0
OT-000855,PAR-001150,PN-EQ-04,2025-03-18,Correctiva,10.4,1,Rodamiento,2000.0
OT-000678,PAR-000925,PN-EQ-03,2026-11-07,Correctiva,7.6,2,Ninguno (solo mano de obra),2394.0
OT-001721,PAR-002259,PN-EQ-06,2027-11-19,Correctiva,11.4,1,Sensor/instrumento,5749.0
OT-000243,PAR-000328,PN-EQ-01,2027-09-13,Preventiva,9.1,1,Revestimiento (liner),1966.0
OT-001030,PAR-001363,PN-EQ-04,2027-02-02,Preventiva,7.4,3,Ninguno (solo mano de obra),1942.0
OT-001216,PAR-001593,PN-EQ-05,2025-04-06,Preventiva,8.5,3,Motor eléctrico,701.0
OT-001584,PAR-002070,PN-EQ-06,2025-11-27,Preventiva,8.6,1,Motor eléctrico,534.0
OT-000479,PAR-000638,PN-EQ-02,2027-02-03,Correctiva,9.4,2,,2669.0
OT-001514,PAR-001973,PN-EQ-06,2024-10-26,Correctiva,5.5,2,Revestimiento (liner),2809.0
OT-001127,PAR-001483,PN-EQ-05,2024-03-09,Correctiva,8.1,3,Ninguno (solo mano de obra),4638.0
OT-000491,PAR-000654,PN-EQ-02,2027-03-05,Correctiva,2.0,2,Sensor/instrumento,7461.0
OT-000586,PAR-000784,PN-EQ-03,2024-12-30,Correctiva,0.8,2,Revestimiento (liner),5172.0
OT-000451,PAR-000603,PN-EQ-02,2026-08-30,Preventiva,6.1,2,Motor eléctrico,2441.0
OT-002181,PAR-002876,PN-EQ-08,2027-08-22,Preventiva,9.0,1,Sello mecánico,913.0
OT-001128,PAR-001484,PN-EQ-05,2024-03-10,Preventiva,12.2,1,Sensor/instrumento,1757.0
OT-000835,PAR-001123,PN-EQ-04,2025-01-26,Correctiva,22.4,2,Sello mecánico,2019.0
OT-001838,PAR-002423,PN-EQ-07,2026-04-24,Correctiva,12.9,2,Motor eléctrico,7135.0
OT-002710,PAR-003570,PN-EQ-10,2026-11-24,Correctiva,26.0,2,Motor eléctrico,2479.0
OT-000966,PAR-001282,PN-EQ-04,2026-05-06,Preventiva,6.2,3,Motor eléctrico,536.0
OT-002059,PAR-002722,PN-EQ-08,2025-12-25,Preventiva,9.7,2,Faja/correa,1969.0
OT-001334,PAR-001743,PN-EQ-05,2026-09-04,Preventiva,6.7,2,Sello mecánico,49.0
OT-001603,PAR-002098,PN-EQ-06,2026-03-03,Correctiva,2.1,3,Rodamiento,6405.0
OT-000246,PAR-000333,PN-EQ-01,2027-10-06,Correctiva,27.9,2,Ninguno (solo mano de obra),3789.0
OT-000569,PAR-000762,PN-EQ-03,2024-08-11,Correctiva,18.9,1,Revestimiento (liner),1202.0
OT-000495,PAR-000663,PN-EQ-02,2027-03-29,Correctiva,0.6,2,Faja/correa,7034.0
OT-000444,PAR-000594,PN-EQ-02,2026-07-21,Correctiva,6.0,1,Motor eléctrico,1277.0
OT-002617,PAR-003454,PN-EQ-10,2026-01-10,Preventiva,5.9,3,Sensor/instrumento,2441.0
OT-000843,PAR-001133,PN-EQ-04,2025-02-16,Preventiva,7.4,2,Sensor/instrumento,2006.0
OT-001905,PAR-002514,PN-EQ-07,2027-07-04,Preventiva,11.5,1,Rodamiento,1445.0
OT-000279,PAR-000376,PN-EQ-02,2024-04-13,Preventiva,11.1,2,Revestimiento (liner),962.0
OT-000655,PAR-000892,PN-EQ-03,2026-06-20,Correctiva,0.8,3,Sensor/instrumento,1232.0
OT-001777,PAR-002330,PN-EQ-07,2024-12-06,Preventiva,10.1,3,Revestimiento (liner),1135.0
OT-002500,PAR-003309,PN-EQ-10,2024-10-18,Correctiva,30.2,3,Rodamiento,3956.0
OT-000487,PAR-000649,PN-EQ-02,2027-02-26,Correctiva,5.6,1,Rodamiento,2602.0
OT-001742,PAR-002288,PN-EQ-07,2024-04-16,Correctiva,7.5,1,Faja/correa,6349.0
OT-001875,PAR-002475,PN-EQ-07,2027-01-01,Correctiva,11.6,2,Revestimiento (liner),4925.0
OT-001966,PAR-002599,PN-EQ-08,2024-08-09,Correctiva,2.1,1,Sensor/instrumento,2342.0
OT-000980,PAR-001301,PN-EQ-04,2026-07-10,Correctiva,11.1,2,Motor eléctrico,1629.0
OT-002619,PAR-003456,PN-EQ-10,2026-01-14,Correctiva,22.8,3,Revestimiento (liner),4841.0
OT-000076,PAR-000100,PN-EQ-01,2025-01-22,Correctiva,2.2,1,Ninguno (solo mano de obra),5310.0
OT-001275,PAR-001672,PN-EQ-05,2026-01-11,Correctiva,4.6,2,Sello mecánico,3470.0
OT-000235,PAR-000314,PN-EQ-01,2027-07-24,Preventiva,8.1,3,Rodamiento,750.0
OT-002287,PAR-003019,PN-EQ-09,2025-05-24,Correctiva,4.8,2,Revestimiento (liner),4091.0
OT-001464,PAR-001899,PN-EQ-05,2027-12-21,Preventiva,10.9,1,Revestimiento (liner),1773.0
OT-002774,PAR-003649,PN-EQ-10,2027-08-23,Correctiva,1.9,2,Faja/correa,7365.0
OT-002431,PAR-003220,PN-EQ-10,2024-01-25,Correctiva,14.8,1,Sensor/instrumento,3953.0
OT-000356,PAR-000482,PN-EQ-02,2025-05-08,Correctiva,18.0,3,Revestimiento (liner),2298.0
OT-002688,PAR-003543,PN-EQ-10,2026-09-05,Correctiva,12.1,1,Faja/correa,839.0
OT-001876,PAR-002476,PN-EQ-07,2027-01-02,Correctiva,0.7,1,Sello mecánico,3918.0
OT-002171,PAR-002864,PN-EQ-08,2027-07-17,Preventiva,7.3,3,Sensor/instrumento,218.0
OT-000591,PAR-000796,PN-EQ-03,2025-02-20,Preventiva,9.7,3,Rodamiento,83.0
OT-001169,PAR-001535,PN-EQ-05,2024-09-20,Correctiva,14.5,2,Ninguno (solo mano de obra),6248.0
OT-001741,PAR-002286,PN-EQ-07,2024-04-11,Preventiva,4.7,1,Rodamiento,156.0
OT-001588,PAR-002074,PN-EQ-06,2025-12-08,Correctiva,0.8,1,Rodamiento,1538.0
OT-000756,PAR-001029,PN-EQ-04,2024-03-05,Correctiva,8.7,3,Faja/correa,2549.0
OT-002387,PAR-003161,PN-EQ-09,2027-04-27,Correctiva,1.7,2,Ninguno (solo mano de obra),2990.0
OT-001948,PAR-002576,PN-EQ-08,2024-04-28,Preventiva,3.5,1,Motor eléctrico,1820.0
OT-001141,PAR-001501,PN-EQ-05,2024-05-01,Correctiva,23.0,2,Sensor/instrumento,5215.0
OT-002482,PAR-003283,PN-EQ-10,2024-08-17,Preventiva,5.4,3,,1732.0
OT-001874,PAR-002474,PN-EQ-07,2026-12-30,Preventiva,5.6,3,Sensor/instrumento,1028.0
OT-002204,PAR-002907,PN-EQ-08,2027-12-02,Correctiva,13.7,1,,3857.0
OT-002748,PAR-003616,PN-EQ-10,2027-05-05,Correctiva,3.9,2,Sensor/instrumento,2452.0
OT-001994,PAR-002637,PN-EQ-08,2025-01-22,Correctiva,5.6,3,Sello mecánico,243.0
OT-000274,PAR-000369,PN-EQ-02,2024-03-07,Preventiva,10.0,1,Sensor/instrumento,404.0
OT-002793,PAR-003674,PN-EQ-10,2027-11-22,Correctiva,22.9,1,Rodamiento,5118.0
OT-002276,PAR-003002,PN-EQ-09,2025-03-20,Correctiva,25.0,3,Sensor/instrumento,1353.0
OT-002135,PAR-002821,PN-EQ-08,2027-01-02,Correctiva,0.8,1,Sello mecánico,7476.0
OT-001235,PAR-001621,PN-EQ-05,2025-06-28,Correctiva,20.0,1,Revestimiento (liner),5450.0
OT-001163,PAR-001529,PN-EQ-05,2024-08-27,Preventiva,8.6,3,Revestimiento (liner),2422.0
OT-000604,PAR-000816,PN-EQ-03,2025-05-15,Correctiva,7.2,2,,3742.0
OT-001351,PAR-001762,PN-EQ-05,2026-10-26,Correctiva,6.3,1,Ninguno (solo mano de obra),1102.0
OT-001238,PAR-001625,PN-EQ-05,2025-07-11,Correctiva,7.0,2,Sensor/instrumento,7146.0
OT-000720,PAR-000985,PN-EQ-03,2027-08-25,Correctiva,4.0,3,Faja/correa,4343.0
OT-000658,PAR-000895,PN-EQ-03,2026-07-06,Correctiva,3.5,3,Motor eléctrico,782.0
OT-000904,PAR-001209,PN-EQ-04,2025-09-15,Preventiva,5.2,3,Revestimiento (liner),2230.0
OT-002411,PAR-003192,PN-EQ-09,2027-09-15,Preventiva,5.7,2,Sensor/instrumento,1032.0
OT-001578,PAR-002062,PN-EQ-06,2025-10-21,Preventiva,9.8,1,Motor eléctrico,2219.0
OT-002440,PAR-003230,PN-EQ-10,2024-02-25,Correctiva,5.2,3,Rodamiento,568.0
OT-000276,PAR-000371,PN-EQ-02,2024-03-26,Preventiva,3.9,3,Sensor/instrumento,1084.0
OT-002723,PAR-003585,PN-EQ-10,2027-01-10,Preventiva,9.5,1,Ninguno (solo mano de obra),2373.0
OT-002083,PAR-002753,PN-EQ-08,2026-04-07,Correctiva,6.4,1,Motor eléctrico,4464.0
OT-001511,PAR-001968,PN-EQ-06,2024-10-09,Preventiva,10.5,1,Revestimiento (liner),2191.0
OT-000355,PAR-000481,PN-EQ-02,2025-05-07,Correctiva,10.2,2,Sensor/instrumento,4236.0
OT-002776,PAR-003651,PN-EQ-10,2027-08-26,Preventiva,4.0,2,Sensor/instrumento,1366.0
OT-001929,PAR-002549,PN-EQ-07,2027-12-24,Correctiva,1.9,3,Rodamiento,3815.0
OT-000711,PAR-000970,PN-EQ-03,2027-06-29,Preventiva,5.8,2,Revestimiento (liner),824.0
OT-001319,PAR-001726,PN-EQ-05,2026-07-05,Correctiva,26.2,2,Sensor/instrumento,1486.0
OT-000848,PAR-001139,PN-EQ-04,2025-02-27,Correctiva,5.7,1,Motor eléctrico,4945.0
OT-001634,PAR-002140,PN-EQ-06,2026-08-03,Correctiva,5.2,2,Sensor/instrumento,5022.0
OT-001882,PAR-002484,PN-EQ-07,2027-02-08,Correctiva,1.8,2,Ninguno (solo mano de obra),5609.0
OT-001402,PAR-001824,PN-EQ-05,2027-06-05,Preventiva,5.6,2,Rodamiento,1526.0
OT-000008,PAR-000011,PN-EQ-01,2024-03-06,Correctiva,2.7,1,Motor eléctrico,5818.0
OT-001520,PAR-001979,PN-EQ-06,2024-11-18,Preventiva,8.0,3,Sensor/instrumento,597.0
OT-001344,PAR-001754,PN-EQ-05,2026-09-28,Correctiva,11.9,2,Revestimiento (liner),7535.0
OT-001539,PAR-002007,PN-EQ-06,2025-03-21,Correctiva,1.0,1,Ninguno (solo mano de obra),3000.0
OT-001509,PAR-001965,PN-EQ-06,2024-09-20,Correctiva,1.5,2,Sello mecánico,1574.0
OT-001720,PAR-002258,PN-EQ-06,2027-11-18,Correctiva,2.8,2,Ninguno (solo mano de obra),4374.0
OT-000482,PAR-000642,PN-EQ-02,2027-02-08,Correctiva,3.4,1,Sello mecánico,398.0
OT-000807,PAR-001091,PN-EQ-04,2024-10-13,Correctiva,27.2,3,Motor eléctrico,7805.0
OT-002123,PAR-002803,PN-EQ-08,2026-11-01,Correctiva,9.9,2,Faja/correa,6667.0
OT-000184,PAR-000246,PN-EQ-01,2026-10-04,Preventiva,10.8,3,Motor eléctrico,331.0
OT-000306,PAR-000415,PN-EQ-02,2024-08-30,Preventiva,4.9,3,Sello mecánico,751.0
OT-001498,PAR-001947,PN-EQ-06,2024-07-29,Correctiva,17.2,2,Ninguno (solo mano de obra),633.0
OT-000625,PAR-000843,PN-EQ-03,2025-11-10,Correctiva,3.1,1,Sello mecánico,1236.0
OT-001501,PAR-001954,PN-EQ-06,2024-08-24,Correctiva,30.3,1,Faja/correa,620.0
OT-002702,PAR-003560,PN-EQ-10,2026-10-29,Preventiva,6.6,3,Sensor/instrumento,657.0
OT-002073,PAR-002741,PN-EQ-08,2026-03-10,Correctiva,18.0,2,Motor eléctrico,7952.0
OT-001508,PAR-001963,PN-EQ-06,2024-09-17,Preventiva,5.4,2,Sello mecánico,2213.0
OT-002290,PAR-003022,PN-EQ-09,2025-06-06,Preventiva,11.9,2,Revestimiento (liner),943.0
OT-000652,PAR-000884,PN-EQ-03,2026-06-05,Preventiva,9.5,2,Motor eléctrico,569.0
OT-002642,PAR-003486,PN-EQ-10,2026-03-26,Correctiva,5.6,2,Motor eléctrico,7332.0
OT-001329,PAR-001737,PN-EQ-05,2026-08-03,Preventiva,8.1,3,Faja/correa,1691.0
OT-002579,PAR-003404,PN-EQ-10,2025-08-01,Correctiva,14.6,1,Motor eléctrico,2007.0
OT-001612,PAR-002109,PN-EQ-06,2026-04-16,Correctiva,3.7,1,Ninguno (solo mano de obra),6552.0
OT-001383,PAR-001798,PN-EQ-05,2027-03-12,Correctiva,29.2,3,Revestimiento (liner),7270.0
OT-000120,PAR-000157,PN-EQ-01,2025-09-07,Correctiva,18.3,2,Sello mecánico,3189.0
OT-002373,PAR-003143,PN-EQ-09,2027-02-06,Preventiva,4.9,1,Sensor/instrumento,1799.0
OT-000420,PAR-000568,PN-EQ-02,2026-04-17,Correctiva,5.7,3,Motor eléctrico,5826.0
OT-001702,PAR-002235,PN-EQ-06,2027-07-24,Correctiva,17.2,3,Sensor/instrumento,1659.0
OT-001710,PAR-002243,PN-EQ-06,2027-08-18,Correctiva,0.4,2,Ninguno (solo mano de obra),7479.0
OT-002738,PAR-003605,PN-EQ-10,2027-04-01,Correctiva,6.6,1,Revestimiento (liner),6040.0
OT-002043,PAR-002700,PN-EQ-08,2025-09-27,Correctiva,16.4,2,Faja/correa,3294.0
OT-001005,PAR-001333,PN-EQ-04,2026-10-27,Correctiva,1.4,2,Rodamiento,2327.0
OT-001689,PAR-002217,PN-EQ-06,2027-05-13,Correctiva,4.1,1,Rodamiento,4492.0
OT-002223,PAR-002933,PN-EQ-09,2024-03-23,Correctiva,2.3,2,Sensor/instrumento,7065.0
OT-001594,PAR-002084,PN-EQ-06,2026-01-19,Correctiva,9.5,3,Rodamiento,261.0
OT-001605,PAR-002100,PN-EQ-06,2026-03-17,Correctiva,7.6,3,Revestimiento (liner),5539.0
OT-002403,PAR-003182,PN-EQ-09,2027-07-20,Correctiva,1.9,2,Faja/correa,3672.0
OT-002721,PAR-003582,PN-EQ-10,2027-01-04,Correctiva,19.2,3,Rodamiento,7149.0
OT-001859,PAR-002453,PN-EQ-07,2026-09-12,Correctiva,4.2,1,Rodamiento,6976.0
OT-000325,PAR-000443,PN-EQ-02,2024-12-05,Correctiva,2.7,3,Sensor/instrumento,7666.0
OT-002281,PAR-003011,PN-EQ-09,2025-04-18,Preventiva,4.6,2,Faja/correa,1909.0
OT-001969,PAR-002605,PN-EQ-08,2024-09-05,Correctiva,1.9,2,Sensor/instrumento,7002.0
OT-002538,PAR-003357,PN-EQ-10,2025-03-21,Correctiva,25.2,1,Motor eléctrico,4508.0
OT-000885,PAR-001183,PN-EQ-04,2025-07-02,Preventiva,8.1,2,Sello mecánico,1152.0
OT-002456,PAR-003249,PN-EQ-10,2024-05-09,Correctiva,10.7,1,Rodamiento,4126.0
OT-001790,PAR-002351,PN-EQ-07,2025-03-27,Correctiva,0.4,2,Motor eléctrico,4670.0
OT-000354,PAR-000480,PN-EQ-02,2025-05-06,Preventiva,5.8,2,Motor eléctrico,439.0
OT-001880,PAR-002482,PN-EQ-07,2027-02-04,Preventiva,9.5,2,Sello mecánico,2465.0
OT-000775,PAR-001054,PN-EQ-04,2024-06-05,Correctiva,2.1,3,Sello mecánico,827.0
OT-000529,PAR-000708,PN-EQ-02,2027-11-07,Correctiva,5.2,2,Rodamiento,5010.0
OT-001019,PAR-001351,PN-EQ-04,2027-01-01,Correctiva,12.2,1,Revestimiento (liner),1367.0
OT-001110,PAR-001459,PN-EQ-04,2027-12-13,Correctiva,20.2,1,Motor eléctrico,533.0
OT-001695,PAR-002226,PN-EQ-06,2027-06-25,Correctiva,1.1,2,Faja/correa,7037.0
OT-002706,PAR-003566,PN-EQ-10,2026-11-17,Correctiva,15.1,1,Ninguno (solo mano de obra),2282.0
OT-002485,PAR-003287,PN-EQ-10,2024-08-23,Correctiva,2.9,3,Rodamiento,5045.0
OT-001570,PAR-002053,PN-EQ-06,2025-09-08,Correctiva,0.5,2,Revestimiento (liner),3252.0
OT-001845,PAR-002433,PN-EQ-07,2026-06-18,Correctiva,8.4,3,Revestimiento (liner),1941.0
OT-001774,PAR-002327,PN-EQ-07,2024-11-08,Correctiva,2.5,3,Motor eléctrico,1168.0
OT-002173,PAR-002866,PN-EQ-08,2027-07-26,Correctiva,26.9,2,Faja/correa,4683.0
OT-001262,PAR-001653,PN-EQ-05,2025-10-29,Correctiva,19.5,3,Rodamiento,2604.0
OT-001407,PAR-001831,PN-EQ-05,2027-06-20,Preventiva,11.1,2,Ninguno (solo mano de obra),1988.0
OT-002614,PAR-003451,PN-EQ-10,2025-12-31,Correctiva,2.7,1,Rodamiento,7838.0
OT-001862,PAR-002461,PN-EQ-07,2026-10-17,Preventiva,13.2,1,Revestimiento (liner),571.0
OT-001153,PAR-001514,PN-EQ-05,2024-06-23,Correctiva,23.5,1,Sello mecánico,4571.0
OT-001273,PAR-001670,PN-EQ-05,2026-01-03,Correctiva,1.7,1,Faja/correa,2169.0
OT-002782,PAR-003658,PN-EQ-10,2027-09-17,Correctiva,11.4,2,Rodamiento,6596.0
OT-002217,PAR-002927,PN-EQ-09,2024-02-20,Preventiva,9.9,3,Sensor/instrumento,252.0
OT-001943,PAR-002570,PN-EQ-08,2024-04-01,Correctiva,1.5,2,Faja/correa,7444.0
OT-001836,PAR-002419,PN-EQ-07,2026-04-14,Preventiva,8.4,3,Rodamiento,141.0
OT-002072,PAR-002740,PN-EQ-08,2026-03-06,Correctiva,15.8,3,Rodamiento,986.0
OT-000646,PAR-000876,PN-EQ-03,2026-04-23,Correctiva,1.5,1,Sello mecánico,3719.0
OT-001590,PAR-002079,PN-EQ-06,2026-01-03,Preventiva,5.3,2,Motor eléctrico,1879.0
OT-001535,PAR-002001,PN-EQ-06,2025-02-18,Correctiva,2.9,2,Sello mecánico,6748.0
OT-001877,PAR-002477,PN-EQ-07,2027-01-12,Correctiva,4.3,1,Faja/correa,146.0
OT-001924,PAR-002544,PN-EQ-07,2027-11-28,Preventiva,4.6,1,Rodamiento,661.0
OT-000871,PAR-001168,PN-EQ-04,2025-05-06,Correctiva,4.4,1,Ninguno (solo mano de obra),2552.0
OT-000833,PAR-001121,PN-EQ-04,2025-01-17,Preventiva,8.4,2,Faja/correa,716.0
OT-001884,PAR-002486,PN-EQ-07,2027-02-13,Correctiva,5.4,2,,6592.0
OT-000307,PAR-000418,PN-EQ-02,2024-09-07,Correctiva,1.1,2,Sensor/instrumento,7792.0
OT-000561,PAR-000752,PN-EQ-03,2024-06-04,Preventiva,10.3,2,Rodamiento,593.0
OT-001412,PAR-001837,PN-EQ-05,2027-07-04,Correctiva,28.8,1,Revestimiento (liner),6326.0
OT-000162,PAR-000211,PN-EQ-01,2026-04-17,Preventiva,6.8,1,Rodamiento,1640.0
OT-001523,PAR-001984,PN-EQ-06,2024-12-10,Correctiva,17.9,1,Motor eléctrico,7815.0
OT-001255,PAR-001645,PN-EQ-05,2025-09-17,Correctiva,26.0,1,Revestimiento (liner),4523.0
OT-000390,PAR-000530,PN-EQ-02,2025-11-01,Correctiva,8.6,3,Ninguno (solo mano de obra),3412.0
OT-002732,PAR-003598,PN-EQ-10,2027-03-09,Correctiva,19.2,1,Sensor/instrumento,5706.0
OT-001229,PAR-001613,PN-EQ-05,2025-06-02,Preventiva,8.7,2,Motor eléctrico,597.0
OT-002017,PAR-002666,PN-EQ-08,2025-06-06,Preventiva,10.4,2,Sensor/instrumento,1888.0
OT-000206,PAR-000273,PN-EQ-01,2027-02-06,Correctiva,3.7,2,Sello mecánico,3797.0
OT-002335,PAR-003082,PN-EQ-09,2026-04-08,Preventiva,11.8,3,Rodamiento,2305.0
OT-000278,PAR-000375,PN-EQ-02,2024-04-12,Correctiva,1.4,3,Motor eléctrico,7928.0
OT-000339,PAR-000461,PN-EQ-02,2025-01-31,Correctiva,16.6,1,Rodamiento,5181.0
OT-002071,PAR-002738,PN-EQ-08,2026-02-22,Correctiva,3.2,1,Faja/correa,5651.0
OT-001850,PAR-002439,PN-EQ-07,2026-07-22,Correctiva,6.6,2,Sensor/instrumento,2155.0
OT-001202,PAR-001577,PN-EQ-05,2025-02-20,Correctiva,15.9,2,Faja/correa,4845.0
OT-001341,PAR-001751,PN-EQ-05,2026-09-24,Preventiva,6.9,2,Revestimiento (liner),235.0
OT-002503,PAR-003313,PN-EQ-10,2024-11-09,Preventiva,9.3,2,Faja/correa,163.0
OT-002786,PAR-003667,PN-EQ-10,2027-10-23,Correctiva,31.5,2,Rodamiento,7379.0
OT-002096,PAR-002771,PN-EQ-08,2026-06-19,Correctiva,3.4,2,Rodamiento,7807.0
OT-000780,PAR-001060,PN-EQ-04,2024-07-03,Preventiva,8.9,2,Sensor/instrumento,1318.0
OT-000537,PAR-000717,PN-EQ-02,2027-12-17,Preventiva,6.7,3,Sensor/instrumento,1008.0
OT-000115,PAR-000148,PN-EQ-01,2025-07-25,Preventiva,6.9,3,Faja/correa,1455.0
OT-002205,PAR-002908,PN-EQ-08,2027-12-03,Correctiva,17.6,1,Sensor/instrumento,6544.0
OT-002156,PAR-002846,PN-EQ-08,2027-05-14,Correctiva,3.4,2,Rodamiento,516.0
OT-001555,PAR-002028,PN-EQ-06,2025-05-23,Correctiva,6.0,2,Revestimiento (liner),3089.0
OT-001871,PAR-002471,PN-EQ-07,2026-12-07,Correctiva,0.8,3,Ninguno (solo mano de obra),1540.0
OT-000138,PAR-000180,PN-EQ-01,2025-12-07,Preventiva,8.0,3,Ninguno (solo mano de obra),1510.0
OT-002382,PAR-003156,PN-EQ-09,2027-04-06,Preventiva,6.9,1,Revestimiento (liner),1081.0
OT-001999,PAR-002644,PN-EQ-08,2025-02-21,Correctiva,0.8,3,Faja/correa,5220.0
OT-002308,PAR-003043,PN-EQ-09,2025-08-31,Correctiva,4.8,3,Rodamiento,5236.0
OT-002225,PAR-002935,PN-EQ-09,2024-04-03,Preventiva,9.7,1,Motor eléctrico,56.0
OT-000851,PAR-001144,PN-EQ-04,2025-03-07,Correctiva,1.1,1,Sensor/instrumento,3784.0
OT-002239,PAR-002958,PN-EQ-09,2024-07-10,Preventiva,7.5,2,Sello mecánico,1804.0
OT-000664,PAR-000904,PN-EQ-03,2026-08-17,Preventiva,6.8,3,Revestimiento (liner),314.0
OT-000682,PAR-000932,PN-EQ-03,2026-12-09,Preventiva,9.0,2,Sello mecánico,744.0
OT-000984,PAR-001308,PN-EQ-04,2026-07-27,Correctiva,31.3,2,Revestimiento (liner),6778.0
OT-001696,PAR-002227,PN-EQ-06,2027-06-30,Correctiva,0.4,3,Revestimiento (liner),5855.0
OT-000372,PAR-000505,PN-EQ-02,2025-08-03,Preventiva,11.0,1,Sello mecánico,1994.0
OT-002395,PAR-003171,PN-EQ-09,2027-05-28,Correctiva,18.9,3,Revestimiento (liner),4141.0
OT-000916,PAR-001223,PN-EQ-04,2025-10-14,Correctiva,1.8,2,Ninguno (solo mano de obra),4072.0
OT-000340,PAR-000462,PN-EQ-02,2025-02-05,Correctiva,12.2,3,Ninguno (solo mano de obra),7591.0
OT-000595,PAR-000802,PN-EQ-03,2025-03-24,Preventiva,10.5,3,Sensor/instrumento,2456.0
OT-002543,PAR-003362,PN-EQ-10,2025-04-05,Correctiva,12.2,2,Sello mecánico,5586.0
OT-002360,PAR-003121,PN-EQ-09,2026-10-30,Correctiva,2.3,1,Motor eléctrico,6426.0
OT-000823,PAR-001111,PN-EQ-04,2024-12-14,Correctiva,31.4,2,Faja/correa,7486.0
OT-001602,PAR-002096,PN-EQ-06,2026-02-26,Preventiva,4.7,2,Faja/correa,612.0
OT-000518,PAR-000693,PN-EQ-02,2027-09-06,Preventiva,9.3,1,Sello mecánico,769.0
OT-001958,PAR-002589,PN-EQ-08,2024-06-21,Preventiva,8.6,2,Sensor/instrumento,1950.0
OT-001086,PAR-001429,PN-EQ-04,2027-09-19,Correctiva,4.3,1,Revestimiento (liner),1755.0
OT-001104,PAR-001450,PN-EQ-04,2027-11-14,Correctiva,16.0,3,Sello mecánico,2975.0
OT-001569,PAR-002052,PN-EQ-06,2025-08-28,Preventiva,7.5,2,Sensor/instrumento,1277.0
OT-001971,PAR-002607,PN-EQ-08,2024-09-09,Correctiva,3.8,3,Motor eléctrico,5194.0
OT-000455,PAR-000608,PN-EQ-02,2026-09-19,Preventiva,7.4,3,Motor eléctrico,1328.0
OT-001534,PAR-002000,PN-EQ-06,2025-02-16,Correctiva,15.2,2,Sello mecánico,6518.0
OT-000731,PAR-000998,PN-EQ-03,2027-10-26,Correctiva,1.6,1,,5793.0
OT-001692,PAR-002223,PN-EQ-06,2027-06-04,Preventiva,4.9,3,Ninguno (solo mano de obra),55.0
OT-001375,PAR-001789,PN-EQ-05,2027-02-08,Correctiva,2.1,3,Faja/correa,6931.0
OT-000396,PAR-000536,PN-EQ-02,2025-12-01,Correctiva,0.8,3,Revestimiento (liner),3808.0
OT-002098,PAR-002774,PN-EQ-08,2026-06-27,Correctiva,17.2,1,Ninguno (solo mano de obra),623.0
OT-002458,PAR-003251,PN-EQ-10,2024-05-14,Correctiva,27.2,1,Faja/correa,6903.0
OT-001701,PAR-002234,PN-EQ-06,2027-07-22,Correctiva,7.6,3,Rodamiento,4137.0
OT-002148,PAR-002836,PN-EQ-08,2027-04-01,Correctiva,6.6,1,Faja/correa,4964.0
OT-001055,PAR-001392,PN-EQ-04,2027-05-20,Correctiva,9.1,1,Motor eléctrico,4952.0
OT-002066,PAR-002732,PN-EQ-08,2026-02-01,Preventiva,8.7,1,Sensor/instrumento,1911.0
OT-001287,PAR-001685,PN-EQ-05,2026-02-21,Correctiva,12.9,3,Faja/correa,6134.0
OT-001518,PAR-001977,PN-EQ-06,2024-11-11,Correctiva,0.5,1,Sello mecánico,7979.0
OT-000872,PAR-001169,PN-EQ-04,2025-05-09,Correctiva,2.0,2,Sensor/instrumento,3007.0
OT-002047,PAR-002707,PN-EQ-08,2025-11-05,Correctiva,13.4,1,Revestimiento (liner),4014.0
OT-001996,PAR-002640,PN-EQ-08,2025-02-03,Correctiva,0.8,2,Revestimiento (liner),7915.0
OT-001635,PAR-002142,PN-EQ-06,2026-08-11,Correctiva,23.2,3,Sello mecánico,4738.0
OT-002182,PAR-002880,PN-EQ-08,2027-09-10,Preventiva,3.9,1,Revestimiento (liner),2451.0
OT-001113,PAR-001463,PN-EQ-04,2027-12-25,Correctiva,20.9,2,Rodamiento,6752.0
OT-002715,PAR-003575,PN-EQ-10,2026-12-17,Correctiva,12.3,1,Sensor/instrumento,2991.0
OT-000852,PAR-001146,PN-EQ-04,2025-03-09,Correctiva,24.4,2,Ninguno (solo mano de obra),3040.0
OT-001477,PAR-001920,PN-EQ-06,2024-04-02,Preventiva,9.6,2,Sello mecánico,2082.0
OT-001032,PAR-001366,PN-EQ-04,2027-02-16,Preventiva,7.8,2,Ninguno (solo mano de obra),1030.0
OT-002420,PAR-003205,PN-EQ-09,2027-11-03,Correctiva,13.0,1,,103.0
OT-002452,PAR-003244,PN-EQ-10,2024-04-18,Correctiva,5.4,1,,4401.0
OT-000858,PAR-001153,PN-EQ-04,2025-03-28,Preventiva,5.3,1,Sello mecánico,1962.0
OT-000622,PAR-000840,PN-EQ-03,2025-10-25,Correctiva,0.6,3,Sello mecánico,7092.0
OT-000522,PAR-000698,PN-EQ-02,2027-09-26,Preventiva,11.3,1,Sello mecánico,2464.0
OT-000870,PAR-001167,PN-EQ-04,2025-05-05,Correctiva,5.0,1,Sello mecánico,4005.0
OT-002586,PAR-003412,PN-EQ-10,2025-08-31,Correctiva,7.3,2,Revestimiento (liner),519.0
OT-000734,PAR-001002,PN-EQ-03,2027-12-02,Preventiva,7.5,1,Sensor/instrumento,1155.0
OT-002635,PAR-003477,PN-EQ-10,2026-03-02,Correctiva,3.3,2,Sensor/instrumento,7106.0
OT-002530,PAR-003348,PN-EQ-10,2025-02-21,Correctiva,7.2,1,Rodamiento,1750.0
OT-002426,PAR-003213,PN-EQ-09,2027-12-29,Preventiva,8.2,1,Motor eléctrico,1365.0
OT-001029,PAR-001362,PN-EQ-04,2027-01-30,Correctiva,18.3,1,Revestimiento (liner),6561.0
OT-000964,PAR-001280,PN-EQ-04,2026-05-02,Correctiva,11.8,2,Rodamiento,2269.0
OT-002284,PAR-003015,PN-EQ-09,2025-05-13,Correctiva,9.1,1,Ninguno (solo mano de obra),5481.0
OT-001173,PAR-001541,PN-EQ-05,2024-10-16,Correctiva,5.8,1,Sello mecánico,7420.0
OT-001085,PAR-001428,PN-EQ-04,2027-09-18,Correctiva,5.8,1,Motor eléctrico,490.0
OT-002405,PAR-003186,PN-EQ-09,2027-08-09,Preventiva,9.2,3,Revestimiento (liner),753.0
OT-000075,PAR-000099,PN-EQ-01,2025-01-22,Preventiva,6.3,3,Sello mecánico,1216.0
OT-002337,PAR-003085,PN-EQ-09,2026-04-23,Preventiva,9.9,1,Sensor/instrumento,2498.0
OT-000416,PAR-000563,PN-EQ-02,2026-03-18,Preventiva,9.9,3,Faja/correa,1178.0
OT-001069,PAR-001408,PN-EQ-04,2027-07-17,Correctiva,15.9,3,Sello mecánico,16.0
OT-002031,PAR-002684,PN-EQ-08,2025-08-07,Preventiva,10.3,1,Motor eléctrico,1019.0
OT-000874,PAR-001171,PN-EQ-04,2025-05-13,Correctiva,12.4,1,Rodamiento,7606.0
OT-002125,PAR-002805,PN-EQ-08,2026-11-04,Correctiva,1.1,2,Sensor/instrumento,409.0
OT-002390,PAR-003164,PN-EQ-09,2027-05-07,Correctiva,5.1,3,Faja/correa,1129.0
OT-001481,PAR-001925,PN-EQ-06,2024-04-27,Correctiva,0.7,2,Sello mecánico,1194.0
OT-002008,PAR-002653,PN-EQ-08,2025-04-07,Preventiva,6.0,2,Ninguno (solo mano de obra),975.0
OT-000167,PAR-000218,PN-EQ-01,2026-05-06,Correctiva,18.9,2,Sensor/instrumento,7331.0
OT-000803,PAR-001086,PN-EQ-04,2024-09-28,Correctiva,24.7,1,Ninguno (solo mano de obra),6647.0
OT-000201,PAR-000267,PN-EQ-01,2027-01-03,Correctiva,4.6,3,Ninguno (solo mano de obra),3205.0
OT-001386,PAR-001801,PN-EQ-05,2027-03-21,Correctiva,2.8,1,,1585.0
OT-000228,PAR-000304,PN-EQ-01,2027-06-08,Correctiva,3.3,2,Faja/correa,1998.0
OT-002692,PAR-003549,PN-EQ-10,2026-09-21,Correctiva,28.5,2,Ninguno (solo mano de obra),3012.0
OT-000439,PAR-000587,PN-EQ-02,2026-06-22,Correctiva,7.1,2,Rodamiento,4295.0
OT-001125,PAR-001481,PN-EQ-05,2024-02-24,Correctiva,1.9,3,Rodamiento,1147.0
OT-001363,PAR-001776,PN-EQ-05,2026-12-21,Correctiva,0.4,1,Sensor/instrumento,865.0
OT-002588,PAR-003414,PN-EQ-10,2025-09-16,Preventiva,7.5,3,Sensor/instrumento,34.0
OT-002139,PAR-002826,PN-EQ-08,2027-01-30,Preventiva,9.3,3,Sello mecánico,843.0
OT-001406,PAR-001830,PN-EQ-05,2027-06-18,Correctiva,15.8,3,Revestimiento (liner),6156.0
OT-002061,PAR-002725,PN-EQ-08,2026-01-05,Correctiva,7.6,3,Sensor/instrumento,4415.0
OT-001485,PAR-001930,PN-EQ-06,2024-05-21,Correctiva,3.0,2,Motor eléctrico,808.0
OT-000049,PAR-000061,PN-EQ-01,2024-08-27,Correctiva,1.2,3,Rodamiento,7260.0
OT-000502,PAR-000672,PN-EQ-02,2027-05-17,Correctiva,3.2,2,Sello mecánico,2003.0
OT-000578,PAR-000774,PN-EQ-03,2024-10-29,Preventiva,12.3,1,Revestimiento (liner),4.0
OT-002151,PAR-002839,PN-EQ-08,2027-04-19,Preventiva,6.2,1,Sello mecánico,1454.0
OT-001380,PAR-001794,PN-EQ-05,2027-02-28,Correctiva,10.9,1,Faja/correa,3581.0
OT-000357,PAR-000483,PN-EQ-02,2025-05-13,Correctiva,23.5,1,Revestimiento (liner),4053.0
OT-000556,PAR-000743,PN-EQ-03,2024-04-11,Correctiva,8.2,2,Revestimiento (liner),5491.0
OT-000661,PAR-000900,PN-EQ-03,2026-07-31,Preventiva,4.0,2,Revestimiento (liner),113.0
OT-001311,PAR-001716,PN-EQ-05,2026-05-24,Correctiva,20.6,1,Motor eléctrico,7461.0
OT-000557,PAR-000744,PN-EQ-03,2024-04-17,Correctiva,1.0,1,Faja/correa,5356.0
OT-001419,PAR-001845,PN-EQ-05,2027-07-23,Correctiva,11.0,2,Sensor/instrumento,7431.0
OT-000921,PAR-001228,PN-EQ-04,2025-11-05,Correctiva,5.2,2,Revestimiento (liner),2313.0
OT-000284,PAR-000385,PN-EQ-02,2024-05-03,Correctiva,4.0,1,Motor eléctrico,5534.0
OT-002597,PAR-003428,PN-EQ-10,2025-10-27,Correctiva,27.2,3,Sensor/instrumento,1757.0
OT-001026,PAR-001358,PN-EQ-04,2027-01-16,Correctiva,5.7,3,Motor eléctrico,4937.0
OT-002737,PAR-003604,PN-EQ-10,2027-03-30,Correctiva,22.3,1,Motor eléctrico,6864.0
OT-002129,PAR-002812,PN-EQ-08,2026-12-08,Preventiva,5.4,3,Rodamiento,2007.0
OT-000937,PAR-001246,PN-EQ-04,2026-01-05,Correctiva,31.7,1,Rodamiento,4355.0
OT-000925,PAR-001233,PN-EQ-04,2025-11-21,Correctiva,25.6,1,Motor eléctrico,3006.0
OT-001486,PAR-001932,PN-EQ-06,2024-05-29,Preventiva,11.6,3,Rodamiento,801.0
OT-000190,PAR-000254,PN-EQ-01,2026-11-19,Correctiva,16.2,2,Sensor/instrumento,6212.0
OT-001687,PAR-002214,PN-EQ-06,2027-04-25,Preventiva,10.3,3,Revestimiento (liner),1867.0
OT-002630,PAR-003471,PN-EQ-10,2026-02-18,Correctiva,24.2,3,Sensor/instrumento,1111.0
OT-001743,PAR-002289,PN-EQ-07,2024-04-17,Correctiva,8.9,1,Faja/correa,4809.0
OT-002478,PAR-003276,PN-EQ-10,2024-08-01,Correctiva,11.3,2,Faja/correa,2148.0
OT-000621,PAR-000838,PN-EQ-03,2025-10-08,Preventiva,4.5,3,Rodamiento,2129.0
OT-001674,PAR-002195,PN-EQ-06,2027-02-26,Correctiva,7.8,1,Sensor/instrumento,5155.0
OT-000581,PAR-000778,PN-EQ-03,2024-12-06,Preventiva,7.7,2,Sello mecánico,515.0
OT-000267,PAR-000357,PN-EQ-02,2024-01-18,Preventiva,8.4,2,Ninguno (solo mano de obra),1597.0
OT-000380,PAR-000515,PN-EQ-02,2025-09-13,Correctiva,17.9,2,Faja/correa,2449.0
OT-000794,PAR-001076,PN-EQ-04,2024-09-03,Preventiva,5.4,2,Ninguno (solo mano de obra),1125.0
OT-000508,PAR-000679,PN-EQ-02,2027-06-25,Preventiva,4.1,2,Sello mecánico,2038.0
OT-000704,PAR-000960,PN-EQ-03,2027-05-10,Correctiva,1.1,1,Sello mecánico,3921.0
OT-001439,PAR-001870,PN-EQ-05,2027-10-10,Correctiva,2.8,1,Sensor/instrumento,103.0
OT-000022,PAR-000030,PN-EQ-01,2024-04-26,Correctiva,1.0,3,Motor eléctrico,1219.0
OT-002795,PAR-003676,PN-EQ-10,2027-11-25,Correctiva,6.9,1,Rodamiento,988.0
OT-002036,PAR-002691,PN-EQ-08,2025-08-27,Correctiva,19.2,1,Faja/correa,2068.0
OT-002275,PAR-003001,PN-EQ-09,2025-03-19,Correctiva,1.1,3,Faja/correa,529.0
OT-002227,PAR-002940,PN-EQ-09,2024-04-22,Correctiva,1.1,3,Rodamiento,966.0
OT-001312,PAR-001718,PN-EQ-05,2026-05-27,Correctiva,25.1,1,Rodamiento,5171.0
OT-002014,PAR-002662,PN-EQ-08,2025-05-24,Correctiva,4.7,1,Ninguno (solo mano de obra),2615.0
OT-000412,PAR-000558,PN-EQ-02,2026-02-18,Correctiva,4.9,2,Sello mecánico,6825.0
OT-002218,PAR-002928,PN-EQ-09,2024-03-02,Correctiva,12.8,2,Ninguno (solo mano de obra),7736.0
OT-002422,PAR-003207,PN-EQ-09,2027-11-19,Preventiva,6.2,3,Faja/correa,394.0
OT-000990,PAR-001314,PN-EQ-04,2026-08-22,Correctiva,1.6,1,Faja/correa,7166.0
OT-002569,PAR-003389,PN-EQ-10,2025-06-22,Correctiva,10.7,1,Faja/correa,4844.0
OT-002112,PAR-002789,PN-EQ-08,2026-08-24,Correctiva,3.4,1,Ninguno (solo mano de obra),4825.0
OT-002392,PAR-003168,PN-EQ-09,2027-05-19,Correctiva,4.8,3,Motor eléctrico,2811.0
OT-001879,PAR-002481,PN-EQ-07,2027-01-31,Correctiva,0.8,3,Revestimiento (liner),7698.0
OT-001445,PAR-001876,PN-EQ-05,2027-10-17,Correctiva,0.7,1,Rodamiento,284.0
OT-001404,PAR-001826,PN-EQ-05,2027-06-07,Correctiva,9.9,2,Sensor/instrumento,1975.0
OT-002700,PAR-003558,PN-EQ-10,2026-10-27,Correctiva,4.9,3,Sensor/instrumento,7779.0
OT-002369,PAR-003138,PN-EQ-09,2026-12-28,Preventiva,6.2,2,Ninguno (solo mano de obra),3.0
OT-002785,PAR-003665,PN-EQ-10,2027-10-17,Preventiva,9.1,1,Faja/correa,1992.0
OT-001715,PAR-002250,PN-EQ-06,2027-09-30,Correctiva,4.7,3,Faja/correa,6245.0
OT-002558,PAR-003378,PN-EQ-10,2025-05-21,Correctiva,23.8,2,Sensor/instrumento,3384.0
OT-000697,PAR-000952,PN-EQ-03,2027-04-05,Preventiva,7.1,1,Motor eléctrico,1783.0
OT-000371,PAR-000504,PN-EQ-02,2025-08-01,Correctiva,16.9,3,Sensor/instrumento,838.0
OT-002258,PAR-002982,PN-EQ-09,2024-11-01,Correctiva,5.5,1,Motor eléctrico,818.0
OT-002725,PAR-003587,PN-EQ-10,2027-01-15,Correctiva,17.7,2,Sello mecánico,1350.0
OT-000159,PAR-000207,PN-EQ-01,2026-03-27,Correctiva,16.1,1,Motor eléctrico,7273.0
OT-000565,PAR-000758,PN-EQ-03,2024-07-16,Correctiva,19.4,2,Sello mecánico,3257.0
OT-001353,PAR-001764,PN-EQ-05,2026-11-06,Correctiva,3.5,1,Sello mecánico,4823.0
OT-002370,PAR-003139,PN-EQ-09,2027-01-02,Correctiva,1.7,3,Sensor/instrumento,5604.0
OT-000149,PAR-000192,PN-EQ-01,2026-01-31,Preventiva,4.4,1,Faja/correa,956.0
OT-002788,PAR-003669,PN-EQ-10,2027-10-28,Correctiva,2.9,3,Faja/correa,2756.0
OT-000992,PAR-001317,PN-EQ-04,2026-08-26,Correctiva,23.1,2,Motor eléctrico,226.0
OT-000957,PAR-001271,PN-EQ-04,2026-03-23,Correctiva,1.2,1,Ninguno (solo mano de obra),72.0
OT-001596,PAR-002088,PN-EQ-06,2026-01-30,Correctiva,0.9,2,Revestimiento (liner),6508.0
OT-000926,PAR-001234,PN-EQ-04,2025-11-25,Preventiva,6.4,2,Sensor/instrumento,1737.0
OT-000759,PAR-001033,PN-EQ-04,2024-03-14,Correctiva,1.4,3,Rodamiento,1917.0
OT-000867,PAR-001164,PN-EQ-04,2025-04-27,Correctiva,0.7,3,,4904.0
OT-000895,PAR-001199,PN-EQ-04,2025-08-22,Correctiva,9.4,3,Revestimiento (liner),6714.0
OT-000030,PAR-000039,PN-EQ-01,2024-06-03,Correctiva,8.1,2,Sello mecánico,4996.0
OT-002623,PAR-003464,PN-EQ-10,2026-01-30,Correctiva,5.8,2,Sensor/instrumento,7575.0
OT-000345,PAR-000469,PN-EQ-02,2025-03-16,Preventiva,7.4,2,Sensor/instrumento,2400.0
OT-002613,PAR-003449,PN-EQ-10,2025-12-24,Correctiva,8.8,1,Sello mecánico,4589.0
OT-000525,PAR-000702,PN-EQ-02,2027-10-10,Correctiva,3.7,1,Motor eléctrico,474.0
OT-001663,PAR-002183,PN-EQ-06,2026-12-22,Correctiva,17.1,1,Ninguno (solo mano de obra),527.0
OT-001325,PAR-001732,PN-EQ-05,2026-07-15,Correctiva,16.7,3,Sensor/instrumento,7392.0
OT-001764,PAR-002313,PN-EQ-07,2024-09-16,Correctiva,8.4,1,Sensor/instrumento,7979.0
OT-000927,PAR-001235,PN-EQ-04,2025-11-29,Correctiva,9.6,3,Faja/correa,2663.0
OT-001290,PAR-001688,PN-EQ-05,2026-02-28,Preventiva,6.7,1,Rodamiento,1094.0
OT-001467,PAR-001907,PN-EQ-06,2024-02-13,Correctiva,20.7,2,Faja/correa,2212.0
OT-000312,PAR-000425,PN-EQ-02,2024-09-26,Correctiva,9.7,1,Rodamiento,1420.0
OT-002442,PAR-003233,PN-EQ-10,2024-03-07,Correctiva,11.5,1,Revestimiento (liner),735.0
OT-001758,PAR-002306,PN-EQ-07,2024-07-21,Correctiva,7.4,2,Sensor/instrumento,2731.0
OT-000901,PAR-001206,PN-EQ-04,2025-09-05,Correctiva,4.7,1,Ninguno (solo mano de obra),1466.0
OT-002506,PAR-003319,PN-EQ-10,2024-11-25,Preventiva,8.6,1,Rodamiento,1828.0
OT-002384,PAR-003158,PN-EQ-09,2027-04-10,Correctiva,1.4,2,Ninguno (solo mano de obra),7613.0
OT-000039,PAR-000049,PN-EQ-01,2024-07-25,Correctiva,4.4,1,Faja/correa,98.0
OT-000461,PAR-000616,PN-EQ-02,2026-11-04,Preventiva,12.2,2,Sello mecánico,1973.0
OT-002274,PAR-003000,PN-EQ-09,2025-03-14,Preventiva,13.7,1,Ninguno (solo mano de obra),2093.0
OT-001939,PAR-002563,PN-EQ-08,2024-03-05,Preventiva,8.6,1,Revestimiento (liner),387.0
OT-002713,PAR-003573,PN-EQ-10,2026-12-10,Correctiva,22.4,3,Faja/correa,6332.0
OT-002184,PAR-002884,PN-EQ-08,2027-09-19,Correctiva,4.1,3,Motor eléctrico,1944.0
OT-000506,PAR-000677,PN-EQ-02,2027-06-20,Correctiva,0.6,3,Rodamiento,7195.0
OT-001666,PAR-002186,PN-EQ-06,2027-01-11,Preventiva,8.4,1,Revestimiento (liner),200.0
OT-001853,PAR-002443,PN-EQ-07,2026-08-11,Correctiva,9.6,1,,663.0
OT-000239,PAR-000319,PN-EQ-01,2027-08-22,Correctiva,10.5,3,Ninguno (solo mano de obra),3991.0
OT-000846,PAR-001136,PN-EQ-04,2025-02-21,Correctiva,13.8,2,Sello mecánico,4950.0
OT-001857,PAR-002450,PN-EQ-07,2026-09-02,Correctiva,1.2,1,Faja/correa,1763.0
OT-000636,PAR-000858,PN-EQ-03,2026-01-30,Correctiva,8.8,3,Faja/correa,5877.0
OT-002518,PAR-003333,PN-EQ-10,2025-01-05,Correctiva,7.4,2,Motor eléctrico,35.0
OT-000602,PAR-000814,PN-EQ-03,2025-05-14,Preventiva,6.4,2,Faja/correa,1232.0
OT-001760,PAR-002309,PN-EQ-07,2024-08-14,Correctiva,3.7,2,Ninguno (solo mano de obra),5215.0
OT-001771,PAR-002323,PN-EQ-07,2024-11-04,Preventiva,5.8,1,Motor eléctrico,1363.0
OT-002119,PAR-002798,PN-EQ-08,2026-09-29,Correctiva,19.4,1,Faja/correa,1306.0
OT-000767,PAR-001044,PN-EQ-04,2024-04-15,Correctiva,10.1,3,Motor eléctrico,3191.0
OT-002491,PAR-003296,PN-EQ-10,2024-09-26,Correctiva,19.7,3,Motor eléctrico,4246.0
OT-001022,PAR-001354,PN-EQ-04,2027-01-13,Correctiva,15.4,1,Ninguno (solo mano de obra),7048.0
OT-000410,PAR-000554,PN-EQ-02,2026-02-07,Preventiva,11.3,1,Sensor/instrumento,745.0
OT-001921,PAR-002540,PN-EQ-07,2027-11-11,Preventiva,5.4,3,Ninguno (solo mano de obra),1627.0
OT-000539,PAR-000720,PN-EQ-02,2027-12-31,Correctiva,0.6,2,Sello mecánico,3132.0
OT-001785,PAR-002343,PN-EQ-07,2025-02-06,Correctiva,0.5,3,Ninguno (solo mano de obra),7718.0
OT-000058,PAR-000078,PN-EQ-01,2024-11-06,Correctiva,3.4,2,Ninguno (solo mano de obra),6634.0
OT-000642,PAR-000868,PN-EQ-03,2026-03-15,Correctiva,8.0,2,Ninguno (solo mano de obra),192.0
OT-000749,PAR-001021,PN-EQ-04,2024-02-06,Correctiva,14.7,1,Sensor/instrumento,97.0
OT-001151,PAR-001512,PN-EQ-05,2024-06-21,Correctiva,10.3,3,Rodamiento,3921.0
OT-001766,PAR-002316,PN-EQ-07,2024-09-29,Preventiva,8.4,1,Sello mecánico,2316.0
OT-000407,PAR-000549,PN-EQ-02,2026-01-13,Correctiva,3.9,2,Motor eléctrico,7369.0
OT-000028,PAR-000037,PN-EQ-01,2024-05-24,Correctiva,13.4,3,Revestimiento (liner),2621.0
OT-001483,PAR-001927,PN-EQ-06,2024-05-10,Correctiva,12.0,1,Revestimiento (liner),1732.0
OT-002532,PAR-003350,PN-EQ-10,2025-02-25,Correctiva,24.3,1,Motor eléctrico,1352.0
OT-001221,PAR-001601,PN-EQ-05,2025-05-01,Correctiva,31.4,3,Revestimiento (liner),340.0
OT-000778,PAR-001057,PN-EQ-04,2024-06-12,Preventiva,8.9,1,Faja/correa,2236.0
OT-001084,PAR-001427,PN-EQ-04,2027-09-17,Correctiva,5.8,2,Sello mecánico,2644.0
OT-001242,PAR-001629,PN-EQ-05,2025-07-23,Correctiva,15.4,1,Motor eléctrico,5570.0
OT-000770,PAR-001048,PN-EQ-04,2024-04-28,Correctiva,9.7,2,Revestimiento (liner),5383.0
OT-001869,PAR-002469,PN-EQ-07,2026-11-22,Preventiva,8.1,2,Rodamiento,1819.0
OT-000268,PAR-000358,PN-EQ-02,2024-01-21,Correctiva,6.2,2,Motor eléctrico,514.0
OT-002002,PAR-002647,PN-EQ-08,2025-02-27,Correctiva,2.2,1,Ninguno (solo mano de obra),699.0
OT-002056,PAR-002718,PN-EQ-08,2025-12-10,Correctiva,16.5,2,Sello mecánico,2666.0
OT-001517,PAR-001976,PN-EQ-06,2024-11-06,Correctiva,3.7,2,Ninguno (solo mano de obra),4505.0
OT-001078,PAR-001421,PN-EQ-04,2027-08-27,Correctiva,10.8,3,Faja/correa,4581.0
OT-002347,PAR-003100,PN-EQ-09,2026-07-18,Correctiva,11.5,1,Ninguno (solo mano de obra),1244.0
OT-000566,PAR-000759,PN-EQ-03,2024-07-20,Correctiva,5.3,2,Sensor/instrumento,2023.0
OT-000735,PAR-001004,PN-EQ-03,2027-12-06,Correctiva,5.5,1,,7291.0
OT-001504,PAR-001957,PN-EQ-06,2024-08-31,Correctiva,5.9,1,Faja/correa,3133.0
OT-002142,PAR-002830,PN-EQ-08,2027-02-16,Preventiva,6.5,3,Ninguno (solo mano de obra),527.0
OT-001381,PAR-001795,PN-EQ-05,2027-03-02,Preventiva,9.2,2,Rodamiento,1896.0
OT-000898,PAR-001202,PN-EQ-04,2025-08-28,Correctiva,11.0,3,Rodamiento,327.0
OT-001236,PAR-001623,PN-EQ-05,2025-07-07,Correctiva,6.0,3,Motor eléctrico,3260.0
OT-002651,PAR-003498,PN-EQ-10,2026-05-07,Correctiva,20.0,1,Revestimiento (liner),4455.0
OT-001889,PAR-002492,PN-EQ-07,2027-03-12,Correctiva,21.7,2,Motor eléctrico,60.0
OT-002666,PAR-003520,PN-EQ-10,2026-07-01,Correctiva,3.2,2,Rodamiento,3312.0
OT-001626,PAR-002130,PN-EQ-06,2026-06-24,Preventiva,7.3,1,Rodamiento,1395.0
OT-002044,PAR-002702,PN-EQ-08,2025-10-15,Preventiva,5.8,2,Sello mecánico,2229.0
OT-002229,PAR-002943,PN-EQ-09,2024-05-01,Correctiva,0.8,1,Sensor/instrumento,1571.0
OT-002643,PAR-003487,PN-EQ-10,2026-03-28,Correctiva,30.7,1,Sello mecánico,5801.0
OT-001455,PAR-001888,PN-EQ-05,2027-11-13,Correctiva,7.2,2,Faja/correa,3541.0
OT-001140,PAR-001500,PN-EQ-05,2024-05-01,Preventiva,6.5,1,Sensor/instrumento,1356.0
OT-002682,PAR-003537,PN-EQ-10,2026-08-15,Correctiva,14.6,3,Ninguno (solo mano de obra),4842.0
OT-001265,PAR-001658,PN-EQ-05,2025-11-21,Correctiva,13.7,3,Revestimiento (liner),1811.0
OT-001912,PAR-002527,PN-EQ-07,2027-09-18,Correctiva,4.1,1,Sensor/instrumento,6287.0
OT-002650,PAR-003497,PN-EQ-10,2026-05-02,Correctiva,1.3,1,Faja/correa,7514.0
OT-001138,PAR-001497,PN-EQ-05,2024-04-19,Correctiva,11.5,2,Motor eléctrico,6364.0
OT-000879,PAR-001177,PN-EQ-04,2025-06-08,Correctiva,3.9,2,Motor eléctrico,4782.0
OT-000080,PAR-000106,PN-EQ-01,2025-02-03,Correctiva,1.0,1,Sello mecánico,4141.0
OT-000765,PAR-001042,PN-EQ-04,2024-04-06,Correctiva,8.3,3,Faja/correa,1550.0
OT-002105,PAR-002782,PN-EQ-08,2026-07-29,Correctiva,29.4,2,Revestimiento (liner),2513.0
OT-000375,PAR-000510,PN-EQ-02,2025-09-03,Preventiva,5.2,1,Motor eléctrico,1062.0
OT-000829,PAR-001117,PN-EQ-04,2025-01-04,Correctiva,15.7,2,Sello mecánico,7790.0
OT-001145,PAR-001505,PN-EQ-05,2024-05-26,Correctiva,1.5,1,Ninguno (solo mano de obra),6500.0
OT-000732,PAR-001000,PN-EQ-03,2027-11-11,Preventiva,8.1,2,Faja/correa,1178.0
OT-002624,PAR-003465,PN-EQ-10,2026-02-02,Correctiva,15.6,2,Sello mecánico,3082.0
OT-000750,PAR-001022,PN-EQ-04,2024-02-13,Correctiva,8.9,2,Ninguno (solo mano de obra),3948.0
OT-000314,PAR-000427,PN-EQ-02,2024-10-06,Preventiva,5.1,2,Revestimiento (liner),2180.0
OT-002510,PAR-003324,PN-EQ-10,2024-12-11,Preventiva,10.0,1,Rodamiento,2181.0
OT-002658,PAR-003510,PN-EQ-10,2026-06-09,Correctiva,4.3,3,Ninguno (solo mano de obra),2330.0
OT-000404,PAR-000544,PN-EQ-02,2026-01-01,Correctiva,0.5,2,Motor eléctrico,3504.0
OT-002036,PAR-002691,PN-EQ-08,2025-08-27,Correctiva,19.2,1,Faja/correa,2068.0
OT-002377,PAR-003148,PN-EQ-09,2027-02-27,Preventiva,6.6,1,Rodamiento,222.0
OT-002102,PAR-002779,PN-EQ-08,2026-07-15,Correctiva,13.2,1,Motor eléctrico,6572.0
OT-000257,PAR-000346,PN-EQ-01,2027-11-17,Correctiva,1.3,3,Sello mecánico,6296.0
OT-002699,PAR-003557,PN-EQ-10,2026-10-23,Correctiva,21.1,2,Revestimiento (liner),4739.0
OT-001675,PAR-002196,PN-EQ-06,2027-02-28,Preventiva,4.4,3,Sensor/instrumento,1613.0
OT-000612,PAR-000825,PN-EQ-03,2025-07-28,Preventiva,10.9,3,Sensor/instrumento,1527.0
OT-000319,PAR-000436,PN-EQ-02,2024-11-03,Correctiva,3.1,2,Motor eléctrico,3931.0
OT-002589,PAR-003416,PN-EQ-10,2025-09-28,Correctiva,24.5,2,Faja/correa,2669.0
OT-000211,PAR-000279,PN-EQ-01,2027-02-24,Preventiva,7.3,2,Rodamiento,1721.0
OT-002383,PAR-003157,PN-EQ-09,2027-04-08,Correctiva,6.2,3,Sensor/instrumento,2417.0
OT-000477,PAR-000636,PN-EQ-02,2027-01-15,Preventiva,11.2,1,Sensor/instrumento,2291.0
OT-002502,PAR-003312,PN-EQ-10,2024-11-06,Correctiva,18.8,1,Ninguno (solo mano de obra),4888.0
OT-000192,PAR-000256,PN-EQ-01,2026-11-30,Correctiva,1.4,1,Sello mecánico,5735.0
OT-001146,PAR-001506,PN-EQ-05,2024-05-31,Correctiva,19.4,2,Sensor/instrumento,7635.0
OT-002007,PAR-002652,PN-EQ-08,2025-03-29,Correctiva,5.4,3,Faja/correa,2938.0
OT-000854,PAR-001148,PN-EQ-04,2025-03-12,Correctiva,30.5,1,Sensor/instrumento,49.0
OT-000527,PAR-000705,PN-EQ-02,2027-10-29,Preventiva,9.1,3,Revestimiento (liner),1009.0
OT-000225,PAR-000300,PN-EQ-01,2027-05-30,Correctiva,25.9,1,Sello mecánico,2471.0
OT-001339,PAR-001749,PN-EQ-05,2026-09-21,Correctiva,20.7,1,Sensor/instrumento,1318.0
OT-002310,PAR-003045,PN-EQ-09,2025-09-11,Preventiva,11.0,1,Motor eléctrico,1743.0
OT-000805,PAR-001088,PN-EQ-04,2024-10-05,Correctiva,10.0,2,Sello mecánico,7437.0
OT-002254,PAR-002977,PN-EQ-09,2024-10-07,Correctiva,4.6,1,Sensor/instrumento,3191.0
OT-000131,PAR-000171,PN-EQ-01,2025-10-28,Correctiva,18.3,3,Motor eléctrico,5454.0
OT-000480,PAR-000639,PN-EQ-02,2027-02-05,Correctiva,4.0,3,Sello mecánico,1647.0
OT-002132,PAR-002817,PN-EQ-08,2026-12-22,Preventiva,8.5,3,Sello mecánico,1285.0
OT-001799,PAR-002364,PN-EQ-07,2025-06-28,Correctiva,0.6,1,Sensor/instrumento,4758.0
OT-002746,PAR-003614,PN-EQ-10,2027-05-03,Preventiva,7.2,2,Motor eléctrico,2369.0
OT-001814,PAR-002389,PN-EQ-07,2025-11-15,Preventiva,12.7,2,Sello mecánico,745.0
OT-000459,PAR-000614,PN-EQ-02,2026-10-22,Correctiva,14.3,1,Sello mecánico,2543.0
OT-000442,PAR-000591,PN-EQ-02,2026-07-07,Preventiva,8.8,3,Sensor/instrumento,901.0
OT-002175,PAR-002869,PN-EQ-08,2027-08-04,Correctiva,16.8,3,Motor eléctrico,413.0
OT-001457,PAR-001891,PN-EQ-05,2027-12-02,Correctiva,11.8,2,Rodamiento,238.0
OT-002449,PAR-003241,PN-EQ-10,2024-04-15,Correctiva,17.0,3,Revestimiento (liner),4606.0
OT-000156,PAR-000204,PN-EQ-01,2026-03-10,Preventiva,7.0,1,Sensor/instrumento,1001.0
OT-001611,PAR-002108,PN-EQ-06,2026-04-10,Preventiva,6.6,1,Revestimiento (liner),1074.0
OT-001997,PAR-002641,PN-EQ-08,2025-02-06,Correctiva,21.9,1,Faja/correa,6086.0
OT-001904,PAR-002512,PN-EQ-07,2027-06-18,Preventiva,7.5,3,Sello mecánico,2020.0
OT-001021,PAR-001353,PN-EQ-04,2027-01-12,Correctiva,2.7,2,Rodamiento,5627.0
OT-002023,PAR-002675,PN-EQ-08,2025-06-24,Correctiva,25.9,2,Revestimiento (liner),336.0
OT-002701,PAR-003559,PN-EQ-10,2026-10-28,Correctiva,2.3,2,Motor eléctrico,6389.0
OT-001557,PAR-002030,PN-EQ-06,2025-05-28,Correctiva,3.7,3,Motor eléctrico,3524.0
OT-000538,PAR-000719,PN-EQ-02,2027-12-30,Correctiva,2.0,1,Sensor/instrumento,221.0
OT-002611,PAR-003447,PN-EQ-10,2025-12-20,Correctiva,21.5,3,Faja/correa,204.0
OT-000903,PAR-001208,PN-EQ-04,2025-09-14,Correctiva,4.8,3,Faja/correa,7903.0
OT-000943,PAR-001253,PN-EQ-04,2026-01-28,Correctiva,19.8,2,Motor eléctrico,7634.0
OT-000531,PAR-000710,PN-EQ-02,2027-11-13,Correctiva,14.8,1,Revestimiento (liner),5247.0
OT-001307,PAR-001708,PN-EQ-05,2026-05-03,Correctiva,12.4,3,Ninguno (solo mano de obra),1550.0
OT-000920,PAR-001227,PN-EQ-04,2025-10-25,Preventiva,7.8,3,Sello mecánico,1262.0
OT-001165,PAR-001531,PN-EQ-05,2024-09-01,Correctiva,2.7,1,Motor eléctrico,2932.0
OT-002425,PAR-003211,PN-EQ-09,2027-12-08,Preventiva,7.5,3,Revestimiento (liner),1992.0
OT-002053,PAR-002713,PN-EQ-08,2025-11-29,Correctiva,10.9,2,Motor eléctrico,7959.0
OT-002433,PAR-003223,PN-EQ-10,2024-01-31,Preventiva,11.1,2,Sensor/instrumento,627.0
OT-001632,PAR-002138,PN-EQ-06,2026-07-28,Correctiva,10.9,2,Sello mecánico,895.0
OT-001643,PAR-002153,PN-EQ-06,2026-09-22,Preventiva,5.0,2,Rodamiento,2164.0
OT-001681,PAR-002203,PN-EQ-06,2027-03-27,Correctiva,16.7,3,Motor eléctrico,5907.0
OT-000195,PAR-000259,PN-EQ-01,2026-12-14,Preventiva,10.6,3,Rodamiento,481.0
OT-001577,PAR-002061,PN-EQ-06,2025-10-17,Correctiva,0.6,2,Sensor/instrumento,7665.0
OT-001861,PAR-002458,PN-EQ-07,2026-09-28,Preventiva,12.7,2,Sello mecánico,1956.0
OT-002483,PAR-003284,PN-EQ-10,2024-08-17,Correctiva,7.1,1,Ninguno (solo mano de obra),6326.0
OT-002547,PAR-003366,PN-EQ-10,2025-04-18,Correctiva,4.5,1,Ninguno (solo mano de obra),1474.0
OT-002196,PAR-002897,PN-EQ-08,2027-11-11,Correctiva,16.7,2,Motor eléctrico,2994.0
OT-000352,PAR-000478,PN-EQ-02,2025-04-17,Preventiva,6.9,2,Faja/correa,1764.0
OT-001895,PAR-002501,PN-EQ-07,2027-04-14,Preventiva,10.4,3,Revestimiento (liner),1428.0
OT-002040,PAR-002696,PN-EQ-08,2025-09-09,Preventiva,9.4,2,Faja/correa,221.0
OT-001901,PAR-002507,PN-EQ-07,2027-05-22,Correctiva,0.7,3,Revestimiento (liner),3453.0
OT-001384,PAR-001799,PN-EQ-05,2027-03-14,Correctiva,10.9,3,Faja/correa,1101.0
OT-000232,PAR-000310,PN-EQ-01,2027-07-11,Correctiva,10.2,3,Sello mecánico,5814.0
OT-000105,PAR-000135,PN-EQ-01,2025-06-10,Correctiva,0.5,1,Faja/correa,639.0
OT-001376,PAR-001790,PN-EQ-05,2027-02-09,Correctiva,9.4,3,Sensor/instrumento,4528.0
OT-000961,PAR-001276,PN-EQ-04,2026-04-20,Preventiva,7.3,3,Ninguno (solo mano de obra),724.0
OT-002454,PAR-003246,PN-EQ-10,2024-04-30,Correctiva,0.7,3,Ninguno (solo mano de obra),3753.0
OT-000347,PAR-000471,PN-EQ-02,2025-03-31,Correctiva,26.2,1,Faja/correa,6897.0
OT-000727,PAR-000993,PN-EQ-03,2027-10-09,Correctiva,5.2,3,Faja/correa,494.0
OT-002051,PAR-002711,PN-EQ-08,2025-11-16,Correctiva,22.4,2,Rodamiento,5762.0
OT-000425,PAR-000573,PN-EQ-02,2026-05-05,Correctiva,3.9,3,Motor eléctrico,6706.0
OT-000519,PAR-000694,PN-EQ-02,2027-09-07,Correctiva,5.2,2,Revestimiento (liner),7801.0
OT-000308,PAR-000419,PN-EQ-02,2024-09-08,Correctiva,17.4,3,Sello mecánico,1264.0
OT-002461,PAR-003256,PN-EQ-10,2024-06-02,Correctiva,21.8,3,Revestimiento (liner),3009.0
OT-002469,PAR-003266,PN-EQ-10,2024-07-04,Correctiva,18.1,3,Motor eléctrico,2976.0
OT-001350,PAR-001761,PN-EQ-05,2026-10-16,Correctiva,2.5,3,Faja/correa,1832.0
OT-001338,PAR-001748,PN-EQ-05,2026-09-18,Correctiva,3.4,1,Revestimiento (liner),1062.0
OT-002631,PAR-003472,PN-EQ-10,2026-02-21,Correctiva,9.9,1,Motor eléctrico,5853.0
OT-001554,PAR-002027,PN-EQ-06,2025-05-18,Correctiva,10.0,2,Ninguno (solo mano de obra),7534.0
OT-002250,PAR-002973,PN-EQ-09,2024-09-20,Correctiva,12.0,3,Faja/correa,2201.0
OT-000493,PAR-000659,PN-EQ-02,2027-03-16,Preventiva,6.6,1,Ninguno (solo mano de obra),1441.0
OT-002213,PAR-002921,PN-EQ-09,2024-01-19,Correctiva,1.5,3,Revestimiento (liner),4199.0
OT-000640,PAR-000865,PN-EQ-03,2026-02-23,Correctiva,13.0,1,Revestimiento (liner),6921.0
OT-000515,PAR-000688,PN-EQ-02,2027-08-09,Correctiva,19.7,3,Motor eléctrico,2947.0
OT-001707,PAR-002240,PN-EQ-06,2027-08-08,Correctiva,12.0,1,Sensor/instrumento,5666.0
OT-001250,PAR-001639,PN-EQ-05,2025-08-28,Correctiva,0.6,1,Sello mecánico,259.0
OT-002088,PAR-002759,PN-EQ-08,2026-05-05,Correctiva,17.5,3,Faja/correa,7390.0
OT-001935,PAR-002556,PN-EQ-08,2024-01-21,Correctiva,1.6,2,Motor eléctrico,1293.0
OT-001201,PAR-001576,PN-EQ-05,2025-02-17,Correctiva,7.4,3,Faja/correa,4944.0
OT-001982,PAR-002622,PN-EQ-08,2024-11-18,Correctiva,9.2,3,Revestimiento (liner),4326.0
OT-000281,PAR-000381,PN-EQ-02,2024-04-26,Correctiva,4.1,1,,5015.0
OT-002497,PAR-003305,PN-EQ-10,2024-10-13,Correctiva,31.1,1,Motor eléctrico,982.0
OT-000825,PAR-001113,PN-EQ-04,2024-12-20,Correctiva,18.1,2,Faja/correa,1629.0
OT-000620,PAR-000836,PN-EQ-03,2025-09-26,Correctiva,0.5,1,Sello mecánico,6591.0
OT-001452,PAR-001884,PN-EQ-05,2027-11-03,Correctiva,0.6,1,Sello mecánico,2807.0
OT-002215,PAR-002925,PN-EQ-09,2024-02-02,Correctiva,4.0,1,Sello mecánico,7574.0
OT-001444,PAR-001875,PN-EQ-05,2027-10-17,Preventiva,7.4,3,Rodamiento,982.0
OT-000014,PAR-000019,PN-EQ-01,2024-03-23,Correctiva,1.8,2,Sello mecánico,2769.0
OT-000699,PAR-000955,PN-EQ-03,2027-04-26,Correctiva,0.7,3,Motor eléctrico,5932.0
OT-002168,PAR-002860,PN-EQ-08,2027-07-03,Preventiva,6.7,3,Sello mecánico,795.0
OT-000125,PAR-000164,PN-EQ-01,2025-10-07,Correctiva,13.7,1,Sello mecánico,3206.0
OT-000881,PAR-001179,PN-EQ-04,2025-06-15,Correctiva,12.2,1,Rodamiento,6165.0
OT-000440,PAR-000588,PN-EQ-02,2026-06-23,Correctiva,1.3,1,Faja/correa,7841.0
OT-000393,PAR-000533,PN-EQ-02,2025-11-08,Correctiva,27.1,3,Motor eléctrico,344.0
OT-001281,PAR-001678,PN-EQ-05,2026-01-30,Correctiva,4.1,1,Revestimiento (liner),971.0
OT-000360,PAR-000486,PN-EQ-02,2025-05-28,Correctiva,11.5,1,Rodamiento,2091.0
OT-001723,PAR-002261,PN-EQ-06,2027-11-23,Preventiva,6.8,2,Revestimiento (liner),770.0
OT-000463,PAR-000618,PN-EQ-02,2026-11-16,Correctiva,28.6,1,Rodamiento,7507.0
OT-002439,PAR-003229,PN-EQ-10,2024-02-24,Correctiva,9.5,3,Faja/correa,1883.0
OT-002463,PAR-003258,PN-EQ-10,2024-06-06,Correctiva,20.0,1,Faja/correa,4293.0
OT-000126,PAR-000166,PN-EQ-01,2025-10-10,Correctiva,4.6,3,Revestimiento (liner),6649.0
OT-002572,PAR-003392,PN-EQ-10,2025-07-02,Correctiva,19.8,1,Revestimiento (liner),5362.0
OT-001251,PAR-001641,PN-EQ-05,2025-09-04,Correctiva,30.7,3,Faja/correa,3491.0
OT-000564,PAR-000757,PN-EQ-03,2024-07-16,Preventiva,5.2,3,Ninguno (solo mano de obra),107.0
OT-001623,PAR-002123,PN-EQ-06,2026-06-02,Correctiva,0.9,3,Sensor/instrumento,3430.0
OT-001783,PAR-002340,PN-EQ-07,2025-02-01,Correctiva,5.6,3,Motor eléctrico,4664.0
OT-001102,PAR-001448,PN-EQ-04,2027-11-09,Correctiva,2.8,3,Motor eléctrico,5650.0
OT-001309,PAR-001713,PN-EQ-05,2026-05-13,Preventiva,9.6,1,Revestimiento (liner),522.0
OT-002505,PAR-003317,PN-EQ-10,2024-11-16,Correctiva,13.4,3,Faja/correa,769.0
OT-002226,PAR-002937,PN-EQ-09,2024-04-07,Correctiva,3.0,1,Faja/correa,4192.0
OT-001296,PAR-001695,PN-EQ-05,2026-03-26,Correctiva,9.4,1,Sello mecánico,5604.0
OT-000321,PAR-000438,PN-EQ-02,2024-11-11,Preventiva,4.4,2,Sensor/instrumento,655.0
OT-000395,PAR-000535,PN-EQ-02,2025-11-24,Preventiva,9.0,1,Motor eléctrico,622.0
OT-001011,PAR-001341,PN-EQ-04,2026-11-21,Preventiva,8.5,2,Revestimiento (liner),114.0
OT-002741,PAR-003609,PN-EQ-10,2027-04-18,Correctiva,19.7,1,Ninguno (solo mano de obra),7783.0
OT-001347,PAR-001758,PN-EQ-05,2026-10-10,Correctiva,16.6,2,Rodamiento,5871.0
OT-002109,PAR-002786,PN-EQ-08,2026-08-11,Correctiva,0.8,3,Revestimiento (liner),7590.0
OT-001745,PAR-002291,PN-EQ-07,2024-04-29,Correctiva,6.9,3,Sello mecánico,5670.0
OT-002295,PAR-003029,PN-EQ-09,2025-06-30,Correctiva,1.8,2,Motor eléctrico,6444.0
OT-002265,PAR-002991,PN-EQ-09,2025-01-12,Correctiva,4.2,1,Sensor/instrumento,1632.0
OT-000023,PAR-000031,PN-EQ-01,2024-05-02,Preventiva,7.3,2,Sensor/instrumento,549.0
OT-000932,PAR-001240,PN-EQ-04,2025-12-15,Correctiva,4.9,3,Revestimiento (liner),6945.0
OT-000199,PAR-000264,PN-EQ-01,2026-12-26,Correctiva,7.4,3,Faja/correa,1420.0
OT-000996,PAR-001322,PN-EQ-04,2026-09-21,Correctiva,8.0,1,Motor eléctrico,186.0
OT-002728,PAR-003594,PN-EQ-10,2027-02-19,Preventiva,9.6,2,Sensor/instrumento,1946.0
OT-001028,PAR-001361,PN-EQ-04,2027-01-25,Correctiva,14.7,2,Sensor/instrumento,3023.0
OT-000576,PAR-000771,PN-EQ-03,2024-09-25,Correctiva,1.9,2,Rodamiento,3411.0
OT-000434,PAR-000582,PN-EQ-02,2026-06-12,Correctiva,1.2,2,Sello mecánico,2183.0
OT-002445,PAR-003236,PN-EQ-10,2024-03-15,Correctiva,10.0,1,Rodamiento,321.0
OT-000873,PAR-001170,PN-EQ-04,2025-05-11,Preventiva,5.4,3,Revestimiento (liner),1066.0
OT-002065,PAR-002731,PN-EQ-08,2026-01-30,Correctiva,0.5,1,Ninguno (solo mano de obra),2795.0
OT-000047,PAR-000059,PN-EQ-01,2024-08-21,Correctiva,10.7,3,Ninguno (solo mano de obra),5534.0
OT-001392,PAR-001808,PN-EQ-05,2027-04-21,Correctiva,13.6,1,Motor eléctrico,7230.0
OT-001671,PAR-002191,PN-EQ-06,2027-02-10,Preventiva,8.6,3,Sello mecánico,1248.0
OT-000705,PAR-000961,PN-EQ-03,2027-05-18,Preventiva,7.1,3,Revestimiento (liner),2316.0
OT-001733,PAR-002274,PN-EQ-07,2024-02-15,Correctiva,2.3,3,Motor eléctrico,5151.0
OT-001474,PAR-001915,PN-EQ-06,2024-03-17,Correctiva,9.7,2,Rodamiento,2662.0
OT-001993,PAR-002636,PN-EQ-08,2025-01-19,Preventiva,11.5,2,Ninguno (solo mano de obra),376.0
OT-001041,PAR-001377,PN-EQ-04,2027-04-04,Correctiva,3.2,1,Motor eléctrico,3045.0
OT-002234,PAR-002949,PN-EQ-09,2024-06-02,Correctiva,0.7,2,Rodamiento,6865.0
OT-000864,PAR-001160,PN-EQ-04,2025-04-18,Preventiva,7.7,2,Rodamiento,1538.0
OT-000261,PAR-000350,PN-EQ-01,2027-12-05,Correctiva,4.9,2,Faja/correa,6668.0
OT-001731,PAR-002271,PN-EQ-07,2024-01-29,Preventiva,8.2,3,Ninguno (solo mano de obra),687.0
OT-000764,PAR-001040,PN-EQ-04,2024-04-02,Correctiva,9.3,3,Rodamiento,692.0
OT-001079,PAR-001422,PN-EQ-04,2027-08-29,Correctiva,31.6,3,Motor eléctrico,5787.0
OT-000970,PAR-001286,PN-EQ-04,2026-05-21,Correctiva,0.8,3,Ninguno (solo mano de obra),6599.0
OT-001786,PAR-002344,PN-EQ-07,2025-02-15,Correctiva,1.0,1,Ninguno (solo mano de obra),7544.0
OT-001903,PAR-002511,PN-EQ-07,2027-06-17,Correctiva,7.3,2,Rodamiento,5823.0
OT-000616,PAR-000830,PN-EQ-03,2025-08-31,Preventiva,7.5,1,Motor eléctrico,248.0
OT-000913,PAR-001220,PN-EQ-04,2025-10-05,Correctiva,3.3,1,Sello mecánico,329.0
OT-001017,PAR-001349,PN-EQ-04,2026-12-24,Preventiva,5.3,3,Ninguno (solo mano de obra),314.0
OT-002255,PAR-002979,PN-EQ-09,2024-10-14,Correctiva,0.4,1,Faja/correa,228.0
OT-001795,PAR-002356,PN-EQ-07,2025-05-12,Preventiva,10.0,2,Revestimiento (liner),63.0
OT-001168,PAR-001534,PN-EQ-05,2024-09-15,Preventiva,7.3,2,Sensor/instrumento,2045.0
OT-002789,PAR-003670,PN-EQ-10,2027-10-30,Correctiva,0.8,1,Faja/correa,671.0
OT-001176,PAR-001545,PN-EQ-05,2024-10-24,Correctiva,13.1,2,Rodamiento,3489.0
OT-002792,PAR-003673,PN-EQ-10,2027-11-11,Correctiva,7.3,2,Rodamiento,4910.0
OT-001759,PAR-002308,PN-EQ-07,2024-08-05,Preventiva,8.7,3,Sello mecánico,403.0
OT-001000,PAR-001327,PN-EQ-04,2026-10-05,Correctiva,4.3,1,Sensor/instrumento,7447.0
OT-001213,PAR-001590,PN-EQ-05,2025-03-19,Preventiva,7.0,2,Sello mecánico,1124.0
OT-001737,PAR-002280,PN-EQ-07,2024-03-06,Correctiva,3.7,2,Rodamiento,5313.0
OT-002195,PAR-002896,PN-EQ-08,2027-11-10,Preventiva,5.0,3,Faja/correa,1513.0
OT-001558,PAR-002031,PN-EQ-06,2025-05-30,Correctiva,2.3,2,Rodamiento,1603.0
OT-002067,PAR-002733,PN-EQ-08,2026-02-03,Correctiva,13.4,2,Sensor/instrumento,3450.0
OT-001177,PAR-001546,PN-EQ-05,2024-10-25,Preventiva,13.0,2,Motor eléctrico,1938.0
OT-001868,PAR-002468,PN-EQ-07,2026-11-18,Correctiva,12.1,3,Ninguno (solo mano de obra),1760.0
OT-001600,PAR-002094,PN-EQ-06,2026-02-24,Correctiva,1.0,2,Ninguno (solo mano de obra),12.0
OT-002026,PAR-002679,PN-EQ-08,2025-07-17,Preventiva,6.6,1,Sensor/instrumento,1745.0
OT-001009,PAR-001339,PN-EQ-04,2026-11-10,Correctiva,3.0,2,Rodamiento,1740.0
OT-002185,PAR-002885,PN-EQ-08,2027-09-20,Correctiva,0.9,3,Sensor/instrumento,5609.0
OT-001271,PAR-001667,PN-EQ-05,2025-12-19,Correctiva,9.1,3,Sello mecánico,387.0
OT-001167,PAR-001533,PN-EQ-05,2024-09-14,Correctiva,6.3,3,Motor eléctrico,122.0
OT-000762,PAR-001038,PN-EQ-04,2024-03-28,Correctiva,21.3,2,Sensor/instrumento,7186.0
OT-001714,PAR-002249,PN-EQ-06,2027-09-28,Preventiva,11.3,1,Motor eléctrico,1433.0
OT-001228,PAR-001612,PN-EQ-05,2025-05-28,Correctiva,0.6,1,Sensor/instrumento,1316.0
OT-000684,PAR-000935,PN-EQ-03,2026-12-13,Correctiva,10.3,1,,5909.0
OT-000820,PAR-001107,PN-EQ-04,2024-12-07,Correctiva,19.2,2,Revestimiento (liner),5223.0
OT-002327,PAR-003070,PN-EQ-09,2026-02-13,Preventiva,8.7,3,Sensor/instrumento,1722.0
OT-001320,PAR-001727,PN-EQ-05,2026-07-07,Correctiva,3.6,3,Faja/correa,119.0
OT-000071,PAR-000094,PN-EQ-01,2024-12-31,Correctiva,9.7,2,Sensor/instrumento,5617.0
OT-002457,PAR-003250,PN-EQ-10,2024-05-11,Correctiva,28.2,1,Sello mecánico,239.0
OT-001604,PAR-002099,PN-EQ-06,2026-03-04,Correctiva,11.2,1,Revestimiento (liner),648.0
OT-002622,PAR-003463,PN-EQ-10,2026-01-29,Preventiva,4.8,2,,313.0
OT-002106,PAR-002783,PN-EQ-08,2026-07-31,Preventiva,5.2,2,Sello mecánico,2196.0
OT-002117,PAR-002795,PN-EQ-08,2026-09-18,Correctiva,10.1,2,Faja/correa,2236.0
OT-000426,PAR-000574,PN-EQ-02,2026-05-15,Preventiva,10.1,3,Faja/correa,290.0
OT-002498,PAR-003306,PN-EQ-10,2024-10-16,Correctiva,17.4,2,Sello mecánico,3746.0
OT-001581,PAR-002065,PN-EQ-06,2025-11-11,Correctiva,0.7,3,Revestimiento (liner),3374.0
OT-002637,PAR-003479,PN-EQ-10,2026-03-06,Correctiva,2.0,1,Faja/correa,2341.0
OT-000587,PAR-000786,PN-EQ-03,2025-01-13,Preventiva,6.0,3,Sensor/instrumento,1936.0
OT-001027,PAR-001360,PN-EQ-04,2027-01-23,Correctiva,5.7,2,Revestimiento (liner),511.0
OT-002608,PAR-003443,PN-EQ-10,2025-12-07,Preventiva,3.5,1,Rodamiento,1997.0
OT-002512,PAR-003326,PN-EQ-10,2024-12-13,Correctiva,27.3,1,Ninguno (solo mano de obra),7187.0
OT-001761,PAR-002310,PN-EQ-07,2024-08-28,Preventiva,7.5,1,Faja/correa,1291.0
OT-000999,PAR-001326,PN-EQ-04,2026-10-04,Correctiva,16.2,3,Ninguno (solo mano de obra),908.0
OT-001566,PAR-002044,PN-EQ-06,2025-07-27,Correctiva,1.5,1,Ninguno (solo mano de obra),7491.0
OT-001858,PAR-002452,PN-EQ-07,2026-09-09,Preventiva,5.6,2,Ninguno (solo mano de obra),996.0
OT-000157,PAR-000205,PN-EQ-01,2026-03-22,Correctiva,1.0,2,Rodamiento,3033.0
OT-001562,PAR-002037,PN-EQ-06,2025-07-03,Preventiva,7.1,2,Rodamiento,1706.0
OT-000814,PAR-001101,PN-EQ-04,2024-11-06,Correctiva,0.9,1,Sello mecánico,1802.0
OT-001500,PAR-001950,PN-EQ-06,2024-08-08,Preventiva,11.3,1,Sello mecánico,714.0
OT-000713,PAR-000975,PN-EQ-03,2027-07-19,Preventiva,4.8,3,Sello mecánico,1125.0
OT-002346,PAR-003099,PN-EQ-09,2026-07-15,Preventiva,7.7,3,Sello mecánico,1275.0
OT-002618,PAR-003455,PN-EQ-10,2026-01-11,Correctiva,10.5,2,Motor eléctrico,5770.0
OT-000917,PAR-001224,PN-EQ-04,2025-10-16,Correctiva,7.6,3,Revestimiento (liner),5388.0
OT-001934,PAR-002555,PN-EQ-08,2024-01-19,Correctiva,13.0,1,Ninguno (solo mano de obra),1153.0
OT-001100,PAR-001446,PN-EQ-04,2027-11-04,Correctiva,3.6,2,Ninguno (solo mano de obra),3881.0
OT-001050,PAR-001387,PN-EQ-04,2027-05-08,Correctiva,6.5,1,Ninguno (solo mano de obra),3168.0
OT-000042,PAR-000053,PN-EQ-01,2024-07-30,Preventiva,8.1,3,Sensor/instrumento,707.0
OT-000359,PAR-000485,PN-EQ-02,2025-05-26,Preventiva,13.3,2,Sello mecánico,696.0
OT-001136,PAR-001495,PN-EQ-05,2024-04-16,Correctiva,16.1,1,Faja/correa,833.0
OT-001956,PAR-002587,PN-EQ-08,2024-06-12,Correctiva,1.0,3,Motor eléctrico,7506.0
OT-000304,PAR-000413,PN-EQ-02,2024-08-24,Correctiva,27.3,2,Sensor/instrumento,5694.0
OT-002296,PAR-003030,PN-EQ-09,2025-07-02,Correctiva,7.0,1,Faja/correa,1775.0
OT-001961,PAR-002593,PN-EQ-08,2024-07-15,Correctiva,6.1,1,,3563.0
OT-000582,PAR-000779,PN-EQ-03,2024-12-13,Correctiva,6.1,1,Ninguno (solo mano de obra),7845.0
OT-002367,PAR-003133,PN-EQ-09,2026-12-15,Correctiva,20.8,1,Sello mecánico,2482.0
OT-000077,PAR-000102,PN-EQ-01,2025-01-26,Correctiva,13.9,1,Sensor/instrumento,2956.0
OT-002767,PAR-003639,PN-EQ-10,2027-07-22,Preventiva,10.1,1,Sensor/instrumento,975.0
OT-000942,PAR-001252,PN-EQ-04,2026-01-27,Correctiva,11.2,2,Motor eléctrico,5552.0
OT-000746,PAR-001017,PN-EQ-04,2024-01-24,Correctiva,23.8,3,Ninguno (solo mano de obra),3630.0
OT-000229,PAR-000307,PN-EQ-01,2027-06-19,Preventiva,3.6,1,Revestimiento (liner),202.0
OT-002120,PAR-002799,PN-EQ-08,2026-10-08,Preventiva,10.0,3,Sello mecánico,305.0
OT-001197,PAR-001571,PN-EQ-05,2025-02-04,Correctiva,14.5,1,Sensor/instrumento,3544.0
OT-000891,PAR-001191,PN-EQ-04,2025-07-30,Correctiva,4.1,3,Revestimiento (liner),1572.0
OT-001416,PAR-001842,PN-EQ-05,2027-07-19,Correctiva,3.2,1,Sensor/instrumento,7849.0
OT-000956,PAR-001270,PN-EQ-04,2026-03-22,Correctiva,8.0,3,Faja/correa,7720.0
OT-002247,PAR-002967,PN-EQ-09,2024-08-29,Correctiva,2.8,2,Faja/correa,1862.0
OT-000471,PAR-000627,PN-EQ-02,2026-12-14,Correctiva,2.1,2,Ninguno (solo mano de obra),53.0
OT-001796,PAR-002359,PN-EQ-07,2025-05-28,Preventiva,8.2,2,Sensor/instrumento,1500.0
OT-000456,PAR-000610,PN-EQ-02,2026-10-04,Preventiva,10.4,3,Rodamiento,840.0
OT-001274,PAR-001671,PN-EQ-05,2026-01-04,Correctiva,0.7,1,Motor eléctrico,2008.0
OT-001232,PAR-001618,PN-EQ-05,2025-06-22,Correctiva,30.1,1,Ninguno (solo mano de obra),7747.0
OT-000091,PAR-000120,PN-EQ-01,2025-03-25,Correctiva,4.1,2,Faja/correa,2030.0
OT-000202,PAR-000268,PN-EQ-01,2027-01-04,Correctiva,18.4,3,Rodamiento,25.0
OT-001683,PAR-002207,PN-EQ-06,2027-04-04,Correctiva,9.1,2,Revestimiento (liner),5716.0
OT-001289,PAR-001687,PN-EQ-05,2026-02-27,Correctiva,12.5,3,Sensor/instrumento,7706.0
OT-001499,PAR-001949,PN-EQ-06,2024-07-30,Correctiva,12.3,1,Ninguno (solo mano de obra),7099.0
OT-001314,PAR-001720,PN-EQ-05,2026-06-03,Preventiva,5.8,3,Faja/correa,494.0
OT-001417,PAR-001843,PN-EQ-05,2027-07-21,Preventiva,5.7,1,Sensor/instrumento,2438.0
OT-000501,PAR-000670,PN-EQ-02,2027-05-03,Preventiva,7.8,1,Ninguno (solo mano de obra),728.0
OT-000121,PAR-000158,PN-EQ-01,2025-09-17,Correctiva,5.7,3,Sensor/instrumento,3825.0
OT-001198,PAR-001573,PN-EQ-05,2025-02-07,Preventiva,5.7,2,Revestimiento (liner),426.0
OT-001536,PAR-002003,PN-EQ-06,2025-02-20,Correctiva,1.5,1,Sensor/instrumento,5056.0
OT-001241,PAR-001628,PN-EQ-05,2025-07-20,Correctiva,2.5,3,Faja/correa,1566.0
OT-001705,PAR-002238,PN-EQ-06,2027-07-30,Correctiva,13.3,1,,5211.0
OT-002361,PAR-003123,PN-EQ-09,2026-11-04,Preventiva,4.3,2,Rodamiento,1878.0
OT-000971,PAR-001288,PN-EQ-04,2026-05-24,Correctiva,7.0,2,Sello mecánico,3270.0
OT-000641,PAR-000867,PN-EQ-03,2026-03-11,Preventiva,8.6,2,Sello mecánico,2057.0
OT-001035,PAR-001369,PN-EQ-04,2027-02-28,Correctiva,13.1,2,Motor eléctrico,6437.0
OT-000285,PAR-000386,PN-EQ-02,2024-05-04,Correctiva,24.2,3,Motor eléctrico,2073.0
OT-002042,PAR-002699,PN-EQ-08,2025-09-27,Preventiva,8.1,3,Sello mecánico,1611.0
OT-000213,PAR-000281,PN-EQ-01,2027-03-10,Correctiva,5.2,3,Sensor/instrumento,6573.0
OT-001854,PAR-002444,PN-EQ-07,2026-08-16,Correctiva,24.5,2,Rodamiento,5500.0
OT-001495,PAR-001944,PN-EQ-06,2024-07-19,Correctiva,2.4,2,Ninguno (solo mano de obra),6686.0
OT-000743,PAR-001014,PN-EQ-04,2024-01-13,Correctiva,8.1,2,Sensor/instrumento,1240.0
OT-000601,PAR-000812,PN-EQ-03,2025-05-09,Correctiva,4.7,1,Revestimiento (liner),3775.0
OT-002307,PAR-003042,PN-EQ-09,2025-08-26,Preventiva,11.8,3,Motor eléctrico,957.0
OT-002507,PAR-003320,PN-EQ-10,2024-11-28,Correctiva,4.3,3,Revestimiento (liner),7033.0
OT-002052,PAR-002712,PN-EQ-08,2025-11-22,Correctiva,7.0,3,Sello mecánico,1831.0
OT-002381,PAR-003155,PN-EQ-09,2027-03-30,Correctiva,2.4,2,Rodamiento,1470.0
OT-000650,PAR-000882,PN-EQ-03,2026-05-07,Correctiva,1.9,3,Revestimiento (liner),1846.0
OT-002374,PAR-003144,PN-EQ-09,2027-02-09,Correctiva,6.8,1,Motor eléctrico,6395.0
OT-000151,PAR-000197,PN-EQ-01,2026-02-18,Preventiva,10.9,3,Motor eléctrico,2418.0
OT-002412,PAR-003193,PN-EQ-09,2027-09-22,Correctiva,16.3,1,Revestimiento (liner),5803.0
OT-000534,PAR-000714,PN-EQ-02,2027-11-23,Correctiva,0.8,3,Sensor/instrumento,3788.0
OT-001988,PAR-002628,PN-EQ-08,2024-12-10,Preventiva,13.9,1,Sello mecánico,1701.0
OT-002582,PAR-003407,PN-EQ-10,2025-08-07,Correctiva,3.5,3,Faja/correa,1836.0
OT-001977,PAR-002614,PN-EQ-08,2024-10-14,Preventiva,10.9,3,Revestimiento (liner),441.0
OT-001744,PAR-002290,PN-EQ-07,2024-04-27,Preventiva,6.7,3,Rodamiento,1773.0
OT-001883,PAR-002485,PN-EQ-07,2027-02-11,Correctiva,4.2,1,Rodamiento,978.0
OT-002602,PAR-003434,PN-EQ-10,2025-11-17,Preventiva,6.3,2,Motor eléctrico,226.0
OT-000449,PAR-000599,PN-EQ-02,2026-08-15,Preventiva,7.1,3,Revestimiento (liner),633.0
OT-001340,PAR-001750,PN-EQ-05,2026-09-23,Correctiva,3.4,3,Sensor/instrumento,1823.0
OT-000467,PAR-000622,PN-EQ-02,2026-11-26,Correctiva,3.1,1,Ninguno (solo mano de obra),7952.0
OT-002777,PAR-003652,PN-EQ-10,2027-09-02,Correctiva,5.3,2,Faja/correa,6403.0
OT-001711,PAR-002244,PN-EQ-06,2027-08-21,Preventiva,7.2,1,Faja/correa,1161.0
OT-001516,PAR-001975,PN-EQ-06,2024-11-03,Correctiva,2.8,1,Motor eléctrico,4550.0
OT-000623,PAR-000841,PN-EQ-03,2025-10-31,Preventiva,9.7,1,Revestimiento (liner),248.0
OT-002202,PAR-002904,PN-EQ-08,2027-11-27,Preventiva,9.2,2,Sello mecánico,840.0
OT-002041,PAR-002698,PN-EQ-08,2025-09-16,Correctiva,3.2,3,Sello mecánico,7497.0
OT-001288,PAR-001686,PN-EQ-05,2026-02-22,Correctiva,13.4,1,Motor eléctrico,7509.0
OT-001519,PAR-001978,PN-EQ-06,2024-11-14,Correctiva,3.1,3,Revestimiento (liner),4650.0
OT-001579,PAR-002063,PN-EQ-06,2025-11-04,Preventiva,6.1,3,Sello mecánico,1442.0
OT-001676,PAR-002197,PN-EQ-06,2027-03-01,Correctiva,12.3,2,Motor eléctrico,7913.0
OT-001928,PAR-002548,PN-EQ-07,2027-12-21,Correctiva,2.1,1,Faja/correa,7857.0
OT-001732,PAR-002272,PN-EQ-07,2024-02-13,Preventiva,4.5,3,Revestimiento (liner),1706.0
OT-002233,PAR-002948,PN-EQ-09,2024-06-01,Correctiva,0.6,3,Sensor/instrumento,669.0
OT-000327,PAR-000446,PN-EQ-02,2024-12-18,Correctiva,10.1,1,Ninguno (solo mano de obra),5159.0
OT-002323,PAR-003064,PN-EQ-09,2026-01-04,Preventiva,14.0,2,Sensor/instrumento,731.0
OT-000362,PAR-000489,PN-EQ-02,2025-06-06,Correctiva,2.5,1,Sensor/instrumento,30.0
OT-002548,PAR-003367,PN-EQ-10,2025-04-20,Preventiva,9.1,3,Sensor/instrumento,1848.0
OT-001469,PAR-001909,PN-EQ-06,2024-02-23,Correctiva,0.7,2,Rodamiento,6769.0
OT-000949,PAR-001261,PN-EQ-04,2026-02-22,Correctiva,7.3,1,Motor eléctrico,732.0
OT-001465,PAR-001903,PN-EQ-06,2024-01-18,Preventiva,3.5,2,Motor eléctrico,2068.0
OT-002355,PAR-003113,PN-EQ-09,2026-09-25,Correctiva,0.8,2,Revestimiento (liner),6908.0
OT-002147,PAR-002835,PN-EQ-08,2027-03-31,Preventiva,11.4,1,Revestimiento (liner),984.0
OT-002577,PAR-003399,PN-EQ-10,2025-07-21,Preventiva,7.5,2,Rodamiento,333.0
OT-001816,PAR-002391,PN-EQ-07,2025-12-02,Preventiva,7.4,2,Sello mecánico,1567.0
OT-002641,PAR-003485,PN-EQ-10,2026-03-24,Preventiva,4.3,1,Revestimiento (liner),2215.0
OT-001434,PAR-001864,PN-EQ-05,2027-09-24,Correctiva,7.6,2,Motor eléctrico,3853.0
OT-001849,PAR-002438,PN-EQ-07,2026-07-18,Preventiva,8.0,3,Sello mecánico,2226.0
OT-001624,PAR-002126,PN-EQ-06,2026-06-04,Correctiva,1.6,2,Sensor/instrumento,3425.0
OT-002272,PAR-002998,PN-EQ-09,2025-02-23,Preventiva,7.5,1,Faja/correa,1564.0
OT-001801,PAR-002368,PN-EQ-07,2025-07-27,Correctiva,0.7,2,Revestimiento (liner),774.0
OT-000613,PAR-000826,PN-EQ-03,2025-08-03,Correctiva,0.7,2,Faja/correa,1918.0
OT-000241,PAR-000322,PN-EQ-01,2027-08-26,Correctiva,13.5,1,Sello mecánico,7596.0
OT-001788,PAR-002348,PN-EQ-07,2025-03-14,Correctiva,8.1,1,Sensor/instrumento,5043.0
OT-001443,PAR-001874,PN-EQ-05,2027-10-16,Correctiva,21.7,1,Sello mecánico,5369.0
OT-000310,PAR-000422,PN-EQ-02,2024-09-23,Correctiva,1.9,3,Ninguno (solo mano de obra),4624.0
OT-000637,PAR-000860,PN-EQ-03,2026-02-08,Preventiva,6.1,2,Sello mecánico,130.0
OT-002163,PAR-002854,PN-EQ-08,2027-06-11,Correctiva,0.8,2,Motor eléctrico,4877.0
OT-000526,PAR-000703,PN-EQ-02,2027-10-12,Preventiva,14.3,2,Motor eléctrico,1677.0
OT-001670,PAR-002190,PN-EQ-06,2027-02-08,Correctiva,9.4,1,Faja/correa,6713.0
OT-001563,PAR-002038,PN-EQ-06,2025-07-04,Correctiva,21.9,1,Revestimiento (liner),1438.0
OT-000728,PAR-000994,PN-EQ-03,2027-10-11,Correctiva,1.6,2,Sello mecánico,5191.0
OT-000046,PAR-000058,PN-EQ-01,2024-08-20,Correctiva,0.5,3,Motor eléctrico,5034.0
OT-002063,PAR-002727,PN-EQ-08,2026-01-10,Preventiva,6.5,2,Sensor/instrumento,1237.0
OT-000293,PAR-000397,PN-EQ-02,2024-06-23,Correctiva,7.0,2,Faja/correa,596.0
OT-002742,PAR-003610,PN-EQ-10,2027-04-21,Correctiva,28.7,2,,1258.0
OT-000631,PAR-000852,PN-EQ-03,2025-12-28,Preventiva,4.7,3,Rodamiento,1921.0
OT-000338,PAR-000459,PN-EQ-02,2025-01-29,Correctiva,8.9,1,Rodamiento,1453.0
OT-001992,PAR-002635,PN-EQ-08,2025-01-11,Correctiva,19.7,3,Revestimiento (liner),2850.0
OT-000555,PAR-000742,PN-EQ-03,2024-04-10,Correctiva,0.5,1,Rodamiento,995.0
OT-000336,PAR-000457,PN-EQ-02,2025-01-26,Correctiva,5.5,1,Revestimiento (liner),3986.0
OT-002032,PAR-002685,PN-EQ-08,2025-08-07,Correctiva,0.4,1,Rodamiento,1029.0
OT-001305,PAR-001706,PN-EQ-05,2026-04-25,Correctiva,7.5,3,Revestimiento (liner),5598.0
OT-001712,PAR-002246,PN-EQ-06,2027-09-10,Preventiva,5.1,2,Sensor/instrumento,1167.0
OT-001901,PAR-002507,PN-EQ-07,2027-05-22,Correctiva,0.7,3,Revestimiento (liner),3453.0
OT-002018,PAR-002667,PN-EQ-08,2025-06-07,Correctiva,6.5,2,Revestimiento (liner),536.0
OT-002416,PAR-003199,PN-EQ-09,2027-10-08,Preventiva,10.3,3,Faja/correa,1924.0
OT-001735,PAR-002278,PN-EQ-07,2024-02-28,Preventiva,7.5,3,Rodamiento,295.0
OT-002038,PAR-002693,PN-EQ-08,2025-08-31,Correctiva,0.9,1,Revestimiento (liner),6944.0
OT-001794,PAR-002355,PN-EQ-07,2025-04-23,Preventiva,6.5,1,Rodamiento,953.0
OT-002305,PAR-003040,PN-EQ-09,2025-08-12,Correctiva,1.0,1,Revestimiento (liner),2491.0
OT-000795,PAR-001077,PN-EQ-04,2024-09-06,Correctiva,19.6,2,,5025.0
OT-000530,PAR-000709,PN-EQ-02,2027-11-08,Correctiva,14.8,3,Rodamiento,6625.0
OT-000081,PAR-000108,PN-EQ-01,2025-02-11,Correctiva,5.0,1,Motor eléctrico,1543.0
OT-002261,PAR-002985,PN-EQ-09,2024-11-24,Preventiva,9.8,2,Faja/correa,265.0
OT-002760,PAR-003631,PN-EQ-10,2027-06-28,Correctiva,11.1,2,,894.0
OT-001573,PAR-002056,PN-EQ-06,2025-09-15,Preventiva,3.8,1,Sello mecánico,231.0
OT-000018,PAR-000025,PN-EQ-01,2024-04-04,Correctiva,5.2,2,Sello mecánico,935.0
OT-000676,PAR-000923,PN-EQ-03,2026-11-02,Preventiva,6.1,3,Rodamiento,2257.0
OT-000280,PAR-000380,PN-EQ-02,2024-04-22,Correctiva,4.3,1,Revestimiento (liner),3526.0
OT-002199,PAR-002900,PN-EQ-08,2027-11-22,Correctiva,2.6,3,Rodamiento,3725.0
OT-001950,PAR-002580,PN-EQ-08,2024-05-10,Correctiva,5.4,1,Ninguno (solo mano de obra),3190.0
OT-001126,PAR-001482,PN-EQ-05,2024-02-26,Correctiva,0.6,3,Sello mecánico,34.0
OT-002477,PAR-003275,PN-EQ-10,2024-07-28,Correctiva,14.0,2,Revestimiento (liner),2013.0
OT-001401,PAR-001823,PN-EQ-05,2027-05-29,Correctiva,21.8,2,,3025.0
OT-002380,PAR-003154,PN-EQ-09,2027-03-29,Correctiva,2.1,2,Ninguno (solo mano de obra),565.0
OT-001352,PAR-001763,PN-EQ-05,2026-11-02,Preventiva,13.9,3,Sello mecánico,2209.0
OT-001053,PAR-001390,PN-EQ-04,2027-05-16,Correctiva,0.6,1,Motor eléctrico,2553.0
OT-000062,PAR-000082,PN-EQ-01,2024-11-22,Correctiva,10.7,2,Sensor/instrumento,5032.0
OT-000269,PAR-000360,PN-EQ-02,2024-01-26,Correctiva,6.2,2,Revestimiento (liner),1686.0
OT-002253,PAR-002976,PN-EQ-09,2024-10-07,Preventiva,10.2,3,Ninguno (solo mano de obra),2482.0
OT-001614,PAR-002112,PN-EQ-06,2026-04-24,Correctiva,9.8,2,Motor eléctrico,391.0
OT-002224,PAR-002934,PN-EQ-09,2024-03-30,Correctiva,1.7,3,Motor eléctrico,1682.0
OT-000703,PAR-000959,PN-EQ-03,2027-05-03,Correctiva,1.1,2,Sello mecánico,4738.0
OT-000214,PAR-000282,PN-EQ-01,2027-03-19,Preventiva,7.7,3,Faja/correa,1274.0
OT-002542,PAR-003361,PN-EQ-10,2025-04-03,Correctiva,9.0,2,Sello mecánico,3896.0
OT-000542,PAR-000723,PN-EQ-03,2024-01-15,Correctiva,15.0,2,Faja/correa,2246.0
OT-000358,PAR-000484,PN-EQ-02,2025-05-19,Correctiva,7.2,3,Sensor/instrumento,225.0
OT-002747,PAR-003615,PN-EQ-10,2027-05-03,Correctiva,27.4,1,Faja/correa,6507.0
OT-001927,PAR-002547,PN-EQ-07,2027-12-20,Preventiva,4.1,1,Motor eléctrico,1814.0
OT-001855,PAR-002446,PN-EQ-07,2026-08-21,Correctiva,2.3,2,Ninguno (solo mano de obra),277.0
OT-002515,PAR-003329,PN-EQ-10,2024-12-24,Correctiva,8.4,3,Revestimiento (liner),2416.0
OT-001585,PAR-002071,PN-EQ-06,2025-11-28,Correctiva,2.4,1,Sello mecánico,4859.0
OT-000822,PAR-001110,PN-EQ-04,2024-12-14,Preventiva,8.9,3,Sensor/instrumento,1230.0
OT-001522,PAR-001983,PN-EQ-06,2024-12-03,Correctiva,18.2,1,Sello mecánico,3730.0
OT-002709,PAR-003569,PN-EQ-10,2026-11-21,Correctiva,7.3,1,Rodamiento,7066.0
OT-002406,PAR-003187,PN-EQ-09,2027-08-10,Correctiva,20.7,3,Revestimiento (liner),7739.0
OT-002592,PAR-003421,PN-EQ-10,2025-10-11,Correctiva,31.8,2,Sensor/instrumento,2351.0
OT-002711,PAR-003571,PN-EQ-10,2026-11-27,Correctiva,7.3,1,Faja/correa,5546.0
OT-000715,PAR-000977,PN-EQ-03,2027-07-27,Correctiva,2.4,1,Ninguno (solo mano de obra),3369.0
OT-000651,PAR-000883,PN-EQ-03,2026-05-18,Preventiva,6.9,2,Sensor/instrumento,1870.0
OT-000617,PAR-000831,PN-EQ-03,2025-08-31,Correctiva,2.5,2,Motor eléctrico,1845.0
OT-000744,PAR-001015,PN-EQ-04,2024-01-15,Correctiva,24.5,1,Sello mecánico,6685.0
OT-000712,PAR-000973,PN-EQ-03,2027-07-10,Correctiva,5.3,1,Ninguno (solo mano de obra),4115.0
OT-001024,PAR-001356,PN-EQ-04,2027-01-15,Correctiva,0.7,2,Sello mecánico,7927.0
OT-001938,PAR-002560,PN-EQ-08,2024-02-11,Preventiva,6.2,1,Motor eléctrico,252.0
OT-002591,PAR-003420,PN-EQ-10,2025-10-06,Preventiva,3.4,2,Sensor/instrumento,1879.0
OT-000029,PAR-000038,PN-EQ-01,2024-06-01,Preventiva,8.3,1,Rodamiento,2028.0
OT-001090,PAR-001433,PN-EQ-04,2027-09-27,Preventiva,4.0,3,Revestimiento (liner),1858.0
OT-002659,PAR-003512,PN-EQ-10,2026-06-10,Correctiva,1.4,3,,3199.0
OT-001979,PAR-002617,PN-EQ-08,2024-10-27,Correctiva,6.5,2,Rodamiento,6834.0
OT-000952,PAR-001265,PN-EQ-04,2026-03-01,Correctiva,5.1,2,Sensor/instrumento,6814.0
OT-002555,PAR-003374,PN-EQ-10,2025-05-09,Correctiva,14.4,1,Ninguno (solo mano de obra),6865.0
OT-000821,PAR-001109,PN-EQ-04,2024-12-11,Correctiva,21.8,2,Rodamiento,7894.0
OT-000583,PAR-000780,PN-EQ-03,2024-12-15,Correctiva,10.9,2,Motor eléctrico,4416.0
OT-000368,PAR-000498,PN-EQ-02,2025-07-18,Preventiva,3.6,2,Faja/correa,1408.0
OT-001016,PAR-001348,PN-EQ-04,2026-12-20,Correctiva,8.3,3,Faja/correa,764.0
OT-002769,PAR-003642,PN-EQ-10,2027-07-28,Correctiva,31.1,3,Sello mecánico,5098.0
OT-001806,PAR-002378,PN-EQ-07,2025-09-10,Preventiva,7.2,1,Motor eléctrico,1548.0
OT-001215,PAR-001592,PN-EQ-05,2025-04-04,Correctiva,3.9,1,Sensor/instrumento,7584.0
OT-001192,PAR-001566,PN-EQ-05,2025-01-06,Correctiva,4.2,1,Revestimiento (liner),5889.0
OT-001093,PAR-001437,PN-EQ-04,2027-10-11,Correctiva,20.6,3,Sensor/instrumento,3045.0
OT-002743,PAR-003611,PN-EQ-10,2027-04-22,Correctiva,10.2,2,Rodamiento,3991.0
OT-000666,PAR-000908,PN-EQ-03,2026-09-04,Preventiva,10.4,1,Faja/correa,680.0
OT-002055,PAR-002717,PN-EQ-08,2025-12-08,Preventiva,8.9,1,Ninguno (solo mano de obra),1820.0
OT-001962,PAR-002594,PN-EQ-08,2024-07-19,Correctiva,10.5,3,Sello mecánico,1985.0
OT-001062,PAR-001400,PN-EQ-04,2027-06-21,Correctiva,4.3,3,Sello mecánico,5852.0
OT-001572,PAR-002055,PN-EQ-06,2025-09-13,Correctiva,18.3,1,Rodamiento,4572.0
OT-002460,PAR-003254,PN-EQ-10,2024-05-26,Preventiva,9.8,2,Rodamiento,1104.0
OT-001936,PAR-002557,PN-EQ-08,2024-01-23,Preventiva,7.8,2,Faja/correa,2342.0
OT-000548,PAR-000731,PN-EQ-03,2024-02-24,Preventiva,8.0,1,Sensor/instrumento,2231.0
OT-002680,PAR-003534,PN-EQ-10,2026-08-10,Correctiva,18.9,1,Motor eléctrico,3660.0
OT-001292,PAR-001691,PN-EQ-05,2026-03-17,Correctiva,13.0,3,Faja/correa,136.0
OT-002653,PAR-003500,PN-EQ-10,2026-05-14,Preventiva,7.3,3,Motor eléctrico,2448.0
OT-000988,PAR-001312,PN-EQ-04,2026-08-18,Preventiva,3.6,1,Faja/correa,1855.0
OT-002189,PAR-002889,PN-EQ-08,2027-10-19,Preventiva,14.2,3,Faja/correa,2458.0
OT-002667,PAR-003521,PN-EQ-10,2026-07-04,Correctiva,0.7,3,Ninguno (solo mano de obra),15.0
OT-002749,PAR-003618,PN-EQ-10,2027-05-22,Preventiva,4.1,1,Rodamiento,54.0
OT-000876,PAR-001173,PN-EQ-04,2025-05-22,Correctiva,13.0,1,Motor eléctrico,282.0
OT-000187,PAR-000249,PN-EQ-01,2026-10-26,Correctiva,7.5,2,Motor eléctrico,1899.0
OT-002686,PAR-003541,PN-EQ-10,2026-09-01,Preventiva,6.8,3,Ninguno (solo mano de obra),200.0
OT-002499,PAR-003308,PN-EQ-10,2024-10-18,Preventiva,8.0,3,Sello mecánico,2283.0
OT-002130,PAR-002815,PN-EQ-08,2026-12-12,Correctiva,2.5,3,Revestimiento (liner),6757.0
OT-000222,PAR-000295,PN-EQ-01,2027-05-16,Correctiva,16.1,3,,7467.0
OT-002074,PAR-002742,PN-EQ-08,2026-03-11,Correctiva,4.4,3,Revestimiento (liner),1952.0
OT-000639,PAR-000864,PN-EQ-03,2026-02-22,Correctiva,3.4,2,Revestimiento (liner),6506.0
OT-000998,PAR-001324,PN-EQ-04,2026-09-26,Preventiva,5.4,3,Sensor/instrumento,686.0
OT-000178,PAR-000235,PN-EQ-01,2026-07-21,Preventiva,11.8,3,Sello mecánico,1862.0
OT-000060,PAR-000080,PN-EQ-01,2024-11-15,Correctiva,1.6,3,Revestimiento (liner),1993.0
OT-001361,PAR-001773,PN-EQ-05,2026-12-06,Correctiva,28.8,1,Faja/correa,5497.0
OT-001091,PAR-001434,PN-EQ-04,2027-09-28,Correctiva,16.4,3,Sensor/instrumento,7973.0
OT-002541,PAR-003360,PN-EQ-10,2025-03-29,Correctiva,1.4,3,Revestimiento (liner),5105.0
OT-000266,PAR-000356,PN-EQ-01,2027-12-27,Correctiva,23.3,3,Motor eléctrico,2728.0
OT-001186,PAR-001560,PN-EQ-05,2024-12-13,Correctiva,12.6,3,Motor eléctrico,6115.0
OT-002192,PAR-002893,PN-EQ-08,2027-11-03,Correctiva,1.9,3,Rodamiento,1096.0
OT-000533,PAR-000712,PN-EQ-02,2027-11-19,Correctiva,18.9,1,Revestimiento (liner),5569.0
OT-002321,PAR-003062,PN-EQ-09,2025-12-18,Preventiva,10.2,2,Faja/correa,388.0
OT-000691,PAR-000943,PN-EQ-03,2027-02-02,Preventiva,7.7,3,Ninguno (solo mano de obra),851.0
OT-001398,PAR-001818,PN-EQ-05,2027-05-14,Preventiva,6.3,2,Sensor/instrumento,1910.0
OT-000763,PAR-001039,PN-EQ-04,2024-03-30,Preventiva,8.9,3,Sensor/instrumento,2118.0
OT-000786,PAR-001067,PN-EQ-04,2024-07-23,Correctiva,5.8,1,Ninguno (solo mano de obra),1343.0
OT-000656,PAR-000893,PN-EQ-03,2026-06-22,Preventiva,6.4,2,Rodamiento,1331.0
OT-001538,PAR-002006,PN-EQ-06,2025-03-03,Preventiva,9.4,1,Sello mecánico,1217.0
OT-001156,PAR-001517,PN-EQ-05,2024-07-13,Correctiva,6.2,3,Motor eléctrico,5487.0
OT-000475,PAR-000634,PN-EQ-02,2027-01-08,Correctiva,5.8,3,Revestimiento (liner),2001.0
OT-001708,PAR-002241,PN-EQ-06,2027-08-10,Correctiva,23.0,1,Faja/correa,3610.0
OT-000662,PAR-000901,PN-EQ-03,2026-07-31,Correctiva,5.7,2,Rodamiento,7707.0
OT-000411,PAR-000556,PN-EQ-02,2026-02-11,Correctiva,7.0,1,Faja/correa,4732.0
OT-001582,PAR-002066,PN-EQ-06,2025-11-15,Correctiva,3.4,3,Revestimiento (liner),182.0
OT-002207,PAR-002910,PN-EQ-08,2027-12-08,Correctiva,9.3,1,Revestimiento (liner),7687.0
OT-000559,PAR-000748,PN-EQ-03,2024-05-03,Correctiva,2.3,2,Ninguno (solo mano de obra),516.0
OT-000910,PAR-001217,PN-EQ-04,2025-10-02,Correctiva,17.0,1,Motor eléctrico,2022.0
OT-001750,PAR-002298,PN-EQ-07,2024-06-28,Correctiva,23.4,2,Sello mecánico,4979.0
OT-001089,PAR-001432,PN-EQ-04,2027-09-25,Correctiva,19.5,2,Ninguno (solo mano de obra),2238.0
OT-002328,PAR-003071,PN-EQ-09,2026-02-13,Correctiva,1.0,1,Sello mecánico,4394.0
OT-002526,PAR-003342,PN-EQ-10,2025-02-14,Correctiva,3.5,3,Ninguno (solo mano de obra),6309.0
OT-002211,PAR-002919,PN-EQ-09,2024-01-13,Correctiva,0.5,2,Faja/correa,3128.0
OT-002779,PAR-003654,PN-EQ-10,2027-09-09,Preventiva,4.0,2,Revestimiento (liner),1115.0
OT-001925,PAR-002545,PN-EQ-07,2027-12-05,Correctiva,3.5,2,Ninguno (solo mano de obra),7491.0
OT-002267,PAR-002993,PN-EQ-09,2025-02-02,Preventiva,5.4,3,Rodamiento,1272.0
OT-000532,PAR-000711,PN-EQ-02,2027-11-15,Preventiva,6.7,3,Revestimiento (liner),2250.0
OT-002094,PAR-002767,PN-EQ-08,2026-05-30,Correctiva,0.7,3,Sensor/instrumento,5479.0
OT-000349,PAR-000473,PN-EQ-02,2025-04-03,Preventiva,5.8,3,Motor eléctrico,121.0
OT-002398,PAR-003174,PN-EQ-09,2027-06-22,Correctiva,3.7,3,Sensor/instrumento,386.0
OT-000768,PAR-001045,PN-EQ-04,2024-04-17,Preventiva,6.9,1,Rodamiento,2039.0
OT-001246,PAR-001633,PN-EQ-05,2025-08-04,Correctiva,20.0,1,Sello mecánico,1680.0
OT-002314,PAR-003051,PN-EQ-09,2025-10-15,Preventiva,6.4,2,Ninguno (solo mano de obra),2358.0
OT-002472,PAR-003269,PN-EQ-10,2024-07-09,Correctiva,3.1,1,Revestimiento (liner),3994.0
OT-001621,PAR-002121,PN-EQ-06,2026-06-01,Correctiva,4.7,3,Sello mecánico,2631.0
OT-001847,PAR-002435,PN-EQ-07,2026-07-06,Correctiva,0.7,3,Sensor/instrumento,1562.0
OT-000797,PAR-001079,PN-EQ-04,2024-09-11,Correctiva,10.1,1,Faja/correa,7005.0
OT-002004,PAR-002649,PN-EQ-08,2025-03-17,Correctiva,3.7,1,Motor eléctrico,782.0
OT-000270,PAR-000362,PN-EQ-02,2024-02-05,Preventiva,5.0,3,Sensor/instrumento,276.0
OT-002565,PAR-003385,PN-EQ-10,2025-06-14,Preventiva,7.4,2,Faja/correa,998.0
OT-001047,PAR-001384,PN-EQ-04,2027-05-03,Correctiva,5.7,3,Sello mecánico,935.0
OT-000128,PAR-000168,PN-EQ-01,2025-10-12,Correctiva,1.0,1,Faja/correa,1651.0
OT-000382,PAR-000518,PN-EQ-02,2025-09-21,Correctiva,1.5,1,Motor eléctrico,2781.0
OT-001210,PAR-001587,PN-EQ-05,2025-03-13,Correctiva,31.3,3,Sensor/instrumento,5802.0
OT-000512,PAR-000684,PN-EQ-02,2027-07-29,Preventiva,9.2,1,Ninguno (solo mano de obra),2301.0
OT-000114,PAR-000147,PN-EQ-01,2025-07-24,Correctiva,3.9,3,Sello mecánico,975.0
OT-000230,PAR-000308,PN-EQ-01,2027-06-22,Correctiva,16.6,1,Revestimiento (liner),1057.0
OT-002058,PAR-002720,PN-EQ-08,2025-12-20,Correctiva,18.8,1,Faja/correa,3896.0
OT-002133,PAR-002818,PN-EQ-08,2026-12-25,Correctiva,4.1,2,Rodamiento,1786.0
OT-002371,PAR-003140,PN-EQ-09,2027-01-14,Preventiva,11.6,1,Revestimiento (liner),2426.0
OT-000188,PAR-000250,PN-EQ-01,2026-10-29,Correctiva,5.0,1,Rodamiento,2139.0
OT-002654,PAR-003501,PN-EQ-10,2026-05-15,Correctiva,9.1,3,Rodamiento,106.0
OT-001617,PAR-002115,PN-EQ-06,2026-05-06,Correctiva,30.4,2,Faja/correa,2962.0
OT-000303,PAR-000411,PN-EQ-02,2024-08-14,Correctiva,0.7,1,Revestimiento (liner),6530.0
OT-002200,PAR-002901,PN-EQ-08,2027-11-23,Correctiva,3.7,1,Faja/correa,798.0
OT-001995,PAR-002639,PN-EQ-08,2025-02-02,Correctiva,4.8,2,Faja/correa,2435.0
OT-002537,PAR-003356,PN-EQ-10,2025-03-19,Correctiva,6.5,3,Ninguno (solo mano de obra),5277.0
OT-000019,PAR-000026,PN-EQ-01,2024-04-13,Preventiva,5.9,3,Rodamiento,2443.0
OT-000144,PAR-000187,PN-EQ-01,2026-01-10,Correctiva,4.7,1,Ninguno (solo mano de obra),2299.0
OT-001256,PAR-001646,PN-EQ-05,2025-09-23,Correctiva,11.0,2,Revestimiento (liner),7570.0
OT-001768,PAR-002318,PN-EQ-07,2024-10-05,Correctiva,10.0,2,Sensor/instrumento,793.0
OT-001051,PAR-001388,PN-EQ-04,2027-05-12,Correctiva,11.0,1,Motor eléctrico,5180.0
OT-000034,PAR-000044,PN-EQ-01,2024-06-22,Preventiva,7.3,3,Sensor/instrumento,688.0
OT-001653,PAR-002169,PN-EQ-06,2026-11-04,Correctiva,18.0,2,Motor eléctrico,6901.0
OT-001719,PAR-002255,PN-EQ-06,2027-11-08,Correctiva,8.8,2,Ninguno (solo mano de obra),3683.0
OT-002396,PAR-003172,PN-EQ-09,2027-06-04,Preventiva,10.6,3,Sensor/instrumento,2328.0
OT-001408,PAR-001832,PN-EQ-05,2027-06-22,Correctiva,11.2,2,Sello mecánico,2759.0
OT-001294,PAR-001693,PN-EQ-05,2026-03-21,Correctiva,7.6,3,Sensor/instrumento,2014.0
OT-001231,PAR-001617,PN-EQ-05,2025-06-19,Correctiva,10.7,2,Rodamiento,1088.0
OT-002644,PAR-003489,PN-EQ-10,2026-04-04,Correctiva,9.1,2,Ninguno (solo mano de obra),279.0
OT-002011,PAR-002659,PN-EQ-08,2025-04-30,Correctiva,14.7,2,Revestimiento (liner),2351.0
OT-001302,PAR-001702,PN-EQ-05,2026-04-20,Correctiva,31.1,3,Rodamiento,525.0
OT-000930,PAR-001238,PN-EQ-04,2025-12-10,Preventiva,12.2,3,Faja/correa,1408.0
OT-001530,PAR-001996,PN-EQ-06,2025-01-08,Correctiva,3.0,3,Sensor/instrumento,2029.0
OT-002010,PAR-002657,PN-EQ-08,2025-04-24,Preventiva,6.7,2,Ninguno (solo mano de obra),1574.0
OT-002649,PAR-003496,PN-EQ-10,2026-04-30,Correctiva,13.4,2,Sensor/instrumento,6016.0
OT-000670,PAR-000912,PN-EQ-03,2026-10-10,Preventiva,7.7,1,Rodamiento,935.0
OT-002634,PAR-003476,PN-EQ-10,2026-03-01,Correctiva,4.0,1,Sensor/instrumento,5331.0
OT-001954,PAR-002585,PN-EQ-08,2024-05-30,Correctiva,5.8,3,Faja/correa,2373.0
OT-000064,PAR-000084,PN-EQ-01,2024-12-01,Preventiva,8.4,3,Rodamiento,1318.0
OT-002270,PAR-002996,PN-EQ-09,2025-02-20,Correctiva,5.7,2,Faja/correa,4906.0
OT-000574,PAR-000769,PN-EQ-03,2024-09-18,Correctiva,4.6,1,Ninguno (solo mano de obra),5947.0
OT-002639,PAR-003483,PN-EQ-10,2026-03-13,Correctiva,7.4,2,Sensor/instrumento,2572.0
OT-002773,PAR-003648,PN-EQ-10,2027-08-20,Correctiva,19.5,3,Revestimiento (liner),4289.0
OT-001423,PAR-001849,PN-EQ-05,2027-08-05,Preventiva,9.2,1,Sello mecánico,644.0
OT-000141,PAR-000183,PN-EQ-01,2025-12-30,Correctiva,10.9,1,Rodamiento,95.0
OT-000979,PAR-001300,PN-EQ-04,2026-07-08,Preventiva,5.2,2,Faja/correa,2187.0
OT-001944,PAR-002571,PN-EQ-08,2024-04-14,Preventiva,10.2,1,Rodamiento,1161.0
OT-000976,PAR-001296,PN-EQ-04,2026-06-20,Correctiva,4.8,1,Sensor/instrumento,556.0
OT-000667,PAR-000909,PN-EQ-03,2026-09-08,Correctiva,14.2,2,Sensor/instrumento,768.0
OT-001107,PAR-001456,PN-EQ-04,2027-11-28,Correctiva,2.2,3,Sensor/instrumento,938.0
OT-001453,PAR-001886,PN-EQ-05,2027-11-06,Correctiva,23.6,1,Faja/correa,1335.0
OT-001753,PAR-002301,PN-EQ-07,2024-07-07,Correctiva,2.3,2,Ninguno (solo mano de obra),5530.0
OT-000012,PAR-000017,PN-EQ-01,2024-03-17,Correctiva,2.2,2,Sello mecánico,6607.0
OT-001348,PAR-001759,PN-EQ-05,2026-10-11,Correctiva,5.3,2,Motor eléctrico,780.0
OT-002100,PAR-002777,PN-EQ-08,2026-07-07,Correctiva,7.4,3,Sensor/instrumento,4514.0
OT-001316,PAR-001722,PN-EQ-05,2026-06-13,Correctiva,16.4,1,Faja/correa,3941.0
OT-000745,PAR-001016,PN-EQ-04,2024-01-17,Preventiva,4.0,1,Motor eléctrico,2274.0
OT-001191,PAR-001565,PN-EQ-05,2025-01-06,Preventiva,6.0,2,Sensor/instrumento,2066.0
OT-001207,PAR-001583,PN-EQ-05,2025-03-01,Correctiva,1.1,3,Faja/correa,7507.0
OT-001740,PAR-002285,PN-EQ-07,2024-04-06,Correctiva,3.3,2,Rodamiento,3354.0
OT-001540,PAR-002008,PN-EQ-06,2025-03-22,Correctiva,2.8,2,Motor eléctrico,7199.0
OT-000148,PAR-000191,PN-EQ-01,2026-01-29,Correctiva,0.8,3,Motor eléctrico,3454.0
OT-002446,PAR-003237,PN-EQ-10,2024-03-20,Correctiva,15.5,2,Sensor/instrumento,29.0
OT-001301,PAR-001701,PN-EQ-05,2026-04-18,Correctiva,5.7,1,Faja/correa,3719.0
OT-000524,PAR-000700,PN-EQ-02,2027-09-28,Correctiva,14.9,1,Ninguno (solo mano de obra),4931.0
OT-001403,PAR-001825,PN-EQ-05,2027-06-06,Correctiva,3.1,1,Sensor/instrumento,4152.0
OT-002214,PAR-002922,PN-EQ-09,2024-01-31,Preventiva,6.8,2,Revestimiento (liner),181.0
OT-000367,PAR-000496,PN-EQ-02,2025-07-03,Correctiva,8.0,1,Sensor/instrumento,5753.0
OT-000093,PAR-000122,PN-EQ-01,2025-04-04,Correctiva,10.3,2,,466.0
OT-002118,PAR-002797,PN-EQ-08,2026-09-27,Correctiva,0.6,2,Faja/correa,7009.0
OT-001658,PAR-002175,PN-EQ-06,2026-11-20,Preventiva,9.9,2,Sensor/instrumento,1593.0
OT-002799,PAR-003681,PN-EQ-10,2027-12-21,Correctiva,8.9,1,Ninguno (solo mano de obra),219.0
OT-001438,PAR-001869,PN-EQ-05,2027-10-06,Correctiva,4.0,2,Faja/correa,158.0
OT-002107,PAR-002784,PN-EQ-08,2026-07-31,Correctiva,15.9,3,Ninguno (solo mano de obra),6091.0
OT-001792,PAR-002353,PN-EQ-07,2025-04-05,Correctiva,0.9,1,Sensor/instrumento,6534.0
OT-001981,PAR-002619,PN-EQ-08,2024-11-02,Correctiva,4.9,3,Revestimiento (liner),1800.0
OT-001844,PAR-002432,PN-EQ-07,2026-06-15,Correctiva,14.3,2,Motor eléctrico,330.0
OT-000742,PAR-001013,PN-EQ-04,2024-01-10,Correctiva,7.4,3,Ninguno (solo mano de obra),5214.0
OT-001546,PAR-002015,PN-EQ-06,2025-04-11,Correctiva,13.8,1,Sello mecánico,6444.0
OT-000374,PAR-000508,PN-EQ-02,2025-08-21,Correctiva,10.5,1,Sensor/instrumento,7698.0
OT-000716,PAR-000978,PN-EQ-03,2027-07-28,Correctiva,1.9,1,Motor eléctrico,20.0
OT-000677,PAR-000924,PN-EQ-03,2026-11-02,Correctiva,4.2,2,Motor eléctrico,2535.0
OT-002430,PAR-003218,PN-EQ-10,2024-01-15,Preventiva,4.3,3,Rodamiento,1390.0
OT-002144,PAR-002832,PN-EQ-08,2027-03-09,Preventiva,6.5,3,Sello mecánico,1531.0
OT-001698,PAR-002229,PN-EQ-06,2027-07-10,Correctiva,26.6,3,Rodamiento,1827.0
OT-002127,PAR-002809,PN-EQ-08,2026-11-21,Correctiva,26.5,1,Rodamiento,1471.0
OT-000941,PAR-001250,PN-EQ-04,2026-01-21,Preventiva,7.2,2,Revestimiento (liner),2257.0
OT-000351,PAR-000475,PN-EQ-02,2025-04-07,Correctiva,1.5,1,Sensor/instrumento,2446.0
OT-002269,PAR-002995,PN-EQ-09,2025-02-12,Correctiva,3.0,3,Motor eléctrico,4665.0
OT-000405,PAR-000545,PN-EQ-02,2026-01-05,Correctiva,1.8,2,Motor eléctrico,1536.0
OT-000423,PAR-000571,PN-EQ-02,2026-04-27,Correctiva,1.8,3,Revestimiento (liner),3001.0
OT-001297,PAR-001696,PN-EQ-05,2026-03-27,Correctiva,17.7,2,Ninguno (solo mano de obra),670.0
OT-001640,PAR-002149,PN-EQ-06,2026-09-12,Correctiva,9.6,1,Sello mecánico,3040.0
OT-000056,PAR-000075,PN-EQ-01,2024-10-26,Preventiva,4.3,1,Rodamiento,1022.0
OT-000946,PAR-001258,PN-EQ-04,2026-02-16,Correctiva,16.6,3,Faja/correa,1495.0
OT-000255,PAR-000344,PN-EQ-01,2027-11-08,Correctiva,2.0,3,Sensor/instrumento,6664.0
OT-001080,PAR-001423,PN-EQ-04,2027-09-09,Preventiva,8.2,3,Ninguno (solo mano de obra),2066.0
OT-002493,PAR-003298,PN-EQ-10,2024-09-28,Preventiva,7.3,2,Motor eléctrico,38.0
OT-000428,PAR-000576,PN-EQ-02,2026-05-19,Correctiva,31.2,3,Sello mecánico,5416.0
OT-000294,PAR-000399,PN-EQ-02,2024-07-01,Preventiva,7.0,3,Sello mecánico,124.0
OT-001211,PAR-001588,PN-EQ-05,2025-03-17,Correctiva,1.7,1,Sensor/instrumento,2739.0
OT-001004,PAR-001332,PN-EQ-04,2026-10-18,Correctiva,1.3,2,Sensor/instrumento,233.0
OT-002668,PAR-003522,PN-EQ-10,2026-07-06,Preventiva,12.1,3,Ninguno (solo mano de obra),1353.0
OT-001834,PAR-002416,PN-EQ-07,2026-04-02,Correctiva,0.7,1,Motor eléctrico,50.0
OT-001306,PAR-001707,PN-EQ-05,2026-04-26,Correctiva,16.9,1,Faja/correa,7637.0
OT-002504,PAR-003316,PN-EQ-10,2024-11-15,Correctiva,13.5,3,Ninguno (solo mano de obra),7129.0
OT-000473,PAR-000631,PN-EQ-02,2026-12-27,Preventiva,11.5,3,Faja/correa,2113.0
OT-001810,PAR-002382,PN-EQ-07,2025-10-04,Correctiva,14.6,2,Sello mecánico,242.0
OT-000053,PAR-000068,PN-EQ-01,2024-09-24,Preventiva,6.0,2,Revestimiento (liner),2363.0
OT-000859,PAR-001154,PN-EQ-04,2025-03-28,Correctiva,19.2,1,Revestimiento (liner),7634.0
OT-002212,PAR-002920,PN-EQ-09,2024-01-16,Preventiva,7.9,3,Motor eléctrico,1187.0
OT-001668,PAR-002188,PN-EQ-06,2027-01-27,Preventiva,6.1,1,Rodamiento,1893.0
OT-000413,PAR-000559,PN-EQ-02,2026-02-27,Correctiva,1.5,3,Motor eléctrico,801.0
OT-001669,PAR-002189,PN-EQ-06,2027-01-28,Correctiva,6.0,1,Revestimiento (liner),3488.0
OT-000391,PAR-000531,PN-EQ-02,2025-11-02,Correctiva,5.8,3,Rodamiento,2243.0
OT-001420,PAR-001846,PN-EQ-05,2027-07-25,Correctiva,1.8,2,Faja/correa,3340.0
OT-001642,PAR-002152,PN-EQ-06,2026-09-20,Correctiva,3.4,1,Rodamiento,1903.0
OT-000936,PAR-001245,PN-EQ-04,2026-01-03,Correctiva,19.3,1,Sello mecánico,4132.0
OT-002150,PAR-002838,PN-EQ-08,2027-04-10,Correctiva,1.0,2,Motor eléctrico,2854.0
OT-002607,PAR-003442,PN-EQ-10,2025-12-06,Correctiva,31.3,3,Rodamiento,4672.0
OT-001425,PAR-001852,PN-EQ-05,2027-08-27,Preventiva,5.9,3,Rodamiento,1846.0
OT-002138,PAR-002824,PN-EQ-08,2027-01-12,Preventiva,7.1,1,Faja/correa,1433.0
OT-001825,PAR-002406,PN-EQ-07,2026-02-13,Correctiva,7.6,1,Sensor/instrumento,6865.0
OT-002508,PAR-003321,PN-EQ-10,2024-11-30,Correctiva,26.3,2,Rodamiento,5961.0
OT-000289,PAR-000392,PN-EQ-02,2024-05-22,Preventiva,5.1,3,,1604.0
OT-002319,PAR-003060,PN-EQ-09,2025-12-13,Correctiva,6.8,2,Rodamiento,3887.0
OT-001886,PAR-002488,PN-EQ-07,2027-02-23,Preventiva,4.9,1,Sensor/instrumento,1102.0
OT-000443,PAR-000593,PN-EQ-02,2026-07-15,Correctiva,2.7,3,Sello mecánico,6761.0
OT-000015,PAR-000020,PN-EQ-01,2024-03-24,Correctiva,11.8,2,Revestimiento (liner),5736.0
OT-002340,PAR-003088,PN-EQ-09,2026-05-13,Preventiva,6.4,1,Sensor/instrumento,3.0
OT-002251,PAR-002974,PN-EQ-09,2024-09-22,Preventiva,9.5,1,Revestimiento (liner),1706.0
OT-002626,PAR-003467,PN-EQ-10,2026-02-11,Correctiva,7.8,1,Revestimiento (liner),7120.0
OT-000954,PAR-001268,PN-EQ-04,2026-03-13,Correctiva,16.0,1,Revestimiento (liner),730.0
OT-002365,PAR-003131,PN-EQ-09,2026-12-04,Correctiva,8.6,3,Motor eléctrico,4727.0
OT-001388,PAR-001804,PN-EQ-05,2027-03-29,Correctiva,10.3,2,Motor eléctrico,1656.0
OT-001166,PAR-001532,PN-EQ-05,2024-09-04,Correctiva,19.6,3,Faja/correa,7145.0
OT-001463,PAR-001898,PN-EQ-05,2027-12-20,Correctiva,4.7,3,Faja/correa,5889.0
OT-001789,PAR-002350,PN-EQ-07,2025-03-16,Preventiva,5.2,2,Rodamiento,2026.0
OT-000402,PAR-000542,PN-EQ-02,2025-12-27,Correctiva,2.4,2,Faja/correa,7301.0
OT-002468,PAR-003265,PN-EQ-10,2024-07-03,Correctiva,7.7,2,Sello mecánico,89.0
OT-002436,PAR-003226,PN-EQ-10,2024-02-10,Correctiva,14.4,2,Rodamiento,1613.0
OT-000982,PAR-001304,PN-EQ-04,2026-07-14,Correctiva,0.8,3,Ninguno (solo mano de obra),7050.0
OT-000247,PAR-000334,PN-EQ-01,2027-10-07,Correctiva,29.0,1,Sensor/instrumento,6344.0
OT-002610,PAR-003446,PN-EQ-10,2025-12-18,Correctiva,12.3,2,Faja/correa,3456.0
OT-002554,PAR-003373,PN-EQ-10,2025-05-09,Preventiva,10.3,1,Faja/correa,382.0
OT-002603,PAR-003436,PN-EQ-10,2025-11-19,Correctiva,24.4,2,Ninguno (solo mano de obra),374.0
OT-001039,PAR-001373,PN-EQ-04,2027-03-20,Correctiva,19.5,2,Faja/correa,5673.0
OT-002451,PAR-003243,PN-EQ-10,2024-04-18,Preventiva,12.7,1,Rodamiento,231.0
OT-000877,PAR-001174,PN-EQ-04,2025-05-25,Correctiva,6.3,3,Sensor/instrumento,4253.0
OT-001680,PAR-002202,PN-EQ-06,2027-03-19,Preventiva,8.0,2,Faja/correa,1827.0
OT-002356,PAR-003114,PN-EQ-09,2026-09-30,Preventiva,11.4,2,Sello mecánico,195.0
OT-002299,PAR-003034,PN-EQ-09,2025-07-12,Correctiva,0.5,3,Revestimiento (liner),1916.0
OT-000173,PAR-000226,PN-EQ-01,2026-06-12,Correctiva,9.0,1,Faja/correa,5836.0
OT-002394,PAR-003170,PN-EQ-09,2027-05-23,Correctiva,2.6,1,Revestimiento (liner),2061.0
OT-000472,PAR-000628,PN-EQ-02,2026-12-16,Correctiva,16.0,1,Ninguno (solo mano de obra),5184.0
OT-001725,PAR-002264,PN-EQ-06,2027-12-03,Correctiva,6.3,1,Sello mecánico,1315.0
OT-002628,PAR-003469,PN-EQ-10,2026-02-13,Preventiva,5.4,3,Motor eléctrico,2404.0
OT-001650,PAR-002165,PN-EQ-06,2026-10-26,Correctiva,10.0,2,Revestimiento (liner),7247.0
OT-002632,PAR-003474,PN-EQ-10,2026-02-24,Correctiva,1.7,3,Faja/correa,4093.0
OT-001157,PAR-001518,PN-EQ-05,2024-07-21,Preventiva,9.8,2,Sensor/instrumento,1914.0
OT-001957,PAR-002588,PN-EQ-08,2024-06-15,Correctiva,8.8,3,Rodamiento,1810.0
OT-001580,PAR-002064,PN-EQ-06,2025-11-10,Correctiva,0.7,2,Rodamiento,709.0
OT-001095,PAR-001440,PN-EQ-04,2027-10-22,Correctiva,9.9,1,Sello mecánico,1659.0
OT-000161,PAR-000210,PN-EQ-01,2026-04-16,Correctiva,22.3,3,Faja/correa,6892.0
OT-001525,PAR-001986,PN-EQ-06,2024-12-15,Correctiva,30.0,1,Ninguno (solo mano de obra),1979.0
OT-002453,PAR-003245,PN-EQ-10,2024-04-27,Correctiva,9.5,3,Rodamiento,2729.0
OT-001076,PAR-001418,PN-EQ-04,2027-08-19,Correctiva,12.9,1,Faja/correa,2518.0
OT-002720,PAR-003580,PN-EQ-10,2027-01-02,Correctiva,3.7,3,Sensor/instrumento,2505.0
OT-000253,PAR-000341,PN-EQ-01,2027-11-02,Correctiva,4.8,3,Rodamiento,5476.0
OT-000972,PAR-001289,PN-EQ-04,2026-05-25,Preventiva,7.4,2,Revestimiento (liner),90.0
OT-001010,PAR-001340,PN-EQ-04,2026-11-16,Correctiva,18.8,2,Ninguno (solo mano de obra),722.0
OT-001620,PAR-002118,PN-EQ-06,2026-05-15,Correctiva,11.3,1,,6642.0
OT-000221,PAR-000294,PN-EQ-01,2027-05-13,Correctiva,7.2,1,Ninguno (solo mano de obra),2387.0
OT-000960,PAR-001275,PN-EQ-04,2026-04-09,Correctiva,19.8,3,Faja/correa,3836.0
OT-000940,PAR-001249,PN-EQ-04,2026-01-19,Correctiva,4.0,3,Sensor/instrumento,2520.0
OT-000098,PAR-000127,PN-EQ-01,2025-05-01,Correctiva,13.6,1,Sensor/instrumento,7330.0
OT-002479,PAR-003278,PN-EQ-10,2024-08-04,Correctiva,11.3,1,Sello mecánico,6481.0
OT-002673,PAR-003527,PN-EQ-10,2026-07-21,Correctiva,14.7,3,Ninguno (solo mano de obra),7689.0
OT-000297,PAR-000403,PN-EQ-02,2024-07-13,Correctiva,0.4,2,Motor eléctrico,3.0
OT-001342,PAR-001752,PN-EQ-05,2026-09-26,Correctiva,23.7,1,Sello mecánico,293.0
OT-002594,PAR-003423,PN-EQ-10,2025-10-18,Correctiva,15.4,1,Sensor/instrumento,7276.0
OT-001200,PAR-001575,PN-EQ-05,2025-02-16,Correctiva,1.0,1,Sensor/instrumento,1427.0
OT-001182,PAR-001554,PN-EQ-05,2024-11-14,Preventiva,14.1,2,Revestimiento (liner),1106.0
OT-002028,PAR-002681,PN-EQ-08,2025-07-21,Correctiva,0.8,3,Motor eléctrico,4694.0
OT-000572,PAR-000765,PN-EQ-03,2024-08-20,Correctiva,4.9,3,Faja/correa,7492.0
OT-000911,PAR-001218,PN-EQ-04,2025-10-04,Correctiva,9.0,2,Revestimiento (liner),5757.0
OT-000181,PAR-000241,PN-EQ-01,2026-08-29,Preventiva,11.8,2,Sello mecánico,2312.0
OT-000006,PAR-000009,PN-EQ-01,2024-02-19,Preventiva,10.6,2,Rodamiento,1989.0
OT-000350,PAR-000474,PN-EQ-02,2025-04-05,Correctiva,4.7,2,Faja/correa,1923.0
OT-000171,PAR-000224,PN-EQ-01,2026-06-04,Correctiva,19.1,1,Rodamiento,7529.0
OT-002669,PAR-003523,PN-EQ-10,2026-07-10,Correctiva,15.3,2,Ninguno (solo mano de obra),648.0
OT-002178,PAR-002872,PN-EQ-08,2027-08-09,Correctiva,1.8,2,Rodamiento,3101.0
OT-001105,PAR-001452,PN-EQ-04,2027-11-18,Correctiva,19.8,3,Sello mecánico,7961.0
OT-001428,PAR-001855,PN-EQ-05,2027-08-30,Correctiva,21.1,1,,2014.0
OT-000104,PAR-000134,PN-EQ-01,2025-05-31,Preventiva,6.3,3,Motor eléctrico,1376.0
OT-000415,PAR-000562,PN-EQ-02,2026-03-02,Correctiva,21.6,1,Sello mecánico,4769.0
OT-001385,PAR-001800,PN-EQ-05,2027-03-17,Correctiva,1.8,3,Ninguno (solo mano de obra),1118.0
OT-001805,PAR-002375,PN-EQ-07,2025-08-24,Correctiva,22.3,3,Faja/correa,7650.0
OT-001932,PAR-002552,PN-EQ-08,2024-01-09,Correctiva,1.2,2,Faja/correa,764.0
OT-001817,PAR-002394,PN-EQ-07,2025-12-15,Correctiva,3.1,2,Motor eléctrico,4180.0
OT-001448,PAR-001880,PN-EQ-05,2027-10-29,Correctiva,1.2,1,Ninguno (solo mano de obra),3735.0
OT-000469,PAR-000624,PN-EQ-02,2026-12-04,Correctiva,0.7,1,Rodamiento,1354.0
OT-000894,PAR-001196,PN-EQ-04,2025-08-11,Preventiva,6.0,2,Faja/correa,1857.0
OT-002421,PAR-003206,PN-EQ-09,2027-11-09,Correctiva,0.6,1,Sensor/instrumento,7951.0
OT-000635,PAR-000857,PN-EQ-03,2026-01-16,Preventiva,7.7,3,Ninguno (solo mano de obra),1219.0
OT-000552,PAR-000736,PN-EQ-03,2024-03-18,Preventiva,7.9,2,Rodamiento,589.0
OT-001121,PAR-001472,PN-EQ-05,2024-01-30,Preventiva,9.6,2,Motor eléctrico,1224.0
OT-001722,PAR-002260,PN-EQ-06,2027-11-21,Correctiva,3.6,1,Sensor/instrumento,7559.0
OT-000514,PAR-000687,PN-EQ-02,2027-07-31,Correctiva,3.1,2,Faja/correa,3316.0
OT-001828,PAR-002409,PN-EQ-07,2026-02-24,Correctiva,5.8,3,Rodamiento,4121.0
OT-001067,PAR-001406,PN-EQ-04,2027-07-07,Correctiva,3.9,1,Faja/correa,1894.0
OT-001959,PAR-002591,PN-EQ-08,2024-07-12,Preventiva,8.5,2,Motor eléctrico,2457.0
OT-000322,PAR-000439,PN-EQ-02,2024-11-14,Correctiva,21.9,2,Rodamiento,4172.0
OT-001318,PAR-001725,PN-EQ-05,2026-06-30,Correctiva,13.7,3,Sello mecánico,4704.0
OT-000987,PAR-001311,PN-EQ-04,2026-08-12,Correctiva,17.5,2,Sello mecánico,1967.0
OT-000027,PAR-000035,PN-EQ-01,2024-05-18,Preventiva,5.6,3,Sensor/instrumento,2056.0
OT-002174,PAR-002868,PN-EQ-08,2027-08-04,Preventiva,5.7,3,Revestimiento (liner),381.0
OT-002235,PAR-002950,PN-EQ-09,2024-06-04,Preventiva,9.3,2,Faja/correa,345.0
OT-001919,PAR-002538,PN-EQ-07,2027-11-03,Correctiva,10.1,2,Revestimiento (liner),1020.0
OT-001268,PAR-001661,PN-EQ-05,2025-11-29,Correctiva,19.5,3,Sello mecánico,309.0
OT-001906,PAR-002515,PN-EQ-07,2027-07-15,Correctiva,2.3,1,Sello mecánico,3887.0
OT-001659,PAR-002178,PN-EQ-06,2026-12-06,Preventiva,8.3,3,Rodamiento,1067.0
OT-001885,PAR-002487,PN-EQ-07,2027-02-18,Correctiva,2.8,3,Sensor/instrumento,6192.0
OT-000974,PAR-001294,PN-EQ-04,2026-06-17,Preventiva,6.6,2,Sello mecánico,63.0
OT-002601,PAR-003432,PN-EQ-10,2025-11-10,Correctiva,2.9,2,Ninguno (solo mano de obra),2878.0
OT-001330,PAR-001738,PN-EQ-05,2026-08-04,Correctiva,18.3,2,Ninguno (solo mano de obra),517.0
OT-000031,PAR-000040,PN-EQ-01,2024-06-04,Correctiva,4.8,1,Rodamiento,6886.0
OT-000401,PAR-000541,PN-EQ-02,2025-12-22,Correctiva,0.8,3,Sello mecánico,5795.0
OT-001503,PAR-001956,PN-EQ-06,2024-08-29,Correctiva,11.0,3,Rodamiento,1371.0
OT-000510,PAR-000681,PN-EQ-02,2027-07-13,Preventiva,9.7,3,Ninguno (solo mano de obra),893.0
OT-000430,PAR-000578,PN-EQ-02,2026-05-30,Correctiva,8.0,2,Ninguno (solo mano de obra),1921.0
OT-000389,PAR-000529,PN-EQ-02,2025-10-25,Correctiva,1.5,1,Ninguno (solo mano de obra),6419.0
OT-000681,PAR-000929,PN-EQ-03,2026-11-28,Correctiva,0.5,1,Faja/correa,6853.0
OT-001812,PAR-002385,PN-EQ-07,2025-10-18,Correctiva,1.0,3,Sensor/instrumento,1190.0
OT-002324,PAR-003066,PN-EQ-09,2026-01-22,Correctiva,5.4,2,Revestimiento (liner),5051.0
OT-001713,PAR-002247,PN-EQ-06,2027-09-11,Correctiva,2.5,1,Ninguno (solo mano de obra),365.0
OT-002517,PAR-003332,PN-EQ-10,2025-01-02,Correctiva,11.4,1,Ninguno (solo mano de obra),6894.0
OT-000736,PAR-001005,PN-EQ-03,2027-12-09,Correctiva,1.1,1,Faja/correa,392.0
OT-000183,PAR-000245,PN-EQ-01,2026-09-19,Correctiva,4.1,2,Motor eléctrico,6343.0
OT-001358,PAR-001770,PN-EQ-05,2026-11-23,Preventiva,10.4,1,Ninguno (solo mano de obra),1438.0
OT-001018,PAR-001350,PN-EQ-04,2026-12-28,Correctiva,28.0,1,Ninguno (solo mano de obra),2078.0
OT-001059,PAR-001397,PN-EQ-04,2027-06-08,Correctiva,4.4,1,Faja/correa,4441.0
OT-002039,PAR-002695,PN-EQ-08,2025-09-08,Correctiva,8.4,3,Revestimiento (liner),2194.0
OT-000215,PAR-000283,PN-EQ-01,2027-03-29,Correctiva,18.3,3,Motor eléctrico,5669.0
OT-000153,PAR-000200,PN-EQ-01,2026-02-27,Correctiva,3.5,1,Ninguno (solo mano de obra),2830.0
OT-000007,PAR-000010,PN-EQ-01,2024-02-20,Correctiva,23.1,1,Motor eléctrico,1614.0
OT-000059,PAR-000079,PN-EQ-01,2024-11-09,Preventiva,5.2,1,Motor eléctrico,1605.0
OT-000689,PAR-000941,PN-EQ-03,2027-01-19,Preventiva,7.9,2,Faja/correa,9.0
OT-000164,PAR-000214,PN-EQ-01,2026-04-23,Correctiva,9.5,2,Motor eléctrico,1160.0
OT-002033,PAR-002687,PN-EQ-08,2025-08-18,Correctiva,1.5,1,Ninguno (solo mano de obra),7047.0
OT-000186,PAR-000248,PN-EQ-01,2026-10-20,Preventiva,4.3,3,,797.0
OT-000618,PAR-000832,PN-EQ-03,2025-09-06,Correctiva,12.9,3,Revestimiento (liner),6661.0
OT-002476,PAR-003274,PN-EQ-10,2024-07-28,Preventiva,6.7,2,Ninguno (solo mano de obra),134.0
OT-000481,PAR-000640,PN-EQ-02,2027-02-07,Preventiva,7.9,2,Revestimiento (liner),1621.0
OT-000815,PAR-001102,PN-EQ-04,2024-11-14,Correctiva,17.4,3,Sello mecánico,1971.0
OT-002244,PAR-002964,PN-EQ-09,2024-08-17,Correctiva,7.4,1,Revestimiento (liner),5612.0
OT-001150,PAR-001511,PN-EQ-05,2024-06-18,Preventiva,5.7,2,,2012.0
OT-000103,PAR-000133,PN-EQ-01,2025-05-28,Correctiva,2.2,1,Sensor/instrumento,1215.0
OT-000648,PAR-000880,PN-EQ-03,2026-05-05,Correctiva,6.5,3,Revestimiento (liner),5451.0
OT-002057,PAR-002719,PN-EQ-08,2025-12-11,Correctiva,24.0,1,Faja/correa,4048.0
OT-001848,PAR-002437,PN-EQ-07,2026-07-11,Correctiva,3.1,2,Sello mecánico,4316.0
OT-001222,PAR-001604,PN-EQ-05,2025-05-07,Correctiva,10.3,2,Motor eléctrico,5052.0
OT-000063,PAR-000083,PN-EQ-01,2024-11-25,Correctiva,3.3,3,Sensor/instrumento,7139.0
OT-000145,PAR-000188,PN-EQ-01,2026-01-13,Correctiva,2.2,3,Faja/correa,1467.0
OT-000717,PAR-000979,PN-EQ-03,2027-08-01,Correctiva,6.3,2,Sello mecánico,2493.0
OT-001432,PAR-001861,PN-EQ-05,2027-09-14,Correctiva,17.0,1,Faja/correa,3837.0
OT-001269,PAR-001665,PN-EQ-05,2025-12-11,Correctiva,19.0,3,Revestimiento (liner),4900.0
OT-002164,PAR-002855,PN-EQ-08,2027-06-12,Preventiva,6.1,2,Sensor/instrumento,919.0
OT-002301,PAR-003036,PN-EQ-09,2025-07-21,Preventiva,8.9,2,Revestimiento (liner),987.0
OT-001724,PAR-002263,PN-EQ-06,2027-11-30,Correctiva,11.9,2,Motor eléctrico,191.0
OT-001372,PAR-001786,PN-EQ-05,2027-02-02,Correctiva,7.6,1,Motor eléctrico,2663.0
OT-001900,PAR-002506,PN-EQ-07,2027-05-06,Preventiva,7.7,3,Sello mecánico,564.0
OT-001923,PAR-002543,PN-EQ-07,2027-11-24,Correctiva,12.0,2,Revestimiento (liner),740.0
OT-000083,PAR-000110,PN-EQ-01,2025-02-16,Correctiva,4.0,3,Sensor/instrumento,302.0
OT-002016,PAR-002665,PN-EQ-08,2025-06-02,Correctiva,2.0,3,Sello mecánico,5015.0
OT-001866,PAR-002466,PN-EQ-07,2026-11-15,Correctiva,0.7,2,Motor eléctrico,3073.0
OT-000011,PAR-000016,PN-EQ-01,2024-03-15,Correctiva,9.7,3,Sensor/instrumento,6432.0
OT-000245,PAR-000331,PN-EQ-01,2027-09-28,Preventiva,9.9,1,Motor eléctrico,2309.0
OT-000643,PAR-000870,PN-EQ-03,2026-03-25,Correctiva,11.9,1,Sello mecánico,1.0
OT-001008,PAR-001338,PN-EQ-04,2026-11-03,Correctiva,30.1,2,Revestimiento (liner),2822.0
OT-001048,PAR-001385,PN-EQ-04,2027-05-04,Correctiva,4.3,1,Motor eléctrico,2375.0
OT-001964,PAR-002596,PN-EQ-08,2024-07-28,Correctiva,11.1,1,Sensor/instrumento,2701.0
OT-002220,PAR-002930,PN-EQ-09,2024-03-12,Correctiva,10.1,3,Ninguno (solo mano de obra),4243.0
OT-002029,PAR-002682,PN-EQ-08,2025-07-23,Correctiva,5.9,2,Sensor/instrumento,831.0
OT-000692,PAR-000945,PN-EQ-03,2027-02-14,Correctiva,4.6,2,Rodamiento,6341.0
OT-001187,PAR-001561,PN-EQ-05,2024-12-17,Correctiva,3.9,3,Sello mecánico,5372.0
OT-000418,PAR-000566,PN-EQ-02,2026-03-27,Correctiva,11.9,2,Sello mecánico,1707.0
OT-000776,PAR-001055,PN-EQ-04,2024-06-08,Correctiva,2.3,3,Rodamiento,1204.0
OT-000436,PAR-000584,PN-EQ-02,2026-06-17,Correctiva,18.8,2,Rodamiento,6268.0
OT-001811,PAR-002384,PN-EQ-07,2025-10-17,Preventiva,10.1,3,Motor eléctrico,533.0
OT-000985,PAR-001309,PN-EQ-04,2026-07-31,Preventiva,7.7,1,Rodamiento,2213.0
OT-001424,PAR-001851,PN-EQ-05,2027-08-16,Correctiva,16.9,3,Rodamiento,7230.0
OT-002000,PAR-002645,PN-EQ-08,2025-02-26,Correctiva,8.5,2,Sello mecánico,24.0
OT-002375,PAR-003146,PN-EQ-09,2027-02-16,Correctiva,1.8,2,Rodamiento,2246.0
OT-000295,PAR-000400,PN-EQ-02,2024-07-08,Correctiva,4.2,3,Sensor/instrumento,6956.0
OT-002286,PAR-003017,PN-EQ-09,2025-05-19,Preventiva,7.6,1,Ninguno (solo mano de obra),1499.0
OT-002736,PAR-003603,PN-EQ-10,2027-03-29,Preventiva,5.4,2,Rodamiento,928.0
OT-001537,PAR-002005,PN-EQ-06,2025-03-02,Correctiva,8.0,1,Sensor/instrumento,892.0
OT-001955,PAR-002586,PN-EQ-08,2024-06-08,Correctiva,1.5,2,Sensor/instrumento,4464.0
OT-000263,PAR-000352,PN-EQ-01,2027-12-18,Correctiva,2.5,2,Rodamiento,4749.0
OT-001472,PAR-001913,PN-EQ-06,2024-03-15,Preventiva,5.3,2,Rodamiento,92.0
OT-002332,PAR-003076,PN-EQ-09,2026-03-03,Preventiva,8.0,2,Faja/correa,1573.0
OT-000758,PAR-001031,PN-EQ-04,2024-03-10,Preventiva,8.3,1,Rodamiento,595.0
OT-000737,PAR-001006,PN-EQ-03,2027-12-15,Correctiva,2.8,1,Ninguno (solo mano de obra),7376.0
OT-000385,PAR-000522,PN-EQ-02,2025-09-29,Correctiva,20.1,3,Faja/correa,3351.0
OT-001728,PAR-002268,PN-EQ-06,2027-12-13,Correctiva,31.0,1,Faja/correa,2733.0
OT-000629,PAR-000849,PN-EQ-03,2025-12-05,Preventiva,5.2,3,Sensor/instrumento,1280.0
OT-001327,PAR-001735,PN-EQ-05,2026-07-29,Correctiva,22.2,3,Motor eléctrico,5089.0
OT-000594,PAR-000800,PN-EQ-03,2025-03-06,Correctiva,5.1,3,Sensor/instrumento,5064.0
OT-001304,PAR-001704,PN-EQ-05,2026-04-23,Preventiva,10.2,3,Sello mecánico,716.0
OT-000706,PAR-000962,PN-EQ-03,2027-05-19,Correctiva,0.6,3,Sensor/instrumento,7448.0
OT-001716,PAR-002251,PN-EQ-06,2027-10-03,Correctiva,2.1,1,Ninguno (solo mano de obra),6527.0
OT-001599,PAR-002093,PN-EQ-06,2026-02-23,Correctiva,12.2,1,Rodamiento,5787.0
OT-000645,PAR-000874,PN-EQ-03,2026-04-16,Preventiva,12.5,2,Ninguno (solo mano de obra),1090.0
OT-001379,PAR-001793,PN-EQ-05,2027-02-21,Correctiva,14.6,3,Rodamiento,7154.0
OT-000644,PAR-000871,PN-EQ-03,2026-03-26,Preventiva,8.2,1,Ninguno (solo mano de obra),387.0
OT-001282,PAR-001679,PN-EQ-05,2026-02-04,Correctiva,28.5,1,Revestimiento (liner),220.0
OT-002546,PAR-003365,PN-EQ-10,2025-04-10,Correctiva,6.7,3,Rodamiento,707.0
OT-001259,PAR-001650,PN-EQ-05,2025-10-11,Preventiva,6.6,3,Ninguno (solo mano de obra),2077.0
OT-001972,PAR-002609,PN-EQ-08,2024-09-21,Preventiva,3.9,3,Sensor/instrumento,120.0
OT-000318,PAR-000434,PN-EQ-02,2024-10-28,Preventiva,6.1,2,Faja/correa,618.0
OT-001155,PAR-001516,PN-EQ-05,2024-07-04,Preventiva,8.1,3,Sello mecánico,2091.0
OT-000826,PAR-001114,PN-EQ-04,2024-12-23,Correctiva,3.4,1,Motor eléctrico,6553.0
OT-002443,PAR-003234,PN-EQ-10,2024-03-08,Correctiva,1.6,3,Faja/correa,295.0
OT-001179,PAR-001551,PN-EQ-05,2024-11-07,Correctiva,1.8,3,Ninguno (solo mano de obra),1520.0
OT-002238,PAR-002956,PN-EQ-09,2024-06-24,Preventiva,9.3,2,Motor eléctrico,562.0
OT-001589,PAR-002076,PN-EQ-06,2025-12-14,Preventiva,11.8,3,Faja/correa,321.0
OT-000847,PAR-001138,PN-EQ-04,2025-02-26,Correctiva,5.0,2,Faja/correa,408.0
OT-001922,PAR-002541,PN-EQ-07,2027-11-16,Correctiva,8.8,1,Rodamiento,3015.0
OT-000589,PAR-000791,PN-EQ-03,2025-02-01,Preventiva,8.1,1,Motor eléctrico,1514.0
OT-000714,PAR-000976,PN-EQ-03,2027-07-23,Correctiva,1.7,1,Rodamiento,2893.0
OT-001989,PAR-002630,PN-EQ-08,2024-12-27,Correctiva,14.6,1,Sello mecánico,1581.0
OT-002401,PAR-003180,PN-EQ-09,2027-07-13,Correctiva,5.5,1,Sensor/instrumento,4324.0
OT-000394,PAR-000534,PN-EQ-02,2025-11-22,Correctiva,4.6,3,,2272.0
OT-000830,PAR-001118,PN-EQ-04,2025-01-05,Correctiva,16.6,3,Sensor/instrumento,4633.0
OT-000363,PAR-000492,PN-EQ-02,2025-06-16,Preventiva,6.6,1,Sensor/instrumento,429.0
OT-001839,PAR-002424,PN-EQ-07,2026-05-01,Correctiva,3.7,2,Faja/correa,4095.0
OT-002531,PAR-003349,PN-EQ-10,2025-02-23,Preventiva,12.9,3,Ninguno (solo mano de obra),1926.0
OT-002784,PAR-003664,PN-EQ-10,2027-10-16,Correctiva,27.3,1,Sensor/instrumento,981.0
OT-001910,PAR-002522,PN-EQ-07,2027-08-16,Correctiva,0.4,1,Rodamiento,2632.0
OT-001591,PAR-002080,PN-EQ-06,2026-01-04,Correctiva,8.5,3,Ninguno (solo mano de obra),2596.0
OT-001436,PAR-001866,PN-EQ-05,2027-10-02,Preventiva,9.2,2,Rodamiento,1956.0
OT-001488,PAR-001935,PN-EQ-06,2024-06-14,Preventiva,4.3,2,Motor eléctrico,2411.0
OT-000966,PAR-001282,PN-EQ-04,2026-05-06,Preventiva,6.2,3,Motor eléctrico,536.0
OT-001527,PAR-001989,PN-EQ-06,2024-12-23,Correctiva,1.3,2,Motor eléctrico,1658.0
OT-002081,PAR-002751,PN-EQ-08,2026-03-29,Preventiva,3.8,1,Faja/correa,1881.0
OT-002297,PAR-003031,PN-EQ-09,2025-07-03,Correctiva,4.1,1,Sensor/instrumento,5188.0
OT-001259,PAR-001650,PN-EQ-05,2025-10-11,Preventiva,6.6,3,Ninguno (solo mano de obra),2077.0
OT-000888,PAR-001187,PN-EQ-04,2025-07-20,Correctiva,22.4,2,Ninguno (solo mano de obra),2524.0
OT-002757,PAR-003628,PN-EQ-10,2027-06-25,Correctiva,6.5,1,Sensor/instrumento,6291.0
OT-001239,PAR-001626,PN-EQ-05,2025-07-13,Preventiva,10.1,3,Motor eléctrico,2056.0
OT-001399,PAR-001820,PN-EQ-05,2027-05-14,Correctiva,21.5,3,Ninguno (solo mano de obra),3131.0
OT-000849,PAR-001140,PN-EQ-04,2025-02-28,Correctiva,7.8,2,Ninguno (solo mano de obra),1035.0
OT-002787,PAR-003668,PN-EQ-10,2027-10-27,Correctiva,11.2,1,Faja/correa,3614.0
OT-000812,PAR-001099,PN-EQ-04,2024-10-30,Correctiva,8.2,3,Revestimiento (liner),380.0
OT-001336,PAR-001745,PN-EQ-05,2026-09-07,Correctiva,3.0,2,Sello mecánico,6450.0
OT-000134,PAR-000174,PN-EQ-01,2025-11-14,Correctiva,4.5,3,Revestimiento (liner),1190.0
OT-000605,PAR-000817,PN-EQ-03,2025-05-22,Correctiva,7.1,2,Sello mecánico,7755.0
OT-000133,PAR-000173,PN-EQ-01,2025-11-14,Preventiva,11.8,1,Rodamiento,1966.0
OT-000233,PAR-000311,PN-EQ-01,2027-07-16,Correctiva,5.2,2,Motor eléctrico,7612.0
OT-001056,PAR-001393,PN-EQ-04,2027-05-21,Correctiva,21.8,3,Revestimiento (liner),5042.0
OT-002520,PAR-003336,PN-EQ-10,2025-01-17,Preventiva,4.8,3,Faja/correa,2238.0
OT-001068,PAR-001407,PN-EQ-04,2027-07-13,Correctiva,5.5,3,Motor eléctrico,7124.0
OT-002240,PAR-002959,PN-EQ-09,2024-07-13,Correctiva,5.3,1,Revestimiento (liner),7551.0
OT-001115,PAR-001466,PN-EQ-05,2024-01-14,Correctiva,26.2,2,Sello mecánico,7091.0
OT-002447,PAR-003238,PN-EQ-10,2024-03-30,Preventiva,12.3,3,Faja/correa,2134.0
OT-000073,PAR-000097,PN-EQ-01,2025-01-07,Correctiva,29.0,2,Rodamiento,5067.0
OT-000057,PAR-000076,PN-EQ-01,2024-10-29,Correctiva,9.9,2,Motor eléctrico,482.0
OT-002671,PAR-003525,PN-EQ-10,2026-07-15,Correctiva,24.0,3,Revestimiento (liner),4997.0
OT-000160,PAR-000208,PN-EQ-01,2026-03-29,Correctiva,17.2,1,Ninguno (solo mano de obra),5442.0
OT-000330,PAR-000449,PN-EQ-02,2024-12-23,Correctiva,5.5,1,Revestimiento (liner),5498.0
OT-000902,PAR-001207,PN-EQ-04,2025-09-08,Correctiva,3.5,1,Rodamiento,3083.0
OT-001823,PAR-002402,PN-EQ-07,2026-01-12,Preventiva,4.9,1,Faja/correa,273.0
OT-001390,PAR-001806,PN-EQ-05,2027-04-09,Preventiva,10.1,1,Ninguno (solo mano de obra),1605.0
OT-001114,PAR-001464,PN-EQ-05,2024-01-10,Correctiva,18.9,3,Rodamiento,7230.0
OT-001310,PAR-001715,PN-EQ-05,2026-05-20,Correctiva,16.8,3,Ninguno (solo mano de obra),5572.0
OT-002222,PAR-002932,PN-EQ-09,2024-03-22,Correctiva,4.7,3,Sensor/instrumento,6942.0
OT-000089,PAR-000117,PN-EQ-01,2025-03-21,Preventiva,3.6,2,Revestimiento (liner),2099.0
OT-000176,PAR-000232,PN-EQ-01,2026-07-08,Correctiva,2.2,2,Ninguno (solo mano de obra),433.0
OT-000751,PAR-001023,PN-EQ-04,2024-02-18,Correctiva,18.7,2,Rodamiento,6772.0
OT-001460,PAR-001894,PN-EQ-05,2027-12-12,Correctiva,0.5,1,Ninguno (solo mano de obra),5112.0
OT-000579,PAR-000776,PN-EQ-03,2024-11-17,Preventiva,7.2,2,Rodamiento,1262.0
OT-000282,PAR-000383,PN-EQ-02,2024-04-30,Preventiva,9.1,2,Faja/correa,1019.0
OT-001598,PAR-002090,PN-EQ-06,2026-02-10,Preventiva,5.3,3,Revestimiento (liner),2000.0
OT-000236,PAR-000315,PN-EQ-01,2027-08-03,Correctiva,6.4,2,Rodamiento,6112.0
OT-002079,PAR-002748,PN-EQ-08,2026-03-25,Correctiva,4.0,2,Sensor/instrumento,6243.0
OT-000452,PAR-000604,PN-EQ-02,2026-09-08,Correctiva,14.2,1,Sello mecánico,7114.0
OT-001842,PAR-002429,PN-EQ-07,2026-06-09,Preventiva,8.7,1,Faja/correa,2156.0
OT-001033,PAR-001367,PN-EQ-04,2027-02-19,Correctiva,0.7,2,Revestimiento (liner),4988.0
OT-001561,PAR-002036,PN-EQ-06,2025-06-26,Correctiva,4.2,2,Revestimiento (liner),1282.0
OT-000700,PAR-000956,PN-EQ-03,2027-04-28,Preventiva,11.3,2,Rodamiento,985.0
OT-000837,PAR-001126,PN-EQ-04,2025-02-01,Preventiva,10.1,3,Revestimiento (liner),2154.0
OT-001987,PAR-002627,PN-EQ-08,2024-12-04,Correctiva,3.7,3,Faja/correa,2285.0
OT-000194,PAR-000258,PN-EQ-01,2026-12-09,Correctiva,1.6,1,Sello mecánico,2311.0
OT-001615,PAR-002113,PN-EQ-06,2026-04-28,Preventiva,8.9,3,Rodamiento,1390.0
OT-001335,PAR-001744,PN-EQ-05,2026-09-05,Correctiva,5.6,2,Faja/correa,7423.0
OT-001324,PAR-001731,PN-EQ-05,2026-07-15,Preventiva,3.8,3,Rodamiento,44.0
OT-001967,PAR-002601,PN-EQ-08,2024-08-22,Preventiva,10.0,2,Revestimiento (liner),1943.0
OT-000419,PAR-000567,PN-EQ-02,2026-04-04,Preventiva,12.9,1,Motor eléctrico,25.0
OT-002089,PAR-002760,PN-EQ-08,2026-05-07,Preventiva,11.0,2,Rodamiento,391.0
OT-001619,PAR-002117,PN-EQ-06,2026-05-12,Preventiva,11.5,3,Ninguno (solo mano de obra),2432.0
OT-001099,PAR-001445,PN-EQ-04,2027-11-02,Correctiva,13.1,3,Revestimiento (liner),7936.0
