Fecha,Cod_Equipo,Horas_Trab,Horas_Parada,Ton_Producidas,Ton_Rechazo,Cap_Nominal_TMH,Fecha_Carga
09/07/2024,PC-EQ-01	,24.0,0.0,9029.9,97.8,416.0,2024-07-10 00:00:00
26/09/2024,PC_EQ_06,22.4,1.6,4701.6,39.1,240.0,2024-09-27 00:00:00
06/03/2024,PC-EQ-01	,24.0,0.0,8411.4,288.4,416.0,2024-03-07 00:00:00
27/11/2024,pc-eq-10,24.0,0.0,7767.7,235.7,400.0,2024-11-25 00:00:00
23/11/2024,pc-eq-06,24.0,0.0,4972.3,66.6,240.0,2024-11-24 00:00:00
17/09/2024,PC_EQ_05,24.0,0.0,5443.8,63.1,240.0,2024-09-18 00:00:00
11/02/2025,PCEQ06,24.0,0.0,5169.6,134.3,240.0,2025-02-12 00:00:00
10/04/2024,pc-eq-01,24.0,0.0,9763.7,316.9,416.0,2024-04-11 00:00:00
10/12/2024,PC-EQ-05,24.0,0.0,5401.0,105.8,240.0,2024-12-11 00:00:00
16/04/2024,pc-eq-04,24.0,0.0,7523.2,86.0,368.0,2024-04-17 00:00:00
16/05/2024, PC-EQ-08,24.0,0.0,6780.7,288.6,320.0,2024-05-17 00:00:00
06/07/2024,PC-EQ-03 ,24.0,0.0,6556.9,41.5,304.0,2024-07-07 00:00:00
23/03/2024,PC-EQ-09	,24.0,0.0,4152.7,70.1,208.0,2024-03-24 00:00:00
06/04/2024,PC-EQ-06,24.0,0.0,4965.0,81.0,240.0,2024-06-05 00:00:00
10/05/2024,pc-eq-05,24.0,0.0,5187.1,110.2,240.0,2024-05-11 00:00:00
26/05/2024,PCEQ06,24.0,0.0,4948.6,117.6,240.0,2024-05-27 00:00:00
30/08/2024,PC_EQ_07,24.0,0.0,5644.4,101.2,280.0,2024-08-31 00:00:00
01/11/2024,PC-EQ-05 ,24.0,0.0,5111.7,192.9,240.0,2024-11-02 00:00:00
14/01/2025,PCEQ06,24.0,0.0,5702.4,129.5,240.0,2025-01-15 00:00:00
16/03/2024,PC-EQ-07	,24.0,0.0,5620.5,137.3,280.0,2024-03-17 00:00:00
25/05/2024,PC_EQ_04,24.0,0.0,7969.0,166.1,368.0,2024-05-26 00:00:00
24/05/2024,PCEQ08,24.0,0.0,7121.2,94.4,320.0,2024-05-25 00:00:00
14/01/2024,PC-EQ-08,24.0,0.0,6190.7,134.9,320.0,2024-01-15 00:00:00
24/08/2024,PC-EQ-01	,24.0,0.0,8856.5,343.0,416.0,2024-08-25 00:00:00
16/04/2024,pc-eq-08,22.3,1.7,5906.4,47.8,320.0,2024-04-17 00:00:00
06/12/2024,PC-EQ-08	,23.5,0.5,6522.9,222.1,320.0,2024-12-07 00:00:00
29/02/2024,PC_EQ_09,24.0,0.0,4580.9,135.2,208.0,2024-03-01 00:00:00
17/06/2024,PC-EQ-01 ,24.0,0.0,9042.9,326.3,416.0,2024-06-18 00:00:00
03/07/2024,PC_EQ_03,24.0,,6530.9,36.7,304.0,2024-07-04 00:00:00
28/07/2024,PC_EQ_05,24.0,0.0,5003.6,181.6,240.0,2024-07-29 00:00:00
16/09/2024,PC_EQ_09,18.9,,3563.8,89.8,208.0,2024-09-17 00:00:00
27/12/2024,pc-eq-10,24.0,0.0,7504.7,120.5,400.0,2024-12-28 00:00:00
05/02/2024,PC-EQ-06 ,23.4,0.6,5141.3,98.6,240.0,2024-02-06 00:00:00
27/12/2024,PC_EQ_02,24.0,,6746.0,118.2,344.0,2024-12-28 00:00:00
24/02/2024,PC-EQ-07 ,24.0,0.0,6577.6,,280.0,2024-02-25 00:00:00
16/12/2024,PC-EQ-06 ,24.0,0.0,5317.0,27.8,240.0,2024-12-17 00:00:00
29/10/2024, PC-EQ-08,24.0,0.0,6985.0,176.7,320.0,2024-10-30 00:00:00
25/11/2024, PC-EQ-03,24.0,0.0,6511.5,132.6,304.0,2024-11-26 00:00:00
23/08/2024,PC-EQ-02	,24.0,0.0,7112.0,233.5,344.0,2024-08-24 00:00:00
03/10/2024, PC-EQ-03,24.0,0.0,6202.9,106.4,304.0,2024-03-11 00:00:00
19/02/2025,PC-EQ-06	,24.0,0.0,5039.6,92.0,240.0,2025-02-20 00:00:00
18/06/2024,PC-EQ-04 ,24.0,0.0,8477.9,156.7,368.0,2024-06-19 00:00:00
17/09/2024,pc-eq-10,24.0,0.0,8361.3,237.0,400.0,2024-09-18 00:00:00
29/03/2024,PCEQ01,17.6,,6273.0,125.7,416.0,2024-03-30 00:00:00
29/12/2024,pc-eq-08,24.0,0.0,6761.3,163.5,320.0,2024-12-30 00:00:00
16/03/2024,PC-EQ-04	,24.0,0.0,8396.9,208.0,368.0,2024-03-17 00:00:00
24/07/2024,PC_EQ_09,24.0,0.0,4202.4,27.9,208.0,2024-07-25 00:00:00
16/02/2024,PCEQ09,24.0,0.0,4701.0,121.1,208.0,2024-02-17 00:00:00
15/12/2024,PCEQ09,24.0,0.0,4882.5,129.2,208.0,2024-12-16 00:00:00
14/08/2024,PC-EQ-08	,24.0,0.0,7323.5,94.6,320.0,2024-08-15 00:00:00
21/12/2024, PC-EQ-02,24.0,0.0,7319.0,154.6,344.0,2024-12-22 00:00:00
19/11/2024,PC_EQ_10,24.0,0.0,7534.4,198.4,400.0,2024-11-19 00:00:00
24/05/2024,PC_EQ_10,21.9,2.1,7945.2,90.9,400.0,2024-05-25 00:00:00
11/08/2024,PC-EQ-05	,24.0,0.0,5118.9,53.7,240.0,2024-08-12 00:00:00
01/10/2024, PC-EQ-09,13.7,10.3,2656.8,17.0,208.0,2024-10-02 00:00:00
13/01/2024,PCEQ06,24.0,0.0,5669.2,111.3,240.0,2024-01-14 00:00:00
05/11/2024,PC-EQ-04	,24.0,0.0,7631.5,151.6,368.0,2024-11-06 00:00:00
03/08/2024, PC-EQ-06,24.0,0.0,5155.1,93.3,240.0,2024-08-04 00:00:00
21/05/2024,pc-eq-08,24.0,0.0,6386.2,82.4,320.0,2024-05-22 00:00:00
22/04/2024,PCEQ04,22.6,1.4,7277.8,211.2,368.0,2024-04-23 00:00:00
04/04/2024,PC_EQ_08,4.0,20.0,1139.3,24.0,320.0,2024-04-05 00:00:00
25/12/2024,pc-eq-06,24.0,0.0,5309.1,85.0,240.0,2024-12-26 00:00:00
06/03/2024,PCEQ06,24.0,0.0,5615.4,127.1,240.0,2024-03-07 00:00:00
04/02/2025,PC-EQ-02,24.0,0.0,7456.0,79.5,344.0,2025-02-05 00:00:00
24/06/2024,pc-eq-08,24.0,0.0,6145.8,169.5,320.0,2024-06-25 00:00:00
09/02/2025,PC-EQ-09	,24.0,0.0,4674.6,162.0,208.0,2025-02-10 00:00:00
06/05/2024, PC-EQ-03,24.0,0.0,6384.6,211.0,304.0,2024-05-07 00:00:00
28/10/2024,PCEQ07,24.0,0.0,6142.9,48.3,280.0,2024-10-29 00:00:00
16/09/2024,PC-EQ-07	,15.6,8.4,3486.0,49.5,280.0,2024-09-15 00:00:00
04/04/2024,PCEQ06,24.0,0.0,5064.3,117.5,240.0,2024-04-05 00:00:00
27/06/2024,PC-EQ-01 ,24.0,0.0,9776.0,121.9,416.0,2024-06-28 00:00:00
08/09/2024,pc-eq-06,24.0,0.0,5702.4,45.0,240.0,2024-09-09 00:00:00
02/09/2024,PC-EQ-09	,21.1,2.9,4344.9,,208.0,2024-09-03 00:00:00
27/10/2024, PC-EQ-03,24.0,0.0,6909.3,64.5,304.0,2024-10-28 00:00:00
25/05/2024,PC-EQ-05	,4.0,20.0,784.9,15.6,240.0,2024-05-26 00:00:00
28/02/2024,pc-eq-04,24.0,0.0,8331.2,241.1,368.0,2024-02-29 00:00:00
24/12/2024,PC-EQ-01 ,24.0,0.0,9568.0,237.5,416.0,2024-12-25 00:00:00
31/07/2024,PCEQ02,11.1,12.9,3780.2,46.3,344.0,2024-08-01 00:00:00
24/10/2024,PC_EQ_02,24.0,0.0,8122.3,61.3,344.0,2024-10-25 00:00:00
05/12/2024,PCEQ04,24.0,0.0,7379.2,173.4,368.0,2024-12-06 00:00:00
07/02/2025,pc-eq-09,24.0,0.0,4523.1,,208.0,2025-02-08 00:00:00
16/08/2024,PC-EQ-08	,24.0,0.0,7154.0,199.3,320.0,2024-08-17 00:00:00
08/02/2025,PC-EQ-09	,24.0,0.0,4522.7,49.7,208.0,2025-02-09 00:00:00
02/09/2024,PC_EQ_03,24.0,0.0,6661.9,161.0,304.0,2024-09-03 00:00:00
27/12/2024,PC-EQ-01	,24.0,0.0,8954.3,192.2,416.0,2024-12-28 00:00:00
26/04/2024,PC-EQ-01	,24.0,0.0,8344.0,195.8,416.0,2024-04-26 00:00:00
15/07/2024,PC-EQ-08	,24.0,0.0,6802.8,155.5,320.0,2024-07-16 00:00:00
17/02/2025,PC-EQ-04 ,24.0,0.0,8370.0,177.3,368.0,2025-02-18 00:00:00
02/09/2024,pc-eq-02,17.0,7.0,5280.2,169.9,344.0,2024-09-03 00:00:00
05/06/2024,PCEQ05,24.0,0.0,4538.9,92.8,240.0,2024-06-04 00:00:00
20/08/2024,PC-EQ-08 ,24.0,0.0,6983.7,217.9,320.0,2024-08-21 00:00:00
29/12/2024,PC_EQ_01,24.0,0.0,9536.3,125.9,416.0,2024-12-30 00:00:00
30/05/2024, PC-EQ-04,24.0,0.0,8547.7,222.4,368.0,2024-05-31 00:00:00
28/02/2024,PCEQ05,24.0,0.0,5422.3,140.0,240.0,2024-02-29 00:00:00
26/01/2024,PC-EQ-02	,24.0,0.0,7389.0,261.2,344.0,2024-01-27 00:00:00
29/09/2024,pc-eq-09,24.0,0.0,4203.5,108.7,208.0,2024-09-30 00:00:00
27/05/2024,PCEQ04,22.0,2.0,6781.0,59.1,368.0,2024-05-28 00:00:00
05/06/2024,PC-EQ-06	,24.0,0.0,5413.4,149.2,240.0,2024-06-06 00:00:00
03/01/2024,PC-EQ-06,24.0,0.0,5419.0,101.7,240.0,2024-01-04 00:00:00
23/03/2024,PC-EQ-08	,24.0,0.0,6329.0,122.7,320.0,2024-03-24 00:00:00
29/01/2024,PC-EQ-01,24.0,0.0,8400.8,84.0,416.0,2024-01-30 00:00:00
07/01/2025,PC_EQ_02,24.0,0.0,7116.8,82.4,344.0,2025-01-08 00:00:00
30/04/2024,PCEQ07,24.0,0.0,5721.7,133.0,280.0,2024-05-01 00:00:00
12/08/2024, PC-EQ-06,24.0,0.0,5497.8,150.5,240.0,2024-08-13 00:00:00
23/04/2024,PC-EQ-03 ,24.0,0.0,6576.7,157.0,304.0,2024-04-24 00:00:00
09/03/2024, PC-EQ-09,24.0,0.0,4802.0,104.5,208.0,2024-03-10 00:00:00
19/02/2024,pc-eq-01,15.2,8.8,4946.4,114.6,416.0,2024-02-20 00:00:00
08/01/2024,pc-eq-08,24.0,0.0,6609.3,91.8,320.0,2024-01-09 00:00:00
27/03/2024, PC-EQ-04,17.3,6.7,5696.8,,368.0,2024-03-28 00:00:00
22/01/2025, PC-EQ-09,24.0,0.0,4718.6,29.4,208.0,2025-01-23 00:00:00
12/12/2024,PC-EQ-02	,24.0,0.0,7640.2,61.7,344.0,2024-12-13 00:00:00
10/07/2024,PCEQ05,24.0,0.0,4858.6,63.3,240.0,2024-07-11 00:00:00
25/12/2024,PC-EQ-07,14.4,9.6,3450.4,109.2,280.0,2024-12-26 00:00:00
13/05/2024,PC-EQ-04	,24.0,0.0,7744.3,113.9,368.0,2024-05-14 00:00:00
04/10/2024,PC-EQ-01	,23.1,0.9,8402.5,262.4,416.0,2024-10-05 00:00:00
28/02/2025,PC-EQ-09,24.0,0.0,4419.9,122.1,208.0,2025-03-01 00:00:00
19/08/2024,PCEQ07,24.0,0.0,6329.5,206.8,280.0,2024-08-20 00:00:00
21/01/2024,PC-EQ-09 ,17.0,7.0,3459.0,84.7,208.0,2024-01-22 00:00:00
13/02/2025,PC-EQ-04 ,24.0,0.0,7951.1,256.3,368.0,2025-02-14 00:00:00
30/05/2024,pc-eq-06,6.9,17.1,1552.7,11.5,240.0,2024-05-31 00:00:00
10/03/2024,PC-EQ-08,24.0,0.0,6815.9,187.5,320.0,2024-03-11 00:00:00
09/10/2024,pc-eq-05,24.0,0.0,5259.3,196.9,240.0,2024-10-10 00:00:00
05/06/2024,pc-eq-09,24.0,0.0,4701.2,55.9,208.0,2024-06-06 00:00:00
21/08/2024,pc-eq-02,24.0,0.0,7677.1,134.4,344.0,2024-08-22 00:00:00
19/05/2024,PCEQ01,24.0,0.0,8361.6,277.1,416.0,2024-05-20 00:00:00
10/12/2024,pc-eq-01,24.0,0.0,9643.8,222.3,416.0,2024-12-11 00:00:00
23/07/2024,pc-eq-01,24.0,0.0,9314.0,411.5,416.0,2024-07-24 00:00:00
21/03/2024,PCEQ05,24.0,,5437.0,105.1,240.0,2024-03-22 00:00:00
02/09/2024,PC-EQ-06	,24.0,0.0,4906.1,136.8,240.0,2024-09-03 00:00:00
07/07/2024,PC-EQ-10	,15.9,8.1,5799.3,94.8,400.0,2024-07-08 00:00:00
13/04/2024, PC-EQ-02,24.0,0.0,6571.9,106.3,344.0,2024-04-14 00:00:00
27/09/2024,PCEQ06,24.0,0.0,5572.9,141.2,240.0,2024-09-28 00:00:00
30/05/2024,PC-EQ-05 ,24.0,0.0,5652.3,118.4,240.0,2024-05-31 00:00:00
16/11/2024,PC_EQ_06,24.0,0.0,5481.2,99.8,240.0,2024-11-17 00:00:00
11/01/2025, PC-EQ-01,24.0,0.0,9141.7,177.2,416.0,2025-01-12 00:00:00
14/03/2024, PC-EQ-04,24.0,0.0,8479.9,234.2,368.0,2024-03-15 00:00:00
10/06/2024,PCEQ04,24.0,0.0,8137.3,,368.0,2024-06-11 00:00:00
16/12/2024,PC-EQ-08 ,24.0,0.0,6372.7,82.6,320.0,2024-12-17 00:00:00
25/08/2024,PCEQ10,20.3,3.7,7301.0,184.5,400.0,2024-08-26 00:00:00
13/02/2025,pc-eq-07,22.5,1.5,5472.3,60.5,280.0,2025-02-14 00:00:00
17/02/2025,PC_EQ_01,21.5,2.5,8689.9,179.9,416.0,2025-02-18 00:00:00
04/10/2024,PC-EQ-04 ,24.0,0.0,7973.2,194.0,368.0,2024-10-05 00:00:00
24/02/2025, PC-EQ-05,6.0,18.0,1276.6,23.9,240.0,2025-02-25 00:00:00
20/07/2024,PC-EQ-07	,24.0,0.0,5927.4,196.4,280.0,2024-07-21 00:00:00
13/02/2024,PC-EQ-09,18.4,5.6,3146.4,62.1,208.0,2024-02-14 00:00:00
27/11/2024,pc-eq-05,24.0,0.0,5144.2,86.4,240.0,2024-11-28 00:00:00
26/05/2024,PC_EQ_08,24.0,0.0,6905.1,4.8,320.0,2024-05-27 00:00:00
23/01/2025,PC-EQ-02,7.3,,2478.7,82.1,344.0,2025-01-24 00:00:00
06/02/2025,PC-EQ-02	,24.0,0.0,7753.1,135.8,344.0,2025-02-07 00:00:00
25/01/2024,PCEQ07,24.0,0.0,5861.3,33.7,280.0,2024-01-26 00:00:00
03/01/2025,PC-EQ-08,24.0,0.0,6638.0,141.8,320.0,2025-01-04 00:00:00
17/08/2024,PC_EQ_03,24.0,,6810.4,135.9,304.0,2024-08-18 00:00:00
25/01/2025,PC-EQ-09 ,24.0,0.0,4389.4,74.2,208.0,2025-01-26 00:00:00
18/02/2025,PC_EQ_06,24.0,0.0,4528.2,52.3,240.0,2025-02-19 00:00:00
25/09/2024,pc-eq-08,24.0,0.0,6564.7,128.4,320.0,2024-09-26 00:00:00
07/11/2024,PCEQ01,24.0,0.0,8475.2,,416.0,2024-11-08 00:00:00
22/05/2024,PCEQ02,21.9,2.1,6901.5,98.6,344.0,2024-05-23 00:00:00
11/03/2024,PC_EQ_09,24.0,0.0,4201.4,80.8,208.0,2024-03-12 00:00:00
02/01/2024,PC-EQ-08,21.7,2.3,5981.4,117.0,320.0,2024-01-03 00:00:00
15/01/2024,pc-eq-10,16.3,7.7,5872.0,193.0,400.0,2024-01-16 00:00:00
26/01/2024,PC_EQ_03,24.0,0.0,6212.9,189.2,304.0,2024-01-27 00:00:00
25/06/2024,PC-EQ-07,24.0,0.0,5812.7,118.3,280.0,2024-06-26 00:00:00
18/06/2024,PC_EQ_07,24.0,0.0,5511.5,166.9,280.0,2024-06-19 00:00:00
10/01/2025,pc-eq-03,24.0,0.0,6623.4,127.4,304.0,2025-01-11 00:00:00
15/04/2024,PC-EQ-10	,24.0,0.0,8540.0,148.6,400.0,2024-04-16 00:00:00
20/06/2024,PC-EQ-05 ,24.0,0.0,5397.6,92.2,240.0,2024-06-21 00:00:00
15/01/2024,PC_EQ_06,24.0,0.0,5627.1,86.2,240.0,2024-01-16 00:00:00
08/02/2024,PC-EQ-03	,24.0,0.0,7223.0,62.1,304.0,2024-02-09 00:00:00
18/02/2025,PC_EQ_09,24.0,0.0,4612.6,45.8,208.0,2025-02-19 00:00:00
09/04/2024,PC-EQ-02	,24.0,0.0,7482.0,287.7,344.0,2024-04-10 00:00:00
07/09/2024,PCEQ02,24.0,0.0,7864.9,212.5,344.0,2024-09-08 00:00:00
24/11/2024,PC-EQ-02	,4.0,20.0,1302.1,23.4,344.0,2024-11-25 00:00:00
09/01/2024,PC_EQ_04,24.0,0.0,7702.1,147.8,368.0,2024-01-10 00:00:00
17/05/2024,PC_EQ_05,24.0,0.0,5293.5,88.2,240.0,2024-05-18 00:00:00
28/06/2024,PC-EQ-06 ,24.0,0.0,4908.9,,240.0,2024-06-29 00:00:00
12/04/2024,pc-eq-01,18.2,5.8,7166.4,155.6,416.0,2024-04-13 00:00:00
29/04/2024,PCEQ08,18.2,5.8,5363.1,63.2,320.0,2024-04-30 00:00:00
28/09/2024,PC-EQ-04 ,24.0,0.0,8541.1,205.3,368.0,2024-09-29 00:00:00
05/02/2024,PC_EQ_02,24.0,0.0,7384.8,107.7,344.0,2024-02-06 00:00:00
23/04/2024,PC-EQ-10 ,11.7,12.3,4023.9,48.4,400.0,2024-04-24 00:00:00
30/07/2024,PC-EQ-02,24.0,0.0,7184.7,183.4,344.0,2024-07-31 00:00:00
21/11/2024, PC-EQ-10,24.0,0.0,8345.1,173.0,400.0,2024-11-22 00:00:00
12/01/2024,PC-EQ-03 ,24.0,0.0,6819.7,173.3,304.0,2024-01-13 00:00:00
08/04/2024,pc-eq-04,9.9,14.1,3034.6,71.2,368.0,2024-04-09 00:00:00
05/07/2024,PC_EQ_01,16.1,7.9,5907.6,127.6,416.0,2024-07-06 00:00:00
05/12/2024, PC-EQ-01,24.0,0.0,9031.7,186.2,416.0,2024-12-06 00:00:00
13/11/2024,PC-EQ-03,24.0,0.0,7012.4,,304.0,2024-11-14 00:00:00
21/11/2024,PC-EQ-07 ,24.0,0.0,5731.6,95.1,280.0,2024-11-22 00:00:00
21/02/2025,PCEQ04,0.0,,0.0,0.0,368.0,2025-02-22 00:00:00
28/06/2024,PC-EQ-01	,23.1,,8624.6,100.1,416.0,2024-06-29 00:00:00
23/05/2024,PC-EQ-02 ,24.0,0.0,7071.0,125.0,344.0,2024-05-24 00:00:00
21/12/2024,pc-eq-08,24.0,0.0,5754.6,,320.0,2024-12-22 00:00:00
14/06/2024, PC-EQ-06,24.0,0.0,4948.9,38.3,240.0,2024-06-15 00:00:00
14/02/2024,PCEQ04,24.0,0.0,7340.0,157.8,368.0,2024-02-15 00:00:00
07/02/2025, PC-EQ-05,21.1,2.9,4259.1,43.1,240.0,2025-02-08 00:00:00
24/01/2024,pc-eq-05,24.0,0.0,5181.8,153.6,240.0,2024-01-25 00:00:00
22/04/2024,PC_EQ_01,24.0,0.0,9011.7,188.4,416.0,2024-04-23 00:00:00
25/03/2024,PCEQ03,24.0,0.0,6626.1,200.1,304.0,2024-03-26 00:00:00
17/01/2025,PCEQ02,23.3,0.7,7209.1,130.1,344.0,2025-01-18 00:00:00
14/02/2024,PCEQ10,24.0,,8616.5,168.3,400.0,2024-02-15 00:00:00
11/08/2024,PC_EQ_10,24.0,0.0,8196.8,226.1,400.0,2024-08-12 00:00:00
05/05/2024,PCEQ03,24.0,0.0,6986.0,108.0,304.0,2024-05-06 00:00:00
28/05/2024,PC-EQ-05,21.3,2.7,4623.3,100.8,240.0,2024-05-29 00:00:00
19/09/2024,PCEQ08,18.6,5.4,5269.2,135.7,320.0,2024-09-20 00:00:00
28/07/2024,PC-EQ-02,24.0,0.0,7556.8,83.2,344.0,2024-07-29 00:00:00
08/01/2025,PC-EQ-05 ,24.0,0.0,4854.9,99.9,240.0,2025-01-09 00:00:00
17/10/2024,PCEQ06,19.9,4.1,3846.9,50.8,240.0,2024-10-18 00:00:00
11/03/2024,PC_EQ_07,24.0,0.0,6202.7,125.1,280.0,2024-03-12 00:00:00
19/01/2025,PC-EQ-06	,24.0,0.0,5194.1,61.1,240.0,2025-01-20 00:00:00
28/01/2024,PC_EQ_03,24.0,0.0,6280.7,151.1,304.0,2024-01-29 00:00:00
12/10/2024,PC_EQ_03,24.0,0.0,6105.1,100.1,304.0,2024-10-13 00:00:00
05/02/2025,PC-EQ-01 ,24.0,0.0,9011.2,249.6,416.0,2025-02-06 00:00:00
23/12/2024,PC-EQ-07 ,22.2,1.8,5648.7,140.8,280.0,2024-12-24 00:00:00
27/08/2024,pc-eq-09,24.0,0.0,4583.4,52.0,208.0,2024-08-28 00:00:00
07/12/2024,PC-EQ-02	,24.0,0.0,7490.4,76.9,344.0,2024-12-08 00:00:00
18/10/2024,pc-eq-03,24.0,0.0,6245.1,51.5,304.0,2024-10-19 00:00:00
11/01/2025,PC_EQ_02,16.6,7.4,5296.0,81.0,344.0,2025-01-12 00:00:00
05/11/2024,pc-eq-06,24.0,0.0,4519.9,163.0,240.0,2024-11-05 00:00:00
01/12/2024,pc-eq-08,24.0,0.0,6468.6,30.4,320.0,2024-12-02 00:00:00
08/09/2024, PC-EQ-09,24.0,,4215.8,125.3,208.0,2024-09-09 00:00:00
11/09/2024,PC-EQ-01,24.0,0.0,8870.9,115.2,416.0,2024-09-12 00:00:00
18/06/2024,PC-EQ-04 ,24.0,0.0,7357.3,156.7,368.0,2024-06-18 00:00:00
04/05/2024,PC-EQ-02,24.0,0.0,7173.5,141.3,344.0,2024-05-05 00:00:00
08/07/2024,pc-eq-06,24.0,0.0,5133.4,95.4,240.0,2024-07-09 00:00:00
24/04/2024,PC-EQ-03	,24.0,0.0,6517.0,176.2,304.0,2024-04-25 00:00:00
14/05/2024,PC-EQ-07,18.2,5.8,4717.7,91.4,280.0,2024-05-15 00:00:00
15/06/2024, PC-EQ-01,24.0,0.0,8620.1,222.0,416.0,2024-06-16 00:00:00
24/01/2024,pc-eq-07,24.0,0.0,5816.7,89.8,280.0,2024-01-25 00:00:00
04/04/2024,PC-EQ-05,24.0,0.0,5702.4,110.4,240.0,2024-04-05 00:00:00
05/08/2024,PC_EQ_06,24.0,0.0,5162.4,97.2,240.0,2024-08-06 00:00:00
27/09/2024,PC_EQ_01,21.8,2.2,8599.2,165.5,416.0,2024-09-28 00:00:00
14/09/2024,pc-eq-02,24.0,0.0,8046.6,0.0,344.0,2024-09-15 00:00:00
07/11/2024,PC-EQ-10 ,21.5,2.5,8456.7,212.9,400.0,2024-11-08 00:00:00
20/01/2024,PC-EQ-09 ,24.0,0.0,4295.7,7.5,208.0,2024-01-21 00:00:00
12/07/2024,PC_EQ_08,10.0,14.0,2949.7,59.2,320.0,2024-07-13 00:00:00
01/12/2024,PCEQ01,24.0,0.0,8719.9,138.2,416.0,2024-12-02 00:00:00
18/06/2024,PC-EQ-01	,23.4,0.6,8353.2,192.9,416.0,2024-06-19 00:00:00
21/01/2024,PC-EQ-05,24.0,0.0,5304.8,105.7,240.0,2024-01-22 00:00:00
14/07/2024,PC-EQ-01 ,24.0,0.0,9731.4,241.1,416.0,2024-07-15 00:00:00
11/02/2025,PCEQ09,24.0,0.0,4407.7,35.4,208.0,2025-02-12 00:00:00
01/01/2025, PC-EQ-06,24.0,0.0,5223.9,95.6,240.0,2025-01-02 00:00:00
18/01/2025, PC-EQ-09,24.0,0.0,4663.2,148.8,208.0,2025-01-19 00:00:00
13/09/2024,PCEQ03,24.0,0.0,7223.0,144.2,304.0,2024-09-14 00:00:00
11/06/2024,PCEQ07,20.9,3.1,4956.6,88.3,280.0,2024-06-11 00:00:00
08/02/2024,PC-EQ-10 ,24.0,0.0,7683.3,,400.0,2024-02-09 00:00:00
22/04/2024,PC_EQ_05,4.0,20.0,861.0,26.4,240.0,2024-04-23 00:00:00
23/12/2024, PC-EQ-04,23.5,0.5,6997.0,147.2,368.0,2024-12-24 00:00:00
19/05/2024,PCEQ03,24.0,0.0,6070.1,52.1,304.0,2024-05-20 00:00:00
01/02/2025, PC-EQ-09,24.0,0.0,4161.0,,208.0,2025-02-02 00:00:00
09/11/2024,PCEQ07,24.0,0.0,6398.6,121.5,280.0,2024-11-10 00:00:00
22/01/2024,PC-EQ-05	,24.0,0.0,5095.6,11.2,240.0,2024-01-23 00:00:00
03/10/2024,PC_EQ_03,24.0,0.0,6044.7,55.7,304.0,2024-10-04 00:00:00
24/11/2024,PC-EQ-08,24.0,0.0,6998.6,174.5,320.0,2024-11-25 00:00:00
20/04/2024,PCEQ08,24.0,0.0,6520.9,72.9,320.0,2024-04-21 00:00:00
26/08/2024,PC-EQ-05	,24.0,0.0,5124.3,6.0,240.0,2024-08-27 00:00:00
30/03/2024,PC-EQ-06 ,24.0,0.0,5615.8,172.0,240.0,2024-03-31 00:00:00
15/05/2024,PC_EQ_03,24.0,0.0,6790.3,,304.0,2024-05-16 00:00:00
04/08/2024,PC-EQ-01 ,24.0,0.0,9042.5,119.0,416.0,2024-08-05 00:00:00
15/02/2025,PC-EQ-07 ,24.0,0.0,5587.6,125.2,280.0,2025-02-16 00:00:00
20/01/2024, PC-EQ-10,24.0,0.0,8830.7,166.4,400.0,2024-01-21 00:00:00
16/02/2025,PC-EQ-04	,24.0,,7575.9,119.0,368.0,2025-02-17 00:00:00
11/11/2024,PC-EQ-01,24.0,0.0,9631.9,134.3,416.0,2024-11-12 00:00:00
10/07/2024,pc-eq-02,15.1,8.9,4588.6,,344.0,2024-07-11 00:00:00
15/08/2024, PC-EQ-07,24.0,0.0,5922.1,104.5,280.0,2024-08-16 00:00:00
05/01/2024,PC-EQ-05 ,24.0,0.0,4931.3,8.3,240.0,2024-01-06 00:00:00
11/05/2024,PC-EQ-05 ,24.0,0.0,5617.9,155.7,240.0,2024-05-12 00:00:00
18/04/2024,PCEQ06,24.0,0.0,5294.4,132.1,240.0,2024-04-19 00:00:00
19/01/2025, PC-EQ-01,24.0,0.0,9101.8,233.2,416.0,2025-01-20 00:00:00
20/12/2024, PC-EQ-03,15.2,8.8,4137.2,22.8,304.0,2024-12-21 00:00:00
26/07/2024,PC-EQ-05 ,24.0,,5221.9,49.5,240.0,2024-07-27 00:00:00
08/06/2024,PC-EQ-06 ,24.0,0.0,5412.5,59.9,240.0,2024-06-09 00:00:00
05/02/2024,PC-EQ-09	,24.0,0.0,4485.0,121.2,208.0,2024-02-06 00:00:00
18/04/2024,PCEQ05,24.0,0.0,5174.1,85.9,240.0,2024-04-19 00:00:00
26/03/2024,PCEQ04,24.0,0.0,7568.6,211.0,368.0,2024-03-27 00:00:00
19/02/2024,PC-EQ-07	,24.0,0.0,6345.6,151.6,280.0,2024-02-20 00:00:00
09/02/2024,pc-eq-02,24.0,0.0,7916.0,121.6,344.0,2024-02-10 00:00:00
22/08/2024,pc-eq-01,24.0,0.0,8597.9,262.8,416.0,2024-08-23 00:00:00
12/03/2024,PC_EQ_03,24.0,0.0,6413.1,204.8,304.0,2024-03-13 00:00:00
22/07/2024,PC_EQ_07,24.0,0.0,5845.0,,280.0,2024-07-23 00:00:00
11/09/2024,pc-eq-04,24.0,,7989.9,171.4,368.0,2024-09-12 00:00:00
17/02/2024,PC_EQ_09,13.6,10.4,2547.7,86.9,208.0,2024-02-18 00:00:00
26/05/2024,pc-eq-09,23.3,0.7,4156.5,70.8,208.0,2024-05-27 00:00:00
26/02/2024,PC_EQ_09,24.0,0.0,4432.2,98.5,208.0,2024-02-27 00:00:00
22/06/2024,PC-EQ-09 ,24.0,0.0,4714.6,55.6,208.0,2024-06-23 00:00:00
10/10/2024,PC-EQ-02	,24.0,0.0,7664.6,181.1,344.0,2024-10-11 00:00:00
30/04/2024,PC-EQ-09 ,24.0,0.0,4581.4,131.5,208.0,2024-05-01 00:00:00
16/11/2024,PC-EQ-09	,17.1,6.9,3174.0,56.0,208.0,2024-11-17 00:00:00
18/11/2024,PC-EQ-06	,14.1,9.9,3203.4,24.6,240.0,2024-11-19 00:00:00
23/04/2024,PC-EQ-06	,22.6,1.4,4763.0,,240.0,2024-04-24 00:00:00
03/09/2024,PC-EQ-02,24.0,0.0,7499.2,320.4,344.0,2024-09-04 00:00:00
22/01/2025,PC-EQ-01	,24.0,0.0,9106.5,175.9,416.0,2025-01-23 00:00:00
27/09/2024,PCEQ08,24.0,0.0,6902.7,218.4,320.0,2024-09-28 00:00:00
15/09/2024,PC_EQ_07,24.0,0.0,6652.8,77.8,280.0,2024-09-16 00:00:00
21/02/2025,PC-EQ-05 ,24.0,0.0,5118.2,88.9,240.0,2025-02-22 00:00:00
23/08/2024,pc-eq-06,24.0,0.0,5382.9,148.3,240.0,2024-08-24 00:00:00
12/01/2024,PC-EQ-01	,24.0,0.0,8801.9,208.2,416.0,2024-01-13 00:00:00
28/06/2024,PC-EQ-03	,24.0,0.0,6734.3,153.1,304.0,2024-06-29 00:00:00
26/04/2024,PC_EQ_08,24.0,0.0,7324.6,207.3,320.0,2024-04-27 00:00:00
17/05/2024,pc-eq-06,15.7,8.3,3081.0,,240.0,2024-05-18 00:00:00
01/01/2024,PC_EQ_09,24.0,0.0,4848.4,60.9,208.0,2024-01-02 00:00:00
07/12/2024,PCEQ06,13.9,10.1,2840.7,64.7,240.0,2024-12-08 00:00:00
18/01/2025,PC-EQ-02	,24.0,0.0,6634.8,168.4,344.0,2025-01-19 00:00:00
21/11/2024,PC-EQ-06,24.0,0.0,5420.4,120.9,240.0,2024-11-22 00:00:00
08/05/2024,PC_EQ_10,24.0,0.0,9195.1,105.2,400.0,2024-05-09 00:00:00
17/08/2024,PC-EQ-08 ,24.0,,7117.7,69.2,320.0,2024-08-18 00:00:00
06/12/2024,PC-EQ-02 ,24.0,0.0,7813.5,118.2,344.0,2024-12-07 00:00:00
02/04/2024,PCEQ05,24.0,0.0,5224.8,161.9,240.0,2024-04-03 00:00:00
29/04/2024,PC-EQ-05	,24.0,0.0,4710.0,87.8,240.0,2024-04-30 00:00:00
14/02/2025,pc-eq-03,24.0,0.0,6508.0,135.1,304.0,2025-02-15 00:00:00
09/03/2024,PC_EQ_01,24.0,0.0,8613.8,214.9,416.0,2024-03-10 00:00:00
07/05/2024,PC-EQ-08 ,24.0,0.0,6312.5,260.3,320.0,2024-05-08 00:00:00
08/01/2024,PC-EQ-02	,15.5,8.5,4944.6,148.4,344.0,2024-01-09 00:00:00
29/03/2024,PC-EQ-03	,24.0,0.0,6459.1,122.6,304.0,2024-03-30 00:00:00
04/08/2024,PC-EQ-09	,24.0,0.0,4657.8,15.4,208.0,2024-08-05 00:00:00
13/07/2024,PC-EQ-06 ,10.2,13.8,2172.8,33.9,240.0,2024-07-14 00:00:00
25/01/2024,PC_EQ_04,24.0,0.0,7780.1,250.7,368.0,2024-01-26 00:00:00
04/01/2025,PCEQ07,24.0,0.0,6245.1,81.3,280.0,2025-01-05 00:00:00
12/07/2024,PC_EQ_01,24.0,0.0,8849.5,249.9,416.0,2024-07-13 00:00:00
06/01/2025,PC_EQ_07,24.0,0.0,5802.3,126.3,280.0,2025-01-07 00:00:00
02/04/2024,PC_EQ_08,24.0,,7106.8,100.8,320.0,2024-04-03 00:00:00
26/02/2024,PC-EQ-03	,24.0,0.0,6919.5,145.0,304.0,2024-02-27 00:00:00
06/06/2024,PC-EQ-10	,24.0,0.0,8844.9,67.4,400.0,2024-06-07 00:00:00
20/03/2024,PC-EQ-08	,24.0,0.0,7531.5,173.9,320.0,2024-03-21 00:00:00
31/10/2024,PC_EQ_02,24.0,0.0,7647.9,117.7,344.0,2024-11-01 00:00:00
07/11/2024,PC-EQ-08,22.8,1.2,5988.6,50.4,320.0,2024-11-08 00:00:00
18/02/2024, PC-EQ-07,24.0,0.0,5467.4,108.6,280.0,2024-02-19 00:00:00
10/04/2024,PC-EQ-07 ,24.0,0.0,6226.0,105.2,280.0,2024-04-11 00:00:00
04/02/2025,PC-EQ-04,24.0,0.0,8062.5,104.6,368.0,2025-02-05 00:00:00
15/08/2024, PC-EQ-07,24.0,0.0,5089.3,104.5,280.0,2024-08-14 00:00:00
15/11/2024,pc-eq-05,23.3,0.7,5263.8,104.2,240.0,2024-11-16 00:00:00
15/02/2024,PC-EQ-06	,24.0,0.0,5470.7,189.7,240.0,2024-02-16 00:00:00
04/10/2024,PC-EQ-02	,12.2,11.8,3991.5,84.0,344.0,2024-10-05 00:00:00
24/09/2024,PC-EQ-01	,24.0,0.0,8934.6,40.3,416.0,2024-09-25 00:00:00
29/03/2024, PC-EQ-06,24.0,0.0,5461.8,77.1,240.0,2024-03-30 00:00:00
11/01/2024,PCEQ07,24.0,0.0,5548.3,68.8,280.0,2024-01-12 00:00:00
17/03/2024,PC-EQ-09	,24.0,0.0,4715.3,183.0,208.0,2024-03-18 00:00:00
03/10/2024,PC-EQ-10 ,24.0,0.0,8487.2,115.9,400.0,2024-10-04 00:00:00
16/07/2024,PC-EQ-01,24.0,0.0,9167.9,176.1,416.0,2024-07-17 00:00:00
06/09/2024, PC-EQ-04,24.0,0.0,7370.8,150.4,368.0,2024-09-07 00:00:00
16/10/2024, PC-EQ-10,24.0,0.0,8614.7,80.8,400.0,2024-10-17 00:00:00
12/03/2024,PCEQ09,24.0,,4819.2,119.4,208.0,2024-03-13 00:00:00
12/02/2025,pc-eq-05,24.0,0.0,5239.8,65.2,240.0,2025-02-13 00:00:00
28/03/2024,PC-EQ-01	,24.0,0.0,8309.0,173.4,416.0,2024-03-29 00:00:00
04/07/2024,PC-EQ-01,24.0,0.0,8588.1,81.2,416.0,2024-07-05 00:00:00
09/02/2024, PC-EQ-07,24.0,0.0,5833.7,161.9,280.0,2024-02-10 00:00:00
02/12/2024,pc-eq-05,16.4,7.6,3598.9,99.5,240.0,2024-12-03 00:00:00
19/08/2024,PCEQ06,24.0,0.0,4859.6,137.3,240.0,2024-08-20 00:00:00
15/09/2024,PC-EQ-02,24.0,0.0,7339.8,171.1,344.0,2024-09-16 00:00:00
25/01/2024,PC_EQ_08,24.0,0.0,7154.4,62.3,320.0,2024-01-26 00:00:00
04/01/2024,PC-EQ-05 ,24.0,0.0,5171.1,128.7,240.0,2024-01-05 00:00:00
10/02/2025,PC-EQ-05 ,24.0,0.0,5309.5,33.8,240.0,2025-02-11 00:00:00
16/01/2024,PC-EQ-08,24.0,0.0,7058.9,102.7,320.0,2024-01-17 00:00:00
19/05/2024,PC_EQ_07,19.0,,5234.5,100.7,280.0,2024-05-20 00:00:00
11/05/2024,pc-eq-03,23.0,1.0,6368.9,81.7,304.0,2024-05-12 00:00:00
01/10/2024,PC-EQ-05	,24.0,0.0,5015.2,78.6,240.0,2024-10-02 00:00:00
12/02/2024, PC-EQ-03,22.6,1.4,6280.0,133.0,304.0,2024-02-13 00:00:00
03/03/2024,pc-eq-10,14.2,9.8,4598.7,59.2,400.0,2024-03-04 00:00:00
25/09/2024,PC-EQ-07 ,24.0,0.0,6487.8,169.9,280.0,2024-09-26 00:00:00
09/11/2024,PCEQ03,24.0,0.0,7038.3,69.3,304.0,2024-11-10 00:00:00
07/03/2024,PC_EQ_01,18.2,5.8,6748.8,95.8,416.0,2024-03-08 00:00:00
26/07/2024,PC_EQ_03,24.0,0.0,5953.8,179.3,304.0,2024-07-27 00:00:00
13/05/2024,pc-eq-02,21.1,2.9,6667.4,122.4,344.0,2024-05-14 00:00:00
09/07/2024,PC-EQ-03,16.7,7.3,4749.1,120.4,304.0,2024-07-10 00:00:00
13/12/2024, PC-EQ-01,18.3,5.7,6970.4,162.0,416.0,2024-12-14 00:00:00
08/03/2024,PC_EQ_05,24.0,0.0,4585.9,84.6,240.0,2024-03-09 00:00:00
26/02/2024,PC-EQ-05 ,24.0,0.0,5257.6,106.4,240.0,2024-02-27 00:00:00
04/01/2024,pc-eq-04,24.0,0.0,7395.4,143.6,368.0,2024-01-05 00:00:00
03/08/2024,PC-EQ-02,24.0,0.0,7618.2,161.1,344.0,2024-08-04 00:00:00
09/02/2025,PC-EQ-06 ,24.0,0.0,4646.1,81.1,240.0,2025-02-10 00:00:00
10/09/2024,PC-EQ-01 ,24.0,0.0,9054.0,159.9,416.0,2024-09-11 00:00:00
29/07/2024,PC-EQ-02	,24.0,0.0,7269.3,105.5,344.0,2024-07-30 00:00:00
02/09/2024,PC-EQ-10,24.0,0.0,8908.3,160.1,400.0,2024-09-03 00:00:00
02/07/2024,PC-EQ-04,24.0,0.0,7672.9,183.7,368.0,2024-07-03 00:00:00
01/09/2024,PC-EQ-02,24.0,0.0,7342.3,129.0,344.0,2024-09-02 00:00:00
14/12/2024,PC_EQ_10,24.0,0.0,9016.1,41.7,400.0,2024-12-15 00:00:00
24/07/2024, PC-EQ-08,24.0,0.0,7064.2,132.2,320.0,2024-07-25 00:00:00
07/12/2024,PC-EQ-09,24.0,0.0,4479.3,89.4,208.0,2024-12-08 00:00:00
30/07/2024,pc-eq-08,24.0,0.0,7174.0,297.5,320.0,2024-07-31 00:00:00
16/12/2024,PC-EQ-10	,24.0,0.0,8618.5,140.0,400.0,2024-12-17 00:00:00
23/02/2024,PC-EQ-02 ,24.0,0.0,7251.9,114.0,344.0,2024-02-24 00:00:00
29/07/2024,PC-EQ-03,24.0,0.0,6187.4,178.8,304.0,2024-07-30 00:00:00
21/11/2024,PC-EQ-01 ,24.0,0.0,7400.3,159.9,416.0,2024-11-20 00:00:00
15/02/2024,PC_EQ_01,24.0,0.0,8273.2,150.3,416.0,2024-02-16 00:00:00
13/04/2024,PC_EQ_05,24.0,0.0,4700.9,88.6,240.0,2024-04-14 00:00:00
30/11/2024,PC-EQ-10	,24.0,0.0,8609.5,245.8,400.0,2024-12-01 00:00:00
04/01/2024,pc-eq-08,16.9,7.1,4398.3,70.8,320.0,2024-01-05 00:00:00
01/01/2025,PCEQ04,24.0,0.0,7702.5,156.6,368.0,2025-01-02 00:00:00
20/09/2024,PC_EQ_07,24.0,0.0,6022.5,49.8,280.0,2024-09-21 00:00:00
08/02/2024,PC-EQ-07	,24.0,0.0,6056.5,87.7,280.0,2024-02-09 00:00:00
04/04/2024,PC-EQ-03,24.0,0.0,6390.7,123.5,304.0,2024-04-05 00:00:00
22/11/2024,PC-EQ-01,24.0,0.0,8047.9,134.2,416.0,2024-11-20 00:00:00
13/06/2024,PC-EQ-05	,13.9,10.1,3255.6,73.4,240.0,2024-06-14 00:00:00
30/10/2024,PCEQ01,24.0,0.0,8878.3,122.6,416.0,2024-10-31 00:00:00
31/05/2024,PC_EQ_03,24.0,0.0,6448.1,164.3,304.0,2024-06-01 00:00:00
20/05/2024,pc-eq-08,24.0,,6484.3,125.5,320.0,2024-05-21 00:00:00
09/02/2024,PCEQ06,24.0,0.0,5084.1,24.9,240.0,2024-02-10 00:00:00
18/11/2024,pc-eq-03,19.2,4.8,5585.4,91.7,304.0,2024-11-19 00:00:00
10/09/2024,PC-EQ-04	,24.0,0.0,8149.7,141.9,368.0,2024-09-11 00:00:00
23/11/2024,PC-EQ-04	,24.0,0.0,8189.3,172.7,368.0,2024-11-24 00:00:00
02/07/2024,PC-EQ-07,24.0,0.0,6105.9,197.0,280.0,2024-07-03 00:00:00
26/10/2024,PCEQ09,24.0,0.0,4131.0,44.6,208.0,2024-10-27 00:00:00
31/03/2024,PC-EQ-10,17.7,6.3,5939.5,54.3,400.0,2024-04-01 00:00:00
07/05/2024,PC-EQ-03 ,22.1,1.9,6165.6,,304.0,2024-05-08 00:00:00
17/01/2025,PC-EQ-05	,24.0,0.0,4935.3,95.6,240.0,2025-01-18 00:00:00
06/01/2024,PC_EQ_03,24.0,0.0,6323.5,167.3,304.0,2024-01-07 00:00:00
08/10/2024,PCEQ02,24.0,0.0,7613.9,0.0,344.0,2024-10-09 00:00:00
30/09/2024,PC-EQ-08	,24.0,0.0,6819.7,142.3,320.0,2024-10-01 00:00:00
30/06/2024,PC_EQ_04,24.0,0.0,7544.5,141.7,368.0,2024-07-01 00:00:00
18/05/2024,PC-EQ-09 ,24.0,0.0,4659.9,96.3,208.0,2024-05-19 00:00:00
14/11/2024,PCEQ09,24.0,0.0,4552.3,43.7,2080.0,2024-11-15 00:00:00
24/07/2024,PC-EQ-04	,24.0,0.0,7966.6,75.9,368.0,2024-07-25 00:00:00
20/03/2024,PC-EQ-03,23.2,0.8,6143.6,162.3,304.0,2024-03-21 00:00:00
18/02/2024,PC-EQ-06,24.0,0.0,5004.1,63.7,240.0,2024-02-19 00:00:00
20/03/2024,PCEQ06,24.0,0.0,4508.3,93.9,240.0,2024-03-21 00:00:00
22/12/2024, PC-EQ-03,24.0,0.0,7017.2,127.0,304.0,2024-12-23 00:00:00
05/08/2024,PC-EQ-05,24.0,0.0,4706.1,79.0,240.0,2024-08-06 00:00:00
16/06/2024,pc-eq-03,24.0,0.0,6515.6,79.8,304.0,2024-06-17 00:00:00
22/02/2025,PCEQ04,24.0,0.0,8048.8,259.7,368.0,2025-02-23 00:00:00
03/05/2024,PC-EQ-05	,24.0,,5415.6,92.3,240.0,2024-05-04 00:00:00
26/11/2024,pc-eq-02,24.0,0.0,7278.4,273.8,344.0,2024-11-27 00:00:00
08/12/2024,PC-EQ-09,21.5,2.5,4232.2,,208.0,2024-12-09 00:00:00
10/10/2024,PC_EQ_09,24.0,0.0,4512.1,67.1,208.0,2024-10-11 00:00:00
25/02/2025,PCEQ03,24.0,0.0,7164.0,205.3,304.0,2025-02-26 00:00:00
05/05/2024,PC-EQ-06 ,24.0,0.0,4957.8,111.8,240.0,2024-05-06 00:00:00
16/08/2024, PC-EQ-04,24.0,0.0,8383.8,167.4,368.0,2024-08-17 00:00:00
29/01/2025,PC_EQ_08,24.0,0.0,6914.4,28.1,320.0,2025-01-30 00:00:00
06/10/2024,PC-EQ-08 ,24.0,0.0,7592.1,106.9,320.0,2024-10-07 00:00:00
16/02/2024,PC_EQ_06,24.0,0.0,5234.4,65.8,240.0,2024-02-17 00:00:00
26/07/2024,PC_EQ_02,16.2,7.8,4816.0,102.7,344.0,2024-07-27 00:00:00
10/03/2024, PC-EQ-07,20.9,3.1,5339.1,84.4,280.0,2024-03-11 00:00:00
01/09/2024,PC-EQ-10,24.0,0.0,7770.2,125.4,400.0,2024-09-02 00:00:00
23/08/2024,PC-EQ-08 ,24.0,0.0,7325.3,101.5,320.0,2024-08-24 00:00:00
16/10/2024,PCEQ09,23.2,0.8,4509.7,107.6,208.0,2024-10-17 00:00:00
05/05/2024,PCEQ07,24.0,0.0,6088.1,62.9,280.0,2024-05-06 00:00:00
04/12/2024,pc-eq-03,24.0,0.0,6348.0,70.3,304.0,2024-12-05 00:00:00
19/10/2024, PC-EQ-08,24.0,0.0,6035.6,74.3,320.0,2024-10-20 00:00:00
29/04/2024,PC-EQ-01 ,24.0,0.0,8270.1,127.9,416.0,2024-04-30 00:00:00
15/03/2024,PC-EQ-02 ,24.0,0.0,7353.1,234.7,344.0,2024-03-16 00:00:00
17/03/2024,PC-EQ-04,24.0,0.0,7816.2,89.3,368.0,2024-03-18 00:00:00
05/10/2024,PC-EQ-10 ,24.0,,8675.3,134.7,400.0,2024-10-06 00:00:00
17/02/2024,PC_EQ_05,24.0,0.0,5392.6,105.7,240.0,2024-02-18 00:00:00
18/03/2024,PC_EQ_04,24.0,0.0,7438.9,268.9,368.0,2024-03-19 00:00:00
10/01/2025,PC-EQ-07 ,24.0,0.0,5776.1,156.1,280.0,2025-01-11 00:00:00
25/06/2024,PC-EQ-09 ,24.0,0.0,4467.5,90.5,208.0,2024-06-26 00:00:00
16/09/2024,PC-EQ-08	,24.0,0.0,6643.5,193.8,320.0,2024-09-17 00:00:00
22/10/2024,pc-eq-02,24.0,0.0,7545.6,143.0,344.0,2024-10-23 00:00:00
12/01/2025,PCEQ03,24.0,0.0,6774.1,143.0,304.0,2025-01-13 00:00:00
21/05/2024,PC_EQ_10,24.0,0.0,7210.3,194.9,400.0,2024-05-19 00:00:00
24/12/2024,PC_EQ_10,24.0,0.0,8312.1,182.8,400.0,2024-12-25 00:00:00
21/12/2024,PC-EQ-10,24.0,0.0,9273.4,246.2,400.0,2024-12-22 00:00:00
20/09/2024,PC-EQ-02 ,24.0,0.0,7281.5,26.1,344.0,2024-09-21 00:00:00
27/07/2024,pc-eq-04,4.0,20.0,1231.9,39.9,368.0,2024-07-28 00:00:00
23/09/2024,PCEQ03,24.0,0.0,6406.4,171.0,304.0,2024-09-24 00:00:00
19/07/2024,PC-EQ-08,24.0,0.0,6933.3,205.8,320.0,2024-07-20 00:00:00
25/09/2024,PC-EQ-06	,24.0,0.0,5372.1,101.8,240.0,2024-09-26 00:00:00
12/08/2024,PC-EQ-05 ,24.0,0.0,4971.5,77.1,240.0,2024-08-13 00:00:00
26/09/2024, PC-EQ-01,24.0,0.0,9272.9,197.7,416.0,2024-09-27 00:00:00
22/02/2025,PCEQ05,24.0,0.0,5106.1,119.3,240.0,2025-02-23 00:00:00
16/03/2024,PC-EQ-02 ,24.0,0.0,6954.4,190.2,344.0,2024-03-17 00:00:00
05/08/2024,PC-EQ-07 ,24.0,0.0,6173.8,85.0,280.0,2024-08-06 00:00:00
10/02/2024,PC_EQ_07,24.0,0.0,6096.2,92.3,280.0,2024-02-11 00:00:00
01/09/2024,PCEQ08,24.0,0.0,7578.2,40.5,320.0,2024-09-02 00:00:00
02/01/2024, PC-EQ-05,24.0,0.0,5126.6,145.2,240.0,2024-01-03 00:00:00
16/06/2024, PC-EQ-10,24.0,0.0,8345.9,58.5,400.0,2024-06-17 00:00:00
05/01/2024,PC_EQ_09,24.0,0.0,4554.6,115.5,208.0,2024-01-06 00:00:00
22/02/2024,PC-EQ-09,24.0,0.0,4660.8,,208.0,2024-02-23 00:00:00
15/03/2024,pc-eq-04,18.3,5.7,5763.9,94.5,368.0,2024-03-16 00:00:00
31/03/2024,PC-EQ-02 ,24.0,0.0,7566.2,133.0,344.0,2024-04-01 00:00:00
12/07/2024, PC-EQ-04,21.5,2.5,7696.0,90.5,368.0,2024-07-13 00:00:00
21/02/2025,PC_EQ_09,24.0,0.0,4374.5,0.0,208.0,2025-02-22 00:00:00
21/07/2024,PC_EQ_06,24.0,0.0,4933.9,151.6,240.0,2024-07-22 00:00:00
20/10/2024,PC-EQ-06 ,22.2,1.8,5148.5,96.8,240.0,2024-10-21 00:00:00
17/06/2024,PC-EQ-04 ,21.0,3.0,6873.6,150.1,368.0,2024-06-18 00:00:00
11/01/2024,PC-EQ-03 ,21.8,2.2,6351.3,150.1,304.0,2024-01-12 00:00:00
01/11/2024,pc-eq-04,24.0,0.0,7549.1,96.6,368.0,2024-11-02 00:00:00
13/05/2024,PC_EQ_03,17.2,6.8,4320.3,108.0,304.0,2024-05-14 00:00:00
20/04/2024,PC_EQ_04,24.0,0.0,8663.2,252.0,368.0,2024-04-21 00:00:00
14/02/2024,PC-EQ-01	,24.0,0.0,8893.8,184.2,416.0,2024-02-15 00:00:00
12/11/2024,PC-EQ-03,24.0,0.0,6981.7,164.3,304.0,2024-11-13 00:00:00
15/02/2024, PC-EQ-07,24.0,0.0,6091.5,89.1,280.0,2024-02-16 00:00:00
02/03/2024,PC-EQ-10,24.0,0.0,8432.0,242.9,400.0,2024-03-03 00:00:00
30/12/2024,pc-eq-09,24.0,0.0,4633.7,151.6,208.0,2024-12-31 00:00:00
17/05/2024,pc-eq-03,24.0,0.0,6747.3,214.4,304.0,2024-05-18 00:00:00
08/02/2024,PCEQ05,24.0,0.0,5100.5,83.7,240.0,2024-02-09 00:00:00
18/02/2024,PC-EQ-09,24.0,,4769.8,84.0,208.0,2024-02-19 00:00:00
06/02/2024,PC-EQ-07 ,24.0,0.0,6442.8,,280.0,2024-02-07 00:00:00
06/02/2024, PC-EQ-04,16.0,,5781.3,115.2,368.0,2024-02-07 00:00:00
09/02/2024,PC_EQ_03,24.0,0.0,6321.8,110.2,304.0,2024-02-10 00:00:00
02/12/2025,PCEQ03,16.7,7.3,4598.3,106.2,304.0,2025-02-13 00:00:00
14/11/2024, PC-EQ-05,22.1,1.9,5005.6,31.5,240.0,2024-11-15 00:00:00
15/08/2024,PC-EQ-08,24.0,0.0,6937.8,177.6,320.0,2024-08-16 00:00:00
05/02/2025,PC-EQ-01 ,24.0,0.0,7866.6,249.6,416.0,2025-02-04 00:00:00
08/08/2024, PC-EQ-04,24.0,0.0,7438.4,198.5,368.0,2024-08-09 00:00:00
14/12/2024, PC-EQ-03,24.0,0.0,6140.5,148.3,304.0,2024-12-15 00:00:00
16/10/2024,PC_EQ_06,24.0,0.0,5243.1,,240.0,2024-10-17 00:00:00
19/01/2024,PC-EQ-02 ,24.0,0.0,8029.9,217.0,344.0,2024-01-20 00:00:00
15/08/2024,pc-eq-01,24.0,0.0,9184.6,248.0,416.0,2024-08-16 00:00:00
09/07/2024,pc-eq-06,24.0,0.0,5179.7,58.3,240.0,2024-07-10 00:00:00
25/10/2024,PCEQ04,21.2,2.8,6941.8,99.4,368.0,2024-10-26 00:00:00
08/02/2025,PCEQ06,17.8,6.2,3932.0,55.9,240.0,2025-02-09 00:00:00
20/01/2024,PC-EQ-05	,24.0,0.0,5591.6,98.5,240.0,2024-01-21 00:00:00
18/02/2025, PC-EQ-10,24.0,0.0,9206.0,210.4,400.0,2025-02-19 00:00:00
09/07/2024,PC-EQ-08,24.0,0.0,7211.5,154.7,320.0,2024-07-10 00:00:00
19/07/2024,PC-EQ-05,19.1,4.9,4196.3,67.8,240.0,2024-07-20 00:00:00
23/05/2024,PC_EQ_05,22.3,1.7,4355.3,119.2,240.0,2024-05-24 00:00:00
13/02/2025,PC-EQ-06	,24.0,0.0,5506.6,68.0,240.0,2025-02-14 00:00:00
13/07/2024,PC-EQ-07 ,24.0,0.0,5874.4,143.4,280.0,2024-07-14 00:00:00
21/07/2024, PC-EQ-04,19.4,4.6,6071.7,154.5,368.0,2024-07-22 00:00:00
01/06/2024,PC-EQ-08,24.0,0.0,7177.7,59.5,320.0,2024-06-02 00:00:00
29/09/2024,pc-eq-07,8.9,15.1,2308.4,42.0,280.0,2024-09-30 00:00:00
16/01/2024,PC_EQ_07,22.8,1.2,6040.0,133.8,280.0,2024-01-17 00:00:00
25/05/2024,PC-EQ-05	,4.0,20.0,729.1,15.6,240.0,2024-05-24 00:00:00
14/07/2024,PC_EQ_10,24.0,0.0,8747.8,119.2,400.0,2024-07-15 00:00:00
13/01/2024,PC_EQ_09,24.0,0.0,4649.1,85.7,208.0,2024-01-14 00:00:00
20/02/2025,PC-EQ-10,18.3,5.7,7246.8,13.5,400.0,2025-02-21 00:00:00
09/08/2024,PC-EQ-07 ,24.0,0.0,5678.5,141.8,280.0,2024-08-10 00:00:00
18/07/2024,PC_EQ_10,24.0,0.0,9093.3,189.1,400.0,2024-07-19 00:00:00
22/09/2024,PC-EQ-03,24.0,0.0,6747.2,186.4,304.0,2024-09-23 00:00:00
01/02/2024,PC-EQ-06	,24.0,0.0,5599.9,183.2,240.0,2024-02-02 00:00:00
20/01/2025,PC-EQ-08 ,24.0,0.0,6901.2,74.8,320.0,2025-01-21 00:00:00
03/10/2024, PC-EQ-02,24.0,0.0,6806.1,138.8,344.0,2024-10-04 00:00:00
11/02/2024,PCEQ03,24.0,0.0,6778.3,180.7,304.0,2024-02-12 00:00:00
29/01/2024,PC-EQ-04	,24.0,0.0,7576.8,146.2,368.0,2024-01-30 00:00:00
09/02/2025,PCEQ01,24.0,0.0,8710.0,204.8,416.0,2025-02-10 00:00:00
07/02/2024, PC-EQ-05,4.0,20.0,848.1,12.8,240.0,2024-02-08 00:00:00
28/01/2025,PC-EQ-10 ,24.0,0.0,8778.0,219.2,400.0,2025-01-29 00:00:00
16/08/2024,PCEQ07,24.0,0.0,6487.0,263.5,280.0,2024-08-17 00:00:00
15/01/2024,PCEQ07,24.0,0.0,6426.9,59.2,280.0,2024-01-16 00:00:00
30/03/2024,PC-EQ-09,24.0,0.0,4241.6,53.9,208.0,2024-03-31 00:00:00
22/07/2024,PCEQ04,24.0,0.0,7871.5,,368.0,2024-07-23 00:00:00
08/02/2024,PC-EQ-01	,24.0,0.0,8800.7,203.3,416.0,2024-02-09 00:00:00
18/07/2024,pc-eq-02,24.0,0.0,7481.7,135.2,344.0,2024-07-19 00:00:00
06/03/2024,PC_EQ_09,24.0,0.0,4548.3,153.4,208.0,2024-03-07 00:00:00
17/08/2024,pc-eq-06,24.0,0.0,5362.0,114.7,240.0,2024-08-18 00:00:00
26/02/2024,PC-EQ-01 ,18.4,5.6,7021.7,248.8,416.0,2024-02-27 00:00:00
12/10/2024,PC-EQ-06 ,24.0,0.0,5347.3,152.3,240.0,2024-10-13 00:00:00
02/03/2024, PC-EQ-01,24.0,0.0,8498.8,106.1,416.0,2024-03-03 00:00:00
29/09/2024,PCEQ01,24.0,0.0,9451.0,,416.0,2024-09-30 00:00:00
21/04/2024,PCEQ10,24.0,0.0,8333.2,211.7,400.0,2024-04-22 00:00:00
20/02/2024,pc-eq-05,24.0,0.0,4906.0,107.9,240.0,2024-02-21 00:00:00
12/03/2024,PC_EQ_02,24.0,0.0,7342.8,160.1,344.0,2024-03-13 00:00:00
20/04/2024,PC-EQ-05 ,24.0,0.0,4405.1,65.7,240.0,2024-04-21 00:00:00
07/12/2024,PC-EQ-01,24.0,0.0,8781.6,177.4,416.0,2024-12-08 00:00:00
17/07/2024,pc-eq-03,24.0,0.0,6488.4,136.2,304.0,2024-07-18 00:00:00
09/01/2025,pc-eq-09,22.6,1.4,3992.8,61.6,208.0,2025-01-10 00:00:00
15/02/2024, PC-EQ-09,24.0,0.0,4440.1,108.2,208.0,2024-02-16 00:00:00
25/11/2024,PC-EQ-01 ,16.5,7.5,5957.3,168.3,416.0,2024-11-26 00:00:00
28/08/2024,PCEQ04,24.0,0.0,7536.6,0.0,368.0,2024-08-29 00:00:00
04/02/2024,pc-eq-03,22.6,1.4,6220.6,196.3,304.0,2024-02-05 00:00:00
02/03/2024,PC_EQ_03,24.0,0.0,6978.0,154.2,304.0,2024-03-03 00:00:00
17/05/2024,PC-EQ-09 ,24.0,0.0,4031.9,87.5,208.0,2024-05-18 00:00:00
11/12/2024, PC-EQ-06,24.0,0.0,5191.0,37.4,240.0,2024-12-12 00:00:00
03/02/2024,PC_EQ_03,24.0,0.0,5669.9,236.0,304.0,2024-02-04 00:00:00
16/07/2024,PCEQ07,24.0,0.0,6013.5,7.7,280.0,2024-07-17 00:00:00
11/05/2024,PC_EQ_04,21.2,2.8,6962.1,137.5,368.0,2024-05-12 00:00:00
18/12/2024,PC_EQ_08,24.0,0.0,7454.1,100.7,320.0,2024-12-19 00:00:00
04/05/2024,PCEQ07,24.0,0.0,6016.7,32.5,280.0,2024-05-05 00:00:00
25/06/2024,pc-eq-02,21.0,3.0,6546.3,250.7,344.0,2024-06-26 00:00:00
15/10/2024,PC-EQ-10	,24.0,0.0,8669.7,188.0,400.0,2024-10-16 00:00:00
24/03/2024,PCEQ09,17.7,6.3,3334.9,81.1,208.0,2024-03-25 00:00:00
23/02/2025,pc-eq-03,24.0,0.0,6967.4,164.0,304.0,2025-02-24 00:00:00
31/05/2024,PC-EQ-06	,24.0,0.0,5394.2,62.9,240.0,2024-06-01 00:00:00
19/02/2024,PC_EQ_04,24.0,0.0,7943.4,210.0,368.0,2024-02-20 00:00:00
21/05/2024,PC-EQ-09	,24.0,,3928.7,25.2,208.0,2024-05-22 00:00:00
19/10/2024,PC-EQ-06	,24.0,0.0,4974.8,194.0,240.0,2024-10-20 00:00:00
18/02/2025,PCEQ01,24.0,0.0,9154.3,259.6,416.0,2025-02-19 00:00:00
28/03/2024,PC-EQ-07	,24.0,0.0,5798.9,104.5,280.0,2024-03-29 00:00:00
22/07/2024,PC-EQ-08	,24.0,0.0,6871.6,123.2,320.0,2024-07-23 00:00:00
25/10/2024,PCEQ09,24.0,0.0,4891.6,94.6,208.0,2024-10-26 00:00:00
03/08/2024,pc-eq-10,24.0,0.0,8388.0,148.1,400.0,2024-08-04 00:00:00
21/07/2024,PC-EQ-03 ,13.4,10.6,3525.2,14.6,304.0,2024-07-22 00:00:00
23/12/2024,PCEQ08,24.0,0.0,6150.4,167.8,320.0,2024-12-24 00:00:00
31/05/2024,PC-EQ-05	,24.0,0.0,5111.3,100.5,240.0,2024-06-01 00:00:00
19/09/2024,PC-EQ-03,24.0,0.0,6029.2,56.9,304.0,2024-09-20 00:00:00
11/09/2024,PC-EQ-09,24.0,0.0,4425.0,111.0,208.0,2024-09-12 00:00:00
22/09/2024,PC-EQ-06,24.0,0.0,4681.2,52.6,240.0,2024-09-23 00:00:00
07/03/2024, PC-EQ-09,24.0,0.0,4356.9,92.2,208.0,2024-03-08 00:00:00
07/09/2024,PCEQ01,24.0,0.0,9604.0,75.5,416.0,2024-09-08 00:00:00
30/05/2024,PC-EQ-03 ,24.0,0.0,6160.8,122.5,304.0,2024-05-31 00:00:00
01/07/2024,PC-EQ-08,20.6,3.4,5000.5,110.7,320.0,2024-07-01 00:00:00
29/10/2024,PC_EQ_04,13.3,10.7,3929.6,104.9,368.0,2024-10-30 00:00:00
01/06/2024,PCEQ03,24.0,0.0,6538.6,206.1,304.0,2024-06-02 00:00:00
22/04/2024,PC-EQ-02 ,24.0,0.0,7091.6,140.5,344.0,2024-04-23 00:00:00
25/08/2024,pc-eq-06,24.0,0.0,5275.9,108.9,240.0,2024-08-26 00:00:00
06/04/2024, PC-EQ-03,24.0,0.0,6354.5,112.3,304.0,2024-04-07 00:00:00
18/08/2024,PC-EQ-05	,24.0,0.0,4539.8,47.3,240.0,2024-08-19 00:00:00
15/01/2024,PC-EQ-09 ,24.0,0.0,4257.8,133.0,208.0,2024-01-16 00:00:00
03/01/2025,pc-eq-02,24.0,0.0,7201.3,44.2,344.0,2025-01-04 00:00:00
27/02/2024,PC-EQ-06 ,19.7,4.3,4147.0,56.0,240.0,2024-02-28 00:00:00
22/06/2024,PCEQ08,24.0,0.0,6504.1,82.8,320.0,2024-06-23 00:00:00
27/01/2024,PC-EQ-04,24.0,0.0,8048.0,206.3,368.0,2024-01-28 00:00:00
25/04/2024,PC-EQ-09,15.1,8.9,2941.8,88.3,208.0,2024-04-26 00:00:00
24/11/2024, PC-EQ-10,16.4,7.6,6486.7,166.3,400.0,2024-11-25 00:00:00
14/10/2024,pc-eq-08,20.0,4.0,5534.8,178.3,320.0,2024-10-15 00:00:00
20/11/2024,PC-EQ-08,16.2,7.8,5042.1,187.0,320.0,2024-11-21 00:00:00
09/02/2025,PCEQ03,24.0,0.0,5818.6,107.4,304.0,2025-02-10 00:00:00
21/05/2024,PC-EQ-04	,11.5,12.5,3939.0,84.4,368.0,2024-05-22 00:00:00
22/02/2025,PC-EQ-02 ,24.0,0.0,7699.4,88.3,344.0,2025-02-23 00:00:00
11/02/2025,PC-EQ-03 ,24.0,0.0,6227.6,81.6,304.0,2025-02-12 00:00:00
28/02/2024,PC-EQ-07,24.0,0.0,5887.0,132.5,280.0,2024-02-29 00:00:00
06/02/2025,PC-EQ-01 ,24.0,0.0,9805.8,281.7,416.0,2025-02-07 00:00:00
20/02/2025,PC-EQ-07 ,15.6,8.4,3851.0,0.0,280.0,2025-02-21 00:00:00
15/12/2024,PC-EQ-02	,15.5,,4765.0,146.4,344.0,2024-12-16 00:00:00
21/09/2024,PCEQ02,24.0,0.0,7322.7,194.5,344.0,2024-09-22 00:00:00
02/01/2024, PC-EQ-06,15.7,8.3,3469.9,67.9,240.0,2024-01-03 00:00:00
23/12/2024,PC-EQ-10	,23.5,0.5,7369.2,75.4,400.0,2024-12-24 00:00:00
08/09/2024,pc-eq-01,24.0,0.0,8808.6,244.4,416.0,2024-09-09 00:00:00
08/12/2024,PC-EQ-04 ,24.0,0.0,7658.1,233.2,368.0,2024-12-09 00:00:00
04/10/2024,PC-EQ-06 ,24.0,0.0,4807.2,98.1,240.0,2024-10-05 00:00:00
19/11/2024,PC-EQ-09 ,24.0,0.0,4587.9,65.1,208.0,2024-11-20 00:00:00
15/12/2024,PCEQ01,24.0,0.0,9434.1,203.5,416.0,2024-12-16 00:00:00
06/11/2024,PC-EQ-07	,24.0,0.0,5484.2,137.4,280.0,2024-11-05 00:00:00
28/09/2024,PC-EQ-08 ,24.0,0.0,7603.2,47.3,320.0,2024-09-29 00:00:00
13/01/2025,PC-EQ-05,18.9,5.1,4198.5,122.8,240.0,2025-01-14 00:00:00
15/01/2025, PC-EQ-09,24.0,0.0,4507.7,125.1,208.0,2025-01-16 00:00:00
14/09/2024,pc-eq-01,24.0,0.0,9260.8,76.3,416.0,2024-09-15 00:00:00
27/01/2025,PC-EQ-10 ,24.0,0.0,9019.6,258.9,400.0,2025-01-28 00:00:00
14/01/2025,PC-EQ-04	,10.3,13.7,3263.7,66.0,368.0,2025-01-15 00:00:00
12/02/2025,pc-eq-01,24.0,0.0,9548.1,198.7,416.0,2025-02-13 00:00:00
11/06/2024,pc-eq-01,24.0,0.0,9274.9,153.3,416.0,2024-06-12 00:00:00
10/11/2024,PCEQ04,24.0,0.0,7479.0,146.5,368.0,2024-11-11 00:00:00
18/03/2024,PC_EQ_09,24.0,0.0,4415.0,91.6,208.0,2024-03-19 00:00:00
07/08/2024,PC-EQ-04 ,24.0,0.0,7737.1,300.4,368.0,2024-08-08 00:00:00
17/04/2024,PC-EQ-05,24.0,0.0,4655.8,90.2,240.0,2024-04-18 00:00:00
21/03/2024,PCEQ01,24.0,0.0,9115.8,161.0,416.0,2024-03-22 00:00:00
13/07/2024,PCEQ08,24.0,0.0,7088.8,115.9,320.0,2024-07-14 00:00:00
27/01/2025,PC-EQ-02,24.0,0.0,-7770.2,127.1,344.0,2025-01-28 00:00:00
06/01/2024, PC-EQ-10,24.0,0.0,9322.9,123.0,400.0,2024-01-07 00:00:00
20/05/2024,PC_EQ_07,24.0,0.0,5890.0,108.0,280.0,2024-05-21 00:00:00
02/05/2024,PC_EQ_08,24.0,0.0,7002.3,149.7,320.0,2024-05-03 00:00:00
02/11/2024,PCEQ06,24.0,0.0,5874.9,78.9,240.0,2024-11-03 00:00:00
14/04/2024, PC-EQ-08,16.9,7.1,4777.3,145.0,320.0,2024-04-15 00:00:00
16/03/2024,PCEQ09,24.0,0.0,4475.2,31.2,208.0,2024-03-17 00:00:00
07/07/2024, PC-EQ-09,24.0,0.0,4365.8,38.4,208.0,2024-07-08 00:00:00
08/10/2024,PC-EQ-09,24.0,0.0,4395.2,84.1,208.0,2024-10-09 00:00:00
24/03/2024,PC-EQ-03 ,24.0,0.0,6475.5,85.5,304.0,2024-03-25 00:00:00
19/01/2024,PC-EQ-06	,24.0,,5684.9,103.7,240.0,2024-01-20 00:00:00
22/12/2024,PC-EQ-09	,24.0,0.0,4739.8,91.1,208.0,2024-12-23 00:00:00
28/04/2024,PC_EQ_02,15.5,8.5,5019.5,0.0,344.0,2024-04-29 00:00:00
22/12/2024,PC-EQ-01 ,21.3,2.7,6677.9,200.8,416.0,2024-12-22 00:00:00
16/09/2024,PCEQ03,24.0,0.0,6850.8,245.7,304.0,2024-09-17 00:00:00
07/01/2024,PC-EQ-01 ,24.0,0.0,8593.6,254.6,416.0,2024-01-08 00:00:00
24/08/2024,PC-EQ-05	,24.0,0.0,5675.2,145.5,240.0,2024-08-25 00:00:00
23/03/2024,PC-EQ-02,24.0,0.0,7261.4,97.2,344.0,2024-03-24 00:00:00
23/01/2024,PC_EQ_02,24.0,0.0,7279.1,52.5,344.0,2024-01-24 00:00:00
11/08/2024,PC-EQ-01,24.0,0.0,9175.0,60.2,416.0,2024-08-12 00:00:00
07/10/2024,PC_EQ_05,16.3,7.7,3375.7,101.4,240.0,2024-10-08 00:00:00
30/10/2024,PC-EQ-09	,22.1,1.9,4255.9,14.7,208.0,2024-10-31 00:00:00
14/04/2024,PC-EQ-10,16.9,7.1,6116.8,121.4,400.0,2024-04-15 00:00:00
04/02/2024,PC-EQ-09,24.0,0.0,4362.0,95.3,208.0,2024-02-05 00:00:00
17/05/2024, PC-EQ-01,24.0,0.0,9434.2,172.4,416.0,2024-05-18 00:00:00
06/05/2024,PC-EQ-09	,24.0,0.0,4546.7,84.3,208.0,2024-05-07 00:00:00
06/08/2024, PC-EQ-01,11.0,13.0,4311.7,79.0,416.0,2024-08-07 00:00:00
20/09/2024,pc-eq-05,24.0,0.0,5697.1,110.8,240.0,2024-09-21 00:00:00
18/10/2024,PCEQ10,24.0,0.0,9305.9,188.4,400.0,2024-10-19 00:00:00
23/02/2025, PC-EQ-01,22.6,1.4,8599.7,89.9,416.0,2025-02-24 00:00:00
21/12/2024,PCEQ05,24.0,0.0,4750.9,102.2,240.0,2024-12-22 00:00:00
31/12/2024,PCEQ06,24.0,0.0,4766.2,109.1,240.0,2025-01-01 00:00:00
27/06/2024,pc-eq-10,24.0,0.0,8439.3,121.5,400.0,2024-06-28 00:00:00
18/01/2024,PC-EQ-10,24.0,0.0,9062.3,200.6,400.0,2024-01-19 00:00:00
14/05/2024,PC_EQ_01,24.0,0.0,9181.5,187.5,416.0,2024-05-15 00:00:00
18/11/2024,PCEQ01,24.0,0.0,8489.7,128.9,416.0,2024-11-19 00:00:00
14/04/2024,pc-eq-06,24.0,0.0,4544.5,125.9,240.0,2024-04-15 00:00:00
16/08/2024,PCEQ03,24.0,0.0,6050.7,74.7,304.0,2024-08-17 00:00:00
17/09/2024,PC-EQ-01,24.0,0.0,8022.7,113.2,416.0,2024-09-18 00:00:00
16/10/2024, PC-EQ-04,24.0,0.0,8587.9,206.0,368.0,2024-10-17 00:00:00
16/06/2024,PC-EQ-07	,24.0,0.0,6652.8,120.4,280.0,2024-06-17 00:00:00
20/07/2024,PC-EQ-09,24.0,,4420.1,99.1,208.0,2024-07-21 00:00:00
15/12/2024,PC-EQ-07	,24.0,0.0,6538.1,125.0,280.0,2024-12-16 00:00:00
27/11/2024,pc-eq-07,24.0,0.0,5752.4,144.1,280.0,2024-11-28 00:00:00
26/01/2024,PC-EQ-05	,24.0,0.0,4645.7,105.9,240.0,2024-01-27 00:00:00
12/02/2024,PC-EQ-07,24.0,0.0,5954.3,114.0,280.0,2024-02-13 00:00:00
23/02/2025,PC_EQ_09,24.0,0.0,4234.4,124.8,208.0,2025-02-24 00:00:00
08/11/2024,PC-EQ-10 ,24.0,0.0,8787.0,210.8,400.0,2024-11-09 00:00:00
25/08/2024, PC-EQ-04,22.6,1.4,7480.1,195.7,368.0,2024-08-26 00:00:00
15/10/2024,PC_EQ_09,24.0,0.0,4381.3,116.5,208.0,2024-10-16 00:00:00
26/06/2024,PC-EQ-05 ,24.0,0.0,5053.1,76.4,240.0,2024-06-27 00:00:00
07/06/2024, PC-EQ-01,24.0,0.0,9199.0,156.4,416.0,2024-06-08 00:00:00
09/02/2025,PCEQ04,20.7,3.3,7399.8,152.6,368.0,2025-02-10 00:00:00
31/08/2024,PCEQ04,19.8,4.2,6945.9,112.7,368.0,2024-09-01 00:00:00
09/01/2025,PCEQ02,24.0,0.0,7358.2,113.6,344.0,2025-01-10 00:00:00
08/12/2024,pc-eq-04,24.0,0.0,7314.2,16.7,368.0,2024-08-13 00:00:00
02/11/2024,PCEQ05,22.6,1.4,5047.2,98.4,240.0,2024-11-03 00:00:00
17/02/2024,PC-EQ-08 ,24.0,0.0,6583.5,211.2,320.0,2024-02-18 00:00:00
16/07/2024,PC-EQ-10,24.0,0.0,7833.1,24.0,400.0,2024-07-17 00:00:00
14/03/2024,PC-EQ-05 ,24.0,,5266.2,100.7,240.0,2024-03-15 00:00:00
13/01/2025,PC_EQ_10,24.0,0.0,8695.0,93.3,400.0,2025-01-14 00:00:00
15/07/2024,PC-EQ-06,24.0,0.0,5399.1,77.3,240.0,2024-07-16 00:00:00
16/10/2024,PCEQ02,24.0,0.0,6917.4,185.3,344.0,2024-10-17 00:00:00
12/04/2024,PC-EQ-03,24.0,0.0,6274.0,93.1,304.0,2024-04-13 00:00:00
07/06/2024,PCEQ07,24.0,,5852.9,84.3,280.0,2024-06-08 00:00:00
06/11/2024,PC-EQ-07	,24.0,0.0,6366.2,137.4,280.0,2024-11-07 00:00:00
19/12/2024, PC-EQ-06,24.0,0.0,5179.6,100.9,240.0,2024-12-20 00:00:00
24/04/2024,PC-EQ-09 ,24.0,0.0,4431.6,106.3,208.0,2024-04-25 00:00:00
05/03/2024,pc-eq-01,24.0,0.0,8942.9,170.6,416.0,2024-05-04 00:00:00
22/04/2024,PC_EQ_10,20.8,3.2,7457.0,149.8,400.0,2024-04-23 00:00:00
07/02/2025,PC_EQ_06,24.0,0.0,5005.6,109.6,240.0,2025-02-08 00:00:00
28/01/2024,PC_EQ_09,24.0,0.0,4612.7,70.4,208.0,2024-01-29 00:00:00
05/10/2024,PC_EQ_05,18.4,5.6,3787.5,92.3,240.0,2024-10-06 00:00:00
09/05/2024,PC_EQ_06,24.0,0.0,4995.4,93.4,240.0,2024-05-10 00:00:00
08/11/2024,PC-EQ-06	,19.2,4.8,4152.0,43.7,240.0,2024-11-09 00:00:00
25/01/2025,PCEQ04,24.0,0.0,7405.0,235.5,368.0,2025-01-26 00:00:00
23/11/2024, PC-EQ-05,24.0,0.0,4824.2,70.1,240.0,2024-11-24 00:00:00
10/06/2024,PCEQ09,24.0,0.0,4549.6,117.9,208.0,2024-06-11 00:00:00
14/07/2024, PC-EQ-07,24.0,0.0,5449.2,137.2,280.0,2024-07-15 00:00:00
02/02/2025, PC-EQ-07,24.0,0.0,6652.8,99.6,280.0,2025-02-03 00:00:00
24/03/2024,PCEQ04,24.0,0.0,8201.3,122.8,368.0,2024-03-25 00:00:00
17/05/2024,pc-eq-08,24.0,0.0,7095.2,121.5,320.0,2024-05-18 00:00:00
07/04/2024,PC-EQ-07 ,24.0,0.0,4698.7,118.7,280.0,2024-04-08 00:00:00
17/09/2024, PC-EQ-07,24.0,0.0,5690.7,82.3,280.0,2024-09-18 00:00:00
05/03/2024, PC-EQ-02,24.0,0.0,6807.1,181.7,344.0,2024-03-06 00:00:00
01/03/2024,PC-EQ-05	,24.0,0.0,4843.3,48.7,240.0,2024-03-02 00:00:00
13/01/2024,PCEQ04,4.0,20.0,1321.9,32.0,368.0,2024-01-14 00:00:00
18/09/2024,PC_EQ_02,17.3,6.7,5327.0,145.5,344.0,2024-09-19 00:00:00
11/06/2024,PCEQ07,20.9,3.1,5367.3,88.3,280.0,2024-06-12 00:00:00
12/12/2024,PC-EQ-08,24.0,0.0,7603.2,209.5,320.0,2024-12-13 00:00:00
23/06/2024,PC-EQ-09	,24.0,0.0,4525.5,83.9,208.0,2024-06-24 00:00:00
29/08/2024,PC-EQ-10	,22.2,1.8,-8006.7,247.3,400.0,2024-08-30 00:00:00
30/01/2025,PC_EQ_03,22.3,1.7,5546.3,114.6,304.0,2025-01-31 00:00:00
27/07/2024, PC-EQ-06,24.0,0.0,5079.7,30.0,240.0,2024-07-28 00:00:00
12/04/2024,PC-EQ-04,12.4,11.6,3597.5,90.2,368.0,2024-04-13 00:00:00
14/01/2024,pc-eq-10,24.0,0.0,9381.7,115.8,400.0,2024-01-15 00:00:00
26/02/2024, PC-EQ-07,24.0,0.0,5756.8,133.3,280.0,2024-02-27 00:00:00
27/04/2024,pc-eq-06,24.0,0.0,5542.9,39.7,240.0,2024-04-28 00:00:00
13/04/2024,PCEQ07,23.4,0.6,5331.6,127.9,280.0,2024-04-14 00:00:00
14/12/2024,PCEQ09,24.0,0.0,4536.3,66.3,208.0,2024-12-15 00:00:00
19/02/2024, PC-EQ-05,24.0,0.0,5535.9,78.0,240.0,2024-02-20 00:00:00
18/10/2024,PC-EQ-01,24.0,0.0,8433.8,247.5,416.0,2024-10-19 00:00:00
05/03/2024,PC-EQ-03 ,24.0,0.0,7043.0,222.3,304.0,2024-03-06 00:00:00
03/05/2024,PC-EQ-08,22.9,1.1,5912.7,45.3,320.0,2024-05-04 00:00:00
12/02/2025,PCEQ09,24.0,0.0,4594.7,164.3,208.0,2025-02-13 00:00:00
20/10/2024,PC-EQ-05	,24.0,0.0,5044.5,100.8,240.0,2024-10-21 00:00:00
30/12/2024,PC-EQ-05,24.0,0.0,5133.8,104.5,240.0,2024-12-31 00:00:00
12/09/2024,PC_EQ_01,21.2,2.8,8143.4,189.0,416.0,2024-09-13 00:00:00
15/07/2024, PC-EQ-05,24.0,,5246.3,86.8,240.0,2024-07-16 00:00:00
30/06/2024,PC_EQ_03,24.0,0.0,7050.1,182.6,304.0,2024-07-01 00:00:00
12/08/2024,PC-EQ-03	,24.0,0.0,5510.8,116.0,304.0,2024-08-10 00:00:00
03/03/2024, PC-EQ-03,17.5,6.5,4284.1,88.4,304.0,2024-03-04 00:00:00
06/06/2024,PC_EQ_05,24.0,0.0,5293.1,90.5,240.0,2024-06-07 00:00:00
06/08/2024,pc-eq-03,24.0,0.0,6273.0,83.5,304.0,2024-08-07 00:00:00
28/01/2025,PC-EQ-06,24.0,0.0,5240.5,50.8,240.0,2025-01-29 00:00:00
19/07/2024, PC-EQ-06,24.0,0.0,5000.2,139.1,240.0,2024-07-20 00:00:00
29/04/2024,PCEQ07,24.0,0.0,6652.8,128.4,280.0,2024-04-30 00:00:00
28/05/2024,pc-eq-09,20.4,3.6,3845.8,61.3,208.0,2024-05-29 00:00:00
14/02/2024,PC-EQ-03	,22.4,1.6,6258.4,122.8,304.0,2024-02-15 00:00:00
14/09/2024,PC_EQ_10,24.0,0.0,8835.9,221.3,400.0,2024-09-15 00:00:00
10/12/2024,PC_EQ_06,24.0,0.0,5702.4,67.9,240.0,2024-12-11 00:00:00
20/05/2024, PC-EQ-04,24.0,0.0,8743.7,30.0,368.0,2024-05-21 00:00:00
30/03/2024,PC-EQ-05 ,4.0,20.0,863.6,24.4,240.0,2024-03-31 00:00:00
30/12/2024,pc-eq-07,24.0,0.0,6323.5,146.7,280.0,2024-12-31 00:00:00
18/08/2024, PC-EQ-06,15.5,8.5,3327.0,76.6,240.0,2024-08-19 00:00:00
01/05/2024,PC-EQ-10 ,24.0,0.0,8360.2,87.7,400.0,2024-05-02 00:00:00
09/11/2024,PCEQ04,4.0,20.0,1403.0,,368.0,2024-11-10 00:00:00
24/02/2025,PC-EQ-01 ,24.0,0.0,9530.9,176.9,416.0,2025-02-25 00:00:00
22/12/2024,pc-eq-04,24.0,0.0,8623.4,88.5,368.0,2024-12-23 00:00:00
21/10/2024,PC-EQ-06,24.0,0.0,5180.5,109.3,240.0,2024-10-22 00:00:00
12/04/2024,PCEQ10,24.0,0.0,9504.0,132.1,400.0,2024-04-13 00:00:00
11/04/2024,PC-EQ-09	,24.0,0.0,4275.3,72.3,208.0,2024-04-12 00:00:00
19/02/2025,PC_EQ_03,24.0,0.0,5950.6,139.1,304.0,2025-02-20 00:00:00
19/04/2024, PC-EQ-07,24.0,0.0,5733.0,196.8,280.0,2024-04-20 00:00:00
02/02/2024, PC-EQ-07,24.0,,6456.6,,280.0,2024-02-03 00:00:00
16/04/2024,PCEQ09,24.0,0.0,4855.9,82.4,208.0,2024-04-17 00:00:00
18/03/2024, PC-EQ-01,24.0,0.0,9061.5,166.5,416.0,2024-03-19 00:00:00
24/05/2024,PC_EQ_03,24.0,0.0,6381.8,123.8,304.0,2024-05-25 00:00:00
03/02/2025,PC_EQ_03,24.0,0.0,6379.8,97.2,304.0,2025-02-04 00:00:00
05/05/2024,PC-EQ-01,24.0,,9176.4,180.3,416.0,2024-05-06 00:00:00
22/07/2024,pc-eq-03,24.0,0.0,5899.4,96.8,304.0,2024-07-23 00:00:00
20/02/2025,PCEQ02,24.0,0.0,7144.9,141.8,344.0,2025-02-21 00:00:00
09/09/2024,pc-eq-09,24.0,0.0,4271.3,134.3,208.0,2024-09-10 00:00:00
31/01/2025,PC-EQ-05 ,24.0,0.0,5700.5,77.6,240.0,2025-02-01 00:00:00
09/03/2024,PC_EQ_05,24.0,0.0,4795.3,77.6,240.0,2024-03-10 00:00:00
29/06/2024, PC-EQ-02,24.0,0.0,7798.3,181.4,344.0,2024-06-30 00:00:00
31/07/2024, PC-EQ-08,16.5,7.5,4929.0,138.1,320.0,2024-08-01 00:00:00
02/10/2024,PC_EQ_03,24.0,0.0,7050.2,108.8,304.0,2024-10-03 00:00:00
17/12/2024,PC-EQ-08,22.5,1.5,6499.2,115.6,320.0,2024-12-18 00:00:00
25/04/2024,PC-EQ-10,24.0,0.0,8459.8,67.7,400.0,2024-04-26 00:00:00
23/01/2025,PC-EQ-04	,24.0,0.0,7828.8,168.4,368.0,2025-01-24 00:00:00
20/11/2024,pc-eq-10,24.0,0.0,9504.0,117.0,400.0,2024-11-21 00:00:00
08/08/2024,PC-EQ-05,23.5,0.5,4948.7,70.3,240.0,2024-08-09 00:00:00
10/03/2024,PC-EQ-04 ,21.2,2.8,6350.8,186.5,368.0,2024-03-11 00:00:00
24/10/2024,PC-EQ-07	,9.6,14.4,2428.1,12.7,280.0,2024-10-25 00:00:00
27/11/2024,PC-EQ-02,21.6,2.4,7079.7,231.5,344.0,2024-11-28 00:00:00
10/09/2024,pc-eq-06,24.0,0.0,4627.2,177.1,240.0,2024-09-11 00:00:00
20/12/2024,PC-EQ-07,24.0,0.0,5796.6,88.7,280.0,2024-12-21 00:00:00
10/01/2025,PC_EQ_05,24.0,0.0,5360.3,131.9,240.0,2025-01-11 00:00:00
03/07/2024,PC-EQ-08,21.0,3.0,6246.2,170.2,320.0,2024-07-04 00:00:00
09/04/2024,PC-EQ-08	,24.0,0.0,5957.7,111.6,320.0,2024-04-07 00:00:00
27/10/2024, PC-EQ-05,24.0,0.0,4881.0,53.8,240.0,2024-10-28 00:00:00
20/04/2024, PC-EQ-07,24.0,0.0,6286.3,120.3,280.0,2024-04-21 00:00:00
14/08/2024,PC-EQ-10	,20.8,3.2,8236.8,154.3,400.0,2024-08-15 00:00:00
16/09/2024,PC-EQ-05	,13.2,10.8,2945.8,29.7,240.0,2024-09-17 00:00:00
18/04/2024,PC-EQ-07	,24.0,0.0,6412.5,156.3,280.0,2024-04-19 00:00:00
13/05/2024, PC-EQ-08,13.8,10.2,4197.0,112.7,320.0,2024-05-14 00:00:00
23/09/2024,PC_EQ_08,24.0,0.0,6725.5,163.4,320.0,2024-09-24 00:00:00
19/03/2024,PC-EQ-08	,24.0,0.0,6876.4,196.2,320.0,2024-03-20 00:00:00
04/06/2024, PC-EQ-03,24.0,0.0,7147.4,140.4,304.0,2024-06-05 00:00:00
01/06/2024,PCEQ01,24.0,0.0,8345.9,148.5,416.0,2024-06-02 00:00:00
11/11/2024,PC-EQ-03 ,24.0,0.0,7223.0,153.6,304.0,2024-11-12 00:00:00
14/10/2024, PC-EQ-07,12.0,12.0,2790.5,33.3,280.0,2024-10-15 00:00:00
04/01/2025,pc-eq-04,18.0,6.0,5805.4,172.9,368.0,2025-01-05 00:00:00
26/01/2025,PC-EQ-02,24.0,0.0,7045.2,47.1,344.0,2025-01-27 00:00:00
31/10/2024, PC-EQ-06,24.0,0.0,5092.5,89.0,240.0,2024-11-01 00:00:00
18/01/2025,PC-EQ-07,24.0,0.0,6238.0,170.0,280.0,2025-01-19 00:00:00
08/01/2024,PC-EQ-05,24.0,0.0,5273.1,73.9,240.0,2024-01-09 00:00:00
17/10/2024,PC-EQ-07	,24.0,0.0,5910.3,107.5,280.0,2024-10-18 00:00:00
24/02/2025, PC-EQ-04,24.0,0.0,7804.9,224.3,368.0,2025-02-25 00:00:00
28/10/2024,PCEQ09,24.0,0.0,4424.8,91.2,208.0,2024-10-29 00:00:00
06/07/2024,PC-EQ-02	,24.0,0.0,6673.3,124.7,344.0,2024-07-07 00:00:00
13/11/2024,PC_EQ_08,24.0,0.0,7047.7,191.4,320.0,2024-11-14 00:00:00
15/06/2024,PC-EQ-08	,24.0,0.0,7094.1,187.1,320.0,2024-06-16 00:00:00
12/04/2024, PC-EQ-09,24.0,0.0,4570.3,134.9,208.0,2024-04-13 00:00:00
03/12/2024,PC_EQ_06,24.0,0.0,4771.7,60.4,240.0,2024-12-04 00:00:00
22/03/2024,pc-eq-09,24.0,0.0,4254.8,95.6,208.0,2024-03-23 00:00:00
26/08/2024, PC-EQ-09,24.0,0.0,4459.5,41.7,208.0,2024-08-27 00:00:00
11/10/2024,PC-EQ-10	,24.0,0.0,7947.7,59.3,400.0,2024-10-12 00:00:00
25/07/2024,PC_EQ_06,24.0,,5134.3,152.1,240.0,2024-07-26 00:00:00
16/05/2024,pc-eq-02,18.0,6.0,5326.0,92.9,344.0,2024-05-17 00:00:00
12/05/2024,PC_EQ_05,24.0,0.0,4664.3,81.5,240.0,2024-05-13 00:00:00
29/08/2024,PC-EQ-06 ,24.0,0.0,5271.0,85.7,240.0,2024-08-30 00:00:00
17/09/2024, PC-EQ-06,24.0,0.0,5167.6,126.7,240.0,2024-09-18 00:00:00
24/08/2024,PC-EQ-04	,24.0,0.0,8260.7,178.3,368.0,2024-08-25 00:00:00
23/04/2024, PC-EQ-02,24.0,0.0,6816.2,83.0,344.0,2024-04-24 00:00:00
10/12/2024,pc-eq-03,24.0,,6574.3,66.8,304.0,2024-12-11 00:00:00
17/12/2024,PCEQ05,18.1,5.9,4077.8,76.0,240.0,2024-12-18 00:00:00
26/02/2024,PCEQ02,24.0,0.0,7543.6,141.8,344.0,2024-02-27 00:00:00
20/02/2024,PC-EQ-04,24.0,0.0,7587.0,122.9,368.0,2024-02-21 00:00:00
18/07/2024,PC_EQ_05,24.0,0.0,5238.8,87.4,240.0,2024-07-19 00:00:00
15/03/2024,PC-EQ-05,24.0,0.0,5418.2,90.6,240.0,2024-03-16 00:00:00
23/01/2025,PC-EQ-03,24.0,0.0,7047.4,189.3,304.0,2025-01-24 00:00:00
01/11/2024, PC-EQ-09,24.0,0.0,4148.7,37.7,208.0,2024-11-02 00:00:00
22/09/2024,PC-EQ-07 ,24.0,0.0,5912.8,80.8,280.0,2024-09-23 00:00:00
24/10/2024, PC-EQ-09,19.9,4.1,3483.5,0.0,208.0,2024-10-25 00:00:00
14/12/2024,PC-EQ-04,4.0,20.0,1265.2,26.4,368.0,2024-12-14 00:00:00
24/02/2025,PC_EQ_08,24.0,0.0,6549.9,113.3,320.0,2025-02-25 00:00:00
26/10/2024,PC-EQ-01,24.0,0.0,9708.7,117.7,416.0,2024-10-27 00:00:00
06/05/2024, PC-EQ-02,24.0,0.0,7817.8,204.8,344.0,2024-05-07 00:00:00
19/04/2024,PC_EQ_08,24.0,0.0,6961.6,115.0,320.0,2024-04-20 00:00:00
05/02/2024, PC-EQ-04,24.0,0.0,8101.7,118.4,368.0,2024-02-06 00:00:00
10/11/2024,PC-EQ-10	,24.0,0.0,9022.1,219.3,400.0,2024-11-11 00:00:00
09/03/2024,PC-EQ-03 ,24.0,0.0,6149.9,142.3,304.0,2024-03-10 00:00:00
10/06/2024,pc-eq-08,24.0,0.0,7280.8,165.6,320.0,2024-06-11 00:00:00
22/01/2024,PC-EQ-02 ,24.0,0.0,7411.5,121.2,344.0,2024-01-23 00:00:00
16/07/2024,pc-eq-06,24.0,0.0,5079.6,133.9,240.0,2024-07-17 00:00:00
26/05/2024,PC-EQ-03 ,24.0,0.0,5945.2,134.0,304.0,2024-05-27 00:00:00
03/02/2024,PC-EQ-09,24.0,0.0,4773.9,70.3,208.0,2024-02-04 00:00:00
16/02/2025,PC-EQ-10 ,22.2,1.8,7464.1,201.4,400.0,2025-02-17 00:00:00
31/12/2024,PC-EQ-01,24.0,0.0,8562.1,188.0,416.0,2025-01-01 00:00:00
30/08/2024,PC-EQ-04 ,23.2,0.8,8304.3,143.7,368.0,2024-08-31 00:00:00
23/11/2024,PC-EQ-10,16.8,7.2,5571.1,8.4,400.0,2024-11-22 00:00:00
25/04/2024,pc-eq-07,24.0,0.0,6396.9,91.1,280.0,2024-04-26 00:00:00
29/03/2024,PC-EQ-08,24.0,0.0,6558.9,106.5,320.0,2024-03-30 00:00:00
18/10/2024,pc-eq-06,5.5,18.5,1252.0,14.7,240.0,2024-10-19 00:00:00
13/03/2024,PC_EQ_07,24.0,0.0,6484.2,111.8,280.0,2024-03-14 00:00:00
09/02/2024,pc-eq-09,24.0,0.0,4889.7,68.9,208.0,2024-02-10 00:00:00
15/03/2024,PC-EQ-09 ,24.0,0.0,4383.1,89.1,208.0,2024-03-16 00:00:00
19/03/2024,PC-EQ-01	,24.0,0.0,8689.3,85.7,416.0,2024-03-20 00:00:00
21/09/2024, PC-EQ-08,22.1,1.9,6451.0,147.1,320.0,2024-09-22 00:00:00
24/07/2024,pc-eq-10,24.0,0.0,8919.5,114.2,400.0,2024-07-25 00:00:00
07/01/2024,PC-EQ-07,24.0,0.0,5265.8,119.0,280.0,2024-01-08 00:00:00
17/02/2025,PC_EQ_02,24.0,0.0,7963.3,93.9,344.0,2025-02-18 00:00:00
03/02/2024,PC-EQ-08,24.0,0.0,6631.4,25.6,320.0,2024-02-04 00:00:00
03/12/2024,PC-EQ-10 ,24.0,0.0,7945.4,,400.0,2024-12-04 00:00:00
05/04/2024,PC-EQ-09,24.0,0.0,4020.3,122.9,208.0,2024-04-06 00:00:00
13/07/2024, PC-EQ-10,24.0,0.0,8844.5,242.1,400.0,2024-07-14 00:00:00
09/09/2024,PC-EQ-07 ,24.0,0.0,6142.2,100.3,280.0,2024-09-10 00:00:00
12/02/2025,PCEQ08,24.0,0.0,7214.8,58.7,320.0,2025-02-13 00:00:00
18/04/2024,PC_EQ_03,24.0,0.0,6400.5,168.0,304.0,2024-04-19 00:00:00
18/10/2024,PC-EQ-02,24.0,0.0,7486.3,178.8,344.0,2024-10-19 00:00:00
08/02/2025,PC-EQ-07 ,24.0,0.0,6260.5,108.6,280.0,2025-02-09 00:00:00
30/12/2024,PC-EQ-10,19.0,5.0,6782.9,121.4,400.0,2024-12-31 00:00:00
21/02/2025,PC-EQ-07,24.0,0.0,5946.2,64.2,280.0,2025-02-22 00:00:00
19/07/2024, PC-EQ-02,24.0,,7974.5,98.2,344.0,2024-07-20 00:00:00
30/12/2024,PC-EQ-04	,24.0,0.0,8220.4,187.8,368.0,2024-12-31 00:00:00
29/07/2024, PC-EQ-06,24.0,0.0,5013.7,43.5,240.0,2024-07-30 00:00:00
22/03/2024,pc-eq-01,13.7,10.3,5166.2,73.1,416.0,2024-03-23 00:00:00
25/10/2024,PCEQ02,24.0,0.0,7973.4,203.1,344.0,2024-10-26 00:00:00
10/02/2025,PC-EQ-03	,21.5,2.5,6117.9,172.9,304.0,2025-02-11 00:00:00
01/02/2025, PC-EQ-02,21.7,2.3,6917.4,126.8,344.0,2025-02-02 00:00:00
09/10/2024,PC_EQ_10,24.0,0.0,8834.8,151.4,400.0,2024-10-10 00:00:00
25/12/2024,PC_EQ_03,24.0,0.0,6595.6,200.4,304.0,2024-12-26 00:00:00
10/08/2024,PC-EQ-08	,24.0,0.0,6632.2,122.4,320.0,2024-08-11 00:00:00
19/02/2025,PCEQ10,24.0,0.0,8517.1,72.2,400.0,2025-02-20 00:00:00
17/01/2024,PC-EQ-03 ,24.0,0.0,6915.6,122.9,304.0,2024-01-18 00:00:00
27/10/2024,PC-EQ-07 ,24.0,0.0,5715.5,63.3,280.0,2024-10-28 00:00:00
21/07/2024,pc-eq-02,24.0,0.0,7534.3,,344.0,2024-07-22 00:00:00
26/04/2024,pc-eq-02,19.0,5.0,5485.5,130.6,344.0,2024-04-27 00:00:00
30/01/2025,PC-EQ-06,24.0,0.0,5340.2,241.4,240.0,2025-01-31 00:00:00
31/05/2024,PC-EQ-07 ,24.0,0.0,6486.7,139.5,280.0,2024-06-01 00:00:00
11/10/2024,pc-eq-06,24.0,0.0,5060.3,99.2,240.0,2024-10-12 00:00:00
20/05/2024,pc-eq-01,24.0,0.0,8689.3,69.6,416.0,2024-05-21 00:00:00
30/09/2024,PC-EQ-05,24.0,0.0,4805.1,86.7,240.0,2024-10-01 00:00:00
01/07/2024,PCEQ09,24.0,,4377.9,63.0,208.0,2024-07-02 00:00:00
14/11/2024,PC-EQ-10,24.0,0.0,9504.0,138.6,400.0,2024-11-15 00:00:00
31/05/2024,PC_EQ_01,4.0,20.0,1463.7,34.1,416.0,2024-06-01 00:00:00
01/10/2024,PC-EQ-04	,24.0,0.0,7661.0,217.2,368.0,2024-10-02 00:00:00
12/01/2024,PC-EQ-09,24.0,0.0,4608.4,101.4,208.0,2024-01-13 00:00:00
07/10/2024,PC_EQ_08,24.0,0.0,6806.7,94.9,320.0,2024-10-08 00:00:00
01/03/2024,PCEQ06,24.0,0.0,5259.9,105.4,240.0,2024-03-02 00:00:00
19/06/2024,pc-eq-08,15.2,8.8,4228.2,101.7,320.0,2024-06-20 00:00:00
24/09/2024,PC-EQ-09	,24.0,0.0,4748.7,144.5,208.0,2024-09-25 00:00:00
30/10/2024,PC-EQ-08,24.0,0.0,6838.0,121.6,320.0,2024-10-31 00:00:00
12/08/2024,PCEQ08,19.8,4.2,6029.8,100.9,320.0,2024-08-13 00:00:00
02/12/2024,PCEQ06,4.0,20.0,799.9,13.0,240.0,2024-12-03 00:00:00
10/06/2024,PC-EQ-01 ,24.0,0.0,8787.3,103.7,416.0,2024-06-11 00:00:00
09/05/2024,PC_EQ_10,12.0,12.0,4029.4,13.7,400.0,2024-05-10 00:00:00
19/05/2024,PCEQ04,24.0,0.0,8286.1,,368.0,2024-05-20 00:00:00
18/04/2024,PC-EQ-09,24.0,0.0,4681.1,110.3,208.0,2024-04-19 00:00:00
02/04/2024,PCEQ07,24.0,0.0,5821.4,115.9,280.0,2024-04-03 00:00:00
27/12/2024,PCEQ09,24.0,0.0,4562.1,54.6,208.0,2024-12-28 00:00:00
30/04/2024,PC-EQ-01	,24.0,0.0,8873.1,205.8,416.0,2024-05-01 00:00:00
22/10/2024, PC-EQ-08,24.0,0.0,6884.6,34.3,320.0,2024-10-23 00:00:00
05/08/2024,pc-eq-01,24.0,0.0,9244.4,,416.0,2024-08-06 00:00:00
28/03/2024,PC-EQ-04,24.0,0.0,7967.7,195.0,368.0,2024-03-29 00:00:00
20/11/2024,PC-EQ-09,22.0,2.0,4083.5,100.3,208.0,2024-11-21 00:00:00
04/02/2024,PC-EQ-01	,24.0,0.0,9830.6,303.0,416.0,2024-02-05 00:00:00
20/07/2024, PC-EQ-06,16.7,7.3,3910.8,7.9,240.0,2024-07-21 00:00:00
04/01/2025,PC_EQ_02,24.0,0.0,7317.7,224.5,344.0,2025-01-05 00:00:00
09/06/2024,pc-eq-02,24.0,0.0,8173.4,66.5,344.0,2024-06-10 00:00:00
07/10/2024, PC-EQ-04,15.1,8.9,4983.9,39.6,368.0,2024-10-08 00:00:00
01/01/2024, PC-EQ-03,23.5,0.5,6761.2,159.4,304.0,2024-01-02 00:00:00
18/12/2024,PCEQ07,24.0,0.0,6250.9,230.3,280.0,2024-12-19 00:00:00
28/01/2024,PC-EQ-04	,17.9,6.1,5669.8,209.9,368.0,2024-01-29 00:00:00
02/07/2024,pc-eq-10,24.0,0.0,8974.3,231.2,400.0,2024-07-03 00:00:00
06/02/2025,PC-EQ-07 ,22.0,2.0,5899.1,107.0,280.0,2025-02-07 00:00:00
01/09/2024,PCEQ06,24.0,0.0,5105.2,165.5,240.0,2024-09-02 00:00:00
08/04/2024, PC-EQ-05,24.0,0.0,5162.3,156.8,240.0,2024-04-09 00:00:00
05/10/2024,PC-EQ-08 ,24.0,0.0,7024.4,82.1,320.0,2024-10-06 00:00:00
27/09/2024,PC-EQ-05	,24.0,0.0,4917.9,96.5,240.0,2024-09-28 00:00:00
25/05/2024, PC-EQ-08,24.0,0.0,6703.5,183.3,320.0,2024-05-26 00:00:00
28/01/2025,PC-EQ-09 ,24.0,0.0,4841.5,81.7,208.0,2025-01-29 00:00:00
28/12/2024, PC-EQ-07,24.0,0.0,6535.0,112.2,280.0,2024-12-29 00:00:00
25/06/2024,PC_EQ_03,24.0,0.0,6199.8,152.0,304.0,2024-06-26 00:00:00
07/01/2025,PC-EQ-06 ,24.0,0.0,4910.4,63.1,240.0,2025-01-08 00:00:00
21/08/2024, PC-EQ-09,24.0,0.0,4235.3,207.5,208.0,2024-08-22 00:00:00
06/07/2024, PC-EQ-08,24.0,0.0,7499.0,,320.0,2024-07-07 00:00:00
24/02/2024,PC-EQ-04,24.0,0.0,8030.1,87.6,368.0,2024-02-25 00:00:00
10/12/2024,pc-eq-07,24.0,0.0,6359.2,,280.0,2024-12-11 00:00:00
13/01/2025, PC-EQ-02,24.0,0.0,7332.7,114.6,344.0,2025-01-14 00:00:00
15/01/2025,PC-EQ-05,24.0,0.0,5156.1,201.3,240.0,2025-01-16 00:00:00
27/09/2024, PC-EQ-02,24.0,0.0,7346.6,177.1,344.0,2024-09-28 00:00:00
14/10/2024,pc-eq-06,24.0,0.0,5623.8,118.0,240.0,2024-10-15 00:00:00
05/02/2025,PC_EQ_10,24.0,0.0,8840.4,293.6,400.0,2025-02-06 00:00:00
06/07/2024,pc-eq-04,24.0,0.0,8272.9,183.1,368.0,2024-07-07 00:00:00
22/01/2024,PCEQ03,19.7,4.3,5224.7,115.3,304.0,2024-01-23 00:00:00
28/03/2024,PC_EQ_03,24.0,0.0,6516.4,149.4,304.0,2024-03-29 00:00:00
14/02/2025,PC-EQ-02 ,24.0,0.0,7449.3,182.1,344.0,2025-02-15 00:00:00
22/01/2025,PC_EQ_02,22.2,1.8,6967.7,,344.0,2025-01-23 00:00:00
21/02/2025,pc-eq-01,24.0,0.0,7690.6,178.3,416.0,2025-02-19 00:00:00
20/02/2024,pc-eq-09,24.0,0.0,4392.2,88.3,208.0,2024-02-21 00:00:00
13/05/2024,PCEQ01,9.2,14.8,3469.1,82.1,416.0,2024-05-14 00:00:00
17/09/2024,PC-EQ-03	,24.0,0.0,5864.5,33.6,304.0,2024-09-18 00:00:00
28/07/2024,PC-EQ-09,24.0,,4402.4,146.1,208.0,2024-07-29 00:00:00
27/07/2024,PC-EQ-03,15.0,9.0,4260.7,118.9,304.0,2024-07-28 00:00:00
27/10/2024, PC-EQ-10,24.0,0.0,8379.7,186.5,400.0,2024-10-28 00:00:00
22/05/2024,PC-EQ-06 ,24.0,0.0,4831.8,,240.0,2024-05-23 00:00:00
16/09/2024,pc-eq-10,24.0,0.0,8154.2,20.1,400.0,2024-09-17 00:00:00
24/04/2024,PC_EQ_06,24.0,0.0,5030.1,73.4,240.0,2024-04-25 00:00:00
21/07/2024,PC_EQ_10,24.0,0.0,8763.7,224.9,400.0,2024-07-22 00:00:00
20/11/2024,PC-EQ-02,21.8,2.2,6750.8,193.8,344.0,2024-11-21 00:00:00
04/11/2024,PC-EQ-07,24.0,0.0,6309.2,56.3,280.0,2024-11-05 00:00:00
08/01/2025,pc-eq-08,24.0,0.0,6786.6,90.9,320.0,2025-01-09 00:00:00
19/03/2024,PCEQ10,14.1,9.9,5073.5,161.8,400.0,2024-03-20 00:00:00
22/11/2024, PC-EQ-02,24.0,0.0,7753.4,112.4,344.0,2024-11-23 00:00:00
16/07/2024,PC_EQ_03,24.0,0.0,6394.0,114.8,304.0,2024-07-17 00:00:00
04/02/2024,PC_EQ_05,4.0,20.0,835.5,8.4,240.0,2024-02-05 00:00:00
28/03/2024,pc-eq-02,22.4,1.6,6839.3,51.8,344.0,2024-03-29 00:00:00
15/09/2024, PC-EQ-06,24.0,0.0,4602.3,136.4,240.0,2024-09-16 00:00:00
24/08/2024,PC_EQ_03,24.0,0.0,6917.9,150.8,304.0,2024-08-25 00:00:00
01/02/2025, PC-EQ-01,11.9,12.1,3822.0,57.5,416.0,2025-02-02 00:00:00
07/05/2024,PC-EQ-02	,21.8,2.2,6686.7,128.1,344.0,2024-05-08 00:00:00
20/04/2024,PC-EQ-03	,24.0,0.0,6418.6,197.1,304.0,2024-04-21 00:00:00
10/02/2024, PC-EQ-03,24.0,0.0,6901.1,301.5,304.0,2024-02-11 00:00:00
30/01/2024,PC-EQ-07,24.0,0.0,6652.8,47.1,280.0,2024-01-31 00:00:00
14/12/2024,pc-eq-02,24.0,0.0,7388.2,128.7,344.0,2024-12-15 00:00:00
29/10/2024,pc-eq-03,16.0,8.0,4321.6,141.1,304.0,2024-10-30 00:00:00
03/02/2025,PCEQ07,18.6,5.4,4818.4,142.0,280.0,2025-02-04 00:00:00
02/11/2024,pc-eq-04,24.0,0.0,7826.0,149.1,368.0,2024-11-03 00:00:00
02/03/2024, PC-EQ-04,24.0,,7838.9,125.9,368.0,2024-03-03 00:00:00
27/01/2024,PC-EQ-09,24.0,0.0,4942.1,99.2,208.0,2024-01-28 00:00:00
30/12/2024,PCEQ03,24.0,0.0,7223.0,127.6,304.0,2024-12-31 00:00:00
04/09/2024,PC_EQ_03,24.0,0.0,6562.8,137.4,304.0,2024-09-02 00:00:00
13/04/2024,PC_EQ_09,20.3,3.7,3809.6,88.6,208.0,2024-04-14 00:00:00
16/02/2024,PC-EQ-03,24.0,0.0,7184.1,154.7,304.0,2024-02-17 00:00:00
08/08/2024,pc-eq-01,23.1,0.9,9513.5,198.5,416.0,2024-08-09 00:00:00
10/01/2024,PC-EQ-06	,24.0,0.0,5190.3,134.4,240.0,2024-01-11 00:00:00
15/11/2024,PC_EQ_08,24.0,0.0,6684.5,204.9,320.0,2024-11-16 00:00:00
05/06/2024, PC-EQ-02,24.0,0.0,7358.6,102.6,344.0,2024-06-06 00:00:00
07/04/2024,PCEQ08,24.0,0.0,7124.4,159.3,320.0,2024-04-08 00:00:00
17/01/2024,PCEQ04,21.6,2.4,7239.2,203.6,368.0,2024-01-18 00:00:00
25/08/2024,PC-EQ-03,24.0,0.0,6425.2,75.5,304.0,2024-08-26 00:00:00
06/11/2024,PC_EQ_03,24.0,0.0,5902.2,186.3,304.0,2024-11-07 00:00:00
09/07/2024,pc-eq-06,24.0,0.0,4603.9,58.3,240.0,2024-07-09 00:00:00
04/02/2025,PC_EQ_08,24.0,0.0,6318.9,129.6,320.0,2025-02-05 00:00:00
13/03/2024,PC-EQ-02 ,4.0,20.0,1299.7,36.3,344.0,2024-03-14 00:00:00
04/06/2024,PC-EQ-04 ,24.0,0.0,7477.7,215.6,368.0,2024-06-04 00:00:00
13/02/2025,PC_EQ_10,24.0,0.0,9078.2,175.8,400.0,2025-02-14 00:00:00
03/11/2024,PC-EQ-02	,24.0,0.0,7919.2,48.2,344.0,2024-11-04 00:00:00
06/04/2024, PC-EQ-09,24.0,0.0,3828.7,70.9,208.0,2024-04-07 00:00:00
02/03/2024,PC_EQ_09,17.5,6.5,3603.6,89.2,208.0,2024-03-03 00:00:00
28/02/2024,PCEQ01,24.0,0.0,9884.2,212.4,416.0,2024-02-29 00:00:00
26/01/2024,PC-EQ-06	,19.8,4.2,4426.3,111.8,240.0,2024-01-27 00:00:00
04/08/2024,PC_EQ_06,16.6,7.4,3012.0,73.3,240.0,2024-08-05 00:00:00
20/05/2024,PC-EQ-09 ,24.0,0.0,4580.7,69.4,208.0,2024-05-21 00:00:00
10/02/2024,PC-EQ-05	,24.0,0.0,5399.9,158.5,240.0,2024-02-11 00:00:00
11/07/2024, PC-EQ-02,24.0,0.0,7524.5,153.3,344.0,2024-07-12 00:00:00
19/06/2024,PCEQ02,12.8,11.2,3821.3,84.2,344.0,2024-06-20 00:00:00
21/08/2024,PC-EQ-04,9.9,14.1,3226.3,55.1,368.0,2024-08-22 00:00:00
19/05/2024,PCEQ05,24.0,0.0,5496.9,111.4,240.0,2024-05-20 00:00:00
04/07/2024,PC-EQ-02,24.0,0.0,6925.9,81.6,344.0,2024-07-05 00:00:00
28/09/2024,pc-eq-10,17.8,6.2,6804.2,,400.0,2024-09-29 00:00:00
27/04/2024,PCEQ02,22.1,1.9,7512.8,223.6,344.0,2024-04-28 00:00:00
20/03/2024,PC-EQ-04,24.0,0.0,8090.1,137.9,368.0,2024-03-21 00:00:00
17/03/2024, PC-EQ-05,24.0,0.0,5300.2,99.1,240.0,2024-03-18 00:00:00
02/06/2024,PCEQ08,23.3,0.7,6516.4,185.8,320.0,2024-06-03 00:00:00
24/03/2024, PC-EQ-08,24.0,0.0,6718.8,144.5,320.0,2024-03-25 00:00:00
24/06/2024,pc-eq-02,24.0,0.0,7883.0,138.7,344.0,2024-06-25 00:00:00
08/09/2024,pc-eq-08,24.0,0.0,6502.4,93.1,320.0,2024-09-09 00:00:00
22/02/2025,pc-eq-08,24.0,0.0,7277.6,139.0,320.0,2025-02-23 00:00:00
15/10/2024, PC-EQ-06,24.0,0.0,5410.0,97.9,240.0,2024-10-16 00:00:00
05/09/2024,PC-EQ-04	,24.0,0.0,8111.3,241.8,368.0,2024-09-06 00:00:00
14/12/2024,pc-eq-06,23.0,1.0,4508.9,114.0,240.0,2024-12-15 00:00:00
27/01/2024, PC-EQ-01,20.0,4.0,7522.9,,416.0,2024-01-28 00:00:00
24/01/2025,PC-EQ-07	,24.0,0.0,5855.0,170.5,280.0,2025-01-25 00:00:00
22/08/2024,PC-EQ-05 ,24.0,0.0,5127.1,119.8,240.0,2024-08-23 00:00:00
31/08/2024,PC_EQ_02,15.6,8.4,4570.7,83.6,344.0,2024-09-01 00:00:00
08/05/2024, PC-EQ-09,24.0,0.0,4753.0,,208.0,2024-05-09 00:00:00
03/02/2024,PC-EQ-04	,24.0,0.0,7746.4,227.1,368.0,2024-02-04 00:00:00
16/12/2024,PC-EQ-02,24.0,0.0,6595.4,24.5,344.0,2024-12-17 00:00:00
04/05/2024,PC-EQ-09,23.4,0.6,4474.5,45.0,208.0,2024-05-05 00:00:00
10/09/2024, PC-EQ-05,24.0,0.0,4754.3,62.2,240.0,2024-09-11 00:00:00
25/09/2024,PCEQ04,24.0,0.0,8120.3,247.5,368.0,2024-09-26 00:00:00
29/02/2024, PC-EQ-03,24.0,0.0,6669.6,111.2,304.0,2024-03-01 00:00:00
06/12/2024,PC-EQ-07,24.0,0.0,5730.2,139.6,280.0,2024-12-07 00:00:00
09/01/2024,pc-eq-09,24.0,0.0,4540.5,77.0,208.0,2024-01-10 00:00:00
14/01/2025,pc-eq-05,24.0,0.0,5297.4,165.0,240.0,2025-01-15 00:00:00
13/02/2024,PC-EQ-03	,24.0,0.0,6319.4,61.2,304.0,2024-02-14 00:00:00
10/01/2025,pc-eq-01,24.0,0.0,9401.7,189.4,416.0,2025-01-11 00:00:00
25/07/2024,PCEQ03,24.0,0.0,6369.5,117.4,304.0,2024-07-26 00:00:00
23/02/2024,PCEQ03,24.0,0.0,6463.6,118.8,304.0,2024-02-24 00:00:00
27/08/2024, PC-EQ-07,24.0,0.0,5828.6,58.1,280.0,2024-08-28 00:00:00
26/11/2024,pc-eq-06,24.0,0.0,5427.4,150.5,240.0,2024-11-27 00:00:00
07/11/2024,PC_EQ_03,24.0,0.0,6920.0,227.7,304.0,2024-11-08 00:00:00
01/12/2024, PC-EQ-02,17.2,6.8,5306.4,56.1,344.0,2024-12-02 00:00:00
24/06/2024,PC_EQ_04,24.0,0.0,8743.7,113.3,368.0,2024-06-25 00:00:00
04/06/2024,PC-EQ-01 ,22.0,2.0,9060.5,201.1,416.0,2024-06-05 00:00:00
11/02/2024,PC-EQ-06 ,24.0,0.0,4576.4,89.9,240.0,2024-02-12 00:00:00
10/03/2024,PC-EQ-05,24.0,0.0,4814.1,73.0,240.0,2024-03-11 00:00:00
04/09/2024,PC-EQ-09 ,24.0,0.0,4825.0,119.7,208.0,2024-09-05 00:00:00
23/03/2024,PC-EQ-07,24.0,0.0,5845.8,120.2,280.0,2024-03-24 00:00:00
12/11/2024,PCEQ10,24.0,0.0,8299.2,104.9,400.0,2024-11-13 00:00:00
17/04/2024,PCEQ07,24.0,0.0,6328.2,164.1,280.0,2024-04-18 00:00:00
14/11/2024,pc-eq-02,24.0,0.0,7467.5,167.2,344.0,2024-11-15 00:00:00
08/01/2024,PC-EQ-04	,22.2,1.8,7905.3,110.2,368.0,2024-01-09 00:00:00
14/04/2024,PCEQ02,24.0,0.0,7117.7,158.1,344.0,2024-04-15 00:00:00
31/07/2024,PC-EQ-06 ,24.0,0.0,5460.0,122.2,240.0,2024-08-01 00:00:00
20/08/2024,pc-eq-09,24.0,0.0,4869.6,98.6,208.0,2024-08-21 00:00:00
26/12/2024,PC-EQ-01 ,24.0,0.0,8923.5,166.7,416.0,2024-12-27 00:00:00
01/02/2024,PC-EQ-05,24.0,0.0,4778.1,150.2,240.0,2024-02-02 00:00:00
28/05/2024,pc-eq-07,24.0,0.0,6547.4,102.1,280.0,2024-05-29 00:00:00
14/11/2024,PC-EQ-07	,24.0,0.0,6589.0,39.3,280.0,2024-11-15 00:00:00
21/01/2024,PC-EQ-02	,24.0,0.0,7440.0,137.7,344.0,2024-01-22 00:00:00
23/03/2024,PC-EQ-06,24.0,0.0,5130.7,142.1,240.0,2024-03-24 00:00:00
28/11/2024,PC-EQ-09	,24.0,0.0,4554.7,117.4,208.0,2024-11-29 00:00:00
22/06/2024,pc-eq-04,10.9,13.1,3486.4,25.9,368.0,2024-06-23 00:00:00
18/05/2024, PC-EQ-06,24.0,0.0,5702.4,132.5,240.0,2024-05-19 00:00:00
09/01/2025,PCEQ10,4.0,20.0,1524.0,34.1,400.0,2025-01-10 00:00:00
31/05/2024,PC_EQ_10,17.0,7.0,5780.5,189.5,400.0,2024-06-01 00:00:00
19/05/2024, PC-EQ-10,24.0,0.0,9085.6,199.5,400.0,2024-05-20 00:00:00
06/03/2024,PC-EQ-07,24.0,0.0,6285.7,99.5,280.0,2024-03-07 00:00:00
21/09/2024,PCEQ10,9.2,14.8,3178.0,84.2,400.0,2024-09-22 00:00:00
01/08/2024,PC-EQ-10 ,24.0,0.0,8773.0,119.8,400.0,2024-08-02 00:00:00
23/07/2024,PCEQ06,24.0,0.0,4965.2,90.7,240.0,2024-07-24 00:00:00
09/04/2024,PC-EQ-08	,24.0,0.0,6729.1,111.6,320.0,2024-04-10 00:00:00
10/10/2024,pc-eq-01,22.0,2.0,8680.0,103.3,416.0,2024-10-11 00:00:00
24/05/2024,PCEQ01,24.0,0.0,9233.2,269.0,416.0,2024-05-25 00:00:00
21/08/2024,PCEQ06,14.7,9.3,3094.3,74.2,240.0,2024-08-22 00:00:00
29/08/2024,PC-EQ-08,24.0,0.0,7297.1,174.9,320.0,2024-08-30 00:00:00
16/02/2024,pc-eq-01,24.0,0.0,9561.5,157.2,416.0,2024-02-17 00:00:00
02/08/2024,PC_EQ_06,24.0,0.0,5157.2,33.6,240.0,2024-08-03 00:00:00
01/03/2024, PC-EQ-07,24.0,0.0,6383.4,153.2,280.0,2024-03-02 00:00:00
30/03/2024,PC-EQ-08	,18.3,5.7,5717.8,158.8,320.0,2024-03-31 00:00:00
22/07/2024,PC-EQ-06	,11.1,12.9,2253.1,49.9,240.0,2024-07-23 00:00:00
03/07/2024,PC-EQ-10 ,24.0,0.0,8550.3,111.7,400.0,2024-07-04 00:00:00
21/02/2024,PC-EQ-05,24.0,,5574.8,140.2,240.0,2024-02-22 00:00:00
31/03/2024,PCEQ01,24.0,0.0,9247.9,117.6,416.0,2024-04-01 00:00:00
28/01/2025,PC-EQ-05 ,22.7,1.3,4627.6,108.9,240.0,2025-01-29 00:00:00
27/04/2024,PC-EQ-04	,24.0,0.0,8459.2,74.2,368.0,2024-04-28 00:00:00
14/01/2025,pc-eq-10,24.0,0.0,8614.1,140.8,400.0,2025-01-15 00:00:00
24/03/2024,PC-EQ-01,24.0,0.0,9465.2,188.4,416.0,2024-03-25 00:00:00
21/06/2024, PC-EQ-05,4.0,20.0,928.6,24.0,240.0,2024-06-22 00:00:00
29/09/2024,PC-EQ-10,18.6,5.4,6511.1,119.0,400.0,2024-09-30 00:00:00
12/01/2024, PC-EQ-06,24.0,0.0,5702.4,66.0,240.0,2024-01-13 00:00:00
29/02/2024,PC-EQ-08 ,18.5,5.5,5019.6,92.0,320.0,2024-03-01 00:00:00
22/12/2024,PCEQ02,23.4,0.6,7436.7,170.4,344.0,2024-12-23 00:00:00
23/05/2024,PCEQ03,24.0,0.0,7223.0,137.2,304.0,2024-05-24 00:00:00
28/10/2024,PC_EQ_03,24.0,0.0,6890.4,195.7,304.0,2024-10-29 00:00:00
05/03/2024, PC-EQ-01,24.0,0.0,9884.2,281.3,416.0,2024-03-06 00:00:00
19/12/2024, PC-EQ-05,2.7,21.3,556.2,21.9,240.0,2024-12-20 00:00:00
21/04/2024,PC-EQ-03 ,19.0,5.0,5449.2,154.1,304.0,2024-04-22 00:00:00
03/02/2024,PC-EQ-01	,24.0,0.0,8419.3,130.4,416.0,2024-02-04 00:00:00
15/12/2024, PC-EQ-08,24.0,0.0,6813.2,138.7,320.0,2024-12-16 00:00:00
14/05/2024,PC-EQ-05,24.0,,5071.8,29.7,240.0,2024-05-15 00:00:00
16/08/2024,PC-EQ-05	,5.3,18.7,1124.9,34.7,240.0,2024-08-17 00:00:00
16/05/2024,PC_EQ_06,24.0,0.0,5200.4,120.9,240.0,2024-05-17 00:00:00
05/03/2024,PC_EQ_06,24.0,0.0,4863.8,133.2,240.0,2024-03-06 00:00:00
28/02/2024,PC-EQ-06 ,24.0,0.0,4878.6,137.8,240.0,2024-02-29 00:00:00
19/01/2025,pc-eq-09,24.0,0.0,4711.1,3.5,208.0,2025-01-20 00:00:00
11/12/2024,pc-eq-04,24.0,0.0,7787.3,248.4,368.0,2024-12-12 00:00:00
07/01/2024,PC-EQ-05	,24.0,0.0,5418.0,69.5,240.0,2024-01-08 00:00:00
29/06/2024,PC-EQ-10,24.0,,8776.6,149.3,400.0,2024-06-30 00:00:00
02/05/2024,PC-EQ-09,24.0,0.0,4368.6,95.4,208.0,2024-05-03 00:00:00
27/06/2024,PC-EQ-06,24.0,0.0,4933.4,53.2,240.0,2024-06-28 00:00:00
24/11/2024,PC_EQ_09,24.0,0.0,4633.8,114.4,2080.0,2024-11-25 00:00:00
20/02/2024,PC_EQ_10,24.0,0.0,8536.7,94.1,400.0,2024-02-21 00:00:00
15/09/2024,PC-EQ-03 ,16.5,7.5,3618.1,9.8,304.0,2024-09-14 00:00:00
16/10/2024,PC-EQ-03,24.0,0.0,7060.4,216.1,304.0,2024-10-17 00:00:00
17/10/2024,PCEQ10,24.0,0.0,8427.6,218.4,400.0,2024-10-18 00:00:00
01/10/2024,pc-eq-07,23.5,0.5,6078.8,88.2,280.0,2024-10-02 00:00:00
06/09/2024,pc-eq-05,24.0,0.0,5678.9,133.1,240.0,2024-09-07 00:00:00
21/02/2025,PC_EQ_03,24.0,,6153.0,192.1,304.0,2025-02-22 00:00:00
09/12/2024, PC-EQ-04,24.0,,7851.8,185.3,368.0,2024-12-10 00:00:00
15/06/2024,PCEQ03,24.0,0.0,6920.8,52.3,304.0,2024-06-16 00:00:00
16/04/2024,PC-EQ-01	,24.0,0.0,8149.8,209.4,416.0,2024-04-17 00:00:00
21/11/2024,PC-EQ-02,15.0,9.0,4891.8,191.6,344.0,2024-11-22 00:00:00
28/01/2025,PC_EQ_07,24.0,,5852.3,136.1,280.0,2025-01-29 00:00:00
05/02/2025,PC-EQ-02,24.0,0.0,6544.3,158.9,344.0,2025-02-06 00:00:00
25/03/2024,PC_EQ_10,24.0,,8302.3,98.6,400.0,2024-03-26 00:00:00
29/06/2024,PC_EQ_08,24.0,0.0,5588.6,163.9,320.0,2024-06-27 00:00:00
13/08/2024, PC-EQ-08,24.0,0.0,6496.5,145.0,320.0,2024-08-14 00:00:00
02/08/2025,PC_EQ_01,24.0,0.0,8503.7,112.7,416.0,2025-02-09 00:00:00
11/01/2025,PCEQ08,24.0,0.0,6782.7,214.8,320.0,2025-01-12 00:00:00
25/12/2024,PC-EQ-04,24.0,0.0,7884.3,144.8,368.0,2024-12-26 00:00:00
27/03/2024,pc-eq-07,24.0,0.0,5587.7,96.4,280.0,2024-03-28 00:00:00
13/03/2024,pc-eq-04,24.0,0.0,7896.3,195.6,368.0,2024-03-14 00:00:00
27/10/2024,PC-EQ-01	,24.0,0.0,9051.5,166.8,416.0,2024-10-28 00:00:00
06/06/2024,PCEQ03,24.0,0.0,6408.8,115.6,304.0,2024-06-07 00:00:00
20/03/2024,pc-eq-09,24.0,0.0,4250.8,88.4,208.0,2024-03-21 00:00:00
29/08/2024,PC_EQ_07,17.8,6.2,4426.5,18.9,280.0,2024-08-30 00:00:00
25/12/2024,pc-eq-02,24.0,0.0,7359.4,106.6,344.0,2024-12-26 00:00:00
21/05/2024,PC_EQ_03,24.0,0.0,6853.4,219.1,304.0,2024-05-22 00:00:00
04/09/2024,PC-EQ-05 ,24.0,0.0,5087.0,103.0,240.0,2024-09-05 00:00:00
13/05/2024,PC-EQ-06,17.1,6.9,3960.0,113.5,240.0,2024-05-14 00:00:00
24/01/2025,PC_EQ_04,21.6,2.4,7537.1,220.9,368.0,2025-01-25 00:00:00
18/09/2024,PCEQ07,24.0,0.0,6156.5,,280.0,2024-09-19 00:00:00
08/07/2024,pc-eq-07,14.2,9.8,3551.5,36.6,280.0,2024-07-09 00:00:00
03/07/2024, PC-EQ-05,16.4,7.6,3554.3,33.3,240.0,2024-07-04 00:00:00
31/01/2024,PC_EQ_04,24.0,0.0,8354.8,163.4,368.0,2024-02-01 00:00:00
27/05/2024,pc-eq-08,24.0,0.0,6447.7,189.3,320.0,2024-05-28 00:00:00
04/10/2024,PCEQ05,24.0,0.0,5475.3,94.4,240.0,2024-10-05 00:00:00
06/02/2024,PC-EQ-03	,24.0,0.0,7044.9,207.6,304.0,2024-02-07 00:00:00
17/04/2024,PC-EQ-04 ,24.0,0.0,8034.8,268.3,368.0,2024-04-18 00:00:00
14/05/2024,PC_EQ_10,16.2,7.8,5618.7,136.6,400.0,2024-05-15 00:00:00
23/08/2024,PC-EQ-05	,24.0,0.0,5050.1,148.9,240.0,2024-08-24 00:00:00
27/02/2025, PC-EQ-03,24.0,0.0,6724.7,76.3,304.0,2025-02-28 00:00:00
10/08/2024,PC-EQ-02	,24.0,0.0,8045.5,154.8,344.0,2024-08-11 00:00:00
29/04/2024,PC_EQ_10,24.0,0.0,8583.1,161.9,400.0,2024-04-30 00:00:00
17/06/2024,pc-eq-03,24.0,0.0,6978.8,128.9,304.0,2024-06-18 00:00:00
21/06/2024,PC_EQ_09,24.0,0.0,4241.0,46.9,208.0,2024-06-22 00:00:00
28/07/2024,PC_EQ_04,15.0,9.0,4820.9,,368.0,2024-07-29 00:00:00
27/05/2024, PC-EQ-06,24.0,0.0,5269.5,72.4,240.0,2024-05-28 00:00:00
27/09/2024,PC_EQ_09,24.0,0.0,4038.9,47.1,208.0,2024-09-28 00:00:00
28/06/2024,PC-EQ-05	,23.5,0.5,5227.7,86.3,240.0,2024-06-29 00:00:00
20/08/2024,PC-EQ-07,11.1,12.9,2800.7,45.8,280.0,2024-08-21 00:00:00
26/12/2024,PC-EQ-03	,24.0,0.0,6211.9,119.7,304.0,2024-12-27 00:00:00
19/01/2025,PC-EQ-08	,24.0,0.0,7093.6,224.5,320.0,2025-01-20 00:00:00
01/04/2024,PCEQ03,24.0,0.0,6639.2,121.3,304.0,2024-04-02 00:00:00
19/05/2024,PC-EQ-08	,19.7,4.3,5662.4,128.8,320.0,2024-05-20 00:00:00
25/02/2025, PC-EQ-04,24.0,0.0,7666.1,,368.0,2025-02-26 00:00:00
11/05/2024,PC_EQ_02,24.0,0.0,7888.6,314.3,344.0,2024-05-12 00:00:00
03/02/2024,PC-EQ-07 ,24.0,,6271.5,186.1,280.0,2024-02-04 00:00:00
09/12/2024,PCEQ07,24.0,0.0,5795.6,109.8,280.0,2024-12-10 00:00:00
13/06/2024,PCEQ01,24.0,0.0,9884.2,42.3,416.0,2024-06-14 00:00:00
08/12/2024,PC-EQ-02 ,24.0,0.0,8173.4,183.9,344.0,2024-12-09 00:00:00
28/03/2024,PC-EQ-08 ,24.0,0.0,6745.6,184.9,320.0,2024-03-29 00:00:00
10/01/2024, PC-EQ-10,24.0,0.0,8773.7,155.5,400.0,2024-01-11 00:00:00
05/01/2024,pc-eq-10,24.0,0.0,8880.4,175.9,400.0,2024-01-06 00:00:00
15/09/2024,PC_EQ_04,24.0,0.0,8220.7,167.3,368.0,2024-09-16 00:00:00
23/01/2025,PCEQ10,24.0,0.0,8418.0,148.1,400.0,2025-01-24 00:00:00
31/01/2024,pc-eq-03,15.2,8.8,4023.0,86.0,304.0,2024-02-01 00:00:00
15/11/2024,PC-EQ-06	,24.0,,4693.2,36.0,240.0,2024-11-13 00:00:00
03/10/2024,pc-eq-01,24.0,0.0,8974.1,134.0,416.0,2024-10-04 00:00:00
06/05/2024,pc-eq-01,24.0,0.0,8800.7,139.4,416.0,2024-05-07 00:00:00
25/10/2024,PCEQ08,24.0,0.0,7091.8,99.3,320.0,2024-10-26 00:00:00
28/07/2024,PC-EQ-08 ,24.0,0.0,7047.6,125.3,320.0,2024-07-29 00:00:00
21/08/2024,PC_EQ_10,17.5,6.5,6565.3,128.5,400.0,2024-08-22 00:00:00
30/11/2024,PC-EQ-06,17.7,6.3,3628.5,77.5,240.0,2024-12-01 00:00:00
27/01/2024,PC-EQ-02 ,24.0,0.0,6867.6,113.0,344.0,2024-01-28 00:00:00
12/04/2024,PC-EQ-07 ,24.0,0.0,6198.9,231.9,280.0,2024-04-13 00:00:00
01/09/2024, PC-EQ-01,24.0,0.0,8160.8,144.6,416.0,2024-09-02 00:00:00
11/06/2024,PCEQ03,24.0,0.0,6618.1,150.1,304.0,2024-06-12 00:00:00
14/11/2024,PCEQ08,24.0,0.0,6891.2,142.8,320.0,2024-11-15 00:00:00
15/10/2024,PC_EQ_08,22.9,1.1,6158.9,176.3,320.0,2024-10-13 00:00:00
20/03/2024, PC-EQ-05,24.0,0.0,4902.6,96.0,240.0,2024-03-21 00:00:00
10/07/2024, PC-EQ-08,24.0,0.0,7038.8,46.4,320.0,2024-07-11 00:00:00
21/10/2024,PC-EQ-04,24.0,0.0,7709.6,235.3,368.0,2024-10-22 00:00:00
03/04/2024,PC-EQ-02	,24.0,0.0,7116.2,236.1,344.0,2024-04-04 00:00:00
01/03/2024,PC-EQ-02 ,24.0,0.0,7271.7,180.4,344.0,2024-03-02 00:00:00
09/02/2025,PC-EQ-02	,24.0,0.0,8173.4,101.7,344.0,2025-02-10 00:00:00
23/07/2024,pc-eq-03,23.3,0.7,6162.5,186.6,304.0,2024-07-24 00:00:00
25/04/2024,PCEQ02,24.0,0.0,7578.9,182.9,344.0,2024-04-26 00:00:00
11/11/2024,PC_EQ_05,22.3,1.7,5298.5,127.7,240.0,2024-11-12 00:00:00
05/10/2024,pc-eq-07,23.4,0.6,5594.1,128.8,280.0,2024-10-06 00:00:00
02/06/2024,PCEQ05,19.7,4.3,4031.1,84.2,240.0,2024-06-03 00:00:00
06/02/2024,PC-EQ-06,24.0,0.0,5290.2,64.5,240.0,2024-02-07 00:00:00
30/07/2024,PC-EQ-09	,24.0,0.0,4557.0,31.8,208.0,2024-07-31 00:00:00
23/04/2024,PC-EQ-04 ,17.1,6.9,5413.4,111.7,368.0,2024-04-24 00:00:00
02/01/2025,PCEQ06,24.0,0.0,5313.9,34.5,240.0,2025-01-03 00:00:00
25/02/2024,PC-EQ-06 ,24.0,0.0,5702.4,86.1,240.0,2024-02-26 00:00:00
01/01/2025,pc-eq-05,24.0,,5193.9,97.6,240.0,2025-01-02 00:00:00
01/08/2024,PC-EQ-09,24.0,0.0,4612.7,84.5,208.0,2024-08-02 00:00:00
15/01/2025,PC-EQ-08,11.6,12.4,3101.3,111.3,320.0,2025-01-16 00:00:00
24/01/2025,PCEQ02,24.0,0.0,7422.7,36.7,344.0,2025-01-25 00:00:00
22/05/2024,PC-EQ-06 ,24.0,0.0,4197.5,,240.0,2024-05-20 00:00:00
21/09/2024,PC-EQ-06 ,24.0,0.0,5420.1,70.0,240.0,2024-09-22 00:00:00
08/04/2024,PC_EQ_09,24.0,0.0,4031.1,87.9,208.0,2024-04-09 00:00:00
09/01/2025, PC-EQ-04,24.0,0.0,7838.9,186.2,368.0,2025-01-10 00:00:00
27/01/2024,PC_EQ_06,24.0,0.0,4751.2,28.6,240.0,2024-01-28 00:00:00
03/04/2024,PC-EQ-01	,24.0,0.0,9386.0,261.6,416.0,2024-04-04 00:00:00
11/10/2024,PCEQ03,24.0,0.0,6522.6,123.3,304.0,2024-10-12 00:00:00
15/01/2025,PC_EQ_02,24.0,0.0,7624.5,249.1,344.0,2025-01-16 00:00:00
22/09/2024,PCEQ04,19.2,4.8,5860.0,181.6,368.0,2024-09-23 00:00:00
17/05/2024,PCEQ07,24.0,0.0,5833.2,138.5,280.0,2024-05-18 00:00:00
03/06/2024,PC-EQ-03 ,24.0,0.0,6305.5,196.1,304.0,2024-06-04 00:00:00
21/08/2024,PC-EQ-05 ,24.0,0.0,5196.6,91.7,240.0,2024-08-22 00:00:00
03/05/2024,pc-eq-07,24.0,0.0,5677.6,77.5,280.0,2024-05-04 00:00:00
02/06/2024,PC-EQ-10,22.9,1.1,9068.4,285.5,400.0,2024-06-03 00:00:00
08/09/2024,PC-EQ-02,24.0,0.0,7385.6,108.0,344.0,2024-09-09 00:00:00
23/10/2024, PC-EQ-08,24.0,0.0,6951.9,224.0,320.0,2024-10-24 00:00:00
11/07/2024, PC-EQ-08,24.0,0.0,6959.8,158.4,320.0,2024-07-12 00:00:00
16/12/2024,PC-EQ-03 ,24.0,0.0,6235.1,93.7,304.0,2024-12-17 00:00:00
11/08/2024,PC-EQ-02 ,24.0,0.0,6652.5,116.1,344.0,2024-08-12 00:00:00
16/01/2025,pc-eq-09,24.0,0.0,4734.4,17.9,208.0,2025-01-17 00:00:00
25/02/2025,PC_EQ_02,24.0,0.0,7475.9,151.6,344.0,2025-02-26 00:00:00
06/07/2024,PCEQ06,24.0,0.0,4960.7,74.5,240.0,2024-07-07 00:00:00
08/04/2024,PC-EQ-02	,24.0,0.0,7660.3,152.9,344.0,2024-04-09 00:00:00
22/11/2024, PC-EQ-10,17.3,6.7,6003.0,127.0,400.0,2024-11-23 00:00:00
07/02/2025,PC_EQ_01,24.0,0.0,8256.2,229.3,416.0,2025-02-08 00:00:00
27/02/2025,PC-EQ-02,24.0,0.0,7190.5,135.7,344.0,2025-02-28 00:00:00
21/02/2024, PC-EQ-04,24.0,0.0,7776.7,127.2,368.0,2024-02-22 00:00:00
02/05/2024,pc-eq-04,24.0,0.0,8743.7,169.2,368.0,2024-05-03 00:00:00
07/12/2024,PC-EQ-07	,24.0,0.0,6589.7,125.4,280.0,2024-12-08 00:00:00
20/02/2024,PC-EQ-07	,24.0,0.0,5720.7,129.5,280.0,2024-02-21 00:00:00
08/08/2024,pc-eq-10,24.0,0.0,9265.1,139.1,400.0,2024-08-09 00:00:00
24/11/2024,PCEQ05,24.0,0.0,5123.5,82.2,240.0,2024-11-25 00:00:00
14/03/2024, PC-EQ-02,24.0,0.0,7430.2,180.7,344.0,2024-03-15 00:00:00
25/01/2025,PC-EQ-01,24.0,0.0,9884.2,180.9,416.0,2025-01-26 00:00:00
04/11/2024,pc-eq-03,16.4,7.6,4480.6,88.0,304.0,2024-11-05 00:00:00
04/01/2025,PCEQ06,24.0,0.0,4999.8,97.4,240.0,2025-01-05 00:00:00
09/07/2024,PCEQ10,24.0,,8871.4,187.6,400.0,2024-07-10 00:00:00
22/10/2024, PC-EQ-03,24.0,0.0,5890.0,,304.0,2024-10-23 00:00:00
24/11/2024,PC_EQ_03,24.0,0.0,6564.0,164.7,304.0,2024-11-25 00:00:00
03/03/2024,PC-EQ-02	,24.0,0.0,7281.3,271.4,344.0,2024-03-04 00:00:00
28/03/2024, PC-EQ-09,24.0,0.0,4346.2,24.6,208.0,2024-03-29 00:00:00
13/09/2024,PC-EQ-04 ,15.6,8.4,4976.6,128.9,368.0,2024-09-14 00:00:00
10/01/2024,PC-EQ-05	,24.0,0.0,5045.0,189.6,240.0,2024-01-11 00:00:00
17/06/2024,PC-EQ-02 ,24.0,0.0,7545.1,225.0,344.0,2024-06-18 00:00:00
06/12/2024,pc-eq-03,24.0,0.0,6951.3,211.8,304.0,2024-12-07 00:00:00
28/06/2024,PC-EQ-09	,24.0,0.0,4487.1,84.1,208.0,2024-06-29 00:00:00
07/06/2024,PC-EQ-04,21.8,2.2,7478.0,122.8,368.0,2024-06-08 00:00:00
16/01/2025,PC-EQ-06	,24.0,0.0,5634.6,149.9,240.0,2025-01-17 00:00:00
26/09/2024,PC-EQ-07	,24.0,0.0,6390.9,91.7,280.0,2024-09-27 00:00:00
10/03/2024,pc-eq-02,24.0,0.0,7707.4,93.8,344.0,2024-03-11 00:00:00
12/04/2024,pc-eq-06,24.0,0.0,5306.9,159.5,240.0,2024-04-13 00:00:00
23/01/2024,PC_EQ_09,24.0,0.0,4942.1,168.0,208.0,2024-01-24 00:00:00
24/01/2024,pc-eq-09,24.0,0.0,4225.0,82.1,208.0,2024-01-25 00:00:00
30/07/2024,PCEQ01,24.0,0.0,8909.8,140.4,416.0,2024-07-31 00:00:00
07/02/2025,pc-eq-07,24.0,0.0,5970.9,203.9,280.0,2025-02-08 00:00:00
21/06/2024,pc-eq-03,24.0,0.0,6687.7,138.5,304.0,2024-06-22 00:00:00
29/07/2024,PC-EQ-09 ,24.0,0.0,4442.9,97.5,208.0,2024-07-30 00:00:00
13/01/2025,PC-EQ-06	,24.0,0.0,5124.3,164.4,240.0,2025-01-14 00:00:00
09/02/2025,PC-EQ-07	,24.0,0.0,6452.4,183.2,280.0,2025-02-10 00:00:00
13/08/2024,pc-eq-03,24.0,0.0,6727.0,128.0,304.0,2024-08-14 00:00:00
08/10/2024,PCEQ03,24.0,0.0,6689.9,131.2,304.0,2024-10-09 00:00:00
16/02/2025,PC-EQ-06,24.0,0.0,3898.4,51.3,240.0,2025-02-15 00:00:00
04/08/2024,PC-EQ-04,24.0,,7516.9,115.2,368.0,2024-08-05 00:00:00
19/04/2024,PC-EQ-10,24.0,0.0,8512.1,174.1,400.0,2024-04-20 00:00:00
01/06/2024,PC-EQ-07	,24.0,0.0,6617.0,62.9,280.0,2024-06-02 00:00:00
13/06/2024, PC-EQ-08,21.4,2.6,6349.5,152.3,320.0,2024-06-14 00:00:00
25/10/2024,PC-EQ-06,24.0,0.0,4631.7,110.0,240.0,2024-10-24 00:00:00
21/03/2024,PC-EQ-08	,24.0,0.0,7201.5,105.4,320.0,2024-03-22 00:00:00
30/09/2024,PC-EQ-10 ,24.0,,8508.6,201.4,400.0,2024-10-01 00:00:00
25/11/2024,PCEQ08,17.0,7.0,5385.6,99.9,320.0,2024-11-26 00:00:00
22/03/2024, PC-EQ-04,24.0,0.0,7836.4,246.6,368.0,2024-03-23 00:00:00
21/12/2024, PC-EQ-04,22.0,2.0,7079.3,125.7,368.0,2024-12-22 00:00:00
31/08/2024,PC_EQ_07,24.0,0.0,5886.3,83.8,280.0,2024-09-01 00:00:00
12/03/2024,PC_EQ_08,22.5,1.5,6898.6,112.7,320.0,2024-03-13 00:00:00
28/12/2024,PCEQ08,24.0,0.0,6665.2,90.1,320.0,2024-12-29 00:00:00
13/08/2024,pc-eq-10,22.3,1.7,8379.8,177.3,400.0,2024-08-14 00:00:00
01/12/2024,PC-EQ-10 ,24.0,0.0,9293.4,272.9,400.0,2024-12-02 00:00:00
15/01/2025,PC_EQ_10,19.5,4.5,6817.1,146.3,400.0,2025-01-16 00:00:00
26/09/2024,PC-EQ-05,4.0,20.0,886.6,24.7,240.0,2024-09-27 00:00:00
12/05/2024, PC-EQ-06,24.0,0.0,5175.2,98.4,240.0,2024-05-13 00:00:00
01/10/2024,PC-EQ-10,4.0,,1469.7,8.1,400.0,2024-10-02 00:00:00
14/10/2024, PC-EQ-03,24.0,0.0,6827.8,102.0,304.0,2024-10-15 00:00:00
02/12/2024,PC-EQ-09	,23.5,0.5,4610.6,116.0,208.0,2024-12-03 00:00:00
31/10/2024,PC_EQ_01,24.0,,8580.8,,416.0,2024-11-01 00:00:00
10/02/2024,PC_EQ_08,24.0,0.0,7174.0,173.3,320.0,2024-02-11 00:00:00
30/03/2024,pc-eq-02,24.0,0.0,7594.0,110.6,344.0,2024-03-31 00:00:00
06/09/2024,PC-EQ-06,17.8,6.2,3992.1,125.3,240.0,2024-09-07 00:00:00
16/04/2024,PC-EQ-10 ,24.0,0.0,8944.8,185.4,400.0,2024-04-17 00:00:00
27/04/2024,PCEQ07,24.0,0.0,6641.5,208.8,280.0,2024-04-28 00:00:00
03/02/2024,PCEQ06,24.0,0.0,4946.1,98.6,240.0,2024-02-04 00:00:00
27/03/2024, PC-EQ-05,24.0,0.0,5301.3,118.1,240.0,2024-03-28 00:00:00
29/02/2024,PC-EQ-04	,24.0,0.0,7479.7,177.1,368.0,2024-03-01 00:00:00
25/08/2024,pc-eq-09,24.0,0.0,4325.6,103.4,208.0,2024-08-26 00:00:00
09/03/2024,PCEQ04,24.0,0.0,8134.8,250.7,368.0,2024-03-10 00:00:00
19/04/2024,PC-EQ-06 ,24.0,0.0,5362.3,45.5,240.0,2024-04-20 00:00:00
06/07/2024,PCEQ01,24.0,0.0,9397.3,233.8,416.0,2024-07-07 00:00:00
28/06/2024,PC-EQ-07 ,24.0,0.0,6435.9,,280.0,2024-06-29 00:00:00
08/02/2025, PC-EQ-03,24.0,0.0,6127.6,80.0,304.0,2025-02-09 00:00:00
23/02/2025,pc-eq-06,24.0,0.0,5675.7,55.3,240.0,2025-02-24 00:00:00
02/04/2024,PCEQ02,24.0,0.0,6923.2,126.5,344.0,2024-04-03 00:00:00
31/12/2024,PCEQ03,24.0,0.0,6866.7,197.3,304.0,2025-01-01 00:00:00
06/02/2025,PCEQ04,24.0,0.0,8333.8,145.3,368.0,2025-02-07 00:00:00
28/01/2024,PC_EQ_07,24.0,0.0,5677.7,119.4,280.0,2024-01-29 00:00:00
01/05/2024,PC-EQ-03	,24.0,0.0,6266.4,44.8,304.0,2024-05-02 00:00:00
27/05/2024,PC-EQ-07	,24.0,0.0,5569.4,182.5,280.0,2024-05-28 00:00:00
05/10/2024,PC_EQ_03,24.0,0.0,6749.5,171.8,304.0,2024-10-06 00:00:00
22/12/2024,PC-EQ-07	,24.0,0.0,5356.5,124.2,280.0,2024-12-23 00:00:00
01/05/2024, PC-EQ-07,24.0,0.0,6000.8,222.8,280.0,2024-05-02 00:00:00
17/12/2024,PC_EQ_06,24.0,0.0,5476.2,168.7,240.0,2024-12-18 00:00:00
25/02/2024, PC-EQ-04,24.0,0.0,7904.3,314.7,368.0,2024-02-26 00:00:00
15/04/2024,PC-EQ-03,24.0,,6851.3,156.0,304.0,2024-04-16 00:00:00
14/02/2024,PCEQ04,24.0,0.0,6701.5,157.8,368.0,2024-02-13 00:00:00
09/11/2024,PC_EQ_08,24.0,0.0,7076.8,160.5,320.0,2024-11-10 00:00:00
09/04/2024, PC-EQ-01,24.0,0.0,8799.2,279.7,416.0,2024-04-10 00:00:00
17/01/2024,pc-eq-02,24.0,0.0,8056.1,169.9,344.0,2024-01-18 00:00:00
28/08/2024,PCEQ06,24.0,0.0,5350.0,155.5,240.0,2024-08-29 00:00:00
15/05/2024, PC-EQ-05,19.5,4.5,4289.8,54.2,240.0,2024-05-16 00:00:00
07/04/2024,PC_EQ_05,4.0,20.0,890.7,20.8,240.0,2024-04-08 00:00:00
14/04/2024,PC_EQ_01,24.0,0.0,8659.5,241.6,416.0,2024-04-15 00:00:00
21/02/2024,pc-eq-01,24.0,0.0,7861.2,175.7,416.0,2024-02-22 00:00:00
20/10/2024, PC-EQ-09,24.0,0.0,4025.2,15.2,208.0,2024-10-21 00:00:00
30/05/2024,PC_EQ_10,24.0,0.0,8848.3,214.3,400.0,2024-05-31 00:00:00
30/08/2024,pc-eq-03,24.0,0.0,6020.7,171.0,304.0,2024-08-31 00:00:00
22/02/2025,PC-EQ-03	,24.0,0.0,6550.9,152.5,304.0,2025-02-23 00:00:00
21/01/2024,PC-EQ-09 ,17.0,7.0,3013.3,84.7,208.0,2024-01-19 00:00:00
09/11/2024,PCEQ01,20.2,3.8,7475.2,,416.0,2024-11-10 00:00:00
20/11/2024,PC-EQ-06,24.0,0.0,5172.6,136.6,240.0,2024-11-21 00:00:00
18/04/2024,PC-EQ-08 ,24.0,0.0,7159.2,44.7,320.0,2024-04-19 00:00:00
09/08/2024, PC-EQ-03,24.0,0.0,6587.5,120.6,304.0,2024-08-10 00:00:00
03/11/2024,PC-EQ-05,24.0,0.0,5496.0,61.2,240.0,2024-11-04 00:00:00
29/06/2024,PC_EQ_07,24.0,0.0,6392.0,53.2,280.0,2024-06-30 00:00:00
09/10/2024,PC-EQ-08,24.0,0.0,7390.8,233.6,320.0,2024-10-10 00:00:00
30/06/2024,PC-EQ-10	,21.3,2.7,7652.4,167.5,400.0,2024-07-01 00:00:00
02/09/2024,PC-EQ-05	,24.0,0.0,5274.5,50.8,240.0,2024-09-03 00:00:00
27/09/2024,PCEQ07,24.0,0.0,5347.8,76.0,280.0,2024-09-28 00:00:00
06/04/2024,PC-EQ-01	,24.0,0.0,8862.2,199.6,416.0,2024-04-07 00:00:00
25/09/2024,PC-EQ-10,24.0,0.0,8505.0,99.4,400.0,2024-09-26 00:00:00
23/09/2024,PC_EQ_04,24.0,0.0,7598.0,116.9,368.0,2024-09-24 00:00:00
15/01/2024,PC_EQ_08,20.7,3.3,6031.5,122.2,320.0,2024-01-16 00:00:00
24/09/2024,PCEQ02,24.0,0.0,7705.3,247.9,344.0,2024-09-25 00:00:00
24/01/2024,PC-EQ-03 ,24.0,0.0,6388.0,215.5,304.0,2024-01-25 00:00:00
14/02/2024, PC-EQ-08,24.0,0.0,6890.8,238.0,320.0,2024-02-15 00:00:00
11/02/2024,pc-eq-02,24.0,0.0,7340.1,84.4,344.0,2024-02-12 00:00:00
02/11/2024,PC_EQ_02,24.0,0.0,7143.1,208.6,344.0,2024-11-03 00:00:00
12/10/2024,PC-EQ-09 ,24.0,0.0,4678.7,109.2,208.0,2024-10-13 00:00:00
19/11/2024,PC-EQ-01	,22.7,1.3,8734.5,169.2,416.0,2024-11-20 00:00:00
02/06/2024,PC-EQ-01,24.0,0.0,8925.0,179.4,416.0,2024-06-03 00:00:00
08/12/2024,PC_EQ_03,19.2,4.8,5252.1,144.6,304.0,2024-12-09 00:00:00
24/12/2024,PC-EQ-06 ,24.0,0.0,5402.8,,240.0,2024-12-25 00:00:00
05/03/2024,PC-EQ-05 ,24.0,0.0,5290.1,85.6,240.0,2024-03-06 00:00:00
01/12/2024,PC-EQ-03,24.0,0.0,6527.8,211.2,304.0,2024-12-02 00:00:00
06/05/2024,PC-EQ-08	,24.0,0.0,6644.9,61.9,320.0,2024-05-07 00:00:00
07/09/2024,PC_EQ_05,24.0,0.0,5496.6,95.8,240.0,2024-09-08 00:00:00
01/07/2024,PCEQ06,17.5,6.5,3451.2,60.9,240.0,2024-07-02 00:00:00
05/06/2024,PC_EQ_01,24.0,0.0,9602.0,270.0,416.0,2024-06-06 00:00:00
29/12/2024,PC-EQ-10	,24.0,0.0,9243.1,275.5,400.0,2024-12-30 00:00:00
11/10/2024,PCEQ05,24.0,0.0,5284.9,64.5,240.0,2024-10-12 00:00:00
13/04/2024,PCEQ08,22.4,1.6,6240.6,22.1,320.0,2024-04-14 00:00:00
18/02/2024,PC_EQ_01,24.0,0.0,8799.2,183.3,416.0,2024-02-19 00:00:00
23/10/2024,PCEQ07,18.8,5.2,4908.2,138.1,280.0,2024-10-24 00:00:00
17/12/2024,PC-EQ-04 ,24.0,0.0,6696.0,176.9,368.0,2024-12-15 00:00:00
18/03/2024,pc-eq-05,24.0,0.0,5129.9,58.0,240.0,2024-03-19 00:00:00
20/06/2024,PC-EQ-08 ,24.0,0.0,6347.0,199.8,320.0,2024-06-21 00:00:00
20/02/2025,PC-EQ-06	,24.0,0.0,5071.9,70.4,240.0,2025-02-21 00:00:00
20/02/2025,pc-eq-09,24.0,0.0,4581.2,71.6,208.0,2025-02-21 00:00:00
11/04/2024,PCEQ05,24.0,0.0,5367.1,80.9,240.0,2024-04-12 00:00:00
03/09/2024,pc-eq-04,10.5,13.5,3301.8,76.3,368.0,2024-09-04 00:00:00
02/03/2024,PC-EQ-05	,24.0,0.0,5324.3,152.3,240.0,2024-03-03 00:00:00
22/06/2024,PCEQ08,24.0,0.0,6029.0,82.8,320.0,2024-06-20 00:00:00
03/01/2025,PC-EQ-01 ,24.0,0.0,9764.7,139.6,416.0,2025-01-04 00:00:00
28/12/2024,PC-EQ-06	,24.0,0.0,5297.6,61.4,240.0,2024-12-29 00:00:00
28/07/2024,PC_EQ_03,20.2,3.8,5927.0,67.6,304.0,2024-07-29 00:00:00
21/10/2024,PCEQ10,24.0,0.0,7590.8,100.5,400.0,2024-10-22 00:00:00
09/11/2024,PC_EQ_09,24.0,0.0,4458.4,98.2,2080.0,2024-11-10 00:00:00
04/05/2024,PC_EQ_10,24.0,0.0,8547.3,183.7,400.0,2024-05-05 00:00:00
30/11/2024,pc-eq-02,24.0,0.0,7741.1,,344.0,2024-12-01 00:00:00
20/10/2024, PC-EQ-01,24.0,0.0,9249.8,244.0,416.0,2024-10-21 00:00:00
30/01/2024,PC-EQ-02,24.0,0.0,7458.4,209.2,344.0,2024-01-31 00:00:00
08/02/2024,PC-EQ-09,24.0,0.0,4881.7,79.1,208.0,2024-02-09 00:00:00
29/02/2024,PCEQ01,24.0,0.0,8526.0,266.2,416.0,2024-03-01 00:00:00
24/02/2024,pc-eq-02,24.0,0.0,8173.4,189.8,344.0,2024-02-25 00:00:00
04/01/2024,PC-EQ-07	,24.0,0.0,5897.2,,280.0,2024-01-05 00:00:00
28/11/2024,pc-eq-03,15.8,8.2,4039.7,71.1,304.0,2024-11-29 00:00:00
23/03/2024,PC-EQ-10,24.0,0.0,8388.3,185.6,400.0,2024-03-24 00:00:00
21/05/2024,PC_EQ_10,24.0,0.0,8054.9,194.9,400.0,2024-05-22 00:00:00
02/10/2024,PC-EQ-04 ,24.0,0.0,8623.8,211.4,368.0,2024-10-03 00:00:00
23/04/2024,PC-EQ-07,24.0,0.0,5608.1,138.8,280.0,2024-04-21 00:00:00
06/12/2024,PC_EQ_09,24.0,0.0,4594.8,103.4,208.0,2024-12-07 00:00:00
07/04/2024,PC_EQ_04,24.0,0.0,8743.7,185.8,368.0,2024-04-08 00:00:00
28/05/2024,PCEQ03,24.0,0.0,6486.5,36.3,304.0,2024-05-29 00:00:00
29/05/2024,PC-EQ-02,24.0,0.0,7665.3,193.9,344.0,2024-05-30 00:00:00
09/10/2024,PCEQ09,24.0,0.0,4845.2,61.7,208.0,2024-10-10 00:00:00
07/09/2024,pc-eq-06,24.0,0.0,5229.0,48.6,240.0,2024-09-08 00:00:00
14/01/2024,PC-EQ-06 ,23.1,0.9,4549.1,25.0,240.0,2024-01-15 00:00:00
22/10/2024,PC-EQ-10,23.2,0.8,7762.0,59.3,400.0,2024-10-23 00:00:00
08/07/2024,PC-EQ-05	,24.0,0.0,5334.0,125.0,240.0,2024-07-09 00:00:00
27/02/2025,PCEQ04,24.0,0.0,7267.6,91.2,368.0,2025-02-28 00:00:00
05/11/2024,PCEQ05,24.0,0.0,5122.7,41.5,240.0,2024-11-06 00:00:00
28/02/2025,PCEQ01,24.0,0.0,8503.7,204.6,416.0,2025-03-01 00:00:00
26/12/2024,PC-EQ-10 ,24.0,0.0,9148.2,180.3,400.0,2024-12-27 00:00:00
26/02/2024,PC-EQ-06 ,24.0,0.0,5355.2,102.1,240.0,2024-02-27 00:00:00
28/10/2024,PC_EQ_08,24.0,0.0,6511.6,90.3,320.0,2024-10-29 00:00:00
02/04/2024,PC-EQ-04	,24.0,0.0,7632.1,149.6,368.0,2024-04-03 00:00:00
14/12/2024,PC-EQ-04,4.0,20.0,1393.2,26.4,368.0,2024-12-15 00:00:00
12/01/2025,PC-EQ-02,24.0,,6814.9,35.4,344.0,2025-01-13 00:00:00
01/02/2024,PC-EQ-02,13.2,10.8,3862.6,26.1,344.0,2024-02-02 00:00:00
22/03/2024,pc-eq-10,24.0,0.0,8150.8,215.1,400.0,2024-03-23 00:00:00
03/06/2024, PC-EQ-06,21.0,3.0,4856.3,105.4,240.0,2024-06-04 00:00:00
18/07/2024,PC-EQ-03 ,24.0,0.0,6765.6,34.3,304.0,2024-07-19 00:00:00
04/01/2025,PC-EQ-10	,24.0,0.0,8771.1,152.3,400.0,2025-01-05 00:00:00
03/10/2024,PC-EQ-04 ,24.0,0.0,7408.9,198.8,368.0,2024-10-04 00:00:00
26/10/2024,pc-eq-04,24.0,0.0,8252.4,154.6,368.0,2024-10-27 00:00:00
05/03/2024, PC-EQ-09,24.0,0.0,4448.3,56.1,208.0,2024-03-06 00:00:00
20/09/2024,PC-EQ-10,24.0,0.0,8802.0,77.1,400.0,2024-09-21 00:00:00
03/01/2025, PC-EQ-04,24.0,0.0,7816.8,247.8,368.0,2025-01-04 00:00:00
15/02/2024,PC-EQ-03,24.0,0.0,7223.0,126.6,304.0,2024-02-16 00:00:00
24/02/2024,PC_EQ_10,24.0,0.0,8139.0,204.2,400.0,2024-02-23 00:00:00
18/05/2024,PCEQ02,14.7,9.3,5006.2,78.3,344.0,2024-05-19 00:00:00
13/04/2024,PC-EQ-01	,24.0,,8135.4,92.8,416.0,2024-04-14 00:00:00
07/11/2024,pc-eq-05,22.2,,4851.8,87.8,240.0,2024-11-08 00:00:00
23/07/2024,PC_EQ_02,24.0,0.0,7202.6,172.6,344.0,2024-07-24 00:00:00
07/01/2024,PC-EQ-04 ,24.0,0.0,7909.1,214.0,368.0,2024-01-08 00:00:00
02/07/2024,PC_EQ_03,24.0,0.0,7223.0,76.9,304.0,2024-07-03 00:00:00
19/12/2024, PC-EQ-08,24.0,0.0,6495.0,126.8,320.0,2024-12-20 00:00:00
16/01/2024,pc-eq-04,24.0,0.0,7358.2,109.1,368.0,2024-01-17 00:00:00
18/12/2024,PC-EQ-03 ,24.0,0.0,5998.4,145.5,304.0,2024-12-16 00:00:00
09/09/2024,PCEQ04,24.0,0.0,8743.7,230.7,368.0,2024-09-10 00:00:00
03/02/2025,pc-eq-08,24.0,0.0,6842.7,112.7,320.0,2025-02-04 00:00:00
13/07/2024,PC-EQ-09,24.0,0.0,4360.7,72.4,208.0,2024-07-14 00:00:00
05/01/2025,PC-EQ-03,18.6,5.4,4799.7,192.3,304.0,2025-01-06 00:00:00
19/02/2024,PC_EQ_03,24.0,0.0,6379.7,125.7,304.0,2024-02-20 00:00:00
29/08/2024,PC-EQ-02	,24.0,0.0,7696.8,40.7,344.0,2024-08-30 00:00:00
11/06/2024,PC_EQ_10,24.0,0.0,8740.0,157.2,400.0,2024-06-12 00:00:00
09/06/2024,PC_EQ_01,24.0,0.0,8321.8,113.3,416.0,2024-06-10 00:00:00
22/02/2024, PC-EQ-04,24.0,0.0,8326.1,198.5,368.0,2024-02-23 00:00:00
24/12/2024, PC-EQ-09,24.0,0.0,4843.3,106.2,208.0,2024-12-25 00:00:00
24/02/2025,PC_EQ_06,24.0,0.0,4666.9,143.2,240.0,2025-02-25 00:00:00
05/04/2024,PC-EQ-04 ,4.0,20.0,1336.1,35.5,368.0,2024-04-06 00:00:00
27/12/2024,PC_EQ_07,24.0,0.0,5929.4,88.4,280.0,2024-12-28 00:00:00
18/05/2024,PC-EQ-05,4.0,20.0,918.0,24.4,240.0,2024-05-19 00:00:00
25/08/2024,PC-EQ-01 ,24.0,0.0,7958.7,178.2,416.0,2024-08-26 00:00:00
04/06/2024,pc-eq-07,24.0,0.0,6006.9,173.5,280.0,2024-06-05 00:00:00
19/04/2024,pc-eq-04,24.0,0.0,8118.1,100.8,368.0,2024-04-20 00:00:00
02/02/2024,PC-EQ-08	,24.0,0.0,6624.8,169.0,320.0,2024-02-03 00:00:00
09/02/2025,PC-EQ-08	,24.0,0.0,7466.2,148.5,320.0,2025-02-10 00:00:00
24/06/2024, PC-EQ-05,22.9,1.1,4802.7,109.2,240.0,2024-06-25 00:00:00
11/07/2024, PC-EQ-06,24.0,0.0,5395.5,104.2,240.0,2024-07-12 00:00:00
15/06/2024, PC-EQ-04,24.0,0.0,8159.8,298.4,368.0,2024-06-16 00:00:00
03/12/2024,PC-EQ-01	,24.0,0.0,8147.1,177.5,416.0,2024-12-04 00:00:00
20/08/2024,PC_EQ_04,24.0,0.0,7675.0,180.6,368.0,2024-08-21 00:00:00
13/04/2024,PC-EQ-04	,4.0,20.0,1305.6,37.0,368.0,2024-04-14 00:00:00
04/11/2024,PC-EQ-05 ,24.0,0.0,5301.8,112.5,240.0,2024-11-05 00:00:00
19/10/2024,PC_EQ_09,24.0,0.0,4942.1,170.0,208.0,2024-10-20 00:00:00
26/03/2024,PCEQ01,24.0,0.0,8491.3,228.5,416.0,2024-03-25 00:00:00
09/01/2025,PC-EQ-05,24.0,0.0,5000.6,103.7,240.0,2025-01-10 00:00:00
23/05/2024,PC_EQ_08,22.6,1.4,6400.6,150.4,320.0,2024-05-24 00:00:00
22/05/2024,PC-EQ-10	,24.0,0.0,9213.0,246.9,400.0,2024-05-23 00:00:00
19/04/2024,PC-EQ-02 ,24.0,0.0,6721.0,146.7,344.0,2024-04-20 00:00:00
12/05/2024,PCEQ04,4.3,19.7,1467.6,32.0,368.0,2024-05-13 00:00:00
24/02/2025, PC-EQ-03,24.0,0.0,6685.5,146.1,304.0,2025-02-25 00:00:00
14/03/2024,PC-EQ-01 ,24.0,0.0,8621.2,129.3,416.0,2024-03-15 00:00:00
09/03/2024, PC-EQ-10,24.0,0.0,8558.8,246.1,400.0,2024-03-10 00:00:00
24/02/2025,PC-EQ-07	,24.0,,6055.8,82.5,280.0,2025-02-25 00:00:00
31/01/2025,pc-eq-08,23.2,0.8,6008.1,113.8,320.0,2025-02-01 00:00:00
28/08/2024,PC-EQ-03	,24.0,0.0,7223.0,151.9,304.0,2024-08-29 00:00:00
01/02/2025,PC-EQ-04	,16.2,7.8,5302.2,88.0,368.0,2025-02-02 00:00:00
11/05/2024,PC-EQ-10	,24.0,0.0,8848.7,158.6,400.0,2024-05-12 00:00:00
06/03/2024, PC-EQ-05,6.3,17.7,1449.4,26.0,240.0,2024-03-07 00:00:00
08/07/2024,PC_EQ_09,24.0,0.0,4102.0,91.7,208.0,2024-07-09 00:00:00
21/02/2024,PC-EQ-03	,23.1,0.9,6239.6,183.3,304.0,2024-02-22 00:00:00
16/01/2024, PC-EQ-03,24.0,0.0,6389.8,167.4,304.0,2024-01-17 00:00:00
01/05/2024,PC_EQ_04,24.0,0.0,8203.1,180.4,368.0,2024-05-02 00:00:00
01/11/2024,pc-eq-08,24.0,0.0,7260.5,173.7,320.0,2024-11-02 00:00:00
05/05/2024,PC_EQ_10,24.0,0.0,9089.2,150.3,400.0,2024-05-06 00:00:00
17/10/2024,PCEQ05,24.0,0.0,5661.0,52.2,240.0,2024-10-18 00:00:00
18/06/2024, PC-EQ-09,23.0,1.0,4165.3,27.0,208.0,2024-06-19 00:00:00
12/02/2025, PC-EQ-04,24.0,0.0,7763.5,149.0,368.0,2025-02-13 00:00:00
19/11/2024,pc-eq-08,24.0,0.0,6680.1,106.8,320.0,2024-11-20 00:00:00
17/04/2024,PCEQ03,24.0,,6341.2,214.9,304.0,2024-04-18 00:00:00
02/05/2024,PC-EQ-10 ,24.0,0.0,8305.9,223.3,400.0,2024-05-03 00:00:00
10/09/2024,PC-EQ-10,22.5,1.5,7913.4,122.0,400.0,2024-09-11 00:00:00
01/09/2024,PC-EQ-05	,24.0,0.0,5369.0,43.3,240.0,2024-09-02 00:00:00
17/11/2024,PC_EQ_02,24.0,0.0,7718.5,287.5,344.0,2024-11-18 00:00:00
27/08/2024, PC-EQ-01,24.0,0.0,8604.4,126.4,416.0,2024-08-28 00:00:00
22/05/2024,PC-EQ-01,24.0,0.0,8276.3,146.9,416.0,2024-05-23 00:00:00
09/04/2024,PC-EQ-05 ,23.5,0.5,5478.5,117.2,240.0,2024-04-10 00:00:00
03/06/2024,pc-eq-05,21.2,,4461.5,116.6,240.0,2024-06-04 00:00:00
09/01/2025,PCEQ07,24.0,0.0,5619.6,128.6,280.0,2025-01-10 00:00:00
23/07/2024,PCEQ09,24.0,0.0,4794.0,134.7,208.0,2024-07-24 00:00:00
12/09/2024,PC-EQ-02 ,24.0,0.0,7242.7,166.5,344.0,2024-09-13 00:00:00
25/03/2024,PC-EQ-04	,24.0,0.0,8131.8,229.9,368.0,2024-03-26 00:00:00
12/01/2024,PC-EQ-09 ,16.1,7.9,2497.5,62.3,208.0,2024-12-02 00:00:00
01/01/2024,PC-EQ-01	,24.0,0.0,9469.5,161.2,416.0,2024-01-02 00:00:00
25/04/2024,PC_EQ_05,19.5,4.5,4041.0,29.5,240.0,2024-04-26 00:00:00
22/11/2024,PC-EQ-09	,22.5,1.5,4297.1,124.7,208.0,2024-11-23 00:00:00
20/06/2024,pc-eq-04,23.4,0.6,6813.1,118.7,368.0,2024-06-21 00:00:00
12/12/2024,PC-EQ-04,24.0,0.0,8135.5,200.8,368.0,2024-12-13 00:00:00
11/06/2024,PC_EQ_09,24.0,0.0,4409.2,91.5,208.0,2024-06-12 00:00:00
25/05/2024,PCEQ09,24.0,0.0,4785.2,129.3,208.0,2024-05-26 00:00:00
12/08/2024,PC-EQ-10	,24.0,0.0,8691.1,14.7,400.0,2024-08-13 00:00:00
09/01/2024,PC_EQ_06,24.0,0.0,5580.0,120.4,240.0,2024-01-10 00:00:00
22/12/2024,PC-EQ-05,22.7,1.3,5320.5,111.6,240.0,2024-12-23 00:00:00
29/01/2025,PC_EQ_03,9.6,14.4,2539.9,45.4,304.0,2025-01-30 00:00:00
13/04/2024,PC-EQ-03,24.0,0.0,6233.4,213.0,304.0,2024-04-14 00:00:00
09/11/2024, PC-EQ-06,24.0,0.0,5102.7,79.4,240.0,2024-11-10 00:00:00
24/01/2025,PC-EQ-10 ,24.0,0.0,8322.1,320.1,400.0,2025-01-25 00:00:00
17/11/2024, PC-EQ-04,24.0,0.0,7269.4,106.6,368.0,2024-11-18 00:00:00
07/08/2024,pc-eq-08,24.0,0.0,7227.4,169.2,320.0,2024-08-08 00:00:00
13/11/2024,pc-eq-10,22.0,2.0,7609.1,165.7,400.0,2024-11-14 00:00:00
01/04/2024,PC-EQ-06 ,24.0,0.0,4895.3,87.7,240.0,2024-04-02 00:00:00
09/09/2024, PC-EQ-05,24.0,0.0,5702.4,159.6,240.0,2024-09-10 00:00:00
10/01/2025,PC_EQ_02,24.0,0.0,7390.5,104.3,344.0,2025-01-11 00:00:00
07/02/2025,PC_EQ_04,16.4,7.6,5050.5,56.1,368.0,2025-02-08 00:00:00
26/09/2024,PCEQ10,24.0,0.0,8375.9,136.9,400.0,2024-09-27 00:00:00
09/06/2024,PC-EQ-09,24.0,0.0,4868.6,171.7,208.0,2024-06-10 00:00:00
03/04/2024, PC-EQ-07,24.0,0.0,6116.0,72.3,280.0,2024-04-04 00:00:00
21/06/2024,PCEQ06,24.0,0.0,4821.0,78.0,240.0,2024-06-22 00:00:00
10/12/2024, PC-EQ-02,24.0,0.0,8121.1,131.7,344.0,2024-12-11 00:00:00
17/01/2024, PC-EQ-07,24.0,0.0,5882.9,133.1,280.0,2024-01-18 00:00:00
19/12/2024, PC-EQ-07,24.0,0.0,6059.6,190.7,280.0,2024-12-20 00:00:00
09/12/2024,PCEQ03,24.0,,7223.0,233.3,304.0,2024-12-10 00:00:00
30/04/2024,pc-eq-10,18.3,5.7,6354.2,76.8,400.0,2024-05-01 00:00:00
06/04/2024,pc-eq-04,24.0,0.0,7561.0,108.2,368.0,2024-04-07 00:00:00
28/10/2024,PC-EQ-04 ,24.0,0.0,8387.5,152.8,368.0,2024-10-29 00:00:00
09/03/2024,pc-eq-08,24.0,0.0,6517.3,138.9,320.0,2024-03-10 00:00:00
18/01/2024,PC-EQ-07,24.0,0.0,5713.6,85.9,280.0,2024-01-19 00:00:00
17/09/2024, PC-EQ-04,24.0,0.0,7942.8,124.9,368.0,2024-09-18 00:00:00
11/09/2024,PC-EQ-06 ,24.0,0.0,5273.1,64.4,240.0,2024-09-12 00:00:00
08/09/2024,PC_EQ_10,24.0,0.0,9127.5,273.0,400.0,2024-09-09 00:00:00
25/07/2024,PCEQ05,15.2,8.8,3307.5,72.8,240.0,2024-07-26 00:00:00
24/10/2024,PC-EQ-03,24.0,0.0,6830.4,100.7,304.0,2024-10-25 00:00:00
09/01/2025,PC-EQ-01	,24.0,0.0,9616.7,271.3,416.0,2025-01-10 00:00:00
24/07/2024,PC-EQ-05	,17.0,7.0,4039.2,118.5,240.0,2024-07-25 00:00:00
23/04/2024,pc-eq-08,24.0,0.0,7036.0,41.4,320.0,2024-04-24 00:00:00
05/07/2024,PCEQ04,24.0,0.0,8743.7,148.6,368.0,2024-07-06 00:00:00
02/02/2025,PC-EQ-03 ,24.0,0.0,7223.0,175.1,304.0,2025-02-03 00:00:00
16/03/2024,PC-EQ-05,17.9,6.1,4077.5,75.9,240.0,2024-03-17 00:00:00
14/03/2024,PCEQ08,24.0,0.0,6884.4,64.6,320.0,2024-03-15 00:00:00
27/02/2025,PC-EQ-09,24.0,0.0,4389.8,38.3,208.0,2025-02-28 00:00:00
17/06/2024,pc-eq-06,15.7,8.3,3088.4,58.4,240.0,2024-06-18 00:00:00
30/04/2024,PC-EQ-05	,24.0,0.0,5571.7,122.0,240.0,2024-05-01 00:00:00
11/11/2024,PC-EQ-04 ,24.0,0.0,8359.1,210.3,368.0,2024-11-12 00:00:00
06/06/2024,PC_EQ_09,21.8,2.2,3434.8,80.0,208.0,2024-06-05 00:00:00
27/03/2024, PC-EQ-02,17.8,6.2,5928.7,126.6,344.0,2024-03-28 00:00:00
07/08/2024,PC_EQ_03,24.0,0.0,6960.4,301.9,304.0,2024-08-08 00:00:00
07/01/2024,PC-EQ-03,18.4,5.6,5043.0,123.5,304.0,2024-01-08 00:00:00
23/08/2024, PC-EQ-01,24.0,0.0,8412.9,89.3,416.0,2024-08-24 00:00:00
05/02/2025,pc-eq-05,24.0,0.0,5092.0,83.6,240.0,2025-02-06 00:00:00
05/01/2025,PCEQ09,24.0,0.0,4745.3,99.6,208.0,2025-01-06 00:00:00
02/11/2024,PC-EQ-10,24.0,0.0,8631.7,253.3,400.0,2024-11-03 00:00:00
11/01/2024,pc-eq-08,24.0,0.0,7450.7,108.3,320.0,2024-01-12 00:00:00
04/01/2024,PCEQ10,16.5,7.5,6089.1,193.2,400.0,2024-01-05 00:00:00
17/11/2024,pc-eq-05,24.0,0.0,4935.1,73.2,240.0,2024-11-18 00:00:00
22/11/2024,PCEQ04,24.0,0.0,7459.5,138.1,368.0,2024-11-23 00:00:00
25/03/2024,PC-EQ-05 ,24.0,0.0,4730.7,94.8,240.0,2024-03-26 00:00:00
30/06/2024,PC_EQ_02,23.2,0.8,7409.4,214.2,344.0,2024-07-01 00:00:00
29/03/2024,pc-eq-04,24.0,0.0,8490.2,129.5,368.0,2024-03-30 00:00:00
27/07/2024,PC-EQ-10 ,18.4,5.6,6526.8,94.3,400.0,2024-07-28 00:00:00
25/03/2024, PC-EQ-07,24.0,0.0,5394.5,114.9,280.0,2024-03-26 00:00:00
28/05/2024,pc-eq-08,24.0,0.0,6808.3,213.7,320.0,2024-05-29 00:00:00
28/11/2024, PC-EQ-01,24.0,0.0,9042.0,291.7,416.0,2024-11-29 00:00:00
02/01/2025,PCEQ02,3.0,21.0,932.3,24.3,344.0,2025-01-03 00:00:00
17/11/2024,PC-EQ-03 ,24.0,0.0,6339.7,205.4,304.0,2024-11-18 00:00:00
05/05/2024,PC-EQ-02	,24.0,0.0,7305.7,140.0,344.0,2024-05-06 00:00:00
25/01/2025,pc-eq-07,20.7,3.3,5081.1,100.8,280.0,2025-01-26 00:00:00
18/05/2024,PC-EQ-04 ,14.0,,4212.7,126.2,368.0,2024-05-19 00:00:00
13/01/2025,PC_EQ_08,19.5,4.5,5900.2,142.7,320.0,2025-01-14 00:00:00
31/10/2024,PCEQ10,17.4,,5881.9,186.2,400.0,2024-11-01 00:00:00
13/06/2024, PC-EQ-09,24.0,0.0,4402.3,104.2,208.0,2024-06-14 00:00:00
17/10/2024, PC-EQ-03,24.0,0.0,6681.7,198.1,304.0,2024-10-18 00:00:00
04/09/2024,PC-EQ-04	,24.0,0.0,8109.7,225.6,368.0,2024-09-05 00:00:00
06/04/2024,PC_EQ_06,18.8,5.2,3698.4,99.8,240.0,2024-04-07 00:00:00
06/10/2024,PC-EQ-10,24.0,0.0,7787.6,185.6,400.0,2024-10-07 00:00:00
14/07/2024, PC-EQ-06,24.0,0.0,5131.3,136.2,240.0,2024-07-15 00:00:00
19/08/2024,PCEQ10,4.0,20.0,1328.6,26.1,400.0,2024-08-20 00:00:00
06/11/2024,PCEQ01,16.7,7.3,5879.7,127.1,416.0,2024-11-07 00:00:00
09/10/2024,pc-eq-07,24.0,0.0,5859.0,84.9,280.0,2024-10-10 00:00:00
11/01/2024,PC-EQ-06 ,24.0,0.0,5514.3,23.2,240.0,2024-01-12 00:00:00
18/07/2024,PCEQ01,24.0,0.0,9691.7,165.9,416.0,2024-07-19 00:00:00
15/04/2024,PCEQ01,24.0,0.0,9061.7,252.4,416.0,2024-04-16 00:00:00
15/05/2024,PC-EQ-09,24.0,0.0,4711.2,60.2,208.0,2024-05-16 00:00:00
09/10/2024,PC-EQ-06 ,24.0,0.0,4933.5,,240.0,2024-10-07 00:00:00
20/07/2024,PC-EQ-01 ,24.0,0.0,7790.7,46.6,416.0,2024-07-21 00:00:00
26/01/2025,PC-EQ-07	,24.0,0.0,5583.8,115.4,280.0,2025-01-27 00:00:00
23/08/2024,PC-EQ-03 ,24.0,0.0,6286.1,151.7,304.0,2024-08-24 00:00:00
27/01/2025,PCEQ07,24.0,0.0,6316.0,191.0,280.0,2025-01-28 00:00:00
27/01/2025,PC-EQ-08 ,24.0,0.0,6903.9,158.8,320.0,2025-01-28 00:00:00
10/06/2024,pc-eq-05,24.0,0.0,5580.5,91.1,240.0,2024-06-11 00:00:00
28/04/2024,pc-eq-08,24.0,0.0,7150.2,,320.0,2024-04-29 00:00:00
12/01/2025,PC_EQ_06,24.0,0.0,4914.5,134.0,240.0,2025-01-13 00:00:00
22/06/2024,PC-EQ-05 ,24.0,0.0,5109.2,149.7,240.0,2024-06-23 00:00:00
20/01/2024,pc-eq-01,24.0,0.0,9313.4,,416.0,2024-01-21 00:00:00
23/10/2024,PC_EQ_03,22.3,1.7,5948.7,241.2,304.0,2024-10-24 00:00:00
30/04/2024,PC-EQ-03 ,4.2,19.8,1167.4,25.2,304.0,2024-05-01 00:00:00
25/12/2024,PC-EQ-10 ,24.0,0.0,8581.6,250.7,400.0,2024-12-26 00:00:00
21/01/2024,pc-eq-08,24.0,0.0,7054.6,0.0,320.0,2024-01-22 00:00:00
27/03/2024,PCEQ09,24.0,0.0,4804.0,104.2,208.0,2024-03-28 00:00:00
24/02/2024,pc-eq-09,24.0,0.0,4808.2,11.0,208.0,2024-02-25 00:00:00
28/01/2024,PC-EQ-10,24.0,0.0,9376.6,174.3,400.0,2024-01-29 00:00:00
16/03/2024,pc-eq-06,24.0,0.0,5453.0,128.9,240.0,2024-03-17 00:00:00
21/01/2024,pc-eq-07,22.6,1.4,6264.7,159.6,280.0,2024-01-22 00:00:00
09/01/2024, PC-EQ-01,24.0,,8886.5,153.4,416.0,2024-01-10 00:00:00
18/12/2024,PC-EQ-10	,24.0,0.0,7682.4,196.7,400.0,2024-12-19 00:00:00
20/01/2024,PC-EQ-03 ,24.0,0.0,6886.0,78.2,304.0,2024-01-21 00:00:00
09/11/2024,PC-EQ-05	,21.3,2.7,4321.3,89.4,240.0,2024-11-10 00:00:00
30/11/2024, PC-EQ-04,24.0,0.0,7868.4,203.2,368.0,2024-12-01 00:00:00
06/04/2024,PC-EQ-10 ,23.1,0.9,8128.3,158.8,400.0,2024-04-07 00:00:00
30/04/2024,PCEQ02,24.0,0.0,7478.6,153.7,344.0,2024-05-01 00:00:00
06/02/2024,pc-eq-05,14.9,9.1,3010.8,54.3,240.0,2024-02-07 00:00:00
23/02/2024,PC-EQ-10,22.7,1.3,8277.3,164.2,400.0,2024-02-24 00:00:00
10/10/2024,pc-eq-06,24.0,,5021.5,78.6,240.0,2024-10-11 00:00:00
14/10/2024, PC-EQ-02,24.0,0.0,7920.7,123.9,344.0,2024-10-15 00:00:00
23/12/2024,PC-EQ-10	,23.5,0.5,6386.2,75.4,400.0,2024-12-22 00:00:00
09/01/2024,PC-EQ-03,24.0,0.0,6794.9,142.5,304.0,2024-01-10 00:00:00
04/01/2025,pc-eq-01,22.6,1.4,8300.2,182.7,416.0,2025-01-05 00:00:00
23/11/2024,PC-EQ-10,16.8,7.2,6392.8,8.4,400.0,2024-11-24 00:00:00
26/01/2025,PC_EQ_06,24.0,0.0,5388.9,92.6,240.0,2025-01-27 00:00:00
13/03/2024,PC-EQ-09	,24.0,0.0,4625.1,85.9,208.0,2024-03-14 00:00:00
20/07/2024,PC-EQ-03	,24.0,0.0,6260.1,118.6,304.0,2024-07-21 00:00:00
10/02/2025, PC-EQ-09,24.0,0.0,4816.7,0.0,208.0,2025-02-11 00:00:00
17/01/2025,PC-EQ-01,24.0,0.0,8704.6,28.3,416.0,2025-01-18 00:00:00
16/06/2024,PC-EQ-08,24.0,0.0,7603.2,109.2,320.0,2024-06-17 00:00:00
22/09/2024, PC-EQ-05,24.0,0.0,5185.1,132.8,240.0,2024-09-23 00:00:00
18/05/2024,PC-EQ-03	,24.0,0.0,6825.5,126.5,304.0,2024-05-19 00:00:00
11/06/2024,PC_EQ_04,24.0,0.0,7405.8,72.7,368.0,2024-06-12 00:00:00
05/10/2024, PC-EQ-04,24.0,,7254.3,,368.0,2024-10-06 00:00:00
16/01/2025,PC-EQ-05 ,21.4,2.6,5084.6,71.7,240.0,2025-01-17 00:00:00
26/01/2025,PCEQ03,24.0,0.0,6692.9,195.9,304.0,2025-01-27 00:00:00
17/05/2024,pc-eq-10,24.0,0.0,8234.0,202.7,400.0,2024-05-18 00:00:00
01/01/2024,pc-eq-05,24.0,0.0,5278.8,147.3,240.0,2024-01-02 00:00:00
15/02/2025,PC-EQ-05,24.0,0.0,5514.9,185.7,240.0,2025-02-16 00:00:00
04/06/2024,PC-EQ-02,16.2,7.8,5040.7,88.1,344.0,2024-06-05 00:00:00
07/01/2024,PC-EQ-06,24.0,0.0,4874.6,87.3,240.0,2024-01-08 00:00:00
08/06/2024, PC-EQ-08,24.0,0.0,6627.9,121.6,320.0,2024-06-09 00:00:00
10/05/2024,PC-EQ-01	,24.0,0.0,8599.3,136.6,416.0,2024-05-11 00:00:00
19/06/2024,PC_EQ_10,24.0,,8690.5,121.4,400.0,2024-06-20 00:00:00
29/09/2024,PC-EQ-03	,17.2,6.8,4452.3,84.5,304.0,2024-09-30 00:00:00
05/02/2024,PC_EQ_07,24.0,0.0,5404.7,83.9,280.0,2024-02-06 00:00:00
14/06/2024,PC-EQ-02	,24.0,0.0,6365.4,58.9,344.0,2024-06-15 00:00:00
15/12/2024,PC-EQ-04,24.0,,7938.7,206.2,368.0,2024-12-16 00:00:00
12/02/2024,PC-EQ-08,24.0,0.0,6706.2,186.0,320.0,2024-02-13 00:00:00
11/10/2024,PC-EQ-04	,24.0,0.0,8161.6,220.1,368.0,2024-10-12 00:00:00
25/08/2024,PC_EQ_07,24.0,0.0,6033.9,130.7,280.0,2024-08-26 00:00:00
22/04/2024,PC-EQ-07 ,21.0,3.0,5257.8,17.1,280.0,2024-04-23 00:00:00
03/02/2025,PCEQ04,21.2,2.8,6654.7,153.1,368.0,2025-02-04 00:00:00
13/08/2024,PC-EQ-09 ,24.0,0.0,4150.0,102.4,208.0,2024-08-14 00:00:00
23/04/2024,pc-eq-08,24.0,0.0,6002.4,41.4,320.0,2024-04-21 00:00:00
05/02/2025,PC-EQ-03	,24.0,0.0,6770.6,38.7,304.0,2025-02-06 00:00:00
05/01/2024,PCEQ01,24.0,0.0,8986.7,288.6,416.0,2024-01-06 00:00:00
20/01/2025,PC_EQ_01,24.0,0.0,8817.0,190.7,416.0,2025-01-21 00:00:00
03/04/2024, PC-EQ-06,24.0,0.0,5236.8,44.0,240.0,2024-04-04 00:00:00
07/09/2024,PC_EQ_10,24.0,0.0,9163.4,262.8,400.0,2024-09-08 00:00:00
29/08/2024,PC-EQ-01	,24.0,0.0,9036.2,37.6,416.0,2024-08-30 00:00:00
23/05/2024,PC-EQ-07	,24.0,0.0,6238.8,77.2,280.0,2024-05-24 00:00:00
07/05/2024,PC-EQ-06	,24.0,0.0,5169.1,162.8,240.0,2024-05-08 00:00:00
28/04/2024,pc-eq-06,18.7,5.3,4099.7,82.7,240.0,2024-04-29 00:00:00
27/02/2025,PC_EQ_06,21.1,2.9,4609.3,72.4,240.0,2025-02-28 00:00:00
10/07/2024, PC-EQ-04,14.6,9.4,5137.3,,368.0,2024-07-11 00:00:00
08/04/2024,PC-EQ-03	,24.0,0.0,6619.0,209.4,304.0,2024-04-09 00:00:00
21/02/2025, PC-EQ-10,24.0,0.0,8393.8,161.9,400.0,2025-02-22 00:00:00
25/05/2024,PC-EQ-06,24.0,0.0,5071.8,129.1,240.0,2024-05-26 00:00:00
05/04/2024,PCEQ05,24.0,0.0,5200.1,195.1,240.0,2024-04-06 00:00:00
16/04/2024,PC-EQ-03	,24.0,0.0,6395.1,81.3,304.0,2024-04-17 00:00:00
09/04/2024,pc-eq-03,24.0,0.0,6316.3,162.5,304.0,2024-04-10 00:00:00
30/05/2024,PC_EQ_07,24.0,0.0,5149.9,143.2,280.0,2024-05-28 00:00:00
29/12/2024,PCEQ06,24.0,0.0,4959.3,127.3,240.0,2024-12-30 00:00:00
03/09/2024,PC-EQ-01,24.0,0.0,8876.0,328.2,416.0,2024-09-04 00:00:00
28/01/2025,PC-EQ-08	,24.0,0.0,7454.7,156.6,320.0,2025-01-29 00:00:00
18/06/2024,PCEQ08,24.0,0.0,6009.1,186.1,320.0,2024-06-19 00:00:00
27/06/2024,pc-eq-08,24.0,0.0,6633.5,279.4,320.0,2024-06-28 00:00:00
08/03/2024,PC-EQ-04 ,24.0,0.0,7811.1,214.5,368.0,2024-03-09 00:00:00
01/01/2025, PC-EQ-06,24.0,0.0,4455.1,95.6,240.0,2025-01-01 00:00:00
12/02/2024,PC-EQ-09	,24.0,0.0,4458.7,115.1,208.0,2024-02-13 00:00:00
18/12/2024,pc-eq-09,12.1,11.9,2277.7,59.4,208.0,2024-12-19 00:00:00
27/08/2024,PC-EQ-10 ,24.0,0.0,9145.9,130.1,400.0,2024-08-28 00:00:00
16/07/2024,PC-EQ-05	,24.0,0.0,5418.6,,240.0,2024-07-17 00:00:00
21/04/2024,PC-EQ-04,23.5,0.5,7630.9,54.5,368.0,2024-04-22 00:00:00
02/06/2024,PC-EQ-07	,24.0,0.0,6227.6,146.1,280.0,2024-06-03 00:00:00
22/08/2024,PC-EQ-10	,24.0,0.0,9149.8,252.8,400.0,2024-08-23 00:00:00
11/10/2024,PC-EQ-08,24.0,0.0,6335.3,19.0,320.0,2024-10-12 00:00:00
10/02/2025,pc-eq-07,24.0,0.0,6076.1,,280.0,2025-02-11 00:00:00
12/06/2024,PC-EQ-09 ,24.0,0.0,4656.6,61.3,208.0,2024-06-13 00:00:00
18/08/2024,PC-EQ-10,24.0,0.0,9504.0,0.0,400.0,2024-08-19 00:00:00
13/09/2024,pc-eq-09,24.0,0.0,4693.4,117.5,208.0,2024-09-14 00:00:00
23/05/2024,PC-EQ-06	,24.0,0.0,5222.1,117.9,240.0,2024-05-24 00:00:00
07/11/2024,PC-EQ-04,24.0,0.0,8686.6,115.8,368.0,2024-11-08 00:00:00
02/12/2024,PC-EQ-02 ,24.0,0.0,7576.6,244.8,344.0,2024-12-03 00:00:00
29/11/2024, PC-EQ-10,24.0,0.0,9049.1,196.6,400.0,2024-11-30 00:00:00
25/10/2024,PCEQ10,24.0,0.0,8338.5,152.8,400.0,2024-10-26 00:00:00
24/09/2024,PCEQ04,24.0,0.0,7656.1,182.9,368.0,2024-09-25 00:00:00
14/02/2024,PCEQ07,19.9,4.1,5477.5,96.9,280.0,2024-02-15 00:00:00
10/07/2024,PC-EQ-01	,24.0,0.0,8955.6,225.7,416.0,2024-07-11 00:00:00
25/04/2024,PCEQ04,24.0,0.0,8323.9,134.2,368.0,2024-04-26 00:00:00
20/01/2025,PC-EQ-02 ,24.0,0.0,7652.6,101.6,344.0,2025-01-21 00:00:00
26/01/2024,PCEQ08,21.3,2.7,6123.3,76.1,320.0,2024-01-27 00:00:00
18/10/2024,PC-EQ-07 ,24.0,0.0,5570.6,124.5,280.0,2024-10-19 00:00:00
13/05/2024,PC-EQ-09 ,24.0,0.0,4513.5,71.5,208.0,2024-05-14 00:00:00
01/08/2024,pc-eq-05,24.0,0.0,4810.3,110.4,240.0,2024-08-02 00:00:00
03/11/2024,PC_EQ_10,24.0,0.0,8276.0,115.8,400.0,2024-11-04 00:00:00
12/02/2024,PC-EQ-10,14.6,9.4,5705.2,67.0,400.0,2024-02-13 00:00:00
03/03/2024,PC-EQ-06	,23.4,0.6,5275.3,109.8,240.0,2024-03-04 00:00:00
02/10/2024,pc-eq-09,24.0,0.0,4713.3,51.4,208.0,2024-10-03 00:00:00
23/08/2024, PC-EQ-10,24.0,0.0,8712.2,164.6,400.0,2024-08-24 00:00:00
22/09/2024,pc-eq-01,24.0,0.0,9092.0,347.9,416.0,2024-09-23 00:00:00
30/08/2024,PCEQ08,24.0,0.0,6805.7,227.7,320.0,2024-08-31 00:00:00
16/01/2024,PC-EQ-09	,24.0,0.0,4342.9,103.5,208.0,2024-01-17 00:00:00
03/01/2025,PC-EQ-10,24.0,0.0,9454.6,59.9,400.0,2025-01-04 00:00:00
14/04/2024,PCEQ04,19.7,4.3,6618.0,145.3,368.0,2024-04-15 00:00:00
26/08/2024,PC-EQ-07	,24.0,0.0,6415.1,93.7,280.0,2024-08-27 00:00:00
21/06/2024,PCEQ02,10.4,13.6,3308.3,,344.0,2024-06-22 00:00:00
26/12/2024,pc-eq-06,24.0,0.0,5481.2,61.3,240.0,2024-12-27 00:00:00
21/09/2024,PC-EQ-07	,24.0,0.0,6206.6,98.6,280.0,2024-09-22 00:00:00
27/02/2024,PC-EQ-10 ,24.0,0.0,9286.7,187.1,400.0,2024-02-28 00:00:00
11/01/2025,PC-EQ-06	,24.0,0.0,5123.1,116.9,240.0,2025-01-12 00:00:00
29/11/2024,pc-eq-03,24.0,0.0,6228.1,173.9,304.0,2024-11-30 00:00:00
12/03/2024,PC_EQ_06,24.0,0.0,4982.9,105.5,240.0,2024-03-13 00:00:00
22/02/2025,pc-eq-10,24.0,0.0,8835.7,99.8,400.0,2025-02-23 00:00:00
21/04/2024, PC-EQ-05,24.0,0.0,5370.6,81.3,240.0,2024-04-22 00:00:00
23/02/2025,PC-EQ-05	,24.0,0.0,5087.3,109.3,240.0,2025-02-24 00:00:00
19/05/2024,pc-eq-09,24.0,0.0,4455.1,70.4,208.0,2024-05-20 00:00:00
12/11/2024,PC-EQ-04	,24.0,0.0,8100.7,113.7,368.0,2024-11-13 00:00:00
21/04/2024,pc-eq-08,24.0,0.0,7413.9,106.7,320.0,2024-04-22 00:00:00
06/07/2024,PC-EQ-09 ,24.0,0.0,4561.9,128.3,208.0,2024-07-07 00:00:00
30/01/2024,PC-EQ-03 ,24.0,0.0,6906.1,151.7,304.0,2024-01-31 00:00:00
08/06/2024,PC-EQ-02,24.0,0.0,7803.4,293.0,344.0,2024-06-09 00:00:00
03/01/2025, PC-EQ-06,24.0,0.0,5032.6,22.6,240.0,2025-01-04 00:00:00
12/08/2024,pc-eq-07,24.0,0.0,6652.8,175.1,280.0,2024-08-13 00:00:00
01/04/2024, PC-EQ-09,24.0,0.0,4724.1,90.8,208.0,2024-04-02 00:00:00
14/02/2024,PC_EQ_02,21.1,2.9,6651.9,28.3,344.0,2024-02-15 00:00:00
09/01/2024,PC-EQ-03 ,17.1,6.9,4505.6,,304.0,2024-09-02 00:00:00
24/05/2024,PC_EQ_06,24.0,0.0,5202.4,100.0,240.0,2024-05-25 00:00:00
24/08/2024,PC-EQ-02 ,24.0,0.0,7173.8,103.4,344.0,2024-08-25 00:00:00
19/12/2024,pc-eq-04,24.0,0.0,8318.0,24.9,368.0,2024-12-20 00:00:00
18/06/2024,PC_EQ_03,19.5,4.5,5173.1,100.2,304.0,2024-06-19 00:00:00
13/01/2024,PC-EQ-01	,24.0,0.0,8749.8,165.4,416.0,2024-01-14 00:00:00
04/06/2024,PC-EQ-04 ,24.0,0.0,8116.7,215.6,368.0,2024-06-05 00:00:00
10/12/2024, PC-EQ-04,24.0,0.0,8628.5,221.4,368.0,2024-12-11 00:00:00
12/11/2024,PC-EQ-01 ,24.0,0.0,7954.5,187.4,416.0,2024-11-13 00:00:00
18/09/2024,PC-EQ-05,18.4,5.6,4227.6,50.8,240.0,2024-09-19 00:00:00
18/05/2024,PCEQ01,18.4,5.6,6969.4,88.8,416.0,2024-05-19 00:00:00
16/02/2024,PC-EQ-08	,9.5,14.5,2827.8,69.9,320.0,2024-02-17 00:00:00
18/08/2024, PC-EQ-04,23.0,1.0,6501.6,49.7,368.0,2024-08-19 00:00:00
06/01/2025,pc-eq-04,24.0,0.0,7919.6,48.9,368.0,2025-01-07 00:00:00
18/08/2024,PC-EQ-01 ,24.0,,8939.0,205.9,416.0,2024-08-19 00:00:00
31/12/2024,PC-EQ-04 ,18.5,5.5,6356.2,164.3,368.0,2025-01-01 00:00:00
02/02/2024,PCEQ06,24.0,0.0,4895.4,80.8,240.0,2024-02-03 00:00:00
17/02/2025,PC-EQ-06	,24.0,0.0,5381.5,72.7,240.0,2025-02-18 00:00:00
18/01/2024,pc-eq-01,14.4,9.6,5629.3,122.7,416.0,2024-01-19 00:00:00
10/11/2024,PC-EQ-02 ,23.1,0.9,7492.0,143.3,344.0,2024-11-11 00:00:00
30/09/2024, PC-EQ-01,16.1,7.9,5951.3,141.7,416.0,2024-10-01 00:00:00
22/07/2024,PC_EQ_05,24.0,0.0,5598.5,99.3,240.0,2024-07-23 00:00:00
14/02/2025, PC-EQ-05,24.0,0.0,5605.9,102.4,240.0,2025-02-15 00:00:00
30/11/2024,pc-eq-05,13.7,10.3,3021.9,28.5,240.0,2024-12-01 00:00:00
03/02/2025,PC-EQ-01 ,24.0,0.0,9170.0,247.6,416.0,2025-02-04 00:00:00
28/08/2024,pc-eq-07,24.0,0.0,5808.8,90.3,280.0,2024-08-29 00:00:00
25/02/2025,PCEQ07,23.1,0.9,5575.0,96.2,280.0,2025-02-26 00:00:00
28/09/2024,pc-eq-07,24.0,0.0,5827.2,182.4,280.0,2024-09-29 00:00:00
02/12/2024,PC-EQ-08,24.0,0.0,6530.3,118.3,320.0,2024-12-03 00:00:00
03/03/2024,PCEQ04,15.3,8.7,5021.7,73.2,368.0,2024-03-04 00:00:00
11/12/2024,PC-EQ-10	,23.5,0.5,7996.4,222.0,400.0,2024-12-12 00:00:00
21/07/2024,pc-eq-07,24.0,0.0,6492.5,140.8,280.0,2024-07-22 00:00:00
14/03/2024,PC_EQ_03,24.0,0.0,6763.4,64.5,304.0,2024-03-15 00:00:00
26/02/2025,PC-EQ-01,24.0,0.0,8775.5,133.1,416.0,2025-02-27 00:00:00
24/01/2024,PC-EQ-02 ,24.0,0.0,6976.4,260.2,344.0,2024-01-25 00:00:00
16/01/2024,PC-EQ-05	,24.0,0.0,5301.8,143.2,240.0,2024-01-17 00:00:00
23/02/2025,pc-eq-07,24.0,0.0,6008.3,155.2,280.0,2025-02-24 00:00:00
03/01/2024,PC-EQ-10,24.0,0.0,8970.5,41.7,400.0,2024-01-04 00:00:00
14/01/2024,PC-EQ-05	,10.2,13.8,2228.7,0.0,240.0,2024-01-15 00:00:00
10/08/2024,PC-EQ-10,16.8,7.2,6286.3,136.7,400.0,2024-08-11 00:00:00
04/08/2024,PCEQ10,24.0,0.0,9388.5,177.0,400.0,2024-08-05 00:00:00
28/01/2025, PC-EQ-04,24.0,0.0,7719.3,99.8,368.0,2025-01-29 00:00:00
04/12/2024,PC-EQ-05,24.0,0.0,5339.9,130.8,240.0,2024-12-05 00:00:00
25/01/2024,PCEQ05,24.0,0.0,5442.9,11.7,240.0,2024-01-26 00:00:00
26/06/2024,PCEQ10,24.0,0.0,8586.0,166.7,400.0,2024-06-27 00:00:00
01/07/2024,PC-EQ-08,20.6,3.4,5485.5,110.7,320.0,2024-07-02 00:00:00
28/10/2024,PC-EQ-05	,24.0,,5041.3,76.9,240.0,2024-10-29 00:00:00
06/01/2024,PC-EQ-08,24.0,0.0,7603.2,159.6,320.0,2024-01-07 00:00:00
24/04/2024,PC-EQ-05	,24.0,0.0,5205.9,139.0,240.0,2024-04-25 00:00:00
02/08/2024,PC-EQ-04	,24.0,0.0,7680.7,96.0,368.0,2024-08-03 00:00:00
31/03/2024, PC-EQ-03,24.0,0.0,6813.4,122.7,304.0,2024-04-01 00:00:00
16/12/2024,pc-eq-04,22.3,1.7,7038.8,242.3,368.0,2024-12-17 00:00:00
10/05/2024,pc-eq-07,24.0,0.0,5959.0,201.6,280.0,2024-05-11 00:00:00
22/05/2024,PC-EQ-03	,24.0,0.0,7156.1,105.4,304.0,2024-05-23 00:00:00
30/03/2024,PC_EQ_01,24.0,0.0,9500.4,166.2,416.0,2024-03-31 00:00:00
01/03/2024,PC-EQ-01,24.0,0.0,9633.4,231.1,416.0,2024-03-02 00:00:00
20/10/2024,PC_EQ_07,24.0,0.0,5911.2,109.7,280.0,2024-10-21 00:00:00
23/02/2024, PC-EQ-08,24.0,0.0,7315.8,145.8,320.0,2024-02-24 00:00:00
02/02/2025,PC-EQ-09,24.0,0.0,4688.5,115.4,208.0,2025-02-03 00:00:00
02/08/2024, PC-EQ-02,24.0,0.0,6890.4,161.6,344.0,2024-08-03 00:00:00
14/08/2024,PC-EQ-02,16.5,7.5,5085.5,91.1,344.0,2024-08-15 00:00:00
01/01/2025,PCEQ01,16.5,7.5,6711.0,171.1,416.0,2025-01-02 00:00:00
28/02/2025,PCEQ01,24.0,0.0,7795.9,204.6,416.0,2025-02-26 00:00:00
10/01/2024,PCEQ02,24.0,0.0,7225.0,174.5,344.0,2024-01-11 00:00:00
30/06/2024,pc-eq-08,24.0,0.0,7556.5,138.0,320.0,2024-07-01 00:00:00
21/02/2024,PC-EQ-07,24.0,0.0,5969.3,44.3,280.0,2024-02-22 00:00:00
16/03/2024,PC-EQ-08,24.0,0.0,6663.5,117.5,320.0,2024-03-17 00:00:00
12/06/2024,PC-EQ-01 ,24.0,0.0,9396.2,107.6,416.0,2024-06-13 00:00:00
21/08/2024,PC_EQ_08,24.0,0.0,6865.8,170.0,320.0,2024-08-22 00:00:00
09/01/2024,pc-eq-07,24.0,0.0,4978.9,117.5,280.0,2024-01-09 00:00:00
22/09/2024,PCEQ02,4.0,20.0,1172.9,18.5,344.0,2024-09-23 00:00:00
19/10/2024, PC-EQ-07,21.0,3.0,5798.2,123.6,280.0,2024-10-20 00:00:00
28/05/2024,PC-EQ-01	,4.0,20.0,1561.8,48.3,416.0,2024-05-29 00:00:00
24/01/2025,PCEQ01,17.2,6.8,6658.5,150.1,416.0,2025-01-25 00:00:00
23/01/2024,PC-EQ-05 ,24.0,0.0,5598.3,131.7,240.0,2024-01-24 00:00:00
28/10/2024,PCEQ01,24.0,0.0,8880.8,293.4,416.0,2024-10-29 00:00:00
14/01/2025,pc-eq-08,24.0,0.0,6648.2,230.2,320.0,2025-01-15 00:00:00
20/01/2025,PCEQ09,24.0,0.0,4195.2,47.9,208.0,2025-01-21 00:00:00
05/07/2024,PC-EQ-09 ,24.0,0.0,4222.6,,208.0,2024-07-06 00:00:00
04/01/2024,PC-EQ-06	,23.5,0.5,5355.9,136.3,240.0,2024-01-05 00:00:00
23/12/2024,PC-EQ-03 ,17.1,6.9,4752.6,73.5,304.0,2024-12-24 00:00:00
31/07/2024,PCEQ10,8.2,15.8,2844.7,6.7,400.0,2024-08-01 00:00:00
12/04/2024,PC_EQ_05,24.0,,5065.5,,240.0,2024-04-13 00:00:00
20/01/2025,PC_EQ_06,17.3,6.7,4110.5,82.6,240.0,2025-01-21 00:00:00
14/01/2024,PC-EQ-04 ,19.6,4.4,6643.6,76.5,368.0,2024-01-15 00:00:00
13/01/2025,PC_EQ_04,24.0,0.0,8613.8,177.5,368.0,2025-01-14 00:00:00
08/02/2024, PC-EQ-04,24.0,0.0,7758.1,197.5,368.0,2024-02-09 00:00:00
14/06/2024, PC-EQ-06,24.0,0.0,4424.7,38.3,240.0,2024-06-14 00:00:00
08/12/2024,PC-EQ-01 ,24.0,0.0,8036.4,195.9,416.0,2024-12-09 00:00:00
15/02/2024,PC-EQ-10	,24.0,0.0,8801.3,242.9,400.0,2024-02-16 00:00:00
22/11/2024, PC-EQ-05,24.0,0.0,5200.6,148.7,240.0,2024-11-23 00:00:00
12/11/2024,pc-eq-07,24.0,0.0,5908.7,34.5,280.0,2024-11-13 00:00:00
23/01/2025,PCEQ06,24.0,0.0,5080.7,104.1,240.0,2025-01-24 00:00:00
16/10/2024,PC-EQ-08 ,24.0,0.0,7006.3,144.0,320.0,2024-10-17 00:00:00
30/08/2024,PC-EQ-02,18.4,5.6,5409.0,100.2,344.0,2024-08-31 00:00:00
25/01/2025,pc-eq-05,24.0,0.0,5081.6,94.0,240.0,2025-01-26 00:00:00
01/06/2024,PC-EQ-02 ,24.0,0.0,7356.7,241.4,344.0,2024-06-02 00:00:00
04/11/2024,PC_EQ_02,24.0,0.0,8148.2,209.2,344.0,2024-11-05 00:00:00
26/03/2024,PC-EQ-03,22.4,1.6,5864.4,,304.0,2024-03-27 00:00:00
07/06/2024,PC-EQ-02 ,24.0,0.0,7217.0,167.9,344.0,2024-06-08 00:00:00
22/02/2025,PC-EQ-07 ,24.0,0.0,5942.2,81.0,280.0,2025-02-23 00:00:00
28/04/2024,PC-EQ-03 ,24.0,0.0,6380.9,37.1,304.0,2024-04-29 00:00:00
01/09/2024,PC-EQ-09 ,24.0,0.0,4760.8,99.4,208.0,2024-09-02 00:00:00
12/02/2024,PC-EQ-01	,24.0,,9756.8,172.7,416.0,2024-02-13 00:00:00
21/10/2024,pc-eq-03,16.9,7.1,4773.6,118.4,304.0,2024-10-22 00:00:00
14/03/2024,PC-EQ-06	,24.0,0.0,4980.4,139.0,240.0,2024-03-15 00:00:00
01/11/2024, PC-EQ-03,24.0,0.0,6499.5,86.2,304.0,2024-11-02 00:00:00
27/07/2024,PC-EQ-07,24.0,0.0,5848.5,103.3,280.0,2024-07-28 00:00:00
29/12/2024,pc-eq-05,24.0,0.0,5231.9,144.4,240.0,2024-12-30 00:00:00
17/12/2024,PC-EQ-02,24.0,0.0,8051.4,220.4,344.0,2024-12-18 00:00:00
19/08/2024,PC_EQ_03,24.0,0.0,6463.9,190.9,304.0,2024-08-20 00:00:00
10/11/2024, PC-EQ-08,24.0,0.0,6387.5,77.1,320.0,2024-11-11 00:00:00
10/01/2025, PC-EQ-10,24.0,0.0,7994.8,141.1,400.0,2025-01-11 00:00:00
09/09/2024,pc-eq-03,24.0,0.0,7040.5,149.2,304.0,2024-09-10 00:00:00
01/03/2024,PC-EQ-08	,24.0,0.0,6926.4,109.8,320.0,2024-03-02 00:00:00
03/02/2024,PC-EQ-02	,24.0,0.0,7528.3,229.5,344.0,2024-02-04 00:00:00
05/07/2024,PC-EQ-06	,24.0,0.0,5224.8,39.9,240.0,2024-07-06 00:00:00
24/07/2024,PC-EQ-07,24.0,0.0,6040.1,172.1,280.0,2024-07-25 00:00:00
28/08/2024,PC-EQ-09,24.0,0.0,4834.7,147.1,208.0,2024-08-29 00:00:00
22/12/2024,PC-EQ-01 ,21.3,2.7,7571.0,200.8,416.0,2024-12-23 00:00:00
14/02/2024,PC-EQ-06,24.0,0.0,5438.3,85.1,240.0,2024-02-15 00:00:00
11/02/2025,pc-eq-08,24.0,0.0,6884.2,63.4,320.0,2025-02-12 00:00:00
04/02/2025,pc-eq-09,24.0,0.0,4896.0,129.9,208.0,2025-02-05 00:00:00
01/07/2024,PC_EQ_04,24.0,0.0,8029.8,195.6,368.0,2024-07-02 00:00:00
07/01/2025,PCEQ03,24.0,0.0,7057.6,93.7,304.0,2025-01-08 00:00:00
16/01/2025,PC_EQ_02,24.0,0.0,7700.7,36.9,344.0,2025-01-17 00:00:00
13/02/2024,PC_EQ_01,24.0,0.0,8934.7,130.7,416.0,2024-02-14 00:00:00
13/09/2024,PCEQ06,22.7,1.3,4972.7,33.6,240.0,2024-09-14 00:00:00
22/12/2024,PCEQ06,24.0,0.0,5167.7,120.5,240.0,2024-12-23 00:00:00
16/04/2024,PCEQ05,24.0,0.0,5327.4,,240.0,2024-04-17 00:00:00
24/02/2024,PCEQ08,24.0,0.0,6908.8,24.1,320.0,2024-02-25 00:00:00
09/01/2024, PC-EQ-02,24.0,0.0,6579.4,91.1,344.0,2024-01-10 00:00:00
22/09/2024, PC-EQ-08,24.0,0.0,6788.2,84.6,320.0,2024-09-23 00:00:00
19/11/2024,PCEQ05,24.0,0.0,5159.1,162.4,240.0,2024-11-20 00:00:00
04/08/2024,PCEQ05,24.0,0.0,5082.1,76.4,240.0,2024-08-05 00:00:00
17/03/2024,PC-EQ-10,24.0,0.0,9040.1,117.4,400.0,2024-03-18 00:00:00
13/12/2024,PC-EQ-08,18.0,6.0,5689.8,102.0,320.0,2024-12-14 00:00:00
03/06/2024,PC_EQ_08,24.0,0.0,6609.2,85.8,320.0,2024-06-04 00:00:00
20/12/2024,PC-EQ-09	,24.0,0.0,4592.0,89.4,208.0,2024-12-21 00:00:00
23/10/2024,PC-EQ-10 ,23.2,0.8,7718.5,203.9,400.0,2024-10-24 00:00:00
14/07/2024,PC-EQ-02 ,24.0,0.0,7232.4,177.6,344.0,2024-07-15 00:00:00
01/02/2024,PC-EQ-01	,24.0,0.0,9227.1,186.5,416.0,2024-02-02 00:00:00
23/09/2024, PC-EQ-09,24.0,,4859.5,82.3,208.0,2024-09-24 00:00:00
01/10/2024,PC-EQ-01	,24.0,0.0,9449.4,258.3,416.0,2024-10-02 00:00:00
24/03/2024,PC_EQ_07,24.0,0.0,5707.1,99.8,280.0,2024-03-25 00:00:00
20/01/2024,PCEQ04,24.0,0.0,7339.6,226.1,368.0,2024-01-21 00:00:00
15/02/2025,PC-EQ-06 ,24.0,0.0,5442.7,145.7,240.0,2025-02-16 00:00:00
19/10/2024,pc-eq-03,24.0,0.0,6774.8,98.8,304.0,2024-10-20 00:00:00
11/01/2025, PC-EQ-10,24.0,0.0,8918.7,139.6,400.0,2025-01-12 00:00:00
16/03/2024,PC-EQ-01 ,24.0,0.0,9884.2,152.8,416.0,2024-03-17 00:00:00
08/08/2024,PCEQ03,24.0,0.0,6901.6,,304.0,2024-08-09 00:00:00
01/03/2024,PC-EQ-03 ,24.0,0.0,5898.4,171.2,304.0,2024-03-02 00:00:00
30/09/2024,PC-EQ-04 ,24.0,0.0,8473.2,108.3,368.0,2024-10-01 00:00:00
08/07/2024, PC-EQ-02,16.0,8.0,5117.7,91.7,344.0,2024-07-09 00:00:00
19/11/2024,PC-EQ-03	,24.0,0.0,7184.4,172.9,304.0,2024-11-20 00:00:00
07/10/2024,PC-EQ-02	,24.0,0.0,7306.4,137.9,344.0,2024-10-08 00:00:00
03/02/2024,PC-EQ-10 ,24.0,0.0,8114.5,,400.0,2024-02-04 00:00:00
09/08/2024,PCEQ09,24.0,0.0,4377.3,77.4,208.0,2024-08-10 00:00:00
15/04/2024, PC-EQ-09,24.0,0.0,4413.4,39.2,208.0,2024-04-16 00:00:00
10/05/2024,pc-eq-09,24.0,0.0,4434.4,69.7,208.0,2024-05-11 00:00:00
14/02/2024,PC-EQ-05,24.0,0.0,5162.7,94.4,240.0,2024-02-15 00:00:00
08/06/2024,PC-EQ-07 ,21.5,2.5,5365.6,94.7,280.0,2024-06-09 00:00:00
12/03/2024,PC-EQ-01	,19.3,4.7,7549.9,270.0,416.0,2024-03-13 00:00:00
28/09/2024,PC-EQ-01 ,22.0,,7709.0,128.6,416.0,2024-09-29 00:00:00
29/11/2024,PCEQ04,24.0,0.0,8323.3,184.9,368.0,2024-11-30 00:00:00
26/08/2024,PC-EQ-06 ,24.0,0.0,5688.4,129.0,240.0,2024-08-27 00:00:00
20/02/2025,pc-eq-09,24.0,0.0,4014.8,71.6,208.0,2025-02-18 00:00:00
09/06/2024,pc-eq-06,15.1,8.9,3307.6,81.2,240.0,2024-06-10 00:00:00
15/12/2024,PCEQ06,18.1,5.9,3920.4,97.0,240.0,2024-12-16 00:00:00
05/11/2024,PC-EQ-02	,24.0,0.0,7498.6,198.1,344.0,2024-11-06 00:00:00
08/11/2024,PC-EQ-04	,24.0,0.0,8532.0,142.2,368.0,2024-11-09 00:00:00
04/03/2024,PC-EQ-03,24.0,0.0,7078.5,158.6,304.0,2024-03-05 00:00:00
23/02/2025,pc-eq-07,24.0,0.0,5524.4,155.2,280.0,2025-02-23 00:00:00
17/02/2024,PC-EQ-01 ,4.0,20.0,1173.7,39.1,416.0,2024-02-17 00:00:00
12/03/2024,PCEQ05,24.0,0.0,5291.8,169.8,240.0,2024-03-13 00:00:00
09/01/2024,PC_EQ_08,24.0,0.0,6660.6,140.0,320.0,2024-01-10 00:00:00
25/03/2024,PC_EQ_08,24.0,,7030.1,44.5,320.0,2024-03-26 00:00:00
15/04/2024,PC-EQ-07	,8.7,15.3,2121.2,39.9,280.0,2024-04-16 00:00:00
20/09/2024,pc-eq-08,23.0,1.0,6623.9,122.1,320.0,2024-09-21 00:00:00
03/07/2024,PCEQ09,24.0,0.0,4337.8,120.9,208.0,2024-07-04 00:00:00
21/10/2024,pc-eq-05,24.0,0.0,5292.8,99.1,240.0,2024-10-22 00:00:00
28/12/2024,PCEQ03,24.0,0.0,7005.2,200.6,304.0,2024-12-29 00:00:00
16/05/2024,PC-EQ-04,24.0,0.0,7707.9,224.7,368.0,2024-05-17 00:00:00
06/09/2024,PC-EQ-07	,24.0,0.0,5874.3,198.2,280.0,2024-09-07 00:00:00
10/10/2024,PC_EQ_04,12.1,11.9,4115.5,135.3,368.0,2024-10-11 00:00:00
09/12/2024, PC-EQ-01,24.0,0.0,8828.9,212.3,416.0,2024-12-10 00:00:00
01/07/2024,PC-EQ-10	,24.0,0.0,7818.6,173.6,400.0,2024-07-02 00:00:00
30/11/2024, PC-EQ-09,24.0,0.0,4147.5,69.1,208.0,2024-12-01 00:00:00
13/02/2024,PCEQ06,24.0,0.0,5617.2,213.9,240.0,2024-02-14 00:00:00
21/08/2024,pc-eq-03,24.0,0.0,6457.9,129.6,304.0,2024-08-22 00:00:00
15/09/2024,PC-EQ-01	,16.7,7.3,6023.4,86.1,416.0,2024-09-16 00:00:00
26/08/2024,PC-EQ-03,24.0,0.0,6884.6,71.8,304.0,2024-08-27 00:00:00
05/08/2024,pc-eq-08,24.0,0.0,7456.5,31.6,320.0,2024-08-06 00:00:00
07/12/2024,PCEQ03,23.3,0.7,6445.7,111.4,304.0,2024-12-08 00:00:00
24/01/2025,PC-EQ-03	,24.0,0.0,6860.0,174.6,304.0,2025-01-25 00:00:00
25/01/2024, PC-EQ-06,24.0,0.0,5205.7,109.4,240.0,2024-01-26 00:00:00
02/10/2024, PC-EQ-07,24.0,0.0,5942.8,137.6,280.0,2024-10-03 00:00:00
01/04/2024,PC-EQ-05,24.0,,5291.2,153.3,240.0,2024-04-02 00:00:00
07/07/2024,pc-eq-05,24.0,0.0,5028.8,117.6,240.0,2024-07-08 00:00:00
23/02/2025,PC-EQ-04 ,4.0,20.0,1389.6,25.0,368.0,2025-02-24 00:00:00
05/02/2025,PC-EQ-04	,24.0,0.0,8743.7,165.8,368.0,2025-02-06 00:00:00
08/06/2024,PCEQ10,6.0,18.0,2053.3,45.8,400.0,2024-06-09 00:00:00
16/05/2024,PC_EQ_09,24.0,0.0,4295.3,149.2,208.0,2024-05-17 00:00:00
20/01/2024,PC-EQ-08	,24.0,0.0,7050.3,61.3,320.0,2024-01-21 00:00:00
04/05/2024,PC-EQ-03,24.0,0.0,6025.1,0.0,304.0,2024-05-05 00:00:00
18/06/2024,PC-EQ-05 ,24.0,0.0,5051.4,105.7,240.0,2024-06-19 00:00:00
02/02/2025,PC-EQ-02	,24.0,0.0,7086.8,140.0,344.0,2025-02-03 00:00:00
18/12/2024,PCEQ06,22.5,1.5,4924.0,55.2,240.0,2024-12-19 00:00:00
10/11/2024,PC-EQ-06	,24.0,0.0,4857.9,72.7,240.0,2024-11-11 00:00:00
19/10/2024,PC-EQ-10	,24.0,0.0,7188.6,292.2,400.0,2024-10-20 00:00:00
22/08/2024,PC-EQ-06	,24.0,0.0,4618.0,78.4,240.0,2024-08-23 00:00:00
16/03/2024,PC_EQ_03,24.0,0.0,6827.3,64.5,304.0,2024-03-17 00:00:00
04/11/2024,PC-EQ-06,24.0,0.0,4623.9,95.1,240.0,2024-11-05 00:00:00
14/06/2024,PC-EQ-04	,24.0,,7858.7,108.4,368.0,2024-06-15 00:00:00
25/10/2024,PC-EQ-07 ,24.0,0.0,5541.3,134.0,280.0,2024-10-26 00:00:00
07/03/2024,PC_EQ_10,24.0,,7807.5,233.2,400.0,2024-03-08 00:00:00
02/01/2024,PC-EQ-09	,24.0,0.0,4789.2,90.4,208.0,2024-01-03 00:00:00
05/11/2024,PC-EQ-07,24.0,0.0,6046.4,74.8,280.0,2024-11-06 00:00:00
11/01/2025,PC-EQ-04	,5.5,18.5,1633.9,54.9,368.0,2025-01-12 00:00:00
05/01/2025,PC-EQ-04	,24.0,0.0,7768.6,63.7,368.0,2025-01-06 00:00:00
25/03/2024,PC-EQ-01 ,24.0,0.0,9080.8,98.0,416.0,2024-03-26 00:00:00
20/08/2024,PC-EQ-01,24.0,0.0,9026.7,117.2,416.0,2024-08-21 00:00:00
31/07/2024,pc-eq-07,24.0,0.0,6485.5,177.3,280.0,2024-08-01 00:00:00
30/04/2024,PC-EQ-06 ,20.3,3.7,4221.2,115.8,240.0,2024-05-01 00:00:00
02/05/2024,PC-EQ-07 ,24.0,0.0,6367.6,76.0,280.0,2024-05-03 00:00:00
28/01/2024,PC_EQ_06,24.0,0.0,4583.4,52.7,240.0,2024-01-29 00:00:00
10/03/2024,PCEQ01,24.0,0.0,9719.5,382.1,416.0,2024-03-11 00:00:00
03/01/2024,pc-eq-07,24.0,0.0,5991.4,159.1,280.0,2024-01-04 00:00:00
03/07/2024,PC-EQ-07,24.0,0.0,6015.7,100.8,280.0,2024-07-04 00:00:00
11/02/2025,PC-EQ-02	,24.0,0.0,6801.0,62.5,344.0,2025-02-12 00:00:00
10/07/2024,pc-eq-03,24.0,0.0,6173.1,132.3,304.0,2024-07-11 00:00:00
25/09/2024, PC-EQ-02,24.0,0.0,7430.6,139.4,344.0,2024-09-26 00:00:00
17/12/2024,PCEQ07,24.0,0.0,5593.9,189.5,280.0,2024-12-18 00:00:00
15/09/2024, PC-EQ-09,24.0,0.0,4759.4,100.1,208.0,2024-09-16 00:00:00
08/12/2024,PC_EQ_07,24.0,0.0,5947.9,158.0,280.0,2024-12-09 00:00:00
21/12/2024,PC-EQ-01 ,24.0,0.0,9130.8,132.7,416.0,2024-12-22 00:00:00
11/02/2025,PC-EQ-05,24.0,0.0,5079.7,14.3,240.0,2025-02-12 00:00:00
07/06/2024,PC-EQ-08,24.0,0.0,6836.4,178.1,320.0,2024-06-08 00:00:00
31/05/2024,PC-EQ-02	,15.9,8.1,4718.5,180.4,344.0,2024-06-01 00:00:00
12/02/2025,PC-EQ-07 ,23.2,0.8,6291.3,98.4,280.0,2025-02-13 00:00:00
28/04/2024,PC-EQ-10	,24.0,0.0,8519.5,142.2,400.0,2024-04-29 00:00:00
24/12/2024, PC-EQ-02,24.0,0.0,8151.0,70.5,344.0,2024-12-25 00:00:00
03/03/2024,PC-EQ-08,24.0,0.0,6663.8,142.7,320.0,2024-03-04 00:00:00
22/01/2024,PC_EQ_07,17.9,6.1,4617.3,106.2,280.0,2024-01-23 00:00:00
06/02/2025,PC-EQ-06,24.0,0.0,5564.1,163.4,240.0,2025-02-07 00:00:00
30/10/2024,PC_EQ_06,24.0,0.0,5341.3,116.6,240.0,2024-10-31 00:00:00
09/12/2024,PC_EQ_09,24.0,0.0,4351.8,117.5,208.0,2024-12-10 00:00:00
01/01/2024,PC-EQ-07	,24.0,0.0,5870.1,112.7,280.0,2024-01-02 00:00:00
28/05/2024,PC-EQ-02 ,24.0,0.0,7546.8,121.6,344.0,2024-05-29 00:00:00
30/09/2024,pc-eq-03,24.0,0.0,6083.6,75.6,304.0,2024-10-01 00:00:00
17/04/2024,PCEQ08,24.0,0.0,6773.3,237.1,320.0,2024-04-18 00:00:00
07/10/2024, PC-EQ-07,24.0,0.0,6013.9,103.4,280.0,2024-10-08 00:00:00
21/12/2024,pc-eq-09,17.1,6.9,3354.5,54.5,208.0,2024-12-22 00:00:00
25/02/2024,PC-EQ-07,24.0,0.0,5772.5,147.6,280.0,2024-02-26 00:00:00
28/12/2024,PCEQ10,24.0,0.0,6832.1,102.5,400.0,2024-12-26 00:00:00
08/12/2024,PC-EQ-05	,24.0,0.0,5333.2,53.6,240.0,2024-12-09 00:00:00
18/02/2025,pc-eq-07,24.0,0.0,5962.3,151.4,280.0,2025-02-19 00:00:00
20/05/2024,pc-eq-06,24.0,0.0,4467.0,101.0,240.0,2024-05-21 00:00:00
22/11/2024,PC-EQ-01,24.0,0.0,9077.1,134.2,416.0,2024-11-23 00:00:00
12/02/2025,pc-eq-02,18.5,5.5,5960.9,51.4,344.0,2025-02-13 00:00:00
31/12/2024,pc-eq-07,24.0,0.0,6572.6,52.5,280.0,2025-01-01 00:00:00
15/11/2024, PC-EQ-01,24.0,0.0,9495.5,141.1,416.0,2024-11-16 00:00:00
02/01/2025,PC_EQ_05,24.0,0.0,4895.3,24.9,240.0,2025-01-03 00:00:00
10/04/2024,PC-EQ-02,22.6,1.4,7381.0,145.7,344.0,2024-04-11 00:00:00
09/02/2024,PC-EQ-01 ,24.0,0.0,9101.7,144.0,416.0,2024-02-10 00:00:00
26/08/2024,PC_EQ_02,24.0,0.0,6816.9,89.8,344.0,2024-08-27 00:00:00
05/01/2025,pc-eq-08,24.0,0.0,7452.4,185.9,320.0,2025-01-06 00:00:00
16/07/2024,PC-EQ-02,21.2,2.8,6199.1,112.4,344.0,2024-07-17 00:00:00
23/05/2024,PC-EQ-10	,24.0,0.0,9206.7,93.6,400.0,2024-05-24 00:00:00
10/11/2024,PCEQ07,24.0,0.0,6362.9,142.9,280.0,2024-11-11 00:00:00
03/01/2025,PC-EQ-03,24.0,0.0,6261.4,74.0,304.0,2025-01-04 00:00:00
13/12/2024,pc-eq-04,9.4,14.6,2891.5,53.0,368.0,2024-12-14 00:00:00
03/09/2024,pc-eq-06,24.0,0.0,4685.5,106.8,240.0,2024-09-04 00:00:00
03/08/2024,PC-EQ-01,24.0,0.0,8347.2,193.1,416.0,2024-08-04 00:00:00
18/01/2024,PC_EQ_02,23.5,0.5,7615.1,74.2,344.0,2024-01-19 00:00:00
26/10/2024,pc-eq-02,24.0,0.0,7182.2,175.6,344.0,2024-10-27 00:00:00
10/04/2024,PC-EQ-08	,24.0,0.0,6832.9,246.0,320.0,2024-04-11 00:00:00
23/08/2024,PC-EQ-04	,24.0,0.0,7787.3,113.3,368.0,2024-08-24 00:00:00
17/10/2024,PC-EQ-09	,24.0,0.0,4448.3,44.2,208.0,2024-10-18 00:00:00
22/06/2024,PCEQ01,24.0,0.0,8345.1,155.9,416.0,2024-06-23 00:00:00
13/10/2024, PC-EQ-10,24.0,0.0,8392.1,196.9,400.0,2024-10-14 00:00:00
22/02/2024,PC_EQ_07,24.0,0.0,5571.1,109.9,280.0,2024-02-23 00:00:00
21/04/2024, PC-EQ-09,24.0,0.0,4693.7,87.9,208.0,2024-04-22 00:00:00
11/04/2024,PC-EQ-06	,24.0,0.0,5486.2,127.4,240.0,2024-04-12 00:00:00
19/11/2024, PC-EQ-06,24.0,0.0,5214.3,58.9,240.0,2024-11-20 00:00:00
24/01/2024, PC-EQ-01,24.0,0.0,8829.6,142.8,416.0,2024-01-25 00:00:00
30/07/2024,PCEQ03,24.0,0.0,6971.0,109.1,304.0,2024-07-31 00:00:00
25/09/2024,pc-eq-01,16.5,7.5,6370.2,53.6,416.0,2024-09-26 00:00:00
01/04/2024,PC_EQ_01,24.0,0.0,9431.6,214.4,416.0,2024-04-02 00:00:00
20/02/2025,PC_EQ_05,24.0,0.0,5070.5,87.5,240.0,2025-02-21 00:00:00
14/02/2025, PC-EQ-10,24.0,0.0,8478.6,301.4,400.0,2025-02-15 00:00:00
08/11/2024,PCEQ01,24.0,0.0,9052.5,153.8,416.0,2024-11-09 00:00:00
23/02/2025,PC-EQ-02 ,8.1,15.9,2484.1,53.6,344.0,2025-02-24 00:00:00
13/06/2024,PC-EQ-03 ,24.0,0.0,6431.2,138.4,304.0,2024-06-14 00:00:00
28/02/2024,PCEQ09,24.0,0.0,4470.5,113.6,208.0,2024-02-29 00:00:00
17/02/2024,PC_EQ_04,22.6,1.4,8099.0,237.4,368.0,2024-02-18 00:00:00
29/08/2024,PC-EQ-04 ,10.9,13.1,3249.4,131.6,368.0,2024-08-30 00:00:00
26/01/2024,PC-EQ-07	,23.1,,6403.3,135.3,280.0,2024-01-27 00:00:00
06/01/2025,PCEQ02,21.8,2.2,6568.9,115.8,344.0,2025-01-07 00:00:00
25/07/2024,PC-EQ-08,18.7,5.3,5107.7,127.7,320.0,2024-07-26 00:00:00
28/02/2024,PCEQ02,24.0,0.0,6941.1,120.6,344.0,2024-02-29 00:00:00
17/01/2024,PC-EQ-01,24.0,0.0,9012.7,236.8,416.0,2024-01-18 00:00:00
06/01/2024,PC-EQ-09 ,24.0,0.0,4121.2,151.3,208.0,2024-01-07 00:00:00
21/07/2024,PC_EQ_01,24.0,0.0,8480.7,135.4,416.0,2024-07-22 00:00:00
07/03/2024,PCEQ06,24.0,0.0,4471.3,143.7,240.0,2024-03-08 00:00:00
25/10/2024,PC-EQ-06,24.0,0.0,5308.9,110.0,240.0,2024-10-26 00:00:00
28/01/2025,PCEQ01,24.0,,8602.5,92.8,416.0,2025-01-29 00:00:00
13/12/2024,PC-EQ-09,24.0,0.0,4341.2,53.3,208.0,2024-12-14 00:00:00
21/03/2024,PCEQ06,19.7,4.3,4423.9,80.5,240.0,2024-03-22 00:00:00
18/01/2025,PC-EQ-01 ,24.0,0.0,8435.3,163.7,416.0,2025-01-19 00:00:00
03/05/2024, PC-EQ-04,24.0,0.0,8317.4,171.6,368.0,2024-05-04 00:00:00
10/04/2024, PC-EQ-09,21.9,2.1,4098.0,66.0,208.0,2024-04-11 00:00:00
06/12/2024,PC-EQ-06,24.0,0.0,5170.3,71.9,240.0,2024-12-07 00:00:00
03/04/2024, PC-EQ-10,24.0,0.0,8677.1,279.2,400.0,2024-04-04 00:00:00
12/06/2024,PC-EQ-08 ,24.0,0.0,6710.7,185.5,320.0,2024-06-13 00:00:00
15/01/2024,PC-EQ-01 ,24.0,0.0,9799.9,333.5,416.0,2024-01-16 00:00:00
18/01/2025,PC-EQ-04 ,22.9,1.1,7963.1,161.1,368.0,2025-01-19 00:00:00
09/01/2024, PC-EQ-05,24.0,0.0,5673.7,89.4,240.0,2024-01-10 00:00:00
01/04/2024,PC-EQ-02	,24.0,0.0,6924.3,215.1,344.0,2024-01-05 00:00:00
06/08/2024,PC-EQ-04 ,24.0,0.0,8360.3,82.8,368.0,2024-08-07 00:00:00
11/02/2025,PC-EQ-07,21.7,2.3,5805.3,81.4,280.0,2025-02-12 00:00:00
23/12/2024,PC_EQ_02,24.0,0.0,7905.7,71.0,344.0,2024-12-24 00:00:00
31/01/2025,PC-EQ-06 ,24.0,0.0,5086.4,133.1,240.0,2025-02-01 00:00:00
12/11/2024,PC-EQ-08	,4.0,20.0,1215.7,2.4,320.0,2024-11-13 00:00:00
12/02/2025,PC-EQ-06,24.0,0.0,5297.8,69.8,240.0,2025-02-13 00:00:00
11/02/2024, PC-EQ-07,24.0,0.0,5738.4,127.6,280.0,2024-02-12 00:00:00
21/01/2024,PCEQ01,24.0,0.0,8763.6,260.2,416.0,2024-01-22 00:00:00
31/03/2024,pc-eq-07,24.0,0.0,6495.9,135.9,280.0,2024-04-01 00:00:00
16/09/2024,PC-EQ-02,24.0,0.0,7508.4,157.2,344.0,2024-09-17 00:00:00
16/11/2024,PC_EQ_01,24.0,0.0,9884.2,263.9,416.0,2024-11-17 00:00:00
01/11/2024,PCEQ10,24.0,0.0,8375.9,76.8,400.0,2024-11-02 00:00:00
28/04/2024,PC-EQ-09,24.0,0.0,4700.9,145.6,208.0,2024-04-29 00:00:00
14/08/2024,PC-EQ-03 ,24.0,0.0,6545.7,176.8,304.0,2024-08-15 00:00:00
27/01/2025,PC-EQ-06 ,24.0,0.0,5697.6,123.5,240.0,2025-01-28 00:00:00
05/09/2024,pc-eq-08,24.0,0.0,6914.5,163.0,320.0,2024-09-06 00:00:00
27/01/2025,PCEQ05,24.0,0.0,5327.0,94.4,240.0,2025-01-28 00:00:00
03/11/2024,PC-EQ-06 ,24.0,0.0,5284.5,145.6,240.0,2024-11-04 00:00:00
11/07/2024,PCEQ04,24.0,0.0,8332.3,189.8,368.0,2024-07-12 00:00:00
27/01/2025,PC-EQ-03,23.1,0.9,6099.5,143.9,304.0,2025-01-28 00:00:00
21/01/2024,PC-EQ-04 ,21.4,2.6,6319.4,204.0,368.0,2024-01-22 00:00:00
14/01/2025,PCEQ02,24.0,0.0,7349.7,231.0,344.0,2025-01-15 00:00:00
29/04/2024,PC-EQ-06,24.0,0.0,5362.5,89.1,240.0,2024-04-30 00:00:00
17/03/2024,PC-EQ-02,24.0,0.0,7155.3,180.4,344.0,2024-03-18 00:00:00
27/12/2024,PC-EQ-04,24.0,0.0,8743.7,333.8,368.0,2024-12-28 00:00:00
20/01/2024,PC_EQ_07,24.0,0.0,5229.8,141.6,280.0,2024-01-21 00:00:00
18/05/2024, PC-EQ-10,24.0,0.0,8380.9,,400.0,2024-05-19 00:00:00
03/03/2024,PC-EQ-09,24.0,0.0,4249.9,71.9,208.0,2024-03-04 00:00:00
09/02/2024,PCEQ05,24.0,0.0,4994.4,101.5,240.0,2024-02-10 00:00:00
05/10/2024,PC-EQ-02,24.0,0.0,8173.4,126.6,344.0,2024-10-06 00:00:00
19/09/2024,PCEQ06,24.0,0.0,5315.9,,240.0,2024-09-20 00:00:00
18/02/2024,PCEQ04,24.0,0.0,8019.0,135.4,368.0,2024-02-19 00:00:00
13/06/2024,PCEQ02,24.0,0.0,7870.0,134.7,344.0,2024-06-14 00:00:00
22/01/2024, PC-EQ-09,24.0,0.0,4495.3,162.7,208.0,2024-01-23 00:00:00
04/02/2025,PC-EQ-07,24.0,0.0,6008.5,176.6,280.0,2025-02-05 00:00:00
08/06/2024,PC_EQ_05,24.0,0.0,5211.2,106.6,240.0,2024-06-09 00:00:00
28/02/2025, PC-EQ-04,24.0,0.0,8290.4,141.7,368.0,2025-03-01 00:00:00
09/04/2024,PC-EQ-06 ,24.0,0.0,5209.5,98.2,240.0,2024-04-10 00:00:00
08/08/2024, PC-EQ-08,24.0,0.0,6949.2,190.9,320.0,2024-08-09 00:00:00
31/01/2024,PCEQ10,24.0,0.0,9504.0,315.6,400.0,2024-02-01 00:00:00
28/09/2024,PC_EQ_05,15.3,8.7,2965.9,78.0,240.0,2024-09-29 00:00:00
08/11/2024,PC-EQ-09	,24.0,0.0,4375.6,94.4,208.0,2024-11-09 00:00:00
29/02/2024, PC-EQ-05,24.0,0.0,5291.5,40.9,240.0,2024-03-01 00:00:00
26/03/2024, PC-EQ-09,24.0,0.0,4124.5,86.5,208.0,2024-03-27 00:00:00
02/03/2024,PC-EQ-07	,24.0,0.0,5729.3,181.9,280.0,2024-03-03 00:00:00
15/07/2024, PC-EQ-10,24.0,0.0,7380.3,99.7,400.0,2024-07-16 00:00:00
27/04/2024,PC-EQ-03 ,24.0,0.0,6497.2,24.9,304.0,2024-04-28 00:00:00
02/05/2024,PC-EQ-06 ,12.2,11.8,2540.6,23.7,240.0,2024-05-03 00:00:00
31/07/2024, PC-EQ-05,24.0,0.0,4934.1,135.7,240.0,2024-08-01 00:00:00
22/08/2024,PC_EQ_02,24.0,0.0,8053.6,334.4,344.0,2024-08-23 00:00:00
16/11/2024,PC_EQ_04,24.0,0.0,7195.6,164.4,368.0,2024-11-17 00:00:00
09/10/2024,PC-EQ-02,24.0,0.0,7193.8,165.0,344.0,2024-10-10 00:00:00
29/06/2024,PC_EQ_08,24.0,0.0,6391.6,163.9,320.0,2024-06-30 00:00:00
05/10/2024,PCEQ06,24.0,,5702.4,71.5,240.0,2024-10-06 00:00:00
18/12/2024,PCEQ02,24.0,0.0,6984.5,,344.0,2024-12-19 00:00:00
24/04/2024, PC-EQ-02,24.0,0.0,6997.1,179.5,344.0,2024-04-25 00:00:00
13/04/2024,pc-eq-10,24.0,0.0,9504.0,250.4,400.0,2024-04-14 00:00:00
12/05/2024,pc-eq-10,24.0,,9370.7,159.4,400.0,2024-05-13 00:00:00
31/08/2024, PC-EQ-06,24.0,0.0,5193.8,129.2,240.0,2024-09-01 00:00:00
15/04/2024, PC-EQ-02,24.0,0.0,7503.1,182.3,344.0,2024-04-16 00:00:00
09/03/2024,PC-EQ-06 ,24.0,0.0,5298.8,125.5,240.0,2024-03-10 00:00:00
24/04/2024,pc-eq-07,17.0,7.0,4548.8,155.4,280.0,2024-04-25 00:00:00
15/03/2024, PC-EQ-06,24.0,0.0,5472.2,73.8,240.0,2024-03-16 00:00:00
13/02/2025,PC-EQ-08	,15.8,8.2,4677.5,108.6,320.0,2025-02-14 00:00:00
15/10/2024,PCEQ03,24.0,0.0,6198.9,151.1,304.0,2024-10-16 00:00:00
22/05/2024,pc-eq-07,24.0,0.0,6015.0,41.9,280.0,2024-05-23 00:00:00
29/03/2024,PC-EQ-02 ,24.0,0.0,8173.4,130.9,344.0,2024-03-30 00:00:00
24/02/2024,pc-eq-06,24.0,0.0,4943.7,178.3,240.0,2024-02-25 00:00:00
11/10/2024,pc-eq-01,24.0,0.0,8285.6,190.1,416.0,2024-10-12 00:00:00
07/02/2024,PCEQ01,24.0,0.0,8687.2,238.1,416.0,2024-02-08 00:00:00
17/12/2024,pc-eq-03,24.0,0.0,6962.9,81.0,304.0,2024-12-18 00:00:00
15/01/2024, PC-EQ-05,16.0,,3354.3,38.9,240.0,2024-01-16 00:00:00
04/07/2024,PC-EQ-06 ,4.0,20.0,851.7,17.4,240.0,2024-07-05 00:00:00
21/07/2024,PC-EQ-05	,24.0,0.0,5241.0,176.1,240.0,2024-07-22 00:00:00
01/11/2024,PC-EQ-06,24.0,0.0,5202.9,67.0,240.0,2024-11-02 00:00:00
11/09/2024,PC-EQ-07 ,24.0,0.0,6266.5,185.7,280.0,2024-09-12 00:00:00
21/01/2025, PC-EQ-01,24.0,0.0,8939.6,129.1,416.0,2025-01-22 00:00:00
11/01/2024,PC-EQ-09	,24.0,0.0,4638.9,78.1,208.0,2024-01-12 00:00:00
08/12/2024,PC-EQ-08,24.0,0.0,6566.8,108.4,320.0,2024-12-09 00:00:00
25/01/2025,PC-EQ-06	,24.0,0.0,4620.0,111.0,240.0,2025-01-26 00:00:00
10/02/2024,PCEQ06,24.0,0.0,5702.4,109.2,240.0,2024-02-11 00:00:00
16/01/2024,PC_EQ_01,24.0,0.0,8790.7,224.7,416.0,2024-01-17 00:00:00
27/04/2024,pc-eq-09,24.0,0.0,4351.1,34.3,208.0,2024-04-28 00:00:00
15/10/2024,PC_EQ_02,24.0,0.0,6444.7,,344.0,2024-10-16 00:00:00
02/02/2025,PC-EQ-05	,22.2,1.8,4523.5,91.9,240.0,2025-02-03 00:00:00
19/06/2024,PC-EQ-07 ,24.0,0.0,6240.6,167.8,280.0,2024-06-20 00:00:00
29/01/2025,PC-EQ-05	,24.0,0.0,5270.7,171.4,240.0,2025-01-30 00:00:00
17/02/2025, PC-EQ-05,24.0,0.0,5241.9,103.2,240.0,2025-02-18 00:00:00
02/01/2024,PCEQ10,24.0,0.0,9504.0,204.8,400.0,2024-01-03 00:00:00
04/03/2024,PC_EQ_08,24.0,0.0,6326.1,91.1,320.0,2024-03-05 00:00:00
28/02/2025,PC-EQ-10 ,24.0,0.0,7823.1,126.8,400.0,2025-03-01 00:00:00
20/08/2024,PC-EQ-06 ,24.0,0.0,5243.7,145.2,240.0,2024-08-21 00:00:00
26/09/2024, PC-EQ-03,24.0,0.0,6069.6,119.9,304.0,2024-09-27 00:00:00
13/10/2024,PC-EQ-02,24.0,0.0,7242.8,105.0,344.0,2024-10-14 00:00:00
11/06/2024, PC-EQ-02,24.0,0.0,7252.6,159.3,344.0,2024-06-12 00:00:00
10/02/2025,PCEQ04,24.0,0.0,8023.5,202.7,368.0,2025-02-11 00:00:00
20/02/2025,PC-EQ-04,24.0,0.0,7650.9,162.0,368.0,2025-02-21 00:00:00
09/07/2024,PC-EQ-05 ,24.0,0.0,4698.1,118.8,240.0,2024-07-10 00:00:00
22/02/2025,PC-EQ-06,18.6,,3760.7,110.0,240.0,2025-02-23 00:00:00
05/08/2024,PC-EQ-03	,22.8,1.2,6198.1,101.3,304.0,2024-08-06 00:00:00
23/01/2024,PCEQ10,24.0,0.0,8559.7,161.6,400.0,2024-01-24 00:00:00
16/09/2024,PC-EQ-01,24.0,0.0,9338.3,215.0,416.0,2024-09-17 00:00:00
23/10/2024,PC-EQ-01	,16.5,7.5,5751.5,114.7,416.0,2024-10-24 00:00:00
30/05/2024,PC_EQ_01,24.0,,8533.7,204.2,416.0,2024-05-31 00:00:00
27/03/2024,PCEQ06,24.0,0.0,5150.9,96.6,240.0,2024-03-28 00:00:00
04/04/2024, PC-EQ-04,20.5,3.5,6422.8,79.6,368.0,2024-04-05 00:00:00
12/05/2024, PC-EQ-09,24.0,0.0,4818.5,115.0,208.0,2024-05-13 00:00:00
26/08/2024,PC-EQ-08 ,24.0,0.0,7328.1,,320.0,2024-08-27 00:00:00
11/11/2024,PC_EQ_08,24.0,0.0,6685.4,169.7,320.0,2024-11-12 00:00:00
18/02/2024,PC-EQ-08 ,21.4,2.6,6359.9,153.3,320.0,2024-02-19 00:00:00
23/11/2024,PCEQ02,15.3,8.7,4756.4,36.3,344.0,2024-11-24 00:00:00
02/11/2024,pc-eq-01,24.0,0.0,8334.3,319.3,416.0,2024-11-03 00:00:00
06/10/2024,PC_EQ_06,24.0,0.0,5328.8,63.0,240.0,2024-10-07 00:00:00
28/10/2024,pc-eq-10,19.2,4.8,6385.6,151.4,400.0,2024-10-29 00:00:00
13/12/2024, PC-EQ-10,24.0,0.0,7567.0,30.9,400.0,2024-12-14 00:00:00
13/03/2024,PC-EQ-06,23.1,0.9,5488.6,70.7,240.0,2024-03-14 00:00:00
12/07/2024,pc-eq-07,24.0,,5849.1,124.6,280.0,2024-07-12 00:00:00
22/08/2024,PC-EQ-04,9.2,14.8,2983.5,27.0,368.0,2024-08-23 00:00:00
07/01/2025, PC-EQ-09,24.0,0.0,4351.9,94.5,208.0,2025-01-08 00:00:00
29/03/2024,PC-EQ-05 ,24.0,0.0,5482.2,101.7,240.0,2024-03-30 00:00:00
08/01/2025,PCEQ03,24.0,0.0,7223.0,105.1,304.0,2025-01-09 00:00:00
06/02/2024,PCEQ09,24.0,0.0,4643.5,122.5,208.0,2024-02-07 00:00:00
06/03/2024,PC_EQ_03,24.0,0.0,6636.8,238.7,304.0,2024-03-07 00:00:00
01/05/2024,PC-EQ-05 ,24.0,0.0,4849.0,59.1,240.0,2024-05-02 00:00:00
02/09/2024,PC-EQ-08,24.0,0.0,7163.7,191.4,320.0,2024-09-03 00:00:00
26/11/2024,PC-EQ-01 ,24.0,0.0,8619.3,143.7,416.0,2024-11-27 00:00:00
12/12/2024,pc-eq-05,21.2,2.8,4768.4,,240.0,2024-12-13 00:00:00
12/03/2024,PC-EQ-10	,24.0,0.0,8741.4,232.0,400.0,2024-03-13 00:00:00
02/11/2024,PC-EQ-03	,24.0,0.0,6112.0,179.3,304.0,2024-11-03 00:00:00
27/01/2025,PC-EQ-09 ,17.9,6.1,3226.7,67.5,208.0,2025-01-28 00:00:00
04/09/2024,PCEQ02,24.0,0.0,7459.8,197.1,344.0,2024-09-05 00:00:00
13/07/2024, PC-EQ-03,24.0,0.0,6798.9,138.3,304.0,2024-07-14 00:00:00
11/02/2024,PCEQ05,24.0,0.0,5373.8,13.1,240.0,2024-02-12 00:00:00
04/04/2024,PC-EQ-10	,24.0,0.0,9303.5,131.9,400.0,2024-04-05 00:00:00
07/04/2024,PC_EQ_10,24.0,0.0,8421.5,181.4,400.0,2024-04-08 00:00:00
19/08/2024,PC-EQ-02,24.0,0.0,7118.2,123.1,344.0,2024-08-20 00:00:00
02/07/2024,PC-EQ-08 ,24.0,0.0,6092.0,129.4,320.0,2024-07-03 00:00:00
20/02/2025,PC-EQ-01 ,24.0,0.0,9275.5,59.4,416.0,2025-02-21 00:00:00
03/01/2024,PC-EQ-03 ,21.6,2.4,5882.1,126.1,304.0,2024-01-04 00:00:00
10/08/2024,PC_EQ_01,4.0,20.0,1525.5,27.6,416.0,2024-08-11 00:00:00
09/03/2024,PC-EQ-02 ,24.0,0.0,7631.9,176.5,344.0,2024-03-10 00:00:00
10/10/2024,PC-EQ-03,24.0,0.0,6776.9,124.9,304.0,2024-10-11 00:00:00
09/08/2024,PC-EQ-06 ,24.0,0.0,5093.5,144.0,240.0,2024-08-10 00:00:00
12/05/2024,PC_EQ_08,24.0,0.0,6758.0,115.2,320.0,2024-05-13 00:00:00
16/02/2025,PC-EQ-03	,24.0,0.0,6586.6,122.4,304.0,2025-02-17 00:00:00
08/11/2024,PC-EQ-07,24.0,0.0,5716.9,79.1,280.0,2024-11-09 00:00:00
27/12/2024,PC-EQ-03,24.0,0.0,6905.2,124.8,304.0,2024-12-28 00:00:00
25/12/2024,pc-eq-08,24.0,0.0,6759.9,208.5,320.0,2024-12-26 00:00:00
21/02/2025,pc-eq-01,24.0,0.0,8898.7,178.3,416.0,2025-02-22 00:00:00
31/01/2024,PC-EQ-08	,24.0,0.0,6385.0,124.7,320.0,2024-02-01 00:00:00
21/03/2024, PC-EQ-09,24.0,0.0,4640.3,124.7,208.0,2024-03-22 00:00:00
15/11/2024,PC-EQ-10 ,22.1,1.9,8061.0,106.4,400.0,2024-11-16 00:00:00
15/05/2024,PC-EQ-08,24.0,0.0,7108.4,135.8,320.0,2024-05-16 00:00:00
30/05/2024,PC_EQ_02,22.7,1.3,6746.2,123.4,344.0,2024-05-31 00:00:00
18/10/2024,PC-EQ-09,24.0,0.0,4370.8,99.0,208.0,2024-10-19 00:00:00
14/02/2025,PC_EQ_06,24.0,,5691.4,120.0,240.0,2025-02-15 00:00:00
31/01/2025, PC-EQ-02,24.0,0.0,7387.8,108.5,344.0,2025-02-01 00:00:00
06/01/2024, PC-EQ-04,24.0,0.0,7993.0,337.1,368.0,2024-01-07 00:00:00
03/11/2024,PCEQ08,24.0,0.0,6758.1,313.7,320.0,2024-11-04 00:00:00
18/09/2024, PC-EQ-09,24.0,0.0,4908.1,48.6,208.0,2024-09-19 00:00:00
18/01/2024,PC-EQ-08	,24.0,0.0,6174.9,151.7,320.0,2024-01-19 00:00:00
17/02/2024,PC_EQ_07,20.6,3.4,5463.7,57.3,280.0,2024-02-18 00:00:00
18/06/2024,PC-EQ-02	,22.2,1.8,6669.1,204.4,344.0,2024-06-19 00:00:00
04/12/2024,pc-eq-01,24.0,0.0,7833.9,93.9,416.0,2024-12-05 00:00:00
25/02/2024,PC-EQ-05	,24.0,0.0,4367.0,155.8,240.0,2024-02-26 00:00:00
29/01/2025,PC-EQ-01 ,24.0,0.0,9083.6,121.5,416.0,2025-01-30 00:00:00
01/04/2024,pc-eq-02,23.3,0.7,7196.5,130.1,344.0,2024-04-02 00:00:00
07/01/2025,PCEQ08,24.0,0.0,6704.9,152.8,320.0,2025-01-08 00:00:00
29/03/2024,PC-EQ-08,24.0,0.0,5693.0,106.5,320.0,2024-03-28 00:00:00
17/11/2024,PCEQ08,24.0,0.0,7304.6,97.6,320.0,2024-11-18 00:00:00
17/01/2024,PCEQ06,24.0,,5563.6,121.9,240.0,2024-01-18 00:00:00
04/03/2024,pc-eq-10,22.1,1.9,8156.0,182.6,400.0,2024-03-05 00:00:00
06/08/2024,PC-EQ-09	,24.0,0.0,4141.7,90.2,208.0,2024-08-07 00:00:00
28/01/2024,PC-EQ-05,4.0,20.0,911.0,12.6,240.0,2024-01-29 00:00:00
25/04/2024,PC_EQ_05,19.5,4.5,3594.3,29.5,240.0,2024-04-23 00:00:00
19/09/2024,PC-EQ-05	,12.2,11.8,2330.5,30.8,240.0,2024-09-20 00:00:00
15/07/2024, PC-EQ-01,24.0,0.0,8960.1,230.3,416.0,2024-07-16 00:00:00
04/04/2024, PC-EQ-02,24.0,0.0,6991.9,200.4,344.0,2024-04-05 00:00:00
17/02/2024,PC-EQ-02,24.0,0.0,7775.5,158.5,344.0,2024-02-18 00:00:00
04/05/2024,PC-EQ-05 ,24.0,0.0,5025.0,8.0,240.0,2024-05-05 00:00:00
12/08/2024,PC-EQ-01	,16.2,7.8,6275.7,92.4,416.0,2024-08-13 00:00:00
02/12/2024,PC-EQ-10	,24.0,0.0,9504.0,261.5,400.0,2024-12-03 00:00:00
30/06/2024, PC-EQ-07,24.0,0.0,5923.2,164.8,280.0,2024-07-01 00:00:00
06/09/2024,PCEQ02,24.0,0.0,7793.3,181.5,344.0,2024-09-07 00:00:00
23/12/2024,PC-EQ-05	,24.0,0.0,5150.2,18.9,240.0,2024-12-24 00:00:00
23/10/2024, PC-EQ-06,24.0,0.0,5247.9,122.8,240.0,2024-10-24 00:00:00
06/07/2024,PC-EQ-05,1.9,22.1,410.0,11.8,240.0,2024-07-07 00:00:00
07/04/2024,PCEQ09,24.0,0.0,4589.6,,208.0,2024-04-08 00:00:00
06/12/2024,PC_EQ_01,24.0,,8233.8,222.2,416.0,2024-12-07 00:00:00
17/08/2024,PC-EQ-04	,15.7,8.3,5227.4,106.5,368.0,2024-08-18 00:00:00
20/10/2024,PC-EQ-10,24.0,0.0,8815.6,110.3,400.0,2024-10-21 00:00:00
23/03/2024, PC-EQ-01,24.0,0.0,9188.4,90.6,416.0,2024-03-24 00:00:00
11/10/2024,pc-eq-01,24.0,0.0,7547.4,190.1,416.0,2024-10-11 00:00:00
10/05/2024,PC-EQ-10	,24.0,0.0,8685.0,104.7,400.0,2024-05-11 00:00:00
29/03/2024, PC-EQ-09,24.0,0.0,4878.1,60.2,208.0,2024-03-30 00:00:00
10/05/2024,PC-EQ-04 ,13.0,11.0,4044.3,56.5,368.0,2024-05-11 00:00:00
26/03/2024,PCEQ01,24.0,0.0,9262.5,228.5,416.0,2024-03-27 00:00:00
19/06/2024,PC-EQ-06	,24.0,0.0,5114.8,73.0,240.0,2024-06-20 00:00:00
27/12/2024, PC-EQ-05,24.0,,5110.6,90.8,240.0,2024-12-28 00:00:00
24/01/2025,PC_EQ_05,15.4,8.6,2982.5,62.2,240.0,2025-01-25 00:00:00
23/01/2024,PCEQ06,21.0,3.0,4989.6,87.2,240.0,2024-01-24 00:00:00
25/06/2024,PCEQ06,24.0,0.0,5224.0,97.7,240.0,2024-06-26 00:00:00
06/12/2024,PC-EQ-10	,24.0,0.0,7921.8,171.3,400.0,2024-12-07 00:00:00
03/05/2024,PC_EQ_03,24.0,0.0,7009.7,171.4,304.0,2024-05-04 00:00:00
10/09/2024,PCEQ07,24.0,0.0,5969.8,130.7,280.0,2024-09-11 00:00:00
27/08/2024,PCEQ08,24.0,0.0,7113.0,141.0,320.0,2024-08-28 00:00:00
16/05/2024,pc-eq-05,24.0,0.0,5418.6,87.8,240.0,2024-05-17 00:00:00
20/05/2024,PC-EQ-03,24.0,0.0,5986.8,145.4,304.0,2024-05-21 00:00:00
22/06/2024, PC-EQ-03,24.0,0.0,6517.7,135.5,304.0,2024-06-23 00:00:00
26/03/2024, PC-EQ-10,24.0,0.0,8636.8,181.0,400.0,2024-03-27 00:00:00
03/05/2024,PC-EQ-06	,24.0,0.0,5358.8,145.6,240.0,2024-05-04 00:00:00
02/01/2025,PC-EQ-04	,24.0,0.0,8192.5,98.6,368.0,2025-01-03 00:00:00
17/11/2024,PC-EQ-01	,24.0,0.0,8787.0,135.2,416.0,2024-11-18 00:00:00
01/08/2024,PC-EQ-02,24.0,0.0,7888.7,126.2,344.0,2024-08-02 00:00:00
30/01/2024,PC-EQ-06	,24.0,0.0,5702.4,123.9,240.0,2024-01-31 00:00:00
02/12/2024,PC_EQ_04,21.6,,6717.6,177.6,368.0,2024-12-03 00:00:00
05/02/2024,PC-EQ-05	,24.0,0.0,5702.4,156.3,240.0,2024-02-06 00:00:00
17/02/2025,PC-EQ-10	,18.1,5.9,5943.1,109.6,400.0,2025-02-18 00:00:00
19/02/2025,PC-EQ-01	,24.0,0.0,9085.0,237.0,416.0,2025-02-20 00:00:00
31/05/2024,PC-EQ-08,24.0,0.0,6958.7,,320.0,2024-06-01 00:00:00
05/02/2024,PC-EQ-01,16.9,7.1,6482.9,213.3,416.0,2024-02-06 00:00:00
29/01/2025,PCEQ07,24.0,0.0,5289.5,,280.0,2025-01-30 00:00:00
08/01/2024,PC-EQ-09 ,24.0,0.0,4543.9,89.6,208.0,2024-01-09 00:00:00
30/06/2024, PC-EQ-06,19.0,5.0,4189.6,61.3,240.0,2024-07-01 00:00:00
25/01/2025,PC_EQ_10,21.0,3.0,7630.7,188.6,400.0,2025-01-26 00:00:00
26/10/2024,PC-EQ-03	,24.0,0.0,7064.1,81.8,304.0,2024-10-27 00:00:00
05/09/2024,PC-EQ-05 ,24.0,0.0,5256.7,71.2,240.0,2024-09-06 00:00:00
13/06/2024,PC_EQ_04,24.0,0.0,8409.0,150.2,368.0,2024-06-14 00:00:00
31/08/2024,PC-EQ-10,24.0,0.0,8982.1,100.6,400.0,2024-09-01 00:00:00
22/01/2024, PC-EQ-01,17.3,6.7,6807.7,77.0,416.0,2024-01-23 00:00:00
29/05/2024,PC-EQ-06,24.0,0.0,5523.0,141.9,240.0,2024-05-30 00:00:00
15/02/2024,pc-eq-05,24.0,,4845.2,118.0,240.0,2024-02-16 00:00:00
01/10/2024,PC-EQ-03,24.0,0.0,6462.5,53.1,304.0,2024-10-02 00:00:00
10/01/2024, PC-EQ-03,24.0,0.0,7036.2,105.3,304.0,2024-01-11 00:00:00
03/01/2025,PCEQ07,24.0,0.0,5863.5,135.8,280.0,2025-01-04 00:00:00
27/02/2024,PCEQ04,17.4,6.6,5542.3,150.5,368.0,2024-02-28 00:00:00
29/09/2024,pc-eq-02,24.0,0.0,6929.0,137.5,344.0,2024-09-30 00:00:00
12/01/2024,PC-EQ-08	,24.0,0.0,6648.9,136.0,320.0,2024-01-13 00:00:00
07/04/2024,PC-EQ-03,24.0,0.0,6284.8,88.0,304.0,2024-04-08 00:00:00
10/01/2025,pc-eq-04,24.0,,8255.3,177.4,368.0,2025-01-11 00:00:00
17/04/2024,PCEQ06,24.0,0.0,5390.2,204.1,240.0,2024-04-18 00:00:00
24/02/2024,PC_EQ_03,24.0,0.0,6652.0,158.9,304.0,2024-02-25 00:00:00
23/04/2024,PC-EQ-07,24.0,0.0,6404.8,138.8,280.0,2024-04-24 00:00:00
31/07/2024,PC-EQ-01 ,24.0,0.0,8099.0,196.1,416.0,2024-07-29 00:00:00
10/08/2024,PC-EQ-03	,24.0,0.0,6057.8,115.5,304.0,2024-08-11 00:00:00
24/01/2024,PC_EQ_04,24.0,0.0,7674.2,66.3,368.0,2024-01-25 00:00:00
01/02/2024,pc-eq-07,24.0,0.0,5990.2,142.1,280.0,2024-02-02 00:00:00
14/07/2024,PC-EQ-03	,21.1,2.9,6157.5,43.1,304.0,2024-07-15 00:00:00
20/06/2024,PCEQ09,24.0,0.0,4504.1,91.0,208.0,2024-06-21 00:00:00
18/02/2024,PC_EQ_10,24.0,0.0,8430.7,262.9,400.0,2024-02-19 00:00:00
20/07/2024,PC_EQ_08,23.3,0.7,7321.8,191.6,320.0,2024-07-21 00:00:00
31/01/2024,PC-EQ-09	,24.0,0.0,4276.8,89.7,208.0,2024-02-01 00:00:00
05/02/2025,PC-EQ-07,24.0,0.0,5786.1,92.4,280.0,2025-02-06 00:00:00
08/07/2024,pc-eq-10,24.0,0.0,8581.0,101.7,400.0,2024-07-09 00:00:00
23/03/2024,PC-EQ-05,24.0,0.0,5368.1,102.7,240.0,2024-03-24 00:00:00
01/04/2024,PC_EQ_07,24.0,0.0,6078.2,130.7,280.0,2024-04-02 00:00:00
08/02/2025,PC-EQ-08 ,24.0,0.0,7246.7,158.5,320.0,2025-02-09 00:00:00
08/05/2024,PC-EQ-02 ,24.0,0.0,6746.4,153.1,344.0,2024-05-09 00:00:00
14/04/2024,PC-EQ-07	,24.0,,5927.8,137.6,280.0,2024-04-15 00:00:00
31/10/2024,PC-EQ-03 ,24.0,0.0,6494.0,122.2,304.0,2024-11-01 00:00:00
08/11/2024,PC_EQ_02,24.0,,7473.0,144.3,344.0,2024-11-09 00:00:00
14/02/2025,PC-EQ-08 ,24.0,0.0,6414.7,94.7,320.0,2025-02-15 00:00:00
23/07/2024,pc-eq-10,24.0,0.0,8743.8,110.9,400.0,2024-07-24 00:00:00
22/04/2024,PC-EQ-09	,24.0,0.0,4319.0,34.3,208.0,2024-04-23 00:00:00
01/10/2024, PC-EQ-08,24.0,0.0,7293.9,133.2,320.0,2024-10-02 00:00:00
13/02/2024,PC-EQ-10	,24.0,0.0,8607.0,252.6,400.0,2024-02-14 00:00:00
30/05/2024,PC-EQ-09	,21.3,,4374.9,140.0,208.0,2024-05-31 00:00:00
10/07/2024,PC-EQ-09,24.0,,4942.1,158.4,208.0,2024-07-11 00:00:00
20/02/2024,PC-EQ-03	,24.0,0.0,6530.3,109.4,304.0,2024-02-21 00:00:00
26/06/2024, PC-EQ-04,24.0,0.0,8031.5,194.6,368.0,2024-06-27 00:00:00
25/11/2024,PC_EQ_05,24.0,0.0,5148.5,113.4,240.0,2024-11-26 00:00:00
08/01/2025,PCEQ04,23.2,,7569.1,180.1,368.0,2025-01-09 00:00:00
05/05/2024,PCEQ09,24.0,0.0,4812.2,,208.0,2024-05-06 00:00:00
16/02/2024,PC-EQ-10	,24.0,0.0,8732.9,153.0,400.0,2024-02-17 00:00:00
19/02/2024,PC-EQ-02 ,17.3,6.7,5144.1,90.7,344.0,2024-02-20 00:00:00
28/06/2024,PC-EQ-02	,24.0,0.0,8173.4,249.3,344.0,2024-06-29 00:00:00
01/06/2024,pc-eq-09,24.0,0.0,4900.8,89.9,208.0,2024-06-02 00:00:00
05/05/2024,PCEQ08,24.0,0.0,6777.0,121.9,320.0,2024-05-06 00:00:00
16/11/2024,pc-eq-08,24.0,0.0,7603.2,198.3,320.0,2024-11-17 00:00:00
09/12/2024,PC-EQ-08,21.3,2.7,5490.4,118.3,320.0,2024-12-10 00:00:00
27/05/2024,PC_EQ_10,24.0,0.0,9278.4,175.3,400.0,2024-05-28 00:00:00
13/07/2024,pc-eq-02,24.0,0.0,7640.7,178.6,344.0,2024-07-14 00:00:00
23/12/2024,pc-eq-06,24.0,0.0,5368.4,50.7,240.0,2024-12-24 00:00:00
21/09/2024,PC-EQ-09,24.0,0.0,4540.6,128.7,208.0,2024-09-22 00:00:00
18/07/2024, PC-EQ-08,24.0,,6604.5,129.3,320.0,2024-07-19 00:00:00
04/05/2024,pc-eq-08,24.0,0.0,6926.1,159.2,320.0,2024-05-05 00:00:00
09/01/2025,PC_EQ_06,24.0,0.0,4873.5,88.1,240.0,2025-01-10 00:00:00
01/03/2024,pc-eq-10,24.0,0.0,9437.0,71.1,400.0,2024-03-02 00:00:00
07/12/2024,PC-EQ-08 ,12.0,12.0,3631.6,40.3,320.0,2024-12-08 00:00:00
11/01/2024,PC-EQ-02,24.0,0.0,7474.6,136.0,344.0,2024-01-12 00:00:00
09/08/2024,PC-EQ-05 ,24.0,0.0,4919.7,111.9,240.0,2024-08-10 00:00:00
05/12/2024,PC_EQ_10,24.0,0.0,7766.1,186.7,400.0,2024-12-06 00:00:00
12/01/2024,PC-EQ-02,24.0,0.0,7161.0,120.5,344.0,2024-01-13 00:00:00
13/03/2024,PC-EQ-01 ,24.0,0.0,9884.2,234.2,416.0,2024-03-14 00:00:00
20/09/2024,PC-EQ-04	,7.8,16.2,2713.4,35.0,368.0,2024-09-21 00:00:00
14/01/2025,PC_EQ_01,20.8,3.2,7440.6,220.9,416.0,2025-01-15 00:00:00
29/08/2024,PC_EQ_03,24.0,0.0,6103.2,68.5,304.0,2024-08-30 00:00:00
07/01/2025,PCEQ07,24.0,0.0,6098.1,70.1,280.0,2025-01-08 00:00:00
27/01/2025,PC-EQ-01	,24.0,0.0,8750.8,187.1,416.0,2025-01-28 00:00:00
08/11/2024,PC-EQ-08	,24.0,0.0,7480.7,162.5,320.0,2024-11-09 00:00:00
03/08/2024,PC-EQ-03,22.9,1.1,6614.4,105.5,304.0,2024-08-04 00:00:00
26/01/2025,PC-EQ-10,24.0,0.0,8325.1,204.5,400.0,2025-01-27 00:00:00
25/01/2024,pc-eq-10,24.0,0.0,8499.8,211.6,400.0,2024-01-26 00:00:00
15/06/2024,pc-eq-07,24.0,0.0,6490.4,146.9,280.0,2024-06-16 00:00:00
04/02/2025,PC-EQ-03	,24.0,0.0,6695.5,,304.0,2025-02-05 00:00:00
26/02/2024,PC_EQ_08,22.7,1.3,6732.7,237.1,320.0,2024-02-27 00:00:00
29/06/2024,PC-EQ-09 ,24.0,0.0,4163.5,98.8,208.0,2024-06-30 00:00:00
13/11/2024,PCEQ07,24.0,0.0,6409.0,110.2,280.0,2024-11-14 00:00:00
23/02/2024,PC-EQ-09	,24.0,0.0,4324.3,91.6,208.0,2024-02-24 00:00:00
14/08/2024,pc-eq-01,18.1,5.9,7102.8,74.1,416.0,2024-08-15 00:00:00
14/02/2025, PC-EQ-10,24.0,0.0,7706.6,301.4,400.0,2025-02-14 00:00:00
10/03/2024,PC_EQ_10,22.7,1.3,8443.4,0.0,400.0,2024-03-11 00:00:00
26/02/2025,PC-EQ-02 ,24.0,0.0,8080.5,103.5,344.0,2025-02-27 00:00:00
12/11/2024,PC-EQ-05 ,18.0,6.0,3545.3,91.0,240.0,2024-11-13 00:00:00
17/07/2024,PC-EQ-08 ,24.0,0.0,6783.0,75.3,320.0,2024-07-18 00:00:00
29/01/2024,PC-EQ-02	,15.0,9.0,4519.6,86.6,344.0,2024-01-30 00:00:00
23/10/2024,pc-eq-02,24.0,0.0,7705.5,103.7,344.0,2024-10-24 00:00:00
24/07/2024,PC_EQ_02,4.0,20.0,1226.2,0.0,344.0,2024-07-25 00:00:00
04/09/2024,PC-EQ-01 ,22.0,2.0,8942.2,71.5,416.0,2024-09-05 00:00:00
08/01/2025,PC-EQ-06,24.0,0.0,5145.8,126.2,240.0,2025-01-09 00:00:00
25/02/2024,PC-EQ-10 ,24.0,0.0,9220.0,118.6,400.0,2024-02-26 00:00:00
03/01/2024,PC_EQ_01,24.0,0.0,8700.6,71.3,416.0,2024-01-04 00:00:00
10/09/2024,PC-EQ-08,24.0,0.0,6730.4,177.3,320.0,2024-09-11 00:00:00
25/06/2024, PC-EQ-08,23.3,0.7,6074.0,99.4,320.0,2024-06-26 00:00:00
15/12/2024, PC-EQ-03,24.0,0.0,6354.9,94.0,304.0,2024-12-15 00:00:00
01/10/2024,PC-EQ-06,24.0,0.0,5121.8,116.6,240.0,2024-10-02 00:00:00
24/02/2024, PC-EQ-01,24.0,0.0,9462.8,232.4,416.0,2024-02-25 00:00:00
19/03/2024, PC-EQ-07,24.0,0.0,5314.9,72.2,280.0,2024-03-19 00:00:00
16/02/2024,PCEQ02,17.7,6.3,5180.6,110.7,344.0,2024-02-17 00:00:00
05/06/2024, PC-EQ-07,24.0,0.0,6165.3,73.2,280.0,2024-06-06 00:00:00
09/05/2024, PC-EQ-03,24.0,0.0,6925.7,38.0,304.0,2024-05-10 00:00:00
30/10/2024, PC-EQ-05,24.0,0.0,5419.5,150.0,240.0,2024-10-31 00:00:00
09/08/2024,PCEQ02,24.0,0.0,7569.7,56.9,344.0,2024-08-10 00:00:00
10/02/2024,PC-EQ-02	,24.0,0.0,7275.2,121.7,344.0,2024-02-11 00:00:00
22/01/2025,pc-eq-07,24.0,,6483.2,86.2,280.0,2025-01-23 00:00:00
28/06/2024,PC-EQ-03	,24.0,0.0,6068.3,153.1,304.0,2024-06-27 00:00:00
16/05/2024, PC-EQ-07,24.0,0.0,5953.5,119.9,280.0,2024-05-17 00:00:00
30/01/2024,PCEQ09,24.0,0.0,4322.2,77.6,208.0,2024-01-31 00:00:00
22/03/2024,PCEQ02,24.0,0.0,7105.3,82.8,344.0,2024-03-23 00:00:00
16/11/2024,PC_EQ_10,24.0,0.0,9217.0,135.2,400.0,2024-11-17 00:00:00
08/02/2024,PC-EQ-08,24.0,0.0,6823.7,171.7,320.0,2024-02-09 00:00:00
27/10/2024, PC-EQ-02,10.9,13.1,3309.7,87.2,344.0,2024-10-28 00:00:00
25/04/2024,PC-EQ-03	,24.0,0.0,6726.2,132.4,304.0,2024-04-26 00:00:00
24/08/2024,pc-eq-06,18.6,5.4,4028.6,48.2,240.0,2024-08-25 00:00:00
21/01/2025,PC_EQ_04,24.0,0.0,7374.5,147.5,368.0,2025-01-22 00:00:00
04/08/2024,PC-EQ-07,24.0,0.0,6056.2,68.2,280.0,2024-08-05 00:00:00
31/01/2024,PCEQ01,24.0,0.0,9551.6,96.0,416.0,2024-02-01 00:00:00
29/06/2024,PC-EQ-05	,24.0,0.0,5033.7,139.1,240.0,2024-06-30 00:00:00
23/10/2024,PC-EQ-05,24.0,0.0,4779.7,69.0,240.0,2024-10-24 00:00:00
17/07/2024,PC-EQ-04 ,19.1,4.9,6617.7,131.5,368.0,2024-07-18 00:00:00
18/03/2024,pc-eq-10,24.0,0.0,8400.2,154.8,400.0,2024-03-19 00:00:00
26/10/2024,PCEQ05,24.0,0.0,5091.2,37.6,240.0,2024-10-27 00:00:00
13/02/2024,PC-EQ-04 ,12.1,11.9,3879.9,89.7,368.0,2024-02-14 00:00:00
19/08/2024,PCEQ08,23.5,0.5,6821.9,88.3,320.0,2024-08-20 00:00:00
12/09/2024,PC-EQ-04 ,24.0,0.0,8712.2,240.0,368.0,2024-09-13 00:00:00
28/12/2024,pc-eq-05,24.0,0.0,5508.2,58.0,240.0,2024-12-29 00:00:00
15/10/2024,pc-eq-04,23.1,0.9,7666.2,129.8,368.0,2024-10-16 00:00:00
15/05/2024,PCEQ06,24.0,0.0,5234.6,65.4,240.0,2024-05-16 00:00:00
10/01/2024,PC-EQ-09	,24.0,0.0,4546.3,58.4,208.0,2024-01-11 00:00:00
11/08/2024,pc-eq-08,24.0,0.0,6370.7,72.0,320.0,2024-08-12 00:00:00
14/05/2024, PC-EQ-08,24.0,0.0,6921.6,98.1,320.0,2024-05-15 00:00:00
17/08/2024,PC-EQ-10 ,24.0,0.0,8820.1,222.7,400.0,2024-08-18 00:00:00
03/10/2024,pc-eq-08,24.0,0.0,6103.3,129.9,320.0,2024-10-04 00:00:00
27/02/2024,PCEQ08,24.0,0.0,6580.9,256.2,320.0,2024-02-28 00:00:00
29/11/2024,PC-EQ-01	,24.0,0.0,9685.2,241.3,416.0,2024-11-30 00:00:00
07/10/2024,pc-eq-03,24.0,0.0,6890.8,167.2,304.0,2024-10-08 00:00:00
29/01/2024,PC-EQ-06 ,24.0,0.0,5651.0,109.7,240.0,2024-01-30 00:00:00
09/05/2024,PC-EQ-04 ,15.7,8.3,4921.5,124.7,368.0,2024-05-10 00:00:00
16/01/2025,PC-EQ-08 ,24.0,0.0,6772.6,100.8,320.0,2025-01-17 00:00:00
07/08/2024,PC-EQ-09,19.1,4.9,3352.1,129.8,208.0,2024-08-08 00:00:00
25/01/2025, PC-EQ-02,24.0,0.0,7471.1,70.2,344.0,2025-01-26 00:00:00
08/02/2025,PC-EQ-04,24.0,,7637.2,188.3,368.0,2025-02-09 00:00:00
22/09/2024, PC-EQ-09,24.0,0.0,4649.7,153.9,208.0,2024-09-23 00:00:00
05/02/2024,PC-EQ-10	,24.0,0.0,7838.0,249.1,400.0,2024-02-06 00:00:00
08/10/2024,PC_EQ_06,22.6,1.4,5170.5,116.7,240.0,2024-10-09 00:00:00
29/06/2024,PCEQ04,24.0,0.0,7519.0,214.6,368.0,2024-06-30 00:00:00
03/06/2024,PC-EQ-01 ,24.0,0.0,8870.0,94.6,416.0,2024-06-04 00:00:00
25/11/2024,PCEQ06,24.0,0.0,6032.3,0.0,240.0,2024-11-26 00:00:00
06/09/2024, PC-EQ-08,24.0,0.0,6977.7,113.6,320.0,2024-09-07 00:00:00
21/11/2024,PC-EQ-01 ,24.0,0.0,8700.8,159.9,416.0,2024-11-22 00:00:00
03/08/2024,pc-eq-05,23.4,0.6,5137.8,125.1,240.0,2024-08-04 00:00:00
20/12/2024,PC-EQ-08	,24.0,0.0,7041.3,151.1,320.0,2024-12-21 00:00:00
11/07/2024, PC-EQ-05,24.0,0.0,5204.2,105.4,240.0,2024-07-12 00:00:00
21/08/2024,PCEQ01,24.0,0.0,9446.5,172.6,416.0,2024-08-22 00:00:00
30/11/2024, PC-EQ-03,24.0,0.0,6866.7,,304.0,2024-12-01 00:00:00
03/11/2024,PCEQ01,24.0,0.0,8894.8,74.9,416.0,2024-11-04 00:00:00
30/01/2024,PCEQ05,24.0,0.0,5302.7,90.4,240.0,2024-01-31 00:00:00
11/09/2024,PCEQ08,24.0,0.0,7159.8,93.4,320.0,2024-09-12 00:00:00
30/06/2024,PC-EQ-05	,17.5,6.5,3997.7,78.4,240.0,2024-07-01 00:00:00
24/12/2024,PC-EQ-03 ,24.0,0.0,6203.5,146.1,304.0,2024-12-25 00:00:00
14/11/2024,PC-EQ-03,24.0,0.0,6851.9,27.2,304.0,2024-11-15 00:00:00
19/05/2024,PC-EQ-02,24.0,0.0,7498.0,214.1,344.0,2024-05-20 00:00:00
06/11/2024,PC-EQ-08,22.7,,5908.2,46.9,320.0,2024-11-07 00:00:00
30/12/2024, PC-EQ-06,15.3,8.7,3377.6,54.1,240.0,2024-12-31 00:00:00
25/11/2024,PC-EQ-02 ,24.0,0.0,7170.0,136.4,344.0,2024-11-26 00:00:00
25/11/2024, PC-EQ-03,24.0,0.0,5986.1,132.6,304.0,2024-11-25 00:00:00
10/11/2024,PCEQ09,24.0,0.0,4384.7,64.5,2080.0,2024-11-11 00:00:00
04/12/2024,PC-EQ-02 ,24.0,0.0,7575.2,,344.0,2024-12-05 00:00:00
15/01/2024, PC-EQ-02,24.0,0.0,6877.7,177.0,344.0,2024-01-16 00:00:00
05/01/2025,PC-EQ-05	,24.0,0.0,5073.5,94.1,240.0,2025-01-06 00:00:00
28/12/2024,PC-EQ-04 ,24.0,0.0,7974.9,,368.0,2024-12-29 00:00:00
30/11/2024, PC-EQ-08,24.0,0.0,6786.9,173.7,320.0,2024-12-01 00:00:00
26/10/2024,pc-eq-06,24.0,0.0,5134.6,188.3,240.0,2024-10-27 00:00:00
21/05/2024,PC-EQ-01,24.0,0.0,9377.5,229.9,416.0,2024-05-22 00:00:00
03/01/2024,pc-eq-09,20.3,3.7,3907.5,54.9,208.0,2024-01-04 00:00:00
09/07/2024,PC-EQ-09,24.0,0.0,4330.4,80.6,208.0,2024-07-10 00:00:00
15/11/2024,PC-EQ-06	,24.0,,5225.9,36.0,240.0,2024-11-16 00:00:00
15/01/2024,PC-EQ-04	,24.0,0.0,7959.1,81.7,368.0,2024-01-16 00:00:00
26/05/2024,PC-EQ-07,24.0,0.0,5510.3,130.4,280.0,2024-05-27 00:00:00
07/12/2024,PC_EQ_05,24.0,0.0,5352.3,32.5,240.0,2024-12-08 00:00:00
03/09/2024,PC-EQ-07 ,24.0,0.0,5589.1,131.1,280.0,2024-09-03 00:00:00
25/02/2024,PC_EQ_01,24.0,0.0,8853.7,260.6,416.0,2024-02-26 00:00:00
23/01/2024,PC-EQ-08,24.0,0.0,7113.4,50.6,320.0,2024-01-24 00:00:00
11/01/2024,PCEQ04,24.0,0.0,7427.9,119.8,368.0,2024-01-12 00:00:00
15/02/2024,pc-eq-08,24.0,0.0,6902.2,160.1,320.0,2024-02-16 00:00:00
03/08/2024,PC-EQ-08 ,24.0,0.0,7522.6,246.0,320.0,2024-08-04 00:00:00
18/09/2024,pc-eq-03,24.0,0.0,6781.3,156.4,304.0,2024-09-19 00:00:00
06/02/2024,PC-EQ-06,24.0,0.0,4711.8,64.5,240.0,2024-02-05 00:00:00
18/03/2024,PC-EQ-08 ,24.0,0.0,6493.5,258.7,320.0,2024-03-19 00:00:00
15/08/2024,PC-EQ-06 ,24.0,0.0,4659.5,55.4,240.0,2024-08-16 00:00:00
23/05/2024,PC-EQ-09	,24.0,0.0,4463.6,101.3,208.0,2024-05-24 00:00:00
29/08/2024,pc-eq-09,24.0,0.0,4585.6,132.8,208.0,2024-08-30 00:00:00
21/01/2024,PC-EQ-10	,24.0,0.0,8248.8,187.2,400.0,2024-01-22 00:00:00
14/05/2024,PCEQ04,24.0,0.0,8208.4,139.4,368.0,2024-05-15 00:00:00
16/08/2024,PC_EQ_10,24.0,0.0,9127.4,264.3,400.0,2024-08-17 00:00:00
17/01/2024,PC-EQ-08 ,24.0,0.0,6290.2,103.2,320.0,2024-01-18 00:00:00
18/01/2024,pc-eq-03,24.0,0.0,6571.8,102.6,304.0,2024-01-19 00:00:00
17/04/2024,PCEQ10,22.8,1.2,7885.4,158.4,400.0,2024-04-18 00:00:00
18/08/2024,pc-eq-09,24.0,0.0,4544.1,94.8,208.0,2024-08-19 00:00:00
25/07/2024,PC-EQ-04,24.0,,7012.1,157.8,368.0,2024-07-26 00:00:00
26/03/2024,pc-eq-02,21.7,2.3,6176.3,26.3,344.0,2024-03-27 00:00:00
26/03/2024,PC-EQ-05	,24.0,0.0,5098.4,125.0,240.0,2024-03-27 00:00:00
30/08/2024,PCEQ09,16.9,7.1,3137.2,84.6,208.0,2024-08-31 00:00:00
21/09/2024, PC-EQ-01,24.0,0.0,9064.8,,416.0,2024-09-22 00:00:00
01/02/2025,PCEQ07,24.0,0.0,6023.5,130.3,280.0,2025-02-02 00:00:00
31/05/2024,PC-EQ-04 ,24.0,0.0,7143.4,111.7,368.0,2024-06-01 00:00:00
15/01/2024,PC_EQ_08,20.7,3.3,5466.1,122.2,320.0,2024-01-13 00:00:00
10/01/2025,PC_EQ_06,24.0,0.0,5512.4,83.1,240.0,2025-01-11 00:00:00
27/10/2024,PC-EQ-08	,4.0,20.0,1122.3,41.2,320.0,2024-10-28 00:00:00
07/08/2024,PC-EQ-02	,24.0,,7368.3,114.0,344.0,2024-08-08 00:00:00
21/05/2024,pc-eq-02,24.0,0.0,8024.6,137.2,344.0,2024-05-22 00:00:00
14/05/2024,pc-eq-03,24.0,0.0,7223.0,136.2,304.0,2024-05-15 00:00:00
13/08/2024,PCEQ04,24.0,0.0,8356.1,195.6,368.0,2024-08-14 00:00:00
15/09/2024,PC-EQ-03 ,16.5,7.5,4240.7,9.8,304.0,2024-09-16 00:00:00
03/05/2024,PC-EQ-09 ,24.0,0.0,4543.4,73.6,208.0,2024-05-04 00:00:00
12/12/2024, PC-EQ-06,4.0,20.0,821.1,11.8,240.0,2024-12-13 00:00:00
06/06/2024,PC_EQ_09,21.8,2.2,3985.6,80.0,208.0,2024-06-07 00:00:00
13/01/2024,PC-EQ-03,4.0,20.0,1194.5,,304.0,2024-01-14 00:00:00
23/07/2024,PC-EQ-08 ,19.0,5.0,5554.8,35.5,320.0,2024-07-24 00:00:00
12/11/2024,PC-EQ-04	,24.0,0.0,7050.0,113.7,368.0,2024-11-11 00:00:00
03/08/2024,PC-EQ-02,24.0,0.0,6678.1,161.1,344.0,2024-08-01 00:00:00
03/12/2024,PC-EQ-07,19.9,4.1,4865.8,92.0,280.0,2024-12-04 00:00:00
26/02/2025,PC-EQ-08 ,24.0,0.0,7115.2,93.3,320.0,2025-02-27 00:00:00
12/01/2025,PCEQ10,24.0,0.0,8491.5,124.8,400.0,2025-01-13 00:00:00
08/03/2024,PC_EQ_01,24.0,0.0,9760.2,243.4,416.0,2024-03-09 00:00:00
17/01/2025,PC-EQ-09	,21.7,2.3,3673.0,102.2,208.0,2025-01-18 00:00:00
05/08/2024,PC-EQ-04,24.0,0.0,8406.9,306.8,368.0,2024-08-06 00:00:00
05/03/2024,PC-EQ-07,24.0,0.0,6652.8,108.4,280.0,2024-03-06 00:00:00
06/06/2024,PCEQ04,24.0,0.0,7626.7,83.3,368.0,2024-06-07 00:00:00
22/10/2024,pc-eq-06,24.0,0.0,5164.3,63.0,240.0,2024-10-23 00:00:00
31/01/2025,PC-EQ-10,19.4,4.6,7106.9,,400.0,2025-02-01 00:00:00
05/09/2024,pc-eq-06,24.0,0.0,5395.4,89.3,240.0,2024-09-06 00:00:00
04/02/2025,PCEQ01,24.0,0.0,9616.6,276.4,416.0,2025-02-05 00:00:00
08/08/2024,PCEQ06,24.0,0.0,5174.8,114.6,240.0,2024-08-09 00:00:00
30/06/2024,PC-EQ-09,24.0,0.0,4725.2,157.6,208.0,2024-07-01 00:00:00
03/07/2024,PC-EQ-01	,24.0,0.0,8325.6,111.8,416.0,2024-07-04 00:00:00
25/08/2024,pc-eq-02,24.0,0.0,7113.2,73.8,344.0,2024-08-26 00:00:00
28/08/2024,PC_EQ_01,24.0,0.0,9316.0,261.3,416.0,2024-08-29 00:00:00
21/06/2024,PC-EQ-04	,21.8,2.2,7550.4,166.9,368.0,2024-06-22 00:00:00
02/07/2024,PC_EQ_09,15.4,8.6,2952.4,59.4,208.0,2024-07-03 00:00:00
15/08/2024,PC_EQ_03,24.0,0.0,6775.3,109.3,304.0,2024-08-16 00:00:00
02/06/2024,PC-EQ-03,24.0,0.0,6466.1,123.8,304.0,2024-06-03 00:00:00
17/10/2024,PC_EQ_04,24.0,0.0,7631.3,83.7,368.0,2024-10-18 00:00:00
17/01/2024,PCEQ09,24.0,0.0,4737.2,122.2,208.0,2024-01-18 00:00:00
22/05/2024,PC_EQ_05,23.3,0.7,5258.9,62.3,240.0,2024-05-23 00:00:00
10/10/2024,PC-EQ-10,21.6,2.4,7546.5,247.3,400.0,2024-10-11 00:00:00
17/03/2024, PC-EQ-01,24.0,0.0,9884.2,321.1,416.0,2024-03-18 00:00:00
01/07/2024,pc-eq-03,24.0,0.0,7093.6,151.4,304.0,2024-07-02 00:00:00
31/08/2024, PC-EQ-09,24.0,0.0,4735.0,111.6,208.0,2024-09-01 00:00:00
08/06/2024, PC-EQ-04,24.0,0.0,8250.3,245.4,368.0,2024-06-09 00:00:00
30/03/2024, PC-EQ-10,21.6,2.4,7364.8,,400.0,2024-03-31 00:00:00
01/02/2024,PC-EQ-10,24.0,0.0,7980.6,66.5,400.0,2024-02-02 00:00:00
12/09/2024, PC-EQ-08,21.5,2.5,6356.1,99.8,320.0,2024-09-13 00:00:00
08/12/2024,pc-eq-09,24.0,0.0,4942.1,94.9,208.0,2024-08-13 00:00:00
14/04/2024, PC-EQ-05,24.0,0.0,4793.1,74.7,240.0,2024-04-15 00:00:00
06/09/2024,PCEQ10,24.0,0.0,9417.4,257.4,400.0,2024-09-07 00:00:00
28/01/2024, PC-EQ-01,24.0,0.0,8341.0,210.8,416.0,2024-01-29 00:00:00
18/11/2024,PC-EQ-07 ,24.0,0.0,6162.8,151.9,280.0,2024-11-19 00:00:00
04/07/2024,PC-EQ-08,24.0,0.0,6757.1,126.6,320.0,2024-07-05 00:00:00
19/12/2024,PC-EQ-10,24.0,0.0,9137.7,202.9,400.0,2024-12-20 00:00:00
01/05/2024,pc-eq-06,24.0,0.0,5037.3,54.2,240.0,2024-05-02 00:00:00
16/06/2024,PC-EQ-02,24.0,,6893.8,138.9,344.0,2024-06-17 00:00:00
23/10/2024,PCEQ04,20.6,3.4,7156.5,179.1,368.0,2024-10-24 00:00:00
26/07/2024,PC-EQ-07,24.0,0.0,5684.5,199.7,280.0,2024-07-27 00:00:00
12/08/2024,PC-EQ-03	,24.0,0.0,6142.7,116.0,304.0,2024-08-13 00:00:00
12/07/2024,pc-eq-09,24.0,0.0,4265.7,93.6,208.0,2024-07-13 00:00:00
01/02/2024,PC-EQ-04,24.0,0.0,7917.0,166.2,368.0,2024-02-02 00:00:00
03/03/2024,PC_EQ_01,24.0,0.0,9203.7,284.9,416.0,2024-03-04 00:00:00
06/02/2024, PC-EQ-08,24.0,0.0,7603.2,132.4,320.0,2024-02-07 00:00:00
28/01/2025,PC-EQ-09 ,24.0,0.0,4348.3,81.7,208.0,2025-01-26 00:00:00
18/10/2024, PC-EQ-05,24.0,0.0,4926.9,78.2,240.0,2024-10-19 00:00:00
20/04/2024, PC-EQ-01,14.2,9.8,5094.7,56.5,416.0,2024-04-21 00:00:00
24/03/2024,PCEQ09,17.7,6.3,2913.4,81.1,208.0,2024-03-22 00:00:00
17/08/2024,PC-EQ-09 ,24.0,0.0,4942.1,85.1,208.0,2024-08-18 00:00:00
21/01/2024,PC-EQ-06	,23.1,0.9,4417.3,89.0,240.0,2024-01-22 00:00:00
11/03/2024,PC_EQ_04,24.0,0.0,7038.9,143.9,368.0,2024-03-12 00:00:00
27/09/2024,pc-eq-03,24.0,0.0,6515.1,187.5,304.0,2024-09-28 00:00:00
29/06/2024, PC-EQ-01,19.3,4.7,7595.4,,416.0,2024-06-30 00:00:00
02/04/2024,pc-eq-09,21.3,2.7,3978.3,53.8,208.0,2024-04-03 00:00:00
01/01/2025,pc-eq-07,20.3,3.7,5021.3,159.0,280.0,2025-01-02 00:00:00
06/02/2025,PC_EQ_05,10.6,13.4,2195.5,48.1,240.0,2025-02-07 00:00:00
05/12/2024,PC-EQ-03,24.0,0.0,6787.5,193.7,304.0,2024-12-06 00:00:00
01/06/2024,PCEQ01,24.0,0.0,7408.6,148.5,416.0,2024-05-31 00:00:00
12/02/2024, PC-EQ-02,22.8,1.2,7343.8,168.5,344.0,2024-02-13 00:00:00
20/10/2024,PC-EQ-04,24.0,0.0,8743.7,172.3,368.0,2024-10-21 00:00:00
28/02/2025, PC-EQ-07,24.0,0.0,5384.7,113.2,280.0,2025-03-01 00:00:00
26/01/2025,PC_EQ_09,24.0,0.0,4272.1,93.4,208.0,2025-01-27 00:00:00
17/06/2024,pc-eq-05,18.7,5.3,4036.0,60.4,240.0,2024-06-18 00:00:00
08/02/2024,PC-EQ-06,13.3,10.7,2802.6,12.7,240.0,2024-02-09 00:00:00
05/05/2024,PC_EQ_04,4.0,20.0,1429.9,42.8,368.0,2024-05-06 00:00:00
18/11/2024, PC-EQ-08,4.6,19.4,1457.1,16.7,320.0,2024-11-19 00:00:00
04/10/2024,PC-EQ-09	,24.0,0.0,4766.7,89.0,208.0,2024-10-05 00:00:00
15/04/2024,PC-EQ-05	,21.0,3.0,4381.6,112.9,240.0,2024-04-16 00:00:00
18/02/2025,pc-eq-05,24.0,0.0,5250.4,106.4,240.0,2025-02-19 00:00:00
17/06/2024,PCEQ10,24.0,0.0,9254.1,366.0,400.0,2024-06-18 00:00:00
02/01/2024,PC-EQ-02 ,24.0,0.0,7380.4,14.4,344.0,2024-01-03 00:00:00
04/01/2025,PCEQ09,24.0,0.0,4718.5,54.3,208.0,2025-01-05 00:00:00
15/10/2024, PC-EQ-07,24.0,0.0,5324.0,108.5,280.0,2024-10-16 00:00:00
09/07/2024,PC-EQ-07,24.0,,5457.2,,280.0,2024-07-10 00:00:00
29/05/2024, PC-EQ-08,4.5,19.5,1296.5,36.2,320.0,2024-05-30 00:00:00
25/10/2024,PC-EQ-01	,24.0,0.0,8964.1,173.0,416.0,2024-10-26 00:00:00
24/02/2025,PC-EQ-02 ,24.0,0.0,7892.6,215.7,344.0,2025-02-25 00:00:00
31/07/2024,PC-EQ-03	,24.0,0.0,6908.9,139.3,304.0,2024-08-01 00:00:00
21/07/2024, PC-EQ-09,24.0,0.0,4595.0,73.2,208.0,2024-07-22 00:00:00
03/09/2024,PC-EQ-08 ,16.5,7.5,5206.7,134.0,320.0,2024-09-04 00:00:00
11/05/2024, PC-EQ-07,24.0,0.0,6652.8,80.6,280.0,2024-05-12 00:00:00
29/01/2024,PC-EQ-08	,18.0,6.0,4523.3,123.7,320.0,2024-01-30 00:00:00
19/06/2024,PC-EQ-09 ,24.0,0.0,4546.6,203.2,208.0,2024-06-20 00:00:00
23/02/2024,pc-eq-05,17.0,7.0,3755.7,99.0,240.0,2024-02-24 00:00:00
20/08/2024,pc-eq-02,11.9,12.1,3449.3,81.8,344.0,2024-08-21 00:00:00
14/08/2024,pc-eq-06,24.0,0.0,5702.4,113.8,240.0,2024-08-15 00:00:00
12/12/2024,PC-EQ-01 ,18.5,5.5,6829.3,202.0,416.0,2024-12-13 00:00:00
02/01/2024, PC-EQ-04,24.0,0.0,7887.3,145.3,368.0,2024-01-03 00:00:00
23/02/2025,PC-EQ-10 ,24.0,0.0,8550.5,200.7,400.0,2025-02-24 00:00:00
10/03/2024,PC_EQ_06,24.0,0.0,5239.1,79.1,240.0,2024-03-11 00:00:00
04/02/2024,PCEQ10,24.0,0.0,9341.1,225.2,400.0,2024-02-05 00:00:00
29/07/2024,PC-EQ-08,12.4,11.6,3527.4,44.2,320.0,2024-07-30 00:00:00
24/03/2024,PCEQ10,11.9,12.1,4244.3,107.3,400.0,2024-03-25 00:00:00
31/07/2024,pc-eq-04,24.0,0.0,7872.9,156.9,368.0,2024-08-01 00:00:00
27/06/2024, PC-EQ-02,24.0,0.0,6988.9,125.7,344.0,2024-06-28 00:00:00
29/10/2024,pc-eq-02,24.0,0.0,7238.6,243.8,344.0,2024-10-30 00:00:00
29/03/2024,PC-EQ-07 ,24.0,0.0,6069.5,125.8,280.0,2024-03-30 00:00:00
10/09/2024,PC-EQ-02 ,24.0,0.0,7182.5,69.0,344.0,2024-09-11 00:00:00
23/03/2024,PC-EQ-06,24.0,0.0,4513.9,142.1,240.0,2024-03-23 00:00:00
26/04/2024,PC-EQ-03	,24.0,0.0,7147.5,100.2,304.0,2024-04-27 00:00:00
24/10/2024,PC-EQ-06 ,24.0,0.0,5398.8,65.3,240.0,2024-10-25 00:00:00
06/02/2024,PC-EQ-10 ,24.0,0.0,8573.7,74.3,400.0,2024-02-07 00:00:00
11/05/2024,PC_EQ_02,24.0,0.0,6936.7,314.3,344.0,2024-05-09 00:00:00
13/12/2024, PC-EQ-07,24.0,0.0,5713.9,111.4,280.0,2024-12-14 00:00:00
16/10/2024,PC-EQ-01,24.0,0.0,8995.9,244.4,416.0,2024-10-17 00:00:00
12/10/2024,pc-eq-01,24.0,0.0,8543.7,230.1,416.0,2024-10-13 00:00:00
10/01/2024,pc-eq-01,24.0,0.0,9576.9,224.8,416.0,2024-01-11 00:00:00
15/04/2024,pc-eq-04,24.0,0.0,8665.6,185.2,368.0,2024-04-16 00:00:00
12/12/2024,PC-EQ-07 ,21.8,2.2,5778.3,46.0,280.0,2024-12-13 00:00:00
08/05/2024, PC-EQ-03,24.0,0.0,5897.9,117.1,304.0,2024-05-07 00:00:00
10/11/2024,PC-EQ-05,24.0,0.0,5218.8,10.0,240.0,2024-11-11 00:00:00
25/06/2024,PC-EQ-01 ,13.2,10.8,4773.0,52.6,416.0,2024-06-26 00:00:00
26/01/2024,PC_EQ_04,24.0,0.0,6841.7,96.2,368.0,2024-01-27 00:00:00
11/02/2024,pc-eq-10,15.8,8.2,5617.0,100.4,400.0,2024-02-12 00:00:00
09/06/2024,PC-EQ-08	,24.0,0.0,6863.1,61.7,320.0,2024-06-10 00:00:00
11/12/2024,PC_EQ_07,21.1,,5203.3,38.5,280.0,2024-12-12 00:00:00
04/06/2024,PC-EQ-09	,24.0,0.0,4602.3,102.5,208.0,2024-06-05 00:00:00
29/05/2024,PC-EQ-03 ,15.4,8.6,4122.9,80.9,304.0,2024-05-30 00:00:00
17/05/2024,PC-EQ-02 ,24.0,0.0,7074.2,173.9,344.0,2024-05-18 00:00:00
27/10/2024, PC-EQ-04,24.0,,7750.3,228.6,368.0,2024-10-28 00:00:00
30/01/2025,PC-EQ-04	,24.0,0.0,7841.7,169.9,368.0,2025-01-31 00:00:00
16/01/2025, PC-EQ-03,24.0,0.0,5929.3,120.9,304.0,2025-01-17 00:00:00
15/02/2025,PCEQ08,24.0,0.0,6349.9,21.9,320.0,2025-02-16 00:00:00
15/12/2024,PC-EQ-05,18.2,5.8,4262.1,68.3,240.0,2024-12-16 00:00:00
03/05/2024,PC-EQ-02	,21.1,2.9,5895.2,20.1,344.0,2024-05-04 00:00:00
13/10/2024,pc-eq-03,24.0,0.0,6396.4,151.1,304.0,2024-10-14 00:00:00
30/04/2024,PCEQ08,11.5,12.5,3429.4,72.7,320.0,2024-05-01 00:00:00
19/06/2024,PC-EQ-04 ,24.0,0.0,8697.4,164.8,368.0,2024-06-20 00:00:00
01/07/2024,PC-EQ-05	,24.0,0.0,4694.4,52.4,240.0,2024-07-02 00:00:00
04/01/2024,PC_EQ_03,24.0,,5960.5,189.5,304.0,2024-01-05 00:00:00
21/01/2025,PCEQ05,24.0,0.0,4929.9,156.5,240.0,2025-01-22 00:00:00
18/08/2024,pc-eq-08,24.0,0.0,6772.6,126.9,320.0,2024-08-19 00:00:00
04/10/2024,PC-EQ-07 ,24.0,0.0,6360.9,120.2,280.0,2024-10-05 00:00:00
03/12/2024,PC-EQ-04,8.2,15.8,2724.0,41.9,368.0,2024-12-04 00:00:00
20/01/2025,PC-EQ-03,24.0,0.0,6574.9,112.2,304.0,2025-01-21 00:00:00
07/02/2025,PC-EQ-03	,24.0,0.0,6394.5,120.5,304.0,2025-02-08 00:00:00
31/12/2024, PC-EQ-05,24.0,0.0,4928.2,189.8,240.0,2025-01-01 00:00:00
12/11/2024,PCEQ06,22.7,1.3,5218.6,34.3,240.0,2024-11-13 00:00:00
15/11/2024,pc-eq-04,24.0,0.0,8438.2,69.5,368.0,2024-11-16 00:00:00
18/11/2024,PCEQ10,24.0,0.0,7749.5,250.1,400.0,2024-11-19 00:00:00
07/07/2024, PC-EQ-07,24.0,0.0,5398.1,155.9,280.0,2024-07-08 00:00:00
07/07/2024, PC-EQ-08,24.0,0.0,7230.9,166.9,320.0,2024-07-08 00:00:00
07/01/2024, PC-EQ-08,24.0,,6452.6,50.3,320.0,2024-01-08 00:00:00
12/01/2025,PC-EQ-07	,24.0,0.0,6013.6,109.0,280.0,2025-01-13 00:00:00
24/04/2024,PC-EQ-03	,24.0,0.0,5808.0,176.2,304.0,2024-04-22 00:00:00
08/05/2024,PCEQ04,24.0,0.0,7883.4,104.8,368.0,2024-05-09 00:00:00
01/06/2024,PC-EQ-06 ,20.8,3.2,4238.6,50.8,240.0,2024-06-02 00:00:00
13/09/2024,PC-EQ-02 ,24.0,0.0,7504.3,202.1,344.0,2024-09-14 00:00:00
20/02/2024,PC-EQ-02,22.8,1.2,6458.1,157.4,344.0,2024-02-21 00:00:00
15/03/2024,PC-EQ-01	,22.7,1.3,8392.8,139.6,416.0,2024-03-16 00:00:00
27/03/2024,PC-EQ-01,24.0,0.0,8230.1,169.3,416.0,2024-03-28 00:00:00
18/12/2024,PC-EQ-03 ,24.0,0.0,6514.4,145.5,304.0,2024-12-19 00:00:00
03/02/2025,PCEQ05,24.0,0.0,5327.9,111.9,240.0,2025-02-04 00:00:00
10/06/2024,PC-EQ-07 ,24.0,0.0,6025.0,158.7,280.0,2024-06-11 00:00:00
28/01/2024,PC-EQ-08	,3.1,20.9,875.9,19.1,320.0,2024-01-29 00:00:00
31/03/2024, PC-EQ-05,19.5,4.5,4297.4,26.7,240.0,2024-04-01 00:00:00
20/09/2024,PC-EQ-06 ,24.0,0.0,4695.8,134.6,240.0,2024-09-21 00:00:00
01/06/2024,PC-EQ-04	,19.8,4.2,5726.6,115.9,368.0,2024-06-02 00:00:00
07/10/2024,PC_EQ_09,23.1,0.9,4372.0,25.3,208.0,2024-10-08 00:00:00
03/07/2024,PC-EQ-02 ,24.0,0.0,6969.2,84.0,344.0,2024-07-04 00:00:00
26/04/2024,PCEQ10,24.0,0.0,8983.7,147.3,400.0,2024-04-27 00:00:00
27/10/2024,PC-EQ-09,24.0,0.0,4684.2,111.8,208.0,2024-10-28 00:00:00
27/05/2024,PC_EQ_09,24.0,0.0,4365.3,97.9,208.0,2024-05-28 00:00:00
24/02/2025,PCEQ10,24.0,0.0,8295.0,86.6,400.0,2025-02-25 00:00:00
04/05/2024, PC-EQ-06,24.0,0.0,5478.5,137.0,240.0,2024-05-05 00:00:00
24/01/2024, PC-EQ-10,21.0,3.0,7324.3,203.0,400.0,2024-01-25 00:00:00
04/12/2024, PC-EQ-10,24.0,0.0,9215.8,127.0,400.0,2024-12-05 00:00:00
23/02/2024,PCEQ07,24.0,0.0,6652.8,180.4,280.0,2024-02-24 00:00:00
18/07/2024,PCEQ04,20.3,3.7,6248.6,38.1,368.0,2024-07-19 00:00:00
13/05/2024,PCEQ10,24.0,0.0,8198.8,205.4,400.0,2024-05-14 00:00:00
24/12/2024,PC-EQ-07,10.2,13.8,2771.2,75.1,280.0,2024-12-25 00:00:00
10/04/2024,PC-EQ-10	,24.0,0.0,7872.8,28.0,400.0,2024-04-11 00:00:00
19/07/2024, PC-EQ-09,24.0,0.0,4726.6,123.8,208.0,2024-07-20 00:00:00
30/01/2025,PC-EQ-02 ,24.0,0.0,7589.7,159.7,344.0,2025-01-31 00:00:00
29/04/2024,pc-eq-04,24.0,0.0,7923.4,,368.0,2024-04-30 00:00:00
28/08/2024,PC-EQ-08	,24.0,0.0,6364.6,120.9,320.0,2024-08-29 00:00:00
21/02/2025,PCEQ02,17.1,6.9,4690.6,52.7,344.0,2025-02-20 00:00:00
27/03/2024,PC-EQ-08,24.0,0.0,6684.1,139.9,320.0,2024-03-28 00:00:00
20/12/2024,PC_EQ_04,24.0,0.0,7849.6,120.2,368.0,2024-12-21 00:00:00
13/11/2024,PC-EQ-01	,19.0,5.0,7309.0,100.2,416.0,2024-11-14 00:00:00
13/12/2024,PCEQ02,11.3,12.7,3186.7,86.2,344.0,2024-12-14 00:00:00
17/07/2024,PC-EQ-07	,24.0,0.0,5929.4,84.4,280.0,2024-07-18 00:00:00
11/12/2024, PC-EQ-01,24.0,0.0,9705.6,236.6,416.0,2024-12-12 00:00:00
04/07/2024,PC-EQ-05 ,24.0,0.0,5112.1,169.6,240.0,2024-07-05 00:00:00
03/01/2024,PC-EQ-04	,24.0,0.0,8518.7,64.9,368.0,2024-01-04 00:00:00
09/01/2024,pc-eq-07,24.0,0.0,5751.8,117.5,280.0,2024-01-10 00:00:00
19/11/2024,PC_EQ_10,24.0,0.0,8618.2,198.4,400.0,2024-11-20 00:00:00
05/09/2024,PC-EQ-02 ,24.0,0.0,6803.6,165.0,344.0,2024-09-06 00:00:00
08/05/2024,PC_EQ_06,24.0,0.0,5123.8,72.6,240.0,2024-05-09 00:00:00
05/06/2024,PC-EQ-03	,24.0,0.0,6707.9,104.9,304.0,2024-06-06 00:00:00
07/09/2024, PC-EQ-08,24.0,0.0,7396.0,124.1,320.0,2024-09-08 00:00:00
05/12/2024, PC-EQ-09,24.0,0.0,4706.9,137.6,208.0,2024-12-06 00:00:00
21/01/2025,PCEQ07,24.0,,6481.2,157.4,280.0,2025-01-22 00:00:00
26/05/2024,PCEQ02,24.0,0.0,7952.3,156.6,344.0,2024-05-27 00:00:00
02/02/2024,PCEQ04,15.0,9.0,4541.8,95.7,368.0,2024-02-03 00:00:00
18/05/2024, PC-EQ-08,24.0,0.0,6975.3,199.1,320.0,2024-05-19 00:00:00
15/10/2024,pc-eq-01,24.0,0.0,8715.4,151.7,416.0,2024-10-16 00:00:00
05/03/2024,PC-EQ-10 ,24.0,0.0,8816.7,170.9,400.0,2024-03-06 00:00:00
14/06/2024,pc-eq-07,24.0,0.0,5815.2,107.9,280.0,2024-06-15 00:00:00
16/09/2024,PC-EQ-06 ,24.0,0.0,5296.7,157.4,240.0,2024-09-17 00:00:00
14/06/2024,PC_EQ_03,24.0,0.0,6700.8,79.5,304.0,2024-06-15 00:00:00
10/02/2024,PC-EQ-04	,8.3,15.7,3023.9,25.2,368.0,2024-02-11 00:00:00
01/08/2024,PC-EQ-08,24.0,0.0,7591.3,120.0,320.0,2024-08-02 00:00:00
28/03/2024,PCEQ10,24.0,0.0,8499.9,86.0,400.0,2024-03-29 00:00:00
12/06/2024,pc-eq-02,24.0,0.0,7291.5,157.6,344.0,2024-06-13 00:00:00
23/02/2025,PCEQ08,4.0,20.0,1143.8,35.2,320.0,2025-02-24 00:00:00
13/02/2025,PC_EQ_01,23.5,0.5,8597.7,181.9,416.0,2025-02-14 00:00:00
11/02/2024,PC-EQ-04 ,24.0,,7973.8,154.3,368.0,2024-02-12 00:00:00
11/12/2024,PC-EQ-02,24.0,0.0,6753.3,112.0,344.0,2024-12-12 00:00:00
09/09/2024,PCEQ08,24.0,0.0,7247.1,142.3,320.0,2024-09-10 00:00:00
30/09/2024,pc-eq-07,24.0,0.0,5886.9,92.6,280.0,2024-10-01 00:00:00
19/01/2024,PC_EQ_08,24.0,0.0,6424.0,122.0,320.0,2024-01-20 00:00:00
13/05/2024,PCEQ07,24.0,0.0,5661.3,149.8,280.0,2024-05-14 00:00:00
13/01/2025,PC_EQ_03,18.7,5.3,5092.6,81.1,304.0,2025-01-14 00:00:00
18/09/2024,PC-EQ-04,24.0,,7923.3,198.2,368.0,2024-09-19 00:00:00
06/07/2024,PCEQ10,24.0,0.0,9125.7,,400.0,2024-07-07 00:00:00
04/03/2024,PC-EQ-06 ,24.0,0.0,5115.5,64.8,240.0,2024-03-05 00:00:00
02/11/2024,PC-EQ-07,24.0,0.0,6203.7,139.8,280.0,2024-11-03 00:00:00
18/01/2025,PC_EQ_05,21.8,2.2,4954.2,115.4,240.0,2025-01-19 00:00:00
24/10/2024,PC-EQ-08	,24.0,0.0,7434.9,132.3,320.0,2024-10-25 00:00:00
22/05/2024,PC-EQ-09,21.9,2.1,3763.5,114.3,208.0,2024-05-21 00:00:00
20/01/2025,PC-EQ-10	,24.0,0.0,8633.4,141.4,400.0,2025-01-21 00:00:00
17/07/2024,PC-EQ-01	,24.0,0.0,8427.7,50.3,416.0,2024-07-18 00:00:00
15/08/2024,PC-EQ-10 ,24.0,0.0,9093.0,73.2,400.0,2024-08-16 00:00:00
20/06/2024,PC_EQ_03,17.0,,4517.3,47.1,304.0,2024-06-21 00:00:00
13/03/2024,PCEQ05,4.0,20.0,858.5,24.5,240.0,2024-03-14 00:00:00
09/05/2024, PC-EQ-05,24.0,0.0,5276.5,166.5,240.0,2024-05-10 00:00:00
28/11/2024,PC-EQ-06,24.0,0.0,5446.1,106.2,240.0,2024-11-29 00:00:00
26/12/2024,PC-EQ-05,24.0,0.0,5636.9,178.7,240.0,2024-12-27 00:00:00
23/05/2024,PC-EQ-09	,24.0,0.0,3998.3,101.3,208.0,2024-05-22 00:00:00
28/01/2025, PC-EQ-03,17.4,6.6,4836.0,92.3,304.0,2025-01-29 00:00:00
17/08/2024,PC-EQ-07	,24.0,0.0,5953.5,114.8,280.0,2024-08-18 00:00:00
11/09/2024,PC_EQ_03,24.0,0.0,6722.9,90.2,304.0,2024-09-12 00:00:00
22/02/2024,PC-EQ-02,23.5,,7375.4,36.1,344.0,2024-02-23 00:00:00
02/02/2024,PC-EQ-10 ,15.4,8.6,5414.1,56.4,400.0,2024-02-03 00:00:00
07/03/2024,PC_EQ_02,24.0,0.0,7641.4,95.4,344.0,2024-03-08 00:00:00
06/10/2024, PC-EQ-01,24.0,0.0,9108.3,85.4,416.0,2024-10-07 00:00:00
11/04/2024,pc-eq-04,24.0,0.0,7700.1,354.3,368.0,2024-04-12 00:00:00
11/09/2024,pc-eq-02,24.0,0.0,6418.9,102.3,344.0,2024-09-12 00:00:00
24/01/2025,PC-EQ-09	,24.0,0.0,4405.4,74.8,208.0,2025-01-25 00:00:00
21/10/2024,PC-EQ-08,24.0,0.0,7033.6,104.3,320.0,2024-10-22 00:00:00
05/05/2024, PC-EQ-05,24.0,0.0,5019.7,169.1,240.0,2024-05-06 00:00:00
12/01/2025,PC-EQ-04 ,5.4,18.6,1716.7,31.1,368.0,2025-01-13 00:00:00
06/10/2024, PC-EQ-02,24.0,0.0,7135.2,197.9,344.0,2024-10-07 00:00:00
02/01/2025,PCEQ03,21.2,2.8,5068.1,5.7,304.0,2025-01-03 00:00:00
27/04/2024,PC-EQ-01	,24.0,0.0,8825.3,155.0,416.0,2024-04-28 00:00:00
03/06/2024,pc-eq-02,24.0,0.0,7127.7,157.7,344.0,2024-06-04 00:00:00
11/08/2024,PC-EQ-07,24.0,0.0,6083.7,71.8,280.0,2024-08-12 00:00:00
16/10/2024,PC-EQ-07,24.0,0.0,5438.5,130.7,280.0,2024-10-17 00:00:00
08/03/2024,pc-eq-08,24.0,0.0,6781.0,156.9,320.0,2024-03-09 00:00:00
07/04/2024,PC-EQ-06 ,24.0,0.0,4950.9,92.0,240.0,2024-04-08 00:00:00
06/05/2024,PC-EQ-06,4.0,20.0,806.0,22.8,240.0,2024-05-07 00:00:00
09/10/2024,PC-EQ-06 ,24.0,0.0,5401.7,,240.0,2024-10-10 00:00:00
02/06/2024,PC-EQ-06	,24.0,0.0,5586.1,109.0,240.0,2024-06-03 00:00:00
06/01/2025, PC-EQ-01,24.0,0.0,8471.2,252.9,416.0,2025-01-07 00:00:00
05/12/2024,pc-eq-07,24.0,0.0,5590.0,91.7,280.0,2024-12-06 00:00:00
09/07/2024,PC-EQ-04 ,23.5,0.5,7801.2,185.1,368.0,2024-07-10 00:00:00
07/08/2024,pc-eq-10,24.0,0.0,8477.4,87.4,400.0,2024-08-08 00:00:00
03/04/2024,PC-EQ-05	,24.0,0.0,4551.3,,240.0,2024-04-02 00:00:00
15/04/2024,PC-EQ-08,24.0,0.0,7375.8,124.9,320.0,2024-04-16 00:00:00
08/03/2024,PC-EQ-02	,24.0,0.0,8063.2,41.1,344.0,2024-03-09 00:00:00
24/09/2024,PC-EQ-08,24.0,0.0,7441.0,178.7,320.0,2024-09-25 00:00:00
27/09/2024,PCEQ04,24.0,0.0,8567.5,315.5,368.0,2024-09-28 00:00:00
21/09/2024,PC-EQ-03	,24.0,0.0,6836.4,60.7,304.0,2024-09-22 00:00:00
11/04/2024,PC-EQ-07 ,22.6,1.4,5480.2,137.9,280.0,2024-04-12 00:00:00
06/02/2024,PCEQ01,24.0,0.0,9717.9,342.2,416.0,2024-02-07 00:00:00
19/07/2024,PC-EQ-03 ,24.0,0.0,6387.7,40.3,304.0,2024-07-20 00:00:00
20/07/2024,PC_EQ_04,24.0,0.0,8172.7,209.6,368.0,2024-07-21 00:00:00
24/01/2024,PC_EQ_06,24.0,0.0,5168.6,94.3,240.0,2024-01-25 00:00:00
08/01/2024, PC-EQ-06,24.0,0.0,5071.3,105.5,240.0,2024-01-09 00:00:00
17/05/2024, PC-EQ-04,24.0,0.0,6845.2,93.8,368.0,2024-05-18 00:00:00
16/02/2025,PC-EQ-06,24.0,0.0,4491.4,51.3,240.0,2025-02-17 00:00:00
10/02/2024,pc-eq-09,24.0,0.0,3722.1,140.3,208.0,2024-02-11 00:00:00
24/08/2024,PC_EQ_10,24.0,0.0,7459.6,161.7,400.0,2024-08-25 00:00:00
28/02/2024,pc-eq-08,22.2,1.8,5639.2,162.6,320.0,2024-02-29 00:00:00
04/04/2024,pc-eq-09,24.0,0.0,4465.9,41.8,208.0,2024-04-05 00:00:00
09/05/2024,pc-eq-08,24.0,0.0,6661.3,177.6,320.0,2024-05-10 00:00:00
04/02/2025,PCEQ06,17.6,6.4,3961.1,86.8,240.0,2025-02-05 00:00:00
08/01/2025,PC_EQ_02,24.0,0.0,7361.4,102.4,344.0,2025-01-09 00:00:00
06/11/2024,PC-EQ-02 ,24.0,0.0,7850.5,118.7,344.0,2024-11-07 00:00:00
04/02/2024,PC-EQ-06,24.0,0.0,5143.7,,240.0,2024-02-05 00:00:00
30/01/2024,PC-EQ-03 ,24.0,0.0,6044.8,151.7,304.0,2024-01-30 00:00:00
22/09/2024, PC-EQ-10,24.0,0.0,8854.6,103.0,400.0,2024-09-23 00:00:00
27/05/2024,PC-EQ-03,24.0,0.0,6549.1,113.2,304.0,2024-05-28 00:00:00
26/11/2024,PC_EQ_03,24.0,0.0,7004.2,37.9,304.0,2024-11-27 00:00:00
03/11/2024,pc-eq-09,24.0,0.0,4614.7,122.2,208.0,2024-11-04 00:00:00
24/10/2024,PCEQ05,24.0,0.0,4896.1,45.1,240.0,2024-10-25 00:00:00
27/06/2024, PC-EQ-05,24.0,0.0,5387.6,167.9,240.0,2024-06-28 00:00:00
28/01/2024, PC-EQ-02,24.0,0.0,8173.4,203.7,344.0,2024-01-29 00:00:00
19/01/2024,PC-EQ-09	,24.0,0.0,4383.8,88.8,208.0,2024-01-20 00:00:00
11/01/2025,PC-EQ-07	,24.0,0.0,5798.9,116.4,280.0,2025-01-12 00:00:00
08/10/2024, PC-EQ-08,19.5,4.5,5476.8,89.9,320.0,2024-10-09 00:00:00
14/06/2024,PCEQ09,24.0,,4540.0,117.9,208.0,2024-06-15 00:00:00
26/04/2024,PC-EQ-01	,24.0,0.0,9159.1,195.8,416.0,2024-04-27 00:00:00
13/02/2025,PC_EQ_05,24.0,0.0,5308.0,92.3,240.0,2025-02-14 00:00:00
25/11/2024,PC-EQ-04	,24.0,0.0,8061.7,241.8,368.0,2024-11-26 00:00:00
08/01/2024,PC-EQ-07	,24.0,0.0,5973.9,163.8,280.0,2024-01-09 00:00:00
01/01/2024, PC-EQ-10,24.0,0.0,8642.8,199.3,400.0,2024-01-02 00:00:00
20/11/2024,PC-EQ-03	,24.0,0.0,5954.3,180.2,304.0,2024-11-21 00:00:00
03/11/2024,pc-eq-03,24.0,0.0,6041.5,142.1,304.0,2024-11-04 00:00:00
25/08/2024,PC-EQ-08 ,24.0,0.0,6881.1,155.1,320.0,2024-08-26 00:00:00
01/04/2024,PC-EQ-08,24.0,0.0,7603.2,29.3,320.0,2024-04-02 00:00:00
25/03/2024,PCEQ06,24.0,0.0,5044.2,57.0,240.0,2024-03-26 00:00:00
29/02/2024,PC-EQ-10	,24.0,0.0,8632.7,144.7,400.0,2024-03-01 00:00:00
23/01/2025, PC-EQ-05,24.0,0.0,4956.8,120.0,240.0,2025-01-24 00:00:00
03/10/2024, PC-EQ-05,24.0,0.0,5702.4,148.5,240.0,2024-10-04 00:00:00
24/05/2024,PCEQ09,18.9,5.1,3891.9,42.8,208.0,2024-05-25 00:00:00
12/09/2024,PC-EQ-03,21.4,2.6,5874.7,154.2,304.0,2024-09-13 00:00:00
18/08/2024,pc-eq-03,16.2,7.8,4052.8,84.5,304.0,2024-08-19 00:00:00
03/10/2024, PC-EQ-07,23.5,0.5,5916.8,142.4,280.0,2024-10-04 00:00:00
11/04/2024,PC-EQ-03,24.0,0.0,6856.3,89.3,304.0,2024-04-12 00:00:00
02/12/2024,PC-EQ-07,24.0,0.0,5774.9,160.4,280.0,2024-12-03 00:00:00
20/01/2025,PC-EQ-04	,23.4,0.6,7532.9,221.6,368.0,2025-01-21 00:00:00
16/05/2024,pc-eq-03,24.0,0.0,6752.8,150.7,304.0,2024-05-17 00:00:00
11/08/2024,PC_EQ_03,24.0,0.0,5903.3,39.4,304.0,2024-08-12 00:00:00
03/04/2024,PCEQ03,24.0,0.0,6669.7,88.2,304.0,2024-04-04 00:00:00
14/03/2024,PC-EQ-09,24.0,0.0,4409.8,94.4,208.0,2024-03-15 00:00:00
05/12/2024,PC-EQ-08	,24.0,0.0,6764.9,73.3,320.0,2024-12-06 00:00:00
16/08/2024,PC-EQ-02	,24.0,0.0,6990.3,62.0,344.0,2024-08-17 00:00:00
21/05/2024,PC-EQ-05,24.0,0.0,4954.1,50.6,240.0,2024-05-22 00:00:00
19/08/2024,PC-EQ-04,23.3,0.7,6974.4,136.4,368.0,2024-08-20 00:00:00
10/09/2024, PC-EQ-09,24.0,0.0,4412.5,95.5,208.0,2024-09-11 00:00:00
30/09/2024, PC-EQ-02,24.0,0.0,7623.3,125.2,344.0,2024-10-01 00:00:00
02/01/2024,PC_EQ_07,24.0,0.0,5931.6,112.2,280.0,2024-01-03 00:00:00
15/06/2024,PC_EQ_05,23.3,0.7,5243.4,51.8,240.0,2024-06-16 00:00:00
23/11/2024,PC-EQ-09 ,24.0,0.0,4866.7,125.7,208.0,2024-11-24 00:00:00
12/02/2025,pc-eq-10,24.0,0.0,8869.9,207.4,400.0,2025-02-13 00:00:00
04/07/2024,PC-EQ-09,24.0,0.0,4458.1,103.8,208.0,2024-07-05 00:00:00
27/03/2024,PC-EQ-10 ,24.0,0.0,8671.6,182.3,400.0,2024-03-28 00:00:00
30/11/2024,PC_EQ_07,24.0,0.0,5490.7,120.4,280.0,2024-12-01 00:00:00
03/10/2024, PC-EQ-09,24.0,0.0,4536.2,93.5,208.0,2024-10-04 00:00:00
04/11/2024,PC-EQ-04	,20.5,3.5,6867.6,240.2,368.0,2024-11-05 00:00:00
13/01/2025,PC-EQ-01 ,24.0,0.0,9117.4,170.3,416.0,2025-01-14 00:00:00
08/04/2024,PC-EQ-08	,24.0,0.0,6050.9,67.9,320.0,2024-04-09 00:00:00
17/06/2024,pc-eq-07,18.2,5.8,4930.9,44.4,280.0,2024-06-18 00:00:00
05/07/2024,PCEQ05,17.6,6.4,3860.4,86.9,240.0,2024-07-06 00:00:00
26/02/2025, PC-EQ-10,24.0,0.0,8981.9,149.3,400.0,2025-02-27 00:00:00
10/04/2024,PC_EQ_06,24.0,0.0,4982.1,91.7,240.0,2024-04-11 00:00:00
07/10/2024, PC-EQ-10,24.0,0.0,9504.0,180.3,400.0,2024-10-08 00:00:00
18/06/2024,PC-EQ-10,24.0,0.0,9211.2,162.6,400.0,2024-06-19 00:00:00
10/02/2024,pc-eq-01,24.0,0.0,9625.2,275.3,416.0,2024-02-11 00:00:00
07/07/2024,PCEQ06,24.0,0.0,5521.8,77.8,240.0,2024-07-08 00:00:00
25/02/2025, PC-EQ-09,24.0,0.0,4465.3,,208.0,2025-02-26 00:00:00
04/02/2024,PC-EQ-08 ,24.0,0.0,6769.4,100.9,320.0,2024-02-05 00:00:00
15/01/2025, PC-EQ-04,20.6,3.4,7069.3,140.0,368.0,2025-01-16 00:00:00
14/11/2024, PC-EQ-01,24.0,0.0,9644.0,203.3,416.0,2024-11-15 00:00:00
06/09/2024, PC-EQ-08,24.0,0.0,6339.0,113.6,320.0,2024-09-06 00:00:00
02/08/2024, PC-EQ-05,5.6,,1228.9,29.6,240.0,2024-08-03 00:00:00
03/04/2024,PC_EQ_09,24.0,0.0,4705.4,94.3,208.0,2024-04-04 00:00:00
21/03/2024,PC-EQ-03,24.0,0.0,6297.0,46.6,304.0,2024-03-22 00:00:00
02/10/2024,PC-EQ-01,17.1,6.9,6090.4,,416.0,2024-10-03 00:00:00
18/09/2024,pc-eq-01,24.0,0.0,9103.7,134.4,416.0,2024-09-19 00:00:00
09/11/2024,PC_EQ_02,24.0,0.0,7604.6,181.8,344.0,2024-11-10 00:00:00
24/09/2024,PCEQ07,22.0,2.0,5971.7,149.8,280.0,2024-09-25 00:00:00
24/11/2024,PC-EQ-01	,22.3,1.7,8406.8,83.8,416.0,2024-11-25 00:00:00
15/02/2024, PC-EQ-02,24.0,0.0,7685.4,277.0,344.0,2024-02-16 00:00:00
28/03/2024,PC-EQ-07	,24.0,0.0,4998.1,104.5,280.0,2024-03-28 00:00:00
13/12/2024,PC-EQ-05 ,13.1,10.9,2615.8,,240.0,2024-12-14 00:00:00
02/05/2024,pc-eq-01,24.0,0.0,9884.2,,416.0,2024-05-03 00:00:00
24/01/2024,PC-EQ-08 ,24.0,0.0,7142.6,81.5,320.0,2024-01-25 00:00:00
07/11/2024,PC_EQ_07,24.0,0.0,5930.1,,280.0,2024-11-08 00:00:00
16/09/2024,pc-eq-10,24.0,0.0,6995.8,20.1,400.0,2024-09-16 00:00:00
08/04/2024,PC-EQ-10 ,22.2,1.8,7603.5,166.1,400.0,2024-04-09 00:00:00
09/06/2024,PCEQ05,24.0,0.0,5243.4,113.7,240.0,2024-06-10 00:00:00
15/07/2024, PC-EQ-03,24.0,0.0,6627.9,,304.0,2024-07-16 00:00:00
11/04/2024,PC-EQ-08 ,24.0,0.0,7092.7,156.4,320.0,2024-04-12 00:00:00
06/01/2025,pc-eq-10,24.0,0.0,8946.7,270.2,400.0,2025-01-07 00:00:00
22/11/2024, PC-EQ-06,24.0,0.0,5702.4,130.1,240.0,2024-11-23 00:00:00
25/01/2024,pc-eq-01,24.0,0.0,9748.7,155.7,416.0,2024-01-26 00:00:00
09/05/2024,PCEQ09,17.0,7.0,3241.9,40.7,208.0,2024-05-10 00:00:00
05/06/2024,PCEQ08,24.0,0.0,7220.1,131.9,320.0,2024-06-06 00:00:00
08/10/2024,PC-EQ-01 ,24.0,0.0,8853.6,205.3,416.0,2024-10-09 00:00:00
26/12/2024, PC-EQ-08,24.0,0.0,7051.5,194.8,320.0,2024-12-27 00:00:00
24/08/2024,PCEQ07,24.0,0.0,6244.0,117.1,280.0,2024-08-25 00:00:00
29/02/2024, PC-EQ-06,24.0,0.0,5057.1,58.8,240.0,2024-03-01 00:00:00
04/09/2024, PC-EQ-10,24.0,0.0,9026.8,248.1,400.0,2024-09-05 00:00:00
09/02/2024,PC_EQ_04,22.5,1.5,7632.3,155.4,368.0,2024-02-10 00:00:00
30/12/2024,PC-EQ-08 ,14.0,10.0,3947.9,94.8,320.0,2024-12-31 00:00:00
28/02/2025,PC-EQ-06 ,24.0,0.0,5702.4,122.6,240.0,2025-03-01 00:00:00
14/12/2024, PC-EQ-08,24.0,0.0,6410.0,150.9,320.0,2024-12-15 00:00:00
11/03/2024, PC-EQ-01,24.0,,8216.5,93.5,416.0,2024-03-12 00:00:00
17/11/2024,PC-EQ-06	,24.0,0.0,4739.6,112.6,240.0,2024-11-18 00:00:00
27/02/2024,PC-EQ-03	,24.0,0.0,6725.0,146.7,304.0,2024-02-28 00:00:00
05/12/2024,PC-EQ-06,24.0,0.0,4912.1,144.9,240.0,2024-12-06 00:00:00
17/07/2024, PC-EQ-06,24.0,0.0,5422.3,86.0,240.0,2024-07-18 00:00:00
27/01/2025,PC-EQ-09 ,17.9,6.1,2754.3,67.5,208.0,2025-01-25 00:00:00
02/02/2024, PC-EQ-09,24.0,0.0,4387.8,79.5,208.0,2024-02-03 00:00:00
18/12/2024,PC-EQ-04	,24.0,0.0,7361.9,105.6,368.0,2024-12-19 00:00:00
27/11/2024,pc-eq-10,24.0,0.0,8598.3,235.7,400.0,2024-11-28 00:00:00
05/09/2024, PC-EQ-01,24.0,0.0,9622.0,222.9,416.0,2024-09-06 00:00:00
26/02/2025,pc-eq-05,24.0,,5042.3,72.4,240.0,2025-02-27 00:00:00
12/06/2024,pc-eq-10,24.0,0.0,8676.9,239.5,400.0,2024-06-13 00:00:00
29/09/2024,pc-eq-05,24.0,0.0,5318.7,95.0,240.0,2024-09-30 00:00:00
21/07/2024,PC-EQ-08	,23.5,0.5,6257.1,,320.0,2024-07-22 00:00:00
23/06/2024,PC-EQ-04,15.8,8.2,5524.0,,368.0,2024-06-24 00:00:00
19/01/2024, PC-EQ-07,24.0,0.0,5452.0,116.0,280.0,2024-01-20 00:00:00
17/12/2024,PC-EQ-10	,24.0,0.0,8574.4,129.4,400.0,2024-12-18 00:00:00
27/11/2024,PC-EQ-08,24.0,0.0,7252.0,143.5,320.0,2024-11-28 00:00:00
18/03/2024, PC-EQ-02,22.2,1.8,6435.4,127.5,344.0,2024-03-19 00:00:00
05/11/2024,PC-EQ-03 ,24.0,0.0,6653.5,175.1,304.0,2024-11-06 00:00:00
10/08/2024,PC-EQ-06 ,24.0,0.0,5607.2,,240.0,2024-08-11 00:00:00
02/01/2025,pc-eq-07,24.0,0.0,6537.5,0.0,280.0,2025-01-03 00:00:00
19/01/2024,PC-EQ-01 ,24.0,0.0,9554.4,77.6,416.0,2024-01-20 00:00:00
18/07/2024,pc-eq-06,13.9,10.1,2948.0,25.5,240.0,2024-07-19 00:00:00
09/02/2024,PC-EQ-10,24.0,0.0,8252.9,90.1,400.0,2024-02-10 00:00:00
21/10/2024,PC-EQ-09 ,24.0,0.0,4809.0,162.8,208.0,2024-10-22 00:00:00
14/02/2025,PC-EQ-01	,17.5,6.5,6558.4,164.0,416.0,2025-02-15 00:00:00
23/09/2024, PC-EQ-05,21.1,2.9,4424.4,130.6,240.0,2024-09-24 00:00:00
08/01/2025,pc-eq-10,24.0,0.0,7578.8,194.7,400.0,2025-01-09 00:00:00
07/01/2024,PC-EQ-10	,23.5,0.5,8320.9,95.3,400.0,2024-01-08 00:00:00
14/02/2025,pc-eq-04,24.0,0.0,8096.4,105.7,368.0,2025-02-15 00:00:00
06/11/2024, PC-EQ-06,21.8,2.2,4535.7,131.7,240.0,2024-11-07 00:00:00
10/05/2024,PC-EQ-03,24.0,0.0,6958.6,97.1,304.0,2024-05-11 00:00:00
26/03/2024, PC-EQ-08,24.0,0.0,6356.7,115.5,320.0,2024-03-27 00:00:00
07/10/2024,PC-EQ-06	,24.0,0.0,5065.7,36.9,240.0,2024-10-08 00:00:00
28/03/2024,PC-EQ-05	,19.6,4.4,4475.6,125.2,240.0,2024-03-29 00:00:00
27/02/2025,PC-EQ-10,24.0,0.0,9269.2,121.4,400.0,2025-02-28 00:00:00
16/02/2025,PCEQ07,24.0,0.0,5808.4,42.2,280.0,2025-02-17 00:00:00
23/09/2024, PC-EQ-07,24.0,0.0,6020.0,91.0,280.0,2024-09-24 00:00:00
14/09/2024,pc-eq-05,24.0,0.0,5263.9,,240.0,2024-09-15 00:00:00
01/04/2024,PCEQ04,22.0,2.0,8015.0,103.9,368.0,2024-04-02 00:00:00
11/07/2024, PC-EQ-07,24.0,0.0,5643.4,90.4,280.0,2024-07-12 00:00:00
12/09/2024, PC-EQ-10,10.9,13.1,4013.3,62.4,400.0,2024-09-13 00:00:00
23/11/2024,PC-EQ-01	,24.0,0.0,9259.0,123.7,416.0,2024-11-24 00:00:00
24/09/2024,PC_EQ_03,20.4,3.6,5500.6,157.9,304.0,2024-09-25 00:00:00
22/02/2025,pc-eq-09,24.0,0.0,4458.0,133.6,208.0,2025-02-23 00:00:00
01/01/2024,PC-EQ-04,24.0,0.0,7501.6,29.2,368.0,2023-12-31 00:00:00
23/06/2024, PC-EQ-08,24.0,0.0,7109.2,125.8,320.0,2024-06-24 00:00:00
24/02/2025,PCEQ09,21.5,2.5,3947.3,89.0,208.0,2025-02-25 00:00:00
07/06/2024,PC_EQ_05,23.3,0.7,5007.7,65.7,240.0,2024-06-08 00:00:00
14/08/2024,pc-eq-04,24.0,0.0,7469.6,103.4,368.0,2024-08-12 00:00:00
15/06/2024,PC-EQ-06	,24.0,0.0,5604.8,141.8,240.0,2024-06-16 00:00:00
05/06/2024,PC-EQ-10,11.4,12.6,4218.8,70.3,400.0,2024-06-06 00:00:00
07/08/2024,PC_EQ_07,24.0,0.0,5488.0,183.4,280.0,2024-08-08 00:00:00
03/04/2024,PC-EQ-04,15.4,8.6,5043.0,15.8,368.0,2024-04-04 00:00:00
26/11/2024,pc-eq-09,24.0,0.0,4498.0,39.1,208.0,2024-11-27 00:00:00
03/08/2024,PCEQ04,19.4,4.6,6111.1,39.6,368.0,2024-08-04 00:00:00
08/01/2025,pc-eq-09,24.0,0.0,4433.9,63.0,208.0,2025-01-09 00:00:00
09/09/2024,PC_EQ_02,11.2,12.8,3294.4,90.0,344.0,2024-09-10 00:00:00
02/08/2024,PC_EQ_01,24.0,0.0,8815.0,125.5,416.0,2024-08-03 00:00:00
08/03/2024,PC-EQ-07	,24.0,0.0,5225.5,156.7,280.0,2024-03-09 00:00:00
06/04/2024,PC-EQ-05,24.0,0.0,4571.0,80.6,240.0,2024-06-05 00:00:00
12/09/2024,pc-eq-07,24.0,0.0,6169.3,171.0,280.0,2024-09-13 00:00:00
30/03/2024,PCEQ07,24.0,0.0,5941.3,236.0,280.0,2024-03-31 00:00:00
16/11/2024, PC-EQ-02,24.0,0.0,7336.9,165.8,344.0,2024-11-17 00:00:00
01/01/2025,PC_EQ_02,24.0,0.0,6637.1,,344.0,2025-01-02 00:00:00
02/05/2024,PC-EQ-03,24.0,0.0,6682.6,223.2,304.0,2024-05-03 00:00:00
19/05/2024, PC-EQ-06,4.0,20.0,761.9,14.6,240.0,2024-05-20 00:00:00
21/02/2025,PCEQ02,17.1,6.9,5421.6,52.7,344.0,2025-02-22 00:00:00
18/12/2024,PCEQ01,24.0,0.0,-9173.5,135.2,416.0,2024-12-19 00:00:00
04/03/2024,PC_EQ_01,10.9,13.1,4271.9,74.4,416.0,2024-03-05 00:00:00
27/08/2024,PC-EQ-03 ,24.0,0.0,6029.5,97.7,304.0,2024-08-28 00:00:00
23/01/2025,pc-eq-09,24.0,0.0,4536.4,,208.0,2025-01-24 00:00:00
01/03/2024,PC-EQ-04,24.0,0.0,7611.4,127.3,368.0,2024-03-02 00:00:00
11/07/2024,pc-eq-09,24.0,,4725.9,43.9,208.0,2024-07-12 00:00:00
06/02/2024, PC-EQ-02,24.0,0.0,7765.4,58.2,344.0,2024-02-07 00:00:00
30/07/2024,PC_EQ_07,24.0,0.0,6450.0,58.4,280.0,2024-07-31 00:00:00
22/01/2024, PC-EQ-06,14.5,9.5,3126.5,42.3,240.0,2024-01-23 00:00:00
13/03/2024,PC_EQ_03,24.0,0.0,6447.6,76.6,304.0,2024-03-14 00:00:00
12/07/2024,pc-eq-05,24.0,0.0,5539.6,166.4,240.0,2024-07-13 00:00:00
27/11/2024, PC-EQ-01,24.0,0.0,9076.6,141.3,416.0,2024-11-28 00:00:00
05/01/2024,PC_EQ_04,24.0,0.0,8259.6,235.5,368.0,2024-01-06 00:00:00
08/01/2025,pc-eq-07,24.0,0.0,5798.3,1.5,280.0,2025-01-09 00:00:00
30/03/2024,PC-EQ-05 ,4.0,20.0,750.8,24.4,240.0,2024-03-30 00:00:00
01/12/2024,PC-EQ-06	,24.0,,5240.1,98.9,240.0,2024-12-02 00:00:00
02/02/2024, PC-EQ-01,24.0,0.0,8500.7,143.8,416.0,2024-02-03 00:00:00
11/12/2024,PC-EQ-08 ,24.0,0.0,6393.9,113.8,320.0,2024-12-12 00:00:00
23/11/2024,PC-EQ-03	,24.0,0.0,6876.1,215.7,304.0,2024-11-24 00:00:00
27/05/2024,PC-EQ-01,24.0,0.0,8409.8,177.7,416.0,2024-05-28 00:00:00
03/12/2024,PC_EQ_03,24.0,0.0,5715.2,118.9,304.0,2024-12-04 00:00:00
23/01/2025,PC-EQ-08	,24.0,0.0,6426.2,167.5,320.0,2025-01-24 00:00:00
02/10/2024,PCEQ02,20.7,3.3,6530.1,131.2,344.0,2024-10-03 00:00:00
01/01/2025,PC-EQ-09,24.0,0.0,4457.6,70.2,208.0,2025-01-02 00:00:00
19/06/2024,pc-eq-01,24.0,0.0,8438.8,207.4,416.0,2024-06-20 00:00:00
10/06/2024,PCEQ06,24.0,0.0,5702.4,182.5,240.0,2024-06-11 00:00:00
20/03/2024,PC-EQ-01 ,24.0,0.0,8983.0,188.0,416.0,2024-03-21 00:00:00
01/12/2024,PC_EQ_07,24.0,0.0,5999.9,155.3,280.0,2024-12-02 00:00:00
21/02/2025, PC-EQ-08,24.0,0.0,7389.3,98.3,320.0,2025-02-22 00:00:00
26/04/2024,PC_EQ_04,24.0,0.0,8167.9,102.2,368.0,2024-04-27 00:00:00
20/04/2024,pc-eq-10,24.0,0.0,8351.9,354.6,400.0,2024-04-21 00:00:00
21/02/2025,PCEQ06,24.0,0.0,5534.1,65.4,240.0,2025-02-22 00:00:00
19/10/2024, PC-EQ-04,22.4,1.6,7038.3,278.4,368.0,2024-10-20 00:00:00
16/08/2024,PC-EQ-09,24.0,0.0,4826.0,117.4,208.0,2024-08-17 00:00:00
10/04/2024,pc-eq-05,24.0,0.0,4740.6,147.4,240.0,2024-04-11 00:00:00
23/09/2024,PC-EQ-01	,24.0,0.0,8910.2,63.6,416.0,2024-09-24 00:00:00
02/11/2024,PC-EQ-09 ,24.0,0.0,4604.9,108.7,208.0,2024-11-03 00:00:00
26/02/2025,PCEQ03,24.0,0.0,7116.8,98.9,304.0,2025-02-27 00:00:00
07/03/2024,PC-EQ-08,24.0,0.0,6199.1,144.3,320.0,2024-03-08 00:00:00
20/05/2024, PC-EQ-02,24.0,0.0,7840.4,103.5,344.0,2024-05-21 00:00:00
12/07/2024,PC-EQ-10,24.0,0.0,8642.4,147.1,400.0,2024-07-13 00:00:00
12/03/2024,PC_EQ_07,24.0,0.0,5769.6,88.9,280.0,2024-03-13 00:00:00
18/02/2024,PCEQ05,22.5,1.5,4958.7,92.0,240.0,2024-02-19 00:00:00
07/03/2024, PC-EQ-05,21.2,2.8,5037.1,201.7,240.0,2024-03-08 00:00:00
10/12/2024,pc-eq-08,17.6,,4983.7,48.5,320.0,2024-12-11 00:00:00
24/03/2024,PC-EQ-06	,24.0,0.0,5271.8,21.3,240.0,2024-03-25 00:00:00
05/04/2024,PC-EQ-10 ,24.0,0.0,9193.9,317.4,400.0,2024-04-06 00:00:00
15/03/2024,PC-EQ-10,24.0,0.0,8635.4,217.8,400.0,2024-03-16 00:00:00
26/12/2024,PC-EQ-02 ,24.0,0.0,7731.7,233.8,344.0,2024-12-27 00:00:00
06/06/2024,PC_EQ_02,24.0,0.0,7902.3,149.1,344.0,2024-06-07 00:00:00
08/02/2025,PC-EQ-10 ,19.6,4.4,7279.1,152.6,400.0,2025-02-09 00:00:00
13/08/2024,PC-EQ-02 ,21.1,2.9,7100.9,54.2,344.0,2024-08-14 00:00:00
09/02/2025, PC-EQ-05,24.0,0.0,5702.4,132.8,240.0,2025-02-10 00:00:00
19/01/2025,PC_EQ_04,24.0,0.0,7635.9,46.5,368.0,2025-01-20 00:00:00
09/08/2024,PC-EQ-10 ,24.0,0.0,7938.8,108.2,400.0,2024-08-10 00:00:00
07/05/2024,pc-eq-10,24.0,0.0,8516.9,113.8,400.0,2024-05-08 00:00:00
29/09/2024,PC-EQ-06 ,16.1,7.9,3825.4,80.4,240.0,2024-09-30 00:00:00
20/02/2025,PC-EQ-08,24.0,0.0,6630.3,179.0,320.0,2025-02-21 00:00:00
26/07/2024,PC-EQ-10 ,24.0,,9504.0,162.6,400.0,2024-07-27 00:00:00
18/07/2024, PC-EQ-07,24.0,0.0,6518.3,152.3,280.0,2024-07-19 00:00:00
08/05/2024,pc-eq-07,24.0,0.0,6080.0,,280.0,2024-05-09 00:00:00
01/02/2024,PC-EQ-03,24.0,0.0,6227.6,157.7,304.0,2024-02-02 00:00:00
20/01/2024,PCEQ06,24.0,0.0,4994.2,127.3,240.0,2024-01-21 00:00:00
27/05/2024,PC-EQ-02 ,24.0,0.0,7573.9,137.1,344.0,2024-05-28 00:00:00
08/07/2024,PCEQ04,24.0,0.0,7902.1,228.0,368.0,2024-07-09 00:00:00
01/09/2024,PC-EQ-07,24.0,0.0,5641.2,166.3,280.0,2024-09-02 00:00:00
06/06/2024,PC-EQ-06	,23.3,0.7,5029.1,135.3,240.0,2024-06-07 00:00:00
11/01/2025,PC-EQ-05 ,24.0,0.0,5190.8,91.5,240.0,2025-01-12 00:00:00
19/09/2024,PC-EQ-09,24.0,0.0,3883.3,47.9,208.0,2024-09-20 00:00:00
17/12/2024,PC_EQ_09,24.0,0.0,4858.6,,208.0,2024-12-18 00:00:00
10/01/2024,pc-eq-01,24.0,0.0,8257.8,224.8,416.0,2024-01-09 00:00:00
03/09/2024,PC-EQ-10	,24.0,0.0,8326.0,137.8,400.0,2024-09-04 00:00:00
15/09/2024,PC-EQ-05	,22.7,1.3,4433.9,99.0,240.0,2024-09-16 00:00:00
09/09/2024,PC_EQ_02,11.2,12.8,2865.0,90.0,344.0,2024-09-07 00:00:00
16/05/2024, PC-EQ-01,24.0,0.0,8785.6,57.4,416.0,2024-05-17 00:00:00
15/08/2024,PC_EQ_04,24.0,0.0,8199.6,126.1,368.0,2024-08-16 00:00:00
21/05/2024,PC_EQ_06,24.0,0.0,4647.9,128.7,240.0,2024-05-22 00:00:00
07/05/2024, PC-EQ-07,24.0,,6326.1,126.8,280.0,2024-05-08 00:00:00
04/11/2024,PC-EQ-10,24.0,0.0,8116.6,176.1,400.0,2024-11-05 00:00:00
22/06/2024,PC_EQ_02,24.0,0.0,7622.3,74.7,344.0,2024-06-23 00:00:00
28/09/2024, PC-EQ-03,24.0,0.0,6745.1,78.5,304.0,2024-09-29 00:00:00
18/11/2024,pc-eq-05,24.0,0.0,5337.9,140.7,240.0,2024-11-19 00:00:00
07/01/2025,PC_EQ_04,23.5,0.5,7789.6,78.6,368.0,2025-01-08 00:00:00
27/11/2024,PC-EQ-09,24.0,0.0,4359.1,93.2,208.0,2024-11-28 00:00:00
07/01/2025,pc-eq-05,24.0,0.0,5084.2,125.2,240.0,2025-01-08 00:00:00
13/01/2024,PC-EQ-10,23.5,0.5,8526.4,224.1,400.0,2024-01-14 00:00:00
20/09/2024,PC_EQ_03,24.0,0.0,7196.6,92.3,304.0,2024-09-21 00:00:00
21/09/2024,PC-EQ-05,24.0,0.0,5489.9,118.5,240.0,2024-09-22 00:00:00
13/07/2024,PC-EQ-01 ,24.0,0.0,8587.3,122.5,416.0,2024-07-14 00:00:00
26/04/2024,PC_EQ_06,23.2,0.8,4657.1,88.2,240.0,2024-04-27 00:00:00
25/09/2024,PCEQ03,22.6,1.4,6482.3,135.2,304.0,2024-09-26 00:00:00
16/06/2024,PC_EQ_06,24.0,0.0,5702.4,151.7,240.0,2024-06-17 00:00:00
17/03/2024,PC-EQ-03,24.0,0.0,6693.3,164.5,304.0,2024-03-18 00:00:00
20/12/2024,PCEQ05,24.0,0.0,5037.5,124.7,240.0,2024-12-21 00:00:00
01/11/2024,pc-eq-02,24.0,0.0,7060.6,127.2,344.0,2024-11-02 00:00:00
01/02/2025,PC-EQ-05,20.3,3.7,4327.9,71.2,240.0,2025-02-02 00:00:00
23/03/2024,PCEQ04,24.0,0.0,8397.9,229.2,368.0,2024-03-24 00:00:00
21/01/2025,pc-eq-02,24.0,0.0,7913.1,134.3,344.0,2025-01-22 00:00:00
27/02/2024,pc-eq-07,24.0,0.0,5992.3,213.0,280.0,2024-02-28 00:00:00
19/03/2024,PCEQ06,24.0,0.0,5142.3,70.2,240.0,2024-03-20 00:00:00
20/08/2024,PC_EQ_03,24.0,0.0,6744.0,156.9,304.0,2024-08-21 00:00:00
31/08/2024,pc-eq-08,24.0,0.0,6446.7,86.4,320.0,2024-09-01 00:00:00
21/11/2024,PC-EQ-04 ,16.2,7.8,5831.2,136.3,368.0,2024-11-22 00:00:00
08/01/2024,PCEQ01,24.0,0.0,8609.7,247.8,416.0,2024-01-09 00:00:00
24/02/2024,pc-eq-05,24.0,0.0,5094.1,132.7,240.0,2024-02-25 00:00:00
01/01/2024,PC-EQ-02	,24.0,0.0,7183.3,139.3,344.0,2024-01-02 00:00:00
16/06/2024,PC_EQ_05,24.0,0.0,5233.2,113.0,240.0,2024-06-17 00:00:00
11/04/2024,PC-EQ-02 ,15.3,8.7,4811.7,93.2,344.0,2024-04-12 00:00:00
24/05/2024,PC-EQ-02,24.0,0.0,7688.0,193.8,344.0,2024-05-25 00:00:00
18/01/2024, PC-EQ-04,24.0,0.0,8237.3,163.8,368.0,2024-01-19 00:00:00
22/03/2024,pc-eq-06,15.4,8.6,3020.3,98.6,240.0,2024-03-23 00:00:00
05/12/2024,PC-EQ-02	,24.0,0.0,7269.8,93.5,344.0,2024-12-06 00:00:00
17/02/2025, PC-EQ-09,24.0,0.0,4177.4,89.6,208.0,2025-02-18 00:00:00
25/04/2024,PC_EQ_08,23.5,0.5,6732.7,136.7,320.0,2024-04-26 00:00:00
09/07/2024,PC-EQ-02 ,24.0,0.0,7570.1,136.6,344.0,2024-07-10 00:00:00
08/05/2024,PC-EQ-08,24.0,0.0,6668.7,156.0,320.0,2024-05-09 00:00:00
03/10/2024,PC_EQ_06,24.0,0.0,4906.0,73.1,240.0,2024-10-04 00:00:00
09/04/2024,PC-EQ-09,19.2,4.8,3368.6,60.7,208.0,2024-04-10 00:00:00
01/08/2024,PC-EQ-06,21.5,2.5,4785.4,111.7,240.0,2024-08-02 00:00:00
24/06/2024,PCEQ06,24.0,0.0,5478.2,112.4,240.0,2024-06-25 00:00:00
29/11/2024,PC-EQ-08,24.0,0.0,6950.7,200.4,320.0,2024-11-30 00:00:00
17/09/2024,PC-EQ-08,24.0,0.0,6707.6,181.9,320.0,2024-09-18 00:00:00
19/10/2024,PC-EQ-01 ,24.0,0.0,9884.2,242.9,416.0,2024-10-20 00:00:00
07/04/2024,PC-EQ-02,24.0,0.0,6760.4,167.5,344.0,2024-04-08 00:00:00
26/04/2024,PC-EQ-07 ,24.0,0.0,5733.8,126.6,280.0,2024-04-27 00:00:00
12/12/2024,PC-EQ-03,24.0,0.0,6370.4,191.3,304.0,2024-12-13 00:00:00
26/06/2024, PC-EQ-06,24.0,0.0,5046.0,22.1,240.0,2024-06-27 00:00:00
17/01/2025,PC_EQ_06,22.8,1.2,5127.9,116.8,240.0,2025-01-18 00:00:00
12/02/2024,PC-EQ-06 ,24.0,0.0,5029.9,104.4,240.0,2024-02-13 00:00:00
24/08/2024,PCEQ09,24.0,0.0,4159.8,74.6,208.0,2024-08-25 00:00:00
29/07/2024,PC_EQ_07,23.5,0.5,5618.4,86.5,280.0,2024-07-30 00:00:00
01/03/2024, PC-EQ-09,24.0,0.0,4361.1,101.4,208.0,2024-03-02 00:00:00
10/06/2024,PC_EQ_10,24.0,0.0,9186.5,70.8,400.0,2024-06-11 00:00:00
12/01/2025,PCEQ10,24.0,0.0,7592.4,124.8,400.0,2025-01-12 00:00:00
10/05/2024, PC-EQ-06,24.0,0.0,4675.4,96.5,240.0,2024-05-11 00:00:00
12/09/2024,PC-EQ-09,20.0,4.0,3603.4,55.4,208.0,2024-09-13 00:00:00
28/10/2024,PC-EQ-02	,24.0,0.0,7741.6,93.8,344.0,2024-10-29 00:00:00
16/02/2025,PC-EQ-01,24.0,0.0,9032.4,262.8,416.0,2025-02-17 00:00:00
31/01/2024,PC_EQ_05,24.0,0.0,4852.2,79.3,240.0,2024-01-30 00:00:00
17/08/2024,PC_EQ_05,17.4,6.6,3613.8,92.9,240.0,2024-08-18 00:00:00
27/01/2024,pc-eq-10,24.0,0.0,8514.1,0.0,400.0,2024-01-28 00:00:00
07/05/2024, PC-EQ-05,21.1,2.9,4778.5,136.7,240.0,2024-05-08 00:00:00
11/10/2024,pc-eq-07,24.0,0.0,6358.5,101.2,280.0,2024-10-12 00:00:00
20/05/2024, PC-EQ-10,24.0,0.0,7913.1,142.6,400.0,2024-05-21 00:00:00
27/03/2024,pc-eq-03,22.6,1.4,6415.4,127.9,304.0,2024-03-28 00:00:00
19/03/2024,PC_EQ_09,24.0,0.0,4502.4,,208.0,2024-03-20 00:00:00
18/01/2025,pc-eq-08,24.0,0.0,6603.3,82.1,320.0,2025-01-19 00:00:00
05/04/2024,PC_EQ_03,18.1,5.9,5308.3,130.0,304.0,2024-04-06 00:00:00
25/02/2024,PC_EQ_02,24.0,0.0,7184.6,53.1,344.0,2024-02-26 00:00:00
17/02/2024,PCEQ03,24.0,0.0,6816.4,22.6,304.0,2024-02-18 00:00:00
08/07/2024,PC-EQ-08,24.0,0.0,7189.9,115.6,320.0,2024-07-09 00:00:00
19/01/2024, PC-EQ-03,24.0,0.0,5977.2,125.0,304.0,2024-01-20 00:00:00
23/12/2024,PC-EQ-01,20.1,3.9,8278.0,122.0,416.0,2024-12-24 00:00:00
04/09/2024, PC-EQ-08,24.0,0.0,6418.8,115.1,320.0,2024-09-05 00:00:00
14/09/2024,PC-EQ-06,24.0,0.0,5553.1,135.3,240.0,2024-09-15 00:00:00
19/09/2024,PC-EQ-04,24.0,0.0,8425.7,159.2,368.0,2024-09-20 00:00:00
05/04/2024,PC-EQ-01 ,24.0,0.0,8716.6,180.0,416.0,2024-04-06 00:00:00
21/04/2024,PC-EQ-01,24.0,0.0,9152.3,49.3,416.0,2024-04-22 00:00:00
26/09/2024, PC-EQ-08,4.0,20.0,1208.3,28.4,320.0,2024-09-27 00:00:00
24/03/2024,PC-EQ-05,24.0,0.0,5318.2,60.8,240.0,2024-03-25 00:00:00
12/10/2024,PC-EQ-08,24.0,0.0,6745.2,130.0,320.0,2024-10-13 00:00:00
26/01/2024,pc-eq-01,24.0,0.0,8456.1,219.0,416.0,2024-01-27 00:00:00
01/04/2024, PC-EQ-10,24.0,0.0,8045.8,200.4,400.0,2024-04-02 00:00:00
16/01/2025, PC-EQ-07,24.0,0.0,6149.5,163.0,280.0,2025-01-17 00:00:00
16/11/2024,PC-EQ-05,24.0,0.0,4951.0,69.3,240.0,2024-11-17 00:00:00
29/01/2024,PCEQ03,21.1,2.9,5906.9,249.7,304.0,2024-01-30 00:00:00
28/02/2025,PC_EQ_08,24.0,0.0,6357.7,60.0,320.0,2025-03-01 00:00:00
10/06/2024,PCEQ02,24.0,0.0,6975.7,124.7,344.0,2024-06-11 00:00:00
06/01/2024,PC-EQ-02,24.0,0.0,7483.0,177.3,344.0,2024-01-07 00:00:00
23/12/2024,PC_EQ_09,23.5,0.5,3763.5,99.2,208.0,2024-12-24 00:00:00
25/10/2024,pc-eq-05,24.0,0.0,5390.8,127.1,240.0,2024-10-26 00:00:00
27/07/2024,PCEQ01,24.0,0.0,8695.3,104.0,416.0,2024-07-28 00:00:00
01/08/2024,pc-eq-01,22.4,1.6,8570.9,132.6,416.0,2024-08-02 00:00:00
20/04/2024,PC_EQ_06,23.1,0.9,-4506.6,80.2,240.0,2024-04-21 00:00:00
11/07/2024,PC-EQ-10 ,19.8,4.2,7077.8,176.7,400.0,2024-07-12 00:00:00
02/06/2024,pc-eq-04,5.9,18.1,1861.3,40.7,368.0,2024-06-03 00:00:00
21/10/2024,PC-EQ-01,18.7,5.3,6850.2,96.1,416.0,2024-10-22 00:00:00
29/10/2024,PCEQ05,24.0,0.0,4857.6,144.6,240.0,2024-10-30 00:00:00
10/07/2024,PC-EQ-10 ,16.1,7.9,6158.5,106.4,400.0,2024-07-11 00:00:00
14/01/2025,PC-EQ-03,24.0,0.0,6397.8,122.4,304.0,2025-01-15 00:00:00
27/06/2024,PC-EQ-04 ,24.0,0.0,7545.0,145.6,368.0,2024-06-28 00:00:00
18/08/2024,PC-EQ-07,9.4,14.6,2262.1,15.0,280.0,2024-08-19 00:00:00
06/12/2024,PC-EQ-05 ,24.0,0.0,5319.5,129.6,240.0,2024-06-13 00:00:00
20/06/2024, PC-EQ-01,24.0,0.0,8920.3,175.5,416.0,2024-06-21 00:00:00
16/02/2025,PCEQ08,24.0,0.0,7099.2,79.6,320.0,2025-02-17 00:00:00
22/02/2024,PCEQ10,24.0,0.0,8774.0,82.7,400.0,2024-02-23 00:00:00
08/03/2024,PCEQ09,24.0,0.0,4512.1,134.6,208.0,2024-03-09 00:00:00
12/06/2024,PC-EQ-03	,24.0,0.0,6480.2,27.4,304.0,2024-06-13 00:00:00
26/03/2024,PC-EQ-06 ,23.5,0.5,5318.5,209.4,240.0,2024-03-27 00:00:00
19/01/2025, PC-EQ-07,23.1,0.9,6019.0,103.7,280.0,2025-01-20 00:00:00
03/07/2024,PC-EQ-06 ,24.0,0.0,5555.2,97.6,240.0,2024-07-04 00:00:00
14/09/2024,PC-EQ-07	,18.4,5.6,4205.2,42.1,280.0,2024-09-15 00:00:00
27/08/2024,PC_EQ_05,17.0,7.0,3692.2,83.6,240.0,2024-08-28 00:00:00
08/07/2024,pc-eq-07,14.2,9.8,3099.1,36.6,280.0,2024-07-08 00:00:00
07/06/2024, PC-EQ-09,24.0,0.0,4110.6,69.5,208.0,2024-06-08 00:00:00
18/09/2024,PC-EQ-10 ,24.0,0.0,8568.6,166.9,400.0,2024-09-19 00:00:00
13/01/2024,PC-EQ-07	,24.0,0.0,6055.7,195.8,280.0,2024-01-14 00:00:00
12/06/2024,PC-EQ-06 ,24.0,0.0,5216.6,122.3,240.0,2024-06-13 00:00:00
28/07/2024,PCEQ10,24.0,,8501.1,197.2,400.0,2024-07-29 00:00:00
14/11/2024,PC-EQ-04	,24.0,0.0,7750.6,176.6,368.0,2024-11-15 00:00:00
19/11/2024,PC-EQ-04,24.0,0.0,7520.3,126.6,368.0,2024-11-20 00:00:00
05/04/2024,PC-EQ-08 ,24.0,0.0,7199.6,133.5,320.0,2024-04-06 00:00:00
05/02/2025, PC-EQ-09,24.0,,4378.3,142.4,208.0,2025-02-06 00:00:00
03/08/2024,PC-EQ-07,21.6,2.4,5136.2,101.9,280.0,2024-08-04 00:00:00
18/02/2025,pc-eq-03,24.0,,6333.3,126.0,304.0,2025-02-19 00:00:00
12/12/2024,PC_EQ_10,24.0,0.0,8496.6,179.4,400.0,2024-12-13 00:00:00
11/01/2025,PC-EQ-09,19.3,4.7,3926.9,79.5,208.0,2025-01-12 00:00:00
03/12/2024, PC-EQ-09,24.0,0.0,4437.7,90.8,208.0,2024-12-04 00:00:00
08/08/2024,PC-EQ-09	,24.0,0.0,4942.1,104.2,208.0,2024-08-09 00:00:00
19/09/2024,PC_EQ_01,24.0,0.0,8687.0,141.2,416.0,2024-09-20 00:00:00
24/06/2024,PC-EQ-03,21.2,2.8,4911.6,113.6,304.0,2024-06-25 00:00:00
29/07/2024,pc-eq-05,24.0,0.0,5098.7,104.4,240.0,2024-07-30 00:00:00
30/01/2024,PC-EQ-04 ,24.0,0.0,8408.4,97.8,368.0,2024-01-31 00:00:00
13/03/2024,PC-EQ-10	,24.0,,7926.7,133.3,400.0,2024-03-14 00:00:00
22/07/2024,PC_EQ_05,24.0,0.0,4961.0,99.3,240.0,2024-07-22 00:00:00
06/01/2024,PC_EQ_05,24.0,0.0,5506.5,147.2,240.0,2024-01-07 00:00:00
23/10/2024,PC-EQ-09 ,24.0,0.0,4576.1,65.4,208.0,2024-10-24 00:00:00
10/04/2024,PC-EQ-04,8.6,15.4,2617.4,65.7,368.0,2024-04-11 00:00:00
30/12/2024,PC-EQ-02	,24.0,0.0,7232.7,125.7,344.0,2024-12-31 00:00:00
25/09/2024, PC-EQ-05,24.0,,5059.0,75.1,240.0,2024-09-26 00:00:00
17/02/2025, PC-EQ-03,24.0,0.0,6611.4,167.8,304.0,2025-02-18 00:00:00
11/08/2024,PC-EQ-09,24.0,0.0,4399.5,59.7,208.0,2024-08-12 00:00:00
29/09/2024,PC_EQ_08,24.0,0.0,6344.5,87.8,320.0,2024-09-30 00:00:00
12/04/2024,PC_EQ_08,24.0,0.0,6245.1,100.4,320.0,2024-04-13 00:00:00
27/02/2025,pc-eq-01,10.1,13.9,3858.6,37.6,416.0,2025-02-28 00:00:00
14/04/2024,PC_EQ_03,24.0,0.0,6420.7,104.6,304.0,2024-04-15 00:00:00
28/11/2024,PC-EQ-08,24.0,0.0,7020.6,122.9,320.0,2024-11-29 00:00:00
03/02/2025,pc-eq-10,24.0,0.0,8872.0,197.8,400.0,2025-02-04 00:00:00
08/12/2024,pc-eq-10,24.0,0.0,7905.8,208.2,400.0,2024-12-09 00:00:00
02/11/2024,PC_EQ_08,16.6,7.4,4614.0,103.3,320.0,2024-11-03 00:00:00
13/10/2024,PC-EQ-07,24.0,0.0,5828.4,145.1,280.0,2024-10-14 00:00:00
22/06/2024,PC-EQ-10	,24.0,0.0,8717.4,219.5,400.0,2024-06-23 00:00:00
02/04/2024,PC-EQ-06	,24.0,0.0,5348.1,125.8,240.0,2024-04-03 00:00:00
14/03/2024,PC-EQ-10 ,16.5,7.5,5714.5,127.7,400.0,2024-03-15 00:00:00
07/09/2024, PC-EQ-09,24.0,0.0,4318.5,129.4,208.0,2024-09-08 00:00:00
25/07/2024,PC_EQ_02,24.0,0.0,7915.6,244.0,344.0,2024-07-26 00:00:00
30/01/2024,PC-EQ-01,24.0,0.0,9123.6,129.7,416.0,2024-01-31 00:00:00
19/04/2024,PC-EQ-01,24.0,0.0,7699.2,82.1,416.0,2024-04-20 00:00:00
09/09/2024,PC-EQ-01	,24.0,0.0,9227.8,149.4,416.0,2024-09-10 00:00:00
03/06/2024,PC_EQ_10,22.6,1.4,7630.9,170.2,400.0,2024-06-04 00:00:00
01/02/2025,PC_EQ_01,24.0,0.0,8310.4,8.1,416.0,2025-01-03 00:00:00
11/03/2024,PCEQ05,24.0,0.0,5236.6,153.8,240.0,2024-03-12 00:00:00
30/09/2024,PC-EQ-06 ,24.0,0.0,5283.8,103.1,240.0,2024-10-01 00:00:00
23/01/2025,PC-EQ-01 ,24.0,0.0,8990.8,213.3,416.0,2025-01-24 00:00:00
19/02/2024,PCEQ08,24.0,0.0,7313.7,237.7,320.0,2024-02-20 00:00:00
26/08/2024,PCEQ01,24.0,0.0,8399.3,104.7,416.0,2024-08-27 00:00:00
07/06/2024,PC-EQ-10 ,24.0,0.0,8794.1,117.7,400.0,2024-06-08 00:00:00
27/04/2024,PC-EQ-08	,24.0,0.0,7024.5,106.8,320.0,2024-04-28 00:00:00
15/02/2025,PC-EQ-02	,7.3,16.7,2465.9,104.5,344.0,2025-02-16 00:00:00
31/01/2025,PCEQ09,24.0,0.0,4396.4,62.0,208.0,2025-02-01 00:00:00
19/01/2025,PC-EQ-03,24.0,0.0,6438.7,108.0,304.0,2025-01-20 00:00:00
01/02/2025,PC_EQ_03,24.0,0.0,6797.4,67.3,304.0,2025-02-02 00:00:00
05/12/2024,PC-EQ-05,24.0,0.0,5228.7,65.0,240.0,2024-12-06 00:00:00
07/08/2024,PC-EQ-01,24.0,0.0,8714.1,148.9,416.0,2024-08-08 00:00:00
09/04/2024, PC-EQ-10,24.0,0.0,8997.4,108.5,400.0,2024-04-10 00:00:00
01/09/2024,PC-EQ-04 ,24.0,0.0,8546.5,79.3,368.0,2024-09-02 00:00:00
15/03/2024,PC_EQ_03,24.0,0.0,7105.3,97.6,304.0,2024-03-16 00:00:00
26/10/2024,PC-EQ-08,24.0,0.0,7351.6,185.5,320.0,2024-10-27 00:00:00
10/06/2024,PC_EQ_03,24.0,0.0,7223.0,167.4,304.0,2024-06-11 00:00:00
02/02/2025,PC-EQ-01,24.0,0.0,8883.6,191.5,416.0,2025-02-03 00:00:00
09/04/2024,PCEQ04,20.2,3.8,7274.6,196.5,368.0,2024-04-10 00:00:00
14/06/2024,PC_EQ_10,24.0,0.0,8023.5,114.3,400.0,2024-06-15 00:00:00
08/06/2024,PC_EQ_09,24.0,0.0,4500.3,,208.0,2024-06-09 00:00:00
02/02/2025,PC_EQ_10,18.1,5.9,6967.9,189.8,400.0,2025-02-03 00:00:00
01/08/2024,pc-eq-03,24.0,0.0,6669.7,33.7,304.0,2024-08-02 00:00:00
10/01/2024, PC-EQ-04,24.0,0.0,8558.5,226.2,368.0,2024-01-11 00:00:00
29/12/2024,PC-EQ-07	,24.0,0.0,5974.5,149.3,280.0,2024-12-30 00:00:00
12/01/2025, PC-EQ-01,23.5,0.5,8686.1,256.0,416.0,2025-01-13 00:00:00
13/10/2024,PC-EQ-05 ,24.0,,5375.1,160.8,240.0,2024-10-14 00:00:00
02/12/2024,PC_EQ_01,23.5,0.5,9557.5,158.6,416.0,2024-12-03 00:00:00
04/02/2025,PC-EQ-10	,24.0,0.0,7727.4,258.4,400.0,2025-02-05 00:00:00
09/12/2024, PC-EQ-05,15.6,8.4,3431.4,84.8,240.0,2024-12-10 00:00:00
07/07/2024,PC_EQ_04,24.0,0.0,7704.2,323.4,368.0,2024-07-08 00:00:00
21/06/2024,PC-EQ-08	,22.2,1.8,6217.0,94.6,320.0,2024-06-22 00:00:00
29/10/2024,pc-eq-09,22.3,1.7,3954.1,77.0,208.0,2024-10-30 00:00:00
18/11/2024,pc-eq-09,24.0,0.0,4638.8,42.5,208.0,2024-11-19 00:00:00
04/09/2024,PC-EQ-04	,24.0,0.0,7182.2,225.6,368.0,2024-09-04 00:00:00
03/03/2024,PC_EQ_07,24.0,0.0,5699.7,177.3,280.0,2024-03-04 00:00:00
11/08/2024,PC-EQ-01,24.0,0.0,7932.1,60.2,416.0,2024-08-10 00:00:00
29/11/2024,PCEQ05,22.1,1.9,4769.2,127.6,240.0,2024-11-30 00:00:00
23/08/2024,PC-EQ-07,24.0,0.0,5761.0,66.3,280.0,2024-08-24 00:00:00
11/02/2025, PC-EQ-01,18.0,6.0,6919.4,36.1,416.0,2025-02-12 00:00:00
23/07/2024, PC-EQ-05,23.5,,5224.4,128.6,240.0,2024-07-24 00:00:00
18/09/2024,PC-EQ-06 ,24.0,0.0,4850.6,22.3,240.0,2024-09-19 00:00:00
04/10/2024,PC-EQ-08,24.0,0.0,6664.1,98.1,320.0,2024-10-05 00:00:00
22/10/2024,pc-eq-05,15.9,8.1,3562.4,48.2,240.0,2024-10-23 00:00:00
23/05/2024,PC_EQ_01,24.0,0.0,9623.7,312.2,416.0,2024-05-24 00:00:00
12/07/2024,PC-EQ-06,24.0,0.0,5075.3,101.2,240.0,2024-07-13 00:00:00
02/01/2025,PC-EQ-10	,21.1,2.9,7238.0,139.3,400.0,2025-01-03 00:00:00
05/07/2024,PC-EQ-03 ,24.0,0.0,5954.5,135.4,304.0,2024-07-06 00:00:00
18/01/2024,PC-EQ-09,24.0,0.0,3920.4,86.5,208.0,2024-01-19 00:00:00
04/06/2024,pc-eq-10,24.0,0.0,8950.0,292.8,400.0,2024-06-05 00:00:00
09/04/2024,pc-eq-07,24.0,0.0,5999.8,95.1,280.0,2024-04-10 00:00:00
28/04/2024,PC-EQ-01	,8.3,15.7,2905.2,63.5,416.0,2024-04-29 00:00:00
06/04/2024,pc-eq-08,24.0,0.0,6937.8,111.3,320.0,2024-04-07 00:00:00
13/09/2024,PC-EQ-05 ,24.0,0.0,5137.2,101.4,240.0,2024-09-14 00:00:00
15/12/2024, PC-EQ-03,24.0,0.0,7223.0,94.0,304.0,2024-12-16 00:00:00
13/12/2024,PCEQ03,21.3,2.7,6127.2,124.9,304.0,2024-12-14 00:00:00
22/08/2024,pc-eq-01,24.0,0.0,7824.7,262.8,416.0,2024-08-22 00:00:00
23/06/2024,PCEQ07,24.0,0.0,5876.4,104.8,280.0,2024-06-24 00:00:00
12/02/2024,pc-eq-05,24.0,0.0,5239.9,71.8,240.0,2024-02-13 00:00:00
19/07/2024,PC-EQ-04 ,24.0,0.0,8178.3,210.8,368.0,2024-07-20 00:00:00
03/01/2025,PC-EQ-05 ,18.7,5.3,4120.5,59.7,240.0,2025-01-04 00:00:00
07/05/2024,PC-EQ-01 ,24.0,0.0,8915.1,169.1,416.0,2024-05-08 00:00:00
28/08/2024,PC-EQ-02 ,24.0,0.0,7487.9,234.8,344.0,2024-08-29 00:00:00
26/07/2024,PCEQ01,15.7,8.3,6104.8,213.1,416.0,2024-07-27 00:00:00
26/10/2024,PC_EQ_07,24.0,0.0,6297.0,234.3,280.0,2024-10-27 00:00:00
17/09/2024,pc-eq-09,24.0,0.0,4328.2,85.6,208.0,2024-09-18 00:00:00
25/06/2024,PC-EQ-04	,24.0,0.0,7465.8,176.1,368.0,2024-06-26 00:00:00
04/08/2024,pc-eq-08,24.0,0.0,6937.6,165.0,320.0,2024-08-05 00:00:00
25/07/2024,PC-EQ-07 ,24.0,0.0,6036.5,175.6,280.0,2024-07-26 00:00:00
19/11/2024,PC-EQ-07,24.0,0.0,5340.3,22.4,280.0,2024-11-20 00:00:00
20/10/2024,PC_EQ_03,24.0,0.0,6617.7,105.3,304.0,2024-10-21 00:00:00
29/09/2024,PC_EQ_04,24.0,,7310.4,155.8,368.0,2024-09-30 00:00:00
16/04/2024,pc-eq-02,24.0,0.0,7213.2,215.1,344.0,2024-04-17 00:00:00
06/12/2024,PC-EQ-04	,24.0,0.0,7579.9,175.1,368.0,2024-12-07 00:00:00
17/01/2025,PC-EQ-08 ,24.0,0.0,7148.5,91.2,320.0,2025-01-18 00:00:00
23/02/2024,PC-EQ-04	,24.0,0.0,7624.4,52.6,368.0,2024-02-24 00:00:00
15/08/2024,pc-eq-09,24.0,0.0,4575.8,94.7,208.0,2024-08-16 00:00:00
25/01/2024,pc-eq-02,24.0,0.0,7957.2,92.7,344.0,2024-01-26 00:00:00
10/04/2024, PC-EQ-03,13.3,10.7,3697.2,35.5,304.0,2024-04-11 00:00:00
11/02/2025,PC_EQ_10,24.0,0.0,9193.9,85.6,400.0,2025-02-12 00:00:00
19/11/2024,PC-EQ-02,24.0,0.0,7496.5,164.6,344.0,2024-11-20 00:00:00
13/06/2024,PC-EQ-10,24.0,0.0,8055.5,264.6,400.0,2024-06-14 00:00:00
30/03/2024,PC-EQ-03 ,24.0,0.0,6667.6,163.0,304.0,2024-03-31 00:00:00
28/02/2025,PC-EQ-05 ,24.0,0.0,4952.9,183.1,240.0,2025-03-01 00:00:00
12/01/2025,PC-EQ-05 ,24.0,0.0,4900.0,109.2,240.0,2025-01-13 00:00:00
25/01/2024,PCEQ05,24.0,0.0,4851.9,11.7,240.0,2024-01-25 00:00:00
11/05/2024,PC-EQ-09 ,24.0,,4710.3,100.0,208.0,2024-05-12 00:00:00
05/01/2024,pc-eq-02,24.0,0.0,7616.8,230.3,344.0,2024-01-06 00:00:00
16/02/2024,PCEQ07,24.0,0.0,5819.3,81.9,280.0,2024-02-17 00:00:00
11/05/2024,PC_EQ_01,24.0,0.0,9404.6,299.6,416.0,2024-05-12 00:00:00
28/11/2024,PC-EQ-02 ,24.0,0.0,7583.9,140.5,344.0,2024-11-29 00:00:00
30/01/2025,PC-EQ-07	,24.0,0.0,6163.2,129.3,280.0,2025-01-31 00:00:00
17/03/2024,PCEQ06,24.0,0.0,5129.1,84.8,240.0,2024-03-18 00:00:00
06/03/2024,PCEQ04,21.3,2.7,7115.4,206.8,368.0,2024-03-07 00:00:00
11/11/2024,PC_EQ_06,24.0,0.0,5781.4,89.4,240.0,2024-11-12 00:00:00
07/09/2024,pc-eq-03,24.0,0.0,6768.5,95.0,304.0,2024-09-08 00:00:00
15/06/2024,PC-EQ-10,24.0,0.0,8460.4,262.3,400.0,2024-06-16 00:00:00
14/10/2024,PCEQ09,23.1,0.9,3904.7,46.0,208.0,2024-10-15 00:00:00
17/04/2024, PC-EQ-02,24.0,,7309.9,165.0,344.0,2024-04-18 00:00:00
29/05/2024,PCEQ07,24.0,0.0,6254.3,91.9,280.0,2024-05-30 00:00:00
11/03/2024,PC_EQ_10,24.0,,8245.3,265.1,400.0,2024-03-12 00:00:00
10/10/2024,PC-EQ-02	,24.0,0.0,6833.5,181.1,344.0,2024-10-09 00:00:00
21/06/2024,PC-EQ-10	,24.0,0.0,9504.0,301.0,400.0,2024-06-22 00:00:00
02/12/2024,PCEQ03,24.0,0.0,6263.9,164.6,304.0,2024-12-03 00:00:00
14/09/2024, PC-EQ-03,24.0,0.0,6416.3,150.4,304.0,2024-09-15 00:00:00
26/02/2025,PC_EQ_06,23.1,0.9,4661.5,83.7,240.0,2025-02-27 00:00:00
11/11/2024,PC-EQ-07,24.0,0.0,6362.5,84.1,280.0,2024-11-12 00:00:00
03/09/2024,PC-EQ-03	,24.0,0.0,6134.9,207.4,304.0,2024-09-04 00:00:00
01/10/2024,PC_EQ_02,22.4,1.6,6854.7,168.3,344.0,2024-10-02 00:00:00
30/12/2024,PC-EQ-01	,24.0,0.0,9883.4,117.9,416.0,2024-12-31 00:00:00
25/10/2024, PC-EQ-03,24.0,0.0,6295.5,135.7,304.0,2024-10-26 00:00:00
28/11/2024,PC_EQ_07,24.0,0.0,6208.8,,280.0,2024-11-29 00:00:00
07/09/2024,PC_EQ_04,10.4,13.6,3363.1,78.8,368.0,2024-09-08 00:00:00
19/07/2024,PC_EQ_10,24.0,0.0,8411.7,203.8,400.0,2024-07-20 00:00:00
22/10/2024,PC-EQ-01	,21.0,3.0,7073.9,116.8,416.0,2024-10-23 00:00:00
03/03/2024,pc-eq-05,12.9,11.1,2884.2,35.7,240.0,2024-03-04 00:00:00
26/06/2024,PC-EQ-01 ,24.0,0.0,8865.4,185.4,416.0,2024-06-27 00:00:00
07/05/2024,PC-EQ-04 ,24.0,0.0,8130.0,267.6,368.0,2024-05-08 00:00:00
27/02/2025, PC-EQ-07,24.0,0.0,6421.2,169.4,280.0,2025-02-28 00:00:00
22/06/2024,PCEQ07,24.0,0.0,6230.0,148.4,280.0,2024-06-23 00:00:00
06/04/2024, PC-EQ-07,24.0,0.0,5941.7,199.2,280.0,2024-04-07 00:00:00
25/05/2024,pc-eq-07,24.0,0.0,5346.3,89.5,280.0,2024-05-26 00:00:00
26/12/2024, PC-EQ-09,24.0,0.0,4496.4,41.5,208.0,2024-12-27 00:00:00
08/01/2025,PCEQ01,24.0,,8683.7,259.7,416.0,2025-01-09 00:00:00
30/01/2025,PC_EQ_09,24.0,0.0,4245.8,50.9,208.0,2025-01-31 00:00:00
19/12/2024,PCEQ01,24.0,0.0,9040.3,279.2,416.0,2024-12-20 00:00:00
15/08/2024,PC-EQ-05 ,24.0,0.0,4775.0,103.7,240.0,2024-08-16 00:00:00
14/09/2024,PCEQ08,24.0,0.0,7340.9,238.4,320.0,2024-09-15 00:00:00
12/03/2024,PCEQ04,12.1,11.9,4401.6,47.8,368.0,2024-03-13 00:00:00
20/11/2024,PC_EQ_05,24.0,0.0,4772.4,0.0,240.0,2024-11-21 00:00:00
11/11/2024,pc-eq-02,24.0,0.0,8052.1,273.3,344.0,2024-11-12 00:00:00
23/06/2024,PC-EQ-01,24.0,0.0,9158.0,226.7,416.0,2024-06-24 00:00:00
20/03/2024,PC_EQ_02,24.0,0.0,7757.4,102.8,344.0,2024-03-21 00:00:00
26/01/2024,PC-EQ-09	,24.0,0.0,4084.1,65.5,208.0,2024-01-27 00:00:00
26/12/2024,PC_EQ_07,24.0,0.0,6354.6,145.6,280.0,2024-12-27 00:00:00
24/07/2024, PC-EQ-01,24.0,0.0,9102.1,96.1,416.0,2024-07-25 00:00:00
09/01/2024,PC_EQ_04,24.0,0.0,6755.1,147.8,368.0,2024-01-07 00:00:00
08/07/2024,pc-eq-03,24.0,0.0,6739.3,156.6,304.0,2024-07-09 00:00:00
04/11/2024,pc-eq-08,24.0,0.0,6672.0,58.9,320.0,2024-11-05 00:00:00
02/05/2024,PCEQ05,24.0,0.0,5445.9,71.7,240.0,2024-05-03 00:00:00
22/02/2024,PC-EQ-05	,24.0,0.0,5512.5,62.7,240.0,2024-02-23 00:00:00
09/12/2024,PC_EQ_02,24.0,0.0,7663.9,201.3,344.0,2024-12-10 00:00:00
05/01/2024,PC-EQ-03	,24.0,0.0,6418.3,86.7,304.0,2024-01-06 00:00:00
28/12/2024,PCEQ10,24.0,0.0,7906.2,102.5,400.0,2024-12-29 00:00:00
13/09/2024,PCEQ08,24.0,0.0,7210.5,73.8,320.0,2024-09-14 00:00:00
13/09/2024,PC-EQ-10	,23.5,0.5,8278.4,198.4,400.0,2024-09-14 00:00:00
07/10/2024,PC-EQ-01,24.0,0.0,9119.9,265.1,416.0,2024-10-08 00:00:00
10/12/2024,pc-eq-10,24.0,0.0,8489.4,120.8,400.0,2024-12-11 00:00:00
25/12/2024, PC-EQ-09,24.0,0.0,4044.6,69.5,208.0,2024-12-26 00:00:00
01/06/2024,PC-EQ-10 ,24.0,0.0,9178.3,123.4,400.0,2024-06-02 00:00:00
25/02/2024,PC-EQ-03,24.0,0.0,7102.2,147.3,304.0,2024-02-26 00:00:00
31/01/2025, PC-EQ-07,24.0,0.0,5942.3,58.8,280.0,2025-02-01 00:00:00
19/02/2025,PCEQ04,24.0,0.0,8743.7,170.8,368.0,2025-02-20 00:00:00
29/04/2024,PC-EQ-09 ,24.0,0.0,4443.0,56.2,208.0,2024-04-30 00:00:00
06/01/2025,PC-EQ-06	,24.0,0.0,5147.7,121.4,240.0,2025-01-07 00:00:00
02/04/2024,PC-EQ-10 ,22.0,2.0,8009.2,200.6,400.0,2024-04-03 00:00:00
25/06/2024,PC-EQ-10,24.0,0.0,8701.6,143.9,400.0,2024-06-26 00:00:00
04/01/2025,PC_EQ_05,24.0,0.0,4762.3,72.1,240.0,2025-01-05 00:00:00
20/12/2024,PC-EQ-10,24.0,0.0,7680.5,235.0,400.0,2024-12-21 00:00:00
26/01/2025,PC-EQ-05 ,24.0,0.0,5702.4,108.0,240.0,2025-01-27 00:00:00
25/05/2024,PC-EQ-03 ,22.3,1.7,6599.3,222.1,304.0,2024-05-26 00:00:00
09/06/2024, PC-EQ-04,24.0,0.0,7808.8,85.0,368.0,2024-06-10 00:00:00
16/03/2024,PC_EQ_10,24.0,0.0,8373.1,281.1,400.0,2024-03-17 00:00:00
07/01/2025, PC-EQ-09,24.0,0.0,3751.2,94.5,208.0,2025-01-06 00:00:00
01/05/2024,pc-eq-09,24.0,0.0,3995.5,30.2,208.0,2024-05-02 00:00:00
30/01/2025,PC-EQ-05 ,4.0,20.0,933.3,25.5,240.0,2025-01-31 00:00:00
16/05/2024,PC-EQ-10	,22.2,,8791.2,74.3,400.0,2024-05-17 00:00:00
15/01/2025,PC-EQ-01	,24.0,,8358.1,135.1,416.0,2025-01-16 00:00:00
22/01/2024,PC_EQ_08,19.0,5.0,5689.1,62.5,320.0,2024-01-23 00:00:00
21/09/2024,PCEQ04,24.0,0.0,8300.5,205.3,368.0,2024-09-22 00:00:00
06/02/2025,PC-EQ-08 ,24.0,0.0,7470.0,234.2,320.0,2025-02-07 00:00:00
06/11/2024,PC_EQ_09,24.0,0.0,4773.3,84.1,2080.0,2024-11-07 00:00:00
22/10/2024,PC-EQ-04	,24.0,0.0,7385.5,109.7,368.0,2024-10-23 00:00:00
26/07/2024,PC-EQ-09,24.0,0.0,4608.9,108.5,208.0,2024-07-27 00:00:00
01/07/2024,pc-eq-01,21.7,2.3,8847.6,158.8,416.0,2024-07-02 00:00:00
30/09/2024,PC-EQ-09	,24.0,0.0,3728.7,108.1,208.0,2024-09-29 00:00:00
22/06/2024,PC_EQ_06,24.0,0.0,5222.1,104.1,240.0,2024-06-23 00:00:00
19/09/2024,PCEQ07,24.0,0.0,5202.9,57.7,280.0,2024-09-20 00:00:00
08/03/2024,pc-eq-10,21.4,2.6,7250.3,288.5,400.0,2024-03-09 00:00:00
27/06/2024,PC-EQ-09,24.0,0.0,4049.2,82.0,208.0,2024-06-28 00:00:00
22/04/2024,PCEQ06,24.0,0.0,5290.4,77.2,240.0,2024-04-23 00:00:00
17/10/2024,PCEQ02,24.0,0.0,7945.8,118.7,344.0,2024-10-18 00:00:00
14/01/2024,PC-EQ-02,4.0,20.0,1169.5,18.9,344.0,2024-01-15 00:00:00
08/03/2024, PC-EQ-06,11.0,13.0,2384.0,52.2,240.0,2024-03-09 00:00:00
19/07/2024,pc-eq-01,24.0,0.0,8925.7,69.1,416.0,2024-07-20 00:00:00
27/02/2024,PC_EQ_05,19.6,4.4,4328.7,71.5,240.0,2024-02-28 00:00:00
04/02/2025, PC-EQ-05,24.0,0.0,5366.3,58.6,240.0,2025-02-05 00:00:00
13/08/2024,PCEQ07,24.0,0.0,6212.7,146.6,280.0,2024-08-14 00:00:00
22/03/2024,pc-eq-05,24.0,0.0,5043.7,115.3,240.0,2024-03-23 00:00:00
18/04/2024,PC-EQ-02	,24.0,0.0,7746.4,59.1,344.0,2024-04-19 00:00:00
01/05/2024,PC-EQ-02,24.0,0.0,7598.7,227.5,344.0,2024-05-02 00:00:00
21/02/2024,PC-EQ-02	,24.0,0.0,7114.4,,344.0,2024-02-22 00:00:00
04/02/2024,pc-eq-02,18.7,5.3,5578.2,50.1,344.0,2024-02-05 00:00:00
26/09/2024,pc-eq-04,14.5,9.5,4875.3,94.2,368.0,2024-09-27 00:00:00
16/02/2024,PC-EQ-05 ,24.0,0.0,5324.1,44.0,240.0,2024-02-17 00:00:00
24/05/2024,PC_EQ_05,24.0,0.0,5244.3,63.3,240.0,2024-05-25 00:00:00
05/04/2024,pc-eq-06,24.0,0.0,5416.0,82.1,240.0,2024-04-06 00:00:00
26/02/2025,pc-eq-09,24.0,0.0,4624.5,122.4,208.0,2025-02-27 00:00:00
08/11/2024,PC_EQ_03,24.0,0.0,6348.2,98.0,304.0,2024-11-09 00:00:00
13/11/2024,pc-eq-09,24.0,0.0,4656.4,27.2,208.0,2024-11-14 00:00:00
25/05/2024,PC-EQ-01	,17.7,6.3,6892.7,70.5,416.0,2024-05-26 00:00:00
30/07/2024,PC-EQ-05 ,21.0,3.0,4431.8,145.0,240.0,2024-07-31 00:00:00
05/11/2024,PC-EQ-10 ,24.0,0.0,8428.0,194.9,400.0,2024-11-06 00:00:00
18/04/2024, PC-EQ-04,20.1,3.9,7285.9,221.6,368.0,2024-04-19 00:00:00
26/08/2024,PC-EQ-04	,24.0,0.0,7425.7,109.3,368.0,2024-08-27 00:00:00
04/07/2024,PC-EQ-10	,24.0,0.0,8205.2,192.1,400.0,2024-07-05 00:00:00
16/09/2024,PC-EQ-06 ,24.0,0.0,4762.6,157.4,240.0,2024-09-15 00:00:00
18/06/2024,PC-EQ-06	,24.0,0.0,5027.7,119.2,240.0,2024-06-19 00:00:00
01/01/2024,PC-EQ-04,24.0,0.0,8076.6,29.2,368.0,2024-01-02 00:00:00
06/01/2024,PC_EQ_01,24.0,0.0,9332.7,329.1,416.0,2024-01-07 00:00:00
04/01/2024,pc-eq-01,24.0,0.0,8894.4,257.8,416.0,2024-01-05 00:00:00
10/11/2024,pc-eq-01,24.0,0.0,9030.7,109.0,416.0,2024-11-11 00:00:00
22/08/2024,PCEQ09,24.0,0.0,4235.0,123.7,208.0,2024-08-23 00:00:00
23/05/2024,PC-EQ-04 ,10.8,13.2,3499.5,102.9,368.0,2024-05-24 00:00:00
07/02/2025,PC-EQ-10 ,20.5,3.5,6592.7,112.1,400.0,2025-02-08 00:00:00
27/07/2024,PC-EQ-09 ,24.0,0.0,4467.8,74.7,208.0,2024-07-28 00:00:00
19/04/2024,PC-EQ-05	,24.0,0.0,5272.1,135.3,240.0,2024-04-20 00:00:00
11/03/2024, PC-EQ-08,24.0,0.0,7557.7,2.5,320.0,2024-03-12 00:00:00
17/01/2024, PC-EQ-10,24.0,0.0,8951.5,135.1,400.0,2024-01-18 00:00:00
21/11/2024,PC_EQ_09,24.0,0.0,4799.7,76.3,2080.0,2024-11-22 00:00:00
12/07/2024,pc-eq-07,24.0,,6472.9,124.6,280.0,2024-07-13 00:00:00
19/01/2024,PC-EQ-04,24.0,0.0,7477.1,186.5,368.0,2024-01-20 00:00:00
12/09/2024,pc-eq-06,24.0,0.0,5022.5,113.1,240.0,2024-09-13 00:00:00
20/06/2024,PC-EQ-02 ,24.0,0.0,7415.3,88.9,344.0,2024-06-21 00:00:00
07/01/2025,PC-EQ-01 ,24.0,0.0,9884.2,274.8,416.0,2025-01-08 00:00:00
23/03/2024,PCEQ03,24.0,0.0,6785.0,229.6,304.0,2024-03-24 00:00:00
17/09/2024,PC-EQ-02,24.0,0.0,6880.6,85.3,344.0,2024-09-18 00:00:00
10/11/2024,PC-EQ-03 ,24.0,0.0,6526.7,86.9,304.0,2024-11-11 00:00:00
24/12/2024,PC-EQ-04 ,18.2,5.8,6178.6,136.0,368.0,2024-12-25 00:00:00
09/01/2024,PCEQ10,24.0,0.0,7897.3,267.0,400.0,2024-01-10 00:00:00
04/09/2024,PC_EQ_03,24.0,0.0,7114.5,137.4,304.0,2024-09-05 00:00:00
24/04/2024, PC-EQ-01,24.0,0.0,8882.5,300.0,416.0,2024-04-25 00:00:00
08/01/2024,PC-EQ-10	,24.0,0.0,8862.0,86.5,400.0,2024-01-09 00:00:00
05/11/2024,PC-EQ-01,24.0,0.0,9521.0,270.6,416.0,2024-11-06 00:00:00
06/09/2024,PC-EQ-03	,24.0,0.0,6267.6,190.1,304.0,2024-09-07 00:00:00
25/03/2024,pc-eq-02,4.0,20.0,1265.2,39.3,344.0,2024-03-26 00:00:00
15/11/2024,pc-eq-03,24.0,0.0,7083.4,211.2,304.0,2024-11-16 00:00:00
06/05/2024,PC-EQ-07,20.8,3.2,5107.2,72.9,280.0,2024-05-07 00:00:00
23/06/2024,PC-EQ-06 ,24.0,0.0,5027.9,88.2,240.0,2024-06-24 00:00:00
09/12/2024,PC-EQ-10,15.8,8.2,5656.7,54.2,400.0,2024-12-10 00:00:00
30/07/2024,pc-eq-04,24.0,0.0,8742.4,337.6,368.0,2024-07-31 00:00:00
23/09/2024,PC-EQ-10	,24.0,0.0,9089.4,313.9,400.0,2024-09-24 00:00:00
27/01/2024,PC-EQ-05,24.0,0.0,5702.4,198.6,240.0,2024-01-28 00:00:00
07/08/2024,PC-EQ-05	,24.0,0.0,4995.3,96.9,240.0,2024-08-08 00:00:00
06/07/2024,PC_EQ_07,24.0,0.0,5429.5,111.3,280.0,2024-07-07 00:00:00
25/01/2025,PCEQ08,16.3,7.7,4719.0,119.7,320.0,2025-01-26 00:00:00
03/12/2024,PC-EQ-05 ,24.0,0.0,4568.3,30.1,240.0,2024-12-04 00:00:00
20/08/2024,PC-EQ-05 ,8.1,15.9,1792.7,43.1,240.0,2024-08-21 00:00:00
11/07/2024, PC-EQ-03,24.0,0.0,6640.4,,304.0,2024-07-12 00:00:00
31/08/2024,PC-EQ-03	,22.2,1.8,6561.8,152.4,304.0,2024-09-01 00:00:00
04/11/2024,PC-EQ-09	,24.0,0.0,4379.7,112.8,208.0,2024-11-05 00:00:00
23/12/2024,pc-eq-06,24.0,0.0,4760.3,50.7,240.0,2024-12-22 00:00:00
24/03/2024,PC-EQ-02,24.0,0.0,7806.5,232.2,344.0,2024-03-25 00:00:00
05/03/2024,PC-EQ-10 ,24.0,0.0,8859.8,190.5,400.0,2024-05-04 00:00:00
15/10/2024,PC_EQ_08,22.9,1.1,6722.5,176.3,320.0,2024-10-16 00:00:00
06/12/2024,PCEQ05,24.0,0.0,5565.1,199.6,240.0,2024-12-07 00:00:00
08/09/2024,PC-EQ-05,4.4,19.6,1044.6,20.8,240.0,2024-09-09 00:00:00
14/08/2024,pc-eq-09,24.0,0.0,4552.2,112.7,208.0,2024-08-15 00:00:00
11/05/2024,pc-eq-06,24.0,,4494.3,111.1,240.0,2024-05-12 00:00:00
29/12/2024,PCEQ09,24.0,0.0,4653.7,72.0,208.0,2024-12-30 00:00:00
25/01/2024,PC-EQ-03 ,24.0,0.0,6579.0,141.9,304.0,2024-01-26 00:00:00
24/09/2024,PC-EQ-06	,24.0,0.0,5501.8,73.7,240.0,2024-09-25 00:00:00
05/10/2024,PCEQ01,24.0,0.0,8791.3,144.2,416.0,2024-10-06 00:00:00
13/10/2024,PC-EQ-04	,22.7,1.3,7712.7,120.6,368.0,2024-10-14 00:00:00
20/06/2024,PC-EQ-10 ,18.1,5.9,6658.8,51.9,400.0,2024-06-21 00:00:00
20/05/2024,PCEQ05,24.0,0.0,5101.8,100.6,240.0,2024-05-21 00:00:00
13/03/2024,PCEQ08,24.0,0.0,7280.3,203.8,320.0,2024-03-14 00:00:00
26/06/2024,PC-EQ-08 ,6.9,17.1,1903.3,50.7,320.0,2024-06-27 00:00:00
26/11/2024,PC-EQ-07	,24.0,0.0,5732.9,194.2,280.0,2024-11-27 00:00:00
15/05/2024,PC-EQ-01	,24.0,0.0,9884.2,130.5,416.0,2024-05-16 00:00:00
29/08/2024,PCEQ05,24.0,0.0,5323.1,184.5,240.0,2024-08-30 00:00:00
31/01/2024,PC_EQ_07,24.0,0.0,6000.8,122.9,280.0,2024-02-01 00:00:00
24/12/2024, PC-EQ-08,24.0,0.0,7090.3,238.4,320.0,2024-12-25 00:00:00
29/01/2025,PCEQ10,20.6,3.4,7725.9,117.0,400.0,2025-01-30 00:00:00
16/12/2024,PC-EQ-07	,24.0,0.0,5848.5,141.4,280.0,2024-12-17 00:00:00
13/12/2024,PC_EQ_06,24.0,0.0,5131.9,125.5,240.0,2024-12-14 00:00:00
28/07/2024,PC-EQ-01,24.0,0.0,9243.1,78.0,416.0,2024-07-29 00:00:00
28/05/2024, PC-EQ-06,15.5,8.5,3682.8,77.8,240.0,2024-05-29 00:00:00
23/01/2025,PC_EQ_07,24.0,0.0,6416.3,102.2,280.0,2025-01-24 00:00:00
02/07/2024,PCEQ06,24.0,0.0,5582.9,190.7,240.0,2024-07-03 00:00:00
05/09/2024,pc-eq-09,24.0,0.0,4942.1,140.6,208.0,2024-09-06 00:00:00
08/12/2024,PC-EQ-06,24.0,0.0,5446.6,63.1,240.0,2024-12-09 00:00:00
11/02/2025, PC-EQ-04,21.2,2.8,7614.3,153.1,368.0,2025-02-12 00:00:00
21/11/2024,PCEQ03,16.4,7.6,4498.5,122.1,304.0,2024-11-22 00:00:00
13/02/2024,PC_EQ_05,24.0,0.0,4788.3,98.1,240.0,2024-02-14 00:00:00
21/01/2025,PC-EQ-03,24.0,0.0,6460.6,136.1,304.0,2025-01-22 00:00:00
17/02/2025,PC-EQ-08	,24.0,0.0,7055.3,250.9,320.0,2025-02-18 00:00:00
23/07/2024,PC-EQ-04 ,24.0,0.0,7922.3,267.9,368.0,2024-07-24 00:00:00
13/02/2024,PC-EQ-07 ,24.0,0.0,6607.9,181.6,280.0,2024-02-14 00:00:00
22/01/2024,pc-eq-04,24.0,0.0,8311.2,27.8,368.0,2024-01-23 00:00:00
20/01/2025,PC-EQ-07,24.0,0.0,5772.0,,280.0,2025-01-21 00:00:00
14/06/2024,PC-EQ-05	,24.0,0.0,4905.7,128.8,240.0,2024-06-15 00:00:00
14/01/2025,PC-EQ-07,18.8,5.2,4993.2,47.5,280.0,2025-01-15 00:00:00
09/06/2024,PC-EQ-03 ,24.0,0.0,5964.9,49.9,304.0,2024-06-10 00:00:00
14/02/2025,PC-EQ-07,24.0,0.0,6058.6,137.7,280.0,2025-02-15 00:00:00
22/07/2024,PCEQ10,18.4,5.6,6802.0,115.4,400.0,2024-07-23 00:00:00
29/07/2024,PC-EQ-10 ,24.0,0.0,8036.4,165.2,400.0,2024-07-30 00:00:00
28/07/2024,pc-eq-07,16.7,7.3,4393.8,35.5,280.0,2024-07-29 00:00:00
19/09/2024,PC-EQ-02	,24.0,0.0,7789.0,72.9,344.0,2024-09-20 00:00:00
18/01/2024,PC-EQ-06	,19.6,4.4,4304.1,69.7,240.0,2024-01-19 00:00:00
28/03/2024,PC-EQ-06	,20.0,4.0,4306.2,,240.0,2024-03-29 00:00:00
11/01/2024, PC-EQ-10,24.0,0.0,8599.2,110.2,400.0,2024-01-12 00:00:00
12/05/2024,PC-EQ-01	,24.0,0.0,9611.5,186.0,416.0,2024-05-13 00:00:00
13/10/2024,pc-eq-06,24.0,0.0,5219.2,110.3,240.0,2024-10-14 00:00:00
13/02/2024,PC-EQ-08 ,24.0,0.0,6628.3,97.8,320.0,2024-02-14 00:00:00
24/05/2024,PC_EQ_04,24.0,0.0,8128.3,135.2,368.0,2024-05-25 00:00:00
22/10/2024,PC_EQ_09,24.0,,4262.9,87.2,208.0,2024-10-23 00:00:00
12/08/2024,PCEQ02,21.8,2.2,6661.2,,344.0,2024-08-13 00:00:00
01/08/2024,pc-eq-04,24.0,0.0,7797.7,189.3,368.0,2024-08-02 00:00:00
17/11/2024, PC-EQ-09,24.0,0.0,4484.4,120.2,208.0,2024-11-18 00:00:00
07/12/2024,PC-EQ-10 ,24.0,0.0,9083.5,229.7,400.0,2024-12-08 00:00:00
27/02/2024, PC-EQ-09,24.0,0.0,4468.9,107.7,208.0,2024-02-28 00:00:00
31/03/2024,PC_EQ_08,19.3,4.7,5652.2,24.5,320.0,2024-04-01 00:00:00
28/11/2024,PC_EQ_10,24.0,0.0,8847.0,186.4,400.0,2024-11-29 00:00:00
30/11/2024,PC_EQ_01,24.0,0.0,8239.2,224.0,416.0,2024-12-01 00:00:00
06/11/2024,PC-EQ-10 ,22.7,1.3,7826.3,63.9,400.0,2024-11-07 00:00:00
10/10/2024,PCEQ07,24.0,0.0,5595.4,88.2,280.0,2024-10-11 00:00:00
30/04/2024,PC-EQ-04,6.0,18.0,2103.1,32.0,368.0,2024-05-01 00:00:00
16/09/2024,PC-EQ-07	,15.6,8.4,4052.6,49.5,280.0,2024-09-17 00:00:00
17/02/2025,PC-EQ-07,24.0,0.0,6144.3,55.5,280.0,2025-02-18 00:00:00
05/11/2024,pc-eq-06,24.0,0.0,5235.7,163.0,240.0,2024-11-06 00:00:00
19/10/2024,PC-EQ-02 ,23.0,1.0,6868.9,98.7,344.0,2024-10-20 00:00:00
07/05/2024,PC-EQ-09	,24.0,0.0,4253.6,125.9,208.0,2024-05-08 00:00:00
24/11/2024,PC-EQ-04	,24.0,0.0,7886.2,127.6,368.0,2024-11-25 00:00:00
19/03/2024,PCEQ05,6.2,,1379.3,18.1,240.0,2024-03-20 00:00:00
30/10/2024,PC-EQ-07	,24.0,0.0,5818.5,143.6,280.0,2024-10-31 00:00:00
11/08/2024, PC-EQ-04,24.0,0.0,7426.2,182.4,368.0,2024-08-12 00:00:00
15/06/2024,PC-EQ-02	,24.0,0.0,7459.2,136.8,344.0,2024-06-16 00:00:00
29/01/2024, PC-EQ-10,13.8,,5117.0,103.1,400.0,2024-01-30 00:00:00
14/02/2024,PC-EQ-09 ,24.0,0.0,4778.7,60.5,208.0,2024-02-15 00:00:00
10/10/2024, PC-EQ-08,24.0,0.0,6527.5,159.1,320.0,2024-10-11 00:00:00
14/06/2024,PC_EQ_08,11.4,,3105.0,86.9,320.0,2024-06-15 00:00:00
17/06/2024,PC-EQ-09 ,24.0,0.0,4139.4,54.6,208.0,2024-06-18 00:00:00
12/09/2024,PC-EQ-05,24.0,0.0,4600.0,108.6,240.0,2024-09-13 00:00:00
19/01/2025,PC-EQ-10	,24.0,0.0,8904.9,188.3,400.0,2025-01-20 00:00:00
16/01/2025, PC-EQ-04,24.0,0.0,7570.3,140.3,368.0,2025-01-17 00:00:00
27/05/2024,PC-EQ-05,13.2,10.8,2786.0,,240.0,2024-05-28 00:00:00
01/01/2024,PC-EQ-06,24.0,0.0,5028.5,38.2,240.0,2024-01-02 00:00:00
09/03/2024,pc-eq-07,24.0,0.0,5569.6,110.5,280.0,2024-03-10 00:00:00
16/06/2024,pc-eq-03,24.0,0.0,5942.1,79.8,304.0,2024-06-15 00:00:00
11/03/2024,PCEQ03,24.0,0.0,6392.0,158.6,304.0,2024-03-12 00:00:00
08/10/2024,PC-EQ-04 ,24.0,0.0,7497.8,92.8,368.0,2024-10-09 00:00:00
10/02/2025,PC_EQ_06,24.0,0.0,5281.1,127.0,240.0,2025-02-11 00:00:00
23/01/2024, PC-EQ-03,24.0,0.0,6667.9,124.2,304.0,2024-01-24 00:00:00
18/01/2024,PC-EQ-05,24.0,0.0,5702.4,174.4,240.0,2024-01-19 00:00:00
15/11/2024,PC-EQ-02 ,19.0,5.0,5709.1,110.3,344.0,2024-11-16 00:00:00
04/11/2024,PC-EQ-01	,24.0,,8761.9,142.9,416.0,2024-11-05 00:00:00
26/02/2025,PC-EQ-07 ,24.0,0.0,6354.2,52.0,280.0,2025-02-27 00:00:00
07/03/2024,PC-EQ-03 ,24.0,0.0,6327.1,142.7,304.0,2024-03-08 00:00:00
14/12/2024,PC-EQ-01	,24.0,0.0,9819.4,217.1,416.0,2024-12-15 00:00:00
21/01/2025,PCEQ08,21.3,2.7,6375.0,168.5,320.0,2025-01-22 00:00:00
09/10/2024,pc-eq-01,24.0,0.0,8854.0,,416.0,2024-10-10 00:00:00
13/02/2024,PC-EQ-02	,24.0,0.0,7024.2,144.0,344.0,2024-02-14 00:00:00
24/06/2024,pc-eq-02,24.0,0.0,6990.4,138.7,344.0,2024-06-23 00:00:00
31/05/2024,PC-EQ-09 ,24.0,0.0,4936.0,44.3,208.0,2024-06-01 00:00:00
03/08/2024,PC-EQ-09,12.6,11.4,2294.8,67.8,208.0,2024-08-04 00:00:00
24/06/2024,PC-EQ-01 ,16.4,7.6,6560.1,187.3,416.0,2024-06-25 00:00:00
29/12/2024,PC-EQ-03	,24.0,0.0,6635.3,73.2,304.0,2024-12-30 00:00:00
06/08/2024,PCEQ02,24.0,0.0,7313.5,129.2,344.0,2024-08-07 00:00:00
17/11/2024,PC-EQ-07 ,24.0,0.0,6523.7,156.3,280.0,2024-11-18 00:00:00
24/02/2024,PC_EQ_10,24.0,0.0,9005.1,204.2,400.0,2024-02-25 00:00:00
02/07/2024,PC-EQ-05,24.0,0.0,5159.9,67.5,240.0,2024-07-03 00:00:00
01/02/2024,PC-EQ-08 ,24.0,0.0,6959.5,166.9,320.0,2024-02-02 00:00:00
20/02/2024,PC-EQ-06 ,24.0,0.0,5331.8,7.6,240.0,2024-02-21 00:00:00
05/08/2024,PC-EQ-09 ,24.0,0.0,4460.9,120.7,208.0,2024-08-06 00:00:00
20/07/2024,PC-EQ-10,24.0,0.0,8426.6,289.1,400.0,2024-07-21 00:00:00
27/08/2024,PC_EQ_02,24.0,0.0,7639.9,174.9,344.0,2024-08-28 00:00:00
26/11/2024,PC-EQ-08	,21.8,2.2,6254.0,3.4,320.0,2024-11-27 00:00:00
13/11/2024,PC-EQ-06	,24.0,0.0,5535.3,90.2,240.0,2024-11-14 00:00:00
08/05/2024, PC-EQ-03,24.0,0.0,6701.1,117.1,304.0,2024-05-09 00:00:00
11/03/2024,PCEQ02,24.0,0.0,6900.6,158.7,344.0,2024-03-12 00:00:00
21/03/2024,PC-EQ-02 ,24.0,0.0,7070.2,75.3,344.0,2024-03-22 00:00:00
25/07/2024,pc-eq-09,24.0,0.0,4586.6,21.0,208.0,2024-07-26 00:00:00
04/01/2024,PC-EQ-09	,24.0,0.0,4505.7,168.7,208.0,2024-01-05 00:00:00
19/03/2024, PC-EQ-07,24.0,0.0,6050.4,72.2,280.0,2024-03-20 00:00:00
06/01/2025, PC-EQ-08,24.0,0.0,6667.9,120.6,320.0,2025-01-07 00:00:00
30/01/2025,PC_EQ_10,24.0,0.0,8588.8,296.1,400.0,2025-01-31 00:00:00
05/02/2024,PC-EQ-08,24.0,0.0,7603.2,176.5,320.0,2024-02-06 00:00:00
04/03/2024,PC-EQ-05 ,24.0,,5212.7,94.6,240.0,2024-03-05 00:00:00
24/09/2024,pc-eq-05,17.3,6.7,3822.7,121.9,240.0,2024-09-25 00:00:00
06/10/2024,PC-EQ-07,24.0,0.0,5913.7,104.8,280.0,2024-10-07 00:00:00
24/06/2024, PC-EQ-07,24.0,0.0,6358.7,190.1,280.0,2024-06-25 00:00:00
28/05/2024,PC_EQ_10,24.0,0.0,8583.5,102.2,400.0,2024-05-29 00:00:00
11/01/2024, PC-EQ-01,21.2,2.8,8668.2,176.5,416.0,2024-01-12 00:00:00
20/02/2025,PC-EQ-03	,10.9,13.1,2793.1,50.5,304.0,2025-02-21 00:00:00
04/10/2024,PC-EQ-10	,24.0,0.0,8859.9,106.8,400.0,2024-10-05 00:00:00
19/01/2024,PC-EQ-10	,24.0,0.0,9012.1,118.5,400.0,2024-01-20 00:00:00
02/01/2025, PC-EQ-08,18.6,5.4,4851.3,119.3,320.0,2025-01-03 00:00:00
26/06/2024, PC-EQ-09,16.0,8.0,2980.4,54.6,208.0,2024-06-27 00:00:00
17/08/2024,PC-EQ-01 ,24.0,0.0,9226.6,126.2,416.0,2024-08-18 00:00:00
29/12/2024,PC-EQ-02,24.0,0.0,7431.5,143.7,344.0,2024-12-30 00:00:00
16/04/2024,PC-EQ-06,24.0,0.0,5554.5,123.2,240.0,2024-04-17 00:00:00
14/12/2024, PC-EQ-07,24.0,0.0,5900.8,129.1,280.0,2024-12-15 00:00:00
07/01/2024,PC-EQ-02 ,24.0,0.0,7608.1,158.7,344.0,2024-01-08 00:00:00
27/12/2024,PC-EQ-06,21.1,2.9,4703.5,131.2,240.0,2024-12-28 00:00:00
05/06/2024,PCEQ05,24.0,0.0,5324.1,92.8,240.0,2024-06-06 00:00:00
23/01/2024,PC-EQ-07,24.0,0.0,5607.4,101.5,280.0,2024-01-24 00:00:00
24/07/2024,pc-eq-06,24.0,0.0,5173.5,94.5,240.0,2024-07-25 00:00:00
15/05/2024,PC-EQ-07 ,24.0,0.0,6031.8,146.9,280.0,2024-05-16 00:00:00
25/05/2024,pc-eq-02,24.0,0.0,7500.5,47.2,344.0,2024-05-26 00:00:00
16/11/2024,PC-EQ-07,24.0,0.0,6299.8,86.7,280.0,2024-11-17 00:00:00
20/07/2024, PC-EQ-02,24.0,0.0,7339.8,168.1,344.0,2024-07-21 00:00:00
15/02/2025, PC-EQ-09,24.0,0.0,4476.6,89.8,208.0,2025-02-16 00:00:00
23/02/2024, PC-EQ-01,18.5,5.5,7266.9,156.2,416.0,2024-02-24 00:00:00
05/01/2025,pc-eq-02,24.0,0.0,7514.2,153.7,344.0,2025-01-06 00:00:00
13/12/2024,PC-EQ-09,24.0,0.0,3853.4,53.3,208.0,2024-12-13 00:00:00
01/07/2024,PC-EQ-07,24.0,0.0,5885.6,113.4,280.0,2024-07-02 00:00:00
04/12/2024,PC-EQ-06 ,24.0,,5462.9,126.2,240.0,2024-12-05 00:00:00
28/02/2024,PCEQ03,24.0,0.0,6841.5,165.1,304.0,2024-02-29 00:00:00
26/05/2024,PC_EQ_01,24.0,0.0,9707.3,,416.0,2024-05-27 00:00:00
10/01/2024,PC-EQ-08 ,24.0,0.0,6730.4,198.3,320.0,2024-01-11 00:00:00
28/05/2024,PC-EQ-04,24.0,0.0,7580.7,198.6,368.0,2024-05-29 00:00:00
30/10/2024,PC-EQ-02	,24.0,0.0,8173.4,226.1,344.0,2024-10-31 00:00:00
21/12/2024,PC_EQ_06,24.0,0.0,5518.5,120.7,240.0,2024-12-22 00:00:00
04/12/2024,PCEQ04,16.7,7.3,5175.8,78.4,368.0,2024-12-05 00:00:00
30/01/2024, PC-EQ-08,7.5,16.5,2327.4,48.6,320.0,2024-01-31 00:00:00
09/09/2024,PC-EQ-06 ,18.2,5.8,3655.5,91.4,240.0,2024-09-10 00:00:00
01/11/2024,PC-EQ-01 ,24.0,0.0,9358.6,360.2,416.0,2024-11-02 00:00:00
19/04/2024,PC-EQ-09	,24.0,0.0,4304.4,56.6,208.0,2024-04-20 00:00:00
08/04/2024,PCEQ07,20.0,4.0,5113.3,119.1,280.0,2024-04-09 00:00:00
06/02/2025,PC-EQ-03 ,21.6,2.4,6232.7,186.9,304.0,2025-02-07 00:00:00
15/10/2024,PC-EQ-05,24.0,0.0,5263.4,177.4,240.0,2024-10-16 00:00:00
22/05/2024,PC_EQ_04,24.0,0.0,6992.3,6.0,368.0,2024-05-23 00:00:00
24/09/2024,PC-EQ-10 ,24.0,0.0,8986.1,219.4,400.0,2024-09-25 00:00:00
22/08/2024,PCEQ03,19.3,4.7,5612.6,83.8,304.0,2024-08-23 00:00:00
25/08/2024,PC-EQ-05,24.0,0.0,4928.0,171.2,240.0,2024-08-26 00:00:00
17/01/2025,PC_EQ_06,22.8,1.2,4693.6,116.8,240.0,2025-01-16 00:00:00
05/06/2024,PC-EQ-04 ,4.0,20.0,1318.2,37.0,368.0,2024-06-06 00:00:00
15/08/2024,PC-EQ-02	,24.0,0.0,7361.9,217.9,344.0,2024-08-16 00:00:00
16/08/2024,PCEQ01,24.0,0.0,9505.5,166.9,416.0,2024-08-17 00:00:00
19/08/2024,PC-EQ-01	,19.5,4.5,7002.7,148.2,416.0,2024-08-20 00:00:00
16/08/2024,pc-eq-06,24.0,0.0,4910.9,131.5,240.0,2024-08-17 00:00:00
27/01/2024,PC-EQ-08	,24.0,0.0,6969.7,182.0,320.0,2024-01-28 00:00:00
03/02/2025,PC-EQ-02,24.0,0.0,7232.7,104.3,344.0,2025-02-04 00:00:00
23/01/2024,PCEQ04,24.0,0.0,8306.4,219.9,368.0,2024-01-24 00:00:00
20/11/2024,PC-EQ-01	,22.2,1.8,9142.8,116.5,416.0,2024-11-21 00:00:00
01/05/2024, PC-EQ-08,24.0,0.0,6910.7,196.4,320.0,2024-05-02 00:00:00
31/01/2024,PC-EQ-02	,24.0,0.0,7640.3,203.3,344.0,2024-02-01 00:00:00
07/02/2024,PC-EQ-04,24.0,0.0,7841.7,164.9,368.0,2024-02-08 00:00:00
30/07/2024,PC_EQ_06,24.0,0.0,5414.2,83.4,240.0,2024-07-31 00:00:00
09/02/2025,PC-EQ-10,24.0,0.0,8999.7,130.4,400.0,2025-02-10 00:00:00
19/02/2025,PC-EQ-09	,21.7,2.3,4346.5,147.1,208.0,2025-02-20 00:00:00
28/07/2024,PC-EQ-06	,11.1,12.9,2392.1,31.2,240.0,2024-07-29 00:00:00
04/08/2024, PC-EQ-02,24.0,0.0,7795.1,105.8,344.0,2024-08-05 00:00:00
26/11/2024, PC-EQ-05,23.5,0.5,4766.6,122.9,240.0,2024-11-27 00:00:00
19/10/2024,pc-eq-05,11.5,12.5,2274.0,6.5,240.0,2024-10-20 00:00:00
06/02/2025, PC-EQ-10,23.5,0.5,8238.5,111.8,400.0,2025-02-07 00:00:00
24/04/2024,PC-EQ-10	,16.4,7.6,5435.2,76.0,400.0,2024-04-25 00:00:00
27/01/2024, PC-EQ-03,24.0,0.0,6146.3,76.7,304.0,2024-01-28 00:00:00
05/07/2024,PC_EQ_02,9.1,14.9,2877.2,96.3,344.0,2024-07-06 00:00:00
22/01/2025,PCEQ03,24.0,0.0,6809.3,211.8,304.0,2025-01-23 00:00:00
05/09/2024,PC-EQ-07,24.0,0.0,5347.8,106.1,280.0,2024-09-06 00:00:00
22/02/2025,pc-eq-01,5.7,18.3,2175.1,44.5,416.0,2025-02-23 00:00:00
28/11/2024,PC-EQ-05 ,24.0,0.0,4929.3,89.3,240.0,2024-11-29 00:00:00
24/08/2024,PC-EQ-08,24.0,0.0,6516.6,72.5,320.0,2024-08-25 00:00:00
04/09/2024,PC-EQ-06,24.0,0.0,5176.9,45.4,240.0,2024-09-05 00:00:00
11/04/2024, PC-EQ-10,24.0,0.0,8409.0,171.5,400.0,2024-04-12 00:00:00
31/10/2024,PCEQ08,15.0,9.0,4199.6,146.2,320.0,2024-11-01 00:00:00
22/06/2024,PC_EQ_02,24.0,0.0,6919.2,74.7,344.0,2024-06-21 00:00:00
07/08/2024,PC-EQ-06	,24.0,0.0,5132.8,172.3,240.0,2024-08-08 00:00:00
13/01/2025,PC-EQ-09,18.8,5.2,3653.3,90.3,208.0,2025-01-14 00:00:00
29/01/2025, PC-EQ-04,24.0,0.0,7904.2,151.4,368.0,2025-01-30 00:00:00
26/07/2024,PC-EQ-08	,24.0,0.0,6978.4,223.7,320.0,2024-07-27 00:00:00
30/01/2025,PC-EQ-01 ,15.4,8.6,5632.7,94.5,416.0,2025-01-31 00:00:00
13/08/2024,PCEQ05,24.0,0.0,4981.6,126.3,240.0,2024-08-14 00:00:00
08/04/2024,PC-EQ-01 ,21.5,2.5,7866.1,80.3,416.0,2024-04-09 00:00:00
28/06/2024,pc-eq-08,24.0,0.0,7148.2,129.7,320.0,2024-06-29 00:00:00
22/07/2024,PC_EQ_01,24.0,0.0,8420.7,134.0,416.0,2024-07-23 00:00:00
04/04/2024,PC-EQ-01,24.0,0.0,9242.4,141.6,416.0,2024-04-05 00:00:00
08/04/2024,PC-EQ-06 ,24.0,0.0,5026.4,127.2,240.0,2024-04-09 00:00:00
28/12/2024,PC-EQ-09,22.3,1.7,3695.1,81.5,208.0,2024-12-29 00:00:00
14/08/2024, PC-EQ-07,16.2,7.8,4110.9,59.7,280.0,2024-08-15 00:00:00
14/07/2024,PC_EQ_04,18.8,5.2,6292.9,106.4,368.0,2024-07-15 00:00:00
27/11/2024,PC-EQ-03,24.0,0.0,7139.0,152.3,304.0,2024-11-28 00:00:00
16/12/2024,PC-EQ-10	,24.0,0.0,7624.3,140.0,400.0,2024-12-16 00:00:00
11/09/2024,PC-EQ-05	,24.0,0.0,5140.9,101.1,240.0,2024-09-12 00:00:00
28/02/2024,PC-EQ-10	,24.0,0.0,8762.3,257.8,400.0,2024-02-29 00:00:00
28/02/2025, PC-EQ-03,24.0,0.0,6758.7,136.6,304.0,2025-03-01 00:00:00
05/03/2024,PC-EQ-10 ,24.0,0.0,7548.2,190.5,400.0,2024-05-03 00:00:00
26/02/2025,pc-eq-04,24.0,0.0,7255.2,198.4,368.0,2025-02-27 00:00:00
14/04/2024, PC-EQ-09,24.0,0.0,4829.3,58.8,208.0,2024-04-15 00:00:00
16/06/2024,PC-EQ-04 ,22.8,1.2,6923.3,158.4,368.0,2024-06-17 00:00:00
31/08/2024,PC-EQ-05	,12.8,11.2,2767.8,92.3,240.0,2024-09-01 00:00:00
03/01/2024,PC_EQ_05,24.0,0.0,5158.6,,240.0,2024-01-04 00:00:00
23/06/2024,PC-EQ-05,24.0,,5501.2,122.6,240.0,2024-06-24 00:00:00
30/07/2024,PC-EQ-10,24.0,0.0,8380.6,188.6,400.0,2024-07-31 00:00:00
23/06/2024,PC-EQ-02	,21.4,2.6,6388.9,205.6,344.0,2024-06-24 00:00:00
29/11/2024,PC-EQ-06,24.0,0.0,5284.5,62.1,240.0,2024-11-30 00:00:00
25/02/2025,pc-eq-08,24.0,0.0,7039.4,125.2,320.0,2025-02-26 00:00:00
04/12/2024,PC_EQ_09,24.0,0.0,4284.4,60.7,208.0,2024-12-05 00:00:00
06/10/2024,PC-EQ-04,24.0,0.0,7724.6,122.7,368.0,2024-10-07 00:00:00
21/01/2024,PCEQ03,22.5,1.5,6145.8,146.5,304.0,2024-01-22 00:00:00
21/02/2024, PC-EQ-06,24.0,0.0,4994.2,120.9,240.0,2024-02-22 00:00:00
15/05/2024,PC-EQ-08,24.0,0.0,6327.7,135.8,320.0,2024-05-14 00:00:00
13/01/2024,PC-EQ-08 ,24.0,0.0,6108.3,92.0,320.0,2024-01-14 00:00:00
22/12/2024,PCEQ10,24.0,0.0,8776.2,225.7,400.0,2024-12-23 00:00:00
03/09/2024,PC-EQ-07 ,24.0,0.0,6521.9,131.1,280.0,2024-09-04 00:00:00
18/02/2024,pc-eq-03,18.8,5.2,5658.0,115.0,304.0,2024-02-19 00:00:00
03/12/2024,PC-EQ-02,24.0,0.0,7194.2,227.2,344.0,2024-12-04 00:00:00
19/02/2024,PC-EQ-10 ,24.0,0.0,9134.8,172.5,400.0,2024-02-20 00:00:00
04/07/2024,PC_EQ_03,24.0,0.0,6614.4,114.7,304.0,2024-07-05 00:00:00
04/08/2024,PC-EQ-03	,23.5,0.5,6175.8,140.0,304.0,2024-08-05 00:00:00
05/11/2024,PCEQ09,24.0,0.0,4476.5,14.8,2080.0,2024-11-06 00:00:00
02/01/2025,PC-EQ-09	,24.0,0.0,4005.6,99.6,208.0,2025-01-01 00:00:00
28/04/2024, PC-EQ-04,24.0,0.0,7651.6,112.8,368.0,2024-04-29 00:00:00
25/02/2024, PC-EQ-08,4.0,20.0,1119.7,24.2,320.0,2024-02-26 00:00:00
27/01/2024,PC-EQ-07	,24.0,0.0,5709.6,114.6,280.0,2024-01-28 00:00:00
08/09/2024,PCEQ03,24.0,0.0,6261.2,84.5,304.0,2024-09-09 00:00:00
08/09/2024,PC_EQ_07,24.0,0.0,6042.1,93.0,280.0,2024-09-09 00:00:00
27/02/2024,PCEQ01,24.0,0.0,8926.6,176.3,416.0,2024-02-28 00:00:00
07/04/2024,PC-EQ-01	,24.0,0.0,9015.2,288.8,416.0,2024-04-08 00:00:00
10/02/2024,PC-EQ-10	,24.0,0.0,8664.0,98.6,400.0,2024-02-11 00:00:00
31/03/2024,PC-EQ-04	,22.1,1.9,6742.0,214.9,368.0,2024-03-30 00:00:00
06/08/2024,PC-EQ-07	,24.0,0.0,6510.7,197.6,280.0,2024-08-07 00:00:00
29/06/2024,PCEQ03,24.0,0.0,6561.5,71.6,304.0,2024-06-30 00:00:00
19/12/2024, PC-EQ-02,21.8,2.2,6432.6,52.0,344.0,2024-12-20 00:00:00
10/12/2024,PC-EQ-09 ,24.0,0.0,4478.8,87.9,208.0,2024-12-11 00:00:00
22/12/2024, PC-EQ-08,24.0,0.0,7116.7,193.6,320.0,2024-12-23 00:00:00
15/01/2025,PC-EQ-03,24.0,0.0,6152.0,161.4,304.0,2025-01-16 00:00:00
12/01/2024,PCEQ07,24.0,0.0,6459.6,134.7,280.0,2024-01-13 00:00:00
10/08/2024,pc-eq-07,24.0,0.0,5827.3,176.5,280.0,2024-08-11 00:00:00
19/02/2024,PC_EQ_06,24.0,0.0,5153.7,46.9,240.0,2024-02-20 00:00:00
26/05/2024,PC_EQ_05,24.0,0.0,5188.6,120.1,240.0,2024-05-27 00:00:00
27/04/2024,pc-eq-05,16.7,7.3,3395.1,97.4,240.0,2024-04-28 00:00:00
21/04/2024,PC-EQ-02,24.0,0.0,7129.6,134.3,344.0,2024-04-22 00:00:00
08/03/2024,PC-EQ-04 ,24.0,0.0,6979.3,214.5,368.0,2024-03-07 00:00:00
04/03/2024,PC-EQ-09,24.0,0.0,4215.5,11.8,208.0,2024-03-05 00:00:00
20/04/2024, PC-EQ-02,24.0,0.0,7392.7,104.3,344.0,2024-04-21 00:00:00
18/12/2024,PC-EQ-05,4.0,20.0,911.2,17.2,240.0,2024-12-19 00:00:00
26/01/2025,PC-EQ-04,24.0,0.0,7624.0,149.5,368.0,2025-01-27 00:00:00
16/07/2024, PC-EQ-04,24.0,0.0,7940.5,253.5,368.0,2024-07-17 00:00:00
11/11/2024,pc-eq-09,24.0,0.0,4383.2,127.0,208.0,2024-11-12 00:00:00
14/12/2024,PC_EQ_05,24.0,0.0,5202.8,179.2,240.0,2024-12-15 00:00:00
13/04/2024,PC_EQ_06,24.0,0.0,5189.1,146.0,240.0,2024-04-14 00:00:00
28/06/2024, PC-EQ-10,24.0,0.0,8669.1,197.0,400.0,2024-06-29 00:00:00
29/05/2024, PC-EQ-01,24.0,0.0,8625.5,208.1,416.0,2024-05-30 00:00:00
14/01/2024,PCEQ01,24.0,0.0,9378.2,128.3,416.0,2024-01-15 00:00:00
20/04/2024,PC_EQ_09,24.0,0.0,4012.3,,208.0,2024-04-21 00:00:00
23/04/2024,PC-EQ-01 ,24.0,0.0,9258.5,124.7,416.0,2024-04-24 00:00:00
17/01/2025,PC_EQ_10,15.7,8.3,5915.6,38.2,400.0,2025-01-18 00:00:00
16/12/2024,PC_EQ_05,24.0,0.0,4947.5,118.1,240.0,2024-12-17 00:00:00
30/10/2024, PC-EQ-03,22.7,1.3,6831.8,148.9,304.0,2024-10-31 00:00:00
12/07/2024,PCEQ03,24.0,0.0,6234.0,147.9,304.0,2024-07-13 00:00:00
10/01/2025,PC-EQ-08 ,24.0,0.0,6121.3,231.1,320.0,2025-01-11 00:00:00
21/10/2024,PC-EQ-07	,24.0,0.0,6247.3,98.0,280.0,2024-10-22 00:00:00
26/03/2024,PCEQ07,24.0,0.0,6652.0,97.1,280.0,2024-03-27 00:00:00
27/12/2024,PCEQ08,21.6,2.4,6088.3,149.7,320.0,2024-12-28 00:00:00
23/09/2024,PC-EQ-02 ,24.0,0.0,7127.1,161.0,344.0,2024-09-24 00:00:00
12/01/2025, PC-EQ-09,24.0,0.0,3766.2,79.0,208.0,2025-01-13 00:00:00
20/07/2024,pc-eq-05,24.0,0.0,4925.7,111.7,240.0,2024-07-21 00:00:00
03/04/2024,PC-EQ-05	,24.0,0.0,5016.4,,240.0,2024-04-04 00:00:00
12/04/2024,PC-EQ-02	,24.0,,8173.4,318.1,344.0,2024-04-13 00:00:00
27/01/2025,pc-eq-04,24.0,0.0,8406.6,187.3,368.0,2025-01-28 00:00:00
02/10/2024,PC-EQ-05 ,17.9,6.1,3746.6,68.0,240.0,2024-10-03 00:00:00
25/12/2024,PC-EQ-05 ,24.0,0.0,5320.9,120.3,240.0,2024-12-26 00:00:00
25/02/2025, PC-EQ-05,24.0,0.0,5224.2,90.0,240.0,2025-02-26 00:00:00
02/04/2024,pc-eq-03,24.0,0.0,6816.9,91.8,304.0,2024-04-03 00:00:00
11/01/2025, PC-EQ-03,24.0,0.0,6757.4,150.4,304.0,2025-01-12 00:00:00
27/06/2024, PC-EQ-07,24.0,0.0,5454.3,95.8,280.0,2024-06-28 00:00:00
05/01/2025,PCEQ07,24.0,0.0,6652.8,144.3,280.0,2025-01-06 00:00:00
28/01/2025,PC-EQ-02,24.0,0.0,7137.5,,344.0,2025-01-29 00:00:00
19/03/2024,PC-EQ-02	,24.0,0.0,7427.3,136.4,344.0,2024-03-20 00:00:00
09/10/2024,PC-EQ-03	,24.0,0.0,6065.4,83.6,304.0,2024-10-10 00:00:00
03/01/2024, PC-EQ-02,24.0,0.0,8173.4,124.1,344.0,2024-01-04 00:00:00
09/01/2024,PC-EQ-03,24.0,0.0,6202.3,142.5,304.0,2024-01-09 00:00:00
29/05/2024,PC_EQ_09,24.0,0.0,4200.6,48.1,208.0,2024-05-30 00:00:00
13/01/2024,PCEQ05,24.0,0.0,-5313.6,162.8,240.0,2024-01-14 00:00:00
26/02/2024,PCEQ10,24.0,0.0,8737.4,,400.0,2024-02-27 00:00:00
23/06/2024,PCEQ03,24.0,0.0,6883.1,76.9,304.0,2024-06-24 00:00:00
22/02/2024,PC-EQ-01,24.0,0.0,8878.7,122.3,416.0,2024-02-23 00:00:00
24/04/2024,PC-EQ-08 ,24.0,0.0,7267.0,120.3,320.0,2024-04-25 00:00:00
04/05/2024,PC_EQ_04,24.0,0.0,7599.2,186.5,368.0,2024-05-05 00:00:00
15/11/2024,PC-EQ-07	,16.7,7.3,4078.4,117.2,280.0,2024-11-16 00:00:00
18/01/2025,pc-eq-06,24.0,0.0,4947.7,95.9,240.0,2025-01-19 00:00:00
11/12/2024, PC-EQ-09,24.0,0.0,4486.0,35.9,208.0,2024-12-12 00:00:00
16/02/2025, PC-EQ-05,15.3,8.7,3291.0,98.6,240.0,2025-02-17 00:00:00
20/10/2024, PC-EQ-02,24.0,0.0,7890.5,50.4,344.0,2024-10-21 00:00:00
12/07/2024,PC_EQ_02,22.4,1.6,7195.7,220.9,344.0,2024-07-13 00:00:00
04/12/2024,PC_EQ_07,24.0,0.0,6652.8,170.0,280.0,2024-12-05 00:00:00
02/01/2025,PC-EQ-09	,24.0,0.0,4354.4,99.6,208.0,2025-01-03 00:00:00
22/01/2024,PCEQ10,24.0,0.0,9144.6,198.6,400.0,2024-01-23 00:00:00
26/06/2024, PC-EQ-02,24.0,0.0,6996.9,216.8,344.0,2024-06-27 00:00:00
06/08/2024,PC-EQ-06,24.0,0.0,5060.6,87.5,240.0,2024-08-07 00:00:00
28/12/2024,PCEQ01,5.0,19.0,1918.2,44.8,416.0,2024-12-29 00:00:00
03/04/2024, PC-EQ-08,24.0,0.0,6849.9,78.6,320.0,2024-04-04 00:00:00
16/06/2024,PC_EQ_09,16.6,7.4,2964.1,61.9,208.0,2024-06-17 00:00:00
23/09/2024,PC_EQ_06,4.0,20.0,947.1,21.6,240.0,2024-09-24 00:00:00
14/02/2025,PC-EQ-09,17.7,6.3,3115.9,90.5,208.0,2025-02-15 00:00:00
17/01/2025,PC-EQ-07 ,24.0,0.0,6003.9,115.9,280.0,2025-01-18 00:00:00
02/03/2024,PCEQ06,23.5,0.5,4862.8,112.3,240.0,2024-03-03 00:00:00
10/07/2024,PCEQ07,24.0,0.0,5739.8,58.6,280.0,2024-07-11 00:00:00
14/10/2024,PC-EQ-10 ,18.9,5.1,6291.4,116.3,400.0,2024-10-15 00:00:00
04/04/2024,PCEQ07,24.0,0.0,6252.9,167.4,280.0,2024-04-05 00:00:00
05/09/2024,PC_EQ_10,24.0,0.0,8731.4,266.6,400.0,2024-09-06 00:00:00
05/03/2024,PC-EQ-08	,24.0,0.0,7586.0,157.6,320.0,2024-03-06 00:00:00
13/07/2024, PC-EQ-05,24.0,0.0,4583.2,18.4,240.0,2024-07-14 00:00:00
02/08/2024,PC-EQ-07 ,24.0,0.0,5412.2,125.5,280.0,2024-08-03 00:00:00
30/08/2024,pc-eq-01,17.1,6.9,6635.8,109.0,416.0,2024-08-31 00:00:00
25/05/2024,PC_EQ_10,23.5,0.5,8397.7,104.2,400.0,2024-05-26 00:00:00
10/01/2025,PC-EQ-09	,24.0,0.0,4447.4,97.8,208.0,2025-01-11 00:00:00
29/02/2024,PC-EQ-07	,24.0,0.0,6258.2,56.9,280.0,2024-03-01 00:00:00
17/04/2024,PC-EQ-01	,24.0,0.0,8842.9,81.5,416.0,2024-04-18 00:00:00
18/03/2024,PC-EQ-06	,24.0,0.0,5152.1,142.8,240.0,2024-03-19 00:00:00
26/12/2024,PC-EQ-04 ,14.9,9.1,4745.6,125.9,368.0,2024-12-27 00:00:00
20/12/2024,pc-eq-01,24.0,0.0,9703.1,214.7,416.0,2024-12-21 00:00:00
22/04/2024,PC-EQ-08 ,24.0,0.0,6453.2,98.6,320.0,2024-04-23 00:00:00
23/07/2024,PC_EQ_07,24.0,0.0,5803.4,85.1,280.0,2024-07-24 00:00:00
11/11/2024,PC-EQ-10,24.0,0.0,8518.9,170.5,400.0,2024-11-12 00:00:00
18/01/2025,pc-eq-03,24.0,0.0,6853.4,52.7,304.0,2025-01-19 00:00:00
08/03/2024,pc-eq-03,24.0,0.0,6752.0,159.9,304.0,2024-03-09 00:00:00
10/08/2024,PCEQ04,1.8,22.2,581.6,18.7,368.0,2024-08-11 00:00:00
08/02/2024,PC-EQ-02	,3.1,20.9,1013.6,35.2,344.0,2024-02-09 00:00:00
14/08/2024,pc-eq-04,24.0,0.0,8538.9,103.4,368.0,2024-08-15 00:00:00
05/07/2024,PC-EQ-07	,24.0,0.0,5771.1,156.9,280.0,2024-07-06 00:00:00
30/01/2025, PC-EQ-08,24.0,0.0,6572.8,90.6,320.0,2025-01-31 00:00:00
25/07/2024,PC-EQ-10 ,24.0,0.0,7608.4,134.6,400.0,2024-07-26 00:00:00
31/03/2024,PC_EQ_09,24.0,0.0,4942.1,13.8,208.0,2024-04-01 00:00:00
07/02/2024,PC_EQ_03,24.0,0.0,6684.9,86.5,304.0,2024-02-08 00:00:00
04/07/2024,PC-EQ-07,24.0,0.0,6400.1,100.3,280.0,2024-07-05 00:00:00
08/08/2024, PC-EQ-07,24.0,0.0,6177.0,56.5,280.0,2024-08-09 00:00:00
07/06/2024,PC-EQ-03,24.0,0.0,6209.3,138.0,304.0,2024-06-08 00:00:00
17/03/2024,pc-eq-07,24.0,0.0,6282.9,58.0,280.0,2024-03-18 00:00:00
10/08/2024,PC-EQ-09	,24.0,0.0,4086.2,30.9,208.0,2024-08-11 00:00:00
16/12/2024,PC-EQ-09 ,24.0,0.0,4699.0,73.0,208.0,2024-12-17 00:00:00
30/09/2024,PC-EQ-09	,24.0,0.0,4275.9,108.1,208.0,2024-10-01 00:00:00
29/01/2024,PC-EQ-07 ,24.0,0.0,6165.2,175.3,280.0,2024-01-30 00:00:00
10/08/2024,PC-EQ-05	,20.0,4.0,4376.4,128.7,240.0,2024-08-11 00:00:00
26/07/2024,PC-EQ-04,24.0,0.0,8349.3,193.5,368.0,2024-07-27 00:00:00
28/08/2024,PC-EQ-10,23.1,0.9,7770.2,103.6,400.0,2024-08-29 00:00:00
11/10/2024,PC-EQ-02	,17.6,6.4,5804.2,163.9,344.0,2024-10-12 00:00:00
21/12/2024,PC-EQ-07	,24.0,0.0,5859.0,73.7,280.0,2024-12-22 00:00:00
12/05/2024,pc-eq-07,24.0,0.0,6366.7,72.3,280.0,2024-05-13 00:00:00
13/09/2024,pc-eq-07,24.0,0.0,5069.7,62.8,280.0,2024-09-14 00:00:00
31/10/2024,PC-EQ-09 ,24.0,0.0,4375.1,99.9,208.0,2024-11-01 00:00:00
04/09/2024, PC-EQ-07,24.0,0.0,6013.7,75.2,280.0,2024-09-05 00:00:00
11/02/2024,PC-EQ-08 ,24.0,0.0,6928.1,114.0,320.0,2024-02-12 00:00:00
14/01/2024,PC-EQ-07 ,24.0,0.0,5615.3,137.9,280.0,2024-01-15 00:00:00
09/09/2024,PC-EQ-10	,24.0,0.0,8197.6,224.7,400.0,2024-09-10 00:00:00
14/01/2024,PC_EQ_03,18.5,5.5,5301.3,96.2,304.0,2024-01-15 00:00:00
02/02/2024,PC_EQ_03,24.0,0.0,6710.3,185.6,304.0,2024-02-03 00:00:00
14/07/2024,PCEQ09,23.4,0.6,4137.3,92.5,208.0,2024-07-15 00:00:00
08/05/2024,PC-EQ-05	,24.0,0.0,5213.6,67.3,240.0,2024-05-09 00:00:00
09/08/2024,PC-EQ-04,4.2,19.8,1414.0,10.3,368.0,2024-08-10 00:00:00
08/08/2024,PCEQ02,24.0,0.0,7369.4,220.4,344.0,2024-08-09 00:00:00
21/01/2025,PC-EQ-09	,21.6,2.4,4081.4,36.3,208.0,2025-01-22 00:00:00
21/05/2024,PC-EQ-07 ,24.0,0.0,6009.6,149.1,280.0,2024-05-22 00:00:00
06/06/2024,PC-EQ-08,24.0,0.0,6991.0,240.0,320.0,2024-06-07 00:00:00
19/12/2024, PC-EQ-09,24.0,0.0,4147.6,73.5,208.0,2024-12-20 00:00:00
22/01/2025,PC-EQ-06,24.0,0.0,5410.1,154.7,240.0,2025-01-23 00:00:00
02/09/2024, PC-EQ-04,24.0,0.0,8664.8,143.3,368.0,2024-09-03 00:00:00
14/11/2024, PC-EQ-05,22.1,1.9,4650.8,31.5,240.0,2024-11-12 00:00:00
14/01/2024,PCEQ09,24.0,0.0,4942.1,172.1,208.0,2024-01-15 00:00:00
02/02/2024,PC-EQ-02 ,24.0,0.0,7566.7,88.1,344.0,2024-02-03 00:00:00
01/01/2025,PC-EQ-03,24.0,0.0,7125.9,53.4,304.0,2025-01-02 00:00:00
24/10/2024,PC-EQ-01,24.0,0.0,9034.8,320.4,416.0,2024-10-25 00:00:00
26/09/2024, PC-EQ-02,24.0,0.0,7357.2,90.2,344.0,2024-09-27 00:00:00
19/06/2024,PC-EQ-03,24.0,0.0,6975.2,199.5,304.0,2024-06-20 00:00:00
08/10/2024, PC-EQ-10,24.0,0.0,9100.8,224.7,400.0,2024-10-09 00:00:00
06/06/2024,PC-EQ-01	,18.3,5.7,7120.0,169.3,416.0,2024-06-07 00:00:00
27/02/2025, PC-EQ-08,24.0,0.0,6361.4,102.0,320.0,2025-02-28 00:00:00
09/05/2024,PC-EQ-01,24.0,0.0,9461.2,175.2,416.0,2024-05-10 00:00:00
18/11/2024,PCEQ02,23.2,0.8,7191.9,172.6,344.0,2024-11-19 00:00:00
07/02/2024,PC-EQ-06 ,10.8,13.2,2226.4,65.8,240.0,2024-02-08 00:00:00
29/11/2024,PC-EQ-07 ,24.0,0.0,5300.8,151.4,280.0,2024-11-30 00:00:00
20/03/2024, PC-EQ-10,23.5,0.5,8768.3,111.9,400.0,2024-03-21 00:00:00
25/11/2024,PC-EQ-07 ,24.0,0.0,6261.4,206.5,280.0,2024-11-26 00:00:00
04/03/2024,pc-eq-04,24.0,0.0,7568.8,167.3,368.0,2024-03-05 00:00:00
18/04/2024,PC-EQ-01	,24.0,0.0,8753.9,178.0,416.0,2024-04-19 00:00:00
31/03/2024,pc-eq-06,24.0,0.0,4646.1,65.0,240.0,2024-04-01 00:00:00
15/01/2025,PC-EQ-07 ,24.0,0.0,6148.9,198.3,280.0,2025-01-16 00:00:00
13/06/2024,PC-EQ-10,24.0,0.0,7411.0,264.6,400.0,2024-06-13 00:00:00
17/02/2024,PCEQ10,24.0,0.0,9117.2,106.9,400.0,2024-02-18 00:00:00
04/02/2024,PC_EQ_07,24.0,0.0,6098.9,111.5,280.0,2024-02-05 00:00:00
07/02/2025,PC-EQ-08 ,24.0,0.0,7359.4,21.0,320.0,2025-02-08 00:00:00
29/10/2024,PCEQ01,24.0,0.0,8839.6,207.0,416.0,2024-10-30 00:00:00
11/06/2024,PCEQ05,23.4,0.6,5032.5,102.1,240.0,2024-06-12 00:00:00
16/01/2024,PC-EQ-06,23.2,0.8,4978.6,169.1,240.0,2024-01-17 00:00:00
14/06/2024,PC-EQ-01,24.0,0.0,8500.0,192.9,416.0,2024-06-15 00:00:00
18/10/2024,PC-EQ-04	,22.3,1.7,7611.8,165.7,368.0,2024-10-19 00:00:00
17/01/2024,PCEQ05,24.0,0.0,5411.7,,240.0,2024-01-18 00:00:00
20/09/2024,PC-EQ-01,24.0,0.0,9126.0,275.0,416.0,2024-09-21 00:00:00
03/11/2024, PC-EQ-04,24.0,0.0,7696.8,145.4,368.0,2024-11-04 00:00:00
23/11/2024,pc-eq-08,24.0,0.0,6974.6,128.4,320.0,2024-11-24 00:00:00
31/01/2025,pc-eq-04,24.0,0.0,7303.5,136.3,368.0,2025-02-01 00:00:00
11/02/2024, PC-EQ-01,24.0,0.0,8534.2,252.3,416.0,2024-02-12 00:00:00
20/01/2025,pc-eq-05,24.0,0.0,5656.7,150.4,240.0,2025-01-21 00:00:00
15/09/2024,PC-EQ-10	,24.0,0.0,8381.1,141.9,400.0,2024-09-16 00:00:00
06/09/2024,PCEQ01,21.8,2.2,8155.6,261.0,416.0,2024-09-07 00:00:00
17/03/2024,PC_EQ_08,24.0,0.0,6950.7,224.9,320.0,2024-03-18 00:00:00
24/04/2024,PCEQ04,24.0,0.0,7872.9,176.1,368.0,2024-04-25 00:00:00
22/07/2024,PC_EQ_09,24.0,0.0,4538.5,158.1,208.0,2024-07-23 00:00:00
19/01/2024,PC-EQ-05,24.0,0.0,4935.6,145.6,240.0,2024-01-20 00:00:00
19/02/2025,PCEQ05,23.0,,4676.2,95.0,240.0,2025-02-20 00:00:00
09/10/2024,PC-EQ-04	,24.0,0.0,7436.2,122.0,368.0,2024-10-10 00:00:00
29/11/2024,PC-EQ-09 ,24.0,0.0,4743.3,115.5,208.0,2024-11-30 00:00:00
05/02/2024,PC-EQ-03 ,24.0,0.0,6304.3,172.2,304.0,2024-02-06 00:00:00
27/04/2024,pc-eq-10,21.8,2.2,7990.0,252.7,400.0,2024-04-28 00:00:00
20/01/2024,PC_EQ_02,19.2,4.8,5706.5,54.3,344.0,2024-01-21 00:00:00
06/08/2024,PC-EQ-05	,24.0,0.0,4721.6,57.8,240.0,2024-08-07 00:00:00
12/05/2024, PC-EQ-02,24.0,0.0,7716.0,148.8,344.0,2024-05-13 00:00:00
29/05/2024,PC-EQ-05 ,24.0,0.0,5127.5,166.5,240.0,2024-05-30 00:00:00
13/09/2024,PC-EQ-01	,24.0,0.0,8904.2,277.7,416.0,2024-09-14 00:00:00
09/08/2024, PC-EQ-08,24.0,0.0,6741.9,186.7,320.0,2024-08-10 00:00:00
12/01/2024,PC-EQ-10 ,24.0,0.0,8509.5,246.0,400.0,2024-01-13 00:00:00
17/07/2024,PC-EQ-05 ,24.0,0.0,5702.4,116.9,240.0,2024-07-18 00:00:00
31/12/2024,PC-EQ-08 ,4.0,20.0,1237.3,29.3,320.0,2025-01-01 00:00:00
06/10/2024,PC-EQ-09	,16.7,7.3,3438.9,105.4,208.0,2024-10-07 00:00:00
01/01/2025,pc-eq-10,24.0,0.0,8186.6,194.5,400.0,2025-01-02 00:00:00
18/08/2024,PC-EQ-02,14.5,9.5,4556.9,35.9,344.0,2024-08-19 00:00:00
05/08/2024,PCEQ10,15.2,8.8,5710.7,108.3,400.0,2024-08-06 00:00:00
21/03/2024,PC-EQ-04,24.0,0.0,7911.7,166.6,368.0,2024-03-22 00:00:00
14/10/2024,PC-EQ-04	,24.0,0.0,8669.3,214.5,368.0,2024-10-15 00:00:00
27/08/2024,pc-eq-06,24.0,0.0,5354.6,90.1,240.0,2024-08-28 00:00:00
03/02/2025,PC_EQ_09,24.0,0.0,4789.3,137.6,208.0,2025-02-04 00:00:00
12/05/2024, PC-EQ-03,24.0,0.0,6785.2,132.9,304.0,2024-05-13 00:00:00
24/06/2024,PC-EQ-09 ,24.0,,4638.0,162.6,208.0,2024-06-25 00:00:00
15/03/2024,PC-EQ-07 ,24.0,0.0,6298.8,217.0,280.0,2024-03-16 00:00:00
30/08/2024,pc-eq-05,24.0,0.0,5222.3,137.2,240.0,2024-08-31 00:00:00
14/10/2024,PCEQ01,17.0,7.0,7001.3,170.4,416.0,2024-10-15 00:00:00
04/12/2024, PC-EQ-08,24.0,0.0,6541.7,144.5,320.0,2024-12-05 00:00:00
06/10/2024,PC-EQ-03	,24.0,0.0,6953.4,190.7,304.0,2024-10-07 00:00:00
10/10/2024,PC_EQ_05,24.0,0.0,5313.9,137.5,240.0,2024-10-11 00:00:00
31/01/2024,pc-eq-06,24.0,0.0,5273.5,79.7,240.0,2024-02-01 00:00:00
12/10/2024,PC_EQ_05,24.0,0.0,4925.6,64.5,240.0,2024-10-13 00:00:00
29/11/2024,PC_EQ_02,24.0,0.0,7675.0,113.7,344.0,2024-11-30 00:00:00
21/01/2025,PC-EQ-06 ,24.0,0.0,5323.6,96.6,240.0,2025-01-22 00:00:00
06/02/2025,PCEQ09,24.0,0.0,4380.0,122.7,208.0,2025-02-07 00:00:00
08/02/2025,PC-EQ-02 ,24.0,0.0,7867.0,183.6,344.0,2025-02-09 00:00:00
17/02/2024,PC-EQ-01 ,4.0,20.0,1342.5,39.1,416.0,2024-02-18 00:00:00
08/09/2024,PC-EQ-04,24.0,0.0,8075.3,137.6,368.0,2024-09-09 00:00:00
15/01/2024,PC-EQ-03 ,19.3,4.7,4767.7,86.8,304.0,2024-01-16 00:00:00
12/03/2024,PC-EQ-08 ,24.0,0.0,6045.8,102.0,320.0,2024-12-04 00:00:00
28/04/2024,PC-EQ-07	,24.0,0.0,6316.0,165.5,280.0,2024-04-29 00:00:00
12/01/2025, PC-EQ-08,24.0,0.0,6412.4,148.2,320.0,2025-01-13 00:00:00
01/01/2024,PC-EQ-08,24.0,0.0,6862.8,91.7,320.0,2024-01-02 00:00:00
17/07/2024,PC-EQ-09,24.0,0.0,4352.2,57.5,208.0,2024-07-18 00:00:00
19/08/2024,PC-EQ-09 ,24.0,0.0,4560.3,87.7,208.0,2024-08-20 00:00:00
13/10/2024,pc-eq-01,24.0,0.0,8813.7,113.6,416.0,2024-10-14 00:00:00
28/09/2024,PC-EQ-06	,24.0,0.0,5177.2,79.4,240.0,2024-09-29 00:00:00
19/02/2025,PCEQ08,24.0,0.0,7331.8,159.8,320.0,2025-02-20 00:00:00
15/07/2024,PC_EQ_07,24.0,0.0,6243.9,153.7,280.0,2024-07-16 00:00:00
20/02/2024,PC_EQ_08,24.0,0.0,6996.5,182.8,320.0,2024-02-21 00:00:00
03/01/2024,PC-EQ-08,24.0,0.0,6892.1,168.9,320.0,2024-01-04 00:00:00
26/09/2024,PCEQ09,24.0,0.0,4294.5,98.0,208.0,2024-09-27 00:00:00
17/10/2024,PC-EQ-01 ,24.0,0.0,9384.5,144.7,416.0,2024-10-18 00:00:00
11/02/2024,PC-EQ-09	,24.0,0.0,4493.0,138.1,208.0,2024-02-12 00:00:00
08/06/2024,PC-EQ-03,24.0,0.0,5908.9,176.3,304.0,2024-06-09 00:00:00
18/02/2025,PCEQ08,24.0,0.0,7388.9,86.5,320.0,2025-02-19 00:00:00
07/03/2024,PC-EQ-07	,23.2,0.8,5281.3,142.7,280.0,2024-03-08 00:00:00
05/07/2024,PC-EQ-10	,24.0,0.0,8545.6,192.3,400.0,2024-07-06 00:00:00
06/01/2025,PC_EQ_05,4.3,19.7,969.9,19.6,240.0,2025-01-07 00:00:00
30/06/2024,pc-eq-01,24.0,0.0,8361.8,174.9,416.0,2024-07-01 00:00:00
31/12/2024,PCEQ09,24.0,0.0,4942.1,121.4,208.0,2025-01-01 00:00:00
16/07/2024,PC-EQ-09	,19.0,5.0,3405.0,91.9,208.0,2024-07-17 00:00:00
14/11/2024,PC-EQ-06 ,24.0,0.0,4627.4,130.4,240.0,2024-11-15 00:00:00
25/09/2024,PC-EQ-09,24.0,0.0,4592.1,69.5,208.0,2024-09-26 00:00:00
22/08/2024,PCEQ08,24.0,0.0,6875.2,207.8,320.0,2024-08-23 00:00:00
08/10/2024,PC-EQ-07	,17.0,7.0,4352.8,71.0,280.0,2024-10-09 00:00:00
24/10/2024,PC_EQ_04,24.0,0.0,7606.7,210.3,368.0,2024-10-25 00:00:00
04/03/2024,PC-EQ-07	,18.9,5.1,4918.5,96.2,280.0,2024-03-05 00:00:00
11/06/2024,PC-EQ-06	,24.0,,5377.6,121.3,240.0,2024-06-12 00:00:00
23/08/2024,PCEQ09,24.0,0.0,4416.2,118.7,208.0,2024-08-24 00:00:00
16/12/2024, PC-EQ-01,24.0,0.0,8745.4,,416.0,2024-12-17 00:00:00
02/08/2024,PC-EQ-10	,14.4,,5271.3,102.1,400.0,2024-08-03 00:00:00
03/09/2024,pc-eq-09,24.0,0.0,4211.3,73.7,208.0,2024-09-04 00:00:00
11/01/2024,PC-EQ-05 ,24.0,0.0,5201.1,115.7,240.0,2024-01-12 00:00:00
26/11/2024,PC-EQ-04,4.0,20.0,1454.0,31.1,368.0,2024-11-27 00:00:00
12/01/2024,PC-EQ-05	,24.0,0.0,5011.3,112.0,240.0,2024-01-13 00:00:00
04/03/2024, PC-EQ-02,15.3,8.7,4724.6,87.8,344.0,2024-03-05 00:00:00
13/02/2025, PC-EQ-02,24.0,0.0,7184.9,68.8,344.0,2025-02-14 00:00:00
13/05/2024,pc-eq-05,24.0,0.0,4471.3,128.8,240.0,2024-05-14 00:00:00
15/04/2024,PCEQ06,24.0,0.0,4904.5,75.1,240.0,2024-04-16 00:00:00
17/12/2024,PC-EQ-04 ,24.0,0.0,7375.7,176.9,368.0,2024-12-18 00:00:00
05/11/2024,PC-EQ-08	,24.0,,6712.4,114.5,320.0,2024-11-06 00:00:00
06/01/2025,PCEQ09,24.0,0.0,4820.6,,208.0,2025-01-07 00:00:00
07/02/2024,PC-EQ-07 ,24.0,0.0,6356.5,55.9,280.0,2024-02-08 00:00:00
13/11/2024,PC-EQ-04,10.3,,3257.1,46.8,368.0,2024-11-14 00:00:00
08/07/2024,PC-EQ-01,24.0,0.0,8990.7,44.0,416.0,2024-07-09 00:00:00
09/01/2025,PC-EQ-08,24.0,0.0,7137.5,146.2,320.0,2025-01-10 00:00:00
06/05/2024,pc-eq-10,24.0,0.0,7940.4,177.6,400.0,2024-05-07 00:00:00
02/02/2025,PC-EQ-04	,24.0,0.0,8743.7,179.7,368.0,2025-02-03 00:00:00
15/09/2024, PC-EQ-08,24.0,0.0,7095.0,89.1,320.0,2024-09-16 00:00:00
16/10/2024,PC_EQ_05,24.0,0.0,5442.5,151.9,240.0,2024-10-17 00:00:00
02/01/2024,PCEQ03,24.0,0.0,6063.8,,304.0,2024-01-03 00:00:00
02/03/2024,pc-eq-02,11.5,12.5,3465.6,12.6,344.0,2024-03-03 00:00:00
17/07/2024, PC-EQ-10,19.5,4.5,7004.3,95.4,400.0,2024-07-18 00:00:00
25/01/2024,PC-EQ-09	,24.0,0.0,4249.6,92.0,208.0,2024-01-26 00:00:00
12/12/2024,PC-EQ-09	,24.0,0.0,4342.3,132.4,208.0,2024-12-13 00:00:00
07/07/2024, PC-EQ-01,22.2,1.8,8219.6,166.1,416.0,2024-07-08 00:00:00
26/02/2024, PC-EQ-04,24.0,0.0,8517.8,183.1,368.0,2024-02-27 00:00:00
30/08/2024,PCEQ10,24.0,0.0,9308.2,214.4,400.0,2024-08-31 00:00:00
02/02/2024,PC-EQ-05 ,24.0,0.0,5224.3,110.6,240.0,2024-02-03 00:00:00
26/01/2025,PC_EQ_08,24.0,0.0,6976.6,132.6,320.0,2025-01-27 00:00:00
11/05/2024,PC-EQ-08	,21.8,2.2,5776.1,142.0,320.0,2024-05-12 00:00:00
21/01/2025,PC-EQ-10,24.0,,8614.5,146.0,400.0,2025-01-22 00:00:00
07/11/2024,PC-EQ-06 ,24.0,0.0,5223.3,70.9,240.0,2024-11-08 00:00:00
09/05/2024,PC-EQ-07 ,24.0,0.0,6054.2,129.3,280.0,2024-05-10 00:00:00
28/10/2024,pc-eq-06,24.0,0.0,5034.9,167.6,240.0,2024-10-29 00:00:00
01/01/2025,PC-EQ-08	,24.0,0.0,6806.8,159.7,320.0,2025-01-02 00:00:00
06/06/2024, PC-EQ-07,24.0,0.0,6262.0,205.6,280.0,2024-06-07 00:00:00
07/03/2024,PC-EQ-04 ,24.0,0.0,7913.9,99.7,368.0,2024-03-08 00:00:00
05/07/2024,PCEQ08,16.6,7.4,4698.9,,320.0,2024-07-06 00:00:00
25/02/2025,PCEQ10,24.0,0.0,8345.6,170.6,400.0,2025-02-26 00:00:00
19/01/2025,PC-EQ-05,24.0,0.0,5660.3,151.2,240.0,2025-01-20 00:00:00
04/05/2024,PC_EQ_01,18.2,5.8,6552.8,,416.0,2024-05-05 00:00:00
12/06/2024,PC-EQ-04 ,24.0,0.0,8084.8,237.6,368.0,2024-06-13 00:00:00
07/09/2024,PC_EQ_07,18.6,5.4,4763.7,127.6,280.0,2024-09-08 00:00:00
20/11/2024, PC-EQ-04,17.0,7.0,5779.1,94.7,368.0,2024-11-21 00:00:00
09/08/2024,PC-EQ-01 ,24.0,0.0,8364.8,231.1,416.0,2024-08-10 00:00:00
07/11/2024, PC-EQ-09,22.1,1.9,4256.9,37.1,208.0,2024-11-08 00:00:00
08/11/2024,pc-eq-05,24.0,0.0,5245.1,153.4,240.0,2024-11-09 00:00:00
27/10/2024,PC-EQ-06,24.0,0.0,4778.7,145.4,240.0,2024-10-28 00:00:00
15/07/2024,PC-EQ-09	,24.0,0.0,4241.6,77.2,208.0,2024-07-16 00:00:00
24/11/2024,PC-EQ-06 ,24.0,0.0,5462.9,135.6,240.0,2024-11-25 00:00:00
27/08/2024,PC-EQ-04	,24.0,0.0,7585.1,99.4,368.0,2024-08-28 00:00:00
13/06/2024,PC-EQ-07	,24.0,0.0,6202.1,22.8,280.0,2024-06-14 00:00:00
22/05/2024,PC-EQ-09,21.9,2.1,4267.6,114.3,208.0,2024-05-23 00:00:00
09/06/2024, PC-EQ-07,24.0,0.0,6652.8,172.4,280.0,2024-06-10 00:00:00
16/01/2024, PC-EQ-10,24.0,0.0,7782.8,112.8,400.0,2024-01-17 00:00:00
13/01/2024,PC_EQ_02,14.1,9.9,4641.4,152.0,344.0,2024-01-14 00:00:00
01/02/2024,pc-eq-09,24.0,0.0,4306.1,87.3,208.0,2024-02-02 00:00:00
04/02/2024,PC-EQ-04,24.0,,8456.5,82.2,368.0,2024-02-05 00:00:00
27/02/2025,pc-eq-05,18.1,5.9,3793.9,105.3,240.0,2025-02-28 00:00:00
27/11/2024,PC-EQ-06,24.0,0.0,5477.0,64.3,240.0,2024-11-28 00:00:00
16/07/2024,PCEQ08,24.0,0.0,7337.7,163.9,320.0,2024-07-17 00:00:00
10/02/2025, PC-EQ-08,24.0,0.0,6401.0,88.0,320.0,2025-02-11 00:00:00
22/03/2024,PCEQ08,24.0,0.0,7530.1,144.8,320.0,2024-03-23 00:00:00
05/01/2024,PC_EQ_07,24.0,0.0,5547.2,175.7,280.0,2024-01-06 00:00:00
27/06/2024, PC-EQ-03,24.0,0.0,6972.7,173.0,304.0,2024-06-28 00:00:00
29/10/2024,PC-EQ-06	,24.0,0.0,5282.1,105.9,240.0,2024-10-30 00:00:00
06/08/2024,PC-EQ-08,21.9,2.1,6268.9,24.1,320.0,2024-08-07 00:00:00
02/08/2024,PCEQ08,24.0,,7356.3,,320.0,2024-08-03 00:00:00
12/10/2024,PC-EQ-02	,24.0,0.0,6532.7,147.3,344.0,2024-10-13 00:00:00
14/07/2024,PC_EQ_08,22.2,1.8,6997.8,150.4,320.0,2024-07-15 00:00:00
03/06/2024,PC_EQ_04,7.2,,2194.0,59.7,368.0,2024-06-04 00:00:00
09/11/2024,PC_EQ_10,24.0,0.0,9177.6,174.3,400.0,2024-11-10 00:00:00
03/06/2024,PC-EQ-09 ,24.0,0.0,4855.1,62.4,208.0,2024-06-04 00:00:00
07/02/2024,PCEQ10,22.5,1.5,8562.7,287.6,400.0,2024-02-08 00:00:00
13/01/2025,PC_EQ_03,18.7,5.3,4536.1,81.1,304.0,2025-01-11 00:00:00
21/08/2024,pc-eq-07,24.0,0.0,5988.8,162.1,280.0,2024-08-22 00:00:00
02/10/2024,PC-EQ-08,24.0,0.0,6852.9,106.3,320.0,2024-10-03 00:00:00
15/07/2024,PC-EQ-04	,24.0,0.0,7753.5,190.9,368.0,2024-07-16 00:00:00
26/01/2024,PC-EQ-10,24.0,0.0,8924.9,222.2,400.0,2024-01-27 00:00:00
17/07/2024,PCEQ02,24.0,0.0,8173.4,191.7,344.0,2024-07-18 00:00:00
16/02/2024,pc-eq-04,24.0,0.0,8152.7,180.0,368.0,2024-02-17 00:00:00
25/12/2024,pc-eq-01,24.0,0.0,9884.2,34.4,416.0,2024-12-26 00:00:00
19/02/2025,pc-eq-07,24.0,0.0,6089.6,158.0,280.0,2025-02-20 00:00:00
20/11/2024,PC-EQ-07,24.0,0.0,5571.4,155.0,280.0,2024-11-21 00:00:00
21/04/2024,PC-EQ-07	,24.0,0.0,5680.9,164.3,280.0,2024-04-22 00:00:00
07/11/2024,pc-eq-02,24.0,0.0,7654.4,105.1,344.0,2024-11-08 00:00:00
18/09/2024,PC-EQ-08,24.0,0.0,7012.3,80.3,320.0,2024-09-19 00:00:00
01/12/2024,PC-EQ-05 ,10.4,13.6,2201.1,75.0,240.0,2024-12-02 00:00:00
05/09/2024,pc-eq-03,24.0,0.0,6301.3,94.8,304.0,2024-09-06 00:00:00
02/04/2024,pc-eq-01,24.0,0.0,9260.7,132.1,416.0,2024-04-03 00:00:00
12/11/2024,PC-EQ-02 ,21.5,2.5,6644.9,81.7,344.0,2024-11-13 00:00:00
16/09/2024,PCEQ04,24.0,0.0,7676.3,161.6,368.0,2024-09-17 00:00:00
08/10/2024,pc-eq-05,24.0,0.0,4958.8,112.2,240.0,2024-10-09 00:00:00
12/11/2024,PCEQ09,23.0,1.0,4631.0,96.8,2080.0,2024-11-13 00:00:00
19/08/2024,PC-EQ-05	,24.0,0.0,5070.1,78.0,240.0,2024-08-20 00:00:00
02/05/2024,pc-eq-02,4.0,20.0,1260.9,,344.0,2024-05-03 00:00:00
26/06/2024,pc-eq-07,24.0,0.0,5314.1,80.0,280.0,2024-06-27 00:00:00
13/07/2024,PC_EQ_04,24.0,0.0,8186.4,73.0,368.0,2024-07-14 00:00:00
11/12/2024,PC_EQ_05,21.3,2.7,4658.4,101.1,240.0,2024-12-12 00:00:00
05/03/2024,PC-EQ-04	,21.0,3.0,6665.6,196.9,368.0,2024-03-06 00:00:00
27/09/2024,PC-EQ-10 ,24.0,0.0,8548.7,187.1,400.0,2024-09-28 00:00:00
08/02/2025,PC_EQ_05,24.0,0.0,5164.8,0.0,240.0,2025-02-09 00:00:00
23/11/2024,PCEQ07,24.0,0.0,5773.3,101.9,280.0,2024-11-24 00:00:00
20/09/2024, PC-EQ-09,24.0,0.0,4599.1,117.2,208.0,2024-09-21 00:00:00
17/02/2024,pc-eq-06,24.0,0.0,4996.0,74.9,240.0,2024-02-18 00:00:00
05/02/2025,PC-EQ-06 ,24.0,0.0,5702.4,133.4,240.0,2025-02-06 00:00:00
13/11/2024,pc-eq-05,24.0,0.0,4695.9,129.7,240.0,2024-11-14 00:00:00
07/02/2025,pc-eq-02,24.0,,8002.8,91.8,344.0,2025-02-08 00:00:00
15/02/2025,PCEQ10,24.0,0.0,8921.7,230.9,400.0,2025-02-16 00:00:00
24/07/2024,PCEQ03,24.0,0.0,6584.4,83.4,304.0,2024-07-25 00:00:00
22/04/2024,PC_EQ_03,24.0,0.0,6895.8,53.0,304.0,2024-04-23 00:00:00
10/03/2024,PC-EQ-09,24.0,0.0,4519.6,61.8,208.0,2024-03-11 00:00:00
18/05/2024,PC-EQ-07	,24.0,0.0,5389.1,116.8,280.0,2024-05-17 00:00:00
05/01/2025,pc-eq-01,24.0,0.0,8379.8,164.0,416.0,2025-01-06 00:00:00
29/04/2024, PC-EQ-02,24.0,0.0,7564.5,39.5,344.0,2024-04-30 00:00:00
04/01/2025,PC-EQ-08 ,24.0,0.0,6930.9,191.2,320.0,2025-01-05 00:00:00
20/02/2024,PC-EQ-01,24.0,0.0,9038.6,184.6,416.0,2024-02-21 00:00:00
25/11/2024,pc-eq-10,24.0,0.0,8038.0,143.4,400.0,2024-11-26 00:00:00
26/05/2024,PCEQ04,24.0,0.0,8123.4,203.1,368.0,2024-05-27 00:00:00
03/09/2024,pc-eq-05,24.0,0.0,5288.5,81.5,240.0,2024-09-04 00:00:00
20/03/2024,PC-EQ-07,16.1,7.9,4377.6,54.3,280.0,2024-03-21 00:00:00
21/06/2024,PC-EQ-07 ,24.0,0.0,5454.7,93.0,280.0,2024-06-22 00:00:00
04/10/2024,PC-EQ-03 ,24.0,0.0,6822.4,196.8,304.0,2024-10-05 00:00:00
05/04/2024,PC-EQ-07,24.0,0.0,6141.5,201.1,280.0,2024-04-06 00:00:00
10/02/2025,PC-EQ-02 ,19.1,4.9,6099.9,162.5,344.0,2025-02-11 00:00:00
24/05/2024,pc-eq-07,24.0,0.0,6263.4,210.0,280.0,2024-05-25 00:00:00
19/09/2024,PC-EQ-10,24.0,0.0,8183.5,118.2,400.0,2024-09-20 00:00:00
13/06/2024,PCEQ06,24.0,0.0,5404.5,125.1,240.0,2024-06-14 00:00:00
30/03/2024,pc-eq-04,24.0,0.0,7795.3,48.4,368.0,2024-03-31 00:00:00
07/07/2024,PC-EQ-03 ,24.0,0.0,6696.3,167.3,304.0,2024-07-08 00:00:00
10/05/2024,pc-eq-02,24.0,0.0,7616.0,142.6,344.0,2024-05-11 00:00:00
18/03/2024, PC-EQ-07,21.9,2.1,5415.7,112.5,280.0,2024-03-19 00:00:00
25/11/2024, PC-EQ-09,24.0,0.0,4236.7,63.1,208.0,2024-11-26 00:00:00
29/01/2025,pc-eq-06,24.0,0.0,4830.9,107.2,240.0,2025-01-30 00:00:00
11/03/2024,PCEQ06,24.0,0.0,4825.9,83.5,240.0,2024-03-12 00:00:00
02/10/2024,PC-EQ-10	,24.0,0.0,8468.5,259.7,400.0,2024-10-03 00:00:00
05/04/2024,PC-EQ-02,24.0,0.0,7071.8,119.9,344.0,2024-04-06 00:00:00
06/04/2024, PC-EQ-02,24.0,0.0,7098.2,0.0,344.0,2024-04-07 00:00:00
30/10/2024, PC-EQ-04,24.0,0.0,7798.5,137.4,368.0,2024-10-31 00:00:00
22/02/2024,PC-EQ-03	,24.0,0.0,6532.9,63.8,304.0,2024-02-23 00:00:00
03/06/2024, PC-EQ-07,15.5,8.5,3521.3,132.7,280.0,2024-06-04 00:00:00
17/10/2024,PC-EQ-08,24.0,0.0,6670.6,163.6,320.0,2024-10-18 00:00:00
02/07/2024, PC-EQ-02,24.0,0.0,7429.9,94.8,344.0,2024-07-03 00:00:00
21/03/2024,PC-EQ-10,22.8,1.2,8209.8,125.0,400.0,2024-03-22 00:00:00
27/07/2024,PC-EQ-02	,23.5,0.5,7444.0,117.5,344.0,2024-07-28 00:00:00
06/03/2024, PC-EQ-10,24.0,0.0,7495.9,160.0,400.0,2024-03-07 00:00:00
29/04/2024,PC_EQ_03,22.9,1.1,5606.2,151.6,304.0,2024-04-30 00:00:00
30/01/2024,PCEQ10,4.0,20.0,1385.1,14.3,400.0,2024-01-31 00:00:00
23/02/2024,PCEQ06,24.0,0.0,4936.4,105.3,240.0,2024-02-24 00:00:00
28/02/2025,PC-EQ-02 ,24.0,0.0,7543.9,275.0,344.0,2025-03-01 00:00:00
06/01/2025,PC_EQ_03,24.0,0.0,6038.8,231.5,304.0,2025-01-07 00:00:00
17/08/2024,PC-EQ-02 ,24.0,0.0,7209.3,162.2,344.0,2024-08-18 00:00:00
18/02/2025, PC-EQ-04,24.0,0.0,8743.7,184.0,368.0,2025-02-19 00:00:00
20/06/2024,PC-EQ-07 ,24.0,0.0,5808.3,130.0,280.0,2024-06-21 00:00:00
29/07/2024,PC-EQ-04	,24.0,0.0,8252.6,370.5,368.0,2024-07-30 00:00:00
22/02/2024,pc-eq-08,24.0,0.0,6817.4,123.0,320.0,2024-02-23 00:00:00
25/02/2025,PC_EQ_01,13.6,10.4,5390.0,76.5,416.0,2025-02-26 00:00:00
11/04/2024, PC-EQ-01,22.1,1.9,8334.4,228.6,416.0,2024-04-12 00:00:00
03/01/2025,pc-eq-09,24.0,0.0,4464.3,101.0,208.0,2025-01-04 00:00:00
31/08/2024,PC-EQ-01	,24.0,0.0,8423.6,133.9,416.0,2024-09-01 00:00:00
19/12/2024, PC-EQ-03,24.0,0.0,6927.7,140.5,304.0,2024-12-20 00:00:00
18/02/2024,PC-EQ-02 ,24.0,0.0,7153.9,60.6,344.0,2024-02-19 00:00:00
29/01/2024,PC-EQ-09,24.0,0.0,4559.3,25.6,208.0,2024-01-30 00:00:00
14/09/2024,PC_EQ_04,24.0,0.0,7751.2,223.7,368.0,2024-09-15 00:00:00
02/09/2024,pc-eq-07,23.5,0.5,6037.6,151.8,280.0,2024-09-03 00:00:00
16/01/2025,PCEQ01,23.5,0.5,8469.7,271.4,416.0,2025-01-17 00:00:00
21/11/2024, PC-EQ-08,4.0,20.0,1171.2,25.7,320.0,2024-11-22 00:00:00
14/09/2024,PC-EQ-09	,24.0,0.0,4683.4,192.3,208.0,2024-09-15 00:00:00
11/12/2024,PC_EQ_03,24.0,0.0,6556.4,156.3,304.0,2024-12-12 00:00:00
06/10/2024,PC-EQ-05 ,22.7,1.3,5234.8,83.0,240.0,2024-10-07 00:00:00
27/07/2024,PC-EQ-05,4.0,20.0,919.6,18.0,240.0,2024-07-28 00:00:00
19/11/2024, PC-EQ-06,24.0,0.0,4575.8,58.9,240.0,2024-11-18 00:00:00
07/02/2024,PC_EQ_08,24.0,0.0,6661.5,109.9,320.0,2024-02-08 00:00:00
02/10/2024,PC-EQ-06	,24.0,0.0,5352.8,109.1,240.0,2024-10-03 00:00:00
22/07/2024,PCEQ02,24.0,0.0,7077.0,131.0,344.0,2024-07-23 00:00:00
10/07/2024,PC-EQ-06 ,24.0,0.0,5651.2,158.0,240.0,2024-07-11 00:00:00
18/07/2024,PCEQ09,24.0,0.0,4513.2,64.0,208.0,2024-07-19 00:00:00
08/06/2024,PC-EQ-01,24.0,0.0,9550.5,49.7,416.0,2024-06-09 00:00:00
09/06/2024,PC_EQ_10,24.0,0.0,7582.9,53.1,400.0,2024-06-10 00:00:00
21/02/2024,PCEQ08,24.0,0.0,7603.2,195.8,320.0,2024-02-22 00:00:00
31/10/2024,pc-eq-04,19.3,4.7,6394.8,120.4,368.0,2024-11-01 00:00:00
27/07/2024,PC-EQ-08,24.0,0.0,7170.2,66.9,320.0,2024-07-28 00:00:00
22/10/2024,PC-EQ-07	,24.0,0.0,6037.7,,280.0,2024-10-23 00:00:00
15/02/2025,PCEQ03,22.0,2.0,5786.4,110.7,304.0,2025-02-16 00:00:00
15/01/2025, PC-EQ-06,7.5,16.5,1569.5,25.6,240.0,2025-01-16 00:00:00
14/01/2025,PCEQ09,24.0,0.0,4128.9,77.0,208.0,2025-01-15 00:00:00
19/01/2025,pc-eq-02,24.0,,8087.2,205.8,344.0,2025-01-20 00:00:00
28/11/2024,PC-EQ-04,24.0,0.0,7609.5,101.6,368.0,2024-11-29 00:00:00
24/06/2024,PC_EQ_10,24.0,0.0,8600.0,240.0,400.0,2024-06-25 00:00:00
21/04/2024,PC_EQ_06,24.0,0.0,5379.4,24.5,240.0,2024-04-22 00:00:00
03/02/2024,PC-EQ-05 ,24.0,0.0,4932.4,119.0,240.0,2024-02-04 00:00:00
01/02/2025,PC-EQ-06 ,24.0,0.0,5306.9,218.9,240.0,2025-02-02 00:00:00
01/08/2024,PC-EQ-07,24.0,0.0,6184.0,77.6,280.0,2024-08-02 00:00:00
30/05/2024,PCEQ08,24.0,0.0,7480.1,164.7,320.0,2024-05-31 00:00:00
15/03/2024,PC-EQ-08 ,19.2,4.8,5564.3,54.2,320.0,2024-03-16 00:00:00
17/06/2024,pc-eq-08,24.0,0.0,6242.9,130.5,320.0,2024-06-18 00:00:00
31/01/2025,PC-EQ-01	,18.7,5.3,7701.4,80.6,416.0,2025-02-01 00:00:00
06/04/2024,PC-EQ-05	,9.2,14.8,1910.8,9.1,240.0,2024-04-07 00:00:00
05/01/2025,PC_EQ_10,24.0,0.0,8934.8,154.1,400.0,2025-01-06 00:00:00
20/06/2024, PC-EQ-06,24.0,0.0,5702.4,130.3,240.0,2024-06-21 00:00:00
29/12/2024,PC-EQ-04 ,24.0,0.0,7977.7,168.1,368.0,2024-12-30 00:00:00
21/02/2024,pc-eq-09,24.0,0.0,4697.5,121.1,208.0,2024-02-22 00:00:00
02/07/2024,PC-EQ-01	,24.0,0.0,9083.3,148.6,416.0,2024-07-03 00:00:00
15/12/2024,PC-EQ-10 ,24.0,,8750.8,171.3,400.0,2024-12-16 00:00:00
31/03/2024,PC-EQ-04	,22.1,1.9,7571.7,214.9,368.0,2024-04-01 00:00:00
21/10/2024,PC-EQ-02,24.0,0.0,7406.2,102.1,344.0,2024-10-22 00:00:00
31/12/2024,PCEQ02,24.0,0.0,7020.8,180.6,344.0,2025-01-01 00:00:00
01/05/2024,PC-EQ-01	,24.0,0.0,8735.2,168.2,416.0,2024-05-02 00:00:00
26/10/2024,PC_EQ_10,21.3,2.7,7731.2,137.0,400.0,2024-10-27 00:00:00
28/06/2024,PC-EQ-04	,24.0,0.0,8221.8,268.4,368.0,2024-06-29 00:00:00
15/05/2024,PC-EQ-02 ,24.0,,7075.6,178.7,344.0,2024-05-16 00:00:00
29/01/2025,PC-EQ-02,24.0,0.0,7817.6,56.9,344.0,2025-01-30 00:00:00
02/08/2024, PC-EQ-03,24.0,0.0,6671.5,246.4,304.0,2024-08-03 00:00:00
15/02/2024, PC-EQ-04,24.0,0.0,7925.1,29.6,368.0,2024-02-16 00:00:00
06/05/2024,pc-eq-05,24.0,0.0,5365.7,130.5,240.0,2024-05-07 00:00:00
23/04/2024, PC-EQ-09,24.0,0.0,4102.2,98.1,208.0,2024-04-24 00:00:00
12/10/2024,PC-EQ-04,24.0,0.0,7224.2,74.0,368.0,2024-10-13 00:00:00
27/11/2024, PC-EQ-04,24.0,0.0,8385.7,31.0,368.0,2024-11-28 00:00:00
10/09/2024,PC_EQ_03,24.0,0.0,6656.9,78.8,304.0,2024-09-11 00:00:00
10/02/2025,PC-EQ-01,24.0,0.0,8622.3,65.3,416.0,2025-02-11 00:00:00
22/03/2024,pc-eq-07,24.0,0.0,5942.7,89.4,280.0,2024-03-23 00:00:00
13/01/2025,PC-EQ-07	,24.0,0.0,5930.9,86.8,280.0,2025-01-14 00:00:00
16/02/2025, PC-EQ-02,24.0,0.0,7581.1,155.4,344.0,2025-02-17 00:00:00
29/05/2024,PC_EQ_10,24.0,0.0,8606.6,59.5,400.0,2024-05-30 00:00:00
12/01/2024,PCEQ04,5.5,18.5,1598.5,26.1,368.0,2024-01-13 00:00:00
20/08/2024,PC-EQ-10 ,24.0,0.0,8486.2,141.2,400.0,2024-08-21 00:00:00
13/10/2024,PC-EQ-09,24.0,0.0,4551.8,35.8,208.0,2024-10-14 00:00:00
17/04/2024,pc-eq-09,24.0,0.0,4229.4,51.5,208.0,2024-04-18 00:00:00
25/04/2024,PC-EQ-01,24.0,0.0,8609.1,146.3,416.0,2024-04-26 00:00:00
24/01/2025,PCEQ06,24.0,0.0,4992.5,41.3,240.0,2025-01-25 00:00:00
13/08/2024,PC-EQ-01 ,15.9,8.1,5799.9,125.8,416.0,2024-08-14 00:00:00
22/11/2024,pc-eq-03,24.0,0.0,6329.4,114.4,304.0,2024-11-23 00:00:00
12/10/2024,PC-EQ-10,24.0,0.0,8257.9,152.2,400.0,2024-10-13 00:00:00
22/11/2024,pc-eq-07,20.5,,4836.1,38.3,280.0,2024-11-23 00:00:00
18/04/2024,PC-EQ-10	,24.0,0.0,8713.0,0.0,400.0,2024-04-19 00:00:00
25/03/2024,pc-eq-09,24.0,0.0,4942.1,,208.0,2024-03-26 00:00:00
18/02/2025,PC-EQ-02,24.0,0.0,7704.1,85.5,344.0,2025-02-19 00:00:00
06/11/2024,PC-EQ-04,22.8,1.2,7413.8,148.3,368.0,2024-11-07 00:00:00
23/06/2024,PC-EQ-10 ,24.0,0.0,8987.4,247.0,400.0,2024-06-24 00:00:00
29/05/2024,PC-EQ-04	,24.0,0.0,8503.5,198.1,368.0,2024-05-30 00:00:00
26/01/2025,PC-EQ-01	,24.0,0.0,9023.0,224.6,416.0,2025-01-27 00:00:00
21/11/2024,PCEQ05,24.0,0.0,4903.6,85.3,240.0,2024-11-22 00:00:00
08/01/2024,PC-EQ-03,24.0,0.0,6955.1,161.4,304.0,2024-01-09 00:00:00
01/02/2025,PC-EQ-10 ,24.0,0.0,8576.9,60.6,400.0,2025-02-02 00:00:00
01/02/2025,PC-EQ-08 ,24.0,0.0,7138.4,96.6,320.0,2025-02-02 00:00:00
29/07/2024,PC-EQ-01	,21.6,2.4,8136.1,100.0,416.0,2024-07-30 00:00:00
22/03/2024, PC-EQ-03,13.9,10.1,3710.3,133.6,304.0,2024-03-23 00:00:00
14/10/2024,PCEQ05,24.0,0.0,4915.2,92.1,240.0,2024-10-15 00:00:00
02/02/2025,PC-EQ-08 ,24.0,0.0,6630.7,178.4,320.0,2025-02-03 00:00:00
02/01/2024,PC_EQ_01,24.0,0.0,8466.2,139.2,416.0,2024-01-03 00:00:00
02/06/2024,pc-eq-09,24.0,0.0,4576.1,90.4,208.0,2024-06-03 00:00:00
25/01/2025,pc-eq-03,24.0,0.0,6640.4,182.8,304.0,2025-01-26 00:00:00
07/12/2024,PC-EQ-04	,21.6,2.4,7163.7,13.6,368.0,2024-12-08 00:00:00
25/06/2024,pc-eq-05,24.0,0.0,5672.4,125.1,240.0,2024-06-26 00:00:00
16/11/2024,PC-EQ-03	,24.0,0.0,6197.4,168.9,304.0,2024-11-17 00:00:00
01/12/2024,PC-EQ-04	,24.0,0.0,7319.1,105.8,368.0,2024-12-02 00:00:00
30/05/2024,PC_EQ_07,24.0,0.0,5789.4,143.2,280.0,2024-05-31 00:00:00
07/01/2025,pc-eq-10,24.0,0.0,9504.0,177.2,400.0,2025-01-08 00:00:00
25/04/2024,pc-eq-06,14.0,10.0,2838.4,34.1,240.0,2024-04-26 00:00:00
09/05/2024,PC_EQ_02,24.0,0.0,6907.1,62.4,344.0,2024-05-10 00:00:00
27/12/2024,PC-EQ-06,21.1,2.9,4066.2,131.2,240.0,2024-12-26 00:00:00
31/01/2024,PC_EQ_05,24.0,0.0,5672.8,79.3,240.0,2024-02-01 00:00:00
17/12/2024,PC-EQ-01,24.0,0.0,9547.4,28.7,416.0,2024-12-18 00:00:00
09/01/2025,PC-EQ-03 ,24.0,0.0,6724.1,136.3,304.0,2025-01-10 00:00:00
21/02/2024,PC-EQ-10 ,15.3,8.7,5285.2,184.8,400.0,2024-02-22 00:00:00
22/01/2025, PC-EQ-08,16.4,7.6,4666.6,64.0,320.0,2025-01-23 00:00:00
19/06/2024, PC-EQ-05,24.0,0.0,5114.2,126.6,240.0,2024-06-20 00:00:00
16/02/2025,PC-EQ-09,24.0,0.0,4746.8,80.8,208.0,2025-02-17 00:00:00
09/12/2024,PCEQ06,24.0,0.0,5020.4,78.6,240.0,2024-12-10 00:00:00
02/06/2024,PC-EQ-02 ,24.0,0.0,7771.4,86.8,344.0,2024-06-03 00:00:00
22/05/2024,PC-EQ-08	,24.0,0.0,7435.0,179.6,320.0,2024-05-23 00:00:00
28/04/2024,pc-eq-05,19.9,4.1,4440.7,120.6,240.0,2024-04-29 00:00:00
04/01/2025,PC-EQ-03,24.0,0.0,6489.7,144.8,304.0,2025-01-05 00:00:00
23/01/2024,PC-EQ-01,24.0,0.0,8579.8,,416.0,2024-01-24 00:00:00
23/08/2024,PC-EQ-04	,24.0,0.0,6899.6,113.3,368.0,2024-08-21 00:00:00
11/07/2024,PC_EQ_01,24.0,0.0,9058.2,196.4,416.0,2024-07-12 00:00:00
15/05/2024,PC-EQ-10 ,14.6,9.4,5266.6,141.0,400.0,2024-05-16 00:00:00
02/02/2025,PC-EQ-06 ,24.0,0.0,4907.4,53.6,240.0,2025-02-03 00:00:00
07/01/2024,PC_EQ_09,24.0,0.0,4854.6,168.0,208.0,2024-01-08 00:00:00
22/08/2024,PCEQ07,24.0,0.0,5753.9,103.0,280.0,2024-08-23 00:00:00
25/02/2025,PCEQ06,19.5,4.5,4436.0,105.1,240.0,2025-02-26 00:00:00
18/11/2024,PC-EQ-04,18.3,5.7,6118.9,178.9,368.0,2024-11-19 00:00:00
26/11/2024,PC_EQ_10,24.0,0.0,8961.2,160.9,400.0,2024-11-27 00:00:00
30/10/2024,PC-EQ-10 ,24.0,0.0,9120.0,237.5,400.0,2024-10-31 00:00:00
19/03/2024,PC-EQ-03	,24.0,0.0,5999.6,154.4,304.0,2024-03-20 00:00:00
07/02/2024,PCEQ09,24.0,0.0,4818.3,80.2,208.0,2024-02-08 00:00:00
19/07/2024,PC-EQ-07,24.0,0.0,6635.9,96.4,280.0,2024-07-20 00:00:00
09/02/2024,PC-EQ-08,19.8,4.2,5755.8,86.4,320.0,2024-02-10 00:00:00
21/05/2024,PC-EQ-04	,11.5,12.5,3438.8,84.4,368.0,2024-05-19 00:00:00
07/02/2024,PCEQ02,24.0,0.0,7195.9,204.9,344.0,2024-02-08 00:00:00
15/11/2024,PC-EQ-09	,22.2,1.8,4161.7,73.7,208.0,2024-11-16 00:00:00
11/06/2024,pc-eq-08,20.5,3.5,5976.4,84.0,320.0,2024-06-12 00:00:00
31/12/2024,PC_EQ_10,24.0,0.0,9186.2,153.5,400.0,2025-01-01 00:00:00
24/01/2025, PC-EQ-08,24.0,0.0,6521.8,59.3,320.0,2025-01-25 00:00:00
18/10/2024,PCEQ08,23.0,1.0,6385.9,137.9,320.0,2024-10-19 00:00:00
05/10/2024,pc-eq-09,24.0,0.0,4536.8,131.5,208.0,2024-10-06 00:00:00
31/01/2025,PC-EQ-03	,24.0,0.0,6667.8,138.7,304.0,2025-02-01 00:00:00
13/02/2025,PC-EQ-09 ,24.0,0.0,4315.6,61.0,208.0,2025-02-14 00:00:00
17/01/2025, PC-EQ-04,24.0,0.0,7380.2,183.6,368.0,2025-01-18 00:00:00
22/01/2025,PCEQ10,24.0,0.0,8711.3,134.0,400.0,2025-01-23 00:00:00
29/01/2024,PC-EQ-05 ,24.0,0.0,5074.8,119.1,240.0,2024-01-30 00:00:00
14/03/2024,PCEQ07,24.0,0.0,6021.6,,280.0,2024-03-15 00:00:00
11/06/2024,pc-eq-08,20.5,3.5,5134.5,84.0,320.0,2024-06-11 00:00:00
11/08/2024, PC-EQ-06,4.0,20.0,906.1,15.6,240.0,2024-08-12 00:00:00
16/04/2024,PC-EQ-07 ,24.0,0.0,6305.7,166.9,280.0,2024-04-17 00:00:00
06/03/2024,pc-eq-08,24.0,0.0,6649.8,279.2,320.0,2024-03-07 00:00:00
06/01/2024,PC-EQ-06 ,21.7,2.3,4698.5,129.9,240.0,2024-01-07 00:00:00
05/01/2024,PC-EQ-06	,24.0,0.0,4829.7,85.2,240.0,2024-01-06 00:00:00
22/11/2024,PCEQ08,24.0,0.0,7259.5,177.1,320.0,2024-11-23 00:00:00
19/02/2025,PC-EQ-02	,24.0,,7582.4,55.8,344.0,2025-02-20 00:00:00
14/05/2024,PC-EQ-06,24.0,0.0,5504.7,134.1,240.0,2024-05-15 00:00:00
22/02/2024,PC-EQ-06,24.0,0.0,4896.8,83.8,240.0,2024-02-23 00:00:00
29/10/2024,PC_EQ_10,24.0,0.0,8480.5,225.6,400.0,2024-10-30 00:00:00
29/01/2025,PC-EQ-09	,15.1,8.9,2638.1,10.2,208.0,2025-01-30 00:00:00
26/05/2024, PC-EQ-10,24.0,0.0,9504.0,157.8,400.0,2024-05-27 00:00:00
06/09/2024,pc-eq-09,24.0,0.0,4556.1,65.3,208.0,2024-09-07 00:00:00
31/07/2024,PC-EQ-01 ,24.0,0.0,9129.1,196.1,416.0,2024-08-01 00:00:00
22/01/2025, PC-EQ-05,24.0,0.0,4711.0,163.1,240.0,2025-01-23 00:00:00
02/03/2024,PC_EQ_08,22.7,1.3,6881.5,183.4,320.0,2024-03-03 00:00:00
15/02/2025, PC-EQ-01,24.0,,8989.8,167.4,416.0,2025-02-16 00:00:00
17/01/2025,PC_EQ_03,24.0,0.0,6028.3,189.9,304.0,2025-01-18 00:00:00
10/02/2025,PC-EQ-10,22.4,1.6,8143.4,0.0,400.0,2025-02-11 00:00:00
03/02/2025,PCEQ06,24.0,0.0,5681.4,136.9,240.0,2025-02-04 00:00:00
06/08/2024,PC-EQ-10,24.0,0.0,8339.1,221.6,400.0,2024-08-07 00:00:00
16/01/2025,PC-EQ-10,24.0,0.0,8768.9,133.2,400.0,2025-01-17 00:00:00
13/11/2024,PC-EQ-02,24.0,0.0,6810.8,134.0,344.0,2024-11-14 00:00:00
14/07/2024,pc-eq-05,14.3,,3313.8,89.3,240.0,2024-07-15 00:00:00
29/03/2024,PC-EQ-10 ,24.0,0.0,8725.6,122.0,400.0,2024-03-30 00:00:00
05/08/2024,PC_EQ_02,24.0,0.0,7677.3,144.6,344.0,2024-08-06 00:00:00
08/05/2024,PC-EQ-01,24.0,0.0,8763.8,149.2,416.0,2024-05-09 00:00:00
14/05/2024,PC_EQ_09,24.0,0.0,4421.7,108.7,208.0,2024-05-15 00:00:00
15/07/2024,PC-EQ-02	,24.0,,7230.1,131.5,344.0,2024-07-16 00:00:00
04/07/2024,PCEQ04,24.0,0.0,8120.0,156.7,368.0,2024-07-05 00:00:00
06/01/2024,PC-EQ-07	,24.0,0.0,5179.9,104.1,280.0,2024-01-07 00:00:00
02/09/2024,PC_EQ_01,24.0,0.0,8990.9,107.3,416.0,2024-09-03 00:00:00
14/05/2024, PC-EQ-02,24.0,0.0,7374.7,45.2,344.0,2024-05-15 00:00:00
20/10/2024, PC-EQ-08,24.0,0.0,7026.0,45.2,320.0,2024-10-21 00:00:00
21/12/2024,PC-EQ-03	,24.0,0.0,6812.6,198.9,304.0,2024-12-22 00:00:00
05/01/2025, PC-EQ-06,24.0,0.0,4981.4,101.5,240.0,2025-01-06 00:00:00
24/10/2024,PCEQ10,11.3,12.7,4398.9,118.3,400.0,2024-10-25 00:00:00
15/05/2024,PC_EQ_04,24.0,0.0,7532.6,103.0,368.0,2024-05-16 00:00:00
02/08/2024,pc-eq-09,24.0,0.0,4525.5,167.1,208.0,2024-08-03 00:00:00
13/02/2025,PC-EQ-03 ,24.0,0.0,5879.5,110.7,304.0,2025-02-14 00:00:00
10/05/2024,PC-EQ-08	,24.0,0.0,6625.0,130.6,320.0,2024-05-11 00:00:00
17/11/2024,PC-EQ-10	,24.0,0.0,8613.5,185.6,400.0,2024-11-18 00:00:00
05/02/2025,PC_EQ_08,24.0,0.0,7196.1,139.0,320.0,2025-02-06 00:00:00
21/03/2024,PC-EQ-07 ,24.0,0.0,6177.5,129.5,280.0,2024-03-22 00:00:00
15/06/2024,PC_EQ_09,22.6,1.4,4024.2,85.4,208.0,2024-06-16 00:00:00
28/12/2024,PC_EQ_02,24.0,0.0,7860.0,144.0,344.0,2024-12-29 00:00:00
13/10/2024,PCEQ08,21.8,2.2,6157.8,90.2,320.0,2024-10-14 00:00:00
22/02/2024,PC_EQ_07,24.0,0.0,5048.0,109.9,280.0,2024-02-22 00:00:00
04/06/2024, PC-EQ-08,19.5,4.5,5231.4,24.5,320.0,2024-06-05 00:00:00
16/01/2024,PC-EQ-02,24.0,0.0,7134.7,132.0,344.0,2024-01-17 00:00:00
13/08/2024,PC-EQ-06	,24.0,0.0,5234.9,,240.0,2024-08-14 00:00:00
26/04/2024,PC_EQ_05,24.0,0.0,5002.4,132.1,240.0,2024-04-27 00:00:00
19/03/2024,PC_EQ_04,22.4,1.6,7440.9,148.3,368.0,2024-03-20 00:00:00
11/09/2024, PC-EQ-10,21.4,2.6,7340.9,66.4,400.0,2024-09-12 00:00:00
12/06/2024,pc-eq-07,24.0,0.0,6115.5,61.2,280.0,2024-06-13 00:00:00
27/02/2024, PC-EQ-02,24.0,0.0,7345.9,165.9,344.0,2024-02-28 00:00:00
06/11/2024, PC-EQ-05,24.0,0.0,5101.2,61.7,240.0,2024-11-07 00:00:00
07/07/2024,PC-EQ-02	,23.5,0.5,7124.4,204.6,344.0,2024-07-08 00:00:00
25/07/2024,PC-EQ-01 ,24.0,0.0,9260.3,208.2,416.0,2024-07-26 00:00:00
30/08/2024,PC-EQ-06 ,24.0,0.0,4834.1,122.7,240.0,2024-08-31 00:00:00
18/01/2025,PC-EQ-10	,24.0,,8858.9,187.4,400.0,2025-01-19 00:00:00
15/02/2025, PC-EQ-04,24.0,0.0,7670.1,160.4,368.0,2025-02-16 00:00:00
23/04/2024,PCEQ05,24.0,0.0,5174.7,86.5,240.0,2024-04-24 00:00:00
29/02/2024,PCEQ02,24.0,0.0,7317.1,207.5,344.0,2024-03-01 00:00:00
19/04/2024,PC-EQ-03 ,24.0,0.0,6083.6,193.4,304.0,2024-04-20 00:00:00
26/06/2024,PC-EQ-03 ,24.0,0.0,6672.5,109.2,304.0,2024-06-27 00:00:00
01/06/2024,PCEQ05,24.0,0.0,4465.1,149.7,240.0,2024-06-02 00:00:00
01/11/2024, PC-EQ-07,24.0,0.0,5759.2,82.3,280.0,2024-11-02 00:00:00
31/07/2024,PC-EQ-09,24.0,0.0,3998.0,61.0,208.0,2024-08-01 00:00:00
26/08/2024,pc-eq-10,24.0,0.0,9230.0,182.1,400.0,2024-08-27 00:00:00
18/05/2024,PC-EQ-07	,24.0,0.0,5922.0,116.8,280.0,2024-05-19 00:00:00
26/07/2024,PC-EQ-06 ,24.0,0.0,5061.3,138.4,240.0,2024-07-27 00:00:00
10/01/2024,PC-EQ-07 ,24.0,0.0,5338.0,97.0,280.0,2024-01-11 00:00:00
03/07/2024,PC-EQ-04 ,18.1,5.9,6594.2,182.0,368.0,2024-07-04 00:00:00
06/03/2024,PC-EQ-02	,24.0,0.0,7761.9,133.5,344.0,2024-03-07 00:00:00
14/11/2024,PC-EQ-07	,24.0,0.0,5618.9,39.3,280.0,2024-11-12 00:00:00
11/10/2024,pc-eq-09,24.0,0.0,4248.6,130.1,208.0,2024-10-12 00:00:00
25/02/2024,PC-EQ-09	,24.0,0.0,4637.8,144.7,208.0,2024-02-26 00:00:00
28/09/2024,PC-EQ-02	,24.0,0.0,7133.0,246.1,344.0,2024-09-29 00:00:00
28/08/2024, PC-EQ-05,13.3,10.7,3051.6,96.8,240.0,2024-08-29 00:00:00
14/08/2024,PC_EQ_05,24.0,0.0,5456.1,194.3,240.0,2024-08-15 00:00:00
06/05/2024,PC-EQ-04,24.0,0.0,8130.5,154.7,368.0,2024-05-07 00:00:00
22/01/2025,PC-EQ-04	,24.0,0.0,7392.4,65.2,368.0,2025-01-23 00:00:00
20/12/2024,PC-EQ-02 ,24.0,0.0,7221.2,112.4,344.0,2024-12-21 00:00:00
29/06/2024,PC-EQ-06	,24.0,0.0,5149.0,20.8,240.0,2024-06-30 00:00:00
24/12/2024,PC-EQ-05,24.0,0.0,5479.0,116.4,240.0,2024-12-25 00:00:00
04/02/2024,pc-eq-03,22.6,1.4,5532.5,196.3,304.0,2024-02-02 00:00:00
20/12/2024,pc-eq-06,24.0,0.0,4889.3,28.1,240.0,2024-12-21 00:00:00
19/02/2024,PC-EQ-09,24.0,0.0,4526.9,87.2,208.0,2024-02-20 00:00:00
24/11/2024,PC_EQ_07,24.0,0.0,6288.9,79.2,280.0,2024-11-25 00:00:00
05/01/2024,pc-eq-08,20.7,3.3,5502.5,260.4,320.0,2024-01-06 00:00:00
12/10/2024,pc-eq-07,24.0,0.0,5866.1,29.2,280.0,2024-10-13 00:00:00
21/06/2024,PCEQ01,18.4,5.6,7129.5,170.6,416.0,2024-06-22 00:00:00
16/06/2024,PC_EQ_01,23.0,1.0,8572.2,169.2,416.0,2024-06-17 00:00:00
26/04/2024,PCEQ09,24.0,0.0,4599.5,82.8,208.0,2024-04-27 00:00:00
18/03/2024,PC-EQ-03	,24.0,0.0,6656.1,73.2,304.0,2024-03-19 00:00:00
12/02/2024, PC-EQ-04,16.7,7.3,5773.5,106.5,368.0,2024-02-13 00:00:00
07/06/2024, PC-EQ-06,24.0,0.0,5013.5,140.2,240.0,2024-06-08 00:00:00
31/10/2024,PC-EQ-05	,24.0,0.0,4975.5,107.3,240.0,2024-11-01 00:00:00
28/09/2024,PC-EQ-09 ,22.1,1.9,3941.6,89.5,208.0,2024-09-29 00:00:00
01/07/2024,PC-EQ-02	,15.1,8.9,4708.4,103.2,344.0,2024-07-02 00:00:00
